query_id,precision@1,recall@1,max_precision@1,max_recall@1,hits@1,mrr@1,ap@1,precision@5,recall@5,max_precision@5,max_recall@5,hits@5,mrr@5,ap@5,precision@10,recall@10,max_precision@10,max_recall@10,hits@10,mrr@10,ap@10,precision@15,recall@15,max_precision@15,max_recall@15,hits@15,mrr@15,ap@15,precision@20,recall@20,max_precision@20,max_recall@20,hits@20,mrr@20,ap@20,precision@25,recall@25,max_precision@25,max_recall@25,hits@25,mrr@25,ap@25,precision@30,recall@30,max_precision@30,max_recall@30,hits@30,mrr@30,ap@30,precision@35,recall@35,max_precision@35,max_recall@35,hits@35,mrr@35,ap@35,precision@40,recall@40,max_precision@40,max_recall@40,hits@40,mrr@40,ap@40,precision@45,recall@45,max_precision@45,max_recall@45,hits@45,mrr@45,ap@45,precision@50,recall@50,max_precision@50,max_recall@50,hits@50,mrr@50,ap@50,view,view_idx,ckpt_name
cwurData.pq::country,1.0,0.03333333333333333,1.0,0.03333333333333333,1.0,1.0,0.03333333333333333,0.8,0.13333333333333333,1.0,0.16666666666666666,1.0,1.0,0.12666666666666665,0.8,0.26666666666666666,1.0,0.3333333333333333,1.0,1.0,0.2356084656084656,0.8,0.4,1.0,0.5,1.0,1.0,0.3474355274355274,0.85,0.5666666666666667,1.0,0.6666666666666666,1.0,1.0,0.4861511277107252,0.8,0.6666666666666666,1.0,0.8333333333333334,1.0,1.0,0.5701771017366993,0.7,0.7,1.0,1.0,1.0,1.0,0.5961030276626252,0.6285714285714286,0.7333333333333333,0.8571428571428571,1.0,1.0,1.0,0.6190196943292919,0.575,0.7666666666666667,0.75,1.0,1.0,1.0,0.6403159906255882,0.5111111111111111,0.7666666666666667,0.6666666666666666,1.0,1.0,1.0,0.6403159906255882,0.46,0.7666666666666667,0.6,1.0,1.0,1.0,0.6403159906255882,distilroberta-dj_adpt,0,webtable-cl_optim-v=12-distilroberta-dj_adpt~qwen3_8b-dj_adpt
countries_and_continents.pq::ISO4217-currency_country_name,1.0,0.037037037037037035,1.0,0.037037037037037035,1.0,1.0,0.037037037037037035,0.8,0.14814814814814814,1.0,0.18518518518518517,1.0,1.0,0.11913580246913581,0.5,0.18518518518518517,1.0,0.37037037037037035,1.0,1.0,0.15,0.5333333333333333,0.2962962962962963,1.0,0.5555555555555556,1.0,1.0,0.2129709796376463,0.5,0.37037037037037035,1.0,0.7407407407407407,1.0,1.0,0.25232283148949813,0.56,0.5185185185185185,1.0,0.9259259259259259,1.0,1.0,0.33446412015252597,0.4666666666666667,0.5185185185185185,0.9,1.0,1.0,1.0,0.33446412015252597,0.4,0.5185185185185185,0.7714285714285715,1.0,1.0,1.0,0.33446412015252597,0.35,0.5185185185185185,0.675,1.0,1.0,1.0,0.33446412015252597,0.3111111111111111,0.5185185185185185,0.6,1.0,1.0,1.0,0.33446412015252597,0.28,0.5185185185185185,0.54,1.0,1.0,1.0,0.33446412015252597,distilroberta-dj_adpt,0,webtable-cl_optim-v=12-distilroberta-dj_adpt~qwen3_8b-dj_adpt
pte_imine.pq::Arg0,1.0,0.03125,1.0,0.03125,1.0,1.0,0.03125,1.0,0.15625,1.0,0.15625,1.0,1.0,0.15625,0.9,0.28125,1.0,0.3125,1.0,1.0,0.2746527777777778,0.8,0.375,1.0,0.46875,1.0,1.0,0.35024801587301585,0.8,0.5,1.0,0.625,1.0,1.0,0.4537313911310138,0.64,0.5,1.0,0.78125,1.0,1.0,0.4537313911310138,0.5666666666666667,0.53125,1.0,0.9375,1.0,1.0,0.4727046054167281,0.5142857142857142,0.5625,0.9142857142857143,1.0,1.0,1.0,0.4892487230637869,0.525,0.65625,0.8,1.0,1.0,1.0,0.5377279113867253,0.4888888888888889,0.6875,0.7111111111111111,1.0,1.0,1.0,0.5540969590057728,0.44,0.6875,0.64,1.0,1.0,1.0,0.5540969590057728,distilroberta-dj_adpt,0,webtable-cl_optim-v=12-distilroberta-dj_adpt~qwen3_8b-dj_adpt
countries_and_continents.pq::official_name_en,1.0,0.037037037037037035,1.0,0.037037037037037035,1.0,1.0,0.037037037037037035,1.0,0.18518518518518517,1.0,0.18518518518518517,1.0,1.0,0.18518518518518517,0.8,0.2962962962962963,1.0,0.37037037037037035,1.0,1.0,0.29218106995884774,0.8,0.4444444444444444,1.0,0.5555555555555556,1.0,1.0,0.41643336087780536,0.75,0.5555555555555556,1.0,0.7407407407407407,1.0,1.0,0.5045723039144092,0.68,0.6296296296296297,1.0,0.9259259259259259,1.0,1.0,0.5577428987516707,0.5666666666666667,0.6296296296296297,0.9,1.0,1.0,1.0,0.5577428987516707,0.5142857142857142,0.6666666666666666,0.7714285714285715,1.0,1.0,1.0,0.5773507418889255,0.5,0.7407407407407407,0.675,1.0,1.0,1.0,0.6169180870118263,0.4666666666666667,0.7777777777777778,0.6,1.0,1.0,1.0,0.6354366055303449,0.42,0.7777777777777778,0.54,1.0,1.0,1.0,0.6354366055303449,distilroberta-dj_adpt,0,webtable-cl_optim-v=12-distilroberta-dj_adpt~qwen3_8b-dj_adpt
world_country.pq::Name,1.0,0.034482758620689655,1.0,0.034482758620689655,1.0,1.0,0.034482758620689655,1.0,0.1724137931034483,1.0,0.1724137931034483,1.0,1.0,0.1724137931034483,0.9,0.3103448275862069,1.0,0.3448275862068966,1.0,1.0,0.3030651340996169,0.8,0.41379310344827586,1.0,0.5172413793103449,1.0,1.0,0.389092899437727,0.7,0.4827586206896552,1.0,0.6896551724137931,1.0,1.0,0.43959999882920775,0.64,0.5517241379310345,1.0,0.8620689655172413,1.0,1.0,0.4870989766130431,0.5666666666666667,0.5862068965517241,0.9666666666666667,1.0,1.0,1.0,0.5080349372041761,0.5428571428571428,0.6551724137931034,0.8285714285714286,1.0,1.0,1.0,0.5461507007509742,0.5,0.6896551724137931,0.725,1.0,1.0,1.0,0.5633920800613189,0.4666666666666667,0.7241379310344828,0.6444444444444445,1.0,1.0,1.0,0.5794840340843075,0.42,0.7241379310344828,0.58,1.0,1.0,1.0,0.5794840340843075,distilroberta-dj_adpt,0,webtable-cl_optim-v=12-distilroberta-dj_adpt~qwen3_8b-dj_adpt
pte_nitro.pq::Arg0,1.0,0.03125,1.0,0.03125,1.0,1.0,0.03125,1.0,0.15625,1.0,0.15625,1.0,1.0,0.15625,1.0,0.3125,1.0,0.3125,1.0,1.0,0.3125,1.0,0.46875,1.0,0.46875,1.0,1.0,0.46875,0.9,0.5625,1.0,0.625,1.0,1.0,0.5625,0.8,0.625,1.0,0.78125,1.0,1.0,0.6143568840579711,0.8,0.75,1.0,0.9375,1.0,1.0,0.7157298744934615,0.7142857142857143,0.78125,0.9142857142857143,1.0,1.0,1.0,0.7409314873966872,0.675,0.84375,0.8,1.0,1.0,1.0,0.7839846968561467,0.6444444444444445,0.90625,0.7111111111111111,1.0,1.0,1.0,0.824472422954338,0.6,0.9375,0.64,1.0,1.0,1.0,0.844003672954338,distilroberta-dj_adpt,0,webtable-cl_optim-v=12-distilroberta-dj_adpt~qwen3_8b-dj_adpt
pte_sulfide.pq::Arg0,1.0,0.03125,1.0,0.03125,1.0,1.0,0.03125,1.0,0.15625,1.0,0.15625,1.0,1.0,0.15625,1.0,0.3125,1.0,0.3125,1.0,1.0,0.3125,1.0,0.46875,1.0,0.46875,1.0,1.0,0.46875,0.9,0.5625,1.0,0.625,1.0,1.0,0.5526133040935672,0.88,0.6875,1.0,0.78125,1.0,1.0,0.662904776660855,0.8333333333333334,0.78125,1.0,0.9375,1.0,1.0,0.7433763883824668,0.7428571428571429,0.8125,0.9142857142857143,1.0,1.0,1.0,0.7672734472059962,0.7,0.875,0.8,1.0,1.0,1.0,0.8131468446418936,0.6666666666666666,0.9375,0.7111111111111111,1.0,1.0,1.0,0.8560838365118123,0.6,0.9375,0.64,1.0,1.0,1.0,0.8560838365118123,distilroberta-dj_adpt,0,webtable-cl_optim-v=12-distilroberta-dj_adpt~qwen3_8b-dj_adpt
pte_non_ar_hetero_6_ring.pq::Arg0,1.0,0.03125,1.0,0.03125,1.0,1.0,0.03125,1.0,0.15625,1.0,0.15625,1.0,1.0,0.15625,1.0,0.3125,1.0,0.3125,1.0,1.0,0.3125,0.9333333333333333,0.4375,1.0,0.46875,1.0,1.0,0.4375,0.85,0.53125,1.0,0.625,1.0,1.0,0.520811833505332,0.8,0.625,1.0,0.78125,1.0,1.0,0.5984127651823505,0.7333333333333333,0.6875,1.0,0.9375,1.0,1.0,0.6465698164644018,0.7142857142857143,0.78125,0.9142857142857143,1.0,1.0,1.0,0.7148040016340709,0.65,0.8125,0.8,1.0,1.0,1.0,0.7351165016340709,0.5777777777777777,0.8125,0.7111111111111111,1.0,1.0,1.0,0.7351165016340709,0.56,0.875,0.64,1.0,1.0,1.0,0.771297795960312,distilroberta-dj_adpt,0,webtable-cl_optim-v=12-distilroberta-dj_adpt~qwen3_8b-dj_adpt
Word_University_Rank_2020.pq::Country,1.0,0.03333333333333333,1.0,0.03333333333333333,1.0,1.0,0.03333333333333333,1.0,0.16666666666666666,1.0,0.16666666666666666,1.0,1.0,0.16666666666666666,0.9,0.3,1.0,0.3333333333333333,1.0,1.0,0.28403439153439153,0.8666666666666667,0.43333333333333335,1.0,0.5,1.0,1.0,0.4000028675028675,0.8,0.5333333333333333,1.0,0.6666666666666666,1.0,1.0,0.48330180111139864,0.8,0.6666666666666666,1.0,0.8333333333333334,1.0,1.0,0.5894284401728204,0.7333333333333333,0.7333333333333333,1.0,1.0,1.0,1.0,0.6435120109230577,0.6571428571428571,0.7666666666666667,0.8571428571428571,1.0,1.0,1.0,0.6660610305309009,0.575,0.7666666666666667,0.75,1.0,1.0,1.0,0.6660610305309009,0.5333333333333333,0.8,0.6666666666666666,1.0,1.0,1.0,0.6855732256528521,0.48,0.8,0.6,1.0,1.0,1.0,0.6855732256528521,distilroberta-dj_adpt,0,webtable-cl_optim-v=12-distilroberta-dj_adpt~qwen3_8b-dj_adpt
gender_development.pq::Country,1.0,0.03333333333333333,1.0,0.03333333333333333,1.0,1.0,0.03333333333333333,1.0,0.16666666666666666,1.0,0.16666666666666666,1.0,1.0,0.16666666666666666,1.0,0.3333333333333333,1.0,0.3333333333333333,1.0,1.0,0.3333333333333333,1.0,0.5,1.0,0.5,1.0,1.0,0.5,0.9,0.6,1.0,0.6666666666666666,1.0,1.0,0.5944329778695104,0.8,0.6666666666666666,1.0,0.8333333333333334,1.0,1.0,0.6509986344351669,0.7333333333333333,0.7333333333333333,1.0,1.0,1.0,1.0,0.703115036551569,0.6285714285714286,0.7333333333333333,0.8571428571428571,1.0,1.0,1.0,0.703115036551569,0.55,0.7333333333333333,0.75,1.0,1.0,1.0,0.703115036551569,0.5333333333333333,0.8,0.6666666666666666,1.0,1.0,1.0,0.7383170567535893,0.48,0.8,0.6,1.0,1.0,1.0,0.7383170567535893,distilroberta-dj_adpt,0,webtable-cl_optim-v=12-distilroberta-dj_adpt~qwen3_8b-dj_adpt
pte_testactive_Neg.pq::Arg0,1.0,0.03125,1.0,0.03125,1.0,1.0,0.03125,1.0,0.15625,1.0,0.15625,1.0,1.0,0.15625,1.0,0.3125,1.0,0.3125,1.0,1.0,0.3125,0.8666666666666667,0.40625,1.0,0.46875,1.0,1.0,0.40625,0.8,0.5,1.0,0.625,1.0,1.0,0.48463541666666665,0.76,0.59375,1.0,0.78125,1.0,1.0,0.555970643939394,0.6666666666666666,0.625,1.0,0.9375,1.0,1.0,0.5775223680773249,0.6571428571428571,0.71875,0.9142857142857143,1.0,1.0,1.0,0.6393992281963726,0.65,0.8125,0.8,1.0,1.0,1.0,0.7027290053419392,0.6,0.84375,0.7111111111111111,1.0,1.0,1.0,0.7214790053419392,0.58,0.90625,0.64,1.0,1.0,1.0,0.758221026618535,distilroberta-dj_adpt,0,webtable-cl_optim-v=12-distilroberta-dj_adpt~qwen3_8b-dj_adpt
edu.pq::country,0.0,0.0,1.0,0.03333333333333333,0.0,0.0,0.0,0.2,0.03333333333333333,1.0,0.16666666666666666,1.0,0.2,0.006666666666666667,0.4,0.13333333333333333,1.0,0.3333333333333333,1.0,0.2,0.042222222222222223,0.4,0.2,1.0,0.5,1.0,0.2,0.06932844932844934,0.3,0.2,1.0,0.6666666666666666,1.0,0.2,0.06932844932844934,0.28,0.23333333333333334,1.0,0.8333333333333334,1.0,0.2,0.07993450993450993,0.26666666666666666,0.26666666666666666,1.0,1.0,1.0,0.2,0.08945831945831945,0.2857142857142857,0.3333333333333333,0.8571428571428571,1.0,1.0,0.2,0.108353150117856,0.3,0.4,0.75,1.0,1.0,0.2,0.1282630600277659,0.28888888888888886,0.43333333333333335,0.6666666666666666,1.0,1.0,0.2,0.13789268965739554,0.28,0.4666666666666667,0.6,1.0,1.0,0.2,0.14722602299072887,distilroberta-dj_adpt,0,webtable-cl_optim-v=12-distilroberta-dj_adpt~qwen3_8b-dj_adpt
AdventureWorks2014_CountryRegion.pq::Name,1.0,0.03333333333333333,1.0,0.03333333333333333,1.0,1.0,0.03333333333333333,1.0,0.16666666666666666,1.0,0.16666666666666666,1.0,1.0,0.16666666666666666,0.9,0.3,1.0,0.3333333333333333,1.0,1.0,0.2966666666666667,0.8,0.4,1.0,0.5,1.0,1.0,0.3860966810966811,0.75,0.5,1.0,0.6666666666666666,1.0,1.0,0.4669467842958555,0.64,0.5333333333333333,1.0,0.8333333333333334,1.0,1.0,0.4901351900929569,0.6,0.6,1.0,1.0,1.0,1.0,0.5296754199780145,0.5428571428571428,0.6333333333333333,0.8571428571428571,1.0,1.0,1.0,0.5488673391699337,0.5,0.6666666666666666,0.75,1.0,1.0,1.0,0.5664111988190564,0.4444444444444444,0.6666666666666666,0.6666666666666666,1.0,1.0,1.0,0.5664111988190564,0.44,0.7333333333333333,0.6,1.0,1.0,1.0,0.5965945765179621,distilroberta-dj_adpt,0,webtable-cl_optim-v=12-distilroberta-dj_adpt~qwen3_8b-dj_adpt
pte_methoxy.pq::Arg0,1.0,0.03125,1.0,0.03125,1.0,1.0,0.03125,1.0,0.15625,1.0,0.15625,1.0,1.0,0.15625,1.0,0.3125,1.0,0.3125,1.0,1.0,0.3125,1.0,0.46875,1.0,0.46875,1.0,1.0,0.46875,0.85,0.53125,1.0,0.625,1.0,1.0,0.53125,0.84,0.65625,1.0,0.78125,1.0,1.0,0.6373160173160173,0.8,0.75,1.0,0.9375,1.0,1.0,0.7143106921016403,0.7428571428571429,0.8125,0.9142857142857143,1.0,1.0,1.0,0.7626218134251698,0.675,0.84375,0.8,1.0,1.0,1.0,0.7854258674792238,0.6444444444444445,0.90625,0.7111111111111111,1.0,1.0,1.0,0.8273639218029489,0.6,0.9375,0.64,1.0,1.0,1.0,0.8473107303135872,distilroberta-dj_adpt,0,webtable-cl_optim-v=12-distilroberta-dj_adpt~qwen3_8b-dj_adpt
world-cities.pq::country,1.0,0.03333333333333333,1.0,0.03333333333333333,1.0,1.0,0.03333333333333333,1.0,0.16666666666666666,1.0,0.16666666666666666,1.0,1.0,0.16666666666666666,1.0,0.3333333333333333,1.0,0.3333333333333333,1.0,1.0,0.3333333333333333,1.0,0.5,1.0,0.5,1.0,1.0,0.5,0.85,0.5666666666666667,1.0,0.6666666666666666,1.0,1.0,0.5628540305010893,0.84,0.7,1.0,0.8333333333333334,1.0,1.0,0.6734407674356523,0.7333333333333333,0.7333333333333333,1.0,1.0,1.0,1.0,0.7006012612628129,0.6285714285714286,0.7333333333333333,0.8571428571428571,1.0,1.0,1.0,0.7006012612628129,0.575,0.7666666666666667,0.75,1.0,1.0,1.0,0.7202593809209326,0.5111111111111111,0.7666666666666667,0.6666666666666666,1.0,1.0,1.0,0.7202593809209326,0.46,0.7666666666666667,0.6,1.0,1.0,1.0,0.7202593809209326,distilroberta-dj_adpt,0,webtable-cl_optim-v=12-distilroberta-dj_adpt~qwen3_8b-dj_adpt
movies.pq::country,1.0,0.03333333333333333,1.0,0.03333333333333333,1.0,1.0,0.03333333333333333,0.6,0.1,1.0,0.16666666666666666,1.0,1.0,0.1,0.8,0.26666666666666666,1.0,0.3333333333333333,1.0,1.0,0.22362433862433864,0.8666666666666667,0.43333333333333335,1.0,0.5,1.0,1.0,0.36434028934028934,0.8,0.5333333333333333,1.0,0.6666666666666666,1.0,1.0,0.4462357141768907,0.76,0.6333333333333333,1.0,0.8333333333333334,1.0,1.0,0.5235531744943509,0.7,0.7,1.0,1.0,1.0,1.0,0.57252753346871,0.6571428571428571,0.7666666666666667,0.8571428571428571,1.0,1.0,1.0,0.6166545175956941,0.575,0.7666666666666667,0.75,1.0,1.0,1.0,0.6166545175956941,0.5111111111111111,0.7666666666666667,0.6666666666666666,1.0,1.0,1.0,0.6166545175956941,0.46,0.7666666666666667,0.6,1.0,1.0,1.0,0.6166545175956941,distilroberta-dj_adpt,0,webtable-cl_optim-v=12-distilroberta-dj_adpt~qwen3_8b-dj_adpt
countries_data.pq::CountryName,1.0,0.03333333333333333,1.0,0.03333333333333333,1.0,1.0,0.03333333333333333,1.0,0.16666666666666666,1.0,0.16666666666666666,1.0,1.0,0.16666666666666666,0.8,0.26666666666666666,1.0,0.3333333333333333,1.0,1.0,0.24783068783068785,0.8666666666666667,0.43333333333333335,1.0,0.5,1.0,1.0,0.38854663854663857,0.85,0.5666666666666667,1.0,0.6666666666666666,1.0,1.0,0.5001789054885031,0.76,0.6333333333333333,1.0,0.8333333333333334,1.0,1.0,0.5538405216501192,0.6333333333333333,0.6333333333333333,1.0,1.0,1.0,1.0,0.5538405216501192,0.5714285714285714,0.6666666666666666,0.8571428571428571,1.0,1.0,1.0,0.5753458979942052,0.5,0.6666666666666666,0.75,1.0,1.0,1.0,0.5753458979942052,0.4888888888888889,0.7333333333333333,0.6666666666666666,1.0,1.0,1.0,0.6083088609571682,0.44,0.7333333333333333,0.6,1.0,1.0,1.0,0.6083088609571682,distilroberta-dj_adpt,0,webtable-cl_optim-v=12-distilroberta-dj_adpt~qwen3_8b-dj_adpt
pte_alcohol.pq::Arg0,1.0,0.03125,1.0,0.03125,1.0,1.0,0.03125,0.6,0.09375,1.0,0.15625,1.0,1.0,0.09375,0.6,0.1875,1.0,0.3125,1.0,1.0,0.16034226190476192,0.4666666666666667,0.21875,1.0,0.46875,1.0,1.0,0.177169184981685,0.4,0.25,1.0,0.625,1.0,1.0,0.19105807387057386,0.36,0.28125,1.0,0.78125,1.0,1.0,0.204450931013431,0.3333333333333333,0.3125,1.0,0.9375,1.0,1.0,0.21561164529914528,0.34285714285714286,0.375,0.9142857142857143,1.0,1.0,1.0,0.23841910497656466,0.325,0.40625,0.8,1.0,1.0,1.0,0.24970382719878687,0.3333333333333333,0.46875,0.7111111111111111,1.0,1.0,1.0,0.27127572169680164,0.38,0.59375,0.64,1.0,1.0,1.0,0.31633631973921006,distilroberta-dj_adpt,0,webtable-cl_optim-v=12-distilroberta-dj_adpt~qwen3_8b-dj_adpt
pte_phenol.pq::Arg0,1.0,0.03125,1.0,0.03125,1.0,1.0,0.03125,1.0,0.15625,1.0,0.15625,1.0,1.0,0.15625,1.0,0.3125,1.0,0.3125,1.0,1.0,0.3125,1.0,0.46875,1.0,0.46875,1.0,1.0,0.46875,0.9,0.5625,1.0,0.625,1.0,1.0,0.559375,0.84,0.65625,1.0,0.78125,1.0,1.0,0.6421664725672878,0.8,0.75,1.0,0.9375,1.0,1.0,0.7210912195954831,0.7428571428571429,0.8125,0.9142857142857143,1.0,1.0,1.0,0.7686625208432549,0.675,0.84375,0.8,1.0,1.0,1.0,0.7902971362278703,0.6222222222222222,0.875,0.7111111111111111,1.0,1.0,1.0,0.8111304695612036,0.56,0.875,0.64,1.0,1.0,1.0,0.8111304695612036,distilroberta-dj_adpt,0,webtable-cl_optim-v=12-distilroberta-dj_adpt~qwen3_8b-dj_adpt
pte_ester.pq::Arg0,1.0,0.03125,1.0,0.03125,1.0,1.0,0.03125,1.0,0.15625,1.0,0.15625,1.0,1.0,0.15625,1.0,0.3125,1.0,0.3125,1.0,1.0,0.3125,0.9333333333333333,0.4375,1.0,0.46875,1.0,1.0,0.4354166666666667,0.95,0.59375,1.0,0.625,1.0,1.0,0.5829319584193327,0.88,0.6875,1.0,0.78125,1.0,1.0,0.6687264718768896,0.8333333333333334,0.78125,1.0,0.9375,1.0,1.0,0.7462998503662164,0.7428571428571429,0.8125,0.9142857142857143,1.0,1.0,1.0,0.7725095277855711,0.7,0.875,0.8,1.0,1.0,1.0,0.8183398976290989,0.6444444444444445,0.90625,0.7111111111111111,1.0,1.0,1.0,0.8394154790244478,0.58,0.90625,0.64,1.0,1.0,1.0,0.8394154790244478,distilroberta-dj_adpt,0,webtable-cl_optim-v=12-distilroberta-dj_adpt~qwen3_8b-dj_adpt
pte_non_ar_hetero_5_ring.pq::Arg0,1.0,0.03125,1.0,0.03125,1.0,1.0,0.03125,1.0,0.15625,1.0,0.15625,1.0,1.0,0.15625,1.0,0.3125,1.0,0.3125,1.0,1.0,0.3125,1.0,0.46875,1.0,0.46875,1.0,1.0,0.46875,0.9,0.5625,1.0,0.625,1.0,1.0,0.559375,0.92,0.71875,1.0,0.78125,1.0,1.0,0.701986342461886,0.8333333333333334,0.78125,1.0,0.9375,1.0,1.0,0.7597676814932249,0.7428571428571429,0.8125,0.9142857142857143,1.0,1.0,1.0,0.7851583064932249,0.725,0.90625,0.8,1.0,1.0,1.0,0.8554816346290531,0.6666666666666666,0.9375,0.7111111111111111,1.0,1.0,1.0,0.8778030632004816,0.6,0.9375,0.64,1.0,1.0,1.0,0.8778030632004816,distilroberta-dj_adpt,0,webtable-cl_optim-v=12-distilroberta-dj_adpt~qwen3_8b-dj_adpt
population_by_country_2020.pq::CountryDependency,1.0,0.03333333333333333,1.0,0.03333333333333333,1.0,1.0,0.03333333333333333,1.0,0.16666666666666666,1.0,0.16666666666666666,1.0,1.0,0.16666666666666666,1.0,0.3333333333333333,1.0,0.3333333333333333,1.0,1.0,0.3333333333333333,0.9333333333333333,0.4666666666666667,1.0,0.5,1.0,1.0,0.46444444444444444,0.9,0.6,1.0,0.6666666666666666,1.0,1.0,0.5868915548675611,0.8,0.6666666666666666,1.0,0.8333333333333334,1.0,1.0,0.6399471104231167,0.6666666666666666,0.6666666666666666,1.0,1.0,1.0,1.0,0.6399471104231167,0.6,0.7,0.8571428571428571,1.0,1.0,1.0,0.6618221104231167,0.55,0.7333333333333333,0.75,1.0,1.0,1.0,0.682192480793487,0.5111111111111111,0.7666666666666667,0.6666666666666666,1.0,1.0,1.0,0.699229517830524,0.46,0.7666666666666667,0.6,1.0,1.0,1.0,0.699229517830524,distilroberta-dj_adpt,0,webtable-cl_optim-v=12-distilroberta-dj_adpt~qwen3_8b-dj_adpt
pte_non_ar_5c_ring.pq::Arg0,1.0,0.03125,1.0,0.03125,1.0,1.0,0.03125,1.0,0.15625,1.0,0.15625,1.0,1.0,0.15625,1.0,0.3125,1.0,0.3125,1.0,1.0,0.3125,1.0,0.46875,1.0,0.46875,1.0,1.0,0.46875,0.8,0.5,1.0,0.625,1.0,1.0,0.49816176470588236,0.72,0.5625,1.0,0.78125,1.0,1.0,0.5459593837535014,0.6,0.5625,1.0,0.9375,1.0,1.0,0.5459593837535014,0.5142857142857142,0.5625,0.9142857142857143,1.0,1.0,1.0,0.5459593837535014,0.5,0.625,0.8,1.0,1.0,1.0,0.5772093837535014,0.4666666666666667,0.65625,0.7111111111111111,1.0,1.0,1.0,0.5917927170868348,0.46,0.71875,0.64,1.0,1.0,1.0,0.6213943349946361,distilroberta-dj_adpt,0,webtable-cl_optim-v=12-distilroberta-dj_adpt~qwen3_8b-dj_adpt
fifa_ranking.pq::country_full,1.0,0.03333333333333333,1.0,0.03333333333333333,1.0,1.0,0.03333333333333333,1.0,0.16666666666666666,1.0,0.16666666666666666,1.0,1.0,0.16666666666666666,1.0,0.3333333333333333,1.0,0.3333333333333333,1.0,1.0,0.3333333333333333,1.0,0.5,1.0,0.5,1.0,1.0,0.5,0.95,0.6333333333333333,1.0,0.6666666666666666,1.0,1.0,0.6333333333333333,0.84,0.7,1.0,0.8333333333333334,1.0,1.0,0.6968975468975469,0.7333333333333333,0.7333333333333333,1.0,1.0,1.0,1.0,0.7240580407247074,0.6285714285714286,0.7333333333333333,0.8571428571428571,1.0,1.0,1.0,0.7240580407247074,0.55,0.7333333333333333,0.75,1.0,1.0,1.0,0.7240580407247074,0.4888888888888889,0.7333333333333333,0.6666666666666666,1.0,1.0,1.0,0.7240580407247074,0.44,0.7333333333333333,0.6,1.0,1.0,1.0,0.7240580407247074,distilroberta-dj_adpt,0,webtable-cl_optim-v=12-distilroberta-dj_adpt~qwen3_8b-dj_adpt
countries_of_the_world.pq::Country,1.0,0.03333333333333333,1.0,0.03333333333333333,1.0,1.0,0.03333333333333333,0.8,0.13333333333333333,1.0,0.16666666666666666,1.0,1.0,0.12666666666666665,0.9,0.3,1.0,0.3333333333333333,1.0,1.0,0.27181216931216934,0.8,0.4,1.0,0.5,1.0,1.0,0.36124218374218375,0.7,0.4666666666666667,1.0,0.6666666666666666,1.0,1.0,0.40864959114959115,0.64,0.5333333333333333,1.0,0.8333333333333334,1.0,1.0,0.45564752075621645,0.6666666666666666,0.6666666666666666,1.0,1.0,1.0,1.0,0.5452721681394845,0.6571428571428571,0.7666666666666667,0.8571428571428571,1.0,1.0,1.0,0.6113262026565172,0.575,0.7666666666666667,0.75,1.0,1.0,1.0,0.6113262026565172,0.5111111111111111,0.7666666666666667,0.6666666666666666,1.0,1.0,1.0,0.6113262026565172,0.5,0.8333333333333334,0.6,1.0,1.0,1.0,0.6449996720442722,distilroberta-dj_adpt,0,webtable-cl_optim-v=12-distilroberta-dj_adpt~qwen3_8b-dj_adpt
pte_ketone.pq::Arg0,1.0,0.03125,1.0,0.03125,1.0,1.0,0.03125,1.0,0.15625,1.0,0.15625,1.0,1.0,0.15625,1.0,0.3125,1.0,0.3125,1.0,1.0,0.3125,0.9333333333333333,0.4375,1.0,0.46875,1.0,1.0,0.4331845238095238,0.9,0.5625,1.0,0.625,1.0,1.0,0.5446213573148557,0.84,0.65625,1.0,0.78125,1.0,1.0,0.6286480077477562,0.7,0.65625,1.0,0.9375,1.0,1.0,0.6286480077477562,0.6,0.65625,0.9142857142857143,1.0,1.0,1.0,0.6286480077477562,0.55,0.6875,0.8,1.0,1.0,1.0,0.6477452299699784,0.4888888888888889,0.6875,0.7111111111111111,1.0,1.0,1.0,0.6477452299699784,0.48,0.75,0.64,1.0,1.0,1.0,0.6777191883033118,distilroberta-dj_adpt,0,webtable-cl_optim-v=12-distilroberta-dj_adpt~qwen3_8b-dj_adpt
who_suicide_statistics.pq::country,1.0,0.03333333333333333,1.0,0.03333333333333333,1.0,1.0,0.03333333333333333,1.0,0.16666666666666666,1.0,0.16666666666666666,1.0,1.0,0.16666666666666666,1.0,0.3333333333333333,1.0,0.3333333333333333,1.0,1.0,0.3333333333333333,0.9333333333333333,0.4666666666666667,1.0,0.5,1.0,1.0,0.46444444444444444,0.9,0.6,1.0,0.6666666666666666,1.0,1.0,0.5833104001834652,0.88,0.7333333333333333,1.0,0.8333333333333334,1.0,1.0,0.7009546375885721,0.8333333333333334,0.8333333333333334,1.0,1.0,1.0,1.0,0.7847136839912968,0.7428571428571429,0.8666666666666667,0.8571428571428571,1.0,1.0,1.0,0.8094755887532015,0.65,0.8666666666666667,0.75,1.0,1.0,1.0,0.8094755887532015,0.5777777777777777,0.8666666666666667,0.6666666666666666,1.0,1.0,1.0,0.8094755887532015,0.52,0.8666666666666667,0.6,1.0,1.0,1.0,0.8094755887532015,distilroberta-dj_adpt,0,webtable-cl_optim-v=12-distilroberta-dj_adpt~qwen3_8b-dj_adpt
UKDebate.pq::country,0.0,0.0,1.0,0.03333333333333333,0.0,0.0,0.0,0.2,0.03333333333333333,1.0,0.16666666666666666,1.0,0.5,0.016666666666666666,0.1,0.03333333333333333,1.0,0.3333333333333333,1.0,0.5,0.016666666666666666,0.26666666666666666,0.13333333333333333,1.0,0.5,1.0,0.5,0.040584415584415584,0.4,0.26666666666666666,1.0,0.6666666666666666,1.0,0.5,0.08772622844991267,0.36,0.3,1.0,0.8333333333333334,1.0,0.5,0.10201194273562694,0.3,0.3,1.0,1.0,1.0,0.5,0.10201194273562694,0.3142857142857143,0.36666666666666664,0.8571428571428571,1.0,1.0,0.5,0.12387574201878107,0.275,0.36666666666666664,0.75,1.0,1.0,0.5,0.12387574201878107,0.26666666666666666,0.4,0.6666666666666666,1.0,1.0,0.5,0.13296665110969016,0.3,0.5,0.6,1.0,1.0,0.5,0.162316018978947,distilroberta-dj_adpt,0,webtable-cl_optim-v=12-distilroberta-dj_adpt~qwen3_8b-dj_adpt
World_countries_env_vars.pq::Country,1.0,0.03333333333333333,1.0,0.03333333333333333,1.0,1.0,0.03333333333333333,1.0,0.16666666666666666,1.0,0.16666666666666666,1.0,1.0,0.16666666666666666,1.0,0.3333333333333333,1.0,0.3333333333333333,1.0,1.0,0.3333333333333333,1.0,0.5,1.0,0.5,1.0,1.0,0.5,0.95,0.6333333333333333,1.0,0.6666666666666666,1.0,1.0,0.6333333333333333,0.88,0.7333333333333333,1.0,0.8333333333333334,1.0,1.0,0.723579365079365,0.7333333333333333,0.7333333333333333,1.0,1.0,1.0,1.0,0.723579365079365,0.6857142857142857,0.8,0.8571428571428571,1.0,1.0,1.0,0.7718399596397699,0.625,0.8333333333333334,0.75,1.0,1.0,1.0,0.7937697842011734,0.5555555555555556,0.8333333333333334,0.6666666666666666,1.0,1.0,1.0,0.7937697842011734,0.5,0.8333333333333334,0.6,1.0,1.0,1.0,0.7937697842011734,distilroberta-dj_adpt,0,webtable-cl_optim-v=12-distilroberta-dj_adpt~qwen3_8b-dj_adpt
USA_cars_datasets.pq::country,0.0,0.0,1.0,0.03333333333333333,0.0,0.0,0.0,0.2,0.03333333333333333,1.0,0.16666666666666666,1.0,0.5,0.016666666666666666,0.2,0.06666666666666667,1.0,0.3333333333333333,1.0,0.5,0.024074074074074074,0.4,0.2,1.0,0.5,1.0,0.5,0.06951418951418951,0.5,0.3333333333333333,1.0,0.6666666666666666,1.0,0.5,0.1331171306906601,0.48,0.4,1.0,0.8333333333333334,1.0,0.5,0.16657744815097755,0.5,0.5,1.0,1.0,1.0,0.5,0.21719473210159485,0.4857142857142857,0.5666666666666667,0.8571428571428571,1.0,1.0,0.5,0.25002301492987766,0.45,0.6,0.75,1.0,1.0,0.5,0.2666896815965443,0.4,0.6,0.6666666666666666,1.0,1.0,0.5,0.2666896815965443,0.36,0.6,0.6,1.0,1.0,0.5,0.2666896815965443,distilroberta-dj_adpt,0,webtable-cl_optim-v=12-distilroberta-dj_adpt~qwen3_8b-dj_adpt
netflix_titles.pq::country,1.0,0.03333333333333333,1.0,0.03333333333333333,1.0,1.0,0.03333333333333333,0.8,0.13333333333333333,1.0,0.16666666666666666,1.0,1.0,0.12666666666666665,0.6,0.2,1.0,0.3333333333333333,1.0,1.0,0.18301587301587302,0.6,0.3,1.0,0.5,1.0,1.0,0.24952713952713954,0.6,0.4,1.0,0.6666666666666666,1.0,1.0,0.3095053530347648,0.52,0.43333333333333335,1.0,0.8333333333333334,1.0,1.0,0.3301402736696854,0.5,0.5,1.0,1.0,1.0,1.0,0.36409089095363606,0.45714285714285713,0.5333333333333333,0.8571428571428571,1.0,1.0,1.0,0.37977716546344,0.425,0.5666666666666667,0.75,1.0,1.0,1.0,0.3955179062041807,0.4,0.6,0.6666666666666666,1.0,1.0,1.0,0.408851239537514,0.42,0.7,0.6,1.0,1.0,1.0,0.4513870859759969,distilroberta-dj_adpt,0,webtable-cl_optim-v=12-distilroberta-dj_adpt~qwen3_8b-dj_adpt
pte_ames.pq::Arg0,1.0,0.03125,1.0,0.03125,1.0,1.0,0.03125,1.0,0.15625,1.0,0.15625,1.0,1.0,0.15625,1.0,0.3125,1.0,0.3125,1.0,1.0,0.3125,0.9333333333333333,0.4375,1.0,0.46875,1.0,1.0,0.4375,0.7,0.4375,1.0,0.625,1.0,1.0,0.4375,0.56,0.4375,1.0,0.78125,1.0,1.0,0.4375,0.4666666666666667,0.4375,1.0,0.9375,1.0,1.0,0.4375,0.4,0.4375,0.9142857142857143,1.0,1.0,1.0,0.4375,0.375,0.46875,0.8,1.0,1.0,1.0,0.4501689189189189,0.35555555555555557,0.5,0.7111111111111111,1.0,1.0,1.0,0.46207368082368083,0.38,0.59375,0.64,1.0,1.0,1.0,0.4967314641497772,distilroberta-dj_adpt,0,webtable-cl_optim-v=12-distilroberta-dj_adpt~qwen3_8b-dj_adpt
movie_metadata.pq::country,1.0,0.03333333333333333,1.0,0.03333333333333333,1.0,1.0,0.03333333333333333,0.8,0.13333333333333333,1.0,0.16666666666666666,1.0,1.0,0.12666666666666665,0.8,0.26666666666666666,1.0,0.3333333333333333,1.0,1.0,0.2356084656084656,0.8,0.4,1.0,0.5,1.0,1.0,0.3474355274355274,0.85,0.5666666666666667,1.0,0.6666666666666666,1.0,1.0,0.4861511277107252,0.8,0.6666666666666666,1.0,0.8333333333333334,1.0,1.0,0.5689254548328785,0.7666666666666667,0.7666666666666667,1.0,1.0,1.0,1.0,0.646597412504836,0.6571428571428571,0.7666666666666667,0.8571428571428571,1.0,1.0,1.0,0.646597412504836,0.575,0.7666666666666667,0.75,1.0,1.0,1.0,0.646597412504836,0.5111111111111111,0.7666666666666667,0.6666666666666666,1.0,1.0,1.0,0.646597412504836,0.46,0.7666666666666667,0.6,1.0,1.0,1.0,0.646597412504836,distilroberta-dj_adpt,0,webtable-cl_optim-v=12-distilroberta-dj_adpt~qwen3_8b-dj_adpt
world_country.pq::LocalName,1.0,0.034482758620689655,1.0,0.034482758620689655,1.0,1.0,0.034482758620689655,0.8,0.13793103448275862,1.0,0.1724137931034483,1.0,1.0,0.13793103448275862,0.5,0.1724137931034483,1.0,0.3448275862068966,1.0,1.0,0.16666666666666666,0.5333333333333333,0.27586206896551724,1.0,0.5172413793103449,1.0,1.0,0.2239811912225705,0.55,0.3793103448275862,1.0,0.6896551724137931,1.0,1.0,0.28135755979782884,0.44,0.3793103448275862,1.0,0.8620689655172413,1.0,1.0,0.28135755979782884,0.4,0.41379310344827586,0.9666666666666667,1.0,1.0,1.0,0.29515066324610467,0.37142857142857144,0.4482758620689655,0.8285714285714286,1.0,1.0,1.0,0.30961117492574874,0.35,0.4827586206896552,0.725,1.0,1.0,1.0,0.32231534915442384,0.3333333333333333,0.5172413793103449,0.6444444444444445,1.0,1.0,1.0,0.33463062009038447,0.32,0.5517241379310345,0.58,1.0,1.0,1.0,0.34636943153572564,distilroberta-dj_adpt,0,webtable-cl_optim-v=12-distilroberta-dj_adpt~qwen3_8b-dj_adpt
countries_metadatacountries.pq::CountryName,1.0,0.03333333333333333,1.0,0.03333333333333333,1.0,1.0,0.03333333333333333,1.0,0.16666666666666666,1.0,0.16666666666666666,1.0,1.0,0.16666666666666666,1.0,0.3333333333333333,1.0,0.3333333333333333,1.0,1.0,0.3333333333333333,1.0,0.5,1.0,0.5,1.0,1.0,0.5,0.9,0.6,1.0,0.6666666666666666,1.0,1.0,0.5966666666666666,0.84,0.7,1.0,0.8333333333333334,1.0,1.0,0.6812323232323233,0.7,0.7,1.0,1.0,1.0,1.0,0.6812323232323233,0.6,0.7,0.8571428571428571,1.0,1.0,1.0,0.6812323232323233,0.575,0.7666666666666667,0.75,1.0,1.0,1.0,0.7192024087024087,0.5111111111111111,0.7666666666666667,0.6666666666666666,1.0,1.0,1.0,0.7192024087024087,0.48,0.8,0.6,1.0,1.0,1.0,0.7362236852981534,distilroberta-dj_adpt,0,webtable-cl_optim-v=12-distilroberta-dj_adpt~qwen3_8b-dj_adpt
pte_postestactive_neg.pq::Arg0,1.0,0.03125,1.0,0.03125,1.0,1.0,0.03125,1.0,0.15625,1.0,0.15625,1.0,1.0,0.15625,1.0,0.3125,1.0,0.3125,1.0,1.0,0.3125,0.8666666666666667,0.40625,1.0,0.46875,1.0,1.0,0.40625,0.8,0.5,1.0,0.625,1.0,1.0,0.48463541666666665,0.76,0.59375,1.0,0.78125,1.0,1.0,0.555970643939394,0.6666666666666666,0.625,1.0,0.9375,1.0,1.0,0.5775223680773249,0.6571428571428571,0.71875,0.9142857142857143,1.0,1.0,1.0,0.6393992281963726,0.65,0.8125,0.8,1.0,1.0,1.0,0.7027290053419392,0.6,0.84375,0.7111111111111111,1.0,1.0,1.0,0.7214790053419392,0.58,0.90625,0.64,1.0,1.0,1.0,0.758221026618535,distilroberta-dj_adpt,0,webtable-cl_optim-v=12-distilroberta-dj_adpt~qwen3_8b-dj_adpt
pte_alkyl_halide.pq::Arg0,1.0,0.03125,1.0,0.03125,1.0,1.0,0.03125,1.0,0.15625,1.0,0.15625,1.0,1.0,0.15625,1.0,0.3125,1.0,0.3125,1.0,1.0,0.3125,1.0,0.46875,1.0,0.46875,1.0,1.0,0.46875,0.9,0.5625,1.0,0.625,1.0,1.0,0.5526133040935672,0.84,0.65625,1.0,0.78125,1.0,1.0,0.634311026660855,0.8,0.75,1.0,0.9375,1.0,1.0,0.7123737047235331,0.7428571428571429,0.8125,0.9142857142857143,1.0,1.0,1.0,0.7600020529378189,0.675,0.84375,0.8,1.0,1.0,1.0,0.7828061069918729,0.6,0.84375,0.7111111111111111,1.0,1.0,1.0,0.7828061069918729,0.56,0.875,0.64,1.0,1.0,1.0,0.8018278461223076,distilroberta-dj_adpt,0,webtable-cl_optim-v=12-distilroberta-dj_adpt~qwen3_8b-dj_adpt
pte_testactive.pq::Arg0,1.0,0.03125,1.0,0.03125,1.0,1.0,0.03125,1.0,0.15625,1.0,0.15625,1.0,1.0,0.15625,1.0,0.3125,1.0,0.3125,1.0,1.0,0.3125,0.8666666666666667,0.40625,1.0,0.46875,1.0,1.0,0.40625,0.8,0.5,1.0,0.625,1.0,1.0,0.48463541666666665,0.72,0.5625,1.0,0.78125,1.0,1.0,0.5324330357142857,0.6666666666666666,0.625,1.0,0.9375,1.0,1.0,0.576745205026455,0.6571428571428571,0.71875,0.9142857142857143,1.0,1.0,1.0,0.6405386407475177,0.65,0.8125,0.8,1.0,1.0,1.0,0.7038684178930843,0.6,0.84375,0.7111111111111111,1.0,1.0,1.0,0.7226184178930842,0.56,0.875,0.64,1.0,1.0,1.0,0.741640157023519,distilroberta-dj_adpt,0,webtable-cl_optim-v=12-distilroberta-dj_adpt~qwen3_8b-dj_adpt
hfi_cc_2018.pq::countries,1.0,0.03333333333333333,1.0,0.03333333333333333,1.0,1.0,0.03333333333333333,1.0,0.16666666666666666,1.0,0.16666666666666666,1.0,1.0,0.16666666666666666,0.9,0.3,1.0,0.3333333333333333,1.0,1.0,0.292962962962963,0.9333333333333333,0.4666666666666667,1.0,0.5,1.0,1.0,0.4466542716542717,0.9,0.6,1.0,0.6666666666666666,1.0,1.0,0.5691013820773883,0.88,0.7333333333333333,1.0,0.8333333333333334,1.0,1.0,0.6880631425391487,0.8333333333333334,0.8333333333333334,1.0,1.0,1.0,1.0,0.7737652650228805,0.7428571428571429,0.8666666666666667,0.8571428571428571,1.0,1.0,1.0,0.7985271697847852,0.65,0.8666666666666667,0.75,1.0,1.0,1.0,0.7985271697847852,0.5777777777777777,0.8666666666666667,0.6666666666666666,1.0,1.0,1.0,0.7985271697847852,0.52,0.8666666666666667,0.6,1.0,1.0,1.0,0.7985271697847852,distilroberta-dj_adpt,0,webtable-cl_optim-v=12-distilroberta-dj_adpt~qwen3_8b-dj_adpt
wikipedia-iso-country-codes.pq::English_short_name_lower_case,1.0,0.03333333333333333,1.0,0.03333333333333333,1.0,1.0,0.03333333333333333,1.0,0.16666666666666666,1.0,0.16666666666666666,1.0,1.0,0.16666666666666666,0.8,0.26666666666666666,1.0,0.3333333333333333,1.0,1.0,0.2558333333333333,0.8,0.4,1.0,0.5,1.0,1.0,0.3637409812409812,0.7,0.4666666666666667,1.0,0.6666666666666666,1.0,1.0,0.41538571808308655,0.68,0.5666666666666667,1.0,0.8333333333333334,1.0,1.0,0.48396806327412734,0.6666666666666666,0.6666666666666666,1.0,1.0,1.0,1.0,0.5527239986967294,0.6,0.7,0.8571428571428571,1.0,1.0,1.0,0.5739361199088506,0.525,0.7,0.75,1.0,1.0,1.0,0.5739361199088506,0.4666666666666667,0.7,0.6666666666666666,1.0,1.0,1.0,0.5739361199088506,0.44,0.7333333333333333,0.6,1.0,1.0,1.0,0.5895389567882833,distilroberta-dj_adpt,0,webtable-cl_optim-v=12-distilroberta-dj_adpt~qwen3_8b-dj_adpt
affirmative_asylum.pq::ContinentCountryofNationality,1.0,0.03125,1.0,0.03125,1.0,1.0,0.03125,1.0,0.15625,1.0,0.15625,1.0,1.0,0.15625,1.0,0.3125,1.0,0.3125,1.0,1.0,0.3125,1.0,0.46875,1.0,0.46875,1.0,1.0,0.46875,0.9,0.5625,1.0,0.625,1.0,1.0,0.5542472910216718,0.76,0.59375,1.0,0.78125,1.0,1.0,0.5825211005454813,0.7,0.65625,1.0,0.9375,1.0,1.0,0.6291067486936295,0.6571428571428571,0.71875,0.9142857142857143,1.0,1.0,1.0,0.6698630512146379,0.625,0.78125,0.8,1.0,1.0,1.0,0.710692532011224,0.5555555555555556,0.78125,0.7111111111111111,1.0,1.0,1.0,0.710692532011224,0.52,0.8125,0.64,1.0,1.0,1.0,0.7283555754894848,distilroberta-dj_adpt,0,webtable-cl_optim-v=12-distilroberta-dj_adpt~qwen3_8b-dj_adpt
countries_and_continents.pq::name,1.0,0.037037037037037035,1.0,0.037037037037037035,1.0,1.0,0.037037037037037035,0.8,0.14814814814814814,1.0,0.18518518518518517,1.0,1.0,0.14814814814814814,0.7,0.25925925925925924,1.0,0.37037037037037035,1.0,1.0,0.23559670781893002,0.6,0.3333333333333333,1.0,0.5555555555555556,1.0,1.0,0.28817376039598264,0.5,0.37037037037037035,1.0,0.7407407407407407,1.0,1.0,0.3087498920832254,0.44,0.4074074074074074,1.0,0.9259259259259259,1.0,1.0,0.3250461883795217,0.4,0.4444444444444444,0.9,1.0,1.0,1.0,0.34037185887760596,0.37142857142857144,0.48148148148148145,0.7714285714285715,1.0,1.0,1.0,0.35496220680128726,0.35,0.5185185185185185,0.675,1.0,1.0,1.0,0.3686074309728272,0.3333333333333333,0.5555555555555556,0.6,1.0,1.0,1.0,0.38215756647418225,0.32,0.5925925925925926,0.54,1.0,1.0,1.0,0.3940094183260341,distilroberta-dj_adpt,0,webtable-cl_optim-v=12-distilroberta-dj_adpt~qwen3_8b-dj_adpt
pte_postestactive.pq::Arg0,1.0,0.03125,1.0,0.03125,1.0,1.0,0.03125,1.0,0.15625,1.0,0.15625,1.0,1.0,0.15625,1.0,0.3125,1.0,0.3125,1.0,1.0,0.3125,1.0,0.46875,1.0,0.46875,1.0,1.0,0.46875,0.8,0.5,1.0,0.625,1.0,1.0,0.4950657894736842,0.68,0.53125,1.0,0.78125,1.0,1.0,0.5163157894736842,0.6,0.5625,1.0,0.9375,1.0,1.0,0.5379504048582996,0.5714285714285714,0.625,0.9142857142857143,1.0,1.0,1.0,0.5737999719578667,0.55,0.6875,0.8,1.0,1.0,1.0,0.6086979139281771,0.5555555555555556,0.78125,0.7111111111111111,1.0,1.0,1.0,0.6622541492413608,0.54,0.84375,0.64,1.0,1.0,1.0,0.6974953177196217,distilroberta-dj_adpt,0,webtable-cl_optim-v=12-distilroberta-dj_adpt~qwen3_8b-dj_adpt
pte_five_ring.pq::Arg0,1.0,0.03125,1.0,0.03125,1.0,1.0,0.03125,1.0,0.15625,1.0,0.15625,1.0,1.0,0.15625,1.0,0.3125,1.0,0.3125,1.0,1.0,0.3125,0.9333333333333333,0.4375,1.0,0.46875,1.0,1.0,0.4375,0.9,0.5625,1.0,0.625,1.0,1.0,0.5506601790935672,0.88,0.6875,1.0,0.78125,1.0,1.0,0.6633756882221199,0.8,0.75,1.0,0.9375,1.0,1.0,0.7187976967691284,0.7428571428571429,0.8125,0.9142857142857143,1.0,1.0,1.0,0.7693899346723542,0.675,0.84375,0.8,1.0,1.0,1.0,0.7915938820407753,0.6222222222222222,0.875,0.7111111111111111,1.0,1.0,1.0,0.8129353454554094,0.58,0.90625,0.64,1.0,1.0,1.0,0.8318155537887427,distilroberta-dj_adpt,0,webtable-cl_optim-v=12-distilroberta-dj_adpt~qwen3_8b-dj_adpt
MoviesOnStreamingPlatforms_updated.pq::Country,1.0,0.03333333333333333,1.0,0.03333333333333333,1.0,1.0,0.03333333333333333,0.6,0.1,1.0,0.16666666666666666,1.0,1.0,0.07555555555555556,0.4,0.13333333333333333,1.0,0.3333333333333333,1.0,1.0,0.09777777777777777,0.4666666666666667,0.23333333333333334,1.0,0.5,1.0,1.0,0.1426068376068376,0.4,0.26666666666666666,1.0,0.6666666666666666,1.0,1.0,0.15927350427350426,0.36,0.3,1.0,0.8333333333333334,1.0,1.0,0.17355921855921858,0.4,0.4,1.0,1.0,1.0,1.0,0.21144099195823335,0.45714285714285713,0.5333333333333333,0.8571428571428571,1.0,1.0,1.0,0.269946797506259,0.425,0.5666666666666667,0.75,1.0,1.0,1.0,0.28411346417292566,0.4,0.6,0.6666666666666666,1.0,1.0,1.0,0.297446797506259,0.4,0.6666666666666666,0.6,1.0,1.0,1.0,0.32424668412757424,distilroberta-dj_adpt,0,webtable-cl_optim-v=12-distilroberta-dj_adpt~qwen3_8b-dj_adpt
pte_amine.pq::Arg0,1.0,0.03125,1.0,0.03125,1.0,1.0,0.03125,1.0,0.15625,1.0,0.15625,1.0,1.0,0.15625,1.0,0.3125,1.0,0.3125,1.0,1.0,0.3125,0.8666666666666667,0.40625,1.0,0.46875,1.0,1.0,0.40625,0.7,0.4375,1.0,0.625,1.0,1.0,0.43359375,0.56,0.4375,1.0,0.78125,1.0,1.0,0.43359375,0.4666666666666667,0.4375,1.0,0.9375,1.0,1.0,0.43359375,0.4,0.4375,0.9142857142857143,1.0,1.0,1.0,0.43359375,0.375,0.46875,0.8,1.0,1.0,1.0,0.4459292763157895,0.35555555555555557,0.5,0.7111111111111111,1.0,1.0,1.0,0.45729291267942584,0.42,0.65625,0.64,1.0,1.0,1.0,0.51905980453677,distilroberta-dj_adpt,0,webtable-cl_optim-v=12-distilroberta-dj_adpt~qwen3_8b-dj_adpt
AdventureWorks2014_salesTerritory.pq::Name,0.0,0.0,1.0,0.03333333333333333,0.0,0.0,0.0,0.4,0.06666666666666667,1.0,0.16666666666666666,1.0,0.25,0.021666666666666667,0.4,0.13333333333333333,1.0,0.3333333333333333,1.0,0.25,0.051666666666666666,0.4,0.2,1.0,0.5,1.0,0.25,0.08348484848484848,0.4,0.26666666666666666,1.0,0.6666666666666666,1.0,0.25,0.11140151515151515,0.36,0.3,1.0,0.8333333333333334,1.0,0.25,0.12503787878787878,0.36666666666666664,0.36666666666666664,1.0,1.0,1.0,0.25,0.15047879589546256,0.37142857142857144,0.43333333333333335,0.8571428571428571,1.0,1.0,0.25,0.17535974827641493,0.325,0.43333333333333335,0.75,1.0,1.0,0.25,0.17535974827641493,0.3111111111111111,0.4666666666666667,0.6666666666666666,1.0,1.0,0.25,0.18674186209755314,0.28,0.4666666666666667,0.6,1.0,1.0,0.25,0.18674186209755314,distilroberta-dj_adpt,0,webtable-cl_optim-v=12-distilroberta-dj_adpt~qwen3_8b-dj_adpt
whr2015.pq::Country,1.0,0.03333333333333333,1.0,0.03333333333333333,1.0,1.0,0.03333333333333333,1.0,0.16666666666666666,1.0,0.16666666666666666,1.0,1.0,0.16666666666666666,1.0,0.3333333333333333,1.0,0.3333333333333333,1.0,1.0,0.3333333333333333,1.0,0.5,1.0,0.5,1.0,1.0,0.5,0.95,0.6333333333333333,1.0,0.6666666666666666,1.0,1.0,0.6299122807017544,0.84,0.7,1.0,0.8333333333333334,1.0,1.0,0.6893819776714513,0.7666666666666667,0.7666666666666667,1.0,1.0,1.0,1.0,0.7439234238795642,0.7428571428571429,0.8666666666666667,0.8571428571428571,1.0,1.0,1.0,0.8197443055068975,0.65,0.8666666666666667,0.75,1.0,1.0,1.0,0.8197443055068975,0.5777777777777777,0.8666666666666667,0.6666666666666666,1.0,1.0,1.0,0.8197443055068975,0.52,0.8666666666666667,0.6,1.0,1.0,1.0,0.8197443055068975,distilroberta-dj_adpt,0,webtable-cl_optim-v=12-distilroberta-dj_adpt~qwen3_8b-dj_adpt
countries_and_continents.pq::official_name_fr,1.0,0.037037037037037035,1.0,0.037037037037037035,1.0,1.0,0.037037037037037035,0.6,0.1111111111111111,1.0,0.18518518518518517,1.0,1.0,0.08950617283950617,0.5,0.18518518518518517,1.0,0.37037037037037035,1.0,1.0,0.13381834215167548,0.4,0.2222222222222222,1.0,0.5555555555555556,1.0,1.0,0.15402036235369568,0.35,0.25925925925925924,1.0,0.7407407407407407,1.0,1.0,0.16842365453476565,0.36,0.3333333333333333,1.0,0.9259259259259259,1.0,1.0,0.19463943553315535,0.36666666666666664,0.4074074074074074,0.9,1.0,1.0,1.0,0.2209910745284725,0.3142857142857143,0.4074074074074074,0.7714285714285715,1.0,1.0,1.0,0.2209910745284725,0.275,0.4074074074074074,0.675,1.0,1.0,1.0,0.2209910745284725,0.26666666666666666,0.4444444444444444,0.6,1.0,1.0,1.0,0.23132699184113398,0.26,0.48148148148148145,0.54,1.0,1.0,1.0,0.24095662147076363,distilroberta-dj_adpt,0,webtable-cl_optim-v=12-distilroberta-dj_adpt~qwen3_8b-dj_adpt
pte_has_property.pq::Arg0,1.0,0.03125,1.0,0.03125,1.0,1.0,0.03125,1.0,0.15625,1.0,0.15625,1.0,1.0,0.15625,1.0,0.3125,1.0,0.3125,1.0,1.0,0.3125,0.8666666666666667,0.40625,1.0,0.46875,1.0,1.0,0.40625,0.7,0.4375,1.0,0.625,1.0,1.0,0.4305555555555556,0.56,0.4375,1.0,0.78125,1.0,1.0,0.4305555555555556,0.4666666666666667,0.4375,1.0,0.9375,1.0,1.0,0.4305555555555556,0.4,0.4375,0.9142857142857143,1.0,1.0,1.0,0.4305555555555556,0.35,0.4375,0.8,1.0,1.0,1.0,0.4305555555555556,0.3111111111111111,0.4375,0.7111111111111111,1.0,1.0,1.0,0.4305555555555556,0.34,0.53125,0.64,1.0,1.0,1.0,0.4617874396135266,distilroberta-dj_adpt,0,webtable-cl_optim-v=12-distilroberta-dj_adpt~qwen3_8b-dj_adpt
cwurData.pq::country,1.0,0.03333333333333333,1.0,0.03333333333333333,1.0,1.0,0.03333333333333333,1.0,0.16666666666666666,1.0,0.16666666666666666,1.0,1.0,0.16666666666666666,1.0,0.3333333333333333,1.0,0.3333333333333333,1.0,1.0,0.3333333333333333,0.8666666666666667,0.43333333333333335,1.0,0.5,1.0,1.0,0.42888888888888893,0.85,0.5666666666666667,1.0,0.6666666666666666,1.0,1.0,0.5422368421052631,0.8,0.6666666666666666,1.0,0.8333333333333334,1.0,1.0,0.6213793541825579,0.7666666666666667,0.7666666666666667,1.0,1.0,1.0,1.0,0.7000484628516666,0.6571428571428571,0.7666666666666667,0.8571428571428571,1.0,1.0,1.0,0.7000484628516666,0.6,0.8,0.75,1.0,1.0,1.0,0.7216700844732882,0.5555555555555556,0.8333333333333334,0.6666666666666666,1.0,1.0,1.0,0.7401886029918067,0.5,0.8333333333333334,0.6,1.0,1.0,1.0,0.7401886029918067,mini_l12-dj_adpt,1,webtable-cl_optim-v=12-distilroberta-dj_adpt~qwen3_8b-dj_adpt
countries_and_continents.pq::ISO4217-currency_country_name,0.0,0.0,1.0,0.037037037037037035,0.0,0.0,0.0,0.8,0.14814814814814814,1.0,0.18518518518518517,1.0,0.5,0.1006172839506173,0.8,0.2962962962962963,1.0,0.37037037037037035,1.0,0.5,0.22166372721928276,0.6,0.3333333333333333,1.0,0.5555555555555556,1.0,0.5,0.25196675752231307,0.5,0.37037037037037035,1.0,0.7407407407407407,1.0,0.5,0.2751149056704612,0.4,0.37037037037037035,1.0,0.9259259259259259,1.0,0.5,0.2751149056704612,0.3333333333333333,0.37037037037037035,0.9,1.0,1.0,0.5,0.2751149056704612,0.3142857142857143,0.4074074074074074,0.7714285714285715,1.0,1.0,0.5,0.2867551173106729,0.325,0.48148148148148145,0.675,1.0,1.0,0.5,0.31211380933603156,0.3111111111111111,0.5185185185185185,0.6,1.0,1.0,0.5,0.3244594883483773,0.28,0.5185185185185185,0.54,1.0,1.0,0.5,0.3244594883483773,mini_l12-dj_adpt,1,webtable-cl_optim-v=12-distilroberta-dj_adpt~qwen3_8b-dj_adpt
pte_imine.pq::Arg0,1.0,0.03125,1.0,0.03125,1.0,1.0,0.03125,0.8,0.125,1.0,0.15625,1.0,1.0,0.11875,0.8,0.25,1.0,0.3125,1.0,1.0,0.21753472222222223,0.8666666666666667,0.40625,1.0,0.46875,1.0,1.0,0.349455926018426,0.8,0.5,1.0,0.625,1.0,1.0,0.42486227276765204,0.84,0.65625,1.0,0.78125,1.0,1.0,0.5538349576914239,0.8,0.75,1.0,0.9375,1.0,1.0,0.6318089772063917,0.8285714285714286,0.90625,0.9142857142857143,1.0,1.0,1.0,0.7595975481883035,0.775,0.96875,0.8,1.0,1.0,1.0,0.8098579648549702,0.6888888888888889,0.96875,0.7111111111111111,1.0,1.0,1.0,0.8098579648549702,0.62,0.96875,0.64,1.0,1.0,1.0,0.8098579648549702,mini_l12-dj_adpt,1,webtable-cl_optim-v=12-distilroberta-dj_adpt~qwen3_8b-dj_adpt
countries_and_continents.pq::official_name_en,1.0,0.037037037037037035,1.0,0.037037037037037035,1.0,1.0,0.037037037037037035,1.0,0.18518518518518517,1.0,0.18518518518518517,1.0,1.0,0.18518518518518517,0.8,0.2962962962962963,1.0,0.37037037037037035,1.0,1.0,0.28755144032921814,0.5333333333333333,0.2962962962962963,1.0,0.5555555555555556,1.0,1.0,0.28755144032921814,0.45,0.3333333333333333,1.0,0.7407407407407407,1.0,1.0,0.30715928346647303,0.48,0.4444444444444444,1.0,0.9259259259259259,1.0,1.0,0.36028711108705425,0.43333333333333335,0.48148148148148145,0.9,1.0,1.0,1.0,0.3768899207933122,0.37142857142857144,0.48148148148148145,0.7714285714285715,1.0,1.0,1.0,0.3768899207933122,0.325,0.48148148148148145,0.675,1.0,1.0,1.0,0.3768899207933122,0.3111111111111111,0.5185185185185185,0.6,1.0,1.0,1.0,0.3895367139279102,0.28,0.5185185185185185,0.54,1.0,1.0,1.0,0.3895367139279102,mini_l12-dj_adpt,1,webtable-cl_optim-v=12-distilroberta-dj_adpt~qwen3_8b-dj_adpt
world_country.pq::Name,1.0,0.034482758620689655,1.0,0.034482758620689655,1.0,1.0,0.034482758620689655,1.0,0.1724137931034483,1.0,0.1724137931034483,1.0,1.0,0.1724137931034483,0.8,0.27586206896551724,1.0,0.3448275862068966,1.0,1.0,0.26772030651341,0.6,0.3103448275862069,1.0,0.5172413793103449,1.0,1.0,0.2884099616858238,0.5,0.3448275862068966,1.0,0.6896551724137931,1.0,1.0,0.3099616858237548,0.52,0.4482758620689655,1.0,0.8620689655172413,1.0,1.0,0.3639461221770067,0.5,0.5172413793103449,0.9666666666666667,1.0,1.0,1.0,0.3996619807228296,0.42857142857142855,0.5172413793103449,0.8285714285714286,1.0,1.0,1.0,0.3996619807228296,0.4,0.5517241379310345,0.725,1.0,1.0,1.0,0.413808753490292,0.37777777777777777,0.5862068965517241,0.6444444444444445,1.0,1.0,1.0,0.4277660605510474,0.36,0.6206896551724138,0.58,1.0,1.0,1.0,0.44097222342705616,mini_l12-dj_adpt,1,webtable-cl_optim-v=12-distilroberta-dj_adpt~qwen3_8b-dj_adpt
pte_nitro.pq::Arg0,1.0,0.03125,1.0,0.03125,1.0,1.0,0.03125,1.0,0.15625,1.0,0.15625,1.0,1.0,0.15625,1.0,0.3125,1.0,0.3125,1.0,1.0,0.3125,1.0,0.46875,1.0,0.46875,1.0,1.0,0.46875,1.0,0.625,1.0,0.625,1.0,1.0,0.625,1.0,0.78125,1.0,0.78125,1.0,1.0,0.78125,0.9,0.84375,1.0,0.9375,1.0,1.0,0.84375,0.8,0.875,0.9142857142857143,1.0,1.0,1.0,0.8694852941176471,0.75,0.9375,0.8,1.0,1.0,1.0,0.9167714783281734,0.6666666666666666,0.9375,0.7111111111111111,1.0,1.0,1.0,0.9167714783281734,0.6,0.9375,0.64,1.0,1.0,1.0,0.9167714783281734,mini_l12-dj_adpt,1,webtable-cl_optim-v=12-distilroberta-dj_adpt~qwen3_8b-dj_adpt
pte_sulfide.pq::Arg0,1.0,0.03125,1.0,0.03125,1.0,1.0,0.03125,1.0,0.15625,1.0,0.15625,1.0,1.0,0.15625,1.0,0.3125,1.0,0.3125,1.0,1.0,0.3125,1.0,0.46875,1.0,0.46875,1.0,1.0,0.46875,1.0,0.625,1.0,0.625,1.0,1.0,0.625,1.0,0.78125,1.0,0.78125,1.0,1.0,0.78125,0.9,0.84375,1.0,0.9375,1.0,1.0,0.8415948275862069,0.7714285714285715,0.84375,0.9142857142857143,1.0,1.0,1.0,0.8415948275862069,0.7,0.875,0.8,1.0,1.0,1.0,0.8659003831417624,0.6444444444444445,0.90625,0.7111111111111111,1.0,1.0,1.0,0.8860392720306514,0.58,0.90625,0.64,1.0,1.0,1.0,0.8860392720306514,mini_l12-dj_adpt,1,webtable-cl_optim-v=12-distilroberta-dj_adpt~qwen3_8b-dj_adpt
pte_non_ar_hetero_6_ring.pq::Arg0,1.0,0.03125,1.0,0.03125,1.0,1.0,0.03125,1.0,0.15625,1.0,0.15625,1.0,1.0,0.15625,1.0,0.3125,1.0,0.3125,1.0,1.0,0.3125,1.0,0.46875,1.0,0.46875,1.0,1.0,0.46875,1.0,0.625,1.0,0.625,1.0,1.0,0.625,1.0,0.78125,1.0,0.78125,1.0,1.0,0.78125,0.8666666666666667,0.8125,1.0,0.9375,1.0,1.0,0.8125,0.7714285714285715,0.84375,0.9142857142857143,1.0,1.0,1.0,0.8366071428571429,0.675,0.84375,0.8,1.0,1.0,1.0,0.8366071428571429,0.6,0.84375,0.7111111111111111,1.0,1.0,1.0,0.8366071428571429,0.54,0.84375,0.64,1.0,1.0,1.0,0.8366071428571429,mini_l12-dj_adpt,1,webtable-cl_optim-v=12-distilroberta-dj_adpt~qwen3_8b-dj_adpt
Word_University_Rank_2020.pq::Country,1.0,0.03333333333333333,1.0,0.03333333333333333,1.0,1.0,0.03333333333333333,1.0,0.16666666666666666,1.0,0.16666666666666666,1.0,1.0,0.16666666666666666,1.0,0.3333333333333333,1.0,0.3333333333333333,1.0,1.0,0.3333333333333333,0.8666666666666667,0.43333333333333335,1.0,0.5,1.0,1.0,0.43333333333333335,0.8,0.5333333333333333,1.0,0.6666666666666666,1.0,1.0,0.5183479532163743,0.76,0.6333333333333333,1.0,0.8333333333333334,1.0,1.0,0.5967523700555738,0.7,0.7,1.0,1.0,1.0,1.0,0.6447770614135985,0.6285714285714286,0.7333333333333333,0.8571428571428571,1.0,1.0,1.0,0.6676937280802651,0.575,0.7666666666666667,0.75,1.0,1.0,1.0,0.6873518477383846,0.5111111111111111,0.7666666666666667,0.6666666666666666,1.0,1.0,1.0,0.6873518477383846,0.46,0.7666666666666667,0.6,1.0,1.0,1.0,0.6873518477383846,mini_l12-dj_adpt,1,webtable-cl_optim-v=12-distilroberta-dj_adpt~qwen3_8b-dj_adpt
gender_development.pq::Country,1.0,0.03333333333333333,1.0,0.03333333333333333,1.0,1.0,0.03333333333333333,1.0,0.16666666666666666,1.0,0.16666666666666666,1.0,1.0,0.16666666666666666,0.9,0.3,1.0,0.3333333333333333,1.0,1.0,0.292962962962963,0.8666666666666667,0.43333333333333335,1.0,0.5,1.0,1.0,0.4134796684796685,0.8,0.5333333333333333,1.0,0.6666666666666666,1.0,1.0,0.49872476651888414,0.72,0.6,1.0,0.8333333333333334,1.0,1.0,0.5463358776299952,0.6666666666666666,0.6666666666666666,1.0,1.0,1.0,1.0,0.593683357736096,0.6285714285714286,0.7333333333333333,0.8571428571428571,1.0,1.0,1.0,0.6372163838497673,0.65,0.8666666666666667,0.75,1.0,1.0,1.0,0.7220239241836235,0.5777777777777777,0.8666666666666667,0.6666666666666666,1.0,1.0,1.0,0.7220239241836235,0.54,0.9,0.6,1.0,1.0,1.0,0.7400239241836234,mini_l12-dj_adpt,1,webtable-cl_optim-v=12-distilroberta-dj_adpt~qwen3_8b-dj_adpt
pte_testactive_Neg.pq::Arg0,1.0,0.03125,1.0,0.03125,1.0,1.0,0.03125,1.0,0.15625,1.0,0.15625,1.0,1.0,0.15625,1.0,0.3125,1.0,0.3125,1.0,1.0,0.3125,1.0,0.46875,1.0,0.46875,1.0,1.0,0.46875,1.0,0.625,1.0,0.625,1.0,1.0,0.625,1.0,0.78125,1.0,0.78125,1.0,1.0,0.78125,0.9333333333333333,0.875,1.0,0.9375,1.0,1.0,0.872806342364532,0.8,0.875,0.9142857142857143,1.0,1.0,1.0,0.872806342364532,0.725,0.90625,0.8,1.0,1.0,1.0,0.8954625923645321,0.6666666666666666,0.9375,0.7111111111111111,1.0,1.0,1.0,0.9167694105463502,0.6,0.9375,0.64,1.0,1.0,1.0,0.9167694105463502,mini_l12-dj_adpt,1,webtable-cl_optim-v=12-distilroberta-dj_adpt~qwen3_8b-dj_adpt
edu.pq::country,1.0,0.03333333333333333,1.0,0.03333333333333333,1.0,1.0,0.03333333333333333,0.6,0.1,1.0,0.16666666666666666,1.0,1.0,0.08055555555555555,0.7,0.23333333333333334,1.0,0.3333333333333333,1.0,1.0,0.17214285714285715,0.7333333333333333,0.36666666666666664,1.0,0.5,1.0,1.0,0.2696392496392496,0.7,0.4666666666666667,1.0,0.6666666666666666,1.0,1.0,0.3432747272220957,0.64,0.5333333333333333,1.0,0.8333333333333334,1.0,1.0,0.3884175843649528,0.5666666666666667,0.5666666666666667,1.0,1.0,1.0,1.0,0.40730647325384167,0.5428571428571428,0.6333333333333333,0.8571428571428571,1.0,1.0,1.0,0.4458532311554383,0.525,0.7,0.75,1.0,1.0,1.0,0.4818717496739568,0.5111111111111111,0.7666666666666667,0.6666666666666666,1.0,1.0,1.0,0.5175873859000865,0.48,0.8,0.6,1.0,1.0,1.0,0.5346086624958312,mini_l12-dj_adpt,1,webtable-cl_optim-v=12-distilroberta-dj_adpt~qwen3_8b-dj_adpt
AdventureWorks2014_CountryRegion.pq::Name,1.0,0.03333333333333333,1.0,0.03333333333333333,1.0,1.0,0.03333333333333333,1.0,0.16666666666666666,1.0,0.16666666666666666,1.0,1.0,0.16666666666666666,0.8,0.26666666666666666,1.0,0.3333333333333333,1.0,1.0,0.25107142857142856,0.6,0.3,1.0,0.5,1.0,1.0,0.27834415584415584,0.55,0.36666666666666664,1.0,0.6666666666666666,1.0,1.0,0.31832236935178115,0.48,0.4,1.0,0.8333333333333334,1.0,1.0,0.3343223693517811,0.4666666666666667,0.4666666666666667,1.0,1.0,1.0,1.0,0.3665445915740033,0.42857142857142855,0.5,0.8571428571428571,1.0,1.0,1.0,0.3821695915740033,0.4,0.5333333333333333,0.75,1.0,1.0,1.0,0.39698440638881816,0.35555555555555557,0.5333333333333333,0.6666666666666666,1.0,1.0,1.0,0.39698440638881816,0.36,0.6,0.6,1.0,1.0,1.0,0.4220692044153368,mini_l12-dj_adpt,1,webtable-cl_optim-v=12-distilroberta-dj_adpt~qwen3_8b-dj_adpt
pte_methoxy.pq::Arg0,1.0,0.03125,1.0,0.03125,1.0,1.0,0.03125,1.0,0.15625,1.0,0.15625,1.0,1.0,0.15625,1.0,0.3125,1.0,0.3125,1.0,1.0,0.3125,1.0,0.46875,1.0,0.46875,1.0,1.0,0.46875,1.0,0.625,1.0,0.625,1.0,1.0,0.625,1.0,0.78125,1.0,0.78125,1.0,1.0,0.78125,0.9666666666666667,0.90625,1.0,0.9375,1.0,1.0,0.90625,0.8285714285714286,0.90625,0.9142857142857143,1.0,1.0,1.0,0.90625,0.75,0.9375,0.8,1.0,1.0,1.0,0.9296875,0.6666666666666666,0.9375,0.7111111111111111,1.0,1.0,1.0,0.9296875,0.6,0.9375,0.64,1.0,1.0,1.0,0.9296875,mini_l12-dj_adpt,1,webtable-cl_optim-v=12-distilroberta-dj_adpt~qwen3_8b-dj_adpt
world-cities.pq::country,1.0,0.03333333333333333,1.0,0.03333333333333333,1.0,1.0,0.03333333333333333,1.0,0.16666666666666666,1.0,0.16666666666666666,1.0,1.0,0.16666666666666666,1.0,0.3333333333333333,1.0,0.3333333333333333,1.0,1.0,0.3333333333333333,0.9333333333333333,0.4666666666666667,1.0,0.5,1.0,1.0,0.46444444444444444,0.8,0.5333333333333333,1.0,0.6666666666666666,1.0,1.0,0.5270669934640523,0.76,0.6333333333333333,1.0,0.8333333333333334,1.0,1.0,0.6065269658588073,0.7666666666666667,0.7666666666666667,1.0,1.0,1.0,1.0,0.7098399491717906,0.6571428571428571,0.7666666666666667,0.8571428571428571,1.0,1.0,1.0,0.7098399491717906,0.6,0.8,0.75,1.0,1.0,1.0,0.7298399491717906,0.5333333333333333,0.8,0.6666666666666666,1.0,1.0,1.0,0.7298399491717906,0.48,0.8,0.6,1.0,1.0,1.0,0.7298399491717906,mini_l12-dj_adpt,1,webtable-cl_optim-v=12-distilroberta-dj_adpt~qwen3_8b-dj_adpt
movies.pq::country,1.0,0.03333333333333333,1.0,0.03333333333333333,1.0,1.0,0.03333333333333333,1.0,0.16666666666666666,1.0,0.16666666666666666,1.0,1.0,0.16666666666666666,1.0,0.3333333333333333,1.0,0.3333333333333333,1.0,1.0,0.3333333333333333,0.8666666666666667,0.43333333333333335,1.0,0.5,1.0,1.0,0.42354700854700855,0.8,0.5333333333333333,1.0,0.6666666666666666,1.0,1.0,0.5068459421555397,0.68,0.5666666666666667,1.0,0.8333333333333334,1.0,1.0,0.5326035179131154,0.6333333333333333,0.6333333333333333,1.0,1.0,1.0,1.0,0.5759368512464487,0.6571428571428571,0.7666666666666667,0.8571428571428571,1.0,1.0,1.0,0.6640884694206001,0.6,0.8,0.75,1.0,1.0,1.0,0.6840884694206001,0.5777777777777777,0.8666666666666667,0.6666666666666666,1.0,1.0,1.0,0.7231652840788102,0.54,0.9,0.6,1.0,1.0,1.0,0.7423142202490229,mini_l12-dj_adpt,1,webtable-cl_optim-v=12-distilroberta-dj_adpt~qwen3_8b-dj_adpt
countries_data.pq::CountryName,1.0,0.03333333333333333,1.0,0.03333333333333333,1.0,1.0,0.03333333333333333,1.0,0.16666666666666666,1.0,0.16666666666666666,1.0,1.0,0.16666666666666666,1.0,0.3333333333333333,1.0,0.3333333333333333,1.0,1.0,0.3333333333333333,0.9333333333333333,0.4666666666666667,1.0,0.5,1.0,1.0,0.46444444444444444,0.9,0.6,1.0,0.6666666666666666,1.0,1.0,0.5885484749455338,0.8,0.6666666666666666,1.0,0.8333333333333334,1.0,1.0,0.6463218609797894,0.8,0.8,1.0,1.0,1.0,1.0,0.7544530507776458,0.6857142857142857,0.8,0.8571428571428571,1.0,1.0,1.0,0.7544530507776458,0.65,0.8666666666666667,0.75,1.0,1.0,1.0,0.8004082164696537,0.5777777777777777,0.8666666666666667,0.6666666666666666,1.0,1.0,1.0,0.8004082164696537,0.52,0.8666666666666667,0.6,1.0,1.0,1.0,0.8004082164696537,mini_l12-dj_adpt,1,webtable-cl_optim-v=12-distilroberta-dj_adpt~qwen3_8b-dj_adpt
pte_alcohol.pq::Arg0,1.0,0.03125,1.0,0.03125,1.0,1.0,0.03125,0.8,0.125,1.0,0.15625,1.0,1.0,0.1109375,0.9,0.28125,1.0,0.3125,1.0,1.0,0.24701140873015873,0.8666666666666667,0.40625,1.0,0.46875,1.0,1.0,0.36193034396159396,0.8,0.5,1.0,0.625,1.0,1.0,0.4387073047459077,0.84,0.65625,1.0,0.78125,1.0,1.0,0.5676799896696796,0.8333333333333334,0.78125,1.0,0.9375,1.0,1.0,0.6707163311219693,0.8,0.875,0.9142857142857143,1.0,1.0,1.0,0.748229484477153,0.775,0.96875,0.8,1.0,1.0,1.0,0.8242343544787335,0.6888888888888889,0.96875,0.7111111111111111,1.0,1.0,1.0,0.8242343544787335,0.62,0.96875,0.64,1.0,1.0,1.0,0.8242343544787335,mini_l12-dj_adpt,1,webtable-cl_optim-v=12-distilroberta-dj_adpt~qwen3_8b-dj_adpt
pte_phenol.pq::Arg0,1.0,0.03125,1.0,0.03125,1.0,1.0,0.03125,1.0,0.15625,1.0,0.15625,1.0,1.0,0.15625,1.0,0.3125,1.0,0.3125,1.0,1.0,0.3125,1.0,0.46875,1.0,0.46875,1.0,1.0,0.46875,1.0,0.625,1.0,0.625,1.0,1.0,0.625,1.0,0.78125,1.0,0.78125,1.0,1.0,0.78125,0.9333333333333333,0.875,1.0,0.9375,1.0,1.0,0.875,0.8,0.875,0.9142857142857143,1.0,1.0,1.0,0.875,0.75,0.9375,0.8,1.0,1.0,1.0,0.925511448948949,0.6666666666666666,0.9375,0.7111111111111111,1.0,1.0,1.0,0.925511448948949,0.6,0.9375,0.64,1.0,1.0,1.0,0.925511448948949,mini_l12-dj_adpt,1,webtable-cl_optim-v=12-distilroberta-dj_adpt~qwen3_8b-dj_adpt
pte_ester.pq::Arg0,1.0,0.03125,1.0,0.03125,1.0,1.0,0.03125,1.0,0.15625,1.0,0.15625,1.0,1.0,0.15625,1.0,0.3125,1.0,0.3125,1.0,1.0,0.3125,1.0,0.46875,1.0,0.46875,1.0,1.0,0.46875,1.0,0.625,1.0,0.625,1.0,1.0,0.625,0.88,0.6875,1.0,0.78125,1.0,1.0,0.6875,0.7666666666666667,0.71875,1.0,0.9375,1.0,1.0,0.7151442307692307,0.6571428571428571,0.71875,0.9142857142857143,1.0,1.0,1.0,0.7151442307692307,0.575,0.71875,0.8,1.0,1.0,1.0,0.7151442307692307,0.5777777777777777,0.8125,0.7111111111111111,1.0,1.0,1.0,0.7700936597278061,0.52,0.8125,0.64,1.0,1.0,1.0,0.7700936597278061,mini_l12-dj_adpt,1,webtable-cl_optim-v=12-distilroberta-dj_adpt~qwen3_8b-dj_adpt
pte_non_ar_hetero_5_ring.pq::Arg0,1.0,0.03125,1.0,0.03125,1.0,1.0,0.03125,1.0,0.15625,1.0,0.15625,1.0,1.0,0.15625,1.0,0.3125,1.0,0.3125,1.0,1.0,0.3125,1.0,0.46875,1.0,0.46875,1.0,1.0,0.46875,1.0,0.625,1.0,0.625,1.0,1.0,0.625,1.0,0.78125,1.0,0.78125,1.0,1.0,0.78125,0.8666666666666667,0.8125,1.0,0.9375,1.0,1.0,0.8125,0.7428571428571429,0.8125,0.9142857142857143,1.0,1.0,1.0,0.8125,0.675,0.84375,0.8,1.0,1.0,1.0,0.834703947368421,0.6,0.84375,0.7111111111111111,1.0,1.0,1.0,0.834703947368421,0.54,0.84375,0.64,1.0,1.0,1.0,0.834703947368421,mini_l12-dj_adpt,1,webtable-cl_optim-v=12-distilroberta-dj_adpt~qwen3_8b-dj_adpt
population_by_country_2020.pq::CountryDependency,1.0,0.03333333333333333,1.0,0.03333333333333333,1.0,1.0,0.03333333333333333,1.0,0.16666666666666666,1.0,0.16666666666666666,1.0,1.0,0.16666666666666666,0.5,0.16666666666666666,1.0,0.3333333333333333,1.0,1.0,0.16666666666666666,0.4666666666666667,0.23333333333333334,1.0,0.5,1.0,1.0,0.2004040404040404,0.5,0.3333333333333333,1.0,0.6666666666666666,1.0,1.0,0.25138443256090315,0.52,0.43333333333333335,1.0,0.8333333333333334,1.0,1.0,0.30284475002122063,0.4666666666666667,0.4666666666666667,1.0,1.0,1.0,1.0,0.3195114166878873,0.42857142857142855,0.5,0.8571428571428571,1.0,1.0,1.0,0.33466293183940243,0.4,0.5333333333333333,0.75,1.0,1.0,1.0,0.3486980195587007,0.35555555555555557,0.5333333333333333,0.6666666666666666,1.0,1.0,1.0,0.3486980195587007,0.36,0.6,0.6,1.0,1.0,1.0,0.3737828175852193,mini_l12-dj_adpt,1,webtable-cl_optim-v=12-distilroberta-dj_adpt~qwen3_8b-dj_adpt
pte_non_ar_5c_ring.pq::Arg0,1.0,0.03125,1.0,0.03125,1.0,1.0,0.03125,1.0,0.15625,1.0,0.15625,1.0,1.0,0.15625,0.8,0.25,1.0,0.3125,1.0,1.0,0.2465277777777778,0.8666666666666667,0.40625,1.0,0.46875,1.0,1.0,0.37844898157398155,0.9,0.5625,1.0,0.625,1.0,1.0,0.5172295650793135,0.88,0.6875,1.0,0.78125,1.0,1.0,0.6275210376466013,0.8,0.75,1.0,0.9375,1.0,1.0,0.6790527494692614,0.7714285714285715,0.84375,0.9142857142857143,1.0,1.0,1.0,0.7537521302296301,0.725,0.90625,0.8,1.0,1.0,1.0,0.8000570288782787,0.6888888888888889,0.96875,0.7111111111111111,1.0,1.0,1.0,0.8459883587272915,0.62,0.96875,0.64,1.0,1.0,1.0,0.8459883587272915,mini_l12-dj_adpt,1,webtable-cl_optim-v=12-distilroberta-dj_adpt~qwen3_8b-dj_adpt
fifa_ranking.pq::country_full,1.0,0.03333333333333333,1.0,0.03333333333333333,1.0,1.0,0.03333333333333333,1.0,0.16666666666666666,1.0,0.16666666666666666,1.0,1.0,0.16666666666666666,0.9,0.3,1.0,0.3333333333333333,1.0,1.0,0.2966666666666667,0.8,0.4,1.0,0.5,1.0,1.0,0.3882944832944833,0.8,0.5333333333333333,1.0,0.6666666666666666,1.0,1.0,0.49581125316032437,0.76,0.6333333333333333,1.0,0.8333333333333334,1.0,1.0,0.5707822676530779,0.7333333333333333,0.7333333333333333,1.0,1.0,1.0,1.0,0.6476365755418686,0.7142857142857143,0.8333333333333334,0.8571428571428571,1.0,1.0,1.0,0.7203471370391948,0.65,0.8666666666666667,0.75,1.0,1.0,1.0,0.7431541545830544,0.5777777777777777,0.8666666666666667,0.6666666666666666,1.0,1.0,1.0,0.7431541545830544,0.52,0.8666666666666667,0.6,1.0,1.0,1.0,0.7431541545830544,mini_l12-dj_adpt,1,webtable-cl_optim-v=12-distilroberta-dj_adpt~qwen3_8b-dj_adpt
countries_of_the_world.pq::Country,1.0,0.03333333333333333,1.0,0.03333333333333333,1.0,1.0,0.03333333333333333,1.0,0.16666666666666666,1.0,0.16666666666666666,1.0,1.0,0.16666666666666666,1.0,0.3333333333333333,1.0,0.3333333333333333,1.0,1.0,0.3333333333333333,0.9333333333333333,0.4666666666666667,1.0,0.5,1.0,1.0,0.4666666666666667,0.95,0.6333333333333333,1.0,0.6666666666666666,1.0,1.0,0.6240163112028437,0.84,0.7,1.0,0.8333333333333334,1.0,1.0,0.6861971255575711,0.7666666666666667,0.7666666666666667,1.0,1.0,1.0,1.0,0.7388243833572427,0.7142857142857143,0.8333333333333334,0.8571428571428571,1.0,1.0,1.0,0.7906725016368126,0.65,0.8666666666666667,0.75,1.0,1.0,1.0,0.814095925060236,0.5777777777777777,0.8666666666666667,0.6666666666666666,1.0,1.0,1.0,0.814095925060236,0.52,0.8666666666666667,0.6,1.0,1.0,1.0,0.814095925060236,mini_l12-dj_adpt,1,webtable-cl_optim-v=12-distilroberta-dj_adpt~qwen3_8b-dj_adpt
pte_ketone.pq::Arg0,1.0,0.03125,1.0,0.03125,1.0,1.0,0.03125,1.0,0.15625,1.0,0.15625,1.0,1.0,0.15625,1.0,0.3125,1.0,0.3125,1.0,1.0,0.3125,1.0,0.46875,1.0,0.46875,1.0,1.0,0.46875,1.0,0.625,1.0,0.625,1.0,1.0,0.625,0.88,0.6875,1.0,0.78125,1.0,1.0,0.6875,0.7666666666666667,0.71875,1.0,0.9375,1.0,1.0,0.7131696428571429,0.6571428571428571,0.71875,0.9142857142857143,1.0,1.0,1.0,0.7131696428571429,0.625,0.78125,0.8,1.0,1.0,1.0,0.7519316620879121,0.5777777777777777,0.8125,0.7111111111111111,1.0,1.0,1.0,0.7699872176434677,0.52,0.8125,0.64,1.0,1.0,1.0,0.7699872176434677,mini_l12-dj_adpt,1,webtable-cl_optim-v=12-distilroberta-dj_adpt~qwen3_8b-dj_adpt
who_suicide_statistics.pq::country,1.0,0.03333333333333333,1.0,0.03333333333333333,1.0,1.0,0.03333333333333333,1.0,0.16666666666666666,1.0,0.16666666666666666,1.0,1.0,0.16666666666666666,1.0,0.3333333333333333,1.0,0.3333333333333333,1.0,1.0,0.3333333333333333,0.9333333333333333,0.4666666666666667,1.0,0.5,1.0,1.0,0.45672161172161174,0.8,0.5333333333333333,1.0,0.6666666666666666,1.0,1.0,0.5160417871602082,0.8,0.6666666666666666,1.0,0.8333333333333334,1.0,1.0,0.6256126510788982,0.7333333333333333,0.7333333333333333,1.0,1.0,1.0,1.0,0.6796962218291357,0.7142857142857143,0.8333333333333334,0.8571428571428571,1.0,1.0,1.0,0.7524793526767827,0.625,0.8333333333333334,0.75,1.0,1.0,1.0,0.7524793526767827,0.6,0.9,0.6666666666666666,1.0,1.0,1.0,0.7940445058698428,0.54,0.9,0.6,1.0,1.0,1.0,0.7940445058698428,mini_l12-dj_adpt,1,webtable-cl_optim-v=12-distilroberta-dj_adpt~qwen3_8b-dj_adpt
UKDebate.pq::country,1.0,0.03333333333333333,1.0,0.03333333333333333,1.0,1.0,0.03333333333333333,0.2,0.03333333333333333,1.0,0.16666666666666666,1.0,1.0,0.03333333333333333,0.3,0.1,1.0,0.3333333333333333,1.0,1.0,0.05277777777777778,0.3333333333333333,0.16666666666666666,1.0,0.5,1.0,1.0,0.07601010101010101,0.3,0.2,1.0,0.6666666666666666,1.0,1.0,0.0865364167995747,0.28,0.23333333333333334,1.0,0.8333333333333334,1.0,1.0,0.0971424774056353,0.3,0.3,1.0,1.0,1.0,1.0,0.11701902061551185,0.2857142857142857,0.3333333333333333,0.8571428571428571,1.0,1.0,1.0,0.12682294218413928,0.25,0.3333333333333333,0.75,1.0,1.0,1.0,0.12682294218413928,0.24444444444444444,0.36666666666666664,0.6666666666666666,1.0,1.0,1.0,0.13535007396708504,0.24,0.4,0.6,1.0,1.0,1.0,0.14335007396708505,mini_l12-dj_adpt,1,webtable-cl_optim-v=12-distilroberta-dj_adpt~qwen3_8b-dj_adpt
World_countries_env_vars.pq::Country,1.0,0.03333333333333333,1.0,0.03333333333333333,1.0,1.0,0.03333333333333333,1.0,0.16666666666666666,1.0,0.16666666666666666,1.0,1.0,0.16666666666666666,1.0,0.3333333333333333,1.0,0.3333333333333333,1.0,1.0,0.3333333333333333,0.8666666666666667,0.43333333333333335,1.0,0.5,1.0,1.0,0.43333333333333335,0.8,0.5333333333333333,1.0,0.6666666666666666,1.0,1.0,0.5152287581699346,0.64,0.5333333333333333,1.0,0.8333333333333334,1.0,1.0,0.5152287581699346,0.6,0.6,1.0,1.0,1.0,1.0,0.5584522013933778,0.5428571428571428,0.6333333333333333,0.8571428571428571,1.0,1.0,1.0,0.576547439488616,0.55,0.7333333333333333,0.75,1.0,1.0,1.0,0.6323182102593867,0.5111111111111111,0.7666666666666667,0.6666666666666666,1.0,1.0,1.0,0.650572178513355,0.46,0.7666666666666667,0.6,1.0,1.0,1.0,0.650572178513355,mini_l12-dj_adpt,1,webtable-cl_optim-v=12-distilroberta-dj_adpt~qwen3_8b-dj_adpt
USA_cars_datasets.pq::country,0.0,0.0,1.0,0.03333333333333333,0.0,0.0,0.0,0.2,0.03333333333333333,1.0,0.16666666666666666,1.0,0.5,0.016666666666666666,0.1,0.03333333333333333,1.0,0.3333333333333333,1.0,0.5,0.016666666666666666,0.06666666666666667,0.03333333333333333,1.0,0.5,1.0,0.5,0.016666666666666666,0.05,0.03333333333333333,1.0,0.6666666666666666,1.0,0.5,0.016666666666666666,0.04,0.03333333333333333,1.0,0.8333333333333334,1.0,0.5,0.016666666666666666,0.13333333333333333,0.13333333333333333,1.0,1.0,1.0,0.5,0.027123489537282643,0.2,0.23333333333333334,0.8571428571428571,1.0,1.0,0.5,0.04504885323114728,0.2,0.26666666666666666,0.75,1.0,1.0,0.5,0.051886460068754116,0.2,0.3,0.6666666666666666,1.0,1.0,0.5,0.05902931721161127,0.22,0.36666666666666664,0.6,1.0,1.0,0.5,0.07330709498938905,mini_l12-dj_adpt,1,webtable-cl_optim-v=12-distilroberta-dj_adpt~qwen3_8b-dj_adpt
netflix_titles.pq::country,1.0,0.03333333333333333,1.0,0.03333333333333333,1.0,1.0,0.03333333333333333,1.0,0.16666666666666666,1.0,0.16666666666666666,1.0,1.0,0.16666666666666666,1.0,0.3333333333333333,1.0,0.3333333333333333,1.0,1.0,0.3333333333333333,0.9333333333333333,0.4666666666666667,1.0,0.5,1.0,1.0,0.4666666666666667,0.8,0.5333333333333333,1.0,0.6666666666666666,1.0,1.0,0.5225146198830409,0.68,0.5666666666666667,1.0,0.8333333333333334,1.0,1.0,0.5494987468671678,0.6,0.6,1.0,1.0,1.0,1.0,0.5701884020395818,0.5428571428571428,0.6333333333333333,0.8571428571428571,1.0,1.0,1.0,0.5888158530199739,0.525,0.7,0.75,1.0,1.0,1.0,0.6243084306178146,0.4888888888888889,0.7333333333333333,0.6666666666666666,1.0,1.0,1.0,0.6417687480781321,0.48,0.8,0.6,1.0,1.0,1.0,0.6747474714823875,mini_l12-dj_adpt,1,webtable-cl_optim-v=12-distilroberta-dj_adpt~qwen3_8b-dj_adpt
pte_ames.pq::Arg0,1.0,0.03125,1.0,0.03125,1.0,1.0,0.03125,1.0,0.15625,1.0,0.15625,1.0,1.0,0.15625,1.0,0.3125,1.0,0.3125,1.0,1.0,0.3125,1.0,0.46875,1.0,0.46875,1.0,1.0,0.46875,1.0,0.625,1.0,0.625,1.0,1.0,0.625,0.92,0.71875,1.0,0.78125,1.0,1.0,0.71875,0.8666666666666667,0.8125,1.0,0.9375,1.0,1.0,0.8055491961741962,0.7428571428571429,0.8125,0.9142857142857143,1.0,1.0,1.0,0.8055491961741962,0.65,0.8125,0.8,1.0,1.0,1.0,0.8055491961741962,0.6,0.84375,0.7111111111111111,1.0,1.0,1.0,0.825171289197452,0.54,0.84375,0.64,1.0,1.0,1.0,0.825171289197452,mini_l12-dj_adpt,1,webtable-cl_optim-v=12-distilroberta-dj_adpt~qwen3_8b-dj_adpt
movie_metadata.pq::country,1.0,0.03333333333333333,1.0,0.03333333333333333,1.0,1.0,0.03333333333333333,1.0,0.16666666666666666,1.0,0.16666666666666666,1.0,1.0,0.16666666666666666,1.0,0.3333333333333333,1.0,0.3333333333333333,1.0,1.0,0.3333333333333333,0.8666666666666667,0.43333333333333335,1.0,0.5,1.0,1.0,0.4263247863247864,0.8,0.5333333333333333,1.0,0.6666666666666666,1.0,1.0,0.5096237199333175,0.68,0.5666666666666667,1.0,0.8333333333333334,1.0,1.0,0.5353812956908932,0.6666666666666666,0.6666666666666666,1.0,1.0,1.0,1.0,0.6016648205951077,0.6857142857142857,0.8,0.8571428571428571,1.0,1.0,1.0,0.6939238674200939,0.625,0.8333333333333334,0.75,1.0,1.0,1.0,0.7164463899426164,0.5555555555555556,0.8333333333333334,0.6666666666666666,1.0,1.0,1.0,0.7164463899426164,0.52,0.8666666666666667,0.6,1.0,1.0,1.0,0.7345019454981719,mini_l12-dj_adpt,1,webtable-cl_optim-v=12-distilroberta-dj_adpt~qwen3_8b-dj_adpt
world_country.pq::LocalName,1.0,0.034482758620689655,1.0,0.034482758620689655,1.0,1.0,0.034482758620689655,1.0,0.1724137931034483,1.0,0.1724137931034483,1.0,1.0,0.1724137931034483,0.8,0.27586206896551724,1.0,0.3448275862068966,1.0,1.0,0.2627941981390257,0.5333333333333333,0.27586206896551724,1.0,0.5172413793103449,1.0,1.0,0.2627941981390257,0.4,0.27586206896551724,1.0,0.6896551724137931,1.0,1.0,0.2627941981390257,0.4,0.3448275862068966,1.0,0.8620689655172413,1.0,1.0,0.29126859730308,0.3333333333333333,0.3448275862068966,0.9666666666666667,1.0,1.0,1.0,0.29126859730308,0.3142857142857143,0.3793103448275862,0.8285714285714286,1.0,1.0,1.0,0.3021060357267254,0.3,0.41379310344827586,0.725,1.0,1.0,1.0,0.31328963311721936,0.28888888888888886,0.4482758620689655,0.6444444444444445,1.0,1.0,1.0,0.3242231907286575,0.26,0.4482758620689655,0.58,1.0,1.0,1.0,0.3242231907286575,mini_l12-dj_adpt,1,webtable-cl_optim-v=12-distilroberta-dj_adpt~qwen3_8b-dj_adpt
countries_metadatacountries.pq::CountryName,1.0,0.03333333333333333,1.0,0.03333333333333333,1.0,1.0,0.03333333333333333,1.0,0.16666666666666666,1.0,0.16666666666666666,1.0,1.0,0.16666666666666666,1.0,0.3333333333333333,1.0,0.3333333333333333,1.0,1.0,0.3333333333333333,0.9333333333333333,0.4666666666666667,1.0,0.5,1.0,1.0,0.46206349206349207,0.9,0.6,1.0,0.6666666666666666,1.0,1.0,0.5809294478025128,0.84,0.7,1.0,0.8333333333333334,1.0,1.0,0.6680736852076198,0.8333333333333334,0.8333333333333334,1.0,1.0,1.0,1.0,0.7819809358964797,0.7428571428571429,0.8666666666666667,0.8571428571428571,1.0,1.0,1.0,0.8067428406583844,0.65,0.8666666666666667,0.75,1.0,1.0,1.0,0.8067428406583844,0.6,0.9,0.6666666666666666,1.0,1.0,1.0,0.8271973861129299,0.54,0.9,0.6,1.0,1.0,1.0,0.8271973861129299,mini_l12-dj_adpt,1,webtable-cl_optim-v=12-distilroberta-dj_adpt~qwen3_8b-dj_adpt
pte_postestactive_neg.pq::Arg0,1.0,0.03125,1.0,0.03125,1.0,1.0,0.03125,1.0,0.15625,1.0,0.15625,1.0,1.0,0.15625,1.0,0.3125,1.0,0.3125,1.0,1.0,0.3125,1.0,0.46875,1.0,0.46875,1.0,1.0,0.46875,1.0,0.625,1.0,0.625,1.0,1.0,0.625,1.0,0.78125,1.0,0.78125,1.0,1.0,0.78125,0.9333333333333333,0.875,1.0,0.9375,1.0,1.0,0.872806342364532,0.8,0.875,0.9142857142857143,1.0,1.0,1.0,0.872806342364532,0.725,0.90625,0.8,1.0,1.0,1.0,0.8954625923645321,0.6666666666666666,0.9375,0.7111111111111111,1.0,1.0,1.0,0.9167694105463502,0.6,0.9375,0.64,1.0,1.0,1.0,0.9167694105463502,mini_l12-dj_adpt,1,webtable-cl_optim-v=12-distilroberta-dj_adpt~qwen3_8b-dj_adpt
pte_alkyl_halide.pq::Arg0,1.0,0.03125,1.0,0.03125,1.0,1.0,0.03125,1.0,0.15625,1.0,0.15625,1.0,1.0,0.15625,1.0,0.3125,1.0,0.3125,1.0,1.0,0.3125,1.0,0.46875,1.0,0.46875,1.0,1.0,0.46875,1.0,0.625,1.0,0.625,1.0,1.0,0.625,0.88,0.6875,1.0,0.78125,1.0,1.0,0.686141304347826,0.7333333333333333,0.6875,1.0,0.9375,1.0,1.0,0.686141304347826,0.6571428571428571,0.71875,0.9142857142857143,1.0,1.0,1.0,0.7066770186335404,0.575,0.71875,0.8,1.0,1.0,1.0,0.7066770186335404,0.5555555555555556,0.78125,0.7111111111111111,1.0,1.0,1.0,0.741083584290106,0.52,0.8125,0.64,1.0,1.0,1.0,0.7587466277683669,mini_l12-dj_adpt,1,webtable-cl_optim-v=12-distilroberta-dj_adpt~qwen3_8b-dj_adpt
pte_testactive.pq::Arg0,1.0,0.03125,1.0,0.03125,1.0,1.0,0.03125,1.0,0.15625,1.0,0.15625,1.0,1.0,0.15625,1.0,0.3125,1.0,0.3125,1.0,1.0,0.3125,1.0,0.46875,1.0,0.46875,1.0,1.0,0.46875,1.0,0.625,1.0,0.625,1.0,1.0,0.625,0.96,0.75,1.0,0.78125,1.0,1.0,0.74875,0.9333333333333333,0.875,1.0,0.9375,1.0,1.0,0.8691970118802015,0.8,0.875,0.9142857142857143,1.0,1.0,1.0,0.8691970118802015,0.725,0.90625,0.8,1.0,1.0,1.0,0.8943706229913126,0.6666666666666666,0.9375,0.7111111111111111,1.0,1.0,1.0,0.9166920515627413,0.6,0.9375,0.64,1.0,1.0,1.0,0.9166920515627413,mini_l12-dj_adpt,1,webtable-cl_optim-v=12-distilroberta-dj_adpt~qwen3_8b-dj_adpt
hfi_cc_2018.pq::countries,1.0,0.03333333333333333,1.0,0.03333333333333333,1.0,1.0,0.03333333333333333,1.0,0.16666666666666666,1.0,0.16666666666666666,1.0,1.0,0.16666666666666666,1.0,0.3333333333333333,1.0,0.3333333333333333,1.0,1.0,0.3333333333333333,0.8,0.4,1.0,0.5,1.0,1.0,0.3861904761904762,0.6,0.4,1.0,0.6666666666666666,1.0,1.0,0.3861904761904762,0.6,0.5,1.0,0.8333333333333334,1.0,1.0,0.44887085137085136,0.5666666666666667,0.5666666666666667,1.0,1.0,1.0,1.0,0.48962176712176714,0.5428571428571428,0.6333333333333333,0.8571428571428571,1.0,1.0,1.0,0.5269992181021592,0.55,0.7333333333333333,0.75,1.0,1.0,1.0,0.5827422080556756,0.5333333333333333,0.8,0.6666666666666666,1.0,1.0,1.0,0.6196232132293636,0.5,0.8333333333333334,0.6,1.0,1.0,1.0,0.6377391552583492,mini_l12-dj_adpt,1,webtable-cl_optim-v=12-distilroberta-dj_adpt~qwen3_8b-dj_adpt
wikipedia-iso-country-codes.pq::English_short_name_lower_case,1.0,0.03333333333333333,1.0,0.03333333333333333,1.0,1.0,0.03333333333333333,1.0,0.16666666666666666,1.0,0.16666666666666666,1.0,1.0,0.16666666666666666,0.8,0.26666666666666666,1.0,0.3333333333333333,1.0,1.0,0.2587962962962963,0.7333333333333333,0.36666666666666664,1.0,0.5,1.0,1.0,0.34205192955192953,0.6,0.4,1.0,0.6666666666666666,1.0,1.0,0.36705192955192956,0.52,0.43333333333333335,1.0,0.8333333333333334,1.0,1.0,0.38589250926207447,0.43333333333333335,0.43333333333333335,1.0,1.0,1.0,1.0,0.38589250926207447,0.42857142857142855,0.5,0.8571428571428571,1.0,1.0,1.0,0.41609778785444984,0.375,0.5,0.75,1.0,1.0,1.0,0.41609778785444984,0.3333333333333333,0.5,0.6666666666666666,1.0,1.0,1.0,0.41609778785444984,0.3,0.5,0.6,1.0,1.0,1.0,0.41609778785444984,mini_l12-dj_adpt,1,webtable-cl_optim-v=12-distilroberta-dj_adpt~qwen3_8b-dj_adpt
affirmative_asylum.pq::ContinentCountryofNationality,0.0,0.0,1.0,0.03125,0.0,0.0,0.0,0.4,0.0625,1.0,0.15625,1.0,0.3333333333333333,0.02291666666666667,0.6,0.1875,1.0,0.3125,1.0,0.3333333333333333,0.09468005952380952,0.4,0.1875,1.0,0.46875,1.0,0.3333333333333333,0.09468005952380952,0.4,0.25,1.0,0.625,1.0,0.3333333333333333,0.12150982926065163,0.4,0.3125,1.0,0.78125,1.0,0.3333333333333333,0.1479235197368421,0.4,0.375,1.0,0.9375,1.0,0.3333333333333333,0.17227696801270417,0.37142857142857144,0.40625,0.9142857142857143,1.0,1.0,0.3333333333333333,0.18388411086984702,0.35,0.4375,0.8,1.0,1.0,0.3333333333333333,0.19510205958779575,0.3111111111111111,0.4375,0.7111111111111111,1.0,1.0,0.3333333333333333,0.19510205958779575,0.32,0.5,0.64,1.0,1.0,0.3333333333333333,0.21527954547576797,mini_l12-dj_adpt,1,webtable-cl_optim-v=12-distilroberta-dj_adpt~qwen3_8b-dj_adpt
countries_and_continents.pq::name,1.0,0.037037037037037035,1.0,0.037037037037037035,1.0,1.0,0.037037037037037035,1.0,0.18518518518518517,1.0,0.18518518518518517,1.0,1.0,0.18518518518518517,0.7,0.25925925925925924,1.0,0.37037037037037035,1.0,1.0,0.24285714285714285,0.5333333333333333,0.2962962962962963,1.0,0.5555555555555556,1.0,1.0,0.2656491656491657,0.5,0.37037037037037035,1.0,0.7407407407407407,1.0,1.0,0.30597567637041323,0.52,0.48148148148148145,1.0,0.9259259259259259,1.0,1.0,0.36307712564577554,0.43333333333333335,0.48148148148148145,0.9,1.0,1.0,1.0,0.36307712564577554,0.37142857142857144,0.48148148148148145,0.7714285714285715,1.0,1.0,1.0,0.36307712564577554,0.35,0.5185185185185185,0.675,1.0,1.0,1.0,0.3770911396597896,0.35555555555555557,0.5925925925925926,0.6,1.0,1.0,1.0,0.4047506226038254,0.34,0.6296296296296297,0.54,1.0,1.0,1.0,0.41814699770232805,mini_l12-dj_adpt,1,webtable-cl_optim-v=12-distilroberta-dj_adpt~qwen3_8b-dj_adpt
pte_postestactive.pq::Arg0,1.0,0.03125,1.0,0.03125,1.0,1.0,0.03125,1.0,0.15625,1.0,0.15625,1.0,1.0,0.15625,0.9,0.28125,1.0,0.3125,1.0,1.0,0.278125,0.7333333333333333,0.34375,1.0,0.46875,1.0,1.0,0.32336309523809526,0.65,0.40625,1.0,0.625,1.0,1.0,0.3634124373433584,0.64,0.5,1.0,0.78125,1.0,1.0,0.42367923576233074,0.6666666666666666,0.625,1.0,0.9375,1.0,1.0,0.5047519186669102,0.6571428571428571,0.71875,0.9142857142857143,1.0,1.0,1.0,0.5666287787859579,0.675,0.84375,0.8,1.0,1.0,1.0,0.6515931713161398,0.6222222222222222,0.875,0.7111111111111111,1.0,1.0,1.0,0.6724265046494732,0.58,0.90625,0.64,1.0,1.0,1.0,0.6909214026086568,mini_l12-dj_adpt,1,webtable-cl_optim-v=12-distilroberta-dj_adpt~qwen3_8b-dj_adpt
pte_five_ring.pq::Arg0,1.0,0.03125,1.0,0.03125,1.0,1.0,0.03125,1.0,0.15625,1.0,0.15625,1.0,1.0,0.15625,1.0,0.3125,1.0,0.3125,1.0,1.0,0.3125,1.0,0.46875,1.0,0.46875,1.0,1.0,0.46875,1.0,0.625,1.0,0.625,1.0,1.0,0.625,1.0,0.78125,1.0,0.78125,1.0,1.0,0.78125,0.9,0.84375,1.0,0.9375,1.0,1.0,0.8415948275862069,0.7714285714285715,0.84375,0.9142857142857143,1.0,1.0,1.0,0.8415948275862069,0.675,0.84375,0.8,1.0,1.0,1.0,0.8415948275862069,0.6,0.84375,0.7111111111111111,1.0,1.0,1.0,0.8415948275862069,0.58,0.90625,0.64,1.0,1.0,1.0,0.879496775049975,mini_l12-dj_adpt,1,webtable-cl_optim-v=12-distilroberta-dj_adpt~qwen3_8b-dj_adpt
MoviesOnStreamingPlatforms_updated.pq::Country,1.0,0.03333333333333333,1.0,0.03333333333333333,1.0,1.0,0.03333333333333333,1.0,0.16666666666666666,1.0,0.16666666666666666,1.0,1.0,0.16666666666666666,1.0,0.3333333333333333,1.0,0.3333333333333333,1.0,1.0,0.3333333333333333,1.0,0.5,1.0,0.5,1.0,1.0,0.5,0.85,0.5666666666666667,1.0,0.6666666666666666,1.0,1.0,0.5631578947368421,0.84,0.7,1.0,0.8333333333333334,1.0,1.0,0.6775027093425263,0.7,0.7,1.0,1.0,1.0,1.0,0.6775027093425263,0.6285714285714286,0.7333333333333333,0.8571428571428571,1.0,1.0,1.0,0.7011586233210209,0.55,0.7333333333333333,0.75,1.0,1.0,1.0,0.7011586233210209,0.5111111111111111,0.7666666666666667,0.6666666666666666,1.0,1.0,1.0,0.718988080685362,0.48,0.8,0.6,1.0,1.0,1.0,0.7349880806853619,mini_l12-dj_adpt,1,webtable-cl_optim-v=12-distilroberta-dj_adpt~qwen3_8b-dj_adpt
pte_amine.pq::Arg0,1.0,0.03125,1.0,0.03125,1.0,1.0,0.03125,1.0,0.15625,1.0,0.15625,1.0,1.0,0.15625,1.0,0.3125,1.0,0.3125,1.0,1.0,0.3125,1.0,0.46875,1.0,0.46875,1.0,1.0,0.46875,1.0,0.625,1.0,0.625,1.0,1.0,0.625,0.92,0.71875,1.0,0.78125,1.0,1.0,0.71875,0.8666666666666667,0.8125,1.0,0.9375,1.0,1.0,0.8055491961741962,0.7428571428571429,0.8125,0.9142857142857143,1.0,1.0,1.0,0.8055491961741962,0.65,0.8125,0.8,1.0,1.0,1.0,0.8055491961741962,0.6,0.84375,0.7111111111111111,1.0,1.0,1.0,0.8242991961741962,0.54,0.84375,0.64,1.0,1.0,1.0,0.8242991961741962,mini_l12-dj_adpt,1,webtable-cl_optim-v=12-distilroberta-dj_adpt~qwen3_8b-dj_adpt
AdventureWorks2014_salesTerritory.pq::Name,0.0,0.0,1.0,0.03333333333333333,0.0,0.0,0.0,0.6,0.1,1.0,0.16666666666666666,1.0,0.3333333333333333,0.04777777777777778,0.6,0.2,1.0,0.3333333333333333,1.0,0.3333333333333333,0.10765873015873016,0.5333333333333333,0.26666666666666666,1.0,0.5,1.0,0.3333333333333333,0.14938367188367188,0.45,0.3,1.0,0.6666666666666666,1.0,0.3333333333333333,0.16813367188367187,0.44,0.36666666666666664,1.0,0.8333333333333334,1.0,0.3333333333333333,0.19867335442335443,0.36666666666666664,0.36666666666666664,1.0,1.0,1.0,0.3333333333333333,0.19867335442335443,0.37142857142857144,0.43333333333333335,0.8571428571428571,1.0,1.0,0.3333333333333333,0.22395753261075843,0.35,0.4666666666666667,0.75,1.0,1.0,0.3333333333333333,0.23657014522337103,0.3333333333333333,0.5,0.6666666666666666,1.0,1.0,0.3333333333333333,0.24793378158700738,0.32,0.5333333333333333,0.6,1.0,1.0,0.3333333333333333,0.2592812993175039,mini_l12-dj_adpt,1,webtable-cl_optim-v=12-distilroberta-dj_adpt~qwen3_8b-dj_adpt
whr2015.pq::Country,1.0,0.03333333333333333,1.0,0.03333333333333333,1.0,1.0,0.03333333333333333,1.0,0.16666666666666666,1.0,0.16666666666666666,1.0,1.0,0.16666666666666666,0.9,0.3,1.0,0.3333333333333333,1.0,1.0,0.3,0.9333333333333333,0.4666666666666667,1.0,0.5,1.0,1.0,0.4536913086913087,0.8,0.5333333333333333,1.0,0.6666666666666666,1.0,1.0,0.5081357531357532,0.72,0.6,1.0,0.8333333333333334,1.0,1.0,0.5557468642468641,0.7333333333333333,0.7333333333333333,1.0,1.0,1.0,1.0,0.6515955536587721,0.6571428571428571,0.7666666666666667,0.8571428571428571,1.0,1.0,1.0,0.673500315563534,0.625,0.8333333333333334,0.75,1.0,1.0,1.0,0.7170900591532775,0.5777777777777777,0.8666666666666667,0.6666666666666666,1.0,1.0,1.0,0.7382282705353913,0.54,0.9,0.6,1.0,1.0,1.0,0.7577934879266958,mini_l12-dj_adpt,1,webtable-cl_optim-v=12-distilroberta-dj_adpt~qwen3_8b-dj_adpt
countries_and_continents.pq::official_name_fr,1.0,0.037037037037037035,1.0,0.037037037037037035,1.0,1.0,0.037037037037037035,1.0,0.18518518518518517,1.0,0.18518518518518517,1.0,1.0,0.18518518518518517,0.7,0.25925925925925924,1.0,0.37037037037037035,1.0,1.0,0.25102880658436216,0.6,0.3333333333333333,1.0,0.5555555555555556,1.0,1.0,0.2995296884185773,0.45,0.3333333333333333,1.0,0.7407407407407407,1.0,1.0,0.2995296884185773,0.44,0.4074074074074074,1.0,0.9259259259259259,1.0,1.0,0.3356848912404468,0.36666666666666664,0.4074074074074074,0.9,1.0,1.0,1.0,0.3356848912404468,0.3142857142857143,0.4074074074074074,0.7714285714285715,1.0,1.0,1.0,0.3356848912404468,0.275,0.4074074074074074,0.675,1.0,1.0,1.0,0.3356848912404468,0.28888888888888886,0.48148148148148145,0.6,1.0,1.0,1.0,0.35722458811889707,0.28,0.5185185185185185,0.54,1.0,1.0,1.0,0.3682568970235464,mini_l12-dj_adpt,1,webtable-cl_optim-v=12-distilroberta-dj_adpt~qwen3_8b-dj_adpt
pte_has_property.pq::Arg0,1.0,0.03125,1.0,0.03125,1.0,1.0,0.03125,1.0,0.15625,1.0,0.15625,1.0,1.0,0.15625,1.0,0.3125,1.0,0.3125,1.0,1.0,0.3125,1.0,0.46875,1.0,0.46875,1.0,1.0,0.46875,1.0,0.625,1.0,0.625,1.0,1.0,0.625,0.88,0.6875,1.0,0.78125,1.0,1.0,0.6875,0.7333333333333333,0.6875,1.0,0.9375,1.0,1.0,0.6875,0.6571428571428571,0.71875,0.9142857142857143,1.0,1.0,1.0,0.7106854838709677,0.575,0.71875,0.8,1.0,1.0,1.0,0.7106854838709677,0.5777777777777777,0.8125,0.7111111111111111,1.0,1.0,1.0,0.7660452663648966,0.54,0.84375,0.64,1.0,1.0,1.0,0.7829202663648965,mini_l12-dj_adpt,1,webtable-cl_optim-v=12-distilroberta-dj_adpt~qwen3_8b-dj_adpt
cwurData.pq::country,1.0,0.03333333333333333,1.0,0.03333333333333333,1.0,1.0,0.03333333333333333,1.0,0.16666666666666666,1.0,0.16666666666666666,1.0,1.0,0.16666666666666666,1.0,0.3333333333333333,1.0,0.3333333333333333,1.0,1.0,0.3333333333333333,0.9333333333333333,0.4666666666666667,1.0,0.5,1.0,1.0,0.46444444444444444,0.9,0.6,1.0,0.6666666666666666,1.0,1.0,0.5851486354775829,0.72,0.6,1.0,0.8333333333333334,1.0,1.0,0.5851486354775829,0.6333333333333333,0.6333333333333333,1.0,1.0,1.0,1.0,0.6069877159373529,0.5714285714285714,0.6666666666666666,0.8571428571428571,1.0,1.0,1.0,0.6271897361393731,0.525,0.7,0.75,1.0,1.0,1.0,0.6446897361393732,0.5111111111111111,0.7666666666666667,0.6666666666666666,1.0,1.0,1.0,0.679574296023933,0.48,0.8,0.6,1.0,1.0,1.0,0.6955742960239331,mini_l6-dj_adpt,2,webtable-cl_optim-v=12-distilroberta-dj_adpt~qwen3_8b-dj_adpt
countries_and_continents.pq::ISO4217-currency_country_name,1.0,0.037037037037037035,1.0,0.037037037037037035,1.0,1.0,0.037037037037037035,0.8,0.14814814814814814,1.0,0.18518518518518517,1.0,1.0,0.14814814814814814,0.7,0.25925925925925924,1.0,0.37037037037037035,1.0,1.0,0.239564961787184,0.6666666666666666,0.37037037037037035,1.0,0.5555555555555556,1.0,1.0,0.31859704081926304,0.6,0.4444444444444444,1.0,0.7407407407407407,1.0,1.0,0.36595399529696054,0.56,0.5185185185185185,1.0,0.9259259259259259,1.0,1.0,0.4076287134934179,0.5,0.5555555555555556,0.9,1.0,1.0,1.0,0.42820484518066065,0.4857142857142857,0.6296296296296297,0.7714285714285715,1.0,1.0,1.0,0.4636234570698608,0.425,0.6296296296296297,0.675,1.0,1.0,1.0,0.4636234570698608,0.37777777777777777,0.6296296296296297,0.6,1.0,1.0,1.0,0.4636234570698608,0.34,0.6296296296296297,0.54,1.0,1.0,1.0,0.4636234570698608,mini_l6-dj_adpt,2,webtable-cl_optim-v=12-distilroberta-dj_adpt~qwen3_8b-dj_adpt
pte_imine.pq::Arg0,1.0,0.03125,1.0,0.03125,1.0,1.0,0.03125,1.0,0.15625,1.0,0.15625,1.0,1.0,0.15625,1.0,0.3125,1.0,0.3125,1.0,1.0,0.3125,0.8666666666666667,0.40625,1.0,0.46875,1.0,1.0,0.3970753205128205,0.85,0.53125,1.0,0.625,1.0,1.0,0.5048708893982694,0.8,0.625,1.0,0.78125,1.0,1.0,0.5858191530910983,0.7,0.65625,1.0,0.9375,1.0,1.0,0.6092566530910983,0.6285714285714286,0.6875,0.9142857142857143,1.0,1.0,1.0,0.6294772413263925,0.6,0.75,0.8,1.0,1.0,1.0,0.6686397591073313,0.6,0.84375,0.7111111111111111,1.0,1.0,1.0,0.724886298420731,0.54,0.84375,0.64,1.0,1.0,1.0,0.724886298420731,mini_l6-dj_adpt,2,webtable-cl_optim-v=12-distilroberta-dj_adpt~qwen3_8b-dj_adpt
countries_and_continents.pq::official_name_en,1.0,0.037037037037037035,1.0,0.037037037037037035,1.0,1.0,0.037037037037037035,1.0,0.18518518518518517,1.0,0.18518518518518517,1.0,1.0,0.18518518518518517,0.7,0.25925925925925924,1.0,0.37037037037037035,1.0,1.0,0.25102880658436216,0.5333333333333333,0.2962962962962963,1.0,0.5555555555555556,1.0,1.0,0.2757201646090535,0.5,0.37037037037037035,1.0,0.7407407407407407,1.0,1.0,0.31712962962962965,0.48,0.4444444444444444,1.0,0.9259259259259259,1.0,1.0,0.3541666666666667,0.43333333333333335,0.48148148148148145,0.9,1.0,1.0,1.0,0.3719993141289437,0.4,0.5185185185185185,0.7714285714285715,1.0,1.0,1.0,0.38681412894375855,0.35,0.5185185185185185,0.675,1.0,1.0,1.0,0.38681412894375855,0.3111111111111111,0.5185185185185185,0.6,1.0,1.0,1.0,0.38681412894375855,0.3,0.5555555555555556,0.54,1.0,1.0,1.0,0.3979252400548697,mini_l6-dj_adpt,2,webtable-cl_optim-v=12-distilroberta-dj_adpt~qwen3_8b-dj_adpt
world_country.pq::Name,1.0,0.034482758620689655,1.0,0.034482758620689655,1.0,1.0,0.034482758620689655,1.0,0.1724137931034483,1.0,0.1724137931034483,1.0,1.0,0.1724137931034483,0.8,0.27586206896551724,1.0,0.3448275862068966,1.0,1.0,0.27586206896551724,0.6666666666666666,0.3448275862068966,1.0,0.5172413793103449,1.0,1.0,0.32436528988253127,0.65,0.4482758620689655,1.0,0.6896551724137931,1.0,1.0,0.3908700406031462,0.56,0.4827586206896552,1.0,0.8620689655172413,1.0,1.0,0.41098498313188186,0.4666666666666667,0.4827586206896552,0.9666666666666667,1.0,1.0,1.0,0.41098498313188186,0.42857142857142855,0.5172413793103449,0.8285714285714286,1.0,1.0,1.0,0.4276701889160865,0.425,0.5862068965517241,0.725,1.0,1.0,1.0,0.4572201912428583,0.4,0.6206896551724138,0.6444444444444445,1.0,1.0,1.0,0.47199851636601103,0.38,0.6551724137931034,0.58,1.0,1.0,1.0,0.4851019646418731,mini_l6-dj_adpt,2,webtable-cl_optim-v=12-distilroberta-dj_adpt~qwen3_8b-dj_adpt
pte_nitro.pq::Arg0,1.0,0.03125,1.0,0.03125,1.0,1.0,0.03125,0.8,0.125,1.0,0.15625,1.0,1.0,0.1109375,0.7,0.21875,1.0,0.3125,1.0,1.0,0.19110863095238095,0.6,0.28125,1.0,0.46875,1.0,1.0,0.2304286858974359,0.65,0.40625,1.0,0.625,1.0,1.0,0.31132635746606335,0.6,0.46875,1.0,0.78125,1.0,1.0,0.35346650898121484,0.6,0.5625,1.0,0.9375,1.0,1.0,0.4097082417854477,0.6,0.65625,0.9142857142857143,1.0,1.0,1.0,0.4682790812282629,0.6,0.75,0.8,1.0,1.0,1.0,0.5250054052243237,0.5777777777777777,0.8125,0.7111111111111111,1.0,1.0,1.0,0.5616399189663956,0.52,0.8125,0.64,1.0,1.0,1.0,0.5616399189663956,mini_l6-dj_adpt,2,webtable-cl_optim-v=12-distilroberta-dj_adpt~qwen3_8b-dj_adpt
pte_sulfide.pq::Arg0,1.0,0.03125,1.0,0.03125,1.0,1.0,0.03125,1.0,0.15625,1.0,0.15625,1.0,1.0,0.15625,1.0,0.3125,1.0,0.3125,1.0,1.0,0.3125,1.0,0.46875,1.0,0.46875,1.0,1.0,0.46875,1.0,0.625,1.0,0.625,1.0,1.0,0.625,0.84,0.65625,1.0,0.78125,1.0,1.0,0.6535326086956522,0.7333333333333333,0.6875,1.0,0.9375,1.0,1.0,0.6764492753623188,0.6571428571428571,0.71875,0.9142857142857143,1.0,1.0,1.0,0.6996347592332866,0.6,0.75,0.8,1.0,1.0,1.0,0.7188655284640558,0.5555555555555556,0.78125,0.7111111111111111,1.0,1.0,1.0,0.7370341331152186,0.52,0.8125,0.64,1.0,1.0,1.0,0.753961216448552,mini_l6-dj_adpt,2,webtable-cl_optim-v=12-distilroberta-dj_adpt~qwen3_8b-dj_adpt
pte_non_ar_hetero_6_ring.pq::Arg0,1.0,0.03125,1.0,0.03125,1.0,1.0,0.03125,1.0,0.15625,1.0,0.15625,1.0,1.0,0.15625,1.0,0.3125,1.0,0.3125,1.0,1.0,0.3125,1.0,0.46875,1.0,0.46875,1.0,1.0,0.46875,0.95,0.59375,1.0,0.625,1.0,1.0,0.5921875,0.8,0.625,1.0,0.78125,1.0,1.0,0.6219494047619047,0.7,0.65625,1.0,0.9375,1.0,1.0,0.6462549603174603,0.6285714285714286,0.6875,0.9142857142857143,1.0,1.0,1.0,0.6658978174603175,0.6,0.75,0.8,1.0,1.0,1.0,0.7030773046398047,0.5555555555555556,0.78125,0.7111111111111111,1.0,1.0,1.0,0.7204384157509157,0.52,0.8125,0.64,1.0,1.0,1.0,0.7373654990842491,mini_l6-dj_adpt,2,webtable-cl_optim-v=12-distilroberta-dj_adpt~qwen3_8b-dj_adpt
Word_University_Rank_2020.pq::Country,1.0,0.03333333333333333,1.0,0.03333333333333333,1.0,1.0,0.03333333333333333,1.0,0.16666666666666666,1.0,0.16666666666666666,1.0,1.0,0.16666666666666666,1.0,0.3333333333333333,1.0,0.3333333333333333,1.0,1.0,0.3333333333333333,0.9333333333333333,0.4666666666666667,1.0,0.5,1.0,1.0,0.4666666666666667,0.85,0.5666666666666667,1.0,0.6666666666666666,1.0,1.0,0.5524819401444788,0.72,0.6,1.0,0.8333333333333334,1.0,1.0,0.5785688966662179,0.6333333333333333,0.6333333333333333,1.0,1.0,1.0,1.0,0.599680007777329,0.6,0.7,0.8571428571428571,1.0,1.0,1.0,0.6423975053335362,0.6,0.8,0.75,1.0,1.0,1.0,0.7018754448114758,0.5333333333333333,0.8,0.6666666666666666,1.0,1.0,1.0,0.7018754448114758,0.52,0.8666666666666667,0.6,1.0,1.0,1.0,0.7376614968209321,mini_l6-dj_adpt,2,webtable-cl_optim-v=12-distilroberta-dj_adpt~qwen3_8b-dj_adpt
gender_development.pq::Country,1.0,0.03333333333333333,1.0,0.03333333333333333,1.0,1.0,0.03333333333333333,1.0,0.16666666666666666,1.0,0.16666666666666666,1.0,1.0,0.16666666666666666,1.0,0.3333333333333333,1.0,0.3333333333333333,1.0,1.0,0.3333333333333333,1.0,0.5,1.0,0.5,1.0,1.0,0.5,0.95,0.6333333333333333,1.0,0.6666666666666666,1.0,1.0,0.6299122807017544,0.84,0.7,1.0,0.8333333333333334,1.0,1.0,0.6896583124477862,0.7333333333333333,0.7333333333333333,1.0,1.0,1.0,1.0,0.7178634406529143,0.7142857142857143,0.8333333333333334,0.8571428571428571,1.0,1.0,1.0,0.7906465715005613,0.675,0.9,0.75,1.0,1.0,1.0,0.8377975686515584,0.6,0.9,0.6666666666666666,1.0,1.0,1.0,0.8377975686515584,0.54,0.9,0.6,1.0,1.0,1.0,0.8377975686515584,mini_l6-dj_adpt,2,webtable-cl_optim-v=12-distilroberta-dj_adpt~qwen3_8b-dj_adpt
pte_testactive_Neg.pq::Arg0,1.0,0.03125,1.0,0.03125,1.0,1.0,0.03125,1.0,0.15625,1.0,0.15625,1.0,1.0,0.15625,1.0,0.3125,1.0,0.3125,1.0,1.0,0.3125,0.8,0.375,1.0,0.46875,1.0,1.0,0.3679315476190476,0.7,0.4375,1.0,0.625,1.0,1.0,0.4163484884085213,0.64,0.5,1.0,0.78125,1.0,1.0,0.4558797384085213,0.6,0.5625,1.0,0.9375,1.0,1.0,0.4971457640495469,0.6285714285714286,0.6875,0.9142857142857143,1.0,1.0,1.0,0.574774567587091,0.575,0.71875,0.8,1.0,1.0,1.0,0.5942002432627667,0.5333333333333333,0.75,0.7111111111111111,1.0,1.0,1.0,0.6108669099294334,0.5,0.78125,0.64,1.0,1.0,1.0,0.6264919099294334,mini_l6-dj_adpt,2,webtable-cl_optim-v=12-distilroberta-dj_adpt~qwen3_8b-dj_adpt
edu.pq::country,1.0,0.03333333333333333,1.0,0.03333333333333333,1.0,1.0,0.03333333333333333,0.4,0.06666666666666667,1.0,0.16666666666666666,1.0,1.0,0.04666666666666666,0.4,0.13333333333333333,1.0,0.3333333333333333,1.0,1.0,0.0725,0.3333333333333333,0.16666666666666666,1.0,0.5,1.0,1.0,0.0844047619047619,0.4,0.26666666666666666,1.0,0.6666666666666666,1.0,1.0,0.12112990810359232,0.36,0.3,1.0,0.8333333333333334,1.0,1.0,0.13362990810359232,0.3,0.3,1.0,1.0,1.0,1.0,0.13362990810359232,0.4,0.4666666666666667,0.8571428571428571,1.0,1.0,1.0,0.19404057310272982,0.375,0.5,0.75,1.0,1.0,1.0,0.2065405731027298,0.35555555555555557,0.5333333333333333,0.6666666666666666,1.0,1.0,1.0,0.21839242495458164,0.36,0.6,0.6,1.0,1.0,1.0,0.24294916254323415,mini_l6-dj_adpt,2,webtable-cl_optim-v=12-distilroberta-dj_adpt~qwen3_8b-dj_adpt
AdventureWorks2014_CountryRegion.pq::Name,1.0,0.03333333333333333,1.0,0.03333333333333333,1.0,1.0,0.03333333333333333,1.0,0.16666666666666666,1.0,0.16666666666666666,1.0,1.0,0.16666666666666666,0.9,0.3,1.0,0.3333333333333333,1.0,1.0,0.3,0.7333333333333333,0.36666666666666664,1.0,0.5,1.0,1.0,0.34825396825396826,0.6,0.4,1.0,0.6666666666666666,1.0,1.0,0.3717833800186741,0.52,0.43333333333333335,1.0,0.8333333333333334,1.0,1.0,0.3914803497156438,0.5333333333333333,0.5333333333333333,1.0,1.0,1.0,1.0,0.44501224778777176,0.4857142857142857,0.5666666666666667,0.8571428571428571,1.0,1.0,1.0,0.4627205811211051,0.425,0.5666666666666667,0.75,1.0,1.0,1.0,0.4627205811211051,0.4,0.6,0.6666666666666666,1.0,1.0,1.0,0.4773547274625685,0.4,0.6666666666666666,0.6,1.0,1.0,1.0,0.5050117322934864,mini_l6-dj_adpt,2,webtable-cl_optim-v=12-distilroberta-dj_adpt~qwen3_8b-dj_adpt
pte_methoxy.pq::Arg0,1.0,0.03125,1.0,0.03125,1.0,1.0,0.03125,1.0,0.15625,1.0,0.15625,1.0,1.0,0.15625,0.9,0.28125,1.0,0.3125,1.0,1.0,0.28125,0.8,0.375,1.0,0.46875,1.0,1.0,0.354842032967033,0.75,0.46875,1.0,0.625,1.0,1.0,0.42669647375650666,0.64,0.5,1.0,0.78125,1.0,1.0,0.44752980708983997,0.6666666666666666,0.625,1.0,0.9375,1.0,1.0,0.5308345232070562,0.6571428571428571,0.71875,0.9142857142857143,1.0,1.0,1.0,0.5927113833261037,0.625,0.78125,0.8,1.0,1.0,1.0,0.6330137048784252,0.5777777777777777,0.8125,0.7111111111111111,1.0,1.0,1.0,0.652830778049157,0.54,0.84375,0.64,1.0,1.0,1.0,0.670050165804259,mini_l6-dj_adpt,2,webtable-cl_optim-v=12-distilroberta-dj_adpt~qwen3_8b-dj_adpt
world-cities.pq::country,1.0,0.03333333333333333,1.0,0.03333333333333333,1.0,1.0,0.03333333333333333,1.0,0.16666666666666666,1.0,0.16666666666666666,1.0,1.0,0.16666666666666666,1.0,0.3333333333333333,1.0,0.3333333333333333,1.0,1.0,0.3333333333333333,1.0,0.5,1.0,0.5,1.0,1.0,0.5,0.95,0.6333333333333333,1.0,0.6666666666666666,1.0,1.0,0.6333333333333333,0.76,0.6333333333333333,1.0,0.8333333333333334,1.0,1.0,0.6333333333333333,0.6333333333333333,0.6333333333333333,1.0,1.0,1.0,1.0,0.6333333333333333,0.5714285714285714,0.6666666666666666,0.8571428571428571,1.0,1.0,1.0,0.6535353535353535,0.525,0.7,0.75,1.0,1.0,1.0,0.6724542724542725,0.4888888888888889,0.7333333333333333,0.6666666666666666,1.0,1.0,1.0,0.6887505687505687,0.48,0.8,0.6,1.0,1.0,1.0,0.7210493215850359,mini_l6-dj_adpt,2,webtable-cl_optim-v=12-distilroberta-dj_adpt~qwen3_8b-dj_adpt
movies.pq::country,1.0,0.03333333333333333,1.0,0.03333333333333333,1.0,1.0,0.03333333333333333,1.0,0.16666666666666666,1.0,0.16666666666666666,1.0,1.0,0.16666666666666666,1.0,0.3333333333333333,1.0,0.3333333333333333,1.0,1.0,0.3333333333333333,0.9333333333333333,0.4666666666666667,1.0,0.5,1.0,1.0,0.45672161172161174,0.9,0.6,1.0,0.6666666666666666,1.0,1.0,0.580825642222701,0.76,0.6333333333333333,1.0,0.8333333333333334,1.0,1.0,0.6109843723814312,0.6333333333333333,0.6333333333333333,1.0,1.0,1.0,1.0,0.6109843723814312,0.6,0.7,0.8571428571428571,1.0,1.0,1.0,0.6530298269268858,0.6,0.8,0.75,1.0,1.0,1.0,0.7125077664048252,0.5333333333333333,0.8,0.6666666666666666,1.0,1.0,1.0,0.7125077664048252,0.48,0.8,0.6,1.0,1.0,1.0,0.7125077664048252,mini_l6-dj_adpt,2,webtable-cl_optim-v=12-distilroberta-dj_adpt~qwen3_8b-dj_adpt
countries_data.pq::CountryName,1.0,0.03333333333333333,1.0,0.03333333333333333,1.0,1.0,0.03333333333333333,1.0,0.16666666666666666,1.0,0.16666666666666666,1.0,1.0,0.16666666666666666,1.0,0.3333333333333333,1.0,0.3333333333333333,1.0,1.0,0.3333333333333333,0.8,0.4,1.0,0.5,1.0,1.0,0.3882051282051282,0.85,0.5666666666666667,1.0,0.6666666666666666,1.0,1.0,0.526920728480326,0.76,0.6333333333333333,1.0,0.8333333333333334,1.0,1.0,0.5842800358396334,0.6666666666666666,0.6666666666666666,1.0,1.0,1.0,1.0,0.6080895596491571,0.5714285714285714,0.6666666666666666,0.8571428571428571,1.0,1.0,1.0,0.6080895596491571,0.55,0.7333333333333333,0.75,1.0,1.0,1.0,0.6448439456140694,0.5333333333333333,0.8,0.6666666666666666,1.0,1.0,1.0,0.6800459658160897,0.5,0.8333333333333334,0.6,1.0,1.0,1.0,0.6981619078450751,mini_l6-dj_adpt,2,webtable-cl_optim-v=12-distilroberta-dj_adpt~qwen3_8b-dj_adpt
pte_alcohol.pq::Arg0,1.0,0.03125,1.0,0.03125,1.0,1.0,0.03125,1.0,0.15625,1.0,0.15625,1.0,1.0,0.15625,1.0,0.3125,1.0,0.3125,1.0,1.0,0.3125,0.7333333333333333,0.34375,1.0,0.46875,1.0,1.0,0.3389423076923077,0.7,0.4375,1.0,0.625,1.0,1.0,0.4065968914556376,0.64,0.5,1.0,0.78125,1.0,1.0,0.44964284007223837,0.6666666666666666,0.625,1.0,0.9375,1.0,1.0,0.5329475561894544,0.6,0.65625,0.9142857142857143,1.0,1.0,1.0,0.5522490267776898,0.55,0.6875,0.8,1.0,1.0,1.0,0.5694365267776897,0.4888888888888889,0.6875,0.7111111111111111,1.0,1.0,1.0,0.5694365267776897,0.44,0.6875,0.64,1.0,1.0,1.0,0.5694365267776897,mini_l6-dj_adpt,2,webtable-cl_optim-v=12-distilroberta-dj_adpt~qwen3_8b-dj_adpt
pte_phenol.pq::Arg0,1.0,0.03125,1.0,0.03125,1.0,1.0,0.03125,1.0,0.15625,1.0,0.15625,1.0,1.0,0.15625,0.9,0.28125,1.0,0.3125,1.0,1.0,0.28125,0.8,0.375,1.0,0.46875,1.0,1.0,0.36051968864468864,0.7,0.4375,1.0,0.625,1.0,1.0,0.4049641330891331,0.64,0.5,1.0,0.78125,1.0,1.0,0.44728556166056166,0.6,0.5625,1.0,0.9375,1.0,1.0,0.4885515873015873,0.6285714285714286,0.6875,0.9142857142857143,1.0,1.0,1.0,0.5661803908391313,0.575,0.71875,0.8,1.0,1.0,1.0,0.5846098780186185,0.5555555555555556,0.78125,0.7111111111111111,1.0,1.0,1.0,0.6215037514216383,0.5,0.78125,0.64,1.0,1.0,1.0,0.6215037514216383,mini_l6-dj_adpt,2,webtable-cl_optim-v=12-distilroberta-dj_adpt~qwen3_8b-dj_adpt
pte_ester.pq::Arg0,1.0,0.03125,1.0,0.03125,1.0,1.0,0.03125,1.0,0.15625,1.0,0.15625,1.0,1.0,0.15625,1.0,0.3125,1.0,0.3125,1.0,1.0,0.3125,1.0,0.46875,1.0,0.46875,1.0,1.0,0.46875,1.0,0.625,1.0,0.625,1.0,1.0,0.625,0.96,0.75,1.0,0.78125,1.0,1.0,0.75,0.8333333333333334,0.78125,1.0,0.9375,1.0,1.0,0.7760416666666666,0.7142857142857143,0.78125,0.9142857142857143,1.0,1.0,1.0,0.7760416666666666,0.65,0.8125,0.8,1.0,1.0,1.0,0.7986111111111112,0.5777777777777777,0.8125,0.7111111111111111,1.0,1.0,1.0,0.7986111111111112,0.52,0.8125,0.64,1.0,1.0,1.0,0.7986111111111112,mini_l6-dj_adpt,2,webtable-cl_optim-v=12-distilroberta-dj_adpt~qwen3_8b-dj_adpt
pte_non_ar_hetero_5_ring.pq::Arg0,1.0,0.03125,1.0,0.03125,1.0,1.0,0.03125,1.0,0.15625,1.0,0.15625,1.0,1.0,0.15625,1.0,0.3125,1.0,0.3125,1.0,1.0,0.3125,1.0,0.46875,1.0,0.46875,1.0,1.0,0.46875,0.9,0.5625,1.0,0.625,1.0,1.0,0.5625,0.76,0.59375,1.0,0.78125,1.0,1.0,0.5883152173913043,0.7,0.65625,1.0,0.9375,1.0,1.0,0.6357911789297659,0.6571428571428571,0.71875,0.9142857142857143,1.0,1.0,1.0,0.6791083041669576,0.6,0.75,0.8,1.0,1.0,1.0,0.6999416375002909,0.5555555555555556,0.78125,0.7111111111111111,1.0,1.0,1.0,0.717302748611402,0.52,0.8125,0.64,1.0,1.0,1.0,0.7342298319447353,mini_l6-dj_adpt,2,webtable-cl_optim-v=12-distilroberta-dj_adpt~qwen3_8b-dj_adpt
population_by_country_2020.pq::CountryDependency,1.0,0.03333333333333333,1.0,0.03333333333333333,1.0,1.0,0.03333333333333333,1.0,0.16666666666666666,1.0,0.16666666666666666,1.0,1.0,0.16666666666666666,1.0,0.3333333333333333,1.0,0.3333333333333333,1.0,1.0,0.3333333333333333,1.0,0.5,1.0,0.5,1.0,1.0,0.5,0.85,0.5666666666666667,1.0,0.6666666666666666,1.0,1.0,0.5666666666666667,0.76,0.6333333333333333,1.0,0.8333333333333334,1.0,1.0,0.621475625823452,0.6666666666666666,0.6666666666666666,1.0,1.0,1.0,1.0,0.6444641315705784,0.6,0.7,0.8571428571428571,1.0,1.0,1.0,0.6663391315705784,0.55,0.7333333333333333,0.75,1.0,1.0,1.0,0.6867095019409487,0.5333333333333333,0.8,0.6666666666666666,1.0,1.0,1.0,0.7219115221429689,0.52,0.8666666666666667,0.6,1.0,1.0,1.0,0.7580830197275099,mini_l6-dj_adpt,2,webtable-cl_optim-v=12-distilroberta-dj_adpt~qwen3_8b-dj_adpt
pte_non_ar_5c_ring.pq::Arg0,1.0,0.03125,1.0,0.03125,1.0,1.0,0.03125,1.0,0.15625,1.0,0.15625,1.0,1.0,0.15625,1.0,0.3125,1.0,0.3125,1.0,1.0,0.3125,0.9333333333333333,0.4375,1.0,0.46875,1.0,1.0,0.4307806776556777,0.95,0.59375,1.0,0.625,1.0,1.0,0.5782959694083436,0.84,0.65625,1.0,0.78125,1.0,1.0,0.6352376690130868,0.7,0.65625,1.0,0.9375,1.0,1.0,0.6352376690130868,0.6857142857142857,0.75,0.9142857142857143,1.0,1.0,1.0,0.7006239628267998,0.65,0.8125,0.8,1.0,1.0,1.0,0.742016506686449,0.6,0.84375,0.7111111111111111,1.0,1.0,1.0,0.7611926430500854,0.54,0.84375,0.64,1.0,1.0,1.0,0.7611926430500854,mini_l6-dj_adpt,2,webtable-cl_optim-v=12-distilroberta-dj_adpt~qwen3_8b-dj_adpt
fifa_ranking.pq::country_full,1.0,0.03333333333333333,1.0,0.03333333333333333,1.0,1.0,0.03333333333333333,1.0,0.16666666666666666,1.0,0.16666666666666666,1.0,1.0,0.16666666666666666,1.0,0.3333333333333333,1.0,0.3333333333333333,1.0,1.0,0.3333333333333333,1.0,0.5,1.0,0.5,1.0,1.0,0.5,0.85,0.5666666666666667,1.0,0.6666666666666666,1.0,1.0,0.5666666666666667,0.72,0.6,1.0,0.8333333333333334,1.0,1.0,0.5916666666666667,0.6666666666666666,0.6666666666666666,1.0,1.0,1.0,1.0,0.6381119625372499,0.6285714285714286,0.7333333333333333,0.8571428571428571,1.0,1.0,1.0,0.6815555899882303,0.575,0.7666666666666667,0.75,1.0,1.0,1.0,0.7017310285847215,0.5111111111111111,0.7666666666666667,0.6666666666666666,1.0,1.0,1.0,0.7017310285847215,0.48,0.8,0.6,1.0,1.0,1.0,0.7180575591969663,mini_l6-dj_adpt,2,webtable-cl_optim-v=12-distilroberta-dj_adpt~qwen3_8b-dj_adpt
countries_of_the_world.pq::Country,1.0,0.03333333333333333,1.0,0.03333333333333333,1.0,1.0,0.03333333333333333,1.0,0.16666666666666666,1.0,0.16666666666666666,1.0,1.0,0.16666666666666666,1.0,0.3333333333333333,1.0,0.3333333333333333,1.0,1.0,0.3333333333333333,1.0,0.5,1.0,0.5,1.0,1.0,0.5,0.9,0.6,1.0,0.6666666666666666,1.0,1.0,0.5966666666666666,0.88,0.7333333333333333,1.0,0.8333333333333334,1.0,1.0,0.7129400527009223,0.7333333333333333,0.7333333333333333,1.0,1.0,1.0,1.0,0.7129400527009223,0.7428571428571429,0.8666666666666667,0.8571428571428571,1.0,1.0,1.0,0.8126856655110511,0.65,0.8666666666666667,0.75,1.0,1.0,1.0,0.8126856655110511,0.5777777777777777,0.8666666666666667,0.6666666666666666,1.0,1.0,1.0,0.8126856655110511,0.52,0.8666666666666667,0.6,1.0,1.0,1.0,0.8126856655110511,mini_l6-dj_adpt,2,webtable-cl_optim-v=12-distilroberta-dj_adpt~qwen3_8b-dj_adpt
pte_ketone.pq::Arg0,1.0,0.03125,1.0,0.03125,1.0,1.0,0.03125,1.0,0.15625,1.0,0.15625,1.0,1.0,0.15625,1.0,0.3125,1.0,0.3125,1.0,1.0,0.3125,1.0,0.46875,1.0,0.46875,1.0,1.0,0.46875,0.9,0.5625,1.0,0.625,1.0,1.0,0.5625,0.8,0.625,1.0,0.78125,1.0,1.0,0.6191829004329005,0.6666666666666666,0.625,1.0,0.9375,1.0,1.0,0.6191829004329005,0.6,0.65625,0.9142857142857143,1.0,1.0,1.0,0.6384843710211358,0.525,0.65625,0.8,1.0,1.0,1.0,0.6384843710211358,0.4666666666666667,0.65625,0.7111111111111111,1.0,1.0,1.0,0.6384843710211358,0.46,0.71875,0.64,1.0,1.0,1.0,0.6674870305956038,mini_l6-dj_adpt,2,webtable-cl_optim-v=12-distilroberta-dj_adpt~qwen3_8b-dj_adpt
who_suicide_statistics.pq::country,1.0,0.03333333333333333,1.0,0.03333333333333333,1.0,1.0,0.03333333333333333,1.0,0.16666666666666666,1.0,0.16666666666666666,1.0,1.0,0.16666666666666666,1.0,0.3333333333333333,1.0,0.3333333333333333,1.0,1.0,0.3333333333333333,1.0,0.5,1.0,0.5,1.0,1.0,0.5,1.0,0.6666666666666666,1.0,0.6666666666666666,1.0,1.0,0.6666666666666666,0.92,0.7666666666666667,1.0,0.8333333333333334,1.0,1.0,0.7597070707070708,0.8333333333333334,0.8333333333333334,1.0,1.0,1.0,1.0,0.8192119336602095,0.7428571428571429,0.8666666666666667,0.8571428571428571,1.0,1.0,1.0,0.8439738384221143,0.675,0.9,0.75,1.0,1.0,1.0,0.8682981627464386,0.6,0.9,0.6666666666666666,1.0,1.0,1.0,0.8682981627464386,0.54,0.9,0.6,1.0,1.0,1.0,0.8682981627464386,mini_l6-dj_adpt,2,webtable-cl_optim-v=12-distilroberta-dj_adpt~qwen3_8b-dj_adpt
UKDebate.pq::country,1.0,0.03333333333333333,1.0,0.03333333333333333,1.0,1.0,0.03333333333333333,0.6,0.1,1.0,0.16666666666666666,1.0,1.0,0.07,0.7,0.23333333333333334,1.0,0.3333333333333333,1.0,1.0,0.15543650793650793,0.6,0.3,1.0,0.5,1.0,1.0,0.19448412698412698,0.6,0.4,1.0,0.6666666666666666,1.0,1.0,0.25446234049175226,0.52,0.43333333333333335,1.0,0.8333333333333334,1.0,1.0,0.27330292020189717,0.43333333333333335,0.43333333333333335,1.0,1.0,1.0,1.0,0.27330292020189717,0.37142857142857144,0.43333333333333335,0.8571428571428571,1.0,1.0,1.0,0.27330292020189717,0.4,0.5333333333333333,0.75,1.0,1.0,1.0,0.31241972931870626,0.37777777777777777,0.5666666666666667,0.6666666666666666,1.0,1.0,1.0,0.32501232191129886,0.38,0.6333333333333333,0.6,1.0,1.0,1.0,0.35070344942613463,mini_l6-dj_adpt,2,webtable-cl_optim-v=12-distilroberta-dj_adpt~qwen3_8b-dj_adpt
World_countries_env_vars.pq::Country,1.0,0.03333333333333333,1.0,0.03333333333333333,1.0,1.0,0.03333333333333333,1.0,0.16666666666666666,1.0,0.16666666666666666,1.0,1.0,0.16666666666666666,1.0,0.3333333333333333,1.0,0.3333333333333333,1.0,1.0,0.3333333333333333,1.0,0.5,1.0,0.5,1.0,1.0,0.5,0.9,0.6,1.0,0.6666666666666666,1.0,1.0,0.6,0.72,0.6,1.0,0.8333333333333334,1.0,1.0,0.6,0.6,0.6,1.0,1.0,1.0,1.0,0.6,0.5428571428571428,0.6333333333333333,0.8571428571428571,1.0,1.0,1.0,0.6197916666666666,0.5,0.6666666666666666,0.75,1.0,1.0,1.0,0.6373355263157895,0.4666666666666667,0.7,0.6666666666666666,1.0,1.0,1.0,0.652891081871345,0.48,0.8,0.6,1.0,1.0,1.0,0.7004793693602537,mini_l6-dj_adpt,2,webtable-cl_optim-v=12-distilroberta-dj_adpt~qwen3_8b-dj_adpt
USA_cars_datasets.pq::country,0.0,0.0,1.0,0.03333333333333333,0.0,0.0,0.0,0.2,0.03333333333333333,1.0,0.16666666666666666,1.0,0.5,0.016666666666666666,0.1,0.03333333333333333,1.0,0.3333333333333333,1.0,0.5,0.016666666666666666,0.06666666666666667,0.03333333333333333,1.0,0.5,1.0,0.5,0.016666666666666666,0.2,0.13333333333333333,1.0,0.6666666666666666,1.0,0.5,0.03412309368191721,0.28,0.23333333333333334,1.0,0.8333333333333334,1.0,0.5,0.05936551792434145,0.26666666666666666,0.26666666666666666,1.0,1.0,1.0,0.5,0.06924206113421799,0.2571428571428571,0.3,0.8571428571428571,1.0,1.0,0.5,0.078617061134218,0.225,0.3,0.75,1.0,1.0,0.5,0.078617061134218,0.2222222222222222,0.3333333333333333,0.6666666666666666,1.0,1.0,0.5,0.0860244685416254,0.2,0.3333333333333333,0.6,1.0,1.0,0.5,0.0860244685416254,mini_l6-dj_adpt,2,webtable-cl_optim-v=12-distilroberta-dj_adpt~qwen3_8b-dj_adpt
netflix_titles.pq::country,1.0,0.03333333333333333,1.0,0.03333333333333333,1.0,1.0,0.03333333333333333,1.0,0.16666666666666666,1.0,0.16666666666666666,1.0,1.0,0.16666666666666666,1.0,0.3333333333333333,1.0,0.3333333333333333,1.0,1.0,0.3333333333333333,0.9333333333333333,0.4666666666666667,1.0,0.5,1.0,1.0,0.46444444444444444,0.75,0.5,1.0,0.6666666666666666,1.0,1.0,0.49569444444444444,0.72,0.6,1.0,0.8333333333333334,1.0,1.0,0.568574549846289,0.6,0.6,1.0,1.0,1.0,1.0,0.568574549846289,0.5714285714285714,0.6666666666666666,0.8571428571428571,1.0,1.0,1.0,0.609837990706504,0.55,0.7333333333333333,0.75,1.0,1.0,1.0,0.6470902429587563,0.5333333333333333,0.8,0.6666666666666666,1.0,1.0,1.0,0.6826974781008751,0.5,0.8333333333333334,0.6,1.0,1.0,1.0,0.7004279745547759,mini_l6-dj_adpt,2,webtable-cl_optim-v=12-distilroberta-dj_adpt~qwen3_8b-dj_adpt
pte_ames.pq::Arg0,1.0,0.03125,1.0,0.03125,1.0,1.0,0.03125,1.0,0.15625,1.0,0.15625,1.0,1.0,0.15625,1.0,0.3125,1.0,0.3125,1.0,1.0,0.3125,1.0,0.46875,1.0,0.46875,1.0,1.0,0.46875,0.9,0.5625,1.0,0.625,1.0,1.0,0.5591191520467836,0.76,0.59375,1.0,0.78125,1.0,1.0,0.583858735380117,0.6666666666666666,0.625,1.0,0.9375,1.0,1.0,0.6078971969185785,0.5714285714285714,0.625,0.9142857142857143,1.0,1.0,1.0,0.6078971969185785,0.5,0.625,0.8,1.0,1.0,1.0,0.6078971969185785,0.4666666666666667,0.65625,0.7111111111111111,1.0,1.0,1.0,0.6239032944795541,0.44,0.6875,0.64,1.0,1.0,1.0,0.6385309540540222,mini_l6-dj_adpt,2,webtable-cl_optim-v=12-distilroberta-dj_adpt~qwen3_8b-dj_adpt
movie_metadata.pq::country,1.0,0.03333333333333333,1.0,0.03333333333333333,1.0,1.0,0.03333333333333333,1.0,0.16666666666666666,1.0,0.16666666666666666,1.0,1.0,0.16666666666666666,1.0,0.3333333333333333,1.0,0.3333333333333333,1.0,1.0,0.3333333333333333,1.0,0.5,1.0,0.5,1.0,1.0,0.5,0.9,0.6,1.0,0.6666666666666666,1.0,1.0,0.5944329778695104,0.72,0.6,1.0,0.8333333333333334,1.0,1.0,0.5944329778695104,0.6,0.6,1.0,1.0,1.0,1.0,0.5944329778695104,0.5428571428571428,0.6333333333333333,0.8571428571428571,1.0,1.0,1.0,0.6125282159647484,0.55,0.7333333333333333,0.75,1.0,1.0,1.0,0.6677707054177643,0.5333333333333333,0.8,0.6666666666666666,1.0,1.0,1.0,0.7038024514495103,0.5,0.8333333333333334,0.6,1.0,1.0,1.0,0.7211635625606213,mini_l6-dj_adpt,2,webtable-cl_optim-v=12-distilroberta-dj_adpt~qwen3_8b-dj_adpt
world_country.pq::LocalName,1.0,0.034482758620689655,1.0,0.034482758620689655,1.0,1.0,0.034482758620689655,1.0,0.1724137931034483,1.0,0.1724137931034483,1.0,1.0,0.1724137931034483,0.8,0.27586206896551724,1.0,0.3448275862068966,1.0,1.0,0.27586206896551724,0.6,0.3103448275862069,1.0,0.5172413793103449,1.0,1.0,0.29973474801061006,0.5,0.3448275862068966,1.0,0.6896551724137931,1.0,1.0,0.31697612732095487,0.48,0.41379310344827586,1.0,0.8620689655172413,1.0,1.0,0.3522085111290508,0.4666666666666667,0.4827586206896552,0.9666666666666667,1.0,1.0,1.0,0.3860527001456536,0.42857142857142855,0.5172413793103449,0.8285714285714286,1.0,1.0,1.0,0.4022164932491019,0.4,0.5517241379310345,0.725,1.0,1.0,1.0,0.4175421637471862,0.37777777777777777,0.5862068965517241,0.6444444444444445,1.0,1.0,1.0,0.43149947080794154,0.36,0.6206896551724138,0.58,1.0,1.0,1.0,0.4439132639113898,mini_l6-dj_adpt,2,webtable-cl_optim-v=12-distilroberta-dj_adpt~qwen3_8b-dj_adpt
countries_metadatacountries.pq::CountryName,1.0,0.03333333333333333,1.0,0.03333333333333333,1.0,1.0,0.03333333333333333,1.0,0.16666666666666666,1.0,0.16666666666666666,1.0,1.0,0.16666666666666666,1.0,0.3333333333333333,1.0,0.3333333333333333,1.0,1.0,0.3333333333333333,0.8666666666666667,0.43333333333333335,1.0,0.5,1.0,1.0,0.43333333333333335,0.85,0.5666666666666667,1.0,0.6666666666666666,1.0,1.0,0.5483152734778122,0.72,0.6,1.0,0.8333333333333334,1.0,1.0,0.5744022299995513,0.7,0.7,1.0,1.0,1.0,1.0,0.6475904934176998,0.6285714285714286,0.7333333333333333,0.8571428571428571,1.0,1.0,1.0,0.6685428743700808,0.575,0.7666666666666667,0.75,1.0,1.0,1.0,0.6877095410367474,0.5555555555555556,0.8333333333333334,0.6666666666666666,1.0,1.0,1.0,0.7244098777370841,0.5,0.8333333333333334,0.6,1.0,1.0,1.0,0.7244098777370841,mini_l6-dj_adpt,2,webtable-cl_optim-v=12-distilroberta-dj_adpt~qwen3_8b-dj_adpt
pte_postestactive_neg.pq::Arg0,1.0,0.03125,1.0,0.03125,1.0,1.0,0.03125,1.0,0.15625,1.0,0.15625,1.0,1.0,0.15625,1.0,0.3125,1.0,0.3125,1.0,1.0,0.3125,0.8,0.375,1.0,0.46875,1.0,1.0,0.3679315476190476,0.7,0.4375,1.0,0.625,1.0,1.0,0.4163484884085213,0.64,0.5,1.0,0.78125,1.0,1.0,0.4558797384085213,0.6,0.5625,1.0,0.9375,1.0,1.0,0.4971457640495469,0.6285714285714286,0.6875,0.9142857142857143,1.0,1.0,1.0,0.574774567587091,0.575,0.71875,0.8,1.0,1.0,1.0,0.5942002432627667,0.5333333333333333,0.75,0.7111111111111111,1.0,1.0,1.0,0.6108669099294334,0.5,0.78125,0.64,1.0,1.0,1.0,0.6264919099294334,mini_l6-dj_adpt,2,webtable-cl_optim-v=12-distilroberta-dj_adpt~qwen3_8b-dj_adpt
pte_alkyl_halide.pq::Arg0,1.0,0.03125,1.0,0.03125,1.0,1.0,0.03125,1.0,0.15625,1.0,0.15625,1.0,1.0,0.15625,1.0,0.3125,1.0,0.3125,1.0,1.0,0.3125,1.0,0.46875,1.0,0.46875,1.0,1.0,0.46875,1.0,0.625,1.0,0.625,1.0,1.0,0.625,0.84,0.65625,1.0,0.78125,1.0,1.0,0.65234375,0.7,0.65625,1.0,0.9375,1.0,1.0,0.65234375,0.6,0.65625,0.9142857142857143,1.0,1.0,1.0,0.65234375,0.55,0.6875,0.8,1.0,1.0,1.0,0.670924831081081,0.5777777777777777,0.8125,0.7111111111111111,1.0,1.0,1.0,0.7417084167248128,0.52,0.8125,0.64,1.0,1.0,1.0,0.7417084167248128,mini_l6-dj_adpt,2,webtable-cl_optim-v=12-distilroberta-dj_adpt~qwen3_8b-dj_adpt
pte_testactive.pq::Arg0,1.0,0.03125,1.0,0.03125,1.0,1.0,0.03125,1.0,0.15625,1.0,0.15625,1.0,1.0,0.15625,1.0,0.3125,1.0,0.3125,1.0,1.0,0.3125,0.8,0.375,1.0,0.46875,1.0,1.0,0.3639423076923077,0.7,0.4375,1.0,0.625,1.0,1.0,0.41363848824786326,0.64,0.5,1.0,0.78125,1.0,1.0,0.4548522563638053,0.6333333333333333,0.59375,1.0,0.9375,1.0,1.0,0.5159099486714975,0.6285714285714286,0.6875,0.9142857142857143,1.0,1.0,1.0,0.5749704194507184,0.575,0.71875,0.8,1.0,1.0,1.0,0.594396095126394,0.5333333333333333,0.75,0.7111111111111111,1.0,1.0,1.0,0.6114415496718486,0.5,0.78125,0.64,1.0,1.0,1.0,0.6270665496718486,mini_l6-dj_adpt,2,webtable-cl_optim-v=12-distilroberta-dj_adpt~qwen3_8b-dj_adpt
hfi_cc_2018.pq::countries,1.0,0.03333333333333333,1.0,0.03333333333333333,1.0,1.0,0.03333333333333333,1.0,0.16666666666666666,1.0,0.16666666666666666,1.0,1.0,0.16666666666666666,1.0,0.3333333333333333,1.0,0.3333333333333333,1.0,1.0,0.3333333333333333,1.0,0.5,1.0,0.5,1.0,1.0,0.5,0.9,0.6,1.0,0.6666666666666666,1.0,1.0,0.5982456140350877,0.76,0.6333333333333333,1.0,0.8333333333333334,1.0,1.0,0.6246345029239766,0.6666666666666666,0.6666666666666666,1.0,1.0,1.0,1.0,0.6468567251461989,0.6857142857142857,0.8,0.8571428571428571,1.0,1.0,1.0,0.736360109833407,0.65,0.8666666666666667,0.75,1.0,1.0,1.0,0.7811749246482218,0.5777777777777777,0.8666666666666667,0.6666666666666666,1.0,1.0,1.0,0.7811749246482218,0.52,0.8666666666666667,0.6,1.0,1.0,1.0,0.7811749246482218,mini_l6-dj_adpt,2,webtable-cl_optim-v=12-distilroberta-dj_adpt~qwen3_8b-dj_adpt
wikipedia-iso-country-codes.pq::English_short_name_lower_case,1.0,0.03333333333333333,1.0,0.03333333333333333,1.0,1.0,0.03333333333333333,1.0,0.16666666666666666,1.0,0.16666666666666666,1.0,1.0,0.16666666666666666,0.9,0.3,1.0,0.3333333333333333,1.0,1.0,0.3,0.6666666666666666,0.3333333333333333,1.0,0.5,1.0,1.0,0.32564102564102565,0.55,0.36666666666666664,1.0,0.6666666666666666,1.0,1.0,0.34855769230769235,0.56,0.4666666666666667,1.0,0.8333333333333334,1.0,1.0,0.4067467254967255,0.5333333333333333,0.5333333333333333,1.0,1.0,1.0,1.0,0.4437552725052725,0.45714285714285713,0.5333333333333333,0.8571428571428571,1.0,1.0,1.0,0.4437552725052725,0.425,0.5666666666666667,0.75,1.0,1.0,1.0,0.4579219391719392,0.4,0.6,0.6666666666666666,1.0,1.0,1.0,0.47125527250527255,0.36,0.6,0.6,1.0,1.0,1.0,0.47125527250527255,mini_l6-dj_adpt,2,webtable-cl_optim-v=12-distilroberta-dj_adpt~qwen3_8b-dj_adpt
affirmative_asylum.pq::ContinentCountryofNationality,1.0,0.03125,1.0,0.03125,1.0,1.0,0.03125,0.8,0.125,1.0,0.15625,1.0,1.0,0.125,0.7,0.21875,1.0,0.3125,1.0,1.0,0.18723958333333332,0.6666666666666666,0.3125,1.0,0.46875,1.0,1.0,0.2508894751082251,0.7,0.4375,1.0,0.625,1.0,1.0,0.335199975624221,0.76,0.59375,1.0,0.78125,1.0,1.0,0.4505340030098788,0.6333333333333333,0.59375,1.0,0.9375,1.0,1.0,0.4505340030098788,0.6,0.65625,0.9142857142857143,1.0,1.0,1.0,0.4899516166462424,0.575,0.71875,0.8,1.0,1.0,1.0,0.5270175888684646,0.5555555555555556,0.78125,0.7111111111111111,1.0,1.0,1.0,0.5630433363767703,0.52,0.8125,0.64,1.0,1.0,1.0,0.5803305704193235,mini_l6-dj_adpt,2,webtable-cl_optim-v=12-distilroberta-dj_adpt~qwen3_8b-dj_adpt
countries_and_continents.pq::name,1.0,0.037037037037037035,1.0,0.037037037037037035,1.0,1.0,0.037037037037037035,1.0,0.18518518518518517,1.0,0.18518518518518517,1.0,1.0,0.18518518518518517,0.7,0.25925925925925924,1.0,0.37037037037037035,1.0,1.0,0.24814814814814815,0.6,0.3333333333333333,1.0,0.5555555555555556,1.0,1.0,0.3028619528619529,0.55,0.4074074074074074,1.0,0.7407407407407407,1.0,1.0,0.34501881560705094,0.48,0.4444444444444444,1.0,0.9259259259259259,1.0,1.0,0.3652208358090711,0.4666666666666667,0.5185185185185185,0.9,1.0,1.0,1.0,0.4016193032420213,0.42857142857142855,0.5555555555555556,0.7714285714285715,1.0,1.0,1.0,0.4179591725230671,0.4,0.5925925925925926,0.675,1.0,1.0,1.0,0.4344200778728613,0.37777777777777777,0.6296296296296297,0.6,1.0,1.0,1.0,0.4490626273991317,0.38,0.7037037037037037,0.54,1.0,1.0,1.0,0.4773128163636064,mini_l6-dj_adpt,2,webtable-cl_optim-v=12-distilroberta-dj_adpt~qwen3_8b-dj_adpt
pte_postestactive.pq::Arg0,1.0,0.03125,1.0,0.03125,1.0,1.0,0.03125,1.0,0.15625,1.0,0.15625,1.0,1.0,0.15625,1.0,0.3125,1.0,0.3125,1.0,1.0,0.3125,0.8,0.375,1.0,0.46875,1.0,1.0,0.36999198717948717,0.75,0.46875,1.0,0.625,1.0,1.0,0.4403528617924903,0.68,0.53125,1.0,0.78125,1.0,1.0,0.48629780226868075,0.6333333333333333,0.59375,1.0,0.9375,1.0,1.0,0.5299231583940369,0.6285714285714286,0.6875,0.9142857142857143,1.0,1.0,1.0,0.5878068800645233,0.6,0.75,0.8,1.0,1.0,1.0,0.625952122979503,0.5555555555555556,0.78125,0.7111111111111111,1.0,1.0,1.0,0.6433132340906141,0.54,0.84375,0.64,1.0,1.0,1.0,0.678554402568875,mini_l6-dj_adpt,2,webtable-cl_optim-v=12-distilroberta-dj_adpt~qwen3_8b-dj_adpt
pte_five_ring.pq::Arg0,1.0,0.03125,1.0,0.03125,1.0,1.0,0.03125,1.0,0.15625,1.0,0.15625,1.0,1.0,0.15625,1.0,0.3125,1.0,0.3125,1.0,1.0,0.3125,1.0,0.46875,1.0,0.46875,1.0,1.0,0.46875,1.0,0.625,1.0,0.625,1.0,1.0,0.625,0.8,0.625,1.0,0.78125,1.0,1.0,0.625,0.7,0.65625,1.0,0.9375,1.0,1.0,0.6502403846153846,0.6285714285714286,0.6875,0.9142857142857143,1.0,1.0,1.0,0.6724178039702233,0.6,0.75,0.8,1.0,1.0,1.0,0.7115803217511621,0.5777777777777777,0.8125,0.7111111111111111,1.0,1.0,1.0,0.7478044819578805,0.52,0.8125,0.64,1.0,1.0,1.0,0.7478044819578805,mini_l6-dj_adpt,2,webtable-cl_optim-v=12-distilroberta-dj_adpt~qwen3_8b-dj_adpt
MoviesOnStreamingPlatforms_updated.pq::Country,1.0,0.03333333333333333,1.0,0.03333333333333333,1.0,1.0,0.03333333333333333,1.0,0.16666666666666666,1.0,0.16666666666666666,1.0,1.0,0.16666666666666666,1.0,0.3333333333333333,1.0,0.3333333333333333,1.0,1.0,0.3333333333333333,1.0,0.5,1.0,0.5,1.0,1.0,0.5,0.75,0.5,1.0,0.6666666666666666,1.0,1.0,0.5,0.72,0.6,1.0,0.8333333333333334,1.0,1.0,0.5772413576761403,0.6666666666666666,0.6666666666666666,1.0,1.0,1.0,1.0,0.6229203700218193,0.6285714285714286,0.7333333333333333,0.8571428571428571,1.0,1.0,1.0,0.6657477509742002,0.575,0.7666666666666667,0.75,1.0,1.0,1.0,0.6854058706323198,0.5333333333333333,0.8,0.6666666666666666,1.0,1.0,1.0,0.7044534896799389,0.48,0.8,0.6,1.0,1.0,1.0,0.7044534896799389,mini_l6-dj_adpt,2,webtable-cl_optim-v=12-distilroberta-dj_adpt~qwen3_8b-dj_adpt
pte_amine.pq::Arg0,1.0,0.03125,1.0,0.03125,1.0,1.0,0.03125,1.0,0.15625,1.0,0.15625,1.0,1.0,0.15625,1.0,0.3125,1.0,0.3125,1.0,1.0,0.3125,1.0,0.46875,1.0,0.46875,1.0,1.0,0.46875,0.9,0.5625,1.0,0.625,1.0,1.0,0.557280916752666,0.76,0.59375,1.0,0.78125,1.0,1.0,0.5855547262764755,0.7,0.65625,1.0,0.9375,1.0,1.0,0.6338987433704926,0.6,0.65625,0.9142857142857143,1.0,1.0,1.0,0.6338987433704926,0.55,0.6875,0.8,1.0,1.0,1.0,0.6529959655927148,0.5111111111111111,0.71875,0.7111111111111111,1.0,1.0,1.0,0.668968187814937,0.52,0.8125,0.64,1.0,1.0,1.0,0.7171195121744681,mini_l6-dj_adpt,2,webtable-cl_optim-v=12-distilroberta-dj_adpt~qwen3_8b-dj_adpt
AdventureWorks2014_salesTerritory.pq::Name,0.0,0.0,1.0,0.03333333333333333,0.0,0.0,0.0,0.4,0.06666666666666667,1.0,0.16666666666666666,1.0,0.3333333333333333,0.024444444444444446,0.5,0.16666666666666666,1.0,0.3333333333333333,1.0,0.3333333333333333,0.07867724867724868,0.4666666666666667,0.23333333333333334,1.0,0.5,1.0,0.3333333333333333,0.11630351130351131,0.4,0.26666666666666666,1.0,0.6666666666666666,1.0,0.3333333333333333,0.1311183261183261,0.4,0.3333333333333333,1.0,0.8333333333333334,1.0,0.3333333333333333,0.15873737373737373,0.3333333333333333,0.3333333333333333,1.0,1.0,1.0,0.3333333333333333,0.15873737373737373,0.3142857142857143,0.36666666666666664,0.8571428571428571,1.0,1.0,0.3333333333333333,0.16984848484848486,0.275,0.36666666666666664,0.75,1.0,1.0,0.3333333333333333,0.16984848484848486,0.26666666666666666,0.4,0.6666666666666666,1.0,1.0,0.3333333333333333,0.17915081042988018,0.24,0.4,0.6,1.0,1.0,0.3333333333333333,0.17915081042988018,mini_l6-dj_adpt,2,webtable-cl_optim-v=12-distilroberta-dj_adpt~qwen3_8b-dj_adpt
whr2015.pq::Country,1.0,0.03333333333333333,1.0,0.03333333333333333,1.0,1.0,0.03333333333333333,1.0,0.16666666666666666,1.0,0.16666666666666666,1.0,1.0,0.16666666666666666,1.0,0.3333333333333333,1.0,0.3333333333333333,1.0,1.0,0.3333333333333333,0.9333333333333333,0.4666666666666667,1.0,0.5,1.0,1.0,0.4666666666666667,0.7,0.4666666666666667,1.0,0.6666666666666666,1.0,1.0,0.4666666666666667,0.68,0.5666666666666667,1.0,0.8333333333333334,1.0,1.0,0.5352490118577076,0.6666666666666666,0.6666666666666666,1.0,1.0,1.0,1.0,0.6023125039211995,0.6,0.7,0.8571428571428571,1.0,1.0,1.0,0.6229007392153173,0.55,0.7333333333333333,0.75,1.0,1.0,1.0,0.6432711095856877,0.5111111111111111,0.7666666666666667,0.6666666666666666,1.0,1.0,1.0,0.6603081466227246,0.48,0.8,0.6,1.0,1.0,1.0,0.6776994509705507,mini_l6-dj_adpt,2,webtable-cl_optim-v=12-distilroberta-dj_adpt~qwen3_8b-dj_adpt
countries_and_continents.pq::official_name_fr,1.0,0.037037037037037035,1.0,0.037037037037037035,1.0,1.0,0.037037037037037035,1.0,0.18518518518518517,1.0,0.18518518518518517,1.0,1.0,0.18518518518518517,0.7,0.25925925925925924,1.0,0.37037037037037035,1.0,1.0,0.25462962962962965,0.5333333333333333,0.2962962962962963,1.0,0.5555555555555556,1.0,1.0,0.2815656565656566,0.45,0.3333333333333333,1.0,0.7407407407407407,1.0,1.0,0.30008417508417506,0.44,0.4074074074074074,1.0,0.9259259259259259,1.0,1.0,0.33389450056116726,0.4,0.4444444444444444,0.9,1.0,1.0,1.0,0.34976751643418313,0.34285714285714286,0.4444444444444444,0.7714285714285715,1.0,1.0,1.0,0.34976751643418313,0.3,0.4444444444444444,0.675,1.0,1.0,1.0,0.34976751643418313,0.28888888888888886,0.48148148148148145,0.6,1.0,1.0,1.0,0.36123136123136124,0.28,0.5185185185185185,0.54,1.0,1.0,1.0,0.3722636701360106,mini_l6-dj_adpt,2,webtable-cl_optim-v=12-distilroberta-dj_adpt~qwen3_8b-dj_adpt
pte_has_property.pq::Arg0,1.0,0.03125,1.0,0.03125,1.0,1.0,0.03125,1.0,0.15625,1.0,0.15625,1.0,1.0,0.15625,1.0,0.3125,1.0,0.3125,1.0,1.0,0.3125,1.0,0.46875,1.0,0.46875,1.0,1.0,0.46875,0.95,0.59375,1.0,0.625,1.0,1.0,0.5905427631578948,0.8,0.625,1.0,0.78125,1.0,1.0,0.6203046679197995,0.7,0.65625,1.0,0.9375,1.0,1.0,0.6429339782646271,0.6,0.65625,0.9142857142857143,1.0,1.0,1.0,0.6429339782646271,0.55,0.6875,0.8,1.0,1.0,1.0,0.6601214782646271,0.5111111111111111,0.71875,0.7111111111111111,1.0,1.0,1.0,0.6760937004868492,0.48,0.75,0.64,1.0,1.0,1.0,0.6913998229358289,mini_l6-dj_adpt,2,webtable-cl_optim-v=12-distilroberta-dj_adpt~qwen3_8b-dj_adpt
cwurData.pq::country,1.0,0.03333333333333333,1.0,0.03333333333333333,1.0,1.0,0.03333333333333333,1.0,0.16666666666666666,1.0,0.16666666666666666,1.0,1.0,0.16666666666666666,0.9,0.3,1.0,0.3333333333333333,1.0,1.0,0.292962962962963,0.8666666666666667,0.43333333333333335,1.0,0.5,1.0,1.0,0.4134796684796685,0.7,0.4666666666666667,1.0,0.6666666666666666,1.0,1.0,0.44264633514633517,0.68,0.5666666666666667,1.0,0.8333333333333334,1.0,1.0,0.5121731247818204,0.6,0.6,1.0,1.0,1.0,1.0,0.5321731247818204,0.5428571428571428,0.6333333333333333,0.8571428571428571,1.0,1.0,1.0,0.5502683628770586,0.475,0.6333333333333333,0.75,1.0,1.0,1.0,0.5502683628770586,0.4222222222222222,0.6333333333333333,0.6666666666666666,1.0,1.0,1.0,0.5502683628770586,0.4,0.6666666666666666,0.6,1.0,1.0,1.0,0.5644527600401791,gte_base-dj_adpt,3,webtable-cl_optim-v=12-distilroberta-dj_adpt~qwen3_8b-dj_adpt
countries_and_continents.pq::ISO4217-currency_country_name,0.0,0.0,1.0,0.037037037037037035,0.0,0.0,0.0,0.8,0.14814814814814814,1.0,0.18518518518518517,1.0,0.5,0.1006172839506173,0.8,0.2962962962962963,1.0,0.37037037037037035,1.0,0.5,0.21328630217519107,0.6,0.3333333333333333,1.0,0.5555555555555556,1.0,0.5,0.2355085243974133,0.5,0.37037037037037035,1.0,0.7407407407407407,1.0,0.5,0.25865667254556146,0.4,0.37037037037037035,1.0,0.9259259259259259,1.0,0.5,0.25865667254556146,0.4,0.4444444444444444,0.9,1.0,1.0,0.5,0.28914100302989193,0.34285714285714286,0.4444444444444444,0.7714285714285715,1.0,1.0,0.5,0.28914100302989193,0.325,0.48148148148148145,0.675,1.0,1.0,0.5,0.3014866820422376,0.3111111111111111,0.5185185185185185,0.6,1.0,1.0,0.5,0.3141334751768356,0.28,0.5185185185185185,0.54,1.0,1.0,0.5,0.3141334751768356,gte_base-dj_adpt,3,webtable-cl_optim-v=12-distilroberta-dj_adpt~qwen3_8b-dj_adpt
pte_imine.pq::Arg0,1.0,0.03125,1.0,0.03125,1.0,1.0,0.03125,0.8,0.125,1.0,0.15625,1.0,1.0,0.11875,0.8,0.25,1.0,0.3125,1.0,1.0,0.21381448412698412,0.8666666666666667,0.40625,1.0,0.46875,1.0,1.0,0.34573568792318793,0.85,0.53125,1.0,0.625,1.0,1.0,0.4563912714285199,0.84,0.65625,1.0,0.78125,1.0,1.0,0.5646832851213488,0.8666666666666667,0.8125,1.0,0.9375,1.0,1.0,0.6985546659754882,0.8857142857142857,0.96875,0.9142857142857143,1.0,1.0,1.0,0.8358303799634295,0.775,0.96875,0.8,1.0,1.0,1.0,0.8358303799634295,0.6888888888888889,0.96875,0.7111111111111111,1.0,1.0,1.0,0.8358303799634295,0.62,0.96875,0.64,1.0,1.0,1.0,0.8358303799634295,gte_base-dj_adpt,3,webtable-cl_optim-v=12-distilroberta-dj_adpt~qwen3_8b-dj_adpt
countries_and_continents.pq::official_name_en,1.0,0.037037037037037035,1.0,0.037037037037037035,1.0,1.0,0.037037037037037035,1.0,0.18518518518518517,1.0,0.18518518518518517,1.0,1.0,0.18518518518518517,0.6,0.2222222222222222,1.0,0.37037037037037035,1.0,1.0,0.2222222222222222,0.6666666666666666,0.37037037037037035,1.0,0.5555555555555556,1.0,1.0,0.32081498748165416,0.55,0.4074074074074074,1.0,0.7407407407407407,1.0,1.0,0.3462779504446171,0.48,0.4444444444444444,1.0,0.9259259259259259,1.0,1.0,0.3674419716086383,0.4,0.4444444444444444,0.9,1.0,1.0,1.0,0.3674419716086383,0.37142857142857144,0.48148148148148145,0.7714285714285715,1.0,1.0,1.0,0.3829736323015893,0.35,0.5185185185185185,0.675,1.0,1.0,1.0,0.3973769244826592,0.3333333333333333,0.5555555555555556,0.6,1.0,1.0,1.0,0.41000318710892186,0.3,0.5555555555555556,0.54,1.0,1.0,1.0,0.41000318710892186,gte_base-dj_adpt,3,webtable-cl_optim-v=12-distilroberta-dj_adpt~qwen3_8b-dj_adpt
world_country.pq::Name,1.0,0.034482758620689655,1.0,0.034482758620689655,1.0,1.0,0.034482758620689655,0.8,0.13793103448275862,1.0,0.1724137931034483,1.0,1.0,0.12241379310344827,0.7,0.2413793103448276,1.0,0.3448275862068966,1.0,1.0,0.2108784893267652,0.6666666666666666,0.3448275862068966,1.0,0.5172413793103449,1.0,1.0,0.2811128526645768,0.55,0.3793103448275862,1.0,0.6896551724137931,1.0,1.0,0.3021856495994427,0.48,0.41379310344827586,1.0,0.8620689655172413,1.0,1.0,0.31873737373737376,0.4666666666666667,0.4827586206896552,0.9666666666666667,1.0,1.0,1.0,0.35198703243293017,0.4,0.4827586206896552,0.8285714285714286,1.0,1.0,1.0,0.35198703243293017,0.35,0.4827586206896552,0.725,1.0,1.0,1.0,0.35198703243293017,0.35555555555555557,0.5517241379310345,0.6444444444444445,1.0,1.0,1.0,0.3765628397673582,0.34,0.5862068965517241,0.58,1.0,1.0,1.0,0.3887754834455191,gte_base-dj_adpt,3,webtable-cl_optim-v=12-distilroberta-dj_adpt~qwen3_8b-dj_adpt
pte_nitro.pq::Arg0,1.0,0.03125,1.0,0.03125,1.0,1.0,0.03125,1.0,0.15625,1.0,0.15625,1.0,1.0,0.15625,1.0,0.3125,1.0,0.3125,1.0,1.0,0.3125,1.0,0.46875,1.0,0.46875,1.0,1.0,0.46875,1.0,0.625,1.0,0.625,1.0,1.0,0.625,1.0,0.78125,1.0,0.78125,1.0,1.0,0.78125,0.9666666666666667,0.90625,1.0,0.9375,1.0,1.0,0.90625,0.8571428571428571,0.9375,0.9142857142857143,1.0,1.0,1.0,0.936491935483871,0.75,0.9375,0.8,1.0,1.0,1.0,0.936491935483871,0.6666666666666666,0.9375,0.7111111111111111,1.0,1.0,1.0,0.936491935483871,0.6,0.9375,0.64,1.0,1.0,1.0,0.936491935483871,gte_base-dj_adpt,3,webtable-cl_optim-v=12-distilroberta-dj_adpt~qwen3_8b-dj_adpt
pte_sulfide.pq::Arg0,1.0,0.03125,1.0,0.03125,1.0,1.0,0.03125,1.0,0.15625,1.0,0.15625,1.0,1.0,0.15625,1.0,0.3125,1.0,0.3125,1.0,1.0,0.3125,1.0,0.46875,1.0,0.46875,1.0,1.0,0.46875,1.0,0.625,1.0,0.625,1.0,1.0,0.625,1.0,0.78125,1.0,0.78125,1.0,1.0,0.78125,0.9333333333333333,0.875,1.0,0.9375,1.0,1.0,0.8729166666666667,0.8285714285714286,0.90625,0.9142857142857143,1.0,1.0,1.0,0.9003787878787879,0.725,0.90625,0.8,1.0,1.0,1.0,0.9003787878787879,0.6444444444444445,0.90625,0.7111111111111111,1.0,1.0,1.0,0.9003787878787879,0.58,0.90625,0.64,1.0,1.0,1.0,0.9003787878787879,gte_base-dj_adpt,3,webtable-cl_optim-v=12-distilroberta-dj_adpt~qwen3_8b-dj_adpt
pte_non_ar_hetero_6_ring.pq::Arg0,1.0,0.03125,1.0,0.03125,1.0,1.0,0.03125,1.0,0.15625,1.0,0.15625,1.0,1.0,0.15625,1.0,0.3125,1.0,0.3125,1.0,1.0,0.3125,1.0,0.46875,1.0,0.46875,1.0,1.0,0.46875,1.0,0.625,1.0,0.625,1.0,1.0,0.625,1.0,0.78125,1.0,0.78125,1.0,1.0,0.78125,0.8666666666666667,0.8125,1.0,0.9375,1.0,1.0,0.8125,0.7428571428571429,0.8125,0.9142857142857143,1.0,1.0,1.0,0.8125,0.65,0.8125,0.8,1.0,1.0,1.0,0.8125,0.5777777777777777,0.8125,0.7111111111111111,1.0,1.0,1.0,0.8125,0.54,0.84375,0.64,1.0,1.0,1.0,0.830078125,gte_base-dj_adpt,3,webtable-cl_optim-v=12-distilroberta-dj_adpt~qwen3_8b-dj_adpt
Word_University_Rank_2020.pq::Country,1.0,0.03333333333333333,1.0,0.03333333333333333,1.0,1.0,0.03333333333333333,1.0,0.16666666666666666,1.0,0.16666666666666666,1.0,1.0,0.16666666666666666,1.0,0.3333333333333333,1.0,0.3333333333333333,1.0,1.0,0.3333333333333333,0.8666666666666667,0.43333333333333335,1.0,0.5,1.0,1.0,0.4256105006105006,0.8,0.5333333333333333,1.0,0.6666666666666666,1.0,1.0,0.5108555986497163,0.68,0.5666666666666667,1.0,0.8333333333333334,1.0,1.0,0.533522265316383,0.5666666666666667,0.5666666666666667,1.0,1.0,1.0,1.0,0.533522265316383,0.5142857142857142,0.6,0.8571428571428571,1.0,1.0,1.0,0.5511693241399124,0.45,0.6,0.75,1.0,1.0,1.0,0.5511693241399124,0.4,0.6,0.6666666666666666,1.0,1.0,1.0,0.5511693241399124,0.38,0.6333333333333333,0.6,1.0,1.0,1.0,0.5643637685843569,gte_base-dj_adpt,3,webtable-cl_optim-v=12-distilroberta-dj_adpt~qwen3_8b-dj_adpt
gender_development.pq::Country,1.0,0.03333333333333333,1.0,0.03333333333333333,1.0,1.0,0.03333333333333333,1.0,0.16666666666666666,1.0,0.16666666666666666,1.0,1.0,0.16666666666666666,1.0,0.3333333333333333,1.0,0.3333333333333333,1.0,1.0,0.3333333333333333,0.8666666666666667,0.43333333333333335,1.0,0.5,1.0,1.0,0.4283882783882784,0.85,0.5666666666666667,1.0,0.6666666666666666,1.0,1.0,0.5464209007939658,0.88,0.7333333333333333,1.0,0.8333333333333334,1.0,1.0,0.69126571539965,0.9,0.9,1.0,1.0,1.0,1.0,0.8400294867496283,0.7714285714285715,0.9,0.8571428571428571,1.0,1.0,1.0,0.8400294867496283,0.675,0.9,0.75,1.0,1.0,1.0,0.8400294867496283,0.6222222222222222,0.9333333333333333,0.6666666666666666,1.0,1.0,1.0,0.8617349131062173,0.56,0.9333333333333333,0.6,1.0,1.0,1.0,0.8617349131062173,gte_base-dj_adpt,3,webtable-cl_optim-v=12-distilroberta-dj_adpt~qwen3_8b-dj_adpt
pte_testactive_Neg.pq::Arg0,1.0,0.03125,1.0,0.03125,1.0,1.0,0.03125,1.0,0.15625,1.0,0.15625,1.0,1.0,0.15625,1.0,0.3125,1.0,0.3125,1.0,1.0,0.3125,1.0,0.46875,1.0,0.46875,1.0,1.0,0.46875,1.0,0.625,1.0,0.625,1.0,1.0,0.625,1.0,0.78125,1.0,0.78125,1.0,1.0,0.78125,0.9666666666666667,0.90625,1.0,0.9375,1.0,1.0,0.90625,0.8285714285714286,0.90625,0.9142857142857143,1.0,1.0,1.0,0.90625,0.75,0.9375,0.8,1.0,1.0,1.0,0.9302884615384616,0.6666666666666666,0.9375,0.7111111111111111,1.0,1.0,1.0,0.9302884615384616,0.6,0.9375,0.64,1.0,1.0,1.0,0.9302884615384616,gte_base-dj_adpt,3,webtable-cl_optim-v=12-distilroberta-dj_adpt~qwen3_8b-dj_adpt
edu.pq::country,1.0,0.03333333333333333,1.0,0.03333333333333333,1.0,1.0,0.03333333333333333,0.8,0.13333333333333333,1.0,0.16666666666666666,1.0,1.0,0.11833333333333333,0.8,0.26666666666666666,1.0,0.3333333333333333,1.0,1.0,0.230515873015873,0.7333333333333333,0.36666666666666664,1.0,0.5,1.0,1.0,0.3056013431013431,0.55,0.36666666666666664,1.0,0.6666666666666666,1.0,1.0,0.3056013431013431,0.48,0.4,1.0,0.8333333333333334,1.0,1.0,0.3222680097680098,0.4,0.4,1.0,1.0,1.0,1.0,0.3222680097680098,0.37142857142857144,0.43333333333333335,0.8571428571428571,1.0,1.0,1.0,0.3353993228993229,0.375,0.5,0.75,1.0,1.0,1.0,0.3608324483324484,0.4,0.6,0.6666666666666666,1.0,1.0,1.0,0.400665975239146,0.36,0.6,0.6,1.0,1.0,1.0,0.400665975239146,gte_base-dj_adpt,3,webtable-cl_optim-v=12-distilroberta-dj_adpt~qwen3_8b-dj_adpt
AdventureWorks2014_CountryRegion.pq::Name,1.0,0.03333333333333333,1.0,0.03333333333333333,1.0,1.0,0.03333333333333333,0.8,0.13333333333333333,1.0,0.16666666666666666,1.0,1.0,0.12666666666666665,0.8,0.26666666666666666,1.0,0.3333333333333333,1.0,1.0,0.2356084656084656,0.6,0.3,1.0,0.5,1.0,1.0,0.2606084656084656,0.6,0.4,1.0,0.6666666666666666,1.0,1.0,0.32523264861500156,0.48,0.4,1.0,0.8333333333333334,1.0,1.0,0.32523264861500156,0.43333333333333335,0.43333333333333335,1.0,1.0,1.0,1.0,0.33967709305944604,0.42857142857142855,0.5,0.8571428571428571,1.0,1.0,1.0,0.36852438955380135,0.45,0.6,0.75,1.0,1.0,1.0,0.4136361004549859,0.4,0.6,0.6666666666666666,1.0,1.0,1.0,0.4136361004549859,0.36,0.6,0.6,1.0,1.0,1.0,0.4136361004549859,gte_base-dj_adpt,3,webtable-cl_optim-v=12-distilroberta-dj_adpt~qwen3_8b-dj_adpt
pte_methoxy.pq::Arg0,1.0,0.03125,1.0,0.03125,1.0,1.0,0.03125,1.0,0.15625,1.0,0.15625,1.0,1.0,0.15625,1.0,0.3125,1.0,0.3125,1.0,1.0,0.3125,1.0,0.46875,1.0,0.46875,1.0,1.0,0.46875,1.0,0.625,1.0,0.625,1.0,1.0,0.625,1.0,0.78125,1.0,0.78125,1.0,1.0,0.78125,0.9666666666666667,0.90625,1.0,0.9375,1.0,1.0,0.90625,0.8285714285714286,0.90625,0.9142857142857143,1.0,1.0,1.0,0.90625,0.75,0.9375,0.8,1.0,1.0,1.0,0.9322916666666666,0.6666666666666666,0.9375,0.7111111111111111,1.0,1.0,1.0,0.9322916666666666,0.6,0.9375,0.64,1.0,1.0,1.0,0.9322916666666666,gte_base-dj_adpt,3,webtable-cl_optim-v=12-distilroberta-dj_adpt~qwen3_8b-dj_adpt
world-cities.pq::country,1.0,0.03333333333333333,1.0,0.03333333333333333,1.0,1.0,0.03333333333333333,1.0,0.16666666666666666,1.0,0.16666666666666666,1.0,1.0,0.16666666666666666,1.0,0.3333333333333333,1.0,0.3333333333333333,1.0,1.0,0.3333333333333333,1.0,0.5,1.0,0.5,1.0,1.0,0.5,0.8,0.5333333333333333,1.0,0.6666666666666666,1.0,1.0,0.5333333333333333,0.68,0.5666666666666667,1.0,0.8333333333333334,1.0,1.0,0.5590909090909091,0.6,0.6,1.0,1.0,1.0,1.0,0.5813131313131312,0.5428571428571428,0.6333333333333333,0.8571428571428571,1.0,1.0,1.0,0.601743238840013,0.475,0.6333333333333333,0.75,1.0,1.0,1.0,0.601743238840013,0.4666666666666667,0.7,0.6666666666666666,1.0,1.0,1.0,0.6338953244804707,0.44,0.7333333333333333,0.6,1.0,1.0,1.0,0.649837353465978,gte_base-dj_adpt,3,webtable-cl_optim-v=12-distilroberta-dj_adpt~qwen3_8b-dj_adpt
movies.pq::country,1.0,0.03333333333333333,1.0,0.03333333333333333,1.0,1.0,0.03333333333333333,1.0,0.16666666666666666,1.0,0.16666666666666666,1.0,1.0,0.16666666666666666,0.9,0.3,1.0,0.3333333333333333,1.0,1.0,0.28879629629629633,0.9333333333333333,0.4666666666666667,1.0,0.5,1.0,1.0,0.442487604987605,0.75,0.5,1.0,0.6666666666666666,1.0,1.0,0.47189936969348734,0.68,0.5666666666666667,1.0,0.8333333333333334,1.0,1.0,0.5197529050470228,0.5666666666666667,0.5666666666666667,1.0,1.0,1.0,1.0,0.5197529050470228,0.5428571428571428,0.6333333333333333,0.8571428571428571,1.0,1.0,1.0,0.5582996629486192,0.55,0.7333333333333333,0.75,1.0,1.0,1.0,0.6150353460000918,0.5111111111111111,0.7666666666666667,0.6666666666666666,1.0,1.0,1.0,0.6324595884243343,0.52,0.8666666666666667,0.6,1.0,1.0,1.0,0.6849147225593945,gte_base-dj_adpt,3,webtable-cl_optim-v=12-distilroberta-dj_adpt~qwen3_8b-dj_adpt
countries_data.pq::CountryName,1.0,0.03333333333333333,1.0,0.03333333333333333,1.0,1.0,0.03333333333333333,1.0,0.16666666666666666,1.0,0.16666666666666666,1.0,1.0,0.16666666666666666,0.9,0.3,1.0,0.3333333333333333,1.0,1.0,0.3,0.8,0.4,1.0,0.5,1.0,1.0,0.38264957264957267,0.75,0.5,1.0,0.6666666666666666,1.0,1.0,0.4592943094916779,0.64,0.5333333333333333,1.0,0.8333333333333334,1.0,1.0,0.48062764282501125,0.5333333333333333,0.5333333333333333,1.0,1.0,1.0,1.0,0.48062764282501125,0.45714285714285713,0.5333333333333333,0.8571428571428571,1.0,1.0,1.0,0.48062764282501125,0.4,0.5333333333333333,0.75,1.0,1.0,1.0,0.48062764282501125,0.35555555555555557,0.5333333333333333,0.6666666666666666,1.0,1.0,1.0,0.48062764282501125,0.36,0.6,0.6,1.0,1.0,1.0,0.5054464834047214,gte_base-dj_adpt,3,webtable-cl_optim-v=12-distilroberta-dj_adpt~qwen3_8b-dj_adpt
pte_alcohol.pq::Arg0,1.0,0.03125,1.0,0.03125,1.0,1.0,0.03125,0.8,0.125,1.0,0.15625,1.0,1.0,0.125,0.6,0.1875,1.0,0.3125,1.0,1.0,0.16536458333333334,0.6,0.28125,1.0,0.46875,1.0,1.0,0.22291380494505494,0.6,0.375,1.0,0.625,1.0,1.0,0.27813826314938933,0.52,0.40625,1.0,0.78125,1.0,1.0,0.2974835012446274,0.5333333333333333,0.5,1.0,0.9375,1.0,1.0,0.3477181624167886,0.5142857142857142,0.5625,0.9142857142857143,1.0,1.0,1.0,0.3809266877624107,0.5,0.625,0.8,1.0,1.0,1.0,0.4121766877624107,0.4888888888888889,0.6875,0.7111111111111111,1.0,1.0,1.0,0.44307946554018846,0.46,0.71875,0.64,1.0,1.0,1.0,0.4580534238735218,gte_base-dj_adpt,3,webtable-cl_optim-v=12-distilroberta-dj_adpt~qwen3_8b-dj_adpt
pte_phenol.pq::Arg0,1.0,0.03125,1.0,0.03125,1.0,1.0,0.03125,1.0,0.15625,1.0,0.15625,1.0,1.0,0.15625,1.0,0.3125,1.0,0.3125,1.0,1.0,0.3125,1.0,0.46875,1.0,0.46875,1.0,1.0,0.46875,1.0,0.625,1.0,0.625,1.0,1.0,0.625,1.0,0.78125,1.0,0.78125,1.0,1.0,0.78125,0.9666666666666667,0.90625,1.0,0.9375,1.0,1.0,0.90625,0.8571428571428571,0.9375,0.9142857142857143,1.0,1.0,1.0,0.9338235294117647,0.75,0.9375,0.8,1.0,1.0,1.0,0.9338235294117647,0.6666666666666666,0.9375,0.7111111111111111,1.0,1.0,1.0,0.9338235294117647,0.6,0.9375,0.64,1.0,1.0,1.0,0.9338235294117647,gte_base-dj_adpt,3,webtable-cl_optim-v=12-distilroberta-dj_adpt~qwen3_8b-dj_adpt
pte_ester.pq::Arg0,1.0,0.03125,1.0,0.03125,1.0,1.0,0.03125,1.0,0.15625,1.0,0.15625,1.0,1.0,0.15625,1.0,0.3125,1.0,0.3125,1.0,1.0,0.3125,1.0,0.46875,1.0,0.46875,1.0,1.0,0.46875,1.0,0.625,1.0,0.625,1.0,1.0,0.625,1.0,0.78125,1.0,0.78125,1.0,1.0,0.78125,0.9333333333333333,0.875,1.0,0.9375,1.0,1.0,0.875,0.8285714285714286,0.90625,0.9142857142857143,1.0,1.0,1.0,0.9016544117647058,0.725,0.90625,0.8,1.0,1.0,1.0,0.9016544117647058,0.6444444444444445,0.90625,0.7111111111111111,1.0,1.0,1.0,0.9016544117647058,0.6,0.9375,0.64,1.0,1.0,1.0,0.9204044117647059,gte_base-dj_adpt,3,webtable-cl_optim-v=12-distilroberta-dj_adpt~qwen3_8b-dj_adpt
pte_non_ar_hetero_5_ring.pq::Arg0,1.0,0.03125,1.0,0.03125,1.0,1.0,0.03125,1.0,0.15625,1.0,0.15625,1.0,1.0,0.15625,1.0,0.3125,1.0,0.3125,1.0,1.0,0.3125,1.0,0.46875,1.0,0.46875,1.0,1.0,0.46875,1.0,0.625,1.0,0.625,1.0,1.0,0.625,1.0,0.78125,1.0,0.78125,1.0,1.0,0.78125,0.9333333333333333,0.875,1.0,0.9375,1.0,1.0,0.8739224137931034,0.8285714285714286,0.90625,0.9142857142857143,1.0,1.0,1.0,0.9013845350052246,0.725,0.90625,0.8,1.0,1.0,1.0,0.9013845350052246,0.6444444444444445,0.90625,0.7111111111111111,1.0,1.0,1.0,0.9013845350052246,0.58,0.90625,0.64,1.0,1.0,1.0,0.9013845350052246,gte_base-dj_adpt,3,webtable-cl_optim-v=12-distilroberta-dj_adpt~qwen3_8b-dj_adpt
population_by_country_2020.pq::CountryDependency,1.0,0.03333333333333333,1.0,0.03333333333333333,1.0,1.0,0.03333333333333333,1.0,0.16666666666666666,1.0,0.16666666666666666,1.0,1.0,0.16666666666666666,0.9,0.3,1.0,0.3333333333333333,1.0,1.0,0.3,0.7333333333333333,0.36666666666666664,1.0,0.5,1.0,1.0,0.3608585858585859,0.6,0.4,1.0,0.6666666666666666,1.0,1.0,0.38438799762329173,0.52,0.43333333333333335,1.0,0.8333333333333334,1.0,1.0,0.40408496732026145,0.4666666666666667,0.4666666666666667,1.0,1.0,1.0,1.0,0.4220336852689794,0.42857142857142855,0.5,0.8571428571428571,1.0,1.0,1.0,0.43816271752704394,0.425,0.5666666666666667,0.75,1.0,1.0,1.0,0.4674894126432127,0.4,0.6,0.6666666666666666,1.0,1.0,1.0,0.4811257762795763,0.38,0.6333333333333333,0.6,1.0,1.0,1.0,0.49405094634760355,gte_base-dj_adpt,3,webtable-cl_optim-v=12-distilroberta-dj_adpt~qwen3_8b-dj_adpt
pte_non_ar_5c_ring.pq::Arg0,1.0,0.03125,1.0,0.03125,1.0,1.0,0.03125,1.0,0.15625,1.0,0.15625,1.0,1.0,0.15625,0.9,0.28125,1.0,0.3125,1.0,1.0,0.2707465277777778,0.8666666666666667,0.40625,1.0,0.46875,1.0,1.0,0.385665463009213,0.9,0.5625,1.0,0.625,1.0,1.0,0.524446046514545,0.92,0.71875,1.0,0.78125,1.0,1.0,0.6670573889764309,0.8666666666666667,0.8125,1.0,0.9375,1.0,1.0,0.7518225699161808,0.8285714285714286,0.90625,0.9142857142857143,1.0,1.0,1.0,0.8306684631121689,0.775,0.96875,0.8,1.0,1.0,1.0,0.8809288797788356,0.6888888888888889,0.96875,0.7111111111111111,1.0,1.0,1.0,0.8809288797788356,0.62,0.96875,0.64,1.0,1.0,1.0,0.8809288797788356,gte_base-dj_adpt,3,webtable-cl_optim-v=12-distilroberta-dj_adpt~qwen3_8b-dj_adpt
fifa_ranking.pq::country_full,1.0,0.03333333333333333,1.0,0.03333333333333333,1.0,1.0,0.03333333333333333,1.0,0.16666666666666666,1.0,0.16666666666666666,1.0,1.0,0.16666666666666666,0.9,0.3,1.0,0.3333333333333333,1.0,1.0,0.2966666666666667,0.8666666666666667,0.43333333333333335,1.0,0.5,1.0,1.0,0.41010989010989013,0.75,0.5,1.0,0.6666666666666666,1.0,1.0,0.4623516055095003,0.72,0.6,1.0,0.8333333333333334,1.0,1.0,0.5375060066639015,0.7333333333333333,0.7333333333333333,1.0,1.0,1.0,1.0,0.6342568803113268,0.6571428571428571,0.7666666666666667,0.8571428571428571,1.0,1.0,1.0,0.6568058999191699,0.625,0.8333333333333334,0.75,1.0,1.0,1.0,0.6998614554747254,0.5555555555555556,0.8333333333333334,0.6666666666666666,1.0,1.0,1.0,0.6998614554747254,0.5,0.8333333333333334,0.6,1.0,1.0,1.0,0.6998614554747254,gte_base-dj_adpt,3,webtable-cl_optim-v=12-distilroberta-dj_adpt~qwen3_8b-dj_adpt
countries_of_the_world.pq::Country,1.0,0.03333333333333333,1.0,0.03333333333333333,1.0,1.0,0.03333333333333333,1.0,0.16666666666666666,1.0,0.16666666666666666,1.0,1.0,0.16666666666666666,1.0,0.3333333333333333,1.0,0.3333333333333333,1.0,1.0,0.3333333333333333,1.0,0.5,1.0,0.5,1.0,1.0,0.5,0.85,0.5666666666666667,1.0,0.6666666666666666,1.0,1.0,0.5628540305010893,0.68,0.5666666666666667,1.0,0.8333333333333334,1.0,1.0,0.5628540305010893,0.6333333333333333,0.6333333333333333,1.0,1.0,1.0,1.0,0.6076953003423591,0.6285714285714286,0.7333333333333333,0.8571428571428571,1.0,1.0,1.0,0.6720280576388261,0.55,0.7333333333333333,0.75,1.0,1.0,1.0,0.6720280576388261,0.4888888888888889,0.7333333333333333,0.6666666666666666,1.0,1.0,1.0,0.6720280576388261,0.44,0.7333333333333333,0.6,1.0,1.0,1.0,0.6720280576388261,gte_base-dj_adpt,3,webtable-cl_optim-v=12-distilroberta-dj_adpt~qwen3_8b-dj_adpt
pte_ketone.pq::Arg0,1.0,0.03125,1.0,0.03125,1.0,1.0,0.03125,1.0,0.15625,1.0,0.15625,1.0,1.0,0.15625,1.0,0.3125,1.0,0.3125,1.0,1.0,0.3125,1.0,0.46875,1.0,0.46875,1.0,1.0,0.46875,1.0,0.625,1.0,0.625,1.0,1.0,0.625,0.92,0.71875,1.0,0.78125,1.0,1.0,0.71875,0.8666666666666667,0.8125,1.0,0.9375,1.0,1.0,0.8055491961741962,0.7428571428571429,0.8125,0.9142857142857143,1.0,1.0,1.0,0.8055491961741962,0.65,0.8125,0.8,1.0,1.0,1.0,0.8055491961741962,0.5777777777777777,0.8125,0.7111111111111111,1.0,1.0,1.0,0.8055491961741962,0.52,0.8125,0.64,1.0,1.0,1.0,0.8055491961741962,gte_base-dj_adpt,3,webtable-cl_optim-v=12-distilroberta-dj_adpt~qwen3_8b-dj_adpt
who_suicide_statistics.pq::country,1.0,0.03333333333333333,1.0,0.03333333333333333,1.0,1.0,0.03333333333333333,1.0,0.16666666666666666,1.0,0.16666666666666666,1.0,1.0,0.16666666666666666,1.0,0.3333333333333333,1.0,0.3333333333333333,1.0,1.0,0.3333333333333333,0.9333333333333333,0.4666666666666667,1.0,0.5,1.0,1.0,0.46206349206349207,0.9,0.6,1.0,0.6666666666666666,1.0,1.0,0.5877464699330024,0.88,0.7333333333333333,1.0,0.8333333333333334,1.0,1.0,0.704019855967258,0.8333333333333334,0.8333333333333334,1.0,1.0,1.0,1.0,0.790814096209774,0.7142857142857143,0.8333333333333334,0.8571428571428571,1.0,1.0,1.0,0.790814096209774,0.65,0.8666666666666667,0.75,1.0,1.0,1.0,0.8142375196331976,0.5777777777777777,0.8666666666666667,0.6666666666666666,1.0,1.0,1.0,0.8142375196331976,0.52,0.8666666666666667,0.6,1.0,1.0,1.0,0.8142375196331976,gte_base-dj_adpt,3,webtable-cl_optim-v=12-distilroberta-dj_adpt~qwen3_8b-dj_adpt
UKDebate.pq::country,1.0,0.03333333333333333,1.0,0.03333333333333333,1.0,1.0,0.03333333333333333,0.2,0.03333333333333333,1.0,0.16666666666666666,1.0,1.0,0.03333333333333333,0.2,0.06666666666666667,1.0,0.3333333333333333,1.0,1.0,0.041666666666666664,0.13333333333333333,0.06666666666666667,1.0,0.5,1.0,1.0,0.041666666666666664,0.2,0.13333333333333333,1.0,0.6666666666666666,1.0,1.0,0.05458333333333333,0.24,0.2,1.0,0.8333333333333334,1.0,1.0,0.07161075036075036,0.2,0.2,1.0,1.0,1.0,1.0,0.07161075036075036,0.2,0.23333333333333334,0.8571428571428571,1.0,1.0,1.0,0.07868145743145742,0.2,0.26666666666666666,0.75,1.0,1.0,1.0,0.08588866463866464,0.2,0.3,0.6666666666666666,1.0,1.0,1.0,0.09320573780939635,0.2,0.3333333333333333,0.6,1.0,1.0,1.0,0.10045211462099055,gte_base-dj_adpt,3,webtable-cl_optim-v=12-distilroberta-dj_adpt~qwen3_8b-dj_adpt
World_countries_env_vars.pq::Country,1.0,0.03333333333333333,1.0,0.03333333333333333,1.0,1.0,0.03333333333333333,1.0,0.16666666666666666,1.0,0.16666666666666666,1.0,1.0,0.16666666666666666,1.0,0.3333333333333333,1.0,0.3333333333333333,1.0,1.0,0.3333333333333333,1.0,0.5,1.0,0.5,1.0,1.0,0.5,0.8,0.5333333333333333,1.0,0.6666666666666666,1.0,1.0,0.5333333333333333,0.64,0.5333333333333333,1.0,0.8333333333333334,1.0,1.0,0.5333333333333333,0.5666666666666667,0.5666666666666667,1.0,1.0,1.0,1.0,0.5528735632183908,0.4857142857142857,0.5666666666666667,0.8571428571428571,1.0,1.0,1.0,0.5528735632183908,0.475,0.6333333333333333,0.75,1.0,1.0,1.0,0.5857795461243737,0.4666666666666667,0.7,0.6666666666666666,1.0,1.0,1.0,0.6179487996350906,0.44,0.7333333333333333,0.6,1.0,1.0,1.0,0.6335516365145233,gte_base-dj_adpt,3,webtable-cl_optim-v=12-distilroberta-dj_adpt~qwen3_8b-dj_adpt
USA_cars_datasets.pq::country,0.0,0.0,1.0,0.03333333333333333,0.0,0.0,0.0,0.2,0.03333333333333333,1.0,0.16666666666666666,1.0,0.5,0.016666666666666666,0.1,0.03333333333333333,1.0,0.3333333333333333,1.0,0.5,0.016666666666666666,0.2,0.1,1.0,0.5,1.0,0.5,0.028095238095238097,0.25,0.16666666666666666,1.0,0.6666666666666666,1.0,0.5,0.04476190476190477,0.2,0.16666666666666666,1.0,0.8333333333333334,1.0,0.5,0.04476190476190477,0.23333333333333334,0.23333333333333334,1.0,1.0,1.0,0.5,0.059682539682539684,0.2571428571428571,0.3,0.8571428571428571,1.0,1.0,0.5,0.07633477633477634,0.225,0.3,0.75,1.0,1.0,0.5,0.07633477633477634,0.2,0.3,0.6666666666666666,1.0,1.0,0.5,0.07633477633477634,0.18,0.3,0.6,1.0,1.0,0.5,0.07633477633477634,gte_base-dj_adpt,3,webtable-cl_optim-v=12-distilroberta-dj_adpt~qwen3_8b-dj_adpt
netflix_titles.pq::country,1.0,0.03333333333333333,1.0,0.03333333333333333,1.0,1.0,0.03333333333333333,1.0,0.16666666666666666,1.0,0.16666666666666666,1.0,1.0,0.16666666666666666,1.0,0.3333333333333333,1.0,0.3333333333333333,1.0,1.0,0.3333333333333333,1.0,0.5,1.0,0.5,1.0,1.0,0.5,0.85,0.5666666666666667,1.0,0.6666666666666666,1.0,1.0,0.5564035087719298,0.68,0.5666666666666667,1.0,0.8333333333333334,1.0,1.0,0.5564035087719298,0.5666666666666667,0.5666666666666667,1.0,1.0,1.0,1.0,0.5564035087719298,0.5142857142857142,0.6,0.8571428571428571,1.0,1.0,1.0,0.574585326953748,0.475,0.6333333333333333,0.75,1.0,1.0,1.0,0.5904186602870813,0.4222222222222222,0.6333333333333333,0.6666666666666666,1.0,1.0,1.0,0.5904186602870813,0.4,0.6666666666666666,0.6,1.0,1.0,1.0,0.6040241024639521,gte_base-dj_adpt,3,webtable-cl_optim-v=12-distilroberta-dj_adpt~qwen3_8b-dj_adpt
pte_ames.pq::Arg0,1.0,0.03125,1.0,0.03125,1.0,1.0,0.03125,1.0,0.15625,1.0,0.15625,1.0,1.0,0.15625,1.0,0.3125,1.0,0.3125,1.0,1.0,0.3125,1.0,0.46875,1.0,0.46875,1.0,1.0,0.46875,0.9,0.5625,1.0,0.625,1.0,1.0,0.5608552631578947,0.8,0.625,1.0,0.78125,1.0,1.0,0.6128438995215311,0.6666666666666666,0.625,1.0,0.9375,1.0,1.0,0.6128438995215311,0.5714285714285714,0.625,0.9142857142857143,1.0,1.0,1.0,0.6128438995215311,0.5,0.625,0.8,1.0,1.0,1.0,0.6128438995215311,0.4444444444444444,0.625,0.7111111111111111,1.0,1.0,1.0,0.6128438995215311,0.4,0.625,0.64,1.0,1.0,1.0,0.6128438995215311,gte_base-dj_adpt,3,webtable-cl_optim-v=12-distilroberta-dj_adpt~qwen3_8b-dj_adpt
movie_metadata.pq::country,1.0,0.03333333333333333,1.0,0.03333333333333333,1.0,1.0,0.03333333333333333,1.0,0.16666666666666666,1.0,0.16666666666666666,1.0,1.0,0.16666666666666666,0.9,0.3,1.0,0.3333333333333333,1.0,1.0,0.28403439153439153,0.9333333333333333,0.4666666666666667,1.0,0.5,1.0,1.0,0.43772570022570023,0.75,0.5,1.0,0.6666666666666666,1.0,1.0,0.46713746493158254,0.64,0.5333333333333333,1.0,0.8333333333333334,1.0,1.0,0.4884707982649159,0.6,0.6,1.0,1.0,1.0,1.0,0.5309553252322015,0.6,0.7,0.8571428571428571,1.0,1.0,1.0,0.5909932758963381,0.575,0.7666666666666667,0.75,1.0,1.0,1.0,0.6320843669874292,0.5333333333333333,0.8,0.6666666666666666,1.0,1.0,1.0,0.65068901815022,0.5,0.8333333333333334,0.6,1.0,1.0,1.0,0.6673556848168866,gte_base-dj_adpt,3,webtable-cl_optim-v=12-distilroberta-dj_adpt~qwen3_8b-dj_adpt
world_country.pq::LocalName,1.0,0.034482758620689655,1.0,0.034482758620689655,1.0,1.0,0.034482758620689655,0.8,0.13793103448275862,1.0,0.1724137931034483,1.0,1.0,0.11091954022988507,0.6,0.20689655172413793,1.0,0.3448275862068966,1.0,1.0,0.1603448275862069,0.6,0.3103448275862069,1.0,0.5172413793103449,1.0,1.0,0.22085385878489328,0.5,0.3448275862068966,1.0,0.6896551724137931,1.0,1.0,0.2380952380952381,0.44,0.3793103448275862,1.0,0.8620689655172413,1.0,1.0,0.25533661740558294,0.36666666666666664,0.3793103448275862,0.9666666666666667,1.0,1.0,1.0,0.25533661740558294,0.3142857142857143,0.3793103448275862,0.8285714285714286,1.0,1.0,1.0,0.25533661740558294,0.3,0.41379310344827586,0.725,1.0,1.0,1.0,0.2656814449917898,0.28888888888888886,0.4482758620689655,0.6444444444444445,1.0,1.0,1.0,0.276615002603228,0.26,0.4482758620689655,0.58,1.0,1.0,1.0,0.276615002603228,gte_base-dj_adpt,3,webtable-cl_optim-v=12-distilroberta-dj_adpt~qwen3_8b-dj_adpt
countries_metadatacountries.pq::CountryName,1.0,0.03333333333333333,1.0,0.03333333333333333,1.0,1.0,0.03333333333333333,0.8,0.13333333333333333,1.0,0.16666666666666666,1.0,1.0,0.13333333333333333,0.8,0.26666666666666666,1.0,0.3333333333333333,1.0,1.0,0.23870370370370372,0.8,0.4,1.0,0.5,1.0,1.0,0.34661135161135165,0.65,0.43333333333333335,1.0,0.6666666666666666,1.0,1.0,0.373694684944685,0.56,0.4666666666666667,1.0,0.8333333333333334,1.0,1.0,0.3949068061568062,0.5,0.5,1.0,1.0,1.0,1.0,0.4141375753875754,0.45714285714285713,0.5333333333333333,0.8571428571428571,1.0,1.0,1.0,0.43080424205424206,0.4,0.5333333333333333,0.75,1.0,1.0,1.0,0.43080424205424206,0.35555555555555557,0.5333333333333333,0.6666666666666666,1.0,1.0,1.0,0.43080424205424206,0.32,0.5333333333333333,0.6,1.0,1.0,1.0,0.43080424205424206,gte_base-dj_adpt,3,webtable-cl_optim-v=12-distilroberta-dj_adpt~qwen3_8b-dj_adpt
pte_postestactive_neg.pq::Arg0,1.0,0.03125,1.0,0.03125,1.0,1.0,0.03125,1.0,0.15625,1.0,0.15625,1.0,1.0,0.15625,1.0,0.3125,1.0,0.3125,1.0,1.0,0.3125,1.0,0.46875,1.0,0.46875,1.0,1.0,0.46875,1.0,0.625,1.0,0.625,1.0,1.0,0.625,1.0,0.78125,1.0,0.78125,1.0,1.0,0.78125,0.9666666666666667,0.90625,1.0,0.9375,1.0,1.0,0.90625,0.8285714285714286,0.90625,0.9142857142857143,1.0,1.0,1.0,0.90625,0.75,0.9375,0.8,1.0,1.0,1.0,0.9302884615384616,0.6666666666666666,0.9375,0.7111111111111111,1.0,1.0,1.0,0.9302884615384616,0.6,0.9375,0.64,1.0,1.0,1.0,0.9302884615384616,gte_base-dj_adpt,3,webtable-cl_optim-v=12-distilroberta-dj_adpt~qwen3_8b-dj_adpt
pte_alkyl_halide.pq::Arg0,1.0,0.03125,1.0,0.03125,1.0,1.0,0.03125,1.0,0.15625,1.0,0.15625,1.0,1.0,0.15625,1.0,0.3125,1.0,0.3125,1.0,1.0,0.3125,1.0,0.46875,1.0,0.46875,1.0,1.0,0.46875,1.0,0.625,1.0,0.625,1.0,1.0,0.625,1.0,0.78125,1.0,0.78125,1.0,1.0,0.78125,0.8666666666666667,0.8125,1.0,0.9375,1.0,1.0,0.8125,0.7428571428571429,0.8125,0.9142857142857143,1.0,1.0,1.0,0.8125,0.65,0.8125,0.8,1.0,1.0,1.0,0.8125,0.6,0.84375,0.7111111111111111,1.0,1.0,1.0,0.8321220930232558,0.58,0.90625,0.64,1.0,1.0,1.0,0.8681042358803986,gte_base-dj_adpt,3,webtable-cl_optim-v=12-distilroberta-dj_adpt~qwen3_8b-dj_adpt
pte_testactive.pq::Arg0,1.0,0.03125,1.0,0.03125,1.0,1.0,0.03125,1.0,0.15625,1.0,0.15625,1.0,1.0,0.15625,1.0,0.3125,1.0,0.3125,1.0,1.0,0.3125,1.0,0.46875,1.0,0.46875,1.0,1.0,0.46875,1.0,0.625,1.0,0.625,1.0,1.0,0.625,1.0,0.78125,1.0,0.78125,1.0,1.0,0.78125,0.9666666666666667,0.90625,1.0,0.9375,1.0,1.0,0.90625,0.8285714285714286,0.90625,0.9142857142857143,1.0,1.0,1.0,0.90625,0.725,0.90625,0.8,1.0,1.0,1.0,0.90625,0.6666666666666666,0.9375,0.7111111111111111,1.0,1.0,1.0,0.9275568181818182,0.6,0.9375,0.64,1.0,1.0,1.0,0.9275568181818182,gte_base-dj_adpt,3,webtable-cl_optim-v=12-distilroberta-dj_adpt~qwen3_8b-dj_adpt
hfi_cc_2018.pq::countries,1.0,0.03333333333333333,1.0,0.03333333333333333,1.0,1.0,0.03333333333333333,1.0,0.16666666666666666,1.0,0.16666666666666666,1.0,1.0,0.16666666666666666,1.0,0.3333333333333333,1.0,0.3333333333333333,1.0,1.0,0.3333333333333333,1.0,0.5,1.0,0.5,1.0,1.0,0.5,0.9,0.6,1.0,0.6666666666666666,1.0,1.0,0.5966666666666666,0.8,0.6666666666666666,1.0,0.8333333333333334,1.0,1.0,0.6558109040717736,0.6666666666666666,0.6666666666666666,1.0,1.0,1.0,1.0,0.6558109040717736,0.5714285714285714,0.6666666666666666,0.8571428571428571,1.0,1.0,1.0,0.6558109040717736,0.55,0.7333333333333333,0.75,1.0,1.0,1.0,0.6940587673196369,0.4888888888888889,0.7333333333333333,0.6666666666666666,1.0,1.0,1.0,0.6940587673196369,0.46,0.7666666666666667,0.6,1.0,1.0,1.0,0.7107254339863035,gte_base-dj_adpt,3,webtable-cl_optim-v=12-distilroberta-dj_adpt~qwen3_8b-dj_adpt
wikipedia-iso-country-codes.pq::English_short_name_lower_case,1.0,0.03333333333333333,1.0,0.03333333333333333,1.0,1.0,0.03333333333333333,1.0,0.16666666666666666,1.0,0.16666666666666666,1.0,1.0,0.16666666666666666,0.8,0.26666666666666666,1.0,0.3333333333333333,1.0,1.0,0.26666666666666666,0.6666666666666666,0.3333333333333333,1.0,0.5,1.0,1.0,0.31355311355311355,0.6,0.4,1.0,0.6666666666666666,1.0,1.0,0.3599991919844861,0.52,0.43333333333333335,1.0,0.8333333333333334,1.0,1.0,0.378839771694631,0.4666666666666667,0.4666666666666667,1.0,1.0,1.0,1.0,0.396123722311915,0.4,0.4666666666666667,0.8571428571428571,1.0,1.0,1.0,0.396123722311915,0.375,0.5,0.75,1.0,1.0,1.0,0.40894423513242784,0.35555555555555557,0.5333333333333333,0.6666666666666666,1.0,1.0,1.0,0.4210654472536399,0.32,0.5333333333333333,0.6,1.0,1.0,1.0,0.4210654472536399,gte_base-dj_adpt,3,webtable-cl_optim-v=12-distilroberta-dj_adpt~qwen3_8b-dj_adpt
affirmative_asylum.pq::ContinentCountryofNationality,1.0,0.03125,1.0,0.03125,1.0,1.0,0.03125,0.4,0.0625,1.0,0.15625,1.0,1.0,0.046875,0.5,0.15625,1.0,0.3125,1.0,1.0,0.08978174603174603,0.5333333333333333,0.25,1.0,0.46875,1.0,1.0,0.1376984126984127,0.6,0.375,1.0,0.625,1.0,1.0,0.2094797540726817,0.64,0.5,1.0,0.78125,1.0,1.0,0.28992512392022546,0.6333333333333333,0.59375,1.0,0.9375,1.0,1.0,0.350921239873238,0.5714285714285714,0.625,0.9142857142857143,1.0,1.0,1.0,0.3687783827303808,0.55,0.6875,0.8,1.0,1.0,1.0,0.40509965466020537,0.5333333333333333,0.75,0.7111111111111111,1.0,1.0,1.0,0.4388794165649673,0.52,0.8125,0.64,1.0,1.0,1.0,0.4731503462596944,gte_base-dj_adpt,3,webtable-cl_optim-v=12-distilroberta-dj_adpt~qwen3_8b-dj_adpt
countries_and_continents.pq::name,1.0,0.037037037037037035,1.0,0.037037037037037035,1.0,1.0,0.037037037037037035,0.8,0.14814814814814814,1.0,0.18518518518518517,1.0,1.0,0.14814814814814814,0.6,0.2222222222222222,1.0,0.37037037037037035,1.0,1.0,0.2107583774250441,0.5333333333333333,0.2962962962962963,1.0,0.5555555555555556,1.0,1.0,0.2571194237860905,0.5,0.37037037037037035,1.0,0.7407407407407407,1.0,1.0,0.2973033986105882,0.48,0.4444444444444444,1.0,0.9259259259259259,1.0,1.0,0.33522226986279274,0.43333333333333335,0.48148148148148145,0.9,1.0,1.0,1.0,0.35305491732506983,0.42857142857142855,0.5555555555555556,0.7714285714285715,1.0,1.0,1.0,0.38464061557743473,0.4,0.5925925925925926,0.675,1.0,1.0,1.0,0.4006566315934508,0.37777777777777777,0.6296296296296297,0.6,1.0,1.0,1.0,0.41496639590321505,0.34,0.6296296296296297,0.54,1.0,1.0,1.0,0.41496639590321505,gte_base-dj_adpt,3,webtable-cl_optim-v=12-distilroberta-dj_adpt~qwen3_8b-dj_adpt
pte_postestactive.pq::Arg0,1.0,0.03125,1.0,0.03125,1.0,1.0,0.03125,1.0,0.15625,1.0,0.15625,1.0,1.0,0.15625,1.0,0.3125,1.0,0.3125,1.0,1.0,0.3125,0.9333333333333333,0.4375,1.0,0.46875,1.0,1.0,0.4354166666666667,0.9,0.5625,1.0,0.625,1.0,1.0,0.5485768457602339,0.92,0.71875,1.0,0.78125,1.0,1.0,0.6911881882221198,0.8666666666666667,0.8125,1.0,0.9375,1.0,1.0,0.7719968910135813,0.8571428571428571,0.9375,0.9142857142857143,1.0,1.0,1.0,0.8815940335729511,0.775,0.96875,0.8,1.0,1.0,1.0,0.9070874546255826,0.6888888888888889,0.96875,0.7111111111111111,1.0,1.0,1.0,0.9070874546255826,0.62,0.96875,0.64,1.0,1.0,1.0,0.9070874546255826,gte_base-dj_adpt,3,webtable-cl_optim-v=12-distilroberta-dj_adpt~qwen3_8b-dj_adpt
pte_five_ring.pq::Arg0,1.0,0.03125,1.0,0.03125,1.0,1.0,0.03125,1.0,0.15625,1.0,0.15625,1.0,1.0,0.15625,1.0,0.3125,1.0,0.3125,1.0,1.0,0.3125,1.0,0.46875,1.0,0.46875,1.0,1.0,0.46875,1.0,0.625,1.0,0.625,1.0,1.0,0.625,1.0,0.78125,1.0,0.78125,1.0,1.0,0.78125,0.9,0.84375,1.0,0.9375,1.0,1.0,0.8415948275862069,0.7714285714285715,0.84375,0.9142857142857143,1.0,1.0,1.0,0.8415948275862069,0.675,0.84375,0.8,1.0,1.0,1.0,0.8415948275862069,0.6,0.84375,0.7111111111111111,1.0,1.0,1.0,0.8415948275862069,0.58,0.90625,0.64,1.0,1.0,1.0,0.8783368488628026,gte_base-dj_adpt,3,webtable-cl_optim-v=12-distilroberta-dj_adpt~qwen3_8b-dj_adpt
MoviesOnStreamingPlatforms_updated.pq::Country,1.0,0.03333333333333333,1.0,0.03333333333333333,1.0,1.0,0.03333333333333333,1.0,0.16666666666666666,1.0,0.16666666666666666,1.0,1.0,0.16666666666666666,1.0,0.3333333333333333,1.0,0.3333333333333333,1.0,1.0,0.3333333333333333,0.9333333333333333,0.4666666666666667,1.0,0.5,1.0,1.0,0.4666666666666667,0.85,0.5666666666666667,1.0,0.6666666666666666,1.0,1.0,0.5543201754385965,0.68,0.5666666666666667,1.0,0.8333333333333334,1.0,1.0,0.5543201754385965,0.5666666666666667,0.5666666666666667,1.0,1.0,1.0,1.0,0.5543201754385965,0.4857142857142857,0.5666666666666667,0.8571428571428571,1.0,1.0,1.0,0.5543201754385965,0.45,0.6,0.75,1.0,1.0,1.0,0.5705363916548127,0.4444444444444444,0.6666666666666666,0.6666666666666666,1.0,1.0,1.0,0.60111963270317,0.4,0.6666666666666666,0.6,1.0,1.0,1.0,0.60111963270317,gte_base-dj_adpt,3,webtable-cl_optim-v=12-distilroberta-dj_adpt~qwen3_8b-dj_adpt
pte_amine.pq::Arg0,1.0,0.03125,1.0,0.03125,1.0,1.0,0.03125,1.0,0.15625,1.0,0.15625,1.0,1.0,0.15625,1.0,0.3125,1.0,0.3125,1.0,1.0,0.3125,1.0,0.46875,1.0,0.46875,1.0,1.0,0.46875,1.0,0.625,1.0,0.625,1.0,1.0,0.625,0.84,0.65625,1.0,0.78125,1.0,1.0,0.65125,0.7666666666666667,0.71875,1.0,0.9375,1.0,1.0,0.7014974457215837,0.7142857142857143,0.78125,0.9142857142857143,1.0,1.0,1.0,0.7486091881458261,0.65,0.8125,0.8,1.0,1.0,1.0,0.7705686476052855,0.5777777777777777,0.8125,0.7111111111111111,1.0,1.0,1.0,0.7705686476052855,0.52,0.8125,0.64,1.0,1.0,1.0,0.7705686476052855,gte_base-dj_adpt,3,webtable-cl_optim-v=12-distilroberta-dj_adpt~qwen3_8b-dj_adpt
AdventureWorks2014_salesTerritory.pq::Name,0.0,0.0,1.0,0.03333333333333333,0.0,0.0,0.0,0.6,0.1,1.0,0.16666666666666666,1.0,0.3333333333333333,0.04777777777777778,0.5,0.16666666666666666,1.0,0.3333333333333333,1.0,0.3333333333333333,0.0811111111111111,0.5333333333333333,0.26666666666666666,1.0,0.5,1.0,0.3333333333333333,0.13477411477411477,0.5,0.3333333333333333,1.0,0.6666666666666666,1.0,0.3333333333333333,0.1709396921161627,0.52,0.43333333333333335,1.0,0.8333333333333334,1.0,0.3333333333333333,0.22160635878282936,0.4666666666666667,0.4666666666666667,1.0,1.0,1.0,0.3333333333333333,0.23827302544949605,0.4,0.4666666666666667,0.8571428571428571,1.0,1.0,0.3333333333333333,0.23827302544949605,0.4,0.5333333333333333,0.75,1.0,1.0,0.3333333333333333,0.26657632875279935,0.35555555555555557,0.5333333333333333,0.6666666666666666,1.0,1.0,0.3333333333333333,0.26657632875279935,0.36,0.6,0.6,1.0,1.0,0.3333333333333333,0.2908951693325095,gte_base-dj_adpt,3,webtable-cl_optim-v=12-distilroberta-dj_adpt~qwen3_8b-dj_adpt
whr2015.pq::Country,1.0,0.03333333333333333,1.0,0.03333333333333333,1.0,1.0,0.03333333333333333,1.0,0.16666666666666666,1.0,0.16666666666666666,1.0,1.0,0.16666666666666666,1.0,0.3333333333333333,1.0,0.3333333333333333,1.0,1.0,0.3333333333333333,0.9333333333333333,0.4666666666666667,1.0,0.5,1.0,1.0,0.4666666666666667,0.85,0.5666666666666667,1.0,0.6666666666666666,1.0,1.0,0.5558796296296296,0.88,0.7333333333333333,1.0,0.8333333333333334,1.0,1.0,0.7007244442353139,0.8666666666666667,0.8666666666666667,1.0,1.0,1.0,1.0,0.8174657744249199,0.7428571428571429,0.8666666666666667,0.8571428571428571,1.0,1.0,1.0,0.8174657744249199,0.65,0.8666666666666667,0.75,1.0,1.0,1.0,0.8174657744249199,0.6,0.9,0.6666666666666666,1.0,1.0,1.0,0.8374657744249199,0.54,0.9,0.6,1.0,1.0,1.0,0.8374657744249199,gte_base-dj_adpt,3,webtable-cl_optim-v=12-distilroberta-dj_adpt~qwen3_8b-dj_adpt
countries_and_continents.pq::official_name_fr,1.0,0.037037037037037035,1.0,0.037037037037037035,1.0,1.0,0.037037037037037035,0.8,0.14814814814814814,1.0,0.18518518518518517,1.0,1.0,0.14814814814814814,0.7,0.25925925925925924,1.0,0.37037037037037035,1.0,1.0,0.23668430335097004,0.5333333333333333,0.2962962962962963,1.0,0.5555555555555556,1.0,1.0,0.26362033028699694,0.5,0.37037037037037035,1.0,0.7407407407407407,1.0,1.0,0.30502979530757307,0.52,0.48148148148148145,1.0,0.9259259259259259,1.0,1.0,0.36469389663834106,0.4666666666666667,0.5185185185185185,0.9,1.0,1.0,1.0,0.3832124151568596,0.4,0.5185185185185185,0.7714285714285715,1.0,1.0,1.0,0.3832124151568596,0.35,0.5185185185185185,0.675,1.0,1.0,1.0,0.3832124151568596,0.3111111111111111,0.5185185185185185,0.6,1.0,1.0,1.0,0.3832124151568596,0.28,0.5185185185185185,0.54,1.0,1.0,1.0,0.3832124151568596,gte_base-dj_adpt,3,webtable-cl_optim-v=12-distilroberta-dj_adpt~qwen3_8b-dj_adpt
pte_has_property.pq::Arg0,1.0,0.03125,1.0,0.03125,1.0,1.0,0.03125,1.0,0.15625,1.0,0.15625,1.0,1.0,0.15625,1.0,0.3125,1.0,0.3125,1.0,1.0,0.3125,1.0,0.46875,1.0,0.46875,1.0,1.0,0.46875,0.95,0.59375,1.0,0.625,1.0,1.0,0.59375,0.8,0.625,1.0,0.78125,1.0,1.0,0.6235119047619048,0.6666666666666666,0.625,1.0,0.9375,1.0,1.0,0.6235119047619048,0.5714285714285714,0.625,0.9142857142857143,1.0,1.0,1.0,0.6235119047619048,0.525,0.65625,0.8,1.0,1.0,1.0,0.6412483912483913,0.5111111111111111,0.71875,0.7111111111111111,1.0,1.0,1.0,0.6739526661401661,0.48,0.75,0.64,1.0,1.0,1.0,0.6889526661401661,gte_base-dj_adpt,3,webtable-cl_optim-v=12-distilroberta-dj_adpt~qwen3_8b-dj_adpt
cwurData.pq::country,1.0,0.03333333333333333,1.0,0.03333333333333333,1.0,1.0,0.03333333333333333,0.8,0.13333333333333333,1.0,0.16666666666666666,1.0,1.0,0.12666666666666665,0.9,0.3,1.0,0.3333333333333333,1.0,1.0,0.27181216931216934,0.8666666666666667,0.43333333333333335,1.0,0.5,1.0,1.0,0.3852553927553927,0.85,0.5666666666666667,1.0,0.6666666666666666,1.0,1.0,0.5032880151610802,0.76,0.6333333333333333,1.0,0.8333333333333334,1.0,1.0,0.5593956756165668,0.6666666666666666,0.6666666666666666,1.0,1.0,1.0,1.0,0.5832051994260906,0.6,0.7,0.8571428571428571,1.0,1.0,1.0,0.6057858445873808,0.525,0.7,0.75,1.0,1.0,1.0,0.6057858445873808,0.4888888888888889,0.7333333333333333,0.6666666666666666,1.0,1.0,1.0,0.6236720234491694,0.46,0.7666666666666667,0.6,1.0,1.0,1.0,0.6393182819525708,gtr_t5-dj_adpt,4,webtable-cl_optim-v=12-distilroberta-dj_adpt~qwen3_8b-dj_adpt
countries_and_continents.pq::ISO4217-currency_country_name,1.0,0.037037037037037035,1.0,0.037037037037037035,1.0,1.0,0.037037037037037035,1.0,0.18518518518518517,1.0,0.18518518518518517,1.0,1.0,0.18518518518518517,1.0,0.37037037037037035,1.0,0.37037037037037035,1.0,1.0,0.37037037037037035,0.8,0.4444444444444444,1.0,0.5555555555555556,1.0,1.0,0.4391534391534392,0.6,0.4444444444444444,1.0,0.7407407407407407,1.0,1.0,0.4391534391534392,0.52,0.48148148148148145,1.0,0.9259259259259259,1.0,1.0,0.46208112874779544,0.5,0.5555555555555556,0.9,1.0,1.0,1.0,0.4991181657848325,0.45714285714285713,0.5925925925925926,0.7714285714285715,1.0,1.0,1.0,0.5182340558684645,0.425,0.6296296296296297,0.675,1.0,1.0,1.0,0.5339747966092052,0.37777777777777777,0.6296296296296297,0.6,1.0,1.0,1.0,0.5339747966092052,0.36,0.6666666666666666,0.54,1.0,1.0,1.0,0.5481591937723258,gtr_t5-dj_adpt,4,webtable-cl_optim-v=12-distilroberta-dj_adpt~qwen3_8b-dj_adpt
pte_imine.pq::Arg0,1.0,0.03125,1.0,0.03125,1.0,1.0,0.03125,0.6,0.09375,1.0,0.15625,1.0,1.0,0.08125,0.7,0.21875,1.0,0.3125,1.0,1.0,0.1697172619047619,0.8,0.375,1.0,0.46875,1.0,1.0,0.2894740675990676,0.7,0.4375,1.0,0.625,1.0,1.0,0.3376766819781526,0.64,0.5,1.0,0.78125,1.0,1.0,0.38272538327685385,0.5333333333333333,0.5,1.0,0.9375,1.0,1.0,0.38272538327685385,0.45714285714285713,0.5,0.9142857142857143,1.0,1.0,1.0,0.38272538327685385,0.475,0.59375,0.8,1.0,1.0,1.0,0.427528780424001,0.4666666666666667,0.65625,0.7111111111111111,1.0,1.0,1.0,0.4583976828630254,0.5,0.78125,0.64,1.0,1.0,1.0,0.5189304232198064,gtr_t5-dj_adpt,4,webtable-cl_optim-v=12-distilroberta-dj_adpt~qwen3_8b-dj_adpt
countries_and_continents.pq::official_name_en,1.0,0.037037037037037035,1.0,0.037037037037037035,1.0,1.0,0.037037037037037035,1.0,0.18518518518518517,1.0,0.18518518518518517,1.0,1.0,0.18518518518518517,1.0,0.37037037037037035,1.0,0.37037037037037035,1.0,1.0,0.37037037037037035,0.9333333333333333,0.5185185185185185,1.0,0.5555555555555556,1.0,1.0,0.5134038800705467,0.75,0.5555555555555556,1.0,0.7407407407407407,1.0,1.0,0.5411816578483245,0.64,0.5925925925925926,1.0,0.9259259259259259,1.0,1.0,0.5669465531784372,0.5333333333333333,0.5925925925925926,0.9,1.0,1.0,1.0,0.5669465531784372,0.5142857142857142,0.6666666666666666,0.7714285714285715,1.0,1.0,1.0,0.6080905197256296,0.475,0.7037037037037037,0.675,1.0,1.0,1.0,0.6271095387446486,0.4222222222222222,0.7037037037037037,0.6,1.0,1.0,1.0,0.6271095387446486,0.38,0.7037037037037037,0.54,1.0,1.0,1.0,0.6271095387446486,gtr_t5-dj_adpt,4,webtable-cl_optim-v=12-distilroberta-dj_adpt~qwen3_8b-dj_adpt
world_country.pq::Name,1.0,0.034482758620689655,1.0,0.034482758620689655,1.0,1.0,0.034482758620689655,1.0,0.1724137931034483,1.0,0.1724137931034483,1.0,1.0,0.1724137931034483,0.7,0.2413793103448276,1.0,0.3448275862068966,1.0,1.0,0.23371647509578544,0.6666666666666666,0.3448275862068966,1.0,0.5172413793103449,1.0,1.0,0.30928745583917994,0.7,0.4827586206896552,1.0,0.6896551724137931,1.0,1.0,0.4023197322706237,0.6,0.5172413793103449,1.0,0.8620689655172413,1.0,1.0,0.4269502741425449,0.5,0.5172413793103449,0.9666666666666667,1.0,1.0,1.0,0.4269502741425449,0.42857142857142855,0.5172413793103449,0.8285714285714286,1.0,1.0,1.0,0.4269502741425449,0.425,0.5862068965517241,0.725,1.0,1.0,1.0,0.4572882346075471,0.4222222222222222,0.6551724137931034,0.6444444444444445,1.0,1.0,1.0,0.48766357444755337,0.4,0.6896551724137931,0.58,1.0,1.0,1.0,0.5023370887542298,gtr_t5-dj_adpt,4,webtable-cl_optim-v=12-distilroberta-dj_adpt~qwen3_8b-dj_adpt
pte_nitro.pq::Arg0,1.0,0.03125,1.0,0.03125,1.0,1.0,0.03125,1.0,0.15625,1.0,0.15625,1.0,1.0,0.15625,1.0,0.3125,1.0,0.3125,1.0,1.0,0.3125,0.8666666666666667,0.40625,1.0,0.46875,1.0,1.0,0.40401785714285715,0.7,0.4375,1.0,0.625,1.0,1.0,0.42589285714285713,0.64,0.5,1.0,0.78125,1.0,1.0,0.47094155844155844,0.6,0.5625,1.0,0.9375,1.0,1.0,0.5114635364635365,0.6285714285714286,0.6875,0.9142857142857143,1.0,1.0,1.0,0.5896772330492088,0.6,0.75,0.8,1.0,1.0,1.0,0.6278529087248845,0.6222222222222222,0.875,0.7111111111111111,1.0,1.0,1.0,0.7057614815285226,0.58,0.90625,0.64,1.0,1.0,1.0,0.7238864815285225,gtr_t5-dj_adpt,4,webtable-cl_optim-v=12-distilroberta-dj_adpt~qwen3_8b-dj_adpt
pte_sulfide.pq::Arg0,1.0,0.03125,1.0,0.03125,1.0,1.0,0.03125,1.0,0.15625,1.0,0.15625,1.0,1.0,0.15625,1.0,0.3125,1.0,0.3125,1.0,1.0,0.3125,0.8666666666666667,0.40625,1.0,0.46875,1.0,1.0,0.40401785714285715,0.9,0.5625,1.0,0.625,1.0,1.0,0.542798440648189,0.88,0.6875,1.0,0.78125,1.0,1.0,0.6530899132154769,0.7666666666666667,0.71875,1.0,0.9375,1.0,1.0,0.6787595560726197,0.7142857142857143,0.78125,0.9142857142857143,1.0,1.0,1.0,0.723808257371321,0.675,0.84375,0.8,1.0,1.0,1.0,0.7668244517033048,0.6444444444444445,0.90625,0.7111111111111111,1.0,1.0,1.0,0.808733366431987,0.58,0.90625,0.64,1.0,1.0,1.0,0.808733366431987,gtr_t5-dj_adpt,4,webtable-cl_optim-v=12-distilroberta-dj_adpt~qwen3_8b-dj_adpt
pte_non_ar_hetero_6_ring.pq::Arg0,1.0,0.03125,1.0,0.03125,1.0,1.0,0.03125,1.0,0.15625,1.0,0.15625,1.0,1.0,0.15625,1.0,0.3125,1.0,0.3125,1.0,1.0,0.3125,0.9333333333333333,0.4375,1.0,0.46875,1.0,1.0,0.4307806776556777,0.95,0.59375,1.0,0.625,1.0,1.0,0.5782959694083436,0.88,0.6875,1.0,0.78125,1.0,1.0,0.66777872397262,0.8,0.75,1.0,0.9375,1.0,1.0,0.7211848086287046,0.7142857142857143,0.78125,0.9142857142857143,1.0,1.0,1.0,0.7455988711287046,0.7,0.875,0.8,1.0,1.0,1.0,0.8122472629415701,0.6222222222222222,0.875,0.7111111111111111,1.0,1.0,1.0,0.8122472629415701,0.56,0.875,0.64,1.0,1.0,1.0,0.8122472629415701,gtr_t5-dj_adpt,4,webtable-cl_optim-v=12-distilroberta-dj_adpt~qwen3_8b-dj_adpt
Word_University_Rank_2020.pq::Country,1.0,0.03333333333333333,1.0,0.03333333333333333,1.0,1.0,0.03333333333333333,1.0,0.16666666666666666,1.0,0.16666666666666666,1.0,1.0,0.16666666666666666,1.0,0.3333333333333333,1.0,0.3333333333333333,1.0,1.0,0.3333333333333333,0.8666666666666667,0.43333333333333335,1.0,0.5,1.0,1.0,0.42888888888888893,0.9,0.6,1.0,0.6666666666666666,1.0,1.0,0.5769215112945764,0.72,0.6,1.0,0.8333333333333334,1.0,1.0,0.5769215112945764,0.6666666666666666,0.6666666666666666,1.0,1.0,1.0,1.0,0.6250900094630745,0.6285714285714286,0.7333333333333333,0.8571428571428571,1.0,1.0,1.0,0.6686230355767457,0.55,0.7333333333333333,0.75,1.0,1.0,1.0,0.6686230355767457,0.5111111111111111,0.7666666666666667,0.6666666666666666,1.0,1.0,1.0,0.6864524929410868,0.46,0.7666666666666667,0.6,1.0,1.0,1.0,0.6864524929410868,gtr_t5-dj_adpt,4,webtable-cl_optim-v=12-distilroberta-dj_adpt~qwen3_8b-dj_adpt
gender_development.pq::Country,1.0,0.03333333333333333,1.0,0.03333333333333333,1.0,1.0,0.03333333333333333,1.0,0.16666666666666666,1.0,0.16666666666666666,1.0,1.0,0.16666666666666666,1.0,0.3333333333333333,1.0,0.3333333333333333,1.0,1.0,0.3333333333333333,1.0,0.5,1.0,0.5,1.0,1.0,0.5,0.95,0.6333333333333333,1.0,0.6666666666666666,1.0,1.0,0.6316666666666666,0.88,0.7333333333333333,1.0,0.8333333333333334,1.0,1.0,0.7231808143547274,0.7666666666666667,0.7666666666666667,1.0,1.0,1.0,1.0,0.7526679938419069,0.7142857142857143,0.8333333333333334,0.8571428571428571,1.0,1.0,1.0,0.8000069294161366,0.675,0.9,0.75,1.0,1.0,1.0,0.8477652140165264,0.6,0.9,0.6666666666666666,1.0,1.0,1.0,0.8477652140165264,0.54,0.9,0.6,1.0,1.0,1.0,0.8477652140165264,gtr_t5-dj_adpt,4,webtable-cl_optim-v=12-distilroberta-dj_adpt~qwen3_8b-dj_adpt
pte_testactive_Neg.pq::Arg0,1.0,0.03125,1.0,0.03125,1.0,1.0,0.03125,1.0,0.15625,1.0,0.15625,1.0,1.0,0.15625,1.0,0.3125,1.0,0.3125,1.0,1.0,0.3125,0.8,0.375,1.0,0.46875,1.0,1.0,0.375,0.65,0.40625,1.0,0.625,1.0,1.0,0.3975694444444444,0.56,0.4375,1.0,0.78125,1.0,1.0,0.41745580808080807,0.5,0.46875,1.0,0.9375,1.0,1.0,0.43361960118425635,0.5142857142857142,0.5625,0.9142857142857143,1.0,1.0,1.0,0.48239123593786454,0.5,0.625,0.8,1.0,1.0,1.0,0.5153316599144727,0.4666666666666667,0.65625,0.7111111111111111,1.0,1.0,1.0,0.5299149932478061,0.46,0.71875,0.64,1.0,1.0,1.0,0.5595290127686579,gtr_t5-dj_adpt,4,webtable-cl_optim-v=12-distilroberta-dj_adpt~qwen3_8b-dj_adpt
edu.pq::country,0.0,0.0,1.0,0.03333333333333333,0.0,0.0,0.0,0.6,0.1,1.0,0.16666666666666666,1.0,0.5,0.06388888888888888,0.4,0.13333333333333333,1.0,0.3333333333333333,1.0,0.5,0.08293650793650793,0.4666666666666667,0.23333333333333334,1.0,0.5,1.0,0.5,0.12792929292929292,0.4,0.26666666666666666,1.0,0.6666666666666666,1.0,0.5,0.14196438064859115,0.32,0.26666666666666666,1.0,0.8333333333333334,1.0,0.5,0.14196438064859115,0.3333333333333333,0.3333333333333333,1.0,1.0,1.0,0.5,0.16499709506061594,0.3142857142857143,0.36666666666666664,0.8571428571428571,1.0,1.0,0.5,0.17610820617172704,0.275,0.36666666666666664,0.75,1.0,1.0,0.5,0.17610820617172704,0.28888888888888886,0.43333333333333335,0.6666666666666666,1.0,1.0,0.5,0.19571278858118749,0.28,0.4666666666666667,0.6,1.0,1.0,0.5,0.20504612191452085,gtr_t5-dj_adpt,4,webtable-cl_optim-v=12-distilroberta-dj_adpt~qwen3_8b-dj_adpt
AdventureWorks2014_CountryRegion.pq::Name,1.0,0.03333333333333333,1.0,0.03333333333333333,1.0,1.0,0.03333333333333333,1.0,0.16666666666666666,1.0,0.16666666666666666,1.0,1.0,0.16666666666666666,0.8,0.26666666666666666,1.0,0.3333333333333333,1.0,1.0,0.25107142857142856,0.7333333333333333,0.36666666666666664,1.0,0.5,1.0,1.0,0.33017565767565765,0.7,0.4666666666666667,1.0,0.6666666666666666,1.0,1.0,0.39984542031755654,0.64,0.5333333333333333,1.0,0.8333333333333334,1.0,1.0,0.4468433499241818,0.5333333333333333,0.5333333333333333,1.0,1.0,1.0,1.0,0.4468433499241818,0.45714285714285713,0.5333333333333333,0.8571428571428571,1.0,1.0,1.0,0.4468433499241818,0.45,0.6,0.75,1.0,1.0,1.0,0.47637326445409633,0.4222222222222222,0.6333333333333333,0.6666666666666666,1.0,1.0,1.0,0.4904473385281704,0.42,0.7,0.6,1.0,1.0,1.0,0.5192258064370731,gtr_t5-dj_adpt,4,webtable-cl_optim-v=12-distilroberta-dj_adpt~qwen3_8b-dj_adpt
pte_methoxy.pq::Arg0,1.0,0.03125,1.0,0.03125,1.0,1.0,0.03125,1.0,0.15625,1.0,0.15625,1.0,1.0,0.15625,1.0,0.3125,1.0,0.3125,1.0,1.0,0.3125,0.8666666666666667,0.40625,1.0,0.46875,1.0,1.0,0.40401785714285715,0.7,0.4375,1.0,0.625,1.0,1.0,0.42589285714285713,0.64,0.5,1.0,0.78125,1.0,1.0,0.46904761904761905,0.5666666666666667,0.53125,1.0,0.9375,1.0,1.0,0.4867559523809524,0.5714285714285714,0.625,0.9142857142857143,1.0,1.0,1.0,0.5412758908548757,0.575,0.71875,0.8,1.0,1.0,1.0,0.597000612286834,0.5777777777777777,0.8125,0.7111111111111111,1.0,1.0,1.0,0.6514922688860487,0.56,0.875,0.64,1.0,1.0,1.0,0.6869443965456231,gtr_t5-dj_adpt,4,webtable-cl_optim-v=12-distilroberta-dj_adpt~qwen3_8b-dj_adpt
world-cities.pq::country,1.0,0.03333333333333333,1.0,0.03333333333333333,1.0,1.0,0.03333333333333333,1.0,0.16666666666666666,1.0,0.16666666666666666,1.0,1.0,0.16666666666666666,1.0,0.3333333333333333,1.0,0.3333333333333333,1.0,1.0,0.3333333333333333,1.0,0.5,1.0,0.5,1.0,1.0,0.5,0.95,0.6333333333333333,1.0,0.6666666666666666,1.0,1.0,0.6333333333333333,0.8,0.6666666666666666,1.0,0.8333333333333334,1.0,1.0,0.665079365079365,0.6666666666666666,0.6666666666666666,1.0,1.0,1.0,1.0,0.665079365079365,0.6,0.7,0.8571428571428571,1.0,1.0,1.0,0.6876600102406554,0.525,0.7,0.75,1.0,1.0,1.0,0.6876600102406554,0.4888888888888889,0.7333333333333333,0.6666666666666666,1.0,1.0,1.0,0.705546189102444,0.46,0.7666666666666667,0.6,1.0,1.0,1.0,0.7215184113246662,gtr_t5-dj_adpt,4,webtable-cl_optim-v=12-distilroberta-dj_adpt~qwen3_8b-dj_adpt
movies.pq::country,1.0,0.03333333333333333,1.0,0.03333333333333333,1.0,1.0,0.03333333333333333,1.0,0.16666666666666666,1.0,0.16666666666666666,1.0,1.0,0.16666666666666666,0.9,0.3,1.0,0.3333333333333333,1.0,1.0,0.28403439153439153,0.8666666666666667,0.43333333333333335,1.0,0.5,1.0,1.0,0.4023532948532948,0.9,0.6,1.0,0.6666666666666666,1.0,1.0,0.5503859172589822,0.8,0.6666666666666666,1.0,0.8333333333333334,1.0,1.0,0.6095301546640892,0.6666666666666666,0.6666666666666666,1.0,1.0,1.0,1.0,0.6095301546640892,0.6,0.7,0.8571428571428571,1.0,1.0,1.0,0.6314051546640892,0.6,0.8,0.75,1.0,1.0,1.0,0.6930090662680009,0.5777777777777777,0.8666666666666667,0.6666666666666666,1.0,1.0,1.0,0.7325935287792926,0.52,0.8666666666666667,0.6,1.0,1.0,1.0,0.7325935287792926,gtr_t5-dj_adpt,4,webtable-cl_optim-v=12-distilroberta-dj_adpt~qwen3_8b-dj_adpt
countries_data.pq::CountryName,1.0,0.03333333333333333,1.0,0.03333333333333333,1.0,1.0,0.03333333333333333,1.0,0.16666666666666666,1.0,0.16666666666666666,1.0,1.0,0.16666666666666666,1.0,0.3333333333333333,1.0,0.3333333333333333,1.0,1.0,0.3333333333333333,1.0,0.5,1.0,0.5,1.0,1.0,0.5,0.95,0.6333333333333333,1.0,0.6666666666666666,1.0,1.0,0.6280604288499025,0.88,0.7333333333333333,1.0,0.8333333333333334,1.0,1.0,0.7193537973171841,0.7666666666666667,0.7666666666666667,1.0,1.0,1.0,1.0,0.7467347496981365,0.7142857142857143,0.8333333333333334,0.8571428571428571,1.0,1.0,1.0,0.7985828679777064,0.625,0.8333333333333334,0.75,1.0,1.0,1.0,0.7985828679777064,0.5777777777777777,0.8666666666666667,0.6666666666666666,1.0,1.0,1.0,0.8197210793598201,0.52,0.8666666666666667,0.6,1.0,1.0,1.0,0.8197210793598201,gtr_t5-dj_adpt,4,webtable-cl_optim-v=12-distilroberta-dj_adpt~qwen3_8b-dj_adpt
pte_alcohol.pq::Arg0,0.0,0.0,1.0,0.03125,0.0,0.0,0.0,0.6,0.09375,1.0,0.15625,1.0,0.3333333333333333,0.04479166666666667,0.3,0.09375,1.0,0.3125,1.0,0.3333333333333333,0.04479166666666667,0.26666666666666666,0.125,1.0,0.46875,1.0,0.3333333333333333,0.053125,0.3,0.1875,1.0,0.625,1.0,0.3333333333333333,0.07167397660818714,0.32,0.25,1.0,0.78125,1.0,0.3333333333333333,0.09345427963849016,0.3333333333333333,0.3125,1.0,0.9375,1.0,0.3333333333333333,0.11584566140487193,0.34285714285714286,0.375,0.9142857142857143,1.0,1.0,0.3333333333333333,0.1366702412368047,0.375,0.46875,0.8,1.0,1.0,0.3333333333333333,0.17029772942843763,0.35555555555555557,0.5,0.7111111111111111,1.0,1.0,0.3333333333333333,0.18220249133319955,0.32,0.5,0.64,1.0,1.0,0.3333333333333333,0.18220249133319955,gtr_t5-dj_adpt,4,webtable-cl_optim-v=12-distilroberta-dj_adpt~qwen3_8b-dj_adpt
pte_phenol.pq::Arg0,1.0,0.03125,1.0,0.03125,1.0,1.0,0.03125,1.0,0.15625,1.0,0.15625,1.0,1.0,0.15625,1.0,0.3125,1.0,0.3125,1.0,1.0,0.3125,0.8666666666666667,0.40625,1.0,0.46875,1.0,1.0,0.40401785714285715,0.75,0.46875,1.0,0.625,1.0,1.0,0.45740327380952384,0.64,0.5,1.0,0.78125,1.0,1.0,0.4774032738095238,0.6333333333333333,0.59375,1.0,0.9375,1.0,1.0,0.5377169184981685,0.6285714285714286,0.6875,0.9142857142857143,1.0,1.0,1.0,0.5980288784636063,0.6,0.75,0.8,1.0,1.0,1.0,0.6372249254721533,0.6,0.84375,0.7111111111111111,1.0,1.0,1.0,0.6930420250392528,0.56,0.875,0.64,1.0,1.0,1.0,0.7105420250392529,gtr_t5-dj_adpt,4,webtable-cl_optim-v=12-distilroberta-dj_adpt~qwen3_8b-dj_adpt
pte_ester.pq::Arg0,1.0,0.03125,1.0,0.03125,1.0,1.0,0.03125,1.0,0.15625,1.0,0.15625,1.0,1.0,0.15625,1.0,0.3125,1.0,0.3125,1.0,1.0,0.3125,0.9333333333333333,0.4375,1.0,0.46875,1.0,1.0,0.4331845238095238,0.95,0.59375,1.0,0.625,1.0,1.0,0.5806998155621897,0.84,0.65625,1.0,0.78125,1.0,1.0,0.64029126577864,0.8,0.75,1.0,0.9375,1.0,1.0,0.7192160128068353,0.7714285714285715,0.84375,0.9142857142857143,1.0,1.0,1.0,0.7946244271806493,0.725,0.90625,0.8,1.0,1.0,1.0,0.8434232259794482,0.6444444444444445,0.90625,0.7111111111111111,1.0,1.0,1.0,0.8434232259794482,0.58,0.90625,0.64,1.0,1.0,1.0,0.8434232259794482,gtr_t5-dj_adpt,4,webtable-cl_optim-v=12-distilroberta-dj_adpt~qwen3_8b-dj_adpt
pte_non_ar_hetero_5_ring.pq::Arg0,1.0,0.03125,1.0,0.03125,1.0,1.0,0.03125,1.0,0.15625,1.0,0.15625,1.0,1.0,0.15625,1.0,0.3125,1.0,0.3125,1.0,1.0,0.3125,0.8666666666666667,0.40625,1.0,0.46875,1.0,1.0,0.401614010989011,0.75,0.46875,1.0,0.625,1.0,1.0,0.452020357738237,0.76,0.59375,1.0,0.78125,1.0,1.0,0.5450329565524662,0.7,0.65625,1.0,0.9375,1.0,1.0,0.5916186047006144,0.6571428571428571,0.71875,0.9142857142857143,1.0,1.0,1.0,0.6342426855829674,0.65,0.8125,0.8,1.0,1.0,1.0,0.6959054997128867,0.6222222222222222,0.875,0.7111111111111111,1.0,1.0,1.0,0.737318101338903,0.6,0.9375,0.64,1.0,1.0,1.0,0.7761518413566493,gtr_t5-dj_adpt,4,webtable-cl_optim-v=12-distilroberta-dj_adpt~qwen3_8b-dj_adpt
population_by_country_2020.pq::CountryDependency,1.0,0.03333333333333333,1.0,0.03333333333333333,1.0,1.0,0.03333333333333333,1.0,0.16666666666666666,1.0,0.16666666666666666,1.0,1.0,0.16666666666666666,1.0,0.3333333333333333,1.0,0.3333333333333333,1.0,1.0,0.3333333333333333,1.0,0.5,1.0,0.5,1.0,1.0,0.5,0.85,0.5666666666666667,1.0,0.6666666666666666,1.0,1.0,0.5628540305010893,0.68,0.5666666666666667,1.0,0.8333333333333334,1.0,1.0,0.5628540305010893,0.6666666666666666,0.6666666666666666,1.0,1.0,1.0,1.0,0.6323762494485956,0.6,0.7,0.8571428571428571,1.0,1.0,1.0,0.6535883706607168,0.525,0.7,0.75,1.0,1.0,1.0,0.6535883706607168,0.4888888888888889,0.7333333333333333,0.6666666666666666,1.0,1.0,1.0,0.6702550373273835,0.48,0.8,0.6,1.0,1.0,1.0,0.7028936246772172,gtr_t5-dj_adpt,4,webtable-cl_optim-v=12-distilroberta-dj_adpt~qwen3_8b-dj_adpt
pte_non_ar_5c_ring.pq::Arg0,1.0,0.03125,1.0,0.03125,1.0,1.0,0.03125,0.6,0.09375,1.0,0.15625,1.0,1.0,0.09375,0.8,0.25,1.0,0.3125,1.0,1.0,0.20964781746031746,0.8,0.375,1.0,0.46875,1.0,1.0,0.31448568792318793,0.75,0.46875,1.0,0.625,1.0,1.0,0.38885292111032244,0.64,0.5,1.0,0.78125,1.0,1.0,0.41158019383759514,0.5333333333333333,0.5,1.0,0.9375,1.0,1.0,0.41158019383759514,0.5428571428571428,0.59375,0.9142857142857143,1.0,1.0,1.0,0.46222569397313323,0.525,0.65625,0.8,1.0,1.0,1.0,0.49732329157073085,0.5111111111111111,0.71875,0.7111111111111111,1.0,1.0,1.0,0.5296468909364813,0.5,0.78125,0.64,1.0,1.0,1.0,0.5618951163135887,gtr_t5-dj_adpt,4,webtable-cl_optim-v=12-distilroberta-dj_adpt~qwen3_8b-dj_adpt
fifa_ranking.pq::country_full,1.0,0.03333333333333333,1.0,0.03333333333333333,1.0,1.0,0.03333333333333333,1.0,0.16666666666666666,1.0,0.16666666666666666,1.0,1.0,0.16666666666666666,1.0,0.3333333333333333,1.0,0.3333333333333333,1.0,1.0,0.3333333333333333,1.0,0.5,1.0,0.5,1.0,1.0,0.5,1.0,0.6666666666666666,1.0,0.6666666666666666,1.0,1.0,0.6666666666666666,0.92,0.7666666666666667,1.0,0.8333333333333334,1.0,1.0,0.7666666666666667,0.8333333333333334,0.8333333333333334,1.0,1.0,1.0,1.0,0.8240740740740741,0.7714285714285715,0.9,0.8571428571428571,1.0,1.0,1.0,0.8768072885719944,0.675,0.9,0.75,1.0,1.0,1.0,0.8768072885719944,0.6,0.9,0.6666666666666666,1.0,1.0,1.0,0.8768072885719944,0.54,0.9,0.6,1.0,1.0,1.0,0.8768072885719944,gtr_t5-dj_adpt,4,webtable-cl_optim-v=12-distilroberta-dj_adpt~qwen3_8b-dj_adpt
countries_of_the_world.pq::Country,1.0,0.03333333333333333,1.0,0.03333333333333333,1.0,1.0,0.03333333333333333,1.0,0.16666666666666666,1.0,0.16666666666666666,1.0,1.0,0.16666666666666666,1.0,0.3333333333333333,1.0,0.3333333333333333,1.0,1.0,0.3333333333333333,1.0,0.5,1.0,0.5,1.0,1.0,0.5,1.0,0.6666666666666666,1.0,0.6666666666666666,1.0,1.0,0.6666666666666666,0.96,0.8,1.0,0.8333333333333334,1.0,1.0,0.7958285024154589,0.8666666666666667,0.8666666666666667,1.0,1.0,1.0,1.0,0.8577648419380054,0.7428571428571429,0.8666666666666667,0.8571428571428571,1.0,1.0,1.0,0.8577648419380054,0.65,0.8666666666666667,0.75,1.0,1.0,1.0,0.8577648419380054,0.5777777777777777,0.8666666666666667,0.6666666666666666,1.0,1.0,1.0,0.8577648419380054,0.52,0.8666666666666667,0.6,1.0,1.0,1.0,0.8577648419380054,gtr_t5-dj_adpt,4,webtable-cl_optim-v=12-distilroberta-dj_adpt~qwen3_8b-dj_adpt
pte_ketone.pq::Arg0,1.0,0.03125,1.0,0.03125,1.0,1.0,0.03125,1.0,0.15625,1.0,0.15625,1.0,1.0,0.15625,1.0,0.3125,1.0,0.3125,1.0,1.0,0.3125,0.9333333333333333,0.4375,1.0,0.46875,1.0,1.0,0.4375,0.7,0.4375,1.0,0.625,1.0,1.0,0.4375,0.6,0.46875,1.0,0.78125,1.0,1.0,0.4578804347826087,0.5333333333333333,0.5,1.0,0.9375,1.0,1.0,0.4751218140929535,0.4857142857142857,0.53125,0.9142857142857143,1.0,1.0,1.0,0.49122029894143837,0.475,0.59375,0.8,1.0,1.0,1.0,0.5216473606185,0.4444444444444444,0.625,0.7111111111111111,1.0,1.0,1.0,0.5361822443394303,0.4,0.625,0.64,1.0,1.0,1.0,0.5361822443394303,gtr_t5-dj_adpt,4,webtable-cl_optim-v=12-distilroberta-dj_adpt~qwen3_8b-dj_adpt
who_suicide_statistics.pq::country,1.0,0.03333333333333333,1.0,0.03333333333333333,1.0,1.0,0.03333333333333333,1.0,0.16666666666666666,1.0,0.16666666666666666,1.0,1.0,0.16666666666666666,1.0,0.3333333333333333,1.0,0.3333333333333333,1.0,1.0,0.3333333333333333,1.0,0.5,1.0,0.5,1.0,1.0,0.5,0.9,0.6,1.0,0.6666666666666666,1.0,1.0,0.5931578947368421,0.92,0.7666666666666667,1.0,0.8333333333333334,1.0,1.0,0.7452766600295205,0.8666666666666667,0.8666666666666667,1.0,1.0,1.0,1.0,0.8357989772185043,0.7714285714285715,0.9,0.8571428571428571,1.0,1.0,1.0,0.8615132629327901,0.675,0.9,0.75,1.0,1.0,1.0,0.8615132629327901,0.6,0.9,0.6666666666666666,1.0,1.0,1.0,0.8615132629327901,0.54,0.9,0.6,1.0,1.0,1.0,0.8615132629327901,gtr_t5-dj_adpt,4,webtable-cl_optim-v=12-distilroberta-dj_adpt~qwen3_8b-dj_adpt
UKDebate.pq::country,1.0,0.03333333333333333,1.0,0.03333333333333333,1.0,1.0,0.03333333333333333,0.2,0.03333333333333333,1.0,0.16666666666666666,1.0,1.0,0.03333333333333333,0.3,0.1,1.0,0.3333333333333333,1.0,1.0,0.05277777777777778,0.4,0.2,1.0,0.5,1.0,1.0,0.08827228327228327,0.5,0.3333333333333333,1.0,0.6666666666666666,1.0,1.0,0.15187522444875387,0.44,0.36666666666666664,1.0,0.8333333333333334,1.0,1.0,0.16715300222653165,0.43333333333333335,0.43333333333333335,1.0,1.0,1.0,1.0,0.19698206205559146,0.4,0.4666666666666667,0.8571428571428571,1.0,1.0,1.0,0.2115653953889248,0.425,0.5666666666666667,0.75,1.0,1.0,1.0,0.2547809793939825,0.4,0.6,0.6666666666666666,1.0,1.0,1.0,0.26906669367969677,0.38,0.6333333333333333,0.6,1.0,1.0,1.0,0.28283480962172575,gtr_t5-dj_adpt,4,webtable-cl_optim-v=12-distilroberta-dj_adpt~qwen3_8b-dj_adpt
World_countries_env_vars.pq::Country,1.0,0.03333333333333333,1.0,0.03333333333333333,1.0,1.0,0.03333333333333333,1.0,0.16666666666666666,1.0,0.16666666666666666,1.0,1.0,0.16666666666666666,1.0,0.3333333333333333,1.0,0.3333333333333333,1.0,1.0,0.3333333333333333,1.0,0.5,1.0,0.5,1.0,1.0,0.5,0.95,0.6333333333333333,1.0,0.6666666666666666,1.0,1.0,0.6260996445361771,0.8,0.6666666666666666,1.0,0.8333333333333334,1.0,1.0,0.6564026748392073,0.7,0.7,1.0,1.0,1.0,1.0,0.6814026748392074,0.6571428571428571,0.7666666666666667,0.8571428571428571,1.0,1.0,1.0,0.7268683611137171,0.6,0.8,0.75,1.0,1.0,1.0,0.7468683611137171,0.5555555555555556,0.8333333333333334,0.6666666666666666,1.0,1.0,1.0,0.765807755053111,0.5,0.8333333333333334,0.6,1.0,1.0,1.0,0.765807755053111,gtr_t5-dj_adpt,4,webtable-cl_optim-v=12-distilroberta-dj_adpt~qwen3_8b-dj_adpt
USA_cars_datasets.pq::country,0.0,0.0,1.0,0.03333333333333333,0.0,0.0,0.0,0.2,0.03333333333333333,1.0,0.16666666666666666,1.0,0.5,0.016666666666666666,0.1,0.03333333333333333,1.0,0.3333333333333333,1.0,0.5,0.016666666666666666,0.13333333333333333,0.06666666666666667,1.0,0.5,1.0,0.5,0.021428571428571425,0.1,0.06666666666666667,1.0,0.6666666666666666,1.0,0.5,0.021428571428571425,0.16,0.13333333333333333,1.0,0.8333333333333334,1.0,0.5,0.031746031746031744,0.16666666666666666,0.16666666666666666,1.0,1.0,1.0,0.5,0.03749315818281336,0.14285714285714285,0.16666666666666666,0.8571428571428571,1.0,1.0,0.5,0.03749315818281336,0.15,0.2,0.75,1.0,1.0,0.5,0.042621363311018484,0.15555555555555556,0.23333333333333334,0.6666666666666666,1.0,1.0,0.5,0.04804771990016577,0.14,0.23333333333333334,0.6,1.0,1.0,0.5,0.04804771990016577,gtr_t5-dj_adpt,4,webtable-cl_optim-v=12-distilroberta-dj_adpt~qwen3_8b-dj_adpt
netflix_titles.pq::country,1.0,0.03333333333333333,1.0,0.03333333333333333,1.0,1.0,0.03333333333333333,1.0,0.16666666666666666,1.0,0.16666666666666666,1.0,1.0,0.16666666666666666,0.9,0.3,1.0,0.3333333333333333,1.0,1.0,0.3,0.9333333333333333,0.4666666666666667,1.0,0.5,1.0,1.0,0.4536913086913087,0.9,0.6,1.0,0.6666666666666666,1.0,1.0,0.5743954997244471,0.8,0.6666666666666666,1.0,0.8333333333333334,1.0,1.0,0.6348572601862075,0.8,0.8,1.0,1.0,1.0,1.0,0.7410742615756227,0.6857142857142857,0.8,0.8571428571428571,1.0,1.0,1.0,0.7410742615756227,0.6,0.8,0.75,1.0,1.0,1.0,0.7410742615756227,0.5555555555555556,0.8333333333333334,0.6666666666666666,1.0,1.0,1.0,0.7609155314168926,0.54,0.9,0.6,1.0,1.0,1.0,0.7973552477289494,gtr_t5-dj_adpt,4,webtable-cl_optim-v=12-distilroberta-dj_adpt~qwen3_8b-dj_adpt
pte_ames.pq::Arg0,1.0,0.03125,1.0,0.03125,1.0,1.0,0.03125,1.0,0.15625,1.0,0.15625,1.0,1.0,0.15625,1.0,0.3125,1.0,0.3125,1.0,1.0,0.3125,0.9333333333333333,0.4375,1.0,0.46875,1.0,1.0,0.4375,0.7,0.4375,1.0,0.625,1.0,1.0,0.4375,0.56,0.4375,1.0,0.78125,1.0,1.0,0.4375,0.4666666666666667,0.4375,1.0,0.9375,1.0,1.0,0.4375,0.42857142857142855,0.46875,0.9142857142857143,1.0,1.0,1.0,0.45170454545454547,0.4,0.5,0.8,1.0,1.0,1.0,0.4642045454545455,0.37777777777777777,0.53125,0.7111111111111111,1.0,1.0,1.0,0.47655919661733614,0.34,0.53125,0.64,1.0,1.0,1.0,0.47655919661733614,gtr_t5-dj_adpt,4,webtable-cl_optim-v=12-distilroberta-dj_adpt~qwen3_8b-dj_adpt
movie_metadata.pq::country,1.0,0.03333333333333333,1.0,0.03333333333333333,1.0,1.0,0.03333333333333333,0.8,0.13333333333333333,1.0,0.16666666666666666,1.0,1.0,0.12666666666666665,0.9,0.3,1.0,0.3333333333333333,1.0,1.0,0.27181216931216934,0.8666666666666667,0.43333333333333335,1.0,0.5,1.0,1.0,0.3852553927553927,0.9,0.6,1.0,0.6666666666666666,1.0,1.0,0.5332880151610802,0.8,0.6666666666666666,1.0,0.8333333333333334,1.0,1.0,0.5912245230975881,0.7,0.7,1.0,1.0,1.0,1.0,0.616224523097588,0.6285714285714286,0.7333333333333333,0.8571428571428571,1.0,1.0,1.0,0.6391411897642547,0.575,0.7666666666666667,0.75,1.0,1.0,1.0,0.659316628360746,0.5111111111111111,0.7666666666666667,0.6666666666666666,1.0,1.0,1.0,0.659316628360746,0.48,0.8,0.6,1.0,1.0,1.0,0.6756431589729909,gtr_t5-dj_adpt,4,webtable-cl_optim-v=12-distilroberta-dj_adpt~qwen3_8b-dj_adpt
world_country.pq::LocalName,1.0,0.034482758620689655,1.0,0.034482758620689655,1.0,1.0,0.034482758620689655,1.0,0.1724137931034483,1.0,0.1724137931034483,1.0,1.0,0.1724137931034483,0.7,0.2413793103448276,1.0,0.3448275862068966,1.0,1.0,0.2310344827586207,0.6666666666666666,0.3448275862068966,1.0,0.5172413793103449,1.0,1.0,0.30850012056908604,0.5,0.3448275862068966,1.0,0.6896551724137931,1.0,1.0,0.30850012056908604,0.48,0.41379310344827586,1.0,0.8620689655172413,1.0,1.0,0.34229322401736195,0.43333333333333335,0.4482758620689655,0.9666666666666667,1.0,1.0,1.0,0.35723575275299413,0.37142857142857144,0.4482758620689655,0.8285714285714286,1.0,1.0,1.0,0.35723575275299413,0.35,0.4827586206896552,0.725,1.0,1.0,1.0,0.3702832830419038,0.3111111111111111,0.4827586206896552,0.6444444444444445,1.0,1.0,1.0,0.3702832830419038,0.28,0.4827586206896552,0.58,1.0,1.0,1.0,0.3702832830419038,gtr_t5-dj_adpt,4,webtable-cl_optim-v=12-distilroberta-dj_adpt~qwen3_8b-dj_adpt
countries_metadatacountries.pq::CountryName,1.0,0.03333333333333333,1.0,0.03333333333333333,1.0,1.0,0.03333333333333333,1.0,0.16666666666666666,1.0,0.16666666666666666,1.0,1.0,0.16666666666666666,1.0,0.3333333333333333,1.0,0.3333333333333333,1.0,1.0,0.3333333333333333,1.0,0.5,1.0,0.5,1.0,1.0,0.5,0.95,0.6333333333333333,1.0,0.6666666666666666,1.0,1.0,0.6333333333333333,0.88,0.7333333333333333,1.0,0.8333333333333334,1.0,1.0,0.7246267018006148,0.7333333333333333,0.7333333333333333,1.0,1.0,1.0,1.0,0.7246267018006148,0.6571428571428571,0.7666666666666667,0.8571428571428571,1.0,1.0,1.0,0.7465314637053768,0.6,0.8,0.75,1.0,1.0,1.0,0.7670442842181973,0.5333333333333333,0.8,0.6666666666666666,1.0,1.0,1.0,0.7670442842181973,0.5,0.8333333333333334,0.6,1.0,1.0,1.0,0.7851602262471827,gtr_t5-dj_adpt,4,webtable-cl_optim-v=12-distilroberta-dj_adpt~qwen3_8b-dj_adpt
pte_postestactive_neg.pq::Arg0,1.0,0.03125,1.0,0.03125,1.0,1.0,0.03125,1.0,0.15625,1.0,0.15625,1.0,1.0,0.15625,1.0,0.3125,1.0,0.3125,1.0,1.0,0.3125,0.8,0.375,1.0,0.46875,1.0,1.0,0.375,0.65,0.40625,1.0,0.625,1.0,1.0,0.3975694444444444,0.56,0.4375,1.0,0.78125,1.0,1.0,0.41745580808080807,0.5,0.46875,1.0,0.9375,1.0,1.0,0.43361960118425635,0.5142857142857142,0.5625,0.9142857142857143,1.0,1.0,1.0,0.48239123593786454,0.5,0.625,0.8,1.0,1.0,1.0,0.5153316599144727,0.4666666666666667,0.65625,0.7111111111111111,1.0,1.0,1.0,0.5299149932478061,0.46,0.71875,0.64,1.0,1.0,1.0,0.5595290127686579,gtr_t5-dj_adpt,4,webtable-cl_optim-v=12-distilroberta-dj_adpt~qwen3_8b-dj_adpt
pte_alkyl_halide.pq::Arg0,1.0,0.03125,1.0,0.03125,1.0,1.0,0.03125,1.0,0.15625,1.0,0.15625,1.0,1.0,0.15625,1.0,0.3125,1.0,0.3125,1.0,1.0,0.3125,0.9333333333333333,0.4375,1.0,0.46875,1.0,1.0,0.4331845238095238,0.95,0.59375,1.0,0.625,1.0,1.0,0.5806998155621897,0.92,0.71875,1.0,0.78125,1.0,1.0,0.6989325701264661,0.8,0.75,1.0,0.9375,1.0,1.0,0.7277787239726199,0.7428571428571429,0.8125,0.9142857142857143,1.0,1.0,1.0,0.7746672521111481,0.675,0.84375,0.8,1.0,1.0,1.0,0.7974713061652021,0.6222222222222222,0.875,0.7111111111111111,1.0,1.0,1.0,0.8188127695798363,0.58,0.90625,0.64,1.0,1.0,1.0,0.83730766753902,gtr_t5-dj_adpt,4,webtable-cl_optim-v=12-distilroberta-dj_adpt~qwen3_8b-dj_adpt
pte_testactive.pq::Arg0,1.0,0.03125,1.0,0.03125,1.0,1.0,0.03125,1.0,0.15625,1.0,0.15625,1.0,1.0,0.15625,1.0,0.3125,1.0,0.3125,1.0,1.0,0.3125,0.8666666666666667,0.40625,1.0,0.46875,1.0,1.0,0.40208333333333335,0.7,0.4375,1.0,0.625,1.0,1.0,0.4239583333333333,0.6,0.46875,1.0,0.78125,1.0,1.0,0.44433876811594203,0.5333333333333333,0.5,1.0,0.9375,1.0,1.0,0.4621959109730849,0.5142857142857142,0.5625,0.9142857142857143,1.0,1.0,1.0,0.495404436318707,0.525,0.65625,0.8,1.0,1.0,1.0,0.5456163068430775,0.5111111111111111,0.71875,0.7111111111111111,1.0,1.0,1.0,0.5787004707411949,0.48,0.75,0.64,1.0,1.0,1.0,0.5950048185672818,gtr_t5-dj_adpt,4,webtable-cl_optim-v=12-distilroberta-dj_adpt~qwen3_8b-dj_adpt
hfi_cc_2018.pq::countries,1.0,0.03333333333333333,1.0,0.03333333333333333,1.0,1.0,0.03333333333333333,1.0,0.16666666666666666,1.0,0.16666666666666666,1.0,1.0,0.16666666666666666,1.0,0.3333333333333333,1.0,0.3333333333333333,1.0,1.0,0.3333333333333333,1.0,0.5,1.0,0.5,1.0,1.0,0.5,1.0,0.6666666666666666,1.0,0.6666666666666666,1.0,1.0,0.6666666666666666,0.92,0.7666666666666667,1.0,0.8333333333333334,1.0,1.0,0.7610355731225297,0.8333333333333334,0.8333333333333334,1.0,1.0,1.0,1.0,0.8215667086536651,0.7428571428571429,0.8666666666666667,0.8571428571428571,1.0,1.0,1.0,0.849523697900977,0.65,0.8666666666666667,0.75,1.0,1.0,1.0,0.849523697900977,0.5777777777777777,0.8666666666666667,0.6666666666666666,1.0,1.0,1.0,0.849523697900977,0.54,0.9,0.6,1.0,1.0,1.0,0.8686726340711898,gtr_t5-dj_adpt,4,webtable-cl_optim-v=12-distilroberta-dj_adpt~qwen3_8b-dj_adpt
wikipedia-iso-country-codes.pq::English_short_name_lower_case,1.0,0.03333333333333333,1.0,0.03333333333333333,1.0,1.0,0.03333333333333333,1.0,0.16666666666666666,1.0,0.16666666666666666,1.0,1.0,0.16666666666666666,1.0,0.3333333333333333,1.0,0.3333333333333333,1.0,1.0,0.3333333333333333,0.9333333333333333,0.4666666666666667,1.0,0.5,1.0,1.0,0.46444444444444444,0.85,0.5666666666666667,1.0,0.6666666666666666,1.0,1.0,0.5585484749455337,0.8,0.6666666666666666,1.0,0.8333333333333334,1.0,1.0,0.6388767577738166,0.6666666666666666,0.6666666666666666,1.0,1.0,1.0,1.0,0.6388767577738166,0.5714285714285714,0.6666666666666666,0.8571428571428571,1.0,1.0,1.0,0.6388767577738166,0.55,0.7333333333333333,0.75,1.0,1.0,1.0,0.6765990954961544,0.4888888888888889,0.7333333333333333,0.6666666666666666,1.0,1.0,1.0,0.6765990954961544,0.44,0.7333333333333333,0.6,1.0,1.0,1.0,0.6765990954961544,gtr_t5-dj_adpt,4,webtable-cl_optim-v=12-distilroberta-dj_adpt~qwen3_8b-dj_adpt
affirmative_asylum.pq::ContinentCountryofNationality,1.0,0.03125,1.0,0.03125,1.0,1.0,0.03125,1.0,0.15625,1.0,0.15625,1.0,1.0,0.15625,0.9,0.28125,1.0,0.3125,1.0,1.0,0.2707465277777778,0.8666666666666667,0.40625,1.0,0.46875,1.0,1.0,0.3837309391996892,0.8,0.5,1.0,0.625,1.0,1.0,0.45770754738682373,0.64,0.5,1.0,0.78125,1.0,1.0,0.45770754738682373,0.6,0.5625,1.0,0.9375,1.0,1.0,0.49678002503688756,0.5142857142857142,0.5625,0.9142857142857143,1.0,1.0,1.0,0.49678002503688756,0.5,0.625,0.8,1.0,1.0,1.0,0.5288529633598259,0.4444444444444444,0.625,0.7111111111111111,1.0,1.0,1.0,0.5288529633598259,0.44,0.6875,0.64,1.0,1.0,1.0,0.5571498799525499,gtr_t5-dj_adpt,4,webtable-cl_optim-v=12-distilroberta-dj_adpt~qwen3_8b-dj_adpt
countries_and_continents.pq::name,1.0,0.037037037037037035,1.0,0.037037037037037035,1.0,1.0,0.037037037037037035,0.6,0.1111111111111111,1.0,0.18518518518518517,1.0,1.0,0.1111111111111111,0.5,0.18518518518518517,1.0,0.37037037037037035,1.0,1.0,0.1554232804232804,0.6,0.3333333333333333,1.0,0.5555555555555556,1.0,1.0,0.23727106227106226,0.45,0.3333333333333333,1.0,0.7407407407407407,1.0,1.0,0.23727106227106226,0.48,0.4444444444444444,1.0,0.9259259259259259,1.0,1.0,0.29039888989164353,0.4,0.4444444444444444,0.9,1.0,1.0,1.0,0.29039888989164353,0.37142857142857144,0.48148148148148145,0.7714285714285715,1.0,1.0,1.0,0.3049892378153248,0.325,0.48148148148148145,0.675,1.0,1.0,1.0,0.3049892378153248,0.28888888888888886,0.48148148148148145,0.6,1.0,1.0,1.0,0.3049892378153248,0.3,0.5555555555555556,0.54,1.0,1.0,1.0,0.32690281806223837,gtr_t5-dj_adpt,4,webtable-cl_optim-v=12-distilroberta-dj_adpt~qwen3_8b-dj_adpt
pte_postestactive.pq::Arg0,1.0,0.03125,1.0,0.03125,1.0,1.0,0.03125,1.0,0.15625,1.0,0.15625,1.0,1.0,0.15625,1.0,0.3125,1.0,0.3125,1.0,1.0,0.3125,0.9333333333333333,0.4375,1.0,0.46875,1.0,1.0,0.4375,0.75,0.46875,1.0,0.625,1.0,1.0,0.466796875,0.6,0.46875,1.0,0.78125,1.0,1.0,0.466796875,0.5,0.46875,1.0,0.9375,1.0,1.0,0.466796875,0.45714285714285713,0.5,0.9142857142857143,1.0,1.0,1.0,0.48194839015151514,0.4,0.5,0.8,1.0,1.0,1.0,0.48194839015151514,0.4,0.5625,0.7111111111111111,1.0,1.0,1.0,0.5082985643675431,0.38,0.59375,0.64,1.0,1.0,1.0,0.5209315430909472,gtr_t5-dj_adpt,4,webtable-cl_optim-v=12-distilroberta-dj_adpt~qwen3_8b-dj_adpt
pte_five_ring.pq::Arg0,1.0,0.03125,1.0,0.03125,1.0,1.0,0.03125,1.0,0.15625,1.0,0.15625,1.0,1.0,0.15625,1.0,0.3125,1.0,0.3125,1.0,1.0,0.3125,1.0,0.46875,1.0,0.46875,1.0,1.0,0.46875,0.95,0.59375,1.0,0.625,1.0,1.0,0.59375,0.84,0.65625,1.0,0.78125,1.0,1.0,0.6460416666666666,0.8333333333333334,0.78125,1.0,0.9375,1.0,1.0,0.7490780081189564,0.7428571428571429,0.8125,0.9142857142857143,1.0,1.0,1.0,0.7744686331189564,0.675,0.84375,0.8,1.0,1.0,1.0,0.7972726871730105,0.6222222222222222,0.875,0.7111111111111111,1.0,1.0,1.0,0.8186141505876446,0.56,0.875,0.64,1.0,1.0,1.0,0.8186141505876446,gtr_t5-dj_adpt,4,webtable-cl_optim-v=12-distilroberta-dj_adpt~qwen3_8b-dj_adpt
MoviesOnStreamingPlatforms_updated.pq::Country,1.0,0.03333333333333333,1.0,0.03333333333333333,1.0,1.0,0.03333333333333333,1.0,0.16666666666666666,1.0,0.16666666666666666,1.0,1.0,0.16666666666666666,1.0,0.3333333333333333,1.0,0.3333333333333333,1.0,1.0,0.3333333333333333,0.9333333333333333,0.4666666666666667,1.0,0.5,1.0,1.0,0.4666666666666667,0.9,0.6,1.0,0.6666666666666666,1.0,1.0,0.5923496445361771,0.84,0.7,1.0,0.8333333333333334,1.0,1.0,0.6819780716646041,0.7333333333333333,0.7333333333333333,1.0,1.0,1.0,1.0,0.7072654279864433,0.6857142857142857,0.8,0.8571428571428571,1.0,1.0,1.0,0.7533548940759094,0.6,0.8,0.75,1.0,1.0,1.0,0.7533548940759094,0.5555555555555556,0.8333333333333334,0.6666666666666666,1.0,1.0,1.0,0.7722942880153032,0.5,0.8333333333333334,0.6,1.0,1.0,1.0,0.7722942880153032,gtr_t5-dj_adpt,4,webtable-cl_optim-v=12-distilroberta-dj_adpt~qwen3_8b-dj_adpt
pte_amine.pq::Arg0,1.0,0.03125,1.0,0.03125,1.0,1.0,0.03125,1.0,0.15625,1.0,0.15625,1.0,1.0,0.15625,1.0,0.3125,1.0,0.3125,1.0,1.0,0.3125,0.9333333333333333,0.4375,1.0,0.46875,1.0,1.0,0.4375,0.7,0.4375,1.0,0.625,1.0,1.0,0.4375,0.56,0.4375,1.0,0.78125,1.0,1.0,0.4375,0.4666666666666667,0.4375,1.0,0.9375,1.0,1.0,0.4375,0.42857142857142855,0.46875,0.9142857142857143,1.0,1.0,1.0,0.45089285714285715,0.375,0.46875,0.8,1.0,1.0,1.0,0.45089285714285715,0.3333333333333333,0.46875,0.7111111111111111,1.0,1.0,1.0,0.45089285714285715,0.3,0.46875,0.64,1.0,1.0,1.0,0.45089285714285715,gtr_t5-dj_adpt,4,webtable-cl_optim-v=12-distilroberta-dj_adpt~qwen3_8b-dj_adpt
AdventureWorks2014_salesTerritory.pq::Name,1.0,0.03333333333333333,1.0,0.03333333333333333,1.0,1.0,0.03333333333333333,0.6,0.1,1.0,0.16666666666666666,1.0,1.0,0.08666666666666667,0.3,0.1,1.0,0.3333333333333333,1.0,1.0,0.08666666666666667,0.26666666666666666,0.13333333333333333,1.0,0.5,1.0,1.0,0.09619047619047619,0.25,0.16666666666666666,1.0,0.6666666666666666,1.0,1.0,0.10660714285714286,0.32,0.26666666666666666,1.0,0.8333333333333334,1.0,1.0,0.13738699102829535,0.3,0.3,1.0,1.0,1.0,1.0,0.1473869910282954,0.2571428571428571,0.3,0.8571428571428571,1.0,1.0,1.0,0.1473869910282954,0.25,0.3333333333333333,0.75,1.0,1.0,1.0,0.15615892085285676,0.24444444444444444,0.36666666666666664,0.6666666666666666,1.0,1.0,1.0,0.16468605263580252,0.24,0.4,0.6,1.0,1.0,1.0,0.17319669093367487,gtr_t5-dj_adpt,4,webtable-cl_optim-v=12-distilroberta-dj_adpt~qwen3_8b-dj_adpt
whr2015.pq::Country,1.0,0.03333333333333333,1.0,0.03333333333333333,1.0,1.0,0.03333333333333333,1.0,0.16666666666666666,1.0,0.16666666666666666,1.0,1.0,0.16666666666666666,1.0,0.3333333333333333,1.0,0.3333333333333333,1.0,1.0,0.3333333333333333,1.0,0.5,1.0,0.5,1.0,1.0,0.5,0.95,0.6333333333333333,1.0,0.6666666666666666,1.0,1.0,0.6280604288499025,0.84,0.7,1.0,0.8333333333333334,1.0,1.0,0.688973127262601,0.7666666666666667,0.7666666666666667,1.0,1.0,1.0,1.0,0.7398160391399956,0.6857142857142857,0.8,0.8571428571428571,1.0,1.0,1.0,0.7640584633824198,0.625,0.8333333333333334,0.75,1.0,1.0,1.0,0.7854259847499413,0.6,0.9,0.6666666666666666,1.0,1.0,1.0,0.8274944286901945,0.54,0.9,0.6,1.0,1.0,1.0,0.8274944286901945,gtr_t5-dj_adpt,4,webtable-cl_optim-v=12-distilroberta-dj_adpt~qwen3_8b-dj_adpt
countries_and_continents.pq::official_name_fr,1.0,0.037037037037037035,1.0,0.037037037037037035,1.0,1.0,0.037037037037037035,1.0,0.18518518518518517,1.0,0.18518518518518517,1.0,1.0,0.18518518518518517,0.8,0.2962962962962963,1.0,0.37037037037037035,1.0,1.0,0.2753674309229865,0.6,0.3333333333333333,1.0,0.5555555555555556,1.0,1.0,0.3031452087007643,0.6,0.4444444444444444,1.0,0.7407407407407407,1.0,1.0,0.3723189145703766,0.52,0.48148148148148145,1.0,0.9259259259259259,1.0,1.0,0.39325289202609315,0.43333333333333335,0.48148148148148145,0.9,1.0,1.0,1.0,0.39325289202609315,0.4,0.5185185185185185,0.7714285714285715,1.0,1.0,1.0,0.4089655744054422,0.35,0.5185185185185185,0.675,1.0,1.0,1.0,0.4089655744054422,0.3111111111111111,0.5185185185185185,0.6,1.0,1.0,1.0,0.4089655744054422,0.28,0.5185185185185185,0.54,1.0,1.0,1.0,0.4089655744054422,gtr_t5-dj_adpt,4,webtable-cl_optim-v=12-distilroberta-dj_adpt~qwen3_8b-dj_adpt
pte_has_property.pq::Arg0,1.0,0.03125,1.0,0.03125,1.0,1.0,0.03125,1.0,0.15625,1.0,0.15625,1.0,1.0,0.15625,1.0,0.3125,1.0,0.3125,1.0,1.0,0.3125,0.9333333333333333,0.4375,1.0,0.46875,1.0,1.0,0.4375,0.7,0.4375,1.0,0.625,1.0,1.0,0.4375,0.56,0.4375,1.0,0.78125,1.0,1.0,0.4375,0.4666666666666667,0.4375,1.0,0.9375,1.0,1.0,0.4375,0.4,0.4375,0.9142857142857143,1.0,1.0,1.0,0.4375,0.375,0.46875,0.8,1.0,1.0,1.0,0.4505208333333333,0.3333333333333333,0.46875,0.7111111111111111,1.0,1.0,1.0,0.4505208333333333,0.3,0.46875,0.64,1.0,1.0,1.0,0.4505208333333333,gtr_t5-dj_adpt,4,webtable-cl_optim-v=12-distilroberta-dj_adpt~qwen3_8b-dj_adpt
cwurData.pq::country,1.0,0.03333333333333333,1.0,0.03333333333333333,1.0,1.0,0.03333333333333333,1.0,0.16666666666666666,1.0,0.16666666666666666,1.0,1.0,0.16666666666666666,0.9,0.3,1.0,0.3333333333333333,1.0,1.0,0.2966666666666667,0.8,0.4,1.0,0.5,1.0,1.0,0.3860966810966811,0.75,0.5,1.0,0.6666666666666666,1.0,1.0,0.4669467842958555,0.68,0.5666666666666667,1.0,0.8333333333333334,1.0,1.0,0.5169812908521012,0.5666666666666667,0.5666666666666667,1.0,1.0,1.0,1.0,0.5169812908521012,0.5142857142857142,0.6,0.8571428571428571,1.0,1.0,1.0,0.5357312908521012,0.45,0.6,0.75,1.0,1.0,1.0,0.5357312908521012,0.4,0.6,0.6666666666666666,1.0,1.0,1.0,0.5357312908521012,0.38,0.6333333333333333,0.6,1.0,1.0,1.0,0.5494994067941301,mpnet-dj_adpt,5,webtable-cl_optim-v=12-distilroberta-dj_adpt~qwen3_8b-dj_adpt
countries_and_continents.pq::ISO4217-currency_country_name,0.0,0.0,1.0,0.037037037037037035,0.0,0.0,0.0,0.8,0.14814814814814814,1.0,0.18518518518518517,1.0,0.5,0.1006172839506173,0.7,0.25925925925925924,1.0,0.37037037037037035,1.0,0.5,0.18915343915343913,0.5333333333333333,0.2962962962962963,1.0,0.5555555555555556,1.0,0.5,0.2138447971781305,0.45,0.3333333333333333,1.0,0.7407407407407407,1.0,0.5,0.23138865682725332,0.4,0.37037037037037035,1.0,0.9259259259259259,1.0,0.5,0.24620347164206813,0.3333333333333333,0.37037037037037035,0.9,1.0,1.0,0.5,0.24620347164206813,0.34285714285714286,0.4444444444444444,0.7714285714285715,1.0,1.0,0.5,0.273234534963454,0.325,0.48148148148148145,0.675,1.0,1.0,0.5,0.2852715720004911,0.28888888888888886,0.48148148148148145,0.6,1.0,1.0,0.5,0.2852715720004911,0.26,0.48148148148148145,0.54,1.0,1.0,0.5,0.2852715720004911,mpnet-dj_adpt,5,webtable-cl_optim-v=12-distilroberta-dj_adpt~qwen3_8b-dj_adpt
pte_imine.pq::Arg0,1.0,0.03125,1.0,0.03125,1.0,1.0,0.03125,0.8,0.125,1.0,0.15625,1.0,1.0,0.1109375,0.9,0.28125,1.0,0.3125,1.0,1.0,0.24701140873015873,0.8666666666666667,0.40625,1.0,0.46875,1.0,1.0,0.3579353805916306,0.85,0.53125,1.0,0.625,1.0,1.0,0.4657309494770795,0.88,0.6875,1.0,0.78125,1.0,1.0,0.6015229631699084,0.9,0.84375,1.0,0.9375,1.0,1.0,0.740988998810513,0.8571428571428571,0.9375,0.9142857142857143,1.0,1.0,1.0,0.8234626407599615,0.775,0.96875,0.8,1.0,1.0,1.0,0.848302384349705,0.6888888888888889,0.96875,0.7111111111111111,1.0,1.0,1.0,0.848302384349705,0.62,0.96875,0.64,1.0,1.0,1.0,0.848302384349705,mpnet-dj_adpt,5,webtable-cl_optim-v=12-distilroberta-dj_adpt~qwen3_8b-dj_adpt
countries_and_continents.pq::official_name_en,1.0,0.037037037037037035,1.0,0.037037037037037035,1.0,1.0,0.037037037037037035,1.0,0.18518518518518517,1.0,0.18518518518518517,1.0,1.0,0.18518518518518517,0.6,0.2222222222222222,1.0,0.37037037037037035,1.0,1.0,0.2222222222222222,0.5333333333333333,0.2962962962962963,1.0,0.5555555555555556,1.0,1.0,0.2685832685832686,0.45,0.3333333333333333,1.0,0.7407407407407407,1.0,1.0,0.2881911117205235,0.4,0.37037037037037035,1.0,0.9259259259259259,1.0,1.0,0.30582779602387444,0.3333333333333333,0.37037037037037035,0.9,1.0,1.0,1.0,0.30582779602387444,0.3142857142857143,0.4074074074074074,0.7714285714285715,1.0,1.0,1.0,0.3189699704563715,0.3,0.4444444444444444,0.675,1.0,1.0,1.0,0.33036598185238286,0.3333333333333333,0.5555555555555556,0.6,1.0,1.0,1.0,0.36569341640462366,0.36,0.6666666666666666,0.54,1.0,1.0,1.0,0.40475878168116897,mpnet-dj_adpt,5,webtable-cl_optim-v=12-distilroberta-dj_adpt~qwen3_8b-dj_adpt
world_country.pq::Name,1.0,0.034482758620689655,1.0,0.034482758620689655,1.0,1.0,0.034482758620689655,1.0,0.1724137931034483,1.0,0.1724137931034483,1.0,1.0,0.1724137931034483,0.7,0.2413793103448276,1.0,0.3448275862068966,1.0,1.0,0.2310344827586207,0.5333333333333333,0.27586206896551724,1.0,0.5172413793103449,1.0,1.0,0.25611285266457684,0.4,0.27586206896551724,1.0,0.6896551724137931,1.0,1.0,0.25611285266457684,0.32,0.27586206896551724,1.0,0.8620689655172413,1.0,1.0,0.25611285266457684,0.3,0.3103448275862069,0.9666666666666667,1.0,1.0,1.0,0.26681439844341154,0.37142857142857144,0.4482758620689655,0.8285714285714286,1.0,1.0,1.0,0.31476958441101327,0.375,0.5172413793103449,0.725,1.0,1.0,1.0,0.3414287299449319,0.37777777777777777,0.5862068965517241,0.6444444444444445,1.0,1.0,1.0,0.3685181347603914,0.36,0.6206896551724138,0.58,1.0,1.0,1.0,0.38201138813370483,mpnet-dj_adpt,5,webtable-cl_optim-v=12-distilroberta-dj_adpt~qwen3_8b-dj_adpt
pte_nitro.pq::Arg0,1.0,0.03125,1.0,0.03125,1.0,1.0,0.03125,1.0,0.15625,1.0,0.15625,1.0,1.0,0.15625,1.0,0.3125,1.0,0.3125,1.0,1.0,0.3125,0.8666666666666667,0.40625,1.0,0.46875,1.0,1.0,0.40401785714285715,0.9,0.5625,1.0,0.625,1.0,1.0,0.542798440648189,0.92,0.71875,1.0,0.78125,1.0,1.0,0.685409783110075,0.9,0.84375,1.0,0.9375,1.0,1.0,0.8003339792842712,0.8285714285714286,0.90625,0.9142857142857143,1.0,1.0,1.0,0.8560219069480053,0.725,0.90625,0.8,1.0,1.0,1.0,0.8560219069480053,0.6666666666666666,0.9375,0.7111111111111111,1.0,1.0,1.0,0.8768552402813387,0.62,0.96875,0.64,1.0,1.0,1.0,0.8962302402813387,mpnet-dj_adpt,5,webtable-cl_optim-v=12-distilroberta-dj_adpt~qwen3_8b-dj_adpt
pte_sulfide.pq::Arg0,1.0,0.03125,1.0,0.03125,1.0,1.0,0.03125,1.0,0.15625,1.0,0.15625,1.0,1.0,0.15625,1.0,0.3125,1.0,0.3125,1.0,1.0,0.3125,0.9333333333333333,0.4375,1.0,0.46875,1.0,1.0,0.4354166666666667,0.95,0.59375,1.0,0.625,1.0,1.0,0.5829319584193327,0.92,0.71875,1.0,0.78125,1.0,1.0,0.6999192419691161,0.9,0.84375,1.0,0.9375,1.0,1.0,0.8148434381433124,0.8285714285714286,0.90625,0.9142857142857143,1.0,1.0,1.0,0.8697236563596311,0.725,0.90625,0.8,1.0,1.0,1.0,0.8697236563596311,0.6666666666666666,0.9375,0.7111111111111111,1.0,1.0,1.0,0.8925895100181678,0.6,0.9375,0.64,1.0,1.0,1.0,0.8925895100181678,mpnet-dj_adpt,5,webtable-cl_optim-v=12-distilroberta-dj_adpt~qwen3_8b-dj_adpt
pte_non_ar_hetero_6_ring.pq::Arg0,1.0,0.03125,1.0,0.03125,1.0,1.0,0.03125,1.0,0.15625,1.0,0.15625,1.0,1.0,0.15625,1.0,0.3125,1.0,0.3125,1.0,1.0,0.3125,1.0,0.46875,1.0,0.46875,1.0,1.0,0.46875,1.0,0.625,1.0,0.625,1.0,1.0,0.625,0.92,0.71875,1.0,0.78125,1.0,1.0,0.7174479166666666,0.9,0.84375,1.0,0.9375,1.0,1.0,0.8323721128408629,0.8,0.875,0.9142857142857143,1.0,1.0,1.0,0.85810740695851,0.725,0.90625,0.8,1.0,1.0,1.0,0.8807636569585099,0.6666666666666666,0.9375,0.7111111111111111,1.0,1.0,1.0,0.9020704751403281,0.6,0.9375,0.64,1.0,1.0,1.0,0.9020704751403281,mpnet-dj_adpt,5,webtable-cl_optim-v=12-distilroberta-dj_adpt~qwen3_8b-dj_adpt
Word_University_Rank_2020.pq::Country,1.0,0.03333333333333333,1.0,0.03333333333333333,1.0,1.0,0.03333333333333333,1.0,0.16666666666666666,1.0,0.16666666666666666,1.0,1.0,0.16666666666666666,1.0,0.3333333333333333,1.0,0.3333333333333333,1.0,1.0,0.3333333333333333,0.8666666666666667,0.43333333333333335,1.0,0.5,1.0,1.0,0.43333333333333335,0.8,0.5333333333333333,1.0,0.6666666666666666,1.0,1.0,0.5152287581699346,0.68,0.5666666666666667,1.0,0.8333333333333334,1.0,1.0,0.5388398692810458,0.6,0.6,1.0,1.0,1.0,1.0,0.561062091503268,0.5714285714285714,0.6666666666666666,0.8571428571428571,1.0,1.0,1.0,0.5998618538324421,0.525,0.7,0.75,1.0,1.0,1.0,0.617361853832442,0.4666666666666667,0.7,0.6666666666666666,1.0,1.0,1.0,0.617361853832442,0.46,0.7666666666666667,0.6,1.0,1.0,1.0,0.6476611735603333,mpnet-dj_adpt,5,webtable-cl_optim-v=12-distilroberta-dj_adpt~qwen3_8b-dj_adpt
gender_development.pq::Country,1.0,0.03333333333333333,1.0,0.03333333333333333,1.0,1.0,0.03333333333333333,1.0,0.16666666666666666,1.0,0.16666666666666666,1.0,1.0,0.16666666666666666,1.0,0.3333333333333333,1.0,0.3333333333333333,1.0,1.0,0.3333333333333333,0.9333333333333333,0.4666666666666667,1.0,0.5,1.0,1.0,0.4666666666666667,0.75,0.5,1.0,0.6666666666666666,1.0,1.0,0.49444444444444446,0.68,0.5666666666666667,1.0,0.8333333333333334,1.0,1.0,0.5402995169082127,0.6666666666666666,0.6666666666666666,1.0,1.0,1.0,1.0,0.6081292924966089,0.6285714285714286,0.7333333333333333,0.8571428571428571,1.0,1.0,1.0,0.6536266043245659,0.575,0.7666666666666667,0.75,1.0,1.0,1.0,0.6743473250452865,0.5777777777777777,0.8666666666666667,0.6666666666666666,1.0,1.0,1.0,0.7329363348254477,0.54,0.9,0.6,1.0,1.0,1.0,0.7525015522167522,mpnet-dj_adpt,5,webtable-cl_optim-v=12-distilroberta-dj_adpt~qwen3_8b-dj_adpt
pte_testactive_Neg.pq::Arg0,1.0,0.03125,1.0,0.03125,1.0,1.0,0.03125,1.0,0.15625,1.0,0.15625,1.0,1.0,0.15625,1.0,0.3125,1.0,0.3125,1.0,1.0,0.3125,0.9333333333333333,0.4375,1.0,0.46875,1.0,1.0,0.4375,0.85,0.53125,1.0,0.625,1.0,1.0,0.5196751644736842,0.88,0.6875,1.0,0.78125,1.0,1.0,0.6554671781665131,0.7666666666666667,0.71875,1.0,0.9375,1.0,1.0,0.6831114089357438,0.6857142857142857,0.75,0.9142857142857143,1.0,1.0,1.0,0.7058386816630167,0.675,0.84375,0.8,1.0,1.0,1.0,0.7694671538852388,0.6222222222222222,0.875,0.7111111111111111,1.0,1.0,1.0,0.790808617299873,0.56,0.875,0.64,1.0,1.0,1.0,0.790808617299873,mpnet-dj_adpt,5,webtable-cl_optim-v=12-distilroberta-dj_adpt~qwen3_8b-dj_adpt
edu.pq::country,1.0,0.03333333333333333,1.0,0.03333333333333333,1.0,1.0,0.03333333333333333,0.4,0.06666666666666667,1.0,0.16666666666666666,1.0,1.0,0.06666666666666667,0.4,0.13333333333333333,1.0,0.3333333333333333,1.0,1.0,0.09814814814814815,0.3333333333333333,0.16666666666666666,1.0,0.5,1.0,1.0,0.10925925925925925,0.25,0.16666666666666666,1.0,0.6666666666666666,1.0,1.0,0.10925925925925925,0.32,0.26666666666666666,1.0,0.8333333333333334,1.0,1.0,0.1409833322876801,0.3,0.3,1.0,1.0,1.0,1.0,0.15252179382614167,0.3142857142857143,0.36666666666666664,0.8571428571428571,1.0,1.0,1.0,0.17340711765264194,0.3,0.4,0.75,1.0,1.0,1.0,0.18340711765264192,0.3111111111111111,0.4666666666666667,0.6666666666666666,1.0,1.0,1.0,0.20457729114839684,0.3,0.5,0.6,1.0,1.0,1.0,0.2149939578150635,mpnet-dj_adpt,5,webtable-cl_optim-v=12-distilroberta-dj_adpt~qwen3_8b-dj_adpt
AdventureWorks2014_CountryRegion.pq::Name,1.0,0.03333333333333333,1.0,0.03333333333333333,1.0,1.0,0.03333333333333333,1.0,0.16666666666666666,1.0,0.16666666666666666,1.0,1.0,0.16666666666666666,0.7,0.23333333333333334,1.0,0.3333333333333333,1.0,1.0,0.23333333333333334,0.6,0.3,1.0,0.5,1.0,1.0,0.28257575757575754,0.45,0.3,1.0,0.6666666666666666,1.0,1.0,0.28257575757575754,0.36,0.3,1.0,0.8333333333333334,1.0,1.0,0.28257575757575754,0.3333333333333333,0.3333333333333333,1.0,1.0,1.0,1.0,0.29368686868686866,0.37142857142857144,0.43333333333333335,0.8571428571428571,1.0,1.0,1.0,0.33001151218062985,0.375,0.5,0.75,1.0,1.0,1.0,0.35578201953008454,0.4,0.6,0.6666666666666666,1.0,1.0,1.0,0.3962357014755419,0.4,0.6666666666666666,0.6,1.0,1.0,1.0,0.42304421211383975,mpnet-dj_adpt,5,webtable-cl_optim-v=12-distilroberta-dj_adpt~qwen3_8b-dj_adpt
pte_methoxy.pq::Arg0,1.0,0.03125,1.0,0.03125,1.0,1.0,0.03125,1.0,0.15625,1.0,0.15625,1.0,1.0,0.15625,1.0,0.3125,1.0,0.3125,1.0,1.0,0.3125,0.9333333333333333,0.4375,1.0,0.46875,1.0,1.0,0.4331845238095238,0.9,0.5625,1.0,0.625,1.0,1.0,0.5446213573148557,0.92,0.71875,1.0,0.78125,1.0,1.0,0.6872326997767417,0.9333333333333333,0.875,1.0,0.9375,1.0,1.0,0.8322933902038114,0.8285714285714286,0.90625,0.9142857142857143,1.0,1.0,1.0,0.8615272611715534,0.725,0.90625,0.8,1.0,1.0,1.0,0.8615272611715534,0.6666666666666666,0.9375,0.7111111111111111,1.0,1.0,1.0,0.8833295867529487,0.6,0.9375,0.64,1.0,1.0,1.0,0.8833295867529487,mpnet-dj_adpt,5,webtable-cl_optim-v=12-distilroberta-dj_adpt~qwen3_8b-dj_adpt
world-cities.pq::country,1.0,0.03333333333333333,1.0,0.03333333333333333,1.0,1.0,0.03333333333333333,1.0,0.16666666666666666,1.0,0.16666666666666666,1.0,1.0,0.16666666666666666,1.0,0.3333333333333333,1.0,0.3333333333333333,1.0,1.0,0.3333333333333333,0.9333333333333333,0.4666666666666667,1.0,0.5,1.0,1.0,0.4666666666666667,0.7,0.4666666666666667,1.0,0.6666666666666666,1.0,1.0,0.4666666666666667,0.56,0.4666666666666667,1.0,0.8333333333333334,1.0,1.0,0.4666666666666667,0.5333333333333333,0.5333333333333333,1.0,1.0,1.0,1.0,0.502962962962963,0.45714285714285713,0.5333333333333333,0.8571428571428571,1.0,1.0,1.0,0.502962962962963,0.425,0.5666666666666667,0.75,1.0,1.0,1.0,0.5187037037037038,0.4222222222222222,0.6333333333333333,0.6666666666666666,1.0,1.0,1.0,0.5480665322157098,0.4,0.6666666666666666,0.6,1.0,1.0,1.0,0.5619554211045987,mpnet-dj_adpt,5,webtable-cl_optim-v=12-distilroberta-dj_adpt~qwen3_8b-dj_adpt
movies.pq::country,1.0,0.03333333333333333,1.0,0.03333333333333333,1.0,1.0,0.03333333333333333,1.0,0.16666666666666666,1.0,0.16666666666666666,1.0,1.0,0.16666666666666666,0.9,0.3,1.0,0.3333333333333333,1.0,1.0,0.28403439153439153,0.8,0.4,1.0,0.5,1.0,1.0,0.3711139786139786,0.75,0.5,1.0,0.6666666666666666,1.0,1.0,0.45342607011724656,0.68,0.5666666666666667,1.0,0.8333333333333334,1.0,1.0,0.5023061755190911,0.6333333333333333,0.6333333333333333,1.0,1.0,1.0,1.0,0.548839888719471,0.5428571428571428,0.6333333333333333,0.8571428571428571,1.0,1.0,1.0,0.548839888719471,0.475,0.6333333333333333,0.75,1.0,1.0,1.0,0.548839888719471,0.4666666666666667,0.7,0.6666666666666666,1.0,1.0,1.0,0.5806556068766525,0.44,0.7333333333333333,0.6,1.0,1.0,1.0,0.5965976358621599,mpnet-dj_adpt,5,webtable-cl_optim-v=12-distilroberta-dj_adpt~qwen3_8b-dj_adpt
countries_data.pq::CountryName,1.0,0.03333333333333333,1.0,0.03333333333333333,1.0,1.0,0.03333333333333333,1.0,0.16666666666666666,1.0,0.16666666666666666,1.0,1.0,0.16666666666666666,0.9,0.3,1.0,0.3333333333333333,1.0,1.0,0.2966666666666667,0.7333333333333333,0.36666666666666664,1.0,0.5,1.0,1.0,0.3551748251748252,0.6,0.4,1.0,0.6666666666666666,1.0,1.0,0.37517482517482514,0.56,0.4666666666666667,1.0,0.8333333333333334,1.0,1.0,0.41345984932941454,0.5666666666666667,0.5666666666666667,1.0,1.0,1.0,1.0,0.4712784674928603,0.4857142857142857,0.5666666666666667,0.8571428571428571,1.0,1.0,1.0,0.4712784674928603,0.475,0.6333333333333333,0.75,1.0,1.0,1.0,0.503307257416387,0.4666666666666667,0.7,0.6666666666666666,1.0,1.0,1.0,0.5340143281234578,0.44,0.7333333333333333,0.6,1.0,1.0,1.0,0.5496171650028904,mpnet-dj_adpt,5,webtable-cl_optim-v=12-distilroberta-dj_adpt~qwen3_8b-dj_adpt
pte_alcohol.pq::Arg0,1.0,0.03125,1.0,0.03125,1.0,1.0,0.03125,0.8,0.125,1.0,0.15625,1.0,1.0,0.11875,0.8,0.25,1.0,0.3125,1.0,1.0,0.21381448412698412,0.8,0.375,1.0,0.46875,1.0,1.0,0.3186523545898546,0.8,0.5,1.0,0.625,1.0,1.0,0.4208199403741683,0.84,0.65625,1.0,0.78125,1.0,1.0,0.5497926252979402,0.8333333333333334,0.78125,1.0,0.9375,1.0,1.0,0.6565806728187463,0.7714285714285715,0.84375,0.9142857142857143,1.0,1.0,1.0,0.7060784406758892,0.725,0.90625,0.8,1.0,1.0,1.0,0.7542326804419711,0.6666666666666666,0.9375,0.7111111111111111,1.0,1.0,1.0,0.7765541090133996,0.6,0.9375,0.64,1.0,1.0,1.0,0.7765541090133996,mpnet-dj_adpt,5,webtable-cl_optim-v=12-distilroberta-dj_adpt~qwen3_8b-dj_adpt
pte_phenol.pq::Arg0,1.0,0.03125,1.0,0.03125,1.0,1.0,0.03125,1.0,0.15625,1.0,0.15625,1.0,1.0,0.15625,1.0,0.3125,1.0,0.3125,1.0,1.0,0.3125,0.9333333333333333,0.4375,1.0,0.46875,1.0,1.0,0.4331845238095238,0.9,0.5625,1.0,0.625,1.0,1.0,0.5446213573148557,0.92,0.71875,1.0,0.78125,1.0,1.0,0.6872326997767417,0.9,0.84375,1.0,0.9375,1.0,1.0,0.7990545046481156,0.8285714285714286,0.90625,0.9142857142857143,1.0,1.0,1.0,0.8556006235997284,0.725,0.90625,0.8,1.0,1.0,1.0,0.8556006235997284,0.6444444444444445,0.90625,0.7111111111111111,1.0,1.0,1.0,0.8556006235997284,0.6,0.9375,0.64,1.0,1.0,1.0,0.8747332766609529,mpnet-dj_adpt,5,webtable-cl_optim-v=12-distilroberta-dj_adpt~qwen3_8b-dj_adpt
pte_ester.pq::Arg0,1.0,0.03125,1.0,0.03125,1.0,1.0,0.03125,1.0,0.15625,1.0,0.15625,1.0,1.0,0.15625,1.0,0.3125,1.0,0.3125,1.0,1.0,0.3125,0.9333333333333333,0.4375,1.0,0.46875,1.0,1.0,0.4331845238095238,0.95,0.59375,1.0,0.625,1.0,1.0,0.5806998155621897,0.96,0.75,1.0,0.78125,1.0,1.0,0.7301304867931327,0.9333333333333333,0.875,1.0,0.9375,1.0,1.0,0.8463450233740486,0.8571428571428571,0.9375,0.9142857142857143,1.0,1.0,1.0,0.9013806739979345,0.75,0.9375,0.8,1.0,1.0,1.0,0.9013806739979345,0.6666666666666666,0.9375,0.7111111111111111,1.0,1.0,1.0,0.9013806739979345,0.6,0.9375,0.64,1.0,1.0,1.0,0.9013806739979345,mpnet-dj_adpt,5,webtable-cl_optim-v=12-distilroberta-dj_adpt~qwen3_8b-dj_adpt
pte_non_ar_hetero_5_ring.pq::Arg0,1.0,0.03125,1.0,0.03125,1.0,1.0,0.03125,1.0,0.15625,1.0,0.15625,1.0,1.0,0.15625,1.0,0.3125,1.0,0.3125,1.0,1.0,0.3125,0.9333333333333333,0.4375,1.0,0.46875,1.0,1.0,0.4354166666666667,0.9,0.5625,1.0,0.625,1.0,1.0,0.5532444584193327,0.92,0.71875,1.0,0.78125,1.0,1.0,0.6958558008812186,0.9,0.84375,1.0,0.9375,1.0,1.0,0.8117498246416217,0.8571428571428571,0.9375,0.9142857142857143,1.0,1.0,1.0,0.8941292252655075,0.75,0.9375,0.8,1.0,1.0,1.0,0.8941292252655075,0.6666666666666666,0.9375,0.7111111111111111,1.0,1.0,1.0,0.8941292252655075,0.6,0.9375,0.64,1.0,1.0,1.0,0.8941292252655075,mpnet-dj_adpt,5,webtable-cl_optim-v=12-distilroberta-dj_adpt~qwen3_8b-dj_adpt
population_by_country_2020.pq::CountryDependency,1.0,0.03333333333333333,1.0,0.03333333333333333,1.0,1.0,0.03333333333333333,1.0,0.16666666666666666,1.0,0.16666666666666666,1.0,1.0,0.16666666666666666,0.6,0.2,1.0,0.3333333333333333,1.0,1.0,0.18666666666666665,0.4666666666666667,0.23333333333333334,1.0,0.5,1.0,1.0,0.2046153846153846,0.4,0.26666666666666666,1.0,0.6666666666666666,1.0,1.0,0.22128205128205128,0.4,0.3333333333333333,1.0,0.8333333333333334,1.0,1.0,0.2476588628762542,0.43333333333333335,0.43333333333333335,1.0,1.0,1.0,1.0,0.29102068623807753,0.42857142857142855,0.5,0.8571428571428571,1.0,1.0,1.0,0.320755534722926,0.425,0.5666666666666667,0.75,1.0,1.0,1.0,0.3504826302394953,0.4,0.6,0.6666666666666666,1.0,1.0,1.0,0.36411899387585883,0.36,0.6,0.6,1.0,1.0,1.0,0.36411899387585883,mpnet-dj_adpt,5,webtable-cl_optim-v=12-distilroberta-dj_adpt~qwen3_8b-dj_adpt
pte_non_ar_5c_ring.pq::Arg0,1.0,0.03125,1.0,0.03125,1.0,1.0,0.03125,0.8,0.125,1.0,0.15625,1.0,1.0,0.1109375,0.9,0.28125,1.0,0.3125,1.0,1.0,0.24701140873015873,0.9333333333333333,0.4375,1.0,0.46875,1.0,1.0,0.39109701062826063,0.9,0.5625,1.0,0.625,1.0,1.0,0.5074445392230319,0.92,0.71875,1.0,0.78125,1.0,1.0,0.6500558816849178,0.9333333333333333,0.875,1.0,0.9375,1.0,1.0,0.7951165721119875,0.8571428571428571,0.9375,0.9142857142857143,1.0,1.0,1.0,0.8510104140237522,0.775,0.96875,0.8,1.0,1.0,1.0,0.8771928464561847,0.6888888888888889,0.96875,0.7111111111111111,1.0,1.0,1.0,0.8771928464561847,0.62,0.96875,0.64,1.0,1.0,1.0,0.8771928464561847,mpnet-dj_adpt,5,webtable-cl_optim-v=12-distilroberta-dj_adpt~qwen3_8b-dj_adpt
fifa_ranking.pq::country_full,1.0,0.03333333333333333,1.0,0.03333333333333333,1.0,1.0,0.03333333333333333,1.0,0.16666666666666666,1.0,0.16666666666666666,1.0,1.0,0.16666666666666666,1.0,0.3333333333333333,1.0,0.3333333333333333,1.0,1.0,0.3333333333333333,0.8,0.4,1.0,0.5,1.0,1.0,0.39333333333333337,0.65,0.43333333333333335,1.0,0.6666666666666666,1.0,1.0,0.4188235294117647,0.64,0.5333333333333333,1.0,0.8333333333333334,1.0,1.0,0.48696143015836113,0.6333333333333333,0.6333333333333333,1.0,1.0,1.0,1.0,0.5490002916799812,0.6285714285714286,0.7333333333333333,0.8571428571428571,1.0,1.0,1.0,0.6113742412598132,0.55,0.7333333333333333,0.75,1.0,1.0,1.0,0.6113742412598132,0.5111111111111111,0.7666666666666667,0.6666666666666666,1.0,1.0,1.0,0.6296282095137814,0.48,0.8,0.6,1.0,1.0,1.0,0.6470195138616075,mpnet-dj_adpt,5,webtable-cl_optim-v=12-distilroberta-dj_adpt~qwen3_8b-dj_adpt
countries_of_the_world.pq::Country,1.0,0.03333333333333333,1.0,0.03333333333333333,1.0,1.0,0.03333333333333333,1.0,0.16666666666666666,1.0,0.16666666666666666,1.0,1.0,0.16666666666666666,0.9,0.3,1.0,0.3333333333333333,1.0,1.0,0.2966666666666667,0.7333333333333333,0.36666666666666664,1.0,0.5,1.0,1.0,0.35141414141414146,0.6,0.4,1.0,0.6666666666666666,1.0,1.0,0.3764141414141414,0.56,0.4666666666666667,1.0,0.8333333333333334,1.0,1.0,0.41313636363636363,0.5666666666666667,0.5666666666666667,1.0,1.0,1.0,1.0,0.47235831452498117,0.5142857142857142,0.6,0.8571428571428571,1.0,1.0,1.0,0.4895011716678383,0.5,0.6666666666666666,0.75,1.0,1.0,1.0,0.524187781354448,0.4888888888888889,0.7333333333333333,0.6666666666666666,1.0,1.0,1.0,0.5587212695464727,0.46,0.7666666666666667,0.6,1.0,1.0,1.0,0.5753879362131394,mpnet-dj_adpt,5,webtable-cl_optim-v=12-distilroberta-dj_adpt~qwen3_8b-dj_adpt
pte_ketone.pq::Arg0,1.0,0.03125,1.0,0.03125,1.0,1.0,0.03125,1.0,0.15625,1.0,0.15625,1.0,1.0,0.15625,1.0,0.3125,1.0,0.3125,1.0,1.0,0.3125,1.0,0.46875,1.0,0.46875,1.0,1.0,0.46875,0.85,0.53125,1.0,0.625,1.0,1.0,0.5247242647058824,0.76,0.59375,1.0,0.78125,1.0,1.0,0.5740424465240642,0.6333333333333333,0.59375,1.0,0.9375,1.0,1.0,0.5740424465240642,0.5714285714285714,0.625,0.9142857142857143,1.0,1.0,1.0,0.591899589381207,0.5,0.625,0.8,1.0,1.0,1.0,0.591899589381207,0.4444444444444444,0.625,0.7111111111111111,1.0,1.0,1.0,0.591899589381207,0.4,0.625,0.64,1.0,1.0,1.0,0.591899589381207,mpnet-dj_adpt,5,webtable-cl_optim-v=12-distilroberta-dj_adpt~qwen3_8b-dj_adpt
who_suicide_statistics.pq::country,1.0,0.03333333333333333,1.0,0.03333333333333333,1.0,1.0,0.03333333333333333,1.0,0.16666666666666666,1.0,0.16666666666666666,1.0,1.0,0.16666666666666666,1.0,0.3333333333333333,1.0,0.3333333333333333,1.0,1.0,0.3333333333333333,1.0,0.5,1.0,0.5,1.0,1.0,0.5,1.0,0.6666666666666666,1.0,0.6666666666666666,1.0,1.0,0.6666666666666666,0.88,0.7333333333333333,1.0,0.8333333333333334,1.0,1.0,0.7264347826086957,0.8,0.8,1.0,1.0,1.0,1.0,0.7814019418861997,0.6857142857142857,0.8,0.8571428571428571,1.0,1.0,1.0,0.7814019418861997,0.65,0.8666666666666667,0.75,1.0,1.0,1.0,0.8261466866309445,0.5777777777777777,0.8666666666666667,0.6666666666666666,1.0,1.0,1.0,0.8261466866309445,0.52,0.8666666666666667,0.6,1.0,1.0,1.0,0.8261466866309445,mpnet-dj_adpt,5,webtable-cl_optim-v=12-distilroberta-dj_adpt~qwen3_8b-dj_adpt
UKDebate.pq::country,1.0,0.03333333333333333,1.0,0.03333333333333333,1.0,1.0,0.03333333333333333,0.2,0.03333333333333333,1.0,0.16666666666666666,1.0,1.0,0.03333333333333333,0.1,0.03333333333333333,1.0,0.3333333333333333,1.0,1.0,0.03333333333333333,0.06666666666666667,0.03333333333333333,1.0,0.5,1.0,1.0,0.03333333333333333,0.1,0.06666666666666667,1.0,0.6666666666666666,1.0,1.0,0.0375,0.2,0.16666666666666666,1.0,0.8333333333333334,1.0,1.0,0.05478700043917435,0.26666666666666666,0.26666666666666666,1.0,1.0,1.0,1.0,0.08064509296393355,0.2571428571428571,0.3,0.8571428571428571,1.0,1.0,1.0,0.08946862237569825,0.275,0.36666666666666664,0.75,1.0,1.0,1.0,0.1081295910366669,0.26666666666666666,0.4,0.6666666666666666,1.0,1.0,1.0,0.11788568859764252,0.24,0.4,0.6,1.0,1.0,1.0,0.11788568859764252,mpnet-dj_adpt,5,webtable-cl_optim-v=12-distilroberta-dj_adpt~qwen3_8b-dj_adpt
World_countries_env_vars.pq::Country,1.0,0.03333333333333333,1.0,0.03333333333333333,1.0,1.0,0.03333333333333333,1.0,0.16666666666666666,1.0,0.16666666666666666,1.0,1.0,0.16666666666666666,1.0,0.3333333333333333,1.0,0.3333333333333333,1.0,1.0,0.3333333333333333,1.0,0.5,1.0,0.5,1.0,1.0,0.5,0.85,0.5666666666666667,1.0,0.6666666666666666,1.0,1.0,0.5579629629629629,0.72,0.6,1.0,0.8333333333333334,1.0,1.0,0.5852356902356902,0.6333333333333333,0.6333333333333333,1.0,1.0,1.0,1.0,0.6070747706954603,0.5714285714285714,0.6666666666666666,0.8571428571428571,1.0,1.0,1.0,0.6285801470395463,0.525,0.7,0.75,1.0,1.0,1.0,0.6480245914839907,0.5111111111111111,0.7666666666666667,0.6666666666666666,1.0,1.0,1.0,0.6821158920869194,0.46,0.7666666666666667,0.6,1.0,1.0,1.0,0.6821158920869194,mpnet-dj_adpt,5,webtable-cl_optim-v=12-distilroberta-dj_adpt~qwen3_8b-dj_adpt
USA_cars_datasets.pq::country,0.0,0.0,1.0,0.03333333333333333,0.0,0.0,0.0,0.2,0.03333333333333333,1.0,0.16666666666666666,1.0,0.5,0.016666666666666666,0.1,0.03333333333333333,1.0,0.3333333333333333,1.0,0.5,0.016666666666666666,0.13333333333333333,0.06666666666666667,1.0,0.5,1.0,0.5,0.021794871794871794,0.1,0.06666666666666667,1.0,0.6666666666666666,1.0,0.5,0.021794871794871794,0.12,0.1,1.0,0.8333333333333334,1.0,0.5,0.026142697881828318,0.1,0.1,1.0,1.0,1.0,0.5,0.026142697881828318,0.11428571428571428,0.13333333333333333,0.8571428571428571,1.0,1.0,0.5,0.0300642665092793,0.125,0.16666666666666666,0.75,1.0,1.0,0.5,0.03433777078278357,0.15555555555555556,0.23333333333333334,0.6666666666666666,1.0,1.0,0.5,0.04464217615241866,0.14,0.23333333333333334,0.6,1.0,1.0,0.5,0.04464217615241866,mpnet-dj_adpt,5,webtable-cl_optim-v=12-distilroberta-dj_adpt~qwen3_8b-dj_adpt
netflix_titles.pq::country,1.0,0.03333333333333333,1.0,0.03333333333333333,1.0,1.0,0.03333333333333333,1.0,0.16666666666666666,1.0,0.16666666666666666,1.0,1.0,0.16666666666666666,1.0,0.3333333333333333,1.0,0.3333333333333333,1.0,1.0,0.3333333333333333,0.9333333333333333,0.4666666666666667,1.0,0.5,1.0,1.0,0.4666666666666667,0.75,0.5,1.0,0.6666666666666666,1.0,1.0,0.49298245614035086,0.72,0.6,1.0,0.8333333333333334,1.0,1.0,0.5680169626965965,0.7333333333333333,0.7333333333333333,1.0,1.0,1.0,1.0,0.6665117395247067,0.6285714285714286,0.7333333333333333,0.8571428571428571,1.0,1.0,1.0,0.6665117395247067,0.55,0.7333333333333333,0.75,1.0,1.0,1.0,0.6665117395247067,0.5111111111111111,0.7666666666666667,0.6666666666666666,1.0,1.0,1.0,0.6852109265165767,0.46,0.7666666666666667,0.6,1.0,1.0,1.0,0.6852109265165767,mpnet-dj_adpt,5,webtable-cl_optim-v=12-distilroberta-dj_adpt~qwen3_8b-dj_adpt
pte_ames.pq::Arg0,1.0,0.03125,1.0,0.03125,1.0,1.0,0.03125,1.0,0.15625,1.0,0.15625,1.0,1.0,0.15625,1.0,0.3125,1.0,0.3125,1.0,1.0,0.3125,0.9333333333333333,0.4375,1.0,0.46875,1.0,1.0,0.4375,0.8,0.5,1.0,0.625,1.0,1.0,0.4945746527777778,0.64,0.5,1.0,0.78125,1.0,1.0,0.4945746527777778,0.5666666666666667,0.53125,1.0,0.9375,1.0,1.0,0.5135478670634921,0.5142857142857142,0.5625,0.9142857142857143,1.0,1.0,1.0,0.5316930283538146,0.475,0.59375,0.8,1.0,1.0,1.0,0.5481860839093702,0.4222222222222222,0.59375,0.7111111111111111,1.0,1.0,1.0,0.5481860839093702,0.38,0.59375,0.64,1.0,1.0,1.0,0.5481860839093702,mpnet-dj_adpt,5,webtable-cl_optim-v=12-distilroberta-dj_adpt~qwen3_8b-dj_adpt
movie_metadata.pq::country,1.0,0.03333333333333333,1.0,0.03333333333333333,1.0,1.0,0.03333333333333333,1.0,0.16666666666666666,1.0,0.16666666666666666,1.0,1.0,0.16666666666666666,0.9,0.3,1.0,0.3333333333333333,1.0,1.0,0.3,0.8,0.4,1.0,0.5,1.0,1.0,0.3845543345543346,0.75,0.5,1.0,0.6666666666666666,1.0,1.0,0.4668664260576025,0.68,0.5666666666666667,1.0,0.8333333333333334,1.0,1.0,0.5117553149464914,0.6,0.6,1.0,1.0,1.0,1.0,0.5339775371687137,0.5428571428571428,0.6333333333333333,0.8571428571428571,1.0,1.0,1.0,0.5531694563606329,0.5,0.6666666666666666,0.75,1.0,1.0,1.0,0.57026347345465,0.4444444444444444,0.6666666666666666,0.6666666666666666,1.0,1.0,1.0,0.57026347345465,0.42,0.7,0.6,1.0,1.0,1.0,0.5854808647589977,mpnet-dj_adpt,5,webtable-cl_optim-v=12-distilroberta-dj_adpt~qwen3_8b-dj_adpt
world_country.pq::LocalName,1.0,0.034482758620689655,1.0,0.034482758620689655,1.0,1.0,0.034482758620689655,1.0,0.1724137931034483,1.0,0.1724137931034483,1.0,1.0,0.1724137931034483,0.7,0.2413793103448276,1.0,0.3448275862068966,1.0,1.0,0.23706896551724138,0.5333333333333333,0.27586206896551724,1.0,0.5172413793103449,1.0,1.0,0.2621473354231975,0.4,0.27586206896551724,1.0,0.6896551724137931,1.0,1.0,0.2621473354231975,0.36,0.3103448275862069,1.0,0.8620689655172413,1.0,1.0,0.2769256605463502,0.3333333333333333,0.3448275862068966,0.9666666666666667,1.0,1.0,1.0,0.29018826001584624,0.34285714285714286,0.41379310344827586,0.8285714285714286,1.0,1.0,1.0,0.31458089324468635,0.35,0.4827586206896552,0.725,1.0,1.0,1.0,0.34008053081328943,0.3333333333333333,0.5172413793103449,0.6444444444444445,1.0,1.0,1.0,0.3526961742111027,0.3,0.5172413793103449,0.58,1.0,1.0,1.0,0.3526961742111027,mpnet-dj_adpt,5,webtable-cl_optim-v=12-distilroberta-dj_adpt~qwen3_8b-dj_adpt
countries_metadatacountries.pq::CountryName,1.0,0.03333333333333333,1.0,0.03333333333333333,1.0,1.0,0.03333333333333333,1.0,0.16666666666666666,1.0,0.16666666666666666,1.0,1.0,0.16666666666666666,0.9,0.3,1.0,0.3333333333333333,1.0,1.0,0.2966666666666667,0.7333333333333333,0.36666666666666664,1.0,0.5,1.0,1.0,0.35141414141414146,0.7,0.4666666666666667,1.0,0.6666666666666666,1.0,1.0,0.4197767145135566,0.68,0.5666666666666667,1.0,0.8333333333333334,1.0,1.0,0.492466343724925,0.6333333333333333,0.6333333333333333,1.0,1.0,1.0,1.0,0.5342671100084498,0.5428571428571428,0.6333333333333333,0.8571428571428571,1.0,1.0,1.0,0.5342671100084498,0.5,0.6666666666666666,0.75,1.0,1.0,1.0,0.5509337766751164,0.4888888888888889,0.7333333333333333,0.6666666666666666,1.0,1.0,1.0,0.5846547069076746,0.44,0.7333333333333333,0.6,1.0,1.0,1.0,0.5846547069076746,mpnet-dj_adpt,5,webtable-cl_optim-v=12-distilroberta-dj_adpt~qwen3_8b-dj_adpt
pte_postestactive_neg.pq::Arg0,1.0,0.03125,1.0,0.03125,1.0,1.0,0.03125,1.0,0.15625,1.0,0.15625,1.0,1.0,0.15625,1.0,0.3125,1.0,0.3125,1.0,1.0,0.3125,0.9333333333333333,0.4375,1.0,0.46875,1.0,1.0,0.4375,0.85,0.53125,1.0,0.625,1.0,1.0,0.5196751644736842,0.88,0.6875,1.0,0.78125,1.0,1.0,0.6554671781665131,0.7666666666666667,0.71875,1.0,0.9375,1.0,1.0,0.6831114089357438,0.6857142857142857,0.75,0.9142857142857143,1.0,1.0,1.0,0.7058386816630167,0.675,0.84375,0.8,1.0,1.0,1.0,0.7694671538852388,0.6222222222222222,0.875,0.7111111111111111,1.0,1.0,1.0,0.790808617299873,0.56,0.875,0.64,1.0,1.0,1.0,0.790808617299873,mpnet-dj_adpt,5,webtable-cl_optim-v=12-distilroberta-dj_adpt~qwen3_8b-dj_adpt
pte_alkyl_halide.pq::Arg0,1.0,0.03125,1.0,0.03125,1.0,1.0,0.03125,1.0,0.15625,1.0,0.15625,1.0,1.0,0.15625,1.0,0.3125,1.0,0.3125,1.0,1.0,0.3125,1.0,0.46875,1.0,0.46875,1.0,1.0,0.46875,1.0,0.625,1.0,0.625,1.0,1.0,0.625,1.0,0.78125,1.0,0.78125,1.0,1.0,0.78125,0.8666666666666667,0.8125,1.0,0.9375,1.0,1.0,0.8113425925925926,0.7428571428571429,0.8125,0.9142857142857143,1.0,1.0,1.0,0.8113425925925926,0.7,0.875,0.8,1.0,1.0,1.0,0.8565825440825441,0.6222222222222222,0.875,0.7111111111111111,1.0,1.0,1.0,0.8565825440825441,0.56,0.875,0.64,1.0,1.0,1.0,0.8565825440825441,mpnet-dj_adpt,5,webtable-cl_optim-v=12-distilroberta-dj_adpt~qwen3_8b-dj_adpt
pte_testactive.pq::Arg0,1.0,0.03125,1.0,0.03125,1.0,1.0,0.03125,1.0,0.15625,1.0,0.15625,1.0,1.0,0.15625,1.0,0.3125,1.0,0.3125,1.0,1.0,0.3125,0.9333333333333333,0.4375,1.0,0.46875,1.0,1.0,0.4375,0.85,0.53125,1.0,0.625,1.0,1.0,0.517951818885449,0.88,0.6875,1.0,0.78125,1.0,1.0,0.6537438325782778,0.7666666666666667,0.71875,1.0,0.9375,1.0,1.0,0.6794134754354206,0.6857142857142857,0.75,0.9142857142857143,1.0,1.0,1.0,0.7014722989648324,0.65,0.8125,0.8,1.0,1.0,1.0,0.7434204971630306,0.6222222222222222,0.875,0.7111111111111111,1.0,1.0,1.0,0.7843486026650159,0.56,0.875,0.64,1.0,1.0,1.0,0.7843486026650159,mpnet-dj_adpt,5,webtable-cl_optim-v=12-distilroberta-dj_adpt~qwen3_8b-dj_adpt
hfi_cc_2018.pq::countries,1.0,0.03333333333333333,1.0,0.03333333333333333,1.0,1.0,0.03333333333333333,1.0,0.16666666666666666,1.0,0.16666666666666666,1.0,1.0,0.16666666666666666,1.0,0.3333333333333333,1.0,0.3333333333333333,1.0,1.0,0.3333333333333333,0.9333333333333333,0.4666666666666667,1.0,0.5,1.0,1.0,0.4594993894993895,0.75,0.5,1.0,0.6666666666666666,1.0,1.0,0.4858151789730737,0.68,0.5666666666666667,1.0,0.8333333333333334,1.0,1.0,0.5348231154810102,0.6,0.6,1.0,1.0,1.0,1.0,0.555512770653424,0.5428571428571428,0.6333333333333333,0.8571428571428571,1.0,1.0,1.0,0.5741402216338162,0.575,0.7666666666666667,0.75,1.0,1.0,1.0,0.6505340243434083,0.5333333333333333,0.8,0.6666666666666666,1.0,1.0,1.0,0.6683118021211861,0.5,0.8333333333333334,0.6,1.0,1.0,1.0,0.6856729132322973,mpnet-dj_adpt,5,webtable-cl_optim-v=12-distilroberta-dj_adpt~qwen3_8b-dj_adpt
wikipedia-iso-country-codes.pq::English_short_name_lower_case,1.0,0.03333333333333333,1.0,0.03333333333333333,1.0,1.0,0.03333333333333333,1.0,0.16666666666666666,1.0,0.16666666666666666,1.0,1.0,0.16666666666666666,0.9,0.3,1.0,0.3333333333333333,1.0,1.0,0.2966666666666667,0.6,0.3,1.0,0.5,1.0,1.0,0.2966666666666667,0.5,0.3333333333333333,1.0,0.6666666666666666,1.0,1.0,0.3175,0.44,0.36666666666666664,1.0,0.8333333333333334,1.0,1.0,0.33277777777777773,0.4,0.4,1.0,1.0,1.0,1.0,0.347063492063492,0.34285714285714286,0.4,0.8571428571428571,1.0,1.0,1.0,0.347063492063492,0.3,0.4,0.75,1.0,1.0,1.0,0.347063492063492,0.28888888888888886,0.43333333333333335,0.6666666666666666,1.0,1.0,1.0,0.35714101144333704,0.28,0.4666666666666667,0.6,1.0,1.0,1.0,0.36686323366555923,mpnet-dj_adpt,5,webtable-cl_optim-v=12-distilroberta-dj_adpt~qwen3_8b-dj_adpt
affirmative_asylum.pq::ContinentCountryofNationality,1.0,0.03125,1.0,0.03125,1.0,1.0,0.03125,0.2,0.03125,1.0,0.15625,1.0,1.0,0.03125,0.3,0.09375,1.0,0.3125,1.0,1.0,0.0484375,0.26666666666666666,0.125,1.0,0.46875,1.0,1.0,0.057366071428571426,0.3,0.1875,1.0,0.625,1.0,1.0,0.07542162698412698,0.36,0.28125,1.0,0.78125,1.0,1.0,0.10943019088399523,0.36666666666666664,0.34375,1.0,0.9375,1.0,1.0,0.1324443534455716,0.34285714285714286,0.375,0.9142857142857143,1.0,1.0,1.0,0.1431586391598573,0.4,0.5,0.8,1.0,1.0,1.0,0.19017075755355464,0.35555555555555557,0.5,0.7111111111111111,1.0,1.0,1.0,0.19017075755355464,0.36,0.5625,0.64,1.0,1.0,1.0,0.2136877557034159,mpnet-dj_adpt,5,webtable-cl_optim-v=12-distilroberta-dj_adpt~qwen3_8b-dj_adpt
countries_and_continents.pq::name,1.0,0.037037037037037035,1.0,0.037037037037037035,1.0,1.0,0.037037037037037035,1.0,0.18518518518518517,1.0,0.18518518518518517,1.0,1.0,0.18518518518518517,0.6,0.2222222222222222,1.0,0.37037037037037035,1.0,1.0,0.2222222222222222,0.4,0.2222222222222222,1.0,0.5555555555555556,1.0,1.0,0.2222222222222222,0.3,0.2222222222222222,1.0,0.7407407407407407,1.0,1.0,0.2222222222222222,0.24,0.2222222222222222,1.0,0.9259259259259259,1.0,1.0,0.2222222222222222,0.3333333333333333,0.37037037037037035,0.9,1.0,1.0,1.0,0.26784382308009386,0.34285714285714286,0.4444444444444444,0.7714285714285715,1.0,1.0,1.0,0.2936471999864119,0.4,0.5925925925925926,0.675,1.0,1.0,1.0,0.350850264499418,0.37777777777777777,0.6296296296296297,0.6,1.0,1.0,1.0,0.36584144615726627,0.34,0.6296296296296297,0.54,1.0,1.0,1.0,0.36584144615726627,mpnet-dj_adpt,5,webtable-cl_optim-v=12-distilroberta-dj_adpt~qwen3_8b-dj_adpt
pte_postestactive.pq::Arg0,1.0,0.03125,1.0,0.03125,1.0,1.0,0.03125,1.0,0.15625,1.0,0.15625,1.0,1.0,0.15625,1.0,0.3125,1.0,0.3125,1.0,1.0,0.3125,0.9333333333333333,0.4375,1.0,0.46875,1.0,1.0,0.4307806776556777,0.9,0.5625,1.0,0.625,1.0,1.0,0.5486084694083436,0.92,0.71875,1.0,0.78125,1.0,1.0,0.6912198118702295,0.9333333333333333,0.875,1.0,0.9375,1.0,1.0,0.8362805022972993,0.8571428571428571,0.9375,0.9142857142857143,1.0,1.0,1.0,0.8930879026768059,0.775,0.96875,0.8,1.0,1.0,1.0,0.9199976248990281,0.6888888888888889,0.96875,0.7111111111111111,1.0,1.0,1.0,0.9199976248990281,0.62,0.96875,0.64,1.0,1.0,1.0,0.9199976248990281,mpnet-dj_adpt,5,webtable-cl_optim-v=12-distilroberta-dj_adpt~qwen3_8b-dj_adpt
pte_five_ring.pq::Arg0,1.0,0.03125,1.0,0.03125,1.0,1.0,0.03125,1.0,0.15625,1.0,0.15625,1.0,1.0,0.15625,1.0,0.3125,1.0,0.3125,1.0,1.0,0.3125,1.0,0.46875,1.0,0.46875,1.0,1.0,0.46875,1.0,0.625,1.0,0.625,1.0,1.0,0.625,0.96,0.75,1.0,0.78125,1.0,1.0,0.7446687664690382,0.9,0.84375,1.0,0.9375,1.0,1.0,0.8339042635709146,0.8285714285714286,0.90625,0.9142857142857143,1.0,1.0,1.0,0.8887844817872335,0.725,0.90625,0.8,1.0,1.0,1.0,0.8887844817872335,0.6444444444444445,0.90625,0.7111111111111111,1.0,1.0,1.0,0.8887844817872335,0.6,0.9375,0.64,1.0,1.0,1.0,0.9075344817872334,mpnet-dj_adpt,5,webtable-cl_optim-v=12-distilroberta-dj_adpt~qwen3_8b-dj_adpt
MoviesOnStreamingPlatforms_updated.pq::Country,1.0,0.03333333333333333,1.0,0.03333333333333333,1.0,1.0,0.03333333333333333,1.0,0.16666666666666666,1.0,0.16666666666666666,1.0,1.0,0.16666666666666666,1.0,0.3333333333333333,1.0,0.3333333333333333,1.0,1.0,0.3333333333333333,0.8666666666666667,0.43333333333333335,1.0,0.5,1.0,1.0,0.4283882783882784,0.8,0.5333333333333333,1.0,0.6666666666666666,1.0,1.0,0.5136333764274941,0.8,0.6666666666666666,1.0,0.8333333333333334,1.0,1.0,0.622093129235073,0.7666666666666667,0.7666666666666667,1.0,1.0,1.0,1.0,0.7035576523662628,0.6571428571428571,0.7666666666666667,0.8571428571428571,1.0,1.0,1.0,0.7035576523662628,0.6,0.8,0.75,1.0,1.0,1.0,0.7240704728790832,0.5333333333333333,0.8,0.6666666666666666,1.0,1.0,1.0,0.7240704728790832,0.48,0.8,0.6,1.0,1.0,1.0,0.7240704728790832,mpnet-dj_adpt,5,webtable-cl_optim-v=12-distilroberta-dj_adpt~qwen3_8b-dj_adpt
pte_amine.pq::Arg0,1.0,0.03125,1.0,0.03125,1.0,1.0,0.03125,1.0,0.15625,1.0,0.15625,1.0,1.0,0.15625,1.0,0.3125,1.0,0.3125,1.0,1.0,0.3125,0.9333333333333333,0.4375,1.0,0.46875,1.0,1.0,0.4375,0.8,0.5,1.0,0.625,1.0,1.0,0.49620863970588236,0.72,0.5625,1.0,0.78125,1.0,1.0,0.5427439657928389,0.6333333333333333,0.59375,1.0,0.9375,1.0,1.0,0.5655805042543773,0.5428571428571428,0.59375,0.9142857142857143,1.0,1.0,1.0,0.5655805042543773,0.5,0.625,0.8,1.0,1.0,1.0,0.5824723961462692,0.4444444444444444,0.625,0.7111111111111111,1.0,1.0,1.0,0.5824723961462692,0.4,0.625,0.64,1.0,1.0,1.0,0.5824723961462692,mpnet-dj_adpt,5,webtable-cl_optim-v=12-distilroberta-dj_adpt~qwen3_8b-dj_adpt
AdventureWorks2014_salesTerritory.pq::Name,0.0,0.0,1.0,0.03333333333333333,0.0,0.0,0.0,0.4,0.06666666666666667,1.0,0.16666666666666666,1.0,0.5,0.030000000000000002,0.7,0.23333333333333334,1.0,0.3333333333333333,1.0,0.5,0.13210317460317458,0.5333333333333333,0.26666666666666666,1.0,0.5,1.0,0.5,0.15634559884559884,0.4,0.26666666666666666,1.0,0.6666666666666666,1.0,0.5,0.15634559884559884,0.36,0.3,1.0,0.8333333333333334,1.0,0.5,0.17063131313131313,0.3333333333333333,0.3333333333333333,1.0,1.0,1.0,0.5,0.18212556600487634,0.34285714285714286,0.4,0.8571428571428571,1.0,1.0,0.5,0.2057182288764766,0.35,0.4666666666666667,0.75,1.0,1.0,0.5,0.23036787852612625,0.3333333333333333,0.5,0.6666666666666666,1.0,1.0,0.5,0.2417315148897626,0.3,0.5,0.6,1.0,1.0,0.5,0.2417315148897626,mpnet-dj_adpt,5,webtable-cl_optim-v=12-distilroberta-dj_adpt~qwen3_8b-dj_adpt
whr2015.pq::Country,1.0,0.03333333333333333,1.0,0.03333333333333333,1.0,1.0,0.03333333333333333,1.0,0.16666666666666666,1.0,0.16666666666666666,1.0,1.0,0.16666666666666666,1.0,0.3333333333333333,1.0,0.3333333333333333,1.0,1.0,0.3333333333333333,0.9333333333333333,0.4666666666666667,1.0,0.5,1.0,1.0,0.4666666666666667,0.75,0.5,1.0,0.6666666666666666,1.0,1.0,0.49166666666666664,0.6,0.5,1.0,0.8333333333333334,1.0,1.0,0.49166666666666664,0.6,0.6,1.0,1.0,1.0,1.0,0.5502545155993432,0.5714285714285714,0.6666666666666666,0.8571428571428571,1.0,1.0,1.0,0.5902924662634798,0.575,0.7666666666666667,0.75,1.0,1.0,1.0,0.6492148501858638,0.5333333333333333,0.8,0.6666666666666666,1.0,1.0,1.0,0.6687270453078149,0.5,0.8333333333333334,0.6,1.0,1.0,1.0,0.6860881564189261,mpnet-dj_adpt,5,webtable-cl_optim-v=12-distilroberta-dj_adpt~qwen3_8b-dj_adpt
countries_and_continents.pq::official_name_fr,1.0,0.037037037037037035,1.0,0.037037037037037035,1.0,1.0,0.037037037037037035,0.8,0.14814814814814814,1.0,0.18518518518518517,1.0,1.0,0.14074074074074072,0.6,0.2222222222222222,1.0,0.37037037037037035,1.0,1.0,0.19938271604938274,0.4666666666666667,0.25925925925925924,1.0,0.5555555555555556,1.0,1.0,0.21790123456790125,0.35,0.25925925925925924,1.0,0.7407407407407407,1.0,1.0,0.21790123456790125,0.28,0.25925925925925924,1.0,0.9259259259259259,1.0,1.0,0.21790123456790125,0.26666666666666666,0.2962962962962963,0.9,1.0,1.0,1.0,0.22811834823329077,0.2571428571428571,0.3333333333333333,0.7714285714285715,1.0,1.0,1.0,0.23853501489995743,0.225,0.3333333333333333,0.675,1.0,1.0,1.0,0.23853501489995743,0.2222222222222222,0.37037037037037035,0.6,1.0,1.0,1.0,0.24714827932717537,0.26,0.48148148148148145,0.54,1.0,1.0,1.0,0.2747054109268601,mpnet-dj_adpt,5,webtable-cl_optim-v=12-distilroberta-dj_adpt~qwen3_8b-dj_adpt
pte_has_property.pq::Arg0,1.0,0.03125,1.0,0.03125,1.0,1.0,0.03125,1.0,0.15625,1.0,0.15625,1.0,1.0,0.15625,1.0,0.3125,1.0,0.3125,1.0,1.0,0.3125,1.0,0.46875,1.0,0.46875,1.0,1.0,0.46875,0.8,0.5,1.0,0.625,1.0,1.0,0.4965277777777778,0.72,0.5625,1.0,0.78125,1.0,1.0,0.5430631038647343,0.6333333333333333,0.59375,1.0,0.9375,1.0,1.0,0.5658996423262728,0.5428571428571428,0.59375,0.9142857142857143,1.0,1.0,1.0,0.5658996423262728,0.5,0.625,0.8,1.0,1.0,1.0,0.5832607534373838,0.4444444444444444,0.625,0.7111111111111111,1.0,1.0,1.0,0.5832607534373838,0.4,0.625,0.64,1.0,1.0,1.0,0.5832607534373838,mpnet-dj_adpt,5,webtable-cl_optim-v=12-distilroberta-dj_adpt~qwen3_8b-dj_adpt
cwurData.pq::country,1.0,0.03333333333333333,1.0,0.03333333333333333,1.0,1.0,0.03333333333333333,0.8,0.13333333333333333,1.0,0.16666666666666666,1.0,1.0,0.12666666666666665,0.8,0.26666666666666666,1.0,0.3333333333333333,1.0,1.0,0.23884920634920634,0.8666666666666667,0.43333333333333335,1.0,0.5,1.0,1.0,0.37956515706515703,0.75,0.5,1.0,0.6666666666666666,1.0,1.0,0.43814358843770607,0.64,0.5333333333333333,1.0,0.8333333333333334,1.0,1.0,0.4623860126801303,0.6333333333333333,0.6333333333333333,1.0,1.0,1.0,1.0,0.5282421871569944,0.6,0.7,0.8571428571428571,1.0,1.0,1.0,0.5709596847132017,0.525,0.7,0.75,1.0,1.0,1.0,0.5709596847132017,0.4888888888888889,0.7333333333333333,0.6666666666666666,1.0,1.0,1.0,0.5888458635749904,0.44,0.7333333333333333,0.6,1.0,1.0,1.0,0.5888458635749904,kalm_instruct_v2_5-dj_adpt,6,webtable-cl_optim-v=12-distilroberta-dj_adpt~qwen3_8b-dj_adpt
countries_and_continents.pq::ISO4217-currency_country_name,1.0,0.037037037037037035,1.0,0.037037037037037035,1.0,1.0,0.037037037037037035,0.8,0.14814814814814814,1.0,0.18518518518518517,1.0,1.0,0.13148148148148148,0.9,0.3333333333333333,1.0,0.37037037037037035,1.0,1.0,0.29275426219870665,0.7333333333333333,0.4074074074074074,1.0,0.5555555555555556,1.0,1.0,0.35776332720777165,0.65,0.48148148148148145,1.0,0.7407407407407407,1.0,1.0,0.4106560892508605,0.52,0.48148148148148145,1.0,0.9259259259259259,1.0,1.0,0.4106560892508605,0.43333333333333335,0.48148148148148145,0.9,1.0,1.0,1.0,0.4106560892508605,0.4,0.5185185185185185,0.7714285714285715,1.0,1.0,1.0,0.4254709040656753,0.4,0.5925925925925926,0.675,1.0,1.0,1.0,0.45608046099102173,0.35555555555555557,0.5925925925925926,0.6,1.0,1.0,1.0,0.45608046099102173,0.32,0.5925925925925926,0.54,1.0,1.0,1.0,0.45608046099102173,kalm_instruct_v2_5-dj_adpt,6,webtable-cl_optim-v=12-distilroberta-dj_adpt~qwen3_8b-dj_adpt
pte_imine.pq::Arg0,1.0,0.03125,1.0,0.03125,1.0,1.0,0.03125,1.0,0.15625,1.0,0.15625,1.0,1.0,0.15625,1.0,0.3125,1.0,0.3125,1.0,1.0,0.3125,1.0,0.46875,1.0,0.46875,1.0,1.0,0.46875,1.0,0.625,1.0,0.625,1.0,1.0,0.625,1.0,0.78125,1.0,0.78125,1.0,1.0,0.78125,1.0,0.9375,1.0,0.9375,1.0,1.0,0.9375,0.8857142857142857,0.96875,0.9142857142857143,1.0,1.0,1.0,0.96875,0.775,0.96875,0.8,1.0,1.0,1.0,0.96875,0.6888888888888889,0.96875,0.7111111111111111,1.0,1.0,1.0,0.96875,0.62,0.96875,0.64,1.0,1.0,1.0,0.96875,kalm_instruct_v2_5-dj_adpt,6,webtable-cl_optim-v=12-distilroberta-dj_adpt~qwen3_8b-dj_adpt
countries_and_continents.pq::official_name_en,1.0,0.037037037037037035,1.0,0.037037037037037035,1.0,1.0,0.037037037037037035,1.0,0.18518518518518517,1.0,0.18518518518518517,1.0,1.0,0.18518518518518517,0.8,0.2962962962962963,1.0,0.37037037037037035,1.0,1.0,0.2753674309229865,0.6,0.3333333333333333,1.0,0.5555555555555556,1.0,1.0,0.29917695473251027,0.65,0.48148148148148145,1.0,0.7407407407407407,1.0,1.0,0.3910630789027762,0.52,0.48148148148148145,1.0,0.9259259259259259,1.0,1.0,0.3910630789027762,0.43333333333333335,0.48148148148148145,0.9,1.0,1.0,1.0,0.3910630789027762,0.4,0.5185185185185185,0.7714285714285715,1.0,1.0,1.0,0.4077894827259542,0.35,0.5185185185185185,0.675,1.0,1.0,1.0,0.4077894827259542,0.37777777777777777,0.6296296296296297,0.6,1.0,1.0,1.0,0.449112610858183,0.34,0.6296296296296297,0.54,1.0,1.0,1.0,0.449112610858183,kalm_instruct_v2_5-dj_adpt,6,webtable-cl_optim-v=12-distilroberta-dj_adpt~qwen3_8b-dj_adpt
world_country.pq::Name,1.0,0.034482758620689655,1.0,0.034482758620689655,1.0,1.0,0.034482758620689655,1.0,0.1724137931034483,1.0,0.1724137931034483,1.0,1.0,0.1724137931034483,0.8,0.27586206896551724,1.0,0.3448275862068966,1.0,1.0,0.2689655172413793,0.6666666666666666,0.3448275862068966,1.0,0.5172413793103449,1.0,1.0,0.3218092252575011,0.65,0.4482758620689655,1.0,0.6896551724137931,1.0,1.0,0.39345035902498265,0.6,0.5172413793103449,1.0,0.8620689655172413,1.0,1.0,0.43599158841029007,0.5,0.5172413793103449,0.9666666666666667,1.0,1.0,1.0,0.43599158841029007,0.45714285714285713,0.5517241379310345,0.8285714285714286,1.0,1.0,1.0,0.4517551352083196,0.45,0.6206896551724138,0.725,1.0,1.0,1.0,0.4848140561982751,0.4222222222222222,0.6551724137931034,0.6444444444444445,1.0,1.0,1.0,0.5004133993838252,0.42,0.7241379310344828,0.58,1.0,1.0,1.0,0.529559540598932,kalm_instruct_v2_5-dj_adpt,6,webtable-cl_optim-v=12-distilroberta-dj_adpt~qwen3_8b-dj_adpt
pte_nitro.pq::Arg0,1.0,0.03125,1.0,0.03125,1.0,1.0,0.03125,1.0,0.15625,1.0,0.15625,1.0,1.0,0.15625,1.0,0.3125,1.0,0.3125,1.0,1.0,0.3125,1.0,0.46875,1.0,0.46875,1.0,1.0,0.46875,0.95,0.59375,1.0,0.625,1.0,1.0,0.59375,0.96,0.75,1.0,0.78125,1.0,1.0,0.743180671230943,0.9333333333333333,0.875,1.0,0.9375,1.0,1.0,0.8615828349994861,0.8571428571428571,0.9375,0.9142857142857143,1.0,1.0,1.0,0.9183902353789927,0.75,0.9375,0.8,1.0,1.0,1.0,0.9183902353789927,0.6666666666666666,0.9375,0.7111111111111111,1.0,1.0,1.0,0.9183902353789927,0.6,0.9375,0.64,1.0,1.0,1.0,0.9183902353789927,kalm_instruct_v2_5-dj_adpt,6,webtable-cl_optim-v=12-distilroberta-dj_adpt~qwen3_8b-dj_adpt
pte_sulfide.pq::Arg0,1.0,0.03125,1.0,0.03125,1.0,1.0,0.03125,1.0,0.15625,1.0,0.15625,1.0,1.0,0.15625,1.0,0.3125,1.0,0.3125,1.0,1.0,0.3125,1.0,0.46875,1.0,0.46875,1.0,1.0,0.46875,0.95,0.59375,1.0,0.625,1.0,1.0,0.59375,0.92,0.71875,1.0,0.78125,1.0,1.0,0.7107372835497836,0.9333333333333333,0.875,1.0,0.9375,1.0,1.0,0.8557979739768533,0.8285714285714286,0.90625,0.9142857142857143,1.0,1.0,1.0,0.8850318449445952,0.725,0.90625,0.8,1.0,1.0,1.0,0.8850318449445952,0.6444444444444445,0.90625,0.7111111111111111,1.0,1.0,1.0,0.8850318449445952,0.6,0.9375,0.64,1.0,1.0,1.0,0.9049786534552335,kalm_instruct_v2_5-dj_adpt,6,webtable-cl_optim-v=12-distilroberta-dj_adpt~qwen3_8b-dj_adpt
pte_non_ar_hetero_6_ring.pq::Arg0,1.0,0.03125,1.0,0.03125,1.0,1.0,0.03125,1.0,0.15625,1.0,0.15625,1.0,1.0,0.15625,1.0,0.3125,1.0,0.3125,1.0,1.0,0.3125,1.0,0.46875,1.0,0.46875,1.0,1.0,0.46875,1.0,0.625,1.0,0.625,1.0,1.0,0.625,0.96,0.75,1.0,0.78125,1.0,1.0,0.7446687664690382,0.9333333333333333,0.875,1.0,0.9375,1.0,1.0,0.8641100312228029,0.8285714285714286,0.90625,0.9142857142857143,1.0,1.0,1.0,0.8924303437228029,0.725,0.90625,0.8,1.0,1.0,1.0,0.8924303437228029,0.6444444444444445,0.90625,0.7111111111111111,1.0,1.0,1.0,0.8924303437228029,0.58,0.90625,0.64,1.0,1.0,1.0,0.8924303437228029,kalm_instruct_v2_5-dj_adpt,6,webtable-cl_optim-v=12-distilroberta-dj_adpt~qwen3_8b-dj_adpt
Word_University_Rank_2020.pq::Country,1.0,0.03333333333333333,1.0,0.03333333333333333,1.0,1.0,0.03333333333333333,1.0,0.16666666666666666,1.0,0.16666666666666666,1.0,1.0,0.16666666666666666,1.0,0.3333333333333333,1.0,0.3333333333333333,1.0,1.0,0.3333333333333333,0.9333333333333333,0.4666666666666667,1.0,0.5,1.0,1.0,0.46444444444444444,0.75,0.5,1.0,0.6666666666666666,1.0,1.0,0.4938562091503268,0.72,0.6,1.0,0.8333333333333334,1.0,1.0,0.5646557260585394,0.6666666666666666,0.6666666666666666,1.0,1.0,1.0,1.0,0.613706058442205,0.6,0.7,0.8571428571428571,1.0,1.0,1.0,0.6355810584422051,0.55,0.7333333333333333,0.75,1.0,1.0,1.0,0.6543844772456239,0.5111111111111111,0.7666666666666667,0.6666666666666666,1.0,1.0,1.0,0.672213934609965,0.48,0.8,0.6,1.0,1.0,1.0,0.689605238957791,kalm_instruct_v2_5-dj_adpt,6,webtable-cl_optim-v=12-distilroberta-dj_adpt~qwen3_8b-dj_adpt
gender_development.pq::Country,1.0,0.03333333333333333,1.0,0.03333333333333333,1.0,1.0,0.03333333333333333,1.0,0.16666666666666666,1.0,0.16666666666666666,1.0,1.0,0.16666666666666666,1.0,0.3333333333333333,1.0,0.3333333333333333,1.0,1.0,0.3333333333333333,0.9333333333333333,0.4666666666666667,1.0,0.5,1.0,1.0,0.4666666666666667,0.8,0.5333333333333333,1.0,0.6666666666666666,1.0,1.0,0.5196491228070176,0.68,0.5666666666666667,1.0,0.8333333333333334,1.0,1.0,0.5454066985645932,0.6,0.6,1.0,1.0,1.0,1.0,0.5676289207868155,0.5714285714285714,0.6666666666666666,0.8571428571428571,1.0,1.0,1.0,0.6064286831159896,0.6,0.8,0.75,1.0,1.0,1.0,0.6843039673070632,0.6,0.9,0.6666666666666666,1.0,1.0,1.0,0.746194323752156,0.54,0.9,0.6,1.0,1.0,1.0,0.746194323752156,kalm_instruct_v2_5-dj_adpt,6,webtable-cl_optim-v=12-distilroberta-dj_adpt~qwen3_8b-dj_adpt
pte_testactive_Neg.pq::Arg0,1.0,0.03125,1.0,0.03125,1.0,1.0,0.03125,1.0,0.15625,1.0,0.15625,1.0,1.0,0.15625,1.0,0.3125,1.0,0.3125,1.0,1.0,0.3125,1.0,0.46875,1.0,0.46875,1.0,1.0,0.46875,0.95,0.59375,1.0,0.625,1.0,1.0,0.59375,0.96,0.75,1.0,0.78125,1.0,1.0,0.743180671230943,0.9333333333333333,0.875,1.0,0.9375,1.0,1.0,0.8626219359847077,0.8285714285714286,0.90625,0.9142857142857143,1.0,1.0,1.0,0.8918558069524497,0.75,0.9375,0.8,1.0,1.0,1.0,0.9178974736191163,0.6666666666666666,0.9375,0.7111111111111111,1.0,1.0,1.0,0.9178974736191163,0.6,0.9375,0.64,1.0,1.0,1.0,0.9178974736191163,kalm_instruct_v2_5-dj_adpt,6,webtable-cl_optim-v=12-distilroberta-dj_adpt~qwen3_8b-dj_adpt
edu.pq::country,1.0,0.03333333333333333,1.0,0.03333333333333333,1.0,1.0,0.03333333333333333,1.0,0.16666666666666666,1.0,0.16666666666666666,1.0,1.0,0.16666666666666666,0.7,0.23333333333333334,1.0,0.3333333333333333,1.0,1.0,0.22440476190476188,0.4666666666666667,0.23333333333333334,1.0,0.5,1.0,1.0,0.22440476190476188,0.5,0.3333333333333333,1.0,0.6666666666666666,1.0,1.0,0.2716757170704539,0.44,0.36666666666666664,1.0,0.8333333333333334,1.0,1.0,0.28913603453077136,0.36666666666666664,0.36666666666666664,1.0,1.0,1.0,1.0,0.28913603453077136,0.3142857142857143,0.36666666666666664,0.8571428571428571,1.0,1.0,1.0,0.28913603453077136,0.275,0.36666666666666664,0.75,1.0,1.0,1.0,0.28913603453077136,0.28888888888888886,0.43333333333333335,0.6666666666666666,1.0,1.0,1.0,0.3092095924092073,0.32,0.5333333333333333,0.6,1.0,1.0,1.0,0.33980256293074923,kalm_instruct_v2_5-dj_adpt,6,webtable-cl_optim-v=12-distilroberta-dj_adpt~qwen3_8b-dj_adpt
AdventureWorks2014_CountryRegion.pq::Name,1.0,0.03333333333333333,1.0,0.03333333333333333,1.0,1.0,0.03333333333333333,1.0,0.16666666666666666,1.0,0.16666666666666666,1.0,1.0,0.16666666666666666,0.8,0.26666666666666666,1.0,0.3333333333333333,1.0,1.0,0.26,0.6666666666666666,0.3333333333333333,1.0,0.5,1.0,1.0,0.3129137529137529,0.65,0.43333333333333335,1.0,0.6666666666666666,1.0,1.0,0.3808596593465014,0.6,0.5,1.0,0.8333333333333334,1.0,1.0,0.4211495144189652,0.5333333333333333,0.5333333333333333,1.0,1.0,1.0,1.0,0.44090260083871835,0.4857142857142857,0.5666666666666667,0.8571428571428571,1.0,1.0,1.0,0.457569267505385,0.475,0.6333333333333333,0.75,1.0,1.0,1.0,0.48919207452292884,0.4222222222222222,0.6333333333333333,0.6666666666666666,1.0,1.0,1.0,0.48919207452292884,0.4,0.6666666666666666,0.6,1.0,1.0,1.0,0.5025254078562622,kalm_instruct_v2_5-dj_adpt,6,webtable-cl_optim-v=12-distilroberta-dj_adpt~qwen3_8b-dj_adpt
pte_methoxy.pq::Arg0,1.0,0.03125,1.0,0.03125,1.0,1.0,0.03125,1.0,0.15625,1.0,0.15625,1.0,1.0,0.15625,1.0,0.3125,1.0,0.3125,1.0,1.0,0.3125,1.0,0.46875,1.0,0.46875,1.0,1.0,0.46875,1.0,0.625,1.0,0.625,1.0,1.0,0.625,1.0,0.78125,1.0,0.78125,1.0,1.0,0.78125,0.9333333333333333,0.875,1.0,0.9375,1.0,1.0,0.8716489349571246,0.8571428571428571,0.9375,0.9142857142857143,1.0,1.0,1.0,0.9284563353366313,0.75,0.9375,0.8,1.0,1.0,1.0,0.9284563353366313,0.6666666666666666,0.9375,0.7111111111111111,1.0,1.0,1.0,0.9284563353366313,0.6,0.9375,0.64,1.0,1.0,1.0,0.9284563353366313,kalm_instruct_v2_5-dj_adpt,6,webtable-cl_optim-v=12-distilroberta-dj_adpt~qwen3_8b-dj_adpt
world-cities.pq::country,1.0,0.03333333333333333,1.0,0.03333333333333333,1.0,1.0,0.03333333333333333,1.0,0.16666666666666666,1.0,0.16666666666666666,1.0,1.0,0.16666666666666666,1.0,0.3333333333333333,1.0,0.3333333333333333,1.0,1.0,0.3333333333333333,1.0,0.5,1.0,0.5,1.0,1.0,0.5,0.85,0.5666666666666667,1.0,0.6666666666666666,1.0,1.0,0.5564035087719298,0.72,0.6,1.0,0.8333333333333334,1.0,1.0,0.583676236044657,0.6333333333333333,0.6333333333333333,1.0,1.0,1.0,1.0,0.6071330261681139,0.5714285714285714,0.6666666666666666,0.8571428571428571,1.0,1.0,1.0,0.6286384025121999,0.5,0.6666666666666666,0.75,1.0,1.0,1.0,0.6286384025121999,0.4666666666666667,0.7,0.6666666666666666,1.0,1.0,1.0,0.6457115732439073,0.44,0.7333333333333333,0.6,1.0,1.0,1.0,0.660378239910574,kalm_instruct_v2_5-dj_adpt,6,webtable-cl_optim-v=12-distilroberta-dj_adpt~qwen3_8b-dj_adpt
movies.pq::country,1.0,0.03333333333333333,1.0,0.03333333333333333,1.0,1.0,0.03333333333333333,0.8,0.13333333333333333,1.0,0.16666666666666666,1.0,1.0,0.13333333333333333,0.9,0.3,1.0,0.3333333333333333,1.0,1.0,0.278478835978836,0.8666666666666667,0.43333333333333335,1.0,0.5,1.0,1.0,0.39192205942205943,0.75,0.5,1.0,0.6666666666666666,1.0,1.0,0.4456888292879005,0.72,0.6,1.0,0.8333333333333334,1.0,1.0,0.5197233358441462,0.6666666666666666,0.6666666666666666,1.0,1.0,1.0,1.0,0.5653308892103203,0.6285714285714286,0.7333333333333333,0.8571428571428571,1.0,1.0,1.0,0.6074953913748224,0.625,0.8333333333333334,0.75,1.0,1.0,1.0,0.6695622659416969,0.5777777777777777,0.8666666666666667,0.6666666666666666,1.0,1.0,1.0,0.6901971865766175,0.52,0.8666666666666667,0.6,1.0,1.0,1.0,0.6901971865766175,kalm_instruct_v2_5-dj_adpt,6,webtable-cl_optim-v=12-distilroberta-dj_adpt~qwen3_8b-dj_adpt
countries_data.pq::CountryName,1.0,0.03333333333333333,1.0,0.03333333333333333,1.0,1.0,0.03333333333333333,1.0,0.16666666666666666,1.0,0.16666666666666666,1.0,1.0,0.16666666666666666,1.0,0.3333333333333333,1.0,0.3333333333333333,1.0,1.0,0.3333333333333333,0.8666666666666667,0.43333333333333335,1.0,0.5,1.0,1.0,0.42134920634920636,0.65,0.43333333333333335,1.0,0.6666666666666666,1.0,1.0,0.42134920634920636,0.56,0.4666666666666667,1.0,0.8333333333333334,1.0,1.0,0.4425613275613276,0.5333333333333333,0.5333333333333333,1.0,1.0,1.0,1.0,0.4801274651274651,0.45714285714285713,0.5333333333333333,0.8571428571428571,1.0,1.0,1.0,0.4801274651274651,0.4,0.5333333333333333,0.75,1.0,1.0,1.0,0.4801274651274651,0.35555555555555557,0.5333333333333333,0.6666666666666666,1.0,1.0,1.0,0.4801274651274651,0.32,0.5333333333333333,0.6,1.0,1.0,1.0,0.4801274651274651,kalm_instruct_v2_5-dj_adpt,6,webtable-cl_optim-v=12-distilroberta-dj_adpt~qwen3_8b-dj_adpt
pte_alcohol.pq::Arg0,1.0,0.03125,1.0,0.03125,1.0,1.0,0.03125,0.8,0.125,1.0,0.15625,1.0,1.0,0.11875,0.7,0.21875,1.0,0.3125,1.0,1.0,0.19010416666666666,0.8,0.375,1.0,0.46875,1.0,1.0,0.3098609723609724,0.8,0.5,1.0,0.625,1.0,1.0,0.4120285581452861,0.84,0.65625,1.0,0.78125,1.0,1.0,0.541001243069058,0.8333333333333334,0.78125,1.0,0.9375,1.0,1.0,0.6477892905898641,0.8285714285714286,0.90625,0.9142857142857143,1.0,1.0,1.0,0.7527741641672276,0.775,0.96875,0.8,1.0,1.0,1.0,0.8049982632663267,0.6888888888888889,0.96875,0.7111111111111111,1.0,1.0,1.0,0.8049982632663267,0.62,0.96875,0.64,1.0,1.0,1.0,0.8049982632663267,kalm_instruct_v2_5-dj_adpt,6,webtable-cl_optim-v=12-distilroberta-dj_adpt~qwen3_8b-dj_adpt
pte_phenol.pq::Arg0,1.0,0.03125,1.0,0.03125,1.0,1.0,0.03125,1.0,0.15625,1.0,0.15625,1.0,1.0,0.15625,1.0,0.3125,1.0,0.3125,1.0,1.0,0.3125,1.0,0.46875,1.0,0.46875,1.0,1.0,0.46875,0.95,0.59375,1.0,0.625,1.0,1.0,0.5921875,0.92,0.71875,1.0,0.78125,1.0,1.0,0.7104202545642763,0.9,0.84375,1.0,0.9375,1.0,1.0,0.8263142783246794,0.8285714285714286,0.90625,0.9142857142857143,1.0,1.0,1.0,0.8820022059884135,0.75,0.9375,0.8,1.0,1.0,1.0,0.9066732586199925,0.6666666666666666,0.9375,0.7111111111111111,1.0,1.0,1.0,0.9066732586199925,0.6,0.9375,0.64,1.0,1.0,1.0,0.9066732586199925,kalm_instruct_v2_5-dj_adpt,6,webtable-cl_optim-v=12-distilroberta-dj_adpt~qwen3_8b-dj_adpt
pte_ester.pq::Arg0,1.0,0.03125,1.0,0.03125,1.0,1.0,0.03125,1.0,0.15625,1.0,0.15625,1.0,1.0,0.15625,1.0,0.3125,1.0,0.3125,1.0,1.0,0.3125,1.0,0.46875,1.0,0.46875,1.0,1.0,0.46875,0.95,0.59375,1.0,0.625,1.0,1.0,0.59375,0.96,0.75,1.0,0.78125,1.0,1.0,0.743180671230943,0.9333333333333333,0.875,1.0,0.9375,1.0,1.0,0.8636276831111445,0.8285714285714286,0.90625,0.9142857142857143,1.0,1.0,1.0,0.8928615540788865,0.725,0.90625,0.8,1.0,1.0,1.0,0.8928615540788865,0.6666666666666666,0.9375,0.7111111111111111,1.0,1.0,1.0,0.9136948874122198,0.6,0.9375,0.64,1.0,1.0,1.0,0.9136948874122198,kalm_instruct_v2_5-dj_adpt,6,webtable-cl_optim-v=12-distilroberta-dj_adpt~qwen3_8b-dj_adpt
pte_non_ar_hetero_5_ring.pq::Arg0,1.0,0.03125,1.0,0.03125,1.0,1.0,0.03125,1.0,0.15625,1.0,0.15625,1.0,1.0,0.15625,1.0,0.3125,1.0,0.3125,1.0,1.0,0.3125,1.0,0.46875,1.0,0.46875,1.0,1.0,0.46875,0.95,0.59375,1.0,0.625,1.0,1.0,0.5888066520467836,0.92,0.71875,1.0,0.78125,1.0,1.0,0.7057939355965672,0.9,0.84375,1.0,0.9375,1.0,1.0,0.8216879593569703,0.8285714285714286,0.90625,0.9142857142857143,1.0,1.0,1.0,0.8773758870207043,0.725,0.90625,0.8,1.0,1.0,1.0,0.8773758870207043,0.6666666666666666,0.9375,0.7111111111111111,1.0,1.0,1.0,0.899697315592133,0.6,0.9375,0.64,1.0,1.0,1.0,0.899697315592133,kalm_instruct_v2_5-dj_adpt,6,webtable-cl_optim-v=12-distilroberta-dj_adpt~qwen3_8b-dj_adpt
population_by_country_2020.pq::CountryDependency,1.0,0.03333333333333333,1.0,0.03333333333333333,1.0,1.0,0.03333333333333333,1.0,0.16666666666666666,1.0,0.16666666666666666,1.0,1.0,0.16666666666666666,1.0,0.3333333333333333,1.0,0.3333333333333333,1.0,1.0,0.3333333333333333,0.8,0.4,1.0,0.5,1.0,1.0,0.39333333333333337,0.7,0.4666666666666667,1.0,0.6666666666666666,1.0,1.0,0.44196881091617934,0.6,0.5,1.0,0.8333333333333334,1.0,1.0,0.46469608364345205,0.5666666666666667,0.5666666666666667,1.0,1.0,1.0,1.0,0.5032839325761286,0.5428571428571428,0.6333333333333333,0.8571428571428571,1.0,1.0,1.0,0.5401291706713667,0.475,0.6333333333333333,0.75,1.0,1.0,1.0,0.5401291706713667,0.4444444444444444,0.6666666666666666,0.6666666666666666,1.0,1.0,1.0,0.555633046640359,0.4,0.6666666666666666,0.6,1.0,1.0,1.0,0.555633046640359,kalm_instruct_v2_5-dj_adpt,6,webtable-cl_optim-v=12-distilroberta-dj_adpt~qwen3_8b-dj_adpt
pte_non_ar_5c_ring.pq::Arg0,1.0,0.03125,1.0,0.03125,1.0,1.0,0.03125,1.0,0.15625,1.0,0.15625,1.0,1.0,0.15625,1.0,0.3125,1.0,0.3125,1.0,1.0,0.3125,1.0,0.46875,1.0,0.46875,1.0,1.0,0.46875,1.0,0.625,1.0,0.625,1.0,1.0,0.625,1.0,0.78125,1.0,0.78125,1.0,1.0,0.78125,1.0,0.9375,1.0,0.9375,1.0,1.0,0.9375,0.8857142857142857,0.96875,0.9142857142857143,1.0,1.0,1.0,0.9668560606060606,0.775,0.96875,0.8,1.0,1.0,1.0,0.9668560606060606,0.6888888888888889,0.96875,0.7111111111111111,1.0,1.0,1.0,0.9668560606060606,0.62,0.96875,0.64,1.0,1.0,1.0,0.9668560606060606,kalm_instruct_v2_5-dj_adpt,6,webtable-cl_optim-v=12-distilroberta-dj_adpt~qwen3_8b-dj_adpt
fifa_ranking.pq::country_full,1.0,0.03333333333333333,1.0,0.03333333333333333,1.0,1.0,0.03333333333333333,1.0,0.16666666666666666,1.0,0.16666666666666666,1.0,1.0,0.16666666666666666,1.0,0.3333333333333333,1.0,0.3333333333333333,1.0,1.0,0.3333333333333333,1.0,0.5,1.0,0.5,1.0,1.0,0.5,0.95,0.6333333333333333,1.0,0.6666666666666666,1.0,1.0,0.6316666666666666,0.84,0.7,1.0,0.8333333333333334,1.0,1.0,0.6874444444444445,0.7,0.7,1.0,1.0,1.0,1.0,0.6874444444444445,0.6857142857142857,0.8,0.8571428571428571,1.0,1.0,1.0,0.7571228461081403,0.65,0.8666666666666667,0.75,1.0,1.0,1.0,0.8036944176797117,0.5777777777777777,0.8666666666666667,0.6666666666666666,1.0,1.0,1.0,0.8036944176797117,0.52,0.8666666666666667,0.6,1.0,1.0,1.0,0.8036944176797117,kalm_instruct_v2_5-dj_adpt,6,webtable-cl_optim-v=12-distilroberta-dj_adpt~qwen3_8b-dj_adpt
countries_of_the_world.pq::Country,1.0,0.03333333333333333,1.0,0.03333333333333333,1.0,1.0,0.03333333333333333,1.0,0.16666666666666666,1.0,0.16666666666666666,1.0,1.0,0.16666666666666666,1.0,0.3333333333333333,1.0,0.3333333333333333,1.0,1.0,0.3333333333333333,0.8666666666666667,0.43333333333333335,1.0,0.5,1.0,1.0,0.4256105006105006,0.75,0.5,1.0,0.6666666666666666,1.0,1.0,0.4797771672771673,0.68,0.5666666666666667,1.0,0.8333333333333334,1.0,1.0,0.5276307026307027,0.6333333333333333,0.6333333333333333,1.0,1.0,1.0,1.0,0.5741644158310826,0.5714285714285714,0.6666666666666666,0.8571428571428571,1.0,1.0,1.0,0.5956697921751686,0.55,0.7333333333333333,0.75,1.0,1.0,1.0,0.6338869567081226,0.5111111111111111,0.7666666666666667,0.6666666666666666,1.0,1.0,1.0,0.6521409249620908,0.5,0.8333333333333334,0.6,1.0,1.0,1.0,0.6861690042789239,kalm_instruct_v2_5-dj_adpt,6,webtable-cl_optim-v=12-distilroberta-dj_adpt~qwen3_8b-dj_adpt
pte_ketone.pq::Arg0,1.0,0.03125,1.0,0.03125,1.0,1.0,0.03125,1.0,0.15625,1.0,0.15625,1.0,1.0,0.15625,1.0,0.3125,1.0,0.3125,1.0,1.0,0.3125,1.0,0.46875,1.0,0.46875,1.0,1.0,0.46875,1.0,0.625,1.0,0.625,1.0,1.0,0.625,1.0,0.78125,1.0,0.78125,1.0,1.0,0.78125,0.8666666666666667,0.8125,1.0,0.9375,1.0,1.0,0.8125,0.7428571428571429,0.8125,0.9142857142857143,1.0,1.0,1.0,0.8125,0.65,0.8125,0.8,1.0,1.0,1.0,0.8125,0.5777777777777777,0.8125,0.7111111111111111,1.0,1.0,1.0,0.8125,0.54,0.84375,0.64,1.0,1.0,1.0,0.8304521276595744,kalm_instruct_v2_5-dj_adpt,6,webtable-cl_optim-v=12-distilroberta-dj_adpt~qwen3_8b-dj_adpt
who_suicide_statistics.pq::country,1.0,0.03333333333333333,1.0,0.03333333333333333,1.0,1.0,0.03333333333333333,1.0,0.16666666666666666,1.0,0.16666666666666666,1.0,1.0,0.16666666666666666,1.0,0.3333333333333333,1.0,0.3333333333333333,1.0,1.0,0.3333333333333333,0.9333333333333333,0.4666666666666667,1.0,0.5,1.0,1.0,0.46444444444444444,0.95,0.6333333333333333,1.0,0.6666666666666666,1.0,1.0,0.6217940889806215,0.92,0.7666666666666667,1.0,0.8333333333333334,1.0,1.0,0.7479090271825162,0.8666666666666667,0.8666666666666667,1.0,1.0,1.0,1.0,0.8404948364349921,0.7428571428571429,0.8666666666666667,0.8571428571428571,1.0,1.0,1.0,0.8404948364349921,0.65,0.8666666666666667,0.75,1.0,1.0,1.0,0.8404948364349921,0.5777777777777777,0.8666666666666667,0.6666666666666666,1.0,1.0,1.0,0.8404948364349921,0.52,0.8666666666666667,0.6,1.0,1.0,1.0,0.8404948364349921,kalm_instruct_v2_5-dj_adpt,6,webtable-cl_optim-v=12-distilroberta-dj_adpt~qwen3_8b-dj_adpt
UKDebate.pq::country,1.0,0.03333333333333333,1.0,0.03333333333333333,1.0,1.0,0.03333333333333333,0.2,0.03333333333333333,1.0,0.16666666666666666,1.0,1.0,0.03333333333333333,0.3,0.1,1.0,0.3333333333333333,1.0,1.0,0.05694444444444444,0.26666666666666666,0.13333333333333333,1.0,0.5,1.0,1.0,0.06646825396825397,0.4,0.26666666666666666,1.0,0.6666666666666666,1.0,1.0,0.11494592281356987,0.36,0.3,1.0,0.8333333333333334,1.0,1.0,0.1285822864499335,0.3333333333333333,0.3333333333333333,1.0,1.0,1.0,1.0,0.14007653932349673,0.3142857142857143,0.36666666666666664,0.8571428571428571,1.0,1.0,1.0,0.15086085304898691,0.275,0.36666666666666664,0.75,1.0,1.0,1.0,0.15086085304898691,0.28888888888888886,0.43333333333333335,0.6666666666666666,1.0,1.0,1.0,0.17001166347886712,0.28,0.4666666666666667,0.6,1.0,1.0,1.0,0.180156591015099,kalm_instruct_v2_5-dj_adpt,6,webtable-cl_optim-v=12-distilroberta-dj_adpt~qwen3_8b-dj_adpt
World_countries_env_vars.pq::Country,1.0,0.03333333333333333,1.0,0.03333333333333333,1.0,1.0,0.03333333333333333,1.0,0.16666666666666666,1.0,0.16666666666666666,1.0,1.0,0.16666666666666666,1.0,0.3333333333333333,1.0,0.3333333333333333,1.0,1.0,0.3333333333333333,1.0,0.5,1.0,0.5,1.0,1.0,0.5,0.85,0.5666666666666667,1.0,0.6666666666666666,1.0,1.0,0.5594541910331384,0.76,0.6333333333333333,1.0,0.8333333333333334,1.0,1.0,0.6119300364437664,0.6666666666666666,0.6666666666666666,1.0,1.0,1.0,1.0,0.6341522586659887,0.6,0.7,0.8571428571428571,1.0,1.0,1.0,0.656732903827279,0.55,0.7333333333333333,0.75,1.0,1.0,1.0,0.676031149441314,0.4888888888888889,0.7333333333333333,0.6666666666666666,1.0,1.0,1.0,0.676031149441314,0.44,0.7333333333333333,0.6,1.0,1.0,1.0,0.676031149441314,kalm_instruct_v2_5-dj_adpt,6,webtable-cl_optim-v=12-distilroberta-dj_adpt~qwen3_8b-dj_adpt
USA_cars_datasets.pq::country,0.0,0.0,1.0,0.03333333333333333,0.0,0.0,0.0,0.2,0.03333333333333333,1.0,0.16666666666666666,1.0,0.5,0.016666666666666666,0.1,0.03333333333333333,1.0,0.3333333333333333,1.0,0.5,0.016666666666666666,0.06666666666666667,0.03333333333333333,1.0,0.5,1.0,0.5,0.016666666666666666,0.05,0.03333333333333333,1.0,0.6666666666666666,1.0,0.5,0.016666666666666666,0.04,0.03333333333333333,1.0,0.8333333333333334,1.0,0.5,0.016666666666666666,0.03333333333333333,0.03333333333333333,1.0,1.0,1.0,0.5,0.016666666666666666,0.02857142857142857,0.03333333333333333,0.8571428571428571,1.0,1.0,0.5,0.016666666666666666,0.025,0.03333333333333333,0.75,1.0,1.0,0.5,0.016666666666666666,0.022222222222222223,0.03333333333333333,0.6666666666666666,1.0,1.0,0.5,0.016666666666666666,0.02,0.03333333333333333,0.6,1.0,1.0,0.5,0.016666666666666666,kalm_instruct_v2_5-dj_adpt,6,webtable-cl_optim-v=12-distilroberta-dj_adpt~qwen3_8b-dj_adpt
netflix_titles.pq::country,1.0,0.03333333333333333,1.0,0.03333333333333333,1.0,1.0,0.03333333333333333,1.0,0.16666666666666666,1.0,0.16666666666666666,1.0,1.0,0.16666666666666666,1.0,0.3333333333333333,1.0,0.3333333333333333,1.0,1.0,0.3333333333333333,0.8666666666666667,0.43333333333333335,1.0,0.5,1.0,1.0,0.430952380952381,0.85,0.5666666666666667,1.0,0.6666666666666666,1.0,1.0,0.5443003341687552,0.72,0.6,1.0,0.8333333333333334,1.0,1.0,0.5693003341687553,0.7,0.7,1.0,1.0,1.0,1.0,0.6408021656705868,0.6285714285714286,0.7333333333333333,0.8571428571428571,1.0,1.0,1.0,0.6637188323372534,0.55,0.7333333333333333,0.75,1.0,1.0,1.0,0.6637188323372534,0.5111111111111111,0.7666666666666667,0.6666666666666666,1.0,1.0,1.0,0.6815482897015944,0.48,0.8,0.6,1.0,1.0,1.0,0.6985695662973391,kalm_instruct_v2_5-dj_adpt,6,webtable-cl_optim-v=12-distilroberta-dj_adpt~qwen3_8b-dj_adpt
pte_ames.pq::Arg0,1.0,0.03125,1.0,0.03125,1.0,1.0,0.03125,1.0,0.15625,1.0,0.15625,1.0,1.0,0.15625,1.0,0.3125,1.0,0.3125,1.0,1.0,0.3125,0.9333333333333333,0.4375,1.0,0.46875,1.0,1.0,0.4375,0.75,0.46875,1.0,0.625,1.0,1.0,0.4621710526315789,0.68,0.53125,1.0,0.78125,1.0,1.0,0.5079961514458082,0.5666666666666667,0.53125,1.0,0.9375,1.0,1.0,0.5079961514458082,0.5428571428571428,0.59375,0.9142857142857143,1.0,1.0,1.0,0.5420058917055485,0.5,0.625,0.8,1.0,1.0,1.0,0.5588977835974404,0.4888888888888889,0.6875,0.7111111111111111,1.0,1.0,1.0,0.5898005613752181,0.48,0.75,0.64,1.0,1.0,1.0,0.620080642157531,kalm_instruct_v2_5-dj_adpt,6,webtable-cl_optim-v=12-distilroberta-dj_adpt~qwen3_8b-dj_adpt
movie_metadata.pq::country,1.0,0.03333333333333333,1.0,0.03333333333333333,1.0,1.0,0.03333333333333333,1.0,0.16666666666666666,1.0,0.16666666666666666,1.0,1.0,0.16666666666666666,0.8,0.26666666666666666,1.0,0.3333333333333333,1.0,1.0,0.25403439153439156,0.8666666666666667,0.43333333333333335,1.0,0.5,1.0,1.0,0.3947503422503422,0.75,0.5,1.0,0.6666666666666666,1.0,1.0,0.44997910042027683,0.76,0.6333333333333333,1.0,0.8333333333333334,1.0,1.0,0.5525537914297505,0.6333333333333333,0.6333333333333333,1.0,1.0,1.0,1.0,0.5525537914297505,0.5714285714285714,0.6666666666666666,0.8571428571428571,1.0,1.0,1.0,0.5740591677738365,0.575,0.7666666666666667,0.75,1.0,1.0,1.0,0.6324900987047675,0.5555555555555556,0.8333333333333334,0.6666666666666666,1.0,1.0,1.0,0.6713821387879589,0.52,0.8666666666666667,0.6,1.0,1.0,1.0,0.689069213617891,kalm_instruct_v2_5-dj_adpt,6,webtable-cl_optim-v=12-distilroberta-dj_adpt~qwen3_8b-dj_adpt
world_country.pq::LocalName,1.0,0.034482758620689655,1.0,0.034482758620689655,1.0,1.0,0.034482758620689655,0.6,0.10344827586206896,1.0,0.1724137931034483,1.0,1.0,0.07816091954022988,0.7,0.2413793103448276,1.0,0.3448275862068966,1.0,1.0,0.17846195949644225,0.5333333333333333,0.27586206896551724,1.0,0.5172413793103449,1.0,1.0,0.20354032940239836,0.5,0.3448275862068966,1.0,0.6896551724137931,1.0,1.0,0.2410857014532151,0.44,0.3793103448275862,1.0,0.8620689655172413,1.0,1.0,0.2575774555761536,0.43333333333333335,0.4482758620689655,0.9666666666666667,1.0,1.0,1.0,0.28950242715629754,0.37142857142857144,0.4482758620689655,0.8285714285714286,1.0,1.0,1.0,0.28950242715629754,0.35,0.4827586206896552,0.725,1.0,1.0,1.0,0.3018808533278272,0.35555555555555557,0.5517241379310345,0.6444444444444445,1.0,1.0,1.0,0.32645666066225526,0.32,0.5517241379310345,0.58,1.0,1.0,1.0,0.32645666066225526,kalm_instruct_v2_5-dj_adpt,6,webtable-cl_optim-v=12-distilroberta-dj_adpt~qwen3_8b-dj_adpt
countries_metadatacountries.pq::CountryName,1.0,0.03333333333333333,1.0,0.03333333333333333,1.0,1.0,0.03333333333333333,1.0,0.16666666666666666,1.0,0.16666666666666666,1.0,1.0,0.16666666666666666,1.0,0.3333333333333333,1.0,0.3333333333333333,1.0,1.0,0.3333333333333333,0.8,0.4,1.0,0.5,1.0,1.0,0.39743589743589747,0.65,0.43333333333333335,1.0,0.6666666666666666,1.0,1.0,0.42451923076923076,0.56,0.4666666666666667,1.0,0.8333333333333334,1.0,1.0,0.445731351981352,0.5333333333333333,0.5333333333333333,1.0,1.0,1.0,1.0,0.48471520763187426,0.45714285714285713,0.5333333333333333,0.8571428571428571,1.0,1.0,1.0,0.48471520763187426,0.4,0.5333333333333333,0.75,1.0,1.0,1.0,0.48471520763187426,0.35555555555555557,0.5333333333333333,0.6666666666666666,1.0,1.0,1.0,0.48471520763187426,0.32,0.5333333333333333,0.6,1.0,1.0,1.0,0.48471520763187426,kalm_instruct_v2_5-dj_adpt,6,webtable-cl_optim-v=12-distilroberta-dj_adpt~qwen3_8b-dj_adpt
pte_postestactive_neg.pq::Arg0,1.0,0.03125,1.0,0.03125,1.0,1.0,0.03125,1.0,0.15625,1.0,0.15625,1.0,1.0,0.15625,1.0,0.3125,1.0,0.3125,1.0,1.0,0.3125,1.0,0.46875,1.0,0.46875,1.0,1.0,0.46875,0.95,0.59375,1.0,0.625,1.0,1.0,0.59375,0.96,0.75,1.0,0.78125,1.0,1.0,0.743180671230943,0.9333333333333333,0.875,1.0,0.9375,1.0,1.0,0.8626219359847077,0.8285714285714286,0.90625,0.9142857142857143,1.0,1.0,1.0,0.8918558069524497,0.75,0.9375,0.8,1.0,1.0,1.0,0.9178974736191163,0.6666666666666666,0.9375,0.7111111111111111,1.0,1.0,1.0,0.9178974736191163,0.6,0.9375,0.64,1.0,1.0,1.0,0.9178974736191163,kalm_instruct_v2_5-dj_adpt,6,webtable-cl_optim-v=12-distilroberta-dj_adpt~qwen3_8b-dj_adpt
pte_alkyl_halide.pq::Arg0,1.0,0.03125,1.0,0.03125,1.0,1.0,0.03125,1.0,0.15625,1.0,0.15625,1.0,1.0,0.15625,1.0,0.3125,1.0,0.3125,1.0,1.0,0.3125,1.0,0.46875,1.0,0.46875,1.0,1.0,0.46875,1.0,0.625,1.0,0.625,1.0,1.0,0.625,1.0,0.78125,1.0,0.78125,1.0,1.0,0.78125,0.9,0.84375,1.0,0.9375,1.0,1.0,0.8415948275862069,0.8285714285714286,0.90625,0.9142857142857143,1.0,1.0,1.0,0.8957134911806769,0.725,0.90625,0.8,1.0,1.0,1.0,0.8957134911806769,0.6444444444444445,0.90625,0.7111111111111111,1.0,1.0,1.0,0.8957134911806769,0.58,0.90625,0.64,1.0,1.0,1.0,0.8957134911806769,kalm_instruct_v2_5-dj_adpt,6,webtable-cl_optim-v=12-distilroberta-dj_adpt~qwen3_8b-dj_adpt
pte_testactive.pq::Arg0,1.0,0.03125,1.0,0.03125,1.0,1.0,0.03125,1.0,0.15625,1.0,0.15625,1.0,1.0,0.15625,1.0,0.3125,1.0,0.3125,1.0,1.0,0.3125,1.0,0.46875,1.0,0.46875,1.0,1.0,0.46875,1.0,0.625,1.0,0.625,1.0,1.0,0.625,0.96,0.75,1.0,0.78125,1.0,1.0,0.7460892210144927,0.9333333333333333,0.875,1.0,0.9375,1.0,1.0,0.8665362328946943,0.8285714285714286,0.90625,0.9142857142857143,1.0,1.0,1.0,0.8957701038624363,0.75,0.9375,0.8,1.0,1.0,1.0,0.9204411564940151,0.6666666666666666,0.9375,0.7111111111111111,1.0,1.0,1.0,0.9204411564940151,0.6,0.9375,0.64,1.0,1.0,1.0,0.9204411564940151,kalm_instruct_v2_5-dj_adpt,6,webtable-cl_optim-v=12-distilroberta-dj_adpt~qwen3_8b-dj_adpt
hfi_cc_2018.pq::countries,1.0,0.03333333333333333,1.0,0.03333333333333333,1.0,1.0,0.03333333333333333,1.0,0.16666666666666666,1.0,0.16666666666666666,1.0,1.0,0.16666666666666666,1.0,0.3333333333333333,1.0,0.3333333333333333,1.0,1.0,0.3333333333333333,0.9333333333333333,0.4666666666666667,1.0,0.5,1.0,1.0,0.4666666666666667,0.9,0.6,1.0,0.6666666666666666,1.0,1.0,0.5891137770897833,0.8,0.6666666666666666,1.0,0.8333333333333334,1.0,1.0,0.6459391739151801,0.7333333333333333,0.7333333333333333,1.0,1.0,1.0,1.0,0.6980555760315822,0.6285714285714286,0.7333333333333333,0.8571428571428571,1.0,1.0,1.0,0.6980555760315822,0.6,0.8,0.75,1.0,1.0,1.0,0.739864692840699,0.5777777777777777,0.8666666666666667,0.6666666666666666,1.0,1.0,1.0,0.7794491553519908,0.52,0.8666666666666667,0.6,1.0,1.0,1.0,0.7794491553519908,kalm_instruct_v2_5-dj_adpt,6,webtable-cl_optim-v=12-distilroberta-dj_adpt~qwen3_8b-dj_adpt
wikipedia-iso-country-codes.pq::English_short_name_lower_case,1.0,0.03333333333333333,1.0,0.03333333333333333,1.0,1.0,0.03333333333333333,1.0,0.16666666666666666,1.0,0.16666666666666666,1.0,1.0,0.16666666666666666,0.8,0.26666666666666666,1.0,0.3333333333333333,1.0,1.0,0.26296296296296295,0.7333333333333333,0.36666666666666664,1.0,0.5,1.0,1.0,0.34245791245791246,0.55,0.36666666666666664,1.0,0.6666666666666666,1.0,1.0,0.34245791245791246,0.48,0.4,1.0,0.8333333333333334,1.0,1.0,0.3591245791245791,0.5,0.5,1.0,1.0,1.0,1.0,0.4097418630751964,0.45714285714285713,0.5333333333333333,0.8571428571428571,1.0,1.0,1.0,0.4259034792368126,0.425,0.5666666666666667,0.75,1.0,1.0,1.0,0.4400701459034792,0.37777777777777777,0.5666666666666667,0.6666666666666666,1.0,1.0,1.0,0.4400701459034792,0.34,0.5666666666666667,0.6,1.0,1.0,1.0,0.4400701459034792,kalm_instruct_v2_5-dj_adpt,6,webtable-cl_optim-v=12-distilroberta-dj_adpt~qwen3_8b-dj_adpt
affirmative_asylum.pq::ContinentCountryofNationality,1.0,0.03125,1.0,0.03125,1.0,1.0,0.03125,1.0,0.15625,1.0,0.15625,1.0,1.0,0.15625,0.6,0.1875,1.0,0.3125,1.0,1.0,0.18303571428571427,0.5333333333333333,0.25,1.0,0.46875,1.0,1.0,0.21793154761904762,0.5,0.3125,1.0,0.625,1.0,1.0,0.2538920255602241,0.56,0.4375,1.0,0.78125,1.0,1.0,0.32024845671964436,0.5666666666666667,0.53125,1.0,0.9375,1.0,1.0,0.3732270155171687,0.5428571428571428,0.59375,0.9142857142857143,1.0,1.0,1.0,0.4088354121016089,0.55,0.6875,0.8,1.0,1.0,1.0,0.46156121482741164,0.4888888888888889,0.6875,0.7111111111111111,1.0,1.0,1.0,0.46156121482741164,0.48,0.75,0.64,1.0,1.0,1.0,0.491853768018901,kalm_instruct_v2_5-dj_adpt,6,webtable-cl_optim-v=12-distilroberta-dj_adpt~qwen3_8b-dj_adpt
countries_and_continents.pq::name,1.0,0.037037037037037035,1.0,0.037037037037037035,1.0,1.0,0.037037037037037035,1.0,0.18518518518518517,1.0,0.18518518518518517,1.0,1.0,0.18518518518518517,0.8,0.2962962962962963,1.0,0.37037037037037035,1.0,1.0,0.2713991769547325,0.8,0.4444444444444444,1.0,0.5555555555555556,1.0,1.0,0.3912965635187857,0.65,0.48148148148148145,1.0,0.7407407407407407,1.0,1.0,0.4196190036059317,0.6,0.5555555555555556,1.0,0.9259259259259259,1.0,1.0,0.46438550924200256,0.6,0.6666666666666666,0.9,1.0,1.0,1.0,0.5294831191671987,0.5714285714285714,0.7407407407407407,0.7714285714285715,1.0,1.0,1.0,0.5739205490212952,0.5,0.7407407407407407,0.675,1.0,1.0,1.0,0.5739205490212952,0.4444444444444444,0.7407407407407407,0.6,1.0,1.0,1.0,0.5739205490212952,0.42,0.7777777777777778,0.54,1.0,1.0,1.0,0.5894761045768507,kalm_instruct_v2_5-dj_adpt,6,webtable-cl_optim-v=12-distilroberta-dj_adpt~qwen3_8b-dj_adpt
pte_postestactive.pq::Arg0,1.0,0.03125,1.0,0.03125,1.0,1.0,0.03125,1.0,0.15625,1.0,0.15625,1.0,1.0,0.15625,1.0,0.3125,1.0,0.3125,1.0,1.0,0.3125,1.0,0.46875,1.0,0.46875,1.0,1.0,0.46875,1.0,0.625,1.0,0.625,1.0,1.0,0.625,1.0,0.78125,1.0,0.78125,1.0,1.0,0.78125,1.0,0.9375,1.0,0.9375,1.0,1.0,0.9375,0.8571428571428571,0.9375,0.9142857142857143,1.0,1.0,1.0,0.9375,0.75,0.9375,0.8,1.0,1.0,1.0,0.9375,0.6666666666666666,0.9375,0.7111111111111111,1.0,1.0,1.0,0.9375,0.6,0.9375,0.64,1.0,1.0,1.0,0.9375,kalm_instruct_v2_5-dj_adpt,6,webtable-cl_optim-v=12-distilroberta-dj_adpt~qwen3_8b-dj_adpt
pte_five_ring.pq::Arg0,1.0,0.03125,1.0,0.03125,1.0,1.0,0.03125,1.0,0.15625,1.0,0.15625,1.0,1.0,0.15625,1.0,0.3125,1.0,0.3125,1.0,1.0,0.3125,1.0,0.46875,1.0,0.46875,1.0,1.0,0.46875,1.0,0.625,1.0,0.625,1.0,1.0,0.625,1.0,0.78125,1.0,0.78125,1.0,1.0,0.78125,0.9666666666666667,0.90625,1.0,0.9375,1.0,1.0,0.90625,0.8285714285714286,0.90625,0.9142857142857143,1.0,1.0,1.0,0.90625,0.75,0.9375,0.8,1.0,1.0,1.0,0.9296875,0.6666666666666666,0.9375,0.7111111111111111,1.0,1.0,1.0,0.9296875,0.6,0.9375,0.64,1.0,1.0,1.0,0.9296875,kalm_instruct_v2_5-dj_adpt,6,webtable-cl_optim-v=12-distilroberta-dj_adpt~qwen3_8b-dj_adpt
MoviesOnStreamingPlatforms_updated.pq::Country,1.0,0.03333333333333333,1.0,0.03333333333333333,1.0,1.0,0.03333333333333333,1.0,0.16666666666666666,1.0,0.16666666666666666,1.0,1.0,0.16666666666666666,1.0,0.3333333333333333,1.0,0.3333333333333333,1.0,1.0,0.3333333333333333,0.8666666666666667,0.43333333333333335,1.0,0.5,1.0,1.0,0.42354700854700855,0.8,0.5333333333333333,1.0,0.6666666666666666,1.0,1.0,0.5068459421555397,0.76,0.6333333333333333,1.0,0.8333333333333334,1.0,1.0,0.5818169566482932,0.7,0.7,1.0,1.0,1.0,1.0,0.6333839082152449,0.6571428571428571,0.7666666666666667,0.8571428571428571,1.0,1.0,1.0,0.6768572975709871,0.6,0.8,0.75,1.0,1.0,1.0,0.6968572975709872,0.5555555555555556,0.8333333333333334,0.6666666666666666,1.0,1.0,1.0,0.7162371425322275,0.5,0.8333333333333334,0.6,1.0,1.0,1.0,0.7162371425322275,kalm_instruct_v2_5-dj_adpt,6,webtable-cl_optim-v=12-distilroberta-dj_adpt~qwen3_8b-dj_adpt
pte_amine.pq::Arg0,1.0,0.03125,1.0,0.03125,1.0,1.0,0.03125,1.0,0.15625,1.0,0.15625,1.0,1.0,0.15625,1.0,0.3125,1.0,0.3125,1.0,1.0,0.3125,1.0,0.46875,1.0,0.46875,1.0,1.0,0.46875,0.8,0.5,1.0,0.625,1.0,1.0,0.49375,0.76,0.59375,1.0,0.78125,1.0,1.0,0.566235119047619,0.6666666666666666,0.625,1.0,0.9375,1.0,1.0,0.5893832671957672,0.6,0.65625,0.9142857142857143,1.0,1.0,1.0,0.6086847377840024,0.6,0.75,0.8,1.0,1.0,1.0,0.6659272029212044,0.5555555555555556,0.78125,0.7111111111111111,1.0,1.0,1.0,0.6845283933973949,0.52,0.8125,0.64,1.0,1.0,1.0,0.7021914368756558,kalm_instruct_v2_5-dj_adpt,6,webtable-cl_optim-v=12-distilroberta-dj_adpt~qwen3_8b-dj_adpt
AdventureWorks2014_salesTerritory.pq::Name,0.0,0.0,1.0,0.03333333333333333,0.0,0.0,0.0,0.4,0.06666666666666667,1.0,0.16666666666666666,1.0,0.5,0.03333333333333333,0.5,0.16666666666666666,1.0,0.3333333333333333,1.0,0.5,0.08280423280423281,0.3333333333333333,0.16666666666666666,1.0,0.5,1.0,0.5,0.08280423280423281,0.35,0.23333333333333334,1.0,0.6666666666666666,1.0,0.5,0.10499721526037314,0.36,0.3,1.0,0.8333333333333334,1.0,0.5,0.12961842738158527,0.36666666666666664,0.36666666666666664,1.0,1.0,1.0,0.5,0.15374541150856938,0.3142857142857143,0.36666666666666664,0.8571428571428571,1.0,1.0,0.5,0.15374541150856938,0.3,0.4,0.75,1.0,1.0,0.5,0.16427172729804307,0.26666666666666666,0.4,0.6666666666666666,1.0,1.0,0.5,0.16427172729804307,0.26,0.43333333333333335,0.6,1.0,1.0,0.5,0.17329950507582087,kalm_instruct_v2_5-dj_adpt,6,webtable-cl_optim-v=12-distilroberta-dj_adpt~qwen3_8b-dj_adpt
whr2015.pq::Country,1.0,0.03333333333333333,1.0,0.03333333333333333,1.0,1.0,0.03333333333333333,1.0,0.16666666666666666,1.0,0.16666666666666666,1.0,1.0,0.16666666666666666,1.0,0.3333333333333333,1.0,0.3333333333333333,1.0,1.0,0.3333333333333333,0.8666666666666667,0.43333333333333335,1.0,0.5,1.0,1.0,0.43333333333333335,0.85,0.5666666666666667,1.0,0.6666666666666666,1.0,1.0,0.5483152734778122,0.76,0.6333333333333333,1.0,0.8333333333333334,1.0,1.0,0.5997355633328847,0.7333333333333333,0.7333333333333333,1.0,1.0,1.0,1.0,0.6739589644528375,0.6285714285714286,0.7333333333333333,0.8571428571428571,1.0,1.0,1.0,0.6739589644528375,0.65,0.8666666666666667,0.75,1.0,1.0,1.0,0.7610289291543811,0.5777777777777777,0.8666666666666667,0.6666666666666666,1.0,1.0,1.0,0.7610289291543811,0.54,0.9,0.6,1.0,1.0,1.0,0.7801778653245939,kalm_instruct_v2_5-dj_adpt,6,webtable-cl_optim-v=12-distilroberta-dj_adpt~qwen3_8b-dj_adpt
countries_and_continents.pq::official_name_fr,1.0,0.037037037037037035,1.0,0.037037037037037035,1.0,1.0,0.037037037037037035,1.0,0.18518518518518517,1.0,0.18518518518518517,1.0,1.0,0.18518518518518517,0.7,0.25925925925925924,1.0,0.37037037037037035,1.0,1.0,0.25102880658436216,0.5333333333333333,0.2962962962962963,1.0,0.5555555555555556,1.0,1.0,0.27219282774838327,0.45,0.3333333333333333,1.0,0.7407407407407407,1.0,1.0,0.2918006708856382,0.4,0.37037037037037035,1.0,0.9259259259259259,1.0,1.0,0.3094373551889892,0.3333333333333333,0.37037037037037035,0.9,1.0,1.0,1.0,0.3094373551889892,0.2857142857142857,0.37037037037037035,0.7714285714285715,1.0,1.0,1.0,0.3094373551889892,0.3,0.4444444444444444,0.675,1.0,1.0,1.0,0.33099481007977744,0.26666666666666666,0.4444444444444444,0.6,1.0,1.0,1.0,0.33099481007977744,0.24,0.4444444444444444,0.54,1.0,1.0,1.0,0.33099481007977744,kalm_instruct_v2_5-dj_adpt,6,webtable-cl_optim-v=12-distilroberta-dj_adpt~qwen3_8b-dj_adpt
pte_has_property.pq::Arg0,1.0,0.03125,1.0,0.03125,1.0,1.0,0.03125,1.0,0.15625,1.0,0.15625,1.0,1.0,0.15625,1.0,0.3125,1.0,0.3125,1.0,1.0,0.3125,0.9333333333333333,0.4375,1.0,0.46875,1.0,1.0,0.4375,0.7,0.4375,1.0,0.625,1.0,1.0,0.4375,0.6,0.46875,1.0,0.78125,1.0,1.0,0.45625,0.5,0.46875,1.0,0.9375,1.0,1.0,0.45625,0.4857142857142857,0.53125,0.9142857142857143,1.0,1.0,1.0,0.4880040322580645,0.425,0.53125,0.8,1.0,1.0,1.0,0.4880040322580645,0.4444444444444444,0.625,0.7111111111111111,1.0,1.0,1.0,0.5297362294426157,0.42,0.65625,0.64,1.0,1.0,1.0,0.5431290865854728,kalm_instruct_v2_5-dj_adpt,6,webtable-cl_optim-v=12-distilroberta-dj_adpt~qwen3_8b-dj_adpt
cwurData.pq::country,1.0,0.03333333333333333,1.0,0.03333333333333333,1.0,1.0,0.03333333333333333,0.6,0.1,1.0,0.16666666666666666,1.0,1.0,0.1,0.8,0.26666666666666666,1.0,0.3333333333333333,1.0,1.0,0.22362433862433864,0.6666666666666666,0.3333333333333333,1.0,0.5,1.0,1.0,0.2786748436748437,0.55,0.36666666666666664,1.0,0.6666666666666666,1.0,1.0,0.3015915103415104,0.56,0.4666666666666667,1.0,0.8333333333333334,1.0,1.0,0.358146375765941,0.4666666666666667,0.4666666666666667,1.0,1.0,1.0,1.0,0.358146375765941,0.4,0.4666666666666667,0.8571428571428571,1.0,1.0,1.0,0.358146375765941,0.375,0.5,0.75,1.0,1.0,1.0,0.37096688858645377,0.3333333333333333,0.5,0.6666666666666666,1.0,1.0,1.0,0.37096688858645377,0.32,0.5333333333333333,0.6,1.0,1.0,1.0,0.3820779996975649,qwen3_06b-dj_adpt,7,webtable-cl_optim-v=12-distilroberta-dj_adpt~qwen3_8b-dj_adpt
countries_and_continents.pq::ISO4217-currency_country_name,1.0,0.037037037037037035,1.0,0.037037037037037035,1.0,1.0,0.037037037037037035,0.8,0.14814814814814814,1.0,0.18518518518518517,1.0,1.0,0.13148148148148148,0.8,0.2962962962962963,1.0,0.37037037037037035,1.0,1.0,0.25612874779541445,0.6,0.3333333333333333,1.0,0.5555555555555556,1.0,1.0,0.2799382716049383,0.5,0.37037037037037035,1.0,0.7407407407407407,1.0,1.0,0.3005144032921811,0.4,0.37037037037037035,1.0,0.9259259259259259,1.0,1.0,0.3005144032921811,0.4,0.4444444444444444,0.9,1.0,1.0,1.0,0.33092923702757676,0.37142857142857144,0.48148148148148145,0.7714285714285715,1.0,1.0,1.0,0.3450904570711497,0.375,0.5555555555555556,0.675,1.0,1.0,1.0,0.37334948533017803,0.3333333333333333,0.5555555555555556,0.6,1.0,1.0,1.0,0.37334948533017803,0.32,0.5925925925925926,0.54,1.0,1.0,1.0,0.3859578383640629,qwen3_06b-dj_adpt,7,webtable-cl_optim-v=12-distilroberta-dj_adpt~qwen3_8b-dj_adpt
pte_imine.pq::Arg0,1.0,0.03125,1.0,0.03125,1.0,1.0,0.03125,1.0,0.15625,1.0,0.15625,1.0,1.0,0.15625,1.0,0.3125,1.0,0.3125,1.0,1.0,0.3125,0.9333333333333333,0.4375,1.0,0.46875,1.0,1.0,0.428176510989011,0.95,0.59375,1.0,0.625,1.0,1.0,0.575691802741677,0.96,0.75,1.0,0.78125,1.0,1.0,0.72512247397262,0.9333333333333333,0.875,1.0,0.9375,1.0,1.0,0.8445637387263847,0.8857142857142857,0.96875,0.9142857142857143,1.0,1.0,1.0,0.9324505453001872,0.775,0.96875,0.8,1.0,1.0,1.0,0.9324505453001872,0.6888888888888889,0.96875,0.7111111111111111,1.0,1.0,1.0,0.9324505453001872,0.62,0.96875,0.64,1.0,1.0,1.0,0.9324505453001872,qwen3_06b-dj_adpt,7,webtable-cl_optim-v=12-distilroberta-dj_adpt~qwen3_8b-dj_adpt
countries_and_continents.pq::official_name_en,1.0,0.037037037037037035,1.0,0.037037037037037035,1.0,1.0,0.037037037037037035,0.6,0.1111111111111111,1.0,0.18518518518518517,1.0,1.0,0.1111111111111111,0.6,0.2222222222222222,1.0,0.37037037037037035,1.0,1.0,0.1900352733686067,0.5333333333333333,0.2962962962962963,1.0,0.5555555555555556,1.0,1.0,0.23335738335738335,0.5,0.37037037037037035,1.0,0.7407407407407407,1.0,1.0,0.2727092352092352,0.44,0.4074074074074074,1.0,0.9259259259259259,1.0,1.0,0.29210958794292124,0.4,0.4444444444444444,0.9,1.0,1.0,1.0,0.30692440275773614,0.34285714285714286,0.4444444444444444,0.7714285714285715,1.0,1.0,1.0,0.30692440275773614,0.3,0.4444444444444444,0.675,1.0,1.0,1.0,0.30692440275773614,0.26666666666666666,0.4444444444444444,0.6,1.0,1.0,1.0,0.30692440275773614,0.28,0.5185185185185185,0.54,1.0,1.0,1.0,0.3284237003902437,qwen3_06b-dj_adpt,7,webtable-cl_optim-v=12-distilroberta-dj_adpt~qwen3_8b-dj_adpt
world_country.pq::Name,1.0,0.034482758620689655,1.0,0.034482758620689655,1.0,1.0,0.034482758620689655,0.8,0.13793103448275862,1.0,0.1724137931034483,1.0,1.0,0.13103448275862067,0.8,0.27586206896551724,1.0,0.3448275862068966,1.0,1.0,0.23593322386425833,0.7333333333333333,0.3793103448275862,1.0,0.5172413793103449,1.0,1.0,0.31541408782788094,0.6,0.41379310344827586,1.0,0.6896551724137931,1.0,1.0,0.3384025935750074,0.48,0.41379310344827586,1.0,0.8620689655172413,1.0,1.0,0.3384025935750074,0.4666666666666667,0.4827586206896552,0.9666666666666667,1.0,1.0,1.0,0.3722467825916102,0.5142857142857142,0.6206896551724138,0.8285714285714286,1.0,1.0,1.0,0.44219279112951826,0.475,0.6551724137931034,0.725,1.0,1.0,1.0,0.4603920248459933,0.4444444444444444,0.6896551724137931,0.6444444444444445,1.0,1.0,1.0,0.4760660060372159,0.4,0.6896551724137931,0.58,1.0,1.0,1.0,0.4760660060372159,qwen3_06b-dj_adpt,7,webtable-cl_optim-v=12-distilroberta-dj_adpt~qwen3_8b-dj_adpt
pte_nitro.pq::Arg0,1.0,0.03125,1.0,0.03125,1.0,1.0,0.03125,1.0,0.15625,1.0,0.15625,1.0,1.0,0.15625,1.0,0.3125,1.0,0.3125,1.0,1.0,0.3125,1.0,0.46875,1.0,0.46875,1.0,1.0,0.46875,1.0,0.625,1.0,0.625,1.0,1.0,0.625,1.0,0.78125,1.0,0.78125,1.0,1.0,0.78125,0.9666666666666667,0.90625,1.0,0.9375,1.0,1.0,0.9041307471264368,0.8571428571428571,0.9375,0.9142857142857143,1.0,1.0,1.0,0.9325398380355276,0.75,0.9375,0.8,1.0,1.0,1.0,0.9325398380355276,0.6666666666666666,0.9375,0.7111111111111111,1.0,1.0,1.0,0.9325398380355276,0.6,0.9375,0.64,1.0,1.0,1.0,0.9325398380355276,qwen3_06b-dj_adpt,7,webtable-cl_optim-v=12-distilroberta-dj_adpt~qwen3_8b-dj_adpt
pte_sulfide.pq::Arg0,1.0,0.03125,1.0,0.03125,1.0,1.0,0.03125,1.0,0.15625,1.0,0.15625,1.0,1.0,0.15625,1.0,0.3125,1.0,0.3125,1.0,1.0,0.3125,1.0,0.46875,1.0,0.46875,1.0,1.0,0.46875,0.95,0.59375,1.0,0.625,1.0,1.0,0.59375,0.88,0.6875,1.0,0.78125,1.0,1.0,0.6819872835497836,0.8333333333333334,0.78125,1.0,0.9375,1.0,1.0,0.7643489472692059,0.7714285714285715,0.84375,0.9142857142857143,1.0,1.0,1.0,0.8153077540873876,0.7,0.875,0.8,1.0,1.0,1.0,0.8377436515232851,0.6222222222222222,0.875,0.7111111111111111,1.0,1.0,1.0,0.8377436515232851,0.58,0.90625,0.64,1.0,1.0,1.0,0.8570255664169022,qwen3_06b-dj_adpt,7,webtable-cl_optim-v=12-distilroberta-dj_adpt~qwen3_8b-dj_adpt
pte_non_ar_hetero_6_ring.pq::Arg0,1.0,0.03125,1.0,0.03125,1.0,1.0,0.03125,1.0,0.15625,1.0,0.15625,1.0,1.0,0.15625,1.0,0.3125,1.0,0.3125,1.0,1.0,0.3125,1.0,0.46875,1.0,0.46875,1.0,1.0,0.46875,1.0,0.625,1.0,0.625,1.0,1.0,0.625,0.96,0.75,1.0,0.78125,1.0,1.0,0.7474479166666667,0.9333333333333333,0.875,1.0,0.9375,1.0,1.0,0.8668891814204314,0.8,0.875,0.9142857142857143,1.0,1.0,1.0,0.8668891814204314,0.7,0.875,0.8,1.0,1.0,1.0,0.8668891814204314,0.6222222222222222,0.875,0.7111111111111111,1.0,1.0,1.0,0.8668891814204314,0.56,0.875,0.64,1.0,1.0,1.0,0.8668891814204314,qwen3_06b-dj_adpt,7,webtable-cl_optim-v=12-distilroberta-dj_adpt~qwen3_8b-dj_adpt
Word_University_Rank_2020.pq::Country,1.0,0.03333333333333333,1.0,0.03333333333333333,1.0,1.0,0.03333333333333333,1.0,0.16666666666666666,1.0,0.16666666666666666,1.0,1.0,0.16666666666666666,0.8,0.26666666666666666,1.0,0.3333333333333333,1.0,1.0,0.25403439153439156,0.8,0.4,1.0,0.5,1.0,1.0,0.3658614533614533,0.65,0.43333333333333335,1.0,0.6666666666666666,1.0,1.0,0.38866847090531303,0.56,0.4666666666666667,1.0,0.8333333333333334,1.0,1.0,0.41089069312753523,0.5,0.5,1.0,1.0,1.0,1.0,0.4294092116460538,0.42857142857142855,0.5,0.8571428571428571,1.0,1.0,1.0,0.4294092116460538,0.375,0.5,0.75,1.0,1.0,1.0,0.4294092116460538,0.37777777777777777,0.5666666666666667,0.6666666666666666,1.0,1.0,1.0,0.4559094052194181,0.34,0.5666666666666667,0.6,1.0,1.0,1.0,0.4559094052194181,qwen3_06b-dj_adpt,7,webtable-cl_optim-v=12-distilroberta-dj_adpt~qwen3_8b-dj_adpt
gender_development.pq::Country,1.0,0.03333333333333333,1.0,0.03333333333333333,1.0,1.0,0.03333333333333333,1.0,0.16666666666666666,1.0,0.16666666666666666,1.0,1.0,0.16666666666666666,1.0,0.3333333333333333,1.0,0.3333333333333333,1.0,1.0,0.3333333333333333,0.8666666666666667,0.43333333333333335,1.0,0.5,1.0,1.0,0.43333333333333335,0.9,0.6,1.0,0.6666666666666666,1.0,1.0,0.5813659557390207,0.84,0.7,1.0,0.8333333333333334,1.0,1.0,0.6671393417732764,0.7333333333333333,0.7333333333333333,1.0,1.0,1.0,1.0,0.6924266980951154,0.6571428571428571,0.7666666666666667,0.8571428571428571,1.0,1.0,1.0,0.7156590213274386,0.6,0.8,0.75,1.0,1.0,1.0,0.7378812435496609,0.5333333333333333,0.8,0.6666666666666666,1.0,1.0,1.0,0.7378812435496609,0.48,0.8,0.6,1.0,1.0,1.0,0.7378812435496609,qwen3_06b-dj_adpt,7,webtable-cl_optim-v=12-distilroberta-dj_adpt~qwen3_8b-dj_adpt
pte_testactive_Neg.pq::Arg0,1.0,0.03125,1.0,0.03125,1.0,1.0,0.03125,1.0,0.15625,1.0,0.15625,1.0,1.0,0.15625,1.0,0.3125,1.0,0.3125,1.0,1.0,0.3125,1.0,0.46875,1.0,0.46875,1.0,1.0,0.46875,1.0,0.625,1.0,0.625,1.0,1.0,0.625,0.96,0.75,1.0,0.78125,1.0,1.0,0.75,0.9333333333333333,0.875,1.0,0.9375,1.0,1.0,0.8694412647537647,0.8,0.875,0.9142857142857143,1.0,1.0,1.0,0.8694412647537647,0.725,0.90625,0.8,1.0,1.0,1.0,0.893934507997008,0.6444444444444445,0.90625,0.7111111111111111,1.0,1.0,1.0,0.893934507997008,0.6,0.9375,0.64,1.0,1.0,1.0,0.913465757997008,qwen3_06b-dj_adpt,7,webtable-cl_optim-v=12-distilroberta-dj_adpt~qwen3_8b-dj_adpt
edu.pq::country,1.0,0.03333333333333333,1.0,0.03333333333333333,1.0,1.0,0.03333333333333333,1.0,0.16666666666666666,1.0,0.16666666666666666,1.0,1.0,0.16666666666666666,0.8,0.26666666666666666,1.0,0.3333333333333333,1.0,1.0,0.26666666666666666,0.8,0.4,1.0,0.5,1.0,1.0,0.3745743145743146,0.65,0.43333333333333335,1.0,0.6666666666666666,1.0,1.0,0.40006451065274595,0.56,0.4666666666666667,1.0,0.8333333333333334,1.0,1.0,0.4222867328749682,0.5,0.5,1.0,1.0,1.0,1.0,0.43952811218531296,0.4857142857142857,0.5666666666666667,0.8571428571428571,1.0,1.0,1.0,0.4714048628855931,0.475,0.6333333333333333,0.75,1.0,1.0,1.0,0.503027669903137,0.4222222222222222,0.6333333333333333,0.6666666666666666,1.0,1.0,1.0,0.503027669903137,0.4,0.6666666666666666,0.6,1.0,1.0,1.0,0.5166331120800077,qwen3_06b-dj_adpt,7,webtable-cl_optim-v=12-distilroberta-dj_adpt~qwen3_8b-dj_adpt
AdventureWorks2014_CountryRegion.pq::Name,1.0,0.03333333333333333,1.0,0.03333333333333333,1.0,1.0,0.03333333333333333,1.0,0.16666666666666666,1.0,0.16666666666666666,1.0,1.0,0.16666666666666666,0.8,0.26666666666666666,1.0,0.3333333333333333,1.0,1.0,0.24425925925925926,0.7333333333333333,0.36666666666666664,1.0,0.5,1.0,1.0,0.3216174566174566,0.65,0.43333333333333335,1.0,0.6666666666666666,1.0,1.0,0.3706915306915307,0.56,0.4666666666666667,1.0,0.8333333333333334,1.0,1.0,0.39013597513597514,0.5333333333333333,0.5333333333333333,1.0,1.0,1.0,1.0,0.4277575489644455,0.5142857142857142,0.6,0.8571428571428571,1.0,1.0,1.0,0.4647871188569186,0.5,0.6666666666666666,0.75,1.0,1.0,1.0,0.49992357109863406,0.4444444444444444,0.6666666666666666,0.6666666666666666,1.0,1.0,1.0,0.49992357109863406,0.44,0.7333333333333333,0.6,1.0,1.0,1.0,0.528875952051015,qwen3_06b-dj_adpt,7,webtable-cl_optim-v=12-distilroberta-dj_adpt~qwen3_8b-dj_adpt
pte_methoxy.pq::Arg0,1.0,0.03125,1.0,0.03125,1.0,1.0,0.03125,1.0,0.15625,1.0,0.15625,1.0,1.0,0.15625,1.0,0.3125,1.0,0.3125,1.0,1.0,0.3125,1.0,0.46875,1.0,0.46875,1.0,1.0,0.46875,1.0,0.625,1.0,0.625,1.0,1.0,0.625,1.0,0.78125,1.0,0.78125,1.0,1.0,0.78125,0.9666666666666667,0.90625,1.0,0.9375,1.0,1.0,0.90625,0.8571428571428571,0.9375,0.9142857142857143,1.0,1.0,1.0,0.9346590909090909,0.775,0.96875,0.8,1.0,1.0,1.0,0.9601525119617225,0.6888888888888889,0.96875,0.7111111111111111,1.0,1.0,1.0,0.9601525119617225,0.62,0.96875,0.64,1.0,1.0,1.0,0.9601525119617225,qwen3_06b-dj_adpt,7,webtable-cl_optim-v=12-distilroberta-dj_adpt~qwen3_8b-dj_adpt
world-cities.pq::country,1.0,0.03333333333333333,1.0,0.03333333333333333,1.0,1.0,0.03333333333333333,1.0,0.16666666666666666,1.0,0.16666666666666666,1.0,1.0,0.16666666666666666,1.0,0.3333333333333333,1.0,0.3333333333333333,1.0,1.0,0.3333333333333333,0.8,0.4,1.0,0.5,1.0,1.0,0.39055555555555554,0.75,0.5,1.0,0.6666666666666666,1.0,1.0,0.4641910331384016,0.68,0.5666666666666667,1.0,0.8333333333333334,1.0,1.0,0.5142255396946472,0.6333333333333333,0.6333333333333333,1.0,1.0,1.0,1.0,0.559066809535917,0.6571428571428571,0.7666666666666667,0.8571428571428571,1.0,1.0,1.0,0.6445856534371139,0.6,0.8,0.75,1.0,1.0,1.0,0.6645856534371138,0.5333333333333333,0.8,0.6666666666666666,1.0,1.0,1.0,0.6645856534371138,0.48,0.8,0.6,1.0,1.0,1.0,0.6645856534371138,qwen3_06b-dj_adpt,7,webtable-cl_optim-v=12-distilroberta-dj_adpt~qwen3_8b-dj_adpt
movies.pq::country,1.0,0.03333333333333333,1.0,0.03333333333333333,1.0,1.0,0.03333333333333333,0.8,0.13333333333333333,1.0,0.16666666666666666,1.0,1.0,0.11833333333333333,0.8,0.26666666666666666,1.0,0.3333333333333333,1.0,1.0,0.22727513227513227,0.8,0.4,1.0,0.5,1.0,1.0,0.3391021941021941,0.65,0.43333333333333335,1.0,0.6666666666666666,1.0,1.0,0.3619092116460537,0.6,0.5,1.0,0.8333333333333334,1.0,1.0,0.40135365609049817,0.5333333333333333,0.5333333333333333,1.0,1.0,1.0,1.0,0.4211067425102513,0.4857142857142857,0.5666666666666667,0.8571428571428571,1.0,1.0,1.0,0.4372972187007275,0.425,0.5666666666666667,0.75,1.0,1.0,1.0,0.4372972187007275,0.4,0.6,0.6666666666666666,1.0,1.0,1.0,0.45063055203406077,0.4,0.6666666666666666,0.6,1.0,1.0,1.0,0.4779946182279142,qwen3_06b-dj_adpt,7,webtable-cl_optim-v=12-distilroberta-dj_adpt~qwen3_8b-dj_adpt
countries_data.pq::CountryName,1.0,0.03333333333333333,1.0,0.03333333333333333,1.0,1.0,0.03333333333333333,1.0,0.16666666666666666,1.0,0.16666666666666666,1.0,1.0,0.16666666666666666,0.9,0.3,1.0,0.3333333333333333,1.0,1.0,0.292962962962963,0.8,0.4,1.0,0.5,1.0,1.0,0.37561253561253566,0.8,0.5333333333333333,1.0,0.6666666666666666,1.0,1.0,0.48459129378247023,0.76,0.6333333333333333,1.0,0.8333333333333334,1.0,1.0,0.5641814813726579,0.6666666666666666,0.6666666666666666,1.0,1.0,1.0,1.0,0.5864037035948801,0.5714285714285714,0.6666666666666666,0.8571428571428571,1.0,1.0,1.0,0.5864037035948801,0.525,0.7,0.75,1.0,1.0,1.0,0.604352421543598,0.4888888888888889,0.7333333333333333,0.6666666666666666,1.0,1.0,1.0,0.6218127390039155,0.44,0.7333333333333333,0.6,1.0,1.0,1.0,0.6218127390039155,qwen3_06b-dj_adpt,7,webtable-cl_optim-v=12-distilroberta-dj_adpt~qwen3_8b-dj_adpt
pte_alcohol.pq::Arg0,0.0,0.0,1.0,0.03125,0.0,0.0,0.0,0.4,0.0625,1.0,0.15625,1.0,0.5,0.03645833333333333,0.7,0.21875,1.0,0.3125,1.0,0.5,0.1321800595238095,0.6,0.28125,1.0,0.46875,1.0,0.5,0.17464800824175825,0.6,0.375,1.0,0.625,1.0,0.5,0.23087758340515693,0.56,0.4375,1.0,0.78125,1.0,0.5,0.27010918513675863,0.5666666666666667,0.53125,1.0,0.9375,1.0,0.5,0.323703507481081,0.6285714285714286,0.6875,0.9142857142857143,1.0,1.0,0.5,0.41828707794188996,0.575,0.71875,0.8,1.0,1.0,0.5,0.43625582794188994,0.5333333333333333,0.75,0.7111111111111111,1.0,1.0,0.5,0.45369768840700625,0.54,0.84375,0.64,1.0,1.0,0.5,0.5044664999209735,qwen3_06b-dj_adpt,7,webtable-cl_optim-v=12-distilroberta-dj_adpt~qwen3_8b-dj_adpt
pte_phenol.pq::Arg0,1.0,0.03125,1.0,0.03125,1.0,1.0,0.03125,1.0,0.15625,1.0,0.15625,1.0,1.0,0.15625,1.0,0.3125,1.0,0.3125,1.0,1.0,0.3125,1.0,0.46875,1.0,0.46875,1.0,1.0,0.46875,1.0,0.625,1.0,0.625,1.0,1.0,0.625,1.0,0.78125,1.0,0.78125,1.0,1.0,0.78125,0.9666666666666667,0.90625,1.0,0.9375,1.0,1.0,0.90625,0.8571428571428571,0.9375,0.9142857142857143,1.0,1.0,1.0,0.935546875,0.75,0.9375,0.8,1.0,1.0,1.0,0.935546875,0.6666666666666666,0.9375,0.7111111111111111,1.0,1.0,1.0,0.935546875,0.6,0.9375,0.64,1.0,1.0,1.0,0.935546875,qwen3_06b-dj_adpt,7,webtable-cl_optim-v=12-distilroberta-dj_adpt~qwen3_8b-dj_adpt
pte_ester.pq::Arg0,1.0,0.03125,1.0,0.03125,1.0,1.0,0.03125,1.0,0.15625,1.0,0.15625,1.0,1.0,0.15625,1.0,0.3125,1.0,0.3125,1.0,1.0,0.3125,1.0,0.46875,1.0,0.46875,1.0,1.0,0.46875,1.0,0.625,1.0,0.625,1.0,1.0,0.625,1.0,0.78125,1.0,0.78125,1.0,1.0,0.78125,0.9333333333333333,0.875,1.0,0.9375,1.0,1.0,0.8739224137931034,0.8285714285714286,0.90625,0.9142857142857143,1.0,1.0,1.0,0.9013845350052246,0.725,0.90625,0.8,1.0,1.0,1.0,0.9013845350052246,0.6666666666666666,0.9375,0.7111111111111111,1.0,1.0,1.0,0.9237059635766532,0.6,0.9375,0.64,1.0,1.0,1.0,0.9237059635766532,qwen3_06b-dj_adpt,7,webtable-cl_optim-v=12-distilroberta-dj_adpt~qwen3_8b-dj_adpt
pte_non_ar_hetero_5_ring.pq::Arg0,1.0,0.03125,1.0,0.03125,1.0,1.0,0.03125,1.0,0.15625,1.0,0.15625,1.0,1.0,0.15625,1.0,0.3125,1.0,0.3125,1.0,1.0,0.3125,1.0,0.46875,1.0,0.46875,1.0,1.0,0.46875,1.0,0.625,1.0,0.625,1.0,1.0,0.625,1.0,0.78125,1.0,0.78125,1.0,1.0,0.78125,0.9333333333333333,0.875,1.0,0.9375,1.0,1.0,0.8716489349571246,0.8285714285714286,0.90625,0.9142857142857143,1.0,1.0,1.0,0.8999692474571246,0.75,0.9375,0.8,1.0,1.0,1.0,0.9253070852949624,0.6666666666666666,0.9375,0.7111111111111111,1.0,1.0,1.0,0.9253070852949624,0.6,0.9375,0.64,1.0,1.0,1.0,0.9253070852949624,qwen3_06b-dj_adpt,7,webtable-cl_optim-v=12-distilroberta-dj_adpt~qwen3_8b-dj_adpt
population_by_country_2020.pq::CountryDependency,1.0,0.03333333333333333,1.0,0.03333333333333333,1.0,1.0,0.03333333333333333,0.8,0.13333333333333333,1.0,0.16666666666666666,1.0,1.0,0.13333333333333333,0.6,0.2,1.0,0.3333333333333333,1.0,1.0,0.17714285714285713,0.6,0.3,1.0,0.5,1.0,1.0,0.23710012210012213,0.5,0.3333333333333333,1.0,0.6666666666666666,1.0,1.0,0.25561864061864065,0.4,0.3333333333333333,1.0,0.8333333333333334,1.0,1.0,0.25561864061864065,0.4,0.4,1.0,1.0,1.0,1.0,0.2835143081694806,0.37142857142857144,0.43333333333333335,0.8571428571428571,1.0,1.0,1.0,0.29749280279313645,0.325,0.43333333333333335,0.75,1.0,1.0,1.0,0.29749280279313645,0.3111111111111111,0.4666666666666667,0.6666666666666666,1.0,1.0,1.0,0.30786317316350686,0.28,0.4666666666666667,0.6,1.0,1.0,1.0,0.30786317316350686,qwen3_06b-dj_adpt,7,webtable-cl_optim-v=12-distilroberta-dj_adpt~qwen3_8b-dj_adpt
pte_non_ar_5c_ring.pq::Arg0,1.0,0.03125,1.0,0.03125,1.0,1.0,0.03125,1.0,0.15625,1.0,0.15625,1.0,1.0,0.15625,0.9,0.28125,1.0,0.3125,1.0,1.0,0.278125,0.9333333333333333,0.4375,1.0,0.46875,1.0,1.0,0.4222106018981019,0.95,0.59375,1.0,0.625,1.0,1.0,0.5697258936507679,0.96,0.75,1.0,0.78125,1.0,1.0,0.7191565648817109,0.9666666666666667,0.90625,1.0,0.9375,1.0,1.0,0.8698119100952457,0.8857142857142857,0.96875,0.9142857142857143,1.0,1.0,1.0,0.9303272830791167,0.775,0.96875,0.8,1.0,1.0,1.0,0.9303272830791167,0.6888888888888889,0.96875,0.7111111111111111,1.0,1.0,1.0,0.9303272830791167,0.62,0.96875,0.64,1.0,1.0,1.0,0.9303272830791167,qwen3_06b-dj_adpt,7,webtable-cl_optim-v=12-distilroberta-dj_adpt~qwen3_8b-dj_adpt
fifa_ranking.pq::country_full,1.0,0.03333333333333333,1.0,0.03333333333333333,1.0,1.0,0.03333333333333333,1.0,0.16666666666666666,1.0,0.16666666666666666,1.0,1.0,0.16666666666666666,0.8,0.26666666666666666,1.0,0.3333333333333333,1.0,1.0,0.26666666666666666,0.6,0.3,1.0,0.5,1.0,1.0,0.29393939393939394,0.6,0.4,1.0,0.6666666666666666,1.0,1.0,0.35634135472370765,0.56,0.4666666666666667,1.0,0.8333333333333334,1.0,1.0,0.3938486011005192,0.5333333333333333,0.5333333333333333,1.0,1.0,1.0,1.0,0.4307579242167389,0.45714285714285713,0.5333333333333333,0.8571428571428571,1.0,1.0,1.0,0.4307579242167389,0.45,0.6,0.75,1.0,1.0,1.0,0.46105482030310874,0.4222222222222222,0.6333333333333333,0.6666666666666666,1.0,1.0,1.0,0.47512889437718275,0.38,0.6333333333333333,0.6,1.0,1.0,1.0,0.47512889437718275,qwen3_06b-dj_adpt,7,webtable-cl_optim-v=12-distilroberta-dj_adpt~qwen3_8b-dj_adpt
countries_of_the_world.pq::Country,1.0,0.03333333333333333,1.0,0.03333333333333333,1.0,1.0,0.03333333333333333,1.0,0.16666666666666666,1.0,0.16666666666666666,1.0,1.0,0.16666666666666666,0.9,0.3,1.0,0.3333333333333333,1.0,1.0,0.2966666666666667,0.6666666666666666,0.3333333333333333,1.0,0.5,1.0,1.0,0.32696969696969697,0.65,0.43333333333333335,1.0,0.6666666666666666,1.0,1.0,0.3974898494751436,0.68,0.5666666666666667,1.0,0.8333333333333334,1.0,1.0,0.48829441688840663,0.6,0.6,1.0,1.0,1.0,1.0,0.5082944168884066,0.5714285714285714,0.6666666666666666,0.8571428571428571,1.0,1.0,1.0,0.5465339551279449,0.575,0.7666666666666667,0.75,1.0,1.0,1.0,0.6029250932296093,0.5333333333333333,0.8,0.6666666666666666,1.0,1.0,1.0,0.6224372883515605,0.48,0.8,0.6,1.0,1.0,1.0,0.6224372883515605,qwen3_06b-dj_adpt,7,webtable-cl_optim-v=12-distilroberta-dj_adpt~qwen3_8b-dj_adpt
pte_ketone.pq::Arg0,1.0,0.03125,1.0,0.03125,1.0,1.0,0.03125,1.0,0.15625,1.0,0.15625,1.0,1.0,0.15625,1.0,0.3125,1.0,0.3125,1.0,1.0,0.3125,1.0,0.46875,1.0,0.46875,1.0,1.0,0.46875,1.0,0.625,1.0,0.625,1.0,1.0,0.625,1.0,0.78125,1.0,0.78125,1.0,1.0,0.78125,0.8666666666666667,0.8125,1.0,0.9375,1.0,1.0,0.8125,0.8,0.875,0.9142857142857143,1.0,1.0,1.0,0.8638034759358288,0.7,0.875,0.8,1.0,1.0,1.0,0.8638034759358288,0.6222222222222222,0.875,0.7111111111111111,1.0,1.0,1.0,0.8638034759358288,0.56,0.875,0.64,1.0,1.0,1.0,0.8638034759358288,qwen3_06b-dj_adpt,7,webtable-cl_optim-v=12-distilroberta-dj_adpt~qwen3_8b-dj_adpt
who_suicide_statistics.pq::country,1.0,0.03333333333333333,1.0,0.03333333333333333,1.0,1.0,0.03333333333333333,1.0,0.16666666666666666,1.0,0.16666666666666666,1.0,1.0,0.16666666666666666,1.0,0.3333333333333333,1.0,0.3333333333333333,1.0,1.0,0.3333333333333333,0.8,0.4,1.0,0.5,1.0,1.0,0.39743589743589747,0.75,0.5,1.0,0.6666666666666666,1.0,1.0,0.47385201944025473,0.8,0.6666666666666666,1.0,0.8333333333333334,1.0,1.0,0.6041489326719506,0.7333333333333333,0.7333333333333333,1.0,1.0,1.0,1.0,0.6555164540394719,0.6285714285714286,0.7333333333333333,0.8571428571428571,1.0,1.0,1.0,0.6555164540394719,0.55,0.7333333333333333,0.75,1.0,1.0,1.0,0.6555164540394719,0.5333333333333333,0.8,0.6666666666666666,1.0,1.0,1.0,0.691548200071218,0.5,0.8333333333333334,0.6,1.0,1.0,1.0,0.7082148667378847,qwen3_06b-dj_adpt,7,webtable-cl_optim-v=12-distilroberta-dj_adpt~qwen3_8b-dj_adpt
UKDebate.pq::country,1.0,0.03333333333333333,1.0,0.03333333333333333,1.0,1.0,0.03333333333333333,0.2,0.03333333333333333,1.0,0.16666666666666666,1.0,1.0,0.03333333333333333,0.3,0.1,1.0,0.3333333333333333,1.0,1.0,0.05074074074074074,0.2,0.1,1.0,0.5,1.0,1.0,0.05074074074074074,0.15,0.1,1.0,0.6666666666666666,1.0,1.0,0.05074074074074074,0.16,0.13333333333333333,1.0,0.8333333333333334,1.0,1.0,0.056296296296296296,0.16666666666666666,0.16666666666666666,1.0,1.0,1.0,1.0,0.06185185185185185,0.17142857142857143,0.2,0.8571428571428571,1.0,1.0,1.0,0.06773420479302832,0.2,0.26666666666666666,0.75,1.0,1.0,1.0,0.08088235294117646,0.17777777777777778,0.26666666666666666,0.6666666666666666,1.0,1.0,1.0,0.08088235294117646,0.16,0.26666666666666666,0.6,1.0,1.0,1.0,0.08088235294117646,qwen3_06b-dj_adpt,7,webtable-cl_optim-v=12-distilroberta-dj_adpt~qwen3_8b-dj_adpt
World_countries_env_vars.pq::Country,1.0,0.03333333333333333,1.0,0.03333333333333333,1.0,1.0,0.03333333333333333,1.0,0.16666666666666666,1.0,0.16666666666666666,1.0,1.0,0.16666666666666666,1.0,0.3333333333333333,1.0,0.3333333333333333,1.0,1.0,0.3333333333333333,0.8666666666666667,0.43333333333333335,1.0,0.5,1.0,1.0,0.42888888888888893,0.7,0.4666666666666667,1.0,0.6666666666666666,1.0,1.0,0.4548148148148148,0.72,0.6,1.0,0.8333333333333334,1.0,1.0,0.5525044440261832,0.7,0.7,1.0,1.0,1.0,1.0,0.6231040912924971,0.6285714285714286,0.7333333333333333,0.8571428571428571,1.0,1.0,1.0,0.6446727187434774,0.575,0.7666666666666667,0.75,1.0,1.0,1.0,0.6643308384015971,0.5333333333333333,0.8,0.6666666666666666,1.0,1.0,1.0,0.6829354895643879,0.5,0.8333333333333334,0.6,1.0,1.0,1.0,0.6996021562310546,qwen3_06b-dj_adpt,7,webtable-cl_optim-v=12-distilroberta-dj_adpt~qwen3_8b-dj_adpt
USA_cars_datasets.pq::country,0.0,0.0,1.0,0.03333333333333333,0.0,0.0,0.0,0.2,0.03333333333333333,1.0,0.16666666666666666,1.0,0.5,0.016666666666666666,0.1,0.03333333333333333,1.0,0.3333333333333333,1.0,0.5,0.016666666666666666,0.06666666666666667,0.03333333333333333,1.0,0.5,1.0,0.5,0.016666666666666666,0.05,0.03333333333333333,1.0,0.6666666666666666,1.0,0.5,0.016666666666666666,0.04,0.03333333333333333,1.0,0.8333333333333334,1.0,0.5,0.016666666666666666,0.03333333333333333,0.03333333333333333,1.0,1.0,1.0,0.5,0.016666666666666666,0.02857142857142857,0.03333333333333333,0.8571428571428571,1.0,1.0,0.5,0.016666666666666666,0.025,0.03333333333333333,0.75,1.0,1.0,0.5,0.016666666666666666,0.022222222222222223,0.03333333333333333,0.6666666666666666,1.0,1.0,0.5,0.016666666666666666,0.02,0.03333333333333333,0.6,1.0,1.0,0.5,0.016666666666666666,qwen3_06b-dj_adpt,7,webtable-cl_optim-v=12-distilroberta-dj_adpt~qwen3_8b-dj_adpt
netflix_titles.pq::country,1.0,0.03333333333333333,1.0,0.03333333333333333,1.0,1.0,0.03333333333333333,1.0,0.16666666666666666,1.0,0.16666666666666666,1.0,1.0,0.16666666666666666,0.9,0.3,1.0,0.3333333333333333,1.0,1.0,0.28403439153439153,0.8,0.4,1.0,0.5,1.0,1.0,0.36253256003256,0.65,0.43333333333333335,1.0,0.6666666666666666,1.0,1.0,0.38419922669922674,0.6,0.5,1.0,0.8333333333333334,1.0,1.0,0.42541134791134794,0.5333333333333333,0.5333333333333333,1.0,1.0,1.0,1.0,0.4431891256891257,0.4857142857142857,0.5666666666666667,0.8571428571428571,1.0,1.0,1.0,0.4614686955815988,0.425,0.5666666666666667,0.75,1.0,1.0,1.0,0.4614686955815988,0.4,0.6,0.6666666666666666,1.0,1.0,1.0,0.4751050592179624,0.38,0.6333333333333333,0.6,1.0,1.0,1.0,0.48777172588462914,qwen3_06b-dj_adpt,7,webtable-cl_optim-v=12-distilroberta-dj_adpt~qwen3_8b-dj_adpt
pte_ames.pq::Arg0,1.0,0.03125,1.0,0.03125,1.0,1.0,0.03125,1.0,0.15625,1.0,0.15625,1.0,1.0,0.15625,1.0,0.3125,1.0,0.3125,1.0,1.0,0.3125,0.9333333333333333,0.4375,1.0,0.46875,1.0,1.0,0.4375,0.9,0.5625,1.0,0.625,1.0,1.0,0.5506601790935672,0.84,0.65625,1.0,0.78125,1.0,1.0,0.6312256552840434,0.7333333333333333,0.6875,1.0,0.9375,1.0,1.0,0.6541423219507101,0.6857142857142857,0.75,0.9142857142857143,1.0,1.0,1.0,0.6967105992616345,0.625,0.78125,0.8,1.0,1.0,1.0,0.7184119881505233,0.5777777777777777,0.8125,0.7111111111111111,1.0,1.0,1.0,0.7382290613212551,0.54,0.84375,0.64,1.0,1.0,1.0,0.7558071863212551,qwen3_06b-dj_adpt,7,webtable-cl_optim-v=12-distilroberta-dj_adpt~qwen3_8b-dj_adpt
movie_metadata.pq::country,1.0,0.03333333333333333,1.0,0.03333333333333333,1.0,1.0,0.03333333333333333,0.8,0.13333333333333333,1.0,0.16666666666666666,1.0,1.0,0.11833333333333333,0.8,0.26666666666666666,1.0,0.3333333333333333,1.0,1.0,0.2237037037037037,0.7333333333333333,0.36666666666666664,1.0,0.5,1.0,1.0,0.30280793280793283,0.7,0.4666666666666667,1.0,0.6666666666666666,1.0,1.0,0.3739482836851258,0.56,0.4666666666666667,1.0,0.8333333333333334,1.0,1.0,0.3739482836851258,0.5,0.5,1.0,1.0,1.0,1.0,0.39118966299547064,0.4857142857142857,0.5666666666666667,0.8571428571428571,1.0,1.0,1.0,0.42452299632880397,0.475,0.6333333333333333,0.75,1.0,1.0,1.0,0.4569785287843364,0.4444444444444444,0.6666666666666666,0.6666666666666666,1.0,1.0,1.0,0.4732386913859624,0.42,0.7,0.6,1.0,1.0,1.0,0.48782202471929575,qwen3_06b-dj_adpt,7,webtable-cl_optim-v=12-distilroberta-dj_adpt~qwen3_8b-dj_adpt
world_country.pq::LocalName,1.0,0.034482758620689655,1.0,0.034482758620689655,1.0,1.0,0.034482758620689655,0.8,0.13793103448275862,1.0,0.1724137931034483,1.0,1.0,0.13103448275862067,0.9,0.3103448275862069,1.0,0.3448275862068966,1.0,1.0,0.2811850027367269,0.6666666666666666,0.3448275862068966,1.0,0.5172413793103449,1.0,1.0,0.3077102016757189,0.65,0.4482758620689655,1.0,0.6896551724137931,1.0,1.0,0.3756094757229059,0.6,0.5172413793103449,1.0,0.8620689655172413,1.0,1.0,0.4210867370922212,0.6,0.6206896551724138,0.9666666666666667,1.0,1.0,1.0,0.4838600165718027,0.5142857142857142,0.6206896551724138,0.8285714285714286,1.0,1.0,1.0,0.4838600165718027,0.475,0.6551724137931034,0.725,1.0,1.0,1.0,0.5015673791067514,0.4222222222222222,0.6551724137931034,0.6444444444444445,1.0,1.0,1.0,0.5015673791067514,0.4,0.6896551724137931,0.58,1.0,1.0,1.0,0.5162408934134279,qwen3_06b-dj_adpt,7,webtable-cl_optim-v=12-distilroberta-dj_adpt~qwen3_8b-dj_adpt
countries_metadatacountries.pq::CountryName,1.0,0.03333333333333333,1.0,0.03333333333333333,1.0,1.0,0.03333333333333333,1.0,0.16666666666666666,1.0,0.16666666666666666,1.0,1.0,0.16666666666666666,1.0,0.3333333333333333,1.0,0.3333333333333333,1.0,1.0,0.3333333333333333,0.8,0.4,1.0,0.5,1.0,1.0,0.39055555555555554,0.7,0.4666666666666667,1.0,0.6666666666666666,1.0,1.0,0.4422002923976608,0.64,0.5333333333333333,1.0,0.8333333333333334,1.0,1.0,0.48616164505466564,0.5666666666666667,0.5666666666666667,1.0,1.0,1.0,1.0,0.5071492993756533,0.5428571428571428,0.6333333333333333,0.8571428571428571,1.0,1.0,1.0,0.5439585685378636,0.5,0.6666666666666666,0.75,1.0,1.0,1.0,0.5610525856318808,0.4444444444444444,0.6666666666666666,0.6666666666666666,1.0,1.0,1.0,0.5610525856318808,0.42,0.7,0.6,1.0,1.0,1.0,0.575635918965214,qwen3_06b-dj_adpt,7,webtable-cl_optim-v=12-distilroberta-dj_adpt~qwen3_8b-dj_adpt
pte_postestactive_neg.pq::Arg0,1.0,0.03125,1.0,0.03125,1.0,1.0,0.03125,1.0,0.15625,1.0,0.15625,1.0,1.0,0.15625,1.0,0.3125,1.0,0.3125,1.0,1.0,0.3125,1.0,0.46875,1.0,0.46875,1.0,1.0,0.46875,1.0,0.625,1.0,0.625,1.0,1.0,0.625,0.96,0.75,1.0,0.78125,1.0,1.0,0.75,0.9333333333333333,0.875,1.0,0.9375,1.0,1.0,0.8694412647537647,0.8,0.875,0.9142857142857143,1.0,1.0,1.0,0.8694412647537647,0.725,0.90625,0.8,1.0,1.0,1.0,0.893934507997008,0.6444444444444445,0.90625,0.7111111111111111,1.0,1.0,1.0,0.893934507997008,0.6,0.9375,0.64,1.0,1.0,1.0,0.913465757997008,qwen3_06b-dj_adpt,7,webtable-cl_optim-v=12-distilroberta-dj_adpt~qwen3_8b-dj_adpt
pte_alkyl_halide.pq::Arg0,1.0,0.03125,1.0,0.03125,1.0,1.0,0.03125,1.0,0.15625,1.0,0.15625,1.0,1.0,0.15625,1.0,0.3125,1.0,0.3125,1.0,1.0,0.3125,1.0,0.46875,1.0,0.46875,1.0,1.0,0.46875,1.0,0.625,1.0,0.625,1.0,1.0,0.625,1.0,0.78125,1.0,0.78125,1.0,1.0,0.78125,0.9333333333333333,0.875,1.0,0.9375,1.0,1.0,0.8716489349571246,0.8571428571428571,0.9375,0.9142857142857143,1.0,1.0,1.0,0.9301796809248666,0.75,0.9375,0.8,1.0,1.0,1.0,0.9301796809248666,0.6666666666666666,0.9375,0.7111111111111111,1.0,1.0,1.0,0.9301796809248666,0.6,0.9375,0.64,1.0,1.0,1.0,0.9301796809248666,qwen3_06b-dj_adpt,7,webtable-cl_optim-v=12-distilroberta-dj_adpt~qwen3_8b-dj_adpt
pte_testactive.pq::Arg0,1.0,0.03125,1.0,0.03125,1.0,1.0,0.03125,1.0,0.15625,1.0,0.15625,1.0,1.0,0.15625,1.0,0.3125,1.0,0.3125,1.0,1.0,0.3125,1.0,0.46875,1.0,0.46875,1.0,1.0,0.46875,1.0,0.625,1.0,0.625,1.0,1.0,0.625,1.0,0.78125,1.0,0.78125,1.0,1.0,0.78125,0.9333333333333333,0.875,1.0,0.9375,1.0,1.0,0.875,0.8285714285714286,0.90625,0.9142857142857143,1.0,1.0,1.0,0.9033203125,0.75,0.9375,0.8,1.0,1.0,1.0,0.927991365131579,0.6666666666666666,0.9375,0.7111111111111111,1.0,1.0,1.0,0.927991365131579,0.6,0.9375,0.64,1.0,1.0,1.0,0.927991365131579,qwen3_06b-dj_adpt,7,webtable-cl_optim-v=12-distilroberta-dj_adpt~qwen3_8b-dj_adpt
hfi_cc_2018.pq::countries,1.0,0.03333333333333333,1.0,0.03333333333333333,1.0,1.0,0.03333333333333333,1.0,0.16666666666666666,1.0,0.16666666666666666,1.0,1.0,0.16666666666666666,0.8,0.26666666666666666,1.0,0.3333333333333333,1.0,1.0,0.2587962962962963,0.6666666666666666,0.3333333333333333,1.0,0.5,1.0,1.0,0.30943732193732193,0.65,0.43333333333333335,1.0,0.6666666666666666,1.0,1.0,0.37252699055330635,0.64,0.5333333333333333,1.0,0.8333333333333334,1.0,1.0,0.4387105654325334,0.6,0.6,1.0,1.0,1.0,1.0,0.47969821975352106,0.5428571428571428,0.6333333333333333,0.8571428571428571,1.0,1.0,1.0,0.4994898864201877,0.475,0.6333333333333333,0.75,1.0,1.0,1.0,0.4994898864201877,0.4444444444444444,0.6666666666666666,0.6666666666666666,1.0,1.0,1.0,0.5153629022932036,0.4,0.6666666666666666,0.6,1.0,1.0,1.0,0.5153629022932036,qwen3_06b-dj_adpt,7,webtable-cl_optim-v=12-distilroberta-dj_adpt~qwen3_8b-dj_adpt
wikipedia-iso-country-codes.pq::English_short_name_lower_case,1.0,0.03333333333333333,1.0,0.03333333333333333,1.0,1.0,0.03333333333333333,0.6,0.1,1.0,0.16666666666666666,1.0,1.0,0.08055555555555555,0.6,0.2,1.0,0.3333333333333333,1.0,1.0,0.14583333333333334,0.6,0.3,1.0,0.5,1.0,1.0,0.2057905982905983,0.6,0.4,1.0,0.6666666666666666,1.0,1.0,0.268192559074912,0.48,0.4,1.0,0.8333333333333334,1.0,1.0,0.268192559074912,0.4,0.4,1.0,1.0,1.0,1.0,0.268192559074912,0.4,0.4666666666666667,0.8571428571428571,1.0,1.0,1.0,0.294270990447461,0.375,0.5,0.75,1.0,1.0,1.0,0.3077845039609745,0.35555555555555557,0.5333333333333333,0.6666666666666666,1.0,1.0,1.0,0.3204829166593873,0.32,0.5333333333333333,0.6,1.0,1.0,1.0,0.3204829166593873,qwen3_06b-dj_adpt,7,webtable-cl_optim-v=12-distilroberta-dj_adpt~qwen3_8b-dj_adpt
affirmative_asylum.pq::ContinentCountryofNationality,1.0,0.03125,1.0,0.03125,1.0,1.0,0.03125,0.8,0.125,1.0,0.15625,1.0,1.0,0.11875,0.6,0.1875,1.0,0.3125,1.0,1.0,0.165625,0.4666666666666667,0.21875,1.0,0.46875,1.0,1.0,0.18551136363636364,0.55,0.34375,1.0,0.625,1.0,1.0,0.25313369765769145,0.52,0.40625,1.0,0.78125,1.0,1.0,0.2886538839930952,0.5,0.46875,1.0,0.9375,1.0,1.0,0.3228419181811294,0.45714285714285713,0.5,0.9142857142857143,1.0,1.0,1.0,0.33799343333264453,0.45,0.5625,0.8,1.0,1.0,1.0,0.36603619649053926,0.4222222222222222,0.59375,0.7111111111111111,1.0,1.0,1.0,0.380173101252444,0.4,0.625,0.64,1.0,1.0,1.0,0.3934709735928696,qwen3_06b-dj_adpt,7,webtable-cl_optim-v=12-distilroberta-dj_adpt~qwen3_8b-dj_adpt
countries_and_continents.pq::name,1.0,0.037037037037037035,1.0,0.037037037037037035,1.0,1.0,0.037037037037037035,0.8,0.14814814814814814,1.0,0.18518518518518517,1.0,1.0,0.14074074074074072,0.8,0.2962962962962963,1.0,0.37037037037037035,1.0,1.0,0.25781893004115225,0.6666666666666666,0.37037037037037035,1.0,0.5555555555555556,1.0,1.0,0.31898615787504675,0.6,0.4444444444444444,1.0,0.7407407407407407,1.0,1.0,0.3638421249532361,0.56,0.5185185185185185,1.0,0.9259259259259259,1.0,1.0,0.4103388381166159,0.5,0.5555555555555556,0.9,1.0,1.0,1.0,0.43018010795788575,0.4857142857142857,0.6296296296296297,0.7714285714285715,1.0,1.0,1.0,0.46781451656003625,0.45,0.6666666666666666,0.675,1.0,1.0,1.0,0.4853583762091591,0.4222222222222222,0.7037037037037037,0.6,1.0,1.0,1.0,0.5013516422024251,0.38,0.7037037037037037,0.54,1.0,1.0,1.0,0.5013516422024251,qwen3_06b-dj_adpt,7,webtable-cl_optim-v=12-distilroberta-dj_adpt~qwen3_8b-dj_adpt
pte_postestactive.pq::Arg0,1.0,0.03125,1.0,0.03125,1.0,1.0,0.03125,1.0,0.15625,1.0,0.15625,1.0,1.0,0.15625,1.0,0.3125,1.0,0.3125,1.0,1.0,0.3125,1.0,0.46875,1.0,0.46875,1.0,1.0,0.46875,1.0,0.625,1.0,0.625,1.0,1.0,0.625,0.96,0.75,1.0,0.78125,1.0,1.0,0.7474479166666667,0.9,0.84375,1.0,0.9375,1.0,1.0,0.8357135861823362,0.8,0.875,0.9142857142857143,1.0,1.0,1.0,0.863939392633949,0.75,0.9375,0.8,1.0,1.0,1.0,0.914450841582898,0.6666666666666666,0.9375,0.7111111111111111,1.0,1.0,1.0,0.914450841582898,0.6,0.9375,0.64,1.0,1.0,1.0,0.914450841582898,qwen3_06b-dj_adpt,7,webtable-cl_optim-v=12-distilroberta-dj_adpt~qwen3_8b-dj_adpt
pte_five_ring.pq::Arg0,1.0,0.03125,1.0,0.03125,1.0,1.0,0.03125,1.0,0.15625,1.0,0.15625,1.0,1.0,0.15625,1.0,0.3125,1.0,0.3125,1.0,1.0,0.3125,1.0,0.46875,1.0,0.46875,1.0,1.0,0.46875,0.95,0.59375,1.0,0.625,1.0,1.0,0.59375,0.96,0.75,1.0,0.78125,1.0,1.0,0.743180671230943,0.9333333333333333,0.875,1.0,0.9375,1.0,1.0,0.8636276831111445,0.8,0.875,0.9142857142857143,1.0,1.0,1.0,0.8636276831111445,0.725,0.90625,0.8,1.0,1.0,1.0,0.8888012942222556,0.6444444444444445,0.90625,0.7111111111111111,1.0,1.0,1.0,0.8888012942222556,0.58,0.90625,0.64,1.0,1.0,1.0,0.8888012942222556,qwen3_06b-dj_adpt,7,webtable-cl_optim-v=12-distilroberta-dj_adpt~qwen3_8b-dj_adpt
MoviesOnStreamingPlatforms_updated.pq::Country,1.0,0.03333333333333333,1.0,0.03333333333333333,1.0,1.0,0.03333333333333333,1.0,0.16666666666666666,1.0,0.16666666666666666,1.0,1.0,0.16666666666666666,0.9,0.3,1.0,0.3333333333333333,1.0,1.0,0.2966666666666667,0.8,0.4,1.0,0.5,1.0,1.0,0.3798268398268398,0.7,0.4666666666666667,1.0,0.6666666666666666,1.0,1.0,0.43436115355233,0.6,0.5,1.0,0.8333333333333334,1.0,1.0,0.4561002839871126,0.5666666666666667,0.5666666666666667,1.0,1.0,1.0,1.0,0.49337997747370266,0.5428571428571428,0.6333333333333333,0.8571428571428571,1.0,1.0,1.0,0.5307574284540949,0.525,0.7,0.75,1.0,1.0,1.0,0.5667241644208308,0.4888888888888889,0.7333333333333333,0.6666666666666666,1.0,1.0,1.0,0.5837784279867223,0.46,0.7666666666666667,0.6,1.0,1.0,1.0,0.5994246864901237,qwen3_06b-dj_adpt,7,webtable-cl_optim-v=12-distilroberta-dj_adpt~qwen3_8b-dj_adpt
pte_amine.pq::Arg0,1.0,0.03125,1.0,0.03125,1.0,1.0,0.03125,1.0,0.15625,1.0,0.15625,1.0,1.0,0.15625,1.0,0.3125,1.0,0.3125,1.0,1.0,0.3125,1.0,0.46875,1.0,0.46875,1.0,1.0,0.46875,0.95,0.59375,1.0,0.625,1.0,1.0,0.59375,0.84,0.65625,1.0,0.78125,1.0,1.0,0.6533414502164502,0.7333333333333333,0.6875,1.0,0.9375,1.0,1.0,0.6788044131794132,0.6285714285714286,0.6875,0.9142857142857143,1.0,1.0,1.0,0.6788044131794132,0.6,0.75,0.8,1.0,1.0,1.0,0.716949656094393,0.5555555555555556,0.78125,0.7111111111111111,1.0,1.0,1.0,0.7360045341431735,0.52,0.8125,0.64,1.0,1.0,1.0,0.7532917681857266,qwen3_06b-dj_adpt,7,webtable-cl_optim-v=12-distilroberta-dj_adpt~qwen3_8b-dj_adpt
AdventureWorks2014_salesTerritory.pq::Name,0.0,0.0,1.0,0.03333333333333333,0.0,0.0,0.0,0.4,0.06666666666666667,1.0,0.16666666666666666,1.0,0.25,0.021666666666666667,0.6,0.2,1.0,0.3333333333333333,1.0,0.25,0.10043650793650793,0.6666666666666666,0.3333333333333333,1.0,0.5,1.0,0.25,0.18404456654456655,0.55,0.36666666666666664,1.0,0.6666666666666666,1.0,0.25,0.2023778998778999,0.44,0.36666666666666664,1.0,0.8333333333333334,1.0,0.25,0.2023778998778999,0.43333333333333335,0.43333333333333335,1.0,1.0,1.0,0.25,0.23266890516890518,0.42857142857142855,0.5,0.8571428571428571,1.0,1.0,0.25,0.26242855096270656,0.45,0.6,0.75,1.0,1.0,0.25,0.3071556464792758,0.4444444444444444,0.6666666666666666,0.6666666666666666,1.0,1.0,0.25,0.33704982637345565,0.4,0.6666666666666666,0.6,1.0,1.0,0.25,0.33704982637345565,qwen3_06b-dj_adpt,7,webtable-cl_optim-v=12-distilroberta-dj_adpt~qwen3_8b-dj_adpt
whr2015.pq::Country,1.0,0.03333333333333333,1.0,0.03333333333333333,1.0,1.0,0.03333333333333333,0.8,0.13333333333333333,1.0,0.16666666666666666,1.0,1.0,0.13333333333333333,0.9,0.3,1.0,0.3333333333333333,1.0,1.0,0.278478835978836,0.8,0.4,1.0,0.5,1.0,1.0,0.3660040885040885,0.75,0.5,1.0,0.6666666666666666,1.0,1.0,0.4426488253461938,0.72,0.6,1.0,0.8333333333333334,1.0,1.0,0.5155289307480383,0.7,0.7,1.0,1.0,1.0,1.0,0.5878353599510192,0.6571428571428571,0.7666666666666667,0.8571428571428571,1.0,1.0,1.0,0.6333010462255291,0.6,0.8,0.75,1.0,1.0,1.0,0.6555232684477512,0.5555555555555556,0.8333333333333334,0.6666666666666666,1.0,1.0,1.0,0.6740417869662697,0.52,0.8666666666666667,0.6,1.0,1.0,1.0,0.6928823666764147,qwen3_06b-dj_adpt,7,webtable-cl_optim-v=12-distilroberta-dj_adpt~qwen3_8b-dj_adpt
countries_and_continents.pq::official_name_fr,0.0,0.0,1.0,0.037037037037037035,0.0,0.0,0.0,0.8,0.14814814814814814,1.0,0.18518518518518517,1.0,0.5,0.1006172839506173,0.6,0.2222222222222222,1.0,0.37037037037037035,1.0,0.5,0.15485008818342152,0.6666666666666666,0.37037037037037035,1.0,0.5555555555555556,1.0,0.5,0.24971201637868304,0.5,0.37037037037037035,1.0,0.7407407407407407,1.0,0.5,0.24971201637868304,0.44,0.4074074074074074,1.0,0.9259259259259259,1.0,0.5,0.26668732502065834,0.4,0.4444444444444444,0.9,1.0,1.0,0.5,0.28201299551874265,0.37142857142857144,0.48148148148148145,0.7714285714285715,1.0,1.0,0.5,0.2975446562116936,0.35,0.5185185185185185,0.675,1.0,1.0,0.5,0.31155867022570766,0.3111111111111111,0.5185185185185185,0.6,1.0,1.0,0.5,0.31155867022570766,0.3,0.5555555555555556,0.54,1.0,1.0,0.5,0.3231327442997817,qwen3_06b-dj_adpt,7,webtable-cl_optim-v=12-distilroberta-dj_adpt~qwen3_8b-dj_adpt
pte_has_property.pq::Arg0,1.0,0.03125,1.0,0.03125,1.0,1.0,0.03125,1.0,0.15625,1.0,0.15625,1.0,1.0,0.15625,1.0,0.3125,1.0,0.3125,1.0,1.0,0.3125,0.7333333333333333,0.34375,1.0,0.46875,1.0,1.0,0.3411458333333333,0.65,0.40625,1.0,0.625,1.0,1.0,0.38458623581011353,0.56,0.4375,1.0,0.78125,1.0,1.0,0.40541956914344685,0.4666666666666667,0.4375,1.0,0.9375,1.0,1.0,0.40541956914344685,0.4,0.4375,0.9142857142857143,1.0,1.0,1.0,0.40541956914344685,0.35,0.4375,0.8,1.0,1.0,1.0,0.40541956914344685,0.3111111111111111,0.4375,0.7111111111111111,1.0,1.0,1.0,0.40541956914344685,0.28,0.4375,0.64,1.0,1.0,1.0,0.40541956914344685,qwen3_06b-dj_adpt,7,webtable-cl_optim-v=12-distilroberta-dj_adpt~qwen3_8b-dj_adpt
cwurData.pq::country,1.0,0.03333333333333333,1.0,0.03333333333333333,1.0,1.0,0.03333333333333333,0.6,0.1,1.0,0.16666666666666666,1.0,1.0,0.1,0.8,0.26666666666666666,1.0,0.3333333333333333,1.0,1.0,0.22362433862433864,0.8,0.4,1.0,0.5,1.0,1.0,0.32939523439523444,0.75,0.5,1.0,0.6666666666666666,1.0,1.0,0.4071271458732759,0.68,0.5666666666666667,1.0,0.8333333333333334,1.0,1.0,0.455190637936768,0.6,0.6,1.0,1.0,1.0,1.0,0.4774128601589902,0.5428571428571428,0.6333333333333333,0.8571428571428571,1.0,1.0,1.0,0.4966047793509094,0.5,0.6666666666666666,0.75,1.0,1.0,1.0,0.5151232978694279,0.4666666666666667,0.7,0.6666666666666666,1.0,1.0,1.0,0.5310323887785188,0.42,0.7,0.6,1.0,1.0,1.0,0.5310323887785188,qwen3_4b-dj_adpt,8,webtable-cl_optim-v=12-distilroberta-dj_adpt~qwen3_8b-dj_adpt
countries_and_continents.pq::ISO4217-currency_country_name,1.0,0.037037037037037035,1.0,0.037037037037037035,1.0,1.0,0.037037037037037035,0.8,0.14814814814814814,1.0,0.18518518518518517,1.0,1.0,0.11913580246913581,0.7,0.25925925925925924,1.0,0.37037037037037035,1.0,1.0,0.21415343915343918,0.6666666666666666,0.37037037037037035,1.0,0.5555555555555556,1.0,1.0,0.2931855181855182,0.55,0.4074074074074074,1.0,0.7407407407407407,1.0,1.0,0.3171506597977186,0.48,0.4444444444444444,1.0,0.9259259259259259,1.0,1.0,0.33566917831623716,0.4,0.4444444444444444,0.9,1.0,1.0,1.0,0.33566917831623716,0.37142857142857144,0.48148148148148145,0.7714285714285715,1.0,1.0,1.0,0.3502595262399184,0.35,0.5185185185185185,0.675,1.0,1.0,1.0,0.36355487286859833,0.3333333333333333,0.5555555555555556,0.6,1.0,1.0,1.0,0.37647476950942527,0.3,0.5555555555555556,0.54,1.0,1.0,1.0,0.37647476950942527,qwen3_4b-dj_adpt,8,webtable-cl_optim-v=12-distilroberta-dj_adpt~qwen3_8b-dj_adpt
pte_imine.pq::Arg0,1.0,0.03125,1.0,0.03125,1.0,1.0,0.03125,1.0,0.15625,1.0,0.15625,1.0,1.0,0.15625,1.0,0.3125,1.0,0.3125,1.0,1.0,0.3125,1.0,0.46875,1.0,0.46875,1.0,1.0,0.46875,1.0,0.625,1.0,0.625,1.0,1.0,0.625,0.96,0.75,1.0,0.78125,1.0,1.0,0.74875,0.9666666666666667,0.90625,1.0,0.9375,1.0,1.0,0.8994053452135349,0.8857142857142857,0.96875,0.9142857142857143,1.0,1.0,1.0,0.9599207181974059,0.775,0.96875,0.8,1.0,1.0,1.0,0.9599207181974059,0.6888888888888889,0.96875,0.7111111111111111,1.0,1.0,1.0,0.9599207181974059,0.62,0.96875,0.64,1.0,1.0,1.0,0.9599207181974059,qwen3_4b-dj_adpt,8,webtable-cl_optim-v=12-distilroberta-dj_adpt~qwen3_8b-dj_adpt
countries_and_continents.pq::official_name_en,1.0,0.037037037037037035,1.0,0.037037037037037035,1.0,1.0,0.037037037037037035,1.0,0.18518518518518517,1.0,0.18518518518518517,1.0,1.0,0.18518518518518517,0.7,0.25925925925925924,1.0,0.37037037037037035,1.0,1.0,0.24814814814814815,0.5333333333333333,0.2962962962962963,1.0,0.5555555555555556,1.0,1.0,0.2750841750841751,0.45,0.3333333333333333,1.0,0.7407407407407407,1.0,1.0,0.29175084175084176,0.4,0.37037037037037035,1.0,0.9259259259259259,1.0,1.0,0.30938752605419273,0.4,0.4444444444444444,0.9,1.0,1.0,1.0,0.3392634611025415,0.34285714285714286,0.4444444444444444,0.7714285714285715,1.0,1.0,1.0,0.3392634611025415,0.325,0.48148148148148145,0.675,1.0,1.0,1.0,0.3519340264046858,0.3111111111111111,0.5185185185185185,0.6,1.0,1.0,1.0,0.36427970541703153,0.28,0.5185185185185185,0.54,1.0,1.0,1.0,0.36427970541703153,qwen3_4b-dj_adpt,8,webtable-cl_optim-v=12-distilroberta-dj_adpt~qwen3_8b-dj_adpt
world_country.pq::Name,1.0,0.034482758620689655,1.0,0.034482758620689655,1.0,1.0,0.034482758620689655,1.0,0.1724137931034483,1.0,0.1724137931034483,1.0,1.0,0.1724137931034483,0.7,0.2413793103448276,1.0,0.3448275862068966,1.0,1.0,0.23371647509578544,0.6,0.3103448275862069,1.0,0.5172413793103449,1.0,1.0,0.2756262894193929,0.6,0.41379310344827586,1.0,0.6896551724137931,1.0,1.0,0.3400293948842043,0.56,0.4827586206896552,1.0,0.8620689655172413,1.0,1.0,0.38236536975391233,0.5333333333333333,0.5517241379310345,0.9666666666666667,1.0,1.0,1.0,0.42128423923164027,0.45714285714285713,0.5517241379310345,0.8285714285714286,1.0,1.0,1.0,0.42128423923164027,0.45,0.6206896551724138,0.725,1.0,1.0,1.0,0.4539017024298657,0.4,0.6206896551724138,0.6444444444444445,1.0,1.0,1.0,0.4539017024298657,0.36,0.6206896551724138,0.58,1.0,1.0,1.0,0.4539017024298657,qwen3_4b-dj_adpt,8,webtable-cl_optim-v=12-distilroberta-dj_adpt~qwen3_8b-dj_adpt
pte_nitro.pq::Arg0,1.0,0.03125,1.0,0.03125,1.0,1.0,0.03125,1.0,0.15625,1.0,0.15625,1.0,1.0,0.15625,1.0,0.3125,1.0,0.3125,1.0,1.0,0.3125,1.0,0.46875,1.0,0.46875,1.0,1.0,0.46875,1.0,0.625,1.0,0.625,1.0,1.0,0.625,0.96,0.75,1.0,0.78125,1.0,1.0,0.75,0.9333333333333333,0.875,1.0,0.9375,1.0,1.0,0.8704470118802016,0.8857142857142857,0.96875,0.9142857142857143,1.0,1.0,1.0,0.9557685451856058,0.775,0.96875,0.8,1.0,1.0,1.0,0.9557685451856058,0.6888888888888889,0.96875,0.7111111111111111,1.0,1.0,1.0,0.9557685451856058,0.62,0.96875,0.64,1.0,1.0,1.0,0.9557685451856058,qwen3_4b-dj_adpt,8,webtable-cl_optim-v=12-distilroberta-dj_adpt~qwen3_8b-dj_adpt
pte_sulfide.pq::Arg0,1.0,0.03125,1.0,0.03125,1.0,1.0,0.03125,1.0,0.15625,1.0,0.15625,1.0,1.0,0.15625,1.0,0.3125,1.0,0.3125,1.0,1.0,0.3125,1.0,0.46875,1.0,0.46875,1.0,1.0,0.46875,1.0,0.625,1.0,0.625,1.0,1.0,0.625,1.0,0.78125,1.0,0.78125,1.0,1.0,0.78125,0.9666666666666667,0.90625,1.0,0.9375,1.0,1.0,0.9052083333333333,0.8571428571428571,0.9375,0.9142857142857143,1.0,1.0,1.0,0.932781862745098,0.75,0.9375,0.8,1.0,1.0,1.0,0.932781862745098,0.6888888888888889,0.96875,0.7111111111111111,1.0,1.0,1.0,0.9558473389355743,0.62,0.96875,0.64,1.0,1.0,1.0,0.9558473389355743,qwen3_4b-dj_adpt,8,webtable-cl_optim-v=12-distilroberta-dj_adpt~qwen3_8b-dj_adpt
pte_non_ar_hetero_6_ring.pq::Arg0,1.0,0.03125,1.0,0.03125,1.0,1.0,0.03125,1.0,0.15625,1.0,0.15625,1.0,1.0,0.15625,1.0,0.3125,1.0,0.3125,1.0,1.0,0.3125,1.0,0.46875,1.0,0.46875,1.0,1.0,0.46875,1.0,0.625,1.0,0.625,1.0,1.0,0.625,1.0,0.78125,1.0,0.78125,1.0,1.0,0.78125,1.0,0.9375,1.0,0.9375,1.0,1.0,0.9375,0.8571428571428571,0.9375,0.9142857142857143,1.0,1.0,1.0,0.9375,0.75,0.9375,0.8,1.0,1.0,1.0,0.9375,0.6888888888888889,0.96875,0.7111111111111111,1.0,1.0,1.0,0.9595170454545454,0.62,0.96875,0.64,1.0,1.0,1.0,0.9595170454545454,qwen3_4b-dj_adpt,8,webtable-cl_optim-v=12-distilroberta-dj_adpt~qwen3_8b-dj_adpt
Word_University_Rank_2020.pq::Country,1.0,0.03333333333333333,1.0,0.03333333333333333,1.0,1.0,0.03333333333333333,0.8,0.13333333333333333,1.0,0.16666666666666666,1.0,1.0,0.12666666666666665,0.8,0.26666666666666666,1.0,0.3333333333333333,1.0,1.0,0.23203703703703704,0.8,0.4,1.0,0.5,1.0,1.0,0.3378079328079328,0.75,0.5,1.0,0.6666666666666666,1.0,1.0,0.42012002431120077,0.64,0.5333333333333333,1.0,0.8333333333333334,1.0,1.0,0.44145335764453414,0.6333333333333333,0.6333333333333333,1.0,1.0,1.0,1.0,0.5050489957229308,0.5714285714285714,0.6666666666666666,0.8571428571428571,1.0,1.0,1.0,0.5246568388601857,0.5,0.6666666666666666,0.75,1.0,1.0,1.0,0.5246568388601857,0.4444444444444444,0.6666666666666666,0.6666666666666666,1.0,1.0,1.0,0.5246568388601857,0.42,0.7,0.6,1.0,1.0,1.0,0.5386568388601858,qwen3_4b-dj_adpt,8,webtable-cl_optim-v=12-distilroberta-dj_adpt~qwen3_8b-dj_adpt
gender_development.pq::Country,1.0,0.03333333333333333,1.0,0.03333333333333333,1.0,1.0,0.03333333333333333,1.0,0.16666666666666666,1.0,0.16666666666666666,1.0,1.0,0.16666666666666666,1.0,0.3333333333333333,1.0,0.3333333333333333,1.0,1.0,0.3333333333333333,1.0,0.5,1.0,0.5,1.0,1.0,0.5,0.9,0.6,1.0,0.6666666666666666,1.0,1.0,0.6,0.8,0.6666666666666666,1.0,0.8333333333333334,1.0,1.0,0.6577733860342556,0.7,0.7,1.0,1.0,1.0,1.0,0.6811067193675889,0.6285714285714286,0.7333333333333333,0.8571428571428571,1.0,1.0,1.0,0.7033289415898112,0.55,0.7333333333333333,0.75,1.0,1.0,1.0,0.7033289415898112,0.5111111111111111,0.7666666666666667,0.6666666666666666,1.0,1.0,1.0,0.7207531840140536,0.5,0.8333333333333334,0.6,1.0,1.0,1.0,0.7551355717209094,qwen3_4b-dj_adpt,8,webtable-cl_optim-v=12-distilroberta-dj_adpt~qwen3_8b-dj_adpt
pte_testactive_Neg.pq::Arg0,1.0,0.03125,1.0,0.03125,1.0,1.0,0.03125,1.0,0.15625,1.0,0.15625,1.0,1.0,0.15625,1.0,0.3125,1.0,0.3125,1.0,1.0,0.3125,1.0,0.46875,1.0,0.46875,1.0,1.0,0.46875,1.0,0.625,1.0,0.625,1.0,1.0,0.625,1.0,0.78125,1.0,0.78125,1.0,1.0,0.78125,0.9666666666666667,0.90625,1.0,0.9375,1.0,1.0,0.90625,0.8571428571428571,0.9375,0.9142857142857143,1.0,1.0,1.0,0.936491935483871,0.75,0.9375,0.8,1.0,1.0,1.0,0.936491935483871,0.6888888888888889,0.96875,0.7111111111111111,1.0,1.0,1.0,0.9590210052513128,0.62,0.96875,0.64,1.0,1.0,1.0,0.9590210052513128,qwen3_4b-dj_adpt,8,webtable-cl_optim-v=12-distilroberta-dj_adpt~qwen3_8b-dj_adpt
edu.pq::country,1.0,0.03333333333333333,1.0,0.03333333333333333,1.0,1.0,0.03333333333333333,0.8,0.13333333333333333,1.0,0.16666666666666666,1.0,1.0,0.10722222222222223,0.6,0.2,1.0,0.3333333333333333,1.0,1.0,0.1635714285714286,0.4666666666666667,0.23333333333333334,1.0,0.5,1.0,1.0,0.18023809523809525,0.35,0.23333333333333334,1.0,0.6666666666666666,1.0,1.0,0.18023809523809525,0.4,0.3333333333333333,1.0,0.8333333333333334,1.0,1.0,0.21819264069264072,0.36666666666666664,0.36666666666666664,1.0,1.0,1.0,1.0,0.2322952047952048,0.34285714285714286,0.4,0.8571428571428571,1.0,1.0,1.0,0.24405991067755775,0.375,0.5,0.75,1.0,1.0,1.0,0.28087764946898075,0.3333333333333333,0.5,0.6666666666666666,1.0,1.0,1.0,0.28087764946898075,0.34,0.5666666666666667,0.6,1.0,1.0,1.0,0.3035585005328105,qwen3_4b-dj_adpt,8,webtable-cl_optim-v=12-distilroberta-dj_adpt~qwen3_8b-dj_adpt
AdventureWorks2014_CountryRegion.pq::Name,1.0,0.03333333333333333,1.0,0.03333333333333333,1.0,1.0,0.03333333333333333,1.0,0.16666666666666666,1.0,0.16666666666666666,1.0,1.0,0.16666666666666666,0.8,0.26666666666666666,1.0,0.3333333333333333,1.0,1.0,0.26296296296296295,0.6,0.3,1.0,0.5,1.0,1.0,0.28439153439153436,0.6,0.4,1.0,0.6666666666666666,1.0,1.0,0.3443697478991597,0.56,0.4666666666666667,1.0,0.8333333333333334,1.0,1.0,0.38444911297852474,0.5333333333333333,0.5333333333333333,1.0,1.0,1.0,1.0,0.42145765998707174,0.4857142857142857,0.5666666666666667,0.8571428571428571,1.0,1.0,1.0,0.43862937715878897,0.45,0.6,0.75,1.0,1.0,1.0,0.4540139925434043,0.4,0.6,0.6666666666666666,1.0,1.0,1.0,0.4540139925434043,0.36,0.6,0.6,1.0,1.0,1.0,0.4540139925434043,qwen3_4b-dj_adpt,8,webtable-cl_optim-v=12-distilroberta-dj_adpt~qwen3_8b-dj_adpt
pte_methoxy.pq::Arg0,1.0,0.03125,1.0,0.03125,1.0,1.0,0.03125,1.0,0.15625,1.0,0.15625,1.0,1.0,0.15625,1.0,0.3125,1.0,0.3125,1.0,1.0,0.3125,1.0,0.46875,1.0,0.46875,1.0,1.0,0.46875,1.0,0.625,1.0,0.625,1.0,1.0,0.625,1.0,0.78125,1.0,0.78125,1.0,1.0,0.78125,0.9666666666666667,0.90625,1.0,0.9375,1.0,1.0,0.901857268290458,0.8571428571428571,0.9375,0.9142857142857143,1.0,1.0,1.0,0.9320992037743289,0.775,0.96875,0.8,1.0,1.0,1.0,0.9563179537743289,0.6888888888888889,0.96875,0.7111111111111111,1.0,1.0,1.0,0.9563179537743289,0.62,0.96875,0.64,1.0,1.0,1.0,0.9563179537743289,qwen3_4b-dj_adpt,8,webtable-cl_optim-v=12-distilroberta-dj_adpt~qwen3_8b-dj_adpt
world-cities.pq::country,1.0,0.03333333333333333,1.0,0.03333333333333333,1.0,1.0,0.03333333333333333,1.0,0.16666666666666666,1.0,0.16666666666666666,1.0,1.0,0.16666666666666666,1.0,0.3333333333333333,1.0,0.3333333333333333,1.0,1.0,0.3333333333333333,0.9333333333333333,0.4666666666666667,1.0,0.5,1.0,1.0,0.4666666666666667,0.85,0.5666666666666667,1.0,0.6666666666666666,1.0,1.0,0.5524819401444788,0.72,0.6,1.0,0.8333333333333334,1.0,1.0,0.5810533687159075,0.6333333333333333,0.6333333333333333,1.0,1.0,1.0,1.0,0.6021644798270186,0.5714285714285714,0.6666666666666666,0.8571428571428571,1.0,1.0,1.0,0.6212120988746376,0.525,0.7,0.75,1.0,1.0,1.0,0.6391608168233556,0.5111111111111111,0.7666666666666667,0.6666666666666666,1.0,1.0,1.0,0.6748764530494852,0.46,0.7666666666666667,0.6,1.0,1.0,1.0,0.6748764530494852,qwen3_4b-dj_adpt,8,webtable-cl_optim-v=12-distilroberta-dj_adpt~qwen3_8b-dj_adpt
movies.pq::country,1.0,0.03333333333333333,1.0,0.03333333333333333,1.0,1.0,0.03333333333333333,0.6,0.1,1.0,0.16666666666666666,1.0,1.0,0.08666666666666667,0.7,0.23333333333333334,1.0,0.3333333333333333,1.0,1.0,0.18362433862433863,0.8,0.4,1.0,0.5,1.0,1.0,0.3113649313649314,0.8,0.5333333333333333,1.0,0.6666666666666666,1.0,1.0,0.4157635095096396,0.64,0.5333333333333333,1.0,0.8333333333333334,1.0,1.0,0.4157635095096396,0.6333333333333333,0.6333333333333333,1.0,1.0,1.0,1.0,0.48082603319285283,0.5428571428571428,0.6333333333333333,0.8571428571428571,1.0,1.0,1.0,0.48082603319285283,0.5,0.6666666666666666,0.75,1.0,1.0,1.0,0.49792005028687,0.4444444444444444,0.6666666666666666,0.6666666666666666,1.0,1.0,1.0,0.49792005028687,0.42,0.7,0.6,1.0,1.0,1.0,0.5131374415912178,qwen3_4b-dj_adpt,8,webtable-cl_optim-v=12-distilroberta-dj_adpt~qwen3_8b-dj_adpt
countries_data.pq::CountryName,1.0,0.03333333333333333,1.0,0.03333333333333333,1.0,1.0,0.03333333333333333,1.0,0.16666666666666666,1.0,0.16666666666666666,1.0,1.0,0.16666666666666666,0.9,0.3,1.0,0.3333333333333333,1.0,1.0,0.2966666666666667,0.8666666666666667,0.43333333333333335,1.0,0.5,1.0,1.0,0.41498556998556996,0.8,0.5333333333333333,1.0,0.6666666666666666,1.0,1.0,0.49828450359410115,0.68,0.5666666666666667,1.0,0.8333333333333334,1.0,1.0,0.5209511702607678,0.5666666666666667,0.5666666666666667,1.0,1.0,1.0,1.0,0.5209511702607678,0.5428571428571428,0.6333333333333333,0.8571428571428571,1.0,1.0,1.0,0.5588930894526869,0.475,0.6333333333333333,0.75,1.0,1.0,1.0,0.5588930894526869,0.4444444444444444,0.6666666666666666,0.6666666666666666,1.0,1.0,1.0,0.575153252054313,0.42,0.7,0.6,1.0,1.0,1.0,0.5903706433586609,qwen3_4b-dj_adpt,8,webtable-cl_optim-v=12-distilroberta-dj_adpt~qwen3_8b-dj_adpt
pte_alcohol.pq::Arg0,1.0,0.03125,1.0,0.03125,1.0,1.0,0.03125,1.0,0.15625,1.0,0.15625,1.0,1.0,0.15625,1.0,0.3125,1.0,0.3125,1.0,1.0,0.3125,1.0,0.46875,1.0,0.46875,1.0,1.0,0.46875,0.9,0.5625,1.0,0.625,1.0,1.0,0.559375,0.88,0.6875,1.0,0.78125,1.0,1.0,0.6709016504329004,0.8666666666666667,0.8125,1.0,0.9375,1.0,1.0,0.7803466474856561,0.8857142857142857,0.96875,0.9142857142857143,1.0,1.0,1.0,0.9176223614735973,0.775,0.96875,0.8,1.0,1.0,1.0,0.9176223614735973,0.6888888888888889,0.96875,0.7111111111111111,1.0,1.0,1.0,0.9176223614735973,0.62,0.96875,0.64,1.0,1.0,1.0,0.9176223614735973,qwen3_4b-dj_adpt,8,webtable-cl_optim-v=12-distilroberta-dj_adpt~qwen3_8b-dj_adpt
pte_phenol.pq::Arg0,1.0,0.03125,1.0,0.03125,1.0,1.0,0.03125,1.0,0.15625,1.0,0.15625,1.0,1.0,0.15625,1.0,0.3125,1.0,0.3125,1.0,1.0,0.3125,1.0,0.46875,1.0,0.46875,1.0,1.0,0.46875,1.0,0.625,1.0,0.625,1.0,1.0,0.625,1.0,0.78125,1.0,0.78125,1.0,1.0,0.78125,0.9333333333333333,0.875,1.0,0.9375,1.0,1.0,0.8739224137931034,0.8571428571428571,0.9375,0.9142857142857143,1.0,1.0,1.0,0.9324531597608454,0.75,0.9375,0.8,1.0,1.0,1.0,0.9324531597608454,0.6888888888888889,0.96875,0.7111111111111111,1.0,1.0,1.0,0.9544702052153908,0.62,0.96875,0.64,1.0,1.0,1.0,0.9544702052153908,qwen3_4b-dj_adpt,8,webtable-cl_optim-v=12-distilroberta-dj_adpt~qwen3_8b-dj_adpt
pte_ester.pq::Arg0,1.0,0.03125,1.0,0.03125,1.0,1.0,0.03125,1.0,0.15625,1.0,0.15625,1.0,1.0,0.15625,1.0,0.3125,1.0,0.3125,1.0,1.0,0.3125,1.0,0.46875,1.0,0.46875,1.0,1.0,0.46875,1.0,0.625,1.0,0.625,1.0,1.0,0.625,1.0,0.78125,1.0,0.78125,1.0,1.0,0.78125,1.0,0.9375,1.0,0.9375,1.0,1.0,0.9375,0.8571428571428571,0.9375,0.9142857142857143,1.0,1.0,1.0,0.9375,0.75,0.9375,0.8,1.0,1.0,1.0,0.9375,0.6666666666666666,0.9375,0.7111111111111111,1.0,1.0,1.0,0.9375,0.62,0.96875,0.64,1.0,1.0,1.0,0.9572704081632653,qwen3_4b-dj_adpt,8,webtable-cl_optim-v=12-distilroberta-dj_adpt~qwen3_8b-dj_adpt
pte_non_ar_hetero_5_ring.pq::Arg0,1.0,0.03125,1.0,0.03125,1.0,1.0,0.03125,1.0,0.15625,1.0,0.15625,1.0,1.0,0.15625,1.0,0.3125,1.0,0.3125,1.0,1.0,0.3125,1.0,0.46875,1.0,0.46875,1.0,1.0,0.46875,1.0,0.625,1.0,0.625,1.0,1.0,0.625,1.0,0.78125,1.0,0.78125,1.0,1.0,0.78125,0.9666666666666667,0.90625,1.0,0.9375,1.0,1.0,0.9041307471264368,0.8571428571428571,0.9375,0.9142857142857143,1.0,1.0,1.0,0.9334276221264368,0.75,0.9375,0.8,1.0,1.0,1.0,0.9334276221264368,0.6666666666666666,0.9375,0.7111111111111111,1.0,1.0,1.0,0.9334276221264368,0.62,0.96875,0.64,1.0,1.0,1.0,0.9536099137931034,qwen3_4b-dj_adpt,8,webtable-cl_optim-v=12-distilroberta-dj_adpt~qwen3_8b-dj_adpt
population_by_country_2020.pq::CountryDependency,1.0,0.03333333333333333,1.0,0.03333333333333333,1.0,1.0,0.03333333333333333,1.0,0.16666666666666666,1.0,0.16666666666666666,1.0,1.0,0.16666666666666666,1.0,0.3333333333333333,1.0,0.3333333333333333,1.0,1.0,0.3333333333333333,0.9333333333333333,0.4666666666666667,1.0,0.5,1.0,1.0,0.46206349206349207,0.7,0.4666666666666667,1.0,0.6666666666666666,1.0,1.0,0.46206349206349207,0.56,0.4666666666666667,1.0,0.8333333333333334,1.0,1.0,0.46206349206349207,0.4666666666666667,0.4666666666666667,1.0,1.0,1.0,1.0,0.46206349206349207,0.4,0.4666666666666667,0.8571428571428571,1.0,1.0,1.0,0.46206349206349207,0.4,0.5333333333333333,0.75,1.0,1.0,1.0,0.4899874686716792,0.35555555555555557,0.5333333333333333,0.6666666666666666,1.0,1.0,1.0,0.4899874686716792,0.34,0.5666666666666667,0.6,1.0,1.0,1.0,0.5015520945220193,qwen3_4b-dj_adpt,8,webtable-cl_optim-v=12-distilroberta-dj_adpt~qwen3_8b-dj_adpt
pte_non_ar_5c_ring.pq::Arg0,1.0,0.03125,1.0,0.03125,1.0,1.0,0.03125,1.0,0.15625,1.0,0.15625,1.0,1.0,0.15625,1.0,0.3125,1.0,0.3125,1.0,1.0,0.3125,1.0,0.46875,1.0,0.46875,1.0,1.0,0.46875,0.95,0.59375,1.0,0.625,1.0,1.0,0.5905427631578948,0.92,0.71875,1.0,0.78125,1.0,1.0,0.7048802960959711,0.9333333333333333,0.875,1.0,0.9375,1.0,1.0,0.8499409865230408,0.8857142857142857,0.96875,0.9142857142857143,1.0,1.0,1.0,0.9378277930968434,0.775,0.96875,0.8,1.0,1.0,1.0,0.9378277930968434,0.6888888888888889,0.96875,0.7111111111111111,1.0,1.0,1.0,0.9378277930968434,0.62,0.96875,0.64,1.0,1.0,1.0,0.9378277930968434,qwen3_4b-dj_adpt,8,webtable-cl_optim-v=12-distilroberta-dj_adpt~qwen3_8b-dj_adpt
fifa_ranking.pq::country_full,1.0,0.03333333333333333,1.0,0.03333333333333333,1.0,1.0,0.03333333333333333,1.0,0.16666666666666666,1.0,0.16666666666666666,1.0,1.0,0.16666666666666666,1.0,0.3333333333333333,1.0,0.3333333333333333,1.0,1.0,0.3333333333333333,1.0,0.5,1.0,0.5,1.0,1.0,0.5,0.85,0.5666666666666667,1.0,0.6666666666666666,1.0,1.0,0.5564035087719298,0.72,0.6,1.0,0.8333333333333334,1.0,1.0,0.5804035087719298,0.6333333333333333,0.6333333333333333,1.0,1.0,1.0,1.0,0.6022425892316999,0.6285714285714286,0.7333333333333333,0.8571428571428571,1.0,1.0,1.0,0.6646165388115318,0.6,0.8,0.75,1.0,1.0,1.0,0.7059128351078281,0.5333333333333333,0.8,0.6666666666666666,1.0,1.0,1.0,0.7059128351078281,0.52,0.8666666666666667,0.6,1.0,1.0,1.0,0.7409766648950622,qwen3_4b-dj_adpt,8,webtable-cl_optim-v=12-distilroberta-dj_adpt~qwen3_8b-dj_adpt
countries_of_the_world.pq::Country,1.0,0.03333333333333333,1.0,0.03333333333333333,1.0,1.0,0.03333333333333333,1.0,0.16666666666666666,1.0,0.16666666666666666,1.0,1.0,0.16666666666666666,1.0,0.3333333333333333,1.0,0.3333333333333333,1.0,1.0,0.3333333333333333,0.9333333333333333,0.4666666666666667,1.0,0.5,1.0,1.0,0.46206349206349207,0.75,0.5,1.0,0.6666666666666666,1.0,1.0,0.4870634920634921,0.68,0.5666666666666667,1.0,0.8333333333333334,1.0,1.0,0.533972582972583,0.6333333333333333,0.6333333333333333,1.0,1.0,1.0,1.0,0.5757733492561079,0.6,0.7,0.8571428571428571,1.0,1.0,1.0,0.6166066825894413,0.55,0.7333333333333333,0.75,1.0,1.0,1.0,0.6349400159227745,0.5111111111111111,0.7666666666666667,0.6666666666666666,1.0,1.0,1.0,0.652364258347017,0.48,0.8,0.6,1.0,1.0,1.0,0.668364258347017,qwen3_4b-dj_adpt,8,webtable-cl_optim-v=12-distilroberta-dj_adpt~qwen3_8b-dj_adpt
pte_ketone.pq::Arg0,1.0,0.03125,1.0,0.03125,1.0,1.0,0.03125,1.0,0.15625,1.0,0.15625,1.0,1.0,0.15625,1.0,0.3125,1.0,0.3125,1.0,1.0,0.3125,1.0,0.46875,1.0,0.46875,1.0,1.0,0.46875,0.95,0.59375,1.0,0.625,1.0,1.0,0.59375,0.84,0.65625,1.0,0.78125,1.0,1.0,0.650691699604743,0.7666666666666667,0.71875,1.0,0.9375,1.0,1.0,0.7000297537919352,0.7428571428571429,0.8125,0.9142857142857143,1.0,1.0,1.0,0.7696594806826915,0.65,0.8125,0.8,1.0,1.0,1.0,0.7696594806826915,0.6666666666666666,0.9375,0.7111111111111111,1.0,1.0,1.0,0.8529809970373899,0.6,0.9375,0.64,1.0,1.0,1.0,0.8529809970373899,qwen3_4b-dj_adpt,8,webtable-cl_optim-v=12-distilroberta-dj_adpt~qwen3_8b-dj_adpt
who_suicide_statistics.pq::country,1.0,0.03333333333333333,1.0,0.03333333333333333,1.0,1.0,0.03333333333333333,1.0,0.16666666666666666,1.0,0.16666666666666666,1.0,1.0,0.16666666666666666,1.0,0.3333333333333333,1.0,0.3333333333333333,1.0,1.0,0.3333333333333333,0.9333333333333333,0.4666666666666667,1.0,0.5,1.0,1.0,0.46444444444444444,0.85,0.5666666666666667,1.0,0.6666666666666666,1.0,1.0,0.5502597179222567,0.76,0.6333333333333333,1.0,0.8333333333333334,1.0,1.0,0.6050686770790418,0.6666666666666666,0.6666666666666666,1.0,1.0,1.0,1.0,0.6307097027200675,0.6571428571428571,0.7666666666666667,0.8571428571428571,1.0,1.0,1.0,0.6967116868470515,0.625,0.8333333333333334,0.75,1.0,1.0,1.0,0.7408637336306774,0.5555555555555556,0.8333333333333334,0.6666666666666666,1.0,1.0,1.0,0.7408637336306774,0.5,0.8333333333333334,0.6,1.0,1.0,1.0,0.7408637336306774,qwen3_4b-dj_adpt,8,webtable-cl_optim-v=12-distilroberta-dj_adpt~qwen3_8b-dj_adpt
UKDebate.pq::country,1.0,0.03333333333333333,1.0,0.03333333333333333,1.0,1.0,0.03333333333333333,0.2,0.03333333333333333,1.0,0.16666666666666666,1.0,1.0,0.03333333333333333,0.2,0.06666666666666667,1.0,0.3333333333333333,1.0,1.0,0.041666666666666664,0.2,0.1,1.0,0.5,1.0,1.0,0.04880952380952381,0.25,0.16666666666666666,1.0,0.6666666666666666,1.0,1.0,0.06416040100250626,0.2,0.16666666666666666,1.0,0.8333333333333334,1.0,1.0,0.06416040100250626,0.26666666666666666,0.26666666666666666,1.0,1.0,1.0,1.0,0.0896900863023065,0.2857142857142857,0.3333333333333333,0.8571428571428571,1.0,1.0,1.0,0.10889131518095474,0.275,0.36666666666666664,0.75,1.0,1.0,1.0,0.11907650036613994,0.24444444444444444,0.36666666666666664,0.6666666666666666,1.0,1.0,1.0,0.11907650036613994,0.22,0.36666666666666664,0.6,1.0,1.0,1.0,0.11907650036613994,qwen3_4b-dj_adpt,8,webtable-cl_optim-v=12-distilroberta-dj_adpt~qwen3_8b-dj_adpt
World_countries_env_vars.pq::Country,1.0,0.03333333333333333,1.0,0.03333333333333333,1.0,1.0,0.03333333333333333,1.0,0.16666666666666666,1.0,0.16666666666666666,1.0,1.0,0.16666666666666666,1.0,0.3333333333333333,1.0,0.3333333333333333,1.0,1.0,0.3333333333333333,0.8,0.4,1.0,0.5,1.0,1.0,0.39743589743589747,0.7,0.4666666666666667,1.0,0.6666666666666666,1.0,1.0,0.4488520194402547,0.64,0.5333333333333333,1.0,0.8333333333333334,1.0,1.0,0.4969039674922028,0.5666666666666667,0.5666666666666667,1.0,1.0,1.0,1.0,0.517142062730298,0.5142857142857142,0.6,0.8571428571428571,1.0,1.0,1.0,0.5347891215538275,0.5,0.6666666666666666,0.75,1.0,1.0,1.0,0.5699255737955428,0.4444444444444444,0.6666666666666666,0.6666666666666666,1.0,1.0,1.0,0.5699255737955428,0.42,0.7,0.6,1.0,1.0,1.0,0.5839255737955429,qwen3_4b-dj_adpt,8,webtable-cl_optim-v=12-distilroberta-dj_adpt~qwen3_8b-dj_adpt
USA_cars_datasets.pq::country,0.0,0.0,1.0,0.03333333333333333,0.0,0.0,0.0,0.2,0.03333333333333333,1.0,0.16666666666666666,1.0,0.5,0.016666666666666666,0.1,0.03333333333333333,1.0,0.3333333333333333,1.0,0.5,0.016666666666666666,0.13333333333333333,0.06666666666666667,1.0,0.5,1.0,0.5,0.021428571428571425,0.2,0.13333333333333333,1.0,0.6666666666666666,1.0,0.5,0.03400167084377611,0.2,0.16666666666666666,1.0,0.8333333333333334,1.0,0.5,0.041938178780284045,0.2,0.2,1.0,1.0,1.0,0.5,0.048834730504421976,0.17142857142857143,0.2,0.8571428571428571,1.0,1.0,0.5,0.048834730504421976,0.15,0.2,0.75,1.0,1.0,0.5,0.048834730504421976,0.13333333333333333,0.2,0.6666666666666666,1.0,1.0,0.5,0.048834730504421976,0.14,0.23333333333333334,0.6,1.0,1.0,0.5,0.053596635266326735,qwen3_4b-dj_adpt,8,webtable-cl_optim-v=12-distilroberta-dj_adpt~qwen3_8b-dj_adpt
netflix_titles.pq::country,1.0,0.03333333333333333,1.0,0.03333333333333333,1.0,1.0,0.03333333333333333,1.0,0.16666666666666666,1.0,0.16666666666666666,1.0,1.0,0.16666666666666666,1.0,0.3333333333333333,1.0,0.3333333333333333,1.0,1.0,0.3333333333333333,0.9333333333333333,0.4666666666666667,1.0,0.5,1.0,1.0,0.4666666666666667,0.85,0.5666666666666667,1.0,0.6666666666666666,1.0,1.0,0.5555326224056875,0.72,0.6,1.0,0.8333333333333334,1.0,1.0,0.5828053496784147,0.6,0.6,1.0,1.0,1.0,1.0,0.5828053496784147,0.5714285714285714,0.6666666666666666,0.8571428571428571,1.0,1.0,1.0,0.6227990365471016,0.5,0.6666666666666666,0.75,1.0,1.0,1.0,0.6227990365471016,0.4888888888888889,0.7333333333333333,0.6666666666666666,1.0,1.0,1.0,0.6565199667796597,0.44,0.7333333333333333,0.6,1.0,1.0,1.0,0.6565199667796597,qwen3_4b-dj_adpt,8,webtable-cl_optim-v=12-distilroberta-dj_adpt~qwen3_8b-dj_adpt
pte_ames.pq::Arg0,1.0,0.03125,1.0,0.03125,1.0,1.0,0.03125,1.0,0.15625,1.0,0.15625,1.0,1.0,0.15625,1.0,0.3125,1.0,0.3125,1.0,1.0,0.3125,1.0,0.46875,1.0,0.46875,1.0,1.0,0.46875,0.85,0.53125,1.0,0.625,1.0,1.0,0.5295138888888888,0.76,0.59375,1.0,0.78125,1.0,1.0,0.5788320707070707,0.6333333333333333,0.59375,1.0,0.9375,1.0,1.0,0.5788320707070707,0.6285714285714286,0.6875,0.9142857142857143,1.0,1.0,1.0,0.6373076484381631,0.65,0.8125,0.8,1.0,1.0,1.0,0.7173543196032554,0.6222222222222222,0.875,0.7111111111111111,1.0,1.0,1.0,0.7573299689539047,0.58,0.90625,0.64,1.0,1.0,1.0,0.7758248669130884,qwen3_4b-dj_adpt,8,webtable-cl_optim-v=12-distilroberta-dj_adpt~qwen3_8b-dj_adpt
movie_metadata.pq::country,1.0,0.03333333333333333,1.0,0.03333333333333333,1.0,1.0,0.03333333333333333,0.8,0.13333333333333333,1.0,0.16666666666666666,1.0,1.0,0.12666666666666665,0.8,0.26666666666666666,1.0,0.3333333333333333,1.0,1.0,0.22806878306878306,0.8666666666666667,0.43333333333333335,1.0,0.5,1.0,1.0,0.3687847337847338,0.75,0.5,1.0,0.6666666666666666,1.0,1.0,0.41971065971065974,0.72,0.6,1.0,0.8333333333333334,1.0,1.0,0.4958650608650609,0.6666666666666666,0.6666666666666666,1.0,1.0,1.0,1.0,0.5415440732107399,0.5714285714285714,0.6666666666666666,0.8571428571428571,1.0,1.0,1.0,0.5415440732107399,0.525,0.7,0.75,1.0,1.0,1.0,0.5609885176551843,0.4666666666666667,0.7,0.6666666666666666,1.0,1.0,1.0,0.5609885176551843,0.42,0.7,0.6,1.0,1.0,1.0,0.5609885176551843,qwen3_4b-dj_adpt,8,webtable-cl_optim-v=12-distilroberta-dj_adpt~qwen3_8b-dj_adpt
world_country.pq::LocalName,1.0,0.034482758620689655,1.0,0.034482758620689655,1.0,1.0,0.034482758620689655,1.0,0.1724137931034483,1.0,0.1724137931034483,1.0,1.0,0.1724137931034483,0.7,0.2413793103448276,1.0,0.3448275862068966,1.0,1.0,0.23214285714285712,0.5333333333333333,0.27586206896551724,1.0,0.5172413793103449,1.0,1.0,0.2518472906403941,0.4,0.27586206896551724,1.0,0.6896551724137931,1.0,1.0,0.2518472906403941,0.48,0.41379310344827586,1.0,0.8620689655172413,1.0,1.0,0.31603273038805274,0.43333333333333335,0.4482758620689655,0.9666666666666667,1.0,1.0,1.0,0.3309752591236849,0.37142857142857144,0.4482758620689655,0.8285714285714286,1.0,1.0,1.0,0.3309752591236849,0.325,0.4482758620689655,0.725,1.0,1.0,1.0,0.3309752591236849,0.3333333333333333,0.5172413793103449,0.6444444444444445,1.0,1.0,1.0,0.35395768968430313,0.32,0.5517241379310345,0.58,1.0,1.0,1.0,0.36521736596861,qwen3_4b-dj_adpt,8,webtable-cl_optim-v=12-distilroberta-dj_adpt~qwen3_8b-dj_adpt
countries_metadatacountries.pq::CountryName,1.0,0.03333333333333333,1.0,0.03333333333333333,1.0,1.0,0.03333333333333333,1.0,0.16666666666666666,1.0,0.16666666666666666,1.0,1.0,0.16666666666666666,0.9,0.3,1.0,0.3333333333333333,1.0,1.0,0.2966666666666667,0.8666666666666667,0.43333333333333335,1.0,0.5,1.0,1.0,0.41718337218337215,0.8,0.5333333333333333,1.0,0.6666666666666666,1.0,1.0,0.5053914331855508,0.72,0.6,1.0,0.8333333333333334,1.0,1.0,0.5550291143449712,0.6666666666666666,0.6666666666666666,1.0,1.0,1.0,1.0,0.6023765944510718,0.6,0.7,0.8571428571428571,1.0,1.0,1.0,0.622376594451072,0.525,0.7,0.75,1.0,1.0,1.0,0.622376594451072,0.4666666666666667,0.7,0.6666666666666666,1.0,1.0,1.0,0.622376594451072,0.42,0.7,0.6,1.0,1.0,1.0,0.622376594451072,qwen3_4b-dj_adpt,8,webtable-cl_optim-v=12-distilroberta-dj_adpt~qwen3_8b-dj_adpt
pte_postestactive_neg.pq::Arg0,1.0,0.03125,1.0,0.03125,1.0,1.0,0.03125,1.0,0.15625,1.0,0.15625,1.0,1.0,0.15625,1.0,0.3125,1.0,0.3125,1.0,1.0,0.3125,1.0,0.46875,1.0,0.46875,1.0,1.0,0.46875,1.0,0.625,1.0,0.625,1.0,1.0,0.625,1.0,0.78125,1.0,0.78125,1.0,1.0,0.78125,0.9666666666666667,0.90625,1.0,0.9375,1.0,1.0,0.90625,0.8571428571428571,0.9375,0.9142857142857143,1.0,1.0,1.0,0.936491935483871,0.75,0.9375,0.8,1.0,1.0,1.0,0.936491935483871,0.6888888888888889,0.96875,0.7111111111111111,1.0,1.0,1.0,0.9590210052513128,0.62,0.96875,0.64,1.0,1.0,1.0,0.9590210052513128,qwen3_4b-dj_adpt,8,webtable-cl_optim-v=12-distilroberta-dj_adpt~qwen3_8b-dj_adpt
pte_alkyl_halide.pq::Arg0,1.0,0.03125,1.0,0.03125,1.0,1.0,0.03125,1.0,0.15625,1.0,0.15625,1.0,1.0,0.15625,1.0,0.3125,1.0,0.3125,1.0,1.0,0.3125,1.0,0.46875,1.0,0.46875,1.0,1.0,0.46875,1.0,0.625,1.0,0.625,1.0,1.0,0.625,1.0,0.78125,1.0,0.78125,1.0,1.0,0.78125,1.0,0.9375,1.0,0.9375,1.0,1.0,0.9375,0.8571428571428571,0.9375,0.9142857142857143,1.0,1.0,1.0,0.9375,0.75,0.9375,0.8,1.0,1.0,1.0,0.9375,0.6666666666666666,0.9375,0.7111111111111111,1.0,1.0,1.0,0.9375,0.6,0.9375,0.64,1.0,1.0,1.0,0.9375,qwen3_4b-dj_adpt,8,webtable-cl_optim-v=12-distilroberta-dj_adpt~qwen3_8b-dj_adpt
pte_testactive.pq::Arg0,1.0,0.03125,1.0,0.03125,1.0,1.0,0.03125,1.0,0.15625,1.0,0.15625,1.0,1.0,0.15625,1.0,0.3125,1.0,0.3125,1.0,1.0,0.3125,1.0,0.46875,1.0,0.46875,1.0,1.0,0.46875,1.0,0.625,1.0,0.625,1.0,1.0,0.625,1.0,0.78125,1.0,0.78125,1.0,1.0,0.78125,0.9666666666666667,0.90625,1.0,0.9375,1.0,1.0,0.90625,0.8571428571428571,0.9375,0.9142857142857143,1.0,1.0,1.0,0.936491935483871,0.75,0.9375,0.8,1.0,1.0,1.0,0.936491935483871,0.6666666666666666,0.9375,0.7111111111111111,1.0,1.0,1.0,0.936491935483871,0.62,0.96875,0.64,1.0,1.0,1.0,0.9571036376115305,qwen3_4b-dj_adpt,8,webtable-cl_optim-v=12-distilroberta-dj_adpt~qwen3_8b-dj_adpt
hfi_cc_2018.pq::countries,1.0,0.03333333333333333,1.0,0.03333333333333333,1.0,1.0,0.03333333333333333,1.0,0.16666666666666666,1.0,0.16666666666666666,1.0,1.0,0.16666666666666666,1.0,0.3333333333333333,1.0,0.3333333333333333,1.0,1.0,0.3333333333333333,0.9333333333333333,0.4666666666666667,1.0,0.5,1.0,1.0,0.4666666666666667,0.85,0.5666666666666667,1.0,0.6666666666666666,1.0,1.0,0.560770697167756,0.76,0.6333333333333333,1.0,0.8333333333333334,1.0,1.0,0.6181300045270633,0.7,0.7,1.0,1.0,1.0,1.0,0.6644518436075231,0.6571428571428571,0.7666666666666667,0.8571428571428571,1.0,1.0,1.0,0.7106567771938609,0.625,0.8333333333333334,0.75,1.0,1.0,1.0,0.7537123327494164,0.5777777777777777,0.8666666666666667,0.6666666666666666,1.0,1.0,1.0,0.7729715920086756,0.52,0.8666666666666667,0.6,1.0,1.0,1.0,0.7729715920086756,qwen3_4b-dj_adpt,8,webtable-cl_optim-v=12-distilroberta-dj_adpt~qwen3_8b-dj_adpt
wikipedia-iso-country-codes.pq::English_short_name_lower_case,1.0,0.03333333333333333,1.0,0.03333333333333333,1.0,1.0,0.03333333333333333,1.0,0.16666666666666666,1.0,0.16666666666666666,1.0,1.0,0.16666666666666666,0.8,0.26666666666666666,1.0,0.3333333333333333,1.0,1.0,0.26,0.6666666666666666,0.3333333333333333,1.0,0.5,1.0,1.0,0.30722222222222223,0.65,0.43333333333333335,1.0,0.6666666666666666,1.0,1.0,0.37533496732026145,0.56,0.4666666666666667,1.0,0.8333333333333334,1.0,1.0,0.39562482239272523,0.5,0.5,1.0,1.0,1.0,1.0,0.4141433409112437,0.45714285714285713,0.5333333333333333,0.8571428571428571,1.0,1.0,1.0,0.4303049570728599,0.45,0.6,0.75,1.0,1.0,1.0,0.4598348716027744,0.4,0.6,0.6666666666666666,1.0,1.0,1.0,0.4598348716027744,0.36,0.6,0.6,1.0,1.0,1.0,0.4598348716027744,qwen3_4b-dj_adpt,8,webtable-cl_optim-v=12-distilroberta-dj_adpt~qwen3_8b-dj_adpt
affirmative_asylum.pq::ContinentCountryofNationality,1.0,0.03125,1.0,0.03125,1.0,1.0,0.03125,0.4,0.0625,1.0,0.15625,1.0,1.0,0.046875,0.5,0.15625,1.0,0.3125,1.0,1.0,0.09988839285714285,0.5333333333333333,0.25,1.0,0.46875,1.0,1.0,0.15302015692640691,0.4,0.25,1.0,0.625,1.0,1.0,0.15302015692640691,0.44,0.34375,1.0,0.78125,1.0,1.0,0.19314120435723697,0.43333333333333335,0.40625,1.0,0.9375,1.0,1.0,0.22261057757661018,0.45714285714285713,0.5,0.9142857142857143,1.0,1.0,1.0,0.2665234334539318,0.45,0.5625,0.8,1.0,1.0,1.0,0.2953428778983762,0.4222222222222222,0.59375,0.7111111111111111,1.0,1.0,1.0,0.309479782660281,0.4,0.625,0.64,1.0,1.0,1.0,0.3230667391820201,qwen3_4b-dj_adpt,8,webtable-cl_optim-v=12-distilroberta-dj_adpt~qwen3_8b-dj_adpt
countries_and_continents.pq::name,1.0,0.037037037037037035,1.0,0.037037037037037035,1.0,1.0,0.037037037037037035,1.0,0.18518518518518517,1.0,0.18518518518518517,1.0,1.0,0.18518518518518517,0.6,0.2222222222222222,1.0,0.37037037037037035,1.0,1.0,0.2222222222222222,0.5333333333333333,0.2962962962962963,1.0,0.5555555555555556,1.0,1.0,0.2604938271604938,0.55,0.4074074074074074,1.0,0.7407407407407407,1.0,1.0,0.3257473977245219,0.48,0.4444444444444444,1.0,0.9259259259259259,1.0,1.0,0.34352517550229966,0.43333333333333335,0.48148148148148145,0.9,1.0,1.0,1.0,0.3613578229645768,0.37142857142857144,0.48148148148148145,0.7714285714285715,1.0,1.0,1.0,0.3613578229645768,0.4,0.5925925925925926,0.675,1.0,1.0,1.0,0.40637067207099314,0.37777777777777777,0.6296296296296297,0.6,1.0,1.0,1.0,0.42101322159726356,0.34,0.6296296296296297,0.54,1.0,1.0,1.0,0.42101322159726356,qwen3_4b-dj_adpt,8,webtable-cl_optim-v=12-distilroberta-dj_adpt~qwen3_8b-dj_adpt
pte_postestactive.pq::Arg0,1.0,0.03125,1.0,0.03125,1.0,1.0,0.03125,1.0,0.15625,1.0,0.15625,1.0,1.0,0.15625,1.0,0.3125,1.0,0.3125,1.0,1.0,0.3125,1.0,0.46875,1.0,0.46875,1.0,1.0,0.46875,1.0,0.625,1.0,0.625,1.0,1.0,0.625,0.96,0.75,1.0,0.78125,1.0,1.0,0.74875,0.9333333333333333,0.875,1.0,0.9375,1.0,1.0,0.8691970118802015,0.8857142857142857,0.96875,0.9142857142857143,1.0,1.0,1.0,0.9553326208158579,0.775,0.96875,0.8,1.0,1.0,1.0,0.9553326208158579,0.6888888888888889,0.96875,0.7111111111111111,1.0,1.0,1.0,0.9553326208158579,0.62,0.96875,0.64,1.0,1.0,1.0,0.9553326208158579,qwen3_4b-dj_adpt,8,webtable-cl_optim-v=12-distilroberta-dj_adpt~qwen3_8b-dj_adpt
pte_five_ring.pq::Arg0,1.0,0.03125,1.0,0.03125,1.0,1.0,0.03125,1.0,0.15625,1.0,0.15625,1.0,1.0,0.15625,1.0,0.3125,1.0,0.3125,1.0,1.0,0.3125,1.0,0.46875,1.0,0.46875,1.0,1.0,0.46875,1.0,0.625,1.0,0.625,1.0,1.0,0.625,1.0,0.78125,1.0,0.78125,1.0,1.0,0.78125,1.0,0.9375,1.0,0.9375,1.0,1.0,0.9375,0.8571428571428571,0.9375,0.9142857142857143,1.0,1.0,1.0,0.9375,0.75,0.9375,0.8,1.0,1.0,1.0,0.9375,0.6666666666666666,0.9375,0.7111111111111111,1.0,1.0,1.0,0.9375,0.6,0.9375,0.64,1.0,1.0,1.0,0.9375,qwen3_4b-dj_adpt,8,webtable-cl_optim-v=12-distilroberta-dj_adpt~qwen3_8b-dj_adpt
MoviesOnStreamingPlatforms_updated.pq::Country,1.0,0.03333333333333333,1.0,0.03333333333333333,1.0,1.0,0.03333333333333333,1.0,0.16666666666666666,1.0,0.16666666666666666,1.0,1.0,0.16666666666666666,1.0,0.3333333333333333,1.0,0.3333333333333333,1.0,1.0,0.3333333333333333,1.0,0.5,1.0,0.5,1.0,1.0,0.5,0.95,0.6333333333333333,1.0,0.6666666666666666,1.0,1.0,0.6299122807017544,0.76,0.6333333333333333,1.0,0.8333333333333334,1.0,1.0,0.6299122807017544,0.7333333333333333,0.7333333333333333,1.0,1.0,1.0,1.0,0.7041356818217073,0.6857142857142857,0.8,0.8571428571428571,1.0,1.0,1.0,0.7516234269197464,0.6,0.8,0.75,1.0,1.0,1.0,0.7516234269197464,0.5333333333333333,0.8,0.6666666666666666,1.0,1.0,1.0,0.7516234269197464,0.52,0.8666666666666667,0.6,1.0,1.0,1.0,0.7874094789292027,qwen3_4b-dj_adpt,8,webtable-cl_optim-v=12-distilroberta-dj_adpt~qwen3_8b-dj_adpt
pte_amine.pq::Arg0,1.0,0.03125,1.0,0.03125,1.0,1.0,0.03125,1.0,0.15625,1.0,0.15625,1.0,1.0,0.15625,1.0,0.3125,1.0,0.3125,1.0,1.0,0.3125,1.0,0.46875,1.0,0.46875,1.0,1.0,0.46875,1.0,0.625,1.0,0.625,1.0,1.0,0.625,1.0,0.78125,1.0,0.78125,1.0,1.0,0.78125,0.8666666666666667,0.8125,1.0,0.9375,1.0,1.0,0.8113425925925926,0.7428571428571429,0.8125,0.9142857142857143,1.0,1.0,1.0,0.8113425925925926,0.7,0.875,0.8,1.0,1.0,1.0,0.855982437396911,0.6666666666666666,0.9375,0.7111111111111111,1.0,1.0,1.0,0.8993621439306874,0.6,0.9375,0.64,1.0,1.0,1.0,0.8993621439306874,qwen3_4b-dj_adpt,8,webtable-cl_optim-v=12-distilroberta-dj_adpt~qwen3_8b-dj_adpt
AdventureWorks2014_salesTerritory.pq::Name,0.0,0.0,1.0,0.03333333333333333,0.0,0.0,0.0,0.4,0.06666666666666667,1.0,0.16666666666666666,1.0,0.5,0.03888888888888888,0.5,0.16666666666666666,1.0,0.3333333333333333,1.0,0.5,0.09126984126984126,0.4666666666666667,0.23333333333333334,1.0,0.5,1.0,0.5,0.1274003774003774,0.4,0.26666666666666666,1.0,0.6666666666666666,1.0,0.5,0.14073371073371072,0.4,0.3333333333333333,1.0,0.8333333333333334,1.0,0.5,0.16886282799326277,0.36666666666666664,0.36666666666666664,1.0,1.0,1.0,0.5,0.18195806608850085,0.34285714285714286,0.4,0.8571428571428571,1.0,1.0,0.5,0.194079278209713,0.325,0.43333333333333335,0.75,1.0,1.0,0.5,0.2057909899214247,0.3111111111111111,0.4666666666666667,0.6666666666666666,1.0,1.0,0.5,0.21616136029179508,0.32,0.5333333333333333,0.6,1.0,1.0,0.5,0.2376840119056321,qwen3_4b-dj_adpt,8,webtable-cl_optim-v=12-distilroberta-dj_adpt~qwen3_8b-dj_adpt
whr2015.pq::Country,1.0,0.03333333333333333,1.0,0.03333333333333333,1.0,1.0,0.03333333333333333,1.0,0.16666666666666666,1.0,0.16666666666666666,1.0,1.0,0.16666666666666666,1.0,0.3333333333333333,1.0,0.3333333333333333,1.0,1.0,0.3333333333333333,0.9333333333333333,0.4666666666666667,1.0,0.5,1.0,1.0,0.46444444444444444,0.85,0.5666666666666667,1.0,0.6666666666666666,1.0,1.0,0.5520979532163743,0.72,0.6,1.0,0.8333333333333334,1.0,1.0,0.5770979532163742,0.6666666666666666,0.6666666666666666,1.0,1.0,1.0,1.0,0.6211592558983665,0.6571428571428571,0.7666666666666667,0.8571428571428571,1.0,1.0,1.0,0.6872132904153992,0.6,0.8,0.75,1.0,1.0,1.0,0.7072132904153993,0.5555555555555556,0.8333333333333334,0.6666666666666666,1.0,1.0,1.0,0.7265931353766395,0.5,0.8333333333333334,0.6,1.0,1.0,1.0,0.7265931353766395,qwen3_4b-dj_adpt,8,webtable-cl_optim-v=12-distilroberta-dj_adpt~qwen3_8b-dj_adpt
countries_and_continents.pq::official_name_fr,1.0,0.037037037037037035,1.0,0.037037037037037035,1.0,1.0,0.037037037037037035,0.8,0.14814814814814814,1.0,0.18518518518518517,1.0,1.0,0.13148148148148148,0.8,0.2962962962962963,1.0,0.37037037037037035,1.0,1.0,0.2594209288653733,0.6,0.3333333333333333,1.0,0.5555555555555556,1.0,1.0,0.2816431510875955,0.5,0.37037037037037035,1.0,0.7407407407407407,1.0,1.0,0.30016166960611407,0.44,0.4074074074074074,1.0,0.9259259259259259,1.0,1.0,0.3171369782480894,0.36666666666666664,0.4074074074074074,0.9,1.0,1.0,1.0,0.3171369782480894,0.34285714285714286,0.4444444444444444,0.7714285714285715,1.0,1.0,1.0,0.33020887367292595,0.35,0.5185185185185185,0.675,1.0,1.0,1.0,0.35686711085747896,0.3333333333333333,0.5555555555555556,0.6,1.0,1.0,1.0,0.37041724635883394,0.32,0.5925925925925926,0.54,1.0,1.0,1.0,0.3825109727382746,qwen3_4b-dj_adpt,8,webtable-cl_optim-v=12-distilroberta-dj_adpt~qwen3_8b-dj_adpt
pte_has_property.pq::Arg0,1.0,0.03125,1.0,0.03125,1.0,1.0,0.03125,1.0,0.15625,1.0,0.15625,1.0,1.0,0.15625,1.0,0.3125,1.0,0.3125,1.0,1.0,0.3125,0.9333333333333333,0.4375,1.0,0.46875,1.0,1.0,0.4375,0.7,0.4375,1.0,0.625,1.0,1.0,0.4375,0.56,0.4375,1.0,0.78125,1.0,1.0,0.4375,0.5,0.46875,1.0,0.9375,1.0,1.0,0.45424107142857145,0.45714285714285713,0.5,0.9142857142857143,1.0,1.0,1.0,0.4693925865800866,0.425,0.53125,0.8,1.0,1.0,1.0,0.48337284973798134,0.4,0.5625,0.7111111111111111,1.0,1.0,1.0,0.49676570688083843,0.36,0.5625,0.64,1.0,1.0,1.0,0.49676570688083843,qwen3_4b-dj_adpt,8,webtable-cl_optim-v=12-distilroberta-dj_adpt~qwen3_8b-dj_adpt
cwurData.pq::country,1.0,0.03333333333333333,1.0,0.03333333333333333,1.0,1.0,0.03333333333333333,0.8,0.13333333333333333,1.0,0.16666666666666666,1.0,1.0,0.12666666666666665,0.8,0.26666666666666666,1.0,0.3333333333333333,1.0,1.0,0.24181216931216934,0.8,0.4,1.0,0.5,1.0,1.0,0.3536392311392312,0.8,0.5333333333333333,1.0,0.6666666666666666,1.0,1.0,0.4640214980810956,0.72,0.6,1.0,0.8333333333333334,1.0,1.0,0.5126591792405158,0.6333333333333333,0.6333333333333333,1.0,1.0,1.0,1.0,0.533770290351627,0.5714285714285714,0.6666666666666666,0.8571428571428571,1.0,1.0,1.0,0.555275666695713,0.5,0.6666666666666666,0.75,1.0,1.0,1.0,0.555275666695713,0.4444444444444444,0.6666666666666666,0.6666666666666666,1.0,1.0,1.0,0.555275666695713,0.4,0.6666666666666666,0.6,1.0,1.0,1.0,0.555275666695713,kalm_gemma3_12b-dj_adpt,9,webtable-cl_optim-v=12-distilroberta-dj_adpt~qwen3_8b-dj_adpt
countries_and_continents.pq::ISO4217-currency_country_name,1.0,0.037037037037037035,1.0,0.037037037037037035,1.0,1.0,0.037037037037037035,1.0,0.18518518518518517,1.0,0.18518518518518517,1.0,1.0,0.18518518518518517,0.9,0.3333333333333333,1.0,0.37037037037037035,1.0,1.0,0.3155937683715461,0.7333333333333333,0.4074074074074074,1.0,0.5555555555555556,1.0,1.0,0.3806028333806111,0.65,0.48148148148148145,1.0,0.7407407407407407,1.0,1.0,0.4337217417626774,0.52,0.48148148148148145,1.0,0.9259259259259259,1.0,1.0,0.4337217417626774,0.5333333333333333,0.5925925925925926,0.9,1.0,1.0,1.0,0.4939939798126933,0.45714285714285713,0.5925925925925926,0.7714285714285715,1.0,1.0,1.0,0.4939939798126933,0.4,0.5925925925925926,0.675,1.0,1.0,1.0,0.4939939798126933,0.4222222222222222,0.7037037037037037,0.6,1.0,1.0,1.0,0.5401268975218384,0.38,0.7037037037037037,0.54,1.0,1.0,1.0,0.5401268975218384,kalm_gemma3_12b-dj_adpt,9,webtable-cl_optim-v=12-distilroberta-dj_adpt~qwen3_8b-dj_adpt
pte_imine.pq::Arg0,1.0,0.03125,1.0,0.03125,1.0,1.0,0.03125,1.0,0.15625,1.0,0.15625,1.0,1.0,0.15625,1.0,0.3125,1.0,0.3125,1.0,1.0,0.3125,0.8666666666666667,0.40625,1.0,0.46875,1.0,1.0,0.40208333333333335,0.9,0.5625,1.0,0.625,1.0,1.0,0.5408639168386653,0.88,0.6875,1.0,0.78125,1.0,1.0,0.6498702162457799,0.9,0.84375,1.0,0.9375,1.0,1.0,0.7893362518863846,0.8857142857142857,0.96875,0.9142857142857143,1.0,1.0,1.0,0.9002762803904548,0.775,0.96875,0.8,1.0,1.0,1.0,0.9002762803904548,0.6888888888888889,0.96875,0.7111111111111111,1.0,1.0,1.0,0.9002762803904548,0.62,0.96875,0.64,1.0,1.0,1.0,0.9002762803904548,kalm_gemma3_12b-dj_adpt,9,webtable-cl_optim-v=12-distilroberta-dj_adpt~qwen3_8b-dj_adpt
countries_and_continents.pq::official_name_en,1.0,0.037037037037037035,1.0,0.037037037037037035,1.0,1.0,0.037037037037037035,1.0,0.18518518518518517,1.0,0.18518518518518517,1.0,1.0,0.18518518518518517,0.7,0.25925925925925924,1.0,0.37037037037037035,1.0,1.0,0.24814814814814815,0.6,0.3333333333333333,1.0,0.5555555555555556,1.0,1.0,0.29506172839506173,0.6,0.4444444444444444,1.0,0.7407407407407407,1.0,1.0,0.3593025774312324,0.56,0.5185185185185185,1.0,0.9259259259259259,1.0,1.0,0.40097729562768974,0.4666666666666667,0.5185185185185185,0.9,1.0,1.0,1.0,0.40097729562768974,0.45714285714285713,0.5925925925925926,0.7714285714285715,1.0,1.0,1.0,0.4352696236700178,0.425,0.6296296296296297,0.675,1.0,1.0,1.0,0.45275933560417414,0.37777777777777777,0.6296296296296297,0.6,1.0,1.0,1.0,0.45275933560417414,0.34,0.6296296296296297,0.54,1.0,1.0,1.0,0.45275933560417414,kalm_gemma3_12b-dj_adpt,9,webtable-cl_optim-v=12-distilroberta-dj_adpt~qwen3_8b-dj_adpt
world_country.pq::Name,1.0,0.034482758620689655,1.0,0.034482758620689655,1.0,1.0,0.034482758620689655,1.0,0.1724137931034483,1.0,0.1724137931034483,1.0,1.0,0.1724137931034483,0.7,0.2413793103448276,1.0,0.3448275862068966,1.0,1.0,0.23371647509578544,0.5333333333333333,0.27586206896551724,1.0,0.5172413793103449,1.0,1.0,0.25210727969348656,0.55,0.3793103448275862,1.0,0.6896551724137931,1.0,1.0,0.3084854631507775,0.52,0.4482758620689655,1.0,0.8620689655172413,1.0,1.0,0.3476801515208782,0.5,0.5172413793103449,0.9666666666666667,1.0,1.0,1.0,0.3834891700885175,0.4857142857142857,0.5862068965517241,0.8285714285714286,1.0,1.0,1.0,0.4185281022353473,0.475,0.6551724137931034,0.725,1.0,1.0,1.0,0.45124135087418576,0.4666666666666667,0.7241379310344828,0.6444444444444445,1.0,1.0,1.0,0.4841193923729169,0.42,0.7241379310344828,0.58,1.0,1.0,1.0,0.4841193923729169,kalm_gemma3_12b-dj_adpt,9,webtable-cl_optim-v=12-distilroberta-dj_adpt~qwen3_8b-dj_adpt
pte_nitro.pq::Arg0,1.0,0.03125,1.0,0.03125,1.0,1.0,0.03125,1.0,0.15625,1.0,0.15625,1.0,1.0,0.15625,1.0,0.3125,1.0,0.3125,1.0,1.0,0.3125,0.9333333333333333,0.4375,1.0,0.46875,1.0,1.0,0.4331845238095238,0.9,0.5625,1.0,0.625,1.0,1.0,0.546344702903091,0.84,0.65625,1.0,0.78125,1.0,1.0,0.6291361754703788,0.8333333333333334,0.78125,1.0,0.9375,1.0,1.0,0.7331518616520133,0.7714285714285715,0.84375,0.9142857142857143,1.0,1.0,1.0,0.7849297208895499,0.725,0.90625,0.8,1.0,1.0,1.0,0.8337285196883487,0.6666666666666666,0.9375,0.7111111111111111,1.0,1.0,1.0,0.8565943733468854,0.6,0.9375,0.64,1.0,1.0,1.0,0.8565943733468854,kalm_gemma3_12b-dj_adpt,9,webtable-cl_optim-v=12-distilroberta-dj_adpt~qwen3_8b-dj_adpt
pte_sulfide.pq::Arg0,1.0,0.03125,1.0,0.03125,1.0,1.0,0.03125,1.0,0.15625,1.0,0.15625,1.0,1.0,0.15625,1.0,0.3125,1.0,0.3125,1.0,1.0,0.3125,0.9333333333333333,0.4375,1.0,0.46875,1.0,1.0,0.4354166666666667,0.95,0.59375,1.0,0.625,1.0,1.0,0.5829319584193327,0.88,0.6875,1.0,0.78125,1.0,1.0,0.6711692419691162,0.8333333333333334,0.78125,1.0,0.9375,1.0,1.0,0.7515149817976147,0.8,0.875,0.9142857142857143,1.0,1.0,1.0,0.8274737886157965,0.725,0.90625,0.8,1.0,1.0,1.0,0.8526473997269076,0.6444444444444445,0.90625,0.7111111111111111,1.0,1.0,1.0,0.8526473997269076,0.58,0.90625,0.64,1.0,1.0,1.0,0.8526473997269076,kalm_gemma3_12b-dj_adpt,9,webtable-cl_optim-v=12-distilroberta-dj_adpt~qwen3_8b-dj_adpt
pte_non_ar_hetero_6_ring.pq::Arg0,1.0,0.03125,1.0,0.03125,1.0,1.0,0.03125,1.0,0.15625,1.0,0.15625,1.0,1.0,0.15625,1.0,0.3125,1.0,0.3125,1.0,1.0,0.3125,1.0,0.46875,1.0,0.46875,1.0,1.0,0.46875,0.95,0.59375,1.0,0.625,1.0,1.0,0.5921875,0.92,0.71875,1.0,0.78125,1.0,1.0,0.7104202545642763,0.8666666666666667,0.8125,1.0,0.9375,1.0,1.0,0.7972194507384724,0.7714285714285715,0.84375,0.9142857142857143,1.0,1.0,1.0,0.8220356272090608,0.675,0.84375,0.8,1.0,1.0,1.0,0.8220356272090608,0.6222222222222222,0.875,0.7111111111111111,1.0,1.0,1.0,0.842384464418363,0.56,0.875,0.64,1.0,1.0,1.0,0.842384464418363,kalm_gemma3_12b-dj_adpt,9,webtable-cl_optim-v=12-distilroberta-dj_adpt~qwen3_8b-dj_adpt
Word_University_Rank_2020.pq::Country,1.0,0.03333333333333333,1.0,0.03333333333333333,1.0,1.0,0.03333333333333333,1.0,0.16666666666666666,1.0,0.16666666666666666,1.0,1.0,0.16666666666666666,0.9,0.3,1.0,0.3333333333333333,1.0,1.0,0.2966666666666667,0.8666666666666667,0.43333333333333335,1.0,0.5,1.0,1.0,0.41718337218337215,0.8,0.5333333333333333,1.0,0.6666666666666666,1.0,1.0,0.49761680871587993,0.72,0.6,1.0,0.8333333333333334,1.0,1.0,0.5496009357000069,0.6,0.6,1.0,1.0,1.0,1.0,0.5496009357000069,0.5428571428571428,0.6333333333333333,0.8571428571428571,1.0,1.0,1.0,0.5687928548919261,0.475,0.6333333333333333,0.75,1.0,1.0,1.0,0.5687928548919261,0.4666666666666667,0.7,0.6666666666666666,1.0,1.0,1.0,0.6005749616740329,0.46,0.7666666666666667,0.6,1.0,1.0,1.0,0.631498997955212,kalm_gemma3_12b-dj_adpt,9,webtable-cl_optim-v=12-distilroberta-dj_adpt~qwen3_8b-dj_adpt
gender_development.pq::Country,1.0,0.03333333333333333,1.0,0.03333333333333333,1.0,1.0,0.03333333333333333,1.0,0.16666666666666666,1.0,0.16666666666666666,1.0,1.0,0.16666666666666666,1.0,0.3333333333333333,1.0,0.3333333333333333,1.0,1.0,0.3333333333333333,1.0,0.5,1.0,0.5,1.0,1.0,0.5,1.0,0.6666666666666666,1.0,0.6666666666666666,1.0,1.0,0.6666666666666666,0.92,0.7666666666666667,1.0,0.8333333333333334,1.0,1.0,0.7652777777777777,0.8333333333333334,0.8333333333333334,1.0,1.0,1.0,1.0,0.8269112060778727,0.7142857142857143,0.8333333333333334,0.8571428571428571,1.0,1.0,1.0,0.8269112060778727,0.65,0.8666666666666667,0.75,1.0,1.0,1.0,0.8509852801519469,0.5777777777777777,0.8666666666666667,0.6666666666666666,1.0,1.0,1.0,0.8509852801519469,0.54,0.9,0.6,1.0,1.0,1.0,0.8689852801519468,kalm_gemma3_12b-dj_adpt,9,webtable-cl_optim-v=12-distilroberta-dj_adpt~qwen3_8b-dj_adpt
pte_testactive_Neg.pq::Arg0,1.0,0.03125,1.0,0.03125,1.0,1.0,0.03125,1.0,0.15625,1.0,0.15625,1.0,1.0,0.15625,1.0,0.3125,1.0,0.3125,1.0,1.0,0.3125,0.9333333333333333,0.4375,1.0,0.46875,1.0,1.0,0.4375,0.9,0.5625,1.0,0.625,1.0,1.0,0.548936833505332,0.88,0.6875,1.0,0.78125,1.0,1.0,0.6616523426338845,0.8,0.75,1.0,0.9375,1.0,1.0,0.7132727130042549,0.7714285714285715,0.84375,0.9142857142857143,1.0,1.0,1.0,0.7879720937646236,0.725,0.90625,0.8,1.0,1.0,1.0,0.8367708925634224,0.6444444444444445,0.90625,0.7111111111111111,1.0,1.0,1.0,0.8367708925634224,0.6,0.9375,0.64,1.0,1.0,1.0,0.8571513273460311,kalm_gemma3_12b-dj_adpt,9,webtable-cl_optim-v=12-distilroberta-dj_adpt~qwen3_8b-dj_adpt
edu.pq::country,1.0,0.03333333333333333,1.0,0.03333333333333333,1.0,1.0,0.03333333333333333,1.0,0.16666666666666666,1.0,0.16666666666666666,1.0,1.0,0.16666666666666666,0.8,0.26666666666666666,1.0,0.3333333333333333,1.0,1.0,0.25403439153439156,0.6,0.3,1.0,0.5,1.0,1.0,0.27546296296296297,0.55,0.36666666666666664,1.0,0.6666666666666666,1.0,1.0,0.31231481481481477,0.52,0.43333333333333335,1.0,0.8333333333333334,1.0,1.0,0.3502030135725788,0.5,0.5,1.0,1.0,1.0,1.0,0.38600887437843956,0.45714285714285713,0.5333333333333333,0.8571428571428571,1.0,1.0,1.0,0.40124696961653483,0.4,0.5333333333333333,0.75,1.0,1.0,1.0,0.40124696961653483,0.4222222222222222,0.6333333333333333,0.6666666666666666,1.0,1.0,1.0,0.44309567027408403,0.4,0.6666666666666666,0.6,1.0,1.0,1.0,0.4567011124509548,kalm_gemma3_12b-dj_adpt,9,webtable-cl_optim-v=12-distilroberta-dj_adpt~qwen3_8b-dj_adpt
AdventureWorks2014_CountryRegion.pq::Name,1.0,0.03333333333333333,1.0,0.03333333333333333,1.0,1.0,0.03333333333333333,1.0,0.16666666666666666,1.0,0.16666666666666666,1.0,1.0,0.16666666666666666,0.8,0.26666666666666666,1.0,0.3333333333333333,1.0,1.0,0.26666666666666666,0.6,0.3,1.0,0.5,1.0,1.0,0.2866666666666667,0.65,0.43333333333333335,1.0,0.6666666666666666,1.0,1.0,0.36936417841990593,0.64,0.5333333333333333,1.0,0.8333333333333334,1.0,1.0,0.43653589559162315,0.6,0.6,1.0,1.0,1.0,1.0,0.4775235499126108,0.5428571428571428,0.6333333333333333,0.8571428571428571,1.0,1.0,1.0,0.49731521657927746,0.475,0.6333333333333333,0.75,1.0,1.0,1.0,0.49731521657927746,0.4444444444444444,0.6666666666666666,0.6666666666666666,1.0,1.0,1.0,0.5135753791809035,0.44,0.7333333333333333,0.6,1.0,1.0,1.0,0.5437467739799579,kalm_gemma3_12b-dj_adpt,9,webtable-cl_optim-v=12-distilroberta-dj_adpt~qwen3_8b-dj_adpt
pte_methoxy.pq::Arg0,1.0,0.03125,1.0,0.03125,1.0,1.0,0.03125,1.0,0.15625,1.0,0.15625,1.0,1.0,0.15625,1.0,0.3125,1.0,0.3125,1.0,1.0,0.3125,0.9333333333333333,0.4375,1.0,0.46875,1.0,1.0,0.4354166666666667,0.95,0.59375,1.0,0.625,1.0,1.0,0.5829319584193327,0.92,0.71875,1.0,0.78125,1.0,1.0,0.697269491357409,0.9,0.84375,1.0,0.9375,1.0,1.0,0.8090912962287828,0.8285714285714286,0.90625,0.9142857142857143,1.0,1.0,1.0,0.8656374151803958,0.75,0.9375,0.8,1.0,1.0,1.0,0.8909752530182337,0.6666666666666666,0.9375,0.7111111111111111,1.0,1.0,1.0,0.8909752530182337,0.6,0.9375,0.64,1.0,1.0,1.0,0.8909752530182337,kalm_gemma3_12b-dj_adpt,9,webtable-cl_optim-v=12-distilroberta-dj_adpt~qwen3_8b-dj_adpt
world-cities.pq::country,1.0,0.03333333333333333,1.0,0.03333333333333333,1.0,1.0,0.03333333333333333,1.0,0.16666666666666666,1.0,0.16666666666666666,1.0,1.0,0.16666666666666666,1.0,0.3333333333333333,1.0,0.3333333333333333,1.0,1.0,0.3333333333333333,1.0,0.5,1.0,0.5,1.0,1.0,0.5,0.85,0.5666666666666667,1.0,0.6666666666666666,1.0,1.0,0.5611971104231166,0.72,0.6,1.0,0.8333333333333334,1.0,1.0,0.5884698376958438,0.6333333333333333,0.6333333333333333,1.0,1.0,1.0,1.0,0.6110888853148916,0.5428571428571428,0.6333333333333333,0.8571428571428571,1.0,1.0,1.0,0.6110888853148916,0.475,0.6333333333333333,0.75,1.0,1.0,1.0,0.6110888853148916,0.4444444444444444,0.6666666666666666,0.6666666666666666,1.0,1.0,1.0,0.6273490479165176,0.42,0.7,0.6,1.0,1.0,1.0,0.6413490479165175,kalm_gemma3_12b-dj_adpt,9,webtable-cl_optim-v=12-distilroberta-dj_adpt~qwen3_8b-dj_adpt
movies.pq::country,1.0,0.03333333333333333,1.0,0.03333333333333333,1.0,1.0,0.03333333333333333,1.0,0.16666666666666666,1.0,0.16666666666666666,1.0,1.0,0.16666666666666666,0.9,0.3,1.0,0.3333333333333333,1.0,1.0,0.292962962962963,0.8666666666666667,0.43333333333333335,1.0,0.5,1.0,1.0,0.4134796684796685,0.85,0.5666666666666667,1.0,0.6666666666666666,1.0,1.0,0.5268276216960427,0.76,0.6333333333333333,1.0,0.8333333333333334,1.0,1.0,0.5829352821515293,0.7,0.7,1.0,1.0,1.0,1.0,0.6317645712107034,0.6285714285714286,0.7333333333333333,0.8571428571428571,1.0,1.0,1.0,0.6533331986616838,0.6,0.8,0.75,1.0,1.0,1.0,0.693508637258175,0.5555555555555556,0.8333333333333334,0.6666666666666666,1.0,1.0,1.0,0.7138338405102076,0.52,0.8666666666666667,0.6,1.0,1.0,1.0,0.7315209153401395,kalm_gemma3_12b-dj_adpt,9,webtable-cl_optim-v=12-distilroberta-dj_adpt~qwen3_8b-dj_adpt
countries_data.pq::CountryName,1.0,0.03333333333333333,1.0,0.03333333333333333,1.0,1.0,0.03333333333333333,1.0,0.16666666666666666,1.0,0.16666666666666666,1.0,1.0,0.16666666666666666,1.0,0.3333333333333333,1.0,0.3333333333333333,1.0,1.0,0.3333333333333333,0.9333333333333333,0.4666666666666667,1.0,0.5,1.0,1.0,0.46206349206349207,0.9,0.6,1.0,0.6666666666666666,1.0,1.0,0.5809294478025128,0.76,0.6333333333333333,1.0,0.8333333333333334,1.0,1.0,0.6097173265903916,0.6666666666666666,0.6666666666666666,1.0,1.0,1.0,1.0,0.634408684615083,0.5714285714285714,0.6666666666666666,0.8571428571428571,1.0,1.0,1.0,0.634408684615083,0.55,0.7333333333333333,0.75,1.0,1.0,1.0,0.6716331560500808,0.4888888888888889,0.7333333333333333,0.6666666666666666,1.0,1.0,1.0,0.6716331560500808,0.48,0.8,0.6,1.0,1.0,1.0,0.7042717433999143,kalm_gemma3_12b-dj_adpt,9,webtable-cl_optim-v=12-distilroberta-dj_adpt~qwen3_8b-dj_adpt
pte_alcohol.pq::Arg0,1.0,0.03125,1.0,0.03125,1.0,1.0,0.03125,0.8,0.125,1.0,0.15625,1.0,1.0,0.125,0.8,0.25,1.0,0.3125,1.0,1.0,0.23017113095238095,0.8,0.375,1.0,0.46875,1.0,1.0,0.32933134573759576,0.75,0.46875,1.0,0.625,1.0,1.0,0.3996922203505988,0.72,0.5625,1.0,0.78125,1.0,1.0,0.4670549097445382,0.7,0.65625,1.0,0.9375,1.0,1.0,0.5316869910253265,0.6857142857142857,0.75,0.9142857142857143,1.0,1.0,1.0,0.5983841714095769,0.7,0.875,0.8,1.0,1.0,1.0,0.6855546351425407,0.6666666666666666,0.9375,0.7111111111111111,1.0,1.0,1.0,0.7299797222505545,0.6,0.9375,0.64,1.0,1.0,1.0,0.7299797222505545,kalm_gemma3_12b-dj_adpt,9,webtable-cl_optim-v=12-distilroberta-dj_adpt~qwen3_8b-dj_adpt
pte_phenol.pq::Arg0,1.0,0.03125,1.0,0.03125,1.0,1.0,0.03125,1.0,0.15625,1.0,0.15625,1.0,1.0,0.15625,1.0,0.3125,1.0,0.3125,1.0,1.0,0.3125,0.9333333333333333,0.4375,1.0,0.46875,1.0,1.0,0.4331845238095238,0.95,0.59375,1.0,0.625,1.0,1.0,0.5806998155621897,0.88,0.6875,1.0,0.78125,1.0,1.0,0.6676401623530801,0.8666666666666667,0.8125,1.0,0.9375,1.0,1.0,0.7780472899477077,0.8571428571428571,0.9375,0.9142857142857143,1.0,1.0,1.0,0.8868566173810271,0.75,0.9375,0.8,1.0,1.0,1.0,0.8868566173810271,0.6666666666666666,0.9375,0.7111111111111111,1.0,1.0,1.0,0.8868566173810271,0.6,0.9375,0.64,1.0,1.0,1.0,0.8868566173810271,kalm_gemma3_12b-dj_adpt,9,webtable-cl_optim-v=12-distilroberta-dj_adpt~qwen3_8b-dj_adpt
pte_ester.pq::Arg0,1.0,0.03125,1.0,0.03125,1.0,1.0,0.03125,1.0,0.15625,1.0,0.15625,1.0,1.0,0.15625,1.0,0.3125,1.0,0.3125,1.0,1.0,0.3125,0.9333333333333333,0.4375,1.0,0.46875,1.0,1.0,0.4354166666666667,0.95,0.59375,1.0,0.625,1.0,1.0,0.5829319584193327,0.92,0.71875,1.0,0.78125,1.0,1.0,0.698622305210223,0.8666666666666667,0.8125,1.0,0.9375,1.0,1.0,0.7854215013844191,0.8285714285714286,0.90625,0.9142857142857143,1.0,1.0,1.0,0.8674451145320242,0.725,0.90625,0.8,1.0,1.0,1.0,0.8674451145320242,0.6666666666666666,0.9375,0.7111111111111111,1.0,1.0,1.0,0.8892474401134195,0.6,0.9375,0.64,1.0,1.0,1.0,0.8892474401134195,kalm_gemma3_12b-dj_adpt,9,webtable-cl_optim-v=12-distilroberta-dj_adpt~qwen3_8b-dj_adpt
pte_non_ar_hetero_5_ring.pq::Arg0,1.0,0.03125,1.0,0.03125,1.0,1.0,0.03125,1.0,0.15625,1.0,0.15625,1.0,1.0,0.15625,1.0,0.3125,1.0,0.3125,1.0,1.0,0.3125,0.9333333333333333,0.4375,1.0,0.46875,1.0,1.0,0.4354166666666667,0.95,0.59375,1.0,0.625,1.0,1.0,0.5829319584193327,0.88,0.6875,1.0,0.78125,1.0,1.0,0.6700234086357828,0.8666666666666667,0.8125,1.0,0.9375,1.0,1.0,0.7794684056885385,0.8285714285714286,0.90625,0.9142857142857143,1.0,1.0,1.0,0.8582436018465471,0.725,0.90625,0.8,1.0,1.0,1.0,0.8582436018465471,0.6666666666666666,0.9375,0.7111111111111111,1.0,1.0,1.0,0.8811094555050838,0.6,0.9375,0.64,1.0,1.0,1.0,0.8811094555050838,kalm_gemma3_12b-dj_adpt,9,webtable-cl_optim-v=12-distilroberta-dj_adpt~qwen3_8b-dj_adpt
population_by_country_2020.pq::CountryDependency,1.0,0.03333333333333333,1.0,0.03333333333333333,1.0,1.0,0.03333333333333333,1.0,0.16666666666666666,1.0,0.16666666666666666,1.0,1.0,0.16666666666666666,0.8,0.26666666666666666,1.0,0.3333333333333333,1.0,1.0,0.26296296296296295,0.7333333333333333,0.36666666666666664,1.0,0.5,1.0,1.0,0.33621693121693125,0.65,0.43333333333333335,1.0,0.6666666666666666,1.0,1.0,0.38255336052549677,0.56,0.4666666666666667,1.0,0.8333333333333334,1.0,1.0,0.40284321559796055,0.4666666666666667,0.4666666666666667,1.0,1.0,1.0,1.0,0.40284321559796055,0.42857142857142855,0.5,0.8571428571428571,1.0,1.0,1.0,0.41846821559796055,0.4,0.5333333333333333,0.75,1.0,1.0,1.0,0.4332830304127754,0.37777777777777777,0.5666666666666667,0.6666666666666666,1.0,1.0,1.0,0.44710416862415747,0.36,0.6,0.6,1.0,1.0,1.0,0.4591041686241574,kalm_gemma3_12b-dj_adpt,9,webtable-cl_optim-v=12-distilroberta-dj_adpt~qwen3_8b-dj_adpt
pte_non_ar_5c_ring.pq::Arg0,1.0,0.03125,1.0,0.03125,1.0,1.0,0.03125,1.0,0.15625,1.0,0.15625,1.0,1.0,0.15625,1.0,0.3125,1.0,0.3125,1.0,1.0,0.3125,0.9333333333333333,0.4375,1.0,0.46875,1.0,1.0,0.428176510989011,0.9,0.5625,1.0,0.625,1.0,1.0,0.5413366900825782,0.92,0.71875,1.0,0.78125,1.0,1.0,0.6839480325444642,0.9333333333333333,0.875,1.0,0.9375,1.0,1.0,0.8290087229715339,0.8571428571428571,0.9375,0.9142857142857143,1.0,1.0,1.0,0.8866516848483668,0.775,0.96875,0.8,1.0,1.0,1.0,0.9128341172807992,0.6888888888888889,0.96875,0.7111111111111111,1.0,1.0,1.0,0.9128341172807992,0.62,0.96875,0.64,1.0,1.0,1.0,0.9128341172807992,kalm_gemma3_12b-dj_adpt,9,webtable-cl_optim-v=12-distilroberta-dj_adpt~qwen3_8b-dj_adpt
fifa_ranking.pq::country_full,1.0,0.03333333333333333,1.0,0.03333333333333333,1.0,1.0,0.03333333333333333,0.8,0.13333333333333333,1.0,0.16666666666666666,1.0,1.0,0.13333333333333333,0.9,0.3,1.0,0.3333333333333333,1.0,1.0,0.278478835978836,0.9333333333333333,0.4666666666666667,1.0,0.5,1.0,1.0,0.43217014467014464,0.75,0.5,1.0,0.6666666666666666,1.0,1.0,0.461581909376027,0.72,0.6,1.0,0.8333333333333334,1.0,1.0,0.5345898458839635,0.6666666666666666,0.6666666666666666,1.0,1.0,1.0,1.0,0.5836401782676293,0.6285714285714286,0.7333333333333333,0.8571428571428571,1.0,1.0,1.0,0.6277894508799,0.6,0.8,0.75,1.0,1.0,1.0,0.6701383787551437,0.5333333333333333,0.8,0.6666666666666666,1.0,1.0,1.0,0.6701383787551437,0.48,0.8,0.6,1.0,1.0,1.0,0.6701383787551437,kalm_gemma3_12b-dj_adpt,9,webtable-cl_optim-v=12-distilroberta-dj_adpt~qwen3_8b-dj_adpt
countries_of_the_world.pq::Country,1.0,0.03333333333333333,1.0,0.03333333333333333,1.0,1.0,0.03333333333333333,1.0,0.16666666666666666,1.0,0.16666666666666666,1.0,1.0,0.16666666666666666,1.0,0.3333333333333333,1.0,0.3333333333333333,1.0,1.0,0.3333333333333333,0.9333333333333333,0.4666666666666667,1.0,0.5,1.0,1.0,0.4666666666666667,0.75,0.5,1.0,0.6666666666666666,1.0,1.0,0.49607843137254903,0.72,0.6,1.0,0.8333333333333334,1.0,1.0,0.5733197890486893,0.6333333333333333,0.6333333333333333,1.0,1.0,1.0,1.0,0.5951588695084594,0.6571428571428571,0.7666666666666667,0.8571428571428571,1.0,1.0,1.0,0.6813497564204088,0.625,0.8333333333333334,0.75,1.0,1.0,1.0,0.724901202603434,0.5555555555555556,0.8333333333333334,0.6666666666666666,1.0,1.0,1.0,0.724901202603434,0.5,0.8333333333333334,0.6,1.0,1.0,1.0,0.724901202603434,kalm_gemma3_12b-dj_adpt,9,webtable-cl_optim-v=12-distilroberta-dj_adpt~qwen3_8b-dj_adpt
pte_ketone.pq::Arg0,1.0,0.03125,1.0,0.03125,1.0,1.0,0.03125,1.0,0.15625,1.0,0.15625,1.0,1.0,0.15625,1.0,0.3125,1.0,0.3125,1.0,1.0,0.3125,1.0,0.46875,1.0,0.46875,1.0,1.0,0.46875,1.0,0.625,1.0,0.625,1.0,1.0,0.625,0.88,0.6875,1.0,0.78125,1.0,1.0,0.6823295454545455,0.8666666666666667,0.8125,1.0,0.9375,1.0,1.0,0.7936705810951501,0.7428571428571429,0.8125,0.9142857142857143,1.0,1.0,1.0,0.7936705810951501,0.65,0.8125,0.8,1.0,1.0,1.0,0.7936705810951501,0.5777777777777777,0.8125,0.7111111111111111,1.0,1.0,1.0,0.7936705810951501,0.52,0.8125,0.64,1.0,1.0,1.0,0.7936705810951501,kalm_gemma3_12b-dj_adpt,9,webtable-cl_optim-v=12-distilroberta-dj_adpt~qwen3_8b-dj_adpt
who_suicide_statistics.pq::country,1.0,0.03333333333333333,1.0,0.03333333333333333,1.0,1.0,0.03333333333333333,1.0,0.16666666666666666,1.0,0.16666666666666666,1.0,1.0,0.16666666666666666,0.9,0.3,1.0,0.3333333333333333,1.0,1.0,0.2966666666666667,0.9333333333333333,0.4666666666666667,1.0,0.5,1.0,1.0,0.45035797535797534,0.95,0.6333333333333333,1.0,0.6666666666666666,1.0,1.0,0.6077076198941523,0.92,0.7666666666666667,1.0,0.8333333333333334,1.0,1.0,0.7338225580960471,0.8333333333333334,0.8333333333333334,1.0,1.0,1.0,1.0,0.793327421049186,0.7428571428571429,0.8666666666666667,0.8571428571428571,1.0,1.0,1.0,0.8212844102964978,0.65,0.8666666666666667,0.75,1.0,1.0,1.0,0.8212844102964978,0.5777777777777777,0.8666666666666667,0.6666666666666666,1.0,1.0,1.0,0.8212844102964978,0.52,0.8666666666666667,0.6,1.0,1.0,1.0,0.8212844102964978,kalm_gemma3_12b-dj_adpt,9,webtable-cl_optim-v=12-distilroberta-dj_adpt~qwen3_8b-dj_adpt
UKDebate.pq::country,1.0,0.03333333333333333,1.0,0.03333333333333333,1.0,1.0,0.03333333333333333,0.2,0.03333333333333333,1.0,0.16666666666666666,1.0,1.0,0.03333333333333333,0.3,0.1,1.0,0.3333333333333333,1.0,1.0,0.05074074074074074,0.3333333333333333,0.16666666666666666,1.0,0.5,1.0,1.0,0.0729019129019129,0.35,0.23333333333333334,1.0,0.6666666666666666,1.0,1.0,0.0963332854509325,0.32,0.26666666666666666,1.0,0.8333333333333334,1.0,1.0,0.10845449757214463,0.3,0.3,1.0,1.0,1.0,1.0,0.11845449757214463,0.2857142857142857,0.3333333333333333,0.8571428571428571,1.0,1.0,1.0,0.1288711642388113,0.275,0.36666666666666664,0.75,1.0,1.0,1.0,0.13852028704582883,0.28888888888888886,0.43333333333333335,0.6666666666666666,1.0,1.0,1.0,0.1581248694552893,0.26,0.43333333333333335,0.6,1.0,1.0,1.0,0.1581248694552893,kalm_gemma3_12b-dj_adpt,9,webtable-cl_optim-v=12-distilroberta-dj_adpt~qwen3_8b-dj_adpt
World_countries_env_vars.pq::Country,1.0,0.03333333333333333,1.0,0.03333333333333333,1.0,1.0,0.03333333333333333,1.0,0.16666666666666666,1.0,0.16666666666666666,1.0,1.0,0.16666666666666666,1.0,0.3333333333333333,1.0,0.3333333333333333,1.0,1.0,0.3333333333333333,1.0,0.5,1.0,0.5,1.0,1.0,0.5,0.85,0.5666666666666667,1.0,0.6666666666666666,1.0,1.0,0.5666666666666667,0.84,0.7,1.0,0.8333333333333334,1.0,1.0,0.6821781479390175,0.7666666666666667,0.7666666666666667,1.0,1.0,1.0,1.0,0.734805405738689,0.6857142857142857,0.8,0.8571428571428571,1.0,1.0,1.0,0.7576625485958319,0.625,0.8333333333333334,0.75,1.0,1.0,1.0,0.7795923731572355,0.5555555555555556,0.8333333333333334,0.6666666666666666,1.0,1.0,1.0,0.7795923731572355,0.5,0.8333333333333334,0.6,1.0,1.0,1.0,0.7795923731572355,kalm_gemma3_12b-dj_adpt,9,webtable-cl_optim-v=12-distilroberta-dj_adpt~qwen3_8b-dj_adpt
USA_cars_datasets.pq::country,0.0,0.0,1.0,0.03333333333333333,0.0,0.0,0.0,0.2,0.03333333333333333,1.0,0.16666666666666666,1.0,0.5,0.016666666666666666,0.1,0.03333333333333333,1.0,0.3333333333333333,1.0,0.5,0.016666666666666666,0.06666666666666667,0.03333333333333333,1.0,0.5,1.0,0.5,0.016666666666666666,0.05,0.03333333333333333,1.0,0.6666666666666666,1.0,0.5,0.016666666666666666,0.04,0.03333333333333333,1.0,0.8333333333333334,1.0,0.5,0.016666666666666666,0.03333333333333333,0.03333333333333333,1.0,1.0,1.0,0.5,0.016666666666666666,0.02857142857142857,0.03333333333333333,0.8571428571428571,1.0,1.0,0.5,0.016666666666666666,0.025,0.03333333333333333,0.75,1.0,1.0,0.5,0.016666666666666666,0.022222222222222223,0.03333333333333333,0.6666666666666666,1.0,1.0,0.5,0.016666666666666666,0.04,0.06666666666666667,0.6,1.0,1.0,0.5,0.018000000000000002,kalm_gemma3_12b-dj_adpt,9,webtable-cl_optim-v=12-distilroberta-dj_adpt~qwen3_8b-dj_adpt
netflix_titles.pq::country,1.0,0.03333333333333333,1.0,0.03333333333333333,1.0,1.0,0.03333333333333333,1.0,0.16666666666666666,1.0,0.16666666666666666,1.0,1.0,0.16666666666666666,1.0,0.3333333333333333,1.0,0.3333333333333333,1.0,1.0,0.3333333333333333,0.9333333333333333,0.4666666666666667,1.0,0.5,1.0,1.0,0.4594993894993895,0.95,0.6333333333333333,1.0,0.6666666666666666,1.0,1.0,0.6168490340355665,0.96,0.8,1.0,0.8333333333333334,1.0,1.0,0.7762417500152391,0.8,0.8,1.0,1.0,1.0,1.0,0.7762417500152391,0.6857142857142857,0.8,0.8571428571428571,1.0,1.0,1.0,0.7762417500152391,0.625,0.8333333333333334,0.75,1.0,1.0,1.0,0.7976092713827605,0.5555555555555556,0.8333333333333334,0.6666666666666666,1.0,1.0,1.0,0.7976092713827605,0.52,0.8666666666666667,0.6,1.0,1.0,1.0,0.8149426047160938,kalm_gemma3_12b-dj_adpt,9,webtable-cl_optim-v=12-distilroberta-dj_adpt~qwen3_8b-dj_adpt
pte_ames.pq::Arg0,1.0,0.03125,1.0,0.03125,1.0,1.0,0.03125,1.0,0.15625,1.0,0.15625,1.0,1.0,0.15625,1.0,0.3125,1.0,0.3125,1.0,1.0,0.3125,0.9333333333333333,0.4375,1.0,0.46875,1.0,1.0,0.4375,0.8,0.5,1.0,0.625,1.0,1.0,0.4931126644736842,0.64,0.5,1.0,0.78125,1.0,1.0,0.4931126644736842,0.5666666666666667,0.53125,1.0,0.9375,1.0,1.0,0.5135453567813765,0.5428571428571428,0.59375,0.9142857142857143,1.0,1.0,1.0,0.5502452055716991,0.525,0.65625,0.8,1.0,1.0,1.0,0.5839640205405141,0.5333333333333333,0.75,0.7111111111111111,1.0,1.0,1.0,0.6329542865729313,0.52,0.8125,0.64,1.0,1.0,1.0,0.6665037103317966,kalm_gemma3_12b-dj_adpt,9,webtable-cl_optim-v=12-distilroberta-dj_adpt~qwen3_8b-dj_adpt
movie_metadata.pq::country,1.0,0.03333333333333333,1.0,0.03333333333333333,1.0,1.0,0.03333333333333333,1.0,0.16666666666666666,1.0,0.16666666666666666,1.0,1.0,0.16666666666666666,0.9,0.3,1.0,0.3333333333333333,1.0,1.0,0.28879629629629633,0.8666666666666667,0.43333333333333335,1.0,0.5,1.0,1.0,0.4022395197395197,0.85,0.5666666666666667,1.0,0.6666666666666666,1.0,1.0,0.515587472955894,0.76,0.6333333333333333,1.0,0.8333333333333334,1.0,1.0,0.5681935335619546,0.6666666666666666,0.6666666666666666,1.0,1.0,1.0,1.0,0.5938345592029802,0.6571428571428571,0.7666666666666667,0.8571428571428571,1.0,1.0,1.0,0.6604808010330456,0.6,0.8,0.75,1.0,1.0,1.0,0.6804808010330456,0.5333333333333333,0.8,0.6666666666666666,1.0,1.0,1.0,0.6804808010330456,0.54,0.9,0.6,1.0,1.0,1.0,0.7342668530425019,kalm_gemma3_12b-dj_adpt,9,webtable-cl_optim-v=12-distilroberta-dj_adpt~qwen3_8b-dj_adpt
world_country.pq::LocalName,1.0,0.034482758620689655,1.0,0.034482758620689655,1.0,1.0,0.034482758620689655,1.0,0.1724137931034483,1.0,0.1724137931034483,1.0,1.0,0.1724137931034483,0.7,0.2413793103448276,1.0,0.3448275862068966,1.0,1.0,0.22879036672140118,0.4666666666666667,0.2413793103448276,1.0,0.5172413793103449,1.0,1.0,0.22879036672140118,0.5,0.3448275862068966,1.0,0.6896551724137931,1.0,1.0,0.28142194566876966,0.48,0.41379310344827586,1.0,0.8620689655172413,1.0,1.0,0.31672572235185664,0.4666666666666667,0.4827586206896552,0.9666666666666667,1.0,1.0,1.0,0.34997538104741305,0.42857142857142855,0.5172413793103449,0.8285714285714286,1.0,1.0,1.0,0.36666058683161773,0.4,0.5517241379310345,0.725,1.0,1.0,1.0,0.38198625732970204,0.35555555555555557,0.5517241379310345,0.6444444444444445,1.0,1.0,1.0,0.38198625732970204,0.34,0.5862068965517241,0.58,1.0,1.0,1.0,0.39371039526073653,kalm_gemma3_12b-dj_adpt,9,webtable-cl_optim-v=12-distilroberta-dj_adpt~qwen3_8b-dj_adpt
countries_metadatacountries.pq::CountryName,1.0,0.03333333333333333,1.0,0.03333333333333333,1.0,1.0,0.03333333333333333,1.0,0.16666666666666666,1.0,0.16666666666666666,1.0,1.0,0.16666666666666666,1.0,0.3333333333333333,1.0,0.3333333333333333,1.0,1.0,0.3333333333333333,0.9333333333333333,0.4666666666666667,1.0,0.5,1.0,1.0,0.4666666666666667,0.85,0.5666666666666667,1.0,0.6666666666666666,1.0,1.0,0.5555326224056875,0.8,0.6666666666666666,1.0,0.8333333333333334,1.0,1.0,0.6406697075427725,0.6666666666666666,0.6666666666666666,1.0,1.0,1.0,1.0,0.6406697075427725,0.6,0.7,0.8571428571428571,1.0,1.0,1.0,0.6606697075427725,0.55,0.7333333333333333,0.75,1.0,1.0,1.0,0.6794731263461914,0.5111111111111111,0.7666666666666667,0.6666666666666666,1.0,1.0,1.0,0.6981723133380613,0.5,0.8333333333333334,0.6,1.0,1.0,1.0,0.7315056466713946,kalm_gemma3_12b-dj_adpt,9,webtable-cl_optim-v=12-distilroberta-dj_adpt~qwen3_8b-dj_adpt
pte_postestactive_neg.pq::Arg0,1.0,0.03125,1.0,0.03125,1.0,1.0,0.03125,1.0,0.15625,1.0,0.15625,1.0,1.0,0.15625,1.0,0.3125,1.0,0.3125,1.0,1.0,0.3125,0.9333333333333333,0.4375,1.0,0.46875,1.0,1.0,0.4375,0.9,0.5625,1.0,0.625,1.0,1.0,0.548936833505332,0.88,0.6875,1.0,0.78125,1.0,1.0,0.6616523426338845,0.8,0.75,1.0,0.9375,1.0,1.0,0.7132727130042549,0.7714285714285715,0.84375,0.9142857142857143,1.0,1.0,1.0,0.7879720937646236,0.725,0.90625,0.8,1.0,1.0,1.0,0.8367708925634224,0.6444444444444445,0.90625,0.7111111111111111,1.0,1.0,1.0,0.8367708925634224,0.6,0.9375,0.64,1.0,1.0,1.0,0.8571513273460311,kalm_gemma3_12b-dj_adpt,9,webtable-cl_optim-v=12-distilroberta-dj_adpt~qwen3_8b-dj_adpt
pte_alkyl_halide.pq::Arg0,1.0,0.03125,1.0,0.03125,1.0,1.0,0.03125,1.0,0.15625,1.0,0.15625,1.0,1.0,0.15625,1.0,0.3125,1.0,0.3125,1.0,1.0,0.3125,1.0,0.46875,1.0,0.46875,1.0,1.0,0.46875,0.95,0.59375,1.0,0.625,1.0,1.0,0.5905427631578948,0.96,0.75,1.0,0.78125,1.0,1.0,0.7399734343888377,0.9,0.84375,1.0,0.9375,1.0,1.0,0.8302480324759358,0.7714285714285715,0.84375,0.9142857142857143,1.0,1.0,1.0,0.8302480324759358,0.7,0.875,0.8,1.0,1.0,1.0,0.8545535880314914,0.6222222222222222,0.875,0.7111111111111111,1.0,1.0,1.0,0.8545535880314914,0.58,0.90625,0.64,1.0,1.0,1.0,0.8726785880314913,kalm_gemma3_12b-dj_adpt,9,webtable-cl_optim-v=12-distilroberta-dj_adpt~qwen3_8b-dj_adpt
pte_testactive.pq::Arg0,1.0,0.03125,1.0,0.03125,1.0,1.0,0.03125,1.0,0.15625,1.0,0.15625,1.0,1.0,0.15625,1.0,0.3125,1.0,0.3125,1.0,1.0,0.3125,0.9333333333333333,0.4375,1.0,0.46875,1.0,1.0,0.4375,0.95,0.59375,1.0,0.625,1.0,1.0,0.585015291752666,0.88,0.6875,1.0,0.78125,1.0,1.0,0.6696209465145707,0.8333333333333334,0.78125,1.0,0.9375,1.0,1.0,0.7471943250038975,0.8,0.875,0.9142857142857143,1.0,1.0,1.0,0.8238884259397263,0.725,0.90625,0.8,1.0,1.0,1.0,0.8483816691829696,0.6666666666666666,0.9375,0.7111111111111111,1.0,1.0,1.0,0.8696884873647878,0.6,0.9375,0.64,1.0,1.0,1.0,0.8696884873647878,kalm_gemma3_12b-dj_adpt,9,webtable-cl_optim-v=12-distilroberta-dj_adpt~qwen3_8b-dj_adpt
hfi_cc_2018.pq::countries,1.0,0.03333333333333333,1.0,0.03333333333333333,1.0,1.0,0.03333333333333333,1.0,0.16666666666666666,1.0,0.16666666666666666,1.0,1.0,0.16666666666666666,1.0,0.3333333333333333,1.0,0.3333333333333333,1.0,1.0,0.3333333333333333,1.0,0.5,1.0,0.5,1.0,1.0,0.5,0.9,0.6,1.0,0.6666666666666666,1.0,1.0,0.5948148148148148,0.8,0.6666666666666666,1.0,0.8333333333333334,1.0,1.0,0.6501288244766505,0.7666666666666667,0.7666666666666667,1.0,1.0,1.0,1.0,0.7259717363540452,0.7142857142857143,0.8333333333333334,0.8571428571428571,1.0,1.0,1.0,0.7770307132194737,0.625,0.8333333333333334,0.75,1.0,1.0,1.0,0.7770307132194737,0.5555555555555556,0.8333333333333334,0.6666666666666666,1.0,1.0,1.0,0.7770307132194737,0.52,0.8666666666666667,0.6,1.0,1.0,1.0,0.7950862687750292,kalm_gemma3_12b-dj_adpt,9,webtable-cl_optim-v=12-distilroberta-dj_adpt~qwen3_8b-dj_adpt
wikipedia-iso-country-codes.pq::English_short_name_lower_case,1.0,0.03333333333333333,1.0,0.03333333333333333,1.0,1.0,0.03333333333333333,1.0,0.16666666666666666,1.0,0.16666666666666666,1.0,1.0,0.16666666666666666,0.9,0.3,1.0,0.3333333333333333,1.0,1.0,0.3,0.7333333333333333,0.36666666666666664,1.0,0.5,1.0,1.0,0.35396825396825393,0.7,0.4666666666666667,1.0,0.6666666666666666,1.0,1.0,0.42637566137566135,0.64,0.5333333333333333,1.0,0.8333333333333334,1.0,1.0,0.4722913399000355,0.6,0.6,1.0,1.0,1.0,1.0,0.511831569785093,0.5428571428571428,0.6333333333333333,0.8571428571428571,1.0,1.0,1.0,0.5316232364517597,0.5,0.6666666666666666,0.75,1.0,1.0,1.0,0.5496412544697777,0.4666666666666667,0.7,0.6666666666666666,1.0,1.0,1.0,0.5663079211364443,0.44,0.7333333333333333,0.6,1.0,1.0,1.0,0.5815856989142222,kalm_gemma3_12b-dj_adpt,9,webtable-cl_optim-v=12-distilroberta-dj_adpt~qwen3_8b-dj_adpt
affirmative_asylum.pq::ContinentCountryofNationality,0.0,0.0,1.0,0.03125,0.0,0.0,0.0,0.6,0.09375,1.0,0.15625,1.0,0.5,0.05520833333333333,0.8,0.25,1.0,0.3125,1.0,0.5,0.1711061507936508,0.6666666666666666,0.3125,1.0,0.46875,1.0,0.5,0.2189957611832612,0.7,0.4375,1.0,0.625,1.0,0.5,0.3081347199465911,0.64,0.5,1.0,0.78125,1.0,0.5,0.3521952789528023,0.5333333333333333,0.5,1.0,0.9375,1.0,0.5,0.3521952789528023,0.5428571428571428,0.59375,0.9142857142857143,1.0,1.0,0.5,0.4028065817125425,0.525,0.65625,0.8,1.0,1.0,0.5,0.43790417931014014,0.4888888888888889,0.6875,0.7111111111111111,1.0,1.0,0.5,0.45427322692918776,0.5,0.78125,0.64,1.0,1.0,0.5,0.5014671044802081,kalm_gemma3_12b-dj_adpt,9,webtable-cl_optim-v=12-distilroberta-dj_adpt~qwen3_8b-dj_adpt
countries_and_continents.pq::name,1.0,0.037037037037037035,1.0,0.037037037037037035,1.0,1.0,0.037037037037037035,1.0,0.18518518518518517,1.0,0.18518518518518517,1.0,1.0,0.18518518518518517,0.6,0.2222222222222222,1.0,0.37037037037037035,1.0,1.0,0.21693121693121692,0.6666666666666666,0.37037037037037035,1.0,0.5555555555555556,1.0,1.0,0.30982905982905984,0.7,0.5185185185185185,1.0,0.7407407407407407,1.0,1.0,0.409752615996166,0.6,0.5555555555555556,1.0,0.9259259259259259,1.0,1.0,0.43290076414431417,0.5666666666666667,0.6296296296296297,0.9,1.0,1.0,1.0,0.4765600044829926,0.5142857142857142,0.6666666666666666,0.7714285714285715,1.0,1.0,1.0,0.49806538082707863,0.45,0.6666666666666666,0.675,1.0,1.0,1.0,0.49806538082707863,0.4,0.6666666666666666,0.6,1.0,1.0,1.0,0.49806538082707863,0.36,0.6666666666666666,0.54,1.0,1.0,1.0,0.49806538082707863,kalm_gemma3_12b-dj_adpt,9,webtable-cl_optim-v=12-distilroberta-dj_adpt~qwen3_8b-dj_adpt
pte_postestactive.pq::Arg0,1.0,0.03125,1.0,0.03125,1.0,1.0,0.03125,1.0,0.15625,1.0,0.15625,1.0,1.0,0.15625,1.0,0.3125,1.0,0.3125,1.0,1.0,0.3125,1.0,0.46875,1.0,0.46875,1.0,1.0,0.46875,1.0,0.625,1.0,0.625,1.0,1.0,0.625,1.0,0.78125,1.0,0.78125,1.0,1.0,0.78125,0.9666666666666667,0.90625,1.0,0.9375,1.0,1.0,0.9052083333333333,0.8571428571428571,0.9375,0.9142857142857143,1.0,1.0,1.0,0.9336174242424242,0.75,0.9375,0.8,1.0,1.0,1.0,0.9336174242424242,0.6666666666666666,0.9375,0.7111111111111111,1.0,1.0,1.0,0.9336174242424242,0.6,0.9375,0.64,1.0,1.0,1.0,0.9336174242424242,kalm_gemma3_12b-dj_adpt,9,webtable-cl_optim-v=12-distilroberta-dj_adpt~qwen3_8b-dj_adpt
pte_five_ring.pq::Arg0,1.0,0.03125,1.0,0.03125,1.0,1.0,0.03125,1.0,0.15625,1.0,0.15625,1.0,1.0,0.15625,1.0,0.3125,1.0,0.3125,1.0,1.0,0.3125,1.0,0.46875,1.0,0.46875,1.0,1.0,0.46875,0.95,0.59375,1.0,0.625,1.0,1.0,0.5888066520467836,0.88,0.6875,1.0,0.78125,1.0,1.0,0.67828940661106,0.8666666666666667,0.8125,1.0,0.9375,1.0,1.0,0.7877344036638156,0.8285714285714286,0.90625,0.9142857142857143,1.0,1.0,1.0,0.8697580168114207,0.725,0.90625,0.8,1.0,1.0,1.0,0.8697580168114207,0.6444444444444445,0.90625,0.7111111111111111,1.0,1.0,1.0,0.8697580168114207,0.6,0.9375,0.64,1.0,1.0,1.0,0.8901384515940294,kalm_gemma3_12b-dj_adpt,9,webtable-cl_optim-v=12-distilroberta-dj_adpt~qwen3_8b-dj_adpt
MoviesOnStreamingPlatforms_updated.pq::Country,1.0,0.03333333333333333,1.0,0.03333333333333333,1.0,1.0,0.03333333333333333,1.0,0.16666666666666666,1.0,0.16666666666666666,1.0,1.0,0.16666666666666666,1.0,0.3333333333333333,1.0,0.3333333333333333,1.0,1.0,0.3333333333333333,0.9333333333333333,0.4666666666666667,1.0,0.5,1.0,1.0,0.46444444444444444,0.95,0.6333333333333333,1.0,0.6666666666666666,1.0,1.0,0.6217940889806215,0.92,0.7666666666666667,1.0,0.8333333333333334,1.0,1.0,0.749186804960294,0.8333333333333334,0.8333333333333334,1.0,1.0,1.0,1.0,0.8064938657156306,0.7428571428571429,0.8666666666666667,0.8571428571428571,1.0,1.0,1.0,0.8344508549629424,0.7,0.9333333333333333,0.75,1.0,1.0,1.0,0.8840122584717143,0.6222222222222222,0.9333333333333333,0.6666666666666666,1.0,1.0,1.0,0.8840122584717143,0.56,0.9333333333333333,0.6,1.0,1.0,1.0,0.8840122584717143,kalm_gemma3_12b-dj_adpt,9,webtable-cl_optim-v=12-distilroberta-dj_adpt~qwen3_8b-dj_adpt
pte_amine.pq::Arg0,1.0,0.03125,1.0,0.03125,1.0,1.0,0.03125,1.0,0.15625,1.0,0.15625,1.0,1.0,0.15625,1.0,0.3125,1.0,0.3125,1.0,1.0,0.3125,1.0,0.46875,1.0,0.46875,1.0,1.0,0.46875,0.85,0.53125,1.0,0.625,1.0,1.0,0.5295138888888888,0.72,0.5625,1.0,0.78125,1.0,1.0,0.5550820707070707,0.6666666666666666,0.625,1.0,0.9375,1.0,1.0,0.6002400377400378,0.6,0.65625,0.9142857142857143,1.0,1.0,1.0,0.6214093925787474,0.625,0.78125,0.8,1.0,1.0,1.0,0.6997011838639597,0.5777777777777777,0.8125,0.7111111111111111,1.0,1.0,1.0,0.7190464219591979,0.52,0.8125,0.64,1.0,1.0,1.0,0.7190464219591979,kalm_gemma3_12b-dj_adpt,9,webtable-cl_optim-v=12-distilroberta-dj_adpt~qwen3_8b-dj_adpt
AdventureWorks2014_salesTerritory.pq::Name,1.0,0.03333333333333333,1.0,0.03333333333333333,1.0,1.0,0.03333333333333333,0.4,0.06666666666666667,1.0,0.16666666666666666,1.0,1.0,0.05,0.5,0.16666666666666666,1.0,0.3333333333333333,1.0,1.0,0.09576719576719576,0.6,0.3,1.0,0.5,1.0,1.0,0.17244107744107745,0.45,0.3,1.0,0.6666666666666666,1.0,1.0,0.17244107744107745,0.44,0.36666666666666664,1.0,0.8333333333333334,1.0,1.0,0.20099663299663298,0.4666666666666667,0.4666666666666667,1.0,1.0,1.0,1.0,0.24630953210263554,0.42857142857142855,0.5,0.8571428571428571,1.0,1.0,1.0,0.2614610472541507,0.45,0.6,0.75,1.0,1.0,1.0,0.3069757927688962,0.4444444444444444,0.6666666666666666,0.6666666666666666,1.0,1.0,1.0,0.33755903381725355,0.4,0.6666666666666666,0.6,1.0,1.0,1.0,0.33755903381725355,kalm_gemma3_12b-dj_adpt,9,webtable-cl_optim-v=12-distilroberta-dj_adpt~qwen3_8b-dj_adpt
whr2015.pq::Country,1.0,0.03333333333333333,1.0,0.03333333333333333,1.0,1.0,0.03333333333333333,1.0,0.16666666666666666,1.0,0.16666666666666666,1.0,1.0,0.16666666666666666,1.0,0.3333333333333333,1.0,0.3333333333333333,1.0,1.0,0.3333333333333333,1.0,0.5,1.0,0.5,1.0,1.0,0.5,0.95,0.6333333333333333,1.0,0.6666666666666666,1.0,1.0,0.6299122807017544,0.92,0.7666666666666667,1.0,0.8333333333333334,1.0,1.0,0.7533153172787039,0.8333333333333334,0.8333333333333334,1.0,1.0,1.0,1.0,0.8107227246861115,0.7428571428571429,0.8666666666666667,0.8571428571428571,1.0,1.0,1.0,0.8362129207645428,0.65,0.8666666666666667,0.75,1.0,1.0,1.0,0.8362129207645428,0.6,0.9,0.6666666666666666,1.0,1.0,1.0,0.8571431533226822,0.54,0.9,0.6,1.0,1.0,1.0,0.8571431533226822,kalm_gemma3_12b-dj_adpt,9,webtable-cl_optim-v=12-distilroberta-dj_adpt~qwen3_8b-dj_adpt
countries_and_continents.pq::official_name_fr,1.0,0.037037037037037035,1.0,0.037037037037037035,1.0,1.0,0.037037037037037035,1.0,0.18518518518518517,1.0,0.18518518518518517,1.0,1.0,0.18518518518518517,0.8,0.2962962962962963,1.0,0.37037037037037035,1.0,1.0,0.28888888888888886,0.6,0.3333333333333333,1.0,0.5555555555555556,1.0,1.0,0.3166666666666667,0.5,0.37037037037037035,1.0,0.7407407407407407,1.0,1.0,0.33845315904139434,0.48,0.4444444444444444,1.0,0.9259259259259259,1.0,1.0,0.37474945533769066,0.43333333333333335,0.48148148148148145,0.9,1.0,1.0,1.0,0.3913522650439486,0.37142857142857144,0.48148148148148145,0.7714285714285715,1.0,1.0,1.0,0.3913522650439486,0.325,0.48148148148148145,0.675,1.0,1.0,1.0,0.3913522650439486,0.28888888888888886,0.48148148148148145,0.6,1.0,1.0,1.0,0.3913522650439486,0.26,0.48148148148148145,0.54,1.0,1.0,1.0,0.3913522650439486,kalm_gemma3_12b-dj_adpt,9,webtable-cl_optim-v=12-distilroberta-dj_adpt~qwen3_8b-dj_adpt
pte_has_property.pq::Arg0,1.0,0.03125,1.0,0.03125,1.0,1.0,0.03125,1.0,0.15625,1.0,0.15625,1.0,1.0,0.15625,1.0,0.3125,1.0,0.3125,1.0,1.0,0.3125,0.9333333333333333,0.4375,1.0,0.46875,1.0,1.0,0.4375,0.7,0.4375,1.0,0.625,1.0,1.0,0.4375,0.56,0.4375,1.0,0.78125,1.0,1.0,0.4375,0.5,0.46875,1.0,0.9375,1.0,1.0,0.453125,0.45714285714285713,0.5,0.9142857142857143,1.0,1.0,1.0,0.46875,0.425,0.53125,0.8,1.0,1.0,1.0,0.4823717948717949,0.37777777777777777,0.53125,0.7111111111111111,1.0,1.0,1.0,0.4823717948717949,0.36,0.5625,0.64,1.0,1.0,1.0,0.49362179487179486,kalm_gemma3_12b-dj_adpt,9,webtable-cl_optim-v=12-distilroberta-dj_adpt~qwen3_8b-dj_adpt
cwurData.pq::country,1.0,0.03333333333333333,1.0,0.03333333333333333,1.0,1.0,0.03333333333333333,0.6,0.1,1.0,0.16666666666666666,1.0,1.0,0.1,0.8,0.26666666666666666,1.0,0.3333333333333333,1.0,1.0,0.22362433862433864,0.8666666666666667,0.43333333333333335,1.0,0.5,1.0,1.0,0.36434028934028934,0.8,0.5333333333333333,1.0,0.6666666666666666,1.0,1.0,0.452548350342468,0.68,0.5666666666666667,1.0,0.8333333333333334,1.0,1.0,0.47718603150188826,0.6,0.6,1.0,1.0,1.0,1.0,0.4971860315018883,0.5428571428571428,0.6333333333333333,0.8571428571428571,1.0,1.0,1.0,0.5152812695971264,0.475,0.6333333333333333,0.75,1.0,1.0,1.0,0.5152812695971264,0.4666666666666667,0.7,0.6666666666666666,1.0,1.0,1.0,0.5474505231078433,0.42,0.7,0.6,1.0,1.0,1.0,0.5474505231078433,llama_nemotron_8b-dj_adpt,10,webtable-cl_optim-v=12-distilroberta-dj_adpt~qwen3_8b-dj_adpt
countries_and_continents.pq::ISO4217-currency_country_name,0.0,0.0,1.0,0.037037037037037035,0.0,0.0,0.0,0.8,0.14814814814814814,1.0,0.18518518518518517,1.0,0.5,0.1006172839506173,0.9,0.3333333333333333,1.0,0.37037037037037035,1.0,0.5,0.2618900646678424,0.6666666666666666,0.37037037037037035,1.0,0.5555555555555556,1.0,0.5,0.2955600983378761,0.6,0.4444444444444444,1.0,0.7407407407407407,1.0,0.5,0.3415856560593402,0.52,0.48148148148148145,1.0,0.9259259259259259,1.0,0.5,0.3625196335150569,0.4666666666666667,0.5185185185185185,0.9,1.0,1.0,0.5,0.3817240230898168,0.42857142857142855,0.5555555555555556,0.7714285714285715,1.0,1.0,0.5,0.39855903992483366,0.4,0.5925925925925926,0.675,1.0,1.0,0.5,0.4150199452746279,0.35555555555555557,0.5925925925925926,0.6,1.0,1.0,0.5,0.4150199452746279,0.32,0.5925925925925926,0.54,1.0,1.0,0.5,0.4150199452746279,llama_nemotron_8b-dj_adpt,10,webtable-cl_optim-v=12-distilroberta-dj_adpt~qwen3_8b-dj_adpt
pte_imine.pq::Arg0,1.0,0.03125,1.0,0.03125,1.0,1.0,0.03125,0.8,0.125,1.0,0.15625,1.0,1.0,0.125,0.9,0.28125,1.0,0.3125,1.0,1.0,0.26107390873015873,0.8666666666666667,0.40625,1.0,0.46875,1.0,1.0,0.3719978805916306,0.9,0.5625,1.0,0.625,1.0,1.0,0.5107784640969626,0.92,0.71875,1.0,0.78125,1.0,1.0,0.6533898065588485,0.9,0.84375,1.0,0.9375,1.0,1.0,0.7683140027330446,0.8857142857142857,0.96875,0.9142857142857143,1.0,1.0,1.0,0.8809477840223199,0.775,0.96875,0.8,1.0,1.0,1.0,0.8809477840223199,0.6888888888888889,0.96875,0.7111111111111111,1.0,1.0,1.0,0.8809477840223199,0.62,0.96875,0.64,1.0,1.0,1.0,0.8809477840223199,llama_nemotron_8b-dj_adpt,10,webtable-cl_optim-v=12-distilroberta-dj_adpt~qwen3_8b-dj_adpt
countries_and_continents.pq::official_name_en,1.0,0.037037037037037035,1.0,0.037037037037037035,1.0,1.0,0.037037037037037035,0.8,0.14814814814814814,1.0,0.18518518518518517,1.0,1.0,0.14814814814814814,0.9,0.3333333333333333,1.0,0.37037037037037035,1.0,1.0,0.3094209288653733,0.6666666666666666,0.37037037037037035,1.0,0.5555555555555556,1.0,1.0,0.34309096253540694,0.6,0.4444444444444444,1.0,0.7407407407407407,1.0,1.0,0.391945738363867,0.6,0.5555555555555556,1.0,0.9259259259259259,1.0,1.0,0.460664673749469,0.5333333333333333,0.5925925925925926,0.9,1.0,1.0,1.0,0.4826125475491947,0.4857142857142857,0.6296296296296297,0.7714285714285715,1.0,1.0,1.0,0.5016922332955471,0.45,0.6666666666666666,0.675,1.0,1.0,1.0,0.5187862503895643,0.4222222222222222,0.7037037037037037,0.6,1.0,1.0,1.0,0.5351514528012783,0.38,0.7037037037037037,0.54,1.0,1.0,1.0,0.5351514528012783,llama_nemotron_8b-dj_adpt,10,webtable-cl_optim-v=12-distilroberta-dj_adpt~qwen3_8b-dj_adpt
world_country.pq::Name,1.0,0.034482758620689655,1.0,0.034482758620689655,1.0,1.0,0.034482758620689655,0.8,0.13793103448275862,1.0,0.1724137931034483,1.0,1.0,0.13793103448275862,0.7,0.2413793103448276,1.0,0.3448275862068966,1.0,1.0,0.22036124794745485,0.6,0.3103448275862069,1.0,0.5172413793103449,1.0,1.0,0.26760710553814004,0.6,0.41379310344827586,1.0,0.6896551724137931,1.0,1.0,0.33324978729323773,0.6,0.5172413793103449,1.0,0.8620689655172413,1.0,1.0,0.39627541733535954,0.5333333333333333,0.5517241379310345,0.9666666666666667,1.0,1.0,1.0,0.41597985083289646,0.4857142857142857,0.5862068965517241,0.8285714285714286,1.0,1.0,1.0,0.43429881635013784,0.45,0.6206896551724138,0.725,1.0,1.0,1.0,0.45107421243587875,0.4,0.6206896551724138,0.6444444444444445,1.0,1.0,1.0,0.45107421243587875,0.4,0.6896551724137931,0.58,1.0,1.0,1.0,0.47911019444487424,llama_nemotron_8b-dj_adpt,10,webtable-cl_optim-v=12-distilroberta-dj_adpt~qwen3_8b-dj_adpt
pte_nitro.pq::Arg0,1.0,0.03125,1.0,0.03125,1.0,1.0,0.03125,1.0,0.15625,1.0,0.15625,1.0,1.0,0.15625,1.0,0.3125,1.0,0.3125,1.0,1.0,0.3125,0.8666666666666667,0.40625,1.0,0.46875,1.0,1.0,0.401614010989011,0.8,0.5,1.0,0.625,1.0,1.0,0.47999942765567766,0.84,0.65625,1.0,0.78125,1.0,1.0,0.6089721125794495,0.7,0.65625,1.0,0.9375,1.0,1.0,0.6089721125794495,0.7142857142857143,0.78125,0.9142857142857143,1.0,1.0,1.0,0.6973100870654316,0.625,0.78125,0.8,1.0,1.0,1.0,0.6973100870654316,0.5777777777777777,0.8125,0.7111111111111111,1.0,1.0,1.0,0.716205435902641,0.56,0.875,0.64,1.0,1.0,1.0,0.7509248236577429,llama_nemotron_8b-dj_adpt,10,webtable-cl_optim-v=12-distilroberta-dj_adpt~qwen3_8b-dj_adpt
pte_sulfide.pq::Arg0,1.0,0.03125,1.0,0.03125,1.0,1.0,0.03125,1.0,0.15625,1.0,0.15625,1.0,1.0,0.15625,1.0,0.3125,1.0,0.3125,1.0,1.0,0.3125,0.8666666666666667,0.40625,1.0,0.46875,1.0,1.0,0.40625,0.9,0.5625,1.0,0.625,1.0,1.0,0.545030583505332,0.92,0.71875,1.0,0.78125,1.0,1.0,0.6876419259672178,0.9,0.84375,1.0,0.9375,1.0,1.0,0.803535949727621,0.8,0.875,0.9142857142857143,1.0,1.0,1.0,0.830879699727621,0.7,0.875,0.8,1.0,1.0,1.0,0.830879699727621,0.6666666666666666,0.9375,0.7111111111111111,1.0,1.0,1.0,0.8747856838456016,0.6,0.9375,0.64,1.0,1.0,1.0,0.8747856838456016,llama_nemotron_8b-dj_adpt,10,webtable-cl_optim-v=12-distilroberta-dj_adpt~qwen3_8b-dj_adpt
pte_non_ar_hetero_6_ring.pq::Arg0,1.0,0.03125,1.0,0.03125,1.0,1.0,0.03125,1.0,0.15625,1.0,0.15625,1.0,1.0,0.15625,1.0,0.3125,1.0,0.3125,1.0,1.0,0.3125,1.0,0.46875,1.0,0.46875,1.0,1.0,0.46875,0.95,0.59375,1.0,0.625,1.0,1.0,0.5921875,0.96,0.75,1.0,0.78125,1.0,1.0,0.741618171230943,0.8666666666666667,0.8125,1.0,0.9375,1.0,1.0,0.8017588407466125,0.8285714285714286,0.90625,0.9142857142857143,1.0,1.0,1.0,0.8821461459619537,0.725,0.90625,0.8,1.0,1.0,1.0,0.8821461459619537,0.6444444444444445,0.90625,0.7111111111111111,1.0,1.0,1.0,0.8821461459619537,0.6,0.9375,0.64,1.0,1.0,1.0,0.9008961459619538,llama_nemotron_8b-dj_adpt,10,webtable-cl_optim-v=12-distilroberta-dj_adpt~qwen3_8b-dj_adpt
Word_University_Rank_2020.pq::Country,1.0,0.03333333333333333,1.0,0.03333333333333333,1.0,1.0,0.03333333333333333,1.0,0.16666666666666666,1.0,0.16666666666666666,1.0,1.0,0.16666666666666666,0.8,0.26666666666666666,1.0,0.3333333333333333,1.0,1.0,0.26296296296296295,0.8666666666666667,0.43333333333333335,1.0,0.5,1.0,1.0,0.4036789136789137,0.8,0.5333333333333333,1.0,0.6666666666666666,1.0,1.0,0.4869778472874448,0.76,0.6333333333333333,1.0,0.8333333333333334,1.0,1.0,0.5642953076049051,0.6333333333333333,0.6333333333333333,1.0,1.0,1.0,1.0,0.5642953076049051,0.5714285714285714,0.6666666666666666,0.8571428571428571,1.0,1.0,1.0,0.5851286409382385,0.525,0.7,0.75,1.0,1.0,1.0,0.6045730853826828,0.4666666666666667,0.7,0.6666666666666666,1.0,1.0,1.0,0.6045730853826828,0.44,0.7333333333333333,0.6,1.0,1.0,1.0,0.6195390717772408,llama_nemotron_8b-dj_adpt,10,webtable-cl_optim-v=12-distilroberta-dj_adpt~qwen3_8b-dj_adpt
gender_development.pq::Country,1.0,0.03333333333333333,1.0,0.03333333333333333,1.0,1.0,0.03333333333333333,1.0,0.16666666666666666,1.0,0.16666666666666666,1.0,1.0,0.16666666666666666,1.0,0.3333333333333333,1.0,0.3333333333333333,1.0,1.0,0.3333333333333333,1.0,0.5,1.0,0.5,1.0,1.0,0.5,0.95,0.6333333333333333,1.0,0.6666666666666666,1.0,1.0,0.6333333333333333,0.92,0.7666666666666667,1.0,0.8333333333333334,1.0,1.0,0.7581197691197692,0.8666666666666667,0.8666666666666667,1.0,1.0,1.0,1.0,0.848535962122169,0.7428571428571429,0.8666666666666667,0.8571428571428571,1.0,1.0,1.0,0.848535962122169,0.65,0.8666666666666667,0.75,1.0,1.0,1.0,0.848535962122169,0.5777777777777777,0.8666666666666667,0.6666666666666666,1.0,1.0,1.0,0.848535962122169,0.52,0.8666666666666667,0.6,1.0,1.0,1.0,0.848535962122169,llama_nemotron_8b-dj_adpt,10,webtable-cl_optim-v=12-distilroberta-dj_adpt~qwen3_8b-dj_adpt
pte_testactive_Neg.pq::Arg0,1.0,0.03125,1.0,0.03125,1.0,1.0,0.03125,1.0,0.15625,1.0,0.15625,1.0,1.0,0.15625,1.0,0.3125,1.0,0.3125,1.0,1.0,0.3125,0.8666666666666667,0.40625,1.0,0.46875,1.0,1.0,0.401614010989011,0.85,0.53125,1.0,0.625,1.0,1.0,0.5094095798744599,0.84,0.65625,1.0,0.78125,1.0,1.0,0.6177015935672888,0.7,0.65625,1.0,0.9375,1.0,1.0,0.6177015935672888,0.7142857142857143,0.78125,0.9142857142857143,1.0,1.0,1.0,0.7053465236984322,0.65,0.8125,0.8,1.0,1.0,1.0,0.7279159681428766,0.6,0.84375,0.7111111111111111,1.0,1.0,1.0,0.7480052538571623,0.58,0.90625,0.64,1.0,1.0,1.0,0.7847472751337581,llama_nemotron_8b-dj_adpt,10,webtable-cl_optim-v=12-distilroberta-dj_adpt~qwen3_8b-dj_adpt
edu.pq::country,1.0,0.03333333333333333,1.0,0.03333333333333333,1.0,1.0,0.03333333333333333,1.0,0.16666666666666666,1.0,0.16666666666666666,1.0,1.0,0.16666666666666666,1.0,0.3333333333333333,1.0,0.3333333333333333,1.0,1.0,0.3333333333333333,0.9333333333333333,0.4666666666666667,1.0,0.5,1.0,1.0,0.46444444444444444,0.85,0.5666666666666667,1.0,0.6666666666666666,1.0,1.0,0.5551486354775829,0.72,0.6,1.0,0.8333333333333334,1.0,1.0,0.5801486354775829,0.7,0.7,1.0,1.0,1.0,1.0,0.6499272646814994,0.6285714285714286,0.7333333333333333,0.8571428571428571,1.0,1.0,1.0,0.6714958921324798,0.55,0.7333333333333333,0.75,1.0,1.0,1.0,0.6714958921324798,0.4888888888888889,0.7333333333333333,0.6666666666666666,1.0,1.0,1.0,0.6714958921324798,0.46,0.7666666666666667,0.6,1.0,1.0,1.0,0.6871421506358811,llama_nemotron_8b-dj_adpt,10,webtable-cl_optim-v=12-distilroberta-dj_adpt~qwen3_8b-dj_adpt
AdventureWorks2014_CountryRegion.pq::Name,1.0,0.03333333333333333,1.0,0.03333333333333333,1.0,1.0,0.03333333333333333,0.8,0.13333333333333333,1.0,0.16666666666666666,1.0,1.0,0.13333333333333333,0.7,0.23333333333333334,1.0,0.3333333333333333,1.0,1.0,0.21884920634920635,0.6666666666666666,0.3333333333333333,1.0,0.5,1.0,1.0,0.2903138528138528,0.65,0.43333333333333335,1.0,0.6666666666666666,1.0,1.0,0.3582597592466013,0.64,0.5333333333333333,1.0,0.8333333333333334,1.0,1.0,0.4234332331157274,0.5666666666666667,0.5666666666666667,1.0,1.0,1.0,1.0,0.44442088743671504,0.5142857142857142,0.6,0.8571428571428571,1.0,1.0,1.0,0.4637757261463925,0.45,0.6,0.75,1.0,1.0,1.0,0.4637757261463925,0.4444444444444444,0.6666666666666666,0.6666666666666666,1.0,1.0,1.0,0.49509589649095304,0.42,0.7,0.6,1.0,1.0,1.0,0.5103132877953008,llama_nemotron_8b-dj_adpt,10,webtable-cl_optim-v=12-distilroberta-dj_adpt~qwen3_8b-dj_adpt
pte_methoxy.pq::Arg0,1.0,0.03125,1.0,0.03125,1.0,1.0,0.03125,1.0,0.15625,1.0,0.15625,1.0,1.0,0.15625,1.0,0.3125,1.0,0.3125,1.0,1.0,0.3125,0.9333333333333333,0.4375,1.0,0.46875,1.0,1.0,0.4375,0.9,0.5625,1.0,0.625,1.0,1.0,0.555327791752666,0.92,0.71875,1.0,0.78125,1.0,1.0,0.6979391342145519,0.8666666666666667,0.8125,1.0,0.9375,1.0,1.0,0.7816359390859258,0.8,0.875,0.9142857142857143,1.0,1.0,1.0,0.831452115556514,0.75,0.9375,0.8,1.0,1.0,1.0,0.8806641882060866,0.6666666666666666,0.9375,0.7111111111111111,1.0,1.0,1.0,0.8806641882060866,0.6,0.9375,0.64,1.0,1.0,1.0,0.8806641882060866,llama_nemotron_8b-dj_adpt,10,webtable-cl_optim-v=12-distilroberta-dj_adpt~qwen3_8b-dj_adpt
world-cities.pq::country,1.0,0.03333333333333333,1.0,0.03333333333333333,1.0,1.0,0.03333333333333333,1.0,0.16666666666666666,1.0,0.16666666666666666,1.0,1.0,0.16666666666666666,1.0,0.3333333333333333,1.0,0.3333333333333333,1.0,1.0,0.3333333333333333,1.0,0.5,1.0,0.5,1.0,1.0,0.5,0.95,0.6333333333333333,1.0,0.6666666666666666,1.0,1.0,0.6333333333333333,0.92,0.7666666666666667,1.0,0.8333333333333334,1.0,1.0,0.7581197691197692,0.8,0.8,1.0,1.0,1.0,1.0,0.7888889998889999,0.6857142857142857,0.8,0.8571428571428571,1.0,1.0,1.0,0.7888889998889999,0.625,0.8333333333333334,0.75,1.0,1.0,1.0,0.8114115224115224,0.5555555555555556,0.8333333333333334,0.6666666666666666,1.0,1.0,1.0,0.8114115224115224,0.5,0.8333333333333334,0.6,1.0,1.0,1.0,0.8114115224115224,llama_nemotron_8b-dj_adpt,10,webtable-cl_optim-v=12-distilroberta-dj_adpt~qwen3_8b-dj_adpt
movies.pq::country,1.0,0.03333333333333333,1.0,0.03333333333333333,1.0,1.0,0.03333333333333333,0.8,0.13333333333333333,1.0,0.16666666666666666,1.0,1.0,0.12666666666666665,0.8,0.26666666666666666,1.0,0.3333333333333333,1.0,1.0,0.22806878306878306,0.8666666666666667,0.43333333333333335,1.0,0.5,1.0,1.0,0.3687847337847338,0.8,0.5333333333333333,1.0,0.6666666666666666,1.0,1.0,0.45402983182394946,0.72,0.6,1.0,0.8333333333333334,1.0,1.0,0.5036675129833698,0.6666666666666666,0.6666666666666666,1.0,1.0,1.0,1.0,0.550112808853953,0.5714285714285714,0.6666666666666666,0.8571428571428571,1.0,1.0,1.0,0.550112808853953,0.525,0.7,0.75,1.0,1.0,1.0,0.568061526802671,0.5111111111111111,0.7666666666666667,0.6666666666666666,1.0,1.0,1.0,0.6042016739184278,0.46,0.7666666666666667,0.6,1.0,1.0,1.0,0.6042016739184278,llama_nemotron_8b-dj_adpt,10,webtable-cl_optim-v=12-distilroberta-dj_adpt~qwen3_8b-dj_adpt
countries_data.pq::CountryName,1.0,0.03333333333333333,1.0,0.03333333333333333,1.0,1.0,0.03333333333333333,1.0,0.16666666666666666,1.0,0.16666666666666666,1.0,1.0,0.16666666666666666,1.0,0.3333333333333333,1.0,0.3333333333333333,1.0,1.0,0.3333333333333333,0.9333333333333333,0.4666666666666667,1.0,0.5,1.0,1.0,0.4594993894993895,0.85,0.5666666666666667,1.0,0.6666666666666666,1.0,1.0,0.5453146629772017,0.76,0.6333333333333333,1.0,0.8333333333333334,1.0,1.0,0.5967349528322742,0.6666666666666666,0.6666666666666666,1.0,1.0,1.0,1.0,0.6214263108569654,0.6,0.7,0.8571428571428571,1.0,1.0,1.0,0.6440069560182559,0.55,0.7333333333333333,0.75,1.0,1.0,1.0,0.6623402893515891,0.5111111111111111,0.7666666666666667,0.6666666666666666,1.0,1.0,1.0,0.6810394763434591,0.48,0.8,0.6,1.0,1.0,1.0,0.6977061430101258,llama_nemotron_8b-dj_adpt,10,webtable-cl_optim-v=12-distilroberta-dj_adpt~qwen3_8b-dj_adpt
pte_alcohol.pq::Arg0,1.0,0.03125,1.0,0.03125,1.0,1.0,0.03125,0.8,0.125,1.0,0.15625,1.0,1.0,0.11875,0.9,0.28125,1.0,0.3125,1.0,1.0,0.25482390873015875,0.9333333333333333,0.4375,1.0,0.46875,1.0,1.0,0.39890951062826063,0.8,0.5,1.0,0.625,1.0,1.0,0.4512669667686115,0.76,0.59375,1.0,0.78125,1.0,1.0,0.5246107991138026,0.7,0.65625,1.0,0.9375,1.0,1.0,0.5711964472619507,0.6857142857142857,0.75,0.9142857142857143,1.0,1.0,1.0,0.6365827410756638,0.625,0.78125,0.8,1.0,1.0,1.0,0.6576976059405287,0.6,0.84375,0.7111111111111111,1.0,1.0,1.0,0.6966908154748968,0.6,0.9375,0.64,1.0,1.0,1.0,0.7533206981460504,llama_nemotron_8b-dj_adpt,10,webtable-cl_optim-v=12-distilroberta-dj_adpt~qwen3_8b-dj_adpt
pte_phenol.pq::Arg0,1.0,0.03125,1.0,0.03125,1.0,1.0,0.03125,1.0,0.15625,1.0,0.15625,1.0,1.0,0.15625,1.0,0.3125,1.0,0.3125,1.0,1.0,0.3125,0.9333333333333333,0.4375,1.0,0.46875,1.0,1.0,0.4307806776556777,0.9,0.5625,1.0,0.625,1.0,1.0,0.5439408567492449,0.84,0.65625,1.0,0.78125,1.0,1.0,0.6267323293165327,0.8333333333333334,0.78125,1.0,0.9375,1.0,1.0,0.7297686707688225,0.8285714285714286,0.90625,0.9142857142857143,1.0,1.0,1.0,0.8323556288475085,0.725,0.90625,0.8,1.0,1.0,1.0,0.8323556288475085,0.6666666666666666,0.9375,0.7111111111111111,1.0,1.0,1.0,0.855221482506045,0.6,0.9375,0.64,1.0,1.0,1.0,0.855221482506045,llama_nemotron_8b-dj_adpt,10,webtable-cl_optim-v=12-distilroberta-dj_adpt~qwen3_8b-dj_adpt
pte_ester.pq::Arg0,1.0,0.03125,1.0,0.03125,1.0,1.0,0.03125,1.0,0.15625,1.0,0.15625,1.0,1.0,0.15625,1.0,0.3125,1.0,0.3125,1.0,1.0,0.3125,0.9333333333333333,0.4375,1.0,0.46875,1.0,1.0,0.4354166666666667,0.95,0.59375,1.0,0.625,1.0,1.0,0.5829319584193327,0.96,0.75,1.0,0.78125,1.0,1.0,0.7323626296502757,0.9333333333333333,0.875,1.0,0.9375,1.0,1.0,0.8528096415304771,0.8571428571428571,0.9375,0.9142857142857143,1.0,1.0,1.0,0.9088292267839334,0.75,0.9375,0.8,1.0,1.0,1.0,0.9088292267839334,0.6666666666666666,0.9375,0.7111111111111111,1.0,1.0,1.0,0.9088292267839334,0.6,0.9375,0.64,1.0,1.0,1.0,0.9088292267839334,llama_nemotron_8b-dj_adpt,10,webtable-cl_optim-v=12-distilroberta-dj_adpt~qwen3_8b-dj_adpt
pte_non_ar_hetero_5_ring.pq::Arg0,1.0,0.03125,1.0,0.03125,1.0,1.0,0.03125,1.0,0.15625,1.0,0.15625,1.0,1.0,0.15625,1.0,0.3125,1.0,0.3125,1.0,1.0,0.3125,0.9333333333333333,0.4375,1.0,0.46875,1.0,1.0,0.4331845238095238,0.95,0.59375,1.0,0.625,1.0,1.0,0.5806998155621897,0.92,0.71875,1.0,0.78125,1.0,1.0,0.7001304867931327,0.9,0.84375,1.0,0.9375,1.0,1.0,0.8140540672037822,0.8285714285714286,0.90625,0.9142857142857143,1.0,1.0,1.0,0.8697419948675162,0.75,0.9375,0.8,1.0,1.0,1.0,0.8944130474990952,0.6666666666666666,0.9375,0.7111111111111111,1.0,1.0,1.0,0.8944130474990952,0.6,0.9375,0.64,1.0,1.0,1.0,0.8944130474990952,llama_nemotron_8b-dj_adpt,10,webtable-cl_optim-v=12-distilroberta-dj_adpt~qwen3_8b-dj_adpt
population_by_country_2020.pq::CountryDependency,1.0,0.03333333333333333,1.0,0.03333333333333333,1.0,1.0,0.03333333333333333,0.6,0.1,1.0,0.16666666666666666,1.0,1.0,0.08666666666666667,0.6,0.2,1.0,0.3333333333333333,1.0,1.0,0.1576984126984127,0.6,0.3,1.0,0.5,1.0,1.0,0.21619047619047618,0.55,0.36666666666666664,1.0,0.6666666666666666,1.0,1.0,0.25535714285714284,0.44,0.36666666666666664,1.0,0.8333333333333334,1.0,1.0,0.25535714285714284,0.43333333333333335,0.43333333333333335,1.0,1.0,1.0,1.0,0.2845853858784893,0.4,0.4666666666666667,0.8571428571428571,1.0,1.0,1.0,0.29963914931934954,0.35,0.4666666666666667,0.75,1.0,1.0,1.0,0.29963914931934954,0.3111111111111111,0.4666666666666667,0.6666666666666666,1.0,1.0,1.0,0.29963914931934954,0.3,0.5,0.6,1.0,1.0,1.0,0.31005581598601617,llama_nemotron_8b-dj_adpt,10,webtable-cl_optim-v=12-distilroberta-dj_adpt~qwen3_8b-dj_adpt
pte_non_ar_5c_ring.pq::Arg0,1.0,0.03125,1.0,0.03125,1.0,1.0,0.03125,1.0,0.15625,1.0,0.15625,1.0,1.0,0.15625,1.0,0.3125,1.0,0.3125,1.0,1.0,0.3125,1.0,0.46875,1.0,0.46875,1.0,1.0,0.46875,0.95,0.59375,1.0,0.625,1.0,1.0,0.586968416752666,0.96,0.75,1.0,0.78125,1.0,1.0,0.736399087983609,0.9333333333333333,0.875,1.0,0.9375,1.0,1.0,0.8526136245645248,0.8857142857142857,0.96875,0.9142857142857143,1.0,1.0,1.0,0.9396370175910903,0.775,0.96875,0.8,1.0,1.0,1.0,0.9396370175910903,0.6888888888888889,0.96875,0.7111111111111111,1.0,1.0,1.0,0.9396370175910903,0.62,0.96875,0.64,1.0,1.0,1.0,0.9396370175910903,llama_nemotron_8b-dj_adpt,10,webtable-cl_optim-v=12-distilroberta-dj_adpt~qwen3_8b-dj_adpt
fifa_ranking.pq::country_full,1.0,0.03333333333333333,1.0,0.03333333333333333,1.0,1.0,0.03333333333333333,1.0,0.16666666666666666,1.0,0.16666666666666666,1.0,1.0,0.16666666666666666,1.0,0.3333333333333333,1.0,0.3333333333333333,1.0,1.0,0.3333333333333333,1.0,0.5,1.0,0.5,1.0,1.0,0.5,0.9,0.6,1.0,0.6666666666666666,1.0,1.0,0.6,0.84,0.7,1.0,0.8333333333333334,1.0,1.0,0.6857733860342556,0.7666666666666667,0.7666666666666667,1.0,1.0,1.0,1.0,0.7423735759677789,0.6571428571428571,0.7666666666666667,0.8571428571428571,1.0,1.0,1.0,0.7423735759677789,0.575,0.7666666666666667,0.75,1.0,1.0,1.0,0.7423735759677789,0.5333333333333333,0.8,0.6666666666666666,1.0,1.0,1.0,0.7618857710897301,0.48,0.8,0.6,1.0,1.0,1.0,0.7618857710897301,llama_nemotron_8b-dj_adpt,10,webtable-cl_optim-v=12-distilroberta-dj_adpt~qwen3_8b-dj_adpt
countries_of_the_world.pq::Country,1.0,0.03333333333333333,1.0,0.03333333333333333,1.0,1.0,0.03333333333333333,1.0,0.16666666666666666,1.0,0.16666666666666666,1.0,1.0,0.16666666666666666,1.0,0.3333333333333333,1.0,0.3333333333333333,1.0,1.0,0.3333333333333333,0.9333333333333333,0.4666666666666667,1.0,0.5,1.0,1.0,0.46444444444444444,0.9,0.6,1.0,0.6666666666666666,1.0,1.0,0.5851486354775829,0.84,0.7,1.0,0.8333333333333334,1.0,1.0,0.6710851434140908,0.7333333333333333,0.7333333333333333,1.0,1.0,1.0,1.0,0.6982456372412513,0.6857142857142857,0.8,0.8571428571428571,1.0,1.0,1.0,0.746506231801656,0.625,0.8333333333333334,0.75,1.0,1.0,1.0,0.7690287543241786,0.5555555555555556,0.8333333333333334,0.6666666666666666,1.0,1.0,1.0,0.7690287543241786,0.52,0.8666666666666667,0.6,1.0,1.0,1.0,0.7867158291541105,llama_nemotron_8b-dj_adpt,10,webtable-cl_optim-v=12-distilroberta-dj_adpt~qwen3_8b-dj_adpt
pte_ketone.pq::Arg0,1.0,0.03125,1.0,0.03125,1.0,1.0,0.03125,1.0,0.15625,1.0,0.15625,1.0,1.0,0.15625,1.0,0.3125,1.0,0.3125,1.0,1.0,0.3125,1.0,0.46875,1.0,0.46875,1.0,1.0,0.46875,1.0,0.625,1.0,0.625,1.0,1.0,0.625,0.8,0.625,1.0,0.78125,1.0,1.0,0.625,0.7,0.65625,1.0,0.9375,1.0,1.0,0.6502403846153846,0.6285714285714286,0.6875,0.9142857142857143,1.0,1.0,1.0,0.6717247596153846,0.575,0.71875,0.8,1.0,1.0,1.0,0.6896935096153847,0.5555555555555556,0.78125,0.7111111111111111,1.0,1.0,1.0,0.7248910518986827,0.52,0.8125,0.64,1.0,1.0,1.0,0.7425540953769436,llama_nemotron_8b-dj_adpt,10,webtable-cl_optim-v=12-distilroberta-dj_adpt~qwen3_8b-dj_adpt
who_suicide_statistics.pq::country,1.0,0.03333333333333333,1.0,0.03333333333333333,1.0,1.0,0.03333333333333333,1.0,0.16666666666666666,1.0,0.16666666666666666,1.0,1.0,0.16666666666666666,1.0,0.3333333333333333,1.0,0.3333333333333333,1.0,1.0,0.3333333333333333,1.0,0.5,1.0,0.5,1.0,1.0,0.5,0.95,0.6333333333333333,1.0,0.6666666666666666,1.0,1.0,0.6333333333333333,0.88,0.7333333333333333,1.0,0.8333333333333334,1.0,1.0,0.7287816048685615,0.8666666666666667,0.8666666666666667,1.0,1.0,1.0,1.0,0.8455229350581674,0.7428571428571429,0.8666666666666667,0.8571428571428571,1.0,1.0,1.0,0.8455229350581674,0.675,0.9,0.75,1.0,1.0,1.0,0.8680229350581674,0.6,0.9,0.6666666666666666,1.0,1.0,1.0,0.8680229350581674,0.56,0.9333333333333333,0.6,1.0,1.0,1.0,0.8878810910865362,llama_nemotron_8b-dj_adpt,10,webtable-cl_optim-v=12-distilroberta-dj_adpt~qwen3_8b-dj_adpt
UKDebate.pq::country,1.0,0.03333333333333333,1.0,0.03333333333333333,1.0,1.0,0.03333333333333333,0.2,0.03333333333333333,1.0,0.16666666666666666,1.0,1.0,0.03333333333333333,0.5,0.16666666666666666,1.0,0.3333333333333333,1.0,1.0,0.09021164021164021,0.5333333333333333,0.26666666666666666,1.0,0.5,1.0,1.0,0.1426048026048026,0.55,0.36666666666666664,1.0,0.6666666666666666,1.0,1.0,0.19723199558725873,0.48,0.4,1.0,0.8333333333333334,1.0,1.0,0.2162796146348778,0.4,0.4,1.0,1.0,1.0,1.0,0.2162796146348778,0.37142857142857144,0.43333333333333335,0.8571428571428571,1.0,1.0,1.0,0.22902471267409347,0.35,0.4666666666666667,0.75,1.0,1.0,1.0,0.24198767563705645,0.35555555555555557,0.5333333333333333,0.6666666666666666,1.0,1.0,1.0,0.2660136496630304,0.34,0.5666666666666667,0.6,1.0,1.0,1.0,0.2780703872516829,llama_nemotron_8b-dj_adpt,10,webtable-cl_optim-v=12-distilroberta-dj_adpt~qwen3_8b-dj_adpt
World_countries_env_vars.pq::Country,1.0,0.03333333333333333,1.0,0.03333333333333333,1.0,1.0,0.03333333333333333,1.0,0.16666666666666666,1.0,0.16666666666666666,1.0,1.0,0.16666666666666666,1.0,0.3333333333333333,1.0,0.3333333333333333,1.0,1.0,0.3333333333333333,1.0,0.5,1.0,0.5,1.0,1.0,0.5,0.95,0.6333333333333333,1.0,0.6666666666666666,1.0,1.0,0.6333333333333333,0.88,0.7333333333333333,1.0,0.8333333333333334,1.0,1.0,0.723579365079365,0.7666666666666667,0.7666666666666667,1.0,1.0,1.0,1.0,0.75197442680776,0.6571428571428571,0.7666666666666667,0.8571428571428571,1.0,1.0,1.0,0.75197442680776,0.6,0.8,0.75,1.0,1.0,1.0,0.7724872473205806,0.5333333333333333,0.8,0.6666666666666666,1.0,1.0,1.0,0.7724872473205806,0.5,0.8333333333333334,0.6,1.0,1.0,1.0,0.7898483584316918,llama_nemotron_8b-dj_adpt,10,webtable-cl_optim-v=12-distilroberta-dj_adpt~qwen3_8b-dj_adpt
USA_cars_datasets.pq::country,0.0,0.0,1.0,0.03333333333333333,0.0,0.0,0.0,0.2,0.03333333333333333,1.0,0.16666666666666666,1.0,0.25,0.008333333333333333,0.2,0.06666666666666667,1.0,0.3333333333333333,1.0,0.25,0.015000000000000001,0.3333333333333333,0.16666666666666666,1.0,0.5,1.0,0.25,0.04631313131313131,0.3,0.2,1.0,0.6666666666666666,1.0,0.25,0.056839447102604995,0.28,0.23333333333333334,1.0,0.8333333333333334,1.0,0.25,0.06795055821371611,0.26666666666666666,0.26666666666666666,1.0,1.0,1.0,0.25,0.07782710142359266,0.2857142857142857,0.3333333333333333,0.8571428571428571,1.0,1.0,0.25,0.09730844234705881,0.25,0.3333333333333333,0.75,1.0,1.0,0.25,0.09730844234705881,0.2222222222222222,0.3333333333333333,0.6666666666666666,1.0,1.0,0.25,0.09730844234705881,0.2,0.3333333333333333,0.6,1.0,1.0,0.25,0.09730844234705881,llama_nemotron_8b-dj_adpt,10,webtable-cl_optim-v=12-distilroberta-dj_adpt~qwen3_8b-dj_adpt
netflix_titles.pq::country,1.0,0.03333333333333333,1.0,0.03333333333333333,1.0,1.0,0.03333333333333333,1.0,0.16666666666666666,1.0,0.16666666666666666,1.0,1.0,0.16666666666666666,1.0,0.3333333333333333,1.0,0.3333333333333333,1.0,1.0,0.3333333333333333,0.9333333333333333,0.4666666666666667,1.0,0.5,1.0,1.0,0.4666666666666667,0.9,0.6,1.0,0.6666666666666666,1.0,1.0,0.5923496445361771,0.84,0.7,1.0,0.8333333333333334,1.0,1.0,0.6769153011018336,0.7333333333333333,0.7333333333333333,1.0,1.0,1.0,1.0,0.7051204293069618,0.6571428571428571,0.7666666666666667,0.8571428571428571,1.0,1.0,1.0,0.7290787626402951,0.625,0.8333333333333334,0.75,1.0,1.0,1.0,0.7714989155867639,0.5777777777777777,0.8666666666666667,0.6666666666666666,1.0,1.0,1.0,0.7926371269688777,0.52,0.8666666666666667,0.6,1.0,1.0,1.0,0.7926371269688777,llama_nemotron_8b-dj_adpt,10,webtable-cl_optim-v=12-distilroberta-dj_adpt~qwen3_8b-dj_adpt
pte_ames.pq::Arg0,1.0,0.03125,1.0,0.03125,1.0,1.0,0.03125,1.0,0.15625,1.0,0.15625,1.0,1.0,0.15625,1.0,0.3125,1.0,0.3125,1.0,1.0,0.3125,1.0,0.46875,1.0,0.46875,1.0,1.0,0.46875,0.8,0.5,1.0,0.625,1.0,1.0,0.5,0.72,0.5625,1.0,0.78125,1.0,1.0,0.5486042490118577,0.6,0.5625,1.0,0.9375,1.0,1.0,0.5486042490118577,0.5142857142857142,0.5625,0.9142857142857143,1.0,1.0,1.0,0.5486042490118577,0.45,0.5625,0.8,1.0,1.0,1.0,0.5486042490118577,0.4222222222222222,0.59375,0.7111111111111111,1.0,1.0,1.0,0.5624123885467415,0.4,0.625,0.64,1.0,1.0,1.0,0.5757102608871669,llama_nemotron_8b-dj_adpt,10,webtable-cl_optim-v=12-distilroberta-dj_adpt~qwen3_8b-dj_adpt
movie_metadata.pq::country,1.0,0.03333333333333333,1.0,0.03333333333333333,1.0,1.0,0.03333333333333333,1.0,0.16666666666666666,1.0,0.16666666666666666,1.0,1.0,0.16666666666666666,0.9,0.3,1.0,0.3333333333333333,1.0,1.0,0.2966666666666667,0.8666666666666667,0.43333333333333335,1.0,0.5,1.0,1.0,0.41010989010989013,0.85,0.5666666666666667,1.0,0.6666666666666666,1.0,1.0,0.5281425125155775,0.84,0.7,1.0,0.8333333333333334,1.0,1.0,0.6400279507488418,0.7666666666666667,0.7666666666666667,1.0,1.0,1.0,1.0,0.6917739824948737,0.6571428571428571,0.7666666666666667,0.8571428571428571,1.0,1.0,1.0,0.6917739824948737,0.625,0.8333333333333334,0.75,1.0,1.0,1.0,0.7353254286778987,0.5555555555555556,0.8333333333333334,0.6666666666666666,1.0,1.0,1.0,0.7353254286778987,0.52,0.8666666666666667,0.6,1.0,1.0,1.0,0.7530125035078307,llama_nemotron_8b-dj_adpt,10,webtable-cl_optim-v=12-distilroberta-dj_adpt~qwen3_8b-dj_adpt
world_country.pq::LocalName,1.0,0.034482758620689655,1.0,0.034482758620689655,1.0,1.0,0.034482758620689655,0.8,0.13793103448275862,1.0,0.1724137931034483,1.0,1.0,0.13103448275862067,0.7,0.2413793103448276,1.0,0.3448275862068966,1.0,1.0,0.20689655172413793,0.5333333333333333,0.27586206896551724,1.0,0.5172413793103449,1.0,1.0,0.23197492163009406,0.45,0.3103448275862069,1.0,0.6896551724137931,1.0,1.0,0.25023049972340033,0.4,0.3448275862068966,1.0,0.8620689655172413,1.0,1.0,0.26665086097134777,0.36666666666666664,0.3793103448275862,0.9666666666666667,1.0,1.0,1.0,0.2812397203877934,0.37142857142857144,0.4482758620689655,0.8285714285714286,1.0,1.0,1.0,0.30817200204755,0.4,0.5517241379310345,0.725,1.0,1.0,1.0,0.3479318791939971,0.35555555555555557,0.5517241379310345,0.6444444444444445,1.0,1.0,1.0,0.3479318791939971,0.34,0.5862068965517241,0.58,1.0,1.0,1.0,0.35965601712503154,llama_nemotron_8b-dj_adpt,10,webtable-cl_optim-v=12-distilroberta-dj_adpt~qwen3_8b-dj_adpt
countries_metadatacountries.pq::CountryName,1.0,0.03333333333333333,1.0,0.03333333333333333,1.0,1.0,0.03333333333333333,1.0,0.16666666666666666,1.0,0.16666666666666666,1.0,1.0,0.16666666666666666,1.0,0.3333333333333333,1.0,0.3333333333333333,1.0,1.0,0.3333333333333333,0.9333333333333333,0.4666666666666667,1.0,0.5,1.0,1.0,0.4666666666666667,0.85,0.5666666666666667,1.0,0.6666666666666666,1.0,1.0,0.5558796296296296,0.76,0.6333333333333333,1.0,0.8333333333333334,1.0,1.0,0.6083554750402577,0.6666666666666666,0.6666666666666666,1.0,1.0,1.0,1.0,0.6321649988497814,0.6,0.7,0.8571428571428571,1.0,1.0,1.0,0.6540399988497814,0.525,0.7,0.75,1.0,1.0,1.0,0.6540399988497814,0.5111111111111111,0.7666666666666667,0.6666666666666666,1.0,1.0,1.0,0.68932977367444,0.46,0.7666666666666667,0.6,1.0,1.0,1.0,0.68932977367444,llama_nemotron_8b-dj_adpt,10,webtable-cl_optim-v=12-distilroberta-dj_adpt~qwen3_8b-dj_adpt
pte_postestactive_neg.pq::Arg0,1.0,0.03125,1.0,0.03125,1.0,1.0,0.03125,1.0,0.15625,1.0,0.15625,1.0,1.0,0.15625,1.0,0.3125,1.0,0.3125,1.0,1.0,0.3125,0.8666666666666667,0.40625,1.0,0.46875,1.0,1.0,0.401614010989011,0.85,0.53125,1.0,0.625,1.0,1.0,0.5094095798744599,0.84,0.65625,1.0,0.78125,1.0,1.0,0.6177015935672888,0.7,0.65625,1.0,0.9375,1.0,1.0,0.6177015935672888,0.7142857142857143,0.78125,0.9142857142857143,1.0,1.0,1.0,0.7053465236984322,0.65,0.8125,0.8,1.0,1.0,1.0,0.7279159681428766,0.6,0.84375,0.7111111111111111,1.0,1.0,1.0,0.7480052538571623,0.58,0.90625,0.64,1.0,1.0,1.0,0.7847472751337581,llama_nemotron_8b-dj_adpt,10,webtable-cl_optim-v=12-distilroberta-dj_adpt~qwen3_8b-dj_adpt
pte_alkyl_halide.pq::Arg0,1.0,0.03125,1.0,0.03125,1.0,1.0,0.03125,1.0,0.15625,1.0,0.15625,1.0,1.0,0.15625,1.0,0.3125,1.0,0.3125,1.0,1.0,0.3125,1.0,0.46875,1.0,0.46875,1.0,1.0,0.46875,0.95,0.59375,1.0,0.625,1.0,1.0,0.5921875,0.96,0.75,1.0,0.78125,1.0,1.0,0.741618171230943,0.9,0.84375,1.0,0.9375,1.0,1.0,0.8308536683328194,0.8285714285714286,0.90625,0.9142857142857143,1.0,1.0,1.0,0.8873997872844323,0.725,0.90625,0.8,1.0,1.0,1.0,0.8873997872844323,0.6666666666666666,0.9375,0.7111111111111111,1.0,1.0,1.0,0.9097212158558609,0.6,0.9375,0.64,1.0,1.0,1.0,0.9097212158558609,llama_nemotron_8b-dj_adpt,10,webtable-cl_optim-v=12-distilroberta-dj_adpt~qwen3_8b-dj_adpt
pte_testactive.pq::Arg0,1.0,0.03125,1.0,0.03125,1.0,1.0,0.03125,1.0,0.15625,1.0,0.15625,1.0,1.0,0.15625,1.0,0.3125,1.0,0.3125,1.0,1.0,0.3125,0.9333333333333333,0.4375,1.0,0.46875,1.0,1.0,0.4331845238095238,0.85,0.53125,1.0,0.625,1.0,1.0,0.5198536898311956,0.88,0.6875,1.0,0.78125,1.0,1.0,0.6556457035240245,0.7333333333333333,0.6875,1.0,0.9375,1.0,1.0,0.6556457035240245,0.7142857142857143,0.78125,0.9142857142857143,1.0,1.0,1.0,0.7231553423227258,0.65,0.8125,0.8,1.0,1.0,1.0,0.7457247867671702,0.6,0.84375,0.7111111111111111,1.0,1.0,1.0,0.7649009231308066,0.58,0.90625,0.64,1.0,1.0,1.0,0.8028028705945748,llama_nemotron_8b-dj_adpt,10,webtable-cl_optim-v=12-distilroberta-dj_adpt~qwen3_8b-dj_adpt
hfi_cc_2018.pq::countries,1.0,0.03333333333333333,1.0,0.03333333333333333,1.0,1.0,0.03333333333333333,1.0,0.16666666666666666,1.0,0.16666666666666666,1.0,1.0,0.16666666666666666,1.0,0.3333333333333333,1.0,0.3333333333333333,1.0,1.0,0.3333333333333333,1.0,0.5,1.0,0.5,1.0,1.0,0.5,1.0,0.6666666666666666,1.0,0.6666666666666666,1.0,1.0,0.6666666666666666,0.96,0.8,1.0,0.8333333333333334,1.0,1.0,0.7972777777777778,0.8666666666666667,0.8666666666666667,1.0,1.0,1.0,1.0,0.8559285714285714,0.7428571428571429,0.8666666666666667,0.8571428571428571,1.0,1.0,1.0,0.8559285714285714,0.65,0.8666666666666667,0.75,1.0,1.0,1.0,0.8559285714285714,0.5777777777777777,0.8666666666666667,0.6666666666666666,1.0,1.0,1.0,0.8559285714285714,0.52,0.8666666666666667,0.6,1.0,1.0,1.0,0.8559285714285714,llama_nemotron_8b-dj_adpt,10,webtable-cl_optim-v=12-distilroberta-dj_adpt~qwen3_8b-dj_adpt
wikipedia-iso-country-codes.pq::English_short_name_lower_case,1.0,0.03333333333333333,1.0,0.03333333333333333,1.0,1.0,0.03333333333333333,1.0,0.16666666666666666,1.0,0.16666666666666666,1.0,1.0,0.16666666666666666,0.8,0.26666666666666666,1.0,0.3333333333333333,1.0,1.0,0.26666666666666666,0.6666666666666666,0.3333333333333333,1.0,0.5,1.0,1.0,0.32171717171717173,0.6,0.4,1.0,0.6666666666666666,1.0,1.0,0.3655080213903743,0.56,0.4666666666666667,1.0,0.8333333333333334,1.0,1.0,0.40643279709775876,0.5,0.5,1.0,1.0,1.0,1.0,0.42495131561627725,0.4857142857142857,0.5666666666666667,0.8571428571428571,1.0,1.0,1.0,0.45932733386326324,0.425,0.5666666666666667,0.75,1.0,1.0,1.0,0.45932733386326324,0.37777777777777777,0.5666666666666667,0.6666666666666666,1.0,1.0,1.0,0.45932733386326324,0.38,0.6333333333333333,0.6,1.0,1.0,1.0,0.48584598942909735,llama_nemotron_8b-dj_adpt,10,webtable-cl_optim-v=12-distilroberta-dj_adpt~qwen3_8b-dj_adpt
affirmative_asylum.pq::ContinentCountryofNationality,1.0,0.03125,1.0,0.03125,1.0,1.0,0.03125,1.0,0.15625,1.0,0.15625,1.0,1.0,0.15625,0.9,0.28125,1.0,0.3125,1.0,1.0,0.28125,0.8666666666666667,0.40625,1.0,0.46875,1.0,1.0,0.39217397186147185,0.65,0.40625,1.0,0.625,1.0,1.0,0.39217397186147185,0.6,0.46875,1.0,0.78125,1.0,1.0,0.43338773997741387,0.5333333333333333,0.5,1.0,0.9375,1.0,1.0,0.45062911928775873,0.5428571428571428,0.59375,0.9142857142857143,1.0,1.0,1.0,0.5002360074975881,0.525,0.65625,0.8,1.0,1.0,1.0,0.53353414938948,0.5111111111111111,0.71875,0.7111111111111111,1.0,1.0,1.0,0.5670175583514766,0.5,0.78125,0.64,1.0,1.0,1.0,0.5989469061775635,llama_nemotron_8b-dj_adpt,10,webtable-cl_optim-v=12-distilroberta-dj_adpt~qwen3_8b-dj_adpt
countries_and_continents.pq::name,1.0,0.037037037037037035,1.0,0.037037037037037035,1.0,1.0,0.037037037037037035,0.8,0.14814814814814814,1.0,0.18518518518518517,1.0,1.0,0.14814814814814814,0.7,0.25925925925925924,1.0,0.37037037037037035,1.0,1.0,0.2311875367430923,0.6666666666666666,0.37037037037037035,1.0,0.5555555555555556,1.0,1.0,0.3084559473448362,0.65,0.48148148148148145,1.0,0.7407407407407407,1.0,1.0,0.38118652105580214,0.6,0.5555555555555556,1.0,0.9259259259259259,1.0,1.0,0.4281001013027157,0.6,0.6666666666666666,0.9,1.0,1.0,1.0,0.4963674023286374,0.5142857142857142,0.6666666666666666,0.7714285714285715,1.0,1.0,1.0,0.4963674023286374,0.5,0.7407407407407407,0.675,1.0,1.0,1.0,0.5344332459500366,0.4444444444444444,0.7407407407407407,0.6,1.0,1.0,1.0,0.5344332459500366,0.4,0.7407407407407407,0.54,1.0,1.0,1.0,0.5344332459500366,llama_nemotron_8b-dj_adpt,10,webtable-cl_optim-v=12-distilroberta-dj_adpt~qwen3_8b-dj_adpt
pte_postestactive.pq::Arg0,1.0,0.03125,1.0,0.03125,1.0,1.0,0.03125,1.0,0.15625,1.0,0.15625,1.0,1.0,0.15625,1.0,0.3125,1.0,0.3125,1.0,1.0,0.3125,1.0,0.46875,1.0,0.46875,1.0,1.0,0.46875,0.8,0.5,1.0,0.625,1.0,1.0,0.49816176470588236,0.76,0.59375,1.0,0.78125,1.0,1.0,0.5748427829629875,0.7666666666666667,0.71875,1.0,0.9375,1.0,1.0,0.6690936609961932,0.7714285714285715,0.84375,0.9142857142857143,1.0,1.0,1.0,0.7671386604750903,0.7,0.875,0.8,1.0,1.0,1.0,0.7895745579109877,0.6666666666666666,0.9375,0.7111111111111111,1.0,1.0,1.0,0.8339996450190017,0.62,0.96875,0.64,1.0,1.0,1.0,0.8541819366856683,llama_nemotron_8b-dj_adpt,10,webtable-cl_optim-v=12-distilroberta-dj_adpt~qwen3_8b-dj_adpt
pte_five_ring.pq::Arg0,1.0,0.03125,1.0,0.03125,1.0,1.0,0.03125,1.0,0.15625,1.0,0.15625,1.0,1.0,0.15625,1.0,0.3125,1.0,0.3125,1.0,1.0,0.3125,0.9333333333333333,0.4375,1.0,0.46875,1.0,1.0,0.4354166666666667,0.95,0.59375,1.0,0.625,1.0,1.0,0.5829319584193327,0.96,0.75,1.0,0.78125,1.0,1.0,0.7323626296502757,0.9333333333333333,0.875,1.0,0.9375,1.0,1.0,0.8507647934188187,0.8571428571428571,0.9375,0.9142857142857143,1.0,1.0,1.0,0.9075721937983253,0.75,0.9375,0.8,1.0,1.0,1.0,0.9075721937983253,0.6666666666666666,0.9375,0.7111111111111111,1.0,1.0,1.0,0.9075721937983253,0.6,0.9375,0.64,1.0,1.0,1.0,0.9075721937983253,llama_nemotron_8b-dj_adpt,10,webtable-cl_optim-v=12-distilroberta-dj_adpt~qwen3_8b-dj_adpt
MoviesOnStreamingPlatforms_updated.pq::Country,1.0,0.03333333333333333,1.0,0.03333333333333333,1.0,1.0,0.03333333333333333,1.0,0.16666666666666666,1.0,0.16666666666666666,1.0,1.0,0.16666666666666666,0.9,0.3,1.0,0.3333333333333333,1.0,1.0,0.2966666666666667,0.9333333333333333,0.4666666666666667,1.0,0.5,1.0,1.0,0.45035797535797534,0.9,0.6,1.0,0.6666666666666666,1.0,1.0,0.5710621663911137,0.72,0.6,1.0,0.8333333333333334,1.0,1.0,0.5710621663911137,0.6333333333333333,0.6333333333333333,1.0,1.0,1.0,1.0,0.5945189565145707,0.6285714285714286,0.7333333333333333,0.8571428571428571,1.0,1.0,1.0,0.6575649491051553,0.55,0.7333333333333333,0.75,1.0,1.0,1.0,0.6575649491051553,0.5555555555555556,0.8333333333333334,0.6666666666666666,1.0,1.0,1.0,0.7129420870404327,0.5,0.8333333333333334,0.6,1.0,1.0,1.0,0.7129420870404327,llama_nemotron_8b-dj_adpt,10,webtable-cl_optim-v=12-distilroberta-dj_adpt~qwen3_8b-dj_adpt
pte_amine.pq::Arg0,1.0,0.03125,1.0,0.03125,1.0,1.0,0.03125,1.0,0.15625,1.0,0.15625,1.0,1.0,0.15625,1.0,0.3125,1.0,0.3125,1.0,1.0,0.3125,1.0,0.46875,1.0,0.46875,1.0,1.0,0.46875,0.95,0.59375,1.0,0.625,1.0,1.0,0.5921875,0.76,0.59375,1.0,0.78125,1.0,1.0,0.5921875,0.6666666666666666,0.625,1.0,0.9375,1.0,1.0,0.6130208333333333,0.5714285714285714,0.625,0.9142857142857143,1.0,1.0,1.0,0.6130208333333333,0.5,0.625,0.8,1.0,1.0,1.0,0.6130208333333333,0.4444444444444444,0.625,0.7111111111111111,1.0,1.0,1.0,0.6130208333333333,0.42,0.65625,0.64,1.0,1.0,1.0,0.6264136904761904,llama_nemotron_8b-dj_adpt,10,webtable-cl_optim-v=12-distilroberta-dj_adpt~qwen3_8b-dj_adpt
AdventureWorks2014_salesTerritory.pq::Name,0.0,0.0,1.0,0.03333333333333333,0.0,0.0,0.0,0.2,0.03333333333333333,1.0,0.16666666666666666,1.0,0.2,0.006666666666666667,0.5,0.16666666666666666,1.0,0.3333333333333333,1.0,0.2,0.060171957671957675,0.4,0.2,1.0,0.5,1.0,0.2,0.07555657305657305,0.4,0.26666666666666666,1.0,0.6666666666666666,1.0,0.2,0.10417499410920464,0.48,0.4,1.0,0.8333333333333334,1.0,0.2,0.16423123979588508,0.5,0.5,1.0,1.0,1.0,0.2,0.214188668488946,0.5142857142857142,0.6,0.8571428571428571,1.0,1.0,0.2,0.26415980846008597,0.5,0.6666666666666666,0.75,1.0,1.0,0.2,0.2974931417934193,0.4888888888888889,0.7333333333333333,0.6666666666666666,1.0,1.0,0.2,0.3308264751267526,0.48,0.8,0.6,1.0,1.0,0.2,0.36346506247658616,llama_nemotron_8b-dj_adpt,10,webtable-cl_optim-v=12-distilroberta-dj_adpt~qwen3_8b-dj_adpt
whr2015.pq::Country,1.0,0.03333333333333333,1.0,0.03333333333333333,1.0,1.0,0.03333333333333333,1.0,0.16666666666666666,1.0,0.16666666666666666,1.0,1.0,0.16666666666666666,1.0,0.3333333333333333,1.0,0.3333333333333333,1.0,1.0,0.3333333333333333,1.0,0.5,1.0,0.5,1.0,1.0,0.5,0.95,0.6333333333333333,1.0,0.6666666666666666,1.0,1.0,0.6333333333333333,0.88,0.7333333333333333,1.0,0.8333333333333334,1.0,1.0,0.7260697032436163,0.7666666666666667,0.7666666666666667,1.0,1.0,1.0,1.0,0.7534506556245687,0.7428571428571429,0.8666666666666667,0.8571428571428571,1.0,1.0,1.0,0.8315614001667648,0.65,0.8666666666666667,0.75,1.0,1.0,1.0,0.8315614001667648,0.5777777777777777,0.8666666666666667,0.6666666666666666,1.0,1.0,1.0,0.8315614001667648,0.52,0.8666666666666667,0.6,1.0,1.0,1.0,0.8315614001667648,llama_nemotron_8b-dj_adpt,10,webtable-cl_optim-v=12-distilroberta-dj_adpt~qwen3_8b-dj_adpt
countries_and_continents.pq::official_name_fr,1.0,0.037037037037037035,1.0,0.037037037037037035,1.0,1.0,0.037037037037037035,0.6,0.1111111111111111,1.0,0.18518518518518517,1.0,1.0,0.0962962962962963,0.6,0.2222222222222222,1.0,0.37037037037037035,1.0,1.0,0.1637860082304527,0.5333333333333333,0.2962962962962963,1.0,0.5555555555555556,1.0,1.0,0.2034821145932257,0.5,0.37037037037037035,1.0,0.7407407407407407,1.0,1.0,0.24149381049965846,0.44,0.4074074074074074,1.0,0.9259259259259259,1.0,1.0,0.259207176039111,0.4,0.4444444444444444,0.9,1.0,1.0,1.0,0.2750801919121268,0.4,0.5185185185185185,0.7714285714285715,1.0,1.0,1.0,0.30542666741989266,0.35,0.5185185185185185,0.675,1.0,1.0,1.0,0.30542666741989266,0.3111111111111111,0.5185185185185185,0.6,1.0,1.0,1.0,0.30542666741989266,0.28,0.5185185185185185,0.54,1.0,1.0,1.0,0.30542666741989266,llama_nemotron_8b-dj_adpt,10,webtable-cl_optim-v=12-distilroberta-dj_adpt~qwen3_8b-dj_adpt
pte_has_property.pq::Arg0,1.0,0.03125,1.0,0.03125,1.0,1.0,0.03125,1.0,0.15625,1.0,0.15625,1.0,1.0,0.15625,1.0,0.3125,1.0,0.3125,1.0,1.0,0.3125,0.9333333333333333,0.4375,1.0,0.46875,1.0,1.0,0.4375,0.75,0.46875,1.0,0.625,1.0,1.0,0.4621710526315789,0.64,0.5,1.0,0.78125,1.0,1.0,0.4839101830663616,0.5333333333333333,0.5,1.0,0.9375,1.0,1.0,0.4839101830663616,0.45714285714285713,0.5,0.9142857142857143,1.0,1.0,1.0,0.4839101830663616,0.4,0.5,0.8,1.0,1.0,1.0,0.4839101830663616,0.35555555555555557,0.5,0.7111111111111111,1.0,1.0,1.0,0.4839101830663616,0.36,0.5625,0.64,1.0,1.0,1.0,0.5071778461098398,llama_nemotron_8b-dj_adpt,10,webtable-cl_optim-v=12-distilroberta-dj_adpt~qwen3_8b-dj_adpt
cwurData.pq::country,1.0,0.03333333333333333,1.0,0.03333333333333333,1.0,1.0,0.03333333333333333,0.8,0.13333333333333333,1.0,0.16666666666666666,1.0,1.0,0.12666666666666665,0.8,0.26666666666666666,1.0,0.3333333333333333,1.0,1.0,0.2356084656084656,0.8,0.4,1.0,0.5,1.0,1.0,0.3474355274355274,0.7,0.4666666666666667,1.0,0.6666666666666666,1.0,1.0,0.3962590568472921,0.6,0.5,1.0,0.8333333333333334,1.0,1.0,0.4189863295745649,0.5666666666666667,0.5666666666666667,1.0,1.0,1.0,1.0,0.45692283751107277,0.4857142857142857,0.5666666666666667,0.8571428571428571,1.0,1.0,1.0,0.45692283751107277,0.45,0.6,0.75,1.0,1.0,1.0,0.47313905372728904,0.4222222222222222,0.6333333333333333,0.6666666666666666,1.0,1.0,1.0,0.4872131278013631,0.38,0.6333333333333333,0.6,1.0,1.0,1.0,0.4872131278013631,qwen3_8b-dj_adpt,11,webtable-cl_optim-v=12-distilroberta-dj_adpt~qwen3_8b-dj_adpt
countries_and_continents.pq::ISO4217-currency_country_name,1.0,0.037037037037037035,1.0,0.037037037037037035,1.0,1.0,0.037037037037037035,0.8,0.14814814814814814,1.0,0.18518518518518517,1.0,1.0,0.13148148148148148,0.9,0.3333333333333333,1.0,0.37037037037037035,1.0,1.0,0.29275426219870665,0.8,0.4444444444444444,1.0,0.5555555555555556,1.0,1.0,0.39000454278232055,0.7,0.5185185185185185,1.0,0.7407407407407407,1.0,1.0,0.4473875837179931,0.56,0.5185185185185185,1.0,0.9259259259259259,1.0,1.0,0.4473875837179931,0.5,0.5555555555555556,0.9,1.0,1.0,1.0,0.46796371540523585,0.4857142857142857,0.6296296296296297,0.7714285714285715,1.0,1.0,1.0,0.5039104846853385,0.45,0.6666666666666666,0.675,1.0,1.0,1.0,0.5210045017793555,0.4,0.6666666666666666,0.6,1.0,1.0,1.0,0.5210045017793555,0.38,0.7037037037037037,0.54,1.0,1.0,1.0,0.5353658018549413,qwen3_8b-dj_adpt,11,webtable-cl_optim-v=12-distilroberta-dj_adpt~qwen3_8b-dj_adpt
pte_imine.pq::Arg0,1.0,0.03125,1.0,0.03125,1.0,1.0,0.03125,1.0,0.15625,1.0,0.15625,1.0,1.0,0.15625,1.0,0.3125,1.0,0.3125,1.0,1.0,0.3125,0.8666666666666667,0.40625,1.0,0.46875,1.0,1.0,0.40401785714285715,0.85,0.53125,1.0,0.625,1.0,1.0,0.5102815632832081,0.84,0.65625,1.0,0.78125,1.0,1.0,0.6185735769760369,0.8666666666666667,0.8125,1.0,0.9375,1.0,1.0,0.7524449578301764,0.8,0.875,0.9142857142857143,1.0,1.0,1.0,0.8070064497656603,0.75,0.9375,0.8,1.0,1.0,1.0,0.8568511135083503,0.6888888888888889,0.96875,0.7111111111111111,1.0,1.0,1.0,0.8783788912861281,0.62,0.96875,0.64,1.0,1.0,1.0,0.8783788912861281,qwen3_8b-dj_adpt,11,webtable-cl_optim-v=12-distilroberta-dj_adpt~qwen3_8b-dj_adpt
countries_and_continents.pq::official_name_en,1.0,0.037037037037037035,1.0,0.037037037037037035,1.0,1.0,0.037037037037037035,1.0,0.18518518518518517,1.0,0.18518518518518517,1.0,1.0,0.18518518518518517,0.7,0.25925925925925924,1.0,0.37037037037037035,1.0,1.0,0.24814814814814815,0.5333333333333333,0.2962962962962963,1.0,0.5555555555555556,1.0,1.0,0.2728395061728395,0.55,0.4074074074074074,1.0,0.7407407407407407,1.0,1.0,0.3356914663201213,0.52,0.48148148148148145,1.0,0.9259259259259259,1.0,1.0,0.3787410093696643,0.4666666666666667,0.5185185185185185,0.9,1.0,1.0,1.0,0.39725952788818286,0.42857142857142855,0.5555555555555556,0.7714285714285715,1.0,1.0,1.0,0.4151806748415879,0.375,0.5555555555555556,0.675,1.0,1.0,1.0,0.4151806748415879,0.35555555555555557,0.5925925925925926,0.6,1.0,1.0,1.0,0.4296341527096999,0.36,0.6666666666666666,0.54,1.0,1.0,1.0,0.4575061505169429,qwen3_8b-dj_adpt,11,webtable-cl_optim-v=12-distilroberta-dj_adpt~qwen3_8b-dj_adpt
world_country.pq::Name,1.0,0.034482758620689655,1.0,0.034482758620689655,1.0,1.0,0.034482758620689655,0.8,0.13793103448275862,1.0,0.1724137931034483,1.0,1.0,0.13793103448275862,0.7,0.2413793103448276,1.0,0.3448275862068966,1.0,1.0,0.21524356869184455,0.6,0.3103448275862069,1.0,0.5172413793103449,1.0,1.0,0.26101159377021443,0.65,0.4482758620689655,1.0,0.6896551724137931,1.0,1.0,0.35027798998387233,0.6,0.5172413793103449,1.0,0.8620689655172413,1.0,1.0,0.3939561509034125,0.6,0.6206896551724138,0.9666666666666667,1.0,1.0,1.0,0.45757733176597276,0.5142857142857142,0.6206896551724138,0.8285714285714286,1.0,1.0,1.0,0.45757733176597276,0.5,0.6896551724137931,0.725,1.0,1.0,1.0,0.4934335146276002,0.4666666666666667,0.7241379310344828,0.6444444444444445,1.0,1.0,1.0,0.5095254686505888,0.44,0.7586206896551724,0.58,1.0,1.0,1.0,0.5253300663517382,qwen3_8b-dj_adpt,11,webtable-cl_optim-v=12-distilroberta-dj_adpt~qwen3_8b-dj_adpt
pte_nitro.pq::Arg0,1.0,0.03125,1.0,0.03125,1.0,1.0,0.03125,1.0,0.15625,1.0,0.15625,1.0,1.0,0.15625,1.0,0.3125,1.0,0.3125,1.0,1.0,0.3125,0.9333333333333333,0.4375,1.0,0.46875,1.0,1.0,0.4375,0.85,0.53125,1.0,0.625,1.0,1.0,0.520811833505332,0.88,0.6875,1.0,0.78125,1.0,1.0,0.6566038471981609,0.7666666666666667,0.71875,1.0,0.9375,1.0,1.0,0.6832242175685312,0.7142857142857143,0.78125,0.9142857142857143,1.0,1.0,1.0,0.7310920083798704,0.65,0.8125,0.8,1.0,1.0,1.0,0.7530514678393299,0.6,0.84375,0.7111111111111111,1.0,1.0,1.0,0.7731407535536156,0.54,0.84375,0.64,1.0,1.0,1.0,0.7731407535536156,qwen3_8b-dj_adpt,11,webtable-cl_optim-v=12-distilroberta-dj_adpt~qwen3_8b-dj_adpt
pte_sulfide.pq::Arg0,1.0,0.03125,1.0,0.03125,1.0,1.0,0.03125,1.0,0.15625,1.0,0.15625,1.0,1.0,0.15625,1.0,0.3125,1.0,0.3125,1.0,1.0,0.3125,1.0,0.46875,1.0,0.46875,1.0,1.0,0.46875,0.95,0.59375,1.0,0.625,1.0,1.0,0.59375,0.92,0.71875,1.0,0.78125,1.0,1.0,0.713180671230943,0.8,0.75,1.0,0.9375,1.0,1.0,0.738180671230943,0.7142857142857143,0.78125,0.9142857142857143,1.0,1.0,1.0,0.7618549136551854,0.65,0.8125,0.8,1.0,1.0,1.0,0.7826882469885187,0.6444444444444445,0.90625,0.7111111111111111,1.0,1.0,1.0,0.8446974395236259,0.58,0.90625,0.64,1.0,1.0,1.0,0.8446974395236259,qwen3_8b-dj_adpt,11,webtable-cl_optim-v=12-distilroberta-dj_adpt~qwen3_8b-dj_adpt
pte_non_ar_hetero_6_ring.pq::Arg0,1.0,0.03125,1.0,0.03125,1.0,1.0,0.03125,1.0,0.15625,1.0,0.15625,1.0,1.0,0.15625,1.0,0.3125,1.0,0.3125,1.0,1.0,0.3125,1.0,0.46875,1.0,0.46875,1.0,1.0,0.46875,1.0,0.625,1.0,0.625,1.0,1.0,0.625,0.96,0.75,1.0,0.78125,1.0,1.0,0.7446687664690382,0.8666666666666667,0.8125,1.0,0.9375,1.0,1.0,0.7986917549747853,0.8,0.875,0.9142857142857143,1.0,1.0,1.0,0.8485079314453736,0.7,0.875,0.8,1.0,1.0,1.0,0.8485079314453736,0.6222222222222222,0.875,0.7111111111111111,1.0,1.0,1.0,0.8485079314453736,0.56,0.875,0.64,1.0,1.0,1.0,0.8485079314453736,qwen3_8b-dj_adpt,11,webtable-cl_optim-v=12-distilroberta-dj_adpt~qwen3_8b-dj_adpt
Word_University_Rank_2020.pq::Country,1.0,0.03333333333333333,1.0,0.03333333333333333,1.0,1.0,0.03333333333333333,1.0,0.16666666666666666,1.0,0.16666666666666666,1.0,1.0,0.16666666666666666,0.8,0.26666666666666666,1.0,0.3333333333333333,1.0,1.0,0.2587962962962963,0.8,0.4,1.0,0.5,1.0,1.0,0.3706233581233581,0.7,0.4666666666666667,1.0,0.6666666666666666,1.0,1.0,0.4222680949654634,0.6,0.5,1.0,0.8333333333333334,1.0,1.0,0.44310142829879673,0.5333333333333333,0.5333333333333333,1.0,1.0,1.0,1.0,0.46285451471854977,0.4857142857142857,0.5666666666666667,0.8571428571428571,1.0,1.0,1.0,0.4811340846110229,0.45,0.6,0.75,1.0,1.0,1.0,0.49613408461102293,0.4444444444444444,0.6666666666666666,0.6666666666666666,1.0,1.0,1.0,0.5256775815963803,0.4,0.6666666666666666,0.6,1.0,1.0,1.0,0.5256775815963803,qwen3_8b-dj_adpt,11,webtable-cl_optim-v=12-distilroberta-dj_adpt~qwen3_8b-dj_adpt
gender_development.pq::Country,1.0,0.03333333333333333,1.0,0.03333333333333333,1.0,1.0,0.03333333333333333,1.0,0.16666666666666666,1.0,0.16666666666666666,1.0,1.0,0.16666666666666666,1.0,0.3333333333333333,1.0,0.3333333333333333,1.0,1.0,0.3333333333333333,0.9333333333333333,0.4666666666666667,1.0,0.5,1.0,1.0,0.4666666666666667,0.95,0.6333333333333333,1.0,0.6666666666666666,1.0,1.0,0.6240163112028437,0.88,0.7333333333333333,1.0,0.8333333333333334,1.0,1.0,0.7194645827380718,0.7333333333333333,0.7333333333333333,1.0,1.0,1.0,1.0,0.7194645827380718,0.6857142857142857,0.8,0.8571428571428571,1.0,1.0,1.0,0.7684381897761949,0.65,0.8666666666666667,0.75,1.0,1.0,1.0,0.8126273789653842,0.5777777777777777,0.8666666666666667,0.6666666666666666,1.0,1.0,1.0,0.8126273789653842,0.52,0.8666666666666667,0.6,1.0,1.0,1.0,0.8126273789653842,qwen3_8b-dj_adpt,11,webtable-cl_optim-v=12-distilroberta-dj_adpt~qwen3_8b-dj_adpt
pte_testactive_Neg.pq::Arg0,1.0,0.03125,1.0,0.03125,1.0,1.0,0.03125,1.0,0.15625,1.0,0.15625,1.0,1.0,0.15625,1.0,0.3125,1.0,0.3125,1.0,1.0,0.3125,0.9333333333333333,0.4375,1.0,0.46875,1.0,1.0,0.4354166666666667,0.9,0.5625,1.0,0.625,1.0,1.0,0.5468535001719986,0.88,0.6875,1.0,0.78125,1.0,1.0,0.6607148426338846,0.8333333333333334,0.78125,1.0,0.9375,1.0,1.0,0.7440386368951788,0.7428571428571429,0.8125,0.9142857142857143,1.0,1.0,1.0,0.7679356957187082,0.65,0.8125,0.8,1.0,1.0,1.0,0.7679356957187082,0.6222222222222222,0.875,0.7111111111111111,1.0,1.0,1.0,0.8083738186422963,0.58,0.90625,0.64,1.0,1.0,1.0,0.8272540269756296,qwen3_8b-dj_adpt,11,webtable-cl_optim-v=12-distilroberta-dj_adpt~qwen3_8b-dj_adpt
edu.pq::country,1.0,0.03333333333333333,1.0,0.03333333333333333,1.0,1.0,0.03333333333333333,0.8,0.13333333333333333,1.0,0.16666666666666666,1.0,1.0,0.12666666666666665,0.7,0.23333333333333334,1.0,0.3333333333333333,1.0,1.0,0.2121825396825397,0.5333333333333333,0.26666666666666666,1.0,0.5,1.0,1.0,0.22996031746031745,0.5,0.3333333333333333,1.0,0.6666666666666666,1.0,1.0,0.26831816059757235,0.44,0.36666666666666664,1.0,0.8333333333333334,1.0,1.0,0.2857784780578898,0.43333333333333335,0.43333333333333335,1.0,1.0,1.0,1.0,0.31721247615855463,0.4,0.4666666666666667,0.8571428571428571,1.0,1.0,1.0,0.3322662395994148,0.4,0.5333333333333333,0.75,1.0,1.0,1.0,0.35842008575326095,0.35555555555555557,0.5333333333333333,0.6666666666666666,1.0,1.0,1.0,0.35842008575326095,0.34,0.5666666666666667,0.6,1.0,1.0,1.0,0.36975341908659426,qwen3_8b-dj_adpt,11,webtable-cl_optim-v=12-distilroberta-dj_adpt~qwen3_8b-dj_adpt
AdventureWorks2014_CountryRegion.pq::Name,1.0,0.03333333333333333,1.0,0.03333333333333333,1.0,1.0,0.03333333333333333,1.0,0.16666666666666666,1.0,0.16666666666666666,1.0,1.0,0.16666666666666666,0.8,0.26666666666666666,1.0,0.3333333333333333,1.0,1.0,0.2525925925925926,0.6666666666666666,0.3333333333333333,1.0,0.5,1.0,1.0,0.30208754208754207,0.7,0.4666666666666667,1.0,0.6666666666666666,1.0,1.0,0.3946739713961076,0.68,0.5666666666666667,1.0,0.8333333333333334,1.0,1.0,0.4632563165871485,0.6666666666666666,0.6666666666666666,1.0,1.0,1.0,1.0,0.5311745095053414,0.6,0.7,0.8571428571428571,1.0,1.0,1.0,0.5523866307174626,0.525,0.7,0.75,1.0,1.0,1.0,0.5523866307174626,0.5111111111111111,0.7666666666666667,0.6666666666666666,1.0,1.0,1.0,0.5872711906020225,0.46,0.7666666666666667,0.6,1.0,1.0,1.0,0.5872711906020225,qwen3_8b-dj_adpt,11,webtable-cl_optim-v=12-distilroberta-dj_adpt~qwen3_8b-dj_adpt
pte_methoxy.pq::Arg0,1.0,0.03125,1.0,0.03125,1.0,1.0,0.03125,1.0,0.15625,1.0,0.15625,1.0,1.0,0.15625,1.0,0.3125,1.0,0.3125,1.0,1.0,0.3125,0.9333333333333333,0.4375,1.0,0.46875,1.0,1.0,0.4375,0.95,0.59375,1.0,0.625,1.0,1.0,0.585015291752666,0.92,0.71875,1.0,0.78125,1.0,1.0,0.7007056385435563,0.8333333333333334,0.78125,1.0,0.9375,1.0,1.0,0.7535330194959372,0.7142857142857143,0.78125,0.9142857142857143,1.0,1.0,1.0,0.7535330194959372,0.675,0.84375,0.8,1.0,1.0,1.0,0.797127094340012,0.6444444444444445,0.90625,0.7111111111111111,1.0,1.0,1.0,0.838607446643535,0.58,0.90625,0.64,1.0,1.0,1.0,0.838607446643535,qwen3_8b-dj_adpt,11,webtable-cl_optim-v=12-distilroberta-dj_adpt~qwen3_8b-dj_adpt
world-cities.pq::country,1.0,0.03333333333333333,1.0,0.03333333333333333,1.0,1.0,0.03333333333333333,1.0,0.16666666666666666,1.0,0.16666666666666666,1.0,1.0,0.16666666666666666,1.0,0.3333333333333333,1.0,0.3333333333333333,1.0,1.0,0.3333333333333333,0.9333333333333333,0.4666666666666667,1.0,0.5,1.0,1.0,0.46444444444444444,0.8,0.5333333333333333,1.0,0.6666666666666666,1.0,1.0,0.5234858387799564,0.72,0.6,1.0,0.8333333333333334,1.0,1.0,0.5765569222858226,0.6,0.6,1.0,1.0,1.0,1.0,0.5765569222858226,0.6,0.7,0.8571428571428571,1.0,1.0,1.0,0.6371890500147245,0.575,0.7666666666666667,0.75,1.0,1.0,1.0,0.6761454152868792,0.5111111111111111,0.7666666666666667,0.6666666666666666,1.0,1.0,1.0,0.6761454152868792,0.48,0.8,0.6,1.0,1.0,1.0,0.6921454152868792,qwen3_8b-dj_adpt,11,webtable-cl_optim-v=12-distilroberta-dj_adpt~qwen3_8b-dj_adpt
movies.pq::country,1.0,0.03333333333333333,1.0,0.03333333333333333,1.0,1.0,0.03333333333333333,1.0,0.16666666666666666,1.0,0.16666666666666666,1.0,1.0,0.16666666666666666,0.9,0.3,1.0,0.3333333333333333,1.0,1.0,0.28403439153439153,0.8666666666666667,0.43333333333333335,1.0,0.5,1.0,1.0,0.4045510970510971,0.75,0.5,1.0,0.6666666666666666,1.0,1.0,0.45831786691693815,0.72,0.6,1.0,0.8333333333333334,1.0,1.0,0.5323523734731838,0.6666666666666666,0.6666666666666666,1.0,1.0,1.0,1.0,0.5814027058568495,0.6571428571428571,0.7666666666666667,0.8571428571428571,1.0,1.0,1.0,0.646088216424713,0.575,0.7666666666666667,0.75,1.0,1.0,1.0,0.646088216424713,0.5111111111111111,0.7666666666666667,0.6666666666666666,1.0,1.0,1.0,0.646088216424713,0.5,0.8333333333333334,0.6,1.0,1.0,1.0,0.6801162957415462,qwen3_8b-dj_adpt,11,webtable-cl_optim-v=12-distilroberta-dj_adpt~qwen3_8b-dj_adpt
countries_data.pq::CountryName,1.0,0.03333333333333333,1.0,0.03333333333333333,1.0,1.0,0.03333333333333333,1.0,0.16666666666666666,1.0,0.16666666666666666,1.0,1.0,0.16666666666666666,1.0,0.3333333333333333,1.0,0.3333333333333333,1.0,1.0,0.3333333333333333,1.0,0.5,1.0,0.5,1.0,1.0,0.5,0.85,0.5666666666666667,1.0,0.6666666666666666,1.0,1.0,0.5666666666666667,0.8,0.6666666666666666,1.0,0.8333333333333334,1.0,1.0,0.6530114812723509,0.7,0.7,1.0,1.0,1.0,1.0,0.6780114812723509,0.6285714285714286,0.7333333333333333,0.8571428571428571,1.0,1.0,1.0,0.6989638622247317,0.55,0.7333333333333333,0.75,1.0,1.0,1.0,0.6989638622247317,0.4888888888888889,0.7333333333333333,0.6666666666666666,1.0,1.0,1.0,0.6989638622247317,0.44,0.7333333333333333,0.6,1.0,1.0,1.0,0.6989638622247317,qwen3_8b-dj_adpt,11,webtable-cl_optim-v=12-distilroberta-dj_adpt~qwen3_8b-dj_adpt
pte_alcohol.pq::Arg0,1.0,0.03125,1.0,0.03125,1.0,1.0,0.03125,0.6,0.09375,1.0,0.15625,1.0,1.0,0.09375,0.5,0.15625,1.0,0.3125,1.0,1.0,0.1232638888888889,0.5333333333333333,0.25,1.0,0.46875,1.0,1.0,0.17499340936840937,0.55,0.34375,1.0,0.625,1.0,1.0,0.2260861381265793,0.6,0.46875,1.0,0.78125,1.0,1.0,0.29938835674129793,0.6333333333333333,0.59375,1.0,0.9375,1.0,1.0,0.376780558648586,0.5714285714285714,0.625,0.9142857142857143,1.0,1.0,1.0,0.39571995258798,0.55,0.6875,0.8,1.0,1.0,1.0,0.4325302003357277,0.5555555555555556,0.78125,0.7111111111111111,1.0,1.0,1.0,0.4860864356489114,0.5,0.78125,0.64,1.0,1.0,1.0,0.4860864356489114,qwen3_8b-dj_adpt,11,webtable-cl_optim-v=12-distilroberta-dj_adpt~qwen3_8b-dj_adpt
pte_phenol.pq::Arg0,1.0,0.03125,1.0,0.03125,1.0,1.0,0.03125,1.0,0.15625,1.0,0.15625,1.0,1.0,0.15625,1.0,0.3125,1.0,0.3125,1.0,1.0,0.3125,1.0,0.46875,1.0,0.46875,1.0,1.0,0.46875,0.95,0.59375,1.0,0.625,1.0,1.0,0.586968416752666,0.92,0.71875,1.0,0.78125,1.0,1.0,0.7052011713169423,0.8333333333333334,0.78125,1.0,0.9375,1.0,1.0,0.7629825103482814,0.7142857142857143,0.78125,0.9142857142857143,1.0,1.0,1.0,0.7629825103482814,0.7,0.875,0.8,1.0,1.0,1.0,0.8290615701773412,0.6222222222222222,0.875,0.7111111111111111,1.0,1.0,1.0,0.8290615701773412,0.58,0.90625,0.64,1.0,1.0,1.0,0.8479417785106744,qwen3_8b-dj_adpt,11,webtable-cl_optim-v=12-distilroberta-dj_adpt~qwen3_8b-dj_adpt
pte_ester.pq::Arg0,1.0,0.03125,1.0,0.03125,1.0,1.0,0.03125,1.0,0.15625,1.0,0.15625,1.0,1.0,0.15625,1.0,0.3125,1.0,0.3125,1.0,1.0,0.3125,1.0,0.46875,1.0,0.46875,1.0,1.0,0.46875,0.95,0.59375,1.0,0.625,1.0,1.0,0.5921875,0.92,0.71875,1.0,0.78125,1.0,1.0,0.711618171230943,0.8333333333333334,0.78125,1.0,0.9375,1.0,1.0,0.7683661107913825,0.7142857142857143,0.78125,0.9142857142857143,1.0,1.0,1.0,0.7683661107913825,0.675,0.84375,0.8,1.0,1.0,1.0,0.810841439738751,0.6222222222222222,0.875,0.7111111111111111,1.0,1.0,1.0,0.8321829031533851,0.58,0.90625,0.64,1.0,1.0,1.0,0.8510631114867184,qwen3_8b-dj_adpt,11,webtable-cl_optim-v=12-distilroberta-dj_adpt~qwen3_8b-dj_adpt
pte_non_ar_hetero_5_ring.pq::Arg0,1.0,0.03125,1.0,0.03125,1.0,1.0,0.03125,1.0,0.15625,1.0,0.15625,1.0,1.0,0.15625,1.0,0.3125,1.0,0.3125,1.0,1.0,0.3125,1.0,0.46875,1.0,0.46875,1.0,1.0,0.46875,0.95,0.59375,1.0,0.625,1.0,1.0,0.59375,0.92,0.71875,1.0,0.78125,1.0,1.0,0.713180671230943,0.8333333333333334,0.78125,1.0,0.9375,1.0,1.0,0.7699286107913825,0.7428571428571429,0.8125,0.9142857142857143,1.0,1.0,1.0,0.793825669614912,0.675,0.84375,0.8,1.0,1.0,1.0,0.816029616983333,0.6,0.84375,0.7111111111111111,1.0,1.0,1.0,0.816029616983333,0.58,0.90625,0.64,1.0,1.0,1.0,0.8543332710073848,qwen3_8b-dj_adpt,11,webtable-cl_optim-v=12-distilroberta-dj_adpt~qwen3_8b-dj_adpt
population_by_country_2020.pq::CountryDependency,1.0,0.03333333333333333,1.0,0.03333333333333333,1.0,1.0,0.03333333333333333,0.4,0.06666666666666667,1.0,0.16666666666666666,1.0,1.0,0.05555555555555555,0.4,0.13333333333333333,1.0,0.3333333333333333,1.0,1.0,0.08,0.4666666666666667,0.23333333333333334,1.0,0.5,1.0,1.0,0.12499278499278499,0.35,0.23333333333333334,1.0,0.6666666666666666,1.0,1.0,0.12499278499278499,0.32,0.26666666666666666,1.0,0.8333333333333334,1.0,1.0,0.1371139971139971,0.3333333333333333,0.3333333333333333,1.0,1.0,1.0,1.0,0.1609981376648043,0.3142857142857143,0.36666666666666664,0.8571428571428571,1.0,1.0,1.0,0.1714743281409948,0.325,0.43333333333333335,0.75,1.0,1.0,1.0,0.193696550363217,0.3111111111111111,0.4666666666666667,0.6666666666666666,1.0,1.0,1.0,0.20507866418435525,0.28,0.4666666666666667,0.6,1.0,1.0,1.0,0.20507866418435525,qwen3_8b-dj_adpt,11,webtable-cl_optim-v=12-distilroberta-dj_adpt~qwen3_8b-dj_adpt
pte_non_ar_5c_ring.pq::Arg0,1.0,0.03125,1.0,0.03125,1.0,1.0,0.03125,1.0,0.15625,1.0,0.15625,1.0,1.0,0.15625,0.9,0.28125,1.0,0.3125,1.0,1.0,0.28125,0.9333333333333333,0.4375,1.0,0.46875,1.0,1.0,0.4253356018981019,0.95,0.59375,1.0,0.625,1.0,1.0,0.5728508936507679,0.96,0.75,1.0,0.78125,1.0,1.0,0.7222815648817108,0.9,0.84375,1.0,0.9375,1.0,1.0,0.8084718831840981,0.8571428571428571,0.9375,0.9142857142857143,1.0,1.0,1.0,0.893427093044802,0.75,0.9375,0.8,1.0,1.0,1.0,0.893427093044802,0.6888888888888889,0.96875,0.7111111111111111,1.0,1.0,1.0,0.9149548708225796,0.62,0.96875,0.64,1.0,1.0,1.0,0.9149548708225796,qwen3_8b-dj_adpt,11,webtable-cl_optim-v=12-distilroberta-dj_adpt~qwen3_8b-dj_adpt
fifa_ranking.pq::country_full,1.0,0.03333333333333333,1.0,0.03333333333333333,1.0,1.0,0.03333333333333333,1.0,0.16666666666666666,1.0,0.16666666666666666,1.0,1.0,0.16666666666666666,1.0,0.3333333333333333,1.0,0.3333333333333333,1.0,1.0,0.3333333333333333,1.0,0.5,1.0,0.5,1.0,1.0,0.5,0.85,0.5666666666666667,1.0,0.6666666666666666,1.0,1.0,0.5666666666666667,0.76,0.6333333333333333,1.0,0.8333333333333334,1.0,1.0,0.624025974025974,0.6666666666666666,0.6666666666666666,1.0,1.0,1.0,1.0,0.6487173320506654,0.5714285714285714,0.6666666666666666,0.8571428571428571,1.0,1.0,1.0,0.6487173320506654,0.5,0.6666666666666666,0.75,1.0,1.0,1.0,0.6487173320506654,0.4666666666666667,0.7,0.6666666666666666,1.0,1.0,1.0,0.6646264229597563,0.46,0.7666666666666667,0.6,1.0,1.0,1.0,0.6958755183425903,qwen3_8b-dj_adpt,11,webtable-cl_optim-v=12-distilroberta-dj_adpt~qwen3_8b-dj_adpt
countries_of_the_world.pq::Country,1.0,0.03333333333333333,1.0,0.03333333333333333,1.0,1.0,0.03333333333333333,1.0,0.16666666666666666,1.0,0.16666666666666666,1.0,1.0,0.16666666666666666,1.0,0.3333333333333333,1.0,0.3333333333333333,1.0,1.0,0.3333333333333333,0.9333333333333333,0.4666666666666667,1.0,0.5,1.0,1.0,0.4666666666666667,0.9,0.6,1.0,0.6666666666666666,1.0,1.0,0.5923496445361771,0.84,0.7,1.0,0.8333333333333334,1.0,1.0,0.6792896972370993,0.7666666666666667,0.7666666666666667,1.0,1.0,1.0,1.0,0.7328869726734553,0.6571428571428571,0.7666666666666667,0.8571428571428571,1.0,1.0,1.0,0.7328869726734553,0.6,0.8,0.75,1.0,1.0,1.0,0.7539396042524025,0.5333333333333333,0.8,0.6666666666666666,1.0,1.0,1.0,0.7539396042524025,0.5,0.8333333333333334,0.6,1.0,1.0,1.0,0.7706062709190692,qwen3_8b-dj_adpt,11,webtable-cl_optim-v=12-distilroberta-dj_adpt~qwen3_8b-dj_adpt
pte_ketone.pq::Arg0,1.0,0.03125,1.0,0.03125,1.0,1.0,0.03125,1.0,0.15625,1.0,0.15625,1.0,1.0,0.15625,1.0,0.3125,1.0,0.3125,1.0,1.0,0.3125,1.0,0.46875,1.0,0.46875,1.0,1.0,0.46875,1.0,0.625,1.0,0.625,1.0,1.0,0.625,0.96,0.75,1.0,0.78125,1.0,1.0,0.7460892210144927,0.8333333333333334,0.78125,1.0,0.9375,1.0,1.0,0.7750244061996779,0.7428571428571429,0.8125,0.9142857142857143,1.0,1.0,1.0,0.8004150311996779,0.65,0.8125,0.8,1.0,1.0,1.0,0.8004150311996779,0.5777777777777777,0.8125,0.7111111111111111,1.0,1.0,1.0,0.8004150311996779,0.52,0.8125,0.64,1.0,1.0,1.0,0.8004150311996779,qwen3_8b-dj_adpt,11,webtable-cl_optim-v=12-distilroberta-dj_adpt~qwen3_8b-dj_adpt
who_suicide_statistics.pq::country,1.0,0.03333333333333333,1.0,0.03333333333333333,1.0,1.0,0.03333333333333333,1.0,0.16666666666666666,1.0,0.16666666666666666,1.0,1.0,0.16666666666666666,1.0,0.3333333333333333,1.0,0.3333333333333333,1.0,1.0,0.3333333333333333,0.9333333333333333,0.4666666666666667,1.0,0.5,1.0,1.0,0.46206349206349207,0.95,0.6333333333333333,1.0,0.6666666666666666,1.0,1.0,0.619413136599669,0.88,0.7333333333333333,1.0,0.8333333333333334,1.0,1.0,0.7121495065099521,0.8,0.8,1.0,1.0,1.0,1.0,0.7702081145685601,0.7428571428571429,0.8666666666666667,0.8571428571428571,1.0,1.0,1.0,0.8218517397605724,0.65,0.8666666666666667,0.75,1.0,1.0,1.0,0.8218517397605724,0.5777777777777777,0.8666666666666667,0.6666666666666666,1.0,1.0,1.0,0.8218517397605724,0.52,0.8666666666666667,0.6,1.0,1.0,1.0,0.8218517397605724,qwen3_8b-dj_adpt,11,webtable-cl_optim-v=12-distilroberta-dj_adpt~qwen3_8b-dj_adpt
UKDebate.pq::country,1.0,0.03333333333333333,1.0,0.03333333333333333,1.0,1.0,0.03333333333333333,0.6,0.1,1.0,0.16666666666666666,1.0,1.0,0.07,0.5,0.16666666666666666,1.0,0.3333333333333333,1.0,1.0,0.10988095238095237,0.5333333333333333,0.26666666666666666,1.0,0.5,1.0,1.0,0.16227411477411477,0.4,0.26666666666666666,1.0,0.6666666666666666,1.0,1.0,0.16227411477411477,0.36,0.3,1.0,0.8333333333333334,1.0,1.0,0.17477411477411478,0.3333333333333333,0.3333333333333333,1.0,1.0,1.0,1.0,0.18759462759462758,0.2857142857142857,0.3333333333333333,0.8571428571428571,1.0,1.0,1.0,0.18759462759462758,0.25,0.3333333333333333,0.75,1.0,1.0,1.0,0.18759462759462758,0.24444444444444444,0.36666666666666664,0.6666666666666666,1.0,1.0,1.0,0.19574277574277574,0.26,0.43333333333333335,0.6,1.0,1.0,1.0,0.21365828607271717,qwen3_8b-dj_adpt,11,webtable-cl_optim-v=12-distilroberta-dj_adpt~qwen3_8b-dj_adpt
World_countries_env_vars.pq::Country,1.0,0.03333333333333333,1.0,0.03333333333333333,1.0,1.0,0.03333333333333333,1.0,0.16666666666666666,1.0,0.16666666666666666,1.0,1.0,0.16666666666666666,1.0,0.3333333333333333,1.0,0.3333333333333333,1.0,1.0,0.3333333333333333,1.0,0.5,1.0,0.5,1.0,1.0,0.5,0.9,0.6,1.0,0.6666666666666666,1.0,1.0,0.6,0.76,0.6333333333333333,1.0,0.8333333333333334,1.0,1.0,0.6301587301587301,0.6333333333333333,0.6333333333333333,1.0,1.0,1.0,1.0,0.6301587301587301,0.6,0.7,0.8571428571428571,1.0,1.0,1.0,0.6709920634920635,0.55,0.7333333333333333,0.75,1.0,1.0,1.0,0.6913624338624339,0.4888888888888889,0.7333333333333333,0.6666666666666666,1.0,1.0,1.0,0.6913624338624339,0.48,0.8,0.6,1.0,1.0,1.0,0.7250503771248452,qwen3_8b-dj_adpt,11,webtable-cl_optim-v=12-distilroberta-dj_adpt~qwen3_8b-dj_adpt
USA_cars_datasets.pq::country,0.0,0.0,1.0,0.03333333333333333,0.0,0.0,0.0,0.2,0.03333333333333333,1.0,0.16666666666666666,1.0,0.5,0.016666666666666666,0.2,0.06666666666666667,1.0,0.3333333333333333,1.0,0.5,0.02333333333333333,0.26666666666666666,0.13333333333333333,1.0,0.5,1.0,0.5,0.040549450549450555,0.35,0.23333333333333334,1.0,0.6666666666666666,1.0,0.5,0.07200169226485015,0.36,0.3,1.0,0.8333333333333334,1.0,0.5,0.09612290438606227,0.3,0.3,1.0,1.0,1.0,0.5,0.09612290438606227,0.2857142857142857,0.3333333333333333,0.8571428571428571,1.0,1.0,0.5,0.10653957105272895,0.25,0.3333333333333333,0.75,1.0,1.0,0.5,0.10653957105272895,0.2222222222222222,0.3333333333333333,0.6666666666666666,1.0,1.0,0.5,0.10653957105272895,0.2,0.3333333333333333,0.6,1.0,1.0,0.5,0.10653957105272895,qwen3_8b-dj_adpt,11,webtable-cl_optim-v=12-distilroberta-dj_adpt~qwen3_8b-dj_adpt
netflix_titles.pq::country,1.0,0.03333333333333333,1.0,0.03333333333333333,1.0,1.0,0.03333333333333333,1.0,0.16666666666666666,1.0,0.16666666666666666,1.0,1.0,0.16666666666666666,0.9,0.3,1.0,0.3333333333333333,1.0,1.0,0.28403439153439153,0.9333333333333333,0.4666666666666667,1.0,0.5,1.0,1.0,0.43772570022570023,0.9,0.6,1.0,0.6666666666666666,1.0,1.0,0.5634086780952107,0.88,0.7333333333333333,1.0,0.8333333333333334,1.0,1.0,0.682370438556971,0.7666666666666667,0.7666666666666667,1.0,1.0,1.0,1.0,0.7118576180441506,0.6571428571428571,0.7666666666666667,0.8571428571428571,1.0,1.0,1.0,0.7118576180441506,0.6,0.8,0.75,1.0,1.0,1.0,0.7340798402663729,0.5333333333333333,0.8,0.6666666666666666,1.0,1.0,1.0,0.7340798402663729,0.48,0.8,0.6,1.0,1.0,1.0,0.7340798402663729,qwen3_8b-dj_adpt,11,webtable-cl_optim-v=12-distilroberta-dj_adpt~qwen3_8b-dj_adpt
pte_ames.pq::Arg0,1.0,0.03125,1.0,0.03125,1.0,1.0,0.03125,1.0,0.15625,1.0,0.15625,1.0,1.0,0.15625,1.0,0.3125,1.0,0.3125,1.0,1.0,0.3125,0.9333333333333333,0.4375,1.0,0.46875,1.0,1.0,0.4375,0.75,0.46875,1.0,0.625,1.0,1.0,0.4635416666666667,0.6,0.46875,1.0,0.78125,1.0,1.0,0.4635416666666667,0.5333333333333333,0.5,1.0,0.9375,1.0,1.0,0.4807830459770115,0.4857142857142857,0.53125,0.9142857142857143,1.0,1.0,1.0,0.4959616174055829,0.425,0.53125,0.8,1.0,1.0,1.0,0.4959616174055829,0.37777777777777777,0.53125,0.7111111111111111,1.0,1.0,1.0,0.4959616174055829,0.36,0.5625,0.64,1.0,1.0,1.0,0.5074412092423176,qwen3_8b-dj_adpt,11,webtable-cl_optim-v=12-distilroberta-dj_adpt~qwen3_8b-dj_adpt
movie_metadata.pq::country,1.0,0.03333333333333333,1.0,0.03333333333333333,1.0,1.0,0.03333333333333333,1.0,0.16666666666666666,1.0,0.16666666666666666,1.0,1.0,0.16666666666666666,0.9,0.3,1.0,0.3333333333333333,1.0,1.0,0.28879629629629633,0.8666666666666667,0.43333333333333335,1.0,0.5,1.0,1.0,0.40931300181300184,0.85,0.5666666666666667,1.0,0.6666666666666666,1.0,1.0,0.5242949419574806,0.76,0.6333333333333333,1.0,0.8333333333333334,1.0,1.0,0.5792552594177981,0.7,0.7,1.0,1.0,1.0,1.0,0.6298962850588237,0.6857142857142857,0.8,0.8571428571428571,1.0,1.0,1.0,0.7017529566130759,0.625,0.8333333333333334,0.75,1.0,1.0,1.0,0.7231204779805973,0.5555555555555556,0.8333333333333334,0.6666666666666666,1.0,1.0,1.0,0.7231204779805973,0.5,0.8333333333333334,0.6,1.0,1.0,1.0,0.7231204779805973,qwen3_8b-dj_adpt,11,webtable-cl_optim-v=12-distilroberta-dj_adpt~qwen3_8b-dj_adpt
world_country.pq::LocalName,1.0,0.034482758620689655,1.0,0.034482758620689655,1.0,1.0,0.034482758620689655,1.0,0.1724137931034483,1.0,0.1724137931034483,1.0,1.0,0.1724137931034483,0.7,0.2413793103448276,1.0,0.3448275862068966,1.0,1.0,0.22610837438423645,0.6,0.3103448275862069,1.0,0.5172413793103449,1.0,1.0,0.2729695591764557,0.6,0.41379310344827586,1.0,0.6896551724137931,1.0,1.0,0.3398221622866653,0.48,0.41379310344827586,1.0,0.8620689655172413,1.0,1.0,0.3398221622866653,0.5,0.5172413793103449,0.9666666666666667,1.0,1.0,1.0,0.390907730613613,0.45714285714285713,0.5517241379310345,0.8285714285714286,1.0,1.0,1.0,0.4081491099239578,0.4,0.5517241379310345,0.725,1.0,1.0,1.0,0.4081491099239578,0.35555555555555557,0.5517241379310345,0.6444444444444445,1.0,1.0,1.0,0.4081491099239578,0.32,0.5517241379310345,0.58,1.0,1.0,1.0,0.4081491099239578,qwen3_8b-dj_adpt,11,webtable-cl_optim-v=12-distilroberta-dj_adpt~qwen3_8b-dj_adpt
countries_metadatacountries.pq::CountryName,1.0,0.03333333333333333,1.0,0.03333333333333333,1.0,1.0,0.03333333333333333,1.0,0.16666666666666666,1.0,0.16666666666666666,1.0,1.0,0.16666666666666666,1.0,0.3333333333333333,1.0,0.3333333333333333,1.0,1.0,0.3333333333333333,0.9333333333333333,0.4666666666666667,1.0,0.5,1.0,1.0,0.4666666666666667,0.9,0.6,1.0,0.6666666666666666,1.0,1.0,0.5855326224056874,0.72,0.6,1.0,0.8333333333333334,1.0,1.0,0.5855326224056874,0.6666666666666666,0.6666666666666666,1.0,1.0,1.0,1.0,0.6295939250876798,0.6285714285714286,0.7333333333333333,0.8571428571428571,1.0,1.0,1.0,0.6743967924711923,0.55,0.7333333333333333,0.75,1.0,1.0,1.0,0.6743967924711923,0.4888888888888889,0.7333333333333333,0.6666666666666666,1.0,1.0,1.0,0.6743967924711923,0.48,0.8,0.6,1.0,1.0,1.0,0.7073899897501038,qwen3_8b-dj_adpt,11,webtable-cl_optim-v=12-distilroberta-dj_adpt~qwen3_8b-dj_adpt
pte_postestactive_neg.pq::Arg0,1.0,0.03125,1.0,0.03125,1.0,1.0,0.03125,1.0,0.15625,1.0,0.15625,1.0,1.0,0.15625,1.0,0.3125,1.0,0.3125,1.0,1.0,0.3125,0.9333333333333333,0.4375,1.0,0.46875,1.0,1.0,0.4354166666666667,0.9,0.5625,1.0,0.625,1.0,1.0,0.5468535001719986,0.88,0.6875,1.0,0.78125,1.0,1.0,0.6607148426338846,0.8333333333333334,0.78125,1.0,0.9375,1.0,1.0,0.7440386368951788,0.7428571428571429,0.8125,0.9142857142857143,1.0,1.0,1.0,0.7679356957187082,0.65,0.8125,0.8,1.0,1.0,1.0,0.7679356957187082,0.6222222222222222,0.875,0.7111111111111111,1.0,1.0,1.0,0.8083738186422963,0.58,0.90625,0.64,1.0,1.0,1.0,0.8272540269756296,qwen3_8b-dj_adpt,11,webtable-cl_optim-v=12-distilroberta-dj_adpt~qwen3_8b-dj_adpt
pte_alkyl_halide.pq::Arg0,1.0,0.03125,1.0,0.03125,1.0,1.0,0.03125,1.0,0.15625,1.0,0.15625,1.0,1.0,0.15625,1.0,0.3125,1.0,0.3125,1.0,1.0,0.3125,1.0,0.46875,1.0,0.46875,1.0,1.0,0.46875,1.0,0.625,1.0,0.625,1.0,1.0,0.625,0.96,0.75,1.0,0.78125,1.0,1.0,0.7474479166666667,0.8666666666666667,0.8125,1.0,0.9375,1.0,1.0,0.8055132349690539,0.7714285714285715,0.84375,0.9142857142857143,1.0,1.0,1.0,0.8296203778261968,0.7,0.875,0.8,1.0,1.0,1.0,0.8539259333817524,0.6222222222222222,0.875,0.7111111111111111,1.0,1.0,1.0,0.8539259333817524,0.58,0.90625,0.64,1.0,1.0,1.0,0.8732078482753693,qwen3_8b-dj_adpt,11,webtable-cl_optim-v=12-distilroberta-dj_adpt~qwen3_8b-dj_adpt
pte_testactive.pq::Arg0,1.0,0.03125,1.0,0.03125,1.0,1.0,0.03125,1.0,0.15625,1.0,0.15625,1.0,1.0,0.15625,1.0,0.3125,1.0,0.3125,1.0,1.0,0.3125,0.9333333333333333,0.4375,1.0,0.46875,1.0,1.0,0.4354166666666667,0.95,0.59375,1.0,0.625,1.0,1.0,0.5829319584193327,0.92,0.71875,1.0,0.78125,1.0,1.0,0.6999192419691161,0.8333333333333334,0.78125,1.0,0.9375,1.0,1.0,0.7566671815295558,0.7428571428571429,0.8125,0.9142857142857143,1.0,1.0,1.0,0.7812883936507679,0.65,0.8125,0.8,1.0,1.0,1.0,0.7812883936507679,0.6,0.84375,0.7111111111111111,1.0,1.0,1.0,0.8004645300144042,0.56,0.875,0.64,1.0,1.0,1.0,0.819081551291,qwen3_8b-dj_adpt,11,webtable-cl_optim-v=12-distilroberta-dj_adpt~qwen3_8b-dj_adpt
hfi_cc_2018.pq::countries,1.0,0.03333333333333333,1.0,0.03333333333333333,1.0,1.0,0.03333333333333333,1.0,0.16666666666666666,1.0,0.16666666666666666,1.0,1.0,0.16666666666666666,1.0,0.3333333333333333,1.0,0.3333333333333333,1.0,1.0,0.3333333333333333,1.0,0.5,1.0,0.5,1.0,1.0,0.5,1.0,0.6666666666666666,1.0,0.6666666666666666,1.0,1.0,0.6666666666666666,0.84,0.7,1.0,0.8333333333333334,1.0,1.0,0.6958333333333333,0.8,0.8,1.0,1.0,1.0,1.0,0.7810049518382852,0.6857142857142857,0.8,0.8571428571428571,1.0,1.0,1.0,0.7810049518382852,0.625,0.8333333333333334,0.75,1.0,1.0,1.0,0.8023724732058066,0.5777777777777777,0.8666666666666667,0.6666666666666666,1.0,1.0,1.0,0.8235106845879204,0.52,0.8666666666666667,0.6,1.0,1.0,1.0,0.8235106845879204,qwen3_8b-dj_adpt,11,webtable-cl_optim-v=12-distilroberta-dj_adpt~qwen3_8b-dj_adpt
wikipedia-iso-country-codes.pq::English_short_name_lower_case,1.0,0.03333333333333333,1.0,0.03333333333333333,1.0,1.0,0.03333333333333333,0.8,0.13333333333333333,1.0,0.16666666666666666,1.0,1.0,0.13333333333333333,0.8,0.26666666666666666,1.0,0.3333333333333333,1.0,1.0,0.24551587301587302,0.8,0.4,1.0,0.5,1.0,1.0,0.3512867687867688,0.7,0.4666666666666667,1.0,0.6666666666666666,1.0,1.0,0.40582108251225896,0.64,0.5333333333333333,1.0,0.8333333333333334,1.0,1.0,0.453873030564207,0.5666666666666667,0.5666666666666667,1.0,1.0,1.0,1.0,0.4756679023590788,0.5142857142857142,0.6,0.8571428571428571,1.0,1.0,1.0,0.49384972054089704,0.45,0.6,0.75,1.0,1.0,1.0,0.49384972054089704,0.4444444444444444,0.6666666666666666,0.6666666666666666,1.0,1.0,1.0,0.5237439004350769,0.42,0.7,0.6,1.0,1.0,1.0,0.5389612917394248,qwen3_8b-dj_adpt,11,webtable-cl_optim-v=12-distilroberta-dj_adpt~qwen3_8b-dj_adpt
affirmative_asylum.pq::ContinentCountryofNationality,1.0,0.03125,1.0,0.03125,1.0,1.0,0.03125,0.4,0.0625,1.0,0.15625,1.0,1.0,0.046875,0.5,0.15625,1.0,0.3125,1.0,1.0,0.09325396825396826,0.6,0.28125,1.0,0.46875,1.0,1.0,0.1651357323232323,0.6,0.375,1.0,0.625,1.0,1.0,0.22136530748663102,0.64,0.5,1.0,0.78125,1.0,1.0,0.2992635347123039,0.6333333333333333,0.59375,1.0,0.9375,1.0,1.0,0.3617349174961867,0.5714285714285714,0.625,0.9142857142857143,1.0,1.0,1.0,0.37959206035332954,0.525,0.65625,0.8,1.0,1.0,1.0,0.3964189834302526,0.4888888888888889,0.6875,0.7111111111111111,1.0,1.0,1.0,0.41240735552327584,0.48,0.75,0.64,1.0,1.0,1.0,0.4430060311637448,qwen3_8b-dj_adpt,11,webtable-cl_optim-v=12-distilroberta-dj_adpt~qwen3_8b-dj_adpt
countries_and_continents.pq::name,1.0,0.037037037037037035,1.0,0.037037037037037035,1.0,1.0,0.037037037037037035,1.0,0.18518518518518517,1.0,0.18518518518518517,1.0,1.0,0.18518518518518517,0.7,0.25925925925925924,1.0,0.37037037037037035,1.0,1.0,0.24814814814814815,0.8,0.4444444444444444,1.0,0.5555555555555556,1.0,1.0,0.39008214008214004,0.75,0.5555555555555556,1.0,0.7407407407407407,1.0,1.0,0.4782210831187439,0.72,0.6666666666666666,1.0,0.9259259259259259,1.0,1.0,0.5640448138700109,0.6333333333333333,0.7037037037037037,0.9,1.0,1.0,1.0,0.5901079140071851,0.5714285714285714,0.7407407407407407,0.7714285714285715,1.0,1.0,1.0,0.6132560621553332,0.5,0.7407407407407407,0.675,1.0,1.0,1.0,0.6132560621553332,0.4444444444444444,0.7407407407407407,0.6,1.0,1.0,1.0,0.6132560621553332,0.42,0.7777777777777778,0.54,1.0,1.0,1.0,0.6288116177108889,qwen3_8b-dj_adpt,11,webtable-cl_optim-v=12-distilroberta-dj_adpt~qwen3_8b-dj_adpt
pte_postestactive.pq::Arg0,1.0,0.03125,1.0,0.03125,1.0,1.0,0.03125,1.0,0.15625,1.0,0.15625,1.0,1.0,0.15625,1.0,0.3125,1.0,0.3125,1.0,1.0,0.3125,0.9333333333333333,0.4375,1.0,0.46875,1.0,1.0,0.4375,0.95,0.59375,1.0,0.625,1.0,1.0,0.585015291752666,0.92,0.71875,1.0,0.78125,1.0,1.0,0.7020025753024495,0.8666666666666667,0.8125,1.0,0.9375,1.0,1.0,0.7838033415859744,0.8285714285714286,0.90625,0.9142857142857143,1.0,1.0,1.0,0.8650192452861641,0.725,0.90625,0.8,1.0,1.0,1.0,0.8650192452861641,0.6444444444444445,0.90625,0.7111111111111111,1.0,1.0,1.0,0.8650192452861641,0.6,0.9375,0.64,1.0,1.0,1.0,0.8845504952861641,qwen3_8b-dj_adpt,11,webtable-cl_optim-v=12-distilroberta-dj_adpt~qwen3_8b-dj_adpt
pte_five_ring.pq::Arg0,1.0,0.03125,1.0,0.03125,1.0,1.0,0.03125,1.0,0.15625,1.0,0.15625,1.0,1.0,0.15625,1.0,0.3125,1.0,0.3125,1.0,1.0,0.3125,1.0,0.46875,1.0,0.46875,1.0,1.0,0.46875,1.0,0.625,1.0,0.625,1.0,1.0,0.625,0.92,0.71875,1.0,0.78125,1.0,1.0,0.7146687664690382,0.8333333333333334,0.78125,1.0,0.9375,1.0,1.0,0.7714167060294778,0.7714285714285715,0.84375,0.9142857142857143,1.0,1.0,1.0,0.8194209077101501,0.725,0.90625,0.8,1.0,1.0,1.0,0.8682197065089489,0.6444444444444445,0.90625,0.7111111111111111,1.0,1.0,1.0,0.8682197065089489,0.58,0.90625,0.64,1.0,1.0,1.0,0.8682197065089489,qwen3_8b-dj_adpt,11,webtable-cl_optim-v=12-distilroberta-dj_adpt~qwen3_8b-dj_adpt
MoviesOnStreamingPlatforms_updated.pq::Country,1.0,0.03333333333333333,1.0,0.03333333333333333,1.0,1.0,0.03333333333333333,1.0,0.16666666666666666,1.0,0.16666666666666666,1.0,1.0,0.16666666666666666,1.0,0.3333333333333333,1.0,0.3333333333333333,1.0,1.0,0.3333333333333333,1.0,0.5,1.0,0.5,1.0,1.0,0.5,0.9,0.6,1.0,0.6666666666666666,1.0,1.0,0.5948148148148148,0.88,0.7333333333333333,1.0,0.8333333333333334,1.0,1.0,0.7162669134408265,0.7666666666666667,0.7666666666666667,1.0,1.0,1.0,1.0,0.745754092928006,0.6571428571428571,0.7666666666666667,0.8571428571428571,1.0,1.0,1.0,0.745754092928006,0.6,0.8,0.75,1.0,1.0,1.0,0.7679763151502282,0.5555555555555556,0.8333333333333334,0.6666666666666666,1.0,1.0,1.0,0.7873561601114685,0.54,0.9,0.6,1.0,1.0,1.0,0.8237790626057996,qwen3_8b-dj_adpt,11,webtable-cl_optim-v=12-distilroberta-dj_adpt~qwen3_8b-dj_adpt
pte_amine.pq::Arg0,1.0,0.03125,1.0,0.03125,1.0,1.0,0.03125,1.0,0.15625,1.0,0.15625,1.0,1.0,0.15625,1.0,0.3125,1.0,0.3125,1.0,1.0,0.3125,0.9333333333333333,0.4375,1.0,0.46875,1.0,1.0,0.4375,0.75,0.46875,1.0,0.625,1.0,1.0,0.466796875,0.6,0.46875,1.0,0.78125,1.0,1.0,0.466796875,0.5333333333333333,0.5,1.0,0.9375,1.0,1.0,0.48346354166666666,0.5142857142857142,0.5625,0.9142857142857143,1.0,1.0,1.0,0.5151599702380952,0.45,0.5625,0.8,1.0,1.0,1.0,0.5151599702380952,0.4,0.5625,0.7111111111111111,1.0,1.0,1.0,0.5151599702380952,0.38,0.59375,0.64,1.0,1.0,1.0,0.5275297619047619,qwen3_8b-dj_adpt,11,webtable-cl_optim-v=12-distilroberta-dj_adpt~qwen3_8b-dj_adpt
AdventureWorks2014_salesTerritory.pq::Name,1.0,0.03333333333333333,1.0,0.03333333333333333,1.0,1.0,0.03333333333333333,0.4,0.06666666666666667,1.0,0.16666666666666666,1.0,1.0,0.05555555555555555,0.6,0.2,1.0,0.3333333333333333,1.0,1.0,0.12740740740740739,0.5333333333333333,0.26666666666666666,1.0,0.5,1.0,1.0,0.16736467236467237,0.4,0.26666666666666666,1.0,0.6666666666666666,1.0,1.0,0.16736467236467237,0.4,0.3333333333333333,1.0,0.8333333333333334,1.0,1.0,0.1948899248899249,0.4,0.4,1.0,1.0,1.0,1.0,0.22232582232582232,0.42857142857142855,0.5,0.8571428571428571,1.0,1.0,1.0,0.26559353263575275,0.425,0.5666666666666667,0.75,1.0,1.0,1.0,0.2945378615800817,0.4,0.6,0.6666666666666666,1.0,1.0,1.0,0.30817422521644533,0.36,0.6,0.6,1.0,1.0,1.0,0.30817422521644533,qwen3_8b-dj_adpt,11,webtable-cl_optim-v=12-distilroberta-dj_adpt~qwen3_8b-dj_adpt
whr2015.pq::Country,1.0,0.03333333333333333,1.0,0.03333333333333333,1.0,1.0,0.03333333333333333,1.0,0.16666666666666666,1.0,0.16666666666666666,1.0,1.0,0.16666666666666666,1.0,0.3333333333333333,1.0,0.3333333333333333,1.0,1.0,0.3333333333333333,0.9333333333333333,0.4666666666666667,1.0,0.5,1.0,1.0,0.4666666666666667,0.9,0.6,1.0,0.6666666666666666,1.0,1.0,0.587370857699805,0.88,0.7333333333333333,1.0,0.8333333333333334,1.0,1.0,0.7063326181615656,0.7333333333333333,0.7333333333333333,1.0,1.0,1.0,1.0,0.7063326181615656,0.6857142857142857,0.8,0.8571428571428571,1.0,1.0,1.0,0.7539209438144073,0.65,0.8666666666666667,0.75,1.0,1.0,1.0,0.7969551318485953,0.5777777777777777,0.8666666666666667,0.6666666666666666,1.0,1.0,1.0,0.7969551318485953,0.52,0.8666666666666667,0.6,1.0,1.0,1.0,0.7969551318485953,qwen3_8b-dj_adpt,11,webtable-cl_optim-v=12-distilroberta-dj_adpt~qwen3_8b-dj_adpt
countries_and_continents.pq::official_name_fr,1.0,0.037037037037037035,1.0,0.037037037037037035,1.0,1.0,0.037037037037037035,0.8,0.14814814814814814,1.0,0.18518518518518517,1.0,1.0,0.14814814814814814,0.6,0.2222222222222222,1.0,0.37037037037037035,1.0,1.0,0.19094650205761318,0.6666666666666666,0.37037037037037035,1.0,0.5555555555555556,1.0,1.0,0.2877077654855433,0.6,0.4444444444444444,1.0,0.7407407407407407,1.0,1.0,0.33389512931996596,0.56,0.5185185185185185,1.0,0.9259259259259259,1.0,1.0,0.37842775718592714,0.5,0.5555555555555556,0.9,1.0,1.0,1.0,0.39826902702719696,0.42857142857142855,0.5555555555555556,0.7714285714285715,1.0,1.0,1.0,0.39826902702719696,0.375,0.5555555555555556,0.675,1.0,1.0,1.0,0.39826902702719696,0.35555555555555557,0.5925925925925926,0.6,1.0,1.0,1.0,0.41143775130703236,0.32,0.5925925925925926,0.54,1.0,1.0,1.0,0.41143775130703236,qwen3_8b-dj_adpt,11,webtable-cl_optim-v=12-distilroberta-dj_adpt~qwen3_8b-dj_adpt
pte_has_property.pq::Arg0,1.0,0.03125,1.0,0.03125,1.0,1.0,0.03125,1.0,0.15625,1.0,0.15625,1.0,1.0,0.15625,1.0,0.3125,1.0,0.3125,1.0,1.0,0.3125,0.8666666666666667,0.40625,1.0,0.46875,1.0,1.0,0.40625,0.7,0.4375,1.0,0.625,1.0,1.0,0.43359375,0.56,0.4375,1.0,0.78125,1.0,1.0,0.43359375,0.4666666666666667,0.4375,1.0,0.9375,1.0,1.0,0.43359375,0.4,0.4375,0.9142857142857143,1.0,1.0,1.0,0.43359375,0.35,0.4375,0.8,1.0,1.0,1.0,0.43359375,0.3111111111111111,0.4375,0.7111111111111111,1.0,1.0,1.0,0.43359375,0.3,0.46875,0.64,1.0,1.0,1.0,0.4437839673913043,qwen3_8b-dj_adpt,11,webtable-cl_optim-v=12-distilroberta-dj_adpt~qwen3_8b-dj_adpt
