query_id,precision@1,recall@1,max_precision@1,max_recall@1,hits@1,mrr@1,ap@1,precision@5,recall@5,max_precision@5,max_recall@5,hits@5,mrr@5,ap@5,precision@10,recall@10,max_precision@10,max_recall@10,hits@10,mrr@10,ap@10,precision@15,recall@15,max_precision@15,max_recall@15,hits@15,mrr@15,ap@15,precision@20,recall@20,max_precision@20,max_recall@20,hits@20,mrr@20,ap@20,precision@25,recall@25,max_precision@25,max_recall@25,hits@25,mrr@25,ap@25,precision@30,recall@30,max_precision@30,max_recall@30,hits@30,mrr@30,ap@30,precision@35,recall@35,max_precision@35,max_recall@35,hits@35,mrr@35,ap@35,precision@40,recall@40,max_precision@40,max_recall@40,hits@40,mrr@40,ap@40,precision@45,recall@45,max_precision@45,max_recall@45,hits@45,mrr@45,ap@45,precision@50,recall@50,max_precision@50,max_recall@50,hits@50,mrr@50,ap@50,view,view_idx,ckpt_name
cwurData.pq::country,0.0,0.0,1.0,0.03333333333333333,0.0,0.0,0.0,0.0,0.0,1.0,0.16666666666666666,0.0,0.0,0.0,0.0,0.0,1.0,0.3333333333333333,0.0,0.0,0.0,0.0,0.0,1.0,0.5,0.0,0.0,0.0,0.0,0.0,1.0,0.6666666666666666,0.0,0.0,0.0,0.0,0.0,1.0,0.8333333333333334,0.0,0.0,0.0,0.0,0.0,1.0,1.0,0.0,0.0,0.0,0.0,0.0,0.8571428571428571,1.0,0.0,0.0,0.0,0.0,0.0,0.75,1.0,0.0,0.0,0.0,0.022222222222222223,0.03333333333333333,0.6666666666666666,1.0,1.0,0.023809523809523808,0.0007936507936507937,0.02,0.03333333333333333,0.6,1.0,1.0,0.023809523809523808,0.0007936507936507937,distilroberta-dj_adpt,0,webtable-v2v-v=12-distilroberta-dj_adpt~qwen3_8b-dj_adpt
countries_and_continents.pq::ISO4217-currency_country_name,0.0,0.0,1.0,0.037037037037037035,0.0,0.0,0.0,0.4,0.07407407407407407,1.0,0.18518518518518517,1.0,0.3333333333333333,0.030864197530864196,0.2,0.07407407407407407,1.0,0.37037037037037035,1.0,0.3333333333333333,0.030864197530864196,0.13333333333333333,0.07407407407407407,1.0,0.5555555555555556,1.0,0.3333333333333333,0.030864197530864196,0.1,0.07407407407407407,1.0,0.7407407407407407,1.0,0.3333333333333333,0.030864197530864196,0.08,0.07407407407407407,1.0,0.9259259259259259,1.0,0.3333333333333333,0.030864197530864196,0.1,0.1111111111111111,0.9,1.0,1.0,0.3333333333333333,0.03469561515538527,0.08571428571428572,0.1111111111111111,0.7714285714285715,1.0,1.0,0.3333333333333333,0.03469561515538527,0.075,0.1111111111111111,0.675,1.0,1.0,0.3333333333333333,0.03469561515538527,0.06666666666666667,0.1111111111111111,0.6,1.0,1.0,0.3333333333333333,0.03469561515538527,0.06,0.1111111111111111,0.54,1.0,1.0,0.3333333333333333,0.03469561515538527,distilroberta-dj_adpt,0,webtable-v2v-v=12-distilroberta-dj_adpt~qwen3_8b-dj_adpt
pte_imine.pq::Arg0,1.0,0.03125,1.0,0.03125,1.0,1.0,0.03125,0.4,0.0625,1.0,0.15625,1.0,1.0,0.05208333333333333,0.3,0.09375,1.0,0.3125,1.0,1.0,0.06770833333333333,0.2,0.09375,1.0,0.46875,1.0,1.0,0.06770833333333333,0.15,0.09375,1.0,0.625,1.0,1.0,0.06770833333333333,0.12,0.09375,1.0,0.78125,1.0,1.0,0.06770833333333333,0.13333333333333333,0.125,1.0,0.9375,1.0,1.0,0.07251602564102563,0.11428571428571428,0.125,0.9142857142857143,1.0,1.0,1.0,0.07251602564102563,0.1,0.125,0.8,1.0,1.0,1.0,0.07251602564102563,0.1111111111111111,0.15625,0.7111111111111111,1.0,1.0,1.0,0.07623626373626373,0.12,0.1875,0.64,1.0,1.0,1.0,0.0802256254383914,distilroberta-dj_adpt,0,webtable-v2v-v=12-distilroberta-dj_adpt~qwen3_8b-dj_adpt
countries_and_continents.pq::official_name_en,1.0,0.037037037037037035,1.0,0.037037037037037035,1.0,1.0,0.037037037037037035,0.8,0.14814814814814814,1.0,0.18518518518518517,1.0,1.0,0.14074074074074072,0.5,0.18518518518518517,1.0,0.37037037037037035,1.0,1.0,0.16131687242798357,0.6,0.3333333333333333,1.0,0.5555555555555556,1.0,1.0,0.24972537750315527,0.6,0.4444444444444444,1.0,0.7407407407407407,1.0,1.0,0.3202304801290009,0.48,0.4444444444444444,1.0,0.9259259259259259,1.0,1.0,0.3202304801290009,0.4,0.4444444444444444,0.9,1.0,1.0,1.0,0.3202304801290009,0.34285714285714286,0.4444444444444444,0.7714285714285715,1.0,1.0,1.0,0.3202304801290009,0.3,0.4444444444444444,0.675,1.0,1.0,1.0,0.3202304801290009,0.3111111111111111,0.5185185185185185,0.6,1.0,1.0,1.0,0.344032501094947,0.28,0.5185185185185185,0.54,1.0,1.0,1.0,0.344032501094947,distilroberta-dj_adpt,0,webtable-v2v-v=12-distilroberta-dj_adpt~qwen3_8b-dj_adpt
world_country.pq::Name,1.0,0.034482758620689655,1.0,0.034482758620689655,1.0,1.0,0.034482758620689655,0.6,0.10344827586206896,1.0,0.1724137931034483,1.0,1.0,0.10344827586206896,0.5,0.1724137931034483,1.0,0.3448275862068966,1.0,1.0,0.14367816091954025,0.4,0.20689655172413793,1.0,0.5172413793103449,1.0,1.0,0.15747126436781608,0.3,0.20689655172413793,1.0,0.6896551724137931,1.0,1.0,0.15747126436781608,0.24,0.20689655172413793,1.0,0.8620689655172413,1.0,1.0,0.15747126436781608,0.26666666666666666,0.27586206896551724,0.9666666666666667,1.0,1.0,1.0,0.17660730074523176,0.22857142857142856,0.27586206896551724,0.8285714285714286,1.0,1.0,1.0,0.17660730074523176,0.25,0.3448275862068966,0.725,1.0,1.0,1.0,0.19318555008210178,0.2222222222222222,0.3448275862068966,0.6444444444444445,1.0,1.0,1.0,0.19318555008210178,0.2,0.3448275862068966,0.58,1.0,1.0,1.0,0.19318555008210178,distilroberta-dj_adpt,0,webtable-v2v-v=12-distilroberta-dj_adpt~qwen3_8b-dj_adpt
pte_nitro.pq::Arg0,1.0,0.03125,1.0,0.03125,1.0,1.0,0.03125,0.6,0.09375,1.0,0.15625,1.0,1.0,0.09375,0.3,0.09375,1.0,0.3125,1.0,1.0,0.09375,0.2,0.09375,1.0,0.46875,1.0,1.0,0.09375,0.15,0.09375,1.0,0.625,1.0,1.0,0.09375,0.16,0.125,1.0,0.78125,1.0,1.0,0.09970238095238096,0.16666666666666666,0.15625,1.0,0.9375,1.0,1.0,0.10571199633699634,0.14285714285714285,0.15625,0.9142857142857143,1.0,1.0,1.0,0.10571199633699634,0.15,0.1875,0.8,1.0,1.0,1.0,0.11092032967032966,0.15555555555555556,0.21875,0.7111111111111111,1.0,1.0,1.0,0.11589192057942058,0.14,0.21875,0.64,1.0,1.0,1.0,0.11589192057942058,distilroberta-dj_adpt,0,webtable-v2v-v=12-distilroberta-dj_adpt~qwen3_8b-dj_adpt
pte_sulfide.pq::Arg0,1.0,0.03125,1.0,0.03125,1.0,1.0,0.03125,0.4,0.0625,1.0,0.15625,1.0,1.0,0.046875,0.3,0.09375,1.0,0.3125,1.0,1.0,0.060267857142857144,0.3333333333333333,0.15625,1.0,0.46875,1.0,1.0,0.08465232683982685,0.25,0.15625,1.0,0.625,1.0,1.0,0.08465232683982685,0.2,0.15625,1.0,0.78125,1.0,1.0,0.08465232683982685,0.2,0.1875,1.0,0.9375,1.0,1.0,0.09090232683982684,0.17142857142857143,0.1875,0.9142857142857143,1.0,1.0,1.0,0.09090232683982684,0.15,0.1875,0.8,1.0,1.0,1.0,0.09090232683982684,0.15555555555555556,0.21875,0.7111111111111111,1.0,1.0,1.0,0.09623769269348538,0.14,0.21875,0.64,1.0,1.0,1.0,0.09623769269348538,distilroberta-dj_adpt,0,webtable-v2v-v=12-distilroberta-dj_adpt~qwen3_8b-dj_adpt
pte_non_ar_hetero_6_ring.pq::Arg0,0.0,0.0,1.0,0.03125,0.0,0.0,0.0,0.2,0.03125,1.0,0.15625,1.0,0.3333333333333333,0.010416666666666666,0.1,0.03125,1.0,0.3125,1.0,0.3333333333333333,0.010416666666666666,0.13333333333333333,0.0625,1.0,0.46875,1.0,0.3333333333333333,0.015625,0.1,0.0625,1.0,0.625,1.0,0.3333333333333333,0.015625,0.08,0.0625,1.0,0.78125,1.0,0.3333333333333333,0.015625,0.1,0.09375,1.0,0.9375,1.0,0.3333333333333333,0.019230769230769232,0.08571428571428572,0.09375,0.9142857142857143,1.0,1.0,0.3333333333333333,0.019230769230769232,0.125,0.15625,0.8,1.0,1.0,0.3333333333333333,0.02681483355825461,0.13333333333333333,0.1875,0.7111111111111111,1.0,1.0,0.3333333333333333,0.031279119272540325,0.14,0.21875,0.64,1.0,1.0,0.3333333333333333,0.03574340498682604,distilroberta-dj_adpt,0,webtable-v2v-v=12-distilroberta-dj_adpt~qwen3_8b-dj_adpt
Word_University_Rank_2020.pq::Country,0.0,0.0,1.0,0.03333333333333333,0.0,0.0,0.0,0.2,0.03333333333333333,1.0,0.16666666666666666,1.0,0.2,0.006666666666666667,0.1,0.03333333333333333,1.0,0.3333333333333333,1.0,0.2,0.006666666666666667,0.06666666666666667,0.03333333333333333,1.0,0.5,1.0,0.2,0.006666666666666667,0.1,0.06666666666666667,1.0,0.6666666666666666,1.0,0.2,0.010175438596491228,0.08,0.06666666666666667,1.0,0.8333333333333334,1.0,0.2,0.010175438596491228,0.06666666666666667,0.06666666666666667,1.0,1.0,1.0,0.2,0.010175438596491228,0.05714285714285714,0.06666666666666667,0.8571428571428571,1.0,1.0,0.2,0.010175438596491228,0.05,0.06666666666666667,0.75,1.0,1.0,0.2,0.010175438596491228,0.044444444444444446,0.06666666666666667,0.6666666666666666,1.0,1.0,0.2,0.010175438596491228,0.04,0.06666666666666667,0.6,1.0,1.0,0.2,0.010175438596491228,distilroberta-dj_adpt,0,webtable-v2v-v=12-distilroberta-dj_adpt~qwen3_8b-dj_adpt
gender_development.pq::Country,1.0,0.03333333333333333,1.0,0.03333333333333333,1.0,1.0,0.03333333333333333,0.6,0.1,1.0,0.16666666666666666,1.0,1.0,0.07,0.6,0.2,1.0,0.3333333333333333,1.0,1.0,0.12756613756613755,0.6,0.3,1.0,0.5,1.0,1.0,0.18605820105820106,0.6,0.4,1.0,0.6666666666666666,1.0,1.0,0.24951279342146215,0.52,0.43333333333333335,1.0,0.8333333333333334,1.0,1.0,0.26835337313160706,0.43333333333333335,0.43333333333333335,1.0,1.0,1.0,1.0,0.26835337313160706,0.37142857142857144,0.43333333333333335,0.8571428571428571,1.0,1.0,1.0,0.26835337313160706,0.375,0.5,0.75,1.0,1.0,1.0,0.29413684891508285,0.3333333333333333,0.5,0.6666666666666666,1.0,1.0,1.0,0.29413684891508285,0.34,0.5666666666666667,0.6,1.0,1.0,1.0,0.3170489924959195,distilroberta-dj_adpt,0,webtable-v2v-v=12-distilroberta-dj_adpt~qwen3_8b-dj_adpt
pte_testactive_Neg.pq::Arg0,1.0,0.03125,1.0,0.03125,1.0,1.0,0.03125,0.6,0.09375,1.0,0.15625,1.0,1.0,0.09375,0.3,0.09375,1.0,0.3125,1.0,1.0,0.09375,0.2,0.09375,1.0,0.46875,1.0,1.0,0.09375,0.15,0.09375,1.0,0.625,1.0,1.0,0.09375,0.12,0.09375,1.0,0.78125,1.0,1.0,0.09375,0.13333333333333333,0.125,1.0,0.9375,1.0,1.0,0.0980603448275862,0.11428571428571428,0.125,0.9142857142857143,1.0,1.0,1.0,0.0980603448275862,0.1,0.125,0.8,1.0,1.0,1.0,0.0980603448275862,0.08888888888888889,0.125,0.7111111111111111,1.0,1.0,1.0,0.0980603448275862,0.08,0.125,0.64,1.0,1.0,1.0,0.0980603448275862,distilroberta-dj_adpt,0,webtable-v2v-v=12-distilroberta-dj_adpt~qwen3_8b-dj_adpt
edu.pq::country,0.0,0.0,1.0,0.03333333333333333,0.0,0.0,0.0,0.0,0.0,1.0,0.16666666666666666,0.0,0.0,0.0,0.0,0.0,1.0,0.3333333333333333,0.0,0.0,0.0,0.0,0.0,1.0,0.5,0.0,0.0,0.0,0.0,0.0,1.0,0.6666666666666666,0.0,0.0,0.0,0.0,0.0,1.0,0.8333333333333334,0.0,0.0,0.0,0.0,0.0,1.0,1.0,0.0,0.0,0.0,0.0,0.0,0.8571428571428571,1.0,0.0,0.0,0.0,0.0,0.0,0.75,1.0,0.0,0.0,0.0,0.0,0.0,0.6666666666666666,1.0,0.0,0.0,0.0,0.0,0.0,0.6,1.0,0.0,0.0,0.0,distilroberta-dj_adpt,0,webtable-v2v-v=12-distilroberta-dj_adpt~qwen3_8b-dj_adpt
AdventureWorks2014_CountryRegion.pq::Name,1.0,0.03333333333333333,1.0,0.03333333333333333,1.0,1.0,0.03333333333333333,0.6,0.1,1.0,0.16666666666666666,1.0,1.0,0.1,0.5,0.16666666666666666,1.0,0.3333333333333333,1.0,1.0,0.14305555555555557,0.3333333333333333,0.16666666666666666,1.0,0.5,1.0,1.0,0.14305555555555557,0.3,0.2,1.0,0.6666666666666666,1.0,1.0,0.1548202614379085,0.32,0.26666666666666666,1.0,0.8333333333333334,1.0,1.0,0.17563185564080705,0.26666666666666666,0.26666666666666666,1.0,1.0,1.0,1.0,0.17563185564080705,0.22857142857142856,0.26666666666666666,0.8571428571428571,1.0,1.0,1.0,0.17563185564080705,0.2,0.26666666666666666,0.75,1.0,1.0,1.0,0.17563185564080705,0.17777777777777778,0.26666666666666666,0.6666666666666666,1.0,1.0,1.0,0.17563185564080705,0.16,0.26666666666666666,0.6,1.0,1.0,1.0,0.17563185564080705,distilroberta-dj_adpt,0,webtable-v2v-v=12-distilroberta-dj_adpt~qwen3_8b-dj_adpt
pte_methoxy.pq::Arg0,0.0,0.0,1.0,0.03125,0.0,0.0,0.0,0.0,0.0,1.0,0.15625,0.0,0.0,0.0,0.1,0.03125,1.0,0.3125,1.0,0.1111111111111111,0.003472222222222222,0.06666666666666667,0.03125,1.0,0.46875,1.0,0.1111111111111111,0.003472222222222222,0.1,0.0625,1.0,0.625,1.0,0.1111111111111111,0.006597222222222222,0.08,0.0625,1.0,0.78125,1.0,0.1111111111111111,0.006597222222222222,0.1,0.09375,1.0,0.9375,1.0,0.1111111111111111,0.010202991452991453,0.08571428571428572,0.09375,0.9142857142857143,1.0,1.0,0.1111111111111111,0.010202991452991453,0.075,0.09375,0.8,1.0,1.0,0.1111111111111111,0.010202991452991453,0.06666666666666667,0.09375,0.7111111111111111,1.0,1.0,0.1111111111111111,0.010202991452991453,0.06,0.09375,0.64,1.0,1.0,0.1111111111111111,0.010202991452991453,distilroberta-dj_adpt,0,webtable-v2v-v=12-distilroberta-dj_adpt~qwen3_8b-dj_adpt
world-cities.pq::country,1.0,0.03333333333333333,1.0,0.03333333333333333,1.0,1.0,0.03333333333333333,0.6,0.1,1.0,0.16666666666666666,1.0,1.0,0.1,0.5,0.16666666666666666,1.0,0.3333333333333333,1.0,1.0,0.14603174603174604,0.4666666666666667,0.23333333333333334,1.0,0.5,1.0,1.0,0.1808802308802309,0.4,0.26666666666666666,1.0,0.6666666666666666,1.0,1.0,0.1965665053900348,0.32,0.26666666666666666,1.0,0.8333333333333334,1.0,1.0,0.1965665053900348,0.3,0.3,1.0,1.0,1.0,1.0,0.20810496692849634,0.2571428571428571,0.3,0.8571428571428571,1.0,1.0,1.0,0.20810496692849634,0.225,0.3,0.75,1.0,1.0,1.0,0.20810496692849634,0.24444444444444444,0.36666666666666664,0.6666666666666666,1.0,1.0,1.0,0.2241902382463258,0.22,0.36666666666666664,0.6,1.0,1.0,1.0,0.2241902382463258,distilroberta-dj_adpt,0,webtable-v2v-v=12-distilroberta-dj_adpt~qwen3_8b-dj_adpt
movies.pq::country,1.0,0.03333333333333333,1.0,0.03333333333333333,1.0,1.0,0.03333333333333333,0.4,0.06666666666666667,1.0,0.16666666666666666,1.0,1.0,0.04666666666666666,0.3,0.1,1.0,0.3333333333333333,1.0,1.0,0.059166666666666666,0.2,0.1,1.0,0.5,1.0,1.0,0.059166666666666666,0.15,0.1,1.0,0.6666666666666666,1.0,1.0,0.059166666666666666,0.12,0.1,1.0,0.8333333333333334,1.0,1.0,0.059166666666666666,0.1,0.1,1.0,1.0,1.0,1.0,0.059166666666666666,0.08571428571428572,0.1,0.8571428571428571,1.0,1.0,1.0,0.059166666666666666,0.075,0.1,0.75,1.0,1.0,1.0,0.059166666666666666,0.06666666666666667,0.1,0.6666666666666666,1.0,1.0,1.0,0.059166666666666666,0.06,0.1,0.6,1.0,1.0,1.0,0.059166666666666666,distilroberta-dj_adpt,0,webtable-v2v-v=12-distilroberta-dj_adpt~qwen3_8b-dj_adpt
countries_data.pq::CountryName,1.0,0.03333333333333333,1.0,0.03333333333333333,1.0,1.0,0.03333333333333333,0.8,0.13333333333333333,1.0,0.16666666666666666,1.0,1.0,0.13333333333333333,0.6,0.2,1.0,0.3333333333333333,1.0,1.0,0.1861111111111111,0.4666666666666667,0.23333333333333334,1.0,0.5,1.0,1.0,0.20405982905982908,0.5,0.3333333333333333,1.0,0.6666666666666666,1.0,1.0,0.25395662988542245,0.4,0.3333333333333333,1.0,0.8333333333333334,1.0,1.0,0.25395662988542245,0.3333333333333333,0.3333333333333333,1.0,1.0,1.0,1.0,0.25395662988542245,0.3142857142857143,0.36666666666666664,0.8571428571428571,1.0,1.0,1.0,0.2654149632187558,0.325,0.43333333333333335,0.75,1.0,1.0,1.0,0.2870523901193406,0.28888888888888886,0.43333333333333335,0.6666666666666666,1.0,1.0,1.0,0.2870523901193406,0.28,0.4666666666666667,0.6,1.0,1.0,1.0,0.2963857234526739,distilroberta-dj_adpt,0,webtable-v2v-v=12-distilroberta-dj_adpt~qwen3_8b-dj_adpt
pte_alcohol.pq::Arg0,0.0,0.0,1.0,0.03125,0.0,0.0,0.0,0.0,0.0,1.0,0.15625,0.0,0.0,0.0,0.0,0.0,1.0,0.3125,0.0,0.0,0.0,0.0,0.0,1.0,0.46875,0.0,0.0,0.0,0.0,0.0,1.0,0.625,0.0,0.0,0.0,0.0,0.0,1.0,0.78125,0.0,0.0,0.0,0.0,0.0,1.0,0.9375,0.0,0.0,0.0,0.0,0.0,0.9142857142857143,1.0,0.0,0.0,0.0,0.0,0.0,0.8,1.0,0.0,0.0,0.0,0.0,0.0,0.7111111111111111,1.0,0.0,0.0,0.0,0.0,0.0,0.64,1.0,0.0,0.0,0.0,distilroberta-dj_adpt,0,webtable-v2v-v=12-distilroberta-dj_adpt~qwen3_8b-dj_adpt
pte_phenol.pq::Arg0,0.0,0.0,1.0,0.03125,0.0,0.0,0.0,0.0,0.0,1.0,0.15625,0.0,0.0,0.0,0.1,0.03125,1.0,0.3125,1.0,0.125,0.00390625,0.06666666666666667,0.03125,1.0,0.46875,1.0,0.125,0.00390625,0.2,0.125,1.0,0.625,1.0,0.125,0.01937000128998968,0.24,0.1875,1.0,0.78125,1.0,0.125,0.03338041795665635,0.2,0.1875,1.0,0.9375,1.0,0.125,0.03338041795665635,0.17142857142857143,0.1875,0.9142857142857143,1.0,1.0,0.125,0.03338041795665635,0.15,0.1875,0.8,1.0,1.0,0.125,0.03338041795665635,0.13333333333333333,0.1875,0.7111111111111111,1.0,1.0,0.125,0.03338041795665635,0.12,0.1875,0.64,1.0,1.0,0.125,0.03338041795665635,distilroberta-dj_adpt,0,webtable-v2v-v=12-distilroberta-dj_adpt~qwen3_8b-dj_adpt
pte_ester.pq::Arg0,1.0,0.03125,1.0,0.03125,1.0,1.0,0.03125,0.6,0.09375,1.0,0.15625,1.0,1.0,0.08125,0.3,0.09375,1.0,0.3125,1.0,1.0,0.08125,0.26666666666666666,0.125,1.0,0.46875,1.0,1.0,0.08958333333333333,0.2,0.125,1.0,0.625,1.0,1.0,0.08958333333333333,0.16,0.125,1.0,0.78125,1.0,1.0,0.08958333333333333,0.13333333333333333,0.125,1.0,0.9375,1.0,1.0,0.08958333333333333,0.14285714285714285,0.15625,0.9142857142857143,1.0,1.0,1.0,0.09431818181818181,0.15,0.1875,0.8,1.0,1.0,1.0,0.09900568181818181,0.15555555555555556,0.21875,0.7111111111111111,1.0,1.0,1.0,0.10434104767184035,0.14,0.21875,0.64,1.0,1.0,1.0,0.10434104767184035,distilroberta-dj_adpt,0,webtable-v2v-v=12-distilroberta-dj_adpt~qwen3_8b-dj_adpt
pte_non_ar_hetero_5_ring.pq::Arg0,1.0,0.03125,1.0,0.03125,1.0,1.0,0.03125,0.4,0.0625,1.0,0.15625,1.0,1.0,0.0625,0.3,0.09375,1.0,0.3125,1.0,1.0,0.07421875,0.26666666666666666,0.125,1.0,0.46875,1.0,1.0,0.08463541666666667,0.2,0.125,1.0,0.625,1.0,1.0,0.08463541666666667,0.16,0.125,1.0,0.78125,1.0,1.0,0.08463541666666667,0.16666666666666666,0.15625,1.0,0.9375,1.0,1.0,0.09002334770114942,0.17142857142857143,0.1875,0.9142857142857143,1.0,1.0,1.0,0.09588272270114942,0.175,0.21875,0.8,1.0,1.0,1.0,0.10179488486331159,0.15555555555555556,0.21875,0.7111111111111111,1.0,1.0,1.0,0.10179488486331159,0.14,0.21875,0.64,1.0,1.0,1.0,0.10179488486331159,distilroberta-dj_adpt,0,webtable-v2v-v=12-distilroberta-dj_adpt~qwen3_8b-dj_adpt
population_by_country_2020.pq::CountryDependency,1.0,0.03333333333333333,1.0,0.03333333333333333,1.0,1.0,0.03333333333333333,1.0,0.16666666666666666,1.0,0.16666666666666666,1.0,1.0,0.16666666666666666,0.8,0.26666666666666666,1.0,0.3333333333333333,1.0,1.0,0.25107142857142856,0.6666666666666666,0.3333333333333333,1.0,0.5,1.0,1.0,0.29637057387057386,0.5,0.3333333333333333,1.0,0.6666666666666666,1.0,1.0,0.29637057387057386,0.4,0.3333333333333333,1.0,0.8333333333333334,1.0,1.0,0.29637057387057386,0.36666666666666664,0.36666666666666664,1.0,1.0,1.0,1.0,0.3085927960927961,0.3142857142857143,0.36666666666666664,0.8571428571428571,1.0,1.0,1.0,0.3085927960927961,0.275,0.36666666666666664,0.75,1.0,1.0,1.0,0.3085927960927961,0.28888888888888886,0.43333333333333335,0.6666666666666666,1.0,1.0,1.0,0.32842641303361664,0.26,0.43333333333333335,0.6,1.0,1.0,1.0,0.32842641303361664,distilroberta-dj_adpt,0,webtable-v2v-v=12-distilroberta-dj_adpt~qwen3_8b-dj_adpt
pte_non_ar_5c_ring.pq::Arg0,1.0,0.03125,1.0,0.03125,1.0,1.0,0.03125,0.4,0.0625,1.0,0.15625,1.0,1.0,0.05208333333333333,0.2,0.0625,1.0,0.3125,1.0,1.0,0.05208333333333333,0.26666666666666666,0.125,1.0,0.46875,1.0,1.0,0.07102272727272727,0.2,0.125,1.0,0.625,1.0,1.0,0.07102272727272727,0.2,0.15625,1.0,0.78125,1.0,1.0,0.07727272727272727,0.2,0.1875,1.0,0.9375,1.0,1.0,0.08352272727272728,0.2,0.21875,0.9142857142857143,1.0,1.0,1.0,0.08995655080213903,0.175,0.21875,0.8,1.0,1.0,1.0,0.08995655080213903,0.15555555555555556,0.21875,0.7111111111111111,1.0,1.0,1.0,0.08995655080213903,0.14,0.21875,0.64,1.0,1.0,1.0,0.08995655080213903,distilroberta-dj_adpt,0,webtable-v2v-v=12-distilroberta-dj_adpt~qwen3_8b-dj_adpt
fifa_ranking.pq::country_full,1.0,0.03333333333333333,1.0,0.03333333333333333,1.0,1.0,0.03333333333333333,0.6,0.1,1.0,0.16666666666666666,1.0,1.0,0.08666666666666667,0.5,0.16666666666666666,1.0,0.3333333333333333,1.0,1.0,0.12555555555555556,0.4,0.2,1.0,0.5,1.0,1.0,0.14222222222222222,0.45,0.3,1.0,0.6666666666666666,1.0,1.0,0.18828130374957,0.4,0.3333333333333333,1.0,0.8333333333333334,1.0,1.0,0.20343281890108514,0.36666666666666664,0.36666666666666664,1.0,1.0,1.0,1.0,0.21607649706200469,0.3142857142857143,0.36666666666666664,0.8571428571428571,1.0,1.0,1.0,0.21607649706200469,0.275,0.36666666666666664,0.75,1.0,1.0,1.0,0.21607649706200469,0.26666666666666666,0.4,0.6666666666666666,1.0,1.0,1.0,0.2256003065858142,0.24,0.4,0.6,1.0,1.0,1.0,0.2256003065858142,distilroberta-dj_adpt,0,webtable-v2v-v=12-distilroberta-dj_adpt~qwen3_8b-dj_adpt
countries_of_the_world.pq::Country,1.0,0.03333333333333333,1.0,0.03333333333333333,1.0,1.0,0.03333333333333333,0.6,0.1,1.0,0.16666666666666666,1.0,1.0,0.08666666666666667,0.4,0.13333333333333333,1.0,0.3333333333333333,1.0,1.0,0.10148148148148148,0.4,0.2,1.0,0.5,1.0,1.0,0.12996632996632995,0.45,0.3,1.0,0.6666666666666666,1.0,1.0,0.17515395179868865,0.36,0.3,1.0,0.8333333333333334,1.0,1.0,0.17515395179868865,0.36666666666666664,0.36666666666666664,1.0,1.0,1.0,1.0,0.19928093592567278,0.3142857142857143,0.36666666666666664,0.8571428571428571,1.0,1.0,1.0,0.19928093592567278,0.275,0.36666666666666664,0.75,1.0,1.0,1.0,0.19928093592567278,0.26666666666666666,0.4,0.6666666666666666,1.0,1.0,1.0,0.20903703348664837,0.24,0.4,0.6,1.0,1.0,1.0,0.20903703348664837,distilroberta-dj_adpt,0,webtable-v2v-v=12-distilroberta-dj_adpt~qwen3_8b-dj_adpt
pte_ketone.pq::Arg0,0.0,0.0,1.0,0.03125,0.0,0.0,0.0,0.0,0.0,1.0,0.15625,0.0,0.0,0.0,0.0,0.0,1.0,0.3125,0.0,0.0,0.0,0.0,0.0,1.0,0.46875,0.0,0.0,0.0,0.0,0.0,1.0,0.625,0.0,0.0,0.0,0.0,0.0,1.0,0.78125,0.0,0.0,0.0,0.0,0.0,1.0,0.9375,0.0,0.0,0.0,0.0,0.0,0.9142857142857143,1.0,0.0,0.0,0.0,0.0,0.0,0.8,1.0,0.0,0.0,0.0,0.0,0.0,0.7111111111111111,1.0,0.0,0.0,0.0,0.0,0.0,0.64,1.0,0.0,0.0,0.0,distilroberta-dj_adpt,0,webtable-v2v-v=12-distilroberta-dj_adpt~qwen3_8b-dj_adpt
who_suicide_statistics.pq::country,1.0,0.03333333333333333,1.0,0.03333333333333333,1.0,1.0,0.03333333333333333,0.6,0.1,1.0,0.16666666666666666,1.0,1.0,0.09166666666666666,0.5,0.16666666666666666,1.0,0.3333333333333333,1.0,1.0,0.1376984126984127,0.4,0.2,1.0,0.5,1.0,1.0,0.15308302808302807,0.35,0.23333333333333334,1.0,0.6666666666666666,1.0,1.0,0.16604599104599105,0.28,0.23333333333333334,1.0,0.8333333333333334,1.0,1.0,0.16604599104599105,0.26666666666666666,0.26666666666666666,1.0,1.0,1.0,1.0,0.17493487993487994,0.2571428571428571,0.3,0.8571428571428571,1.0,1.0,1.0,0.18375840934664464,0.225,0.3,0.75,1.0,1.0,1.0,0.18375840934664464,0.2,0.3,0.6666666666666666,1.0,1.0,1.0,0.18375840934664464,0.2,0.3333333333333333,0.6,1.0,1.0,1.0,0.19070285379108906,distilroberta-dj_adpt,0,webtable-v2v-v=12-distilroberta-dj_adpt~qwen3_8b-dj_adpt
UKDebate.pq::country,0.0,0.0,1.0,0.03333333333333333,0.0,0.0,0.0,0.0,0.0,1.0,0.16666666666666666,0.0,0.0,0.0,0.0,0.0,1.0,0.3333333333333333,0.0,0.0,0.0,0.0,0.0,1.0,0.5,0.0,0.0,0.0,0.0,0.0,1.0,0.6666666666666666,0.0,0.0,0.0,0.0,0.0,1.0,0.8333333333333334,0.0,0.0,0.0,0.0,0.0,1.0,1.0,0.0,0.0,0.0,0.0,0.0,0.8571428571428571,1.0,0.0,0.0,0.0,0.025,0.03333333333333333,0.75,1.0,1.0,0.025,0.0008333333333333334,0.022222222222222223,0.03333333333333333,0.6666666666666666,1.0,1.0,0.025,0.0008333333333333334,0.02,0.03333333333333333,0.6,1.0,1.0,0.025,0.0008333333333333334,distilroberta-dj_adpt,0,webtable-v2v-v=12-distilroberta-dj_adpt~qwen3_8b-dj_adpt
World_countries_env_vars.pq::Country,1.0,0.03333333333333333,1.0,0.03333333333333333,1.0,1.0,0.03333333333333333,0.6,0.1,1.0,0.16666666666666666,1.0,1.0,0.08666666666666667,0.5,0.16666666666666666,1.0,0.3333333333333333,1.0,1.0,0.12423280423280424,0.5333333333333333,0.26666666666666666,1.0,0.5,1.0,1.0,0.17406186406186405,0.4,0.26666666666666666,1.0,0.6666666666666666,1.0,1.0,0.17406186406186405,0.36,0.3,1.0,0.8333333333333334,1.0,1.0,0.18710534232273363,0.3,0.3,1.0,1.0,1.0,1.0,0.18710534232273363,0.3142857142857143,0.36666666666666664,0.8571428571428571,1.0,1.0,1.0,0.2076825428999342,0.3,0.4,0.75,1.0,1.0,1.0,0.2187936540110453,0.26666666666666666,0.4,0.6666666666666666,1.0,1.0,1.0,0.2187936540110453,0.24,0.4,0.6,1.0,1.0,1.0,0.2187936540110453,distilroberta-dj_adpt,0,webtable-v2v-v=12-distilroberta-dj_adpt~qwen3_8b-dj_adpt
USA_cars_datasets.pq::country,0.0,0.0,1.0,0.03333333333333333,0.0,0.0,0.0,0.0,0.0,1.0,0.16666666666666666,0.0,0.0,0.0,0.0,0.0,1.0,0.3333333333333333,0.0,0.0,0.0,0.06666666666666667,0.03333333333333333,1.0,0.5,1.0,0.06666666666666667,0.0022222222222222222,0.05,0.03333333333333333,1.0,0.6666666666666666,1.0,0.06666666666666667,0.0022222222222222222,0.04,0.03333333333333333,1.0,0.8333333333333334,1.0,0.06666666666666667,0.0022222222222222222,0.03333333333333333,0.03333333333333333,1.0,1.0,1.0,0.06666666666666667,0.0022222222222222222,0.02857142857142857,0.03333333333333333,0.8571428571428571,1.0,1.0,0.06666666666666667,0.0022222222222222222,0.025,0.03333333333333333,0.75,1.0,1.0,0.06666666666666667,0.0022222222222222222,0.022222222222222223,0.03333333333333333,0.6666666666666666,1.0,1.0,0.06666666666666667,0.0022222222222222222,0.02,0.03333333333333333,0.6,1.0,1.0,0.06666666666666667,0.0022222222222222222,distilroberta-dj_adpt,0,webtable-v2v-v=12-distilroberta-dj_adpt~qwen3_8b-dj_adpt
netflix_titles.pq::country,0.0,0.0,1.0,0.03333333333333333,0.0,0.0,0.0,0.2,0.03333333333333333,1.0,0.16666666666666666,1.0,0.5,0.016666666666666666,0.3,0.1,1.0,0.3333333333333333,1.0,0.5,0.04206349206349206,0.26666666666666666,0.13333333333333333,1.0,0.5,1.0,0.5,0.051587301587301584,0.3,0.2,1.0,0.6666666666666666,1.0,0.5,0.07253028404344193,0.28,0.23333333333333334,1.0,0.8333333333333334,1.0,0.5,0.08225250626566415,0.23333333333333334,0.23333333333333334,1.0,1.0,1.0,0.5,0.08225250626566415,0.2,0.23333333333333334,0.8571428571428571,1.0,1.0,0.5,0.08225250626566415,0.25,0.3333333333333333,0.75,1.0,1.0,0.5,0.10568778364830995,0.24444444444444444,0.36666666666666664,0.6666666666666666,1.0,1.0,0.5,0.11463087307920428,0.22,0.36666666666666664,0.6,1.0,1.0,0.5,0.11463087307920428,distilroberta-dj_adpt,0,webtable-v2v-v=12-distilroberta-dj_adpt~qwen3_8b-dj_adpt
pte_ames.pq::Arg0,1.0,0.03125,1.0,0.03125,1.0,1.0,0.03125,0.8,0.125,1.0,0.15625,1.0,1.0,0.1109375,0.7,0.21875,1.0,0.3125,1.0,1.0,0.19110863095238095,0.5333333333333333,0.25,1.0,0.46875,1.0,1.0,0.2119419642857143,0.4,0.25,1.0,0.625,1.0,1.0,0.2119419642857143,0.32,0.25,1.0,0.78125,1.0,1.0,0.2119419642857143,0.26666666666666666,0.25,1.0,0.9375,1.0,1.0,0.2119419642857143,0.22857142857142856,0.25,0.9142857142857143,1.0,1.0,1.0,0.2119419642857143,0.2,0.25,0.8,1.0,1.0,1.0,0.2119419642857143,0.17777777777777778,0.25,0.7111111111111111,1.0,1.0,1.0,0.2119419642857143,0.18,0.28125,0.64,1.0,1.0,1.0,0.2178013392857143,distilroberta-dj_adpt,0,webtable-v2v-v=12-distilroberta-dj_adpt~qwen3_8b-dj_adpt
movie_metadata.pq::country,1.0,0.03333333333333333,1.0,0.03333333333333333,1.0,1.0,0.03333333333333333,0.2,0.03333333333333333,1.0,0.16666666666666666,1.0,1.0,0.03333333333333333,0.2,0.06666666666666667,1.0,0.3333333333333333,1.0,1.0,0.04444444444444444,0.13333333333333333,0.06666666666666667,1.0,0.5,1.0,1.0,0.04444444444444444,0.15,0.1,1.0,0.6666666666666666,1.0,1.0,0.049444444444444444,0.16,0.13333333333333333,1.0,0.8333333333333334,1.0,1.0,0.05477777777777778,0.13333333333333333,0.13333333333333333,1.0,1.0,1.0,1.0,0.05477777777777778,0.11428571428571428,0.13333333333333333,0.8571428571428571,1.0,1.0,1.0,0.05477777777777778,0.1,0.13333333333333333,0.75,1.0,1.0,1.0,0.05477777777777778,0.08888888888888889,0.13333333333333333,0.6666666666666666,1.0,1.0,1.0,0.05477777777777778,0.08,0.13333333333333333,0.6,1.0,1.0,1.0,0.05477777777777778,distilroberta-dj_adpt,0,webtable-v2v-v=12-distilroberta-dj_adpt~qwen3_8b-dj_adpt
world_country.pq::LocalName,1.0,0.034482758620689655,1.0,0.034482758620689655,1.0,1.0,0.034482758620689655,0.2,0.034482758620689655,1.0,0.1724137931034483,1.0,1.0,0.034482758620689655,0.2,0.06896551724137931,1.0,0.3448275862068966,1.0,1.0,0.0421455938697318,0.3333333333333333,0.1724137931034483,1.0,0.5172413793103449,1.0,1.0,0.07365431503362538,0.25,0.1724137931034483,1.0,0.6896551724137931,1.0,1.0,0.07365431503362538,0.2,0.1724137931034483,1.0,0.8620689655172413,1.0,1.0,0.07365431503362538,0.16666666666666666,0.1724137931034483,0.9666666666666667,1.0,1.0,1.0,0.07365431503362538,0.14285714285714285,0.1724137931034483,0.8285714285714286,1.0,1.0,1.0,0.07365431503362538,0.125,0.1724137931034483,0.725,1.0,1.0,1.0,0.07365431503362538,0.1111111111111111,0.1724137931034483,0.6444444444444445,1.0,1.0,1.0,0.07365431503362538,0.1,0.1724137931034483,0.58,1.0,1.0,1.0,0.07365431503362538,distilroberta-dj_adpt,0,webtable-v2v-v=12-distilroberta-dj_adpt~qwen3_8b-dj_adpt
countries_metadatacountries.pq::CountryName,1.0,0.03333333333333333,1.0,0.03333333333333333,1.0,1.0,0.03333333333333333,1.0,0.16666666666666666,1.0,0.16666666666666666,1.0,1.0,0.16666666666666666,0.9,0.3,1.0,0.3333333333333333,1.0,1.0,0.3,0.6,0.3,1.0,0.5,1.0,1.0,0.3,0.5,0.3333333333333333,1.0,0.6666666666666666,1.0,1.0,0.3196078431372549,0.44,0.36666666666666664,1.0,0.8333333333333334,1.0,1.0,0.33706816059757233,0.36666666666666664,0.36666666666666664,1.0,1.0,1.0,1.0,0.33706816059757233,0.3142857142857143,0.36666666666666664,0.8571428571428571,1.0,1.0,1.0,0.33706816059757233,0.325,0.43333333333333335,0.75,1.0,1.0,1.0,0.3589900825194943,0.3111111111111111,0.4666666666666667,0.6666666666666666,1.0,1.0,1.0,0.36936045288986463,0.28,0.4666666666666667,0.6,1.0,1.0,1.0,0.36936045288986463,distilroberta-dj_adpt,0,webtable-v2v-v=12-distilroberta-dj_adpt~qwen3_8b-dj_adpt
pte_postestactive_neg.pq::Arg0,1.0,0.03125,1.0,0.03125,1.0,1.0,0.03125,0.6,0.09375,1.0,0.15625,1.0,1.0,0.09375,0.3,0.09375,1.0,0.3125,1.0,1.0,0.09375,0.2,0.09375,1.0,0.46875,1.0,1.0,0.09375,0.15,0.09375,1.0,0.625,1.0,1.0,0.09375,0.12,0.09375,1.0,0.78125,1.0,1.0,0.09375,0.13333333333333333,0.125,1.0,0.9375,1.0,1.0,0.0980603448275862,0.11428571428571428,0.125,0.9142857142857143,1.0,1.0,1.0,0.0980603448275862,0.1,0.125,0.8,1.0,1.0,1.0,0.0980603448275862,0.08888888888888889,0.125,0.7111111111111111,1.0,1.0,1.0,0.0980603448275862,0.08,0.125,0.64,1.0,1.0,1.0,0.0980603448275862,distilroberta-dj_adpt,0,webtable-v2v-v=12-distilroberta-dj_adpt~qwen3_8b-dj_adpt
pte_alkyl_halide.pq::Arg0,0.0,0.0,1.0,0.03125,0.0,0.0,0.0,0.2,0.03125,1.0,0.15625,1.0,0.5,0.015625,0.1,0.03125,1.0,0.3125,1.0,0.5,0.015625,0.13333333333333333,0.0625,1.0,0.46875,1.0,0.5,0.021306818181818184,0.15,0.09375,1.0,0.625,1.0,0.5,0.026821524064171123,0.12,0.09375,1.0,0.78125,1.0,0.5,0.026821524064171123,0.1,0.09375,1.0,0.9375,1.0,0.5,0.026821524064171123,0.11428571428571428,0.125,0.9142857142857143,1.0,1.0,0.5,0.030392952635599695,0.125,0.15625,0.8,1.0,1.0,0.5,0.034733230413377475,0.13333333333333333,0.1875,0.7111111111111111,1.0,1.0,0.5,0.03930640114508479,0.14,0.21875,0.64,1.0,1.0,0.5,0.04396065646423373,distilroberta-dj_adpt,0,webtable-v2v-v=12-distilroberta-dj_adpt~qwen3_8b-dj_adpt
pte_testactive.pq::Arg0,1.0,0.03125,1.0,0.03125,1.0,1.0,0.03125,0.6,0.09375,1.0,0.15625,1.0,1.0,0.09375,0.3,0.09375,1.0,0.3125,1.0,1.0,0.09375,0.2,0.09375,1.0,0.46875,1.0,1.0,0.09375,0.15,0.09375,1.0,0.625,1.0,1.0,0.09375,0.12,0.09375,1.0,0.78125,1.0,1.0,0.09375,0.13333333333333333,0.125,1.0,0.9375,1.0,1.0,0.09791666666666667,0.11428571428571428,0.125,0.9142857142857143,1.0,1.0,1.0,0.09791666666666667,0.1,0.125,0.8,1.0,1.0,1.0,0.09791666666666667,0.08888888888888889,0.125,0.7111111111111111,1.0,1.0,1.0,0.09791666666666667,0.08,0.125,0.64,1.0,1.0,1.0,0.09791666666666667,distilroberta-dj_adpt,0,webtable-v2v-v=12-distilroberta-dj_adpt~qwen3_8b-dj_adpt
hfi_cc_2018.pq::countries,1.0,0.03333333333333333,1.0,0.03333333333333333,1.0,1.0,0.03333333333333333,1.0,0.16666666666666666,1.0,0.16666666666666666,1.0,1.0,0.16666666666666666,0.9,0.3,1.0,0.3333333333333333,1.0,1.0,0.2966666666666667,0.6666666666666666,0.3333333333333333,1.0,0.5,1.0,1.0,0.3188888888888889,0.5,0.3333333333333333,1.0,0.6666666666666666,1.0,1.0,0.3188888888888889,0.4,0.3333333333333333,1.0,0.8333333333333334,1.0,1.0,0.3188888888888889,0.36666666666666664,0.36666666666666664,1.0,1.0,1.0,1.0,0.3324691358024692,0.3142857142857143,0.36666666666666664,0.8571428571428571,1.0,1.0,1.0,0.3324691358024692,0.275,0.36666666666666664,0.75,1.0,1.0,1.0,0.3324691358024692,0.26666666666666666,0.4,0.6666666666666666,1.0,1.0,1.0,0.34199294532627866,0.26,0.43333333333333335,0.6,1.0,1.0,1.0,0.3506596119929453,distilroberta-dj_adpt,0,webtable-v2v-v=12-distilroberta-dj_adpt~qwen3_8b-dj_adpt
wikipedia-iso-country-codes.pq::English_short_name_lower_case,1.0,0.03333333333333333,1.0,0.03333333333333333,1.0,1.0,0.03333333333333333,0.6,0.1,1.0,0.16666666666666666,1.0,1.0,0.08055555555555555,0.6,0.2,1.0,0.3333333333333333,1.0,1.0,0.1488095238095238,0.4,0.2,1.0,0.5,1.0,1.0,0.1488095238095238,0.35,0.23333333333333334,1.0,0.6666666666666666,1.0,1.0,0.16339285714285715,0.28,0.23333333333333334,1.0,0.8333333333333334,1.0,1.0,0.16339285714285715,0.26666666666666666,0.26666666666666666,1.0,1.0,1.0,1.0,0.17228174603174604,0.2857142857142857,0.3333333333333333,0.8571428571428571,1.0,1.0,1.0,0.19206017548759483,0.3,0.4,0.75,1.0,1.0,1.0,0.21196570855102262,0.3111111111111111,0.4666666666666667,0.6666666666666666,1.0,1.0,1.0,0.23288922947454355,0.32,0.5333333333333333,0.6,1.0,1.0,1.0,0.2551063124224313,distilroberta-dj_adpt,0,webtable-v2v-v=12-distilroberta-dj_adpt~qwen3_8b-dj_adpt
affirmative_asylum.pq::ContinentCountryofNationality,1.0,0.03125,1.0,0.03125,1.0,1.0,0.03125,0.6,0.09375,1.0,0.15625,1.0,1.0,0.09375,0.5,0.15625,1.0,0.3125,1.0,1.0,0.13411458333333334,0.4,0.1875,1.0,0.46875,1.0,1.0,0.14973958333333334,0.35,0.21875,1.0,0.625,1.0,1.0,0.16260723039215685,0.32,0.25,1.0,0.78125,1.0,1.0,0.17302389705882354,0.3,0.28125,1.0,0.9375,1.0,1.0,0.1827221729208925,0.2857142857142857,0.3125,0.9142857142857143,1.0,1.0,1.0,0.19165074434946391,0.3,0.375,0.8,1.0,1.0,1.0,0.2110677765132066,0.3111111111111111,0.4375,0.7111111111111111,1.0,1.0,1.0,0.2304586327499931,0.3,0.46875,0.64,1.0,1.0,1.0,0.24064885014129742,distilroberta-dj_adpt,0,webtable-v2v-v=12-distilroberta-dj_adpt~qwen3_8b-dj_adpt
countries_and_continents.pq::name,0.0,0.0,1.0,0.037037037037037035,0.0,0.0,0.0,0.2,0.037037037037037035,1.0,0.18518518518518517,1.0,0.2,0.007407407407407408,0.2,0.07407407407407407,1.0,0.37037037037037035,1.0,0.2,0.016666666666666666,0.2,0.1111111111111111,1.0,0.5555555555555556,1.0,0.2,0.024074074074074074,0.2,0.14814814814814814,1.0,0.7407407407407407,1.0,0.2,0.03333333333333333,0.16,0.14814814814814814,1.0,0.9259259259259259,1.0,0.2,0.03333333333333333,0.16666666666666666,0.18518518518518517,0.9,1.0,1.0,0.2,0.039947089947089946,0.14285714285714285,0.18518518518518517,0.7714285714285715,1.0,1.0,0.2,0.039947089947089946,0.125,0.18518518518518517,0.675,1.0,1.0,0.2,0.039947089947089946,0.13333333333333333,0.2222222222222222,0.6,1.0,1.0,0.2,0.04536714414763195,0.14,0.25925925925925924,0.54,1.0,1.0,0.2,0.051003215001094115,distilroberta-dj_adpt,0,webtable-v2v-v=12-distilroberta-dj_adpt~qwen3_8b-dj_adpt
pte_postestactive.pq::Arg0,0.0,0.0,1.0,0.03125,0.0,0.0,0.0,0.0,0.0,1.0,0.15625,0.0,0.0,0.0,0.0,0.0,1.0,0.3125,0.0,0.0,0.0,0.0,0.0,1.0,0.46875,0.0,0.0,0.0,0.0,0.0,1.0,0.625,0.0,0.0,0.0,0.0,0.0,1.0,0.78125,0.0,0.0,0.0,0.0,0.0,1.0,0.9375,0.0,0.0,0.0,0.0,0.0,0.9142857142857143,1.0,0.0,0.0,0.0,0.0,0.0,0.8,1.0,0.0,0.0,0.0,0.0,0.0,0.7111111111111111,1.0,0.0,0.0,0.0,0.0,0.0,0.64,1.0,0.0,0.0,0.0,distilroberta-dj_adpt,0,webtable-v2v-v=12-distilroberta-dj_adpt~qwen3_8b-dj_adpt
pte_five_ring.pq::Arg0,0.0,0.0,1.0,0.03125,0.0,0.0,0.0,0.4,0.0625,1.0,0.15625,1.0,0.25,0.0203125,0.4,0.125,1.0,0.3125,1.0,0.25,0.05379464285714286,0.26666666666666666,0.125,1.0,0.46875,1.0,0.25,0.05379464285714286,0.2,0.125,1.0,0.625,1.0,0.25,0.05379464285714286,0.16,0.125,1.0,0.78125,1.0,0.25,0.05379464285714286,0.13333333333333333,0.125,1.0,0.9375,1.0,0.25,0.05379464285714286,0.11428571428571428,0.125,0.9142857142857143,1.0,1.0,0.25,0.05379464285714286,0.1,0.125,0.8,1.0,1.0,0.25,0.05379464285714286,0.08888888888888889,0.125,0.7111111111111111,1.0,1.0,0.25,0.05379464285714286,0.08,0.125,0.64,1.0,1.0,0.25,0.05379464285714286,distilroberta-dj_adpt,0,webtable-v2v-v=12-distilroberta-dj_adpt~qwen3_8b-dj_adpt
MoviesOnStreamingPlatforms_updated.pq::Country,0.0,0.0,1.0,0.03333333333333333,0.0,0.0,0.0,0.0,0.0,1.0,0.16666666666666666,0.0,0.0,0.0,0.0,0.0,1.0,0.3333333333333333,0.0,0.0,0.0,0.06666666666666667,0.03333333333333333,1.0,0.5,1.0,0.07692307692307693,0.002564102564102564,0.05,0.03333333333333333,1.0,0.6666666666666666,1.0,0.07692307692307693,0.002564102564102564,0.04,0.03333333333333333,1.0,0.8333333333333334,1.0,0.07692307692307693,0.002564102564102564,0.06666666666666667,0.06666666666666667,1.0,1.0,1.0,0.07692307692307693,0.004945054945054945,0.05714285714285714,0.06666666666666667,0.8571428571428571,1.0,1.0,0.07692307692307693,0.004945054945054945,0.075,0.1,0.75,1.0,1.0,0.07692307692307693,0.007509157509157509,0.06666666666666667,0.1,0.6666666666666666,1.0,1.0,0.07692307692307693,0.007509157509157509,0.08,0.13333333333333333,0.6,1.0,1.0,0.07692307692307693,0.010175824175824176,distilroberta-dj_adpt,0,webtable-v2v-v=12-distilroberta-dj_adpt~qwen3_8b-dj_adpt
pte_amine.pq::Arg0,1.0,0.03125,1.0,0.03125,1.0,1.0,0.03125,0.8,0.125,1.0,0.15625,1.0,1.0,0.1109375,0.9,0.28125,1.0,0.3125,1.0,1.0,0.24701140873015873,0.7333333333333333,0.34375,1.0,0.46875,1.0,1.0,0.29224950396825394,0.55,0.34375,1.0,0.625,1.0,1.0,0.29224950396825394,0.44,0.34375,1.0,0.78125,1.0,1.0,0.29224950396825394,0.36666666666666664,0.34375,1.0,0.9375,1.0,1.0,0.29224950396825394,0.3142857142857143,0.34375,0.9142857142857143,1.0,1.0,1.0,0.29224950396825394,0.275,0.34375,0.8,1.0,1.0,1.0,0.29224950396825394,0.24444444444444444,0.34375,0.7111111111111111,1.0,1.0,1.0,0.29224950396825394,0.22,0.34375,0.64,1.0,1.0,1.0,0.29224950396825394,distilroberta-dj_adpt,0,webtable-v2v-v=12-distilroberta-dj_adpt~qwen3_8b-dj_adpt
AdventureWorks2014_salesTerritory.pq::Name,0.0,0.0,1.0,0.03333333333333333,0.0,0.0,0.0,0.0,0.0,1.0,0.16666666666666666,0.0,0.0,0.0,0.0,0.0,1.0,0.3333333333333333,0.0,0.0,0.0,0.0,0.0,1.0,0.5,0.0,0.0,0.0,0.0,0.0,1.0,0.6666666666666666,0.0,0.0,0.0,0.0,0.0,1.0,0.8333333333333334,0.0,0.0,0.0,0.0,0.0,1.0,1.0,0.0,0.0,0.0,0.0,0.0,0.8571428571428571,1.0,0.0,0.0,0.0,0.0,0.0,0.75,1.0,0.0,0.0,0.0,0.0,0.0,0.6666666666666666,1.0,0.0,0.0,0.0,0.0,0.0,0.6,1.0,0.0,0.0,0.0,distilroberta-dj_adpt,0,webtable-v2v-v=12-distilroberta-dj_adpt~qwen3_8b-dj_adpt
whr2015.pq::Country,1.0,0.03333333333333333,1.0,0.03333333333333333,1.0,1.0,0.03333333333333333,1.0,0.16666666666666666,1.0,0.16666666666666666,1.0,1.0,0.16666666666666666,0.8,0.26666666666666666,1.0,0.3333333333333333,1.0,1.0,0.2587962962962963,0.6666666666666666,0.3333333333333333,1.0,0.5,1.0,1.0,0.3138468013468013,0.5,0.3333333333333333,1.0,0.6666666666666666,1.0,1.0,0.3138468013468013,0.4,0.3333333333333333,1.0,0.8333333333333334,1.0,1.0,0.3138468013468013,0.36666666666666664,0.36666666666666664,1.0,1.0,1.0,1.0,0.3264904795077209,0.3142857142857143,0.36666666666666664,0.8571428571428571,1.0,1.0,1.0,0.3264904795077209,0.325,0.43333333333333335,0.75,1.0,1.0,1.0,0.34813462365186504,0.28888888888888886,0.43333333333333335,0.6666666666666666,1.0,1.0,1.0,0.34813462365186504,0.26,0.43333333333333335,0.6,1.0,1.0,1.0,0.34813462365186504,distilroberta-dj_adpt,0,webtable-v2v-v=12-distilroberta-dj_adpt~qwen3_8b-dj_adpt
countries_and_continents.pq::official_name_fr,1.0,0.037037037037037035,1.0,0.037037037037037035,1.0,1.0,0.037037037037037035,0.6,0.1111111111111111,1.0,0.18518518518518517,1.0,1.0,0.1111111111111111,0.5,0.18518518518518517,1.0,0.37037037037037035,1.0,1.0,0.16225749559082894,0.4,0.2222222222222222,1.0,0.5555555555555556,1.0,1.0,0.1781305114638448,0.35,0.25925925925925924,1.0,0.7407407407407407,1.0,1.0,0.19433421516754848,0.32,0.2962962962962963,1.0,0.9259259259259259,1.0,1.0,0.20667989417989416,0.26666666666666666,0.2962962962962963,0.9,1.0,1.0,1.0,0.20667989417989416,0.22857142857142856,0.2962962962962963,0.7714285714285715,1.0,1.0,1.0,0.20667989417989416,0.225,0.3333333333333333,0.675,1.0,1.0,1.0,0.2154518240044556,0.2,0.3333333333333333,0.6,1.0,1.0,1.0,0.2154518240044556,0.18,0.3333333333333333,0.54,1.0,1.0,1.0,0.2154518240044556,distilroberta-dj_adpt,0,webtable-v2v-v=12-distilroberta-dj_adpt~qwen3_8b-dj_adpt
pte_has_property.pq::Arg0,1.0,0.03125,1.0,0.03125,1.0,1.0,0.03125,1.0,0.15625,1.0,0.15625,1.0,1.0,0.15625,0.8,0.25,1.0,0.3125,1.0,1.0,0.2353794642857143,0.6,0.28125,1.0,0.46875,1.0,1.0,0.25546875,0.45,0.28125,1.0,0.625,1.0,1.0,0.25546875,0.36,0.28125,1.0,0.78125,1.0,1.0,0.25546875,0.3,0.28125,1.0,0.9375,1.0,1.0,0.25546875,0.3142857142857143,0.34375,0.9142857142857143,1.0,1.0,1.0,0.27565968927893736,0.275,0.34375,0.8,1.0,1.0,1.0,0.27565968927893736,0.24444444444444444,0.34375,0.7111111111111111,1.0,1.0,1.0,0.27565968927893736,0.22,0.34375,0.64,1.0,1.0,1.0,0.27565968927893736,distilroberta-dj_adpt,0,webtable-v2v-v=12-distilroberta-dj_adpt~qwen3_8b-dj_adpt
cwurData.pq::country,0.0,0.0,1.0,0.03333333333333333,0.0,0.0,0.0,0.2,0.03333333333333333,1.0,0.16666666666666666,1.0,0.2,0.006666666666666667,0.1,0.03333333333333333,1.0,0.3333333333333333,1.0,0.2,0.006666666666666667,0.06666666666666667,0.03333333333333333,1.0,0.5,1.0,0.2,0.006666666666666667,0.05,0.03333333333333333,1.0,0.6666666666666666,1.0,0.2,0.006666666666666667,0.04,0.03333333333333333,1.0,0.8333333333333334,1.0,0.2,0.006666666666666667,0.03333333333333333,0.03333333333333333,1.0,1.0,1.0,0.2,0.006666666666666667,0.02857142857142857,0.03333333333333333,0.8571428571428571,1.0,1.0,0.2,0.006666666666666667,0.025,0.03333333333333333,0.75,1.0,1.0,0.2,0.006666666666666667,0.022222222222222223,0.03333333333333333,0.6666666666666666,1.0,1.0,0.2,0.006666666666666667,0.02,0.03333333333333333,0.6,1.0,1.0,0.2,0.006666666666666667,mini_l12-dj_adpt,1,webtable-v2v-v=12-distilroberta-dj_adpt~qwen3_8b-dj_adpt
countries_and_continents.pq::ISO4217-currency_country_name,1.0,0.037037037037037035,1.0,0.037037037037037035,1.0,1.0,0.037037037037037035,0.4,0.07407407407407407,1.0,0.18518518518518517,1.0,1.0,0.06172839506172839,0.2,0.07407407407407407,1.0,0.37037037037037035,1.0,1.0,0.06172839506172839,0.26666666666666666,0.14814814814814814,1.0,0.5555555555555556,1.0,1.0,0.08241141574474907,0.2,0.14814814814814814,1.0,0.7407407407407407,1.0,1.0,0.08241141574474907,0.16,0.14814814814814814,1.0,0.9259259259259259,1.0,1.0,0.08241141574474907,0.13333333333333333,0.14814814814814814,0.9,1.0,1.0,1.0,0.08241141574474907,0.11428571428571428,0.14814814814814814,0.7714285714285715,1.0,1.0,1.0,0.08241141574474907,0.1,0.14814814814814814,0.675,1.0,1.0,1.0,0.08241141574474907,0.08888888888888889,0.14814814814814814,0.6,1.0,1.0,1.0,0.08241141574474907,0.1,0.18518518518518517,0.54,1.0,1.0,1.0,0.08643718064007919,mini_l12-dj_adpt,1,webtable-v2v-v=12-distilroberta-dj_adpt~qwen3_8b-dj_adpt
pte_imine.pq::Arg0,1.0,0.03125,1.0,0.03125,1.0,1.0,0.03125,0.8,0.125,1.0,0.15625,1.0,1.0,0.125,0.4,0.125,1.0,0.3125,1.0,1.0,0.125,0.3333333333333333,0.15625,1.0,0.46875,1.0,1.0,0.13616071428571427,0.25,0.15625,1.0,0.625,1.0,1.0,0.13616071428571427,0.2,0.15625,1.0,0.78125,1.0,1.0,0.13616071428571427,0.16666666666666666,0.15625,1.0,0.9375,1.0,1.0,0.13616071428571427,0.14285714285714285,0.15625,0.9142857142857143,1.0,1.0,1.0,0.13616071428571427,0.125,0.15625,0.8,1.0,1.0,1.0,0.13616071428571427,0.1111111111111111,0.15625,0.7111111111111111,1.0,1.0,1.0,0.13616071428571427,0.1,0.15625,0.64,1.0,1.0,1.0,0.13616071428571427,mini_l12-dj_adpt,1,webtable-v2v-v=12-distilroberta-dj_adpt~qwen3_8b-dj_adpt
countries_and_continents.pq::official_name_en,0.0,0.0,1.0,0.037037037037037035,0.0,0.0,0.0,0.2,0.037037037037037035,1.0,0.18518518518518517,1.0,0.3333333333333333,0.012345679012345678,0.1,0.037037037037037035,1.0,0.37037037037037035,1.0,0.3333333333333333,0.012345679012345678,0.06666666666666667,0.037037037037037035,1.0,0.5555555555555556,1.0,0.3333333333333333,0.012345679012345678,0.05,0.037037037037037035,1.0,0.7407407407407407,1.0,0.3333333333333333,0.012345679012345678,0.04,0.037037037037037035,1.0,0.9259259259259259,1.0,0.3333333333333333,0.012345679012345678,0.06666666666666667,0.07407407407407407,0.9,1.0,1.0,0.3333333333333333,0.015194681861348527,0.05714285714285714,0.07407407407407407,0.7714285714285715,1.0,1.0,0.3333333333333333,0.015194681861348527,0.05,0.07407407407407407,0.675,1.0,1.0,0.3333333333333333,0.015194681861348527,0.044444444444444446,0.07407407407407407,0.6,1.0,1.0,0.3333333333333333,0.015194681861348527,0.04,0.07407407407407407,0.54,1.0,1.0,0.3333333333333333,0.015194681861348527,mini_l12-dj_adpt,1,webtable-v2v-v=12-distilroberta-dj_adpt~qwen3_8b-dj_adpt
world_country.pq::Name,1.0,0.034482758620689655,1.0,0.034482758620689655,1.0,1.0,0.034482758620689655,0.6,0.10344827586206896,1.0,0.1724137931034483,1.0,1.0,0.09482758620689655,0.3,0.10344827586206896,1.0,0.3448275862068966,1.0,1.0,0.09482758620689655,0.26666666666666666,0.13793103448275862,1.0,0.5172413793103449,1.0,1.0,0.10736677115987461,0.2,0.13793103448275862,1.0,0.6896551724137931,1.0,1.0,0.10736677115987461,0.2,0.1724137931034483,1.0,0.8620689655172413,1.0,1.0,0.11426332288401253,0.16666666666666666,0.1724137931034483,0.9666666666666667,1.0,1.0,1.0,0.11426332288401253,0.14285714285714285,0.1724137931034483,0.8285714285714286,1.0,1.0,1.0,0.11426332288401253,0.125,0.1724137931034483,0.725,1.0,1.0,1.0,0.11426332288401253,0.1111111111111111,0.1724137931034483,0.6444444444444445,1.0,1.0,1.0,0.11426332288401253,0.1,0.1724137931034483,0.58,1.0,1.0,1.0,0.11426332288401253,mini_l12-dj_adpt,1,webtable-v2v-v=12-distilroberta-dj_adpt~qwen3_8b-dj_adpt
pte_nitro.pq::Arg0,1.0,0.03125,1.0,0.03125,1.0,1.0,0.03125,1.0,0.15625,1.0,0.15625,1.0,1.0,0.15625,1.0,0.3125,1.0,0.3125,1.0,1.0,0.3125,0.7333333333333333,0.34375,1.0,0.46875,1.0,1.0,0.33705357142857145,0.55,0.34375,1.0,0.625,1.0,1.0,0.33705357142857145,0.44,0.34375,1.0,0.78125,1.0,1.0,0.33705357142857145,0.4,0.375,1.0,0.9375,1.0,1.0,0.3509424603174603,0.34285714285714286,0.375,0.9142857142857143,1.0,1.0,1.0,0.3509424603174603,0.3,0.375,0.8,1.0,1.0,1.0,0.3509424603174603,0.28888888888888886,0.40625,0.7111111111111111,1.0,1.0,1.0,0.3599702380952381,0.26,0.40625,0.64,1.0,1.0,1.0,0.3599702380952381,mini_l12-dj_adpt,1,webtable-v2v-v=12-distilroberta-dj_adpt~qwen3_8b-dj_adpt
pte_sulfide.pq::Arg0,1.0,0.03125,1.0,0.03125,1.0,1.0,0.03125,1.0,0.15625,1.0,0.15625,1.0,1.0,0.15625,0.7,0.21875,1.0,0.3125,1.0,1.0,0.21180555555555555,0.4666666666666667,0.21875,1.0,0.46875,1.0,1.0,0.21180555555555555,0.45,0.28125,1.0,0.625,1.0,1.0,0.24397467320261437,0.36,0.28125,1.0,0.78125,1.0,1.0,0.24397467320261437,0.3,0.28125,1.0,0.9375,1.0,1.0,0.24397467320261437,0.2571428571428571,0.28125,0.9142857142857143,1.0,1.0,1.0,0.24397467320261437,0.225,0.28125,0.8,1.0,1.0,1.0,0.24397467320261437,0.2222222222222222,0.3125,0.7111111111111111,1.0,1.0,1.0,0.25141514939309056,0.2,0.3125,0.64,1.0,1.0,1.0,0.25141514939309056,mini_l12-dj_adpt,1,webtable-v2v-v=12-distilroberta-dj_adpt~qwen3_8b-dj_adpt
pte_non_ar_hetero_6_ring.pq::Arg0,1.0,0.03125,1.0,0.03125,1.0,1.0,0.03125,1.0,0.15625,1.0,0.15625,1.0,1.0,0.15625,0.7,0.21875,1.0,0.3125,1.0,1.0,0.21875,0.5333333333333333,0.25,1.0,0.46875,1.0,1.0,0.24147727272727273,0.4,0.25,1.0,0.625,1.0,1.0,0.24147727272727273,0.32,0.25,1.0,0.78125,1.0,1.0,0.24147727272727273,0.26666666666666666,0.25,1.0,0.9375,1.0,1.0,0.24147727272727273,0.22857142857142856,0.25,0.9142857142857143,1.0,1.0,1.0,0.24147727272727273,0.2,0.25,0.8,1.0,1.0,1.0,0.24147727272727273,0.2222222222222222,0.3125,0.7111111111111111,1.0,1.0,1.0,0.25544114315916644,0.2,0.3125,0.64,1.0,1.0,1.0,0.25544114315916644,mini_l12-dj_adpt,1,webtable-v2v-v=12-distilroberta-dj_adpt~qwen3_8b-dj_adpt
Word_University_Rank_2020.pq::Country,0.0,0.0,1.0,0.03333333333333333,0.0,0.0,0.0,0.0,0.0,1.0,0.16666666666666666,0.0,0.0,0.0,0.0,0.0,1.0,0.3333333333333333,0.0,0.0,0.0,0.0,0.0,1.0,0.5,0.0,0.0,0.0,0.0,0.0,1.0,0.6666666666666666,0.0,0.0,0.0,0.0,0.0,1.0,0.8333333333333334,0.0,0.0,0.0,0.03333333333333333,0.03333333333333333,1.0,1.0,1.0,0.03571428571428571,0.0011904761904761904,0.02857142857142857,0.03333333333333333,0.8571428571428571,1.0,1.0,0.03571428571428571,0.0011904761904761904,0.05,0.06666666666666667,0.75,1.0,1.0,0.03571428571428571,0.003042328042328042,0.044444444444444446,0.06666666666666667,0.6666666666666666,1.0,1.0,0.03571428571428571,0.003042328042328042,0.04,0.06666666666666667,0.6,1.0,1.0,0.03571428571428571,0.003042328042328042,mini_l12-dj_adpt,1,webtable-v2v-v=12-distilroberta-dj_adpt~qwen3_8b-dj_adpt
gender_development.pq::Country,1.0,0.03333333333333333,1.0,0.03333333333333333,1.0,1.0,0.03333333333333333,0.2,0.03333333333333333,1.0,0.16666666666666666,1.0,1.0,0.03333333333333333,0.1,0.03333333333333333,1.0,0.3333333333333333,1.0,1.0,0.03333333333333333,0.06666666666666667,0.03333333333333333,1.0,0.5,1.0,1.0,0.03333333333333333,0.05,0.03333333333333333,1.0,0.6666666666666666,1.0,1.0,0.03333333333333333,0.04,0.03333333333333333,1.0,0.8333333333333334,1.0,1.0,0.03333333333333333,0.06666666666666667,0.06666666666666667,1.0,1.0,1.0,1.0,0.035897435897435895,0.05714285714285714,0.06666666666666667,0.8571428571428571,1.0,1.0,1.0,0.035897435897435895,0.05,0.06666666666666667,0.75,1.0,1.0,1.0,0.035897435897435895,0.044444444444444446,0.06666666666666667,0.6666666666666666,1.0,1.0,1.0,0.035897435897435895,0.04,0.06666666666666667,0.6,1.0,1.0,1.0,0.035897435897435895,mini_l12-dj_adpt,1,webtable-v2v-v=12-distilroberta-dj_adpt~qwen3_8b-dj_adpt
pte_testactive_Neg.pq::Arg0,1.0,0.03125,1.0,0.03125,1.0,1.0,0.03125,1.0,0.15625,1.0,0.15625,1.0,1.0,0.15625,0.9,0.28125,1.0,0.3125,1.0,1.0,0.278125,0.6666666666666666,0.3125,1.0,0.46875,1.0,1.0,0.3021634615384615,0.55,0.34375,1.0,0.625,1.0,1.0,0.31935096153846154,0.48,0.375,1.0,0.78125,1.0,1.0,0.3372081043956044,0.4,0.375,1.0,0.9375,1.0,1.0,0.3372081043956044,0.34285714285714286,0.375,0.9142857142857143,1.0,1.0,1.0,0.3372081043956044,0.3,0.375,0.8,1.0,1.0,1.0,0.3372081043956044,0.26666666666666666,0.375,0.7111111111111111,1.0,1.0,1.0,0.3372081043956044,0.26,0.40625,0.64,1.0,1.0,1.0,0.345851721416881,mini_l12-dj_adpt,1,webtable-v2v-v=12-distilroberta-dj_adpt~qwen3_8b-dj_adpt
edu.pq::country,0.0,0.0,1.0,0.03333333333333333,0.0,0.0,0.0,0.2,0.03333333333333333,1.0,0.16666666666666666,1.0,0.2,0.006666666666666667,0.1,0.03333333333333333,1.0,0.3333333333333333,1.0,0.2,0.006666666666666667,0.06666666666666667,0.03333333333333333,1.0,0.5,1.0,0.2,0.006666666666666667,0.1,0.06666666666666667,1.0,0.6666666666666666,1.0,0.2,0.010175438596491228,0.08,0.06666666666666667,1.0,0.8333333333333334,1.0,0.2,0.010175438596491228,0.1,0.1,1.0,1.0,1.0,0.2,0.014021592442645074,0.08571428571428572,0.1,0.8571428571428571,1.0,1.0,0.2,0.014021592442645074,0.075,0.1,0.75,1.0,1.0,0.2,0.014021592442645074,0.06666666666666667,0.1,0.6666666666666666,1.0,1.0,0.2,0.014021592442645074,0.06,0.1,0.6,1.0,1.0,0.2,0.014021592442645074,mini_l12-dj_adpt,1,webtable-v2v-v=12-distilroberta-dj_adpt~qwen3_8b-dj_adpt
AdventureWorks2014_CountryRegion.pq::Name,1.0,0.03333333333333333,1.0,0.03333333333333333,1.0,1.0,0.03333333333333333,0.6,0.1,1.0,0.16666666666666666,1.0,1.0,0.09166666666666666,0.3,0.1,1.0,0.3333333333333333,1.0,1.0,0.09166666666666666,0.2,0.1,1.0,0.5,1.0,1.0,0.09166666666666666,0.2,0.13333333333333333,1.0,0.6666666666666666,1.0,1.0,0.1,0.16,0.13333333333333333,1.0,0.8333333333333334,1.0,1.0,0.1,0.13333333333333333,0.13333333333333333,1.0,1.0,1.0,1.0,0.1,0.11428571428571428,0.13333333333333333,0.8571428571428571,1.0,1.0,1.0,0.1,0.125,0.16666666666666666,0.75,1.0,1.0,1.0,0.10438596491228071,0.1111111111111111,0.16666666666666666,0.6666666666666666,1.0,1.0,1.0,0.10438596491228071,0.1,0.16666666666666666,0.6,1.0,1.0,1.0,0.10438596491228071,mini_l12-dj_adpt,1,webtable-v2v-v=12-distilroberta-dj_adpt~qwen3_8b-dj_adpt
pte_methoxy.pq::Arg0,1.0,0.03125,1.0,0.03125,1.0,1.0,0.03125,1.0,0.15625,1.0,0.15625,1.0,1.0,0.15625,0.9,0.28125,1.0,0.3125,1.0,1.0,0.28125,0.7333333333333333,0.34375,1.0,0.46875,1.0,1.0,0.3302083333333333,0.55,0.34375,1.0,0.625,1.0,1.0,0.3302083333333333,0.44,0.34375,1.0,0.78125,1.0,1.0,0.3302083333333333,0.4,0.375,1.0,0.9375,1.0,1.0,0.34270833333333334,0.34285714285714286,0.375,0.9142857142857143,1.0,1.0,1.0,0.34270833333333334,0.3,0.375,0.8,1.0,1.0,1.0,0.34270833333333334,0.26666666666666666,0.375,0.7111111111111111,1.0,1.0,1.0,0.34270833333333334,0.26,0.40625,0.64,1.0,1.0,1.0,0.351171875,mini_l12-dj_adpt,1,webtable-v2v-v=12-distilroberta-dj_adpt~qwen3_8b-dj_adpt
world-cities.pq::country,0.0,0.0,1.0,0.03333333333333333,0.0,0.0,0.0,0.0,0.0,1.0,0.16666666666666666,0.0,0.0,0.0,0.0,0.0,1.0,0.3333333333333333,0.0,0.0,0.0,0.0,0.0,1.0,0.5,0.0,0.0,0.0,0.0,0.0,1.0,0.6666666666666666,0.0,0.0,0.0,0.0,0.0,1.0,0.8333333333333334,0.0,0.0,0.0,0.03333333333333333,0.03333333333333333,1.0,1.0,1.0,0.034482758620689655,0.0011494252873563218,0.05714285714285714,0.06666666666666667,0.8571428571428571,1.0,1.0,0.034482758620689655,0.003169627307558342,0.075,0.1,0.75,1.0,1.0,0.034482758620689655,0.005801206254926763,0.08888888888888889,0.13333333333333333,0.6666666666666666,1.0,1.0,0.034482758620689655,0.008831509285229794,0.08,0.13333333333333333,0.6,1.0,1.0,0.034482758620689655,0.008831509285229794,mini_l12-dj_adpt,1,webtable-v2v-v=12-distilroberta-dj_adpt~qwen3_8b-dj_adpt
movies.pq::country,1.0,0.03333333333333333,1.0,0.03333333333333333,1.0,1.0,0.03333333333333333,0.2,0.03333333333333333,1.0,0.16666666666666666,1.0,1.0,0.03333333333333333,0.1,0.03333333333333333,1.0,0.3333333333333333,1.0,1.0,0.03333333333333333,0.06666666666666667,0.03333333333333333,1.0,0.5,1.0,1.0,0.03333333333333333,0.05,0.03333333333333333,1.0,0.6666666666666666,1.0,1.0,0.03333333333333333,0.04,0.03333333333333333,1.0,0.8333333333333334,1.0,1.0,0.03333333333333333,0.03333333333333333,0.03333333333333333,1.0,1.0,1.0,1.0,0.03333333333333333,0.02857142857142857,0.03333333333333333,0.8571428571428571,1.0,1.0,1.0,0.03333333333333333,0.025,0.03333333333333333,0.75,1.0,1.0,1.0,0.03333333333333333,0.022222222222222223,0.03333333333333333,0.6666666666666666,1.0,1.0,1.0,0.03333333333333333,0.02,0.03333333333333333,0.6,1.0,1.0,1.0,0.03333333333333333,mini_l12-dj_adpt,1,webtable-v2v-v=12-distilroberta-dj_adpt~qwen3_8b-dj_adpt
countries_data.pq::CountryName,0.0,0.0,1.0,0.03333333333333333,0.0,0.0,0.0,0.2,0.03333333333333333,1.0,0.16666666666666666,1.0,0.3333333333333333,0.01111111111111111,0.1,0.03333333333333333,1.0,0.3333333333333333,1.0,0.3333333333333333,0.01111111111111111,0.06666666666666667,0.03333333333333333,1.0,0.5,1.0,0.3333333333333333,0.01111111111111111,0.05,0.03333333333333333,1.0,0.6666666666666666,1.0,0.3333333333333333,0.01111111111111111,0.04,0.03333333333333333,1.0,0.8333333333333334,1.0,0.3333333333333333,0.01111111111111111,0.03333333333333333,0.03333333333333333,1.0,1.0,1.0,0.3333333333333333,0.01111111111111111,0.02857142857142857,0.03333333333333333,0.8571428571428571,1.0,1.0,0.3333333333333333,0.01111111111111111,0.05,0.06666666666666667,0.75,1.0,1.0,0.3333333333333333,0.01296296296296296,0.044444444444444446,0.06666666666666667,0.6666666666666666,1.0,1.0,0.3333333333333333,0.01296296296296296,0.06,0.1,0.6,1.0,1.0,0.3333333333333333,0.015136876006441223,mini_l12-dj_adpt,1,webtable-v2v-v=12-distilroberta-dj_adpt~qwen3_8b-dj_adpt
pte_alcohol.pq::Arg0,1.0,0.03125,1.0,0.03125,1.0,1.0,0.03125,1.0,0.15625,1.0,0.15625,1.0,1.0,0.15625,0.9,0.28125,1.0,0.3125,1.0,1.0,0.28125,0.6666666666666666,0.3125,1.0,0.46875,1.0,1.0,0.3096590909090909,0.55,0.34375,1.0,0.625,1.0,1.0,0.32987967914438504,0.44,0.34375,1.0,0.78125,1.0,1.0,0.32987967914438504,0.36666666666666664,0.34375,1.0,0.9375,1.0,1.0,0.32987967914438504,0.3142857142857143,0.34375,0.9142857142857143,1.0,1.0,1.0,0.32987967914438504,0.275,0.34375,0.8,1.0,1.0,1.0,0.32987967914438504,0.24444444444444444,0.34375,0.7111111111111111,1.0,1.0,1.0,0.32987967914438504,0.26,0.40625,0.64,1.0,1.0,1.0,0.3456577403688748,mini_l12-dj_adpt,1,webtable-v2v-v=12-distilroberta-dj_adpt~qwen3_8b-dj_adpt
pte_phenol.pq::Arg0,1.0,0.03125,1.0,0.03125,1.0,1.0,0.03125,1.0,0.15625,1.0,0.15625,1.0,1.0,0.15625,0.5,0.15625,1.0,0.3125,1.0,1.0,0.15625,0.4666666666666667,0.21875,1.0,0.46875,1.0,1.0,0.1842261904761905,0.35,0.21875,1.0,0.625,1.0,1.0,0.1842261904761905,0.28,0.21875,1.0,0.78125,1.0,1.0,0.1842261904761905,0.23333333333333334,0.21875,1.0,0.9375,1.0,1.0,0.1842261904761905,0.2,0.21875,0.9142857142857143,1.0,1.0,1.0,0.1842261904761905,0.2,0.25,0.8,1.0,1.0,1.0,0.19063644688644688,0.2,0.28125,0.7111111111111111,1.0,1.0,1.0,0.1971771445608655,0.2,0.3125,0.64,1.0,1.0,1.0,0.2034271445608655,mini_l12-dj_adpt,1,webtable-v2v-v=12-distilroberta-dj_adpt~qwen3_8b-dj_adpt
pte_ester.pq::Arg0,1.0,0.03125,1.0,0.03125,1.0,1.0,0.03125,1.0,0.15625,1.0,0.15625,1.0,1.0,0.15625,0.7,0.21875,1.0,0.3125,1.0,1.0,0.21180555555555555,0.4666666666666667,0.21875,1.0,0.46875,1.0,1.0,0.21180555555555555,0.4,0.25,1.0,0.625,1.0,1.0,0.22569444444444445,0.32,0.25,1.0,0.78125,1.0,1.0,0.22569444444444445,0.3,0.28125,1.0,0.9375,1.0,1.0,0.23506944444444444,0.2571428571428571,0.28125,0.9142857142857143,1.0,1.0,1.0,0.23506944444444444,0.225,0.28125,0.8,1.0,1.0,1.0,0.23506944444444444,0.2222222222222222,0.3125,0.7111111111111111,1.0,1.0,1.0,0.24269139566395664,0.2,0.3125,0.64,1.0,1.0,1.0,0.24269139566395664,mini_l12-dj_adpt,1,webtable-v2v-v=12-distilroberta-dj_adpt~qwen3_8b-dj_adpt
pte_non_ar_hetero_5_ring.pq::Arg0,1.0,0.03125,1.0,0.03125,1.0,1.0,0.03125,1.0,0.15625,1.0,0.15625,1.0,1.0,0.15625,0.6,0.1875,1.0,0.3125,1.0,1.0,0.1875,0.4,0.1875,1.0,0.46875,1.0,1.0,0.1875,0.3,0.1875,1.0,0.625,1.0,1.0,0.1875,0.24,0.1875,1.0,0.78125,1.0,1.0,0.1875,0.2,0.1875,1.0,0.9375,1.0,1.0,0.1875,0.22857142857142856,0.25,0.9142857142857143,1.0,1.0,1.0,0.2021322091886608,0.2,0.25,0.8,1.0,1.0,1.0,0.2021322091886608,0.2,0.28125,0.7111111111111111,1.0,1.0,1.0,0.20852425464320626,0.18,0.28125,0.64,1.0,1.0,1.0,0.20852425464320626,mini_l12-dj_adpt,1,webtable-v2v-v=12-distilroberta-dj_adpt~qwen3_8b-dj_adpt
population_by_country_2020.pq::CountryDependency,1.0,0.03333333333333333,1.0,0.03333333333333333,1.0,1.0,0.03333333333333333,0.4,0.06666666666666667,1.0,0.16666666666666666,1.0,1.0,0.05555555555555555,0.2,0.06666666666666667,1.0,0.3333333333333333,1.0,1.0,0.05555555555555555,0.2,0.1,1.0,0.5,1.0,1.0,0.0626984126984127,0.15,0.1,1.0,0.6666666666666666,1.0,1.0,0.0626984126984127,0.12,0.1,1.0,0.8333333333333334,1.0,1.0,0.0626984126984127,0.1,0.1,1.0,1.0,1.0,1.0,0.0626984126984127,0.11428571428571428,0.13333333333333333,0.8571428571428571,1.0,1.0,1.0,0.06686507936507936,0.125,0.16666666666666666,0.75,1.0,1.0,1.0,0.07125104427736005,0.1111111111111111,0.16666666666666666,0.6666666666666666,1.0,1.0,1.0,0.07125104427736005,0.12,0.2,0.6,1.0,1.0,1.0,0.07533267693042128,mini_l12-dj_adpt,1,webtable-v2v-v=12-distilroberta-dj_adpt~qwen3_8b-dj_adpt
pte_non_ar_5c_ring.pq::Arg0,1.0,0.03125,1.0,0.03125,1.0,1.0,0.03125,1.0,0.15625,1.0,0.15625,1.0,1.0,0.15625,1.0,0.3125,1.0,0.3125,1.0,1.0,0.3125,0.6666666666666666,0.3125,1.0,0.46875,1.0,1.0,0.3125,0.5,0.3125,1.0,0.625,1.0,1.0,0.3125,0.4,0.3125,1.0,0.78125,1.0,1.0,0.3125,0.3333333333333333,0.3125,1.0,0.9375,1.0,1.0,0.3125,0.2857142857142857,0.3125,0.9142857142857143,1.0,1.0,1.0,0.3125,0.25,0.3125,0.8,1.0,1.0,1.0,0.3125,0.2222222222222222,0.3125,0.7111111111111111,1.0,1.0,1.0,0.3125,0.22,0.34375,0.64,1.0,1.0,1.0,0.319515306122449,mini_l12-dj_adpt,1,webtable-v2v-v=12-distilroberta-dj_adpt~qwen3_8b-dj_adpt
fifa_ranking.pq::country_full,1.0,0.03333333333333333,1.0,0.03333333333333333,1.0,1.0,0.03333333333333333,0.4,0.06666666666666667,1.0,0.16666666666666666,1.0,1.0,0.06666666666666667,0.2,0.06666666666666667,1.0,0.3333333333333333,1.0,1.0,0.06666666666666667,0.13333333333333333,0.06666666666666667,1.0,0.5,1.0,1.0,0.06666666666666667,0.1,0.06666666666666667,1.0,0.6666666666666666,1.0,1.0,0.06666666666666667,0.08,0.06666666666666667,1.0,0.8333333333333334,1.0,1.0,0.06666666666666667,0.06666666666666667,0.06666666666666667,1.0,1.0,1.0,1.0,0.06666666666666667,0.05714285714285714,0.06666666666666667,0.8571428571428571,1.0,1.0,1.0,0.06666666666666667,0.05,0.06666666666666667,0.75,1.0,1.0,1.0,0.06666666666666667,0.044444444444444446,0.06666666666666667,0.6666666666666666,1.0,1.0,1.0,0.06666666666666667,0.04,0.06666666666666667,0.6,1.0,1.0,1.0,0.06666666666666667,mini_l12-dj_adpt,1,webtable-v2v-v=12-distilroberta-dj_adpt~qwen3_8b-dj_adpt
countries_of_the_world.pq::Country,1.0,0.03333333333333333,1.0,0.03333333333333333,1.0,1.0,0.03333333333333333,0.4,0.06666666666666667,1.0,0.16666666666666666,1.0,1.0,0.05555555555555555,0.2,0.06666666666666667,1.0,0.3333333333333333,1.0,1.0,0.05555555555555555,0.13333333333333333,0.06666666666666667,1.0,0.5,1.0,1.0,0.05555555555555555,0.1,0.06666666666666667,1.0,0.6666666666666666,1.0,1.0,0.05555555555555555,0.08,0.06666666666666667,1.0,0.8333333333333334,1.0,1.0,0.05555555555555555,0.06666666666666667,0.06666666666666667,1.0,1.0,1.0,1.0,0.05555555555555555,0.05714285714285714,0.06666666666666667,0.8571428571428571,1.0,1.0,1.0,0.05555555555555555,0.05,0.06666666666666667,0.75,1.0,1.0,1.0,0.05555555555555555,0.044444444444444446,0.06666666666666667,0.6666666666666666,1.0,1.0,1.0,0.05555555555555555,0.04,0.06666666666666667,0.6,1.0,1.0,1.0,0.05555555555555555,mini_l12-dj_adpt,1,webtable-v2v-v=12-distilroberta-dj_adpt~qwen3_8b-dj_adpt
pte_ketone.pq::Arg0,1.0,0.03125,1.0,0.03125,1.0,1.0,0.03125,0.6,0.09375,1.0,0.15625,1.0,1.0,0.09375,0.3,0.09375,1.0,0.3125,1.0,1.0,0.09375,0.4,0.1875,1.0,0.46875,1.0,1.0,0.12963286713286715,0.3,0.1875,1.0,0.625,1.0,1.0,0.12963286713286715,0.24,0.1875,1.0,0.78125,1.0,1.0,0.12963286713286715,0.2,0.1875,1.0,0.9375,1.0,1.0,0.12963286713286715,0.17142857142857143,0.1875,0.9142857142857143,1.0,1.0,1.0,0.12963286713286715,0.15,0.1875,0.8,1.0,1.0,1.0,0.12963286713286715,0.13333333333333333,0.1875,0.7111111111111111,1.0,1.0,1.0,0.12963286713286715,0.12,0.1875,0.64,1.0,1.0,1.0,0.12963286713286715,mini_l12-dj_adpt,1,webtable-v2v-v=12-distilroberta-dj_adpt~qwen3_8b-dj_adpt
who_suicide_statistics.pq::country,1.0,0.03333333333333333,1.0,0.03333333333333333,1.0,1.0,0.03333333333333333,0.4,0.06666666666666667,1.0,0.16666666666666666,1.0,1.0,0.04666666666666666,0.2,0.06666666666666667,1.0,0.3333333333333333,1.0,1.0,0.04666666666666666,0.13333333333333333,0.06666666666666667,1.0,0.5,1.0,1.0,0.04666666666666666,0.15,0.1,1.0,0.6666666666666666,1.0,1.0,0.05291666666666666,0.16,0.13333333333333333,1.0,0.8333333333333334,1.0,1.0,0.058472222222222224,0.13333333333333333,0.13333333333333333,1.0,1.0,1.0,1.0,0.058472222222222224,0.11428571428571428,0.13333333333333333,0.8571428571428571,1.0,1.0,1.0,0.058472222222222224,0.125,0.16666666666666666,0.75,1.0,1.0,1.0,0.06285818713450292,0.1111111111111111,0.16666666666666666,0.6666666666666666,1.0,1.0,1.0,0.06285818713450292,0.1,0.16666666666666666,0.6,1.0,1.0,1.0,0.06285818713450292,mini_l12-dj_adpt,1,webtable-v2v-v=12-distilroberta-dj_adpt~qwen3_8b-dj_adpt
UKDebate.pq::country,0.0,0.0,1.0,0.03333333333333333,0.0,0.0,0.0,0.0,0.0,1.0,0.16666666666666666,0.0,0.0,0.0,0.0,0.0,1.0,0.3333333333333333,0.0,0.0,0.0,0.0,0.0,1.0,0.5,0.0,0.0,0.0,0.0,0.0,1.0,0.6666666666666666,0.0,0.0,0.0,0.0,0.0,1.0,0.8333333333333334,0.0,0.0,0.0,0.0,0.0,1.0,1.0,0.0,0.0,0.0,0.02857142857142857,0.03333333333333333,0.8571428571428571,1.0,1.0,0.02857142857142857,0.0009523809523809524,0.025,0.03333333333333333,0.75,1.0,1.0,0.02857142857142857,0.0009523809523809524,0.022222222222222223,0.03333333333333333,0.6666666666666666,1.0,1.0,0.02857142857142857,0.0009523809523809524,0.02,0.03333333333333333,0.6,1.0,1.0,0.02857142857142857,0.0009523809523809524,mini_l12-dj_adpt,1,webtable-v2v-v=12-distilroberta-dj_adpt~qwen3_8b-dj_adpt
World_countries_env_vars.pq::Country,0.0,0.0,1.0,0.03333333333333333,0.0,0.0,0.0,0.2,0.03333333333333333,1.0,0.16666666666666666,1.0,0.2,0.006666666666666667,0.1,0.03333333333333333,1.0,0.3333333333333333,1.0,0.2,0.006666666666666667,0.06666666666666667,0.03333333333333333,1.0,0.5,1.0,0.2,0.006666666666666667,0.05,0.03333333333333333,1.0,0.6666666666666666,1.0,0.2,0.006666666666666667,0.04,0.03333333333333333,1.0,0.8333333333333334,1.0,0.2,0.006666666666666667,0.03333333333333333,0.03333333333333333,1.0,1.0,1.0,0.2,0.006666666666666667,0.05714285714285714,0.06666666666666667,0.8571428571428571,1.0,1.0,0.2,0.00875,0.075,0.1,0.75,1.0,1.0,0.2,0.011527777777777777,0.06666666666666667,0.1,0.6666666666666666,1.0,1.0,0.2,0.011527777777777777,0.06,0.1,0.6,1.0,1.0,0.2,0.011527777777777777,mini_l12-dj_adpt,1,webtable-v2v-v=12-distilroberta-dj_adpt~qwen3_8b-dj_adpt
USA_cars_datasets.pq::country,0.0,0.0,1.0,0.03333333333333333,0.0,0.0,0.0,0.0,0.0,1.0,0.16666666666666666,0.0,0.0,0.0,0.0,0.0,1.0,0.3333333333333333,0.0,0.0,0.0,0.0,0.0,1.0,0.5,0.0,0.0,0.0,0.05,0.03333333333333333,1.0,0.6666666666666666,1.0,0.058823529411764705,0.00196078431372549,0.04,0.03333333333333333,1.0,0.8333333333333334,1.0,0.058823529411764705,0.00196078431372549,0.03333333333333333,0.03333333333333333,1.0,1.0,1.0,0.058823529411764705,0.00196078431372549,0.02857142857142857,0.03333333333333333,0.8571428571428571,1.0,1.0,0.058823529411764705,0.00196078431372549,0.025,0.03333333333333333,0.75,1.0,1.0,0.058823529411764705,0.00196078431372549,0.022222222222222223,0.03333333333333333,0.6666666666666666,1.0,1.0,0.058823529411764705,0.00196078431372549,0.02,0.03333333333333333,0.6,1.0,1.0,0.058823529411764705,0.00196078431372549,mini_l12-dj_adpt,1,webtable-v2v-v=12-distilroberta-dj_adpt~qwen3_8b-dj_adpt
netflix_titles.pq::country,0.0,0.0,1.0,0.03333333333333333,0.0,0.0,0.0,0.2,0.03333333333333333,1.0,0.16666666666666666,1.0,0.5,0.016666666666666666,0.2,0.06666666666666667,1.0,0.3333333333333333,1.0,0.5,0.025,0.13333333333333333,0.06666666666666667,1.0,0.5,1.0,0.5,0.025,0.1,0.06666666666666667,1.0,0.6666666666666666,1.0,0.5,0.025,0.08,0.06666666666666667,1.0,0.8333333333333334,1.0,0.5,0.025,0.06666666666666667,0.06666666666666667,1.0,1.0,1.0,0.5,0.025,0.05714285714285714,0.06666666666666667,0.8571428571428571,1.0,1.0,0.5,0.025,0.05,0.06666666666666667,0.75,1.0,1.0,0.5,0.025,0.044444444444444446,0.06666666666666667,0.6666666666666666,1.0,1.0,0.5,0.025,0.04,0.06666666666666667,0.6,1.0,1.0,0.5,0.025,mini_l12-dj_adpt,1,webtable-v2v-v=12-distilroberta-dj_adpt~qwen3_8b-dj_adpt
pte_ames.pq::Arg0,1.0,0.03125,1.0,0.03125,1.0,1.0,0.03125,0.2,0.03125,1.0,0.15625,1.0,1.0,0.03125,0.1,0.03125,1.0,0.3125,1.0,1.0,0.03125,0.06666666666666667,0.03125,1.0,0.46875,1.0,1.0,0.03125,0.1,0.0625,1.0,0.625,1.0,1.0,0.034722222222222224,0.08,0.0625,1.0,0.78125,1.0,1.0,0.034722222222222224,0.1,0.09375,1.0,0.9375,1.0,1.0,0.03795498084291188,0.08571428571428572,0.09375,0.9142857142857143,1.0,1.0,1.0,0.03795498084291188,0.075,0.09375,0.8,1.0,1.0,1.0,0.03795498084291188,0.06666666666666667,0.09375,0.7111111111111111,1.0,1.0,1.0,0.03795498084291188,0.06,0.09375,0.64,1.0,1.0,1.0,0.03795498084291188,mini_l12-dj_adpt,1,webtable-v2v-v=12-distilroberta-dj_adpt~qwen3_8b-dj_adpt
movie_metadata.pq::country,1.0,0.03333333333333333,1.0,0.03333333333333333,1.0,1.0,0.03333333333333333,0.4,0.06666666666666667,1.0,0.16666666666666666,1.0,1.0,0.05,0.3,0.1,1.0,0.3333333333333333,1.0,1.0,0.060000000000000005,0.2,0.1,1.0,0.5,1.0,1.0,0.060000000000000005,0.15,0.1,1.0,0.6666666666666666,1.0,1.0,0.060000000000000005,0.12,0.1,1.0,0.8333333333333334,1.0,1.0,0.060000000000000005,0.1,0.1,1.0,1.0,1.0,1.0,0.060000000000000005,0.08571428571428572,0.1,0.8571428571428571,1.0,1.0,1.0,0.060000000000000005,0.075,0.1,0.75,1.0,1.0,1.0,0.060000000000000005,0.08888888888888889,0.13333333333333333,0.6666666666666666,1.0,1.0,1.0,0.06317460317460317,0.08,0.13333333333333333,0.6,1.0,1.0,1.0,0.06317460317460317,mini_l12-dj_adpt,1,webtable-v2v-v=12-distilroberta-dj_adpt~qwen3_8b-dj_adpt
world_country.pq::LocalName,1.0,0.034482758620689655,1.0,0.034482758620689655,1.0,1.0,0.034482758620689655,0.4,0.06896551724137931,1.0,0.1724137931034483,1.0,1.0,0.06896551724137931,0.3,0.10344827586206896,1.0,0.3448275862068966,1.0,1.0,0.08374384236453201,0.2,0.10344827586206896,1.0,0.5172413793103449,1.0,1.0,0.08374384236453201,0.15,0.10344827586206896,1.0,0.6896551724137931,1.0,1.0,0.08374384236453201,0.12,0.10344827586206896,1.0,0.8620689655172413,1.0,1.0,0.08374384236453201,0.13333333333333333,0.13793103448275862,0.9666666666666667,1.0,1.0,1.0,0.08885239919722679,0.11428571428571428,0.13793103448275862,0.8285714285714286,1.0,1.0,1.0,0.08885239919722679,0.1,0.13793103448275862,0.725,1.0,1.0,1.0,0.08885239919722679,0.1111111111111111,0.1724137931034483,0.6444444444444445,1.0,1.0,1.0,0.09268381682174785,0.1,0.1724137931034483,0.58,1.0,1.0,1.0,0.09268381682174785,mini_l12-dj_adpt,1,webtable-v2v-v=12-distilroberta-dj_adpt~qwen3_8b-dj_adpt
countries_metadatacountries.pq::CountryName,1.0,0.03333333333333333,1.0,0.03333333333333333,1.0,1.0,0.03333333333333333,0.4,0.06666666666666667,1.0,0.16666666666666666,1.0,1.0,0.05555555555555555,0.2,0.06666666666666667,1.0,0.3333333333333333,1.0,1.0,0.05555555555555555,0.2,0.1,1.0,0.5,1.0,1.0,0.06324786324786325,0.2,0.13333333333333333,1.0,0.6666666666666666,1.0,1.0,0.07158119658119658,0.16,0.13333333333333333,1.0,0.8333333333333334,1.0,1.0,0.07158119658119658,0.2,0.2,1.0,1.0,1.0,1.0,0.08513431013431012,0.17142857142857143,0.2,0.8571428571428571,1.0,1.0,1.0,0.08513431013431012,0.15,0.2,0.75,1.0,1.0,1.0,0.08513431013431012,0.13333333333333333,0.2,0.6666666666666666,1.0,1.0,1.0,0.08513431013431012,0.12,0.2,0.6,1.0,1.0,1.0,0.08513431013431012,mini_l12-dj_adpt,1,webtable-v2v-v=12-distilroberta-dj_adpt~qwen3_8b-dj_adpt
pte_postestactive_neg.pq::Arg0,1.0,0.03125,1.0,0.03125,1.0,1.0,0.03125,1.0,0.15625,1.0,0.15625,1.0,1.0,0.15625,0.9,0.28125,1.0,0.3125,1.0,1.0,0.278125,0.6666666666666666,0.3125,1.0,0.46875,1.0,1.0,0.3021634615384615,0.55,0.34375,1.0,0.625,1.0,1.0,0.31935096153846154,0.48,0.375,1.0,0.78125,1.0,1.0,0.3372081043956044,0.4,0.375,1.0,0.9375,1.0,1.0,0.3372081043956044,0.34285714285714286,0.375,0.9142857142857143,1.0,1.0,1.0,0.3372081043956044,0.3,0.375,0.8,1.0,1.0,1.0,0.3372081043956044,0.26666666666666666,0.375,0.7111111111111111,1.0,1.0,1.0,0.3372081043956044,0.26,0.40625,0.64,1.0,1.0,1.0,0.345851721416881,mini_l12-dj_adpt,1,webtable-v2v-v=12-distilroberta-dj_adpt~qwen3_8b-dj_adpt
pte_alkyl_halide.pq::Arg0,1.0,0.03125,1.0,0.03125,1.0,1.0,0.03125,1.0,0.15625,1.0,0.15625,1.0,1.0,0.15625,0.7,0.21875,1.0,0.3125,1.0,1.0,0.209375,0.4666666666666667,0.21875,1.0,0.46875,1.0,1.0,0.209375,0.35,0.21875,1.0,0.625,1.0,1.0,0.209375,0.28,0.21875,1.0,0.78125,1.0,1.0,0.209375,0.23333333333333334,0.21875,1.0,0.9375,1.0,1.0,0.209375,0.2,0.21875,0.9142857142857143,1.0,1.0,1.0,0.209375,0.175,0.21875,0.8,1.0,1.0,1.0,0.209375,0.2,0.28125,0.7111111111111111,1.0,1.0,1.0,0.22201325865002836,0.18,0.28125,0.64,1.0,1.0,1.0,0.22201325865002836,mini_l12-dj_adpt,1,webtable-v2v-v=12-distilroberta-dj_adpt~qwen3_8b-dj_adpt
pte_testactive.pq::Arg0,1.0,0.03125,1.0,0.03125,1.0,1.0,0.03125,1.0,0.15625,1.0,0.15625,1.0,1.0,0.15625,1.0,0.3125,1.0,0.3125,1.0,1.0,0.3125,0.7333333333333333,0.34375,1.0,0.46875,1.0,1.0,0.33541666666666664,0.55,0.34375,1.0,0.625,1.0,1.0,0.33541666666666664,0.44,0.34375,1.0,0.78125,1.0,1.0,0.33541666666666664,0.36666666666666664,0.34375,1.0,0.9375,1.0,1.0,0.33541666666666664,0.34285714285714286,0.375,0.9142857142857143,1.0,1.0,1.0,0.3475134408602151,0.3,0.375,0.8,1.0,1.0,1.0,0.3475134408602151,0.26666666666666666,0.375,0.7111111111111111,1.0,1.0,1.0,0.3475134408602151,0.26,0.40625,0.64,1.0,1.0,1.0,0.35563844086021507,mini_l12-dj_adpt,1,webtable-v2v-v=12-distilroberta-dj_adpt~qwen3_8b-dj_adpt
hfi_cc_2018.pq::countries,1.0,0.03333333333333333,1.0,0.03333333333333333,1.0,1.0,0.03333333333333333,0.4,0.06666666666666667,1.0,0.16666666666666666,1.0,1.0,0.06666666666666667,0.2,0.06666666666666667,1.0,0.3333333333333333,1.0,1.0,0.06666666666666667,0.13333333333333333,0.06666666666666667,1.0,0.5,1.0,1.0,0.06666666666666667,0.1,0.06666666666666667,1.0,0.6666666666666666,1.0,1.0,0.06666666666666667,0.08,0.06666666666666667,1.0,0.8333333333333334,1.0,1.0,0.06666666666666667,0.06666666666666667,0.06666666666666667,1.0,1.0,1.0,1.0,0.06666666666666667,0.05714285714285714,0.06666666666666667,0.8571428571428571,1.0,1.0,1.0,0.06666666666666667,0.075,0.1,0.75,1.0,1.0,1.0,0.06923076923076923,0.06666666666666667,0.1,0.6666666666666666,1.0,1.0,1.0,0.06923076923076923,0.06,0.1,0.6,1.0,1.0,1.0,0.06923076923076923,mini_l12-dj_adpt,1,webtable-v2v-v=12-distilroberta-dj_adpt~qwen3_8b-dj_adpt
wikipedia-iso-country-codes.pq::English_short_name_lower_case,1.0,0.03333333333333333,1.0,0.03333333333333333,1.0,1.0,0.03333333333333333,0.4,0.06666666666666667,1.0,0.16666666666666666,1.0,1.0,0.05555555555555555,0.3,0.1,1.0,0.3333333333333333,1.0,1.0,0.06984126984126984,0.2,0.1,1.0,0.5,1.0,1.0,0.06984126984126984,0.2,0.13333333333333333,1.0,0.6666666666666666,1.0,1.0,0.07817460317460317,0.16,0.13333333333333333,1.0,0.8333333333333334,1.0,1.0,0.07817460317460317,0.13333333333333333,0.13333333333333333,1.0,1.0,1.0,1.0,0.07817460317460317,0.11428571428571428,0.13333333333333333,0.8571428571428571,1.0,1.0,1.0,0.07817460317460317,0.1,0.13333333333333333,0.75,1.0,1.0,1.0,0.07817460317460317,0.08888888888888889,0.13333333333333333,0.6666666666666666,1.0,1.0,1.0,0.07817460317460317,0.1,0.16666666666666666,0.6,1.0,1.0,1.0,0.08157596371882087,mini_l12-dj_adpt,1,webtable-v2v-v=12-distilroberta-dj_adpt~qwen3_8b-dj_adpt
affirmative_asylum.pq::ContinentCountryofNationality,1.0,0.03125,1.0,0.03125,1.0,1.0,0.03125,0.4,0.0625,1.0,0.15625,1.0,1.0,0.0625,0.3,0.09375,1.0,0.3125,1.0,1.0,0.078125,0.2,0.09375,1.0,0.46875,1.0,1.0,0.078125,0.15,0.09375,1.0,0.625,1.0,1.0,0.078125,0.16,0.125,1.0,0.78125,1.0,1.0,0.08355978260869565,0.16666666666666666,0.15625,1.0,0.9375,1.0,1.0,0.08876811594202899,0.14285714285714285,0.15625,0.9142857142857143,1.0,1.0,1.0,0.08876811594202899,0.125,0.15625,0.8,1.0,1.0,1.0,0.08876811594202899,0.1111111111111111,0.15625,0.7111111111111111,1.0,1.0,1.0,0.08876811594202899,0.1,0.15625,0.64,1.0,1.0,1.0,0.08876811594202899,mini_l12-dj_adpt,1,webtable-v2v-v=12-distilroberta-dj_adpt~qwen3_8b-dj_adpt
countries_and_continents.pq::name,1.0,0.037037037037037035,1.0,0.037037037037037035,1.0,1.0,0.037037037037037035,0.8,0.14814814814814814,1.0,0.18518518518518517,1.0,1.0,0.13148148148148148,0.4,0.14814814814814814,1.0,0.37037037037037035,1.0,1.0,0.13148148148148148,0.26666666666666666,0.14814814814814814,1.0,0.5555555555555556,1.0,1.0,0.13148148148148148,0.2,0.14814814814814814,1.0,0.7407407407407407,1.0,1.0,0.13148148148148148,0.16,0.14814814814814814,1.0,0.9259259259259259,1.0,1.0,0.13148148148148148,0.13333333333333333,0.14814814814814814,0.9,1.0,1.0,1.0,0.13148148148148148,0.11428571428571428,0.14814814814814814,0.7714285714285715,1.0,1.0,1.0,0.13148148148148148,0.125,0.18518518518518517,0.675,1.0,1.0,1.0,0.13635477582846003,0.1111111111111111,0.18518518518518517,0.6,1.0,1.0,1.0,0.13635477582846003,0.1,0.18518518518518517,0.54,1.0,1.0,1.0,0.13635477582846003,mini_l12-dj_adpt,1,webtable-v2v-v=12-distilroberta-dj_adpt~qwen3_8b-dj_adpt
pte_postestactive.pq::Arg0,1.0,0.03125,1.0,0.03125,1.0,1.0,0.03125,0.8,0.125,1.0,0.15625,1.0,1.0,0.125,0.5,0.15625,1.0,0.3125,1.0,1.0,0.15104166666666666,0.3333333333333333,0.15625,1.0,0.46875,1.0,1.0,0.15104166666666666,0.25,0.15625,1.0,0.625,1.0,1.0,0.15104166666666666,0.2,0.15625,1.0,0.78125,1.0,1.0,0.15104166666666666,0.16666666666666666,0.15625,1.0,0.9375,1.0,1.0,0.15104166666666666,0.14285714285714285,0.15625,0.9142857142857143,1.0,1.0,1.0,0.15104166666666666,0.125,0.15625,0.8,1.0,1.0,1.0,0.15104166666666666,0.1111111111111111,0.15625,0.7111111111111111,1.0,1.0,1.0,0.15104166666666666,0.1,0.15625,0.64,1.0,1.0,1.0,0.15104166666666666,mini_l12-dj_adpt,1,webtable-v2v-v=12-distilroberta-dj_adpt~qwen3_8b-dj_adpt
pte_five_ring.pq::Arg0,1.0,0.03125,1.0,0.03125,1.0,1.0,0.03125,1.0,0.15625,1.0,0.15625,1.0,1.0,0.15625,0.9,0.28125,1.0,0.3125,1.0,1.0,0.278125,0.6,0.28125,1.0,0.46875,1.0,1.0,0.278125,0.55,0.34375,1.0,0.625,1.0,1.0,0.3167534722222222,0.44,0.34375,1.0,0.78125,1.0,1.0,0.3167534722222222,0.36666666666666664,0.34375,1.0,0.9375,1.0,1.0,0.3167534722222222,0.3142857142857143,0.34375,0.9142857142857143,1.0,1.0,1.0,0.3167534722222222,0.275,0.34375,0.8,1.0,1.0,1.0,0.3167534722222222,0.24444444444444444,0.34375,0.7111111111111111,1.0,1.0,1.0,0.3167534722222222,0.24,0.375,0.64,1.0,1.0,1.0,0.324406533446712,mini_l12-dj_adpt,1,webtable-v2v-v=12-distilroberta-dj_adpt~qwen3_8b-dj_adpt
MoviesOnStreamingPlatforms_updated.pq::Country,1.0,0.03333333333333333,1.0,0.03333333333333333,1.0,1.0,0.03333333333333333,0.4,0.06666666666666667,1.0,0.16666666666666666,1.0,1.0,0.04666666666666666,0.2,0.06666666666666667,1.0,0.3333333333333333,1.0,1.0,0.04666666666666666,0.13333333333333333,0.06666666666666667,1.0,0.5,1.0,1.0,0.04666666666666666,0.1,0.06666666666666667,1.0,0.6666666666666666,1.0,1.0,0.04666666666666666,0.08,0.06666666666666667,1.0,0.8333333333333334,1.0,1.0,0.04666666666666666,0.06666666666666667,0.06666666666666667,1.0,1.0,1.0,1.0,0.04666666666666666,0.05714285714285714,0.06666666666666667,0.8571428571428571,1.0,1.0,1.0,0.04666666666666666,0.075,0.1,0.75,1.0,1.0,1.0,0.049444444444444444,0.06666666666666667,0.1,0.6666666666666666,1.0,1.0,1.0,0.049444444444444444,0.08,0.13333333333333333,0.6,1.0,1.0,1.0,0.052165532879818594,mini_l12-dj_adpt,1,webtable-v2v-v=12-distilroberta-dj_adpt~qwen3_8b-dj_adpt
pte_amine.pq::Arg0,1.0,0.03125,1.0,0.03125,1.0,1.0,0.03125,1.0,0.15625,1.0,0.15625,1.0,1.0,0.15625,0.6,0.1875,1.0,0.3125,1.0,1.0,0.1875,0.4666666666666667,0.21875,1.0,0.46875,1.0,1.0,0.203125,0.35,0.21875,1.0,0.625,1.0,1.0,0.203125,0.28,0.21875,1.0,0.78125,1.0,1.0,0.203125,0.23333333333333334,0.21875,1.0,0.9375,1.0,1.0,0.203125,0.2,0.21875,0.9142857142857143,1.0,1.0,1.0,0.203125,0.175,0.21875,0.8,1.0,1.0,1.0,0.203125,0.2,0.28125,0.7111111111111111,1.0,1.0,1.0,0.21561807862679955,0.18,0.28125,0.64,1.0,1.0,1.0,0.21561807862679955,mini_l12-dj_adpt,1,webtable-v2v-v=12-distilroberta-dj_adpt~qwen3_8b-dj_adpt
AdventureWorks2014_salesTerritory.pq::Name,0.0,0.0,1.0,0.03333333333333333,0.0,0.0,0.0,0.0,0.0,1.0,0.16666666666666666,0.0,0.0,0.0,0.0,0.0,1.0,0.3333333333333333,0.0,0.0,0.0,0.0,0.0,1.0,0.5,0.0,0.0,0.0,0.0,0.0,1.0,0.6666666666666666,0.0,0.0,0.0,0.0,0.0,1.0,0.8333333333333334,0.0,0.0,0.0,0.03333333333333333,0.03333333333333333,1.0,1.0,1.0,0.038461538461538464,0.001282051282051282,0.02857142857142857,0.03333333333333333,0.8571428571428571,1.0,1.0,0.038461538461538464,0.001282051282051282,0.025,0.03333333333333333,0.75,1.0,1.0,0.038461538461538464,0.001282051282051282,0.022222222222222223,0.03333333333333333,0.6666666666666666,1.0,1.0,0.038461538461538464,0.001282051282051282,0.02,0.03333333333333333,0.6,1.0,1.0,0.038461538461538464,0.001282051282051282,mini_l12-dj_adpt,1,webtable-v2v-v=12-distilroberta-dj_adpt~qwen3_8b-dj_adpt
whr2015.pq::Country,1.0,0.03333333333333333,1.0,0.03333333333333333,1.0,1.0,0.03333333333333333,0.6,0.1,1.0,0.16666666666666666,1.0,1.0,0.08666666666666667,0.3,0.1,1.0,0.3333333333333333,1.0,1.0,0.08666666666666667,0.2,0.1,1.0,0.5,1.0,1.0,0.08666666666666667,0.15,0.1,1.0,0.6666666666666666,1.0,1.0,0.08666666666666667,0.12,0.1,1.0,0.8333333333333334,1.0,1.0,0.08666666666666667,0.1,0.1,1.0,1.0,1.0,1.0,0.08666666666666667,0.11428571428571428,0.13333333333333333,0.8571428571428571,1.0,1.0,1.0,0.09047619047619047,0.1,0.13333333333333333,0.75,1.0,1.0,1.0,0.09047619047619047,0.08888888888888889,0.13333333333333333,0.6666666666666666,1.0,1.0,1.0,0.09047619047619047,0.08,0.13333333333333333,0.6,1.0,1.0,1.0,0.09047619047619047,mini_l12-dj_adpt,1,webtable-v2v-v=12-distilroberta-dj_adpt~qwen3_8b-dj_adpt
countries_and_continents.pq::official_name_fr,0.0,0.0,1.0,0.037037037037037035,0.0,0.0,0.0,0.0,0.0,1.0,0.18518518518518517,0.0,0.0,0.0,0.1,0.037037037037037035,1.0,0.37037037037037035,1.0,0.1,0.003703703703703704,0.06666666666666667,0.037037037037037035,1.0,0.5555555555555556,1.0,0.1,0.003703703703703704,0.05,0.037037037037037035,1.0,0.7407407407407407,1.0,0.1,0.003703703703703704,0.04,0.037037037037037035,1.0,0.9259259259259259,1.0,0.1,0.003703703703703704,0.03333333333333333,0.037037037037037035,0.9,1.0,1.0,0.1,0.003703703703703704,0.02857142857142857,0.037037037037037035,0.7714285714285715,1.0,1.0,0.1,0.003703703703703704,0.05,0.07407407407407407,0.675,1.0,1.0,0.1,0.005555555555555557,0.044444444444444446,0.07407407407407407,0.6,1.0,1.0,0.1,0.005555555555555557,0.04,0.07407407407407407,0.54,1.0,1.0,0.1,0.005555555555555557,mini_l12-dj_adpt,1,webtable-v2v-v=12-distilroberta-dj_adpt~qwen3_8b-dj_adpt
pte_has_property.pq::Arg0,1.0,0.03125,1.0,0.03125,1.0,1.0,0.03125,0.2,0.03125,1.0,0.15625,1.0,1.0,0.03125,0.1,0.03125,1.0,0.3125,1.0,1.0,0.03125,0.06666666666666667,0.03125,1.0,0.46875,1.0,1.0,0.03125,0.05,0.03125,1.0,0.625,1.0,1.0,0.03125,0.08,0.0625,1.0,0.78125,1.0,1.0,0.03375,0.06666666666666667,0.0625,1.0,0.9375,1.0,1.0,0.03375,0.08571428571428572,0.09375,0.9142857142857143,1.0,1.0,1.0,0.03650735294117647,0.075,0.09375,0.8,1.0,1.0,1.0,0.03650735294117647,0.06666666666666667,0.09375,0.7111111111111111,1.0,1.0,1.0,0.03650735294117647,0.06,0.09375,0.64,1.0,1.0,1.0,0.03650735294117647,mini_l12-dj_adpt,1,webtable-v2v-v=12-distilroberta-dj_adpt~qwen3_8b-dj_adpt
cwurData.pq::country,1.0,0.03333333333333333,1.0,0.03333333333333333,1.0,1.0,0.03333333333333333,0.6,0.1,1.0,0.16666666666666666,1.0,1.0,0.09166666666666666,0.3,0.1,1.0,0.3333333333333333,1.0,1.0,0.09166666666666666,0.2,0.1,1.0,0.5,1.0,1.0,0.09166666666666666,0.15,0.1,1.0,0.6666666666666666,1.0,1.0,0.09166666666666666,0.12,0.1,1.0,0.8333333333333334,1.0,1.0,0.09166666666666666,0.1,0.1,1.0,1.0,1.0,1.0,0.09166666666666666,0.08571428571428572,0.1,0.8571428571428571,1.0,1.0,1.0,0.09166666666666666,0.1,0.13333333333333333,0.75,1.0,1.0,1.0,0.095,0.08888888888888889,0.13333333333333333,0.6666666666666666,1.0,1.0,1.0,0.095,0.08,0.13333333333333333,0.6,1.0,1.0,1.0,0.095,mini_l6-dj_adpt,2,webtable-v2v-v=12-distilroberta-dj_adpt~qwen3_8b-dj_adpt
countries_and_continents.pq::ISO4217-currency_country_name,1.0,0.037037037037037035,1.0,0.037037037037037035,1.0,1.0,0.037037037037037035,0.8,0.14814814814814814,1.0,0.18518518518518517,1.0,1.0,0.14074074074074072,0.5,0.18518518518518517,1.0,0.37037037037037035,1.0,1.0,0.17160493827160495,0.3333333333333333,0.18518518518518517,1.0,0.5555555555555556,1.0,1.0,0.17160493827160495,0.25,0.18518518518518517,1.0,0.7407407407407407,1.0,1.0,0.17160493827160495,0.2,0.18518518518518517,1.0,0.9259259259259259,1.0,1.0,0.17160493827160495,0.16666666666666666,0.18518518518518517,0.9,1.0,1.0,1.0,0.17160493827160495,0.14285714285714285,0.18518518518518517,0.7714285714285715,1.0,1.0,1.0,0.17160493827160495,0.125,0.18518518518518517,0.675,1.0,1.0,1.0,0.17160493827160495,0.1111111111111111,0.18518518518518517,0.6,1.0,1.0,1.0,0.17160493827160495,0.12,0.2222222222222222,0.54,1.0,1.0,1.0,0.17643585614600107,mini_l6-dj_adpt,2,webtable-v2v-v=12-distilroberta-dj_adpt~qwen3_8b-dj_adpt
pte_imine.pq::Arg0,1.0,0.03125,1.0,0.03125,1.0,1.0,0.03125,0.4,0.0625,1.0,0.15625,1.0,1.0,0.0625,0.2,0.0625,1.0,0.3125,1.0,1.0,0.0625,0.13333333333333333,0.0625,1.0,0.46875,1.0,1.0,0.0625,0.1,0.0625,1.0,0.625,1.0,1.0,0.0625,0.08,0.0625,1.0,0.78125,1.0,1.0,0.0625,0.1,0.09375,1.0,0.9375,1.0,1.0,0.06597222222222222,0.08571428571428572,0.09375,0.9142857142857143,1.0,1.0,1.0,0.06597222222222222,0.075,0.09375,0.8,1.0,1.0,1.0,0.06597222222222222,0.06666666666666667,0.09375,0.7111111111111111,1.0,1.0,1.0,0.06597222222222222,0.06,0.09375,0.64,1.0,1.0,1.0,0.06597222222222222,mini_l6-dj_adpt,2,webtable-v2v-v=12-distilroberta-dj_adpt~qwen3_8b-dj_adpt
countries_and_continents.pq::official_name_en,0.0,0.0,1.0,0.037037037037037035,0.0,0.0,0.0,0.0,0.0,1.0,0.18518518518518517,0.0,0.0,0.0,0.0,0.0,1.0,0.37037037037037035,0.0,0.0,0.0,0.06666666666666667,0.037037037037037035,1.0,0.5555555555555556,1.0,0.09090909090909091,0.0033670033670033673,0.05,0.037037037037037035,1.0,0.7407407407407407,1.0,0.09090909090909091,0.0033670033670033673,0.04,0.037037037037037035,1.0,0.9259259259259259,1.0,0.09090909090909091,0.0033670033670033673,0.06666666666666667,0.07407407407407407,0.9,1.0,1.0,0.09090909090909091,0.006012506012506013,0.05714285714285714,0.07407407407407407,0.7714285714285715,1.0,1.0,0.09090909090909091,0.006012506012506013,0.05,0.07407407407407407,0.675,1.0,1.0,0.09090909090909091,0.006012506012506013,0.044444444444444446,0.07407407407407407,0.6,1.0,1.0,0.09090909090909091,0.006012506012506013,0.04,0.07407407407407407,0.54,1.0,1.0,0.09090909090909091,0.006012506012506013,mini_l6-dj_adpt,2,webtable-v2v-v=12-distilroberta-dj_adpt~qwen3_8b-dj_adpt
world_country.pq::Name,1.0,0.034482758620689655,1.0,0.034482758620689655,1.0,1.0,0.034482758620689655,0.2,0.034482758620689655,1.0,0.1724137931034483,1.0,1.0,0.034482758620689655,0.2,0.06896551724137931,1.0,0.3448275862068966,1.0,1.0,0.04597701149425287,0.2,0.10344827586206896,1.0,0.5172413793103449,1.0,1.0,0.05459770114942528,0.15,0.10344827586206896,1.0,0.6896551724137931,1.0,1.0,0.05459770114942528,0.16,0.13793103448275862,1.0,0.8620689655172413,1.0,1.0,0.061165845648604264,0.13333333333333333,0.13793103448275862,0.9666666666666667,1.0,1.0,1.0,0.061165845648604264,0.11428571428571428,0.13793103448275862,0.8285714285714286,1.0,1.0,1.0,0.061165845648604264,0.125,0.1724137931034483,0.725,1.0,1.0,1.0,0.06582567789464341,0.13333333333333333,0.20689655172413793,0.6444444444444445,1.0,1.0,1.0,0.07063722560915825,0.14,0.2413793103448276,0.58,1.0,1.0,1.0,0.07546481181605479,mini_l6-dj_adpt,2,webtable-v2v-v=12-distilroberta-dj_adpt~qwen3_8b-dj_adpt
pte_nitro.pq::Arg0,1.0,0.03125,1.0,0.03125,1.0,1.0,0.03125,0.2,0.03125,1.0,0.15625,1.0,1.0,0.03125,0.1,0.03125,1.0,0.3125,1.0,1.0,0.03125,0.06666666666666667,0.03125,1.0,0.46875,1.0,1.0,0.03125,0.05,0.03125,1.0,0.625,1.0,1.0,0.03125,0.08,0.0625,1.0,0.78125,1.0,1.0,0.03422619047619048,0.06666666666666667,0.0625,1.0,0.9375,1.0,1.0,0.03422619047619048,0.05714285714285714,0.0625,0.9142857142857143,1.0,1.0,1.0,0.03422619047619048,0.05,0.0625,0.8,1.0,1.0,1.0,0.03422619047619048,0.044444444444444446,0.0625,0.7111111111111111,1.0,1.0,1.0,0.03422619047619048,0.08,0.125,0.64,1.0,1.0,1.0,0.038868400621118016,mini_l6-dj_adpt,2,webtable-v2v-v=12-distilroberta-dj_adpt~qwen3_8b-dj_adpt
pte_sulfide.pq::Arg0,1.0,0.03125,1.0,0.03125,1.0,1.0,0.03125,0.2,0.03125,1.0,0.15625,1.0,1.0,0.03125,0.1,0.03125,1.0,0.3125,1.0,1.0,0.03125,0.06666666666666667,0.03125,1.0,0.46875,1.0,1.0,0.03125,0.1,0.0625,1.0,0.625,1.0,1.0,0.034722222222222224,0.08,0.0625,1.0,0.78125,1.0,1.0,0.034722222222222224,0.06666666666666667,0.0625,1.0,0.9375,1.0,1.0,0.034722222222222224,0.08571428571428572,0.09375,0.9142857142857143,1.0,1.0,1.0,0.03756313131313131,0.1,0.125,0.8,1.0,1.0,1.0,0.04085260499734184,0.1111111111111111,0.15625,0.7111111111111111,1.0,1.0,1.0,0.0444863259275744,0.1,0.15625,0.64,1.0,1.0,1.0,0.0444863259275744,mini_l6-dj_adpt,2,webtable-v2v-v=12-distilroberta-dj_adpt~qwen3_8b-dj_adpt
pte_non_ar_hetero_6_ring.pq::Arg0,1.0,0.03125,1.0,0.03125,1.0,1.0,0.03125,0.4,0.0625,1.0,0.15625,1.0,1.0,0.0625,0.2,0.0625,1.0,0.3125,1.0,1.0,0.0625,0.13333333333333333,0.0625,1.0,0.46875,1.0,1.0,0.0625,0.15,0.09375,1.0,0.625,1.0,1.0,0.068359375,0.12,0.09375,1.0,0.78125,1.0,1.0,0.068359375,0.1,0.09375,1.0,0.9375,1.0,1.0,0.068359375,0.11428571428571428,0.125,0.9142857142857143,1.0,1.0,1.0,0.072265625,0.1,0.125,0.8,1.0,1.0,1.0,0.072265625,0.08888888888888889,0.125,0.7111111111111111,1.0,1.0,1.0,0.072265625,0.08,0.125,0.64,1.0,1.0,1.0,0.072265625,mini_l6-dj_adpt,2,webtable-v2v-v=12-distilroberta-dj_adpt~qwen3_8b-dj_adpt
Word_University_Rank_2020.pq::Country,1.0,0.03333333333333333,1.0,0.03333333333333333,1.0,1.0,0.03333333333333333,0.4,0.06666666666666667,1.0,0.16666666666666666,1.0,1.0,0.05,0.3,0.1,1.0,0.3333333333333333,1.0,1.0,0.0625,0.2,0.1,1.0,0.5,1.0,1.0,0.0625,0.15,0.1,1.0,0.6666666666666666,1.0,1.0,0.0625,0.12,0.1,1.0,0.8333333333333334,1.0,1.0,0.0625,0.1,0.1,1.0,1.0,1.0,1.0,0.0625,0.08571428571428572,0.1,0.8571428571428571,1.0,1.0,1.0,0.0625,0.075,0.1,0.75,1.0,1.0,1.0,0.0625,0.06666666666666667,0.1,0.6666666666666666,1.0,1.0,1.0,0.0625,0.06,0.1,0.6,1.0,1.0,1.0,0.0625,mini_l6-dj_adpt,2,webtable-v2v-v=12-distilroberta-dj_adpt~qwen3_8b-dj_adpt
gender_development.pq::Country,1.0,0.03333333333333333,1.0,0.03333333333333333,1.0,1.0,0.03333333333333333,0.2,0.03333333333333333,1.0,0.16666666666666666,1.0,1.0,0.03333333333333333,0.2,0.06666666666666667,1.0,0.3333333333333333,1.0,1.0,0.040740740740740744,0.13333333333333333,0.06666666666666667,1.0,0.5,1.0,1.0,0.040740740740740744,0.1,0.06666666666666667,1.0,0.6666666666666666,1.0,1.0,0.040740740740740744,0.12,0.1,1.0,0.8333333333333334,1.0,1.0,0.0455026455026455,0.1,0.1,1.0,1.0,1.0,1.0,0.0455026455026455,0.08571428571428572,0.1,0.8571428571428571,1.0,1.0,1.0,0.0455026455026455,0.075,0.1,0.75,1.0,1.0,1.0,0.0455026455026455,0.06666666666666667,0.1,0.6666666666666666,1.0,1.0,1.0,0.0455026455026455,0.06,0.1,0.6,1.0,1.0,1.0,0.0455026455026455,mini_l6-dj_adpt,2,webtable-v2v-v=12-distilroberta-dj_adpt~qwen3_8b-dj_adpt
pte_testactive_Neg.pq::Arg0,1.0,0.03125,1.0,0.03125,1.0,1.0,0.03125,0.4,0.0625,1.0,0.15625,1.0,1.0,0.0625,0.2,0.0625,1.0,0.3125,1.0,1.0,0.0625,0.13333333333333333,0.0625,1.0,0.46875,1.0,1.0,0.0625,0.1,0.0625,1.0,0.625,1.0,1.0,0.0625,0.08,0.0625,1.0,0.78125,1.0,1.0,0.0625,0.06666666666666667,0.0625,1.0,0.9375,1.0,1.0,0.0625,0.05714285714285714,0.0625,0.9142857142857143,1.0,1.0,1.0,0.0625,0.075,0.09375,0.8,1.0,1.0,1.0,0.06484375,0.06666666666666667,0.09375,0.7111111111111111,1.0,1.0,1.0,0.06484375,0.06,0.09375,0.64,1.0,1.0,1.0,0.06484375,mini_l6-dj_adpt,2,webtable-v2v-v=12-distilroberta-dj_adpt~qwen3_8b-dj_adpt
edu.pq::country,0.0,0.0,1.0,0.03333333333333333,0.0,0.0,0.0,0.2,0.03333333333333333,1.0,0.16666666666666666,1.0,0.3333333333333333,0.01111111111111111,0.2,0.06666666666666667,1.0,0.3333333333333333,1.0,0.3333333333333333,0.02222222222222222,0.26666666666666666,0.13333333333333333,1.0,0.5,1.0,0.3333333333333333,0.04156954156954156,0.25,0.16666666666666666,1.0,0.6666666666666666,1.0,0.3333333333333333,0.05034147139410297,0.2,0.16666666666666666,1.0,0.8333333333333334,1.0,0.3333333333333333,0.05034147139410297,0.2,0.2,1.0,1.0,1.0,0.3333333333333333,0.05803377908641066,0.2,0.23333333333333334,0.8571428571428571,1.0,1.0,0.3333333333333333,0.06489652418444988,0.175,0.23333333333333334,0.75,1.0,1.0,0.3333333333333333,0.06489652418444988,0.15555555555555556,0.23333333333333334,0.6666666666666666,1.0,1.0,0.3333333333333333,0.06489652418444988,0.16,0.26666666666666666,0.6,1.0,1.0,0.3333333333333333,0.07022985751778323,mini_l6-dj_adpt,2,webtable-v2v-v=12-distilroberta-dj_adpt~qwen3_8b-dj_adpt
AdventureWorks2014_CountryRegion.pq::Name,1.0,0.03333333333333333,1.0,0.03333333333333333,1.0,1.0,0.03333333333333333,1.0,0.16666666666666666,1.0,0.16666666666666666,1.0,1.0,0.16666666666666666,0.6,0.2,1.0,0.3333333333333333,1.0,1.0,0.2,0.4,0.2,1.0,0.5,1.0,1.0,0.2,0.3,0.2,1.0,0.6666666666666666,1.0,1.0,0.2,0.24,0.2,1.0,0.8333333333333334,1.0,1.0,0.2,0.23333333333333334,0.23333333333333334,1.0,1.0,1.0,1.0,0.20897435897435898,0.22857142857142856,0.26666666666666666,0.8571428571428571,1.0,1.0,1.0,0.2173076923076923,0.2,0.26666666666666666,0.75,1.0,1.0,1.0,0.2173076923076923,0.17777777777777778,0.26666666666666666,0.6666666666666666,1.0,1.0,1.0,0.2173076923076923,0.16,0.26666666666666666,0.6,1.0,1.0,1.0,0.2173076923076923,mini_l6-dj_adpt,2,webtable-v2v-v=12-distilroberta-dj_adpt~qwen3_8b-dj_adpt
pte_methoxy.pq::Arg0,1.0,0.03125,1.0,0.03125,1.0,1.0,0.03125,0.2,0.03125,1.0,0.15625,1.0,1.0,0.03125,0.1,0.03125,1.0,0.3125,1.0,1.0,0.03125,0.06666666666666667,0.03125,1.0,0.46875,1.0,1.0,0.03125,0.05,0.03125,1.0,0.625,1.0,1.0,0.03125,0.04,0.03125,1.0,0.78125,1.0,1.0,0.03125,0.03333333333333333,0.03125,1.0,0.9375,1.0,1.0,0.03125,0.02857142857142857,0.03125,0.9142857142857143,1.0,1.0,1.0,0.03125,0.025,0.03125,0.8,1.0,1.0,1.0,0.03125,0.022222222222222223,0.03125,0.7111111111111111,1.0,1.0,1.0,0.03125,0.02,0.03125,0.64,1.0,1.0,1.0,0.03125,mini_l6-dj_adpt,2,webtable-v2v-v=12-distilroberta-dj_adpt~qwen3_8b-dj_adpt
world-cities.pq::country,1.0,0.03333333333333333,1.0,0.03333333333333333,1.0,1.0,0.03333333333333333,0.6,0.1,1.0,0.16666666666666666,1.0,1.0,0.1,0.4,0.13333333333333333,1.0,0.3333333333333333,1.0,1.0,0.12222222222222222,0.4,0.2,1.0,0.5,1.0,1.0,0.14944444444444444,0.3,0.2,1.0,0.6666666666666666,1.0,1.0,0.14944444444444444,0.24,0.2,1.0,0.8333333333333334,1.0,1.0,0.14944444444444444,0.2,0.2,1.0,1.0,1.0,1.0,0.14944444444444444,0.17142857142857143,0.2,0.8571428571428571,1.0,1.0,1.0,0.14944444444444444,0.15,0.2,0.75,1.0,1.0,1.0,0.14944444444444444,0.13333333333333333,0.2,0.6666666666666666,1.0,1.0,1.0,0.14944444444444444,0.14,0.23333333333333334,0.6,1.0,1.0,1.0,0.15440898345153664,mini_l6-dj_adpt,2,webtable-v2v-v=12-distilroberta-dj_adpt~qwen3_8b-dj_adpt
movies.pq::country,1.0,0.03333333333333333,1.0,0.03333333333333333,1.0,1.0,0.03333333333333333,0.6,0.1,1.0,0.16666666666666666,1.0,1.0,0.1,0.3,0.1,1.0,0.3333333333333333,1.0,1.0,0.1,0.2,0.1,1.0,0.5,1.0,1.0,0.1,0.15,0.1,1.0,0.6666666666666666,1.0,1.0,0.1,0.12,0.1,1.0,0.8333333333333334,1.0,1.0,0.1,0.13333333333333333,0.13333333333333333,1.0,1.0,1.0,1.0,0.10493827160493827,0.11428571428571428,0.13333333333333333,0.8571428571428571,1.0,1.0,1.0,0.10493827160493827,0.1,0.13333333333333333,0.75,1.0,1.0,1.0,0.10493827160493827,0.08888888888888889,0.13333333333333333,0.6666666666666666,1.0,1.0,1.0,0.10493827160493827,0.08,0.13333333333333333,0.6,1.0,1.0,1.0,0.10493827160493827,mini_l6-dj_adpt,2,webtable-v2v-v=12-distilroberta-dj_adpt~qwen3_8b-dj_adpt
countries_data.pq::CountryName,1.0,0.03333333333333333,1.0,0.03333333333333333,1.0,1.0,0.03333333333333333,0.4,0.06666666666666667,1.0,0.16666666666666666,1.0,1.0,0.06666666666666667,0.4,0.13333333333333333,1.0,0.3333333333333333,1.0,1.0,0.09428571428571429,0.26666666666666666,0.13333333333333333,1.0,0.5,1.0,1.0,0.09428571428571429,0.2,0.13333333333333333,1.0,0.6666666666666666,1.0,1.0,0.09428571428571429,0.16,0.13333333333333333,1.0,0.8333333333333334,1.0,1.0,0.09428571428571429,0.13333333333333333,0.13333333333333333,1.0,1.0,1.0,1.0,0.09428571428571429,0.14285714285714285,0.16666666666666666,0.8571428571428571,1.0,1.0,1.0,0.09904761904761905,0.15,0.2,0.75,1.0,1.0,1.0,0.10445302445302446,0.13333333333333333,0.2,0.6666666666666666,1.0,1.0,1.0,0.10445302445302446,0.12,0.2,0.6,1.0,1.0,1.0,0.10445302445302446,mini_l6-dj_adpt,2,webtable-v2v-v=12-distilroberta-dj_adpt~qwen3_8b-dj_adpt
pte_alcohol.pq::Arg0,0.0,0.0,1.0,0.03125,0.0,0.0,0.0,0.0,0.0,1.0,0.15625,0.0,0.0,0.0,0.0,0.0,1.0,0.3125,0.0,0.0,0.0,0.0,0.0,1.0,0.46875,0.0,0.0,0.0,0.0,0.0,1.0,0.625,0.0,0.0,0.0,0.0,0.0,1.0,0.78125,0.0,0.0,0.0,0.0,0.0,1.0,0.9375,0.0,0.0,0.0,0.0,0.0,0.9142857142857143,1.0,0.0,0.0,0.0,0.0,0.0,0.8,1.0,0.0,0.0,0.0,0.0,0.0,0.7111111111111111,1.0,0.0,0.0,0.0,0.0,0.0,0.64,1.0,0.0,0.0,0.0,mini_l6-dj_adpt,2,webtable-v2v-v=12-distilroberta-dj_adpt~qwen3_8b-dj_adpt
pte_phenol.pq::Arg0,1.0,0.03125,1.0,0.03125,1.0,1.0,0.03125,0.2,0.03125,1.0,0.15625,1.0,1.0,0.03125,0.1,0.03125,1.0,0.3125,1.0,1.0,0.03125,0.06666666666666667,0.03125,1.0,0.46875,1.0,1.0,0.03125,0.05,0.03125,1.0,0.625,1.0,1.0,0.03125,0.04,0.03125,1.0,0.78125,1.0,1.0,0.03125,0.06666666666666667,0.0625,1.0,0.9375,1.0,1.0,0.03333333333333333,0.08571428571428572,0.09375,0.9142857142857143,1.0,1.0,1.0,0.0360906862745098,0.1,0.125,0.8,1.0,1.0,1.0,0.039562908496732024,0.08888888888888889,0.125,0.7111111111111111,1.0,1.0,1.0,0.039562908496732024,0.1,0.15625,0.64,1.0,1.0,1.0,0.04295964762716681,mini_l6-dj_adpt,2,webtable-v2v-v=12-distilroberta-dj_adpt~qwen3_8b-dj_adpt
pte_ester.pq::Arg0,0.0,0.0,1.0,0.03125,0.0,0.0,0.0,0.0,0.0,1.0,0.15625,0.0,0.0,0.0,0.0,0.0,1.0,0.3125,0.0,0.0,0.0,0.0,0.0,1.0,0.46875,0.0,0.0,0.0,0.0,0.0,1.0,0.625,0.0,0.0,0.0,0.04,0.03125,1.0,0.78125,1.0,0.041666666666666664,0.0013020833333333333,0.06666666666666667,0.0625,1.0,0.9375,1.0,0.041666666666666664,0.0034572557471264365,0.08571428571428572,0.09375,0.9142857142857143,1.0,1.0,0.041666666666666664,0.006135827175697865,0.075,0.09375,0.8,1.0,1.0,0.041666666666666664,0.006135827175697865,0.08888888888888889,0.125,0.7111111111111111,1.0,1.0,0.041666666666666664,0.009042803919883912,0.08,0.125,0.64,1.0,1.0,0.041666666666666664,0.009042803919883912,mini_l6-dj_adpt,2,webtable-v2v-v=12-distilroberta-dj_adpt~qwen3_8b-dj_adpt
pte_non_ar_hetero_5_ring.pq::Arg0,1.0,0.03125,1.0,0.03125,1.0,1.0,0.03125,0.4,0.0625,1.0,0.15625,1.0,1.0,0.0625,0.2,0.0625,1.0,0.3125,1.0,1.0,0.0625,0.13333333333333333,0.0625,1.0,0.46875,1.0,1.0,0.0625,0.1,0.0625,1.0,0.625,1.0,1.0,0.0625,0.08,0.0625,1.0,0.78125,1.0,1.0,0.0625,0.06666666666666667,0.0625,1.0,0.9375,1.0,1.0,0.0625,0.05714285714285714,0.0625,0.9142857142857143,1.0,1.0,1.0,0.0625,0.075,0.09375,0.8,1.0,1.0,1.0,0.06510416666666667,0.06666666666666667,0.09375,0.7111111111111111,1.0,1.0,1.0,0.06510416666666667,0.06,0.09375,0.64,1.0,1.0,1.0,0.06510416666666667,mini_l6-dj_adpt,2,webtable-v2v-v=12-distilroberta-dj_adpt~qwen3_8b-dj_adpt
population_by_country_2020.pq::CountryDependency,1.0,0.03333333333333333,1.0,0.03333333333333333,1.0,1.0,0.03333333333333333,0.8,0.13333333333333333,1.0,0.16666666666666666,1.0,1.0,0.13333333333333333,0.4,0.13333333333333333,1.0,0.3333333333333333,1.0,1.0,0.13333333333333333,0.26666666666666666,0.13333333333333333,1.0,0.5,1.0,1.0,0.13333333333333333,0.2,0.13333333333333333,1.0,0.6666666666666666,1.0,1.0,0.13333333333333333,0.16,0.13333333333333333,1.0,0.8333333333333334,1.0,1.0,0.13333333333333333,0.13333333333333333,0.13333333333333333,1.0,1.0,1.0,1.0,0.13333333333333333,0.11428571428571428,0.13333333333333333,0.8571428571428571,1.0,1.0,1.0,0.13333333333333333,0.125,0.16666666666666666,0.75,1.0,1.0,1.0,0.13783783783783785,0.1111111111111111,0.16666666666666666,0.6666666666666666,1.0,1.0,1.0,0.13783783783783785,0.1,0.16666666666666666,0.6,1.0,1.0,1.0,0.13783783783783785,mini_l6-dj_adpt,2,webtable-v2v-v=12-distilroberta-dj_adpt~qwen3_8b-dj_adpt
pte_non_ar_5c_ring.pq::Arg0,0.0,0.0,1.0,0.03125,0.0,0.0,0.0,0.0,0.0,1.0,0.15625,0.0,0.0,0.0,0.0,0.0,1.0,0.3125,0.0,0.0,0.0,0.0,0.0,1.0,0.46875,0.0,0.0,0.0,0.0,0.0,1.0,0.625,0.0,0.0,0.0,0.0,0.0,1.0,0.78125,0.0,0.0,0.0,0.0,0.0,1.0,0.9375,0.0,0.0,0.0,0.0,0.0,0.9142857142857143,1.0,0.0,0.0,0.0,0.0,0.0,0.8,1.0,0.0,0.0,0.0,0.0,0.0,0.7111111111111111,1.0,0.0,0.0,0.0,0.0,0.0,0.64,1.0,0.0,0.0,0.0,mini_l6-dj_adpt,2,webtable-v2v-v=12-distilroberta-dj_adpt~qwen3_8b-dj_adpt
fifa_ranking.pq::country_full,1.0,0.03333333333333333,1.0,0.03333333333333333,1.0,1.0,0.03333333333333333,0.6,0.1,1.0,0.16666666666666666,1.0,1.0,0.08055555555555555,0.4,0.13333333333333333,1.0,0.3333333333333333,1.0,1.0,0.09722222222222222,0.3333333333333333,0.16666666666666666,1.0,0.5,1.0,1.0,0.11237373737373738,0.25,0.16666666666666666,1.0,0.6666666666666666,1.0,1.0,0.11237373737373738,0.2,0.16666666666666666,1.0,0.8333333333333334,1.0,1.0,0.11237373737373738,0.16666666666666666,0.16666666666666666,1.0,1.0,1.0,1.0,0.11237373737373738,0.2,0.23333333333333334,0.8571428571428571,1.0,1.0,1.0,0.12589605734767026,0.175,0.23333333333333334,0.75,1.0,1.0,1.0,0.12589605734767026,0.15555555555555556,0.23333333333333334,0.6666666666666666,1.0,1.0,1.0,0.12589605734767026,0.14,0.23333333333333334,0.6,1.0,1.0,1.0,0.12589605734767026,mini_l6-dj_adpt,2,webtable-v2v-v=12-distilroberta-dj_adpt~qwen3_8b-dj_adpt
countries_of_the_world.pq::Country,1.0,0.03333333333333333,1.0,0.03333333333333333,1.0,1.0,0.03333333333333333,1.0,0.16666666666666666,1.0,0.16666666666666666,1.0,1.0,0.16666666666666666,0.6,0.2,1.0,0.3333333333333333,1.0,1.0,0.19523809523809524,0.4666666666666667,0.23333333333333334,1.0,0.5,1.0,1.0,0.2131868131868132,0.35,0.23333333333333334,1.0,0.6666666666666666,1.0,1.0,0.2131868131868132,0.28,0.23333333333333334,1.0,0.8333333333333334,1.0,1.0,0.2131868131868132,0.26666666666666666,0.26666666666666666,1.0,1.0,1.0,1.0,0.22238221548566375,0.22857142857142856,0.26666666666666666,0.8571428571428571,1.0,1.0,1.0,0.22238221548566375,0.2,0.26666666666666666,0.75,1.0,1.0,1.0,0.22238221548566375,0.17777777777777778,0.26666666666666666,0.6666666666666666,1.0,1.0,1.0,0.22238221548566375,0.16,0.26666666666666666,0.6,1.0,1.0,1.0,0.22238221548566375,mini_l6-dj_adpt,2,webtable-v2v-v=12-distilroberta-dj_adpt~qwen3_8b-dj_adpt
pte_ketone.pq::Arg0,1.0,0.03125,1.0,0.03125,1.0,1.0,0.03125,0.4,0.0625,1.0,0.15625,1.0,1.0,0.05208333333333333,0.2,0.0625,1.0,0.3125,1.0,1.0,0.05208333333333333,0.13333333333333333,0.0625,1.0,0.46875,1.0,1.0,0.05208333333333333,0.1,0.0625,1.0,0.625,1.0,1.0,0.05208333333333333,0.08,0.0625,1.0,0.78125,1.0,1.0,0.05208333333333333,0.06666666666666667,0.0625,1.0,0.9375,1.0,1.0,0.05208333333333333,0.05714285714285714,0.0625,0.9142857142857143,1.0,1.0,1.0,0.05208333333333333,0.05,0.0625,0.8,1.0,1.0,1.0,0.05208333333333333,0.044444444444444446,0.0625,0.7111111111111111,1.0,1.0,1.0,0.05208333333333333,0.04,0.0625,0.64,1.0,1.0,1.0,0.05208333333333333,mini_l6-dj_adpt,2,webtable-v2v-v=12-distilroberta-dj_adpt~qwen3_8b-dj_adpt
who_suicide_statistics.pq::country,1.0,0.03333333333333333,1.0,0.03333333333333333,1.0,1.0,0.03333333333333333,0.2,0.03333333333333333,1.0,0.16666666666666666,1.0,1.0,0.03333333333333333,0.2,0.06666666666666667,1.0,0.3333333333333333,1.0,1.0,0.040740740740740744,0.2,0.1,1.0,0.5,1.0,1.0,0.049831649831649824,0.15,0.1,1.0,0.6666666666666666,1.0,1.0,0.049831649831649824,0.12,0.1,1.0,0.8333333333333334,1.0,1.0,0.049831649831649824,0.1,0.1,1.0,1.0,1.0,1.0,0.049831649831649824,0.08571428571428572,0.1,0.8571428571428571,1.0,1.0,1.0,0.049831649831649824,0.075,0.1,0.75,1.0,1.0,1.0,0.049831649831649824,0.06666666666666667,0.1,0.6666666666666666,1.0,1.0,1.0,0.049831649831649824,0.06,0.1,0.6,1.0,1.0,1.0,0.049831649831649824,mini_l6-dj_adpt,2,webtable-v2v-v=12-distilroberta-dj_adpt~qwen3_8b-dj_adpt
UKDebate.pq::country,0.0,0.0,1.0,0.03333333333333333,0.0,0.0,0.0,0.0,0.0,1.0,0.16666666666666666,0.0,0.0,0.0,0.0,0.0,1.0,0.3333333333333333,0.0,0.0,0.0,0.0,0.0,1.0,0.5,0.0,0.0,0.0,0.0,0.0,1.0,0.6666666666666666,0.0,0.0,0.0,0.0,0.0,1.0,0.8333333333333334,0.0,0.0,0.0,0.0,0.0,1.0,1.0,0.0,0.0,0.0,0.0,0.0,0.8571428571428571,1.0,0.0,0.0,0.0,0.0,0.0,0.75,1.0,0.0,0.0,0.0,0.0,0.0,0.6666666666666666,1.0,0.0,0.0,0.0,0.0,0.0,0.6,1.0,0.0,0.0,0.0,mini_l6-dj_adpt,2,webtable-v2v-v=12-distilroberta-dj_adpt~qwen3_8b-dj_adpt
World_countries_env_vars.pq::Country,0.0,0.0,1.0,0.03333333333333333,0.0,0.0,0.0,0.4,0.06666666666666667,1.0,0.16666666666666666,1.0,0.5,0.03333333333333333,0.2,0.06666666666666667,1.0,0.3333333333333333,1.0,0.5,0.03333333333333333,0.3333333333333333,0.16666666666666666,1.0,0.5,1.0,0.5,0.0623015873015873,0.3,0.2,1.0,0.6666666666666666,1.0,0.5,0.07282790309106099,0.24,0.2,1.0,0.8333333333333334,1.0,0.5,0.07282790309106099,0.2,0.2,1.0,1.0,1.0,0.5,0.07282790309106099,0.2,0.23333333333333334,0.8571428571428571,1.0,1.0,0.5,0.07989861016176805,0.175,0.23333333333333334,0.75,1.0,1.0,0.5,0.07989861016176805,0.17777777777777778,0.26666666666666666,0.6666666666666666,1.0,1.0,0.5,0.08582453608769397,0.16,0.26666666666666666,0.6,1.0,1.0,0.5,0.08582453608769397,mini_l6-dj_adpt,2,webtable-v2v-v=12-distilroberta-dj_adpt~qwen3_8b-dj_adpt
USA_cars_datasets.pq::country,0.0,0.0,1.0,0.03333333333333333,0.0,0.0,0.0,0.0,0.0,1.0,0.16666666666666666,0.0,0.0,0.0,0.0,0.0,1.0,0.3333333333333333,0.0,0.0,0.0,0.0,0.0,1.0,0.5,0.0,0.0,0.0,0.0,0.0,1.0,0.6666666666666666,0.0,0.0,0.0,0.0,0.0,1.0,0.8333333333333334,0.0,0.0,0.0,0.0,0.0,1.0,1.0,0.0,0.0,0.0,0.0,0.0,0.8571428571428571,1.0,0.0,0.0,0.0,0.0,0.0,0.75,1.0,0.0,0.0,0.0,0.0,0.0,0.6666666666666666,1.0,0.0,0.0,0.0,0.0,0.0,0.6,1.0,0.0,0.0,0.0,mini_l6-dj_adpt,2,webtable-v2v-v=12-distilroberta-dj_adpt~qwen3_8b-dj_adpt
netflix_titles.pq::country,1.0,0.03333333333333333,1.0,0.03333333333333333,1.0,1.0,0.03333333333333333,0.8,0.13333333333333333,1.0,0.16666666666666666,1.0,1.0,0.13333333333333333,0.4,0.13333333333333333,1.0,0.3333333333333333,1.0,1.0,0.13333333333333333,0.26666666666666666,0.13333333333333333,1.0,0.5,1.0,1.0,0.13333333333333333,0.2,0.13333333333333333,1.0,0.6666666666666666,1.0,1.0,0.13333333333333333,0.16,0.13333333333333333,1.0,0.8333333333333334,1.0,1.0,0.13333333333333333,0.13333333333333333,0.13333333333333333,1.0,1.0,1.0,1.0,0.13333333333333333,0.11428571428571428,0.13333333333333333,0.8571428571428571,1.0,1.0,1.0,0.13333333333333333,0.1,0.13333333333333333,0.75,1.0,1.0,1.0,0.13333333333333333,0.08888888888888889,0.13333333333333333,0.6666666666666666,1.0,1.0,1.0,0.13333333333333333,0.08,0.13333333333333333,0.6,1.0,1.0,1.0,0.13333333333333333,mini_l6-dj_adpt,2,webtable-v2v-v=12-distilroberta-dj_adpt~qwen3_8b-dj_adpt
pte_ames.pq::Arg0,0.0,0.0,1.0,0.03125,0.0,0.0,0.0,0.2,0.03125,1.0,0.15625,1.0,0.2,0.00625,0.2,0.0625,1.0,0.3125,1.0,0.2,0.015178571428571428,0.13333333333333333,0.0625,1.0,0.46875,1.0,0.2,0.015178571428571428,0.1,0.0625,1.0,0.625,1.0,0.2,0.015178571428571428,0.08,0.0625,1.0,0.78125,1.0,0.2,0.015178571428571428,0.06666666666666667,0.0625,1.0,0.9375,1.0,0.2,0.015178571428571428,0.08571428571428572,0.09375,0.9142857142857143,1.0,1.0,0.2,0.018202764976958524,0.1,0.125,0.8,1.0,1.0,0.2,0.021581143355336903,0.1111111111111111,0.15625,0.7111111111111111,1.0,1.0,0.2,0.025392118965093,0.1,0.15625,0.64,1.0,1.0,0.2,0.025392118965093,mini_l6-dj_adpt,2,webtable-v2v-v=12-distilroberta-dj_adpt~qwen3_8b-dj_adpt
movie_metadata.pq::country,1.0,0.03333333333333333,1.0,0.03333333333333333,1.0,1.0,0.03333333333333333,0.4,0.06666666666666667,1.0,0.16666666666666666,1.0,1.0,0.05555555555555555,0.2,0.06666666666666667,1.0,0.3333333333333333,1.0,1.0,0.05555555555555555,0.13333333333333333,0.06666666666666667,1.0,0.5,1.0,1.0,0.05555555555555555,0.1,0.06666666666666667,1.0,0.6666666666666666,1.0,1.0,0.05555555555555555,0.08,0.06666666666666667,1.0,0.8333333333333334,1.0,1.0,0.05555555555555555,0.06666666666666667,0.06666666666666667,1.0,1.0,1.0,1.0,0.05555555555555555,0.05714285714285714,0.06666666666666667,0.8571428571428571,1.0,1.0,1.0,0.05555555555555555,0.05,0.06666666666666667,0.75,1.0,1.0,1.0,0.05555555555555555,0.044444444444444446,0.06666666666666667,0.6666666666666666,1.0,1.0,1.0,0.05555555555555555,0.06,0.1,0.6,1.0,1.0,1.0,0.057555555555555554,mini_l6-dj_adpt,2,webtable-v2v-v=12-distilroberta-dj_adpt~qwen3_8b-dj_adpt
world_country.pq::LocalName,1.0,0.034482758620689655,1.0,0.034482758620689655,1.0,1.0,0.034482758620689655,0.4,0.06896551724137931,1.0,0.1724137931034483,1.0,1.0,0.06896551724137931,0.3,0.10344827586206896,1.0,0.3448275862068966,1.0,1.0,0.08374384236453201,0.2,0.10344827586206896,1.0,0.5172413793103449,1.0,1.0,0.08374384236453201,0.15,0.10344827586206896,1.0,0.6896551724137931,1.0,1.0,0.08374384236453201,0.12,0.10344827586206896,1.0,0.8620689655172413,1.0,1.0,0.08374384236453201,0.16666666666666666,0.1724137931034483,0.9666666666666667,1.0,1.0,1.0,0.09479600858911204,0.17142857142857143,0.20689655172413793,0.8285714285714286,1.0,1.0,1.0,0.1008812012868808,0.15,0.20689655172413793,0.725,1.0,1.0,1.0,0.1008812012868808,0.13333333333333333,0.20689655172413793,0.6444444444444445,1.0,1.0,1.0,0.1008812012868808,0.12,0.20689655172413793,0.58,1.0,1.0,1.0,0.1008812012868808,mini_l6-dj_adpt,2,webtable-v2v-v=12-distilroberta-dj_adpt~qwen3_8b-dj_adpt
countries_metadatacountries.pq::CountryName,1.0,0.03333333333333333,1.0,0.03333333333333333,1.0,1.0,0.03333333333333333,0.6,0.1,1.0,0.16666666666666666,1.0,1.0,0.1,0.4,0.13333333333333333,1.0,0.3333333333333333,1.0,1.0,0.11666666666666667,0.3333333333333333,0.16666666666666666,1.0,0.5,1.0,1.0,0.1294871794871795,0.25,0.16666666666666666,1.0,0.6666666666666666,1.0,1.0,0.1294871794871795,0.2,0.16666666666666666,1.0,0.8333333333333334,1.0,1.0,0.1294871794871795,0.2,0.2,1.0,1.0,1.0,1.0,0.13615384615384615,0.17142857142857143,0.2,0.8571428571428571,1.0,1.0,1.0,0.13615384615384615,0.15,0.2,0.75,1.0,1.0,1.0,0.13615384615384615,0.15555555555555556,0.23333333333333334,0.6666666666666666,1.0,1.0,1.0,0.14170940170940172,0.14,0.23333333333333334,0.6,1.0,1.0,1.0,0.14170940170940172,mini_l6-dj_adpt,2,webtable-v2v-v=12-distilroberta-dj_adpt~qwen3_8b-dj_adpt
pte_postestactive_neg.pq::Arg0,1.0,0.03125,1.0,0.03125,1.0,1.0,0.03125,0.4,0.0625,1.0,0.15625,1.0,1.0,0.0625,0.2,0.0625,1.0,0.3125,1.0,1.0,0.0625,0.13333333333333333,0.0625,1.0,0.46875,1.0,1.0,0.0625,0.1,0.0625,1.0,0.625,1.0,1.0,0.0625,0.08,0.0625,1.0,0.78125,1.0,1.0,0.0625,0.06666666666666667,0.0625,1.0,0.9375,1.0,1.0,0.0625,0.05714285714285714,0.0625,0.9142857142857143,1.0,1.0,1.0,0.0625,0.075,0.09375,0.8,1.0,1.0,1.0,0.06484375,0.06666666666666667,0.09375,0.7111111111111111,1.0,1.0,1.0,0.06484375,0.06,0.09375,0.64,1.0,1.0,1.0,0.06484375,mini_l6-dj_adpt,2,webtable-v2v-v=12-distilroberta-dj_adpt~qwen3_8b-dj_adpt
pte_alkyl_halide.pq::Arg0,1.0,0.03125,1.0,0.03125,1.0,1.0,0.03125,0.2,0.03125,1.0,0.15625,1.0,1.0,0.03125,0.1,0.03125,1.0,0.3125,1.0,1.0,0.03125,0.06666666666666667,0.03125,1.0,0.46875,1.0,1.0,0.03125,0.05,0.03125,1.0,0.625,1.0,1.0,0.03125,0.04,0.03125,1.0,0.78125,1.0,1.0,0.03125,0.03333333333333333,0.03125,1.0,0.9375,1.0,1.0,0.03125,0.02857142857142857,0.03125,0.9142857142857143,1.0,1.0,1.0,0.03125,0.025,0.03125,0.8,1.0,1.0,1.0,0.03125,0.022222222222222223,0.03125,0.7111111111111111,1.0,1.0,1.0,0.03125,0.02,0.03125,0.64,1.0,1.0,1.0,0.03125,mini_l6-dj_adpt,2,webtable-v2v-v=12-distilroberta-dj_adpt~qwen3_8b-dj_adpt
pte_testactive.pq::Arg0,0.0,0.0,1.0,0.03125,0.0,0.0,0.0,0.0,0.0,1.0,0.15625,0.0,0.0,0.0,0.0,0.0,1.0,0.3125,0.0,0.0,0.0,0.0,0.0,1.0,0.46875,0.0,0.0,0.0,0.05,0.03125,1.0,0.625,1.0,0.0625,0.001953125,0.04,0.03125,1.0,0.78125,1.0,0.0625,0.001953125,0.03333333333333333,0.03125,1.0,0.9375,1.0,0.0625,0.001953125,0.02857142857142857,0.03125,0.9142857142857143,1.0,1.0,0.0625,0.001953125,0.025,0.03125,0.8,1.0,1.0,0.0625,0.001953125,0.022222222222222223,0.03125,0.7111111111111111,1.0,1.0,0.0625,0.001953125,0.02,0.03125,0.64,1.0,1.0,0.0625,0.001953125,mini_l6-dj_adpt,2,webtable-v2v-v=12-distilroberta-dj_adpt~qwen3_8b-dj_adpt
hfi_cc_2018.pq::countries,1.0,0.03333333333333333,1.0,0.03333333333333333,1.0,1.0,0.03333333333333333,0.4,0.06666666666666667,1.0,0.16666666666666666,1.0,1.0,0.05555555555555555,0.4,0.13333333333333333,1.0,0.3333333333333333,1.0,1.0,0.08138888888888889,0.26666666666666666,0.13333333333333333,1.0,0.5,1.0,1.0,0.08138888888888889,0.2,0.13333333333333333,1.0,0.6666666666666666,1.0,1.0,0.08138888888888889,0.16,0.13333333333333333,1.0,0.8333333333333334,1.0,1.0,0.08138888888888889,0.13333333333333333,0.13333333333333333,1.0,1.0,1.0,1.0,0.08138888888888889,0.14285714285714285,0.16666666666666666,0.8571428571428571,1.0,1.0,1.0,0.08659722222222221,0.125,0.16666666666666666,0.75,1.0,1.0,1.0,0.08659722222222221,0.1111111111111111,0.16666666666666666,0.6666666666666666,1.0,1.0,1.0,0.08659722222222221,0.12,0.2,0.6,1.0,1.0,1.0,0.09059722222222222,mini_l6-dj_adpt,2,webtable-v2v-v=12-distilroberta-dj_adpt~qwen3_8b-dj_adpt
wikipedia-iso-country-codes.pq::English_short_name_lower_case,1.0,0.03333333333333333,1.0,0.03333333333333333,1.0,1.0,0.03333333333333333,0.6,0.1,1.0,0.16666666666666666,1.0,1.0,0.09166666666666666,0.3,0.1,1.0,0.3333333333333333,1.0,1.0,0.09166666666666666,0.26666666666666666,0.13333333333333333,1.0,0.5,1.0,1.0,0.10277777777777779,0.2,0.13333333333333333,1.0,0.6666666666666666,1.0,1.0,0.10277777777777779,0.16,0.13333333333333333,1.0,0.8333333333333334,1.0,1.0,0.10277777777777779,0.13333333333333333,0.13333333333333333,1.0,1.0,1.0,1.0,0.10277777777777779,0.11428571428571428,0.13333333333333333,0.8571428571428571,1.0,1.0,1.0,0.10277777777777779,0.125,0.16666666666666666,0.75,1.0,1.0,1.0,0.10716374269005847,0.15555555555555556,0.23333333333333334,0.6666666666666666,1.0,1.0,1.0,0.11711083263714843,0.14,0.23333333333333334,0.6,1.0,1.0,1.0,0.11711083263714843,mini_l6-dj_adpt,2,webtable-v2v-v=12-distilroberta-dj_adpt~qwen3_8b-dj_adpt
affirmative_asylum.pq::ContinentCountryofNationality,1.0,0.03125,1.0,0.03125,1.0,1.0,0.03125,0.4,0.0625,1.0,0.15625,1.0,1.0,0.0625,0.4,0.125,1.0,0.3125,1.0,1.0,0.08671875,0.4,0.1875,1.0,0.46875,1.0,1.0,0.11213083791208792,0.3,0.1875,1.0,0.625,1.0,1.0,0.11213083791208792,0.28,0.21875,1.0,0.78125,1.0,1.0,0.12164170747730531,0.23333333333333334,0.21875,1.0,0.9375,1.0,1.0,0.12164170747730531,0.22857142857142856,0.25,0.9142857142857143,1.0,1.0,1.0,0.12878456462016244,0.225,0.28125,0.8,1.0,1.0,1.0,0.13581581462016246,0.2,0.28125,0.7111111111111111,1.0,1.0,1.0,0.13581581462016246,0.18,0.28125,0.64,1.0,1.0,1.0,0.13581581462016246,mini_l6-dj_adpt,2,webtable-v2v-v=12-distilroberta-dj_adpt~qwen3_8b-dj_adpt
countries_and_continents.pq::name,1.0,0.037037037037037035,1.0,0.037037037037037035,1.0,1.0,0.037037037037037035,1.0,0.18518518518518517,1.0,0.18518518518518517,1.0,1.0,0.18518518518518517,0.6,0.2222222222222222,1.0,0.37037037037037035,1.0,1.0,0.21693121693121692,0.4,0.2222222222222222,1.0,0.5555555555555556,1.0,1.0,0.21693121693121692,0.3,0.2222222222222222,1.0,0.7407407407407407,1.0,1.0,0.21693121693121692,0.24,0.2222222222222222,1.0,0.9259259259259259,1.0,1.0,0.21693121693121692,0.23333333333333334,0.25925925925925924,0.9,1.0,1.0,1.0,0.2265334117185969,0.2,0.25925925925925924,0.7714285714285715,1.0,1.0,1.0,0.2265334117185969,0.175,0.25925925925925924,0.675,1.0,1.0,1.0,0.2265334117185969,0.15555555555555556,0.25925925925925924,0.6,1.0,1.0,1.0,0.2265334117185969,0.16,0.2962962962962963,0.54,1.0,1.0,1.0,0.23270625122476976,mini_l6-dj_adpt,2,webtable-v2v-v=12-distilroberta-dj_adpt~qwen3_8b-dj_adpt
pte_postestactive.pq::Arg0,0.0,0.0,1.0,0.03125,0.0,0.0,0.0,0.0,0.0,1.0,0.15625,0.0,0.0,0.0,0.0,0.0,1.0,0.3125,0.0,0.0,0.0,0.0,0.0,1.0,0.46875,0.0,0.0,0.0,0.0,0.0,1.0,0.625,0.0,0.0,0.0,0.04,0.03125,1.0,0.78125,1.0,0.041666666666666664,0.0013020833333333333,0.03333333333333333,0.03125,1.0,0.9375,1.0,0.041666666666666664,0.0013020833333333333,0.02857142857142857,0.03125,0.9142857142857143,1.0,1.0,0.041666666666666664,0.0013020833333333333,0.025,0.03125,0.8,1.0,1.0,0.041666666666666664,0.0013020833333333333,0.044444444444444446,0.0625,0.7111111111111111,1.0,1.0,0.041666666666666664,0.0027555717054263563,0.04,0.0625,0.64,1.0,1.0,0.041666666666666664,0.0027555717054263563,mini_l6-dj_adpt,2,webtable-v2v-v=12-distilroberta-dj_adpt~qwen3_8b-dj_adpt
pte_five_ring.pq::Arg0,1.0,0.03125,1.0,0.03125,1.0,1.0,0.03125,0.4,0.0625,1.0,0.15625,1.0,1.0,0.0625,0.2,0.0625,1.0,0.3125,1.0,1.0,0.0625,0.13333333333333333,0.0625,1.0,0.46875,1.0,1.0,0.0625,0.1,0.0625,1.0,0.625,1.0,1.0,0.0625,0.08,0.0625,1.0,0.78125,1.0,1.0,0.0625,0.1,0.09375,1.0,0.9375,1.0,1.0,0.06610576923076923,0.08571428571428572,0.09375,0.9142857142857143,1.0,1.0,1.0,0.06610576923076923,0.1,0.125,0.8,1.0,1.0,1.0,0.06931089743589744,0.08888888888888889,0.125,0.7111111111111111,1.0,1.0,1.0,0.06931089743589744,0.1,0.15625,0.64,1.0,1.0,1.0,0.07249967294610152,mini_l6-dj_adpt,2,webtable-v2v-v=12-distilroberta-dj_adpt~qwen3_8b-dj_adpt
MoviesOnStreamingPlatforms_updated.pq::Country,1.0,0.03333333333333333,1.0,0.03333333333333333,1.0,1.0,0.03333333333333333,0.6,0.1,1.0,0.16666666666666666,1.0,1.0,0.1,0.4,0.13333333333333333,1.0,0.3333333333333333,1.0,1.0,0.12222222222222222,0.26666666666666666,0.13333333333333333,1.0,0.5,1.0,1.0,0.12222222222222222,0.2,0.13333333333333333,1.0,0.6666666666666666,1.0,1.0,0.12222222222222222,0.16,0.13333333333333333,1.0,0.8333333333333334,1.0,1.0,0.12222222222222222,0.13333333333333333,0.13333333333333333,1.0,1.0,1.0,1.0,0.12222222222222222,0.11428571428571428,0.13333333333333333,0.8571428571428571,1.0,1.0,1.0,0.12222222222222222,0.1,0.13333333333333333,0.75,1.0,1.0,1.0,0.12222222222222222,0.08888888888888889,0.13333333333333333,0.6666666666666666,1.0,1.0,1.0,0.12222222222222222,0.08,0.13333333333333333,0.6,1.0,1.0,1.0,0.12222222222222222,mini_l6-dj_adpt,2,webtable-v2v-v=12-distilroberta-dj_adpt~qwen3_8b-dj_adpt
pte_amine.pq::Arg0,0.0,0.0,1.0,0.03125,0.0,0.0,0.0,0.0,0.0,1.0,0.15625,0.0,0.0,0.0,0.0,0.0,1.0,0.3125,0.0,0.0,0.0,0.0,0.0,1.0,0.46875,0.0,0.0,0.0,0.0,0.0,1.0,0.625,0.0,0.0,0.0,0.0,0.0,1.0,0.78125,0.0,0.0,0.0,0.0,0.0,1.0,0.9375,0.0,0.0,0.0,0.0,0.0,0.9142857142857143,1.0,0.0,0.0,0.0,0.0,0.0,0.8,1.0,0.0,0.0,0.0,0.0,0.0,0.7111111111111111,1.0,0.0,0.0,0.0,0.0,0.0,0.64,1.0,0.0,0.0,0.0,mini_l6-dj_adpt,2,webtable-v2v-v=12-distilroberta-dj_adpt~qwen3_8b-dj_adpt
AdventureWorks2014_salesTerritory.pq::Name,0.0,0.0,1.0,0.03333333333333333,0.0,0.0,0.0,0.0,0.0,1.0,0.16666666666666666,0.0,0.0,0.0,0.0,0.0,1.0,0.3333333333333333,0.0,0.0,0.0,0.0,0.0,1.0,0.5,0.0,0.0,0.0,0.0,0.0,1.0,0.6666666666666666,0.0,0.0,0.0,0.0,0.0,1.0,0.8333333333333334,0.0,0.0,0.0,0.0,0.0,1.0,1.0,0.0,0.0,0.0,0.0,0.0,0.8571428571428571,1.0,0.0,0.0,0.0,0.0,0.0,0.75,1.0,0.0,0.0,0.0,0.0,0.0,0.6666666666666666,1.0,0.0,0.0,0.0,0.0,0.0,0.6,1.0,0.0,0.0,0.0,mini_l6-dj_adpt,2,webtable-v2v-v=12-distilroberta-dj_adpt~qwen3_8b-dj_adpt
whr2015.pq::Country,1.0,0.03333333333333333,1.0,0.03333333333333333,1.0,1.0,0.03333333333333333,0.4,0.06666666666666667,1.0,0.16666666666666666,1.0,1.0,0.06666666666666667,0.2,0.06666666666666667,1.0,0.3333333333333333,1.0,1.0,0.06666666666666667,0.2,0.1,1.0,0.5,1.0,1.0,0.07575757575757575,0.15,0.1,1.0,0.6666666666666666,1.0,1.0,0.07575757575757575,0.16,0.13333333333333333,1.0,0.8333333333333334,1.0,1.0,0.08131313131313131,0.13333333333333333,0.13333333333333333,1.0,1.0,1.0,1.0,0.08131313131313131,0.11428571428571428,0.13333333333333333,0.8571428571428571,1.0,1.0,1.0,0.08131313131313131,0.1,0.13333333333333333,0.75,1.0,1.0,1.0,0.08131313131313131,0.08888888888888889,0.13333333333333333,0.6666666666666666,1.0,1.0,1.0,0.08131313131313131,0.08,0.13333333333333333,0.6,1.0,1.0,1.0,0.08131313131313131,mini_l6-dj_adpt,2,webtable-v2v-v=12-distilroberta-dj_adpt~qwen3_8b-dj_adpt
countries_and_continents.pq::official_name_fr,1.0,0.037037037037037035,1.0,0.037037037037037035,1.0,1.0,0.037037037037037035,0.4,0.07407407407407407,1.0,0.18518518518518517,1.0,1.0,0.07407407407407407,0.2,0.07407407407407407,1.0,0.37037037037037035,1.0,1.0,0.07407407407407407,0.13333333333333333,0.07407407407407407,1.0,0.5555555555555556,1.0,1.0,0.07407407407407407,0.1,0.07407407407407407,1.0,0.7407407407407407,1.0,1.0,0.07407407407407407,0.08,0.07407407407407407,1.0,0.9259259259259259,1.0,1.0,0.07407407407407407,0.06666666666666667,0.07407407407407407,0.9,1.0,1.0,1.0,0.07407407407407407,0.05714285714285714,0.07407407407407407,0.7714285714285715,1.0,1.0,1.0,0.07407407407407407,0.075,0.1111111111111111,0.675,1.0,1.0,1.0,0.0771604938271605,0.08888888888888889,0.14814814814814814,0.6,1.0,1.0,1.0,0.0807738632941885,0.08,0.14814814814814814,0.54,1.0,1.0,1.0,0.0807738632941885,mini_l6-dj_adpt,2,webtable-v2v-v=12-distilroberta-dj_adpt~qwen3_8b-dj_adpt
pte_has_property.pq::Arg0,0.0,0.0,1.0,0.03125,0.0,0.0,0.0,0.0,0.0,1.0,0.15625,0.0,0.0,0.0,0.1,0.03125,1.0,0.3125,1.0,0.125,0.00390625,0.13333333333333333,0.0625,1.0,0.46875,1.0,0.125,0.009588068181818182,0.1,0.0625,1.0,0.625,1.0,0.125,0.009588068181818182,0.08,0.0625,1.0,0.78125,1.0,0.125,0.009588068181818182,0.06666666666666667,0.0625,1.0,0.9375,1.0,0.125,0.009588068181818182,0.05714285714285714,0.0625,0.9142857142857143,1.0,1.0,0.125,0.009588068181818182,0.05,0.0625,0.8,1.0,1.0,0.125,0.009588068181818182,0.044444444444444446,0.0625,0.7111111111111111,1.0,1.0,0.125,0.009588068181818182,0.04,0.0625,0.64,1.0,1.0,0.125,0.009588068181818182,mini_l6-dj_adpt,2,webtable-v2v-v=12-distilroberta-dj_adpt~qwen3_8b-dj_adpt
cwurData.pq::country,1.0,0.03333333333333333,1.0,0.03333333333333333,1.0,1.0,0.03333333333333333,0.4,0.06666666666666667,1.0,0.16666666666666666,1.0,1.0,0.06666666666666667,0.2,0.06666666666666667,1.0,0.3333333333333333,1.0,1.0,0.06666666666666667,0.13333333333333333,0.06666666666666667,1.0,0.5,1.0,1.0,0.06666666666666667,0.1,0.06666666666666667,1.0,0.6666666666666666,1.0,1.0,0.06666666666666667,0.08,0.06666666666666667,1.0,0.8333333333333334,1.0,1.0,0.06666666666666667,0.06666666666666667,0.06666666666666667,1.0,1.0,1.0,1.0,0.06666666666666667,0.05714285714285714,0.06666666666666667,0.8571428571428571,1.0,1.0,1.0,0.06666666666666667,0.05,0.06666666666666667,0.75,1.0,1.0,1.0,0.06666666666666667,0.044444444444444446,0.06666666666666667,0.6666666666666666,1.0,1.0,1.0,0.06666666666666667,0.04,0.06666666666666667,0.6,1.0,1.0,1.0,0.06666666666666667,gte_base-dj_adpt,3,webtable-v2v-v=12-distilroberta-dj_adpt~qwen3_8b-dj_adpt
countries_and_continents.pq::ISO4217-currency_country_name,1.0,0.037037037037037035,1.0,0.037037037037037035,1.0,1.0,0.037037037037037035,1.0,0.18518518518518517,1.0,0.18518518518518517,1.0,1.0,0.18518518518518517,0.8,0.2962962962962963,1.0,0.37037037037037035,1.0,1.0,0.278968253968254,0.6666666666666666,0.37037037037037035,1.0,0.5555555555555556,1.0,1.0,0.3314373897707231,0.65,0.48148148148148145,1.0,0.7407407407407407,1.0,1.0,0.40711821765743333,0.56,0.5185185185185185,1.0,0.9259259259259259,1.0,1.0,0.4318095756821247,0.5,0.5555555555555556,0.9,1.0,1.0,1.0,0.4523857073693675,0.45714285714285713,0.5925925925925926,0.7714285714285715,1.0,1.0,1.0,0.4698149012691496,0.425,0.6296296296296297,0.675,1.0,1.0,1.0,0.48595925074683244,0.4,0.6666666666666666,0.6,1.0,1.0,1.0,0.5011107658983476,0.36,0.6666666666666666,0.54,1.0,1.0,1.0,0.5011107658983476,gte_base-dj_adpt,3,webtable-v2v-v=12-distilroberta-dj_adpt~qwen3_8b-dj_adpt
pte_imine.pq::Arg0,0.0,0.0,1.0,0.03125,0.0,0.0,0.0,0.4,0.0625,1.0,0.15625,1.0,0.5,0.03125,0.3,0.09375,1.0,0.3125,1.0,0.5,0.04296875,0.2,0.09375,1.0,0.46875,1.0,0.5,0.04296875,0.15,0.09375,1.0,0.625,1.0,0.5,0.04296875,0.12,0.09375,1.0,0.78125,1.0,0.5,0.04296875,0.1,0.09375,1.0,0.9375,1.0,0.5,0.04296875,0.11428571428571428,0.125,0.9142857142857143,1.0,1.0,0.5,0.046645220588235295,0.125,0.15625,0.8,1.0,1.0,0.5,0.050551470588235295,0.1111111111111111,0.15625,0.7111111111111111,1.0,1.0,0.5,0.050551470588235295,0.12,0.1875,0.64,1.0,1.0,0.5,0.05437800120048019,gte_base-dj_adpt,3,webtable-v2v-v=12-distilroberta-dj_adpt~qwen3_8b-dj_adpt
countries_and_continents.pq::official_name_en,1.0,0.037037037037037035,1.0,0.037037037037037035,1.0,1.0,0.037037037037037035,0.6,0.1111111111111111,1.0,0.18518518518518517,1.0,1.0,0.0962962962962963,0.7,0.25925925925925924,1.0,0.37037037037037035,1.0,1.0,0.19475308641975306,0.6,0.3333333333333333,1.0,0.5555555555555556,1.0,1.0,0.2494668911335578,0.55,0.4074074074074074,1.0,0.7407407407407407,1.0,1.0,0.29269587863499114,0.52,0.48148148148148145,1.0,0.9259259259259259,1.0,1.0,0.33295962723207306,0.4666666666666667,0.5185185185185185,0.9,1.0,1.0,1.0,0.35290264717509295,0.42857142857142855,0.5555555555555556,0.7714285714285715,1.0,1.0,1.0,0.3697376640101098,0.375,0.5555555555555556,0.675,1.0,1.0,1.0,0.3697376640101098,0.35555555555555557,0.5925925925925926,0.6,1.0,1.0,1.0,0.3829063882899452,0.36,0.6666666666666666,0.54,1.0,1.0,1.0,0.41077838609718814,gte_base-dj_adpt,3,webtable-v2v-v=12-distilroberta-dj_adpt~qwen3_8b-dj_adpt
world_country.pq::Name,1.0,0.034482758620689655,1.0,0.034482758620689655,1.0,1.0,0.034482758620689655,0.6,0.10344827586206896,1.0,0.1724137931034483,1.0,1.0,0.07816091954022988,0.4,0.13793103448275862,1.0,0.3448275862068966,1.0,1.0,0.09195402298850575,0.4,0.20689655172413793,1.0,0.5172413793103449,1.0,1.0,0.12223695844385499,0.4,0.27586206896551724,1.0,0.6896551724137931,1.0,1.0,0.152648835838491,0.4,0.3448275862068966,1.0,0.8620689655172413,1.0,1.0,0.18179497705359773,0.4,0.41379310344827586,0.9666666666666667,1.0,1.0,1.0,0.21062183346666105,0.42857142857142855,0.5172413793103449,0.8285714285714286,1.0,1.0,1.0,0.2544724850125459,0.4,0.5517241379310345,0.725,1.0,1.0,1.0,0.2682655884608217,0.37777777777777777,0.5862068965517241,0.6444444444444445,1.0,1.0,1.0,0.2818983069852804,0.36,0.6206896551724138,0.58,1.0,1.0,1.0,0.29539156035859376,gte_base-dj_adpt,3,webtable-v2v-v=12-distilroberta-dj_adpt~qwen3_8b-dj_adpt
pte_nitro.pq::Arg0,1.0,0.03125,1.0,0.03125,1.0,1.0,0.03125,0.6,0.09375,1.0,0.15625,1.0,1.0,0.0859375,0.3,0.09375,1.0,0.3125,1.0,1.0,0.0859375,0.2,0.09375,1.0,0.46875,1.0,1.0,0.0859375,0.15,0.09375,1.0,0.625,1.0,1.0,0.0859375,0.16,0.125,1.0,0.78125,1.0,1.0,0.09114583333333333,0.13333333333333333,0.125,1.0,0.9375,1.0,1.0,0.09114583333333333,0.11428571428571428,0.125,0.9142857142857143,1.0,1.0,1.0,0.09114583333333333,0.15,0.1875,0.8,1.0,1.0,1.0,0.10055367867867868,0.13333333333333333,0.1875,0.7111111111111111,1.0,1.0,1.0,0.10055367867867868,0.12,0.1875,0.64,1.0,1.0,1.0,0.10055367867867868,gte_base-dj_adpt,3,webtable-v2v-v=12-distilroberta-dj_adpt~qwen3_8b-dj_adpt
pte_sulfide.pq::Arg0,1.0,0.03125,1.0,0.03125,1.0,1.0,0.03125,0.6,0.09375,1.0,0.15625,1.0,1.0,0.08125,0.4,0.125,1.0,0.3125,1.0,1.0,0.10208333333333333,0.26666666666666666,0.125,1.0,0.46875,1.0,1.0,0.10208333333333333,0.2,0.125,1.0,0.625,1.0,1.0,0.10208333333333333,0.16,0.125,1.0,0.78125,1.0,1.0,0.10208333333333333,0.13333333333333333,0.125,1.0,0.9375,1.0,1.0,0.10208333333333333,0.11428571428571428,0.125,0.9142857142857143,1.0,1.0,1.0,0.10208333333333333,0.125,0.15625,0.8,1.0,1.0,1.0,0.10598958333333333,0.1111111111111111,0.15625,0.7111111111111111,1.0,1.0,1.0,0.10598958333333333,0.14,0.21875,0.64,1.0,1.0,1.0,0.11453623670212766,gte_base-dj_adpt,3,webtable-v2v-v=12-distilroberta-dj_adpt~qwen3_8b-dj_adpt
pte_non_ar_hetero_6_ring.pq::Arg0,1.0,0.03125,1.0,0.03125,1.0,1.0,0.03125,0.2,0.03125,1.0,0.15625,1.0,1.0,0.03125,0.1,0.03125,1.0,0.3125,1.0,1.0,0.03125,0.13333333333333333,0.0625,1.0,0.46875,1.0,1.0,0.03571428571428571,0.15,0.09375,1.0,0.625,1.0,1.0,0.041228991596638655,0.12,0.09375,1.0,0.78125,1.0,1.0,0.041228991596638655,0.1,0.09375,1.0,0.9375,1.0,1.0,0.041228991596638655,0.08571428571428572,0.09375,0.9142857142857143,1.0,1.0,1.0,0.041228991596638655,0.1,0.125,0.8,1.0,1.0,1.0,0.04460736997501703,0.08888888888888889,0.125,0.7111111111111111,1.0,1.0,1.0,0.04460736997501703,0.08,0.125,0.64,1.0,1.0,1.0,0.04460736997501703,gte_base-dj_adpt,3,webtable-v2v-v=12-distilroberta-dj_adpt~qwen3_8b-dj_adpt
Word_University_Rank_2020.pq::Country,0.0,0.0,1.0,0.03333333333333333,0.0,0.0,0.0,0.2,0.03333333333333333,1.0,0.16666666666666666,1.0,0.3333333333333333,0.01111111111111111,0.1,0.03333333333333333,1.0,0.3333333333333333,1.0,0.3333333333333333,0.01111111111111111,0.13333333333333333,0.06666666666666667,1.0,0.5,1.0,0.3333333333333333,0.01623931623931624,0.15,0.1,1.0,0.6666666666666666,1.0,0.3333333333333333,0.021239316239316238,0.16,0.13333333333333333,1.0,0.8333333333333334,1.0,0.3333333333333333,0.026572649572649574,0.13333333333333333,0.13333333333333333,1.0,1.0,1.0,0.3333333333333333,0.026572649572649574,0.11428571428571428,0.13333333333333333,0.8571428571428571,1.0,1.0,0.3333333333333333,0.026572649572649574,0.15,0.2,0.75,1.0,1.0,0.3333333333333333,0.03584615384615385,0.13333333333333333,0.2,0.6666666666666666,1.0,1.0,0.3333333333333333,0.03584615384615385,0.12,0.2,0.6,1.0,1.0,0.3333333333333333,0.03584615384615385,gte_base-dj_adpt,3,webtable-v2v-v=12-distilroberta-dj_adpt~qwen3_8b-dj_adpt
gender_development.pq::Country,1.0,0.03333333333333333,1.0,0.03333333333333333,1.0,1.0,0.03333333333333333,1.0,0.16666666666666666,1.0,0.16666666666666666,1.0,1.0,0.16666666666666666,0.8,0.26666666666666666,1.0,0.3333333333333333,1.0,1.0,0.26,0.6666666666666666,0.3333333333333333,1.0,0.5,1.0,1.0,0.31108225108225107,0.6,0.4,1.0,0.6666666666666666,1.0,1.0,0.3525052530315688,0.6,0.5,1.0,0.8333333333333334,1.0,1.0,0.41332541113433563,0.6,0.6,1.0,1.0,1.0,1.0,0.4726187274391462,0.5428571428571428,0.6333333333333333,0.8571428571428571,1.0,1.0,1.0,0.4918106466310654,0.475,0.6333333333333333,0.75,1.0,1.0,1.0,0.4918106466310654,0.4222222222222222,0.6333333333333333,0.6666666666666666,1.0,1.0,1.0,0.4918106466310654,0.42,0.7,0.6,1.0,1.0,1.0,0.5211970172755304,gte_base-dj_adpt,3,webtable-v2v-v=12-distilroberta-dj_adpt~qwen3_8b-dj_adpt
pte_testactive_Neg.pq::Arg0,1.0,0.03125,1.0,0.03125,1.0,1.0,0.03125,1.0,0.15625,1.0,0.15625,1.0,1.0,0.15625,0.5,0.15625,1.0,0.3125,1.0,1.0,0.15625,0.4,0.1875,1.0,0.46875,1.0,1.0,0.17067307692307693,0.35,0.21875,1.0,0.625,1.0,1.0,0.18218623481781376,0.28,0.21875,1.0,0.78125,1.0,1.0,0.18218623481781376,0.26666666666666666,0.25,1.0,0.9375,1.0,1.0,0.19144549407707304,0.22857142857142856,0.25,0.9142857142857143,1.0,1.0,1.0,0.19144549407707304,0.2,0.25,0.8,1.0,1.0,1.0,0.19144549407707304,0.17777777777777778,0.25,0.7111111111111111,1.0,1.0,1.0,0.19144549407707304,0.18,0.28125,0.64,1.0,1.0,1.0,0.19742953663026452,gte_base-dj_adpt,3,webtable-v2v-v=12-distilroberta-dj_adpt~qwen3_8b-dj_adpt
edu.pq::country,1.0,0.03333333333333333,1.0,0.03333333333333333,1.0,1.0,0.03333333333333333,0.8,0.13333333333333333,1.0,0.16666666666666666,1.0,1.0,0.13333333333333333,0.7,0.23333333333333334,1.0,0.3333333333333333,1.0,1.0,0.20547619047619048,0.6666666666666666,0.3333333333333333,1.0,0.5,1.0,1.0,0.27134920634920634,0.65,0.43333333333333335,1.0,0.6666666666666666,1.0,1.0,0.336985171261487,0.6,0.5,1.0,0.8333333333333334,1.0,1.0,0.3781083596672842,0.5666666666666667,0.5666666666666667,1.0,1.0,1.0,1.0,0.41809954132513244,0.4857142857142857,0.5666666666666667,0.8571428571428571,1.0,1.0,1.0,0.41809954132513244,0.425,0.5666666666666667,0.75,1.0,1.0,1.0,0.41809954132513244,0.4222222222222222,0.6333333333333333,0.6666666666666666,1.0,1.0,1.0,0.4474623698371385,0.38,0.6333333333333333,0.6,1.0,1.0,1.0,0.4474623698371385,gte_base-dj_adpt,3,webtable-v2v-v=12-distilroberta-dj_adpt~qwen3_8b-dj_adpt
AdventureWorks2014_CountryRegion.pq::Name,0.0,0.0,1.0,0.03333333333333333,0.0,0.0,0.0,0.4,0.06666666666666667,1.0,0.16666666666666666,1.0,0.25,0.021666666666666667,0.4,0.13333333333333333,1.0,0.3333333333333333,1.0,0.25,0.04928571428571429,0.4666666666666667,0.23333333333333334,1.0,0.5,1.0,0.25,0.09301587301587301,0.45,0.3,1.0,0.6666666666666666,1.0,0.25,0.12634920634920635,0.4,0.3333333333333333,1.0,0.8333333333333334,1.0,0.25,0.14084195997239476,0.36666666666666664,0.36666666666666664,1.0,1.0,1.0,0.25,0.15393719806763287,0.34285714285714286,0.4,0.8571428571428571,1.0,1.0,0.25,0.16643719806763285,0.35,0.4666666666666667,0.75,1.0,1.0,0.25,0.1910868477172825,0.3333333333333333,0.5,0.6666666666666666,1.0,1.0,0.25,0.2029916096220444,0.36,0.6,0.6,1.0,1.0,0.25,0.23863626603533436,gte_base-dj_adpt,3,webtable-v2v-v=12-distilroberta-dj_adpt~qwen3_8b-dj_adpt
pte_methoxy.pq::Arg0,1.0,0.03125,1.0,0.03125,1.0,1.0,0.03125,1.0,0.15625,1.0,0.15625,1.0,1.0,0.15625,0.6,0.1875,1.0,0.3125,1.0,1.0,0.1875,0.4,0.1875,1.0,0.46875,1.0,1.0,0.1875,0.3,0.1875,1.0,0.625,1.0,1.0,0.1875,0.24,0.1875,1.0,0.78125,1.0,1.0,0.1875,0.2,0.1875,1.0,0.9375,1.0,1.0,0.1875,0.2,0.21875,0.9142857142857143,1.0,1.0,1.0,0.19375,0.175,0.21875,0.8,1.0,1.0,1.0,0.19375,0.17777777777777778,0.25,0.7111111111111111,1.0,1.0,1.0,0.19956395348837208,0.16,0.25,0.64,1.0,1.0,1.0,0.19956395348837208,gte_base-dj_adpt,3,webtable-v2v-v=12-distilroberta-dj_adpt~qwen3_8b-dj_adpt
world-cities.pq::country,1.0,0.03333333333333333,1.0,0.03333333333333333,1.0,1.0,0.03333333333333333,0.6,0.1,1.0,0.16666666666666666,1.0,1.0,0.08055555555555555,0.7,0.23333333333333334,1.0,0.3333333333333333,1.0,1.0,0.1775132275132275,0.5333333333333333,0.26666666666666666,1.0,0.5,1.0,1.0,0.19656084656084657,0.5,0.3333333333333333,1.0,0.6666666666666666,1.0,1.0,0.23197751322751323,0.48,0.4,1.0,0.8333333333333334,1.0,1.0,0.26543783068783067,0.4666666666666667,0.4666666666666667,1.0,1.0,1.0,1.0,0.29700597518700966,0.42857142857142855,0.5,0.8571428571428571,1.0,1.0,1.0,0.3121574903385248,0.425,0.5666666666666667,0.75,1.0,1.0,1.0,0.34035924472448975,0.37777777777777777,0.5666666666666667,0.6666666666666666,1.0,1.0,1.0,0.34035924472448975,0.36,0.6,0.6,1.0,1.0,1.0,0.3523592447244897,gte_base-dj_adpt,3,webtable-v2v-v=12-distilroberta-dj_adpt~qwen3_8b-dj_adpt
movies.pq::country,1.0,0.03333333333333333,1.0,0.03333333333333333,1.0,1.0,0.03333333333333333,0.4,0.06666666666666667,1.0,0.16666666666666666,1.0,1.0,0.06666666666666667,0.2,0.06666666666666667,1.0,0.3333333333333333,1.0,1.0,0.06666666666666667,0.13333333333333333,0.06666666666666667,1.0,0.5,1.0,1.0,0.06666666666666667,0.1,0.06666666666666667,1.0,0.6666666666666666,1.0,1.0,0.06666666666666667,0.08,0.06666666666666667,1.0,0.8333333333333334,1.0,1.0,0.06666666666666667,0.06666666666666667,0.06666666666666667,1.0,1.0,1.0,1.0,0.06666666666666667,0.05714285714285714,0.06666666666666667,0.8571428571428571,1.0,1.0,1.0,0.06666666666666667,0.05,0.06666666666666667,0.75,1.0,1.0,1.0,0.06666666666666667,0.044444444444444446,0.06666666666666667,0.6666666666666666,1.0,1.0,1.0,0.06666666666666667,0.04,0.06666666666666667,0.6,1.0,1.0,1.0,0.06666666666666667,gte_base-dj_adpt,3,webtable-v2v-v=12-distilroberta-dj_adpt~qwen3_8b-dj_adpt
countries_data.pq::CountryName,1.0,0.03333333333333333,1.0,0.03333333333333333,1.0,1.0,0.03333333333333333,0.6,0.1,1.0,0.16666666666666666,1.0,1.0,0.08666666666666667,0.7,0.23333333333333334,1.0,0.3333333333333333,1.0,1.0,0.18103174603174604,0.7333333333333333,0.36666666666666664,1.0,0.5,1.0,1.0,0.27458485958485956,0.65,0.43333333333333335,1.0,0.6666666666666666,1.0,1.0,0.3209212888934251,0.6,0.5,1.0,0.8333333333333334,1.0,1.0,0.36036573333786953,0.5666666666666667,0.5666666666666667,1.0,1.0,1.0,1.0,0.399767442739579,0.4857142857142857,0.5666666666666667,0.8571428571428571,1.0,1.0,1.0,0.399767442739579,0.425,0.5666666666666667,0.75,1.0,1.0,1.0,0.399767442739579,0.4,0.6,0.6666666666666666,1.0,1.0,1.0,0.41372093111167196,0.38,0.6333333333333333,0.6,1.0,1.0,1.0,0.4271961084166365,gte_base-dj_adpt,3,webtable-v2v-v=12-distilroberta-dj_adpt~qwen3_8b-dj_adpt
pte_alcohol.pq::Arg0,1.0,0.03125,1.0,0.03125,1.0,1.0,0.03125,0.6,0.09375,1.0,0.15625,1.0,1.0,0.09375,0.3,0.09375,1.0,0.3125,1.0,1.0,0.09375,0.2,0.09375,1.0,0.46875,1.0,1.0,0.09375,0.2,0.125,1.0,0.625,1.0,1.0,0.10069444444444445,0.16,0.125,1.0,0.78125,1.0,1.0,0.10069444444444445,0.13333333333333333,0.125,1.0,0.9375,1.0,1.0,0.10069444444444445,0.14285714285714285,0.15625,0.9142857142857143,1.0,1.0,1.0,0.1057347670250896,0.125,0.15625,0.8,1.0,1.0,1.0,0.1057347670250896,0.1111111111111111,0.15625,0.7111111111111111,1.0,1.0,1.0,0.1057347670250896,0.12,0.1875,0.64,1.0,1.0,1.0,0.10981085398161135,gte_base-dj_adpt,3,webtable-v2v-v=12-distilroberta-dj_adpt~qwen3_8b-dj_adpt
pte_phenol.pq::Arg0,1.0,0.03125,1.0,0.03125,1.0,1.0,0.03125,0.4,0.0625,1.0,0.15625,1.0,1.0,0.0625,0.2,0.0625,1.0,0.3125,1.0,1.0,0.0625,0.13333333333333333,0.0625,1.0,0.46875,1.0,1.0,0.0625,0.15,0.09375,1.0,0.625,1.0,1.0,0.06801470588235294,0.12,0.09375,1.0,0.78125,1.0,1.0,0.06801470588235294,0.16666666666666666,0.15625,1.0,0.9375,1.0,1.0,0.07840275533290239,0.2,0.21875,0.9142857142857143,1.0,1.0,1.0,0.09069595386231416,0.175,0.21875,0.8,1.0,1.0,1.0,0.09069595386231416,0.15555555555555556,0.21875,0.7111111111111111,1.0,1.0,1.0,0.09069595386231416,0.16,0.25,0.64,1.0,1.0,1.0,0.09579799467864068,gte_base-dj_adpt,3,webtable-v2v-v=12-distilroberta-dj_adpt~qwen3_8b-dj_adpt
pte_ester.pq::Arg0,1.0,0.03125,1.0,0.03125,1.0,1.0,0.03125,0.4,0.0625,1.0,0.15625,1.0,1.0,0.0625,0.2,0.0625,1.0,0.3125,1.0,1.0,0.0625,0.13333333333333333,0.0625,1.0,0.46875,1.0,1.0,0.0625,0.15,0.09375,1.0,0.625,1.0,1.0,0.06770833333333333,0.12,0.09375,1.0,0.78125,1.0,1.0,0.06770833333333333,0.13333333333333333,0.125,1.0,0.9375,1.0,1.0,0.071875,0.17142857142857143,0.1875,0.9142857142857143,1.0,1.0,1.0,0.0824300284629981,0.15,0.1875,0.8,1.0,1.0,1.0,0.0824300284629981,0.15555555555555556,0.21875,0.7111111111111111,1.0,1.0,1.0,0.08740161937208901,0.16,0.25,0.64,1.0,1.0,1.0,0.09272076830825922,gte_base-dj_adpt,3,webtable-v2v-v=12-distilroberta-dj_adpt~qwen3_8b-dj_adpt
pte_non_ar_hetero_5_ring.pq::Arg0,1.0,0.03125,1.0,0.03125,1.0,1.0,0.03125,0.8,0.125,1.0,0.15625,1.0,1.0,0.125,0.6,0.1875,1.0,0.3125,1.0,1.0,0.17075892857142858,0.4,0.1875,1.0,0.46875,1.0,1.0,0.17075892857142858,0.3,0.1875,1.0,0.625,1.0,1.0,0.17075892857142858,0.24,0.1875,1.0,0.78125,1.0,1.0,0.17075892857142858,0.2,0.1875,1.0,0.9375,1.0,1.0,0.17075892857142858,0.17142857142857143,0.1875,0.9142857142857143,1.0,1.0,1.0,0.17075892857142858,0.15,0.1875,0.8,1.0,1.0,1.0,0.17075892857142858,0.15555555555555556,0.21875,0.7111111111111111,1.0,1.0,1.0,0.1756200396825397,0.14,0.21875,0.64,1.0,1.0,1.0,0.1756200396825397,gte_base-dj_adpt,3,webtable-v2v-v=12-distilroberta-dj_adpt~qwen3_8b-dj_adpt
population_by_country_2020.pq::CountryDependency,1.0,0.03333333333333333,1.0,0.03333333333333333,1.0,1.0,0.03333333333333333,0.6,0.1,1.0,0.16666666666666666,1.0,1.0,0.08055555555555555,0.4,0.13333333333333333,1.0,0.3333333333333333,1.0,1.0,0.09388888888888888,0.26666666666666666,0.13333333333333333,1.0,0.5,1.0,1.0,0.09388888888888888,0.25,0.16666666666666666,1.0,0.6666666666666666,1.0,1.0,0.10314814814814816,0.28,0.23333333333333334,1.0,0.8333333333333334,1.0,1.0,0.12156602254428342,0.23333333333333334,0.23333333333333334,1.0,1.0,1.0,1.0,0.12156602254428342,0.22857142857142856,0.26666666666666666,0.8571428571428571,1.0,1.0,1.0,0.1296468306250915,0.2,0.26666666666666666,0.75,1.0,1.0,1.0,0.1296468306250915,0.2,0.3,0.6666666666666666,1.0,1.0,1.0,0.1364650124432733,0.22,0.36666666666666664,0.6,1.0,1.0,1.0,0.15089245008499666,gte_base-dj_adpt,3,webtable-v2v-v=12-distilroberta-dj_adpt~qwen3_8b-dj_adpt
pte_non_ar_5c_ring.pq::Arg0,1.0,0.03125,1.0,0.03125,1.0,1.0,0.03125,0.6,0.09375,1.0,0.15625,1.0,1.0,0.09375,0.3,0.09375,1.0,0.3125,1.0,1.0,0.09375,0.2,0.09375,1.0,0.46875,1.0,1.0,0.09375,0.15,0.09375,1.0,0.625,1.0,1.0,0.09375,0.16,0.125,1.0,0.78125,1.0,1.0,0.09875,0.13333333333333333,0.125,1.0,0.9375,1.0,1.0,0.09875,0.11428571428571428,0.125,0.9142857142857143,1.0,1.0,1.0,0.09875,0.125,0.15625,0.8,1.0,1.0,1.0,0.10309027777777778,0.1111111111111111,0.15625,0.7111111111111111,1.0,1.0,1.0,0.10309027777777778,0.12,0.1875,0.64,1.0,1.0,1.0,0.10699652777777778,gte_base-dj_adpt,3,webtable-v2v-v=12-distilroberta-dj_adpt~qwen3_8b-dj_adpt
fifa_ranking.pq::country_full,1.0,0.03333333333333333,1.0,0.03333333333333333,1.0,1.0,0.03333333333333333,0.8,0.13333333333333333,1.0,0.16666666666666666,1.0,1.0,0.12666666666666665,0.7,0.23333333333333334,1.0,0.3333333333333333,1.0,1.0,0.20894179894179893,0.5333333333333333,0.26666666666666666,1.0,0.5,1.0,1.0,0.2331842231842232,0.5,0.3333333333333333,1.0,0.6666666666666666,1.0,1.0,0.269478082833346,0.48,0.4,1.0,0.8333333333333334,1.0,1.0,0.30512021847548165,0.4,0.4,1.0,1.0,1.0,1.0,0.30512021847548165,0.42857142857142855,0.5,0.8571428571428571,1.0,1.0,1.0,0.34883356158398604,0.45,0.6,0.75,1.0,1.0,1.0,0.39396369171411616,0.4,0.6,0.6666666666666666,1.0,1.0,1.0,0.39396369171411616,0.38,0.6333333333333333,0.6,1.0,1.0,1.0,0.4077318076561452,gte_base-dj_adpt,3,webtable-v2v-v=12-distilroberta-dj_adpt~qwen3_8b-dj_adpt
countries_of_the_world.pq::Country,1.0,0.03333333333333333,1.0,0.03333333333333333,1.0,1.0,0.03333333333333333,1.0,0.16666666666666666,1.0,0.16666666666666666,1.0,1.0,0.16666666666666666,0.6,0.2,1.0,0.3333333333333333,1.0,1.0,0.18666666666666665,0.4666666666666667,0.23333333333333334,1.0,0.5,1.0,1.0,0.2033333333333333,0.35,0.23333333333333334,1.0,0.6666666666666666,1.0,1.0,0.2033333333333333,0.32,0.26666666666666666,1.0,0.8333333333333334,1.0,1.0,0.21545454545454545,0.26666666666666666,0.26666666666666666,1.0,1.0,1.0,1.0,0.21545454545454545,0.22857142857142856,0.26666666666666666,0.8571428571428571,1.0,1.0,1.0,0.21545454545454545,0.25,0.3333333333333333,0.75,1.0,1.0,1.0,0.2327968877968878,0.24444444444444444,0.36666666666666664,0.6666666666666666,1.0,1.0,1.0,0.24152704652704654,0.22,0.36666666666666664,0.6,1.0,1.0,1.0,0.24152704652704654,gte_base-dj_adpt,3,webtable-v2v-v=12-distilroberta-dj_adpt~qwen3_8b-dj_adpt
pte_ketone.pq::Arg0,1.0,0.03125,1.0,0.03125,1.0,1.0,0.03125,0.2,0.03125,1.0,0.15625,1.0,1.0,0.03125,0.3,0.09375,1.0,0.3125,1.0,1.0,0.049479166666666664,0.2,0.09375,1.0,0.46875,1.0,1.0,0.049479166666666664,0.15,0.09375,1.0,0.625,1.0,1.0,0.049479166666666664,0.16,0.125,1.0,0.78125,1.0,1.0,0.0546875,0.2,0.1875,1.0,0.9375,1.0,1.0,0.06672453703703704,0.17142857142857143,0.1875,0.9142857142857143,1.0,1.0,1.0,0.06672453703703704,0.15,0.1875,0.8,1.0,1.0,1.0,0.06672453703703704,0.13333333333333333,0.1875,0.7111111111111111,1.0,1.0,1.0,0.06672453703703704,0.12,0.1875,0.64,1.0,1.0,1.0,0.06672453703703704,gte_base-dj_adpt,3,webtable-v2v-v=12-distilroberta-dj_adpt~qwen3_8b-dj_adpt
who_suicide_statistics.pq::country,1.0,0.03333333333333333,1.0,0.03333333333333333,1.0,1.0,0.03333333333333333,0.8,0.13333333333333333,1.0,0.16666666666666666,1.0,1.0,0.11833333333333333,0.7,0.23333333333333334,1.0,0.3333333333333333,1.0,1.0,0.19703703703703704,0.6,0.3,1.0,0.5,1.0,1.0,0.2406878306878307,0.5,0.3333333333333333,1.0,0.6666666666666666,1.0,1.0,0.2582316903369535,0.48,0.4,1.0,0.8333333333333334,1.0,1.0,0.29228966135144624,0.5,0.5,1.0,1.0,1.0,1.0,0.3429069453020635,0.4857142857142857,0.5666666666666667,0.8571428571428571,1.0,1.0,1.0,0.3763017225678086,0.45,0.6,0.75,1.0,1.0,1.0,0.39209119625201905,0.4,0.6,0.6666666666666666,1.0,1.0,1.0,0.39209119625201905,0.38,0.6333333333333333,0.6,1.0,1.0,1.0,0.405859312194048,gte_base-dj_adpt,3,webtable-v2v-v=12-distilroberta-dj_adpt~qwen3_8b-dj_adpt
UKDebate.pq::country,0.0,0.0,1.0,0.03333333333333333,0.0,0.0,0.0,0.0,0.0,1.0,0.16666666666666666,0.0,0.0,0.0,0.0,0.0,1.0,0.3333333333333333,0.0,0.0,0.0,0.0,0.0,1.0,0.5,0.0,0.0,0.0,0.0,0.0,1.0,0.6666666666666666,0.0,0.0,0.0,0.0,0.0,1.0,0.8333333333333334,0.0,0.0,0.0,0.0,0.0,1.0,1.0,0.0,0.0,0.0,0.0,0.0,0.8571428571428571,1.0,0.0,0.0,0.0,0.0,0.0,0.75,1.0,0.0,0.0,0.0,0.0,0.0,0.6666666666666666,1.0,0.0,0.0,0.0,0.0,0.0,0.6,1.0,0.0,0.0,0.0,gte_base-dj_adpt,3,webtable-v2v-v=12-distilroberta-dj_adpt~qwen3_8b-dj_adpt
World_countries_env_vars.pq::Country,1.0,0.03333333333333333,1.0,0.03333333333333333,1.0,1.0,0.03333333333333333,0.8,0.13333333333333333,1.0,0.16666666666666666,1.0,1.0,0.12666666666666665,0.7,0.23333333333333334,1.0,0.3333333333333333,1.0,1.0,0.19880952380952382,0.6666666666666666,0.3333333333333333,1.0,0.5,1.0,1.0,0.26993839493839494,0.6,0.4,1.0,0.6666666666666666,1.0,1.0,0.31030876530876533,0.56,0.4666666666666667,1.0,0.8333333333333334,1.0,1.0,0.3494501794501794,0.4666666666666667,0.4666666666666667,1.0,1.0,1.0,1.0,0.3494501794501794,0.4857142857142857,0.5666666666666667,0.8571428571428571,1.0,1.0,1.0,0.3994175955466278,0.475,0.6333333333333333,0.75,1.0,1.0,1.0,0.43275092887996114,0.4444444444444444,0.6666666666666666,0.6666666666666666,1.0,1.0,1.0,0.448623944752977,0.4,0.6666666666666666,0.6,1.0,1.0,1.0,0.448623944752977,gte_base-dj_adpt,3,webtable-v2v-v=12-distilroberta-dj_adpt~qwen3_8b-dj_adpt
USA_cars_datasets.pq::country,0.0,0.0,1.0,0.03333333333333333,0.0,0.0,0.0,0.0,0.0,1.0,0.16666666666666666,0.0,0.0,0.0,0.0,0.0,1.0,0.3333333333333333,0.0,0.0,0.0,0.0,0.0,1.0,0.5,0.0,0.0,0.0,0.0,0.0,1.0,0.6666666666666666,0.0,0.0,0.0,0.0,0.0,1.0,0.8333333333333334,0.0,0.0,0.0,0.0,0.0,1.0,1.0,0.0,0.0,0.0,0.0,0.0,0.8571428571428571,1.0,0.0,0.0,0.0,0.0,0.0,0.75,1.0,0.0,0.0,0.0,0.0,0.0,0.6666666666666666,1.0,0.0,0.0,0.0,0.0,0.0,0.6,1.0,0.0,0.0,0.0,gte_base-dj_adpt,3,webtable-v2v-v=12-distilroberta-dj_adpt~qwen3_8b-dj_adpt
netflix_titles.pq::country,1.0,0.03333333333333333,1.0,0.03333333333333333,1.0,1.0,0.03333333333333333,0.8,0.13333333333333333,1.0,0.16666666666666666,1.0,1.0,0.13333333333333333,0.6,0.2,1.0,0.3333333333333333,1.0,1.0,0.17936507936507937,0.4666666666666667,0.23333333333333334,1.0,0.5,1.0,1.0,0.1949206349206349,0.45,0.3,1.0,0.6666666666666666,1.0,1.0,0.22639638311464935,0.4,0.3333333333333333,1.0,0.8333333333333334,1.0,1.0,0.24226939898766525,0.36666666666666664,0.36666666666666664,1.0,1.0,1.0,1.0,0.2549130771485848,0.34285714285714286,0.4,0.8571428571428571,1.0,1.0,1.0,0.2663416485771562,0.35,0.4666666666666667,0.75,1.0,1.0,1.0,0.289119426354934,0.3333333333333333,0.5,0.6666666666666666,1.0,1.0,1.0,0.3010241882596959,0.3,0.5,0.6,1.0,1.0,1.0,0.3010241882596959,gte_base-dj_adpt,3,webtable-v2v-v=12-distilroberta-dj_adpt~qwen3_8b-dj_adpt
pte_ames.pq::Arg0,1.0,0.03125,1.0,0.03125,1.0,1.0,0.03125,0.2,0.03125,1.0,0.15625,1.0,1.0,0.03125,0.3,0.09375,1.0,0.3125,1.0,1.0,0.053385416666666664,0.2,0.09375,1.0,0.46875,1.0,1.0,0.053385416666666664,0.25,0.15625,1.0,0.625,1.0,1.0,0.06941891339869281,0.2,0.15625,1.0,0.78125,1.0,1.0,0.06941891339869281,0.16666666666666666,0.15625,1.0,0.9375,1.0,1.0,0.06941891339869281,0.17142857142857143,0.1875,0.9142857142857143,1.0,1.0,1.0,0.07527828839869281,0.15,0.1875,0.8,1.0,1.0,1.0,0.07527828839869281,0.13333333333333333,0.1875,0.7111111111111111,1.0,1.0,1.0,0.07527828839869281,0.12,0.1875,0.64,1.0,1.0,1.0,0.07527828839869281,gte_base-dj_adpt,3,webtable-v2v-v=12-distilroberta-dj_adpt~qwen3_8b-dj_adpt
movie_metadata.pq::country,1.0,0.03333333333333333,1.0,0.03333333333333333,1.0,1.0,0.03333333333333333,0.4,0.06666666666666667,1.0,0.16666666666666666,1.0,1.0,0.06666666666666667,0.2,0.06666666666666667,1.0,0.3333333333333333,1.0,1.0,0.06666666666666667,0.13333333333333333,0.06666666666666667,1.0,0.5,1.0,1.0,0.06666666666666667,0.1,0.06666666666666667,1.0,0.6666666666666666,1.0,1.0,0.06666666666666667,0.08,0.06666666666666667,1.0,0.8333333333333334,1.0,1.0,0.06666666666666667,0.06666666666666667,0.06666666666666667,1.0,1.0,1.0,1.0,0.06666666666666667,0.05714285714285714,0.06666666666666667,0.8571428571428571,1.0,1.0,1.0,0.06666666666666667,0.05,0.06666666666666667,0.75,1.0,1.0,1.0,0.06666666666666667,0.06666666666666667,0.1,0.6666666666666666,1.0,1.0,1.0,0.06904761904761905,0.06,0.1,0.6,1.0,1.0,1.0,0.06904761904761905,gte_base-dj_adpt,3,webtable-v2v-v=12-distilroberta-dj_adpt~qwen3_8b-dj_adpt
world_country.pq::LocalName,1.0,0.034482758620689655,1.0,0.034482758620689655,1.0,1.0,0.034482758620689655,0.6,0.10344827586206896,1.0,0.1724137931034483,1.0,1.0,0.08333333333333333,0.6,0.20689655172413793,1.0,0.3448275862068966,1.0,1.0,0.1485632183908046,0.4666666666666667,0.2413793103448276,1.0,0.5172413793103449,1.0,1.0,0.16867816091954022,0.45,0.3103448275862069,1.0,0.6896551724137931,1.0,1.0,0.20033776971163542,0.4,0.3448275862068966,1.0,0.8620689655172413,1.0,1.0,0.21601175090285799,0.36666666666666664,0.3793103448275862,0.9666666666666667,1.0,1.0,1.0,0.23006028219276858,0.34285714285714286,0.41379310344827586,0.8285714285714286,1.0,1.0,1.0,0.24223066758830608,0.375,0.5172413793103449,0.725,1.0,1.0,1.0,0.28064954856617075,0.4,0.6206896551724138,0.6444444444444445,1.0,1.0,1.0,0.32249818506147143,0.36,0.6206896551724138,0.58,1.0,1.0,1.0,0.32249818506147143,gte_base-dj_adpt,3,webtable-v2v-v=12-distilroberta-dj_adpt~qwen3_8b-dj_adpt
countries_metadatacountries.pq::CountryName,1.0,0.03333333333333333,1.0,0.03333333333333333,1.0,1.0,0.03333333333333333,0.8,0.13333333333333333,1.0,0.16666666666666666,1.0,1.0,0.13333333333333333,0.7,0.23333333333333334,1.0,0.3333333333333333,1.0,1.0,0.21203703703703702,0.6666666666666666,0.3333333333333333,1.0,0.5,1.0,1.0,0.2795584045584045,0.6,0.4,1.0,0.6666666666666666,1.0,1.0,0.32334925423160715,0.56,0.4666666666666667,1.0,0.8333333333333334,1.0,1.0,0.3642740299389916,0.5,0.5,1.0,1.0,1.0,1.0,0.38151540924933636,0.4857142857142857,0.5666666666666667,0.8571428571428571,1.0,1.0,1.0,0.41491018651508144,0.45,0.6,0.75,1.0,1.0,1.0,0.4315768531817481,0.4444444444444444,0.6666666666666666,0.6666666666666666,1.0,1.0,1.0,0.4618077334126283,0.4,0.6666666666666666,0.6,1.0,1.0,1.0,0.4618077334126283,gte_base-dj_adpt,3,webtable-v2v-v=12-distilroberta-dj_adpt~qwen3_8b-dj_adpt
pte_postestactive_neg.pq::Arg0,1.0,0.03125,1.0,0.03125,1.0,1.0,0.03125,1.0,0.15625,1.0,0.15625,1.0,1.0,0.15625,0.5,0.15625,1.0,0.3125,1.0,1.0,0.15625,0.4,0.1875,1.0,0.46875,1.0,1.0,0.17067307692307693,0.35,0.21875,1.0,0.625,1.0,1.0,0.18218623481781376,0.28,0.21875,1.0,0.78125,1.0,1.0,0.18218623481781376,0.26666666666666666,0.25,1.0,0.9375,1.0,1.0,0.19144549407707304,0.22857142857142856,0.25,0.9142857142857143,1.0,1.0,1.0,0.19144549407707304,0.2,0.25,0.8,1.0,1.0,1.0,0.19144549407707304,0.17777777777777778,0.25,0.7111111111111111,1.0,1.0,1.0,0.19144549407707304,0.18,0.28125,0.64,1.0,1.0,1.0,0.19742953663026452,gte_base-dj_adpt,3,webtable-v2v-v=12-distilroberta-dj_adpt~qwen3_8b-dj_adpt
pte_alkyl_halide.pq::Arg0,1.0,0.03125,1.0,0.03125,1.0,1.0,0.03125,1.0,0.15625,1.0,0.15625,1.0,1.0,0.15625,0.6,0.1875,1.0,0.3125,1.0,1.0,0.1875,0.4,0.1875,1.0,0.46875,1.0,1.0,0.1875,0.3,0.1875,1.0,0.625,1.0,1.0,0.1875,0.24,0.1875,1.0,0.78125,1.0,1.0,0.1875,0.2,0.1875,1.0,0.9375,1.0,1.0,0.1875,0.17142857142857143,0.1875,0.9142857142857143,1.0,1.0,1.0,0.1875,0.175,0.21875,0.8,1.0,1.0,1.0,0.19325657894736842,0.15555555555555556,0.21875,0.7111111111111111,1.0,1.0,1.0,0.19325657894736842,0.16,0.25,0.64,1.0,1.0,1.0,0.19857572788353864,gte_base-dj_adpt,3,webtable-v2v-v=12-distilroberta-dj_adpt~qwen3_8b-dj_adpt
pte_testactive.pq::Arg0,1.0,0.03125,1.0,0.03125,1.0,1.0,0.03125,1.0,0.15625,1.0,0.15625,1.0,1.0,0.15625,0.6,0.1875,1.0,0.3125,1.0,1.0,0.1875,0.4,0.1875,1.0,0.46875,1.0,1.0,0.1875,0.3,0.1875,1.0,0.625,1.0,1.0,0.1875,0.24,0.1875,1.0,0.78125,1.0,1.0,0.1875,0.2,0.1875,1.0,0.9375,1.0,1.0,0.1875,0.17142857142857143,0.1875,0.9142857142857143,1.0,1.0,1.0,0.1875,0.175,0.21875,0.8,1.0,1.0,1.0,0.19310897435897437,0.15555555555555556,0.21875,0.7111111111111111,1.0,1.0,1.0,0.19310897435897437,0.16,0.25,0.64,1.0,1.0,1.0,0.19842812329514456,gte_base-dj_adpt,3,webtable-v2v-v=12-distilroberta-dj_adpt~qwen3_8b-dj_adpt
hfi_cc_2018.pq::countries,1.0,0.03333333333333333,1.0,0.03333333333333333,1.0,1.0,0.03333333333333333,1.0,0.16666666666666666,1.0,0.16666666666666666,1.0,1.0,0.16666666666666666,0.7,0.23333333333333334,1.0,0.3333333333333333,1.0,1.0,0.2122222222222222,0.6666666666666666,0.3333333333333333,1.0,0.5,1.0,1.0,0.2833510933510934,0.6,0.4,1.0,0.6666666666666666,1.0,1.0,0.3249197208020737,0.56,0.4666666666666667,1.0,0.8333333333333334,1.0,1.0,0.3632047449566631,0.5666666666666667,0.5666666666666667,1.0,1.0,1.0,1.0,0.41965977141168953,0.4857142857142857,0.5666666666666667,0.8571428571428571,1.0,1.0,1.0,0.41965977141168953,0.475,0.6333333333333333,0.75,1.0,1.0,1.0,0.4512825784292334,0.4444444444444444,0.6666666666666666,0.6666666666666666,1.0,1.0,1.0,0.46754274103085947,0.4,0.6666666666666666,0.6,1.0,1.0,1.0,0.46754274103085947,gte_base-dj_adpt,3,webtable-v2v-v=12-distilroberta-dj_adpt~qwen3_8b-dj_adpt
wikipedia-iso-country-codes.pq::English_short_name_lower_case,0.0,0.0,1.0,0.03333333333333333,0.0,0.0,0.0,0.8,0.13333333333333333,1.0,0.16666666666666666,1.0,0.5,0.09055555555555556,0.6,0.2,1.0,0.3333333333333333,1.0,0.5,0.14333333333333334,0.6,0.3,1.0,0.5,1.0,0.5,0.20182539682539682,0.45,0.3,1.0,0.6666666666666666,1.0,0.5,0.20182539682539682,0.44,0.36666666666666664,1.0,0.8333333333333334,1.0,0.5,0.23436507936507936,0.43333333333333335,0.43333333333333335,1.0,1.0,1.0,0.5,0.26579907746574416,0.42857142857142855,0.5,0.8571428571428571,1.0,1.0,0.5,0.29422620589287257,0.4,0.5333333333333333,0.75,1.0,1.0,0.5,0.3082612936121708,0.4,0.6,0.6666666666666666,1.0,1.0,0.5,0.3363681461092672,0.38,0.6333333333333333,0.6,1.0,1.0,0.5,0.3492933161772944,gte_base-dj_adpt,3,webtable-v2v-v=12-distilroberta-dj_adpt~qwen3_8b-dj_adpt
affirmative_asylum.pq::ContinentCountryofNationality,1.0,0.03125,1.0,0.03125,1.0,1.0,0.03125,0.2,0.03125,1.0,0.15625,1.0,1.0,0.03125,0.2,0.0625,1.0,0.3125,1.0,1.0,0.03819444444444445,0.2,0.09375,1.0,0.46875,1.0,1.0,0.044444444444444446,0.2,0.125,1.0,0.625,1.0,1.0,0.0510233918128655,0.2,0.15625,1.0,0.78125,1.0,1.0,0.05753380847953216,0.2,0.1875,1.0,0.9375,1.0,1.0,0.06423023705096073,0.2,0.21875,0.9142857142857143,1.0,1.0,1.0,0.07106617455096073,0.175,0.21875,0.8,1.0,1.0,1.0,0.07106617455096073,0.17777777777777778,0.25,0.7111111111111111,1.0,1.0,1.0,0.0766217301065163,0.2,0.3125,0.64,1.0,1.0,1.0,0.08885865612692445,gte_base-dj_adpt,3,webtable-v2v-v=12-distilroberta-dj_adpt~qwen3_8b-dj_adpt
countries_and_continents.pq::name,1.0,0.037037037037037035,1.0,0.037037037037037035,1.0,1.0,0.037037037037037035,0.6,0.1111111111111111,1.0,0.18518518518518517,1.0,1.0,0.08395061728395062,0.3,0.1111111111111111,1.0,0.37037037037037035,1.0,1.0,0.08395061728395062,0.4,0.2222222222222222,1.0,0.5555555555555556,1.0,1.0,0.12994474661141328,0.35,0.25925925925925924,1.0,0.7407407407407407,1.0,1.0,0.14290770957437623,0.36,0.3333333333333333,1.0,0.9259259259259259,1.0,1.0,0.17026461193127862,0.3333333333333333,0.37037037037037035,0.9,1.0,1.0,1.0,0.18398203305610714,0.34285714285714286,0.4444444444444444,0.7714285714285715,1.0,1.0,1.0,0.21059222095661762,0.35,0.5185185185185185,0.675,1.0,1.0,1.0,0.23798072056733943,0.3333333333333333,0.5555555555555556,0.6,1.0,1.0,1.0,0.25060698319360203,0.3,0.5555555555555556,0.54,1.0,1.0,1.0,0.25060698319360203,gte_base-dj_adpt,3,webtable-v2v-v=12-distilroberta-dj_adpt~qwen3_8b-dj_adpt
pte_postestactive.pq::Arg0,1.0,0.03125,1.0,0.03125,1.0,1.0,0.03125,0.2,0.03125,1.0,0.15625,1.0,1.0,0.03125,0.3,0.09375,1.0,0.3125,1.0,1.0,0.049479166666666664,0.2,0.09375,1.0,0.46875,1.0,1.0,0.049479166666666664,0.15,0.09375,1.0,0.625,1.0,1.0,0.049479166666666664,0.2,0.15625,1.0,0.78125,1.0,1.0,0.061954463109354416,0.16666666666666666,0.15625,1.0,0.9375,1.0,1.0,0.061954463109354416,0.14285714285714285,0.15625,0.9142857142857143,1.0,1.0,1.0,0.061954463109354416,0.175,0.21875,0.8,1.0,1.0,1.0,0.07277177080166211,0.15555555555555556,0.21875,0.7111111111111111,1.0,1.0,1.0,0.07277177080166211,0.16,0.25,0.64,1.0,1.0,1.0,0.07809091973783232,gte_base-dj_adpt,3,webtable-v2v-v=12-distilroberta-dj_adpt~qwen3_8b-dj_adpt
pte_five_ring.pq::Arg0,1.0,0.03125,1.0,0.03125,1.0,1.0,0.03125,1.0,0.15625,1.0,0.15625,1.0,1.0,0.15625,0.6,0.1875,1.0,0.3125,1.0,1.0,0.1875,0.4,0.1875,1.0,0.46875,1.0,1.0,0.1875,0.3,0.1875,1.0,0.625,1.0,1.0,0.1875,0.24,0.1875,1.0,0.78125,1.0,1.0,0.1875,0.2,0.1875,1.0,0.9375,1.0,1.0,0.1875,0.2,0.21875,0.9142857142857143,1.0,1.0,1.0,0.19375,0.175,0.21875,0.8,1.0,1.0,1.0,0.19375,0.17777777777777778,0.25,0.7111111111111111,1.0,1.0,1.0,0.19930555555555557,0.16,0.25,0.64,1.0,1.0,1.0,0.19930555555555557,gte_base-dj_adpt,3,webtable-v2v-v=12-distilroberta-dj_adpt~qwen3_8b-dj_adpt
MoviesOnStreamingPlatforms_updated.pq::Country,1.0,0.03333333333333333,1.0,0.03333333333333333,1.0,1.0,0.03333333333333333,0.2,0.03333333333333333,1.0,0.16666666666666666,1.0,1.0,0.03333333333333333,0.1,0.03333333333333333,1.0,0.3333333333333333,1.0,1.0,0.03333333333333333,0.2,0.1,1.0,0.5,1.0,1.0,0.0456043956043956,0.15,0.1,1.0,0.6666666666666666,1.0,1.0,0.0456043956043956,0.16,0.13333333333333333,1.0,0.8333333333333334,1.0,1.0,0.05166500166500167,0.16666666666666666,0.16666666666666666,1.0,1.0,1.0,1.0,0.05761738261738262,0.17142857142857143,0.2,0.8571428571428571,1.0,1.0,1.0,0.06406899552060842,0.175,0.23333333333333334,0.75,1.0,1.0,1.0,0.06990232885394176,0.17777777777777778,0.26666666666666666,0.6666666666666666,1.0,1.0,1.0,0.07596293491454782,0.16,0.26666666666666666,0.6,1.0,1.0,1.0,0.07596293491454782,gte_base-dj_adpt,3,webtable-v2v-v=12-distilroberta-dj_adpt~qwen3_8b-dj_adpt
pte_amine.pq::Arg0,1.0,0.03125,1.0,0.03125,1.0,1.0,0.03125,0.2,0.03125,1.0,0.15625,1.0,1.0,0.03125,0.1,0.03125,1.0,0.3125,1.0,1.0,0.03125,0.13333333333333333,0.0625,1.0,0.46875,1.0,1.0,0.036458333333333336,0.15,0.09375,1.0,0.625,1.0,1.0,0.04197303921568628,0.12,0.09375,1.0,0.78125,1.0,1.0,0.04197303921568628,0.1,0.09375,1.0,0.9375,1.0,1.0,0.04197303921568628,0.11428571428571428,0.125,0.9142857142857143,1.0,1.0,1.0,0.045544467787114844,0.1,0.125,0.8,1.0,1.0,1.0,0.045544467787114844,0.08888888888888889,0.125,0.7111111111111111,1.0,1.0,1.0,0.045544467787114844,0.08,0.125,0.64,1.0,1.0,1.0,0.045544467787114844,gte_base-dj_adpt,3,webtable-v2v-v=12-distilroberta-dj_adpt~qwen3_8b-dj_adpt
AdventureWorks2014_salesTerritory.pq::Name,0.0,0.0,1.0,0.03333333333333333,0.0,0.0,0.0,0.0,0.0,1.0,0.16666666666666666,0.0,0.0,0.0,0.0,0.0,1.0,0.3333333333333333,0.0,0.0,0.0,0.0,0.0,1.0,0.5,0.0,0.0,0.0,0.0,0.0,1.0,0.6666666666666666,0.0,0.0,0.0,0.0,0.0,1.0,0.8333333333333334,0.0,0.0,0.0,0.0,0.0,1.0,1.0,0.0,0.0,0.0,0.0,0.0,0.8571428571428571,1.0,0.0,0.0,0.0,0.0,0.0,0.75,1.0,0.0,0.0,0.0,0.0,0.0,0.6666666666666666,1.0,0.0,0.0,0.0,0.0,0.0,0.6,1.0,0.0,0.0,0.0,gte_base-dj_adpt,3,webtable-v2v-v=12-distilroberta-dj_adpt~qwen3_8b-dj_adpt
whr2015.pq::Country,1.0,0.03333333333333333,1.0,0.03333333333333333,1.0,1.0,0.03333333333333333,0.8,0.13333333333333333,1.0,0.16666666666666666,1.0,1.0,0.13333333333333333,0.5,0.16666666666666666,1.0,0.3333333333333333,1.0,1.0,0.15416666666666667,0.6666666666666666,0.3333333333333333,1.0,0.5,1.0,1.0,0.25595654345654345,0.6,0.4,1.0,0.6666666666666666,1.0,1.0,0.30109543234543235,0.6,0.5,1.0,0.8333333333333334,1.0,1.0,0.3628535413861501,0.5333333333333333,0.5333333333333333,1.0,1.0,1.0,1.0,0.3812443459838512,0.4857142857142857,0.5666666666666667,0.8571428571428571,1.0,1.0,1.0,0.39895267931718453,0.425,0.5666666666666667,0.75,1.0,1.0,1.0,0.39895267931718453,0.4,0.6,0.6666666666666666,1.0,1.0,1.0,0.4122860126505179,0.4,0.6666666666666666,0.6,1.0,1.0,1.0,0.43994301748143577,gte_base-dj_adpt,3,webtable-v2v-v=12-distilroberta-dj_adpt~qwen3_8b-dj_adpt
countries_and_continents.pq::official_name_fr,1.0,0.037037037037037035,1.0,0.037037037037037035,1.0,1.0,0.037037037037037035,0.6,0.1111111111111111,1.0,0.18518518518518517,1.0,1.0,0.1111111111111111,0.6,0.2222222222222222,1.0,0.37037037037037035,1.0,1.0,0.18364197530864196,0.5333333333333333,0.2962962962962963,1.0,0.5555555555555556,1.0,1.0,0.22191358024691357,0.4,0.2962962962962963,1.0,0.7407407407407407,1.0,1.0,0.22191358024691357,0.32,0.2962962962962963,1.0,0.9259259259259259,1.0,1.0,0.22191358024691357,0.3,0.3333333333333333,0.9,1.0,1.0,1.0,0.2330246913580247,0.2571428571428571,0.3333333333333333,0.7714285714285715,1.0,1.0,1.0,0.2330246913580247,0.25,0.37037037037037035,0.675,1.0,1.0,1.0,0.24228395061728397,0.26666666666666666,0.4444444444444444,0.6,1.0,1.0,1.0,0.2628027272336215,0.26,0.48148148148148145,0.54,1.0,1.0,1.0,0.27283359143115243,gte_base-dj_adpt,3,webtable-v2v-v=12-distilroberta-dj_adpt~qwen3_8b-dj_adpt
pte_has_property.pq::Arg0,0.0,0.0,1.0,0.03125,0.0,0.0,0.0,0.0,0.0,1.0,0.15625,0.0,0.0,0.0,0.0,0.0,1.0,0.3125,0.0,0.0,0.0,0.06666666666666667,0.03125,1.0,0.46875,1.0,0.07142857142857142,0.002232142857142857,0.1,0.0625,1.0,0.625,1.0,0.07142857142857142,0.005908613445378151,0.08,0.0625,1.0,0.78125,1.0,0.07142857142857142,0.005908613445378151,0.1,0.09375,1.0,0.9375,1.0,0.07142857142857142,0.009141372066067806,0.14285714285714285,0.15625,0.9142857142857143,1.0,1.0,0.07142857142857142,0.018056442630583935,0.125,0.15625,0.8,1.0,1.0,0.07142857142857142,0.018056442630583935,0.15555555555555556,0.21875,0.7111111111111111,1.0,1.0,0.07142857142857142,0.027388498655953913,0.16,0.25,0.64,1.0,1.0,0.07142857142857142,0.03238849865595391,gte_base-dj_adpt,3,webtable-v2v-v=12-distilroberta-dj_adpt~qwen3_8b-dj_adpt
cwurData.pq::country,1.0,0.03333333333333333,1.0,0.03333333333333333,1.0,1.0,0.03333333333333333,0.4,0.06666666666666667,1.0,0.16666666666666666,1.0,1.0,0.06666666666666667,0.3,0.1,1.0,0.3333333333333333,1.0,1.0,0.07666666666666666,0.2,0.1,1.0,0.5,1.0,1.0,0.07666666666666666,0.15,0.1,1.0,0.6666666666666666,1.0,1.0,0.07666666666666666,0.12,0.1,1.0,0.8333333333333334,1.0,1.0,0.07666666666666666,0.1,0.1,1.0,1.0,1.0,1.0,0.07666666666666666,0.08571428571428572,0.1,0.8571428571428571,1.0,1.0,1.0,0.07666666666666666,0.075,0.1,0.75,1.0,1.0,1.0,0.07666666666666666,0.06666666666666667,0.1,0.6666666666666666,1.0,1.0,1.0,0.07666666666666666,0.06,0.1,0.6,1.0,1.0,1.0,0.07666666666666666,gtr_t5-dj_adpt,4,webtable-v2v-v=12-distilroberta-dj_adpt~qwen3_8b-dj_adpt
countries_and_continents.pq::ISO4217-currency_country_name,1.0,0.037037037037037035,1.0,0.037037037037037035,1.0,1.0,0.037037037037037035,1.0,0.18518518518518517,1.0,0.18518518518518517,1.0,1.0,0.18518518518518517,0.8,0.2962962962962963,1.0,0.37037037037037035,1.0,1.0,0.278968253968254,0.6,0.3333333333333333,1.0,0.5555555555555556,1.0,1.0,0.3011904761904762,0.55,0.4074074074074074,1.0,0.7407407407407407,1.0,1.0,0.34105402394876083,0.56,0.5185185185185185,1.0,0.9259259259259259,1.0,1.0,0.40379495987810254,0.4666666666666667,0.5185185185185185,0.9,1.0,1.0,1.0,0.40379495987810254,0.45714285714285713,0.5925925925925926,0.7714285714285715,1.0,1.0,1.0,0.43914530073128966,0.425,0.6296296296296297,0.675,1.0,1.0,1.0,0.45528965020897244,0.37777777777777777,0.6296296296296297,0.6,1.0,1.0,1.0,0.45528965020897244,0.38,0.7037037037037037,0.54,1.0,1.0,1.0,0.48413454119925353,gtr_t5-dj_adpt,4,webtable-v2v-v=12-distilroberta-dj_adpt~qwen3_8b-dj_adpt
pte_imine.pq::Arg0,1.0,0.03125,1.0,0.03125,1.0,1.0,0.03125,0.2,0.03125,1.0,0.15625,1.0,1.0,0.03125,0.1,0.03125,1.0,0.3125,1.0,1.0,0.03125,0.06666666666666667,0.03125,1.0,0.46875,1.0,1.0,0.03125,0.05,0.03125,1.0,0.625,1.0,1.0,0.03125,0.04,0.03125,1.0,0.78125,1.0,1.0,0.03125,0.03333333333333333,0.03125,1.0,0.9375,1.0,1.0,0.03125,0.02857142857142857,0.03125,0.9142857142857143,1.0,1.0,1.0,0.03125,0.025,0.03125,0.8,1.0,1.0,1.0,0.03125,0.022222222222222223,0.03125,0.7111111111111111,1.0,1.0,1.0,0.03125,0.02,0.03125,0.64,1.0,1.0,1.0,0.03125,gtr_t5-dj_adpt,4,webtable-v2v-v=12-distilroberta-dj_adpt~qwen3_8b-dj_adpt
countries_and_continents.pq::official_name_en,1.0,0.037037037037037035,1.0,0.037037037037037035,1.0,1.0,0.037037037037037035,0.4,0.07407407407407407,1.0,0.18518518518518517,1.0,1.0,0.06172839506172839,0.3,0.1111111111111111,1.0,0.37037037037037035,1.0,1.0,0.08024691358024691,0.26666666666666666,0.14814814814814814,1.0,0.5555555555555556,1.0,1.0,0.0908289241622575,0.25,0.18518518518518517,1.0,0.7407407407407407,1.0,1.0,0.10172217034962133,0.24,0.2222222222222222,1.0,0.9259259259259259,1.0,1.0,0.11182318045063143,0.23333333333333334,0.25925925925925924,0.9,1.0,1.0,1.0,0.1204651557592734,0.22857142857142856,0.2962962962962963,0.7714285714285715,1.0,1.0,1.0,0.12972441501853266,0.225,0.3333333333333333,0.675,1.0,1.0,1.0,0.13873342402754169,0.24444444444444444,0.4074074074074074,0.6,1.0,1.0,1.0,0.15660526412160397,0.24,0.4444444444444444,0.54,1.0,1.0,1.0,0.16586452338086324,gtr_t5-dj_adpt,4,webtable-v2v-v=12-distilroberta-dj_adpt~qwen3_8b-dj_adpt
world_country.pq::Name,1.0,0.034482758620689655,1.0,0.034482758620689655,1.0,1.0,0.034482758620689655,0.8,0.13793103448275862,1.0,0.1724137931034483,1.0,1.0,0.13103448275862067,0.5,0.1724137931034483,1.0,0.3448275862068966,1.0,1.0,0.15258620689655172,0.4,0.20689655172413793,1.0,0.5172413793103449,1.0,1.0,0.16850132625994696,0.45,0.3103448275862069,1.0,0.6896551724137931,1.0,1.0,0.21194758558642407,0.4,0.3448275862068966,1.0,0.8620689655172413,1.0,1.0,0.22836794683437153,0.3333333333333333,0.3448275862068966,0.9666666666666667,1.0,1.0,1.0,0.22836794683437153,0.34285714285714286,0.41379310344827586,0.8285714285714286,1.0,1.0,1.0,0.25134679354546974,0.35,0.4827586206896552,0.725,1.0,1.0,1.0,0.2765030750538384,0.3333333333333333,0.5172413793103449,0.6444444444444445,1.0,1.0,1.0,0.28825856094725527,0.3,0.5172413793103449,0.58,1.0,1.0,1.0,0.28825856094725527,gtr_t5-dj_adpt,4,webtable-v2v-v=12-distilroberta-dj_adpt~qwen3_8b-dj_adpt
pte_nitro.pq::Arg0,0.0,0.0,1.0,0.03125,0.0,0.0,0.0,0.0,0.0,1.0,0.15625,0.0,0.0,0.0,0.0,0.0,1.0,0.3125,0.0,0.0,0.0,0.0,0.0,1.0,0.46875,0.0,0.0,0.0,0.0,0.0,1.0,0.625,0.0,0.0,0.0,0.0,0.0,1.0,0.78125,0.0,0.0,0.0,0.0,0.0,1.0,0.9375,0.0,0.0,0.0,0.0,0.0,0.9142857142857143,1.0,0.0,0.0,0.0,0.025,0.03125,0.8,1.0,1.0,0.027777777777777776,0.0008680555555555555,0.022222222222222223,0.03125,0.7111111111111111,1.0,1.0,0.027777777777777776,0.0008680555555555555,0.02,0.03125,0.64,1.0,1.0,0.027777777777777776,0.0008680555555555555,gtr_t5-dj_adpt,4,webtable-v2v-v=12-distilroberta-dj_adpt~qwen3_8b-dj_adpt
pte_sulfide.pq::Arg0,1.0,0.03125,1.0,0.03125,1.0,1.0,0.03125,0.4,0.0625,1.0,0.15625,1.0,1.0,0.0625,0.2,0.0625,1.0,0.3125,1.0,1.0,0.0625,0.2,0.09375,1.0,0.46875,1.0,1.0,0.06971153846153846,0.2,0.125,1.0,0.625,1.0,1.0,0.07706447963800905,0.2,0.15625,1.0,0.78125,1.0,1.0,0.08331447963800905,0.16666666666666666,0.15625,1.0,0.9375,1.0,1.0,0.08331447963800905,0.14285714285714285,0.15625,0.9142857142857143,1.0,1.0,1.0,0.08331447963800905,0.15,0.1875,0.8,1.0,1.0,1.0,0.08838204720557662,0.15555555555555556,0.21875,0.7111111111111111,1.0,1.0,1.0,0.09324315831668772,0.14,0.21875,0.64,1.0,1.0,1.0,0.09324315831668772,gtr_t5-dj_adpt,4,webtable-v2v-v=12-distilroberta-dj_adpt~qwen3_8b-dj_adpt
pte_non_ar_hetero_6_ring.pq::Arg0,0.0,0.0,1.0,0.03125,0.0,0.0,0.0,0.2,0.03125,1.0,0.15625,1.0,0.3333333333333333,0.010416666666666666,0.2,0.0625,1.0,0.3125,1.0,0.3333333333333333,0.016666666666666666,0.2,0.09375,1.0,0.46875,1.0,0.3333333333333333,0.02291666666666667,0.15,0.09375,1.0,0.625,1.0,0.3333333333333333,0.02291666666666667,0.16,0.125,1.0,0.78125,1.0,0.3333333333333333,0.028351449275362317,0.23333333333333334,0.21875,1.0,0.9375,1.0,0.3333333333333333,0.048126581550494596,0.2,0.21875,0.9142857142857143,1.0,1.0,0.3333333333333333,0.048126581550494596,0.175,0.21875,0.8,1.0,1.0,0.3333333333333333,0.048126581550494596,0.15555555555555556,0.21875,0.7111111111111111,1.0,1.0,0.3333333333333333,0.048126581550494596,0.14,0.21875,0.64,1.0,1.0,0.3333333333333333,0.048126581550494596,gtr_t5-dj_adpt,4,webtable-v2v-v=12-distilroberta-dj_adpt~qwen3_8b-dj_adpt
Word_University_Rank_2020.pq::Country,0.0,0.0,1.0,0.03333333333333333,0.0,0.0,0.0,0.4,0.06666666666666667,1.0,0.16666666666666666,1.0,0.5,0.03888888888888888,0.2,0.06666666666666667,1.0,0.3333333333333333,1.0,0.5,0.03888888888888888,0.13333333333333333,0.06666666666666667,1.0,0.5,1.0,0.5,0.03888888888888888,0.1,0.06666666666666667,1.0,0.6666666666666666,1.0,0.5,0.03888888888888888,0.12,0.1,1.0,0.8333333333333334,1.0,0.5,0.04305555555555555,0.1,0.1,1.0,1.0,1.0,0.5,0.04305555555555555,0.08571428571428572,0.1,0.8571428571428571,1.0,1.0,0.5,0.04305555555555555,0.1,0.13333333333333333,0.75,1.0,1.0,0.5,0.04675925925925926,0.08888888888888889,0.13333333333333333,0.6666666666666666,1.0,1.0,0.5,0.04675925925925926,0.1,0.16666666666666666,0.6,1.0,1.0,0.5,0.05023148148148148,gtr_t5-dj_adpt,4,webtable-v2v-v=12-distilroberta-dj_adpt~qwen3_8b-dj_adpt
gender_development.pq::Country,1.0,0.03333333333333333,1.0,0.03333333333333333,1.0,1.0,0.03333333333333333,0.6,0.1,1.0,0.16666666666666666,1.0,1.0,0.09166666666666666,0.7,0.23333333333333334,1.0,0.3333333333333333,1.0,1.0,0.18325396825396825,0.5333333333333333,0.26666666666666666,1.0,0.5,1.0,1.0,0.2023015873015873,0.45,0.3,1.0,0.6666666666666666,1.0,1.0,0.2210515873015873,0.44,0.36666666666666664,1.0,0.8333333333333334,1.0,1.0,0.2508697691197691,0.5,0.5,1.0,1.0,1.0,1.0,0.3139193951004296,0.45714285714285713,0.5333333333333333,0.8571428571428571,1.0,1.0,1.0,0.3296056696102335,0.425,0.5666666666666667,0.75,1.0,1.0,1.0,0.3445179503119879,0.4444444444444444,0.6666666666666666,0.6666666666666666,1.0,1.0,1.0,0.3893829768843315,0.4,0.6666666666666666,0.6,1.0,1.0,1.0,0.3893829768843315,gtr_t5-dj_adpt,4,webtable-v2v-v=12-distilroberta-dj_adpt~qwen3_8b-dj_adpt
pte_testactive_Neg.pq::Arg0,1.0,0.03125,1.0,0.03125,1.0,1.0,0.03125,0.4,0.0625,1.0,0.15625,1.0,1.0,0.0625,0.2,0.0625,1.0,0.3125,1.0,1.0,0.0625,0.26666666666666666,0.125,1.0,0.46875,1.0,1.0,0.07935606060606061,0.2,0.125,1.0,0.625,1.0,1.0,0.07935606060606061,0.16,0.125,1.0,0.78125,1.0,1.0,0.07935606060606061,0.16666666666666666,0.15625,1.0,0.9375,1.0,1.0,0.08536567599067599,0.14285714285714285,0.15625,0.9142857142857143,1.0,1.0,1.0,0.08536567599067599,0.15,0.1875,0.8,1.0,1.0,1.0,0.09017336829836829,0.13333333333333333,0.1875,0.7111111111111111,1.0,1.0,1.0,0.09017336829836829,0.14,0.21875,0.64,1.0,1.0,1.0,0.094928803080977,gtr_t5-dj_adpt,4,webtable-v2v-v=12-distilroberta-dj_adpt~qwen3_8b-dj_adpt
edu.pq::country,1.0,0.03333333333333333,1.0,0.03333333333333333,1.0,1.0,0.03333333333333333,0.8,0.13333333333333333,1.0,0.16666666666666666,1.0,1.0,0.12666666666666665,0.8,0.26666666666666666,1.0,0.3333333333333333,1.0,1.0,0.23203703703703704,0.6,0.3,1.0,0.5,1.0,1.0,0.2593097643097643,0.6,0.4,1.0,0.6666666666666666,1.0,1.0,0.3192879778173896,0.52,0.43333333333333335,1.0,0.8333333333333334,1.0,1.0,0.3399228984523102,0.4666666666666667,0.4666666666666667,1.0,1.0,1.0,1.0,0.3565895651189769,0.42857142857142855,0.5,0.8571428571428571,1.0,1.0,1.0,0.37087527940469117,0.425,0.5666666666666667,0.75,1.0,1.0,1.0,0.40100540953482133,0.4666666666666667,0.7,0.6666666666666666,1.0,1.0,1.0,0.46142599166272047,0.42,0.7,0.6,1.0,1.0,1.0,0.46142599166272047,gtr_t5-dj_adpt,4,webtable-v2v-v=12-distilroberta-dj_adpt~qwen3_8b-dj_adpt
AdventureWorks2014_CountryRegion.pq::Name,1.0,0.03333333333333333,1.0,0.03333333333333333,1.0,1.0,0.03333333333333333,1.0,0.16666666666666666,1.0,0.16666666666666666,1.0,1.0,0.16666666666666666,0.6,0.2,1.0,0.3333333333333333,1.0,1.0,0.19523809523809524,0.4666666666666667,0.23333333333333334,1.0,0.5,1.0,1.0,0.2146825396825397,0.35,0.23333333333333334,1.0,0.6666666666666666,1.0,1.0,0.2146825396825397,0.32,0.26666666666666666,1.0,0.8333333333333334,1.0,1.0,0.22534920634920633,0.3333333333333333,0.3333333333333333,1.0,1.0,1.0,1.0,0.247998778998779,0.2857142857142857,0.3333333333333333,0.8571428571428571,1.0,1.0,1.0,0.247998778998779,0.275,0.36666666666666664,0.75,1.0,1.0,1.0,0.2574004884004884,0.3111111111111111,0.4666666666666667,0.6666666666666666,1.0,1.0,1.0,0.2876044757116793,0.28,0.4666666666666667,0.6,1.0,1.0,1.0,0.2876044757116793,gtr_t5-dj_adpt,4,webtable-v2v-v=12-distilroberta-dj_adpt~qwen3_8b-dj_adpt
pte_methoxy.pq::Arg0,0.0,0.0,1.0,0.03125,0.0,0.0,0.0,0.0,0.0,1.0,0.15625,0.0,0.0,0.0,0.0,0.0,1.0,0.3125,0.0,0.0,0.0,0.0,0.0,1.0,0.46875,0.0,0.0,0.0,0.0,0.0,1.0,0.625,0.0,0.0,0.0,0.0,0.0,1.0,0.78125,0.0,0.0,0.0,0.0,0.0,1.0,0.9375,0.0,0.0,0.0,0.0,0.0,0.9142857142857143,1.0,0.0,0.0,0.0,0.0,0.0,0.8,1.0,0.0,0.0,0.0,0.0,0.0,0.7111111111111111,1.0,0.0,0.0,0.0,0.02,0.03125,0.64,1.0,1.0,0.020833333333333332,0.0006510416666666666,gtr_t5-dj_adpt,4,webtable-v2v-v=12-distilroberta-dj_adpt~qwen3_8b-dj_adpt
world-cities.pq::country,1.0,0.03333333333333333,1.0,0.03333333333333333,1.0,1.0,0.03333333333333333,1.0,0.16666666666666666,1.0,0.16666666666666666,1.0,1.0,0.16666666666666666,0.9,0.3,1.0,0.3333333333333333,1.0,1.0,0.292962962962963,0.8,0.4,1.0,0.5,1.0,1.0,0.3823929773929774,0.65,0.43333333333333335,1.0,0.6666666666666666,1.0,1.0,0.40405964405964406,0.52,0.43333333333333335,1.0,0.8333333333333334,1.0,1.0,0.40405964405964406,0.5,0.5,1.0,1.0,1.0,1.0,0.44052688052688055,0.4857142857142857,0.5666666666666667,0.8571428571428571,1.0,1.0,1.0,0.47287897287897285,0.45,0.6,0.75,1.0,1.0,1.0,0.4895456395456395,0.4222222222222222,0.6333333333333333,0.6666666666666666,1.0,1.0,1.0,0.5049927940171842,0.4,0.6666666666666666,0.6,1.0,1.0,1.0,0.5188816829060732,gtr_t5-dj_adpt,4,webtable-v2v-v=12-distilroberta-dj_adpt~qwen3_8b-dj_adpt
movies.pq::country,1.0,0.03333333333333333,1.0,0.03333333333333333,1.0,1.0,0.03333333333333333,0.6,0.1,1.0,0.16666666666666666,1.0,1.0,0.09166666666666666,0.3,0.1,1.0,0.3333333333333333,1.0,1.0,0.09166666666666666,0.2,0.1,1.0,0.5,1.0,1.0,0.09166666666666666,0.15,0.1,1.0,0.6666666666666666,1.0,1.0,0.09166666666666666,0.12,0.1,1.0,0.8333333333333334,1.0,1.0,0.09166666666666666,0.1,0.1,1.0,1.0,1.0,1.0,0.09166666666666666,0.08571428571428572,0.1,0.8571428571428571,1.0,1.0,1.0,0.09166666666666666,0.075,0.1,0.75,1.0,1.0,1.0,0.09166666666666666,0.06666666666666667,0.1,0.6666666666666666,1.0,1.0,1.0,0.09166666666666666,0.06,0.1,0.6,1.0,1.0,1.0,0.09166666666666666,gtr_t5-dj_adpt,4,webtable-v2v-v=12-distilroberta-dj_adpt~qwen3_8b-dj_adpt
countries_data.pq::CountryName,1.0,0.03333333333333333,1.0,0.03333333333333333,1.0,1.0,0.03333333333333333,0.8,0.13333333333333333,1.0,0.16666666666666666,1.0,1.0,0.11833333333333333,0.8,0.26666666666666666,1.0,0.3333333333333333,1.0,1.0,0.2237037037037037,0.7333333333333333,0.36666666666666664,1.0,0.5,1.0,1.0,0.30494468494468496,0.65,0.43333333333333335,1.0,0.6666666666666666,1.0,1.0,0.354018759018759,0.6,0.5,1.0,0.8333333333333334,1.0,1.0,0.39346320346320346,0.5333333333333333,0.5333333333333333,1.0,1.0,1.0,1.0,0.4118540080609046,0.45714285714285713,0.5333333333333333,0.8571428571428571,1.0,1.0,1.0,0.4118540080609046,0.425,0.5666666666666667,0.75,1.0,1.0,1.0,0.42638392259081914,0.4222222222222222,0.6333333333333333,0.6666666666666666,1.0,1.0,1.0,0.45441148503698625,0.38,0.6333333333333333,0.6,1.0,1.0,1.0,0.45441148503698625,gtr_t5-dj_adpt,4,webtable-v2v-v=12-distilroberta-dj_adpt~qwen3_8b-dj_adpt
pte_alcohol.pq::Arg0,0.0,0.0,1.0,0.03125,0.0,0.0,0.0,0.0,0.0,1.0,0.15625,0.0,0.0,0.0,0.0,0.0,1.0,0.3125,0.0,0.0,0.0,0.0,0.0,1.0,0.46875,0.0,0.0,0.0,0.0,0.0,1.0,0.625,0.0,0.0,0.0,0.0,0.0,1.0,0.78125,0.0,0.0,0.0,0.0,0.0,1.0,0.9375,0.0,0.0,0.0,0.0,0.0,0.9142857142857143,1.0,0.0,0.0,0.0,0.0,0.0,0.8,1.0,0.0,0.0,0.0,0.0,0.0,0.7111111111111111,1.0,0.0,0.0,0.0,0.0,0.0,0.64,1.0,0.0,0.0,0.0,gtr_t5-dj_adpt,4,webtable-v2v-v=12-distilroberta-dj_adpt~qwen3_8b-dj_adpt
pte_phenol.pq::Arg0,1.0,0.03125,1.0,0.03125,1.0,1.0,0.03125,0.2,0.03125,1.0,0.15625,1.0,1.0,0.03125,0.2,0.0625,1.0,0.3125,1.0,1.0,0.0375,0.13333333333333333,0.0625,1.0,0.46875,1.0,1.0,0.0375,0.1,0.0625,1.0,0.625,1.0,1.0,0.0375,0.12,0.09375,1.0,0.78125,1.0,1.0,0.04196428571428572,0.13333333333333333,0.125,1.0,0.9375,1.0,1.0,0.04677197802197802,0.17142857142857143,0.1875,0.9142857142857143,1.0,1.0,1.0,0.057671675602623186,0.175,0.21875,0.8,1.0,1.0,1.0,0.06328064996159755,0.15555555555555556,0.21875,0.7111111111111111,1.0,1.0,1.0,0.06328064996159755,0.14,0.21875,0.64,1.0,1.0,1.0,0.06328064996159755,gtr_t5-dj_adpt,4,webtable-v2v-v=12-distilroberta-dj_adpt~qwen3_8b-dj_adpt
pte_ester.pq::Arg0,0.0,0.0,1.0,0.03125,0.0,0.0,0.0,0.0,0.0,1.0,0.15625,0.0,0.0,0.0,0.0,0.0,1.0,0.3125,0.0,0.0,0.0,0.0,0.0,1.0,0.46875,0.0,0.0,0.0,0.0,0.0,1.0,0.625,0.0,0.0,0.0,0.0,0.0,1.0,0.78125,0.0,0.0,0.0,0.0,0.0,1.0,0.9375,0.0,0.0,0.0,0.0,0.0,0.9142857142857143,1.0,0.0,0.0,0.0,0.0,0.0,0.8,1.0,0.0,0.0,0.0,0.022222222222222223,0.03125,0.7111111111111111,1.0,1.0,0.023809523809523808,0.000744047619047619,0.02,0.03125,0.64,1.0,1.0,0.023809523809523808,0.000744047619047619,gtr_t5-dj_adpt,4,webtable-v2v-v=12-distilroberta-dj_adpt~qwen3_8b-dj_adpt
pte_non_ar_hetero_5_ring.pq::Arg0,1.0,0.03125,1.0,0.03125,1.0,1.0,0.03125,0.4,0.0625,1.0,0.15625,1.0,1.0,0.04375,0.2,0.0625,1.0,0.3125,1.0,1.0,0.04375,0.13333333333333333,0.0625,1.0,0.46875,1.0,1.0,0.04375,0.1,0.0625,1.0,0.625,1.0,1.0,0.04375,0.12,0.09375,1.0,0.78125,1.0,1.0,0.048214285714285716,0.2,0.1875,1.0,0.9375,1.0,1.0,0.0644818463783981,0.2,0.21875,0.9142857142857143,1.0,1.0,1.0,0.07091566990780987,0.175,0.21875,0.8,1.0,1.0,1.0,0.07091566990780987,0.15555555555555556,0.21875,0.7111111111111111,1.0,1.0,1.0,0.07091566990780987,0.14,0.21875,0.64,1.0,1.0,1.0,0.07091566990780987,gtr_t5-dj_adpt,4,webtable-v2v-v=12-distilroberta-dj_adpt~qwen3_8b-dj_adpt
population_by_country_2020.pq::CountryDependency,1.0,0.03333333333333333,1.0,0.03333333333333333,1.0,1.0,0.03333333333333333,1.0,0.16666666666666666,1.0,0.16666666666666666,1.0,1.0,0.16666666666666666,0.9,0.3,1.0,0.3333333333333333,1.0,1.0,0.292962962962963,0.7333333333333333,0.36666666666666664,1.0,0.5,1.0,1.0,0.3451851851851852,0.65,0.43333333333333335,1.0,0.6666666666666666,1.0,1.0,0.39021442495126707,0.6,0.5,1.0,0.8333333333333334,1.0,1.0,0.4305042800237308,0.5,0.5,1.0,1.0,1.0,1.0,0.4305042800237308,0.45714285714285713,0.5333333333333333,0.8571428571428571,1.0,1.0,1.0,0.4461905545335348,0.425,0.5666666666666667,0.75,1.0,1.0,1.0,0.4607204690634493,0.4,0.6,0.6666666666666666,1.0,1.0,1.0,0.47500618334916356,0.38,0.6333333333333333,0.6,1.0,1.0,1.0,0.4884813606541281,gtr_t5-dj_adpt,4,webtable-v2v-v=12-distilroberta-dj_adpt~qwen3_8b-dj_adpt
pte_non_ar_5c_ring.pq::Arg0,1.0,0.03125,1.0,0.03125,1.0,1.0,0.03125,0.2,0.03125,1.0,0.15625,1.0,1.0,0.03125,0.1,0.03125,1.0,0.3125,1.0,1.0,0.03125,0.06666666666666667,0.03125,1.0,0.46875,1.0,1.0,0.03125,0.05,0.03125,1.0,0.625,1.0,1.0,0.03125,0.04,0.03125,1.0,0.78125,1.0,1.0,0.03125,0.03333333333333333,0.03125,1.0,0.9375,1.0,1.0,0.03125,0.02857142857142857,0.03125,0.9142857142857143,1.0,1.0,1.0,0.03125,0.025,0.03125,0.8,1.0,1.0,1.0,0.03125,0.022222222222222223,0.03125,0.7111111111111111,1.0,1.0,1.0,0.03125,0.02,0.03125,0.64,1.0,1.0,1.0,0.03125,gtr_t5-dj_adpt,4,webtable-v2v-v=12-distilroberta-dj_adpt~qwen3_8b-dj_adpt
fifa_ranking.pq::country_full,1.0,0.03333333333333333,1.0,0.03333333333333333,1.0,1.0,0.03333333333333333,1.0,0.16666666666666666,1.0,0.16666666666666666,1.0,1.0,0.16666666666666666,0.9,0.3,1.0,0.3333333333333333,1.0,1.0,0.292962962962963,0.7333333333333333,0.36666666666666664,1.0,0.5,1.0,1.0,0.3514711214711215,0.6,0.4,1.0,0.6666666666666666,1.0,1.0,0.37369334369334367,0.56,0.4666666666666667,1.0,0.8333333333333334,1.0,1.0,0.4137727087727088,0.5,0.5,1.0,1.0,1.0,1.0,0.43043937543937544,0.45714285714285713,0.5333333333333333,0.8571428571428571,1.0,1.0,1.0,0.4471060421060421,0.45,0.6,0.75,1.0,1.0,1.0,0.4782313982313982,0.4444444444444444,0.6666666666666666,0.6666666666666666,1.0,1.0,1.0,0.5081255781255781,0.4,0.6666666666666666,0.6,1.0,1.0,1.0,0.5081255781255781,gtr_t5-dj_adpt,4,webtable-v2v-v=12-distilroberta-dj_adpt~qwen3_8b-dj_adpt
countries_of_the_world.pq::Country,1.0,0.03333333333333333,1.0,0.03333333333333333,1.0,1.0,0.03333333333333333,1.0,0.16666666666666666,1.0,0.16666666666666666,1.0,1.0,0.16666666666666666,0.8,0.26666666666666666,1.0,0.3333333333333333,1.0,1.0,0.25403439153439156,0.6666666666666666,0.3333333333333333,1.0,0.5,1.0,1.0,0.3046754171754172,0.55,0.36666666666666664,1.0,0.6666666666666666,1.0,1.0,0.32300875050875055,0.48,0.4,1.0,0.8333333333333334,1.0,1.0,0.3420563695563696,0.43333333333333335,0.43333333333333335,1.0,1.0,1.0,1.0,0.3581057522724189,0.37142857142857144,0.43333333333333335,0.8571428571428571,1.0,1.0,1.0,0.3581057522724189,0.35,0.4666666666666667,0.75,1.0,1.0,1.0,0.3697724189390856,0.3111111111111111,0.4666666666666667,0.6666666666666666,1.0,1.0,1.0,0.3697724189390856,0.3,0.5,0.6,1.0,1.0,1.0,0.3797724189390856,gtr_t5-dj_adpt,4,webtable-v2v-v=12-distilroberta-dj_adpt~qwen3_8b-dj_adpt
pte_ketone.pq::Arg0,1.0,0.03125,1.0,0.03125,1.0,1.0,0.03125,0.2,0.03125,1.0,0.15625,1.0,1.0,0.03125,0.1,0.03125,1.0,0.3125,1.0,1.0,0.03125,0.06666666666666667,0.03125,1.0,0.46875,1.0,1.0,0.03125,0.05,0.03125,1.0,0.625,1.0,1.0,0.03125,0.04,0.03125,1.0,0.78125,1.0,1.0,0.03125,0.03333333333333333,0.03125,1.0,0.9375,1.0,1.0,0.03125,0.02857142857142857,0.03125,0.9142857142857143,1.0,1.0,1.0,0.03125,0.025,0.03125,0.8,1.0,1.0,1.0,0.03125,0.022222222222222223,0.03125,0.7111111111111111,1.0,1.0,1.0,0.03125,0.02,0.03125,0.64,1.0,1.0,1.0,0.03125,gtr_t5-dj_adpt,4,webtable-v2v-v=12-distilroberta-dj_adpt~qwen3_8b-dj_adpt
who_suicide_statistics.pq::country,1.0,0.03333333333333333,1.0,0.03333333333333333,1.0,1.0,0.03333333333333333,0.8,0.13333333333333333,1.0,0.16666666666666666,1.0,1.0,0.12666666666666665,0.8,0.26666666666666666,1.0,0.3333333333333333,1.0,1.0,0.22806878306878306,0.7333333333333333,0.36666666666666664,1.0,0.5,1.0,1.0,0.3013227513227513,0.7,0.4666666666666667,1.0,0.6666666666666666,1.0,1.0,0.36968532442216656,0.6,0.5,1.0,0.8333333333333334,1.0,1.0,0.3905186577554999,0.5666666666666667,0.5666666666666667,1.0,1.0,1.0,1.0,0.4291065066881764,0.5428571428571428,0.6333333333333333,0.8571428571428571,1.0,1.0,1.0,0.46648395766856854,0.5,0.6666666666666666,0.75,1.0,1.0,1.0,0.48500247618708703,0.4444444444444444,0.6666666666666666,0.6666666666666666,1.0,1.0,1.0,0.48500247618708703,0.42,0.7,0.6,1.0,1.0,1.0,0.49958580952042037,gtr_t5-dj_adpt,4,webtable-v2v-v=12-distilroberta-dj_adpt~qwen3_8b-dj_adpt
UKDebate.pq::country,0.0,0.0,1.0,0.03333333333333333,0.0,0.0,0.0,0.0,0.0,1.0,0.16666666666666666,0.0,0.0,0.0,0.0,0.0,1.0,0.3333333333333333,0.0,0.0,0.0,0.0,0.0,1.0,0.5,0.0,0.0,0.0,0.0,0.0,1.0,0.6666666666666666,0.0,0.0,0.0,0.0,0.0,1.0,0.8333333333333334,0.0,0.0,0.0,0.0,0.0,1.0,1.0,0.0,0.0,0.0,0.0,0.0,0.8571428571428571,1.0,0.0,0.0,0.0,0.0,0.0,0.75,1.0,0.0,0.0,0.0,0.0,0.0,0.6666666666666666,1.0,0.0,0.0,0.0,0.0,0.0,0.6,1.0,0.0,0.0,0.0,gtr_t5-dj_adpt,4,webtable-v2v-v=12-distilroberta-dj_adpt~qwen3_8b-dj_adpt
World_countries_env_vars.pq::Country,1.0,0.03333333333333333,1.0,0.03333333333333333,1.0,1.0,0.03333333333333333,1.0,0.16666666666666666,1.0,0.16666666666666666,1.0,1.0,0.16666666666666666,1.0,0.3333333333333333,1.0,0.3333333333333333,1.0,1.0,0.3333333333333333,0.8,0.4,1.0,0.5,1.0,1.0,0.3861904761904762,0.65,0.43333333333333335,1.0,0.6666666666666666,1.0,1.0,0.4089974937343358,0.56,0.4666666666666667,1.0,0.8333333333333334,1.0,1.0,0.42928734880679964,0.5333333333333333,0.5333333333333333,1.0,1.0,1.0,1.0,0.4655836451030959,0.5142857142857142,0.6,0.8571428571428571,1.0,1.0,1.0,0.5009390372599587,0.45,0.6,0.75,1.0,1.0,1.0,0.5009390372599587,0.4,0.6,0.6666666666666666,1.0,1.0,1.0,0.5009390372599587,0.36,0.6,0.6,1.0,1.0,1.0,0.5009390372599587,gtr_t5-dj_adpt,4,webtable-v2v-v=12-distilroberta-dj_adpt~qwen3_8b-dj_adpt
USA_cars_datasets.pq::country,0.0,0.0,1.0,0.03333333333333333,0.0,0.0,0.0,0.0,0.0,1.0,0.16666666666666666,0.0,0.0,0.0,0.0,0.0,1.0,0.3333333333333333,0.0,0.0,0.0,0.0,0.0,1.0,0.5,0.0,0.0,0.0,0.0,0.0,1.0,0.6666666666666666,0.0,0.0,0.0,0.0,0.0,1.0,0.8333333333333334,0.0,0.0,0.0,0.0,0.0,1.0,1.0,0.0,0.0,0.0,0.0,0.0,0.8571428571428571,1.0,0.0,0.0,0.0,0.0,0.0,0.75,1.0,0.0,0.0,0.0,0.0,0.0,0.6666666666666666,1.0,0.0,0.0,0.0,0.0,0.0,0.6,1.0,0.0,0.0,0.0,gtr_t5-dj_adpt,4,webtable-v2v-v=12-distilroberta-dj_adpt~qwen3_8b-dj_adpt
netflix_titles.pq::country,1.0,0.03333333333333333,1.0,0.03333333333333333,1.0,1.0,0.03333333333333333,0.6,0.1,1.0,0.16666666666666666,1.0,1.0,0.1,0.7,0.23333333333333334,1.0,0.3333333333333333,1.0,1.0,0.18861111111111112,0.5333333333333333,0.26666666666666666,1.0,0.5,1.0,1.0,0.2091239316239316,0.45,0.3,1.0,0.6666666666666666,1.0,1.0,0.22491340530814213,0.36,0.3,1.0,0.8333333333333334,1.0,1.0,0.22491340530814213,0.3333333333333333,0.3333333333333333,1.0,1.0,1.0,1.0,0.23681816721290405,0.3142857142857143,0.36666666666666664,0.8571428571428571,1.0,1.0,1.0,0.24864612420215135,0.35,0.4666666666666667,0.75,1.0,1.0,1.0,0.2834347589907862,0.3111111111111111,0.4666666666666667,0.6666666666666666,1.0,1.0,1.0,0.2834347589907862,0.28,0.4666666666666667,0.6,1.0,1.0,1.0,0.2834347589907862,gtr_t5-dj_adpt,4,webtable-v2v-v=12-distilroberta-dj_adpt~qwen3_8b-dj_adpt
pte_ames.pq::Arg0,1.0,0.03125,1.0,0.03125,1.0,1.0,0.03125,1.0,0.15625,1.0,0.15625,1.0,1.0,0.15625,0.8,0.25,1.0,0.3125,1.0,1.0,0.25,0.5333333333333333,0.25,1.0,0.46875,1.0,1.0,0.25,0.4,0.25,1.0,0.625,1.0,1.0,0.25,0.32,0.25,1.0,0.78125,1.0,1.0,0.25,0.26666666666666666,0.25,1.0,0.9375,1.0,1.0,0.25,0.22857142857142856,0.25,0.9142857142857143,1.0,1.0,1.0,0.25,0.2,0.25,0.8,1.0,1.0,1.0,0.25,0.17777777777777778,0.25,0.7111111111111111,1.0,1.0,1.0,0.25,0.16,0.25,0.64,1.0,1.0,1.0,0.25,gtr_t5-dj_adpt,4,webtable-v2v-v=12-distilroberta-dj_adpt~qwen3_8b-dj_adpt
movie_metadata.pq::country,1.0,0.03333333333333333,1.0,0.03333333333333333,1.0,1.0,0.03333333333333333,0.2,0.03333333333333333,1.0,0.16666666666666666,1.0,1.0,0.03333333333333333,0.2,0.06666666666666667,1.0,0.3333333333333333,1.0,1.0,0.04285714285714285,0.13333333333333333,0.06666666666666667,1.0,0.5,1.0,1.0,0.04285714285714285,0.15,0.1,1.0,0.6666666666666666,1.0,1.0,0.048120300751879695,0.12,0.1,1.0,0.8333333333333334,1.0,1.0,0.048120300751879695,0.1,0.1,1.0,1.0,1.0,1.0,0.048120300751879695,0.08571428571428572,0.1,0.8571428571428571,1.0,1.0,1.0,0.048120300751879695,0.075,0.1,0.75,1.0,1.0,1.0,0.048120300751879695,0.06666666666666667,0.1,0.6666666666666666,1.0,1.0,1.0,0.048120300751879695,0.06,0.1,0.6,1.0,1.0,1.0,0.048120300751879695,gtr_t5-dj_adpt,4,webtable-v2v-v=12-distilroberta-dj_adpt~qwen3_8b-dj_adpt
world_country.pq::LocalName,1.0,0.034482758620689655,1.0,0.034482758620689655,1.0,1.0,0.034482758620689655,1.0,0.1724137931034483,1.0,0.1724137931034483,1.0,1.0,0.1724137931034483,0.8,0.27586206896551724,1.0,0.3448275862068966,1.0,1.0,0.2689655172413793,0.6666666666666666,0.3448275862068966,1.0,0.5172413793103449,1.0,1.0,0.31945812807881774,0.55,0.3793103448275862,1.0,0.6896551724137931,1.0,1.0,0.3405309250136836,0.56,0.4827586206896552,1.0,0.8620689655172413,1.0,1.0,0.4016010393071862,0.5,0.5172413793103449,0.9666666666666667,1.0,1.0,1.0,0.4200739457111271,0.45714285714285713,0.5517241379310345,0.8285714285714286,1.0,1.0,1.0,0.43731532502147197,0.45,0.6206896551724138,0.725,1.0,1.0,1.0,0.46951396928908173,0.4,0.6206896551724138,0.6444444444444445,1.0,1.0,1.0,0.46951396928908173,0.38,0.6551724137931034,0.58,1.0,1.0,1.0,0.48345380788042436,gtr_t5-dj_adpt,4,webtable-v2v-v=12-distilroberta-dj_adpt~qwen3_8b-dj_adpt
countries_metadatacountries.pq::CountryName,1.0,0.03333333333333333,1.0,0.03333333333333333,1.0,1.0,0.03333333333333333,1.0,0.16666666666666666,1.0,0.16666666666666666,1.0,1.0,0.16666666666666666,0.9,0.3,1.0,0.3333333333333333,1.0,1.0,0.2966666666666667,0.6666666666666666,0.3333333333333333,1.0,0.5,1.0,1.0,0.32696969696969697,0.6,0.4,1.0,0.6666666666666666,1.0,1.0,0.36853832442067735,0.56,0.4666666666666667,1.0,0.8333333333333334,1.0,1.0,0.40861768950004246,0.5,0.5,1.0,1.0,1.0,1.0,0.4278484587308117,0.45714285714285713,0.5333333333333333,0.8571428571428571,1.0,1.0,1.0,0.4450527598060805,0.425,0.5666666666666667,0.75,1.0,1.0,1.0,0.4603680751213958,0.37777777777777777,0.5666666666666667,0.6666666666666666,1.0,1.0,1.0,0.4603680751213958,0.36,0.6,0.6,1.0,1.0,1.0,0.4726129730805795,gtr_t5-dj_adpt,4,webtable-v2v-v=12-distilroberta-dj_adpt~qwen3_8b-dj_adpt
pte_postestactive_neg.pq::Arg0,1.0,0.03125,1.0,0.03125,1.0,1.0,0.03125,0.4,0.0625,1.0,0.15625,1.0,1.0,0.0625,0.2,0.0625,1.0,0.3125,1.0,1.0,0.0625,0.26666666666666666,0.125,1.0,0.46875,1.0,1.0,0.07935606060606061,0.2,0.125,1.0,0.625,1.0,1.0,0.07935606060606061,0.16,0.125,1.0,0.78125,1.0,1.0,0.07935606060606061,0.16666666666666666,0.15625,1.0,0.9375,1.0,1.0,0.08536567599067599,0.14285714285714285,0.15625,0.9142857142857143,1.0,1.0,1.0,0.08536567599067599,0.15,0.1875,0.8,1.0,1.0,1.0,0.09017336829836829,0.13333333333333333,0.1875,0.7111111111111111,1.0,1.0,1.0,0.09017336829836829,0.14,0.21875,0.64,1.0,1.0,1.0,0.094928803080977,gtr_t5-dj_adpt,4,webtable-v2v-v=12-distilroberta-dj_adpt~qwen3_8b-dj_adpt
pte_alkyl_halide.pq::Arg0,0.0,0.0,1.0,0.03125,0.0,0.0,0.0,0.0,0.0,1.0,0.15625,0.0,0.0,0.0,0.0,0.0,1.0,0.3125,0.0,0.0,0.0,0.0,0.0,1.0,0.46875,0.0,0.0,0.0,0.0,0.0,1.0,0.625,0.0,0.0,0.0,0.0,0.0,1.0,0.78125,0.0,0.0,0.0,0.0,0.0,1.0,0.9375,0.0,0.0,0.0,0.0,0.0,0.9142857142857143,1.0,0.0,0.0,0.0,0.0,0.0,0.8,1.0,0.0,0.0,0.0,0.0,0.0,0.7111111111111111,1.0,0.0,0.0,0.0,0.0,0.0,0.64,1.0,0.0,0.0,0.0,gtr_t5-dj_adpt,4,webtable-v2v-v=12-distilroberta-dj_adpt~qwen3_8b-dj_adpt
pte_testactive.pq::Arg0,0.0,0.0,1.0,0.03125,0.0,0.0,0.0,0.2,0.03125,1.0,0.15625,1.0,0.3333333333333333,0.010416666666666666,0.1,0.03125,1.0,0.3125,1.0,0.3333333333333333,0.010416666666666666,0.13333333333333333,0.0625,1.0,0.46875,1.0,0.3333333333333333,0.014583333333333334,0.15,0.09375,1.0,0.625,1.0,0.3333333333333333,0.020442708333333334,0.16,0.125,1.0,0.78125,1.0,0.3333333333333333,0.026124526515151514,0.16666666666666666,0.15625,1.0,0.9375,1.0,0.3333333333333333,0.03133285984848485,0.14285714285714285,0.15625,0.9142857142857143,1.0,1.0,0.3333333333333333,0.03133285984848485,0.125,0.15625,0.8,1.0,1.0,0.3333333333333333,0.03133285984848485,0.15555555555555556,0.21875,0.7111111111111111,1.0,1.0,0.3333333333333333,0.040877621489283075,0.14,0.21875,0.64,1.0,1.0,0.3333333333333333,0.040877621489283075,gtr_t5-dj_adpt,4,webtable-v2v-v=12-distilroberta-dj_adpt~qwen3_8b-dj_adpt
hfi_cc_2018.pq::countries,1.0,0.03333333333333333,1.0,0.03333333333333333,1.0,1.0,0.03333333333333333,0.6,0.1,1.0,0.16666666666666666,1.0,1.0,0.08666666666666667,0.3,0.1,1.0,0.3333333333333333,1.0,1.0,0.08666666666666667,0.26666666666666666,0.13333333333333333,1.0,0.5,1.0,1.0,0.09692307692307692,0.2,0.13333333333333333,1.0,0.6666666666666666,1.0,1.0,0.09692307692307692,0.32,0.26666666666666666,1.0,0.8333333333333334,1.0,1.0,0.1347620881533925,0.3,0.3,1.0,1.0,1.0,1.0,0.1451069157395994,0.2571428571428571,0.3,0.8571428571428571,1.0,1.0,1.0,0.1451069157395994,0.275,0.36666666666666664,0.75,1.0,1.0,1.0,0.16376788440056805,0.26666666666666666,0.4,0.6666666666666666,1.0,1.0,1.0,0.1730702099819634,0.24,0.4,0.6,1.0,1.0,1.0,0.1730702099819634,gtr_t5-dj_adpt,4,webtable-v2v-v=12-distilroberta-dj_adpt~qwen3_8b-dj_adpt
wikipedia-iso-country-codes.pq::English_short_name_lower_case,1.0,0.03333333333333333,1.0,0.03333333333333333,1.0,1.0,0.03333333333333333,0.8,0.13333333333333333,1.0,0.16666666666666666,1.0,1.0,0.11833333333333333,0.5,0.16666666666666666,1.0,0.3333333333333333,1.0,1.0,0.14214285714285715,0.4666666666666667,0.23333333333333334,1.0,0.5,1.0,1.0,0.17675824175824176,0.4,0.26666666666666666,1.0,0.6666666666666666,1.0,1.0,0.19079332947754002,0.36,0.3,1.0,0.8333333333333334,1.0,1.0,0.20442969311390366,0.3,0.3,1.0,1.0,1.0,1.0,0.20442969311390366,0.3142857142857143,0.36666666666666664,0.8571428571428571,1.0,1.0,1.0,0.22595747089168142,0.3,0.4,0.75,1.0,1.0,1.0,0.2364837866811551,0.3333333333333333,0.5,0.6666666666666666,1.0,1.0,1.0,0.269269241914143,0.32,0.5333333333333333,0.6,1.0,1.0,1.0,0.27993590858080963,gtr_t5-dj_adpt,4,webtable-v2v-v=12-distilroberta-dj_adpt~qwen3_8b-dj_adpt
affirmative_asylum.pq::ContinentCountryofNationality,1.0,0.03125,1.0,0.03125,1.0,1.0,0.03125,0.8,0.125,1.0,0.15625,1.0,1.0,0.11875,0.7,0.21875,1.0,0.3125,1.0,1.0,0.19345238095238096,0.6,0.28125,1.0,0.46875,1.0,1.0,0.23492965367965368,0.5,0.3125,1.0,0.625,1.0,1.0,0.25137702210070634,0.52,0.40625,1.0,0.78125,1.0,1.0,0.3002334532601266,0.5,0.46875,1.0,0.9375,1.0,1.0,0.3344214874481608,0.45714285714285713,0.5,0.9142857142857143,1.0,1.0,1.0,0.34957300259967594,0.425,0.53125,0.8,1.0,1.0,1.0,0.3635532657575707,0.37777777777777777,0.53125,0.7111111111111111,1.0,1.0,1.0,0.3635532657575707,0.36,0.5625,0.64,1.0,1.0,1.0,0.3757815266271359,gtr_t5-dj_adpt,4,webtable-v2v-v=12-distilroberta-dj_adpt~qwen3_8b-dj_adpt
countries_and_continents.pq::name,1.0,0.037037037037037035,1.0,0.037037037037037035,1.0,1.0,0.037037037037037035,0.8,0.14814814814814814,1.0,0.18518518518518517,1.0,1.0,0.14814814814814814,0.7,0.25925925925925924,1.0,0.37037037037037035,1.0,1.0,0.2311875367430923,0.6,0.3333333333333333,1.0,0.5555555555555556,1.0,1.0,0.2781011169900059,0.55,0.4074074074074074,1.0,0.7407407407407407,1.0,1.0,0.3238830099941211,0.44,0.4074074074074074,1.0,0.9259259259259259,1.0,1.0,0.3238830099941211,0.4,0.4444444444444444,0.9,1.0,1.0,1.0,0.33869782480893595,0.34285714285714286,0.4444444444444444,0.7714285714285715,1.0,1.0,1.0,0.33869782480893595,0.325,0.48148148148148145,0.675,1.0,1.0,1.0,0.35171083782194895,0.28888888888888886,0.48148148148148145,0.6,1.0,1.0,1.0,0.35171083782194895,0.28,0.5185185185185185,0.54,1.0,1.0,1.0,0.3625133069577514,gtr_t5-dj_adpt,4,webtable-v2v-v=12-distilroberta-dj_adpt~qwen3_8b-dj_adpt
pte_postestactive.pq::Arg0,0.0,0.0,1.0,0.03125,0.0,0.0,0.0,0.0,0.0,1.0,0.15625,0.0,0.0,0.0,0.0,0.0,1.0,0.3125,0.0,0.0,0.0,0.0,0.0,1.0,0.46875,0.0,0.0,0.0,0.0,0.0,1.0,0.625,0.0,0.0,0.0,0.0,0.0,1.0,0.78125,0.0,0.0,0.0,0.0,0.0,1.0,0.9375,0.0,0.0,0.0,0.0,0.0,0.9142857142857143,1.0,0.0,0.0,0.0,0.0,0.0,0.8,1.0,0.0,0.0,0.0,0.0,0.0,0.7111111111111111,1.0,0.0,0.0,0.0,0.0,0.0,0.64,1.0,0.0,0.0,0.0,gtr_t5-dj_adpt,4,webtable-v2v-v=12-distilroberta-dj_adpt~qwen3_8b-dj_adpt
pte_five_ring.pq::Arg0,1.0,0.03125,1.0,0.03125,1.0,1.0,0.03125,0.2,0.03125,1.0,0.15625,1.0,1.0,0.03125,0.1,0.03125,1.0,0.3125,1.0,1.0,0.03125,0.06666666666666667,0.03125,1.0,0.46875,1.0,1.0,0.03125,0.1,0.0625,1.0,0.625,1.0,1.0,0.034722222222222224,0.16,0.125,1.0,0.78125,1.0,1.0,0.044006642512077296,0.16666666666666666,0.15625,1.0,0.9375,1.0,1.0,0.05001625789669268,0.14285714285714285,0.15625,0.9142857142857143,1.0,1.0,1.0,0.05001625789669268,0.15,0.1875,0.8,1.0,1.0,1.0,0.05470375789669268,0.15555555555555556,0.21875,0.7111111111111111,1.0,1.0,1.0,0.05979096719901826,0.14,0.21875,0.64,1.0,1.0,1.0,0.05979096719901826,gtr_t5-dj_adpt,4,webtable-v2v-v=12-distilroberta-dj_adpt~qwen3_8b-dj_adpt
MoviesOnStreamingPlatforms_updated.pq::Country,1.0,0.03333333333333333,1.0,0.03333333333333333,1.0,1.0,0.03333333333333333,1.0,0.16666666666666666,1.0,0.16666666666666666,1.0,1.0,0.16666666666666666,0.8,0.26666666666666666,1.0,0.3333333333333333,1.0,1.0,0.26,0.7333333333333333,0.36666666666666664,1.0,0.5,1.0,1.0,0.3373581973581974,0.55,0.36666666666666664,1.0,0.6666666666666666,1.0,1.0,0.3373581973581974,0.48,0.4,1.0,0.8333333333333334,1.0,1.0,0.3564058164058164,0.4666666666666667,0.4666666666666667,1.0,1.0,1.0,1.0,0.38797396090499536,0.45714285714285713,0.5333333333333333,0.8571428571428571,1.0,1.0,1.0,0.41883705614309064,0.4,0.5333333333333333,0.75,1.0,1.0,1.0,0.41883705614309064,0.35555555555555557,0.5333333333333333,0.6666666666666666,1.0,1.0,1.0,0.41883705614309064,0.36,0.6,0.6,1.0,1.0,1.0,0.4431386916909268,gtr_t5-dj_adpt,4,webtable-v2v-v=12-distilroberta-dj_adpt~qwen3_8b-dj_adpt
pte_amine.pq::Arg0,0.0,0.0,1.0,0.03125,0.0,0.0,0.0,0.0,0.0,1.0,0.15625,0.0,0.0,0.0,0.0,0.0,1.0,0.3125,0.0,0.0,0.0,0.0,0.0,1.0,0.46875,0.0,0.0,0.0,0.05,0.03125,1.0,0.625,1.0,0.05,0.0015625,0.04,0.03125,1.0,0.78125,1.0,0.05,0.0015625,0.03333333333333333,0.03125,1.0,0.9375,1.0,0.05,0.0015625,0.02857142857142857,0.03125,0.9142857142857143,1.0,1.0,0.05,0.0015625,0.025,0.03125,0.8,1.0,1.0,0.05,0.0015625,0.044444444444444446,0.0625,0.7111111111111111,1.0,1.0,0.05,0.002951388888888889,0.04,0.0625,0.64,1.0,1.0,0.05,0.002951388888888889,gtr_t5-dj_adpt,4,webtable-v2v-v=12-distilroberta-dj_adpt~qwen3_8b-dj_adpt
AdventureWorks2014_salesTerritory.pq::Name,0.0,0.0,1.0,0.03333333333333333,0.0,0.0,0.0,0.0,0.0,1.0,0.16666666666666666,0.0,0.0,0.0,0.0,0.0,1.0,0.3333333333333333,0.0,0.0,0.0,0.0,0.0,1.0,0.5,0.0,0.0,0.0,0.0,0.0,1.0,0.6666666666666666,0.0,0.0,0.0,0.0,0.0,1.0,0.8333333333333334,0.0,0.0,0.0,0.0,0.0,1.0,1.0,0.0,0.0,0.0,0.0,0.0,0.8571428571428571,1.0,0.0,0.0,0.0,0.0,0.0,0.75,1.0,0.0,0.0,0.0,0.0,0.0,0.6666666666666666,1.0,0.0,0.0,0.0,0.0,0.0,0.6,1.0,0.0,0.0,0.0,gtr_t5-dj_adpt,4,webtable-v2v-v=12-distilroberta-dj_adpt~qwen3_8b-dj_adpt
whr2015.pq::Country,1.0,0.03333333333333333,1.0,0.03333333333333333,1.0,1.0,0.03333333333333333,1.0,0.16666666666666666,1.0,0.16666666666666666,1.0,1.0,0.16666666666666666,1.0,0.3333333333333333,1.0,0.3333333333333333,1.0,1.0,0.3333333333333333,0.7333333333333333,0.36666666666666664,1.0,0.5,1.0,1.0,0.3595238095238095,0.65,0.43333333333333335,1.0,0.6666666666666666,1.0,1.0,0.4073308270676692,0.56,0.4666666666666667,1.0,0.8333333333333334,1.0,1.0,0.4259974937343358,0.5333333333333333,0.5333333333333333,1.0,1.0,1.0,1.0,0.46163241436925645,0.4857142857142857,0.5666666666666667,0.8571428571428571,1.0,1.0,1.0,0.4799119842617296,0.5,0.6666666666666666,0.75,1.0,1.0,1.0,0.5294846338343792,0.4444444444444444,0.6666666666666666,0.6666666666666666,1.0,1.0,1.0,0.5294846338343792,0.4,0.6666666666666666,0.6,1.0,1.0,1.0,0.5294846338343792,gtr_t5-dj_adpt,4,webtable-v2v-v=12-distilroberta-dj_adpt~qwen3_8b-dj_adpt
countries_and_continents.pq::official_name_fr,1.0,0.037037037037037035,1.0,0.037037037037037035,1.0,1.0,0.037037037037037035,0.2,0.037037037037037035,1.0,0.18518518518518517,1.0,1.0,0.037037037037037035,0.3,0.1111111111111111,1.0,0.37037037037037035,1.0,1.0,0.06327160493827161,0.26666666666666666,0.14814814814814814,1.0,0.5555555555555556,1.0,1.0,0.07314814814814816,0.25,0.18518518518518517,1.0,0.7407407407407407,1.0,1.0,0.08404139433551198,0.24,0.2222222222222222,1.0,0.9259259259259259,1.0,1.0,0.09370323008430424,0.23333333333333334,0.25925925925925924,0.9,1.0,1.0,1.0,0.10234520539294623,0.2571428571428571,0.3333333333333333,0.7714285714285715,1.0,1.0,1.0,0.1217054747532156,0.25,0.37037037037037035,0.675,1.0,1.0,1.0,0.13120215091655843,0.26666666666666666,0.4444444444444444,0.6,1.0,1.0,1.0,0.1503379533856942,0.28,0.5185185185185185,0.54,1.0,1.0,1.0,0.17160741124935497,gtr_t5-dj_adpt,4,webtable-v2v-v=12-distilroberta-dj_adpt~qwen3_8b-dj_adpt
pte_has_property.pq::Arg0,1.0,0.03125,1.0,0.03125,1.0,1.0,0.03125,1.0,0.15625,1.0,0.15625,1.0,1.0,0.15625,0.6,0.1875,1.0,0.3125,1.0,1.0,0.1875,0.4666666666666667,0.21875,1.0,0.46875,1.0,1.0,0.20738636363636365,0.35,0.21875,1.0,0.625,1.0,1.0,0.20738636363636365,0.28,0.21875,1.0,0.78125,1.0,1.0,0.20738636363636365,0.23333333333333334,0.21875,1.0,0.9375,1.0,1.0,0.20738636363636365,0.22857142857142856,0.25,0.9142857142857143,1.0,1.0,1.0,0.21473930481283424,0.25,0.3125,0.8,1.0,1.0,1.0,0.23015344111512842,0.2222222222222222,0.3125,0.7111111111111111,1.0,1.0,1.0,0.23015344111512842,0.2,0.3125,0.64,1.0,1.0,1.0,0.23015344111512842,gtr_t5-dj_adpt,4,webtable-v2v-v=12-distilroberta-dj_adpt~qwen3_8b-dj_adpt
cwurData.pq::country,0.0,0.0,1.0,0.03333333333333333,0.0,0.0,0.0,0.2,0.03333333333333333,1.0,0.16666666666666666,1.0,0.25,0.008333333333333333,0.1,0.03333333333333333,1.0,0.3333333333333333,1.0,0.25,0.008333333333333333,0.06666666666666667,0.03333333333333333,1.0,0.5,1.0,0.25,0.008333333333333333,0.05,0.03333333333333333,1.0,0.6666666666666666,1.0,0.25,0.008333333333333333,0.04,0.03333333333333333,1.0,0.8333333333333334,1.0,0.25,0.008333333333333333,0.03333333333333333,0.03333333333333333,1.0,1.0,1.0,0.25,0.008333333333333333,0.02857142857142857,0.03333333333333333,0.8571428571428571,1.0,1.0,0.25,0.008333333333333333,0.025,0.03333333333333333,0.75,1.0,1.0,0.25,0.008333333333333333,0.022222222222222223,0.03333333333333333,0.6666666666666666,1.0,1.0,0.25,0.008333333333333333,0.02,0.03333333333333333,0.6,1.0,1.0,0.25,0.008333333333333333,mpnet-dj_adpt,5,webtable-v2v-v=12-distilroberta-dj_adpt~qwen3_8b-dj_adpt
countries_and_continents.pq::ISO4217-currency_country_name,1.0,0.037037037037037035,1.0,0.037037037037037035,1.0,1.0,0.037037037037037035,0.4,0.07407407407407407,1.0,0.18518518518518517,1.0,1.0,0.05555555555555555,0.3,0.1111111111111111,1.0,0.37037037037037035,1.0,1.0,0.07142857142857142,0.26666666666666666,0.14814814814814814,1.0,0.5555555555555556,1.0,1.0,0.08201058201058202,0.2,0.14814814814814814,1.0,0.7407407407407407,1.0,1.0,0.08201058201058202,0.16,0.14814814814814814,1.0,0.9259259259259259,1.0,1.0,0.08201058201058202,0.13333333333333333,0.14814814814814814,0.9,1.0,1.0,1.0,0.08201058201058202,0.11428571428571428,0.14814814814814814,0.7714285714285715,1.0,1.0,1.0,0.08201058201058202,0.125,0.18518518518518517,0.675,1.0,1.0,1.0,0.08688387635756056,0.1111111111111111,0.18518518518518517,0.6,1.0,1.0,1.0,0.08688387635756056,0.1,0.18518518518518517,0.54,1.0,1.0,1.0,0.08688387635756056,mpnet-dj_adpt,5,webtable-v2v-v=12-distilroberta-dj_adpt~qwen3_8b-dj_adpt
pte_imine.pq::Arg0,0.0,0.0,1.0,0.03125,0.0,0.0,0.0,0.0,0.0,1.0,0.15625,0.0,0.0,0.0,0.0,0.0,1.0,0.3125,0.0,0.0,0.0,0.06666666666666667,0.03125,1.0,0.46875,1.0,0.07142857142857142,0.002232142857142857,0.05,0.03125,1.0,0.625,1.0,0.07142857142857142,0.002232142857142857,0.04,0.03125,1.0,0.78125,1.0,0.07142857142857142,0.002232142857142857,0.03333333333333333,0.03125,1.0,0.9375,1.0,0.07142857142857142,0.002232142857142857,0.02857142857142857,0.03125,0.9142857142857143,1.0,1.0,0.07142857142857142,0.002232142857142857,0.025,0.03125,0.8,1.0,1.0,0.07142857142857142,0.002232142857142857,0.022222222222222223,0.03125,0.7111111111111111,1.0,1.0,0.07142857142857142,0.002232142857142857,0.02,0.03125,0.64,1.0,1.0,0.07142857142857142,0.002232142857142857,mpnet-dj_adpt,5,webtable-v2v-v=12-distilroberta-dj_adpt~qwen3_8b-dj_adpt
countries_and_continents.pq::official_name_en,0.0,0.0,1.0,0.037037037037037035,0.0,0.0,0.0,0.0,0.0,1.0,0.18518518518518517,0.0,0.0,0.0,0.0,0.0,1.0,0.37037037037037035,0.0,0.0,0.0,0.0,0.0,1.0,0.5555555555555556,0.0,0.0,0.0,0.0,0.0,1.0,0.7407407407407407,0.0,0.0,0.0,0.0,0.0,1.0,0.9259259259259259,0.0,0.0,0.0,0.03333333333333333,0.037037037037037035,0.9,1.0,1.0,0.03333333333333333,0.0012345679012345679,0.02857142857142857,0.037037037037037035,0.7714285714285715,1.0,1.0,0.03333333333333333,0.0012345679012345679,0.025,0.037037037037037035,0.675,1.0,1.0,0.03333333333333333,0.0012345679012345679,0.022222222222222223,0.037037037037037035,0.6,1.0,1.0,0.03333333333333333,0.0012345679012345679,0.04,0.07407407407407407,0.54,1.0,1.0,0.03333333333333333,0.002777777777777778,mpnet-dj_adpt,5,webtable-v2v-v=12-distilroberta-dj_adpt~qwen3_8b-dj_adpt
world_country.pq::Name,0.0,0.0,1.0,0.034482758620689655,0.0,0.0,0.0,0.0,0.0,1.0,0.1724137931034483,0.0,0.0,0.0,0.0,0.0,1.0,0.3448275862068966,0.0,0.0,0.0,0.0,0.0,1.0,0.5172413793103449,0.0,0.0,0.0,0.0,0.0,1.0,0.6896551724137931,0.0,0.0,0.0,0.0,0.0,1.0,0.8620689655172413,0.0,0.0,0.0,0.0,0.0,0.9666666666666667,1.0,0.0,0.0,0.0,0.02857142857142857,0.034482758620689655,0.8285714285714286,1.0,1.0,0.030303030303030304,0.0010449320794148381,0.025,0.034482758620689655,0.725,1.0,1.0,0.030303030303030304,0.0010449320794148381,0.022222222222222223,0.034482758620689655,0.6444444444444445,1.0,1.0,0.030303030303030304,0.0010449320794148381,0.02,0.034482758620689655,0.58,1.0,1.0,0.030303030303030304,0.0010449320794148381,mpnet-dj_adpt,5,webtable-v2v-v=12-distilroberta-dj_adpt~qwen3_8b-dj_adpt
pte_nitro.pq::Arg0,1.0,0.03125,1.0,0.03125,1.0,1.0,0.03125,1.0,0.15625,1.0,0.15625,1.0,1.0,0.15625,0.5,0.15625,1.0,0.3125,1.0,1.0,0.15625,0.3333333333333333,0.15625,1.0,0.46875,1.0,1.0,0.15625,0.25,0.15625,1.0,0.625,1.0,1.0,0.15625,0.2,0.15625,1.0,0.78125,1.0,1.0,0.15625,0.16666666666666666,0.15625,1.0,0.9375,1.0,1.0,0.15625,0.14285714285714285,0.15625,0.9142857142857143,1.0,1.0,1.0,0.15625,0.125,0.15625,0.8,1.0,1.0,1.0,0.15625,0.1111111111111111,0.15625,0.7111111111111111,1.0,1.0,1.0,0.15625,0.12,0.1875,0.64,1.0,1.0,1.0,0.16023936170212766,mpnet-dj_adpt,5,webtable-v2v-v=12-distilroberta-dj_adpt~qwen3_8b-dj_adpt
pte_sulfide.pq::Arg0,1.0,0.03125,1.0,0.03125,1.0,1.0,0.03125,0.8,0.125,1.0,0.15625,1.0,1.0,0.125,0.5,0.15625,1.0,0.3125,1.0,1.0,0.14732142857142858,0.4,0.1875,1.0,0.46875,1.0,1.0,0.1617445054945055,0.3,0.1875,1.0,0.625,1.0,1.0,0.1617445054945055,0.24,0.1875,1.0,0.78125,1.0,1.0,0.1617445054945055,0.2,0.1875,1.0,0.9375,1.0,1.0,0.1617445054945055,0.17142857142857143,0.1875,0.9142857142857143,1.0,1.0,1.0,0.1617445054945055,0.15,0.1875,0.8,1.0,1.0,1.0,0.1617445054945055,0.13333333333333333,0.1875,0.7111111111111111,1.0,1.0,1.0,0.1617445054945055,0.12,0.1875,0.64,1.0,1.0,1.0,0.1617445054945055,mpnet-dj_adpt,5,webtable-v2v-v=12-distilroberta-dj_adpt~qwen3_8b-dj_adpt
pte_non_ar_hetero_6_ring.pq::Arg0,1.0,0.03125,1.0,0.03125,1.0,1.0,0.03125,0.6,0.09375,1.0,0.15625,1.0,1.0,0.09375,0.4,0.125,1.0,0.3125,1.0,1.0,0.11458333333333333,0.26666666666666666,0.125,1.0,0.46875,1.0,1.0,0.11458333333333333,0.2,0.125,1.0,0.625,1.0,1.0,0.11458333333333333,0.2,0.15625,1.0,0.78125,1.0,1.0,0.12109375,0.16666666666666666,0.15625,1.0,0.9375,1.0,1.0,0.12109375,0.14285714285714285,0.15625,0.9142857142857143,1.0,1.0,1.0,0.12109375,0.15,0.1875,0.8,1.0,1.0,1.0,0.12630208333333334,0.13333333333333333,0.1875,0.7111111111111111,1.0,1.0,1.0,0.12630208333333334,0.12,0.1875,0.64,1.0,1.0,1.0,0.12630208333333334,mpnet-dj_adpt,5,webtable-v2v-v=12-distilroberta-dj_adpt~qwen3_8b-dj_adpt
Word_University_Rank_2020.pq::Country,0.0,0.0,1.0,0.03333333333333333,0.0,0.0,0.0,0.2,0.03333333333333333,1.0,0.16666666666666666,1.0,0.2,0.006666666666666667,0.1,0.03333333333333333,1.0,0.3333333333333333,1.0,0.2,0.006666666666666667,0.06666666666666667,0.03333333333333333,1.0,0.5,1.0,0.2,0.006666666666666667,0.05,0.03333333333333333,1.0,0.6666666666666666,1.0,0.2,0.006666666666666667,0.04,0.03333333333333333,1.0,0.8333333333333334,1.0,0.2,0.006666666666666667,0.03333333333333333,0.03333333333333333,1.0,1.0,1.0,0.2,0.006666666666666667,0.02857142857142857,0.03333333333333333,0.8571428571428571,1.0,1.0,0.2,0.006666666666666667,0.025,0.03333333333333333,0.75,1.0,1.0,0.2,0.006666666666666667,0.022222222222222223,0.03333333333333333,0.6666666666666666,1.0,1.0,0.2,0.006666666666666667,0.02,0.03333333333333333,0.6,1.0,1.0,0.2,0.006666666666666667,mpnet-dj_adpt,5,webtable-v2v-v=12-distilroberta-dj_adpt~qwen3_8b-dj_adpt
gender_development.pq::Country,1.0,0.03333333333333333,1.0,0.03333333333333333,1.0,1.0,0.03333333333333333,0.2,0.03333333333333333,1.0,0.16666666666666666,1.0,1.0,0.03333333333333333,0.1,0.03333333333333333,1.0,0.3333333333333333,1.0,1.0,0.03333333333333333,0.2,0.1,1.0,0.5,1.0,1.0,0.04603174603174603,0.2,0.13333333333333333,1.0,0.6666666666666666,1.0,1.0,0.053874883286647995,0.16,0.13333333333333333,1.0,0.8333333333333334,1.0,1.0,0.053874883286647995,0.13333333333333333,0.13333333333333333,1.0,1.0,1.0,1.0,0.053874883286647995,0.14285714285714285,0.16666666666666666,0.8571428571428571,1.0,1.0,1.0,0.058636788048552754,0.125,0.16666666666666666,0.75,1.0,1.0,1.0,0.058636788048552754,0.1111111111111111,0.16666666666666666,0.6666666666666666,1.0,1.0,1.0,0.058636788048552754,0.1,0.16666666666666666,0.6,1.0,1.0,1.0,0.058636788048552754,mpnet-dj_adpt,5,webtable-v2v-v=12-distilroberta-dj_adpt~qwen3_8b-dj_adpt
pte_testactive_Neg.pq::Arg0,1.0,0.03125,1.0,0.03125,1.0,1.0,0.03125,1.0,0.15625,1.0,0.15625,1.0,1.0,0.15625,0.5,0.15625,1.0,0.3125,1.0,1.0,0.15625,0.3333333333333333,0.15625,1.0,0.46875,1.0,1.0,0.15625,0.25,0.15625,1.0,0.625,1.0,1.0,0.15625,0.2,0.15625,1.0,0.78125,1.0,1.0,0.15625,0.16666666666666666,0.15625,1.0,0.9375,1.0,1.0,0.15625,0.14285714285714285,0.15625,0.9142857142857143,1.0,1.0,1.0,0.15625,0.125,0.15625,0.8,1.0,1.0,1.0,0.15625,0.13333333333333333,0.1875,0.7111111111111111,1.0,1.0,1.0,0.16041666666666668,0.12,0.1875,0.64,1.0,1.0,1.0,0.16041666666666668,mpnet-dj_adpt,5,webtable-v2v-v=12-distilroberta-dj_adpt~qwen3_8b-dj_adpt
edu.pq::country,0.0,0.0,1.0,0.03333333333333333,0.0,0.0,0.0,0.2,0.03333333333333333,1.0,0.16666666666666666,1.0,0.5,0.016666666666666666,0.1,0.03333333333333333,1.0,0.3333333333333333,1.0,0.5,0.016666666666666666,0.06666666666666667,0.03333333333333333,1.0,0.5,1.0,0.5,0.016666666666666666,0.1,0.06666666666666667,1.0,0.6666666666666666,1.0,0.5,0.02,0.08,0.06666666666666667,1.0,0.8333333333333334,1.0,0.5,0.02,0.06666666666666667,0.06666666666666667,1.0,1.0,1.0,0.5,0.02,0.05714285714285714,0.06666666666666667,0.8571428571428571,1.0,1.0,0.5,0.02,0.05,0.06666666666666667,0.75,1.0,1.0,0.5,0.02,0.044444444444444446,0.06666666666666667,0.6666666666666666,1.0,1.0,0.5,0.02,0.06,0.1,0.6,1.0,1.0,0.5,0.022127659574468085,mpnet-dj_adpt,5,webtable-v2v-v=12-distilroberta-dj_adpt~qwen3_8b-dj_adpt
AdventureWorks2014_CountryRegion.pq::Name,0.0,0.0,1.0,0.03333333333333333,0.0,0.0,0.0,0.0,0.0,1.0,0.16666666666666666,0.0,0.0,0.0,0.0,0.0,1.0,0.3333333333333333,0.0,0.0,0.0,0.0,0.0,1.0,0.5,0.0,0.0,0.0,0.0,0.0,1.0,0.6666666666666666,0.0,0.0,0.0,0.0,0.0,1.0,0.8333333333333334,0.0,0.0,0.0,0.0,0.0,1.0,1.0,0.0,0.0,0.0,0.0,0.0,0.8571428571428571,1.0,0.0,0.0,0.0,0.0,0.0,0.75,1.0,0.0,0.0,0.0,0.0,0.0,0.6666666666666666,1.0,0.0,0.0,0.0,0.0,0.0,0.6,1.0,0.0,0.0,0.0,mpnet-dj_adpt,5,webtable-v2v-v=12-distilroberta-dj_adpt~qwen3_8b-dj_adpt
pte_methoxy.pq::Arg0,1.0,0.03125,1.0,0.03125,1.0,1.0,0.03125,0.8,0.125,1.0,0.15625,1.0,1.0,0.1109375,0.4,0.125,1.0,0.3125,1.0,1.0,0.1109375,0.26666666666666666,0.125,1.0,0.46875,1.0,1.0,0.1109375,0.2,0.125,1.0,0.625,1.0,1.0,0.1109375,0.2,0.15625,1.0,0.78125,1.0,1.0,0.1171875,0.16666666666666666,0.15625,1.0,0.9375,1.0,1.0,0.1171875,0.17142857142857143,0.1875,0.9142857142857143,1.0,1.0,1.0,0.12323588709677419,0.15,0.1875,0.8,1.0,1.0,1.0,0.12323588709677419,0.13333333333333333,0.1875,0.7111111111111111,1.0,1.0,1.0,0.12323588709677419,0.12,0.1875,0.64,1.0,1.0,1.0,0.12323588709677419,mpnet-dj_adpt,5,webtable-v2v-v=12-distilroberta-dj_adpt~qwen3_8b-dj_adpt
world-cities.pq::country,0.0,0.0,1.0,0.03333333333333333,0.0,0.0,0.0,0.0,0.0,1.0,0.16666666666666666,0.0,0.0,0.0,0.1,0.03333333333333333,1.0,0.3333333333333333,1.0,0.16666666666666666,0.005555555555555555,0.06666666666666667,0.03333333333333333,1.0,0.5,1.0,0.16666666666666666,0.005555555555555555,0.05,0.03333333333333333,1.0,0.6666666666666666,1.0,0.16666666666666666,0.005555555555555555,0.04,0.03333333333333333,1.0,0.8333333333333334,1.0,0.16666666666666666,0.005555555555555555,0.03333333333333333,0.03333333333333333,1.0,1.0,1.0,0.16666666666666666,0.005555555555555555,0.02857142857142857,0.03333333333333333,0.8571428571428571,1.0,1.0,0.16666666666666666,0.005555555555555555,0.025,0.03333333333333333,0.75,1.0,1.0,0.16666666666666666,0.005555555555555555,0.022222222222222223,0.03333333333333333,0.6666666666666666,1.0,1.0,0.16666666666666666,0.005555555555555555,0.02,0.03333333333333333,0.6,1.0,1.0,0.16666666666666666,0.005555555555555555,mpnet-dj_adpt,5,webtable-v2v-v=12-distilroberta-dj_adpt~qwen3_8b-dj_adpt
movies.pq::country,0.0,0.0,1.0,0.03333333333333333,0.0,0.0,0.0,0.0,0.0,1.0,0.16666666666666666,0.0,0.0,0.0,0.1,0.03333333333333333,1.0,0.3333333333333333,1.0,0.1111111111111111,0.0037037037037037034,0.06666666666666667,0.03333333333333333,1.0,0.5,1.0,0.1111111111111111,0.0037037037037037034,0.05,0.03333333333333333,1.0,0.6666666666666666,1.0,0.1111111111111111,0.0037037037037037034,0.04,0.03333333333333333,1.0,0.8333333333333334,1.0,0.1111111111111111,0.0037037037037037034,0.06666666666666667,0.06666666666666667,1.0,1.0,1.0,0.1111111111111111,0.0060025542784163475,0.05714285714285714,0.06666666666666667,0.8571428571428571,1.0,1.0,0.1111111111111111,0.0060025542784163475,0.05,0.06666666666666667,0.75,1.0,1.0,0.1111111111111111,0.0060025542784163475,0.044444444444444446,0.06666666666666667,0.6666666666666666,1.0,1.0,0.1111111111111111,0.0060025542784163475,0.04,0.06666666666666667,0.6,1.0,1.0,0.1111111111111111,0.0060025542784163475,mpnet-dj_adpt,5,webtable-v2v-v=12-distilroberta-dj_adpt~qwen3_8b-dj_adpt
countries_data.pq::CountryName,0.0,0.0,1.0,0.03333333333333333,0.0,0.0,0.0,0.0,0.0,1.0,0.16666666666666666,0.0,0.0,0.0,0.1,0.03333333333333333,1.0,0.3333333333333333,1.0,0.14285714285714285,0.0047619047619047615,0.06666666666666667,0.03333333333333333,1.0,0.5,1.0,0.14285714285714285,0.0047619047619047615,0.1,0.06666666666666667,1.0,0.6666666666666666,1.0,0.14285714285714285,0.008683473389355741,0.08,0.06666666666666667,1.0,0.8333333333333334,1.0,0.14285714285714285,0.008683473389355741,0.1,0.1,1.0,1.0,1.0,0.14285714285714285,0.012529627235509589,0.08571428571428572,0.1,0.8571428571428571,1.0,1.0,0.14285714285714285,0.012529627235509589,0.1,0.13333333333333333,0.75,1.0,1.0,0.14285714285714285,0.015948430654313006,0.08888888888888889,0.13333333333333333,0.6666666666666666,1.0,1.0,0.14285714285714285,0.015948430654313006,0.08,0.13333333333333333,0.6,1.0,1.0,0.14285714285714285,0.015948430654313006,mpnet-dj_adpt,5,webtable-v2v-v=12-distilroberta-dj_adpt~qwen3_8b-dj_adpt
pte_alcohol.pq::Arg0,0.0,0.0,1.0,0.03125,0.0,0.0,0.0,0.0,0.0,1.0,0.15625,0.0,0.0,0.0,0.0,0.0,1.0,0.3125,0.0,0.0,0.0,0.0,0.0,1.0,0.46875,0.0,0.0,0.0,0.0,0.0,1.0,0.625,0.0,0.0,0.0,0.0,0.0,1.0,0.78125,0.0,0.0,0.0,0.0,0.0,1.0,0.9375,0.0,0.0,0.0,0.0,0.0,0.9142857142857143,1.0,0.0,0.0,0.0,0.0,0.0,0.8,1.0,0.0,0.0,0.0,0.0,0.0,0.7111111111111111,1.0,0.0,0.0,0.0,0.0,0.0,0.64,1.0,0.0,0.0,0.0,mpnet-dj_adpt,5,webtable-v2v-v=12-distilroberta-dj_adpt~qwen3_8b-dj_adpt
pte_phenol.pq::Arg0,1.0,0.03125,1.0,0.03125,1.0,1.0,0.03125,0.8,0.125,1.0,0.15625,1.0,1.0,0.125,0.4,0.125,1.0,0.3125,1.0,1.0,0.125,0.3333333333333333,0.15625,1.0,0.46875,1.0,1.0,0.13541666666666666,0.25,0.15625,1.0,0.625,1.0,1.0,0.13541666666666666,0.2,0.15625,1.0,0.78125,1.0,1.0,0.13541666666666666,0.2,0.1875,1.0,0.9375,1.0,1.0,0.14211309523809523,0.17142857142857143,0.1875,0.9142857142857143,1.0,1.0,1.0,0.14211309523809523,0.175,0.21875,0.8,1.0,1.0,1.0,0.1480252574002574,0.15555555555555556,0.21875,0.7111111111111111,1.0,1.0,1.0,0.1480252574002574,0.14,0.21875,0.64,1.0,1.0,1.0,0.1480252574002574,mpnet-dj_adpt,5,webtable-v2v-v=12-distilroberta-dj_adpt~qwen3_8b-dj_adpt
pte_ester.pq::Arg0,1.0,0.03125,1.0,0.03125,1.0,1.0,0.03125,1.0,0.15625,1.0,0.15625,1.0,1.0,0.15625,0.5,0.15625,1.0,0.3125,1.0,1.0,0.15625,0.3333333333333333,0.15625,1.0,0.46875,1.0,1.0,0.15625,0.25,0.15625,1.0,0.625,1.0,1.0,0.15625,0.2,0.15625,1.0,0.78125,1.0,1.0,0.15625,0.16666666666666666,0.15625,1.0,0.9375,1.0,1.0,0.15625,0.14285714285714285,0.15625,0.9142857142857143,1.0,1.0,1.0,0.15625,0.125,0.15625,0.8,1.0,1.0,1.0,0.15625,0.1111111111111111,0.15625,0.7111111111111111,1.0,1.0,1.0,0.15625,0.12,0.1875,0.64,1.0,1.0,1.0,0.16032608695652173,mpnet-dj_adpt,5,webtable-v2v-v=12-distilroberta-dj_adpt~qwen3_8b-dj_adpt
pte_non_ar_hetero_5_ring.pq::Arg0,1.0,0.03125,1.0,0.03125,1.0,1.0,0.03125,0.8,0.125,1.0,0.15625,1.0,1.0,0.11875,0.4,0.125,1.0,0.3125,1.0,1.0,0.11875,0.26666666666666666,0.125,1.0,0.46875,1.0,1.0,0.11875,0.2,0.125,1.0,0.625,1.0,1.0,0.11875,0.2,0.15625,1.0,0.78125,1.0,1.0,0.12554347826086956,0.2,0.1875,1.0,0.9375,1.0,1.0,0.13179347826086957,0.17142857142857143,0.1875,0.9142857142857143,1.0,1.0,1.0,0.13179347826086957,0.175,0.21875,0.8,1.0,1.0,1.0,0.13786986714975846,0.15555555555555556,0.21875,0.7111111111111111,1.0,1.0,1.0,0.13786986714975846,0.14,0.21875,0.64,1.0,1.0,1.0,0.13786986714975846,mpnet-dj_adpt,5,webtable-v2v-v=12-distilroberta-dj_adpt~qwen3_8b-dj_adpt
population_by_country_2020.pq::CountryDependency,1.0,0.03333333333333333,1.0,0.03333333333333333,1.0,1.0,0.03333333333333333,0.4,0.06666666666666667,1.0,0.16666666666666666,1.0,1.0,0.05555555555555555,0.4,0.13333333333333333,1.0,0.3333333333333333,1.0,1.0,0.08287037037037037,0.26666666666666666,0.13333333333333333,1.0,0.5,1.0,1.0,0.08287037037037037,0.2,0.13333333333333333,1.0,0.6666666666666666,1.0,1.0,0.08287037037037037,0.16,0.13333333333333333,1.0,0.8333333333333334,1.0,1.0,0.08287037037037037,0.13333333333333333,0.13333333333333333,1.0,1.0,1.0,1.0,0.08287037037037037,0.11428571428571428,0.13333333333333333,0.8571428571428571,1.0,1.0,1.0,0.08287037037037037,0.1,0.13333333333333333,0.75,1.0,1.0,1.0,0.08287037037037037,0.1111111111111111,0.16666666666666666,0.6666666666666666,1.0,1.0,1.0,0.08693541102077687,0.1,0.16666666666666666,0.6,1.0,1.0,1.0,0.08693541102077687,mpnet-dj_adpt,5,webtable-v2v-v=12-distilroberta-dj_adpt~qwen3_8b-dj_adpt
pte_non_ar_5c_ring.pq::Arg0,0.0,0.0,1.0,0.03125,0.0,0.0,0.0,0.0,0.0,1.0,0.15625,0.0,0.0,0.0,0.0,0.0,1.0,0.3125,0.0,0.0,0.0,0.0,0.0,1.0,0.46875,0.0,0.0,0.0,0.0,0.0,1.0,0.625,0.0,0.0,0.0,0.04,0.03125,1.0,0.78125,1.0,0.04,0.00125,0.03333333333333333,0.03125,1.0,0.9375,1.0,0.04,0.00125,0.02857142857142857,0.03125,0.9142857142857143,1.0,1.0,0.04,0.00125,0.025,0.03125,0.8,1.0,1.0,0.04,0.00125,0.022222222222222223,0.03125,0.7111111111111111,1.0,1.0,0.04,0.00125,0.02,0.03125,0.64,1.0,1.0,0.04,0.00125,mpnet-dj_adpt,5,webtable-v2v-v=12-distilroberta-dj_adpt~qwen3_8b-dj_adpt
fifa_ranking.pq::country_full,0.0,0.0,1.0,0.03333333333333333,0.0,0.0,0.0,0.2,0.03333333333333333,1.0,0.16666666666666666,1.0,0.25,0.008333333333333333,0.1,0.03333333333333333,1.0,0.3333333333333333,1.0,0.25,0.008333333333333333,0.06666666666666667,0.03333333333333333,1.0,0.5,1.0,0.25,0.008333333333333333,0.05,0.03333333333333333,1.0,0.6666666666666666,1.0,0.25,0.008333333333333333,0.04,0.03333333333333333,1.0,0.8333333333333334,1.0,0.25,0.008333333333333333,0.03333333333333333,0.03333333333333333,1.0,1.0,1.0,0.25,0.008333333333333333,0.05714285714285714,0.06666666666666667,0.8571428571428571,1.0,1.0,0.25,0.010483870967741936,0.05,0.06666666666666667,0.75,1.0,1.0,0.25,0.010483870967741936,0.044444444444444446,0.06666666666666667,0.6666666666666666,1.0,1.0,0.25,0.010483870967741936,0.06,0.1,0.6,1.0,1.0,0.25,0.012657784011220197,mpnet-dj_adpt,5,webtable-v2v-v=12-distilroberta-dj_adpt~qwen3_8b-dj_adpt
countries_of_the_world.pq::Country,0.0,0.0,1.0,0.03333333333333333,0.0,0.0,0.0,0.0,0.0,1.0,0.16666666666666666,0.0,0.0,0.0,0.0,0.0,1.0,0.3333333333333333,0.0,0.0,0.0,0.0,0.0,1.0,0.5,0.0,0.0,0.0,0.0,0.0,1.0,0.6666666666666666,0.0,0.0,0.0,0.0,0.0,1.0,0.8333333333333334,0.0,0.0,0.0,0.0,0.0,1.0,1.0,0.0,0.0,0.0,0.0,0.0,0.8571428571428571,1.0,0.0,0.0,0.0,0.0,0.0,0.75,1.0,0.0,0.0,0.0,0.0,0.0,0.6666666666666666,1.0,0.0,0.0,0.0,0.0,0.0,0.6,1.0,0.0,0.0,0.0,mpnet-dj_adpt,5,webtable-v2v-v=12-distilroberta-dj_adpt~qwen3_8b-dj_adpt
pte_ketone.pq::Arg0,1.0,0.03125,1.0,0.03125,1.0,1.0,0.03125,1.0,0.15625,1.0,0.15625,1.0,1.0,0.15625,0.9,0.28125,1.0,0.3125,1.0,1.0,0.28125,0.6666666666666666,0.3125,1.0,0.46875,1.0,1.0,0.3096590909090909,0.5,0.3125,1.0,0.625,1.0,1.0,0.3096590909090909,0.4,0.3125,1.0,0.78125,1.0,1.0,0.3096590909090909,0.3333333333333333,0.3125,1.0,0.9375,1.0,1.0,0.3096590909090909,0.2857142857142857,0.3125,0.9142857142857143,1.0,1.0,1.0,0.3096590909090909,0.275,0.34375,0.8,1.0,1.0,1.0,0.31894963144963145,0.24444444444444444,0.34375,0.7111111111111111,1.0,1.0,1.0,0.31894963144963145,0.22,0.34375,0.64,1.0,1.0,1.0,0.31894963144963145,mpnet-dj_adpt,5,webtable-v2v-v=12-distilroberta-dj_adpt~qwen3_8b-dj_adpt
who_suicide_statistics.pq::country,0.0,0.0,1.0,0.03333333333333333,0.0,0.0,0.0,0.0,0.0,1.0,0.16666666666666666,0.0,0.0,0.0,0.0,0.0,1.0,0.3333333333333333,0.0,0.0,0.0,0.13333333333333333,0.06666666666666667,1.0,0.5,1.0,0.08333333333333333,0.007539682539682539,0.15,0.1,1.0,0.6666666666666666,1.0,0.08333333333333333,0.01253968253968254,0.12,0.1,1.0,0.8333333333333334,1.0,0.08333333333333333,0.01253968253968254,0.1,0.1,1.0,1.0,1.0,0.08333333333333333,0.01253968253968254,0.14285714285714285,0.16666666666666666,0.8571428571428571,1.0,1.0,0.08333333333333333,0.02134199134199134,0.15,0.2,0.75,1.0,1.0,0.08333333333333333,0.02634199134199134,0.13333333333333333,0.2,0.6666666666666666,1.0,1.0,0.08333333333333333,0.02634199134199134,0.12,0.2,0.6,1.0,1.0,0.08333333333333333,0.02634199134199134,mpnet-dj_adpt,5,webtable-v2v-v=12-distilroberta-dj_adpt~qwen3_8b-dj_adpt
UKDebate.pq::country,0.0,0.0,1.0,0.03333333333333333,0.0,0.0,0.0,0.0,0.0,1.0,0.16666666666666666,0.0,0.0,0.0,0.0,0.0,1.0,0.3333333333333333,0.0,0.0,0.0,0.0,0.0,1.0,0.5,0.0,0.0,0.0,0.0,0.0,1.0,0.6666666666666666,0.0,0.0,0.0,0.0,0.0,1.0,0.8333333333333334,0.0,0.0,0.0,0.0,0.0,1.0,1.0,0.0,0.0,0.0,0.0,0.0,0.8571428571428571,1.0,0.0,0.0,0.0,0.025,0.03333333333333333,0.75,1.0,1.0,0.02702702702702703,0.0009009009009009009,0.022222222222222223,0.03333333333333333,0.6666666666666666,1.0,1.0,0.02702702702702703,0.0009009009009009009,0.04,0.06666666666666667,0.6,1.0,1.0,0.02702702702702703,0.0023501762632197414,mpnet-dj_adpt,5,webtable-v2v-v=12-distilroberta-dj_adpt~qwen3_8b-dj_adpt
World_countries_env_vars.pq::Country,0.0,0.0,1.0,0.03333333333333333,0.0,0.0,0.0,0.0,0.0,1.0,0.16666666666666666,0.0,0.0,0.0,0.0,0.0,1.0,0.3333333333333333,0.0,0.0,0.0,0.0,0.0,1.0,0.5,0.0,0.0,0.0,0.0,0.0,1.0,0.6666666666666666,0.0,0.0,0.0,0.0,0.0,1.0,0.8333333333333334,0.0,0.0,0.0,0.0,0.0,1.0,1.0,0.0,0.0,0.0,0.0,0.0,0.8571428571428571,1.0,0.0,0.0,0.0,0.0,0.0,0.75,1.0,0.0,0.0,0.0,0.0,0.0,0.6666666666666666,1.0,0.0,0.0,0.0,0.0,0.0,0.6,1.0,0.0,0.0,0.0,mpnet-dj_adpt,5,webtable-v2v-v=12-distilroberta-dj_adpt~qwen3_8b-dj_adpt
USA_cars_datasets.pq::country,0.0,0.0,1.0,0.03333333333333333,0.0,0.0,0.0,0.2,0.03333333333333333,1.0,0.16666666666666666,1.0,0.25,0.008333333333333333,0.1,0.03333333333333333,1.0,0.3333333333333333,1.0,0.25,0.008333333333333333,0.06666666666666667,0.03333333333333333,1.0,0.5,1.0,0.25,0.008333333333333333,0.05,0.03333333333333333,1.0,0.6666666666666666,1.0,0.25,0.008333333333333333,0.04,0.03333333333333333,1.0,0.8333333333333334,1.0,0.25,0.008333333333333333,0.03333333333333333,0.03333333333333333,1.0,1.0,1.0,0.25,0.008333333333333333,0.05714285714285714,0.06666666666666667,0.8571428571428571,1.0,1.0,0.25,0.010416666666666666,0.05,0.06666666666666667,0.75,1.0,1.0,0.25,0.010416666666666666,0.044444444444444446,0.06666666666666667,0.6666666666666666,1.0,1.0,0.25,0.010416666666666666,0.04,0.06666666666666667,0.6,1.0,1.0,0.25,0.010416666666666666,mpnet-dj_adpt,5,webtable-v2v-v=12-distilroberta-dj_adpt~qwen3_8b-dj_adpt
netflix_titles.pq::country,1.0,0.03333333333333333,1.0,0.03333333333333333,1.0,1.0,0.03333333333333333,0.2,0.03333333333333333,1.0,0.16666666666666666,1.0,1.0,0.03333333333333333,0.1,0.03333333333333333,1.0,0.3333333333333333,1.0,1.0,0.03333333333333333,0.06666666666666667,0.03333333333333333,1.0,0.5,1.0,1.0,0.03333333333333333,0.05,0.03333333333333333,1.0,0.6666666666666666,1.0,1.0,0.03333333333333333,0.04,0.03333333333333333,1.0,0.8333333333333334,1.0,1.0,0.03333333333333333,0.03333333333333333,0.03333333333333333,1.0,1.0,1.0,1.0,0.03333333333333333,0.02857142857142857,0.03333333333333333,0.8571428571428571,1.0,1.0,1.0,0.03333333333333333,0.025,0.03333333333333333,0.75,1.0,1.0,1.0,0.03333333333333333,0.022222222222222223,0.03333333333333333,0.6666666666666666,1.0,1.0,1.0,0.03333333333333333,0.02,0.03333333333333333,0.6,1.0,1.0,1.0,0.03333333333333333,mpnet-dj_adpt,5,webtable-v2v-v=12-distilroberta-dj_adpt~qwen3_8b-dj_adpt
pte_ames.pq::Arg0,1.0,0.03125,1.0,0.03125,1.0,1.0,0.03125,1.0,0.15625,1.0,0.15625,1.0,1.0,0.15625,1.0,0.3125,1.0,0.3125,1.0,1.0,0.3125,0.6666666666666666,0.3125,1.0,0.46875,1.0,1.0,0.3125,0.5,0.3125,1.0,0.625,1.0,1.0,0.3125,0.4,0.3125,1.0,0.78125,1.0,1.0,0.3125,0.3333333333333333,0.3125,1.0,0.9375,1.0,1.0,0.3125,0.2857142857142857,0.3125,0.9142857142857143,1.0,1.0,1.0,0.3125,0.25,0.3125,0.8,1.0,1.0,1.0,0.3125,0.2222222222222222,0.3125,0.7111111111111111,1.0,1.0,1.0,0.3125,0.2,0.3125,0.64,1.0,1.0,1.0,0.3125,mpnet-dj_adpt,5,webtable-v2v-v=12-distilroberta-dj_adpt~qwen3_8b-dj_adpt
movie_metadata.pq::country,0.0,0.0,1.0,0.03333333333333333,0.0,0.0,0.0,0.0,0.0,1.0,0.16666666666666666,0.0,0.0,0.0,0.0,0.0,1.0,0.3333333333333333,0.0,0.0,0.0,0.0,0.0,1.0,0.5,0.0,0.0,0.0,0.0,0.0,1.0,0.6666666666666666,0.0,0.0,0.0,0.04,0.03333333333333333,1.0,0.8333333333333334,1.0,0.045454545454545456,0.0015151515151515152,0.06666666666666667,0.06666666666666667,1.0,1.0,1.0,0.045454545454545456,0.003814002089864159,0.05714285714285714,0.06666666666666667,0.8571428571428571,1.0,1.0,0.045454545454545456,0.003814002089864159,0.05,0.06666666666666667,0.75,1.0,1.0,0.045454545454545456,0.003814002089864159,0.044444444444444446,0.06666666666666667,0.6666666666666666,1.0,1.0,0.045454545454545456,0.003814002089864159,0.04,0.06666666666666667,0.6,1.0,1.0,0.045454545454545456,0.003814002089864159,mpnet-dj_adpt,5,webtable-v2v-v=12-distilroberta-dj_adpt~qwen3_8b-dj_adpt
world_country.pq::LocalName,0.0,0.0,1.0,0.034482758620689655,0.0,0.0,0.0,0.2,0.034482758620689655,1.0,0.1724137931034483,1.0,0.25,0.008620689655172414,0.1,0.034482758620689655,1.0,0.3448275862068966,1.0,0.25,0.008620689655172414,0.13333333333333333,0.06896551724137931,1.0,0.5172413793103449,1.0,0.25,0.013925729442970823,0.1,0.06896551724137931,1.0,0.6896551724137931,1.0,0.25,0.013925729442970823,0.08,0.06896551724137931,1.0,0.8620689655172413,1.0,0.25,0.013925729442970823,0.06666666666666667,0.06896551724137931,0.9666666666666667,1.0,1.0,0.25,0.013925729442970823,0.05714285714285714,0.06896551724137931,0.8285714285714286,1.0,1.0,0.25,0.013925729442970823,0.05,0.06896551724137931,0.725,1.0,1.0,0.25,0.013925729442970823,0.044444444444444446,0.06896551724137931,0.6444444444444445,1.0,1.0,0.25,0.013925729442970823,0.04,0.06896551724137931,0.58,1.0,1.0,0.25,0.013925729442970823,mpnet-dj_adpt,5,webtable-v2v-v=12-distilroberta-dj_adpt~qwen3_8b-dj_adpt
countries_metadatacountries.pq::CountryName,1.0,0.03333333333333333,1.0,0.03333333333333333,1.0,1.0,0.03333333333333333,0.2,0.03333333333333333,1.0,0.16666666666666666,1.0,1.0,0.03333333333333333,0.2,0.06666666666666667,1.0,0.3333333333333333,1.0,1.0,0.041666666666666664,0.13333333333333333,0.06666666666666667,1.0,0.5,1.0,1.0,0.041666666666666664,0.1,0.06666666666666667,1.0,0.6666666666666666,1.0,1.0,0.041666666666666664,0.08,0.06666666666666667,1.0,0.8333333333333334,1.0,1.0,0.041666666666666664,0.06666666666666667,0.06666666666666667,1.0,1.0,1.0,1.0,0.041666666666666664,0.08571428571428572,0.1,0.8571428571428571,1.0,1.0,1.0,0.04489247311827957,0.125,0.16666666666666666,0.75,1.0,1.0,1.0,0.05298214173426397,0.13333333333333333,0.2,0.6666666666666666,1.0,1.0,1.0,0.05752759627971852,0.12,0.2,0.6,1.0,1.0,1.0,0.05752759627971852,mpnet-dj_adpt,5,webtable-v2v-v=12-distilroberta-dj_adpt~qwen3_8b-dj_adpt
pte_postestactive_neg.pq::Arg0,1.0,0.03125,1.0,0.03125,1.0,1.0,0.03125,1.0,0.15625,1.0,0.15625,1.0,1.0,0.15625,0.5,0.15625,1.0,0.3125,1.0,1.0,0.15625,0.3333333333333333,0.15625,1.0,0.46875,1.0,1.0,0.15625,0.25,0.15625,1.0,0.625,1.0,1.0,0.15625,0.2,0.15625,1.0,0.78125,1.0,1.0,0.15625,0.16666666666666666,0.15625,1.0,0.9375,1.0,1.0,0.15625,0.14285714285714285,0.15625,0.9142857142857143,1.0,1.0,1.0,0.15625,0.125,0.15625,0.8,1.0,1.0,1.0,0.15625,0.13333333333333333,0.1875,0.7111111111111111,1.0,1.0,1.0,0.16041666666666668,0.12,0.1875,0.64,1.0,1.0,1.0,0.16041666666666668,mpnet-dj_adpt,5,webtable-v2v-v=12-distilroberta-dj_adpt~qwen3_8b-dj_adpt
pte_alkyl_halide.pq::Arg0,1.0,0.03125,1.0,0.03125,1.0,1.0,0.03125,1.0,0.15625,1.0,0.15625,1.0,1.0,0.15625,0.6,0.1875,1.0,0.3125,1.0,1.0,0.1875,0.4,0.1875,1.0,0.46875,1.0,1.0,0.1875,0.3,0.1875,1.0,0.625,1.0,1.0,0.1875,0.24,0.1875,1.0,0.78125,1.0,1.0,0.1875,0.2,0.1875,1.0,0.9375,1.0,1.0,0.1875,0.17142857142857143,0.1875,0.9142857142857143,1.0,1.0,1.0,0.1875,0.15,0.1875,0.8,1.0,1.0,1.0,0.1875,0.13333333333333333,0.1875,0.7111111111111111,1.0,1.0,1.0,0.1875,0.12,0.1875,0.64,1.0,1.0,1.0,0.1875,mpnet-dj_adpt,5,webtable-v2v-v=12-distilroberta-dj_adpt~qwen3_8b-dj_adpt
pte_testactive.pq::Arg0,1.0,0.03125,1.0,0.03125,1.0,1.0,0.03125,1.0,0.15625,1.0,0.15625,1.0,1.0,0.15625,0.5,0.15625,1.0,0.3125,1.0,1.0,0.15625,0.3333333333333333,0.15625,1.0,0.46875,1.0,1.0,0.15625,0.25,0.15625,1.0,0.625,1.0,1.0,0.15625,0.2,0.15625,1.0,0.78125,1.0,1.0,0.15625,0.16666666666666666,0.15625,1.0,0.9375,1.0,1.0,0.15625,0.14285714285714285,0.15625,0.9142857142857143,1.0,1.0,1.0,0.15625,0.125,0.15625,0.8,1.0,1.0,1.0,0.15625,0.13333333333333333,0.1875,0.7111111111111111,1.0,1.0,1.0,0.16071428571428573,0.14,0.21875,0.64,1.0,1.0,1.0,0.16517857142857142,mpnet-dj_adpt,5,webtable-v2v-v=12-distilroberta-dj_adpt~qwen3_8b-dj_adpt
hfi_cc_2018.pq::countries,0.0,0.0,1.0,0.03333333333333333,0.0,0.0,0.0,0.2,0.03333333333333333,1.0,0.16666666666666666,1.0,0.25,0.008333333333333333,0.1,0.03333333333333333,1.0,0.3333333333333333,1.0,0.25,0.008333333333333333,0.06666666666666667,0.03333333333333333,1.0,0.5,1.0,0.25,0.008333333333333333,0.05,0.03333333333333333,1.0,0.6666666666666666,1.0,0.25,0.008333333333333333,0.04,0.03333333333333333,1.0,0.8333333333333334,1.0,0.25,0.008333333333333333,0.03333333333333333,0.03333333333333333,1.0,1.0,1.0,0.25,0.008333333333333333,0.05714285714285714,0.06666666666666667,0.8571428571428571,1.0,1.0,0.25,0.010483870967741936,0.05,0.06666666666666667,0.75,1.0,1.0,0.25,0.010483870967741936,0.044444444444444446,0.06666666666666667,0.6666666666666666,1.0,1.0,0.25,0.010483870967741936,0.06,0.1,0.6,1.0,1.0,0.25,0.012567204301075269,mpnet-dj_adpt,5,webtable-v2v-v=12-distilroberta-dj_adpt~qwen3_8b-dj_adpt
wikipedia-iso-country-codes.pq::English_short_name_lower_case,0.0,0.0,1.0,0.03333333333333333,0.0,0.0,0.0,0.0,0.0,1.0,0.16666666666666666,0.0,0.0,0.0,0.0,0.0,1.0,0.3333333333333333,0.0,0.0,0.0,0.0,0.0,1.0,0.5,0.0,0.0,0.0,0.0,0.0,1.0,0.6666666666666666,0.0,0.0,0.0,0.0,0.0,1.0,0.8333333333333334,0.0,0.0,0.0,0.03333333333333333,0.03333333333333333,1.0,1.0,1.0,0.037037037037037035,0.0012345679012345679,0.02857142857142857,0.03333333333333333,0.8571428571428571,1.0,1.0,0.037037037037037035,0.0012345679012345679,0.025,0.03333333333333333,0.75,1.0,1.0,0.037037037037037035,0.0012345679012345679,0.022222222222222223,0.03333333333333333,0.6666666666666666,1.0,1.0,0.037037037037037035,0.0012345679012345679,0.04,0.06666666666666667,0.6,1.0,1.0,0.037037037037037035,0.002595112118921642,mpnet-dj_adpt,5,webtable-v2v-v=12-distilroberta-dj_adpt~qwen3_8b-dj_adpt
affirmative_asylum.pq::ContinentCountryofNationality,0.0,0.0,1.0,0.03125,0.0,0.0,0.0,0.0,0.0,1.0,0.15625,0.0,0.0,0.0,0.1,0.03125,1.0,0.3125,1.0,0.125,0.00390625,0.13333333333333333,0.0625,1.0,0.46875,1.0,0.125,0.009588068181818182,0.1,0.0625,1.0,0.625,1.0,0.125,0.009588068181818182,0.08,0.0625,1.0,0.78125,1.0,0.125,0.009588068181818182,0.1,0.09375,1.0,0.9375,1.0,0.125,0.013193837412587412,0.11428571428571428,0.125,0.9142857142857143,1.0,1.0,0.125,0.016870308000822707,0.1,0.125,0.8,1.0,1.0,0.125,0.016870308000822707,0.1111111111111111,0.15625,0.7111111111111111,1.0,1.0,0.125,0.020342530223044927,0.1,0.15625,0.64,1.0,1.0,0.125,0.020342530223044927,mpnet-dj_adpt,5,webtable-v2v-v=12-distilroberta-dj_adpt~qwen3_8b-dj_adpt
countries_and_continents.pq::name,0.0,0.0,1.0,0.037037037037037035,0.0,0.0,0.0,0.2,0.037037037037037035,1.0,0.18518518518518517,1.0,0.25,0.009259259259259259,0.1,0.037037037037037035,1.0,0.37037037037037035,1.0,0.25,0.009259259259259259,0.06666666666666667,0.037037037037037035,1.0,0.5555555555555556,1.0,0.25,0.009259259259259259,0.05,0.037037037037037035,1.0,0.7407407407407407,1.0,0.25,0.009259259259259259,0.04,0.037037037037037035,1.0,0.9259259259259259,1.0,0.25,0.009259259259259259,0.03333333333333333,0.037037037037037035,0.9,1.0,1.0,0.25,0.009259259259259259,0.02857142857142857,0.037037037037037035,0.7714285714285715,1.0,1.0,0.25,0.009259259259259259,0.05,0.07407407407407407,0.675,1.0,1.0,0.25,0.011111111111111112,0.06666666666666667,0.1111111111111111,0.6,1.0,1.0,0.25,0.013695090439276485,0.06,0.1111111111111111,0.54,1.0,1.0,0.25,0.013695090439276485,mpnet-dj_adpt,5,webtable-v2v-v=12-distilroberta-dj_adpt~qwen3_8b-dj_adpt
pte_postestactive.pq::Arg0,1.0,0.03125,1.0,0.03125,1.0,1.0,0.03125,1.0,0.15625,1.0,0.15625,1.0,1.0,0.15625,0.6,0.1875,1.0,0.3125,1.0,1.0,0.18303571428571427,0.4,0.1875,1.0,0.46875,1.0,1.0,0.18303571428571427,0.35,0.21875,1.0,0.625,1.0,1.0,0.19454887218045114,0.28,0.21875,1.0,0.78125,1.0,1.0,0.19454887218045114,0.23333333333333334,0.21875,1.0,0.9375,1.0,1.0,0.19454887218045114,0.22857142857142856,0.25,0.9142857142857143,1.0,1.0,1.0,0.2026133883094834,0.225,0.28125,0.8,1.0,1.0,1.0,0.21001470409895706,0.2,0.28125,0.7111111111111111,1.0,1.0,1.0,0.21001470409895706,0.18,0.28125,0.64,1.0,1.0,1.0,0.21001470409895706,mpnet-dj_adpt,5,webtable-v2v-v=12-distilroberta-dj_adpt~qwen3_8b-dj_adpt
pte_five_ring.pq::Arg0,1.0,0.03125,1.0,0.03125,1.0,1.0,0.03125,1.0,0.15625,1.0,0.15625,1.0,1.0,0.15625,0.9,0.28125,1.0,0.3125,1.0,1.0,0.28125,0.6666666666666666,0.3125,1.0,0.46875,1.0,1.0,0.3096590909090909,0.5,0.3125,1.0,0.625,1.0,1.0,0.3096590909090909,0.4,0.3125,1.0,0.78125,1.0,1.0,0.3096590909090909,0.3333333333333333,0.3125,1.0,0.9375,1.0,1.0,0.3096590909090909,0.2857142857142857,0.3125,0.9142857142857143,1.0,1.0,1.0,0.3096590909090909,0.25,0.3125,0.8,1.0,1.0,1.0,0.3096590909090909,0.2222222222222222,0.3125,0.7111111111111111,1.0,1.0,1.0,0.3096590909090909,0.2,0.3125,0.64,1.0,1.0,1.0,0.3096590909090909,mpnet-dj_adpt,5,webtable-v2v-v=12-distilroberta-dj_adpt~qwen3_8b-dj_adpt
MoviesOnStreamingPlatforms_updated.pq::Country,1.0,0.03333333333333333,1.0,0.03333333333333333,1.0,1.0,0.03333333333333333,0.2,0.03333333333333333,1.0,0.16666666666666666,1.0,1.0,0.03333333333333333,0.1,0.03333333333333333,1.0,0.3333333333333333,1.0,1.0,0.03333333333333333,0.06666666666666667,0.03333333333333333,1.0,0.5,1.0,1.0,0.03333333333333333,0.05,0.03333333333333333,1.0,0.6666666666666666,1.0,1.0,0.03333333333333333,0.04,0.03333333333333333,1.0,0.8333333333333334,1.0,1.0,0.03333333333333333,0.03333333333333333,0.03333333333333333,1.0,1.0,1.0,1.0,0.03333333333333333,0.02857142857142857,0.03333333333333333,0.8571428571428571,1.0,1.0,1.0,0.03333333333333333,0.025,0.03333333333333333,0.75,1.0,1.0,1.0,0.03333333333333333,0.022222222222222223,0.03333333333333333,0.6666666666666666,1.0,1.0,1.0,0.03333333333333333,0.02,0.03333333333333333,0.6,1.0,1.0,1.0,0.03333333333333333,mpnet-dj_adpt,5,webtable-v2v-v=12-distilroberta-dj_adpt~qwen3_8b-dj_adpt
pte_amine.pq::Arg0,1.0,0.03125,1.0,0.03125,1.0,1.0,0.03125,1.0,0.15625,1.0,0.15625,1.0,1.0,0.15625,1.0,0.3125,1.0,0.3125,1.0,1.0,0.3125,0.6666666666666666,0.3125,1.0,0.46875,1.0,1.0,0.3125,0.55,0.34375,1.0,0.625,1.0,1.0,0.333984375,0.44,0.34375,1.0,0.78125,1.0,1.0,0.333984375,0.36666666666666664,0.34375,1.0,0.9375,1.0,1.0,0.333984375,0.3142857142857143,0.34375,0.9142857142857143,1.0,1.0,1.0,0.333984375,0.275,0.34375,0.8,1.0,1.0,1.0,0.333984375,0.24444444444444444,0.34375,0.7111111111111111,1.0,1.0,1.0,0.333984375,0.22,0.34375,0.64,1.0,1.0,1.0,0.333984375,mpnet-dj_adpt,5,webtable-v2v-v=12-distilroberta-dj_adpt~qwen3_8b-dj_adpt
AdventureWorks2014_salesTerritory.pq::Name,0.0,0.0,1.0,0.03333333333333333,0.0,0.0,0.0,0.0,0.0,1.0,0.16666666666666666,0.0,0.0,0.0,0.0,0.0,1.0,0.3333333333333333,0.0,0.0,0.0,0.0,0.0,1.0,0.5,0.0,0.0,0.0,0.0,0.0,1.0,0.6666666666666666,0.0,0.0,0.0,0.0,0.0,1.0,0.8333333333333334,0.0,0.0,0.0,0.03333333333333333,0.03333333333333333,1.0,1.0,1.0,0.03571428571428571,0.0011904761904761904,0.02857142857142857,0.03333333333333333,0.8571428571428571,1.0,1.0,0.03571428571428571,0.0011904761904761904,0.025,0.03333333333333333,0.75,1.0,1.0,0.03571428571428571,0.0011904761904761904,0.022222222222222223,0.03333333333333333,0.6666666666666666,1.0,1.0,0.03571428571428571,0.0011904761904761904,0.04,0.06666666666666667,0.6,1.0,1.0,0.03571428571428571,0.0025510204081632655,mpnet-dj_adpt,5,webtable-v2v-v=12-distilroberta-dj_adpt~qwen3_8b-dj_adpt
whr2015.pq::Country,0.0,0.0,1.0,0.03333333333333333,0.0,0.0,0.0,0.2,0.03333333333333333,1.0,0.16666666666666666,1.0,0.3333333333333333,0.01111111111111111,0.1,0.03333333333333333,1.0,0.3333333333333333,1.0,0.3333333333333333,0.01111111111111111,0.13333333333333333,0.06666666666666667,1.0,0.5,1.0,0.3333333333333333,0.015873015873015872,0.1,0.06666666666666667,1.0,0.6666666666666666,1.0,0.3333333333333333,0.015873015873015872,0.08,0.06666666666666667,1.0,0.8333333333333334,1.0,0.3333333333333333,0.015873015873015872,0.06666666666666667,0.06666666666666667,1.0,1.0,1.0,0.3333333333333333,0.015873015873015872,0.05714285714285714,0.06666666666666667,0.8571428571428571,1.0,1.0,0.3333333333333333,0.015873015873015872,0.075,0.1,0.75,1.0,1.0,0.3333333333333333,0.01857571857571857,0.06666666666666667,0.1,0.6666666666666666,1.0,1.0,0.3333333333333333,0.01857571857571857,0.06,0.1,0.6,1.0,1.0,0.3333333333333333,0.01857571857571857,mpnet-dj_adpt,5,webtable-v2v-v=12-distilroberta-dj_adpt~qwen3_8b-dj_adpt
countries_and_continents.pq::official_name_fr,0.0,0.0,1.0,0.037037037037037035,0.0,0.0,0.0,0.0,0.0,1.0,0.18518518518518517,0.0,0.0,0.0,0.1,0.037037037037037035,1.0,0.37037037037037035,1.0,0.14285714285714285,0.005291005291005291,0.06666666666666667,0.037037037037037035,1.0,0.5555555555555556,1.0,0.14285714285714285,0.005291005291005291,0.05,0.037037037037037035,1.0,0.7407407407407407,1.0,0.14285714285714285,0.005291005291005291,0.04,0.037037037037037035,1.0,0.9259259259259259,1.0,0.14285714285714285,0.005291005291005291,0.03333333333333333,0.037037037037037035,0.9,1.0,1.0,0.14285714285714285,0.005291005291005291,0.02857142857142857,0.037037037037037035,0.7714285714285715,1.0,1.0,0.14285714285714285,0.005291005291005291,0.025,0.037037037037037035,0.675,1.0,1.0,0.14285714285714285,0.005291005291005291,0.022222222222222223,0.037037037037037035,0.6,1.0,1.0,0.14285714285714285,0.005291005291005291,0.02,0.037037037037037035,0.54,1.0,1.0,0.14285714285714285,0.005291005291005291,mpnet-dj_adpt,5,webtable-v2v-v=12-distilroberta-dj_adpt~qwen3_8b-dj_adpt
pte_has_property.pq::Arg0,1.0,0.03125,1.0,0.03125,1.0,1.0,0.03125,0.8,0.125,1.0,0.15625,1.0,1.0,0.11875,0.4,0.125,1.0,0.3125,1.0,1.0,0.11875,0.3333333333333333,0.15625,1.0,0.46875,1.0,1.0,0.12916666666666668,0.25,0.15625,1.0,0.625,1.0,1.0,0.12916666666666668,0.2,0.15625,1.0,0.78125,1.0,1.0,0.12916666666666668,0.2,0.1875,1.0,0.9375,1.0,1.0,0.13637820512820514,0.17142857142857143,0.1875,0.9142857142857143,1.0,1.0,1.0,0.13637820512820514,0.175,0.21875,0.8,1.0,1.0,1.0,0.1422903672903673,0.17777777777777778,0.25,0.7111111111111111,1.0,1.0,1.0,0.14824274824274825,0.2,0.3125,0.64,1.0,1.0,1.0,0.16035212324274825,mpnet-dj_adpt,5,webtable-v2v-v=12-distilroberta-dj_adpt~qwen3_8b-dj_adpt
cwurData.pq::country,1.0,0.03333333333333333,1.0,0.03333333333333333,1.0,1.0,0.03333333333333333,0.4,0.06666666666666667,1.0,0.16666666666666666,1.0,1.0,0.06666666666666667,0.2,0.06666666666666667,1.0,0.3333333333333333,1.0,1.0,0.06666666666666667,0.13333333333333333,0.06666666666666667,1.0,0.5,1.0,1.0,0.06666666666666667,0.1,0.06666666666666667,1.0,0.6666666666666666,1.0,1.0,0.06666666666666667,0.08,0.06666666666666667,1.0,0.8333333333333334,1.0,1.0,0.06666666666666667,0.06666666666666667,0.06666666666666667,1.0,1.0,1.0,1.0,0.06666666666666667,0.08571428571428572,0.1,0.8571428571428571,1.0,1.0,1.0,0.06989247311827956,0.075,0.1,0.75,1.0,1.0,1.0,0.06989247311827956,0.06666666666666667,0.1,0.6666666666666666,1.0,1.0,1.0,0.06989247311827956,0.06,0.1,0.6,1.0,1.0,1.0,0.06989247311827956,kalm_instruct_v2_5-dj_adpt,6,webtable-v2v-v=12-distilroberta-dj_adpt~qwen3_8b-dj_adpt
countries_and_continents.pq::ISO4217-currency_country_name,1.0,0.037037037037037035,1.0,0.037037037037037035,1.0,1.0,0.037037037037037035,0.2,0.037037037037037035,1.0,0.18518518518518517,1.0,1.0,0.037037037037037035,0.1,0.037037037037037035,1.0,0.37037037037037035,1.0,1.0,0.037037037037037035,0.13333333333333333,0.07407407407407407,1.0,0.5555555555555556,1.0,1.0,0.04377104377104377,0.15,0.1111111111111111,1.0,0.7407407407407407,1.0,1.0,0.049618996987418035,0.12,0.1111111111111111,1.0,0.9259259259259259,1.0,1.0,0.049618996987418035,0.13333333333333333,0.14814814814814814,0.9,1.0,1.0,1.0,0.05491000227842333,0.11428571428571428,0.14814814814814814,0.7714285714285715,1.0,1.0,1.0,0.05491000227842333,0.1,0.14814814814814814,0.675,1.0,1.0,1.0,0.05491000227842333,0.08888888888888889,0.14814814814814814,0.6,1.0,1.0,1.0,0.05491000227842333,0.1,0.18518518518518517,0.54,1.0,1.0,1.0,0.05893576717375345,kalm_instruct_v2_5-dj_adpt,6,webtable-v2v-v=12-distilroberta-dj_adpt~qwen3_8b-dj_adpt
pte_imine.pq::Arg0,1.0,0.03125,1.0,0.03125,1.0,1.0,0.03125,1.0,0.15625,1.0,0.15625,1.0,1.0,0.15625,1.0,0.3125,1.0,0.3125,1.0,1.0,0.3125,1.0,0.46875,1.0,0.46875,1.0,1.0,0.46875,0.85,0.53125,1.0,0.625,1.0,1.0,0.53125,0.68,0.53125,1.0,0.78125,1.0,1.0,0.53125,0.6,0.5625,1.0,0.9375,1.0,1.0,0.5520833333333334,0.5428571428571428,0.59375,0.9142857142857143,1.0,1.0,1.0,0.5706380208333334,0.475,0.59375,0.8,1.0,1.0,1.0,0.5706380208333334,0.4222222222222222,0.59375,0.7111111111111111,1.0,1.0,1.0,0.5706380208333334,0.38,0.59375,0.64,1.0,1.0,1.0,0.5706380208333334,kalm_instruct_v2_5-dj_adpt,6,webtable-v2v-v=12-distilroberta-dj_adpt~qwen3_8b-dj_adpt
countries_and_continents.pq::official_name_en,1.0,0.037037037037037035,1.0,0.037037037037037035,1.0,1.0,0.037037037037037035,0.4,0.07407407407407407,1.0,0.18518518518518517,1.0,1.0,0.07407407407407407,0.2,0.07407407407407407,1.0,0.37037037037037035,1.0,1.0,0.07407407407407407,0.2,0.1111111111111111,1.0,0.5555555555555556,1.0,1.0,0.08262108262108263,0.15,0.1111111111111111,1.0,0.7407407407407407,1.0,1.0,0.08262108262108263,0.12,0.1111111111111111,1.0,0.9259259259259259,1.0,1.0,0.08262108262108263,0.13333333333333333,0.14814814814814814,0.9,1.0,1.0,1.0,0.08772963945377737,0.14285714285714285,0.18518518518518517,0.7714285714285715,1.0,1.0,1.0,0.09302064474478267,0.125,0.18518518518518517,0.675,1.0,1.0,1.0,0.09302064474478267,0.1111111111111111,0.18518518518518517,0.6,1.0,1.0,1.0,0.09302064474478267,0.12,0.2222222222222222,0.54,1.0,1.0,1.0,0.09746508918922712,kalm_instruct_v2_5-dj_adpt,6,webtable-v2v-v=12-distilroberta-dj_adpt~qwen3_8b-dj_adpt
world_country.pq::Name,1.0,0.034482758620689655,1.0,0.034482758620689655,1.0,1.0,0.034482758620689655,0.4,0.06896551724137931,1.0,0.1724137931034483,1.0,1.0,0.06896551724137931,0.4,0.13793103448275862,1.0,0.3448275862068966,1.0,1.0,0.09568965517241379,0.3333333333333333,0.1724137931034483,1.0,0.5172413793103449,1.0,1.0,0.10895225464190982,0.3,0.20689655172413793,1.0,0.6896551724137931,1.0,1.0,0.11929708222811672,0.24,0.20689655172413793,1.0,0.8620689655172413,1.0,1.0,0.11929708222811672,0.23333333333333334,0.2413793103448276,0.9666666666666667,1.0,1.0,1.0,0.12762050672276593,0.2,0.2413793103448276,0.8285714285714286,1.0,1.0,1.0,0.12762050672276593,0.175,0.2413793103448276,0.725,1.0,1.0,1.0,0.12762050672276593,0.15555555555555556,0.2413793103448276,0.6444444444444445,1.0,1.0,1.0,0.12762050672276593,0.14,0.2413793103448276,0.58,1.0,1.0,1.0,0.12762050672276593,kalm_instruct_v2_5-dj_adpt,6,webtable-v2v-v=12-distilroberta-dj_adpt~qwen3_8b-dj_adpt
pte_nitro.pq::Arg0,1.0,0.03125,1.0,0.03125,1.0,1.0,0.03125,1.0,0.15625,1.0,0.15625,1.0,1.0,0.15625,1.0,0.3125,1.0,0.3125,1.0,1.0,0.3125,0.8666666666666667,0.40625,1.0,0.46875,1.0,1.0,0.40625,0.65,0.40625,1.0,0.625,1.0,1.0,0.40625,0.56,0.4375,1.0,0.78125,1.0,1.0,0.4270833333333333,0.4666666666666667,0.4375,1.0,0.9375,1.0,1.0,0.4270833333333333,0.4,0.4375,0.9142857142857143,1.0,1.0,1.0,0.4270833333333333,0.35,0.4375,0.8,1.0,1.0,1.0,0.4270833333333333,0.3333333333333333,0.46875,0.7111111111111111,1.0,1.0,1.0,0.4375,0.3,0.46875,0.64,1.0,1.0,1.0,0.4375,kalm_instruct_v2_5-dj_adpt,6,webtable-v2v-v=12-distilroberta-dj_adpt~qwen3_8b-dj_adpt
pte_sulfide.pq::Arg0,1.0,0.03125,1.0,0.03125,1.0,1.0,0.03125,1.0,0.15625,1.0,0.15625,1.0,1.0,0.15625,1.0,0.3125,1.0,0.3125,1.0,1.0,0.3125,0.8666666666666667,0.40625,1.0,0.46875,1.0,1.0,0.40625,0.65,0.40625,1.0,0.625,1.0,1.0,0.40625,0.56,0.4375,1.0,0.78125,1.0,1.0,0.4252717391304348,0.4666666666666667,0.4375,1.0,0.9375,1.0,1.0,0.4252717391304348,0.4,0.4375,0.9142857142857143,1.0,1.0,1.0,0.4252717391304348,0.35,0.4375,0.8,1.0,1.0,1.0,0.4252717391304348,0.3111111111111111,0.4375,0.7111111111111111,1.0,1.0,1.0,0.4252717391304348,0.28,0.4375,0.64,1.0,1.0,1.0,0.4252717391304348,kalm_instruct_v2_5-dj_adpt,6,webtable-v2v-v=12-distilroberta-dj_adpt~qwen3_8b-dj_adpt
pte_non_ar_hetero_6_ring.pq::Arg0,1.0,0.03125,1.0,0.03125,1.0,1.0,0.03125,1.0,0.15625,1.0,0.15625,1.0,1.0,0.15625,1.0,0.3125,1.0,0.3125,1.0,1.0,0.3125,1.0,0.46875,1.0,0.46875,1.0,1.0,0.46875,0.85,0.53125,1.0,0.625,1.0,1.0,0.5276756535947712,0.68,0.53125,1.0,0.78125,1.0,1.0,0.5276756535947712,0.6,0.5625,1.0,0.9375,1.0,1.0,0.5470722053189092,0.5428571428571428,0.59375,0.9142857142857143,1.0,1.0,1.0,0.5650646295613334,0.475,0.59375,0.8,1.0,1.0,1.0,0.5650646295613334,0.4222222222222222,0.59375,0.7111111111111111,1.0,1.0,1.0,0.5650646295613334,0.38,0.59375,0.64,1.0,1.0,1.0,0.5650646295613334,kalm_instruct_v2_5-dj_adpt,6,webtable-v2v-v=12-distilroberta-dj_adpt~qwen3_8b-dj_adpt
Word_University_Rank_2020.pq::Country,1.0,0.03333333333333333,1.0,0.03333333333333333,1.0,1.0,0.03333333333333333,0.2,0.03333333333333333,1.0,0.16666666666666666,1.0,1.0,0.03333333333333333,0.2,0.06666666666666667,1.0,0.3333333333333333,1.0,1.0,0.04444444444444444,0.13333333333333333,0.06666666666666667,1.0,0.5,1.0,1.0,0.04444444444444444,0.1,0.06666666666666667,1.0,0.6666666666666666,1.0,1.0,0.04444444444444444,0.08,0.06666666666666667,1.0,0.8333333333333334,1.0,1.0,0.04444444444444444,0.06666666666666667,0.06666666666666667,1.0,1.0,1.0,1.0,0.04444444444444444,0.05714285714285714,0.06666666666666667,0.8571428571428571,1.0,1.0,1.0,0.04444444444444444,0.05,0.06666666666666667,0.75,1.0,1.0,1.0,0.04444444444444444,0.06666666666666667,0.1,0.6666666666666666,1.0,1.0,1.0,0.04677002583979328,0.06,0.1,0.6,1.0,1.0,1.0,0.04677002583979328,kalm_instruct_v2_5-dj_adpt,6,webtable-v2v-v=12-distilroberta-dj_adpt~qwen3_8b-dj_adpt
gender_development.pq::Country,1.0,0.03333333333333333,1.0,0.03333333333333333,1.0,1.0,0.03333333333333333,0.2,0.03333333333333333,1.0,0.16666666666666666,1.0,1.0,0.03333333333333333,0.3,0.1,1.0,0.3333333333333333,1.0,1.0,0.05444444444444444,0.2,0.1,1.0,0.5,1.0,1.0,0.05444444444444444,0.15,0.1,1.0,0.6666666666666666,1.0,1.0,0.05444444444444444,0.12,0.1,1.0,0.8333333333333334,1.0,1.0,0.05444444444444444,0.1,0.1,1.0,1.0,1.0,1.0,0.05444444444444444,0.08571428571428572,0.1,0.8571428571428571,1.0,1.0,1.0,0.05444444444444444,0.075,0.1,0.75,1.0,1.0,1.0,0.05444444444444444,0.08888888888888889,0.13333333333333333,0.6666666666666666,1.0,1.0,1.0,0.05754521963824289,0.1,0.16666666666666666,0.6,1.0,1.0,1.0,0.06109131892902304,kalm_instruct_v2_5-dj_adpt,6,webtable-v2v-v=12-distilroberta-dj_adpt~qwen3_8b-dj_adpt
pte_testactive_Neg.pq::Arg0,1.0,0.03125,1.0,0.03125,1.0,1.0,0.03125,1.0,0.15625,1.0,0.15625,1.0,1.0,0.15625,1.0,0.3125,1.0,0.3125,1.0,1.0,0.3125,0.9333333333333333,0.4375,1.0,0.46875,1.0,1.0,0.4375,0.75,0.46875,1.0,0.625,1.0,1.0,0.466796875,0.6,0.46875,1.0,0.78125,1.0,1.0,0.466796875,0.5,0.46875,1.0,0.9375,1.0,1.0,0.466796875,0.42857142857142855,0.46875,0.9142857142857143,1.0,1.0,1.0,0.466796875,0.375,0.46875,0.8,1.0,1.0,1.0,0.466796875,0.3333333333333333,0.46875,0.7111111111111111,1.0,1.0,1.0,0.466796875,0.3,0.46875,0.64,1.0,1.0,1.0,0.466796875,kalm_instruct_v2_5-dj_adpt,6,webtable-v2v-v=12-distilroberta-dj_adpt~qwen3_8b-dj_adpt
edu.pq::country,1.0,0.03333333333333333,1.0,0.03333333333333333,1.0,1.0,0.03333333333333333,0.4,0.06666666666666667,1.0,0.16666666666666666,1.0,1.0,0.04666666666666666,0.5,0.16666666666666666,1.0,0.3333333333333333,1.0,1.0,0.09064814814814816,0.3333333333333333,0.16666666666666666,1.0,0.5,1.0,1.0,0.09064814814814816,0.25,0.16666666666666666,1.0,0.6666666666666666,1.0,1.0,0.09064814814814816,0.2,0.16666666666666666,1.0,0.8333333333333334,1.0,1.0,0.09064814814814816,0.23333333333333334,0.23333333333333334,1.0,1.0,1.0,1.0,0.10667378917378918,0.2,0.23333333333333334,0.8571428571428571,1.0,1.0,1.0,0.10667378917378918,0.175,0.23333333333333334,0.75,1.0,1.0,1.0,0.10667378917378918,0.17777777777777778,0.26666666666666666,0.6666666666666666,1.0,1.0,1.0,0.11302299552299552,0.16,0.26666666666666666,0.6,1.0,1.0,1.0,0.11302299552299552,kalm_instruct_v2_5-dj_adpt,6,webtable-v2v-v=12-distilroberta-dj_adpt~qwen3_8b-dj_adpt
AdventureWorks2014_CountryRegion.pq::Name,1.0,0.03333333333333333,1.0,0.03333333333333333,1.0,1.0,0.03333333333333333,0.6,0.1,1.0,0.16666666666666666,1.0,1.0,0.08666666666666667,0.4,0.13333333333333333,1.0,0.3333333333333333,1.0,1.0,0.10148148148148148,0.26666666666666666,0.13333333333333333,1.0,0.5,1.0,1.0,0.10148148148148148,0.25,0.16666666666666666,1.0,0.6666666666666666,1.0,1.0,0.11074074074074074,0.24,0.2,1.0,0.8333333333333334,1.0,1.0,0.11983164983164983,0.2,0.2,1.0,1.0,1.0,1.0,0.11983164983164983,0.2,0.23333333333333334,0.8571428571428571,1.0,1.0,1.0,0.1264983164983165,0.175,0.23333333333333334,0.75,1.0,1.0,1.0,0.1264983164983165,0.15555555555555556,0.23333333333333334,0.6666666666666666,1.0,1.0,1.0,0.1264983164983165,0.14,0.23333333333333334,0.6,1.0,1.0,1.0,0.1264983164983165,kalm_instruct_v2_5-dj_adpt,6,webtable-v2v-v=12-distilroberta-dj_adpt~qwen3_8b-dj_adpt
pte_methoxy.pq::Arg0,1.0,0.03125,1.0,0.03125,1.0,1.0,0.03125,1.0,0.15625,1.0,0.15625,1.0,1.0,0.15625,1.0,0.3125,1.0,0.3125,1.0,1.0,0.3125,0.6666666666666666,0.3125,1.0,0.46875,1.0,1.0,0.3125,0.5,0.3125,1.0,0.625,1.0,1.0,0.3125,0.44,0.34375,1.0,0.78125,1.0,1.0,0.32625,0.36666666666666664,0.34375,1.0,0.9375,1.0,1.0,0.32625,0.3142857142857143,0.34375,0.9142857142857143,1.0,1.0,1.0,0.32625,0.275,0.34375,0.8,1.0,1.0,1.0,0.32625,0.24444444444444444,0.34375,0.7111111111111111,1.0,1.0,1.0,0.32625,0.22,0.34375,0.64,1.0,1.0,1.0,0.32625,kalm_instruct_v2_5-dj_adpt,6,webtable-v2v-v=12-distilroberta-dj_adpt~qwen3_8b-dj_adpt
world-cities.pq::country,1.0,0.03333333333333333,1.0,0.03333333333333333,1.0,1.0,0.03333333333333333,0.4,0.06666666666666667,1.0,0.16666666666666666,1.0,1.0,0.06666666666666667,0.3,0.1,1.0,0.3333333333333333,1.0,1.0,0.08333333333333333,0.26666666666666666,0.13333333333333333,1.0,0.5,1.0,1.0,0.09285714285714285,0.25,0.16666666666666666,1.0,0.6666666666666666,1.0,1.0,0.10162907268170425,0.2,0.16666666666666666,1.0,0.8333333333333334,1.0,1.0,0.10162907268170425,0.2,0.2,1.0,1.0,1.0,1.0,0.10829573934837093,0.2,0.23333333333333334,0.8571428571428571,1.0,1.0,1.0,0.1155874060150376,0.175,0.23333333333333334,0.75,1.0,1.0,1.0,0.1155874060150376,0.15555555555555556,0.23333333333333334,0.6666666666666666,1.0,1.0,1.0,0.1155874060150376,0.16,0.26666666666666666,0.6,1.0,1.0,1.0,0.12126116488028581,kalm_instruct_v2_5-dj_adpt,6,webtable-v2v-v=12-distilroberta-dj_adpt~qwen3_8b-dj_adpt
movies.pq::country,1.0,0.03333333333333333,1.0,0.03333333333333333,1.0,1.0,0.03333333333333333,0.2,0.03333333333333333,1.0,0.16666666666666666,1.0,1.0,0.03333333333333333,0.1,0.03333333333333333,1.0,0.3333333333333333,1.0,1.0,0.03333333333333333,0.2,0.1,1.0,0.5,1.0,1.0,0.04555555555555556,0.2,0.13333333333333333,1.0,0.6666666666666666,1.0,1.0,0.05339869281045752,0.16,0.13333333333333333,1.0,0.8333333333333334,1.0,1.0,0.05339869281045752,0.13333333333333333,0.13333333333333333,1.0,1.0,1.0,1.0,0.05339869281045752,0.11428571428571428,0.13333333333333333,0.8571428571428571,1.0,1.0,1.0,0.05339869281045752,0.1,0.13333333333333333,0.75,1.0,1.0,1.0,0.05339869281045752,0.08888888888888889,0.13333333333333333,0.6666666666666666,1.0,1.0,1.0,0.05339869281045752,0.08,0.13333333333333333,0.6,1.0,1.0,1.0,0.05339869281045752,kalm_instruct_v2_5-dj_adpt,6,webtable-v2v-v=12-distilroberta-dj_adpt~qwen3_8b-dj_adpt
countries_data.pq::CountryName,1.0,0.03333333333333333,1.0,0.03333333333333333,1.0,1.0,0.03333333333333333,0.4,0.06666666666666667,1.0,0.16666666666666666,1.0,1.0,0.04666666666666666,0.3,0.1,1.0,0.3333333333333333,1.0,1.0,0.06333333333333332,0.26666666666666666,0.13333333333333333,1.0,0.5,1.0,1.0,0.07545454545454545,0.2,0.13333333333333333,1.0,0.6666666666666666,1.0,1.0,0.07545454545454545,0.2,0.16666666666666666,1.0,0.8333333333333334,1.0,1.0,0.0823989898989899,0.16666666666666666,0.16666666666666666,1.0,1.0,1.0,1.0,0.0823989898989899,0.2,0.23333333333333334,0.8571428571428571,1.0,1.0,1.0,0.09494800950683305,0.175,0.23333333333333334,0.75,1.0,1.0,1.0,0.09494800950683305,0.15555555555555556,0.23333333333333334,0.6666666666666666,1.0,1.0,1.0,0.09494800950683305,0.14,0.23333333333333334,0.6,1.0,1.0,1.0,0.09494800950683305,kalm_instruct_v2_5-dj_adpt,6,webtable-v2v-v=12-distilroberta-dj_adpt~qwen3_8b-dj_adpt
pte_alcohol.pq::Arg0,0.0,0.0,1.0,0.03125,0.0,0.0,0.0,0.0,0.0,1.0,0.15625,0.0,0.0,0.0,0.0,0.0,1.0,0.3125,0.0,0.0,0.0,0.0,0.0,1.0,0.46875,0.0,0.0,0.0,0.0,0.0,1.0,0.625,0.0,0.0,0.0,0.0,0.0,1.0,0.78125,0.0,0.0,0.0,0.0,0.0,1.0,0.9375,0.0,0.0,0.0,0.0,0.0,0.9142857142857143,1.0,0.0,0.0,0.0,0.0,0.0,0.8,1.0,0.0,0.0,0.0,0.0,0.0,0.7111111111111111,1.0,0.0,0.0,0.0,0.0,0.0,0.64,1.0,0.0,0.0,0.0,kalm_instruct_v2_5-dj_adpt,6,webtable-v2v-v=12-distilroberta-dj_adpt~qwen3_8b-dj_adpt
pte_phenol.pq::Arg0,1.0,0.03125,1.0,0.03125,1.0,1.0,0.03125,1.0,0.15625,1.0,0.15625,1.0,1.0,0.15625,1.0,0.3125,1.0,0.3125,1.0,1.0,0.3125,0.7333333333333333,0.34375,1.0,0.46875,1.0,1.0,0.34375,0.55,0.34375,1.0,0.625,1.0,1.0,0.34375,0.48,0.375,1.0,0.78125,1.0,1.0,0.36160714285714285,0.43333333333333335,0.40625,1.0,0.9375,1.0,1.0,0.37665343915343913,0.37142857142857144,0.40625,0.9142857142857143,1.0,1.0,1.0,0.37665343915343913,0.325,0.40625,0.8,1.0,1.0,1.0,0.37665343915343913,0.28888888888888886,0.40625,0.7111111111111111,1.0,1.0,1.0,0.37665343915343913,0.28,0.4375,0.64,1.0,1.0,1.0,0.38596194979173704,kalm_instruct_v2_5-dj_adpt,6,webtable-v2v-v=12-distilroberta-dj_adpt~qwen3_8b-dj_adpt
pte_ester.pq::Arg0,1.0,0.03125,1.0,0.03125,1.0,1.0,0.03125,1.0,0.15625,1.0,0.15625,1.0,1.0,0.15625,1.0,0.3125,1.0,0.3125,1.0,1.0,0.3125,0.8666666666666667,0.40625,1.0,0.46875,1.0,1.0,0.40208333333333335,0.65,0.40625,1.0,0.625,1.0,1.0,0.40208333333333335,0.52,0.40625,1.0,0.78125,1.0,1.0,0.40208333333333335,0.4666666666666667,0.4375,1.0,0.9375,1.0,1.0,0.418287037037037,0.4,0.4375,0.9142857142857143,1.0,1.0,1.0,0.418287037037037,0.35,0.4375,0.8,1.0,1.0,1.0,0.418287037037037,0.3111111111111111,0.4375,0.7111111111111111,1.0,1.0,1.0,0.418287037037037,0.28,0.4375,0.64,1.0,1.0,1.0,0.418287037037037,kalm_instruct_v2_5-dj_adpt,6,webtable-v2v-v=12-distilroberta-dj_adpt~qwen3_8b-dj_adpt
pte_non_ar_hetero_5_ring.pq::Arg0,1.0,0.03125,1.0,0.03125,1.0,1.0,0.03125,1.0,0.15625,1.0,0.15625,1.0,1.0,0.15625,1.0,0.3125,1.0,0.3125,1.0,1.0,0.3125,0.9333333333333333,0.4375,1.0,0.46875,1.0,1.0,0.4375,0.75,0.46875,1.0,0.625,1.0,1.0,0.4635416666666667,0.6,0.46875,1.0,0.78125,1.0,1.0,0.4635416666666667,0.5,0.46875,1.0,0.9375,1.0,1.0,0.4635416666666667,0.42857142857142855,0.46875,0.9142857142857143,1.0,1.0,1.0,0.4635416666666667,0.375,0.46875,0.8,1.0,1.0,1.0,0.4635416666666667,0.3333333333333333,0.46875,0.7111111111111111,1.0,1.0,1.0,0.4635416666666667,0.3,0.46875,0.64,1.0,1.0,1.0,0.4635416666666667,kalm_instruct_v2_5-dj_adpt,6,webtable-v2v-v=12-distilroberta-dj_adpt~qwen3_8b-dj_adpt
population_by_country_2020.pq::CountryDependency,0.0,0.0,1.0,0.03333333333333333,0.0,0.0,0.0,0.4,0.06666666666666667,1.0,0.16666666666666666,1.0,0.3333333333333333,0.027777777777777776,0.3,0.1,1.0,0.3333333333333333,1.0,0.3333333333333333,0.04027777777777777,0.26666666666666666,0.13333333333333333,1.0,0.5,1.0,0.3333333333333333,0.04916666666666667,0.2,0.13333333333333333,1.0,0.6666666666666666,1.0,0.3333333333333333,0.04916666666666667,0.2,0.16666666666666666,1.0,0.8333333333333334,1.0,0.3333333333333333,0.0571031746031746,0.16666666666666666,0.16666666666666666,1.0,1.0,1.0,0.3333333333333333,0.0571031746031746,0.14285714285714285,0.16666666666666666,0.8571428571428571,1.0,1.0,0.3333333333333333,0.0571031746031746,0.15,0.2,0.75,1.0,1.0,0.3333333333333333,0.062103174603174605,0.13333333333333333,0.2,0.6666666666666666,1.0,1.0,0.3333333333333333,0.062103174603174605,0.12,0.2,0.6,1.0,1.0,0.3333333333333333,0.062103174603174605,kalm_instruct_v2_5-dj_adpt,6,webtable-v2v-v=12-distilroberta-dj_adpt~qwen3_8b-dj_adpt
pte_non_ar_5c_ring.pq::Arg0,1.0,0.03125,1.0,0.03125,1.0,1.0,0.03125,0.8,0.125,1.0,0.15625,1.0,1.0,0.125,0.6,0.1875,1.0,0.3125,1.0,1.0,0.17782738095238096,0.4,0.1875,1.0,0.46875,1.0,1.0,0.17782738095238096,0.35,0.21875,1.0,0.625,1.0,1.0,0.18876488095238095,0.32,0.25,1.0,0.78125,1.0,1.0,0.19963444616977224,0.26666666666666666,0.25,1.0,0.9375,1.0,1.0,0.19963444616977224,0.2571428571428571,0.28125,0.9142857142857143,1.0,1.0,1.0,0.20842350866977224,0.225,0.28125,0.8,1.0,1.0,1.0,0.20842350866977224,0.2222222222222222,0.3125,0.7111111111111111,1.0,1.0,1.0,0.21569095053023737,0.22,0.34375,0.64,1.0,1.0,1.0,0.22270625665268634,kalm_instruct_v2_5-dj_adpt,6,webtable-v2v-v=12-distilroberta-dj_adpt~qwen3_8b-dj_adpt
fifa_ranking.pq::country_full,1.0,0.03333333333333333,1.0,0.03333333333333333,1.0,1.0,0.03333333333333333,0.6,0.1,1.0,0.16666666666666666,1.0,1.0,0.1,0.4,0.13333333333333333,1.0,0.3333333333333333,1.0,1.0,0.11333333333333333,0.3333333333333333,0.16666666666666666,1.0,0.5,1.0,1.0,0.12722222222222224,0.25,0.16666666666666666,1.0,0.6666666666666666,1.0,1.0,0.12722222222222224,0.24,0.2,1.0,0.8333333333333334,1.0,1.0,0.13555555555555554,0.2,0.2,1.0,1.0,1.0,1.0,0.13555555555555554,0.22857142857142856,0.26666666666666666,0.8571428571428571,1.0,1.0,1.0,0.15092557453088762,0.2,0.26666666666666666,0.75,1.0,1.0,1.0,0.15092557453088762,0.2,0.3,0.6666666666666666,1.0,1.0,1.0,0.15824264770161933,0.18,0.3,0.6,1.0,1.0,1.0,0.15824264770161933,kalm_instruct_v2_5-dj_adpt,6,webtable-v2v-v=12-distilroberta-dj_adpt~qwen3_8b-dj_adpt
countries_of_the_world.pq::Country,1.0,0.03333333333333333,1.0,0.03333333333333333,1.0,1.0,0.03333333333333333,0.2,0.03333333333333333,1.0,0.16666666666666666,1.0,1.0,0.03333333333333333,0.2,0.06666666666666667,1.0,0.3333333333333333,1.0,1.0,0.040740740740740744,0.2,0.1,1.0,0.5,1.0,1.0,0.049074074074074076,0.15,0.1,1.0,0.6666666666666666,1.0,1.0,0.049074074074074076,0.12,0.1,1.0,0.8333333333333334,1.0,1.0,0.049074074074074076,0.1,0.1,1.0,1.0,1.0,1.0,0.049074074074074076,0.08571428571428572,0.1,0.8571428571428571,1.0,1.0,1.0,0.049074074074074076,0.075,0.1,0.75,1.0,1.0,1.0,0.049074074074074076,0.06666666666666667,0.1,0.6666666666666666,1.0,1.0,1.0,0.049074074074074076,0.1,0.16666666666666666,0.6,1.0,1.0,1.0,0.055444847020933975,kalm_instruct_v2_5-dj_adpt,6,webtable-v2v-v=12-distilroberta-dj_adpt~qwen3_8b-dj_adpt
pte_ketone.pq::Arg0,1.0,0.03125,1.0,0.03125,1.0,1.0,0.03125,1.0,0.15625,1.0,0.15625,1.0,1.0,0.15625,0.9,0.28125,1.0,0.3125,1.0,1.0,0.278125,0.6666666666666666,0.3125,1.0,0.46875,1.0,1.0,0.3065340909090909,0.5,0.3125,1.0,0.625,1.0,1.0,0.3065340909090909,0.4,0.3125,1.0,0.78125,1.0,1.0,0.3065340909090909,0.3333333333333333,0.3125,1.0,0.9375,1.0,1.0,0.3065340909090909,0.3142857142857143,0.34375,0.9142857142857143,1.0,1.0,1.0,0.316644385026738,0.275,0.34375,0.8,1.0,1.0,1.0,0.316644385026738,0.26666666666666666,0.375,0.7111111111111111,1.0,1.0,1.0,0.32516711229946527,0.24,0.375,0.64,1.0,1.0,1.0,0.32516711229946527,kalm_instruct_v2_5-dj_adpt,6,webtable-v2v-v=12-distilroberta-dj_adpt~qwen3_8b-dj_adpt
who_suicide_statistics.pq::country,0.0,0.0,1.0,0.03333333333333333,0.0,0.0,0.0,0.2,0.03333333333333333,1.0,0.16666666666666666,1.0,0.5,0.016666666666666666,0.1,0.03333333333333333,1.0,0.3333333333333333,1.0,0.5,0.016666666666666666,0.06666666666666667,0.03333333333333333,1.0,0.5,1.0,0.5,0.016666666666666666,0.05,0.03333333333333333,1.0,0.6666666666666666,1.0,0.5,0.016666666666666666,0.08,0.06666666666666667,1.0,0.8333333333333334,1.0,0.5,0.0196969696969697,0.06666666666666667,0.06666666666666667,1.0,1.0,1.0,0.5,0.0196969696969697,0.05714285714285714,0.06666666666666667,0.8571428571428571,1.0,1.0,0.5,0.0196969696969697,0.05,0.06666666666666667,0.75,1.0,1.0,0.5,0.0196969696969697,0.044444444444444446,0.06666666666666667,0.6666666666666666,1.0,1.0,0.5,0.0196969696969697,0.04,0.06666666666666667,0.6,1.0,1.0,0.5,0.0196969696969697,kalm_instruct_v2_5-dj_adpt,6,webtable-v2v-v=12-distilroberta-dj_adpt~qwen3_8b-dj_adpt
UKDebate.pq::country,0.0,0.0,1.0,0.03333333333333333,0.0,0.0,0.0,0.0,0.0,1.0,0.16666666666666666,0.0,0.0,0.0,0.0,0.0,1.0,0.3333333333333333,0.0,0.0,0.0,0.06666666666666667,0.03333333333333333,1.0,0.5,1.0,0.06666666666666667,0.0022222222222222222,0.05,0.03333333333333333,1.0,0.6666666666666666,1.0,0.06666666666666667,0.0022222222222222222,0.04,0.03333333333333333,1.0,0.8333333333333334,1.0,0.06666666666666667,0.0022222222222222222,0.03333333333333333,0.03333333333333333,1.0,1.0,1.0,0.06666666666666667,0.0022222222222222222,0.05714285714285714,0.06666666666666667,0.8571428571428571,1.0,1.0,0.06666666666666667,0.004126984126984127,0.05,0.06666666666666667,0.75,1.0,1.0,0.06666666666666667,0.004126984126984127,0.06666666666666667,0.1,0.6666666666666666,1.0,1.0,0.06666666666666667,0.006507936507936508,0.06,0.1,0.6,1.0,1.0,0.06666666666666667,0.006507936507936508,kalm_instruct_v2_5-dj_adpt,6,webtable-v2v-v=12-distilroberta-dj_adpt~qwen3_8b-dj_adpt
World_countries_env_vars.pq::Country,1.0,0.03333333333333333,1.0,0.03333333333333333,1.0,1.0,0.03333333333333333,0.6,0.1,1.0,0.16666666666666666,1.0,1.0,0.1,0.4,0.13333333333333333,1.0,0.3333333333333333,1.0,1.0,0.11481481481481483,0.3333333333333333,0.16666666666666666,1.0,0.5,1.0,1.0,0.1287037037037037,0.3,0.2,1.0,0.6666666666666666,1.0,1.0,0.1398148148148148,0.28,0.23333333333333334,1.0,0.8333333333333334,1.0,1.0,0.1499597423510467,0.23333333333333334,0.23333333333333334,1.0,1.0,1.0,1.0,0.1499597423510467,0.2,0.23333333333333334,0.8571428571428571,1.0,1.0,1.0,0.1499597423510467,0.2,0.26666666666666666,0.75,1.0,1.0,1.0,0.15662640901771335,0.17777777777777778,0.26666666666666666,0.6666666666666666,1.0,1.0,1.0,0.15662640901771335,0.16,0.26666666666666666,0.6,1.0,1.0,1.0,0.15662640901771335,kalm_instruct_v2_5-dj_adpt,6,webtable-v2v-v=12-distilroberta-dj_adpt~qwen3_8b-dj_adpt
USA_cars_datasets.pq::country,0.0,0.0,1.0,0.03333333333333333,0.0,0.0,0.0,0.0,0.0,1.0,0.16666666666666666,0.0,0.0,0.0,0.0,0.0,1.0,0.3333333333333333,0.0,0.0,0.0,0.0,0.0,1.0,0.5,0.0,0.0,0.0,0.0,0.0,1.0,0.6666666666666666,0.0,0.0,0.0,0.0,0.0,1.0,0.8333333333333334,0.0,0.0,0.0,0.0,0.0,1.0,1.0,0.0,0.0,0.0,0.0,0.0,0.8571428571428571,1.0,0.0,0.0,0.0,0.0,0.0,0.75,1.0,0.0,0.0,0.0,0.022222222222222223,0.03333333333333333,0.6666666666666666,1.0,1.0,0.022222222222222223,0.0007407407407407408,0.02,0.03333333333333333,0.6,1.0,1.0,0.022222222222222223,0.0007407407407407408,kalm_instruct_v2_5-dj_adpt,6,webtable-v2v-v=12-distilroberta-dj_adpt~qwen3_8b-dj_adpt
netflix_titles.pq::country,1.0,0.03333333333333333,1.0,0.03333333333333333,1.0,1.0,0.03333333333333333,0.6,0.1,1.0,0.16666666666666666,1.0,1.0,0.07,0.3,0.1,1.0,0.3333333333333333,1.0,1.0,0.07,0.2,0.1,1.0,0.5,1.0,1.0,0.07,0.2,0.13333333333333333,1.0,0.6666666666666666,1.0,1.0,0.07833333333333334,0.2,0.16666666666666666,1.0,0.8333333333333334,1.0,1.0,0.08557971014492755,0.2,0.2,1.0,1.0,1.0,1.0,0.0922463768115942,0.17142857142857143,0.2,0.8571428571428571,1.0,1.0,1.0,0.0922463768115942,0.15,0.2,0.75,1.0,1.0,1.0,0.0922463768115942,0.15555555555555556,0.23333333333333334,0.6666666666666666,1.0,1.0,1.0,0.09780193236714976,0.16,0.26666666666666666,0.6,1.0,1.0,1.0,0.10347569123239798,kalm_instruct_v2_5-dj_adpt,6,webtable-v2v-v=12-distilroberta-dj_adpt~qwen3_8b-dj_adpt
pte_ames.pq::Arg0,1.0,0.03125,1.0,0.03125,1.0,1.0,0.03125,0.8,0.125,1.0,0.15625,1.0,1.0,0.11875,0.8,0.25,1.0,0.3125,1.0,1.0,0.21753472222222223,0.6,0.28125,1.0,0.46875,1.0,1.0,0.24097222222222223,0.55,0.34375,1.0,0.625,1.0,1.0,0.2784517973856209,0.44,0.34375,1.0,0.78125,1.0,1.0,0.2784517973856209,0.43333333333333335,0.40625,1.0,0.9375,1.0,1.0,0.3049244985350462,0.37142857142857144,0.40625,0.9142857142857143,1.0,1.0,1.0,0.3049244985350462,0.35,0.4375,0.8,1.0,1.0,1.0,0.31674882285937056,0.3333333333333333,0.46875,0.7111111111111111,1.0,1.0,1.0,0.3274022319502796,0.3,0.46875,0.64,1.0,1.0,1.0,0.3274022319502796,kalm_instruct_v2_5-dj_adpt,6,webtable-v2v-v=12-distilroberta-dj_adpt~qwen3_8b-dj_adpt
movie_metadata.pq::country,1.0,0.03333333333333333,1.0,0.03333333333333333,1.0,1.0,0.03333333333333333,0.2,0.03333333333333333,1.0,0.16666666666666666,1.0,1.0,0.03333333333333333,0.3,0.1,1.0,0.3333333333333333,1.0,1.0,0.055357142857142855,0.2,0.1,1.0,0.5,1.0,1.0,0.055357142857142855,0.15,0.1,1.0,0.6666666666666666,1.0,1.0,0.055357142857142855,0.12,0.1,1.0,0.8333333333333334,1.0,1.0,0.055357142857142855,0.1,0.1,1.0,1.0,1.0,1.0,0.055357142857142855,0.08571428571428572,0.1,0.8571428571428571,1.0,1.0,1.0,0.055357142857142855,0.075,0.1,0.75,1.0,1.0,1.0,0.055357142857142855,0.06666666666666667,0.1,0.6666666666666666,1.0,1.0,1.0,0.055357142857142855,0.06,0.1,0.6,1.0,1.0,1.0,0.055357142857142855,kalm_instruct_v2_5-dj_adpt,6,webtable-v2v-v=12-distilroberta-dj_adpt~qwen3_8b-dj_adpt
world_country.pq::LocalName,0.0,0.0,1.0,0.034482758620689655,0.0,0.0,0.0,0.4,0.06896551724137931,1.0,0.1724137931034483,1.0,0.25,0.022413793103448276,0.2,0.06896551724137931,1.0,0.3448275862068966,1.0,0.25,0.022413793103448276,0.2,0.10344827586206896,1.0,0.5172413793103449,1.0,0.25,0.02980295566502463,0.2,0.13793103448275862,1.0,0.6896551724137931,1.0,0.25,0.03669950738916256,0.16,0.13793103448275862,1.0,0.8620689655172413,1.0,0.25,0.03669950738916256,0.13333333333333333,0.13793103448275862,0.9666666666666667,1.0,1.0,0.25,0.03669950738916256,0.11428571428571428,0.13793103448275862,0.8285714285714286,1.0,1.0,0.25,0.03669950738916256,0.1,0.13793103448275862,0.725,1.0,1.0,0.25,0.03669950738916256,0.08888888888888889,0.13793103448275862,0.6444444444444445,1.0,1.0,0.25,0.03669950738916256,0.08,0.13793103448275862,0.58,1.0,1.0,0.25,0.03669950738916256,kalm_instruct_v2_5-dj_adpt,6,webtable-v2v-v=12-distilroberta-dj_adpt~qwen3_8b-dj_adpt
countries_metadatacountries.pq::CountryName,1.0,0.03333333333333333,1.0,0.03333333333333333,1.0,1.0,0.03333333333333333,0.4,0.06666666666666667,1.0,0.16666666666666666,1.0,1.0,0.06666666666666667,0.3,0.1,1.0,0.3333333333333333,1.0,1.0,0.07777777777777778,0.26666666666666666,0.13333333333333333,1.0,0.5,1.0,1.0,0.08666666666666667,0.25,0.16666666666666666,1.0,0.6666666666666666,1.0,1.0,0.09647058823529411,0.2,0.16666666666666666,1.0,0.8333333333333334,1.0,1.0,0.09647058823529411,0.2,0.2,1.0,1.0,1.0,1.0,0.10387799564270153,0.2,0.23333333333333334,0.8571428571428571,1.0,1.0,1.0,0.11140487736313162,0.175,0.23333333333333334,0.75,1.0,1.0,1.0,0.11140487736313162,0.15555555555555556,0.23333333333333334,0.6666666666666666,1.0,1.0,1.0,0.11140487736313162,0.14,0.23333333333333334,0.6,1.0,1.0,1.0,0.11140487736313162,kalm_instruct_v2_5-dj_adpt,6,webtable-v2v-v=12-distilroberta-dj_adpt~qwen3_8b-dj_adpt
pte_postestactive_neg.pq::Arg0,1.0,0.03125,1.0,0.03125,1.0,1.0,0.03125,1.0,0.15625,1.0,0.15625,1.0,1.0,0.15625,1.0,0.3125,1.0,0.3125,1.0,1.0,0.3125,0.9333333333333333,0.4375,1.0,0.46875,1.0,1.0,0.4375,0.75,0.46875,1.0,0.625,1.0,1.0,0.466796875,0.6,0.46875,1.0,0.78125,1.0,1.0,0.466796875,0.5,0.46875,1.0,0.9375,1.0,1.0,0.466796875,0.42857142857142855,0.46875,0.9142857142857143,1.0,1.0,1.0,0.466796875,0.375,0.46875,0.8,1.0,1.0,1.0,0.466796875,0.3333333333333333,0.46875,0.7111111111111111,1.0,1.0,1.0,0.466796875,0.3,0.46875,0.64,1.0,1.0,1.0,0.466796875,kalm_instruct_v2_5-dj_adpt,6,webtable-v2v-v=12-distilroberta-dj_adpt~qwen3_8b-dj_adpt
pte_alkyl_halide.pq::Arg0,1.0,0.03125,1.0,0.03125,1.0,1.0,0.03125,1.0,0.15625,1.0,0.15625,1.0,1.0,0.15625,1.0,0.3125,1.0,0.3125,1.0,1.0,0.3125,0.9333333333333333,0.4375,1.0,0.46875,1.0,1.0,0.4354166666666667,0.7,0.4375,1.0,0.625,1.0,1.0,0.4354166666666667,0.56,0.4375,1.0,0.78125,1.0,1.0,0.4354166666666667,0.4666666666666667,0.4375,1.0,0.9375,1.0,1.0,0.4354166666666667,0.4,0.4375,0.9142857142857143,1.0,1.0,1.0,0.4354166666666667,0.375,0.46875,0.8,1.0,1.0,1.0,0.44775219298245617,0.3333333333333333,0.46875,0.7111111111111111,1.0,1.0,1.0,0.44775219298245617,0.3,0.46875,0.64,1.0,1.0,1.0,0.44775219298245617,kalm_instruct_v2_5-dj_adpt,6,webtable-v2v-v=12-distilroberta-dj_adpt~qwen3_8b-dj_adpt
pte_testactive.pq::Arg0,1.0,0.03125,1.0,0.03125,1.0,1.0,0.03125,1.0,0.15625,1.0,0.15625,1.0,1.0,0.15625,1.0,0.3125,1.0,0.3125,1.0,1.0,0.3125,0.9333333333333333,0.4375,1.0,0.46875,1.0,1.0,0.4375,0.7,0.4375,1.0,0.625,1.0,1.0,0.4375,0.6,0.46875,1.0,0.78125,1.0,1.0,0.4588068181818182,0.5,0.46875,1.0,0.9375,1.0,1.0,0.4588068181818182,0.42857142857142855,0.46875,0.9142857142857143,1.0,1.0,1.0,0.4588068181818182,0.375,0.46875,0.8,1.0,1.0,1.0,0.4588068181818182,0.3333333333333333,0.46875,0.7111111111111111,1.0,1.0,1.0,0.4588068181818182,0.3,0.46875,0.64,1.0,1.0,1.0,0.4588068181818182,kalm_instruct_v2_5-dj_adpt,6,webtable-v2v-v=12-distilroberta-dj_adpt~qwen3_8b-dj_adpt
hfi_cc_2018.pq::countries,1.0,0.03333333333333333,1.0,0.03333333333333333,1.0,1.0,0.03333333333333333,0.4,0.06666666666666667,1.0,0.16666666666666666,1.0,1.0,0.06666666666666667,0.2,0.06666666666666667,1.0,0.3333333333333333,1.0,1.0,0.06666666666666667,0.2,0.1,1.0,0.5,1.0,1.0,0.07380952380952381,0.15,0.1,1.0,0.6666666666666666,1.0,1.0,0.07380952380952381,0.12,0.1,1.0,0.8333333333333334,1.0,1.0,0.07380952380952381,0.1,0.1,1.0,1.0,1.0,1.0,0.07380952380952381,0.08571428571428572,0.1,0.8571428571428571,1.0,1.0,1.0,0.07380952380952381,0.075,0.1,0.75,1.0,1.0,1.0,0.07380952380952381,0.06666666666666667,0.1,0.6666666666666666,1.0,1.0,1.0,0.07380952380952381,0.06,0.1,0.6,1.0,1.0,1.0,0.07380952380952381,kalm_instruct_v2_5-dj_adpt,6,webtable-v2v-v=12-distilroberta-dj_adpt~qwen3_8b-dj_adpt
wikipedia-iso-country-codes.pq::English_short_name_lower_case,1.0,0.03333333333333333,1.0,0.03333333333333333,1.0,1.0,0.03333333333333333,0.4,0.06666666666666667,1.0,0.16666666666666666,1.0,1.0,0.06666666666666667,0.2,0.06666666666666667,1.0,0.3333333333333333,1.0,1.0,0.06666666666666667,0.13333333333333333,0.06666666666666667,1.0,0.5,1.0,1.0,0.06666666666666667,0.2,0.13333333333333333,1.0,0.6666666666666666,1.0,1.0,0.08032407407407408,0.16,0.13333333333333333,1.0,0.8333333333333334,1.0,1.0,0.08032407407407408,0.13333333333333333,0.13333333333333333,1.0,1.0,1.0,1.0,0.08032407407407408,0.14285714285714285,0.16666666666666666,0.8571428571428571,1.0,1.0,1.0,0.08537457912457912,0.15,0.2,0.75,1.0,1.0,1.0,0.09037457912457912,0.13333333333333333,0.2,0.6666666666666666,1.0,1.0,1.0,0.09037457912457912,0.14,0.23333333333333334,0.6,1.0,1.0,1.0,0.09504124579124579,kalm_instruct_v2_5-dj_adpt,6,webtable-v2v-v=12-distilroberta-dj_adpt~qwen3_8b-dj_adpt
affirmative_asylum.pq::ContinentCountryofNationality,1.0,0.03125,1.0,0.03125,1.0,1.0,0.03125,0.6,0.09375,1.0,0.15625,1.0,1.0,0.0859375,0.5,0.15625,1.0,0.3125,1.0,1.0,0.1189236111111111,0.3333333333333333,0.15625,1.0,0.46875,1.0,1.0,0.1189236111111111,0.3,0.1875,1.0,0.625,1.0,1.0,0.129953022875817,0.24,0.1875,1.0,0.78125,1.0,1.0,0.129953022875817,0.23333333333333334,0.21875,1.0,0.9375,1.0,1.0,0.13724468954248367,0.22857142857142856,0.25,0.9142857142857143,1.0,1.0,1.0,0.14505718954248367,0.225,0.28125,0.8,1.0,1.0,1.0,0.15245850533195734,0.2,0.28125,0.7111111111111111,1.0,1.0,1.0,0.15245850533195734,0.18,0.28125,0.64,1.0,1.0,1.0,0.15245850533195734,kalm_instruct_v2_5-dj_adpt,6,webtable-v2v-v=12-distilroberta-dj_adpt~qwen3_8b-dj_adpt
countries_and_continents.pq::name,1.0,0.037037037037037035,1.0,0.037037037037037035,1.0,1.0,0.037037037037037035,0.8,0.14814814814814814,1.0,0.18518518518518517,1.0,1.0,0.13148148148148148,0.5,0.18518518518518517,1.0,0.37037037037037035,1.0,1.0,0.15793650793650793,0.3333333333333333,0.18518518518518517,1.0,0.5555555555555556,1.0,1.0,0.15793650793650793,0.35,0.25925925925925924,1.0,0.7407407407407407,1.0,1.0,0.1839274111203936,0.28,0.25925925925925924,1.0,0.9259259259259259,1.0,1.0,0.1839274111203936,0.26666666666666666,0.2962962962962963,0.9,1.0,1.0,1.0,0.1949013480202564,0.22857142857142856,0.2962962962962963,0.7714285714285715,1.0,1.0,1.0,0.1949013480202564,0.2,0.2962962962962963,0.675,1.0,1.0,1.0,0.1949013480202564,0.17777777777777778,0.2962962962962963,0.6,1.0,1.0,1.0,0.1949013480202564,0.16,0.2962962962962963,0.54,1.0,1.0,1.0,0.1949013480202564,kalm_instruct_v2_5-dj_adpt,6,webtable-v2v-v=12-distilroberta-dj_adpt~qwen3_8b-dj_adpt
pte_postestactive.pq::Arg0,1.0,0.03125,1.0,0.03125,1.0,1.0,0.03125,1.0,0.15625,1.0,0.15625,1.0,1.0,0.15625,1.0,0.3125,1.0,0.3125,1.0,1.0,0.3125,0.9333333333333333,0.4375,1.0,0.46875,1.0,1.0,0.4375,0.75,0.46875,1.0,0.625,1.0,1.0,0.4609375,0.6,0.46875,1.0,0.78125,1.0,1.0,0.4609375,0.5666666666666667,0.53125,1.0,0.9375,1.0,1.0,0.4984872347480106,0.5142857142857142,0.5625,0.9142857142857143,1.0,1.0,1.0,0.5145586633194392,0.45,0.5625,0.8,1.0,1.0,1.0,0.5145586633194392,0.4222222222222222,0.59375,0.7111111111111111,1.0,1.0,1.0,0.528695568081344,0.38,0.59375,0.64,1.0,1.0,1.0,0.528695568081344,kalm_instruct_v2_5-dj_adpt,6,webtable-v2v-v=12-distilroberta-dj_adpt~qwen3_8b-dj_adpt
pte_five_ring.pq::Arg0,1.0,0.03125,1.0,0.03125,1.0,1.0,0.03125,1.0,0.15625,1.0,0.15625,1.0,1.0,0.15625,1.0,0.3125,1.0,0.3125,1.0,1.0,0.3125,1.0,0.46875,1.0,0.46875,1.0,1.0,0.46875,0.75,0.46875,1.0,0.625,1.0,1.0,0.46875,0.6,0.46875,1.0,0.78125,1.0,1.0,0.46875,0.5666666666666667,0.53125,1.0,0.9375,1.0,1.0,0.5056891025641026,0.4857142857142857,0.53125,0.9142857142857143,1.0,1.0,1.0,0.5056891025641026,0.425,0.53125,0.8,1.0,1.0,1.0,0.5056891025641026,0.37777777777777777,0.53125,0.7111111111111111,1.0,1.0,1.0,0.5056891025641026,0.36,0.5625,0.64,1.0,1.0,1.0,0.5176571876704855,kalm_instruct_v2_5-dj_adpt,6,webtable-v2v-v=12-distilroberta-dj_adpt~qwen3_8b-dj_adpt
MoviesOnStreamingPlatforms_updated.pq::Country,1.0,0.03333333333333333,1.0,0.03333333333333333,1.0,1.0,0.03333333333333333,0.2,0.03333333333333333,1.0,0.16666666666666666,1.0,1.0,0.03333333333333333,0.1,0.03333333333333333,1.0,0.3333333333333333,1.0,1.0,0.03333333333333333,0.06666666666666667,0.03333333333333333,1.0,0.5,1.0,1.0,0.03333333333333333,0.1,0.06666666666666667,1.0,0.6666666666666666,1.0,1.0,0.0375,0.12,0.1,1.0,0.8333333333333334,1.0,1.0,0.04226190476190476,0.1,0.1,1.0,1.0,1.0,1.0,0.04226190476190476,0.11428571428571428,0.13333333333333333,0.8571428571428571,1.0,1.0,1.0,0.04642857142857142,0.1,0.13333333333333333,0.75,1.0,1.0,1.0,0.04642857142857142,0.08888888888888889,0.13333333333333333,0.6666666666666666,1.0,1.0,1.0,0.04642857142857142,0.08,0.13333333333333333,0.6,1.0,1.0,1.0,0.04642857142857142,kalm_instruct_v2_5-dj_adpt,6,webtable-v2v-v=12-distilroberta-dj_adpt~qwen3_8b-dj_adpt
pte_amine.pq::Arg0,1.0,0.03125,1.0,0.03125,1.0,1.0,0.03125,1.0,0.15625,1.0,0.15625,1.0,1.0,0.15625,1.0,0.3125,1.0,0.3125,1.0,1.0,0.3125,0.8666666666666667,0.40625,1.0,0.46875,1.0,1.0,0.40625,0.75,0.46875,1.0,0.625,1.0,1.0,0.4596354166666667,0.64,0.5,1.0,0.78125,1.0,1.0,0.4823626893939394,0.5666666666666667,0.53125,1.0,0.9375,1.0,1.0,0.5000710227272728,0.4857142857142857,0.53125,0.9142857142857143,1.0,1.0,1.0,0.5000710227272728,0.45,0.5625,0.8,1.0,1.0,1.0,0.5156960227272728,0.4222222222222222,0.59375,0.7111111111111111,1.0,1.0,1.0,0.5301777300443459,0.38,0.59375,0.64,1.0,1.0,1.0,0.5301777300443459,kalm_instruct_v2_5-dj_adpt,6,webtable-v2v-v=12-distilroberta-dj_adpt~qwen3_8b-dj_adpt
AdventureWorks2014_salesTerritory.pq::Name,0.0,0.0,1.0,0.03333333333333333,0.0,0.0,0.0,0.0,0.0,1.0,0.16666666666666666,0.0,0.0,0.0,0.0,0.0,1.0,0.3333333333333333,0.0,0.0,0.0,0.0,0.0,1.0,0.5,0.0,0.0,0.0,0.0,0.0,1.0,0.6666666666666666,0.0,0.0,0.0,0.04,0.03333333333333333,1.0,0.8333333333333334,1.0,0.045454545454545456,0.0015151515151515152,0.03333333333333333,0.03333333333333333,1.0,1.0,1.0,0.045454545454545456,0.0015151515151515152,0.05714285714285714,0.06666666666666667,0.8571428571428571,1.0,1.0,0.045454545454545456,0.0035353535353535356,0.05,0.06666666666666667,0.75,1.0,1.0,0.045454545454545456,0.0035353535353535356,0.06666666666666667,0.1,0.6666666666666666,1.0,1.0,0.045454545454545456,0.005757575757575757,0.06,0.1,0.6,1.0,1.0,0.045454545454545456,0.005757575757575757,kalm_instruct_v2_5-dj_adpt,6,webtable-v2v-v=12-distilroberta-dj_adpt~qwen3_8b-dj_adpt
whr2015.pq::Country,0.0,0.0,1.0,0.03333333333333333,0.0,0.0,0.0,0.4,0.06666666666666667,1.0,0.16666666666666666,1.0,0.5,0.03888888888888888,0.2,0.06666666666666667,1.0,0.3333333333333333,1.0,0.5,0.03888888888888888,0.13333333333333333,0.06666666666666667,1.0,0.5,1.0,0.5,0.03888888888888888,0.1,0.06666666666666667,1.0,0.6666666666666666,1.0,0.5,0.03888888888888888,0.08,0.06666666666666667,1.0,0.8333333333333334,1.0,0.5,0.03888888888888888,0.1,0.1,1.0,1.0,1.0,0.5,0.042460317460317455,0.08571428571428572,0.1,0.8571428571428571,1.0,1.0,0.5,0.042460317460317455,0.1,0.13333333333333333,0.75,1.0,1.0,0.5,0.046164021164021164,0.08888888888888889,0.13333333333333333,0.6666666666666666,1.0,1.0,0.5,0.046164021164021164,0.08,0.13333333333333333,0.6,1.0,1.0,0.5,0.046164021164021164,kalm_instruct_v2_5-dj_adpt,6,webtable-v2v-v=12-distilroberta-dj_adpt~qwen3_8b-dj_adpt
countries_and_continents.pq::official_name_fr,0.0,0.0,1.0,0.037037037037037035,0.0,0.0,0.0,0.0,0.0,1.0,0.18518518518518517,0.0,0.0,0.0,0.2,0.07407407407407407,1.0,0.37037037037037035,1.0,0.1111111111111111,0.011522633744855968,0.13333333333333333,0.07407407407407407,1.0,0.5555555555555556,1.0,0.1111111111111111,0.011522633744855968,0.1,0.07407407407407407,1.0,0.7407407407407407,1.0,0.1111111111111111,0.011522633744855968,0.08,0.07407407407407407,1.0,0.9259259259259259,1.0,0.1111111111111111,0.011522633744855968,0.06666666666666667,0.07407407407407407,0.9,1.0,1.0,0.1111111111111111,0.011522633744855968,0.05714285714285714,0.07407407407407407,0.7714285714285715,1.0,1.0,0.1111111111111111,0.011522633744855968,0.075,0.1111111111111111,0.675,1.0,1.0,0.1111111111111111,0.014446610353043102,0.06666666666666667,0.1111111111111111,0.6,1.0,1.0,0.1111111111111111,0.014446610353043102,0.08,0.14814814814814814,0.54,1.0,1.0,0.1111111111111111,0.017409573316006063,kalm_instruct_v2_5-dj_adpt,6,webtable-v2v-v=12-distilroberta-dj_adpt~qwen3_8b-dj_adpt
pte_has_property.pq::Arg0,1.0,0.03125,1.0,0.03125,1.0,1.0,0.03125,0.2,0.03125,1.0,0.15625,1.0,1.0,0.03125,0.2,0.0625,1.0,0.3125,1.0,1.0,0.041666666666666664,0.13333333333333333,0.0625,1.0,0.46875,1.0,1.0,0.041666666666666664,0.1,0.0625,1.0,0.625,1.0,1.0,0.041666666666666664,0.12,0.09375,1.0,0.78125,1.0,1.0,0.046130952380952384,0.1,0.09375,1.0,0.9375,1.0,1.0,0.046130952380952384,0.11428571428571428,0.125,0.9142857142857143,1.0,1.0,1.0,0.04991883116883117,0.1,0.125,0.8,1.0,1.0,1.0,0.04991883116883117,0.1111111111111111,0.15625,0.7111111111111111,1.0,1.0,1.0,0.05346996753246753,0.1,0.15625,0.64,1.0,1.0,1.0,0.05346996753246753,kalm_instruct_v2_5-dj_adpt,6,webtable-v2v-v=12-distilroberta-dj_adpt~qwen3_8b-dj_adpt
cwurData.pq::country,1.0,0.03333333333333333,1.0,0.03333333333333333,1.0,1.0,0.03333333333333333,0.2,0.03333333333333333,1.0,0.16666666666666666,1.0,1.0,0.03333333333333333,0.1,0.03333333333333333,1.0,0.3333333333333333,1.0,1.0,0.03333333333333333,0.06666666666666667,0.03333333333333333,1.0,0.5,1.0,1.0,0.03333333333333333,0.05,0.03333333333333333,1.0,0.6666666666666666,1.0,1.0,0.03333333333333333,0.04,0.03333333333333333,1.0,0.8333333333333334,1.0,1.0,0.03333333333333333,0.03333333333333333,0.03333333333333333,1.0,1.0,1.0,1.0,0.03333333333333333,0.02857142857142857,0.03333333333333333,0.8571428571428571,1.0,1.0,1.0,0.03333333333333333,0.025,0.03333333333333333,0.75,1.0,1.0,1.0,0.03333333333333333,0.022222222222222223,0.03333333333333333,0.6666666666666666,1.0,1.0,1.0,0.03333333333333333,0.02,0.03333333333333333,0.6,1.0,1.0,1.0,0.03333333333333333,qwen3_06b-dj_adpt,7,webtable-v2v-v=12-distilroberta-dj_adpt~qwen3_8b-dj_adpt
countries_and_continents.pq::ISO4217-currency_country_name,1.0,0.037037037037037035,1.0,0.037037037037037035,1.0,1.0,0.037037037037037035,0.6,0.1111111111111111,1.0,0.18518518518518517,1.0,1.0,0.08395061728395062,0.3,0.1111111111111111,1.0,0.37037037037037035,1.0,1.0,0.08395061728395062,0.2,0.1111111111111111,1.0,0.5555555555555556,1.0,1.0,0.08395061728395062,0.2,0.14814814814814814,1.0,0.7407407407407407,1.0,1.0,0.0917478882391163,0.16,0.14814814814814814,1.0,0.9259259259259259,1.0,1.0,0.0917478882391163,0.13333333333333333,0.14814814814814814,0.9,1.0,1.0,1.0,0.0917478882391163,0.11428571428571428,0.14814814814814814,0.7714285714285715,1.0,1.0,1.0,0.0917478882391163,0.1,0.14814814814814814,0.675,1.0,1.0,1.0,0.0917478882391163,0.08888888888888889,0.14814814814814814,0.6,1.0,1.0,1.0,0.0917478882391163,0.1,0.18518518518518517,0.54,1.0,1.0,1.0,0.09560591293047434,qwen3_06b-dj_adpt,7,webtable-v2v-v=12-distilroberta-dj_adpt~qwen3_8b-dj_adpt
pte_imine.pq::Arg0,1.0,0.03125,1.0,0.03125,1.0,1.0,0.03125,1.0,0.15625,1.0,0.15625,1.0,1.0,0.15625,0.5,0.15625,1.0,0.3125,1.0,1.0,0.15625,0.4,0.1875,1.0,0.46875,1.0,1.0,0.171875,0.3,0.1875,1.0,0.625,1.0,1.0,0.171875,0.24,0.1875,1.0,0.78125,1.0,1.0,0.171875,0.23333333333333334,0.21875,1.0,0.9375,1.0,1.0,0.17916666666666667,0.22857142857142856,0.25,0.9142857142857143,1.0,1.0,1.0,0.18674242424242424,0.2,0.25,0.8,1.0,1.0,1.0,0.18674242424242424,0.17777777777777778,0.25,0.7111111111111111,1.0,1.0,1.0,0.18674242424242424,0.18,0.28125,0.64,1.0,1.0,1.0,0.19260179924242424,qwen3_06b-dj_adpt,7,webtable-v2v-v=12-distilroberta-dj_adpt~qwen3_8b-dj_adpt
countries_and_continents.pq::official_name_en,1.0,0.037037037037037035,1.0,0.037037037037037035,1.0,1.0,0.037037037037037035,0.2,0.037037037037037035,1.0,0.18518518518518517,1.0,1.0,0.037037037037037035,0.1,0.037037037037037035,1.0,0.37037037037037035,1.0,1.0,0.037037037037037035,0.06666666666666667,0.037037037037037035,1.0,0.5555555555555556,1.0,1.0,0.037037037037037035,0.05,0.037037037037037035,1.0,0.7407407407407407,1.0,1.0,0.037037037037037035,0.04,0.037037037037037035,1.0,0.9259259259259259,1.0,1.0,0.037037037037037035,0.06666666666666667,0.07407407407407407,0.9,1.0,1.0,1.0,0.03950617283950617,0.05714285714285714,0.07407407407407407,0.7714285714285715,1.0,1.0,1.0,0.03950617283950617,0.05,0.07407407407407407,0.675,1.0,1.0,1.0,0.03950617283950617,0.044444444444444446,0.07407407407407407,0.6,1.0,1.0,1.0,0.03950617283950617,0.04,0.07407407407407407,0.54,1.0,1.0,1.0,0.03950617283950617,qwen3_06b-dj_adpt,7,webtable-v2v-v=12-distilroberta-dj_adpt~qwen3_8b-dj_adpt
world_country.pq::Name,1.0,0.034482758620689655,1.0,0.034482758620689655,1.0,1.0,0.034482758620689655,0.6,0.10344827586206896,1.0,0.1724137931034483,1.0,1.0,0.10344827586206896,0.4,0.13793103448275862,1.0,0.3448275862068966,1.0,1.0,0.1264367816091954,0.26666666666666666,0.13793103448275862,1.0,0.5172413793103449,1.0,1.0,0.1264367816091954,0.2,0.13793103448275862,1.0,0.6896551724137931,1.0,1.0,0.1264367816091954,0.16,0.13793103448275862,1.0,0.8620689655172413,1.0,1.0,0.1264367816091954,0.13333333333333333,0.13793103448275862,0.9666666666666667,1.0,1.0,1.0,0.1264367816091954,0.11428571428571428,0.13793103448275862,0.8285714285714286,1.0,1.0,1.0,0.1264367816091954,0.15,0.20689655172413793,0.725,1.0,1.0,1.0,0.1363984674329502,0.13333333333333333,0.20689655172413793,0.6444444444444445,1.0,1.0,1.0,0.1363984674329502,0.12,0.20689655172413793,0.58,1.0,1.0,1.0,0.1363984674329502,qwen3_06b-dj_adpt,7,webtable-v2v-v=12-distilroberta-dj_adpt~qwen3_8b-dj_adpt
pte_nitro.pq::Arg0,1.0,0.03125,1.0,0.03125,1.0,1.0,0.03125,1.0,0.15625,1.0,0.15625,1.0,1.0,0.15625,0.6,0.1875,1.0,0.3125,1.0,1.0,0.1875,0.5333333333333333,0.25,1.0,0.46875,1.0,1.0,0.21979166666666666,0.4,0.25,1.0,0.625,1.0,1.0,0.21979166666666666,0.32,0.25,1.0,0.78125,1.0,1.0,0.21979166666666666,0.26666666666666666,0.25,1.0,0.9375,1.0,1.0,0.21979166666666666,0.22857142857142856,0.25,0.9142857142857143,1.0,1.0,1.0,0.21979166666666666,0.2,0.25,0.8,1.0,1.0,1.0,0.21979166666666666,0.2,0.28125,0.7111111111111111,1.0,1.0,1.0,0.22648809523809524,0.18,0.28125,0.64,1.0,1.0,1.0,0.22648809523809524,qwen3_06b-dj_adpt,7,webtable-v2v-v=12-distilroberta-dj_adpt~qwen3_8b-dj_adpt
pte_sulfide.pq::Arg0,1.0,0.03125,1.0,0.03125,1.0,1.0,0.03125,0.2,0.03125,1.0,0.15625,1.0,1.0,0.03125,0.1,0.03125,1.0,0.3125,1.0,1.0,0.03125,0.06666666666666667,0.03125,1.0,0.46875,1.0,1.0,0.03125,0.05,0.03125,1.0,0.625,1.0,1.0,0.03125,0.04,0.03125,1.0,0.78125,1.0,1.0,0.03125,0.1,0.09375,1.0,0.9375,1.0,1.0,0.03671490147783251,0.08571428571428572,0.09375,0.9142857142857143,1.0,1.0,1.0,0.03671490147783251,0.075,0.09375,0.8,1.0,1.0,1.0,0.03671490147783251,0.08888888888888889,0.125,0.7111111111111111,1.0,1.0,1.0,0.039555810568741606,0.08,0.125,0.64,1.0,1.0,1.0,0.039555810568741606,qwen3_06b-dj_adpt,7,webtable-v2v-v=12-distilroberta-dj_adpt~qwen3_8b-dj_adpt
pte_non_ar_hetero_6_ring.pq::Arg0,1.0,0.03125,1.0,0.03125,1.0,1.0,0.03125,0.2,0.03125,1.0,0.15625,1.0,1.0,0.03125,0.2,0.0625,1.0,0.3125,1.0,1.0,0.03819444444444445,0.26666666666666666,0.125,1.0,0.46875,1.0,1.0,0.055645743145743144,0.2,0.125,1.0,0.625,1.0,1.0,0.055645743145743144,0.24,0.1875,1.0,0.78125,1.0,1.0,0.07160894660894661,0.2,0.1875,1.0,0.9375,1.0,1.0,0.07160894660894661,0.17142857142857143,0.1875,0.9142857142857143,1.0,1.0,1.0,0.07160894660894661,0.15,0.1875,0.8,1.0,1.0,1.0,0.07160894660894661,0.15555555555555556,0.21875,0.7111111111111111,1.0,1.0,1.0,0.07647005772005772,0.16,0.25,0.64,1.0,1.0,1.0,0.08190484032875336,qwen3_06b-dj_adpt,7,webtable-v2v-v=12-distilroberta-dj_adpt~qwen3_8b-dj_adpt
Word_University_Rank_2020.pq::Country,0.0,0.0,1.0,0.03333333333333333,0.0,0.0,0.0,0.0,0.0,1.0,0.16666666666666666,0.0,0.0,0.0,0.0,0.0,1.0,0.3333333333333333,0.0,0.0,0.0,0.0,0.0,1.0,0.5,0.0,0.0,0.0,0.0,0.0,1.0,0.6666666666666666,0.0,0.0,0.0,0.0,0.0,1.0,0.8333333333333334,0.0,0.0,0.0,0.0,0.0,1.0,1.0,0.0,0.0,0.0,0.0,0.0,0.8571428571428571,1.0,0.0,0.0,0.0,0.0,0.0,0.75,1.0,0.0,0.0,0.0,0.0,0.0,0.6666666666666666,1.0,0.0,0.0,0.0,0.0,0.0,0.6,1.0,0.0,0.0,0.0,qwen3_06b-dj_adpt,7,webtable-v2v-v=12-distilroberta-dj_adpt~qwen3_8b-dj_adpt
gender_development.pq::Country,1.0,0.03333333333333333,1.0,0.03333333333333333,1.0,1.0,0.03333333333333333,0.4,0.06666666666666667,1.0,0.16666666666666666,1.0,1.0,0.05,0.2,0.06666666666666667,1.0,0.3333333333333333,1.0,1.0,0.05,0.13333333333333333,0.06666666666666667,1.0,0.5,1.0,1.0,0.05,0.2,0.13333333333333333,1.0,0.6666666666666666,1.0,1.0,0.06257309941520468,0.2,0.16666666666666666,1.0,0.8333333333333334,1.0,1.0,0.07050960735171262,0.16666666666666666,0.16666666666666666,1.0,1.0,1.0,1.0,0.07050960735171262,0.14285714285714285,0.16666666666666666,0.8571428571428571,1.0,1.0,1.0,0.07050960735171262,0.125,0.16666666666666666,0.75,1.0,1.0,1.0,0.07050960735171262,0.1111111111111111,0.16666666666666666,0.6666666666666666,1.0,1.0,1.0,0.07050960735171262,0.1,0.16666666666666666,0.6,1.0,1.0,1.0,0.07050960735171262,qwen3_06b-dj_adpt,7,webtable-v2v-v=12-distilroberta-dj_adpt~qwen3_8b-dj_adpt
pte_testactive_Neg.pq::Arg0,1.0,0.03125,1.0,0.03125,1.0,1.0,0.03125,0.4,0.0625,1.0,0.15625,1.0,1.0,0.0625,0.3,0.09375,1.0,0.3125,1.0,1.0,0.07421875,0.3333333333333333,0.15625,1.0,0.46875,1.0,1.0,0.0935639880952381,0.25,0.15625,1.0,0.625,1.0,1.0,0.0935639880952381,0.24,0.1875,1.0,0.78125,1.0,1.0,0.10249255952380952,0.23333333333333334,0.21875,1.0,0.9375,1.0,1.0,0.11003566297208539,0.22857142857142856,0.25,0.9142857142857143,1.0,1.0,1.0,0.11784816297208539,0.2,0.25,0.8,1.0,1.0,1.0,0.11784816297208539,0.17777777777777778,0.25,0.7111111111111111,1.0,1.0,1.0,0.11784816297208539,0.16,0.25,0.64,1.0,1.0,1.0,0.11784816297208539,qwen3_06b-dj_adpt,7,webtable-v2v-v=12-distilroberta-dj_adpt~qwen3_8b-dj_adpt
edu.pq::country,1.0,0.03333333333333333,1.0,0.03333333333333333,1.0,1.0,0.03333333333333333,0.4,0.06666666666666667,1.0,0.16666666666666666,1.0,1.0,0.04666666666666666,0.4,0.13333333333333333,1.0,0.3333333333333333,1.0,1.0,0.08,0.26666666666666666,0.13333333333333333,1.0,0.5,1.0,1.0,0.08,0.2,0.13333333333333333,1.0,0.6666666666666666,1.0,1.0,0.08,0.16,0.13333333333333333,1.0,0.8333333333333334,1.0,1.0,0.08,0.13333333333333333,0.13333333333333333,1.0,1.0,1.0,1.0,0.08,0.11428571428571428,0.13333333333333333,0.8571428571428571,1.0,1.0,1.0,0.08,0.1,0.13333333333333333,0.75,1.0,1.0,1.0,0.08,0.1111111111111111,0.16666666666666666,0.6666666666666666,1.0,1.0,1.0,0.0837037037037037,0.1,0.16666666666666666,0.6,1.0,1.0,1.0,0.0837037037037037,qwen3_06b-dj_adpt,7,webtable-v2v-v=12-distilroberta-dj_adpt~qwen3_8b-dj_adpt
AdventureWorks2014_CountryRegion.pq::Name,0.0,0.0,1.0,0.03333333333333333,0.0,0.0,0.0,0.0,0.0,1.0,0.16666666666666666,0.0,0.0,0.0,0.1,0.03333333333333333,1.0,0.3333333333333333,1.0,0.1,0.0033333333333333335,0.06666666666666667,0.03333333333333333,1.0,0.5,1.0,0.1,0.0033333333333333335,0.05,0.03333333333333333,1.0,0.6666666666666666,1.0,0.1,0.0033333333333333335,0.08,0.06666666666666667,1.0,0.8333333333333334,1.0,0.1,0.006507936507936508,0.1,0.1,1.0,1.0,1.0,0.1,0.010211640211640212,0.08571428571428572,0.1,0.8571428571428571,1.0,1.0,0.1,0.010211640211640212,0.075,0.1,0.75,1.0,1.0,0.1,0.010211640211640212,0.06666666666666667,0.1,0.6666666666666666,1.0,1.0,0.1,0.010211640211640212,0.06,0.1,0.6,1.0,1.0,0.1,0.010211640211640212,qwen3_06b-dj_adpt,7,webtable-v2v-v=12-distilroberta-dj_adpt~qwen3_8b-dj_adpt
pte_methoxy.pq::Arg0,1.0,0.03125,1.0,0.03125,1.0,1.0,0.03125,0.8,0.125,1.0,0.15625,1.0,1.0,0.125,0.5,0.15625,1.0,0.3125,1.0,1.0,0.14453125,0.3333333333333333,0.15625,1.0,0.46875,1.0,1.0,0.14453125,0.3,0.1875,1.0,0.625,1.0,1.0,0.15439967105263158,0.28,0.21875,1.0,0.78125,1.0,1.0,0.1643428528708134,0.23333333333333334,0.21875,1.0,0.9375,1.0,1.0,0.1643428528708134,0.2,0.21875,0.9142857142857143,1.0,1.0,1.0,0.1643428528708134,0.2,0.25,0.8,1.0,1.0,1.0,0.1707531092810698,0.17777777777777778,0.25,0.7111111111111111,1.0,1.0,1.0,0.1707531092810698,0.18,0.28125,0.64,1.0,1.0,1.0,0.17649290519943717,qwen3_06b-dj_adpt,7,webtable-v2v-v=12-distilroberta-dj_adpt~qwen3_8b-dj_adpt
world-cities.pq::country,1.0,0.03333333333333333,1.0,0.03333333333333333,1.0,1.0,0.03333333333333333,1.0,0.16666666666666666,1.0,0.16666666666666666,1.0,1.0,0.16666666666666666,0.6,0.2,1.0,0.3333333333333333,1.0,1.0,0.1888888888888889,0.4,0.2,1.0,0.5,1.0,1.0,0.1888888888888889,0.35,0.23333333333333334,1.0,0.6666666666666666,1.0,1.0,0.20116959064327486,0.28,0.23333333333333334,1.0,0.8333333333333334,1.0,1.0,0.20116959064327486,0.23333333333333334,0.23333333333333334,1.0,1.0,1.0,1.0,0.20116959064327486,0.2,0.23333333333333334,0.8571428571428571,1.0,1.0,1.0,0.20116959064327486,0.175,0.23333333333333334,0.75,1.0,1.0,1.0,0.20116959064327486,0.15555555555555556,0.23333333333333334,0.6666666666666666,1.0,1.0,1.0,0.20116959064327486,0.14,0.23333333333333334,0.6,1.0,1.0,1.0,0.20116959064327486,qwen3_06b-dj_adpt,7,webtable-v2v-v=12-distilroberta-dj_adpt~qwen3_8b-dj_adpt
movies.pq::country,1.0,0.03333333333333333,1.0,0.03333333333333333,1.0,1.0,0.03333333333333333,0.2,0.03333333333333333,1.0,0.16666666666666666,1.0,1.0,0.03333333333333333,0.1,0.03333333333333333,1.0,0.3333333333333333,1.0,1.0,0.03333333333333333,0.06666666666666667,0.03333333333333333,1.0,0.5,1.0,1.0,0.03333333333333333,0.05,0.03333333333333333,1.0,0.6666666666666666,1.0,1.0,0.03333333333333333,0.04,0.03333333333333333,1.0,0.8333333333333334,1.0,1.0,0.03333333333333333,0.03333333333333333,0.03333333333333333,1.0,1.0,1.0,1.0,0.03333333333333333,0.05714285714285714,0.06666666666666667,0.8571428571428571,1.0,1.0,1.0,0.03523809523809524,0.05,0.06666666666666667,0.75,1.0,1.0,1.0,0.03523809523809524,0.044444444444444446,0.06666666666666667,0.6666666666666666,1.0,1.0,1.0,0.03523809523809524,0.04,0.06666666666666667,0.6,1.0,1.0,1.0,0.03523809523809524,qwen3_06b-dj_adpt,7,webtable-v2v-v=12-distilroberta-dj_adpt~qwen3_8b-dj_adpt
countries_data.pq::CountryName,0.0,0.0,1.0,0.03333333333333333,0.0,0.0,0.0,0.0,0.0,1.0,0.16666666666666666,0.0,0.0,0.0,0.1,0.03333333333333333,1.0,0.3333333333333333,1.0,0.125,0.004166666666666667,0.13333333333333333,0.06666666666666667,1.0,0.5,1.0,0.125,0.00972222222222222,0.1,0.06666666666666667,1.0,0.6666666666666666,1.0,0.125,0.00972222222222222,0.08,0.06666666666666667,1.0,0.8333333333333334,1.0,0.125,0.00972222222222222,0.06666666666666667,0.06666666666666667,1.0,1.0,1.0,0.125,0.00972222222222222,0.08571428571428572,0.1,0.8571428571428571,1.0,1.0,0.125,0.012948028673835125,0.075,0.1,0.75,1.0,1.0,0.125,0.012948028673835125,0.06666666666666667,0.1,0.6666666666666666,1.0,1.0,0.125,0.012948028673835125,0.06,0.1,0.6,1.0,1.0,0.125,0.012948028673835125,qwen3_06b-dj_adpt,7,webtable-v2v-v=12-distilroberta-dj_adpt~qwen3_8b-dj_adpt
pte_alcohol.pq::Arg0,0.0,0.0,1.0,0.03125,0.0,0.0,0.0,0.0,0.0,1.0,0.15625,0.0,0.0,0.0,0.1,0.03125,1.0,0.3125,1.0,0.125,0.00390625,0.06666666666666667,0.03125,1.0,0.46875,1.0,0.125,0.00390625,0.05,0.03125,1.0,0.625,1.0,0.125,0.00390625,0.04,0.03125,1.0,0.78125,1.0,0.125,0.00390625,0.03333333333333333,0.03125,1.0,0.9375,1.0,0.125,0.00390625,0.02857142857142857,0.03125,0.9142857142857143,1.0,1.0,0.125,0.00390625,0.025,0.03125,0.8,1.0,1.0,0.125,0.00390625,0.022222222222222223,0.03125,0.7111111111111111,1.0,1.0,0.125,0.00390625,0.04,0.0625,0.64,1.0,1.0,0.125,0.005264945652173913,qwen3_06b-dj_adpt,7,webtable-v2v-v=12-distilroberta-dj_adpt~qwen3_8b-dj_adpt
pte_phenol.pq::Arg0,1.0,0.03125,1.0,0.03125,1.0,1.0,0.03125,0.2,0.03125,1.0,0.15625,1.0,1.0,0.03125,0.1,0.03125,1.0,0.3125,1.0,1.0,0.03125,0.06666666666666667,0.03125,1.0,0.46875,1.0,1.0,0.03125,0.15,0.09375,1.0,0.625,1.0,1.0,0.04067095588235294,0.16,0.125,1.0,0.78125,1.0,1.0,0.046623336834733894,0.16666666666666666,0.15625,1.0,0.9375,1.0,1.0,0.05183167016806722,0.17142857142857143,0.1875,0.9142857142857143,1.0,1.0,1.0,0.05769104516806722,0.175,0.21875,0.8,1.0,1.0,1.0,0.0636032073302294,0.15555555555555556,0.21875,0.7111111111111111,1.0,1.0,1.0,0.0636032073302294,0.14,0.21875,0.64,1.0,1.0,1.0,0.0636032073302294,qwen3_06b-dj_adpt,7,webtable-v2v-v=12-distilroberta-dj_adpt~qwen3_8b-dj_adpt
pte_ester.pq::Arg0,1.0,0.03125,1.0,0.03125,1.0,1.0,0.03125,0.4,0.0625,1.0,0.15625,1.0,1.0,0.0625,0.2,0.0625,1.0,0.3125,1.0,1.0,0.0625,0.26666666666666666,0.125,1.0,0.46875,1.0,1.0,0.0780448717948718,0.3,0.1875,1.0,0.625,1.0,1.0,0.09822716346153847,0.24,0.1875,1.0,0.78125,1.0,1.0,0.09822716346153847,0.2,0.1875,1.0,0.9375,1.0,1.0,0.09822716346153847,0.17142857142857143,0.1875,0.9142857142857143,1.0,1.0,1.0,0.09822716346153847,0.15,0.1875,0.8,1.0,1.0,1.0,0.09822716346153847,0.13333333333333333,0.1875,0.7111111111111111,1.0,1.0,1.0,0.09822716346153847,0.18,0.28125,0.64,1.0,1.0,1.0,0.11382954803238808,qwen3_06b-dj_adpt,7,webtable-v2v-v=12-distilroberta-dj_adpt~qwen3_8b-dj_adpt
pte_non_ar_hetero_5_ring.pq::Arg0,1.0,0.03125,1.0,0.03125,1.0,1.0,0.03125,0.8,0.125,1.0,0.15625,1.0,1.0,0.10052083333333334,0.4,0.125,1.0,0.3125,1.0,1.0,0.10052083333333334,0.26666666666666666,0.125,1.0,0.46875,1.0,1.0,0.10052083333333334,0.2,0.125,1.0,0.625,1.0,1.0,0.10052083333333334,0.16,0.125,1.0,0.78125,1.0,1.0,0.10052083333333334,0.13333333333333333,0.125,1.0,0.9375,1.0,1.0,0.10052083333333334,0.11428571428571428,0.125,0.9142857142857143,1.0,1.0,1.0,0.10052083333333334,0.125,0.15625,0.8,1.0,1.0,1.0,0.10486111111111111,0.1111111111111111,0.15625,0.7111111111111111,1.0,1.0,1.0,0.10486111111111111,0.1,0.15625,0.64,1.0,1.0,1.0,0.10486111111111111,qwen3_06b-dj_adpt,7,webtable-v2v-v=12-distilroberta-dj_adpt~qwen3_8b-dj_adpt
population_by_country_2020.pq::CountryDependency,0.0,0.0,1.0,0.03333333333333333,0.0,0.0,0.0,0.2,0.03333333333333333,1.0,0.16666666666666666,1.0,0.5,0.016666666666666666,0.1,0.03333333333333333,1.0,0.3333333333333333,1.0,0.5,0.016666666666666666,0.06666666666666667,0.03333333333333333,1.0,0.5,1.0,0.5,0.016666666666666666,0.05,0.03333333333333333,1.0,0.6666666666666666,1.0,0.5,0.016666666666666666,0.04,0.03333333333333333,1.0,0.8333333333333334,1.0,0.5,0.016666666666666666,0.03333333333333333,0.03333333333333333,1.0,1.0,1.0,0.5,0.016666666666666666,0.02857142857142857,0.03333333333333333,0.8571428571428571,1.0,1.0,0.5,0.016666666666666666,0.025,0.03333333333333333,0.75,1.0,1.0,0.5,0.016666666666666666,0.022222222222222223,0.03333333333333333,0.6666666666666666,1.0,1.0,0.5,0.016666666666666666,0.06,0.1,0.6,1.0,1.0,0.5,0.020085106382978724,qwen3_06b-dj_adpt,7,webtable-v2v-v=12-distilroberta-dj_adpt~qwen3_8b-dj_adpt
pte_non_ar_5c_ring.pq::Arg0,1.0,0.03125,1.0,0.03125,1.0,1.0,0.03125,0.8,0.125,1.0,0.15625,1.0,1.0,0.11875,0.6,0.1875,1.0,0.3125,1.0,1.0,0.16450892857142857,0.4666666666666667,0.21875,1.0,0.46875,1.0,1.0,0.18273809523809526,0.35,0.21875,1.0,0.625,1.0,1.0,0.18273809523809526,0.32,0.25,1.0,0.78125,1.0,1.0,0.1941017316017316,0.26666666666666666,0.25,1.0,0.9375,1.0,1.0,0.1941017316017316,0.22857142857142856,0.25,0.9142857142857143,1.0,1.0,1.0,0.1941017316017316,0.2,0.25,0.8,1.0,1.0,1.0,0.1941017316017316,0.17777777777777778,0.25,0.7111111111111111,1.0,1.0,1.0,0.1941017316017316,0.18,0.28125,0.64,1.0,1.0,1.0,0.19984152752009895,qwen3_06b-dj_adpt,7,webtable-v2v-v=12-distilroberta-dj_adpt~qwen3_8b-dj_adpt
fifa_ranking.pq::country_full,1.0,0.03333333333333333,1.0,0.03333333333333333,1.0,1.0,0.03333333333333333,0.6,0.1,1.0,0.16666666666666666,1.0,1.0,0.08666666666666667,0.3,0.1,1.0,0.3333333333333333,1.0,1.0,0.08666666666666667,0.2,0.1,1.0,0.5,1.0,1.0,0.08666666666666667,0.2,0.13333333333333333,1.0,0.6666666666666666,1.0,1.0,0.09407407407407406,0.16,0.13333333333333333,1.0,0.8333333333333334,1.0,1.0,0.09407407407407406,0.16666666666666666,0.16666666666666666,1.0,1.0,1.0,1.0,0.10002645502645503,0.14285714285714285,0.16666666666666666,0.8571428571428571,1.0,1.0,1.0,0.10002645502645503,0.15,0.2,0.75,1.0,1.0,1.0,0.10528961292119186,0.15555555555555556,0.23333333333333334,0.6666666666666666,1.0,1.0,1.0,0.11071596951033916,0.14,0.23333333333333334,0.6,1.0,1.0,1.0,0.11071596951033916,qwen3_06b-dj_adpt,7,webtable-v2v-v=12-distilroberta-dj_adpt~qwen3_8b-dj_adpt
countries_of_the_world.pq::Country,1.0,0.03333333333333333,1.0,0.03333333333333333,1.0,1.0,0.03333333333333333,0.2,0.03333333333333333,1.0,0.16666666666666666,1.0,1.0,0.03333333333333333,0.1,0.03333333333333333,1.0,0.3333333333333333,1.0,1.0,0.03333333333333333,0.06666666666666667,0.03333333333333333,1.0,0.5,1.0,1.0,0.03333333333333333,0.1,0.06666666666666667,1.0,0.6666666666666666,1.0,1.0,0.03703703703703704,0.08,0.06666666666666667,1.0,0.8333333333333334,1.0,1.0,0.03703703703703704,0.06666666666666667,0.06666666666666667,1.0,1.0,1.0,1.0,0.03703703703703704,0.05714285714285714,0.06666666666666667,0.8571428571428571,1.0,1.0,1.0,0.03703703703703704,0.075,0.1,0.75,1.0,1.0,1.0,0.039601139601139604,0.06666666666666667,0.1,0.6666666666666666,1.0,1.0,1.0,0.039601139601139604,0.08,0.13333333333333333,0.6,1.0,1.0,1.0,0.042322228036513754,qwen3_06b-dj_adpt,7,webtable-v2v-v=12-distilroberta-dj_adpt~qwen3_8b-dj_adpt
pte_ketone.pq::Arg0,0.0,0.0,1.0,0.03125,0.0,0.0,0.0,0.0,0.0,1.0,0.15625,0.0,0.0,0.0,0.0,0.0,1.0,0.3125,0.0,0.0,0.0,0.0,0.0,1.0,0.46875,0.0,0.0,0.0,0.0,0.0,1.0,0.625,0.0,0.0,0.0,0.08,0.0625,1.0,0.78125,1.0,0.045454545454545456,0.0039204545454545455,0.06666666666666667,0.0625,1.0,0.9375,1.0,0.045454545454545456,0.0039204545454545455,0.11428571428571428,0.125,0.9142857142857143,1.0,1.0,0.045454545454545456,0.010638020833333334,0.125,0.15625,0.8,1.0,1.0,0.045454545454545456,0.014860993806306306,0.13333333333333333,0.1875,0.7111111111111111,1.0,1.0,0.045454545454545456,0.01932527952059202,0.12,0.1875,0.64,1.0,1.0,0.045454545454545456,0.01932527952059202,qwen3_06b-dj_adpt,7,webtable-v2v-v=12-distilroberta-dj_adpt~qwen3_8b-dj_adpt
who_suicide_statistics.pq::country,1.0,0.03333333333333333,1.0,0.03333333333333333,1.0,1.0,0.03333333333333333,0.6,0.1,1.0,0.16666666666666666,1.0,1.0,0.1,0.3,0.1,1.0,0.3333333333333333,1.0,1.0,0.1,0.26666666666666666,0.13333333333333333,1.0,0.5,1.0,1.0,0.10888888888888888,0.2,0.13333333333333333,1.0,0.6666666666666666,1.0,1.0,0.10888888888888888,0.2,0.16666666666666666,1.0,0.8333333333333334,1.0,1.0,0.11682539682539682,0.16666666666666666,0.16666666666666666,1.0,1.0,1.0,1.0,0.11682539682539682,0.14285714285714285,0.16666666666666666,0.8571428571428571,1.0,1.0,1.0,0.11682539682539682,0.125,0.16666666666666666,0.75,1.0,1.0,1.0,0.11682539682539682,0.1111111111111111,0.16666666666666666,0.6666666666666666,1.0,1.0,1.0,0.11682539682539682,0.1,0.16666666666666666,0.6,1.0,1.0,1.0,0.11682539682539682,qwen3_06b-dj_adpt,7,webtable-v2v-v=12-distilroberta-dj_adpt~qwen3_8b-dj_adpt
UKDebate.pq::country,0.0,0.0,1.0,0.03333333333333333,0.0,0.0,0.0,0.0,0.0,1.0,0.16666666666666666,0.0,0.0,0.0,0.1,0.03333333333333333,1.0,0.3333333333333333,1.0,0.125,0.004166666666666667,0.06666666666666667,0.03333333333333333,1.0,0.5,1.0,0.125,0.004166666666666667,0.05,0.03333333333333333,1.0,0.6666666666666666,1.0,0.125,0.004166666666666667,0.04,0.03333333333333333,1.0,0.8333333333333334,1.0,0.125,0.004166666666666667,0.03333333333333333,0.03333333333333333,1.0,1.0,1.0,0.125,0.004166666666666667,0.02857142857142857,0.03333333333333333,0.8571428571428571,1.0,1.0,0.125,0.004166666666666667,0.025,0.03333333333333333,0.75,1.0,1.0,0.125,0.004166666666666667,0.022222222222222223,0.03333333333333333,0.6666666666666666,1.0,1.0,0.125,0.004166666666666667,0.02,0.03333333333333333,0.6,1.0,1.0,0.125,0.004166666666666667,qwen3_06b-dj_adpt,7,webtable-v2v-v=12-distilroberta-dj_adpt~qwen3_8b-dj_adpt
World_countries_env_vars.pq::Country,1.0,0.03333333333333333,1.0,0.03333333333333333,1.0,1.0,0.03333333333333333,0.8,0.13333333333333333,1.0,0.16666666666666666,1.0,1.0,0.13333333333333333,0.4,0.13333333333333333,1.0,0.3333333333333333,1.0,1.0,0.13333333333333333,0.26666666666666666,0.13333333333333333,1.0,0.5,1.0,1.0,0.13333333333333333,0.2,0.13333333333333333,1.0,0.6666666666666666,1.0,1.0,0.13333333333333333,0.16,0.13333333333333333,1.0,0.8333333333333334,1.0,1.0,0.13333333333333333,0.13333333333333333,0.13333333333333333,1.0,1.0,1.0,1.0,0.13333333333333333,0.11428571428571428,0.13333333333333333,0.8571428571428571,1.0,1.0,1.0,0.13333333333333333,0.125,0.16666666666666666,0.75,1.0,1.0,1.0,0.13783783783783785,0.13333333333333333,0.2,0.6666666666666666,1.0,1.0,1.0,0.14259974259974262,0.12,0.2,0.6,1.0,1.0,1.0,0.14259974259974262,qwen3_06b-dj_adpt,7,webtable-v2v-v=12-distilroberta-dj_adpt~qwen3_8b-dj_adpt
USA_cars_datasets.pq::country,0.0,0.0,1.0,0.03333333333333333,0.0,0.0,0.0,0.0,0.0,1.0,0.16666666666666666,0.0,0.0,0.0,0.1,0.03333333333333333,1.0,0.3333333333333333,1.0,0.1111111111111111,0.0037037037037037034,0.06666666666666667,0.03333333333333333,1.0,0.5,1.0,0.1111111111111111,0.0037037037037037034,0.05,0.03333333333333333,1.0,0.6666666666666666,1.0,0.1111111111111111,0.0037037037037037034,0.04,0.03333333333333333,1.0,0.8333333333333334,1.0,0.1111111111111111,0.0037037037037037034,0.03333333333333333,0.03333333333333333,1.0,1.0,1.0,0.1111111111111111,0.0037037037037037034,0.02857142857142857,0.03333333333333333,0.8571428571428571,1.0,1.0,0.1111111111111111,0.0037037037037037034,0.025,0.03333333333333333,0.75,1.0,1.0,0.1111111111111111,0.0037037037037037034,0.022222222222222223,0.03333333333333333,0.6666666666666666,1.0,1.0,0.1111111111111111,0.0037037037037037034,0.02,0.03333333333333333,0.6,1.0,1.0,0.1111111111111111,0.0037037037037037034,qwen3_06b-dj_adpt,7,webtable-v2v-v=12-distilroberta-dj_adpt~qwen3_8b-dj_adpt
netflix_titles.pq::country,0.0,0.0,1.0,0.03333333333333333,0.0,0.0,0.0,0.2,0.03333333333333333,1.0,0.16666666666666666,1.0,0.25,0.008333333333333333,0.1,0.03333333333333333,1.0,0.3333333333333333,1.0,0.25,0.008333333333333333,0.13333333333333333,0.06666666666666667,1.0,0.5,1.0,0.25,0.012777777777777777,0.1,0.06666666666666667,1.0,0.6666666666666666,1.0,0.25,0.012777777777777777,0.12,0.1,1.0,0.8333333333333334,1.0,0.25,0.016944444444444443,0.1,0.1,1.0,1.0,1.0,0.25,0.016944444444444443,0.11428571428571428,0.13333333333333333,0.8571428571428571,1.0,1.0,0.25,0.020753968253968254,0.125,0.16666666666666666,0.75,1.0,1.0,0.25,0.025027472527472526,0.13333333333333333,0.2,0.6666666666666666,1.0,1.0,0.25,0.029678635318170204,0.12,0.2,0.6,1.0,1.0,0.25,0.029678635318170204,qwen3_06b-dj_adpt,7,webtable-v2v-v=12-distilroberta-dj_adpt~qwen3_8b-dj_adpt
pte_ames.pq::Arg0,1.0,0.03125,1.0,0.03125,1.0,1.0,0.03125,0.2,0.03125,1.0,0.15625,1.0,1.0,0.03125,0.1,0.03125,1.0,0.3125,1.0,1.0,0.03125,0.06666666666666667,0.03125,1.0,0.46875,1.0,1.0,0.03125,0.1,0.0625,1.0,0.625,1.0,1.0,0.034926470588235295,0.12,0.09375,1.0,0.78125,1.0,1.0,0.038832720588235295,0.1,0.09375,1.0,0.9375,1.0,1.0,0.038832720588235295,0.11428571428571428,0.125,0.9142857142857143,1.0,1.0,1.0,0.04262059937611408,0.125,0.15625,0.8,1.0,1.0,1.0,0.04684357234908706,0.15555555555555556,0.21875,0.7111111111111111,1.0,1.0,1.0,0.056395067365698354,0.16,0.25,0.64,1.0,1.0,1.0,0.061829849974394,qwen3_06b-dj_adpt,7,webtable-v2v-v=12-distilroberta-dj_adpt~qwen3_8b-dj_adpt
movie_metadata.pq::country,0.0,0.0,1.0,0.03333333333333333,0.0,0.0,0.0,0.0,0.0,1.0,0.16666666666666666,0.0,0.0,0.0,0.0,0.0,1.0,0.3333333333333333,0.0,0.0,0.0,0.0,0.0,1.0,0.5,0.0,0.0,0.0,0.0,0.0,1.0,0.6666666666666666,0.0,0.0,0.0,0.0,0.0,1.0,0.8333333333333334,0.0,0.0,0.0,0.0,0.0,1.0,1.0,0.0,0.0,0.0,0.02857142857142857,0.03333333333333333,0.8571428571428571,1.0,1.0,0.029411764705882353,0.000980392156862745,0.025,0.03333333333333333,0.75,1.0,1.0,0.029411764705882353,0.000980392156862745,0.022222222222222223,0.03333333333333333,0.6666666666666666,1.0,1.0,0.029411764705882353,0.000980392156862745,0.02,0.03333333333333333,0.6,1.0,1.0,0.029411764705882353,0.000980392156862745,qwen3_06b-dj_adpt,7,webtable-v2v-v=12-distilroberta-dj_adpt~qwen3_8b-dj_adpt
world_country.pq::LocalName,1.0,0.034482758620689655,1.0,0.034482758620689655,1.0,1.0,0.034482758620689655,0.6,0.10344827586206896,1.0,0.1724137931034483,1.0,1.0,0.08333333333333333,0.3,0.10344827586206896,1.0,0.3448275862068966,1.0,1.0,0.08333333333333333,0.2,0.10344827586206896,1.0,0.5172413793103449,1.0,1.0,0.08333333333333333,0.15,0.10344827586206896,1.0,0.6896551724137931,1.0,1.0,0.08333333333333333,0.12,0.10344827586206896,1.0,0.8620689655172413,1.0,1.0,0.08333333333333333,0.13333333333333333,0.13793103448275862,0.9666666666666667,1.0,1.0,1.0,0.08825944170771756,0.11428571428571428,0.13793103448275862,0.8285714285714286,1.0,1.0,1.0,0.08825944170771756,0.1,0.13793103448275862,0.725,1.0,1.0,1.0,0.08825944170771756,0.08888888888888889,0.13793103448275862,0.6444444444444445,1.0,1.0,1.0,0.08825944170771756,0.08,0.13793103448275862,0.58,1.0,1.0,1.0,0.08825944170771756,qwen3_06b-dj_adpt,7,webtable-v2v-v=12-distilroberta-dj_adpt~qwen3_8b-dj_adpt
countries_metadatacountries.pq::CountryName,1.0,0.03333333333333333,1.0,0.03333333333333333,1.0,1.0,0.03333333333333333,0.4,0.06666666666666667,1.0,0.16666666666666666,1.0,1.0,0.06666666666666667,0.2,0.06666666666666667,1.0,0.3333333333333333,1.0,1.0,0.06666666666666667,0.2,0.1,1.0,0.5,1.0,1.0,0.07435897435897436,0.15,0.1,1.0,0.6666666666666666,1.0,1.0,0.07435897435897436,0.12,0.1,1.0,0.8333333333333334,1.0,1.0,0.07435897435897436,0.1,0.1,1.0,1.0,1.0,1.0,0.07435897435897436,0.08571428571428572,0.1,0.8571428571428571,1.0,1.0,1.0,0.07435897435897436,0.075,0.1,0.75,1.0,1.0,1.0,0.07435897435897436,0.06666666666666667,0.1,0.6666666666666666,1.0,1.0,1.0,0.07435897435897436,0.06,0.1,0.6,1.0,1.0,1.0,0.07435897435897436,qwen3_06b-dj_adpt,7,webtable-v2v-v=12-distilroberta-dj_adpt~qwen3_8b-dj_adpt
pte_postestactive_neg.pq::Arg0,1.0,0.03125,1.0,0.03125,1.0,1.0,0.03125,0.4,0.0625,1.0,0.15625,1.0,1.0,0.0625,0.3,0.09375,1.0,0.3125,1.0,1.0,0.07421875,0.3333333333333333,0.15625,1.0,0.46875,1.0,1.0,0.0935639880952381,0.25,0.15625,1.0,0.625,1.0,1.0,0.0935639880952381,0.24,0.1875,1.0,0.78125,1.0,1.0,0.10249255952380952,0.23333333333333334,0.21875,1.0,0.9375,1.0,1.0,0.11003566297208539,0.22857142857142856,0.25,0.9142857142857143,1.0,1.0,1.0,0.11784816297208539,0.2,0.25,0.8,1.0,1.0,1.0,0.11784816297208539,0.17777777777777778,0.25,0.7111111111111111,1.0,1.0,1.0,0.11784816297208539,0.16,0.25,0.64,1.0,1.0,1.0,0.11784816297208539,qwen3_06b-dj_adpt,7,webtable-v2v-v=12-distilroberta-dj_adpt~qwen3_8b-dj_adpt
pte_alkyl_halide.pq::Arg0,1.0,0.03125,1.0,0.03125,1.0,1.0,0.03125,0.6,0.09375,1.0,0.15625,1.0,1.0,0.0859375,0.4,0.125,1.0,0.3125,1.0,1.0,0.1015625,0.26666666666666666,0.125,1.0,0.46875,1.0,1.0,0.1015625,0.25,0.15625,1.0,0.625,1.0,1.0,0.10978618421052631,0.24,0.1875,1.0,0.78125,1.0,1.0,0.11793835812356979,0.23333333333333334,0.21875,1.0,0.9375,1.0,1.0,0.1257508581235698,0.22857142857142856,0.25,0.9142857142857143,1.0,1.0,1.0,0.13332661569932736,0.2,0.25,0.8,1.0,1.0,1.0,0.13332661569932736,0.17777777777777778,0.25,0.7111111111111111,1.0,1.0,1.0,0.13332661569932736,0.16,0.25,0.64,1.0,1.0,1.0,0.13332661569932736,qwen3_06b-dj_adpt,7,webtable-v2v-v=12-distilroberta-dj_adpt~qwen3_8b-dj_adpt
pte_testactive.pq::Arg0,1.0,0.03125,1.0,0.03125,1.0,1.0,0.03125,0.2,0.03125,1.0,0.15625,1.0,1.0,0.03125,0.1,0.03125,1.0,0.3125,1.0,1.0,0.03125,0.13333333333333333,0.0625,1.0,0.46875,1.0,1.0,0.036931818181818184,0.15,0.09375,1.0,0.625,1.0,1.0,0.042446524064171126,0.12,0.09375,1.0,0.78125,1.0,1.0,0.042446524064171126,0.1,0.09375,1.0,0.9375,1.0,1.0,0.042446524064171126,0.11428571428571428,0.125,0.9142857142857143,1.0,1.0,1.0,0.04647878212868725,0.125,0.15625,0.8,1.0,1.0,1.0,0.05059062423395041,0.15555555555555556,0.21875,0.7111111111111111,1.0,1.0,1.0,0.06002490607676884,0.18,0.28125,0.64,1.0,1.0,1.0,0.0710838509313064,qwen3_06b-dj_adpt,7,webtable-v2v-v=12-distilroberta-dj_adpt~qwen3_8b-dj_adpt
hfi_cc_2018.pq::countries,0.0,0.0,1.0,0.03333333333333333,0.0,0.0,0.0,0.2,0.03333333333333333,1.0,0.16666666666666666,1.0,0.5,0.016666666666666666,0.3,0.1,1.0,0.3333333333333333,1.0,0.5,0.03777777777777778,0.26666666666666666,0.13333333333333333,1.0,0.5,1.0,0.5,0.04803418803418803,0.25,0.16666666666666666,1.0,0.6666666666666666,1.0,0.5,0.056806117858749436,0.24,0.2,1.0,0.8333333333333334,1.0,0.5,0.06589702694965853,0.2,0.2,1.0,1.0,1.0,0.5,0.06589702694965853,0.17142857142857143,0.2,0.8571428571428571,1.0,1.0,0.5,0.06589702694965853,0.175,0.23333333333333334,0.75,1.0,1.0,0.5,0.07187993293256452,0.15555555555555556,0.23333333333333334,0.6666666666666666,1.0,1.0,0.5,0.07187993293256452,0.14,0.23333333333333334,0.6,1.0,1.0,0.5,0.07187993293256452,qwen3_06b-dj_adpt,7,webtable-v2v-v=12-distilroberta-dj_adpt~qwen3_8b-dj_adpt
wikipedia-iso-country-codes.pq::English_short_name_lower_case,0.0,0.0,1.0,0.03333333333333333,0.0,0.0,0.0,0.2,0.03333333333333333,1.0,0.16666666666666666,1.0,0.5,0.016666666666666666,0.1,0.03333333333333333,1.0,0.3333333333333333,1.0,0.5,0.016666666666666666,0.06666666666666667,0.03333333333333333,1.0,0.5,1.0,0.5,0.016666666666666666,0.05,0.03333333333333333,1.0,0.6666666666666666,1.0,0.5,0.016666666666666666,0.04,0.03333333333333333,1.0,0.8333333333333334,1.0,0.5,0.016666666666666666,0.03333333333333333,0.03333333333333333,1.0,1.0,1.0,0.5,0.016666666666666666,0.05714285714285714,0.06666666666666667,0.8571428571428571,1.0,1.0,0.5,0.01875,0.075,0.1,0.75,1.0,1.0,0.5,0.021527777777777778,0.08888888888888889,0.13333333333333333,0.6666666666666666,1.0,1.0,0.5,0.024779810298102983,0.08,0.13333333333333333,0.6,1.0,1.0,0.5,0.024779810298102983,qwen3_06b-dj_adpt,7,webtable-v2v-v=12-distilroberta-dj_adpt~qwen3_8b-dj_adpt
affirmative_asylum.pq::ContinentCountryofNationality,0.0,0.0,1.0,0.03125,0.0,0.0,0.0,0.2,0.03125,1.0,0.15625,1.0,0.2,0.00625,0.2,0.0625,1.0,0.3125,1.0,0.2,0.0140625,0.13333333333333333,0.0625,1.0,0.46875,1.0,0.2,0.0140625,0.1,0.0625,1.0,0.625,1.0,0.2,0.0140625,0.08,0.0625,1.0,0.78125,1.0,0.2,0.0140625,0.06666666666666667,0.0625,1.0,0.9375,1.0,0.2,0.0140625,0.08571428571428572,0.09375,0.9142857142857143,1.0,1.0,0.2,0.01690340909090909,0.075,0.09375,0.8,1.0,1.0,0.2,0.01690340909090909,0.06666666666666667,0.09375,0.7111111111111111,1.0,1.0,0.2,0.01690340909090909,0.06,0.09375,0.64,1.0,1.0,0.2,0.01690340909090909,qwen3_06b-dj_adpt,7,webtable-v2v-v=12-distilroberta-dj_adpt~qwen3_8b-dj_adpt
countries_and_continents.pq::name,0.0,0.0,1.0,0.037037037037037035,0.0,0.0,0.0,0.0,0.0,1.0,0.18518518518518517,0.0,0.0,0.0,0.0,0.0,1.0,0.37037037037037035,0.0,0.0,0.0,0.0,0.0,1.0,0.5555555555555556,0.0,0.0,0.0,0.0,0.0,1.0,0.7407407407407407,0.0,0.0,0.0,0.0,0.0,1.0,0.9259259259259259,0.0,0.0,0.0,0.03333333333333333,0.037037037037037035,0.9,1.0,1.0,0.03571428571428571,0.0013227513227513227,0.05714285714285714,0.07407407407407407,0.7714285714285715,1.0,1.0,0.03571428571428571,0.0035014005602240893,0.05,0.07407407407407407,0.675,1.0,1.0,0.03571428571428571,0.0035014005602240893,0.044444444444444446,0.07407407407407407,0.6,1.0,1.0,0.03571428571428571,0.0035014005602240893,0.04,0.07407407407407407,0.54,1.0,1.0,0.03571428571428571,0.0035014005602240893,qwen3_06b-dj_adpt,7,webtable-v2v-v=12-distilroberta-dj_adpt~qwen3_8b-dj_adpt
pte_postestactive.pq::Arg0,1.0,0.03125,1.0,0.03125,1.0,1.0,0.03125,0.6,0.09375,1.0,0.15625,1.0,1.0,0.09375,0.4,0.125,1.0,0.3125,1.0,1.0,0.11160714285714285,0.26666666666666666,0.125,1.0,0.46875,1.0,1.0,0.11160714285714285,0.25,0.15625,1.0,0.625,1.0,1.0,0.12137276785714285,0.2,0.15625,1.0,0.78125,1.0,1.0,0.12137276785714285,0.23333333333333334,0.21875,1.0,0.9375,1.0,1.0,0.13612740976695717,0.2,0.21875,0.9142857142857143,1.0,1.0,1.0,0.13612740976695717,0.175,0.21875,0.8,1.0,1.0,1.0,0.13612740976695717,0.15555555555555556,0.21875,0.7111111111111111,1.0,1.0,1.0,0.13612740976695717,0.16,0.25,0.64,1.0,1.0,1.0,0.14156219237565285,qwen3_06b-dj_adpt,7,webtable-v2v-v=12-distilroberta-dj_adpt~qwen3_8b-dj_adpt
pte_five_ring.pq::Arg0,1.0,0.03125,1.0,0.03125,1.0,1.0,0.03125,0.8,0.125,1.0,0.15625,1.0,1.0,0.1109375,0.5,0.15625,1.0,0.3125,1.0,1.0,0.1265625,0.4666666666666667,0.21875,1.0,0.46875,1.0,1.0,0.1581912878787879,0.35,0.21875,1.0,0.625,1.0,1.0,0.1581912878787879,0.28,0.21875,1.0,0.78125,1.0,1.0,0.1581912878787879,0.26666666666666666,0.25,1.0,0.9375,1.0,1.0,0.1668119775339603,0.22857142857142856,0.25,0.9142857142857143,1.0,1.0,1.0,0.1668119775339603,0.2,0.25,0.8,1.0,1.0,1.0,0.1668119775339603,0.17777777777777778,0.25,0.7111111111111111,1.0,1.0,1.0,0.1668119775339603,0.16,0.25,0.64,1.0,1.0,1.0,0.1668119775339603,qwen3_06b-dj_adpt,7,webtable-v2v-v=12-distilroberta-dj_adpt~qwen3_8b-dj_adpt
MoviesOnStreamingPlatforms_updated.pq::Country,0.0,0.0,1.0,0.03333333333333333,0.0,0.0,0.0,0.4,0.06666666666666667,1.0,0.16666666666666666,1.0,0.3333333333333333,0.024444444444444446,0.2,0.06666666666666667,1.0,0.3333333333333333,1.0,0.3333333333333333,0.024444444444444446,0.2,0.1,1.0,0.5,1.0,0.3333333333333333,0.03158730158730159,0.15,0.1,1.0,0.6666666666666666,1.0,0.3333333333333333,0.03158730158730159,0.12,0.1,1.0,0.8333333333333334,1.0,0.3333333333333333,0.03158730158730159,0.1,0.1,1.0,1.0,1.0,0.3333333333333333,0.03158730158730159,0.11428571428571428,0.13333333333333333,0.8571428571428571,1.0,1.0,0.3333333333333333,0.035888376856118794,0.1,0.13333333333333333,0.75,1.0,1.0,0.3333333333333333,0.035888376856118794,0.08888888888888889,0.13333333333333333,0.6666666666666666,1.0,1.0,0.3333333333333333,0.035888376856118794,0.08,0.13333333333333333,0.6,1.0,1.0,0.3333333333333333,0.035888376856118794,qwen3_06b-dj_adpt,7,webtable-v2v-v=12-distilroberta-dj_adpt~qwen3_8b-dj_adpt
pte_amine.pq::Arg0,0.0,0.0,1.0,0.03125,0.0,0.0,0.0,0.0,0.0,1.0,0.15625,0.0,0.0,0.0,0.1,0.03125,1.0,0.3125,1.0,0.16666666666666666,0.005208333333333333,0.13333333333333333,0.0625,1.0,0.46875,1.0,0.16666666666666666,0.010890151515151516,0.1,0.0625,1.0,0.625,1.0,0.16666666666666666,0.010890151515151516,0.12,0.09375,1.0,0.78125,1.0,0.16666666666666666,0.014640151515151516,0.1,0.09375,1.0,0.9375,1.0,0.16666666666666666,0.014640151515151516,0.08571428571428572,0.09375,0.9142857142857143,1.0,1.0,0.16666666666666666,0.014640151515151516,0.075,0.09375,0.8,1.0,1.0,0.16666666666666666,0.014640151515151516,0.08888888888888889,0.125,0.7111111111111111,1.0,1.0,0.16666666666666666,0.017616341991341992,0.08,0.125,0.64,1.0,1.0,0.16666666666666666,0.017616341991341992,qwen3_06b-dj_adpt,7,webtable-v2v-v=12-distilroberta-dj_adpt~qwen3_8b-dj_adpt
AdventureWorks2014_salesTerritory.pq::Name,0.0,0.0,1.0,0.03333333333333333,0.0,0.0,0.0,0.0,0.0,1.0,0.16666666666666666,0.0,0.0,0.0,0.0,0.0,1.0,0.3333333333333333,0.0,0.0,0.0,0.0,0.0,1.0,0.5,0.0,0.0,0.0,0.05,0.03333333333333333,1.0,0.6666666666666666,1.0,0.05263157894736842,0.0017543859649122805,0.04,0.03333333333333333,1.0,0.8333333333333334,1.0,0.05263157894736842,0.0017543859649122805,0.03333333333333333,0.03333333333333333,1.0,1.0,1.0,0.05263157894736842,0.0017543859649122805,0.02857142857142857,0.03333333333333333,0.8571428571428571,1.0,1.0,0.05263157894736842,0.0017543859649122805,0.025,0.03333333333333333,0.75,1.0,1.0,0.05263157894736842,0.0017543859649122805,0.022222222222222223,0.03333333333333333,0.6666666666666666,1.0,1.0,0.05263157894736842,0.0017543859649122805,0.04,0.06666666666666667,0.6,1.0,1.0,0.05263157894736842,0.003114930182599355,qwen3_06b-dj_adpt,7,webtable-v2v-v=12-distilroberta-dj_adpt~qwen3_8b-dj_adpt
whr2015.pq::Country,1.0,0.03333333333333333,1.0,0.03333333333333333,1.0,1.0,0.03333333333333333,0.8,0.13333333333333333,1.0,0.16666666666666666,1.0,1.0,0.13333333333333333,0.4,0.13333333333333333,1.0,0.3333333333333333,1.0,1.0,0.13333333333333333,0.26666666666666666,0.13333333333333333,1.0,0.5,1.0,1.0,0.13333333333333333,0.2,0.13333333333333333,1.0,0.6666666666666666,1.0,1.0,0.13333333333333333,0.16,0.13333333333333333,1.0,0.8333333333333334,1.0,1.0,0.13333333333333333,0.13333333333333333,0.13333333333333333,1.0,1.0,1.0,1.0,0.13333333333333333,0.11428571428571428,0.13333333333333333,0.8571428571428571,1.0,1.0,1.0,0.13333333333333333,0.125,0.16666666666666666,0.75,1.0,1.0,1.0,0.13771929824561405,0.1111111111111111,0.16666666666666666,0.6666666666666666,1.0,1.0,1.0,0.13771929824561405,0.12,0.2,0.6,1.0,1.0,1.0,0.14180093089867526,qwen3_06b-dj_adpt,7,webtable-v2v-v=12-distilroberta-dj_adpt~qwen3_8b-dj_adpt
countries_and_continents.pq::official_name_fr,1.0,0.037037037037037035,1.0,0.037037037037037035,1.0,1.0,0.037037037037037035,0.2,0.037037037037037035,1.0,0.18518518518518517,1.0,1.0,0.037037037037037035,0.1,0.037037037037037035,1.0,0.37037037037037035,1.0,1.0,0.037037037037037035,0.06666666666666667,0.037037037037037035,1.0,0.5555555555555556,1.0,1.0,0.037037037037037035,0.05,0.037037037037037035,1.0,0.7407407407407407,1.0,1.0,0.037037037037037035,0.08,0.07407407407407407,1.0,0.9259259259259259,1.0,1.0,0.040564373897707236,0.06666666666666667,0.07407407407407407,0.9,1.0,1.0,1.0,0.040564373897707236,0.05714285714285714,0.07407407407407407,0.7714285714285715,1.0,1.0,1.0,0.040564373897707236,0.05,0.07407407407407407,0.675,1.0,1.0,1.0,0.040564373897707236,0.044444444444444446,0.07407407407407407,0.6,1.0,1.0,1.0,0.040564373897707236,0.04,0.07407407407407407,0.54,1.0,1.0,1.0,0.040564373897707236,qwen3_06b-dj_adpt,7,webtable-v2v-v=12-distilroberta-dj_adpt~qwen3_8b-dj_adpt
pte_has_property.pq::Arg0,1.0,0.03125,1.0,0.03125,1.0,1.0,0.03125,0.4,0.0625,1.0,0.15625,1.0,1.0,0.0625,0.4,0.125,1.0,0.3125,1.0,1.0,0.08839285714285715,0.26666666666666666,0.125,1.0,0.46875,1.0,1.0,0.08839285714285715,0.2,0.125,1.0,0.625,1.0,1.0,0.08839285714285715,0.16,0.125,1.0,0.78125,1.0,1.0,0.08839285714285715,0.13333333333333333,0.125,1.0,0.9375,1.0,1.0,0.08839285714285715,0.11428571428571428,0.125,0.9142857142857143,1.0,1.0,1.0,0.08839285714285715,0.1,0.125,0.8,1.0,1.0,1.0,0.08839285714285715,0.08888888888888889,0.125,0.7111111111111111,1.0,1.0,1.0,0.08839285714285715,0.08,0.125,0.64,1.0,1.0,1.0,0.08839285714285715,qwen3_06b-dj_adpt,7,webtable-v2v-v=12-distilroberta-dj_adpt~qwen3_8b-dj_adpt
cwurData.pq::country,0.0,0.0,1.0,0.03333333333333333,0.0,0.0,0.0,0.4,0.06666666666666667,1.0,0.16666666666666666,1.0,0.25,0.021666666666666667,0.2,0.06666666666666667,1.0,0.3333333333333333,1.0,0.25,0.021666666666666667,0.13333333333333333,0.06666666666666667,1.0,0.5,1.0,0.25,0.021666666666666667,0.1,0.06666666666666667,1.0,0.6666666666666666,1.0,0.25,0.021666666666666667,0.08,0.06666666666666667,1.0,0.8333333333333334,1.0,0.25,0.021666666666666667,0.06666666666666667,0.06666666666666667,1.0,1.0,1.0,0.25,0.021666666666666667,0.05714285714285714,0.06666666666666667,0.8571428571428571,1.0,1.0,0.25,0.021666666666666667,0.05,0.06666666666666667,0.75,1.0,1.0,0.25,0.021666666666666667,0.06666666666666667,0.1,0.6666666666666666,1.0,1.0,0.25,0.02393939393939394,0.06,0.1,0.6,1.0,1.0,0.25,0.02393939393939394,qwen3_4b-dj_adpt,8,webtable-v2v-v=12-distilroberta-dj_adpt~qwen3_8b-dj_adpt
countries_and_continents.pq::ISO4217-currency_country_name,0.0,0.0,1.0,0.037037037037037035,0.0,0.0,0.0,0.0,0.0,1.0,0.18518518518518517,0.0,0.0,0.0,0.0,0.0,1.0,0.37037037037037035,0.0,0.0,0.0,0.0,0.0,1.0,0.5555555555555556,0.0,0.0,0.0,0.1,0.07407407407407407,1.0,0.7407407407407407,1.0,0.05555555555555555,0.005956248646307126,0.12,0.1111111111111111,1.0,0.9259259259259259,1.0,0.05555555555555555,0.01040069309075157,0.1,0.1111111111111111,0.9,1.0,1.0,0.05555555555555555,0.01040069309075157,0.08571428571428572,0.1111111111111111,0.7714285714285715,1.0,1.0,0.05555555555555555,0.01040069309075157,0.075,0.1111111111111111,0.675,1.0,1.0,0.05555555555555555,0.01040069309075157,0.08888888888888889,0.14814814814814814,0.6,1.0,1.0,0.05555555555555555,0.014014062557779573,0.08,0.14814814814814814,0.54,1.0,1.0,0.05555555555555555,0.014014062557779573,qwen3_4b-dj_adpt,8,webtable-v2v-v=12-distilroberta-dj_adpt~qwen3_8b-dj_adpt
pte_imine.pq::Arg0,0.0,0.0,1.0,0.03125,0.0,0.0,0.0,0.2,0.03125,1.0,0.15625,1.0,0.5,0.015625,0.2,0.0625,1.0,0.3125,1.0,0.5,0.022569444444444444,0.13333333333333333,0.0625,1.0,0.46875,1.0,0.5,0.022569444444444444,0.1,0.0625,1.0,0.625,1.0,0.5,0.022569444444444444,0.08,0.0625,1.0,0.78125,1.0,0.5,0.022569444444444444,0.06666666666666667,0.0625,1.0,0.9375,1.0,0.5,0.022569444444444444,0.08571428571428572,0.09375,0.9142857142857143,1.0,1.0,0.5,0.025248015873015874,0.075,0.09375,0.8,1.0,1.0,0.5,0.025248015873015874,0.06666666666666667,0.09375,0.7111111111111111,1.0,1.0,0.5,0.025248015873015874,0.06,0.09375,0.64,1.0,1.0,0.5,0.025248015873015874,qwen3_4b-dj_adpt,8,webtable-v2v-v=12-distilroberta-dj_adpt~qwen3_8b-dj_adpt
countries_and_continents.pq::official_name_en,0.0,0.0,1.0,0.037037037037037035,0.0,0.0,0.0,0.0,0.0,1.0,0.18518518518518517,0.0,0.0,0.0,0.0,0.0,1.0,0.37037037037037035,0.0,0.0,0.0,0.06666666666666667,0.037037037037037035,1.0,0.5555555555555556,1.0,0.07142857142857142,0.0026455026455026454,0.05,0.037037037037037035,1.0,0.7407407407407407,1.0,0.07142857142857142,0.0026455026455026454,0.04,0.037037037037037035,1.0,0.9259259259259259,1.0,0.07142857142857142,0.0026455026455026454,0.03333333333333333,0.037037037037037035,0.9,1.0,1.0,0.07142857142857142,0.0026455026455026454,0.02857142857142857,0.037037037037037035,0.7714285714285715,1.0,1.0,0.07142857142857142,0.0026455026455026454,0.025,0.037037037037037035,0.675,1.0,1.0,0.07142857142857142,0.0026455026455026454,0.022222222222222223,0.037037037037037035,0.6,1.0,1.0,0.07142857142857142,0.0026455026455026454,0.02,0.037037037037037035,0.54,1.0,1.0,0.07142857142857142,0.0026455026455026454,qwen3_4b-dj_adpt,8,webtable-v2v-v=12-distilroberta-dj_adpt~qwen3_8b-dj_adpt
world_country.pq::Name,0.0,0.0,1.0,0.034482758620689655,0.0,0.0,0.0,0.2,0.034482758620689655,1.0,0.1724137931034483,1.0,0.5,0.017241379310344827,0.2,0.06896551724137931,1.0,0.3448275862068966,1.0,0.5,0.02586206896551724,0.26666666666666666,0.13793103448275862,1.0,0.5172413793103449,1.0,0.5,0.046760710553814,0.2,0.13793103448275862,1.0,0.6896551724137931,1.0,0.5,0.046760710553814,0.16,0.13793103448275862,1.0,0.8620689655172413,1.0,0.5,0.046760710553814,0.13333333333333333,0.13793103448275862,0.9666666666666667,1.0,1.0,0.5,0.046760710553814,0.11428571428571428,0.13793103448275862,0.8285714285714286,1.0,1.0,0.5,0.046760710553814,0.1,0.13793103448275862,0.725,1.0,1.0,0.5,0.046760710553814,0.08888888888888889,0.13793103448275862,0.6444444444444445,1.0,1.0,0.5,0.046760710553814,0.08,0.13793103448275862,0.58,1.0,1.0,0.5,0.046760710553814,qwen3_4b-dj_adpt,8,webtable-v2v-v=12-distilroberta-dj_adpt~qwen3_8b-dj_adpt
pte_nitro.pq::Arg0,1.0,0.03125,1.0,0.03125,1.0,1.0,0.03125,0.8,0.125,1.0,0.15625,1.0,1.0,0.11875,0.5,0.15625,1.0,0.3125,1.0,1.0,0.14479166666666668,0.4,0.1875,1.0,0.46875,1.0,1.0,0.15729166666666666,0.3,0.1875,1.0,0.625,1.0,1.0,0.15729166666666666,0.24,0.1875,1.0,0.78125,1.0,1.0,0.15729166666666666,0.23333333333333334,0.21875,1.0,0.9375,1.0,1.0,0.16458333333333333,0.2,0.21875,0.9142857142857143,1.0,1.0,1.0,0.16458333333333333,0.2,0.25,0.8,1.0,1.0,1.0,0.17152777777777778,0.17777777777777778,0.25,0.7111111111111111,1.0,1.0,1.0,0.17152777777777778,0.16,0.25,0.64,1.0,1.0,1.0,0.17152777777777778,qwen3_4b-dj_adpt,8,webtable-v2v-v=12-distilroberta-dj_adpt~qwen3_8b-dj_adpt
pte_sulfide.pq::Arg0,1.0,0.03125,1.0,0.03125,1.0,1.0,0.03125,0.2,0.03125,1.0,0.15625,1.0,1.0,0.03125,0.1,0.03125,1.0,0.3125,1.0,1.0,0.03125,0.13333333333333333,0.0625,1.0,0.46875,1.0,1.0,0.035416666666666666,0.1,0.0625,1.0,0.625,1.0,1.0,0.035416666666666666,0.08,0.0625,1.0,0.78125,1.0,1.0,0.035416666666666666,0.06666666666666667,0.0625,1.0,0.9375,1.0,1.0,0.035416666666666666,0.08571428571428572,0.09375,0.9142857142857143,1.0,1.0,1.0,0.0380952380952381,0.1,0.125,0.8,1.0,1.0,1.0,0.04138471177944862,0.1111111111111111,0.15625,0.7111111111111111,1.0,1.0,1.0,0.04510494987468672,0.1,0.15625,0.64,1.0,1.0,1.0,0.04510494987468672,qwen3_4b-dj_adpt,8,webtable-v2v-v=12-distilroberta-dj_adpt~qwen3_8b-dj_adpt
pte_non_ar_hetero_6_ring.pq::Arg0,1.0,0.03125,1.0,0.03125,1.0,1.0,0.03125,0.6,0.09375,1.0,0.15625,1.0,1.0,0.07552083333333333,0.4,0.125,1.0,0.3125,1.0,1.0,0.09635416666666666,0.3333333333333333,0.15625,1.0,0.46875,1.0,1.0,0.109375,0.3,0.1875,1.0,0.625,1.0,1.0,0.11979166666666666,0.24,0.1875,1.0,0.78125,1.0,1.0,0.11979166666666666,0.2,0.1875,1.0,0.9375,1.0,1.0,0.11979166666666666,0.17142857142857143,0.1875,0.9142857142857143,1.0,1.0,1.0,0.11979166666666666,0.15,0.1875,0.8,1.0,1.0,1.0,0.11979166666666666,0.15555555555555556,0.21875,0.7111111111111111,1.0,1.0,1.0,0.12465277777777778,0.16,0.25,0.64,1.0,1.0,1.0,0.12965277777777778,qwen3_4b-dj_adpt,8,webtable-v2v-v=12-distilroberta-dj_adpt~qwen3_8b-dj_adpt
Word_University_Rank_2020.pq::Country,1.0,0.03333333333333333,1.0,0.03333333333333333,1.0,1.0,0.03333333333333333,0.8,0.13333333333333333,1.0,0.16666666666666666,1.0,1.0,0.13333333333333333,0.4,0.13333333333333333,1.0,0.3333333333333333,1.0,1.0,0.13333333333333333,0.3333333333333333,0.16666666666666666,1.0,0.5,1.0,1.0,0.14523809523809522,0.3,0.2,1.0,0.6666666666666666,1.0,1.0,0.15773809523809523,0.28,0.23333333333333334,1.0,0.8333333333333334,1.0,1.0,0.16834415584415582,0.26666666666666666,0.26666666666666666,1.0,1.0,1.0,1.0,0.17753955814300643,0.22857142857142856,0.26666666666666666,0.8571428571428571,1.0,1.0,1.0,0.17753955814300643,0.2,0.26666666666666666,0.75,1.0,1.0,1.0,0.17753955814300643,0.17777777777777778,0.26666666666666666,0.6666666666666666,1.0,1.0,1.0,0.17753955814300643,0.18,0.3,0.6,1.0,1.0,1.0,0.18353955814300643,qwen3_4b-dj_adpt,8,webtable-v2v-v=12-distilroberta-dj_adpt~qwen3_8b-dj_adpt
gender_development.pq::Country,1.0,0.03333333333333333,1.0,0.03333333333333333,1.0,1.0,0.03333333333333333,0.4,0.06666666666666667,1.0,0.16666666666666666,1.0,1.0,0.05,0.2,0.06666666666666667,1.0,0.3333333333333333,1.0,1.0,0.05,0.2,0.1,1.0,0.5,1.0,1.0,0.05714285714285714,0.15,0.1,1.0,0.6666666666666666,1.0,1.0,0.05714285714285714,0.2,0.16666666666666666,1.0,0.8333333333333334,1.0,1.0,0.0707384403036577,0.16666666666666666,0.16666666666666666,1.0,1.0,1.0,1.0,0.0707384403036577,0.14285714285714285,0.16666666666666666,0.8571428571428571,1.0,1.0,1.0,0.0707384403036577,0.125,0.16666666666666666,0.75,1.0,1.0,1.0,0.0707384403036577,0.13333333333333333,0.2,0.6666666666666666,1.0,1.0,1.0,0.07550034506556245,0.12,0.2,0.6,1.0,1.0,1.0,0.07550034506556245,qwen3_4b-dj_adpt,8,webtable-v2v-v=12-distilroberta-dj_adpt~qwen3_8b-dj_adpt
pte_testactive_Neg.pq::Arg0,1.0,0.03125,1.0,0.03125,1.0,1.0,0.03125,0.6,0.09375,1.0,0.15625,1.0,1.0,0.09375,0.4,0.125,1.0,0.3125,1.0,1.0,0.11160714285714285,0.26666666666666666,0.125,1.0,0.46875,1.0,1.0,0.11160714285714285,0.25,0.15625,1.0,0.625,1.0,1.0,0.12028769841269842,0.24,0.1875,1.0,0.78125,1.0,1.0,0.1284398723257419,0.26666666666666666,0.25,1.0,0.9375,1.0,1.0,0.14458570565907522,0.22857142857142856,0.25,0.9142857142857143,1.0,1.0,1.0,0.14458570565907522,0.2,0.25,0.8,1.0,1.0,1.0,0.14458570565907522,0.2,0.28125,0.7111111111111111,1.0,1.0,1.0,0.1509777511136207,0.2,0.3125,0.64,1.0,1.0,1.0,0.15762668728383344,qwen3_4b-dj_adpt,8,webtable-v2v-v=12-distilroberta-dj_adpt~qwen3_8b-dj_adpt
edu.pq::country,0.0,0.0,1.0,0.03333333333333333,0.0,0.0,0.0,0.0,0.0,1.0,0.16666666666666666,0.0,0.0,0.0,0.0,0.0,1.0,0.3333333333333333,0.0,0.0,0.0,0.0,0.0,1.0,0.5,0.0,0.0,0.0,0.05,0.03333333333333333,1.0,0.6666666666666666,1.0,0.05555555555555555,0.0018518518518518517,0.04,0.03333333333333333,1.0,0.8333333333333334,1.0,0.05555555555555555,0.0018518518518518517,0.03333333333333333,0.03333333333333333,1.0,1.0,1.0,0.05555555555555555,0.0018518518518518517,0.05714285714285714,0.06666666666666667,0.8571428571428571,1.0,1.0,0.05555555555555555,0.004002389486260454,0.05,0.06666666666666667,0.75,1.0,1.0,0.05555555555555555,0.004002389486260454,0.044444444444444446,0.06666666666666667,0.6666666666666666,1.0,1.0,0.05555555555555555,0.004002389486260454,0.06,0.1,0.6,1.0,1.0,0.05555555555555555,0.00613004906072854,qwen3_4b-dj_adpt,8,webtable-v2v-v=12-distilroberta-dj_adpt~qwen3_8b-dj_adpt
AdventureWorks2014_CountryRegion.pq::Name,1.0,0.03333333333333333,1.0,0.03333333333333333,1.0,1.0,0.03333333333333333,0.2,0.03333333333333333,1.0,0.16666666666666666,1.0,1.0,0.03333333333333333,0.1,0.03333333333333333,1.0,0.3333333333333333,1.0,1.0,0.03333333333333333,0.26666666666666666,0.13333333333333333,1.0,0.5,1.0,1.0,0.05725108225108225,0.25,0.16666666666666666,1.0,0.6666666666666666,1.0,1.0,0.06558441558441558,0.28,0.23333333333333334,1.0,0.8333333333333334,1.0,1.0,0.08444155844155844,0.26666666666666666,0.26666666666666666,1.0,1.0,1.0,1.0,0.09431810165143498,0.22857142857142856,0.26666666666666666,0.8571428571428571,1.0,1.0,1.0,0.09431810165143498,0.2,0.26666666666666666,0.75,1.0,1.0,1.0,0.09431810165143498,0.2,0.3,0.6666666666666666,1.0,1.0,1.0,0.10146095879429212,0.18,0.3,0.6,1.0,1.0,1.0,0.10146095879429212,qwen3_4b-dj_adpt,8,webtable-v2v-v=12-distilroberta-dj_adpt~qwen3_8b-dj_adpt
pte_methoxy.pq::Arg0,1.0,0.03125,1.0,0.03125,1.0,1.0,0.03125,0.4,0.0625,1.0,0.15625,1.0,1.0,0.0625,0.3,0.09375,1.0,0.3125,1.0,1.0,0.078125,0.26666666666666666,0.125,1.0,0.46875,1.0,1.0,0.08948863636363637,0.25,0.15625,1.0,0.625,1.0,1.0,0.09925426136363637,0.24,0.1875,1.0,0.78125,1.0,1.0,0.10777698863636363,0.2,0.1875,1.0,0.9375,1.0,1.0,0.10777698863636363,0.17142857142857143,0.1875,0.9142857142857143,1.0,1.0,1.0,0.10777698863636363,0.15,0.1875,0.8,1.0,1.0,1.0,0.10777698863636363,0.15555555555555556,0.21875,0.7111111111111111,1.0,1.0,1.0,0.11298532196969698,0.14,0.21875,0.64,1.0,1.0,1.0,0.11298532196969698,qwen3_4b-dj_adpt,8,webtable-v2v-v=12-distilroberta-dj_adpt~qwen3_8b-dj_adpt
world-cities.pq::country,1.0,0.03333333333333333,1.0,0.03333333333333333,1.0,1.0,0.03333333333333333,0.2,0.03333333333333333,1.0,0.16666666666666666,1.0,1.0,0.03333333333333333,0.2,0.06666666666666667,1.0,0.3333333333333333,1.0,1.0,0.040740740740740744,0.13333333333333333,0.06666666666666667,1.0,0.5,1.0,1.0,0.040740740740740744,0.1,0.06666666666666667,1.0,0.6666666666666666,1.0,1.0,0.040740740740740744,0.08,0.06666666666666667,1.0,0.8333333333333334,1.0,1.0,0.040740740740740744,0.06666666666666667,0.06666666666666667,1.0,1.0,1.0,1.0,0.040740740740740744,0.05714285714285714,0.06666666666666667,0.8571428571428571,1.0,1.0,1.0,0.040740740740740744,0.05,0.06666666666666667,0.75,1.0,1.0,1.0,0.040740740740740744,0.044444444444444446,0.06666666666666667,0.6666666666666666,1.0,1.0,1.0,0.040740740740740744,0.06,0.1,0.6,1.0,1.0,1.0,0.04282407407407408,qwen3_4b-dj_adpt,8,webtable-v2v-v=12-distilroberta-dj_adpt~qwen3_8b-dj_adpt
movies.pq::country,0.0,0.0,1.0,0.03333333333333333,0.0,0.0,0.0,0.0,0.0,1.0,0.16666666666666666,0.0,0.0,0.0,0.0,0.0,1.0,0.3333333333333333,0.0,0.0,0.0,0.0,0.0,1.0,0.5,0.0,0.0,0.0,0.0,0.0,1.0,0.6666666666666666,0.0,0.0,0.0,0.0,0.0,1.0,0.8333333333333334,0.0,0.0,0.0,0.0,0.0,1.0,1.0,0.0,0.0,0.0,0.02857142857142857,0.03333333333333333,0.8571428571428571,1.0,1.0,0.02857142857142857,0.0009523809523809524,0.025,0.03333333333333333,0.75,1.0,1.0,0.02857142857142857,0.0009523809523809524,0.022222222222222223,0.03333333333333333,0.6666666666666666,1.0,1.0,0.02857142857142857,0.0009523809523809524,0.02,0.03333333333333333,0.6,1.0,1.0,0.02857142857142857,0.0009523809523809524,qwen3_4b-dj_adpt,8,webtable-v2v-v=12-distilroberta-dj_adpt~qwen3_8b-dj_adpt
countries_data.pq::CountryName,1.0,0.03333333333333333,1.0,0.03333333333333333,1.0,1.0,0.03333333333333333,0.8,0.13333333333333333,1.0,0.16666666666666666,1.0,1.0,0.12666666666666665,0.4,0.13333333333333333,1.0,0.3333333333333333,1.0,1.0,0.12666666666666665,0.26666666666666666,0.13333333333333333,1.0,0.5,1.0,1.0,0.12666666666666665,0.25,0.16666666666666666,1.0,0.6666666666666666,1.0,1.0,0.13592592592592592,0.2,0.16666666666666666,1.0,0.8333333333333334,1.0,1.0,0.13592592592592592,0.16666666666666666,0.16666666666666666,1.0,1.0,1.0,1.0,0.13592592592592592,0.17142857142857143,0.2,0.8571428571428571,1.0,1.0,1.0,0.14217592592592593,0.175,0.23333333333333334,0.75,1.0,1.0,1.0,0.1483162768031189,0.15555555555555556,0.23333333333333334,0.6666666666666666,1.0,1.0,1.0,0.1483162768031189,0.14,0.23333333333333334,0.6,1.0,1.0,1.0,0.1483162768031189,qwen3_4b-dj_adpt,8,webtable-v2v-v=12-distilroberta-dj_adpt~qwen3_8b-dj_adpt
pte_alcohol.pq::Arg0,0.0,0.0,1.0,0.03125,0.0,0.0,0.0,0.2,0.03125,1.0,0.15625,1.0,0.5,0.015625,0.1,0.03125,1.0,0.3125,1.0,0.5,0.015625,0.06666666666666667,0.03125,1.0,0.46875,1.0,0.5,0.015625,0.05,0.03125,1.0,0.625,1.0,0.5,0.015625,0.08,0.0625,1.0,0.78125,1.0,0.5,0.018229166666666668,0.06666666666666667,0.0625,1.0,0.9375,1.0,0.5,0.018229166666666668,0.05714285714285714,0.0625,0.9142857142857143,1.0,1.0,0.5,0.018229166666666668,0.05,0.0625,0.8,1.0,1.0,0.5,0.018229166666666668,0.044444444444444446,0.0625,0.7111111111111111,1.0,1.0,0.5,0.018229166666666668,0.04,0.0625,0.64,1.0,1.0,0.5,0.018229166666666668,qwen3_4b-dj_adpt,8,webtable-v2v-v=12-distilroberta-dj_adpt~qwen3_8b-dj_adpt
pte_phenol.pq::Arg0,1.0,0.03125,1.0,0.03125,1.0,1.0,0.03125,0.6,0.09375,1.0,0.15625,1.0,1.0,0.09375,0.4,0.125,1.0,0.3125,1.0,1.0,0.11458333333333333,0.3333333333333333,0.15625,1.0,0.46875,1.0,1.0,0.12878787878787878,0.3,0.1875,1.0,0.625,1.0,1.0,0.13981729055258468,0.24,0.1875,1.0,0.78125,1.0,1.0,0.13981729055258468,0.2,0.1875,1.0,0.9375,1.0,1.0,0.13981729055258468,0.17142857142857143,0.1875,0.9142857142857143,1.0,1.0,1.0,0.13981729055258468,0.15,0.1875,0.8,1.0,1.0,1.0,0.13981729055258468,0.13333333333333333,0.1875,0.7111111111111111,1.0,1.0,1.0,0.13981729055258468,0.16,0.25,0.64,1.0,1.0,1.0,0.14928157626687039,qwen3_4b-dj_adpt,8,webtable-v2v-v=12-distilroberta-dj_adpt~qwen3_8b-dj_adpt
pte_ester.pq::Arg0,1.0,0.03125,1.0,0.03125,1.0,1.0,0.03125,0.6,0.09375,1.0,0.15625,1.0,1.0,0.09375,0.5,0.15625,1.0,0.3125,1.0,1.0,0.12896825396825395,0.3333333333333333,0.15625,1.0,0.46875,1.0,1.0,0.12896825396825395,0.3,0.1875,1.0,0.625,1.0,1.0,0.13834325396825398,0.24,0.1875,1.0,0.78125,1.0,1.0,0.13834325396825398,0.23333333333333334,0.21875,1.0,0.9375,1.0,1.0,0.1467567155067155,0.22857142857142856,0.25,0.9142857142857143,1.0,1.0,1.0,0.15482123163574776,0.2,0.25,0.8,1.0,1.0,1.0,0.15482123163574776,0.2,0.28125,0.7111111111111111,1.0,1.0,1.0,0.1612132770902932,0.2,0.3125,0.64,1.0,1.0,1.0,0.16800675535116277,qwen3_4b-dj_adpt,8,webtable-v2v-v=12-distilroberta-dj_adpt~qwen3_8b-dj_adpt
pte_non_ar_hetero_5_ring.pq::Arg0,1.0,0.03125,1.0,0.03125,1.0,1.0,0.03125,0.2,0.03125,1.0,0.15625,1.0,1.0,0.03125,0.1,0.03125,1.0,0.3125,1.0,1.0,0.03125,0.06666666666666667,0.03125,1.0,0.46875,1.0,1.0,0.03125,0.05,0.03125,1.0,0.625,1.0,1.0,0.03125,0.04,0.03125,1.0,0.78125,1.0,1.0,0.03125,0.03333333333333333,0.03125,1.0,0.9375,1.0,1.0,0.03125,0.02857142857142857,0.03125,0.9142857142857143,1.0,1.0,1.0,0.03125,0.025,0.03125,0.8,1.0,1.0,1.0,0.03125,0.022222222222222223,0.03125,0.7111111111111111,1.0,1.0,1.0,0.03125,0.02,0.03125,0.64,1.0,1.0,1.0,0.03125,qwen3_4b-dj_adpt,8,webtable-v2v-v=12-distilroberta-dj_adpt~qwen3_8b-dj_adpt
population_by_country_2020.pq::CountryDependency,1.0,0.03333333333333333,1.0,0.03333333333333333,1.0,1.0,0.03333333333333333,0.2,0.03333333333333333,1.0,0.16666666666666666,1.0,1.0,0.03333333333333333,0.2,0.06666666666666667,1.0,0.3333333333333333,1.0,1.0,0.041666666666666664,0.13333333333333333,0.06666666666666667,1.0,0.5,1.0,1.0,0.041666666666666664,0.1,0.06666666666666667,1.0,0.6666666666666666,1.0,1.0,0.041666666666666664,0.08,0.06666666666666667,1.0,0.8333333333333334,1.0,1.0,0.041666666666666664,0.06666666666666667,0.06666666666666667,1.0,1.0,1.0,1.0,0.041666666666666664,0.05714285714285714,0.06666666666666667,0.8571428571428571,1.0,1.0,1.0,0.041666666666666664,0.05,0.06666666666666667,0.75,1.0,1.0,1.0,0.041666666666666664,0.044444444444444446,0.06666666666666667,0.6666666666666666,1.0,1.0,1.0,0.041666666666666664,0.04,0.06666666666666667,0.6,1.0,1.0,1.0,0.041666666666666664,qwen3_4b-dj_adpt,8,webtable-v2v-v=12-distilroberta-dj_adpt~qwen3_8b-dj_adpt
pte_non_ar_5c_ring.pq::Arg0,0.0,0.0,1.0,0.03125,0.0,0.0,0.0,0.4,0.0625,1.0,0.15625,1.0,0.5,0.03645833333333333,0.2,0.0625,1.0,0.3125,1.0,0.5,0.03645833333333333,0.2,0.09375,1.0,0.46875,1.0,0.5,0.04427083333333333,0.15,0.09375,1.0,0.625,1.0,0.5,0.04427083333333333,0.12,0.09375,1.0,0.78125,1.0,0.5,0.04427083333333333,0.1,0.09375,1.0,0.9375,1.0,0.5,0.04427083333333333,0.08571428571428572,0.09375,0.9142857142857143,1.0,1.0,0.5,0.04427083333333333,0.075,0.09375,0.8,1.0,1.0,0.5,0.04427083333333333,0.06666666666666667,0.09375,0.7111111111111111,1.0,1.0,0.5,0.04427083333333333,0.06,0.09375,0.64,1.0,1.0,0.5,0.04427083333333333,qwen3_4b-dj_adpt,8,webtable-v2v-v=12-distilroberta-dj_adpt~qwen3_8b-dj_adpt
fifa_ranking.pq::country_full,0.0,0.0,1.0,0.03333333333333333,0.0,0.0,0.0,0.0,0.0,1.0,0.16666666666666666,0.0,0.0,0.0,0.0,0.0,1.0,0.3333333333333333,0.0,0.0,0.0,0.0,0.0,1.0,0.5,0.0,0.0,0.0,0.0,0.0,1.0,0.6666666666666666,0.0,0.0,0.0,0.0,0.0,1.0,0.8333333333333334,0.0,0.0,0.0,0.0,0.0,1.0,1.0,0.0,0.0,0.0,0.0,0.0,0.8571428571428571,1.0,0.0,0.0,0.0,0.0,0.0,0.75,1.0,0.0,0.0,0.0,0.022222222222222223,0.03333333333333333,0.6666666666666666,1.0,1.0,0.022727272727272728,0.0007575757575757576,0.04,0.06666666666666667,0.6,1.0,1.0,0.022727272727272728,0.0022068511198945983,qwen3_4b-dj_adpt,8,webtable-v2v-v=12-distilroberta-dj_adpt~qwen3_8b-dj_adpt
countries_of_the_world.pq::Country,1.0,0.03333333333333333,1.0,0.03333333333333333,1.0,1.0,0.03333333333333333,0.6,0.1,1.0,0.16666666666666666,1.0,1.0,0.1,0.4,0.13333333333333333,1.0,0.3333333333333333,1.0,1.0,0.11666666666666667,0.4,0.2,1.0,0.5,1.0,1.0,0.1428205128205128,0.3,0.2,1.0,0.6666666666666666,1.0,1.0,0.1428205128205128,0.24,0.2,1.0,0.8333333333333334,1.0,1.0,0.1428205128205128,0.23333333333333334,0.23333333333333334,1.0,1.0,1.0,1.0,0.1505982905982906,0.2,0.23333333333333334,0.8571428571428571,1.0,1.0,1.0,0.1505982905982906,0.225,0.3,0.75,1.0,1.0,1.0,0.16590043484780326,0.2,0.3,0.6666666666666666,1.0,1.0,1.0,0.16590043484780326,0.2,0.3333333333333333,0.6,1.0,1.0,1.0,0.17270315593623867,qwen3_4b-dj_adpt,8,webtable-v2v-v=12-distilroberta-dj_adpt~qwen3_8b-dj_adpt
pte_ketone.pq::Arg0,1.0,0.03125,1.0,0.03125,1.0,1.0,0.03125,0.2,0.03125,1.0,0.15625,1.0,1.0,0.03125,0.1,0.03125,1.0,0.3125,1.0,1.0,0.03125,0.2,0.09375,1.0,0.46875,1.0,1.0,0.04362824675324675,0.15,0.09375,1.0,0.625,1.0,1.0,0.04362824675324675,0.16,0.125,1.0,0.78125,1.0,1.0,0.04883658008658009,0.16666666666666666,0.15625,1.0,0.9375,1.0,1.0,0.05422451112106284,0.14285714285714285,0.15625,0.9142857142857143,1.0,1.0,1.0,0.05422451112106284,0.15,0.1875,0.8,1.0,1.0,1.0,0.05891201112106285,0.13333333333333333,0.1875,0.7111111111111111,1.0,1.0,1.0,0.05891201112106285,0.14,0.21875,0.64,1.0,1.0,1.0,0.06356626644021178,qwen3_4b-dj_adpt,8,webtable-v2v-v=12-distilroberta-dj_adpt~qwen3_8b-dj_adpt
who_suicide_statistics.pq::country,1.0,0.03333333333333333,1.0,0.03333333333333333,1.0,1.0,0.03333333333333333,0.8,0.13333333333333333,1.0,0.16666666666666666,1.0,1.0,0.13333333333333333,0.4,0.13333333333333333,1.0,0.3333333333333333,1.0,1.0,0.13333333333333333,0.26666666666666666,0.13333333333333333,1.0,0.5,1.0,1.0,0.13333333333333333,0.2,0.13333333333333333,1.0,0.6666666666666666,1.0,1.0,0.13333333333333333,0.16,0.13333333333333333,1.0,0.8333333333333334,1.0,1.0,0.13333333333333333,0.2,0.2,1.0,1.0,1.0,1.0,0.1466401414677277,0.17142857142857143,0.2,0.8571428571428571,1.0,1.0,1.0,0.1466401414677277,0.175,0.23333333333333334,0.75,1.0,1.0,1.0,0.15278049234492067,0.17777777777777778,0.26666666666666666,0.6666666666666666,1.0,1.0,1.0,0.15928455738557107,0.16,0.26666666666666666,0.6,1.0,1.0,1.0,0.15928455738557107,qwen3_4b-dj_adpt,8,webtable-v2v-v=12-distilroberta-dj_adpt~qwen3_8b-dj_adpt
UKDebate.pq::country,0.0,0.0,1.0,0.03333333333333333,0.0,0.0,0.0,0.0,0.0,1.0,0.16666666666666666,0.0,0.0,0.0,0.0,0.0,1.0,0.3333333333333333,0.0,0.0,0.0,0.06666666666666667,0.03333333333333333,1.0,0.5,1.0,0.06666666666666667,0.0022222222222222222,0.05,0.03333333333333333,1.0,0.6666666666666666,1.0,0.06666666666666667,0.0022222222222222222,0.04,0.03333333333333333,1.0,0.8333333333333334,1.0,0.06666666666666667,0.0022222222222222222,0.03333333333333333,0.03333333333333333,1.0,1.0,1.0,0.06666666666666667,0.0022222222222222222,0.02857142857142857,0.03333333333333333,0.8571428571428571,1.0,1.0,0.06666666666666667,0.0022222222222222222,0.025,0.03333333333333333,0.75,1.0,1.0,0.06666666666666667,0.0022222222222222222,0.022222222222222223,0.03333333333333333,0.6666666666666666,1.0,1.0,0.06666666666666667,0.0022222222222222222,0.02,0.03333333333333333,0.6,1.0,1.0,0.06666666666666667,0.0022222222222222222,qwen3_4b-dj_adpt,8,webtable-v2v-v=12-distilroberta-dj_adpt~qwen3_8b-dj_adpt
World_countries_env_vars.pq::Country,1.0,0.03333333333333333,1.0,0.03333333333333333,1.0,1.0,0.03333333333333333,0.8,0.13333333333333333,1.0,0.16666666666666666,1.0,1.0,0.12666666666666665,0.4,0.13333333333333333,1.0,0.3333333333333333,1.0,1.0,0.12666666666666665,0.4,0.2,1.0,0.5,1.0,1.0,0.1519047619047619,0.3,0.2,1.0,0.6666666666666666,1.0,1.0,0.1519047619047619,0.24,0.2,1.0,0.8333333333333334,1.0,1.0,0.1519047619047619,0.23333333333333334,0.23333333333333334,1.0,1.0,1.0,1.0,0.16054673721340387,0.2,0.23333333333333334,0.8571428571428571,1.0,1.0,1.0,0.16054673721340387,0.2,0.26666666666666666,0.75,1.0,1.0,1.0,0.16775394442061106,0.17777777777777778,0.26666666666666666,0.6666666666666666,1.0,1.0,1.0,0.16775394442061106,0.16,0.26666666666666666,0.6,1.0,1.0,1.0,0.16775394442061106,qwen3_4b-dj_adpt,8,webtable-v2v-v=12-distilroberta-dj_adpt~qwen3_8b-dj_adpt
USA_cars_datasets.pq::country,1.0,0.03333333333333333,1.0,0.03333333333333333,1.0,1.0,0.03333333333333333,0.2,0.03333333333333333,1.0,0.16666666666666666,1.0,1.0,0.03333333333333333,0.3,0.1,1.0,0.3333333333333333,1.0,1.0,0.05444444444444444,0.26666666666666666,0.13333333333333333,1.0,0.5,1.0,1.0,0.06396825396825397,0.2,0.13333333333333333,1.0,0.6666666666666666,1.0,1.0,0.06396825396825397,0.2,0.16666666666666666,1.0,0.8333333333333334,1.0,1.0,0.07091269841269841,0.16666666666666666,0.16666666666666666,1.0,1.0,1.0,1.0,0.07091269841269841,0.17142857142857143,0.2,0.8571428571428571,1.0,1.0,1.0,0.07697330447330447,0.15,0.2,0.75,1.0,1.0,1.0,0.07697330447330447,0.13333333333333333,0.2,0.6666666666666666,1.0,1.0,1.0,0.07697330447330447,0.14,0.23333333333333334,0.6,1.0,1.0,1.0,0.08173520923520923,qwen3_4b-dj_adpt,8,webtable-v2v-v=12-distilroberta-dj_adpt~qwen3_8b-dj_adpt
netflix_titles.pq::country,0.0,0.0,1.0,0.03333333333333333,0.0,0.0,0.0,0.0,0.0,1.0,0.16666666666666666,0.0,0.0,0.0,0.0,0.0,1.0,0.3333333333333333,0.0,0.0,0.0,0.0,0.0,1.0,0.5,0.0,0.0,0.0,0.05,0.03333333333333333,1.0,0.6666666666666666,1.0,0.058823529411764705,0.00196078431372549,0.04,0.03333333333333333,1.0,0.8333333333333334,1.0,0.058823529411764705,0.00196078431372549,0.03333333333333333,0.03333333333333333,1.0,1.0,1.0,0.058823529411764705,0.00196078431372549,0.02857142857142857,0.03333333333333333,0.8571428571428571,1.0,1.0,0.058823529411764705,0.00196078431372549,0.025,0.03333333333333333,0.75,1.0,1.0,0.058823529411764705,0.00196078431372549,0.022222222222222223,0.03333333333333333,0.6666666666666666,1.0,1.0,0.058823529411764705,0.00196078431372549,0.02,0.03333333333333333,0.6,1.0,1.0,0.058823529411764705,0.00196078431372549,qwen3_4b-dj_adpt,8,webtable-v2v-v=12-distilroberta-dj_adpt~qwen3_8b-dj_adpt
pte_ames.pq::Arg0,1.0,0.03125,1.0,0.03125,1.0,1.0,0.03125,0.4,0.0625,1.0,0.15625,1.0,1.0,0.05208333333333333,0.3,0.09375,1.0,0.3125,1.0,1.0,0.06380208333333333,0.3333333333333333,0.15625,1.0,0.46875,1.0,1.0,0.08457818223443224,0.25,0.15625,1.0,0.625,1.0,1.0,0.08457818223443224,0.24,0.1875,1.0,0.78125,1.0,1.0,0.09273035614747571,0.2,0.1875,1.0,0.9375,1.0,1.0,0.09273035614747571,0.17142857142857143,0.1875,0.9142857142857143,1.0,1.0,1.0,0.09273035614747571,0.175,0.21875,0.8,1.0,1.0,1.0,0.09864251830963787,0.17777777777777778,0.25,0.7111111111111111,1.0,1.0,1.0,0.10459489926201883,0.16,0.25,0.64,1.0,1.0,1.0,0.10459489926201883,qwen3_4b-dj_adpt,8,webtable-v2v-v=12-distilroberta-dj_adpt~qwen3_8b-dj_adpt
movie_metadata.pq::country,1.0,0.03333333333333333,1.0,0.03333333333333333,1.0,1.0,0.03333333333333333,0.4,0.06666666666666667,1.0,0.16666666666666666,1.0,1.0,0.05,0.4,0.13333333333333333,1.0,0.3333333333333333,1.0,1.0,0.08,0.3333333333333333,0.16666666666666666,1.0,0.5,1.0,1.0,0.09111111111111111,0.3,0.2,1.0,0.6666666666666666,1.0,1.0,0.10361111111111111,0.24,0.2,1.0,0.8333333333333334,1.0,1.0,0.10361111111111111,0.2,0.2,1.0,1.0,1.0,1.0,0.10361111111111111,0.17142857142857143,0.2,0.8571428571428571,1.0,1.0,1.0,0.10361111111111111,0.15,0.2,0.75,1.0,1.0,1.0,0.10361111111111111,0.13333333333333333,0.2,0.6666666666666666,1.0,1.0,1.0,0.10361111111111111,0.12,0.2,0.6,1.0,1.0,1.0,0.10361111111111111,qwen3_4b-dj_adpt,8,webtable-v2v-v=12-distilroberta-dj_adpt~qwen3_8b-dj_adpt
world_country.pq::LocalName,0.0,0.0,1.0,0.034482758620689655,0.0,0.0,0.0,0.0,0.0,1.0,0.1724137931034483,0.0,0.0,0.0,0.0,0.0,1.0,0.3448275862068966,0.0,0.0,0.0,0.06666666666666667,0.034482758620689655,1.0,0.5172413793103449,1.0,0.08333333333333333,0.0028735632183908046,0.05,0.034482758620689655,1.0,0.6896551724137931,1.0,0.08333333333333333,0.0028735632183908046,0.04,0.034482758620689655,1.0,0.8620689655172413,1.0,0.08333333333333333,0.0028735632183908046,0.03333333333333333,0.034482758620689655,0.9666666666666667,1.0,1.0,0.08333333333333333,0.0028735632183908046,0.02857142857142857,0.034482758620689655,0.8285714285714286,1.0,1.0,0.08333333333333333,0.0028735632183908046,0.025,0.034482758620689655,0.725,1.0,1.0,0.08333333333333333,0.0028735632183908046,0.022222222222222223,0.034482758620689655,0.6444444444444445,1.0,1.0,0.08333333333333333,0.0028735632183908046,0.02,0.034482758620689655,0.58,1.0,1.0,0.08333333333333333,0.0028735632183908046,qwen3_4b-dj_adpt,8,webtable-v2v-v=12-distilroberta-dj_adpt~qwen3_8b-dj_adpt
countries_metadatacountries.pq::CountryName,1.0,0.03333333333333333,1.0,0.03333333333333333,1.0,1.0,0.03333333333333333,0.6,0.1,1.0,0.16666666666666666,1.0,1.0,0.09166666666666666,0.5,0.16666666666666666,1.0,0.3333333333333333,1.0,1.0,0.1376984126984127,0.3333333333333333,0.16666666666666666,1.0,0.5,1.0,1.0,0.1376984126984127,0.25,0.16666666666666666,1.0,0.6666666666666666,1.0,1.0,0.1376984126984127,0.2,0.16666666666666666,1.0,0.8333333333333334,1.0,1.0,0.1376984126984127,0.16666666666666666,0.16666666666666666,1.0,1.0,1.0,1.0,0.1376984126984127,0.14285714285714285,0.16666666666666666,0.8571428571428571,1.0,1.0,1.0,0.1376984126984127,0.125,0.16666666666666666,0.75,1.0,1.0,1.0,0.1376984126984127,0.1111111111111111,0.16666666666666666,0.6666666666666666,1.0,1.0,1.0,0.1376984126984127,0.1,0.16666666666666666,0.6,1.0,1.0,1.0,0.1376984126984127,qwen3_4b-dj_adpt,8,webtable-v2v-v=12-distilroberta-dj_adpt~qwen3_8b-dj_adpt
pte_postestactive_neg.pq::Arg0,1.0,0.03125,1.0,0.03125,1.0,1.0,0.03125,0.6,0.09375,1.0,0.15625,1.0,1.0,0.09375,0.4,0.125,1.0,0.3125,1.0,1.0,0.11160714285714285,0.26666666666666666,0.125,1.0,0.46875,1.0,1.0,0.11160714285714285,0.25,0.15625,1.0,0.625,1.0,1.0,0.12028769841269842,0.24,0.1875,1.0,0.78125,1.0,1.0,0.1284398723257419,0.26666666666666666,0.25,1.0,0.9375,1.0,1.0,0.14458570565907522,0.22857142857142856,0.25,0.9142857142857143,1.0,1.0,1.0,0.14458570565907522,0.2,0.25,0.8,1.0,1.0,1.0,0.14458570565907522,0.2,0.28125,0.7111111111111111,1.0,1.0,1.0,0.1509777511136207,0.2,0.3125,0.64,1.0,1.0,1.0,0.15762668728383344,qwen3_4b-dj_adpt,8,webtable-v2v-v=12-distilroberta-dj_adpt~qwen3_8b-dj_adpt
pte_alkyl_halide.pq::Arg0,1.0,0.03125,1.0,0.03125,1.0,1.0,0.03125,0.8,0.125,1.0,0.15625,1.0,1.0,0.11875,0.4,0.125,1.0,0.3125,1.0,1.0,0.11875,0.26666666666666666,0.125,1.0,0.46875,1.0,1.0,0.11875,0.25,0.15625,1.0,0.625,1.0,1.0,0.12697368421052632,0.24,0.1875,1.0,0.78125,1.0,1.0,0.13590225563909775,0.23333333333333334,0.21875,1.0,0.9375,1.0,1.0,0.1440041074909496,0.2,0.21875,0.9142857142857143,1.0,1.0,1.0,0.1440041074909496,0.175,0.21875,0.8,1.0,1.0,1.0,0.1440041074909496,0.17777777777777778,0.25,0.7111111111111111,1.0,1.0,1.0,0.15010166846655934,0.16,0.25,0.64,1.0,1.0,1.0,0.15010166846655934,qwen3_4b-dj_adpt,8,webtable-v2v-v=12-distilroberta-dj_adpt~qwen3_8b-dj_adpt
pte_testactive.pq::Arg0,1.0,0.03125,1.0,0.03125,1.0,1.0,0.03125,0.6,0.09375,1.0,0.15625,1.0,1.0,0.08125,0.5,0.15625,1.0,0.3125,1.0,1.0,0.11076388888888888,0.4,0.1875,1.0,0.46875,1.0,1.0,0.1232638888888889,0.3,0.1875,1.0,0.625,1.0,1.0,0.1232638888888889,0.24,0.1875,1.0,0.78125,1.0,1.0,0.1232638888888889,0.2,0.1875,1.0,0.9375,1.0,1.0,0.1232638888888889,0.2,0.21875,0.9142857142857143,1.0,1.0,1.0,0.12969771241830066,0.175,0.21875,0.8,1.0,1.0,1.0,0.12969771241830066,0.17777777777777778,0.25,0.7111111111111111,1.0,1.0,1.0,0.1357952733939104,0.16,0.25,0.64,1.0,1.0,1.0,0.1357952733939104,qwen3_4b-dj_adpt,8,webtable-v2v-v=12-distilroberta-dj_adpt~qwen3_8b-dj_adpt
hfi_cc_2018.pq::countries,1.0,0.03333333333333333,1.0,0.03333333333333333,1.0,1.0,0.03333333333333333,0.8,0.13333333333333333,1.0,0.16666666666666666,1.0,1.0,0.12666666666666665,0.8,0.26666666666666666,1.0,0.3333333333333333,1.0,1.0,0.2356084656084656,0.5333333333333333,0.26666666666666666,1.0,0.5,1.0,1.0,0.2356084656084656,0.45,0.3,1.0,0.6666666666666666,1.0,1.0,0.2513979392926761,0.36,0.3,1.0,0.8333333333333334,1.0,1.0,0.2513979392926761,0.3,0.3,1.0,1.0,1.0,1.0,0.2513979392926761,0.2571428571428571,0.3,0.8571428571428571,1.0,1.0,1.0,0.2513979392926761,0.225,0.3,0.75,1.0,1.0,1.0,0.2513979392926761,0.2,0.3,0.6666666666666666,1.0,1.0,1.0,0.2513979392926761,0.18,0.3,0.6,1.0,1.0,1.0,0.2513979392926761,qwen3_4b-dj_adpt,8,webtable-v2v-v=12-distilroberta-dj_adpt~qwen3_8b-dj_adpt
wikipedia-iso-country-codes.pq::English_short_name_lower_case,0.0,0.0,1.0,0.03333333333333333,0.0,0.0,0.0,0.4,0.06666666666666667,1.0,0.16666666666666666,1.0,0.3333333333333333,0.024444444444444446,0.2,0.06666666666666667,1.0,0.3333333333333333,1.0,0.3333333333333333,0.024444444444444446,0.13333333333333333,0.06666666666666667,1.0,0.5,1.0,0.3333333333333333,0.024444444444444446,0.1,0.06666666666666667,1.0,0.6666666666666666,1.0,0.3333333333333333,0.024444444444444446,0.08,0.06666666666666667,1.0,0.8333333333333334,1.0,0.3333333333333333,0.024444444444444446,0.06666666666666667,0.06666666666666667,1.0,1.0,1.0,0.3333333333333333,0.024444444444444446,0.05714285714285714,0.06666666666666667,0.8571428571428571,1.0,1.0,0.3333333333333333,0.024444444444444446,0.075,0.1,0.75,1.0,1.0,0.3333333333333333,0.027076023391812865,0.08888888888888889,0.13333333333333333,0.6666666666666666,1.0,1.0,0.3333333333333333,0.03025062656641604,0.1,0.16666666666666666,0.6,1.0,1.0,0.3333333333333333,0.03379672585719618,qwen3_4b-dj_adpt,8,webtable-v2v-v=12-distilroberta-dj_adpt~qwen3_8b-dj_adpt
affirmative_asylum.pq::ContinentCountryofNationality,0.0,0.0,1.0,0.03125,0.0,0.0,0.0,0.0,0.0,1.0,0.15625,0.0,0.0,0.0,0.1,0.03125,1.0,0.3125,1.0,0.16666666666666666,0.005208333333333333,0.06666666666666667,0.03125,1.0,0.46875,1.0,0.16666666666666666,0.005208333333333333,0.05,0.03125,1.0,0.625,1.0,0.16666666666666666,0.005208333333333333,0.08,0.0625,1.0,0.78125,1.0,0.16666666666666666,0.007708333333333333,0.06666666666666667,0.0625,1.0,0.9375,1.0,0.16666666666666666,0.007708333333333333,0.11428571428571428,0.125,0.9142857142857143,1.0,1.0,0.16666666666666666,0.014520405669599218,0.1,0.125,0.8,1.0,1.0,0.16666666666666666,0.014520405669599218,0.08888888888888889,0.125,0.7111111111111111,1.0,1.0,0.16666666666666666,0.014520405669599218,0.08,0.125,0.64,1.0,1.0,0.16666666666666666,0.014520405669599218,qwen3_4b-dj_adpt,8,webtable-v2v-v=12-distilroberta-dj_adpt~qwen3_8b-dj_adpt
countries_and_continents.pq::name,1.0,0.037037037037037035,1.0,0.037037037037037035,1.0,1.0,0.037037037037037035,0.4,0.07407407407407407,1.0,0.18518518518518517,1.0,1.0,0.06172839506172839,0.3,0.1111111111111111,1.0,0.37037037037037035,1.0,1.0,0.07561728395061727,0.3333333333333333,0.18518518518518517,1.0,0.5555555555555556,1.0,1.0,0.10451739618406285,0.35,0.25925925925925924,1.0,0.7407407407407407,1.0,1.0,0.13280957725402168,0.36,0.3333333333333333,1.0,0.9259259259259259,1.0,1.0,0.15902535825241138,0.3,0.3333333333333333,0.9,1.0,1.0,1.0,0.15902535825241138,0.2571428571428571,0.3333333333333333,0.7714285714285715,1.0,1.0,1.0,0.15902535825241138,0.225,0.3333333333333333,0.675,1.0,1.0,1.0,0.15902535825241138,0.2,0.3333333333333333,0.6,1.0,1.0,1.0,0.15902535825241138,0.18,0.3333333333333333,0.54,1.0,1.0,1.0,0.15902535825241138,qwen3_4b-dj_adpt,8,webtable-v2v-v=12-distilroberta-dj_adpt~qwen3_8b-dj_adpt
pte_postestactive.pq::Arg0,1.0,0.03125,1.0,0.03125,1.0,1.0,0.03125,0.6,0.09375,1.0,0.15625,1.0,1.0,0.0859375,0.4,0.125,1.0,0.3125,1.0,1.0,0.0984375,0.3333333333333333,0.15625,1.0,0.46875,1.0,1.0,0.10885416666666667,0.3,0.1875,1.0,0.625,1.0,1.0,0.11822916666666666,0.24,0.1875,1.0,0.78125,1.0,1.0,0.11822916666666666,0.23333333333333334,0.21875,1.0,0.9375,1.0,1.0,0.12552083333333333,0.2,0.21875,0.9142857142857143,1.0,1.0,1.0,0.12552083333333333,0.2,0.25,0.8,1.0,1.0,1.0,0.13193108974358975,0.17777777777777778,0.25,0.7111111111111111,1.0,1.0,1.0,0.13193108974358975,0.16,0.25,0.64,1.0,1.0,1.0,0.13193108974358975,qwen3_4b-dj_adpt,8,webtable-v2v-v=12-distilroberta-dj_adpt~qwen3_8b-dj_adpt
pte_five_ring.pq::Arg0,1.0,0.03125,1.0,0.03125,1.0,1.0,0.03125,1.0,0.15625,1.0,0.15625,1.0,1.0,0.15625,0.6,0.1875,1.0,0.3125,1.0,1.0,0.1875,0.4,0.1875,1.0,0.46875,1.0,1.0,0.1875,0.3,0.1875,1.0,0.625,1.0,1.0,0.1875,0.24,0.1875,1.0,0.78125,1.0,1.0,0.1875,0.2,0.1875,1.0,0.9375,1.0,1.0,0.1875,0.2,0.21875,0.9142857142857143,1.0,1.0,1.0,0.1943359375,0.175,0.21875,0.8,1.0,1.0,1.0,0.1943359375,0.15555555555555556,0.21875,0.7111111111111111,1.0,1.0,1.0,0.1943359375,0.16,0.25,0.64,1.0,1.0,1.0,0.19977072010869565,qwen3_4b-dj_adpt,8,webtable-v2v-v=12-distilroberta-dj_adpt~qwen3_8b-dj_adpt
MoviesOnStreamingPlatforms_updated.pq::Country,0.0,0.0,1.0,0.03333333333333333,0.0,0.0,0.0,0.0,0.0,1.0,0.16666666666666666,0.0,0.0,0.0,0.0,0.0,1.0,0.3333333333333333,0.0,0.0,0.0,0.0,0.0,1.0,0.5,0.0,0.0,0.0,0.0,0.0,1.0,0.6666666666666666,0.0,0.0,0.0,0.0,0.0,1.0,0.8333333333333334,0.0,0.0,0.0,0.0,0.0,1.0,1.0,0.0,0.0,0.0,0.0,0.0,0.8571428571428571,1.0,0.0,0.0,0.0,0.05,0.06666666666666667,0.75,1.0,1.0,0.027777777777777776,0.0026353276353276354,0.044444444444444446,0.06666666666666667,0.6666666666666666,1.0,1.0,0.027777777777777776,0.0026353276353276354,0.04,0.06666666666666667,0.6,1.0,1.0,0.027777777777777776,0.0026353276353276354,qwen3_4b-dj_adpt,8,webtable-v2v-v=12-distilroberta-dj_adpt~qwen3_8b-dj_adpt
pte_amine.pq::Arg0,1.0,0.03125,1.0,0.03125,1.0,1.0,0.03125,0.2,0.03125,1.0,0.15625,1.0,1.0,0.03125,0.1,0.03125,1.0,0.3125,1.0,1.0,0.03125,0.06666666666666667,0.03125,1.0,0.46875,1.0,1.0,0.03125,0.05,0.03125,1.0,0.625,1.0,1.0,0.03125,0.04,0.03125,1.0,0.78125,1.0,1.0,0.03125,0.03333333333333333,0.03125,1.0,0.9375,1.0,1.0,0.03125,0.02857142857142857,0.03125,0.9142857142857143,1.0,1.0,1.0,0.03125,0.025,0.03125,0.8,1.0,1.0,1.0,0.03125,0.022222222222222223,0.03125,0.7111111111111111,1.0,1.0,1.0,0.03125,0.02,0.03125,0.64,1.0,1.0,1.0,0.03125,qwen3_4b-dj_adpt,8,webtable-v2v-v=12-distilroberta-dj_adpt~qwen3_8b-dj_adpt
AdventureWorks2014_salesTerritory.pq::Name,0.0,0.0,1.0,0.03333333333333333,0.0,0.0,0.0,0.0,0.0,1.0,0.16666666666666666,0.0,0.0,0.0,0.0,0.0,1.0,0.3333333333333333,0.0,0.0,0.0,0.0,0.0,1.0,0.5,0.0,0.0,0.0,0.0,0.0,1.0,0.6666666666666666,0.0,0.0,0.0,0.0,0.0,1.0,0.8333333333333334,0.0,0.0,0.0,0.0,0.0,1.0,1.0,0.0,0.0,0.0,0.0,0.0,0.8571428571428571,1.0,0.0,0.0,0.0,0.0,0.0,0.75,1.0,0.0,0.0,0.0,0.022222222222222223,0.03333333333333333,0.6666666666666666,1.0,1.0,0.023255813953488372,0.0007751937984496124,0.02,0.03333333333333333,0.6,1.0,1.0,0.023255813953488372,0.0007751937984496124,qwen3_4b-dj_adpt,8,webtable-v2v-v=12-distilroberta-dj_adpt~qwen3_8b-dj_adpt
whr2015.pq::Country,1.0,0.03333333333333333,1.0,0.03333333333333333,1.0,1.0,0.03333333333333333,0.8,0.13333333333333333,1.0,0.16666666666666666,1.0,1.0,0.11833333333333333,0.5,0.16666666666666666,1.0,0.3333333333333333,1.0,1.0,0.13499999999999998,0.3333333333333333,0.16666666666666666,1.0,0.5,1.0,1.0,0.13499999999999998,0.3,0.2,1.0,0.6666666666666666,1.0,1.0,0.14611111111111114,0.24,0.2,1.0,0.8333333333333334,1.0,1.0,0.14611111111111114,0.2,0.2,1.0,1.0,1.0,1.0,0.14611111111111114,0.2,0.23333333333333334,0.8571428571428571,1.0,1.0,1.0,0.1531818181818182,0.175,0.23333333333333334,0.75,1.0,1.0,1.0,0.1531818181818182,0.2,0.3,0.6666666666666666,1.0,1.0,1.0,0.16634920634920636,0.18,0.3,0.6,1.0,1.0,1.0,0.16634920634920636,qwen3_4b-dj_adpt,8,webtable-v2v-v=12-distilroberta-dj_adpt~qwen3_8b-dj_adpt
countries_and_continents.pq::official_name_fr,0.0,0.0,1.0,0.037037037037037035,0.0,0.0,0.0,0.0,0.0,1.0,0.18518518518518517,0.0,0.0,0.0,0.0,0.0,1.0,0.37037037037037035,0.0,0.0,0.0,0.0,0.0,1.0,0.5555555555555556,0.0,0.0,0.0,0.0,0.0,1.0,0.7407407407407407,0.0,0.0,0.0,0.04,0.037037037037037035,1.0,0.9259259259259259,1.0,0.045454545454545456,0.0016835016835016836,0.03333333333333333,0.037037037037037035,0.9,1.0,1.0,0.045454545454545456,0.0016835016835016836,0.02857142857142857,0.037037037037037035,0.7714285714285715,1.0,1.0,0.045454545454545456,0.0016835016835016836,0.025,0.037037037037037035,0.675,1.0,1.0,0.045454545454545456,0.0016835016835016836,0.022222222222222223,0.037037037037037035,0.6,1.0,1.0,0.045454545454545456,0.0016835016835016836,0.02,0.037037037037037035,0.54,1.0,1.0,0.045454545454545456,0.0016835016835016836,qwen3_4b-dj_adpt,8,webtable-v2v-v=12-distilroberta-dj_adpt~qwen3_8b-dj_adpt
pte_has_property.pq::Arg0,0.0,0.0,1.0,0.03125,0.0,0.0,0.0,0.0,0.0,1.0,0.15625,0.0,0.0,0.0,0.2,0.0625,1.0,0.3125,1.0,0.125,0.01015625,0.13333333333333333,0.0625,1.0,0.46875,1.0,0.125,0.01015625,0.15,0.09375,1.0,0.625,1.0,0.125,0.01484375,0.12,0.09375,1.0,0.78125,1.0,0.125,0.01484375,0.1,0.09375,1.0,0.9375,1.0,0.125,0.01484375,0.11428571428571428,0.125,0.9142857142857143,1.0,1.0,0.125,0.018876008064516128,0.125,0.15625,0.8,1.0,1.0,0.125,0.023216285842293908,0.1111111111111111,0.15625,0.7111111111111111,1.0,1.0,0.125,0.023216285842293908,0.1,0.15625,0.64,1.0,1.0,0.125,0.023216285842293908,qwen3_4b-dj_adpt,8,webtable-v2v-v=12-distilroberta-dj_adpt~qwen3_8b-dj_adpt
cwurData.pq::country,1.0,0.03333333333333333,1.0,0.03333333333333333,1.0,1.0,0.03333333333333333,0.8,0.13333333333333333,1.0,0.16666666666666666,1.0,1.0,0.10722222222222223,0.4,0.13333333333333333,1.0,0.3333333333333333,1.0,1.0,0.10722222222222223,0.26666666666666666,0.13333333333333333,1.0,0.5,1.0,1.0,0.10722222222222223,0.2,0.13333333333333333,1.0,0.6666666666666666,1.0,1.0,0.10722222222222223,0.2,0.16666666666666666,1.0,0.8333333333333334,1.0,1.0,0.1147979797979798,0.16666666666666666,0.16666666666666666,1.0,1.0,1.0,1.0,0.1147979797979798,0.14285714285714285,0.16666666666666666,0.8571428571428571,1.0,1.0,1.0,0.1147979797979798,0.15,0.2,0.75,1.0,1.0,1.0,0.12020338520338521,0.13333333333333333,0.2,0.6666666666666666,1.0,1.0,1.0,0.12020338520338521,0.12,0.2,0.6,1.0,1.0,1.0,0.12020338520338521,kalm_gemma3_12b-dj_adpt,9,webtable-v2v-v=12-distilroberta-dj_adpt~qwen3_8b-dj_adpt
countries_and_continents.pq::ISO4217-currency_country_name,0.0,0.0,1.0,0.037037037037037035,0.0,0.0,0.0,0.0,0.0,1.0,0.18518518518518517,0.0,0.0,0.0,0.0,0.0,1.0,0.37037037037037035,0.0,0.0,0.0,0.06666666666666667,0.037037037037037035,1.0,0.5555555555555556,1.0,0.08333333333333333,0.0030864197530864196,0.05,0.037037037037037035,1.0,0.7407407407407407,1.0,0.08333333333333333,0.0030864197530864196,0.04,0.037037037037037035,1.0,0.9259259259259259,1.0,0.08333333333333333,0.0030864197530864196,0.06666666666666667,0.07407407407407407,0.9,1.0,1.0,0.08333333333333333,0.005935422602089268,0.05714285714285714,0.07407407407407407,0.7714285714285715,1.0,1.0,0.08333333333333333,0.005935422602089268,0.05,0.07407407407407407,0.675,1.0,1.0,0.08333333333333333,0.005935422602089268,0.044444444444444446,0.07407407407407407,0.6,1.0,1.0,0.08333333333333333,0.005935422602089268,0.04,0.07407407407407407,0.54,1.0,1.0,0.08333333333333333,0.005935422602089268,kalm_gemma3_12b-dj_adpt,9,webtable-v2v-v=12-distilroberta-dj_adpt~qwen3_8b-dj_adpt
pte_imine.pq::Arg0,0.0,0.0,1.0,0.03125,0.0,0.0,0.0,0.0,0.0,1.0,0.15625,0.0,0.0,0.0,0.0,0.0,1.0,0.3125,0.0,0.0,0.0,0.0,0.0,1.0,0.46875,0.0,0.0,0.0,0.0,0.0,1.0,0.625,0.0,0.0,0.0,0.0,0.0,1.0,0.78125,0.0,0.0,0.0,0.03333333333333333,0.03125,1.0,0.9375,1.0,0.03333333333333333,0.0010416666666666667,0.02857142857142857,0.03125,0.9142857142857143,1.0,1.0,0.03333333333333333,0.0010416666666666667,0.05,0.0625,0.8,1.0,1.0,0.03333333333333333,0.002604166666666667,0.044444444444444446,0.0625,0.7111111111111111,1.0,1.0,0.03333333333333333,0.002604166666666667,0.04,0.0625,0.64,1.0,1.0,0.03333333333333333,0.002604166666666667,kalm_gemma3_12b-dj_adpt,9,webtable-v2v-v=12-distilroberta-dj_adpt~qwen3_8b-dj_adpt
countries_and_continents.pq::official_name_en,1.0,0.037037037037037035,1.0,0.037037037037037035,1.0,1.0,0.037037037037037035,0.2,0.037037037037037035,1.0,0.18518518518518517,1.0,1.0,0.037037037037037035,0.2,0.07407407407407407,1.0,0.37037037037037035,1.0,1.0,0.04526748971193416,0.13333333333333333,0.07407407407407407,1.0,0.5555555555555556,1.0,1.0,0.04526748971193416,0.1,0.07407407407407407,1.0,0.7407407407407407,1.0,1.0,0.04526748971193416,0.12,0.1111111111111111,1.0,0.9259259259259259,1.0,1.0,0.05055849500293945,0.1,0.1111111111111111,0.9,1.0,1.0,1.0,0.05055849500293945,0.08571428571428572,0.1111111111111111,0.7714285714285715,1.0,1.0,1.0,0.05055849500293945,0.075,0.1111111111111111,0.675,1.0,1.0,1.0,0.05055849500293945,0.06666666666666667,0.1111111111111111,0.6,1.0,1.0,1.0,0.05055849500293945,0.06,0.1111111111111111,0.54,1.0,1.0,1.0,0.05055849500293945,kalm_gemma3_12b-dj_adpt,9,webtable-v2v-v=12-distilroberta-dj_adpt~qwen3_8b-dj_adpt
world_country.pq::Name,1.0,0.034482758620689655,1.0,0.034482758620689655,1.0,1.0,0.034482758620689655,0.2,0.034482758620689655,1.0,0.1724137931034483,1.0,1.0,0.034482758620689655,0.1,0.034482758620689655,1.0,0.3448275862068966,1.0,1.0,0.034482758620689655,0.06666666666666667,0.034482758620689655,1.0,0.5172413793103449,1.0,1.0,0.034482758620689655,0.05,0.034482758620689655,1.0,0.6896551724137931,1.0,1.0,0.034482758620689655,0.04,0.034482758620689655,1.0,0.8620689655172413,1.0,1.0,0.034482758620689655,0.03333333333333333,0.034482758620689655,0.9666666666666667,1.0,1.0,1.0,0.034482758620689655,0.02857142857142857,0.034482758620689655,0.8285714285714286,1.0,1.0,1.0,0.034482758620689655,0.025,0.034482758620689655,0.725,1.0,1.0,1.0,0.034482758620689655,0.022222222222222223,0.034482758620689655,0.6444444444444445,1.0,1.0,1.0,0.034482758620689655,0.04,0.06896551724137931,0.58,1.0,1.0,1.0,0.03591954022988506,kalm_gemma3_12b-dj_adpt,9,webtable-v2v-v=12-distilroberta-dj_adpt~qwen3_8b-dj_adpt
pte_nitro.pq::Arg0,1.0,0.03125,1.0,0.03125,1.0,1.0,0.03125,1.0,0.15625,1.0,0.15625,1.0,1.0,0.15625,0.6,0.1875,1.0,0.3125,1.0,1.0,0.1875,0.4,0.1875,1.0,0.46875,1.0,1.0,0.1875,0.35,0.21875,1.0,0.625,1.0,1.0,0.201171875,0.28,0.21875,1.0,0.78125,1.0,1.0,0.201171875,0.23333333333333334,0.21875,1.0,0.9375,1.0,1.0,0.201171875,0.22857142857142856,0.25,0.9142857142857143,1.0,1.0,1.0,0.20874763257575757,0.2,0.25,0.8,1.0,1.0,1.0,0.20874763257575757,0.2,0.28125,0.7111111111111111,1.0,1.0,1.0,0.21528833025017619,0.2,0.3125,0.64,1.0,1.0,1.0,0.22179874691684284,kalm_gemma3_12b-dj_adpt,9,webtable-v2v-v=12-distilroberta-dj_adpt~qwen3_8b-dj_adpt
pte_sulfide.pq::Arg0,1.0,0.03125,1.0,0.03125,1.0,1.0,0.03125,1.0,0.15625,1.0,0.15625,1.0,1.0,0.15625,0.6,0.1875,1.0,0.3125,1.0,1.0,0.1875,0.4666666666666667,0.21875,1.0,0.46875,1.0,1.0,0.20208333333333334,0.35,0.21875,1.0,0.625,1.0,1.0,0.20208333333333334,0.32,0.25,1.0,0.78125,1.0,1.0,0.21208333333333335,0.26666666666666666,0.25,1.0,0.9375,1.0,1.0,0.21208333333333335,0.22857142857142856,0.25,0.9142857142857143,1.0,1.0,1.0,0.21208333333333335,0.2,0.25,0.8,1.0,1.0,1.0,0.21208333333333335,0.2,0.28125,0.7111111111111111,1.0,1.0,1.0,0.21833333333333332,0.18,0.28125,0.64,1.0,1.0,1.0,0.21833333333333332,kalm_gemma3_12b-dj_adpt,9,webtable-v2v-v=12-distilroberta-dj_adpt~qwen3_8b-dj_adpt
pte_non_ar_hetero_6_ring.pq::Arg0,1.0,0.03125,1.0,0.03125,1.0,1.0,0.03125,0.8,0.125,1.0,0.15625,1.0,1.0,0.125,0.4,0.125,1.0,0.3125,1.0,1.0,0.125,0.26666666666666666,0.125,1.0,0.46875,1.0,1.0,0.125,0.2,0.125,1.0,0.625,1.0,1.0,0.125,0.16,0.125,1.0,0.78125,1.0,1.0,0.125,0.16666666666666666,0.15625,1.0,0.9375,1.0,1.0,0.1310096153846154,0.14285714285714285,0.15625,0.9142857142857143,1.0,1.0,1.0,0.1310096153846154,0.15,0.1875,0.8,1.0,1.0,1.0,0.13569711538461537,0.15555555555555556,0.21875,0.7111111111111111,1.0,1.0,1.0,0.14066870629370629,0.16,0.25,0.64,1.0,1.0,1.0,0.1459878552298765,kalm_gemma3_12b-dj_adpt,9,webtable-v2v-v=12-distilroberta-dj_adpt~qwen3_8b-dj_adpt
Word_University_Rank_2020.pq::Country,1.0,0.03333333333333333,1.0,0.03333333333333333,1.0,1.0,0.03333333333333333,0.6,0.1,1.0,0.16666666666666666,1.0,1.0,0.1,0.6,0.2,1.0,0.3333333333333333,1.0,1.0,0.1551851851851852,0.4,0.2,1.0,0.5,1.0,1.0,0.1551851851851852,0.3,0.2,1.0,0.6666666666666666,1.0,1.0,0.1551851851851852,0.24,0.2,1.0,0.8333333333333334,1.0,1.0,0.1551851851851852,0.2,0.2,1.0,1.0,1.0,1.0,0.1551851851851852,0.17142857142857143,0.2,0.8571428571428571,1.0,1.0,1.0,0.1551851851851852,0.15,0.2,0.75,1.0,1.0,1.0,0.1551851851851852,0.13333333333333333,0.2,0.6666666666666666,1.0,1.0,1.0,0.1551851851851852,0.12,0.2,0.6,1.0,1.0,1.0,0.1551851851851852,kalm_gemma3_12b-dj_adpt,9,webtable-v2v-v=12-distilroberta-dj_adpt~qwen3_8b-dj_adpt
gender_development.pq::Country,0.0,0.0,1.0,0.03333333333333333,0.0,0.0,0.0,0.6,0.1,1.0,0.16666666666666666,1.0,0.5,0.06388888888888888,0.5,0.16666666666666666,1.0,0.3333333333333333,1.0,0.5,0.09537037037037037,0.3333333333333333,0.16666666666666666,1.0,0.5,1.0,0.5,0.09537037037037037,0.25,0.16666666666666666,1.0,0.6666666666666666,1.0,0.5,0.09537037037037037,0.2,0.16666666666666666,1.0,0.8333333333333334,1.0,0.5,0.09537037037037037,0.2,0.2,1.0,1.0,1.0,0.5,0.10306267806267806,0.2,0.23333333333333334,0.8571428571428571,1.0,1.0,0.5,0.10992542316071727,0.175,0.23333333333333334,0.75,1.0,1.0,0.5,0.10992542316071727,0.15555555555555556,0.23333333333333334,0.6666666666666666,1.0,1.0,0.5,0.10992542316071727,0.14,0.23333333333333334,0.6,1.0,1.0,0.5,0.10992542316071727,kalm_gemma3_12b-dj_adpt,9,webtable-v2v-v=12-distilroberta-dj_adpt~qwen3_8b-dj_adpt
pte_testactive_Neg.pq::Arg0,1.0,0.03125,1.0,0.03125,1.0,1.0,0.03125,0.4,0.0625,1.0,0.15625,1.0,1.0,0.04375,0.2,0.0625,1.0,0.3125,1.0,1.0,0.04375,0.13333333333333333,0.0625,1.0,0.46875,1.0,1.0,0.04375,0.1,0.0625,1.0,0.625,1.0,1.0,0.04375,0.08,0.0625,1.0,0.78125,1.0,1.0,0.04375,0.1,0.09375,1.0,0.9375,1.0,1.0,0.04698275862068966,0.08571428571428572,0.09375,0.9142857142857143,1.0,1.0,1.0,0.04698275862068966,0.075,0.09375,0.8,1.0,1.0,1.0,0.04698275862068966,0.06666666666666667,0.09375,0.7111111111111111,1.0,1.0,1.0,0.04698275862068966,0.06,0.09375,0.64,1.0,1.0,1.0,0.04698275862068966,kalm_gemma3_12b-dj_adpt,9,webtable-v2v-v=12-distilroberta-dj_adpt~qwen3_8b-dj_adpt
edu.pq::country,0.0,0.0,1.0,0.03333333333333333,0.0,0.0,0.0,0.0,0.0,1.0,0.16666666666666666,0.0,0.0,0.0,0.0,0.0,1.0,0.3333333333333333,0.0,0.0,0.0,0.0,0.0,1.0,0.5,0.0,0.0,0.0,0.0,0.0,1.0,0.6666666666666666,0.0,0.0,0.0,0.0,0.0,1.0,0.8333333333333334,0.0,0.0,0.0,0.0,0.0,1.0,1.0,0.0,0.0,0.0,0.0,0.0,0.8571428571428571,1.0,0.0,0.0,0.0,0.0,0.0,0.75,1.0,0.0,0.0,0.0,0.0,0.0,0.6666666666666666,1.0,0.0,0.0,0.0,0.02,0.03333333333333333,0.6,1.0,1.0,0.021739130434782608,0.0007246376811594203,kalm_gemma3_12b-dj_adpt,9,webtable-v2v-v=12-distilroberta-dj_adpt~qwen3_8b-dj_adpt
AdventureWorks2014_CountryRegion.pq::Name,1.0,0.03333333333333333,1.0,0.03333333333333333,1.0,1.0,0.03333333333333333,0.2,0.03333333333333333,1.0,0.16666666666666666,1.0,1.0,0.03333333333333333,0.1,0.03333333333333333,1.0,0.3333333333333333,1.0,1.0,0.03333333333333333,0.13333333333333333,0.06666666666666667,1.0,0.5,1.0,1.0,0.03846153846153846,0.15,0.1,1.0,0.6666666666666666,1.0,1.0,0.0437246963562753,0.12,0.1,1.0,0.8333333333333334,1.0,1.0,0.0437246963562753,0.1,0.1,1.0,1.0,1.0,1.0,0.0437246963562753,0.08571428571428572,0.1,0.8571428571428571,1.0,1.0,1.0,0.0437246963562753,0.075,0.1,0.75,1.0,1.0,1.0,0.0437246963562753,0.06666666666666667,0.1,0.6666666666666666,1.0,1.0,1.0,0.0437246963562753,0.06,0.1,0.6,1.0,1.0,1.0,0.0437246963562753,kalm_gemma3_12b-dj_adpt,9,webtable-v2v-v=12-distilroberta-dj_adpt~qwen3_8b-dj_adpt
pte_methoxy.pq::Arg0,1.0,0.03125,1.0,0.03125,1.0,1.0,0.03125,0.2,0.03125,1.0,0.15625,1.0,1.0,0.03125,0.1,0.03125,1.0,0.3125,1.0,1.0,0.03125,0.13333333333333333,0.0625,1.0,0.46875,1.0,1.0,0.036931818181818184,0.2,0.125,1.0,0.625,1.0,1.0,0.04902547143259218,0.2,0.15625,1.0,0.78125,1.0,1.0,0.05581894969346174,0.2,0.1875,1.0,0.9375,1.0,1.0,0.06251537826489031,0.22857142857142856,0.25,0.9142857142857143,1.0,1.0,1.0,0.0767042569413609,0.225,0.28125,0.8,1.0,1.0,1.0,0.0845167569413609,0.2,0.28125,0.7111111111111111,1.0,1.0,1.0,0.0845167569413609,0.18,0.28125,0.64,1.0,1.0,1.0,0.0845167569413609,kalm_gemma3_12b-dj_adpt,9,webtable-v2v-v=12-distilroberta-dj_adpt~qwen3_8b-dj_adpt
world-cities.pq::country,1.0,0.03333333333333333,1.0,0.03333333333333333,1.0,1.0,0.03333333333333333,0.2,0.03333333333333333,1.0,0.16666666666666666,1.0,1.0,0.03333333333333333,0.2,0.06666666666666667,1.0,0.3333333333333333,1.0,1.0,0.041666666666666664,0.2,0.1,1.0,0.5,1.0,1.0,0.05075757575757576,0.15,0.1,1.0,0.6666666666666666,1.0,1.0,0.05075757575757576,0.12,0.1,1.0,0.8333333333333334,1.0,1.0,0.05075757575757576,0.1,0.1,1.0,1.0,1.0,1.0,0.05075757575757576,0.08571428571428572,0.1,0.8571428571428571,1.0,1.0,1.0,0.05075757575757576,0.075,0.1,0.75,1.0,1.0,1.0,0.05075757575757576,0.06666666666666667,0.1,0.6666666666666666,1.0,1.0,1.0,0.05075757575757576,0.08,0.13333333333333333,0.6,1.0,1.0,1.0,0.05359445519019987,kalm_gemma3_12b-dj_adpt,9,webtable-v2v-v=12-distilroberta-dj_adpt~qwen3_8b-dj_adpt
movies.pq::country,1.0,0.03333333333333333,1.0,0.03333333333333333,1.0,1.0,0.03333333333333333,0.4,0.06666666666666667,1.0,0.16666666666666666,1.0,1.0,0.05555555555555555,0.4,0.13333333333333333,1.0,0.3333333333333333,1.0,1.0,0.08465608465608465,0.4666666666666667,0.23333333333333334,1.0,0.5,1.0,1.0,0.13074777074777075,0.4,0.26666666666666666,1.0,0.6666666666666666,1.0,1.0,0.14643404525757467,0.32,0.26666666666666666,1.0,0.8333333333333334,1.0,1.0,0.14643404525757467,0.26666666666666666,0.26666666666666666,1.0,1.0,1.0,1.0,0.14643404525757467,0.22857142857142856,0.26666666666666666,0.8571428571428571,1.0,1.0,1.0,0.14643404525757467,0.2,0.26666666666666666,0.75,1.0,1.0,1.0,0.14643404525757467,0.17777777777777778,0.26666666666666666,0.6666666666666666,1.0,1.0,1.0,0.14643404525757467,0.16,0.26666666666666666,0.6,1.0,1.0,1.0,0.14643404525757467,kalm_gemma3_12b-dj_adpt,9,webtable-v2v-v=12-distilroberta-dj_adpt~qwen3_8b-dj_adpt
countries_data.pq::CountryName,0.0,0.0,1.0,0.03333333333333333,0.0,0.0,0.0,0.4,0.06666666666666667,1.0,0.16666666666666666,1.0,0.5,0.030000000000000002,0.2,0.06666666666666667,1.0,0.3333333333333333,1.0,0.5,0.030000000000000002,0.13333333333333333,0.06666666666666667,1.0,0.5,1.0,0.5,0.030000000000000002,0.1,0.06666666666666667,1.0,0.6666666666666666,1.0,0.5,0.030000000000000002,0.08,0.06666666666666667,1.0,0.8333333333333334,1.0,0.5,0.030000000000000002,0.06666666666666667,0.06666666666666667,1.0,1.0,1.0,0.5,0.030000000000000002,0.05714285714285714,0.06666666666666667,0.8571428571428571,1.0,1.0,0.5,0.030000000000000002,0.05,0.06666666666666667,0.75,1.0,1.0,0.5,0.030000000000000002,0.06666666666666667,0.1,0.6666666666666666,1.0,1.0,0.5,0.03222222222222222,0.06,0.1,0.6,1.0,1.0,0.5,0.03222222222222222,kalm_gemma3_12b-dj_adpt,9,webtable-v2v-v=12-distilroberta-dj_adpt~qwen3_8b-dj_adpt
pte_alcohol.pq::Arg0,0.0,0.0,1.0,0.03125,0.0,0.0,0.0,0.2,0.03125,1.0,0.15625,1.0,0.2,0.00625,0.1,0.03125,1.0,0.3125,1.0,0.2,0.00625,0.06666666666666667,0.03125,1.0,0.46875,1.0,0.2,0.00625,0.05,0.03125,1.0,0.625,1.0,0.2,0.00625,0.12,0.09375,1.0,0.78125,1.0,0.2,0.013487554112554112,0.1,0.09375,1.0,0.9375,1.0,0.2,0.013487554112554112,0.11428571428571428,0.125,0.9142857142857143,1.0,1.0,0.2,0.01739380411255411,0.15,0.1875,0.8,1.0,1.0,0.2,0.02631333852550958,0.17777777777777778,0.25,0.7111111111111111,1.0,1.0,0.2,0.03695610338339071,0.2,0.3125,0.64,1.0,1.0,0.2,0.049320233818173326,kalm_gemma3_12b-dj_adpt,9,webtable-v2v-v=12-distilroberta-dj_adpt~qwen3_8b-dj_adpt
pte_phenol.pq::Arg0,0.0,0.0,1.0,0.03125,0.0,0.0,0.0,0.2,0.03125,1.0,0.15625,1.0,0.2,0.00625,0.2,0.0625,1.0,0.3125,1.0,0.2,0.016666666666666666,0.13333333333333333,0.0625,1.0,0.46875,1.0,0.2,0.016666666666666666,0.1,0.0625,1.0,0.625,1.0,0.2,0.016666666666666666,0.12,0.09375,1.0,0.78125,1.0,0.2,0.021130952380952382,0.1,0.09375,1.0,0.9375,1.0,0.2,0.021130952380952382,0.08571428571428572,0.09375,0.9142857142857143,1.0,1.0,0.2,0.021130952380952382,0.075,0.09375,0.8,1.0,1.0,0.2,0.021130952380952382,0.06666666666666667,0.09375,0.7111111111111111,1.0,1.0,0.2,0.021130952380952382,0.06,0.09375,0.64,1.0,1.0,0.2,0.021130952380952382,kalm_gemma3_12b-dj_adpt,9,webtable-v2v-v=12-distilroberta-dj_adpt~qwen3_8b-dj_adpt
pte_ester.pq::Arg0,1.0,0.03125,1.0,0.03125,1.0,1.0,0.03125,1.0,0.15625,1.0,0.15625,1.0,1.0,0.15625,0.6,0.1875,1.0,0.3125,1.0,1.0,0.1875,0.4,0.1875,1.0,0.46875,1.0,1.0,0.1875,0.35,0.21875,1.0,0.625,1.0,1.0,0.19901315789473684,0.28,0.21875,1.0,0.78125,1.0,1.0,0.19901315789473684,0.23333333333333334,0.21875,1.0,0.9375,1.0,1.0,0.19901315789473684,0.22857142857142856,0.25,0.9142857142857143,1.0,1.0,1.0,0.20615601503759398,0.225,0.28125,0.8,1.0,1.0,1.0,0.21396851503759398,0.2222222222222222,0.3125,0.7111111111111111,1.0,1.0,1.0,0.2212359568980591,0.2,0.3125,0.64,1.0,1.0,1.0,0.2212359568980591,kalm_gemma3_12b-dj_adpt,9,webtable-v2v-v=12-distilroberta-dj_adpt~qwen3_8b-dj_adpt
pte_non_ar_hetero_5_ring.pq::Arg0,1.0,0.03125,1.0,0.03125,1.0,1.0,0.03125,1.0,0.15625,1.0,0.15625,1.0,1.0,0.15625,0.6,0.1875,1.0,0.3125,1.0,1.0,0.18303571428571427,0.4,0.1875,1.0,0.46875,1.0,1.0,0.18303571428571427,0.35,0.21875,1.0,0.625,1.0,1.0,0.19670758928571427,0.28,0.21875,1.0,0.78125,1.0,1.0,0.19670758928571427,0.26666666666666666,0.25,1.0,0.9375,1.0,1.0,0.2063229739010989,0.22857142857142856,0.25,0.9142857142857143,1.0,1.0,1.0,0.2063229739010989,0.2,0.25,0.8,1.0,1.0,1.0,0.2063229739010989,0.2,0.28125,0.7111111111111111,1.0,1.0,1.0,0.21318272999865986,0.18,0.28125,0.64,1.0,1.0,1.0,0.21318272999865986,kalm_gemma3_12b-dj_adpt,9,webtable-v2v-v=12-distilroberta-dj_adpt~qwen3_8b-dj_adpt
population_by_country_2020.pq::CountryDependency,0.0,0.0,1.0,0.03333333333333333,0.0,0.0,0.0,0.2,0.03333333333333333,1.0,0.16666666666666666,1.0,0.25,0.008333333333333333,0.1,0.03333333333333333,1.0,0.3333333333333333,1.0,0.25,0.008333333333333333,0.06666666666666667,0.03333333333333333,1.0,0.5,1.0,0.25,0.008333333333333333,0.05,0.03333333333333333,1.0,0.6666666666666666,1.0,0.25,0.008333333333333333,0.04,0.03333333333333333,1.0,0.8333333333333334,1.0,0.25,0.008333333333333333,0.06666666666666667,0.06666666666666667,1.0,1.0,1.0,0.25,0.010714285714285713,0.08571428571428572,0.1,0.8571428571428571,1.0,1.0,0.25,0.013839285714285714,0.075,0.1,0.75,1.0,1.0,0.25,0.013839285714285714,0.06666666666666667,0.1,0.6666666666666666,1.0,1.0,0.25,0.013839285714285714,0.06,0.1,0.6,1.0,1.0,0.25,0.013839285714285714,kalm_gemma3_12b-dj_adpt,9,webtable-v2v-v=12-distilroberta-dj_adpt~qwen3_8b-dj_adpt
pte_non_ar_5c_ring.pq::Arg0,1.0,0.03125,1.0,0.03125,1.0,1.0,0.03125,0.4,0.0625,1.0,0.15625,1.0,1.0,0.0625,0.2,0.0625,1.0,0.3125,1.0,1.0,0.0625,0.2,0.09375,1.0,0.46875,1.0,1.0,0.0703125,0.25,0.15625,1.0,0.625,1.0,1.0,0.08547794117647059,0.2,0.15625,1.0,0.78125,1.0,1.0,0.08547794117647059,0.23333333333333334,0.21875,1.0,0.9375,1.0,1.0,0.10023488562091504,0.22857142857142856,0.25,0.9142857142857143,1.0,1.0,1.0,0.1078106431966726,0.225,0.28125,0.8,1.0,1.0,1.0,0.11521195898614629,0.2,0.28125,0.7111111111111111,1.0,1.0,1.0,0.11521195898614629,0.18,0.28125,0.64,1.0,1.0,1.0,0.11521195898614629,kalm_gemma3_12b-dj_adpt,9,webtable-v2v-v=12-distilroberta-dj_adpt~qwen3_8b-dj_adpt
fifa_ranking.pq::country_full,1.0,0.03333333333333333,1.0,0.03333333333333333,1.0,1.0,0.03333333333333333,0.4,0.06666666666666667,1.0,0.16666666666666666,1.0,1.0,0.06666666666666667,0.2,0.06666666666666667,1.0,0.3333333333333333,1.0,1.0,0.06666666666666667,0.13333333333333333,0.06666666666666667,1.0,0.5,1.0,1.0,0.06666666666666667,0.1,0.06666666666666667,1.0,0.6666666666666666,1.0,1.0,0.06666666666666667,0.08,0.06666666666666667,1.0,0.8333333333333334,1.0,1.0,0.06666666666666667,0.06666666666666667,0.06666666666666667,1.0,1.0,1.0,1.0,0.06666666666666667,0.05714285714285714,0.06666666666666667,0.8571428571428571,1.0,1.0,1.0,0.06666666666666667,0.075,0.1,0.75,1.0,1.0,1.0,0.06944444444444445,0.06666666666666667,0.1,0.6666666666666666,1.0,1.0,1.0,0.06944444444444445,0.06,0.1,0.6,1.0,1.0,1.0,0.06944444444444445,kalm_gemma3_12b-dj_adpt,9,webtable-v2v-v=12-distilroberta-dj_adpt~qwen3_8b-dj_adpt
countries_of_the_world.pq::Country,1.0,0.03333333333333333,1.0,0.03333333333333333,1.0,1.0,0.03333333333333333,0.8,0.13333333333333333,1.0,0.16666666666666666,1.0,1.0,0.12666666666666665,0.5,0.16666666666666666,1.0,0.3333333333333333,1.0,1.0,0.14333333333333334,0.4,0.2,1.0,0.5,1.0,1.0,0.16,0.3,0.2,1.0,0.6666666666666666,1.0,1.0,0.16,0.24,0.2,1.0,0.8333333333333334,1.0,1.0,0.16,0.2,0.2,1.0,1.0,1.0,1.0,0.16,0.17142857142857143,0.2,0.8571428571428571,1.0,1.0,1.0,0.16,0.15,0.2,0.75,1.0,1.0,1.0,0.16,0.13333333333333333,0.2,0.6666666666666666,1.0,1.0,1.0,0.16,0.12,0.2,0.6,1.0,1.0,1.0,0.16,kalm_gemma3_12b-dj_adpt,9,webtable-v2v-v=12-distilroberta-dj_adpt~qwen3_8b-dj_adpt
pte_ketone.pq::Arg0,1.0,0.03125,1.0,0.03125,1.0,1.0,0.03125,1.0,0.15625,1.0,0.15625,1.0,1.0,0.15625,0.7,0.21875,1.0,0.3125,1.0,1.0,0.21037946428571427,0.4666666666666667,0.21875,1.0,0.46875,1.0,1.0,0.21037946428571427,0.35,0.21875,1.0,0.625,1.0,1.0,0.21037946428571427,0.28,0.21875,1.0,0.78125,1.0,1.0,0.21037946428571427,0.26666666666666666,0.25,1.0,0.9375,1.0,1.0,0.2187127976190476,0.22857142857142856,0.25,0.9142857142857143,1.0,1.0,1.0,0.2187127976190476,0.2,0.25,0.8,1.0,1.0,1.0,0.2187127976190476,0.2,0.28125,0.7111111111111111,1.0,1.0,1.0,0.22540922619047618,0.18,0.28125,0.64,1.0,1.0,1.0,0.22540922619047618,kalm_gemma3_12b-dj_adpt,9,webtable-v2v-v=12-distilroberta-dj_adpt~qwen3_8b-dj_adpt
who_suicide_statistics.pq::country,0.0,0.0,1.0,0.03333333333333333,0.0,0.0,0.0,0.0,0.0,1.0,0.16666666666666666,0.0,0.0,0.0,0.1,0.03333333333333333,1.0,0.3333333333333333,1.0,0.1,0.0033333333333333335,0.13333333333333333,0.06666666666666667,1.0,0.5,1.0,0.1,0.008888888888888889,0.1,0.06666666666666667,1.0,0.6666666666666666,1.0,0.1,0.008888888888888889,0.16,0.13333333333333333,1.0,0.8333333333333334,1.0,0.1,0.01971139971139971,0.13333333333333333,0.13333333333333333,1.0,1.0,1.0,0.1,0.01971139971139971,0.11428571428571428,0.13333333333333333,0.8571428571428571,1.0,1.0,0.1,0.01971139971139971,0.1,0.13333333333333333,0.75,1.0,1.0,0.1,0.01971139971139971,0.08888888888888889,0.13333333333333333,0.6666666666666666,1.0,1.0,0.1,0.01971139971139971,0.08,0.13333333333333333,0.6,1.0,1.0,0.1,0.01971139971139971,kalm_gemma3_12b-dj_adpt,9,webtable-v2v-v=12-distilroberta-dj_adpt~qwen3_8b-dj_adpt
UKDebate.pq::country,0.0,0.0,1.0,0.03333333333333333,0.0,0.0,0.0,0.0,0.0,1.0,0.16666666666666666,0.0,0.0,0.0,0.0,0.0,1.0,0.3333333333333333,0.0,0.0,0.0,0.0,0.0,1.0,0.5,0.0,0.0,0.0,0.0,0.0,1.0,0.6666666666666666,0.0,0.0,0.0,0.0,0.0,1.0,0.8333333333333334,0.0,0.0,0.0,0.0,0.0,1.0,1.0,0.0,0.0,0.0,0.0,0.0,0.8571428571428571,1.0,0.0,0.0,0.0,0.0,0.0,0.75,1.0,0.0,0.0,0.0,0.0,0.0,0.6666666666666666,1.0,0.0,0.0,0.0,0.0,0.0,0.6,1.0,0.0,0.0,0.0,kalm_gemma3_12b-dj_adpt,9,webtable-v2v-v=12-distilroberta-dj_adpt~qwen3_8b-dj_adpt
World_countries_env_vars.pq::Country,1.0,0.03333333333333333,1.0,0.03333333333333333,1.0,1.0,0.03333333333333333,0.6,0.1,1.0,0.16666666666666666,1.0,1.0,0.07,0.3,0.1,1.0,0.3333333333333333,1.0,1.0,0.07,0.26666666666666666,0.13333333333333333,1.0,0.5,1.0,1.0,0.07888888888888888,0.2,0.13333333333333333,1.0,0.6666666666666666,1.0,1.0,0.07888888888888888,0.16,0.13333333333333333,1.0,0.8333333333333334,1.0,1.0,0.07888888888888888,0.13333333333333333,0.13333333333333333,1.0,1.0,1.0,1.0,0.07888888888888888,0.14285714285714285,0.16666666666666666,0.8571428571428571,1.0,1.0,1.0,0.08409722222222223,0.125,0.16666666666666666,0.75,1.0,1.0,1.0,0.08409722222222223,0.1111111111111111,0.16666666666666666,0.6666666666666666,1.0,1.0,1.0,0.08409722222222223,0.1,0.16666666666666666,0.6,1.0,1.0,1.0,0.08409722222222223,kalm_gemma3_12b-dj_adpt,9,webtable-v2v-v=12-distilroberta-dj_adpt~qwen3_8b-dj_adpt
USA_cars_datasets.pq::country,0.0,0.0,1.0,0.03333333333333333,0.0,0.0,0.0,0.0,0.0,1.0,0.16666666666666666,0.0,0.0,0.0,0.0,0.0,1.0,0.3333333333333333,0.0,0.0,0.0,0.0,0.0,1.0,0.5,0.0,0.0,0.0,0.0,0.0,1.0,0.6666666666666666,0.0,0.0,0.0,0.0,0.0,1.0,0.8333333333333334,0.0,0.0,0.0,0.0,0.0,1.0,1.0,0.0,0.0,0.0,0.02857142857142857,0.03333333333333333,0.8571428571428571,1.0,1.0,0.030303030303030304,0.00101010101010101,0.025,0.03333333333333333,0.75,1.0,1.0,0.030303030303030304,0.00101010101010101,0.022222222222222223,0.03333333333333333,0.6666666666666666,1.0,1.0,0.030303030303030304,0.00101010101010101,0.04,0.06666666666666667,0.6,1.0,1.0,0.030303030303030304,0.0023434343434343436,kalm_gemma3_12b-dj_adpt,9,webtable-v2v-v=12-distilroberta-dj_adpt~qwen3_8b-dj_adpt
netflix_titles.pq::country,0.0,0.0,1.0,0.03333333333333333,0.0,0.0,0.0,0.2,0.03333333333333333,1.0,0.16666666666666666,1.0,0.25,0.008333333333333333,0.1,0.03333333333333333,1.0,0.3333333333333333,1.0,0.25,0.008333333333333333,0.06666666666666667,0.03333333333333333,1.0,0.5,1.0,0.25,0.008333333333333333,0.05,0.03333333333333333,1.0,0.6666666666666666,1.0,0.25,0.008333333333333333,0.04,0.03333333333333333,1.0,0.8333333333333334,1.0,0.25,0.008333333333333333,0.03333333333333333,0.03333333333333333,1.0,1.0,1.0,0.25,0.008333333333333333,0.02857142857142857,0.03333333333333333,0.8571428571428571,1.0,1.0,0.25,0.008333333333333333,0.025,0.03333333333333333,0.75,1.0,1.0,0.25,0.008333333333333333,0.022222222222222223,0.03333333333333333,0.6666666666666666,1.0,1.0,0.25,0.008333333333333333,0.02,0.03333333333333333,0.6,1.0,1.0,0.25,0.008333333333333333,kalm_gemma3_12b-dj_adpt,9,webtable-v2v-v=12-distilroberta-dj_adpt~qwen3_8b-dj_adpt
pte_ames.pq::Arg0,1.0,0.03125,1.0,0.03125,1.0,1.0,0.03125,1.0,0.15625,1.0,0.15625,1.0,1.0,0.15625,0.6,0.1875,1.0,0.3125,1.0,1.0,0.18303571428571427,0.4,0.1875,1.0,0.46875,1.0,1.0,0.18303571428571427,0.35,0.21875,1.0,0.625,1.0,1.0,0.19670758928571427,0.32,0.25,1.0,0.78125,1.0,1.0,0.20670758928571428,0.26666666666666666,0.25,1.0,0.9375,1.0,1.0,0.20670758928571428,0.22857142857142856,0.25,0.9142857142857143,1.0,1.0,1.0,0.20670758928571428,0.2,0.25,0.8,1.0,1.0,1.0,0.20670758928571428,0.2222222222222222,0.3125,0.7111111111111111,1.0,1.0,1.0,0.22019273140457735,0.2,0.3125,0.64,1.0,1.0,1.0,0.22019273140457735,kalm_gemma3_12b-dj_adpt,9,webtable-v2v-v=12-distilroberta-dj_adpt~qwen3_8b-dj_adpt
movie_metadata.pq::country,0.0,0.0,1.0,0.03333333333333333,0.0,0.0,0.0,0.0,0.0,1.0,0.16666666666666666,0.0,0.0,0.0,0.1,0.03333333333333333,1.0,0.3333333333333333,1.0,0.1111111111111111,0.0037037037037037034,0.06666666666666667,0.03333333333333333,1.0,0.5,1.0,0.1111111111111111,0.0037037037037037034,0.05,0.03333333333333333,1.0,0.6666666666666666,1.0,0.1111111111111111,0.0037037037037037034,0.04,0.03333333333333333,1.0,0.8333333333333334,1.0,0.1111111111111111,0.0037037037037037034,0.03333333333333333,0.03333333333333333,1.0,1.0,1.0,0.1111111111111111,0.0037037037037037034,0.02857142857142857,0.03333333333333333,0.8571428571428571,1.0,1.0,0.1111111111111111,0.0037037037037037034,0.025,0.03333333333333333,0.75,1.0,1.0,0.1111111111111111,0.0037037037037037034,0.022222222222222223,0.03333333333333333,0.6666666666666666,1.0,1.0,0.1111111111111111,0.0037037037037037034,0.02,0.03333333333333333,0.6,1.0,1.0,0.1111111111111111,0.0037037037037037034,kalm_gemma3_12b-dj_adpt,9,webtable-v2v-v=12-distilroberta-dj_adpt~qwen3_8b-dj_adpt
world_country.pq::LocalName,0.0,0.0,1.0,0.034482758620689655,0.0,0.0,0.0,0.2,0.034482758620689655,1.0,0.1724137931034483,1.0,0.3333333333333333,0.011494252873563218,0.1,0.034482758620689655,1.0,0.3448275862068966,1.0,0.3333333333333333,0.011494252873563218,0.06666666666666667,0.034482758620689655,1.0,0.5172413793103449,1.0,0.3333333333333333,0.011494252873563218,0.05,0.034482758620689655,1.0,0.6896551724137931,1.0,0.3333333333333333,0.011494252873563218,0.04,0.034482758620689655,1.0,0.8620689655172413,1.0,0.3333333333333333,0.011494252873563218,0.03333333333333333,0.034482758620689655,0.9666666666666667,1.0,1.0,0.3333333333333333,0.011494252873563218,0.02857142857142857,0.034482758620689655,0.8285714285714286,1.0,1.0,0.3333333333333333,0.011494252873563218,0.025,0.034482758620689655,0.725,1.0,1.0,0.3333333333333333,0.011494252873563218,0.044444444444444446,0.06896551724137931,0.6444444444444445,1.0,1.0,0.3333333333333333,0.013026819923371647,0.04,0.06896551724137931,0.58,1.0,1.0,0.3333333333333333,0.013026819923371647,kalm_gemma3_12b-dj_adpt,9,webtable-v2v-v=12-distilroberta-dj_adpt~qwen3_8b-dj_adpt
countries_metadatacountries.pq::CountryName,1.0,0.03333333333333333,1.0,0.03333333333333333,1.0,1.0,0.03333333333333333,0.4,0.06666666666666667,1.0,0.16666666666666666,1.0,1.0,0.06666666666666667,0.2,0.06666666666666667,1.0,0.3333333333333333,1.0,1.0,0.06666666666666667,0.13333333333333333,0.06666666666666667,1.0,0.5,1.0,1.0,0.06666666666666667,0.1,0.06666666666666667,1.0,0.6666666666666666,1.0,1.0,0.06666666666666667,0.08,0.06666666666666667,1.0,0.8333333333333334,1.0,1.0,0.06666666666666667,0.1,0.1,1.0,1.0,1.0,1.0,0.07037037037037037,0.08571428571428572,0.1,0.8571428571428571,1.0,1.0,1.0,0.07037037037037037,0.075,0.1,0.75,1.0,1.0,1.0,0.07037037037037037,0.06666666666666667,0.1,0.6666666666666666,1.0,1.0,1.0,0.07037037037037037,0.06,0.1,0.6,1.0,1.0,1.0,0.07037037037037037,kalm_gemma3_12b-dj_adpt,9,webtable-v2v-v=12-distilroberta-dj_adpt~qwen3_8b-dj_adpt
pte_postestactive_neg.pq::Arg0,1.0,0.03125,1.0,0.03125,1.0,1.0,0.03125,0.4,0.0625,1.0,0.15625,1.0,1.0,0.04375,0.2,0.0625,1.0,0.3125,1.0,1.0,0.04375,0.13333333333333333,0.0625,1.0,0.46875,1.0,1.0,0.04375,0.1,0.0625,1.0,0.625,1.0,1.0,0.04375,0.08,0.0625,1.0,0.78125,1.0,1.0,0.04375,0.1,0.09375,1.0,0.9375,1.0,1.0,0.04698275862068966,0.08571428571428572,0.09375,0.9142857142857143,1.0,1.0,1.0,0.04698275862068966,0.075,0.09375,0.8,1.0,1.0,1.0,0.04698275862068966,0.06666666666666667,0.09375,0.7111111111111111,1.0,1.0,1.0,0.04698275862068966,0.06,0.09375,0.64,1.0,1.0,1.0,0.04698275862068966,kalm_gemma3_12b-dj_adpt,9,webtable-v2v-v=12-distilroberta-dj_adpt~qwen3_8b-dj_adpt
pte_alkyl_halide.pq::Arg0,1.0,0.03125,1.0,0.03125,1.0,1.0,0.03125,0.2,0.03125,1.0,0.15625,1.0,1.0,0.03125,0.1,0.03125,1.0,0.3125,1.0,1.0,0.03125,0.06666666666666667,0.03125,1.0,0.46875,1.0,1.0,0.03125,0.05,0.03125,1.0,0.625,1.0,1.0,0.03125,0.04,0.03125,1.0,0.78125,1.0,1.0,0.03125,0.1,0.09375,1.0,0.9375,1.0,1.0,0.037126068376068376,0.08571428571428572,0.09375,0.9142857142857143,1.0,1.0,1.0,0.037126068376068376,0.075,0.09375,0.8,1.0,1.0,1.0,0.037126068376068376,0.06666666666666667,0.09375,0.7111111111111111,1.0,1.0,1.0,0.037126068376068376,0.06,0.09375,0.64,1.0,1.0,1.0,0.037126068376068376,kalm_gemma3_12b-dj_adpt,9,webtable-v2v-v=12-distilroberta-dj_adpt~qwen3_8b-dj_adpt
pte_testactive.pq::Arg0,0.0,0.0,1.0,0.03125,0.0,0.0,0.0,0.0,0.0,1.0,0.15625,0.0,0.0,0.0,0.1,0.03125,1.0,0.3125,1.0,0.125,0.00390625,0.13333333333333333,0.0625,1.0,0.46875,1.0,0.125,0.008072916666666666,0.1,0.0625,1.0,0.625,1.0,0.125,0.008072916666666666,0.08,0.0625,1.0,0.78125,1.0,0.125,0.008072916666666666,0.1,0.09375,1.0,0.9375,1.0,0.125,0.011305675287356322,0.14285714285714285,0.15625,0.9142857142857143,1.0,1.0,0.125,0.019676211001642036,0.175,0.21875,0.8,1.0,1.0,0.125,0.030212528569209602,0.2222222222222222,0.3125,0.7111111111111111,1.0,1.0,0.125,0.049501399420580454,0.2,0.3125,0.64,1.0,1.0,0.125,0.049501399420580454,kalm_gemma3_12b-dj_adpt,9,webtable-v2v-v=12-distilroberta-dj_adpt~qwen3_8b-dj_adpt
hfi_cc_2018.pq::countries,1.0,0.03333333333333333,1.0,0.03333333333333333,1.0,1.0,0.03333333333333333,0.8,0.13333333333333333,1.0,0.16666666666666666,1.0,1.0,0.11833333333333333,0.4,0.13333333333333333,1.0,0.3333333333333333,1.0,1.0,0.11833333333333333,0.26666666666666666,0.13333333333333333,1.0,0.5,1.0,1.0,0.11833333333333333,0.2,0.13333333333333333,1.0,0.6666666666666666,1.0,1.0,0.11833333333333333,0.16,0.13333333333333333,1.0,0.8333333333333334,1.0,1.0,0.11833333333333333,0.13333333333333333,0.13333333333333333,1.0,1.0,1.0,1.0,0.11833333333333333,0.14285714285714285,0.16666666666666666,0.8571428571428571,1.0,1.0,1.0,0.12354166666666666,0.125,0.16666666666666666,0.75,1.0,1.0,1.0,0.12354166666666666,0.1111111111111111,0.16666666666666666,0.6666666666666666,1.0,1.0,1.0,0.12354166666666666,0.1,0.16666666666666666,0.6,1.0,1.0,1.0,0.12354166666666666,kalm_gemma3_12b-dj_adpt,9,webtable-v2v-v=12-distilroberta-dj_adpt~qwen3_8b-dj_adpt
wikipedia-iso-country-codes.pq::English_short_name_lower_case,0.0,0.0,1.0,0.03333333333333333,0.0,0.0,0.0,0.2,0.03333333333333333,1.0,0.16666666666666666,1.0,0.5,0.016666666666666666,0.2,0.06666666666666667,1.0,0.3333333333333333,1.0,0.5,0.02619047619047619,0.13333333333333333,0.06666666666666667,1.0,0.5,1.0,0.5,0.02619047619047619,0.1,0.06666666666666667,1.0,0.6666666666666666,1.0,0.5,0.02619047619047619,0.08,0.06666666666666667,1.0,0.8333333333333334,1.0,0.5,0.02619047619047619,0.06666666666666667,0.06666666666666667,1.0,1.0,1.0,0.5,0.02619047619047619,0.05714285714285714,0.06666666666666667,0.8571428571428571,1.0,1.0,0.5,0.02619047619047619,0.05,0.06666666666666667,0.75,1.0,1.0,0.5,0.02619047619047619,0.044444444444444446,0.06666666666666667,0.6666666666666666,1.0,1.0,0.5,0.02619047619047619,0.04,0.06666666666666667,0.6,1.0,1.0,0.5,0.02619047619047619,kalm_gemma3_12b-dj_adpt,9,webtable-v2v-v=12-distilroberta-dj_adpt~qwen3_8b-dj_adpt
affirmative_asylum.pq::ContinentCountryofNationality,1.0,0.03125,1.0,0.03125,1.0,1.0,0.03125,0.4,0.0625,1.0,0.15625,1.0,1.0,0.05208333333333333,0.3,0.09375,1.0,0.3125,1.0,1.0,0.06380208333333333,0.2,0.09375,1.0,0.46875,1.0,1.0,0.06380208333333333,0.15,0.09375,1.0,0.625,1.0,1.0,0.06380208333333333,0.16,0.125,1.0,0.78125,1.0,1.0,0.06923686594202899,0.13333333333333333,0.125,1.0,0.9375,1.0,1.0,0.06923686594202899,0.17142857142857143,0.1875,0.9142857142857143,1.0,1.0,1.0,0.07932885728402032,0.15,0.1875,0.8,1.0,1.0,1.0,0.07932885728402032,0.15555555555555556,0.21875,0.7111111111111111,1.0,1.0,1.0,0.08441606658634591,0.14,0.21875,0.64,1.0,1.0,1.0,0.08441606658634591,kalm_gemma3_12b-dj_adpt,9,webtable-v2v-v=12-distilroberta-dj_adpt~qwen3_8b-dj_adpt
countries_and_continents.pq::name,1.0,0.037037037037037035,1.0,0.037037037037037035,1.0,1.0,0.037037037037037035,0.2,0.037037037037037035,1.0,0.18518518518518517,1.0,1.0,0.037037037037037035,0.1,0.037037037037037035,1.0,0.37037037037037035,1.0,1.0,0.037037037037037035,0.06666666666666667,0.037037037037037035,1.0,0.5555555555555556,1.0,1.0,0.037037037037037035,0.1,0.07407407407407407,1.0,0.7407407407407407,1.0,1.0,0.04139433551198257,0.08,0.07407407407407407,1.0,0.9259259259259259,1.0,1.0,0.04139433551198257,0.1,0.1111111111111111,0.9,1.0,1.0,1.0,0.04536258948023654,0.08571428571428572,0.1111111111111111,0.7714285714285715,1.0,1.0,1.0,0.04536258948023654,0.1,0.14814814814814814,0.675,1.0,1.0,1.0,0.04916125994557367,0.08888888888888889,0.14814814814814814,0.6,1.0,1.0,1.0,0.04916125994557367,0.08,0.14814814814814814,0.54,1.0,1.0,1.0,0.04916125994557367,kalm_gemma3_12b-dj_adpt,9,webtable-v2v-v=12-distilroberta-dj_adpt~qwen3_8b-dj_adpt
pte_postestactive.pq::Arg0,0.0,0.0,1.0,0.03125,0.0,0.0,0.0,0.0,0.0,1.0,0.15625,0.0,0.0,0.0,0.0,0.0,1.0,0.3125,0.0,0.0,0.0,0.0,0.0,1.0,0.46875,0.0,0.0,0.0,0.0,0.0,1.0,0.625,0.0,0.0,0.0,0.0,0.0,1.0,0.78125,0.0,0.0,0.0,0.0,0.0,1.0,0.9375,0.0,0.0,0.0,0.0,0.0,0.9142857142857143,1.0,0.0,0.0,0.0,0.0,0.0,0.8,1.0,0.0,0.0,0.0,0.0,0.0,0.7111111111111111,1.0,0.0,0.0,0.0,0.0,0.0,0.64,1.0,0.0,0.0,0.0,kalm_gemma3_12b-dj_adpt,9,webtable-v2v-v=12-distilroberta-dj_adpt~qwen3_8b-dj_adpt
pte_five_ring.pq::Arg0,0.0,0.0,1.0,0.03125,0.0,0.0,0.0,0.0,0.0,1.0,0.15625,0.0,0.0,0.0,0.0,0.0,1.0,0.3125,0.0,0.0,0.0,0.0,0.0,1.0,0.46875,0.0,0.0,0.0,0.0,0.0,1.0,0.625,0.0,0.0,0.0,0.0,0.0,1.0,0.78125,0.0,0.0,0.0,0.03333333333333333,0.03125,1.0,0.9375,1.0,0.037037037037037035,0.0011574074074074073,0.02857142857142857,0.03125,0.9142857142857143,1.0,1.0,0.037037037037037035,0.0011574074074074073,0.025,0.03125,0.8,1.0,1.0,0.037037037037037035,0.0011574074074074073,0.022222222222222223,0.03125,0.7111111111111111,1.0,1.0,0.037037037037037035,0.0011574074074074073,0.02,0.03125,0.64,1.0,1.0,0.037037037037037035,0.0011574074074074073,kalm_gemma3_12b-dj_adpt,9,webtable-v2v-v=12-distilroberta-dj_adpt~qwen3_8b-dj_adpt
MoviesOnStreamingPlatforms_updated.pq::Country,1.0,0.03333333333333333,1.0,0.03333333333333333,1.0,1.0,0.03333333333333333,0.2,0.03333333333333333,1.0,0.16666666666666666,1.0,1.0,0.03333333333333333,0.1,0.03333333333333333,1.0,0.3333333333333333,1.0,1.0,0.03333333333333333,0.06666666666666667,0.03333333333333333,1.0,0.5,1.0,1.0,0.03333333333333333,0.05,0.03333333333333333,1.0,0.6666666666666666,1.0,1.0,0.03333333333333333,0.04,0.03333333333333333,1.0,0.8333333333333334,1.0,1.0,0.03333333333333333,0.03333333333333333,0.03333333333333333,1.0,1.0,1.0,1.0,0.03333333333333333,0.02857142857142857,0.03333333333333333,0.8571428571428571,1.0,1.0,1.0,0.03333333333333333,0.025,0.03333333333333333,0.75,1.0,1.0,1.0,0.03333333333333333,0.022222222222222223,0.03333333333333333,0.6666666666666666,1.0,1.0,1.0,0.03333333333333333,0.02,0.03333333333333333,0.6,1.0,1.0,1.0,0.03333333333333333,kalm_gemma3_12b-dj_adpt,9,webtable-v2v-v=12-distilroberta-dj_adpt~qwen3_8b-dj_adpt
pte_amine.pq::Arg0,1.0,0.03125,1.0,0.03125,1.0,1.0,0.03125,0.4,0.0625,1.0,0.15625,1.0,1.0,0.0625,0.2,0.0625,1.0,0.3125,1.0,1.0,0.0625,0.13333333333333333,0.0625,1.0,0.46875,1.0,1.0,0.0625,0.15,0.09375,1.0,0.625,1.0,1.0,0.0671875,0.12,0.09375,1.0,0.78125,1.0,1.0,0.0671875,0.1,0.09375,1.0,0.9375,1.0,1.0,0.0671875,0.08571428571428572,0.09375,0.9142857142857143,1.0,1.0,1.0,0.0671875,0.075,0.09375,0.8,1.0,1.0,1.0,0.0671875,0.08888888888888889,0.125,0.7111111111111111,1.0,1.0,1.0,0.07002840909090909,0.08,0.125,0.64,1.0,1.0,1.0,0.07002840909090909,kalm_gemma3_12b-dj_adpt,9,webtable-v2v-v=12-distilroberta-dj_adpt~qwen3_8b-dj_adpt
AdventureWorks2014_salesTerritory.pq::Name,0.0,0.0,1.0,0.03333333333333333,0.0,0.0,0.0,0.0,0.0,1.0,0.16666666666666666,0.0,0.0,0.0,0.0,0.0,1.0,0.3333333333333333,0.0,0.0,0.0,0.0,0.0,1.0,0.5,0.0,0.0,0.0,0.0,0.0,1.0,0.6666666666666666,0.0,0.0,0.0,0.0,0.0,1.0,0.8333333333333334,0.0,0.0,0.0,0.0,0.0,1.0,1.0,0.0,0.0,0.0,0.0,0.0,0.8571428571428571,1.0,0.0,0.0,0.0,0.0,0.0,0.75,1.0,0.0,0.0,0.0,0.0,0.0,0.6666666666666666,1.0,0.0,0.0,0.0,0.0,0.0,0.6,1.0,0.0,0.0,0.0,kalm_gemma3_12b-dj_adpt,9,webtable-v2v-v=12-distilroberta-dj_adpt~qwen3_8b-dj_adpt
whr2015.pq::Country,1.0,0.03333333333333333,1.0,0.03333333333333333,1.0,1.0,0.03333333333333333,0.6,0.1,1.0,0.16666666666666666,1.0,1.0,0.1,0.3,0.1,1.0,0.3333333333333333,1.0,1.0,0.1,0.3333333333333333,0.16666666666666666,1.0,0.5,1.0,1.0,0.12402597402597403,0.3,0.2,1.0,0.6666666666666666,1.0,1.0,0.13402597402597402,0.24,0.2,1.0,0.8333333333333334,1.0,1.0,0.13402597402597402,0.2,0.2,1.0,1.0,1.0,1.0,0.13402597402597402,0.17142857142857143,0.2,0.8571428571428571,1.0,1.0,1.0,0.13402597402597402,0.15,0.2,0.75,1.0,1.0,1.0,0.13402597402597402,0.13333333333333333,0.2,0.6666666666666666,1.0,1.0,1.0,0.13402597402597402,0.12,0.2,0.6,1.0,1.0,1.0,0.13402597402597402,kalm_gemma3_12b-dj_adpt,9,webtable-v2v-v=12-distilroberta-dj_adpt~qwen3_8b-dj_adpt
countries_and_continents.pq::official_name_fr,0.0,0.0,1.0,0.037037037037037035,0.0,0.0,0.0,0.0,0.0,1.0,0.18518518518518517,0.0,0.0,0.0,0.1,0.037037037037037035,1.0,0.37037037037037035,1.0,0.14285714285714285,0.005291005291005291,0.06666666666666667,0.037037037037037035,1.0,0.5555555555555556,1.0,0.14285714285714285,0.005291005291005291,0.1,0.07407407407407407,1.0,0.7407407407407407,1.0,0.14285714285714285,0.008994708994708995,0.08,0.07407407407407407,1.0,0.9259259259259259,1.0,0.14285714285714285,0.008994708994708995,0.06666666666666667,0.07407407407407407,0.9,1.0,1.0,0.14285714285714285,0.008994708994708995,0.05714285714285714,0.07407407407407407,0.7714285714285715,1.0,1.0,0.14285714285714285,0.008994708994708995,0.05,0.07407407407407407,0.675,1.0,1.0,0.14285714285714285,0.008994708994708995,0.044444444444444446,0.07407407407407407,0.6,1.0,1.0,0.14285714285714285,0.008994708994708995,0.06,0.1111111111111111,0.54,1.0,1.0,0.14285714285714285,0.011262282690854119,kalm_gemma3_12b-dj_adpt,9,webtable-v2v-v=12-distilroberta-dj_adpt~qwen3_8b-dj_adpt
pte_has_property.pq::Arg0,1.0,0.03125,1.0,0.03125,1.0,1.0,0.03125,0.6,0.09375,1.0,0.15625,1.0,1.0,0.07083333333333333,0.4,0.125,1.0,0.3125,1.0,1.0,0.09166666666666666,0.26666666666666666,0.125,1.0,0.46875,1.0,1.0,0.09166666666666666,0.25,0.15625,1.0,0.625,1.0,1.0,0.09947916666666666,0.2,0.15625,1.0,0.78125,1.0,1.0,0.09947916666666666,0.16666666666666666,0.15625,1.0,0.9375,1.0,1.0,0.09947916666666666,0.14285714285714285,0.15625,0.9142857142857143,1.0,1.0,1.0,0.09947916666666666,0.125,0.15625,0.8,1.0,1.0,1.0,0.09947916666666666,0.1111111111111111,0.15625,0.7111111111111111,1.0,1.0,1.0,0.09947916666666666,0.1,0.15625,0.64,1.0,1.0,1.0,0.09947916666666666,kalm_gemma3_12b-dj_adpt,9,webtable-v2v-v=12-distilroberta-dj_adpt~qwen3_8b-dj_adpt
cwurData.pq::country,1.0,0.03333333333333333,1.0,0.03333333333333333,1.0,1.0,0.03333333333333333,0.4,0.06666666666666667,1.0,0.16666666666666666,1.0,1.0,0.06666666666666667,0.2,0.06666666666666667,1.0,0.3333333333333333,1.0,1.0,0.06666666666666667,0.13333333333333333,0.06666666666666667,1.0,0.5,1.0,1.0,0.06666666666666667,0.1,0.06666666666666667,1.0,0.6666666666666666,1.0,1.0,0.06666666666666667,0.12,0.1,1.0,0.8333333333333334,1.0,1.0,0.07083333333333333,0.1,0.1,1.0,1.0,1.0,1.0,0.07083333333333333,0.08571428571428572,0.1,0.8571428571428571,1.0,1.0,1.0,0.07083333333333333,0.075,0.1,0.75,1.0,1.0,1.0,0.07083333333333333,0.06666666666666667,0.1,0.6666666666666666,1.0,1.0,1.0,0.07083333333333333,0.06,0.1,0.6,1.0,1.0,1.0,0.07083333333333333,llama_nemotron_8b-dj_adpt,10,webtable-v2v-v=12-distilroberta-dj_adpt~qwen3_8b-dj_adpt
countries_and_continents.pq::ISO4217-currency_country_name,0.0,0.0,1.0,0.037037037037037035,0.0,0.0,0.0,0.0,0.0,1.0,0.18518518518518517,0.0,0.0,0.0,0.1,0.037037037037037035,1.0,0.37037037037037035,1.0,0.16666666666666666,0.006172839506172839,0.06666666666666667,0.037037037037037035,1.0,0.5555555555555556,1.0,0.16666666666666666,0.006172839506172839,0.05,0.037037037037037035,1.0,0.7407407407407407,1.0,0.16666666666666666,0.006172839506172839,0.04,0.037037037037037035,1.0,0.9259259259259259,1.0,0.16666666666666666,0.006172839506172839,0.03333333333333333,0.037037037037037035,0.9,1.0,1.0,0.16666666666666666,0.006172839506172839,0.02857142857142857,0.037037037037037035,0.7714285714285715,1.0,1.0,0.16666666666666666,0.006172839506172839,0.05,0.07407407407407407,0.675,1.0,1.0,0.16666666666666666,0.008024691358024692,0.044444444444444446,0.07407407407407407,0.6,1.0,1.0,0.16666666666666666,0.008024691358024692,0.04,0.07407407407407407,0.54,1.0,1.0,0.16666666666666666,0.008024691358024692,llama_nemotron_8b-dj_adpt,10,webtable-v2v-v=12-distilroberta-dj_adpt~qwen3_8b-dj_adpt
pte_imine.pq::Arg0,0.0,0.0,1.0,0.03125,0.0,0.0,0.0,0.0,0.0,1.0,0.15625,0.0,0.0,0.0,0.0,0.0,1.0,0.3125,0.0,0.0,0.0,0.0,0.0,1.0,0.46875,0.0,0.0,0.0,0.0,0.0,1.0,0.625,0.0,0.0,0.0,0.04,0.03125,1.0,0.78125,1.0,0.045454545454545456,0.0014204545454545455,0.03333333333333333,0.03125,1.0,0.9375,1.0,0.045454545454545456,0.0014204545454545455,0.02857142857142857,0.03125,0.9142857142857143,1.0,1.0,0.045454545454545456,0.0014204545454545455,0.025,0.03125,0.8,1.0,1.0,0.045454545454545456,0.0014204545454545455,0.022222222222222223,0.03125,0.7111111111111111,1.0,1.0,0.045454545454545456,0.0014204545454545455,0.02,0.03125,0.64,1.0,1.0,0.045454545454545456,0.0014204545454545455,llama_nemotron_8b-dj_adpt,10,webtable-v2v-v=12-distilroberta-dj_adpt~qwen3_8b-dj_adpt
countries_and_continents.pq::official_name_en,1.0,0.037037037037037035,1.0,0.037037037037037035,1.0,1.0,0.037037037037037035,0.4,0.07407407407407407,1.0,0.18518518518518517,1.0,1.0,0.07407407407407407,0.5,0.18518518518518517,1.0,0.37037037037037035,1.0,1.0,0.12962962962962962,0.4,0.2222222222222222,1.0,0.5555555555555556,1.0,1.0,0.14672364672364674,0.35,0.25925925925925924,1.0,0.7407407407407407,1.0,1.0,0.16036887089518667,0.28,0.25925925925925924,1.0,0.9259259259259259,1.0,1.0,0.16036887089518667,0.3,0.3333333333333333,0.9,1.0,1.0,1.0,0.18283706066861272,0.2857142857142857,0.37037037037037035,0.7714285714285715,1.0,1.0,1.0,0.1934190712506233,0.3,0.4444444444444444,0.675,1.0,1.0,1.0,0.21553633020998753,0.28888888888888886,0.48148148148148145,0.6,1.0,1.0,1.0,0.22647909115274847,0.26,0.48148148148148145,0.54,1.0,1.0,1.0,0.22647909115274847,llama_nemotron_8b-dj_adpt,10,webtable-v2v-v=12-distilroberta-dj_adpt~qwen3_8b-dj_adpt
world_country.pq::Name,1.0,0.034482758620689655,1.0,0.034482758620689655,1.0,1.0,0.034482758620689655,0.4,0.06896551724137931,1.0,0.1724137931034483,1.0,1.0,0.06896551724137931,0.4,0.13793103448275862,1.0,0.3448275862068966,1.0,1.0,0.09425287356321839,0.4,0.20689655172413793,1.0,0.5172413793103449,1.0,1.0,0.12584197411783618,0.3,0.20689655172413793,1.0,0.6896551724137931,1.0,1.0,0.12584197411783618,0.24,0.20689655172413793,1.0,0.8620689655172413,1.0,1.0,0.12584197411783618,0.23333333333333334,0.2413793103448276,0.9666666666666667,1.0,1.0,1.0,0.13478194857505202,0.2,0.2413793103448276,0.8285714285714286,1.0,1.0,1.0,0.13478194857505202,0.175,0.2413793103448276,0.725,1.0,1.0,1.0,0.13478194857505202,0.17777777777777778,0.27586206896551724,0.6444444444444445,1.0,1.0,1.0,0.14091221677428575,0.16,0.27586206896551724,0.58,1.0,1.0,1.0,0.14091221677428575,llama_nemotron_8b-dj_adpt,10,webtable-v2v-v=12-distilroberta-dj_adpt~qwen3_8b-dj_adpt
pte_nitro.pq::Arg0,0.0,0.0,1.0,0.03125,0.0,0.0,0.0,0.0,0.0,1.0,0.15625,0.0,0.0,0.0,0.0,0.0,1.0,0.3125,0.0,0.0,0.0,0.0,0.0,1.0,0.46875,0.0,0.0,0.0,0.0,0.0,1.0,0.625,0.0,0.0,0.0,0.04,0.03125,1.0,0.78125,1.0,0.047619047619047616,0.001488095238095238,0.03333333333333333,0.03125,1.0,0.9375,1.0,0.047619047619047616,0.001488095238095238,0.02857142857142857,0.03125,0.9142857142857143,1.0,1.0,0.047619047619047616,0.001488095238095238,0.025,0.03125,0.8,1.0,1.0,0.047619047619047616,0.001488095238095238,0.06666666666666667,0.09375,0.7111111111111111,1.0,1.0,0.047619047619047616,0.00509581881533101,0.06,0.09375,0.64,1.0,1.0,0.047619047619047616,0.00509581881533101,llama_nemotron_8b-dj_adpt,10,webtable-v2v-v=12-distilroberta-dj_adpt~qwen3_8b-dj_adpt
pte_sulfide.pq::Arg0,0.0,0.0,1.0,0.03125,0.0,0.0,0.0,0.0,0.0,1.0,0.15625,0.0,0.0,0.0,0.0,0.0,1.0,0.3125,0.0,0.0,0.0,0.0,0.0,1.0,0.46875,0.0,0.0,0.0,0.0,0.0,1.0,0.625,0.0,0.0,0.0,0.0,0.0,1.0,0.78125,0.0,0.0,0.0,0.0,0.0,1.0,0.9375,0.0,0.0,0.0,0.0,0.0,0.9142857142857143,1.0,0.0,0.0,0.0,0.0,0.0,0.8,1.0,0.0,0.0,0.0,0.0,0.0,0.7111111111111111,1.0,0.0,0.0,0.0,0.0,0.0,0.64,1.0,0.0,0.0,0.0,llama_nemotron_8b-dj_adpt,10,webtable-v2v-v=12-distilroberta-dj_adpt~qwen3_8b-dj_adpt
pte_non_ar_hetero_6_ring.pq::Arg0,0.0,0.0,1.0,0.03125,0.0,0.0,0.0,0.0,0.0,1.0,0.15625,0.0,0.0,0.0,0.3,0.09375,1.0,0.3125,1.0,0.14285714285714285,0.021651785714285714,0.2,0.09375,1.0,0.46875,1.0,0.14285714285714285,0.021651785714285714,0.2,0.125,1.0,0.625,1.0,0.14285714285714285,0.028230733082706766,0.16,0.125,1.0,0.78125,1.0,0.14285714285714285,0.028230733082706766,0.13333333333333333,0.125,1.0,0.9375,1.0,0.14285714285714285,0.028230733082706766,0.11428571428571428,0.125,0.9142857142857143,1.0,1.0,0.14285714285714285,0.028230733082706766,0.1,0.125,0.8,1.0,1.0,0.14285714285714285,0.028230733082706766,0.13333333333333333,0.1875,0.7111111111111111,1.0,1.0,0.14285714285714285,0.03640217380874193,0.12,0.1875,0.64,1.0,1.0,0.14285714285714285,0.03640217380874193,llama_nemotron_8b-dj_adpt,10,webtable-v2v-v=12-distilroberta-dj_adpt~qwen3_8b-dj_adpt
Word_University_Rank_2020.pq::Country,0.0,0.0,1.0,0.03333333333333333,0.0,0.0,0.0,0.0,0.0,1.0,0.16666666666666666,0.0,0.0,0.0,0.2,0.06666666666666667,1.0,0.3333333333333333,1.0,0.14285714285714285,0.012169312169312168,0.2,0.1,1.0,0.5,1.0,0.14285714285714285,0.02126022126022126,0.15,0.1,1.0,0.6666666666666666,1.0,0.14285714285714285,0.02126022126022126,0.12,0.1,1.0,0.8333333333333334,1.0,0.14285714285714285,0.02126022126022126,0.13333333333333333,0.13333333333333333,1.0,1.0,1.0,0.14285714285714285,0.026388426388426384,0.11428571428571428,0.13333333333333333,0.8571428571428571,1.0,1.0,0.14285714285714285,0.026388426388426384,0.125,0.16666666666666666,0.75,1.0,1.0,0.14285714285714285,0.03077439130070709,0.1111111111111111,0.16666666666666666,0.6666666666666666,1.0,1.0,0.14285714285714285,0.03077439130070709,0.12,0.2,0.6,1.0,1.0,0.14285714285714285,0.03477439130070709,llama_nemotron_8b-dj_adpt,10,webtable-v2v-v=12-distilroberta-dj_adpt~qwen3_8b-dj_adpt
gender_development.pq::Country,1.0,0.03333333333333333,1.0,0.03333333333333333,1.0,1.0,0.03333333333333333,0.6,0.1,1.0,0.16666666666666666,1.0,1.0,0.1,0.3,0.1,1.0,0.3333333333333333,1.0,1.0,0.1,0.26666666666666666,0.13333333333333333,1.0,0.5,1.0,1.0,0.11025641025641025,0.35,0.23333333333333334,1.0,0.6666666666666666,1.0,1.0,0.14345214469053477,0.36,0.3,1.0,0.8333333333333334,1.0,1.0,0.1665632558016459,0.3,0.3,1.0,1.0,1.0,1.0,0.1665632558016459,0.2571428571428571,0.3,0.8571428571428571,1.0,1.0,1.0,0.1665632558016459,0.225,0.3,0.75,1.0,1.0,1.0,0.1665632558016459,0.2222222222222222,0.3333333333333333,0.6666666666666666,1.0,1.0,1.0,0.1739706632090533,0.22,0.36666666666666664,0.6,1.0,1.0,1.0,0.18130399654238663,llama_nemotron_8b-dj_adpt,10,webtable-v2v-v=12-distilroberta-dj_adpt~qwen3_8b-dj_adpt
pte_testactive_Neg.pq::Arg0,1.0,0.03125,1.0,0.03125,1.0,1.0,0.03125,0.6,0.09375,1.0,0.15625,1.0,1.0,0.09375,0.4,0.125,1.0,0.3125,1.0,1.0,0.109375,0.26666666666666666,0.125,1.0,0.46875,1.0,1.0,0.109375,0.2,0.125,1.0,0.625,1.0,1.0,0.109375,0.2,0.15625,1.0,0.78125,1.0,1.0,0.11681547619047619,0.16666666666666666,0.15625,1.0,0.9375,1.0,1.0,0.11681547619047619,0.14285714285714285,0.15625,0.9142857142857143,1.0,1.0,1.0,0.11681547619047619,0.125,0.15625,0.8,1.0,1.0,1.0,0.11681547619047619,0.1111111111111111,0.15625,0.7111111111111111,1.0,1.0,1.0,0.11681547619047619,0.12,0.1875,0.64,1.0,1.0,1.0,0.12072172619047619,llama_nemotron_8b-dj_adpt,10,webtable-v2v-v=12-distilroberta-dj_adpt~qwen3_8b-dj_adpt
edu.pq::country,1.0,0.03333333333333333,1.0,0.03333333333333333,1.0,1.0,0.03333333333333333,0.6,0.1,1.0,0.16666666666666666,1.0,1.0,0.08666666666666667,0.5,0.16666666666666666,1.0,0.3333333333333333,1.0,1.0,0.12654761904761905,0.4,0.2,1.0,0.5,1.0,1.0,0.13988095238095238,0.35,0.23333333333333334,1.0,0.6666666666666666,1.0,1.0,0.15284391534391534,0.36,0.3,1.0,0.8333333333333334,1.0,1.0,0.17800860572599703,0.3333333333333333,0.3333333333333333,1.0,1.0,1.0,1.0,0.18911971683710815,0.2857142857142857,0.3333333333333333,0.8571428571428571,1.0,1.0,1.0,0.18911971683710815,0.275,0.36666666666666664,0.75,1.0,1.0,1.0,0.19930490202229334,0.24444444444444444,0.36666666666666664,0.6666666666666666,1.0,1.0,1.0,0.19930490202229334,0.24,0.4,0.6,1.0,1.0,1.0,0.2074681673284158,llama_nemotron_8b-dj_adpt,10,webtable-v2v-v=12-distilroberta-dj_adpt~qwen3_8b-dj_adpt
AdventureWorks2014_CountryRegion.pq::Name,1.0,0.03333333333333333,1.0,0.03333333333333333,1.0,1.0,0.03333333333333333,0.4,0.06666666666666667,1.0,0.16666666666666666,1.0,1.0,0.06666666666666667,0.4,0.13333333333333333,1.0,0.3333333333333333,1.0,1.0,0.09111111111111111,0.4,0.2,1.0,0.5,1.0,1.0,0.12054834054834054,0.35,0.23333333333333334,1.0,0.6666666666666666,1.0,1.0,0.13427383074441898,0.28,0.23333333333333334,1.0,0.8333333333333334,1.0,1.0,0.13427383074441898,0.23333333333333334,0.23333333333333334,1.0,1.0,1.0,1.0,0.13427383074441898,0.22857142857142856,0.26666666666666666,0.8571428571428571,1.0,1.0,1.0,0.1428759812820534,0.2,0.26666666666666666,0.75,1.0,1.0,1.0,0.1428759812820534,0.2,0.3,0.6666666666666666,1.0,1.0,1.0,0.1498527254680999,0.18,0.3,0.6,1.0,1.0,1.0,0.1498527254680999,llama_nemotron_8b-dj_adpt,10,webtable-v2v-v=12-distilroberta-dj_adpt~qwen3_8b-dj_adpt
pte_methoxy.pq::Arg0,1.0,0.03125,1.0,0.03125,1.0,1.0,0.03125,0.2,0.03125,1.0,0.15625,1.0,1.0,0.03125,0.2,0.0625,1.0,0.3125,1.0,1.0,0.041666666666666664,0.2,0.09375,1.0,0.46875,1.0,1.0,0.050189393939393936,0.2,0.125,1.0,0.625,1.0,1.0,0.057542335115864526,0.24,0.1875,1.0,0.78125,1.0,1.0,0.07313498521938419,0.23333333333333334,0.21875,1.0,0.9375,1.0,1.0,0.08042665188605086,0.2,0.21875,0.9142857142857143,1.0,1.0,1.0,0.08042665188605086,0.175,0.21875,0.8,1.0,1.0,1.0,0.08042665188605086,0.15555555555555556,0.21875,0.7111111111111111,1.0,1.0,1.0,0.08042665188605086,0.14,0.21875,0.64,1.0,1.0,1.0,0.08042665188605086,llama_nemotron_8b-dj_adpt,10,webtable-v2v-v=12-distilroberta-dj_adpt~qwen3_8b-dj_adpt
world-cities.pq::country,0.0,0.0,1.0,0.03333333333333333,0.0,0.0,0.0,0.4,0.06666666666666667,1.0,0.16666666666666666,1.0,0.5,0.030000000000000002,0.3,0.1,1.0,0.3333333333333333,1.0,0.5,0.04,0.4666666666666667,0.23333333333333334,1.0,0.5,1.0,0.5,0.09695027195027195,0.35,0.23333333333333334,1.0,0.6666666666666666,1.0,0.5,0.09695027195027195,0.36,0.3,1.0,0.8333333333333334,1.0,0.5,0.12054447484882268,0.3,0.3,1.0,1.0,1.0,0.5,0.12054447484882268,0.2571428571428571,0.3,0.8571428571428571,1.0,1.0,0.5,0.12054447484882268,0.225,0.3,0.75,1.0,1.0,0.5,0.12054447484882268,0.2,0.3,0.6666666666666666,1.0,1.0,0.5,0.12054447484882268,0.2,0.3333333333333333,0.6,1.0,1.0,0.5,0.12779085166041687,llama_nemotron_8b-dj_adpt,10,webtable-v2v-v=12-distilroberta-dj_adpt~qwen3_8b-dj_adpt
movies.pq::country,1.0,0.03333333333333333,1.0,0.03333333333333333,1.0,1.0,0.03333333333333333,0.4,0.06666666666666667,1.0,0.16666666666666666,1.0,1.0,0.06666666666666667,0.3,0.1,1.0,0.3333333333333333,1.0,1.0,0.07916666666666666,0.26666666666666666,0.13333333333333333,1.0,0.5,1.0,1.0,0.08805555555555555,0.2,0.13333333333333333,1.0,0.6666666666666666,1.0,1.0,0.08805555555555555,0.2,0.16666666666666666,1.0,0.8333333333333334,1.0,1.0,0.09472222222222222,0.16666666666666666,0.16666666666666666,1.0,1.0,1.0,1.0,0.09472222222222222,0.14285714285714285,0.16666666666666666,0.8571428571428571,1.0,1.0,1.0,0.09472222222222222,0.125,0.16666666666666666,0.75,1.0,1.0,1.0,0.09472222222222222,0.1111111111111111,0.16666666666666666,0.6666666666666666,1.0,1.0,1.0,0.09472222222222222,0.1,0.16666666666666666,0.6,1.0,1.0,1.0,0.09472222222222222,llama_nemotron_8b-dj_adpt,10,webtable-v2v-v=12-distilroberta-dj_adpt~qwen3_8b-dj_adpt
countries_data.pq::CountryName,1.0,0.03333333333333333,1.0,0.03333333333333333,1.0,1.0,0.03333333333333333,0.4,0.06666666666666667,1.0,0.16666666666666666,1.0,1.0,0.06666666666666667,0.3,0.1,1.0,0.3333333333333333,1.0,1.0,0.07916666666666666,0.3333333333333333,0.16666666666666666,1.0,0.5,1.0,1.0,0.10410839160839161,0.25,0.16666666666666666,1.0,0.6666666666666666,1.0,1.0,0.10410839160839161,0.2,0.16666666666666666,1.0,0.8333333333333334,1.0,1.0,0.10410839160839161,0.16666666666666666,0.16666666666666666,1.0,1.0,1.0,1.0,0.10410839160839161,0.14285714285714285,0.16666666666666666,0.8571428571428571,1.0,1.0,1.0,0.10410839160839161,0.125,0.16666666666666666,0.75,1.0,1.0,1.0,0.10410839160839161,0.1111111111111111,0.16666666666666666,0.6666666666666666,1.0,1.0,1.0,0.10410839160839161,0.1,0.16666666666666666,0.6,1.0,1.0,1.0,0.10410839160839161,llama_nemotron_8b-dj_adpt,10,webtable-v2v-v=12-distilroberta-dj_adpt~qwen3_8b-dj_adpt
pte_alcohol.pq::Arg0,0.0,0.0,1.0,0.03125,0.0,0.0,0.0,0.0,0.0,1.0,0.15625,0.0,0.0,0.0,0.0,0.0,1.0,0.3125,0.0,0.0,0.0,0.0,0.0,1.0,0.46875,0.0,0.0,0.0,0.0,0.0,1.0,0.625,0.0,0.0,0.0,0.0,0.0,1.0,0.78125,0.0,0.0,0.0,0.0,0.0,1.0,0.9375,0.0,0.0,0.0,0.0,0.0,0.9142857142857143,1.0,0.0,0.0,0.0,0.0,0.0,0.8,1.0,0.0,0.0,0.0,0.0,0.0,0.7111111111111111,1.0,0.0,0.0,0.0,0.0,0.0,0.64,1.0,0.0,0.0,0.0,llama_nemotron_8b-dj_adpt,10,webtable-v2v-v=12-distilroberta-dj_adpt~qwen3_8b-dj_adpt
pte_phenol.pq::Arg0,1.0,0.03125,1.0,0.03125,1.0,1.0,0.03125,0.8,0.125,1.0,0.15625,1.0,1.0,0.125,0.5,0.15625,1.0,0.3125,1.0,1.0,0.140625,0.3333333333333333,0.15625,1.0,0.46875,1.0,1.0,0.140625,0.25,0.15625,1.0,0.625,1.0,1.0,0.140625,0.2,0.15625,1.0,0.78125,1.0,1.0,0.140625,0.16666666666666666,0.15625,1.0,0.9375,1.0,1.0,0.140625,0.14285714285714285,0.15625,0.9142857142857143,1.0,1.0,1.0,0.140625,0.125,0.15625,0.8,1.0,1.0,1.0,0.140625,0.1111111111111111,0.15625,0.7111111111111111,1.0,1.0,1.0,0.140625,0.14,0.21875,0.64,1.0,1.0,1.0,0.14898936170212765,llama_nemotron_8b-dj_adpt,10,webtable-v2v-v=12-distilroberta-dj_adpt~qwen3_8b-dj_adpt
pte_ester.pq::Arg0,0.0,0.0,1.0,0.03125,0.0,0.0,0.0,0.4,0.0625,1.0,0.15625,1.0,0.5,0.03645833333333333,0.3,0.09375,1.0,0.3125,1.0,0.5,0.04583333333333333,0.26666666666666666,0.125,1.0,0.46875,1.0,0.5,0.055448717948717946,0.2,0.125,1.0,0.625,1.0,0.5,0.055448717948717946,0.16,0.125,1.0,0.78125,1.0,0.5,0.055448717948717946,0.13333333333333333,0.125,1.0,0.9375,1.0,0.5,0.055448717948717946,0.11428571428571428,0.125,0.9142857142857143,1.0,1.0,0.5,0.055448717948717946,0.1,0.125,0.8,1.0,1.0,0.5,0.055448717948717946,0.08888888888888889,0.125,0.7111111111111111,1.0,1.0,0.5,0.055448717948717946,0.08,0.125,0.64,1.0,1.0,0.5,0.055448717948717946,llama_nemotron_8b-dj_adpt,10,webtable-v2v-v=12-distilroberta-dj_adpt~qwen3_8b-dj_adpt
pte_non_ar_hetero_5_ring.pq::Arg0,0.0,0.0,1.0,0.03125,0.0,0.0,0.0,0.4,0.0625,1.0,0.15625,1.0,0.5,0.03645833333333333,0.3,0.09375,1.0,0.3125,1.0,0.5,0.04817708333333333,0.3333333333333333,0.15625,1.0,0.46875,1.0,0.5,0.06752232142857142,0.25,0.15625,1.0,0.625,1.0,0.5,0.06752232142857142,0.2,0.15625,1.0,0.78125,1.0,0.5,0.06752232142857142,0.16666666666666666,0.15625,1.0,0.9375,1.0,0.5,0.06752232142857142,0.14285714285714285,0.15625,0.9142857142857143,1.0,1.0,0.5,0.06752232142857142,0.125,0.15625,0.8,1.0,1.0,0.5,0.06752232142857142,0.1111111111111111,0.15625,0.7111111111111111,1.0,1.0,0.5,0.06752232142857142,0.12,0.1875,0.64,1.0,1.0,0.5,0.07159840838509317,llama_nemotron_8b-dj_adpt,10,webtable-v2v-v=12-distilroberta-dj_adpt~qwen3_8b-dj_adpt
population_by_country_2020.pq::CountryDependency,1.0,0.03333333333333333,1.0,0.03333333333333333,1.0,1.0,0.03333333333333333,0.2,0.03333333333333333,1.0,0.16666666666666666,1.0,1.0,0.03333333333333333,0.2,0.06666666666666667,1.0,0.3333333333333333,1.0,1.0,0.04285714285714285,0.2,0.1,1.0,0.5,1.0,1.0,0.05,0.2,0.13333333333333333,1.0,0.6666666666666666,1.0,1.0,0.05701754385964912,0.16,0.13333333333333333,1.0,0.8333333333333334,1.0,1.0,0.05701754385964912,0.13333333333333333,0.13333333333333333,1.0,1.0,1.0,1.0,0.05701754385964912,0.14285714285714285,0.16666666666666666,0.8571428571428571,1.0,1.0,1.0,0.06191950464396285,0.125,0.16666666666666666,0.75,1.0,1.0,1.0,0.06191950464396285,0.1111111111111111,0.16666666666666666,0.6666666666666666,1.0,1.0,1.0,0.06191950464396285,0.1,0.16666666666666666,0.6,1.0,1.0,1.0,0.06191950464396285,llama_nemotron_8b-dj_adpt,10,webtable-v2v-v=12-distilroberta-dj_adpt~qwen3_8b-dj_adpt
pte_non_ar_5c_ring.pq::Arg0,1.0,0.03125,1.0,0.03125,1.0,1.0,0.03125,0.4,0.0625,1.0,0.15625,1.0,1.0,0.046875,0.2,0.0625,1.0,0.3125,1.0,1.0,0.046875,0.2,0.09375,1.0,0.46875,1.0,1.0,0.053125,0.2,0.125,1.0,0.625,1.0,1.0,0.06047794117647059,0.16,0.125,1.0,0.78125,1.0,1.0,0.06047794117647059,0.16666666666666666,0.15625,1.0,0.9375,1.0,1.0,0.06648755656108597,0.17142857142857143,0.1875,0.9142857142857143,1.0,1.0,1.0,0.07200226244343891,0.15,0.1875,0.8,1.0,1.0,1.0,0.07200226244343891,0.13333333333333333,0.1875,0.7111111111111111,1.0,1.0,1.0,0.07200226244343891,0.14,0.21875,0.64,1.0,1.0,1.0,0.07665651776258785,llama_nemotron_8b-dj_adpt,10,webtable-v2v-v=12-distilroberta-dj_adpt~qwen3_8b-dj_adpt
fifa_ranking.pq::country_full,0.0,0.0,1.0,0.03333333333333333,0.0,0.0,0.0,0.0,0.0,1.0,0.16666666666666666,0.0,0.0,0.0,0.0,0.0,1.0,0.3333333333333333,0.0,0.0,0.0,0.06666666666666667,0.03333333333333333,1.0,0.5,1.0,0.07142857142857142,0.0023809523809523807,0.05,0.03333333333333333,1.0,0.6666666666666666,1.0,0.07142857142857142,0.0023809523809523807,0.08,0.06666666666666667,1.0,0.8333333333333334,1.0,0.07142857142857142,0.005158730158730159,0.06666666666666667,0.06666666666666667,1.0,1.0,1.0,0.07142857142857142,0.005158730158730159,0.05714285714285714,0.06666666666666667,0.8571428571428571,1.0,1.0,0.07142857142857142,0.005158730158730159,0.05,0.06666666666666667,0.75,1.0,1.0,0.07142857142857142,0.005158730158730159,0.044444444444444446,0.06666666666666667,0.6666666666666666,1.0,1.0,0.07142857142857142,0.005158730158730159,0.04,0.06666666666666667,0.6,1.0,1.0,0.07142857142857142,0.005158730158730159,llama_nemotron_8b-dj_adpt,10,webtable-v2v-v=12-distilroberta-dj_adpt~qwen3_8b-dj_adpt
countries_of_the_world.pq::Country,1.0,0.03333333333333333,1.0,0.03333333333333333,1.0,1.0,0.03333333333333333,0.6,0.1,1.0,0.16666666666666666,1.0,1.0,0.08666666666666667,0.5,0.16666666666666666,1.0,0.3333333333333333,1.0,1.0,0.1326984126984127,0.4666666666666667,0.23333333333333334,1.0,0.5,1.0,1.0,0.1688289488289488,0.4,0.26666666666666666,1.0,0.6666666666666666,1.0,1.0,0.18286403654824707,0.32,0.26666666666666666,1.0,0.8333333333333334,1.0,1.0,0.18286403654824707,0.26666666666666666,0.26666666666666666,1.0,1.0,1.0,1.0,0.18286403654824707,0.22857142857142856,0.26666666666666666,0.8571428571428571,1.0,1.0,1.0,0.18286403654824707,0.2,0.26666666666666666,0.75,1.0,1.0,1.0,0.18286403654824707,0.17777777777777778,0.26666666666666666,0.6666666666666666,1.0,1.0,1.0,0.18286403654824707,0.18,0.3,0.6,1.0,1.0,1.0,0.1889864855278389,llama_nemotron_8b-dj_adpt,10,webtable-v2v-v=12-distilroberta-dj_adpt~qwen3_8b-dj_adpt
pte_ketone.pq::Arg0,1.0,0.03125,1.0,0.03125,1.0,1.0,0.03125,0.8,0.125,1.0,0.15625,1.0,1.0,0.125,0.5,0.15625,1.0,0.3125,1.0,1.0,0.14732142857142858,0.3333333333333333,0.15625,1.0,0.46875,1.0,1.0,0.14732142857142858,0.25,0.15625,1.0,0.625,1.0,1.0,0.14732142857142858,0.2,0.15625,1.0,0.78125,1.0,1.0,0.14732142857142858,0.16666666666666666,0.15625,1.0,0.9375,1.0,1.0,0.14732142857142858,0.14285714285714285,0.15625,0.9142857142857143,1.0,1.0,1.0,0.14732142857142858,0.125,0.15625,0.8,1.0,1.0,1.0,0.14732142857142858,0.1111111111111111,0.15625,0.7111111111111111,1.0,1.0,1.0,0.14732142857142858,0.12,0.1875,0.64,1.0,1.0,1.0,0.1513975155279503,llama_nemotron_8b-dj_adpt,10,webtable-v2v-v=12-distilroberta-dj_adpt~qwen3_8b-dj_adpt
who_suicide_statistics.pq::country,1.0,0.03333333333333333,1.0,0.03333333333333333,1.0,1.0,0.03333333333333333,0.6,0.1,1.0,0.16666666666666666,1.0,1.0,0.1,0.3,0.1,1.0,0.3333333333333333,1.0,1.0,0.1,0.2,0.1,1.0,0.5,1.0,1.0,0.1,0.15,0.1,1.0,0.6666666666666666,1.0,1.0,0.1,0.12,0.1,1.0,0.8333333333333334,1.0,1.0,0.1,0.1,0.1,1.0,1.0,1.0,1.0,0.1,0.11428571428571428,0.13333333333333333,0.8571428571428571,1.0,1.0,1.0,0.10380952380952381,0.1,0.13333333333333333,0.75,1.0,1.0,1.0,0.10380952380952381,0.08888888888888889,0.13333333333333333,0.6666666666666666,1.0,1.0,1.0,0.10380952380952381,0.08,0.13333333333333333,0.6,1.0,1.0,1.0,0.10380952380952381,llama_nemotron_8b-dj_adpt,10,webtable-v2v-v=12-distilroberta-dj_adpt~qwen3_8b-dj_adpt
UKDebate.pq::country,1.0,0.03333333333333333,1.0,0.03333333333333333,1.0,1.0,0.03333333333333333,0.2,0.03333333333333333,1.0,0.16666666666666666,1.0,1.0,0.03333333333333333,0.1,0.03333333333333333,1.0,0.3333333333333333,1.0,1.0,0.03333333333333333,0.06666666666666667,0.03333333333333333,1.0,0.5,1.0,1.0,0.03333333333333333,0.05,0.03333333333333333,1.0,0.6666666666666666,1.0,1.0,0.03333333333333333,0.04,0.03333333333333333,1.0,0.8333333333333334,1.0,1.0,0.03333333333333333,0.03333333333333333,0.03333333333333333,1.0,1.0,1.0,1.0,0.03333333333333333,0.02857142857142857,0.03333333333333333,0.8571428571428571,1.0,1.0,1.0,0.03333333333333333,0.025,0.03333333333333333,0.75,1.0,1.0,1.0,0.03333333333333333,0.022222222222222223,0.03333333333333333,0.6666666666666666,1.0,1.0,1.0,0.03333333333333333,0.02,0.03333333333333333,0.6,1.0,1.0,1.0,0.03333333333333333,llama_nemotron_8b-dj_adpt,10,webtable-v2v-v=12-distilroberta-dj_adpt~qwen3_8b-dj_adpt
World_countries_env_vars.pq::Country,1.0,0.03333333333333333,1.0,0.03333333333333333,1.0,1.0,0.03333333333333333,0.4,0.06666666666666667,1.0,0.16666666666666666,1.0,1.0,0.04666666666666666,0.4,0.13333333333333333,1.0,0.3333333333333333,1.0,1.0,0.08,0.4,0.2,1.0,0.5,1.0,1.0,0.10710622710622711,0.3,0.2,1.0,0.6666666666666666,1.0,1.0,0.10710622710622711,0.24,0.2,1.0,0.8333333333333334,1.0,1.0,0.10710622710622711,0.2,0.2,1.0,1.0,1.0,1.0,0.10710622710622711,0.2,0.23333333333333334,0.8571428571428571,1.0,1.0,1.0,0.11417693417693417,0.175,0.23333333333333334,0.75,1.0,1.0,1.0,0.11417693417693417,0.17777777777777778,0.26666666666666666,0.6666666666666666,1.0,1.0,1.0,0.12068099921758459,0.18,0.3,0.6,1.0,1.0,1.0,0.12720273834801937,llama_nemotron_8b-dj_adpt,10,webtable-v2v-v=12-distilroberta-dj_adpt~qwen3_8b-dj_adpt
USA_cars_datasets.pq::country,1.0,0.03333333333333333,1.0,0.03333333333333333,1.0,1.0,0.03333333333333333,0.2,0.03333333333333333,1.0,0.16666666666666666,1.0,1.0,0.03333333333333333,0.1,0.03333333333333333,1.0,0.3333333333333333,1.0,1.0,0.03333333333333333,0.06666666666666667,0.03333333333333333,1.0,0.5,1.0,1.0,0.03333333333333333,0.05,0.03333333333333333,1.0,0.6666666666666666,1.0,1.0,0.03333333333333333,0.04,0.03333333333333333,1.0,0.8333333333333334,1.0,1.0,0.03333333333333333,0.03333333333333333,0.03333333333333333,1.0,1.0,1.0,1.0,0.03333333333333333,0.02857142857142857,0.03333333333333333,0.8571428571428571,1.0,1.0,1.0,0.03333333333333333,0.025,0.03333333333333333,0.75,1.0,1.0,1.0,0.03333333333333333,0.022222222222222223,0.03333333333333333,0.6666666666666666,1.0,1.0,1.0,0.03333333333333333,0.02,0.03333333333333333,0.6,1.0,1.0,1.0,0.03333333333333333,llama_nemotron_8b-dj_adpt,10,webtable-v2v-v=12-distilroberta-dj_adpt~qwen3_8b-dj_adpt
netflix_titles.pq::country,0.0,0.0,1.0,0.03333333333333333,0.0,0.0,0.0,0.0,0.0,1.0,0.16666666666666666,0.0,0.0,0.0,0.1,0.03333333333333333,1.0,0.3333333333333333,1.0,0.14285714285714285,0.0047619047619047615,0.13333333333333333,0.06666666666666667,1.0,0.5,1.0,0.14285714285714285,0.009206349206349208,0.15,0.1,1.0,0.6666666666666666,1.0,0.14285714285714285,0.015088702147525676,0.12,0.1,1.0,0.8333333333333334,1.0,0.14285714285714285,0.015088702147525676,0.13333333333333333,0.13333333333333333,1.0,1.0,1.0,0.14285714285714285,0.02021690727573081,0.11428571428571428,0.13333333333333333,0.8571428571428571,1.0,1.0,0.14285714285714285,0.02021690727573081,0.1,0.13333333333333333,0.75,1.0,1.0,0.14285714285714285,0.02021690727573081,0.1111111111111111,0.16666666666666666,0.6666666666666666,1.0,1.0,0.14285714285714285,0.023920610979434508,0.1,0.16666666666666666,0.6,1.0,1.0,0.14285714285714285,0.023920610979434508,llama_nemotron_8b-dj_adpt,10,webtable-v2v-v=12-distilroberta-dj_adpt~qwen3_8b-dj_adpt
pte_ames.pq::Arg0,1.0,0.03125,1.0,0.03125,1.0,1.0,0.03125,0.2,0.03125,1.0,0.15625,1.0,1.0,0.03125,0.2,0.0625,1.0,0.3125,1.0,1.0,0.041666666666666664,0.13333333333333333,0.0625,1.0,0.46875,1.0,1.0,0.041666666666666664,0.2,0.125,1.0,0.625,1.0,1.0,0.054125816993464054,0.16,0.125,1.0,0.78125,1.0,1.0,0.054125816993464054,0.16666666666666666,0.15625,1.0,0.9375,1.0,1.0,0.05951374802794681,0.17142857142857143,0.1875,0.9142857142857143,1.0,1.0,1.0,0.06502845391029975,0.15,0.1875,0.8,1.0,1.0,1.0,0.06502845391029975,0.13333333333333333,0.1875,0.7111111111111111,1.0,1.0,1.0,0.06502845391029975,0.14,0.21875,0.64,1.0,1.0,1.0,0.06958574557696642,llama_nemotron_8b-dj_adpt,10,webtable-v2v-v=12-distilroberta-dj_adpt~qwen3_8b-dj_adpt
movie_metadata.pq::country,1.0,0.03333333333333333,1.0,0.03333333333333333,1.0,1.0,0.03333333333333333,0.4,0.06666666666666667,1.0,0.16666666666666666,1.0,1.0,0.06666666666666667,0.5,0.16666666666666666,1.0,0.3333333333333333,1.0,1.0,0.1208994708994709,0.3333333333333333,0.16666666666666666,1.0,0.5,1.0,1.0,0.1208994708994709,0.25,0.16666666666666666,1.0,0.6666666666666666,1.0,1.0,0.1208994708994709,0.2,0.16666666666666666,1.0,0.8333333333333334,1.0,1.0,0.1208994708994709,0.23333333333333334,0.23333333333333334,1.0,1.0,1.0,1.0,0.13723375390042056,0.2,0.23333333333333334,0.8571428571428571,1.0,1.0,1.0,0.13723375390042056,0.175,0.23333333333333334,0.75,1.0,1.0,1.0,0.13723375390042056,0.15555555555555556,0.23333333333333334,0.6666666666666666,1.0,1.0,1.0,0.13723375390042056,0.18,0.3,0.6,1.0,1.0,1.0,0.14891175843556798,llama_nemotron_8b-dj_adpt,10,webtable-v2v-v=12-distilroberta-dj_adpt~qwen3_8b-dj_adpt
world_country.pq::LocalName,0.0,0.0,1.0,0.034482758620689655,0.0,0.0,0.0,0.4,0.06896551724137931,1.0,0.1724137931034483,1.0,0.3333333333333333,0.028735632183908042,0.2,0.06896551724137931,1.0,0.3448275862068966,1.0,0.3333333333333333,0.028735632183908042,0.26666666666666666,0.13793103448275862,1.0,0.5172413793103449,1.0,0.3333333333333333,0.04720853858784893,0.3,0.20689655172413793,1.0,0.6896551724137931,1.0,0.3333333333333333,0.06832922824302134,0.24,0.20689655172413793,1.0,0.8620689655172413,1.0,0.3333333333333333,0.06832922824302134,0.26666666666666666,0.27586206896551724,0.9666666666666667,1.0,1.0,0.3333333333333333,0.08783016153705808,0.22857142857142856,0.27586206896551724,0.8285714285714286,1.0,1.0,0.3333333333333333,0.08783016153705808,0.225,0.3103448275862069,0.725,1.0,1.0,0.3333333333333333,0.09599713068406353,0.2222222222222222,0.3448275862068966,0.6444444444444445,1.0,1.0,0.3333333333333333,0.10383412127967483,0.2,0.3448275862068966,0.58,1.0,1.0,0.3333333333333333,0.10383412127967483,llama_nemotron_8b-dj_adpt,10,webtable-v2v-v=12-distilroberta-dj_adpt~qwen3_8b-dj_adpt
countries_metadatacountries.pq::CountryName,1.0,0.03333333333333333,1.0,0.03333333333333333,1.0,1.0,0.03333333333333333,0.4,0.06666666666666667,1.0,0.16666666666666666,1.0,1.0,0.06666666666666667,0.3,0.1,1.0,0.3333333333333333,1.0,1.0,0.08095238095238094,0.2,0.1,1.0,0.5,1.0,1.0,0.08095238095238094,0.2,0.13333333333333333,1.0,0.6666666666666666,1.0,1.0,0.08928571428571427,0.2,0.16666666666666666,1.0,0.8333333333333334,1.0,1.0,0.09623015873015874,0.16666666666666666,0.16666666666666666,1.0,1.0,1.0,1.0,0.09623015873015874,0.17142857142857143,0.2,0.8571428571428571,1.0,1.0,1.0,0.10229076479076478,0.15,0.2,0.75,1.0,1.0,1.0,0.10229076479076478,0.15555555555555556,0.23333333333333334,0.6666666666666666,1.0,1.0,1.0,0.10784632034632034,0.14,0.23333333333333334,0.6,1.0,1.0,1.0,0.10784632034632034,llama_nemotron_8b-dj_adpt,10,webtable-v2v-v=12-distilroberta-dj_adpt~qwen3_8b-dj_adpt
pte_postestactive_neg.pq::Arg0,1.0,0.03125,1.0,0.03125,1.0,1.0,0.03125,0.6,0.09375,1.0,0.15625,1.0,1.0,0.09375,0.4,0.125,1.0,0.3125,1.0,1.0,0.109375,0.26666666666666666,0.125,1.0,0.46875,1.0,1.0,0.109375,0.2,0.125,1.0,0.625,1.0,1.0,0.109375,0.2,0.15625,1.0,0.78125,1.0,1.0,0.11681547619047619,0.16666666666666666,0.15625,1.0,0.9375,1.0,1.0,0.11681547619047619,0.14285714285714285,0.15625,0.9142857142857143,1.0,1.0,1.0,0.11681547619047619,0.125,0.15625,0.8,1.0,1.0,1.0,0.11681547619047619,0.1111111111111111,0.15625,0.7111111111111111,1.0,1.0,1.0,0.11681547619047619,0.12,0.1875,0.64,1.0,1.0,1.0,0.12072172619047619,llama_nemotron_8b-dj_adpt,10,webtable-v2v-v=12-distilroberta-dj_adpt~qwen3_8b-dj_adpt
pte_alkyl_halide.pq::Arg0,0.0,0.0,1.0,0.03125,0.0,0.0,0.0,0.0,0.0,1.0,0.15625,0.0,0.0,0.0,0.1,0.03125,1.0,0.3125,1.0,0.1111111111111111,0.003472222222222222,0.13333333333333333,0.0625,1.0,0.46875,1.0,0.1111111111111111,0.009154040404040404,0.15,0.09375,1.0,0.625,1.0,0.1111111111111111,0.014088250930356193,0.16,0.125,1.0,0.78125,1.0,0.1111111111111111,0.020040631882737144,0.2,0.1875,1.0,0.9375,1.0,0.1111111111111111,0.032994691711796975,0.17142857142857143,0.1875,0.9142857142857143,1.0,1.0,0.1111111111111111,0.032994691711796975,0.15,0.1875,0.8,1.0,1.0,0.1111111111111111,0.032994691711796975,0.15555555555555556,0.21875,0.7111111111111111,1.0,1.0,0.1111111111111111,0.03785580282290808,0.14,0.21875,0.64,1.0,1.0,0.1111111111111111,0.03785580282290808,llama_nemotron_8b-dj_adpt,10,webtable-v2v-v=12-distilroberta-dj_adpt~qwen3_8b-dj_adpt
pte_testactive.pq::Arg0,1.0,0.03125,1.0,0.03125,1.0,1.0,0.03125,0.6,0.09375,1.0,0.15625,1.0,1.0,0.09375,0.4,0.125,1.0,0.3125,1.0,1.0,0.109375,0.26666666666666666,0.125,1.0,0.46875,1.0,1.0,0.109375,0.2,0.125,1.0,0.625,1.0,1.0,0.109375,0.2,0.15625,1.0,0.78125,1.0,1.0,0.11681547619047619,0.16666666666666666,0.15625,1.0,0.9375,1.0,1.0,0.11681547619047619,0.14285714285714285,0.15625,0.9142857142857143,1.0,1.0,1.0,0.11681547619047619,0.125,0.15625,0.8,1.0,1.0,1.0,0.11681547619047619,0.1111111111111111,0.15625,0.7111111111111111,1.0,1.0,1.0,0.11681547619047619,0.12,0.1875,0.64,1.0,1.0,1.0,0.12072172619047619,llama_nemotron_8b-dj_adpt,10,webtable-v2v-v=12-distilroberta-dj_adpt~qwen3_8b-dj_adpt
hfi_cc_2018.pq::countries,1.0,0.03333333333333333,1.0,0.03333333333333333,1.0,1.0,0.03333333333333333,0.6,0.1,1.0,0.16666666666666666,1.0,1.0,0.1,0.3,0.1,1.0,0.3333333333333333,1.0,1.0,0.1,0.26666666666666666,0.13333333333333333,1.0,0.5,1.0,1.0,0.11212121212121212,0.3,0.2,1.0,0.6666666666666666,1.0,1.0,0.13430258467023173,0.28,0.23333333333333334,1.0,0.8333333333333334,1.0,1.0,0.14490864527629235,0.3,0.3,1.0,1.0,1.0,1.0,0.1662761666438137,0.2571428571428571,0.3,0.8571428571428571,1.0,1.0,1.0,0.1662761666438137,0.225,0.3,0.75,1.0,1.0,1.0,0.1662761666438137,0.2,0.3,0.6666666666666666,1.0,1.0,1.0,0.1662761666438137,0.2,0.3333333333333333,0.6,1.0,1.0,1.0,0.173368365225374,llama_nemotron_8b-dj_adpt,10,webtable-v2v-v=12-distilroberta-dj_adpt~qwen3_8b-dj_adpt
wikipedia-iso-country-codes.pq::English_short_name_lower_case,0.0,0.0,1.0,0.03333333333333333,0.0,0.0,0.0,0.4,0.06666666666666667,1.0,0.16666666666666666,1.0,0.3333333333333333,0.027777777777777776,0.2,0.06666666666666667,1.0,0.3333333333333333,1.0,0.3333333333333333,0.027777777777777776,0.13333333333333333,0.06666666666666667,1.0,0.5,1.0,0.3333333333333333,0.027777777777777776,0.15,0.1,1.0,0.6666666666666666,1.0,0.3333333333333333,0.034027777777777775,0.16,0.13333333333333333,1.0,0.8333333333333334,1.0,0.3333333333333333,0.03982487922705314,0.16666666666666666,0.16666666666666666,1.0,1.0,1.0,0.3333333333333333,0.04577726017943409,0.14285714285714285,0.16666666666666666,0.8571428571428571,1.0,1.0,0.3333333333333333,0.04577726017943409,0.175,0.23333333333333334,0.75,1.0,1.0,0.3333333333333333,0.057639122041295954,0.2,0.3,0.6666666666666666,1.0,1.0,0.3333333333333333,0.07065499505716896,0.18,0.3,0.6,1.0,1.0,0.3333333333333333,0.07065499505716896,llama_nemotron_8b-dj_adpt,10,webtable-v2v-v=12-distilroberta-dj_adpt~qwen3_8b-dj_adpt
affirmative_asylum.pq::ContinentCountryofNationality,1.0,0.03125,1.0,0.03125,1.0,1.0,0.03125,0.4,0.0625,1.0,0.15625,1.0,1.0,0.0625,0.4,0.125,1.0,0.3125,1.0,1.0,0.0920138888888889,0.26666666666666666,0.125,1.0,0.46875,1.0,1.0,0.0920138888888889,0.2,0.125,1.0,0.625,1.0,1.0,0.0920138888888889,0.2,0.15625,1.0,0.78125,1.0,1.0,0.09852430555555555,0.2,0.1875,1.0,0.9375,1.0,1.0,0.10477430555555556,0.17142857142857143,0.1875,0.9142857142857143,1.0,1.0,1.0,0.10477430555555556,0.15,0.1875,0.8,1.0,1.0,1.0,0.10477430555555556,0.15555555555555556,0.21875,0.7111111111111111,1.0,1.0,1.0,0.10998263888888889,0.14,0.21875,0.64,1.0,1.0,1.0,0.10998263888888889,llama_nemotron_8b-dj_adpt,10,webtable-v2v-v=12-distilroberta-dj_adpt~qwen3_8b-dj_adpt
countries_and_continents.pq::name,1.0,0.037037037037037035,1.0,0.037037037037037035,1.0,1.0,0.037037037037037035,0.6,0.1111111111111111,1.0,0.18518518518518517,1.0,1.0,0.0962962962962963,0.3,0.1111111111111111,1.0,0.37037037037037035,1.0,1.0,0.0962962962962963,0.26666666666666666,0.14814814814814814,1.0,0.5555555555555556,1.0,1.0,0.10976430976430977,0.2,0.14814814814814814,1.0,0.7407407407407407,1.0,1.0,0.10976430976430977,0.2,0.18518518518518517,1.0,0.9259259259259259,1.0,1.0,0.11717171717171716,0.16666666666666666,0.18518518518518517,0.9,1.0,1.0,1.0,0.11717171717171716,0.17142857142857143,0.2222222222222222,0.7714285714285715,1.0,1.0,1.0,0.12434017595307918,0.15,0.2222222222222222,0.675,1.0,1.0,1.0,0.12434017595307918,0.15555555555555556,0.25925925925925924,0.6,1.0,1.0,1.0,0.13010149282550718,0.14,0.25925925925925924,0.54,1.0,1.0,1.0,0.13010149282550718,llama_nemotron_8b-dj_adpt,10,webtable-v2v-v=12-distilroberta-dj_adpt~qwen3_8b-dj_adpt
pte_postestactive.pq::Arg0,1.0,0.03125,1.0,0.03125,1.0,1.0,0.03125,0.2,0.03125,1.0,0.15625,1.0,1.0,0.03125,0.2,0.0625,1.0,0.3125,1.0,1.0,0.041666666666666664,0.26666666666666666,0.125,1.0,0.46875,1.0,1.0,0.05852272727272727,0.2,0.125,1.0,0.625,1.0,1.0,0.05852272727272727,0.24,0.1875,1.0,0.78125,1.0,1.0,0.07448593073593074,0.23333333333333334,0.21875,1.0,0.9375,1.0,1.0,0.0820290341842066,0.2,0.21875,0.9142857142857143,1.0,1.0,1.0,0.0820290341842066,0.175,0.21875,0.8,1.0,1.0,1.0,0.0820290341842066,0.15555555555555556,0.21875,0.7111111111111111,1.0,1.0,1.0,0.0820290341842066,0.14,0.21875,0.64,1.0,1.0,1.0,0.0820290341842066,llama_nemotron_8b-dj_adpt,10,webtable-v2v-v=12-distilroberta-dj_adpt~qwen3_8b-dj_adpt
pte_five_ring.pq::Arg0,0.0,0.0,1.0,0.03125,0.0,0.0,0.0,0.0,0.0,1.0,0.15625,0.0,0.0,0.0,0.0,0.0,1.0,0.3125,0.0,0.0,0.0,0.06666666666666667,0.03125,1.0,0.46875,1.0,0.06666666666666667,0.0020833333333333333,0.05,0.03125,1.0,0.625,1.0,0.06666666666666667,0.0020833333333333333,0.08,0.0625,1.0,0.78125,1.0,0.06666666666666667,0.005059523809523809,0.1,0.09375,1.0,0.9375,1.0,0.06666666666666667,0.008292282430213464,0.08571428571428572,0.09375,0.9142857142857143,1.0,1.0,0.06666666666666667,0.008292282430213464,0.1,0.125,0.8,1.0,1.0,0.06666666666666667,0.01149741063534167,0.1111111111111111,0.15625,0.7111111111111111,1.0,1.0,0.06666666666666667,0.015217648730579764,0.12,0.1875,0.64,1.0,1.0,0.06666666666666667,0.019123898730579764,llama_nemotron_8b-dj_adpt,10,webtable-v2v-v=12-distilroberta-dj_adpt~qwen3_8b-dj_adpt
MoviesOnStreamingPlatforms_updated.pq::Country,0.0,0.0,1.0,0.03333333333333333,0.0,0.0,0.0,0.0,0.0,1.0,0.16666666666666666,0.0,0.0,0.0,0.0,0.0,1.0,0.3333333333333333,0.0,0.0,0.0,0.0,0.0,1.0,0.5,0.0,0.0,0.0,0.0,0.0,1.0,0.6666666666666666,0.0,0.0,0.0,0.0,0.0,1.0,0.8333333333333334,0.0,0.0,0.0,0.0,0.0,1.0,1.0,0.0,0.0,0.0,0.0,0.0,0.8571428571428571,1.0,0.0,0.0,0.0,0.0,0.0,0.75,1.0,0.0,0.0,0.0,0.0,0.0,0.6666666666666666,1.0,0.0,0.0,0.0,0.0,0.0,0.6,1.0,0.0,0.0,0.0,llama_nemotron_8b-dj_adpt,10,webtable-v2v-v=12-distilroberta-dj_adpt~qwen3_8b-dj_adpt
pte_amine.pq::Arg0,1.0,0.03125,1.0,0.03125,1.0,1.0,0.03125,0.4,0.0625,1.0,0.15625,1.0,1.0,0.046875,0.3,0.09375,1.0,0.3125,1.0,1.0,0.05625,0.26666666666666666,0.125,1.0,0.46875,1.0,1.0,0.06666666666666667,0.2,0.125,1.0,0.625,1.0,1.0,0.06666666666666667,0.16,0.125,1.0,0.78125,1.0,1.0,0.06666666666666667,0.13333333333333333,0.125,1.0,0.9375,1.0,1.0,0.06666666666666667,0.11428571428571428,0.125,0.9142857142857143,1.0,1.0,1.0,0.06666666666666667,0.1,0.125,0.8,1.0,1.0,1.0,0.06666666666666667,0.1111111111111111,0.15625,0.7111111111111111,1.0,1.0,1.0,0.07030038759689923,0.1,0.15625,0.64,1.0,1.0,1.0,0.07030038759689923,llama_nemotron_8b-dj_adpt,10,webtable-v2v-v=12-distilroberta-dj_adpt~qwen3_8b-dj_adpt
AdventureWorks2014_salesTerritory.pq::Name,0.0,0.0,1.0,0.03333333333333333,0.0,0.0,0.0,0.0,0.0,1.0,0.16666666666666666,0.0,0.0,0.0,0.0,0.0,1.0,0.3333333333333333,0.0,0.0,0.0,0.0,0.0,1.0,0.5,0.0,0.0,0.0,0.0,0.0,1.0,0.6666666666666666,0.0,0.0,0.0,0.0,0.0,1.0,0.8333333333333334,0.0,0.0,0.0,0.0,0.0,1.0,1.0,0.0,0.0,0.0,0.0,0.0,0.8571428571428571,1.0,0.0,0.0,0.0,0.0,0.0,0.75,1.0,0.0,0.0,0.0,0.0,0.0,0.6666666666666666,1.0,0.0,0.0,0.0,0.0,0.0,0.6,1.0,0.0,0.0,0.0,llama_nemotron_8b-dj_adpt,10,webtable-v2v-v=12-distilroberta-dj_adpt~qwen3_8b-dj_adpt
whr2015.pq::Country,0.0,0.0,1.0,0.03333333333333333,0.0,0.0,0.0,0.2,0.03333333333333333,1.0,0.16666666666666666,1.0,0.2,0.006666666666666667,0.1,0.03333333333333333,1.0,0.3333333333333333,1.0,0.2,0.006666666666666667,0.2,0.1,1.0,0.5,1.0,0.2,0.01888888888888889,0.2,0.13333333333333333,1.0,0.6666666666666666,1.0,0.2,0.025555555555555557,0.16,0.13333333333333333,1.0,0.8333333333333334,1.0,0.2,0.025555555555555557,0.13333333333333333,0.13333333333333333,1.0,1.0,1.0,0.2,0.025555555555555557,0.11428571428571428,0.13333333333333333,0.8571428571428571,1.0,1.0,0.2,0.025555555555555557,0.1,0.13333333333333333,0.75,1.0,1.0,0.2,0.025555555555555557,0.08888888888888889,0.13333333333333333,0.6666666666666666,1.0,1.0,0.2,0.025555555555555557,0.1,0.16666666666666666,0.6,1.0,1.0,0.2,0.029178743961352657,llama_nemotron_8b-dj_adpt,10,webtable-v2v-v=12-distilroberta-dj_adpt~qwen3_8b-dj_adpt
countries_and_continents.pq::official_name_fr,0.0,0.0,1.0,0.037037037037037035,0.0,0.0,0.0,0.0,0.0,1.0,0.18518518518518517,0.0,0.0,0.0,0.0,0.0,1.0,0.37037037037037035,0.0,0.0,0.0,0.06666666666666667,0.037037037037037035,1.0,0.5555555555555556,1.0,0.09090909090909091,0.0033670033670033673,0.1,0.07407407407407407,1.0,0.7407407407407407,1.0,0.09090909090909091,0.007724301841948901,0.16,0.14814814814814814,1.0,0.9259259259259259,1.0,0.09090909090909091,0.018728059222517874,0.2,0.2222222222222222,0.9,1.0,1.0,0.09090909090909091,0.03351340159406714,0.2,0.25925925925925924,0.7714285714285715,1.0,1.0,0.09090909090909091,0.04092080900147455,0.2,0.2962962962962963,0.675,1.0,1.0,0.09090909090909091,0.048718079956640244,0.17777777777777778,0.2962962962962963,0.6,1.0,1.0,0.09090909090909091,0.048718079956640244,0.16,0.2962962962962963,0.54,1.0,1.0,0.09090909090909091,0.048718079956640244,llama_nemotron_8b-dj_adpt,10,webtable-v2v-v=12-distilroberta-dj_adpt~qwen3_8b-dj_adpt
pte_has_property.pq::Arg0,1.0,0.03125,1.0,0.03125,1.0,1.0,0.03125,0.4,0.0625,1.0,0.15625,1.0,1.0,0.04375,0.3,0.09375,1.0,0.3125,1.0,1.0,0.05714285714285714,0.2,0.09375,1.0,0.46875,1.0,1.0,0.05714285714285714,0.15,0.09375,1.0,0.625,1.0,1.0,0.05714285714285714,0.12,0.09375,1.0,0.78125,1.0,1.0,0.05714285714285714,0.16666666666666666,0.15625,1.0,0.9375,1.0,1.0,0.06735284391534392,0.17142857142857143,0.1875,0.9142857142857143,1.0,1.0,1.0,0.07286754979769686,0.15,0.1875,0.8,1.0,1.0,1.0,0.07286754979769686,0.13333333333333333,0.1875,0.7111111111111111,1.0,1.0,1.0,0.07286754979769686,0.14,0.21875,0.64,1.0,1.0,1.0,0.07762298458030556,llama_nemotron_8b-dj_adpt,10,webtable-v2v-v=12-distilroberta-dj_adpt~qwen3_8b-dj_adpt
cwurData.pq::country,1.0,0.03333333333333333,1.0,0.03333333333333333,1.0,1.0,0.03333333333333333,0.8,0.13333333333333333,1.0,0.16666666666666666,1.0,1.0,0.11833333333333333,0.6,0.2,1.0,0.3333333333333333,1.0,1.0,0.16714285714285715,0.4,0.2,1.0,0.5,1.0,1.0,0.16714285714285715,0.3,0.2,1.0,0.6666666666666666,1.0,1.0,0.16714285714285715,0.24,0.2,1.0,0.8333333333333334,1.0,1.0,0.16714285714285715,0.2,0.2,1.0,1.0,1.0,1.0,0.16714285714285715,0.17142857142857143,0.2,0.8571428571428571,1.0,1.0,1.0,0.16714285714285715,0.15,0.2,0.75,1.0,1.0,1.0,0.16714285714285715,0.13333333333333333,0.2,0.6666666666666666,1.0,1.0,1.0,0.16714285714285715,0.12,0.2,0.6,1.0,1.0,1.0,0.16714285714285715,qwen3_8b-dj_adpt,11,webtable-v2v-v=12-distilroberta-dj_adpt~qwen3_8b-dj_adpt
countries_and_continents.pq::ISO4217-currency_country_name,1.0,0.037037037037037035,1.0,0.037037037037037035,1.0,1.0,0.037037037037037035,0.2,0.037037037037037035,1.0,0.18518518518518517,1.0,1.0,0.037037037037037035,0.1,0.037037037037037035,1.0,0.37037037037037035,1.0,1.0,0.037037037037037035,0.13333333333333333,0.07407407407407407,1.0,0.5555555555555556,1.0,1.0,0.04377104377104377,0.15,0.1111111111111111,1.0,0.7407407407407407,1.0,1.0,0.05030699148346208,0.16,0.14814814814814814,1.0,0.9259259259259259,1.0,1.0,0.056232917409387996,0.13333333333333333,0.14814814814814814,0.9,1.0,1.0,1.0,0.056232917409387996,0.11428571428571428,0.14814814814814814,0.7714285714285715,1.0,1.0,1.0,0.056232917409387996,0.1,0.14814814814814814,0.675,1.0,1.0,1.0,0.056232917409387996,0.08888888888888889,0.14814814814814814,0.6,1.0,1.0,1.0,0.056232917409387996,0.08,0.14814814814814814,0.54,1.0,1.0,1.0,0.056232917409387996,qwen3_8b-dj_adpt,11,webtable-v2v-v=12-distilroberta-dj_adpt~qwen3_8b-dj_adpt
pte_imine.pq::Arg0,1.0,0.03125,1.0,0.03125,1.0,1.0,0.03125,1.0,0.15625,1.0,0.15625,1.0,1.0,0.15625,0.9,0.28125,1.0,0.3125,1.0,1.0,0.28125,0.6,0.28125,1.0,0.46875,1.0,1.0,0.28125,0.45,0.28125,1.0,0.625,1.0,1.0,0.28125,0.4,0.3125,1.0,0.78125,1.0,1.0,0.29375,0.36666666666666664,0.34375,1.0,0.9375,1.0,1.0,0.30560344827586206,0.3142857142857143,0.34375,0.9142857142857143,1.0,1.0,1.0,0.30560344827586206,0.275,0.34375,0.8,1.0,1.0,1.0,0.30560344827586206,0.26666666666666666,0.375,0.7111111111111111,1.0,1.0,1.0,0.3145320197044335,0.24,0.375,0.64,1.0,1.0,1.0,0.3145320197044335,qwen3_8b-dj_adpt,11,webtable-v2v-v=12-distilroberta-dj_adpt~qwen3_8b-dj_adpt
countries_and_continents.pq::official_name_en,0.0,0.0,1.0,0.037037037037037035,0.0,0.0,0.0,0.0,0.0,1.0,0.18518518518518517,0.0,0.0,0.0,0.2,0.07407407407407407,1.0,0.37037037037037035,1.0,0.125,0.012037037037037037,0.13333333333333333,0.07407407407407407,1.0,0.5555555555555556,1.0,0.125,0.012037037037037037,0.1,0.07407407407407407,1.0,0.7407407407407407,1.0,0.125,0.012037037037037037,0.16,0.14814814814814814,1.0,0.9259259259259259,1.0,0.125,0.02259259259259259,0.13333333333333333,0.14814814814814814,0.9,1.0,1.0,0.125,0.02259259259259259,0.11428571428571428,0.14814814814814814,0.7714285714285715,1.0,1.0,0.125,0.02259259259259259,0.1,0.14814814814814814,0.675,1.0,1.0,0.125,0.02259259259259259,0.08888888888888889,0.14814814814814814,0.6,1.0,1.0,0.125,0.02259259259259259,0.08,0.14814814814814814,0.54,1.0,1.0,0.125,0.02259259259259259,qwen3_8b-dj_adpt,11,webtable-v2v-v=12-distilroberta-dj_adpt~qwen3_8b-dj_adpt
world_country.pq::Name,1.0,0.034482758620689655,1.0,0.034482758620689655,1.0,1.0,0.034482758620689655,0.8,0.13793103448275862,1.0,0.1724137931034483,1.0,1.0,0.13793103448275862,0.5,0.1724137931034483,1.0,0.3448275862068966,1.0,1.0,0.15948275862068967,0.3333333333333333,0.1724137931034483,1.0,0.5172413793103449,1.0,1.0,0.15948275862068967,0.25,0.1724137931034483,1.0,0.6896551724137931,1.0,1.0,0.15948275862068967,0.2,0.1724137931034483,1.0,0.8620689655172413,1.0,1.0,0.15948275862068967,0.16666666666666666,0.1724137931034483,0.9666666666666667,1.0,1.0,1.0,0.15948275862068967,0.17142857142857143,0.20689655172413793,0.8285714285714286,1.0,1.0,1.0,0.16575235109717867,0.15,0.20689655172413793,0.725,1.0,1.0,1.0,0.16575235109717867,0.13333333333333333,0.20689655172413793,0.6444444444444445,1.0,1.0,1.0,0.16575235109717867,0.12,0.20689655172413793,0.58,1.0,1.0,1.0,0.16575235109717867,qwen3_8b-dj_adpt,11,webtable-v2v-v=12-distilroberta-dj_adpt~qwen3_8b-dj_adpt
pte_nitro.pq::Arg0,1.0,0.03125,1.0,0.03125,1.0,1.0,0.03125,1.0,0.15625,1.0,0.15625,1.0,1.0,0.15625,0.5,0.15625,1.0,0.3125,1.0,1.0,0.15625,0.4,0.1875,1.0,0.46875,1.0,1.0,0.16875,0.4,0.25,1.0,0.625,1.0,1.0,0.1955797697368421,0.36,0.28125,1.0,0.78125,1.0,1.0,0.20897262687969925,0.3,0.28125,1.0,0.9375,1.0,1.0,0.20897262687969925,0.2857142857142857,0.3125,0.9142857142857143,1.0,1.0,1.0,0.21790119830827068,0.25,0.3125,0.8,1.0,1.0,1.0,0.21790119830827068,0.2222222222222222,0.3125,0.7111111111111111,1.0,1.0,1.0,0.21790119830827068,0.22,0.34375,0.64,1.0,1.0,1.0,0.22506265664160402,qwen3_8b-dj_adpt,11,webtable-v2v-v=12-distilroberta-dj_adpt~qwen3_8b-dj_adpt
pte_sulfide.pq::Arg0,1.0,0.03125,1.0,0.03125,1.0,1.0,0.03125,0.6,0.09375,1.0,0.15625,1.0,1.0,0.09375,0.5,0.15625,1.0,0.3125,1.0,1.0,0.1267361111111111,0.4,0.1875,1.0,0.46875,1.0,1.0,0.14012896825396826,0.3,0.1875,1.0,0.625,1.0,1.0,0.14012896825396826,0.24,0.1875,1.0,0.78125,1.0,1.0,0.14012896825396826,0.2,0.1875,1.0,0.9375,1.0,1.0,0.14012896825396826,0.17142857142857143,0.1875,0.9142857142857143,1.0,1.0,1.0,0.14012896825396826,0.15,0.1875,0.8,1.0,1.0,1.0,0.14012896825396826,0.15555555555555556,0.21875,0.7111111111111111,1.0,1.0,1.0,0.1454643341076268,0.14,0.21875,0.64,1.0,1.0,1.0,0.1454643341076268,qwen3_8b-dj_adpt,11,webtable-v2v-v=12-distilroberta-dj_adpt~qwen3_8b-dj_adpt
pte_non_ar_hetero_6_ring.pq::Arg0,1.0,0.03125,1.0,0.03125,1.0,1.0,0.03125,1.0,0.15625,1.0,0.15625,1.0,1.0,0.15625,0.8,0.25,1.0,0.3125,1.0,1.0,0.2465277777777778,0.5333333333333333,0.25,1.0,0.46875,1.0,1.0,0.2465277777777778,0.4,0.25,1.0,0.625,1.0,1.0,0.2465277777777778,0.32,0.25,1.0,0.78125,1.0,1.0,0.2465277777777778,0.3,0.28125,1.0,0.9375,1.0,1.0,0.25622605363984674,0.3142857142857143,0.34375,0.9142857142857143,1.0,1.0,1.0,0.27523865868186354,0.275,0.34375,0.8,1.0,1.0,1.0,0.27523865868186354,0.24444444444444444,0.34375,0.7111111111111111,1.0,1.0,1.0,0.27523865868186354,0.22,0.34375,0.64,1.0,1.0,1.0,0.27523865868186354,qwen3_8b-dj_adpt,11,webtable-v2v-v=12-distilroberta-dj_adpt~qwen3_8b-dj_adpt
Word_University_Rank_2020.pq::Country,1.0,0.03333333333333333,1.0,0.03333333333333333,1.0,1.0,0.03333333333333333,0.4,0.06666666666666667,1.0,0.16666666666666666,1.0,1.0,0.06666666666666667,0.2,0.06666666666666667,1.0,0.3333333333333333,1.0,1.0,0.06666666666666667,0.13333333333333333,0.06666666666666667,1.0,0.5,1.0,1.0,0.06666666666666667,0.1,0.06666666666666667,1.0,0.6666666666666666,1.0,1.0,0.06666666666666667,0.12,0.1,1.0,0.8333333333333334,1.0,1.0,0.07083333333333333,0.1,0.1,1.0,1.0,1.0,1.0,0.07083333333333333,0.08571428571428572,0.1,0.8571428571428571,1.0,1.0,1.0,0.07083333333333333,0.075,0.1,0.75,1.0,1.0,1.0,0.07083333333333333,0.06666666666666667,0.1,0.6666666666666666,1.0,1.0,1.0,0.07083333333333333,0.06,0.1,0.6,1.0,1.0,1.0,0.07083333333333333,qwen3_8b-dj_adpt,11,webtable-v2v-v=12-distilroberta-dj_adpt~qwen3_8b-dj_adpt
gender_development.pq::Country,1.0,0.03333333333333333,1.0,0.03333333333333333,1.0,1.0,0.03333333333333333,0.6,0.1,1.0,0.16666666666666666,1.0,1.0,0.09166666666666666,0.4,0.13333333333333333,1.0,0.3333333333333333,1.0,1.0,0.105,0.3333333333333333,0.16666666666666666,1.0,0.5,1.0,1.0,0.11888888888888889,0.25,0.16666666666666666,1.0,0.6666666666666666,1.0,1.0,0.11888888888888889,0.24,0.2,1.0,0.8333333333333334,1.0,1.0,0.12688888888888888,0.2,0.2,1.0,1.0,1.0,1.0,0.12688888888888888,0.17142857142857143,0.2,0.8571428571428571,1.0,1.0,1.0,0.12688888888888888,0.15,0.2,0.75,1.0,1.0,1.0,0.12688888888888888,0.13333333333333333,0.2,0.6666666666666666,1.0,1.0,1.0,0.12688888888888888,0.12,0.2,0.6,1.0,1.0,1.0,0.12688888888888888,qwen3_8b-dj_adpt,11,webtable-v2v-v=12-distilroberta-dj_adpt~qwen3_8b-dj_adpt
pte_testactive_Neg.pq::Arg0,1.0,0.03125,1.0,0.03125,1.0,1.0,0.03125,1.0,0.15625,1.0,0.15625,1.0,1.0,0.15625,0.8,0.25,1.0,0.3125,1.0,1.0,0.24375,0.6,0.28125,1.0,0.46875,1.0,1.0,0.26931818181818185,0.55,0.34375,1.0,0.625,1.0,1.0,0.3047713981924508,0.44,0.34375,1.0,0.78125,1.0,1.0,0.3047713981924508,0.36666666666666664,0.34375,1.0,0.9375,1.0,1.0,0.3047713981924508,0.3142857142857143,0.34375,0.9142857142857143,1.0,1.0,1.0,0.3047713981924508,0.275,0.34375,0.8,1.0,1.0,1.0,0.3047713981924508,0.24444444444444444,0.34375,0.7111111111111111,1.0,1.0,1.0,0.3047713981924508,0.24,0.375,0.64,1.0,1.0,1.0,0.3122713981924508,qwen3_8b-dj_adpt,11,webtable-v2v-v=12-distilroberta-dj_adpt~qwen3_8b-dj_adpt
edu.pq::country,0.0,0.0,1.0,0.03333333333333333,0.0,0.0,0.0,0.0,0.0,1.0,0.16666666666666666,0.0,0.0,0.0,0.0,0.0,1.0,0.3333333333333333,0.0,0.0,0.0,0.0,0.0,1.0,0.5,0.0,0.0,0.0,0.0,0.0,1.0,0.6666666666666666,0.0,0.0,0.0,0.0,0.0,1.0,0.8333333333333334,0.0,0.0,0.0,0.0,0.0,1.0,1.0,0.0,0.0,0.0,0.0,0.0,0.8571428571428571,1.0,0.0,0.0,0.0,0.0,0.0,0.75,1.0,0.0,0.0,0.0,0.0,0.0,0.6666666666666666,1.0,0.0,0.0,0.0,0.02,0.03333333333333333,0.6,1.0,1.0,0.02127659574468085,0.0007092198581560283,qwen3_8b-dj_adpt,11,webtable-v2v-v=12-distilroberta-dj_adpt~qwen3_8b-dj_adpt
AdventureWorks2014_CountryRegion.pq::Name,1.0,0.03333333333333333,1.0,0.03333333333333333,1.0,1.0,0.03333333333333333,1.0,0.16666666666666666,1.0,0.16666666666666666,1.0,1.0,0.16666666666666666,0.5,0.16666666666666666,1.0,0.3333333333333333,1.0,1.0,0.16666666666666666,0.3333333333333333,0.16666666666666666,1.0,0.5,1.0,1.0,0.16666666666666666,0.3,0.2,1.0,0.6666666666666666,1.0,1.0,0.17777777777777776,0.24,0.2,1.0,0.8333333333333334,1.0,1.0,0.17777777777777776,0.2,0.2,1.0,1.0,1.0,1.0,0.17777777777777776,0.17142857142857143,0.2,0.8571428571428571,1.0,1.0,1.0,0.17777777777777776,0.15,0.2,0.75,1.0,1.0,1.0,0.17777777777777776,0.13333333333333333,0.2,0.6666666666666666,1.0,1.0,1.0,0.17777777777777776,0.12,0.2,0.6,1.0,1.0,1.0,0.17777777777777776,qwen3_8b-dj_adpt,11,webtable-v2v-v=12-distilroberta-dj_adpt~qwen3_8b-dj_adpt
pte_methoxy.pq::Arg0,1.0,0.03125,1.0,0.03125,1.0,1.0,0.03125,1.0,0.15625,1.0,0.15625,1.0,1.0,0.15625,0.8,0.25,1.0,0.3125,1.0,1.0,0.2465277777777778,0.6,0.28125,1.0,0.46875,1.0,1.0,0.2720959595959596,0.6,0.375,1.0,0.625,1.0,1.0,0.327320417800294,0.52,0.40625,1.0,0.78125,1.0,1.0,0.34357041780029396,0.43333333333333335,0.40625,1.0,0.9375,1.0,1.0,0.34357041780029396,0.4,0.4375,0.9142857142857143,1.0,1.0,1.0,0.3576833210261004,0.35,0.4375,0.8,1.0,1.0,1.0,0.3576833210261004,0.3111111111111111,0.4375,0.7111111111111111,1.0,1.0,1.0,0.3576833210261004,0.28,0.4375,0.64,1.0,1.0,1.0,0.3576833210261004,qwen3_8b-dj_adpt,11,webtable-v2v-v=12-distilroberta-dj_adpt~qwen3_8b-dj_adpt
world-cities.pq::country,1.0,0.03333333333333333,1.0,0.03333333333333333,1.0,1.0,0.03333333333333333,0.8,0.13333333333333333,1.0,0.16666666666666666,1.0,1.0,0.12666666666666665,0.6,0.2,1.0,0.3333333333333333,1.0,1.0,0.1726984126984127,0.4,0.2,1.0,0.5,1.0,1.0,0.1726984126984127,0.3,0.2,1.0,0.6666666666666666,1.0,1.0,0.1726984126984127,0.24,0.2,1.0,0.8333333333333334,1.0,1.0,0.1726984126984127,0.2,0.2,1.0,1.0,1.0,1.0,0.1726984126984127,0.17142857142857143,0.2,0.8571428571428571,1.0,1.0,1.0,0.1726984126984127,0.15,0.2,0.75,1.0,1.0,1.0,0.1726984126984127,0.13333333333333333,0.2,0.6666666666666666,1.0,1.0,1.0,0.1726984126984127,0.12,0.2,0.6,1.0,1.0,1.0,0.1726984126984127,qwen3_8b-dj_adpt,11,webtable-v2v-v=12-distilroberta-dj_adpt~qwen3_8b-dj_adpt
movies.pq::country,0.0,0.0,1.0,0.03333333333333333,0.0,0.0,0.0,0.4,0.06666666666666667,1.0,0.16666666666666666,1.0,0.5,0.03888888888888888,0.2,0.06666666666666667,1.0,0.3333333333333333,1.0,0.5,0.03888888888888888,0.13333333333333333,0.06666666666666667,1.0,0.5,1.0,0.5,0.03888888888888888,0.1,0.06666666666666667,1.0,0.6666666666666666,1.0,0.5,0.03888888888888888,0.08,0.06666666666666667,1.0,0.8333333333333334,1.0,0.5,0.03888888888888888,0.06666666666666667,0.06666666666666667,1.0,1.0,1.0,0.5,0.03888888888888888,0.05714285714285714,0.06666666666666667,0.8571428571428571,1.0,1.0,0.5,0.03888888888888888,0.075,0.1,0.75,1.0,1.0,0.5,0.04138888888888889,0.06666666666666667,0.1,0.6666666666666666,1.0,1.0,0.5,0.04138888888888889,0.06,0.1,0.6,1.0,1.0,0.5,0.04138888888888889,qwen3_8b-dj_adpt,11,webtable-v2v-v=12-distilroberta-dj_adpt~qwen3_8b-dj_adpt
countries_data.pq::CountryName,1.0,0.03333333333333333,1.0,0.03333333333333333,1.0,1.0,0.03333333333333333,0.6,0.1,1.0,0.16666666666666666,1.0,1.0,0.1,0.4,0.13333333333333333,1.0,0.3333333333333333,1.0,1.0,0.11904761904761904,0.3333333333333333,0.16666666666666666,1.0,0.5,1.0,1.0,0.13186813186813187,0.3,0.2,1.0,0.6666666666666666,1.0,1.0,0.14436813186813188,0.24,0.2,1.0,0.8333333333333334,1.0,1.0,0.14436813186813188,0.2,0.2,1.0,1.0,1.0,1.0,0.14436813186813188,0.17142857142857143,0.2,0.8571428571428571,1.0,1.0,1.0,0.14436813186813188,0.15,0.2,0.75,1.0,1.0,1.0,0.14436813186813188,0.13333333333333333,0.2,0.6666666666666666,1.0,1.0,1.0,0.14436813186813188,0.12,0.2,0.6,1.0,1.0,1.0,0.14436813186813188,qwen3_8b-dj_adpt,11,webtable-v2v-v=12-distilroberta-dj_adpt~qwen3_8b-dj_adpt
pte_alcohol.pq::Arg0,1.0,0.03125,1.0,0.03125,1.0,1.0,0.03125,0.4,0.0625,1.0,0.15625,1.0,1.0,0.0625,0.2,0.0625,1.0,0.3125,1.0,1.0,0.0625,0.2,0.09375,1.0,0.46875,1.0,1.0,0.0703125,0.2,0.125,1.0,0.625,1.0,1.0,0.0765625,0.2,0.15625,1.0,0.78125,1.0,1.0,0.08335597826086956,0.16666666666666666,0.15625,1.0,0.9375,1.0,1.0,0.08335597826086956,0.14285714285714285,0.15625,0.9142857142857143,1.0,1.0,1.0,0.08335597826086956,0.125,0.15625,0.8,1.0,1.0,1.0,0.08335597826086956,0.1111111111111111,0.15625,0.7111111111111111,1.0,1.0,1.0,0.08335597826086956,0.1,0.15625,0.64,1.0,1.0,1.0,0.08335597826086956,qwen3_8b-dj_adpt,11,webtable-v2v-v=12-distilroberta-dj_adpt~qwen3_8b-dj_adpt
pte_phenol.pq::Arg0,1.0,0.03125,1.0,0.03125,1.0,1.0,0.03125,1.0,0.15625,1.0,0.15625,1.0,1.0,0.15625,0.7,0.21875,1.0,0.3125,1.0,1.0,0.21875,0.5333333333333333,0.25,1.0,0.46875,1.0,1.0,0.24147727272727273,0.4,0.25,1.0,0.625,1.0,1.0,0.24147727272727273,0.36,0.28125,1.0,0.78125,1.0,1.0,0.25487012987012986,0.3,0.28125,1.0,0.9375,1.0,1.0,0.25487012987012986,0.2571428571428571,0.28125,0.9142857142857143,1.0,1.0,1.0,0.25487012987012986,0.275,0.34375,0.8,1.0,1.0,1.0,0.2723621284476548,0.24444444444444444,0.34375,0.7111111111111111,1.0,1.0,1.0,0.2723621284476548,0.22,0.34375,0.64,1.0,1.0,1.0,0.2723621284476548,qwen3_8b-dj_adpt,11,webtable-v2v-v=12-distilroberta-dj_adpt~qwen3_8b-dj_adpt
pte_ester.pq::Arg0,1.0,0.03125,1.0,0.03125,1.0,1.0,0.03125,1.0,0.15625,1.0,0.15625,1.0,1.0,0.15625,0.7,0.21875,1.0,0.3125,1.0,1.0,0.21875,0.5333333333333333,0.25,1.0,0.46875,1.0,1.0,0.24147727272727273,0.45,0.28125,1.0,0.625,1.0,1.0,0.2571022727272727,0.4,0.3125,1.0,0.78125,1.0,1.0,0.2713068181818182,0.3333333333333333,0.3125,1.0,0.9375,1.0,1.0,0.2713068181818182,0.2857142857142857,0.3125,0.9142857142857143,1.0,1.0,1.0,0.2713068181818182,0.25,0.3125,0.8,1.0,1.0,1.0,0.2713068181818182,0.2222222222222222,0.3125,0.7111111111111111,1.0,1.0,1.0,0.2713068181818182,0.22,0.34375,0.64,1.0,1.0,1.0,0.2787796442687747,qwen3_8b-dj_adpt,11,webtable-v2v-v=12-distilroberta-dj_adpt~qwen3_8b-dj_adpt
pte_non_ar_hetero_5_ring.pq::Arg0,1.0,0.03125,1.0,0.03125,1.0,1.0,0.03125,0.8,0.125,1.0,0.15625,1.0,1.0,0.125,0.6,0.1875,1.0,0.3125,1.0,1.0,0.16815476190476192,0.4,0.1875,1.0,0.46875,1.0,1.0,0.16815476190476192,0.3,0.1875,1.0,0.625,1.0,1.0,0.16815476190476192,0.24,0.1875,1.0,0.78125,1.0,1.0,0.16815476190476192,0.2,0.1875,1.0,0.9375,1.0,1.0,0.16815476190476192,0.2,0.21875,0.9142857142857143,1.0,1.0,1.0,0.17499069940476192,0.175,0.21875,0.8,1.0,1.0,1.0,0.17499069940476192,0.15555555555555556,0.21875,0.7111111111111111,1.0,1.0,1.0,0.17499069940476192,0.14,0.21875,0.64,1.0,1.0,1.0,0.17499069940476192,qwen3_8b-dj_adpt,11,webtable-v2v-v=12-distilroberta-dj_adpt~qwen3_8b-dj_adpt
population_by_country_2020.pq::CountryDependency,0.0,0.0,1.0,0.03333333333333333,0.0,0.0,0.0,0.2,0.03333333333333333,1.0,0.16666666666666666,1.0,0.3333333333333333,0.01111111111111111,0.1,0.03333333333333333,1.0,0.3333333333333333,1.0,0.3333333333333333,0.01111111111111111,0.13333333333333333,0.06666666666666667,1.0,0.5,1.0,0.3333333333333333,0.015555555555555555,0.1,0.06666666666666667,1.0,0.6666666666666666,1.0,0.3333333333333333,0.015555555555555555,0.08,0.06666666666666667,1.0,0.8333333333333334,1.0,0.3333333333333333,0.015555555555555555,0.06666666666666667,0.06666666666666667,1.0,1.0,1.0,0.3333333333333333,0.015555555555555555,0.05714285714285714,0.06666666666666667,0.8571428571428571,1.0,1.0,0.3333333333333333,0.015555555555555555,0.05,0.06666666666666667,0.75,1.0,1.0,0.3333333333333333,0.015555555555555555,0.044444444444444446,0.06666666666666667,0.6666666666666666,1.0,1.0,0.3333333333333333,0.015555555555555555,0.06,0.1,0.6,1.0,1.0,0.3333333333333333,0.01768321513002364,qwen3_8b-dj_adpt,11,webtable-v2v-v=12-distilroberta-dj_adpt~qwen3_8b-dj_adpt
pte_non_ar_5c_ring.pq::Arg0,1.0,0.03125,1.0,0.03125,1.0,1.0,0.03125,1.0,0.15625,1.0,0.15625,1.0,1.0,0.15625,0.7,0.21875,1.0,0.3125,1.0,1.0,0.21180555555555555,0.5333333333333333,0.25,1.0,0.46875,1.0,1.0,0.2296626984126984,0.4,0.25,1.0,0.625,1.0,1.0,0.2296626984126984,0.4,0.3125,1.0,0.78125,1.0,1.0,0.25388144841269844,0.3333333333333333,0.3125,1.0,0.9375,1.0,1.0,0.25388144841269844,0.34285714285714286,0.375,0.9142857142857143,1.0,1.0,1.0,0.27532752684407097,0.3,0.375,0.8,1.0,1.0,1.0,0.27532752684407097,0.28888888888888886,0.40625,0.7111111111111111,1.0,1.0,1.0,0.28500014589169,0.26,0.40625,0.64,1.0,1.0,1.0,0.28500014589169,qwen3_8b-dj_adpt,11,webtable-v2v-v=12-distilroberta-dj_adpt~qwen3_8b-dj_adpt
fifa_ranking.pq::country_full,1.0,0.03333333333333333,1.0,0.03333333333333333,1.0,1.0,0.03333333333333333,0.4,0.06666666666666667,1.0,0.16666666666666666,1.0,1.0,0.05,0.2,0.06666666666666667,1.0,0.3333333333333333,1.0,1.0,0.05,0.26666666666666666,0.13333333333333333,1.0,0.5,1.0,1.0,0.06722222222222222,0.2,0.13333333333333333,1.0,0.6666666666666666,1.0,1.0,0.06722222222222222,0.16,0.13333333333333333,1.0,0.8333333333333334,1.0,1.0,0.06722222222222222,0.13333333333333333,0.13333333333333333,1.0,1.0,1.0,1.0,0.06722222222222222,0.11428571428571428,0.13333333333333333,0.8571428571428571,1.0,1.0,1.0,0.06722222222222222,0.1,0.13333333333333333,0.75,1.0,1.0,1.0,0.06722222222222222,0.08888888888888889,0.13333333333333333,0.6666666666666666,1.0,1.0,1.0,0.06722222222222222,0.08,0.13333333333333333,0.6,1.0,1.0,1.0,0.06722222222222222,qwen3_8b-dj_adpt,11,webtable-v2v-v=12-distilroberta-dj_adpt~qwen3_8b-dj_adpt
countries_of_the_world.pq::Country,0.0,0.0,1.0,0.03333333333333333,0.0,0.0,0.0,0.4,0.06666666666666667,1.0,0.16666666666666666,1.0,0.5,0.03333333333333333,0.3,0.1,1.0,0.3333333333333333,1.0,0.5,0.04761904761904762,0.26666666666666666,0.13333333333333333,1.0,0.5,1.0,0.5,0.05974025974025974,0.2,0.13333333333333333,1.0,0.6666666666666666,1.0,0.5,0.05974025974025974,0.2,0.16666666666666666,1.0,0.8333333333333334,1.0,0.5,0.0666847041847042,0.16666666666666666,0.16666666666666666,1.0,1.0,1.0,0.5,0.0666847041847042,0.14285714285714285,0.16666666666666666,0.8571428571428571,1.0,1.0,0.5,0.0666847041847042,0.125,0.16666666666666666,0.75,1.0,1.0,0.5,0.0666847041847042,0.1111111111111111,0.16666666666666666,0.6666666666666666,1.0,1.0,0.5,0.0666847041847042,0.1,0.16666666666666666,0.6,1.0,1.0,0.5,0.0666847041847042,qwen3_8b-dj_adpt,11,webtable-v2v-v=12-distilroberta-dj_adpt~qwen3_8b-dj_adpt
pte_ketone.pq::Arg0,1.0,0.03125,1.0,0.03125,1.0,1.0,0.03125,1.0,0.15625,1.0,0.15625,1.0,1.0,0.15625,0.7,0.21875,1.0,0.3125,1.0,1.0,0.21484375,0.6,0.28125,1.0,0.46875,1.0,1.0,0.25632102272727275,0.45,0.28125,1.0,0.625,1.0,1.0,0.25632102272727275,0.36,0.28125,1.0,0.78125,1.0,1.0,0.25632102272727275,0.3333333333333333,0.3125,1.0,0.9375,1.0,1.0,0.2667376893939394,0.2857142857142857,0.3125,0.9142857142857143,1.0,1.0,1.0,0.2667376893939394,0.35,0.4375,0.8,1.0,1.0,1.0,0.30725081765377815,0.3333333333333333,0.46875,0.7111111111111111,1.0,1.0,1.0,0.31766748432044484,0.3,0.46875,0.64,1.0,1.0,1.0,0.31766748432044484,qwen3_8b-dj_adpt,11,webtable-v2v-v=12-distilroberta-dj_adpt~qwen3_8b-dj_adpt
who_suicide_statistics.pq::country,0.0,0.0,1.0,0.03333333333333333,0.0,0.0,0.0,0.2,0.03333333333333333,1.0,0.16666666666666666,1.0,0.25,0.008333333333333333,0.1,0.03333333333333333,1.0,0.3333333333333333,1.0,0.25,0.008333333333333333,0.06666666666666667,0.03333333333333333,1.0,0.5,1.0,0.25,0.008333333333333333,0.1,0.06666666666666667,1.0,0.6666666666666666,1.0,0.25,0.012254901960784315,0.08,0.06666666666666667,1.0,0.8333333333333334,1.0,0.25,0.012254901960784315,0.06666666666666667,0.06666666666666667,1.0,1.0,1.0,0.25,0.012254901960784315,0.05714285714285714,0.06666666666666667,0.8571428571428571,1.0,1.0,0.25,0.012254901960784315,0.05,0.06666666666666667,0.75,1.0,1.0,0.25,0.012254901960784315,0.044444444444444446,0.06666666666666667,0.6666666666666666,1.0,1.0,0.25,0.012254901960784315,0.04,0.06666666666666667,0.6,1.0,1.0,0.25,0.012254901960784315,qwen3_8b-dj_adpt,11,webtable-v2v-v=12-distilroberta-dj_adpt~qwen3_8b-dj_adpt
UKDebate.pq::country,0.0,0.0,1.0,0.03333333333333333,0.0,0.0,0.0,0.0,0.0,1.0,0.16666666666666666,0.0,0.0,0.0,0.0,0.0,1.0,0.3333333333333333,0.0,0.0,0.0,0.0,0.0,1.0,0.5,0.0,0.0,0.0,0.05,0.03333333333333333,1.0,0.6666666666666666,1.0,0.05263157894736842,0.0017543859649122805,0.04,0.03333333333333333,1.0,0.8333333333333334,1.0,0.05263157894736842,0.0017543859649122805,0.03333333333333333,0.03333333333333333,1.0,1.0,1.0,0.05263157894736842,0.0017543859649122805,0.02857142857142857,0.03333333333333333,0.8571428571428571,1.0,1.0,0.05263157894736842,0.0017543859649122805,0.05,0.06666666666666667,0.75,1.0,1.0,0.05263157894736842,0.003508771929824561,0.044444444444444446,0.06666666666666667,0.6666666666666666,1.0,1.0,0.05263157894736842,0.003508771929824561,0.04,0.06666666666666667,0.6,1.0,1.0,0.05263157894736842,0.003508771929824561,qwen3_8b-dj_adpt,11,webtable-v2v-v=12-distilroberta-dj_adpt~qwen3_8b-dj_adpt
World_countries_env_vars.pq::Country,0.0,0.0,1.0,0.03333333333333333,0.0,0.0,0.0,0.2,0.03333333333333333,1.0,0.16666666666666666,1.0,0.3333333333333333,0.01111111111111111,0.1,0.03333333333333333,1.0,0.3333333333333333,1.0,0.3333333333333333,0.01111111111111111,0.06666666666666667,0.03333333333333333,1.0,0.5,1.0,0.3333333333333333,0.01111111111111111,0.05,0.03333333333333333,1.0,0.6666666666666666,1.0,0.3333333333333333,0.01111111111111111,0.04,0.03333333333333333,1.0,0.8333333333333334,1.0,0.3333333333333333,0.01111111111111111,0.06666666666666667,0.06666666666666667,1.0,1.0,1.0,0.3333333333333333,0.013675213675213675,0.05714285714285714,0.06666666666666667,0.8571428571428571,1.0,1.0,0.3333333333333333,0.013675213675213675,0.05,0.06666666666666667,0.75,1.0,1.0,0.3333333333333333,0.013675213675213675,0.06666666666666667,0.1,0.6666666666666666,1.0,1.0,0.3333333333333333,0.016114238065457576,0.06,0.1,0.6,1.0,1.0,0.3333333333333333,0.016114238065457576,qwen3_8b-dj_adpt,11,webtable-v2v-v=12-distilroberta-dj_adpt~qwen3_8b-dj_adpt
USA_cars_datasets.pq::country,1.0,0.03333333333333333,1.0,0.03333333333333333,1.0,1.0,0.03333333333333333,0.2,0.03333333333333333,1.0,0.16666666666666666,1.0,1.0,0.03333333333333333,0.1,0.03333333333333333,1.0,0.3333333333333333,1.0,1.0,0.03333333333333333,0.06666666666666667,0.03333333333333333,1.0,0.5,1.0,1.0,0.03333333333333333,0.1,0.06666666666666667,1.0,0.6666666666666666,1.0,1.0,0.03703703703703704,0.08,0.06666666666666667,1.0,0.8333333333333334,1.0,1.0,0.03703703703703704,0.06666666666666667,0.06666666666666667,1.0,1.0,1.0,1.0,0.03703703703703704,0.05714285714285714,0.06666666666666667,0.8571428571428571,1.0,1.0,1.0,0.03703703703703704,0.05,0.06666666666666667,0.75,1.0,1.0,1.0,0.03703703703703704,0.044444444444444446,0.06666666666666667,0.6666666666666666,1.0,1.0,1.0,0.03703703703703704,0.04,0.06666666666666667,0.6,1.0,1.0,1.0,0.03703703703703704,qwen3_8b-dj_adpt,11,webtable-v2v-v=12-distilroberta-dj_adpt~qwen3_8b-dj_adpt
netflix_titles.pq::country,1.0,0.03333333333333333,1.0,0.03333333333333333,1.0,1.0,0.03333333333333333,0.6,0.1,1.0,0.16666666666666666,1.0,1.0,0.09166666666666666,0.3,0.1,1.0,0.3333333333333333,1.0,1.0,0.09166666666666666,0.2,0.1,1.0,0.5,1.0,1.0,0.09166666666666666,0.15,0.1,1.0,0.6666666666666666,1.0,1.0,0.09166666666666666,0.16,0.13333333333333333,1.0,0.8333333333333334,1.0,1.0,0.09772727272727272,0.13333333333333333,0.13333333333333333,1.0,1.0,1.0,1.0,0.09772727272727272,0.14285714285714285,0.16666666666666666,0.8571428571428571,1.0,1.0,1.0,0.10248917748917749,0.125,0.16666666666666666,0.75,1.0,1.0,1.0,0.10248917748917749,0.1111111111111111,0.16666666666666666,0.6666666666666666,1.0,1.0,1.0,0.10248917748917749,0.1,0.16666666666666666,0.6,1.0,1.0,1.0,0.10248917748917749,qwen3_8b-dj_adpt,11,webtable-v2v-v=12-distilroberta-dj_adpt~qwen3_8b-dj_adpt
pte_ames.pq::Arg0,1.0,0.03125,1.0,0.03125,1.0,1.0,0.03125,1.0,0.15625,1.0,0.15625,1.0,1.0,0.15625,0.9,0.28125,1.0,0.3125,1.0,1.0,0.278125,0.6666666666666666,0.3125,1.0,0.46875,1.0,1.0,0.3065340909090909,0.55,0.34375,1.0,0.625,1.0,1.0,0.3256313131313131,0.44,0.34375,1.0,0.78125,1.0,1.0,0.3256313131313131,0.36666666666666664,0.34375,1.0,0.9375,1.0,1.0,0.3256313131313131,0.3142857142857143,0.34375,0.9142857142857143,1.0,1.0,1.0,0.3256313131313131,0.275,0.34375,0.8,1.0,1.0,1.0,0.3256313131313131,0.26666666666666666,0.375,0.7111111111111111,1.0,1.0,1.0,0.33435224336387126,0.24,0.375,0.64,1.0,1.0,1.0,0.33435224336387126,qwen3_8b-dj_adpt,11,webtable-v2v-v=12-distilroberta-dj_adpt~qwen3_8b-dj_adpt
movie_metadata.pq::country,1.0,0.03333333333333333,1.0,0.03333333333333333,1.0,1.0,0.03333333333333333,0.2,0.03333333333333333,1.0,0.16666666666666666,1.0,1.0,0.03333333333333333,0.2,0.06666666666666667,1.0,0.3333333333333333,1.0,1.0,0.04444444444444444,0.2,0.1,1.0,0.5,1.0,1.0,0.05353535353535353,0.15,0.1,1.0,0.6666666666666666,1.0,1.0,0.05353535353535353,0.12,0.1,1.0,0.8333333333333334,1.0,1.0,0.05353535353535353,0.1,0.1,1.0,1.0,1.0,1.0,0.05353535353535353,0.11428571428571428,0.13333333333333333,0.8571428571428571,1.0,1.0,1.0,0.057456922162804513,0.1,0.13333333333333333,0.75,1.0,1.0,1.0,0.057456922162804513,0.1111111111111111,0.16666666666666666,0.6666666666666666,1.0,1.0,1.0,0.061244800950683305,0.12,0.2,0.6,1.0,1.0,1.0,0.06541146761734998,qwen3_8b-dj_adpt,11,webtable-v2v-v=12-distilroberta-dj_adpt~qwen3_8b-dj_adpt
world_country.pq::LocalName,0.0,0.0,1.0,0.034482758620689655,0.0,0.0,0.0,0.2,0.034482758620689655,1.0,0.1724137931034483,1.0,0.5,0.017241379310344827,0.2,0.06896551724137931,1.0,0.3448275862068966,1.0,0.5,0.028735632183908042,0.2,0.10344827586206896,1.0,0.5172413793103449,1.0,0.5,0.03669319186560566,0.15,0.10344827586206896,1.0,0.6896551724137931,1.0,0.5,0.03669319186560566,0.12,0.10344827586206896,1.0,0.8620689655172413,1.0,0.5,0.03669319186560566,0.13333333333333333,0.13793103448275862,0.9666666666666667,1.0,1.0,0.5,0.041619300239989894,0.11428571428571428,0.13793103448275862,0.8285714285714286,1.0,1.0,0.5,0.041619300239989894,0.1,0.13793103448275862,0.725,1.0,1.0,0.5,0.041619300239989894,0.08888888888888889,0.13793103448275862,0.6444444444444445,1.0,1.0,0.5,0.041619300239989894,0.1,0.1724137931034483,0.58,1.0,1.0,0.5,0.04528767881665901,qwen3_8b-dj_adpt,11,webtable-v2v-v=12-distilroberta-dj_adpt~qwen3_8b-dj_adpt
countries_metadatacountries.pq::CountryName,1.0,0.03333333333333333,1.0,0.03333333333333333,1.0,1.0,0.03333333333333333,0.4,0.06666666666666667,1.0,0.16666666666666666,1.0,1.0,0.06666666666666667,0.4,0.13333333333333333,1.0,0.3333333333333333,1.0,1.0,0.10238095238095238,0.3333333333333333,0.16666666666666666,1.0,0.5,1.0,1.0,0.11428571428571428,0.25,0.16666666666666666,1.0,0.6666666666666666,1.0,1.0,0.11428571428571428,0.2,0.16666666666666666,1.0,0.8333333333333334,1.0,1.0,0.11428571428571428,0.16666666666666666,0.16666666666666666,1.0,1.0,1.0,1.0,0.11428571428571428,0.17142857142857143,0.2,0.8571428571428571,1.0,1.0,1.0,0.12073732718894009,0.15,0.2,0.75,1.0,1.0,1.0,0.12073732718894009,0.13333333333333333,0.2,0.6666666666666666,1.0,1.0,1.0,0.12073732718894009,0.12,0.2,0.6,1.0,1.0,1.0,0.12073732718894009,qwen3_8b-dj_adpt,11,webtable-v2v-v=12-distilroberta-dj_adpt~qwen3_8b-dj_adpt
pte_postestactive_neg.pq::Arg0,1.0,0.03125,1.0,0.03125,1.0,1.0,0.03125,1.0,0.15625,1.0,0.15625,1.0,1.0,0.15625,0.8,0.25,1.0,0.3125,1.0,1.0,0.24375,0.6,0.28125,1.0,0.46875,1.0,1.0,0.26931818181818185,0.55,0.34375,1.0,0.625,1.0,1.0,0.3047713981924508,0.44,0.34375,1.0,0.78125,1.0,1.0,0.3047713981924508,0.36666666666666664,0.34375,1.0,0.9375,1.0,1.0,0.3047713981924508,0.3142857142857143,0.34375,0.9142857142857143,1.0,1.0,1.0,0.3047713981924508,0.275,0.34375,0.8,1.0,1.0,1.0,0.3047713981924508,0.24444444444444444,0.34375,0.7111111111111111,1.0,1.0,1.0,0.3047713981924508,0.24,0.375,0.64,1.0,1.0,1.0,0.3122713981924508,qwen3_8b-dj_adpt,11,webtable-v2v-v=12-distilroberta-dj_adpt~qwen3_8b-dj_adpt
pte_alkyl_halide.pq::Arg0,1.0,0.03125,1.0,0.03125,1.0,1.0,0.03125,1.0,0.15625,1.0,0.15625,1.0,1.0,0.15625,0.8,0.25,1.0,0.3125,1.0,1.0,0.23984375,0.6666666666666666,0.3125,1.0,0.46875,1.0,1.0,0.2914535984848485,0.55,0.34375,1.0,0.625,1.0,1.0,0.31055082070707074,0.44,0.34375,1.0,0.78125,1.0,1.0,0.31055082070707074,0.36666666666666664,0.34375,1.0,0.9375,1.0,1.0,0.31055082070707074,0.3142857142857143,0.34375,0.9142857142857143,1.0,1.0,1.0,0.31055082070707074,0.275,0.34375,0.8,1.0,1.0,1.0,0.31055082070707074,0.24444444444444444,0.34375,0.7111111111111111,1.0,1.0,1.0,0.31055082070707074,0.22,0.34375,0.64,1.0,1.0,1.0,0.31055082070707074,qwen3_8b-dj_adpt,11,webtable-v2v-v=12-distilroberta-dj_adpt~qwen3_8b-dj_adpt
pte_testactive.pq::Arg0,1.0,0.03125,1.0,0.03125,1.0,1.0,0.03125,1.0,0.15625,1.0,0.15625,1.0,1.0,0.15625,0.6,0.1875,1.0,0.3125,1.0,1.0,0.18303571428571427,0.4,0.1875,1.0,0.46875,1.0,1.0,0.18303571428571427,0.3,0.1875,1.0,0.625,1.0,1.0,0.18303571428571427,0.24,0.1875,1.0,0.78125,1.0,1.0,0.18303571428571427,0.2,0.1875,1.0,0.9375,1.0,1.0,0.18303571428571427,0.17142857142857143,0.1875,0.9142857142857143,1.0,1.0,1.0,0.18303571428571427,0.175,0.21875,0.8,1.0,1.0,1.0,0.18894787644787644,0.15555555555555556,0.21875,0.7111111111111111,1.0,1.0,1.0,0.18894787644787644,0.14,0.21875,0.64,1.0,1.0,1.0,0.18894787644787644,qwen3_8b-dj_adpt,11,webtable-v2v-v=12-distilroberta-dj_adpt~qwen3_8b-dj_adpt
hfi_cc_2018.pq::countries,1.0,0.03333333333333333,1.0,0.03333333333333333,1.0,1.0,0.03333333333333333,0.2,0.03333333333333333,1.0,0.16666666666666666,1.0,1.0,0.03333333333333333,0.2,0.06666666666666667,1.0,0.3333333333333333,1.0,1.0,0.040740740740740744,0.13333333333333333,0.06666666666666667,1.0,0.5,1.0,1.0,0.040740740740740744,0.1,0.06666666666666667,1.0,0.6666666666666666,1.0,1.0,0.040740740740740744,0.08,0.06666666666666667,1.0,0.8333333333333334,1.0,1.0,0.040740740740740744,0.1,0.1,1.0,1.0,1.0,1.0,0.04444444444444444,0.08571428571428572,0.1,0.8571428571428571,1.0,1.0,1.0,0.04444444444444444,0.075,0.1,0.75,1.0,1.0,1.0,0.04444444444444444,0.06666666666666667,0.1,0.6666666666666666,1.0,1.0,1.0,0.04444444444444444,0.06,0.1,0.6,1.0,1.0,1.0,0.04444444444444444,qwen3_8b-dj_adpt,11,webtable-v2v-v=12-distilroberta-dj_adpt~qwen3_8b-dj_adpt
wikipedia-iso-country-codes.pq::English_short_name_lower_case,0.0,0.0,1.0,0.03333333333333333,0.0,0.0,0.0,0.6,0.1,1.0,0.16666666666666666,1.0,0.5,0.06388888888888888,0.3,0.1,1.0,0.3333333333333333,1.0,0.5,0.06388888888888888,0.2,0.1,1.0,0.5,1.0,0.5,0.06388888888888888,0.15,0.1,1.0,0.6666666666666666,1.0,0.5,0.06388888888888888,0.16,0.13333333333333333,1.0,0.8333333333333334,1.0,0.5,0.06944444444444445,0.13333333333333333,0.13333333333333333,1.0,1.0,1.0,0.5,0.06944444444444445,0.11428571428571428,0.13333333333333333,0.8571428571428571,1.0,1.0,0.5,0.06944444444444445,0.125,0.16666666666666666,0.75,1.0,1.0,0.5,0.07383040935672515,0.13333333333333333,0.2,0.6666666666666666,1.0,1.0,0.5,0.07859231411862991,0.14,0.23333333333333334,0.6,1.0,1.0,0.5,0.08366477788674585,qwen3_8b-dj_adpt,11,webtable-v2v-v=12-distilroberta-dj_adpt~qwen3_8b-dj_adpt
affirmative_asylum.pq::ContinentCountryofNationality,0.0,0.0,1.0,0.03125,0.0,0.0,0.0,0.0,0.0,1.0,0.15625,0.0,0.0,0.0,0.0,0.0,1.0,0.3125,0.0,0.0,0.0,0.0,0.0,1.0,0.46875,0.0,0.0,0.0,0.0,0.0,1.0,0.625,0.0,0.0,0.0,0.0,0.0,1.0,0.78125,0.0,0.0,0.0,0.0,0.0,1.0,0.9375,0.0,0.0,0.0,0.0,0.0,0.9142857142857143,1.0,0.0,0.0,0.0,0.0,0.0,0.8,1.0,0.0,0.0,0.0,0.0,0.0,0.7111111111111111,1.0,0.0,0.0,0.0,0.0,0.0,0.64,1.0,0.0,0.0,0.0,qwen3_8b-dj_adpt,11,webtable-v2v-v=12-distilroberta-dj_adpt~qwen3_8b-dj_adpt
countries_and_continents.pq::name,0.0,0.0,1.0,0.037037037037037035,0.0,0.0,0.0,0.4,0.07407407407407407,1.0,0.18518518518518517,1.0,0.5,0.03333333333333333,0.2,0.07407407407407407,1.0,0.37037037037037035,1.0,0.5,0.03333333333333333,0.13333333333333333,0.07407407407407407,1.0,0.5555555555555556,1.0,0.5,0.03333333333333333,0.1,0.07407407407407407,1.0,0.7407407407407407,1.0,0.5,0.03333333333333333,0.08,0.07407407407407407,1.0,0.9259259259259259,1.0,0.5,0.03333333333333333,0.06666666666666667,0.07407407407407407,0.9,1.0,1.0,0.5,0.03333333333333333,0.05714285714285714,0.07407407407407407,0.7714285714285715,1.0,1.0,0.5,0.03333333333333333,0.05,0.07407407407407407,0.675,1.0,1.0,0.5,0.03333333333333333,0.044444444444444446,0.07407407407407407,0.6,1.0,1.0,0.5,0.03333333333333333,0.04,0.07407407407407407,0.54,1.0,1.0,0.5,0.03333333333333333,qwen3_8b-dj_adpt,11,webtable-v2v-v=12-distilroberta-dj_adpt~qwen3_8b-dj_adpt
pte_postestactive.pq::Arg0,1.0,0.03125,1.0,0.03125,1.0,1.0,0.03125,1.0,0.15625,1.0,0.15625,1.0,1.0,0.15625,0.7,0.21875,1.0,0.3125,1.0,1.0,0.21180555555555555,0.5333333333333333,0.25,1.0,0.46875,1.0,1.0,0.22847222222222222,0.4,0.25,1.0,0.625,1.0,1.0,0.22847222222222222,0.4,0.3125,1.0,0.78125,1.0,1.0,0.2526909722222222,0.3333333333333333,0.3125,1.0,0.9375,1.0,1.0,0.2526909722222222,0.2857142857142857,0.3125,0.9142857142857143,1.0,1.0,1.0,0.2526909722222222,0.25,0.3125,0.8,1.0,1.0,1.0,0.2526909722222222,0.24444444444444444,0.34375,0.7111111111111111,1.0,1.0,1.0,0.2605034722222222,0.22,0.34375,0.64,1.0,1.0,1.0,0.2605034722222222,qwen3_8b-dj_adpt,11,webtable-v2v-v=12-distilroberta-dj_adpt~qwen3_8b-dj_adpt
pte_five_ring.pq::Arg0,1.0,0.03125,1.0,0.03125,1.0,1.0,0.03125,1.0,0.15625,1.0,0.15625,1.0,1.0,0.15625,0.7,0.21875,1.0,0.3125,1.0,1.0,0.19895833333333332,0.6,0.28125,1.0,0.46875,1.0,1.0,0.24332022144522145,0.5,0.3125,1.0,0.625,1.0,1.0,0.2606813325563326,0.4,0.3125,1.0,0.78125,1.0,1.0,0.2606813325563326,0.3333333333333333,0.3125,1.0,0.9375,1.0,1.0,0.2606813325563326,0.3142857142857143,0.34375,0.9142857142857143,1.0,1.0,1.0,0.2717700422337519,0.275,0.34375,0.8,1.0,1.0,1.0,0.2717700422337519,0.24444444444444444,0.34375,0.7111111111111111,1.0,1.0,1.0,0.2717700422337519,0.22,0.34375,0.64,1.0,1.0,1.0,0.2717700422337519,qwen3_8b-dj_adpt,11,webtable-v2v-v=12-distilroberta-dj_adpt~qwen3_8b-dj_adpt
MoviesOnStreamingPlatforms_updated.pq::Country,1.0,0.03333333333333333,1.0,0.03333333333333333,1.0,1.0,0.03333333333333333,0.4,0.06666666666666667,1.0,0.16666666666666666,1.0,1.0,0.05555555555555555,0.3,0.1,1.0,0.3333333333333333,1.0,1.0,0.06666666666666667,0.26666666666666666,0.13333333333333333,1.0,0.5,1.0,1.0,0.07777777777777777,0.2,0.13333333333333333,1.0,0.6666666666666666,1.0,1.0,0.07777777777777777,0.2,0.16666666666666666,1.0,0.8333333333333334,1.0,1.0,0.08502415458937197,0.16666666666666666,0.16666666666666666,1.0,1.0,1.0,1.0,0.08502415458937197,0.14285714285714285,0.16666666666666666,0.8571428571428571,1.0,1.0,1.0,0.08502415458937197,0.125,0.16666666666666666,0.75,1.0,1.0,1.0,0.08502415458937197,0.1111111111111111,0.16666666666666666,0.6666666666666666,1.0,1.0,1.0,0.08502415458937197,0.1,0.16666666666666666,0.6,1.0,1.0,1.0,0.08502415458937197,qwen3_8b-dj_adpt,11,webtable-v2v-v=12-distilroberta-dj_adpt~qwen3_8b-dj_adpt
pte_amine.pq::Arg0,1.0,0.03125,1.0,0.03125,1.0,1.0,0.03125,1.0,0.15625,1.0,0.15625,1.0,1.0,0.15625,0.9,0.28125,1.0,0.3125,1.0,1.0,0.2746527777777778,0.6,0.28125,1.0,0.46875,1.0,1.0,0.2746527777777778,0.45,0.28125,1.0,0.625,1.0,1.0,0.2746527777777778,0.44,0.34375,1.0,0.78125,1.0,1.0,0.3019897342995169,0.36666666666666664,0.34375,1.0,0.9375,1.0,1.0,0.3019897342995169,0.3142857142857143,0.34375,0.9142857142857143,1.0,1.0,1.0,0.3019897342995169,0.275,0.34375,0.8,1.0,1.0,1.0,0.3019897342995169,0.28888888888888886,0.40625,0.7111111111111111,1.0,1.0,1.0,0.3205837501815362,0.26,0.40625,0.64,1.0,1.0,1.0,0.3205837501815362,qwen3_8b-dj_adpt,11,webtable-v2v-v=12-distilroberta-dj_adpt~qwen3_8b-dj_adpt
AdventureWorks2014_salesTerritory.pq::Name,1.0,0.03333333333333333,1.0,0.03333333333333333,1.0,1.0,0.03333333333333333,0.2,0.03333333333333333,1.0,0.16666666666666666,1.0,1.0,0.03333333333333333,0.1,0.03333333333333333,1.0,0.3333333333333333,1.0,1.0,0.03333333333333333,0.06666666666666667,0.03333333333333333,1.0,0.5,1.0,1.0,0.03333333333333333,0.1,0.06666666666666667,1.0,0.6666666666666666,1.0,1.0,0.03725490196078431,0.08,0.06666666666666667,1.0,0.8333333333333334,1.0,1.0,0.03725490196078431,0.06666666666666667,0.06666666666666667,1.0,1.0,1.0,1.0,0.03725490196078431,0.08571428571428572,0.1,0.8571428571428571,1.0,1.0,1.0,0.04028520499108734,0.075,0.1,0.75,1.0,1.0,1.0,0.04028520499108734,0.08888888888888889,0.13333333333333333,0.6666666666666666,1.0,1.0,1.0,0.04353723751141255,0.08,0.13333333333333333,0.6,1.0,1.0,1.0,0.04353723751141255,qwen3_8b-dj_adpt,11,webtable-v2v-v=12-distilroberta-dj_adpt~qwen3_8b-dj_adpt
whr2015.pq::Country,1.0,0.03333333333333333,1.0,0.03333333333333333,1.0,1.0,0.03333333333333333,0.6,0.1,1.0,0.16666666666666666,1.0,1.0,0.08666666666666667,0.3,0.1,1.0,0.3333333333333333,1.0,1.0,0.08666666666666667,0.26666666666666666,0.13333333333333333,1.0,0.5,1.0,1.0,0.0987878787878788,0.25,0.16666666666666666,1.0,0.6666666666666666,1.0,1.0,0.10859180035650624,0.2,0.16666666666666666,1.0,0.8333333333333334,1.0,1.0,0.10859180035650624,0.16666666666666666,0.16666666666666666,1.0,1.0,1.0,1.0,0.10859180035650624,0.14285714285714285,0.16666666666666666,0.8571428571428571,1.0,1.0,1.0,0.10859180035650624,0.125,0.16666666666666666,0.75,1.0,1.0,1.0,0.10859180035650624,0.1111111111111111,0.16666666666666666,0.6666666666666666,1.0,1.0,1.0,0.10859180035650624,0.12,0.2,0.6,1.0,1.0,1.0,0.11275846702317291,qwen3_8b-dj_adpt,11,webtable-v2v-v=12-distilroberta-dj_adpt~qwen3_8b-dj_adpt
countries_and_continents.pq::official_name_fr,0.0,0.0,1.0,0.037037037037037035,0.0,0.0,0.0,0.4,0.07407407407407407,1.0,0.18518518518518517,1.0,0.5,0.03333333333333333,0.3,0.1111111111111111,1.0,0.37037037037037035,1.0,0.5,0.04567901234567901,0.2,0.1111111111111111,1.0,0.5555555555555556,1.0,0.5,0.04567901234567901,0.15,0.1111111111111111,1.0,0.7407407407407407,1.0,0.5,0.04567901234567901,0.12,0.1111111111111111,1.0,0.9259259259259259,1.0,0.5,0.04567901234567901,0.13333333333333333,0.14814814814814814,0.9,1.0,1.0,0.5,0.050617283950617285,0.11428571428571428,0.14814814814814814,0.7714285714285715,1.0,1.0,0.5,0.050617283950617285,0.1,0.14814814814814814,0.675,1.0,1.0,0.5,0.050617283950617285,0.08888888888888889,0.14814814814814814,0.6,1.0,1.0,0.5,0.050617283950617285,0.1,0.18518518518518517,0.54,1.0,1.0,0.5,0.0546430488459474,qwen3_8b-dj_adpt,11,webtable-v2v-v=12-distilroberta-dj_adpt~qwen3_8b-dj_adpt
pte_has_property.pq::Arg0,1.0,0.03125,1.0,0.03125,1.0,1.0,0.03125,1.0,0.15625,1.0,0.15625,1.0,1.0,0.15625,0.7,0.21875,1.0,0.3125,1.0,1.0,0.21875,0.6,0.28125,1.0,0.46875,1.0,1.0,0.2631118881118881,0.5,0.3125,1.0,0.625,1.0,1.0,0.2826431381118881,0.4,0.3125,1.0,0.78125,1.0,1.0,0.2826431381118881,0.3333333333333333,0.3125,1.0,0.9375,1.0,1.0,0.2826431381118881,0.3142857142857143,0.34375,0.9142857142857143,1.0,1.0,1.0,0.29246456668331666,0.275,0.34375,0.8,1.0,1.0,1.0,0.29246456668331666,0.24444444444444444,0.34375,0.7111111111111111,1.0,1.0,1.0,0.29246456668331666,0.22,0.34375,0.64,1.0,1.0,1.0,0.29246456668331666,qwen3_8b-dj_adpt,11,webtable-v2v-v=12-distilroberta-dj_adpt~qwen3_8b-dj_adpt
