query_table,precision@1,recall@1,max_precision@1,max_recall@1,hits@1,mrr@1,ap@1,precision@5,recall@5,max_precision@5,max_recall@5,hits@5,mrr@5,ap@5,precision@10,recall@10,max_precision@10,max_recall@10,hits@10,mrr@10,ap@10,precision@15,recall@15,max_precision@15,max_recall@15,hits@15,mrr@15,ap@15,precision@20,recall@20,max_precision@20,max_recall@20,hits@20,mrr@20,ap@20,precision@25,recall@25,max_precision@25,max_recall@25,hits@25,mrr@25,ap@25,precision@30,recall@30,max_precision@30,max_recall@30,hits@30,mrr@30,ap@30,precision@35,recall@35,max_precision@35,max_recall@35,hits@35,mrr@35,ap@35,precision@40,recall@40,max_precision@40,max_recall@40,hits@40,mrr@40,ap@40,precision@45,recall@45,max_precision@45,max_recall@45,hits@45,mrr@45,ap@45,precision@50,recall@50,max_precision@50,max_recall@50,hits@50,mrr@50,ap@50,view,view_idx,ckpt_name
deaths_2012_2018_a.pq,1.0,0.09090909090909091,1.0,0.09090909090909091,1.0,1.0,0.09090909090909091,1.0,0.45454545454545453,1.0,0.45454545454545453,1.0,1.0,0.45454545454545453,1.0,0.9090909090909091,1.0,0.9090909090909091,1.0,1.0,0.9090909090909091,0.7333333333333333,1.0,0.7333333333333333,1.0,1.0,1.0,1.0,0.55,1.0,0.55,1.0,1.0,1.0,1.0,0.44,1.0,0.44,1.0,1.0,1.0,1.0,0.36666666666666664,1.0,0.36666666666666664,1.0,1.0,1.0,1.0,0.3142857142857143,1.0,0.3142857142857143,1.0,1.0,1.0,1.0,0.275,1.0,0.275,1.0,1.0,1.0,1.0,0.24444444444444444,1.0,0.24444444444444444,1.0,1.0,1.0,1.0,0.22,1.0,0.22,1.0,1.0,1.0,1.0,distilroberta-dj_adpt,0,webtable-la2m_nopca-v=12-distilroberta-dj_adpt~qwen3_8b-dj_adpt
contributors_parties_b.pq,1.0,0.047619047619047616,1.0,0.047619047619047616,1.0,1.0,0.047619047619047616,1.0,0.23809523809523808,1.0,0.23809523809523808,1.0,1.0,0.23809523809523808,1.0,0.47619047619047616,1.0,0.47619047619047616,1.0,1.0,0.47619047619047616,1.0,0.7142857142857143,1.0,0.7142857142857143,1.0,1.0,0.7142857142857143,0.85,0.8095238095238095,1.0,0.9523809523809523,1.0,1.0,0.8095238095238095,0.84,1.0,0.84,1.0,1.0,1.0,0.967504862287471,0.7,1.0,0.7,1.0,1.0,1.0,0.967504862287471,0.6,1.0,0.6,1.0,1.0,1.0,0.967504862287471,0.525,1.0,0.525,1.0,1.0,1.0,0.967504862287471,0.4666666666666667,1.0,0.4666666666666667,1.0,1.0,1.0,0.967504862287471,0.42,1.0,0.42,1.0,1.0,1.0,0.967504862287471,distilroberta-dj_adpt,0,webtable-la2m_nopca-v=12-distilroberta-dj_adpt~qwen3_8b-dj_adpt
immigration_records_a.pq,1.0,0.0625,1.0,0.0625,1.0,1.0,0.0625,1.0,0.3125,1.0,0.3125,1.0,1.0,0.3125,1.0,0.625,1.0,0.625,1.0,1.0,0.625,1.0,0.9375,1.0,0.9375,1.0,1.0,0.9375,0.8,1.0,0.8,1.0,1.0,1.0,1.0,0.64,1.0,0.64,1.0,1.0,1.0,1.0,0.5333333333333333,1.0,0.5333333333333333,1.0,1.0,1.0,1.0,0.45714285714285713,1.0,0.45714285714285713,1.0,1.0,1.0,1.0,0.4,1.0,0.4,1.0,1.0,1.0,1.0,0.35555555555555557,1.0,0.35555555555555557,1.0,1.0,1.0,1.0,0.32,1.0,0.32,1.0,1.0,1.0,1.0,distilroberta-dj_adpt,0,webtable-la2m_nopca-v=12-distilroberta-dj_adpt~qwen3_8b-dj_adpt
workforce_management_information_b.pq,1.0,0.05555555555555555,1.0,0.05555555555555555,1.0,1.0,0.05555555555555555,1.0,0.2777777777777778,1.0,0.2777777777777778,1.0,1.0,0.2777777777777778,1.0,0.5555555555555556,1.0,0.5555555555555556,1.0,1.0,0.5555555555555556,1.0,0.8333333333333334,1.0,0.8333333333333334,1.0,1.0,0.8333333333333334,0.8,0.8888888888888888,0.9,1.0,1.0,1.0,0.8777777777777778,0.72,1.0,0.72,1.0,1.0,1.0,0.9682058682058682,0.6,1.0,0.6,1.0,1.0,1.0,0.9682058682058682,0.5142857142857142,1.0,0.5142857142857142,1.0,1.0,1.0,0.9682058682058682,0.45,1.0,0.45,1.0,1.0,1.0,0.9682058682058682,0.4,1.0,0.4,1.0,1.0,1.0,0.9682058682058682,0.36,1.0,0.36,1.0,1.0,1.0,0.9682058682058682,distilroberta-dj_adpt,0,webtable-la2m_nopca-v=12-distilroberta-dj_adpt~qwen3_8b-dj_adpt
complaint_by_practice_b.pq,1.0,0.07692307692307693,1.0,0.07692307692307693,1.0,1.0,0.07692307692307693,1.0,0.38461538461538464,1.0,0.38461538461538464,1.0,1.0,0.38461538461538464,1.0,0.7692307692307693,1.0,0.7692307692307693,1.0,1.0,0.7692307692307693,0.8666666666666667,1.0,0.8666666666666667,1.0,1.0,1.0,1.0,0.65,1.0,0.65,1.0,1.0,1.0,1.0,0.52,1.0,0.52,1.0,1.0,1.0,1.0,0.43333333333333335,1.0,0.43333333333333335,1.0,1.0,1.0,1.0,0.37142857142857144,1.0,0.37142857142857144,1.0,1.0,1.0,1.0,0.325,1.0,0.325,1.0,1.0,1.0,1.0,0.28888888888888886,1.0,0.28888888888888886,1.0,1.0,1.0,1.0,0.26,1.0,0.26,1.0,1.0,1.0,1.0,distilroberta-dj_adpt,0,webtable-la2m_nopca-v=12-distilroberta-dj_adpt~qwen3_8b-dj_adpt
data_mill_a.pq,1.0,0.07142857142857142,1.0,0.07142857142857142,1.0,1.0,0.07142857142857142,1.0,0.35714285714285715,1.0,0.35714285714285715,1.0,1.0,0.35714285714285715,1.0,0.7142857142857143,1.0,0.7142857142857143,1.0,1.0,0.7142857142857143,0.9333333333333333,1.0,0.9333333333333333,1.0,1.0,1.0,1.0,0.7,1.0,0.7,1.0,1.0,1.0,1.0,0.56,1.0,0.56,1.0,1.0,1.0,1.0,0.4666666666666667,1.0,0.4666666666666667,1.0,1.0,1.0,1.0,0.4,1.0,0.4,1.0,1.0,1.0,1.0,0.35,1.0,0.35,1.0,1.0,1.0,1.0,0.3111111111111111,1.0,0.3111111111111111,1.0,1.0,1.0,1.0,0.28,1.0,0.28,1.0,1.0,1.0,1.0,distilroberta-dj_adpt,0,webtable-la2m_nopca-v=12-distilroberta-dj_adpt~qwen3_8b-dj_adpt
prescribing_a.pq,1.0,0.06666666666666667,1.0,0.06666666666666667,1.0,1.0,0.06666666666666667,1.0,0.3333333333333333,1.0,0.3333333333333333,1.0,1.0,0.3333333333333333,1.0,0.6666666666666666,1.0,0.6666666666666666,1.0,1.0,0.6666666666666666,1.0,1.0,1.0,1.0,1.0,1.0,1.0,0.75,1.0,0.75,1.0,1.0,1.0,1.0,0.6,1.0,0.6,1.0,1.0,1.0,1.0,0.5,1.0,0.5,1.0,1.0,1.0,1.0,0.42857142857142855,1.0,0.42857142857142855,1.0,1.0,1.0,1.0,0.375,1.0,0.375,1.0,1.0,1.0,1.0,0.3333333333333333,1.0,0.3333333333333333,1.0,1.0,1.0,1.0,0.3,1.0,0.3,1.0,1.0,1.0,1.0,distilroberta-dj_adpt,0,webtable-la2m_nopca-v=12-distilroberta-dj_adpt~qwen3_8b-dj_adpt
tuition_assistance_program_tap_recipients_a.pq,1.0,0.09090909090909091,1.0,0.09090909090909091,1.0,1.0,0.09090909090909091,1.0,0.45454545454545453,1.0,0.45454545454545453,1.0,1.0,0.45454545454545453,1.0,0.9090909090909091,1.0,0.9090909090909091,1.0,1.0,0.9090909090909091,0.7333333333333333,1.0,0.7333333333333333,1.0,1.0,1.0,1.0,0.55,1.0,0.55,1.0,1.0,1.0,1.0,0.44,1.0,0.44,1.0,1.0,1.0,1.0,0.36666666666666664,1.0,0.36666666666666664,1.0,1.0,1.0,1.0,0.3142857142857143,1.0,0.3142857142857143,1.0,1.0,1.0,1.0,0.275,1.0,0.275,1.0,1.0,1.0,1.0,0.24444444444444444,1.0,0.24444444444444444,1.0,1.0,1.0,1.0,0.22,1.0,0.22,1.0,1.0,1.0,1.0,distilroberta-dj_adpt,0,webtable-la2m_nopca-v=12-distilroberta-dj_adpt~qwen3_8b-dj_adpt
business_rates_a.pq,1.0,0.08333333333333333,1.0,0.08333333333333333,1.0,1.0,0.08333333333333333,1.0,0.4166666666666667,1.0,0.4166666666666667,1.0,1.0,0.4166666666666667,1.0,0.8333333333333334,1.0,0.8333333333333334,1.0,1.0,0.8333333333333334,0.8,1.0,0.8,1.0,1.0,1.0,1.0,0.6,1.0,0.6,1.0,1.0,1.0,1.0,0.48,1.0,0.48,1.0,1.0,1.0,1.0,0.4,1.0,0.4,1.0,1.0,1.0,1.0,0.34285714285714286,1.0,0.34285714285714286,1.0,1.0,1.0,1.0,0.3,1.0,0.3,1.0,1.0,1.0,1.0,0.26666666666666666,1.0,0.26666666666666666,1.0,1.0,1.0,1.0,0.24,1.0,0.24,1.0,1.0,1.0,1.0,distilroberta-dj_adpt,0,webtable-la2m_nopca-v=12-distilroberta-dj_adpt~qwen3_8b-dj_adpt
ipopayments_b.pq,1.0,0.06666666666666667,1.0,0.06666666666666667,1.0,1.0,0.06666666666666667,1.0,0.3333333333333333,1.0,0.3333333333333333,1.0,1.0,0.3333333333333333,1.0,0.6666666666666666,1.0,0.6666666666666666,1.0,1.0,0.6666666666666666,1.0,1.0,1.0,1.0,1.0,1.0,1.0,0.75,1.0,0.75,1.0,1.0,1.0,1.0,0.6,1.0,0.6,1.0,1.0,1.0,1.0,0.5,1.0,0.5,1.0,1.0,1.0,1.0,0.42857142857142855,1.0,0.42857142857142855,1.0,1.0,1.0,1.0,0.375,1.0,0.375,1.0,1.0,1.0,1.0,0.3333333333333333,1.0,0.3333333333333333,1.0,1.0,1.0,1.0,0.3,1.0,0.3,1.0,1.0,1.0,1.0,distilroberta-dj_adpt,0,webtable-la2m_nopca-v=12-distilroberta-dj_adpt~qwen3_8b-dj_adpt
ipopayments_a.pq,1.0,0.06666666666666667,1.0,0.06666666666666667,1.0,1.0,0.06666666666666667,1.0,0.3333333333333333,1.0,0.3333333333333333,1.0,1.0,0.3333333333333333,1.0,0.6666666666666666,1.0,0.6666666666666666,1.0,1.0,0.6666666666666666,1.0,1.0,1.0,1.0,1.0,1.0,1.0,0.75,1.0,0.75,1.0,1.0,1.0,1.0,0.6,1.0,0.6,1.0,1.0,1.0,1.0,0.5,1.0,0.5,1.0,1.0,1.0,1.0,0.42857142857142855,1.0,0.42857142857142855,1.0,1.0,1.0,1.0,0.375,1.0,0.375,1.0,1.0,1.0,1.0,0.3333333333333333,1.0,0.3333333333333333,1.0,1.0,1.0,1.0,0.3,1.0,0.3,1.0,1.0,1.0,1.0,distilroberta-dj_adpt,0,webtable-la2m_nopca-v=12-distilroberta-dj_adpt~qwen3_8b-dj_adpt
new_york_city_restaurant_inspection_results_a.pq,1.0,0.03225806451612903,1.0,0.03225806451612903,1.0,1.0,0.03225806451612903,1.0,0.16129032258064516,1.0,0.16129032258064516,1.0,1.0,0.16129032258064516,1.0,0.3225806451612903,1.0,0.3225806451612903,1.0,1.0,0.3225806451612903,1.0,0.4838709677419355,1.0,0.4838709677419355,1.0,1.0,0.4838709677419355,1.0,0.6451612903225806,1.0,0.6451612903225806,1.0,1.0,0.6451612903225806,1.0,0.8064516129032258,1.0,0.8064516129032258,1.0,1.0,0.8064516129032258,1.0,0.967741935483871,1.0,0.967741935483871,1.0,1.0,0.967741935483871,0.8857142857142857,1.0,0.8857142857142857,1.0,1.0,1.0,1.0,0.775,1.0,0.775,1.0,1.0,1.0,1.0,0.6888888888888889,1.0,0.6888888888888889,1.0,1.0,1.0,1.0,0.62,1.0,0.62,1.0,1.0,1.0,1.0,distilroberta-dj_adpt,0,webtable-la2m_nopca-v=12-distilroberta-dj_adpt~qwen3_8b-dj_adpt
stockport_contracts_a.pq,1.0,0.07692307692307693,1.0,0.07692307692307693,1.0,1.0,0.07692307692307693,1.0,0.38461538461538464,1.0,0.38461538461538464,1.0,1.0,0.38461538461538464,1.0,0.7692307692307693,1.0,0.7692307692307693,1.0,1.0,0.7692307692307693,0.8666666666666667,1.0,0.8666666666666667,1.0,1.0,1.0,1.0,0.65,1.0,0.65,1.0,1.0,1.0,1.0,0.52,1.0,0.52,1.0,1.0,1.0,1.0,0.43333333333333335,1.0,0.43333333333333335,1.0,1.0,1.0,1.0,0.37142857142857144,1.0,0.37142857142857144,1.0,1.0,1.0,1.0,0.325,1.0,0.325,1.0,1.0,1.0,1.0,0.28888888888888886,1.0,0.28888888888888886,1.0,1.0,1.0,1.0,0.26,1.0,0.26,1.0,1.0,1.0,1.0,distilroberta-dj_adpt,0,webtable-la2m_nopca-v=12-distilroberta-dj_adpt~qwen3_8b-dj_adpt
animal_tag_data_a.pq,1.0,0.08333333333333333,1.0,0.08333333333333333,1.0,1.0,0.08333333333333333,1.0,0.4166666666666667,1.0,0.4166666666666667,1.0,1.0,0.4166666666666667,1.0,0.8333333333333334,1.0,0.8333333333333334,1.0,1.0,0.8333333333333334,0.8,1.0,0.8,1.0,1.0,1.0,1.0,0.6,1.0,0.6,1.0,1.0,1.0,1.0,0.48,1.0,0.48,1.0,1.0,1.0,1.0,0.4,1.0,0.4,1.0,1.0,1.0,1.0,0.34285714285714286,1.0,0.34285714285714286,1.0,1.0,1.0,1.0,0.3,1.0,0.3,1.0,1.0,1.0,1.0,0.26666666666666666,1.0,0.26666666666666666,1.0,1.0,1.0,1.0,0.24,1.0,0.24,1.0,1.0,1.0,1.0,distilroberta-dj_adpt,0,webtable-la2m_nopca-v=12-distilroberta-dj_adpt~qwen3_8b-dj_adpt
prescribing_b.pq,1.0,0.06666666666666667,1.0,0.06666666666666667,1.0,1.0,0.06666666666666667,1.0,0.3333333333333333,1.0,0.3333333333333333,1.0,1.0,0.3333333333333333,1.0,0.6666666666666666,1.0,0.6666666666666666,1.0,1.0,0.6666666666666666,1.0,1.0,1.0,1.0,1.0,1.0,1.0,0.75,1.0,0.75,1.0,1.0,1.0,1.0,0.6,1.0,0.6,1.0,1.0,1.0,1.0,0.5,1.0,0.5,1.0,1.0,1.0,1.0,0.42857142857142855,1.0,0.42857142857142855,1.0,1.0,1.0,1.0,0.375,1.0,0.375,1.0,1.0,1.0,1.0,0.3333333333333333,1.0,0.3333333333333333,1.0,1.0,1.0,1.0,0.3,1.0,0.3,1.0,1.0,1.0,1.0,distilroberta-dj_adpt,0,webtable-la2m_nopca-v=12-distilroberta-dj_adpt~qwen3_8b-dj_adpt
monthly_data_feed_a.pq,1.0,0.07692307692307693,1.0,0.07692307692307693,1.0,1.0,0.07692307692307693,1.0,0.38461538461538464,1.0,0.38461538461538464,1.0,1.0,0.38461538461538464,1.0,0.7692307692307693,1.0,0.7692307692307693,1.0,1.0,0.7692307692307693,0.8,0.9230769230769231,0.8666666666666667,1.0,1.0,1.0,0.9230769230769231,0.65,1.0,0.65,1.0,1.0,1.0,0.9786324786324786,0.52,1.0,0.52,1.0,1.0,1.0,0.9786324786324786,0.43333333333333335,1.0,0.43333333333333335,1.0,1.0,1.0,0.9786324786324786,0.37142857142857144,1.0,0.37142857142857144,1.0,1.0,1.0,0.9786324786324786,0.325,1.0,0.325,1.0,1.0,1.0,0.9786324786324786,0.28888888888888886,1.0,0.28888888888888886,1.0,1.0,1.0,0.9786324786324786,0.26,1.0,0.26,1.0,1.0,1.0,0.9786324786324786,distilroberta-dj_adpt,0,webtable-la2m_nopca-v=12-distilroberta-dj_adpt~qwen3_8b-dj_adpt
data_mill_b.pq,1.0,0.07142857142857142,1.0,0.07142857142857142,1.0,1.0,0.07142857142857142,1.0,0.35714285714285715,1.0,0.35714285714285715,1.0,1.0,0.35714285714285715,1.0,0.7142857142857143,1.0,0.7142857142857143,1.0,1.0,0.7142857142857143,0.9333333333333333,1.0,0.9333333333333333,1.0,1.0,1.0,1.0,0.7,1.0,0.7,1.0,1.0,1.0,1.0,0.56,1.0,0.56,1.0,1.0,1.0,1.0,0.4666666666666667,1.0,0.4666666666666667,1.0,1.0,1.0,1.0,0.4,1.0,0.4,1.0,1.0,1.0,1.0,0.35,1.0,0.35,1.0,1.0,1.0,1.0,0.3111111111111111,1.0,0.3111111111111111,1.0,1.0,1.0,1.0,0.28,1.0,0.28,1.0,1.0,1.0,1.0,distilroberta-dj_adpt,0,webtable-la2m_nopca-v=12-distilroberta-dj_adpt~qwen3_8b-dj_adpt
abandoned_wells_a.pq,1.0,0.09090909090909091,1.0,0.09090909090909091,1.0,1.0,0.09090909090909091,1.0,0.45454545454545453,1.0,0.45454545454545453,1.0,1.0,0.45454545454545453,1.0,0.9090909090909091,1.0,0.9090909090909091,1.0,1.0,0.9090909090909091,0.7333333333333333,1.0,0.7333333333333333,1.0,1.0,1.0,1.0,0.55,1.0,0.55,1.0,1.0,1.0,1.0,0.44,1.0,0.44,1.0,1.0,1.0,1.0,0.36666666666666664,1.0,0.36666666666666664,1.0,1.0,1.0,1.0,0.3142857142857143,1.0,0.3142857142857143,1.0,1.0,1.0,1.0,0.275,1.0,0.275,1.0,1.0,1.0,1.0,0.24444444444444444,1.0,0.24444444444444444,1.0,1.0,1.0,1.0,0.22,1.0,0.22,1.0,1.0,1.0,1.0,distilroberta-dj_adpt,0,webtable-la2m_nopca-v=12-distilroberta-dj_adpt~qwen3_8b-dj_adpt
cihr_co-applicant_b.pq,1.0,0.08333333333333333,1.0,0.08333333333333333,1.0,1.0,0.08333333333333333,1.0,0.4166666666666667,1.0,0.4166666666666667,1.0,1.0,0.4166666666666667,1.0,0.8333333333333334,1.0,0.8333333333333334,1.0,1.0,0.8333333333333334,0.8,1.0,0.8,1.0,1.0,1.0,1.0,0.6,1.0,0.6,1.0,1.0,1.0,1.0,0.48,1.0,0.48,1.0,1.0,1.0,1.0,0.4,1.0,0.4,1.0,1.0,1.0,1.0,0.34285714285714286,1.0,0.34285714285714286,1.0,1.0,1.0,1.0,0.3,1.0,0.3,1.0,1.0,1.0,1.0,0.26666666666666666,1.0,0.26666666666666666,1.0,1.0,1.0,1.0,0.24,1.0,0.24,1.0,1.0,1.0,1.0,distilroberta-dj_adpt,0,webtable-la2m_nopca-v=12-distilroberta-dj_adpt~qwen3_8b-dj_adpt
complaint_by_practice_a.pq,1.0,0.07692307692307693,1.0,0.07692307692307693,1.0,1.0,0.07692307692307693,1.0,0.38461538461538464,1.0,0.38461538461538464,1.0,1.0,0.38461538461538464,1.0,0.7692307692307693,1.0,0.7692307692307693,1.0,1.0,0.7692307692307693,0.8666666666666667,1.0,0.8666666666666667,1.0,1.0,1.0,1.0,0.65,1.0,0.65,1.0,1.0,1.0,1.0,0.52,1.0,0.52,1.0,1.0,1.0,1.0,0.43333333333333335,1.0,0.43333333333333335,1.0,1.0,1.0,1.0,0.37142857142857144,1.0,0.37142857142857144,1.0,1.0,1.0,1.0,0.325,1.0,0.325,1.0,1.0,1.0,1.0,0.28888888888888886,1.0,0.28888888888888886,1.0,1.0,1.0,1.0,0.26,1.0,0.26,1.0,1.0,1.0,1.0,distilroberta-dj_adpt,0,webtable-la2m_nopca-v=12-distilroberta-dj_adpt~qwen3_8b-dj_adpt
contributors_parties_a.pq,1.0,0.047619047619047616,1.0,0.047619047619047616,1.0,1.0,0.047619047619047616,1.0,0.23809523809523808,1.0,0.23809523809523808,1.0,1.0,0.23809523809523808,1.0,0.47619047619047616,1.0,0.47619047619047616,1.0,1.0,0.47619047619047616,1.0,0.7142857142857143,1.0,0.7142857142857143,1.0,1.0,0.7142857142857143,1.0,0.9523809523809523,1.0,0.9523809523809523,1.0,1.0,0.9523809523809523,0.84,1.0,0.84,1.0,1.0,1.0,1.0,0.7,1.0,0.7,1.0,1.0,1.0,1.0,0.6,1.0,0.6,1.0,1.0,1.0,1.0,0.525,1.0,0.525,1.0,1.0,1.0,1.0,0.4666666666666667,1.0,0.4666666666666667,1.0,1.0,1.0,1.0,0.42,1.0,0.42,1.0,1.0,1.0,1.0,distilroberta-dj_adpt,0,webtable-la2m_nopca-v=12-distilroberta-dj_adpt~qwen3_8b-dj_adpt
mines_a.pq,1.0,0.07142857142857142,1.0,0.07142857142857142,1.0,1.0,0.07142857142857142,1.0,0.35714285714285715,1.0,0.35714285714285715,1.0,1.0,0.35714285714285715,1.0,0.7142857142857143,1.0,0.7142857142857143,1.0,1.0,0.7142857142857143,0.8666666666666667,0.9285714285714286,0.9333333333333333,1.0,1.0,1.0,0.923469387755102,0.7,1.0,0.7,1.0,1.0,1.0,0.9734693877551021,0.56,1.0,0.56,1.0,1.0,1.0,0.9734693877551021,0.4666666666666667,1.0,0.4666666666666667,1.0,1.0,1.0,0.9734693877551021,0.4,1.0,0.4,1.0,1.0,1.0,0.9734693877551021,0.35,1.0,0.35,1.0,1.0,1.0,0.9734693877551021,0.3111111111111111,1.0,0.3111111111111111,1.0,1.0,1.0,0.9734693877551021,0.28,1.0,0.28,1.0,1.0,1.0,0.9734693877551021,distilroberta-dj_adpt,0,webtable-la2m_nopca-v=12-distilroberta-dj_adpt~qwen3_8b-dj_adpt
job_pay_scales_a.pq,1.0,0.06666666666666667,1.0,0.06666666666666667,1.0,1.0,0.06666666666666667,1.0,0.3333333333333333,1.0,0.3333333333333333,1.0,1.0,0.3333333333333333,1.0,0.6666666666666666,1.0,0.6666666666666666,1.0,1.0,0.6666666666666666,1.0,1.0,1.0,1.0,1.0,1.0,1.0,0.75,1.0,0.75,1.0,1.0,1.0,1.0,0.6,1.0,0.6,1.0,1.0,1.0,1.0,0.5,1.0,0.5,1.0,1.0,1.0,1.0,0.42857142857142855,1.0,0.42857142857142855,1.0,1.0,1.0,1.0,0.375,1.0,0.375,1.0,1.0,1.0,1.0,0.3333333333333333,1.0,0.3333333333333333,1.0,1.0,1.0,1.0,0.3,1.0,0.3,1.0,1.0,1.0,1.0,distilroberta-dj_adpt,0,webtable-la2m_nopca-v=12-distilroberta-dj_adpt~qwen3_8b-dj_adpt
oil_and_gas_summary_production_data_1967_1999_a.pq,1.0,0.09090909090909091,1.0,0.09090909090909091,1.0,1.0,0.09090909090909091,1.0,0.45454545454545453,1.0,0.45454545454545453,1.0,1.0,0.45454545454545453,1.0,0.9090909090909091,1.0,0.9090909090909091,1.0,1.0,0.9090909090909091,0.7333333333333333,1.0,0.7333333333333333,1.0,1.0,1.0,1.0,0.55,1.0,0.55,1.0,1.0,1.0,1.0,0.44,1.0,0.44,1.0,1.0,1.0,1.0,0.36666666666666664,1.0,0.36666666666666664,1.0,1.0,1.0,1.0,0.3142857142857143,1.0,0.3142857142857143,1.0,1.0,1.0,1.0,0.275,1.0,0.275,1.0,1.0,1.0,1.0,0.24444444444444444,1.0,0.24444444444444444,1.0,1.0,1.0,1.0,0.22,1.0,0.22,1.0,1.0,1.0,1.0,distilroberta-dj_adpt,0,webtable-la2m_nopca-v=12-distilroberta-dj_adpt~qwen3_8b-dj_adpt
practice_reference_a.pq,1.0,0.06666666666666667,1.0,0.06666666666666667,1.0,1.0,0.06666666666666667,1.0,0.3333333333333333,1.0,0.3333333333333333,1.0,1.0,0.3333333333333333,1.0,0.6666666666666666,1.0,0.6666666666666666,1.0,1.0,0.6666666666666666,1.0,1.0,1.0,1.0,1.0,1.0,1.0,0.75,1.0,0.75,1.0,1.0,1.0,1.0,0.6,1.0,0.6,1.0,1.0,1.0,1.0,0.5,1.0,0.5,1.0,1.0,1.0,1.0,0.42857142857142855,1.0,0.42857142857142855,1.0,1.0,1.0,1.0,0.375,1.0,0.375,1.0,1.0,1.0,1.0,0.3333333333333333,1.0,0.3333333333333333,1.0,1.0,1.0,1.0,0.3,1.0,0.3,1.0,1.0,1.0,1.0,distilroberta-dj_adpt,0,webtable-la2m_nopca-v=12-distilroberta-dj_adpt~qwen3_8b-dj_adpt
mines_b.pq,1.0,0.07142857142857142,1.0,0.07142857142857142,1.0,1.0,0.07142857142857142,1.0,0.35714285714285715,1.0,0.35714285714285715,1.0,1.0,0.35714285714285715,1.0,0.7142857142857143,1.0,0.7142857142857143,1.0,1.0,0.7142857142857143,0.9333333333333333,1.0,0.9333333333333333,1.0,1.0,1.0,1.0,0.7,1.0,0.7,1.0,1.0,1.0,1.0,0.56,1.0,0.56,1.0,1.0,1.0,1.0,0.4666666666666667,1.0,0.4666666666666667,1.0,1.0,1.0,1.0,0.4,1.0,0.4,1.0,1.0,1.0,1.0,0.35,1.0,0.35,1.0,1.0,1.0,1.0,0.3111111111111111,1.0,0.3111111111111111,1.0,1.0,1.0,1.0,0.28,1.0,0.28,1.0,1.0,1.0,1.0,distilroberta-dj_adpt,0,webtable-la2m_nopca-v=12-distilroberta-dj_adpt~qwen3_8b-dj_adpt
animal_tag_data_b.pq,1.0,0.08333333333333333,1.0,0.08333333333333333,1.0,1.0,0.08333333333333333,1.0,0.4166666666666667,1.0,0.4166666666666667,1.0,1.0,0.4166666666666667,1.0,0.8333333333333334,1.0,0.8333333333333334,1.0,1.0,0.8333333333333334,0.8,1.0,0.8,1.0,1.0,1.0,1.0,0.6,1.0,0.6,1.0,1.0,1.0,1.0,0.48,1.0,0.48,1.0,1.0,1.0,1.0,0.4,1.0,0.4,1.0,1.0,1.0,1.0,0.34285714285714286,1.0,0.34285714285714286,1.0,1.0,1.0,1.0,0.3,1.0,0.3,1.0,1.0,1.0,1.0,0.26666666666666666,1.0,0.26666666666666666,1.0,1.0,1.0,1.0,0.24,1.0,0.24,1.0,1.0,1.0,1.0,distilroberta-dj_adpt,0,webtable-la2m_nopca-v=12-distilroberta-dj_adpt~qwen3_8b-dj_adpt
civic_building_locations_a.pq,1.0,0.08333333333333333,1.0,0.08333333333333333,1.0,1.0,0.08333333333333333,1.0,0.4166666666666667,1.0,0.4166666666666667,1.0,1.0,0.4166666666666667,1.0,0.8333333333333334,1.0,0.8333333333333334,1.0,1.0,0.8333333333333334,0.8,1.0,0.8,1.0,1.0,1.0,1.0,0.6,1.0,0.6,1.0,1.0,1.0,1.0,0.48,1.0,0.48,1.0,1.0,1.0,1.0,0.4,1.0,0.4,1.0,1.0,1.0,1.0,0.34285714285714286,1.0,0.34285714285714286,1.0,1.0,1.0,1.0,0.3,1.0,0.3,1.0,1.0,1.0,1.0,0.26666666666666666,1.0,0.26666666666666666,1.0,1.0,1.0,1.0,0.24,1.0,0.24,1.0,1.0,1.0,1.0,distilroberta-dj_adpt,0,webtable-la2m_nopca-v=12-distilroberta-dj_adpt~qwen3_8b-dj_adpt
minister_meetings_a.pq,1.0,0.1,1.0,0.1,1.0,1.0,0.1,0.8,0.4,1.0,0.5,1.0,1.0,0.38,0.5,0.5,1.0,1.0,1.0,1.0,0.4633333333333334,0.3333333333333333,0.5,0.6666666666666666,1.0,1.0,1.0,0.4633333333333334,0.25,0.5,0.5,1.0,1.0,1.0,0.4633333333333334,0.2,0.5,0.4,1.0,1.0,1.0,0.4633333333333334,0.16666666666666666,0.5,0.3333333333333333,1.0,1.0,1.0,0.4633333333333334,0.14285714285714285,0.5,0.2857142857142857,1.0,1.0,1.0,0.4633333333333334,0.125,0.5,0.25,1.0,1.0,1.0,0.4633333333333334,0.1111111111111111,0.5,0.2222222222222222,1.0,1.0,1.0,0.4633333333333334,0.1,0.5,0.2,1.0,1.0,1.0,0.4633333333333334,distilroberta-dj_adpt,0,webtable-la2m_nopca-v=12-distilroberta-dj_adpt~qwen3_8b-dj_adpt
purchasing_card_a.pq,1.0,0.07692307692307693,1.0,0.07692307692307693,1.0,1.0,0.07692307692307693,1.0,0.38461538461538464,1.0,0.38461538461538464,1.0,1.0,0.38461538461538464,1.0,0.7692307692307693,1.0,0.7692307692307693,1.0,1.0,0.7692307692307693,0.8666666666666667,1.0,0.8666666666666667,1.0,1.0,1.0,1.0,0.65,1.0,0.65,1.0,1.0,1.0,1.0,0.52,1.0,0.52,1.0,1.0,1.0,1.0,0.43333333333333335,1.0,0.43333333333333335,1.0,1.0,1.0,1.0,0.37142857142857144,1.0,0.37142857142857144,1.0,1.0,1.0,1.0,0.325,1.0,0.325,1.0,1.0,1.0,1.0,0.28888888888888886,1.0,0.28888888888888886,1.0,1.0,1.0,1.0,0.26,1.0,0.26,1.0,1.0,1.0,1.0,distilroberta-dj_adpt,0,webtable-la2m_nopca-v=12-distilroberta-dj_adpt~qwen3_8b-dj_adpt
lane_description_b.pq,1.0,0.0625,1.0,0.0625,1.0,1.0,0.0625,1.0,0.3125,1.0,0.3125,1.0,1.0,0.3125,1.0,0.625,1.0,0.625,1.0,1.0,0.625,1.0,0.9375,1.0,0.9375,1.0,1.0,0.9375,0.8,1.0,0.8,1.0,1.0,1.0,1.0,0.64,1.0,0.64,1.0,1.0,1.0,1.0,0.5333333333333333,1.0,0.5333333333333333,1.0,1.0,1.0,1.0,0.45714285714285713,1.0,0.45714285714285713,1.0,1.0,1.0,1.0,0.4,1.0,0.4,1.0,1.0,1.0,1.0,0.35555555555555557,1.0,0.35555555555555557,1.0,1.0,1.0,1.0,0.32,1.0,0.32,1.0,1.0,1.0,1.0,distilroberta-dj_adpt,0,webtable-la2m_nopca-v=12-distilroberta-dj_adpt~qwen3_8b-dj_adpt
monthly_data_feed_b.pq,1.0,0.07692307692307693,1.0,0.07692307692307693,1.0,1.0,0.07692307692307693,1.0,0.38461538461538464,1.0,0.38461538461538464,1.0,1.0,0.38461538461538464,1.0,0.7692307692307693,1.0,0.7692307692307693,1.0,1.0,0.7692307692307693,0.8,0.9230769230769231,0.8666666666666667,1.0,1.0,1.0,0.9230769230769231,0.65,1.0,0.65,1.0,1.0,1.0,0.9786324786324786,0.52,1.0,0.52,1.0,1.0,1.0,0.9786324786324786,0.43333333333333335,1.0,0.43333333333333335,1.0,1.0,1.0,0.9786324786324786,0.37142857142857144,1.0,0.37142857142857144,1.0,1.0,1.0,0.9786324786324786,0.325,1.0,0.325,1.0,1.0,1.0,0.9786324786324786,0.28888888888888886,1.0,0.28888888888888886,1.0,1.0,1.0,0.9786324786324786,0.26,1.0,0.26,1.0,1.0,1.0,0.9786324786324786,distilroberta-dj_adpt,0,webtable-la2m_nopca-v=12-distilroberta-dj_adpt~qwen3_8b-dj_adpt
senior_officials_expenses_a.pq,1.0,0.09090909090909091,1.0,0.09090909090909091,1.0,1.0,0.09090909090909091,1.0,0.45454545454545453,1.0,0.45454545454545453,1.0,1.0,0.45454545454545453,0.9,0.8181818181818182,1.0,0.9090909090909091,1.0,1.0,0.8181818181818182,0.6,0.8181818181818182,0.7333333333333333,1.0,1.0,1.0,0.8181818181818182,0.5,0.9090909090909091,0.55,1.0,1.0,1.0,0.8716577540106951,0.4,0.9090909090909091,0.44,1.0,1.0,1.0,0.8716577540106951,0.3333333333333333,0.9090909090909091,0.36666666666666664,1.0,1.0,1.0,0.8716577540106951,0.2857142857142857,0.9090909090909091,0.3142857142857143,1.0,1.0,1.0,0.8716577540106951,0.25,0.9090909090909091,0.275,1.0,1.0,1.0,0.8716577540106951,0.2222222222222222,0.9090909090909091,0.24444444444444444,1.0,1.0,1.0,0.8716577540106951,0.2,0.9090909090909091,0.22,1.0,1.0,1.0,0.8716577540106951,distilroberta-dj_adpt,0,webtable-la2m_nopca-v=12-distilroberta-dj_adpt~qwen3_8b-dj_adpt
311_calls_historic_data_a.pq,1.0,0.09090909090909091,1.0,0.09090909090909091,1.0,1.0,0.09090909090909091,1.0,0.45454545454545453,1.0,0.45454545454545453,1.0,1.0,0.45454545454545453,1.0,0.9090909090909091,1.0,0.9090909090909091,1.0,1.0,0.9090909090909091,0.7333333333333333,1.0,0.7333333333333333,1.0,1.0,1.0,1.0,0.55,1.0,0.55,1.0,1.0,1.0,1.0,0.44,1.0,0.44,1.0,1.0,1.0,1.0,0.36666666666666664,1.0,0.36666666666666664,1.0,1.0,1.0,1.0,0.3142857142857143,1.0,0.3142857142857143,1.0,1.0,1.0,1.0,0.275,1.0,0.275,1.0,1.0,1.0,1.0,0.24444444444444444,1.0,0.24444444444444444,1.0,1.0,1.0,1.0,0.22,1.0,0.22,1.0,1.0,1.0,1.0,distilroberta-dj_adpt,0,webtable-la2m_nopca-v=12-distilroberta-dj_adpt~qwen3_8b-dj_adpt
film_locations_in_san_francisco_a.pq,1.0,0.07692307692307693,1.0,0.07692307692307693,1.0,1.0,0.07692307692307693,1.0,0.38461538461538464,1.0,0.38461538461538464,1.0,1.0,0.38461538461538464,1.0,0.7692307692307693,1.0,0.7692307692307693,1.0,1.0,0.7692307692307693,0.8666666666666667,1.0,0.8666666666666667,1.0,1.0,1.0,1.0,0.65,1.0,0.65,1.0,1.0,1.0,1.0,0.52,1.0,0.52,1.0,1.0,1.0,1.0,0.43333333333333335,1.0,0.43333333333333335,1.0,1.0,1.0,1.0,0.37142857142857144,1.0,0.37142857142857144,1.0,1.0,1.0,1.0,0.325,1.0,0.325,1.0,1.0,1.0,1.0,0.28888888888888886,1.0,0.28888888888888886,1.0,1.0,1.0,1.0,0.26,1.0,0.26,1.0,1.0,1.0,1.0,distilroberta-dj_adpt,0,webtable-la2m_nopca-v=12-distilroberta-dj_adpt~qwen3_8b-dj_adpt
stockport_contracts_b.pq,1.0,0.07692307692307693,1.0,0.07692307692307693,1.0,1.0,0.07692307692307693,1.0,0.38461538461538464,1.0,0.38461538461538464,1.0,1.0,0.38461538461538464,1.0,0.7692307692307693,1.0,0.7692307692307693,1.0,1.0,0.7692307692307693,0.8666666666666667,1.0,0.8666666666666667,1.0,1.0,1.0,1.0,0.65,1.0,0.65,1.0,1.0,1.0,1.0,0.52,1.0,0.52,1.0,1.0,1.0,1.0,0.43333333333333335,1.0,0.43333333333333335,1.0,1.0,1.0,1.0,0.37142857142857144,1.0,0.37142857142857144,1.0,1.0,1.0,1.0,0.325,1.0,0.325,1.0,1.0,1.0,1.0,0.28888888888888886,1.0,0.28888888888888886,1.0,1.0,1.0,1.0,0.26,1.0,0.26,1.0,1.0,1.0,1.0,distilroberta-dj_adpt,0,webtable-la2m_nopca-v=12-distilroberta-dj_adpt~qwen3_8b-dj_adpt
practice_reference_b.pq,1.0,0.06666666666666667,1.0,0.06666666666666667,1.0,1.0,0.06666666666666667,1.0,0.3333333333333333,1.0,0.3333333333333333,1.0,1.0,0.3333333333333333,1.0,0.6666666666666666,1.0,0.6666666666666666,1.0,1.0,0.6666666666666666,1.0,1.0,1.0,1.0,1.0,1.0,1.0,0.75,1.0,0.75,1.0,1.0,1.0,1.0,0.6,1.0,0.6,1.0,1.0,1.0,1.0,0.5,1.0,0.5,1.0,1.0,1.0,1.0,0.42857142857142855,1.0,0.42857142857142855,1.0,1.0,1.0,1.0,0.375,1.0,0.375,1.0,1.0,1.0,1.0,0.3333333333333333,1.0,0.3333333333333333,1.0,1.0,1.0,1.0,0.3,1.0,0.3,1.0,1.0,1.0,1.0,distilroberta-dj_adpt,0,webtable-la2m_nopca-v=12-distilroberta-dj_adpt~qwen3_8b-dj_adpt
cihr_co-applicant_a.pq,1.0,0.08333333333333333,1.0,0.08333333333333333,1.0,1.0,0.08333333333333333,1.0,0.4166666666666667,1.0,0.4166666666666667,1.0,1.0,0.4166666666666667,1.0,0.8333333333333334,1.0,0.8333333333333334,1.0,1.0,0.8333333333333334,0.8,1.0,0.8,1.0,1.0,1.0,1.0,0.6,1.0,0.6,1.0,1.0,1.0,1.0,0.48,1.0,0.48,1.0,1.0,1.0,1.0,0.4,1.0,0.4,1.0,1.0,1.0,1.0,0.34285714285714286,1.0,0.34285714285714286,1.0,1.0,1.0,1.0,0.3,1.0,0.3,1.0,1.0,1.0,1.0,0.26666666666666666,1.0,0.26666666666666666,1.0,1.0,1.0,1.0,0.24,1.0,0.24,1.0,1.0,1.0,1.0,distilroberta-dj_adpt,0,webtable-la2m_nopca-v=12-distilroberta-dj_adpt~qwen3_8b-dj_adpt
albums_b.pq,1.0,0.0625,1.0,0.0625,1.0,1.0,0.0625,1.0,0.3125,1.0,0.3125,1.0,1.0,0.3125,1.0,0.625,1.0,0.625,1.0,1.0,0.625,1.0,0.9375,1.0,0.9375,1.0,1.0,0.9375,0.8,1.0,0.8,1.0,1.0,1.0,1.0,0.64,1.0,0.64,1.0,1.0,1.0,1.0,0.5333333333333333,1.0,0.5333333333333333,1.0,1.0,1.0,1.0,0.45714285714285713,1.0,0.45714285714285713,1.0,1.0,1.0,1.0,0.4,1.0,0.4,1.0,1.0,1.0,1.0,0.35555555555555557,1.0,0.35555555555555557,1.0,1.0,1.0,1.0,0.32,1.0,0.32,1.0,1.0,1.0,1.0,distilroberta-dj_adpt,0,webtable-la2m_nopca-v=12-distilroberta-dj_adpt~qwen3_8b-dj_adpt
time_spent_watching_vcr_movies_a.pq,1.0,0.09090909090909091,1.0,0.09090909090909091,1.0,1.0,0.09090909090909091,1.0,0.45454545454545453,1.0,0.45454545454545453,1.0,1.0,0.45454545454545453,1.0,0.9090909090909091,1.0,0.9090909090909091,1.0,1.0,0.9090909090909091,0.7333333333333333,1.0,0.7333333333333333,1.0,1.0,1.0,1.0,0.55,1.0,0.55,1.0,1.0,1.0,1.0,0.44,1.0,0.44,1.0,1.0,1.0,1.0,0.36666666666666664,1.0,0.36666666666666664,1.0,1.0,1.0,1.0,0.3142857142857143,1.0,0.3142857142857143,1.0,1.0,1.0,1.0,0.275,1.0,0.275,1.0,1.0,1.0,1.0,0.24444444444444444,1.0,0.24444444444444444,1.0,1.0,1.0,1.0,0.22,1.0,0.22,1.0,1.0,1.0,1.0,distilroberta-dj_adpt,0,webtable-la2m_nopca-v=12-distilroberta-dj_adpt~qwen3_8b-dj_adpt
lane_description_a.pq,1.0,0.0625,1.0,0.0625,1.0,1.0,0.0625,1.0,0.3125,1.0,0.3125,1.0,1.0,0.3125,1.0,0.625,1.0,0.625,1.0,1.0,0.625,1.0,0.9375,1.0,0.9375,1.0,1.0,0.9375,0.8,1.0,0.8,1.0,1.0,1.0,1.0,0.64,1.0,0.64,1.0,1.0,1.0,1.0,0.5333333333333333,1.0,0.5333333333333333,1.0,1.0,1.0,1.0,0.45714285714285713,1.0,0.45714285714285713,1.0,1.0,1.0,1.0,0.4,1.0,0.4,1.0,1.0,1.0,1.0,0.35555555555555557,1.0,0.35555555555555557,1.0,1.0,1.0,1.0,0.32,1.0,0.32,1.0,1.0,1.0,1.0,distilroberta-dj_adpt,0,webtable-la2m_nopca-v=12-distilroberta-dj_adpt~qwen3_8b-dj_adpt
wholesale_markets_a.pq,1.0,0.09090909090909091,1.0,0.09090909090909091,1.0,1.0,0.09090909090909091,1.0,0.45454545454545453,1.0,0.45454545454545453,1.0,1.0,0.45454545454545453,1.0,0.9090909090909091,1.0,0.9090909090909091,1.0,1.0,0.9090909090909091,0.7333333333333333,1.0,0.7333333333333333,1.0,1.0,1.0,1.0,0.55,1.0,0.55,1.0,1.0,1.0,1.0,0.44,1.0,0.44,1.0,1.0,1.0,1.0,0.36666666666666664,1.0,0.36666666666666664,1.0,1.0,1.0,1.0,0.3142857142857143,1.0,0.3142857142857143,1.0,1.0,1.0,1.0,0.275,1.0,0.275,1.0,1.0,1.0,1.0,0.24444444444444444,1.0,0.24444444444444444,1.0,1.0,1.0,1.0,0.22,1.0,0.22,1.0,1.0,1.0,1.0,distilroberta-dj_adpt,0,webtable-la2m_nopca-v=12-distilroberta-dj_adpt~qwen3_8b-dj_adpt
workforce_management_information_a.pq,1.0,0.05555555555555555,1.0,0.05555555555555555,1.0,1.0,0.05555555555555555,1.0,0.2777777777777778,1.0,0.2777777777777778,1.0,1.0,0.2777777777777778,1.0,0.5555555555555556,1.0,0.5555555555555556,1.0,1.0,0.5555555555555556,1.0,0.8333333333333334,1.0,0.8333333333333334,1.0,1.0,0.8333333333333334,0.8,0.8888888888888888,0.9,1.0,1.0,1.0,0.8777777777777778,0.72,1.0,0.72,1.0,1.0,1.0,0.9682058682058682,0.6,1.0,0.6,1.0,1.0,1.0,0.9682058682058682,0.5142857142857142,1.0,0.5142857142857142,1.0,1.0,1.0,0.9682058682058682,0.45,1.0,0.45,1.0,1.0,1.0,0.9682058682058682,0.4,1.0,0.4,1.0,1.0,1.0,0.9682058682058682,0.36,1.0,0.36,1.0,1.0,1.0,0.9682058682058682,distilroberta-dj_adpt,0,webtable-la2m_nopca-v=12-distilroberta-dj_adpt~qwen3_8b-dj_adpt
albums_a.pq,1.0,0.0625,1.0,0.0625,1.0,1.0,0.0625,1.0,0.3125,1.0,0.3125,1.0,1.0,0.3125,1.0,0.625,1.0,0.625,1.0,1.0,0.625,1.0,0.9375,1.0,0.9375,1.0,1.0,0.9375,0.8,1.0,0.8,1.0,1.0,1.0,1.0,0.64,1.0,0.64,1.0,1.0,1.0,1.0,0.5333333333333333,1.0,0.5333333333333333,1.0,1.0,1.0,1.0,0.45714285714285713,1.0,0.45714285714285713,1.0,1.0,1.0,1.0,0.4,1.0,0.4,1.0,1.0,1.0,1.0,0.35555555555555557,1.0,0.35555555555555557,1.0,1.0,1.0,1.0,0.32,1.0,0.32,1.0,1.0,1.0,1.0,distilroberta-dj_adpt,0,webtable-la2m_nopca-v=12-distilroberta-dj_adpt~qwen3_8b-dj_adpt
biodiversity_a.pq,1.0,0.09090909090909091,1.0,0.09090909090909091,1.0,1.0,0.09090909090909091,1.0,0.45454545454545453,1.0,0.45454545454545453,1.0,1.0,0.45454545454545453,1.0,0.9090909090909091,1.0,0.9090909090909091,1.0,1.0,0.9090909090909091,0.6666666666666666,0.9090909090909091,0.7333333333333333,1.0,1.0,1.0,0.9090909090909091,0.5,0.9090909090909091,0.55,1.0,1.0,1.0,0.9090909090909091,0.4,0.9090909090909091,0.44,1.0,1.0,1.0,0.9090909090909091,0.3333333333333333,0.9090909090909091,0.36666666666666664,1.0,1.0,1.0,0.9090909090909091,0.2857142857142857,0.9090909090909091,0.3142857142857143,1.0,1.0,1.0,0.9090909090909091,0.25,0.9090909090909091,0.275,1.0,1.0,1.0,0.9090909090909091,0.2222222222222222,0.9090909090909091,0.24444444444444444,1.0,1.0,1.0,0.9090909090909091,0.2,0.9090909090909091,0.22,1.0,1.0,1.0,0.9090909090909091,distilroberta-dj_adpt,0,webtable-la2m_nopca-v=12-distilroberta-dj_adpt~qwen3_8b-dj_adpt
report_card_discipline_for_2015_16_a.pq,1.0,0.09090909090909091,1.0,0.09090909090909091,1.0,1.0,0.09090909090909091,1.0,0.45454545454545453,1.0,0.45454545454545453,1.0,1.0,0.45454545454545453,1.0,0.9090909090909091,1.0,0.9090909090909091,1.0,1.0,0.9090909090909091,0.7333333333333333,1.0,0.7333333333333333,1.0,1.0,1.0,1.0,0.55,1.0,0.55,1.0,1.0,1.0,1.0,0.44,1.0,0.44,1.0,1.0,1.0,1.0,0.36666666666666664,1.0,0.36666666666666664,1.0,1.0,1.0,1.0,0.3142857142857143,1.0,0.3142857142857143,1.0,1.0,1.0,1.0,0.275,1.0,0.275,1.0,1.0,1.0,1.0,0.24444444444444444,1.0,0.24444444444444444,1.0,1.0,1.0,1.0,0.22,1.0,0.22,1.0,1.0,1.0,1.0,distilroberta-dj_adpt,0,webtable-la2m_nopca-v=12-distilroberta-dj_adpt~qwen3_8b-dj_adpt
ydn_spending_data_a.pq,1.0,0.08333333333333333,1.0,0.08333333333333333,1.0,1.0,0.08333333333333333,1.0,0.4166666666666667,1.0,0.4166666666666667,1.0,1.0,0.4166666666666667,1.0,0.8333333333333334,1.0,0.8333333333333334,1.0,1.0,0.8333333333333334,0.8,1.0,0.8,1.0,1.0,1.0,1.0,0.6,1.0,0.6,1.0,1.0,1.0,1.0,0.48,1.0,0.48,1.0,1.0,1.0,1.0,0.4,1.0,0.4,1.0,1.0,1.0,1.0,0.34285714285714286,1.0,0.34285714285714286,1.0,1.0,1.0,1.0,0.3,1.0,0.3,1.0,1.0,1.0,1.0,0.26666666666666666,1.0,0.26666666666666666,1.0,1.0,1.0,1.0,0.24,1.0,0.24,1.0,1.0,1.0,1.0,distilroberta-dj_adpt,0,webtable-la2m_nopca-v=12-distilroberta-dj_adpt~qwen3_8b-dj_adpt
psyckes_antipsychotic_polypharmacy_quality_indicators_beginning_2012_a.pq,1.0,0.09090909090909091,1.0,0.09090909090909091,1.0,1.0,0.09090909090909091,1.0,0.45454545454545453,1.0,0.45454545454545453,1.0,1.0,0.45454545454545453,1.0,0.9090909090909091,1.0,0.9090909090909091,1.0,1.0,0.9090909090909091,0.7333333333333333,1.0,0.7333333333333333,1.0,1.0,1.0,1.0,0.55,1.0,0.55,1.0,1.0,1.0,1.0,0.44,1.0,0.44,1.0,1.0,1.0,1.0,0.36666666666666664,1.0,0.36666666666666664,1.0,1.0,1.0,1.0,0.3142857142857143,1.0,0.3142857142857143,1.0,1.0,1.0,1.0,0.275,1.0,0.275,1.0,1.0,1.0,1.0,0.24444444444444444,1.0,0.24444444444444444,1.0,1.0,1.0,1.0,0.22,1.0,0.22,1.0,1.0,1.0,1.0,distilroberta-dj_adpt,0,webtable-la2m_nopca-v=12-distilroberta-dj_adpt~qwen3_8b-dj_adpt
ydn_spending_data_b.pq,1.0,0.08333333333333333,1.0,0.08333333333333333,1.0,1.0,0.08333333333333333,1.0,0.4166666666666667,1.0,0.4166666666666667,1.0,1.0,0.4166666666666667,1.0,0.8333333333333334,1.0,0.8333333333333334,1.0,1.0,0.8333333333333334,0.8,1.0,0.8,1.0,1.0,1.0,1.0,0.6,1.0,0.6,1.0,1.0,1.0,1.0,0.48,1.0,0.48,1.0,1.0,1.0,1.0,0.4,1.0,0.4,1.0,1.0,1.0,1.0,0.34285714285714286,1.0,0.34285714285714286,1.0,1.0,1.0,1.0,0.3,1.0,0.3,1.0,1.0,1.0,1.0,0.26666666666666666,1.0,0.26666666666666666,1.0,1.0,1.0,1.0,0.24,1.0,0.24,1.0,1.0,1.0,1.0,distilroberta-dj_adpt,0,webtable-la2m_nopca-v=12-distilroberta-dj_adpt~qwen3_8b-dj_adpt
cdc_nutrition_physical_activity_and_obesity_legislation_a.pq,1.0,0.09090909090909091,1.0,0.09090909090909091,1.0,1.0,0.09090909090909091,1.0,0.45454545454545453,1.0,0.45454545454545453,1.0,1.0,0.45454545454545453,1.0,0.9090909090909091,1.0,0.9090909090909091,1.0,1.0,0.9090909090909091,0.7333333333333333,1.0,0.7333333333333333,1.0,1.0,1.0,1.0,0.55,1.0,0.55,1.0,1.0,1.0,1.0,0.44,1.0,0.44,1.0,1.0,1.0,1.0,0.36666666666666664,1.0,0.36666666666666664,1.0,1.0,1.0,1.0,0.3142857142857143,1.0,0.3142857142857143,1.0,1.0,1.0,1.0,0.275,1.0,0.275,1.0,1.0,1.0,1.0,0.24444444444444444,1.0,0.24444444444444444,1.0,1.0,1.0,1.0,0.22,1.0,0.22,1.0,1.0,1.0,1.0,distilroberta-dj_adpt,0,webtable-la2m_nopca-v=12-distilroberta-dj_adpt~qwen3_8b-dj_adpt
job_pay_scales_a.pq,1.0,0.06666666666666667,1.0,0.06666666666666667,1.0,1.0,0.06666666666666667,0.6,0.2,1.0,0.3333333333333333,1.0,1.0,0.2,0.8,0.5333333333333333,1.0,0.6666666666666666,1.0,1.0,0.4472486772486773,0.7333333333333333,0.7333333333333333,1.0,1.0,1.0,1.0,0.6062385762385762,0.6,0.8,0.75,1.0,1.0,1.0,0.6462385762385762,0.56,0.9333333333333333,0.6,1.0,1.0,1.0,0.7196830206830207,0.5,1.0,0.5,1.0,1.0,1.0,0.7581445591445591,0.42857142857142855,1.0,0.42857142857142855,1.0,1.0,1.0,0.7581445591445591,0.375,1.0,0.375,1.0,1.0,1.0,0.7581445591445591,0.3333333333333333,1.0,0.3333333333333333,1.0,1.0,1.0,0.7581445591445591,0.3,1.0,0.3,1.0,1.0,1.0,0.7581445591445591,mini_l12-dj_adpt,1,webtable-la2m_nopca-v=12-distilroberta-dj_adpt~qwen3_8b-dj_adpt
albums_a.pq,1.0,0.0625,1.0,0.0625,1.0,1.0,0.0625,1.0,0.3125,1.0,0.3125,1.0,1.0,0.3125,1.0,0.625,1.0,0.625,1.0,1.0,0.625,0.9333333333333333,0.875,1.0,0.9375,1.0,1.0,0.875,0.7,0.875,0.8,1.0,1.0,1.0,0.875,0.56,0.875,0.64,1.0,1.0,1.0,0.875,0.5333333333333333,1.0,0.5333333333333333,1.0,1.0,1.0,0.9454365079365079,0.45714285714285713,1.0,0.45714285714285713,1.0,1.0,1.0,0.9454365079365079,0.4,1.0,0.4,1.0,1.0,1.0,0.9454365079365079,0.35555555555555557,1.0,0.35555555555555557,1.0,1.0,1.0,0.9454365079365079,0.32,1.0,0.32,1.0,1.0,1.0,0.9454365079365079,mini_l12-dj_adpt,1,webtable-la2m_nopca-v=12-distilroberta-dj_adpt~qwen3_8b-dj_adpt
prescribing_a.pq,1.0,0.06666666666666667,1.0,0.06666666666666667,1.0,1.0,0.06666666666666667,1.0,0.3333333333333333,1.0,0.3333333333333333,1.0,1.0,0.3333333333333333,0.8,0.5333333333333333,1.0,0.6666666666666666,1.0,1.0,0.5175925925925926,0.8,0.8,1.0,1.0,1.0,1.0,0.7245889295889296,0.75,1.0,0.75,1.0,1.0,1.0,0.8862891359872783,0.6,1.0,0.6,1.0,1.0,1.0,0.8862891359872783,0.5,1.0,0.5,1.0,1.0,1.0,0.8862891359872783,0.42857142857142855,1.0,0.42857142857142855,1.0,1.0,1.0,0.8862891359872783,0.375,1.0,0.375,1.0,1.0,1.0,0.8862891359872783,0.3333333333333333,1.0,0.3333333333333333,1.0,1.0,1.0,0.8862891359872783,0.3,1.0,0.3,1.0,1.0,1.0,0.8862891359872783,mini_l12-dj_adpt,1,webtable-la2m_nopca-v=12-distilroberta-dj_adpt~qwen3_8b-dj_adpt
minister_meetings_a.pq,1.0,0.1,1.0,0.1,1.0,1.0,0.1,0.6,0.3,1.0,0.5,1.0,1.0,0.275,0.3,0.3,1.0,1.0,1.0,1.0,0.275,0.3333333333333333,0.5,0.6666666666666666,1.0,1.0,1.0,0.3467948717948718,0.25,0.5,0.5,1.0,1.0,1.0,0.3467948717948718,0.2,0.5,0.4,1.0,1.0,1.0,0.3467948717948718,0.16666666666666666,0.5,0.3333333333333333,1.0,1.0,1.0,0.3467948717948718,0.14285714285714285,0.5,0.2857142857142857,1.0,1.0,1.0,0.3467948717948718,0.125,0.5,0.25,1.0,1.0,1.0,0.3467948717948718,0.1111111111111111,0.5,0.2222222222222222,1.0,1.0,1.0,0.3467948717948718,0.12,0.6,0.2,1.0,1.0,1.0,0.3587948717948718,mini_l12-dj_adpt,1,webtable-la2m_nopca-v=12-distilroberta-dj_adpt~qwen3_8b-dj_adpt
data_mill_b.pq,1.0,0.07142857142857142,1.0,0.07142857142857142,1.0,1.0,0.07142857142857142,0.2,0.07142857142857142,1.0,0.35714285714285715,1.0,1.0,0.07142857142857142,0.1,0.07142857142857142,1.0,0.7142857142857143,1.0,1.0,0.07142857142857142,0.4,0.42857142857142855,0.9333333333333333,1.0,1.0,1.0,0.17833238190381048,0.5,0.7142857142857143,0.7,1.0,1.0,1.0,0.3165040979586535,0.48,0.8571428571428571,0.56,1.0,1.0,1.0,0.38963334965933377,0.4666666666666667,1.0,0.4666666666666667,1.0,1.0,1.0,0.45973916976515383,0.4,1.0,0.4,1.0,1.0,1.0,0.45973916976515383,0.35,1.0,0.35,1.0,1.0,1.0,0.45973916976515383,0.3111111111111111,1.0,0.3111111111111111,1.0,1.0,1.0,0.45973916976515383,0.28,1.0,0.28,1.0,1.0,1.0,0.45973916976515383,mini_l12-dj_adpt,1,webtable-la2m_nopca-v=12-distilroberta-dj_adpt~qwen3_8b-dj_adpt
report_card_discipline_for_2015_16_a.pq,1.0,0.09090909090909091,1.0,0.09090909090909091,1.0,1.0,0.09090909090909091,1.0,0.45454545454545453,1.0,0.45454545454545453,1.0,1.0,0.45454545454545453,1.0,0.9090909090909091,1.0,0.9090909090909091,1.0,1.0,0.9090909090909091,0.7333333333333333,1.0,0.7333333333333333,1.0,1.0,1.0,1.0,0.55,1.0,0.55,1.0,1.0,1.0,1.0,0.44,1.0,0.44,1.0,1.0,1.0,1.0,0.36666666666666664,1.0,0.36666666666666664,1.0,1.0,1.0,1.0,0.3142857142857143,1.0,0.3142857142857143,1.0,1.0,1.0,1.0,0.275,1.0,0.275,1.0,1.0,1.0,1.0,0.24444444444444444,1.0,0.24444444444444444,1.0,1.0,1.0,1.0,0.22,1.0,0.22,1.0,1.0,1.0,1.0,mini_l12-dj_adpt,1,webtable-la2m_nopca-v=12-distilroberta-dj_adpt~qwen3_8b-dj_adpt
senior_officials_expenses_a.pq,1.0,0.09090909090909091,1.0,0.09090909090909091,1.0,1.0,0.09090909090909091,1.0,0.45454545454545453,1.0,0.45454545454545453,1.0,1.0,0.45454545454545453,0.9,0.8181818181818182,1.0,0.9090909090909091,1.0,1.0,0.8090909090909091,0.6666666666666666,0.9090909090909091,0.7333333333333333,1.0,1.0,1.0,0.8917355371900826,0.5,0.9090909090909091,0.55,1.0,1.0,1.0,0.8917355371900826,0.4,0.9090909090909091,0.44,1.0,1.0,1.0,0.8917355371900826,0.3333333333333333,0.9090909090909091,0.36666666666666664,1.0,1.0,1.0,0.8917355371900826,0.2857142857142857,0.9090909090909091,0.3142857142857143,1.0,1.0,1.0,0.8917355371900826,0.25,0.9090909090909091,0.275,1.0,1.0,1.0,0.8917355371900826,0.2222222222222222,0.9090909090909091,0.24444444444444444,1.0,1.0,1.0,0.8917355371900826,0.2,0.9090909090909091,0.22,1.0,1.0,1.0,0.8917355371900826,mini_l12-dj_adpt,1,webtable-la2m_nopca-v=12-distilroberta-dj_adpt~qwen3_8b-dj_adpt
ydn_spending_data_a.pq,1.0,0.08333333333333333,1.0,0.08333333333333333,1.0,1.0,0.08333333333333333,0.8,0.3333333333333333,1.0,0.4166666666666667,1.0,1.0,0.31666666666666665,0.7,0.5833333333333334,1.0,0.8333333333333334,1.0,1.0,0.5304563492063492,0.5333333333333333,0.6666666666666666,0.8,1.0,1.0,1.0,0.5910624098124099,0.45,0.75,0.6,1.0,1.0,1.0,0.6305360940229362,0.4,0.8333333333333334,0.48,1.0,1.0,1.0,0.6667679780809072,0.36666666666666664,0.9166666666666666,0.4,1.0,1.0,1.0,0.7007185953648577,0.3142857142857143,0.9166666666666666,0.34285714285714286,1.0,1.0,1.0,0.7007185953648577,0.3,1.0,0.3,1.0,1.0,1.0,0.7277456223918848,0.26666666666666666,1.0,0.26666666666666666,1.0,1.0,1.0,0.7277456223918848,0.24,1.0,0.24,1.0,1.0,1.0,0.7277456223918848,mini_l12-dj_adpt,1,webtable-la2m_nopca-v=12-distilroberta-dj_adpt~qwen3_8b-dj_adpt
cdc_nutrition_physical_activity_and_obesity_legislation_a.pq,1.0,0.09090909090909091,1.0,0.09090909090909091,1.0,1.0,0.09090909090909091,0.4,0.18181818181818182,1.0,0.45454545454545453,1.0,1.0,0.1515151515151515,0.6,0.5454545454545454,1.0,0.9090909090909091,1.0,1.0,0.340981240981241,0.7333333333333333,1.0,0.7333333333333333,1.0,1.0,1.0,0.6539773357955176,0.55,1.0,0.55,1.0,1.0,1.0,0.6539773357955176,0.44,1.0,0.44,1.0,1.0,1.0,0.6539773357955176,0.36666666666666664,1.0,0.36666666666666664,1.0,1.0,1.0,0.6539773357955176,0.3142857142857143,1.0,0.3142857142857143,1.0,1.0,1.0,0.6539773357955176,0.275,1.0,0.275,1.0,1.0,1.0,0.6539773357955176,0.24444444444444444,1.0,0.24444444444444444,1.0,1.0,1.0,0.6539773357955176,0.22,1.0,0.22,1.0,1.0,1.0,0.6539773357955176,mini_l12-dj_adpt,1,webtable-la2m_nopca-v=12-distilroberta-dj_adpt~qwen3_8b-dj_adpt
cihr_co-applicant_b.pq,1.0,0.08333333333333333,1.0,0.08333333333333333,1.0,1.0,0.08333333333333333,1.0,0.4166666666666667,1.0,0.4166666666666667,1.0,1.0,0.4166666666666667,1.0,0.8333333333333334,1.0,0.8333333333333334,1.0,1.0,0.8333333333333334,0.8,1.0,0.8,1.0,1.0,1.0,1.0,0.6,1.0,0.6,1.0,1.0,1.0,1.0,0.48,1.0,0.48,1.0,1.0,1.0,1.0,0.4,1.0,0.4,1.0,1.0,1.0,1.0,0.34285714285714286,1.0,0.34285714285714286,1.0,1.0,1.0,1.0,0.3,1.0,0.3,1.0,1.0,1.0,1.0,0.26666666666666666,1.0,0.26666666666666666,1.0,1.0,1.0,1.0,0.24,1.0,0.24,1.0,1.0,1.0,1.0,mini_l12-dj_adpt,1,webtable-la2m_nopca-v=12-distilroberta-dj_adpt~qwen3_8b-dj_adpt
ydn_spending_data_b.pq,1.0,0.08333333333333333,1.0,0.08333333333333333,1.0,1.0,0.08333333333333333,0.8,0.3333333333333333,1.0,0.4166666666666667,1.0,1.0,0.26805555555555555,0.7,0.5833333333333334,1.0,0.8333333333333334,1.0,1.0,0.4648148148148148,0.5333333333333333,0.6666666666666666,0.8,1.0,1.0,1.0,0.5124338624338625,0.5,0.8333333333333334,0.6,1.0,1.0,1.0,0.5935742133110554,0.4,0.8333333333333334,0.48,1.0,1.0,1.0,0.5935742133110554,0.36666666666666664,0.9166666666666666,0.4,1.0,1.0,1.0,0.6263123085491507,0.3142857142857143,0.9166666666666666,0.34285714285714286,1.0,1.0,1.0,0.6263123085491507,0.275,0.9166666666666666,0.3,1.0,1.0,1.0,0.6263123085491507,0.24444444444444444,0.9166666666666666,0.26666666666666666,1.0,1.0,1.0,0.6263123085491507,0.22,0.9166666666666666,0.24,1.0,1.0,1.0,0.6263123085491507,mini_l12-dj_adpt,1,webtable-la2m_nopca-v=12-distilroberta-dj_adpt~qwen3_8b-dj_adpt
workforce_management_information_b.pq,1.0,0.05555555555555555,1.0,0.05555555555555555,1.0,1.0,0.05555555555555555,1.0,0.2777777777777778,1.0,0.2777777777777778,1.0,1.0,0.2777777777777778,1.0,0.5555555555555556,1.0,0.5555555555555556,1.0,1.0,0.5555555555555556,0.8666666666666667,0.7222222222222222,1.0,0.8333333333333334,1.0,1.0,0.7222222222222222,0.65,0.7222222222222222,0.9,1.0,1.0,1.0,0.7222222222222222,0.52,0.7222222222222222,0.72,1.0,1.0,1.0,0.7222222222222222,0.43333333333333335,0.7222222222222222,0.6,1.0,1.0,1.0,0.7222222222222222,0.42857142857142855,0.8333333333333334,0.5142857142857142,1.0,1.0,1.0,0.7696007696007696,0.375,0.8333333333333334,0.45,1.0,1.0,1.0,0.7696007696007696,0.3333333333333333,0.8333333333333334,0.4,1.0,1.0,1.0,0.7696007696007696,0.3,0.8333333333333334,0.36,1.0,1.0,1.0,0.7696007696007696,mini_l12-dj_adpt,1,webtable-la2m_nopca-v=12-distilroberta-dj_adpt~qwen3_8b-dj_adpt
monthly_data_feed_a.pq,1.0,0.07692307692307693,1.0,0.07692307692307693,1.0,1.0,0.07692307692307693,1.0,0.38461538461538464,1.0,0.38461538461538464,1.0,1.0,0.38461538461538464,0.8,0.6153846153846154,1.0,0.7692307692307693,1.0,1.0,0.6153846153846154,0.6666666666666666,0.7692307692307693,0.8666666666666667,1.0,1.0,1.0,0.7161172161172161,0.65,1.0,0.65,1.0,1.0,1.0,0.8759320529831366,0.52,1.0,0.52,1.0,1.0,1.0,0.8759320529831366,0.43333333333333335,1.0,0.43333333333333335,1.0,1.0,1.0,0.8759320529831366,0.37142857142857144,1.0,0.37142857142857144,1.0,1.0,1.0,0.8759320529831366,0.325,1.0,0.325,1.0,1.0,1.0,0.8759320529831366,0.28888888888888886,1.0,0.28888888888888886,1.0,1.0,1.0,0.8759320529831366,0.26,1.0,0.26,1.0,1.0,1.0,0.8759320529831366,mini_l12-dj_adpt,1,webtable-la2m_nopca-v=12-distilroberta-dj_adpt~qwen3_8b-dj_adpt
abandoned_wells_a.pq,1.0,0.09090909090909091,1.0,0.09090909090909091,1.0,1.0,0.09090909090909091,1.0,0.45454545454545453,1.0,0.45454545454545453,1.0,1.0,0.45454545454545453,1.0,0.9090909090909091,1.0,0.9090909090909091,1.0,1.0,0.9090909090909091,0.7333333333333333,1.0,0.7333333333333333,1.0,1.0,1.0,1.0,0.55,1.0,0.55,1.0,1.0,1.0,1.0,0.44,1.0,0.44,1.0,1.0,1.0,1.0,0.36666666666666664,1.0,0.36666666666666664,1.0,1.0,1.0,1.0,0.3142857142857143,1.0,0.3142857142857143,1.0,1.0,1.0,1.0,0.275,1.0,0.275,1.0,1.0,1.0,1.0,0.24444444444444444,1.0,0.24444444444444444,1.0,1.0,1.0,1.0,0.22,1.0,0.22,1.0,1.0,1.0,1.0,mini_l12-dj_adpt,1,webtable-la2m_nopca-v=12-distilroberta-dj_adpt~qwen3_8b-dj_adpt
mines_b.pq,1.0,0.07142857142857142,1.0,0.07142857142857142,1.0,1.0,0.07142857142857142,0.2,0.07142857142857142,1.0,0.35714285714285715,1.0,1.0,0.07142857142857142,0.1,0.07142857142857142,1.0,0.7142857142857143,1.0,1.0,0.07142857142857142,0.2,0.21428571428571427,0.9333333333333333,1.0,1.0,1.0,0.09981684981684981,0.15,0.21428571428571427,0.7,1.0,1.0,1.0,0.09981684981684981,0.16,0.2857142857142857,0.56,1.0,1.0,1.0,0.11124542124542125,0.13333333333333333,0.2857142857142857,0.4666666666666667,1.0,1.0,1.0,0.11124542124542125,0.22857142857142856,0.5714285714285714,0.4,1.0,1.0,1.0,0.1664255614833346,0.25,0.7142857142857143,0.35,1.0,1.0,1.0,0.20119999757356016,0.28888888888888886,0.9285714285714286,0.3111111111111111,1.0,1.0,1.0,0.26236660829045044,0.26,0.9285714285714286,0.28,1.0,1.0,1.0,0.26236660829045044,mini_l12-dj_adpt,1,webtable-la2m_nopca-v=12-distilroberta-dj_adpt~qwen3_8b-dj_adpt
civic_building_locations_a.pq,1.0,0.08333333333333333,1.0,0.08333333333333333,1.0,1.0,0.08333333333333333,0.8,0.3333333333333333,1.0,0.4166666666666667,1.0,1.0,0.26805555555555555,0.8,0.6666666666666666,1.0,0.8333333333333334,1.0,1.0,0.540410052910053,0.6,0.75,0.8,1.0,1.0,1.0,0.5904100529100529,0.45,0.75,0.6,1.0,1.0,1.0,0.5904100529100529,0.44,0.9166666666666666,0.48,1.0,1.0,1.0,0.6648363814124684,0.36666666666666664,0.9166666666666666,0.4,1.0,1.0,1.0,0.6648363814124684,0.3142857142857143,0.9166666666666666,0.34285714285714286,1.0,1.0,1.0,0.6648363814124684,0.275,0.9166666666666666,0.3,1.0,1.0,1.0,0.6648363814124684,0.24444444444444444,0.9166666666666666,0.26666666666666666,1.0,1.0,1.0,0.6648363814124684,0.22,0.9166666666666666,0.24,1.0,1.0,1.0,0.6648363814124684,mini_l12-dj_adpt,1,webtable-la2m_nopca-v=12-distilroberta-dj_adpt~qwen3_8b-dj_adpt
oil_and_gas_summary_production_data_1967_1999_a.pq,1.0,0.09090909090909091,1.0,0.09090909090909091,1.0,1.0,0.09090909090909091,1.0,0.45454545454545453,1.0,0.45454545454545453,1.0,1.0,0.45454545454545453,0.8,0.7272727272727273,1.0,0.9090909090909091,1.0,1.0,0.7272727272727273,0.7333333333333333,1.0,0.7333333333333333,1.0,1.0,1.0,0.9543335452426361,0.55,1.0,0.55,1.0,1.0,1.0,0.9543335452426361,0.44,1.0,0.44,1.0,1.0,1.0,0.9543335452426361,0.36666666666666664,1.0,0.36666666666666664,1.0,1.0,1.0,0.9543335452426361,0.3142857142857143,1.0,0.3142857142857143,1.0,1.0,1.0,0.9543335452426361,0.275,1.0,0.275,1.0,1.0,1.0,0.9543335452426361,0.24444444444444444,1.0,0.24444444444444444,1.0,1.0,1.0,0.9543335452426361,0.22,1.0,0.22,1.0,1.0,1.0,0.9543335452426361,mini_l12-dj_adpt,1,webtable-la2m_nopca-v=12-distilroberta-dj_adpt~qwen3_8b-dj_adpt
complaint_by_practice_a.pq,1.0,0.07692307692307693,1.0,0.07692307692307693,1.0,1.0,0.07692307692307693,0.8,0.3076923076923077,1.0,0.38461538461538464,1.0,1.0,0.3076923076923077,0.4,0.3076923076923077,1.0,0.7692307692307693,1.0,1.0,0.3076923076923077,0.26666666666666666,0.3076923076923077,0.8666666666666667,1.0,1.0,1.0,0.3076923076923077,0.2,0.3076923076923077,0.65,1.0,1.0,1.0,0.3076923076923077,0.16,0.3076923076923077,0.52,1.0,1.0,1.0,0.3076923076923077,0.13333333333333333,0.3076923076923077,0.43333333333333335,1.0,1.0,1.0,0.3076923076923077,0.11428571428571428,0.3076923076923077,0.37142857142857144,1.0,1.0,1.0,0.3076923076923077,0.1,0.3076923076923077,0.325,1.0,1.0,1.0,0.3076923076923077,0.1111111111111111,0.38461538461538464,0.28888888888888886,1.0,1.0,1.0,0.3162393162393162,0.2,0.7692307692307693,0.26,1.0,1.0,1.0,0.38006324615284576,mini_l12-dj_adpt,1,webtable-la2m_nopca-v=12-distilroberta-dj_adpt~qwen3_8b-dj_adpt
albums_b.pq,1.0,0.0625,1.0,0.0625,1.0,1.0,0.0625,1.0,0.3125,1.0,0.3125,1.0,1.0,0.3125,1.0,0.625,1.0,0.625,1.0,1.0,0.625,0.9333333333333333,0.875,1.0,0.9375,1.0,1.0,0.8615613553113554,0.8,1.0,0.8,1.0,1.0,1.0,0.97897863472312,0.64,1.0,0.64,1.0,1.0,1.0,0.97897863472312,0.5333333333333333,1.0,0.5333333333333333,1.0,1.0,1.0,0.97897863472312,0.45714285714285713,1.0,0.45714285714285713,1.0,1.0,1.0,0.97897863472312,0.4,1.0,0.4,1.0,1.0,1.0,0.97897863472312,0.35555555555555557,1.0,0.35555555555555557,1.0,1.0,1.0,0.97897863472312,0.32,1.0,0.32,1.0,1.0,1.0,0.97897863472312,mini_l12-dj_adpt,1,webtable-la2m_nopca-v=12-distilroberta-dj_adpt~qwen3_8b-dj_adpt
practice_reference_a.pq,1.0,0.06666666666666667,1.0,0.06666666666666667,1.0,1.0,0.06666666666666667,1.0,0.3333333333333333,1.0,0.3333333333333333,1.0,1.0,0.3333333333333333,1.0,0.6666666666666666,1.0,0.6666666666666666,1.0,1.0,0.6666666666666666,1.0,1.0,1.0,1.0,1.0,1.0,1.0,0.75,1.0,0.75,1.0,1.0,1.0,1.0,0.6,1.0,0.6,1.0,1.0,1.0,1.0,0.5,1.0,0.5,1.0,1.0,1.0,1.0,0.42857142857142855,1.0,0.42857142857142855,1.0,1.0,1.0,1.0,0.375,1.0,0.375,1.0,1.0,1.0,1.0,0.3333333333333333,1.0,0.3333333333333333,1.0,1.0,1.0,1.0,0.3,1.0,0.3,1.0,1.0,1.0,1.0,mini_l12-dj_adpt,1,webtable-la2m_nopca-v=12-distilroberta-dj_adpt~qwen3_8b-dj_adpt
lane_description_a.pq,1.0,0.0625,1.0,0.0625,1.0,1.0,0.0625,1.0,0.3125,1.0,0.3125,1.0,1.0,0.3125,1.0,0.625,1.0,0.625,1.0,1.0,0.625,1.0,0.9375,1.0,0.9375,1.0,1.0,0.9375,0.8,1.0,0.8,1.0,1.0,1.0,1.0,0.64,1.0,0.64,1.0,1.0,1.0,1.0,0.5333333333333333,1.0,0.5333333333333333,1.0,1.0,1.0,1.0,0.45714285714285713,1.0,0.45714285714285713,1.0,1.0,1.0,1.0,0.4,1.0,0.4,1.0,1.0,1.0,1.0,0.35555555555555557,1.0,0.35555555555555557,1.0,1.0,1.0,1.0,0.32,1.0,0.32,1.0,1.0,1.0,1.0,mini_l12-dj_adpt,1,webtable-la2m_nopca-v=12-distilroberta-dj_adpt~qwen3_8b-dj_adpt
data_mill_a.pq,1.0,0.07142857142857142,1.0,0.07142857142857142,1.0,1.0,0.07142857142857142,0.6,0.21428571428571427,1.0,0.35714285714285715,1.0,1.0,0.18571428571428572,0.5,0.35714285714285715,1.0,0.7142857142857143,1.0,1.0,0.26904761904761904,0.5333333333333333,0.5714285714285714,0.9333333333333333,1.0,1.0,1.0,0.3758241758241758,0.45,0.6428571428571429,0.7,1.0,1.0,1.0,0.4160027472527473,0.48,0.8571428571428571,0.56,1.0,1.0,1.0,0.5183460561177953,0.4,0.8571428571428571,0.4666666666666667,1.0,1.0,1.0,0.5183460561177953,0.34285714285714286,0.8571428571428571,0.4,1.0,1.0,1.0,0.5183460561177953,0.3,0.8571428571428571,0.35,1.0,1.0,1.0,0.5183460561177953,0.3111111111111111,1.0,0.3111111111111111,1.0,1.0,1.0,0.5637107136086986,0.28,1.0,0.28,1.0,1.0,1.0,0.5637107136086986,mini_l12-dj_adpt,1,webtable-la2m_nopca-v=12-distilroberta-dj_adpt~qwen3_8b-dj_adpt
contributors_parties_a.pq,1.0,0.047619047619047616,1.0,0.047619047619047616,1.0,1.0,0.047619047619047616,1.0,0.23809523809523808,1.0,0.23809523809523808,1.0,1.0,0.23809523809523808,1.0,0.47619047619047616,1.0,0.47619047619047616,1.0,1.0,0.47619047619047616,1.0,0.7142857142857143,1.0,0.7142857142857143,1.0,1.0,0.7142857142857143,1.0,0.9523809523809523,1.0,0.9523809523809523,1.0,1.0,0.9523809523809523,0.84,1.0,0.84,1.0,1.0,1.0,1.0,0.7,1.0,0.7,1.0,1.0,1.0,1.0,0.6,1.0,0.6,1.0,1.0,1.0,1.0,0.525,1.0,0.525,1.0,1.0,1.0,1.0,0.4666666666666667,1.0,0.4666666666666667,1.0,1.0,1.0,1.0,0.42,1.0,0.42,1.0,1.0,1.0,1.0,mini_l12-dj_adpt,1,webtable-la2m_nopca-v=12-distilroberta-dj_adpt~qwen3_8b-dj_adpt
biodiversity_a.pq,1.0,0.09090909090909091,1.0,0.09090909090909091,1.0,1.0,0.09090909090909091,1.0,0.45454545454545453,1.0,0.45454545454545453,1.0,1.0,0.45454545454545453,0.9,0.8181818181818182,1.0,0.9090909090909091,1.0,1.0,0.8090909090909091,0.6,0.8181818181818182,0.7333333333333333,1.0,1.0,1.0,0.8090909090909091,0.45,0.8181818181818182,0.55,1.0,1.0,1.0,0.8090909090909091,0.36,0.8181818181818182,0.44,1.0,1.0,1.0,0.8090909090909091,0.3,0.8181818181818182,0.36666666666666664,1.0,1.0,1.0,0.8090909090909091,0.2571428571428571,0.8181818181818182,0.3142857142857143,1.0,1.0,1.0,0.8090909090909091,0.225,0.8181818181818182,0.275,1.0,1.0,1.0,0.8090909090909091,0.2222222222222222,0.9090909090909091,0.24444444444444444,1.0,1.0,1.0,0.8312638580931264,0.2,0.9090909090909091,0.22,1.0,1.0,1.0,0.8312638580931264,mini_l12-dj_adpt,1,webtable-la2m_nopca-v=12-distilroberta-dj_adpt~qwen3_8b-dj_adpt
ipopayments_b.pq,1.0,0.06666666666666667,1.0,0.06666666666666667,1.0,1.0,0.06666666666666667,1.0,0.3333333333333333,1.0,0.3333333333333333,1.0,1.0,0.3333333333333333,0.9,0.6,1.0,0.6666666666666666,1.0,1.0,0.6,0.7333333333333333,0.7333333333333333,1.0,1.0,1.0,1.0,0.7036630036630036,0.6,0.8,0.75,1.0,1.0,1.0,0.7436630036630036,0.52,0.8666666666666667,0.6,1.0,1.0,1.0,0.784932844932845,0.4666666666666667,0.9333333333333333,0.5,1.0,1.0,1.0,0.8160439560439561,0.42857142857142855,1.0,0.42857142857142855,1.0,1.0,1.0,0.8472939560439561,0.375,1.0,0.375,1.0,1.0,1.0,0.8472939560439561,0.3333333333333333,1.0,0.3333333333333333,1.0,1.0,1.0,0.8472939560439561,0.3,1.0,0.3,1.0,1.0,1.0,0.8472939560439561,mini_l12-dj_adpt,1,webtable-la2m_nopca-v=12-distilroberta-dj_adpt~qwen3_8b-dj_adpt
new_york_city_restaurant_inspection_results_a.pq,1.0,0.03225806451612903,1.0,0.03225806451612903,1.0,1.0,0.03225806451612903,1.0,0.16129032258064516,1.0,0.16129032258064516,1.0,1.0,0.16129032258064516,1.0,0.3225806451612903,1.0,0.3225806451612903,1.0,1.0,0.3225806451612903,0.9333333333333333,0.45161290322580644,1.0,0.4838709677419355,1.0,1.0,0.44467682854779633,0.95,0.6129032258064516,1.0,0.6451612903225806,1.0,1.0,0.5969506780989353,0.96,0.7741935483870968,1.0,0.8064516129032258,1.0,1.0,0.7512016935631346,0.8333333333333334,0.8064516129032258,1.0,0.967741935483871,1.0,1.0,0.7822190632901816,0.8,0.9032258064516129,0.8857142857142857,1.0,1.0,1.0,0.8590576579655885,0.75,0.967741935483871,0.775,1.0,1.0,1.0,0.9111985084935358,0.6666666666666666,0.967741935483871,0.6888888888888889,1.0,1.0,1.0,0.9111985084935358,0.62,1.0,0.62,1.0,1.0,1.0,0.9329376389283185,mini_l12-dj_adpt,1,webtable-la2m_nopca-v=12-distilroberta-dj_adpt~qwen3_8b-dj_adpt
prescribing_b.pq,1.0,0.06666666666666667,1.0,0.06666666666666667,1.0,1.0,0.06666666666666667,1.0,0.3333333333333333,1.0,0.3333333333333333,1.0,1.0,0.3333333333333333,1.0,0.6666666666666666,1.0,0.6666666666666666,1.0,1.0,0.6666666666666666,0.8,0.8,1.0,1.0,1.0,1.0,0.7866666666666667,0.75,1.0,0.75,1.0,1.0,1.0,0.9512908496732027,0.6,1.0,0.6,1.0,1.0,1.0,0.9512908496732027,0.5,1.0,0.5,1.0,1.0,1.0,0.9512908496732027,0.42857142857142855,1.0,0.42857142857142855,1.0,1.0,1.0,0.9512908496732027,0.375,1.0,0.375,1.0,1.0,1.0,0.9512908496732027,0.3333333333333333,1.0,0.3333333333333333,1.0,1.0,1.0,0.9512908496732027,0.3,1.0,0.3,1.0,1.0,1.0,0.9512908496732027,mini_l12-dj_adpt,1,webtable-la2m_nopca-v=12-distilroberta-dj_adpt~qwen3_8b-dj_adpt
psyckes_antipsychotic_polypharmacy_quality_indicators_beginning_2012_a.pq,1.0,0.09090909090909091,1.0,0.09090909090909091,1.0,1.0,0.09090909090909091,1.0,0.45454545454545453,1.0,0.45454545454545453,1.0,1.0,0.45454545454545453,1.0,0.9090909090909091,1.0,0.9090909090909091,1.0,1.0,0.9090909090909091,0.7333333333333333,1.0,0.7333333333333333,1.0,1.0,1.0,1.0,0.55,1.0,0.55,1.0,1.0,1.0,1.0,0.44,1.0,0.44,1.0,1.0,1.0,1.0,0.36666666666666664,1.0,0.36666666666666664,1.0,1.0,1.0,1.0,0.3142857142857143,1.0,0.3142857142857143,1.0,1.0,1.0,1.0,0.275,1.0,0.275,1.0,1.0,1.0,1.0,0.24444444444444444,1.0,0.24444444444444444,1.0,1.0,1.0,1.0,0.22,1.0,0.22,1.0,1.0,1.0,1.0,mini_l12-dj_adpt,1,webtable-la2m_nopca-v=12-distilroberta-dj_adpt~qwen3_8b-dj_adpt
lane_description_b.pq,1.0,0.0625,1.0,0.0625,1.0,1.0,0.0625,1.0,0.3125,1.0,0.3125,1.0,1.0,0.3125,0.9,0.5625,1.0,0.625,1.0,1.0,0.5493055555555556,0.9333333333333333,0.875,1.0,0.9375,1.0,1.0,0.8374767593517594,0.8,1.0,0.8,1.0,1.0,1.0,0.9548940387635241,0.64,1.0,0.64,1.0,1.0,1.0,0.9548940387635241,0.5333333333333333,1.0,0.5333333333333333,1.0,1.0,1.0,0.9548940387635241,0.45714285714285713,1.0,0.45714285714285713,1.0,1.0,1.0,0.9548940387635241,0.4,1.0,0.4,1.0,1.0,1.0,0.9548940387635241,0.35555555555555557,1.0,0.35555555555555557,1.0,1.0,1.0,0.9548940387635241,0.32,1.0,0.32,1.0,1.0,1.0,0.9548940387635241,mini_l12-dj_adpt,1,webtable-la2m_nopca-v=12-distilroberta-dj_adpt~qwen3_8b-dj_adpt
311_calls_historic_data_a.pq,1.0,0.09090909090909091,1.0,0.09090909090909091,1.0,1.0,0.09090909090909091,0.6,0.2727272727272727,1.0,0.45454545454545453,1.0,1.0,0.19090909090909092,0.8,0.7272727272727273,1.0,0.9090909090909091,1.0,1.0,0.528066378066378,0.7333333333333333,1.0,0.7333333333333333,1.0,1.0,1.0,0.7551271960362869,0.55,1.0,0.55,1.0,1.0,1.0,0.7551271960362869,0.44,1.0,0.44,1.0,1.0,1.0,0.7551271960362869,0.36666666666666664,1.0,0.36666666666666664,1.0,1.0,1.0,0.7551271960362869,0.3142857142857143,1.0,0.3142857142857143,1.0,1.0,1.0,0.7551271960362869,0.275,1.0,0.275,1.0,1.0,1.0,0.7551271960362869,0.24444444444444444,1.0,0.24444444444444444,1.0,1.0,1.0,0.7551271960362869,0.22,1.0,0.22,1.0,1.0,1.0,0.7551271960362869,mini_l12-dj_adpt,1,webtable-la2m_nopca-v=12-distilroberta-dj_adpt~qwen3_8b-dj_adpt
contributors_parties_b.pq,1.0,0.047619047619047616,1.0,0.047619047619047616,1.0,1.0,0.047619047619047616,1.0,0.23809523809523808,1.0,0.23809523809523808,1.0,1.0,0.23809523809523808,1.0,0.47619047619047616,1.0,0.47619047619047616,1.0,1.0,0.47619047619047616,0.8666666666666667,0.6190476190476191,1.0,0.7142857142857143,1.0,1.0,0.6190476190476191,0.75,0.7142857142857143,1.0,0.9523809523809523,1.0,1.0,0.6936786410470621,0.6,0.7142857142857143,0.84,1.0,1.0,1.0,0.6936786410470621,0.5,0.7142857142857143,0.7,1.0,1.0,1.0,0.6936786410470621,0.42857142857142855,0.7142857142857143,0.6,1.0,1.0,1.0,0.6936786410470621,0.375,0.7142857142857143,0.525,1.0,1.0,1.0,0.6936786410470621,0.3333333333333333,0.7142857142857143,0.4666666666666667,1.0,1.0,1.0,0.6936786410470621,0.32,0.7619047619047619,0.42,1.0,1.0,1.0,0.7089167362851574,mini_l12-dj_adpt,1,webtable-la2m_nopca-v=12-distilroberta-dj_adpt~qwen3_8b-dj_adpt
practice_reference_b.pq,1.0,0.06666666666666667,1.0,0.06666666666666667,1.0,1.0,0.06666666666666667,1.0,0.3333333333333333,1.0,0.3333333333333333,1.0,1.0,0.3333333333333333,1.0,0.6666666666666666,1.0,0.6666666666666666,1.0,1.0,0.6666666666666666,1.0,1.0,1.0,1.0,1.0,1.0,1.0,0.75,1.0,0.75,1.0,1.0,1.0,1.0,0.6,1.0,0.6,1.0,1.0,1.0,1.0,0.5,1.0,0.5,1.0,1.0,1.0,1.0,0.42857142857142855,1.0,0.42857142857142855,1.0,1.0,1.0,1.0,0.375,1.0,0.375,1.0,1.0,1.0,1.0,0.3333333333333333,1.0,0.3333333333333333,1.0,1.0,1.0,1.0,0.3,1.0,0.3,1.0,1.0,1.0,1.0,mini_l12-dj_adpt,1,webtable-la2m_nopca-v=12-distilroberta-dj_adpt~qwen3_8b-dj_adpt
purchasing_card_a.pq,1.0,0.07692307692307693,1.0,0.07692307692307693,1.0,1.0,0.07692307692307693,1.0,0.38461538461538464,1.0,0.38461538461538464,1.0,1.0,0.38461538461538464,0.9,0.6923076923076923,1.0,0.7692307692307693,1.0,1.0,0.6664529914529915,0.7333333333333333,0.8461538461538461,0.8666666666666667,1.0,1.0,1.0,0.8068958818958818,0.6,0.9230769230769231,0.65,1.0,1.0,1.0,0.8581779331779332,0.52,1.0,0.52,1.0,1.0,1.0,0.9016561940474984,0.43333333333333335,1.0,0.43333333333333335,1.0,1.0,1.0,0.9016561940474984,0.37142857142857144,1.0,0.37142857142857144,1.0,1.0,1.0,0.9016561940474984,0.325,1.0,0.325,1.0,1.0,1.0,0.9016561940474984,0.28888888888888886,1.0,0.28888888888888886,1.0,1.0,1.0,0.9016561940474984,0.26,1.0,0.26,1.0,1.0,1.0,0.9016561940474984,mini_l12-dj_adpt,1,webtable-la2m_nopca-v=12-distilroberta-dj_adpt~qwen3_8b-dj_adpt
stockport_contracts_b.pq,1.0,0.07692307692307693,1.0,0.07692307692307693,1.0,1.0,0.07692307692307693,0.8,0.3076923076923077,1.0,0.38461538461538464,1.0,1.0,0.3076923076923077,0.9,0.6923076923076923,1.0,0.7692307692307693,1.0,1.0,0.6426434676434677,0.7333333333333333,0.8461538461538461,0.8666666666666667,1.0,1.0,1.0,0.7622546257161642,0.6,0.9230769230769231,0.65,1.0,1.0,1.0,0.8199469334084719,0.52,1.0,0.52,1.0,1.0,1.0,0.8616136000751384,0.43333333333333335,1.0,0.43333333333333335,1.0,1.0,1.0,0.8616136000751384,0.37142857142857144,1.0,0.37142857142857144,1.0,1.0,1.0,0.8616136000751384,0.325,1.0,0.325,1.0,1.0,1.0,0.8616136000751384,0.28888888888888886,1.0,0.28888888888888886,1.0,1.0,1.0,0.8616136000751384,0.26,1.0,0.26,1.0,1.0,1.0,0.8616136000751384,mini_l12-dj_adpt,1,webtable-la2m_nopca-v=12-distilroberta-dj_adpt~qwen3_8b-dj_adpt
time_spent_watching_vcr_movies_a.pq,1.0,0.09090909090909091,1.0,0.09090909090909091,1.0,1.0,0.09090909090909091,0.2,0.09090909090909091,1.0,0.45454545454545453,1.0,1.0,0.09090909090909091,0.4,0.36363636363636365,1.0,0.9090909090909091,1.0,1.0,0.1913780663780664,0.26666666666666666,0.36363636363636365,0.7333333333333333,1.0,1.0,1.0,0.1913780663780664,0.2,0.36363636363636365,0.55,1.0,1.0,1.0,0.1913780663780664,0.28,0.6363636363636364,0.44,1.0,1.0,1.0,0.25932273040968695,0.23333333333333334,0.6363636363636364,0.36666666666666664,1.0,1.0,1.0,0.25932273040968695,0.2571428571428571,0.8181818181818182,0.3142857142857143,1.0,1.0,1.0,0.3061141742599543,0.275,1.0,0.275,1.0,1.0,1.0,0.3570077251535052,0.24444444444444444,1.0,0.24444444444444444,1.0,1.0,1.0,0.3570077251535052,0.22,1.0,0.22,1.0,1.0,1.0,0.3570077251535052,mini_l12-dj_adpt,1,webtable-la2m_nopca-v=12-distilroberta-dj_adpt~qwen3_8b-dj_adpt
film_locations_in_san_francisco_a.pq,1.0,0.07692307692307693,1.0,0.07692307692307693,1.0,1.0,0.07692307692307693,0.8,0.3076923076923077,1.0,0.38461538461538464,1.0,1.0,0.24743589743589745,0.9,0.6923076923076923,1.0,0.7692307692307693,1.0,1.0,0.5823870573870574,0.8666666666666667,1.0,0.8666666666666667,1.0,1.0,1.0,0.8652644364182825,0.65,1.0,0.65,1.0,1.0,1.0,0.8652644364182825,0.52,1.0,0.52,1.0,1.0,1.0,0.8652644364182825,0.43333333333333335,1.0,0.43333333333333335,1.0,1.0,1.0,0.8652644364182825,0.37142857142857144,1.0,0.37142857142857144,1.0,1.0,1.0,0.8652644364182825,0.325,1.0,0.325,1.0,1.0,1.0,0.8652644364182825,0.28888888888888886,1.0,0.28888888888888886,1.0,1.0,1.0,0.8652644364182825,0.26,1.0,0.26,1.0,1.0,1.0,0.8652644364182825,mini_l12-dj_adpt,1,webtable-la2m_nopca-v=12-distilroberta-dj_adpt~qwen3_8b-dj_adpt
monthly_data_feed_b.pq,1.0,0.07692307692307693,1.0,0.07692307692307693,1.0,1.0,0.07692307692307693,0.6,0.23076923076923078,1.0,0.38461538461538464,1.0,1.0,0.23076923076923078,0.5,0.38461538461538464,1.0,0.7692307692307693,1.0,1.0,0.30341880341880345,0.6666666666666666,0.7692307692307693,0.8666666666666667,1.0,1.0,1.0,0.5383185190877499,0.65,1.0,0.65,1.0,1.0,1.0,0.7010573325618575,0.52,1.0,0.52,1.0,1.0,1.0,0.7010573325618575,0.43333333333333335,1.0,0.43333333333333335,1.0,1.0,1.0,0.7010573325618575,0.37142857142857144,1.0,0.37142857142857144,1.0,1.0,1.0,0.7010573325618575,0.325,1.0,0.325,1.0,1.0,1.0,0.7010573325618575,0.28888888888888886,1.0,0.28888888888888886,1.0,1.0,1.0,0.7010573325618575,0.26,1.0,0.26,1.0,1.0,1.0,0.7010573325618575,mini_l12-dj_adpt,1,webtable-la2m_nopca-v=12-distilroberta-dj_adpt~qwen3_8b-dj_adpt
tuition_assistance_program_tap_recipients_a.pq,1.0,0.09090909090909091,1.0,0.09090909090909091,1.0,1.0,0.09090909090909091,0.2,0.09090909090909091,1.0,0.45454545454545453,1.0,1.0,0.09090909090909091,0.1,0.09090909090909091,1.0,0.9090909090909091,1.0,1.0,0.09090909090909091,0.2,0.2727272727272727,0.7333333333333333,1.0,1.0,1.0,0.12207792207792209,0.4,0.7272727272727273,0.55,1.0,1.0,1.0,0.27170265235280716,0.44,1.0,0.44,1.0,1.0,1.0,0.3954642662329981,0.36666666666666664,1.0,0.36666666666666664,1.0,1.0,1.0,0.3954642662329981,0.3142857142857143,1.0,0.3142857142857143,1.0,1.0,1.0,0.3954642662329981,0.275,1.0,0.275,1.0,1.0,1.0,0.3954642662329981,0.24444444444444444,1.0,0.24444444444444444,1.0,1.0,1.0,0.3954642662329981,0.22,1.0,0.22,1.0,1.0,1.0,0.3954642662329981,mini_l12-dj_adpt,1,webtable-la2m_nopca-v=12-distilroberta-dj_adpt~qwen3_8b-dj_adpt
complaint_by_practice_b.pq,1.0,0.07692307692307693,1.0,0.07692307692307693,1.0,1.0,0.07692307692307693,1.0,0.38461538461538464,1.0,0.38461538461538464,1.0,1.0,0.38461538461538464,1.0,0.7692307692307693,1.0,0.7692307692307693,1.0,1.0,0.7692307692307693,0.8666666666666667,1.0,0.8666666666666667,1.0,1.0,1.0,1.0,0.65,1.0,0.65,1.0,1.0,1.0,1.0,0.52,1.0,0.52,1.0,1.0,1.0,1.0,0.43333333333333335,1.0,0.43333333333333335,1.0,1.0,1.0,1.0,0.37142857142857144,1.0,0.37142857142857144,1.0,1.0,1.0,1.0,0.325,1.0,0.325,1.0,1.0,1.0,1.0,0.28888888888888886,1.0,0.28888888888888886,1.0,1.0,1.0,1.0,0.26,1.0,0.26,1.0,1.0,1.0,1.0,mini_l12-dj_adpt,1,webtable-la2m_nopca-v=12-distilroberta-dj_adpt~qwen3_8b-dj_adpt
cihr_co-applicant_a.pq,1.0,0.08333333333333333,1.0,0.08333333333333333,1.0,1.0,0.08333333333333333,0.8,0.3333333333333333,1.0,0.4166666666666667,1.0,1.0,0.3333333333333333,0.4,0.3333333333333333,1.0,0.8333333333333334,1.0,1.0,0.3333333333333333,0.4,0.5,0.8,1.0,1.0,1.0,0.3964285714285714,0.55,0.9166666666666666,0.6,1.0,1.0,1.0,0.6034622401592216,0.48,1.0,0.48,1.0,1.0,1.0,0.6510812877782692,0.4,1.0,0.4,1.0,1.0,1.0,0.6510812877782692,0.34285714285714286,1.0,0.34285714285714286,1.0,1.0,1.0,0.6510812877782692,0.3,1.0,0.3,1.0,1.0,1.0,0.6510812877782692,0.26666666666666666,1.0,0.26666666666666666,1.0,1.0,1.0,0.6510812877782692,0.24,1.0,0.24,1.0,1.0,1.0,0.6510812877782692,mini_l12-dj_adpt,1,webtable-la2m_nopca-v=12-distilroberta-dj_adpt~qwen3_8b-dj_adpt
mines_a.pq,1.0,0.07142857142857142,1.0,0.07142857142857142,1.0,1.0,0.07142857142857142,1.0,0.35714285714285715,1.0,0.35714285714285715,1.0,1.0,0.35714285714285715,0.5,0.35714285714285715,1.0,0.7142857142857143,1.0,1.0,0.35714285714285715,0.3333333333333333,0.35714285714285715,0.9333333333333333,1.0,1.0,1.0,0.35714285714285715,0.3,0.42857142857142855,0.7,1.0,1.0,1.0,0.37857142857142856,0.36,0.6428571428571429,0.56,1.0,1.0,1.0,0.4563052889139846,0.3333333333333333,0.7142857142857143,0.4666666666666667,1.0,1.0,1.0,0.48377781638651207,0.3142857142857143,0.7857142857142857,0.4,1.0,1.0,1.0,0.5083313878150835,0.3,0.8571428571428571,0.35,1.0,1.0,1.0,0.5297599592436549,0.28888888888888886,0.9285714285714286,0.3111111111111111,1.0,1.0,1.0,0.5524080428673482,0.26,0.9285714285714286,0.28,1.0,1.0,1.0,0.5524080428673482,mini_l12-dj_adpt,1,webtable-la2m_nopca-v=12-distilroberta-dj_adpt~qwen3_8b-dj_adpt
wholesale_markets_a.pq,1.0,0.09090909090909091,1.0,0.09090909090909091,1.0,1.0,0.09090909090909091,0.2,0.09090909090909091,1.0,0.45454545454545453,1.0,1.0,0.09090909090909091,0.1,0.09090909090909091,1.0,0.9090909090909091,1.0,1.0,0.09090909090909091,0.06666666666666667,0.09090909090909091,0.7333333333333333,1.0,1.0,1.0,0.09090909090909091,0.05,0.09090909090909091,0.55,1.0,1.0,1.0,0.09090909090909091,0.04,0.09090909090909091,0.44,1.0,1.0,1.0,0.09090909090909091,0.03333333333333333,0.09090909090909091,0.36666666666666664,1.0,1.0,1.0,0.09090909090909091,0.02857142857142857,0.09090909090909091,0.3142857142857143,1.0,1.0,1.0,0.09090909090909091,0.025,0.09090909090909091,0.275,1.0,1.0,1.0,0.09090909090909091,0.022222222222222223,0.09090909090909091,0.24444444444444444,1.0,1.0,1.0,0.09090909090909091,0.02,0.09090909090909091,0.22,1.0,1.0,1.0,0.09090909090909091,mini_l12-dj_adpt,1,webtable-la2m_nopca-v=12-distilroberta-dj_adpt~qwen3_8b-dj_adpt
animal_tag_data_b.pq,1.0,0.08333333333333333,1.0,0.08333333333333333,1.0,1.0,0.08333333333333333,1.0,0.4166666666666667,1.0,0.4166666666666667,1.0,1.0,0.4166666666666667,1.0,0.8333333333333334,1.0,0.8333333333333334,1.0,1.0,0.8333333333333334,0.6666666666666666,0.8333333333333334,0.8,1.0,1.0,1.0,0.8333333333333334,0.5,0.8333333333333334,0.6,1.0,1.0,1.0,0.8333333333333334,0.44,0.9166666666666666,0.48,1.0,1.0,1.0,0.8715277777777778,0.36666666666666664,0.9166666666666666,0.4,1.0,1.0,1.0,0.8715277777777778,0.3142857142857143,0.9166666666666666,0.34285714285714286,1.0,1.0,1.0,0.8715277777777778,0.275,0.9166666666666666,0.3,1.0,1.0,1.0,0.8715277777777778,0.24444444444444444,0.9166666666666666,0.26666666666666666,1.0,1.0,1.0,0.8715277777777778,0.22,0.9166666666666666,0.24,1.0,1.0,1.0,0.8715277777777778,mini_l12-dj_adpt,1,webtable-la2m_nopca-v=12-distilroberta-dj_adpt~qwen3_8b-dj_adpt
ipopayments_a.pq,1.0,0.06666666666666667,1.0,0.06666666666666667,1.0,1.0,0.06666666666666667,1.0,0.3333333333333333,1.0,0.3333333333333333,1.0,1.0,0.3333333333333333,0.9,0.6,1.0,0.6666666666666666,1.0,1.0,0.6,0.6666666666666666,0.6666666666666666,1.0,1.0,1.0,1.0,0.6606060606060605,0.6,0.8,0.75,1.0,1.0,1.0,0.7392025518341307,0.52,0.8666666666666667,0.6,1.0,1.0,1.0,0.7768837112544206,0.4666666666666667,0.9333333333333333,0.5,1.0,1.0,1.0,0.8114516124889886,0.42857142857142855,1.0,0.42857142857142855,1.0,1.0,1.0,0.8417546427920188,0.375,1.0,0.375,1.0,1.0,1.0,0.8417546427920188,0.3333333333333333,1.0,0.3333333333333333,1.0,1.0,1.0,0.8417546427920188,0.3,1.0,0.3,1.0,1.0,1.0,0.8417546427920188,mini_l12-dj_adpt,1,webtable-la2m_nopca-v=12-distilroberta-dj_adpt~qwen3_8b-dj_adpt
workforce_management_information_a.pq,1.0,0.05555555555555555,1.0,0.05555555555555555,1.0,1.0,0.05555555555555555,1.0,0.2777777777777778,1.0,0.2777777777777778,1.0,1.0,0.2777777777777778,1.0,0.5555555555555556,1.0,0.5555555555555556,1.0,1.0,0.5555555555555556,0.8666666666666667,0.7222222222222222,1.0,0.8333333333333334,1.0,1.0,0.7222222222222222,0.65,0.7222222222222222,0.9,1.0,1.0,1.0,0.7222222222222222,0.52,0.7222222222222222,0.72,1.0,1.0,1.0,0.7222222222222222,0.43333333333333335,0.7222222222222222,0.6,1.0,1.0,1.0,0.7222222222222222,0.42857142857142855,0.8333333333333334,0.5142857142857142,1.0,1.0,1.0,0.7696007696007696,0.375,0.8333333333333334,0.45,1.0,1.0,1.0,0.7696007696007696,0.3333333333333333,0.8333333333333334,0.4,1.0,1.0,1.0,0.7696007696007696,0.3,0.8333333333333334,0.36,1.0,1.0,1.0,0.7696007696007696,mini_l12-dj_adpt,1,webtable-la2m_nopca-v=12-distilroberta-dj_adpt~qwen3_8b-dj_adpt
stockport_contracts_a.pq,1.0,0.07692307692307693,1.0,0.07692307692307693,1.0,1.0,0.07692307692307693,0.6,0.23076923076923078,1.0,0.38461538461538464,1.0,1.0,0.23076923076923078,0.7,0.5384615384615384,1.0,0.7692307692307693,1.0,1.0,0.42793040293040296,0.7333333333333333,0.8461538461538461,0.8666666666666667,1.0,1.0,1.0,0.6484842080995926,0.6,0.9230769230769231,0.65,1.0,1.0,1.0,0.7061765157919003,0.48,0.9230769230769231,0.52,1.0,1.0,1.0,0.7061765157919003,0.4,0.9230769230769231,0.43333333333333335,1.0,1.0,1.0,0.7061765157919003,0.34285714285714286,0.9230769230769231,0.37142857142857144,1.0,1.0,1.0,0.7061765157919003,0.3,0.9230769230769231,0.325,1.0,1.0,1.0,0.7061765157919003,0.28888888888888886,1.0,0.28888888888888886,1.0,1.0,1.0,0.7305667596943395,0.26,1.0,0.26,1.0,1.0,1.0,0.7305667596943395,mini_l12-dj_adpt,1,webtable-la2m_nopca-v=12-distilroberta-dj_adpt~qwen3_8b-dj_adpt
deaths_2012_2018_a.pq,1.0,0.09090909090909091,1.0,0.09090909090909091,1.0,1.0,0.09090909090909091,1.0,0.45454545454545453,1.0,0.45454545454545453,1.0,1.0,0.45454545454545453,1.0,0.9090909090909091,1.0,0.9090909090909091,1.0,1.0,0.9090909090909091,0.7333333333333333,1.0,0.7333333333333333,1.0,1.0,1.0,0.9924242424242423,0.55,1.0,0.55,1.0,1.0,1.0,0.9924242424242423,0.44,1.0,0.44,1.0,1.0,1.0,0.9924242424242423,0.36666666666666664,1.0,0.36666666666666664,1.0,1.0,1.0,0.9924242424242423,0.3142857142857143,1.0,0.3142857142857143,1.0,1.0,1.0,0.9924242424242423,0.275,1.0,0.275,1.0,1.0,1.0,0.9924242424242423,0.24444444444444444,1.0,0.24444444444444444,1.0,1.0,1.0,0.9924242424242423,0.22,1.0,0.22,1.0,1.0,1.0,0.9924242424242423,mini_l12-dj_adpt,1,webtable-la2m_nopca-v=12-distilroberta-dj_adpt~qwen3_8b-dj_adpt
immigration_records_a.pq,1.0,0.0625,1.0,0.0625,1.0,1.0,0.0625,0.2,0.0625,1.0,0.3125,1.0,1.0,0.0625,0.1,0.0625,1.0,0.625,1.0,1.0,0.0625,0.2,0.1875,1.0,0.9375,1.0,1.0,0.0872564935064935,0.4,0.5,0.8,1.0,1.0,1.0,0.190123495570477,0.44,0.6875,0.64,1.0,1.0,1.0,0.27520960511310827,0.5,0.9375,0.5333333333333333,1.0,1.0,1.0,0.39342765382684663,0.42857142857142855,0.9375,0.45714285714285713,1.0,1.0,1.0,0.39342765382684663,0.4,1.0,0.4,1.0,1.0,1.0,0.41974344330053087,0.35555555555555557,1.0,0.35555555555555557,1.0,1.0,1.0,0.41974344330053087,0.32,1.0,0.32,1.0,1.0,1.0,0.41974344330053087,mini_l12-dj_adpt,1,webtable-la2m_nopca-v=12-distilroberta-dj_adpt~qwen3_8b-dj_adpt
animal_tag_data_a.pq,1.0,0.08333333333333333,1.0,0.08333333333333333,1.0,1.0,0.08333333333333333,0.2,0.08333333333333333,1.0,0.4166666666666667,1.0,1.0,0.08333333333333333,0.1,0.08333333333333333,1.0,0.8333333333333334,1.0,1.0,0.08333333333333333,0.3333333333333333,0.4166666666666667,0.8,1.0,1.0,1.0,0.16804029304029303,0.35,0.5833333333333334,0.6,1.0,1.0,1.0,0.2284569597069597,0.28,0.5833333333333334,0.48,1.0,1.0,1.0,0.2284569597069597,0.23333333333333334,0.5833333333333334,0.4,1.0,1.0,1.0,0.2284569597069597,0.2,0.5833333333333334,0.34285714285714286,1.0,1.0,1.0,0.2284569597069597,0.175,0.5833333333333334,0.3,1.0,1.0,1.0,0.2284569597069597,0.17777777777777778,0.6666666666666666,0.26666666666666666,1.0,1.0,1.0,0.2447171223085857,0.22,0.9166666666666666,0.24,1.0,1.0,1.0,0.29674316322140476,mini_l12-dj_adpt,1,webtable-la2m_nopca-v=12-distilroberta-dj_adpt~qwen3_8b-dj_adpt
business_rates_a.pq,1.0,0.08333333333333333,1.0,0.08333333333333333,1.0,1.0,0.08333333333333333,1.0,0.4166666666666667,1.0,0.4166666666666667,1.0,1.0,0.4166666666666667,1.0,0.8333333333333334,1.0,0.8333333333333334,1.0,1.0,0.8333333333333334,0.8,1.0,0.8,1.0,1.0,1.0,1.0,0.6,1.0,0.6,1.0,1.0,1.0,1.0,0.48,1.0,0.48,1.0,1.0,1.0,1.0,0.4,1.0,0.4,1.0,1.0,1.0,1.0,0.34285714285714286,1.0,0.34285714285714286,1.0,1.0,1.0,1.0,0.3,1.0,0.3,1.0,1.0,1.0,1.0,0.26666666666666666,1.0,0.26666666666666666,1.0,1.0,1.0,1.0,0.24,1.0,0.24,1.0,1.0,1.0,1.0,mini_l12-dj_adpt,1,webtable-la2m_nopca-v=12-distilroberta-dj_adpt~qwen3_8b-dj_adpt
purchasing_card_a.pq,1.0,0.07692307692307693,1.0,0.07692307692307693,1.0,1.0,0.07692307692307693,1.0,0.38461538461538464,1.0,0.38461538461538464,1.0,1.0,0.38461538461538464,0.9,0.6923076923076923,1.0,0.7692307692307693,1.0,1.0,0.6664529914529915,0.8666666666666667,1.0,0.8666666666666667,1.0,1.0,1.0,0.9493303704842166,0.65,1.0,0.65,1.0,1.0,1.0,0.9493303704842166,0.52,1.0,0.52,1.0,1.0,1.0,0.9493303704842166,0.43333333333333335,1.0,0.43333333333333335,1.0,1.0,1.0,0.9493303704842166,0.37142857142857144,1.0,0.37142857142857144,1.0,1.0,1.0,0.9493303704842166,0.325,1.0,0.325,1.0,1.0,1.0,0.9493303704842166,0.28888888888888886,1.0,0.28888888888888886,1.0,1.0,1.0,0.9493303704842166,0.26,1.0,0.26,1.0,1.0,1.0,0.9493303704842166,mini_l6-dj_adpt,2,webtable-la2m_nopca-v=12-distilroberta-dj_adpt~qwen3_8b-dj_adpt
stockport_contracts_b.pq,1.0,0.07692307692307693,1.0,0.07692307692307693,1.0,1.0,0.07692307692307693,0.6,0.23076923076923078,1.0,0.38461538461538464,1.0,1.0,0.23076923076923078,0.6,0.46153846153846156,1.0,0.7692307692307693,1.0,1.0,0.3882783882783883,0.4666666666666667,0.5384615384615384,0.8666666666666667,1.0,1.0,1.0,0.42417582417582417,0.55,0.8461538461538461,0.65,1.0,1.0,1.0,0.5906308002283235,0.48,0.9230769230769231,0.52,1.0,1.0,1.0,0.6325888421863654,0.43333333333333335,1.0,0.43333333333333335,1.0,1.0,1.0,0.6696258792234023,0.37142857142857144,1.0,0.37142857142857144,1.0,1.0,1.0,0.6696258792234023,0.325,1.0,0.325,1.0,1.0,1.0,0.6696258792234023,0.28888888888888886,1.0,0.28888888888888886,1.0,1.0,1.0,0.6696258792234023,0.26,1.0,0.26,1.0,1.0,1.0,0.6696258792234023,mini_l6-dj_adpt,2,webtable-la2m_nopca-v=12-distilroberta-dj_adpt~qwen3_8b-dj_adpt
311_calls_historic_data_a.pq,1.0,0.09090909090909091,1.0,0.09090909090909091,1.0,1.0,0.09090909090909091,0.8,0.36363636363636365,1.0,0.45454545454545453,1.0,1.0,0.2924242424242424,0.9,0.8181818181818182,1.0,0.9090909090909091,1.0,1.0,0.6882756132756133,0.7333333333333333,1.0,0.7333333333333333,1.0,1.0,1.0,0.8542535747081202,0.55,1.0,0.55,1.0,1.0,1.0,0.8542535747081202,0.44,1.0,0.44,1.0,1.0,1.0,0.8542535747081202,0.36666666666666664,1.0,0.36666666666666664,1.0,1.0,1.0,0.8542535747081202,0.3142857142857143,1.0,0.3142857142857143,1.0,1.0,1.0,0.8542535747081202,0.275,1.0,0.275,1.0,1.0,1.0,0.8542535747081202,0.24444444444444444,1.0,0.24444444444444444,1.0,1.0,1.0,0.8542535747081202,0.22,1.0,0.22,1.0,1.0,1.0,0.8542535747081202,mini_l6-dj_adpt,2,webtable-la2m_nopca-v=12-distilroberta-dj_adpt~qwen3_8b-dj_adpt
contributors_parties_a.pq,1.0,0.047619047619047616,1.0,0.047619047619047616,1.0,1.0,0.047619047619047616,1.0,0.23809523809523808,1.0,0.23809523809523808,1.0,1.0,0.23809523809523808,1.0,0.47619047619047616,1.0,0.47619047619047616,1.0,1.0,0.47619047619047616,1.0,0.7142857142857143,1.0,0.7142857142857143,1.0,1.0,0.7142857142857143,1.0,0.9523809523809523,1.0,0.9523809523809523,1.0,1.0,0.9523809523809523,0.84,1.0,0.84,1.0,1.0,1.0,1.0,0.7,1.0,0.7,1.0,1.0,1.0,1.0,0.6,1.0,0.6,1.0,1.0,1.0,1.0,0.525,1.0,0.525,1.0,1.0,1.0,1.0,0.4666666666666667,1.0,0.4666666666666667,1.0,1.0,1.0,1.0,0.42,1.0,0.42,1.0,1.0,1.0,1.0,mini_l6-dj_adpt,2,webtable-la2m_nopca-v=12-distilroberta-dj_adpt~qwen3_8b-dj_adpt
data_mill_b.pq,1.0,0.07142857142857142,1.0,0.07142857142857142,1.0,1.0,0.07142857142857142,0.8,0.2857142857142857,1.0,0.35714285714285715,1.0,1.0,0.2714285714285714,0.9,0.6428571428571429,1.0,0.7142857142857143,1.0,1.0,0.5824546485260772,0.8666666666666667,0.9285714285714286,0.9333333333333333,1.0,1.0,1.0,0.8359951556380129,0.7,1.0,0.7,1.0,1.0,1.0,0.8984951556380129,0.56,1.0,0.56,1.0,1.0,1.0,0.8984951556380129,0.4666666666666667,1.0,0.4666666666666667,1.0,1.0,1.0,0.8984951556380129,0.4,1.0,0.4,1.0,1.0,1.0,0.8984951556380129,0.35,1.0,0.35,1.0,1.0,1.0,0.8984951556380129,0.3111111111111111,1.0,0.3111111111111111,1.0,1.0,1.0,0.8984951556380129,0.28,1.0,0.28,1.0,1.0,1.0,0.8984951556380129,mini_l6-dj_adpt,2,webtable-la2m_nopca-v=12-distilroberta-dj_adpt~qwen3_8b-dj_adpt
ydn_spending_data_a.pq,1.0,0.08333333333333333,1.0,0.08333333333333333,1.0,1.0,0.08333333333333333,0.8,0.3333333333333333,1.0,0.4166666666666667,1.0,1.0,0.3333333333333333,0.8,0.6666666666666666,1.0,0.8333333333333334,1.0,1.0,0.6211970899470899,0.7333333333333333,0.9166666666666666,0.8,1.0,1.0,1.0,0.8199344636844637,0.6,1.0,0.6,1.0,1.0,1.0,0.8754900192400191,0.48,1.0,0.48,1.0,1.0,1.0,0.8754900192400191,0.4,1.0,0.4,1.0,1.0,1.0,0.8754900192400191,0.34285714285714286,1.0,0.34285714285714286,1.0,1.0,1.0,0.8754900192400191,0.3,1.0,0.3,1.0,1.0,1.0,0.8754900192400191,0.26666666666666666,1.0,0.26666666666666666,1.0,1.0,1.0,0.8754900192400191,0.24,1.0,0.24,1.0,1.0,1.0,0.8754900192400191,mini_l6-dj_adpt,2,webtable-la2m_nopca-v=12-distilroberta-dj_adpt~qwen3_8b-dj_adpt
business_rates_a.pq,1.0,0.08333333333333333,1.0,0.08333333333333333,1.0,1.0,0.08333333333333333,1.0,0.4166666666666667,1.0,0.4166666666666667,1.0,1.0,0.4166666666666667,1.0,0.8333333333333334,1.0,0.8333333333333334,1.0,1.0,0.8333333333333334,0.8,1.0,0.8,1.0,1.0,1.0,1.0,0.6,1.0,0.6,1.0,1.0,1.0,1.0,0.48,1.0,0.48,1.0,1.0,1.0,1.0,0.4,1.0,0.4,1.0,1.0,1.0,1.0,0.34285714285714286,1.0,0.34285714285714286,1.0,1.0,1.0,1.0,0.3,1.0,0.3,1.0,1.0,1.0,1.0,0.26666666666666666,1.0,0.26666666666666666,1.0,1.0,1.0,1.0,0.24,1.0,0.24,1.0,1.0,1.0,1.0,mini_l6-dj_adpt,2,webtable-la2m_nopca-v=12-distilroberta-dj_adpt~qwen3_8b-dj_adpt
cihr_co-applicant_b.pq,1.0,0.08333333333333333,1.0,0.08333333333333333,1.0,1.0,0.08333333333333333,1.0,0.4166666666666667,1.0,0.4166666666666667,1.0,1.0,0.4166666666666667,1.0,0.8333333333333334,1.0,0.8333333333333334,1.0,1.0,0.8333333333333334,0.7333333333333333,0.9166666666666666,0.8,1.0,1.0,1.0,0.9166666666666666,0.6,1.0,0.6,1.0,1.0,1.0,0.9791666666666666,0.48,1.0,0.48,1.0,1.0,1.0,0.9791666666666666,0.4,1.0,0.4,1.0,1.0,1.0,0.9791666666666666,0.34285714285714286,1.0,0.34285714285714286,1.0,1.0,1.0,0.9791666666666666,0.3,1.0,0.3,1.0,1.0,1.0,0.9791666666666666,0.26666666666666666,1.0,0.26666666666666666,1.0,1.0,1.0,0.9791666666666666,0.24,1.0,0.24,1.0,1.0,1.0,0.9791666666666666,mini_l6-dj_adpt,2,webtable-la2m_nopca-v=12-distilroberta-dj_adpt~qwen3_8b-dj_adpt
new_york_city_restaurant_inspection_results_a.pq,1.0,0.03225806451612903,1.0,0.03225806451612903,1.0,1.0,0.03225806451612903,1.0,0.16129032258064516,1.0,0.16129032258064516,1.0,1.0,0.16129032258064516,1.0,0.3225806451612903,1.0,0.3225806451612903,1.0,1.0,0.3225806451612903,0.9333333333333333,0.45161290322580644,1.0,0.4838709677419355,1.0,1.0,0.45161290322580644,0.8,0.5161290322580645,1.0,0.6451612903225806,1.0,1.0,0.5028862478777589,0.76,0.6129032258064516,1.0,0.8064516129032258,1.0,1.0,0.5820408473689643,0.6333333333333333,0.6129032258064516,1.0,0.967741935483871,1.0,1.0,0.5820408473689643,0.5428571428571428,0.6129032258064516,0.8857142857142857,1.0,1.0,1.0,0.5820408473689643,0.475,0.6129032258064516,0.775,1.0,1.0,1.0,0.5820408473689643,0.4444444444444444,0.6451612903225806,0.6888888888888889,1.0,1.0,1.0,0.5977764885963444,0.4,0.6451612903225806,0.62,1.0,1.0,1.0,0.5977764885963444,mini_l6-dj_adpt,2,webtable-la2m_nopca-v=12-distilroberta-dj_adpt~qwen3_8b-dj_adpt
contributors_parties_b.pq,1.0,0.047619047619047616,1.0,0.047619047619047616,1.0,1.0,0.047619047619047616,1.0,0.23809523809523808,1.0,0.23809523809523808,1.0,1.0,0.23809523809523808,0.6,0.2857142857142857,1.0,0.47619047619047616,1.0,1.0,0.2857142857142857,0.4,0.2857142857142857,1.0,0.7142857142857143,1.0,1.0,0.2857142857142857,0.4,0.38095238095238093,1.0,0.9523809523809523,1.0,1.0,0.3289565826330532,0.32,0.38095238095238093,0.84,1.0,1.0,1.0,0.3289565826330532,0.36666666666666664,0.5238095238095238,0.7,1.0,1.0,1.0,0.3798987985998997,0.34285714285714286,0.5714285714285714,0.6,1.0,1.0,1.0,0.3967055212889753,0.3,0.5714285714285714,0.525,1.0,1.0,1.0,0.3967055212889753,0.26666666666666666,0.5714285714285714,0.4666666666666667,1.0,1.0,1.0,0.3967055212889753,0.26,0.6190476190476191,0.42,1.0,1.0,1.0,0.40933914616749817,mini_l6-dj_adpt,2,webtable-la2m_nopca-v=12-distilroberta-dj_adpt~qwen3_8b-dj_adpt
film_locations_in_san_francisco_a.pq,1.0,0.07692307692307693,1.0,0.07692307692307693,1.0,1.0,0.07692307692307693,0.2,0.07692307692307693,1.0,0.38461538461538464,1.0,1.0,0.07692307692307693,0.6,0.46153846153846156,1.0,0.7692307692307693,1.0,1.0,0.2628815628815629,0.7333333333333333,0.8461538461538461,0.8666666666666667,1.0,1.0,1.0,0.5277244123397969,0.65,1.0,0.65,1.0,1.0,1.0,0.6442402494438694,0.52,1.0,0.52,1.0,1.0,1.0,0.6442402494438694,0.43333333333333335,1.0,0.43333333333333335,1.0,1.0,1.0,0.6442402494438694,0.37142857142857144,1.0,0.37142857142857144,1.0,1.0,1.0,0.6442402494438694,0.325,1.0,0.325,1.0,1.0,1.0,0.6442402494438694,0.28888888888888886,1.0,0.28888888888888886,1.0,1.0,1.0,0.6442402494438694,0.26,1.0,0.26,1.0,1.0,1.0,0.6442402494438694,mini_l6-dj_adpt,2,webtable-la2m_nopca-v=12-distilroberta-dj_adpt~qwen3_8b-dj_adpt
albums_a.pq,1.0,0.0625,1.0,0.0625,1.0,1.0,0.0625,1.0,0.3125,1.0,0.3125,1.0,1.0,0.3125,1.0,0.625,1.0,0.625,1.0,1.0,0.625,1.0,0.9375,1.0,0.9375,1.0,1.0,0.9375,0.8,1.0,0.8,1.0,1.0,1.0,1.0,0.64,1.0,0.64,1.0,1.0,1.0,1.0,0.5333333333333333,1.0,0.5333333333333333,1.0,1.0,1.0,1.0,0.45714285714285713,1.0,0.45714285714285713,1.0,1.0,1.0,1.0,0.4,1.0,0.4,1.0,1.0,1.0,1.0,0.35555555555555557,1.0,0.35555555555555557,1.0,1.0,1.0,1.0,0.32,1.0,0.32,1.0,1.0,1.0,1.0,mini_l6-dj_adpt,2,webtable-la2m_nopca-v=12-distilroberta-dj_adpt~qwen3_8b-dj_adpt
job_pay_scales_a.pq,1.0,0.06666666666666667,1.0,0.06666666666666667,1.0,1.0,0.06666666666666667,0.8,0.26666666666666666,1.0,0.3333333333333333,1.0,1.0,0.23666666666666666,0.8,0.5333333333333333,1.0,0.6666666666666666,1.0,1.0,0.4474074074074074,0.7333333333333333,0.7333333333333333,1.0,1.0,1.0,1.0,0.6139186739186739,0.55,0.7333333333333333,0.75,1.0,1.0,1.0,0.6139186739186739,0.44,0.7333333333333333,0.6,1.0,1.0,1.0,0.6139186739186739,0.4,0.8,0.5,1.0,1.0,1.0,0.6415048808152257,0.37142857142857144,0.8666666666666667,0.42857142857142855,1.0,1.0,1.0,0.6694618700625375,0.325,0.8666666666666667,0.375,1.0,1.0,1.0,0.6694618700625375,0.3333333333333333,1.0,0.3333333333333333,1.0,1.0,1.0,0.7138945691463994,0.3,1.0,0.3,1.0,1.0,1.0,0.7138945691463994,mini_l6-dj_adpt,2,webtable-la2m_nopca-v=12-distilroberta-dj_adpt~qwen3_8b-dj_adpt
lane_description_b.pq,1.0,0.0625,1.0,0.0625,1.0,1.0,0.0625,1.0,0.3125,1.0,0.3125,1.0,1.0,0.3125,1.0,0.625,1.0,0.625,1.0,1.0,0.625,1.0,0.9375,1.0,0.9375,1.0,1.0,0.9375,0.8,1.0,0.8,1.0,1.0,1.0,1.0,0.64,1.0,0.64,1.0,1.0,1.0,1.0,0.5333333333333333,1.0,0.5333333333333333,1.0,1.0,1.0,1.0,0.45714285714285713,1.0,0.45714285714285713,1.0,1.0,1.0,1.0,0.4,1.0,0.4,1.0,1.0,1.0,1.0,0.35555555555555557,1.0,0.35555555555555557,1.0,1.0,1.0,1.0,0.32,1.0,0.32,1.0,1.0,1.0,1.0,mini_l6-dj_adpt,2,webtable-la2m_nopca-v=12-distilroberta-dj_adpt~qwen3_8b-dj_adpt
monthly_data_feed_a.pq,1.0,0.07692307692307693,1.0,0.07692307692307693,1.0,1.0,0.07692307692307693,1.0,0.38461538461538464,1.0,0.38461538461538464,1.0,1.0,0.38461538461538464,1.0,0.7692307692307693,1.0,0.7692307692307693,1.0,1.0,0.7692307692307693,0.8666666666666667,1.0,0.8666666666666667,1.0,1.0,1.0,1.0,0.65,1.0,0.65,1.0,1.0,1.0,1.0,0.52,1.0,0.52,1.0,1.0,1.0,1.0,0.43333333333333335,1.0,0.43333333333333335,1.0,1.0,1.0,1.0,0.37142857142857144,1.0,0.37142857142857144,1.0,1.0,1.0,1.0,0.325,1.0,0.325,1.0,1.0,1.0,1.0,0.28888888888888886,1.0,0.28888888888888886,1.0,1.0,1.0,1.0,0.26,1.0,0.26,1.0,1.0,1.0,1.0,mini_l6-dj_adpt,2,webtable-la2m_nopca-v=12-distilroberta-dj_adpt~qwen3_8b-dj_adpt
tuition_assistance_program_tap_recipients_a.pq,1.0,0.09090909090909091,1.0,0.09090909090909091,1.0,1.0,0.09090909090909091,0.2,0.09090909090909091,1.0,0.45454545454545453,1.0,1.0,0.09090909090909091,0.1,0.09090909090909091,1.0,0.9090909090909091,1.0,1.0,0.09090909090909091,0.06666666666666667,0.09090909090909091,0.7333333333333333,1.0,1.0,1.0,0.09090909090909091,0.05,0.09090909090909091,0.55,1.0,1.0,1.0,0.09090909090909091,0.04,0.09090909090909091,0.44,1.0,1.0,1.0,0.09090909090909091,0.03333333333333333,0.09090909090909091,0.36666666666666664,1.0,1.0,1.0,0.09090909090909091,0.02857142857142857,0.09090909090909091,0.3142857142857143,1.0,1.0,1.0,0.09090909090909091,0.1,0.36363636363636365,0.275,1.0,1.0,1.0,0.1117776959882223,0.2,0.8181818181818182,0.24444444444444444,1.0,1.0,1.0,0.18536108161203488,0.22,1.0,0.22,1.0,1.0,1.0,0.22640052320651813,mini_l6-dj_adpt,2,webtable-la2m_nopca-v=12-distilroberta-dj_adpt~qwen3_8b-dj_adpt
biodiversity_a.pq,1.0,0.09090909090909091,1.0,0.09090909090909091,1.0,1.0,0.09090909090909091,0.8,0.36363636363636365,1.0,0.45454545454545453,1.0,1.0,0.36363636363636365,0.7,0.6363636363636364,1.0,0.9090909090909091,1.0,1.0,0.5674603174603174,0.4666666666666667,0.6363636363636364,0.7333333333333333,1.0,1.0,1.0,0.5674603174603174,0.4,0.7272727272727273,0.55,1.0,1.0,1.0,0.6078643578643579,0.4,0.9090909090909091,0.44,1.0,1.0,1.0,0.6783189033189033,0.3333333333333333,0.9090909090909091,0.36666666666666664,1.0,1.0,1.0,0.6783189033189033,0.2857142857142857,0.9090909090909091,0.3142857142857143,1.0,1.0,1.0,0.6783189033189033,0.25,0.9090909090909091,0.275,1.0,1.0,1.0,0.6783189033189033,0.2222222222222222,0.9090909090909091,0.24444444444444444,1.0,1.0,1.0,0.6783189033189033,0.2,0.9090909090909091,0.22,1.0,1.0,1.0,0.6783189033189033,mini_l6-dj_adpt,2,webtable-la2m_nopca-v=12-distilroberta-dj_adpt~qwen3_8b-dj_adpt
albums_b.pq,1.0,0.0625,1.0,0.0625,1.0,1.0,0.0625,1.0,0.3125,1.0,0.3125,1.0,1.0,0.3125,1.0,0.625,1.0,0.625,1.0,1.0,0.625,1.0,0.9375,1.0,0.9375,1.0,1.0,0.9375,0.8,1.0,0.8,1.0,1.0,1.0,1.0,0.64,1.0,0.64,1.0,1.0,1.0,1.0,0.5333333333333333,1.0,0.5333333333333333,1.0,1.0,1.0,1.0,0.45714285714285713,1.0,0.45714285714285713,1.0,1.0,1.0,1.0,0.4,1.0,0.4,1.0,1.0,1.0,1.0,0.35555555555555557,1.0,0.35555555555555557,1.0,1.0,1.0,1.0,0.32,1.0,0.32,1.0,1.0,1.0,1.0,mini_l6-dj_adpt,2,webtable-la2m_nopca-v=12-distilroberta-dj_adpt~qwen3_8b-dj_adpt
complaint_by_practice_b.pq,1.0,0.07692307692307693,1.0,0.07692307692307693,1.0,1.0,0.07692307692307693,1.0,0.38461538461538464,1.0,0.38461538461538464,1.0,1.0,0.38461538461538464,1.0,0.7692307692307693,1.0,0.7692307692307693,1.0,1.0,0.7692307692307693,0.8666666666666667,1.0,0.8666666666666667,1.0,1.0,1.0,1.0,0.65,1.0,0.65,1.0,1.0,1.0,1.0,0.52,1.0,0.52,1.0,1.0,1.0,1.0,0.43333333333333335,1.0,0.43333333333333335,1.0,1.0,1.0,1.0,0.37142857142857144,1.0,0.37142857142857144,1.0,1.0,1.0,1.0,0.325,1.0,0.325,1.0,1.0,1.0,1.0,0.28888888888888886,1.0,0.28888888888888886,1.0,1.0,1.0,1.0,0.26,1.0,0.26,1.0,1.0,1.0,1.0,mini_l6-dj_adpt,2,webtable-la2m_nopca-v=12-distilroberta-dj_adpt~qwen3_8b-dj_adpt
psyckes_antipsychotic_polypharmacy_quality_indicators_beginning_2012_a.pq,1.0,0.09090909090909091,1.0,0.09090909090909091,1.0,1.0,0.09090909090909091,0.2,0.09090909090909091,1.0,0.45454545454545453,1.0,1.0,0.09090909090909091,0.1,0.09090909090909091,1.0,0.9090909090909091,1.0,1.0,0.09090909090909091,0.06666666666666667,0.09090909090909091,0.7333333333333333,1.0,1.0,1.0,0.09090909090909091,0.05,0.09090909090909091,0.55,1.0,1.0,1.0,0.09090909090909091,0.12,0.2727272727272727,0.44,1.0,1.0,1.0,0.10939393939393939,0.13333333333333333,0.36363636363636365,0.36666666666666664,1.0,1.0,1.0,0.12337995337995337,0.11428571428571428,0.36363636363636365,0.3142857142857143,1.0,1.0,1.0,0.12337995337995337,0.1,0.36363636363636365,0.275,1.0,1.0,1.0,0.12337995337995337,0.08888888888888889,0.36363636363636365,0.24444444444444444,1.0,1.0,1.0,0.12337995337995337,0.08,0.36363636363636365,0.22,1.0,1.0,1.0,0.12337995337995337,mini_l6-dj_adpt,2,webtable-la2m_nopca-v=12-distilroberta-dj_adpt~qwen3_8b-dj_adpt
ipopayments_a.pq,1.0,0.06666666666666667,1.0,0.06666666666666667,1.0,1.0,0.06666666666666667,1.0,0.3333333333333333,1.0,0.3333333333333333,1.0,1.0,0.3333333333333333,1.0,0.6666666666666666,1.0,0.6666666666666666,1.0,1.0,0.6666666666666666,1.0,1.0,1.0,1.0,1.0,1.0,1.0,0.75,1.0,0.75,1.0,1.0,1.0,1.0,0.6,1.0,0.6,1.0,1.0,1.0,1.0,0.5,1.0,0.5,1.0,1.0,1.0,1.0,0.42857142857142855,1.0,0.42857142857142855,1.0,1.0,1.0,1.0,0.375,1.0,0.375,1.0,1.0,1.0,1.0,0.3333333333333333,1.0,0.3333333333333333,1.0,1.0,1.0,1.0,0.3,1.0,0.3,1.0,1.0,1.0,1.0,mini_l6-dj_adpt,2,webtable-la2m_nopca-v=12-distilroberta-dj_adpt~qwen3_8b-dj_adpt
lane_description_a.pq,1.0,0.0625,1.0,0.0625,1.0,1.0,0.0625,1.0,0.3125,1.0,0.3125,1.0,1.0,0.3125,1.0,0.625,1.0,0.625,1.0,1.0,0.625,1.0,0.9375,1.0,0.9375,1.0,1.0,0.9375,0.8,1.0,0.8,1.0,1.0,1.0,1.0,0.64,1.0,0.64,1.0,1.0,1.0,1.0,0.5333333333333333,1.0,0.5333333333333333,1.0,1.0,1.0,1.0,0.45714285714285713,1.0,0.45714285714285713,1.0,1.0,1.0,1.0,0.4,1.0,0.4,1.0,1.0,1.0,1.0,0.35555555555555557,1.0,0.35555555555555557,1.0,1.0,1.0,1.0,0.32,1.0,0.32,1.0,1.0,1.0,1.0,mini_l6-dj_adpt,2,webtable-la2m_nopca-v=12-distilroberta-dj_adpt~qwen3_8b-dj_adpt
practice_reference_a.pq,1.0,0.06666666666666667,1.0,0.06666666666666667,1.0,1.0,0.06666666666666667,1.0,0.3333333333333333,1.0,0.3333333333333333,1.0,1.0,0.3333333333333333,1.0,0.6666666666666666,1.0,0.6666666666666666,1.0,1.0,0.6666666666666666,1.0,1.0,1.0,1.0,1.0,1.0,1.0,0.75,1.0,0.75,1.0,1.0,1.0,1.0,0.6,1.0,0.6,1.0,1.0,1.0,1.0,0.5,1.0,0.5,1.0,1.0,1.0,1.0,0.42857142857142855,1.0,0.42857142857142855,1.0,1.0,1.0,1.0,0.375,1.0,0.375,1.0,1.0,1.0,1.0,0.3333333333333333,1.0,0.3333333333333333,1.0,1.0,1.0,1.0,0.3,1.0,0.3,1.0,1.0,1.0,1.0,mini_l6-dj_adpt,2,webtable-la2m_nopca-v=12-distilroberta-dj_adpt~qwen3_8b-dj_adpt
practice_reference_b.pq,1.0,0.06666666666666667,1.0,0.06666666666666667,1.0,1.0,0.06666666666666667,1.0,0.3333333333333333,1.0,0.3333333333333333,1.0,1.0,0.3333333333333333,1.0,0.6666666666666666,1.0,0.6666666666666666,1.0,1.0,0.6666666666666666,1.0,1.0,1.0,1.0,1.0,1.0,1.0,0.75,1.0,0.75,1.0,1.0,1.0,1.0,0.6,1.0,0.6,1.0,1.0,1.0,1.0,0.5,1.0,0.5,1.0,1.0,1.0,1.0,0.42857142857142855,1.0,0.42857142857142855,1.0,1.0,1.0,1.0,0.375,1.0,0.375,1.0,1.0,1.0,1.0,0.3333333333333333,1.0,0.3333333333333333,1.0,1.0,1.0,1.0,0.3,1.0,0.3,1.0,1.0,1.0,1.0,mini_l6-dj_adpt,2,webtable-la2m_nopca-v=12-distilroberta-dj_adpt~qwen3_8b-dj_adpt
time_spent_watching_vcr_movies_a.pq,1.0,0.09090909090909091,1.0,0.09090909090909091,1.0,1.0,0.09090909090909091,0.2,0.09090909090909091,1.0,0.45454545454545453,1.0,1.0,0.09090909090909091,0.5,0.45454545454545453,1.0,0.9090909090909091,1.0,1.0,0.23683261183261184,0.6666666666666666,0.9090909090909091,0.7333333333333333,1.0,1.0,1.0,0.5144413667140939,0.5,0.9090909090909091,0.55,1.0,1.0,1.0,0.5144413667140939,0.4,0.9090909090909091,0.44,1.0,1.0,1.0,0.5144413667140939,0.3333333333333333,0.9090909090909091,0.36666666666666664,1.0,1.0,1.0,0.5144413667140939,0.2857142857142857,0.9090909090909091,0.3142857142857143,1.0,1.0,1.0,0.5144413667140939,0.25,0.9090909090909091,0.275,1.0,1.0,1.0,0.5144413667140939,0.2222222222222222,0.9090909090909091,0.24444444444444444,1.0,1.0,1.0,0.5144413667140939,0.2,0.9090909090909091,0.22,1.0,1.0,1.0,0.5144413667140939,mini_l6-dj_adpt,2,webtable-la2m_nopca-v=12-distilroberta-dj_adpt~qwen3_8b-dj_adpt
wholesale_markets_a.pq,1.0,0.09090909090909091,1.0,0.09090909090909091,1.0,1.0,0.09090909090909091,0.2,0.09090909090909091,1.0,0.45454545454545453,1.0,1.0,0.09090909090909091,0.1,0.09090909090909091,1.0,0.9090909090909091,1.0,1.0,0.09090909090909091,0.06666666666666667,0.09090909090909091,0.7333333333333333,1.0,1.0,1.0,0.09090909090909091,0.05,0.09090909090909091,0.55,1.0,1.0,1.0,0.09090909090909091,0.04,0.09090909090909091,0.44,1.0,1.0,1.0,0.09090909090909091,0.03333333333333333,0.09090909090909091,0.36666666666666664,1.0,1.0,1.0,0.09090909090909091,0.02857142857142857,0.09090909090909091,0.3142857142857143,1.0,1.0,1.0,0.09090909090909091,0.025,0.09090909090909091,0.275,1.0,1.0,1.0,0.09090909090909091,0.022222222222222223,0.09090909090909091,0.24444444444444444,1.0,1.0,1.0,0.09090909090909091,0.12,0.5454545454545454,0.22,1.0,1.0,1.0,0.1284256543421338,mini_l6-dj_adpt,2,webtable-la2m_nopca-v=12-distilroberta-dj_adpt~qwen3_8b-dj_adpt
ipopayments_b.pq,1.0,0.06666666666666667,1.0,0.06666666666666667,1.0,1.0,0.06666666666666667,1.0,0.3333333333333333,1.0,0.3333333333333333,1.0,1.0,0.3333333333333333,0.8,0.5333333333333333,1.0,0.6666666666666666,1.0,1.0,0.5175925925925926,0.8,0.8,1.0,1.0,1.0,1.0,0.7245889295889296,0.7,0.9333333333333333,0.75,1.0,1.0,1.0,0.825422262922263,0.56,0.9333333333333333,0.6,1.0,1.0,1.0,0.825422262922263,0.5,1.0,0.5,1.0,1.0,1.0,0.8611365486365485,0.42857142857142855,1.0,0.42857142857142855,1.0,1.0,1.0,0.8611365486365485,0.375,1.0,0.375,1.0,1.0,1.0,0.8611365486365485,0.3333333333333333,1.0,0.3333333333333333,1.0,1.0,1.0,0.8611365486365485,0.3,1.0,0.3,1.0,1.0,1.0,0.8611365486365485,mini_l6-dj_adpt,2,webtable-la2m_nopca-v=12-distilroberta-dj_adpt~qwen3_8b-dj_adpt
cihr_co-applicant_a.pq,1.0,0.08333333333333333,1.0,0.08333333333333333,1.0,1.0,0.08333333333333333,0.6,0.25,1.0,0.4166666666666667,1.0,1.0,0.17500000000000002,0.8,0.6666666666666666,1.0,0.8333333333333334,1.0,1.0,0.4840608465608465,0.8,1.0,0.8,1.0,1.0,1.0,0.7636285011285011,0.6,1.0,0.6,1.0,1.0,1.0,0.7636285011285011,0.48,1.0,0.48,1.0,1.0,1.0,0.7636285011285011,0.4,1.0,0.4,1.0,1.0,1.0,0.7636285011285011,0.34285714285714286,1.0,0.34285714285714286,1.0,1.0,1.0,0.7636285011285011,0.3,1.0,0.3,1.0,1.0,1.0,0.7636285011285011,0.26666666666666666,1.0,0.26666666666666666,1.0,1.0,1.0,0.7636285011285011,0.24,1.0,0.24,1.0,1.0,1.0,0.7636285011285011,mini_l6-dj_adpt,2,webtable-la2m_nopca-v=12-distilroberta-dj_adpt~qwen3_8b-dj_adpt
prescribing_a.pq,1.0,0.06666666666666667,1.0,0.06666666666666667,1.0,1.0,0.06666666666666667,1.0,0.3333333333333333,1.0,0.3333333333333333,1.0,1.0,0.3333333333333333,1.0,0.6666666666666666,1.0,0.6666666666666666,1.0,1.0,0.6666666666666666,1.0,1.0,1.0,1.0,1.0,1.0,1.0,0.75,1.0,0.75,1.0,1.0,1.0,1.0,0.6,1.0,0.6,1.0,1.0,1.0,1.0,0.5,1.0,0.5,1.0,1.0,1.0,1.0,0.42857142857142855,1.0,0.42857142857142855,1.0,1.0,1.0,1.0,0.375,1.0,0.375,1.0,1.0,1.0,1.0,0.3333333333333333,1.0,0.3333333333333333,1.0,1.0,1.0,1.0,0.3,1.0,0.3,1.0,1.0,1.0,1.0,mini_l6-dj_adpt,2,webtable-la2m_nopca-v=12-distilroberta-dj_adpt~qwen3_8b-dj_adpt
monthly_data_feed_b.pq,1.0,0.07692307692307693,1.0,0.07692307692307693,1.0,1.0,0.07692307692307693,1.0,0.38461538461538464,1.0,0.38461538461538464,1.0,1.0,0.38461538461538464,1.0,0.7692307692307693,1.0,0.7692307692307693,1.0,1.0,0.7692307692307693,0.8666666666666667,1.0,0.8666666666666667,1.0,1.0,1.0,1.0,0.65,1.0,0.65,1.0,1.0,1.0,1.0,0.52,1.0,0.52,1.0,1.0,1.0,1.0,0.43333333333333335,1.0,0.43333333333333335,1.0,1.0,1.0,1.0,0.37142857142857144,1.0,0.37142857142857144,1.0,1.0,1.0,1.0,0.325,1.0,0.325,1.0,1.0,1.0,1.0,0.28888888888888886,1.0,0.28888888888888886,1.0,1.0,1.0,1.0,0.26,1.0,0.26,1.0,1.0,1.0,1.0,mini_l6-dj_adpt,2,webtable-la2m_nopca-v=12-distilroberta-dj_adpt~qwen3_8b-dj_adpt
abandoned_wells_a.pq,1.0,0.09090909090909091,1.0,0.09090909090909091,1.0,1.0,0.09090909090909091,0.2,0.09090909090909091,1.0,0.45454545454545453,1.0,1.0,0.09090909090909091,0.1,0.09090909090909091,1.0,0.9090909090909091,1.0,1.0,0.09090909090909091,0.06666666666666667,0.09090909090909091,0.7333333333333333,1.0,1.0,1.0,0.09090909090909091,0.05,0.09090909090909091,0.55,1.0,1.0,1.0,0.09090909090909091,0.04,0.09090909090909091,0.44,1.0,1.0,1.0,0.09090909090909091,0.2,0.5454545454545454,0.36666666666666664,1.0,1.0,1.0,0.15484592036316175,0.3142857142857143,1.0,0.3142857142857143,1.0,1.0,1.0,0.27820383724359027,0.275,1.0,0.275,1.0,1.0,1.0,0.27820383724359027,0.24444444444444444,1.0,0.24444444444444444,1.0,1.0,1.0,0.27820383724359027,0.22,1.0,0.22,1.0,1.0,1.0,0.27820383724359027,mini_l6-dj_adpt,2,webtable-la2m_nopca-v=12-distilroberta-dj_adpt~qwen3_8b-dj_adpt
animal_tag_data_a.pq,1.0,0.08333333333333333,1.0,0.08333333333333333,1.0,1.0,0.08333333333333333,1.0,0.4166666666666667,1.0,0.4166666666666667,1.0,1.0,0.4166666666666667,0.7,0.5833333333333334,1.0,0.8333333333333334,1.0,1.0,0.5648148148148148,0.7333333333333333,0.9166666666666666,0.8,1.0,1.0,1.0,0.7986975986975987,0.6,1.0,0.6,1.0,1.0,1.0,0.8611975986975987,0.48,1.0,0.48,1.0,1.0,1.0,0.8611975986975987,0.4,1.0,0.4,1.0,1.0,1.0,0.8611975986975987,0.34285714285714286,1.0,0.34285714285714286,1.0,1.0,1.0,0.8611975986975987,0.3,1.0,0.3,1.0,1.0,1.0,0.8611975986975987,0.26666666666666666,1.0,0.26666666666666666,1.0,1.0,1.0,0.8611975986975987,0.24,1.0,0.24,1.0,1.0,1.0,0.8611975986975987,mini_l6-dj_adpt,2,webtable-la2m_nopca-v=12-distilroberta-dj_adpt~qwen3_8b-dj_adpt
cdc_nutrition_physical_activity_and_obesity_legislation_a.pq,1.0,0.09090909090909091,1.0,0.09090909090909091,1.0,1.0,0.09090909090909091,1.0,0.45454545454545453,1.0,0.45454545454545453,1.0,1.0,0.45454545454545453,1.0,0.9090909090909091,1.0,0.9090909090909091,1.0,1.0,0.9090909090909091,0.7333333333333333,1.0,0.7333333333333333,1.0,1.0,1.0,1.0,0.55,1.0,0.55,1.0,1.0,1.0,1.0,0.44,1.0,0.44,1.0,1.0,1.0,1.0,0.36666666666666664,1.0,0.36666666666666664,1.0,1.0,1.0,1.0,0.3142857142857143,1.0,0.3142857142857143,1.0,1.0,1.0,1.0,0.275,1.0,0.275,1.0,1.0,1.0,1.0,0.24444444444444444,1.0,0.24444444444444444,1.0,1.0,1.0,1.0,0.22,1.0,0.22,1.0,1.0,1.0,1.0,mini_l6-dj_adpt,2,webtable-la2m_nopca-v=12-distilroberta-dj_adpt~qwen3_8b-dj_adpt
complaint_by_practice_a.pq,1.0,0.07692307692307693,1.0,0.07692307692307693,1.0,1.0,0.07692307692307693,0.6,0.23076923076923078,1.0,0.38461538461538464,1.0,1.0,0.16153846153846155,0.3,0.23076923076923078,1.0,0.7692307692307693,1.0,1.0,0.16153846153846155,0.26666666666666666,0.3076923076923077,0.8666666666666667,1.0,1.0,1.0,0.1835164835164835,0.2,0.3076923076923077,0.65,1.0,1.0,1.0,0.1835164835164835,0.16,0.3076923076923077,0.52,1.0,1.0,1.0,0.1835164835164835,0.13333333333333333,0.3076923076923077,0.43333333333333335,1.0,1.0,1.0,0.1835164835164835,0.11428571428571428,0.3076923076923077,0.37142857142857144,1.0,1.0,1.0,0.1835164835164835,0.1,0.3076923076923077,0.325,1.0,1.0,1.0,0.1835164835164835,0.08888888888888889,0.3076923076923077,0.28888888888888886,1.0,1.0,1.0,0.1835164835164835,0.08,0.3076923076923077,0.26,1.0,1.0,1.0,0.1835164835164835,mini_l6-dj_adpt,2,webtable-la2m_nopca-v=12-distilroberta-dj_adpt~qwen3_8b-dj_adpt
prescribing_b.pq,1.0,0.06666666666666667,1.0,0.06666666666666667,1.0,1.0,0.06666666666666667,1.0,0.3333333333333333,1.0,0.3333333333333333,1.0,1.0,0.3333333333333333,1.0,0.6666666666666666,1.0,0.6666666666666666,1.0,1.0,0.6666666666666666,1.0,1.0,1.0,1.0,1.0,1.0,1.0,0.75,1.0,0.75,1.0,1.0,1.0,1.0,0.6,1.0,0.6,1.0,1.0,1.0,1.0,0.5,1.0,0.5,1.0,1.0,1.0,1.0,0.42857142857142855,1.0,0.42857142857142855,1.0,1.0,1.0,1.0,0.375,1.0,0.375,1.0,1.0,1.0,1.0,0.3333333333333333,1.0,0.3333333333333333,1.0,1.0,1.0,1.0,0.3,1.0,0.3,1.0,1.0,1.0,1.0,mini_l6-dj_adpt,2,webtable-la2m_nopca-v=12-distilroberta-dj_adpt~qwen3_8b-dj_adpt
animal_tag_data_b.pq,1.0,0.08333333333333333,1.0,0.08333333333333333,1.0,1.0,0.08333333333333333,1.0,0.4166666666666667,1.0,0.4166666666666667,1.0,1.0,0.4166666666666667,0.7,0.5833333333333334,1.0,0.8333333333333334,1.0,1.0,0.5375,0.6666666666666666,0.8333333333333334,0.8,1.0,1.0,1.0,0.7247086247086246,0.5,0.8333333333333334,0.6,1.0,1.0,1.0,0.7247086247086246,0.4,0.8333333333333334,0.48,1.0,1.0,1.0,0.7247086247086246,0.36666666666666664,0.9166666666666666,0.4,1.0,1.0,1.0,0.7586592419925754,0.3142857142857143,0.9166666666666666,0.34285714285714286,1.0,1.0,1.0,0.7586592419925754,0.275,0.9166666666666666,0.3,1.0,1.0,1.0,0.7586592419925754,0.24444444444444444,0.9166666666666666,0.26666666666666666,1.0,1.0,1.0,0.7586592419925754,0.22,0.9166666666666666,0.24,1.0,1.0,1.0,0.7586592419925754,mini_l6-dj_adpt,2,webtable-la2m_nopca-v=12-distilroberta-dj_adpt~qwen3_8b-dj_adpt
mines_a.pq,1.0,0.07142857142857142,1.0,0.07142857142857142,1.0,1.0,0.07142857142857142,1.0,0.35714285714285715,1.0,0.35714285714285715,1.0,1.0,0.35714285714285715,0.8,0.5714285714285714,1.0,0.7142857142857143,1.0,1.0,0.5310657596371883,0.5333333333333333,0.5714285714285714,0.9333333333333333,1.0,1.0,1.0,0.5310657596371883,0.5,0.7142857142857143,0.7,1.0,1.0,1.0,0.6069586167800454,0.4,0.7142857142857143,0.56,1.0,1.0,1.0,0.6069586167800454,0.3333333333333333,0.7142857142857143,0.4666666666666667,1.0,1.0,1.0,0.6069586167800454,0.2857142857142857,0.7142857142857143,0.4,1.0,1.0,1.0,0.6069586167800454,0.25,0.7142857142857143,0.35,1.0,1.0,1.0,0.6069586167800454,0.24444444444444444,0.7857142857142857,0.3111111111111111,1.0,1.0,1.0,0.6248157596371883,0.22,0.7857142857142857,0.28,1.0,1.0,1.0,0.6248157596371883,mini_l6-dj_adpt,2,webtable-la2m_nopca-v=12-distilroberta-dj_adpt~qwen3_8b-dj_adpt
report_card_discipline_for_2015_16_a.pq,1.0,0.09090909090909091,1.0,0.09090909090909091,1.0,1.0,0.09090909090909091,0.8,0.36363636363636365,1.0,0.45454545454545453,1.0,1.0,0.3227272727272727,0.4,0.36363636363636365,1.0,0.9090909090909091,1.0,1.0,0.3227272727272727,0.26666666666666666,0.36363636363636365,0.7333333333333333,1.0,1.0,1.0,0.3227272727272727,0.35,0.6363636363636364,0.55,1.0,1.0,1.0,0.4085061137692717,0.32,0.7272727272727273,0.44,1.0,1.0,1.0,0.4431381484013063,0.36666666666666664,1.0,0.36666666666666664,1.0,1.0,1.0,0.5392420445052024,0.3142857142857143,1.0,0.3142857142857143,1.0,1.0,1.0,0.5392420445052024,0.275,1.0,0.275,1.0,1.0,1.0,0.5392420445052024,0.24444444444444444,1.0,0.24444444444444444,1.0,1.0,1.0,0.5392420445052024,0.22,1.0,0.22,1.0,1.0,1.0,0.5392420445052024,mini_l6-dj_adpt,2,webtable-la2m_nopca-v=12-distilroberta-dj_adpt~qwen3_8b-dj_adpt
data_mill_a.pq,1.0,0.07142857142857142,1.0,0.07142857142857142,1.0,1.0,0.07142857142857142,1.0,0.35714285714285715,1.0,0.35714285714285715,1.0,1.0,0.35714285714285715,0.9,0.6428571428571429,1.0,0.7142857142857143,1.0,1.0,0.6277777777777779,0.8666666666666667,0.9285714285714286,0.9333333333333333,1.0,1.0,1.0,0.8762816548530834,0.7,1.0,0.7,1.0,1.0,1.0,0.9387816548530834,0.56,1.0,0.56,1.0,1.0,1.0,0.9387816548530834,0.4666666666666667,1.0,0.4666666666666667,1.0,1.0,1.0,0.9387816548530834,0.4,1.0,0.4,1.0,1.0,1.0,0.9387816548530834,0.35,1.0,0.35,1.0,1.0,1.0,0.9387816548530834,0.3111111111111111,1.0,0.3111111111111111,1.0,1.0,1.0,0.9387816548530834,0.28,1.0,0.28,1.0,1.0,1.0,0.9387816548530834,mini_l6-dj_adpt,2,webtable-la2m_nopca-v=12-distilroberta-dj_adpt~qwen3_8b-dj_adpt
senior_officials_expenses_a.pq,1.0,0.09090909090909091,1.0,0.09090909090909091,1.0,1.0,0.09090909090909091,0.6,0.2727272727272727,1.0,0.45454545454545453,1.0,1.0,0.2727272727272727,0.6,0.5454545454545454,1.0,0.9090909090909091,1.0,1.0,0.42323232323232324,0.4666666666666667,0.6363636363636364,0.7333333333333333,1.0,1.0,1.0,0.4810835629017447,0.35,0.6363636363636364,0.55,1.0,1.0,1.0,0.4810835629017447,0.28,0.6363636363636364,0.44,1.0,1.0,1.0,0.4810835629017447,0.26666666666666666,0.7272727272727273,0.36666666666666664,1.0,1.0,1.0,0.5080195898377716,0.22857142857142856,0.7272727272727273,0.3142857142857143,1.0,1.0,1.0,0.5080195898377716,0.2,0.7272727272727273,0.275,1.0,1.0,1.0,0.5080195898377716,0.17777777777777778,0.7272727272727273,0.24444444444444444,1.0,1.0,1.0,0.5080195898377716,0.16,0.7272727272727273,0.22,1.0,1.0,1.0,0.5080195898377716,mini_l6-dj_adpt,2,webtable-la2m_nopca-v=12-distilroberta-dj_adpt~qwen3_8b-dj_adpt
stockport_contracts_a.pq,1.0,0.07692307692307693,1.0,0.07692307692307693,1.0,1.0,0.07692307692307693,0.2,0.07692307692307693,1.0,0.38461538461538464,1.0,1.0,0.07692307692307693,0.4,0.3076923076923077,1.0,0.7692307692307693,1.0,1.0,0.15256410256410258,0.6,0.6923076923076923,0.8666666666666667,1.0,1.0,1.0,0.35752068444376134,0.6,0.9230769230769231,0.65,1.0,1.0,1.0,0.5066534144588443,0.48,0.9230769230769231,0.52,1.0,1.0,1.0,0.5066534144588443,0.43333333333333335,1.0,0.43333333333333335,1.0,1.0,1.0,0.5436904514958814,0.37142857142857144,1.0,0.37142857142857144,1.0,1.0,1.0,0.5436904514958814,0.325,1.0,0.325,1.0,1.0,1.0,0.5436904514958814,0.28888888888888886,1.0,0.28888888888888886,1.0,1.0,1.0,0.5436904514958814,0.26,1.0,0.26,1.0,1.0,1.0,0.5436904514958814,mini_l6-dj_adpt,2,webtable-la2m_nopca-v=12-distilroberta-dj_adpt~qwen3_8b-dj_adpt
ydn_spending_data_b.pq,1.0,0.08333333333333333,1.0,0.08333333333333333,1.0,1.0,0.08333333333333333,1.0,0.4166666666666667,1.0,0.4166666666666667,1.0,1.0,0.4166666666666667,0.9,0.75,1.0,0.8333333333333334,1.0,1.0,0.7100859788359788,0.7333333333333333,0.9166666666666666,0.8,1.0,1.0,1.0,0.8513197450697451,0.6,1.0,0.6,1.0,1.0,1.0,0.9068753006253006,0.48,1.0,0.48,1.0,1.0,1.0,0.9068753006253006,0.4,1.0,0.4,1.0,1.0,1.0,0.9068753006253006,0.34285714285714286,1.0,0.34285714285714286,1.0,1.0,1.0,0.9068753006253006,0.3,1.0,0.3,1.0,1.0,1.0,0.9068753006253006,0.26666666666666666,1.0,0.26666666666666666,1.0,1.0,1.0,0.9068753006253006,0.24,1.0,0.24,1.0,1.0,1.0,0.9068753006253006,mini_l6-dj_adpt,2,webtable-la2m_nopca-v=12-distilroberta-dj_adpt~qwen3_8b-dj_adpt
workforce_management_information_b.pq,1.0,0.05555555555555555,1.0,0.05555555555555555,1.0,1.0,0.05555555555555555,1.0,0.2777777777777778,1.0,0.2777777777777778,1.0,1.0,0.2777777777777778,1.0,0.5555555555555556,1.0,0.5555555555555556,1.0,1.0,0.5555555555555556,0.8666666666666667,0.7222222222222222,1.0,0.8333333333333334,1.0,1.0,0.7182539682539683,0.65,0.7222222222222222,0.9,1.0,1.0,1.0,0.7182539682539683,0.52,0.7222222222222222,0.72,1.0,1.0,1.0,0.7182539682539683,0.4666666666666667,0.7777777777777778,0.6,1.0,1.0,1.0,0.7441798941798942,0.4,0.7777777777777778,0.5142857142857142,1.0,1.0,1.0,0.7441798941798942,0.4,0.8888888888888888,0.45,1.0,1.0,1.0,0.7889017415333205,0.4,1.0,0.4,1.0,1.0,1.0,0.8357464956951478,0.36,1.0,0.36,1.0,1.0,1.0,0.8357464956951478,mini_l6-dj_adpt,2,webtable-la2m_nopca-v=12-distilroberta-dj_adpt~qwen3_8b-dj_adpt
immigration_records_a.pq,1.0,0.0625,1.0,0.0625,1.0,1.0,0.0625,0.2,0.0625,1.0,0.3125,1.0,1.0,0.0625,0.2,0.125,1.0,0.625,1.0,1.0,0.075,0.4,0.375,1.0,0.9375,1.0,1.0,0.15859765234765236,0.45,0.5625,0.8,1.0,1.0,1.0,0.24171598740097192,0.36,0.5625,0.64,1.0,1.0,1.0,0.24171598740097192,0.3333333333333333,0.625,0.5333333333333333,1.0,1.0,1.0,0.26326771153890294,0.2857142857142857,0.625,0.45714285714285713,1.0,1.0,1.0,0.26326771153890294,0.275,0.6875,0.4,1.0,1.0,1.0,0.28089591666710806,0.24444444444444444,0.6875,0.35555555555555557,1.0,1.0,1.0,0.28089591666710806,0.22,0.6875,0.32,1.0,1.0,1.0,0.28089591666710806,mini_l6-dj_adpt,2,webtable-la2m_nopca-v=12-distilroberta-dj_adpt~qwen3_8b-dj_adpt
civic_building_locations_a.pq,1.0,0.08333333333333333,1.0,0.08333333333333333,1.0,1.0,0.08333333333333333,1.0,0.4166666666666667,1.0,0.4166666666666667,1.0,1.0,0.4166666666666667,0.8,0.6666666666666666,1.0,0.8333333333333334,1.0,1.0,0.6469907407407408,0.5333333333333333,0.6666666666666666,0.8,1.0,1.0,1.0,0.6469907407407408,0.4,0.6666666666666666,0.6,1.0,1.0,1.0,0.6469907407407408,0.36,0.75,0.48,1.0,1.0,1.0,0.6827050264550265,0.3,0.75,0.4,1.0,1.0,1.0,0.6827050264550265,0.2857142857142857,0.8333333333333334,0.34285714285714286,1.0,1.0,1.0,0.7079575517075517,0.25,0.8333333333333334,0.3,1.0,1.0,1.0,0.7079575517075517,0.2222222222222222,0.8333333333333334,0.26666666666666666,1.0,1.0,1.0,0.7079575517075517,0.2,0.8333333333333334,0.24,1.0,1.0,1.0,0.7079575517075517,mini_l6-dj_adpt,2,webtable-la2m_nopca-v=12-distilroberta-dj_adpt~qwen3_8b-dj_adpt
deaths_2012_2018_a.pq,1.0,0.09090909090909091,1.0,0.09090909090909091,1.0,1.0,0.09090909090909091,1.0,0.45454545454545453,1.0,0.45454545454545453,1.0,1.0,0.45454545454545453,1.0,0.9090909090909091,1.0,0.9090909090909091,1.0,1.0,0.9090909090909091,0.7333333333333333,1.0,0.7333333333333333,1.0,1.0,1.0,0.9924242424242423,0.55,1.0,0.55,1.0,1.0,1.0,0.9924242424242423,0.44,1.0,0.44,1.0,1.0,1.0,0.9924242424242423,0.36666666666666664,1.0,0.36666666666666664,1.0,1.0,1.0,0.9924242424242423,0.3142857142857143,1.0,0.3142857142857143,1.0,1.0,1.0,0.9924242424242423,0.275,1.0,0.275,1.0,1.0,1.0,0.9924242424242423,0.24444444444444444,1.0,0.24444444444444444,1.0,1.0,1.0,0.9924242424242423,0.22,1.0,0.22,1.0,1.0,1.0,0.9924242424242423,mini_l6-dj_adpt,2,webtable-la2m_nopca-v=12-distilroberta-dj_adpt~qwen3_8b-dj_adpt
workforce_management_information_a.pq,1.0,0.05555555555555555,1.0,0.05555555555555555,1.0,1.0,0.05555555555555555,1.0,0.2777777777777778,1.0,0.2777777777777778,1.0,1.0,0.2777777777777778,1.0,0.5555555555555556,1.0,0.5555555555555556,1.0,1.0,0.5555555555555556,0.8666666666666667,0.7222222222222222,1.0,0.8333333333333334,1.0,1.0,0.7222222222222222,0.65,0.7222222222222222,0.9,1.0,1.0,1.0,0.7222222222222222,0.52,0.7222222222222222,0.72,1.0,1.0,1.0,0.7222222222222222,0.5,0.8333333333333334,0.6,1.0,1.0,1.0,0.7777777777777778,0.4857142857142857,0.9444444444444444,0.5142857142857142,1.0,1.0,1.0,0.8316979316979317,0.45,1.0,0.45,1.0,1.0,1.0,0.8587249587249588,0.4,1.0,0.4,1.0,1.0,1.0,0.8587249587249588,0.36,1.0,0.36,1.0,1.0,1.0,0.8587249587249588,mini_l6-dj_adpt,2,webtable-la2m_nopca-v=12-distilroberta-dj_adpt~qwen3_8b-dj_adpt
mines_b.pq,1.0,0.07142857142857142,1.0,0.07142857142857142,1.0,1.0,0.07142857142857142,0.2,0.07142857142857142,1.0,0.35714285714285715,1.0,1.0,0.07142857142857142,0.1,0.07142857142857142,1.0,0.7142857142857143,1.0,1.0,0.07142857142857142,0.13333333333333333,0.14285714285714285,0.9333333333333333,1.0,1.0,1.0,0.08163265306122448,0.2,0.2857142857142857,0.7,1.0,1.0,1.0,0.1108985260770975,0.16,0.2857142857142857,0.56,1.0,1.0,1.0,0.1108985260770975,0.13333333333333333,0.2857142857142857,0.4666666666666667,1.0,1.0,1.0,0.1108985260770975,0.11428571428571428,0.2857142857142857,0.4,1.0,1.0,1.0,0.1108985260770975,0.1,0.2857142857142857,0.35,1.0,1.0,1.0,0.1108985260770975,0.08888888888888889,0.2857142857142857,0.3111111111111111,1.0,1.0,1.0,0.1108985260770975,0.08,0.2857142857142857,0.28,1.0,1.0,1.0,0.1108985260770975,mini_l6-dj_adpt,2,webtable-la2m_nopca-v=12-distilroberta-dj_adpt~qwen3_8b-dj_adpt
minister_meetings_a.pq,1.0,0.1,1.0,0.1,1.0,1.0,0.1,0.6,0.3,1.0,0.5,1.0,1.0,0.275,0.3,0.3,1.0,1.0,1.0,1.0,0.275,0.2,0.3,0.6666666666666666,1.0,1.0,1.0,0.275,0.15,0.3,0.5,1.0,1.0,1.0,0.275,0.12,0.3,0.4,1.0,1.0,1.0,0.275,0.1,0.3,0.3333333333333333,1.0,1.0,1.0,0.275,0.08571428571428572,0.3,0.2857142857142857,1.0,1.0,1.0,0.275,0.075,0.3,0.25,1.0,1.0,1.0,0.275,0.06666666666666667,0.3,0.2222222222222222,1.0,1.0,1.0,0.275,0.06,0.3,0.2,1.0,1.0,1.0,0.275,mini_l6-dj_adpt,2,webtable-la2m_nopca-v=12-distilroberta-dj_adpt~qwen3_8b-dj_adpt
oil_and_gas_summary_production_data_1967_1999_a.pq,1.0,0.09090909090909091,1.0,0.09090909090909091,1.0,1.0,0.09090909090909091,0.6,0.2727272727272727,1.0,0.45454545454545453,1.0,1.0,0.2727272727272727,0.5,0.45454545454545453,1.0,0.9090909090909091,1.0,1.0,0.3585858585858586,0.5333333333333333,0.7272727272727273,0.7333333333333333,1.0,1.0,1.0,0.5021120293847566,0.45,0.8181818181818182,0.55,1.0,1.0,1.0,0.5532483930211203,0.36,0.8181818181818182,0.44,1.0,1.0,1.0,0.5532483930211203,0.36666666666666664,1.0,0.36666666666666664,1.0,1.0,1.0,0.6201986841093424,0.3142857142857143,1.0,0.3142857142857143,1.0,1.0,1.0,0.6201986841093424,0.275,1.0,0.275,1.0,1.0,1.0,0.6201986841093424,0.24444444444444444,1.0,0.24444444444444444,1.0,1.0,1.0,0.6201986841093424,0.22,1.0,0.22,1.0,1.0,1.0,0.6201986841093424,mini_l6-dj_adpt,2,webtable-la2m_nopca-v=12-distilroberta-dj_adpt~qwen3_8b-dj_adpt
ydn_spending_data_b.pq,1.0,0.08333333333333333,1.0,0.08333333333333333,1.0,1.0,0.08333333333333333,1.0,0.4166666666666667,1.0,0.4166666666666667,1.0,1.0,0.4166666666666667,0.8,0.6666666666666666,1.0,0.8333333333333334,1.0,1.0,0.6666666666666666,0.6666666666666666,0.8333333333333334,0.8,1.0,1.0,1.0,0.7757936507936508,0.55,0.9166666666666666,0.6,1.0,1.0,1.0,0.8330853174603176,0.44,0.9166666666666666,0.48,1.0,1.0,1.0,0.8330853174603176,0.4,1.0,0.4,1.0,1.0,1.0,0.8664186507936508,0.34285714285714286,1.0,0.34285714285714286,1.0,1.0,1.0,0.8664186507936508,0.3,1.0,0.3,1.0,1.0,1.0,0.8664186507936508,0.26666666666666666,1.0,0.26666666666666666,1.0,1.0,1.0,0.8664186507936508,0.24,1.0,0.24,1.0,1.0,1.0,0.8664186507936508,gte_base-dj_adpt,3,webtable-la2m_nopca-v=12-distilroberta-dj_adpt~qwen3_8b-dj_adpt
cihr_co-applicant_b.pq,1.0,0.08333333333333333,1.0,0.08333333333333333,1.0,1.0,0.08333333333333333,1.0,0.4166666666666667,1.0,0.4166666666666667,1.0,1.0,0.4166666666666667,1.0,0.8333333333333334,1.0,0.8333333333333334,1.0,1.0,0.8333333333333334,0.8,1.0,0.8,1.0,1.0,1.0,1.0,0.6,1.0,0.6,1.0,1.0,1.0,1.0,0.48,1.0,0.48,1.0,1.0,1.0,1.0,0.4,1.0,0.4,1.0,1.0,1.0,1.0,0.34285714285714286,1.0,0.34285714285714286,1.0,1.0,1.0,1.0,0.3,1.0,0.3,1.0,1.0,1.0,1.0,0.26666666666666666,1.0,0.26666666666666666,1.0,1.0,1.0,1.0,0.24,1.0,0.24,1.0,1.0,1.0,1.0,gte_base-dj_adpt,3,webtable-la2m_nopca-v=12-distilroberta-dj_adpt~qwen3_8b-dj_adpt
practice_reference_b.pq,1.0,0.06666666666666667,1.0,0.06666666666666667,1.0,1.0,0.06666666666666667,1.0,0.3333333333333333,1.0,0.3333333333333333,1.0,1.0,0.3333333333333333,1.0,0.6666666666666666,1.0,0.6666666666666666,1.0,1.0,0.6666666666666666,1.0,1.0,1.0,1.0,1.0,1.0,1.0,0.75,1.0,0.75,1.0,1.0,1.0,1.0,0.6,1.0,0.6,1.0,1.0,1.0,1.0,0.5,1.0,0.5,1.0,1.0,1.0,1.0,0.42857142857142855,1.0,0.42857142857142855,1.0,1.0,1.0,1.0,0.375,1.0,0.375,1.0,1.0,1.0,1.0,0.3333333333333333,1.0,0.3333333333333333,1.0,1.0,1.0,1.0,0.3,1.0,0.3,1.0,1.0,1.0,1.0,gte_base-dj_adpt,3,webtable-la2m_nopca-v=12-distilroberta-dj_adpt~qwen3_8b-dj_adpt
time_spent_watching_vcr_movies_a.pq,1.0,0.09090909090909091,1.0,0.09090909090909091,1.0,1.0,0.09090909090909091,0.8,0.36363636363636365,1.0,0.45454545454545453,1.0,1.0,0.36363636363636365,0.5,0.45454545454545453,1.0,0.9090909090909091,1.0,1.0,0.4090909090909091,0.6666666666666666,0.9090909090909091,0.7333333333333333,1.0,1.0,1.0,0.6866996639723912,0.55,1.0,0.55,1.0,1.0,1.0,0.7491996639723912,0.44,1.0,0.44,1.0,1.0,1.0,0.7491996639723912,0.36666666666666664,1.0,0.36666666666666664,1.0,1.0,1.0,0.7491996639723912,0.3142857142857143,1.0,0.3142857142857143,1.0,1.0,1.0,0.7491996639723912,0.275,1.0,0.275,1.0,1.0,1.0,0.7491996639723912,0.24444444444444444,1.0,0.24444444444444444,1.0,1.0,1.0,0.7491996639723912,0.22,1.0,0.22,1.0,1.0,1.0,0.7491996639723912,gte_base-dj_adpt,3,webtable-la2m_nopca-v=12-distilroberta-dj_adpt~qwen3_8b-dj_adpt
prescribing_b.pq,1.0,0.06666666666666667,1.0,0.06666666666666667,1.0,1.0,0.06666666666666667,1.0,0.3333333333333333,1.0,0.3333333333333333,1.0,1.0,0.3333333333333333,1.0,0.6666666666666666,1.0,0.6666666666666666,1.0,1.0,0.6666666666666666,1.0,1.0,1.0,1.0,1.0,1.0,1.0,0.75,1.0,0.75,1.0,1.0,1.0,1.0,0.6,1.0,0.6,1.0,1.0,1.0,1.0,0.5,1.0,0.5,1.0,1.0,1.0,1.0,0.42857142857142855,1.0,0.42857142857142855,1.0,1.0,1.0,1.0,0.375,1.0,0.375,1.0,1.0,1.0,1.0,0.3333333333333333,1.0,0.3333333333333333,1.0,1.0,1.0,1.0,0.3,1.0,0.3,1.0,1.0,1.0,1.0,gte_base-dj_adpt,3,webtable-la2m_nopca-v=12-distilroberta-dj_adpt~qwen3_8b-dj_adpt
abandoned_wells_a.pq,1.0,0.09090909090909091,1.0,0.09090909090909091,1.0,1.0,0.09090909090909091,1.0,0.45454545454545453,1.0,0.45454545454545453,1.0,1.0,0.45454545454545453,1.0,0.9090909090909091,1.0,0.9090909090909091,1.0,1.0,0.9090909090909091,0.7333333333333333,1.0,0.7333333333333333,1.0,1.0,1.0,1.0,0.55,1.0,0.55,1.0,1.0,1.0,1.0,0.44,1.0,0.44,1.0,1.0,1.0,1.0,0.36666666666666664,1.0,0.36666666666666664,1.0,1.0,1.0,1.0,0.3142857142857143,1.0,0.3142857142857143,1.0,1.0,1.0,1.0,0.275,1.0,0.275,1.0,1.0,1.0,1.0,0.24444444444444444,1.0,0.24444444444444444,1.0,1.0,1.0,1.0,0.22,1.0,0.22,1.0,1.0,1.0,1.0,gte_base-dj_adpt,3,webtable-la2m_nopca-v=12-distilroberta-dj_adpt~qwen3_8b-dj_adpt
civic_building_locations_a.pq,1.0,0.08333333333333333,1.0,0.08333333333333333,1.0,1.0,0.08333333333333333,0.6,0.25,1.0,0.4166666666666667,1.0,1.0,0.25,0.6,0.5,1.0,0.8333333333333334,1.0,1.0,0.4076388888888889,0.6666666666666666,0.8333333333333334,0.8,1.0,1.0,1.0,0.6334408646908647,0.5,0.8333333333333334,0.6,1.0,1.0,1.0,0.6334408646908647,0.44,0.9166666666666666,0.48,1.0,1.0,1.0,0.6751075313575313,0.36666666666666664,0.9166666666666666,0.4,1.0,1.0,1.0,0.6751075313575313,0.3142857142857143,0.9166666666666666,0.34285714285714286,1.0,1.0,1.0,0.6751075313575313,0.3,1.0,0.3,1.0,1.0,1.0,0.700748556998557,0.26666666666666666,1.0,0.26666666666666666,1.0,1.0,1.0,0.700748556998557,0.24,1.0,0.24,1.0,1.0,1.0,0.700748556998557,gte_base-dj_adpt,3,webtable-la2m_nopca-v=12-distilroberta-dj_adpt~qwen3_8b-dj_adpt
lane_description_b.pq,1.0,0.0625,1.0,0.0625,1.0,1.0,0.0625,1.0,0.3125,1.0,0.3125,1.0,1.0,0.3125,1.0,0.625,1.0,0.625,1.0,1.0,0.625,1.0,0.9375,1.0,0.9375,1.0,1.0,0.9375,0.8,1.0,0.8,1.0,1.0,1.0,1.0,0.64,1.0,0.64,1.0,1.0,1.0,1.0,0.5333333333333333,1.0,0.5333333333333333,1.0,1.0,1.0,1.0,0.45714285714285713,1.0,0.45714285714285713,1.0,1.0,1.0,1.0,0.4,1.0,0.4,1.0,1.0,1.0,1.0,0.35555555555555557,1.0,0.35555555555555557,1.0,1.0,1.0,1.0,0.32,1.0,0.32,1.0,1.0,1.0,1.0,gte_base-dj_adpt,3,webtable-la2m_nopca-v=12-distilroberta-dj_adpt~qwen3_8b-dj_adpt
mines_a.pq,1.0,0.07142857142857142,1.0,0.07142857142857142,1.0,1.0,0.07142857142857142,0.6,0.21428571428571427,1.0,0.35714285714285715,1.0,1.0,0.15,0.6,0.42857142857142855,1.0,0.7142857142857143,1.0,1.0,0.28015873015873016,0.6666666666666666,0.7142857142857143,0.9333333333333333,1.0,1.0,1.0,0.4593188557474272,0.5,0.7142857142857143,0.7,1.0,1.0,1.0,0.4593188557474272,0.4,0.7142857142857143,0.56,1.0,1.0,1.0,0.4593188557474272,0.3333333333333333,0.7142857142857143,0.4666666666666667,1.0,1.0,1.0,0.4593188557474272,0.2857142857142857,0.7142857142857143,0.4,1.0,1.0,1.0,0.4593188557474272,0.275,0.7857142857142857,0.35,1.0,1.0,1.0,0.481144252572824,0.24444444444444444,0.7857142857142857,0.3111111111111111,1.0,1.0,1.0,0.481144252572824,0.22,0.7857142857142857,0.28,1.0,1.0,1.0,0.481144252572824,gte_base-dj_adpt,3,webtable-la2m_nopca-v=12-distilroberta-dj_adpt~qwen3_8b-dj_adpt
animal_tag_data_a.pq,1.0,0.08333333333333333,1.0,0.08333333333333333,1.0,1.0,0.08333333333333333,1.0,0.4166666666666667,1.0,0.4166666666666667,1.0,1.0,0.4166666666666667,1.0,0.8333333333333334,1.0,0.8333333333333334,1.0,1.0,0.8333333333333334,0.8,1.0,0.8,1.0,1.0,1.0,1.0,0.6,1.0,0.6,1.0,1.0,1.0,1.0,0.48,1.0,0.48,1.0,1.0,1.0,1.0,0.4,1.0,0.4,1.0,1.0,1.0,1.0,0.34285714285714286,1.0,0.34285714285714286,1.0,1.0,1.0,1.0,0.3,1.0,0.3,1.0,1.0,1.0,1.0,0.26666666666666666,1.0,0.26666666666666666,1.0,1.0,1.0,1.0,0.24,1.0,0.24,1.0,1.0,1.0,1.0,gte_base-dj_adpt,3,webtable-la2m_nopca-v=12-distilroberta-dj_adpt~qwen3_8b-dj_adpt
contributors_parties_b.pq,1.0,0.047619047619047616,1.0,0.047619047619047616,1.0,1.0,0.047619047619047616,1.0,0.23809523809523808,1.0,0.23809523809523808,1.0,1.0,0.23809523809523808,1.0,0.47619047619047616,1.0,0.47619047619047616,1.0,1.0,0.47619047619047616,1.0,0.7142857142857143,1.0,0.7142857142857143,1.0,1.0,0.7142857142857143,0.85,0.8095238095238095,1.0,0.9523809523809523,1.0,1.0,0.8095238095238095,0.68,0.8095238095238095,0.84,1.0,1.0,1.0,0.8095238095238095,0.5666666666666667,0.8095238095238095,0.7,1.0,1.0,1.0,0.8095238095238095,0.4857142857142857,0.8095238095238095,0.6,1.0,1.0,1.0,0.8095238095238095,0.425,0.8095238095238095,0.525,1.0,1.0,1.0,0.8095238095238095,0.37777777777777777,0.8095238095238095,0.4666666666666667,1.0,1.0,1.0,0.8095238095238095,0.34,0.8095238095238095,0.42,1.0,1.0,1.0,0.8095238095238095,gte_base-dj_adpt,3,webtable-la2m_nopca-v=12-distilroberta-dj_adpt~qwen3_8b-dj_adpt
film_locations_in_san_francisco_a.pq,1.0,0.07692307692307693,1.0,0.07692307692307693,1.0,1.0,0.07692307692307693,1.0,0.38461538461538464,1.0,0.38461538461538464,1.0,1.0,0.38461538461538464,0.5,0.38461538461538464,1.0,0.7692307692307693,1.0,1.0,0.38461538461538464,0.6666666666666666,0.7692307692307693,0.8666666666666667,1.0,1.0,1.0,0.6195151002843311,0.65,1.0,0.65,1.0,1.0,1.0,0.7822539137584387,0.52,1.0,0.52,1.0,1.0,1.0,0.7822539137584387,0.43333333333333335,1.0,0.43333333333333335,1.0,1.0,1.0,0.7822539137584387,0.37142857142857144,1.0,0.37142857142857144,1.0,1.0,1.0,0.7822539137584387,0.325,1.0,0.325,1.0,1.0,1.0,0.7822539137584387,0.28888888888888886,1.0,0.28888888888888886,1.0,1.0,1.0,0.7822539137584387,0.26,1.0,0.26,1.0,1.0,1.0,0.7822539137584387,gte_base-dj_adpt,3,webtable-la2m_nopca-v=12-distilroberta-dj_adpt~qwen3_8b-dj_adpt
ipopayments_a.pq,1.0,0.06666666666666667,1.0,0.06666666666666667,1.0,1.0,0.06666666666666667,1.0,0.3333333333333333,1.0,0.3333333333333333,1.0,1.0,0.3333333333333333,1.0,0.6666666666666666,1.0,0.6666666666666666,1.0,1.0,0.6666666666666666,0.9333333333333333,0.9333333333333333,1.0,1.0,1.0,1.0,0.9333333333333333,0.7,0.9333333333333333,0.75,1.0,1.0,1.0,0.9333333333333333,0.56,0.9333333333333333,0.6,1.0,1.0,1.0,0.9333333333333333,0.4666666666666667,0.9333333333333333,0.5,1.0,1.0,1.0,0.9333333333333333,0.4,0.9333333333333333,0.42857142857142855,1.0,1.0,1.0,0.9333333333333333,0.35,0.9333333333333333,0.375,1.0,1.0,1.0,0.9333333333333333,0.3111111111111111,0.9333333333333333,0.3333333333333333,1.0,1.0,1.0,0.9333333333333333,0.28,0.9333333333333333,0.3,1.0,1.0,1.0,0.9333333333333333,gte_base-dj_adpt,3,webtable-la2m_nopca-v=12-distilroberta-dj_adpt~qwen3_8b-dj_adpt
minister_meetings_a.pq,1.0,0.1,1.0,0.1,1.0,1.0,0.1,0.6,0.3,1.0,0.5,1.0,1.0,0.26,0.4,0.4,1.0,1.0,1.0,1.0,0.32666666666666666,0.26666666666666666,0.4,0.6666666666666666,1.0,1.0,1.0,0.32666666666666666,0.2,0.4,0.5,1.0,1.0,1.0,0.32666666666666666,0.16,0.4,0.4,1.0,1.0,1.0,0.32666666666666666,0.13333333333333333,0.4,0.3333333333333333,1.0,1.0,1.0,0.32666666666666666,0.11428571428571428,0.4,0.2857142857142857,1.0,1.0,1.0,0.32666666666666666,0.1,0.4,0.25,1.0,1.0,1.0,0.32666666666666666,0.08888888888888889,0.4,0.2222222222222222,1.0,1.0,1.0,0.32666666666666666,0.1,0.5,0.2,1.0,1.0,1.0,0.33666666666666667,gte_base-dj_adpt,3,webtable-la2m_nopca-v=12-distilroberta-dj_adpt~qwen3_8b-dj_adpt
monthly_data_feed_a.pq,1.0,0.07692307692307693,1.0,0.07692307692307693,1.0,1.0,0.07692307692307693,1.0,0.38461538461538464,1.0,0.38461538461538464,1.0,1.0,0.38461538461538464,0.7,0.5384615384615384,1.0,0.7692307692307693,1.0,1.0,0.5384615384615384,0.6666666666666666,0.7692307692307693,0.8666666666666667,1.0,1.0,1.0,0.686531417300648,0.6,0.9230769230769231,0.65,1.0,1.0,1.0,0.7937146752192,0.52,1.0,0.52,1.0,1.0,1.0,0.8337146752192002,0.43333333333333335,1.0,0.43333333333333335,1.0,1.0,1.0,0.8337146752192002,0.37142857142857144,1.0,0.37142857142857144,1.0,1.0,1.0,0.8337146752192002,0.325,1.0,0.325,1.0,1.0,1.0,0.8337146752192002,0.28888888888888886,1.0,0.28888888888888886,1.0,1.0,1.0,0.8337146752192002,0.26,1.0,0.26,1.0,1.0,1.0,0.8337146752192002,gte_base-dj_adpt,3,webtable-la2m_nopca-v=12-distilroberta-dj_adpt~qwen3_8b-dj_adpt
purchasing_card_a.pq,1.0,0.07692307692307693,1.0,0.07692307692307693,1.0,1.0,0.07692307692307693,0.8,0.3076923076923077,1.0,0.38461538461538464,1.0,1.0,0.24743589743589745,0.9,0.6923076923076923,1.0,0.7692307692307693,1.0,1.0,0.5823870573870574,0.6666666666666666,0.7692307692307693,0.8666666666666667,1.0,1.0,1.0,0.6523171273171273,0.55,0.8461538461538461,0.65,1.0,1.0,1.0,0.6993256743256744,0.48,0.9230769230769231,0.52,1.0,1.0,1.0,0.7394594535898883,0.43333333333333335,1.0,0.43333333333333335,1.0,1.0,1.0,0.7779209920514268,0.37142857142857144,1.0,0.37142857142857144,1.0,1.0,1.0,0.7779209920514268,0.325,1.0,0.325,1.0,1.0,1.0,0.7779209920514268,0.28888888888888886,1.0,0.28888888888888886,1.0,1.0,1.0,0.7779209920514268,0.26,1.0,0.26,1.0,1.0,1.0,0.7779209920514268,gte_base-dj_adpt,3,webtable-la2m_nopca-v=12-distilroberta-dj_adpt~qwen3_8b-dj_adpt
report_card_discipline_for_2015_16_a.pq,1.0,0.09090909090909091,1.0,0.09090909090909091,1.0,1.0,0.09090909090909091,0.6,0.2727272727272727,1.0,0.45454545454545453,1.0,1.0,0.19090909090909092,0.8,0.7272727272727273,1.0,0.9090909090909091,1.0,1.0,0.528066378066378,0.7333333333333333,1.0,0.7333333333333333,1.0,1.0,1.0,0.7551271960362869,0.55,1.0,0.55,1.0,1.0,1.0,0.7551271960362869,0.44,1.0,0.44,1.0,1.0,1.0,0.7551271960362869,0.36666666666666664,1.0,0.36666666666666664,1.0,1.0,1.0,0.7551271960362869,0.3142857142857143,1.0,0.3142857142857143,1.0,1.0,1.0,0.7551271960362869,0.275,1.0,0.275,1.0,1.0,1.0,0.7551271960362869,0.24444444444444444,1.0,0.24444444444444444,1.0,1.0,1.0,0.7551271960362869,0.22,1.0,0.22,1.0,1.0,1.0,0.7551271960362869,gte_base-dj_adpt,3,webtable-la2m_nopca-v=12-distilroberta-dj_adpt~qwen3_8b-dj_adpt
senior_officials_expenses_a.pq,1.0,0.09090909090909091,1.0,0.09090909090909091,1.0,1.0,0.09090909090909091,0.8,0.36363636363636365,1.0,0.45454545454545453,1.0,1.0,0.2924242424242424,0.5,0.45454545454545453,1.0,0.9090909090909091,1.0,1.0,0.36818181818181817,0.4666666666666667,0.6363636363636364,0.7333333333333333,1.0,1.0,1.0,0.4555944055944056,0.5,0.9090909090909091,0.55,1.0,1.0,1.0,0.5996823437999909,0.4,0.9090909090909091,0.44,1.0,1.0,1.0,0.5996823437999909,0.3333333333333333,0.9090909090909091,0.36666666666666664,1.0,1.0,1.0,0.5996823437999909,0.2857142857142857,0.9090909090909091,0.3142857142857143,1.0,1.0,1.0,0.5996823437999909,0.25,0.9090909090909091,0.275,1.0,1.0,1.0,0.5996823437999909,0.2222222222222222,0.9090909090909091,0.24444444444444444,1.0,1.0,1.0,0.5996823437999909,0.2,0.9090909090909091,0.22,1.0,1.0,1.0,0.5996823437999909,gte_base-dj_adpt,3,webtable-la2m_nopca-v=12-distilroberta-dj_adpt~qwen3_8b-dj_adpt
311_calls_historic_data_a.pq,1.0,0.09090909090909091,1.0,0.09090909090909091,1.0,1.0,0.09090909090909091,0.8,0.36363636363636365,1.0,0.45454545454545453,1.0,1.0,0.2924242424242424,0.9,0.8181818181818182,1.0,0.9090909090909091,1.0,1.0,0.6882756132756133,0.7333333333333333,1.0,0.7333333333333333,1.0,1.0,1.0,0.8542535747081202,0.55,1.0,0.55,1.0,1.0,1.0,0.8542535747081202,0.44,1.0,0.44,1.0,1.0,1.0,0.8542535747081202,0.36666666666666664,1.0,0.36666666666666664,1.0,1.0,1.0,0.8542535747081202,0.3142857142857143,1.0,0.3142857142857143,1.0,1.0,1.0,0.8542535747081202,0.275,1.0,0.275,1.0,1.0,1.0,0.8542535747081202,0.24444444444444444,1.0,0.24444444444444444,1.0,1.0,1.0,0.8542535747081202,0.22,1.0,0.22,1.0,1.0,1.0,0.8542535747081202,gte_base-dj_adpt,3,webtable-la2m_nopca-v=12-distilroberta-dj_adpt~qwen3_8b-dj_adpt
stockport_contracts_a.pq,1.0,0.07692307692307693,1.0,0.07692307692307693,1.0,1.0,0.07692307692307693,1.0,0.38461538461538464,1.0,0.38461538461538464,1.0,1.0,0.38461538461538464,1.0,0.7692307692307693,1.0,0.7692307692307693,1.0,1.0,0.7692307692307693,0.8666666666666667,1.0,0.8666666666666667,1.0,1.0,1.0,0.9885883347421809,0.65,1.0,0.65,1.0,1.0,1.0,0.9885883347421809,0.52,1.0,0.52,1.0,1.0,1.0,0.9885883347421809,0.43333333333333335,1.0,0.43333333333333335,1.0,1.0,1.0,0.9885883347421809,0.37142857142857144,1.0,0.37142857142857144,1.0,1.0,1.0,0.9885883347421809,0.325,1.0,0.325,1.0,1.0,1.0,0.9885883347421809,0.28888888888888886,1.0,0.28888888888888886,1.0,1.0,1.0,0.9885883347421809,0.26,1.0,0.26,1.0,1.0,1.0,0.9885883347421809,gte_base-dj_adpt,3,webtable-la2m_nopca-v=12-distilroberta-dj_adpt~qwen3_8b-dj_adpt
albums_a.pq,1.0,0.0625,1.0,0.0625,1.0,1.0,0.0625,1.0,0.3125,1.0,0.3125,1.0,1.0,0.3125,1.0,0.625,1.0,0.625,1.0,1.0,0.625,1.0,0.9375,1.0,0.9375,1.0,1.0,0.9375,0.8,1.0,0.8,1.0,1.0,1.0,1.0,0.64,1.0,0.64,1.0,1.0,1.0,1.0,0.5333333333333333,1.0,0.5333333333333333,1.0,1.0,1.0,1.0,0.45714285714285713,1.0,0.45714285714285713,1.0,1.0,1.0,1.0,0.4,1.0,0.4,1.0,1.0,1.0,1.0,0.35555555555555557,1.0,0.35555555555555557,1.0,1.0,1.0,1.0,0.32,1.0,0.32,1.0,1.0,1.0,1.0,gte_base-dj_adpt,3,webtable-la2m_nopca-v=12-distilroberta-dj_adpt~qwen3_8b-dj_adpt
cdc_nutrition_physical_activity_and_obesity_legislation_a.pq,1.0,0.09090909090909091,1.0,0.09090909090909091,1.0,1.0,0.09090909090909091,1.0,0.45454545454545453,1.0,0.45454545454545453,1.0,1.0,0.45454545454545453,1.0,0.9090909090909091,1.0,0.9090909090909091,1.0,1.0,0.9090909090909091,0.7333333333333333,1.0,0.7333333333333333,1.0,1.0,1.0,1.0,0.55,1.0,0.55,1.0,1.0,1.0,1.0,0.44,1.0,0.44,1.0,1.0,1.0,1.0,0.36666666666666664,1.0,0.36666666666666664,1.0,1.0,1.0,1.0,0.3142857142857143,1.0,0.3142857142857143,1.0,1.0,1.0,1.0,0.275,1.0,0.275,1.0,1.0,1.0,1.0,0.24444444444444444,1.0,0.24444444444444444,1.0,1.0,1.0,1.0,0.22,1.0,0.22,1.0,1.0,1.0,1.0,gte_base-dj_adpt,3,webtable-la2m_nopca-v=12-distilroberta-dj_adpt~qwen3_8b-dj_adpt
oil_and_gas_summary_production_data_1967_1999_a.pq,1.0,0.09090909090909091,1.0,0.09090909090909091,1.0,1.0,0.09090909090909091,1.0,0.45454545454545453,1.0,0.45454545454545453,1.0,1.0,0.45454545454545453,0.8,0.7272727272727273,1.0,0.9090909090909091,1.0,1.0,0.6847402597402598,0.6666666666666666,0.9090909090909091,0.7333333333333333,1.0,1.0,1.0,0.8126123876123876,0.55,1.0,0.55,1.0,1.0,1.0,0.8751123876123876,0.44,1.0,0.44,1.0,1.0,1.0,0.8751123876123876,0.36666666666666664,1.0,0.36666666666666664,1.0,1.0,1.0,0.8751123876123876,0.3142857142857143,1.0,0.3142857142857143,1.0,1.0,1.0,0.8751123876123876,0.275,1.0,0.275,1.0,1.0,1.0,0.8751123876123876,0.24444444444444444,1.0,0.24444444444444444,1.0,1.0,1.0,0.8751123876123876,0.22,1.0,0.22,1.0,1.0,1.0,0.8751123876123876,gte_base-dj_adpt,3,webtable-la2m_nopca-v=12-distilroberta-dj_adpt~qwen3_8b-dj_adpt
ydn_spending_data_a.pq,1.0,0.08333333333333333,1.0,0.08333333333333333,1.0,1.0,0.08333333333333333,0.8,0.3333333333333333,1.0,0.4166666666666667,1.0,1.0,0.29583333333333334,0.9,0.75,1.0,0.8333333333333334,1.0,1.0,0.65869708994709,0.6666666666666666,0.8333333333333334,0.8,1.0,1.0,1.0,0.7344546657046657,0.5,0.8333333333333334,0.6,1.0,1.0,1.0,0.7344546657046657,0.44,0.9166666666666666,0.48,1.0,1.0,1.0,0.7726491101491102,0.36666666666666664,0.9166666666666666,0.4,1.0,1.0,1.0,0.7726491101491102,0.3142857142857143,0.9166666666666666,0.34285714285714286,1.0,1.0,1.0,0.7726491101491102,0.3,1.0,0.3,1.0,1.0,1.0,0.8004268879268879,0.26666666666666666,1.0,0.26666666666666666,1.0,1.0,1.0,0.8004268879268879,0.24,1.0,0.24,1.0,1.0,1.0,0.8004268879268879,gte_base-dj_adpt,3,webtable-la2m_nopca-v=12-distilroberta-dj_adpt~qwen3_8b-dj_adpt
animal_tag_data_b.pq,1.0,0.08333333333333333,1.0,0.08333333333333333,1.0,1.0,0.08333333333333333,1.0,0.4166666666666667,1.0,0.4166666666666667,1.0,1.0,0.4166666666666667,1.0,0.8333333333333334,1.0,0.8333333333333334,1.0,1.0,0.8333333333333334,0.7333333333333333,0.9166666666666666,0.8,1.0,1.0,1.0,0.9097222222222222,0.55,0.9166666666666666,0.6,1.0,1.0,1.0,0.9097222222222222,0.44,0.9166666666666666,0.48,1.0,1.0,1.0,0.9097222222222222,0.4,1.0,0.4,1.0,1.0,1.0,0.9442049808429118,0.34285714285714286,1.0,0.34285714285714286,1.0,1.0,1.0,0.9442049808429118,0.3,1.0,0.3,1.0,1.0,1.0,0.9442049808429118,0.26666666666666666,1.0,0.26666666666666666,1.0,1.0,1.0,0.9442049808429118,0.24,1.0,0.24,1.0,1.0,1.0,0.9442049808429118,gte_base-dj_adpt,3,webtable-la2m_nopca-v=12-distilroberta-dj_adpt~qwen3_8b-dj_adpt
complaint_by_practice_a.pq,1.0,0.07692307692307693,1.0,0.07692307692307693,1.0,1.0,0.07692307692307693,0.8,0.3076923076923077,1.0,0.38461538461538464,1.0,1.0,0.3076923076923077,0.8,0.6153846153846154,1.0,0.7692307692307693,1.0,1.0,0.5665750915750916,0.6,0.6923076923076923,0.8666666666666667,1.0,1.0,1.0,0.6295121545121545,0.6,0.9230769230769231,0.65,1.0,1.0,1.0,0.762935456356509,0.52,1.0,0.52,1.0,1.0,1.0,0.8105545039755566,0.43333333333333335,1.0,0.43333333333333335,1.0,1.0,1.0,0.8105545039755566,0.37142857142857144,1.0,0.37142857142857144,1.0,1.0,1.0,0.8105545039755566,0.325,1.0,0.325,1.0,1.0,1.0,0.8105545039755566,0.28888888888888886,1.0,0.28888888888888886,1.0,1.0,1.0,0.8105545039755566,0.26,1.0,0.26,1.0,1.0,1.0,0.8105545039755566,gte_base-dj_adpt,3,webtable-la2m_nopca-v=12-distilroberta-dj_adpt~qwen3_8b-dj_adpt
biodiversity_a.pq,1.0,0.09090909090909091,1.0,0.09090909090909091,1.0,1.0,0.09090909090909091,0.6,0.2727272727272727,1.0,0.45454545454545453,1.0,1.0,0.19090909090909092,0.5,0.45454545454545453,1.0,0.9090909090909091,1.0,1.0,0.3164502164502165,0.3333333333333333,0.45454545454545453,0.7333333333333333,1.0,1.0,1.0,0.3164502164502165,0.25,0.45454545454545453,0.55,1.0,1.0,1.0,0.3164502164502165,0.24,0.5454545454545454,0.44,1.0,1.0,1.0,0.3391774891774892,0.2,0.5454545454545454,0.36666666666666664,1.0,1.0,1.0,0.3391774891774892,0.2,0.6363636363636364,0.3142857142857143,1.0,1.0,1.0,0.3597053484150258,0.175,0.6363636363636364,0.275,1.0,1.0,1.0,0.3597053484150258,0.15555555555555556,0.6363636363636364,0.24444444444444444,1.0,1.0,1.0,0.3597053484150258,0.14,0.6363636363636364,0.22,1.0,1.0,1.0,0.3597053484150258,gte_base-dj_adpt,3,webtable-la2m_nopca-v=12-distilroberta-dj_adpt~qwen3_8b-dj_adpt
psyckes_antipsychotic_polypharmacy_quality_indicators_beginning_2012_a.pq,1.0,0.09090909090909091,1.0,0.09090909090909091,1.0,1.0,0.09090909090909091,0.2,0.09090909090909091,1.0,0.45454545454545453,1.0,1.0,0.09090909090909091,0.1,0.09090909090909091,1.0,0.9090909090909091,1.0,1.0,0.09090909090909091,0.26666666666666666,0.36363636363636365,0.7333333333333333,1.0,1.0,1.0,0.14861804861804861,0.4,0.7272727272727273,0.55,1.0,1.0,1.0,0.27551550616566095,0.4,0.9090909090909091,0.44,1.0,1.0,1.0,0.35400223682630466,0.3333333333333333,0.9090909090909091,0.36666666666666664,1.0,1.0,1.0,0.35400223682630466,0.2857142857142857,0.9090909090909091,0.3142857142857143,1.0,1.0,1.0,0.35400223682630466,0.25,0.9090909090909091,0.275,1.0,1.0,1.0,0.35400223682630466,0.2222222222222222,0.9090909090909091,0.24444444444444444,1.0,1.0,1.0,0.35400223682630466,0.2,0.9090909090909091,0.22,1.0,1.0,1.0,0.35400223682630466,gte_base-dj_adpt,3,webtable-la2m_nopca-v=12-distilroberta-dj_adpt~qwen3_8b-dj_adpt
deaths_2012_2018_a.pq,1.0,0.09090909090909091,1.0,0.09090909090909091,1.0,1.0,0.09090909090909091,1.0,0.45454545454545453,1.0,0.45454545454545453,1.0,1.0,0.45454545454545453,0.6,0.5454545454545454,1.0,0.9090909090909091,1.0,1.0,0.5454545454545454,0.7333333333333333,1.0,0.7333333333333333,1.0,1.0,1.0,0.858450640268822,0.55,1.0,0.55,1.0,1.0,1.0,0.858450640268822,0.44,1.0,0.44,1.0,1.0,1.0,0.858450640268822,0.36666666666666664,1.0,0.36666666666666664,1.0,1.0,1.0,0.858450640268822,0.3142857142857143,1.0,0.3142857142857143,1.0,1.0,1.0,0.858450640268822,0.275,1.0,0.275,1.0,1.0,1.0,0.858450640268822,0.24444444444444444,1.0,0.24444444444444444,1.0,1.0,1.0,0.858450640268822,0.22,1.0,0.22,1.0,1.0,1.0,0.858450640268822,gte_base-dj_adpt,3,webtable-la2m_nopca-v=12-distilroberta-dj_adpt~qwen3_8b-dj_adpt
tuition_assistance_program_tap_recipients_a.pq,1.0,0.09090909090909091,1.0,0.09090909090909091,1.0,1.0,0.09090909090909091,0.2,0.09090909090909091,1.0,0.45454545454545453,1.0,1.0,0.09090909090909091,0.1,0.09090909090909091,1.0,0.9090909090909091,1.0,1.0,0.09090909090909091,0.26666666666666666,0.36363636363636365,0.7333333333333333,1.0,1.0,1.0,0.14861804861804861,0.45,0.8181818181818182,0.55,1.0,1.0,1.0,0.3236528392488145,0.44,1.0,0.44,1.0,1.0,1.0,0.41239742799340323,0.36666666666666664,1.0,0.36666666666666664,1.0,1.0,1.0,0.41239742799340323,0.3142857142857143,1.0,0.3142857142857143,1.0,1.0,1.0,0.41239742799340323,0.275,1.0,0.275,1.0,1.0,1.0,0.41239742799340323,0.24444444444444444,1.0,0.24444444444444444,1.0,1.0,1.0,0.41239742799340323,0.22,1.0,0.22,1.0,1.0,1.0,0.41239742799340323,gte_base-dj_adpt,3,webtable-la2m_nopca-v=12-distilroberta-dj_adpt~qwen3_8b-dj_adpt
contributors_parties_a.pq,1.0,0.047619047619047616,1.0,0.047619047619047616,1.0,1.0,0.047619047619047616,1.0,0.23809523809523808,1.0,0.23809523809523808,1.0,1.0,0.23809523809523808,1.0,0.47619047619047616,1.0,0.47619047619047616,1.0,1.0,0.47619047619047616,1.0,0.7142857142857143,1.0,0.7142857142857143,1.0,1.0,0.7142857142857143,1.0,0.9523809523809523,1.0,0.9523809523809523,1.0,1.0,0.9523809523809523,0.84,1.0,0.84,1.0,1.0,1.0,1.0,0.7,1.0,0.7,1.0,1.0,1.0,1.0,0.6,1.0,0.6,1.0,1.0,1.0,1.0,0.525,1.0,0.525,1.0,1.0,1.0,1.0,0.4666666666666667,1.0,0.4666666666666667,1.0,1.0,1.0,1.0,0.42,1.0,0.42,1.0,1.0,1.0,1.0,gte_base-dj_adpt,3,webtable-la2m_nopca-v=12-distilroberta-dj_adpt~qwen3_8b-dj_adpt
lane_description_a.pq,1.0,0.0625,1.0,0.0625,1.0,1.0,0.0625,1.0,0.3125,1.0,0.3125,1.0,1.0,0.3125,0.7,0.4375,1.0,0.625,1.0,1.0,0.41875,0.6666666666666666,0.625,1.0,0.9375,1.0,1.0,0.5390567765567765,0.75,0.9375,0.8,1.0,1.0,1.0,0.7642096940834363,0.64,1.0,0.64,1.0,1.0,1.0,0.811828741702484,0.5333333333333333,1.0,0.5333333333333333,1.0,1.0,1.0,0.811828741702484,0.45714285714285713,1.0,0.45714285714285713,1.0,1.0,1.0,0.811828741702484,0.4,1.0,0.4,1.0,1.0,1.0,0.811828741702484,0.35555555555555557,1.0,0.35555555555555557,1.0,1.0,1.0,0.811828741702484,0.32,1.0,0.32,1.0,1.0,1.0,0.811828741702484,gte_base-dj_adpt,3,webtable-la2m_nopca-v=12-distilroberta-dj_adpt~qwen3_8b-dj_adpt
complaint_by_practice_b.pq,1.0,0.07692307692307693,1.0,0.07692307692307693,1.0,1.0,0.07692307692307693,1.0,0.38461538461538464,1.0,0.38461538461538464,1.0,1.0,0.38461538461538464,1.0,0.7692307692307693,1.0,0.7692307692307693,1.0,1.0,0.7692307692307693,0.8666666666666667,1.0,0.8666666666666667,1.0,1.0,1.0,1.0,0.65,1.0,0.65,1.0,1.0,1.0,1.0,0.52,1.0,0.52,1.0,1.0,1.0,1.0,0.43333333333333335,1.0,0.43333333333333335,1.0,1.0,1.0,1.0,0.37142857142857144,1.0,0.37142857142857144,1.0,1.0,1.0,1.0,0.325,1.0,0.325,1.0,1.0,1.0,1.0,0.28888888888888886,1.0,0.28888888888888886,1.0,1.0,1.0,1.0,0.26,1.0,0.26,1.0,1.0,1.0,1.0,gte_base-dj_adpt,3,webtable-la2m_nopca-v=12-distilroberta-dj_adpt~qwen3_8b-dj_adpt
mines_b.pq,1.0,0.07142857142857142,1.0,0.07142857142857142,1.0,1.0,0.07142857142857142,0.4,0.14285714285714285,1.0,0.35714285714285715,1.0,1.0,0.11904761904761904,0.2,0.14285714285714285,1.0,0.7142857142857143,1.0,1.0,0.11904761904761904,0.2,0.21428571428571427,0.9333333333333333,1.0,1.0,1.0,0.1369047619047619,0.15,0.21428571428571427,0.7,1.0,1.0,1.0,0.1369047619047619,0.12,0.21428571428571427,0.56,1.0,1.0,1.0,0.1369047619047619,0.1,0.21428571428571427,0.4666666666666667,1.0,1.0,1.0,0.1369047619047619,0.08571428571428572,0.21428571428571427,0.4,1.0,1.0,1.0,0.1369047619047619,0.075,0.21428571428571427,0.35,1.0,1.0,1.0,0.1369047619047619,0.06666666666666667,0.21428571428571427,0.3111111111111111,1.0,1.0,1.0,0.1369047619047619,0.06,0.21428571428571427,0.28,1.0,1.0,1.0,0.1369047619047619,gte_base-dj_adpt,3,webtable-la2m_nopca-v=12-distilroberta-dj_adpt~qwen3_8b-dj_adpt
job_pay_scales_a.pq,1.0,0.06666666666666667,1.0,0.06666666666666667,1.0,1.0,0.06666666666666667,1.0,0.3333333333333333,1.0,0.3333333333333333,1.0,1.0,0.3333333333333333,1.0,0.6666666666666666,1.0,0.6666666666666666,1.0,1.0,0.6666666666666666,0.7333333333333333,0.7333333333333333,1.0,1.0,1.0,1.0,0.7333333333333333,0.7,0.9333333333333333,0.75,1.0,1.0,1.0,0.877663112028437,0.6,1.0,0.6,1.0,1.0,1.0,0.9176631120284371,0.5,1.0,0.5,1.0,1.0,1.0,0.9176631120284371,0.42857142857142855,1.0,0.42857142857142855,1.0,1.0,1.0,0.9176631120284371,0.375,1.0,0.375,1.0,1.0,1.0,0.9176631120284371,0.3333333333333333,1.0,0.3333333333333333,1.0,1.0,1.0,0.9176631120284371,0.3,1.0,0.3,1.0,1.0,1.0,0.9176631120284371,gte_base-dj_adpt,3,webtable-la2m_nopca-v=12-distilroberta-dj_adpt~qwen3_8b-dj_adpt
wholesale_markets_a.pq,1.0,0.09090909090909091,1.0,0.09090909090909091,1.0,1.0,0.09090909090909091,0.2,0.09090909090909091,1.0,0.45454545454545453,1.0,1.0,0.09090909090909091,0.1,0.09090909090909091,1.0,0.9090909090909091,1.0,1.0,0.09090909090909091,0.06666666666666667,0.09090909090909091,0.7333333333333333,1.0,1.0,1.0,0.09090909090909091,0.05,0.09090909090909091,0.55,1.0,1.0,1.0,0.09090909090909091,0.04,0.09090909090909091,0.44,1.0,1.0,1.0,0.09090909090909091,0.03333333333333333,0.09090909090909091,0.36666666666666664,1.0,1.0,1.0,0.09090909090909091,0.02857142857142857,0.09090909090909091,0.3142857142857143,1.0,1.0,1.0,0.09090909090909091,0.025,0.09090909090909091,0.275,1.0,1.0,1.0,0.09090909090909091,0.044444444444444446,0.18181818181818182,0.24444444444444444,1.0,1.0,1.0,0.09494949494949495,0.08,0.36363636363636365,0.22,1.0,1.0,1.0,0.10845410628019324,gte_base-dj_adpt,3,webtable-la2m_nopca-v=12-distilroberta-dj_adpt~qwen3_8b-dj_adpt
workforce_management_information_a.pq,1.0,0.05555555555555555,1.0,0.05555555555555555,1.0,1.0,0.05555555555555555,1.0,0.2777777777777778,1.0,0.2777777777777778,1.0,1.0,0.2777777777777778,1.0,0.5555555555555556,1.0,0.5555555555555556,1.0,1.0,0.5555555555555556,0.8666666666666667,0.7222222222222222,1.0,0.8333333333333334,1.0,1.0,0.7222222222222222,0.65,0.7222222222222222,0.9,1.0,1.0,1.0,0.7222222222222222,0.56,0.7777777777777778,0.72,1.0,1.0,1.0,0.7560386473429952,0.5333333333333333,0.8888888888888888,0.6,1.0,1.0,1.0,0.819835961140309,0.45714285714285713,0.8888888888888888,0.5142857142857142,1.0,1.0,1.0,0.819835961140309,0.45,1.0,0.45,1.0,1.0,1.0,0.8730975560685705,0.4,1.0,0.4,1.0,1.0,1.0,0.8730975560685705,0.36,1.0,0.36,1.0,1.0,1.0,0.8730975560685705,gte_base-dj_adpt,3,webtable-la2m_nopca-v=12-distilroberta-dj_adpt~qwen3_8b-dj_adpt
workforce_management_information_b.pq,1.0,0.05555555555555555,1.0,0.05555555555555555,1.0,1.0,0.05555555555555555,1.0,0.2777777777777778,1.0,0.2777777777777778,1.0,1.0,0.2777777777777778,1.0,0.5555555555555556,1.0,0.5555555555555556,1.0,1.0,0.5555555555555556,0.8666666666666667,0.7222222222222222,1.0,0.8333333333333334,1.0,1.0,0.7222222222222222,0.7,0.7777777777777778,0.9,1.0,1.0,1.0,0.7611111111111111,0.6,0.8333333333333334,0.72,1.0,1.0,1.0,0.7989898989898989,0.5,0.8333333333333334,0.6,1.0,1.0,1.0,0.7989898989898989,0.45714285714285713,0.8888888888888888,0.5142857142857142,1.0,1.0,1.0,0.8243867243867243,0.45,1.0,0.45,1.0,1.0,1.0,0.877648319314986,0.4,1.0,0.4,1.0,1.0,1.0,0.877648319314986,0.36,1.0,0.36,1.0,1.0,1.0,0.877648319314986,gte_base-dj_adpt,3,webtable-la2m_nopca-v=12-distilroberta-dj_adpt~qwen3_8b-dj_adpt
stockport_contracts_b.pq,1.0,0.07692307692307693,1.0,0.07692307692307693,1.0,1.0,0.07692307692307693,0.8,0.3076923076923077,1.0,0.38461538461538464,1.0,1.0,0.27307692307692305,0.9,0.6923076923076923,1.0,0.7692307692307693,1.0,1.0,0.608028083028083,0.8666666666666667,1.0,0.8666666666666667,1.0,1.0,1.0,0.8810717060717062,0.65,1.0,0.65,1.0,1.0,1.0,0.8810717060717062,0.52,1.0,0.52,1.0,1.0,1.0,0.8810717060717062,0.43333333333333335,1.0,0.43333333333333335,1.0,1.0,1.0,0.8810717060717062,0.37142857142857144,1.0,0.37142857142857144,1.0,1.0,1.0,0.8810717060717062,0.325,1.0,0.325,1.0,1.0,1.0,0.8810717060717062,0.28888888888888886,1.0,0.28888888888888886,1.0,1.0,1.0,0.8810717060717062,0.26,1.0,0.26,1.0,1.0,1.0,0.8810717060717062,gte_base-dj_adpt,3,webtable-la2m_nopca-v=12-distilroberta-dj_adpt~qwen3_8b-dj_adpt
business_rates_a.pq,1.0,0.08333333333333333,1.0,0.08333333333333333,1.0,1.0,0.08333333333333333,0.8,0.3333333333333333,1.0,0.4166666666666667,1.0,1.0,0.29583333333333334,0.9,0.75,1.0,0.8333333333333334,1.0,1.0,0.65869708994709,0.8,1.0,0.8,1.0,1.0,1.0,0.8877666315166315,0.6,1.0,0.6,1.0,1.0,1.0,0.8877666315166315,0.48,1.0,0.48,1.0,1.0,1.0,0.8877666315166315,0.4,1.0,0.4,1.0,1.0,1.0,0.8877666315166315,0.34285714285714286,1.0,0.34285714285714286,1.0,1.0,1.0,0.8877666315166315,0.3,1.0,0.3,1.0,1.0,1.0,0.8877666315166315,0.26666666666666666,1.0,0.26666666666666666,1.0,1.0,1.0,0.8877666315166315,0.24,1.0,0.24,1.0,1.0,1.0,0.8877666315166315,gte_base-dj_adpt,3,webtable-la2m_nopca-v=12-distilroberta-dj_adpt~qwen3_8b-dj_adpt
ipopayments_b.pq,1.0,0.06666666666666667,1.0,0.06666666666666667,1.0,1.0,0.06666666666666667,1.0,0.3333333333333333,1.0,0.3333333333333333,1.0,1.0,0.3333333333333333,1.0,0.6666666666666666,1.0,0.6666666666666666,1.0,1.0,0.6666666666666666,0.9333333333333333,0.9333333333333333,1.0,1.0,1.0,1.0,0.9333333333333333,0.7,0.9333333333333333,0.75,1.0,1.0,1.0,0.9333333333333333,0.56,0.9333333333333333,0.6,1.0,1.0,1.0,0.9333333333333333,0.4666666666666667,0.9333333333333333,0.5,1.0,1.0,1.0,0.9333333333333333,0.4,0.9333333333333333,0.42857142857142855,1.0,1.0,1.0,0.9333333333333333,0.35,0.9333333333333333,0.375,1.0,1.0,1.0,0.9333333333333333,0.3111111111111111,0.9333333333333333,0.3333333333333333,1.0,1.0,1.0,0.9333333333333333,0.28,0.9333333333333333,0.3,1.0,1.0,1.0,0.9333333333333333,gte_base-dj_adpt,3,webtable-la2m_nopca-v=12-distilroberta-dj_adpt~qwen3_8b-dj_adpt
data_mill_a.pq,1.0,0.07142857142857142,1.0,0.07142857142857142,1.0,1.0,0.07142857142857142,1.0,0.35714285714285715,1.0,0.35714285714285715,1.0,1.0,0.35714285714285715,1.0,0.7142857142857143,1.0,0.7142857142857143,1.0,1.0,0.7142857142857143,0.9333333333333333,1.0,0.9333333333333333,1.0,1.0,1.0,1.0,0.7,1.0,0.7,1.0,1.0,1.0,1.0,0.56,1.0,0.56,1.0,1.0,1.0,1.0,0.4666666666666667,1.0,0.4666666666666667,1.0,1.0,1.0,1.0,0.4,1.0,0.4,1.0,1.0,1.0,1.0,0.35,1.0,0.35,1.0,1.0,1.0,1.0,0.3111111111111111,1.0,0.3111111111111111,1.0,1.0,1.0,1.0,0.28,1.0,0.28,1.0,1.0,1.0,1.0,gte_base-dj_adpt,3,webtable-la2m_nopca-v=12-distilroberta-dj_adpt~qwen3_8b-dj_adpt
albums_b.pq,1.0,0.0625,1.0,0.0625,1.0,1.0,0.0625,1.0,0.3125,1.0,0.3125,1.0,1.0,0.3125,1.0,0.625,1.0,0.625,1.0,1.0,0.625,1.0,0.9375,1.0,0.9375,1.0,1.0,0.9375,0.8,1.0,0.8,1.0,1.0,1.0,1.0,0.64,1.0,0.64,1.0,1.0,1.0,1.0,0.5333333333333333,1.0,0.5333333333333333,1.0,1.0,1.0,1.0,0.45714285714285713,1.0,0.45714285714285713,1.0,1.0,1.0,1.0,0.4,1.0,0.4,1.0,1.0,1.0,1.0,0.35555555555555557,1.0,0.35555555555555557,1.0,1.0,1.0,1.0,0.32,1.0,0.32,1.0,1.0,1.0,1.0,gte_base-dj_adpt,3,webtable-la2m_nopca-v=12-distilroberta-dj_adpt~qwen3_8b-dj_adpt
practice_reference_a.pq,1.0,0.06666666666666667,1.0,0.06666666666666667,1.0,1.0,0.06666666666666667,1.0,0.3333333333333333,1.0,0.3333333333333333,1.0,1.0,0.3333333333333333,1.0,0.6666666666666666,1.0,0.6666666666666666,1.0,1.0,0.6666666666666666,1.0,1.0,1.0,1.0,1.0,1.0,1.0,0.75,1.0,0.75,1.0,1.0,1.0,1.0,0.6,1.0,0.6,1.0,1.0,1.0,1.0,0.5,1.0,0.5,1.0,1.0,1.0,1.0,0.42857142857142855,1.0,0.42857142857142855,1.0,1.0,1.0,1.0,0.375,1.0,0.375,1.0,1.0,1.0,1.0,0.3333333333333333,1.0,0.3333333333333333,1.0,1.0,1.0,1.0,0.3,1.0,0.3,1.0,1.0,1.0,1.0,gte_base-dj_adpt,3,webtable-la2m_nopca-v=12-distilroberta-dj_adpt~qwen3_8b-dj_adpt
monthly_data_feed_b.pq,1.0,0.07692307692307693,1.0,0.07692307692307693,1.0,1.0,0.07692307692307693,1.0,0.38461538461538464,1.0,0.38461538461538464,1.0,1.0,0.38461538461538464,1.0,0.7692307692307693,1.0,0.7692307692307693,1.0,1.0,0.7692307692307693,0.8,0.9230769230769231,0.8666666666666667,1.0,1.0,1.0,0.9230769230769231,0.65,1.0,0.65,1.0,1.0,1.0,0.9786324786324786,0.52,1.0,0.52,1.0,1.0,1.0,0.9786324786324786,0.43333333333333335,1.0,0.43333333333333335,1.0,1.0,1.0,0.9786324786324786,0.37142857142857144,1.0,0.37142857142857144,1.0,1.0,1.0,0.9786324786324786,0.325,1.0,0.325,1.0,1.0,1.0,0.9786324786324786,0.28888888888888886,1.0,0.28888888888888886,1.0,1.0,1.0,0.9786324786324786,0.26,1.0,0.26,1.0,1.0,1.0,0.9786324786324786,gte_base-dj_adpt,3,webtable-la2m_nopca-v=12-distilroberta-dj_adpt~qwen3_8b-dj_adpt
prescribing_a.pq,1.0,0.06666666666666667,1.0,0.06666666666666667,1.0,1.0,0.06666666666666667,1.0,0.3333333333333333,1.0,0.3333333333333333,1.0,1.0,0.3333333333333333,1.0,0.6666666666666666,1.0,0.6666666666666666,1.0,1.0,0.6666666666666666,1.0,1.0,1.0,1.0,1.0,1.0,1.0,0.75,1.0,0.75,1.0,1.0,1.0,1.0,0.6,1.0,0.6,1.0,1.0,1.0,1.0,0.5,1.0,0.5,1.0,1.0,1.0,1.0,0.42857142857142855,1.0,0.42857142857142855,1.0,1.0,1.0,1.0,0.375,1.0,0.375,1.0,1.0,1.0,1.0,0.3333333333333333,1.0,0.3333333333333333,1.0,1.0,1.0,1.0,0.3,1.0,0.3,1.0,1.0,1.0,1.0,gte_base-dj_adpt,3,webtable-la2m_nopca-v=12-distilroberta-dj_adpt~qwen3_8b-dj_adpt
immigration_records_a.pq,1.0,0.0625,1.0,0.0625,1.0,1.0,0.0625,0.2,0.0625,1.0,0.3125,1.0,1.0,0.0625,0.6,0.375,1.0,0.625,1.0,1.0,0.21359126984126983,0.6666666666666666,0.625,1.0,0.9375,1.0,1.0,0.3799665612165612,0.5,0.625,0.8,1.0,1.0,1.0,0.3799665612165612,0.48,0.75,0.64,1.0,1.0,1.0,0.44270465645465645,0.43333333333333335,0.8125,0.5333333333333333,1.0,1.0,1.0,0.47395465645465645,0.37142857142857144,0.8125,0.45714285714285713,1.0,1.0,1.0,0.47395465645465645,0.325,0.8125,0.4,1.0,1.0,1.0,0.47395465645465645,0.35555555555555557,1.0,0.35555555555555557,1.0,1.0,1.0,0.5403448211679919,0.32,1.0,0.32,1.0,1.0,1.0,0.5403448211679919,gte_base-dj_adpt,3,webtable-la2m_nopca-v=12-distilroberta-dj_adpt~qwen3_8b-dj_adpt
cihr_co-applicant_a.pq,1.0,0.08333333333333333,1.0,0.08333333333333333,1.0,1.0,0.08333333333333333,1.0,0.4166666666666667,1.0,0.4166666666666667,1.0,1.0,0.4166666666666667,1.0,0.8333333333333334,1.0,0.8333333333333334,1.0,1.0,0.8333333333333334,0.8,1.0,0.8,1.0,1.0,1.0,1.0,0.6,1.0,0.6,1.0,1.0,1.0,1.0,0.48,1.0,0.48,1.0,1.0,1.0,1.0,0.4,1.0,0.4,1.0,1.0,1.0,1.0,0.34285714285714286,1.0,0.34285714285714286,1.0,1.0,1.0,1.0,0.3,1.0,0.3,1.0,1.0,1.0,1.0,0.26666666666666666,1.0,0.26666666666666666,1.0,1.0,1.0,1.0,0.24,1.0,0.24,1.0,1.0,1.0,1.0,gte_base-dj_adpt,3,webtable-la2m_nopca-v=12-distilroberta-dj_adpt~qwen3_8b-dj_adpt
data_mill_b.pq,1.0,0.07142857142857142,1.0,0.07142857142857142,1.0,1.0,0.07142857142857142,1.0,0.35714285714285715,1.0,0.35714285714285715,1.0,1.0,0.35714285714285715,1.0,0.7142857142857143,1.0,0.7142857142857143,1.0,1.0,0.7142857142857143,0.9333333333333333,1.0,0.9333333333333333,1.0,1.0,1.0,1.0,0.7,1.0,0.7,1.0,1.0,1.0,1.0,0.56,1.0,0.56,1.0,1.0,1.0,1.0,0.4666666666666667,1.0,0.4666666666666667,1.0,1.0,1.0,1.0,0.4,1.0,0.4,1.0,1.0,1.0,1.0,0.35,1.0,0.35,1.0,1.0,1.0,1.0,0.3111111111111111,1.0,0.3111111111111111,1.0,1.0,1.0,1.0,0.28,1.0,0.28,1.0,1.0,1.0,1.0,gte_base-dj_adpt,3,webtable-la2m_nopca-v=12-distilroberta-dj_adpt~qwen3_8b-dj_adpt
new_york_city_restaurant_inspection_results_a.pq,1.0,0.03225806451612903,1.0,0.03225806451612903,1.0,1.0,0.03225806451612903,1.0,0.16129032258064516,1.0,0.16129032258064516,1.0,1.0,0.16129032258064516,1.0,0.3225806451612903,1.0,0.3225806451612903,1.0,1.0,0.3225806451612903,1.0,0.4838709677419355,1.0,0.4838709677419355,1.0,1.0,0.4838709677419355,1.0,0.6451612903225806,1.0,0.6451612903225806,1.0,1.0,0.6451612903225806,0.84,0.6774193548387096,1.0,0.8064516129032258,1.0,1.0,0.6774193548387096,0.7,0.6774193548387096,1.0,0.967741935483871,1.0,1.0,0.6774193548387096,0.6,0.6774193548387096,0.8857142857142857,1.0,1.0,1.0,0.6774193548387096,0.525,0.6774193548387096,0.775,1.0,1.0,1.0,0.6774193548387096,0.4666666666666667,0.6774193548387096,0.6888888888888889,1.0,1.0,1.0,0.6774193548387096,0.42,0.6774193548387096,0.62,1.0,1.0,1.0,0.6774193548387096,gte_base-dj_adpt,3,webtable-la2m_nopca-v=12-distilroberta-dj_adpt~qwen3_8b-dj_adpt
cdc_nutrition_physical_activity_and_obesity_legislation_a.pq,1.0,0.09090909090909091,1.0,0.09090909090909091,1.0,1.0,0.09090909090909091,0.8,0.36363636363636365,1.0,0.45454545454545453,1.0,1.0,0.2924242424242424,0.9,0.8181818181818182,1.0,0.9090909090909091,1.0,1.0,0.6882756132756133,0.7333333333333333,1.0,0.7333333333333333,1.0,1.0,1.0,0.8306998556998557,0.55,1.0,0.55,1.0,1.0,1.0,0.8306998556998557,0.44,1.0,0.44,1.0,1.0,1.0,0.8306998556998557,0.36666666666666664,1.0,0.36666666666666664,1.0,1.0,1.0,0.8306998556998557,0.3142857142857143,1.0,0.3142857142857143,1.0,1.0,1.0,0.8306998556998557,0.275,1.0,0.275,1.0,1.0,1.0,0.8306998556998557,0.24444444444444444,1.0,0.24444444444444444,1.0,1.0,1.0,0.8306998556998557,0.22,1.0,0.22,1.0,1.0,1.0,0.8306998556998557,gtr_t5-dj_adpt,4,webtable-la2m_nopca-v=12-distilroberta-dj_adpt~qwen3_8b-dj_adpt
ydn_spending_data_b.pq,1.0,0.08333333333333333,1.0,0.08333333333333333,1.0,1.0,0.08333333333333333,1.0,0.4166666666666667,1.0,0.4166666666666667,1.0,1.0,0.4166666666666667,1.0,0.8333333333333334,1.0,0.8333333333333334,1.0,1.0,0.8333333333333334,0.7333333333333333,0.9166666666666666,0.8,1.0,1.0,1.0,0.8944444444444444,0.6,1.0,0.6,1.0,1.0,1.0,0.9569444444444444,0.48,1.0,0.48,1.0,1.0,1.0,0.9569444444444444,0.4,1.0,0.4,1.0,1.0,1.0,0.9569444444444444,0.34285714285714286,1.0,0.34285714285714286,1.0,1.0,1.0,0.9569444444444444,0.3,1.0,0.3,1.0,1.0,1.0,0.9569444444444444,0.26666666666666666,1.0,0.26666666666666666,1.0,1.0,1.0,0.9569444444444444,0.24,1.0,0.24,1.0,1.0,1.0,0.9569444444444444,gtr_t5-dj_adpt,4,webtable-la2m_nopca-v=12-distilroberta-dj_adpt~qwen3_8b-dj_adpt
practice_reference_a.pq,1.0,0.06666666666666667,1.0,0.06666666666666667,1.0,1.0,0.06666666666666667,1.0,0.3333333333333333,1.0,0.3333333333333333,1.0,1.0,0.3333333333333333,1.0,0.6666666666666666,1.0,0.6666666666666666,1.0,1.0,0.6666666666666666,1.0,1.0,1.0,1.0,1.0,1.0,1.0,0.75,1.0,0.75,1.0,1.0,1.0,1.0,0.6,1.0,0.6,1.0,1.0,1.0,1.0,0.5,1.0,0.5,1.0,1.0,1.0,1.0,0.42857142857142855,1.0,0.42857142857142855,1.0,1.0,1.0,1.0,0.375,1.0,0.375,1.0,1.0,1.0,1.0,0.3333333333333333,1.0,0.3333333333333333,1.0,1.0,1.0,1.0,0.3,1.0,0.3,1.0,1.0,1.0,1.0,gtr_t5-dj_adpt,4,webtable-la2m_nopca-v=12-distilroberta-dj_adpt~qwen3_8b-dj_adpt
mines_a.pq,1.0,0.07142857142857142,1.0,0.07142857142857142,1.0,1.0,0.07142857142857142,1.0,0.35714285714285715,1.0,0.35714285714285715,1.0,1.0,0.35714285714285715,1.0,0.7142857142857143,1.0,0.7142857142857143,1.0,1.0,0.7142857142857143,0.6666666666666666,0.7142857142857143,0.9333333333333333,1.0,1.0,1.0,0.7142857142857143,0.5,0.7142857142857143,0.7,1.0,1.0,1.0,0.7142857142857143,0.4,0.7142857142857143,0.56,1.0,1.0,1.0,0.7142857142857143,0.3333333333333333,0.7142857142857143,0.4666666666666667,1.0,1.0,1.0,0.7142857142857143,0.2857142857142857,0.7142857142857143,0.4,1.0,1.0,1.0,0.7142857142857143,0.275,0.7857142857142857,0.35,1.0,1.0,1.0,0.7344322344322345,0.26666666666666666,0.8571428571428571,0.3111111111111111,1.0,1.0,1.0,0.7539127539127539,0.24,0.8571428571428571,0.28,1.0,1.0,1.0,0.7539127539127539,gtr_t5-dj_adpt,4,webtable-la2m_nopca-v=12-distilroberta-dj_adpt~qwen3_8b-dj_adpt
prescribing_b.pq,1.0,0.06666666666666667,1.0,0.06666666666666667,1.0,1.0,0.06666666666666667,1.0,0.3333333333333333,1.0,0.3333333333333333,1.0,1.0,0.3333333333333333,0.9,0.6,1.0,0.6666666666666666,1.0,1.0,0.585925925925926,0.8,0.8,1.0,1.0,1.0,1.0,0.7691815591815592,0.6,0.8,0.75,1.0,1.0,1.0,0.7691815591815592,0.6,1.0,0.6,1.0,1.0,1.0,0.8891552087204261,0.5,1.0,0.5,1.0,1.0,1.0,0.8891552087204261,0.42857142857142855,1.0,0.42857142857142855,1.0,1.0,1.0,0.8891552087204261,0.375,1.0,0.375,1.0,1.0,1.0,0.8891552087204261,0.3333333333333333,1.0,0.3333333333333333,1.0,1.0,1.0,0.8891552087204261,0.3,1.0,0.3,1.0,1.0,1.0,0.8891552087204261,gtr_t5-dj_adpt,4,webtable-la2m_nopca-v=12-distilroberta-dj_adpt~qwen3_8b-dj_adpt
albums_a.pq,1.0,0.0625,1.0,0.0625,1.0,1.0,0.0625,1.0,0.3125,1.0,0.3125,1.0,1.0,0.3125,1.0,0.625,1.0,0.625,1.0,1.0,0.625,1.0,0.9375,1.0,0.9375,1.0,1.0,0.9375,0.8,1.0,0.8,1.0,1.0,1.0,1.0,0.64,1.0,0.64,1.0,1.0,1.0,1.0,0.5333333333333333,1.0,0.5333333333333333,1.0,1.0,1.0,1.0,0.45714285714285713,1.0,0.45714285714285713,1.0,1.0,1.0,1.0,0.4,1.0,0.4,1.0,1.0,1.0,1.0,0.35555555555555557,1.0,0.35555555555555557,1.0,1.0,1.0,1.0,0.32,1.0,0.32,1.0,1.0,1.0,1.0,gtr_t5-dj_adpt,4,webtable-la2m_nopca-v=12-distilroberta-dj_adpt~qwen3_8b-dj_adpt
data_mill_a.pq,1.0,0.07142857142857142,1.0,0.07142857142857142,1.0,1.0,0.07142857142857142,1.0,0.35714285714285715,1.0,0.35714285714285715,1.0,1.0,0.35714285714285715,1.0,0.7142857142857143,1.0,0.7142857142857143,1.0,1.0,0.7142857142857143,0.8666666666666667,0.9285714285714286,0.9333333333333333,1.0,1.0,1.0,0.9285714285714286,0.65,0.9285714285714286,0.7,1.0,1.0,1.0,0.9285714285714286,0.52,0.9285714285714286,0.56,1.0,1.0,1.0,0.9285714285714286,0.4666666666666667,1.0,0.4666666666666667,1.0,1.0,1.0,0.9630541871921182,0.4,1.0,0.4,1.0,1.0,1.0,0.9630541871921182,0.35,1.0,0.35,1.0,1.0,1.0,0.9630541871921182,0.3111111111111111,1.0,0.3111111111111111,1.0,1.0,1.0,0.9630541871921182,0.28,1.0,0.28,1.0,1.0,1.0,0.9630541871921182,gtr_t5-dj_adpt,4,webtable-la2m_nopca-v=12-distilroberta-dj_adpt~qwen3_8b-dj_adpt
complaint_by_practice_a.pq,1.0,0.07692307692307693,1.0,0.07692307692307693,1.0,1.0,0.07692307692307693,0.2,0.07692307692307693,1.0,0.38461538461538464,1.0,1.0,0.07692307692307693,0.1,0.07692307692307693,1.0,0.7692307692307693,1.0,1.0,0.07692307692307693,0.26666666666666666,0.3076923076923077,0.8666666666666667,1.0,1.0,1.0,0.13380849919311458,0.2,0.3076923076923077,0.65,1.0,1.0,1.0,0.13380849919311458,0.16,0.3076923076923077,0.52,1.0,1.0,1.0,0.13380849919311458,0.13333333333333333,0.3076923076923077,0.43333333333333335,1.0,1.0,1.0,0.13380849919311458,0.11428571428571428,0.3076923076923077,0.37142857142857144,1.0,1.0,1.0,0.13380849919311458,0.1,0.3076923076923077,0.325,1.0,1.0,1.0,0.13380849919311458,0.08888888888888889,0.3076923076923077,0.28888888888888886,1.0,1.0,1.0,0.13380849919311458,0.08,0.3076923076923077,0.26,1.0,1.0,1.0,0.13380849919311458,gtr_t5-dj_adpt,4,webtable-la2m_nopca-v=12-distilroberta-dj_adpt~qwen3_8b-dj_adpt
animal_tag_data_b.pq,1.0,0.08333333333333333,1.0,0.08333333333333333,1.0,1.0,0.08333333333333333,1.0,0.4166666666666667,1.0,0.4166666666666667,1.0,1.0,0.4166666666666667,1.0,0.8333333333333334,1.0,0.8333333333333334,1.0,1.0,0.8333333333333334,0.7333333333333333,0.9166666666666666,0.8,1.0,1.0,1.0,0.9038461538461539,0.6,1.0,0.6,1.0,1.0,1.0,0.9663461538461539,0.48,1.0,0.48,1.0,1.0,1.0,0.9663461538461539,0.4,1.0,0.4,1.0,1.0,1.0,0.9663461538461539,0.34285714285714286,1.0,0.34285714285714286,1.0,1.0,1.0,0.9663461538461539,0.3,1.0,0.3,1.0,1.0,1.0,0.9663461538461539,0.26666666666666666,1.0,0.26666666666666666,1.0,1.0,1.0,0.9663461538461539,0.24,1.0,0.24,1.0,1.0,1.0,0.9663461538461539,gtr_t5-dj_adpt,4,webtable-la2m_nopca-v=12-distilroberta-dj_adpt~qwen3_8b-dj_adpt
ipopayments_a.pq,1.0,0.06666666666666667,1.0,0.06666666666666667,1.0,1.0,0.06666666666666667,0.6,0.2,1.0,0.3333333333333333,1.0,1.0,0.2,0.3,0.2,1.0,0.6666666666666666,1.0,1.0,0.2,0.2,0.2,1.0,1.0,1.0,1.0,0.2,0.15,0.2,0.75,1.0,1.0,1.0,0.2,0.16,0.26666666666666666,0.6,1.0,1.0,1.0,0.2111111111111111,0.3,0.6,0.5,1.0,1.0,1.0,0.2938039100108066,0.2857142857142857,0.6666666666666666,0.42857142857142855,1.0,1.0,1.0,0.3153092863548926,0.275,0.7333333333333333,0.375,1.0,1.0,1.0,0.3341127051583114,0.28888888888888886,0.8666666666666667,0.3333333333333333,1.0,1.0,1.0,0.3733218699772323,0.3,1.0,0.3,1.0,1.0,1.0,0.41358818927090724,gtr_t5-dj_adpt,4,webtable-la2m_nopca-v=12-distilroberta-dj_adpt~qwen3_8b-dj_adpt
stockport_contracts_b.pq,1.0,0.07692307692307693,1.0,0.07692307692307693,1.0,1.0,0.07692307692307693,0.8,0.3076923076923077,1.0,0.38461538461538464,1.0,1.0,0.3076923076923077,0.8,0.6153846153846154,1.0,0.7692307692307693,1.0,1.0,0.5734126984126984,0.6,0.6923076923076923,0.8666666666666667,1.0,1.0,1.0,0.6266671362825209,0.55,0.8461538461538461,0.65,1.0,1.0,1.0,0.716450418016267,0.52,1.0,0.52,1.0,1.0,1.0,0.796584197280481,0.43333333333333335,1.0,0.43333333333333335,1.0,1.0,1.0,0.796584197280481,0.37142857142857144,1.0,0.37142857142857144,1.0,1.0,1.0,0.796584197280481,0.325,1.0,0.325,1.0,1.0,1.0,0.796584197280481,0.28888888888888886,1.0,0.28888888888888886,1.0,1.0,1.0,0.796584197280481,0.26,1.0,0.26,1.0,1.0,1.0,0.796584197280481,gtr_t5-dj_adpt,4,webtable-la2m_nopca-v=12-distilroberta-dj_adpt~qwen3_8b-dj_adpt
311_calls_historic_data_a.pq,1.0,0.09090909090909091,1.0,0.09090909090909091,1.0,1.0,0.09090909090909091,0.2,0.09090909090909091,1.0,0.45454545454545453,1.0,1.0,0.09090909090909091,0.6,0.5454545454545454,1.0,0.9090909090909091,1.0,1.0,0.31067821067821066,0.4,0.5454545454545454,0.7333333333333333,1.0,1.0,1.0,0.31067821067821066,0.3,0.5454545454545454,0.55,1.0,1.0,1.0,0.31067821067821066,0.24,0.5454545454545454,0.44,1.0,1.0,1.0,0.31067821067821066,0.2,0.5454545454545454,0.36666666666666664,1.0,1.0,1.0,0.31067821067821066,0.2571428571428571,0.8181818181818182,0.3142857142857143,1.0,1.0,1.0,0.3747289549428587,0.275,1.0,0.275,1.0,1.0,1.0,0.42429342555996086,0.24444444444444444,1.0,0.24444444444444444,1.0,1.0,1.0,0.42429342555996086,0.22,1.0,0.22,1.0,1.0,1.0,0.42429342555996086,gtr_t5-dj_adpt,4,webtable-la2m_nopca-v=12-distilroberta-dj_adpt~qwen3_8b-dj_adpt
job_pay_scales_a.pq,1.0,0.06666666666666667,1.0,0.06666666666666667,1.0,1.0,0.06666666666666667,1.0,0.3333333333333333,1.0,0.3333333333333333,1.0,1.0,0.3333333333333333,1.0,0.6666666666666666,1.0,0.6666666666666666,1.0,1.0,0.6666666666666666,0.7333333333333333,0.7333333333333333,1.0,1.0,1.0,1.0,0.7333333333333333,0.55,0.7333333333333333,0.75,1.0,1.0,1.0,0.7333333333333333,0.44,0.7333333333333333,0.6,1.0,1.0,1.0,0.7333333333333333,0.36666666666666664,0.7333333333333333,0.5,1.0,1.0,1.0,0.7333333333333333,0.3142857142857143,0.7333333333333333,0.42857142857142855,1.0,1.0,1.0,0.7333333333333333,0.3,0.8,0.375,1.0,1.0,1.0,0.7543859649122807,0.28888888888888886,0.8666666666666667,0.3333333333333333,1.0,1.0,1.0,0.7755241762943945,0.3,1.0,0.3,1.0,1.0,1.0,0.8162156656560967,gtr_t5-dj_adpt,4,webtable-la2m_nopca-v=12-distilroberta-dj_adpt~qwen3_8b-dj_adpt
monthly_data_feed_b.pq,1.0,0.07692307692307693,1.0,0.07692307692307693,1.0,1.0,0.07692307692307693,0.6,0.23076923076923078,1.0,0.38461538461538464,1.0,1.0,0.23076923076923078,0.5,0.38461538461538464,1.0,0.7692307692307693,1.0,1.0,0.30341880341880345,0.6666666666666666,0.7692307692307693,0.8666666666666667,1.0,1.0,1.0,0.5383185190877499,0.65,1.0,0.65,1.0,1.0,1.0,0.6981333559536703,0.52,1.0,0.52,1.0,1.0,1.0,0.6981333559536703,0.43333333333333335,1.0,0.43333333333333335,1.0,1.0,1.0,0.6981333559536703,0.37142857142857144,1.0,0.37142857142857144,1.0,1.0,1.0,0.6981333559536703,0.325,1.0,0.325,1.0,1.0,1.0,0.6981333559536703,0.28888888888888886,1.0,0.28888888888888886,1.0,1.0,1.0,0.6981333559536703,0.26,1.0,0.26,1.0,1.0,1.0,0.6981333559536703,gtr_t5-dj_adpt,4,webtable-la2m_nopca-v=12-distilroberta-dj_adpt~qwen3_8b-dj_adpt
business_rates_a.pq,1.0,0.08333333333333333,1.0,0.08333333333333333,1.0,1.0,0.08333333333333333,1.0,0.4166666666666667,1.0,0.4166666666666667,1.0,1.0,0.4166666666666667,1.0,0.8333333333333334,1.0,0.8333333333333334,1.0,1.0,0.8333333333333334,0.8,1.0,0.8,1.0,1.0,1.0,0.9935897435897436,0.6,1.0,0.6,1.0,1.0,1.0,0.9935897435897436,0.48,1.0,0.48,1.0,1.0,1.0,0.9935897435897436,0.4,1.0,0.4,1.0,1.0,1.0,0.9935897435897436,0.34285714285714286,1.0,0.34285714285714286,1.0,1.0,1.0,0.9935897435897436,0.3,1.0,0.3,1.0,1.0,1.0,0.9935897435897436,0.26666666666666666,1.0,0.26666666666666666,1.0,1.0,1.0,0.9935897435897436,0.24,1.0,0.24,1.0,1.0,1.0,0.9935897435897436,gtr_t5-dj_adpt,4,webtable-la2m_nopca-v=12-distilroberta-dj_adpt~qwen3_8b-dj_adpt
albums_b.pq,1.0,0.0625,1.0,0.0625,1.0,1.0,0.0625,1.0,0.3125,1.0,0.3125,1.0,1.0,0.3125,1.0,0.625,1.0,0.625,1.0,1.0,0.625,1.0,0.9375,1.0,0.9375,1.0,1.0,0.9375,0.8,1.0,0.8,1.0,1.0,1.0,1.0,0.64,1.0,0.64,1.0,1.0,1.0,1.0,0.5333333333333333,1.0,0.5333333333333333,1.0,1.0,1.0,1.0,0.45714285714285713,1.0,0.45714285714285713,1.0,1.0,1.0,1.0,0.4,1.0,0.4,1.0,1.0,1.0,1.0,0.35555555555555557,1.0,0.35555555555555557,1.0,1.0,1.0,1.0,0.32,1.0,0.32,1.0,1.0,1.0,1.0,gtr_t5-dj_adpt,4,webtable-la2m_nopca-v=12-distilroberta-dj_adpt~qwen3_8b-dj_adpt
biodiversity_a.pq,1.0,0.09090909090909091,1.0,0.09090909090909091,1.0,1.0,0.09090909090909091,0.8,0.36363636363636365,1.0,0.45454545454545453,1.0,1.0,0.2924242424242424,0.6,0.5454545454545454,1.0,0.9090909090909091,1.0,1.0,0.4461038961038961,0.4666666666666667,0.6363636363636364,0.7333333333333333,1.0,1.0,1.0,0.4915584415584416,0.4,0.7272727272727273,0.55,1.0,1.0,1.0,0.531962481962482,0.32,0.7272727272727273,0.44,1.0,1.0,1.0,0.531962481962482,0.26666666666666666,0.7272727272727273,0.36666666666666664,1.0,1.0,1.0,0.531962481962482,0.22857142857142856,0.7272727272727273,0.3142857142857143,1.0,1.0,1.0,0.531962481962482,0.2,0.7272727272727273,0.275,1.0,1.0,1.0,0.531962481962482,0.2,0.8181818181818182,0.24444444444444444,1.0,1.0,1.0,0.5514430014430014,0.18,0.8181818181818182,0.22,1.0,1.0,1.0,0.5514430014430014,gtr_t5-dj_adpt,4,webtable-la2m_nopca-v=12-distilroberta-dj_adpt~qwen3_8b-dj_adpt
purchasing_card_a.pq,1.0,0.07692307692307693,1.0,0.07692307692307693,1.0,1.0,0.07692307692307693,0.4,0.15384615384615385,1.0,0.38461538461538464,1.0,1.0,0.1282051282051282,0.4,0.3076923076923077,1.0,0.7692307692307693,1.0,1.0,0.19963369963369965,0.4,0.46153846153846156,0.8666666666666667,1.0,1.0,1.0,0.2730602730602731,0.3,0.46153846153846156,0.65,1.0,1.0,1.0,0.2730602730602731,0.28,0.5384615384615384,0.52,1.0,1.0,1.0,0.2975357975357975,0.23333333333333334,0.5384615384615384,0.43333333333333335,1.0,1.0,1.0,0.2975357975357975,0.22857142857142856,0.6153846153846154,0.37142857142857144,1.0,1.0,1.0,0.3173869141611077,0.2,0.6153846153846154,0.325,1.0,1.0,1.0,0.3173869141611077,0.2222222222222222,0.7692307692307693,0.28888888888888886,1.0,1.0,1.0,0.3517595183011537,0.2,0.7692307692307693,0.26,1.0,1.0,1.0,0.3517595183011537,gtr_t5-dj_adpt,4,webtable-la2m_nopca-v=12-distilroberta-dj_adpt~qwen3_8b-dj_adpt
complaint_by_practice_b.pq,1.0,0.07692307692307693,1.0,0.07692307692307693,1.0,1.0,0.07692307692307693,1.0,0.38461538461538464,1.0,0.38461538461538464,1.0,1.0,0.38461538461538464,1.0,0.7692307692307693,1.0,0.7692307692307693,1.0,1.0,0.7692307692307693,0.8666666666666667,1.0,0.8666666666666667,1.0,1.0,1.0,0.9885883347421809,0.65,1.0,0.65,1.0,1.0,1.0,0.9885883347421809,0.52,1.0,0.52,1.0,1.0,1.0,0.9885883347421809,0.43333333333333335,1.0,0.43333333333333335,1.0,1.0,1.0,0.9885883347421809,0.37142857142857144,1.0,0.37142857142857144,1.0,1.0,1.0,0.9885883347421809,0.325,1.0,0.325,1.0,1.0,1.0,0.9885883347421809,0.28888888888888886,1.0,0.28888888888888886,1.0,1.0,1.0,0.9885883347421809,0.26,1.0,0.26,1.0,1.0,1.0,0.9885883347421809,gtr_t5-dj_adpt,4,webtable-la2m_nopca-v=12-distilroberta-dj_adpt~qwen3_8b-dj_adpt
new_york_city_restaurant_inspection_results_a.pq,1.0,0.03225806451612903,1.0,0.03225806451612903,1.0,1.0,0.03225806451612903,1.0,0.16129032258064516,1.0,0.16129032258064516,1.0,1.0,0.16129032258064516,1.0,0.3225806451612903,1.0,0.3225806451612903,1.0,1.0,0.3225806451612903,0.9333333333333333,0.45161290322580644,1.0,0.4838709677419355,1.0,1.0,0.44467682854779633,0.9,0.5806451612903226,1.0,0.6451612903225806,1.0,1.0,0.5631740321830705,0.84,0.6774193548387096,1.0,0.8064516129032258,1.0,1.0,0.6511384287028668,0.7,0.6774193548387096,1.0,0.967741935483871,1.0,1.0,0.6511384287028668,0.6,0.6774193548387096,0.8857142857142857,1.0,1.0,1.0,0.6511384287028668,0.525,0.6774193548387096,0.775,1.0,1.0,1.0,0.6511384287028668,0.4666666666666667,0.6774193548387096,0.6888888888888889,1.0,1.0,1.0,0.6511384287028668,0.42,0.6774193548387096,0.62,1.0,1.0,1.0,0.6511384287028668,gtr_t5-dj_adpt,4,webtable-la2m_nopca-v=12-distilroberta-dj_adpt~qwen3_8b-dj_adpt
workforce_management_information_a.pq,1.0,0.05555555555555555,1.0,0.05555555555555555,1.0,1.0,0.05555555555555555,1.0,0.2777777777777778,1.0,0.2777777777777778,1.0,1.0,0.2777777777777778,1.0,0.5555555555555556,1.0,0.5555555555555556,1.0,1.0,0.5555555555555556,0.8666666666666667,0.7222222222222222,1.0,0.8333333333333334,1.0,1.0,0.7222222222222222,0.65,0.7222222222222222,0.9,1.0,1.0,1.0,0.7222222222222222,0.52,0.7222222222222222,0.72,1.0,1.0,1.0,0.7222222222222222,0.5333333333333333,0.8888888888888888,0.6,1.0,1.0,1.0,0.8114420523424355,0.5142857142857142,1.0,0.5142857142857142,1.0,1.0,1.0,0.8731580021632239,0.45,1.0,0.45,1.0,1.0,1.0,0.8731580021632239,0.4,1.0,0.4,1.0,1.0,1.0,0.8731580021632239,0.36,1.0,0.36,1.0,1.0,1.0,0.8731580021632239,gtr_t5-dj_adpt,4,webtable-la2m_nopca-v=12-distilroberta-dj_adpt~qwen3_8b-dj_adpt
ydn_spending_data_a.pq,1.0,0.08333333333333333,1.0,0.08333333333333333,1.0,1.0,0.08333333333333333,1.0,0.4166666666666667,1.0,0.4166666666666667,1.0,1.0,0.4166666666666667,0.9,0.75,1.0,0.8333333333333334,1.0,1.0,0.75,0.7333333333333333,0.9166666666666666,0.8,1.0,1.0,1.0,0.8706349206349207,0.6,1.0,0.6,1.0,1.0,1.0,0.9331349206349207,0.48,1.0,0.48,1.0,1.0,1.0,0.9331349206349207,0.4,1.0,0.4,1.0,1.0,1.0,0.9331349206349207,0.34285714285714286,1.0,0.34285714285714286,1.0,1.0,1.0,0.9331349206349207,0.3,1.0,0.3,1.0,1.0,1.0,0.9331349206349207,0.26666666666666666,1.0,0.26666666666666666,1.0,1.0,1.0,0.9331349206349207,0.24,1.0,0.24,1.0,1.0,1.0,0.9331349206349207,gtr_t5-dj_adpt,4,webtable-la2m_nopca-v=12-distilroberta-dj_adpt~qwen3_8b-dj_adpt
contributors_parties_b.pq,1.0,0.047619047619047616,1.0,0.047619047619047616,1.0,1.0,0.047619047619047616,0.8,0.19047619047619047,1.0,0.23809523809523808,1.0,1.0,0.19047619047619047,0.4,0.19047619047619047,1.0,0.47619047619047616,1.0,1.0,0.19047619047619047,0.26666666666666666,0.19047619047619047,1.0,0.7142857142857143,1.0,1.0,0.19047619047619047,0.4,0.38095238095238093,1.0,0.9523809523809523,1.0,1.0,0.25694628728684454,0.36,0.42857142857142855,0.84,1.0,1.0,1.0,0.2773544505521507,0.3,0.42857142857142855,0.7,1.0,1.0,1.0,0.2773544505521507,0.2571428571428571,0.42857142857142855,0.6,1.0,1.0,1.0,0.2773544505521507,0.3,0.5714285714285714,0.525,1.0,1.0,1.0,0.3176025065896804,0.28888888888888886,0.6190476190476191,0.4666666666666667,1.0,1.0,1.0,0.332701229005476,0.3,0.7142857142857143,0.42,1.0,1.0,1.0,0.36059238546806105,gtr_t5-dj_adpt,4,webtable-la2m_nopca-v=12-distilroberta-dj_adpt~qwen3_8b-dj_adpt
monthly_data_feed_a.pq,1.0,0.07692307692307693,1.0,0.07692307692307693,1.0,1.0,0.07692307692307693,1.0,0.38461538461538464,1.0,0.38461538461538464,1.0,1.0,0.38461538461538464,0.9,0.6923076923076923,1.0,0.7692307692307693,1.0,1.0,0.6923076923076923,0.6666666666666666,0.7692307692307693,0.8666666666666667,1.0,1.0,1.0,0.7514792899408285,0.5,0.7692307692307693,0.65,1.0,1.0,1.0,0.7514792899408285,0.48,0.9230769230769231,0.52,1.0,1.0,1.0,0.8286954071569456,0.4,0.9230769230769231,0.43333333333333335,1.0,1.0,1.0,0.8286954071569456,0.34285714285714286,0.9230769230769231,0.37142857142857144,1.0,1.0,1.0,0.8286954071569456,0.3,0.9230769230769231,0.325,1.0,1.0,1.0,0.8286954071569456,0.26666666666666666,0.9230769230769231,0.28888888888888886,1.0,1.0,1.0,0.8286954071569456,0.24,0.9230769230769231,0.26,1.0,1.0,1.0,0.8286954071569456,gtr_t5-dj_adpt,4,webtable-la2m_nopca-v=12-distilroberta-dj_adpt~qwen3_8b-dj_adpt
civic_building_locations_a.pq,1.0,0.08333333333333333,1.0,0.08333333333333333,1.0,1.0,0.08333333333333333,0.2,0.08333333333333333,1.0,0.4166666666666667,1.0,1.0,0.08333333333333333,0.1,0.08333333333333333,1.0,0.8333333333333334,1.0,1.0,0.08333333333333333,0.26666666666666666,0.3333333333333333,0.8,1.0,1.0,1.0,0.14152514152514153,0.4,0.6666666666666666,0.6,1.0,1.0,1.0,0.2644736996033436,0.32,0.6666666666666666,0.48,1.0,1.0,1.0,0.2644736996033436,0.26666666666666666,0.6666666666666666,0.4,1.0,1.0,1.0,0.2644736996033436,0.2571428571428571,0.75,0.34285714285714286,1.0,1.0,1.0,0.28653252313275535,0.225,0.75,0.3,1.0,1.0,1.0,0.28653252313275535,0.2,0.75,0.26666666666666666,1.0,1.0,1.0,0.28653252313275535,0.18,0.75,0.24,1.0,1.0,1.0,0.28653252313275535,gtr_t5-dj_adpt,4,webtable-la2m_nopca-v=12-distilroberta-dj_adpt~qwen3_8b-dj_adpt
film_locations_in_san_francisco_a.pq,1.0,0.07692307692307693,1.0,0.07692307692307693,1.0,1.0,0.07692307692307693,0.2,0.07692307692307693,1.0,0.38461538461538464,1.0,1.0,0.07692307692307693,0.1,0.07692307692307693,1.0,0.7692307692307693,1.0,1.0,0.07692307692307693,0.4,0.46153846153846156,0.8666666666666667,1.0,1.0,1.0,0.19205025743487283,0.5,0.7692307692307693,0.65,1.0,1.0,1.0,0.3408505670323961,0.48,0.9230769230769231,0.52,1.0,1.0,1.0,0.42310164928347826,0.43333333333333335,1.0,0.43333333333333335,1.0,1.0,1.0,0.46156318774501676,0.37142857142857144,1.0,0.37142857142857144,1.0,1.0,1.0,0.46156318774501676,0.325,1.0,0.325,1.0,1.0,1.0,0.46156318774501676,0.28888888888888886,1.0,0.28888888888888886,1.0,1.0,1.0,0.46156318774501676,0.26,1.0,0.26,1.0,1.0,1.0,0.46156318774501676,gtr_t5-dj_adpt,4,webtable-la2m_nopca-v=12-distilroberta-dj_adpt~qwen3_8b-dj_adpt
cihr_co-applicant_a.pq,1.0,0.08333333333333333,1.0,0.08333333333333333,1.0,1.0,0.08333333333333333,1.0,0.4166666666666667,1.0,0.4166666666666667,1.0,1.0,0.4166666666666667,1.0,0.8333333333333334,1.0,0.8333333333333334,1.0,1.0,0.8333333333333334,0.8,1.0,0.8,1.0,1.0,1.0,1.0,0.6,1.0,0.6,1.0,1.0,1.0,1.0,0.48,1.0,0.48,1.0,1.0,1.0,1.0,0.4,1.0,0.4,1.0,1.0,1.0,1.0,0.34285714285714286,1.0,0.34285714285714286,1.0,1.0,1.0,1.0,0.3,1.0,0.3,1.0,1.0,1.0,1.0,0.26666666666666666,1.0,0.26666666666666666,1.0,1.0,1.0,1.0,0.24,1.0,0.24,1.0,1.0,1.0,1.0,gtr_t5-dj_adpt,4,webtable-la2m_nopca-v=12-distilroberta-dj_adpt~qwen3_8b-dj_adpt
tuition_assistance_program_tap_recipients_a.pq,1.0,0.09090909090909091,1.0,0.09090909090909091,1.0,1.0,0.09090909090909091,0.2,0.09090909090909091,1.0,0.45454545454545453,1.0,1.0,0.09090909090909091,0.1,0.09090909090909091,1.0,0.9090909090909091,1.0,1.0,0.09090909090909091,0.06666666666666667,0.09090909090909091,0.7333333333333333,1.0,1.0,1.0,0.09090909090909091,0.05,0.09090909090909091,0.55,1.0,1.0,1.0,0.09090909090909091,0.04,0.09090909090909091,0.44,1.0,1.0,1.0,0.09090909090909091,0.03333333333333333,0.09090909090909091,0.36666666666666664,1.0,1.0,1.0,0.09090909090909091,0.02857142857142857,0.09090909090909091,0.3142857142857143,1.0,1.0,1.0,0.09090909090909091,0.025,0.09090909090909091,0.275,1.0,1.0,1.0,0.09090909090909091,0.022222222222222223,0.09090909090909091,0.24444444444444444,1.0,1.0,1.0,0.09090909090909091,0.02,0.09090909090909091,0.22,1.0,1.0,1.0,0.09090909090909091,gtr_t5-dj_adpt,4,webtable-la2m_nopca-v=12-distilroberta-dj_adpt~qwen3_8b-dj_adpt
psyckes_antipsychotic_polypharmacy_quality_indicators_beginning_2012_a.pq,1.0,0.09090909090909091,1.0,0.09090909090909091,1.0,1.0,0.09090909090909091,0.2,0.09090909090909091,1.0,0.45454545454545453,1.0,1.0,0.09090909090909091,0.1,0.09090909090909091,1.0,0.9090909090909091,1.0,1.0,0.09090909090909091,0.06666666666666667,0.09090909090909091,0.7333333333333333,1.0,1.0,1.0,0.09090909090909091,0.05,0.09090909090909091,0.55,1.0,1.0,1.0,0.09090909090909091,0.04,0.09090909090909091,0.44,1.0,1.0,1.0,0.09090909090909091,0.1,0.2727272727272727,0.36666666666666664,1.0,1.0,1.0,0.10626959247648902,0.22857142857142856,0.7272727272727273,0.3142857142857143,1.0,1.0,1.0,0.18822906714878931,0.275,1.0,0.275,1.0,1.0,1.0,0.2618421539197708,0.24444444444444444,1.0,0.24444444444444444,1.0,1.0,1.0,0.2618421539197708,0.22,1.0,0.22,1.0,1.0,1.0,0.2618421539197708,gtr_t5-dj_adpt,4,webtable-la2m_nopca-v=12-distilroberta-dj_adpt~qwen3_8b-dj_adpt
abandoned_wells_a.pq,1.0,0.09090909090909091,1.0,0.09090909090909091,1.0,1.0,0.09090909090909091,1.0,0.45454545454545453,1.0,0.45454545454545453,1.0,1.0,0.45454545454545453,1.0,0.9090909090909091,1.0,0.9090909090909091,1.0,1.0,0.9090909090909091,0.7333333333333333,1.0,0.7333333333333333,1.0,1.0,1.0,1.0,0.55,1.0,0.55,1.0,1.0,1.0,1.0,0.44,1.0,0.44,1.0,1.0,1.0,1.0,0.36666666666666664,1.0,0.36666666666666664,1.0,1.0,1.0,1.0,0.3142857142857143,1.0,0.3142857142857143,1.0,1.0,1.0,1.0,0.275,1.0,0.275,1.0,1.0,1.0,1.0,0.24444444444444444,1.0,0.24444444444444444,1.0,1.0,1.0,1.0,0.22,1.0,0.22,1.0,1.0,1.0,1.0,gtr_t5-dj_adpt,4,webtable-la2m_nopca-v=12-distilroberta-dj_adpt~qwen3_8b-dj_adpt
ipopayments_b.pq,1.0,0.06666666666666667,1.0,0.06666666666666667,1.0,1.0,0.06666666666666667,0.4,0.13333333333333333,1.0,0.3333333333333333,1.0,1.0,0.1,0.2,0.13333333333333333,1.0,0.6666666666666666,1.0,1.0,0.1,0.13333333333333333,0.13333333333333333,1.0,1.0,1.0,1.0,0.1,0.1,0.13333333333333333,0.75,1.0,1.0,1.0,0.1,0.16,0.26666666666666666,0.6,1.0,1.0,1.0,0.11975757575757576,0.3,0.6,0.5,1.0,1.0,1.0,0.2024503746572712,0.3142857142857143,0.7333333333333333,0.42857142857142855,1.0,1.0,1.0,0.24617797322357945,0.325,0.8666666666666667,0.375,1.0,1.0,1.0,0.2918236188692251,0.3333333333333333,1.0,0.3333333333333333,1.0,1.0,1.0,0.33784366046498987,0.3,1.0,0.3,1.0,1.0,1.0,0.33784366046498987,gtr_t5-dj_adpt,4,webtable-la2m_nopca-v=12-distilroberta-dj_adpt~qwen3_8b-dj_adpt
deaths_2012_2018_a.pq,1.0,0.09090909090909091,1.0,0.09090909090909091,1.0,1.0,0.09090909090909091,1.0,0.45454545454545453,1.0,0.45454545454545453,1.0,1.0,0.45454545454545453,0.8,0.7272727272727273,1.0,0.9090909090909091,1.0,1.0,0.6888888888888889,0.6666666666666666,0.9090909090909091,0.7333333333333333,1.0,1.0,1.0,0.8390266299357209,0.5,0.9090909090909091,0.55,1.0,1.0,1.0,0.8390266299357209,0.4,0.9090909090909091,0.44,1.0,1.0,1.0,0.8390266299357209,0.36666666666666664,1.0,0.36666666666666664,1.0,1.0,1.0,0.8723599632690543,0.3142857142857143,1.0,0.3142857142857143,1.0,1.0,1.0,0.8723599632690543,0.275,1.0,0.275,1.0,1.0,1.0,0.8723599632690543,0.24444444444444444,1.0,0.24444444444444444,1.0,1.0,1.0,0.8723599632690543,0.22,1.0,0.22,1.0,1.0,1.0,0.8723599632690543,gtr_t5-dj_adpt,4,webtable-la2m_nopca-v=12-distilroberta-dj_adpt~qwen3_8b-dj_adpt
contributors_parties_a.pq,1.0,0.047619047619047616,1.0,0.047619047619047616,1.0,1.0,0.047619047619047616,1.0,0.23809523809523808,1.0,0.23809523809523808,1.0,1.0,0.23809523809523808,1.0,0.47619047619047616,1.0,0.47619047619047616,1.0,1.0,0.47619047619047616,1.0,0.7142857142857143,1.0,0.7142857142857143,1.0,1.0,0.7142857142857143,0.95,0.9047619047619048,1.0,0.9523809523809523,1.0,1.0,0.899874686716792,0.84,1.0,0.84,1.0,1.0,1.0,0.9852261606396946,0.7,1.0,0.7,1.0,1.0,1.0,0.9852261606396946,0.6,1.0,0.6,1.0,1.0,1.0,0.9852261606396946,0.525,1.0,0.525,1.0,1.0,1.0,0.9852261606396946,0.4666666666666667,1.0,0.4666666666666667,1.0,1.0,1.0,0.9852261606396946,0.42,1.0,0.42,1.0,1.0,1.0,0.9852261606396946,gtr_t5-dj_adpt,4,webtable-la2m_nopca-v=12-distilroberta-dj_adpt~qwen3_8b-dj_adpt
data_mill_b.pq,1.0,0.07142857142857142,1.0,0.07142857142857142,1.0,1.0,0.07142857142857142,0.8,0.2857142857142857,1.0,0.35714285714285715,1.0,1.0,0.2857142857142857,0.4,0.2857142857142857,1.0,0.7142857142857143,1.0,1.0,0.2857142857142857,0.5333333333333333,0.5714285714285714,0.9333333333333333,1.0,1.0,1.0,0.4249583749583749,0.6,0.8571428571428571,0.7,1.0,1.0,1.0,0.5959173287153163,0.52,0.9285714285714286,0.56,1.0,1.0,1.0,0.6346078049057925,0.4666666666666667,1.0,0.4666666666666667,1.0,1.0,1.0,0.6716448419428296,0.4,1.0,0.4,1.0,1.0,1.0,0.6716448419428296,0.35,1.0,0.35,1.0,1.0,1.0,0.6716448419428296,0.3111111111111111,1.0,0.3111111111111111,1.0,1.0,1.0,0.6716448419428296,0.28,1.0,0.28,1.0,1.0,1.0,0.6716448419428296,gtr_t5-dj_adpt,4,webtable-la2m_nopca-v=12-distilroberta-dj_adpt~qwen3_8b-dj_adpt
stockport_contracts_a.pq,1.0,0.07692307692307693,1.0,0.07692307692307693,1.0,1.0,0.07692307692307693,0.6,0.23076923076923078,1.0,0.38461538461538464,1.0,1.0,0.16153846153846155,0.3,0.23076923076923078,1.0,0.7692307692307693,1.0,1.0,0.16153846153846155,0.2,0.23076923076923078,0.8666666666666667,1.0,1.0,1.0,0.16153846153846155,0.15,0.23076923076923078,0.65,1.0,1.0,1.0,0.16153846153846155,0.16,0.3076923076923077,0.52,1.0,1.0,1.0,0.17384615384615382,0.23333333333333334,0.5384615384615384,0.43333333333333335,1.0,1.0,1.0,0.22430070960574938,0.2,0.5384615384615384,0.37142857142857144,1.0,1.0,1.0,0.22430070960574938,0.225,0.6923076923076923,0.325,1.0,1.0,1.0,0.25914620598970733,0.26666666666666666,0.9230769230769231,0.28888888888888886,1.0,1.0,1.0,0.3190334731940477,0.26,1.0,0.26,1.0,1.0,1.0,0.3407726036288303,gtr_t5-dj_adpt,4,webtable-la2m_nopca-v=12-distilroberta-dj_adpt~qwen3_8b-dj_adpt
lane_description_b.pq,1.0,0.0625,1.0,0.0625,1.0,1.0,0.0625,1.0,0.3125,1.0,0.3125,1.0,1.0,0.3125,1.0,0.625,1.0,0.625,1.0,1.0,0.625,1.0,0.9375,1.0,0.9375,1.0,1.0,0.9375,0.8,1.0,0.8,1.0,1.0,1.0,1.0,0.64,1.0,0.64,1.0,1.0,1.0,1.0,0.5333333333333333,1.0,0.5333333333333333,1.0,1.0,1.0,1.0,0.45714285714285713,1.0,0.45714285714285713,1.0,1.0,1.0,1.0,0.4,1.0,0.4,1.0,1.0,1.0,1.0,0.35555555555555557,1.0,0.35555555555555557,1.0,1.0,1.0,1.0,0.32,1.0,0.32,1.0,1.0,1.0,1.0,gtr_t5-dj_adpt,4,webtable-la2m_nopca-v=12-distilroberta-dj_adpt~qwen3_8b-dj_adpt
practice_reference_b.pq,1.0,0.06666666666666667,1.0,0.06666666666666667,1.0,1.0,0.06666666666666667,1.0,0.3333333333333333,1.0,0.3333333333333333,1.0,1.0,0.3333333333333333,1.0,0.6666666666666666,1.0,0.6666666666666666,1.0,1.0,0.6666666666666666,1.0,1.0,1.0,1.0,1.0,1.0,1.0,0.75,1.0,0.75,1.0,1.0,1.0,1.0,0.6,1.0,0.6,1.0,1.0,1.0,1.0,0.5,1.0,0.5,1.0,1.0,1.0,1.0,0.42857142857142855,1.0,0.42857142857142855,1.0,1.0,1.0,1.0,0.375,1.0,0.375,1.0,1.0,1.0,1.0,0.3333333333333333,1.0,0.3333333333333333,1.0,1.0,1.0,1.0,0.3,1.0,0.3,1.0,1.0,1.0,1.0,gtr_t5-dj_adpt,4,webtable-la2m_nopca-v=12-distilroberta-dj_adpt~qwen3_8b-dj_adpt
animal_tag_data_a.pq,1.0,0.08333333333333333,1.0,0.08333333333333333,1.0,1.0,0.08333333333333333,0.4,0.16666666666666666,1.0,0.4166666666666667,1.0,1.0,0.16666666666666666,0.4,0.3333333333333333,1.0,0.8333333333333334,1.0,1.0,0.23941798941798942,0.4666666666666667,0.5833333333333334,0.8,1.0,1.0,1.0,0.35742498242498244,0.4,0.6666666666666666,0.6,1.0,1.0,1.0,0.3990916490916491,0.32,0.6666666666666666,0.48,1.0,1.0,1.0,0.3990916490916491,0.26666666666666666,0.6666666666666666,0.4,1.0,1.0,1.0,0.3990916490916491,0.3142857142857143,0.9166666666666666,0.34285714285714286,1.0,1.0,1.0,0.4732294292036939,0.275,0.9166666666666666,0.3,1.0,1.0,1.0,0.4732294292036939,0.24444444444444444,0.9166666666666666,0.26666666666666666,1.0,1.0,1.0,0.4732294292036939,0.24,1.0,0.24,1.0,1.0,1.0,0.49406276253702724,gtr_t5-dj_adpt,4,webtable-la2m_nopca-v=12-distilroberta-dj_adpt~qwen3_8b-dj_adpt
cihr_co-applicant_b.pq,1.0,0.08333333333333333,1.0,0.08333333333333333,1.0,1.0,0.08333333333333333,1.0,0.4166666666666667,1.0,0.4166666666666667,1.0,1.0,0.4166666666666667,1.0,0.8333333333333334,1.0,0.8333333333333334,1.0,1.0,0.8333333333333334,0.8,1.0,0.8,1.0,1.0,1.0,1.0,0.6,1.0,0.6,1.0,1.0,1.0,1.0,0.48,1.0,0.48,1.0,1.0,1.0,1.0,0.4,1.0,0.4,1.0,1.0,1.0,1.0,0.34285714285714286,1.0,0.34285714285714286,1.0,1.0,1.0,1.0,0.3,1.0,0.3,1.0,1.0,1.0,1.0,0.26666666666666666,1.0,0.26666666666666666,1.0,1.0,1.0,1.0,0.24,1.0,0.24,1.0,1.0,1.0,1.0,gtr_t5-dj_adpt,4,webtable-la2m_nopca-v=12-distilroberta-dj_adpt~qwen3_8b-dj_adpt
mines_b.pq,1.0,0.07142857142857142,1.0,0.07142857142857142,1.0,1.0,0.07142857142857142,0.4,0.14285714285714285,1.0,0.35714285714285715,1.0,1.0,0.14285714285714285,0.3,0.21428571428571427,1.0,0.7142857142857143,1.0,1.0,0.16666666666666669,0.2,0.21428571428571427,0.9333333333333333,1.0,1.0,1.0,0.16666666666666669,0.15,0.21428571428571427,0.7,1.0,1.0,1.0,0.16666666666666669,0.12,0.21428571428571427,0.56,1.0,1.0,1.0,0.16666666666666669,0.1,0.21428571428571427,0.4666666666666667,1.0,1.0,1.0,0.16666666666666669,0.08571428571428572,0.21428571428571427,0.4,1.0,1.0,1.0,0.16666666666666669,0.075,0.21428571428571427,0.35,1.0,1.0,1.0,0.16666666666666669,0.1111111111111111,0.35714285714285715,0.3111111111111111,1.0,1.0,1.0,0.1817750355956336,0.12,0.42857142857142855,0.28,1.0,1.0,1.0,0.19070360702420502,gtr_t5-dj_adpt,4,webtable-la2m_nopca-v=12-distilroberta-dj_adpt~qwen3_8b-dj_adpt
prescribing_a.pq,1.0,0.06666666666666667,1.0,0.06666666666666667,1.0,1.0,0.06666666666666667,0.4,0.13333333333333333,1.0,0.3333333333333333,1.0,1.0,0.13333333333333333,0.7,0.4666666666666667,1.0,0.6666666666666666,1.0,1.0,0.33753968253968253,0.7333333333333333,0.7333333333333333,1.0,1.0,1.0,1.0,0.5396875346875346,0.75,1.0,0.75,1.0,1.0,1.0,0.7340173133826384,0.6,1.0,0.6,1.0,1.0,1.0,0.7340173133826384,0.5,1.0,0.5,1.0,1.0,1.0,0.7340173133826384,0.42857142857142855,1.0,0.42857142857142855,1.0,1.0,1.0,0.7340173133826384,0.375,1.0,0.375,1.0,1.0,1.0,0.7340173133826384,0.3333333333333333,1.0,0.3333333333333333,1.0,1.0,1.0,0.7340173133826384,0.3,1.0,0.3,1.0,1.0,1.0,0.7340173133826384,gtr_t5-dj_adpt,4,webtable-la2m_nopca-v=12-distilroberta-dj_adpt~qwen3_8b-dj_adpt
time_spent_watching_vcr_movies_a.pq,1.0,0.09090909090909091,1.0,0.09090909090909091,1.0,1.0,0.09090909090909091,0.2,0.09090909090909091,1.0,0.45454545454545453,1.0,1.0,0.09090909090909091,0.5,0.45454545454545453,1.0,0.9090909090909091,1.0,1.0,0.23683261183261184,0.3333333333333333,0.45454545454545453,0.7333333333333333,1.0,1.0,1.0,0.23683261183261184,0.3,0.5454545454545454,0.55,1.0,1.0,1.0,0.2641053391053391,0.28,0.6363636363636364,0.44,1.0,1.0,1.0,0.2944083694083694,0.23333333333333334,0.6363636363636364,0.36666666666666664,1.0,1.0,1.0,0.2944083694083694,0.2,0.6363636363636364,0.3142857142857143,1.0,1.0,1.0,0.2944083694083694,0.175,0.6363636363636364,0.275,1.0,1.0,1.0,0.2944083694083694,0.15555555555555556,0.6363636363636364,0.24444444444444444,1.0,1.0,1.0,0.2944083694083694,0.14,0.6363636363636364,0.22,1.0,1.0,1.0,0.2944083694083694,gtr_t5-dj_adpt,4,webtable-la2m_nopca-v=12-distilroberta-dj_adpt~qwen3_8b-dj_adpt
wholesale_markets_a.pq,1.0,0.09090909090909091,1.0,0.09090909090909091,1.0,1.0,0.09090909090909091,0.2,0.09090909090909091,1.0,0.45454545454545453,1.0,1.0,0.09090909090909091,0.1,0.09090909090909091,1.0,0.9090909090909091,1.0,1.0,0.09090909090909091,0.06666666666666667,0.09090909090909091,0.7333333333333333,1.0,1.0,1.0,0.09090909090909091,0.05,0.09090909090909091,0.55,1.0,1.0,1.0,0.09090909090909091,0.04,0.09090909090909091,0.44,1.0,1.0,1.0,0.09090909090909091,0.03333333333333333,0.09090909090909091,0.36666666666666664,1.0,1.0,1.0,0.09090909090909091,0.02857142857142857,0.09090909090909091,0.3142857142857143,1.0,1.0,1.0,0.09090909090909091,0.025,0.09090909090909091,0.275,1.0,1.0,1.0,0.09090909090909091,0.022222222222222223,0.09090909090909091,0.24444444444444444,1.0,1.0,1.0,0.09090909090909091,0.02,0.09090909090909091,0.22,1.0,1.0,1.0,0.09090909090909091,gtr_t5-dj_adpt,4,webtable-la2m_nopca-v=12-distilroberta-dj_adpt~qwen3_8b-dj_adpt
oil_and_gas_summary_production_data_1967_1999_a.pq,1.0,0.09090909090909091,1.0,0.09090909090909091,1.0,1.0,0.09090909090909091,1.0,0.45454545454545453,1.0,0.45454545454545453,1.0,1.0,0.45454545454545453,0.9,0.8181818181818182,1.0,0.9090909090909091,1.0,1.0,0.7876262626262627,0.7333333333333333,1.0,0.7333333333333333,1.0,1.0,1.0,0.9536042240587694,0.55,1.0,0.55,1.0,1.0,1.0,0.9536042240587694,0.44,1.0,0.44,1.0,1.0,1.0,0.9536042240587694,0.36666666666666664,1.0,0.36666666666666664,1.0,1.0,1.0,0.9536042240587694,0.3142857142857143,1.0,0.3142857142857143,1.0,1.0,1.0,0.9536042240587694,0.275,1.0,0.275,1.0,1.0,1.0,0.9536042240587694,0.24444444444444444,1.0,0.24444444444444444,1.0,1.0,1.0,0.9536042240587694,0.22,1.0,0.22,1.0,1.0,1.0,0.9536042240587694,gtr_t5-dj_adpt,4,webtable-la2m_nopca-v=12-distilroberta-dj_adpt~qwen3_8b-dj_adpt
workforce_management_information_b.pq,1.0,0.05555555555555555,1.0,0.05555555555555555,1.0,1.0,0.05555555555555555,1.0,0.2777777777777778,1.0,0.2777777777777778,1.0,1.0,0.2777777777777778,1.0,0.5555555555555556,1.0,0.5555555555555556,1.0,1.0,0.5555555555555556,0.8666666666666667,0.7222222222222222,1.0,0.8333333333333334,1.0,1.0,0.7222222222222222,0.65,0.7222222222222222,0.9,1.0,1.0,1.0,0.7222222222222222,0.56,0.7777777777777778,0.72,1.0,1.0,1.0,0.7533333333333334,0.5666666666666667,0.9444444444444444,0.6,1.0,1.0,1.0,0.8452280605728881,0.5142857142857142,1.0,0.5142857142857142,1.0,1.0,1.0,0.8774861250890171,0.45,1.0,0.45,1.0,1.0,1.0,0.8774861250890171,0.4,1.0,0.4,1.0,1.0,1.0,0.8774861250890171,0.36,1.0,0.36,1.0,1.0,1.0,0.8774861250890171,gtr_t5-dj_adpt,4,webtable-la2m_nopca-v=12-distilroberta-dj_adpt~qwen3_8b-dj_adpt
lane_description_a.pq,1.0,0.0625,1.0,0.0625,1.0,1.0,0.0625,1.0,0.3125,1.0,0.3125,1.0,1.0,0.3125,1.0,0.625,1.0,0.625,1.0,1.0,0.625,1.0,0.9375,1.0,0.9375,1.0,1.0,0.9375,0.8,1.0,0.8,1.0,1.0,1.0,1.0,0.64,1.0,0.64,1.0,1.0,1.0,1.0,0.5333333333333333,1.0,0.5333333333333333,1.0,1.0,1.0,1.0,0.45714285714285713,1.0,0.45714285714285713,1.0,1.0,1.0,1.0,0.4,1.0,0.4,1.0,1.0,1.0,1.0,0.35555555555555557,1.0,0.35555555555555557,1.0,1.0,1.0,1.0,0.32,1.0,0.32,1.0,1.0,1.0,1.0,gtr_t5-dj_adpt,4,webtable-la2m_nopca-v=12-distilroberta-dj_adpt~qwen3_8b-dj_adpt
report_card_discipline_for_2015_16_a.pq,1.0,0.09090909090909091,1.0,0.09090909090909091,1.0,1.0,0.09090909090909091,0.2,0.09090909090909091,1.0,0.45454545454545453,1.0,1.0,0.09090909090909091,0.2,0.18181818181818182,1.0,0.9090909090909091,1.0,1.0,0.10909090909090909,0.2,0.2727272727272727,0.7333333333333333,1.0,1.0,1.0,0.13388429752066114,0.35,0.6363636363636364,0.55,1.0,1.0,1.0,0.2410535128942109,0.44,1.0,0.44,1.0,1.0,1.0,0.39406798853714503,0.36666666666666664,1.0,0.36666666666666664,1.0,1.0,1.0,0.39406798853714503,0.3142857142857143,1.0,0.3142857142857143,1.0,1.0,1.0,0.39406798853714503,0.275,1.0,0.275,1.0,1.0,1.0,0.39406798853714503,0.24444444444444444,1.0,0.24444444444444444,1.0,1.0,1.0,0.39406798853714503,0.22,1.0,0.22,1.0,1.0,1.0,0.39406798853714503,gtr_t5-dj_adpt,4,webtable-la2m_nopca-v=12-distilroberta-dj_adpt~qwen3_8b-dj_adpt
minister_meetings_a.pq,1.0,0.1,1.0,0.1,1.0,1.0,0.1,0.4,0.2,1.0,0.5,1.0,1.0,0.16666666666666666,0.3,0.3,1.0,1.0,1.0,1.0,0.19666666666666666,0.2,0.3,0.6666666666666666,1.0,1.0,1.0,0.19666666666666666,0.15,0.3,0.5,1.0,1.0,1.0,0.19666666666666666,0.12,0.3,0.4,1.0,1.0,1.0,0.19666666666666666,0.1,0.3,0.3333333333333333,1.0,1.0,1.0,0.19666666666666666,0.08571428571428572,0.3,0.2857142857142857,1.0,1.0,1.0,0.19666666666666666,0.075,0.3,0.25,1.0,1.0,1.0,0.19666666666666666,0.06666666666666667,0.3,0.2222222222222222,1.0,1.0,1.0,0.19666666666666666,0.06,0.3,0.2,1.0,1.0,1.0,0.19666666666666666,gtr_t5-dj_adpt,4,webtable-la2m_nopca-v=12-distilroberta-dj_adpt~qwen3_8b-dj_adpt
senior_officials_expenses_a.pq,1.0,0.09090909090909091,1.0,0.09090909090909091,1.0,1.0,0.09090909090909091,0.4,0.18181818181818182,1.0,0.45454545454545453,1.0,1.0,0.1515151515151515,0.3,0.2727272727272727,1.0,0.9090909090909091,1.0,1.0,0.19696969696969696,0.4,0.5454545454545454,0.7333333333333333,1.0,1.0,1.0,0.30426997245179066,0.3,0.5454545454545454,0.55,1.0,1.0,1.0,0.30426997245179066,0.24,0.5454545454545454,0.44,1.0,1.0,1.0,0.30426997245179066,0.2,0.5454545454545454,0.36666666666666664,1.0,1.0,1.0,0.30426997245179066,0.2,0.6363636363636364,0.3142857142857143,1.0,1.0,1.0,0.3247978316893273,0.175,0.6363636363636364,0.275,1.0,1.0,1.0,0.3247978316893273,0.17777777777777778,0.7272727272727273,0.24444444444444444,1.0,1.0,1.0,0.34211384900534464,0.18,0.8181818181818182,0.22,1.0,1.0,1.0,0.35847748536898094,gtr_t5-dj_adpt,4,webtable-la2m_nopca-v=12-distilroberta-dj_adpt~qwen3_8b-dj_adpt
immigration_records_a.pq,1.0,0.0625,1.0,0.0625,1.0,1.0,0.0625,0.6,0.1875,1.0,0.3125,1.0,1.0,0.13125,0.8,0.5,1.0,0.625,1.0,1.0,0.3630456349206349,0.7333333333333333,0.6875,1.0,0.9375,1.0,1.0,0.5191499472749472,0.65,0.8125,0.8,1.0,1.0,1.0,0.601441613941614,0.52,0.8125,0.64,1.0,1.0,1.0,0.601441613941614,0.43333333333333335,0.8125,0.5333333333333333,1.0,1.0,1.0,0.601441613941614,0.4,0.875,0.45714285714285713,1.0,1.0,1.0,0.6264416139416139,0.4,1.0,0.4,1.0,1.0,1.0,0.6787990700819648,0.35555555555555557,1.0,0.35555555555555557,1.0,1.0,1.0,0.6787990700819648,0.32,1.0,0.32,1.0,1.0,1.0,0.6787990700819648,gtr_t5-dj_adpt,4,webtable-la2m_nopca-v=12-distilroberta-dj_adpt~qwen3_8b-dj_adpt
practice_reference_b.pq,1.0,0.06666666666666667,1.0,0.06666666666666667,1.0,1.0,0.06666666666666667,1.0,0.3333333333333333,1.0,0.3333333333333333,1.0,1.0,0.3333333333333333,0.6,0.4,1.0,0.6666666666666666,1.0,1.0,0.4,0.4,0.4,1.0,1.0,1.0,1.0,0.4,0.4,0.5333333333333333,0.75,1.0,1.0,1.0,0.4539961013645224,0.48,0.8,0.6,1.0,1.0,1.0,0.5780879515433291,0.5,1.0,0.5,1.0,1.0,1.0,0.6780028089294509,0.42857142857142855,1.0,0.42857142857142855,1.0,1.0,1.0,0.6780028089294509,0.375,1.0,0.375,1.0,1.0,1.0,0.6780028089294509,0.3333333333333333,1.0,0.3333333333333333,1.0,1.0,1.0,0.6780028089294509,0.3,1.0,0.3,1.0,1.0,1.0,0.6780028089294509,mpnet-dj_adpt,5,webtable-la2m_nopca-v=12-distilroberta-dj_adpt~qwen3_8b-dj_adpt
contributors_parties_b.pq,1.0,0.047619047619047616,1.0,0.047619047619047616,1.0,1.0,0.047619047619047616,1.0,0.23809523809523808,1.0,0.23809523809523808,1.0,1.0,0.23809523809523808,1.0,0.47619047619047616,1.0,0.47619047619047616,1.0,1.0,0.47619047619047616,0.8,0.5714285714285714,1.0,0.7142857142857143,1.0,1.0,0.5646258503401361,0.7,0.6666666666666666,1.0,0.9523809523809523,1.0,1.0,0.634105104029916,0.56,0.6666666666666666,0.84,1.0,1.0,1.0,0.634105104029916,0.4666666666666667,0.6666666666666666,0.7,1.0,1.0,1.0,0.634105104029916,0.4,0.6666666666666666,0.6,1.0,1.0,1.0,0.634105104029916,0.35,0.6666666666666666,0.525,1.0,1.0,1.0,0.634105104029916,0.3111111111111111,0.6666666666666666,0.4666666666666667,1.0,1.0,1.0,0.634105104029916,0.3,0.7142857142857143,0.42,1.0,1.0,1.0,0.6486823635051348,mpnet-dj_adpt,5,webtable-la2m_nopca-v=12-distilroberta-dj_adpt~qwen3_8b-dj_adpt
minister_meetings_a.pq,1.0,0.1,1.0,0.1,1.0,1.0,0.1,0.6,0.3,1.0,0.5,1.0,1.0,0.3,0.3,0.3,1.0,1.0,1.0,1.0,0.3,0.2,0.3,0.6666666666666666,1.0,1.0,1.0,0.3,0.2,0.4,0.5,1.0,1.0,1.0,0.325,0.16,0.4,0.4,1.0,1.0,1.0,0.325,0.13333333333333333,0.4,0.3333333333333333,1.0,1.0,1.0,0.325,0.11428571428571428,0.4,0.2857142857142857,1.0,1.0,1.0,0.325,0.1,0.4,0.25,1.0,1.0,1.0,0.325,0.08888888888888889,0.4,0.2222222222222222,1.0,1.0,1.0,0.325,0.08,0.4,0.2,1.0,1.0,1.0,0.325,mpnet-dj_adpt,5,webtable-la2m_nopca-v=12-distilroberta-dj_adpt~qwen3_8b-dj_adpt
lane_description_a.pq,1.0,0.0625,1.0,0.0625,1.0,1.0,0.0625,1.0,0.3125,1.0,0.3125,1.0,1.0,0.3125,1.0,0.625,1.0,0.625,1.0,1.0,0.625,1.0,0.9375,1.0,0.9375,1.0,1.0,0.9375,0.8,1.0,0.8,1.0,1.0,1.0,1.0,0.64,1.0,0.64,1.0,1.0,1.0,1.0,0.5333333333333333,1.0,0.5333333333333333,1.0,1.0,1.0,1.0,0.45714285714285713,1.0,0.45714285714285713,1.0,1.0,1.0,1.0,0.4,1.0,0.4,1.0,1.0,1.0,1.0,0.35555555555555557,1.0,0.35555555555555557,1.0,1.0,1.0,1.0,0.32,1.0,0.32,1.0,1.0,1.0,1.0,mpnet-dj_adpt,5,webtable-la2m_nopca-v=12-distilroberta-dj_adpt~qwen3_8b-dj_adpt
psyckes_antipsychotic_polypharmacy_quality_indicators_beginning_2012_a.pq,1.0,0.09090909090909091,1.0,0.09090909090909091,1.0,1.0,0.09090909090909091,1.0,0.45454545454545453,1.0,0.45454545454545453,1.0,1.0,0.45454545454545453,0.6,0.5454545454545454,1.0,0.9090909090909091,1.0,1.0,0.5454545454545454,0.7333333333333333,1.0,0.7333333333333333,1.0,1.0,1.0,0.858450640268822,0.55,1.0,0.55,1.0,1.0,1.0,0.858450640268822,0.44,1.0,0.44,1.0,1.0,1.0,0.858450640268822,0.36666666666666664,1.0,0.36666666666666664,1.0,1.0,1.0,0.858450640268822,0.3142857142857143,1.0,0.3142857142857143,1.0,1.0,1.0,0.858450640268822,0.275,1.0,0.275,1.0,1.0,1.0,0.858450640268822,0.24444444444444444,1.0,0.24444444444444444,1.0,1.0,1.0,0.858450640268822,0.22,1.0,0.22,1.0,1.0,1.0,0.858450640268822,mpnet-dj_adpt,5,webtable-la2m_nopca-v=12-distilroberta-dj_adpt~qwen3_8b-dj_adpt
complaint_by_practice_b.pq,1.0,0.07692307692307693,1.0,0.07692307692307693,1.0,1.0,0.07692307692307693,0.8,0.3076923076923077,1.0,0.38461538461538464,1.0,1.0,0.27307692307692305,0.6,0.46153846153846156,1.0,0.7692307692307693,1.0,1.0,0.4031135531135531,0.5333333333333333,0.6153846153846154,0.8666666666666667,1.0,1.0,1.0,0.4826007326007326,0.45,0.6923076923076923,0.65,1.0,1.0,1.0,0.5258699633699634,0.4,0.7692307692307693,0.52,1.0,1.0,1.0,0.5593147794234751,0.3333333333333333,0.7692307692307693,0.43333333333333335,1.0,1.0,1.0,0.5593147794234751,0.34285714285714286,0.9230769230769231,0.37142857142857144,1.0,1.0,1.0,0.6137291150878107,0.3,0.9230769230769231,0.325,1.0,1.0,1.0,0.6137291150878107,0.26666666666666666,0.9230769230769231,0.28888888888888886,1.0,1.0,1.0,0.6137291150878107,0.24,0.9230769230769231,0.26,1.0,1.0,1.0,0.6137291150878107,mpnet-dj_adpt,5,webtable-la2m_nopca-v=12-distilroberta-dj_adpt~qwen3_8b-dj_adpt
new_york_city_restaurant_inspection_results_a.pq,1.0,0.03225806451612903,1.0,0.03225806451612903,1.0,1.0,0.03225806451612903,1.0,0.16129032258064516,1.0,0.16129032258064516,1.0,1.0,0.16129032258064516,1.0,0.3225806451612903,1.0,0.3225806451612903,1.0,1.0,0.3225806451612903,0.7333333333333333,0.3548387096774194,1.0,0.4838709677419355,1.0,1.0,0.3548387096774194,0.7,0.45161290322580644,1.0,0.6451612903225806,1.0,1.0,0.420996038483305,0.68,0.5483870967741935,1.0,0.8064516129032258,1.0,1.0,0.49134084094591957,0.5666666666666667,0.5483870967741935,1.0,0.967741935483871,1.0,1.0,0.49134084094591957,0.6,0.6774193548387096,0.8857142857142857,1.0,1.0,1.0,0.5686989966289666,0.525,0.6774193548387096,0.775,1.0,1.0,1.0,0.5686989966289666,0.4666666666666667,0.6774193548387096,0.6888888888888889,1.0,1.0,1.0,0.5686989966289666,0.42,0.6774193548387096,0.62,1.0,1.0,1.0,0.5686989966289666,mpnet-dj_adpt,5,webtable-la2m_nopca-v=12-distilroberta-dj_adpt~qwen3_8b-dj_adpt
business_rates_a.pq,1.0,0.08333333333333333,1.0,0.08333333333333333,1.0,1.0,0.08333333333333333,1.0,0.4166666666666667,1.0,0.4166666666666667,1.0,1.0,0.4166666666666667,0.9,0.75,1.0,0.8333333333333334,1.0,1.0,0.75,0.6,0.75,0.8,1.0,1.0,1.0,0.75,0.55,0.9166666666666666,0.6,1.0,1.0,1.0,0.8421296296296297,0.48,1.0,0.48,1.0,1.0,1.0,0.8897486772486772,0.4,1.0,0.4,1.0,1.0,1.0,0.8897486772486772,0.34285714285714286,1.0,0.34285714285714286,1.0,1.0,1.0,0.8897486772486772,0.3,1.0,0.3,1.0,1.0,1.0,0.8897486772486772,0.26666666666666666,1.0,0.26666666666666666,1.0,1.0,1.0,0.8897486772486772,0.24,1.0,0.24,1.0,1.0,1.0,0.8897486772486772,mpnet-dj_adpt,5,webtable-la2m_nopca-v=12-distilroberta-dj_adpt~qwen3_8b-dj_adpt
albums_b.pq,1.0,0.0625,1.0,0.0625,1.0,1.0,0.0625,1.0,0.3125,1.0,0.3125,1.0,1.0,0.3125,1.0,0.625,1.0,0.625,1.0,1.0,0.625,1.0,0.9375,1.0,0.9375,1.0,1.0,0.9375,0.8,1.0,0.8,1.0,1.0,1.0,1.0,0.64,1.0,0.64,1.0,1.0,1.0,1.0,0.5333333333333333,1.0,0.5333333333333333,1.0,1.0,1.0,1.0,0.45714285714285713,1.0,0.45714285714285713,1.0,1.0,1.0,1.0,0.4,1.0,0.4,1.0,1.0,1.0,1.0,0.35555555555555557,1.0,0.35555555555555557,1.0,1.0,1.0,1.0,0.32,1.0,0.32,1.0,1.0,1.0,1.0,mpnet-dj_adpt,5,webtable-la2m_nopca-v=12-distilroberta-dj_adpt~qwen3_8b-dj_adpt
animal_tag_data_a.pq,1.0,0.08333333333333333,1.0,0.08333333333333333,1.0,1.0,0.08333333333333333,0.6,0.25,1.0,0.4166666666666667,1.0,1.0,0.18888888888888888,0.4,0.3333333333333333,1.0,0.8333333333333334,1.0,1.0,0.24444444444444444,0.26666666666666666,0.3333333333333333,0.8,1.0,1.0,1.0,0.24444444444444444,0.25,0.4166666666666667,0.6,1.0,1.0,1.0,0.2675925925925926,0.24,0.5,0.48,1.0,1.0,1.0,0.2903198653198653,0.23333333333333334,0.5833333333333334,0.4,1.0,1.0,1.0,0.31043480784860095,0.2,0.5833333333333334,0.34285714285714286,1.0,1.0,1.0,0.31043480784860095,0.175,0.5833333333333334,0.3,1.0,1.0,1.0,0.31043480784860095,0.15555555555555556,0.5833333333333334,0.26666666666666666,1.0,1.0,1.0,0.31043480784860095,0.14,0.5833333333333334,0.24,1.0,1.0,1.0,0.31043480784860095,mpnet-dj_adpt,5,webtable-la2m_nopca-v=12-distilroberta-dj_adpt~qwen3_8b-dj_adpt
oil_and_gas_summary_production_data_1967_1999_a.pq,1.0,0.09090909090909091,1.0,0.09090909090909091,1.0,1.0,0.09090909090909091,1.0,0.45454545454545453,1.0,0.45454545454545453,1.0,1.0,0.45454545454545453,0.6,0.5454545454545454,1.0,0.9090909090909091,1.0,1.0,0.5454545454545454,0.4,0.5454545454545454,0.7333333333333333,1.0,1.0,1.0,0.5454545454545454,0.3,0.5454545454545454,0.55,1.0,1.0,1.0,0.5454545454545454,0.32,0.7272727272727273,0.44,1.0,1.0,1.0,0.6010606060606061,0.36666666666666664,1.0,0.36666666666666664,1.0,1.0,1.0,0.6994794286173597,0.3142857142857143,1.0,0.3142857142857143,1.0,1.0,1.0,0.6994794286173597,0.275,1.0,0.275,1.0,1.0,1.0,0.6994794286173597,0.24444444444444444,1.0,0.24444444444444444,1.0,1.0,1.0,0.6994794286173597,0.22,1.0,0.22,1.0,1.0,1.0,0.6994794286173597,mpnet-dj_adpt,5,webtable-la2m_nopca-v=12-distilroberta-dj_adpt~qwen3_8b-dj_adpt
data_mill_b.pq,1.0,0.07142857142857142,1.0,0.07142857142857142,1.0,1.0,0.07142857142857142,0.4,0.14285714285714285,1.0,0.35714285714285715,1.0,1.0,0.14285714285714285,0.2,0.14285714285714285,1.0,0.7142857142857143,1.0,1.0,0.14285714285714285,0.26666666666666666,0.2857142857142857,0.9333333333333333,1.0,1.0,1.0,0.1783882783882784,0.35,0.5,0.7,1.0,1.0,1.0,0.24820620555914674,0.28,0.5,0.56,1.0,1.0,1.0,0.24820620555914674,0.3,0.6428571428571429,0.4666666666666667,1.0,1.0,1.0,0.2923294103966373,0.2857142857142857,0.7142857142857143,0.4,1.0,1.0,1.0,0.3133378137579818,0.25,0.7142857142857143,0.35,1.0,1.0,1.0,0.3133378137579818,0.2222222222222222,0.7142857142857143,0.3111111111111111,1.0,1.0,1.0,0.3133378137579818,0.2,0.7142857142857143,0.28,1.0,1.0,1.0,0.3133378137579818,mpnet-dj_adpt,5,webtable-la2m_nopca-v=12-distilroberta-dj_adpt~qwen3_8b-dj_adpt
prescribing_a.pq,1.0,0.06666666666666667,1.0,0.06666666666666667,1.0,1.0,0.06666666666666667,0.8,0.26666666666666666,1.0,0.3333333333333333,1.0,1.0,0.21444444444444447,0.8,0.5333333333333333,1.0,0.6666666666666666,1.0,1.0,0.4251851851851852,0.6666666666666666,0.6666666666666666,1.0,1.0,1.0,1.0,0.5352861952861953,0.5,0.6666666666666666,0.75,1.0,1.0,1.0,0.5352861952861953,0.6,1.0,0.6,1.0,1.0,1.0,0.7231405148796454,0.5,1.0,0.5,1.0,1.0,1.0,0.7231405148796454,0.42857142857142855,1.0,0.42857142857142855,1.0,1.0,1.0,0.7231405148796454,0.375,1.0,0.375,1.0,1.0,1.0,0.7231405148796454,0.3333333333333333,1.0,0.3333333333333333,1.0,1.0,1.0,0.7231405148796454,0.3,1.0,0.3,1.0,1.0,1.0,0.7231405148796454,mpnet-dj_adpt,5,webtable-la2m_nopca-v=12-distilroberta-dj_adpt~qwen3_8b-dj_adpt
abandoned_wells_a.pq,1.0,0.09090909090909091,1.0,0.09090909090909091,1.0,1.0,0.09090909090909091,1.0,0.45454545454545453,1.0,0.45454545454545453,1.0,1.0,0.45454545454545453,1.0,0.9090909090909091,1.0,0.9090909090909091,1.0,1.0,0.9090909090909091,0.7333333333333333,1.0,0.7333333333333333,1.0,1.0,1.0,1.0,0.55,1.0,0.55,1.0,1.0,1.0,1.0,0.44,1.0,0.44,1.0,1.0,1.0,1.0,0.36666666666666664,1.0,0.36666666666666664,1.0,1.0,1.0,1.0,0.3142857142857143,1.0,0.3142857142857143,1.0,1.0,1.0,1.0,0.275,1.0,0.275,1.0,1.0,1.0,1.0,0.24444444444444444,1.0,0.24444444444444444,1.0,1.0,1.0,1.0,0.22,1.0,0.22,1.0,1.0,1.0,1.0,mpnet-dj_adpt,5,webtable-la2m_nopca-v=12-distilroberta-dj_adpt~qwen3_8b-dj_adpt
albums_a.pq,1.0,0.0625,1.0,0.0625,1.0,1.0,0.0625,1.0,0.3125,1.0,0.3125,1.0,1.0,0.3125,1.0,0.625,1.0,0.625,1.0,1.0,0.625,1.0,0.9375,1.0,0.9375,1.0,1.0,0.9375,0.8,1.0,0.8,1.0,1.0,1.0,1.0,0.64,1.0,0.64,1.0,1.0,1.0,1.0,0.5333333333333333,1.0,0.5333333333333333,1.0,1.0,1.0,1.0,0.45714285714285713,1.0,0.45714285714285713,1.0,1.0,1.0,1.0,0.4,1.0,0.4,1.0,1.0,1.0,1.0,0.35555555555555557,1.0,0.35555555555555557,1.0,1.0,1.0,1.0,0.32,1.0,0.32,1.0,1.0,1.0,1.0,mpnet-dj_adpt,5,webtable-la2m_nopca-v=12-distilroberta-dj_adpt~qwen3_8b-dj_adpt
cdc_nutrition_physical_activity_and_obesity_legislation_a.pq,1.0,0.09090909090909091,1.0,0.09090909090909091,1.0,1.0,0.09090909090909091,0.2,0.09090909090909091,1.0,0.45454545454545453,1.0,1.0,0.09090909090909091,0.1,0.09090909090909091,1.0,0.9090909090909091,1.0,1.0,0.09090909090909091,0.2,0.2727272727272727,0.7333333333333333,1.0,1.0,1.0,0.12207792207792209,0.4,0.7272727272727273,0.55,1.0,1.0,1.0,0.27170265235280716,0.44,1.0,0.44,1.0,1.0,1.0,0.3954642662329981,0.36666666666666664,1.0,0.36666666666666664,1.0,1.0,1.0,0.3954642662329981,0.3142857142857143,1.0,0.3142857142857143,1.0,1.0,1.0,0.3954642662329981,0.275,1.0,0.275,1.0,1.0,1.0,0.3954642662329981,0.24444444444444444,1.0,0.24444444444444444,1.0,1.0,1.0,0.3954642662329981,0.22,1.0,0.22,1.0,1.0,1.0,0.3954642662329981,mpnet-dj_adpt,5,webtable-la2m_nopca-v=12-distilroberta-dj_adpt~qwen3_8b-dj_adpt
report_card_discipline_for_2015_16_a.pq,1.0,0.09090909090909091,1.0,0.09090909090909091,1.0,1.0,0.09090909090909091,1.0,0.45454545454545453,1.0,0.45454545454545453,1.0,1.0,0.45454545454545453,1.0,0.9090909090909091,1.0,0.9090909090909091,1.0,1.0,0.9090909090909091,0.7333333333333333,1.0,0.7333333333333333,1.0,1.0,1.0,1.0,0.55,1.0,0.55,1.0,1.0,1.0,1.0,0.44,1.0,0.44,1.0,1.0,1.0,1.0,0.36666666666666664,1.0,0.36666666666666664,1.0,1.0,1.0,1.0,0.3142857142857143,1.0,0.3142857142857143,1.0,1.0,1.0,1.0,0.275,1.0,0.275,1.0,1.0,1.0,1.0,0.24444444444444444,1.0,0.24444444444444444,1.0,1.0,1.0,1.0,0.22,1.0,0.22,1.0,1.0,1.0,1.0,mpnet-dj_adpt,5,webtable-la2m_nopca-v=12-distilroberta-dj_adpt~qwen3_8b-dj_adpt
deaths_2012_2018_a.pq,1.0,0.09090909090909091,1.0,0.09090909090909091,1.0,1.0,0.09090909090909091,1.0,0.45454545454545453,1.0,0.45454545454545453,1.0,1.0,0.45454545454545453,0.6,0.5454545454545454,1.0,0.9090909090909091,1.0,1.0,0.5454545454545454,0.4,0.5454545454545454,0.7333333333333333,1.0,1.0,1.0,0.5454545454545454,0.4,0.7272727272727273,0.55,1.0,1.0,1.0,0.6256313131313131,0.32,0.7272727272727273,0.44,1.0,1.0,1.0,0.6256313131313131,0.3,0.8181818181818182,0.36666666666666664,1.0,1.0,1.0,0.6529040404040404,0.2857142857142857,0.9090909090909091,0.3142857142857143,1.0,1.0,1.0,0.6788780663780664,0.275,1.0,0.275,1.0,1.0,1.0,0.704519092019092,0.24444444444444444,1.0,0.24444444444444444,1.0,1.0,1.0,0.704519092019092,0.22,1.0,0.22,1.0,1.0,1.0,0.704519092019092,mpnet-dj_adpt,5,webtable-la2m_nopca-v=12-distilroberta-dj_adpt~qwen3_8b-dj_adpt
workforce_management_information_b.pq,1.0,0.05555555555555555,1.0,0.05555555555555555,1.0,1.0,0.05555555555555555,1.0,0.2777777777777778,1.0,0.2777777777777778,1.0,1.0,0.2777777777777778,1.0,0.5555555555555556,1.0,0.5555555555555556,1.0,1.0,0.5555555555555556,0.9333333333333333,0.7777777777777778,1.0,0.8333333333333334,1.0,1.0,0.7777777777777778,0.7,0.7777777777777778,0.9,1.0,1.0,1.0,0.7777777777777778,0.68,0.9444444444444444,0.72,1.0,1.0,1.0,0.8954595123073383,0.6,1.0,0.6,1.0,1.0,1.0,0.9339210507688769,0.5142857142857142,1.0,0.5142857142857142,1.0,1.0,1.0,0.9339210507688769,0.45,1.0,0.45,1.0,1.0,1.0,0.9339210507688769,0.4,1.0,0.4,1.0,1.0,1.0,0.9339210507688769,0.36,1.0,0.36,1.0,1.0,1.0,0.9339210507688769,mpnet-dj_adpt,5,webtable-la2m_nopca-v=12-distilroberta-dj_adpt~qwen3_8b-dj_adpt
ydn_spending_data_b.pq,1.0,0.08333333333333333,1.0,0.08333333333333333,1.0,1.0,0.08333333333333333,0.4,0.16666666666666666,1.0,0.4166666666666667,1.0,1.0,0.16666666666666666,0.2,0.16666666666666666,1.0,0.8333333333333334,1.0,1.0,0.16666666666666666,0.2,0.25,0.8,1.0,1.0,1.0,0.1858974358974359,0.2,0.3333333333333333,0.6,1.0,1.0,1.0,0.2025641025641026,0.24,0.5,0.48,1.0,1.0,1.0,0.2432426269382791,0.2,0.5,0.4,1.0,1.0,1.0,0.2432426269382791,0.22857142857142856,0.6666666666666666,0.34285714285714286,1.0,1.0,1.0,0.2805194126525648,0.2,0.6666666666666666,0.3,1.0,1.0,1.0,0.2805194126525648,0.17777777777777778,0.6666666666666666,0.26666666666666666,1.0,1.0,1.0,0.2805194126525648,0.16,0.6666666666666666,0.24,1.0,1.0,1.0,0.2805194126525648,mpnet-dj_adpt,5,webtable-la2m_nopca-v=12-distilroberta-dj_adpt~qwen3_8b-dj_adpt
stockport_contracts_b.pq,1.0,0.07692307692307693,1.0,0.07692307692307693,1.0,1.0,0.07692307692307693,1.0,0.38461538461538464,1.0,0.38461538461538464,1.0,1.0,0.38461538461538464,0.9,0.6923076923076923,1.0,0.7692307692307693,1.0,1.0,0.6923076923076923,0.6666666666666666,0.7692307692307693,0.8666666666666667,1.0,1.0,1.0,0.7514792899408285,0.6,0.9230769230769231,0.65,1.0,1.0,1.0,0.8421675490501402,0.52,1.0,0.52,1.0,1.0,1.0,0.8897865966691878,0.43333333333333335,1.0,0.43333333333333335,1.0,1.0,1.0,0.8897865966691878,0.37142857142857144,1.0,0.37142857142857144,1.0,1.0,1.0,0.8897865966691878,0.325,1.0,0.325,1.0,1.0,1.0,0.8897865966691878,0.28888888888888886,1.0,0.28888888888888886,1.0,1.0,1.0,0.8897865966691878,0.26,1.0,0.26,1.0,1.0,1.0,0.8897865966691878,mpnet-dj_adpt,5,webtable-la2m_nopca-v=12-distilroberta-dj_adpt~qwen3_8b-dj_adpt
civic_building_locations_a.pq,1.0,0.08333333333333333,1.0,0.08333333333333333,1.0,1.0,0.08333333333333333,0.6,0.25,1.0,0.4166666666666667,1.0,1.0,0.21666666666666667,0.5,0.4166666666666667,1.0,0.8333333333333334,1.0,1.0,0.33174603174603173,0.4,0.5,0.8,1.0,1.0,1.0,0.3650793650793651,0.35,0.5833333333333334,0.6,1.0,1.0,1.0,0.3974867724867725,0.28,0.5833333333333334,0.48,1.0,1.0,1.0,0.3974867724867725,0.23333333333333334,0.5833333333333334,0.4,1.0,1.0,1.0,0.3974867724867725,0.22857142857142856,0.6666666666666666,0.34285714285714286,1.0,1.0,1.0,0.4189921488308585,0.25,0.8333333333333334,0.3,1.0,1.0,1.0,0.46234800468671433,0.2222222222222222,0.8333333333333334,0.26666666666666666,1.0,1.0,1.0,0.46234800468671433,0.2,0.8333333333333334,0.24,1.0,1.0,1.0,0.46234800468671433,mpnet-dj_adpt,5,webtable-la2m_nopca-v=12-distilroberta-dj_adpt~qwen3_8b-dj_adpt
film_locations_in_san_francisco_a.pq,1.0,0.07692307692307693,1.0,0.07692307692307693,1.0,1.0,0.07692307692307693,1.0,0.38461538461538464,1.0,0.38461538461538464,1.0,1.0,0.38461538461538464,1.0,0.7692307692307693,1.0,0.7692307692307693,1.0,1.0,0.7692307692307693,0.8666666666666667,1.0,0.8666666666666667,1.0,1.0,1.0,1.0,0.65,1.0,0.65,1.0,1.0,1.0,1.0,0.52,1.0,0.52,1.0,1.0,1.0,1.0,0.43333333333333335,1.0,0.43333333333333335,1.0,1.0,1.0,1.0,0.37142857142857144,1.0,0.37142857142857144,1.0,1.0,1.0,1.0,0.325,1.0,0.325,1.0,1.0,1.0,1.0,0.28888888888888886,1.0,0.28888888888888886,1.0,1.0,1.0,1.0,0.26,1.0,0.26,1.0,1.0,1.0,1.0,mpnet-dj_adpt,5,webtable-la2m_nopca-v=12-distilroberta-dj_adpt~qwen3_8b-dj_adpt
ipopayments_b.pq,1.0,0.06666666666666667,1.0,0.06666666666666667,1.0,1.0,0.06666666666666667,1.0,0.3333333333333333,1.0,0.3333333333333333,1.0,1.0,0.3333333333333333,1.0,0.6666666666666666,1.0,0.6666666666666666,1.0,1.0,0.6666666666666666,0.8666666666666667,0.8666666666666667,1.0,1.0,1.0,1.0,0.8666666666666667,0.7,0.9333333333333333,0.75,1.0,1.0,1.0,0.925,0.6,1.0,0.6,1.0,1.0,1.0,0.9684782608695652,0.5,1.0,0.5,1.0,1.0,1.0,0.9684782608695652,0.42857142857142855,1.0,0.42857142857142855,1.0,1.0,1.0,0.9684782608695652,0.375,1.0,0.375,1.0,1.0,1.0,0.9684782608695652,0.3333333333333333,1.0,0.3333333333333333,1.0,1.0,1.0,0.9684782608695652,0.3,1.0,0.3,1.0,1.0,1.0,0.9684782608695652,mpnet-dj_adpt,5,webtable-la2m_nopca-v=12-distilroberta-dj_adpt~qwen3_8b-dj_adpt
stockport_contracts_a.pq,1.0,0.07692307692307693,1.0,0.07692307692307693,1.0,1.0,0.07692307692307693,0.2,0.07692307692307693,1.0,0.38461538461538464,1.0,1.0,0.07692307692307693,0.2,0.15384615384615385,1.0,0.7692307692307693,1.0,1.0,0.09401709401709403,0.26666666666666666,0.3076923076923077,0.8666666666666667,1.0,1.0,1.0,0.13101343101343102,0.2,0.3076923076923077,0.65,1.0,1.0,1.0,0.13101343101343102,0.16,0.3076923076923077,0.52,1.0,1.0,1.0,0.13101343101343102,0.23333333333333334,0.5384615384615384,0.43333333333333335,1.0,1.0,1.0,0.1786135320618079,0.2571428571428571,0.6923076923076923,0.37142857142857144,1.0,1.0,1.0,0.21762354166005282,0.225,0.6923076923076923,0.325,1.0,1.0,1.0,0.21762354166005282,0.24444444444444444,0.8461538461538461,0.28888888888888886,1.0,1.0,1.0,0.2556160369696213,0.24,0.9230769230769231,0.26,1.0,1.0,1.0,0.27568292660172833,mpnet-dj_adpt,5,webtable-la2m_nopca-v=12-distilroberta-dj_adpt~qwen3_8b-dj_adpt
ipopayments_a.pq,1.0,0.06666666666666667,1.0,0.06666666666666667,1.0,1.0,0.06666666666666667,0.8,0.26666666666666666,1.0,0.3333333333333333,1.0,1.0,0.23666666666666666,0.9,0.6,1.0,0.6666666666666666,1.0,1.0,0.526957671957672,0.9333333333333333,0.9333333333333333,1.0,1.0,1.0,1.0,0.8343402893402894,0.7,0.9333333333333333,0.75,1.0,1.0,1.0,0.8343402893402894,0.6,1.0,0.6,1.0,1.0,1.0,0.8797948347948348,0.5,1.0,0.5,1.0,1.0,1.0,0.8797948347948348,0.42857142857142855,1.0,0.42857142857142855,1.0,1.0,1.0,0.8797948347948348,0.375,1.0,0.375,1.0,1.0,1.0,0.8797948347948348,0.3333333333333333,1.0,0.3333333333333333,1.0,1.0,1.0,0.8797948347948348,0.3,1.0,0.3,1.0,1.0,1.0,0.8797948347948348,mpnet-dj_adpt,5,webtable-la2m_nopca-v=12-distilroberta-dj_adpt~qwen3_8b-dj_adpt
lane_description_b.pq,1.0,0.0625,1.0,0.0625,1.0,1.0,0.0625,1.0,0.3125,1.0,0.3125,1.0,1.0,0.3125,1.0,0.625,1.0,0.625,1.0,1.0,0.625,1.0,0.9375,1.0,0.9375,1.0,1.0,0.9375,0.8,1.0,0.8,1.0,1.0,1.0,0.9963235294117647,0.64,1.0,0.64,1.0,1.0,1.0,0.9963235294117647,0.5333333333333333,1.0,0.5333333333333333,1.0,1.0,1.0,0.9963235294117647,0.45714285714285713,1.0,0.45714285714285713,1.0,1.0,1.0,0.9963235294117647,0.4,1.0,0.4,1.0,1.0,1.0,0.9963235294117647,0.35555555555555557,1.0,0.35555555555555557,1.0,1.0,1.0,0.9963235294117647,0.32,1.0,0.32,1.0,1.0,1.0,0.9963235294117647,mpnet-dj_adpt,5,webtable-la2m_nopca-v=12-distilroberta-dj_adpt~qwen3_8b-dj_adpt
workforce_management_information_a.pq,1.0,0.05555555555555555,1.0,0.05555555555555555,1.0,1.0,0.05555555555555555,1.0,0.2777777777777778,1.0,0.2777777777777778,1.0,1.0,0.2777777777777778,1.0,0.5555555555555556,1.0,0.5555555555555556,1.0,1.0,0.5555555555555556,0.9333333333333333,0.7777777777777778,1.0,0.8333333333333334,1.0,1.0,0.7740740740740741,0.7,0.7777777777777778,0.9,1.0,1.0,1.0,0.7740740740740741,0.68,0.9444444444444444,0.72,1.0,1.0,1.0,0.8885714285714286,0.6,1.0,0.6,1.0,1.0,1.0,0.927032967032967,0.5142857142857142,1.0,0.5142857142857142,1.0,1.0,1.0,0.927032967032967,0.45,1.0,0.45,1.0,1.0,1.0,0.927032967032967,0.4,1.0,0.4,1.0,1.0,1.0,0.927032967032967,0.36,1.0,0.36,1.0,1.0,1.0,0.927032967032967,mpnet-dj_adpt,5,webtable-la2m_nopca-v=12-distilroberta-dj_adpt~qwen3_8b-dj_adpt
311_calls_historic_data_a.pq,1.0,0.09090909090909091,1.0,0.09090909090909091,1.0,1.0,0.09090909090909091,0.2,0.09090909090909091,1.0,0.45454545454545453,1.0,1.0,0.09090909090909091,0.1,0.09090909090909091,1.0,0.9090909090909091,1.0,1.0,0.09090909090909091,0.06666666666666667,0.09090909090909091,0.7333333333333333,1.0,1.0,1.0,0.09090909090909091,0.1,0.18181818181818182,0.55,1.0,1.0,1.0,0.10047846889952151,0.08,0.18181818181818182,0.44,1.0,1.0,1.0,0.10047846889952151,0.06666666666666667,0.18181818181818182,0.36666666666666664,1.0,1.0,1.0,0.10047846889952151,0.05714285714285714,0.18181818181818182,0.3142857142857143,1.0,1.0,1.0,0.10047846889952151,0.1,0.36363636363636365,0.275,1.0,1.0,1.0,0.11674641148325358,0.17777777777777778,0.7272727272727273,0.24444444444444444,1.0,1.0,1.0,0.17114230149250925,0.22,1.0,0.22,1.0,1.0,1.0,0.2291045558585564,mpnet-dj_adpt,5,webtable-la2m_nopca-v=12-distilroberta-dj_adpt~qwen3_8b-dj_adpt
mines_a.pq,1.0,0.07142857142857142,1.0,0.07142857142857142,1.0,1.0,0.07142857142857142,1.0,0.35714285714285715,1.0,0.35714285714285715,1.0,1.0,0.35714285714285715,0.9,0.6428571428571429,1.0,0.7142857142857143,1.0,1.0,0.6428571428571429,0.6666666666666666,0.7142857142857143,0.9333333333333333,1.0,1.0,1.0,0.6978021978021979,0.5,0.7142857142857143,0.7,1.0,1.0,1.0,0.6978021978021979,0.4,0.7142857142857143,0.56,1.0,1.0,1.0,0.6978021978021979,0.36666666666666664,0.7857142857142857,0.4666666666666667,1.0,1.0,1.0,0.726902726902727,0.3142857142857143,0.7857142857142857,0.4,1.0,1.0,1.0,0.726902726902727,0.275,0.7857142857142857,0.35,1.0,1.0,1.0,0.726902726902727,0.24444444444444444,0.7857142857142857,0.3111111111111111,1.0,1.0,1.0,0.726902726902727,0.22,0.7857142857142857,0.28,1.0,1.0,1.0,0.726902726902727,mpnet-dj_adpt,5,webtable-la2m_nopca-v=12-distilroberta-dj_adpt~qwen3_8b-dj_adpt
ydn_spending_data_a.pq,1.0,0.08333333333333333,1.0,0.08333333333333333,1.0,1.0,0.08333333333333333,1.0,0.4166666666666667,1.0,0.4166666666666667,1.0,1.0,0.4166666666666667,0.5,0.4166666666666667,1.0,0.8333333333333334,1.0,1.0,0.4166666666666667,0.4666666666666667,0.5833333333333334,0.8,1.0,1.0,1.0,0.5107323232323232,0.35,0.5833333333333334,0.6,1.0,1.0,1.0,0.5107323232323232,0.28,0.5833333333333334,0.48,1.0,1.0,1.0,0.5107323232323232,0.3,0.75,0.4,1.0,1.0,1.0,0.5587208289794496,0.2571428571428571,0.75,0.34285714285714286,1.0,1.0,1.0,0.5587208289794496,0.225,0.75,0.3,1.0,1.0,1.0,0.5587208289794496,0.24444444444444444,0.9166666666666666,0.26666666666666666,1.0,1.0,1.0,0.5998799282780839,0.22,0.9166666666666666,0.24,1.0,1.0,1.0,0.5998799282780839,mpnet-dj_adpt,5,webtable-la2m_nopca-v=12-distilroberta-dj_adpt~qwen3_8b-dj_adpt
time_spent_watching_vcr_movies_a.pq,1.0,0.09090909090909091,1.0,0.09090909090909091,1.0,1.0,0.09090909090909091,0.2,0.09090909090909091,1.0,0.45454545454545453,1.0,1.0,0.09090909090909091,0.5,0.45454545454545453,1.0,0.9090909090909091,1.0,1.0,0.23683261183261184,0.6666666666666666,0.9090909090909091,0.7333333333333333,1.0,1.0,1.0,0.5144413667140939,0.55,1.0,0.55,1.0,1.0,1.0,0.5769413667140939,0.44,1.0,0.44,1.0,1.0,1.0,0.5769413667140939,0.36666666666666664,1.0,0.36666666666666664,1.0,1.0,1.0,0.5769413667140939,0.3142857142857143,1.0,0.3142857142857143,1.0,1.0,1.0,0.5769413667140939,0.275,1.0,0.275,1.0,1.0,1.0,0.5769413667140939,0.24444444444444444,1.0,0.24444444444444444,1.0,1.0,1.0,0.5769413667140939,0.22,1.0,0.22,1.0,1.0,1.0,0.5769413667140939,mpnet-dj_adpt,5,webtable-la2m_nopca-v=12-distilroberta-dj_adpt~qwen3_8b-dj_adpt
contributors_parties_a.pq,1.0,0.047619047619047616,1.0,0.047619047619047616,1.0,1.0,0.047619047619047616,1.0,0.23809523809523808,1.0,0.23809523809523808,1.0,1.0,0.23809523809523808,1.0,0.47619047619047616,1.0,0.47619047619047616,1.0,1.0,0.47619047619047616,1.0,0.7142857142857143,1.0,0.7142857142857143,1.0,1.0,0.7142857142857143,0.9,0.8571428571428571,1.0,0.9523809523809523,1.0,1.0,0.8473684210526315,0.84,1.0,0.84,1.0,1.0,1.0,0.9715684963396634,0.7,1.0,0.7,1.0,1.0,1.0,0.9715684963396634,0.6,1.0,0.6,1.0,1.0,1.0,0.9715684963396634,0.525,1.0,0.525,1.0,1.0,1.0,0.9715684963396634,0.4666666666666667,1.0,0.4666666666666667,1.0,1.0,1.0,0.9715684963396634,0.42,1.0,0.42,1.0,1.0,1.0,0.9715684963396634,mpnet-dj_adpt,5,webtable-la2m_nopca-v=12-distilroberta-dj_adpt~qwen3_8b-dj_adpt
wholesale_markets_a.pq,1.0,0.09090909090909091,1.0,0.09090909090909091,1.0,1.0,0.09090909090909091,0.2,0.09090909090909091,1.0,0.45454545454545453,1.0,1.0,0.09090909090909091,0.1,0.09090909090909091,1.0,0.9090909090909091,1.0,1.0,0.09090909090909091,0.06666666666666667,0.09090909090909091,0.7333333333333333,1.0,1.0,1.0,0.09090909090909091,0.05,0.09090909090909091,0.55,1.0,1.0,1.0,0.09090909090909091,0.04,0.09090909090909091,0.44,1.0,1.0,1.0,0.09090909090909091,0.03333333333333333,0.09090909090909091,0.36666666666666664,1.0,1.0,1.0,0.09090909090909091,0.02857142857142857,0.09090909090909091,0.3142857142857143,1.0,1.0,1.0,0.09090909090909091,0.025,0.09090909090909091,0.275,1.0,1.0,1.0,0.09090909090909091,0.022222222222222223,0.09090909090909091,0.24444444444444444,1.0,1.0,1.0,0.09090909090909091,0.02,0.09090909090909091,0.22,1.0,1.0,1.0,0.09090909090909091,mpnet-dj_adpt,5,webtable-la2m_nopca-v=12-distilroberta-dj_adpt~qwen3_8b-dj_adpt
animal_tag_data_b.pq,1.0,0.08333333333333333,1.0,0.08333333333333333,1.0,1.0,0.08333333333333333,0.8,0.3333333333333333,1.0,0.4166666666666667,1.0,1.0,0.3333333333333333,0.5,0.4166666666666667,1.0,0.8333333333333334,1.0,1.0,0.39285714285714285,0.4666666666666667,0.5833333333333334,0.8,1.0,1.0,1.0,0.4761904761904762,0.35,0.5833333333333334,0.6,1.0,1.0,1.0,0.4761904761904762,0.28,0.5833333333333334,0.48,1.0,1.0,1.0,0.4761904761904762,0.3,0.75,0.4,1.0,1.0,1.0,0.5276675485008818,0.2857142857142857,0.8333333333333334,0.34285714285714286,1.0,1.0,1.0,0.5529200737534071,0.25,0.8333333333333334,0.3,1.0,1.0,1.0,0.5529200737534071,0.2222222222222222,0.8333333333333334,0.26666666666666666,1.0,1.0,1.0,0.5529200737534071,0.2,0.8333333333333334,0.24,1.0,1.0,1.0,0.5529200737534071,mpnet-dj_adpt,5,webtable-la2m_nopca-v=12-distilroberta-dj_adpt~qwen3_8b-dj_adpt
biodiversity_a.pq,1.0,0.09090909090909091,1.0,0.09090909090909091,1.0,1.0,0.09090909090909091,1.0,0.45454545454545453,1.0,0.45454545454545453,1.0,1.0,0.45454545454545453,0.5,0.45454545454545453,1.0,0.9090909090909091,1.0,1.0,0.45454545454545453,0.3333333333333333,0.45454545454545453,0.7333333333333333,1.0,1.0,1.0,0.45454545454545453,0.25,0.45454545454545453,0.55,1.0,1.0,1.0,0.45454545454545453,0.2,0.45454545454545453,0.44,1.0,1.0,1.0,0.45454545454545453,0.16666666666666666,0.45454545454545453,0.36666666666666664,1.0,1.0,1.0,0.45454545454545453,0.17142857142857143,0.5454545454545454,0.3142857142857143,1.0,1.0,1.0,0.4721407624633431,0.15,0.5454545454545454,0.275,1.0,1.0,1.0,0.4721407624633431,0.15555555555555556,0.6363636363636364,0.24444444444444444,1.0,1.0,1.0,0.4876618267648952,0.14,0.6363636363636364,0.22,1.0,1.0,1.0,0.4876618267648952,mpnet-dj_adpt,5,webtable-la2m_nopca-v=12-distilroberta-dj_adpt~qwen3_8b-dj_adpt
data_mill_a.pq,1.0,0.07142857142857142,1.0,0.07142857142857142,1.0,1.0,0.07142857142857142,0.6,0.21428571428571427,1.0,0.35714285714285715,1.0,1.0,0.21428571428571427,0.3,0.21428571428571427,1.0,0.7142857142857143,1.0,1.0,0.21428571428571427,0.26666666666666666,0.2857142857142857,0.9333333333333333,1.0,1.0,1.0,0.23626373626373626,0.3,0.42857142857142855,0.7,1.0,1.0,1.0,0.2810816634346046,0.32,0.5714285714285714,0.56,1.0,1.0,1.0,0.3308652132181544,0.3,0.6428571428571429,0.4666666666666667,1.0,1.0,1.0,0.3546747370276782,0.2571428571428571,0.6428571428571429,0.4,1.0,1.0,1.0,0.3546747370276782,0.225,0.6428571428571429,0.35,1.0,1.0,1.0,0.3546747370276782,0.2222222222222222,0.7142857142857143,0.3111111111111111,1.0,1.0,1.0,0.37128603270874133,0.22,0.7857142857142857,0.28,1.0,1.0,1.0,0.38765508032778895,mpnet-dj_adpt,5,webtable-la2m_nopca-v=12-distilroberta-dj_adpt~qwen3_8b-dj_adpt
complaint_by_practice_a.pq,1.0,0.07692307692307693,1.0,0.07692307692307693,1.0,1.0,0.07692307692307693,0.2,0.07692307692307693,1.0,0.38461538461538464,1.0,1.0,0.07692307692307693,0.4,0.3076923076923077,1.0,0.7692307692307693,1.0,1.0,0.1655982905982906,0.26666666666666666,0.3076923076923077,0.8666666666666667,1.0,1.0,1.0,0.1655982905982906,0.2,0.3076923076923077,0.65,1.0,1.0,1.0,0.1655982905982906,0.16,0.3076923076923077,0.52,1.0,1.0,1.0,0.1655982905982906,0.13333333333333333,0.3076923076923077,0.43333333333333335,1.0,1.0,1.0,0.1655982905982906,0.11428571428571428,0.3076923076923077,0.37142857142857144,1.0,1.0,1.0,0.1655982905982906,0.15,0.46153846153846156,0.325,1.0,1.0,1.0,0.18699868507560813,0.13333333333333333,0.46153846153846156,0.28888888888888886,1.0,1.0,1.0,0.18699868507560813,0.12,0.46153846153846156,0.26,1.0,1.0,1.0,0.18699868507560813,mpnet-dj_adpt,5,webtable-la2m_nopca-v=12-distilroberta-dj_adpt~qwen3_8b-dj_adpt
immigration_records_a.pq,1.0,0.0625,1.0,0.0625,1.0,1.0,0.0625,0.2,0.0625,1.0,0.3125,1.0,1.0,0.0625,0.1,0.0625,1.0,0.625,1.0,1.0,0.0625,0.4,0.375,1.0,0.9375,1.0,1.0,0.15604083416583417,0.5,0.625,0.8,1.0,1.0,1.0,0.2752963488717165,0.44,0.6875,0.64,1.0,1.0,1.0,0.3051876532195426,0.4,0.75,0.5333333333333333,1.0,1.0,1.0,0.33403380706569646,0.34285714285714286,0.75,0.45714285714285713,1.0,1.0,1.0,0.33403380706569646,0.3,0.75,0.4,1.0,1.0,1.0,0.33403380706569646,0.26666666666666666,0.75,0.35555555555555557,1.0,1.0,1.0,0.33403380706569646,0.26,0.8125,0.32,1.0,1.0,1.0,0.35132104110824963,mpnet-dj_adpt,5,webtable-la2m_nopca-v=12-distilroberta-dj_adpt~qwen3_8b-dj_adpt
practice_reference_a.pq,1.0,0.06666666666666667,1.0,0.06666666666666667,1.0,1.0,0.06666666666666667,1.0,0.3333333333333333,1.0,0.3333333333333333,1.0,1.0,0.3333333333333333,0.9,0.6,1.0,0.6666666666666666,1.0,1.0,0.6,0.6,0.6,1.0,1.0,1.0,1.0,0.6,0.45,0.6,0.75,1.0,1.0,1.0,0.6,0.52,0.8666666666666667,0.6,1.0,1.0,1.0,0.7301870882740448,0.5,1.0,0.5,1.0,1.0,1.0,0.8031215612085176,0.42857142857142855,1.0,0.42857142857142855,1.0,1.0,1.0,0.8031215612085176,0.375,1.0,0.375,1.0,1.0,1.0,0.8031215612085176,0.3333333333333333,1.0,0.3333333333333333,1.0,1.0,1.0,0.8031215612085176,0.3,1.0,0.3,1.0,1.0,1.0,0.8031215612085176,mpnet-dj_adpt,5,webtable-la2m_nopca-v=12-distilroberta-dj_adpt~qwen3_8b-dj_adpt
prescribing_b.pq,1.0,0.06666666666666667,1.0,0.06666666666666667,1.0,1.0,0.06666666666666667,1.0,0.3333333333333333,1.0,0.3333333333333333,1.0,1.0,0.3333333333333333,0.9,0.6,1.0,0.6666666666666666,1.0,1.0,0.6,0.7333333333333333,0.7333333333333333,1.0,1.0,1.0,1.0,0.7217171717171718,0.55,0.7333333333333333,0.75,1.0,1.0,1.0,0.7217171717171718,0.6,1.0,0.6,1.0,1.0,1.0,0.8797860593512767,0.5,1.0,0.5,1.0,1.0,1.0,0.8797860593512767,0.42857142857142855,1.0,0.42857142857142855,1.0,1.0,1.0,0.8797860593512767,0.375,1.0,0.375,1.0,1.0,1.0,0.8797860593512767,0.3333333333333333,1.0,0.3333333333333333,1.0,1.0,1.0,0.8797860593512767,0.3,1.0,0.3,1.0,1.0,1.0,0.8797860593512767,mpnet-dj_adpt,5,webtable-la2m_nopca-v=12-distilroberta-dj_adpt~qwen3_8b-dj_adpt
cihr_co-applicant_b.pq,1.0,0.08333333333333333,1.0,0.08333333333333333,1.0,1.0,0.08333333333333333,1.0,0.4166666666666667,1.0,0.4166666666666667,1.0,1.0,0.4166666666666667,0.8,0.6666666666666666,1.0,0.8333333333333334,1.0,1.0,0.6666666666666666,0.6666666666666666,0.8333333333333334,0.8,1.0,1.0,1.0,0.7757936507936508,0.6,1.0,0.6,1.0,1.0,1.0,0.8919088468720822,0.48,1.0,0.48,1.0,1.0,1.0,0.8919088468720822,0.4,1.0,0.4,1.0,1.0,1.0,0.8919088468720822,0.34285714285714286,1.0,0.34285714285714286,1.0,1.0,1.0,0.8919088468720822,0.3,1.0,0.3,1.0,1.0,1.0,0.8919088468720822,0.26666666666666666,1.0,0.26666666666666666,1.0,1.0,1.0,0.8919088468720822,0.24,1.0,0.24,1.0,1.0,1.0,0.8919088468720822,mpnet-dj_adpt,5,webtable-la2m_nopca-v=12-distilroberta-dj_adpt~qwen3_8b-dj_adpt
monthly_data_feed_b.pq,1.0,0.07692307692307693,1.0,0.07692307692307693,1.0,1.0,0.07692307692307693,0.6,0.23076923076923078,1.0,0.38461538461538464,1.0,1.0,0.23076923076923078,0.5,0.38461538461538464,1.0,0.7692307692307693,1.0,1.0,0.30341880341880345,0.6666666666666666,0.7692307692307693,0.8666666666666667,1.0,1.0,1.0,0.5383185190877499,0.65,1.0,0.65,1.0,1.0,1.0,0.7010573325618575,0.52,1.0,0.52,1.0,1.0,1.0,0.7010573325618575,0.43333333333333335,1.0,0.43333333333333335,1.0,1.0,1.0,0.7010573325618575,0.37142857142857144,1.0,0.37142857142857144,1.0,1.0,1.0,0.7010573325618575,0.325,1.0,0.325,1.0,1.0,1.0,0.7010573325618575,0.28888888888888886,1.0,0.28888888888888886,1.0,1.0,1.0,0.7010573325618575,0.26,1.0,0.26,1.0,1.0,1.0,0.7010573325618575,mpnet-dj_adpt,5,webtable-la2m_nopca-v=12-distilroberta-dj_adpt~qwen3_8b-dj_adpt
purchasing_card_a.pq,1.0,0.07692307692307693,1.0,0.07692307692307693,1.0,1.0,0.07692307692307693,1.0,0.38461538461538464,1.0,0.38461538461538464,1.0,1.0,0.38461538461538464,1.0,0.7692307692307693,1.0,0.7692307692307693,1.0,1.0,0.7692307692307693,0.7333333333333333,0.8461538461538461,0.8666666666666667,1.0,1.0,1.0,0.8461538461538461,0.6,0.9230769230769231,0.65,1.0,1.0,1.0,0.8974358974358974,0.52,1.0,0.52,1.0,1.0,1.0,0.9450549450549451,0.43333333333333335,1.0,0.43333333333333335,1.0,1.0,1.0,0.9450549450549451,0.37142857142857144,1.0,0.37142857142857144,1.0,1.0,1.0,0.9450549450549451,0.325,1.0,0.325,1.0,1.0,1.0,0.9450549450549451,0.28888888888888886,1.0,0.28888888888888886,1.0,1.0,1.0,0.9450549450549451,0.26,1.0,0.26,1.0,1.0,1.0,0.9450549450549451,mpnet-dj_adpt,5,webtable-la2m_nopca-v=12-distilroberta-dj_adpt~qwen3_8b-dj_adpt
tuition_assistance_program_tap_recipients_a.pq,1.0,0.09090909090909091,1.0,0.09090909090909091,1.0,1.0,0.09090909090909091,0.2,0.09090909090909091,1.0,0.45454545454545453,1.0,1.0,0.09090909090909091,0.1,0.09090909090909091,1.0,0.9090909090909091,1.0,1.0,0.09090909090909091,0.06666666666666667,0.09090909090909091,0.7333333333333333,1.0,1.0,1.0,0.09090909090909091,0.05,0.09090909090909091,0.55,1.0,1.0,1.0,0.09090909090909091,0.04,0.09090909090909091,0.44,1.0,1.0,1.0,0.09090909090909091,0.03333333333333333,0.09090909090909091,0.36666666666666664,1.0,1.0,1.0,0.09090909090909091,0.02857142857142857,0.09090909090909091,0.3142857142857143,1.0,1.0,1.0,0.09090909090909091,0.025,0.09090909090909091,0.275,1.0,1.0,1.0,0.09090909090909091,0.022222222222222223,0.09090909090909091,0.24444444444444444,1.0,1.0,1.0,0.09090909090909091,0.12,0.5454545454545454,0.22,1.0,1.0,1.0,0.1284256543421338,mpnet-dj_adpt,5,webtable-la2m_nopca-v=12-distilroberta-dj_adpt~qwen3_8b-dj_adpt
monthly_data_feed_a.pq,1.0,0.07692307692307693,1.0,0.07692307692307693,1.0,1.0,0.07692307692307693,1.0,0.38461538461538464,1.0,0.38461538461538464,1.0,1.0,0.38461538461538464,1.0,0.7692307692307693,1.0,0.7692307692307693,1.0,1.0,0.7692307692307693,0.8666666666666667,1.0,0.8666666666666667,1.0,1.0,1.0,1.0,0.65,1.0,0.65,1.0,1.0,1.0,1.0,0.52,1.0,0.52,1.0,1.0,1.0,1.0,0.43333333333333335,1.0,0.43333333333333335,1.0,1.0,1.0,1.0,0.37142857142857144,1.0,0.37142857142857144,1.0,1.0,1.0,1.0,0.325,1.0,0.325,1.0,1.0,1.0,1.0,0.28888888888888886,1.0,0.28888888888888886,1.0,1.0,1.0,1.0,0.26,1.0,0.26,1.0,1.0,1.0,1.0,mpnet-dj_adpt,5,webtable-la2m_nopca-v=12-distilroberta-dj_adpt~qwen3_8b-dj_adpt
cihr_co-applicant_a.pq,1.0,0.08333333333333333,1.0,0.08333333333333333,1.0,1.0,0.08333333333333333,0.6,0.25,1.0,0.4166666666666667,1.0,1.0,0.25,0.4,0.3333333333333333,1.0,0.8333333333333334,1.0,1.0,0.28703703703703703,0.4666666666666667,0.5833333333333334,0.8,1.0,1.0,1.0,0.4054713804713805,0.6,1.0,0.6,1.0,1.0,1.0,0.6357976045282546,0.48,1.0,0.48,1.0,1.0,1.0,0.6357976045282546,0.4,1.0,0.4,1.0,1.0,1.0,0.6357976045282546,0.34285714285714286,1.0,0.34285714285714286,1.0,1.0,1.0,0.6357976045282546,0.3,1.0,0.3,1.0,1.0,1.0,0.6357976045282546,0.26666666666666666,1.0,0.26666666666666666,1.0,1.0,1.0,0.6357976045282546,0.24,1.0,0.24,1.0,1.0,1.0,0.6357976045282546,mpnet-dj_adpt,5,webtable-la2m_nopca-v=12-distilroberta-dj_adpt~qwen3_8b-dj_adpt
job_pay_scales_a.pq,1.0,0.06666666666666667,1.0,0.06666666666666667,1.0,1.0,0.06666666666666667,1.0,0.3333333333333333,1.0,0.3333333333333333,1.0,1.0,0.3333333333333333,0.8,0.5333333333333333,1.0,0.6666666666666666,1.0,1.0,0.5333333333333333,0.6666666666666666,0.6666666666666666,1.0,1.0,1.0,1.0,0.6206349206349207,0.55,0.7333333333333333,0.75,1.0,1.0,1.0,0.666468253968254,0.52,0.8666666666666667,0.6,1.0,1.0,1.0,0.7392301587301587,0.4666666666666667,0.9333333333333333,0.5,1.0,1.0,1.0,0.7751275946275946,0.4,0.9333333333333333,0.42857142857142855,1.0,1.0,1.0,0.7751275946275946,0.35,0.9333333333333333,0.375,1.0,1.0,1.0,0.7751275946275946,0.3111111111111111,0.9333333333333333,0.3333333333333333,1.0,1.0,1.0,0.7751275946275946,0.3,1.0,0.3,1.0,1.0,1.0,0.795960927960928,mpnet-dj_adpt,5,webtable-la2m_nopca-v=12-distilroberta-dj_adpt~qwen3_8b-dj_adpt
senior_officials_expenses_a.pq,1.0,0.09090909090909091,1.0,0.09090909090909091,1.0,1.0,0.09090909090909091,0.8,0.36363636363636365,1.0,0.45454545454545453,1.0,1.0,0.36363636363636365,0.6,0.5454545454545454,1.0,0.9090909090909091,1.0,1.0,0.5173160173160173,0.4,0.5454545454545454,0.7333333333333333,1.0,1.0,1.0,0.5173160173160173,0.3,0.5454545454545454,0.55,1.0,1.0,1.0,0.5173160173160173,0.32,0.7272727272727273,0.44,1.0,1.0,1.0,0.5729220779220779,0.3333333333333333,0.9090909090909091,0.36666666666666664,1.0,1.0,1.0,0.6357385717730545,0.2857142857142857,0.9090909090909091,0.3142857142857143,1.0,1.0,1.0,0.6357385717730545,0.25,0.9090909090909091,0.275,1.0,1.0,1.0,0.6357385717730545,0.2222222222222222,0.9090909090909091,0.24444444444444444,1.0,1.0,1.0,0.6357385717730545,0.2,0.9090909090909091,0.22,1.0,1.0,1.0,0.6357385717730545,mpnet-dj_adpt,5,webtable-la2m_nopca-v=12-distilroberta-dj_adpt~qwen3_8b-dj_adpt
mines_b.pq,1.0,0.07142857142857142,1.0,0.07142857142857142,1.0,1.0,0.07142857142857142,0.6,0.21428571428571427,1.0,0.35714285714285715,1.0,1.0,0.15,0.4,0.2857142857142857,1.0,0.7142857142857143,1.0,1.0,0.1976190476190476,0.26666666666666666,0.2857142857142857,0.9333333333333333,1.0,1.0,1.0,0.1976190476190476,0.2,0.2857142857142857,0.7,1.0,1.0,1.0,0.1976190476190476,0.24,0.42857142857142855,0.56,1.0,1.0,1.0,0.2317099567099567,0.2,0.42857142857142855,0.4666666666666667,1.0,1.0,1.0,0.2317099567099567,0.17142857142857143,0.42857142857142855,0.4,1.0,1.0,1.0,0.2317099567099567,0.15,0.42857142857142855,0.35,1.0,1.0,1.0,0.2317099567099567,0.13333333333333333,0.42857142857142855,0.3111111111111111,1.0,1.0,1.0,0.2317099567099567,0.14,0.5,0.28,1.0,1.0,1.0,0.2417099567099567,mpnet-dj_adpt,5,webtable-la2m_nopca-v=12-distilroberta-dj_adpt~qwen3_8b-dj_adpt
complaint_by_practice_b.pq,1.0,0.07692307692307693,1.0,0.07692307692307693,1.0,1.0,0.07692307692307693,0.6,0.23076923076923078,1.0,0.38461538461538464,1.0,1.0,0.23076923076923078,0.5,0.38461538461538464,1.0,0.7692307692307693,1.0,1.0,0.30341880341880345,0.6666666666666666,0.7692307692307693,0.8666666666666667,1.0,1.0,1.0,0.5383185190877499,0.6,0.9230769230769231,0.65,1.0,1.0,1.0,0.6455017770063018,0.52,1.0,0.52,1.0,1.0,1.0,0.6855017770063019,0.43333333333333335,1.0,0.43333333333333335,1.0,1.0,1.0,0.6855017770063019,0.37142857142857144,1.0,0.37142857142857144,1.0,1.0,1.0,0.6855017770063019,0.325,1.0,0.325,1.0,1.0,1.0,0.6855017770063019,0.28888888888888886,1.0,0.28888888888888886,1.0,1.0,1.0,0.6855017770063019,0.26,1.0,0.26,1.0,1.0,1.0,0.6855017770063019,kalm_instruct_v2_5-dj_adpt,6,webtable-la2m_nopca-v=12-distilroberta-dj_adpt~qwen3_8b-dj_adpt
data_mill_b.pq,1.0,0.07142857142857142,1.0,0.07142857142857142,1.0,1.0,0.07142857142857142,1.0,0.35714285714285715,1.0,0.35714285714285715,1.0,1.0,0.35714285714285715,1.0,0.7142857142857143,1.0,0.7142857142857143,1.0,1.0,0.7142857142857143,0.8,0.8571428571428571,0.9333333333333333,1.0,1.0,1.0,0.8571428571428571,0.6,0.8571428571428571,0.7,1.0,1.0,1.0,0.8571428571428571,0.52,0.9285714285714286,0.56,1.0,1.0,1.0,0.9013605442176871,0.4666666666666667,1.0,0.4666666666666667,1.0,1.0,1.0,0.9398220826792255,0.4,1.0,0.4,1.0,1.0,1.0,0.9398220826792255,0.35,1.0,0.35,1.0,1.0,1.0,0.9398220826792255,0.3111111111111111,1.0,0.3111111111111111,1.0,1.0,1.0,0.9398220826792255,0.28,1.0,0.28,1.0,1.0,1.0,0.9398220826792255,kalm_instruct_v2_5-dj_adpt,6,webtable-la2m_nopca-v=12-distilroberta-dj_adpt~qwen3_8b-dj_adpt
monthly_data_feed_a.pq,1.0,0.07692307692307693,1.0,0.07692307692307693,1.0,1.0,0.07692307692307693,1.0,0.38461538461538464,1.0,0.38461538461538464,1.0,1.0,0.38461538461538464,1.0,0.7692307692307693,1.0,0.7692307692307693,1.0,1.0,0.7692307692307693,0.7333333333333333,0.8461538461538461,0.8666666666666667,1.0,1.0,1.0,0.8461538461538461,0.6,0.9230769230769231,0.65,1.0,1.0,1.0,0.9004524886877827,0.48,0.9230769230769231,0.52,1.0,1.0,1.0,0.9004524886877827,0.4,0.9230769230769231,0.43333333333333335,1.0,1.0,1.0,0.9004524886877827,0.34285714285714286,0.9230769230769231,0.37142857142857144,1.0,1.0,1.0,0.9004524886877827,0.3,0.9230769230769231,0.325,1.0,1.0,1.0,0.9004524886877827,0.26666666666666666,0.9230769230769231,0.28888888888888886,1.0,1.0,1.0,0.9004524886877827,0.24,0.9230769230769231,0.26,1.0,1.0,1.0,0.9004524886877827,kalm_instruct_v2_5-dj_adpt,6,webtable-la2m_nopca-v=12-distilroberta-dj_adpt~qwen3_8b-dj_adpt
data_mill_a.pq,1.0,0.07142857142857142,1.0,0.07142857142857142,1.0,1.0,0.07142857142857142,1.0,0.35714285714285715,1.0,0.35714285714285715,1.0,1.0,0.35714285714285715,1.0,0.7142857142857143,1.0,0.7142857142857143,1.0,1.0,0.7142857142857143,0.9333333333333333,1.0,0.9333333333333333,1.0,1.0,1.0,1.0,0.7,1.0,0.7,1.0,1.0,1.0,1.0,0.56,1.0,0.56,1.0,1.0,1.0,1.0,0.4666666666666667,1.0,0.4666666666666667,1.0,1.0,1.0,1.0,0.4,1.0,0.4,1.0,1.0,1.0,1.0,0.35,1.0,0.35,1.0,1.0,1.0,1.0,0.3111111111111111,1.0,0.3111111111111111,1.0,1.0,1.0,1.0,0.28,1.0,0.28,1.0,1.0,1.0,1.0,kalm_instruct_v2_5-dj_adpt,6,webtable-la2m_nopca-v=12-distilroberta-dj_adpt~qwen3_8b-dj_adpt
lane_description_b.pq,1.0,0.0625,1.0,0.0625,1.0,1.0,0.0625,1.0,0.3125,1.0,0.3125,1.0,1.0,0.3125,1.0,0.625,1.0,0.625,1.0,1.0,0.625,0.9333333333333333,0.875,1.0,0.9375,1.0,1.0,0.8615613553113554,0.8,1.0,0.8,1.0,1.0,1.0,0.97897863472312,0.64,1.0,0.64,1.0,1.0,1.0,0.97897863472312,0.5333333333333333,1.0,0.5333333333333333,1.0,1.0,1.0,0.97897863472312,0.45714285714285713,1.0,0.45714285714285713,1.0,1.0,1.0,0.97897863472312,0.4,1.0,0.4,1.0,1.0,1.0,0.97897863472312,0.35555555555555557,1.0,0.35555555555555557,1.0,1.0,1.0,0.97897863472312,0.32,1.0,0.32,1.0,1.0,1.0,0.97897863472312,kalm_instruct_v2_5-dj_adpt,6,webtable-la2m_nopca-v=12-distilroberta-dj_adpt~qwen3_8b-dj_adpt
psyckes_antipsychotic_polypharmacy_quality_indicators_beginning_2012_a.pq,1.0,0.09090909090909091,1.0,0.09090909090909091,1.0,1.0,0.09090909090909091,0.2,0.09090909090909091,1.0,0.45454545454545453,1.0,1.0,0.09090909090909091,0.1,0.09090909090909091,1.0,0.9090909090909091,1.0,1.0,0.09090909090909091,0.06666666666666667,0.09090909090909091,0.7333333333333333,1.0,1.0,1.0,0.09090909090909091,0.05,0.09090909090909091,0.55,1.0,1.0,1.0,0.09090909090909091,0.04,0.09090909090909091,0.44,1.0,1.0,1.0,0.09090909090909091,0.03333333333333333,0.09090909090909091,0.36666666666666664,1.0,1.0,1.0,0.09090909090909091,0.05714285714285714,0.18181818181818182,0.3142857142857143,1.0,1.0,1.0,0.09610389610389611,0.175,0.6363636363636364,0.275,1.0,1.0,1.0,0.1553644908908067,0.24444444444444444,1.0,0.24444444444444444,1.0,1.0,1.0,0.2364522913489985,0.22,1.0,0.22,1.0,1.0,1.0,0.2364522913489985,kalm_instruct_v2_5-dj_adpt,6,webtable-la2m_nopca-v=12-distilroberta-dj_adpt~qwen3_8b-dj_adpt
ipopayments_b.pq,1.0,0.06666666666666667,1.0,0.06666666666666667,1.0,1.0,0.06666666666666667,1.0,0.3333333333333333,1.0,0.3333333333333333,1.0,1.0,0.3333333333333333,0.8,0.5333333333333333,1.0,0.6666666666666666,1.0,1.0,0.5333333333333333,0.8,0.8,1.0,1.0,1.0,1.0,0.7403296703296703,0.65,0.8666666666666667,0.75,1.0,1.0,1.0,0.794496336996337,0.52,0.8666666666666667,0.6,1.0,1.0,1.0,0.794496336996337,0.43333333333333335,0.8666666666666667,0.5,1.0,1.0,1.0,0.794496336996337,0.37142857142857144,0.8666666666666667,0.42857142857142855,1.0,1.0,1.0,0.794496336996337,0.325,0.8666666666666667,0.375,1.0,1.0,1.0,0.794496336996337,0.3333333333333333,1.0,0.3333333333333333,1.0,1.0,1.0,0.8405163785921018,0.3,1.0,0.3,1.0,1.0,1.0,0.8405163785921018,kalm_instruct_v2_5-dj_adpt,6,webtable-la2m_nopca-v=12-distilroberta-dj_adpt~qwen3_8b-dj_adpt
senior_officials_expenses_a.pq,1.0,0.09090909090909091,1.0,0.09090909090909091,1.0,1.0,0.09090909090909091,0.6,0.2727272727272727,1.0,0.45454545454545453,1.0,1.0,0.2196969696969697,0.4,0.36363636363636365,1.0,0.9090909090909091,1.0,1.0,0.27164502164502163,0.4,0.5454545454545454,0.7333333333333333,1.0,1.0,1.0,0.34297369297369296,0.3,0.5454545454545454,0.55,1.0,1.0,1.0,0.34297369297369296,0.24,0.5454545454545454,0.44,1.0,1.0,1.0,0.34297369297369296,0.2,0.5454545454545454,0.36666666666666664,1.0,1.0,1.0,0.34297369297369296,0.2,0.6363636363636364,0.3142857142857143,1.0,1.0,1.0,0.36115551115551114,0.175,0.6363636363636364,0.275,1.0,1.0,1.0,0.36115551115551114,0.17777777777777778,0.7272727272727273,0.24444444444444444,1.0,1.0,1.0,0.37731712731712735,0.18,0.8181818181818182,0.22,1.0,1.0,1.0,0.3943625818625819,kalm_instruct_v2_5-dj_adpt,6,webtable-la2m_nopca-v=12-distilroberta-dj_adpt~qwen3_8b-dj_adpt
tuition_assistance_program_tap_recipients_a.pq,1.0,0.09090909090909091,1.0,0.09090909090909091,1.0,1.0,0.09090909090909091,0.2,0.09090909090909091,1.0,0.45454545454545453,1.0,1.0,0.09090909090909091,0.1,0.09090909090909091,1.0,0.9090909090909091,1.0,1.0,0.09090909090909091,0.06666666666666667,0.09090909090909091,0.7333333333333333,1.0,1.0,1.0,0.09090909090909091,0.05,0.09090909090909091,0.55,1.0,1.0,1.0,0.09090909090909091,0.04,0.09090909090909091,0.44,1.0,1.0,1.0,0.09090909090909091,0.03333333333333333,0.09090909090909091,0.36666666666666664,1.0,1.0,1.0,0.09090909090909091,0.08571428571428572,0.2727272727272727,0.3142857142857143,1.0,1.0,1.0,0.1040488922841864,0.2,0.7272727272727273,0.275,1.0,1.0,1.0,0.17528781615468922,0.24444444444444444,1.0,0.24444444444444444,1.0,1.0,1.0,0.24014430585519483,0.22,1.0,0.22,1.0,1.0,1.0,0.24014430585519483,kalm_instruct_v2_5-dj_adpt,6,webtable-la2m_nopca-v=12-distilroberta-dj_adpt~qwen3_8b-dj_adpt
report_card_discipline_for_2015_16_a.pq,1.0,0.09090909090909091,1.0,0.09090909090909091,1.0,1.0,0.09090909090909091,1.0,0.45454545454545453,1.0,0.45454545454545453,1.0,1.0,0.45454545454545453,1.0,0.9090909090909091,1.0,0.9090909090909091,1.0,1.0,0.9090909090909091,0.7333333333333333,1.0,0.7333333333333333,1.0,1.0,1.0,1.0,0.55,1.0,0.55,1.0,1.0,1.0,1.0,0.44,1.0,0.44,1.0,1.0,1.0,1.0,0.36666666666666664,1.0,0.36666666666666664,1.0,1.0,1.0,1.0,0.3142857142857143,1.0,0.3142857142857143,1.0,1.0,1.0,1.0,0.275,1.0,0.275,1.0,1.0,1.0,1.0,0.24444444444444444,1.0,0.24444444444444444,1.0,1.0,1.0,1.0,0.22,1.0,0.22,1.0,1.0,1.0,1.0,kalm_instruct_v2_5-dj_adpt,6,webtable-la2m_nopca-v=12-distilroberta-dj_adpt~qwen3_8b-dj_adpt
albums_b.pq,1.0,0.0625,1.0,0.0625,1.0,1.0,0.0625,1.0,0.3125,1.0,0.3125,1.0,1.0,0.3125,1.0,0.625,1.0,0.625,1.0,1.0,0.625,1.0,0.9375,1.0,0.9375,1.0,1.0,0.9375,0.8,1.0,0.8,1.0,1.0,1.0,1.0,0.64,1.0,0.64,1.0,1.0,1.0,1.0,0.5333333333333333,1.0,0.5333333333333333,1.0,1.0,1.0,1.0,0.45714285714285713,1.0,0.45714285714285713,1.0,1.0,1.0,1.0,0.4,1.0,0.4,1.0,1.0,1.0,1.0,0.35555555555555557,1.0,0.35555555555555557,1.0,1.0,1.0,1.0,0.32,1.0,0.32,1.0,1.0,1.0,1.0,kalm_instruct_v2_5-dj_adpt,6,webtable-la2m_nopca-v=12-distilroberta-dj_adpt~qwen3_8b-dj_adpt
ipopayments_a.pq,1.0,0.06666666666666667,1.0,0.06666666666666667,1.0,1.0,0.06666666666666667,1.0,0.3333333333333333,1.0,0.3333333333333333,1.0,1.0,0.3333333333333333,0.8,0.5333333333333333,1.0,0.6666666666666666,1.0,1.0,0.5333333333333333,0.8,0.8,1.0,1.0,1.0,1.0,0.7403296703296703,0.65,0.8666666666666667,0.75,1.0,1.0,1.0,0.794496336996337,0.52,0.8666666666666667,0.6,1.0,1.0,1.0,0.794496336996337,0.43333333333333335,0.8666666666666667,0.5,1.0,1.0,1.0,0.794496336996337,0.37142857142857144,0.8666666666666667,0.42857142857142855,1.0,1.0,1.0,0.794496336996337,0.325,0.8666666666666667,0.375,1.0,1.0,1.0,0.794496336996337,0.3333333333333333,1.0,0.3333333333333333,1.0,1.0,1.0,0.8405163785921018,0.3,1.0,0.3,1.0,1.0,1.0,0.8405163785921018,kalm_instruct_v2_5-dj_adpt,6,webtable-la2m_nopca-v=12-distilroberta-dj_adpt~qwen3_8b-dj_adpt
ydn_spending_data_a.pq,1.0,0.08333333333333333,1.0,0.08333333333333333,1.0,1.0,0.08333333333333333,0.6,0.25,1.0,0.4166666666666667,1.0,1.0,0.17500000000000002,0.5,0.4166666666666667,1.0,0.8333333333333334,1.0,1.0,0.2826388888888889,0.4666666666666667,0.5833333333333334,0.8,1.0,1.0,1.0,0.362767094017094,0.4,0.6666666666666666,0.6,1.0,1.0,1.0,0.39610042735042733,0.32,0.6666666666666666,0.48,1.0,1.0,1.0,0.39610042735042733,0.3,0.75,0.4,1.0,1.0,1.0,0.4249465811965812,0.2857142857142857,0.8333333333333334,0.34285714285714286,1.0,1.0,1.0,0.45098824786324787,0.275,0.9166666666666666,0.3,1.0,1.0,1.0,0.47449252136752135,0.24444444444444444,0.9166666666666666,0.26666666666666666,1.0,1.0,1.0,0.47449252136752135,0.22,0.9166666666666666,0.24,1.0,1.0,1.0,0.47449252136752135,kalm_instruct_v2_5-dj_adpt,6,webtable-la2m_nopca-v=12-distilroberta-dj_adpt~qwen3_8b-dj_adpt
mines_b.pq,1.0,0.07142857142857142,1.0,0.07142857142857142,1.0,1.0,0.07142857142857142,0.6,0.21428571428571427,1.0,0.35714285714285715,1.0,1.0,0.19642857142857142,0.3,0.21428571428571427,1.0,0.7142857142857143,1.0,1.0,0.19642857142857142,0.26666666666666666,0.2857142857142857,0.9333333333333333,1.0,1.0,1.0,0.21840659340659338,0.2,0.2857142857142857,0.7,1.0,1.0,1.0,0.21840659340659338,0.16,0.2857142857142857,0.56,1.0,1.0,1.0,0.21840659340659338,0.13333333333333333,0.2857142857142857,0.4666666666666667,1.0,1.0,1.0,0.21840659340659338,0.11428571428571428,0.2857142857142857,0.4,1.0,1.0,1.0,0.21840659340659338,0.1,0.2857142857142857,0.35,1.0,1.0,1.0,0.21840659340659338,0.08888888888888889,0.2857142857142857,0.3111111111111111,1.0,1.0,1.0,0.21840659340659338,0.08,0.2857142857142857,0.28,1.0,1.0,1.0,0.21840659340659338,kalm_instruct_v2_5-dj_adpt,6,webtable-la2m_nopca-v=12-distilroberta-dj_adpt~qwen3_8b-dj_adpt
animal_tag_data_a.pq,1.0,0.08333333333333333,1.0,0.08333333333333333,1.0,1.0,0.08333333333333333,1.0,0.4166666666666667,1.0,0.4166666666666667,1.0,1.0,0.4166666666666667,0.9,0.75,1.0,0.8333333333333334,1.0,1.0,0.75,0.8,1.0,0.8,1.0,1.0,1.0,0.9613858363858364,0.6,1.0,0.6,1.0,1.0,1.0,0.9613858363858364,0.48,1.0,0.48,1.0,1.0,1.0,0.9613858363858364,0.4,1.0,0.4,1.0,1.0,1.0,0.9613858363858364,0.34285714285714286,1.0,0.34285714285714286,1.0,1.0,1.0,0.9613858363858364,0.3,1.0,0.3,1.0,1.0,1.0,0.9613858363858364,0.26666666666666666,1.0,0.26666666666666666,1.0,1.0,1.0,0.9613858363858364,0.24,1.0,0.24,1.0,1.0,1.0,0.9613858363858364,kalm_instruct_v2_5-dj_adpt,6,webtable-la2m_nopca-v=12-distilroberta-dj_adpt~qwen3_8b-dj_adpt
311_calls_historic_data_a.pq,1.0,0.09090909090909091,1.0,0.09090909090909091,1.0,1.0,0.09090909090909091,1.0,0.45454545454545453,1.0,0.45454545454545453,1.0,1.0,0.45454545454545453,0.6,0.5454545454545454,1.0,0.9090909090909091,1.0,1.0,0.5454545454545454,0.6666666666666666,0.9090909090909091,0.7333333333333333,1.0,1.0,1.0,0.7734765234765235,0.55,1.0,0.55,1.0,1.0,1.0,0.8359765234765235,0.44,1.0,0.44,1.0,1.0,1.0,0.8359765234765235,0.36666666666666664,1.0,0.36666666666666664,1.0,1.0,1.0,0.8359765234765235,0.3142857142857143,1.0,0.3142857142857143,1.0,1.0,1.0,0.8359765234765235,0.275,1.0,0.275,1.0,1.0,1.0,0.8359765234765235,0.24444444444444444,1.0,0.24444444444444444,1.0,1.0,1.0,0.8359765234765235,0.22,1.0,0.22,1.0,1.0,1.0,0.8359765234765235,kalm_instruct_v2_5-dj_adpt,6,webtable-la2m_nopca-v=12-distilroberta-dj_adpt~qwen3_8b-dj_adpt
civic_building_locations_a.pq,1.0,0.08333333333333333,1.0,0.08333333333333333,1.0,1.0,0.08333333333333333,1.0,0.4166666666666667,1.0,0.4166666666666667,1.0,1.0,0.4166666666666667,0.8,0.6666666666666666,1.0,0.8333333333333334,1.0,1.0,0.6574074074074074,0.5333333333333333,0.6666666666666666,0.8,1.0,1.0,1.0,0.6574074074074074,0.4,0.6666666666666666,0.6,1.0,1.0,1.0,0.6574074074074074,0.36,0.75,0.48,1.0,1.0,1.0,0.6886574074074074,0.3,0.75,0.4,1.0,1.0,1.0,0.6886574074074074,0.2857142857142857,0.8333333333333334,0.34285714285714286,1.0,1.0,1.0,0.7146990740740741,0.275,0.9166666666666666,0.3,1.0,1.0,1.0,0.7382033475783475,0.24444444444444444,0.9166666666666666,0.26666666666666666,1.0,1.0,1.0,0.7382033475783475,0.22,0.9166666666666666,0.24,1.0,1.0,1.0,0.7382033475783475,kalm_instruct_v2_5-dj_adpt,6,webtable-la2m_nopca-v=12-distilroberta-dj_adpt~qwen3_8b-dj_adpt
complaint_by_practice_a.pq,1.0,0.07692307692307693,1.0,0.07692307692307693,1.0,1.0,0.07692307692307693,0.8,0.3076923076923077,1.0,0.38461538461538464,1.0,1.0,0.3076923076923077,0.4,0.3076923076923077,1.0,0.7692307692307693,1.0,1.0,0.3076923076923077,0.26666666666666666,0.3076923076923077,0.8666666666666667,1.0,1.0,1.0,0.3076923076923077,0.25,0.38461538461538464,0.65,1.0,1.0,1.0,0.3269230769230769,0.4,0.7692307692307693,0.52,1.0,1.0,1.0,0.4597478608348174,0.43333333333333335,1.0,0.43333333333333335,1.0,1.0,1.0,0.5621945594353621,0.37142857142857144,1.0,0.37142857142857144,1.0,1.0,1.0,0.5621945594353621,0.325,1.0,0.325,1.0,1.0,1.0,0.5621945594353621,0.28888888888888886,1.0,0.28888888888888886,1.0,1.0,1.0,0.5621945594353621,0.26,1.0,0.26,1.0,1.0,1.0,0.5621945594353621,kalm_instruct_v2_5-dj_adpt,6,webtable-la2m_nopca-v=12-distilroberta-dj_adpt~qwen3_8b-dj_adpt
mines_a.pq,1.0,0.07142857142857142,1.0,0.07142857142857142,1.0,1.0,0.07142857142857142,1.0,0.35714285714285715,1.0,0.35714285714285715,1.0,1.0,0.35714285714285715,0.9,0.6428571428571429,1.0,0.7142857142857143,1.0,1.0,0.6277777777777779,0.6666666666666666,0.7142857142857143,0.9333333333333333,1.0,1.0,1.0,0.6787981859410431,0.5,0.7142857142857143,0.7,1.0,1.0,1.0,0.6787981859410431,0.4,0.7142857142857143,0.56,1.0,1.0,1.0,0.6787981859410431,0.3333333333333333,0.7142857142857143,0.4666666666666667,1.0,1.0,1.0,0.6787981859410431,0.2857142857142857,0.7142857142857143,0.4,1.0,1.0,1.0,0.6787981859410431,0.25,0.7142857142857143,0.35,1.0,1.0,1.0,0.6787981859410431,0.2222222222222222,0.7142857142857143,0.3111111111111111,1.0,1.0,1.0,0.6787981859410431,0.2,0.7142857142857143,0.28,1.0,1.0,1.0,0.6787981859410431,kalm_instruct_v2_5-dj_adpt,6,webtable-la2m_nopca-v=12-distilroberta-dj_adpt~qwen3_8b-dj_adpt
prescribing_b.pq,1.0,0.06666666666666667,1.0,0.06666666666666667,1.0,1.0,0.06666666666666667,1.0,0.3333333333333333,1.0,0.3333333333333333,1.0,1.0,0.3333333333333333,1.0,0.6666666666666666,1.0,0.6666666666666666,1.0,1.0,0.6666666666666666,1.0,1.0,1.0,1.0,1.0,1.0,1.0,0.75,1.0,0.75,1.0,1.0,1.0,1.0,0.6,1.0,0.6,1.0,1.0,1.0,1.0,0.5,1.0,0.5,1.0,1.0,1.0,1.0,0.42857142857142855,1.0,0.42857142857142855,1.0,1.0,1.0,1.0,0.375,1.0,0.375,1.0,1.0,1.0,1.0,0.3333333333333333,1.0,0.3333333333333333,1.0,1.0,1.0,1.0,0.3,1.0,0.3,1.0,1.0,1.0,1.0,kalm_instruct_v2_5-dj_adpt,6,webtable-la2m_nopca-v=12-distilroberta-dj_adpt~qwen3_8b-dj_adpt
contributors_parties_a.pq,1.0,0.047619047619047616,1.0,0.047619047619047616,1.0,1.0,0.047619047619047616,1.0,0.23809523809523808,1.0,0.23809523809523808,1.0,1.0,0.23809523809523808,1.0,0.47619047619047616,1.0,0.47619047619047616,1.0,1.0,0.47619047619047616,1.0,0.7142857142857143,1.0,0.7142857142857143,1.0,1.0,0.7142857142857143,1.0,0.9523809523809523,1.0,0.9523809523809523,1.0,1.0,0.9523809523809523,0.84,1.0,0.84,1.0,1.0,1.0,1.0,0.7,1.0,0.7,1.0,1.0,1.0,1.0,0.6,1.0,0.6,1.0,1.0,1.0,1.0,0.525,1.0,0.525,1.0,1.0,1.0,1.0,0.4666666666666667,1.0,0.4666666666666667,1.0,1.0,1.0,1.0,0.42,1.0,0.42,1.0,1.0,1.0,1.0,kalm_instruct_v2_5-dj_adpt,6,webtable-la2m_nopca-v=12-distilroberta-dj_adpt~qwen3_8b-dj_adpt
immigration_records_a.pq,1.0,0.0625,1.0,0.0625,1.0,1.0,0.0625,1.0,0.3125,1.0,0.3125,1.0,1.0,0.3125,1.0,0.625,1.0,0.625,1.0,1.0,0.625,0.8666666666666667,0.8125,1.0,0.9375,1.0,1.0,0.7856227106227106,0.8,1.0,0.8,1.0,1.0,1.0,0.9510128250017956,0.64,1.0,0.64,1.0,1.0,1.0,0.9510128250017956,0.5333333333333333,1.0,0.5333333333333333,1.0,1.0,1.0,0.9510128250017956,0.45714285714285713,1.0,0.45714285714285713,1.0,1.0,1.0,0.9510128250017956,0.4,1.0,0.4,1.0,1.0,1.0,0.9510128250017956,0.35555555555555557,1.0,0.35555555555555557,1.0,1.0,1.0,0.9510128250017956,0.32,1.0,0.32,1.0,1.0,1.0,0.9510128250017956,kalm_instruct_v2_5-dj_adpt,6,webtable-la2m_nopca-v=12-distilroberta-dj_adpt~qwen3_8b-dj_adpt
biodiversity_a.pq,1.0,0.09090909090909091,1.0,0.09090909090909091,1.0,1.0,0.09090909090909091,1.0,0.45454545454545453,1.0,0.45454545454545453,1.0,1.0,0.45454545454545453,1.0,0.9090909090909091,1.0,0.9090909090909091,1.0,1.0,0.9090909090909091,0.6666666666666666,0.9090909090909091,0.7333333333333333,1.0,1.0,1.0,0.9090909090909091,0.5,0.9090909090909091,0.55,1.0,1.0,1.0,0.9090909090909091,0.4,0.9090909090909091,0.44,1.0,1.0,1.0,0.9090909090909091,0.3333333333333333,0.9090909090909091,0.36666666666666664,1.0,1.0,1.0,0.9090909090909091,0.2857142857142857,0.9090909090909091,0.3142857142857143,1.0,1.0,1.0,0.9090909090909091,0.25,0.9090909090909091,0.275,1.0,1.0,1.0,0.9090909090909091,0.2222222222222222,0.9090909090909091,0.24444444444444444,1.0,1.0,1.0,0.9090909090909091,0.2,0.9090909090909091,0.22,1.0,1.0,1.0,0.9090909090909091,kalm_instruct_v2_5-dj_adpt,6,webtable-la2m_nopca-v=12-distilroberta-dj_adpt~qwen3_8b-dj_adpt
purchasing_card_a.pq,1.0,0.07692307692307693,1.0,0.07692307692307693,1.0,1.0,0.07692307692307693,1.0,0.38461538461538464,1.0,0.38461538461538464,1.0,1.0,0.38461538461538464,1.0,0.7692307692307693,1.0,0.7692307692307693,1.0,1.0,0.7692307692307693,0.8,0.9230769230769231,0.8666666666666667,1.0,1.0,1.0,0.9230769230769231,0.6,0.9230769230769231,0.65,1.0,1.0,1.0,0.9230769230769231,0.52,1.0,0.52,1.0,1.0,1.0,0.9647435897435896,0.43333333333333335,1.0,0.43333333333333335,1.0,1.0,1.0,0.9647435897435896,0.37142857142857144,1.0,0.37142857142857144,1.0,1.0,1.0,0.9647435897435896,0.325,1.0,0.325,1.0,1.0,1.0,0.9647435897435896,0.28888888888888886,1.0,0.28888888888888886,1.0,1.0,1.0,0.9647435897435896,0.26,1.0,0.26,1.0,1.0,1.0,0.9647435897435896,kalm_instruct_v2_5-dj_adpt,6,webtable-la2m_nopca-v=12-distilroberta-dj_adpt~qwen3_8b-dj_adpt
cihr_co-applicant_a.pq,1.0,0.08333333333333333,1.0,0.08333333333333333,1.0,1.0,0.08333333333333333,1.0,0.4166666666666667,1.0,0.4166666666666667,1.0,1.0,0.4166666666666667,1.0,0.8333333333333334,1.0,0.8333333333333334,1.0,1.0,0.8333333333333334,0.8,1.0,0.8,1.0,1.0,1.0,0.9866452991452991,0.6,1.0,0.6,1.0,1.0,1.0,0.9866452991452991,0.48,1.0,0.48,1.0,1.0,1.0,0.9866452991452991,0.4,1.0,0.4,1.0,1.0,1.0,0.9866452991452991,0.34285714285714286,1.0,0.34285714285714286,1.0,1.0,1.0,0.9866452991452991,0.3,1.0,0.3,1.0,1.0,1.0,0.9866452991452991,0.26666666666666666,1.0,0.26666666666666666,1.0,1.0,1.0,0.9866452991452991,0.24,1.0,0.24,1.0,1.0,1.0,0.9866452991452991,kalm_instruct_v2_5-dj_adpt,6,webtable-la2m_nopca-v=12-distilroberta-dj_adpt~qwen3_8b-dj_adpt
business_rates_a.pq,1.0,0.08333333333333333,1.0,0.08333333333333333,1.0,1.0,0.08333333333333333,1.0,0.4166666666666667,1.0,0.4166666666666667,1.0,1.0,0.4166666666666667,1.0,0.8333333333333334,1.0,0.8333333333333334,1.0,1.0,0.8333333333333334,0.8,1.0,0.8,1.0,1.0,1.0,1.0,0.6,1.0,0.6,1.0,1.0,1.0,1.0,0.48,1.0,0.48,1.0,1.0,1.0,1.0,0.4,1.0,0.4,1.0,1.0,1.0,1.0,0.34285714285714286,1.0,0.34285714285714286,1.0,1.0,1.0,1.0,0.3,1.0,0.3,1.0,1.0,1.0,1.0,0.26666666666666666,1.0,0.26666666666666666,1.0,1.0,1.0,1.0,0.24,1.0,0.24,1.0,1.0,1.0,1.0,kalm_instruct_v2_5-dj_adpt,6,webtable-la2m_nopca-v=12-distilroberta-dj_adpt~qwen3_8b-dj_adpt
stockport_contracts_a.pq,1.0,0.07692307692307693,1.0,0.07692307692307693,1.0,1.0,0.07692307692307693,0.8,0.3076923076923077,1.0,0.38461538461538464,1.0,1.0,0.29230769230769227,0.6,0.46153846153846156,1.0,0.7692307692307693,1.0,1.0,0.42234432234432234,0.4666666666666667,0.5384615384615384,0.8666666666666667,1.0,1.0,1.0,0.4582417582417583,0.35,0.5384615384615384,0.65,1.0,1.0,1.0,0.4582417582417583,0.32,0.6153846153846154,0.52,1.0,1.0,1.0,0.4838827838827839,0.3333333333333333,0.7692307692307693,0.43333333333333335,1.0,1.0,1.0,0.5361510284587208,0.2857142857142857,0.7692307692307693,0.37142857142857144,1.0,1.0,1.0,0.5361510284587208,0.3,0.9230769230769231,0.325,1.0,1.0,1.0,0.5820969744046667,0.26666666666666666,0.9230769230769231,0.28888888888888886,1.0,1.0,1.0,0.5820969744046667,0.24,0.9230769230769231,0.26,1.0,1.0,1.0,0.5820969744046667,kalm_instruct_v2_5-dj_adpt,6,webtable-la2m_nopca-v=12-distilroberta-dj_adpt~qwen3_8b-dj_adpt
practice_reference_b.pq,1.0,0.06666666666666667,1.0,0.06666666666666667,1.0,1.0,0.06666666666666667,1.0,0.3333333333333333,1.0,0.3333333333333333,1.0,1.0,0.3333333333333333,1.0,0.6666666666666666,1.0,0.6666666666666666,1.0,1.0,0.6666666666666666,1.0,1.0,1.0,1.0,1.0,1.0,1.0,0.75,1.0,0.75,1.0,1.0,1.0,1.0,0.6,1.0,0.6,1.0,1.0,1.0,1.0,0.5,1.0,0.5,1.0,1.0,1.0,1.0,0.42857142857142855,1.0,0.42857142857142855,1.0,1.0,1.0,1.0,0.375,1.0,0.375,1.0,1.0,1.0,1.0,0.3333333333333333,1.0,0.3333333333333333,1.0,1.0,1.0,1.0,0.3,1.0,0.3,1.0,1.0,1.0,1.0,kalm_instruct_v2_5-dj_adpt,6,webtable-la2m_nopca-v=12-distilroberta-dj_adpt~qwen3_8b-dj_adpt
job_pay_scales_a.pq,1.0,0.06666666666666667,1.0,0.06666666666666667,1.0,1.0,0.06666666666666667,1.0,0.3333333333333333,1.0,0.3333333333333333,1.0,1.0,0.3333333333333333,1.0,0.6666666666666666,1.0,0.6666666666666666,1.0,1.0,0.6666666666666666,0.7333333333333333,0.7333333333333333,1.0,1.0,1.0,1.0,0.7333333333333333,0.6,0.8,0.75,1.0,1.0,1.0,0.7777777777777778,0.52,0.8666666666666667,0.6,1.0,1.0,1.0,0.8154589371980676,0.43333333333333335,0.8666666666666667,0.5,1.0,1.0,1.0,0.8154589371980676,0.37142857142857144,0.8666666666666667,0.42857142857142855,1.0,1.0,1.0,0.8154589371980676,0.375,1.0,0.375,1.0,1.0,1.0,0.8656613663478652,0.3333333333333333,1.0,0.3333333333333333,1.0,1.0,1.0,0.8656613663478652,0.3,1.0,0.3,1.0,1.0,1.0,0.8656613663478652,kalm_instruct_v2_5-dj_adpt,6,webtable-la2m_nopca-v=12-distilroberta-dj_adpt~qwen3_8b-dj_adpt
contributors_parties_b.pq,1.0,0.047619047619047616,1.0,0.047619047619047616,1.0,1.0,0.047619047619047616,1.0,0.23809523809523808,1.0,0.23809523809523808,1.0,1.0,0.23809523809523808,1.0,0.47619047619047616,1.0,0.47619047619047616,1.0,1.0,0.47619047619047616,1.0,0.7142857142857143,1.0,0.7142857142857143,1.0,1.0,0.7142857142857143,0.8,0.7619047619047619,1.0,0.9523809523809523,1.0,1.0,0.7619047619047619,0.64,0.7619047619047619,0.84,1.0,1.0,1.0,0.7619047619047619,0.5333333333333333,0.7619047619047619,0.7,1.0,1.0,1.0,0.7619047619047619,0.45714285714285713,0.7619047619047619,0.6,1.0,1.0,1.0,0.7619047619047619,0.425,0.8095238095238095,0.525,1.0,1.0,1.0,0.7843915343915343,0.37777777777777777,0.8095238095238095,0.4666666666666667,1.0,1.0,1.0,0.7843915343915343,0.34,0.8095238095238095,0.42,1.0,1.0,1.0,0.7843915343915343,kalm_instruct_v2_5-dj_adpt,6,webtable-la2m_nopca-v=12-distilroberta-dj_adpt~qwen3_8b-dj_adpt
deaths_2012_2018_a.pq,1.0,0.09090909090909091,1.0,0.09090909090909091,1.0,1.0,0.09090909090909091,1.0,0.45454545454545453,1.0,0.45454545454545453,1.0,1.0,0.45454545454545453,1.0,0.9090909090909091,1.0,0.9090909090909091,1.0,1.0,0.9090909090909091,0.7333333333333333,1.0,0.7333333333333333,1.0,1.0,1.0,1.0,0.55,1.0,0.55,1.0,1.0,1.0,1.0,0.44,1.0,0.44,1.0,1.0,1.0,1.0,0.36666666666666664,1.0,0.36666666666666664,1.0,1.0,1.0,1.0,0.3142857142857143,1.0,0.3142857142857143,1.0,1.0,1.0,1.0,0.275,1.0,0.275,1.0,1.0,1.0,1.0,0.24444444444444444,1.0,0.24444444444444444,1.0,1.0,1.0,1.0,0.22,1.0,0.22,1.0,1.0,1.0,1.0,kalm_instruct_v2_5-dj_adpt,6,webtable-la2m_nopca-v=12-distilroberta-dj_adpt~qwen3_8b-dj_adpt
film_locations_in_san_francisco_a.pq,1.0,0.07692307692307693,1.0,0.07692307692307693,1.0,1.0,0.07692307692307693,1.0,0.38461538461538464,1.0,0.38461538461538464,1.0,1.0,0.38461538461538464,1.0,0.7692307692307693,1.0,0.7692307692307693,1.0,1.0,0.7692307692307693,0.8666666666666667,1.0,0.8666666666666667,1.0,1.0,1.0,1.0,0.65,1.0,0.65,1.0,1.0,1.0,1.0,0.52,1.0,0.52,1.0,1.0,1.0,1.0,0.43333333333333335,1.0,0.43333333333333335,1.0,1.0,1.0,1.0,0.37142857142857144,1.0,0.37142857142857144,1.0,1.0,1.0,1.0,0.325,1.0,0.325,1.0,1.0,1.0,1.0,0.28888888888888886,1.0,0.28888888888888886,1.0,1.0,1.0,1.0,0.26,1.0,0.26,1.0,1.0,1.0,1.0,kalm_instruct_v2_5-dj_adpt,6,webtable-la2m_nopca-v=12-distilroberta-dj_adpt~qwen3_8b-dj_adpt
minister_meetings_a.pq,1.0,0.1,1.0,0.1,1.0,1.0,0.1,0.8,0.4,1.0,0.5,1.0,1.0,0.38,0.4,0.4,1.0,1.0,1.0,1.0,0.38,0.26666666666666666,0.4,0.6666666666666666,1.0,1.0,1.0,0.38,0.2,0.4,0.5,1.0,1.0,1.0,0.38,0.16,0.4,0.4,1.0,1.0,1.0,0.38,0.13333333333333333,0.4,0.3333333333333333,1.0,1.0,1.0,0.38,0.14285714285714285,0.5,0.2857142857142857,1.0,1.0,1.0,0.3942857142857143,0.15,0.6,0.25,1.0,1.0,1.0,0.4109523809523809,0.13333333333333333,0.6,0.2222222222222222,1.0,1.0,1.0,0.4109523809523809,0.12,0.6,0.2,1.0,1.0,1.0,0.4109523809523809,kalm_instruct_v2_5-dj_adpt,6,webtable-la2m_nopca-v=12-distilroberta-dj_adpt~qwen3_8b-dj_adpt
animal_tag_data_b.pq,1.0,0.08333333333333333,1.0,0.08333333333333333,1.0,1.0,0.08333333333333333,1.0,0.4166666666666667,1.0,0.4166666666666667,1.0,1.0,0.4166666666666667,1.0,0.8333333333333334,1.0,0.8333333333333334,1.0,1.0,0.8333333333333334,0.7333333333333333,0.9166666666666666,0.8,1.0,1.0,1.0,0.8988095238095238,0.55,0.9166666666666666,0.6,1.0,1.0,1.0,0.8988095238095238,0.48,1.0,0.48,1.0,1.0,1.0,0.9388095238095238,0.4,1.0,0.4,1.0,1.0,1.0,0.9388095238095238,0.34285714285714286,1.0,0.34285714285714286,1.0,1.0,1.0,0.9388095238095238,0.3,1.0,0.3,1.0,1.0,1.0,0.9388095238095238,0.26666666666666666,1.0,0.26666666666666666,1.0,1.0,1.0,0.9388095238095238,0.24,1.0,0.24,1.0,1.0,1.0,0.9388095238095238,kalm_instruct_v2_5-dj_adpt,6,webtable-la2m_nopca-v=12-distilroberta-dj_adpt~qwen3_8b-dj_adpt
stockport_contracts_b.pq,1.0,0.07692307692307693,1.0,0.07692307692307693,1.0,1.0,0.07692307692307693,1.0,0.38461538461538464,1.0,0.38461538461538464,1.0,1.0,0.38461538461538464,0.9,0.6923076923076923,1.0,0.7692307692307693,1.0,1.0,0.6923076923076923,0.6666666666666666,0.7692307692307693,0.8666666666666667,1.0,1.0,1.0,0.7472527472527472,0.6,0.9230769230769231,0.65,1.0,1.0,1.0,0.8483085541909071,0.48,0.9230769230769231,0.52,1.0,1.0,1.0,0.8483085541909071,0.4,0.9230769230769231,0.43333333333333335,1.0,1.0,1.0,0.8483085541909071,0.37142857142857144,1.0,0.37142857142857144,1.0,1.0,1.0,0.8768799827623357,0.325,1.0,0.325,1.0,1.0,1.0,0.8768799827623357,0.28888888888888886,1.0,0.28888888888888886,1.0,1.0,1.0,0.8768799827623357,0.26,1.0,0.26,1.0,1.0,1.0,0.8768799827623357,kalm_instruct_v2_5-dj_adpt,6,webtable-la2m_nopca-v=12-distilroberta-dj_adpt~qwen3_8b-dj_adpt
practice_reference_a.pq,1.0,0.06666666666666667,1.0,0.06666666666666667,1.0,1.0,0.06666666666666667,1.0,0.3333333333333333,1.0,0.3333333333333333,1.0,1.0,0.3333333333333333,1.0,0.6666666666666666,1.0,0.6666666666666666,1.0,1.0,0.6666666666666666,1.0,1.0,1.0,1.0,1.0,1.0,1.0,0.75,1.0,0.75,1.0,1.0,1.0,1.0,0.6,1.0,0.6,1.0,1.0,1.0,1.0,0.5,1.0,0.5,1.0,1.0,1.0,1.0,0.42857142857142855,1.0,0.42857142857142855,1.0,1.0,1.0,1.0,0.375,1.0,0.375,1.0,1.0,1.0,1.0,0.3333333333333333,1.0,0.3333333333333333,1.0,1.0,1.0,1.0,0.3,1.0,0.3,1.0,1.0,1.0,1.0,kalm_instruct_v2_5-dj_adpt,6,webtable-la2m_nopca-v=12-distilroberta-dj_adpt~qwen3_8b-dj_adpt
oil_and_gas_summary_production_data_1967_1999_a.pq,1.0,0.09090909090909091,1.0,0.09090909090909091,1.0,1.0,0.09090909090909091,1.0,0.45454545454545453,1.0,0.45454545454545453,1.0,1.0,0.45454545454545453,1.0,0.9090909090909091,1.0,0.9090909090909091,1.0,1.0,0.9090909090909091,0.7333333333333333,1.0,0.7333333333333333,1.0,1.0,1.0,1.0,0.55,1.0,0.55,1.0,1.0,1.0,1.0,0.44,1.0,0.44,1.0,1.0,1.0,1.0,0.36666666666666664,1.0,0.36666666666666664,1.0,1.0,1.0,1.0,0.3142857142857143,1.0,0.3142857142857143,1.0,1.0,1.0,1.0,0.275,1.0,0.275,1.0,1.0,1.0,1.0,0.24444444444444444,1.0,0.24444444444444444,1.0,1.0,1.0,1.0,0.22,1.0,0.22,1.0,1.0,1.0,1.0,kalm_instruct_v2_5-dj_adpt,6,webtable-la2m_nopca-v=12-distilroberta-dj_adpt~qwen3_8b-dj_adpt
prescribing_a.pq,1.0,0.06666666666666667,1.0,0.06666666666666667,1.0,1.0,0.06666666666666667,1.0,0.3333333333333333,1.0,0.3333333333333333,1.0,1.0,0.3333333333333333,1.0,0.6666666666666666,1.0,0.6666666666666666,1.0,1.0,0.6666666666666666,1.0,1.0,1.0,1.0,1.0,1.0,1.0,0.75,1.0,0.75,1.0,1.0,1.0,1.0,0.6,1.0,0.6,1.0,1.0,1.0,1.0,0.5,1.0,0.5,1.0,1.0,1.0,1.0,0.42857142857142855,1.0,0.42857142857142855,1.0,1.0,1.0,1.0,0.375,1.0,0.375,1.0,1.0,1.0,1.0,0.3333333333333333,1.0,0.3333333333333333,1.0,1.0,1.0,1.0,0.3,1.0,0.3,1.0,1.0,1.0,1.0,kalm_instruct_v2_5-dj_adpt,6,webtable-la2m_nopca-v=12-distilroberta-dj_adpt~qwen3_8b-dj_adpt
new_york_city_restaurant_inspection_results_a.pq,1.0,0.03225806451612903,1.0,0.03225806451612903,1.0,1.0,0.03225806451612903,1.0,0.16129032258064516,1.0,0.16129032258064516,1.0,1.0,0.16129032258064516,1.0,0.3225806451612903,1.0,0.3225806451612903,1.0,1.0,0.3225806451612903,1.0,0.4838709677419355,1.0,0.4838709677419355,1.0,1.0,0.4838709677419355,1.0,0.6451612903225806,1.0,0.6451612903225806,1.0,1.0,0.6451612903225806,0.84,0.6774193548387096,1.0,0.8064516129032258,1.0,1.0,0.6774193548387096,0.7,0.6774193548387096,1.0,0.967741935483871,1.0,1.0,0.6774193548387096,0.6,0.6774193548387096,0.8857142857142857,1.0,1.0,1.0,0.6774193548387096,0.525,0.6774193548387096,0.775,1.0,1.0,1.0,0.6774193548387096,0.4666666666666667,0.6774193548387096,0.6888888888888889,1.0,1.0,1.0,0.6774193548387096,0.46,0.7419354838709677,0.62,1.0,1.0,1.0,0.7086329861836412,kalm_instruct_v2_5-dj_adpt,6,webtable-la2m_nopca-v=12-distilroberta-dj_adpt~qwen3_8b-dj_adpt
abandoned_wells_a.pq,1.0,0.09090909090909091,1.0,0.09090909090909091,1.0,1.0,0.09090909090909091,1.0,0.45454545454545453,1.0,0.45454545454545453,1.0,1.0,0.45454545454545453,1.0,0.9090909090909091,1.0,0.9090909090909091,1.0,1.0,0.9090909090909091,0.7333333333333333,1.0,0.7333333333333333,1.0,1.0,1.0,1.0,0.55,1.0,0.55,1.0,1.0,1.0,1.0,0.44,1.0,0.44,1.0,1.0,1.0,1.0,0.36666666666666664,1.0,0.36666666666666664,1.0,1.0,1.0,1.0,0.3142857142857143,1.0,0.3142857142857143,1.0,1.0,1.0,1.0,0.275,1.0,0.275,1.0,1.0,1.0,1.0,0.24444444444444444,1.0,0.24444444444444444,1.0,1.0,1.0,1.0,0.22,1.0,0.22,1.0,1.0,1.0,1.0,kalm_instruct_v2_5-dj_adpt,6,webtable-la2m_nopca-v=12-distilroberta-dj_adpt~qwen3_8b-dj_adpt
time_spent_watching_vcr_movies_a.pq,1.0,0.09090909090909091,1.0,0.09090909090909091,1.0,1.0,0.09090909090909091,1.0,0.45454545454545453,1.0,0.45454545454545453,1.0,1.0,0.45454545454545453,0.5,0.45454545454545453,1.0,0.9090909090909091,1.0,1.0,0.45454545454545453,0.3333333333333333,0.45454545454545453,0.7333333333333333,1.0,1.0,1.0,0.45454545454545453,0.25,0.45454545454545453,0.55,1.0,1.0,1.0,0.45454545454545453,0.32,0.7272727272727273,0.44,1.0,1.0,1.0,0.533866930171278,0.36666666666666664,1.0,0.36666666666666664,1.0,1.0,1.0,0.6347197810241288,0.3142857142857143,1.0,0.3142857142857143,1.0,1.0,1.0,0.6347197810241288,0.275,1.0,0.275,1.0,1.0,1.0,0.6347197810241288,0.24444444444444444,1.0,0.24444444444444444,1.0,1.0,1.0,0.6347197810241288,0.22,1.0,0.22,1.0,1.0,1.0,0.6347197810241288,kalm_instruct_v2_5-dj_adpt,6,webtable-la2m_nopca-v=12-distilroberta-dj_adpt~qwen3_8b-dj_adpt
albums_a.pq,1.0,0.0625,1.0,0.0625,1.0,1.0,0.0625,1.0,0.3125,1.0,0.3125,1.0,1.0,0.3125,1.0,0.625,1.0,0.625,1.0,1.0,0.625,1.0,0.9375,1.0,0.9375,1.0,1.0,0.9375,0.8,1.0,0.8,1.0,1.0,1.0,1.0,0.64,1.0,0.64,1.0,1.0,1.0,1.0,0.5333333333333333,1.0,0.5333333333333333,1.0,1.0,1.0,1.0,0.45714285714285713,1.0,0.45714285714285713,1.0,1.0,1.0,1.0,0.4,1.0,0.4,1.0,1.0,1.0,1.0,0.35555555555555557,1.0,0.35555555555555557,1.0,1.0,1.0,1.0,0.32,1.0,0.32,1.0,1.0,1.0,1.0,kalm_instruct_v2_5-dj_adpt,6,webtable-la2m_nopca-v=12-distilroberta-dj_adpt~qwen3_8b-dj_adpt
cdc_nutrition_physical_activity_and_obesity_legislation_a.pq,1.0,0.09090909090909091,1.0,0.09090909090909091,1.0,1.0,0.09090909090909091,1.0,0.45454545454545453,1.0,0.45454545454545453,1.0,1.0,0.45454545454545453,0.7,0.6363636363636364,1.0,0.9090909090909091,1.0,1.0,0.5787878787878787,0.7333333333333333,1.0,0.7333333333333333,1.0,1.0,1.0,0.8544440408076771,0.55,1.0,0.55,1.0,1.0,1.0,0.8544440408076771,0.44,1.0,0.44,1.0,1.0,1.0,0.8544440408076771,0.36666666666666664,1.0,0.36666666666666664,1.0,1.0,1.0,0.8544440408076771,0.3142857142857143,1.0,0.3142857142857143,1.0,1.0,1.0,0.8544440408076771,0.275,1.0,0.275,1.0,1.0,1.0,0.8544440408076771,0.24444444444444444,1.0,0.24444444444444444,1.0,1.0,1.0,0.8544440408076771,0.22,1.0,0.22,1.0,1.0,1.0,0.8544440408076771,kalm_instruct_v2_5-dj_adpt,6,webtable-la2m_nopca-v=12-distilroberta-dj_adpt~qwen3_8b-dj_adpt
workforce_management_information_a.pq,1.0,0.05555555555555555,1.0,0.05555555555555555,1.0,1.0,0.05555555555555555,1.0,0.2777777777777778,1.0,0.2777777777777778,1.0,1.0,0.2777777777777778,1.0,0.5555555555555556,1.0,0.5555555555555556,1.0,1.0,0.5555555555555556,0.8666666666666667,0.7222222222222222,1.0,0.8333333333333334,1.0,1.0,0.7182539682539683,0.65,0.7222222222222222,0.9,1.0,1.0,1.0,0.7182539682539683,0.52,0.7222222222222222,0.72,1.0,1.0,1.0,0.7182539682539683,0.43333333333333335,0.7222222222222222,0.6,1.0,1.0,1.0,0.7182539682539683,0.37142857142857144,0.7222222222222222,0.5142857142857142,1.0,1.0,1.0,0.7182539682539683,0.325,0.7222222222222222,0.45,1.0,1.0,1.0,0.7182539682539683,0.28888888888888886,0.7222222222222222,0.4,1.0,1.0,1.0,0.7182539682539683,0.26,0.7222222222222222,0.36,1.0,1.0,1.0,0.7182539682539683,kalm_instruct_v2_5-dj_adpt,6,webtable-la2m_nopca-v=12-distilroberta-dj_adpt~qwen3_8b-dj_adpt
ydn_spending_data_b.pq,1.0,0.08333333333333333,1.0,0.08333333333333333,1.0,1.0,0.08333333333333333,0.8,0.3333333333333333,1.0,0.4166666666666667,1.0,1.0,0.26805555555555555,0.6,0.5,1.0,0.8333333333333334,1.0,1.0,0.39999999999999997,0.4666666666666667,0.5833333333333334,0.8,1.0,1.0,1.0,0.45303030303030306,0.35,0.5833333333333334,0.6,1.0,1.0,1.0,0.45303030303030306,0.28,0.5833333333333334,0.48,1.0,1.0,1.0,0.45303030303030306,0.23333333333333334,0.5833333333333334,0.4,1.0,1.0,1.0,0.45303030303030306,0.22857142857142856,0.6666666666666666,0.34285714285714286,1.0,1.0,1.0,0.4720779220779221,0.225,0.75,0.3,1.0,1.0,1.0,0.4913086913086913,0.2,0.75,0.26666666666666666,1.0,1.0,1.0,0.4913086913086913,0.18,0.75,0.24,1.0,1.0,1.0,0.4913086913086913,kalm_instruct_v2_5-dj_adpt,6,webtable-la2m_nopca-v=12-distilroberta-dj_adpt~qwen3_8b-dj_adpt
monthly_data_feed_b.pq,1.0,0.07692307692307693,1.0,0.07692307692307693,1.0,1.0,0.07692307692307693,0.8,0.3076923076923077,1.0,0.38461538461538464,1.0,1.0,0.3076923076923077,0.5,0.38461538461538464,1.0,0.7692307692307693,1.0,1.0,0.34615384615384615,0.6666666666666666,0.7692307692307693,0.8666666666666667,1.0,1.0,1.0,0.5810535618227927,0.6,0.9230769230769231,0.65,1.0,1.0,1.0,0.6882368197413447,0.52,1.0,0.52,1.0,1.0,1.0,0.7358558673603923,0.43333333333333335,1.0,0.43333333333333335,1.0,1.0,1.0,0.7358558673603923,0.37142857142857144,1.0,0.37142857142857144,1.0,1.0,1.0,0.7358558673603923,0.325,1.0,0.325,1.0,1.0,1.0,0.7358558673603923,0.28888888888888886,1.0,0.28888888888888886,1.0,1.0,1.0,0.7358558673603923,0.26,1.0,0.26,1.0,1.0,1.0,0.7358558673603923,kalm_instruct_v2_5-dj_adpt,6,webtable-la2m_nopca-v=12-distilroberta-dj_adpt~qwen3_8b-dj_adpt
cihr_co-applicant_b.pq,1.0,0.08333333333333333,1.0,0.08333333333333333,1.0,1.0,0.08333333333333333,1.0,0.4166666666666667,1.0,0.4166666666666667,1.0,1.0,0.4166666666666667,1.0,0.8333333333333334,1.0,0.8333333333333334,1.0,1.0,0.8333333333333334,0.8,1.0,0.8,1.0,1.0,1.0,1.0,0.6,1.0,0.6,1.0,1.0,1.0,1.0,0.48,1.0,0.48,1.0,1.0,1.0,1.0,0.4,1.0,0.4,1.0,1.0,1.0,1.0,0.34285714285714286,1.0,0.34285714285714286,1.0,1.0,1.0,1.0,0.3,1.0,0.3,1.0,1.0,1.0,1.0,0.26666666666666666,1.0,0.26666666666666666,1.0,1.0,1.0,1.0,0.24,1.0,0.24,1.0,1.0,1.0,1.0,kalm_instruct_v2_5-dj_adpt,6,webtable-la2m_nopca-v=12-distilroberta-dj_adpt~qwen3_8b-dj_adpt
wholesale_markets_a.pq,1.0,0.09090909090909091,1.0,0.09090909090909091,1.0,1.0,0.09090909090909091,0.2,0.09090909090909091,1.0,0.45454545454545453,1.0,1.0,0.09090909090909091,0.1,0.09090909090909091,1.0,0.9090909090909091,1.0,1.0,0.09090909090909091,0.06666666666666667,0.09090909090909091,0.7333333333333333,1.0,1.0,1.0,0.09090909090909091,0.05,0.09090909090909091,0.55,1.0,1.0,1.0,0.09090909090909091,0.04,0.09090909090909091,0.44,1.0,1.0,1.0,0.09090909090909091,0.03333333333333333,0.09090909090909091,0.36666666666666664,1.0,1.0,1.0,0.09090909090909091,0.02857142857142857,0.09090909090909091,0.3142857142857143,1.0,1.0,1.0,0.09090909090909091,0.025,0.09090909090909091,0.275,1.0,1.0,1.0,0.09090909090909091,0.022222222222222223,0.09090909090909091,0.24444444444444444,1.0,1.0,1.0,0.09090909090909091,0.02,0.09090909090909091,0.22,1.0,1.0,1.0,0.09090909090909091,kalm_instruct_v2_5-dj_adpt,6,webtable-la2m_nopca-v=12-distilroberta-dj_adpt~qwen3_8b-dj_adpt
lane_description_a.pq,1.0,0.0625,1.0,0.0625,1.0,1.0,0.0625,1.0,0.3125,1.0,0.3125,1.0,1.0,0.3125,1.0,0.625,1.0,0.625,1.0,1.0,0.625,1.0,0.9375,1.0,0.9375,1.0,1.0,0.9375,0.8,1.0,0.8,1.0,1.0,1.0,0.9901315789473684,0.64,1.0,0.64,1.0,1.0,1.0,0.9901315789473684,0.5333333333333333,1.0,0.5333333333333333,1.0,1.0,1.0,0.9901315789473684,0.45714285714285713,1.0,0.45714285714285713,1.0,1.0,1.0,0.9901315789473684,0.4,1.0,0.4,1.0,1.0,1.0,0.9901315789473684,0.35555555555555557,1.0,0.35555555555555557,1.0,1.0,1.0,0.9901315789473684,0.32,1.0,0.32,1.0,1.0,1.0,0.9901315789473684,kalm_instruct_v2_5-dj_adpt,6,webtable-la2m_nopca-v=12-distilroberta-dj_adpt~qwen3_8b-dj_adpt
workforce_management_information_b.pq,1.0,0.05555555555555555,1.0,0.05555555555555555,1.0,1.0,0.05555555555555555,1.0,0.2777777777777778,1.0,0.2777777777777778,1.0,1.0,0.2777777777777778,1.0,0.5555555555555556,1.0,0.5555555555555556,1.0,1.0,0.5555555555555556,0.8666666666666667,0.7222222222222222,1.0,0.8333333333333334,1.0,1.0,0.7222222222222222,0.65,0.7222222222222222,0.9,1.0,1.0,1.0,0.7222222222222222,0.52,0.7222222222222222,0.72,1.0,1.0,1.0,0.7222222222222222,0.43333333333333335,0.7222222222222222,0.6,1.0,1.0,1.0,0.7222222222222222,0.37142857142857144,0.7222222222222222,0.5142857142857142,1.0,1.0,1.0,0.7222222222222222,0.325,0.7222222222222222,0.45,1.0,1.0,1.0,0.7222222222222222,0.28888888888888886,0.7222222222222222,0.4,1.0,1.0,1.0,0.7222222222222222,0.28,0.7777777777777778,0.36,1.0,1.0,1.0,0.7377777777777778,kalm_instruct_v2_5-dj_adpt,6,webtable-la2m_nopca-v=12-distilroberta-dj_adpt~qwen3_8b-dj_adpt
animal_tag_data_b.pq,1.0,0.08333333333333333,1.0,0.08333333333333333,1.0,1.0,0.08333333333333333,1.0,0.4166666666666667,1.0,0.4166666666666667,1.0,1.0,0.4166666666666667,1.0,0.8333333333333334,1.0,0.8333333333333334,1.0,1.0,0.8333333333333334,0.7333333333333333,0.9166666666666666,0.8,1.0,1.0,1.0,0.8944444444444444,0.55,0.9166666666666666,0.6,1.0,1.0,1.0,0.8944444444444444,0.44,0.9166666666666666,0.48,1.0,1.0,1.0,0.8944444444444444,0.36666666666666664,0.9166666666666666,0.4,1.0,1.0,1.0,0.8944444444444444,0.3142857142857143,0.9166666666666666,0.34285714285714286,1.0,1.0,1.0,0.8944444444444444,0.275,0.9166666666666666,0.3,1.0,1.0,1.0,0.8944444444444444,0.24444444444444444,0.9166666666666666,0.26666666666666666,1.0,1.0,1.0,0.8944444444444444,0.22,0.9166666666666666,0.24,1.0,1.0,1.0,0.8944444444444444,qwen3_06b-dj_adpt,7,webtable-la2m_nopca-v=12-distilroberta-dj_adpt~qwen3_8b-dj_adpt
complaint_by_practice_b.pq,1.0,0.07692307692307693,1.0,0.07692307692307693,1.0,1.0,0.07692307692307693,0.6,0.23076923076923078,1.0,0.38461538461538464,1.0,1.0,0.23076923076923078,0.7,0.5384615384615384,1.0,0.7692307692307693,1.0,1.0,0.42793040293040296,0.8,0.9230769230769231,0.8666666666666667,1.0,1.0,1.0,0.7227163861779247,0.65,1.0,0.65,1.0,1.0,1.0,0.7852163861779247,0.52,1.0,0.52,1.0,1.0,1.0,0.7852163861779247,0.43333333333333335,1.0,0.43333333333333335,1.0,1.0,1.0,0.7852163861779247,0.37142857142857144,1.0,0.37142857142857144,1.0,1.0,1.0,0.7852163861779247,0.325,1.0,0.325,1.0,1.0,1.0,0.7852163861779247,0.28888888888888886,1.0,0.28888888888888886,1.0,1.0,1.0,0.7852163861779247,0.26,1.0,0.26,1.0,1.0,1.0,0.7852163861779247,qwen3_06b-dj_adpt,7,webtable-la2m_nopca-v=12-distilroberta-dj_adpt~qwen3_8b-dj_adpt
stockport_contracts_a.pq,1.0,0.07692307692307693,1.0,0.07692307692307693,1.0,1.0,0.07692307692307693,0.6,0.23076923076923078,1.0,0.38461538461538464,1.0,1.0,0.18589743589743588,0.4,0.3076923076923077,1.0,0.7692307692307693,1.0,1.0,0.21666666666666665,0.4,0.46153846153846156,0.8666666666666667,1.0,1.0,1.0,0.27921949845026767,0.45,0.6923076923076923,0.65,1.0,1.0,1.0,0.3796971253984829,0.36,0.6923076923076923,0.52,1.0,1.0,1.0,0.3796971253984829,0.3333333333333333,0.7692307692307693,0.43333333333333335,1.0,1.0,1.0,0.40818715388851134,0.3142857142857143,0.8461538461538461,0.37142857142857144,1.0,1.0,1.0,0.433828179529537,0.275,0.8461538461538461,0.325,1.0,1.0,1.0,0.433828179529537,0.24444444444444444,0.8461538461538461,0.28888888888888886,1.0,1.0,1.0,0.433828179529537,0.24,0.9230769230769231,0.26,1.0,1.0,1.0,0.4522897179910755,qwen3_06b-dj_adpt,7,webtable-la2m_nopca-v=12-distilroberta-dj_adpt~qwen3_8b-dj_adpt
practice_reference_a.pq,1.0,0.06666666666666667,1.0,0.06666666666666667,1.0,1.0,0.06666666666666667,1.0,0.3333333333333333,1.0,0.3333333333333333,1.0,1.0,0.3333333333333333,1.0,0.6666666666666666,1.0,0.6666666666666666,1.0,1.0,0.6666666666666666,1.0,1.0,1.0,1.0,1.0,1.0,1.0,0.75,1.0,0.75,1.0,1.0,1.0,1.0,0.6,1.0,0.6,1.0,1.0,1.0,1.0,0.5,1.0,0.5,1.0,1.0,1.0,1.0,0.42857142857142855,1.0,0.42857142857142855,1.0,1.0,1.0,1.0,0.375,1.0,0.375,1.0,1.0,1.0,1.0,0.3333333333333333,1.0,0.3333333333333333,1.0,1.0,1.0,1.0,0.3,1.0,0.3,1.0,1.0,1.0,1.0,qwen3_06b-dj_adpt,7,webtable-la2m_nopca-v=12-distilroberta-dj_adpt~qwen3_8b-dj_adpt
lane_description_a.pq,1.0,0.0625,1.0,0.0625,1.0,1.0,0.0625,1.0,0.3125,1.0,0.3125,1.0,1.0,0.3125,1.0,0.625,1.0,0.625,1.0,1.0,0.625,1.0,0.9375,1.0,0.9375,1.0,1.0,0.9375,0.8,1.0,0.8,1.0,1.0,1.0,1.0,0.64,1.0,0.64,1.0,1.0,1.0,1.0,0.5333333333333333,1.0,0.5333333333333333,1.0,1.0,1.0,1.0,0.45714285714285713,1.0,0.45714285714285713,1.0,1.0,1.0,1.0,0.4,1.0,0.4,1.0,1.0,1.0,1.0,0.35555555555555557,1.0,0.35555555555555557,1.0,1.0,1.0,1.0,0.32,1.0,0.32,1.0,1.0,1.0,1.0,qwen3_06b-dj_adpt,7,webtable-la2m_nopca-v=12-distilroberta-dj_adpt~qwen3_8b-dj_adpt
business_rates_a.pq,1.0,0.08333333333333333,1.0,0.08333333333333333,1.0,1.0,0.08333333333333333,1.0,0.4166666666666667,1.0,0.4166666666666667,1.0,1.0,0.4166666666666667,1.0,0.8333333333333334,1.0,0.8333333333333334,1.0,1.0,0.8333333333333334,0.8,1.0,0.8,1.0,1.0,1.0,1.0,0.6,1.0,0.6,1.0,1.0,1.0,1.0,0.48,1.0,0.48,1.0,1.0,1.0,1.0,0.4,1.0,0.4,1.0,1.0,1.0,1.0,0.34285714285714286,1.0,0.34285714285714286,1.0,1.0,1.0,1.0,0.3,1.0,0.3,1.0,1.0,1.0,1.0,0.26666666666666666,1.0,0.26666666666666666,1.0,1.0,1.0,1.0,0.24,1.0,0.24,1.0,1.0,1.0,1.0,qwen3_06b-dj_adpt,7,webtable-la2m_nopca-v=12-distilroberta-dj_adpt~qwen3_8b-dj_adpt
new_york_city_restaurant_inspection_results_a.pq,1.0,0.03225806451612903,1.0,0.03225806451612903,1.0,1.0,0.03225806451612903,1.0,0.16129032258064516,1.0,0.16129032258064516,1.0,1.0,0.16129032258064516,1.0,0.3225806451612903,1.0,0.3225806451612903,1.0,1.0,0.3225806451612903,1.0,0.4838709677419355,1.0,0.4838709677419355,1.0,1.0,0.4838709677419355,1.0,0.6451612903225806,1.0,0.6451612903225806,1.0,1.0,0.6451612903225806,0.84,0.6774193548387096,1.0,0.8064516129032258,1.0,1.0,0.6774193548387096,0.7,0.6774193548387096,1.0,0.967741935483871,1.0,1.0,0.6774193548387096,0.6,0.6774193548387096,0.8857142857142857,1.0,1.0,1.0,0.6774193548387096,0.525,0.6774193548387096,0.775,1.0,1.0,1.0,0.6774193548387096,0.4666666666666667,0.6774193548387096,0.6888888888888889,1.0,1.0,1.0,0.6774193548387096,0.42,0.6774193548387096,0.62,1.0,1.0,1.0,0.6774193548387096,qwen3_06b-dj_adpt,7,webtable-la2m_nopca-v=12-distilroberta-dj_adpt~qwen3_8b-dj_adpt
lane_description_b.pq,1.0,0.0625,1.0,0.0625,1.0,1.0,0.0625,1.0,0.3125,1.0,0.3125,1.0,1.0,0.3125,1.0,0.625,1.0,0.625,1.0,1.0,0.625,1.0,0.9375,1.0,0.9375,1.0,1.0,0.9375,0.8,1.0,0.8,1.0,1.0,1.0,1.0,0.64,1.0,0.64,1.0,1.0,1.0,1.0,0.5333333333333333,1.0,0.5333333333333333,1.0,1.0,1.0,1.0,0.45714285714285713,1.0,0.45714285714285713,1.0,1.0,1.0,1.0,0.4,1.0,0.4,1.0,1.0,1.0,1.0,0.35555555555555557,1.0,0.35555555555555557,1.0,1.0,1.0,1.0,0.32,1.0,0.32,1.0,1.0,1.0,1.0,qwen3_06b-dj_adpt,7,webtable-la2m_nopca-v=12-distilroberta-dj_adpt~qwen3_8b-dj_adpt
civic_building_locations_a.pq,1.0,0.08333333333333333,1.0,0.08333333333333333,1.0,1.0,0.08333333333333333,1.0,0.4166666666666667,1.0,0.4166666666666667,1.0,1.0,0.4166666666666667,0.9,0.75,1.0,0.8333333333333334,1.0,1.0,0.7324074074074075,0.6,0.75,0.8,1.0,1.0,1.0,0.7324074074074075,0.55,0.9166666666666666,0.6,1.0,1.0,1.0,0.8296726292856323,0.48,1.0,0.48,1.0,1.0,1.0,0.871339295952299,0.4,1.0,0.4,1.0,1.0,1.0,0.871339295952299,0.34285714285714286,1.0,0.34285714285714286,1.0,1.0,1.0,0.871339295952299,0.3,1.0,0.3,1.0,1.0,1.0,0.871339295952299,0.26666666666666666,1.0,0.26666666666666666,1.0,1.0,1.0,0.871339295952299,0.24,1.0,0.24,1.0,1.0,1.0,0.871339295952299,qwen3_06b-dj_adpt,7,webtable-la2m_nopca-v=12-distilroberta-dj_adpt~qwen3_8b-dj_adpt
prescribing_a.pq,1.0,0.06666666666666667,1.0,0.06666666666666667,1.0,1.0,0.06666666666666667,0.8,0.26666666666666666,1.0,0.3333333333333333,1.0,1.0,0.21444444444444447,0.9,0.6,1.0,0.6666666666666666,1.0,1.0,0.5047354497354497,0.8666666666666667,0.8666666666666667,1.0,1.0,1.0,1.0,0.7316218966218967,0.75,1.0,0.75,1.0,1.0,1.0,0.8487787593669947,0.6,1.0,0.6,1.0,1.0,1.0,0.8487787593669947,0.5,1.0,0.5,1.0,1.0,1.0,0.8487787593669947,0.42857142857142855,1.0,0.42857142857142855,1.0,1.0,1.0,0.8487787593669947,0.375,1.0,0.375,1.0,1.0,1.0,0.8487787593669947,0.3333333333333333,1.0,0.3333333333333333,1.0,1.0,1.0,0.8487787593669947,0.3,1.0,0.3,1.0,1.0,1.0,0.8487787593669947,qwen3_06b-dj_adpt,7,webtable-la2m_nopca-v=12-distilroberta-dj_adpt~qwen3_8b-dj_adpt
immigration_records_a.pq,1.0,0.0625,1.0,0.0625,1.0,1.0,0.0625,1.0,0.3125,1.0,0.3125,1.0,1.0,0.3125,0.7,0.4375,1.0,0.625,1.0,1.0,0.4375,0.4666666666666667,0.4375,1.0,0.9375,1.0,1.0,0.4375,0.35,0.4375,0.8,1.0,1.0,1.0,0.4375,0.28,0.4375,0.64,1.0,1.0,1.0,0.4375,0.23333333333333334,0.4375,0.5333333333333333,1.0,1.0,1.0,0.4375,0.2,0.4375,0.45714285714285713,1.0,1.0,1.0,0.4375,0.225,0.5625,0.4,1.0,1.0,1.0,0.4647203947368421,0.26666666666666666,0.75,0.35555555555555557,1.0,1.0,1.0,0.5122563858774845,0.24,0.75,0.32,1.0,1.0,1.0,0.5122563858774845,qwen3_06b-dj_adpt,7,webtable-la2m_nopca-v=12-distilroberta-dj_adpt~qwen3_8b-dj_adpt
mines_a.pq,1.0,0.07142857142857142,1.0,0.07142857142857142,1.0,1.0,0.07142857142857142,1.0,0.35714285714285715,1.0,0.35714285714285715,1.0,1.0,0.35714285714285715,0.9,0.6428571428571429,1.0,0.7142857142857143,1.0,1.0,0.6277777777777779,0.8,0.8571428571428571,0.9333333333333333,1.0,1.0,1.0,0.8194135229849515,0.6,0.8571428571428571,0.7,1.0,1.0,1.0,0.8194135229849515,0.48,0.8571428571428571,0.56,1.0,1.0,1.0,0.8194135229849515,0.4,0.8571428571428571,0.4666666666666667,1.0,1.0,1.0,0.8194135229849515,0.34285714285714286,0.8571428571428571,0.4,1.0,1.0,1.0,0.8194135229849515,0.3,0.8571428571428571,0.35,1.0,1.0,1.0,0.8194135229849515,0.26666666666666666,0.8571428571428571,0.3111111111111111,1.0,1.0,1.0,0.8194135229849515,0.24,0.8571428571428571,0.28,1.0,1.0,1.0,0.8194135229849515,qwen3_06b-dj_adpt,7,webtable-la2m_nopca-v=12-distilroberta-dj_adpt~qwen3_8b-dj_adpt
prescribing_b.pq,1.0,0.06666666666666667,1.0,0.06666666666666667,1.0,1.0,0.06666666666666667,0.8,0.26666666666666666,1.0,0.3333333333333333,1.0,1.0,0.26666666666666666,0.9,0.6,1.0,0.6666666666666666,1.0,1.0,0.556957671957672,0.9333333333333333,0.9333333333333333,1.0,1.0,1.0,1.0,0.8643402893402893,0.75,1.0,0.75,1.0,1.0,1.0,0.9268402893402893,0.6,1.0,0.6,1.0,1.0,1.0,0.9268402893402893,0.5,1.0,0.5,1.0,1.0,1.0,0.9268402893402893,0.42857142857142855,1.0,0.42857142857142855,1.0,1.0,1.0,0.9268402893402893,0.375,1.0,0.375,1.0,1.0,1.0,0.9268402893402893,0.3333333333333333,1.0,0.3333333333333333,1.0,1.0,1.0,0.9268402893402893,0.3,1.0,0.3,1.0,1.0,1.0,0.9268402893402893,qwen3_06b-dj_adpt,7,webtable-la2m_nopca-v=12-distilroberta-dj_adpt~qwen3_8b-dj_adpt
contributors_parties_b.pq,1.0,0.047619047619047616,1.0,0.047619047619047616,1.0,1.0,0.047619047619047616,1.0,0.23809523809523808,1.0,0.23809523809523808,1.0,1.0,0.23809523809523808,0.9,0.42857142857142855,1.0,0.47619047619047616,1.0,1.0,0.40576341647770214,0.7333333333333333,0.5238095238095238,1.0,0.7142857142857143,1.0,1.0,0.4893465000607857,0.55,0.5238095238095238,1.0,0.9523809523809523,1.0,1.0,0.4893465000607857,0.44,0.5238095238095238,0.84,1.0,1.0,1.0,0.4893465000607857,0.36666666666666664,0.5238095238095238,0.7,1.0,1.0,1.0,0.4893465000607857,0.37142857142857144,0.6190476190476191,0.6,1.0,1.0,1.0,0.5248698002899683,0.325,0.6190476190476191,0.525,1.0,1.0,1.0,0.5248698002899683,0.28888888888888886,0.6190476190476191,0.4666666666666667,1.0,1.0,1.0,0.5248698002899683,0.28,0.6666666666666666,0.42,1.0,1.0,1.0,0.5382031336233017,qwen3_06b-dj_adpt,7,webtable-la2m_nopca-v=12-distilroberta-dj_adpt~qwen3_8b-dj_adpt
contributors_parties_a.pq,1.0,0.047619047619047616,1.0,0.047619047619047616,1.0,1.0,0.047619047619047616,1.0,0.23809523809523808,1.0,0.23809523809523808,1.0,1.0,0.23809523809523808,0.8,0.38095238095238093,1.0,0.47619047619047616,1.0,1.0,0.37142857142857144,0.8,0.5714285714285714,1.0,0.7142857142857143,1.0,1.0,0.5311815168958026,0.7,0.6666666666666666,1.0,0.9523809523809523,1.0,1.0,0.6049597123845244,0.6,0.7142857142857143,0.84,1.0,1.0,1.0,0.6360156130056425,0.5,0.7142857142857143,0.7,1.0,1.0,1.0,0.6360156130056425,0.42857142857142855,0.7142857142857143,0.6,1.0,1.0,1.0,0.6360156130056425,0.375,0.7142857142857143,0.525,1.0,1.0,1.0,0.6360156130056425,0.37777777777777777,0.8095238095238095,0.4666666666666667,1.0,1.0,1.0,0.6738730323961628,0.34,0.8095238095238095,0.42,1.0,1.0,1.0,0.6738730323961628,qwen3_06b-dj_adpt,7,webtable-la2m_nopca-v=12-distilroberta-dj_adpt~qwen3_8b-dj_adpt
psyckes_antipsychotic_polypharmacy_quality_indicators_beginning_2012_a.pq,1.0,0.09090909090909091,1.0,0.09090909090909091,1.0,1.0,0.09090909090909091,1.0,0.45454545454545453,1.0,0.45454545454545453,1.0,1.0,0.45454545454545453,1.0,0.9090909090909091,1.0,0.9090909090909091,1.0,1.0,0.9090909090909091,0.7333333333333333,1.0,0.7333333333333333,1.0,1.0,1.0,1.0,0.55,1.0,0.55,1.0,1.0,1.0,1.0,0.44,1.0,0.44,1.0,1.0,1.0,1.0,0.36666666666666664,1.0,0.36666666666666664,1.0,1.0,1.0,1.0,0.3142857142857143,1.0,0.3142857142857143,1.0,1.0,1.0,1.0,0.275,1.0,0.275,1.0,1.0,1.0,1.0,0.24444444444444444,1.0,0.24444444444444444,1.0,1.0,1.0,1.0,0.22,1.0,0.22,1.0,1.0,1.0,1.0,qwen3_06b-dj_adpt,7,webtable-la2m_nopca-v=12-distilroberta-dj_adpt~qwen3_8b-dj_adpt
data_mill_a.pq,1.0,0.07142857142857142,1.0,0.07142857142857142,1.0,1.0,0.07142857142857142,0.8,0.2857142857142857,1.0,0.35714285714285715,1.0,1.0,0.25357142857142856,0.9,0.6428571428571429,1.0,0.7142857142857143,1.0,1.0,0.5645975056689342,0.8,0.8571428571428571,0.9333333333333333,1.0,1.0,1.0,0.7511966208394779,0.65,0.9285714285714286,0.7,1.0,1.0,1.0,0.8027839224267795,0.52,0.9285714285714286,0.56,1.0,1.0,1.0,0.8027839224267795,0.43333333333333335,0.9285714285714286,0.4666666666666667,1.0,1.0,1.0,0.8027839224267795,0.4,1.0,0.4,1.0,1.0,1.0,0.8340339224267795,0.35,1.0,0.35,1.0,1.0,1.0,0.8340339224267795,0.3111111111111111,1.0,0.3111111111111111,1.0,1.0,1.0,0.8340339224267795,0.28,1.0,0.28,1.0,1.0,1.0,0.8340339224267795,qwen3_06b-dj_adpt,7,webtable-la2m_nopca-v=12-distilroberta-dj_adpt~qwen3_8b-dj_adpt
311_calls_historic_data_a.pq,1.0,0.09090909090909091,1.0,0.09090909090909091,1.0,1.0,0.09090909090909091,1.0,0.45454545454545453,1.0,0.45454545454545453,1.0,1.0,0.45454545454545453,0.6,0.5454545454545454,1.0,0.9090909090909091,1.0,1.0,0.5454545454545454,0.4,0.5454545454545454,0.7333333333333333,1.0,1.0,1.0,0.5454545454545454,0.3,0.5454545454545454,0.55,1.0,1.0,1.0,0.5454545454545454,0.24,0.5454545454545454,0.44,1.0,1.0,1.0,0.5454545454545454,0.2,0.5454545454545454,0.36666666666666664,1.0,1.0,1.0,0.5454545454545454,0.17142857142857143,0.5454545454545454,0.3142857142857143,1.0,1.0,1.0,0.5454545454545454,0.225,0.8181818181818182,0.275,1.0,1.0,1.0,0.6022468640889693,0.24444444444444444,1.0,0.24444444444444444,1.0,1.0,1.0,0.6482293369007105,0.22,1.0,0.22,1.0,1.0,1.0,0.6482293369007105,qwen3_06b-dj_adpt,7,webtable-la2m_nopca-v=12-distilroberta-dj_adpt~qwen3_8b-dj_adpt
stockport_contracts_b.pq,1.0,0.07692307692307693,1.0,0.07692307692307693,1.0,1.0,0.07692307692307693,0.6,0.23076923076923078,1.0,0.38461538461538464,1.0,1.0,0.17435897435897435,0.4,0.3076923076923077,1.0,0.7692307692307693,1.0,1.0,0.20854700854700856,0.4666666666666667,0.5384615384615384,0.8666666666666667,1.0,1.0,1.0,0.31747654055346364,0.45,0.6923076923076923,0.65,1.0,1.0,1.0,0.38448058913645955,0.4,0.7692307692307693,0.52,1.0,1.0,1.0,0.42111062576649616,0.3333333333333333,0.7692307692307693,0.43333333333333335,1.0,1.0,1.0,0.42111062576649616,0.3142857142857143,0.8461538461538461,0.37142857142857144,1.0,1.0,1.0,0.44755293345880387,0.3,0.9230769230769231,0.325,1.0,1.0,1.0,0.4731939590998296,0.26666666666666666,0.9230769230769231,0.28888888888888886,1.0,1.0,1.0,0.4731939590998296,0.26,1.0,0.26,1.0,1.0,1.0,0.4936021223651356,qwen3_06b-dj_adpt,7,webtable-la2m_nopca-v=12-distilroberta-dj_adpt~qwen3_8b-dj_adpt
data_mill_b.pq,1.0,0.07142857142857142,1.0,0.07142857142857142,1.0,1.0,0.07142857142857142,1.0,0.35714285714285715,1.0,0.35714285714285715,1.0,1.0,0.35714285714285715,1.0,0.7142857142857143,1.0,0.7142857142857143,1.0,1.0,0.7142857142857143,0.8666666666666667,0.9285714285714286,0.9333333333333333,1.0,1.0,1.0,0.923469387755102,0.65,0.9285714285714286,0.7,1.0,1.0,1.0,0.923469387755102,0.52,0.9285714285714286,0.56,1.0,1.0,1.0,0.923469387755102,0.43333333333333335,0.9285714285714286,0.4666666666666667,1.0,1.0,1.0,0.923469387755102,0.37142857142857144,0.9285714285714286,0.4,1.0,1.0,1.0,0.923469387755102,0.35,1.0,0.35,1.0,1.0,1.0,0.9512471655328799,0.3111111111111111,1.0,0.3111111111111111,1.0,1.0,1.0,0.9512471655328799,0.28,1.0,0.28,1.0,1.0,1.0,0.9512471655328799,qwen3_06b-dj_adpt,7,webtable-la2m_nopca-v=12-distilroberta-dj_adpt~qwen3_8b-dj_adpt
workforce_management_information_a.pq,1.0,0.05555555555555555,1.0,0.05555555555555555,1.0,1.0,0.05555555555555555,1.0,0.2777777777777778,1.0,0.2777777777777778,1.0,1.0,0.2777777777777778,1.0,0.5555555555555556,1.0,0.5555555555555556,1.0,1.0,0.5555555555555556,0.8666666666666667,0.7222222222222222,1.0,0.8333333333333334,1.0,1.0,0.7222222222222222,0.65,0.7222222222222222,0.9,1.0,1.0,1.0,0.7222222222222222,0.64,0.8888888888888888,0.72,1.0,1.0,1.0,0.8293631971892841,0.6,1.0,0.6,1.0,1.0,1.0,0.9001707421347602,0.5142857142857142,1.0,0.5142857142857142,1.0,1.0,1.0,0.9001707421347602,0.45,1.0,0.45,1.0,1.0,1.0,0.9001707421347602,0.4,1.0,0.4,1.0,1.0,1.0,0.9001707421347602,0.36,1.0,0.36,1.0,1.0,1.0,0.9001707421347602,qwen3_06b-dj_adpt,7,webtable-la2m_nopca-v=12-distilroberta-dj_adpt~qwen3_8b-dj_adpt
workforce_management_information_b.pq,1.0,0.05555555555555555,1.0,0.05555555555555555,1.0,1.0,0.05555555555555555,1.0,0.2777777777777778,1.0,0.2777777777777778,1.0,1.0,0.2777777777777778,1.0,0.5555555555555556,1.0,0.5555555555555556,1.0,1.0,0.5555555555555556,0.8666666666666667,0.7222222222222222,1.0,0.8333333333333334,1.0,1.0,0.7222222222222222,0.65,0.7222222222222222,0.9,1.0,1.0,1.0,0.7222222222222222,0.6,0.8333333333333334,0.72,1.0,1.0,1.0,0.787962962962963,0.5333333333333333,0.8888888888888888,0.6,1.0,1.0,1.0,0.8208847736625514,0.5142857142857142,1.0,0.5142857142857142,1.0,1.0,1.0,0.8789160669879624,0.45,1.0,0.45,1.0,1.0,1.0,0.8789160669879624,0.4,1.0,0.4,1.0,1.0,1.0,0.8789160669879624,0.36,1.0,0.36,1.0,1.0,1.0,0.8789160669879624,qwen3_06b-dj_adpt,7,webtable-la2m_nopca-v=12-distilroberta-dj_adpt~qwen3_8b-dj_adpt
ydn_spending_data_a.pq,1.0,0.08333333333333333,1.0,0.08333333333333333,1.0,1.0,0.08333333333333333,1.0,0.4166666666666667,1.0,0.4166666666666667,1.0,1.0,0.4166666666666667,0.8,0.6666666666666666,1.0,0.8333333333333334,1.0,1.0,0.6469907407407408,0.5333333333333333,0.6666666666666666,0.8,1.0,1.0,1.0,0.6469907407407408,0.45,0.75,0.6,1.0,1.0,1.0,0.6844907407407407,0.36,0.75,0.48,1.0,1.0,1.0,0.6844907407407407,0.3,0.75,0.4,1.0,1.0,1.0,0.6844907407407407,0.2857142857142857,0.8333333333333334,0.34285714285714286,1.0,1.0,1.0,0.7083002645502646,0.3,1.0,0.3,1.0,1.0,1.0,0.7594042531542531,0.26666666666666666,1.0,0.26666666666666666,1.0,1.0,1.0,0.7594042531542531,0.24,1.0,0.24,1.0,1.0,1.0,0.7594042531542531,qwen3_06b-dj_adpt,7,webtable-la2m_nopca-v=12-distilroberta-dj_adpt~qwen3_8b-dj_adpt
oil_and_gas_summary_production_data_1967_1999_a.pq,1.0,0.09090909090909091,1.0,0.09090909090909091,1.0,1.0,0.09090909090909091,1.0,0.45454545454545453,1.0,0.45454545454545453,1.0,1.0,0.45454545454545453,0.9,0.8181818181818182,1.0,0.9090909090909091,1.0,1.0,0.8181818181818182,0.6,0.8181818181818182,0.7333333333333333,1.0,1.0,1.0,0.8181818181818182,0.5,0.9090909090909091,0.55,1.0,1.0,1.0,0.8686868686868686,0.44,1.0,0.44,1.0,1.0,1.0,0.9121651295564338,0.36666666666666664,1.0,0.36666666666666664,1.0,1.0,1.0,0.9121651295564338,0.3142857142857143,1.0,0.3142857142857143,1.0,1.0,1.0,0.9121651295564338,0.275,1.0,0.275,1.0,1.0,1.0,0.9121651295564338,0.24444444444444444,1.0,0.24444444444444444,1.0,1.0,1.0,0.9121651295564338,0.22,1.0,0.22,1.0,1.0,1.0,0.9121651295564338,qwen3_06b-dj_adpt,7,webtable-la2m_nopca-v=12-distilroberta-dj_adpt~qwen3_8b-dj_adpt
monthly_data_feed_b.pq,1.0,0.07692307692307693,1.0,0.07692307692307693,1.0,1.0,0.07692307692307693,1.0,0.38461538461538464,1.0,0.38461538461538464,1.0,1.0,0.38461538461538464,1.0,0.7692307692307693,1.0,0.7692307692307693,1.0,1.0,0.7692307692307693,0.8666666666666667,1.0,0.8666666666666667,1.0,1.0,1.0,1.0,0.65,1.0,0.65,1.0,1.0,1.0,1.0,0.52,1.0,0.52,1.0,1.0,1.0,1.0,0.43333333333333335,1.0,0.43333333333333335,1.0,1.0,1.0,1.0,0.37142857142857144,1.0,0.37142857142857144,1.0,1.0,1.0,1.0,0.325,1.0,0.325,1.0,1.0,1.0,1.0,0.28888888888888886,1.0,0.28888888888888886,1.0,1.0,1.0,1.0,0.26,1.0,0.26,1.0,1.0,1.0,1.0,qwen3_06b-dj_adpt,7,webtable-la2m_nopca-v=12-distilroberta-dj_adpt~qwen3_8b-dj_adpt
deaths_2012_2018_a.pq,1.0,0.09090909090909091,1.0,0.09090909090909091,1.0,1.0,0.09090909090909091,1.0,0.45454545454545453,1.0,0.45454545454545453,1.0,1.0,0.45454545454545453,0.8,0.7272727272727273,1.0,0.9090909090909091,1.0,1.0,0.7272727272727273,0.5333333333333333,0.7272727272727273,0.7333333333333333,1.0,1.0,1.0,0.7272727272727273,0.4,0.7272727272727273,0.55,1.0,1.0,1.0,0.7272727272727273,0.32,0.7272727272727273,0.44,1.0,1.0,1.0,0.7272727272727273,0.26666666666666666,0.7272727272727273,0.36666666666666664,1.0,1.0,1.0,0.7272727272727273,0.22857142857142856,0.7272727272727273,0.3142857142857143,1.0,1.0,1.0,0.7272727272727273,0.25,0.9090909090909091,0.275,1.0,1.0,1.0,0.7733091943618259,0.2222222222222222,0.9090909090909091,0.24444444444444444,1.0,1.0,1.0,0.7733091943618259,0.22,1.0,0.22,1.0,1.0,1.0,0.7941425276951594,qwen3_06b-dj_adpt,7,webtable-la2m_nopca-v=12-distilroberta-dj_adpt~qwen3_8b-dj_adpt
minister_meetings_a.pq,1.0,0.1,1.0,0.1,1.0,1.0,0.1,0.6,0.3,1.0,0.5,1.0,1.0,0.3,0.4,0.4,1.0,1.0,1.0,1.0,0.3571428571428571,0.26666666666666666,0.4,0.6666666666666666,1.0,1.0,1.0,0.3571428571428571,0.2,0.4,0.5,1.0,1.0,1.0,0.3571428571428571,0.16,0.4,0.4,1.0,1.0,1.0,0.3571428571428571,0.16666666666666666,0.5,0.3333333333333333,1.0,1.0,1.0,0.3738095238095238,0.14285714285714285,0.5,0.2857142857142857,1.0,1.0,1.0,0.3738095238095238,0.125,0.5,0.25,1.0,1.0,1.0,0.3738095238095238,0.1111111111111111,0.5,0.2222222222222222,1.0,1.0,1.0,0.3738095238095238,0.1,0.5,0.2,1.0,1.0,1.0,0.3738095238095238,qwen3_06b-dj_adpt,7,webtable-la2m_nopca-v=12-distilroberta-dj_adpt~qwen3_8b-dj_adpt
report_card_discipline_for_2015_16_a.pq,1.0,0.09090909090909091,1.0,0.09090909090909091,1.0,1.0,0.09090909090909091,1.0,0.45454545454545453,1.0,0.45454545454545453,1.0,1.0,0.45454545454545453,1.0,0.9090909090909091,1.0,0.9090909090909091,1.0,1.0,0.9090909090909091,0.7333333333333333,1.0,0.7333333333333333,1.0,1.0,1.0,1.0,0.55,1.0,0.55,1.0,1.0,1.0,1.0,0.44,1.0,0.44,1.0,1.0,1.0,1.0,0.36666666666666664,1.0,0.36666666666666664,1.0,1.0,1.0,1.0,0.3142857142857143,1.0,0.3142857142857143,1.0,1.0,1.0,1.0,0.275,1.0,0.275,1.0,1.0,1.0,1.0,0.24444444444444444,1.0,0.24444444444444444,1.0,1.0,1.0,1.0,0.22,1.0,0.22,1.0,1.0,1.0,1.0,qwen3_06b-dj_adpt,7,webtable-la2m_nopca-v=12-distilroberta-dj_adpt~qwen3_8b-dj_adpt
time_spent_watching_vcr_movies_a.pq,1.0,0.09090909090909091,1.0,0.09090909090909091,1.0,1.0,0.09090909090909091,1.0,0.45454545454545453,1.0,0.45454545454545453,1.0,1.0,0.45454545454545453,0.7,0.6363636363636364,1.0,0.9090909090909091,1.0,1.0,0.6363636363636364,0.4666666666666667,0.6363636363636364,0.7333333333333333,1.0,1.0,1.0,0.6363636363636364,0.35,0.6363636363636364,0.55,1.0,1.0,1.0,0.6363636363636364,0.28,0.6363636363636364,0.44,1.0,1.0,1.0,0.6363636363636364,0.26666666666666666,0.7272727272727273,0.36666666666666664,1.0,1.0,1.0,0.6614420062695925,0.22857142857142856,0.7272727272727273,0.3142857142857143,1.0,1.0,1.0,0.6614420062695925,0.2,0.7272727272727273,0.275,1.0,1.0,1.0,0.6614420062695925,0.2222222222222222,0.9090909090909091,0.24444444444444444,1.0,1.0,1.0,0.7020588173963814,0.22,1.0,0.22,1.0,1.0,1.0,0.723797947831164,qwen3_06b-dj_adpt,7,webtable-la2m_nopca-v=12-distilroberta-dj_adpt~qwen3_8b-dj_adpt
biodiversity_a.pq,1.0,0.09090909090909091,1.0,0.09090909090909091,1.0,1.0,0.09090909090909091,0.4,0.18181818181818182,1.0,0.45454545454545453,1.0,1.0,0.12727272727272726,0.3,0.2727272727272727,1.0,0.9090909090909091,1.0,1.0,0.17272727272727273,0.26666666666666666,0.36363636363636365,0.7333333333333333,1.0,1.0,1.0,0.19696969696969696,0.2,0.36363636363636365,0.55,1.0,1.0,1.0,0.19696969696969696,0.16,0.36363636363636365,0.44,1.0,1.0,1.0,0.19696969696969696,0.13333333333333333,0.36363636363636365,0.36666666666666664,1.0,1.0,1.0,0.19696969696969696,0.17142857142857143,0.5454545454545454,0.3142857142857143,1.0,1.0,1.0,0.22721686915235303,0.15,0.5454545454545454,0.275,1.0,1.0,1.0,0.22721686915235303,0.15555555555555556,0.6363636363636364,0.24444444444444444,1.0,1.0,1.0,0.24167967906970841,0.14,0.6363636363636364,0.22,1.0,1.0,1.0,0.24167967906970841,qwen3_06b-dj_adpt,7,webtable-la2m_nopca-v=12-distilroberta-dj_adpt~qwen3_8b-dj_adpt
tuition_assistance_program_tap_recipients_a.pq,1.0,0.09090909090909091,1.0,0.09090909090909091,1.0,1.0,0.09090909090909091,0.2,0.09090909090909091,1.0,0.45454545454545453,1.0,1.0,0.09090909090909091,0.1,0.09090909090909091,1.0,0.9090909090909091,1.0,1.0,0.09090909090909091,0.06666666666666667,0.09090909090909091,0.7333333333333333,1.0,1.0,1.0,0.09090909090909091,0.05,0.09090909090909091,0.55,1.0,1.0,1.0,0.09090909090909091,0.04,0.09090909090909091,0.44,1.0,1.0,1.0,0.09090909090909091,0.03333333333333333,0.09090909090909091,0.36666666666666664,1.0,1.0,1.0,0.09090909090909091,0.02857142857142857,0.09090909090909091,0.3142857142857143,1.0,1.0,1.0,0.09090909090909091,0.075,0.2727272727272727,0.275,1.0,1.0,1.0,0.10238927738927739,0.17777777777777778,0.7272727272727273,0.24444444444444444,1.0,1.0,1.0,0.16539038332082215,0.22,1.0,0.22,1.0,1.0,1.0,0.22292746761884208,qwen3_06b-dj_adpt,7,webtable-la2m_nopca-v=12-distilroberta-dj_adpt~qwen3_8b-dj_adpt
job_pay_scales_a.pq,1.0,0.06666666666666667,1.0,0.06666666666666667,1.0,1.0,0.06666666666666667,0.8,0.26666666666666666,1.0,0.3333333333333333,1.0,1.0,0.26666666666666666,0.8,0.5333333333333333,1.0,0.6666666666666666,1.0,1.0,0.49695767195767193,0.6666666666666666,0.6666666666666666,1.0,1.0,1.0,1.0,0.5842592592592593,0.55,0.7333333333333333,0.75,1.0,1.0,1.0,0.625,0.52,0.8666666666666667,0.6,1.0,1.0,1.0,0.7024891774891775,0.43333333333333335,0.8666666666666667,0.5,1.0,1.0,1.0,0.7024891774891775,0.37142857142857144,0.8666666666666667,0.42857142857142855,1.0,1.0,1.0,0.7024891774891775,0.375,1.0,0.375,1.0,1.0,1.0,0.7540561290561291,0.3333333333333333,1.0,0.3333333333333333,1.0,1.0,1.0,0.7540561290561291,0.3,1.0,0.3,1.0,1.0,1.0,0.7540561290561291,qwen3_06b-dj_adpt,7,webtable-la2m_nopca-v=12-distilroberta-dj_adpt~qwen3_8b-dj_adpt
wholesale_markets_a.pq,1.0,0.09090909090909091,1.0,0.09090909090909091,1.0,1.0,0.09090909090909091,0.2,0.09090909090909091,1.0,0.45454545454545453,1.0,1.0,0.09090909090909091,0.1,0.09090909090909091,1.0,0.9090909090909091,1.0,1.0,0.09090909090909091,0.06666666666666667,0.09090909090909091,0.7333333333333333,1.0,1.0,1.0,0.09090909090909091,0.05,0.09090909090909091,0.55,1.0,1.0,1.0,0.09090909090909091,0.04,0.09090909090909091,0.44,1.0,1.0,1.0,0.09090909090909091,0.03333333333333333,0.09090909090909091,0.36666666666666664,1.0,1.0,1.0,0.09090909090909091,0.02857142857142857,0.09090909090909091,0.3142857142857143,1.0,1.0,1.0,0.09090909090909091,0.025,0.09090909090909091,0.275,1.0,1.0,1.0,0.09090909090909091,0.022222222222222223,0.09090909090909091,0.24444444444444444,1.0,1.0,1.0,0.09090909090909091,0.02,0.09090909090909091,0.22,1.0,1.0,1.0,0.09090909090909091,qwen3_06b-dj_adpt,7,webtable-la2m_nopca-v=12-distilroberta-dj_adpt~qwen3_8b-dj_adpt
ipopayments_b.pq,1.0,0.06666666666666667,1.0,0.06666666666666667,1.0,1.0,0.06666666666666667,1.0,0.3333333333333333,1.0,0.3333333333333333,1.0,1.0,0.3333333333333333,1.0,0.6666666666666666,1.0,0.6666666666666666,1.0,1.0,0.6666666666666666,0.8666666666666667,0.8666666666666667,1.0,1.0,1.0,1.0,0.8512210012210012,0.75,1.0,0.75,1.0,1.0,1.0,0.950343808238545,0.6,1.0,0.6,1.0,1.0,1.0,0.950343808238545,0.5,1.0,0.5,1.0,1.0,1.0,0.950343808238545,0.42857142857142855,1.0,0.42857142857142855,1.0,1.0,1.0,0.950343808238545,0.375,1.0,0.375,1.0,1.0,1.0,0.950343808238545,0.3333333333333333,1.0,0.3333333333333333,1.0,1.0,1.0,0.950343808238545,0.3,1.0,0.3,1.0,1.0,1.0,0.950343808238545,qwen3_06b-dj_adpt,7,webtable-la2m_nopca-v=12-distilroberta-dj_adpt~qwen3_8b-dj_adpt
mines_b.pq,1.0,0.07142857142857142,1.0,0.07142857142857142,1.0,1.0,0.07142857142857142,0.4,0.14285714285714285,1.0,0.35714285714285715,1.0,1.0,0.14285714285714285,0.2,0.14285714285714285,1.0,0.7142857142857143,1.0,1.0,0.14285714285714285,0.13333333333333333,0.14285714285714285,0.9333333333333333,1.0,1.0,1.0,0.14285714285714285,0.1,0.14285714285714285,0.7,1.0,1.0,1.0,0.14285714285714285,0.08,0.14285714285714285,0.56,1.0,1.0,1.0,0.14285714285714285,0.2,0.42857142857142855,0.4666666666666667,1.0,1.0,1.0,0.18759871764797872,0.17142857142857143,0.42857142857142855,0.4,1.0,1.0,1.0,0.18759871764797872,0.15,0.42857142857142855,0.35,1.0,1.0,1.0,0.18759871764797872,0.13333333333333333,0.42857142857142855,0.3111111111111111,1.0,1.0,1.0,0.18759871764797872,0.12,0.42857142857142855,0.28,1.0,1.0,1.0,0.18759871764797872,qwen3_06b-dj_adpt,7,webtable-la2m_nopca-v=12-distilroberta-dj_adpt~qwen3_8b-dj_adpt
practice_reference_b.pq,1.0,0.06666666666666667,1.0,0.06666666666666667,1.0,1.0,0.06666666666666667,1.0,0.3333333333333333,1.0,0.3333333333333333,1.0,1.0,0.3333333333333333,1.0,0.6666666666666666,1.0,0.6666666666666666,1.0,1.0,0.6666666666666666,1.0,1.0,1.0,1.0,1.0,1.0,1.0,0.75,1.0,0.75,1.0,1.0,1.0,1.0,0.6,1.0,0.6,1.0,1.0,1.0,1.0,0.5,1.0,0.5,1.0,1.0,1.0,1.0,0.42857142857142855,1.0,0.42857142857142855,1.0,1.0,1.0,1.0,0.375,1.0,0.375,1.0,1.0,1.0,1.0,0.3333333333333333,1.0,0.3333333333333333,1.0,1.0,1.0,1.0,0.3,1.0,0.3,1.0,1.0,1.0,1.0,qwen3_06b-dj_adpt,7,webtable-la2m_nopca-v=12-distilroberta-dj_adpt~qwen3_8b-dj_adpt
albums_a.pq,1.0,0.0625,1.0,0.0625,1.0,1.0,0.0625,1.0,0.3125,1.0,0.3125,1.0,1.0,0.3125,1.0,0.625,1.0,0.625,1.0,1.0,0.625,1.0,0.9375,1.0,0.9375,1.0,1.0,0.9375,0.8,1.0,0.8,1.0,1.0,1.0,1.0,0.64,1.0,0.64,1.0,1.0,1.0,1.0,0.5333333333333333,1.0,0.5333333333333333,1.0,1.0,1.0,1.0,0.45714285714285713,1.0,0.45714285714285713,1.0,1.0,1.0,1.0,0.4,1.0,0.4,1.0,1.0,1.0,1.0,0.35555555555555557,1.0,0.35555555555555557,1.0,1.0,1.0,1.0,0.32,1.0,0.32,1.0,1.0,1.0,1.0,qwen3_06b-dj_adpt,7,webtable-la2m_nopca-v=12-distilroberta-dj_adpt~qwen3_8b-dj_adpt
animal_tag_data_a.pq,1.0,0.08333333333333333,1.0,0.08333333333333333,1.0,1.0,0.08333333333333333,1.0,0.4166666666666667,1.0,0.4166666666666667,1.0,1.0,0.4166666666666667,1.0,0.8333333333333334,1.0,0.8333333333333334,1.0,1.0,0.8333333333333334,0.8,1.0,0.8,1.0,1.0,1.0,0.9866452991452991,0.6,1.0,0.6,1.0,1.0,1.0,0.9866452991452991,0.48,1.0,0.48,1.0,1.0,1.0,0.9866452991452991,0.4,1.0,0.4,1.0,1.0,1.0,0.9866452991452991,0.34285714285714286,1.0,0.34285714285714286,1.0,1.0,1.0,0.9866452991452991,0.3,1.0,0.3,1.0,1.0,1.0,0.9866452991452991,0.26666666666666666,1.0,0.26666666666666666,1.0,1.0,1.0,0.9866452991452991,0.24,1.0,0.24,1.0,1.0,1.0,0.9866452991452991,qwen3_06b-dj_adpt,7,webtable-la2m_nopca-v=12-distilroberta-dj_adpt~qwen3_8b-dj_adpt
cihr_co-applicant_b.pq,1.0,0.08333333333333333,1.0,0.08333333333333333,1.0,1.0,0.08333333333333333,1.0,0.4166666666666667,1.0,0.4166666666666667,1.0,1.0,0.4166666666666667,1.0,0.8333333333333334,1.0,0.8333333333333334,1.0,1.0,0.8333333333333334,0.8,1.0,0.8,1.0,1.0,1.0,1.0,0.6,1.0,0.6,1.0,1.0,1.0,1.0,0.48,1.0,0.48,1.0,1.0,1.0,1.0,0.4,1.0,0.4,1.0,1.0,1.0,1.0,0.34285714285714286,1.0,0.34285714285714286,1.0,1.0,1.0,1.0,0.3,1.0,0.3,1.0,1.0,1.0,1.0,0.26666666666666666,1.0,0.26666666666666666,1.0,1.0,1.0,1.0,0.24,1.0,0.24,1.0,1.0,1.0,1.0,qwen3_06b-dj_adpt,7,webtable-la2m_nopca-v=12-distilroberta-dj_adpt~qwen3_8b-dj_adpt
film_locations_in_san_francisco_a.pq,1.0,0.07692307692307693,1.0,0.07692307692307693,1.0,1.0,0.07692307692307693,1.0,0.38461538461538464,1.0,0.38461538461538464,1.0,1.0,0.38461538461538464,1.0,0.7692307692307693,1.0,0.7692307692307693,1.0,1.0,0.7692307692307693,0.8666666666666667,1.0,0.8666666666666667,1.0,1.0,1.0,1.0,0.65,1.0,0.65,1.0,1.0,1.0,1.0,0.52,1.0,0.52,1.0,1.0,1.0,1.0,0.43333333333333335,1.0,0.43333333333333335,1.0,1.0,1.0,1.0,0.37142857142857144,1.0,0.37142857142857144,1.0,1.0,1.0,1.0,0.325,1.0,0.325,1.0,1.0,1.0,1.0,0.28888888888888886,1.0,0.28888888888888886,1.0,1.0,1.0,1.0,0.26,1.0,0.26,1.0,1.0,1.0,1.0,qwen3_06b-dj_adpt,7,webtable-la2m_nopca-v=12-distilroberta-dj_adpt~qwen3_8b-dj_adpt
ipopayments_a.pq,1.0,0.06666666666666667,1.0,0.06666666666666667,1.0,1.0,0.06666666666666667,1.0,0.3333333333333333,1.0,0.3333333333333333,1.0,1.0,0.3333333333333333,0.8,0.5333333333333333,1.0,0.6666666666666666,1.0,1.0,0.5021428571428571,0.6,0.6,1.0,1.0,1.0,1.0,0.5566883116883117,0.45,0.6,0.75,1.0,1.0,1.0,0.5566883116883117,0.4,0.6666666666666666,0.6,1.0,1.0,1.0,0.5884343434343434,0.3333333333333333,0.6666666666666666,0.5,1.0,1.0,1.0,0.5884343434343434,0.2857142857142857,0.6666666666666666,0.42857142857142855,1.0,1.0,1.0,0.5884343434343434,0.325,0.8666666666666667,0.375,1.0,1.0,1.0,0.6499120762278657,0.3333333333333333,1.0,0.3333333333333333,1.0,1.0,1.0,0.6948985260923644,0.3,1.0,0.3,1.0,1.0,1.0,0.6948985260923644,qwen3_06b-dj_adpt,7,webtable-la2m_nopca-v=12-distilroberta-dj_adpt~qwen3_8b-dj_adpt
purchasing_card_a.pq,1.0,0.07692307692307693,1.0,0.07692307692307693,1.0,1.0,0.07692307692307693,1.0,0.38461538461538464,1.0,0.38461538461538464,1.0,1.0,0.38461538461538464,1.0,0.7692307692307693,1.0,0.7692307692307693,1.0,1.0,0.7692307692307693,0.8666666666666667,1.0,0.8666666666666667,1.0,1.0,1.0,0.9945054945054945,0.65,1.0,0.65,1.0,1.0,1.0,0.9945054945054945,0.52,1.0,0.52,1.0,1.0,1.0,0.9945054945054945,0.43333333333333335,1.0,0.43333333333333335,1.0,1.0,1.0,0.9945054945054945,0.37142857142857144,1.0,0.37142857142857144,1.0,1.0,1.0,0.9945054945054945,0.325,1.0,0.325,1.0,1.0,1.0,0.9945054945054945,0.28888888888888886,1.0,0.28888888888888886,1.0,1.0,1.0,0.9945054945054945,0.26,1.0,0.26,1.0,1.0,1.0,0.9945054945054945,qwen3_06b-dj_adpt,7,webtable-la2m_nopca-v=12-distilroberta-dj_adpt~qwen3_8b-dj_adpt
complaint_by_practice_a.pq,1.0,0.07692307692307693,1.0,0.07692307692307693,1.0,1.0,0.07692307692307693,0.4,0.15384615384615385,1.0,0.38461538461538464,1.0,1.0,0.10769230769230768,0.4,0.3076923076923077,1.0,0.7692307692307693,1.0,1.0,0.19010989010989013,0.26666666666666666,0.3076923076923077,0.8666666666666667,1.0,1.0,1.0,0.19010989010989013,0.2,0.3076923076923077,0.65,1.0,1.0,1.0,0.19010989010989013,0.16,0.3076923076923077,0.52,1.0,1.0,1.0,0.19010989010989013,0.13333333333333333,0.3076923076923077,0.43333333333333335,1.0,1.0,1.0,0.19010989010989013,0.11428571428571428,0.3076923076923077,0.37142857142857144,1.0,1.0,1.0,0.19010989010989013,0.1,0.3076923076923077,0.325,1.0,1.0,1.0,0.19010989010989013,0.08888888888888889,0.3076923076923077,0.28888888888888886,1.0,1.0,1.0,0.19010989010989013,0.08,0.3076923076923077,0.26,1.0,1.0,1.0,0.19010989010989013,qwen3_06b-dj_adpt,7,webtable-la2m_nopca-v=12-distilroberta-dj_adpt~qwen3_8b-dj_adpt
senior_officials_expenses_a.pq,1.0,0.09090909090909091,1.0,0.09090909090909091,1.0,1.0,0.09090909090909091,0.8,0.36363636363636365,1.0,0.45454545454545453,1.0,1.0,0.36363636363636365,0.6,0.5454545454545454,1.0,0.9090909090909091,1.0,1.0,0.4967532467532468,0.4,0.5454545454545454,0.7333333333333333,1.0,1.0,1.0,0.4967532467532468,0.3,0.5454545454545454,0.55,1.0,1.0,1.0,0.4967532467532468,0.28,0.6363636363636364,0.44,1.0,1.0,1.0,0.5256788665879575,0.23333333333333334,0.6363636363636364,0.36666666666666664,1.0,1.0,1.0,0.5256788665879575,0.2,0.6363636363636364,0.3142857142857143,1.0,1.0,1.0,0.5256788665879575,0.175,0.6363636363636364,0.275,1.0,1.0,1.0,0.5256788665879575,0.15555555555555556,0.6363636363636364,0.24444444444444444,1.0,1.0,1.0,0.5256788665879575,0.14,0.6363636363636364,0.22,1.0,1.0,1.0,0.5256788665879575,qwen3_06b-dj_adpt,7,webtable-la2m_nopca-v=12-distilroberta-dj_adpt~qwen3_8b-dj_adpt
ydn_spending_data_b.pq,1.0,0.08333333333333333,1.0,0.08333333333333333,1.0,1.0,0.08333333333333333,1.0,0.4166666666666667,1.0,0.4166666666666667,1.0,1.0,0.4166666666666667,0.8,0.6666666666666666,1.0,0.8333333333333334,1.0,1.0,0.6469907407407408,0.5333333333333333,0.6666666666666666,0.8,1.0,1.0,1.0,0.6469907407407408,0.4,0.6666666666666666,0.6,1.0,1.0,1.0,0.6469907407407408,0.32,0.6666666666666666,0.48,1.0,1.0,1.0,0.6469907407407408,0.36666666666666664,0.9166666666666666,0.4,1.0,1.0,1.0,0.7361396186827222,0.3142857142857143,0.9166666666666666,0.34285714285714286,1.0,1.0,1.0,0.7361396186827222,0.275,0.9166666666666666,0.3,1.0,1.0,1.0,0.7361396186827222,0.26666666666666666,1.0,0.26666666666666666,1.0,1.0,1.0,0.7605298625851611,0.24,1.0,0.24,1.0,1.0,1.0,0.7605298625851611,qwen3_06b-dj_adpt,7,webtable-la2m_nopca-v=12-distilroberta-dj_adpt~qwen3_8b-dj_adpt
monthly_data_feed_a.pq,1.0,0.07692307692307693,1.0,0.07692307692307693,1.0,1.0,0.07692307692307693,1.0,0.38461538461538464,1.0,0.38461538461538464,1.0,1.0,0.38461538461538464,1.0,0.7692307692307693,1.0,0.7692307692307693,1.0,1.0,0.7692307692307693,0.8666666666666667,1.0,0.8666666666666667,1.0,1.0,1.0,1.0,0.65,1.0,0.65,1.0,1.0,1.0,1.0,0.52,1.0,0.52,1.0,1.0,1.0,1.0,0.43333333333333335,1.0,0.43333333333333335,1.0,1.0,1.0,1.0,0.37142857142857144,1.0,0.37142857142857144,1.0,1.0,1.0,1.0,0.325,1.0,0.325,1.0,1.0,1.0,1.0,0.28888888888888886,1.0,0.28888888888888886,1.0,1.0,1.0,1.0,0.26,1.0,0.26,1.0,1.0,1.0,1.0,qwen3_06b-dj_adpt,7,webtable-la2m_nopca-v=12-distilroberta-dj_adpt~qwen3_8b-dj_adpt
albums_b.pq,1.0,0.0625,1.0,0.0625,1.0,1.0,0.0625,1.0,0.3125,1.0,0.3125,1.0,1.0,0.3125,1.0,0.625,1.0,0.625,1.0,1.0,0.625,1.0,0.9375,1.0,0.9375,1.0,1.0,0.9375,0.8,1.0,0.8,1.0,1.0,1.0,1.0,0.64,1.0,0.64,1.0,1.0,1.0,1.0,0.5333333333333333,1.0,0.5333333333333333,1.0,1.0,1.0,1.0,0.45714285714285713,1.0,0.45714285714285713,1.0,1.0,1.0,1.0,0.4,1.0,0.4,1.0,1.0,1.0,1.0,0.35555555555555557,1.0,0.35555555555555557,1.0,1.0,1.0,1.0,0.32,1.0,0.32,1.0,1.0,1.0,1.0,qwen3_06b-dj_adpt,7,webtable-la2m_nopca-v=12-distilroberta-dj_adpt~qwen3_8b-dj_adpt
abandoned_wells_a.pq,1.0,0.09090909090909091,1.0,0.09090909090909091,1.0,1.0,0.09090909090909091,1.0,0.45454545454545453,1.0,0.45454545454545453,1.0,1.0,0.45454545454545453,1.0,0.9090909090909091,1.0,0.9090909090909091,1.0,1.0,0.9090909090909091,0.7333333333333333,1.0,0.7333333333333333,1.0,1.0,1.0,1.0,0.55,1.0,0.55,1.0,1.0,1.0,1.0,0.44,1.0,0.44,1.0,1.0,1.0,1.0,0.36666666666666664,1.0,0.36666666666666664,1.0,1.0,1.0,1.0,0.3142857142857143,1.0,0.3142857142857143,1.0,1.0,1.0,1.0,0.275,1.0,0.275,1.0,1.0,1.0,1.0,0.24444444444444444,1.0,0.24444444444444444,1.0,1.0,1.0,1.0,0.22,1.0,0.22,1.0,1.0,1.0,1.0,qwen3_06b-dj_adpt,7,webtable-la2m_nopca-v=12-distilroberta-dj_adpt~qwen3_8b-dj_adpt
cdc_nutrition_physical_activity_and_obesity_legislation_a.pq,1.0,0.09090909090909091,1.0,0.09090909090909091,1.0,1.0,0.09090909090909091,1.0,0.45454545454545453,1.0,0.45454545454545453,1.0,1.0,0.45454545454545453,1.0,0.9090909090909091,1.0,0.9090909090909091,1.0,1.0,0.9090909090909091,0.7333333333333333,1.0,0.7333333333333333,1.0,1.0,1.0,1.0,0.55,1.0,0.55,1.0,1.0,1.0,1.0,0.44,1.0,0.44,1.0,1.0,1.0,1.0,0.36666666666666664,1.0,0.36666666666666664,1.0,1.0,1.0,1.0,0.3142857142857143,1.0,0.3142857142857143,1.0,1.0,1.0,1.0,0.275,1.0,0.275,1.0,1.0,1.0,1.0,0.24444444444444444,1.0,0.24444444444444444,1.0,1.0,1.0,1.0,0.22,1.0,0.22,1.0,1.0,1.0,1.0,qwen3_06b-dj_adpt,7,webtable-la2m_nopca-v=12-distilroberta-dj_adpt~qwen3_8b-dj_adpt
cihr_co-applicant_a.pq,1.0,0.08333333333333333,1.0,0.08333333333333333,1.0,1.0,0.08333333333333333,1.0,0.4166666666666667,1.0,0.4166666666666667,1.0,1.0,0.4166666666666667,1.0,0.8333333333333334,1.0,0.8333333333333334,1.0,1.0,0.8333333333333334,0.8,1.0,0.8,1.0,1.0,1.0,1.0,0.6,1.0,0.6,1.0,1.0,1.0,1.0,0.48,1.0,0.48,1.0,1.0,1.0,1.0,0.4,1.0,0.4,1.0,1.0,1.0,1.0,0.34285714285714286,1.0,0.34285714285714286,1.0,1.0,1.0,1.0,0.3,1.0,0.3,1.0,1.0,1.0,1.0,0.26666666666666666,1.0,0.26666666666666666,1.0,1.0,1.0,1.0,0.24,1.0,0.24,1.0,1.0,1.0,1.0,qwen3_06b-dj_adpt,7,webtable-la2m_nopca-v=12-distilroberta-dj_adpt~qwen3_8b-dj_adpt
workforce_management_information_b.pq,1.0,0.05555555555555555,1.0,0.05555555555555555,1.0,1.0,0.05555555555555555,1.0,0.2777777777777778,1.0,0.2777777777777778,1.0,1.0,0.2777777777777778,1.0,0.5555555555555556,1.0,0.5555555555555556,1.0,1.0,0.5555555555555556,0.8666666666666667,0.7222222222222222,1.0,0.8333333333333334,1.0,1.0,0.7222222222222222,0.65,0.7222222222222222,0.9,1.0,1.0,1.0,0.7222222222222222,0.52,0.7222222222222222,0.72,1.0,1.0,1.0,0.7222222222222222,0.43333333333333335,0.7222222222222222,0.6,1.0,1.0,1.0,0.7222222222222222,0.42857142857142855,0.8333333333333334,0.5142857142857142,1.0,1.0,1.0,0.7689075630252101,0.425,0.9444444444444444,0.45,1.0,1.0,1.0,0.815310696928344,0.37777777777777777,0.9444444444444444,0.4,1.0,1.0,1.0,0.815310696928344,0.36,1.0,0.36,1.0,1.0,1.0,0.8353106969283439,qwen3_4b-dj_adpt,8,webtable-la2m_nopca-v=12-distilroberta-dj_adpt~qwen3_8b-dj_adpt
prescribing_a.pq,1.0,0.06666666666666667,1.0,0.06666666666666667,1.0,1.0,0.06666666666666667,1.0,0.3333333333333333,1.0,0.3333333333333333,1.0,1.0,0.3333333333333333,0.9,0.6,1.0,0.6666666666666666,1.0,1.0,0.6,0.6666666666666666,0.6666666666666666,1.0,1.0,1.0,1.0,0.6555555555555556,0.6,0.8,0.75,1.0,1.0,1.0,0.7341520467836258,0.6,1.0,0.6,1.0,1.0,1.0,0.8613243913472747,0.5,1.0,0.5,1.0,1.0,1.0,0.8613243913472747,0.42857142857142855,1.0,0.42857142857142855,1.0,1.0,1.0,0.8613243913472747,0.375,1.0,0.375,1.0,1.0,1.0,0.8613243913472747,0.3333333333333333,1.0,0.3333333333333333,1.0,1.0,1.0,0.8613243913472747,0.3,1.0,0.3,1.0,1.0,1.0,0.8613243913472747,qwen3_4b-dj_adpt,8,webtable-la2m_nopca-v=12-distilroberta-dj_adpt~qwen3_8b-dj_adpt
ydn_spending_data_b.pq,1.0,0.08333333333333333,1.0,0.08333333333333333,1.0,1.0,0.08333333333333333,0.8,0.3333333333333333,1.0,0.4166666666666667,1.0,1.0,0.3333333333333333,0.6,0.5,1.0,0.8333333333333334,1.0,1.0,0.47420634920634924,0.4,0.5,0.8,1.0,1.0,1.0,0.47420634920634924,0.3,0.5,0.6,1.0,1.0,1.0,0.47420634920634924,0.28,0.5833333333333334,0.48,1.0,1.0,1.0,0.501984126984127,0.26666666666666666,0.6666666666666666,0.4,1.0,1.0,1.0,0.5242063492063492,0.2857142857142857,0.8333333333333334,0.34285714285714286,1.0,1.0,1.0,0.571453373015873,0.25,0.8333333333333334,0.3,1.0,1.0,1.0,0.571453373015873,0.2222222222222222,0.8333333333333334,0.26666666666666666,1.0,1.0,1.0,0.571453373015873,0.2,0.8333333333333334,0.24,1.0,1.0,1.0,0.571453373015873,qwen3_4b-dj_adpt,8,webtable-la2m_nopca-v=12-distilroberta-dj_adpt~qwen3_8b-dj_adpt
complaint_by_practice_b.pq,1.0,0.07692307692307693,1.0,0.07692307692307693,1.0,1.0,0.07692307692307693,1.0,0.38461538461538464,1.0,0.38461538461538464,1.0,1.0,0.38461538461538464,1.0,0.7692307692307693,1.0,0.7692307692307693,1.0,1.0,0.7692307692307693,0.8666666666666667,1.0,0.8666666666666667,1.0,1.0,1.0,1.0,0.65,1.0,0.65,1.0,1.0,1.0,1.0,0.52,1.0,0.52,1.0,1.0,1.0,1.0,0.43333333333333335,1.0,0.43333333333333335,1.0,1.0,1.0,1.0,0.37142857142857144,1.0,0.37142857142857144,1.0,1.0,1.0,1.0,0.325,1.0,0.325,1.0,1.0,1.0,1.0,0.28888888888888886,1.0,0.28888888888888886,1.0,1.0,1.0,1.0,0.26,1.0,0.26,1.0,1.0,1.0,1.0,qwen3_4b-dj_adpt,8,webtable-la2m_nopca-v=12-distilroberta-dj_adpt~qwen3_8b-dj_adpt
mines_b.pq,1.0,0.07142857142857142,1.0,0.07142857142857142,1.0,1.0,0.07142857142857142,0.4,0.14285714285714285,1.0,0.35714285714285715,1.0,1.0,0.11904761904761904,0.2,0.14285714285714285,1.0,0.7142857142857143,1.0,1.0,0.11904761904761904,0.2,0.21428571428571427,0.9333333333333333,1.0,1.0,1.0,0.13435374149659865,0.15,0.21428571428571427,0.7,1.0,1.0,1.0,0.13435374149659865,0.16,0.2857142857142857,0.56,1.0,1.0,1.0,0.14625850340136054,0.16666666666666666,0.35714285714285715,0.4666666666666667,1.0,1.0,1.0,0.15901360544217688,0.14285714285714285,0.35714285714285715,0.4,1.0,1.0,1.0,0.15901360544217688,0.125,0.35714285714285715,0.35,1.0,1.0,1.0,0.15901360544217688,0.1111111111111111,0.35714285714285715,0.3111111111111111,1.0,1.0,1.0,0.15901360544217688,0.1,0.35714285714285715,0.28,1.0,1.0,1.0,0.15901360544217688,qwen3_4b-dj_adpt,8,webtable-la2m_nopca-v=12-distilroberta-dj_adpt~qwen3_8b-dj_adpt
report_card_discipline_for_2015_16_a.pq,1.0,0.09090909090909091,1.0,0.09090909090909091,1.0,1.0,0.09090909090909091,1.0,0.45454545454545453,1.0,0.45454545454545453,1.0,1.0,0.45454545454545453,1.0,0.9090909090909091,1.0,0.9090909090909091,1.0,1.0,0.9090909090909091,0.7333333333333333,1.0,0.7333333333333333,1.0,1.0,1.0,1.0,0.55,1.0,0.55,1.0,1.0,1.0,1.0,0.44,1.0,0.44,1.0,1.0,1.0,1.0,0.36666666666666664,1.0,0.36666666666666664,1.0,1.0,1.0,1.0,0.3142857142857143,1.0,0.3142857142857143,1.0,1.0,1.0,1.0,0.275,1.0,0.275,1.0,1.0,1.0,1.0,0.24444444444444444,1.0,0.24444444444444444,1.0,1.0,1.0,1.0,0.22,1.0,0.22,1.0,1.0,1.0,1.0,qwen3_4b-dj_adpt,8,webtable-la2m_nopca-v=12-distilroberta-dj_adpt~qwen3_8b-dj_adpt
practice_reference_b.pq,1.0,0.06666666666666667,1.0,0.06666666666666667,1.0,1.0,0.06666666666666667,1.0,0.3333333333333333,1.0,0.3333333333333333,1.0,1.0,0.3333333333333333,1.0,0.6666666666666666,1.0,0.6666666666666666,1.0,1.0,0.6666666666666666,0.7333333333333333,0.7333333333333333,1.0,1.0,1.0,1.0,0.7333333333333333,0.55,0.7333333333333333,0.75,1.0,1.0,1.0,0.7333333333333333,0.48,0.8,0.6,1.0,1.0,1.0,0.7653333333333333,0.43333333333333335,0.8666666666666667,0.5,1.0,1.0,1.0,0.7942222222222223,0.42857142857142855,1.0,0.42857142857142855,1.0,1.0,1.0,0.8555797491039426,0.375,1.0,0.375,1.0,1.0,1.0,0.8555797491039426,0.3333333333333333,1.0,0.3333333333333333,1.0,1.0,1.0,0.8555797491039426,0.3,1.0,0.3,1.0,1.0,1.0,0.8555797491039426,qwen3_4b-dj_adpt,8,webtable-la2m_nopca-v=12-distilroberta-dj_adpt~qwen3_8b-dj_adpt
tuition_assistance_program_tap_recipients_a.pq,1.0,0.09090909090909091,1.0,0.09090909090909091,1.0,1.0,0.09090909090909091,0.2,0.09090909090909091,1.0,0.45454545454545453,1.0,1.0,0.09090909090909091,0.2,0.18181818181818182,1.0,0.9090909090909091,1.0,1.0,0.10909090909090909,0.4666666666666667,0.6363636363636364,0.7333333333333333,1.0,1.0,1.0,0.2805376441740078,0.55,1.0,0.55,1.0,1.0,1.0,0.47725716132696144,0.44,1.0,0.44,1.0,1.0,1.0,0.47725716132696144,0.36666666666666664,1.0,0.36666666666666664,1.0,1.0,1.0,0.47725716132696144,0.3142857142857143,1.0,0.3142857142857143,1.0,1.0,1.0,0.47725716132696144,0.275,1.0,0.275,1.0,1.0,1.0,0.47725716132696144,0.24444444444444444,1.0,0.24444444444444444,1.0,1.0,1.0,0.47725716132696144,0.22,1.0,0.22,1.0,1.0,1.0,0.47725716132696144,qwen3_4b-dj_adpt,8,webtable-la2m_nopca-v=12-distilroberta-dj_adpt~qwen3_8b-dj_adpt
stockport_contracts_b.pq,1.0,0.07692307692307693,1.0,0.07692307692307693,1.0,1.0,0.07692307692307693,0.4,0.15384615384615385,1.0,0.38461538461538464,1.0,1.0,0.11538461538461539,0.5,0.38461538461538464,1.0,0.7692307692307693,1.0,1.0,0.24053724053724054,0.3333333333333333,0.38461538461538464,0.8666666666666667,1.0,1.0,1.0,0.24053724053724054,0.25,0.38461538461538464,0.65,1.0,1.0,1.0,0.24053724053724054,0.28,0.5384615384615384,0.52,1.0,1.0,1.0,0.2821425917078091,0.26666666666666666,0.6153846153846154,0.43333333333333335,1.0,1.0,1.0,0.30265541222062964,0.2857142857142857,0.7692307692307693,0.37142857142857144,1.0,1.0,1.0,0.34829794173412687,0.275,0.8461538461538461,0.325,1.0,1.0,1.0,0.37056514821185965,0.26666666666666666,0.9230769230769231,0.28888888888888886,1.0,1.0,1.0,0.39154416919088064,0.24,0.9230769230769231,0.26,1.0,1.0,1.0,0.39154416919088064,qwen3_4b-dj_adpt,8,webtable-la2m_nopca-v=12-distilroberta-dj_adpt~qwen3_8b-dj_adpt
business_rates_a.pq,1.0,0.08333333333333333,1.0,0.08333333333333333,1.0,1.0,0.08333333333333333,1.0,0.4166666666666667,1.0,0.4166666666666667,1.0,1.0,0.4166666666666667,1.0,0.8333333333333334,1.0,0.8333333333333334,1.0,1.0,0.8333333333333334,0.8,1.0,0.8,1.0,1.0,1.0,1.0,0.6,1.0,0.6,1.0,1.0,1.0,1.0,0.48,1.0,0.48,1.0,1.0,1.0,1.0,0.4,1.0,0.4,1.0,1.0,1.0,1.0,0.34285714285714286,1.0,0.34285714285714286,1.0,1.0,1.0,1.0,0.3,1.0,0.3,1.0,1.0,1.0,1.0,0.26666666666666666,1.0,0.26666666666666666,1.0,1.0,1.0,1.0,0.24,1.0,0.24,1.0,1.0,1.0,1.0,qwen3_4b-dj_adpt,8,webtable-la2m_nopca-v=12-distilroberta-dj_adpt~qwen3_8b-dj_adpt
new_york_city_restaurant_inspection_results_a.pq,1.0,0.03225806451612903,1.0,0.03225806451612903,1.0,1.0,0.03225806451612903,1.0,0.16129032258064516,1.0,0.16129032258064516,1.0,1.0,0.16129032258064516,0.7,0.22580645161290322,1.0,0.3225806451612903,1.0,1.0,0.22580645161290322,0.4666666666666667,0.22580645161290322,1.0,0.4838709677419355,1.0,1.0,0.22580645161290322,0.55,0.3548387096774194,1.0,0.6451612903225806,1.0,1.0,0.29183561370218714,0.56,0.45161290322580644,1.0,0.8064516129032258,1.0,1.0,0.3473948931324344,0.6333333333333333,0.6129032258064516,1.0,0.967741935483871,1.0,1.0,0.44515881297644316,0.6,0.6774193548387096,0.8857142857142857,1.0,1.0,1.0,0.4871398223416877,0.525,0.6774193548387096,0.775,1.0,1.0,1.0,0.4871398223416877,0.4666666666666667,0.6774193548387096,0.6888888888888889,1.0,1.0,1.0,0.4871398223416877,0.42,0.6774193548387096,0.62,1.0,1.0,1.0,0.4871398223416877,qwen3_4b-dj_adpt,8,webtable-la2m_nopca-v=12-distilroberta-dj_adpt~qwen3_8b-dj_adpt
abandoned_wells_a.pq,1.0,0.09090909090909091,1.0,0.09090909090909091,1.0,1.0,0.09090909090909091,1.0,0.45454545454545453,1.0,0.45454545454545453,1.0,1.0,0.45454545454545453,1.0,0.9090909090909091,1.0,0.9090909090909091,1.0,1.0,0.9090909090909091,0.7333333333333333,1.0,0.7333333333333333,1.0,1.0,1.0,1.0,0.55,1.0,0.55,1.0,1.0,1.0,1.0,0.44,1.0,0.44,1.0,1.0,1.0,1.0,0.36666666666666664,1.0,0.36666666666666664,1.0,1.0,1.0,1.0,0.3142857142857143,1.0,0.3142857142857143,1.0,1.0,1.0,1.0,0.275,1.0,0.275,1.0,1.0,1.0,1.0,0.24444444444444444,1.0,0.24444444444444444,1.0,1.0,1.0,1.0,0.22,1.0,0.22,1.0,1.0,1.0,1.0,qwen3_4b-dj_adpt,8,webtable-la2m_nopca-v=12-distilroberta-dj_adpt~qwen3_8b-dj_adpt
albums_a.pq,1.0,0.0625,1.0,0.0625,1.0,1.0,0.0625,1.0,0.3125,1.0,0.3125,1.0,1.0,0.3125,1.0,0.625,1.0,0.625,1.0,1.0,0.625,1.0,0.9375,1.0,0.9375,1.0,1.0,0.9375,0.8,1.0,0.8,1.0,1.0,1.0,1.0,0.64,1.0,0.64,1.0,1.0,1.0,1.0,0.5333333333333333,1.0,0.5333333333333333,1.0,1.0,1.0,1.0,0.45714285714285713,1.0,0.45714285714285713,1.0,1.0,1.0,1.0,0.4,1.0,0.4,1.0,1.0,1.0,1.0,0.35555555555555557,1.0,0.35555555555555557,1.0,1.0,1.0,1.0,0.32,1.0,0.32,1.0,1.0,1.0,1.0,qwen3_4b-dj_adpt,8,webtable-la2m_nopca-v=12-distilroberta-dj_adpt~qwen3_8b-dj_adpt
cihr_co-applicant_b.pq,1.0,0.08333333333333333,1.0,0.08333333333333333,1.0,1.0,0.08333333333333333,0.4,0.16666666666666666,1.0,0.4166666666666667,1.0,1.0,0.16666666666666666,0.2,0.16666666666666666,1.0,0.8333333333333334,1.0,1.0,0.16666666666666666,0.26666666666666666,0.3333333333333333,0.8,1.0,1.0,1.0,0.20674603174603176,0.3,0.5,0.6,1.0,1.0,1.0,0.2562558356676004,0.44,0.9166666666666666,0.48,1.0,1.0,1.0,0.41833422828947125,0.4,1.0,0.4,1.0,1.0,1.0,0.4553712653265083,0.34285714285714286,1.0,0.34285714285714286,1.0,1.0,1.0,0.4553712653265083,0.3,1.0,0.3,1.0,1.0,1.0,0.4553712653265083,0.26666666666666666,1.0,0.26666666666666666,1.0,1.0,1.0,0.4553712653265083,0.24,1.0,0.24,1.0,1.0,1.0,0.4553712653265083,qwen3_4b-dj_adpt,8,webtable-la2m_nopca-v=12-distilroberta-dj_adpt~qwen3_8b-dj_adpt
monthly_data_feed_a.pq,1.0,0.07692307692307693,1.0,0.07692307692307693,1.0,1.0,0.07692307692307693,0.6,0.23076923076923078,1.0,0.38461538461538464,1.0,1.0,0.23076923076923078,0.7,0.5384615384615384,1.0,0.7692307692307693,1.0,1.0,0.42793040293040296,0.6666666666666666,0.7692307692307693,0.8666666666666667,1.0,1.0,1.0,0.5928488178488178,0.65,1.0,0.65,1.0,1.0,1.0,0.7555876313229254,0.52,1.0,0.52,1.0,1.0,1.0,0.7555876313229254,0.43333333333333335,1.0,0.43333333333333335,1.0,1.0,1.0,0.7555876313229254,0.37142857142857144,1.0,0.37142857142857144,1.0,1.0,1.0,0.7555876313229254,0.325,1.0,0.325,1.0,1.0,1.0,0.7555876313229254,0.28888888888888886,1.0,0.28888888888888886,1.0,1.0,1.0,0.7555876313229254,0.26,1.0,0.26,1.0,1.0,1.0,0.7555876313229254,qwen3_4b-dj_adpt,8,webtable-la2m_nopca-v=12-distilroberta-dj_adpt~qwen3_8b-dj_adpt
ipopayments_a.pq,1.0,0.06666666666666667,1.0,0.06666666666666667,1.0,1.0,0.06666666666666667,1.0,0.3333333333333333,1.0,0.3333333333333333,1.0,1.0,0.3333333333333333,1.0,0.6666666666666666,1.0,0.6666666666666666,1.0,1.0,0.6666666666666666,0.8666666666666667,0.8666666666666667,1.0,1.0,1.0,1.0,0.8666666666666667,0.75,1.0,0.75,1.0,1.0,1.0,0.9838235294117648,0.6,1.0,0.6,1.0,1.0,1.0,0.9838235294117648,0.5,1.0,0.5,1.0,1.0,1.0,0.9838235294117648,0.42857142857142855,1.0,0.42857142857142855,1.0,1.0,1.0,0.9838235294117648,0.375,1.0,0.375,1.0,1.0,1.0,0.9838235294117648,0.3333333333333333,1.0,0.3333333333333333,1.0,1.0,1.0,0.9838235294117648,0.3,1.0,0.3,1.0,1.0,1.0,0.9838235294117648,qwen3_4b-dj_adpt,8,webtable-la2m_nopca-v=12-distilroberta-dj_adpt~qwen3_8b-dj_adpt
ydn_spending_data_a.pq,0.0,0.0,1.0,0.08333333333333333,0.0,0.0,0.0,0.2,0.08333333333333333,1.0,0.4166666666666667,1.0,0.3333333333333333,0.027777777777777776,0.1,0.08333333333333333,1.0,0.8333333333333334,1.0,0.3333333333333333,0.027777777777777776,0.06666666666666667,0.08333333333333333,0.8,1.0,1.0,0.3333333333333333,0.027777777777777776,0.1,0.16666666666666666,0.6,1.0,1.0,0.3333333333333333,0.03758169934640523,0.12,0.25,0.48,1.0,1.0,0.3333333333333333,0.04948646125116713,0.1,0.25,0.4,1.0,1.0,0.3333333333333333,0.04948646125116713,0.14285714285714285,0.4166666666666667,0.34285714285714286,1.0,1.0,0.3333333333333333,0.07184237331296155,0.125,0.4166666666666667,0.3,1.0,1.0,0.3333333333333333,0.07184237331296155,0.15555555555555556,0.5833333333333334,0.26666666666666666,1.0,1.0,0.3333333333333333,0.09643324325266871,0.14,0.5833333333333334,0.24,1.0,1.0,0.3333333333333333,0.09643324325266871,qwen3_4b-dj_adpt,8,webtable-la2m_nopca-v=12-distilroberta-dj_adpt~qwen3_8b-dj_adpt
mines_a.pq,1.0,0.07142857142857142,1.0,0.07142857142857142,1.0,1.0,0.07142857142857142,0.6,0.21428571428571427,1.0,0.35714285714285715,1.0,1.0,0.21428571428571427,0.3,0.21428571428571427,1.0,0.7142857142857143,1.0,1.0,0.21428571428571427,0.2,0.21428571428571427,0.9333333333333333,1.0,1.0,1.0,0.21428571428571427,0.2,0.2857142857142857,0.7,1.0,1.0,1.0,0.2285714285714286,0.2,0.35714285714285715,0.56,1.0,1.0,1.0,0.24557823129251702,0.16666666666666666,0.35714285714285715,0.4666666666666667,1.0,1.0,1.0,0.24557823129251702,0.2,0.5,0.4,1.0,1.0,1.0,0.27327112663247116,0.225,0.6428571428571429,0.35,1.0,1.0,1.0,0.30651865988000443,0.2,0.6428571428571429,0.3111111111111111,1.0,1.0,1.0,0.30651865988000443,0.2,0.7142857142857143,0.28,1.0,1.0,1.0,0.32139961226095676,qwen3_4b-dj_adpt,8,webtable-la2m_nopca-v=12-distilroberta-dj_adpt~qwen3_8b-dj_adpt
animal_tag_data_a.pq,1.0,0.08333333333333333,1.0,0.08333333333333333,1.0,1.0,0.08333333333333333,1.0,0.4166666666666667,1.0,0.4166666666666667,1.0,1.0,0.4166666666666667,0.7,0.5833333333333334,1.0,0.8333333333333334,1.0,1.0,0.5610119047619048,0.4666666666666667,0.5833333333333334,0.8,1.0,1.0,1.0,0.5610119047619048,0.35,0.5833333333333334,0.6,1.0,1.0,1.0,0.5610119047619048,0.28,0.5833333333333334,0.48,1.0,1.0,1.0,0.5610119047619048,0.23333333333333334,0.5833333333333334,0.4,1.0,1.0,1.0,0.5610119047619048,0.2857142857142857,0.8333333333333334,0.34285714285714286,1.0,1.0,1.0,0.6290823147440795,0.275,0.9166666666666666,0.3,1.0,1.0,1.0,0.6525865882483529,0.26666666666666666,1.0,0.26666666666666666,1.0,1.0,1.0,0.6753138609756256,0.24,1.0,0.24,1.0,1.0,1.0,0.6753138609756256,qwen3_4b-dj_adpt,8,webtable-la2m_nopca-v=12-distilroberta-dj_adpt~qwen3_8b-dj_adpt
contributors_parties_b.pq,1.0,0.047619047619047616,1.0,0.047619047619047616,1.0,1.0,0.047619047619047616,1.0,0.23809523809523808,1.0,0.23809523809523808,1.0,1.0,0.23809523809523808,1.0,0.47619047619047616,1.0,0.47619047619047616,1.0,1.0,0.47619047619047616,1.0,0.7142857142857143,1.0,0.7142857142857143,1.0,1.0,0.7142857142857143,0.85,0.8095238095238095,1.0,0.9523809523809523,1.0,1.0,0.8095238095238095,0.68,0.8095238095238095,0.84,1.0,1.0,1.0,0.8095238095238095,0.5666666666666667,0.8095238095238095,0.7,1.0,1.0,1.0,0.8095238095238095,0.4857142857142857,0.8095238095238095,0.6,1.0,1.0,1.0,0.8095238095238095,0.425,0.8095238095238095,0.525,1.0,1.0,1.0,0.8095238095238095,0.37777777777777777,0.8095238095238095,0.4666666666666667,1.0,1.0,1.0,0.8095238095238095,0.34,0.8095238095238095,0.42,1.0,1.0,1.0,0.8095238095238095,qwen3_4b-dj_adpt,8,webtable-la2m_nopca-v=12-distilroberta-dj_adpt~qwen3_8b-dj_adpt
ipopayments_b.pq,1.0,0.06666666666666667,1.0,0.06666666666666667,1.0,1.0,0.06666666666666667,1.0,0.3333333333333333,1.0,0.3333333333333333,1.0,1.0,0.3333333333333333,1.0,0.6666666666666666,1.0,0.6666666666666666,1.0,1.0,0.6666666666666666,0.8666666666666667,0.8666666666666667,1.0,1.0,1.0,1.0,0.8666666666666667,0.75,1.0,0.75,1.0,1.0,1.0,0.9838235294117648,0.6,1.0,0.6,1.0,1.0,1.0,0.9838235294117648,0.5,1.0,0.5,1.0,1.0,1.0,0.9838235294117648,0.42857142857142855,1.0,0.42857142857142855,1.0,1.0,1.0,0.9838235294117648,0.375,1.0,0.375,1.0,1.0,1.0,0.9838235294117648,0.3333333333333333,1.0,0.3333333333333333,1.0,1.0,1.0,0.9838235294117648,0.3,1.0,0.3,1.0,1.0,1.0,0.9838235294117648,qwen3_4b-dj_adpt,8,webtable-la2m_nopca-v=12-distilroberta-dj_adpt~qwen3_8b-dj_adpt
workforce_management_information_a.pq,1.0,0.05555555555555555,1.0,0.05555555555555555,1.0,1.0,0.05555555555555555,1.0,0.2777777777777778,1.0,0.2777777777777778,1.0,1.0,0.2777777777777778,1.0,0.5555555555555556,1.0,0.5555555555555556,1.0,1.0,0.5555555555555556,0.8666666666666667,0.7222222222222222,1.0,0.8333333333333334,1.0,1.0,0.7093508343508343,0.65,0.7222222222222222,0.9,1.0,1.0,1.0,0.7093508343508343,0.52,0.7222222222222222,0.72,1.0,1.0,1.0,0.7093508343508343,0.43333333333333335,0.7222222222222222,0.6,1.0,1.0,1.0,0.7093508343508343,0.42857142857142855,0.8333333333333334,0.5142857142857142,1.0,1.0,1.0,0.7560361751538223,0.425,0.9444444444444444,0.45,1.0,1.0,1.0,0.8062530587040391,0.37777777777777777,0.9444444444444444,0.4,1.0,1.0,1.0,0.8062530587040391,0.36,1.0,0.36,1.0,1.0,1.0,0.8262530587040391,qwen3_4b-dj_adpt,8,webtable-la2m_nopca-v=12-distilroberta-dj_adpt~qwen3_8b-dj_adpt
oil_and_gas_summary_production_data_1967_1999_a.pq,1.0,0.09090909090909091,1.0,0.09090909090909091,1.0,1.0,0.09090909090909091,1.0,0.45454545454545453,1.0,0.45454545454545453,1.0,1.0,0.45454545454545453,0.6,0.5454545454545454,1.0,0.9090909090909091,1.0,1.0,0.5227272727272727,0.4,0.5454545454545454,0.7333333333333333,1.0,1.0,1.0,0.5227272727272727,0.3,0.5454545454545454,0.55,1.0,1.0,1.0,0.5227272727272727,0.24,0.5454545454545454,0.44,1.0,1.0,1.0,0.5227272727272727,0.2,0.5454545454545454,0.36666666666666664,1.0,1.0,1.0,0.5227272727272727,0.17142857142857143,0.5454545454545454,0.3142857142857143,1.0,1.0,1.0,0.5227272727272727,0.15,0.5454545454545454,0.275,1.0,1.0,1.0,0.5227272727272727,0.13333333333333333,0.5454545454545454,0.24444444444444444,1.0,1.0,1.0,0.5227272727272727,0.12,0.5454545454545454,0.22,1.0,1.0,1.0,0.5227272727272727,qwen3_4b-dj_adpt,8,webtable-la2m_nopca-v=12-distilroberta-dj_adpt~qwen3_8b-dj_adpt
deaths_2012_2018_a.pq,1.0,0.09090909090909091,1.0,0.09090909090909091,1.0,1.0,0.09090909090909091,1.0,0.45454545454545453,1.0,0.45454545454545453,1.0,1.0,0.45454545454545453,1.0,0.9090909090909091,1.0,0.9090909090909091,1.0,1.0,0.9090909090909091,0.7333333333333333,1.0,0.7333333333333333,1.0,1.0,1.0,0.9924242424242423,0.55,1.0,0.55,1.0,1.0,1.0,0.9924242424242423,0.44,1.0,0.44,1.0,1.0,1.0,0.9924242424242423,0.36666666666666664,1.0,0.36666666666666664,1.0,1.0,1.0,0.9924242424242423,0.3142857142857143,1.0,0.3142857142857143,1.0,1.0,1.0,0.9924242424242423,0.275,1.0,0.275,1.0,1.0,1.0,0.9924242424242423,0.24444444444444444,1.0,0.24444444444444444,1.0,1.0,1.0,0.9924242424242423,0.22,1.0,0.22,1.0,1.0,1.0,0.9924242424242423,qwen3_4b-dj_adpt,8,webtable-la2m_nopca-v=12-distilroberta-dj_adpt~qwen3_8b-dj_adpt
purchasing_card_a.pq,1.0,0.07692307692307693,1.0,0.07692307692307693,1.0,1.0,0.07692307692307693,1.0,0.38461538461538464,1.0,0.38461538461538464,1.0,1.0,0.38461538461538464,0.9,0.6923076923076923,1.0,0.7692307692307693,1.0,1.0,0.6923076923076923,0.8666666666666667,1.0,0.8666666666666667,1.0,1.0,1.0,0.9751850713389175,0.65,1.0,0.65,1.0,1.0,1.0,0.9751850713389175,0.52,1.0,0.52,1.0,1.0,1.0,0.9751850713389175,0.43333333333333335,1.0,0.43333333333333335,1.0,1.0,1.0,0.9751850713389175,0.37142857142857144,1.0,0.37142857142857144,1.0,1.0,1.0,0.9751850713389175,0.325,1.0,0.325,1.0,1.0,1.0,0.9751850713389175,0.28888888888888886,1.0,0.28888888888888886,1.0,1.0,1.0,0.9751850713389175,0.26,1.0,0.26,1.0,1.0,1.0,0.9751850713389175,qwen3_4b-dj_adpt,8,webtable-la2m_nopca-v=12-distilroberta-dj_adpt~qwen3_8b-dj_adpt
cdc_nutrition_physical_activity_and_obesity_legislation_a.pq,1.0,0.09090909090909091,1.0,0.09090909090909091,1.0,1.0,0.09090909090909091,0.2,0.09090909090909091,1.0,0.45454545454545453,1.0,1.0,0.09090909090909091,0.1,0.09090909090909091,1.0,0.9090909090909091,1.0,1.0,0.09090909090909091,0.26666666666666666,0.36363636363636365,0.7333333333333333,1.0,1.0,1.0,0.14861804861804861,0.45,0.8181818181818182,0.55,1.0,1.0,1.0,0.3236528392488145,0.44,1.0,0.44,1.0,1.0,1.0,0.41239742799340323,0.36666666666666664,1.0,0.36666666666666664,1.0,1.0,1.0,0.41239742799340323,0.3142857142857143,1.0,0.3142857142857143,1.0,1.0,1.0,0.41239742799340323,0.275,1.0,0.275,1.0,1.0,1.0,0.41239742799340323,0.24444444444444444,1.0,0.24444444444444444,1.0,1.0,1.0,0.41239742799340323,0.22,1.0,0.22,1.0,1.0,1.0,0.41239742799340323,qwen3_4b-dj_adpt,8,webtable-la2m_nopca-v=12-distilroberta-dj_adpt~qwen3_8b-dj_adpt
albums_b.pq,1.0,0.0625,1.0,0.0625,1.0,1.0,0.0625,1.0,0.3125,1.0,0.3125,1.0,1.0,0.3125,1.0,0.625,1.0,0.625,1.0,1.0,0.625,1.0,0.9375,1.0,0.9375,1.0,1.0,0.9375,0.8,1.0,0.8,1.0,1.0,1.0,1.0,0.64,1.0,0.64,1.0,1.0,1.0,1.0,0.5333333333333333,1.0,0.5333333333333333,1.0,1.0,1.0,1.0,0.45714285714285713,1.0,0.45714285714285713,1.0,1.0,1.0,1.0,0.4,1.0,0.4,1.0,1.0,1.0,1.0,0.35555555555555557,1.0,0.35555555555555557,1.0,1.0,1.0,1.0,0.32,1.0,0.32,1.0,1.0,1.0,1.0,qwen3_4b-dj_adpt,8,webtable-la2m_nopca-v=12-distilroberta-dj_adpt~qwen3_8b-dj_adpt
animal_tag_data_b.pq,1.0,0.08333333333333333,1.0,0.08333333333333333,1.0,1.0,0.08333333333333333,1.0,0.4166666666666667,1.0,0.4166666666666667,1.0,1.0,0.4166666666666667,0.7,0.5833333333333334,1.0,0.8333333333333334,1.0,1.0,0.5833333333333334,0.6666666666666666,0.8333333333333334,0.8,1.0,1.0,1.0,0.7619949494949495,0.5,0.8333333333333334,0.6,1.0,1.0,1.0,0.7619949494949495,0.48,1.0,0.48,1.0,1.0,1.0,0.840189393939394,0.4,1.0,0.4,1.0,1.0,1.0,0.840189393939394,0.34285714285714286,1.0,0.34285714285714286,1.0,1.0,1.0,0.840189393939394,0.3,1.0,0.3,1.0,1.0,1.0,0.840189393939394,0.26666666666666666,1.0,0.26666666666666666,1.0,1.0,1.0,0.840189393939394,0.24,1.0,0.24,1.0,1.0,1.0,0.840189393939394,qwen3_4b-dj_adpt,8,webtable-la2m_nopca-v=12-distilroberta-dj_adpt~qwen3_8b-dj_adpt
complaint_by_practice_a.pq,1.0,0.07692307692307693,1.0,0.07692307692307693,1.0,1.0,0.07692307692307693,0.8,0.3076923076923077,1.0,0.38461538461538464,1.0,1.0,0.3076923076923077,0.7,0.5384615384615384,1.0,0.7692307692307693,1.0,1.0,0.46089743589743587,0.8,0.9230769230769231,0.8666666666666667,1.0,1.0,1.0,0.7556834191449576,0.65,1.0,0.65,1.0,1.0,1.0,0.8181834191449576,0.52,1.0,0.52,1.0,1.0,1.0,0.8181834191449576,0.43333333333333335,1.0,0.43333333333333335,1.0,1.0,1.0,0.8181834191449576,0.37142857142857144,1.0,0.37142857142857144,1.0,1.0,1.0,0.8181834191449576,0.325,1.0,0.325,1.0,1.0,1.0,0.8181834191449576,0.28888888888888886,1.0,0.28888888888888886,1.0,1.0,1.0,0.8181834191449576,0.26,1.0,0.26,1.0,1.0,1.0,0.8181834191449576,qwen3_4b-dj_adpt,8,webtable-la2m_nopca-v=12-distilroberta-dj_adpt~qwen3_8b-dj_adpt
data_mill_b.pq,1.0,0.07142857142857142,1.0,0.07142857142857142,1.0,1.0,0.07142857142857142,1.0,0.35714285714285715,1.0,0.35714285714285715,1.0,1.0,0.35714285714285715,1.0,0.7142857142857143,1.0,0.7142857142857143,1.0,1.0,0.7142857142857143,0.9333333333333333,1.0,0.9333333333333333,1.0,1.0,1.0,1.0,0.7,1.0,0.7,1.0,1.0,1.0,1.0,0.56,1.0,0.56,1.0,1.0,1.0,1.0,0.4666666666666667,1.0,0.4666666666666667,1.0,1.0,1.0,1.0,0.4,1.0,0.4,1.0,1.0,1.0,1.0,0.35,1.0,0.35,1.0,1.0,1.0,1.0,0.3111111111111111,1.0,0.3111111111111111,1.0,1.0,1.0,1.0,0.28,1.0,0.28,1.0,1.0,1.0,1.0,qwen3_4b-dj_adpt,8,webtable-la2m_nopca-v=12-distilroberta-dj_adpt~qwen3_8b-dj_adpt
contributors_parties_a.pq,1.0,0.047619047619047616,1.0,0.047619047619047616,1.0,1.0,0.047619047619047616,1.0,0.23809523809523808,1.0,0.23809523809523808,1.0,1.0,0.23809523809523808,1.0,0.47619047619047616,1.0,0.47619047619047616,1.0,1.0,0.47619047619047616,1.0,0.7142857142857143,1.0,0.7142857142857143,1.0,1.0,0.7142857142857143,0.95,0.9047619047619048,1.0,0.9523809523809523,1.0,1.0,0.899874686716792,0.84,1.0,0.84,1.0,1.0,1.0,0.99068070609424,0.7,1.0,0.7,1.0,1.0,1.0,0.99068070609424,0.6,1.0,0.6,1.0,1.0,1.0,0.99068070609424,0.525,1.0,0.525,1.0,1.0,1.0,0.99068070609424,0.4666666666666667,1.0,0.4666666666666667,1.0,1.0,1.0,0.99068070609424,0.42,1.0,0.42,1.0,1.0,1.0,0.99068070609424,qwen3_4b-dj_adpt,8,webtable-la2m_nopca-v=12-distilroberta-dj_adpt~qwen3_8b-dj_adpt
job_pay_scales_a.pq,1.0,0.06666666666666667,1.0,0.06666666666666667,1.0,1.0,0.06666666666666667,1.0,0.3333333333333333,1.0,0.3333333333333333,1.0,1.0,0.3333333333333333,0.8,0.5333333333333333,1.0,0.6666666666666666,1.0,1.0,0.5259259259259259,0.6666666666666666,0.6666666666666666,1.0,1.0,1.0,1.0,0.6360269360269359,0.5,0.6666666666666666,0.75,1.0,1.0,1.0,0.6360269360269359,0.4,0.6666666666666666,0.6,1.0,1.0,1.0,0.6360269360269359,0.36666666666666664,0.7333333333333333,0.5,1.0,1.0,1.0,0.6622174122174123,0.37142857142857144,0.8666666666666667,0.42857142857142855,1.0,1.0,1.0,0.7119500325382678,0.325,0.8666666666666667,0.375,1.0,1.0,1.0,0.7119500325382678,0.3333333333333333,1.0,0.3333333333333333,1.0,1.0,1.0,0.758523783990068,0.3,1.0,0.3,1.0,1.0,1.0,0.758523783990068,qwen3_4b-dj_adpt,8,webtable-la2m_nopca-v=12-distilroberta-dj_adpt~qwen3_8b-dj_adpt
311_calls_historic_data_a.pq,1.0,0.09090909090909091,1.0,0.09090909090909091,1.0,1.0,0.09090909090909091,0.6,0.2727272727272727,1.0,0.45454545454545453,1.0,1.0,0.19090909090909092,0.5,0.45454545454545453,1.0,0.9090909090909091,1.0,1.0,0.3164502164502165,0.6666666666666666,0.9090909090909091,0.7333333333333333,1.0,1.0,1.0,0.5940589713316986,0.5,0.9090909090909091,0.55,1.0,1.0,1.0,0.5940589713316986,0.4,0.9090909090909091,0.44,1.0,1.0,1.0,0.5940589713316986,0.3333333333333333,0.9090909090909091,0.36666666666666664,1.0,1.0,1.0,0.5940589713316986,0.2857142857142857,0.9090909090909091,0.3142857142857143,1.0,1.0,1.0,0.5940589713316986,0.25,0.9090909090909091,0.275,1.0,1.0,1.0,0.5940589713316986,0.24444444444444444,1.0,0.24444444444444444,1.0,1.0,1.0,0.6184492152341377,0.22,1.0,0.22,1.0,1.0,1.0,0.6184492152341377,qwen3_4b-dj_adpt,8,webtable-la2m_nopca-v=12-distilroberta-dj_adpt~qwen3_8b-dj_adpt
data_mill_a.pq,1.0,0.07142857142857142,1.0,0.07142857142857142,1.0,1.0,0.07142857142857142,0.8,0.2857142857142857,1.0,0.35714285714285715,1.0,1.0,0.2714285714285714,0.9,0.6428571428571429,1.0,0.7142857142857143,1.0,1.0,0.5824546485260772,0.8,0.8571428571428571,0.9333333333333333,1.0,1.0,1.0,0.7740903937332508,0.65,0.9285714285714286,0.7,1.0,1.0,1.0,0.8256776953205524,0.56,1.0,0.56,1.0,1.0,1.0,0.8673443619872191,0.4666666666666667,1.0,0.4666666666666667,1.0,1.0,1.0,0.8673443619872191,0.4,1.0,0.4,1.0,1.0,1.0,0.8673443619872191,0.35,1.0,0.35,1.0,1.0,1.0,0.8673443619872191,0.3111111111111111,1.0,0.3111111111111111,1.0,1.0,1.0,0.8673443619872191,0.28,1.0,0.28,1.0,1.0,1.0,0.8673443619872191,qwen3_4b-dj_adpt,8,webtable-la2m_nopca-v=12-distilroberta-dj_adpt~qwen3_8b-dj_adpt
civic_building_locations_a.pq,1.0,0.08333333333333333,1.0,0.08333333333333333,1.0,1.0,0.08333333333333333,1.0,0.4166666666666667,1.0,0.4166666666666667,1.0,1.0,0.4166666666666667,0.5,0.4166666666666667,1.0,0.8333333333333334,1.0,1.0,0.4166666666666667,0.5333333333333333,0.6666666666666666,0.8,1.0,1.0,1.0,0.5476495726495726,0.6,1.0,0.6,1.0,1.0,1.0,0.7444701064186359,0.48,1.0,0.48,1.0,1.0,1.0,0.7444701064186359,0.4,1.0,0.4,1.0,1.0,1.0,0.7444701064186359,0.34285714285714286,1.0,0.34285714285714286,1.0,1.0,1.0,0.7444701064186359,0.3,1.0,0.3,1.0,1.0,1.0,0.7444701064186359,0.26666666666666666,1.0,0.26666666666666666,1.0,1.0,1.0,0.7444701064186359,0.24,1.0,0.24,1.0,1.0,1.0,0.7444701064186359,qwen3_4b-dj_adpt,8,webtable-la2m_nopca-v=12-distilroberta-dj_adpt~qwen3_8b-dj_adpt
film_locations_in_san_francisco_a.pq,1.0,0.07692307692307693,1.0,0.07692307692307693,1.0,1.0,0.07692307692307693,1.0,0.38461538461538464,1.0,0.38461538461538464,1.0,1.0,0.38461538461538464,1.0,0.7692307692307693,1.0,0.7692307692307693,1.0,1.0,0.7692307692307693,0.8,0.9230769230769231,0.8666666666666667,1.0,1.0,1.0,0.9171597633136095,0.6,0.9230769230769231,0.65,1.0,1.0,1.0,0.9171597633136095,0.48,0.9230769230769231,0.52,1.0,1.0,1.0,0.9171597633136095,0.43333333333333335,1.0,0.43333333333333335,1.0,1.0,1.0,0.9504930966469428,0.37142857142857144,1.0,0.37142857142857144,1.0,1.0,1.0,0.9504930966469428,0.325,1.0,0.325,1.0,1.0,1.0,0.9504930966469428,0.28888888888888886,1.0,0.28888888888888886,1.0,1.0,1.0,0.9504930966469428,0.26,1.0,0.26,1.0,1.0,1.0,0.9504930966469428,qwen3_4b-dj_adpt,8,webtable-la2m_nopca-v=12-distilroberta-dj_adpt~qwen3_8b-dj_adpt
immigration_records_a.pq,1.0,0.0625,1.0,0.0625,1.0,1.0,0.0625,1.0,0.3125,1.0,0.3125,1.0,1.0,0.3125,0.7,0.4375,1.0,0.625,1.0,1.0,0.4375,0.5333333333333333,0.5,1.0,0.9375,1.0,1.0,0.4732142857142857,0.45,0.5625,0.8,1.0,1.0,1.0,0.5028195488721805,0.4,0.625,0.64,1.0,1.0,1.0,0.5312286397812713,0.3333333333333333,0.625,0.5333333333333333,1.0,1.0,1.0,0.5312286397812713,0.2857142857142857,0.625,0.45714285714285713,1.0,1.0,1.0,0.5312286397812713,0.275,0.6875,0.4,1.0,1.0,1.0,0.5484161397812714,0.24444444444444444,0.6875,0.35555555555555557,1.0,1.0,1.0,0.5484161397812714,0.22,0.6875,0.32,1.0,1.0,1.0,0.5484161397812714,qwen3_4b-dj_adpt,8,webtable-la2m_nopca-v=12-distilroberta-dj_adpt~qwen3_8b-dj_adpt
psyckes_antipsychotic_polypharmacy_quality_indicators_beginning_2012_a.pq,1.0,0.09090909090909091,1.0,0.09090909090909091,1.0,1.0,0.09090909090909091,0.8,0.36363636363636365,1.0,0.45454545454545453,1.0,1.0,0.2924242424242424,0.9,0.8181818181818182,1.0,0.9090909090909091,1.0,1.0,0.6882756132756133,0.7333333333333333,1.0,0.7333333333333333,1.0,1.0,1.0,0.8478433182978637,0.55,1.0,0.55,1.0,1.0,1.0,0.8478433182978637,0.44,1.0,0.44,1.0,1.0,1.0,0.8478433182978637,0.36666666666666664,1.0,0.36666666666666664,1.0,1.0,1.0,0.8478433182978637,0.3142857142857143,1.0,0.3142857142857143,1.0,1.0,1.0,0.8478433182978637,0.275,1.0,0.275,1.0,1.0,1.0,0.8478433182978637,0.24444444444444444,1.0,0.24444444444444444,1.0,1.0,1.0,0.8478433182978637,0.22,1.0,0.22,1.0,1.0,1.0,0.8478433182978637,qwen3_4b-dj_adpt,8,webtable-la2m_nopca-v=12-distilroberta-dj_adpt~qwen3_8b-dj_adpt
practice_reference_a.pq,1.0,0.06666666666666667,1.0,0.06666666666666667,1.0,1.0,0.06666666666666667,1.0,0.3333333333333333,1.0,0.3333333333333333,1.0,1.0,0.3333333333333333,1.0,0.6666666666666666,1.0,0.6666666666666666,1.0,1.0,0.6666666666666666,0.6666666666666666,0.6666666666666666,1.0,1.0,1.0,1.0,0.6666666666666666,0.65,0.8666666666666667,0.75,1.0,1.0,1.0,0.7979385964912281,0.56,0.9333333333333333,0.6,1.0,1.0,1.0,0.8385183066361556,0.4666666666666667,0.9333333333333333,0.5,1.0,1.0,1.0,0.8385183066361556,0.42857142857142855,1.0,0.42857142857142855,1.0,1.0,1.0,0.8679300713420379,0.375,1.0,0.375,1.0,1.0,1.0,0.8679300713420379,0.3333333333333333,1.0,0.3333333333333333,1.0,1.0,1.0,0.8679300713420379,0.3,1.0,0.3,1.0,1.0,1.0,0.8679300713420379,qwen3_4b-dj_adpt,8,webtable-la2m_nopca-v=12-distilroberta-dj_adpt~qwen3_8b-dj_adpt
monthly_data_feed_b.pq,1.0,0.07692307692307693,1.0,0.07692307692307693,1.0,1.0,0.07692307692307693,0.6,0.23076923076923078,1.0,0.38461538461538464,1.0,1.0,0.2,0.5,0.38461538461538464,1.0,0.7692307692307693,1.0,1.0,0.2726495726495726,0.6666666666666666,0.7692307692307693,0.8666666666666667,1.0,1.0,1.0,0.5075492883185191,0.65,1.0,0.65,1.0,1.0,1.0,0.6702881017926268,0.52,1.0,0.52,1.0,1.0,1.0,0.6702881017926268,0.43333333333333335,1.0,0.43333333333333335,1.0,1.0,1.0,0.6702881017926268,0.37142857142857144,1.0,0.37142857142857144,1.0,1.0,1.0,0.6702881017926268,0.325,1.0,0.325,1.0,1.0,1.0,0.6702881017926268,0.28888888888888886,1.0,0.28888888888888886,1.0,1.0,1.0,0.6702881017926268,0.26,1.0,0.26,1.0,1.0,1.0,0.6702881017926268,qwen3_4b-dj_adpt,8,webtable-la2m_nopca-v=12-distilroberta-dj_adpt~qwen3_8b-dj_adpt
time_spent_watching_vcr_movies_a.pq,1.0,0.09090909090909091,1.0,0.09090909090909091,1.0,1.0,0.09090909090909091,0.2,0.09090909090909091,1.0,0.45454545454545453,1.0,1.0,0.09090909090909091,0.5,0.45454545454545453,1.0,0.9090909090909091,1.0,1.0,0.23683261183261184,0.5333333333333333,0.7272727272727273,0.7333333333333333,1.0,1.0,1.0,0.3953937476664749,0.55,1.0,0.55,1.0,1.0,1.0,0.5555616026872712,0.44,1.0,0.44,1.0,1.0,1.0,0.5555616026872712,0.36666666666666664,1.0,0.36666666666666664,1.0,1.0,1.0,0.5555616026872712,0.3142857142857143,1.0,0.3142857142857143,1.0,1.0,1.0,0.5555616026872712,0.275,1.0,0.275,1.0,1.0,1.0,0.5555616026872712,0.24444444444444444,1.0,0.24444444444444444,1.0,1.0,1.0,0.5555616026872712,0.22,1.0,0.22,1.0,1.0,1.0,0.5555616026872712,qwen3_4b-dj_adpt,8,webtable-la2m_nopca-v=12-distilroberta-dj_adpt~qwen3_8b-dj_adpt
wholesale_markets_a.pq,1.0,0.09090909090909091,1.0,0.09090909090909091,1.0,1.0,0.09090909090909091,0.2,0.09090909090909091,1.0,0.45454545454545453,1.0,1.0,0.09090909090909091,0.1,0.09090909090909091,1.0,0.9090909090909091,1.0,1.0,0.09090909090909091,0.06666666666666667,0.09090909090909091,0.7333333333333333,1.0,1.0,1.0,0.09090909090909091,0.05,0.09090909090909091,0.55,1.0,1.0,1.0,0.09090909090909091,0.04,0.09090909090909091,0.44,1.0,1.0,1.0,0.09090909090909091,0.03333333333333333,0.09090909090909091,0.36666666666666664,1.0,1.0,1.0,0.09090909090909091,0.02857142857142857,0.09090909090909091,0.3142857142857143,1.0,1.0,1.0,0.09090909090909091,0.025,0.09090909090909091,0.275,1.0,1.0,1.0,0.09090909090909091,0.022222222222222223,0.09090909090909091,0.24444444444444444,1.0,1.0,1.0,0.09090909090909091,0.02,0.09090909090909091,0.22,1.0,1.0,1.0,0.09090909090909091,qwen3_4b-dj_adpt,8,webtable-la2m_nopca-v=12-distilroberta-dj_adpt~qwen3_8b-dj_adpt
stockport_contracts_a.pq,1.0,0.07692307692307693,1.0,0.07692307692307693,1.0,1.0,0.07692307692307693,0.6,0.23076923076923078,1.0,0.38461538461538464,1.0,1.0,0.17435897435897435,0.3,0.23076923076923078,1.0,0.7692307692307693,1.0,1.0,0.17435897435897435,0.2,0.23076923076923078,0.8666666666666667,1.0,1.0,1.0,0.17435897435897435,0.2,0.3076923076923077,0.65,1.0,1.0,1.0,0.19055330634278,0.2,0.38461538461538464,0.52,1.0,1.0,1.0,0.20657894736842103,0.16666666666666666,0.38461538461538464,0.43333333333333335,1.0,1.0,1.0,0.20657894736842103,0.14285714285714285,0.38461538461538464,0.37142857142857144,1.0,1.0,1.0,0.20657894736842103,0.175,0.5384615384615384,0.325,1.0,1.0,1.0,0.23286099865047233,0.2,0.6923076923076923,0.28888888888888886,1.0,1.0,1.0,0.2639705584043883,0.22,0.8461538461538461,0.26,1.0,1.0,1.0,0.29796537564388637,qwen3_4b-dj_adpt,8,webtable-la2m_nopca-v=12-distilroberta-dj_adpt~qwen3_8b-dj_adpt
lane_description_a.pq,1.0,0.0625,1.0,0.0625,1.0,1.0,0.0625,1.0,0.3125,1.0,0.3125,1.0,1.0,0.3125,1.0,0.625,1.0,0.625,1.0,1.0,0.625,1.0,0.9375,1.0,0.9375,1.0,1.0,0.9375,0.8,1.0,0.8,1.0,1.0,1.0,1.0,0.64,1.0,0.64,1.0,1.0,1.0,1.0,0.5333333333333333,1.0,0.5333333333333333,1.0,1.0,1.0,1.0,0.45714285714285713,1.0,0.45714285714285713,1.0,1.0,1.0,1.0,0.4,1.0,0.4,1.0,1.0,1.0,1.0,0.35555555555555557,1.0,0.35555555555555557,1.0,1.0,1.0,1.0,0.32,1.0,0.32,1.0,1.0,1.0,1.0,qwen3_4b-dj_adpt,8,webtable-la2m_nopca-v=12-distilroberta-dj_adpt~qwen3_8b-dj_adpt
lane_description_b.pq,1.0,0.0625,1.0,0.0625,1.0,1.0,0.0625,1.0,0.3125,1.0,0.3125,1.0,1.0,0.3125,1.0,0.625,1.0,0.625,1.0,1.0,0.625,1.0,0.9375,1.0,0.9375,1.0,1.0,0.9375,0.8,1.0,0.8,1.0,1.0,1.0,1.0,0.64,1.0,0.64,1.0,1.0,1.0,1.0,0.5333333333333333,1.0,0.5333333333333333,1.0,1.0,1.0,1.0,0.45714285714285713,1.0,0.45714285714285713,1.0,1.0,1.0,1.0,0.4,1.0,0.4,1.0,1.0,1.0,1.0,0.35555555555555557,1.0,0.35555555555555557,1.0,1.0,1.0,1.0,0.32,1.0,0.32,1.0,1.0,1.0,1.0,qwen3_4b-dj_adpt,8,webtable-la2m_nopca-v=12-distilroberta-dj_adpt~qwen3_8b-dj_adpt
minister_meetings_a.pq,1.0,0.1,1.0,0.1,1.0,1.0,0.1,0.6,0.3,1.0,0.5,1.0,1.0,0.3,0.4,0.4,1.0,1.0,1.0,1.0,0.3571428571428571,0.26666666666666666,0.4,0.6666666666666666,1.0,1.0,1.0,0.3571428571428571,0.3,0.6,0.5,1.0,1.0,1.0,0.41988795518207284,0.28,0.7,0.4,1.0,1.0,1.0,0.4517061370002547,0.23333333333333334,0.7,0.3333333333333333,1.0,1.0,1.0,0.4517061370002547,0.2,0.7,0.2857142857142857,1.0,1.0,1.0,0.4517061370002547,0.175,0.7,0.25,1.0,1.0,1.0,0.4517061370002547,0.15555555555555556,0.7,0.2222222222222222,1.0,1.0,1.0,0.4517061370002547,0.14,0.7,0.2,1.0,1.0,1.0,0.4517061370002547,qwen3_4b-dj_adpt,8,webtable-la2m_nopca-v=12-distilroberta-dj_adpt~qwen3_8b-dj_adpt
prescribing_b.pq,1.0,0.06666666666666667,1.0,0.06666666666666667,1.0,1.0,0.06666666666666667,1.0,0.3333333333333333,1.0,0.3333333333333333,1.0,1.0,0.3333333333333333,1.0,0.6666666666666666,1.0,0.6666666666666666,1.0,1.0,0.6666666666666666,0.9333333333333333,0.9333333333333333,1.0,1.0,1.0,1.0,0.9333333333333333,0.75,1.0,0.75,1.0,1.0,1.0,0.9888888888888889,0.6,1.0,0.6,1.0,1.0,1.0,0.9888888888888889,0.5,1.0,0.5,1.0,1.0,1.0,0.9888888888888889,0.42857142857142855,1.0,0.42857142857142855,1.0,1.0,1.0,0.9888888888888889,0.375,1.0,0.375,1.0,1.0,1.0,0.9888888888888889,0.3333333333333333,1.0,0.3333333333333333,1.0,1.0,1.0,0.9888888888888889,0.3,1.0,0.3,1.0,1.0,1.0,0.9888888888888889,qwen3_4b-dj_adpt,8,webtable-la2m_nopca-v=12-distilroberta-dj_adpt~qwen3_8b-dj_adpt
biodiversity_a.pq,1.0,0.09090909090909091,1.0,0.09090909090909091,1.0,1.0,0.09090909090909091,1.0,0.45454545454545453,1.0,0.45454545454545453,1.0,1.0,0.45454545454545453,0.7,0.6363636363636364,1.0,0.9090909090909091,1.0,1.0,0.6363636363636364,0.5333333333333333,0.7272727272727273,0.7333333333333333,1.0,1.0,1.0,0.7024793388429752,0.4,0.7272727272727273,0.55,1.0,1.0,1.0,0.7024793388429752,0.36,0.8181818181818182,0.44,1.0,1.0,1.0,0.735206611570248,0.3,0.8181818181818182,0.36666666666666664,1.0,1.0,1.0,0.735206611570248,0.2571428571428571,0.8181818181818182,0.3142857142857143,1.0,1.0,1.0,0.735206611570248,0.225,0.8181818181818182,0.275,1.0,1.0,1.0,0.735206611570248,0.2,0.8181818181818182,0.24444444444444444,1.0,1.0,1.0,0.735206611570248,0.18,0.8181818181818182,0.22,1.0,1.0,1.0,0.735206611570248,qwen3_4b-dj_adpt,8,webtable-la2m_nopca-v=12-distilroberta-dj_adpt~qwen3_8b-dj_adpt
cihr_co-applicant_a.pq,1.0,0.08333333333333333,1.0,0.08333333333333333,1.0,1.0,0.08333333333333333,0.2,0.08333333333333333,1.0,0.4166666666666667,1.0,1.0,0.08333333333333333,0.3,0.25,1.0,0.8333333333333334,1.0,1.0,0.12685185185185185,0.4666666666666667,0.5833333333333334,0.8,1.0,1.0,1.0,0.2638093388093388,0.45,0.75,0.6,1.0,1.0,1.0,0.34469169175051523,0.48,1.0,0.48,1.0,1.0,1.0,0.46589597056348975,0.4,1.0,0.4,1.0,1.0,1.0,0.46589597056348975,0.34285714285714286,1.0,0.34285714285714286,1.0,1.0,1.0,0.46589597056348975,0.3,1.0,0.3,1.0,1.0,1.0,0.46589597056348975,0.26666666666666666,1.0,0.26666666666666666,1.0,1.0,1.0,0.46589597056348975,0.24,1.0,0.24,1.0,1.0,1.0,0.46589597056348975,qwen3_4b-dj_adpt,8,webtable-la2m_nopca-v=12-distilroberta-dj_adpt~qwen3_8b-dj_adpt
senior_officials_expenses_a.pq,1.0,0.09090909090909091,1.0,0.09090909090909091,1.0,1.0,0.09090909090909091,1.0,0.45454545454545453,1.0,0.45454545454545453,1.0,1.0,0.45454545454545453,1.0,0.9090909090909091,1.0,0.9090909090909091,1.0,1.0,0.9090909090909091,0.6666666666666666,0.9090909090909091,0.7333333333333333,1.0,1.0,1.0,0.9090909090909091,0.5,0.9090909090909091,0.55,1.0,1.0,1.0,0.9090909090909091,0.4,0.9090909090909091,0.44,1.0,1.0,1.0,0.9090909090909091,0.3333333333333333,0.9090909090909091,0.36666666666666664,1.0,1.0,1.0,0.9090909090909091,0.2857142857142857,0.9090909090909091,0.3142857142857143,1.0,1.0,1.0,0.9090909090909091,0.25,0.9090909090909091,0.275,1.0,1.0,1.0,0.9090909090909091,0.2222222222222222,0.9090909090909091,0.24444444444444444,1.0,1.0,1.0,0.9090909090909091,0.2,0.9090909090909091,0.22,1.0,1.0,1.0,0.9090909090909091,qwen3_4b-dj_adpt,8,webtable-la2m_nopca-v=12-distilroberta-dj_adpt~qwen3_8b-dj_adpt
workforce_management_information_b.pq,1.0,0.05555555555555555,1.0,0.05555555555555555,1.0,1.0,0.05555555555555555,1.0,0.2777777777777778,1.0,0.2777777777777778,1.0,1.0,0.2777777777777778,1.0,0.5555555555555556,1.0,0.5555555555555556,1.0,1.0,0.5555555555555556,0.8666666666666667,0.7222222222222222,1.0,0.8333333333333334,1.0,1.0,0.7222222222222222,0.85,0.9444444444444444,0.9,1.0,1.0,1.0,0.913858789129687,0.72,1.0,0.72,1.0,1.0,1.0,0.9614778367487347,0.6,1.0,0.6,1.0,1.0,1.0,0.9614778367487347,0.5142857142857142,1.0,0.5142857142857142,1.0,1.0,1.0,0.9614778367487347,0.45,1.0,0.45,1.0,1.0,1.0,0.9614778367487347,0.4,1.0,0.4,1.0,1.0,1.0,0.9614778367487347,0.36,1.0,0.36,1.0,1.0,1.0,0.9614778367487347,kalm_gemma3_12b-dj_adpt,9,webtable-la2m_nopca-v=12-distilroberta-dj_adpt~qwen3_8b-dj_adpt
animal_tag_data_b.pq,1.0,0.08333333333333333,1.0,0.08333333333333333,1.0,1.0,0.08333333333333333,1.0,0.4166666666666667,1.0,0.4166666666666667,1.0,1.0,0.4166666666666667,0.5,0.4166666666666667,1.0,0.8333333333333334,1.0,1.0,0.4166666666666667,0.3333333333333333,0.4166666666666667,0.8,1.0,1.0,1.0,0.4166666666666667,0.25,0.4166666666666667,0.6,1.0,1.0,1.0,0.4166666666666667,0.2,0.4166666666666667,0.48,1.0,1.0,1.0,0.4166666666666667,0.2,0.5,0.4,1.0,1.0,1.0,0.43333333333333335,0.2857142857142857,0.8333333333333334,0.34285714285714286,1.0,1.0,1.0,0.5176328675409557,0.25,0.8333333333333334,0.3,1.0,1.0,1.0,0.5176328675409557,0.2222222222222222,0.8333333333333334,0.26666666666666666,1.0,1.0,1.0,0.5176328675409557,0.22,0.9166666666666666,0.24,1.0,1.0,1.0,0.5359662008742891,kalm_gemma3_12b-dj_adpt,9,webtable-la2m_nopca-v=12-distilroberta-dj_adpt~qwen3_8b-dj_adpt
ipopayments_a.pq,1.0,0.06666666666666667,1.0,0.06666666666666667,1.0,1.0,0.06666666666666667,0.6,0.2,1.0,0.3333333333333333,1.0,1.0,0.2,0.4,0.26666666666666666,1.0,0.6666666666666666,1.0,1.0,0.22666666666666666,0.26666666666666666,0.26666666666666666,1.0,1.0,1.0,1.0,0.22666666666666666,0.25,0.3333333333333333,0.75,1.0,1.0,1.0,0.24421052631578946,0.36,0.6,0.6,1.0,1.0,1.0,0.33265867237263114,0.3,0.6,0.5,1.0,1.0,1.0,0.33265867237263114,0.2571428571428571,0.6,0.42857142857142855,1.0,1.0,1.0,0.33265867237263114,0.225,0.6,0.375,1.0,1.0,1.0,0.33265867237263114,0.24444444444444444,0.7333333333333333,0.3333333333333333,1.0,1.0,1.0,0.36410648382044264,0.28,0.9333333333333333,0.3,1.0,1.0,1.0,0.4186041711469921,kalm_gemma3_12b-dj_adpt,9,webtable-la2m_nopca-v=12-distilroberta-dj_adpt~qwen3_8b-dj_adpt
mines_a.pq,1.0,0.07142857142857142,1.0,0.07142857142857142,1.0,1.0,0.07142857142857142,1.0,0.35714285714285715,1.0,0.35714285714285715,1.0,1.0,0.35714285714285715,0.9,0.6428571428571429,1.0,0.7142857142857143,1.0,1.0,0.6357142857142858,0.6666666666666666,0.7142857142857143,0.9333333333333333,1.0,1.0,1.0,0.6906593406593406,0.6,0.8571428571428571,0.7,1.0,1.0,1.0,0.7794229162650215,0.48,0.8571428571428571,0.56,1.0,1.0,1.0,0.7794229162650215,0.4,0.8571428571428571,0.4666666666666667,1.0,1.0,1.0,0.7794229162650215,0.34285714285714286,0.8571428571428571,0.4,1.0,1.0,1.0,0.7794229162650215,0.3,0.8571428571428571,0.35,1.0,1.0,1.0,0.7794229162650215,0.26666666666666666,0.8571428571428571,0.3111111111111111,1.0,1.0,1.0,0.7794229162650215,0.24,0.8571428571428571,0.28,1.0,1.0,1.0,0.7794229162650215,kalm_gemma3_12b-dj_adpt,9,webtable-la2m_nopca-v=12-distilroberta-dj_adpt~qwen3_8b-dj_adpt
animal_tag_data_a.pq,1.0,0.08333333333333333,1.0,0.08333333333333333,1.0,1.0,0.08333333333333333,0.2,0.08333333333333333,1.0,0.4166666666666667,1.0,1.0,0.08333333333333333,0.1,0.08333333333333333,1.0,0.8333333333333334,1.0,1.0,0.08333333333333333,0.26666666666666666,0.3333333333333333,0.8,1.0,1.0,1.0,0.13867521367521368,0.3,0.5,0.6,1.0,1.0,1.0,0.1941286450477627,0.24,0.5,0.48,1.0,1.0,1.0,0.1941286450477627,0.2,0.5,0.4,1.0,1.0,1.0,0.1941286450477627,0.17142857142857143,0.5,0.34285714285714286,1.0,1.0,1.0,0.1941286450477627,0.15,0.5,0.3,1.0,1.0,1.0,0.1941286450477627,0.13333333333333333,0.5,0.26666666666666666,1.0,1.0,1.0,0.1941286450477627,0.12,0.5,0.24,1.0,1.0,1.0,0.1941286450477627,kalm_gemma3_12b-dj_adpt,9,webtable-la2m_nopca-v=12-distilroberta-dj_adpt~qwen3_8b-dj_adpt
data_mill_a.pq,1.0,0.07142857142857142,1.0,0.07142857142857142,1.0,1.0,0.07142857142857142,0.4,0.14285714285714285,1.0,0.35714285714285715,1.0,1.0,0.14285714285714285,0.2,0.14285714285714285,1.0,0.7142857142857143,1.0,1.0,0.14285714285714285,0.13333333333333333,0.14285714285714285,0.9333333333333333,1.0,1.0,1.0,0.14285714285714285,0.25,0.35714285714285715,0.7,1.0,1.0,1.0,0.19013219322816846,0.2,0.35714285714285715,0.56,1.0,1.0,1.0,0.19013219322816846,0.2,0.42857142857142855,0.4666666666666667,1.0,1.0,1.0,0.20600520910118433,0.2,0.5,0.4,1.0,1.0,1.0,0.22115672425269947,0.2,0.5714285714285714,0.35,1.0,1.0,1.0,0.23619431823766188,0.17777777777777778,0.5714285714285714,0.3111111111111111,1.0,1.0,1.0,0.23619431823766188,0.16,0.5714285714285714,0.28,1.0,1.0,1.0,0.23619431823766188,kalm_gemma3_12b-dj_adpt,9,webtable-la2m_nopca-v=12-distilroberta-dj_adpt~qwen3_8b-dj_adpt
civic_building_locations_a.pq,1.0,0.08333333333333333,1.0,0.08333333333333333,1.0,1.0,0.08333333333333333,0.8,0.3333333333333333,1.0,0.4166666666666667,1.0,1.0,0.3333333333333333,0.4,0.3333333333333333,1.0,0.8333333333333334,1.0,1.0,0.3333333333333333,0.3333333333333333,0.4166666666666667,0.8,1.0,1.0,1.0,0.3680555555555556,0.25,0.4166666666666667,0.6,1.0,1.0,1.0,0.3680555555555556,0.24,0.5,0.48,1.0,1.0,1.0,0.39186507936507936,0.2,0.5,0.4,1.0,1.0,1.0,0.39186507936507936,0.17142857142857143,0.5,0.34285714285714286,1.0,1.0,1.0,0.39186507936507936,0.15,0.5,0.3,1.0,1.0,1.0,0.39186507936507936,0.13333333333333333,0.5,0.26666666666666666,1.0,1.0,1.0,0.39186507936507936,0.12,0.5,0.24,1.0,1.0,1.0,0.39186507936507936,kalm_gemma3_12b-dj_adpt,9,webtable-la2m_nopca-v=12-distilroberta-dj_adpt~qwen3_8b-dj_adpt
complaint_by_practice_b.pq,1.0,0.07692307692307693,1.0,0.07692307692307693,1.0,1.0,0.07692307692307693,0.6,0.23076923076923078,1.0,0.38461538461538464,1.0,1.0,0.23076923076923078,0.4,0.3076923076923077,1.0,0.7692307692307693,1.0,1.0,0.26153846153846155,0.6,0.6923076923076923,0.8666666666666667,1.0,1.0,1.0,0.46649504341812037,0.6,0.9230769230769231,0.65,1.0,1.0,1.0,0.6156277734332034,0.48,0.9230769230769231,0.52,1.0,1.0,1.0,0.6156277734332034,0.43333333333333335,1.0,0.43333333333333335,1.0,1.0,1.0,0.651342059147489,0.37142857142857144,1.0,0.37142857142857144,1.0,1.0,1.0,0.651342059147489,0.325,1.0,0.325,1.0,1.0,1.0,0.651342059147489,0.28888888888888886,1.0,0.28888888888888886,1.0,1.0,1.0,0.651342059147489,0.26,1.0,0.26,1.0,1.0,1.0,0.651342059147489,kalm_gemma3_12b-dj_adpt,9,webtable-la2m_nopca-v=12-distilroberta-dj_adpt~qwen3_8b-dj_adpt
job_pay_scales_a.pq,1.0,0.06666666666666667,1.0,0.06666666666666667,1.0,1.0,0.06666666666666667,0.6,0.2,1.0,0.3333333333333333,1.0,1.0,0.17333333333333334,0.3,0.2,1.0,0.6666666666666666,1.0,1.0,0.17333333333333334,0.26666666666666666,0.26666666666666666,1.0,1.0,1.0,1.0,0.19111111111111112,0.45,0.6,0.75,1.0,1.0,1.0,0.31946995757367275,0.44,0.7333333333333333,0.6,1.0,1.0,1.0,0.3845493226530378,0.4,0.8,0.5,1.0,1.0,1.0,0.4131207512244664,0.34285714285714286,0.8,0.42857142857142855,1.0,1.0,1.0,0.4131207512244664,0.3,0.8,0.375,1.0,1.0,1.0,0.4131207512244664,0.26666666666666666,0.8,0.3333333333333333,1.0,1.0,1.0,0.4131207512244664,0.26,0.8666666666666667,0.3,1.0,1.0,1.0,0.4319613309346113,kalm_gemma3_12b-dj_adpt,9,webtable-la2m_nopca-v=12-distilroberta-dj_adpt~qwen3_8b-dj_adpt
minister_meetings_a.pq,1.0,0.1,1.0,0.1,1.0,1.0,0.1,0.4,0.2,1.0,0.5,1.0,1.0,0.2,0.2,0.2,1.0,1.0,1.0,1.0,0.2,0.13333333333333333,0.2,0.6666666666666666,1.0,1.0,1.0,0.2,0.1,0.2,0.5,1.0,1.0,1.0,0.2,0.08,0.2,0.4,1.0,1.0,1.0,0.2,0.06666666666666667,0.2,0.3333333333333333,1.0,1.0,1.0,0.2,0.05714285714285714,0.2,0.2857142857142857,1.0,1.0,1.0,0.2,0.05,0.2,0.25,1.0,1.0,1.0,0.2,0.044444444444444446,0.2,0.2222222222222222,1.0,1.0,1.0,0.2,0.08,0.4,0.2,1.0,1.0,1.0,0.2150323774283071,kalm_gemma3_12b-dj_adpt,9,webtable-la2m_nopca-v=12-distilroberta-dj_adpt~qwen3_8b-dj_adpt
ipopayments_b.pq,1.0,0.06666666666666667,1.0,0.06666666666666667,1.0,1.0,0.06666666666666667,0.2,0.06666666666666667,1.0,0.3333333333333333,1.0,1.0,0.06666666666666667,0.3,0.2,1.0,0.6666666666666666,1.0,1.0,0.10555555555555556,0.2,0.2,1.0,1.0,1.0,1.0,0.10555555555555556,0.15,0.2,0.75,1.0,1.0,1.0,0.10555555555555556,0.28,0.4666666666666667,0.6,1.0,1.0,1.0,0.1675028546332894,0.26666666666666666,0.5333333333333333,0.5,1.0,1.0,1.0,0.18801567514610992,0.3142857142857143,0.7333333333333333,0.42857142857142855,1.0,1.0,1.0,0.24675771741756397,0.325,0.8666666666666667,0.375,1.0,1.0,1.0,0.29178695718364583,0.28888888888888886,0.8666666666666667,0.3333333333333333,1.0,1.0,1.0,0.29178695718364583,0.26,0.8666666666666667,0.3,1.0,1.0,1.0,0.29178695718364583,kalm_gemma3_12b-dj_adpt,9,webtable-la2m_nopca-v=12-distilroberta-dj_adpt~qwen3_8b-dj_adpt
abandoned_wells_a.pq,1.0,0.09090909090909091,1.0,0.09090909090909091,1.0,1.0,0.09090909090909091,1.0,0.45454545454545453,1.0,0.45454545454545453,1.0,1.0,0.45454545454545453,1.0,0.9090909090909091,1.0,0.9090909090909091,1.0,1.0,0.9090909090909091,0.6666666666666666,0.9090909090909091,0.7333333333333333,1.0,1.0,1.0,0.9090909090909091,0.5,0.9090909090909091,0.55,1.0,1.0,1.0,0.9090909090909091,0.4,0.9090909090909091,0.44,1.0,1.0,1.0,0.9090909090909091,0.3333333333333333,0.9090909090909091,0.36666666666666664,1.0,1.0,1.0,0.9090909090909091,0.2857142857142857,0.9090909090909091,0.3142857142857143,1.0,1.0,1.0,0.9090909090909091,0.25,0.9090909090909091,0.275,1.0,1.0,1.0,0.9090909090909091,0.2222222222222222,0.9090909090909091,0.24444444444444444,1.0,1.0,1.0,0.9090909090909091,0.22,1.0,0.22,1.0,1.0,1.0,0.9303675048355899,kalm_gemma3_12b-dj_adpt,9,webtable-la2m_nopca-v=12-distilroberta-dj_adpt~qwen3_8b-dj_adpt
immigration_records_a.pq,1.0,0.0625,1.0,0.0625,1.0,1.0,0.0625,0.6,0.1875,1.0,0.3125,1.0,1.0,0.13125,0.7,0.4375,1.0,0.625,1.0,1.0,0.3130456349206349,0.5333333333333333,0.5,1.0,0.9375,1.0,1.0,0.34637896825396824,0.45,0.5625,0.8,1.0,1.0,1.0,0.3794672035480859,0.48,0.75,0.64,1.0,1.0,1.0,0.4690175988050029,0.4,0.75,0.5333333333333333,1.0,1.0,1.0,0.4690175988050029,0.34285714285714286,0.75,0.45714285714285713,1.0,1.0,1.0,0.4690175988050029,0.325,0.8125,0.4,1.0,1.0,1.0,0.48985093213833625,0.28888888888888886,0.8125,0.35555555555555557,1.0,1.0,1.0,0.48985093213833625,0.26,0.8125,0.32,1.0,1.0,1.0,0.48985093213833625,kalm_gemma3_12b-dj_adpt,9,webtable-la2m_nopca-v=12-distilroberta-dj_adpt~qwen3_8b-dj_adpt
monthly_data_feed_b.pq,1.0,0.07692307692307693,1.0,0.07692307692307693,1.0,1.0,0.07692307692307693,0.8,0.3076923076923077,1.0,0.38461538461538464,1.0,1.0,0.3076923076923077,0.5,0.38461538461538464,1.0,0.7692307692307693,1.0,1.0,0.34615384615384615,0.6666666666666666,0.7692307692307693,0.8666666666666667,1.0,1.0,1.0,0.5810535618227927,0.65,1.0,0.65,1.0,1.0,1.0,0.7437923752969002,0.52,1.0,0.52,1.0,1.0,1.0,0.7437923752969002,0.43333333333333335,1.0,0.43333333333333335,1.0,1.0,1.0,0.7437923752969002,0.37142857142857144,1.0,0.37142857142857144,1.0,1.0,1.0,0.7437923752969002,0.325,1.0,0.325,1.0,1.0,1.0,0.7437923752969002,0.28888888888888886,1.0,0.28888888888888886,1.0,1.0,1.0,0.7437923752969002,0.26,1.0,0.26,1.0,1.0,1.0,0.7437923752969002,kalm_gemma3_12b-dj_adpt,9,webtable-la2m_nopca-v=12-distilroberta-dj_adpt~qwen3_8b-dj_adpt
monthly_data_feed_a.pq,1.0,0.07692307692307693,1.0,0.07692307692307693,1.0,1.0,0.07692307692307693,1.0,0.38461538461538464,1.0,0.38461538461538464,1.0,1.0,0.38461538461538464,0.8,0.6153846153846154,1.0,0.7692307692307693,1.0,1.0,0.6153846153846154,0.6,0.6923076923076923,0.8666666666666667,1.0,1.0,1.0,0.6648351648351648,0.55,0.8461538461538461,0.65,1.0,1.0,1.0,0.7476286871023714,0.44,0.8461538461538461,0.52,1.0,1.0,1.0,0.7476286871023714,0.36666666666666664,0.8461538461538461,0.43333333333333335,1.0,1.0,1.0,0.7476286871023714,0.37142857142857144,1.0,0.37142857142857144,1.0,1.0,1.0,0.8050124797802816,0.325,1.0,0.325,1.0,1.0,1.0,0.8050124797802816,0.28888888888888886,1.0,0.28888888888888886,1.0,1.0,1.0,0.8050124797802816,0.26,1.0,0.26,1.0,1.0,1.0,0.8050124797802816,kalm_gemma3_12b-dj_adpt,9,webtable-la2m_nopca-v=12-distilroberta-dj_adpt~qwen3_8b-dj_adpt
wholesale_markets_a.pq,1.0,0.09090909090909091,1.0,0.09090909090909091,1.0,1.0,0.09090909090909091,0.2,0.09090909090909091,1.0,0.45454545454545453,1.0,1.0,0.09090909090909091,0.1,0.09090909090909091,1.0,0.9090909090909091,1.0,1.0,0.09090909090909091,0.06666666666666667,0.09090909090909091,0.7333333333333333,1.0,1.0,1.0,0.09090909090909091,0.05,0.09090909090909091,0.55,1.0,1.0,1.0,0.09090909090909091,0.04,0.09090909090909091,0.44,1.0,1.0,1.0,0.09090909090909091,0.03333333333333333,0.09090909090909091,0.36666666666666664,1.0,1.0,1.0,0.09090909090909091,0.02857142857142857,0.09090909090909091,0.3142857142857143,1.0,1.0,1.0,0.09090909090909091,0.025,0.09090909090909091,0.275,1.0,1.0,1.0,0.09090909090909091,0.022222222222222223,0.09090909090909091,0.24444444444444444,1.0,1.0,1.0,0.09090909090909091,0.02,0.09090909090909091,0.22,1.0,1.0,1.0,0.09090909090909091,kalm_gemma3_12b-dj_adpt,9,webtable-la2m_nopca-v=12-distilroberta-dj_adpt~qwen3_8b-dj_adpt
practice_reference_a.pq,1.0,0.06666666666666667,1.0,0.06666666666666667,1.0,1.0,0.06666666666666667,1.0,0.3333333333333333,1.0,0.3333333333333333,1.0,1.0,0.3333333333333333,1.0,0.6666666666666666,1.0,0.6666666666666666,1.0,1.0,0.6666666666666666,0.9333333333333333,0.9333333333333333,1.0,1.0,1.0,1.0,0.9333333333333333,0.7,0.9333333333333333,0.75,1.0,1.0,1.0,0.9333333333333333,0.56,0.9333333333333333,0.6,1.0,1.0,1.0,0.9333333333333333,0.4666666666666667,0.9333333333333333,0.5,1.0,1.0,1.0,0.9333333333333333,0.4,0.9333333333333333,0.42857142857142855,1.0,1.0,1.0,0.9333333333333333,0.35,0.9333333333333333,0.375,1.0,1.0,1.0,0.9333333333333333,0.3111111111111111,0.9333333333333333,0.3333333333333333,1.0,1.0,1.0,0.9333333333333333,0.28,0.9333333333333333,0.3,1.0,1.0,1.0,0.9333333333333333,kalm_gemma3_12b-dj_adpt,9,webtable-la2m_nopca-v=12-distilroberta-dj_adpt~qwen3_8b-dj_adpt
prescribing_b.pq,1.0,0.06666666666666667,1.0,0.06666666666666667,1.0,1.0,0.06666666666666667,1.0,0.3333333333333333,1.0,0.3333333333333333,1.0,1.0,0.3333333333333333,1.0,0.6666666666666666,1.0,0.6666666666666666,1.0,1.0,0.6666666666666666,0.9333333333333333,0.9333333333333333,1.0,1.0,1.0,1.0,0.9333333333333333,0.75,1.0,0.75,1.0,1.0,1.0,0.9859649122807017,0.6,1.0,0.6,1.0,1.0,1.0,0.9859649122807017,0.5,1.0,0.5,1.0,1.0,1.0,0.9859649122807017,0.42857142857142855,1.0,0.42857142857142855,1.0,1.0,1.0,0.9859649122807017,0.375,1.0,0.375,1.0,1.0,1.0,0.9859649122807017,0.3333333333333333,1.0,0.3333333333333333,1.0,1.0,1.0,0.9859649122807017,0.3,1.0,0.3,1.0,1.0,1.0,0.9859649122807017,kalm_gemma3_12b-dj_adpt,9,webtable-la2m_nopca-v=12-distilroberta-dj_adpt~qwen3_8b-dj_adpt
cihr_co-applicant_a.pq,1.0,0.08333333333333333,1.0,0.08333333333333333,1.0,1.0,0.08333333333333333,1.0,0.4166666666666667,1.0,0.4166666666666667,1.0,1.0,0.4166666666666667,1.0,0.8333333333333334,1.0,0.8333333333333334,1.0,1.0,0.8333333333333334,0.8,1.0,0.8,1.0,1.0,1.0,1.0,0.6,1.0,0.6,1.0,1.0,1.0,1.0,0.48,1.0,0.48,1.0,1.0,1.0,1.0,0.4,1.0,0.4,1.0,1.0,1.0,1.0,0.34285714285714286,1.0,0.34285714285714286,1.0,1.0,1.0,1.0,0.3,1.0,0.3,1.0,1.0,1.0,1.0,0.26666666666666666,1.0,0.26666666666666666,1.0,1.0,1.0,1.0,0.24,1.0,0.24,1.0,1.0,1.0,1.0,kalm_gemma3_12b-dj_adpt,9,webtable-la2m_nopca-v=12-distilroberta-dj_adpt~qwen3_8b-dj_adpt
stockport_contracts_a.pq,1.0,0.07692307692307693,1.0,0.07692307692307693,1.0,1.0,0.07692307692307693,0.8,0.3076923076923077,1.0,0.38461538461538464,1.0,1.0,0.24743589743589745,0.4,0.3076923076923077,1.0,0.7692307692307693,1.0,1.0,0.24743589743589745,0.26666666666666666,0.3076923076923077,0.8666666666666667,1.0,1.0,1.0,0.24743589743589745,0.2,0.3076923076923077,0.65,1.0,1.0,1.0,0.24743589743589745,0.16,0.3076923076923077,0.52,1.0,1.0,1.0,0.24743589743589745,0.13333333333333333,0.3076923076923077,0.43333333333333335,1.0,1.0,1.0,0.24743589743589745,0.11428571428571428,0.3076923076923077,0.37142857142857144,1.0,1.0,1.0,0.24743589743589745,0.1,0.3076923076923077,0.325,1.0,1.0,1.0,0.24743589743589745,0.08888888888888889,0.3076923076923077,0.28888888888888886,1.0,1.0,1.0,0.24743589743589745,0.12,0.46153846153846156,0.26,1.0,1.0,1.0,0.2652345881069285,kalm_gemma3_12b-dj_adpt,9,webtable-la2m_nopca-v=12-distilroberta-dj_adpt~qwen3_8b-dj_adpt
tuition_assistance_program_tap_recipients_a.pq,1.0,0.09090909090909091,1.0,0.09090909090909091,1.0,1.0,0.09090909090909091,0.2,0.09090909090909091,1.0,0.45454545454545453,1.0,1.0,0.09090909090909091,0.1,0.09090909090909091,1.0,0.9090909090909091,1.0,1.0,0.09090909090909091,0.06666666666666667,0.09090909090909091,0.7333333333333333,1.0,1.0,1.0,0.09090909090909091,0.05,0.09090909090909091,0.55,1.0,1.0,1.0,0.09090909090909091,0.04,0.09090909090909091,0.44,1.0,1.0,1.0,0.09090909090909091,0.03333333333333333,0.09090909090909091,0.36666666666666664,1.0,1.0,1.0,0.09090909090909091,0.02857142857142857,0.09090909090909091,0.3142857142857143,1.0,1.0,1.0,0.09090909090909091,0.1,0.36363636363636365,0.275,1.0,1.0,1.0,0.1117776959882223,0.2,0.8181818181818182,0.24444444444444444,1.0,1.0,1.0,0.18536108161203488,0.22,1.0,0.22,1.0,1.0,1.0,0.22640052320651813,kalm_gemma3_12b-dj_adpt,9,webtable-la2m_nopca-v=12-distilroberta-dj_adpt~qwen3_8b-dj_adpt
workforce_management_information_a.pq,1.0,0.05555555555555555,1.0,0.05555555555555555,1.0,1.0,0.05555555555555555,1.0,0.2777777777777778,1.0,0.2777777777777778,1.0,1.0,0.2777777777777778,1.0,0.5555555555555556,1.0,0.5555555555555556,1.0,1.0,0.5555555555555556,0.8666666666666667,0.7222222222222222,1.0,0.8333333333333334,1.0,1.0,0.7222222222222222,0.85,0.9444444444444444,0.9,1.0,1.0,1.0,0.9164578794480754,0.72,1.0,0.72,1.0,1.0,1.0,0.9640769270671231,0.6,1.0,0.6,1.0,1.0,1.0,0.9640769270671231,0.5142857142857142,1.0,0.5142857142857142,1.0,1.0,1.0,0.9640769270671231,0.45,1.0,0.45,1.0,1.0,1.0,0.9640769270671231,0.4,1.0,0.4,1.0,1.0,1.0,0.9640769270671231,0.36,1.0,0.36,1.0,1.0,1.0,0.9640769270671231,kalm_gemma3_12b-dj_adpt,9,webtable-la2m_nopca-v=12-distilroberta-dj_adpt~qwen3_8b-dj_adpt
311_calls_historic_data_a.pq,1.0,0.09090909090909091,1.0,0.09090909090909091,1.0,1.0,0.09090909090909091,0.2,0.09090909090909091,1.0,0.45454545454545453,1.0,1.0,0.09090909090909091,0.1,0.09090909090909091,1.0,0.9090909090909091,1.0,1.0,0.09090909090909091,0.3333333333333333,0.45454545454545453,0.7333333333333333,1.0,1.0,1.0,0.1833166833166833,0.4,0.7272727272727273,0.55,1.0,1.0,1.0,0.2952447878918467,0.32,0.7272727272727273,0.44,1.0,1.0,1.0,0.2952447878918467,0.26666666666666666,0.7272727272727273,0.36666666666666664,1.0,1.0,1.0,0.2952447878918467,0.22857142857142856,0.7272727272727273,0.3142857142857143,1.0,1.0,1.0,0.2952447878918467,0.2,0.7272727272727273,0.275,1.0,1.0,1.0,0.2952447878918467,0.17777777777777778,0.7272727272727273,0.24444444444444444,1.0,1.0,1.0,0.2952447878918467,0.16,0.7272727272727273,0.22,1.0,1.0,1.0,0.2952447878918467,kalm_gemma3_12b-dj_adpt,9,webtable-la2m_nopca-v=12-distilroberta-dj_adpt~qwen3_8b-dj_adpt
lane_description_b.pq,1.0,0.0625,1.0,0.0625,1.0,1.0,0.0625,1.0,0.3125,1.0,0.3125,1.0,1.0,0.3125,1.0,0.625,1.0,0.625,1.0,1.0,0.625,1.0,0.9375,1.0,0.9375,1.0,1.0,0.9375,0.8,1.0,0.8,1.0,1.0,1.0,1.0,0.64,1.0,0.64,1.0,1.0,1.0,1.0,0.5333333333333333,1.0,0.5333333333333333,1.0,1.0,1.0,1.0,0.45714285714285713,1.0,0.45714285714285713,1.0,1.0,1.0,1.0,0.4,1.0,0.4,1.0,1.0,1.0,1.0,0.35555555555555557,1.0,0.35555555555555557,1.0,1.0,1.0,1.0,0.32,1.0,0.32,1.0,1.0,1.0,1.0,kalm_gemma3_12b-dj_adpt,9,webtable-la2m_nopca-v=12-distilroberta-dj_adpt~qwen3_8b-dj_adpt
time_spent_watching_vcr_movies_a.pq,1.0,0.09090909090909091,1.0,0.09090909090909091,1.0,1.0,0.09090909090909091,0.2,0.09090909090909091,1.0,0.45454545454545453,1.0,1.0,0.09090909090909091,0.4,0.36363636363636365,1.0,0.9090909090909091,1.0,1.0,0.1913780663780664,0.26666666666666666,0.36363636363636365,0.7333333333333333,1.0,1.0,1.0,0.1913780663780664,0.2,0.36363636363636365,0.55,1.0,1.0,1.0,0.1913780663780664,0.28,0.6363636363636364,0.44,1.0,1.0,1.0,0.25932273040968695,0.36666666666666664,1.0,0.36666666666666664,1.0,1.0,1.0,0.3845480797729673,0.3142857142857143,1.0,0.3142857142857143,1.0,1.0,1.0,0.3845480797729673,0.275,1.0,0.275,1.0,1.0,1.0,0.3845480797729673,0.24444444444444444,1.0,0.24444444444444444,1.0,1.0,1.0,0.3845480797729673,0.22,1.0,0.22,1.0,1.0,1.0,0.3845480797729673,kalm_gemma3_12b-dj_adpt,9,webtable-la2m_nopca-v=12-distilroberta-dj_adpt~qwen3_8b-dj_adpt
ydn_spending_data_b.pq,1.0,0.08333333333333333,1.0,0.08333333333333333,1.0,1.0,0.08333333333333333,1.0,0.4166666666666667,1.0,0.4166666666666667,1.0,1.0,0.4166666666666667,0.8,0.6666666666666666,1.0,0.8333333333333334,1.0,1.0,0.6666666666666666,0.6,0.75,0.8,1.0,1.0,1.0,0.7202380952380952,0.45,0.75,0.6,1.0,1.0,1.0,0.7202380952380952,0.4,0.8333333333333334,0.48,1.0,1.0,1.0,0.7599206349206349,0.3333333333333333,0.8333333333333334,0.4,1.0,1.0,1.0,0.7599206349206349,0.2857142857142857,0.8333333333333334,0.34285714285714286,1.0,1.0,1.0,0.7599206349206349,0.3,1.0,0.3,1.0,1.0,1.0,0.8090434419381788,0.26666666666666666,1.0,0.26666666666666666,1.0,1.0,1.0,0.8090434419381788,0.24,1.0,0.24,1.0,1.0,1.0,0.8090434419381788,kalm_gemma3_12b-dj_adpt,9,webtable-la2m_nopca-v=12-distilroberta-dj_adpt~qwen3_8b-dj_adpt
mines_b.pq,1.0,0.07142857142857142,1.0,0.07142857142857142,1.0,1.0,0.07142857142857142,0.2,0.07142857142857142,1.0,0.35714285714285715,1.0,1.0,0.07142857142857142,0.2,0.14285714285714285,1.0,0.7142857142857143,1.0,1.0,0.09183673469387754,0.13333333333333333,0.14285714285714285,0.9333333333333333,1.0,1.0,1.0,0.09183673469387754,0.1,0.14285714285714285,0.7,1.0,1.0,1.0,0.09183673469387754,0.08,0.14285714285714285,0.56,1.0,1.0,1.0,0.09183673469387754,0.06666666666666667,0.14285714285714285,0.4666666666666667,1.0,1.0,1.0,0.09183673469387754,0.05714285714285714,0.14285714285714285,0.4,1.0,1.0,1.0,0.09183673469387754,0.05,0.14285714285714285,0.35,1.0,1.0,1.0,0.09183673469387754,0.044444444444444446,0.14285714285714285,0.3111111111111111,1.0,1.0,1.0,0.09183673469387754,0.04,0.14285714285714285,0.28,1.0,1.0,1.0,0.09183673469387754,kalm_gemma3_12b-dj_adpt,9,webtable-la2m_nopca-v=12-distilroberta-dj_adpt~qwen3_8b-dj_adpt
film_locations_in_san_francisco_a.pq,1.0,0.07692307692307693,1.0,0.07692307692307693,1.0,1.0,0.07692307692307693,1.0,0.38461538461538464,1.0,0.38461538461538464,1.0,1.0,0.38461538461538464,1.0,0.7692307692307693,1.0,0.7692307692307693,1.0,1.0,0.7692307692307693,0.8666666666666667,1.0,0.8666666666666667,1.0,1.0,1.0,1.0,0.65,1.0,0.65,1.0,1.0,1.0,1.0,0.52,1.0,0.52,1.0,1.0,1.0,1.0,0.43333333333333335,1.0,0.43333333333333335,1.0,1.0,1.0,1.0,0.37142857142857144,1.0,0.37142857142857144,1.0,1.0,1.0,1.0,0.325,1.0,0.325,1.0,1.0,1.0,1.0,0.28888888888888886,1.0,0.28888888888888886,1.0,1.0,1.0,1.0,0.26,1.0,0.26,1.0,1.0,1.0,1.0,kalm_gemma3_12b-dj_adpt,9,webtable-la2m_nopca-v=12-distilroberta-dj_adpt~qwen3_8b-dj_adpt
contributors_parties_a.pq,1.0,0.047619047619047616,1.0,0.047619047619047616,1.0,1.0,0.047619047619047616,1.0,0.23809523809523808,1.0,0.23809523809523808,1.0,1.0,0.23809523809523808,1.0,0.47619047619047616,1.0,0.47619047619047616,1.0,1.0,0.47619047619047616,0.9333333333333333,0.6666666666666666,1.0,0.7142857142857143,1.0,1.0,0.6634920634920635,0.95,0.9047619047619048,1.0,0.9523809523809523,1.0,1.0,0.8882772699723164,0.84,1.0,0.84,1.0,1.0,1.0,0.9790832893497643,0.7,1.0,0.7,1.0,1.0,1.0,0.9790832893497643,0.6,1.0,0.6,1.0,1.0,1.0,0.9790832893497643,0.525,1.0,0.525,1.0,1.0,1.0,0.9790832893497643,0.4666666666666667,1.0,0.4666666666666667,1.0,1.0,1.0,0.9790832893497643,0.42,1.0,0.42,1.0,1.0,1.0,0.9790832893497643,kalm_gemma3_12b-dj_adpt,9,webtable-la2m_nopca-v=12-distilroberta-dj_adpt~qwen3_8b-dj_adpt
ydn_spending_data_a.pq,1.0,0.08333333333333333,1.0,0.08333333333333333,1.0,1.0,0.08333333333333333,1.0,0.4166666666666667,1.0,0.4166666666666667,1.0,1.0,0.4166666666666667,0.8,0.6666666666666666,1.0,0.8333333333333334,1.0,1.0,0.6666666666666666,0.5333333333333333,0.6666666666666666,0.8,1.0,1.0,1.0,0.6666666666666666,0.45,0.75,0.6,1.0,1.0,1.0,0.7135416666666666,0.4,0.8333333333333334,0.48,1.0,1.0,1.0,0.7514204545454546,0.3333333333333333,0.8333333333333334,0.4,1.0,1.0,1.0,0.7514204545454546,0.2857142857142857,0.8333333333333334,0.34285714285714286,1.0,1.0,1.0,0.7514204545454546,0.275,0.9166666666666666,0.3,1.0,1.0,1.0,0.774924728049728,0.26666666666666666,1.0,0.26666666666666666,1.0,1.0,1.0,0.7987342518592518,0.24,1.0,0.24,1.0,1.0,1.0,0.7987342518592518,kalm_gemma3_12b-dj_adpt,9,webtable-la2m_nopca-v=12-distilroberta-dj_adpt~qwen3_8b-dj_adpt
business_rates_a.pq,1.0,0.08333333333333333,1.0,0.08333333333333333,1.0,1.0,0.08333333333333333,1.0,0.4166666666666667,1.0,0.4166666666666667,1.0,1.0,0.4166666666666667,1.0,0.8333333333333334,1.0,0.8333333333333334,1.0,1.0,0.8333333333333334,0.8,1.0,0.8,1.0,1.0,1.0,1.0,0.6,1.0,0.6,1.0,1.0,1.0,1.0,0.48,1.0,0.48,1.0,1.0,1.0,1.0,0.4,1.0,0.4,1.0,1.0,1.0,1.0,0.34285714285714286,1.0,0.34285714285714286,1.0,1.0,1.0,1.0,0.3,1.0,0.3,1.0,1.0,1.0,1.0,0.26666666666666666,1.0,0.26666666666666666,1.0,1.0,1.0,1.0,0.24,1.0,0.24,1.0,1.0,1.0,1.0,kalm_gemma3_12b-dj_adpt,9,webtable-la2m_nopca-v=12-distilroberta-dj_adpt~qwen3_8b-dj_adpt
lane_description_a.pq,1.0,0.0625,1.0,0.0625,1.0,1.0,0.0625,1.0,0.3125,1.0,0.3125,1.0,1.0,0.3125,1.0,0.625,1.0,0.625,1.0,1.0,0.625,1.0,0.9375,1.0,0.9375,1.0,1.0,0.9375,0.8,1.0,0.8,1.0,1.0,1.0,1.0,0.64,1.0,0.64,1.0,1.0,1.0,1.0,0.5333333333333333,1.0,0.5333333333333333,1.0,1.0,1.0,1.0,0.45714285714285713,1.0,0.45714285714285713,1.0,1.0,1.0,1.0,0.4,1.0,0.4,1.0,1.0,1.0,1.0,0.35555555555555557,1.0,0.35555555555555557,1.0,1.0,1.0,1.0,0.32,1.0,0.32,1.0,1.0,1.0,1.0,kalm_gemma3_12b-dj_adpt,9,webtable-la2m_nopca-v=12-distilroberta-dj_adpt~qwen3_8b-dj_adpt
cihr_co-applicant_b.pq,1.0,0.08333333333333333,1.0,0.08333333333333333,1.0,1.0,0.08333333333333333,1.0,0.4166666666666667,1.0,0.4166666666666667,1.0,1.0,0.4166666666666667,1.0,0.8333333333333334,1.0,0.8333333333333334,1.0,1.0,0.8333333333333334,0.8,1.0,0.8,1.0,1.0,1.0,1.0,0.6,1.0,0.6,1.0,1.0,1.0,1.0,0.48,1.0,0.48,1.0,1.0,1.0,1.0,0.4,1.0,0.4,1.0,1.0,1.0,1.0,0.34285714285714286,1.0,0.34285714285714286,1.0,1.0,1.0,1.0,0.3,1.0,0.3,1.0,1.0,1.0,1.0,0.26666666666666666,1.0,0.26666666666666666,1.0,1.0,1.0,1.0,0.24,1.0,0.24,1.0,1.0,1.0,1.0,kalm_gemma3_12b-dj_adpt,9,webtable-la2m_nopca-v=12-distilroberta-dj_adpt~qwen3_8b-dj_adpt
new_york_city_restaurant_inspection_results_a.pq,1.0,0.03225806451612903,1.0,0.03225806451612903,1.0,1.0,0.03225806451612903,1.0,0.16129032258064516,1.0,0.16129032258064516,1.0,1.0,0.16129032258064516,1.0,0.3225806451612903,1.0,0.3225806451612903,1.0,1.0,0.3225806451612903,0.7333333333333333,0.3548387096774194,1.0,0.4838709677419355,1.0,1.0,0.3548387096774194,0.6,0.3870967741935484,1.0,0.6451612903225806,1.0,1.0,0.3741935483870968,0.68,0.5483870967741935,1.0,0.8064516129032258,1.0,1.0,0.47916941403617425,0.7,0.6774193548387096,1.0,0.967741935483871,1.0,1.0,0.5706028024662256,0.6,0.6774193548387096,0.8857142857142857,1.0,1.0,1.0,0.5706028024662256,0.525,0.6774193548387096,0.775,1.0,1.0,1.0,0.5706028024662256,0.4666666666666667,0.6774193548387096,0.6888888888888889,1.0,1.0,1.0,0.5706028024662256,0.42,0.6774193548387096,0.62,1.0,1.0,1.0,0.5706028024662256,kalm_gemma3_12b-dj_adpt,9,webtable-la2m_nopca-v=12-distilroberta-dj_adpt~qwen3_8b-dj_adpt
psyckes_antipsychotic_polypharmacy_quality_indicators_beginning_2012_a.pq,1.0,0.09090909090909091,1.0,0.09090909090909091,1.0,1.0,0.09090909090909091,0.2,0.09090909090909091,1.0,0.45454545454545453,1.0,1.0,0.09090909090909091,0.1,0.09090909090909091,1.0,0.9090909090909091,1.0,1.0,0.09090909090909091,0.13333333333333333,0.18181818181818182,0.7333333333333333,1.0,1.0,1.0,0.10303030303030303,0.35,0.6363636363636364,0.55,1.0,1.0,1.0,0.22724497294930732,0.44,1.0,0.44,1.0,1.0,1.0,0.3802594485922414,0.36666666666666664,1.0,0.36666666666666664,1.0,1.0,1.0,0.3802594485922414,0.3142857142857143,1.0,0.3142857142857143,1.0,1.0,1.0,0.3802594485922414,0.275,1.0,0.275,1.0,1.0,1.0,0.3802594485922414,0.24444444444444444,1.0,0.24444444444444444,1.0,1.0,1.0,0.3802594485922414,0.22,1.0,0.22,1.0,1.0,1.0,0.3802594485922414,kalm_gemma3_12b-dj_adpt,9,webtable-la2m_nopca-v=12-distilroberta-dj_adpt~qwen3_8b-dj_adpt
prescribing_a.pq,1.0,0.06666666666666667,1.0,0.06666666666666667,1.0,1.0,0.06666666666666667,1.0,0.3333333333333333,1.0,0.3333333333333333,1.0,1.0,0.3333333333333333,0.9,0.6,1.0,0.6666666666666666,1.0,1.0,0.6,0.8,0.8,1.0,1.0,1.0,1.0,0.7569963369963371,0.75,1.0,0.75,1.0,1.0,1.0,0.921620520002873,0.6,1.0,0.6,1.0,1.0,1.0,0.921620520002873,0.5,1.0,0.5,1.0,1.0,1.0,0.921620520002873,0.42857142857142855,1.0,0.42857142857142855,1.0,1.0,1.0,0.921620520002873,0.375,1.0,0.375,1.0,1.0,1.0,0.921620520002873,0.3333333333333333,1.0,0.3333333333333333,1.0,1.0,1.0,0.921620520002873,0.3,1.0,0.3,1.0,1.0,1.0,0.921620520002873,kalm_gemma3_12b-dj_adpt,9,webtable-la2m_nopca-v=12-distilroberta-dj_adpt~qwen3_8b-dj_adpt
biodiversity_a.pq,1.0,0.09090909090909091,1.0,0.09090909090909091,1.0,1.0,0.09090909090909091,0.6,0.2727272727272727,1.0,0.45454545454545453,1.0,1.0,0.19090909090909092,0.3,0.2727272727272727,1.0,0.9090909090909091,1.0,1.0,0.19090909090909092,0.2,0.2727272727272727,0.7333333333333333,1.0,1.0,1.0,0.19090909090909092,0.15,0.2727272727272727,0.55,1.0,1.0,1.0,0.19090909090909092,0.12,0.2727272727272727,0.44,1.0,1.0,1.0,0.19090909090909092,0.1,0.2727272727272727,0.36666666666666664,1.0,1.0,1.0,0.19090909090909092,0.14285714285714285,0.45454545454545453,0.3142857142857143,1.0,1.0,1.0,0.2152973586128666,0.125,0.45454545454545453,0.275,1.0,1.0,1.0,0.2152973586128666,0.1111111111111111,0.45454545454545453,0.24444444444444444,1.0,1.0,1.0,0.2152973586128666,0.1,0.45454545454545453,0.22,1.0,1.0,1.0,0.2152973586128666,kalm_gemma3_12b-dj_adpt,9,webtable-la2m_nopca-v=12-distilroberta-dj_adpt~qwen3_8b-dj_adpt
cdc_nutrition_physical_activity_and_obesity_legislation_a.pq,1.0,0.09090909090909091,1.0,0.09090909090909091,1.0,1.0,0.09090909090909091,0.2,0.09090909090909091,1.0,0.45454545454545453,1.0,1.0,0.09090909090909091,0.1,0.09090909090909091,1.0,0.9090909090909091,1.0,1.0,0.09090909090909091,0.06666666666666667,0.09090909090909091,0.7333333333333333,1.0,1.0,1.0,0.09090909090909091,0.05,0.09090909090909091,0.55,1.0,1.0,1.0,0.09090909090909091,0.04,0.09090909090909091,0.44,1.0,1.0,1.0,0.09090909090909091,0.03333333333333333,0.09090909090909091,0.36666666666666664,1.0,1.0,1.0,0.09090909090909091,0.05714285714285714,0.18181818181818182,0.3142857142857143,1.0,1.0,1.0,0.0967741935483871,0.05,0.18181818181818182,0.275,1.0,1.0,1.0,0.0967741935483871,0.044444444444444446,0.18181818181818182,0.24444444444444444,1.0,1.0,1.0,0.0967741935483871,0.04,0.18181818181818182,0.22,1.0,1.0,1.0,0.0967741935483871,kalm_gemma3_12b-dj_adpt,9,webtable-la2m_nopca-v=12-distilroberta-dj_adpt~qwen3_8b-dj_adpt
complaint_by_practice_a.pq,1.0,0.07692307692307693,1.0,0.07692307692307693,1.0,1.0,0.07692307692307693,0.4,0.15384615384615385,1.0,0.38461538461538464,1.0,1.0,0.10769230769230768,0.4,0.3076923076923077,1.0,0.7692307692307693,1.0,1.0,0.19010989010989013,0.26666666666666666,0.3076923076923077,0.8666666666666667,1.0,1.0,1.0,0.19010989010989013,0.2,0.3076923076923077,0.65,1.0,1.0,1.0,0.19010989010989013,0.16,0.3076923076923077,0.52,1.0,1.0,1.0,0.19010989010989013,0.13333333333333333,0.3076923076923077,0.43333333333333335,1.0,1.0,1.0,0.19010989010989013,0.11428571428571428,0.3076923076923077,0.37142857142857144,1.0,1.0,1.0,0.19010989010989013,0.1,0.3076923076923077,0.325,1.0,1.0,1.0,0.19010989010989013,0.08888888888888889,0.3076923076923077,0.28888888888888886,1.0,1.0,1.0,0.19010989010989013,0.1,0.38461538461538464,0.26,1.0,1.0,1.0,0.19780219780219782,kalm_gemma3_12b-dj_adpt,9,webtable-la2m_nopca-v=12-distilroberta-dj_adpt~qwen3_8b-dj_adpt
albums_b.pq,1.0,0.0625,1.0,0.0625,1.0,1.0,0.0625,1.0,0.3125,1.0,0.3125,1.0,1.0,0.3125,0.9,0.5625,1.0,0.625,1.0,1.0,0.5625,0.6,0.5625,1.0,0.9375,1.0,1.0,0.5625,0.45,0.5625,0.8,1.0,1.0,1.0,0.5625,0.52,0.8125,0.64,1.0,1.0,1.0,0.684550395256917,0.5333333333333333,1.0,0.5333333333333333,1.0,1.0,1.0,0.7886407493472711,0.45714285714285713,1.0,0.45714285714285713,1.0,1.0,1.0,0.7886407493472711,0.4,1.0,0.4,1.0,1.0,1.0,0.7886407493472711,0.35555555555555557,1.0,0.35555555555555557,1.0,1.0,1.0,0.7886407493472711,0.32,1.0,0.32,1.0,1.0,1.0,0.7886407493472711,kalm_gemma3_12b-dj_adpt,9,webtable-la2m_nopca-v=12-distilroberta-dj_adpt~qwen3_8b-dj_adpt
contributors_parties_b.pq,1.0,0.047619047619047616,1.0,0.047619047619047616,1.0,1.0,0.047619047619047616,1.0,0.23809523809523808,1.0,0.23809523809523808,1.0,1.0,0.23809523809523808,0.9,0.42857142857142855,1.0,0.47619047619047616,1.0,1.0,0.4238095238095238,0.6,0.42857142857142855,1.0,0.7142857142857143,1.0,1.0,0.4238095238095238,0.45,0.42857142857142855,1.0,0.9523809523809523,1.0,1.0,0.4238095238095238,0.36,0.42857142857142855,0.84,1.0,1.0,1.0,0.4238095238095238,0.3,0.42857142857142855,0.7,1.0,1.0,1.0,0.4238095238095238,0.2571428571428571,0.42857142857142855,0.6,1.0,1.0,1.0,0.4238095238095238,0.3,0.5714285714285714,0.525,1.0,1.0,1.0,0.46405757984705354,0.28888888888888886,0.6190476190476191,0.4666666666666667,1.0,1.0,1.0,0.4791563022628491,0.26,0.6190476190476191,0.42,1.0,1.0,1.0,0.4791563022628491,kalm_gemma3_12b-dj_adpt,9,webtable-la2m_nopca-v=12-distilroberta-dj_adpt~qwen3_8b-dj_adpt
data_mill_b.pq,1.0,0.07142857142857142,1.0,0.07142857142857142,1.0,1.0,0.07142857142857142,0.2,0.07142857142857142,1.0,0.35714285714285715,1.0,1.0,0.07142857142857142,0.1,0.07142857142857142,1.0,0.7142857142857143,1.0,1.0,0.07142857142857142,0.06666666666666667,0.07142857142857142,0.9333333333333333,1.0,1.0,1.0,0.07142857142857142,0.1,0.14285714285714285,0.7,1.0,1.0,1.0,0.08035714285714286,0.08,0.14285714285714285,0.56,1.0,1.0,1.0,0.08035714285714286,0.13333333333333333,0.2857142857142857,0.4666666666666667,1.0,1.0,1.0,0.09727011494252873,0.14285714285714285,0.35714285714285715,0.4,1.0,1.0,1.0,0.10879085226971767,0.175,0.5,0.35,1.0,1.0,1.0,0.13227986325872867,0.17777777777777778,0.5714285714285714,0.3111111111111111,1.0,1.0,1.0,0.14621714548869383,0.16,0.5714285714285714,0.28,1.0,1.0,1.0,0.14621714548869383,kalm_gemma3_12b-dj_adpt,9,webtable-la2m_nopca-v=12-distilroberta-dj_adpt~qwen3_8b-dj_adpt
deaths_2012_2018_a.pq,1.0,0.09090909090909091,1.0,0.09090909090909091,1.0,1.0,0.09090909090909091,1.0,0.45454545454545453,1.0,0.45454545454545453,1.0,1.0,0.45454545454545453,0.6,0.5454545454545454,1.0,0.9090909090909091,1.0,1.0,0.5454545454545454,0.6666666666666666,0.9090909090909091,0.7333333333333333,1.0,1.0,1.0,0.7734765234765235,0.55,1.0,0.55,1.0,1.0,1.0,0.8359765234765235,0.44,1.0,0.44,1.0,1.0,1.0,0.8359765234765235,0.36666666666666664,1.0,0.36666666666666664,1.0,1.0,1.0,0.8359765234765235,0.3142857142857143,1.0,0.3142857142857143,1.0,1.0,1.0,0.8359765234765235,0.275,1.0,0.275,1.0,1.0,1.0,0.8359765234765235,0.24444444444444444,1.0,0.24444444444444444,1.0,1.0,1.0,0.8359765234765235,0.22,1.0,0.22,1.0,1.0,1.0,0.8359765234765235,kalm_gemma3_12b-dj_adpt,9,webtable-la2m_nopca-v=12-distilroberta-dj_adpt~qwen3_8b-dj_adpt
practice_reference_b.pq,1.0,0.06666666666666667,1.0,0.06666666666666667,1.0,1.0,0.06666666666666667,1.0,0.3333333333333333,1.0,0.3333333333333333,1.0,1.0,0.3333333333333333,1.0,0.6666666666666666,1.0,0.6666666666666666,1.0,1.0,0.6666666666666666,0.9333333333333333,0.9333333333333333,1.0,1.0,1.0,1.0,0.9333333333333333,0.7,0.9333333333333333,0.75,1.0,1.0,1.0,0.9333333333333333,0.56,0.9333333333333333,0.6,1.0,1.0,1.0,0.9333333333333333,0.4666666666666667,0.9333333333333333,0.5,1.0,1.0,1.0,0.9333333333333333,0.4,0.9333333333333333,0.42857142857142855,1.0,1.0,1.0,0.9333333333333333,0.35,0.9333333333333333,0.375,1.0,1.0,1.0,0.9333333333333333,0.3111111111111111,0.9333333333333333,0.3333333333333333,1.0,1.0,1.0,0.9333333333333333,0.3,1.0,0.3,1.0,1.0,1.0,0.9541666666666667,kalm_gemma3_12b-dj_adpt,9,webtable-la2m_nopca-v=12-distilroberta-dj_adpt~qwen3_8b-dj_adpt
purchasing_card_a.pq,1.0,0.07692307692307693,1.0,0.07692307692307693,1.0,1.0,0.07692307692307693,1.0,0.38461538461538464,1.0,0.38461538461538464,1.0,1.0,0.38461538461538464,1.0,0.7692307692307693,1.0,0.7692307692307693,1.0,1.0,0.7692307692307693,0.8666666666666667,1.0,0.8666666666666667,1.0,1.0,1.0,1.0,0.65,1.0,0.65,1.0,1.0,1.0,1.0,0.52,1.0,0.52,1.0,1.0,1.0,1.0,0.43333333333333335,1.0,0.43333333333333335,1.0,1.0,1.0,1.0,0.37142857142857144,1.0,0.37142857142857144,1.0,1.0,1.0,1.0,0.325,1.0,0.325,1.0,1.0,1.0,1.0,0.28888888888888886,1.0,0.28888888888888886,1.0,1.0,1.0,1.0,0.26,1.0,0.26,1.0,1.0,1.0,1.0,kalm_gemma3_12b-dj_adpt,9,webtable-la2m_nopca-v=12-distilroberta-dj_adpt~qwen3_8b-dj_adpt
report_card_discipline_for_2015_16_a.pq,1.0,0.09090909090909091,1.0,0.09090909090909091,1.0,1.0,0.09090909090909091,0.2,0.09090909090909091,1.0,0.45454545454545453,1.0,1.0,0.09090909090909091,0.5,0.45454545454545453,1.0,0.9090909090909091,1.0,1.0,0.2510822510822511,0.6666666666666666,0.9090909090909091,0.7333333333333333,1.0,1.0,1.0,0.5286910059637333,0.55,1.0,0.55,1.0,1.0,1.0,0.5911910059637333,0.44,1.0,0.44,1.0,1.0,1.0,0.5911910059637333,0.36666666666666664,1.0,0.36666666666666664,1.0,1.0,1.0,0.5911910059637333,0.3142857142857143,1.0,0.3142857142857143,1.0,1.0,1.0,0.5911910059637333,0.275,1.0,0.275,1.0,1.0,1.0,0.5911910059637333,0.24444444444444444,1.0,0.24444444444444444,1.0,1.0,1.0,0.5911910059637333,0.22,1.0,0.22,1.0,1.0,1.0,0.5911910059637333,kalm_gemma3_12b-dj_adpt,9,webtable-la2m_nopca-v=12-distilroberta-dj_adpt~qwen3_8b-dj_adpt
senior_officials_expenses_a.pq,1.0,0.09090909090909091,1.0,0.09090909090909091,1.0,1.0,0.09090909090909091,1.0,0.45454545454545453,1.0,0.45454545454545453,1.0,1.0,0.45454545454545453,0.9,0.8181818181818182,1.0,0.9090909090909091,1.0,1.0,0.8181818181818182,0.6666666666666666,0.9090909090909091,0.7333333333333333,1.0,1.0,1.0,0.9008264462809916,0.5,0.9090909090909091,0.55,1.0,1.0,1.0,0.9008264462809916,0.4,0.9090909090909091,0.44,1.0,1.0,1.0,0.9008264462809916,0.3333333333333333,0.9090909090909091,0.36666666666666664,1.0,1.0,1.0,0.9008264462809916,0.2857142857142857,0.9090909090909091,0.3142857142857143,1.0,1.0,1.0,0.9008264462809916,0.25,0.9090909090909091,0.275,1.0,1.0,1.0,0.9008264462809916,0.2222222222222222,0.9090909090909091,0.24444444444444444,1.0,1.0,1.0,0.9008264462809916,0.2,0.9090909090909091,0.22,1.0,1.0,1.0,0.9008264462809916,kalm_gemma3_12b-dj_adpt,9,webtable-la2m_nopca-v=12-distilroberta-dj_adpt~qwen3_8b-dj_adpt
stockport_contracts_b.pq,1.0,0.07692307692307693,1.0,0.07692307692307693,1.0,1.0,0.07692307692307693,0.4,0.15384615384615385,1.0,0.38461538461538464,1.0,1.0,0.1282051282051282,0.2,0.15384615384615385,1.0,0.7692307692307693,1.0,1.0,0.1282051282051282,0.2,0.23076923076923078,0.8666666666666667,1.0,1.0,1.0,0.14358974358974358,0.4,0.6153846153846154,0.65,1.0,1.0,1.0,0.27019528459156944,0.32,0.6153846153846154,0.52,1.0,1.0,1.0,0.27019528459156944,0.26666666666666666,0.6153846153846154,0.43333333333333335,1.0,1.0,1.0,0.27019528459156944,0.2571428571428571,0.6923076923076923,0.37142857142857144,1.0,1.0,1.0,0.2899755043717892,0.225,0.6923076923076923,0.325,1.0,1.0,1.0,0.2899755043717892,0.2,0.6923076923076923,0.28888888888888886,1.0,1.0,1.0,0.2899755043717892,0.2,0.7692307692307693,0.26,1.0,1.0,1.0,0.3053601197564046,kalm_gemma3_12b-dj_adpt,9,webtable-la2m_nopca-v=12-distilroberta-dj_adpt~qwen3_8b-dj_adpt
albums_a.pq,1.0,0.0625,1.0,0.0625,1.0,1.0,0.0625,1.0,0.3125,1.0,0.3125,1.0,1.0,0.3125,1.0,0.625,1.0,0.625,1.0,1.0,0.625,0.9333333333333333,0.875,1.0,0.9375,1.0,1.0,0.875,0.7,0.875,0.8,1.0,1.0,1.0,0.875,0.56,0.875,0.64,1.0,1.0,1.0,0.875,0.4666666666666667,0.875,0.5333333333333333,1.0,1.0,1.0,0.875,0.4,0.875,0.45714285714285713,1.0,1.0,1.0,0.875,0.35,0.875,0.4,1.0,1.0,1.0,0.875,0.35555555555555557,1.0,0.35555555555555557,1.0,1.0,1.0,0.9185290404040404,0.32,1.0,0.32,1.0,1.0,1.0,0.9185290404040404,kalm_gemma3_12b-dj_adpt,9,webtable-la2m_nopca-v=12-distilroberta-dj_adpt~qwen3_8b-dj_adpt
oil_and_gas_summary_production_data_1967_1999_a.pq,1.0,0.09090909090909091,1.0,0.09090909090909091,1.0,1.0,0.09090909090909091,1.0,0.45454545454545453,1.0,0.45454545454545453,1.0,1.0,0.45454545454545453,1.0,0.9090909090909091,1.0,0.9090909090909091,1.0,1.0,0.9090909090909091,0.7333333333333333,1.0,0.7333333333333333,1.0,1.0,1.0,1.0,0.55,1.0,0.55,1.0,1.0,1.0,1.0,0.44,1.0,0.44,1.0,1.0,1.0,1.0,0.36666666666666664,1.0,0.36666666666666664,1.0,1.0,1.0,1.0,0.3142857142857143,1.0,0.3142857142857143,1.0,1.0,1.0,1.0,0.275,1.0,0.275,1.0,1.0,1.0,1.0,0.24444444444444444,1.0,0.24444444444444444,1.0,1.0,1.0,1.0,0.22,1.0,0.22,1.0,1.0,1.0,1.0,kalm_gemma3_12b-dj_adpt,9,webtable-la2m_nopca-v=12-distilroberta-dj_adpt~qwen3_8b-dj_adpt
animal_tag_data_a.pq,1.0,0.08333333333333333,1.0,0.08333333333333333,1.0,1.0,0.08333333333333333,0.4,0.16666666666666666,1.0,0.4166666666666667,1.0,1.0,0.11666666666666665,0.6,0.5,1.0,0.8333333333333334,1.0,1.0,0.31359126984126984,0.4,0.5,0.8,1.0,1.0,1.0,0.31359126984126984,0.3,0.5,0.6,1.0,1.0,1.0,0.31359126984126984,0.24,0.5,0.48,1.0,1.0,1.0,0.31359126984126984,0.2,0.5,0.4,1.0,1.0,1.0,0.31359126984126984,0.17142857142857143,0.5,0.34285714285714286,1.0,1.0,1.0,0.31359126984126984,0.15,0.5,0.3,1.0,1.0,1.0,0.31359126984126984,0.13333333333333333,0.5,0.26666666666666666,1.0,1.0,1.0,0.31359126984126984,0.12,0.5,0.24,1.0,1.0,1.0,0.31359126984126984,llama_nemotron_8b-dj_adpt,10,webtable-la2m_nopca-v=12-distilroberta-dj_adpt~qwen3_8b-dj_adpt
biodiversity_a.pq,1.0,0.09090909090909091,1.0,0.09090909090909091,1.0,1.0,0.09090909090909091,0.6,0.2727272727272727,1.0,0.45454545454545453,1.0,1.0,0.2196969696969697,0.3,0.2727272727272727,1.0,0.9090909090909091,1.0,1.0,0.2196969696969697,0.2,0.2727272727272727,0.7333333333333333,1.0,1.0,1.0,0.2196969696969697,0.15,0.2727272727272727,0.55,1.0,1.0,1.0,0.2196969696969697,0.12,0.2727272727272727,0.44,1.0,1.0,1.0,0.2196969696969697,0.1,0.2727272727272727,0.36666666666666664,1.0,1.0,1.0,0.2196969696969697,0.08571428571428572,0.2727272727272727,0.3142857142857143,1.0,1.0,1.0,0.2196969696969697,0.075,0.2727272727272727,0.275,1.0,1.0,1.0,0.2196969696969697,0.06666666666666667,0.2727272727272727,0.24444444444444444,1.0,1.0,1.0,0.2196969696969697,0.06,0.2727272727272727,0.22,1.0,1.0,1.0,0.2196969696969697,llama_nemotron_8b-dj_adpt,10,webtable-la2m_nopca-v=12-distilroberta-dj_adpt~qwen3_8b-dj_adpt
ydn_spending_data_a.pq,1.0,0.08333333333333333,1.0,0.08333333333333333,1.0,1.0,0.08333333333333333,1.0,0.4166666666666667,1.0,0.4166666666666667,1.0,1.0,0.4166666666666667,1.0,0.8333333333333334,1.0,0.8333333333333334,1.0,1.0,0.8333333333333334,0.8,1.0,0.8,1.0,1.0,1.0,1.0,0.6,1.0,0.6,1.0,1.0,1.0,1.0,0.48,1.0,0.48,1.0,1.0,1.0,1.0,0.4,1.0,0.4,1.0,1.0,1.0,1.0,0.34285714285714286,1.0,0.34285714285714286,1.0,1.0,1.0,1.0,0.3,1.0,0.3,1.0,1.0,1.0,1.0,0.26666666666666666,1.0,0.26666666666666666,1.0,1.0,1.0,1.0,0.24,1.0,0.24,1.0,1.0,1.0,1.0,llama_nemotron_8b-dj_adpt,10,webtable-la2m_nopca-v=12-distilroberta-dj_adpt~qwen3_8b-dj_adpt
practice_reference_a.pq,1.0,0.06666666666666667,1.0,0.06666666666666667,1.0,1.0,0.06666666666666667,1.0,0.3333333333333333,1.0,0.3333333333333333,1.0,1.0,0.3333333333333333,1.0,0.6666666666666666,1.0,0.6666666666666666,1.0,1.0,0.6666666666666666,1.0,1.0,1.0,1.0,1.0,1.0,1.0,0.75,1.0,0.75,1.0,1.0,1.0,1.0,0.6,1.0,0.6,1.0,1.0,1.0,1.0,0.5,1.0,0.5,1.0,1.0,1.0,1.0,0.42857142857142855,1.0,0.42857142857142855,1.0,1.0,1.0,1.0,0.375,1.0,0.375,1.0,1.0,1.0,1.0,0.3333333333333333,1.0,0.3333333333333333,1.0,1.0,1.0,1.0,0.3,1.0,0.3,1.0,1.0,1.0,1.0,llama_nemotron_8b-dj_adpt,10,webtable-la2m_nopca-v=12-distilroberta-dj_adpt~qwen3_8b-dj_adpt
lane_description_b.pq,1.0,0.0625,1.0,0.0625,1.0,1.0,0.0625,1.0,0.3125,1.0,0.3125,1.0,1.0,0.3125,1.0,0.625,1.0,0.625,1.0,1.0,0.625,1.0,0.9375,1.0,0.9375,1.0,1.0,0.9375,0.8,1.0,0.8,1.0,1.0,1.0,1.0,0.64,1.0,0.64,1.0,1.0,1.0,1.0,0.5333333333333333,1.0,0.5333333333333333,1.0,1.0,1.0,1.0,0.45714285714285713,1.0,0.45714285714285713,1.0,1.0,1.0,1.0,0.4,1.0,0.4,1.0,1.0,1.0,1.0,0.35555555555555557,1.0,0.35555555555555557,1.0,1.0,1.0,1.0,0.32,1.0,0.32,1.0,1.0,1.0,1.0,llama_nemotron_8b-dj_adpt,10,webtable-la2m_nopca-v=12-distilroberta-dj_adpt~qwen3_8b-dj_adpt
ipopayments_a.pq,1.0,0.06666666666666667,1.0,0.06666666666666667,1.0,1.0,0.06666666666666667,1.0,0.3333333333333333,1.0,0.3333333333333333,1.0,1.0,0.3333333333333333,0.7,0.4666666666666667,1.0,0.6666666666666666,1.0,1.0,0.4583333333333333,0.4666666666666667,0.4666666666666667,1.0,1.0,1.0,1.0,0.4583333333333333,0.35,0.4666666666666667,0.75,1.0,1.0,1.0,0.4583333333333333,0.28,0.4666666666666667,0.6,1.0,1.0,1.0,0.4583333333333333,0.23333333333333334,0.4666666666666667,0.5,1.0,1.0,1.0,0.4583333333333333,0.22857142857142856,0.5333333333333333,0.42857142857142855,1.0,1.0,1.0,0.4735714285714286,0.325,0.8666666666666667,0.375,1.0,1.0,1.0,0.5697338460496355,0.3111111111111111,0.9333333333333333,0.3333333333333333,1.0,1.0,1.0,0.592498073691912,0.3,1.0,0.3,1.0,1.0,1.0,0.6142372041266946,llama_nemotron_8b-dj_adpt,10,webtable-la2m_nopca-v=12-distilroberta-dj_adpt~qwen3_8b-dj_adpt
mines_b.pq,1.0,0.07142857142857142,1.0,0.07142857142857142,1.0,1.0,0.07142857142857142,0.4,0.14285714285714285,1.0,0.35714285714285715,1.0,1.0,0.14285714285714285,0.2,0.14285714285714285,1.0,0.7142857142857143,1.0,1.0,0.14285714285714285,0.13333333333333333,0.14285714285714285,0.9333333333333333,1.0,1.0,1.0,0.14285714285714285,0.1,0.14285714285714285,0.7,1.0,1.0,1.0,0.14285714285714285,0.08,0.14285714285714285,0.56,1.0,1.0,1.0,0.14285714285714285,0.06666666666666667,0.14285714285714285,0.4666666666666667,1.0,1.0,1.0,0.14285714285714285,0.05714285714285714,0.14285714285714285,0.4,1.0,1.0,1.0,0.14285714285714285,0.05,0.14285714285714285,0.35,1.0,1.0,1.0,0.14285714285714285,0.06666666666666667,0.21428571428571427,0.3111111111111111,1.0,1.0,1.0,0.14761904761904762,0.16,0.5714285714285714,0.28,1.0,1.0,1.0,0.19199023642759602,llama_nemotron_8b-dj_adpt,10,webtable-la2m_nopca-v=12-distilroberta-dj_adpt~qwen3_8b-dj_adpt
oil_and_gas_summary_production_data_1967_1999_a.pq,1.0,0.09090909090909091,1.0,0.09090909090909091,1.0,1.0,0.09090909090909091,1.0,0.45454545454545453,1.0,0.45454545454545453,1.0,1.0,0.45454545454545453,0.9,0.8181818181818182,1.0,0.9090909090909091,1.0,1.0,0.7876262626262627,0.6,0.8181818181818182,0.7333333333333333,1.0,1.0,1.0,0.7876262626262627,0.45,0.8181818181818182,0.55,1.0,1.0,1.0,0.7876262626262627,0.36,0.8181818181818182,0.44,1.0,1.0,1.0,0.7876262626262627,0.3,0.8181818181818182,0.36666666666666664,1.0,1.0,1.0,0.7876262626262627,0.2571428571428571,0.8181818181818182,0.3142857142857143,1.0,1.0,1.0,0.7876262626262627,0.225,0.8181818181818182,0.275,1.0,1.0,1.0,0.7876262626262627,0.2,0.8181818181818182,0.24444444444444444,1.0,1.0,1.0,0.7876262626262627,0.18,0.8181818181818182,0.22,1.0,1.0,1.0,0.7876262626262627,llama_nemotron_8b-dj_adpt,10,webtable-la2m_nopca-v=12-distilroberta-dj_adpt~qwen3_8b-dj_adpt
immigration_records_a.pq,1.0,0.0625,1.0,0.0625,1.0,1.0,0.0625,1.0,0.3125,1.0,0.3125,1.0,1.0,0.3125,0.7,0.4375,1.0,0.625,1.0,1.0,0.4375,0.6,0.5625,1.0,0.9375,1.0,1.0,0.5166666666666666,0.5,0.625,0.8,1.0,1.0,1.0,0.5557291666666666,0.4,0.625,0.64,1.0,1.0,1.0,0.5557291666666666,0.3333333333333333,0.625,0.5333333333333333,1.0,1.0,1.0,0.5557291666666666,0.37142857142857144,0.8125,0.45714285714285713,1.0,1.0,1.0,0.6245583717357911,0.325,0.8125,0.4,1.0,1.0,1.0,0.6245583717357911,0.28888888888888886,0.8125,0.35555555555555557,1.0,1.0,1.0,0.6245583717357911,0.26,0.8125,0.32,1.0,1.0,1.0,0.6245583717357911,llama_nemotron_8b-dj_adpt,10,webtable-la2m_nopca-v=12-distilroberta-dj_adpt~qwen3_8b-dj_adpt
complaint_by_practice_b.pq,1.0,0.07692307692307693,1.0,0.07692307692307693,1.0,1.0,0.07692307692307693,1.0,0.38461538461538464,1.0,0.38461538461538464,1.0,1.0,0.38461538461538464,1.0,0.7692307692307693,1.0,0.7692307692307693,1.0,1.0,0.7692307692307693,0.8666666666666667,1.0,0.8666666666666667,1.0,1.0,1.0,0.9897435897435898,0.65,1.0,0.65,1.0,1.0,1.0,0.9897435897435898,0.52,1.0,0.52,1.0,1.0,1.0,0.9897435897435898,0.43333333333333335,1.0,0.43333333333333335,1.0,1.0,1.0,0.9897435897435898,0.37142857142857144,1.0,0.37142857142857144,1.0,1.0,1.0,0.9897435897435898,0.325,1.0,0.325,1.0,1.0,1.0,0.9897435897435898,0.28888888888888886,1.0,0.28888888888888886,1.0,1.0,1.0,0.9897435897435898,0.26,1.0,0.26,1.0,1.0,1.0,0.9897435897435898,llama_nemotron_8b-dj_adpt,10,webtable-la2m_nopca-v=12-distilroberta-dj_adpt~qwen3_8b-dj_adpt
cdc_nutrition_physical_activity_and_obesity_legislation_a.pq,1.0,0.09090909090909091,1.0,0.09090909090909091,1.0,1.0,0.09090909090909091,1.0,0.45454545454545453,1.0,0.45454545454545453,1.0,1.0,0.45454545454545453,1.0,0.9090909090909091,1.0,0.9090909090909091,1.0,1.0,0.9090909090909091,0.7333333333333333,1.0,0.7333333333333333,1.0,1.0,1.0,0.9805194805194806,0.55,1.0,0.55,1.0,1.0,1.0,0.9805194805194806,0.44,1.0,0.44,1.0,1.0,1.0,0.9805194805194806,0.36666666666666664,1.0,0.36666666666666664,1.0,1.0,1.0,0.9805194805194806,0.3142857142857143,1.0,0.3142857142857143,1.0,1.0,1.0,0.9805194805194806,0.275,1.0,0.275,1.0,1.0,1.0,0.9805194805194806,0.24444444444444444,1.0,0.24444444444444444,1.0,1.0,1.0,0.9805194805194806,0.22,1.0,0.22,1.0,1.0,1.0,0.9805194805194806,llama_nemotron_8b-dj_adpt,10,webtable-la2m_nopca-v=12-distilroberta-dj_adpt~qwen3_8b-dj_adpt
prescribing_b.pq,1.0,0.06666666666666667,1.0,0.06666666666666667,1.0,1.0,0.06666666666666667,1.0,0.3333333333333333,1.0,0.3333333333333333,1.0,1.0,0.3333333333333333,1.0,0.6666666666666666,1.0,0.6666666666666666,1.0,1.0,0.6666666666666666,0.7333333333333333,0.7333333333333333,1.0,1.0,1.0,1.0,0.7155555555555555,0.75,1.0,0.75,1.0,1.0,1.0,0.9183877995642701,0.6,1.0,0.6,1.0,1.0,1.0,0.9183877995642701,0.5,1.0,0.5,1.0,1.0,1.0,0.9183877995642701,0.42857142857142855,1.0,0.42857142857142855,1.0,1.0,1.0,0.9183877995642701,0.375,1.0,0.375,1.0,1.0,1.0,0.9183877995642701,0.3333333333333333,1.0,0.3333333333333333,1.0,1.0,1.0,0.9183877995642701,0.3,1.0,0.3,1.0,1.0,1.0,0.9183877995642701,llama_nemotron_8b-dj_adpt,10,webtable-la2m_nopca-v=12-distilroberta-dj_adpt~qwen3_8b-dj_adpt
data_mill_a.pq,1.0,0.07142857142857142,1.0,0.07142857142857142,1.0,1.0,0.07142857142857142,0.6,0.21428571428571427,1.0,0.35714285714285715,1.0,1.0,0.21428571428571427,0.6,0.42857142857142855,1.0,0.7142857142857143,1.0,1.0,0.3325396825396826,0.4,0.42857142857142855,0.9333333333333333,1.0,1.0,1.0,0.3325396825396826,0.35,0.5,0.7,1.0,1.0,1.0,0.35753968253968255,0.28,0.5,0.56,1.0,1.0,1.0,0.35753968253968255,0.23333333333333334,0.5,0.4666666666666667,1.0,1.0,1.0,0.35753968253968255,0.2,0.5,0.4,1.0,1.0,1.0,0.35753968253968255,0.175,0.5,0.35,1.0,1.0,1.0,0.35753968253968255,0.15555555555555556,0.5,0.3111111111111111,1.0,1.0,1.0,0.35753968253968255,0.16,0.5714285714285714,0.28,1.0,1.0,1.0,0.3699620427881297,llama_nemotron_8b-dj_adpt,10,webtable-la2m_nopca-v=12-distilroberta-dj_adpt~qwen3_8b-dj_adpt
ydn_spending_data_b.pq,1.0,0.08333333333333333,1.0,0.08333333333333333,1.0,1.0,0.08333333333333333,1.0,0.4166666666666667,1.0,0.4166666666666667,1.0,1.0,0.4166666666666667,1.0,0.8333333333333334,1.0,0.8333333333333334,1.0,1.0,0.8333333333333334,0.8,1.0,0.8,1.0,1.0,1.0,1.0,0.6,1.0,0.6,1.0,1.0,1.0,1.0,0.48,1.0,0.48,1.0,1.0,1.0,1.0,0.4,1.0,0.4,1.0,1.0,1.0,1.0,0.34285714285714286,1.0,0.34285714285714286,1.0,1.0,1.0,1.0,0.3,1.0,0.3,1.0,1.0,1.0,1.0,0.26666666666666666,1.0,0.26666666666666666,1.0,1.0,1.0,1.0,0.24,1.0,0.24,1.0,1.0,1.0,1.0,llama_nemotron_8b-dj_adpt,10,webtable-la2m_nopca-v=12-distilroberta-dj_adpt~qwen3_8b-dj_adpt
workforce_management_information_b.pq,1.0,0.05555555555555555,1.0,0.05555555555555555,1.0,1.0,0.05555555555555555,1.0,0.2777777777777778,1.0,0.2777777777777778,1.0,1.0,0.2777777777777778,1.0,0.5555555555555556,1.0,0.5555555555555556,1.0,1.0,0.5555555555555556,0.8666666666666667,0.7222222222222222,1.0,0.8333333333333334,1.0,1.0,0.7222222222222222,0.65,0.7222222222222222,0.9,1.0,1.0,1.0,0.7222222222222222,0.64,0.8888888888888888,0.72,1.0,1.0,1.0,0.8293631971892841,0.5333333333333333,0.8888888888888888,0.6,1.0,1.0,1.0,0.8293631971892841,0.5142857142857142,1.0,0.5142857142857142,1.0,1.0,1.0,0.8857124035384905,0.45,1.0,0.45,1.0,1.0,1.0,0.8857124035384905,0.4,1.0,0.4,1.0,1.0,1.0,0.8857124035384905,0.36,1.0,0.36,1.0,1.0,1.0,0.8857124035384905,llama_nemotron_8b-dj_adpt,10,webtable-la2m_nopca-v=12-distilroberta-dj_adpt~qwen3_8b-dj_adpt
job_pay_scales_a.pq,1.0,0.06666666666666667,1.0,0.06666666666666667,1.0,1.0,0.06666666666666667,0.6,0.2,1.0,0.3333333333333333,1.0,1.0,0.2,0.7,0.4666666666666667,1.0,0.6666666666666666,1.0,1.0,0.3708730158730159,0.6,0.6,1.0,1.0,1.0,1.0,0.4693578643578643,0.45,0.6,0.75,1.0,1.0,1.0,0.4693578643578643,0.36,0.6,0.6,1.0,1.0,1.0,0.4693578643578643,0.3333333333333333,0.6666666666666666,0.5,1.0,1.0,1.0,0.4915800865800866,0.37142857142857144,0.8666666666666667,0.42857142857142855,1.0,1.0,1.0,0.5649686208794368,0.325,0.8666666666666667,0.375,1.0,1.0,1.0,0.5649686208794368,0.28888888888888886,0.8666666666666667,0.3333333333333333,1.0,1.0,1.0,0.5649686208794368,0.26,0.8666666666666667,0.3,1.0,1.0,1.0,0.5649686208794368,llama_nemotron_8b-dj_adpt,10,webtable-la2m_nopca-v=12-distilroberta-dj_adpt~qwen3_8b-dj_adpt
311_calls_historic_data_a.pq,1.0,0.09090909090909091,1.0,0.09090909090909091,1.0,1.0,0.09090909090909091,0.2,0.09090909090909091,1.0,0.45454545454545453,1.0,1.0,0.09090909090909091,0.1,0.09090909090909091,1.0,0.9090909090909091,1.0,1.0,0.09090909090909091,0.06666666666666667,0.09090909090909091,0.7333333333333333,1.0,1.0,1.0,0.09090909090909091,0.05,0.09090909090909091,0.55,1.0,1.0,1.0,0.09090909090909091,0.04,0.09090909090909091,0.44,1.0,1.0,1.0,0.09090909090909091,0.03333333333333333,0.09090909090909091,0.36666666666666664,1.0,1.0,1.0,0.09090909090909091,0.02857142857142857,0.09090909090909091,0.3142857142857143,1.0,1.0,1.0,0.09090909090909091,0.025,0.09090909090909091,0.275,1.0,1.0,1.0,0.09090909090909091,0.08888888888888889,0.36363636363636365,0.24444444444444444,1.0,1.0,1.0,0.10941657590706216,0.18,0.8181818181818182,0.22,1.0,1.0,1.0,0.17536692737049675,llama_nemotron_8b-dj_adpt,10,webtable-la2m_nopca-v=12-distilroberta-dj_adpt~qwen3_8b-dj_adpt
mines_a.pq,1.0,0.07142857142857142,1.0,0.07142857142857142,1.0,1.0,0.07142857142857142,1.0,0.35714285714285715,1.0,0.35714285714285715,1.0,1.0,0.35714285714285715,1.0,0.7142857142857143,1.0,0.7142857142857143,1.0,1.0,0.7142857142857143,0.6666666666666666,0.7142857142857143,0.9333333333333333,1.0,1.0,1.0,0.7142857142857143,0.5,0.7142857142857143,0.7,1.0,1.0,1.0,0.7142857142857143,0.4,0.7142857142857143,0.56,1.0,1.0,1.0,0.7142857142857143,0.3333333333333333,0.7142857142857143,0.4666666666666667,1.0,1.0,1.0,0.7142857142857143,0.2857142857142857,0.7142857142857143,0.4,1.0,1.0,1.0,0.7142857142857143,0.25,0.7142857142857143,0.35,1.0,1.0,1.0,0.7142857142857143,0.2222222222222222,0.7142857142857143,0.3111111111111111,1.0,1.0,1.0,0.7142857142857143,0.2,0.7142857142857143,0.28,1.0,1.0,1.0,0.7142857142857143,llama_nemotron_8b-dj_adpt,10,webtable-la2m_nopca-v=12-distilroberta-dj_adpt~qwen3_8b-dj_adpt
prescribing_a.pq,1.0,0.06666666666666667,1.0,0.06666666666666667,1.0,1.0,0.06666666666666667,1.0,0.3333333333333333,1.0,0.3333333333333333,1.0,1.0,0.3333333333333333,1.0,0.6666666666666666,1.0,0.6666666666666666,1.0,1.0,0.6666666666666666,0.7333333333333333,0.7333333333333333,1.0,1.0,1.0,1.0,0.7155555555555555,0.75,1.0,0.75,1.0,1.0,1.0,0.9183877995642701,0.6,1.0,0.6,1.0,1.0,1.0,0.9183877995642701,0.5,1.0,0.5,1.0,1.0,1.0,0.9183877995642701,0.42857142857142855,1.0,0.42857142857142855,1.0,1.0,1.0,0.9183877995642701,0.375,1.0,0.375,1.0,1.0,1.0,0.9183877995642701,0.3333333333333333,1.0,0.3333333333333333,1.0,1.0,1.0,0.9183877995642701,0.3,1.0,0.3,1.0,1.0,1.0,0.9183877995642701,llama_nemotron_8b-dj_adpt,10,webtable-la2m_nopca-v=12-distilroberta-dj_adpt~qwen3_8b-dj_adpt
psyckes_antipsychotic_polypharmacy_quality_indicators_beginning_2012_a.pq,1.0,0.09090909090909091,1.0,0.09090909090909091,1.0,1.0,0.09090909090909091,0.2,0.09090909090909091,1.0,0.45454545454545453,1.0,1.0,0.09090909090909091,0.1,0.09090909090909091,1.0,0.9090909090909091,1.0,1.0,0.09090909090909091,0.06666666666666667,0.09090909090909091,0.7333333333333333,1.0,1.0,1.0,0.09090909090909091,0.05,0.09090909090909091,0.55,1.0,1.0,1.0,0.09090909090909091,0.04,0.09090909090909091,0.44,1.0,1.0,1.0,0.09090909090909091,0.03333333333333333,0.09090909090909091,0.36666666666666664,1.0,1.0,1.0,0.09090909090909091,0.02857142857142857,0.09090909090909091,0.3142857142857143,1.0,1.0,1.0,0.09090909090909091,0.025,0.09090909090909091,0.275,1.0,1.0,1.0,0.09090909090909091,0.022222222222222223,0.09090909090909091,0.24444444444444444,1.0,1.0,1.0,0.09090909090909091,0.02,0.09090909090909091,0.22,1.0,1.0,1.0,0.09090909090909091,llama_nemotron_8b-dj_adpt,10,webtable-la2m_nopca-v=12-distilroberta-dj_adpt~qwen3_8b-dj_adpt
abandoned_wells_a.pq,1.0,0.09090909090909091,1.0,0.09090909090909091,1.0,1.0,0.09090909090909091,1.0,0.45454545454545453,1.0,0.45454545454545453,1.0,1.0,0.45454545454545453,1.0,0.9090909090909091,1.0,0.9090909090909091,1.0,1.0,0.9090909090909091,0.7333333333333333,1.0,0.7333333333333333,1.0,1.0,1.0,1.0,0.55,1.0,0.55,1.0,1.0,1.0,1.0,0.44,1.0,0.44,1.0,1.0,1.0,1.0,0.36666666666666664,1.0,0.36666666666666664,1.0,1.0,1.0,1.0,0.3142857142857143,1.0,0.3142857142857143,1.0,1.0,1.0,1.0,0.275,1.0,0.275,1.0,1.0,1.0,1.0,0.24444444444444444,1.0,0.24444444444444444,1.0,1.0,1.0,1.0,0.22,1.0,0.22,1.0,1.0,1.0,1.0,llama_nemotron_8b-dj_adpt,10,webtable-la2m_nopca-v=12-distilroberta-dj_adpt~qwen3_8b-dj_adpt
film_locations_in_san_francisco_a.pq,1.0,0.07692307692307693,1.0,0.07692307692307693,1.0,1.0,0.07692307692307693,1.0,0.38461538461538464,1.0,0.38461538461538464,1.0,1.0,0.38461538461538464,1.0,0.7692307692307693,1.0,0.7692307692307693,1.0,1.0,0.7692307692307693,0.8666666666666667,1.0,0.8666666666666667,1.0,1.0,1.0,1.0,0.65,1.0,0.65,1.0,1.0,1.0,1.0,0.52,1.0,0.52,1.0,1.0,1.0,1.0,0.43333333333333335,1.0,0.43333333333333335,1.0,1.0,1.0,1.0,0.37142857142857144,1.0,0.37142857142857144,1.0,1.0,1.0,1.0,0.325,1.0,0.325,1.0,1.0,1.0,1.0,0.28888888888888886,1.0,0.28888888888888886,1.0,1.0,1.0,1.0,0.26,1.0,0.26,1.0,1.0,1.0,1.0,llama_nemotron_8b-dj_adpt,10,webtable-la2m_nopca-v=12-distilroberta-dj_adpt~qwen3_8b-dj_adpt
contributors_parties_b.pq,1.0,0.047619047619047616,1.0,0.047619047619047616,1.0,1.0,0.047619047619047616,1.0,0.23809523809523808,1.0,0.23809523809523808,1.0,1.0,0.23809523809523808,0.5,0.23809523809523808,1.0,0.47619047619047616,1.0,1.0,0.23809523809523808,0.5333333333333333,0.38095238095238093,1.0,0.7142857142857143,1.0,1.0,0.3092796092796093,0.45,0.42857142857142855,1.0,0.9523809523809523,1.0,1.0,0.3360653235653236,0.36,0.42857142857142855,0.84,1.0,1.0,1.0,0.3360653235653236,0.3,0.42857142857142855,0.7,1.0,1.0,1.0,0.3360653235653236,0.2571428571428571,0.42857142857142855,0.6,1.0,1.0,1.0,0.3360653235653236,0.225,0.42857142857142855,0.525,1.0,1.0,1.0,0.3360653235653236,0.2,0.42857142857142855,0.4666666666666667,1.0,1.0,1.0,0.3360653235653236,0.18,0.42857142857142855,0.42,1.0,1.0,1.0,0.3360653235653236,llama_nemotron_8b-dj_adpt,10,webtable-la2m_nopca-v=12-distilroberta-dj_adpt~qwen3_8b-dj_adpt
stockport_contracts_b.pq,1.0,0.07692307692307693,1.0,0.07692307692307693,1.0,1.0,0.07692307692307693,0.6,0.23076923076923078,1.0,0.38461538461538464,1.0,1.0,0.16153846153846155,0.4,0.3076923076923077,1.0,0.7692307692307693,1.0,1.0,0.19230769230769232,0.4,0.46153846153846156,0.8666666666666667,1.0,1.0,1.0,0.26573426573426573,0.3,0.46153846153846156,0.65,1.0,1.0,1.0,0.26573426573426573,0.28,0.5384615384615384,0.52,1.0,1.0,1.0,0.28727272727272724,0.3333333333333333,0.7692307692307693,0.43333333333333335,1.0,1.0,1.0,0.3621918399902485,0.34285714285714286,0.9230769230769231,0.37142857142857144,1.0,1.0,1.0,0.4158607517236763,0.325,1.0,0.325,1.0,1.0,1.0,0.44086075172367634,0.28888888888888886,1.0,0.28888888888888886,1.0,1.0,1.0,0.44086075172367634,0.26,1.0,0.26,1.0,1.0,1.0,0.44086075172367634,llama_nemotron_8b-dj_adpt,10,webtable-la2m_nopca-v=12-distilroberta-dj_adpt~qwen3_8b-dj_adpt
new_york_city_restaurant_inspection_results_a.pq,1.0,0.03225806451612903,1.0,0.03225806451612903,1.0,1.0,0.03225806451612903,0.8,0.12903225806451613,1.0,0.16129032258064516,1.0,1.0,0.12258064516129032,0.8,0.25806451612903225,1.0,0.3225806451612903,1.0,1.0,0.23401177675371226,0.6666666666666666,0.3225806451612903,1.0,0.4838709677419355,1.0,1.0,0.2812467997951869,0.5,0.3225806451612903,1.0,0.6451612903225806,1.0,1.0,0.2812467997951869,0.4,0.3225806451612903,1.0,0.8064516129032258,1.0,1.0,0.2812467997951869,0.4,0.3870967741935484,1.0,0.967741935483871,1.0,1.0,0.3063858431767219,0.4857142857142857,0.5483870967741935,0.8857142857142857,1.0,1.0,1.0,0.37953754686264246,0.525,0.6774193548387096,0.775,1.0,1.0,1.0,0.44657918690937587,0.4666666666666667,0.6774193548387096,0.6888888888888889,1.0,1.0,1.0,0.44657918690937587,0.42,0.6774193548387096,0.62,1.0,1.0,1.0,0.44657918690937587,llama_nemotron_8b-dj_adpt,10,webtable-la2m_nopca-v=12-distilroberta-dj_adpt~qwen3_8b-dj_adpt
data_mill_b.pq,1.0,0.07142857142857142,1.0,0.07142857142857142,1.0,1.0,0.07142857142857142,0.6,0.21428571428571427,1.0,0.35714285714285715,1.0,1.0,0.21428571428571427,0.6,0.42857142857142855,1.0,0.7142857142857143,1.0,1.0,0.36054421768707484,0.4,0.42857142857142855,0.9333333333333333,1.0,1.0,1.0,0.36054421768707484,0.3,0.42857142857142855,0.7,1.0,1.0,1.0,0.36054421768707484,0.28,0.5,0.56,1.0,1.0,1.0,0.38228334812185744,0.26666666666666666,0.5714285714285714,0.4666666666666667,1.0,1.0,1.0,0.4034473692858786,0.22857142857142856,0.5714285714285714,0.4,1.0,1.0,1.0,0.4034473692858786,0.225,0.6428571428571429,0.35,1.0,1.0,1.0,0.42082188666039594,0.2,0.6428571428571429,0.3111111111111111,1.0,1.0,1.0,0.42082188666039594,0.18,0.6428571428571429,0.28,1.0,1.0,1.0,0.42082188666039594,llama_nemotron_8b-dj_adpt,10,webtable-la2m_nopca-v=12-distilroberta-dj_adpt~qwen3_8b-dj_adpt
senior_officials_expenses_a.pq,1.0,0.09090909090909091,1.0,0.09090909090909091,1.0,1.0,0.09090909090909091,0.2,0.09090909090909091,1.0,0.45454545454545453,1.0,1.0,0.09090909090909091,0.1,0.09090909090909091,1.0,0.9090909090909091,1.0,1.0,0.09090909090909091,0.06666666666666667,0.09090909090909091,0.7333333333333333,1.0,1.0,1.0,0.09090909090909091,0.1,0.18181818181818182,0.55,1.0,1.0,1.0,0.10101010101010101,0.12,0.2727272727272727,0.44,1.0,1.0,1.0,0.11286780851998243,0.1,0.2727272727272727,0.36666666666666664,1.0,1.0,1.0,0.11286780851998243,0.11428571428571428,0.36363636363636365,0.3142857142857143,1.0,1.0,1.0,0.12388709226653892,0.1,0.36363636363636365,0.275,1.0,1.0,1.0,0.12388709226653892,0.08888888888888889,0.36363636363636365,0.24444444444444444,1.0,1.0,1.0,0.12388709226653892,0.14,0.6363636363636364,0.22,1.0,1.0,1.0,0.1572157873809483,llama_nemotron_8b-dj_adpt,10,webtable-la2m_nopca-v=12-distilroberta-dj_adpt~qwen3_8b-dj_adpt
tuition_assistance_program_tap_recipients_a.pq,1.0,0.09090909090909091,1.0,0.09090909090909091,1.0,1.0,0.09090909090909091,0.2,0.09090909090909091,1.0,0.45454545454545453,1.0,1.0,0.09090909090909091,0.1,0.09090909090909091,1.0,0.9090909090909091,1.0,1.0,0.09090909090909091,0.06666666666666667,0.09090909090909091,0.7333333333333333,1.0,1.0,1.0,0.09090909090909091,0.05,0.09090909090909091,0.55,1.0,1.0,1.0,0.09090909090909091,0.04,0.09090909090909091,0.44,1.0,1.0,1.0,0.09090909090909091,0.03333333333333333,0.09090909090909091,0.36666666666666664,1.0,1.0,1.0,0.09090909090909091,0.02857142857142857,0.09090909090909091,0.3142857142857143,1.0,1.0,1.0,0.09090909090909091,0.025,0.09090909090909091,0.275,1.0,1.0,1.0,0.09090909090909091,0.022222222222222223,0.09090909090909091,0.24444444444444444,1.0,1.0,1.0,0.09090909090909091,0.02,0.09090909090909091,0.22,1.0,1.0,1.0,0.09090909090909091,llama_nemotron_8b-dj_adpt,10,webtable-la2m_nopca-v=12-distilroberta-dj_adpt~qwen3_8b-dj_adpt
workforce_management_information_a.pq,1.0,0.05555555555555555,1.0,0.05555555555555555,1.0,1.0,0.05555555555555555,1.0,0.2777777777777778,1.0,0.2777777777777778,1.0,1.0,0.2777777777777778,1.0,0.5555555555555556,1.0,0.5555555555555556,1.0,1.0,0.5555555555555556,0.8666666666666667,0.7222222222222222,1.0,0.8333333333333334,1.0,1.0,0.7182539682539683,0.7,0.7777777777777778,0.9,1.0,1.0,1.0,0.7571428571428571,0.64,0.8888888888888888,0.72,1.0,1.0,1.0,0.8336689880168141,0.5333333333333333,0.8888888888888888,0.6,1.0,1.0,1.0,0.8336689880168141,0.5142857142857142,1.0,0.5142857142857142,1.0,1.0,1.0,0.8934859072087333,0.45,1.0,0.45,1.0,1.0,1.0,0.8934859072087333,0.4,1.0,0.4,1.0,1.0,1.0,0.8934859072087333,0.36,1.0,0.36,1.0,1.0,1.0,0.8934859072087333,llama_nemotron_8b-dj_adpt,10,webtable-la2m_nopca-v=12-distilroberta-dj_adpt~qwen3_8b-dj_adpt
lane_description_a.pq,1.0,0.0625,1.0,0.0625,1.0,1.0,0.0625,1.0,0.3125,1.0,0.3125,1.0,1.0,0.3125,1.0,0.625,1.0,0.625,1.0,1.0,0.625,0.9333333333333333,0.875,1.0,0.9375,1.0,1.0,0.875,0.8,1.0,0.8,1.0,1.0,1.0,0.985702614379085,0.64,1.0,0.64,1.0,1.0,1.0,0.985702614379085,0.5333333333333333,1.0,0.5333333333333333,1.0,1.0,1.0,0.985702614379085,0.45714285714285713,1.0,0.45714285714285713,1.0,1.0,1.0,0.985702614379085,0.4,1.0,0.4,1.0,1.0,1.0,0.985702614379085,0.35555555555555557,1.0,0.35555555555555557,1.0,1.0,1.0,0.985702614379085,0.32,1.0,0.32,1.0,1.0,1.0,0.985702614379085,llama_nemotron_8b-dj_adpt,10,webtable-la2m_nopca-v=12-distilroberta-dj_adpt~qwen3_8b-dj_adpt
albums_a.pq,1.0,0.0625,1.0,0.0625,1.0,1.0,0.0625,1.0,0.3125,1.0,0.3125,1.0,1.0,0.3125,1.0,0.625,1.0,0.625,1.0,1.0,0.625,1.0,0.9375,1.0,0.9375,1.0,1.0,0.9375,0.8,1.0,0.8,1.0,1.0,1.0,1.0,0.64,1.0,0.64,1.0,1.0,1.0,1.0,0.5333333333333333,1.0,0.5333333333333333,1.0,1.0,1.0,1.0,0.45714285714285713,1.0,0.45714285714285713,1.0,1.0,1.0,1.0,0.4,1.0,0.4,1.0,1.0,1.0,1.0,0.35555555555555557,1.0,0.35555555555555557,1.0,1.0,1.0,1.0,0.32,1.0,0.32,1.0,1.0,1.0,1.0,llama_nemotron_8b-dj_adpt,10,webtable-la2m_nopca-v=12-distilroberta-dj_adpt~qwen3_8b-dj_adpt
deaths_2012_2018_a.pq,1.0,0.09090909090909091,1.0,0.09090909090909091,1.0,1.0,0.09090909090909091,1.0,0.45454545454545453,1.0,0.45454545454545453,1.0,1.0,0.45454545454545453,0.6,0.5454545454545454,1.0,0.9090909090909091,1.0,1.0,0.5454545454545454,0.4,0.5454545454545454,0.7333333333333333,1.0,1.0,1.0,0.5454545454545454,0.4,0.7272727272727273,0.55,1.0,1.0,1.0,0.6171717171717171,0.32,0.7272727272727273,0.44,1.0,1.0,1.0,0.6171717171717171,0.26666666666666666,0.7272727272727273,0.36666666666666664,1.0,1.0,1.0,0.6171717171717171,0.22857142857142856,0.7272727272727273,0.3142857142857143,1.0,1.0,1.0,0.6171717171717171,0.2,0.7272727272727273,0.275,1.0,1.0,1.0,0.6171717171717171,0.17777777777777778,0.7272727272727273,0.24444444444444444,1.0,1.0,1.0,0.6171717171717171,0.16,0.7272727272727273,0.22,1.0,1.0,1.0,0.6171717171717171,llama_nemotron_8b-dj_adpt,10,webtable-la2m_nopca-v=12-distilroberta-dj_adpt~qwen3_8b-dj_adpt
minister_meetings_a.pq,1.0,0.1,1.0,0.1,1.0,1.0,0.1,0.6,0.3,1.0,0.5,1.0,1.0,0.3,0.3,0.3,1.0,1.0,1.0,1.0,0.3,0.2,0.3,0.6666666666666666,1.0,1.0,1.0,0.3,0.2,0.4,0.5,1.0,1.0,1.0,0.32105263157894737,0.2,0.5,0.4,1.0,1.0,1.0,0.3418859649122807,0.16666666666666666,0.5,0.3333333333333333,1.0,1.0,1.0,0.3418859649122807,0.14285714285714285,0.5,0.2857142857142857,1.0,1.0,1.0,0.3418859649122807,0.125,0.5,0.25,1.0,1.0,1.0,0.3418859649122807,0.1111111111111111,0.5,0.2222222222222222,1.0,1.0,1.0,0.3418859649122807,0.1,0.5,0.2,1.0,1.0,1.0,0.3418859649122807,llama_nemotron_8b-dj_adpt,10,webtable-la2m_nopca-v=12-distilroberta-dj_adpt~qwen3_8b-dj_adpt
monthly_data_feed_a.pq,1.0,0.07692307692307693,1.0,0.07692307692307693,1.0,1.0,0.07692307692307693,1.0,0.38461538461538464,1.0,0.38461538461538464,1.0,1.0,0.38461538461538464,0.7,0.5384615384615384,1.0,0.7692307692307693,1.0,1.0,0.5288461538461539,0.6,0.6923076923076923,0.8666666666666667,1.0,1.0,1.0,0.6189560439560439,0.45,0.6923076923076923,0.65,1.0,1.0,1.0,0.6189560439560439,0.36,0.6923076923076923,0.52,1.0,1.0,1.0,0.6189560439560439,0.36666666666666664,0.8461538461538461,0.43333333333333335,1.0,1.0,1.0,0.6766237912789637,0.3142857142857143,0.8461538461538461,0.37142857142857144,1.0,1.0,1.0,0.6766237912789637,0.275,0.8461538461538461,0.325,1.0,1.0,1.0,0.6766237912789637,0.26666666666666666,0.9230769230769231,0.28888888888888886,1.0,1.0,1.0,0.6971366117917841,0.24,0.9230769230769231,0.26,1.0,1.0,1.0,0.6971366117917841,llama_nemotron_8b-dj_adpt,10,webtable-la2m_nopca-v=12-distilroberta-dj_adpt~qwen3_8b-dj_adpt
cihr_co-applicant_a.pq,1.0,0.08333333333333333,1.0,0.08333333333333333,1.0,1.0,0.08333333333333333,0.6,0.25,1.0,0.4166666666666667,1.0,1.0,0.17500000000000002,0.8,0.6666666666666666,1.0,0.8333333333333334,1.0,1.0,0.4840608465608465,0.8,1.0,0.8,1.0,1.0,1.0,0.7636285011285011,0.6,1.0,0.6,1.0,1.0,1.0,0.7636285011285011,0.48,1.0,0.48,1.0,1.0,1.0,0.7636285011285011,0.4,1.0,0.4,1.0,1.0,1.0,0.7636285011285011,0.34285714285714286,1.0,0.34285714285714286,1.0,1.0,1.0,0.7636285011285011,0.3,1.0,0.3,1.0,1.0,1.0,0.7636285011285011,0.26666666666666666,1.0,0.26666666666666666,1.0,1.0,1.0,0.7636285011285011,0.24,1.0,0.24,1.0,1.0,1.0,0.7636285011285011,llama_nemotron_8b-dj_adpt,10,webtable-la2m_nopca-v=12-distilroberta-dj_adpt~qwen3_8b-dj_adpt
ipopayments_b.pq,1.0,0.06666666666666667,1.0,0.06666666666666667,1.0,1.0,0.06666666666666667,1.0,0.3333333333333333,1.0,0.3333333333333333,1.0,1.0,0.3333333333333333,0.7,0.4666666666666667,1.0,0.6666666666666666,1.0,1.0,0.4583333333333333,0.4666666666666667,0.4666666666666667,1.0,1.0,1.0,1.0,0.4583333333333333,0.35,0.4666666666666667,0.75,1.0,1.0,1.0,0.4583333333333333,0.28,0.4666666666666667,0.6,1.0,1.0,1.0,0.4583333333333333,0.23333333333333334,0.4666666666666667,0.5,1.0,1.0,1.0,0.4583333333333333,0.2571428571428571,0.6,0.42857142857142855,1.0,1.0,1.0,0.4911624649859944,0.35,0.9333333333333333,0.375,1.0,1.0,1.0,0.5961089904588357,0.3333333333333333,1.0,0.3333333333333333,1.0,1.0,1.0,0.6188362631861083,0.3,1.0,0.3,1.0,1.0,1.0,0.6188362631861083,llama_nemotron_8b-dj_adpt,10,webtable-la2m_nopca-v=12-distilroberta-dj_adpt~qwen3_8b-dj_adpt
cihr_co-applicant_b.pq,1.0,0.08333333333333333,1.0,0.08333333333333333,1.0,1.0,0.08333333333333333,1.0,0.4166666666666667,1.0,0.4166666666666667,1.0,1.0,0.4166666666666667,1.0,0.8333333333333334,1.0,0.8333333333333334,1.0,1.0,0.8333333333333334,0.8,1.0,0.8,1.0,1.0,1.0,1.0,0.6,1.0,0.6,1.0,1.0,1.0,1.0,0.48,1.0,0.48,1.0,1.0,1.0,1.0,0.4,1.0,0.4,1.0,1.0,1.0,1.0,0.34285714285714286,1.0,0.34285714285714286,1.0,1.0,1.0,1.0,0.3,1.0,0.3,1.0,1.0,1.0,1.0,0.26666666666666666,1.0,0.26666666666666666,1.0,1.0,1.0,1.0,0.24,1.0,0.24,1.0,1.0,1.0,1.0,llama_nemotron_8b-dj_adpt,10,webtable-la2m_nopca-v=12-distilroberta-dj_adpt~qwen3_8b-dj_adpt
civic_building_locations_a.pq,1.0,0.08333333333333333,1.0,0.08333333333333333,1.0,1.0,0.08333333333333333,0.6,0.25,1.0,0.4166666666666667,1.0,1.0,0.25,0.7,0.5833333333333334,1.0,0.8333333333333334,1.0,1.0,0.46359126984126986,0.6,0.75,0.8,1.0,1.0,1.0,0.5648733211233211,0.45,0.75,0.6,1.0,1.0,1.0,0.5648733211233211,0.4,0.8333333333333334,0.48,1.0,1.0,1.0,0.5995955433455433,0.36666666666666664,0.9166666666666666,0.4,1.0,1.0,1.0,0.6312047387478422,0.3142857142857143,0.9166666666666666,0.34285714285714286,1.0,1.0,1.0,0.6312047387478422,0.275,0.9166666666666666,0.3,1.0,1.0,1.0,0.6312047387478422,0.24444444444444444,0.9166666666666666,0.26666666666666666,1.0,1.0,1.0,0.6312047387478422,0.22,0.9166666666666666,0.24,1.0,1.0,1.0,0.6312047387478422,llama_nemotron_8b-dj_adpt,10,webtable-la2m_nopca-v=12-distilroberta-dj_adpt~qwen3_8b-dj_adpt
animal_tag_data_b.pq,1.0,0.08333333333333333,1.0,0.08333333333333333,1.0,1.0,0.08333333333333333,1.0,0.4166666666666667,1.0,0.4166666666666667,1.0,1.0,0.4166666666666667,1.0,0.8333333333333334,1.0,0.8333333333333334,1.0,1.0,0.8333333333333334,0.6666666666666666,0.8333333333333334,0.8,1.0,1.0,1.0,0.8333333333333334,0.5,0.8333333333333334,0.6,1.0,1.0,1.0,0.8333333333333334,0.4,0.8333333333333334,0.48,1.0,1.0,1.0,0.8333333333333334,0.3333333333333333,0.8333333333333334,0.4,1.0,1.0,1.0,0.8333333333333334,0.2857142857142857,0.8333333333333334,0.34285714285714286,1.0,1.0,1.0,0.8333333333333334,0.275,0.9166666666666666,0.3,1.0,1.0,1.0,0.8574561403508771,0.24444444444444444,0.9166666666666666,0.26666666666666666,1.0,1.0,1.0,0.8574561403508771,0.22,0.9166666666666666,0.24,1.0,1.0,1.0,0.8574561403508771,llama_nemotron_8b-dj_adpt,10,webtable-la2m_nopca-v=12-distilroberta-dj_adpt~qwen3_8b-dj_adpt
complaint_by_practice_a.pq,1.0,0.07692307692307693,1.0,0.07692307692307693,1.0,1.0,0.07692307692307693,0.6,0.23076923076923078,1.0,0.38461538461538464,1.0,1.0,0.16153846153846155,0.4,0.3076923076923077,1.0,0.7692307692307693,1.0,1.0,0.2128205128205128,0.26666666666666666,0.3076923076923077,0.8666666666666667,1.0,1.0,1.0,0.2128205128205128,0.2,0.3076923076923077,0.65,1.0,1.0,1.0,0.2128205128205128,0.16,0.3076923076923077,0.52,1.0,1.0,1.0,0.2128205128205128,0.13333333333333333,0.3076923076923077,0.43333333333333335,1.0,1.0,1.0,0.2128205128205128,0.11428571428571428,0.3076923076923077,0.37142857142857144,1.0,1.0,1.0,0.2128205128205128,0.1,0.3076923076923077,0.325,1.0,1.0,1.0,0.2128205128205128,0.13333333333333333,0.46153846153846156,0.28888888888888886,1.0,1.0,1.0,0.23271147457193966,0.12,0.46153846153846156,0.26,1.0,1.0,1.0,0.23271147457193966,llama_nemotron_8b-dj_adpt,10,webtable-la2m_nopca-v=12-distilroberta-dj_adpt~qwen3_8b-dj_adpt
wholesale_markets_a.pq,1.0,0.09090909090909091,1.0,0.09090909090909091,1.0,1.0,0.09090909090909091,0.2,0.09090909090909091,1.0,0.45454545454545453,1.0,1.0,0.09090909090909091,0.1,0.09090909090909091,1.0,0.9090909090909091,1.0,1.0,0.09090909090909091,0.06666666666666667,0.09090909090909091,0.7333333333333333,1.0,1.0,1.0,0.09090909090909091,0.05,0.09090909090909091,0.55,1.0,1.0,1.0,0.09090909090909091,0.04,0.09090909090909091,0.44,1.0,1.0,1.0,0.09090909090909091,0.03333333333333333,0.09090909090909091,0.36666666666666664,1.0,1.0,1.0,0.09090909090909091,0.02857142857142857,0.09090909090909091,0.3142857142857143,1.0,1.0,1.0,0.09090909090909091,0.025,0.09090909090909091,0.275,1.0,1.0,1.0,0.09090909090909091,0.022222222222222223,0.09090909090909091,0.24444444444444444,1.0,1.0,1.0,0.09090909090909091,0.02,0.09090909090909091,0.22,1.0,1.0,1.0,0.09090909090909091,llama_nemotron_8b-dj_adpt,10,webtable-la2m_nopca-v=12-distilroberta-dj_adpt~qwen3_8b-dj_adpt
business_rates_a.pq,1.0,0.08333333333333333,1.0,0.08333333333333333,1.0,1.0,0.08333333333333333,1.0,0.4166666666666667,1.0,0.4166666666666667,1.0,1.0,0.4166666666666667,1.0,0.8333333333333334,1.0,0.8333333333333334,1.0,1.0,0.8333333333333334,0.8,1.0,0.8,1.0,1.0,1.0,0.9654761904761905,0.6,1.0,0.6,1.0,1.0,1.0,0.9654761904761905,0.48,1.0,0.48,1.0,1.0,1.0,0.9654761904761905,0.4,1.0,0.4,1.0,1.0,1.0,0.9654761904761905,0.34285714285714286,1.0,0.34285714285714286,1.0,1.0,1.0,0.9654761904761905,0.3,1.0,0.3,1.0,1.0,1.0,0.9654761904761905,0.26666666666666666,1.0,0.26666666666666666,1.0,1.0,1.0,0.9654761904761905,0.24,1.0,0.24,1.0,1.0,1.0,0.9654761904761905,llama_nemotron_8b-dj_adpt,10,webtable-la2m_nopca-v=12-distilroberta-dj_adpt~qwen3_8b-dj_adpt
contributors_parties_a.pq,1.0,0.047619047619047616,1.0,0.047619047619047616,1.0,1.0,0.047619047619047616,1.0,0.23809523809523808,1.0,0.23809523809523808,1.0,1.0,0.23809523809523808,1.0,0.47619047619047616,1.0,0.47619047619047616,1.0,1.0,0.47619047619047616,1.0,0.7142857142857143,1.0,0.7142857142857143,1.0,1.0,0.7142857142857143,0.85,0.8095238095238095,1.0,0.9523809523809523,1.0,1.0,0.8095238095238095,0.68,0.8095238095238095,0.84,1.0,1.0,1.0,0.8095238095238095,0.5666666666666667,0.8095238095238095,0.7,1.0,1.0,1.0,0.8095238095238095,0.4857142857142857,0.8095238095238095,0.6,1.0,1.0,1.0,0.8095238095238095,0.425,0.8095238095238095,0.525,1.0,1.0,1.0,0.8095238095238095,0.37777777777777777,0.8095238095238095,0.4666666666666667,1.0,1.0,1.0,0.8095238095238095,0.4,0.9523809523809523,0.42,1.0,1.0,1.0,0.8660464439068434,llama_nemotron_8b-dj_adpt,10,webtable-la2m_nopca-v=12-distilroberta-dj_adpt~qwen3_8b-dj_adpt
monthly_data_feed_b.pq,1.0,0.07692307692307693,1.0,0.07692307692307693,1.0,1.0,0.07692307692307693,0.2,0.07692307692307693,1.0,0.38461538461538464,1.0,1.0,0.07692307692307693,0.5,0.38461538461538464,1.0,0.7692307692307693,1.0,1.0,0.21245421245421245,0.4666666666666667,0.5384615384615384,0.8666666666666667,1.0,1.0,1.0,0.29030969030969034,0.5,0.7692307692307693,0.65,1.0,1.0,1.0,0.40367001419633,0.52,1.0,0.52,1.0,1.0,1.0,0.525763500420251,0.43333333333333335,1.0,0.43333333333333335,1.0,1.0,1.0,0.525763500420251,0.37142857142857144,1.0,0.37142857142857144,1.0,1.0,1.0,0.525763500420251,0.325,1.0,0.325,1.0,1.0,1.0,0.525763500420251,0.28888888888888886,1.0,0.28888888888888886,1.0,1.0,1.0,0.525763500420251,0.26,1.0,0.26,1.0,1.0,1.0,0.525763500420251,llama_nemotron_8b-dj_adpt,10,webtable-la2m_nopca-v=12-distilroberta-dj_adpt~qwen3_8b-dj_adpt
purchasing_card_a.pq,1.0,0.07692307692307693,1.0,0.07692307692307693,1.0,1.0,0.07692307692307693,1.0,0.38461538461538464,1.0,0.38461538461538464,1.0,1.0,0.38461538461538464,1.0,0.7692307692307693,1.0,0.7692307692307693,1.0,1.0,0.7692307692307693,0.8666666666666667,1.0,0.8666666666666667,1.0,1.0,1.0,1.0,0.65,1.0,0.65,1.0,1.0,1.0,1.0,0.52,1.0,0.52,1.0,1.0,1.0,1.0,0.43333333333333335,1.0,0.43333333333333335,1.0,1.0,1.0,1.0,0.37142857142857144,1.0,0.37142857142857144,1.0,1.0,1.0,1.0,0.325,1.0,0.325,1.0,1.0,1.0,1.0,0.28888888888888886,1.0,0.28888888888888886,1.0,1.0,1.0,1.0,0.26,1.0,0.26,1.0,1.0,1.0,1.0,llama_nemotron_8b-dj_adpt,10,webtable-la2m_nopca-v=12-distilroberta-dj_adpt~qwen3_8b-dj_adpt
report_card_discipline_for_2015_16_a.pq,1.0,0.09090909090909091,1.0,0.09090909090909091,1.0,1.0,0.09090909090909091,0.2,0.09090909090909091,1.0,0.45454545454545453,1.0,1.0,0.09090909090909091,0.3,0.2727272727272727,1.0,0.9090909090909091,1.0,1.0,0.1383838383838384,0.5333333333333333,0.7272727272727273,0.7333333333333333,1.0,1.0,1.0,0.34521791339973157,0.5,0.9090909090909091,0.55,1.0,1.0,1.0,0.44983021286497227,0.4,0.9090909090909091,0.44,1.0,1.0,1.0,0.44983021286497227,0.3333333333333333,0.9090909090909091,0.36666666666666664,1.0,1.0,1.0,0.44983021286497227,0.3142857142857143,1.0,0.3142857142857143,1.0,1.0,1.0,0.48108021286497227,0.275,1.0,0.275,1.0,1.0,1.0,0.48108021286497227,0.24444444444444444,1.0,0.24444444444444444,1.0,1.0,1.0,0.48108021286497227,0.22,1.0,0.22,1.0,1.0,1.0,0.48108021286497227,llama_nemotron_8b-dj_adpt,10,webtable-la2m_nopca-v=12-distilroberta-dj_adpt~qwen3_8b-dj_adpt
stockport_contracts_a.pq,1.0,0.07692307692307693,1.0,0.07692307692307693,1.0,1.0,0.07692307692307693,0.2,0.07692307692307693,1.0,0.38461538461538464,1.0,1.0,0.07692307692307693,0.1,0.07692307692307693,1.0,0.7692307692307693,1.0,1.0,0.07692307692307693,0.06666666666666667,0.07692307692307693,0.8666666666666667,1.0,1.0,1.0,0.07692307692307693,0.1,0.15384615384615385,0.65,1.0,1.0,1.0,0.08597285067873303,0.16,0.3076923076923077,0.52,1.0,1.0,1.0,0.10882680831529937,0.2,0.46153846153846156,0.43333333333333335,1.0,1.0,1.0,0.13747402316941076,0.17142857142857143,0.46153846153846156,0.37142857142857144,1.0,1.0,1.0,0.13747402316941076,0.15,0.46153846153846156,0.325,1.0,1.0,1.0,0.13747402316941076,0.13333333333333333,0.46153846153846156,0.28888888888888886,1.0,1.0,1.0,0.13747402316941076,0.14,0.5384615384615384,0.26,1.0,1.0,1.0,0.14893065164731584,llama_nemotron_8b-dj_adpt,10,webtable-la2m_nopca-v=12-distilroberta-dj_adpt~qwen3_8b-dj_adpt
time_spent_watching_vcr_movies_a.pq,1.0,0.09090909090909091,1.0,0.09090909090909091,1.0,1.0,0.09090909090909091,0.2,0.09090909090909091,1.0,0.45454545454545453,1.0,1.0,0.09090909090909091,0.5,0.45454545454545453,1.0,0.9090909090909091,1.0,1.0,0.2561327561327561,0.3333333333333333,0.45454545454545453,0.7333333333333333,1.0,1.0,1.0,0.2561327561327561,0.25,0.45454545454545453,0.55,1.0,1.0,1.0,0.2561327561327561,0.28,0.6363636363636364,0.44,1.0,1.0,1.0,0.3043145743145743,0.26666666666666666,0.7272727272727273,0.36666666666666664,1.0,1.0,1.0,0.3322866022866023,0.22857142857142856,0.7272727272727273,0.3142857142857143,1.0,1.0,1.0,0.3322866022866023,0.25,0.9090909090909091,0.275,1.0,1.0,1.0,0.375992895992896,0.24444444444444444,1.0,0.24444444444444444,1.0,1.0,1.0,0.400383139895335,0.22,1.0,0.22,1.0,1.0,1.0,0.400383139895335,llama_nemotron_8b-dj_adpt,10,webtable-la2m_nopca-v=12-distilroberta-dj_adpt~qwen3_8b-dj_adpt
practice_reference_b.pq,1.0,0.06666666666666667,1.0,0.06666666666666667,1.0,1.0,0.06666666666666667,1.0,0.3333333333333333,1.0,0.3333333333333333,1.0,1.0,0.3333333333333333,1.0,0.6666666666666666,1.0,0.6666666666666666,1.0,1.0,0.6666666666666666,1.0,1.0,1.0,1.0,1.0,1.0,1.0,0.75,1.0,0.75,1.0,1.0,1.0,1.0,0.6,1.0,0.6,1.0,1.0,1.0,1.0,0.5,1.0,0.5,1.0,1.0,1.0,1.0,0.42857142857142855,1.0,0.42857142857142855,1.0,1.0,1.0,1.0,0.375,1.0,0.375,1.0,1.0,1.0,1.0,0.3333333333333333,1.0,0.3333333333333333,1.0,1.0,1.0,1.0,0.3,1.0,0.3,1.0,1.0,1.0,1.0,llama_nemotron_8b-dj_adpt,10,webtable-la2m_nopca-v=12-distilroberta-dj_adpt~qwen3_8b-dj_adpt
albums_b.pq,1.0,0.0625,1.0,0.0625,1.0,1.0,0.0625,1.0,0.3125,1.0,0.3125,1.0,1.0,0.3125,1.0,0.625,1.0,0.625,1.0,1.0,0.625,1.0,0.9375,1.0,0.9375,1.0,1.0,0.9375,0.8,1.0,0.8,1.0,1.0,1.0,1.0,0.64,1.0,0.64,1.0,1.0,1.0,1.0,0.5333333333333333,1.0,0.5333333333333333,1.0,1.0,1.0,1.0,0.45714285714285713,1.0,0.45714285714285713,1.0,1.0,1.0,1.0,0.4,1.0,0.4,1.0,1.0,1.0,1.0,0.35555555555555557,1.0,0.35555555555555557,1.0,1.0,1.0,1.0,0.32,1.0,0.32,1.0,1.0,1.0,1.0,llama_nemotron_8b-dj_adpt,10,webtable-la2m_nopca-v=12-distilroberta-dj_adpt~qwen3_8b-dj_adpt
ipopayments_a.pq,1.0,0.06666666666666667,1.0,0.06666666666666667,1.0,1.0,0.06666666666666667,1.0,0.3333333333333333,1.0,0.3333333333333333,1.0,1.0,0.3333333333333333,1.0,0.6666666666666666,1.0,0.6666666666666666,1.0,1.0,0.6666666666666666,0.8666666666666667,0.8666666666666667,1.0,1.0,1.0,1.0,0.861904761904762,0.7,0.9333333333333333,0.75,1.0,1.0,1.0,0.9202380952380953,0.6,1.0,0.6,1.0,1.0,1.0,0.9656926406926407,0.5,1.0,0.5,1.0,1.0,1.0,0.9656926406926407,0.42857142857142855,1.0,0.42857142857142855,1.0,1.0,1.0,0.9656926406926407,0.375,1.0,0.375,1.0,1.0,1.0,0.9656926406926407,0.3333333333333333,1.0,0.3333333333333333,1.0,1.0,1.0,0.9656926406926407,0.3,1.0,0.3,1.0,1.0,1.0,0.9656926406926407,qwen3_8b-dj_adpt,11,webtable-la2m_nopca-v=12-distilroberta-dj_adpt~qwen3_8b-dj_adpt
practice_reference_a.pq,1.0,0.06666666666666667,1.0,0.06666666666666667,1.0,1.0,0.06666666666666667,1.0,0.3333333333333333,1.0,0.3333333333333333,1.0,1.0,0.3333333333333333,1.0,0.6666666666666666,1.0,0.6666666666666666,1.0,1.0,0.6666666666666666,0.9333333333333333,0.9333333333333333,1.0,1.0,1.0,1.0,0.9288888888888889,0.75,1.0,0.75,1.0,1.0,1.0,0.9913888888888889,0.6,1.0,0.6,1.0,1.0,1.0,0.9913888888888889,0.5,1.0,0.5,1.0,1.0,1.0,0.9913888888888889,0.42857142857142855,1.0,0.42857142857142855,1.0,1.0,1.0,0.9913888888888889,0.375,1.0,0.375,1.0,1.0,1.0,0.9913888888888889,0.3333333333333333,1.0,0.3333333333333333,1.0,1.0,1.0,0.9913888888888889,0.3,1.0,0.3,1.0,1.0,1.0,0.9913888888888889,qwen3_8b-dj_adpt,11,webtable-la2m_nopca-v=12-distilroberta-dj_adpt~qwen3_8b-dj_adpt
film_locations_in_san_francisco_a.pq,1.0,0.07692307692307693,1.0,0.07692307692307693,1.0,1.0,0.07692307692307693,1.0,0.38461538461538464,1.0,0.38461538461538464,1.0,1.0,0.38461538461538464,1.0,0.7692307692307693,1.0,0.7692307692307693,1.0,1.0,0.7692307692307693,0.8666666666666667,1.0,0.8666666666666667,1.0,1.0,1.0,1.0,0.65,1.0,0.65,1.0,1.0,1.0,1.0,0.52,1.0,0.52,1.0,1.0,1.0,1.0,0.43333333333333335,1.0,0.43333333333333335,1.0,1.0,1.0,1.0,0.37142857142857144,1.0,0.37142857142857144,1.0,1.0,1.0,1.0,0.325,1.0,0.325,1.0,1.0,1.0,1.0,0.28888888888888886,1.0,0.28888888888888886,1.0,1.0,1.0,1.0,0.26,1.0,0.26,1.0,1.0,1.0,1.0,qwen3_8b-dj_adpt,11,webtable-la2m_nopca-v=12-distilroberta-dj_adpt~qwen3_8b-dj_adpt
abandoned_wells_a.pq,1.0,0.09090909090909091,1.0,0.09090909090909091,1.0,1.0,0.09090909090909091,1.0,0.45454545454545453,1.0,0.45454545454545453,1.0,1.0,0.45454545454545453,1.0,0.9090909090909091,1.0,0.9090909090909091,1.0,1.0,0.9090909090909091,0.7333333333333333,1.0,0.7333333333333333,1.0,1.0,1.0,1.0,0.55,1.0,0.55,1.0,1.0,1.0,1.0,0.44,1.0,0.44,1.0,1.0,1.0,1.0,0.36666666666666664,1.0,0.36666666666666664,1.0,1.0,1.0,1.0,0.3142857142857143,1.0,0.3142857142857143,1.0,1.0,1.0,1.0,0.275,1.0,0.275,1.0,1.0,1.0,1.0,0.24444444444444444,1.0,0.24444444444444444,1.0,1.0,1.0,1.0,0.22,1.0,0.22,1.0,1.0,1.0,1.0,qwen3_8b-dj_adpt,11,webtable-la2m_nopca-v=12-distilroberta-dj_adpt~qwen3_8b-dj_adpt
purchasing_card_a.pq,1.0,0.07692307692307693,1.0,0.07692307692307693,1.0,1.0,0.07692307692307693,1.0,0.38461538461538464,1.0,0.38461538461538464,1.0,1.0,0.38461538461538464,1.0,0.7692307692307693,1.0,0.7692307692307693,1.0,1.0,0.7692307692307693,0.8666666666666667,1.0,0.8666666666666667,1.0,1.0,1.0,1.0,0.65,1.0,0.65,1.0,1.0,1.0,1.0,0.52,1.0,0.52,1.0,1.0,1.0,1.0,0.43333333333333335,1.0,0.43333333333333335,1.0,1.0,1.0,1.0,0.37142857142857144,1.0,0.37142857142857144,1.0,1.0,1.0,1.0,0.325,1.0,0.325,1.0,1.0,1.0,1.0,0.28888888888888886,1.0,0.28888888888888886,1.0,1.0,1.0,1.0,0.26,1.0,0.26,1.0,1.0,1.0,1.0,qwen3_8b-dj_adpt,11,webtable-la2m_nopca-v=12-distilroberta-dj_adpt~qwen3_8b-dj_adpt
stockport_contracts_b.pq,1.0,0.07692307692307693,1.0,0.07692307692307693,1.0,1.0,0.07692307692307693,1.0,0.38461538461538464,1.0,0.38461538461538464,1.0,1.0,0.38461538461538464,1.0,0.7692307692307693,1.0,0.7692307692307693,1.0,1.0,0.7692307692307693,0.8666666666666667,1.0,0.8666666666666667,1.0,1.0,1.0,1.0,0.65,1.0,0.65,1.0,1.0,1.0,1.0,0.52,1.0,0.52,1.0,1.0,1.0,1.0,0.43333333333333335,1.0,0.43333333333333335,1.0,1.0,1.0,1.0,0.37142857142857144,1.0,0.37142857142857144,1.0,1.0,1.0,1.0,0.325,1.0,0.325,1.0,1.0,1.0,1.0,0.28888888888888886,1.0,0.28888888888888886,1.0,1.0,1.0,1.0,0.26,1.0,0.26,1.0,1.0,1.0,1.0,qwen3_8b-dj_adpt,11,webtable-la2m_nopca-v=12-distilroberta-dj_adpt~qwen3_8b-dj_adpt
workforce_management_information_a.pq,1.0,0.05555555555555555,1.0,0.05555555555555555,1.0,1.0,0.05555555555555555,1.0,0.2777777777777778,1.0,0.2777777777777778,1.0,1.0,0.2777777777777778,1.0,0.5555555555555556,1.0,0.5555555555555556,1.0,1.0,0.5555555555555556,0.8666666666666667,0.7222222222222222,1.0,0.8333333333333334,1.0,1.0,0.7222222222222222,0.65,0.7222222222222222,0.9,1.0,1.0,1.0,0.7222222222222222,0.52,0.7222222222222222,0.72,1.0,1.0,1.0,0.7222222222222222,0.5,0.8333333333333334,0.6,1.0,1.0,1.0,0.7787356321839081,0.45714285714285713,0.8888888888888888,0.5142857142857142,1.0,1.0,1.0,0.807409467309356,0.4,0.8888888888888888,0.45,1.0,1.0,1.0,0.807409467309356,0.35555555555555557,0.8888888888888888,0.4,1.0,1.0,1.0,0.807409467309356,0.36,1.0,0.36,1.0,1.0,1.0,0.8479408682755396,qwen3_8b-dj_adpt,11,webtable-la2m_nopca-v=12-distilroberta-dj_adpt~qwen3_8b-dj_adpt
wholesale_markets_a.pq,1.0,0.09090909090909091,1.0,0.09090909090909091,1.0,1.0,0.09090909090909091,0.2,0.09090909090909091,1.0,0.45454545454545453,1.0,1.0,0.09090909090909091,0.1,0.09090909090909091,1.0,0.9090909090909091,1.0,1.0,0.09090909090909091,0.06666666666666667,0.09090909090909091,0.7333333333333333,1.0,1.0,1.0,0.09090909090909091,0.05,0.09090909090909091,0.55,1.0,1.0,1.0,0.09090909090909091,0.04,0.09090909090909091,0.44,1.0,1.0,1.0,0.09090909090909091,0.03333333333333333,0.09090909090909091,0.36666666666666664,1.0,1.0,1.0,0.09090909090909091,0.02857142857142857,0.09090909090909091,0.3142857142857143,1.0,1.0,1.0,0.09090909090909091,0.025,0.09090909090909091,0.275,1.0,1.0,1.0,0.09090909090909091,0.022222222222222223,0.09090909090909091,0.24444444444444444,1.0,1.0,1.0,0.09090909090909091,0.02,0.09090909090909091,0.22,1.0,1.0,1.0,0.09090909090909091,qwen3_8b-dj_adpt,11,webtable-la2m_nopca-v=12-distilroberta-dj_adpt~qwen3_8b-dj_adpt
immigration_records_a.pq,1.0,0.0625,1.0,0.0625,1.0,1.0,0.0625,1.0,0.3125,1.0,0.3125,1.0,1.0,0.3125,0.5,0.3125,1.0,0.625,1.0,1.0,0.3125,0.3333333333333333,0.3125,1.0,0.9375,1.0,1.0,0.3125,0.35,0.4375,0.8,1.0,1.0,1.0,0.35411184210526314,0.28,0.4375,0.64,1.0,1.0,1.0,0.35411184210526314,0.26666666666666666,0.5,0.5333333333333333,1.0,1.0,1.0,0.371968984962406,0.22857142857142856,0.5,0.45714285714285713,1.0,1.0,1.0,0.371968984962406,0.2,0.5,0.4,1.0,1.0,1.0,0.371968984962406,0.17777777777777778,0.5,0.35555555555555557,1.0,1.0,1.0,0.371968984962406,0.18,0.5625,0.32,1.0,1.0,1.0,0.3834485767991407,qwen3_8b-dj_adpt,11,webtable-la2m_nopca-v=12-distilroberta-dj_adpt~qwen3_8b-dj_adpt
oil_and_gas_summary_production_data_1967_1999_a.pq,1.0,0.09090909090909091,1.0,0.09090909090909091,1.0,1.0,0.09090909090909091,1.0,0.45454545454545453,1.0,0.45454545454545453,1.0,1.0,0.45454545454545453,0.8,0.7272727272727273,1.0,0.9090909090909091,1.0,1.0,0.6888888888888889,0.7333333333333333,1.0,0.7333333333333333,1.0,1.0,1.0,0.9159497068587977,0.55,1.0,0.55,1.0,1.0,1.0,0.9159497068587977,0.44,1.0,0.44,1.0,1.0,1.0,0.9159497068587977,0.36666666666666664,1.0,0.36666666666666664,1.0,1.0,1.0,0.9159497068587977,0.3142857142857143,1.0,0.3142857142857143,1.0,1.0,1.0,0.9159497068587977,0.275,1.0,0.275,1.0,1.0,1.0,0.9159497068587977,0.24444444444444444,1.0,0.24444444444444444,1.0,1.0,1.0,0.9159497068587977,0.22,1.0,0.22,1.0,1.0,1.0,0.9159497068587977,qwen3_8b-dj_adpt,11,webtable-la2m_nopca-v=12-distilroberta-dj_adpt~qwen3_8b-dj_adpt
ydn_spending_data_a.pq,0.0,0.0,1.0,0.08333333333333333,0.0,0.0,0.0,0.8,0.3333333333333333,1.0,0.4166666666666667,1.0,0.5,0.2263888888888889,0.5,0.4166666666666667,1.0,0.8333333333333334,1.0,0.5,0.27847222222222223,0.4,0.5,0.8,1.0,1.0,0.5,0.31180555555555556,0.45,0.75,0.6,1.0,1.0,0.5,0.426953259373925,0.36,0.75,0.48,1.0,1.0,0.5,0.426953259373925,0.3333333333333333,0.8333333333333334,0.4,1.0,1.0,0.5,0.4578174569047892,0.2857142857142857,0.8333333333333334,0.34285714285714286,1.0,1.0,0.5,0.4578174569047892,0.275,0.9166666666666666,0.3,1.0,1.0,0.5,0.4813217304090627,0.24444444444444444,0.9166666666666666,0.26666666666666666,1.0,1.0,0.5,0.4813217304090627,0.24,1.0,0.24,1.0,1.0,0.5,0.502155063742396,qwen3_8b-dj_adpt,11,webtable-la2m_nopca-v=12-distilroberta-dj_adpt~qwen3_8b-dj_adpt
new_york_city_restaurant_inspection_results_a.pq,1.0,0.03225806451612903,1.0,0.03225806451612903,1.0,1.0,0.03225806451612903,1.0,0.16129032258064516,1.0,0.16129032258064516,1.0,1.0,0.16129032258064516,1.0,0.3225806451612903,1.0,0.3225806451612903,1.0,1.0,0.3225806451612903,1.0,0.4838709677419355,1.0,0.4838709677419355,1.0,1.0,0.4838709677419355,0.95,0.6129032258064516,1.0,0.6451612903225806,1.0,1.0,0.6129032258064516,0.84,0.6774193548387096,1.0,0.8064516129032258,1.0,1.0,0.6716817544307025,0.7,0.6774193548387096,1.0,0.967741935483871,1.0,1.0,0.6716817544307025,0.6,0.6774193548387096,0.8857142857142857,1.0,1.0,1.0,0.6716817544307025,0.525,0.6774193548387096,0.775,1.0,1.0,1.0,0.6716817544307025,0.4666666666666667,0.6774193548387096,0.6888888888888889,1.0,1.0,1.0,0.6716817544307025,0.42,0.6774193548387096,0.62,1.0,1.0,1.0,0.6716817544307025,qwen3_8b-dj_adpt,11,webtable-la2m_nopca-v=12-distilroberta-dj_adpt~qwen3_8b-dj_adpt
complaint_by_practice_b.pq,1.0,0.07692307692307693,1.0,0.07692307692307693,1.0,1.0,0.07692307692307693,0.8,0.3076923076923077,1.0,0.38461538461538464,1.0,1.0,0.3076923076923077,0.4,0.3076923076923077,1.0,0.7692307692307693,1.0,1.0,0.3076923076923077,0.5333333333333333,0.6153846153846154,0.8666666666666667,1.0,1.0,1.0,0.4547337278106509,0.65,1.0,0.65,1.0,1.0,1.0,0.6888433703181261,0.52,1.0,0.52,1.0,1.0,1.0,0.6888433703181261,0.43333333333333335,1.0,0.43333333333333335,1.0,1.0,1.0,0.6888433703181261,0.37142857142857144,1.0,0.37142857142857144,1.0,1.0,1.0,0.6888433703181261,0.325,1.0,0.325,1.0,1.0,1.0,0.6888433703181261,0.28888888888888886,1.0,0.28888888888888886,1.0,1.0,1.0,0.6888433703181261,0.26,1.0,0.26,1.0,1.0,1.0,0.6888433703181261,qwen3_8b-dj_adpt,11,webtable-la2m_nopca-v=12-distilroberta-dj_adpt~qwen3_8b-dj_adpt
practice_reference_b.pq,1.0,0.06666666666666667,1.0,0.06666666666666667,1.0,1.0,0.06666666666666667,1.0,0.3333333333333333,1.0,0.3333333333333333,1.0,1.0,0.3333333333333333,1.0,0.6666666666666666,1.0,0.6666666666666666,1.0,1.0,0.6666666666666666,0.9333333333333333,0.9333333333333333,1.0,1.0,1.0,1.0,0.9288888888888889,0.75,1.0,0.75,1.0,1.0,1.0,0.9913888888888889,0.6,1.0,0.6,1.0,1.0,1.0,0.9913888888888889,0.5,1.0,0.5,1.0,1.0,1.0,0.9913888888888889,0.42857142857142855,1.0,0.42857142857142855,1.0,1.0,1.0,0.9913888888888889,0.375,1.0,0.375,1.0,1.0,1.0,0.9913888888888889,0.3333333333333333,1.0,0.3333333333333333,1.0,1.0,1.0,0.9913888888888889,0.3,1.0,0.3,1.0,1.0,1.0,0.9913888888888889,qwen3_8b-dj_adpt,11,webtable-la2m_nopca-v=12-distilroberta-dj_adpt~qwen3_8b-dj_adpt
job_pay_scales_a.pq,1.0,0.06666666666666667,1.0,0.06666666666666667,1.0,1.0,0.06666666666666667,1.0,0.3333333333333333,1.0,0.3333333333333333,1.0,1.0,0.3333333333333333,1.0,0.6666666666666666,1.0,0.6666666666666666,1.0,1.0,0.6666666666666666,0.7333333333333333,0.7333333333333333,1.0,1.0,1.0,1.0,0.7333333333333333,0.55,0.7333333333333333,0.75,1.0,1.0,1.0,0.7333333333333333,0.48,0.8,0.6,1.0,1.0,1.0,0.7666666666666667,0.43333333333333335,0.8666666666666667,0.5,1.0,1.0,1.0,0.8,0.4,0.9333333333333333,0.42857142857142855,1.0,1.0,1.0,0.8282828282828283,0.375,1.0,0.375,1.0,1.0,1.0,0.8560606060606061,0.3333333333333333,1.0,0.3333333333333333,1.0,1.0,1.0,0.8560606060606061,0.3,1.0,0.3,1.0,1.0,1.0,0.8560606060606061,qwen3_8b-dj_adpt,11,webtable-la2m_nopca-v=12-distilroberta-dj_adpt~qwen3_8b-dj_adpt
business_rates_a.pq,1.0,0.08333333333333333,1.0,0.08333333333333333,1.0,1.0,0.08333333333333333,0.8,0.3333333333333333,1.0,0.4166666666666667,1.0,1.0,0.26805555555555555,0.9,0.75,1.0,0.8333333333333334,1.0,1.0,0.6309193121693122,0.8,1.0,0.8,1.0,1.0,1.0,0.8497324434824435,0.6,1.0,0.6,1.0,1.0,1.0,0.8497324434824435,0.48,1.0,0.48,1.0,1.0,1.0,0.8497324434824435,0.4,1.0,0.4,1.0,1.0,1.0,0.8497324434824435,0.34285714285714286,1.0,0.34285714285714286,1.0,1.0,1.0,0.8497324434824435,0.3,1.0,0.3,1.0,1.0,1.0,0.8497324434824435,0.26666666666666666,1.0,0.26666666666666666,1.0,1.0,1.0,0.8497324434824435,0.24,1.0,0.24,1.0,1.0,1.0,0.8497324434824435,qwen3_8b-dj_adpt,11,webtable-la2m_nopca-v=12-distilroberta-dj_adpt~qwen3_8b-dj_adpt
monthly_data_feed_a.pq,1.0,0.07692307692307693,1.0,0.07692307692307693,1.0,1.0,0.07692307692307693,0.8,0.3076923076923077,1.0,0.38461538461538464,1.0,1.0,0.3076923076923077,0.8,0.6153846153846154,1.0,0.7692307692307693,1.0,1.0,0.5508547008547009,0.7333333333333333,0.8461538461538461,0.8666666666666667,1.0,1.0,1.0,0.7343045843045843,0.65,1.0,0.65,1.0,1.0,1.0,0.8508204214086567,0.52,1.0,0.52,1.0,1.0,1.0,0.8508204214086567,0.43333333333333335,1.0,0.43333333333333335,1.0,1.0,1.0,0.8508204214086567,0.37142857142857144,1.0,0.37142857142857144,1.0,1.0,1.0,0.8508204214086567,0.325,1.0,0.325,1.0,1.0,1.0,0.8508204214086567,0.28888888888888886,1.0,0.28888888888888886,1.0,1.0,1.0,0.8508204214086567,0.26,1.0,0.26,1.0,1.0,1.0,0.8508204214086567,qwen3_8b-dj_adpt,11,webtable-la2m_nopca-v=12-distilroberta-dj_adpt~qwen3_8b-dj_adpt
minister_meetings_a.pq,1.0,0.1,1.0,0.1,1.0,1.0,0.1,0.6,0.3,1.0,0.5,1.0,1.0,0.3,0.4,0.4,1.0,1.0,1.0,1.0,0.34444444444444444,0.26666666666666666,0.4,0.6666666666666666,1.0,1.0,1.0,0.34444444444444444,0.2,0.4,0.5,1.0,1.0,1.0,0.34444444444444444,0.16,0.4,0.4,1.0,1.0,1.0,0.34444444444444444,0.13333333333333333,0.4,0.3333333333333333,1.0,1.0,1.0,0.34444444444444444,0.11428571428571428,0.4,0.2857142857142857,1.0,1.0,1.0,0.34444444444444444,0.1,0.4,0.25,1.0,1.0,1.0,0.34444444444444444,0.08888888888888889,0.4,0.2222222222222222,1.0,1.0,1.0,0.34444444444444444,0.08,0.4,0.2,1.0,1.0,1.0,0.34444444444444444,qwen3_8b-dj_adpt,11,webtable-la2m_nopca-v=12-distilroberta-dj_adpt~qwen3_8b-dj_adpt
data_mill_a.pq,1.0,0.07142857142857142,1.0,0.07142857142857142,1.0,1.0,0.07142857142857142,0.8,0.2857142857142857,1.0,0.35714285714285715,1.0,1.0,0.2714285714285714,0.8,0.5714285714285714,1.0,0.7142857142857143,1.0,1.0,0.5181689342403628,0.7333333333333333,0.7857142857142857,0.9333333333333333,1.0,1.0,1.0,0.6751417233560091,0.7,1.0,0.7,1.0,1.0,1.0,0.8359665796143018,0.56,1.0,0.56,1.0,1.0,1.0,0.8359665796143018,0.4666666666666667,1.0,0.4666666666666667,1.0,1.0,1.0,0.8359665796143018,0.4,1.0,0.4,1.0,1.0,1.0,0.8359665796143018,0.35,1.0,0.35,1.0,1.0,1.0,0.8359665796143018,0.3111111111111111,1.0,0.3111111111111111,1.0,1.0,1.0,0.8359665796143018,0.28,1.0,0.28,1.0,1.0,1.0,0.8359665796143018,qwen3_8b-dj_adpt,11,webtable-la2m_nopca-v=12-distilroberta-dj_adpt~qwen3_8b-dj_adpt
prescribing_a.pq,1.0,0.06666666666666667,1.0,0.06666666666666667,1.0,1.0,0.06666666666666667,0.6,0.2,1.0,0.3333333333333333,1.0,1.0,0.1611111111111111,0.8,0.5333333333333333,1.0,0.6666666666666666,1.0,1.0,0.4083597883597883,0.8666666666666667,0.8666666666666667,1.0,1.0,1.0,1.0,0.6897916897916898,0.75,1.0,0.75,1.0,1.0,1.0,0.8069485525367879,0.6,1.0,0.6,1.0,1.0,1.0,0.8069485525367879,0.5,1.0,0.5,1.0,1.0,1.0,0.8069485525367879,0.42857142857142855,1.0,0.42857142857142855,1.0,1.0,1.0,0.8069485525367879,0.375,1.0,0.375,1.0,1.0,1.0,0.8069485525367879,0.3333333333333333,1.0,0.3333333333333333,1.0,1.0,1.0,0.8069485525367879,0.3,1.0,0.3,1.0,1.0,1.0,0.8069485525367879,qwen3_8b-dj_adpt,11,webtable-la2m_nopca-v=12-distilroberta-dj_adpt~qwen3_8b-dj_adpt
mines_b.pq,1.0,0.07142857142857142,1.0,0.07142857142857142,1.0,1.0,0.07142857142857142,0.6,0.21428571428571427,1.0,0.35714285714285715,1.0,1.0,0.21428571428571427,0.3,0.21428571428571427,1.0,0.7142857142857143,1.0,1.0,0.21428571428571427,0.2,0.21428571428571427,0.9333333333333333,1.0,1.0,1.0,0.21428571428571427,0.15,0.21428571428571427,0.7,1.0,1.0,1.0,0.21428571428571427,0.16,0.2857142857142857,0.56,1.0,1.0,1.0,0.22571428571428573,0.13333333333333333,0.2857142857142857,0.4666666666666667,1.0,1.0,1.0,0.22571428571428573,0.11428571428571428,0.2857142857142857,0.4,1.0,1.0,1.0,0.22571428571428573,0.1,0.2857142857142857,0.35,1.0,1.0,1.0,0.22571428571428573,0.08888888888888889,0.2857142857142857,0.3111111111111111,1.0,1.0,1.0,0.22571428571428573,0.08,0.2857142857142857,0.28,1.0,1.0,1.0,0.22571428571428573,qwen3_8b-dj_adpt,11,webtable-la2m_nopca-v=12-distilroberta-dj_adpt~qwen3_8b-dj_adpt
deaths_2012_2018_a.pq,1.0,0.09090909090909091,1.0,0.09090909090909091,1.0,1.0,0.09090909090909091,1.0,0.45454545454545453,1.0,0.45454545454545453,1.0,1.0,0.45454545454545453,1.0,0.9090909090909091,1.0,0.9090909090909091,1.0,1.0,0.9090909090909091,0.7333333333333333,1.0,0.7333333333333333,1.0,1.0,1.0,1.0,0.55,1.0,0.55,1.0,1.0,1.0,1.0,0.44,1.0,0.44,1.0,1.0,1.0,1.0,0.36666666666666664,1.0,0.36666666666666664,1.0,1.0,1.0,1.0,0.3142857142857143,1.0,0.3142857142857143,1.0,1.0,1.0,1.0,0.275,1.0,0.275,1.0,1.0,1.0,1.0,0.24444444444444444,1.0,0.24444444444444444,1.0,1.0,1.0,1.0,0.22,1.0,0.22,1.0,1.0,1.0,1.0,qwen3_8b-dj_adpt,11,webtable-la2m_nopca-v=12-distilroberta-dj_adpt~qwen3_8b-dj_adpt
albums_a.pq,1.0,0.0625,1.0,0.0625,1.0,1.0,0.0625,1.0,0.3125,1.0,0.3125,1.0,1.0,0.3125,1.0,0.625,1.0,0.625,1.0,1.0,0.625,1.0,0.9375,1.0,0.9375,1.0,1.0,0.9375,0.8,1.0,0.8,1.0,1.0,1.0,1.0,0.64,1.0,0.64,1.0,1.0,1.0,1.0,0.5333333333333333,1.0,0.5333333333333333,1.0,1.0,1.0,1.0,0.45714285714285713,1.0,0.45714285714285713,1.0,1.0,1.0,1.0,0.4,1.0,0.4,1.0,1.0,1.0,1.0,0.35555555555555557,1.0,0.35555555555555557,1.0,1.0,1.0,1.0,0.32,1.0,0.32,1.0,1.0,1.0,1.0,qwen3_8b-dj_adpt,11,webtable-la2m_nopca-v=12-distilroberta-dj_adpt~qwen3_8b-dj_adpt
cdc_nutrition_physical_activity_and_obesity_legislation_a.pq,1.0,0.09090909090909091,1.0,0.09090909090909091,1.0,1.0,0.09090909090909091,0.8,0.36363636363636365,1.0,0.45454545454545453,1.0,1.0,0.2924242424242424,0.7,0.6363636363636364,1.0,0.9090909090909091,1.0,1.0,0.5256493506493507,0.6,0.8181818181818182,0.7333333333333333,1.0,1.0,1.0,0.6321428571428571,0.5,0.9090909090909091,0.55,1.0,1.0,1.0,0.6889610389610389,0.44,1.0,0.44,1.0,1.0,1.0,0.7365800865800867,0.36666666666666664,1.0,0.36666666666666664,1.0,1.0,1.0,0.7365800865800867,0.3142857142857143,1.0,0.3142857142857143,1.0,1.0,1.0,0.7365800865800867,0.275,1.0,0.275,1.0,1.0,1.0,0.7365800865800867,0.24444444444444444,1.0,0.24444444444444444,1.0,1.0,1.0,0.7365800865800867,0.22,1.0,0.22,1.0,1.0,1.0,0.7365800865800867,qwen3_8b-dj_adpt,11,webtable-la2m_nopca-v=12-distilroberta-dj_adpt~qwen3_8b-dj_adpt
prescribing_b.pq,1.0,0.06666666666666667,1.0,0.06666666666666667,1.0,1.0,0.06666666666666667,1.0,0.3333333333333333,1.0,0.3333333333333333,1.0,1.0,0.3333333333333333,0.9,0.6,1.0,0.6666666666666666,1.0,1.0,0.5680687830687831,0.9333333333333333,0.9333333333333333,1.0,1.0,1.0,1.0,0.8754514004514005,0.75,1.0,0.75,1.0,1.0,1.0,0.9379514004514005,0.6,1.0,0.6,1.0,1.0,1.0,0.9379514004514005,0.5,1.0,0.5,1.0,1.0,1.0,0.9379514004514005,0.42857142857142855,1.0,0.42857142857142855,1.0,1.0,1.0,0.9379514004514005,0.375,1.0,0.375,1.0,1.0,1.0,0.9379514004514005,0.3333333333333333,1.0,0.3333333333333333,1.0,1.0,1.0,0.9379514004514005,0.3,1.0,0.3,1.0,1.0,1.0,0.9379514004514005,qwen3_8b-dj_adpt,11,webtable-la2m_nopca-v=12-distilroberta-dj_adpt~qwen3_8b-dj_adpt
biodiversity_a.pq,1.0,0.09090909090909091,1.0,0.09090909090909091,1.0,1.0,0.09090909090909091,0.8,0.36363636363636365,1.0,0.45454545454545453,1.0,1.0,0.36363636363636365,0.4,0.36363636363636365,1.0,0.9090909090909091,1.0,1.0,0.36363636363636365,0.26666666666666666,0.36363636363636365,0.7333333333333333,1.0,1.0,1.0,0.36363636363636365,0.25,0.45454545454545453,0.55,1.0,1.0,1.0,0.38636363636363635,0.36,0.8181818181818182,0.44,1.0,1.0,1.0,0.506974744622966,0.3333333333333333,0.9090909090909091,0.36666666666666664,1.0,1.0,1.0,0.5394422770904984,0.2857142857142857,0.9090909090909091,0.3142857142857143,1.0,1.0,1.0,0.5394422770904984,0.25,0.9090909090909091,0.275,1.0,1.0,1.0,0.5394422770904984,0.24444444444444444,1.0,0.24444444444444444,1.0,1.0,1.0,0.5638325209929375,0.22,1.0,0.22,1.0,1.0,1.0,0.5638325209929375,qwen3_8b-dj_adpt,11,webtable-la2m_nopca-v=12-distilroberta-dj_adpt~qwen3_8b-dj_adpt
lane_description_b.pq,1.0,0.0625,1.0,0.0625,1.0,1.0,0.0625,0.6,0.1875,1.0,0.3125,1.0,1.0,0.13125,0.8,0.5,1.0,0.625,1.0,1.0,0.3630456349206349,0.8666666666666667,0.8125,1.0,0.9375,1.0,1.0,0.6268880425130425,0.8,1.0,0.8,1.0,1.0,1.0,0.7922781568921274,0.64,1.0,0.64,1.0,1.0,1.0,0.7922781568921274,0.5333333333333333,1.0,0.5333333333333333,1.0,1.0,1.0,0.7922781568921274,0.45714285714285713,1.0,0.45714285714285713,1.0,1.0,1.0,0.7922781568921274,0.4,1.0,0.4,1.0,1.0,1.0,0.7922781568921274,0.35555555555555557,1.0,0.35555555555555557,1.0,1.0,1.0,0.7922781568921274,0.32,1.0,0.32,1.0,1.0,1.0,0.7922781568921274,qwen3_8b-dj_adpt,11,webtable-la2m_nopca-v=12-distilroberta-dj_adpt~qwen3_8b-dj_adpt
senior_officials_expenses_a.pq,1.0,0.09090909090909091,1.0,0.09090909090909091,1.0,1.0,0.09090909090909091,1.0,0.45454545454545453,1.0,0.45454545454545453,1.0,1.0,0.45454545454545453,0.9,0.8181818181818182,1.0,0.9090909090909091,1.0,1.0,0.8090909090909091,0.6666666666666666,0.9090909090909091,0.7333333333333333,1.0,1.0,1.0,0.8917355371900826,0.5,0.9090909090909091,0.55,1.0,1.0,1.0,0.8917355371900826,0.4,0.9090909090909091,0.44,1.0,1.0,1.0,0.8917355371900826,0.3333333333333333,0.9090909090909091,0.36666666666666664,1.0,1.0,1.0,0.8917355371900826,0.2857142857142857,0.9090909090909091,0.3142857142857143,1.0,1.0,1.0,0.8917355371900826,0.25,0.9090909090909091,0.275,1.0,1.0,1.0,0.8917355371900826,0.2222222222222222,0.9090909090909091,0.24444444444444444,1.0,1.0,1.0,0.8917355371900826,0.2,0.9090909090909091,0.22,1.0,1.0,1.0,0.8917355371900826,qwen3_8b-dj_adpt,11,webtable-la2m_nopca-v=12-distilroberta-dj_adpt~qwen3_8b-dj_adpt
tuition_assistance_program_tap_recipients_a.pq,1.0,0.09090909090909091,1.0,0.09090909090909091,1.0,1.0,0.09090909090909091,0.8,0.36363636363636365,1.0,0.45454545454545453,1.0,1.0,0.2924242424242424,0.9,0.8181818181818182,1.0,0.9090909090909091,1.0,1.0,0.6882756132756133,0.7333333333333333,1.0,0.7333333333333333,1.0,1.0,1.0,0.8542535747081202,0.55,1.0,0.55,1.0,1.0,1.0,0.8542535747081202,0.44,1.0,0.44,1.0,1.0,1.0,0.8542535747081202,0.36666666666666664,1.0,0.36666666666666664,1.0,1.0,1.0,0.8542535747081202,0.3142857142857143,1.0,0.3142857142857143,1.0,1.0,1.0,0.8542535747081202,0.275,1.0,0.275,1.0,1.0,1.0,0.8542535747081202,0.24444444444444444,1.0,0.24444444444444444,1.0,1.0,1.0,0.8542535747081202,0.22,1.0,0.22,1.0,1.0,1.0,0.8542535747081202,qwen3_8b-dj_adpt,11,webtable-la2m_nopca-v=12-distilroberta-dj_adpt~qwen3_8b-dj_adpt
ydn_spending_data_b.pq,1.0,0.08333333333333333,1.0,0.08333333333333333,1.0,1.0,0.08333333333333333,0.8,0.3333333333333333,1.0,0.4166666666666667,1.0,1.0,0.26805555555555555,0.8,0.6666666666666666,1.0,0.8333333333333334,1.0,1.0,0.5485119047619048,0.6,0.75,0.8,1.0,1.0,1.0,0.6166937229437229,0.45,0.75,0.6,1.0,1.0,1.0,0.6166937229437229,0.48,1.0,0.48,1.0,1.0,1.0,0.7380429292929294,0.4,1.0,0.4,1.0,1.0,1.0,0.7380429292929294,0.34285714285714286,1.0,0.34285714285714286,1.0,1.0,1.0,0.7380429292929294,0.3,1.0,0.3,1.0,1.0,1.0,0.7380429292929294,0.26666666666666666,1.0,0.26666666666666666,1.0,1.0,1.0,0.7380429292929294,0.24,1.0,0.24,1.0,1.0,1.0,0.7380429292929294,qwen3_8b-dj_adpt,11,webtable-la2m_nopca-v=12-distilroberta-dj_adpt~qwen3_8b-dj_adpt
contributors_parties_a.pq,1.0,0.047619047619047616,1.0,0.047619047619047616,1.0,1.0,0.047619047619047616,1.0,0.23809523809523808,1.0,0.23809523809523808,1.0,1.0,0.23809523809523808,1.0,0.47619047619047616,1.0,0.47619047619047616,1.0,1.0,0.47619047619047616,1.0,0.7142857142857143,1.0,0.7142857142857143,1.0,1.0,0.7142857142857143,1.0,0.9523809523809523,1.0,0.9523809523809523,1.0,1.0,0.9523809523809523,0.84,1.0,0.84,1.0,1.0,1.0,1.0,0.7,1.0,0.7,1.0,1.0,1.0,1.0,0.6,1.0,0.6,1.0,1.0,1.0,1.0,0.525,1.0,0.525,1.0,1.0,1.0,1.0,0.4666666666666667,1.0,0.4666666666666667,1.0,1.0,1.0,1.0,0.42,1.0,0.42,1.0,1.0,1.0,1.0,qwen3_8b-dj_adpt,11,webtable-la2m_nopca-v=12-distilroberta-dj_adpt~qwen3_8b-dj_adpt
report_card_discipline_for_2015_16_a.pq,1.0,0.09090909090909091,1.0,0.09090909090909091,1.0,1.0,0.09090909090909091,1.0,0.45454545454545453,1.0,0.45454545454545453,1.0,1.0,0.45454545454545453,1.0,0.9090909090909091,1.0,0.9090909090909091,1.0,1.0,0.9090909090909091,0.7333333333333333,1.0,0.7333333333333333,1.0,1.0,1.0,1.0,0.55,1.0,0.55,1.0,1.0,1.0,1.0,0.44,1.0,0.44,1.0,1.0,1.0,1.0,0.36666666666666664,1.0,0.36666666666666664,1.0,1.0,1.0,1.0,0.3142857142857143,1.0,0.3142857142857143,1.0,1.0,1.0,1.0,0.275,1.0,0.275,1.0,1.0,1.0,1.0,0.24444444444444444,1.0,0.24444444444444444,1.0,1.0,1.0,1.0,0.22,1.0,0.22,1.0,1.0,1.0,1.0,qwen3_8b-dj_adpt,11,webtable-la2m_nopca-v=12-distilroberta-dj_adpt~qwen3_8b-dj_adpt
stockport_contracts_a.pq,1.0,0.07692307692307693,1.0,0.07692307692307693,1.0,1.0,0.07692307692307693,0.6,0.23076923076923078,1.0,0.38461538461538464,1.0,1.0,0.18589743589743588,0.7,0.5384615384615384,1.0,0.7692307692307693,1.0,1.0,0.3903846153846154,0.5333333333333333,0.6153846153846154,0.8666666666666667,1.0,1.0,1.0,0.43141025641025643,0.55,0.8461538461538461,0.65,1.0,1.0,1.0,0.5644627689132333,0.52,1.0,0.52,1.0,1.0,1.0,0.650085479535944,0.43333333333333335,1.0,0.43333333333333335,1.0,1.0,1.0,0.650085479535944,0.37142857142857144,1.0,0.37142857142857144,1.0,1.0,1.0,0.650085479535944,0.325,1.0,0.325,1.0,1.0,1.0,0.650085479535944,0.28888888888888886,1.0,0.28888888888888886,1.0,1.0,1.0,0.650085479535944,0.26,1.0,0.26,1.0,1.0,1.0,0.650085479535944,qwen3_8b-dj_adpt,11,webtable-la2m_nopca-v=12-distilroberta-dj_adpt~qwen3_8b-dj_adpt
cihr_co-applicant_b.pq,1.0,0.08333333333333333,1.0,0.08333333333333333,1.0,1.0,0.08333333333333333,1.0,0.4166666666666667,1.0,0.4166666666666667,1.0,1.0,0.4166666666666667,1.0,0.8333333333333334,1.0,0.8333333333333334,1.0,1.0,0.8333333333333334,0.8,1.0,0.8,1.0,1.0,1.0,1.0,0.6,1.0,0.6,1.0,1.0,1.0,1.0,0.48,1.0,0.48,1.0,1.0,1.0,1.0,0.4,1.0,0.4,1.0,1.0,1.0,1.0,0.34285714285714286,1.0,0.34285714285714286,1.0,1.0,1.0,1.0,0.3,1.0,0.3,1.0,1.0,1.0,1.0,0.26666666666666666,1.0,0.26666666666666666,1.0,1.0,1.0,1.0,0.24,1.0,0.24,1.0,1.0,1.0,1.0,qwen3_8b-dj_adpt,11,webtable-la2m_nopca-v=12-distilroberta-dj_adpt~qwen3_8b-dj_adpt
workforce_management_information_b.pq,1.0,0.05555555555555555,1.0,0.05555555555555555,1.0,1.0,0.05555555555555555,1.0,0.2777777777777778,1.0,0.2777777777777778,1.0,1.0,0.2777777777777778,1.0,0.5555555555555556,1.0,0.5555555555555556,1.0,1.0,0.5555555555555556,0.8666666666666667,0.7222222222222222,1.0,0.8333333333333334,1.0,1.0,0.7222222222222222,0.65,0.7222222222222222,0.9,1.0,1.0,1.0,0.7222222222222222,0.52,0.7222222222222222,0.72,1.0,1.0,1.0,0.7222222222222222,0.43333333333333335,0.7222222222222222,0.6,1.0,1.0,1.0,0.7222222222222222,0.4,0.7777777777777778,0.5142857142857142,1.0,1.0,1.0,0.7444444444444445,0.4,0.8888888888888888,0.45,1.0,1.0,1.0,0.7909844054580897,0.37777777777777777,0.9444444444444444,0.4,1.0,1.0,1.0,0.8129482297474954,0.34,0.9444444444444444,0.36,1.0,1.0,1.0,0.8129482297474954,qwen3_8b-dj_adpt,11,webtable-la2m_nopca-v=12-distilroberta-dj_adpt~qwen3_8b-dj_adpt
monthly_data_feed_b.pq,1.0,0.07692307692307693,1.0,0.07692307692307693,1.0,1.0,0.07692307692307693,0.2,0.07692307692307693,1.0,0.38461538461538464,1.0,1.0,0.07692307692307693,0.3,0.23076923076923078,1.0,0.7692307692307693,1.0,1.0,0.13141025641025642,0.4666666666666667,0.5384615384615384,0.8666666666666667,1.0,1.0,1.0,0.2653980634749865,0.6,0.9230769230769231,0.65,1.0,1.0,1.0,0.47800688568133193,0.52,1.0,0.52,1.0,1.0,1.0,0.5256259333003797,0.43333333333333335,1.0,0.43333333333333335,1.0,1.0,1.0,0.5256259333003797,0.37142857142857144,1.0,0.37142857142857144,1.0,1.0,1.0,0.5256259333003797,0.325,1.0,0.325,1.0,1.0,1.0,0.5256259333003797,0.28888888888888886,1.0,0.28888888888888886,1.0,1.0,1.0,0.5256259333003797,0.26,1.0,0.26,1.0,1.0,1.0,0.5256259333003797,qwen3_8b-dj_adpt,11,webtable-la2m_nopca-v=12-distilroberta-dj_adpt~qwen3_8b-dj_adpt
data_mill_b.pq,1.0,0.07142857142857142,1.0,0.07142857142857142,1.0,1.0,0.07142857142857142,1.0,0.35714285714285715,1.0,0.35714285714285715,1.0,1.0,0.35714285714285715,1.0,0.7142857142857143,1.0,0.7142857142857143,1.0,1.0,0.7142857142857143,0.9333333333333333,1.0,0.9333333333333333,1.0,1.0,1.0,0.9846415489272633,0.7,1.0,0.7,1.0,1.0,1.0,0.9846415489272633,0.56,1.0,0.56,1.0,1.0,1.0,0.9846415489272633,0.4666666666666667,1.0,0.4666666666666667,1.0,1.0,1.0,0.9846415489272633,0.4,1.0,0.4,1.0,1.0,1.0,0.9846415489272633,0.35,1.0,0.35,1.0,1.0,1.0,0.9846415489272633,0.3111111111111111,1.0,0.3111111111111111,1.0,1.0,1.0,0.9846415489272633,0.28,1.0,0.28,1.0,1.0,1.0,0.9846415489272633,qwen3_8b-dj_adpt,11,webtable-la2m_nopca-v=12-distilroberta-dj_adpt~qwen3_8b-dj_adpt
animal_tag_data_a.pq,1.0,0.08333333333333333,1.0,0.08333333333333333,1.0,1.0,0.08333333333333333,1.0,0.4166666666666667,1.0,0.4166666666666667,1.0,1.0,0.4166666666666667,0.6,0.5,1.0,0.8333333333333334,1.0,1.0,0.5,0.4,0.5,0.8,1.0,1.0,1.0,0.5,0.35,0.5833333333333334,0.6,1.0,1.0,1.0,0.5307017543859649,0.32,0.6666666666666666,0.48,1.0,1.0,1.0,0.5573684210526316,0.3,0.75,0.4,1.0,1.0,1.0,0.5862145748987854,0.2857142857142857,0.8333333333333334,0.34285714285714286,1.0,1.0,1.0,0.613096295328893,0.25,0.8333333333333334,0.3,1.0,1.0,1.0,0.613096295328893,0.2222222222222222,0.8333333333333334,0.26666666666666666,1.0,1.0,1.0,0.613096295328893,0.2,0.8333333333333334,0.24,1.0,1.0,1.0,0.613096295328893,qwen3_8b-dj_adpt,11,webtable-la2m_nopca-v=12-distilroberta-dj_adpt~qwen3_8b-dj_adpt
ipopayments_b.pq,1.0,0.06666666666666667,1.0,0.06666666666666667,1.0,1.0,0.06666666666666667,1.0,0.3333333333333333,1.0,0.3333333333333333,1.0,1.0,0.3333333333333333,1.0,0.6666666666666666,1.0,0.6666666666666666,1.0,1.0,0.6666666666666666,0.9333333333333333,0.9333333333333333,1.0,1.0,1.0,1.0,0.9288888888888889,0.7,0.9333333333333333,0.75,1.0,1.0,1.0,0.9288888888888889,0.6,1.0,0.6,1.0,1.0,1.0,0.9743434343434344,0.5,1.0,0.5,1.0,1.0,1.0,0.9743434343434344,0.42857142857142855,1.0,0.42857142857142855,1.0,1.0,1.0,0.9743434343434344,0.375,1.0,0.375,1.0,1.0,1.0,0.9743434343434344,0.3333333333333333,1.0,0.3333333333333333,1.0,1.0,1.0,0.9743434343434344,0.3,1.0,0.3,1.0,1.0,1.0,0.9743434343434344,qwen3_8b-dj_adpt,11,webtable-la2m_nopca-v=12-distilroberta-dj_adpt~qwen3_8b-dj_adpt
psyckes_antipsychotic_polypharmacy_quality_indicators_beginning_2012_a.pq,1.0,0.09090909090909091,1.0,0.09090909090909091,1.0,1.0,0.09090909090909091,0.2,0.09090909090909091,1.0,0.45454545454545453,1.0,1.0,0.09090909090909091,0.5,0.45454545454545453,1.0,0.9090909090909091,1.0,1.0,0.23683261183261184,0.6666666666666666,0.9090909090909091,0.7333333333333333,1.0,1.0,1.0,0.5144413667140939,0.55,1.0,0.55,1.0,1.0,1.0,0.5769413667140939,0.44,1.0,0.44,1.0,1.0,1.0,0.5769413667140939,0.36666666666666664,1.0,0.36666666666666664,1.0,1.0,1.0,0.5769413667140939,0.3142857142857143,1.0,0.3142857142857143,1.0,1.0,1.0,0.5769413667140939,0.275,1.0,0.275,1.0,1.0,1.0,0.5769413667140939,0.24444444444444444,1.0,0.24444444444444444,1.0,1.0,1.0,0.5769413667140939,0.22,1.0,0.22,1.0,1.0,1.0,0.5769413667140939,qwen3_8b-dj_adpt,11,webtable-la2m_nopca-v=12-distilroberta-dj_adpt~qwen3_8b-dj_adpt
lane_description_a.pq,1.0,0.0625,1.0,0.0625,1.0,1.0,0.0625,0.8,0.25,1.0,0.3125,1.0,1.0,0.221875,0.9,0.5625,1.0,0.625,1.0,1.0,0.49402281746031745,0.9333333333333333,0.875,1.0,0.9375,1.0,1.0,0.7821940212565213,0.8,1.0,0.8,1.0,1.0,1.0,0.899611300668286,0.64,1.0,0.64,1.0,1.0,1.0,0.899611300668286,0.5333333333333333,1.0,0.5333333333333333,1.0,1.0,1.0,0.899611300668286,0.45714285714285713,1.0,0.45714285714285713,1.0,1.0,1.0,0.899611300668286,0.4,1.0,0.4,1.0,1.0,1.0,0.899611300668286,0.35555555555555557,1.0,0.35555555555555557,1.0,1.0,1.0,0.899611300668286,0.32,1.0,0.32,1.0,1.0,1.0,0.899611300668286,qwen3_8b-dj_adpt,11,webtable-la2m_nopca-v=12-distilroberta-dj_adpt~qwen3_8b-dj_adpt
albums_b.pq,1.0,0.0625,1.0,0.0625,1.0,1.0,0.0625,1.0,0.3125,1.0,0.3125,1.0,1.0,0.3125,1.0,0.625,1.0,0.625,1.0,1.0,0.625,1.0,0.9375,1.0,0.9375,1.0,1.0,0.9375,0.8,1.0,0.8,1.0,1.0,1.0,1.0,0.64,1.0,0.64,1.0,1.0,1.0,1.0,0.5333333333333333,1.0,0.5333333333333333,1.0,1.0,1.0,1.0,0.45714285714285713,1.0,0.45714285714285713,1.0,1.0,1.0,1.0,0.4,1.0,0.4,1.0,1.0,1.0,1.0,0.35555555555555557,1.0,0.35555555555555557,1.0,1.0,1.0,1.0,0.32,1.0,0.32,1.0,1.0,1.0,1.0,qwen3_8b-dj_adpt,11,webtable-la2m_nopca-v=12-distilroberta-dj_adpt~qwen3_8b-dj_adpt
contributors_parties_b.pq,1.0,0.047619047619047616,1.0,0.047619047619047616,1.0,1.0,0.047619047619047616,1.0,0.23809523809523808,1.0,0.23809523809523808,1.0,1.0,0.23809523809523808,1.0,0.47619047619047616,1.0,0.47619047619047616,1.0,1.0,0.47619047619047616,1.0,0.7142857142857143,1.0,0.7142857142857143,1.0,1.0,0.7142857142857143,0.85,0.8095238095238095,1.0,0.9523809523809523,1.0,1.0,0.8095238095238095,0.68,0.8095238095238095,0.84,1.0,1.0,1.0,0.8095238095238095,0.5666666666666667,0.8095238095238095,0.7,1.0,1.0,1.0,0.8095238095238095,0.4857142857142857,0.8095238095238095,0.6,1.0,1.0,1.0,0.8095238095238095,0.425,0.8095238095238095,0.525,1.0,1.0,1.0,0.8095238095238095,0.37777777777777777,0.8095238095238095,0.4666666666666667,1.0,1.0,1.0,0.8095238095238095,0.34,0.8095238095238095,0.42,1.0,1.0,1.0,0.8095238095238095,qwen3_8b-dj_adpt,11,webtable-la2m_nopca-v=12-distilroberta-dj_adpt~qwen3_8b-dj_adpt
animal_tag_data_b.pq,1.0,0.08333333333333333,1.0,0.08333333333333333,1.0,1.0,0.08333333333333333,1.0,0.4166666666666667,1.0,0.4166666666666667,1.0,1.0,0.4166666666666667,0.5,0.4166666666666667,1.0,0.8333333333333334,1.0,1.0,0.4166666666666667,0.3333333333333333,0.4166666666666667,0.8,1.0,1.0,1.0,0.4166666666666667,0.4,0.6666666666666666,0.6,1.0,1.0,1.0,0.515563725490196,0.36,0.75,0.48,1.0,1.0,1.0,0.545563725490196,0.3333333333333333,0.8333333333333334,0.4,1.0,1.0,1.0,0.5776150075414781,0.3142857142857143,0.9166666666666666,0.34285714285714286,1.0,1.0,1.0,0.6045757918552036,0.275,0.9166666666666666,0.3,1.0,1.0,1.0,0.6045757918552036,0.24444444444444444,0.9166666666666666,0.26666666666666666,1.0,1.0,1.0,0.6045757918552036,0.22,0.9166666666666666,0.24,1.0,1.0,1.0,0.6045757918552036,qwen3_8b-dj_adpt,11,webtable-la2m_nopca-v=12-distilroberta-dj_adpt~qwen3_8b-dj_adpt
civic_building_locations_a.pq,1.0,0.08333333333333333,1.0,0.08333333333333333,1.0,1.0,0.08333333333333333,0.8,0.3333333333333333,1.0,0.4166666666666667,1.0,1.0,0.3333333333333333,0.4,0.3333333333333333,1.0,0.8333333333333334,1.0,1.0,0.3333333333333333,0.26666666666666666,0.3333333333333333,0.8,1.0,1.0,1.0,0.3333333333333333,0.35,0.5833333333333334,0.6,1.0,1.0,1.0,0.41632266941864465,0.44,0.9166666666666666,0.48,1.0,1.0,1.0,0.5565859387580009,0.36666666666666664,0.9166666666666666,0.4,1.0,1.0,1.0,0.5565859387580009,0.34285714285714286,1.0,0.34285714285714286,1.0,1.0,1.0,0.5851573673294296,0.3,1.0,0.3,1.0,1.0,1.0,0.5851573673294296,0.26666666666666666,1.0,0.26666666666666666,1.0,1.0,1.0,0.5851573673294296,0.24,1.0,0.24,1.0,1.0,1.0,0.5851573673294296,qwen3_8b-dj_adpt,11,webtable-la2m_nopca-v=12-distilroberta-dj_adpt~qwen3_8b-dj_adpt
time_spent_watching_vcr_movies_a.pq,1.0,0.09090909090909091,1.0,0.09090909090909091,1.0,1.0,0.09090909090909091,0.6,0.2727272727272727,1.0,0.45454545454545453,1.0,1.0,0.19090909090909092,0.3,0.2727272727272727,1.0,0.9090909090909091,1.0,1.0,0.19090909090909092,0.2,0.2727272727272727,0.7333333333333333,1.0,1.0,1.0,0.19090909090909092,0.15,0.2727272727272727,0.55,1.0,1.0,1.0,0.19090909090909092,0.12,0.2727272727272727,0.44,1.0,1.0,1.0,0.19090909090909092,0.1,0.2727272727272727,0.36666666666666664,1.0,1.0,1.0,0.19090909090909092,0.11428571428571428,0.36363636363636365,0.3142857142857143,1.0,1.0,1.0,0.20263929618768328,0.1,0.36363636363636365,0.275,1.0,1.0,1.0,0.20263929618768328,0.15555555555555556,0.6363636363636364,0.24444444444444444,1.0,1.0,1.0,0.23974822906828636,0.14,0.6363636363636364,0.22,1.0,1.0,1.0,0.23974822906828636,qwen3_8b-dj_adpt,11,webtable-la2m_nopca-v=12-distilroberta-dj_adpt~qwen3_8b-dj_adpt
311_calls_historic_data_a.pq,1.0,0.09090909090909091,1.0,0.09090909090909091,1.0,1.0,0.09090909090909091,1.0,0.45454545454545453,1.0,0.45454545454545453,1.0,1.0,0.45454545454545453,1.0,0.9090909090909091,1.0,0.9090909090909091,1.0,1.0,0.9090909090909091,0.7333333333333333,1.0,0.7333333333333333,1.0,1.0,1.0,1.0,0.55,1.0,0.55,1.0,1.0,1.0,1.0,0.44,1.0,0.44,1.0,1.0,1.0,1.0,0.36666666666666664,1.0,0.36666666666666664,1.0,1.0,1.0,1.0,0.3142857142857143,1.0,0.3142857142857143,1.0,1.0,1.0,1.0,0.275,1.0,0.275,1.0,1.0,1.0,1.0,0.24444444444444444,1.0,0.24444444444444444,1.0,1.0,1.0,1.0,0.22,1.0,0.22,1.0,1.0,1.0,1.0,qwen3_8b-dj_adpt,11,webtable-la2m_nopca-v=12-distilroberta-dj_adpt~qwen3_8b-dj_adpt
cihr_co-applicant_a.pq,1.0,0.08333333333333333,1.0,0.08333333333333333,1.0,1.0,0.08333333333333333,1.0,0.4166666666666667,1.0,0.4166666666666667,1.0,1.0,0.4166666666666667,1.0,0.8333333333333334,1.0,0.8333333333333334,1.0,1.0,0.8333333333333334,0.8,1.0,0.8,1.0,1.0,1.0,1.0,0.6,1.0,0.6,1.0,1.0,1.0,1.0,0.48,1.0,0.48,1.0,1.0,1.0,1.0,0.4,1.0,0.4,1.0,1.0,1.0,1.0,0.34285714285714286,1.0,0.34285714285714286,1.0,1.0,1.0,1.0,0.3,1.0,0.3,1.0,1.0,1.0,1.0,0.26666666666666666,1.0,0.26666666666666666,1.0,1.0,1.0,1.0,0.24,1.0,0.24,1.0,1.0,1.0,1.0,qwen3_8b-dj_adpt,11,webtable-la2m_nopca-v=12-distilroberta-dj_adpt~qwen3_8b-dj_adpt
mines_a.pq,1.0,0.07142857142857142,1.0,0.07142857142857142,1.0,1.0,0.07142857142857142,1.0,0.35714285714285715,1.0,0.35714285714285715,1.0,1.0,0.35714285714285715,1.0,0.7142857142857143,1.0,0.7142857142857143,1.0,1.0,0.7142857142857143,0.6666666666666666,0.7142857142857143,0.9333333333333333,1.0,1.0,1.0,0.7142857142857143,0.55,0.7857142857142857,0.7,1.0,1.0,1.0,0.7556390977443609,0.48,0.8571428571428571,0.56,1.0,1.0,1.0,0.7946001367053999,0.4,0.8571428571428571,0.4666666666666667,1.0,1.0,1.0,0.7946001367053999,0.34285714285714286,0.8571428571428571,0.4,1.0,1.0,1.0,0.7946001367053999,0.3,0.8571428571428571,0.35,1.0,1.0,1.0,0.7946001367053999,0.26666666666666666,0.8571428571428571,0.3111111111111111,1.0,1.0,1.0,0.7946001367053999,0.24,0.8571428571428571,0.28,1.0,1.0,1.0,0.7946001367053999,qwen3_8b-dj_adpt,11,webtable-la2m_nopca-v=12-distilroberta-dj_adpt~qwen3_8b-dj_adpt
complaint_by_practice_a.pq,1.0,0.07692307692307693,1.0,0.07692307692307693,1.0,1.0,0.07692307692307693,0.8,0.3076923076923077,1.0,0.38461538461538464,1.0,1.0,0.3076923076923077,0.4,0.3076923076923077,1.0,0.7692307692307693,1.0,1.0,0.3076923076923077,0.5333333333333333,0.6153846153846154,0.8666666666666667,1.0,1.0,1.0,0.4547337278106509,0.65,1.0,0.65,1.0,1.0,1.0,0.6888433703181261,0.52,1.0,0.52,1.0,1.0,1.0,0.6888433703181261,0.43333333333333335,1.0,0.43333333333333335,1.0,1.0,1.0,0.6888433703181261,0.37142857142857144,1.0,0.37142857142857144,1.0,1.0,1.0,0.6888433703181261,0.325,1.0,0.325,1.0,1.0,1.0,0.6888433703181261,0.28888888888888886,1.0,0.28888888888888886,1.0,1.0,1.0,0.6888433703181261,0.26,1.0,0.26,1.0,1.0,1.0,0.6888433703181261,qwen3_8b-dj_adpt,11,webtable-la2m_nopca-v=12-distilroberta-dj_adpt~qwen3_8b-dj_adpt
