query_table,precision@1,recall@1,max_precision@1,max_recall@1,hits@1,mrr@1,ap@1,precision@5,recall@5,max_precision@5,max_recall@5,hits@5,mrr@5,ap@5,precision@10,recall@10,max_precision@10,max_recall@10,hits@10,mrr@10,ap@10,precision@15,recall@15,max_precision@15,max_recall@15,hits@15,mrr@15,ap@15,precision@20,recall@20,max_precision@20,max_recall@20,hits@20,mrr@20,ap@20,precision@25,recall@25,max_precision@25,max_recall@25,hits@25,mrr@25,ap@25,precision@30,recall@30,max_precision@30,max_recall@30,hits@30,mrr@30,ap@30,precision@35,recall@35,max_precision@35,max_recall@35,hits@35,mrr@35,ap@35,precision@40,recall@40,max_precision@40,max_recall@40,hits@40,mrr@40,ap@40,precision@45,recall@45,max_precision@45,max_recall@45,hits@45,mrr@45,ap@45,precision@50,recall@50,max_precision@50,max_recall@50,hits@50,mrr@50,ap@50,view,view_idx,ckpt_name
psyckes_antipsychotic_polypharmacy_quality_indicators_beginning_2012_a.pq,1.0,0.09090909090909091,1.0,0.09090909090909091,1.0,1.0,0.09090909090909091,1.0,0.45454545454545453,1.0,0.45454545454545453,1.0,1.0,0.45454545454545453,1.0,0.9090909090909091,1.0,0.9090909090909091,1.0,1.0,0.9090909090909091,0.7333333333333333,1.0,0.7333333333333333,1.0,1.0,1.0,1.0,0.55,1.0,0.55,1.0,1.0,1.0,1.0,0.44,1.0,0.44,1.0,1.0,1.0,1.0,0.36666666666666664,1.0,0.36666666666666664,1.0,1.0,1.0,1.0,0.3142857142857143,1.0,0.3142857142857143,1.0,1.0,1.0,1.0,0.275,1.0,0.275,1.0,1.0,1.0,1.0,0.24444444444444444,1.0,0.24444444444444444,1.0,1.0,1.0,1.0,0.22,1.0,0.22,1.0,1.0,1.0,1.0,distilroberta-dj_adpt,0,webtable-la2m-v=12-distilroberta-dj_adpt~qwen3_8b-dj_adpt
workforce_management_information_a.pq,1.0,0.05555555555555555,1.0,0.05555555555555555,1.0,1.0,0.05555555555555555,1.0,0.2777777777777778,1.0,0.2777777777777778,1.0,1.0,0.2777777777777778,1.0,0.5555555555555556,1.0,0.5555555555555556,1.0,1.0,0.5555555555555556,1.0,0.8333333333333334,1.0,0.8333333333333334,1.0,1.0,0.8333333333333334,0.75,0.8333333333333334,0.9,1.0,1.0,1.0,0.8333333333333334,0.6,0.8333333333333334,0.72,1.0,1.0,1.0,0.8333333333333334,0.5,0.8333333333333334,0.6,1.0,1.0,1.0,0.8333333333333334,0.5142857142857142,1.0,0.5142857142857142,1.0,1.0,1.0,0.919142404436522,0.45,1.0,0.45,1.0,1.0,1.0,0.919142404436522,0.4,1.0,0.4,1.0,1.0,1.0,0.919142404436522,0.36,1.0,0.36,1.0,1.0,1.0,0.919142404436522,distilroberta-dj_adpt,0,webtable-la2m-v=12-distilroberta-dj_adpt~qwen3_8b-dj_adpt
new_york_city_restaurant_inspection_results_a.pq,1.0,0.03225806451612903,1.0,0.03225806451612903,1.0,1.0,0.03225806451612903,1.0,0.16129032258064516,1.0,0.16129032258064516,1.0,1.0,0.16129032258064516,1.0,0.3225806451612903,1.0,0.3225806451612903,1.0,1.0,0.3225806451612903,1.0,0.4838709677419355,1.0,0.4838709677419355,1.0,1.0,0.4838709677419355,1.0,0.6451612903225806,1.0,0.6451612903225806,1.0,1.0,0.6451612903225806,1.0,0.8064516129032258,1.0,0.8064516129032258,1.0,1.0,0.8064516129032258,1.0,0.967741935483871,1.0,0.967741935483871,1.0,1.0,0.967741935483871,0.8857142857142857,1.0,0.8857142857142857,1.0,1.0,1.0,1.0,0.775,1.0,0.775,1.0,1.0,1.0,1.0,0.6888888888888889,1.0,0.6888888888888889,1.0,1.0,1.0,1.0,0.62,1.0,0.62,1.0,1.0,1.0,1.0,distilroberta-dj_adpt,0,webtable-la2m-v=12-distilroberta-dj_adpt~qwen3_8b-dj_adpt
animal_tag_data_b.pq,1.0,0.08333333333333333,1.0,0.08333333333333333,1.0,1.0,0.08333333333333333,1.0,0.4166666666666667,1.0,0.4166666666666667,1.0,1.0,0.4166666666666667,1.0,0.8333333333333334,1.0,0.8333333333333334,1.0,1.0,0.8333333333333334,0.8,1.0,0.8,1.0,1.0,1.0,1.0,0.6,1.0,0.6,1.0,1.0,1.0,1.0,0.48,1.0,0.48,1.0,1.0,1.0,1.0,0.4,1.0,0.4,1.0,1.0,1.0,1.0,0.34285714285714286,1.0,0.34285714285714286,1.0,1.0,1.0,1.0,0.3,1.0,0.3,1.0,1.0,1.0,1.0,0.26666666666666666,1.0,0.26666666666666666,1.0,1.0,1.0,1.0,0.24,1.0,0.24,1.0,1.0,1.0,1.0,distilroberta-dj_adpt,0,webtable-la2m-v=12-distilroberta-dj_adpt~qwen3_8b-dj_adpt
ipopayments_b.pq,1.0,0.06666666666666667,1.0,0.06666666666666667,1.0,1.0,0.06666666666666667,1.0,0.3333333333333333,1.0,0.3333333333333333,1.0,1.0,0.3333333333333333,1.0,0.6666666666666666,1.0,0.6666666666666666,1.0,1.0,0.6666666666666666,1.0,1.0,1.0,1.0,1.0,1.0,1.0,0.75,1.0,0.75,1.0,1.0,1.0,1.0,0.6,1.0,0.6,1.0,1.0,1.0,1.0,0.5,1.0,0.5,1.0,1.0,1.0,1.0,0.42857142857142855,1.0,0.42857142857142855,1.0,1.0,1.0,1.0,0.375,1.0,0.375,1.0,1.0,1.0,1.0,0.3333333333333333,1.0,0.3333333333333333,1.0,1.0,1.0,1.0,0.3,1.0,0.3,1.0,1.0,1.0,1.0,distilroberta-dj_adpt,0,webtable-la2m-v=12-distilroberta-dj_adpt~qwen3_8b-dj_adpt
minister_meetings_a.pq,1.0,0.1,1.0,0.1,1.0,1.0,0.1,0.8,0.4,1.0,0.5,1.0,1.0,0.38,0.9,0.9,1.0,1.0,1.0,1.0,0.815436507936508,0.6666666666666666,1.0,0.6666666666666666,1.0,1.0,1.0,0.9063455988455988,0.5,1.0,0.5,1.0,1.0,1.0,0.9063455988455988,0.4,1.0,0.4,1.0,1.0,1.0,0.9063455988455988,0.3333333333333333,1.0,0.3333333333333333,1.0,1.0,1.0,0.9063455988455988,0.2857142857142857,1.0,0.2857142857142857,1.0,1.0,1.0,0.9063455988455988,0.25,1.0,0.25,1.0,1.0,1.0,0.9063455988455988,0.2222222222222222,1.0,0.2222222222222222,1.0,1.0,1.0,0.9063455988455988,0.2,1.0,0.2,1.0,1.0,1.0,0.9063455988455988,distilroberta-dj_adpt,0,webtable-la2m-v=12-distilroberta-dj_adpt~qwen3_8b-dj_adpt
cdc_nutrition_physical_activity_and_obesity_legislation_a.pq,1.0,0.09090909090909091,1.0,0.09090909090909091,1.0,1.0,0.09090909090909091,1.0,0.45454545454545453,1.0,0.45454545454545453,1.0,1.0,0.45454545454545453,1.0,0.9090909090909091,1.0,0.9090909090909091,1.0,1.0,0.9090909090909091,0.7333333333333333,1.0,0.7333333333333333,1.0,1.0,1.0,1.0,0.55,1.0,0.55,1.0,1.0,1.0,1.0,0.44,1.0,0.44,1.0,1.0,1.0,1.0,0.36666666666666664,1.0,0.36666666666666664,1.0,1.0,1.0,1.0,0.3142857142857143,1.0,0.3142857142857143,1.0,1.0,1.0,1.0,0.275,1.0,0.275,1.0,1.0,1.0,1.0,0.24444444444444444,1.0,0.24444444444444444,1.0,1.0,1.0,1.0,0.22,1.0,0.22,1.0,1.0,1.0,1.0,distilroberta-dj_adpt,0,webtable-la2m-v=12-distilroberta-dj_adpt~qwen3_8b-dj_adpt
data_mill_b.pq,1.0,0.07142857142857142,1.0,0.07142857142857142,1.0,1.0,0.07142857142857142,1.0,0.35714285714285715,1.0,0.35714285714285715,1.0,1.0,0.35714285714285715,1.0,0.7142857142857143,1.0,0.7142857142857143,1.0,1.0,0.7142857142857143,0.9333333333333333,1.0,0.9333333333333333,1.0,1.0,1.0,1.0,0.7,1.0,0.7,1.0,1.0,1.0,1.0,0.56,1.0,0.56,1.0,1.0,1.0,1.0,0.4666666666666667,1.0,0.4666666666666667,1.0,1.0,1.0,1.0,0.4,1.0,0.4,1.0,1.0,1.0,1.0,0.35,1.0,0.35,1.0,1.0,1.0,1.0,0.3111111111111111,1.0,0.3111111111111111,1.0,1.0,1.0,1.0,0.28,1.0,0.28,1.0,1.0,1.0,1.0,distilroberta-dj_adpt,0,webtable-la2m-v=12-distilroberta-dj_adpt~qwen3_8b-dj_adpt
job_pay_scales_a.pq,1.0,0.06666666666666667,1.0,0.06666666666666667,1.0,1.0,0.06666666666666667,1.0,0.3333333333333333,1.0,0.3333333333333333,1.0,1.0,0.3333333333333333,1.0,0.6666666666666666,1.0,0.6666666666666666,1.0,1.0,0.6666666666666666,1.0,1.0,1.0,1.0,1.0,1.0,1.0,0.75,1.0,0.75,1.0,1.0,1.0,1.0,0.6,1.0,0.6,1.0,1.0,1.0,1.0,0.5,1.0,0.5,1.0,1.0,1.0,1.0,0.42857142857142855,1.0,0.42857142857142855,1.0,1.0,1.0,1.0,0.375,1.0,0.375,1.0,1.0,1.0,1.0,0.3333333333333333,1.0,0.3333333333333333,1.0,1.0,1.0,1.0,0.3,1.0,0.3,1.0,1.0,1.0,1.0,distilroberta-dj_adpt,0,webtable-la2m-v=12-distilroberta-dj_adpt~qwen3_8b-dj_adpt
prescribing_a.pq,1.0,0.06666666666666667,1.0,0.06666666666666667,1.0,1.0,0.06666666666666667,1.0,0.3333333333333333,1.0,0.3333333333333333,1.0,1.0,0.3333333333333333,1.0,0.6666666666666666,1.0,0.6666666666666666,1.0,1.0,0.6666666666666666,1.0,1.0,1.0,1.0,1.0,1.0,1.0,0.75,1.0,0.75,1.0,1.0,1.0,1.0,0.6,1.0,0.6,1.0,1.0,1.0,1.0,0.5,1.0,0.5,1.0,1.0,1.0,1.0,0.42857142857142855,1.0,0.42857142857142855,1.0,1.0,1.0,1.0,0.375,1.0,0.375,1.0,1.0,1.0,1.0,0.3333333333333333,1.0,0.3333333333333333,1.0,1.0,1.0,1.0,0.3,1.0,0.3,1.0,1.0,1.0,1.0,distilroberta-dj_adpt,0,webtable-la2m-v=12-distilroberta-dj_adpt~qwen3_8b-dj_adpt
report_card_discipline_for_2015_16_a.pq,1.0,0.09090909090909091,1.0,0.09090909090909091,1.0,1.0,0.09090909090909091,1.0,0.45454545454545453,1.0,0.45454545454545453,1.0,1.0,0.45454545454545453,1.0,0.9090909090909091,1.0,0.9090909090909091,1.0,1.0,0.9090909090909091,0.7333333333333333,1.0,0.7333333333333333,1.0,1.0,1.0,1.0,0.55,1.0,0.55,1.0,1.0,1.0,1.0,0.44,1.0,0.44,1.0,1.0,1.0,1.0,0.36666666666666664,1.0,0.36666666666666664,1.0,1.0,1.0,1.0,0.3142857142857143,1.0,0.3142857142857143,1.0,1.0,1.0,1.0,0.275,1.0,0.275,1.0,1.0,1.0,1.0,0.24444444444444444,1.0,0.24444444444444444,1.0,1.0,1.0,1.0,0.22,1.0,0.22,1.0,1.0,1.0,1.0,distilroberta-dj_adpt,0,webtable-la2m-v=12-distilroberta-dj_adpt~qwen3_8b-dj_adpt
cihr_co-applicant_b.pq,1.0,0.08333333333333333,1.0,0.08333333333333333,1.0,1.0,0.08333333333333333,1.0,0.4166666666666667,1.0,0.4166666666666667,1.0,1.0,0.4166666666666667,1.0,0.8333333333333334,1.0,0.8333333333333334,1.0,1.0,0.8333333333333334,0.8,1.0,0.8,1.0,1.0,1.0,1.0,0.6,1.0,0.6,1.0,1.0,1.0,1.0,0.48,1.0,0.48,1.0,1.0,1.0,1.0,0.4,1.0,0.4,1.0,1.0,1.0,1.0,0.34285714285714286,1.0,0.34285714285714286,1.0,1.0,1.0,1.0,0.3,1.0,0.3,1.0,1.0,1.0,1.0,0.26666666666666666,1.0,0.26666666666666666,1.0,1.0,1.0,1.0,0.24,1.0,0.24,1.0,1.0,1.0,1.0,distilroberta-dj_adpt,0,webtable-la2m-v=12-distilroberta-dj_adpt~qwen3_8b-dj_adpt
practice_reference_a.pq,1.0,0.06666666666666667,1.0,0.06666666666666667,1.0,1.0,0.06666666666666667,1.0,0.3333333333333333,1.0,0.3333333333333333,1.0,1.0,0.3333333333333333,1.0,0.6666666666666666,1.0,0.6666666666666666,1.0,1.0,0.6666666666666666,1.0,1.0,1.0,1.0,1.0,1.0,1.0,0.75,1.0,0.75,1.0,1.0,1.0,1.0,0.6,1.0,0.6,1.0,1.0,1.0,1.0,0.5,1.0,0.5,1.0,1.0,1.0,1.0,0.42857142857142855,1.0,0.42857142857142855,1.0,1.0,1.0,1.0,0.375,1.0,0.375,1.0,1.0,1.0,1.0,0.3333333333333333,1.0,0.3333333333333333,1.0,1.0,1.0,1.0,0.3,1.0,0.3,1.0,1.0,1.0,1.0,distilroberta-dj_adpt,0,webtable-la2m-v=12-distilroberta-dj_adpt~qwen3_8b-dj_adpt
prescribing_b.pq,1.0,0.06666666666666667,1.0,0.06666666666666667,1.0,1.0,0.06666666666666667,1.0,0.3333333333333333,1.0,0.3333333333333333,1.0,1.0,0.3333333333333333,1.0,0.6666666666666666,1.0,0.6666666666666666,1.0,1.0,0.6666666666666666,1.0,1.0,1.0,1.0,1.0,1.0,1.0,0.75,1.0,0.75,1.0,1.0,1.0,1.0,0.6,1.0,0.6,1.0,1.0,1.0,1.0,0.5,1.0,0.5,1.0,1.0,1.0,1.0,0.42857142857142855,1.0,0.42857142857142855,1.0,1.0,1.0,1.0,0.375,1.0,0.375,1.0,1.0,1.0,1.0,0.3333333333333333,1.0,0.3333333333333333,1.0,1.0,1.0,1.0,0.3,1.0,0.3,1.0,1.0,1.0,1.0,distilroberta-dj_adpt,0,webtable-la2m-v=12-distilroberta-dj_adpt~qwen3_8b-dj_adpt
ydn_spending_data_b.pq,1.0,0.08333333333333333,1.0,0.08333333333333333,1.0,1.0,0.08333333333333333,1.0,0.4166666666666667,1.0,0.4166666666666667,1.0,1.0,0.4166666666666667,1.0,0.8333333333333334,1.0,0.8333333333333334,1.0,1.0,0.8333333333333334,0.8,1.0,0.8,1.0,1.0,1.0,1.0,0.6,1.0,0.6,1.0,1.0,1.0,1.0,0.48,1.0,0.48,1.0,1.0,1.0,1.0,0.4,1.0,0.4,1.0,1.0,1.0,1.0,0.34285714285714286,1.0,0.34285714285714286,1.0,1.0,1.0,1.0,0.3,1.0,0.3,1.0,1.0,1.0,1.0,0.26666666666666666,1.0,0.26666666666666666,1.0,1.0,1.0,1.0,0.24,1.0,0.24,1.0,1.0,1.0,1.0,distilroberta-dj_adpt,0,webtable-la2m-v=12-distilroberta-dj_adpt~qwen3_8b-dj_adpt
biodiversity_a.pq,1.0,0.09090909090909091,1.0,0.09090909090909091,1.0,1.0,0.09090909090909091,1.0,0.45454545454545453,1.0,0.45454545454545453,1.0,1.0,0.45454545454545453,1.0,0.9090909090909091,1.0,0.9090909090909091,1.0,1.0,0.9090909090909091,0.6666666666666666,0.9090909090909091,0.7333333333333333,1.0,1.0,1.0,0.9090909090909091,0.5,0.9090909090909091,0.55,1.0,1.0,1.0,0.9090909090909091,0.4,0.9090909090909091,0.44,1.0,1.0,1.0,0.9090909090909091,0.3333333333333333,0.9090909090909091,0.36666666666666664,1.0,1.0,1.0,0.9090909090909091,0.2857142857142857,0.9090909090909091,0.3142857142857143,1.0,1.0,1.0,0.9090909090909091,0.25,0.9090909090909091,0.275,1.0,1.0,1.0,0.9090909090909091,0.2222222222222222,0.9090909090909091,0.24444444444444444,1.0,1.0,1.0,0.9090909090909091,0.2,0.9090909090909091,0.22,1.0,1.0,1.0,0.9090909090909091,distilroberta-dj_adpt,0,webtable-la2m-v=12-distilroberta-dj_adpt~qwen3_8b-dj_adpt
purchasing_card_a.pq,1.0,0.07692307692307693,1.0,0.07692307692307693,1.0,1.0,0.07692307692307693,1.0,0.38461538461538464,1.0,0.38461538461538464,1.0,1.0,0.38461538461538464,1.0,0.7692307692307693,1.0,0.7692307692307693,1.0,1.0,0.7692307692307693,0.8666666666666667,1.0,0.8666666666666667,1.0,1.0,1.0,1.0,0.65,1.0,0.65,1.0,1.0,1.0,1.0,0.52,1.0,0.52,1.0,1.0,1.0,1.0,0.43333333333333335,1.0,0.43333333333333335,1.0,1.0,1.0,1.0,0.37142857142857144,1.0,0.37142857142857144,1.0,1.0,1.0,1.0,0.325,1.0,0.325,1.0,1.0,1.0,1.0,0.28888888888888886,1.0,0.28888888888888886,1.0,1.0,1.0,1.0,0.26,1.0,0.26,1.0,1.0,1.0,1.0,distilroberta-dj_adpt,0,webtable-la2m-v=12-distilroberta-dj_adpt~qwen3_8b-dj_adpt
ipopayments_a.pq,1.0,0.06666666666666667,1.0,0.06666666666666667,1.0,1.0,0.06666666666666667,1.0,0.3333333333333333,1.0,0.3333333333333333,1.0,1.0,0.3333333333333333,1.0,0.6666666666666666,1.0,0.6666666666666666,1.0,1.0,0.6666666666666666,1.0,1.0,1.0,1.0,1.0,1.0,1.0,0.75,1.0,0.75,1.0,1.0,1.0,1.0,0.6,1.0,0.6,1.0,1.0,1.0,1.0,0.5,1.0,0.5,1.0,1.0,1.0,1.0,0.42857142857142855,1.0,0.42857142857142855,1.0,1.0,1.0,1.0,0.375,1.0,0.375,1.0,1.0,1.0,1.0,0.3333333333333333,1.0,0.3333333333333333,1.0,1.0,1.0,1.0,0.3,1.0,0.3,1.0,1.0,1.0,1.0,distilroberta-dj_adpt,0,webtable-la2m-v=12-distilroberta-dj_adpt~qwen3_8b-dj_adpt
monthly_data_feed_b.pq,1.0,0.07692307692307693,1.0,0.07692307692307693,1.0,1.0,0.07692307692307693,1.0,0.38461538461538464,1.0,0.38461538461538464,1.0,1.0,0.38461538461538464,1.0,0.7692307692307693,1.0,0.7692307692307693,1.0,1.0,0.7692307692307693,0.8666666666666667,1.0,0.8666666666666667,1.0,1.0,1.0,1.0,0.65,1.0,0.65,1.0,1.0,1.0,1.0,0.52,1.0,0.52,1.0,1.0,1.0,1.0,0.43333333333333335,1.0,0.43333333333333335,1.0,1.0,1.0,1.0,0.37142857142857144,1.0,0.37142857142857144,1.0,1.0,1.0,1.0,0.325,1.0,0.325,1.0,1.0,1.0,1.0,0.28888888888888886,1.0,0.28888888888888886,1.0,1.0,1.0,1.0,0.26,1.0,0.26,1.0,1.0,1.0,1.0,distilroberta-dj_adpt,0,webtable-la2m-v=12-distilroberta-dj_adpt~qwen3_8b-dj_adpt
abandoned_wells_a.pq,1.0,0.09090909090909091,1.0,0.09090909090909091,1.0,1.0,0.09090909090909091,1.0,0.45454545454545453,1.0,0.45454545454545453,1.0,1.0,0.45454545454545453,1.0,0.9090909090909091,1.0,0.9090909090909091,1.0,1.0,0.9090909090909091,0.7333333333333333,1.0,0.7333333333333333,1.0,1.0,1.0,1.0,0.55,1.0,0.55,1.0,1.0,1.0,1.0,0.44,1.0,0.44,1.0,1.0,1.0,1.0,0.36666666666666664,1.0,0.36666666666666664,1.0,1.0,1.0,1.0,0.3142857142857143,1.0,0.3142857142857143,1.0,1.0,1.0,1.0,0.275,1.0,0.275,1.0,1.0,1.0,1.0,0.24444444444444444,1.0,0.24444444444444444,1.0,1.0,1.0,1.0,0.22,1.0,0.22,1.0,1.0,1.0,1.0,distilroberta-dj_adpt,0,webtable-la2m-v=12-distilroberta-dj_adpt~qwen3_8b-dj_adpt
cihr_co-applicant_a.pq,1.0,0.08333333333333333,1.0,0.08333333333333333,1.0,1.0,0.08333333333333333,1.0,0.4166666666666667,1.0,0.4166666666666667,1.0,1.0,0.4166666666666667,1.0,0.8333333333333334,1.0,0.8333333333333334,1.0,1.0,0.8333333333333334,0.8,1.0,0.8,1.0,1.0,1.0,1.0,0.6,1.0,0.6,1.0,1.0,1.0,1.0,0.48,1.0,0.48,1.0,1.0,1.0,1.0,0.4,1.0,0.4,1.0,1.0,1.0,1.0,0.34285714285714286,1.0,0.34285714285714286,1.0,1.0,1.0,1.0,0.3,1.0,0.3,1.0,1.0,1.0,1.0,0.26666666666666666,1.0,0.26666666666666666,1.0,1.0,1.0,1.0,0.24,1.0,0.24,1.0,1.0,1.0,1.0,distilroberta-dj_adpt,0,webtable-la2m-v=12-distilroberta-dj_adpt~qwen3_8b-dj_adpt
film_locations_in_san_francisco_a.pq,1.0,0.07692307692307693,1.0,0.07692307692307693,1.0,1.0,0.07692307692307693,1.0,0.38461538461538464,1.0,0.38461538461538464,1.0,1.0,0.38461538461538464,1.0,0.7692307692307693,1.0,0.7692307692307693,1.0,1.0,0.7692307692307693,0.8666666666666667,1.0,0.8666666666666667,1.0,1.0,1.0,1.0,0.65,1.0,0.65,1.0,1.0,1.0,1.0,0.52,1.0,0.52,1.0,1.0,1.0,1.0,0.43333333333333335,1.0,0.43333333333333335,1.0,1.0,1.0,1.0,0.37142857142857144,1.0,0.37142857142857144,1.0,1.0,1.0,1.0,0.325,1.0,0.325,1.0,1.0,1.0,1.0,0.28888888888888886,1.0,0.28888888888888886,1.0,1.0,1.0,1.0,0.26,1.0,0.26,1.0,1.0,1.0,1.0,distilroberta-dj_adpt,0,webtable-la2m-v=12-distilroberta-dj_adpt~qwen3_8b-dj_adpt
contributors_parties_b.pq,1.0,0.047619047619047616,1.0,0.047619047619047616,1.0,1.0,0.047619047619047616,1.0,0.23809523809523808,1.0,0.23809523809523808,1.0,1.0,0.23809523809523808,1.0,0.47619047619047616,1.0,0.47619047619047616,1.0,1.0,0.47619047619047616,1.0,0.7142857142857143,1.0,0.7142857142857143,1.0,1.0,0.7142857142857143,0.85,0.8095238095238095,1.0,0.9523809523809523,1.0,1.0,0.8095238095238095,0.68,0.8095238095238095,0.84,1.0,1.0,1.0,0.8095238095238095,0.5666666666666667,0.8095238095238095,0.7,1.0,1.0,1.0,0.8095238095238095,0.4857142857142857,0.8095238095238095,0.6,1.0,1.0,1.0,0.8095238095238095,0.425,0.8095238095238095,0.525,1.0,1.0,1.0,0.8095238095238095,0.37777777777777777,0.8095238095238095,0.4666666666666667,1.0,1.0,1.0,0.8095238095238095,0.34,0.8095238095238095,0.42,1.0,1.0,1.0,0.8095238095238095,distilroberta-dj_adpt,0,webtable-la2m-v=12-distilroberta-dj_adpt~qwen3_8b-dj_adpt
immigration_records_a.pq,1.0,0.0625,1.0,0.0625,1.0,1.0,0.0625,1.0,0.3125,1.0,0.3125,1.0,1.0,0.3125,1.0,0.625,1.0,0.625,1.0,1.0,0.625,1.0,0.9375,1.0,0.9375,1.0,1.0,0.9375,0.8,1.0,0.8,1.0,1.0,1.0,1.0,0.64,1.0,0.64,1.0,1.0,1.0,1.0,0.5333333333333333,1.0,0.5333333333333333,1.0,1.0,1.0,1.0,0.45714285714285713,1.0,0.45714285714285713,1.0,1.0,1.0,1.0,0.4,1.0,0.4,1.0,1.0,1.0,1.0,0.35555555555555557,1.0,0.35555555555555557,1.0,1.0,1.0,1.0,0.32,1.0,0.32,1.0,1.0,1.0,1.0,distilroberta-dj_adpt,0,webtable-la2m-v=12-distilroberta-dj_adpt~qwen3_8b-dj_adpt
albums_a.pq,1.0,0.0625,1.0,0.0625,1.0,1.0,0.0625,1.0,0.3125,1.0,0.3125,1.0,1.0,0.3125,1.0,0.625,1.0,0.625,1.0,1.0,0.625,1.0,0.9375,1.0,0.9375,1.0,1.0,0.9375,0.8,1.0,0.8,1.0,1.0,1.0,1.0,0.64,1.0,0.64,1.0,1.0,1.0,1.0,0.5333333333333333,1.0,0.5333333333333333,1.0,1.0,1.0,1.0,0.45714285714285713,1.0,0.45714285714285713,1.0,1.0,1.0,1.0,0.4,1.0,0.4,1.0,1.0,1.0,1.0,0.35555555555555557,1.0,0.35555555555555557,1.0,1.0,1.0,1.0,0.32,1.0,0.32,1.0,1.0,1.0,1.0,distilroberta-dj_adpt,0,webtable-la2m-v=12-distilroberta-dj_adpt~qwen3_8b-dj_adpt
complaint_by_practice_a.pq,1.0,0.07692307692307693,1.0,0.07692307692307693,1.0,1.0,0.07692307692307693,1.0,0.38461538461538464,1.0,0.38461538461538464,1.0,1.0,0.38461538461538464,1.0,0.7692307692307693,1.0,0.7692307692307693,1.0,1.0,0.7692307692307693,0.8666666666666667,1.0,0.8666666666666667,1.0,1.0,1.0,1.0,0.65,1.0,0.65,1.0,1.0,1.0,1.0,0.52,1.0,0.52,1.0,1.0,1.0,1.0,0.43333333333333335,1.0,0.43333333333333335,1.0,1.0,1.0,1.0,0.37142857142857144,1.0,0.37142857142857144,1.0,1.0,1.0,1.0,0.325,1.0,0.325,1.0,1.0,1.0,1.0,0.28888888888888886,1.0,0.28888888888888886,1.0,1.0,1.0,1.0,0.26,1.0,0.26,1.0,1.0,1.0,1.0,distilroberta-dj_adpt,0,webtable-la2m-v=12-distilroberta-dj_adpt~qwen3_8b-dj_adpt
oil_and_gas_summary_production_data_1967_1999_a.pq,1.0,0.09090909090909091,1.0,0.09090909090909091,1.0,1.0,0.09090909090909091,1.0,0.45454545454545453,1.0,0.45454545454545453,1.0,1.0,0.45454545454545453,1.0,0.9090909090909091,1.0,0.9090909090909091,1.0,1.0,0.9090909090909091,0.7333333333333333,1.0,0.7333333333333333,1.0,1.0,1.0,1.0,0.55,1.0,0.55,1.0,1.0,1.0,1.0,0.44,1.0,0.44,1.0,1.0,1.0,1.0,0.36666666666666664,1.0,0.36666666666666664,1.0,1.0,1.0,1.0,0.3142857142857143,1.0,0.3142857142857143,1.0,1.0,1.0,1.0,0.275,1.0,0.275,1.0,1.0,1.0,1.0,0.24444444444444444,1.0,0.24444444444444444,1.0,1.0,1.0,1.0,0.22,1.0,0.22,1.0,1.0,1.0,1.0,distilroberta-dj_adpt,0,webtable-la2m-v=12-distilroberta-dj_adpt~qwen3_8b-dj_adpt
senior_officials_expenses_a.pq,1.0,0.09090909090909091,1.0,0.09090909090909091,1.0,1.0,0.09090909090909091,1.0,0.45454545454545453,1.0,0.45454545454545453,1.0,1.0,0.45454545454545453,1.0,0.9090909090909091,1.0,0.9090909090909091,1.0,1.0,0.9090909090909091,0.6666666666666666,0.9090909090909091,0.7333333333333333,1.0,1.0,1.0,0.9090909090909091,0.5,0.9090909090909091,0.55,1.0,1.0,1.0,0.9090909090909091,0.4,0.9090909090909091,0.44,1.0,1.0,1.0,0.9090909090909091,0.3333333333333333,0.9090909090909091,0.36666666666666664,1.0,1.0,1.0,0.9090909090909091,0.2857142857142857,0.9090909090909091,0.3142857142857143,1.0,1.0,1.0,0.9090909090909091,0.25,0.9090909090909091,0.275,1.0,1.0,1.0,0.9090909090909091,0.2222222222222222,0.9090909090909091,0.24444444444444444,1.0,1.0,1.0,0.9090909090909091,0.2,0.9090909090909091,0.22,1.0,1.0,1.0,0.9090909090909091,distilroberta-dj_adpt,0,webtable-la2m-v=12-distilroberta-dj_adpt~qwen3_8b-dj_adpt
wholesale_markets_a.pq,1.0,0.09090909090909091,1.0,0.09090909090909091,1.0,1.0,0.09090909090909091,1.0,0.45454545454545453,1.0,0.45454545454545453,1.0,1.0,0.45454545454545453,1.0,0.9090909090909091,1.0,0.9090909090909091,1.0,1.0,0.9090909090909091,0.7333333333333333,1.0,0.7333333333333333,1.0,1.0,1.0,1.0,0.55,1.0,0.55,1.0,1.0,1.0,1.0,0.44,1.0,0.44,1.0,1.0,1.0,1.0,0.36666666666666664,1.0,0.36666666666666664,1.0,1.0,1.0,1.0,0.3142857142857143,1.0,0.3142857142857143,1.0,1.0,1.0,1.0,0.275,1.0,0.275,1.0,1.0,1.0,1.0,0.24444444444444444,1.0,0.24444444444444444,1.0,1.0,1.0,1.0,0.22,1.0,0.22,1.0,1.0,1.0,1.0,distilroberta-dj_adpt,0,webtable-la2m-v=12-distilroberta-dj_adpt~qwen3_8b-dj_adpt
ydn_spending_data_a.pq,1.0,0.08333333333333333,1.0,0.08333333333333333,1.0,1.0,0.08333333333333333,1.0,0.4166666666666667,1.0,0.4166666666666667,1.0,1.0,0.4166666666666667,1.0,0.8333333333333334,1.0,0.8333333333333334,1.0,1.0,0.8333333333333334,0.8,1.0,0.8,1.0,1.0,1.0,1.0,0.6,1.0,0.6,1.0,1.0,1.0,1.0,0.48,1.0,0.48,1.0,1.0,1.0,1.0,0.4,1.0,0.4,1.0,1.0,1.0,1.0,0.34285714285714286,1.0,0.34285714285714286,1.0,1.0,1.0,1.0,0.3,1.0,0.3,1.0,1.0,1.0,1.0,0.26666666666666666,1.0,0.26666666666666666,1.0,1.0,1.0,1.0,0.24,1.0,0.24,1.0,1.0,1.0,1.0,distilroberta-dj_adpt,0,webtable-la2m-v=12-distilroberta-dj_adpt~qwen3_8b-dj_adpt
civic_building_locations_a.pq,1.0,0.08333333333333333,1.0,0.08333333333333333,1.0,1.0,0.08333333333333333,1.0,0.4166666666666667,1.0,0.4166666666666667,1.0,1.0,0.4166666666666667,1.0,0.8333333333333334,1.0,0.8333333333333334,1.0,1.0,0.8333333333333334,0.8,1.0,0.8,1.0,1.0,1.0,1.0,0.6,1.0,0.6,1.0,1.0,1.0,1.0,0.48,1.0,0.48,1.0,1.0,1.0,1.0,0.4,1.0,0.4,1.0,1.0,1.0,1.0,0.34285714285714286,1.0,0.34285714285714286,1.0,1.0,1.0,1.0,0.3,1.0,0.3,1.0,1.0,1.0,1.0,0.26666666666666666,1.0,0.26666666666666666,1.0,1.0,1.0,1.0,0.24,1.0,0.24,1.0,1.0,1.0,1.0,distilroberta-dj_adpt,0,webtable-la2m-v=12-distilroberta-dj_adpt~qwen3_8b-dj_adpt
time_spent_watching_vcr_movies_a.pq,1.0,0.09090909090909091,1.0,0.09090909090909091,1.0,1.0,0.09090909090909091,1.0,0.45454545454545453,1.0,0.45454545454545453,1.0,1.0,0.45454545454545453,0.9,0.8181818181818182,1.0,0.9090909090909091,1.0,1.0,0.8181818181818182,0.6,0.8181818181818182,0.7333333333333333,1.0,1.0,1.0,0.8181818181818182,0.45,0.8181818181818182,0.55,1.0,1.0,1.0,0.8181818181818182,0.36,0.8181818181818182,0.44,1.0,1.0,1.0,0.8181818181818182,0.3,0.8181818181818182,0.36666666666666664,1.0,1.0,1.0,0.8181818181818182,0.2571428571428571,0.8181818181818182,0.3142857142857143,1.0,1.0,1.0,0.8181818181818182,0.225,0.8181818181818182,0.275,1.0,1.0,1.0,0.8181818181818182,0.2,0.8181818181818182,0.24444444444444444,1.0,1.0,1.0,0.8181818181818182,0.18,0.8181818181818182,0.22,1.0,1.0,1.0,0.8181818181818182,distilroberta-dj_adpt,0,webtable-la2m-v=12-distilroberta-dj_adpt~qwen3_8b-dj_adpt
albums_b.pq,1.0,0.0625,1.0,0.0625,1.0,1.0,0.0625,1.0,0.3125,1.0,0.3125,1.0,1.0,0.3125,1.0,0.625,1.0,0.625,1.0,1.0,0.625,1.0,0.9375,1.0,0.9375,1.0,1.0,0.9375,0.75,0.9375,0.8,1.0,1.0,1.0,0.9375,0.64,1.0,0.64,1.0,1.0,1.0,0.9809782608695652,0.5333333333333333,1.0,0.5333333333333333,1.0,1.0,1.0,0.9809782608695652,0.45714285714285713,1.0,0.45714285714285713,1.0,1.0,1.0,0.9809782608695652,0.4,1.0,0.4,1.0,1.0,1.0,0.9809782608695652,0.35555555555555557,1.0,0.35555555555555557,1.0,1.0,1.0,0.9809782608695652,0.32,1.0,0.32,1.0,1.0,1.0,0.9809782608695652,distilroberta-dj_adpt,0,webtable-la2m-v=12-distilroberta-dj_adpt~qwen3_8b-dj_adpt
311_calls_historic_data_a.pq,1.0,0.09090909090909091,1.0,0.09090909090909091,1.0,1.0,0.09090909090909091,1.0,0.45454545454545453,1.0,0.45454545454545453,1.0,1.0,0.45454545454545453,1.0,0.9090909090909091,1.0,0.9090909090909091,1.0,1.0,0.9090909090909091,0.7333333333333333,1.0,0.7333333333333333,1.0,1.0,1.0,1.0,0.55,1.0,0.55,1.0,1.0,1.0,1.0,0.44,1.0,0.44,1.0,1.0,1.0,1.0,0.36666666666666664,1.0,0.36666666666666664,1.0,1.0,1.0,1.0,0.3142857142857143,1.0,0.3142857142857143,1.0,1.0,1.0,1.0,0.275,1.0,0.275,1.0,1.0,1.0,1.0,0.24444444444444444,1.0,0.24444444444444444,1.0,1.0,1.0,1.0,0.22,1.0,0.22,1.0,1.0,1.0,1.0,distilroberta-dj_adpt,0,webtable-la2m-v=12-distilroberta-dj_adpt~qwen3_8b-dj_adpt
animal_tag_data_a.pq,1.0,0.08333333333333333,1.0,0.08333333333333333,1.0,1.0,0.08333333333333333,1.0,0.4166666666666667,1.0,0.4166666666666667,1.0,1.0,0.4166666666666667,1.0,0.8333333333333334,1.0,0.8333333333333334,1.0,1.0,0.8333333333333334,0.8,1.0,0.8,1.0,1.0,1.0,1.0,0.6,1.0,0.6,1.0,1.0,1.0,1.0,0.48,1.0,0.48,1.0,1.0,1.0,1.0,0.4,1.0,0.4,1.0,1.0,1.0,1.0,0.34285714285714286,1.0,0.34285714285714286,1.0,1.0,1.0,1.0,0.3,1.0,0.3,1.0,1.0,1.0,1.0,0.26666666666666666,1.0,0.26666666666666666,1.0,1.0,1.0,1.0,0.24,1.0,0.24,1.0,1.0,1.0,1.0,distilroberta-dj_adpt,0,webtable-la2m-v=12-distilroberta-dj_adpt~qwen3_8b-dj_adpt
data_mill_a.pq,1.0,0.07142857142857142,1.0,0.07142857142857142,1.0,1.0,0.07142857142857142,1.0,0.35714285714285715,1.0,0.35714285714285715,1.0,1.0,0.35714285714285715,1.0,0.7142857142857143,1.0,0.7142857142857143,1.0,1.0,0.7142857142857143,0.9333333333333333,1.0,0.9333333333333333,1.0,1.0,1.0,1.0,0.7,1.0,0.7,1.0,1.0,1.0,1.0,0.56,1.0,0.56,1.0,1.0,1.0,1.0,0.4666666666666667,1.0,0.4666666666666667,1.0,1.0,1.0,1.0,0.4,1.0,0.4,1.0,1.0,1.0,1.0,0.35,1.0,0.35,1.0,1.0,1.0,1.0,0.3111111111111111,1.0,0.3111111111111111,1.0,1.0,1.0,1.0,0.28,1.0,0.28,1.0,1.0,1.0,1.0,distilroberta-dj_adpt,0,webtable-la2m-v=12-distilroberta-dj_adpt~qwen3_8b-dj_adpt
mines_b.pq,1.0,0.07142857142857142,1.0,0.07142857142857142,1.0,1.0,0.07142857142857142,1.0,0.35714285714285715,1.0,0.35714285714285715,1.0,1.0,0.35714285714285715,0.5,0.35714285714285715,1.0,0.7142857142857143,1.0,1.0,0.35714285714285715,0.4,0.42857142857142855,0.9333333333333333,1.0,1.0,1.0,0.39610389610389607,0.3,0.42857142857142855,0.7,1.0,1.0,1.0,0.39610389610389607,0.4,0.7142857142857143,0.56,1.0,1.0,1.0,0.49903303218520606,0.3333333333333333,0.7142857142857143,0.4666666666666667,1.0,1.0,1.0,0.49903303218520606,0.34285714285714286,0.8571428571428571,0.4,1.0,1.0,1.0,0.5480526400283433,0.35,1.0,0.35,1.0,1.0,1.0,0.5968621638378672,0.3111111111111111,1.0,0.3111111111111111,1.0,1.0,1.0,0.5968621638378672,0.28,1.0,0.28,1.0,1.0,1.0,0.5968621638378672,distilroberta-dj_adpt,0,webtable-la2m-v=12-distilroberta-dj_adpt~qwen3_8b-dj_adpt
practice_reference_b.pq,1.0,0.06666666666666667,1.0,0.06666666666666667,1.0,1.0,0.06666666666666667,1.0,0.3333333333333333,1.0,0.3333333333333333,1.0,1.0,0.3333333333333333,1.0,0.6666666666666666,1.0,0.6666666666666666,1.0,1.0,0.6666666666666666,1.0,1.0,1.0,1.0,1.0,1.0,1.0,0.75,1.0,0.75,1.0,1.0,1.0,1.0,0.6,1.0,0.6,1.0,1.0,1.0,1.0,0.5,1.0,0.5,1.0,1.0,1.0,1.0,0.42857142857142855,1.0,0.42857142857142855,1.0,1.0,1.0,1.0,0.375,1.0,0.375,1.0,1.0,1.0,1.0,0.3333333333333333,1.0,0.3333333333333333,1.0,1.0,1.0,1.0,0.3,1.0,0.3,1.0,1.0,1.0,1.0,distilroberta-dj_adpt,0,webtable-la2m-v=12-distilroberta-dj_adpt~qwen3_8b-dj_adpt
stockport_contracts_b.pq,1.0,0.07692307692307693,1.0,0.07692307692307693,1.0,1.0,0.07692307692307693,1.0,0.38461538461538464,1.0,0.38461538461538464,1.0,1.0,0.38461538461538464,1.0,0.7692307692307693,1.0,0.7692307692307693,1.0,1.0,0.7692307692307693,0.8666666666666667,1.0,0.8666666666666667,1.0,1.0,1.0,1.0,0.65,1.0,0.65,1.0,1.0,1.0,1.0,0.52,1.0,0.52,1.0,1.0,1.0,1.0,0.43333333333333335,1.0,0.43333333333333335,1.0,1.0,1.0,1.0,0.37142857142857144,1.0,0.37142857142857144,1.0,1.0,1.0,1.0,0.325,1.0,0.325,1.0,1.0,1.0,1.0,0.28888888888888886,1.0,0.28888888888888886,1.0,1.0,1.0,1.0,0.26,1.0,0.26,1.0,1.0,1.0,1.0,distilroberta-dj_adpt,0,webtable-la2m-v=12-distilroberta-dj_adpt~qwen3_8b-dj_adpt
workforce_management_information_b.pq,1.0,0.05555555555555555,1.0,0.05555555555555555,1.0,1.0,0.05555555555555555,1.0,0.2777777777777778,1.0,0.2777777777777778,1.0,1.0,0.2777777777777778,1.0,0.5555555555555556,1.0,0.5555555555555556,1.0,1.0,0.5555555555555556,1.0,0.8333333333333334,1.0,0.8333333333333334,1.0,1.0,0.8333333333333334,0.75,0.8333333333333334,0.9,1.0,1.0,1.0,0.8333333333333334,0.6,0.8333333333333334,0.72,1.0,1.0,1.0,0.8333333333333334,0.5,0.8333333333333334,0.6,1.0,1.0,1.0,0.8333333333333334,0.5142857142857142,1.0,0.5142857142857142,1.0,1.0,1.0,0.919142404436522,0.45,1.0,0.45,1.0,1.0,1.0,0.919142404436522,0.4,1.0,0.4,1.0,1.0,1.0,0.919142404436522,0.36,1.0,0.36,1.0,1.0,1.0,0.919142404436522,distilroberta-dj_adpt,0,webtable-la2m-v=12-distilroberta-dj_adpt~qwen3_8b-dj_adpt
contributors_parties_a.pq,1.0,0.047619047619047616,1.0,0.047619047619047616,1.0,1.0,0.047619047619047616,1.0,0.23809523809523808,1.0,0.23809523809523808,1.0,1.0,0.23809523809523808,1.0,0.47619047619047616,1.0,0.47619047619047616,1.0,1.0,0.47619047619047616,1.0,0.7142857142857143,1.0,0.7142857142857143,1.0,1.0,0.7142857142857143,1.0,0.9523809523809523,1.0,0.9523809523809523,1.0,1.0,0.9523809523809523,0.84,1.0,0.84,1.0,1.0,1.0,1.0,0.7,1.0,0.7,1.0,1.0,1.0,1.0,0.6,1.0,0.6,1.0,1.0,1.0,1.0,0.525,1.0,0.525,1.0,1.0,1.0,1.0,0.4666666666666667,1.0,0.4666666666666667,1.0,1.0,1.0,1.0,0.42,1.0,0.42,1.0,1.0,1.0,1.0,distilroberta-dj_adpt,0,webtable-la2m-v=12-distilroberta-dj_adpt~qwen3_8b-dj_adpt
monthly_data_feed_a.pq,1.0,0.07692307692307693,1.0,0.07692307692307693,1.0,1.0,0.07692307692307693,1.0,0.38461538461538464,1.0,0.38461538461538464,1.0,1.0,0.38461538461538464,1.0,0.7692307692307693,1.0,0.7692307692307693,1.0,1.0,0.7692307692307693,0.8666666666666667,1.0,0.8666666666666667,1.0,1.0,1.0,0.9945054945054945,0.65,1.0,0.65,1.0,1.0,1.0,0.9945054945054945,0.52,1.0,0.52,1.0,1.0,1.0,0.9945054945054945,0.43333333333333335,1.0,0.43333333333333335,1.0,1.0,1.0,0.9945054945054945,0.37142857142857144,1.0,0.37142857142857144,1.0,1.0,1.0,0.9945054945054945,0.325,1.0,0.325,1.0,1.0,1.0,0.9945054945054945,0.28888888888888886,1.0,0.28888888888888886,1.0,1.0,1.0,0.9945054945054945,0.26,1.0,0.26,1.0,1.0,1.0,0.9945054945054945,distilroberta-dj_adpt,0,webtable-la2m-v=12-distilroberta-dj_adpt~qwen3_8b-dj_adpt
mines_a.pq,1.0,0.07142857142857142,1.0,0.07142857142857142,1.0,1.0,0.07142857142857142,1.0,0.35714285714285715,1.0,0.35714285714285715,1.0,1.0,0.35714285714285715,1.0,0.7142857142857143,1.0,0.7142857142857143,1.0,1.0,0.7142857142857143,0.8,0.8571428571428571,0.9333333333333333,1.0,1.0,1.0,0.8571428571428571,0.7,1.0,0.7,1.0,1.0,1.0,0.9643962848297214,0.56,1.0,0.56,1.0,1.0,1.0,0.9643962848297214,0.4666666666666667,1.0,0.4666666666666667,1.0,1.0,1.0,0.9643962848297214,0.4,1.0,0.4,1.0,1.0,1.0,0.9643962848297214,0.35,1.0,0.35,1.0,1.0,1.0,0.9643962848297214,0.3111111111111111,1.0,0.3111111111111111,1.0,1.0,1.0,0.9643962848297214,0.28,1.0,0.28,1.0,1.0,1.0,0.9643962848297214,distilroberta-dj_adpt,0,webtable-la2m-v=12-distilroberta-dj_adpt~qwen3_8b-dj_adpt
deaths_2012_2018_a.pq,1.0,0.09090909090909091,1.0,0.09090909090909091,1.0,1.0,0.09090909090909091,1.0,0.45454545454545453,1.0,0.45454545454545453,1.0,1.0,0.45454545454545453,1.0,0.9090909090909091,1.0,0.9090909090909091,1.0,1.0,0.9090909090909091,0.7333333333333333,1.0,0.7333333333333333,1.0,1.0,1.0,1.0,0.55,1.0,0.55,1.0,1.0,1.0,1.0,0.44,1.0,0.44,1.0,1.0,1.0,1.0,0.36666666666666664,1.0,0.36666666666666664,1.0,1.0,1.0,1.0,0.3142857142857143,1.0,0.3142857142857143,1.0,1.0,1.0,1.0,0.275,1.0,0.275,1.0,1.0,1.0,1.0,0.24444444444444444,1.0,0.24444444444444444,1.0,1.0,1.0,1.0,0.22,1.0,0.22,1.0,1.0,1.0,1.0,distilroberta-dj_adpt,0,webtable-la2m-v=12-distilroberta-dj_adpt~qwen3_8b-dj_adpt
stockport_contracts_a.pq,1.0,0.07692307692307693,1.0,0.07692307692307693,1.0,1.0,0.07692307692307693,1.0,0.38461538461538464,1.0,0.38461538461538464,1.0,1.0,0.38461538461538464,1.0,0.7692307692307693,1.0,0.7692307692307693,1.0,1.0,0.7692307692307693,0.8666666666666667,1.0,0.8666666666666667,1.0,1.0,1.0,1.0,0.65,1.0,0.65,1.0,1.0,1.0,1.0,0.52,1.0,0.52,1.0,1.0,1.0,1.0,0.43333333333333335,1.0,0.43333333333333335,1.0,1.0,1.0,1.0,0.37142857142857144,1.0,0.37142857142857144,1.0,1.0,1.0,1.0,0.325,1.0,0.325,1.0,1.0,1.0,1.0,0.28888888888888886,1.0,0.28888888888888886,1.0,1.0,1.0,1.0,0.26,1.0,0.26,1.0,1.0,1.0,1.0,distilroberta-dj_adpt,0,webtable-la2m-v=12-distilroberta-dj_adpt~qwen3_8b-dj_adpt
business_rates_a.pq,1.0,0.08333333333333333,1.0,0.08333333333333333,1.0,1.0,0.08333333333333333,1.0,0.4166666666666667,1.0,0.4166666666666667,1.0,1.0,0.4166666666666667,1.0,0.8333333333333334,1.0,0.8333333333333334,1.0,1.0,0.8333333333333334,0.8,1.0,0.8,1.0,1.0,1.0,1.0,0.6,1.0,0.6,1.0,1.0,1.0,1.0,0.48,1.0,0.48,1.0,1.0,1.0,1.0,0.4,1.0,0.4,1.0,1.0,1.0,1.0,0.34285714285714286,1.0,0.34285714285714286,1.0,1.0,1.0,1.0,0.3,1.0,0.3,1.0,1.0,1.0,1.0,0.26666666666666666,1.0,0.26666666666666666,1.0,1.0,1.0,1.0,0.24,1.0,0.24,1.0,1.0,1.0,1.0,distilroberta-dj_adpt,0,webtable-la2m-v=12-distilroberta-dj_adpt~qwen3_8b-dj_adpt
lane_description_b.pq,1.0,0.0625,1.0,0.0625,1.0,1.0,0.0625,1.0,0.3125,1.0,0.3125,1.0,1.0,0.3125,1.0,0.625,1.0,0.625,1.0,1.0,0.625,1.0,0.9375,1.0,0.9375,1.0,1.0,0.9375,0.8,1.0,0.8,1.0,1.0,1.0,1.0,0.64,1.0,0.64,1.0,1.0,1.0,1.0,0.5333333333333333,1.0,0.5333333333333333,1.0,1.0,1.0,1.0,0.45714285714285713,1.0,0.45714285714285713,1.0,1.0,1.0,1.0,0.4,1.0,0.4,1.0,1.0,1.0,1.0,0.35555555555555557,1.0,0.35555555555555557,1.0,1.0,1.0,1.0,0.32,1.0,0.32,1.0,1.0,1.0,1.0,distilroberta-dj_adpt,0,webtable-la2m-v=12-distilroberta-dj_adpt~qwen3_8b-dj_adpt
tuition_assistance_program_tap_recipients_a.pq,1.0,0.09090909090909091,1.0,0.09090909090909091,1.0,1.0,0.09090909090909091,1.0,0.45454545454545453,1.0,0.45454545454545453,1.0,1.0,0.45454545454545453,1.0,0.9090909090909091,1.0,0.9090909090909091,1.0,1.0,0.9090909090909091,0.7333333333333333,1.0,0.7333333333333333,1.0,1.0,1.0,1.0,0.55,1.0,0.55,1.0,1.0,1.0,1.0,0.44,1.0,0.44,1.0,1.0,1.0,1.0,0.36666666666666664,1.0,0.36666666666666664,1.0,1.0,1.0,1.0,0.3142857142857143,1.0,0.3142857142857143,1.0,1.0,1.0,1.0,0.275,1.0,0.275,1.0,1.0,1.0,1.0,0.24444444444444444,1.0,0.24444444444444444,1.0,1.0,1.0,1.0,0.22,1.0,0.22,1.0,1.0,1.0,1.0,distilroberta-dj_adpt,0,webtable-la2m-v=12-distilroberta-dj_adpt~qwen3_8b-dj_adpt
complaint_by_practice_b.pq,1.0,0.07692307692307693,1.0,0.07692307692307693,1.0,1.0,0.07692307692307693,1.0,0.38461538461538464,1.0,0.38461538461538464,1.0,1.0,0.38461538461538464,1.0,0.7692307692307693,1.0,0.7692307692307693,1.0,1.0,0.7692307692307693,0.8666666666666667,1.0,0.8666666666666667,1.0,1.0,1.0,1.0,0.65,1.0,0.65,1.0,1.0,1.0,1.0,0.52,1.0,0.52,1.0,1.0,1.0,1.0,0.43333333333333335,1.0,0.43333333333333335,1.0,1.0,1.0,1.0,0.37142857142857144,1.0,0.37142857142857144,1.0,1.0,1.0,1.0,0.325,1.0,0.325,1.0,1.0,1.0,1.0,0.28888888888888886,1.0,0.28888888888888886,1.0,1.0,1.0,1.0,0.26,1.0,0.26,1.0,1.0,1.0,1.0,distilroberta-dj_adpt,0,webtable-la2m-v=12-distilroberta-dj_adpt~qwen3_8b-dj_adpt
lane_description_a.pq,1.0,0.0625,1.0,0.0625,1.0,1.0,0.0625,1.0,0.3125,1.0,0.3125,1.0,1.0,0.3125,1.0,0.625,1.0,0.625,1.0,1.0,0.625,1.0,0.9375,1.0,0.9375,1.0,1.0,0.9375,0.8,1.0,0.8,1.0,1.0,1.0,1.0,0.64,1.0,0.64,1.0,1.0,1.0,1.0,0.5333333333333333,1.0,0.5333333333333333,1.0,1.0,1.0,1.0,0.45714285714285713,1.0,0.45714285714285713,1.0,1.0,1.0,1.0,0.4,1.0,0.4,1.0,1.0,1.0,1.0,0.35555555555555557,1.0,0.35555555555555557,1.0,1.0,1.0,1.0,0.32,1.0,0.32,1.0,1.0,1.0,1.0,distilroberta-dj_adpt,0,webtable-la2m-v=12-distilroberta-dj_adpt~qwen3_8b-dj_adpt
biodiversity_a.pq,1.0,0.09090909090909091,1.0,0.09090909090909091,1.0,1.0,0.09090909090909091,0.8,0.36363636363636365,1.0,0.45454545454545453,1.0,1.0,0.36363636363636365,0.4,0.36363636363636365,1.0,0.9090909090909091,1.0,1.0,0.36363636363636365,0.26666666666666666,0.36363636363636365,0.7333333333333333,1.0,1.0,1.0,0.36363636363636365,0.3,0.5454545454545454,0.55,1.0,1.0,1.0,0.41759702286018074,0.28,0.6363636363636364,0.44,1.0,1.0,1.0,0.4465226426948915,0.23333333333333334,0.6363636363636364,0.36666666666666664,1.0,1.0,1.0,0.4465226426948915,0.22857142857142856,0.7272727272727273,0.3142857142857143,1.0,1.0,1.0,0.46791301702644233,0.225,0.8181818181818182,0.275,1.0,1.0,1.0,0.49064028975371504,0.2,0.8181818181818182,0.24444444444444444,1.0,1.0,1.0,0.49064028975371504,0.18,0.8181818181818182,0.22,1.0,1.0,1.0,0.49064028975371504,mini_l12-dj_adpt,1,webtable-la2m-v=12-distilroberta-dj_adpt~qwen3_8b-dj_adpt
mines_b.pq,1.0,0.07142857142857142,1.0,0.07142857142857142,1.0,1.0,0.07142857142857142,0.4,0.14285714285714285,1.0,0.35714285714285715,1.0,1.0,0.14285714285714285,0.2,0.14285714285714285,1.0,0.7142857142857143,1.0,1.0,0.14285714285714285,0.2,0.21428571428571427,0.9333333333333333,1.0,1.0,1.0,0.15934065934065936,0.15,0.21428571428571427,0.7,1.0,1.0,1.0,0.15934065934065936,0.12,0.21428571428571427,0.56,1.0,1.0,1.0,0.15934065934065936,0.13333333333333333,0.2857142857142857,0.4666666666666667,1.0,1.0,1.0,0.16919287608942782,0.11428571428571428,0.2857142857142857,0.4,1.0,1.0,1.0,0.16919287608942782,0.1,0.2857142857142857,0.35,1.0,1.0,1.0,0.16919287608942782,0.08888888888888889,0.2857142857142857,0.3111111111111111,1.0,1.0,1.0,0.16919287608942782,0.08,0.2857142857142857,0.28,1.0,1.0,1.0,0.16919287608942782,mini_l12-dj_adpt,1,webtable-la2m-v=12-distilroberta-dj_adpt~qwen3_8b-dj_adpt
prescribing_b.pq,1.0,0.06666666666666667,1.0,0.06666666666666667,1.0,1.0,0.06666666666666667,1.0,0.3333333333333333,1.0,0.3333333333333333,1.0,1.0,0.3333333333333333,0.7,0.4666666666666667,1.0,0.6666666666666666,1.0,1.0,0.4666666666666667,0.7333333333333333,0.7333333333333333,1.0,1.0,1.0,1.0,0.6537728937728938,0.65,0.8666666666666667,0.75,1.0,1.0,1.0,0.7464457523900249,0.52,0.8666666666666667,0.6,1.0,1.0,1.0,0.7464457523900249,0.43333333333333335,0.8666666666666667,0.5,1.0,1.0,1.0,0.7464457523900249,0.37142857142857144,0.8666666666666667,0.42857142857142855,1.0,1.0,1.0,0.7464457523900249,0.325,0.8666666666666667,0.375,1.0,1.0,1.0,0.7464457523900249,0.28888888888888886,0.8666666666666667,0.3333333333333333,1.0,1.0,1.0,0.7464457523900249,0.28,0.9333333333333333,0.3,1.0,1.0,1.0,0.7663039084183936,mini_l12-dj_adpt,1,webtable-la2m-v=12-distilroberta-dj_adpt~qwen3_8b-dj_adpt
job_pay_scales_a.pq,1.0,0.06666666666666667,1.0,0.06666666666666667,1.0,1.0,0.06666666666666667,0.6,0.2,1.0,0.3333333333333333,1.0,1.0,0.17333333333333334,0.5,0.3333333333333333,1.0,0.6666666666666666,1.0,1.0,0.23629629629629628,0.6,0.6,1.0,1.0,1.0,1.0,0.3836223036223036,0.45,0.6,0.75,1.0,1.0,1.0,0.3836223036223036,0.36,0.6,0.6,1.0,1.0,1.0,0.3836223036223036,0.36666666666666664,0.7333333333333333,0.5,1.0,1.0,1.0,0.4364238230904897,0.34285714285714286,0.8,0.42857142857142855,1.0,1.0,1.0,0.4592809659476326,0.3,0.8,0.375,1.0,1.0,1.0,0.4592809659476326,0.28888888888888886,0.8666666666666667,0.3333333333333333,1.0,1.0,1.0,0.4804191773297464,0.3,1.0,0.3,1.0,1.0,1.0,0.520271785039497,mini_l12-dj_adpt,1,webtable-la2m-v=12-distilroberta-dj_adpt~qwen3_8b-dj_adpt
senior_officials_expenses_a.pq,1.0,0.09090909090909091,1.0,0.09090909090909091,1.0,1.0,0.09090909090909091,1.0,0.45454545454545453,1.0,0.45454545454545453,1.0,1.0,0.45454545454545453,0.9,0.8181818181818182,1.0,0.9090909090909091,1.0,1.0,0.8090909090909091,0.6666666666666666,0.9090909090909091,0.7333333333333333,1.0,1.0,1.0,0.874025974025974,0.5,0.9090909090909091,0.55,1.0,1.0,1.0,0.874025974025974,0.4,0.9090909090909091,0.44,1.0,1.0,1.0,0.874025974025974,0.3333333333333333,0.9090909090909091,0.36666666666666664,1.0,1.0,1.0,0.874025974025974,0.2857142857142857,0.9090909090909091,0.3142857142857143,1.0,1.0,1.0,0.874025974025974,0.25,0.9090909090909091,0.275,1.0,1.0,1.0,0.874025974025974,0.2222222222222222,0.9090909090909091,0.24444444444444444,1.0,1.0,1.0,0.874025974025974,0.2,0.9090909090909091,0.22,1.0,1.0,1.0,0.874025974025974,mini_l12-dj_adpt,1,webtable-la2m-v=12-distilroberta-dj_adpt~qwen3_8b-dj_adpt
practice_reference_a.pq,1.0,0.06666666666666667,1.0,0.06666666666666667,1.0,1.0,0.06666666666666667,1.0,0.3333333333333333,1.0,0.3333333333333333,1.0,1.0,0.3333333333333333,1.0,0.6666666666666666,1.0,0.6666666666666666,1.0,1.0,0.6666666666666666,1.0,1.0,1.0,1.0,1.0,1.0,1.0,0.75,1.0,0.75,1.0,1.0,1.0,1.0,0.6,1.0,0.6,1.0,1.0,1.0,1.0,0.5,1.0,0.5,1.0,1.0,1.0,1.0,0.42857142857142855,1.0,0.42857142857142855,1.0,1.0,1.0,1.0,0.375,1.0,0.375,1.0,1.0,1.0,1.0,0.3333333333333333,1.0,0.3333333333333333,1.0,1.0,1.0,1.0,0.3,1.0,0.3,1.0,1.0,1.0,1.0,mini_l12-dj_adpt,1,webtable-la2m-v=12-distilroberta-dj_adpt~qwen3_8b-dj_adpt
ydn_spending_data_b.pq,1.0,0.08333333333333333,1.0,0.08333333333333333,1.0,1.0,0.08333333333333333,1.0,0.4166666666666667,1.0,0.4166666666666667,1.0,1.0,0.4166666666666667,0.6,0.5,1.0,0.8333333333333334,1.0,1.0,0.4880952380952381,0.4666666666666667,0.5833333333333334,0.8,1.0,1.0,1.0,0.526984126984127,0.4,0.6666666666666666,0.6,1.0,1.0,1.0,0.564021164021164,0.32,0.6666666666666666,0.48,1.0,1.0,1.0,0.564021164021164,0.3,0.75,0.4,1.0,1.0,1.0,0.5898832329866813,0.2571428571428571,0.75,0.34285714285714286,1.0,1.0,1.0,0.5898832329866813,0.225,0.75,0.3,1.0,1.0,1.0,0.5898832329866813,0.2222222222222222,0.8333333333333334,0.26666666666666666,1.0,1.0,1.0,0.6088226269260751,0.2,0.8333333333333334,0.24,1.0,1.0,1.0,0.6088226269260751,mini_l12-dj_adpt,1,webtable-la2m-v=12-distilroberta-dj_adpt~qwen3_8b-dj_adpt
cdc_nutrition_physical_activity_and_obesity_legislation_a.pq,1.0,0.09090909090909091,1.0,0.09090909090909091,1.0,1.0,0.09090909090909091,0.2,0.09090909090909091,1.0,0.45454545454545453,1.0,1.0,0.09090909090909091,0.1,0.09090909090909091,1.0,0.9090909090909091,1.0,1.0,0.09090909090909091,0.06666666666666667,0.09090909090909091,0.7333333333333333,1.0,1.0,1.0,0.09090909090909091,0.05,0.09090909090909091,0.55,1.0,1.0,1.0,0.09090909090909091,0.04,0.09090909090909091,0.44,1.0,1.0,1.0,0.09090909090909091,0.03333333333333333,0.09090909090909091,0.36666666666666664,1.0,1.0,1.0,0.09090909090909091,0.08571428571428572,0.2727272727272727,0.3142857142857143,1.0,1.0,1.0,0.1040488922841864,0.2,0.7272727272727273,0.275,1.0,1.0,1.0,0.17528781615468922,0.17777777777777778,0.7272727272727273,0.24444444444444444,1.0,1.0,1.0,0.17528781615468922,0.16,0.7272727272727273,0.22,1.0,1.0,1.0,0.17528781615468922,mini_l12-dj_adpt,1,webtable-la2m-v=12-distilroberta-dj_adpt~qwen3_8b-dj_adpt
data_mill_a.pq,1.0,0.07142857142857142,1.0,0.07142857142857142,1.0,1.0,0.07142857142857142,1.0,0.35714285714285715,1.0,0.35714285714285715,1.0,1.0,0.35714285714285715,0.6,0.42857142857142855,1.0,0.7142857142857143,1.0,1.0,0.39999999999999997,0.4666666666666667,0.5,0.9333333333333333,1.0,1.0,1.0,0.44545454545454544,0.35,0.5,0.7,1.0,1.0,1.0,0.44545454545454544,0.32,0.5714285714285714,0.56,1.0,1.0,1.0,0.4692640692640692,0.3,0.6428571428571429,0.4666666666666667,1.0,1.0,1.0,0.4914315569487983,0.2571428571428571,0.6428571428571429,0.4,1.0,1.0,1.0,0.4914315569487983,0.225,0.6428571428571429,0.35,1.0,1.0,1.0,0.4914315569487983,0.2,0.6428571428571429,0.3111111111111111,1.0,1.0,1.0,0.4914315569487983,0.2,0.7142857142857143,0.28,1.0,1.0,1.0,0.506008816424017,mini_l12-dj_adpt,1,webtable-la2m-v=12-distilroberta-dj_adpt~qwen3_8b-dj_adpt
immigration_records_a.pq,1.0,0.0625,1.0,0.0625,1.0,1.0,0.0625,0.4,0.125,1.0,0.3125,1.0,1.0,0.10416666666666666,0.2,0.125,1.0,0.625,1.0,1.0,0.10416666666666666,0.13333333333333333,0.125,1.0,0.9375,1.0,1.0,0.10416666666666666,0.25,0.3125,0.8,1.0,1.0,1.0,0.14336622807017543,0.28,0.4375,0.64,1.0,1.0,1.0,0.17945253759398497,0.3333333333333333,0.625,0.5333333333333333,1.0,1.0,1.0,0.24034997349142084,0.4,0.875,0.45714285714285713,1.0,1.0,1.0,0.334861951669789,0.375,0.9375,0.4,1.0,1.0,1.0,0.3609036183364556,0.3333333333333333,0.9375,0.35555555555555557,1.0,1.0,1.0,0.3609036183364556,0.3,0.9375,0.32,1.0,1.0,1.0,0.3609036183364556,mini_l12-dj_adpt,1,webtable-la2m-v=12-distilroberta-dj_adpt~qwen3_8b-dj_adpt
purchasing_card_a.pq,1.0,0.07692307692307693,1.0,0.07692307692307693,1.0,1.0,0.07692307692307693,1.0,0.38461538461538464,1.0,0.38461538461538464,1.0,1.0,0.38461538461538464,1.0,0.7692307692307693,1.0,0.7692307692307693,1.0,1.0,0.7692307692307693,0.8666666666666667,1.0,0.8666666666666667,1.0,1.0,1.0,1.0,0.65,1.0,0.65,1.0,1.0,1.0,1.0,0.52,1.0,0.52,1.0,1.0,1.0,1.0,0.43333333333333335,1.0,0.43333333333333335,1.0,1.0,1.0,1.0,0.37142857142857144,1.0,0.37142857142857144,1.0,1.0,1.0,1.0,0.325,1.0,0.325,1.0,1.0,1.0,1.0,0.28888888888888886,1.0,0.28888888888888886,1.0,1.0,1.0,1.0,0.26,1.0,0.26,1.0,1.0,1.0,1.0,mini_l12-dj_adpt,1,webtable-la2m-v=12-distilroberta-dj_adpt~qwen3_8b-dj_adpt
stockport_contracts_b.pq,1.0,0.07692307692307693,1.0,0.07692307692307693,1.0,1.0,0.07692307692307693,0.4,0.15384615384615385,1.0,0.38461538461538464,1.0,1.0,0.1282051282051282,0.5,0.38461538461538464,1.0,0.7692307692307693,1.0,1.0,0.23382173382173382,0.6666666666666666,0.7692307692307693,0.8666666666666667,1.0,1.0,1.0,0.4687214494906803,0.6,0.9230769230769231,0.65,1.0,1.0,1.0,0.5759047074092323,0.52,1.0,0.52,1.0,1.0,1.0,0.6159047074092323,0.43333333333333335,1.0,0.43333333333333335,1.0,1.0,1.0,0.6159047074092323,0.37142857142857144,1.0,0.37142857142857144,1.0,1.0,1.0,0.6159047074092323,0.325,1.0,0.325,1.0,1.0,1.0,0.6159047074092323,0.28888888888888886,1.0,0.28888888888888886,1.0,1.0,1.0,0.6159047074092323,0.26,1.0,0.26,1.0,1.0,1.0,0.6159047074092323,mini_l12-dj_adpt,1,webtable-la2m-v=12-distilroberta-dj_adpt~qwen3_8b-dj_adpt
prescribing_a.pq,1.0,0.06666666666666667,1.0,0.06666666666666667,1.0,1.0,0.06666666666666667,1.0,0.3333333333333333,1.0,0.3333333333333333,1.0,1.0,0.3333333333333333,0.7,0.4666666666666667,1.0,0.6666666666666666,1.0,1.0,0.4666666666666667,0.7333333333333333,0.7333333333333333,1.0,1.0,1.0,1.0,0.6537728937728938,0.75,1.0,0.75,1.0,1.0,1.0,0.8592367167289768,0.6,1.0,0.6,1.0,1.0,1.0,0.8592367167289768,0.5,1.0,0.5,1.0,1.0,1.0,0.8592367167289768,0.42857142857142855,1.0,0.42857142857142855,1.0,1.0,1.0,0.8592367167289768,0.375,1.0,0.375,1.0,1.0,1.0,0.8592367167289768,0.3333333333333333,1.0,0.3333333333333333,1.0,1.0,1.0,0.8592367167289768,0.3,1.0,0.3,1.0,1.0,1.0,0.8592367167289768,mini_l12-dj_adpt,1,webtable-la2m-v=12-distilroberta-dj_adpt~qwen3_8b-dj_adpt
oil_and_gas_summary_production_data_1967_1999_a.pq,1.0,0.09090909090909091,1.0,0.09090909090909091,1.0,1.0,0.09090909090909091,1.0,0.45454545454545453,1.0,0.45454545454545453,1.0,1.0,0.45454545454545453,0.6,0.5454545454545454,1.0,0.9090909090909091,1.0,1.0,0.5454545454545454,0.4,0.5454545454545454,0.7333333333333333,1.0,1.0,1.0,0.5454545454545454,0.3,0.5454545454545454,0.55,1.0,1.0,1.0,0.5454545454545454,0.24,0.5454545454545454,0.44,1.0,1.0,1.0,0.5454545454545454,0.2,0.5454545454545454,0.36666666666666664,1.0,1.0,1.0,0.5454545454545454,0.17142857142857143,0.5454545454545454,0.3142857142857143,1.0,1.0,1.0,0.5454545454545454,0.15,0.5454545454545454,0.275,1.0,1.0,1.0,0.5454545454545454,0.13333333333333333,0.5454545454545454,0.24444444444444444,1.0,1.0,1.0,0.5454545454545454,0.2,0.9090909090909091,0.22,1.0,1.0,1.0,0.6090251187515625,mini_l12-dj_adpt,1,webtable-la2m-v=12-distilroberta-dj_adpt~qwen3_8b-dj_adpt
data_mill_b.pq,1.0,0.07142857142857142,1.0,0.07142857142857142,1.0,1.0,0.07142857142857142,1.0,0.35714285714285715,1.0,0.35714285714285715,1.0,1.0,0.35714285714285715,1.0,0.7142857142857143,1.0,0.7142857142857143,1.0,1.0,0.7142857142857143,0.8666666666666667,0.9285714285714286,0.9333333333333333,1.0,1.0,1.0,0.9190476190476191,0.7,1.0,0.7,1.0,1.0,1.0,0.9778711484593837,0.56,1.0,0.56,1.0,1.0,1.0,0.9778711484593837,0.4666666666666667,1.0,0.4666666666666667,1.0,1.0,1.0,0.9778711484593837,0.4,1.0,0.4,1.0,1.0,1.0,0.9778711484593837,0.35,1.0,0.35,1.0,1.0,1.0,0.9778711484593837,0.3111111111111111,1.0,0.3111111111111111,1.0,1.0,1.0,0.9778711484593837,0.28,1.0,0.28,1.0,1.0,1.0,0.9778711484593837,mini_l12-dj_adpt,1,webtable-la2m-v=12-distilroberta-dj_adpt~qwen3_8b-dj_adpt
ydn_spending_data_a.pq,1.0,0.08333333333333333,1.0,0.08333333333333333,1.0,1.0,0.08333333333333333,1.0,0.4166666666666667,1.0,0.4166666666666667,1.0,1.0,0.4166666666666667,0.6,0.5,1.0,0.8333333333333334,1.0,1.0,0.4791666666666667,0.4,0.5,0.8,1.0,1.0,1.0,0.4791666666666667,0.4,0.6666666666666666,0.6,1.0,1.0,1.0,0.5507127192982456,0.32,0.6666666666666666,0.48,1.0,1.0,1.0,0.5507127192982456,0.3,0.75,0.4,1.0,1.0,1.0,0.5757127192982456,0.2857142857142857,0.8333333333333334,0.34285714285714286,1.0,1.0,1.0,0.6017543859649123,0.25,0.8333333333333334,0.3,1.0,1.0,1.0,0.6017543859649123,0.2222222222222222,0.8333333333333334,0.26666666666666666,1.0,1.0,1.0,0.6017543859649123,0.22,0.9166666666666666,0.24,1.0,1.0,1.0,0.6216819221967963,mini_l12-dj_adpt,1,webtable-la2m-v=12-distilroberta-dj_adpt~qwen3_8b-dj_adpt
civic_building_locations_a.pq,1.0,0.08333333333333333,1.0,0.08333333333333333,1.0,1.0,0.08333333333333333,0.4,0.16666666666666666,1.0,0.4166666666666667,1.0,1.0,0.16666666666666666,0.5,0.4166666666666667,1.0,0.8333333333333334,1.0,1.0,0.2962962962962963,0.3333333333333333,0.4166666666666667,0.8,1.0,1.0,1.0,0.2962962962962963,0.3,0.5,0.6,1.0,1.0,1.0,0.3226120857699805,0.4,0.8333333333333334,0.48,1.0,1.0,1.0,0.44269607786484216,0.3333333333333333,0.8333333333333334,0.4,1.0,1.0,1.0,0.44269607786484216,0.2857142857142857,0.8333333333333334,0.34285714285714286,1.0,1.0,1.0,0.44269607786484216,0.25,0.8333333333333334,0.3,1.0,1.0,1.0,0.44269607786484216,0.2222222222222222,0.8333333333333334,0.26666666666666666,1.0,1.0,1.0,0.44269607786484216,0.2,0.8333333333333334,0.24,1.0,1.0,1.0,0.44269607786484216,mini_l12-dj_adpt,1,webtable-la2m-v=12-distilroberta-dj_adpt~qwen3_8b-dj_adpt
contributors_parties_a.pq,1.0,0.047619047619047616,1.0,0.047619047619047616,1.0,1.0,0.047619047619047616,0.6,0.14285714285714285,1.0,0.23809523809523808,1.0,1.0,0.1,0.8,0.38095238095238093,1.0,0.47619047619047616,1.0,1.0,0.27660619803476943,0.7333333333333333,0.5238095238095238,1.0,0.7142857142857143,1.0,1.0,0.3845014773586202,0.8,0.7619047619047619,1.0,0.9523809523809523,1.0,1.0,0.5693565889939176,0.68,0.8095238095238095,0.84,1.0,1.0,1.0,0.6079053418283847,0.6,0.8571428571428571,0.7,1.0,1.0,1.0,0.6364767703998133,0.6,1.0,0.6,1.0,1.0,1.0,0.7257275733602937,0.525,1.0,0.525,1.0,1.0,1.0,0.7257275733602937,0.4666666666666667,1.0,0.4666666666666667,1.0,1.0,1.0,0.7257275733602937,0.42,1.0,0.42,1.0,1.0,1.0,0.7257275733602937,mini_l12-dj_adpt,1,webtable-la2m-v=12-distilroberta-dj_adpt~qwen3_8b-dj_adpt
monthly_data_feed_b.pq,1.0,0.07692307692307693,1.0,0.07692307692307693,1.0,1.0,0.07692307692307693,0.6,0.23076923076923078,1.0,0.38461538461538464,1.0,1.0,0.23076923076923078,0.3,0.23076923076923078,1.0,0.7692307692307693,1.0,1.0,0.23076923076923078,0.26666666666666666,0.3076923076923077,0.8666666666666667,1.0,1.0,1.0,0.2544378698224852,0.35,0.5384615384615384,0.65,1.0,1.0,1.0,0.327019966088792,0.48,0.9230769230769231,0.52,1.0,1.0,1.0,0.49341683009435167,0.43333333333333335,1.0,0.43333333333333335,1.0,1.0,1.0,0.5318783685558901,0.37142857142857144,1.0,0.37142857142857144,1.0,1.0,1.0,0.5318783685558901,0.325,1.0,0.325,1.0,1.0,1.0,0.5318783685558901,0.28888888888888886,1.0,0.28888888888888886,1.0,1.0,1.0,0.5318783685558901,0.26,1.0,0.26,1.0,1.0,1.0,0.5318783685558901,mini_l12-dj_adpt,1,webtable-la2m-v=12-distilroberta-dj_adpt~qwen3_8b-dj_adpt
deaths_2012_2018_a.pq,1.0,0.09090909090909091,1.0,0.09090909090909091,1.0,1.0,0.09090909090909091,1.0,0.45454545454545453,1.0,0.45454545454545453,1.0,1.0,0.45454545454545453,0.6,0.5454545454545454,1.0,0.9090909090909091,1.0,1.0,0.5454545454545454,0.4,0.5454545454545454,0.7333333333333333,1.0,1.0,1.0,0.5454545454545454,0.3,0.5454545454545454,0.55,1.0,1.0,1.0,0.5454545454545454,0.4,0.9090909090909091,0.44,1.0,1.0,1.0,0.6764552641034854,0.36666666666666664,1.0,0.36666666666666664,1.0,1.0,1.0,0.7149168025650239,0.3142857142857143,1.0,0.3142857142857143,1.0,1.0,1.0,0.7149168025650239,0.275,1.0,0.275,1.0,1.0,1.0,0.7149168025650239,0.24444444444444444,1.0,0.24444444444444444,1.0,1.0,1.0,0.7149168025650239,0.22,1.0,0.22,1.0,1.0,1.0,0.7149168025650239,mini_l12-dj_adpt,1,webtable-la2m-v=12-distilroberta-dj_adpt~qwen3_8b-dj_adpt
mines_a.pq,1.0,0.07142857142857142,1.0,0.07142857142857142,1.0,1.0,0.07142857142857142,1.0,0.35714285714285715,1.0,0.35714285714285715,1.0,1.0,0.35714285714285715,0.8,0.5714285714285714,1.0,0.7142857142857143,1.0,1.0,0.5714285714285714,0.5333333333333333,0.5714285714285714,0.9333333333333333,1.0,1.0,1.0,0.5714285714285714,0.5,0.7142857142857143,0.7,1.0,1.0,1.0,0.6489262371615313,0.4,0.7142857142857143,0.56,1.0,1.0,1.0,0.6489262371615313,0.3333333333333333,0.7142857142857143,0.4666666666666667,1.0,1.0,1.0,0.6489262371615313,0.2857142857142857,0.7142857142857143,0.4,1.0,1.0,1.0,0.6489262371615313,0.275,0.7857142857142857,0.35,1.0,1.0,1.0,0.6690727573080515,0.24444444444444444,0.7857142857142857,0.3111111111111111,1.0,1.0,1.0,0.6690727573080515,0.22,0.7857142857142857,0.28,1.0,1.0,1.0,0.6690727573080515,mini_l12-dj_adpt,1,webtable-la2m-v=12-distilroberta-dj_adpt~qwen3_8b-dj_adpt
animal_tag_data_b.pq,1.0,0.08333333333333333,1.0,0.08333333333333333,1.0,1.0,0.08333333333333333,0.6,0.25,1.0,0.4166666666666667,1.0,1.0,0.25,0.6,0.5,1.0,0.8333333333333334,1.0,1.0,0.4052579365079365,0.4666666666666667,0.5833333333333334,0.8,1.0,1.0,1.0,0.4469246031746032,0.4,0.6666666666666666,0.6,1.0,1.0,1.0,0.48025793650793647,0.4,0.8333333333333334,0.48,1.0,1.0,1.0,0.5493055555555556,0.36666666666666664,0.9166666666666666,0.4,1.0,1.0,1.0,0.5845619658119658,0.3142857142857143,0.9166666666666666,0.34285714285714286,1.0,1.0,1.0,0.5845619658119658,0.275,0.9166666666666666,0.3,1.0,1.0,1.0,0.5845619658119658,0.24444444444444444,0.9166666666666666,0.26666666666666666,1.0,1.0,1.0,0.5845619658119658,0.22,0.9166666666666666,0.24,1.0,1.0,1.0,0.5845619658119658,mini_l12-dj_adpt,1,webtable-la2m-v=12-distilroberta-dj_adpt~qwen3_8b-dj_adpt
contributors_parties_b.pq,1.0,0.047619047619047616,1.0,0.047619047619047616,1.0,1.0,0.047619047619047616,1.0,0.23809523809523808,1.0,0.23809523809523808,1.0,1.0,0.23809523809523808,1.0,0.47619047619047616,1.0,0.47619047619047616,1.0,1.0,0.47619047619047616,1.0,0.7142857142857143,1.0,0.7142857142857143,1.0,1.0,0.7142857142857143,0.85,0.8095238095238095,1.0,0.9523809523809523,1.0,1.0,0.8095238095238095,0.68,0.8095238095238095,0.84,1.0,1.0,1.0,0.8095238095238095,0.6,0.8571428571428571,0.7,1.0,1.0,1.0,0.8380952380952381,0.6,1.0,0.6,1.0,1.0,1.0,0.9273460410557184,0.525,1.0,0.525,1.0,1.0,1.0,0.9273460410557184,0.4666666666666667,1.0,0.4666666666666667,1.0,1.0,1.0,0.9273460410557184,0.42,1.0,0.42,1.0,1.0,1.0,0.9273460410557184,mini_l12-dj_adpt,1,webtable-la2m-v=12-distilroberta-dj_adpt~qwen3_8b-dj_adpt
film_locations_in_san_francisco_a.pq,1.0,0.07692307692307693,1.0,0.07692307692307693,1.0,1.0,0.07692307692307693,0.8,0.3076923076923077,1.0,0.38461538461538464,1.0,1.0,0.24743589743589745,0.8,0.6153846153846154,1.0,0.7692307692307693,1.0,1.0,0.49884004884004884,0.6,0.6923076923076923,0.8666666666666667,1.0,1.0,1.0,0.5565323565323566,0.45,0.6923076923076923,0.65,1.0,1.0,1.0,0.5565323565323566,0.52,1.0,0.52,1.0,1.0,1.0,0.7134243775548123,0.43333333333333335,1.0,0.43333333333333335,1.0,1.0,1.0,0.7134243775548123,0.37142857142857144,1.0,0.37142857142857144,1.0,1.0,1.0,0.7134243775548123,0.325,1.0,0.325,1.0,1.0,1.0,0.7134243775548123,0.28888888888888886,1.0,0.28888888888888886,1.0,1.0,1.0,0.7134243775548123,0.26,1.0,0.26,1.0,1.0,1.0,0.7134243775548123,mini_l12-dj_adpt,1,webtable-la2m-v=12-distilroberta-dj_adpt~qwen3_8b-dj_adpt
business_rates_a.pq,1.0,0.08333333333333333,1.0,0.08333333333333333,1.0,1.0,0.08333333333333333,0.8,0.3333333333333333,1.0,0.4166666666666667,1.0,1.0,0.3333333333333333,0.8,0.6666666666666666,1.0,0.8333333333333334,1.0,1.0,0.5868386243386243,0.6666666666666666,0.8333333333333334,0.8,1.0,1.0,1.0,0.724464886964887,0.55,0.9166666666666666,0.6,1.0,1.0,1.0,0.778386455592338,0.44,0.9166666666666666,0.48,1.0,1.0,1.0,0.778386455592338,0.4,1.0,0.4,1.0,1.0,1.0,0.8168479940538763,0.34285714285714286,1.0,0.34285714285714286,1.0,1.0,1.0,0.8168479940538763,0.3,1.0,0.3,1.0,1.0,1.0,0.8168479940538763,0.26666666666666666,1.0,0.26666666666666666,1.0,1.0,1.0,0.8168479940538763,0.24,1.0,0.24,1.0,1.0,1.0,0.8168479940538763,mini_l12-dj_adpt,1,webtable-la2m-v=12-distilroberta-dj_adpt~qwen3_8b-dj_adpt
practice_reference_b.pq,1.0,0.06666666666666667,1.0,0.06666666666666667,1.0,1.0,0.06666666666666667,1.0,0.3333333333333333,1.0,0.3333333333333333,1.0,1.0,0.3333333333333333,1.0,0.6666666666666666,1.0,0.6666666666666666,1.0,1.0,0.6666666666666666,1.0,1.0,1.0,1.0,1.0,1.0,1.0,0.75,1.0,0.75,1.0,1.0,1.0,1.0,0.6,1.0,0.6,1.0,1.0,1.0,1.0,0.5,1.0,0.5,1.0,1.0,1.0,1.0,0.42857142857142855,1.0,0.42857142857142855,1.0,1.0,1.0,1.0,0.375,1.0,0.375,1.0,1.0,1.0,1.0,0.3333333333333333,1.0,0.3333333333333333,1.0,1.0,1.0,1.0,0.3,1.0,0.3,1.0,1.0,1.0,1.0,mini_l12-dj_adpt,1,webtable-la2m-v=12-distilroberta-dj_adpt~qwen3_8b-dj_adpt
time_spent_watching_vcr_movies_a.pq,1.0,0.09090909090909091,1.0,0.09090909090909091,1.0,1.0,0.09090909090909091,0.2,0.09090909090909091,1.0,0.45454545454545453,1.0,1.0,0.09090909090909091,0.4,0.36363636363636365,1.0,0.9090909090909091,1.0,1.0,0.1913780663780664,0.26666666666666666,0.36363636363636365,0.7333333333333333,1.0,1.0,1.0,0.1913780663780664,0.2,0.36363636363636365,0.55,1.0,1.0,1.0,0.1913780663780664,0.28,0.6363636363636364,0.44,1.0,1.0,1.0,0.2622697899377741,0.23333333333333334,0.6363636363636364,0.36666666666666664,1.0,1.0,1.0,0.2622697899377741,0.2,0.6363636363636364,0.3142857142857143,1.0,1.0,1.0,0.2622697899377741,0.2,0.7272727272727273,0.275,1.0,1.0,1.0,0.2804516081195923,0.2,0.8181818181818182,0.24444444444444444,1.0,1.0,1.0,0.30040726222158787,0.18,0.8181818181818182,0.22,1.0,1.0,1.0,0.30040726222158787,mini_l12-dj_adpt,1,webtable-la2m-v=12-distilroberta-dj_adpt~qwen3_8b-dj_adpt
albums_b.pq,1.0,0.0625,1.0,0.0625,1.0,1.0,0.0625,1.0,0.3125,1.0,0.3125,1.0,1.0,0.3125,1.0,0.625,1.0,0.625,1.0,1.0,0.625,0.7333333333333333,0.6875,1.0,0.9375,1.0,1.0,0.6875,0.55,0.6875,0.8,1.0,1.0,1.0,0.6875,0.44,0.6875,0.64,1.0,1.0,1.0,0.6875,0.5,0.9375,0.5333333333333333,1.0,1.0,1.0,0.8057180487137384,0.45714285714285713,1.0,0.45714285714285713,1.0,1.0,1.0,0.8379761132298674,0.4,1.0,0.4,1.0,1.0,1.0,0.8379761132298674,0.35555555555555557,1.0,0.35555555555555557,1.0,1.0,1.0,0.8379761132298674,0.32,1.0,0.32,1.0,1.0,1.0,0.8379761132298674,mini_l12-dj_adpt,1,webtable-la2m-v=12-distilroberta-dj_adpt~qwen3_8b-dj_adpt
311_calls_historic_data_a.pq,1.0,0.09090909090909091,1.0,0.09090909090909091,1.0,1.0,0.09090909090909091,0.2,0.09090909090909091,1.0,0.45454545454545453,1.0,1.0,0.09090909090909091,0.1,0.09090909090909091,1.0,0.9090909090909091,1.0,1.0,0.09090909090909091,0.06666666666666667,0.09090909090909091,0.7333333333333333,1.0,1.0,1.0,0.09090909090909091,0.05,0.09090909090909091,0.55,1.0,1.0,1.0,0.09090909090909091,0.04,0.09090909090909091,0.44,1.0,1.0,1.0,0.09090909090909091,0.03333333333333333,0.09090909090909091,0.36666666666666664,1.0,1.0,1.0,0.09090909090909091,0.02857142857142857,0.09090909090909091,0.3142857142857143,1.0,1.0,1.0,0.09090909090909091,0.025,0.09090909090909091,0.275,1.0,1.0,1.0,0.09090909090909091,0.022222222222222223,0.09090909090909091,0.24444444444444444,1.0,1.0,1.0,0.09090909090909091,0.1,0.45454545454545453,0.22,1.0,1.0,1.0,0.11697144041368966,mini_l12-dj_adpt,1,webtable-la2m-v=12-distilroberta-dj_adpt~qwen3_8b-dj_adpt
albums_a.pq,1.0,0.0625,1.0,0.0625,1.0,1.0,0.0625,1.0,0.3125,1.0,0.3125,1.0,1.0,0.3125,1.0,0.625,1.0,0.625,1.0,1.0,0.625,1.0,0.9375,1.0,0.9375,1.0,1.0,0.9375,0.8,1.0,0.8,1.0,1.0,1.0,1.0,0.64,1.0,0.64,1.0,1.0,1.0,1.0,0.5333333333333333,1.0,0.5333333333333333,1.0,1.0,1.0,1.0,0.45714285714285713,1.0,0.45714285714285713,1.0,1.0,1.0,1.0,0.4,1.0,0.4,1.0,1.0,1.0,1.0,0.35555555555555557,1.0,0.35555555555555557,1.0,1.0,1.0,1.0,0.32,1.0,0.32,1.0,1.0,1.0,1.0,mini_l12-dj_adpt,1,webtable-la2m-v=12-distilroberta-dj_adpt~qwen3_8b-dj_adpt
workforce_management_information_b.pq,1.0,0.05555555555555555,1.0,0.05555555555555555,1.0,1.0,0.05555555555555555,1.0,0.2777777777777778,1.0,0.2777777777777778,1.0,1.0,0.2777777777777778,1.0,0.5555555555555556,1.0,0.5555555555555556,1.0,1.0,0.5555555555555556,0.8666666666666667,0.7222222222222222,1.0,0.8333333333333334,1.0,1.0,0.7222222222222222,0.65,0.7222222222222222,0.9,1.0,1.0,1.0,0.7222222222222222,0.52,0.7222222222222222,0.72,1.0,1.0,1.0,0.7222222222222222,0.43333333333333335,0.7222222222222222,0.6,1.0,1.0,1.0,0.7222222222222222,0.37142857142857144,0.7222222222222222,0.5142857142857142,1.0,1.0,1.0,0.7222222222222222,0.325,0.7222222222222222,0.45,1.0,1.0,1.0,0.7222222222222222,0.28888888888888886,0.7222222222222222,0.4,1.0,1.0,1.0,0.7222222222222222,0.26,0.7222222222222222,0.36,1.0,1.0,1.0,0.7222222222222222,mini_l12-dj_adpt,1,webtable-la2m-v=12-distilroberta-dj_adpt~qwen3_8b-dj_adpt
cihr_co-applicant_a.pq,1.0,0.08333333333333333,1.0,0.08333333333333333,1.0,1.0,0.08333333333333333,1.0,0.4166666666666667,1.0,0.4166666666666667,1.0,1.0,0.4166666666666667,0.9,0.75,1.0,0.8333333333333334,1.0,1.0,0.7100859788359788,0.8,1.0,0.8,1.0,1.0,1.0,0.9391555204055204,0.6,1.0,0.6,1.0,1.0,1.0,0.9391555204055204,0.48,1.0,0.48,1.0,1.0,1.0,0.9391555204055204,0.4,1.0,0.4,1.0,1.0,1.0,0.9391555204055204,0.34285714285714286,1.0,0.34285714285714286,1.0,1.0,1.0,0.9391555204055204,0.3,1.0,0.3,1.0,1.0,1.0,0.9391555204055204,0.26666666666666666,1.0,0.26666666666666666,1.0,1.0,1.0,0.9391555204055204,0.24,1.0,0.24,1.0,1.0,1.0,0.9391555204055204,mini_l12-dj_adpt,1,webtable-la2m-v=12-distilroberta-dj_adpt~qwen3_8b-dj_adpt
report_card_discipline_for_2015_16_a.pq,1.0,0.09090909090909091,1.0,0.09090909090909091,1.0,1.0,0.09090909090909091,1.0,0.45454545454545453,1.0,0.45454545454545453,1.0,1.0,0.45454545454545453,1.0,0.9090909090909091,1.0,0.9090909090909091,1.0,1.0,0.9090909090909091,0.7333333333333333,1.0,0.7333333333333333,1.0,1.0,1.0,1.0,0.55,1.0,0.55,1.0,1.0,1.0,1.0,0.44,1.0,0.44,1.0,1.0,1.0,1.0,0.36666666666666664,1.0,0.36666666666666664,1.0,1.0,1.0,1.0,0.3142857142857143,1.0,0.3142857142857143,1.0,1.0,1.0,1.0,0.275,1.0,0.275,1.0,1.0,1.0,1.0,0.24444444444444444,1.0,0.24444444444444444,1.0,1.0,1.0,1.0,0.22,1.0,0.22,1.0,1.0,1.0,1.0,mini_l12-dj_adpt,1,webtable-la2m-v=12-distilroberta-dj_adpt~qwen3_8b-dj_adpt
workforce_management_information_a.pq,1.0,0.05555555555555555,1.0,0.05555555555555555,1.0,1.0,0.05555555555555555,1.0,0.2777777777777778,1.0,0.2777777777777778,1.0,1.0,0.2777777777777778,1.0,0.5555555555555556,1.0,0.5555555555555556,1.0,1.0,0.5555555555555556,0.8666666666666667,0.7222222222222222,1.0,0.8333333333333334,1.0,1.0,0.7222222222222222,0.65,0.7222222222222222,0.9,1.0,1.0,1.0,0.7222222222222222,0.52,0.7222222222222222,0.72,1.0,1.0,1.0,0.7222222222222222,0.43333333333333335,0.7222222222222222,0.6,1.0,1.0,1.0,0.7222222222222222,0.37142857142857144,0.7222222222222222,0.5142857142857142,1.0,1.0,1.0,0.7222222222222222,0.325,0.7222222222222222,0.45,1.0,1.0,1.0,0.7222222222222222,0.28888888888888886,0.7222222222222222,0.4,1.0,1.0,1.0,0.7222222222222222,0.26,0.7222222222222222,0.36,1.0,1.0,1.0,0.7222222222222222,mini_l12-dj_adpt,1,webtable-la2m-v=12-distilroberta-dj_adpt~qwen3_8b-dj_adpt
abandoned_wells_a.pq,1.0,0.09090909090909091,1.0,0.09090909090909091,1.0,1.0,0.09090909090909091,0.8,0.36363636363636365,1.0,0.45454545454545453,1.0,1.0,0.2924242424242424,0.9,0.8181818181818182,1.0,0.9090909090909091,1.0,1.0,0.6882756132756133,0.7333333333333333,1.0,0.7333333333333333,1.0,1.0,1.0,0.8542535747081202,0.55,1.0,0.55,1.0,1.0,1.0,0.8542535747081202,0.44,1.0,0.44,1.0,1.0,1.0,0.8542535747081202,0.36666666666666664,1.0,0.36666666666666664,1.0,1.0,1.0,0.8542535747081202,0.3142857142857143,1.0,0.3142857142857143,1.0,1.0,1.0,0.8542535747081202,0.275,1.0,0.275,1.0,1.0,1.0,0.8542535747081202,0.24444444444444444,1.0,0.24444444444444444,1.0,1.0,1.0,0.8542535747081202,0.22,1.0,0.22,1.0,1.0,1.0,0.8542535747081202,mini_l12-dj_adpt,1,webtable-la2m-v=12-distilroberta-dj_adpt~qwen3_8b-dj_adpt
wholesale_markets_a.pq,1.0,0.09090909090909091,1.0,0.09090909090909091,1.0,1.0,0.09090909090909091,0.2,0.09090909090909091,1.0,0.45454545454545453,1.0,1.0,0.09090909090909091,0.1,0.09090909090909091,1.0,0.9090909090909091,1.0,1.0,0.09090909090909091,0.06666666666666667,0.09090909090909091,0.7333333333333333,1.0,1.0,1.0,0.09090909090909091,0.05,0.09090909090909091,0.55,1.0,1.0,1.0,0.09090909090909091,0.04,0.09090909090909091,0.44,1.0,1.0,1.0,0.09090909090909091,0.03333333333333333,0.09090909090909091,0.36666666666666664,1.0,1.0,1.0,0.09090909090909091,0.02857142857142857,0.09090909090909091,0.3142857142857143,1.0,1.0,1.0,0.09090909090909091,0.025,0.09090909090909091,0.275,1.0,1.0,1.0,0.09090909090909091,0.022222222222222223,0.09090909090909091,0.24444444444444444,1.0,1.0,1.0,0.09090909090909091,0.02,0.09090909090909091,0.22,1.0,1.0,1.0,0.09090909090909091,mini_l12-dj_adpt,1,webtable-la2m-v=12-distilroberta-dj_adpt~qwen3_8b-dj_adpt
minister_meetings_a.pq,1.0,0.1,1.0,0.1,1.0,1.0,0.1,1.0,0.5,1.0,0.5,1.0,1.0,0.5,0.5,0.5,1.0,1.0,1.0,1.0,0.5,0.3333333333333333,0.5,0.6666666666666666,1.0,1.0,1.0,0.5,0.25,0.5,0.5,1.0,1.0,1.0,0.5,0.2,0.5,0.4,1.0,1.0,1.0,0.5,0.16666666666666666,0.5,0.3333333333333333,1.0,1.0,1.0,0.5,0.14285714285714285,0.5,0.2857142857142857,1.0,1.0,1.0,0.5,0.125,0.5,0.25,1.0,1.0,1.0,0.5,0.1111111111111111,0.5,0.2222222222222222,1.0,1.0,1.0,0.5,0.1,0.5,0.2,1.0,1.0,1.0,0.5,mini_l12-dj_adpt,1,webtable-la2m-v=12-distilroberta-dj_adpt~qwen3_8b-dj_adpt
complaint_by_practice_b.pq,1.0,0.07692307692307693,1.0,0.07692307692307693,1.0,1.0,0.07692307692307693,0.8,0.3076923076923077,1.0,0.38461538461538464,1.0,1.0,0.27307692307692305,0.9,0.6923076923076923,1.0,0.7692307692307693,1.0,1.0,0.608028083028083,0.8,0.9230769230769231,0.8666666666666667,1.0,1.0,1.0,0.8194768906307368,0.6,0.9230769230769231,0.65,1.0,1.0,1.0,0.8194768906307368,0.48,0.9230769230769231,0.52,1.0,1.0,1.0,0.8194768906307368,0.4,0.9230769230769231,0.43333333333333335,1.0,1.0,1.0,0.8194768906307368,0.34285714285714286,0.9230769230769231,0.37142857142857144,1.0,1.0,1.0,0.8194768906307368,0.3,0.9230769230769231,0.325,1.0,1.0,1.0,0.8194768906307368,0.26666666666666666,0.9230769230769231,0.28888888888888886,1.0,1.0,1.0,0.8194768906307368,0.24,0.9230769230769231,0.26,1.0,1.0,1.0,0.8194768906307368,mini_l12-dj_adpt,1,webtable-la2m-v=12-distilroberta-dj_adpt~qwen3_8b-dj_adpt
tuition_assistance_program_tap_recipients_a.pq,1.0,0.09090909090909091,1.0,0.09090909090909091,1.0,1.0,0.09090909090909091,0.2,0.09090909090909091,1.0,0.45454545454545453,1.0,1.0,0.09090909090909091,0.1,0.09090909090909091,1.0,0.9090909090909091,1.0,1.0,0.09090909090909091,0.06666666666666667,0.09090909090909091,0.7333333333333333,1.0,1.0,1.0,0.09090909090909091,0.05,0.09090909090909091,0.55,1.0,1.0,1.0,0.09090909090909091,0.04,0.09090909090909091,0.44,1.0,1.0,1.0,0.09090909090909091,0.03333333333333333,0.09090909090909091,0.36666666666666664,1.0,1.0,1.0,0.09090909090909091,0.02857142857142857,0.09090909090909091,0.3142857142857143,1.0,1.0,1.0,0.09090909090909091,0.025,0.09090909090909091,0.275,1.0,1.0,1.0,0.09090909090909091,0.022222222222222223,0.09090909090909091,0.24444444444444444,1.0,1.0,1.0,0.09090909090909091,0.02,0.09090909090909091,0.22,1.0,1.0,1.0,0.09090909090909091,mini_l12-dj_adpt,1,webtable-la2m-v=12-distilroberta-dj_adpt~qwen3_8b-dj_adpt
stockport_contracts_a.pq,1.0,0.07692307692307693,1.0,0.07692307692307693,1.0,1.0,0.07692307692307693,0.2,0.07692307692307693,1.0,0.38461538461538464,1.0,1.0,0.07692307692307693,0.5,0.38461538461538464,1.0,0.7692307692307693,1.0,1.0,0.2167277167277167,0.5333333333333333,0.6153846153846154,0.8666666666666667,1.0,1.0,1.0,0.3445831945831946,0.5,0.7692307692307693,0.65,1.0,1.0,1.0,0.42376871494518553,0.44,0.8461538461538461,0.52,1.0,1.0,1.0,0.46223025340672397,0.4,0.9230769230769231,0.43333333333333335,1.0,1.0,1.0,0.49519728637375693,0.34285714285714286,0.9230769230769231,0.37142857142857144,1.0,1.0,1.0,0.49519728637375693,0.3,0.9230769230769231,0.325,1.0,1.0,1.0,0.49519728637375693,0.26666666666666666,0.9230769230769231,0.28888888888888886,1.0,1.0,1.0,0.49519728637375693,0.24,0.9230769230769231,0.26,1.0,1.0,1.0,0.49519728637375693,mini_l12-dj_adpt,1,webtable-la2m-v=12-distilroberta-dj_adpt~qwen3_8b-dj_adpt
complaint_by_practice_a.pq,1.0,0.07692307692307693,1.0,0.07692307692307693,1.0,1.0,0.07692307692307693,0.2,0.07692307692307693,1.0,0.38461538461538464,1.0,1.0,0.07692307692307693,0.1,0.07692307692307693,1.0,0.7692307692307693,1.0,1.0,0.07692307692307693,0.06666666666666667,0.07692307692307693,0.8666666666666667,1.0,1.0,1.0,0.07692307692307693,0.15,0.23076923076923078,0.65,1.0,1.0,1.0,0.09761583445793973,0.12,0.23076923076923078,0.52,1.0,1.0,1.0,0.09761583445793973,0.1,0.23076923076923078,0.43333333333333335,1.0,1.0,1.0,0.09761583445793973,0.17142857142857143,0.46153846153846156,0.37142857142857144,1.0,1.0,1.0,0.13143887416333236,0.275,0.8461538461538461,0.325,1.0,1.0,1.0,0.22212449126595352,0.28888888888888886,1.0,0.28888888888888886,1.0,1.0,1.0,0.2684480863700364,0.26,1.0,0.26,1.0,1.0,1.0,0.2684480863700364,mini_l12-dj_adpt,1,webtable-la2m-v=12-distilroberta-dj_adpt~qwen3_8b-dj_adpt
psyckes_antipsychotic_polypharmacy_quality_indicators_beginning_2012_a.pq,1.0,0.09090909090909091,1.0,0.09090909090909091,1.0,1.0,0.09090909090909091,0.2,0.09090909090909091,1.0,0.45454545454545453,1.0,1.0,0.09090909090909091,0.1,0.09090909090909091,1.0,0.9090909090909091,1.0,1.0,0.09090909090909091,0.06666666666666667,0.09090909090909091,0.7333333333333333,1.0,1.0,1.0,0.09090909090909091,0.05,0.09090909090909091,0.55,1.0,1.0,1.0,0.09090909090909091,0.04,0.09090909090909091,0.44,1.0,1.0,1.0,0.09090909090909091,0.03333333333333333,0.09090909090909091,0.36666666666666664,1.0,1.0,1.0,0.09090909090909091,0.02857142857142857,0.09090909090909091,0.3142857142857143,1.0,1.0,1.0,0.09090909090909091,0.025,0.09090909090909091,0.275,1.0,1.0,1.0,0.09090909090909091,0.022222222222222223,0.09090909090909091,0.24444444444444444,1.0,1.0,1.0,0.09090909090909091,0.02,0.09090909090909091,0.22,1.0,1.0,1.0,0.09090909090909091,mini_l12-dj_adpt,1,webtable-la2m-v=12-distilroberta-dj_adpt~qwen3_8b-dj_adpt
ipopayments_a.pq,1.0,0.06666666666666667,1.0,0.06666666666666667,1.0,1.0,0.06666666666666667,0.4,0.13333333333333333,1.0,0.3333333333333333,1.0,1.0,0.13333333333333333,0.5,0.3333333333333333,1.0,0.6666666666666666,1.0,1.0,0.2212962962962963,0.5333333333333333,0.5333333333333333,1.0,1.0,1.0,1.0,0.3321043771043771,0.45,0.6,0.75,1.0,1.0,1.0,0.36543771043771045,0.36,0.6,0.6,1.0,1.0,1.0,0.36543771043771045,0.3333333333333333,0.6666666666666666,0.5,1.0,1.0,1.0,0.38765993265993265,0.34285714285714286,0.8,0.42857142857142855,1.0,1.0,1.0,0.43208570296805593,0.325,0.8666666666666667,0.375,1.0,1.0,1.0,0.45615977704212995,0.28888888888888886,0.8666666666666667,0.3333333333333333,1.0,1.0,1.0,0.45615977704212995,0.26,0.8666666666666667,0.3,1.0,1.0,1.0,0.45615977704212995,mini_l12-dj_adpt,1,webtable-la2m-v=12-distilroberta-dj_adpt~qwen3_8b-dj_adpt
animal_tag_data_a.pq,1.0,0.08333333333333333,1.0,0.08333333333333333,1.0,1.0,0.08333333333333333,0.2,0.08333333333333333,1.0,0.4166666666666667,1.0,1.0,0.08333333333333333,0.3,0.25,1.0,0.8333333333333334,1.0,1.0,0.1361111111111111,0.26666666666666666,0.3333333333333333,0.8,1.0,1.0,1.0,0.16641414141414143,0.2,0.3333333333333333,0.6,1.0,1.0,1.0,0.16641414141414143,0.24,0.5,0.48,1.0,1.0,1.0,0.20898268398268396,0.2,0.5,0.4,1.0,1.0,1.0,0.20898268398268396,0.17142857142857143,0.5,0.34285714285714286,1.0,1.0,1.0,0.20898268398268396,0.2,0.6666666666666666,0.3,1.0,1.0,1.0,0.2406066156066156,0.24444444444444444,0.9166666666666666,0.26666666666666666,1.0,1.0,1.0,0.30005839783207905,0.22,0.9166666666666666,0.24,1.0,1.0,1.0,0.30005839783207905,mini_l12-dj_adpt,1,webtable-la2m-v=12-distilroberta-dj_adpt~qwen3_8b-dj_adpt
lane_description_a.pq,1.0,0.0625,1.0,0.0625,1.0,1.0,0.0625,1.0,0.3125,1.0,0.3125,1.0,1.0,0.3125,0.7,0.4375,1.0,0.625,1.0,1.0,0.4079861111111111,0.5333333333333333,0.5,1.0,0.9375,1.0,1.0,0.44131944444444443,0.55,0.6875,0.8,1.0,1.0,1.0,0.5514348447712418,0.6,0.9375,0.64,1.0,1.0,1.0,0.7011869269282153,0.5,0.9375,0.5333333333333333,1.0,1.0,1.0,0.7011869269282153,0.42857142857142855,0.9375,0.45714285714285713,1.0,1.0,1.0,0.7011869269282153,0.375,0.9375,0.4,1.0,1.0,1.0,0.7011869269282153,0.3333333333333333,0.9375,0.35555555555555557,1.0,1.0,1.0,0.7011869269282153,0.32,1.0,0.32,1.0,1.0,1.0,0.7229260573629979,mini_l12-dj_adpt,1,webtable-la2m-v=12-distilroberta-dj_adpt~qwen3_8b-dj_adpt
lane_description_b.pq,1.0,0.0625,1.0,0.0625,1.0,1.0,0.0625,1.0,0.3125,1.0,0.3125,1.0,1.0,0.3125,1.0,0.625,1.0,0.625,1.0,1.0,0.625,0.9333333333333333,0.875,1.0,0.9375,1.0,1.0,0.856353021978022,0.8,1.0,0.8,1.0,1.0,1.0,0.9737703013897867,0.64,1.0,0.64,1.0,1.0,1.0,0.9737703013897867,0.5333333333333333,1.0,0.5333333333333333,1.0,1.0,1.0,0.9737703013897867,0.45714285714285713,1.0,0.45714285714285713,1.0,1.0,1.0,0.9737703013897867,0.4,1.0,0.4,1.0,1.0,1.0,0.9737703013897867,0.35555555555555557,1.0,0.35555555555555557,1.0,1.0,1.0,0.9737703013897867,0.32,1.0,0.32,1.0,1.0,1.0,0.9737703013897867,mini_l12-dj_adpt,1,webtable-la2m-v=12-distilroberta-dj_adpt~qwen3_8b-dj_adpt
cihr_co-applicant_b.pq,1.0,0.08333333333333333,1.0,0.08333333333333333,1.0,1.0,0.08333333333333333,1.0,0.4166666666666667,1.0,0.4166666666666667,1.0,1.0,0.4166666666666667,1.0,0.8333333333333334,1.0,0.8333333333333334,1.0,1.0,0.8333333333333334,0.8,1.0,0.8,1.0,1.0,1.0,1.0,0.6,1.0,0.6,1.0,1.0,1.0,1.0,0.48,1.0,0.48,1.0,1.0,1.0,1.0,0.4,1.0,0.4,1.0,1.0,1.0,1.0,0.34285714285714286,1.0,0.34285714285714286,1.0,1.0,1.0,1.0,0.3,1.0,0.3,1.0,1.0,1.0,1.0,0.26666666666666666,1.0,0.26666666666666666,1.0,1.0,1.0,1.0,0.24,1.0,0.24,1.0,1.0,1.0,1.0,mini_l12-dj_adpt,1,webtable-la2m-v=12-distilroberta-dj_adpt~qwen3_8b-dj_adpt
monthly_data_feed_a.pq,1.0,0.07692307692307693,1.0,0.07692307692307693,1.0,1.0,0.07692307692307693,1.0,0.38461538461538464,1.0,0.38461538461538464,1.0,1.0,0.38461538461538464,0.5,0.38461538461538464,1.0,0.7692307692307693,1.0,1.0,0.38461538461538464,0.4666666666666667,0.5384615384615384,0.8666666666666667,1.0,1.0,1.0,0.45347985347985353,0.55,0.8461538461538461,0.65,1.0,1.0,1.0,0.6199348295323528,0.44,0.8461538461538461,0.52,1.0,1.0,1.0,0.6199348295323528,0.36666666666666664,0.8461538461538461,0.43333333333333335,1.0,1.0,1.0,0.6199348295323528,0.3142857142857143,0.8461538461538461,0.37142857142857144,1.0,1.0,1.0,0.6199348295323528,0.275,0.8461538461538461,0.325,1.0,1.0,1.0,0.6199348295323528,0.24444444444444444,0.8461538461538461,0.28888888888888886,1.0,1.0,1.0,0.6199348295323528,0.22,0.8461538461538461,0.26,1.0,1.0,1.0,0.6199348295323528,mini_l12-dj_adpt,1,webtable-la2m-v=12-distilroberta-dj_adpt~qwen3_8b-dj_adpt
new_york_city_restaurant_inspection_results_a.pq,1.0,0.03225806451612903,1.0,0.03225806451612903,1.0,1.0,0.03225806451612903,0.4,0.06451612903225806,1.0,0.16129032258064516,1.0,1.0,0.06451612903225806,0.2,0.06451612903225806,1.0,0.3225806451612903,1.0,1.0,0.06451612903225806,0.3333333333333333,0.16129032258064516,1.0,0.4838709677419355,1.0,1.0,0.09192957580054355,0.5,0.3225806451612903,1.0,0.6451612903225806,1.0,1.0,0.16305516808612786,0.56,0.45161290322580644,1.0,0.8064516129032258,1.0,1.0,0.23308519182582899,0.6333333333333333,0.6129032258064516,1.0,0.967741935483871,1.0,1.0,0.3308491116698378,0.5714285714285714,0.6451612903225806,0.8857142857142857,1.0,1.0,1.0,0.3516607661963727,0.5,0.6451612903225806,0.775,1.0,1.0,1.0,0.3516607661963727,0.4444444444444444,0.6451612903225806,0.6888888888888889,1.0,1.0,1.0,0.3516607661963727,0.42,0.6774193548387096,0.62,1.0,1.0,1.0,0.36577366942217915,mini_l12-dj_adpt,1,webtable-la2m-v=12-distilroberta-dj_adpt~qwen3_8b-dj_adpt
ipopayments_b.pq,1.0,0.06666666666666667,1.0,0.06666666666666667,1.0,1.0,0.06666666666666667,1.0,0.3333333333333333,1.0,0.3333333333333333,1.0,1.0,0.3333333333333333,0.8,0.5333333333333333,1.0,0.6666666666666666,1.0,1.0,0.5333333333333333,0.6,0.6,1.0,1.0,1.0,1.0,0.5733333333333334,0.55,0.7333333333333333,0.75,1.0,1.0,1.0,0.6581372549019607,0.44,0.7333333333333333,0.6,1.0,1.0,1.0,0.6581372549019607,0.36666666666666664,0.7333333333333333,0.5,1.0,1.0,1.0,0.6581372549019607,0.37142857142857144,0.8666666666666667,0.42857142857142855,1.0,1.0,1.0,0.7064285714285714,0.35,0.9333333333333333,0.375,1.0,1.0,1.0,0.7323544973544974,0.3111111111111111,0.9333333333333333,0.3333333333333333,1.0,1.0,1.0,0.7323544973544974,0.28,0.9333333333333333,0.3,1.0,1.0,1.0,0.7323544973544974,mini_l12-dj_adpt,1,webtable-la2m-v=12-distilroberta-dj_adpt~qwen3_8b-dj_adpt
workforce_management_information_a.pq,1.0,0.05555555555555555,1.0,0.05555555555555555,1.0,1.0,0.05555555555555555,0.8,0.2222222222222222,1.0,0.2777777777777778,1.0,1.0,0.2222222222222222,0.9,0.5,1.0,0.5555555555555556,1.0,1.0,0.46413139329805997,0.8666666666666667,0.7222222222222222,1.0,0.8333333333333334,1.0,1.0,0.6684317225983892,0.65,0.7222222222222222,0.9,1.0,1.0,1.0,0.6684317225983892,0.52,0.7222222222222222,0.72,1.0,1.0,1.0,0.6684317225983892,0.43333333333333335,0.7222222222222222,0.6,1.0,1.0,1.0,0.6684317225983892,0.37142857142857144,0.7222222222222222,0.5142857142857142,1.0,1.0,1.0,0.6684317225983892,0.325,0.7222222222222222,0.45,1.0,1.0,1.0,0.6684317225983892,0.28888888888888886,0.7222222222222222,0.4,1.0,1.0,1.0,0.6684317225983892,0.26,0.7222222222222222,0.36,1.0,1.0,1.0,0.6684317225983892,mini_l6-dj_adpt,2,webtable-la2m-v=12-distilroberta-dj_adpt~qwen3_8b-dj_adpt
ydn_spending_data_b.pq,1.0,0.08333333333333333,1.0,0.08333333333333333,1.0,1.0,0.08333333333333333,1.0,0.4166666666666667,1.0,0.4166666666666667,1.0,1.0,0.4166666666666667,1.0,0.8333333333333334,1.0,0.8333333333333334,1.0,1.0,0.8333333333333334,0.8,1.0,0.8,1.0,1.0,1.0,0.9935897435897436,0.6,1.0,0.6,1.0,1.0,1.0,0.9935897435897436,0.48,1.0,0.48,1.0,1.0,1.0,0.9935897435897436,0.4,1.0,0.4,1.0,1.0,1.0,0.9935897435897436,0.34285714285714286,1.0,0.34285714285714286,1.0,1.0,1.0,0.9935897435897436,0.3,1.0,0.3,1.0,1.0,1.0,0.9935897435897436,0.26666666666666666,1.0,0.26666666666666666,1.0,1.0,1.0,0.9935897435897436,0.24,1.0,0.24,1.0,1.0,1.0,0.9935897435897436,mini_l6-dj_adpt,2,webtable-la2m-v=12-distilroberta-dj_adpt~qwen3_8b-dj_adpt
cihr_co-applicant_b.pq,1.0,0.08333333333333333,1.0,0.08333333333333333,1.0,1.0,0.08333333333333333,0.6,0.25,1.0,0.4166666666666667,1.0,1.0,0.17500000000000002,0.8,0.6666666666666666,1.0,0.8333333333333334,1.0,1.0,0.4840608465608465,0.6666666666666666,0.8333333333333334,0.8,1.0,1.0,1.0,0.6216871091871092,0.55,0.9166666666666666,0.6,1.0,1.0,1.0,0.6675204425204425,0.44,0.9166666666666666,0.48,1.0,1.0,1.0,0.6675204425204425,0.4,1.0,0.4,1.0,1.0,1.0,0.705981980981981,0.34285714285714286,1.0,0.34285714285714286,1.0,1.0,1.0,0.705981980981981,0.3,1.0,0.3,1.0,1.0,1.0,0.705981980981981,0.26666666666666666,1.0,0.26666666666666666,1.0,1.0,1.0,0.705981980981981,0.24,1.0,0.24,1.0,1.0,1.0,0.705981980981981,mini_l6-dj_adpt,2,webtable-la2m-v=12-distilroberta-dj_adpt~qwen3_8b-dj_adpt
monthly_data_feed_a.pq,1.0,0.07692307692307693,1.0,0.07692307692307693,1.0,1.0,0.07692307692307693,1.0,0.38461538461538464,1.0,0.38461538461538464,1.0,1.0,0.38461538461538464,0.6,0.46153846153846156,1.0,0.7692307692307693,1.0,1.0,0.46153846153846156,0.6666666666666666,0.7692307692307693,0.8666666666666667,1.0,1.0,1.0,0.6544801352493661,0.5,0.7692307692307693,0.65,1.0,1.0,1.0,0.6544801352493661,0.4,0.7692307692307693,0.52,1.0,1.0,1.0,0.6544801352493661,0.3333333333333333,0.7692307692307693,0.43333333333333335,1.0,1.0,1.0,0.6544801352493661,0.34285714285714286,0.9230769230769231,0.37142857142857144,1.0,1.0,1.0,0.7057406394510467,0.3,0.9230769230769231,0.325,1.0,1.0,1.0,0.7057406394510467,0.26666666666666666,0.9230769230769231,0.28888888888888886,1.0,1.0,1.0,0.7057406394510467,0.24,0.9230769230769231,0.26,1.0,1.0,1.0,0.7057406394510467,mini_l6-dj_adpt,2,webtable-la2m-v=12-distilroberta-dj_adpt~qwen3_8b-dj_adpt
civic_building_locations_a.pq,1.0,0.08333333333333333,1.0,0.08333333333333333,1.0,1.0,0.08333333333333333,0.4,0.16666666666666666,1.0,0.4166666666666667,1.0,1.0,0.16666666666666666,0.2,0.16666666666666666,1.0,0.8333333333333334,1.0,1.0,0.16666666666666666,0.2,0.25,0.8,1.0,1.0,1.0,0.18333333333333335,0.35,0.5833333333333334,0.6,1.0,1.0,1.0,0.28157178075908723,0.36,0.75,0.48,1.0,1.0,1.0,0.34740872159602815,0.3333333333333333,0.8333333333333334,0.4,1.0,1.0,1.0,0.37946000364731014,0.2857142857142857,0.8333333333333334,0.34285714285714286,1.0,1.0,1.0,0.37946000364731014,0.25,0.8333333333333334,0.3,1.0,1.0,1.0,0.37946000364731014,0.2222222222222222,0.8333333333333334,0.26666666666666666,1.0,1.0,1.0,0.37946000364731014,0.2,0.8333333333333334,0.24,1.0,1.0,1.0,0.37946000364731014,mini_l6-dj_adpt,2,webtable-la2m-v=12-distilroberta-dj_adpt~qwen3_8b-dj_adpt
deaths_2012_2018_a.pq,1.0,0.09090909090909091,1.0,0.09090909090909091,1.0,1.0,0.09090909090909091,1.0,0.45454545454545453,1.0,0.45454545454545453,1.0,1.0,0.45454545454545453,0.6,0.5454545454545454,1.0,0.9090909090909091,1.0,1.0,0.5454545454545454,0.4,0.5454545454545454,0.7333333333333333,1.0,1.0,1.0,0.5454545454545454,0.3,0.5454545454545454,0.55,1.0,1.0,1.0,0.5454545454545454,0.28,0.6363636363636364,0.44,1.0,1.0,1.0,0.5743801652892562,0.23333333333333334,0.6363636363636364,0.36666666666666664,1.0,1.0,1.0,0.5743801652892562,0.3142857142857143,1.0,0.3142857142857143,1.0,1.0,1.0,0.6795283956024426,0.275,1.0,0.275,1.0,1.0,1.0,0.6795283956024426,0.24444444444444444,1.0,0.24444444444444444,1.0,1.0,1.0,0.6795283956024426,0.22,1.0,0.22,1.0,1.0,1.0,0.6795283956024426,mini_l6-dj_adpt,2,webtable-la2m-v=12-distilroberta-dj_adpt~qwen3_8b-dj_adpt
mines_b.pq,1.0,0.07142857142857142,1.0,0.07142857142857142,1.0,1.0,0.07142857142857142,0.4,0.14285714285714285,1.0,0.35714285714285715,1.0,1.0,0.14285714285714285,0.3,0.21428571428571427,1.0,0.7142857142857143,1.0,1.0,0.17857142857142858,0.2,0.21428571428571427,0.9333333333333333,1.0,1.0,1.0,0.17857142857142858,0.15,0.21428571428571427,0.7,1.0,1.0,1.0,0.17857142857142858,0.12,0.21428571428571427,0.56,1.0,1.0,1.0,0.17857142857142858,0.1,0.21428571428571427,0.4666666666666667,1.0,1.0,1.0,0.17857142857142858,0.08571428571428572,0.21428571428571427,0.4,1.0,1.0,1.0,0.17857142857142858,0.075,0.21428571428571427,0.35,1.0,1.0,1.0,0.17857142857142858,0.06666666666666667,0.21428571428571427,0.3111111111111111,1.0,1.0,1.0,0.17857142857142858,0.06,0.21428571428571427,0.28,1.0,1.0,1.0,0.17857142857142858,mini_l6-dj_adpt,2,webtable-la2m-v=12-distilroberta-dj_adpt~qwen3_8b-dj_adpt
oil_and_gas_summary_production_data_1967_1999_a.pq,1.0,0.09090909090909091,1.0,0.09090909090909091,1.0,1.0,0.09090909090909091,1.0,0.45454545454545453,1.0,0.45454545454545453,1.0,1.0,0.45454545454545453,0.6,0.5454545454545454,1.0,0.9090909090909091,1.0,1.0,0.5324675324675324,0.4,0.5454545454545454,0.7333333333333333,1.0,1.0,1.0,0.5324675324675324,0.3,0.5454545454545454,0.55,1.0,1.0,1.0,0.5324675324675324,0.24,0.5454545454545454,0.44,1.0,1.0,1.0,0.5324675324675324,0.2,0.5454545454545454,0.36666666666666664,1.0,1.0,1.0,0.5324675324675324,0.2571428571428571,0.8181818181818182,0.3142857142857143,1.0,1.0,1.0,0.5984566347200038,0.275,1.0,0.275,1.0,1.0,1.0,0.6480211053371059,0.24444444444444444,1.0,0.24444444444444444,1.0,1.0,1.0,0.6480211053371059,0.22,1.0,0.22,1.0,1.0,1.0,0.6480211053371059,mini_l6-dj_adpt,2,webtable-la2m-v=12-distilroberta-dj_adpt~qwen3_8b-dj_adpt
psyckes_antipsychotic_polypharmacy_quality_indicators_beginning_2012_a.pq,1.0,0.09090909090909091,1.0,0.09090909090909091,1.0,1.0,0.09090909090909091,0.2,0.09090909090909091,1.0,0.45454545454545453,1.0,1.0,0.09090909090909091,0.1,0.09090909090909091,1.0,0.9090909090909091,1.0,1.0,0.09090909090909091,0.06666666666666667,0.09090909090909091,0.7333333333333333,1.0,1.0,1.0,0.09090909090909091,0.05,0.09090909090909091,0.55,1.0,1.0,1.0,0.09090909090909091,0.04,0.09090909090909091,0.44,1.0,1.0,1.0,0.09090909090909091,0.03333333333333333,0.09090909090909091,0.36666666666666664,1.0,1.0,1.0,0.09090909090909091,0.02857142857142857,0.09090909090909091,0.3142857142857143,1.0,1.0,1.0,0.09090909090909091,0.1,0.36363636363636365,0.275,1.0,1.0,1.0,0.1117776959882223,0.15555555555555556,0.6363636363636364,0.24444444444444444,1.0,1.0,1.0,0.14888662886882537,0.22,1.0,0.22,1.0,1.0,1.0,0.22145258654446984,mini_l6-dj_adpt,2,webtable-la2m-v=12-distilroberta-dj_adpt~qwen3_8b-dj_adpt
time_spent_watching_vcr_movies_a.pq,1.0,0.09090909090909091,1.0,0.09090909090909091,1.0,1.0,0.09090909090909091,0.2,0.09090909090909091,1.0,0.45454545454545453,1.0,1.0,0.09090909090909091,0.5,0.45454545454545453,1.0,0.9090909090909091,1.0,1.0,0.23683261183261184,0.4666666666666667,0.6363636363636364,0.7333333333333333,1.0,1.0,1.0,0.339449691722419,0.35,0.6363636363636364,0.55,1.0,1.0,1.0,0.339449691722419,0.28,0.6363636363636364,0.44,1.0,1.0,1.0,0.339449691722419,0.3333333333333333,0.9090909090909091,0.36666666666666664,1.0,1.0,1.0,0.4269544602616703,0.2857142857142857,0.9090909090909091,0.3142857142857143,1.0,1.0,1.0,0.4269544602616703,0.25,0.9090909090909091,0.275,1.0,1.0,1.0,0.4269544602616703,0.24444444444444444,1.0,0.24444444444444444,1.0,1.0,1.0,0.449681732988943,0.22,1.0,0.22,1.0,1.0,1.0,0.449681732988943,mini_l6-dj_adpt,2,webtable-la2m-v=12-distilroberta-dj_adpt~qwen3_8b-dj_adpt
mines_a.pq,1.0,0.07142857142857142,1.0,0.07142857142857142,1.0,1.0,0.07142857142857142,1.0,0.35714285714285715,1.0,0.35714285714285715,1.0,1.0,0.35714285714285715,0.9,0.6428571428571429,1.0,0.7142857142857143,1.0,1.0,0.6357142857142858,0.6,0.6428571428571429,0.9333333333333333,1.0,1.0,1.0,0.6357142857142858,0.45,0.6428571428571429,0.7,1.0,1.0,1.0,0.6357142857142858,0.36,0.6428571428571429,0.56,1.0,1.0,1.0,0.6357142857142858,0.3,0.6428571428571429,0.4666666666666667,1.0,1.0,1.0,0.6357142857142858,0.2571428571428571,0.6428571428571429,0.4,1.0,1.0,1.0,0.6357142857142858,0.25,0.7142857142857143,0.35,1.0,1.0,1.0,0.655019305019305,0.2222222222222222,0.7142857142857143,0.3111111111111111,1.0,1.0,1.0,0.655019305019305,0.2,0.7142857142857143,0.28,1.0,1.0,1.0,0.655019305019305,mini_l6-dj_adpt,2,webtable-la2m-v=12-distilroberta-dj_adpt~qwen3_8b-dj_adpt
ydn_spending_data_a.pq,1.0,0.08333333333333333,1.0,0.08333333333333333,1.0,1.0,0.08333333333333333,1.0,0.4166666666666667,1.0,0.4166666666666667,1.0,1.0,0.4166666666666667,0.9,0.75,1.0,0.8333333333333334,1.0,1.0,0.7416666666666667,0.7333333333333333,0.9166666666666666,0.8,1.0,1.0,1.0,0.8938131313131313,0.6,1.0,0.6,1.0,1.0,1.0,0.9526366607248961,0.48,1.0,0.48,1.0,1.0,1.0,0.9526366607248961,0.4,1.0,0.4,1.0,1.0,1.0,0.9526366607248961,0.34285714285714286,1.0,0.34285714285714286,1.0,1.0,1.0,0.9526366607248961,0.3,1.0,0.3,1.0,1.0,1.0,0.9526366607248961,0.26666666666666666,1.0,0.26666666666666666,1.0,1.0,1.0,0.9526366607248961,0.24,1.0,0.24,1.0,1.0,1.0,0.9526366607248961,mini_l6-dj_adpt,2,webtable-la2m-v=12-distilroberta-dj_adpt~qwen3_8b-dj_adpt
immigration_records_a.pq,1.0,0.0625,1.0,0.0625,1.0,1.0,0.0625,0.4,0.125,1.0,0.3125,1.0,1.0,0.0875,0.7,0.4375,1.0,0.625,1.0,1.0,0.27894345238095236,0.6666666666666666,0.625,1.0,0.9375,1.0,1.0,0.4129396645021645,0.65,0.8125,0.8,1.0,1.0,1.0,0.5427892194557249,0.56,0.875,0.64,1.0,1.0,1.0,0.5777892194557249,0.5333333333333333,1.0,0.5333333333333333,1.0,1.0,1.0,0.6508839488004542,0.45714285714285713,1.0,0.45714285714285713,1.0,1.0,1.0,0.6508839488004542,0.4,1.0,0.4,1.0,1.0,1.0,0.6508839488004542,0.35555555555555557,1.0,0.35555555555555557,1.0,1.0,1.0,0.6508839488004542,0.32,1.0,0.32,1.0,1.0,1.0,0.6508839488004542,mini_l6-dj_adpt,2,webtable-la2m-v=12-distilroberta-dj_adpt~qwen3_8b-dj_adpt
workforce_management_information_b.pq,1.0,0.05555555555555555,1.0,0.05555555555555555,1.0,1.0,0.05555555555555555,0.6,0.16666666666666666,1.0,0.2777777777777778,1.0,1.0,0.14444444444444446,0.8,0.4444444444444444,1.0,0.5555555555555556,1.0,1.0,0.35048500881834216,0.8666666666666667,0.7222222222222222,1.0,0.8333333333333334,1.0,1.0,0.5850115933449267,0.65,0.7222222222222222,0.9,1.0,1.0,1.0,0.5850115933449267,0.52,0.7222222222222222,0.72,1.0,1.0,1.0,0.5850115933449267,0.43333333333333335,0.7222222222222222,0.6,1.0,1.0,1.0,0.5850115933449267,0.37142857142857144,0.7222222222222222,0.5142857142857142,1.0,1.0,1.0,0.5850115933449267,0.325,0.7222222222222222,0.45,1.0,1.0,1.0,0.5850115933449267,0.28888888888888886,0.7222222222222222,0.4,1.0,1.0,1.0,0.5850115933449267,0.26,0.7222222222222222,0.36,1.0,1.0,1.0,0.5850115933449267,mini_l6-dj_adpt,2,webtable-la2m-v=12-distilroberta-dj_adpt~qwen3_8b-dj_adpt
cdc_nutrition_physical_activity_and_obesity_legislation_a.pq,1.0,0.09090909090909091,1.0,0.09090909090909091,1.0,1.0,0.09090909090909091,0.2,0.09090909090909091,1.0,0.45454545454545453,1.0,1.0,0.09090909090909091,0.1,0.09090909090909091,1.0,0.9090909090909091,1.0,1.0,0.09090909090909091,0.06666666666666667,0.09090909090909091,0.7333333333333333,1.0,1.0,1.0,0.09090909090909091,0.05,0.09090909090909091,0.55,1.0,1.0,1.0,0.09090909090909091,0.04,0.09090909090909091,0.44,1.0,1.0,1.0,0.09090909090909091,0.03333333333333333,0.09090909090909091,0.36666666666666664,1.0,1.0,1.0,0.09090909090909091,0.02857142857142857,0.09090909090909091,0.3142857142857143,1.0,1.0,1.0,0.09090909090909091,0.1,0.36363636363636365,0.275,1.0,1.0,1.0,0.1117776959882223,0.2,0.8181818181818182,0.24444444444444444,1.0,1.0,1.0,0.18536108161203488,0.22,1.0,0.22,1.0,1.0,1.0,0.22640052320651813,mini_l6-dj_adpt,2,webtable-la2m-v=12-distilroberta-dj_adpt~qwen3_8b-dj_adpt
film_locations_in_san_francisco_a.pq,1.0,0.07692307692307693,1.0,0.07692307692307693,1.0,1.0,0.07692307692307693,0.8,0.3076923076923077,1.0,0.38461538461538464,1.0,1.0,0.24743589743589745,0.9,0.6923076923076923,1.0,0.7692307692307693,1.0,1.0,0.5823870573870574,0.8666666666666667,1.0,0.8666666666666667,1.0,1.0,1.0,0.8652644364182825,0.65,1.0,0.65,1.0,1.0,1.0,0.8652644364182825,0.52,1.0,0.52,1.0,1.0,1.0,0.8652644364182825,0.43333333333333335,1.0,0.43333333333333335,1.0,1.0,1.0,0.8652644364182825,0.37142857142857144,1.0,0.37142857142857144,1.0,1.0,1.0,0.8652644364182825,0.325,1.0,0.325,1.0,1.0,1.0,0.8652644364182825,0.28888888888888886,1.0,0.28888888888888886,1.0,1.0,1.0,0.8652644364182825,0.26,1.0,0.26,1.0,1.0,1.0,0.8652644364182825,mini_l6-dj_adpt,2,webtable-la2m-v=12-distilroberta-dj_adpt~qwen3_8b-dj_adpt
monthly_data_feed_b.pq,1.0,0.07692307692307693,1.0,0.07692307692307693,1.0,1.0,0.07692307692307693,0.6,0.23076923076923078,1.0,0.38461538461538464,1.0,1.0,0.23076923076923078,0.5,0.38461538461538464,1.0,0.7692307692307693,1.0,1.0,0.30341880341880345,0.6,0.6923076923076923,0.8666666666666667,1.0,1.0,1.0,0.48373976450899525,0.6,0.9230769230769231,0.65,1.0,1.0,1.0,0.6328724945240782,0.52,1.0,0.52,1.0,1.0,1.0,0.6783270399786236,0.43333333333333335,1.0,0.43333333333333335,1.0,1.0,1.0,0.6783270399786236,0.37142857142857144,1.0,0.37142857142857144,1.0,1.0,1.0,0.6783270399786236,0.325,1.0,0.325,1.0,1.0,1.0,0.6783270399786236,0.28888888888888886,1.0,0.28888888888888886,1.0,1.0,1.0,0.6783270399786236,0.26,1.0,0.26,1.0,1.0,1.0,0.6783270399786236,mini_l6-dj_adpt,2,webtable-la2m-v=12-distilroberta-dj_adpt~qwen3_8b-dj_adpt
stockport_contracts_a.pq,1.0,0.07692307692307693,1.0,0.07692307692307693,1.0,1.0,0.07692307692307693,0.6,0.23076923076923078,1.0,0.38461538461538464,1.0,1.0,0.21153846153846154,0.6,0.46153846153846156,1.0,0.7692307692307693,1.0,1.0,0.369047619047619,0.4666666666666667,0.5384615384615384,0.8666666666666667,1.0,1.0,1.0,0.40494505494505495,0.35,0.5384615384615384,0.65,1.0,1.0,1.0,0.40494505494505495,0.36,0.6923076923076923,0.52,1.0,1.0,1.0,0.4582783882783883,0.3,0.6923076923076923,0.43333333333333335,1.0,1.0,1.0,0.4582783882783883,0.2857142857142857,0.7692307692307693,0.37142857142857144,1.0,1.0,1.0,0.48090282266752854,0.3,0.9230769230769231,0.325,1.0,1.0,1.0,0.5280757352250565,0.26666666666666666,0.9230769230769231,0.28888888888888886,1.0,1.0,1.0,0.5280757352250565,0.24,0.9230769230769231,0.26,1.0,1.0,1.0,0.5280757352250565,mini_l6-dj_adpt,2,webtable-la2m-v=12-distilroberta-dj_adpt~qwen3_8b-dj_adpt
ipopayments_a.pq,1.0,0.06666666666666667,1.0,0.06666666666666667,1.0,1.0,0.06666666666666667,1.0,0.3333333333333333,1.0,0.3333333333333333,1.0,1.0,0.3333333333333333,1.0,0.6666666666666666,1.0,0.6666666666666666,1.0,1.0,0.6666666666666666,0.9333333333333333,0.9333333333333333,1.0,1.0,1.0,1.0,0.918998778998779,0.75,1.0,0.75,1.0,1.0,1.0,0.981498778998779,0.6,1.0,0.6,1.0,1.0,1.0,0.981498778998779,0.5,1.0,0.5,1.0,1.0,1.0,0.981498778998779,0.42857142857142855,1.0,0.42857142857142855,1.0,1.0,1.0,0.981498778998779,0.375,1.0,0.375,1.0,1.0,1.0,0.981498778998779,0.3333333333333333,1.0,0.3333333333333333,1.0,1.0,1.0,0.981498778998779,0.3,1.0,0.3,1.0,1.0,1.0,0.981498778998779,mini_l6-dj_adpt,2,webtable-la2m-v=12-distilroberta-dj_adpt~qwen3_8b-dj_adpt
prescribing_b.pq,1.0,0.06666666666666667,1.0,0.06666666666666667,1.0,1.0,0.06666666666666667,1.0,0.3333333333333333,1.0,0.3333333333333333,1.0,1.0,0.3333333333333333,1.0,0.6666666666666666,1.0,0.6666666666666666,1.0,1.0,0.6666666666666666,1.0,1.0,1.0,1.0,1.0,1.0,1.0,0.75,1.0,0.75,1.0,1.0,1.0,1.0,0.6,1.0,0.6,1.0,1.0,1.0,1.0,0.5,1.0,0.5,1.0,1.0,1.0,1.0,0.42857142857142855,1.0,0.42857142857142855,1.0,1.0,1.0,1.0,0.375,1.0,0.375,1.0,1.0,1.0,1.0,0.3333333333333333,1.0,0.3333333333333333,1.0,1.0,1.0,1.0,0.3,1.0,0.3,1.0,1.0,1.0,1.0,mini_l6-dj_adpt,2,webtable-la2m-v=12-distilroberta-dj_adpt~qwen3_8b-dj_adpt
prescribing_a.pq,1.0,0.06666666666666667,1.0,0.06666666666666667,1.0,1.0,0.06666666666666667,1.0,0.3333333333333333,1.0,0.3333333333333333,1.0,1.0,0.3333333333333333,1.0,0.6666666666666666,1.0,0.6666666666666666,1.0,1.0,0.6666666666666666,1.0,1.0,1.0,1.0,1.0,1.0,1.0,0.75,1.0,0.75,1.0,1.0,1.0,1.0,0.6,1.0,0.6,1.0,1.0,1.0,1.0,0.5,1.0,0.5,1.0,1.0,1.0,1.0,0.42857142857142855,1.0,0.42857142857142855,1.0,1.0,1.0,1.0,0.375,1.0,0.375,1.0,1.0,1.0,1.0,0.3333333333333333,1.0,0.3333333333333333,1.0,1.0,1.0,1.0,0.3,1.0,0.3,1.0,1.0,1.0,1.0,mini_l6-dj_adpt,2,webtable-la2m-v=12-distilroberta-dj_adpt~qwen3_8b-dj_adpt
abandoned_wells_a.pq,1.0,0.09090909090909091,1.0,0.09090909090909091,1.0,1.0,0.09090909090909091,0.8,0.36363636363636365,1.0,0.45454545454545453,1.0,1.0,0.2924242424242424,0.8,0.7272727272727273,1.0,0.9090909090909091,1.0,1.0,0.6064574314574315,0.5333333333333333,0.7272727272727273,0.7333333333333333,1.0,1.0,1.0,0.6064574314574315,0.55,1.0,0.55,1.0,1.0,1.0,0.74975886686413,0.44,1.0,0.44,1.0,1.0,1.0,0.74975886686413,0.36666666666666664,1.0,0.36666666666666664,1.0,1.0,1.0,0.74975886686413,0.3142857142857143,1.0,0.3142857142857143,1.0,1.0,1.0,0.74975886686413,0.275,1.0,0.275,1.0,1.0,1.0,0.74975886686413,0.24444444444444444,1.0,0.24444444444444444,1.0,1.0,1.0,0.74975886686413,0.22,1.0,0.22,1.0,1.0,1.0,0.74975886686413,mini_l6-dj_adpt,2,webtable-la2m-v=12-distilroberta-dj_adpt~qwen3_8b-dj_adpt
complaint_by_practice_a.pq,1.0,0.07692307692307693,1.0,0.07692307692307693,1.0,1.0,0.07692307692307693,0.2,0.07692307692307693,1.0,0.38461538461538464,1.0,1.0,0.07692307692307693,0.1,0.07692307692307693,1.0,0.7692307692307693,1.0,1.0,0.07692307692307693,0.13333333333333333,0.15384615384615385,0.8666666666666667,1.0,1.0,1.0,0.08717948717948718,0.2,0.3076923076923077,0.65,1.0,1.0,1.0,0.11470985155195682,0.16,0.3076923076923077,0.52,1.0,1.0,1.0,0.11470985155195682,0.13333333333333333,0.3076923076923077,0.43333333333333335,1.0,1.0,1.0,0.11470985155195682,0.11428571428571428,0.3076923076923077,0.37142857142857144,1.0,1.0,1.0,0.11470985155195682,0.1,0.3076923076923077,0.325,1.0,1.0,1.0,0.11470985155195682,0.08888888888888889,0.3076923076923077,0.28888888888888886,1.0,1.0,1.0,0.11470985155195682,0.08,0.3076923076923077,0.26,1.0,1.0,1.0,0.11470985155195682,mini_l6-dj_adpt,2,webtable-la2m-v=12-distilroberta-dj_adpt~qwen3_8b-dj_adpt
albums_a.pq,1.0,0.0625,1.0,0.0625,1.0,1.0,0.0625,1.0,0.3125,1.0,0.3125,1.0,1.0,0.3125,1.0,0.625,1.0,0.625,1.0,1.0,0.625,1.0,0.9375,1.0,0.9375,1.0,1.0,0.9375,0.8,1.0,0.8,1.0,1.0,1.0,1.0,0.64,1.0,0.64,1.0,1.0,1.0,1.0,0.5333333333333333,1.0,0.5333333333333333,1.0,1.0,1.0,1.0,0.45714285714285713,1.0,0.45714285714285713,1.0,1.0,1.0,1.0,0.4,1.0,0.4,1.0,1.0,1.0,1.0,0.35555555555555557,1.0,0.35555555555555557,1.0,1.0,1.0,1.0,0.32,1.0,0.32,1.0,1.0,1.0,1.0,mini_l6-dj_adpt,2,webtable-la2m-v=12-distilroberta-dj_adpt~qwen3_8b-dj_adpt
311_calls_historic_data_a.pq,1.0,0.09090909090909091,1.0,0.09090909090909091,1.0,1.0,0.09090909090909091,0.2,0.09090909090909091,1.0,0.45454545454545453,1.0,1.0,0.09090909090909091,0.1,0.09090909090909091,1.0,0.9090909090909091,1.0,1.0,0.09090909090909091,0.13333333333333333,0.18181818181818182,0.7333333333333333,1.0,1.0,1.0,0.10489510489510488,0.1,0.18181818181818182,0.55,1.0,1.0,1.0,0.10489510489510488,0.08,0.18181818181818182,0.44,1.0,1.0,1.0,0.10489510489510488,0.06666666666666667,0.18181818181818182,0.36666666666666664,1.0,1.0,1.0,0.10489510489510488,0.2,0.6363636363636364,0.3142857142857143,1.0,1.0,1.0,0.17305509883136241,0.275,1.0,0.275,1.0,1.0,1.0,0.2642935861224813,0.24444444444444444,1.0,0.24444444444444444,1.0,1.0,1.0,0.2642935861224813,0.22,1.0,0.22,1.0,1.0,1.0,0.2642935861224813,mini_l6-dj_adpt,2,webtable-la2m-v=12-distilroberta-dj_adpt~qwen3_8b-dj_adpt
biodiversity_a.pq,1.0,0.09090909090909091,1.0,0.09090909090909091,1.0,1.0,0.09090909090909091,0.2,0.09090909090909091,1.0,0.45454545454545453,1.0,1.0,0.09090909090909091,0.5,0.45454545454545453,1.0,0.9090909090909091,1.0,1.0,0.23683261183261184,0.5333333333333333,0.7272727272727273,0.7333333333333333,1.0,1.0,1.0,0.3953937476664749,0.4,0.7272727272727273,0.55,1.0,1.0,1.0,0.3953937476664749,0.36,0.8181818181818182,0.44,1.0,1.0,1.0,0.4343547866275139,0.3,0.8181818181818182,0.36666666666666664,1.0,1.0,1.0,0.4343547866275139,0.2571428571428571,0.8181818181818182,0.3142857142857143,1.0,1.0,1.0,0.4343547866275139,0.225,0.8181818181818182,0.275,1.0,1.0,1.0,0.4343547866275139,0.2,0.8181818181818182,0.24444444444444444,1.0,1.0,1.0,0.4343547866275139,0.18,0.8181818181818182,0.22,1.0,1.0,1.0,0.4343547866275139,mini_l6-dj_adpt,2,webtable-la2m-v=12-distilroberta-dj_adpt~qwen3_8b-dj_adpt
new_york_city_restaurant_inspection_results_a.pq,1.0,0.03225806451612903,1.0,0.03225806451612903,1.0,1.0,0.03225806451612903,0.2,0.03225806451612903,1.0,0.16129032258064516,1.0,1.0,0.03225806451612903,0.1,0.03225806451612903,1.0,0.3225806451612903,1.0,1.0,0.03225806451612903,0.06666666666666667,0.03225806451612903,1.0,0.4838709677419355,1.0,1.0,0.03225806451612903,0.05,0.03225806451612903,1.0,0.6451612903225806,1.0,1.0,0.03225806451612903,0.12,0.0967741935483871,1.0,0.8064516129032258,1.0,1.0,0.03881720430107527,0.2,0.1935483870967742,1.0,0.967741935483871,1.0,1.0,0.056427781422219686,0.3142857142857143,0.3548387096774194,0.8857142857142857,1.0,1.0,1.0,0.1001999454765653,0.275,0.3548387096774194,0.775,1.0,1.0,1.0,0.1001999454765653,0.24444444444444444,0.3548387096774194,0.6888888888888889,1.0,1.0,1.0,0.1001999454765653,0.22,0.3548387096774194,0.62,1.0,1.0,1.0,0.1001999454765653,mini_l6-dj_adpt,2,webtable-la2m-v=12-distilroberta-dj_adpt~qwen3_8b-dj_adpt
minister_meetings_a.pq,1.0,0.1,1.0,0.1,1.0,1.0,0.1,0.6,0.3,1.0,0.5,1.0,1.0,0.3,0.4,0.4,1.0,1.0,1.0,1.0,0.3571428571428571,0.26666666666666666,0.4,0.6666666666666666,1.0,1.0,1.0,0.3571428571428571,0.2,0.4,0.5,1.0,1.0,1.0,0.3571428571428571,0.16,0.4,0.4,1.0,1.0,1.0,0.3571428571428571,0.13333333333333333,0.4,0.3333333333333333,1.0,1.0,1.0,0.3571428571428571,0.11428571428571428,0.4,0.2857142857142857,1.0,1.0,1.0,0.3571428571428571,0.1,0.4,0.25,1.0,1.0,1.0,0.3571428571428571,0.08888888888888889,0.4,0.2222222222222222,1.0,1.0,1.0,0.3571428571428571,0.08,0.4,0.2,1.0,1.0,1.0,0.3571428571428571,mini_l6-dj_adpt,2,webtable-la2m-v=12-distilroberta-dj_adpt~qwen3_8b-dj_adpt
lane_description_b.pq,1.0,0.0625,1.0,0.0625,1.0,1.0,0.0625,0.4,0.125,1.0,0.3125,1.0,1.0,0.125,0.2,0.125,1.0,0.625,1.0,1.0,0.125,0.13333333333333333,0.125,1.0,0.9375,1.0,1.0,0.125,0.35,0.4375,0.8,1.0,1.0,1.0,0.21039758556931545,0.48,0.75,0.64,1.0,1.0,1.0,0.34559503757383264,0.5333333333333333,1.0,0.5333333333333333,1.0,1.0,1.0,0.47606792117171626,0.45714285714285713,1.0,0.45714285714285713,1.0,1.0,1.0,0.47606792117171626,0.4,1.0,0.4,1.0,1.0,1.0,0.47606792117171626,0.35555555555555557,1.0,0.35555555555555557,1.0,1.0,1.0,0.47606792117171626,0.32,1.0,0.32,1.0,1.0,1.0,0.47606792117171626,mini_l6-dj_adpt,2,webtable-la2m-v=12-distilroberta-dj_adpt~qwen3_8b-dj_adpt
cihr_co-applicant_a.pq,1.0,0.08333333333333333,1.0,0.08333333333333333,1.0,1.0,0.08333333333333333,0.2,0.08333333333333333,1.0,0.4166666666666667,1.0,1.0,0.08333333333333333,0.3,0.25,1.0,0.8333333333333334,1.0,1.0,0.12685185185185185,0.5333333333333333,0.6666666666666666,0.8,1.0,1.0,1.0,0.31644975394975394,0.5,0.8333333333333334,0.6,1.0,1.0,1.0,0.41234436179289125,0.44,0.9166666666666666,0.48,1.0,1.0,1.0,0.44901102845955787,0.36666666666666664,0.9166666666666666,0.4,1.0,1.0,1.0,0.44901102845955787,0.3142857142857143,0.9166666666666666,0.34285714285714286,1.0,1.0,1.0,0.44901102845955787,0.275,0.9166666666666666,0.3,1.0,1.0,1.0,0.44901102845955787,0.24444444444444444,0.9166666666666666,0.26666666666666666,1.0,1.0,1.0,0.44901102845955787,0.22,0.9166666666666666,0.24,1.0,1.0,1.0,0.44901102845955787,mini_l6-dj_adpt,2,webtable-la2m-v=12-distilroberta-dj_adpt~qwen3_8b-dj_adpt
report_card_discipline_for_2015_16_a.pq,1.0,0.09090909090909091,1.0,0.09090909090909091,1.0,1.0,0.09090909090909091,0.8,0.36363636363636365,1.0,0.45454545454545453,1.0,1.0,0.2924242424242424,0.7,0.6363636363636364,1.0,0.9090909090909091,1.0,1.0,0.5256493506493507,0.4666666666666667,0.6363636363636364,0.7333333333333333,1.0,1.0,1.0,0.5256493506493507,0.35,0.6363636363636364,0.55,1.0,1.0,1.0,0.5256493506493507,0.32,0.7272727272727273,0.44,1.0,1.0,1.0,0.5572699040090344,0.36666666666666664,1.0,0.36666666666666664,1.0,1.0,1.0,0.6581227548618853,0.3142857142857143,1.0,0.3142857142857143,1.0,1.0,1.0,0.6581227548618853,0.275,1.0,0.275,1.0,1.0,1.0,0.6581227548618853,0.24444444444444444,1.0,0.24444444444444444,1.0,1.0,1.0,0.6581227548618853,0.22,1.0,0.22,1.0,1.0,1.0,0.6581227548618853,mini_l6-dj_adpt,2,webtable-la2m-v=12-distilroberta-dj_adpt~qwen3_8b-dj_adpt
wholesale_markets_a.pq,1.0,0.09090909090909091,1.0,0.09090909090909091,1.0,1.0,0.09090909090909091,0.2,0.09090909090909091,1.0,0.45454545454545453,1.0,1.0,0.09090909090909091,0.1,0.09090909090909091,1.0,0.9090909090909091,1.0,1.0,0.09090909090909091,0.06666666666666667,0.09090909090909091,0.7333333333333333,1.0,1.0,1.0,0.09090909090909091,0.1,0.18181818181818182,0.55,1.0,1.0,1.0,0.1,0.16,0.36363636363636365,0.44,1.0,1.0,1.0,0.1295159386068477,0.13333333333333333,0.36363636363636365,0.36666666666666664,1.0,1.0,1.0,0.1295159386068477,0.11428571428571428,0.36363636363636365,0.3142857142857143,1.0,1.0,1.0,0.1295159386068477,0.1,0.36363636363636365,0.275,1.0,1.0,1.0,0.1295159386068477,0.1111111111111111,0.45454545454545453,0.24444444444444444,1.0,1.0,1.0,0.1400867631311606,0.1,0.45454545454545453,0.22,1.0,1.0,1.0,0.1400867631311606,mini_l6-dj_adpt,2,webtable-la2m-v=12-distilroberta-dj_adpt~qwen3_8b-dj_adpt
job_pay_scales_a.pq,1.0,0.06666666666666667,1.0,0.06666666666666667,1.0,1.0,0.06666666666666667,1.0,0.3333333333333333,1.0,0.3333333333333333,1.0,1.0,0.3333333333333333,0.6,0.4,1.0,0.6666666666666666,1.0,1.0,0.38333333333333336,0.4,0.4,1.0,1.0,1.0,1.0,0.38333333333333336,0.3,0.4,0.75,1.0,1.0,1.0,0.38333333333333336,0.24,0.4,0.6,1.0,1.0,1.0,0.38333333333333336,0.23333333333333334,0.4666666666666667,0.5,1.0,1.0,1.0,0.3988888888888889,0.3142857142857143,0.7333333333333333,0.42857142857142855,1.0,1.0,1.0,0.4754034140537936,0.35,0.9333333333333333,0.375,1.0,1.0,1.0,0.5420116011882965,0.3333333333333333,1.0,0.3333333333333333,1.0,1.0,1.0,0.5652674151417848,0.3,1.0,0.3,1.0,1.0,1.0,0.5652674151417848,mini_l6-dj_adpt,2,webtable-la2m-v=12-distilroberta-dj_adpt~qwen3_8b-dj_adpt
animal_tag_data_a.pq,1.0,0.08333333333333333,1.0,0.08333333333333333,1.0,1.0,0.08333333333333333,0.2,0.08333333333333333,1.0,0.4166666666666667,1.0,1.0,0.08333333333333333,0.3,0.25,1.0,0.8333333333333334,1.0,1.0,0.12685185185185185,0.4,0.5,0.8,1.0,1.0,1.0,0.23033864283864283,0.3,0.5,0.6,1.0,1.0,1.0,0.23033864283864283,0.24,0.5,0.48,1.0,1.0,1.0,0.23033864283864283,0.23333333333333334,0.5833333333333334,0.4,1.0,1.0,1.0,0.2497830872830873,0.2857142857142857,0.8333333333333334,0.34285714285714286,1.0,1.0,1.0,0.31997848887969854,0.25,0.8333333333333334,0.3,1.0,1.0,1.0,0.31997848887969854,0.2222222222222222,0.8333333333333334,0.26666666666666666,1.0,1.0,1.0,0.31997848887969854,0.2,0.8333333333333334,0.24,1.0,1.0,1.0,0.31997848887969854,mini_l6-dj_adpt,2,webtable-la2m-v=12-distilroberta-dj_adpt~qwen3_8b-dj_adpt
data_mill_b.pq,1.0,0.07142857142857142,1.0,0.07142857142857142,1.0,1.0,0.07142857142857142,0.8,0.2857142857142857,1.0,0.35714285714285715,1.0,1.0,0.2857142857142857,0.4,0.2857142857142857,1.0,0.7142857142857143,1.0,1.0,0.2857142857142857,0.26666666666666666,0.2857142857142857,0.9333333333333333,1.0,1.0,1.0,0.2857142857142857,0.2,0.2857142857142857,0.7,1.0,1.0,1.0,0.2857142857142857,0.32,0.5714285714285714,0.56,1.0,1.0,1.0,0.36775026216020007,0.3,0.6428571428571429,0.4666666666666667,1.0,1.0,1.0,0.39247553688547476,0.2571428571428571,0.6428571428571429,0.4,1.0,1.0,1.0,0.39247553688547476,0.225,0.6428571428571429,0.35,1.0,1.0,1.0,0.39247553688547476,0.2222222222222222,0.7142857142857143,0.3111111111111111,1.0,1.0,1.0,0.40989713967293123,0.2,0.7142857142857143,0.28,1.0,1.0,1.0,0.40989713967293123,mini_l6-dj_adpt,2,webtable-la2m-v=12-distilroberta-dj_adpt~qwen3_8b-dj_adpt
practice_reference_b.pq,1.0,0.06666666666666667,1.0,0.06666666666666667,1.0,1.0,0.06666666666666667,1.0,0.3333333333333333,1.0,0.3333333333333333,1.0,1.0,0.3333333333333333,1.0,0.6666666666666666,1.0,0.6666666666666666,1.0,1.0,0.6666666666666666,1.0,1.0,1.0,1.0,1.0,1.0,1.0,0.75,1.0,0.75,1.0,1.0,1.0,1.0,0.6,1.0,0.6,1.0,1.0,1.0,1.0,0.5,1.0,0.5,1.0,1.0,1.0,1.0,0.42857142857142855,1.0,0.42857142857142855,1.0,1.0,1.0,1.0,0.375,1.0,0.375,1.0,1.0,1.0,1.0,0.3333333333333333,1.0,0.3333333333333333,1.0,1.0,1.0,1.0,0.3,1.0,0.3,1.0,1.0,1.0,1.0,mini_l6-dj_adpt,2,webtable-la2m-v=12-distilroberta-dj_adpt~qwen3_8b-dj_adpt
stockport_contracts_b.pq,1.0,0.07692307692307693,1.0,0.07692307692307693,1.0,1.0,0.07692307692307693,0.2,0.07692307692307693,1.0,0.38461538461538464,1.0,1.0,0.07692307692307693,0.3,0.23076923076923078,1.0,0.7692307692307693,1.0,1.0,0.1170940170940171,0.2,0.23076923076923078,0.8666666666666667,1.0,1.0,1.0,0.1170940170940171,0.25,0.38461538461538464,0.65,1.0,1.0,1.0,0.15656108597285068,0.28,0.5384615384615384,0.52,1.0,1.0,1.0,0.20095147818932985,0.23333333333333334,0.5384615384615384,0.43333333333333335,1.0,1.0,1.0,0.20095147818932985,0.2571428571428571,0.6923076923076923,0.37142857142857144,1.0,1.0,1.0,0.23883124548086185,0.25,0.7692307692307693,0.325,1.0,1.0,1.0,0.2585551113585739,0.2222222222222222,0.7692307692307693,0.28888888888888886,1.0,1.0,1.0,0.2585551113585739,0.2,0.7692307692307693,0.26,1.0,1.0,1.0,0.2585551113585739,mini_l6-dj_adpt,2,webtable-la2m-v=12-distilroberta-dj_adpt~qwen3_8b-dj_adpt
complaint_by_practice_b.pq,1.0,0.07692307692307693,1.0,0.07692307692307693,1.0,1.0,0.07692307692307693,0.6,0.23076923076923078,1.0,0.38461538461538464,1.0,1.0,0.23076923076923078,0.3,0.23076923076923078,1.0,0.7692307692307693,1.0,1.0,0.23076923076923078,0.26666666666666666,0.3076923076923077,0.8666666666666667,1.0,1.0,1.0,0.25641025641025644,0.2,0.3076923076923077,0.65,1.0,1.0,1.0,0.25641025641025644,0.16,0.3076923076923077,0.52,1.0,1.0,1.0,0.25641025641025644,0.13333333333333333,0.3076923076923077,0.43333333333333335,1.0,1.0,1.0,0.25641025641025644,0.2571428571428571,0.6923076923076923,0.37142857142857144,1.0,1.0,1.0,0.33743706483270053,0.25,0.7692307692307693,0.325,1.0,1.0,1.0,0.3588045862002219,0.24444444444444444,0.8461538461538461,0.28888888888888886,1.0,1.0,1.0,0.3780353554309911,0.26,1.0,0.26,1.0,1.0,1.0,0.419378840807779,mini_l6-dj_adpt,2,webtable-la2m-v=12-distilroberta-dj_adpt~qwen3_8b-dj_adpt
lane_description_a.pq,1.0,0.0625,1.0,0.0625,1.0,1.0,0.0625,1.0,0.3125,1.0,0.3125,1.0,1.0,0.3125,0.9,0.5625,1.0,0.625,1.0,1.0,0.5625,0.6,0.5625,1.0,0.9375,1.0,1.0,0.5625,0.7,0.875,0.8,1.0,1.0,1.0,0.7701835010319917,0.6,0.9375,0.64,1.0,1.0,1.0,0.8148263581748489,0.5333333333333333,1.0,0.5333333333333333,1.0,1.0,1.0,0.8518633952118859,0.45714285714285713,1.0,0.45714285714285713,1.0,1.0,1.0,0.8518633952118859,0.4,1.0,0.4,1.0,1.0,1.0,0.8518633952118859,0.35555555555555557,1.0,0.35555555555555557,1.0,1.0,1.0,0.8518633952118859,0.32,1.0,0.32,1.0,1.0,1.0,0.8518633952118859,mini_l6-dj_adpt,2,webtable-la2m-v=12-distilroberta-dj_adpt~qwen3_8b-dj_adpt
senior_officials_expenses_a.pq,1.0,0.09090909090909091,1.0,0.09090909090909091,1.0,1.0,0.09090909090909091,0.8,0.36363636363636365,1.0,0.45454545454545453,1.0,1.0,0.3227272727272727,0.9,0.8181818181818182,1.0,0.9090909090909091,1.0,1.0,0.7185786435786435,0.6666666666666666,0.9090909090909091,0.7333333333333333,1.0,1.0,1.0,0.8012232716778172,0.5,0.9090909090909091,0.55,1.0,1.0,1.0,0.8012232716778172,0.4,0.9090909090909091,0.44,1.0,1.0,1.0,0.8012232716778172,0.3333333333333333,0.9090909090909091,0.36666666666666664,1.0,1.0,1.0,0.8012232716778172,0.2857142857142857,0.9090909090909091,0.3142857142857143,1.0,1.0,1.0,0.8012232716778172,0.25,0.9090909090909091,0.275,1.0,1.0,1.0,0.8012232716778172,0.2222222222222222,0.9090909090909091,0.24444444444444444,1.0,1.0,1.0,0.8012232716778172,0.2,0.9090909090909091,0.22,1.0,1.0,1.0,0.8012232716778172,mini_l6-dj_adpt,2,webtable-la2m-v=12-distilroberta-dj_adpt~qwen3_8b-dj_adpt
contributors_parties_b.pq,1.0,0.047619047619047616,1.0,0.047619047619047616,1.0,1.0,0.047619047619047616,0.8,0.19047619047619047,1.0,0.23809523809523808,1.0,1.0,0.18095238095238095,0.5,0.23809523809523808,1.0,0.47619047619047616,1.0,1.0,0.22063492063492066,0.3333333333333333,0.23809523809523808,1.0,0.7142857142857143,1.0,1.0,0.22063492063492066,0.25,0.23809523809523808,1.0,0.9523809523809523,1.0,1.0,0.22063492063492066,0.36,0.42857142857142855,0.84,1.0,1.0,1.0,0.28309788210409326,0.4666666666666667,0.6666666666666666,0.7,1.0,1.0,1.0,0.3847901082626577,0.4,0.6666666666666666,0.6,1.0,1.0,1.0,0.3847901082626577,0.35,0.6666666666666666,0.525,1.0,1.0,1.0,0.3847901082626577,0.3111111111111111,0.6666666666666666,0.4666666666666667,1.0,1.0,1.0,0.3847901082626577,0.3,0.7142857142857143,0.42,1.0,1.0,1.0,0.39907582254837193,mini_l6-dj_adpt,2,webtable-la2m-v=12-distilroberta-dj_adpt~qwen3_8b-dj_adpt
data_mill_a.pq,1.0,0.07142857142857142,1.0,0.07142857142857142,1.0,1.0,0.07142857142857142,1.0,0.35714285714285715,1.0,0.35714285714285715,1.0,1.0,0.35714285714285715,0.6,0.42857142857142855,1.0,0.7142857142857143,1.0,1.0,0.4183673469387755,0.4,0.42857142857142855,0.9333333333333333,1.0,1.0,1.0,0.4183673469387755,0.35,0.5,0.7,1.0,1.0,1.0,0.4433673469387755,0.28,0.5,0.56,1.0,1.0,1.0,0.4433673469387755,0.23333333333333334,0.5,0.4666666666666667,1.0,1.0,1.0,0.4433673469387755,0.2,0.5,0.4,1.0,1.0,1.0,0.4433673469387755,0.175,0.5,0.35,1.0,1.0,1.0,0.4433673469387755,0.15555555555555556,0.5,0.3111111111111111,1.0,1.0,1.0,0.4433673469387755,0.16,0.5714285714285714,0.28,1.0,1.0,1.0,0.4555254016500217,mini_l6-dj_adpt,2,webtable-la2m-v=12-distilroberta-dj_adpt~qwen3_8b-dj_adpt
practice_reference_a.pq,1.0,0.06666666666666667,1.0,0.06666666666666667,1.0,1.0,0.06666666666666667,1.0,0.3333333333333333,1.0,0.3333333333333333,1.0,1.0,0.3333333333333333,1.0,0.6666666666666666,1.0,0.6666666666666666,1.0,1.0,0.6666666666666666,1.0,1.0,1.0,1.0,1.0,1.0,1.0,0.75,1.0,0.75,1.0,1.0,1.0,1.0,0.6,1.0,0.6,1.0,1.0,1.0,1.0,0.5,1.0,0.5,1.0,1.0,1.0,1.0,0.42857142857142855,1.0,0.42857142857142855,1.0,1.0,1.0,1.0,0.375,1.0,0.375,1.0,1.0,1.0,1.0,0.3333333333333333,1.0,0.3333333333333333,1.0,1.0,1.0,1.0,0.3,1.0,0.3,1.0,1.0,1.0,1.0,mini_l6-dj_adpt,2,webtable-la2m-v=12-distilroberta-dj_adpt~qwen3_8b-dj_adpt
albums_b.pq,1.0,0.0625,1.0,0.0625,1.0,1.0,0.0625,1.0,0.3125,1.0,0.3125,1.0,1.0,0.3125,1.0,0.625,1.0,0.625,1.0,1.0,0.625,0.7333333333333333,0.6875,1.0,0.9375,1.0,1.0,0.6875,0.55,0.6875,0.8,1.0,1.0,1.0,0.6875,0.48,0.75,0.64,1.0,1.0,1.0,0.7175,0.5333333333333333,1.0,0.5333333333333333,1.0,1.0,1.0,0.8491223088852399,0.45714285714285713,1.0,0.45714285714285713,1.0,1.0,1.0,0.8491223088852399,0.4,1.0,0.4,1.0,1.0,1.0,0.8491223088852399,0.35555555555555557,1.0,0.35555555555555557,1.0,1.0,1.0,0.8491223088852399,0.32,1.0,0.32,1.0,1.0,1.0,0.8491223088852399,mini_l6-dj_adpt,2,webtable-la2m-v=12-distilroberta-dj_adpt~qwen3_8b-dj_adpt
animal_tag_data_b.pq,1.0,0.08333333333333333,1.0,0.08333333333333333,1.0,1.0,0.08333333333333333,1.0,0.4166666666666667,1.0,0.4166666666666667,1.0,1.0,0.4166666666666667,0.7,0.5833333333333334,1.0,0.8333333333333334,1.0,1.0,0.5305555555555556,0.6666666666666666,0.8333333333333334,0.8,1.0,1.0,1.0,0.7083777333777334,0.55,0.9166666666666666,0.6,1.0,1.0,1.0,0.7593036593036593,0.44,0.9166666666666666,0.48,1.0,1.0,1.0,0.7593036593036593,0.36666666666666664,0.9166666666666666,0.4,1.0,1.0,1.0,0.7593036593036593,0.3142857142857143,0.9166666666666666,0.34285714285714286,1.0,1.0,1.0,0.7593036593036593,0.275,0.9166666666666666,0.3,1.0,1.0,1.0,0.7593036593036593,0.24444444444444444,0.9166666666666666,0.26666666666666666,1.0,1.0,1.0,0.7593036593036593,0.22,0.9166666666666666,0.24,1.0,1.0,1.0,0.7593036593036593,mini_l6-dj_adpt,2,webtable-la2m-v=12-distilroberta-dj_adpt~qwen3_8b-dj_adpt
contributors_parties_a.pq,1.0,0.047619047619047616,1.0,0.047619047619047616,1.0,1.0,0.047619047619047616,1.0,0.23809523809523808,1.0,0.23809523809523808,1.0,1.0,0.23809523809523808,1.0,0.47619047619047616,1.0,0.47619047619047616,1.0,1.0,0.47619047619047616,0.9333333333333333,0.6666666666666666,1.0,0.7142857142857143,1.0,1.0,0.6634920634920635,0.7,0.6666666666666666,1.0,0.9523809523809523,1.0,1.0,0.6634920634920635,0.56,0.6666666666666666,0.84,1.0,1.0,1.0,0.6634920634920635,0.5333333333333333,0.7619047619047619,0.7,1.0,1.0,1.0,0.7171579743008314,0.5142857142857142,0.8571428571428571,0.6,1.0,1.0,1.0,0.7668990828654694,0.45,0.8571428571428571,0.525,1.0,1.0,1.0,0.7668990828654694,0.4,0.8571428571428571,0.4666666666666667,1.0,1.0,1.0,0.7668990828654694,0.36,0.8571428571428571,0.42,1.0,1.0,1.0,0.7668990828654694,mini_l6-dj_adpt,2,webtable-la2m-v=12-distilroberta-dj_adpt~qwen3_8b-dj_adpt
business_rates_a.pq,1.0,0.08333333333333333,1.0,0.08333333333333333,1.0,1.0,0.08333333333333333,0.2,0.08333333333333333,1.0,0.4166666666666667,1.0,1.0,0.08333333333333333,0.1,0.08333333333333333,1.0,0.8333333333333334,1.0,1.0,0.08333333333333333,0.06666666666666667,0.08333333333333333,0.8,1.0,1.0,1.0,0.08333333333333333,0.2,0.3333333333333333,0.6,1.0,1.0,1.0,0.12369281045751634,0.2,0.4166666666666667,0.48,1.0,1.0,1.0,0.1435340802987862,0.16666666666666666,0.4166666666666667,0.4,1.0,1.0,1.0,0.1435340802987862,0.14285714285714285,0.4166666666666667,0.34285714285714286,1.0,1.0,1.0,0.1435340802987862,0.125,0.4166666666666667,0.3,1.0,1.0,1.0,0.1435340802987862,0.17777777777777778,0.6666666666666666,0.26666666666666666,1.0,1.0,1.0,0.18410990853768872,0.16,0.6666666666666666,0.24,1.0,1.0,1.0,0.18410990853768872,mini_l6-dj_adpt,2,webtable-la2m-v=12-distilroberta-dj_adpt~qwen3_8b-dj_adpt
ipopayments_b.pq,1.0,0.06666666666666667,1.0,0.06666666666666667,1.0,1.0,0.06666666666666667,1.0,0.3333333333333333,1.0,0.3333333333333333,1.0,1.0,0.3333333333333333,1.0,0.6666666666666666,1.0,0.6666666666666666,1.0,1.0,0.6666666666666666,0.9333333333333333,0.9333333333333333,1.0,1.0,1.0,1.0,0.9333333333333333,0.75,1.0,0.75,1.0,1.0,1.0,0.9958333333333333,0.6,1.0,0.6,1.0,1.0,1.0,0.9958333333333333,0.5,1.0,0.5,1.0,1.0,1.0,0.9958333333333333,0.42857142857142855,1.0,0.42857142857142855,1.0,1.0,1.0,0.9958333333333333,0.375,1.0,0.375,1.0,1.0,1.0,0.9958333333333333,0.3333333333333333,1.0,0.3333333333333333,1.0,1.0,1.0,0.9958333333333333,0.3,1.0,0.3,1.0,1.0,1.0,0.9958333333333333,mini_l6-dj_adpt,2,webtable-la2m-v=12-distilroberta-dj_adpt~qwen3_8b-dj_adpt
purchasing_card_a.pq,1.0,0.07692307692307693,1.0,0.07692307692307693,1.0,1.0,0.07692307692307693,0.8,0.3076923076923077,1.0,0.38461538461538464,1.0,1.0,0.29230769230769227,0.5,0.38461538461538464,1.0,0.7692307692307693,1.0,1.0,0.3564102564102564,0.4,0.46153846153846156,0.8666666666666667,1.0,1.0,1.0,0.3871794871794872,0.4,0.6153846153846154,0.65,1.0,1.0,1.0,0.45703242835595775,0.36,0.6923076923076923,0.52,1.0,1.0,1.0,0.4871327628041183,0.36666666666666664,0.8461538461538461,0.43333333333333335,1.0,1.0,1.0,0.543783009109537,0.3142857142857143,0.8461538461538461,0.37142857142857144,1.0,1.0,1.0,0.543783009109537,0.275,0.8461538461538461,0.325,1.0,1.0,1.0,0.543783009109537,0.26666666666666666,0.9230769230769231,0.28888888888888886,1.0,1.0,1.0,0.5647620300885581,0.26,1.0,0.26,1.0,1.0,1.0,0.5865011605233407,mini_l6-dj_adpt,2,webtable-la2m-v=12-distilroberta-dj_adpt~qwen3_8b-dj_adpt
tuition_assistance_program_tap_recipients_a.pq,1.0,0.09090909090909091,1.0,0.09090909090909091,1.0,1.0,0.09090909090909091,0.2,0.09090909090909091,1.0,0.45454545454545453,1.0,1.0,0.09090909090909091,0.1,0.09090909090909091,1.0,0.9090909090909091,1.0,1.0,0.09090909090909091,0.06666666666666667,0.09090909090909091,0.7333333333333333,1.0,1.0,1.0,0.09090909090909091,0.05,0.09090909090909091,0.55,1.0,1.0,1.0,0.09090909090909091,0.04,0.09090909090909091,0.44,1.0,1.0,1.0,0.09090909090909091,0.03333333333333333,0.09090909090909091,0.36666666666666664,1.0,1.0,1.0,0.09090909090909091,0.02857142857142857,0.09090909090909091,0.3142857142857143,1.0,1.0,1.0,0.09090909090909091,0.025,0.09090909090909091,0.275,1.0,1.0,1.0,0.09090909090909091,0.1111111111111111,0.45454545454545453,0.24444444444444444,1.0,1.0,1.0,0.11994606286361043,0.18,0.8181818181818182,0.22,1.0,1.0,1.0,0.17685857372616753,mini_l6-dj_adpt,2,webtable-la2m-v=12-distilroberta-dj_adpt~qwen3_8b-dj_adpt
mines_b.pq,1.0,0.07142857142857142,1.0,0.07142857142857142,1.0,1.0,0.07142857142857142,0.2,0.07142857142857142,1.0,0.35714285714285715,1.0,1.0,0.07142857142857142,0.1,0.07142857142857142,1.0,0.7142857142857143,1.0,1.0,0.07142857142857142,0.06666666666666667,0.07142857142857142,0.9333333333333333,1.0,1.0,1.0,0.07142857142857142,0.05,0.07142857142857142,0.7,1.0,1.0,1.0,0.07142857142857142,0.04,0.07142857142857142,0.56,1.0,1.0,1.0,0.07142857142857142,0.06666666666666667,0.14285714285714285,0.4666666666666667,1.0,1.0,1.0,0.07671957671957672,0.05714285714285714,0.14285714285714285,0.4,1.0,1.0,1.0,0.07671957671957672,0.05,0.14285714285714285,0.35,1.0,1.0,1.0,0.07671957671957672,0.044444444444444446,0.14285714285714285,0.3111111111111111,1.0,1.0,1.0,0.07671957671957672,0.04,0.14285714285714285,0.28,1.0,1.0,1.0,0.07671957671957672,gte_base-dj_adpt,3,webtable-la2m-v=12-distilroberta-dj_adpt~qwen3_8b-dj_adpt
monthly_data_feed_b.pq,1.0,0.07692307692307693,1.0,0.07692307692307693,1.0,1.0,0.07692307692307693,0.2,0.07692307692307693,1.0,0.38461538461538464,1.0,1.0,0.07692307692307693,0.5,0.38461538461538464,1.0,0.7692307692307693,1.0,1.0,0.2003968253968254,0.6666666666666666,0.7692307692307693,0.8666666666666667,1.0,1.0,1.0,0.4352965410657718,0.6,0.9230769230769231,0.65,1.0,1.0,1.0,0.5394632077324385,0.52,1.0,0.52,1.0,1.0,1.0,0.5870822553514862,0.43333333333333335,1.0,0.43333333333333335,1.0,1.0,1.0,0.5870822553514862,0.37142857142857144,1.0,0.37142857142857144,1.0,1.0,1.0,0.5870822553514862,0.325,1.0,0.325,1.0,1.0,1.0,0.5870822553514862,0.28888888888888886,1.0,0.28888888888888886,1.0,1.0,1.0,0.5870822553514862,0.26,1.0,0.26,1.0,1.0,1.0,0.5870822553514862,gte_base-dj_adpt,3,webtable-la2m-v=12-distilroberta-dj_adpt~qwen3_8b-dj_adpt
stockport_contracts_a.pq,1.0,0.07692307692307693,1.0,0.07692307692307693,1.0,1.0,0.07692307692307693,1.0,0.38461538461538464,1.0,0.38461538461538464,1.0,1.0,0.38461538461538464,1.0,0.7692307692307693,1.0,0.7692307692307693,1.0,1.0,0.7692307692307693,0.8,0.9230769230769231,0.8666666666666667,1.0,1.0,1.0,0.910749506903353,0.6,0.9230769230769231,0.65,1.0,1.0,1.0,0.910749506903353,0.52,1.0,0.52,1.0,1.0,1.0,0.9542277677729183,0.43333333333333335,1.0,0.43333333333333335,1.0,1.0,1.0,0.9542277677729183,0.37142857142857144,1.0,0.37142857142857144,1.0,1.0,1.0,0.9542277677729183,0.325,1.0,0.325,1.0,1.0,1.0,0.9542277677729183,0.28888888888888886,1.0,0.28888888888888886,1.0,1.0,1.0,0.9542277677729183,0.26,1.0,0.26,1.0,1.0,1.0,0.9542277677729183,gte_base-dj_adpt,3,webtable-la2m-v=12-distilroberta-dj_adpt~qwen3_8b-dj_adpt
film_locations_in_san_francisco_a.pq,1.0,0.07692307692307693,1.0,0.07692307692307693,1.0,1.0,0.07692307692307693,1.0,0.38461538461538464,1.0,0.38461538461538464,1.0,1.0,0.38461538461538464,0.7,0.5384615384615384,1.0,0.7692307692307693,1.0,1.0,0.5384615384615384,0.6666666666666666,0.7692307692307693,0.8666666666666667,1.0,1.0,1.0,0.686531417300648,0.65,1.0,0.65,1.0,1.0,1.0,0.8492702307747557,0.52,1.0,0.52,1.0,1.0,1.0,0.8492702307747557,0.43333333333333335,1.0,0.43333333333333335,1.0,1.0,1.0,0.8492702307747557,0.37142857142857144,1.0,0.37142857142857144,1.0,1.0,1.0,0.8492702307747557,0.325,1.0,0.325,1.0,1.0,1.0,0.8492702307747557,0.28888888888888886,1.0,0.28888888888888886,1.0,1.0,1.0,0.8492702307747557,0.26,1.0,0.26,1.0,1.0,1.0,0.8492702307747557,gte_base-dj_adpt,3,webtable-la2m-v=12-distilroberta-dj_adpt~qwen3_8b-dj_adpt
psyckes_antipsychotic_polypharmacy_quality_indicators_beginning_2012_a.pq,1.0,0.09090909090909091,1.0,0.09090909090909091,1.0,1.0,0.09090909090909091,0.2,0.09090909090909091,1.0,0.45454545454545453,1.0,1.0,0.09090909090909091,0.1,0.09090909090909091,1.0,0.9090909090909091,1.0,1.0,0.09090909090909091,0.06666666666666667,0.09090909090909091,0.7333333333333333,1.0,1.0,1.0,0.09090909090909091,0.05,0.09090909090909091,0.55,1.0,1.0,1.0,0.09090909090909091,0.04,0.09090909090909091,0.44,1.0,1.0,1.0,0.09090909090909091,0.03333333333333333,0.09090909090909091,0.36666666666666664,1.0,1.0,1.0,0.09090909090909091,0.02857142857142857,0.09090909090909091,0.3142857142857143,1.0,1.0,1.0,0.09090909090909091,0.025,0.09090909090909091,0.275,1.0,1.0,1.0,0.09090909090909091,0.022222222222222223,0.09090909090909091,0.24444444444444444,1.0,1.0,1.0,0.09090909090909091,0.02,0.09090909090909091,0.22,1.0,1.0,1.0,0.09090909090909091,gte_base-dj_adpt,3,webtable-la2m-v=12-distilroberta-dj_adpt~qwen3_8b-dj_adpt
job_pay_scales_a.pq,1.0,0.06666666666666667,1.0,0.06666666666666667,1.0,1.0,0.06666666666666667,1.0,0.3333333333333333,1.0,0.3333333333333333,1.0,1.0,0.3333333333333333,0.7,0.4666666666666667,1.0,0.6666666666666666,1.0,1.0,0.4583333333333333,0.7333333333333333,0.7333333333333333,1.0,1.0,1.0,1.0,0.6494799644799645,0.6,0.8,0.75,1.0,1.0,1.0,0.6915852276378591,0.56,0.9333333333333333,0.6,1.0,1.0,1.0,0.7717439577965893,0.5,1.0,0.5,1.0,1.0,1.0,0.806226716417279,0.42857142857142855,1.0,0.42857142857142855,1.0,1.0,1.0,0.806226716417279,0.375,1.0,0.375,1.0,1.0,1.0,0.806226716417279,0.3333333333333333,1.0,0.3333333333333333,1.0,1.0,1.0,0.806226716417279,0.3,1.0,0.3,1.0,1.0,1.0,0.806226716417279,gte_base-dj_adpt,3,webtable-la2m-v=12-distilroberta-dj_adpt~qwen3_8b-dj_adpt
biodiversity_a.pq,1.0,0.09090909090909091,1.0,0.09090909090909091,1.0,1.0,0.09090909090909091,0.2,0.09090909090909091,1.0,0.45454545454545453,1.0,1.0,0.09090909090909091,0.1,0.09090909090909091,1.0,0.9090909090909091,1.0,1.0,0.09090909090909091,0.06666666666666667,0.09090909090909091,0.7333333333333333,1.0,1.0,1.0,0.09090909090909091,0.1,0.18181818181818182,0.55,1.0,1.0,1.0,0.10047846889952151,0.08,0.18181818181818182,0.44,1.0,1.0,1.0,0.10047846889952151,0.06666666666666667,0.18181818181818182,0.36666666666666664,1.0,1.0,1.0,0.10047846889952151,0.05714285714285714,0.18181818181818182,0.3142857142857143,1.0,1.0,1.0,0.10047846889952151,0.075,0.2727272727272727,0.275,1.0,1.0,1.0,0.10765550239234449,0.08888888888888889,0.36363636363636365,0.24444444444444444,1.0,1.0,1.0,0.11631351105035316,0.08,0.36363636363636365,0.22,1.0,1.0,1.0,0.11631351105035316,gte_base-dj_adpt,3,webtable-la2m-v=12-distilroberta-dj_adpt~qwen3_8b-dj_adpt
business_rates_a.pq,1.0,0.08333333333333333,1.0,0.08333333333333333,1.0,1.0,0.08333333333333333,0.2,0.08333333333333333,1.0,0.4166666666666667,1.0,1.0,0.08333333333333333,0.4,0.3333333333333333,1.0,0.8333333333333334,1.0,1.0,0.1884920634920635,0.4666666666666667,0.5833333333333334,0.8,1.0,1.0,1.0,0.3064990564990565,0.4,0.6666666666666666,0.6,1.0,1.0,1.0,0.34353609353609355,0.36,0.75,0.48,1.0,1.0,1.0,0.3776270026270026,0.3,0.75,0.4,1.0,1.0,1.0,0.3776270026270026,0.2857142857142857,0.8333333333333334,0.34285714285714286,1.0,1.0,1.0,0.40143652643652644,0.275,0.9166666666666666,0.3,1.0,1.0,1.0,0.42689948939948935,0.26666666666666666,1.0,0.26666666666666666,1.0,1.0,1.0,0.45070901320901324,0.24,1.0,0.24,1.0,1.0,1.0,0.45070901320901324,gte_base-dj_adpt,3,webtable-la2m-v=12-distilroberta-dj_adpt~qwen3_8b-dj_adpt
cihr_co-applicant_a.pq,1.0,0.08333333333333333,1.0,0.08333333333333333,1.0,1.0,0.08333333333333333,1.0,0.4166666666666667,1.0,0.4166666666666667,1.0,1.0,0.4166666666666667,0.7,0.5833333333333334,1.0,0.8333333333333334,1.0,1.0,0.5583333333333333,0.6666666666666666,0.8333333333333334,0.8,1.0,1.0,1.0,0.745541958041958,0.55,0.9166666666666666,0.6,1.0,1.0,1.0,0.796467883967884,0.44,0.9166666666666666,0.48,1.0,1.0,1.0,0.796467883967884,0.4,1.0,0.4,1.0,1.0,1.0,0.8309506425885737,0.34285714285714286,1.0,0.34285714285714286,1.0,1.0,1.0,0.8309506425885737,0.3,1.0,0.3,1.0,1.0,1.0,0.8309506425885737,0.26666666666666666,1.0,0.26666666666666666,1.0,1.0,1.0,0.8309506425885737,0.24,1.0,0.24,1.0,1.0,1.0,0.8309506425885737,gte_base-dj_adpt,3,webtable-la2m-v=12-distilroberta-dj_adpt~qwen3_8b-dj_adpt
complaint_by_practice_b.pq,1.0,0.07692307692307693,1.0,0.07692307692307693,1.0,1.0,0.07692307692307693,1.0,0.38461538461538464,1.0,0.38461538461538464,1.0,1.0,0.38461538461538464,0.9,0.6923076923076923,1.0,0.7692307692307693,1.0,1.0,0.6923076923076923,0.8,0.9230769230769231,0.8666666666666667,1.0,1.0,1.0,0.8734573119188505,0.65,1.0,0.65,1.0,1.0,1.0,0.9322808413306151,0.52,1.0,0.52,1.0,1.0,1.0,0.9322808413306151,0.43333333333333335,1.0,0.43333333333333335,1.0,1.0,1.0,0.9322808413306151,0.37142857142857144,1.0,0.37142857142857144,1.0,1.0,1.0,0.9322808413306151,0.325,1.0,0.325,1.0,1.0,1.0,0.9322808413306151,0.28888888888888886,1.0,0.28888888888888886,1.0,1.0,1.0,0.9322808413306151,0.26,1.0,0.26,1.0,1.0,1.0,0.9322808413306151,gte_base-dj_adpt,3,webtable-la2m-v=12-distilroberta-dj_adpt~qwen3_8b-dj_adpt
civic_building_locations_a.pq,1.0,0.08333333333333333,1.0,0.08333333333333333,1.0,1.0,0.08333333333333333,0.8,0.3333333333333333,1.0,0.4166666666666667,1.0,1.0,0.31666666666666665,0.7,0.5833333333333334,1.0,0.8333333333333334,1.0,1.0,0.5304563492063492,0.6,0.75,0.8,1.0,1.0,1.0,0.6437042124542124,0.45,0.75,0.6,1.0,1.0,1.0,0.6437042124542124,0.44,0.9166666666666666,0.48,1.0,1.0,1.0,0.7181305409566279,0.36666666666666664,0.9166666666666666,0.4,1.0,1.0,1.0,0.7181305409566279,0.3142857142857143,0.9166666666666666,0.34285714285714286,1.0,1.0,1.0,0.7181305409566279,0.275,0.9166666666666666,0.3,1.0,1.0,1.0,0.7181305409566279,0.24444444444444444,0.9166666666666666,0.26666666666666666,1.0,1.0,1.0,0.7181305409566279,0.22,0.9166666666666666,0.24,1.0,1.0,1.0,0.7181305409566279,gte_base-dj_adpt,3,webtable-la2m-v=12-distilroberta-dj_adpt~qwen3_8b-dj_adpt
immigration_records_a.pq,1.0,0.0625,1.0,0.0625,1.0,1.0,0.0625,0.8,0.25,1.0,0.3125,1.0,1.0,0.221875,0.9,0.5625,1.0,0.625,1.0,1.0,0.49402281746031745,0.6666666666666666,0.625,1.0,0.9375,1.0,1.0,0.5508409992784993,0.55,0.6875,0.8,1.0,1.0,1.0,0.5870252098048151,0.44,0.6875,0.64,1.0,1.0,1.0,0.5870252098048151,0.36666666666666664,0.6875,0.5333333333333333,1.0,1.0,1.0,0.5870252098048151,0.34285714285714286,0.75,0.45714285714285713,1.0,1.0,1.0,0.6084537812333864,0.3,0.75,0.4,1.0,1.0,1.0,0.6084537812333864,0.3333333333333333,0.9375,0.35555555555555557,1.0,1.0,1.0,0.6694546747197451,0.3,0.9375,0.32,1.0,1.0,1.0,0.6694546747197451,gte_base-dj_adpt,3,webtable-la2m-v=12-distilroberta-dj_adpt~qwen3_8b-dj_adpt
ipopayments_b.pq,1.0,0.06666666666666667,1.0,0.06666666666666667,1.0,1.0,0.06666666666666667,1.0,0.3333333333333333,1.0,0.3333333333333333,1.0,1.0,0.3333333333333333,0.8,0.5333333333333333,1.0,0.6666666666666666,1.0,1.0,0.5333333333333333,0.8,0.8,1.0,1.0,1.0,1.0,0.7403296703296703,0.65,0.8666666666666667,0.75,1.0,1.0,1.0,0.794496336996337,0.52,0.8666666666666667,0.6,1.0,1.0,1.0,0.794496336996337,0.4666666666666667,0.9333333333333333,0.5,1.0,1.0,1.0,0.826680245042314,0.42857142857142855,1.0,0.42857142857142855,1.0,1.0,1.0,0.8560920097481964,0.375,1.0,0.375,1.0,1.0,1.0,0.8560920097481964,0.3333333333333333,1.0,0.3333333333333333,1.0,1.0,1.0,0.8560920097481964,0.3,1.0,0.3,1.0,1.0,1.0,0.8560920097481964,gte_base-dj_adpt,3,webtable-la2m-v=12-distilroberta-dj_adpt~qwen3_8b-dj_adpt
new_york_city_restaurant_inspection_results_a.pq,1.0,0.03225806451612903,1.0,0.03225806451612903,1.0,1.0,0.03225806451612903,1.0,0.16129032258064516,1.0,0.16129032258064516,1.0,1.0,0.16129032258064516,1.0,0.3225806451612903,1.0,0.3225806451612903,1.0,1.0,0.3225806451612903,0.8,0.3870967741935484,1.0,0.4838709677419355,1.0,1.0,0.3806451612903226,0.85,0.5483870967741935,1.0,0.6451612903225806,1.0,1.0,0.5148860647824495,0.72,0.5806451612903226,1.0,0.8064516129032258,1.0,1.0,0.5412790266592823,0.6,0.5806451612903226,1.0,0.967741935483871,1.0,1.0,0.5412790266592823,0.5142857142857142,0.5806451612903226,0.8857142857142857,1.0,1.0,1.0,0.5412790266592823,0.45,0.5806451612903226,0.775,1.0,1.0,1.0,0.5412790266592823,0.4,0.5806451612903226,0.6888888888888889,1.0,1.0,1.0,0.5412790266592823,0.36,0.5806451612903226,0.62,1.0,1.0,1.0,0.5412790266592823,gte_base-dj_adpt,3,webtable-la2m-v=12-distilroberta-dj_adpt~qwen3_8b-dj_adpt
lane_description_a.pq,1.0,0.0625,1.0,0.0625,1.0,1.0,0.0625,1.0,0.3125,1.0,0.3125,1.0,1.0,0.3125,1.0,0.625,1.0,0.625,1.0,1.0,0.625,1.0,0.9375,1.0,0.9375,1.0,1.0,0.9375,0.8,1.0,0.8,1.0,1.0,1.0,0.9930555555555556,0.64,1.0,0.64,1.0,1.0,1.0,0.9930555555555556,0.5333333333333333,1.0,0.5333333333333333,1.0,1.0,1.0,0.9930555555555556,0.45714285714285713,1.0,0.45714285714285713,1.0,1.0,1.0,0.9930555555555556,0.4,1.0,0.4,1.0,1.0,1.0,0.9930555555555556,0.35555555555555557,1.0,0.35555555555555557,1.0,1.0,1.0,0.9930555555555556,0.32,1.0,0.32,1.0,1.0,1.0,0.9930555555555556,gte_base-dj_adpt,3,webtable-la2m-v=12-distilroberta-dj_adpt~qwen3_8b-dj_adpt
practice_reference_b.pq,1.0,0.06666666666666667,1.0,0.06666666666666667,1.0,1.0,0.06666666666666667,1.0,0.3333333333333333,1.0,0.3333333333333333,1.0,1.0,0.3333333333333333,1.0,0.6666666666666666,1.0,0.6666666666666666,1.0,1.0,0.6666666666666666,1.0,1.0,1.0,1.0,1.0,1.0,1.0,0.75,1.0,0.75,1.0,1.0,1.0,1.0,0.6,1.0,0.6,1.0,1.0,1.0,1.0,0.5,1.0,0.5,1.0,1.0,1.0,1.0,0.42857142857142855,1.0,0.42857142857142855,1.0,1.0,1.0,1.0,0.375,1.0,0.375,1.0,1.0,1.0,1.0,0.3333333333333333,1.0,0.3333333333333333,1.0,1.0,1.0,1.0,0.3,1.0,0.3,1.0,1.0,1.0,1.0,gte_base-dj_adpt,3,webtable-la2m-v=12-distilroberta-dj_adpt~qwen3_8b-dj_adpt
ydn_spending_data_b.pq,1.0,0.08333333333333333,1.0,0.08333333333333333,1.0,1.0,0.08333333333333333,0.4,0.16666666666666666,1.0,0.4166666666666667,1.0,1.0,0.16666666666666666,0.5,0.4166666666666667,1.0,0.8333333333333334,1.0,1.0,0.2857142857142857,0.6,0.75,0.8,1.0,1.0,1.0,0.48463342213342214,0.45,0.75,0.6,1.0,1.0,1.0,0.48463342213342214,0.36,0.75,0.48,1.0,1.0,1.0,0.48463342213342214,0.3333333333333333,0.8333333333333334,0.4,1.0,1.0,1.0,0.5124111999111999,0.2857142857142857,0.8333333333333334,0.34285714285714286,1.0,1.0,1.0,0.5124111999111999,0.25,0.8333333333333334,0.3,1.0,1.0,1.0,0.5124111999111999,0.2222222222222222,0.8333333333333334,0.26666666666666666,1.0,1.0,1.0,0.5124111999111999,0.2,0.8333333333333334,0.24,1.0,1.0,1.0,0.5124111999111999,gte_base-dj_adpt,3,webtable-la2m-v=12-distilroberta-dj_adpt~qwen3_8b-dj_adpt
monthly_data_feed_a.pq,1.0,0.07692307692307693,1.0,0.07692307692307693,1.0,1.0,0.07692307692307693,1.0,0.38461538461538464,1.0,0.38461538461538464,1.0,1.0,0.38461538461538464,0.7,0.5384615384615384,1.0,0.7692307692307693,1.0,1.0,0.5384615384615384,0.6,0.6923076923076923,0.8666666666666667,1.0,1.0,1.0,0.6352493660185968,0.6,0.9230769230769231,0.65,1.0,1.0,1.0,0.7792538909054746,0.48,0.9230769230769231,0.52,1.0,1.0,1.0,0.7792538909054746,0.43333333333333335,1.0,0.43333333333333335,1.0,1.0,1.0,0.8137366495261643,0.37142857142857144,1.0,0.37142857142857144,1.0,1.0,1.0,0.8137366495261643,0.325,1.0,0.325,1.0,1.0,1.0,0.8137366495261643,0.28888888888888886,1.0,0.28888888888888886,1.0,1.0,1.0,0.8137366495261643,0.26,1.0,0.26,1.0,1.0,1.0,0.8137366495261643,gte_base-dj_adpt,3,webtable-la2m-v=12-distilroberta-dj_adpt~qwen3_8b-dj_adpt
report_card_discipline_for_2015_16_a.pq,1.0,0.09090909090909091,1.0,0.09090909090909091,1.0,1.0,0.09090909090909091,1.0,0.45454545454545453,1.0,0.45454545454545453,1.0,1.0,0.45454545454545453,1.0,0.9090909090909091,1.0,0.9090909090909091,1.0,1.0,0.9090909090909091,0.7333333333333333,1.0,0.7333333333333333,1.0,1.0,1.0,1.0,0.55,1.0,0.55,1.0,1.0,1.0,1.0,0.44,1.0,0.44,1.0,1.0,1.0,1.0,0.36666666666666664,1.0,0.36666666666666664,1.0,1.0,1.0,1.0,0.3142857142857143,1.0,0.3142857142857143,1.0,1.0,1.0,1.0,0.275,1.0,0.275,1.0,1.0,1.0,1.0,0.24444444444444444,1.0,0.24444444444444444,1.0,1.0,1.0,1.0,0.22,1.0,0.22,1.0,1.0,1.0,1.0,gte_base-dj_adpt,3,webtable-la2m-v=12-distilroberta-dj_adpt~qwen3_8b-dj_adpt
complaint_by_practice_a.pq,1.0,0.07692307692307693,1.0,0.07692307692307693,1.0,1.0,0.07692307692307693,0.4,0.15384615384615385,1.0,0.38461538461538464,1.0,1.0,0.15384615384615385,0.2,0.15384615384615385,1.0,0.7692307692307693,1.0,1.0,0.15384615384615385,0.26666666666666666,0.3076923076923077,0.8666666666666667,1.0,1.0,1.0,0.20046620046620045,0.2,0.3076923076923077,0.65,1.0,1.0,1.0,0.20046620046620045,0.16,0.3076923076923077,0.52,1.0,1.0,1.0,0.20046620046620045,0.13333333333333333,0.3076923076923077,0.43333333333333335,1.0,1.0,1.0,0.20046620046620045,0.11428571428571428,0.3076923076923077,0.37142857142857144,1.0,1.0,1.0,0.20046620046620045,0.1,0.3076923076923077,0.325,1.0,1.0,1.0,0.20046620046620045,0.08888888888888889,0.3076923076923077,0.28888888888888886,1.0,1.0,1.0,0.20046620046620045,0.08,0.3076923076923077,0.26,1.0,1.0,1.0,0.20046620046620045,gte_base-dj_adpt,3,webtable-la2m-v=12-distilroberta-dj_adpt~qwen3_8b-dj_adpt
purchasing_card_a.pq,1.0,0.07692307692307693,1.0,0.07692307692307693,1.0,1.0,0.07692307692307693,0.2,0.07692307692307693,1.0,0.38461538461538464,1.0,1.0,0.07692307692307693,0.3,0.23076923076923078,1.0,0.7692307692307693,1.0,1.0,0.1170940170940171,0.2,0.23076923076923078,0.8666666666666667,1.0,1.0,1.0,0.1170940170940171,0.15,0.23076923076923078,0.65,1.0,1.0,1.0,0.1170940170940171,0.12,0.23076923076923078,0.52,1.0,1.0,1.0,0.1170940170940171,0.23333333333333334,0.5384615384615384,0.43333333333333335,1.0,1.0,1.0,0.1760901295384054,0.3142857142857143,0.8461538461538461,0.37142857142857144,1.0,1.0,1.0,0.2657727626864086,0.325,1.0,0.325,1.0,1.0,1.0,0.3157052863031427,0.28888888888888886,1.0,0.28888888888888886,1.0,1.0,1.0,0.3157052863031427,0.26,1.0,0.26,1.0,1.0,1.0,0.3157052863031427,gte_base-dj_adpt,3,webtable-la2m-v=12-distilroberta-dj_adpt~qwen3_8b-dj_adpt
albums_a.pq,1.0,0.0625,1.0,0.0625,1.0,1.0,0.0625,1.0,0.3125,1.0,0.3125,1.0,1.0,0.3125,1.0,0.625,1.0,0.625,1.0,1.0,0.625,1.0,0.9375,1.0,0.9375,1.0,1.0,0.9375,0.8,1.0,0.8,1.0,1.0,1.0,1.0,0.64,1.0,0.64,1.0,1.0,1.0,1.0,0.5333333333333333,1.0,0.5333333333333333,1.0,1.0,1.0,1.0,0.45714285714285713,1.0,0.45714285714285713,1.0,1.0,1.0,1.0,0.4,1.0,0.4,1.0,1.0,1.0,1.0,0.35555555555555557,1.0,0.35555555555555557,1.0,1.0,1.0,1.0,0.32,1.0,0.32,1.0,1.0,1.0,1.0,gte_base-dj_adpt,3,webtable-la2m-v=12-distilroberta-dj_adpt~qwen3_8b-dj_adpt
workforce_management_information_b.pq,1.0,0.05555555555555555,1.0,0.05555555555555555,1.0,1.0,0.05555555555555555,1.0,0.2777777777777778,1.0,0.2777777777777778,1.0,1.0,0.2777777777777778,1.0,0.5555555555555556,1.0,0.5555555555555556,1.0,1.0,0.5555555555555556,0.8666666666666667,0.7222222222222222,1.0,0.8333333333333334,1.0,1.0,0.7222222222222222,0.65,0.7222222222222222,0.9,1.0,1.0,1.0,0.7222222222222222,0.52,0.7222222222222222,0.72,1.0,1.0,1.0,0.7222222222222222,0.43333333333333335,0.7222222222222222,0.6,1.0,1.0,1.0,0.7222222222222222,0.37142857142857144,0.7222222222222222,0.5142857142857142,1.0,1.0,1.0,0.7222222222222222,0.325,0.7222222222222222,0.45,1.0,1.0,1.0,0.7222222222222222,0.28888888888888886,0.7222222222222222,0.4,1.0,1.0,1.0,0.7222222222222222,0.26,0.7222222222222222,0.36,1.0,1.0,1.0,0.7222222222222222,gte_base-dj_adpt,3,webtable-la2m-v=12-distilroberta-dj_adpt~qwen3_8b-dj_adpt
contributors_parties_a.pq,1.0,0.047619047619047616,1.0,0.047619047619047616,1.0,1.0,0.047619047619047616,1.0,0.23809523809523808,1.0,0.23809523809523808,1.0,1.0,0.23809523809523808,1.0,0.47619047619047616,1.0,0.47619047619047616,1.0,1.0,0.47619047619047616,1.0,0.7142857142857143,1.0,0.7142857142857143,1.0,1.0,0.7142857142857143,0.9,0.8571428571428571,1.0,0.9523809523809523,1.0,1.0,0.8546365914786966,0.72,0.8571428571428571,0.84,1.0,1.0,1.0,0.8546365914786966,0.6,0.8571428571428571,0.7,1.0,1.0,1.0,0.8546365914786966,0.5142857142857142,0.8571428571428571,0.6,1.0,1.0,1.0,0.8546365914786966,0.45,0.8571428571428571,0.525,1.0,1.0,1.0,0.8546365914786966,0.4,0.8571428571428571,0.4666666666666667,1.0,1.0,1.0,0.8546365914786966,0.42,1.0,0.42,1.0,1.0,1.0,0.9154020863908152,gte_base-dj_adpt,3,webtable-la2m-v=12-distilroberta-dj_adpt~qwen3_8b-dj_adpt
tuition_assistance_program_tap_recipients_a.pq,1.0,0.09090909090909091,1.0,0.09090909090909091,1.0,1.0,0.09090909090909091,0.4,0.18181818181818182,1.0,0.45454545454545453,1.0,1.0,0.12727272727272726,0.7,0.6363636363636364,1.0,0.9090909090909091,1.0,1.0,0.4057359307359307,0.7333333333333333,1.0,0.7333333333333333,1.0,1.0,1.0,0.6813920927557291,0.55,1.0,0.55,1.0,1.0,1.0,0.6813920927557291,0.44,1.0,0.44,1.0,1.0,1.0,0.6813920927557291,0.36666666666666664,1.0,0.36666666666666664,1.0,1.0,1.0,0.6813920927557291,0.3142857142857143,1.0,0.3142857142857143,1.0,1.0,1.0,0.6813920927557291,0.275,1.0,0.275,1.0,1.0,1.0,0.6813920927557291,0.24444444444444444,1.0,0.24444444444444444,1.0,1.0,1.0,0.6813920927557291,0.22,1.0,0.22,1.0,1.0,1.0,0.6813920927557291,gte_base-dj_adpt,3,webtable-la2m-v=12-distilroberta-dj_adpt~qwen3_8b-dj_adpt
animal_tag_data_a.pq,1.0,0.08333333333333333,1.0,0.08333333333333333,1.0,1.0,0.08333333333333333,0.2,0.08333333333333333,1.0,0.4166666666666667,1.0,1.0,0.08333333333333333,0.2,0.16666666666666666,1.0,0.8333333333333334,1.0,1.0,0.09999999999999999,0.2,0.25,0.8,1.0,1.0,1.0,0.12272727272727273,0.2,0.3333333333333333,0.6,1.0,1.0,1.0,0.1393939393939394,0.32,0.6666666666666666,0.48,1.0,1.0,1.0,0.23194656189221408,0.36666666666666664,0.9166666666666666,0.4,1.0,1.0,1.0,0.32439500850732733,0.3142857142857143,0.9166666666666666,0.34285714285714286,1.0,1.0,1.0,0.32439500850732733,0.3,1.0,0.3,1.0,1.0,1.0,0.35071079798101157,0.26666666666666666,1.0,0.26666666666666666,1.0,1.0,1.0,0.35071079798101157,0.24,1.0,0.24,1.0,1.0,1.0,0.35071079798101157,gte_base-dj_adpt,3,webtable-la2m-v=12-distilroberta-dj_adpt~qwen3_8b-dj_adpt
cihr_co-applicant_b.pq,1.0,0.08333333333333333,1.0,0.08333333333333333,1.0,1.0,0.08333333333333333,1.0,0.4166666666666667,1.0,0.4166666666666667,1.0,1.0,0.4166666666666667,1.0,0.8333333333333334,1.0,0.8333333333333334,1.0,1.0,0.8333333333333334,0.7333333333333333,0.9166666666666666,0.8,1.0,1.0,1.0,0.9166666666666666,0.6,1.0,0.6,1.0,1.0,1.0,0.9692982456140351,0.48,1.0,0.48,1.0,1.0,1.0,0.9692982456140351,0.4,1.0,0.4,1.0,1.0,1.0,0.9692982456140351,0.34285714285714286,1.0,0.34285714285714286,1.0,1.0,1.0,0.9692982456140351,0.3,1.0,0.3,1.0,1.0,1.0,0.9692982456140351,0.26666666666666666,1.0,0.26666666666666666,1.0,1.0,1.0,0.9692982456140351,0.24,1.0,0.24,1.0,1.0,1.0,0.9692982456140351,gte_base-dj_adpt,3,webtable-la2m-v=12-distilroberta-dj_adpt~qwen3_8b-dj_adpt
oil_and_gas_summary_production_data_1967_1999_a.pq,1.0,0.09090909090909091,1.0,0.09090909090909091,1.0,1.0,0.09090909090909091,0.2,0.09090909090909091,1.0,0.45454545454545453,1.0,1.0,0.09090909090909091,0.2,0.18181818181818182,1.0,0.9090909090909091,1.0,1.0,0.10909090909090909,0.4,0.5454545454545454,0.7333333333333333,1.0,1.0,1.0,0.23811340174976536,0.3,0.5454545454545454,0.55,1.0,1.0,1.0,0.23811340174976536,0.24,0.5454545454545454,0.44,1.0,1.0,1.0,0.23811340174976536,0.2,0.5454545454545454,0.36666666666666664,1.0,1.0,1.0,0.23811340174976536,0.17142857142857143,0.5454545454545454,0.3142857142857143,1.0,1.0,1.0,0.23811340174976536,0.15,0.5454545454545454,0.275,1.0,1.0,1.0,0.23811340174976536,0.13333333333333333,0.5454545454545454,0.24444444444444444,1.0,1.0,1.0,0.23811340174976536,0.12,0.5454545454545454,0.22,1.0,1.0,1.0,0.23811340174976536,gte_base-dj_adpt,3,webtable-la2m-v=12-distilroberta-dj_adpt~qwen3_8b-dj_adpt
time_spent_watching_vcr_movies_a.pq,1.0,0.09090909090909091,1.0,0.09090909090909091,1.0,1.0,0.09090909090909091,0.2,0.09090909090909091,1.0,0.45454545454545453,1.0,1.0,0.09090909090909091,0.4,0.36363636363636365,1.0,0.9090909090909091,1.0,1.0,0.18733766233766236,0.5333333333333333,0.7272727272727273,0.7333333333333333,1.0,1.0,1.0,0.3750136227408955,0.55,1.0,0.55,1.0,1.0,1.0,0.5351814777616917,0.44,1.0,0.44,1.0,1.0,1.0,0.5351814777616917,0.36666666666666664,1.0,0.36666666666666664,1.0,1.0,1.0,0.5351814777616917,0.3142857142857143,1.0,0.3142857142857143,1.0,1.0,1.0,0.5351814777616917,0.275,1.0,0.275,1.0,1.0,1.0,0.5351814777616917,0.24444444444444444,1.0,0.24444444444444444,1.0,1.0,1.0,0.5351814777616917,0.22,1.0,0.22,1.0,1.0,1.0,0.5351814777616917,gte_base-dj_adpt,3,webtable-la2m-v=12-distilroberta-dj_adpt~qwen3_8b-dj_adpt
311_calls_historic_data_a.pq,1.0,0.09090909090909091,1.0,0.09090909090909091,1.0,1.0,0.09090909090909091,0.2,0.09090909090909091,1.0,0.45454545454545453,1.0,1.0,0.09090909090909091,0.1,0.09090909090909091,1.0,0.9090909090909091,1.0,1.0,0.09090909090909091,0.06666666666666667,0.09090909090909091,0.7333333333333333,1.0,1.0,1.0,0.09090909090909091,0.05,0.09090909090909091,0.55,1.0,1.0,1.0,0.09090909090909091,0.04,0.09090909090909091,0.44,1.0,1.0,1.0,0.09090909090909091,0.03333333333333333,0.09090909090909091,0.36666666666666664,1.0,1.0,1.0,0.09090909090909091,0.02857142857142857,0.09090909090909091,0.3142857142857143,1.0,1.0,1.0,0.09090909090909091,0.025,0.09090909090909091,0.275,1.0,1.0,1.0,0.09090909090909091,0.022222222222222223,0.09090909090909091,0.24444444444444444,1.0,1.0,1.0,0.09090909090909091,0.02,0.09090909090909091,0.22,1.0,1.0,1.0,0.09090909090909091,gte_base-dj_adpt,3,webtable-la2m-v=12-distilroberta-dj_adpt~qwen3_8b-dj_adpt
ipopayments_a.pq,1.0,0.06666666666666667,1.0,0.06666666666666667,1.0,1.0,0.06666666666666667,1.0,0.3333333333333333,1.0,0.3333333333333333,1.0,1.0,0.3333333333333333,0.6,0.4,1.0,0.6666666666666666,1.0,1.0,0.3733333333333333,0.6666666666666666,0.6666666666666666,1.0,1.0,1.0,1.0,0.5508003108003108,0.7,0.9333333333333333,0.75,1.0,1.0,1.0,0.7409634228287479,0.56,0.9333333333333333,0.6,1.0,1.0,1.0,0.7409634228287479,0.5,1.0,0.5,1.0,1.0,1.0,0.7754461814494376,0.42857142857142855,1.0,0.42857142857142855,1.0,1.0,1.0,0.7754461814494376,0.375,1.0,0.375,1.0,1.0,1.0,0.7754461814494376,0.3333333333333333,1.0,0.3333333333333333,1.0,1.0,1.0,0.7754461814494376,0.3,1.0,0.3,1.0,1.0,1.0,0.7754461814494376,gte_base-dj_adpt,3,webtable-la2m-v=12-distilroberta-dj_adpt~qwen3_8b-dj_adpt
workforce_management_information_a.pq,1.0,0.05555555555555555,1.0,0.05555555555555555,1.0,1.0,0.05555555555555555,1.0,0.2777777777777778,1.0,0.2777777777777778,1.0,1.0,0.2777777777777778,1.0,0.5555555555555556,1.0,0.5555555555555556,1.0,1.0,0.5555555555555556,0.8666666666666667,0.7222222222222222,1.0,0.8333333333333334,1.0,1.0,0.7222222222222222,0.65,0.7222222222222222,0.9,1.0,1.0,1.0,0.7222222222222222,0.52,0.7222222222222222,0.72,1.0,1.0,1.0,0.7222222222222222,0.43333333333333335,0.7222222222222222,0.6,1.0,1.0,1.0,0.7222222222222222,0.37142857142857144,0.7222222222222222,0.5142857142857142,1.0,1.0,1.0,0.7222222222222222,0.325,0.7222222222222222,0.45,1.0,1.0,1.0,0.7222222222222222,0.28888888888888886,0.7222222222222222,0.4,1.0,1.0,1.0,0.7222222222222222,0.26,0.7222222222222222,0.36,1.0,1.0,1.0,0.7222222222222222,gte_base-dj_adpt,3,webtable-la2m-v=12-distilroberta-dj_adpt~qwen3_8b-dj_adpt
senior_officials_expenses_a.pq,1.0,0.09090909090909091,1.0,0.09090909090909091,1.0,1.0,0.09090909090909091,1.0,0.45454545454545453,1.0,0.45454545454545453,1.0,1.0,0.45454545454545453,0.9,0.8181818181818182,1.0,0.9090909090909091,1.0,1.0,0.8181818181818182,0.6666666666666666,0.9090909090909091,0.7333333333333333,1.0,1.0,1.0,0.9008264462809916,0.5,0.9090909090909091,0.55,1.0,1.0,1.0,0.9008264462809916,0.4,0.9090909090909091,0.44,1.0,1.0,1.0,0.9008264462809916,0.3333333333333333,0.9090909090909091,0.36666666666666664,1.0,1.0,1.0,0.9008264462809916,0.2857142857142857,0.9090909090909091,0.3142857142857143,1.0,1.0,1.0,0.9008264462809916,0.275,1.0,0.275,1.0,1.0,1.0,0.9258264462809916,0.24444444444444444,1.0,0.24444444444444444,1.0,1.0,1.0,0.9258264462809916,0.22,1.0,0.22,1.0,1.0,1.0,0.9258264462809916,gte_base-dj_adpt,3,webtable-la2m-v=12-distilroberta-dj_adpt~qwen3_8b-dj_adpt
abandoned_wells_a.pq,1.0,0.09090909090909091,1.0,0.09090909090909091,1.0,1.0,0.09090909090909091,1.0,0.45454545454545453,1.0,0.45454545454545453,1.0,1.0,0.45454545454545453,0.8,0.7272727272727273,1.0,0.9090909090909091,1.0,1.0,0.6661616161616162,0.7333333333333333,1.0,0.7333333333333333,1.0,1.0,1.0,0.8829660238751148,0.55,1.0,0.55,1.0,1.0,1.0,0.8829660238751148,0.44,1.0,0.44,1.0,1.0,1.0,0.8829660238751148,0.36666666666666664,1.0,0.36666666666666664,1.0,1.0,1.0,0.8829660238751148,0.3142857142857143,1.0,0.3142857142857143,1.0,1.0,1.0,0.8829660238751148,0.275,1.0,0.275,1.0,1.0,1.0,0.8829660238751148,0.24444444444444444,1.0,0.24444444444444444,1.0,1.0,1.0,0.8829660238751148,0.22,1.0,0.22,1.0,1.0,1.0,0.8829660238751148,gte_base-dj_adpt,3,webtable-la2m-v=12-distilroberta-dj_adpt~qwen3_8b-dj_adpt
contributors_parties_b.pq,1.0,0.047619047619047616,1.0,0.047619047619047616,1.0,1.0,0.047619047619047616,0.8,0.19047619047619047,1.0,0.23809523809523808,1.0,1.0,0.19047619047619047,0.9,0.42857142857142855,1.0,0.47619047619047616,1.0,1.0,0.39782690854119424,0.6,0.42857142857142855,1.0,0.7142857142857143,1.0,1.0,0.39782690854119424,0.55,0.5238095238095238,1.0,0.9523809523809523,1.0,1.0,0.45185085730198515,0.52,0.6190476190476191,0.84,1.0,1.0,1.0,0.5047399971476467,0.5333333333333333,0.7619047619047619,0.7,1.0,1.0,1.0,0.5785768882259171,0.4857142857142857,0.8095238095238095,0.6,1.0,1.0,1.0,0.6046905595008787,0.425,0.8095238095238095,0.525,1.0,1.0,1.0,0.6046905595008787,0.37777777777777777,0.8095238095238095,0.4666666666666667,1.0,1.0,1.0,0.6046905595008787,0.34,0.8095238095238095,0.42,1.0,1.0,1.0,0.6046905595008787,gte_base-dj_adpt,3,webtable-la2m-v=12-distilroberta-dj_adpt~qwen3_8b-dj_adpt
data_mill_b.pq,1.0,0.07142857142857142,1.0,0.07142857142857142,1.0,1.0,0.07142857142857142,1.0,0.35714285714285715,1.0,0.35714285714285715,1.0,1.0,0.35714285714285715,0.6,0.42857142857142855,1.0,0.7142857142857143,1.0,1.0,0.42857142857142855,0.4666666666666667,0.5,0.9333333333333333,1.0,1.0,1.0,0.4740259740259741,0.45,0.6428571428571429,0.7,1.0,1.0,1.0,0.5433537051184111,0.4,0.7142857142857143,0.56,1.0,1.0,1.0,0.5719251336898397,0.36666666666666664,0.7857142857142857,0.4666666666666667,1.0,1.0,1.0,0.6021449139096198,0.37142857142857144,0.9285714285714286,0.4,1.0,1.0,1.0,0.6570691563338622,0.325,0.9285714285714286,0.35,1.0,1.0,1.0,0.6570691563338622,0.28888888888888886,0.9285714285714286,0.3111111111111111,1.0,1.0,1.0,0.6570691563338622,0.26,0.9285714285714286,0.28,1.0,1.0,1.0,0.6570691563338622,gte_base-dj_adpt,3,webtable-la2m-v=12-distilroberta-dj_adpt~qwen3_8b-dj_adpt
stockport_contracts_b.pq,1.0,0.07692307692307693,1.0,0.07692307692307693,1.0,1.0,0.07692307692307693,1.0,0.38461538461538464,1.0,0.38461538461538464,1.0,1.0,0.38461538461538464,1.0,0.7692307692307693,1.0,0.7692307692307693,1.0,1.0,0.7692307692307693,0.8666666666666667,1.0,0.8666666666666667,1.0,1.0,1.0,1.0,0.65,1.0,0.65,1.0,1.0,1.0,1.0,0.52,1.0,0.52,1.0,1.0,1.0,1.0,0.43333333333333335,1.0,0.43333333333333335,1.0,1.0,1.0,1.0,0.37142857142857144,1.0,0.37142857142857144,1.0,1.0,1.0,1.0,0.325,1.0,0.325,1.0,1.0,1.0,1.0,0.28888888888888886,1.0,0.28888888888888886,1.0,1.0,1.0,1.0,0.26,1.0,0.26,1.0,1.0,1.0,1.0,gte_base-dj_adpt,3,webtable-la2m-v=12-distilroberta-dj_adpt~qwen3_8b-dj_adpt
animal_tag_data_b.pq,1.0,0.08333333333333333,1.0,0.08333333333333333,1.0,1.0,0.08333333333333333,1.0,0.4166666666666667,1.0,0.4166666666666667,1.0,1.0,0.4166666666666667,0.5,0.4166666666666667,1.0,0.8333333333333334,1.0,1.0,0.4166666666666667,0.4666666666666667,0.5833333333333334,0.8,1.0,1.0,1.0,0.4912698412698413,0.45,0.75,0.6,1.0,1.0,1.0,0.5770541549953315,0.36,0.75,0.48,1.0,1.0,1.0,0.5770541549953315,0.3333333333333333,0.8333333333333334,0.4,1.0,1.0,1.0,0.6048319327731092,0.2857142857142857,0.8333333333333334,0.34285714285714286,1.0,1.0,1.0,0.6048319327731092,0.275,0.9166666666666666,0.3,1.0,1.0,1.0,0.6289547397906531,0.24444444444444444,0.9166666666666666,0.26666666666666666,1.0,1.0,1.0,0.6289547397906531,0.22,0.9166666666666666,0.24,1.0,1.0,1.0,0.6289547397906531,gte_base-dj_adpt,3,webtable-la2m-v=12-distilroberta-dj_adpt~qwen3_8b-dj_adpt
cdc_nutrition_physical_activity_and_obesity_legislation_a.pq,1.0,0.09090909090909091,1.0,0.09090909090909091,1.0,1.0,0.09090909090909091,0.2,0.09090909090909091,1.0,0.45454545454545453,1.0,1.0,0.09090909090909091,0.1,0.09090909090909091,1.0,0.9090909090909091,1.0,1.0,0.09090909090909091,0.06666666666666667,0.09090909090909091,0.7333333333333333,1.0,1.0,1.0,0.09090909090909091,0.05,0.09090909090909091,0.55,1.0,1.0,1.0,0.09090909090909091,0.04,0.09090909090909091,0.44,1.0,1.0,1.0,0.09090909090909091,0.03333333333333333,0.09090909090909091,0.36666666666666664,1.0,1.0,1.0,0.09090909090909091,0.08571428571428572,0.2727272727272727,0.3142857142857143,1.0,1.0,1.0,0.1040488922841864,0.2,0.7272727272727273,0.275,1.0,1.0,1.0,0.17528781615468922,0.24444444444444444,1.0,0.24444444444444444,1.0,1.0,1.0,0.24014430585519483,0.22,1.0,0.22,1.0,1.0,1.0,0.24014430585519483,gte_base-dj_adpt,3,webtable-la2m-v=12-distilroberta-dj_adpt~qwen3_8b-dj_adpt
wholesale_markets_a.pq,1.0,0.09090909090909091,1.0,0.09090909090909091,1.0,1.0,0.09090909090909091,0.2,0.09090909090909091,1.0,0.45454545454545453,1.0,1.0,0.09090909090909091,0.1,0.09090909090909091,1.0,0.9090909090909091,1.0,1.0,0.09090909090909091,0.06666666666666667,0.09090909090909091,0.7333333333333333,1.0,1.0,1.0,0.09090909090909091,0.05,0.09090909090909091,0.55,1.0,1.0,1.0,0.09090909090909091,0.04,0.09090909090909091,0.44,1.0,1.0,1.0,0.09090909090909091,0.1,0.2727272727272727,0.36666666666666664,1.0,1.0,1.0,0.10626959247648902,0.22857142857142856,0.7272727272727273,0.3142857142857143,1.0,1.0,1.0,0.18822906714878931,0.275,1.0,0.275,1.0,1.0,1.0,0.2618421539197708,0.24444444444444444,1.0,0.24444444444444444,1.0,1.0,1.0,0.2618421539197708,0.22,1.0,0.22,1.0,1.0,1.0,0.2618421539197708,gte_base-dj_adpt,3,webtable-la2m-v=12-distilroberta-dj_adpt~qwen3_8b-dj_adpt
minister_meetings_a.pq,1.0,0.1,1.0,0.1,1.0,1.0,0.1,0.6,0.3,1.0,0.5,1.0,1.0,0.3,0.5,0.5,1.0,1.0,1.0,1.0,0.3944444444444445,0.4666666666666667,0.7,0.6666666666666666,1.0,1.0,1.0,0.5073232323232324,0.35,0.7,0.5,1.0,1.0,1.0,0.5073232323232324,0.28,0.7,0.4,1.0,1.0,1.0,0.5073232323232324,0.26666666666666666,0.8,0.3333333333333333,1.0,1.0,1.0,0.5380924630924631,0.22857142857142856,0.8,0.2857142857142857,1.0,1.0,1.0,0.5380924630924631,0.2,0.8,0.25,1.0,1.0,1.0,0.5380924630924631,0.17777777777777778,0.8,0.2222222222222222,1.0,1.0,1.0,0.5380924630924631,0.18,0.9,0.2,1.0,1.0,1.0,0.5572413992626759,gte_base-dj_adpt,3,webtable-la2m-v=12-distilroberta-dj_adpt~qwen3_8b-dj_adpt
lane_description_b.pq,1.0,0.0625,1.0,0.0625,1.0,1.0,0.0625,0.8,0.25,1.0,0.3125,1.0,1.0,0.221875,0.9,0.5625,1.0,0.625,1.0,1.0,0.49402281746031745,0.9333333333333333,0.875,1.0,0.9375,1.0,1.0,0.7821940212565213,0.8,1.0,0.8,1.0,1.0,1.0,0.899611300668286,0.64,1.0,0.64,1.0,1.0,1.0,0.899611300668286,0.5333333333333333,1.0,0.5333333333333333,1.0,1.0,1.0,0.899611300668286,0.45714285714285713,1.0,0.45714285714285713,1.0,1.0,1.0,0.899611300668286,0.4,1.0,0.4,1.0,1.0,1.0,0.899611300668286,0.35555555555555557,1.0,0.35555555555555557,1.0,1.0,1.0,0.899611300668286,0.32,1.0,0.32,1.0,1.0,1.0,0.899611300668286,gte_base-dj_adpt,3,webtable-la2m-v=12-distilroberta-dj_adpt~qwen3_8b-dj_adpt
mines_a.pq,1.0,0.07142857142857142,1.0,0.07142857142857142,1.0,1.0,0.07142857142857142,1.0,0.35714285714285715,1.0,0.35714285714285715,1.0,1.0,0.35714285714285715,0.9,0.6428571428571429,1.0,0.7142857142857143,1.0,1.0,0.6277777777777779,0.6,0.6428571428571429,0.9333333333333333,1.0,1.0,1.0,0.6277777777777779,0.45,0.6428571428571429,0.7,1.0,1.0,1.0,0.6277777777777779,0.36,0.6428571428571429,0.56,1.0,1.0,1.0,0.6277777777777779,0.3,0.6428571428571429,0.4666666666666667,1.0,1.0,1.0,0.6277777777777779,0.2571428571428571,0.6428571428571429,0.4,1.0,1.0,1.0,0.6277777777777779,0.225,0.6428571428571429,0.35,1.0,1.0,1.0,0.6277777777777779,0.2,0.6428571428571429,0.3111111111111111,1.0,1.0,1.0,0.6277777777777779,0.22,0.7857142857142857,0.28,1.0,1.0,1.0,0.6593407135110773,gte_base-dj_adpt,3,webtable-la2m-v=12-distilroberta-dj_adpt~qwen3_8b-dj_adpt
ydn_spending_data_a.pq,1.0,0.08333333333333333,1.0,0.08333333333333333,1.0,1.0,0.08333333333333333,0.2,0.08333333333333333,1.0,0.4166666666666667,1.0,1.0,0.08333333333333333,0.6,0.5,1.0,0.8333333333333334,1.0,1.0,0.28478835978835976,0.5333333333333333,0.6666666666666666,0.8,1.0,1.0,1.0,0.3891007141007141,0.5,0.8333333333333334,0.6,1.0,1.0,1.0,0.4746270298901878,0.4,0.8333333333333334,0.48,1.0,1.0,1.0,0.4746270298901878,0.3333333333333333,0.8333333333333334,0.4,1.0,1.0,1.0,0.4746270298901878,0.2857142857142857,0.8333333333333334,0.34285714285714286,1.0,1.0,1.0,0.4746270298901878,0.25,0.8333333333333334,0.3,1.0,1.0,1.0,0.4746270298901878,0.2222222222222222,0.8333333333333334,0.26666666666666666,1.0,1.0,1.0,0.4746270298901878,0.22,0.9166666666666666,0.24,1.0,1.0,1.0,0.4929603632235211,gte_base-dj_adpt,3,webtable-la2m-v=12-distilroberta-dj_adpt~qwen3_8b-dj_adpt
practice_reference_a.pq,1.0,0.06666666666666667,1.0,0.06666666666666667,1.0,1.0,0.06666666666666667,1.0,0.3333333333333333,1.0,0.3333333333333333,1.0,1.0,0.3333333333333333,1.0,0.6666666666666666,1.0,0.6666666666666666,1.0,1.0,0.6666666666666666,1.0,1.0,1.0,1.0,1.0,1.0,1.0,0.75,1.0,0.75,1.0,1.0,1.0,1.0,0.6,1.0,0.6,1.0,1.0,1.0,1.0,0.5,1.0,0.5,1.0,1.0,1.0,1.0,0.42857142857142855,1.0,0.42857142857142855,1.0,1.0,1.0,1.0,0.375,1.0,0.375,1.0,1.0,1.0,1.0,0.3333333333333333,1.0,0.3333333333333333,1.0,1.0,1.0,1.0,0.3,1.0,0.3,1.0,1.0,1.0,1.0,gte_base-dj_adpt,3,webtable-la2m-v=12-distilroberta-dj_adpt~qwen3_8b-dj_adpt
prescribing_a.pq,1.0,0.06666666666666667,1.0,0.06666666666666667,1.0,1.0,0.06666666666666667,1.0,0.3333333333333333,1.0,0.3333333333333333,1.0,1.0,0.3333333333333333,1.0,0.6666666666666666,1.0,0.6666666666666666,1.0,1.0,0.6666666666666666,0.8,0.8,1.0,1.0,1.0,1.0,0.7723809523809524,0.75,1.0,0.75,1.0,1.0,1.0,0.9370051353874883,0.6,1.0,0.6,1.0,1.0,1.0,0.9370051353874883,0.5,1.0,0.5,1.0,1.0,1.0,0.9370051353874883,0.42857142857142855,1.0,0.42857142857142855,1.0,1.0,1.0,0.9370051353874883,0.375,1.0,0.375,1.0,1.0,1.0,0.9370051353874883,0.3333333333333333,1.0,0.3333333333333333,1.0,1.0,1.0,0.9370051353874883,0.3,1.0,0.3,1.0,1.0,1.0,0.9370051353874883,gte_base-dj_adpt,3,webtable-la2m-v=12-distilroberta-dj_adpt~qwen3_8b-dj_adpt
albums_b.pq,1.0,0.0625,1.0,0.0625,1.0,1.0,0.0625,1.0,0.3125,1.0,0.3125,1.0,1.0,0.3125,1.0,0.625,1.0,0.625,1.0,1.0,0.625,0.9333333333333333,0.875,1.0,0.9375,1.0,1.0,0.875,0.7,0.875,0.8,1.0,1.0,1.0,0.875,0.56,0.875,0.64,1.0,1.0,1.0,0.875,0.5,0.9375,0.5333333333333333,1.0,1.0,1.0,0.90625,0.42857142857142855,0.9375,0.45714285714285713,1.0,1.0,1.0,0.90625,0.375,0.9375,0.4,1.0,1.0,1.0,0.90625,0.3333333333333333,0.9375,0.35555555555555557,1.0,1.0,1.0,0.90625,0.3,0.9375,0.32,1.0,1.0,1.0,0.90625,gte_base-dj_adpt,3,webtable-la2m-v=12-distilroberta-dj_adpt~qwen3_8b-dj_adpt
prescribing_b.pq,1.0,0.06666666666666667,1.0,0.06666666666666667,1.0,1.0,0.06666666666666667,1.0,0.3333333333333333,1.0,0.3333333333333333,1.0,1.0,0.3333333333333333,0.7,0.4666666666666667,1.0,0.6666666666666666,1.0,1.0,0.4666666666666667,0.8,0.8,1.0,1.0,1.0,1.0,0.7221478521478522,0.7,0.9333333333333333,0.75,1.0,1.0,1.0,0.8312164795988326,0.6,1.0,0.6,1.0,1.0,1.0,0.8788355272178802,0.5,1.0,0.5,1.0,1.0,1.0,0.8788355272178802,0.42857142857142855,1.0,0.42857142857142855,1.0,1.0,1.0,0.8788355272178802,0.375,1.0,0.375,1.0,1.0,1.0,0.8788355272178802,0.3333333333333333,1.0,0.3333333333333333,1.0,1.0,1.0,0.8788355272178802,0.3,1.0,0.3,1.0,1.0,1.0,0.8788355272178802,gte_base-dj_adpt,3,webtable-la2m-v=12-distilroberta-dj_adpt~qwen3_8b-dj_adpt
data_mill_a.pq,1.0,0.07142857142857142,1.0,0.07142857142857142,1.0,1.0,0.07142857142857142,0.6,0.21428571428571427,1.0,0.35714285714285715,1.0,1.0,0.19642857142857142,0.4,0.2857142857142857,1.0,0.7142857142857143,1.0,1.0,0.24404761904761904,0.4,0.42857142857142855,0.9333333333333333,1.0,1.0,1.0,0.30677655677655674,0.4,0.5714285714285714,0.7,1.0,1.0,1.0,0.36977258852258854,0.32,0.5714285714285714,0.56,1.0,1.0,1.0,0.36977258852258854,0.26666666666666666,0.5714285714285714,0.4666666666666667,1.0,1.0,1.0,0.36977258852258854,0.2571428571428571,0.6428571428571429,0.4,1.0,1.0,1.0,0.38813993546136405,0.225,0.6428571428571429,0.35,1.0,1.0,1.0,0.38813993546136405,0.24444444444444444,0.7857142857142857,0.3111111111111111,1.0,1.0,1.0,0.42426902124201776,0.24,0.8571428571428571,0.28,1.0,1.0,1.0,0.4414118783848749,gte_base-dj_adpt,3,webtable-la2m-v=12-distilroberta-dj_adpt~qwen3_8b-dj_adpt
deaths_2012_2018_a.pq,1.0,0.09090909090909091,1.0,0.09090909090909091,1.0,1.0,0.09090909090909091,1.0,0.45454545454545453,1.0,0.45454545454545453,1.0,1.0,0.45454545454545453,0.6,0.5454545454545454,1.0,0.9090909090909091,1.0,1.0,0.5454545454545454,0.5333333333333333,0.7272727272727273,0.7333333333333333,1.0,1.0,1.0,0.6393939393939394,0.55,1.0,0.55,1.0,1.0,1.0,0.7995617944147355,0.44,1.0,0.44,1.0,1.0,1.0,0.7995617944147355,0.36666666666666664,1.0,0.36666666666666664,1.0,1.0,1.0,0.7995617944147355,0.3142857142857143,1.0,0.3142857142857143,1.0,1.0,1.0,0.7995617944147355,0.275,1.0,0.275,1.0,1.0,1.0,0.7995617944147355,0.24444444444444444,1.0,0.24444444444444444,1.0,1.0,1.0,0.7995617944147355,0.22,1.0,0.22,1.0,1.0,1.0,0.7995617944147355,gte_base-dj_adpt,3,webtable-la2m-v=12-distilroberta-dj_adpt~qwen3_8b-dj_adpt
data_mill_a.pq,1.0,0.07142857142857142,1.0,0.07142857142857142,1.0,1.0,0.07142857142857142,1.0,0.35714285714285715,1.0,0.35714285714285715,1.0,1.0,0.35714285714285715,0.9,0.6428571428571429,1.0,0.7142857142857143,1.0,1.0,0.6428571428571429,0.6,0.6428571428571429,0.9333333333333333,1.0,1.0,1.0,0.6428571428571429,0.45,0.6428571428571429,0.7,1.0,1.0,1.0,0.6428571428571429,0.36,0.6428571428571429,0.56,1.0,1.0,1.0,0.6428571428571429,0.36666666666666664,0.7857142857142857,0.4666666666666667,1.0,1.0,1.0,0.6936781609195403,0.3142857142857143,0.7857142857142857,0.4,1.0,1.0,1.0,0.6936781609195403,0.275,0.7857142857142857,0.35,1.0,1.0,1.0,0.6936781609195403,0.26666666666666666,0.8571428571428571,0.3111111111111111,1.0,1.0,1.0,0.7136117157368159,0.26,0.9285714285714286,0.28,1.0,1.0,1.0,0.7329569538320541,gtr_t5-dj_adpt,4,webtable-la2m-v=12-distilroberta-dj_adpt~qwen3_8b-dj_adpt
job_pay_scales_a.pq,1.0,0.06666666666666667,1.0,0.06666666666666667,1.0,1.0,0.06666666666666667,1.0,0.3333333333333333,1.0,0.3333333333333333,1.0,1.0,0.3333333333333333,0.7,0.4666666666666667,1.0,0.6666666666666666,1.0,1.0,0.44666666666666666,0.5333333333333333,0.5333333333333333,1.0,1.0,1.0,1.0,0.4951515151515152,0.45,0.6,0.75,1.0,1.0,1.0,0.5326515151515152,0.36,0.6,0.6,1.0,1.0,1.0,0.5326515151515152,0.3,0.6,0.5,1.0,1.0,1.0,0.5326515151515152,0.2571428571428571,0.6,0.42857142857142855,1.0,1.0,1.0,0.5326515151515152,0.275,0.7333333333333333,0.375,1.0,1.0,1.0,0.5685287081339713,0.24444444444444444,0.7333333333333333,0.3333333333333333,1.0,1.0,1.0,0.5685287081339713,0.22,0.7333333333333333,0.3,1.0,1.0,1.0,0.5685287081339713,gtr_t5-dj_adpt,4,webtable-la2m-v=12-distilroberta-dj_adpt~qwen3_8b-dj_adpt
senior_officials_expenses_a.pq,1.0,0.09090909090909091,1.0,0.09090909090909091,1.0,1.0,0.09090909090909091,1.0,0.45454545454545453,1.0,0.45454545454545453,1.0,1.0,0.45454545454545453,0.8,0.7272727272727273,1.0,0.9090909090909091,1.0,1.0,0.7272727272727273,0.5333333333333333,0.7272727272727273,0.7333333333333333,1.0,1.0,1.0,0.7272727272727273,0.45,0.8181818181818182,0.55,1.0,1.0,1.0,0.7784090909090909,0.36,0.8181818181818182,0.44,1.0,1.0,1.0,0.7784090909090909,0.3,0.8181818181818182,0.36666666666666664,1.0,1.0,1.0,0.7784090909090909,0.2571428571428571,0.8181818181818182,0.3142857142857143,1.0,1.0,1.0,0.7784090909090909,0.225,0.8181818181818182,0.275,1.0,1.0,1.0,0.7784090909090909,0.2,0.8181818181818182,0.24444444444444444,1.0,1.0,1.0,0.7784090909090909,0.18,0.8181818181818182,0.22,1.0,1.0,1.0,0.7784090909090909,gtr_t5-dj_adpt,4,webtable-la2m-v=12-distilroberta-dj_adpt~qwen3_8b-dj_adpt
cdc_nutrition_physical_activity_and_obesity_legislation_a.pq,1.0,0.09090909090909091,1.0,0.09090909090909091,1.0,1.0,0.09090909090909091,0.2,0.09090909090909091,1.0,0.45454545454545453,1.0,1.0,0.09090909090909091,0.1,0.09090909090909091,1.0,0.9090909090909091,1.0,1.0,0.09090909090909091,0.06666666666666667,0.09090909090909091,0.7333333333333333,1.0,1.0,1.0,0.09090909090909091,0.05,0.09090909090909091,0.55,1.0,1.0,1.0,0.09090909090909091,0.04,0.09090909090909091,0.44,1.0,1.0,1.0,0.09090909090909091,0.03333333333333333,0.09090909090909091,0.36666666666666664,1.0,1.0,1.0,0.09090909090909091,0.02857142857142857,0.09090909090909091,0.3142857142857143,1.0,1.0,1.0,0.09090909090909091,0.025,0.09090909090909091,0.275,1.0,1.0,1.0,0.09090909090909091,0.022222222222222223,0.09090909090909091,0.24444444444444444,1.0,1.0,1.0,0.09090909090909091,0.02,0.09090909090909091,0.22,1.0,1.0,1.0,0.09090909090909091,gtr_t5-dj_adpt,4,webtable-la2m-v=12-distilroberta-dj_adpt~qwen3_8b-dj_adpt
abandoned_wells_a.pq,1.0,0.09090909090909091,1.0,0.09090909090909091,1.0,1.0,0.09090909090909091,1.0,0.45454545454545453,1.0,0.45454545454545453,1.0,1.0,0.45454545454545453,1.0,0.9090909090909091,1.0,0.9090909090909091,1.0,1.0,0.9090909090909091,0.6666666666666666,0.9090909090909091,0.7333333333333333,1.0,1.0,1.0,0.9090909090909091,0.55,1.0,0.55,1.0,1.0,1.0,0.9679144385026738,0.44,1.0,0.44,1.0,1.0,1.0,0.9679144385026738,0.36666666666666664,1.0,0.36666666666666664,1.0,1.0,1.0,0.9679144385026738,0.3142857142857143,1.0,0.3142857142857143,1.0,1.0,1.0,0.9679144385026738,0.275,1.0,0.275,1.0,1.0,1.0,0.9679144385026738,0.24444444444444444,1.0,0.24444444444444444,1.0,1.0,1.0,0.9679144385026738,0.22,1.0,0.22,1.0,1.0,1.0,0.9679144385026738,gtr_t5-dj_adpt,4,webtable-la2m-v=12-distilroberta-dj_adpt~qwen3_8b-dj_adpt
contributors_parties_a.pq,1.0,0.047619047619047616,1.0,0.047619047619047616,1.0,1.0,0.047619047619047616,1.0,0.23809523809523808,1.0,0.23809523809523808,1.0,1.0,0.23809523809523808,1.0,0.47619047619047616,1.0,0.47619047619047616,1.0,1.0,0.47619047619047616,1.0,0.7142857142857143,1.0,0.7142857142857143,1.0,1.0,0.7142857142857143,1.0,0.9523809523809523,1.0,0.9523809523809523,1.0,1.0,0.9523809523809523,0.84,1.0,0.84,1.0,1.0,1.0,0.9958592132505176,0.7,1.0,0.7,1.0,1.0,1.0,0.9958592132505176,0.6,1.0,0.6,1.0,1.0,1.0,0.9958592132505176,0.525,1.0,0.525,1.0,1.0,1.0,0.9958592132505176,0.4666666666666667,1.0,0.4666666666666667,1.0,1.0,1.0,0.9958592132505176,0.42,1.0,0.42,1.0,1.0,1.0,0.9958592132505176,gtr_t5-dj_adpt,4,webtable-la2m-v=12-distilroberta-dj_adpt~qwen3_8b-dj_adpt
data_mill_b.pq,1.0,0.07142857142857142,1.0,0.07142857142857142,1.0,1.0,0.07142857142857142,1.0,0.35714285714285715,1.0,0.35714285714285715,1.0,1.0,0.35714285714285715,0.6,0.42857142857142855,1.0,0.7142857142857143,1.0,1.0,0.42857142857142855,0.4,0.42857142857142855,0.9333333333333333,1.0,1.0,1.0,0.42857142857142855,0.3,0.42857142857142855,0.7,1.0,1.0,1.0,0.42857142857142855,0.24,0.42857142857142855,0.56,1.0,1.0,1.0,0.42857142857142855,0.26666666666666666,0.5714285714285714,0.4666666666666667,1.0,1.0,1.0,0.4661330049261084,0.2857142857142857,0.7142857142857143,0.4,1.0,1.0,1.0,0.5085153537600701,0.25,0.7142857142857143,0.35,1.0,1.0,1.0,0.5085153537600701,0.24444444444444444,0.7857142857142857,0.3111111111111111,1.0,1.0,1.0,0.5276791168262722,0.24,0.8571428571428571,0.28,1.0,1.0,1.0,0.546312657198943,gtr_t5-dj_adpt,4,webtable-la2m-v=12-distilroberta-dj_adpt~qwen3_8b-dj_adpt
complaint_by_practice_a.pq,1.0,0.07692307692307693,1.0,0.07692307692307693,1.0,1.0,0.07692307692307693,0.8,0.3076923076923077,1.0,0.38461538461538464,1.0,1.0,0.3076923076923077,0.4,0.3076923076923077,1.0,0.7692307692307693,1.0,1.0,0.3076923076923077,0.26666666666666666,0.3076923076923077,0.8666666666666667,1.0,1.0,1.0,0.3076923076923077,0.2,0.3076923076923077,0.65,1.0,1.0,1.0,0.3076923076923077,0.16,0.3076923076923077,0.52,1.0,1.0,1.0,0.3076923076923077,0.13333333333333333,0.3076923076923077,0.43333333333333335,1.0,1.0,1.0,0.3076923076923077,0.11428571428571428,0.3076923076923077,0.37142857142857144,1.0,1.0,1.0,0.3076923076923077,0.1,0.3076923076923077,0.325,1.0,1.0,1.0,0.3076923076923077,0.08888888888888889,0.3076923076923077,0.28888888888888886,1.0,1.0,1.0,0.3076923076923077,0.08,0.3076923076923077,0.26,1.0,1.0,1.0,0.3076923076923077,gtr_t5-dj_adpt,4,webtable-la2m-v=12-distilroberta-dj_adpt~qwen3_8b-dj_adpt
deaths_2012_2018_a.pq,1.0,0.09090909090909091,1.0,0.09090909090909091,1.0,1.0,0.09090909090909091,0.8,0.36363636363636365,1.0,0.45454545454545453,1.0,1.0,0.36363636363636365,0.5,0.45454545454545453,1.0,0.9090909090909091,1.0,1.0,0.4090909090909091,0.4666666666666667,0.6363636363636364,0.7333333333333333,1.0,1.0,1.0,0.5076287349014622,0.35,0.6363636363636364,0.55,1.0,1.0,1.0,0.5076287349014622,0.32,0.7272727272727273,0.44,1.0,1.0,1.0,0.5406865861411316,0.3,0.8181818181818182,0.36666666666666664,1.0,1.0,1.0,0.5699073653619108,0.2571428571428571,0.8181818181818182,0.3142857142857143,1.0,1.0,1.0,0.5699073653619108,0.225,0.8181818181818182,0.275,1.0,1.0,1.0,0.5699073653619108,0.2,0.8181818181818182,0.24444444444444444,1.0,1.0,1.0,0.5699073653619108,0.18,0.8181818181818182,0.22,1.0,1.0,1.0,0.5699073653619108,gtr_t5-dj_adpt,4,webtable-la2m-v=12-distilroberta-dj_adpt~qwen3_8b-dj_adpt
ipopayments_a.pq,1.0,0.06666666666666667,1.0,0.06666666666666667,1.0,1.0,0.06666666666666667,0.8,0.26666666666666666,1.0,0.3333333333333333,1.0,1.0,0.26666666666666666,0.7,0.4666666666666667,1.0,0.6666666666666666,1.0,1.0,0.40539682539682537,0.7333333333333333,0.7333333333333333,1.0,1.0,1.0,1.0,0.5925030525030526,0.7,0.9333333333333333,0.75,1.0,1.0,1.0,0.7397740076687445,0.6,1.0,0.6,1.0,1.0,1.0,0.7873930552877921,0.5,1.0,0.5,1.0,1.0,1.0,0.7873930552877921,0.42857142857142855,1.0,0.42857142857142855,1.0,1.0,1.0,0.7873930552877921,0.375,1.0,0.375,1.0,1.0,1.0,0.7873930552877921,0.3333333333333333,1.0,0.3333333333333333,1.0,1.0,1.0,0.7873930552877921,0.3,1.0,0.3,1.0,1.0,1.0,0.7873930552877921,gtr_t5-dj_adpt,4,webtable-la2m-v=12-distilroberta-dj_adpt~qwen3_8b-dj_adpt
prescribing_b.pq,1.0,0.06666666666666667,1.0,0.06666666666666667,1.0,1.0,0.06666666666666667,1.0,0.3333333333333333,1.0,0.3333333333333333,1.0,1.0,0.3333333333333333,0.9,0.6,1.0,0.6666666666666666,1.0,1.0,0.6,0.6666666666666666,0.6666666666666666,1.0,1.0,1.0,1.0,0.6555555555555556,0.75,1.0,0.75,1.0,1.0,1.0,0.8957186675839927,0.6,1.0,0.6,1.0,1.0,1.0,0.8957186675839927,0.5,1.0,0.5,1.0,1.0,1.0,0.8957186675839927,0.42857142857142855,1.0,0.42857142857142855,1.0,1.0,1.0,0.8957186675839927,0.375,1.0,0.375,1.0,1.0,1.0,0.8957186675839927,0.3333333333333333,1.0,0.3333333333333333,1.0,1.0,1.0,0.8957186675839927,0.3,1.0,0.3,1.0,1.0,1.0,0.8957186675839927,gtr_t5-dj_adpt,4,webtable-la2m-v=12-distilroberta-dj_adpt~qwen3_8b-dj_adpt
psyckes_antipsychotic_polypharmacy_quality_indicators_beginning_2012_a.pq,1.0,0.09090909090909091,1.0,0.09090909090909091,1.0,1.0,0.09090909090909091,0.8,0.36363636363636365,1.0,0.45454545454545453,1.0,1.0,0.2924242424242424,0.9,0.8181818181818182,1.0,0.9090909090909091,1.0,1.0,0.6882756132756133,0.7333333333333333,1.0,0.7333333333333333,1.0,1.0,1.0,0.8542535747081202,0.55,1.0,0.55,1.0,1.0,1.0,0.8542535747081202,0.44,1.0,0.44,1.0,1.0,1.0,0.8542535747081202,0.36666666666666664,1.0,0.36666666666666664,1.0,1.0,1.0,0.8542535747081202,0.3142857142857143,1.0,0.3142857142857143,1.0,1.0,1.0,0.8542535747081202,0.275,1.0,0.275,1.0,1.0,1.0,0.8542535747081202,0.24444444444444444,1.0,0.24444444444444444,1.0,1.0,1.0,0.8542535747081202,0.22,1.0,0.22,1.0,1.0,1.0,0.8542535747081202,gtr_t5-dj_adpt,4,webtable-la2m-v=12-distilroberta-dj_adpt~qwen3_8b-dj_adpt
report_card_discipline_for_2015_16_a.pq,1.0,0.09090909090909091,1.0,0.09090909090909091,1.0,1.0,0.09090909090909091,0.2,0.09090909090909091,1.0,0.45454545454545453,1.0,1.0,0.09090909090909091,0.1,0.09090909090909091,1.0,0.9090909090909091,1.0,1.0,0.09090909090909091,0.06666666666666667,0.09090909090909091,0.7333333333333333,1.0,1.0,1.0,0.09090909090909091,0.05,0.09090909090909091,0.55,1.0,1.0,1.0,0.09090909090909091,0.04,0.09090909090909091,0.44,1.0,1.0,1.0,0.09090909090909091,0.03333333333333333,0.09090909090909091,0.36666666666666664,1.0,1.0,1.0,0.09090909090909091,0.02857142857142857,0.09090909090909091,0.3142857142857143,1.0,1.0,1.0,0.09090909090909091,0.025,0.09090909090909091,0.275,1.0,1.0,1.0,0.09090909090909091,0.022222222222222223,0.09090909090909091,0.24444444444444444,1.0,1.0,1.0,0.09090909090909091,0.02,0.09090909090909091,0.22,1.0,1.0,1.0,0.09090909090909091,gtr_t5-dj_adpt,4,webtable-la2m-v=12-distilroberta-dj_adpt~qwen3_8b-dj_adpt
mines_b.pq,1.0,0.07142857142857142,1.0,0.07142857142857142,1.0,1.0,0.07142857142857142,0.4,0.14285714285714285,1.0,0.35714285714285715,1.0,1.0,0.14285714285714285,0.3,0.21428571428571427,1.0,0.7142857142857143,1.0,1.0,0.17346938775510204,0.2,0.21428571428571427,0.9333333333333333,1.0,1.0,1.0,0.17346938775510204,0.15,0.21428571428571427,0.7,1.0,1.0,1.0,0.17346938775510204,0.16,0.2857142857142857,0.56,1.0,1.0,1.0,0.1870748299319728,0.13333333333333333,0.2857142857142857,0.4666666666666667,1.0,1.0,1.0,0.1870748299319728,0.14285714285714285,0.35714285714285715,0.4,1.0,1.0,1.0,0.1978973407544836,0.125,0.35714285714285715,0.35,1.0,1.0,1.0,0.1978973407544836,0.1111111111111111,0.35714285714285715,0.3111111111111111,1.0,1.0,1.0,0.1978973407544836,0.1,0.35714285714285715,0.28,1.0,1.0,1.0,0.1978973407544836,gtr_t5-dj_adpt,4,webtable-la2m-v=12-distilroberta-dj_adpt~qwen3_8b-dj_adpt
time_spent_watching_vcr_movies_a.pq,1.0,0.09090909090909091,1.0,0.09090909090909091,1.0,1.0,0.09090909090909091,0.2,0.09090909090909091,1.0,0.45454545454545453,1.0,1.0,0.09090909090909091,0.4,0.36363636363636365,1.0,0.9090909090909091,1.0,1.0,0.1803030303030303,0.26666666666666666,0.36363636363636365,0.7333333333333333,1.0,1.0,1.0,0.1803030303030303,0.2,0.36363636363636365,0.55,1.0,1.0,1.0,0.1803030303030303,0.16,0.36363636363636365,0.44,1.0,1.0,1.0,0.1803030303030303,0.13333333333333333,0.36363636363636365,0.36666666666666664,1.0,1.0,1.0,0.1803030303030303,0.11428571428571428,0.36363636363636365,0.3142857142857143,1.0,1.0,1.0,0.1803030303030303,0.1,0.36363636363636365,0.275,1.0,1.0,1.0,0.1803030303030303,0.08888888888888889,0.36363636363636365,0.24444444444444444,1.0,1.0,1.0,0.1803030303030303,0.08,0.36363636363636365,0.22,1.0,1.0,1.0,0.1803030303030303,gtr_t5-dj_adpt,4,webtable-la2m-v=12-distilroberta-dj_adpt~qwen3_8b-dj_adpt
cihr_co-applicant_b.pq,1.0,0.08333333333333333,1.0,0.08333333333333333,1.0,1.0,0.08333333333333333,0.2,0.08333333333333333,1.0,0.4166666666666667,1.0,1.0,0.08333333333333333,0.5,0.4166666666666667,1.0,0.8333333333333334,1.0,1.0,0.21709656084656084,0.6666666666666666,0.8333333333333334,0.8,1.0,1.0,1.0,0.4715712528212528,0.6,1.0,0.6,1.0,1.0,1.0,0.5876864488996841,0.48,1.0,0.48,1.0,1.0,1.0,0.5876864488996841,0.4,1.0,0.4,1.0,1.0,1.0,0.5876864488996841,0.34285714285714286,1.0,0.34285714285714286,1.0,1.0,1.0,0.5876864488996841,0.3,1.0,0.3,1.0,1.0,1.0,0.5876864488996841,0.26666666666666666,1.0,0.26666666666666666,1.0,1.0,1.0,0.5876864488996841,0.24,1.0,0.24,1.0,1.0,1.0,0.5876864488996841,gtr_t5-dj_adpt,4,webtable-la2m-v=12-distilroberta-dj_adpt~qwen3_8b-dj_adpt
immigration_records_a.pq,1.0,0.0625,1.0,0.0625,1.0,1.0,0.0625,0.2,0.0625,1.0,0.3125,1.0,1.0,0.0625,0.5,0.3125,1.0,0.625,1.0,1.0,0.16282242063492064,0.6,0.5625,1.0,0.9375,1.0,1.0,0.31201177294927296,0.45,0.5625,0.8,1.0,1.0,1.0,0.31201177294927296,0.36,0.5625,0.64,1.0,1.0,1.0,0.31201177294927296,0.36666666666666664,0.6875,0.5333333333333333,1.0,1.0,1.0,0.35804009807242565,0.3142857142857143,0.6875,0.45714285714285713,1.0,1.0,1.0,0.35804009807242565,0.275,0.6875,0.4,1.0,1.0,1.0,0.35804009807242565,0.24444444444444444,0.6875,0.35555555555555557,1.0,1.0,1.0,0.35804009807242565,0.22,0.6875,0.32,1.0,1.0,1.0,0.35804009807242565,gtr_t5-dj_adpt,4,webtable-la2m-v=12-distilroberta-dj_adpt~qwen3_8b-dj_adpt
tuition_assistance_program_tap_recipients_a.pq,1.0,0.09090909090909091,1.0,0.09090909090909091,1.0,1.0,0.09090909090909091,0.2,0.09090909090909091,1.0,0.45454545454545453,1.0,1.0,0.09090909090909091,0.1,0.09090909090909091,1.0,0.9090909090909091,1.0,1.0,0.09090909090909091,0.06666666666666667,0.09090909090909091,0.7333333333333333,1.0,1.0,1.0,0.09090909090909091,0.2,0.36363636363636365,0.55,1.0,1.0,1.0,0.13354598617756513,0.36,0.8181818181818182,0.44,1.0,1.0,1.0,0.2706826834723652,0.36666666666666664,1.0,0.36666666666666664,1.0,1.0,1.0,0.3426847554744372,0.3142857142857143,1.0,0.3142857142857143,1.0,1.0,1.0,0.3426847554744372,0.275,1.0,0.275,1.0,1.0,1.0,0.3426847554744372,0.24444444444444444,1.0,0.24444444444444444,1.0,1.0,1.0,0.3426847554744372,0.22,1.0,0.22,1.0,1.0,1.0,0.3426847554744372,gtr_t5-dj_adpt,4,webtable-la2m-v=12-distilroberta-dj_adpt~qwen3_8b-dj_adpt
complaint_by_practice_b.pq,1.0,0.07692307692307693,1.0,0.07692307692307693,1.0,1.0,0.07692307692307693,1.0,0.38461538461538464,1.0,0.38461538461538464,1.0,1.0,0.38461538461538464,1.0,0.7692307692307693,1.0,0.7692307692307693,1.0,1.0,0.7692307692307693,0.8666666666666667,1.0,0.8666666666666667,1.0,1.0,1.0,1.0,0.65,1.0,0.65,1.0,1.0,1.0,1.0,0.52,1.0,0.52,1.0,1.0,1.0,1.0,0.43333333333333335,1.0,0.43333333333333335,1.0,1.0,1.0,1.0,0.37142857142857144,1.0,0.37142857142857144,1.0,1.0,1.0,1.0,0.325,1.0,0.325,1.0,1.0,1.0,1.0,0.28888888888888886,1.0,0.28888888888888886,1.0,1.0,1.0,1.0,0.26,1.0,0.26,1.0,1.0,1.0,1.0,gtr_t5-dj_adpt,4,webtable-la2m-v=12-distilroberta-dj_adpt~qwen3_8b-dj_adpt
wholesale_markets_a.pq,1.0,0.09090909090909091,1.0,0.09090909090909091,1.0,1.0,0.09090909090909091,0.2,0.09090909090909091,1.0,0.45454545454545453,1.0,1.0,0.09090909090909091,0.1,0.09090909090909091,1.0,0.9090909090909091,1.0,1.0,0.09090909090909091,0.06666666666666667,0.09090909090909091,0.7333333333333333,1.0,1.0,1.0,0.09090909090909091,0.05,0.09090909090909091,0.55,1.0,1.0,1.0,0.09090909090909091,0.04,0.09090909090909091,0.44,1.0,1.0,1.0,0.09090909090909091,0.03333333333333333,0.09090909090909091,0.36666666666666664,1.0,1.0,1.0,0.09090909090909091,0.02857142857142857,0.09090909090909091,0.3142857142857143,1.0,1.0,1.0,0.09090909090909091,0.025,0.09090909090909091,0.275,1.0,1.0,1.0,0.09090909090909091,0.022222222222222223,0.09090909090909091,0.24444444444444444,1.0,1.0,1.0,0.09090909090909091,0.02,0.09090909090909091,0.22,1.0,1.0,1.0,0.09090909090909091,gtr_t5-dj_adpt,4,webtable-la2m-v=12-distilroberta-dj_adpt~qwen3_8b-dj_adpt
civic_building_locations_a.pq,1.0,0.08333333333333333,1.0,0.08333333333333333,1.0,1.0,0.08333333333333333,0.6,0.25,1.0,0.4166666666666667,1.0,1.0,0.21666666666666667,0.3,0.25,1.0,0.8333333333333334,1.0,1.0,0.21666666666666667,0.26666666666666666,0.3333333333333333,0.8,1.0,1.0,1.0,0.2388888888888889,0.4,0.6666666666666666,0.6,1.0,1.0,1.0,0.3618374469670909,0.36,0.75,0.48,1.0,1.0,1.0,0.39183744696709094,0.3,0.75,0.4,1.0,1.0,1.0,0.39183744696709094,0.2571428571428571,0.75,0.34285714285714286,1.0,1.0,1.0,0.39183744696709094,0.25,0.8333333333333334,0.3,1.0,1.0,1.0,0.4126707803004243,0.2222222222222222,0.8333333333333334,0.26666666666666666,1.0,1.0,1.0,0.4126707803004243,0.2,0.8333333333333334,0.24,1.0,1.0,1.0,0.4126707803004243,gtr_t5-dj_adpt,4,webtable-la2m-v=12-distilroberta-dj_adpt~qwen3_8b-dj_adpt
monthly_data_feed_b.pq,1.0,0.07692307692307693,1.0,0.07692307692307693,1.0,1.0,0.07692307692307693,0.8,0.3076923076923077,1.0,0.38461538461538464,1.0,1.0,0.3076923076923077,0.5,0.38461538461538464,1.0,0.7692307692307693,1.0,1.0,0.34615384615384615,0.6666666666666666,0.7692307692307693,0.8666666666666667,1.0,1.0,1.0,0.5810535618227927,0.65,1.0,0.65,1.0,1.0,1.0,0.7437923752969002,0.52,1.0,0.52,1.0,1.0,1.0,0.7437923752969002,0.43333333333333335,1.0,0.43333333333333335,1.0,1.0,1.0,0.7437923752969002,0.37142857142857144,1.0,0.37142857142857144,1.0,1.0,1.0,0.7437923752969002,0.325,1.0,0.325,1.0,1.0,1.0,0.7437923752969002,0.28888888888888886,1.0,0.28888888888888886,1.0,1.0,1.0,0.7437923752969002,0.26,1.0,0.26,1.0,1.0,1.0,0.7437923752969002,gtr_t5-dj_adpt,4,webtable-la2m-v=12-distilroberta-dj_adpt~qwen3_8b-dj_adpt
biodiversity_a.pq,1.0,0.09090909090909091,1.0,0.09090909090909091,1.0,1.0,0.09090909090909091,0.6,0.2727272727272727,1.0,0.45454545454545453,1.0,1.0,0.2196969696969697,0.4,0.36363636363636365,1.0,0.9090909090909091,1.0,1.0,0.2803030303030303,0.4,0.5454545454545454,0.7333333333333333,1.0,1.0,1.0,0.34913419913419913,0.35,0.6363636363636364,0.55,1.0,1.0,1.0,0.386567354214413,0.28,0.6363636363636364,0.44,1.0,1.0,1.0,0.386567354214413,0.3,0.8181818181818182,0.36666666666666664,1.0,1.0,1.0,0.44075454633263966,0.2571428571428571,0.8181818181818182,0.3142857142857143,1.0,1.0,1.0,0.44075454633263966,0.225,0.8181818181818182,0.275,1.0,1.0,1.0,0.44075454633263966,0.2,0.8181818181818182,0.24444444444444444,1.0,1.0,1.0,0.44075454633263966,0.18,0.8181818181818182,0.22,1.0,1.0,1.0,0.44075454633263966,gtr_t5-dj_adpt,4,webtable-la2m-v=12-distilroberta-dj_adpt~qwen3_8b-dj_adpt
business_rates_a.pq,1.0,0.08333333333333333,1.0,0.08333333333333333,1.0,1.0,0.08333333333333333,1.0,0.4166666666666667,1.0,0.4166666666666667,1.0,1.0,0.4166666666666667,0.6,0.5,1.0,0.8333333333333334,1.0,1.0,0.5,0.4,0.5,0.8,1.0,1.0,1.0,0.5,0.35,0.5833333333333334,0.6,1.0,1.0,1.0,0.5364583333333334,0.32,0.6666666666666666,0.48,1.0,1.0,1.0,0.5654438405797101,0.26666666666666666,0.6666666666666666,0.4,1.0,1.0,1.0,0.5654438405797101,0.3142857142857143,0.9166666666666666,0.34285714285714286,1.0,1.0,1.0,0.6410803904098084,0.3,1.0,0.3,1.0,1.0,1.0,0.6688581681875861,0.26666666666666666,1.0,0.26666666666666666,1.0,1.0,1.0,0.6688581681875861,0.24,1.0,0.24,1.0,1.0,1.0,0.6688581681875861,gtr_t5-dj_adpt,4,webtable-la2m-v=12-distilroberta-dj_adpt~qwen3_8b-dj_adpt
lane_description_b.pq,1.0,0.0625,1.0,0.0625,1.0,1.0,0.0625,1.0,0.3125,1.0,0.3125,1.0,1.0,0.3125,0.7,0.4375,1.0,0.625,1.0,1.0,0.4375,0.4666666666666667,0.4375,1.0,0.9375,1.0,1.0,0.4375,0.35,0.4375,0.8,1.0,1.0,1.0,0.4375,0.44,0.6875,0.64,1.0,1.0,1.0,0.5415516186711838,0.4666666666666667,0.875,0.5333333333333333,1.0,1.0,1.0,0.6317403651099304,0.4,0.875,0.45714285714285713,1.0,1.0,1.0,0.6317403651099304,0.35,0.875,0.4,1.0,1.0,1.0,0.6317403651099304,0.3333333333333333,0.9375,0.35555555555555557,1.0,1.0,1.0,0.6546062187684669,0.3,0.9375,0.32,1.0,1.0,1.0,0.6546062187684669,gtr_t5-dj_adpt,4,webtable-la2m-v=12-distilroberta-dj_adpt~qwen3_8b-dj_adpt
oil_and_gas_summary_production_data_1967_1999_a.pq,1.0,0.09090909090909091,1.0,0.09090909090909091,1.0,1.0,0.09090909090909091,0.8,0.36363636363636365,1.0,0.45454545454545453,1.0,1.0,0.36363636363636365,0.5,0.45454545454545453,1.0,0.9090909090909091,1.0,1.0,0.41414141414141414,0.3333333333333333,0.45454545454545453,0.7333333333333333,1.0,1.0,1.0,0.41414141414141414,0.3,0.5454545454545454,0.55,1.0,1.0,1.0,0.442849548112706,0.24,0.5454545454545454,0.44,1.0,1.0,1.0,0.442849548112706,0.2,0.5454545454545454,0.36666666666666664,1.0,1.0,1.0,0.442849548112706,0.17142857142857143,0.5454545454545454,0.3142857142857143,1.0,1.0,1.0,0.442849548112706,0.15,0.5454545454545454,0.275,1.0,1.0,1.0,0.442849548112706,0.13333333333333333,0.5454545454545454,0.24444444444444444,1.0,1.0,1.0,0.442849548112706,0.12,0.5454545454545454,0.22,1.0,1.0,1.0,0.442849548112706,gtr_t5-dj_adpt,4,webtable-la2m-v=12-distilroberta-dj_adpt~qwen3_8b-dj_adpt
practice_reference_a.pq,1.0,0.06666666666666667,1.0,0.06666666666666667,1.0,1.0,0.06666666666666667,1.0,0.3333333333333333,1.0,0.3333333333333333,1.0,1.0,0.3333333333333333,1.0,0.6666666666666666,1.0,0.6666666666666666,1.0,1.0,0.6666666666666666,1.0,1.0,1.0,1.0,1.0,1.0,1.0,0.75,1.0,0.75,1.0,1.0,1.0,1.0,0.6,1.0,0.6,1.0,1.0,1.0,1.0,0.5,1.0,0.5,1.0,1.0,1.0,1.0,0.42857142857142855,1.0,0.42857142857142855,1.0,1.0,1.0,1.0,0.375,1.0,0.375,1.0,1.0,1.0,1.0,0.3333333333333333,1.0,0.3333333333333333,1.0,1.0,1.0,1.0,0.3,1.0,0.3,1.0,1.0,1.0,1.0,gtr_t5-dj_adpt,4,webtable-la2m-v=12-distilroberta-dj_adpt~qwen3_8b-dj_adpt
monthly_data_feed_a.pq,1.0,0.07692307692307693,1.0,0.07692307692307693,1.0,1.0,0.07692307692307693,1.0,0.38461538461538464,1.0,0.38461538461538464,1.0,1.0,0.38461538461538464,0.9,0.6923076923076923,1.0,0.7692307692307693,1.0,1.0,0.6923076923076923,0.6666666666666666,0.7692307692307693,0.8666666666666667,1.0,1.0,1.0,0.7435897435897435,0.65,1.0,0.65,1.0,1.0,1.0,0.9063285570638512,0.52,1.0,0.52,1.0,1.0,1.0,0.9063285570638512,0.43333333333333335,1.0,0.43333333333333335,1.0,1.0,1.0,0.9063285570638512,0.37142857142857144,1.0,0.37142857142857144,1.0,1.0,1.0,0.9063285570638512,0.325,1.0,0.325,1.0,1.0,1.0,0.9063285570638512,0.28888888888888886,1.0,0.28888888888888886,1.0,1.0,1.0,0.9063285570638512,0.26,1.0,0.26,1.0,1.0,1.0,0.9063285570638512,gtr_t5-dj_adpt,4,webtable-la2m-v=12-distilroberta-dj_adpt~qwen3_8b-dj_adpt
minister_meetings_a.pq,1.0,0.1,1.0,0.1,1.0,1.0,0.1,0.6,0.3,1.0,0.5,1.0,1.0,0.3,0.3,0.3,1.0,1.0,1.0,1.0,0.3,0.2,0.3,0.6666666666666666,1.0,1.0,1.0,0.3,0.15,0.3,0.5,1.0,1.0,1.0,0.3,0.12,0.3,0.4,1.0,1.0,1.0,0.3,0.1,0.3,0.3333333333333333,1.0,1.0,1.0,0.3,0.08571428571428572,0.3,0.2857142857142857,1.0,1.0,1.0,0.3,0.1,0.4,0.25,1.0,1.0,1.0,0.31052631578947365,0.08888888888888889,0.4,0.2222222222222222,1.0,1.0,1.0,0.31052631578947365,0.08,0.4,0.2,1.0,1.0,1.0,0.31052631578947365,gtr_t5-dj_adpt,4,webtable-la2m-v=12-distilroberta-dj_adpt~qwen3_8b-dj_adpt
practice_reference_b.pq,1.0,0.06666666666666667,1.0,0.06666666666666667,1.0,1.0,0.06666666666666667,1.0,0.3333333333333333,1.0,0.3333333333333333,1.0,1.0,0.3333333333333333,1.0,0.6666666666666666,1.0,0.6666666666666666,1.0,1.0,0.6666666666666666,1.0,1.0,1.0,1.0,1.0,1.0,1.0,0.75,1.0,0.75,1.0,1.0,1.0,1.0,0.6,1.0,0.6,1.0,1.0,1.0,1.0,0.5,1.0,0.5,1.0,1.0,1.0,1.0,0.42857142857142855,1.0,0.42857142857142855,1.0,1.0,1.0,1.0,0.375,1.0,0.375,1.0,1.0,1.0,1.0,0.3333333333333333,1.0,0.3333333333333333,1.0,1.0,1.0,1.0,0.3,1.0,0.3,1.0,1.0,1.0,1.0,gtr_t5-dj_adpt,4,webtable-la2m-v=12-distilroberta-dj_adpt~qwen3_8b-dj_adpt
stockport_contracts_a.pq,1.0,0.07692307692307693,1.0,0.07692307692307693,1.0,1.0,0.07692307692307693,1.0,0.38461538461538464,1.0,0.38461538461538464,1.0,1.0,0.38461538461538464,0.9,0.6923076923076923,1.0,0.7692307692307693,1.0,1.0,0.6664529914529915,0.6666666666666666,0.7692307692307693,0.8666666666666667,1.0,1.0,1.0,0.7305555555555555,0.5,0.7692307692307693,0.65,1.0,1.0,1.0,0.7305555555555555,0.44,0.8461538461538461,0.52,1.0,1.0,1.0,0.7708485958485958,0.36666666666666664,0.8461538461538461,0.43333333333333335,1.0,1.0,1.0,0.7708485958485958,0.34285714285714286,0.9230769230769231,0.37142857142857144,1.0,1.0,1.0,0.7979979171155642,0.3,0.9230769230769231,0.325,1.0,1.0,1.0,0.7979979171155642,0.28888888888888886,1.0,0.28888888888888886,1.0,1.0,1.0,0.8207251898428368,0.26,1.0,0.26,1.0,1.0,1.0,0.8207251898428368,gtr_t5-dj_adpt,4,webtable-la2m-v=12-distilroberta-dj_adpt~qwen3_8b-dj_adpt
ydn_spending_data_b.pq,1.0,0.08333333333333333,1.0,0.08333333333333333,1.0,1.0,0.08333333333333333,1.0,0.4166666666666667,1.0,0.4166666666666667,1.0,1.0,0.4166666666666667,0.9,0.75,1.0,0.8333333333333334,1.0,1.0,0.7324074074074075,0.7333333333333333,0.9166666666666666,0.8,1.0,1.0,1.0,0.8786778036778037,0.55,0.9166666666666666,0.6,1.0,1.0,1.0,0.8786778036778037,0.44,0.9166666666666666,0.48,1.0,1.0,1.0,0.8786778036778037,0.36666666666666664,0.9166666666666666,0.4,1.0,1.0,1.0,0.8786778036778037,0.3142857142857143,0.9166666666666666,0.34285714285714286,1.0,1.0,1.0,0.8786778036778037,0.275,0.9166666666666666,0.3,1.0,1.0,1.0,0.8786778036778037,0.24444444444444444,0.9166666666666666,0.26666666666666666,1.0,1.0,1.0,0.8786778036778037,0.22,0.9166666666666666,0.24,1.0,1.0,1.0,0.8786778036778037,gtr_t5-dj_adpt,4,webtable-la2m-v=12-distilroberta-dj_adpt~qwen3_8b-dj_adpt
contributors_parties_b.pq,1.0,0.047619047619047616,1.0,0.047619047619047616,1.0,1.0,0.047619047619047616,0.8,0.19047619047619047,1.0,0.23809523809523808,1.0,1.0,0.19047619047619047,0.4,0.19047619047619047,1.0,0.47619047619047616,1.0,1.0,0.19047619047619047,0.26666666666666666,0.19047619047619047,1.0,0.7142857142857143,1.0,1.0,0.19047619047619047,0.2,0.19047619047619047,1.0,0.9523809523809523,1.0,1.0,0.19047619047619047,0.16,0.19047619047619047,0.84,1.0,1.0,1.0,0.19047619047619047,0.2,0.2857142857142857,0.7,1.0,1.0,1.0,0.20821018062397373,0.2,0.3333333333333333,0.6,1.0,1.0,1.0,0.21773399014778327,0.3,0.5714285714285714,0.525,1.0,1.0,1.0,0.28014706835033515,0.26666666666666666,0.5714285714285714,0.4666666666666667,1.0,1.0,1.0,0.28014706835033515,0.24,0.5714285714285714,0.42,1.0,1.0,1.0,0.28014706835033515,gtr_t5-dj_adpt,4,webtable-la2m-v=12-distilroberta-dj_adpt~qwen3_8b-dj_adpt
prescribing_a.pq,1.0,0.06666666666666667,1.0,0.06666666666666667,1.0,1.0,0.06666666666666667,1.0,0.3333333333333333,1.0,0.3333333333333333,1.0,1.0,0.3333333333333333,0.9,0.6,1.0,0.6666666666666666,1.0,1.0,0.6,0.6666666666666666,0.6666666666666666,1.0,1.0,1.0,1.0,0.6512820512820513,0.6,0.8,0.75,1.0,1.0,1.0,0.7298785425101215,0.6,1.0,0.6,1.0,1.0,1.0,0.8570508870737703,0.5,1.0,0.5,1.0,1.0,1.0,0.8570508870737703,0.42857142857142855,1.0,0.42857142857142855,1.0,1.0,1.0,0.8570508870737703,0.375,1.0,0.375,1.0,1.0,1.0,0.8570508870737703,0.3333333333333333,1.0,0.3333333333333333,1.0,1.0,1.0,0.8570508870737703,0.3,1.0,0.3,1.0,1.0,1.0,0.8570508870737703,gtr_t5-dj_adpt,4,webtable-la2m-v=12-distilroberta-dj_adpt~qwen3_8b-dj_adpt
stockport_contracts_b.pq,1.0,0.07692307692307693,1.0,0.07692307692307693,1.0,1.0,0.07692307692307693,1.0,0.38461538461538464,1.0,0.38461538461538464,1.0,1.0,0.38461538461538464,0.8,0.6153846153846154,1.0,0.7692307692307693,1.0,1.0,0.6,0.7333333333333333,0.8461538461538461,0.8666666666666667,1.0,1.0,1.0,0.7921283844360768,0.6,0.9230769230769231,0.65,1.0,1.0,1.0,0.843410435718128,0.52,1.0,0.52,1.0,1.0,1.0,0.8910294833371757,0.43333333333333335,1.0,0.43333333333333335,1.0,1.0,1.0,0.8910294833371757,0.37142857142857144,1.0,0.37142857142857144,1.0,1.0,1.0,0.8910294833371757,0.325,1.0,0.325,1.0,1.0,1.0,0.8910294833371757,0.28888888888888886,1.0,0.28888888888888886,1.0,1.0,1.0,0.8910294833371757,0.26,1.0,0.26,1.0,1.0,1.0,0.8910294833371757,gtr_t5-dj_adpt,4,webtable-la2m-v=12-distilroberta-dj_adpt~qwen3_8b-dj_adpt
workforce_management_information_a.pq,1.0,0.05555555555555555,1.0,0.05555555555555555,1.0,1.0,0.05555555555555555,1.0,0.2777777777777778,1.0,0.2777777777777778,1.0,1.0,0.2777777777777778,1.0,0.5555555555555556,1.0,0.5555555555555556,1.0,1.0,0.5555555555555556,0.8666666666666667,0.7222222222222222,1.0,0.8333333333333334,1.0,1.0,0.7222222222222222,0.65,0.7222222222222222,0.9,1.0,1.0,1.0,0.7222222222222222,0.52,0.7222222222222222,0.72,1.0,1.0,1.0,0.7222222222222222,0.43333333333333335,0.7222222222222222,0.6,1.0,1.0,1.0,0.7222222222222222,0.37142857142857144,0.7222222222222222,0.5142857142857142,1.0,1.0,1.0,0.7222222222222222,0.325,0.7222222222222222,0.45,1.0,1.0,1.0,0.7222222222222222,0.28888888888888886,0.7222222222222222,0.4,1.0,1.0,1.0,0.7222222222222222,0.26,0.7222222222222222,0.36,1.0,1.0,1.0,0.7222222222222222,gtr_t5-dj_adpt,4,webtable-la2m-v=12-distilroberta-dj_adpt~qwen3_8b-dj_adpt
mines_a.pq,1.0,0.07142857142857142,1.0,0.07142857142857142,1.0,1.0,0.07142857142857142,0.4,0.14285714285714285,1.0,0.35714285714285715,1.0,1.0,0.14285714285714285,0.7,0.5,1.0,0.7142857142857143,1.0,1.0,0.3616496598639456,0.6666666666666666,0.7142857142857143,0.9333333333333333,1.0,1.0,1.0,0.522114195328481,0.5,0.7142857142857143,0.7,1.0,1.0,1.0,0.522114195328481,0.4,0.7142857142857143,0.56,1.0,1.0,1.0,0.522114195328481,0.3333333333333333,0.7142857142857143,0.4666666666666667,1.0,1.0,1.0,0.522114195328481,0.2857142857142857,0.7142857142857143,0.4,1.0,1.0,1.0,0.522114195328481,0.25,0.7142857142857143,0.35,1.0,1.0,1.0,0.522114195328481,0.26666666666666666,0.8571428571428571,0.3111111111111111,1.0,1.0,1.0,0.55986714005817,0.24,0.8571428571428571,0.28,1.0,1.0,1.0,0.55986714005817,gtr_t5-dj_adpt,4,webtable-la2m-v=12-distilroberta-dj_adpt~qwen3_8b-dj_adpt
animal_tag_data_b.pq,1.0,0.08333333333333333,1.0,0.08333333333333333,1.0,1.0,0.08333333333333333,1.0,0.4166666666666667,1.0,0.4166666666666667,1.0,1.0,0.4166666666666667,1.0,0.8333333333333334,1.0,0.8333333333333334,1.0,1.0,0.8333333333333334,0.8,1.0,0.8,1.0,1.0,1.0,0.9866452991452991,0.6,1.0,0.6,1.0,1.0,1.0,0.9866452991452991,0.48,1.0,0.48,1.0,1.0,1.0,0.9866452991452991,0.4,1.0,0.4,1.0,1.0,1.0,0.9866452991452991,0.34285714285714286,1.0,0.34285714285714286,1.0,1.0,1.0,0.9866452991452991,0.3,1.0,0.3,1.0,1.0,1.0,0.9866452991452991,0.26666666666666666,1.0,0.26666666666666666,1.0,1.0,1.0,0.9866452991452991,0.24,1.0,0.24,1.0,1.0,1.0,0.9866452991452991,gtr_t5-dj_adpt,4,webtable-la2m-v=12-distilroberta-dj_adpt~qwen3_8b-dj_adpt
workforce_management_information_b.pq,1.0,0.05555555555555555,1.0,0.05555555555555555,1.0,1.0,0.05555555555555555,1.0,0.2777777777777778,1.0,0.2777777777777778,1.0,1.0,0.2777777777777778,1.0,0.5555555555555556,1.0,0.5555555555555556,1.0,1.0,0.5555555555555556,0.8666666666666667,0.7222222222222222,1.0,0.8333333333333334,1.0,1.0,0.7222222222222222,0.65,0.7222222222222222,0.9,1.0,1.0,1.0,0.7222222222222222,0.52,0.7222222222222222,0.72,1.0,1.0,1.0,0.7222222222222222,0.43333333333333335,0.7222222222222222,0.6,1.0,1.0,1.0,0.7222222222222222,0.37142857142857144,0.7222222222222222,0.5142857142857142,1.0,1.0,1.0,0.7222222222222222,0.325,0.7222222222222222,0.45,1.0,1.0,1.0,0.7222222222222222,0.28888888888888886,0.7222222222222222,0.4,1.0,1.0,1.0,0.7222222222222222,0.26,0.7222222222222222,0.36,1.0,1.0,1.0,0.7222222222222222,gtr_t5-dj_adpt,4,webtable-la2m-v=12-distilroberta-dj_adpt~qwen3_8b-dj_adpt
new_york_city_restaurant_inspection_results_a.pq,1.0,0.03225806451612903,1.0,0.03225806451612903,1.0,1.0,0.03225806451612903,1.0,0.16129032258064516,1.0,0.16129032258064516,1.0,1.0,0.16129032258064516,1.0,0.3225806451612903,1.0,0.3225806451612903,1.0,1.0,0.3225806451612903,0.7333333333333333,0.3548387096774194,1.0,0.4838709677419355,1.0,1.0,0.3548387096774194,0.55,0.3548387096774194,1.0,0.6451612903225806,1.0,1.0,0.3548387096774194,0.44,0.3548387096774194,1.0,0.8064516129032258,1.0,1.0,0.3548387096774194,0.36666666666666664,0.3548387096774194,1.0,0.967741935483871,1.0,1.0,0.3548387096774194,0.42857142857142855,0.4838709677419355,0.8857142857142857,1.0,1.0,1.0,0.4083472796459422,0.5,0.6451612903225806,0.775,1.0,1.0,1.0,0.4846301055043198,0.4666666666666667,0.6774193548387096,0.6888888888888889,1.0,1.0,1.0,0.5011525287930688,0.42,0.6774193548387096,0.62,1.0,1.0,1.0,0.5011525287930688,gtr_t5-dj_adpt,4,webtable-la2m-v=12-distilroberta-dj_adpt~qwen3_8b-dj_adpt
albums_a.pq,1.0,0.0625,1.0,0.0625,1.0,1.0,0.0625,1.0,0.3125,1.0,0.3125,1.0,1.0,0.3125,1.0,0.625,1.0,0.625,1.0,1.0,0.625,1.0,0.9375,1.0,0.9375,1.0,1.0,0.9375,0.8,1.0,0.8,1.0,1.0,1.0,1.0,0.64,1.0,0.64,1.0,1.0,1.0,1.0,0.5333333333333333,1.0,0.5333333333333333,1.0,1.0,1.0,1.0,0.45714285714285713,1.0,0.45714285714285713,1.0,1.0,1.0,1.0,0.4,1.0,0.4,1.0,1.0,1.0,1.0,0.35555555555555557,1.0,0.35555555555555557,1.0,1.0,1.0,1.0,0.32,1.0,0.32,1.0,1.0,1.0,1.0,gtr_t5-dj_adpt,4,webtable-la2m-v=12-distilroberta-dj_adpt~qwen3_8b-dj_adpt
ydn_spending_data_a.pq,1.0,0.08333333333333333,1.0,0.08333333333333333,1.0,1.0,0.08333333333333333,0.6,0.25,1.0,0.4166666666666667,1.0,1.0,0.17500000000000002,0.6,0.5,1.0,0.8333333333333334,1.0,1.0,0.3525793650793651,0.4,0.5,0.8,1.0,1.0,1.0,0.3525793650793651,0.35,0.5833333333333334,0.6,1.0,1.0,1.0,0.38689309056956117,0.28,0.5833333333333334,0.48,1.0,1.0,1.0,0.38689309056956117,0.26666666666666666,0.6666666666666666,0.4,1.0,1.0,1.0,0.41253411621058683,0.2571428571428571,0.75,0.34285714285714286,1.0,1.0,1.0,0.43597161621058683,0.25,0.8333333333333334,0.3,1.0,1.0,1.0,0.45849413873310935,0.2222222222222222,0.8333333333333334,0.26666666666666666,1.0,1.0,1.0,0.45849413873310935,0.2,0.8333333333333334,0.24,1.0,1.0,1.0,0.45849413873310935,gtr_t5-dj_adpt,4,webtable-la2m-v=12-distilroberta-dj_adpt~qwen3_8b-dj_adpt
animal_tag_data_a.pq,1.0,0.08333333333333333,1.0,0.08333333333333333,1.0,1.0,0.08333333333333333,0.2,0.08333333333333333,1.0,0.4166666666666667,1.0,1.0,0.08333333333333333,0.1,0.08333333333333333,1.0,0.8333333333333334,1.0,1.0,0.08333333333333333,0.13333333333333333,0.16666666666666666,0.8,1.0,1.0,1.0,0.09523809523809523,0.15,0.25,0.6,1.0,1.0,1.0,0.11086309523809523,0.16,0.3333333333333333,0.48,1.0,1.0,1.0,0.1267361111111111,0.23333333333333334,0.5833333333333334,0.4,1.0,1.0,1.0,0.18006333943833944,0.2857142857142857,0.8333333333333334,0.34285714285714286,1.0,1.0,1.0,0.2502587410349507,0.3,1.0,0.3,1.0,1.0,1.0,0.3000335158097255,0.26666666666666666,1.0,0.26666666666666666,1.0,1.0,1.0,0.3000335158097255,0.24,1.0,0.24,1.0,1.0,1.0,0.3000335158097255,gtr_t5-dj_adpt,4,webtable-la2m-v=12-distilroberta-dj_adpt~qwen3_8b-dj_adpt
film_locations_in_san_francisco_a.pq,1.0,0.07692307692307693,1.0,0.07692307692307693,1.0,1.0,0.07692307692307693,0.2,0.07692307692307693,1.0,0.38461538461538464,1.0,1.0,0.07692307692307693,0.6,0.46153846153846156,1.0,0.7692307692307693,1.0,1.0,0.2628815628815629,0.6,0.6923076923076923,0.8666666666666667,1.0,1.0,1.0,0.4163691009844856,0.45,0.6923076923076923,0.65,1.0,1.0,1.0,0.4163691009844856,0.52,1.0,0.52,1.0,1.0,1.0,0.5665849720699219,0.43333333333333335,1.0,0.43333333333333335,1.0,1.0,1.0,0.5665849720699219,0.37142857142857144,1.0,0.37142857142857144,1.0,1.0,1.0,0.5665849720699219,0.325,1.0,0.325,1.0,1.0,1.0,0.5665849720699219,0.28888888888888886,1.0,0.28888888888888886,1.0,1.0,1.0,0.5665849720699219,0.26,1.0,0.26,1.0,1.0,1.0,0.5665849720699219,gtr_t5-dj_adpt,4,webtable-la2m-v=12-distilroberta-dj_adpt~qwen3_8b-dj_adpt
albums_b.pq,1.0,0.0625,1.0,0.0625,1.0,1.0,0.0625,1.0,0.3125,1.0,0.3125,1.0,1.0,0.3125,1.0,0.625,1.0,0.625,1.0,1.0,0.625,0.7333333333333333,0.6875,1.0,0.9375,1.0,1.0,0.6875,0.55,0.6875,0.8,1.0,1.0,1.0,0.6875,0.44,0.6875,0.64,1.0,1.0,1.0,0.6875,0.4,0.75,0.5333333333333333,1.0,1.0,1.0,0.7125,0.45714285714285713,1.0,0.45714285714285713,1.0,1.0,1.0,0.8238742830343281,0.4,1.0,0.4,1.0,1.0,1.0,0.8238742830343281,0.35555555555555557,1.0,0.35555555555555557,1.0,1.0,1.0,0.8238742830343281,0.32,1.0,0.32,1.0,1.0,1.0,0.8238742830343281,gtr_t5-dj_adpt,4,webtable-la2m-v=12-distilroberta-dj_adpt~qwen3_8b-dj_adpt
cihr_co-applicant_a.pq,1.0,0.08333333333333333,1.0,0.08333333333333333,1.0,1.0,0.08333333333333333,1.0,0.4166666666666667,1.0,0.4166666666666667,1.0,1.0,0.4166666666666667,0.5,0.4166666666666667,1.0,0.8333333333333334,1.0,1.0,0.4166666666666667,0.6666666666666666,0.8333333333333334,0.8,1.0,1.0,1.0,0.6711413586413587,0.6,1.0,0.6,1.0,1.0,1.0,0.7806184828243651,0.48,1.0,0.48,1.0,1.0,1.0,0.7806184828243651,0.4,1.0,0.4,1.0,1.0,1.0,0.7806184828243651,0.34285714285714286,1.0,0.34285714285714286,1.0,1.0,1.0,0.7806184828243651,0.3,1.0,0.3,1.0,1.0,1.0,0.7806184828243651,0.26666666666666666,1.0,0.26666666666666666,1.0,1.0,1.0,0.7806184828243651,0.24,1.0,0.24,1.0,1.0,1.0,0.7806184828243651,gtr_t5-dj_adpt,4,webtable-la2m-v=12-distilroberta-dj_adpt~qwen3_8b-dj_adpt
ipopayments_b.pq,1.0,0.06666666666666667,1.0,0.06666666666666667,1.0,1.0,0.06666666666666667,0.8,0.26666666666666666,1.0,0.3333333333333333,1.0,1.0,0.26666666666666666,0.6,0.4,1.0,0.6666666666666666,1.0,1.0,0.3622222222222222,0.4666666666666667,0.4666666666666667,1.0,1.0,1.0,1.0,0.39555555555555555,0.35,0.4666666666666667,0.75,1.0,1.0,1.0,0.39555555555555555,0.4,0.6666666666666666,0.6,1.0,1.0,1.0,0.4726190476190476,0.4666666666666667,0.9333333333333333,0.5,1.0,1.0,1.0,0.5893471386000121,0.42857142857142855,1.0,0.42857142857142855,1.0,1.0,1.0,0.6216052031161412,0.375,1.0,0.375,1.0,1.0,1.0,0.6216052031161412,0.3333333333333333,1.0,0.3333333333333333,1.0,1.0,1.0,0.6216052031161412,0.3,1.0,0.3,1.0,1.0,1.0,0.6216052031161412,gtr_t5-dj_adpt,4,webtable-la2m-v=12-distilroberta-dj_adpt~qwen3_8b-dj_adpt
311_calls_historic_data_a.pq,1.0,0.09090909090909091,1.0,0.09090909090909091,1.0,1.0,0.09090909090909091,0.2,0.09090909090909091,1.0,0.45454545454545453,1.0,1.0,0.09090909090909091,0.1,0.09090909090909091,1.0,0.9090909090909091,1.0,1.0,0.09090909090909091,0.06666666666666667,0.09090909090909091,0.7333333333333333,1.0,1.0,1.0,0.09090909090909091,0.05,0.09090909090909091,0.55,1.0,1.0,1.0,0.09090909090909091,0.04,0.09090909090909091,0.44,1.0,1.0,1.0,0.09090909090909091,0.03333333333333333,0.09090909090909091,0.36666666666666664,1.0,1.0,1.0,0.09090909090909091,0.02857142857142857,0.09090909090909091,0.3142857142857143,1.0,1.0,1.0,0.09090909090909091,0.025,0.09090909090909091,0.275,1.0,1.0,1.0,0.09090909090909091,0.022222222222222223,0.09090909090909091,0.24444444444444444,1.0,1.0,1.0,0.09090909090909091,0.02,0.09090909090909091,0.22,1.0,1.0,1.0,0.09090909090909091,gtr_t5-dj_adpt,4,webtable-la2m-v=12-distilroberta-dj_adpt~qwen3_8b-dj_adpt
lane_description_a.pq,1.0,0.0625,1.0,0.0625,1.0,1.0,0.0625,1.0,0.3125,1.0,0.3125,1.0,1.0,0.3125,1.0,0.625,1.0,0.625,1.0,1.0,0.625,0.8,0.75,1.0,0.9375,1.0,1.0,0.75,0.7,0.875,0.8,1.0,1.0,1.0,0.8388888888888889,0.64,1.0,0.64,1.0,1.0,1.0,0.9289862914862915,0.5333333333333333,1.0,0.5333333333333333,1.0,1.0,1.0,0.9289862914862915,0.45714285714285713,1.0,0.45714285714285713,1.0,1.0,1.0,0.9289862914862915,0.4,1.0,0.4,1.0,1.0,1.0,0.9289862914862915,0.35555555555555557,1.0,0.35555555555555557,1.0,1.0,1.0,0.9289862914862915,0.32,1.0,0.32,1.0,1.0,1.0,0.9289862914862915,gtr_t5-dj_adpt,4,webtable-la2m-v=12-distilroberta-dj_adpt~qwen3_8b-dj_adpt
purchasing_card_a.pq,1.0,0.07692307692307693,1.0,0.07692307692307693,1.0,1.0,0.07692307692307693,1.0,0.38461538461538464,1.0,0.38461538461538464,1.0,1.0,0.38461538461538464,0.7,0.5384615384615384,1.0,0.7692307692307693,1.0,1.0,0.5213675213675214,0.5333333333333333,0.6153846153846154,0.8666666666666667,1.0,1.0,1.0,0.5687047994740303,0.45,0.6923076923076923,0.65,1.0,1.0,1.0,0.605142046437593,0.36,0.6923076923076923,0.52,1.0,1.0,1.0,0.605142046437593,0.4,0.9230769230769231,0.43333333333333335,1.0,1.0,1.0,0.6978971153199828,0.37142857142857144,1.0,0.37142857142857144,1.0,1.0,1.0,0.7282001456230132,0.325,1.0,0.325,1.0,1.0,1.0,0.7282001456230132,0.28888888888888886,1.0,0.28888888888888886,1.0,1.0,1.0,0.7282001456230132,0.26,1.0,0.26,1.0,1.0,1.0,0.7282001456230132,gtr_t5-dj_adpt,4,webtable-la2m-v=12-distilroberta-dj_adpt~qwen3_8b-dj_adpt
mines_a.pq,1.0,0.07142857142857142,1.0,0.07142857142857142,1.0,1.0,0.07142857142857142,0.8,0.2857142857142857,1.0,0.35714285714285715,1.0,1.0,0.25357142857142856,0.9,0.6428571428571429,1.0,0.7142857142857143,1.0,1.0,0.5645975056689342,0.7333333333333333,0.7857142857142857,0.9333333333333333,1.0,1.0,1.0,0.6950087610801896,0.55,0.7857142857142857,0.7,1.0,1.0,1.0,0.6950087610801896,0.44,0.7857142857142857,0.56,1.0,1.0,1.0,0.6950087610801896,0.36666666666666664,0.7857142857142857,0.4666666666666667,1.0,1.0,1.0,0.6950087610801896,0.3142857142857143,0.7857142857142857,0.4,1.0,1.0,1.0,0.6950087610801896,0.275,0.7857142857142857,0.35,1.0,1.0,1.0,0.6950087610801896,0.24444444444444444,0.7857142857142857,0.3111111111111111,1.0,1.0,1.0,0.6950087610801896,0.22,0.7857142857142857,0.28,1.0,1.0,1.0,0.6950087610801896,mpnet-dj_adpt,5,webtable-la2m-v=12-distilroberta-dj_adpt~qwen3_8b-dj_adpt
ydn_spending_data_a.pq,1.0,0.08333333333333333,1.0,0.08333333333333333,1.0,1.0,0.08333333333333333,0.4,0.16666666666666666,1.0,0.4166666666666667,1.0,1.0,0.16666666666666666,0.5,0.4166666666666667,1.0,0.8333333333333334,1.0,1.0,0.2766203703703704,0.5333333333333333,0.6666666666666666,0.8,1.0,1.0,1.0,0.4219680782180782,0.4,0.6666666666666666,0.6,1.0,1.0,1.0,0.4219680782180782,0.32,0.6666666666666666,0.48,1.0,1.0,1.0,0.4219680782180782,0.3333333333333333,0.8333333333333334,0.4,1.0,1.0,1.0,0.4756079249613732,0.2857142857142857,0.8333333333333334,0.34285714285714286,1.0,1.0,1.0,0.4756079249613732,0.275,0.9166666666666666,0.3,1.0,1.0,1.0,0.5010708879243362,0.24444444444444444,0.9166666666666666,0.26666666666666666,1.0,1.0,1.0,0.5010708879243362,0.22,0.9166666666666666,0.24,1.0,1.0,1.0,0.5010708879243362,mpnet-dj_adpt,5,webtable-la2m-v=12-distilroberta-dj_adpt~qwen3_8b-dj_adpt
contributors_parties_a.pq,1.0,0.047619047619047616,1.0,0.047619047619047616,1.0,1.0,0.047619047619047616,1.0,0.23809523809523808,1.0,0.23809523809523808,1.0,1.0,0.23809523809523808,1.0,0.47619047619047616,1.0,0.47619047619047616,1.0,1.0,0.47619047619047616,1.0,0.7142857142857143,1.0,0.7142857142857143,1.0,1.0,0.7142857142857143,0.85,0.8095238095238095,1.0,0.9523809523809523,1.0,1.0,0.8095238095238095,0.84,1.0,0.84,1.0,1.0,1.0,0.9728735446747869,0.7,1.0,0.7,1.0,1.0,1.0,0.9728735446747869,0.6,1.0,0.6,1.0,1.0,1.0,0.9728735446747869,0.525,1.0,0.525,1.0,1.0,1.0,0.9728735446747869,0.4666666666666667,1.0,0.4666666666666667,1.0,1.0,1.0,0.9728735446747869,0.42,1.0,0.42,1.0,1.0,1.0,0.9728735446747869,mpnet-dj_adpt,5,webtable-la2m-v=12-distilroberta-dj_adpt~qwen3_8b-dj_adpt
cdc_nutrition_physical_activity_and_obesity_legislation_a.pq,1.0,0.09090909090909091,1.0,0.09090909090909091,1.0,1.0,0.09090909090909091,0.2,0.09090909090909091,1.0,0.45454545454545453,1.0,1.0,0.09090909090909091,0.1,0.09090909090909091,1.0,0.9090909090909091,1.0,1.0,0.09090909090909091,0.06666666666666667,0.09090909090909091,0.7333333333333333,1.0,1.0,1.0,0.09090909090909091,0.05,0.09090909090909091,0.55,1.0,1.0,1.0,0.09090909090909091,0.04,0.09090909090909091,0.44,1.0,1.0,1.0,0.09090909090909091,0.03333333333333333,0.09090909090909091,0.36666666666666664,1.0,1.0,1.0,0.09090909090909091,0.02857142857142857,0.09090909090909091,0.3142857142857143,1.0,1.0,1.0,0.09090909090909091,0.025,0.09090909090909091,0.275,1.0,1.0,1.0,0.09090909090909091,0.022222222222222223,0.09090909090909091,0.24444444444444444,1.0,1.0,1.0,0.09090909090909091,0.02,0.09090909090909091,0.22,1.0,1.0,1.0,0.09090909090909091,mpnet-dj_adpt,5,webtable-la2m-v=12-distilroberta-dj_adpt~qwen3_8b-dj_adpt
senior_officials_expenses_a.pq,1.0,0.09090909090909091,1.0,0.09090909090909091,1.0,1.0,0.09090909090909091,1.0,0.45454545454545453,1.0,0.45454545454545453,1.0,1.0,0.45454545454545453,0.5,0.45454545454545453,1.0,0.9090909090909091,1.0,1.0,0.45454545454545453,0.4666666666666667,0.6363636363636364,0.7333333333333333,1.0,1.0,1.0,0.548951048951049,0.45,0.8181818181818182,0.55,1.0,1.0,1.0,0.6347939985710883,0.4,0.9090909090909091,0.44,1.0,1.0,1.0,0.6761163126206751,0.3333333333333333,0.9090909090909091,0.36666666666666664,1.0,1.0,1.0,0.6761163126206751,0.2857142857142857,0.9090909090909091,0.3142857142857143,1.0,1.0,1.0,0.6761163126206751,0.25,0.9090909090909091,0.275,1.0,1.0,1.0,0.6761163126206751,0.2222222222222222,0.9090909090909091,0.24444444444444444,1.0,1.0,1.0,0.6761163126206751,0.2,0.9090909090909091,0.22,1.0,1.0,1.0,0.6761163126206751,mpnet-dj_adpt,5,webtable-la2m-v=12-distilroberta-dj_adpt~qwen3_8b-dj_adpt
lane_description_b.pq,1.0,0.0625,1.0,0.0625,1.0,1.0,0.0625,1.0,0.3125,1.0,0.3125,1.0,1.0,0.3125,0.9,0.5625,1.0,0.625,1.0,1.0,0.5414930555555556,0.8666666666666667,0.8125,1.0,0.9375,1.0,1.0,0.7674618783993784,0.8,1.0,0.8,1.0,1.0,1.0,0.9328519927784633,0.64,1.0,0.64,1.0,1.0,1.0,0.9328519927784633,0.5333333333333333,1.0,0.5333333333333333,1.0,1.0,1.0,0.9328519927784633,0.45714285714285713,1.0,0.45714285714285713,1.0,1.0,1.0,0.9328519927784633,0.4,1.0,0.4,1.0,1.0,1.0,0.9328519927784633,0.35555555555555557,1.0,0.35555555555555557,1.0,1.0,1.0,0.9328519927784633,0.32,1.0,0.32,1.0,1.0,1.0,0.9328519927784633,mpnet-dj_adpt,5,webtable-la2m-v=12-distilroberta-dj_adpt~qwen3_8b-dj_adpt
wholesale_markets_a.pq,1.0,0.09090909090909091,1.0,0.09090909090909091,1.0,1.0,0.09090909090909091,0.2,0.09090909090909091,1.0,0.45454545454545453,1.0,1.0,0.09090909090909091,0.1,0.09090909090909091,1.0,0.9090909090909091,1.0,1.0,0.09090909090909091,0.06666666666666667,0.09090909090909091,0.7333333333333333,1.0,1.0,1.0,0.09090909090909091,0.05,0.09090909090909091,0.55,1.0,1.0,1.0,0.09090909090909091,0.04,0.09090909090909091,0.44,1.0,1.0,1.0,0.09090909090909091,0.03333333333333333,0.09090909090909091,0.36666666666666664,1.0,1.0,1.0,0.09090909090909091,0.02857142857142857,0.09090909090909091,0.3142857142857143,1.0,1.0,1.0,0.09090909090909091,0.025,0.09090909090909091,0.275,1.0,1.0,1.0,0.09090909090909091,0.022222222222222223,0.09090909090909091,0.24444444444444444,1.0,1.0,1.0,0.09090909090909091,0.02,0.09090909090909091,0.22,1.0,1.0,1.0,0.09090909090909091,mpnet-dj_adpt,5,webtable-la2m-v=12-distilroberta-dj_adpt~qwen3_8b-dj_adpt
stockport_contracts_b.pq,1.0,0.07692307692307693,1.0,0.07692307692307693,1.0,1.0,0.07692307692307693,0.6,0.23076923076923078,1.0,0.38461538461538464,1.0,1.0,0.23076923076923078,0.5,0.38461538461538464,1.0,0.7692307692307693,1.0,1.0,0.30341880341880345,0.6,0.6923076923076923,0.8666666666666667,1.0,1.0,1.0,0.4870364678056986,0.5,0.7692307692307693,0.65,1.0,1.0,1.0,0.5351133908826217,0.4,0.7692307692307693,0.52,1.0,1.0,1.0,0.5351133908826217,0.4,0.9230769230769231,0.43333333333333335,1.0,1.0,1.0,0.6006248025478794,0.37142857142857144,1.0,0.37142857142857144,1.0,1.0,1.0,0.6328828670640085,0.325,1.0,0.325,1.0,1.0,1.0,0.6328828670640085,0.28888888888888886,1.0,0.28888888888888886,1.0,1.0,1.0,0.6328828670640085,0.26,1.0,0.26,1.0,1.0,1.0,0.6328828670640085,mpnet-dj_adpt,5,webtable-la2m-v=12-distilroberta-dj_adpt~qwen3_8b-dj_adpt
minister_meetings_a.pq,1.0,0.1,1.0,0.1,1.0,1.0,0.1,0.4,0.2,1.0,0.5,1.0,1.0,0.2,0.4,0.4,1.0,1.0,1.0,1.0,0.3,0.26666666666666666,0.4,0.6666666666666666,1.0,1.0,1.0,0.3,0.25,0.5,0.5,1.0,1.0,1.0,0.3263157894736842,0.2,0.5,0.4,1.0,1.0,1.0,0.3263157894736842,0.16666666666666666,0.5,0.3333333333333333,1.0,1.0,1.0,0.3263157894736842,0.14285714285714285,0.5,0.2857142857142857,1.0,1.0,1.0,0.3263157894736842,0.125,0.5,0.25,1.0,1.0,1.0,0.3263157894736842,0.13333333333333333,0.6,0.2222222222222222,1.0,1.0,1.0,0.33964912280701753,0.14,0.7,0.2,1.0,1.0,1.0,0.3548665141113654,mpnet-dj_adpt,5,webtable-la2m-v=12-distilroberta-dj_adpt~qwen3_8b-dj_adpt
abandoned_wells_a.pq,1.0,0.09090909090909091,1.0,0.09090909090909091,1.0,1.0,0.09090909090909091,1.0,0.45454545454545453,1.0,0.45454545454545453,1.0,1.0,0.45454545454545453,1.0,0.9090909090909091,1.0,0.9090909090909091,1.0,1.0,0.9090909090909091,0.7333333333333333,1.0,0.7333333333333333,1.0,1.0,1.0,1.0,0.55,1.0,0.55,1.0,1.0,1.0,1.0,0.44,1.0,0.44,1.0,1.0,1.0,1.0,0.36666666666666664,1.0,0.36666666666666664,1.0,1.0,1.0,1.0,0.3142857142857143,1.0,0.3142857142857143,1.0,1.0,1.0,1.0,0.275,1.0,0.275,1.0,1.0,1.0,1.0,0.24444444444444444,1.0,0.24444444444444444,1.0,1.0,1.0,1.0,0.22,1.0,0.22,1.0,1.0,1.0,1.0,mpnet-dj_adpt,5,webtable-la2m-v=12-distilroberta-dj_adpt~qwen3_8b-dj_adpt
animal_tag_data_b.pq,1.0,0.08333333333333333,1.0,0.08333333333333333,1.0,1.0,0.08333333333333333,0.6,0.25,1.0,0.4166666666666667,1.0,1.0,0.25,0.5,0.4166666666666667,1.0,0.8333333333333334,1.0,1.0,0.3576388888888889,0.4666666666666667,0.5833333333333334,0.8,1.0,1.0,1.0,0.4349893162393162,0.4,0.6666666666666666,0.6,1.0,1.0,1.0,0.4766559829059829,0.4,0.8333333333333334,0.48,1.0,1.0,1.0,0.5502490564990565,0.3333333333333333,0.8333333333333334,0.4,1.0,1.0,1.0,0.5502490564990565,0.2857142857142857,0.8333333333333334,0.34285714285714286,1.0,1.0,1.0,0.5502490564990565,0.25,0.8333333333333334,0.3,1.0,1.0,1.0,0.5502490564990565,0.2222222222222222,0.8333333333333334,0.26666666666666666,1.0,1.0,1.0,0.5502490564990565,0.2,0.8333333333333334,0.24,1.0,1.0,1.0,0.5502490564990565,mpnet-dj_adpt,5,webtable-la2m-v=12-distilroberta-dj_adpt~qwen3_8b-dj_adpt
contributors_parties_b.pq,1.0,0.047619047619047616,1.0,0.047619047619047616,1.0,1.0,0.047619047619047616,1.0,0.23809523809523808,1.0,0.23809523809523808,1.0,1.0,0.23809523809523808,1.0,0.47619047619047616,1.0,0.47619047619047616,1.0,1.0,0.47619047619047616,0.9333333333333333,0.6666666666666666,1.0,0.7142857142857143,1.0,1.0,0.6634920634920635,0.85,0.8095238095238095,1.0,0.9523809523809523,1.0,1.0,0.7979263927793339,0.68,0.8095238095238095,0.84,1.0,1.0,1.0,0.7979263927793339,0.5666666666666667,0.8095238095238095,0.7,1.0,1.0,1.0,0.7979263927793339,0.4857142857142857,0.8095238095238095,0.6,1.0,1.0,1.0,0.7979263927793339,0.425,0.8095238095238095,0.525,1.0,1.0,1.0,0.7979263927793339,0.37777777777777777,0.8095238095238095,0.4666666666666667,1.0,1.0,1.0,0.7979263927793339,0.34,0.8095238095238095,0.42,1.0,1.0,1.0,0.7979263927793339,mpnet-dj_adpt,5,webtable-la2m-v=12-distilroberta-dj_adpt~qwen3_8b-dj_adpt
business_rates_a.pq,1.0,0.08333333333333333,1.0,0.08333333333333333,1.0,1.0,0.08333333333333333,1.0,0.4166666666666667,1.0,0.4166666666666667,1.0,1.0,0.4166666666666667,0.5,0.4166666666666667,1.0,0.8333333333333334,1.0,1.0,0.4166666666666667,0.3333333333333333,0.4166666666666667,0.8,1.0,1.0,1.0,0.4166666666666667,0.25,0.4166666666666667,0.6,1.0,1.0,1.0,0.4166666666666667,0.2,0.4166666666666667,0.48,1.0,1.0,1.0,0.4166666666666667,0.23333333333333334,0.5833333333333334,0.4,1.0,1.0,1.0,0.45463875205254517,0.2,0.5833333333333334,0.34285714285714286,1.0,1.0,1.0,0.45463875205254517,0.175,0.5833333333333334,0.3,1.0,1.0,1.0,0.45463875205254517,0.17777777777777778,0.6666666666666666,0.26666666666666666,1.0,1.0,1.0,0.46945356686736,0.2,0.8333333333333334,0.24,1.0,1.0,1.0,0.5034884111473477,mpnet-dj_adpt,5,webtable-la2m-v=12-distilroberta-dj_adpt~qwen3_8b-dj_adpt
mines_b.pq,1.0,0.07142857142857142,1.0,0.07142857142857142,1.0,1.0,0.07142857142857142,0.4,0.14285714285714285,1.0,0.35714285714285715,1.0,1.0,0.14285714285714285,0.2,0.14285714285714285,1.0,0.7142857142857143,1.0,1.0,0.14285714285714285,0.13333333333333333,0.14285714285714285,0.9333333333333333,1.0,1.0,1.0,0.14285714285714285,0.1,0.14285714285714285,0.7,1.0,1.0,1.0,0.14285714285714285,0.08,0.14285714285714285,0.56,1.0,1.0,1.0,0.14285714285714285,0.06666666666666667,0.14285714285714285,0.4666666666666667,1.0,1.0,1.0,0.14285714285714285,0.05714285714285714,0.14285714285714285,0.4,1.0,1.0,1.0,0.14285714285714285,0.05,0.14285714285714285,0.35,1.0,1.0,1.0,0.14285714285714285,0.044444444444444446,0.14285714285714285,0.3111111111111111,1.0,1.0,1.0,0.14285714285714285,0.04,0.14285714285714285,0.28,1.0,1.0,1.0,0.14285714285714285,mpnet-dj_adpt,5,webtable-la2m-v=12-distilroberta-dj_adpt~qwen3_8b-dj_adpt
monthly_data_feed_a.pq,1.0,0.07692307692307693,1.0,0.07692307692307693,1.0,1.0,0.07692307692307693,1.0,0.38461538461538464,1.0,0.38461538461538464,1.0,1.0,0.38461538461538464,0.9,0.6923076923076923,1.0,0.7692307692307693,1.0,1.0,0.6923076923076923,0.6,0.6923076923076923,0.8666666666666667,1.0,1.0,1.0,0.6923076923076923,0.45,0.6923076923076923,0.65,1.0,1.0,1.0,0.6923076923076923,0.36,0.6923076923076923,0.52,1.0,1.0,1.0,0.6923076923076923,0.3,0.6923076923076923,0.43333333333333335,1.0,1.0,1.0,0.6923076923076923,0.2857142857142857,0.7692307692307693,0.37142857142857144,1.0,1.0,1.0,0.7149321266968326,0.3,0.9230769230769231,0.325,1.0,1.0,1.0,0.7627278981768146,0.28888888888888886,1.0,0.28888888888888886,1.0,1.0,1.0,0.7859837121303029,0.26,1.0,0.26,1.0,1.0,1.0,0.7859837121303029,mpnet-dj_adpt,5,webtable-la2m-v=12-distilroberta-dj_adpt~qwen3_8b-dj_adpt
cihr_co-applicant_b.pq,1.0,0.08333333333333333,1.0,0.08333333333333333,1.0,1.0,0.08333333333333333,1.0,0.4166666666666667,1.0,0.4166666666666667,1.0,1.0,0.4166666666666667,0.8,0.6666666666666666,1.0,0.8333333333333334,1.0,1.0,0.6666666666666666,0.8,1.0,0.8,1.0,1.0,1.0,0.9462343212343213,0.6,1.0,0.6,1.0,1.0,1.0,0.9462343212343213,0.48,1.0,0.48,1.0,1.0,1.0,0.9462343212343213,0.4,1.0,0.4,1.0,1.0,1.0,0.9462343212343213,0.34285714285714286,1.0,0.34285714285714286,1.0,1.0,1.0,0.9462343212343213,0.3,1.0,0.3,1.0,1.0,1.0,0.9462343212343213,0.26666666666666666,1.0,0.26666666666666666,1.0,1.0,1.0,0.9462343212343213,0.24,1.0,0.24,1.0,1.0,1.0,0.9462343212343213,mpnet-dj_adpt,5,webtable-la2m-v=12-distilroberta-dj_adpt~qwen3_8b-dj_adpt
albums_a.pq,1.0,0.0625,1.0,0.0625,1.0,1.0,0.0625,0.8,0.25,1.0,0.3125,1.0,1.0,0.2375,0.9,0.5625,1.0,0.625,1.0,1.0,0.5096478174603175,0.9333333333333333,0.875,1.0,0.9375,1.0,1.0,0.7978190212565213,0.8,1.0,0.8,1.0,1.0,1.0,0.915236300668286,0.64,1.0,0.64,1.0,1.0,1.0,0.915236300668286,0.5333333333333333,1.0,0.5333333333333333,1.0,1.0,1.0,0.915236300668286,0.45714285714285713,1.0,0.45714285714285713,1.0,1.0,1.0,0.915236300668286,0.4,1.0,0.4,1.0,1.0,1.0,0.915236300668286,0.35555555555555557,1.0,0.35555555555555557,1.0,1.0,1.0,0.915236300668286,0.32,1.0,0.32,1.0,1.0,1.0,0.915236300668286,mpnet-dj_adpt,5,webtable-la2m-v=12-distilroberta-dj_adpt~qwen3_8b-dj_adpt
ipopayments_a.pq,1.0,0.06666666666666667,1.0,0.06666666666666667,1.0,1.0,0.06666666666666667,1.0,0.3333333333333333,1.0,0.3333333333333333,1.0,1.0,0.3333333333333333,1.0,0.6666666666666666,1.0,0.6666666666666666,1.0,1.0,0.6666666666666666,0.8666666666666667,0.8666666666666667,1.0,1.0,1.0,1.0,0.8666666666666667,0.75,1.0,0.75,1.0,1.0,1.0,0.9838235294117648,0.6,1.0,0.6,1.0,1.0,1.0,0.9838235294117648,0.5,1.0,0.5,1.0,1.0,1.0,0.9838235294117648,0.42857142857142855,1.0,0.42857142857142855,1.0,1.0,1.0,0.9838235294117648,0.375,1.0,0.375,1.0,1.0,1.0,0.9838235294117648,0.3333333333333333,1.0,0.3333333333333333,1.0,1.0,1.0,0.9838235294117648,0.3,1.0,0.3,1.0,1.0,1.0,0.9838235294117648,mpnet-dj_adpt,5,webtable-la2m-v=12-distilroberta-dj_adpt~qwen3_8b-dj_adpt
monthly_data_feed_b.pq,1.0,0.07692307692307693,1.0,0.07692307692307693,1.0,1.0,0.07692307692307693,0.8,0.3076923076923077,1.0,0.38461538461538464,1.0,1.0,0.3076923076923077,0.5,0.38461538461538464,1.0,0.7692307692307693,1.0,1.0,0.34615384615384615,0.6,0.6923076923076923,0.8666666666666667,1.0,1.0,1.0,0.5297715105407413,0.6,0.9230769230769231,0.65,1.0,1.0,1.0,0.67620518522519,0.52,1.0,0.52,1.0,1.0,1.0,0.7238242328442376,0.43333333333333335,1.0,0.43333333333333335,1.0,1.0,1.0,0.7238242328442376,0.37142857142857144,1.0,0.37142857142857144,1.0,1.0,1.0,0.7238242328442376,0.325,1.0,0.325,1.0,1.0,1.0,0.7238242328442376,0.28888888888888886,1.0,0.28888888888888886,1.0,1.0,1.0,0.7238242328442376,0.26,1.0,0.26,1.0,1.0,1.0,0.7238242328442376,mpnet-dj_adpt,5,webtable-la2m-v=12-distilroberta-dj_adpt~qwen3_8b-dj_adpt
new_york_city_restaurant_inspection_results_a.pq,1.0,0.03225806451612903,1.0,0.03225806451612903,1.0,1.0,0.03225806451612903,1.0,0.16129032258064516,1.0,0.16129032258064516,1.0,1.0,0.16129032258064516,0.7,0.22580645161290322,1.0,0.3225806451612903,1.0,1.0,0.22580645161290322,0.4666666666666667,0.22580645161290322,1.0,0.4838709677419355,1.0,1.0,0.22580645161290322,0.55,0.3548387096774194,1.0,0.6451612903225806,1.0,1.0,0.29183561370218714,0.44,0.3548387096774194,1.0,0.8064516129032258,1.0,1.0,0.29183561370218714,0.36666666666666664,0.3548387096774194,1.0,0.967741935483871,1.0,1.0,0.29183561370218714,0.3142857142857143,0.3548387096774194,0.8857142857142857,1.0,1.0,1.0,0.29183561370218714,0.375,0.4838709677419355,0.775,1.0,1.0,1.0,0.33700993455562517,0.4,0.5806451612903226,0.6888888888888889,1.0,1.0,1.0,0.37615865901897094,0.36,0.5806451612903226,0.62,1.0,1.0,1.0,0.37615865901897094,mpnet-dj_adpt,5,webtable-la2m-v=12-distilroberta-dj_adpt~qwen3_8b-dj_adpt
civic_building_locations_a.pq,1.0,0.08333333333333333,1.0,0.08333333333333333,1.0,1.0,0.08333333333333333,0.4,0.16666666666666666,1.0,0.4166666666666667,1.0,1.0,0.125,0.2,0.16666666666666666,1.0,0.8333333333333334,1.0,1.0,0.125,0.2,0.25,0.8,1.0,1.0,1.0,0.14423076923076925,0.15,0.25,0.6,1.0,1.0,1.0,0.14423076923076925,0.12,0.25,0.48,1.0,1.0,1.0,0.14423076923076925,0.1,0.25,0.4,1.0,1.0,1.0,0.14423076923076925,0.08571428571428572,0.25,0.34285714285714286,1.0,1.0,1.0,0.14423076923076925,0.075,0.25,0.3,1.0,1.0,1.0,0.14423076923076925,0.08888888888888889,0.3333333333333333,0.26666666666666666,1.0,1.0,1.0,0.15163817663817664,0.12,0.5,0.24,1.0,1.0,1.0,0.17070750649778008,mpnet-dj_adpt,5,webtable-la2m-v=12-distilroberta-dj_adpt~qwen3_8b-dj_adpt
oil_and_gas_summary_production_data_1967_1999_a.pq,1.0,0.09090909090909091,1.0,0.09090909090909091,1.0,1.0,0.09090909090909091,1.0,0.45454545454545453,1.0,0.45454545454545453,1.0,1.0,0.45454545454545453,0.6,0.5454545454545454,1.0,0.9090909090909091,1.0,1.0,0.5454545454545454,0.4,0.5454545454545454,0.7333333333333333,1.0,1.0,1.0,0.5454545454545454,0.3,0.5454545454545454,0.55,1.0,1.0,1.0,0.5454545454545454,0.24,0.5454545454545454,0.44,1.0,1.0,1.0,0.5454545454545454,0.23333333333333334,0.6363636363636364,0.36666666666666664,1.0,1.0,1.0,0.5666666666666667,0.3142857142857143,1.0,0.3142857142857143,1.0,1.0,1.0,0.6726552331143067,0.275,1.0,0.275,1.0,1.0,1.0,0.6726552331143067,0.24444444444444444,1.0,0.24444444444444444,1.0,1.0,1.0,0.6726552331143067,0.22,1.0,0.22,1.0,1.0,1.0,0.6726552331143067,mpnet-dj_adpt,5,webtable-la2m-v=12-distilroberta-dj_adpt~qwen3_8b-dj_adpt
practice_reference_b.pq,1.0,0.06666666666666667,1.0,0.06666666666666667,1.0,1.0,0.06666666666666667,1.0,0.3333333333333333,1.0,0.3333333333333333,1.0,1.0,0.3333333333333333,1.0,0.6666666666666666,1.0,0.6666666666666666,1.0,1.0,0.6666666666666666,1.0,1.0,1.0,1.0,1.0,1.0,1.0,0.75,1.0,0.75,1.0,1.0,1.0,1.0,0.6,1.0,0.6,1.0,1.0,1.0,1.0,0.5,1.0,0.5,1.0,1.0,1.0,1.0,0.42857142857142855,1.0,0.42857142857142855,1.0,1.0,1.0,1.0,0.375,1.0,0.375,1.0,1.0,1.0,1.0,0.3333333333333333,1.0,0.3333333333333333,1.0,1.0,1.0,1.0,0.3,1.0,0.3,1.0,1.0,1.0,1.0,mpnet-dj_adpt,5,webtable-la2m-v=12-distilroberta-dj_adpt~qwen3_8b-dj_adpt
immigration_records_a.pq,1.0,0.0625,1.0,0.0625,1.0,1.0,0.0625,0.2,0.0625,1.0,0.3125,1.0,1.0,0.0625,0.1,0.0625,1.0,0.625,1.0,1.0,0.0625,0.4,0.375,1.0,0.9375,1.0,1.0,0.15604083416583417,0.55,0.6875,0.8,1.0,1.0,1.0,0.3113160857138218,0.48,0.75,0.64,1.0,1.0,1.0,0.34540699480473086,0.5333333333333333,1.0,0.5333333333333333,1.0,1.0,1.0,0.4724105069375534,0.45714285714285713,1.0,0.45714285714285713,1.0,1.0,1.0,0.4724105069375534,0.4,1.0,0.4,1.0,1.0,1.0,0.4724105069375534,0.35555555555555557,1.0,0.35555555555555557,1.0,1.0,1.0,0.4724105069375534,0.32,1.0,0.32,1.0,1.0,1.0,0.4724105069375534,mpnet-dj_adpt,5,webtable-la2m-v=12-distilroberta-dj_adpt~qwen3_8b-dj_adpt
psyckes_antipsychotic_polypharmacy_quality_indicators_beginning_2012_a.pq,1.0,0.09090909090909091,1.0,0.09090909090909091,1.0,1.0,0.09090909090909091,0.2,0.09090909090909091,1.0,0.45454545454545453,1.0,1.0,0.09090909090909091,0.1,0.09090909090909091,1.0,0.9090909090909091,1.0,1.0,0.09090909090909091,0.06666666666666667,0.09090909090909091,0.7333333333333333,1.0,1.0,1.0,0.09090909090909091,0.05,0.09090909090909091,0.55,1.0,1.0,1.0,0.09090909090909091,0.04,0.09090909090909091,0.44,1.0,1.0,1.0,0.09090909090909091,0.03333333333333333,0.09090909090909091,0.36666666666666664,1.0,1.0,1.0,0.09090909090909091,0.02857142857142857,0.09090909090909091,0.3142857142857143,1.0,1.0,1.0,0.09090909090909091,0.025,0.09090909090909091,0.275,1.0,1.0,1.0,0.09090909090909091,0.022222222222222223,0.09090909090909091,0.24444444444444444,1.0,1.0,1.0,0.09090909090909091,0.02,0.09090909090909091,0.22,1.0,1.0,1.0,0.09090909090909091,mpnet-dj_adpt,5,webtable-la2m-v=12-distilroberta-dj_adpt~qwen3_8b-dj_adpt
stockport_contracts_a.pq,1.0,0.07692307692307693,1.0,0.07692307692307693,1.0,1.0,0.07692307692307693,0.6,0.23076923076923078,1.0,0.38461538461538464,1.0,1.0,0.16153846153846155,0.4,0.3076923076923077,1.0,0.7692307692307693,1.0,1.0,0.2128205128205128,0.3333333333333333,0.38461538461538464,0.8666666666666667,1.0,1.0,1.0,0.24487179487179486,0.4,0.6153846153846154,0.65,1.0,1.0,1.0,0.32962213225371123,0.44,0.8461538461538461,0.52,1.0,1.0,1.0,0.43434349784464205,0.36666666666666664,0.8461538461538461,0.43333333333333335,1.0,1.0,1.0,0.43434349784464205,0.3142857142857143,0.8461538461538461,0.37142857142857144,1.0,1.0,1.0,0.43434349784464205,0.325,1.0,0.325,1.0,1.0,1.0,0.48562554912669326,0.28888888888888886,1.0,0.28888888888888886,1.0,1.0,1.0,0.48562554912669326,0.26,1.0,0.26,1.0,1.0,1.0,0.48562554912669326,mpnet-dj_adpt,5,webtable-la2m-v=12-distilroberta-dj_adpt~qwen3_8b-dj_adpt
report_card_discipline_for_2015_16_a.pq,1.0,0.09090909090909091,1.0,0.09090909090909091,1.0,1.0,0.09090909090909091,0.4,0.18181818181818182,1.0,0.45454545454545453,1.0,1.0,0.12727272727272726,0.7,0.6363636363636364,1.0,0.9090909090909091,1.0,1.0,0.4057359307359307,0.6666666666666666,0.9090909090909091,0.7333333333333333,1.0,1.0,1.0,0.6099635213271577,0.5,0.9090909090909091,0.55,1.0,1.0,1.0,0.6099635213271577,0.4,0.9090909090909091,0.44,1.0,1.0,1.0,0.6099635213271577,0.36666666666666664,1.0,0.36666666666666664,1.0,1.0,1.0,0.6456778070414434,0.3142857142857143,1.0,0.3142857142857143,1.0,1.0,1.0,0.6456778070414434,0.275,1.0,0.275,1.0,1.0,1.0,0.6456778070414434,0.24444444444444444,1.0,0.24444444444444444,1.0,1.0,1.0,0.6456778070414434,0.22,1.0,0.22,1.0,1.0,1.0,0.6456778070414434,mpnet-dj_adpt,5,webtable-la2m-v=12-distilroberta-dj_adpt~qwen3_8b-dj_adpt
complaint_by_practice_b.pq,1.0,0.07692307692307693,1.0,0.07692307692307693,1.0,1.0,0.07692307692307693,0.8,0.3076923076923077,1.0,0.38461538461538464,1.0,1.0,0.24743589743589745,0.7,0.5384615384615384,1.0,0.7692307692307693,1.0,1.0,0.42905982905982903,0.4666666666666667,0.5384615384615384,0.8666666666666667,1.0,1.0,1.0,0.42905982905982903,0.35,0.5384615384615384,0.65,1.0,1.0,1.0,0.42905982905982903,0.28,0.5384615384615384,0.52,1.0,1.0,1.0,0.42905982905982903,0.23333333333333334,0.5384615384615384,0.43333333333333335,1.0,1.0,1.0,0.42905982905982903,0.2,0.5384615384615384,0.37142857142857144,1.0,1.0,1.0,0.42905982905982903,0.25,0.7692307692307693,0.325,1.0,1.0,1.0,0.4822364095643448,0.26666666666666666,0.9230769230769231,0.28888888888888886,1.0,1.0,1.0,0.5233619506898859,0.24,0.9230769230769231,0.26,1.0,1.0,1.0,0.5233619506898859,mpnet-dj_adpt,5,webtable-la2m-v=12-distilroberta-dj_adpt~qwen3_8b-dj_adpt
prescribing_a.pq,1.0,0.06666666666666667,1.0,0.06666666666666667,1.0,1.0,0.06666666666666667,0.2,0.06666666666666667,1.0,0.3333333333333333,1.0,1.0,0.06666666666666667,0.1,0.06666666666666667,1.0,0.6666666666666666,1.0,1.0,0.06666666666666667,0.06666666666666667,0.06666666666666667,1.0,1.0,1.0,1.0,0.06666666666666667,0.15,0.2,0.75,1.0,1.0,1.0,0.08368421052631579,0.32,0.5333333333333333,0.6,1.0,1.0,1.0,0.16970322050184752,0.36666666666666664,0.7333333333333333,0.5,1.0,1.0,1.0,0.24366197779393814,0.3142857142857143,0.7333333333333333,0.42857142857142855,1.0,1.0,1.0,0.24366197779393814,0.325,0.8666666666666667,0.375,1.0,1.0,1.0,0.28755086668282703,0.3111111111111111,0.9333333333333333,0.3333333333333333,1.0,1.0,1.0,0.31031509432510346,0.3,1.0,0.3,1.0,1.0,1.0,0.33205422475988605,mpnet-dj_adpt,5,webtable-la2m-v=12-distilroberta-dj_adpt~qwen3_8b-dj_adpt
practice_reference_a.pq,1.0,0.06666666666666667,1.0,0.06666666666666667,1.0,1.0,0.06666666666666667,1.0,0.3333333333333333,1.0,0.3333333333333333,1.0,1.0,0.3333333333333333,1.0,0.6666666666666666,1.0,0.6666666666666666,1.0,1.0,0.6666666666666666,0.9333333333333333,0.9333333333333333,1.0,1.0,1.0,1.0,0.9333333333333333,0.7,0.9333333333333333,0.75,1.0,1.0,1.0,0.9333333333333333,0.56,0.9333333333333333,0.6,1.0,1.0,1.0,0.9333333333333333,0.5,1.0,0.5,1.0,1.0,1.0,0.9703703703703703,0.42857142857142855,1.0,0.42857142857142855,1.0,1.0,1.0,0.9703703703703703,0.375,1.0,0.375,1.0,1.0,1.0,0.9703703703703703,0.3333333333333333,1.0,0.3333333333333333,1.0,1.0,1.0,0.9703703703703703,0.3,1.0,0.3,1.0,1.0,1.0,0.9703703703703703,mpnet-dj_adpt,5,webtable-la2m-v=12-distilroberta-dj_adpt~qwen3_8b-dj_adpt
ipopayments_b.pq,1.0,0.06666666666666667,1.0,0.06666666666666667,1.0,1.0,0.06666666666666667,1.0,0.3333333333333333,1.0,0.3333333333333333,1.0,1.0,0.3333333333333333,1.0,0.6666666666666666,1.0,0.6666666666666666,1.0,1.0,0.6666666666666666,0.9333333333333333,0.9333333333333333,1.0,1.0,1.0,1.0,0.9288888888888889,0.75,1.0,0.75,1.0,1.0,1.0,0.9913888888888889,0.6,1.0,0.6,1.0,1.0,1.0,0.9913888888888889,0.5,1.0,0.5,1.0,1.0,1.0,0.9913888888888889,0.42857142857142855,1.0,0.42857142857142855,1.0,1.0,1.0,0.9913888888888889,0.375,1.0,0.375,1.0,1.0,1.0,0.9913888888888889,0.3333333333333333,1.0,0.3333333333333333,1.0,1.0,1.0,0.9913888888888889,0.3,1.0,0.3,1.0,1.0,1.0,0.9913888888888889,mpnet-dj_adpt,5,webtable-la2m-v=12-distilroberta-dj_adpt~qwen3_8b-dj_adpt
lane_description_a.pq,1.0,0.0625,1.0,0.0625,1.0,1.0,0.0625,1.0,0.3125,1.0,0.3125,1.0,1.0,0.3125,1.0,0.625,1.0,0.625,1.0,1.0,0.625,1.0,0.9375,1.0,0.9375,1.0,1.0,0.9375,0.8,1.0,0.8,1.0,1.0,1.0,1.0,0.64,1.0,0.64,1.0,1.0,1.0,1.0,0.5333333333333333,1.0,0.5333333333333333,1.0,1.0,1.0,1.0,0.45714285714285713,1.0,0.45714285714285713,1.0,1.0,1.0,1.0,0.4,1.0,0.4,1.0,1.0,1.0,1.0,0.35555555555555557,1.0,0.35555555555555557,1.0,1.0,1.0,1.0,0.32,1.0,0.32,1.0,1.0,1.0,1.0,mpnet-dj_adpt,5,webtable-la2m-v=12-distilroberta-dj_adpt~qwen3_8b-dj_adpt
animal_tag_data_a.pq,1.0,0.08333333333333333,1.0,0.08333333333333333,1.0,1.0,0.08333333333333333,0.2,0.08333333333333333,1.0,0.4166666666666667,1.0,1.0,0.08333333333333333,0.4,0.3333333333333333,1.0,0.8333333333333334,1.0,1.0,0.1884920634920635,0.26666666666666666,0.3333333333333333,0.8,1.0,1.0,1.0,0.1884920634920635,0.25,0.4166666666666667,0.6,1.0,1.0,1.0,0.21453373015873015,0.24,0.5,0.48,1.0,1.0,1.0,0.2353670634920635,0.2,0.5,0.4,1.0,1.0,1.0,0.2353670634920635,0.17142857142857143,0.5,0.34285714285714286,1.0,1.0,1.0,0.2353670634920635,0.15,0.5,0.3,1.0,1.0,1.0,0.2353670634920635,0.13333333333333333,0.5,0.26666666666666666,1.0,1.0,1.0,0.2353670634920635,0.12,0.5,0.24,1.0,1.0,1.0,0.2353670634920635,mpnet-dj_adpt,5,webtable-la2m-v=12-distilroberta-dj_adpt~qwen3_8b-dj_adpt
tuition_assistance_program_tap_recipients_a.pq,1.0,0.09090909090909091,1.0,0.09090909090909091,1.0,1.0,0.09090909090909091,0.2,0.09090909090909091,1.0,0.45454545454545453,1.0,1.0,0.09090909090909091,0.1,0.09090909090909091,1.0,0.9090909090909091,1.0,1.0,0.09090909090909091,0.06666666666666667,0.09090909090909091,0.7333333333333333,1.0,1.0,1.0,0.09090909090909091,0.05,0.09090909090909091,0.55,1.0,1.0,1.0,0.09090909090909091,0.04,0.09090909090909091,0.44,1.0,1.0,1.0,0.09090909090909091,0.03333333333333333,0.09090909090909091,0.36666666666666664,1.0,1.0,1.0,0.09090909090909091,0.02857142857142857,0.09090909090909091,0.3142857142857143,1.0,1.0,1.0,0.09090909090909091,0.025,0.09090909090909091,0.275,1.0,1.0,1.0,0.09090909090909091,0.022222222222222223,0.09090909090909091,0.24444444444444444,1.0,1.0,1.0,0.09090909090909091,0.02,0.09090909090909091,0.22,1.0,1.0,1.0,0.09090909090909091,mpnet-dj_adpt,5,webtable-la2m-v=12-distilroberta-dj_adpt~qwen3_8b-dj_adpt
job_pay_scales_a.pq,1.0,0.06666666666666667,1.0,0.06666666666666667,1.0,1.0,0.06666666666666667,1.0,0.3333333333333333,1.0,0.3333333333333333,1.0,1.0,0.3333333333333333,0.9,0.6,1.0,0.6666666666666666,1.0,1.0,0.5933333333333334,0.7333333333333333,0.7333333333333333,1.0,1.0,1.0,1.0,0.715050505050505,0.55,0.7333333333333333,0.75,1.0,1.0,1.0,0.715050505050505,0.56,0.9333333333333333,0.6,1.0,1.0,1.0,0.8297157914549218,0.5,1.0,0.5,1.0,1.0,1.0,0.866752828491959,0.42857142857142855,1.0,0.42857142857142855,1.0,1.0,1.0,0.866752828491959,0.375,1.0,0.375,1.0,1.0,1.0,0.866752828491959,0.3333333333333333,1.0,0.3333333333333333,1.0,1.0,1.0,0.866752828491959,0.3,1.0,0.3,1.0,1.0,1.0,0.866752828491959,mpnet-dj_adpt,5,webtable-la2m-v=12-distilroberta-dj_adpt~qwen3_8b-dj_adpt
workforce_management_information_a.pq,1.0,0.05555555555555555,1.0,0.05555555555555555,1.0,1.0,0.05555555555555555,1.0,0.2777777777777778,1.0,0.2777777777777778,1.0,1.0,0.2777777777777778,1.0,0.5555555555555556,1.0,0.5555555555555556,1.0,1.0,0.5555555555555556,0.8666666666666667,0.7222222222222222,1.0,0.8333333333333334,1.0,1.0,0.7222222222222222,0.65,0.7222222222222222,0.9,1.0,1.0,1.0,0.7222222222222222,0.56,0.7777777777777778,0.72,1.0,1.0,1.0,0.7560386473429952,0.5333333333333333,0.8888888888888888,0.6,1.0,1.0,1.0,0.8154301817345295,0.5142857142857142,1.0,0.5142857142857142,1.0,1.0,1.0,0.8735154991948471,0.45,1.0,0.45,1.0,1.0,1.0,0.8735154991948471,0.4,1.0,0.4,1.0,1.0,1.0,0.8735154991948471,0.36,1.0,0.36,1.0,1.0,1.0,0.8735154991948471,mpnet-dj_adpt,5,webtable-la2m-v=12-distilroberta-dj_adpt~qwen3_8b-dj_adpt
ydn_spending_data_b.pq,1.0,0.08333333333333333,1.0,0.08333333333333333,1.0,1.0,0.08333333333333333,0.6,0.25,1.0,0.4166666666666667,1.0,1.0,0.21666666666666667,0.7,0.5833333333333334,1.0,0.8333333333333334,1.0,1.0,0.4525793650793651,0.4666666666666667,0.5833333333333334,0.8,1.0,1.0,1.0,0.4525793650793651,0.35,0.5833333333333334,0.6,1.0,1.0,1.0,0.4525793650793651,0.32,0.6666666666666666,0.48,1.0,1.0,1.0,0.4792460317460317,0.3333333333333333,0.8333333333333334,0.4,1.0,1.0,1.0,0.5348015873015873,0.2857142857142857,0.8333333333333334,0.34285714285714286,1.0,1.0,1.0,0.5348015873015873,0.275,0.9166666666666666,0.3,1.0,1.0,1.0,0.5602645502645502,0.24444444444444444,0.9166666666666666,0.26666666666666666,1.0,1.0,1.0,0.5602645502645502,0.22,0.9166666666666666,0.24,1.0,1.0,1.0,0.5602645502645502,mpnet-dj_adpt,5,webtable-la2m-v=12-distilroberta-dj_adpt~qwen3_8b-dj_adpt
311_calls_historic_data_a.pq,1.0,0.09090909090909091,1.0,0.09090909090909091,1.0,1.0,0.09090909090909091,0.2,0.09090909090909091,1.0,0.45454545454545453,1.0,1.0,0.09090909090909091,0.1,0.09090909090909091,1.0,0.9090909090909091,1.0,1.0,0.09090909090909091,0.06666666666666667,0.09090909090909091,0.7333333333333333,1.0,1.0,1.0,0.09090909090909091,0.05,0.09090909090909091,0.55,1.0,1.0,1.0,0.09090909090909091,0.04,0.09090909090909091,0.44,1.0,1.0,1.0,0.09090909090909091,0.03333333333333333,0.09090909090909091,0.36666666666666664,1.0,1.0,1.0,0.09090909090909091,0.02857142857142857,0.09090909090909091,0.3142857142857143,1.0,1.0,1.0,0.09090909090909091,0.125,0.45454545454545453,0.275,1.0,1.0,1.0,0.12368777500356448,0.2222222222222222,0.9090909090909091,0.24444444444444444,1.0,1.0,1.0,0.2078534403196449,0.22,1.0,0.22,1.0,1.0,1.0,0.22959257075442752,mpnet-dj_adpt,5,webtable-la2m-v=12-distilroberta-dj_adpt~qwen3_8b-dj_adpt
film_locations_in_san_francisco_a.pq,1.0,0.07692307692307693,1.0,0.07692307692307693,1.0,1.0,0.07692307692307693,0.8,0.3076923076923077,1.0,0.38461538461538464,1.0,1.0,0.29230769230769227,0.9,0.6923076923076923,1.0,0.7692307692307693,1.0,1.0,0.6272588522588524,0.8666666666666667,1.0,0.8666666666666667,1.0,1.0,1.0,0.9101362312900775,0.65,1.0,0.65,1.0,1.0,1.0,0.9101362312900775,0.52,1.0,0.52,1.0,1.0,1.0,0.9101362312900775,0.43333333333333335,1.0,0.43333333333333335,1.0,1.0,1.0,0.9101362312900775,0.37142857142857144,1.0,0.37142857142857144,1.0,1.0,1.0,0.9101362312900775,0.325,1.0,0.325,1.0,1.0,1.0,0.9101362312900775,0.28888888888888886,1.0,0.28888888888888886,1.0,1.0,1.0,0.9101362312900775,0.26,1.0,0.26,1.0,1.0,1.0,0.9101362312900775,mpnet-dj_adpt,5,webtable-la2m-v=12-distilroberta-dj_adpt~qwen3_8b-dj_adpt
time_spent_watching_vcr_movies_a.pq,1.0,0.09090909090909091,1.0,0.09090909090909091,1.0,1.0,0.09090909090909091,0.2,0.09090909090909091,1.0,0.45454545454545453,1.0,1.0,0.09090909090909091,0.4,0.36363636363636365,1.0,0.9090909090909091,1.0,1.0,0.1913780663780664,0.3333333333333333,0.45454545454545453,0.7333333333333333,1.0,1.0,1.0,0.22925685425685424,0.25,0.45454545454545453,0.55,1.0,1.0,1.0,0.22925685425685424,0.24,0.5454545454545454,0.44,1.0,1.0,1.0,0.25107503607503606,0.2,0.5454545454545454,0.36666666666666664,1.0,1.0,1.0,0.25107503607503606,0.2,0.6363636363636364,0.3142857142857143,1.0,1.0,1.0,0.26925685425685425,0.25,0.9090909090909091,0.275,1.0,1.0,1.0,0.3354953415479731,0.2222222222222222,0.9090909090909091,0.24444444444444444,1.0,1.0,1.0,0.3354953415479731,0.2,0.9090909090909091,0.22,1.0,1.0,1.0,0.3354953415479731,mpnet-dj_adpt,5,webtable-la2m-v=12-distilroberta-dj_adpt~qwen3_8b-dj_adpt
workforce_management_information_b.pq,1.0,0.05555555555555555,1.0,0.05555555555555555,1.0,1.0,0.05555555555555555,1.0,0.2777777777777778,1.0,0.2777777777777778,1.0,1.0,0.2777777777777778,1.0,0.5555555555555556,1.0,0.5555555555555556,1.0,1.0,0.5555555555555556,0.8666666666666667,0.7222222222222222,1.0,0.8333333333333334,1.0,1.0,0.7222222222222222,0.65,0.7222222222222222,0.9,1.0,1.0,1.0,0.7222222222222222,0.52,0.7222222222222222,0.72,1.0,1.0,1.0,0.7222222222222222,0.4666666666666667,0.7777777777777778,0.6,1.0,1.0,1.0,0.7510288065843622,0.42857142857142855,0.8333333333333334,0.5142857142857142,1.0,1.0,1.0,0.7755386105059308,0.425,0.9444444444444444,0.45,1.0,1.0,1.0,0.823779158746479,0.4,1.0,0.4,1.0,1.0,1.0,0.8475886825560028,0.36,1.0,0.36,1.0,1.0,1.0,0.8475886825560028,mpnet-dj_adpt,5,webtable-la2m-v=12-distilroberta-dj_adpt~qwen3_8b-dj_adpt
albums_b.pq,1.0,0.0625,1.0,0.0625,1.0,1.0,0.0625,1.0,0.3125,1.0,0.3125,1.0,1.0,0.3125,0.9,0.5625,1.0,0.625,1.0,1.0,0.5625,0.7333333333333333,0.6875,1.0,0.9375,1.0,1.0,0.6766098484848485,0.65,0.8125,0.8,1.0,1.0,1.0,0.7658663844325609,0.52,0.8125,0.64,1.0,1.0,1.0,0.7658663844325609,0.5,0.9375,0.5333333333333333,1.0,1.0,1.0,0.8306013780468648,0.45714285714285713,1.0,0.45714285714285713,1.0,1.0,1.0,0.8628594425629939,0.4,1.0,0.4,1.0,1.0,1.0,0.8628594425629939,0.35555555555555557,1.0,0.35555555555555557,1.0,1.0,1.0,0.8628594425629939,0.32,1.0,0.32,1.0,1.0,1.0,0.8628594425629939,mpnet-dj_adpt,5,webtable-la2m-v=12-distilroberta-dj_adpt~qwen3_8b-dj_adpt
cihr_co-applicant_a.pq,1.0,0.08333333333333333,1.0,0.08333333333333333,1.0,1.0,0.08333333333333333,1.0,0.4166666666666667,1.0,0.4166666666666667,1.0,1.0,0.4166666666666667,0.8,0.6666666666666666,1.0,0.8333333333333334,1.0,1.0,0.6666666666666666,0.8,1.0,0.8,1.0,1.0,1.0,0.9414724164724165,0.6,1.0,0.6,1.0,1.0,1.0,0.9414724164724165,0.48,1.0,0.48,1.0,1.0,1.0,0.9414724164724165,0.4,1.0,0.4,1.0,1.0,1.0,0.9414724164724165,0.34285714285714286,1.0,0.34285714285714286,1.0,1.0,1.0,0.9414724164724165,0.3,1.0,0.3,1.0,1.0,1.0,0.9414724164724165,0.26666666666666666,1.0,0.26666666666666666,1.0,1.0,1.0,0.9414724164724165,0.24,1.0,0.24,1.0,1.0,1.0,0.9414724164724165,mpnet-dj_adpt,5,webtable-la2m-v=12-distilroberta-dj_adpt~qwen3_8b-dj_adpt
data_mill_b.pq,1.0,0.07142857142857142,1.0,0.07142857142857142,1.0,1.0,0.07142857142857142,0.2,0.07142857142857142,1.0,0.35714285714285715,1.0,1.0,0.07142857142857142,0.1,0.07142857142857142,1.0,0.7142857142857143,1.0,1.0,0.07142857142857142,0.2,0.21428571428571427,0.9333333333333333,1.0,1.0,1.0,0.09772370486656201,0.25,0.35714285714285715,0.7,1.0,1.0,1.0,0.13061844170866727,0.28,0.5,0.56,1.0,1.0,1.0,0.172765735408756,0.3,0.6428571428571429,0.4666666666666667,1.0,1.0,1.0,0.2138987403348644,0.34285714285714286,0.8571428571428571,0.4,1.0,1.0,1.0,0.28746781239183966,0.3,0.8571428571428571,0.35,1.0,1.0,1.0,0.28746781239183966,0.28888888888888886,0.9285714285714286,0.3111111111111111,1.0,1.0,1.0,0.30857170849573573,0.26,0.9285714285714286,0.28,1.0,1.0,1.0,0.30857170849573573,mpnet-dj_adpt,5,webtable-la2m-v=12-distilroberta-dj_adpt~qwen3_8b-dj_adpt
data_mill_a.pq,1.0,0.07142857142857142,1.0,0.07142857142857142,1.0,1.0,0.07142857142857142,0.8,0.2857142857142857,1.0,0.35714285714285715,1.0,1.0,0.25357142857142856,0.8,0.5714285714285714,1.0,0.7142857142857143,1.0,1.0,0.50031179138322,0.5333333333333333,0.5714285714285714,0.9333333333333333,1.0,1.0,1.0,0.50031179138322,0.4,0.5714285714285714,0.7,1.0,1.0,1.0,0.50031179138322,0.36,0.6428571428571429,0.56,1.0,1.0,1.0,0.5270975056689343,0.3,0.6428571428571429,0.4666666666666667,1.0,1.0,1.0,0.5270975056689343,0.37142857142857144,0.9285714285714286,0.4,1.0,1.0,1.0,0.6249691543283981,0.325,0.9285714285714286,0.35,1.0,1.0,1.0,0.6249691543283981,0.28888888888888886,0.9285714285714286,0.3111111111111111,1.0,1.0,1.0,0.6249691543283981,0.26,0.9285714285714286,0.28,1.0,1.0,1.0,0.6249691543283981,mpnet-dj_adpt,5,webtable-la2m-v=12-distilroberta-dj_adpt~qwen3_8b-dj_adpt
deaths_2012_2018_a.pq,1.0,0.09090909090909091,1.0,0.09090909090909091,1.0,1.0,0.09090909090909091,0.2,0.09090909090909091,1.0,0.45454545454545453,1.0,1.0,0.09090909090909091,0.6,0.5454545454545454,1.0,0.9090909090909091,1.0,1.0,0.31067821067821066,0.4,0.5454545454545454,0.7333333333333333,1.0,1.0,1.0,0.31067821067821066,0.45,0.8181818181818182,0.55,1.0,1.0,1.0,0.4252183489025594,0.4,0.9090909090909091,0.44,1.0,1.0,1.0,0.4685083921926027,0.3333333333333333,0.9090909090909091,0.36666666666666664,1.0,1.0,1.0,0.4685083921926027,0.2857142857142857,0.9090909090909091,0.3142857142857143,1.0,1.0,1.0,0.4685083921926027,0.275,1.0,0.275,1.0,1.0,1.0,0.49553541921962974,0.24444444444444444,1.0,0.24444444444444444,1.0,1.0,1.0,0.49553541921962974,0.22,1.0,0.22,1.0,1.0,1.0,0.49553541921962974,mpnet-dj_adpt,5,webtable-la2m-v=12-distilroberta-dj_adpt~qwen3_8b-dj_adpt
biodiversity_a.pq,1.0,0.09090909090909091,1.0,0.09090909090909091,1.0,1.0,0.09090909090909091,0.8,0.36363636363636365,1.0,0.45454545454545453,1.0,1.0,0.36363636363636365,0.4,0.36363636363636365,1.0,0.9090909090909091,1.0,1.0,0.36363636363636365,0.26666666666666666,0.36363636363636365,0.7333333333333333,1.0,1.0,1.0,0.36363636363636365,0.2,0.36363636363636365,0.55,1.0,1.0,1.0,0.36363636363636365,0.16,0.36363636363636365,0.44,1.0,1.0,1.0,0.36363636363636365,0.13333333333333333,0.36363636363636365,0.36666666666666664,1.0,1.0,1.0,0.36363636363636365,0.11428571428571428,0.36363636363636365,0.3142857142857143,1.0,1.0,1.0,0.36363636363636365,0.1,0.36363636363636365,0.275,1.0,1.0,1.0,0.36363636363636365,0.08888888888888889,0.36363636363636365,0.24444444444444444,1.0,1.0,1.0,0.36363636363636365,0.08,0.36363636363636365,0.22,1.0,1.0,1.0,0.36363636363636365,mpnet-dj_adpt,5,webtable-la2m-v=12-distilroberta-dj_adpt~qwen3_8b-dj_adpt
complaint_by_practice_a.pq,1.0,0.07692307692307693,1.0,0.07692307692307693,1.0,1.0,0.07692307692307693,0.4,0.15384615384615385,1.0,0.38461538461538464,1.0,1.0,0.15384615384615385,0.3,0.23076923076923078,1.0,0.7692307692307693,1.0,1.0,0.19230769230769232,0.2,0.23076923076923078,0.8666666666666667,1.0,1.0,1.0,0.19230769230769232,0.15,0.23076923076923078,0.65,1.0,1.0,1.0,0.19230769230769232,0.12,0.23076923076923078,0.52,1.0,1.0,1.0,0.19230769230769232,0.13333333333333333,0.3076923076923077,0.43333333333333335,1.0,1.0,1.0,0.20414201183431951,0.11428571428571428,0.3076923076923077,0.37142857142857144,1.0,1.0,1.0,0.20414201183431951,0.1,0.3076923076923077,0.325,1.0,1.0,1.0,0.20414201183431951,0.08888888888888889,0.3076923076923077,0.28888888888888886,1.0,1.0,1.0,0.20414201183431951,0.08,0.3076923076923077,0.26,1.0,1.0,1.0,0.20414201183431951,mpnet-dj_adpt,5,webtable-la2m-v=12-distilroberta-dj_adpt~qwen3_8b-dj_adpt
prescribing_b.pq,1.0,0.06666666666666667,1.0,0.06666666666666667,1.0,1.0,0.06666666666666667,0.2,0.06666666666666667,1.0,0.3333333333333333,1.0,1.0,0.06666666666666667,0.3,0.2,1.0,0.6666666666666666,1.0,1.0,0.11071428571428571,0.26666666666666666,0.26666666666666666,1.0,1.0,1.0,1.0,0.13495670995670997,0.25,0.3333333333333333,0.75,1.0,1.0,1.0,0.15162337662337663,0.36,0.6,0.6,1.0,1.0,1.0,0.2381053391053391,0.4666666666666667,0.9333333333333333,0.5,1.0,1.0,1.0,0.3804744557273293,0.4,0.9333333333333333,0.42857142857142855,1.0,1.0,1.0,0.3804744557273293,0.375,1.0,0.375,1.0,1.0,1.0,0.4054744557273293,0.3333333333333333,1.0,0.3333333333333333,1.0,1.0,1.0,0.4054744557273293,0.3,1.0,0.3,1.0,1.0,1.0,0.4054744557273293,mpnet-dj_adpt,5,webtable-la2m-v=12-distilroberta-dj_adpt~qwen3_8b-dj_adpt
purchasing_card_a.pq,1.0,0.07692307692307693,1.0,0.07692307692307693,1.0,1.0,0.07692307692307693,1.0,0.38461538461538464,1.0,0.38461538461538464,1.0,1.0,0.38461538461538464,1.0,0.7692307692307693,1.0,0.7692307692307693,1.0,1.0,0.7692307692307693,0.8666666666666667,1.0,0.8666666666666667,1.0,1.0,1.0,1.0,0.65,1.0,0.65,1.0,1.0,1.0,1.0,0.52,1.0,0.52,1.0,1.0,1.0,1.0,0.43333333333333335,1.0,0.43333333333333335,1.0,1.0,1.0,1.0,0.37142857142857144,1.0,0.37142857142857144,1.0,1.0,1.0,1.0,0.325,1.0,0.325,1.0,1.0,1.0,1.0,0.28888888888888886,1.0,0.28888888888888886,1.0,1.0,1.0,1.0,0.26,1.0,0.26,1.0,1.0,1.0,1.0,mpnet-dj_adpt,5,webtable-la2m-v=12-distilroberta-dj_adpt~qwen3_8b-dj_adpt
business_rates_a.pq,1.0,0.08333333333333333,1.0,0.08333333333333333,1.0,1.0,0.08333333333333333,1.0,0.4166666666666667,1.0,0.4166666666666667,1.0,1.0,0.4166666666666667,1.0,0.8333333333333334,1.0,0.8333333333333334,1.0,1.0,0.8333333333333334,0.8,1.0,0.8,1.0,1.0,1.0,1.0,0.6,1.0,0.6,1.0,1.0,1.0,1.0,0.48,1.0,0.48,1.0,1.0,1.0,1.0,0.4,1.0,0.4,1.0,1.0,1.0,1.0,0.34285714285714286,1.0,0.34285714285714286,1.0,1.0,1.0,1.0,0.3,1.0,0.3,1.0,1.0,1.0,1.0,0.26666666666666666,1.0,0.26666666666666666,1.0,1.0,1.0,1.0,0.24,1.0,0.24,1.0,1.0,1.0,1.0,kalm_instruct_v2_5-dj_adpt,6,webtable-la2m-v=12-distilroberta-dj_adpt~qwen3_8b-dj_adpt
contributors_parties_a.pq,1.0,0.047619047619047616,1.0,0.047619047619047616,1.0,1.0,0.047619047619047616,0.6,0.14285714285714285,1.0,0.23809523809523808,1.0,1.0,0.1,0.6,0.2857142857142857,1.0,0.47619047619047616,1.0,1.0,0.20147392290249433,0.6666666666666666,0.47619047619047616,1.0,0.7142857142857143,1.0,1.0,0.32091400662829234,0.7,0.6666666666666666,1.0,0.9523809523809523,1.0,1.0,0.4567448009343189,0.76,0.9047619047619048,0.84,1.0,1.0,1.0,0.6324918902838926,0.7,1.0,0.7,1.0,1.0,1.0,0.7061589639509663,0.6,1.0,0.6,1.0,1.0,1.0,0.7061589639509663,0.525,1.0,0.525,1.0,1.0,1.0,0.7061589639509663,0.4666666666666667,1.0,0.4666666666666667,1.0,1.0,1.0,0.7061589639509663,0.42,1.0,0.42,1.0,1.0,1.0,0.7061589639509663,kalm_instruct_v2_5-dj_adpt,6,webtable-la2m-v=12-distilroberta-dj_adpt~qwen3_8b-dj_adpt
immigration_records_a.pq,1.0,0.0625,1.0,0.0625,1.0,1.0,0.0625,1.0,0.3125,1.0,0.3125,1.0,1.0,0.3125,0.7,0.4375,1.0,0.625,1.0,1.0,0.4375,0.7333333333333333,0.6875,1.0,0.9375,1.0,1.0,0.6270136113886113,0.75,0.9375,0.8,1.0,1.0,1.0,0.8196359454099392,0.64,1.0,0.64,1.0,1.0,1.0,0.8672549930289868,0.5333333333333333,1.0,0.5333333333333333,1.0,1.0,1.0,0.8672549930289868,0.45714285714285713,1.0,0.45714285714285713,1.0,1.0,1.0,0.8672549930289868,0.4,1.0,0.4,1.0,1.0,1.0,0.8672549930289868,0.35555555555555557,1.0,0.35555555555555557,1.0,1.0,1.0,0.8672549930289868,0.32,1.0,0.32,1.0,1.0,1.0,0.8672549930289868,kalm_instruct_v2_5-dj_adpt,6,webtable-la2m-v=12-distilroberta-dj_adpt~qwen3_8b-dj_adpt
stockport_contracts_a.pq,1.0,0.07692307692307693,1.0,0.07692307692307693,1.0,1.0,0.07692307692307693,0.6,0.23076923076923078,1.0,0.38461538461538464,1.0,1.0,0.23076923076923078,0.5,0.38461538461538464,1.0,0.7692307692307693,1.0,1.0,0.32280219780219777,0.3333333333333333,0.38461538461538464,0.8666666666666667,1.0,1.0,1.0,0.32280219780219777,0.3,0.46153846153846156,0.65,1.0,1.0,1.0,0.34587912087912087,0.32,0.6153846153846154,0.52,1.0,1.0,1.0,0.395995670995671,0.26666666666666666,0.6153846153846154,0.43333333333333335,1.0,1.0,1.0,0.395995670995671,0.22857142857142856,0.6153846153846154,0.37142857142857144,1.0,1.0,1.0,0.395995670995671,0.25,0.7692307692307693,0.325,1.0,1.0,1.0,0.43443055558440175,0.24444444444444444,0.8461538461538461,0.28888888888888886,1.0,1.0,1.0,0.4545770757309219,0.24,0.9230769230769231,0.26,1.0,1.0,1.0,0.47341538028351215,kalm_instruct_v2_5-dj_adpt,6,webtable-la2m-v=12-distilroberta-dj_adpt~qwen3_8b-dj_adpt
practice_reference_b.pq,1.0,0.06666666666666667,1.0,0.06666666666666667,1.0,1.0,0.06666666666666667,1.0,0.3333333333333333,1.0,0.3333333333333333,1.0,1.0,0.3333333333333333,1.0,0.6666666666666666,1.0,0.6666666666666666,1.0,1.0,0.6666666666666666,1.0,1.0,1.0,1.0,1.0,1.0,1.0,0.75,1.0,0.75,1.0,1.0,1.0,1.0,0.6,1.0,0.6,1.0,1.0,1.0,1.0,0.5,1.0,0.5,1.0,1.0,1.0,1.0,0.42857142857142855,1.0,0.42857142857142855,1.0,1.0,1.0,1.0,0.375,1.0,0.375,1.0,1.0,1.0,1.0,0.3333333333333333,1.0,0.3333333333333333,1.0,1.0,1.0,1.0,0.3,1.0,0.3,1.0,1.0,1.0,1.0,kalm_instruct_v2_5-dj_adpt,6,webtable-la2m-v=12-distilroberta-dj_adpt~qwen3_8b-dj_adpt
abandoned_wells_a.pq,1.0,0.09090909090909091,1.0,0.09090909090909091,1.0,1.0,0.09090909090909091,1.0,0.45454545454545453,1.0,0.45454545454545453,1.0,1.0,0.45454545454545453,1.0,0.9090909090909091,1.0,0.9090909090909091,1.0,1.0,0.9090909090909091,0.7333333333333333,1.0,0.7333333333333333,1.0,1.0,1.0,1.0,0.55,1.0,0.55,1.0,1.0,1.0,1.0,0.44,1.0,0.44,1.0,1.0,1.0,1.0,0.36666666666666664,1.0,0.36666666666666664,1.0,1.0,1.0,1.0,0.3142857142857143,1.0,0.3142857142857143,1.0,1.0,1.0,1.0,0.275,1.0,0.275,1.0,1.0,1.0,1.0,0.24444444444444444,1.0,0.24444444444444444,1.0,1.0,1.0,1.0,0.22,1.0,0.22,1.0,1.0,1.0,1.0,kalm_instruct_v2_5-dj_adpt,6,webtable-la2m-v=12-distilroberta-dj_adpt~qwen3_8b-dj_adpt
monthly_data_feed_a.pq,1.0,0.07692307692307693,1.0,0.07692307692307693,1.0,1.0,0.07692307692307693,0.8,0.3076923076923077,1.0,0.38461538461538464,1.0,1.0,0.3076923076923077,0.5,0.38461538461538464,1.0,0.7692307692307693,1.0,1.0,0.34615384615384615,0.6666666666666666,0.7692307692307693,0.8666666666666667,1.0,1.0,1.0,0.5810535618227927,0.55,0.8461538461538461,0.65,1.0,1.0,1.0,0.633938177207408,0.48,0.9230769230769231,0.52,1.0,1.0,1.0,0.677894221163452,0.4,0.9230769230769231,0.43333333333333335,1.0,1.0,1.0,0.677894221163452,0.37142857142857144,1.0,0.37142857142857144,1.0,1.0,1.0,0.710152285679581,0.325,1.0,0.325,1.0,1.0,1.0,0.710152285679581,0.28888888888888886,1.0,0.28888888888888886,1.0,1.0,1.0,0.710152285679581,0.26,1.0,0.26,1.0,1.0,1.0,0.710152285679581,kalm_instruct_v2_5-dj_adpt,6,webtable-la2m-v=12-distilroberta-dj_adpt~qwen3_8b-dj_adpt
complaint_by_practice_a.pq,1.0,0.07692307692307693,1.0,0.07692307692307693,1.0,1.0,0.07692307692307693,0.8,0.3076923076923077,1.0,0.38461538461538464,1.0,1.0,0.3076923076923077,0.4,0.3076923076923077,1.0,0.7692307692307693,1.0,1.0,0.3076923076923077,0.26666666666666666,0.3076923076923077,0.8666666666666667,1.0,1.0,1.0,0.3076923076923077,0.2,0.3076923076923077,0.65,1.0,1.0,1.0,0.3076923076923077,0.16,0.3076923076923077,0.52,1.0,1.0,1.0,0.3076923076923077,0.13333333333333333,0.3076923076923077,0.43333333333333335,1.0,1.0,1.0,0.3076923076923077,0.11428571428571428,0.3076923076923077,0.37142857142857144,1.0,1.0,1.0,0.3076923076923077,0.1,0.3076923076923077,0.325,1.0,1.0,1.0,0.3076923076923077,0.08888888888888889,0.3076923076923077,0.28888888888888886,1.0,1.0,1.0,0.3076923076923077,0.08,0.3076923076923077,0.26,1.0,1.0,1.0,0.3076923076923077,kalm_instruct_v2_5-dj_adpt,6,webtable-la2m-v=12-distilroberta-dj_adpt~qwen3_8b-dj_adpt
albums_a.pq,1.0,0.0625,1.0,0.0625,1.0,1.0,0.0625,1.0,0.3125,1.0,0.3125,1.0,1.0,0.3125,1.0,0.625,1.0,0.625,1.0,1.0,0.625,1.0,0.9375,1.0,0.9375,1.0,1.0,0.9375,0.8,1.0,0.8,1.0,1.0,1.0,1.0,0.64,1.0,0.64,1.0,1.0,1.0,1.0,0.5333333333333333,1.0,0.5333333333333333,1.0,1.0,1.0,1.0,0.45714285714285713,1.0,0.45714285714285713,1.0,1.0,1.0,1.0,0.4,1.0,0.4,1.0,1.0,1.0,1.0,0.35555555555555557,1.0,0.35555555555555557,1.0,1.0,1.0,1.0,0.32,1.0,0.32,1.0,1.0,1.0,1.0,kalm_instruct_v2_5-dj_adpt,6,webtable-la2m-v=12-distilroberta-dj_adpt~qwen3_8b-dj_adpt
prescribing_a.pq,1.0,0.06666666666666667,1.0,0.06666666666666667,1.0,1.0,0.06666666666666667,1.0,0.3333333333333333,1.0,0.3333333333333333,1.0,1.0,0.3333333333333333,1.0,0.6666666666666666,1.0,0.6666666666666666,1.0,1.0,0.6666666666666666,1.0,1.0,1.0,1.0,1.0,1.0,1.0,0.75,1.0,0.75,1.0,1.0,1.0,1.0,0.6,1.0,0.6,1.0,1.0,1.0,1.0,0.5,1.0,0.5,1.0,1.0,1.0,1.0,0.42857142857142855,1.0,0.42857142857142855,1.0,1.0,1.0,1.0,0.375,1.0,0.375,1.0,1.0,1.0,1.0,0.3333333333333333,1.0,0.3333333333333333,1.0,1.0,1.0,1.0,0.3,1.0,0.3,1.0,1.0,1.0,1.0,kalm_instruct_v2_5-dj_adpt,6,webtable-la2m-v=12-distilroberta-dj_adpt~qwen3_8b-dj_adpt
report_card_discipline_for_2015_16_a.pq,1.0,0.09090909090909091,1.0,0.09090909090909091,1.0,1.0,0.09090909090909091,0.2,0.09090909090909091,1.0,0.45454545454545453,1.0,1.0,0.09090909090909091,0.1,0.09090909090909091,1.0,0.9090909090909091,1.0,1.0,0.09090909090909091,0.06666666666666667,0.09090909090909091,0.7333333333333333,1.0,1.0,1.0,0.09090909090909091,0.05,0.09090909090909091,0.55,1.0,1.0,1.0,0.09090909090909091,0.04,0.09090909090909091,0.44,1.0,1.0,1.0,0.09090909090909091,0.03333333333333333,0.09090909090909091,0.36666666666666664,1.0,1.0,1.0,0.09090909090909091,0.02857142857142857,0.09090909090909091,0.3142857142857143,1.0,1.0,1.0,0.09090909090909091,0.025,0.09090909090909091,0.275,1.0,1.0,1.0,0.09090909090909091,0.022222222222222223,0.09090909090909091,0.24444444444444444,1.0,1.0,1.0,0.09090909090909091,0.02,0.09090909090909091,0.22,1.0,1.0,1.0,0.09090909090909091,kalm_instruct_v2_5-dj_adpt,6,webtable-la2m-v=12-distilroberta-dj_adpt~qwen3_8b-dj_adpt
ydn_spending_data_b.pq,1.0,0.08333333333333333,1.0,0.08333333333333333,1.0,1.0,0.08333333333333333,0.2,0.08333333333333333,1.0,0.4166666666666667,1.0,1.0,0.08333333333333333,0.4,0.3333333333333333,1.0,0.8333333333333334,1.0,1.0,0.17542989417989419,0.3333333333333333,0.4166666666666667,0.8,1.0,1.0,1.0,0.20320767195767195,0.35,0.5833333333333334,0.6,1.0,1.0,1.0,0.2636243386243386,0.44,0.9166666666666666,0.48,1.0,1.0,1.0,0.4038876079636949,0.4,1.0,0.4,1.0,1.0,1.0,0.43960189367798064,0.34285714285714286,1.0,0.34285714285714286,1.0,1.0,1.0,0.43960189367798064,0.3,1.0,0.3,1.0,1.0,1.0,0.43960189367798064,0.26666666666666666,1.0,0.26666666666666666,1.0,1.0,1.0,0.43960189367798064,0.24,1.0,0.24,1.0,1.0,1.0,0.43960189367798064,kalm_instruct_v2_5-dj_adpt,6,webtable-la2m-v=12-distilroberta-dj_adpt~qwen3_8b-dj_adpt
mines_a.pq,1.0,0.07142857142857142,1.0,0.07142857142857142,1.0,1.0,0.07142857142857142,1.0,0.35714285714285715,1.0,0.35714285714285715,1.0,1.0,0.35714285714285715,1.0,0.7142857142857143,1.0,0.7142857142857143,1.0,1.0,0.7142857142857143,0.6666666666666666,0.7142857142857143,0.9333333333333333,1.0,1.0,1.0,0.7142857142857143,0.5,0.7142857142857143,0.7,1.0,1.0,1.0,0.7142857142857143,0.4,0.7142857142857143,0.56,1.0,1.0,1.0,0.7142857142857143,0.36666666666666664,0.7857142857142857,0.4666666666666667,1.0,1.0,1.0,0.7445054945054945,0.3142857142857143,0.7857142857142857,0.4,1.0,1.0,1.0,0.7445054945054945,0.3,0.8571428571428571,0.35,1.0,1.0,1.0,0.7664835164835164,0.26666666666666666,0.8571428571428571,0.3111111111111111,1.0,1.0,1.0,0.7664835164835164,0.24,0.8571428571428571,0.28,1.0,1.0,1.0,0.7664835164835164,kalm_instruct_v2_5-dj_adpt,6,webtable-la2m-v=12-distilroberta-dj_adpt~qwen3_8b-dj_adpt
animal_tag_data_b.pq,1.0,0.08333333333333333,1.0,0.08333333333333333,1.0,1.0,0.08333333333333333,1.0,0.4166666666666667,1.0,0.4166666666666667,1.0,1.0,0.4166666666666667,0.9,0.75,1.0,0.8333333333333334,1.0,1.0,0.7100859788359788,0.6666666666666666,0.8333333333333334,0.8,1.0,1.0,1.0,0.7858435545935546,0.55,0.9166666666666666,0.6,1.0,1.0,1.0,0.8431352212602213,0.44,0.9166666666666666,0.48,1.0,1.0,1.0,0.8431352212602213,0.36666666666666664,0.9166666666666666,0.4,1.0,1.0,1.0,0.8431352212602213,0.3142857142857143,0.9166666666666666,0.34285714285714286,1.0,1.0,1.0,0.8431352212602213,0.275,0.9166666666666666,0.3,1.0,1.0,1.0,0.8431352212602213,0.24444444444444444,0.9166666666666666,0.26666666666666666,1.0,1.0,1.0,0.8431352212602213,0.22,0.9166666666666666,0.24,1.0,1.0,1.0,0.8431352212602213,kalm_instruct_v2_5-dj_adpt,6,webtable-la2m-v=12-distilroberta-dj_adpt~qwen3_8b-dj_adpt
workforce_management_information_b.pq,1.0,0.05555555555555555,1.0,0.05555555555555555,1.0,1.0,0.05555555555555555,1.0,0.2777777777777778,1.0,0.2777777777777778,1.0,1.0,0.2777777777777778,1.0,0.5555555555555556,1.0,0.5555555555555556,1.0,1.0,0.5555555555555556,0.8666666666666667,0.7222222222222222,1.0,0.8333333333333334,1.0,1.0,0.7222222222222222,0.65,0.7222222222222222,0.9,1.0,1.0,1.0,0.7222222222222222,0.52,0.7222222222222222,0.72,1.0,1.0,1.0,0.7222222222222222,0.43333333333333335,0.7222222222222222,0.6,1.0,1.0,1.0,0.7222222222222222,0.37142857142857144,0.7222222222222222,0.5142857142857142,1.0,1.0,1.0,0.7222222222222222,0.325,0.7222222222222222,0.45,1.0,1.0,1.0,0.7222222222222222,0.28888888888888886,0.7222222222222222,0.4,1.0,1.0,1.0,0.7222222222222222,0.26,0.7222222222222222,0.36,1.0,1.0,1.0,0.7222222222222222,kalm_instruct_v2_5-dj_adpt,6,webtable-la2m-v=12-distilroberta-dj_adpt~qwen3_8b-dj_adpt
data_mill_a.pq,1.0,0.07142857142857142,1.0,0.07142857142857142,1.0,1.0,0.07142857142857142,1.0,0.35714285714285715,1.0,0.35714285714285715,1.0,1.0,0.35714285714285715,0.7,0.5,1.0,0.7142857142857143,1.0,1.0,0.46071428571428574,0.7333333333333333,0.7857142857142857,0.9333333333333333,1.0,1.0,1.0,0.677301270158413,0.55,0.7857142857142857,0.7,1.0,1.0,1.0,0.677301270158413,0.52,0.9285714285714286,0.56,1.0,1.0,1.0,0.7501584130155559,0.4666666666666667,1.0,0.4666666666666667,1.0,1.0,1.0,0.787195450052593,0.4,1.0,0.4,1.0,1.0,1.0,0.787195450052593,0.35,1.0,0.35,1.0,1.0,1.0,0.787195450052593,0.3111111111111111,1.0,0.3111111111111111,1.0,1.0,1.0,0.787195450052593,0.28,1.0,0.28,1.0,1.0,1.0,0.787195450052593,kalm_instruct_v2_5-dj_adpt,6,webtable-la2m-v=12-distilroberta-dj_adpt~qwen3_8b-dj_adpt
cihr_co-applicant_a.pq,1.0,0.08333333333333333,1.0,0.08333333333333333,1.0,1.0,0.08333333333333333,1.0,0.4166666666666667,1.0,0.4166666666666667,1.0,1.0,0.4166666666666667,1.0,0.8333333333333334,1.0,0.8333333333333334,1.0,1.0,0.8333333333333334,0.8,1.0,0.8,1.0,1.0,1.0,1.0,0.6,1.0,0.6,1.0,1.0,1.0,1.0,0.48,1.0,0.48,1.0,1.0,1.0,1.0,0.4,1.0,0.4,1.0,1.0,1.0,1.0,0.34285714285714286,1.0,0.34285714285714286,1.0,1.0,1.0,1.0,0.3,1.0,0.3,1.0,1.0,1.0,1.0,0.26666666666666666,1.0,0.26666666666666666,1.0,1.0,1.0,1.0,0.24,1.0,0.24,1.0,1.0,1.0,1.0,kalm_instruct_v2_5-dj_adpt,6,webtable-la2m-v=12-distilroberta-dj_adpt~qwen3_8b-dj_adpt
practice_reference_a.pq,1.0,0.06666666666666667,1.0,0.06666666666666667,1.0,1.0,0.06666666666666667,1.0,0.3333333333333333,1.0,0.3333333333333333,1.0,1.0,0.3333333333333333,1.0,0.6666666666666666,1.0,0.6666666666666666,1.0,1.0,0.6666666666666666,1.0,1.0,1.0,1.0,1.0,1.0,1.0,0.75,1.0,0.75,1.0,1.0,1.0,1.0,0.6,1.0,0.6,1.0,1.0,1.0,1.0,0.5,1.0,0.5,1.0,1.0,1.0,1.0,0.42857142857142855,1.0,0.42857142857142855,1.0,1.0,1.0,1.0,0.375,1.0,0.375,1.0,1.0,1.0,1.0,0.3333333333333333,1.0,0.3333333333333333,1.0,1.0,1.0,1.0,0.3,1.0,0.3,1.0,1.0,1.0,1.0,kalm_instruct_v2_5-dj_adpt,6,webtable-la2m-v=12-distilroberta-dj_adpt~qwen3_8b-dj_adpt
purchasing_card_a.pq,1.0,0.07692307692307693,1.0,0.07692307692307693,1.0,1.0,0.07692307692307693,0.8,0.3076923076923077,1.0,0.38461538461538464,1.0,1.0,0.3076923076923077,0.5,0.38461538461538464,1.0,0.7692307692307693,1.0,1.0,0.3626373626373626,0.4666666666666667,0.5384615384615384,0.8666666666666667,1.0,1.0,1.0,0.43956043956043955,0.6,0.9230769230769231,0.65,1.0,1.0,1.0,0.652169261766785,0.52,1.0,0.52,1.0,1.0,1.0,0.6997883093858326,0.43333333333333335,1.0,0.43333333333333335,1.0,1.0,1.0,0.6997883093858326,0.37142857142857144,1.0,0.37142857142857144,1.0,1.0,1.0,0.6997883093858326,0.325,1.0,0.325,1.0,1.0,1.0,0.6997883093858326,0.28888888888888886,1.0,0.28888888888888886,1.0,1.0,1.0,0.6997883093858326,0.26,1.0,0.26,1.0,1.0,1.0,0.6997883093858326,kalm_instruct_v2_5-dj_adpt,6,webtable-la2m-v=12-distilroberta-dj_adpt~qwen3_8b-dj_adpt
time_spent_watching_vcr_movies_a.pq,1.0,0.09090909090909091,1.0,0.09090909090909091,1.0,1.0,0.09090909090909091,0.2,0.09090909090909091,1.0,0.45454545454545453,1.0,1.0,0.09090909090909091,0.1,0.09090909090909091,1.0,0.9090909090909091,1.0,1.0,0.09090909090909091,0.06666666666666667,0.09090909090909091,0.7333333333333333,1.0,1.0,1.0,0.09090909090909091,0.05,0.09090909090909091,0.55,1.0,1.0,1.0,0.09090909090909091,0.16,0.36363636363636365,0.44,1.0,1.0,1.0,0.12618277638040484,0.23333333333333334,0.6363636363636364,0.36666666666666664,1.0,1.0,1.0,0.18444188636365275,0.2,0.6363636363636364,0.3142857142857143,1.0,1.0,1.0,0.18444188636365275,0.2,0.7272727272727273,0.275,1.0,1.0,1.0,0.2040979060196724,0.17777777777777778,0.7272727272727273,0.24444444444444444,1.0,1.0,1.0,0.2040979060196724,0.16,0.7272727272727273,0.22,1.0,1.0,1.0,0.2040979060196724,kalm_instruct_v2_5-dj_adpt,6,webtable-la2m-v=12-distilroberta-dj_adpt~qwen3_8b-dj_adpt
lane_description_b.pq,1.0,0.0625,1.0,0.0625,1.0,1.0,0.0625,1.0,0.3125,1.0,0.3125,1.0,1.0,0.3125,1.0,0.625,1.0,0.625,1.0,1.0,0.625,0.9333333333333333,0.875,1.0,0.9375,1.0,1.0,0.8708333333333333,0.8,1.0,0.8,1.0,1.0,1.0,0.9882506127450981,0.64,1.0,0.64,1.0,1.0,1.0,0.9882506127450981,0.5333333333333333,1.0,0.5333333333333333,1.0,1.0,1.0,0.9882506127450981,0.45714285714285713,1.0,0.45714285714285713,1.0,1.0,1.0,0.9882506127450981,0.4,1.0,0.4,1.0,1.0,1.0,0.9882506127450981,0.35555555555555557,1.0,0.35555555555555557,1.0,1.0,1.0,0.9882506127450981,0.32,1.0,0.32,1.0,1.0,1.0,0.9882506127450981,kalm_instruct_v2_5-dj_adpt,6,webtable-la2m-v=12-distilroberta-dj_adpt~qwen3_8b-dj_adpt
wholesale_markets_a.pq,1.0,0.09090909090909091,1.0,0.09090909090909091,1.0,1.0,0.09090909090909091,0.2,0.09090909090909091,1.0,0.45454545454545453,1.0,1.0,0.09090909090909091,0.1,0.09090909090909091,1.0,0.9090909090909091,1.0,1.0,0.09090909090909091,0.06666666666666667,0.09090909090909091,0.7333333333333333,1.0,1.0,1.0,0.09090909090909091,0.05,0.09090909090909091,0.55,1.0,1.0,1.0,0.09090909090909091,0.04,0.09090909090909091,0.44,1.0,1.0,1.0,0.09090909090909091,0.03333333333333333,0.09090909090909091,0.36666666666666664,1.0,1.0,1.0,0.09090909090909091,0.02857142857142857,0.09090909090909091,0.3142857142857143,1.0,1.0,1.0,0.09090909090909091,0.025,0.09090909090909091,0.275,1.0,1.0,1.0,0.09090909090909091,0.022222222222222223,0.09090909090909091,0.24444444444444444,1.0,1.0,1.0,0.09090909090909091,0.02,0.09090909090909091,0.22,1.0,1.0,1.0,0.09090909090909091,kalm_instruct_v2_5-dj_adpt,6,webtable-la2m-v=12-distilroberta-dj_adpt~qwen3_8b-dj_adpt
film_locations_in_san_francisco_a.pq,1.0,0.07692307692307693,1.0,0.07692307692307693,1.0,1.0,0.07692307692307693,0.6,0.23076923076923078,1.0,0.38461538461538464,1.0,1.0,0.16153846153846155,0.8,0.6153846153846154,1.0,0.7692307692307693,1.0,1.0,0.4468253968253968,0.8666666666666667,1.0,0.8666666666666667,1.0,1.0,1.0,0.7715545138622062,0.65,1.0,0.65,1.0,1.0,1.0,0.7715545138622062,0.52,1.0,0.52,1.0,1.0,1.0,0.7715545138622062,0.43333333333333335,1.0,0.43333333333333335,1.0,1.0,1.0,0.7715545138622062,0.37142857142857144,1.0,0.37142857142857144,1.0,1.0,1.0,0.7715545138622062,0.325,1.0,0.325,1.0,1.0,1.0,0.7715545138622062,0.28888888888888886,1.0,0.28888888888888886,1.0,1.0,1.0,0.7715545138622062,0.26,1.0,0.26,1.0,1.0,1.0,0.7715545138622062,kalm_instruct_v2_5-dj_adpt,6,webtable-la2m-v=12-distilroberta-dj_adpt~qwen3_8b-dj_adpt
cdc_nutrition_physical_activity_and_obesity_legislation_a.pq,1.0,0.09090909090909091,1.0,0.09090909090909091,1.0,1.0,0.09090909090909091,0.2,0.09090909090909091,1.0,0.45454545454545453,1.0,1.0,0.09090909090909091,0.1,0.09090909090909091,1.0,0.9090909090909091,1.0,1.0,0.09090909090909091,0.06666666666666667,0.09090909090909091,0.7333333333333333,1.0,1.0,1.0,0.09090909090909091,0.05,0.09090909090909091,0.55,1.0,1.0,1.0,0.09090909090909091,0.04,0.09090909090909091,0.44,1.0,1.0,1.0,0.09090909090909091,0.03333333333333333,0.09090909090909091,0.36666666666666664,1.0,1.0,1.0,0.09090909090909091,0.02857142857142857,0.09090909090909091,0.3142857142857143,1.0,1.0,1.0,0.09090909090909091,0.025,0.09090909090909091,0.275,1.0,1.0,1.0,0.09090909090909091,0.022222222222222223,0.09090909090909091,0.24444444444444444,1.0,1.0,1.0,0.09090909090909091,0.02,0.09090909090909091,0.22,1.0,1.0,1.0,0.09090909090909091,kalm_instruct_v2_5-dj_adpt,6,webtable-la2m-v=12-distilroberta-dj_adpt~qwen3_8b-dj_adpt
biodiversity_a.pq,1.0,0.09090909090909091,1.0,0.09090909090909091,1.0,1.0,0.09090909090909091,0.2,0.09090909090909091,1.0,0.45454545454545453,1.0,1.0,0.09090909090909091,0.1,0.09090909090909091,1.0,0.9090909090909091,1.0,1.0,0.09090909090909091,0.2,0.2727272727272727,0.7333333333333333,1.0,1.0,1.0,0.12207792207792209,0.2,0.36363636363636365,0.55,1.0,1.0,1.0,0.14346829640947287,0.16,0.36363636363636365,0.44,1.0,1.0,1.0,0.14346829640947287,0.16666666666666666,0.45454545454545453,0.36666666666666664,1.0,1.0,1.0,0.15914227760069546,0.14285714285714285,0.45454545454545453,0.3142857142857143,1.0,1.0,1.0,0.15914227760069546,0.125,0.45454545454545453,0.275,1.0,1.0,1.0,0.15914227760069546,0.13333333333333333,0.5454545454545454,0.24444444444444444,1.0,1.0,1.0,0.17182726702987094,0.12,0.5454545454545454,0.22,1.0,1.0,1.0,0.17182726702987094,kalm_instruct_v2_5-dj_adpt,6,webtable-la2m-v=12-distilroberta-dj_adpt~qwen3_8b-dj_adpt
complaint_by_practice_b.pq,1.0,0.07692307692307693,1.0,0.07692307692307693,1.0,1.0,0.07692307692307693,0.8,0.3076923076923077,1.0,0.38461538461538464,1.0,1.0,0.29230769230769227,0.9,0.6923076923076923,1.0,0.7692307692307693,1.0,1.0,0.6272588522588524,0.8666666666666667,1.0,0.8666666666666667,1.0,1.0,1.0,0.9101362312900775,0.65,1.0,0.65,1.0,1.0,1.0,0.9101362312900775,0.52,1.0,0.52,1.0,1.0,1.0,0.9101362312900775,0.43333333333333335,1.0,0.43333333333333335,1.0,1.0,1.0,0.9101362312900775,0.37142857142857144,1.0,0.37142857142857144,1.0,1.0,1.0,0.9101362312900775,0.325,1.0,0.325,1.0,1.0,1.0,0.9101362312900775,0.28888888888888886,1.0,0.28888888888888886,1.0,1.0,1.0,0.9101362312900775,0.26,1.0,0.26,1.0,1.0,1.0,0.9101362312900775,kalm_instruct_v2_5-dj_adpt,6,webtable-la2m-v=12-distilroberta-dj_adpt~qwen3_8b-dj_adpt
psyckes_antipsychotic_polypharmacy_quality_indicators_beginning_2012_a.pq,1.0,0.09090909090909091,1.0,0.09090909090909091,1.0,1.0,0.09090909090909091,0.2,0.09090909090909091,1.0,0.45454545454545453,1.0,1.0,0.09090909090909091,0.1,0.09090909090909091,1.0,0.9090909090909091,1.0,1.0,0.09090909090909091,0.3333333333333333,0.45454545454545453,0.7333333333333333,1.0,1.0,1.0,0.18469409378500287,0.5,0.9090909090909091,0.55,1.0,1.0,1.0,0.38513894477164956,0.4,0.9090909090909091,0.44,1.0,1.0,1.0,0.38513894477164956,0.3333333333333333,0.9090909090909091,0.36666666666666664,1.0,1.0,1.0,0.38513894477164956,0.2857142857142857,0.9090909090909091,0.3142857142857143,1.0,1.0,1.0,0.38513894477164956,0.25,0.9090909090909091,0.275,1.0,1.0,1.0,0.38513894477164956,0.2222222222222222,0.9090909090909091,0.24444444444444444,1.0,1.0,1.0,0.38513894477164956,0.2,0.9090909090909091,0.22,1.0,1.0,1.0,0.38513894477164956,kalm_instruct_v2_5-dj_adpt,6,webtable-la2m-v=12-distilroberta-dj_adpt~qwen3_8b-dj_adpt
311_calls_historic_data_a.pq,1.0,0.09090909090909091,1.0,0.09090909090909091,1.0,1.0,0.09090909090909091,0.2,0.09090909090909091,1.0,0.45454545454545453,1.0,1.0,0.09090909090909091,0.6,0.5454545454545454,1.0,0.9090909090909091,1.0,1.0,0.31067821067821066,0.7333333333333333,1.0,0.7333333333333333,1.0,1.0,1.0,0.6236743054924873,0.55,1.0,0.55,1.0,1.0,1.0,0.6236743054924873,0.44,1.0,0.44,1.0,1.0,1.0,0.6236743054924873,0.36666666666666664,1.0,0.36666666666666664,1.0,1.0,1.0,0.6236743054924873,0.3142857142857143,1.0,0.3142857142857143,1.0,1.0,1.0,0.6236743054924873,0.275,1.0,0.275,1.0,1.0,1.0,0.6236743054924873,0.24444444444444444,1.0,0.24444444444444444,1.0,1.0,1.0,0.6236743054924873,0.22,1.0,0.22,1.0,1.0,1.0,0.6236743054924873,kalm_instruct_v2_5-dj_adpt,6,webtable-la2m-v=12-distilroberta-dj_adpt~qwen3_8b-dj_adpt
civic_building_locations_a.pq,1.0,0.08333333333333333,1.0,0.08333333333333333,1.0,1.0,0.08333333333333333,1.0,0.4166666666666667,1.0,0.4166666666666667,1.0,1.0,0.4166666666666667,0.6,0.5,1.0,0.8333333333333334,1.0,1.0,0.5,0.4666666666666667,0.5833333333333334,0.8,1.0,1.0,1.0,0.5448717948717948,0.35,0.5833333333333334,0.6,1.0,1.0,1.0,0.5448717948717948,0.32,0.6666666666666666,0.48,1.0,1.0,1.0,0.5715384615384616,0.3,0.75,0.4,1.0,1.0,1.0,0.5983241758241759,0.2857142857142857,0.8333333333333334,0.34285714285714286,1.0,1.0,1.0,0.6252058962542834,0.25,0.8333333333333334,0.3,1.0,1.0,1.0,0.6252058962542834,0.2222222222222222,0.8333333333333334,0.26666666666666666,1.0,1.0,1.0,0.6252058962542834,0.2,0.8333333333333334,0.24,1.0,1.0,1.0,0.6252058962542834,kalm_instruct_v2_5-dj_adpt,6,webtable-la2m-v=12-distilroberta-dj_adpt~qwen3_8b-dj_adpt
job_pay_scales_a.pq,1.0,0.06666666666666667,1.0,0.06666666666666667,1.0,1.0,0.06666666666666667,1.0,0.3333333333333333,1.0,0.3333333333333333,1.0,1.0,0.3333333333333333,0.8,0.5333333333333333,1.0,0.6666666666666666,1.0,1.0,0.5333333333333333,0.8,0.8,1.0,1.0,1.0,1.0,0.756987456987457,0.6,0.8,0.75,1.0,1.0,1.0,0.756987456987457,0.48,0.8,0.6,1.0,1.0,1.0,0.756987456987457,0.4,0.8,0.5,1.0,1.0,1.0,0.756987456987457,0.34285714285714286,0.8,0.42857142857142855,1.0,1.0,1.0,0.756987456987457,0.3,0.8,0.375,1.0,1.0,1.0,0.756987456987457,0.3111111111111111,0.9333333333333333,0.3333333333333333,1.0,1.0,1.0,0.7983631183631184,0.3,1.0,0.3,1.0,1.0,1.0,0.8201022487979011,kalm_instruct_v2_5-dj_adpt,6,webtable-la2m-v=12-distilroberta-dj_adpt~qwen3_8b-dj_adpt
monthly_data_feed_b.pq,1.0,0.07692307692307693,1.0,0.07692307692307693,1.0,1.0,0.07692307692307693,0.4,0.15384615384615385,1.0,0.38461538461538464,1.0,1.0,0.15384615384615385,0.3,0.23076923076923078,1.0,0.7692307692307693,1.0,1.0,0.1868131868131868,0.4666666666666667,0.5384615384615384,0.8666666666666667,1.0,1.0,1.0,0.31090448013524935,0.6,0.9230769230769231,0.65,1.0,1.0,1.0,0.5235133023415948,0.52,1.0,0.52,1.0,1.0,1.0,0.5711323499606424,0.43333333333333335,1.0,0.43333333333333335,1.0,1.0,1.0,0.5711323499606424,0.37142857142857144,1.0,0.37142857142857144,1.0,1.0,1.0,0.5711323499606424,0.325,1.0,0.325,1.0,1.0,1.0,0.5711323499606424,0.28888888888888886,1.0,0.28888888888888886,1.0,1.0,1.0,0.5711323499606424,0.26,1.0,0.26,1.0,1.0,1.0,0.5711323499606424,kalm_instruct_v2_5-dj_adpt,6,webtable-la2m-v=12-distilroberta-dj_adpt~qwen3_8b-dj_adpt
cihr_co-applicant_b.pq,1.0,0.08333333333333333,1.0,0.08333333333333333,1.0,1.0,0.08333333333333333,0.8,0.3333333333333333,1.0,0.4166666666666667,1.0,1.0,0.31666666666666665,0.9,0.75,1.0,0.8333333333333334,1.0,1.0,0.6795304232804233,0.8,1.0,0.8,1.0,1.0,1.0,0.9085999648499649,0.6,1.0,0.6,1.0,1.0,1.0,0.9085999648499649,0.48,1.0,0.48,1.0,1.0,1.0,0.9085999648499649,0.4,1.0,0.4,1.0,1.0,1.0,0.9085999648499649,0.34285714285714286,1.0,0.34285714285714286,1.0,1.0,1.0,0.9085999648499649,0.3,1.0,0.3,1.0,1.0,1.0,0.9085999648499649,0.26666666666666666,1.0,0.26666666666666666,1.0,1.0,1.0,0.9085999648499649,0.24,1.0,0.24,1.0,1.0,1.0,0.9085999648499649,kalm_instruct_v2_5-dj_adpt,6,webtable-la2m-v=12-distilroberta-dj_adpt~qwen3_8b-dj_adpt
lane_description_a.pq,1.0,0.0625,1.0,0.0625,1.0,1.0,0.0625,1.0,0.3125,1.0,0.3125,1.0,1.0,0.3125,1.0,0.625,1.0,0.625,1.0,1.0,0.625,1.0,0.9375,1.0,0.9375,1.0,1.0,0.9375,0.8,1.0,0.8,1.0,1.0,1.0,0.9963235294117647,0.64,1.0,0.64,1.0,1.0,1.0,0.9963235294117647,0.5333333333333333,1.0,0.5333333333333333,1.0,1.0,1.0,0.9963235294117647,0.45714285714285713,1.0,0.45714285714285713,1.0,1.0,1.0,0.9963235294117647,0.4,1.0,0.4,1.0,1.0,1.0,0.9963235294117647,0.35555555555555557,1.0,0.35555555555555557,1.0,1.0,1.0,0.9963235294117647,0.32,1.0,0.32,1.0,1.0,1.0,0.9963235294117647,kalm_instruct_v2_5-dj_adpt,6,webtable-la2m-v=12-distilroberta-dj_adpt~qwen3_8b-dj_adpt
mines_b.pq,1.0,0.07142857142857142,1.0,0.07142857142857142,1.0,1.0,0.07142857142857142,0.4,0.14285714285714285,1.0,0.35714285714285715,1.0,1.0,0.11904761904761904,0.2,0.14285714285714285,1.0,0.7142857142857143,1.0,1.0,0.11904761904761904,0.13333333333333333,0.14285714285714285,0.9333333333333333,1.0,1.0,1.0,0.11904761904761904,0.1,0.14285714285714285,0.7,1.0,1.0,1.0,0.11904761904761904,0.08,0.14285714285714285,0.56,1.0,1.0,1.0,0.11904761904761904,0.06666666666666667,0.14285714285714285,0.4666666666666667,1.0,1.0,1.0,0.11904761904761904,0.05714285714285714,0.14285714285714285,0.4,1.0,1.0,1.0,0.11904761904761904,0.05,0.14285714285714285,0.35,1.0,1.0,1.0,0.11904761904761904,0.044444444444444446,0.14285714285714285,0.3111111111111111,1.0,1.0,1.0,0.11904761904761904,0.04,0.14285714285714285,0.28,1.0,1.0,1.0,0.11904761904761904,kalm_instruct_v2_5-dj_adpt,6,webtable-la2m-v=12-distilroberta-dj_adpt~qwen3_8b-dj_adpt
minister_meetings_a.pq,1.0,0.1,1.0,0.1,1.0,1.0,0.1,0.8,0.4,1.0,0.5,1.0,1.0,0.4,0.6,0.6,1.0,1.0,1.0,1.0,0.5380952380952382,0.6666666666666666,1.0,0.6666666666666666,1.0,1.0,1.0,0.788919413919414,0.5,1.0,0.5,1.0,1.0,1.0,0.788919413919414,0.4,1.0,0.4,1.0,1.0,1.0,0.788919413919414,0.3333333333333333,1.0,0.3333333333333333,1.0,1.0,1.0,0.788919413919414,0.2857142857142857,1.0,0.2857142857142857,1.0,1.0,1.0,0.788919413919414,0.25,1.0,0.25,1.0,1.0,1.0,0.788919413919414,0.2222222222222222,1.0,0.2222222222222222,1.0,1.0,1.0,0.788919413919414,0.2,1.0,0.2,1.0,1.0,1.0,0.788919413919414,kalm_instruct_v2_5-dj_adpt,6,webtable-la2m-v=12-distilroberta-dj_adpt~qwen3_8b-dj_adpt
deaths_2012_2018_a.pq,1.0,0.09090909090909091,1.0,0.09090909090909091,1.0,1.0,0.09090909090909091,1.0,0.45454545454545453,1.0,0.45454545454545453,1.0,1.0,0.45454545454545453,0.6,0.5454545454545454,1.0,0.9090909090909091,1.0,1.0,0.5454545454545454,0.6666666666666666,0.9090909090909091,0.7333333333333333,1.0,1.0,1.0,0.7782974601156419,0.55,1.0,0.55,1.0,1.0,1.0,0.8407974601156419,0.44,1.0,0.44,1.0,1.0,1.0,0.8407974601156419,0.36666666666666664,1.0,0.36666666666666664,1.0,1.0,1.0,0.8407974601156419,0.3142857142857143,1.0,0.3142857142857143,1.0,1.0,1.0,0.8407974601156419,0.275,1.0,0.275,1.0,1.0,1.0,0.8407974601156419,0.24444444444444444,1.0,0.24444444444444444,1.0,1.0,1.0,0.8407974601156419,0.22,1.0,0.22,1.0,1.0,1.0,0.8407974601156419,kalm_instruct_v2_5-dj_adpt,6,webtable-la2m-v=12-distilroberta-dj_adpt~qwen3_8b-dj_adpt
new_york_city_restaurant_inspection_results_a.pq,1.0,0.03225806451612903,1.0,0.03225806451612903,1.0,1.0,0.03225806451612903,1.0,0.16129032258064516,1.0,0.16129032258064516,1.0,1.0,0.16129032258064516,1.0,0.3225806451612903,1.0,0.3225806451612903,1.0,1.0,0.3225806451612903,0.7333333333333333,0.3548387096774194,1.0,0.4838709677419355,1.0,1.0,0.3548387096774194,0.55,0.3548387096774194,1.0,0.6451612903225806,1.0,1.0,0.3548387096774194,0.52,0.41935483870967744,1.0,0.8064516129032258,1.0,1.0,0.387741935483871,0.6,0.5806451612903226,1.0,0.967741935483871,1.0,1.0,0.47973072780636744,0.6,0.6774193548387096,0.8857142857142857,1.0,1.0,1.0,0.5401909491666929,0.525,0.6774193548387096,0.775,1.0,1.0,1.0,0.5401909491666929,0.4666666666666667,0.6774193548387096,0.6888888888888889,1.0,1.0,1.0,0.5401909491666929,0.42,0.6774193548387096,0.62,1.0,1.0,1.0,0.5401909491666929,kalm_instruct_v2_5-dj_adpt,6,webtable-la2m-v=12-distilroberta-dj_adpt~qwen3_8b-dj_adpt
oil_and_gas_summary_production_data_1967_1999_a.pq,1.0,0.09090909090909091,1.0,0.09090909090909091,1.0,1.0,0.09090909090909091,1.0,0.45454545454545453,1.0,0.45454545454545453,1.0,1.0,0.45454545454545453,0.6,0.5454545454545454,1.0,0.9090909090909091,1.0,1.0,0.5454545454545454,0.4,0.5454545454545454,0.7333333333333333,1.0,1.0,1.0,0.5454545454545454,0.3,0.5454545454545454,0.55,1.0,1.0,1.0,0.5454545454545454,0.24,0.5454545454545454,0.44,1.0,1.0,1.0,0.5454545454545454,0.2,0.5454545454545454,0.36666666666666664,1.0,1.0,1.0,0.5454545454545454,0.17142857142857143,0.5454545454545454,0.3142857142857143,1.0,1.0,1.0,0.5454545454545454,0.15,0.5454545454545454,0.275,1.0,1.0,1.0,0.5454545454545454,0.15555555555555556,0.6363636363636364,0.24444444444444444,1.0,1.0,1.0,0.5599173553719008,0.16,0.7272727272727273,0.22,1.0,1.0,1.0,0.5757276320517427,kalm_instruct_v2_5-dj_adpt,6,webtable-la2m-v=12-distilroberta-dj_adpt~qwen3_8b-dj_adpt
contributors_parties_b.pq,1.0,0.047619047619047616,1.0,0.047619047619047616,1.0,1.0,0.047619047619047616,0.6,0.14285714285714285,1.0,0.23809523809523808,1.0,1.0,0.14285714285714285,0.4,0.19047619047619047,1.0,0.47619047619047616,1.0,1.0,0.1746031746031746,0.26666666666666666,0.19047619047619047,1.0,0.7142857142857143,1.0,1.0,0.1746031746031746,0.2,0.19047619047619047,1.0,0.9523809523809523,1.0,1.0,0.1746031746031746,0.16,0.19047619047619047,0.84,1.0,1.0,1.0,0.1746031746031746,0.13333333333333333,0.19047619047619047,0.7,1.0,1.0,1.0,0.1746031746031746,0.14285714285714285,0.23809523809523808,0.6,1.0,1.0,1.0,0.18140589569160998,0.2,0.38095238095238093,0.525,1.0,1.0,1.0,0.20837647529376854,0.2,0.42857142857142855,0.4666666666666667,1.0,1.0,1.0,0.21790028481757806,0.26,0.6190476190476191,0.42,1.0,1.0,1.0,0.26368284946230736,kalm_instruct_v2_5-dj_adpt,6,webtable-la2m-v=12-distilroberta-dj_adpt~qwen3_8b-dj_adpt
prescribing_b.pq,1.0,0.06666666666666667,1.0,0.06666666666666667,1.0,1.0,0.06666666666666667,1.0,0.3333333333333333,1.0,0.3333333333333333,1.0,1.0,0.3333333333333333,1.0,0.6666666666666666,1.0,0.6666666666666666,1.0,1.0,0.6666666666666666,1.0,1.0,1.0,1.0,1.0,1.0,1.0,0.75,1.0,0.75,1.0,1.0,1.0,1.0,0.6,1.0,0.6,1.0,1.0,1.0,1.0,0.5,1.0,0.5,1.0,1.0,1.0,1.0,0.42857142857142855,1.0,0.42857142857142855,1.0,1.0,1.0,1.0,0.375,1.0,0.375,1.0,1.0,1.0,1.0,0.3333333333333333,1.0,0.3333333333333333,1.0,1.0,1.0,1.0,0.3,1.0,0.3,1.0,1.0,1.0,1.0,kalm_instruct_v2_5-dj_adpt,6,webtable-la2m-v=12-distilroberta-dj_adpt~qwen3_8b-dj_adpt
senior_officials_expenses_a.pq,1.0,0.09090909090909091,1.0,0.09090909090909091,1.0,1.0,0.09090909090909091,0.6,0.2727272727272727,1.0,0.45454545454545453,1.0,1.0,0.2196969696969697,0.4,0.36363636363636365,1.0,0.9090909090909091,1.0,1.0,0.2803030303030303,0.5333333333333333,0.7272727272727273,0.7333333333333333,1.0,1.0,1.0,0.4679789907062634,0.45,0.8181818181818182,0.55,1.0,1.0,1.0,0.519115354342627,0.36,0.8181818181818182,0.44,1.0,1.0,1.0,0.519115354342627,0.3,0.8181818181818182,0.36666666666666664,1.0,1.0,1.0,0.519115354342627,0.2857142857142857,0.9090909090909091,0.3142857142857143,1.0,1.0,1.0,0.5458533222570655,0.25,0.9090909090909091,0.275,1.0,1.0,1.0,0.5458533222570655,0.2222222222222222,0.9090909090909091,0.24444444444444444,1.0,1.0,1.0,0.5458533222570655,0.2,0.9090909090909091,0.22,1.0,1.0,1.0,0.5458533222570655,kalm_instruct_v2_5-dj_adpt,6,webtable-la2m-v=12-distilroberta-dj_adpt~qwen3_8b-dj_adpt
stockport_contracts_b.pq,1.0,0.07692307692307693,1.0,0.07692307692307693,1.0,1.0,0.07692307692307693,0.6,0.23076923076923078,1.0,0.38461538461538464,1.0,1.0,0.2,0.4,0.3076923076923077,1.0,0.7692307692307693,1.0,1.0,0.2512820512820513,0.26666666666666666,0.3076923076923077,0.8666666666666667,1.0,1.0,1.0,0.2512820512820513,0.25,0.38461538461538464,0.65,1.0,1.0,1.0,0.2705128205128205,0.2,0.38461538461538464,0.52,1.0,1.0,1.0,0.2705128205128205,0.16666666666666666,0.38461538461538464,0.43333333333333335,1.0,1.0,1.0,0.2705128205128205,0.17142857142857143,0.46153846153846156,0.37142857142857144,1.0,1.0,1.0,0.2844988344988345,0.175,0.5384615384615384,0.325,1.0,1.0,1.0,0.29905184905184906,0.2,0.6923076923076923,0.28888888888888886,1.0,1.0,1.0,0.3290973849113384,0.2,0.7692307692307693,0.26,1.0,1.0,1.0,0.34448200029595377,kalm_instruct_v2_5-dj_adpt,6,webtable-la2m-v=12-distilroberta-dj_adpt~qwen3_8b-dj_adpt
ipopayments_b.pq,1.0,0.06666666666666667,1.0,0.06666666666666667,1.0,1.0,0.06666666666666667,1.0,0.3333333333333333,1.0,0.3333333333333333,1.0,1.0,0.3333333333333333,1.0,0.6666666666666666,1.0,0.6666666666666666,1.0,1.0,0.6666666666666666,0.9333333333333333,0.9333333333333333,1.0,1.0,1.0,1.0,0.9333333333333333,0.7,0.9333333333333333,0.75,1.0,1.0,1.0,0.9333333333333333,0.56,0.9333333333333333,0.6,1.0,1.0,1.0,0.9333333333333333,0.4666666666666667,0.9333333333333333,0.5,1.0,1.0,1.0,0.9333333333333333,0.42857142857142855,1.0,0.42857142857142855,1.0,1.0,1.0,0.9655913978494624,0.375,1.0,0.375,1.0,1.0,1.0,0.9655913978494624,0.3333333333333333,1.0,0.3333333333333333,1.0,1.0,1.0,0.9655913978494624,0.3,1.0,0.3,1.0,1.0,1.0,0.9655913978494624,kalm_instruct_v2_5-dj_adpt,6,webtable-la2m-v=12-distilroberta-dj_adpt~qwen3_8b-dj_adpt
tuition_assistance_program_tap_recipients_a.pq,1.0,0.09090909090909091,1.0,0.09090909090909091,1.0,1.0,0.09090909090909091,0.2,0.09090909090909091,1.0,0.45454545454545453,1.0,1.0,0.09090909090909091,0.1,0.09090909090909091,1.0,0.9090909090909091,1.0,1.0,0.09090909090909091,0.06666666666666667,0.09090909090909091,0.7333333333333333,1.0,1.0,1.0,0.09090909090909091,0.05,0.09090909090909091,0.55,1.0,1.0,1.0,0.09090909090909091,0.04,0.09090909090909091,0.44,1.0,1.0,1.0,0.09090909090909091,0.03333333333333333,0.09090909090909091,0.36666666666666664,1.0,1.0,1.0,0.09090909090909091,0.02857142857142857,0.09090909090909091,0.3142857142857143,1.0,1.0,1.0,0.09090909090909091,0.025,0.09090909090909091,0.275,1.0,1.0,1.0,0.09090909090909091,0.022222222222222223,0.09090909090909091,0.24444444444444444,1.0,1.0,1.0,0.09090909090909091,0.1,0.45454545454545453,0.22,1.0,1.0,1.0,0.11705553763007179,kalm_instruct_v2_5-dj_adpt,6,webtable-la2m-v=12-distilroberta-dj_adpt~qwen3_8b-dj_adpt
workforce_management_information_a.pq,1.0,0.05555555555555555,1.0,0.05555555555555555,1.0,1.0,0.05555555555555555,1.0,0.2777777777777778,1.0,0.2777777777777778,1.0,1.0,0.2777777777777778,1.0,0.5555555555555556,1.0,0.5555555555555556,1.0,1.0,0.5555555555555556,0.8666666666666667,0.7222222222222222,1.0,0.8333333333333334,1.0,1.0,0.7222222222222222,0.65,0.7222222222222222,0.9,1.0,1.0,1.0,0.7222222222222222,0.52,0.7222222222222222,0.72,1.0,1.0,1.0,0.7222222222222222,0.43333333333333335,0.7222222222222222,0.6,1.0,1.0,1.0,0.7222222222222222,0.37142857142857144,0.7222222222222222,0.5142857142857142,1.0,1.0,1.0,0.7222222222222222,0.325,0.7222222222222222,0.45,1.0,1.0,1.0,0.7222222222222222,0.28888888888888886,0.7222222222222222,0.4,1.0,1.0,1.0,0.7222222222222222,0.26,0.7222222222222222,0.36,1.0,1.0,1.0,0.7222222222222222,kalm_instruct_v2_5-dj_adpt,6,webtable-la2m-v=12-distilroberta-dj_adpt~qwen3_8b-dj_adpt
ipopayments_a.pq,1.0,0.06666666666666667,1.0,0.06666666666666667,1.0,1.0,0.06666666666666667,1.0,0.3333333333333333,1.0,0.3333333333333333,1.0,1.0,0.3333333333333333,1.0,0.6666666666666666,1.0,0.6666666666666666,1.0,1.0,0.6666666666666666,0.9333333333333333,0.9333333333333333,1.0,1.0,1.0,1.0,0.9333333333333333,0.7,0.9333333333333333,0.75,1.0,1.0,1.0,0.9333333333333333,0.56,0.9333333333333333,0.6,1.0,1.0,1.0,0.9333333333333333,0.4666666666666667,0.9333333333333333,0.5,1.0,1.0,1.0,0.9333333333333333,0.42857142857142855,1.0,0.42857142857142855,1.0,1.0,1.0,0.9645833333333333,0.375,1.0,0.375,1.0,1.0,1.0,0.9645833333333333,0.3333333333333333,1.0,0.3333333333333333,1.0,1.0,1.0,0.9645833333333333,0.3,1.0,0.3,1.0,1.0,1.0,0.9645833333333333,kalm_instruct_v2_5-dj_adpt,6,webtable-la2m-v=12-distilroberta-dj_adpt~qwen3_8b-dj_adpt
data_mill_b.pq,1.0,0.07142857142857142,1.0,0.07142857142857142,1.0,1.0,0.07142857142857142,0.8,0.2857142857142857,1.0,0.35714285714285715,1.0,1.0,0.2857142857142857,0.6,0.42857142857142855,1.0,0.7142857142857143,1.0,1.0,0.3779761904761905,0.4,0.42857142857142855,0.9333333333333333,1.0,1.0,1.0,0.3779761904761905,0.4,0.5714285714285714,0.7,1.0,1.0,1.0,0.43286340852130323,0.48,0.8571428571428571,0.56,1.0,1.0,1.0,0.56155536356419,0.4666666666666667,1.0,0.4666666666666667,1.0,1.0,1.0,0.6343066863155127,0.4,1.0,0.4,1.0,1.0,1.0,0.6343066863155127,0.35,1.0,0.35,1.0,1.0,1.0,0.6343066863155127,0.3111111111111111,1.0,0.3111111111111111,1.0,1.0,1.0,0.6343066863155127,0.28,1.0,0.28,1.0,1.0,1.0,0.6343066863155127,kalm_instruct_v2_5-dj_adpt,6,webtable-la2m-v=12-distilroberta-dj_adpt~qwen3_8b-dj_adpt
ydn_spending_data_a.pq,1.0,0.08333333333333333,1.0,0.08333333333333333,1.0,1.0,0.08333333333333333,0.8,0.3333333333333333,1.0,0.4166666666666667,1.0,1.0,0.3333333333333333,0.6,0.5,1.0,0.8333333333333334,1.0,1.0,0.42962962962962964,0.4666666666666667,0.5833333333333334,0.8,1.0,1.0,1.0,0.4685185185185185,0.4,0.6666666666666666,0.6,1.0,1.0,1.0,0.5101851851851852,0.36,0.75,0.48,1.0,1.0,1.0,0.5442760942760942,0.3,0.75,0.4,1.0,1.0,1.0,0.5442760942760942,0.2571428571428571,0.75,0.34285714285714286,1.0,1.0,1.0,0.5442760942760942,0.225,0.75,0.3,1.0,1.0,1.0,0.5442760942760942,0.2,0.75,0.26666666666666666,1.0,1.0,1.0,0.5442760942760942,0.2,0.8333333333333334,0.24,1.0,1.0,1.0,0.5623920363050797,kalm_instruct_v2_5-dj_adpt,6,webtable-la2m-v=12-distilroberta-dj_adpt~qwen3_8b-dj_adpt
albums_b.pq,1.0,0.0625,1.0,0.0625,1.0,1.0,0.0625,1.0,0.3125,1.0,0.3125,1.0,1.0,0.3125,1.0,0.625,1.0,0.625,1.0,1.0,0.625,0.7333333333333333,0.6875,1.0,0.9375,1.0,1.0,0.6875,0.6,0.75,0.8,1.0,1.0,1.0,0.725,0.64,1.0,0.64,1.0,1.0,1.0,0.8858907396950875,0.5333333333333333,1.0,0.5333333333333333,1.0,1.0,1.0,0.8858907396950875,0.45714285714285713,1.0,0.45714285714285713,1.0,1.0,1.0,0.8858907396950875,0.4,1.0,0.4,1.0,1.0,1.0,0.8858907396950875,0.35555555555555557,1.0,0.35555555555555557,1.0,1.0,1.0,0.8858907396950875,0.32,1.0,0.32,1.0,1.0,1.0,0.8858907396950875,kalm_instruct_v2_5-dj_adpt,6,webtable-la2m-v=12-distilroberta-dj_adpt~qwen3_8b-dj_adpt
animal_tag_data_a.pq,1.0,0.08333333333333333,1.0,0.08333333333333333,1.0,1.0,0.08333333333333333,0.2,0.08333333333333333,1.0,0.4166666666666667,1.0,1.0,0.08333333333333333,0.4,0.3333333333333333,1.0,0.8333333333333334,1.0,1.0,0.16527777777777777,0.4666666666666667,0.5833333333333334,0.8,1.0,1.0,1.0,0.2837121212121212,0.35,0.5833333333333334,0.6,1.0,1.0,1.0,0.2837121212121212,0.28,0.5833333333333334,0.48,1.0,1.0,1.0,0.2837121212121212,0.23333333333333334,0.5833333333333334,0.4,1.0,1.0,1.0,0.2837121212121212,0.2,0.5833333333333334,0.34285714285714286,1.0,1.0,1.0,0.2837121212121212,0.175,0.5833333333333334,0.3,1.0,1.0,1.0,0.2837121212121212,0.17777777777777778,0.6666666666666666,0.26666666666666666,1.0,1.0,1.0,0.29852693602693603,0.22,0.9166666666666666,0.24,1.0,1.0,1.0,0.35165900252914595,kalm_instruct_v2_5-dj_adpt,6,webtable-la2m-v=12-distilroberta-dj_adpt~qwen3_8b-dj_adpt
prescribing_a.pq,1.0,0.06666666666666667,1.0,0.06666666666666667,1.0,1.0,0.06666666666666667,1.0,0.3333333333333333,1.0,0.3333333333333333,1.0,1.0,0.3333333333333333,1.0,0.6666666666666666,1.0,0.6666666666666666,1.0,1.0,0.6666666666666666,1.0,1.0,1.0,1.0,1.0,1.0,1.0,0.75,1.0,0.75,1.0,1.0,1.0,1.0,0.6,1.0,0.6,1.0,1.0,1.0,1.0,0.5,1.0,0.5,1.0,1.0,1.0,1.0,0.42857142857142855,1.0,0.42857142857142855,1.0,1.0,1.0,1.0,0.375,1.0,0.375,1.0,1.0,1.0,1.0,0.3333333333333333,1.0,0.3333333333333333,1.0,1.0,1.0,1.0,0.3,1.0,0.3,1.0,1.0,1.0,1.0,qwen3_06b-dj_adpt,7,webtable-la2m-v=12-distilroberta-dj_adpt~qwen3_8b-dj_adpt
stockport_contracts_b.pq,1.0,0.07692307692307693,1.0,0.07692307692307693,1.0,1.0,0.07692307692307693,0.2,0.07692307692307693,1.0,0.38461538461538464,1.0,1.0,0.07692307692307693,0.2,0.15384615384615385,1.0,0.7692307692307693,1.0,1.0,0.0923076923076923,0.13333333333333333,0.15384615384615385,0.8666666666666667,1.0,1.0,1.0,0.0923076923076923,0.2,0.3076923076923077,0.65,1.0,1.0,1.0,0.12382478632478633,0.28,0.5384615384615384,0.52,1.0,1.0,1.0,0.18290903540903541,0.3,0.6923076923076923,0.43333333333333335,1.0,1.0,1.0,0.2304503535073827,0.2571428571428571,0.6923076923076923,0.37142857142857144,1.0,1.0,1.0,0.2304503535073827,0.3,0.9230769230769231,0.325,1.0,1.0,1.0,0.29776382082085,0.28888888888888886,1.0,0.28888888888888886,1.0,1.0,1.0,0.32157334463037385,0.26,1.0,0.26,1.0,1.0,1.0,0.32157334463037385,qwen3_06b-dj_adpt,7,webtable-la2m-v=12-distilroberta-dj_adpt~qwen3_8b-dj_adpt
lane_description_b.pq,1.0,0.0625,1.0,0.0625,1.0,1.0,0.0625,1.0,0.3125,1.0,0.3125,1.0,1.0,0.3125,1.0,0.625,1.0,0.625,1.0,1.0,0.625,1.0,0.9375,1.0,0.9375,1.0,1.0,0.9375,0.8,1.0,0.8,1.0,1.0,1.0,1.0,0.64,1.0,0.64,1.0,1.0,1.0,1.0,0.5333333333333333,1.0,0.5333333333333333,1.0,1.0,1.0,1.0,0.45714285714285713,1.0,0.45714285714285713,1.0,1.0,1.0,1.0,0.4,1.0,0.4,1.0,1.0,1.0,1.0,0.35555555555555557,1.0,0.35555555555555557,1.0,1.0,1.0,1.0,0.32,1.0,0.32,1.0,1.0,1.0,1.0,qwen3_06b-dj_adpt,7,webtable-la2m-v=12-distilroberta-dj_adpt~qwen3_8b-dj_adpt
mines_b.pq,1.0,0.07142857142857142,1.0,0.07142857142857142,1.0,1.0,0.07142857142857142,0.6,0.21428571428571427,1.0,0.35714285714285715,1.0,1.0,0.19642857142857142,0.3,0.21428571428571427,1.0,0.7142857142857143,1.0,1.0,0.19642857142857142,0.2,0.21428571428571427,0.9333333333333333,1.0,1.0,1.0,0.19642857142857142,0.2,0.2857142857142857,0.7,1.0,1.0,1.0,0.21071428571428572,0.16,0.2857142857142857,0.56,1.0,1.0,1.0,0.21071428571428572,0.13333333333333333,0.2857142857142857,0.4666666666666667,1.0,1.0,1.0,0.21071428571428572,0.11428571428571428,0.2857142857142857,0.4,1.0,1.0,1.0,0.21071428571428572,0.1,0.2857142857142857,0.35,1.0,1.0,1.0,0.21071428571428572,0.08888888888888889,0.2857142857142857,0.3111111111111111,1.0,1.0,1.0,0.21071428571428572,0.08,0.2857142857142857,0.28,1.0,1.0,1.0,0.21071428571428572,qwen3_06b-dj_adpt,7,webtable-la2m-v=12-distilroberta-dj_adpt~qwen3_8b-dj_adpt
minister_meetings_a.pq,1.0,0.1,1.0,0.1,1.0,1.0,0.1,0.4,0.2,1.0,0.5,1.0,1.0,0.2,0.2,0.2,1.0,1.0,1.0,1.0,0.2,0.13333333333333333,0.2,0.6666666666666666,1.0,1.0,1.0,0.2,0.1,0.2,0.5,1.0,1.0,1.0,0.2,0.12,0.3,0.4,1.0,1.0,1.0,0.21200000000000002,0.1,0.3,0.3333333333333333,1.0,1.0,1.0,0.21200000000000002,0.11428571428571428,0.4,0.2857142857142857,1.0,1.0,1.0,0.2245,0.1,0.4,0.25,1.0,1.0,1.0,0.2245,0.08888888888888889,0.4,0.2222222222222222,1.0,1.0,1.0,0.2245,0.08,0.4,0.2,1.0,1.0,1.0,0.2245,qwen3_06b-dj_adpt,7,webtable-la2m-v=12-distilroberta-dj_adpt~qwen3_8b-dj_adpt
cihr_co-applicant_a.pq,1.0,0.08333333333333333,1.0,0.08333333333333333,1.0,1.0,0.08333333333333333,0.6,0.25,1.0,0.4166666666666667,1.0,1.0,0.21666666666666667,0.6,0.5,1.0,0.8333333333333334,1.0,1.0,0.3685185185185185,0.7333333333333333,0.9166666666666666,0.8,1.0,1.0,1.0,0.6554316054316054,0.6,1.0,0.6,1.0,1.0,1.0,0.7179316054316054,0.48,1.0,0.48,1.0,1.0,1.0,0.7179316054316054,0.4,1.0,0.4,1.0,1.0,1.0,0.7179316054316054,0.34285714285714286,1.0,0.34285714285714286,1.0,1.0,1.0,0.7179316054316054,0.3,1.0,0.3,1.0,1.0,1.0,0.7179316054316054,0.26666666666666666,1.0,0.26666666666666666,1.0,1.0,1.0,0.7179316054316054,0.24,1.0,0.24,1.0,1.0,1.0,0.7179316054316054,qwen3_06b-dj_adpt,7,webtable-la2m-v=12-distilroberta-dj_adpt~qwen3_8b-dj_adpt
prescribing_b.pq,1.0,0.06666666666666667,1.0,0.06666666666666667,1.0,1.0,0.06666666666666667,1.0,0.3333333333333333,1.0,0.3333333333333333,1.0,1.0,0.3333333333333333,1.0,0.6666666666666666,1.0,0.6666666666666666,1.0,1.0,0.6666666666666666,1.0,1.0,1.0,1.0,1.0,1.0,1.0,0.75,1.0,0.75,1.0,1.0,1.0,1.0,0.6,1.0,0.6,1.0,1.0,1.0,1.0,0.5,1.0,0.5,1.0,1.0,1.0,1.0,0.42857142857142855,1.0,0.42857142857142855,1.0,1.0,1.0,1.0,0.375,1.0,0.375,1.0,1.0,1.0,1.0,0.3333333333333333,1.0,0.3333333333333333,1.0,1.0,1.0,1.0,0.3,1.0,0.3,1.0,1.0,1.0,1.0,qwen3_06b-dj_adpt,7,webtable-la2m-v=12-distilroberta-dj_adpt~qwen3_8b-dj_adpt
mines_a.pq,1.0,0.07142857142857142,1.0,0.07142857142857142,1.0,1.0,0.07142857142857142,1.0,0.35714285714285715,1.0,0.35714285714285715,1.0,1.0,0.35714285714285715,1.0,0.7142857142857143,1.0,0.7142857142857143,1.0,1.0,0.7142857142857143,0.6666666666666666,0.7142857142857143,0.9333333333333333,1.0,1.0,1.0,0.7142857142857143,0.5,0.7142857142857143,0.7,1.0,1.0,1.0,0.7142857142857143,0.44,0.7857142857142857,0.56,1.0,1.0,1.0,0.7470238095238095,0.36666666666666664,0.7857142857142857,0.4666666666666667,1.0,1.0,1.0,0.7470238095238095,0.34285714285714286,0.8571428571428571,0.4,1.0,1.0,1.0,0.7738095238095238,0.3,0.8571428571428571,0.35,1.0,1.0,1.0,0.7738095238095238,0.26666666666666666,0.8571428571428571,0.3111111111111111,1.0,1.0,1.0,0.7738095238095238,0.24,0.8571428571428571,0.28,1.0,1.0,1.0,0.7738095238095238,qwen3_06b-dj_adpt,7,webtable-la2m-v=12-distilroberta-dj_adpt~qwen3_8b-dj_adpt
business_rates_a.pq,1.0,0.08333333333333333,1.0,0.08333333333333333,1.0,1.0,0.08333333333333333,0.6,0.25,1.0,0.4166666666666667,1.0,1.0,0.25,0.8,0.6666666666666666,1.0,0.8333333333333334,1.0,1.0,0.5590608465608465,0.8,1.0,0.8,1.0,1.0,1.0,0.8386285011285012,0.6,1.0,0.6,1.0,1.0,1.0,0.8386285011285012,0.48,1.0,0.48,1.0,1.0,1.0,0.8386285011285012,0.4,1.0,0.4,1.0,1.0,1.0,0.8386285011285012,0.34285714285714286,1.0,0.34285714285714286,1.0,1.0,1.0,0.8386285011285012,0.3,1.0,0.3,1.0,1.0,1.0,0.8386285011285012,0.26666666666666666,1.0,0.26666666666666666,1.0,1.0,1.0,0.8386285011285012,0.24,1.0,0.24,1.0,1.0,1.0,0.8386285011285012,qwen3_06b-dj_adpt,7,webtable-la2m-v=12-distilroberta-dj_adpt~qwen3_8b-dj_adpt
workforce_management_information_a.pq,1.0,0.05555555555555555,1.0,0.05555555555555555,1.0,1.0,0.05555555555555555,1.0,0.2777777777777778,1.0,0.2777777777777778,1.0,1.0,0.2777777777777778,1.0,0.5555555555555556,1.0,0.5555555555555556,1.0,1.0,0.5555555555555556,0.7333333333333333,0.6111111111111112,1.0,0.8333333333333334,1.0,1.0,0.5992063492063493,0.6,0.6666666666666666,0.9,1.0,1.0,1.0,0.638422035480859,0.52,0.7222222222222222,0.72,1.0,1.0,1.0,0.6698230016644339,0.43333333333333335,0.7222222222222222,0.6,1.0,1.0,1.0,0.6698230016644339,0.37142857142857144,0.7222222222222222,0.5142857142857142,1.0,1.0,1.0,0.6698230016644339,0.325,0.7222222222222222,0.45,1.0,1.0,1.0,0.6698230016644339,0.3111111111111111,0.7777777777777778,0.4,1.0,1.0,1.0,0.6879108569615915,0.28,0.7777777777777778,0.36,1.0,1.0,1.0,0.6879108569615915,qwen3_06b-dj_adpt,7,webtable-la2m-v=12-distilroberta-dj_adpt~qwen3_8b-dj_adpt
contributors_parties_b.pq,1.0,0.047619047619047616,1.0,0.047619047619047616,1.0,1.0,0.047619047619047616,0.8,0.19047619047619047,1.0,0.23809523809523808,1.0,1.0,0.19047619047619047,0.4,0.19047619047619047,1.0,0.47619047619047616,1.0,1.0,0.19047619047619047,0.26666666666666666,0.19047619047619047,1.0,0.7142857142857143,1.0,1.0,0.19047619047619047,0.2,0.19047619047619047,1.0,0.9523809523809523,1.0,1.0,0.19047619047619047,0.16,0.19047619047619047,0.84,1.0,1.0,1.0,0.19047619047619047,0.13333333333333333,0.19047619047619047,0.7,1.0,1.0,1.0,0.19047619047619047,0.22857142857142856,0.38095238095238093,0.6,1.0,1.0,1.0,0.22726295063479937,0.2,0.38095238095238093,0.525,1.0,1.0,1.0,0.22726295063479937,0.17777777777777778,0.38095238095238093,0.4666666666666667,1.0,1.0,1.0,0.22726295063479937,0.16,0.38095238095238093,0.42,1.0,1.0,1.0,0.22726295063479937,qwen3_06b-dj_adpt,7,webtable-la2m-v=12-distilroberta-dj_adpt~qwen3_8b-dj_adpt
complaint_by_practice_a.pq,1.0,0.07692307692307693,1.0,0.07692307692307693,1.0,1.0,0.07692307692307693,0.2,0.07692307692307693,1.0,0.38461538461538464,1.0,1.0,0.07692307692307693,0.1,0.07692307692307693,1.0,0.7692307692307693,1.0,1.0,0.07692307692307693,0.06666666666666667,0.07692307692307693,0.8666666666666667,1.0,1.0,1.0,0.07692307692307693,0.05,0.07692307692307693,0.65,1.0,1.0,1.0,0.07692307692307693,0.04,0.07692307692307693,0.52,1.0,1.0,1.0,0.07692307692307693,0.03333333333333333,0.07692307692307693,0.43333333333333335,1.0,1.0,1.0,0.07692307692307693,0.02857142857142857,0.07692307692307693,0.37142857142857144,1.0,1.0,1.0,0.07692307692307693,0.05,0.15384615384615385,0.325,1.0,1.0,1.0,0.0811965811965812,0.044444444444444446,0.15384615384615385,0.28888888888888886,1.0,1.0,1.0,0.0811965811965812,0.08,0.3076923076923077,0.26,1.0,1.0,1.0,0.09228370835513691,qwen3_06b-dj_adpt,7,webtable-la2m-v=12-distilroberta-dj_adpt~qwen3_8b-dj_adpt
psyckes_antipsychotic_polypharmacy_quality_indicators_beginning_2012_a.pq,1.0,0.09090909090909091,1.0,0.09090909090909091,1.0,1.0,0.09090909090909091,1.0,0.45454545454545453,1.0,0.45454545454545453,1.0,1.0,0.45454545454545453,1.0,0.9090909090909091,1.0,0.9090909090909091,1.0,1.0,0.9090909090909091,0.7333333333333333,1.0,0.7333333333333333,1.0,1.0,1.0,1.0,0.55,1.0,0.55,1.0,1.0,1.0,1.0,0.44,1.0,0.44,1.0,1.0,1.0,1.0,0.36666666666666664,1.0,0.36666666666666664,1.0,1.0,1.0,1.0,0.3142857142857143,1.0,0.3142857142857143,1.0,1.0,1.0,1.0,0.275,1.0,0.275,1.0,1.0,1.0,1.0,0.24444444444444444,1.0,0.24444444444444444,1.0,1.0,1.0,1.0,0.22,1.0,0.22,1.0,1.0,1.0,1.0,qwen3_06b-dj_adpt,7,webtable-la2m-v=12-distilroberta-dj_adpt~qwen3_8b-dj_adpt
senior_officials_expenses_a.pq,1.0,0.09090909090909091,1.0,0.09090909090909091,1.0,1.0,0.09090909090909091,0.6,0.2727272727272727,1.0,0.45454545454545453,1.0,1.0,0.2727272727272727,0.4,0.36363636363636365,1.0,0.9090909090909091,1.0,1.0,0.31313131313131315,0.5333333333333333,0.7272727272727273,0.7333333333333333,1.0,1.0,1.0,0.48690753690753685,0.45,0.8181818181818182,0.55,1.0,1.0,1.0,0.5380439005439005,0.36,0.8181818181818182,0.44,1.0,1.0,1.0,0.5380439005439005,0.3,0.8181818181818182,0.36666666666666664,1.0,1.0,1.0,0.5380439005439005,0.2571428571428571,0.8181818181818182,0.3142857142857143,1.0,1.0,1.0,0.5380439005439005,0.25,0.9090909090909091,0.275,1.0,1.0,1.0,0.5613539238539238,0.2222222222222222,0.9090909090909091,0.24444444444444444,1.0,1.0,1.0,0.5613539238539238,0.2,0.9090909090909091,0.22,1.0,1.0,1.0,0.5613539238539238,qwen3_06b-dj_adpt,7,webtable-la2m-v=12-distilroberta-dj_adpt~qwen3_8b-dj_adpt
animal_tag_data_b.pq,1.0,0.08333333333333333,1.0,0.08333333333333333,1.0,1.0,0.08333333333333333,1.0,0.4166666666666667,1.0,0.4166666666666667,1.0,1.0,0.4166666666666667,0.6,0.5,1.0,0.8333333333333334,1.0,1.0,0.4666666666666666,0.6,0.75,0.8,1.0,1.0,1.0,0.632944832944833,0.55,0.9166666666666666,0.6,1.0,1.0,1.0,0.7308614996114996,0.48,1.0,0.48,1.0,1.0,1.0,0.7725281662781662,0.4,1.0,0.4,1.0,1.0,1.0,0.7725281662781662,0.34285714285714286,1.0,0.34285714285714286,1.0,1.0,1.0,0.7725281662781662,0.3,1.0,0.3,1.0,1.0,1.0,0.7725281662781662,0.26666666666666666,1.0,0.26666666666666666,1.0,1.0,1.0,0.7725281662781662,0.24,1.0,0.24,1.0,1.0,1.0,0.7725281662781662,qwen3_06b-dj_adpt,7,webtable-la2m-v=12-distilroberta-dj_adpt~qwen3_8b-dj_adpt
workforce_management_information_b.pq,1.0,0.05555555555555555,1.0,0.05555555555555555,1.0,1.0,0.05555555555555555,0.8,0.2222222222222222,1.0,0.2777777777777778,1.0,1.0,0.1787037037037037,0.5,0.2777777777777778,1.0,0.5555555555555556,1.0,1.0,0.22499999999999998,0.6666666666666666,0.5555555555555556,1.0,0.8333333333333334,1.0,1.0,0.39464979464979466,0.65,0.7222222222222222,0.9,1.0,1.0,1.0,0.5059923872423873,0.52,0.7222222222222222,0.72,1.0,1.0,1.0,0.5059923872423873,0.43333333333333335,0.7222222222222222,0.6,1.0,1.0,1.0,0.5059923872423873,0.37142857142857144,0.7222222222222222,0.5142857142857142,1.0,1.0,1.0,0.5059923872423873,0.325,0.7222222222222222,0.45,1.0,1.0,1.0,0.5059923872423873,0.3111111111111111,0.7777777777777778,0.4,1.0,1.0,1.0,0.5236691549191549,0.28,0.7777777777777778,0.36,1.0,1.0,1.0,0.5236691549191549,qwen3_06b-dj_adpt,7,webtable-la2m-v=12-distilroberta-dj_adpt~qwen3_8b-dj_adpt
albums_b.pq,1.0,0.0625,1.0,0.0625,1.0,1.0,0.0625,1.0,0.3125,1.0,0.3125,1.0,1.0,0.3125,1.0,0.625,1.0,0.625,1.0,1.0,0.625,0.7333333333333333,0.6875,1.0,0.9375,1.0,1.0,0.6875,0.55,0.6875,0.8,1.0,1.0,1.0,0.6875,0.56,0.875,0.64,1.0,1.0,1.0,0.7981895821569734,0.4666666666666667,0.875,0.5333333333333333,1.0,1.0,1.0,0.7981895821569734,0.42857142857142855,0.9375,0.45714285714285713,1.0,1.0,1.0,0.8249752964426877,0.4,1.0,0.4,1.0,1.0,1.0,0.8527530742204655,0.35555555555555557,1.0,0.35555555555555557,1.0,1.0,1.0,0.8527530742204655,0.32,1.0,0.32,1.0,1.0,1.0,0.8527530742204655,qwen3_06b-dj_adpt,7,webtable-la2m-v=12-distilroberta-dj_adpt~qwen3_8b-dj_adpt
animal_tag_data_a.pq,1.0,0.08333333333333333,1.0,0.08333333333333333,1.0,1.0,0.08333333333333333,0.6,0.25,1.0,0.4166666666666667,1.0,1.0,0.17500000000000002,0.6,0.5,1.0,0.8333333333333334,1.0,1.0,0.3525793650793651,0.4,0.5,0.8,1.0,1.0,1.0,0.3525793650793651,0.3,0.5,0.6,1.0,1.0,1.0,0.3525793650793651,0.24,0.5,0.48,1.0,1.0,1.0,0.3525793650793651,0.23333333333333334,0.5833333333333334,0.4,1.0,1.0,1.0,0.3734126984126984,0.2857142857142857,0.8333333333333334,0.34285714285714286,1.0,1.0,1.0,0.43948306595365416,0.3,1.0,0.3,1.0,1.0,1.0,0.49197305594364416,0.26666666666666666,1.0,0.26666666666666666,1.0,1.0,1.0,0.49197305594364416,0.24,1.0,0.24,1.0,1.0,1.0,0.49197305594364416,qwen3_06b-dj_adpt,7,webtable-la2m-v=12-distilroberta-dj_adpt~qwen3_8b-dj_adpt
biodiversity_a.pq,1.0,0.09090909090909091,1.0,0.09090909090909091,1.0,1.0,0.09090909090909091,0.6,0.2727272727272727,1.0,0.45454545454545453,1.0,1.0,0.19090909090909092,0.4,0.36363636363636365,1.0,0.9090909090909091,1.0,1.0,0.24285714285714285,0.26666666666666666,0.36363636363636365,0.7333333333333333,1.0,1.0,1.0,0.24285714285714285,0.2,0.36363636363636365,0.55,1.0,1.0,1.0,0.24285714285714285,0.16,0.36363636363636365,0.44,1.0,1.0,1.0,0.24285714285714285,0.13333333333333333,0.36363636363636365,0.36666666666666664,1.0,1.0,1.0,0.24285714285714285,0.14285714285714285,0.45454545454545453,0.3142857142857143,1.0,1.0,1.0,0.2558441558441558,0.15,0.5454545454545454,0.275,1.0,1.0,1.0,0.2694805194805195,0.15555555555555556,0.6363636363636364,0.24444444444444444,1.0,1.0,1.0,0.2850015837820716,0.16,0.7272727272727273,0.22,1.0,1.0,1.0,0.30015309893358677,qwen3_06b-dj_adpt,7,webtable-la2m-v=12-distilroberta-dj_adpt~qwen3_8b-dj_adpt
immigration_records_a.pq,1.0,0.0625,1.0,0.0625,1.0,1.0,0.0625,1.0,0.3125,1.0,0.3125,1.0,1.0,0.3125,0.6,0.375,1.0,0.625,1.0,1.0,0.375,0.6,0.5625,1.0,0.9375,1.0,1.0,0.4966179653679654,0.65,0.8125,0.8,1.0,1.0,1.0,0.6605514663999571,0.52,0.8125,0.64,1.0,1.0,1.0,0.6605514663999571,0.43333333333333335,0.8125,0.5333333333333333,1.0,1.0,1.0,0.6605514663999571,0.37142857142857144,0.8125,0.45714285714285713,1.0,1.0,1.0,0.6605514663999571,0.4,1.0,0.4,1.0,1.0,1.0,0.7351691002281172,0.35555555555555557,1.0,0.35555555555555557,1.0,1.0,1.0,0.7351691002281172,0.32,1.0,0.32,1.0,1.0,1.0,0.7351691002281172,qwen3_06b-dj_adpt,7,webtable-la2m-v=12-distilroberta-dj_adpt~qwen3_8b-dj_adpt
wholesale_markets_a.pq,1.0,0.09090909090909091,1.0,0.09090909090909091,1.0,1.0,0.09090909090909091,0.2,0.09090909090909091,1.0,0.45454545454545453,1.0,1.0,0.09090909090909091,0.1,0.09090909090909091,1.0,0.9090909090909091,1.0,1.0,0.09090909090909091,0.06666666666666667,0.09090909090909091,0.7333333333333333,1.0,1.0,1.0,0.09090909090909091,0.05,0.09090909090909091,0.55,1.0,1.0,1.0,0.09090909090909091,0.04,0.09090909090909091,0.44,1.0,1.0,1.0,0.09090909090909091,0.03333333333333333,0.09090909090909091,0.36666666666666664,1.0,1.0,1.0,0.09090909090909091,0.02857142857142857,0.09090909090909091,0.3142857142857143,1.0,1.0,1.0,0.09090909090909091,0.025,0.09090909090909091,0.275,1.0,1.0,1.0,0.09090909090909091,0.022222222222222223,0.09090909090909091,0.24444444444444444,1.0,1.0,1.0,0.09090909090909091,0.02,0.09090909090909091,0.22,1.0,1.0,1.0,0.09090909090909091,qwen3_06b-dj_adpt,7,webtable-la2m-v=12-distilroberta-dj_adpt~qwen3_8b-dj_adpt
cdc_nutrition_physical_activity_and_obesity_legislation_a.pq,1.0,0.09090909090909091,1.0,0.09090909090909091,1.0,1.0,0.09090909090909091,0.2,0.09090909090909091,1.0,0.45454545454545453,1.0,1.0,0.09090909090909091,0.1,0.09090909090909091,1.0,0.9090909090909091,1.0,1.0,0.09090909090909091,0.06666666666666667,0.09090909090909091,0.7333333333333333,1.0,1.0,1.0,0.09090909090909091,0.05,0.09090909090909091,0.55,1.0,1.0,1.0,0.09090909090909091,0.04,0.09090909090909091,0.44,1.0,1.0,1.0,0.09090909090909091,0.03333333333333333,0.09090909090909091,0.36666666666666664,1.0,1.0,1.0,0.09090909090909091,0.02857142857142857,0.09090909090909091,0.3142857142857143,1.0,1.0,1.0,0.09090909090909091,0.025,0.09090909090909091,0.275,1.0,1.0,1.0,0.09090909090909091,0.022222222222222223,0.09090909090909091,0.24444444444444444,1.0,1.0,1.0,0.09090909090909091,0.02,0.09090909090909091,0.22,1.0,1.0,1.0,0.09090909090909091,qwen3_06b-dj_adpt,7,webtable-la2m-v=12-distilroberta-dj_adpt~qwen3_8b-dj_adpt
data_mill_a.pq,1.0,0.07142857142857142,1.0,0.07142857142857142,1.0,1.0,0.07142857142857142,0.6,0.21428571428571427,1.0,0.35714285714285715,1.0,1.0,0.21428571428571427,0.6,0.42857142857142855,1.0,0.7142857142857143,1.0,1.0,0.3325396825396826,0.5333333333333333,0.5714285714285714,0.9333333333333333,1.0,1.0,1.0,0.4256132756132756,0.55,0.7857142857142857,0.7,1.0,1.0,1.0,0.5468277701830334,0.44,0.7857142857142857,0.56,1.0,1.0,1.0,0.5468277701830334,0.43333333333333335,0.9285714285714286,0.4666666666666667,1.0,1.0,1.0,0.6117370672351876,0.37142857142857144,0.9285714285714286,0.4,1.0,1.0,1.0,0.6117370672351876,0.325,0.9285714285714286,0.35,1.0,1.0,1.0,0.6117370672351876,0.28888888888888886,0.9285714285714286,0.3111111111111111,1.0,1.0,1.0,0.6117370672351876,0.28,1.0,0.28,1.0,1.0,1.0,0.6330136629798684,qwen3_06b-dj_adpt,7,webtable-la2m-v=12-distilroberta-dj_adpt~qwen3_8b-dj_adpt
new_york_city_restaurant_inspection_results_a.pq,1.0,0.03225806451612903,1.0,0.03225806451612903,1.0,1.0,0.03225806451612903,1.0,0.16129032258064516,1.0,0.16129032258064516,1.0,1.0,0.16129032258064516,1.0,0.3225806451612903,1.0,0.3225806451612903,1.0,1.0,0.3225806451612903,0.8666666666666667,0.41935483870967744,1.0,0.4838709677419355,1.0,1.0,0.41505376344086026,0.75,0.4838709677419355,1.0,0.6451612903225806,1.0,1.0,0.46874646293152233,0.6,0.4838709677419355,1.0,0.8064516129032258,1.0,1.0,0.46874646293152233,0.5,0.4838709677419355,1.0,0.967741935483871,1.0,1.0,0.46874646293152233,0.42857142857142855,0.4838709677419355,0.8857142857142857,1.0,1.0,1.0,0.46874646293152233,0.45,0.5806451612903226,0.775,1.0,1.0,1.0,0.5109061425275347,0.4,0.5806451612903226,0.6888888888888889,1.0,1.0,1.0,0.5109061425275347,0.42,0.6774193548387096,0.62,1.0,1.0,1.0,0.5509358840054575,qwen3_06b-dj_adpt,7,webtable-la2m-v=12-distilroberta-dj_adpt~qwen3_8b-dj_adpt
oil_and_gas_summary_production_data_1967_1999_a.pq,1.0,0.09090909090909091,1.0,0.09090909090909091,1.0,1.0,0.09090909090909091,0.8,0.36363636363636365,1.0,0.45454545454545453,1.0,1.0,0.34545454545454546,0.6,0.5454545454545454,1.0,0.9090909090909091,1.0,1.0,0.49913419913419915,0.6,0.8181818181818182,0.7333333333333333,1.0,1.0,1.0,0.6545787545787546,0.55,1.0,0.55,1.0,1.0,1.0,0.766952491952492,0.44,1.0,0.44,1.0,1.0,1.0,0.766952491952492,0.36666666666666664,1.0,0.36666666666666664,1.0,1.0,1.0,0.766952491952492,0.3142857142857143,1.0,0.3142857142857143,1.0,1.0,1.0,0.766952491952492,0.275,1.0,0.275,1.0,1.0,1.0,0.766952491952492,0.24444444444444444,1.0,0.24444444444444444,1.0,1.0,1.0,0.766952491952492,0.22,1.0,0.22,1.0,1.0,1.0,0.766952491952492,qwen3_06b-dj_adpt,7,webtable-la2m-v=12-distilroberta-dj_adpt~qwen3_8b-dj_adpt
lane_description_a.pq,1.0,0.0625,1.0,0.0625,1.0,1.0,0.0625,0.6,0.1875,1.0,0.3125,1.0,1.0,0.1875,0.5,0.3125,1.0,0.625,1.0,1.0,0.2465277777777778,0.4666666666666667,0.4375,1.0,0.9375,1.0,1.0,0.30694444444444446,0.5,0.625,0.8,1.0,1.0,1.0,0.3972114723082215,0.48,0.75,0.64,1.0,1.0,1.0,0.46107016796039546,0.43333333333333335,0.8125,0.5333333333333333,1.0,1.0,1.0,0.48815350129372875,0.42857142857142855,0.9375,0.45714285714285713,1.0,1.0,1.0,0.5447883986544326,0.375,0.9375,0.4,1.0,1.0,1.0,0.5447883986544326,0.3333333333333333,0.9375,0.35555555555555557,1.0,1.0,1.0,0.5447883986544326,0.3,0.9375,0.32,1.0,1.0,1.0,0.5447883986544326,qwen3_06b-dj_adpt,7,webtable-la2m-v=12-distilroberta-dj_adpt~qwen3_8b-dj_adpt
complaint_by_practice_b.pq,1.0,0.07692307692307693,1.0,0.07692307692307693,1.0,1.0,0.07692307692307693,0.8,0.3076923076923077,1.0,0.38461538461538464,1.0,1.0,0.3076923076923077,0.5,0.38461538461538464,1.0,0.7692307692307693,1.0,1.0,0.34615384615384615,0.6666666666666666,0.7692307692307693,0.8666666666666667,1.0,1.0,1.0,0.5810535618227927,0.6,0.9230769230769231,0.65,1.0,1.0,1.0,0.6882368197413447,0.48,0.9230769230769231,0.52,1.0,1.0,1.0,0.6882368197413447,0.4,0.9230769230769231,0.43333333333333335,1.0,1.0,1.0,0.6882368197413447,0.34285714285714286,0.9230769230769231,0.37142857142857144,1.0,1.0,1.0,0.6882368197413447,0.325,1.0,0.325,1.0,1.0,1.0,0.7132368197413447,0.28888888888888886,1.0,0.28888888888888886,1.0,1.0,1.0,0.7132368197413447,0.26,1.0,0.26,1.0,1.0,1.0,0.7132368197413447,qwen3_06b-dj_adpt,7,webtable-la2m-v=12-distilroberta-dj_adpt~qwen3_8b-dj_adpt
311_calls_historic_data_a.pq,1.0,0.09090909090909091,1.0,0.09090909090909091,1.0,1.0,0.09090909090909091,0.2,0.09090909090909091,1.0,0.45454545454545453,1.0,1.0,0.09090909090909091,0.1,0.09090909090909091,1.0,0.9090909090909091,1.0,1.0,0.09090909090909091,0.06666666666666667,0.09090909090909091,0.7333333333333333,1.0,1.0,1.0,0.09090909090909091,0.05,0.09090909090909091,0.55,1.0,1.0,1.0,0.09090909090909091,0.04,0.09090909090909091,0.44,1.0,1.0,1.0,0.09090909090909091,0.1,0.2727272727272727,0.36666666666666664,1.0,1.0,1.0,0.10626959247648902,0.22857142857142856,0.7272727272727273,0.3142857142857143,1.0,1.0,1.0,0.18822906714878931,0.25,0.9090909090909091,0.275,1.0,1.0,1.0,0.2336521125718347,0.2222222222222222,0.9090909090909091,0.24444444444444444,1.0,1.0,1.0,0.2336521125718347,0.2,0.9090909090909091,0.22,1.0,1.0,1.0,0.2336521125718347,qwen3_06b-dj_adpt,7,webtable-la2m-v=12-distilroberta-dj_adpt~qwen3_8b-dj_adpt
monthly_data_feed_b.pq,1.0,0.07692307692307693,1.0,0.07692307692307693,1.0,1.0,0.07692307692307693,0.4,0.15384615384615385,1.0,0.38461538461538464,1.0,1.0,0.15384615384615385,0.5,0.38461538461538464,1.0,0.7692307692307693,1.0,1.0,0.2553418803418804,0.6666666666666666,0.7692307692307693,0.8666666666666667,1.0,1.0,1.0,0.49024159601082673,0.65,1.0,0.65,1.0,1.0,1.0,0.6529804094849344,0.52,1.0,0.52,1.0,1.0,1.0,0.6529804094849344,0.43333333333333335,1.0,0.43333333333333335,1.0,1.0,1.0,0.6529804094849344,0.37142857142857144,1.0,0.37142857142857144,1.0,1.0,1.0,0.6529804094849344,0.325,1.0,0.325,1.0,1.0,1.0,0.6529804094849344,0.28888888888888886,1.0,0.28888888888888886,1.0,1.0,1.0,0.6529804094849344,0.26,1.0,0.26,1.0,1.0,1.0,0.6529804094849344,qwen3_06b-dj_adpt,7,webtable-la2m-v=12-distilroberta-dj_adpt~qwen3_8b-dj_adpt
abandoned_wells_a.pq,1.0,0.09090909090909091,1.0,0.09090909090909091,1.0,1.0,0.09090909090909091,1.0,0.45454545454545453,1.0,0.45454545454545453,1.0,1.0,0.45454545454545453,1.0,0.9090909090909091,1.0,0.9090909090909091,1.0,1.0,0.9090909090909091,0.7333333333333333,1.0,0.7333333333333333,1.0,1.0,1.0,0.9924242424242423,0.55,1.0,0.55,1.0,1.0,1.0,0.9924242424242423,0.44,1.0,0.44,1.0,1.0,1.0,0.9924242424242423,0.36666666666666664,1.0,0.36666666666666664,1.0,1.0,1.0,0.9924242424242423,0.3142857142857143,1.0,0.3142857142857143,1.0,1.0,1.0,0.9924242424242423,0.275,1.0,0.275,1.0,1.0,1.0,0.9924242424242423,0.24444444444444444,1.0,0.24444444444444444,1.0,1.0,1.0,0.9924242424242423,0.22,1.0,0.22,1.0,1.0,1.0,0.9924242424242423,qwen3_06b-dj_adpt,7,webtable-la2m-v=12-distilroberta-dj_adpt~qwen3_8b-dj_adpt
civic_building_locations_a.pq,1.0,0.08333333333333333,1.0,0.08333333333333333,1.0,1.0,0.08333333333333333,0.8,0.3333333333333333,1.0,0.4166666666666667,1.0,1.0,0.31666666666666665,0.9,0.75,1.0,0.8333333333333334,1.0,1.0,0.6795304232804233,0.7333333333333333,0.9166666666666666,0.8,1.0,1.0,1.0,0.8316768879268879,0.6,1.0,0.6,1.0,1.0,1.0,0.8941768879268879,0.48,1.0,0.48,1.0,1.0,1.0,0.8941768879268879,0.4,1.0,0.4,1.0,1.0,1.0,0.8941768879268879,0.34285714285714286,1.0,0.34285714285714286,1.0,1.0,1.0,0.8941768879268879,0.3,1.0,0.3,1.0,1.0,1.0,0.8941768879268879,0.26666666666666666,1.0,0.26666666666666666,1.0,1.0,1.0,0.8941768879268879,0.24,1.0,0.24,1.0,1.0,1.0,0.8941768879268879,qwen3_06b-dj_adpt,7,webtable-la2m-v=12-distilroberta-dj_adpt~qwen3_8b-dj_adpt
practice_reference_b.pq,1.0,0.06666666666666667,1.0,0.06666666666666667,1.0,1.0,0.06666666666666667,1.0,0.3333333333333333,1.0,0.3333333333333333,1.0,1.0,0.3333333333333333,1.0,0.6666666666666666,1.0,0.6666666666666666,1.0,1.0,0.6666666666666666,1.0,1.0,1.0,1.0,1.0,1.0,1.0,0.75,1.0,0.75,1.0,1.0,1.0,1.0,0.6,1.0,0.6,1.0,1.0,1.0,1.0,0.5,1.0,0.5,1.0,1.0,1.0,1.0,0.42857142857142855,1.0,0.42857142857142855,1.0,1.0,1.0,1.0,0.375,1.0,0.375,1.0,1.0,1.0,1.0,0.3333333333333333,1.0,0.3333333333333333,1.0,1.0,1.0,1.0,0.3,1.0,0.3,1.0,1.0,1.0,1.0,qwen3_06b-dj_adpt,7,webtable-la2m-v=12-distilroberta-dj_adpt~qwen3_8b-dj_adpt
purchasing_card_a.pq,1.0,0.07692307692307693,1.0,0.07692307692307693,1.0,1.0,0.07692307692307693,1.0,0.38461538461538464,1.0,0.38461538461538464,1.0,1.0,0.38461538461538464,1.0,0.7692307692307693,1.0,0.7692307692307693,1.0,1.0,0.7692307692307693,0.8,0.9230769230769231,0.8666666666666667,1.0,1.0,1.0,0.9002535925612848,0.65,1.0,0.65,1.0,1.0,1.0,0.9590771219730496,0.52,1.0,0.52,1.0,1.0,1.0,0.9590771219730496,0.43333333333333335,1.0,0.43333333333333335,1.0,1.0,1.0,0.9590771219730496,0.37142857142857144,1.0,0.37142857142857144,1.0,1.0,1.0,0.9590771219730496,0.325,1.0,0.325,1.0,1.0,1.0,0.9590771219730496,0.28888888888888886,1.0,0.28888888888888886,1.0,1.0,1.0,0.9590771219730496,0.26,1.0,0.26,1.0,1.0,1.0,0.9590771219730496,qwen3_06b-dj_adpt,7,webtable-la2m-v=12-distilroberta-dj_adpt~qwen3_8b-dj_adpt
film_locations_in_san_francisco_a.pq,1.0,0.07692307692307693,1.0,0.07692307692307693,1.0,1.0,0.07692307692307693,1.0,0.38461538461538464,1.0,0.38461538461538464,1.0,1.0,0.38461538461538464,1.0,0.7692307692307693,1.0,0.7692307692307693,1.0,1.0,0.7692307692307693,0.8666666666666667,1.0,0.8666666666666667,1.0,1.0,1.0,1.0,0.65,1.0,0.65,1.0,1.0,1.0,1.0,0.52,1.0,0.52,1.0,1.0,1.0,1.0,0.43333333333333335,1.0,0.43333333333333335,1.0,1.0,1.0,1.0,0.37142857142857144,1.0,0.37142857142857144,1.0,1.0,1.0,1.0,0.325,1.0,0.325,1.0,1.0,1.0,1.0,0.28888888888888886,1.0,0.28888888888888886,1.0,1.0,1.0,1.0,0.26,1.0,0.26,1.0,1.0,1.0,1.0,qwen3_06b-dj_adpt,7,webtable-la2m-v=12-distilroberta-dj_adpt~qwen3_8b-dj_adpt
albums_a.pq,1.0,0.0625,1.0,0.0625,1.0,1.0,0.0625,1.0,0.3125,1.0,0.3125,1.0,1.0,0.3125,1.0,0.625,1.0,0.625,1.0,1.0,0.625,1.0,0.9375,1.0,0.9375,1.0,1.0,0.9375,0.8,1.0,0.8,1.0,1.0,1.0,1.0,0.64,1.0,0.64,1.0,1.0,1.0,1.0,0.5333333333333333,1.0,0.5333333333333333,1.0,1.0,1.0,1.0,0.45714285714285713,1.0,0.45714285714285713,1.0,1.0,1.0,1.0,0.4,1.0,0.4,1.0,1.0,1.0,1.0,0.35555555555555557,1.0,0.35555555555555557,1.0,1.0,1.0,1.0,0.32,1.0,0.32,1.0,1.0,1.0,1.0,qwen3_06b-dj_adpt,7,webtable-la2m-v=12-distilroberta-dj_adpt~qwen3_8b-dj_adpt
ipopayments_b.pq,1.0,0.06666666666666667,1.0,0.06666666666666667,1.0,1.0,0.06666666666666667,1.0,0.3333333333333333,1.0,0.3333333333333333,1.0,1.0,0.3333333333333333,1.0,0.6666666666666666,1.0,0.6666666666666666,1.0,1.0,0.6666666666666666,0.8,0.8,1.0,1.0,1.0,1.0,0.7723809523809524,0.7,0.9333333333333333,0.75,1.0,1.0,1.0,0.8783994708994709,0.56,0.9333333333333333,0.6,1.0,1.0,1.0,0.8783994708994709,0.4666666666666667,0.9333333333333333,0.5,1.0,1.0,1.0,0.8783994708994709,0.4,0.9333333333333333,0.42857142857142855,1.0,1.0,1.0,0.8783994708994709,0.35,0.9333333333333333,0.375,1.0,1.0,1.0,0.8783994708994709,0.3333333333333333,1.0,0.3333333333333333,1.0,1.0,1.0,0.90278971480191,0.3,1.0,0.3,1.0,1.0,1.0,0.90278971480191,qwen3_06b-dj_adpt,7,webtable-la2m-v=12-distilroberta-dj_adpt~qwen3_8b-dj_adpt
job_pay_scales_a.pq,1.0,0.06666666666666667,1.0,0.06666666666666667,1.0,1.0,0.06666666666666667,0.8,0.26666666666666666,1.0,0.3333333333333333,1.0,1.0,0.2533333333333333,0.9,0.6,1.0,0.6666666666666666,1.0,1.0,0.5436243386243387,0.7333333333333333,0.7333333333333333,1.0,1.0,1.0,1.0,0.6653415103415103,0.55,0.7333333333333333,0.75,1.0,1.0,1.0,0.6653415103415103,0.44,0.7333333333333333,0.6,1.0,1.0,1.0,0.6653415103415103,0.4,0.8,0.5,1.0,1.0,1.0,0.692927717238062,0.34285714285714286,0.8,0.42857142857142855,1.0,1.0,1.0,0.692927717238062,0.325,0.8666666666666667,0.375,1.0,1.0,1.0,0.7163511406614855,0.3111111111111111,0.9333333333333333,0.3333333333333333,1.0,1.0,1.0,0.7391153683037619,0.3,1.0,0.3,1.0,1.0,1.0,0.7591153683037619,qwen3_06b-dj_adpt,7,webtable-la2m-v=12-distilroberta-dj_adpt~qwen3_8b-dj_adpt
report_card_discipline_for_2015_16_a.pq,1.0,0.09090909090909091,1.0,0.09090909090909091,1.0,1.0,0.09090909090909091,0.2,0.09090909090909091,1.0,0.45454545454545453,1.0,1.0,0.09090909090909091,0.5,0.45454545454545453,1.0,0.9090909090909091,1.0,1.0,0.23683261183261184,0.6666666666666666,0.9090909090909091,0.7333333333333333,1.0,1.0,1.0,0.5144413667140939,0.55,1.0,0.55,1.0,1.0,1.0,0.5769413667140939,0.44,1.0,0.44,1.0,1.0,1.0,0.5769413667140939,0.36666666666666664,1.0,0.36666666666666664,1.0,1.0,1.0,0.5769413667140939,0.3142857142857143,1.0,0.3142857142857143,1.0,1.0,1.0,0.5769413667140939,0.275,1.0,0.275,1.0,1.0,1.0,0.5769413667140939,0.24444444444444444,1.0,0.24444444444444444,1.0,1.0,1.0,0.5769413667140939,0.22,1.0,0.22,1.0,1.0,1.0,0.5769413667140939,qwen3_06b-dj_adpt,7,webtable-la2m-v=12-distilroberta-dj_adpt~qwen3_8b-dj_adpt
contributors_parties_a.pq,1.0,0.047619047619047616,1.0,0.047619047619047616,1.0,1.0,0.047619047619047616,1.0,0.23809523809523808,1.0,0.23809523809523808,1.0,1.0,0.23809523809523808,0.9,0.42857142857142855,1.0,0.47619047619047616,1.0,1.0,0.42857142857142855,0.9333333333333333,0.6666666666666666,1.0,0.7142857142857143,1.0,1.0,0.6481304409875838,0.85,0.8095238095238095,1.0,0.9523809523809523,1.0,1.0,0.7825647702748543,0.68,0.8095238095238095,0.84,1.0,1.0,1.0,0.7825647702748543,0.7,1.0,0.7,1.0,1.0,1.0,0.9175378674811208,0.6,1.0,0.6,1.0,1.0,1.0,0.9175378674811208,0.525,1.0,0.525,1.0,1.0,1.0,0.9175378674811208,0.4666666666666667,1.0,0.4666666666666667,1.0,1.0,1.0,0.9175378674811208,0.42,1.0,0.42,1.0,1.0,1.0,0.9175378674811208,qwen3_06b-dj_adpt,7,webtable-la2m-v=12-distilroberta-dj_adpt~qwen3_8b-dj_adpt
time_spent_watching_vcr_movies_a.pq,1.0,0.09090909090909091,1.0,0.09090909090909091,1.0,1.0,0.09090909090909091,0.2,0.09090909090909091,1.0,0.45454545454545453,1.0,1.0,0.09090909090909091,0.1,0.09090909090909091,1.0,0.9090909090909091,1.0,1.0,0.09090909090909091,0.06666666666666667,0.09090909090909091,0.7333333333333333,1.0,1.0,1.0,0.09090909090909091,0.1,0.18181818181818182,0.55,1.0,1.0,1.0,0.1,0.24,0.5454545454545454,0.44,1.0,1.0,1.0,0.17200605718392278,0.2,0.5454545454545454,0.36666666666666664,1.0,1.0,1.0,0.17200605718392278,0.17142857142857143,0.5454545454545454,0.3142857142857143,1.0,1.0,1.0,0.17200605718392278,0.15,0.5454545454545454,0.275,1.0,1.0,1.0,0.17200605718392278,0.2,0.8181818181818182,0.24444444444444444,1.0,1.0,1.0,0.22387062294525542,0.18,0.8181818181818182,0.22,1.0,1.0,1.0,0.22387062294525542,qwen3_06b-dj_adpt,7,webtable-la2m-v=12-distilroberta-dj_adpt~qwen3_8b-dj_adpt
ipopayments_a.pq,1.0,0.06666666666666667,1.0,0.06666666666666667,1.0,1.0,0.06666666666666667,1.0,0.3333333333333333,1.0,0.3333333333333333,1.0,1.0,0.3333333333333333,0.6,0.4,1.0,0.6666666666666666,1.0,1.0,0.4,0.5333333333333333,0.5333333333333333,1.0,1.0,1.0,1.0,0.46888888888888886,0.6,0.8,0.75,1.0,1.0,1.0,0.6220224171539961,0.56,0.9333333333333333,0.6,1.0,1.0,1.0,0.7038719685687649,0.4666666666666667,0.9333333333333333,0.5,1.0,1.0,1.0,0.7038719685687649,0.4,0.9333333333333333,0.42857142857142855,1.0,1.0,1.0,0.7038719685687649,0.35,0.9333333333333333,0.375,1.0,1.0,1.0,0.7038719685687649,0.3111111111111111,0.9333333333333333,0.3333333333333333,1.0,1.0,1.0,0.7038719685687649,0.28,0.9333333333333333,0.3,1.0,1.0,1.0,0.7038719685687649,qwen3_06b-dj_adpt,7,webtable-la2m-v=12-distilroberta-dj_adpt~qwen3_8b-dj_adpt
deaths_2012_2018_a.pq,1.0,0.09090909090909091,1.0,0.09090909090909091,1.0,1.0,0.09090909090909091,1.0,0.45454545454545453,1.0,0.45454545454545453,1.0,1.0,0.45454545454545453,0.5,0.45454545454545453,1.0,0.9090909090909091,1.0,1.0,0.45454545454545453,0.3333333333333333,0.45454545454545453,0.7333333333333333,1.0,1.0,1.0,0.45454545454545453,0.3,0.5454545454545454,0.55,1.0,1.0,1.0,0.48325358851674644,0.4,0.9090909090909091,0.44,1.0,1.0,1.0,0.6142543071656864,0.36666666666666664,1.0,0.36666666666666664,1.0,1.0,1.0,0.6527158456272248,0.3142857142857143,1.0,0.3142857142857143,1.0,1.0,1.0,0.6527158456272248,0.275,1.0,0.275,1.0,1.0,1.0,0.6527158456272248,0.24444444444444444,1.0,0.24444444444444444,1.0,1.0,1.0,0.6527158456272248,0.22,1.0,0.22,1.0,1.0,1.0,0.6527158456272248,qwen3_06b-dj_adpt,7,webtable-la2m-v=12-distilroberta-dj_adpt~qwen3_8b-dj_adpt
tuition_assistance_program_tap_recipients_a.pq,1.0,0.09090909090909091,1.0,0.09090909090909091,1.0,1.0,0.09090909090909091,0.2,0.09090909090909091,1.0,0.45454545454545453,1.0,1.0,0.09090909090909091,0.1,0.09090909090909091,1.0,0.9090909090909091,1.0,1.0,0.09090909090909091,0.06666666666666667,0.09090909090909091,0.7333333333333333,1.0,1.0,1.0,0.09090909090909091,0.05,0.09090909090909091,0.55,1.0,1.0,1.0,0.09090909090909091,0.04,0.09090909090909091,0.44,1.0,1.0,1.0,0.09090909090909091,0.03333333333333333,0.09090909090909091,0.36666666666666664,1.0,1.0,1.0,0.09090909090909091,0.02857142857142857,0.09090909090909091,0.3142857142857143,1.0,1.0,1.0,0.09090909090909091,0.025,0.09090909090909091,0.275,1.0,1.0,1.0,0.09090909090909091,0.022222222222222223,0.09090909090909091,0.24444444444444444,1.0,1.0,1.0,0.09090909090909091,0.02,0.09090909090909091,0.22,1.0,1.0,1.0,0.09090909090909091,qwen3_06b-dj_adpt,7,webtable-la2m-v=12-distilroberta-dj_adpt~qwen3_8b-dj_adpt
ydn_spending_data_a.pq,1.0,0.08333333333333333,1.0,0.08333333333333333,1.0,1.0,0.08333333333333333,0.4,0.16666666666666666,1.0,0.4166666666666667,1.0,1.0,0.16666666666666666,0.6,0.5,1.0,0.8333333333333334,1.0,1.0,0.34034391534391534,0.5333333333333333,0.6666666666666666,0.8,1.0,1.0,1.0,0.4402370777370777,0.45,0.75,0.6,1.0,1.0,1.0,0.47971076194760404,0.44,0.9166666666666666,0.48,1.0,1.0,1.0,0.5557839942708364,0.36666666666666664,0.9166666666666666,0.4,1.0,1.0,1.0,0.5557839942708364,0.3142857142857143,0.9166666666666666,0.34285714285714286,1.0,1.0,1.0,0.5557839942708364,0.3,1.0,0.3,1.0,1.0,1.0,0.5835617720486141,0.26666666666666666,1.0,0.26666666666666666,1.0,1.0,1.0,0.5835617720486141,0.24,1.0,0.24,1.0,1.0,1.0,0.5835617720486141,qwen3_06b-dj_adpt,7,webtable-la2m-v=12-distilroberta-dj_adpt~qwen3_8b-dj_adpt
ydn_spending_data_b.pq,1.0,0.08333333333333333,1.0,0.08333333333333333,1.0,1.0,0.08333333333333333,0.4,0.16666666666666666,1.0,0.4166666666666667,1.0,1.0,0.125,0.5,0.4166666666666667,1.0,0.8333333333333334,1.0,1.0,0.25595238095238093,0.4,0.5,0.8,1.0,1.0,1.0,0.2944139194139194,0.4,0.6666666666666666,0.6,1.0,1.0,1.0,0.3659599720454984,0.36,0.75,0.48,1.0,1.0,1.0,0.3972099720454984,0.3,0.75,0.4,1.0,1.0,1.0,0.3972099720454984,0.2571428571428571,0.75,0.34285714285714286,1.0,1.0,1.0,0.3972099720454984,0.25,0.8333333333333334,0.3,1.0,1.0,1.0,0.41857749341301975,0.26666666666666666,1.0,0.26666666666666666,1.0,1.0,1.0,0.4616330489685753,0.24,1.0,0.24,1.0,1.0,1.0,0.4616330489685753,qwen3_06b-dj_adpt,7,webtable-la2m-v=12-distilroberta-dj_adpt~qwen3_8b-dj_adpt
monthly_data_feed_a.pq,1.0,0.07692307692307693,1.0,0.07692307692307693,1.0,1.0,0.07692307692307693,1.0,0.38461538461538464,1.0,0.38461538461538464,1.0,1.0,0.38461538461538464,0.6,0.46153846153846156,1.0,0.7692307692307693,1.0,1.0,0.46153846153846156,0.6,0.6923076923076923,0.8666666666666667,1.0,1.0,1.0,0.5930684699915469,0.6,0.9230769230769231,0.65,1.0,1.0,1.0,0.736736936028434,0.52,1.0,0.52,1.0,1.0,1.0,0.7821914814829795,0.43333333333333335,1.0,0.43333333333333335,1.0,1.0,1.0,0.7821914814829795,0.37142857142857144,1.0,0.37142857142857144,1.0,1.0,1.0,0.7821914814829795,0.325,1.0,0.325,1.0,1.0,1.0,0.7821914814829795,0.28888888888888886,1.0,0.28888888888888886,1.0,1.0,1.0,0.7821914814829795,0.26,1.0,0.26,1.0,1.0,1.0,0.7821914814829795,qwen3_06b-dj_adpt,7,webtable-la2m-v=12-distilroberta-dj_adpt~qwen3_8b-dj_adpt
cihr_co-applicant_b.pq,1.0,0.08333333333333333,1.0,0.08333333333333333,1.0,1.0,0.08333333333333333,0.6,0.25,1.0,0.4166666666666667,1.0,1.0,0.22916666666666666,0.6,0.5,1.0,0.8333333333333334,1.0,1.0,0.4067460317460318,0.7333333333333333,0.9166666666666666,0.8,1.0,1.0,1.0,0.6936591186591187,0.6,1.0,0.6,1.0,1.0,1.0,0.7561591186591187,0.48,1.0,0.48,1.0,1.0,1.0,0.7561591186591187,0.4,1.0,0.4,1.0,1.0,1.0,0.7561591186591187,0.34285714285714286,1.0,0.34285714285714286,1.0,1.0,1.0,0.7561591186591187,0.3,1.0,0.3,1.0,1.0,1.0,0.7561591186591187,0.26666666666666666,1.0,0.26666666666666666,1.0,1.0,1.0,0.7561591186591187,0.24,1.0,0.24,1.0,1.0,1.0,0.7561591186591187,qwen3_06b-dj_adpt,7,webtable-la2m-v=12-distilroberta-dj_adpt~qwen3_8b-dj_adpt
stockport_contracts_a.pq,1.0,0.07692307692307693,1.0,0.07692307692307693,1.0,1.0,0.07692307692307693,0.4,0.15384615384615385,1.0,0.38461538461538464,1.0,1.0,0.11538461538461539,0.4,0.3076923076923077,1.0,0.7692307692307693,1.0,1.0,0.1717948717948718,0.4666666666666667,0.5384615384615384,0.8666666666666667,1.0,1.0,1.0,0.2752465483234714,0.5,0.7692307692307693,0.65,1.0,1.0,1.0,0.39063116370808676,0.44,0.8461538461538461,0.52,1.0,1.0,1.0,0.42742046136694967,0.4,0.9230769230769231,0.43333333333333335,1.0,1.0,1.0,0.4603874943339826,0.34285714285714286,0.9230769230769231,0.37142857142857144,1.0,1.0,1.0,0.4603874943339826,0.3,0.9230769230769231,0.325,1.0,1.0,1.0,0.4603874943339826,0.28888888888888886,1.0,0.28888888888888886,1.0,1.0,1.0,0.48311476706125533,0.26,1.0,0.26,1.0,1.0,1.0,0.48311476706125533,qwen3_06b-dj_adpt,7,webtable-la2m-v=12-distilroberta-dj_adpt~qwen3_8b-dj_adpt
data_mill_b.pq,1.0,0.07142857142857142,1.0,0.07142857142857142,1.0,1.0,0.07142857142857142,0.2,0.07142857142857142,1.0,0.35714285714285715,1.0,1.0,0.07142857142857142,0.2,0.14285714285714285,1.0,0.7142857142857143,1.0,1.0,0.08571428571428572,0.26666666666666666,0.2857142857142857,0.9333333333333333,1.0,1.0,1.0,0.12560296846011132,0.35,0.5,0.7,1.0,1.0,1.0,0.19416776279889944,0.44,0.7857142857142857,0.56,1.0,1.0,1.0,0.3130838984231096,0.43333333333333335,0.9285714285714286,0.4666666666666667,1.0,1.0,1.0,0.37807063582364014,0.37142857142857144,0.9285714285714286,0.4,1.0,1.0,1.0,0.37807063582364014,0.325,0.9285714285714286,0.35,1.0,1.0,1.0,0.37807063582364014,0.28888888888888886,0.9285714285714286,0.3111111111111111,1.0,1.0,1.0,0.37807063582364014,0.28,1.0,0.28,1.0,1.0,1.0,0.39980976625842274,qwen3_06b-dj_adpt,7,webtable-la2m-v=12-distilroberta-dj_adpt~qwen3_8b-dj_adpt
practice_reference_a.pq,1.0,0.06666666666666667,1.0,0.06666666666666667,1.0,1.0,0.06666666666666667,1.0,0.3333333333333333,1.0,0.3333333333333333,1.0,1.0,0.3333333333333333,1.0,0.6666666666666666,1.0,0.6666666666666666,1.0,1.0,0.6666666666666666,0.9333333333333333,0.9333333333333333,1.0,1.0,1.0,1.0,0.9241269841269841,0.75,1.0,0.75,1.0,1.0,1.0,0.9866269841269841,0.6,1.0,0.6,1.0,1.0,1.0,0.9866269841269841,0.5,1.0,0.5,1.0,1.0,1.0,0.9866269841269841,0.42857142857142855,1.0,0.42857142857142855,1.0,1.0,1.0,0.9866269841269841,0.375,1.0,0.375,1.0,1.0,1.0,0.9866269841269841,0.3333333333333333,1.0,0.3333333333333333,1.0,1.0,1.0,0.9866269841269841,0.3,1.0,0.3,1.0,1.0,1.0,0.9866269841269841,qwen3_06b-dj_adpt,7,webtable-la2m-v=12-distilroberta-dj_adpt~qwen3_8b-dj_adpt
minister_meetings_a.pq,1.0,0.1,1.0,0.1,1.0,1.0,0.1,0.4,0.2,1.0,0.5,1.0,1.0,0.2,0.4,0.4,1.0,1.0,1.0,1.0,0.3071428571428571,0.5333333333333333,0.8,0.6666666666666666,1.0,1.0,1.0,0.4982967032967033,0.4,0.8,0.5,1.0,1.0,1.0,0.4982967032967033,0.32,0.8,0.4,1.0,1.0,1.0,0.4982967032967033,0.3,0.9,0.3333333333333333,1.0,1.0,1.0,0.5316300366300366,0.2571428571428571,0.9,0.2857142857142857,1.0,1.0,1.0,0.5316300366300366,0.225,0.9,0.25,1.0,1.0,1.0,0.5316300366300366,0.2,0.9,0.2222222222222222,1.0,1.0,1.0,0.5316300366300366,0.18,0.9,0.2,1.0,1.0,1.0,0.5316300366300366,qwen3_4b-dj_adpt,8,webtable-la2m-v=12-distilroberta-dj_adpt~qwen3_8b-dj_adpt
cihr_co-applicant_b.pq,1.0,0.08333333333333333,1.0,0.08333333333333333,1.0,1.0,0.08333333333333333,1.0,0.4166666666666667,1.0,0.4166666666666667,1.0,1.0,0.4166666666666667,1.0,0.8333333333333334,1.0,0.8333333333333334,1.0,1.0,0.8333333333333334,0.8,1.0,0.8,1.0,1.0,1.0,0.9866452991452991,0.6,1.0,0.6,1.0,1.0,1.0,0.9866452991452991,0.48,1.0,0.48,1.0,1.0,1.0,0.9866452991452991,0.4,1.0,0.4,1.0,1.0,1.0,0.9866452991452991,0.34285714285714286,1.0,0.34285714285714286,1.0,1.0,1.0,0.9866452991452991,0.3,1.0,0.3,1.0,1.0,1.0,0.9866452991452991,0.26666666666666666,1.0,0.26666666666666666,1.0,1.0,1.0,0.9866452991452991,0.24,1.0,0.24,1.0,1.0,1.0,0.9866452991452991,qwen3_4b-dj_adpt,8,webtable-la2m-v=12-distilroberta-dj_adpt~qwen3_8b-dj_adpt
contributors_parties_a.pq,0.0,0.0,1.0,0.047619047619047616,0.0,0.0,0.0,0.6,0.14285714285714285,1.0,0.23809523809523808,1.0,0.5,0.09126984126984126,0.8,0.38095238095238093,1.0,0.47619047619047616,1.0,0.5,0.26787603930461074,0.6,0.42857142857142855,1.0,0.7142857142857143,1.0,0.5,0.30683707826564965,0.5,0.47619047619047616,1.0,0.9523809523809523,1.0,0.5,0.33329210472067616,0.48,0.5714285714285714,0.84,1.0,1.0,0.5,0.3779746444032158,0.43333333333333335,0.6190476190476191,0.7,1.0,1.0,0.5,0.40178416821273966,0.37142857142857144,0.6190476190476191,0.6,1.0,1.0,0.5,0.40178416821273966,0.375,0.7142857142857143,0.525,1.0,1.0,0.5,0.4376593290879005,0.3333333333333333,0.7142857142857143,0.4666666666666667,1.0,1.0,0.5,0.4376593290879005,0.36,0.8571428571428571,0.42,1.0,1.0,0.5,0.4875338199176671,qwen3_4b-dj_adpt,8,webtable-la2m-v=12-distilroberta-dj_adpt~qwen3_8b-dj_adpt
data_mill_b.pq,1.0,0.07142857142857142,1.0,0.07142857142857142,1.0,1.0,0.07142857142857142,1.0,0.35714285714285715,1.0,0.35714285714285715,1.0,1.0,0.35714285714285715,1.0,0.7142857142857143,1.0,0.7142857142857143,1.0,1.0,0.7142857142857143,0.6666666666666666,0.7142857142857143,0.9333333333333333,1.0,1.0,1.0,0.7142857142857143,0.55,0.7857142857142857,0.7,1.0,1.0,1.0,0.7605042016806722,0.44,0.7857142857142857,0.56,1.0,1.0,1.0,0.7605042016806722,0.36666666666666664,0.7857142857142857,0.4666666666666667,1.0,1.0,1.0,0.7605042016806722,0.3142857142857143,0.7857142857142857,0.4,1.0,1.0,1.0,0.7605042016806722,0.275,0.7857142857142857,0.35,1.0,1.0,1.0,0.7605042016806722,0.3111111111111111,1.0,0.3111111111111111,1.0,1.0,1.0,0.8267747825165233,0.28,1.0,0.28,1.0,1.0,1.0,0.8267747825165233,qwen3_4b-dj_adpt,8,webtable-la2m-v=12-distilroberta-dj_adpt~qwen3_8b-dj_adpt
business_rates_a.pq,1.0,0.08333333333333333,1.0,0.08333333333333333,1.0,1.0,0.08333333333333333,0.8,0.3333333333333333,1.0,0.4166666666666667,1.0,1.0,0.31666666666666665,0.9,0.75,1.0,0.8333333333333334,1.0,1.0,0.6795304232804233,0.8,1.0,0.8,1.0,1.0,1.0,0.9031054593554594,0.6,1.0,0.6,1.0,1.0,1.0,0.9031054593554594,0.48,1.0,0.48,1.0,1.0,1.0,0.9031054593554594,0.4,1.0,0.4,1.0,1.0,1.0,0.9031054593554594,0.34285714285714286,1.0,0.34285714285714286,1.0,1.0,1.0,0.9031054593554594,0.3,1.0,0.3,1.0,1.0,1.0,0.9031054593554594,0.26666666666666666,1.0,0.26666666666666666,1.0,1.0,1.0,0.9031054593554594,0.24,1.0,0.24,1.0,1.0,1.0,0.9031054593554594,qwen3_4b-dj_adpt,8,webtable-la2m-v=12-distilroberta-dj_adpt~qwen3_8b-dj_adpt
data_mill_a.pq,1.0,0.07142857142857142,1.0,0.07142857142857142,1.0,1.0,0.07142857142857142,1.0,0.35714285714285715,1.0,0.35714285714285715,1.0,1.0,0.35714285714285715,0.9,0.6428571428571429,1.0,0.7142857142857143,1.0,1.0,0.6428571428571429,0.8,0.8571428571428571,0.9333333333333333,1.0,1.0,1.0,0.8253746253746254,0.7,1.0,0.7,1.0,1.0,1.0,0.9422338690721043,0.56,1.0,0.56,1.0,1.0,1.0,0.9422338690721043,0.4666666666666667,1.0,0.4666666666666667,1.0,1.0,1.0,0.9422338690721043,0.4,1.0,0.4,1.0,1.0,1.0,0.9422338690721043,0.35,1.0,0.35,1.0,1.0,1.0,0.9422338690721043,0.3111111111111111,1.0,0.3111111111111111,1.0,1.0,1.0,0.9422338690721043,0.28,1.0,0.28,1.0,1.0,1.0,0.9422338690721043,qwen3_4b-dj_adpt,8,webtable-la2m-v=12-distilroberta-dj_adpt~qwen3_8b-dj_adpt
film_locations_in_san_francisco_a.pq,1.0,0.07692307692307693,1.0,0.07692307692307693,1.0,1.0,0.07692307692307693,1.0,0.38461538461538464,1.0,0.38461538461538464,1.0,1.0,0.38461538461538464,1.0,0.7692307692307693,1.0,0.7692307692307693,1.0,1.0,0.7692307692307693,0.8666666666666667,1.0,0.8666666666666667,1.0,1.0,1.0,1.0,0.65,1.0,0.65,1.0,1.0,1.0,1.0,0.52,1.0,0.52,1.0,1.0,1.0,1.0,0.43333333333333335,1.0,0.43333333333333335,1.0,1.0,1.0,1.0,0.37142857142857144,1.0,0.37142857142857144,1.0,1.0,1.0,1.0,0.325,1.0,0.325,1.0,1.0,1.0,1.0,0.28888888888888886,1.0,0.28888888888888886,1.0,1.0,1.0,1.0,0.26,1.0,0.26,1.0,1.0,1.0,1.0,qwen3_4b-dj_adpt,8,webtable-la2m-v=12-distilroberta-dj_adpt~qwen3_8b-dj_adpt
albums_b.pq,1.0,0.0625,1.0,0.0625,1.0,1.0,0.0625,1.0,0.3125,1.0,0.3125,1.0,1.0,0.3125,1.0,0.625,1.0,0.625,1.0,1.0,0.625,1.0,0.9375,1.0,0.9375,1.0,1.0,0.9375,0.8,1.0,0.8,1.0,1.0,1.0,1.0,0.64,1.0,0.64,1.0,1.0,1.0,1.0,0.5333333333333333,1.0,0.5333333333333333,1.0,1.0,1.0,1.0,0.45714285714285713,1.0,0.45714285714285713,1.0,1.0,1.0,1.0,0.4,1.0,0.4,1.0,1.0,1.0,1.0,0.35555555555555557,1.0,0.35555555555555557,1.0,1.0,1.0,1.0,0.32,1.0,0.32,1.0,1.0,1.0,1.0,qwen3_4b-dj_adpt,8,webtable-la2m-v=12-distilroberta-dj_adpt~qwen3_8b-dj_adpt
biodiversity_a.pq,1.0,0.09090909090909091,1.0,0.09090909090909091,1.0,1.0,0.09090909090909091,0.8,0.36363636363636365,1.0,0.45454545454545453,1.0,1.0,0.36363636363636365,0.5,0.45454545454545453,1.0,0.9090909090909091,1.0,1.0,0.4393939393939394,0.4,0.5454545454545454,0.7333333333333333,1.0,1.0,1.0,0.4813519813519813,0.3,0.5454545454545454,0.55,1.0,1.0,1.0,0.4813519813519813,0.24,0.5454545454545454,0.44,1.0,1.0,1.0,0.4813519813519813,0.2,0.5454545454545454,0.36666666666666664,1.0,1.0,1.0,0.4813519813519813,0.17142857142857143,0.5454545454545454,0.3142857142857143,1.0,1.0,1.0,0.4813519813519813,0.15,0.5454545454545454,0.275,1.0,1.0,1.0,0.4813519813519813,0.13333333333333333,0.5454545454545454,0.24444444444444444,1.0,1.0,1.0,0.4813519813519813,0.14,0.6363636363636364,0.22,1.0,1.0,1.0,0.495185973446843,qwen3_4b-dj_adpt,8,webtable-la2m-v=12-distilroberta-dj_adpt~qwen3_8b-dj_adpt
job_pay_scales_a.pq,1.0,0.06666666666666667,1.0,0.06666666666666667,1.0,1.0,0.06666666666666667,1.0,0.3333333333333333,1.0,0.3333333333333333,1.0,1.0,0.3333333333333333,0.9,0.6,1.0,0.6666666666666666,1.0,1.0,0.5933333333333334,0.7333333333333333,0.7333333333333333,1.0,1.0,1.0,1.0,0.715050505050505,0.55,0.7333333333333333,0.75,1.0,1.0,1.0,0.715050505050505,0.44,0.7333333333333333,0.6,1.0,1.0,1.0,0.715050505050505,0.36666666666666664,0.7333333333333333,0.5,1.0,1.0,1.0,0.715050505050505,0.37142857142857144,0.8666666666666667,0.42857142857142855,1.0,1.0,1.0,0.7633418215771157,0.325,0.8666666666666667,0.375,1.0,1.0,1.0,0.7633418215771157,0.28888888888888886,0.8666666666666667,0.3333333333333333,1.0,1.0,1.0,0.7633418215771157,0.28,0.9333333333333333,0.3,1.0,1.0,1.0,0.7820084882437823,qwen3_4b-dj_adpt,8,webtable-la2m-v=12-distilroberta-dj_adpt~qwen3_8b-dj_adpt
mines_a.pq,1.0,0.07142857142857142,1.0,0.07142857142857142,1.0,1.0,0.07142857142857142,1.0,0.35714285714285715,1.0,0.35714285714285715,1.0,1.0,0.35714285714285715,0.8,0.5714285714285714,1.0,0.7142857142857143,1.0,1.0,0.5714285714285714,0.6,0.6428571428571429,0.9333333333333333,1.0,1.0,1.0,0.6298701298701299,0.45,0.6428571428571429,0.7,1.0,1.0,1.0,0.6298701298701299,0.36,0.6428571428571429,0.56,1.0,1.0,1.0,0.6298701298701299,0.3,0.6428571428571429,0.4666666666666667,1.0,1.0,1.0,0.6298701298701299,0.2857142857142857,0.7142857142857143,0.4,1.0,1.0,1.0,0.6502782931354361,0.275,0.7857142857142857,0.35,1.0,1.0,1.0,0.6699211502782931,0.24444444444444444,0.7857142857142857,0.3111111111111111,1.0,1.0,1.0,0.6699211502782931,0.22,0.7857142857142857,0.28,1.0,1.0,1.0,0.6699211502782931,qwen3_4b-dj_adpt,8,webtable-la2m-v=12-distilroberta-dj_adpt~qwen3_8b-dj_adpt
mines_b.pq,1.0,0.07142857142857142,1.0,0.07142857142857142,1.0,1.0,0.07142857142857142,0.4,0.14285714285714285,1.0,0.35714285714285715,1.0,1.0,0.11904761904761904,0.3,0.21428571428571427,1.0,0.7142857142857143,1.0,1.0,0.15476190476190474,0.26666666666666666,0.2857142857142857,0.9333333333333333,1.0,1.0,1.0,0.18073593073593072,0.2,0.2857142857142857,0.7,1.0,1.0,1.0,0.18073593073593072,0.16,0.2857142857142857,0.56,1.0,1.0,1.0,0.18073593073593072,0.13333333333333333,0.2857142857142857,0.4666666666666667,1.0,1.0,1.0,0.18073593073593072,0.11428571428571428,0.2857142857142857,0.4,1.0,1.0,1.0,0.18073593073593072,0.1,0.2857142857142857,0.35,1.0,1.0,1.0,0.18073593073593072,0.1111111111111111,0.35714285714285715,0.3111111111111111,1.0,1.0,1.0,0.18885281385281386,0.1,0.35714285714285715,0.28,1.0,1.0,1.0,0.18885281385281386,qwen3_4b-dj_adpt,8,webtable-la2m-v=12-distilroberta-dj_adpt~qwen3_8b-dj_adpt
stockport_contracts_b.pq,1.0,0.07692307692307693,1.0,0.07692307692307693,1.0,1.0,0.07692307692307693,0.6,0.23076923076923078,1.0,0.38461538461538464,1.0,1.0,0.21153846153846154,0.8,0.6153846153846154,1.0,0.7692307692307693,1.0,1.0,0.49682539682539684,0.5333333333333333,0.6153846153846154,0.8666666666666667,1.0,1.0,1.0,0.49682539682539684,0.4,0.6153846153846154,0.65,1.0,1.0,1.0,0.49682539682539684,0.4,0.7692307692307693,0.52,1.0,1.0,1.0,0.5576949620427881,0.4,0.9230769230769231,0.43333333333333335,1.0,1.0,1.0,0.62086423210861,0.34285714285714286,0.9230769230769231,0.37142857142857144,1.0,1.0,1.0,0.62086423210861,0.3,0.9230769230769231,0.325,1.0,1.0,1.0,0.62086423210861,0.26666666666666666,0.9230769230769231,0.28888888888888886,1.0,1.0,1.0,0.62086423210861,0.24,0.9230769230769231,0.26,1.0,1.0,1.0,0.62086423210861,qwen3_4b-dj_adpt,8,webtable-la2m-v=12-distilroberta-dj_adpt~qwen3_8b-dj_adpt
albums_a.pq,1.0,0.0625,1.0,0.0625,1.0,1.0,0.0625,1.0,0.3125,1.0,0.3125,1.0,1.0,0.3125,1.0,0.625,1.0,0.625,1.0,1.0,0.625,1.0,0.9375,1.0,0.9375,1.0,1.0,0.9375,0.8,1.0,0.8,1.0,1.0,1.0,1.0,0.64,1.0,0.64,1.0,1.0,1.0,1.0,0.5333333333333333,1.0,0.5333333333333333,1.0,1.0,1.0,1.0,0.45714285714285713,1.0,0.45714285714285713,1.0,1.0,1.0,1.0,0.4,1.0,0.4,1.0,1.0,1.0,1.0,0.35555555555555557,1.0,0.35555555555555557,1.0,1.0,1.0,1.0,0.32,1.0,0.32,1.0,1.0,1.0,1.0,qwen3_4b-dj_adpt,8,webtable-la2m-v=12-distilroberta-dj_adpt~qwen3_8b-dj_adpt
tuition_assistance_program_tap_recipients_a.pq,1.0,0.09090909090909091,1.0,0.09090909090909091,1.0,1.0,0.09090909090909091,0.2,0.09090909090909091,1.0,0.45454545454545453,1.0,1.0,0.09090909090909091,0.1,0.09090909090909091,1.0,0.9090909090909091,1.0,1.0,0.09090909090909091,0.06666666666666667,0.09090909090909091,0.7333333333333333,1.0,1.0,1.0,0.09090909090909091,0.05,0.09090909090909091,0.55,1.0,1.0,1.0,0.09090909090909091,0.04,0.09090909090909091,0.44,1.0,1.0,1.0,0.09090909090909091,0.1,0.2727272727272727,0.36666666666666664,1.0,1.0,1.0,0.10626959247648902,0.2,0.6363636363636364,0.3142857142857143,1.0,1.0,1.0,0.16691508701127977,0.275,1.0,0.275,1.0,1.0,1.0,0.2587945999434243,0.24444444444444444,1.0,0.24444444444444444,1.0,1.0,1.0,0.2587945999434243,0.22,1.0,0.22,1.0,1.0,1.0,0.2587945999434243,qwen3_4b-dj_adpt,8,webtable-la2m-v=12-distilroberta-dj_adpt~qwen3_8b-dj_adpt
cdc_nutrition_physical_activity_and_obesity_legislation_a.pq,1.0,0.09090909090909091,1.0,0.09090909090909091,1.0,1.0,0.09090909090909091,0.2,0.09090909090909091,1.0,0.45454545454545453,1.0,1.0,0.09090909090909091,0.1,0.09090909090909091,1.0,0.9090909090909091,1.0,1.0,0.09090909090909091,0.06666666666666667,0.09090909090909091,0.7333333333333333,1.0,1.0,1.0,0.09090909090909091,0.05,0.09090909090909091,0.55,1.0,1.0,1.0,0.09090909090909091,0.04,0.09090909090909091,0.44,1.0,1.0,1.0,0.09090909090909091,0.1,0.2727272727272727,0.36666666666666664,1.0,1.0,1.0,0.10680698611733094,0.08571428571428572,0.2727272727272727,0.3142857142857143,1.0,1.0,1.0,0.10680698611733094,0.075,0.2727272727272727,0.275,1.0,1.0,1.0,0.10680698611733094,0.06666666666666667,0.2727272727272727,0.24444444444444444,1.0,1.0,1.0,0.10680698611733094,0.06,0.2727272727272727,0.22,1.0,1.0,1.0,0.10680698611733094,qwen3_4b-dj_adpt,8,webtable-la2m-v=12-distilroberta-dj_adpt~qwen3_8b-dj_adpt
workforce_management_information_b.pq,1.0,0.05555555555555555,1.0,0.05555555555555555,1.0,1.0,0.05555555555555555,1.0,0.2777777777777778,1.0,0.2777777777777778,1.0,1.0,0.2777777777777778,1.0,0.5555555555555556,1.0,0.5555555555555556,1.0,1.0,0.5555555555555556,0.8666666666666667,0.7222222222222222,1.0,0.8333333333333334,1.0,1.0,0.7222222222222222,0.65,0.7222222222222222,0.9,1.0,1.0,1.0,0.7222222222222222,0.52,0.7222222222222222,0.72,1.0,1.0,1.0,0.7222222222222222,0.43333333333333335,0.7222222222222222,0.6,1.0,1.0,1.0,0.7222222222222222,0.37142857142857144,0.7222222222222222,0.5142857142857142,1.0,1.0,1.0,0.7222222222222222,0.325,0.7222222222222222,0.45,1.0,1.0,1.0,0.7222222222222222,0.28888888888888886,0.7222222222222222,0.4,1.0,1.0,1.0,0.7222222222222222,0.26,0.7222222222222222,0.36,1.0,1.0,1.0,0.7222222222222222,qwen3_4b-dj_adpt,8,webtable-la2m-v=12-distilroberta-dj_adpt~qwen3_8b-dj_adpt
immigration_records_a.pq,1.0,0.0625,1.0,0.0625,1.0,1.0,0.0625,0.2,0.0625,1.0,0.3125,1.0,1.0,0.0625,0.4,0.25,1.0,0.625,1.0,1.0,0.12395833333333334,0.3333333333333333,0.3125,1.0,0.9375,1.0,1.0,0.15236742424242425,0.3,0.375,0.8,1.0,1.0,1.0,0.17580492424242425,0.28,0.4375,0.64,1.0,1.0,1.0,0.19569128787878787,0.36666666666666664,0.6875,0.5333333333333333,1.0,1.0,1.0,0.2787674829161898,0.3142857142857143,0.6875,0.45714285714285713,1.0,1.0,1.0,0.2787674829161898,0.275,0.6875,0.4,1.0,1.0,1.0,0.2787674829161898,0.26666666666666666,0.75,0.35555555555555557,1.0,1.0,1.0,0.2970601658430191,0.24,0.75,0.32,1.0,1.0,1.0,0.2970601658430191,qwen3_4b-dj_adpt,8,webtable-la2m-v=12-distilroberta-dj_adpt~qwen3_8b-dj_adpt
monthly_data_feed_a.pq,1.0,0.07692307692307693,1.0,0.07692307692307693,1.0,1.0,0.07692307692307693,1.0,0.38461538461538464,1.0,0.38461538461538464,1.0,1.0,0.38461538461538464,0.5,0.38461538461538464,1.0,0.7692307692307693,1.0,1.0,0.38461538461538464,0.5333333333333333,0.6153846153846154,0.8666666666666667,1.0,1.0,1.0,0.5187824995517303,0.4,0.6153846153846154,0.65,1.0,1.0,1.0,0.5187824995517303,0.44,0.8461538461538461,0.52,1.0,1.0,1.0,0.6205607213299521,0.4,0.9230769230769231,0.43333333333333335,1.0,1.0,1.0,0.6547487555179863,0.34285714285714286,0.9230769230769231,0.37142857142857144,1.0,1.0,1.0,0.6547487555179863,0.325,1.0,0.325,1.0,1.0,1.0,0.6825265332957641,0.28888888888888886,1.0,0.28888888888888886,1.0,1.0,1.0,0.6825265332957641,0.26,1.0,0.26,1.0,1.0,1.0,0.6825265332957641,qwen3_4b-dj_adpt,8,webtable-la2m-v=12-distilroberta-dj_adpt~qwen3_8b-dj_adpt
contributors_parties_b.pq,1.0,0.047619047619047616,1.0,0.047619047619047616,1.0,1.0,0.047619047619047616,0.6,0.14285714285714285,1.0,0.23809523809523808,1.0,1.0,0.13095238095238096,0.4,0.19047619047619047,1.0,0.47619047619047616,1.0,1.0,0.15816326530612243,0.26666666666666666,0.19047619047619047,1.0,0.7142857142857143,1.0,1.0,0.15816326530612243,0.2,0.19047619047619047,1.0,0.9523809523809523,1.0,1.0,0.15816326530612243,0.32,0.38095238095238093,0.84,1.0,1.0,1.0,0.2116151309008452,0.3,0.42857142857142855,0.7,1.0,1.0,1.0,0.22809864738436167,0.2857142857142857,0.47619047619047616,0.6,1.0,1.0,1.0,0.24297959976531405,0.275,0.5238095238095238,0.525,1.0,1.0,1.0,0.25607483786055213,0.24444444444444444,0.5238095238095238,0.4666666666666667,1.0,1.0,1.0,0.25607483786055213,0.26,0.6190476190476191,0.42,1.0,1.0,1.0,0.28139402350582476,qwen3_4b-dj_adpt,8,webtable-la2m-v=12-distilroberta-dj_adpt~qwen3_8b-dj_adpt
purchasing_card_a.pq,1.0,0.07692307692307693,1.0,0.07692307692307693,1.0,1.0,0.07692307692307693,0.8,0.3076923076923077,1.0,0.38461538461538464,1.0,1.0,0.3076923076923077,0.6,0.46153846153846156,1.0,0.7692307692307693,1.0,1.0,0.3965811965811966,0.7333333333333333,0.8461538461538461,0.8666666666666667,1.0,1.0,1.0,0.6614240460394307,0.55,0.8461538461538461,0.65,1.0,1.0,1.0,0.6614240460394307,0.52,1.0,0.52,1.0,1.0,1.0,0.7415578253036448,0.43333333333333335,1.0,0.43333333333333335,1.0,1.0,1.0,0.7415578253036448,0.37142857142857144,1.0,0.37142857142857144,1.0,1.0,1.0,0.7415578253036448,0.325,1.0,0.325,1.0,1.0,1.0,0.7415578253036448,0.28888888888888886,1.0,0.28888888888888886,1.0,1.0,1.0,0.7415578253036448,0.26,1.0,0.26,1.0,1.0,1.0,0.7415578253036448,qwen3_4b-dj_adpt,8,webtable-la2m-v=12-distilroberta-dj_adpt~qwen3_8b-dj_adpt
prescribing_a.pq,1.0,0.06666666666666667,1.0,0.06666666666666667,1.0,1.0,0.06666666666666667,0.6,0.2,1.0,0.3333333333333333,1.0,1.0,0.1611111111111111,0.5,0.3333333333333333,1.0,0.6666666666666666,1.0,1.0,0.2472222222222222,0.3333333333333333,0.3333333333333333,1.0,1.0,1.0,1.0,0.2472222222222222,0.35,0.4666666666666667,0.75,1.0,1.0,1.0,0.29277777777777775,0.4,0.6666666666666666,0.6,1.0,1.0,1.0,0.3744328376937072,0.43333333333333335,0.8666666666666667,0.5,1.0,1.0,1.0,0.4610944519415284,0.42857142857142855,1.0,0.42857142857142855,1.0,1.0,1.0,0.5224519788232488,0.375,1.0,0.375,1.0,1.0,1.0,0.5224519788232488,0.3333333333333333,1.0,0.3333333333333333,1.0,1.0,1.0,0.5224519788232488,0.3,1.0,0.3,1.0,1.0,1.0,0.5224519788232488,qwen3_4b-dj_adpt,8,webtable-la2m-v=12-distilroberta-dj_adpt~qwen3_8b-dj_adpt
psyckes_antipsychotic_polypharmacy_quality_indicators_beginning_2012_a.pq,1.0,0.09090909090909091,1.0,0.09090909090909091,1.0,1.0,0.09090909090909091,0.2,0.09090909090909091,1.0,0.45454545454545453,1.0,1.0,0.09090909090909091,0.1,0.09090909090909091,1.0,0.9090909090909091,1.0,1.0,0.09090909090909091,0.06666666666666667,0.09090909090909091,0.7333333333333333,1.0,1.0,1.0,0.09090909090909091,0.05,0.09090909090909091,0.55,1.0,1.0,1.0,0.09090909090909091,0.04,0.09090909090909091,0.44,1.0,1.0,1.0,0.09090909090909091,0.03333333333333333,0.09090909090909091,0.36666666666666664,1.0,1.0,1.0,0.09090909090909091,0.02857142857142857,0.09090909090909091,0.3142857142857143,1.0,1.0,1.0,0.09090909090909091,0.025,0.09090909090909091,0.275,1.0,1.0,1.0,0.09090909090909091,0.022222222222222223,0.09090909090909091,0.24444444444444444,1.0,1.0,1.0,0.09090909090909091,0.02,0.09090909090909091,0.22,1.0,1.0,1.0,0.09090909090909091,qwen3_4b-dj_adpt,8,webtable-la2m-v=12-distilroberta-dj_adpt~qwen3_8b-dj_adpt
stockport_contracts_a.pq,1.0,0.07692307692307693,1.0,0.07692307692307693,1.0,1.0,0.07692307692307693,0.8,0.3076923076923077,1.0,0.38461538461538464,1.0,1.0,0.29230769230769227,0.7,0.5384615384615384,1.0,0.7692307692307693,1.0,1.0,0.4821733821733822,0.6,0.6923076923076923,0.8666666666666667,1.0,1.0,1.0,0.5722832722832722,0.5,0.7692307692307693,0.65,1.0,1.0,1.0,0.6203601953601954,0.4,0.7692307692307693,0.52,1.0,1.0,1.0,0.6203601953601954,0.36666666666666664,0.8461538461538461,0.43333333333333335,1.0,1.0,1.0,0.6505799755799756,0.34285714285714286,0.9230769230769231,0.37142857142857144,1.0,1.0,1.0,0.6803566505179408,0.3,0.9230769230769231,0.325,1.0,1.0,1.0,0.6803566505179408,0.26666666666666666,0.9230769230769231,0.28888888888888886,1.0,1.0,1.0,0.6803566505179408,0.24,0.9230769230769231,0.26,1.0,1.0,1.0,0.6803566505179408,qwen3_4b-dj_adpt,8,webtable-la2m-v=12-distilroberta-dj_adpt~qwen3_8b-dj_adpt
time_spent_watching_vcr_movies_a.pq,1.0,0.09090909090909091,1.0,0.09090909090909091,1.0,1.0,0.09090909090909091,0.2,0.09090909090909091,1.0,0.45454545454545453,1.0,1.0,0.09090909090909091,0.2,0.18181818181818182,1.0,0.9090909090909091,1.0,1.0,0.10909090909090909,0.3333333333333333,0.45454545454545453,0.7333333333333333,1.0,1.0,1.0,0.19449035812672175,0.3,0.5454545454545454,0.55,1.0,1.0,1.0,0.22657591962404797,0.28,0.6363636363636364,0.44,1.0,1.0,1.0,0.2555015394587587,0.23333333333333334,0.6363636363636364,0.36666666666666664,1.0,1.0,1.0,0.2555015394587587,0.22857142857142856,0.7272727272727273,0.3142857142857143,1.0,1.0,1.0,0.27822881218603146,0.2,0.7272727272727273,0.275,1.0,1.0,1.0,0.27822881218603146,0.2,0.8181818181818182,0.24444444444444444,1.0,1.0,1.0,0.29641063036784965,0.22,1.0,0.22,1.0,1.0,1.0,0.336173476217652,qwen3_4b-dj_adpt,8,webtable-la2m-v=12-distilroberta-dj_adpt~qwen3_8b-dj_adpt
oil_and_gas_summary_production_data_1967_1999_a.pq,1.0,0.09090909090909091,1.0,0.09090909090909091,1.0,1.0,0.09090909090909091,1.0,0.45454545454545453,1.0,0.45454545454545453,1.0,1.0,0.45454545454545453,0.6,0.5454545454545454,1.0,0.9090909090909091,1.0,1.0,0.5454545454545454,0.5333333333333333,0.7272727272727273,0.7333333333333333,1.0,1.0,1.0,0.6393939393939394,0.45,0.8181818181818182,0.55,1.0,1.0,1.0,0.690530303030303,0.4,0.9090909090909091,0.44,1.0,1.0,1.0,0.7318526170798898,0.36666666666666664,1.0,0.36666666666666664,1.0,1.0,1.0,0.7663353757005794,0.3142857142857143,1.0,0.3142857142857143,1.0,1.0,1.0,0.7663353757005794,0.275,1.0,0.275,1.0,1.0,1.0,0.7663353757005794,0.24444444444444444,1.0,0.24444444444444444,1.0,1.0,1.0,0.7663353757005794,0.22,1.0,0.22,1.0,1.0,1.0,0.7663353757005794,qwen3_4b-dj_adpt,8,webtable-la2m-v=12-distilroberta-dj_adpt~qwen3_8b-dj_adpt
lane_description_a.pq,1.0,0.0625,1.0,0.0625,1.0,1.0,0.0625,1.0,0.3125,1.0,0.3125,1.0,1.0,0.3125,0.8,0.5,1.0,0.625,1.0,1.0,0.5,0.7333333333333333,0.6875,1.0,0.9375,1.0,1.0,0.6337454212454212,0.7,0.875,0.8,1.0,1.0,1.0,0.7770256500035911,0.6,0.9375,0.64,1.0,1.0,1.0,0.8216685071464483,0.5333333333333333,1.0,0.5333333333333333,1.0,1.0,1.0,0.857382792860734,0.45714285714285713,1.0,0.45714285714285713,1.0,1.0,1.0,0.857382792860734,0.4,1.0,0.4,1.0,1.0,1.0,0.857382792860734,0.35555555555555557,1.0,0.35555555555555557,1.0,1.0,1.0,0.857382792860734,0.32,1.0,0.32,1.0,1.0,1.0,0.857382792860734,qwen3_4b-dj_adpt,8,webtable-la2m-v=12-distilroberta-dj_adpt~qwen3_8b-dj_adpt
ydn_spending_data_b.pq,1.0,0.08333333333333333,1.0,0.08333333333333333,1.0,1.0,0.08333333333333333,0.2,0.08333333333333333,1.0,0.4166666666666667,1.0,1.0,0.08333333333333333,0.2,0.16666666666666666,1.0,0.8333333333333334,1.0,1.0,0.09999999999999999,0.3333333333333333,0.4166666666666667,0.8,1.0,1.0,1.0,0.1743145743145743,0.3,0.5,0.6,1.0,1.0,1.0,0.2020923520923521,0.36,0.75,0.48,1.0,1.0,1.0,0.2852324487107096,0.3333333333333333,0.8333333333333334,0.4,1.0,1.0,1.0,0.31499435347261434,0.3142857142857143,0.9166666666666666,0.34285714285714286,1.0,1.0,1.0,0.3445642459457326,0.3,1.0,0.3,1.0,1.0,1.0,0.37020527158675826,0.26666666666666666,1.0,0.26666666666666666,1.0,1.0,1.0,0.37020527158675826,0.24,1.0,0.24,1.0,1.0,1.0,0.37020527158675826,qwen3_4b-dj_adpt,8,webtable-la2m-v=12-distilroberta-dj_adpt~qwen3_8b-dj_adpt
report_card_discipline_for_2015_16_a.pq,1.0,0.09090909090909091,1.0,0.09090909090909091,1.0,1.0,0.09090909090909091,0.2,0.09090909090909091,1.0,0.45454545454545453,1.0,1.0,0.09090909090909091,0.1,0.09090909090909091,1.0,0.9090909090909091,1.0,1.0,0.09090909090909091,0.26666666666666666,0.36363636363636365,0.7333333333333333,1.0,1.0,1.0,0.14861804861804861,0.35,0.6363636363636364,0.55,1.0,1.0,1.0,0.240822992796677,0.28,0.6363636363636364,0.44,1.0,1.0,1.0,0.240822992796677,0.23333333333333334,0.6363636363636364,0.36666666666666664,1.0,1.0,1.0,0.240822992796677,0.2857142857142857,0.9090909090909091,0.3142857142857143,1.0,1.0,1.0,0.3128997573868106,0.275,1.0,0.275,1.0,1.0,1.0,0.3406775351645883,0.24444444444444444,1.0,0.24444444444444444,1.0,1.0,1.0,0.3406775351645883,0.22,1.0,0.22,1.0,1.0,1.0,0.3406775351645883,qwen3_4b-dj_adpt,8,webtable-la2m-v=12-distilroberta-dj_adpt~qwen3_8b-dj_adpt
deaths_2012_2018_a.pq,1.0,0.09090909090909091,1.0,0.09090909090909091,1.0,1.0,0.09090909090909091,1.0,0.45454545454545453,1.0,0.45454545454545453,1.0,1.0,0.45454545454545453,0.9,0.8181818181818182,1.0,0.9090909090909091,1.0,1.0,0.8090909090909091,0.7333333333333333,1.0,0.7333333333333333,1.0,1.0,1.0,0.9750688705234161,0.55,1.0,0.55,1.0,1.0,1.0,0.9750688705234161,0.44,1.0,0.44,1.0,1.0,1.0,0.9750688705234161,0.36666666666666664,1.0,0.36666666666666664,1.0,1.0,1.0,0.9750688705234161,0.3142857142857143,1.0,0.3142857142857143,1.0,1.0,1.0,0.9750688705234161,0.275,1.0,0.275,1.0,1.0,1.0,0.9750688705234161,0.24444444444444444,1.0,0.24444444444444444,1.0,1.0,1.0,0.9750688705234161,0.22,1.0,0.22,1.0,1.0,1.0,0.9750688705234161,qwen3_4b-dj_adpt,8,webtable-la2m-v=12-distilroberta-dj_adpt~qwen3_8b-dj_adpt
practice_reference_b.pq,1.0,0.06666666666666667,1.0,0.06666666666666667,1.0,1.0,0.06666666666666667,1.0,0.3333333333333333,1.0,0.3333333333333333,1.0,1.0,0.3333333333333333,1.0,0.6666666666666666,1.0,0.6666666666666666,1.0,1.0,0.6666666666666666,0.8,0.8,1.0,1.0,1.0,1.0,0.7893162393162393,0.65,0.8666666666666667,0.75,1.0,1.0,1.0,0.8349302744039586,0.52,0.8666666666666667,0.6,1.0,1.0,1.0,0.8349302744039586,0.4666666666666667,0.9333333333333333,0.5,1.0,1.0,1.0,0.8694981756385265,0.4,0.9333333333333333,0.42857142857142855,1.0,1.0,1.0,0.8694981756385265,0.35,0.9333333333333333,0.375,1.0,1.0,1.0,0.8694981756385265,0.3333333333333333,1.0,0.3333333333333333,1.0,1.0,1.0,0.8933076994480503,0.3,1.0,0.3,1.0,1.0,1.0,0.8933076994480503,qwen3_4b-dj_adpt,8,webtable-la2m-v=12-distilroberta-dj_adpt~qwen3_8b-dj_adpt
complaint_by_practice_a.pq,1.0,0.07692307692307693,1.0,0.07692307692307693,1.0,1.0,0.07692307692307693,0.6,0.23076923076923078,1.0,0.38461538461538464,1.0,1.0,0.18589743589743588,0.3,0.23076923076923078,1.0,0.7692307692307693,1.0,1.0,0.18589743589743588,0.2,0.23076923076923078,0.8666666666666667,1.0,1.0,1.0,0.18589743589743588,0.2,0.3076923076923077,0.65,1.0,1.0,1.0,0.202991452991453,0.16,0.3076923076923077,0.52,1.0,1.0,1.0,0.202991452991453,0.13333333333333333,0.3076923076923077,0.43333333333333335,1.0,1.0,1.0,0.202991452991453,0.11428571428571428,0.3076923076923077,0.37142857142857144,1.0,1.0,1.0,0.202991452991453,0.1,0.3076923076923077,0.325,1.0,1.0,1.0,0.202991452991453,0.08888888888888889,0.3076923076923077,0.28888888888888886,1.0,1.0,1.0,0.202991452991453,0.14,0.5384615384615384,0.26,1.0,1.0,1.0,0.23239057298955543,qwen3_4b-dj_adpt,8,webtable-la2m-v=12-distilroberta-dj_adpt~qwen3_8b-dj_adpt
monthly_data_feed_b.pq,0.0,0.0,1.0,0.07692307692307693,0.0,0.0,0.0,0.0,0.0,1.0,0.38461538461538464,0.0,0.0,0.0,0.3,0.23076923076923078,1.0,0.7692307692307693,1.0,0.16666666666666666,0.06364468864468864,0.4666666666666667,0.5384615384615384,0.8666666666666667,1.0,1.0,0.16666666666666666,0.18773598196675118,0.45,0.6923076923076923,0.65,1.0,1.0,0.16666666666666666,0.2669215023287422,0.48,0.9230769230769231,0.52,1.0,1.0,0.16666666666666666,0.3771373734141784,0.4,0.9230769230769231,0.43333333333333335,1.0,1.0,0.16666666666666666,0.3771373734141784,0.37142857142857144,1.0,0.37142857142857144,1.0,1.0,0.16666666666666666,0.4083873734141784,0.325,1.0,0.325,1.0,1.0,0.16666666666666666,0.4083873734141784,0.28888888888888886,1.0,0.28888888888888886,1.0,1.0,0.16666666666666666,0.4083873734141784,0.26,1.0,0.26,1.0,1.0,0.16666666666666666,0.4083873734141784,qwen3_4b-dj_adpt,8,webtable-la2m-v=12-distilroberta-dj_adpt~qwen3_8b-dj_adpt
senior_officials_expenses_a.pq,1.0,0.09090909090909091,1.0,0.09090909090909091,1.0,1.0,0.09090909090909091,1.0,0.45454545454545453,1.0,0.45454545454545453,1.0,1.0,0.45454545454545453,0.6,0.5454545454545454,1.0,0.9090909090909091,1.0,1.0,0.5324675324675324,0.4666666666666667,0.6363636363636364,0.7333333333333333,1.0,1.0,1.0,0.5779220779220778,0.35,0.6363636363636364,0.55,1.0,1.0,1.0,0.5779220779220778,0.36,0.8181818181818182,0.44,1.0,1.0,1.0,0.6409523809523809,0.3,0.8181818181818182,0.36666666666666664,1.0,1.0,1.0,0.6409523809523809,0.2571428571428571,0.8181818181818182,0.3142857142857143,1.0,1.0,1.0,0.6409523809523809,0.225,0.8181818181818182,0.275,1.0,1.0,1.0,0.6409523809523809,0.2,0.8181818181818182,0.24444444444444444,1.0,1.0,1.0,0.6409523809523809,0.18,0.8181818181818182,0.22,1.0,1.0,1.0,0.6409523809523809,qwen3_4b-dj_adpt,8,webtable-la2m-v=12-distilroberta-dj_adpt~qwen3_8b-dj_adpt
wholesale_markets_a.pq,1.0,0.09090909090909091,1.0,0.09090909090909091,1.0,1.0,0.09090909090909091,0.2,0.09090909090909091,1.0,0.45454545454545453,1.0,1.0,0.09090909090909091,0.4,0.36363636363636365,1.0,0.9090909090909091,1.0,1.0,0.1803030303030303,0.4666666666666667,0.6363636363636364,0.7333333333333333,1.0,1.0,1.0,0.3160309387582115,0.35,0.6363636363636364,0.55,1.0,1.0,1.0,0.3160309387582115,0.28,0.6363636363636364,0.44,1.0,1.0,1.0,0.3160309387582115,0.3,0.8181818181818182,0.36666666666666664,1.0,1.0,1.0,0.37118013183843906,0.2571428571428571,0.8181818181818182,0.3142857142857143,1.0,1.0,1.0,0.37118013183843906,0.275,1.0,0.275,1.0,1.0,1.0,0.41949015514846233,0.24444444444444444,1.0,0.24444444444444444,1.0,1.0,1.0,0.41949015514846233,0.22,1.0,0.22,1.0,1.0,1.0,0.41949015514846233,qwen3_4b-dj_adpt,8,webtable-la2m-v=12-distilroberta-dj_adpt~qwen3_8b-dj_adpt
ipopayments_a.pq,1.0,0.06666666666666667,1.0,0.06666666666666667,1.0,1.0,0.06666666666666667,1.0,0.3333333333333333,1.0,0.3333333333333333,1.0,1.0,0.3333333333333333,0.8,0.5333333333333333,1.0,0.6666666666666666,1.0,1.0,0.5333333333333333,0.5333333333333333,0.5333333333333333,1.0,1.0,1.0,1.0,0.5333333333333333,0.5,0.6666666666666666,0.75,1.0,1.0,1.0,0.6041666666666666,0.44,0.7333333333333333,0.6,1.0,1.0,1.0,0.6390873015873015,0.4,0.8,0.5,1.0,1.0,1.0,0.6657539682539683,0.37142857142857144,0.8666666666666667,0.42857142857142855,1.0,1.0,1.0,0.6920165945165946,0.325,0.8666666666666667,0.375,1.0,1.0,1.0,0.6920165945165946,0.3333333333333333,1.0,0.3333333333333333,1.0,1.0,1.0,0.7385903459683948,0.3,1.0,0.3,1.0,1.0,1.0,0.7385903459683948,qwen3_4b-dj_adpt,8,webtable-la2m-v=12-distilroberta-dj_adpt~qwen3_8b-dj_adpt
animal_tag_data_b.pq,1.0,0.08333333333333333,1.0,0.08333333333333333,1.0,1.0,0.08333333333333333,1.0,0.4166666666666667,1.0,0.4166666666666667,1.0,1.0,0.4166666666666667,0.7,0.5833333333333334,1.0,0.8333333333333334,1.0,1.0,0.5305555555555556,0.6666666666666666,0.8333333333333334,0.8,1.0,1.0,1.0,0.7092171717171717,0.5,0.8333333333333334,0.6,1.0,1.0,1.0,0.7092171717171717,0.44,0.9166666666666666,0.48,1.0,1.0,1.0,0.7490722441809399,0.4,1.0,0.4,1.0,1.0,1.0,0.786109281217977,0.34285714285714286,1.0,0.34285714285714286,1.0,1.0,1.0,0.786109281217977,0.3,1.0,0.3,1.0,1.0,1.0,0.786109281217977,0.26666666666666666,1.0,0.26666666666666666,1.0,1.0,1.0,0.786109281217977,0.24,1.0,0.24,1.0,1.0,1.0,0.786109281217977,qwen3_4b-dj_adpt,8,webtable-la2m-v=12-distilroberta-dj_adpt~qwen3_8b-dj_adpt
workforce_management_information_a.pq,1.0,0.05555555555555555,1.0,0.05555555555555555,1.0,1.0,0.05555555555555555,1.0,0.2777777777777778,1.0,0.2777777777777778,1.0,1.0,0.2777777777777778,1.0,0.5555555555555556,1.0,0.5555555555555556,1.0,1.0,0.5555555555555556,0.8666666666666667,0.7222222222222222,1.0,0.8333333333333334,1.0,1.0,0.713980463980464,0.65,0.7222222222222222,0.9,1.0,1.0,1.0,0.713980463980464,0.52,0.7222222222222222,0.72,1.0,1.0,1.0,0.713980463980464,0.43333333333333335,0.7222222222222222,0.6,1.0,1.0,1.0,0.713980463980464,0.37142857142857144,0.7222222222222222,0.5142857142857142,1.0,1.0,1.0,0.713980463980464,0.325,0.7222222222222222,0.45,1.0,1.0,1.0,0.713980463980464,0.28888888888888886,0.7222222222222222,0.4,1.0,1.0,1.0,0.713980463980464,0.26,0.7222222222222222,0.36,1.0,1.0,1.0,0.713980463980464,qwen3_4b-dj_adpt,8,webtable-la2m-v=12-distilroberta-dj_adpt~qwen3_8b-dj_adpt
ydn_spending_data_a.pq,1.0,0.08333333333333333,1.0,0.08333333333333333,1.0,1.0,0.08333333333333333,1.0,0.4166666666666667,1.0,0.4166666666666667,1.0,1.0,0.4166666666666667,0.8,0.6666666666666666,1.0,0.8333333333333334,1.0,1.0,0.65,0.5333333333333333,0.6666666666666666,0.8,1.0,1.0,1.0,0.65,0.4,0.6666666666666666,0.6,1.0,1.0,1.0,0.65,0.36,0.75,0.48,1.0,1.0,1.0,0.6840909090909091,0.3333333333333333,0.8333333333333334,0.4,1.0,1.0,1.0,0.7149551066217733,0.2857142857142857,0.8333333333333334,0.34285714285714286,1.0,1.0,1.0,0.7149551066217733,0.275,0.9166666666666666,0.3,1.0,1.0,1.0,0.7404180695847362,0.24444444444444444,0.9166666666666666,0.26666666666666666,1.0,1.0,1.0,0.7404180695847362,0.24,1.0,0.24,1.0,1.0,1.0,0.7616946653294171,qwen3_4b-dj_adpt,8,webtable-la2m-v=12-distilroberta-dj_adpt~qwen3_8b-dj_adpt
animal_tag_data_a.pq,1.0,0.08333333333333333,1.0,0.08333333333333333,1.0,1.0,0.08333333333333333,0.4,0.16666666666666666,1.0,0.4166666666666667,1.0,1.0,0.11666666666666665,0.6,0.5,1.0,0.8333333333333334,1.0,1.0,0.2962962962962963,0.4666666666666667,0.5833333333333334,0.8,1.0,1.0,1.0,0.3493265993265993,0.35,0.5833333333333334,0.6,1.0,1.0,1.0,0.3493265993265993,0.4,0.8333333333333334,0.48,1.0,1.0,1.0,0.4428954399063095,0.4,1.0,0.4,1.0,1.0,1.0,0.5151888871997568,0.34285714285714286,1.0,0.34285714285714286,1.0,1.0,1.0,0.5151888871997568,0.3,1.0,0.3,1.0,1.0,1.0,0.5151888871997568,0.26666666666666666,1.0,0.26666666666666666,1.0,1.0,1.0,0.5151888871997568,0.24,1.0,0.24,1.0,1.0,1.0,0.5151888871997568,qwen3_4b-dj_adpt,8,webtable-la2m-v=12-distilroberta-dj_adpt~qwen3_8b-dj_adpt
complaint_by_practice_b.pq,1.0,0.07692307692307693,1.0,0.07692307692307693,1.0,1.0,0.07692307692307693,0.6,0.23076923076923078,1.0,0.38461538461538464,1.0,1.0,0.23076923076923078,0.3,0.23076923076923078,1.0,0.7692307692307693,1.0,1.0,0.23076923076923078,0.4666666666666667,0.5384615384615384,0.8666666666666667,1.0,1.0,1.0,0.3571915264222957,0.4,0.6153846153846154,0.65,1.0,1.0,1.0,0.39339062144492004,0.32,0.6153846153846154,0.52,1.0,1.0,1.0,0.39339062144492004,0.3,0.6923076923076923,0.43333333333333335,1.0,1.0,1.0,0.41903164708594576,0.37142857142857144,1.0,0.37142857142857144,1.0,1.0,1.0,0.5268313071033477,0.325,1.0,0.325,1.0,1.0,1.0,0.5268313071033477,0.28888888888888886,1.0,0.28888888888888886,1.0,1.0,1.0,0.5268313071033477,0.26,1.0,0.26,1.0,1.0,1.0,0.5268313071033477,qwen3_4b-dj_adpt,8,webtable-la2m-v=12-distilroberta-dj_adpt~qwen3_8b-dj_adpt
311_calls_historic_data_a.pq,1.0,0.09090909090909091,1.0,0.09090909090909091,1.0,1.0,0.09090909090909091,0.2,0.09090909090909091,1.0,0.45454545454545453,1.0,1.0,0.09090909090909091,0.1,0.09090909090909091,1.0,0.9090909090909091,1.0,1.0,0.09090909090909091,0.3333333333333333,0.45454545454545453,0.7333333333333333,1.0,1.0,1.0,0.1833166833166833,0.45,0.8181818181818182,0.55,1.0,1.0,1.0,0.3340273503586197,0.4,0.9090909090909091,0.44,1.0,1.0,1.0,0.377317393648663,0.36666666666666664,1.0,0.36666666666666664,1.0,1.0,1.0,0.4118001522693527,0.3142857142857143,1.0,0.3142857142857143,1.0,1.0,1.0,0.4118001522693527,0.275,1.0,0.275,1.0,1.0,1.0,0.4118001522693527,0.24444444444444444,1.0,0.24444444444444444,1.0,1.0,1.0,0.4118001522693527,0.22,1.0,0.22,1.0,1.0,1.0,0.4118001522693527,qwen3_4b-dj_adpt,8,webtable-la2m-v=12-distilroberta-dj_adpt~qwen3_8b-dj_adpt
civic_building_locations_a.pq,1.0,0.08333333333333333,1.0,0.08333333333333333,1.0,1.0,0.08333333333333333,0.6,0.25,1.0,0.4166666666666667,1.0,1.0,0.25,0.3,0.25,1.0,0.8333333333333334,1.0,1.0,0.25,0.3333333333333333,0.4166666666666667,0.8,1.0,1.0,1.0,0.30982905982905984,0.25,0.4166666666666667,0.6,1.0,1.0,1.0,0.30982905982905984,0.28,0.5833333333333334,0.48,1.0,1.0,1.0,0.3558896658896659,0.3,0.75,0.4,1.0,1.0,1.0,0.40469918969918967,0.34285714285714286,1.0,0.34285714285714286,1.0,1.0,1.0,0.4896385081685129,0.3,1.0,0.3,1.0,1.0,1.0,0.4896385081685129,0.26666666666666666,1.0,0.26666666666666666,1.0,1.0,1.0,0.4896385081685129,0.24,1.0,0.24,1.0,1.0,1.0,0.4896385081685129,qwen3_4b-dj_adpt,8,webtable-la2m-v=12-distilroberta-dj_adpt~qwen3_8b-dj_adpt
lane_description_b.pq,1.0,0.0625,1.0,0.0625,1.0,1.0,0.0625,1.0,0.3125,1.0,0.3125,1.0,1.0,0.3125,0.9,0.5625,1.0,0.625,1.0,1.0,0.55625,0.9333333333333333,0.875,1.0,0.9375,1.0,1.0,0.8444212037962038,0.8,1.0,0.8,1.0,1.0,1.0,0.9618384832079685,0.64,1.0,0.64,1.0,1.0,1.0,0.9618384832079685,0.5333333333333333,1.0,0.5333333333333333,1.0,1.0,1.0,0.9618384832079685,0.45714285714285713,1.0,0.45714285714285713,1.0,1.0,1.0,0.9618384832079685,0.4,1.0,0.4,1.0,1.0,1.0,0.9618384832079685,0.35555555555555557,1.0,0.35555555555555557,1.0,1.0,1.0,0.9618384832079685,0.32,1.0,0.32,1.0,1.0,1.0,0.9618384832079685,qwen3_4b-dj_adpt,8,webtable-la2m-v=12-distilroberta-dj_adpt~qwen3_8b-dj_adpt
new_york_city_restaurant_inspection_results_a.pq,1.0,0.03225806451612903,1.0,0.03225806451612903,1.0,1.0,0.03225806451612903,0.2,0.03225806451612903,1.0,0.16129032258064516,1.0,1.0,0.03225806451612903,0.5,0.16129032258064516,1.0,0.3225806451612903,1.0,1.0,0.0840373783922171,0.6666666666666666,0.3225806451612903,1.0,0.4838709677419355,1.0,1.0,0.1825437107695172,0.55,0.3548387096774194,1.0,0.6451612903225806,1.0,1.0,0.20472113012435592,0.44,0.3548387096774194,1.0,0.8064516129032258,1.0,1.0,0.20472113012435592,0.36666666666666664,0.3548387096774194,1.0,0.967741935483871,1.0,1.0,0.20472113012435592,0.34285714285714286,0.3870967741935484,0.8857142857142857,1.0,1.0,1.0,0.21578103795845732,0.425,0.5483870967741935,0.775,1.0,1.0,1.0,0.2793127393084948,0.37777777777777777,0.5483870967741935,0.6888888888888889,1.0,1.0,1.0,0.2793127393084948,0.34,0.5483870967741935,0.62,1.0,1.0,1.0,0.2793127393084948,qwen3_4b-dj_adpt,8,webtable-la2m-v=12-distilroberta-dj_adpt~qwen3_8b-dj_adpt
practice_reference_a.pq,1.0,0.06666666666666667,1.0,0.06666666666666667,1.0,1.0,0.06666666666666667,0.6,0.2,1.0,0.3333333333333333,1.0,1.0,0.17333333333333334,0.7,0.4666666666666667,1.0,0.6666666666666666,1.0,1.0,0.3442063492063492,0.7333333333333333,0.7333333333333333,1.0,1.0,1.0,1.0,0.5428621378621378,0.6,0.8,0.75,1.0,1.0,1.0,0.5928621378621378,0.48,0.8,0.6,1.0,1.0,1.0,0.5928621378621378,0.43333333333333335,0.8666666666666667,0.5,1.0,1.0,1.0,0.6217510267510267,0.37142857142857144,0.8666666666666667,0.42857142857142855,1.0,1.0,1.0,0.6217510267510267,0.375,1.0,0.375,1.0,1.0,1.0,0.6706826506826506,0.3333333333333333,1.0,0.3333333333333333,1.0,1.0,1.0,0.6706826506826506,0.3,1.0,0.3,1.0,1.0,1.0,0.6706826506826506,qwen3_4b-dj_adpt,8,webtable-la2m-v=12-distilroberta-dj_adpt~qwen3_8b-dj_adpt
cihr_co-applicant_a.pq,1.0,0.08333333333333333,1.0,0.08333333333333333,1.0,1.0,0.08333333333333333,0.8,0.3333333333333333,1.0,0.4166666666666667,1.0,1.0,0.3333333333333333,0.5,0.4166666666666667,1.0,0.8333333333333334,1.0,1.0,0.375,0.6,0.75,0.8,1.0,1.0,1.0,0.5739191364191364,0.5,0.8333333333333334,0.6,1.0,1.0,1.0,0.6260024697524698,0.44,0.9166666666666666,0.48,1.0,1.0,1.0,0.6658575422162379,0.36666666666666664,0.9166666666666666,0.4,1.0,1.0,1.0,0.6658575422162379,0.3142857142857143,0.9166666666666666,0.34285714285714286,1.0,1.0,1.0,0.6658575422162379,0.275,0.9166666666666666,0.3,1.0,1.0,1.0,0.6658575422162379,0.26666666666666666,1.0,0.26666666666666666,1.0,1.0,1.0,0.690247786118677,0.24,1.0,0.24,1.0,1.0,1.0,0.690247786118677,qwen3_4b-dj_adpt,8,webtable-la2m-v=12-distilroberta-dj_adpt~qwen3_8b-dj_adpt
ipopayments_b.pq,1.0,0.06666666666666667,1.0,0.06666666666666667,1.0,1.0,0.06666666666666667,1.0,0.3333333333333333,1.0,0.3333333333333333,1.0,1.0,0.3333333333333333,0.8,0.5333333333333333,1.0,0.6666666666666666,1.0,1.0,0.5333333333333333,0.5333333333333333,0.5333333333333333,1.0,1.0,1.0,1.0,0.5333333333333333,0.5,0.6666666666666666,0.75,1.0,1.0,1.0,0.6041666666666666,0.44,0.7333333333333333,0.6,1.0,1.0,1.0,0.6390873015873015,0.4,0.8,0.5,1.0,1.0,1.0,0.6657539682539683,0.37142857142857144,0.8666666666666667,0.42857142857142855,1.0,1.0,1.0,0.6920165945165946,0.35,0.9333333333333333,0.375,1.0,1.0,1.0,0.7153499278499279,0.3333333333333333,1.0,0.3333333333333333,1.0,1.0,1.0,0.7397401717523668,0.3,1.0,0.3,1.0,1.0,1.0,0.7397401717523668,qwen3_4b-dj_adpt,8,webtable-la2m-v=12-distilroberta-dj_adpt~qwen3_8b-dj_adpt
abandoned_wells_a.pq,1.0,0.09090909090909091,1.0,0.09090909090909091,1.0,1.0,0.09090909090909091,1.0,0.45454545454545453,1.0,0.45454545454545453,1.0,1.0,0.45454545454545453,0.7,0.6363636363636364,1.0,0.9090909090909091,1.0,1.0,0.6363636363636364,0.7333333333333333,1.0,0.7333333333333333,1.0,1.0,1.0,0.8915084915084915,0.55,1.0,0.55,1.0,1.0,1.0,0.8915084915084915,0.44,1.0,0.44,1.0,1.0,1.0,0.8915084915084915,0.36666666666666664,1.0,0.36666666666666664,1.0,1.0,1.0,0.8915084915084915,0.3142857142857143,1.0,0.3142857142857143,1.0,1.0,1.0,0.8915084915084915,0.275,1.0,0.275,1.0,1.0,1.0,0.8915084915084915,0.24444444444444444,1.0,0.24444444444444444,1.0,1.0,1.0,0.8915084915084915,0.22,1.0,0.22,1.0,1.0,1.0,0.8915084915084915,qwen3_4b-dj_adpt,8,webtable-la2m-v=12-distilroberta-dj_adpt~qwen3_8b-dj_adpt
prescribing_b.pq,1.0,0.06666666666666667,1.0,0.06666666666666667,1.0,1.0,0.06666666666666667,1.0,0.3333333333333333,1.0,0.3333333333333333,1.0,1.0,0.3333333333333333,0.9,0.6,1.0,0.6666666666666666,1.0,1.0,0.585925925925926,0.8,0.8,1.0,1.0,1.0,1.0,0.7522462722462723,0.65,0.8666666666666667,0.75,1.0,1.0,1.0,0.7978603073339915,0.56,0.9333333333333333,0.6,1.0,1.0,1.0,0.8351936406673249,0.4666666666666667,0.9333333333333333,0.5,1.0,1.0,1.0,0.8351936406673249,0.4,0.9333333333333333,0.42857142857142855,1.0,1.0,1.0,0.8351936406673249,0.35,0.9333333333333333,0.375,1.0,1.0,1.0,0.8351936406673249,0.3333333333333333,1.0,0.3333333333333333,1.0,1.0,1.0,0.8574158628895472,0.3,1.0,0.3,1.0,1.0,1.0,0.8574158628895472,qwen3_4b-dj_adpt,8,webtable-la2m-v=12-distilroberta-dj_adpt~qwen3_8b-dj_adpt
monthly_data_feed_b.pq,1.0,0.07692307692307693,1.0,0.07692307692307693,1.0,1.0,0.07692307692307693,0.4,0.15384615384615385,1.0,0.38461538461538464,1.0,1.0,0.15384615384615385,0.4,0.3076923076923077,1.0,0.7692307692307693,1.0,1.0,0.21025641025641026,0.26666666666666666,0.3076923076923077,0.8666666666666667,1.0,1.0,1.0,0.21025641025641026,0.2,0.3076923076923077,0.65,1.0,1.0,1.0,0.21025641025641026,0.2,0.38461538461538464,0.52,1.0,1.0,1.0,0.22773892773892773,0.16666666666666666,0.38461538461538464,0.43333333333333335,1.0,1.0,1.0,0.22773892773892773,0.14285714285714285,0.38461538461538464,0.37142857142857144,1.0,1.0,1.0,0.22773892773892773,0.125,0.38461538461538464,0.325,1.0,1.0,1.0,0.22773892773892773,0.13333333333333333,0.46153846153846156,0.28888888888888886,1.0,1.0,1.0,0.2387279387279387,0.14,0.5384615384615384,0.26,1.0,1.0,1.0,0.2494971694971695,kalm_gemma3_12b-dj_adpt,9,webtable-la2m-v=12-distilroberta-dj_adpt~qwen3_8b-dj_adpt
cihr_co-applicant_b.pq,1.0,0.08333333333333333,1.0,0.08333333333333333,1.0,1.0,0.08333333333333333,1.0,0.4166666666666667,1.0,0.4166666666666667,1.0,1.0,0.4166666666666667,1.0,0.8333333333333334,1.0,0.8333333333333334,1.0,1.0,0.8333333333333334,0.8,1.0,0.8,1.0,1.0,1.0,1.0,0.6,1.0,0.6,1.0,1.0,1.0,1.0,0.48,1.0,0.48,1.0,1.0,1.0,1.0,0.4,1.0,0.4,1.0,1.0,1.0,1.0,0.34285714285714286,1.0,0.34285714285714286,1.0,1.0,1.0,1.0,0.3,1.0,0.3,1.0,1.0,1.0,1.0,0.26666666666666666,1.0,0.26666666666666666,1.0,1.0,1.0,1.0,0.24,1.0,0.24,1.0,1.0,1.0,1.0,kalm_gemma3_12b-dj_adpt,9,webtable-la2m-v=12-distilroberta-dj_adpt~qwen3_8b-dj_adpt
time_spent_watching_vcr_movies_a.pq,1.0,0.09090909090909091,1.0,0.09090909090909091,1.0,1.0,0.09090909090909091,0.2,0.09090909090909091,1.0,0.45454545454545453,1.0,1.0,0.09090909090909091,0.4,0.36363636363636365,1.0,0.9090909090909091,1.0,1.0,0.1913780663780664,0.26666666666666666,0.36363636363636365,0.7333333333333333,1.0,1.0,1.0,0.1913780663780664,0.2,0.36363636363636365,0.55,1.0,1.0,1.0,0.1913780663780664,0.28,0.6363636363636364,0.44,1.0,1.0,1.0,0.2622697899377741,0.23333333333333334,0.6363636363636364,0.36666666666666664,1.0,1.0,1.0,0.2622697899377741,0.2857142857142857,0.9090909090909091,0.3142857142857143,1.0,1.0,1.0,0.3380363502275792,0.25,0.9090909090909091,0.275,1.0,1.0,1.0,0.3380363502275792,0.24444444444444444,1.0,0.24444444444444444,1.0,1.0,1.0,0.3612921641810676,0.22,1.0,0.22,1.0,1.0,1.0,0.3612921641810676,kalm_gemma3_12b-dj_adpt,9,webtable-la2m-v=12-distilroberta-dj_adpt~qwen3_8b-dj_adpt
workforce_management_information_a.pq,1.0,0.05555555555555555,1.0,0.05555555555555555,1.0,1.0,0.05555555555555555,1.0,0.2777777777777778,1.0,0.2777777777777778,1.0,1.0,0.2777777777777778,0.9,0.5,1.0,0.5555555555555556,1.0,1.0,0.4733906525573192,0.8666666666666667,0.7222222222222222,1.0,0.8333333333333334,1.0,1.0,0.6776909818576485,0.65,0.7222222222222222,0.9,1.0,1.0,1.0,0.6776909818576485,0.52,0.7222222222222222,0.72,1.0,1.0,1.0,0.6776909818576485,0.43333333333333335,0.7222222222222222,0.6,1.0,1.0,1.0,0.6776909818576485,0.37142857142857144,0.7222222222222222,0.5142857142857142,1.0,1.0,1.0,0.6776909818576485,0.325,0.7222222222222222,0.45,1.0,1.0,1.0,0.6776909818576485,0.28888888888888886,0.7222222222222222,0.4,1.0,1.0,1.0,0.6776909818576485,0.26,0.7222222222222222,0.36,1.0,1.0,1.0,0.6776909818576485,kalm_gemma3_12b-dj_adpt,9,webtable-la2m-v=12-distilroberta-dj_adpt~qwen3_8b-dj_adpt
data_mill_a.pq,1.0,0.07142857142857142,1.0,0.07142857142857142,1.0,1.0,0.07142857142857142,0.6,0.21428571428571427,1.0,0.35714285714285715,1.0,1.0,0.19642857142857142,0.3,0.21428571428571427,1.0,0.7142857142857143,1.0,1.0,0.19642857142857142,0.2,0.21428571428571427,0.9333333333333333,1.0,1.0,1.0,0.19642857142857142,0.2,0.2857142857142857,0.7,1.0,1.0,1.0,0.21146616541353383,0.28,0.5,0.56,1.0,1.0,1.0,0.2648512585812357,0.3,0.6428571428571429,0.4666666666666667,1.0,1.0,1.0,0.30825785198782907,0.2571428571428571,0.6428571428571429,0.4,1.0,1.0,1.0,0.30825785198782907,0.25,0.7142857142857143,0.35,1.0,1.0,1.0,0.3265728703028474,0.24444444444444444,0.7857142857142857,0.3111111111111111,1.0,1.0,1.0,0.34573663336904953,0.22,0.7857142857142857,0.28,1.0,1.0,1.0,0.34573663336904953,kalm_gemma3_12b-dj_adpt,9,webtable-la2m-v=12-distilroberta-dj_adpt~qwen3_8b-dj_adpt
ipopayments_a.pq,1.0,0.06666666666666667,1.0,0.06666666666666667,1.0,1.0,0.06666666666666667,0.8,0.26666666666666666,1.0,0.3333333333333333,1.0,1.0,0.26666666666666666,0.4,0.26666666666666666,1.0,0.6666666666666666,1.0,1.0,0.26666666666666666,0.6,0.6,1.0,1.0,1.0,1.0,0.44429570429570425,0.7,0.9333333333333333,0.75,1.0,1.0,1.0,0.6658247720631622,0.6,1.0,0.6,1.0,1.0,1.0,0.7134438196822098,0.5,1.0,0.5,1.0,1.0,1.0,0.7134438196822098,0.42857142857142855,1.0,0.42857142857142855,1.0,1.0,1.0,0.7134438196822098,0.375,1.0,0.375,1.0,1.0,1.0,0.7134438196822098,0.3333333333333333,1.0,0.3333333333333333,1.0,1.0,1.0,0.7134438196822098,0.3,1.0,0.3,1.0,1.0,1.0,0.7134438196822098,kalm_gemma3_12b-dj_adpt,9,webtable-la2m-v=12-distilroberta-dj_adpt~qwen3_8b-dj_adpt
mines_b.pq,1.0,0.07142857142857142,1.0,0.07142857142857142,1.0,1.0,0.07142857142857142,0.4,0.14285714285714285,1.0,0.35714285714285715,1.0,1.0,0.10714285714285714,0.2,0.14285714285714285,1.0,0.7142857142857143,1.0,1.0,0.10714285714285714,0.13333333333333333,0.14285714285714285,0.9333333333333333,1.0,1.0,1.0,0.10714285714285714,0.1,0.14285714285714285,0.7,1.0,1.0,1.0,0.10714285714285714,0.08,0.14285714285714285,0.56,1.0,1.0,1.0,0.10714285714285714,0.06666666666666667,0.14285714285714285,0.4666666666666667,1.0,1.0,1.0,0.10714285714285714,0.05714285714285714,0.14285714285714285,0.4,1.0,1.0,1.0,0.10714285714285714,0.05,0.14285714285714285,0.35,1.0,1.0,1.0,0.10714285714285714,0.044444444444444446,0.14285714285714285,0.3111111111111111,1.0,1.0,1.0,0.10714285714285714,0.04,0.14285714285714285,0.28,1.0,1.0,1.0,0.10714285714285714,kalm_gemma3_12b-dj_adpt,9,webtable-la2m-v=12-distilroberta-dj_adpt~qwen3_8b-dj_adpt
immigration_records_a.pq,1.0,0.0625,1.0,0.0625,1.0,1.0,0.0625,0.6,0.1875,1.0,0.3125,1.0,1.0,0.13125,0.6,0.375,1.0,0.625,1.0,1.0,0.25922619047619044,0.5333333333333333,0.5,1.0,0.9375,1.0,1.0,0.33414606227106225,0.6,0.75,0.8,1.0,1.0,1.0,0.47770874501960026,0.52,0.8125,0.64,1.0,1.0,1.0,0.5163992212100765,0.4666666666666667,0.875,0.5333333333333333,1.0,1.0,1.0,0.5455658878767431,0.42857142857142855,0.9375,0.45714285714285713,1.0,1.0,1.0,0.5748627628767431,0.375,0.9375,0.4,1.0,1.0,1.0,0.5748627628767431,0.3333333333333333,0.9375,0.35555555555555557,1.0,1.0,1.0,0.5748627628767431,0.3,0.9375,0.32,1.0,1.0,1.0,0.5748627628767431,kalm_gemma3_12b-dj_adpt,9,webtable-la2m-v=12-distilroberta-dj_adpt~qwen3_8b-dj_adpt
lane_description_a.pq,1.0,0.0625,1.0,0.0625,1.0,1.0,0.0625,0.8,0.25,1.0,0.3125,1.0,1.0,0.20104166666666667,0.8,0.5,1.0,0.625,1.0,1.0,0.4113839285714286,0.5333333333333333,0.5,1.0,0.9375,1.0,1.0,0.4113839285714286,0.65,0.8125,0.8,1.0,1.0,1.0,0.6015980131087523,0.56,0.875,0.64,1.0,1.0,1.0,0.6365980131087523,0.4666666666666667,0.875,0.5333333333333333,1.0,1.0,1.0,0.6365980131087523,0.45714285714285713,1.0,0.45714285714285713,1.0,1.0,1.0,0.6971429788956536,0.4,1.0,0.4,1.0,1.0,1.0,0.6971429788956536,0.35555555555555557,1.0,0.35555555555555557,1.0,1.0,1.0,0.6971429788956536,0.32,1.0,0.32,1.0,1.0,1.0,0.6971429788956536,kalm_gemma3_12b-dj_adpt,9,webtable-la2m-v=12-distilroberta-dj_adpt~qwen3_8b-dj_adpt
data_mill_b.pq,1.0,0.07142857142857142,1.0,0.07142857142857142,1.0,1.0,0.07142857142857142,1.0,0.35714285714285715,1.0,0.35714285714285715,1.0,1.0,0.35714285714285715,0.7,0.5,1.0,0.7142857142857143,1.0,1.0,0.5,0.4666666666666667,0.5,0.9333333333333333,1.0,1.0,1.0,0.5,0.35,0.5,0.7,1.0,1.0,1.0,0.5,0.44,0.7857142857142857,0.56,1.0,1.0,1.0,0.6151148127235083,0.4,0.8571428571428571,0.4666666666666667,1.0,1.0,1.0,0.6480818456905413,0.34285714285714286,0.8571428571428571,0.4,1.0,1.0,1.0,0.6480818456905413,0.35,1.0,0.35,1.0,1.0,1.0,0.698158961557131,0.3111111111111111,1.0,0.3111111111111111,1.0,1.0,1.0,0.698158961557131,0.28,1.0,0.28,1.0,1.0,1.0,0.698158961557131,kalm_gemma3_12b-dj_adpt,9,webtable-la2m-v=12-distilroberta-dj_adpt~qwen3_8b-dj_adpt
monthly_data_feed_a.pq,1.0,0.07692307692307693,1.0,0.07692307692307693,1.0,1.0,0.07692307692307693,1.0,0.38461538461538464,1.0,0.38461538461538464,1.0,1.0,0.38461538461538464,0.5,0.38461538461538464,1.0,0.7692307692307693,1.0,1.0,0.38461538461538464,0.4,0.46153846153846156,0.8666666666666667,1.0,1.0,1.0,0.4230769230769231,0.3,0.46153846153846156,0.65,1.0,1.0,1.0,0.4230769230769231,0.32,0.6153846153846154,0.52,1.0,1.0,1.0,0.4711036789297659,0.3,0.6923076923076923,0.43333333333333335,1.0,1.0,1.0,0.49773089786467717,0.2571428571428571,0.6923076923076923,0.37142857142857144,1.0,1.0,1.0,0.49773089786467717,0.225,0.6923076923076923,0.325,1.0,1.0,1.0,0.49773089786467717,0.2222222222222222,0.7692307692307693,0.28888888888888886,1.0,1.0,1.0,0.5156199855212067,0.2,0.7692307692307693,0.26,1.0,1.0,1.0,0.5156199855212067,kalm_gemma3_12b-dj_adpt,9,webtable-la2m-v=12-distilroberta-dj_adpt~qwen3_8b-dj_adpt
new_york_city_restaurant_inspection_results_a.pq,1.0,0.03225806451612903,1.0,0.03225806451612903,1.0,1.0,0.03225806451612903,1.0,0.16129032258064516,1.0,0.16129032258064516,1.0,1.0,0.16129032258064516,1.0,0.3225806451612903,1.0,0.3225806451612903,1.0,1.0,0.3225806451612903,0.7333333333333333,0.3548387096774194,1.0,0.4838709677419355,1.0,1.0,0.3548387096774194,0.6,0.3870967741935484,1.0,0.6451612903225806,1.0,1.0,0.3741935483870968,0.48,0.3870967741935484,1.0,0.8064516129032258,1.0,1.0,0.3741935483870968,0.4,0.3870967741935484,1.0,0.967741935483871,1.0,1.0,0.3741935483870968,0.34285714285714286,0.3870967741935484,0.8857142857142857,1.0,1.0,1.0,0.3741935483870968,0.3,0.3870967741935484,0.775,1.0,1.0,1.0,0.3741935483870968,0.26666666666666666,0.3870967741935484,0.6888888888888889,1.0,1.0,1.0,0.3741935483870968,0.24,0.3870967741935484,0.62,1.0,1.0,1.0,0.3741935483870968,kalm_gemma3_12b-dj_adpt,9,webtable-la2m-v=12-distilroberta-dj_adpt~qwen3_8b-dj_adpt
prescribing_a.pq,1.0,0.06666666666666667,1.0,0.06666666666666667,1.0,1.0,0.06666666666666667,1.0,0.3333333333333333,1.0,0.3333333333333333,1.0,1.0,0.3333333333333333,1.0,0.6666666666666666,1.0,0.6666666666666666,1.0,1.0,0.6666666666666666,0.8666666666666667,0.8666666666666667,1.0,1.0,1.0,1.0,0.8666666666666667,0.65,0.8666666666666667,0.75,1.0,1.0,1.0,0.8666666666666667,0.52,0.8666666666666667,0.6,1.0,1.0,1.0,0.8666666666666667,0.5,1.0,0.5,1.0,1.0,1.0,0.9344827586206896,0.42857142857142855,1.0,0.42857142857142855,1.0,1.0,1.0,0.9344827586206896,0.375,1.0,0.375,1.0,1.0,1.0,0.9344827586206896,0.3333333333333333,1.0,0.3333333333333333,1.0,1.0,1.0,0.9344827586206896,0.3,1.0,0.3,1.0,1.0,1.0,0.9344827586206896,kalm_gemma3_12b-dj_adpt,9,webtable-la2m-v=12-distilroberta-dj_adpt~qwen3_8b-dj_adpt
contributors_parties_a.pq,1.0,0.047619047619047616,1.0,0.047619047619047616,1.0,1.0,0.047619047619047616,0.8,0.19047619047619047,1.0,0.23809523809523808,1.0,1.0,0.15317460317460319,0.9,0.42857142857142855,1.0,0.47619047619047616,1.0,1.0,0.36052532123960696,0.8,0.5714285714285714,1.0,0.7142857142857143,1.0,1.0,0.4726655619512763,0.65,0.6190476190476191,1.0,0.9523809523809523,1.0,1.0,0.5113560381417525,0.52,0.6190476190476191,0.84,1.0,1.0,1.0,0.5113560381417525,0.5,0.7142857142857143,0.7,1.0,1.0,1.0,0.5581540676984027,0.4857142857142857,0.8095238095238095,0.6,1.0,1.0,1.0,0.607262665194097,0.425,0.8095238095238095,0.525,1.0,1.0,1.0,0.607262665194097,0.37777777777777777,0.8095238095238095,0.4666666666666667,1.0,1.0,1.0,0.607262665194097,0.38,0.9047619047619048,0.42,1.0,1.0,1.0,0.6428506146595974,kalm_gemma3_12b-dj_adpt,9,webtable-la2m-v=12-distilroberta-dj_adpt~qwen3_8b-dj_adpt
contributors_parties_b.pq,1.0,0.047619047619047616,1.0,0.047619047619047616,1.0,1.0,0.047619047619047616,0.8,0.19047619047619047,1.0,0.23809523809523808,1.0,1.0,0.19047619047619047,0.4,0.19047619047619047,1.0,0.47619047619047616,1.0,1.0,0.19047619047619047,0.26666666666666666,0.19047619047619047,1.0,0.7142857142857143,1.0,1.0,0.19047619047619047,0.2,0.19047619047619047,1.0,0.9523809523809523,1.0,1.0,0.19047619047619047,0.32,0.38095238095238093,0.84,1.0,1.0,1.0,0.24284804567413265,0.4,0.5714285714285714,0.7,1.0,1.0,1.0,0.3153801629517343,0.34285714285714286,0.5714285714285714,0.6,1.0,1.0,1.0,0.3153801629517343,0.3,0.5714285714285714,0.525,1.0,1.0,1.0,0.3153801629517343,0.26666666666666666,0.5714285714285714,0.4666666666666667,1.0,1.0,1.0,0.3153801629517343,0.24,0.5714285714285714,0.42,1.0,1.0,1.0,0.3153801629517343,kalm_gemma3_12b-dj_adpt,9,webtable-la2m-v=12-distilroberta-dj_adpt~qwen3_8b-dj_adpt
tuition_assistance_program_tap_recipients_a.pq,1.0,0.09090909090909091,1.0,0.09090909090909091,1.0,1.0,0.09090909090909091,0.2,0.09090909090909091,1.0,0.45454545454545453,1.0,1.0,0.09090909090909091,0.1,0.09090909090909091,1.0,0.9090909090909091,1.0,1.0,0.09090909090909091,0.4,0.5454545454545454,0.7333333333333333,1.0,1.0,1.0,0.22696848605939515,0.55,1.0,0.55,1.0,1.0,1.0,0.4528233974019226,0.44,1.0,0.44,1.0,1.0,1.0,0.4528233974019226,0.36666666666666664,1.0,0.36666666666666664,1.0,1.0,1.0,0.4528233974019226,0.3142857142857143,1.0,0.3142857142857143,1.0,1.0,1.0,0.4528233974019226,0.275,1.0,0.275,1.0,1.0,1.0,0.4528233974019226,0.24444444444444444,1.0,0.24444444444444444,1.0,1.0,1.0,0.4528233974019226,0.22,1.0,0.22,1.0,1.0,1.0,0.4528233974019226,kalm_gemma3_12b-dj_adpt,9,webtable-la2m-v=12-distilroberta-dj_adpt~qwen3_8b-dj_adpt
albums_a.pq,1.0,0.0625,1.0,0.0625,1.0,1.0,0.0625,1.0,0.3125,1.0,0.3125,1.0,1.0,0.3125,1.0,0.625,1.0,0.625,1.0,1.0,0.625,1.0,0.9375,1.0,0.9375,1.0,1.0,0.9375,0.8,1.0,0.8,1.0,1.0,1.0,1.0,0.64,1.0,0.64,1.0,1.0,1.0,1.0,0.5333333333333333,1.0,0.5333333333333333,1.0,1.0,1.0,1.0,0.45714285714285713,1.0,0.45714285714285713,1.0,1.0,1.0,1.0,0.4,1.0,0.4,1.0,1.0,1.0,1.0,0.35555555555555557,1.0,0.35555555555555557,1.0,1.0,1.0,1.0,0.32,1.0,0.32,1.0,1.0,1.0,1.0,kalm_gemma3_12b-dj_adpt,9,webtable-la2m-v=12-distilroberta-dj_adpt~qwen3_8b-dj_adpt
mines_a.pq,1.0,0.07142857142857142,1.0,0.07142857142857142,1.0,1.0,0.07142857142857142,1.0,0.35714285714285715,1.0,0.35714285714285715,1.0,1.0,0.35714285714285715,1.0,0.7142857142857143,1.0,0.7142857142857143,1.0,1.0,0.7142857142857143,0.6666666666666666,0.7142857142857143,0.9333333333333333,1.0,1.0,1.0,0.7142857142857143,0.5,0.7142857142857143,0.7,1.0,1.0,1.0,0.7142857142857143,0.4,0.7142857142857143,0.56,1.0,1.0,1.0,0.7142857142857143,0.3333333333333333,0.7142857142857143,0.4666666666666667,1.0,1.0,1.0,0.7142857142857143,0.34285714285714286,0.8571428571428571,0.4,1.0,1.0,1.0,0.7641211323238972,0.3,0.8571428571428571,0.35,1.0,1.0,1.0,0.7641211323238972,0.26666666666666666,0.8571428571428571,0.3111111111111111,1.0,1.0,1.0,0.7641211323238972,0.24,0.8571428571428571,0.28,1.0,1.0,1.0,0.7641211323238972,kalm_gemma3_12b-dj_adpt,9,webtable-la2m-v=12-distilroberta-dj_adpt~qwen3_8b-dj_adpt
civic_building_locations_a.pq,1.0,0.08333333333333333,1.0,0.08333333333333333,1.0,1.0,0.08333333333333333,0.8,0.3333333333333333,1.0,0.4166666666666667,1.0,1.0,0.3333333333333333,0.5,0.4166666666666667,1.0,0.8333333333333334,1.0,1.0,0.375,0.6,0.75,0.8,1.0,1.0,1.0,0.5739191364191364,0.45,0.75,0.6,1.0,1.0,1.0,0.5739191364191364,0.36,0.75,0.48,1.0,1.0,1.0,0.5739191364191364,0.3,0.75,0.4,1.0,1.0,1.0,0.5739191364191364,0.2857142857142857,0.8333333333333334,0.34285714285714286,1.0,1.0,1.0,0.6008008568492439,0.275,0.9166666666666666,0.3,1.0,1.0,1.0,0.6255756316240187,0.24444444444444444,0.9166666666666666,0.26666666666666666,1.0,1.0,1.0,0.6255756316240187,0.22,0.9166666666666666,0.24,1.0,1.0,1.0,0.6255756316240187,kalm_gemma3_12b-dj_adpt,9,webtable-la2m-v=12-distilroberta-dj_adpt~qwen3_8b-dj_adpt
abandoned_wells_a.pq,1.0,0.09090909090909091,1.0,0.09090909090909091,1.0,1.0,0.09090909090909091,1.0,0.45454545454545453,1.0,0.45454545454545453,1.0,1.0,0.45454545454545453,1.0,0.9090909090909091,1.0,0.9090909090909091,1.0,1.0,0.9090909090909091,0.6666666666666666,0.9090909090909091,0.7333333333333333,1.0,1.0,1.0,0.9090909090909091,0.5,0.9090909090909091,0.55,1.0,1.0,1.0,0.9090909090909091,0.4,0.9090909090909091,0.44,1.0,1.0,1.0,0.9090909090909091,0.3333333333333333,0.9090909090909091,0.36666666666666664,1.0,1.0,1.0,0.9090909090909091,0.2857142857142857,0.9090909090909091,0.3142857142857143,1.0,1.0,1.0,0.9090909090909091,0.25,0.9090909090909091,0.275,1.0,1.0,1.0,0.9090909090909091,0.2222222222222222,0.9090909090909091,0.24444444444444444,1.0,1.0,1.0,0.9090909090909091,0.2,0.9090909090909091,0.22,1.0,1.0,1.0,0.9090909090909091,kalm_gemma3_12b-dj_adpt,9,webtable-la2m-v=12-distilroberta-dj_adpt~qwen3_8b-dj_adpt
practice_reference_b.pq,1.0,0.06666666666666667,1.0,0.06666666666666667,1.0,1.0,0.06666666666666667,1.0,0.3333333333333333,1.0,0.3333333333333333,1.0,1.0,0.3333333333333333,1.0,0.6666666666666666,1.0,0.6666666666666666,1.0,1.0,0.6666666666666666,1.0,1.0,1.0,1.0,1.0,1.0,1.0,0.75,1.0,0.75,1.0,1.0,1.0,1.0,0.6,1.0,0.6,1.0,1.0,1.0,1.0,0.5,1.0,0.5,1.0,1.0,1.0,1.0,0.42857142857142855,1.0,0.42857142857142855,1.0,1.0,1.0,1.0,0.375,1.0,0.375,1.0,1.0,1.0,1.0,0.3333333333333333,1.0,0.3333333333333333,1.0,1.0,1.0,1.0,0.3,1.0,0.3,1.0,1.0,1.0,1.0,kalm_gemma3_12b-dj_adpt,9,webtable-la2m-v=12-distilroberta-dj_adpt~qwen3_8b-dj_adpt
report_card_discipline_for_2015_16_a.pq,1.0,0.09090909090909091,1.0,0.09090909090909091,1.0,1.0,0.09090909090909091,1.0,0.45454545454545453,1.0,0.45454545454545453,1.0,1.0,0.45454545454545453,1.0,0.9090909090909091,1.0,0.9090909090909091,1.0,1.0,0.9090909090909091,0.7333333333333333,1.0,0.7333333333333333,1.0,1.0,1.0,1.0,0.55,1.0,0.55,1.0,1.0,1.0,1.0,0.44,1.0,0.44,1.0,1.0,1.0,1.0,0.36666666666666664,1.0,0.36666666666666664,1.0,1.0,1.0,1.0,0.3142857142857143,1.0,0.3142857142857143,1.0,1.0,1.0,1.0,0.275,1.0,0.275,1.0,1.0,1.0,1.0,0.24444444444444444,1.0,0.24444444444444444,1.0,1.0,1.0,1.0,0.22,1.0,0.22,1.0,1.0,1.0,1.0,kalm_gemma3_12b-dj_adpt,9,webtable-la2m-v=12-distilroberta-dj_adpt~qwen3_8b-dj_adpt
cihr_co-applicant_a.pq,1.0,0.08333333333333333,1.0,0.08333333333333333,1.0,1.0,0.08333333333333333,1.0,0.4166666666666667,1.0,0.4166666666666667,1.0,1.0,0.4166666666666667,1.0,0.8333333333333334,1.0,0.8333333333333334,1.0,1.0,0.8333333333333334,0.8,1.0,0.8,1.0,1.0,1.0,1.0,0.6,1.0,0.6,1.0,1.0,1.0,1.0,0.48,1.0,0.48,1.0,1.0,1.0,1.0,0.4,1.0,0.4,1.0,1.0,1.0,1.0,0.34285714285714286,1.0,0.34285714285714286,1.0,1.0,1.0,1.0,0.3,1.0,0.3,1.0,1.0,1.0,1.0,0.26666666666666666,1.0,0.26666666666666666,1.0,1.0,1.0,1.0,0.24,1.0,0.24,1.0,1.0,1.0,1.0,kalm_gemma3_12b-dj_adpt,9,webtable-la2m-v=12-distilroberta-dj_adpt~qwen3_8b-dj_adpt
animal_tag_data_a.pq,1.0,0.08333333333333333,1.0,0.08333333333333333,1.0,1.0,0.08333333333333333,0.2,0.08333333333333333,1.0,0.4166666666666667,1.0,1.0,0.08333333333333333,0.1,0.08333333333333333,1.0,0.8333333333333334,1.0,1.0,0.08333333333333333,0.06666666666666667,0.08333333333333333,0.8,1.0,1.0,1.0,0.08333333333333333,0.05,0.08333333333333333,0.6,1.0,1.0,1.0,0.08333333333333333,0.04,0.08333333333333333,0.48,1.0,1.0,1.0,0.08333333333333333,0.03333333333333333,0.08333333333333333,0.4,1.0,1.0,1.0,0.08333333333333333,0.02857142857142857,0.08333333333333333,0.34285714285714286,1.0,1.0,1.0,0.08333333333333333,0.025,0.08333333333333333,0.3,1.0,1.0,1.0,0.08333333333333333,0.06666666666666667,0.25,0.26666666666666666,1.0,1.0,1.0,0.09308019216555802,0.1,0.4166666666666667,0.24,1.0,1.0,1.0,0.10882997033769644,kalm_gemma3_12b-dj_adpt,9,webtable-la2m-v=12-distilroberta-dj_adpt~qwen3_8b-dj_adpt
cdc_nutrition_physical_activity_and_obesity_legislation_a.pq,1.0,0.09090909090909091,1.0,0.09090909090909091,1.0,1.0,0.09090909090909091,0.2,0.09090909090909091,1.0,0.45454545454545453,1.0,1.0,0.09090909090909091,0.1,0.09090909090909091,1.0,0.9090909090909091,1.0,1.0,0.09090909090909091,0.06666666666666667,0.09090909090909091,0.7333333333333333,1.0,1.0,1.0,0.09090909090909091,0.05,0.09090909090909091,0.55,1.0,1.0,1.0,0.09090909090909091,0.04,0.09090909090909091,0.44,1.0,1.0,1.0,0.09090909090909091,0.03333333333333333,0.09090909090909091,0.36666666666666664,1.0,1.0,1.0,0.09090909090909091,0.05714285714285714,0.18181818181818182,0.3142857142857143,1.0,1.0,1.0,0.09610389610389611,0.175,0.6363636363636364,0.275,1.0,1.0,1.0,0.1553644908908067,0.2222222222222222,0.9090909090909091,0.24444444444444444,1.0,1.0,1.0,0.21372501862172577,0.2,0.9090909090909091,0.22,1.0,1.0,1.0,0.21372501862172577,kalm_gemma3_12b-dj_adpt,9,webtable-la2m-v=12-distilroberta-dj_adpt~qwen3_8b-dj_adpt
business_rates_a.pq,1.0,0.08333333333333333,1.0,0.08333333333333333,1.0,1.0,0.08333333333333333,1.0,0.4166666666666667,1.0,0.4166666666666667,1.0,1.0,0.4166666666666667,1.0,0.8333333333333334,1.0,0.8333333333333334,1.0,1.0,0.8333333333333334,0.8,1.0,0.8,1.0,1.0,1.0,0.9866452991452991,0.6,1.0,0.6,1.0,1.0,1.0,0.9866452991452991,0.48,1.0,0.48,1.0,1.0,1.0,0.9866452991452991,0.4,1.0,0.4,1.0,1.0,1.0,0.9866452991452991,0.34285714285714286,1.0,0.34285714285714286,1.0,1.0,1.0,0.9866452991452991,0.3,1.0,0.3,1.0,1.0,1.0,0.9866452991452991,0.26666666666666666,1.0,0.26666666666666666,1.0,1.0,1.0,0.9866452991452991,0.24,1.0,0.24,1.0,1.0,1.0,0.9866452991452991,kalm_gemma3_12b-dj_adpt,9,webtable-la2m-v=12-distilroberta-dj_adpt~qwen3_8b-dj_adpt
complaint_by_practice_a.pq,1.0,0.07692307692307693,1.0,0.07692307692307693,1.0,1.0,0.07692307692307693,0.6,0.23076923076923078,1.0,0.38461538461538464,1.0,1.0,0.23076923076923078,0.3,0.23076923076923078,1.0,0.7692307692307693,1.0,1.0,0.23076923076923078,0.2,0.23076923076923078,0.8666666666666667,1.0,1.0,1.0,0.23076923076923078,0.15,0.23076923076923078,0.65,1.0,1.0,1.0,0.23076923076923078,0.16,0.3076923076923077,0.52,1.0,1.0,1.0,0.24475524475524474,0.23333333333333334,0.5384615384615384,0.43333333333333335,1.0,1.0,1.0,0.29235534580362166,0.3142857142857143,0.8461538461538461,0.37142857142857144,1.0,1.0,1.0,0.3799857419729173,0.325,1.0,0.325,1.0,1.0,1.0,0.43265379464097,0.28888888888888886,1.0,0.28888888888888886,1.0,1.0,1.0,0.43265379464097,0.26,1.0,0.26,1.0,1.0,1.0,0.43265379464097,kalm_gemma3_12b-dj_adpt,9,webtable-la2m-v=12-distilroberta-dj_adpt~qwen3_8b-dj_adpt
practice_reference_a.pq,1.0,0.06666666666666667,1.0,0.06666666666666667,1.0,1.0,0.06666666666666667,1.0,0.3333333333333333,1.0,0.3333333333333333,1.0,1.0,0.3333333333333333,1.0,0.6666666666666666,1.0,0.6666666666666666,1.0,1.0,0.6666666666666666,1.0,1.0,1.0,1.0,1.0,1.0,1.0,0.75,1.0,0.75,1.0,1.0,1.0,1.0,0.6,1.0,0.6,1.0,1.0,1.0,1.0,0.5,1.0,0.5,1.0,1.0,1.0,1.0,0.42857142857142855,1.0,0.42857142857142855,1.0,1.0,1.0,1.0,0.375,1.0,0.375,1.0,1.0,1.0,1.0,0.3333333333333333,1.0,0.3333333333333333,1.0,1.0,1.0,1.0,0.3,1.0,0.3,1.0,1.0,1.0,1.0,kalm_gemma3_12b-dj_adpt,9,webtable-la2m-v=12-distilroberta-dj_adpt~qwen3_8b-dj_adpt
senior_officials_expenses_a.pq,1.0,0.09090909090909091,1.0,0.09090909090909091,1.0,1.0,0.09090909090909091,1.0,0.45454545454545453,1.0,0.45454545454545453,1.0,1.0,0.45454545454545453,0.8,0.7272727272727273,1.0,0.9090909090909091,1.0,1.0,0.7272727272727273,0.5333333333333333,0.7272727272727273,0.7333333333333333,1.0,1.0,1.0,0.7272727272727273,0.4,0.7272727272727273,0.55,1.0,1.0,1.0,0.7272727272727273,0.32,0.7272727272727273,0.44,1.0,1.0,1.0,0.7272727272727273,0.3333333333333333,0.9090909090909091,0.36666666666666664,1.0,1.0,1.0,0.7867965367965368,0.2857142857142857,0.9090909090909091,0.3142857142857143,1.0,1.0,1.0,0.7867965367965368,0.25,0.9090909090909091,0.275,1.0,1.0,1.0,0.7867965367965368,0.2222222222222222,0.9090909090909091,0.24444444444444444,1.0,1.0,1.0,0.7867965367965368,0.2,0.9090909090909091,0.22,1.0,1.0,1.0,0.7867965367965368,kalm_gemma3_12b-dj_adpt,9,webtable-la2m-v=12-distilroberta-dj_adpt~qwen3_8b-dj_adpt
311_calls_historic_data_a.pq,1.0,0.09090909090909091,1.0,0.09090909090909091,1.0,1.0,0.09090909090909091,0.2,0.09090909090909091,1.0,0.45454545454545453,1.0,1.0,0.09090909090909091,0.1,0.09090909090909091,1.0,0.9090909090909091,1.0,1.0,0.09090909090909091,0.06666666666666667,0.09090909090909091,0.7333333333333333,1.0,1.0,1.0,0.09090909090909091,0.05,0.09090909090909091,0.55,1.0,1.0,1.0,0.09090909090909091,0.04,0.09090909090909091,0.44,1.0,1.0,1.0,0.09090909090909091,0.06666666666666667,0.18181818181818182,0.36666666666666664,1.0,1.0,1.0,0.09696969696969697,0.17142857142857143,0.5454545454545454,0.3142857142857143,1.0,1.0,1.0,0.14608438683391245,0.275,1.0,0.275,1.0,1.0,1.0,0.253258297955192,0.24444444444444444,1.0,0.24444444444444444,1.0,1.0,1.0,0.253258297955192,0.22,1.0,0.22,1.0,1.0,1.0,0.253258297955192,kalm_gemma3_12b-dj_adpt,9,webtable-la2m-v=12-distilroberta-dj_adpt~qwen3_8b-dj_adpt
wholesale_markets_a.pq,1.0,0.09090909090909091,1.0,0.09090909090909091,1.0,1.0,0.09090909090909091,0.2,0.09090909090909091,1.0,0.45454545454545453,1.0,1.0,0.09090909090909091,0.1,0.09090909090909091,1.0,0.9090909090909091,1.0,1.0,0.09090909090909091,0.06666666666666667,0.09090909090909091,0.7333333333333333,1.0,1.0,1.0,0.09090909090909091,0.05,0.09090909090909091,0.55,1.0,1.0,1.0,0.09090909090909091,0.04,0.09090909090909091,0.44,1.0,1.0,1.0,0.09090909090909091,0.03333333333333333,0.09090909090909091,0.36666666666666664,1.0,1.0,1.0,0.09090909090909091,0.02857142857142857,0.09090909090909091,0.3142857142857143,1.0,1.0,1.0,0.09090909090909091,0.025,0.09090909090909091,0.275,1.0,1.0,1.0,0.09090909090909091,0.022222222222222223,0.09090909090909091,0.24444444444444444,1.0,1.0,1.0,0.09090909090909091,0.02,0.09090909090909091,0.22,1.0,1.0,1.0,0.09090909090909091,kalm_gemma3_12b-dj_adpt,9,webtable-la2m-v=12-distilroberta-dj_adpt~qwen3_8b-dj_adpt
lane_description_b.pq,1.0,0.0625,1.0,0.0625,1.0,1.0,0.0625,0.8,0.25,1.0,0.3125,1.0,1.0,0.20104166666666667,0.8,0.5,1.0,0.625,1.0,1.0,0.3911706349206349,0.8666666666666667,0.8125,1.0,0.9375,1.0,1.0,0.6550130425130425,0.75,0.9375,0.8,1.0,1.0,1.0,0.7558257360114945,0.64,1.0,0.64,1.0,1.0,1.0,0.7974924026781612,0.5333333333333333,1.0,0.5333333333333333,1.0,1.0,1.0,0.7974924026781612,0.45714285714285713,1.0,0.45714285714285713,1.0,1.0,1.0,0.7974924026781612,0.4,1.0,0.4,1.0,1.0,1.0,0.7974924026781612,0.35555555555555557,1.0,0.35555555555555557,1.0,1.0,1.0,0.7974924026781612,0.32,1.0,0.32,1.0,1.0,1.0,0.7974924026781612,kalm_gemma3_12b-dj_adpt,9,webtable-la2m-v=12-distilroberta-dj_adpt~qwen3_8b-dj_adpt
complaint_by_practice_b.pq,1.0,0.07692307692307693,1.0,0.07692307692307693,1.0,1.0,0.07692307692307693,0.8,0.3076923076923077,1.0,0.38461538461538464,1.0,1.0,0.29230769230769227,0.9,0.6923076923076923,1.0,0.7692307692307693,1.0,1.0,0.6272588522588524,0.8666666666666667,1.0,0.8666666666666667,1.0,1.0,1.0,0.9101362312900775,0.65,1.0,0.65,1.0,1.0,1.0,0.9101362312900775,0.52,1.0,0.52,1.0,1.0,1.0,0.9101362312900775,0.43333333333333335,1.0,0.43333333333333335,1.0,1.0,1.0,0.9101362312900775,0.37142857142857144,1.0,0.37142857142857144,1.0,1.0,1.0,0.9101362312900775,0.325,1.0,0.325,1.0,1.0,1.0,0.9101362312900775,0.28888888888888886,1.0,0.28888888888888886,1.0,1.0,1.0,0.9101362312900775,0.26,1.0,0.26,1.0,1.0,1.0,0.9101362312900775,kalm_gemma3_12b-dj_adpt,9,webtable-la2m-v=12-distilroberta-dj_adpt~qwen3_8b-dj_adpt
minister_meetings_a.pq,1.0,0.1,1.0,0.1,1.0,1.0,0.1,0.6,0.3,1.0,0.5,1.0,1.0,0.3,0.3,0.3,1.0,1.0,1.0,1.0,0.3,0.2,0.3,0.6666666666666666,1.0,1.0,1.0,0.3,0.15,0.3,0.5,1.0,1.0,1.0,0.3,0.12,0.3,0.4,1.0,1.0,1.0,0.3,0.1,0.3,0.3333333333333333,1.0,1.0,1.0,0.3,0.08571428571428572,0.3,0.2857142857142857,1.0,1.0,1.0,0.3,0.075,0.3,0.25,1.0,1.0,1.0,0.3,0.08888888888888889,0.4,0.2222222222222222,1.0,1.0,1.0,0.3090909090909091,0.1,0.5,0.2,1.0,1.0,1.0,0.3197292069632495,kalm_gemma3_12b-dj_adpt,9,webtable-la2m-v=12-distilroberta-dj_adpt~qwen3_8b-dj_adpt
albums_b.pq,1.0,0.0625,1.0,0.0625,1.0,1.0,0.0625,1.0,0.3125,1.0,0.3125,1.0,1.0,0.3125,1.0,0.625,1.0,0.625,1.0,1.0,0.625,0.7333333333333333,0.6875,1.0,0.9375,1.0,1.0,0.6875,0.55,0.6875,0.8,1.0,1.0,1.0,0.6875,0.44,0.6875,0.64,1.0,1.0,1.0,0.6875,0.4666666666666667,0.875,0.5333333333333333,1.0,1.0,1.0,0.7714696223316913,0.45714285714285713,1.0,0.45714285714285713,1.0,1.0,1.0,0.8329615578155622,0.4,1.0,0.4,1.0,1.0,1.0,0.8329615578155622,0.35555555555555557,1.0,0.35555555555555557,1.0,1.0,1.0,0.8329615578155622,0.32,1.0,0.32,1.0,1.0,1.0,0.8329615578155622,kalm_gemma3_12b-dj_adpt,9,webtable-la2m-v=12-distilroberta-dj_adpt~qwen3_8b-dj_adpt
oil_and_gas_summary_production_data_1967_1999_a.pq,1.0,0.09090909090909091,1.0,0.09090909090909091,1.0,1.0,0.09090909090909091,1.0,0.45454545454545453,1.0,0.45454545454545453,1.0,1.0,0.45454545454545453,0.7,0.6363636363636364,1.0,0.9090909090909091,1.0,1.0,0.6090909090909091,0.7333333333333333,1.0,0.7333333333333333,1.0,1.0,1.0,0.8847470711107075,0.55,1.0,0.55,1.0,1.0,1.0,0.8847470711107075,0.44,1.0,0.44,1.0,1.0,1.0,0.8847470711107075,0.36666666666666664,1.0,0.36666666666666664,1.0,1.0,1.0,0.8847470711107075,0.3142857142857143,1.0,0.3142857142857143,1.0,1.0,1.0,0.8847470711107075,0.275,1.0,0.275,1.0,1.0,1.0,0.8847470711107075,0.24444444444444444,1.0,0.24444444444444444,1.0,1.0,1.0,0.8847470711107075,0.22,1.0,0.22,1.0,1.0,1.0,0.8847470711107075,kalm_gemma3_12b-dj_adpt,9,webtable-la2m-v=12-distilroberta-dj_adpt~qwen3_8b-dj_adpt
biodiversity_a.pq,1.0,0.09090909090909091,1.0,0.09090909090909091,1.0,1.0,0.09090909090909091,0.2,0.09090909090909091,1.0,0.45454545454545453,1.0,1.0,0.09090909090909091,0.1,0.09090909090909091,1.0,0.9090909090909091,1.0,1.0,0.09090909090909091,0.06666666666666667,0.09090909090909091,0.7333333333333333,1.0,1.0,1.0,0.09090909090909091,0.05,0.09090909090909091,0.55,1.0,1.0,1.0,0.09090909090909091,0.04,0.09090909090909091,0.44,1.0,1.0,1.0,0.09090909090909091,0.03333333333333333,0.09090909090909091,0.36666666666666664,1.0,1.0,1.0,0.09090909090909091,0.02857142857142857,0.09090909090909091,0.3142857142857143,1.0,1.0,1.0,0.09090909090909091,0.025,0.09090909090909091,0.275,1.0,1.0,1.0,0.09090909090909091,0.044444444444444446,0.18181818181818182,0.24444444444444444,1.0,1.0,1.0,0.09494949494949495,0.08,0.36363636363636365,0.22,1.0,1.0,1.0,0.10815107597716293,kalm_gemma3_12b-dj_adpt,9,webtable-la2m-v=12-distilroberta-dj_adpt~qwen3_8b-dj_adpt
workforce_management_information_b.pq,1.0,0.05555555555555555,1.0,0.05555555555555555,1.0,1.0,0.05555555555555555,1.0,0.2777777777777778,1.0,0.2777777777777778,1.0,1.0,0.2777777777777778,1.0,0.5555555555555556,1.0,0.5555555555555556,1.0,1.0,0.5555555555555556,0.8666666666666667,0.7222222222222222,1.0,0.8333333333333334,1.0,1.0,0.7222222222222222,0.65,0.7222222222222222,0.9,1.0,1.0,1.0,0.7222222222222222,0.52,0.7222222222222222,0.72,1.0,1.0,1.0,0.7222222222222222,0.43333333333333335,0.7222222222222222,0.6,1.0,1.0,1.0,0.7222222222222222,0.37142857142857144,0.7222222222222222,0.5142857142857142,1.0,1.0,1.0,0.7222222222222222,0.325,0.7222222222222222,0.45,1.0,1.0,1.0,0.7222222222222222,0.28888888888888886,0.7222222222222222,0.4,1.0,1.0,1.0,0.7222222222222222,0.26,0.7222222222222222,0.36,1.0,1.0,1.0,0.7222222222222222,kalm_gemma3_12b-dj_adpt,9,webtable-la2m-v=12-distilroberta-dj_adpt~qwen3_8b-dj_adpt
ydn_spending_data_a.pq,1.0,0.08333333333333333,1.0,0.08333333333333333,1.0,1.0,0.08333333333333333,0.6,0.25,1.0,0.4166666666666667,1.0,1.0,0.18888888888888888,0.5,0.4166666666666667,1.0,0.8333333333333334,1.0,1.0,0.29074074074074074,0.3333333333333333,0.4166666666666667,0.8,1.0,1.0,1.0,0.29074074074074074,0.25,0.4166666666666667,0.6,1.0,1.0,1.0,0.29074074074074074,0.32,0.6666666666666666,0.48,1.0,1.0,1.0,0.3644402356902357,0.26666666666666666,0.6666666666666666,0.4,1.0,1.0,1.0,0.3644402356902357,0.22857142857142856,0.6666666666666666,0.34285714285714286,1.0,1.0,1.0,0.3644402356902357,0.2,0.6666666666666666,0.3,1.0,1.0,1.0,0.3644402356902357,0.2,0.75,0.26666666666666666,1.0,1.0,1.0,0.3822973785473785,0.18,0.75,0.24,1.0,1.0,1.0,0.3822973785473785,kalm_gemma3_12b-dj_adpt,9,webtable-la2m-v=12-distilroberta-dj_adpt~qwen3_8b-dj_adpt
stockport_contracts_b.pq,1.0,0.07692307692307693,1.0,0.07692307692307693,1.0,1.0,0.07692307692307693,0.8,0.3076923076923077,1.0,0.38461538461538464,1.0,1.0,0.27307692307692305,0.5,0.38461538461538464,1.0,0.7692307692307693,1.0,1.0,0.3211538461538461,0.4,0.46153846153846156,0.8666666666666667,1.0,1.0,1.0,0.35412087912087914,0.3,0.46153846153846156,0.65,1.0,1.0,1.0,0.35412087912087914,0.24,0.46153846153846156,0.52,1.0,1.0,1.0,0.35412087912087914,0.2,0.46153846153846156,0.43333333333333335,1.0,1.0,1.0,0.35412087912087914,0.17142857142857143,0.46153846153846156,0.37142857142857144,1.0,1.0,1.0,0.35412087912087914,0.15,0.46153846153846156,0.325,1.0,1.0,1.0,0.35412087912087914,0.2,0.6923076923076923,0.28888888888888886,1.0,1.0,1.0,0.3969869278008813,0.2,0.7692307692307693,0.26,1.0,1.0,1.0,0.4137093358276372,kalm_gemma3_12b-dj_adpt,9,webtable-la2m-v=12-distilroberta-dj_adpt~qwen3_8b-dj_adpt
stockport_contracts_a.pq,1.0,0.07692307692307693,1.0,0.07692307692307693,1.0,1.0,0.07692307692307693,0.4,0.15384615384615385,1.0,0.38461538461538464,1.0,1.0,0.1282051282051282,0.2,0.15384615384615385,1.0,0.7692307692307693,1.0,1.0,0.1282051282051282,0.13333333333333333,0.15384615384615385,0.8666666666666667,1.0,1.0,1.0,0.1282051282051282,0.15,0.23076923076923078,0.65,1.0,1.0,1.0,0.14262820512820512,0.12,0.23076923076923078,0.52,1.0,1.0,1.0,0.14262820512820512,0.1,0.23076923076923078,0.43333333333333335,1.0,1.0,1.0,0.14262820512820512,0.08571428571428572,0.23076923076923078,0.37142857142857144,1.0,1.0,1.0,0.14262820512820512,0.075,0.23076923076923078,0.325,1.0,1.0,1.0,0.14262820512820512,0.06666666666666667,0.23076923076923078,0.28888888888888886,1.0,1.0,1.0,0.14262820512820512,0.08,0.3076923076923077,0.26,1.0,1.0,1.0,0.14878205128205127,kalm_gemma3_12b-dj_adpt,9,webtable-la2m-v=12-distilroberta-dj_adpt~qwen3_8b-dj_adpt
deaths_2012_2018_a.pq,1.0,0.09090909090909091,1.0,0.09090909090909091,1.0,1.0,0.09090909090909091,1.0,0.45454545454545453,1.0,0.45454545454545453,1.0,1.0,0.45454545454545453,0.6,0.5454545454545454,1.0,0.9090909090909091,1.0,1.0,0.5324675324675324,0.4,0.5454545454545454,0.7333333333333333,1.0,1.0,1.0,0.5324675324675324,0.3,0.5454545454545454,0.55,1.0,1.0,1.0,0.5324675324675324,0.24,0.5454545454545454,0.44,1.0,1.0,1.0,0.5324675324675324,0.26666666666666666,0.7272727272727273,0.36666666666666664,1.0,1.0,1.0,0.5786535303776683,0.3142857142857143,1.0,0.3142857142857143,1.0,1.0,1.0,0.6637586134666223,0.275,1.0,0.275,1.0,1.0,1.0,0.6637586134666223,0.24444444444444444,1.0,0.24444444444444444,1.0,1.0,1.0,0.6637586134666223,0.22,1.0,0.22,1.0,1.0,1.0,0.6637586134666223,kalm_gemma3_12b-dj_adpt,9,webtable-la2m-v=12-distilroberta-dj_adpt~qwen3_8b-dj_adpt
film_locations_in_san_francisco_a.pq,1.0,0.07692307692307693,1.0,0.07692307692307693,1.0,1.0,0.07692307692307693,1.0,0.38461538461538464,1.0,0.38461538461538464,1.0,1.0,0.38461538461538464,0.9,0.6923076923076923,1.0,0.7692307692307693,1.0,1.0,0.6923076923076923,0.6666666666666666,0.7692307692307693,0.8666666666666667,1.0,1.0,1.0,0.7472527472527472,0.5,0.7692307692307693,0.65,1.0,1.0,1.0,0.7472527472527472,0.44,0.8461538461538461,0.52,1.0,1.0,1.0,0.7875457875457875,0.4,0.9230769230769231,0.43333333333333335,1.0,1.0,1.0,0.8193760262725781,0.34285714285714286,0.9230769230769231,0.37142857142857144,1.0,1.0,1.0,0.8193760262725781,0.3,0.9230769230769231,0.325,1.0,1.0,1.0,0.8193760262725781,0.28888888888888886,1.0,0.28888888888888886,1.0,1.0,1.0,0.8426318402260663,0.26,1.0,0.26,1.0,1.0,1.0,0.8426318402260663,kalm_gemma3_12b-dj_adpt,9,webtable-la2m-v=12-distilroberta-dj_adpt~qwen3_8b-dj_adpt
animal_tag_data_b.pq,1.0,0.08333333333333333,1.0,0.08333333333333333,1.0,1.0,0.08333333333333333,1.0,0.4166666666666667,1.0,0.4166666666666667,1.0,1.0,0.4166666666666667,1.0,0.8333333333333334,1.0,0.8333333333333334,1.0,1.0,0.8333333333333334,0.6666666666666666,0.8333333333333334,0.8,1.0,1.0,1.0,0.8333333333333334,0.55,0.9166666666666666,0.6,1.0,1.0,1.0,0.890625,0.44,0.9166666666666666,0.48,1.0,1.0,1.0,0.890625,0.36666666666666664,0.9166666666666666,0.4,1.0,1.0,1.0,0.890625,0.3142857142857143,0.9166666666666666,0.34285714285714286,1.0,1.0,1.0,0.890625,0.275,0.9166666666666666,0.3,1.0,1.0,1.0,0.890625,0.26666666666666666,1.0,0.26666666666666666,1.0,1.0,1.0,0.9144345238095238,0.24,1.0,0.24,1.0,1.0,1.0,0.9144345238095238,kalm_gemma3_12b-dj_adpt,9,webtable-la2m-v=12-distilroberta-dj_adpt~qwen3_8b-dj_adpt
ipopayments_b.pq,1.0,0.06666666666666667,1.0,0.06666666666666667,1.0,1.0,0.06666666666666667,0.8,0.26666666666666666,1.0,0.3333333333333333,1.0,1.0,0.26666666666666666,0.4,0.26666666666666666,1.0,0.6666666666666666,1.0,1.0,0.26666666666666666,0.6,0.6,1.0,1.0,1.0,1.0,0.44429570429570425,0.7,0.9333333333333333,0.75,1.0,1.0,1.0,0.6658247720631622,0.6,1.0,0.6,1.0,1.0,1.0,0.7134438196822098,0.5,1.0,0.5,1.0,1.0,1.0,0.7134438196822098,0.42857142857142855,1.0,0.42857142857142855,1.0,1.0,1.0,0.7134438196822098,0.375,1.0,0.375,1.0,1.0,1.0,0.7134438196822098,0.3333333333333333,1.0,0.3333333333333333,1.0,1.0,1.0,0.7134438196822098,0.3,1.0,0.3,1.0,1.0,1.0,0.7134438196822098,kalm_gemma3_12b-dj_adpt,9,webtable-la2m-v=12-distilroberta-dj_adpt~qwen3_8b-dj_adpt
job_pay_scales_a.pq,1.0,0.06666666666666667,1.0,0.06666666666666667,1.0,1.0,0.06666666666666667,1.0,0.3333333333333333,1.0,0.3333333333333333,1.0,1.0,0.3333333333333333,0.6,0.4,1.0,0.6666666666666666,1.0,1.0,0.4,0.4,0.4,1.0,1.0,1.0,1.0,0.4,0.5,0.6666666666666666,0.75,1.0,1.0,1.0,0.5289602683178535,0.52,0.8666666666666667,0.6,1.0,1.0,1.0,0.6317428770135056,0.43333333333333335,0.8666666666666667,0.5,1.0,1.0,1.0,0.6317428770135056,0.37142857142857144,0.8666666666666667,0.42857142857142855,1.0,1.0,1.0,0.6317428770135056,0.325,0.8666666666666667,0.375,1.0,1.0,1.0,0.6317428770135056,0.28888888888888886,0.8666666666666667,0.3333333333333333,1.0,1.0,1.0,0.6317428770135056,0.26,0.8666666666666667,0.3,1.0,1.0,1.0,0.6317428770135056,kalm_gemma3_12b-dj_adpt,9,webtable-la2m-v=12-distilroberta-dj_adpt~qwen3_8b-dj_adpt
purchasing_card_a.pq,1.0,0.07692307692307693,1.0,0.07692307692307693,1.0,1.0,0.07692307692307693,1.0,0.38461538461538464,1.0,0.38461538461538464,1.0,1.0,0.38461538461538464,0.8,0.6153846153846154,1.0,0.7692307692307693,1.0,1.0,0.5793956043956044,0.6,0.6923076923076923,0.8666666666666667,1.0,1.0,1.0,0.637087912087912,0.45,0.6923076923076923,0.65,1.0,1.0,1.0,0.637087912087912,0.36,0.6923076923076923,0.52,1.0,1.0,1.0,0.637087912087912,0.3,0.6923076923076923,0.43333333333333335,1.0,1.0,1.0,0.637087912087912,0.2571428571428571,0.6923076923076923,0.37142857142857144,1.0,1.0,1.0,0.637087912087912,0.3,0.9230769230769231,0.325,1.0,1.0,1.0,0.7032220624325887,0.28888888888888886,1.0,0.28888888888888886,1.0,1.0,1.0,0.7270315862421126,0.26,1.0,0.26,1.0,1.0,1.0,0.7270315862421126,kalm_gemma3_12b-dj_adpt,9,webtable-la2m-v=12-distilroberta-dj_adpt~qwen3_8b-dj_adpt
ydn_spending_data_b.pq,1.0,0.08333333333333333,1.0,0.08333333333333333,1.0,1.0,0.08333333333333333,0.8,0.3333333333333333,1.0,0.4166666666666667,1.0,1.0,0.3333333333333333,0.5,0.4166666666666667,1.0,0.8333333333333334,1.0,1.0,0.40277777777777773,0.3333333333333333,0.4166666666666667,0.8,1.0,1.0,1.0,0.40277777777777773,0.4,0.6666666666666666,0.6,1.0,1.0,1.0,0.505378540305011,0.36,0.75,0.48,1.0,1.0,1.0,0.536628540305011,0.36666666666666664,0.9166666666666666,0.4,1.0,1.0,1.0,0.6026304396402435,0.3142857142857143,0.9166666666666666,0.34285714285714286,1.0,1.0,1.0,0.6026304396402435,0.3,1.0,0.3,1.0,1.0,1.0,0.6296574666672706,0.26666666666666666,1.0,0.26666666666666666,1.0,1.0,1.0,0.6296574666672706,0.24,1.0,0.24,1.0,1.0,1.0,0.6296574666672706,kalm_gemma3_12b-dj_adpt,9,webtable-la2m-v=12-distilroberta-dj_adpt~qwen3_8b-dj_adpt
psyckes_antipsychotic_polypharmacy_quality_indicators_beginning_2012_a.pq,1.0,0.09090909090909091,1.0,0.09090909090909091,1.0,1.0,0.09090909090909091,0.2,0.09090909090909091,1.0,0.45454545454545453,1.0,1.0,0.09090909090909091,0.1,0.09090909090909091,1.0,0.9090909090909091,1.0,1.0,0.09090909090909091,0.06666666666666667,0.09090909090909091,0.7333333333333333,1.0,1.0,1.0,0.09090909090909091,0.2,0.36363636363636365,0.55,1.0,1.0,1.0,0.13354598617756513,0.36,0.8181818181818182,0.44,1.0,1.0,1.0,0.2706826834723652,0.36666666666666664,1.0,0.36666666666666664,1.0,1.0,1.0,0.3426847554744372,0.3142857142857143,1.0,0.3142857142857143,1.0,1.0,1.0,0.3426847554744372,0.275,1.0,0.275,1.0,1.0,1.0,0.3426847554744372,0.24444444444444444,1.0,0.24444444444444444,1.0,1.0,1.0,0.3426847554744372,0.22,1.0,0.22,1.0,1.0,1.0,0.3426847554744372,kalm_gemma3_12b-dj_adpt,9,webtable-la2m-v=12-distilroberta-dj_adpt~qwen3_8b-dj_adpt
prescribing_b.pq,1.0,0.06666666666666667,1.0,0.06666666666666667,1.0,1.0,0.06666666666666667,1.0,0.3333333333333333,1.0,0.3333333333333333,1.0,1.0,0.3333333333333333,1.0,0.6666666666666666,1.0,0.6666666666666666,1.0,1.0,0.6666666666666666,1.0,1.0,1.0,1.0,1.0,1.0,1.0,0.75,1.0,0.75,1.0,1.0,1.0,1.0,0.6,1.0,0.6,1.0,1.0,1.0,1.0,0.5,1.0,0.5,1.0,1.0,1.0,1.0,0.42857142857142855,1.0,0.42857142857142855,1.0,1.0,1.0,1.0,0.375,1.0,0.375,1.0,1.0,1.0,1.0,0.3333333333333333,1.0,0.3333333333333333,1.0,1.0,1.0,1.0,0.3,1.0,0.3,1.0,1.0,1.0,1.0,kalm_gemma3_12b-dj_adpt,9,webtable-la2m-v=12-distilroberta-dj_adpt~qwen3_8b-dj_adpt
ydn_spending_data_a.pq,1.0,0.08333333333333333,1.0,0.08333333333333333,1.0,1.0,0.08333333333333333,1.0,0.4166666666666667,1.0,0.4166666666666667,1.0,1.0,0.4166666666666667,1.0,0.8333333333333334,1.0,0.8333333333333334,1.0,1.0,0.8333333333333334,0.6666666666666666,0.8333333333333334,0.8,1.0,1.0,1.0,0.8333333333333334,0.5,0.8333333333333334,0.6,1.0,1.0,1.0,0.8333333333333334,0.48,1.0,0.48,1.0,1.0,1.0,0.9184782608695653,0.4,1.0,0.4,1.0,1.0,1.0,0.9184782608695653,0.34285714285714286,1.0,0.34285714285714286,1.0,1.0,1.0,0.9184782608695653,0.3,1.0,0.3,1.0,1.0,1.0,0.9184782608695653,0.26666666666666666,1.0,0.26666666666666666,1.0,1.0,1.0,0.9184782608695653,0.24,1.0,0.24,1.0,1.0,1.0,0.9184782608695653,llama_nemotron_8b-dj_adpt,10,webtable-la2m-v=12-distilroberta-dj_adpt~qwen3_8b-dj_adpt
contributors_parties_b.pq,1.0,0.047619047619047616,1.0,0.047619047619047616,1.0,1.0,0.047619047619047616,1.0,0.23809523809523808,1.0,0.23809523809523808,1.0,1.0,0.23809523809523808,0.8,0.38095238095238093,1.0,0.47619047619047616,1.0,1.0,0.38095238095238093,0.5333333333333333,0.38095238095238093,1.0,0.7142857142857143,1.0,1.0,0.38095238095238093,0.4,0.38095238095238093,1.0,0.9523809523809523,1.0,1.0,0.38095238095238093,0.32,0.38095238095238093,0.84,1.0,1.0,1.0,0.38095238095238093,0.26666666666666666,0.38095238095238093,0.7,1.0,1.0,1.0,0.38095238095238093,0.22857142857142856,0.38095238095238093,0.6,1.0,1.0,1.0,0.38095238095238093,0.2,0.38095238095238093,0.525,1.0,1.0,1.0,0.38095238095238093,0.17777777777777778,0.38095238095238093,0.4666666666666667,1.0,1.0,1.0,0.38095238095238093,0.22,0.5238095238095238,0.42,1.0,1.0,1.0,0.4108770538742787,llama_nemotron_8b-dj_adpt,10,webtable-la2m-v=12-distilroberta-dj_adpt~qwen3_8b-dj_adpt
workforce_management_information_b.pq,1.0,0.05555555555555555,1.0,0.05555555555555555,1.0,1.0,0.05555555555555555,1.0,0.2777777777777778,1.0,0.2777777777777778,1.0,1.0,0.2777777777777778,1.0,0.5555555555555556,1.0,0.5555555555555556,1.0,1.0,0.5555555555555556,0.8666666666666667,0.7222222222222222,1.0,0.8333333333333334,1.0,1.0,0.7222222222222222,0.65,0.7222222222222222,0.9,1.0,1.0,1.0,0.7222222222222222,0.68,0.9444444444444444,0.72,1.0,1.0,1.0,0.875137241985068,0.6,1.0,0.6,1.0,1.0,1.0,0.9135987804466065,0.5142857142857142,1.0,0.5142857142857142,1.0,1.0,1.0,0.9135987804466065,0.45,1.0,0.45,1.0,1.0,1.0,0.9135987804466065,0.4,1.0,0.4,1.0,1.0,1.0,0.9135987804466065,0.36,1.0,0.36,1.0,1.0,1.0,0.9135987804466065,llama_nemotron_8b-dj_adpt,10,webtable-la2m-v=12-distilroberta-dj_adpt~qwen3_8b-dj_adpt
new_york_city_restaurant_inspection_results_a.pq,1.0,0.03225806451612903,1.0,0.03225806451612903,1.0,1.0,0.03225806451612903,1.0,0.16129032258064516,1.0,0.16129032258064516,1.0,1.0,0.16129032258064516,1.0,0.3225806451612903,1.0,0.3225806451612903,1.0,1.0,0.3225806451612903,0.7333333333333333,0.3548387096774194,1.0,0.4838709677419355,1.0,1.0,0.3548387096774194,0.55,0.3548387096774194,1.0,0.6451612903225806,1.0,1.0,0.3548387096774194,0.44,0.3548387096774194,1.0,0.8064516129032258,1.0,1.0,0.3548387096774194,0.36666666666666664,0.3548387096774194,1.0,0.967741935483871,1.0,1.0,0.3548387096774194,0.3142857142857143,0.3548387096774194,0.8857142857142857,1.0,1.0,1.0,0.3548387096774194,0.275,0.3548387096774194,0.775,1.0,1.0,1.0,0.3548387096774194,0.24444444444444444,0.3548387096774194,0.6888888888888889,1.0,1.0,1.0,0.3548387096774194,0.22,0.3548387096774194,0.62,1.0,1.0,1.0,0.3548387096774194,llama_nemotron_8b-dj_adpt,10,webtable-la2m-v=12-distilroberta-dj_adpt~qwen3_8b-dj_adpt
stockport_contracts_b.pq,1.0,0.07692307692307693,1.0,0.07692307692307693,1.0,1.0,0.07692307692307693,0.2,0.07692307692307693,1.0,0.38461538461538464,1.0,1.0,0.07692307692307693,0.3,0.23076923076923078,1.0,0.7692307692307693,1.0,1.0,0.12774725274725274,0.2,0.23076923076923078,0.8666666666666667,1.0,1.0,1.0,0.12774725274725274,0.15,0.23076923076923078,0.65,1.0,1.0,1.0,0.12774725274725274,0.12,0.23076923076923078,0.52,1.0,1.0,1.0,0.12774725274725274,0.1,0.23076923076923078,0.43333333333333335,1.0,1.0,1.0,0.12774725274725274,0.08571428571428572,0.23076923076923078,0.37142857142857144,1.0,1.0,1.0,0.12774725274725274,0.125,0.38461538461538464,0.325,1.0,1.0,1.0,0.1454598033545402,0.15555555555555556,0.5384615384615384,0.28888888888888886,1.0,1.0,1.0,0.16815906791426988,0.18,0.6923076923076923,0.26,1.0,1.0,1.0,0.19567543452638117,llama_nemotron_8b-dj_adpt,10,webtable-la2m-v=12-distilroberta-dj_adpt~qwen3_8b-dj_adpt
monthly_data_feed_a.pq,1.0,0.07692307692307693,1.0,0.07692307692307693,1.0,1.0,0.07692307692307693,0.4,0.15384615384615385,1.0,0.38461538461538464,1.0,1.0,0.15384615384615385,0.4,0.3076923076923077,1.0,0.7692307692307693,1.0,1.0,0.21025641025641026,0.4666666666666667,0.5384615384615384,0.8666666666666667,1.0,1.0,1.0,0.31627218934911244,0.45,0.6923076923076923,0.65,1.0,1.0,1.0,0.3954577097111034,0.36,0.6923076923076923,0.52,1.0,1.0,1.0,0.3954577097111034,0.3,0.6923076923076923,0.43333333333333335,1.0,1.0,1.0,0.3954577097111034,0.2571428571428571,0.6923076923076923,0.37142857142857144,1.0,1.0,1.0,0.3954577097111034,0.225,0.6923076923076923,0.325,1.0,1.0,1.0,0.3954577097111034,0.2,0.6923076923076923,0.28888888888888886,1.0,1.0,1.0,0.3954577097111034,0.2,0.7692307692307693,0.26,1.0,1.0,1.0,0.41115629683826194,llama_nemotron_8b-dj_adpt,10,webtable-la2m-v=12-distilroberta-dj_adpt~qwen3_8b-dj_adpt
tuition_assistance_program_tap_recipients_a.pq,1.0,0.09090909090909091,1.0,0.09090909090909091,1.0,1.0,0.09090909090909091,0.4,0.18181818181818182,1.0,0.45454545454545453,1.0,1.0,0.12727272727272726,0.7,0.6363636363636364,1.0,0.9090909090909091,1.0,1.0,0.4057359307359307,0.7333333333333333,1.0,0.7333333333333333,1.0,1.0,1.0,0.6813920927557291,0.55,1.0,0.55,1.0,1.0,1.0,0.6813920927557291,0.44,1.0,0.44,1.0,1.0,1.0,0.6813920927557291,0.36666666666666664,1.0,0.36666666666666664,1.0,1.0,1.0,0.6813920927557291,0.3142857142857143,1.0,0.3142857142857143,1.0,1.0,1.0,0.6813920927557291,0.275,1.0,0.275,1.0,1.0,1.0,0.6813920927557291,0.24444444444444444,1.0,0.24444444444444444,1.0,1.0,1.0,0.6813920927557291,0.22,1.0,0.22,1.0,1.0,1.0,0.6813920927557291,llama_nemotron_8b-dj_adpt,10,webtable-la2m-v=12-distilroberta-dj_adpt~qwen3_8b-dj_adpt
cdc_nutrition_physical_activity_and_obesity_legislation_a.pq,1.0,0.09090909090909091,1.0,0.09090909090909091,1.0,1.0,0.09090909090909091,0.2,0.09090909090909091,1.0,0.45454545454545453,1.0,1.0,0.09090909090909091,0.1,0.09090909090909091,1.0,0.9090909090909091,1.0,1.0,0.09090909090909091,0.06666666666666667,0.09090909090909091,0.7333333333333333,1.0,1.0,1.0,0.09090909090909091,0.05,0.09090909090909091,0.55,1.0,1.0,1.0,0.09090909090909091,0.04,0.09090909090909091,0.44,1.0,1.0,1.0,0.09090909090909091,0.03333333333333333,0.09090909090909091,0.36666666666666664,1.0,1.0,1.0,0.09090909090909091,0.11428571428571428,0.36363636363636365,0.3142857142857143,1.0,1.0,1.0,0.11518519431232904,0.2,0.7272727272727273,0.275,1.0,1.0,1.0,0.17794790181187864,0.24444444444444444,1.0,0.24444444444444444,1.0,1.0,1.0,0.24280439151238423,0.22,1.0,0.22,1.0,1.0,1.0,0.24280439151238423,llama_nemotron_8b-dj_adpt,10,webtable-la2m-v=12-distilroberta-dj_adpt~qwen3_8b-dj_adpt
monthly_data_feed_b.pq,1.0,0.07692307692307693,1.0,0.07692307692307693,1.0,1.0,0.07692307692307693,0.4,0.15384615384615385,1.0,0.38461538461538464,1.0,1.0,0.15384615384615385,0.3,0.23076923076923078,1.0,0.7692307692307693,1.0,1.0,0.18269230769230768,0.2,0.23076923076923078,0.8666666666666667,1.0,1.0,1.0,0.18269230769230768,0.2,0.3076923076923077,0.65,1.0,1.0,1.0,0.19888663967611334,0.2,0.38461538461538464,0.52,1.0,1.0,1.0,0.21427125506072875,0.3,0.6923076923076923,0.43333333333333335,1.0,1.0,1.0,0.2948931236136318,0.3142857142857143,0.8461538461538461,0.37142857142857144,1.0,1.0,1.0,0.3461493270875772,0.3,0.9230769230769231,0.325,1.0,1.0,1.0,0.3704408250632857,0.26666666666666666,0.9230769230769231,0.28888888888888886,1.0,1.0,1.0,0.3704408250632857,0.24,0.9230769230769231,0.26,1.0,1.0,1.0,0.3704408250632857,llama_nemotron_8b-dj_adpt,10,webtable-la2m-v=12-distilroberta-dj_adpt~qwen3_8b-dj_adpt
ipopayments_b.pq,1.0,0.06666666666666667,1.0,0.06666666666666667,1.0,1.0,0.06666666666666667,1.0,0.3333333333333333,1.0,0.3333333333333333,1.0,1.0,0.3333333333333333,0.9,0.6,1.0,0.6666666666666666,1.0,1.0,0.6,0.6,0.6,1.0,1.0,1.0,1.0,0.6,0.45,0.6,0.75,1.0,1.0,1.0,0.6,0.36,0.6,0.6,1.0,1.0,1.0,0.6,0.3,0.6,0.5,1.0,1.0,1.0,0.6,0.2571428571428571,0.6,0.42857142857142855,1.0,1.0,1.0,0.6,0.225,0.6,0.375,1.0,1.0,1.0,0.6,0.2,0.6,0.3333333333333333,1.0,1.0,1.0,0.6,0.24,0.8,0.3,1.0,1.0,1.0,0.6457887055531432,llama_nemotron_8b-dj_adpt,10,webtable-la2m-v=12-distilroberta-dj_adpt~qwen3_8b-dj_adpt
albums_a.pq,1.0,0.0625,1.0,0.0625,1.0,1.0,0.0625,1.0,0.3125,1.0,0.3125,1.0,1.0,0.3125,1.0,0.625,1.0,0.625,1.0,1.0,0.625,1.0,0.9375,1.0,0.9375,1.0,1.0,0.9375,0.8,1.0,0.8,1.0,1.0,1.0,1.0,0.64,1.0,0.64,1.0,1.0,1.0,1.0,0.5333333333333333,1.0,0.5333333333333333,1.0,1.0,1.0,1.0,0.45714285714285713,1.0,0.45714285714285713,1.0,1.0,1.0,1.0,0.4,1.0,0.4,1.0,1.0,1.0,1.0,0.35555555555555557,1.0,0.35555555555555557,1.0,1.0,1.0,1.0,0.32,1.0,0.32,1.0,1.0,1.0,1.0,llama_nemotron_8b-dj_adpt,10,webtable-la2m-v=12-distilroberta-dj_adpt~qwen3_8b-dj_adpt
cihr_co-applicant_b.pq,1.0,0.08333333333333333,1.0,0.08333333333333333,1.0,1.0,0.08333333333333333,1.0,0.4166666666666667,1.0,0.4166666666666667,1.0,1.0,0.4166666666666667,1.0,0.8333333333333334,1.0,0.8333333333333334,1.0,1.0,0.8333333333333334,0.8,1.0,0.8,1.0,1.0,1.0,1.0,0.6,1.0,0.6,1.0,1.0,1.0,1.0,0.48,1.0,0.48,1.0,1.0,1.0,1.0,0.4,1.0,0.4,1.0,1.0,1.0,1.0,0.34285714285714286,1.0,0.34285714285714286,1.0,1.0,1.0,1.0,0.3,1.0,0.3,1.0,1.0,1.0,1.0,0.26666666666666666,1.0,0.26666666666666666,1.0,1.0,1.0,1.0,0.24,1.0,0.24,1.0,1.0,1.0,1.0,llama_nemotron_8b-dj_adpt,10,webtable-la2m-v=12-distilroberta-dj_adpt~qwen3_8b-dj_adpt
data_mill_a.pq,1.0,0.07142857142857142,1.0,0.07142857142857142,1.0,1.0,0.07142857142857142,0.6,0.21428571428571427,1.0,0.35714285714285715,1.0,1.0,0.21428571428571427,0.3,0.21428571428571427,1.0,0.7142857142857143,1.0,1.0,0.21428571428571427,0.2,0.21428571428571427,0.9333333333333333,1.0,1.0,1.0,0.21428571428571427,0.15,0.21428571428571427,0.7,1.0,1.0,1.0,0.21428571428571427,0.12,0.21428571428571427,0.56,1.0,1.0,1.0,0.21428571428571427,0.1,0.21428571428571427,0.4666666666666667,1.0,1.0,1.0,0.21428571428571427,0.08571428571428572,0.21428571428571427,0.4,1.0,1.0,1.0,0.21428571428571427,0.075,0.21428571428571427,0.35,1.0,1.0,1.0,0.21428571428571427,0.13333333333333333,0.42857142857142855,0.3111111111111111,1.0,1.0,1.0,0.23891789273849073,0.14,0.5,0.28,1.0,1.0,1.0,0.24891789273849074,llama_nemotron_8b-dj_adpt,10,webtable-la2m-v=12-distilroberta-dj_adpt~qwen3_8b-dj_adpt
biodiversity_a.pq,1.0,0.09090909090909091,1.0,0.09090909090909091,1.0,1.0,0.09090909090909091,0.8,0.36363636363636365,1.0,0.45454545454545453,1.0,1.0,0.36363636363636365,0.4,0.36363636363636365,1.0,0.9090909090909091,1.0,1.0,0.36363636363636365,0.26666666666666666,0.36363636363636365,0.7333333333333333,1.0,1.0,1.0,0.36363636363636365,0.2,0.36363636363636365,0.55,1.0,1.0,1.0,0.36363636363636365,0.16,0.36363636363636365,0.44,1.0,1.0,1.0,0.36363636363636365,0.16666666666666666,0.45454545454545453,0.36666666666666664,1.0,1.0,1.0,0.37931034482758624,0.17142857142857143,0.5454545454545454,0.3142857142857143,1.0,1.0,1.0,0.3969056527454748,0.15,0.5454545454545454,0.275,1.0,1.0,1.0,0.3969056527454748,0.13333333333333333,0.5454545454545454,0.24444444444444444,1.0,1.0,1.0,0.3969056527454748,0.12,0.5454545454545454,0.22,1.0,1.0,1.0,0.3969056527454748,llama_nemotron_8b-dj_adpt,10,webtable-la2m-v=12-distilroberta-dj_adpt~qwen3_8b-dj_adpt
senior_officials_expenses_a.pq,1.0,0.09090909090909091,1.0,0.09090909090909091,1.0,1.0,0.09090909090909091,0.6,0.2727272727272727,1.0,0.45454545454545453,1.0,1.0,0.2727272727272727,0.4,0.36363636363636365,1.0,0.9090909090909091,1.0,1.0,0.3333333333333333,0.26666666666666666,0.36363636363636365,0.7333333333333333,1.0,1.0,1.0,0.3333333333333333,0.25,0.45454545454545453,0.55,1.0,1.0,1.0,0.356060606060606,0.24,0.5454545454545454,0.44,1.0,1.0,1.0,0.38203463203463206,0.23333333333333334,0.6363636363636364,0.36666666666666664,1.0,1.0,1.0,0.4039782057023436,0.2571428571428571,0.8181818181818182,0.3142857142857143,1.0,1.0,1.0,0.4500809443184512,0.225,0.8181818181818182,0.275,1.0,1.0,1.0,0.4500809443184512,0.2,0.8181818181818182,0.24444444444444444,1.0,1.0,1.0,0.4500809443184512,0.18,0.8181818181818182,0.22,1.0,1.0,1.0,0.4500809443184512,llama_nemotron_8b-dj_adpt,10,webtable-la2m-v=12-distilroberta-dj_adpt~qwen3_8b-dj_adpt
complaint_by_practice_b.pq,1.0,0.07692307692307693,1.0,0.07692307692307693,1.0,1.0,0.07692307692307693,1.0,0.38461538461538464,1.0,0.38461538461538464,1.0,1.0,0.38461538461538464,0.9,0.6923076923076923,1.0,0.7692307692307693,1.0,1.0,0.6554639804639805,0.8666666666666667,1.0,0.8666666666666667,1.0,1.0,1.0,0.9383413594952057,0.65,1.0,0.65,1.0,1.0,1.0,0.9383413594952057,0.52,1.0,0.52,1.0,1.0,1.0,0.9383413594952057,0.43333333333333335,1.0,0.43333333333333335,1.0,1.0,1.0,0.9383413594952057,0.37142857142857144,1.0,0.37142857142857144,1.0,1.0,1.0,0.9383413594952057,0.325,1.0,0.325,1.0,1.0,1.0,0.9383413594952057,0.28888888888888886,1.0,0.28888888888888886,1.0,1.0,1.0,0.9383413594952057,0.26,1.0,0.26,1.0,1.0,1.0,0.9383413594952057,llama_nemotron_8b-dj_adpt,10,webtable-la2m-v=12-distilroberta-dj_adpt~qwen3_8b-dj_adpt
albums_b.pq,1.0,0.0625,1.0,0.0625,1.0,1.0,0.0625,1.0,0.3125,1.0,0.3125,1.0,1.0,0.3125,1.0,0.625,1.0,0.625,1.0,1.0,0.625,0.7333333333333333,0.6875,1.0,0.9375,1.0,1.0,0.6875,0.55,0.6875,0.8,1.0,1.0,1.0,0.6875,0.44,0.6875,0.64,1.0,1.0,1.0,0.6875,0.4,0.75,0.5333333333333333,1.0,1.0,1.0,0.7152777777777778,0.34285714285714286,0.75,0.45714285714285713,1.0,1.0,1.0,0.7152777777777778,0.35,0.875,0.4,1.0,1.0,1.0,0.7579861111111111,0.35555555555555557,1.0,0.35555555555555557,1.0,1.0,1.0,0.8046614885791715,0.32,1.0,0.32,1.0,1.0,1.0,0.8046614885791715,llama_nemotron_8b-dj_adpt,10,webtable-la2m-v=12-distilroberta-dj_adpt~qwen3_8b-dj_adpt
cihr_co-applicant_a.pq,1.0,0.08333333333333333,1.0,0.08333333333333333,1.0,1.0,0.08333333333333333,1.0,0.4166666666666667,1.0,0.4166666666666667,1.0,1.0,0.4166666666666667,1.0,0.8333333333333334,1.0,0.8333333333333334,1.0,1.0,0.8333333333333334,0.8,1.0,0.8,1.0,1.0,1.0,1.0,0.6,1.0,0.6,1.0,1.0,1.0,1.0,0.48,1.0,0.48,1.0,1.0,1.0,1.0,0.4,1.0,0.4,1.0,1.0,1.0,1.0,0.34285714285714286,1.0,0.34285714285714286,1.0,1.0,1.0,1.0,0.3,1.0,0.3,1.0,1.0,1.0,1.0,0.26666666666666666,1.0,0.26666666666666666,1.0,1.0,1.0,1.0,0.24,1.0,0.24,1.0,1.0,1.0,1.0,llama_nemotron_8b-dj_adpt,10,webtable-la2m-v=12-distilroberta-dj_adpt~qwen3_8b-dj_adpt
animal_tag_data_b.pq,1.0,0.08333333333333333,1.0,0.08333333333333333,1.0,1.0,0.08333333333333333,1.0,0.4166666666666667,1.0,0.4166666666666667,1.0,1.0,0.4166666666666667,0.5,0.4166666666666667,1.0,0.8333333333333334,1.0,1.0,0.4166666666666667,0.5333333333333333,0.6666666666666666,0.8,1.0,1.0,1.0,0.5412393162393162,0.55,0.9166666666666666,0.6,1.0,1.0,1.0,0.6880598500083793,0.44,0.9166666666666666,0.48,1.0,1.0,1.0,0.6880598500083793,0.36666666666666664,0.9166666666666666,0.4,1.0,1.0,1.0,0.6880598500083793,0.3142857142857143,0.9166666666666666,0.34285714285714286,1.0,1.0,1.0,0.6880598500083793,0.275,0.9166666666666666,0.3,1.0,1.0,1.0,0.6880598500083793,0.24444444444444444,0.9166666666666666,0.26666666666666666,1.0,1.0,1.0,0.6880598500083793,0.22,0.9166666666666666,0.24,1.0,1.0,1.0,0.6880598500083793,llama_nemotron_8b-dj_adpt,10,webtable-la2m-v=12-distilroberta-dj_adpt~qwen3_8b-dj_adpt
practice_reference_b.pq,1.0,0.06666666666666667,1.0,0.06666666666666667,1.0,1.0,0.06666666666666667,1.0,0.3333333333333333,1.0,0.3333333333333333,1.0,1.0,0.3333333333333333,1.0,0.6666666666666666,1.0,0.6666666666666666,1.0,1.0,0.6666666666666666,1.0,1.0,1.0,1.0,1.0,1.0,1.0,0.75,1.0,0.75,1.0,1.0,1.0,1.0,0.6,1.0,0.6,1.0,1.0,1.0,1.0,0.5,1.0,0.5,1.0,1.0,1.0,1.0,0.42857142857142855,1.0,0.42857142857142855,1.0,1.0,1.0,1.0,0.375,1.0,0.375,1.0,1.0,1.0,1.0,0.3333333333333333,1.0,0.3333333333333333,1.0,1.0,1.0,1.0,0.3,1.0,0.3,1.0,1.0,1.0,1.0,llama_nemotron_8b-dj_adpt,10,webtable-la2m-v=12-distilroberta-dj_adpt~qwen3_8b-dj_adpt
prescribing_a.pq,1.0,0.06666666666666667,1.0,0.06666666666666667,1.0,1.0,0.06666666666666667,1.0,0.3333333333333333,1.0,0.3333333333333333,1.0,1.0,0.3333333333333333,0.8,0.5333333333333333,1.0,0.6666666666666666,1.0,1.0,0.5051851851851852,0.8666666666666667,0.8666666666666667,1.0,1.0,1.0,1.0,0.7866170866170866,0.65,0.8666666666666667,0.75,1.0,1.0,1.0,0.7866170866170866,0.52,0.8666666666666667,0.6,1.0,1.0,1.0,0.7866170866170866,0.43333333333333335,0.8666666666666667,0.5,1.0,1.0,1.0,0.7866170866170866,0.42857142857142855,1.0,0.42857142857142855,1.0,1.0,1.0,0.8426394955806721,0.375,1.0,0.375,1.0,1.0,1.0,0.8426394955806721,0.3333333333333333,1.0,0.3333333333333333,1.0,1.0,1.0,0.8426394955806721,0.3,1.0,0.3,1.0,1.0,1.0,0.8426394955806721,llama_nemotron_8b-dj_adpt,10,webtable-la2m-v=12-distilroberta-dj_adpt~qwen3_8b-dj_adpt
contributors_parties_a.pq,1.0,0.047619047619047616,1.0,0.047619047619047616,1.0,1.0,0.047619047619047616,0.8,0.19047619047619047,1.0,0.23809523809523808,1.0,1.0,0.15317460317460319,0.9,0.42857142857142855,1.0,0.47619047619047616,1.0,1.0,0.36052532123960696,0.8666666666666667,0.6190476190476191,1.0,0.7142857142857143,1.0,1.0,0.5356398892113178,0.8,0.7619047619047619,1.0,0.9523809523809523,1.0,1.0,0.6483661493059989,0.68,0.8095238095238095,0.84,1.0,1.0,1.0,0.6869149021404661,0.5666666666666667,0.8095238095238095,0.7,1.0,1.0,1.0,0.6869149021404661,0.4857142857142857,0.8095238095238095,0.6,1.0,1.0,1.0,0.6869149021404661,0.425,0.8095238095238095,0.525,1.0,1.0,1.0,0.6869149021404661,0.4222222222222222,0.9047619047619048,0.4666666666666667,1.0,1.0,1.0,0.7269542770635619,0.42,1.0,0.42,1.0,1.0,1.0,0.7689348065556548,llama_nemotron_8b-dj_adpt,10,webtable-la2m-v=12-distilroberta-dj_adpt~qwen3_8b-dj_adpt
purchasing_card_a.pq,1.0,0.07692307692307693,1.0,0.07692307692307693,1.0,1.0,0.07692307692307693,1.0,0.38461538461538464,1.0,0.38461538461538464,1.0,1.0,0.38461538461538464,0.6,0.46153846153846156,1.0,0.7692307692307693,1.0,1.0,0.46153846153846156,0.6,0.6923076923076923,0.8666666666666667,1.0,1.0,1.0,0.6150259996413843,0.45,0.6923076923076923,0.65,1.0,1.0,1.0,0.6150259996413843,0.36,0.6923076923076923,0.52,1.0,1.0,1.0,0.6150259996413843,0.4,0.9230769230769231,0.43333333333333335,1.0,1.0,1.0,0.7034629777335348,0.37142857142857144,1.0,0.37142857142857144,1.0,1.0,1.0,0.7357210422496638,0.325,1.0,0.325,1.0,1.0,1.0,0.7357210422496638,0.28888888888888886,1.0,0.28888888888888886,1.0,1.0,1.0,0.7357210422496638,0.26,1.0,0.26,1.0,1.0,1.0,0.7357210422496638,llama_nemotron_8b-dj_adpt,10,webtable-la2m-v=12-distilroberta-dj_adpt~qwen3_8b-dj_adpt
business_rates_a.pq,1.0,0.08333333333333333,1.0,0.08333333333333333,1.0,1.0,0.08333333333333333,0.2,0.08333333333333333,1.0,0.4166666666666667,1.0,1.0,0.08333333333333333,0.1,0.08333333333333333,1.0,0.8333333333333334,1.0,1.0,0.08333333333333333,0.06666666666666667,0.08333333333333333,0.8,1.0,1.0,1.0,0.08333333333333333,0.1,0.16666666666666666,0.6,1.0,1.0,1.0,0.09166666666666667,0.16,0.3333333333333333,0.48,1.0,1.0,1.0,0.11752305665349144,0.23333333333333334,0.5833333333333334,0.4,1.0,1.0,1.0,0.17152078306501095,0.22857142857142856,0.6666666666666666,0.34285714285714286,1.0,1.0,1.0,0.19302615940909695,0.2,0.6666666666666666,0.3,1.0,1.0,1.0,0.19302615940909695,0.24444444444444444,0.9166666666666666,0.26666666666666666,1.0,1.0,1.0,0.24977778418397756,0.24,1.0,0.24,1.0,1.0,1.0,0.27151691461876015,llama_nemotron_8b-dj_adpt,10,webtable-la2m-v=12-distilroberta-dj_adpt~qwen3_8b-dj_adpt
time_spent_watching_vcr_movies_a.pq,1.0,0.09090909090909091,1.0,0.09090909090909091,1.0,1.0,0.09090909090909091,0.2,0.09090909090909091,1.0,0.45454545454545453,1.0,1.0,0.09090909090909091,0.1,0.09090909090909091,1.0,0.9090909090909091,1.0,1.0,0.09090909090909091,0.06666666666666667,0.09090909090909091,0.7333333333333333,1.0,1.0,1.0,0.09090909090909091,0.1,0.18181818181818182,0.55,1.0,1.0,1.0,0.1,0.2,0.45454545454545453,0.44,1.0,1.0,1.0,0.14927878445665008,0.16666666666666666,0.45454545454545453,0.36666666666666664,1.0,1.0,1.0,0.14927878445665008,0.22857142857142856,0.7272727272727273,0.3142857142857143,1.0,1.0,1.0,0.20879902350401522,0.2,0.7272727272727273,0.275,1.0,1.0,1.0,0.20879902350401522,0.17777777777777778,0.7272727272727273,0.24444444444444444,1.0,1.0,1.0,0.20879902350401522,0.16,0.7272727272727273,0.22,1.0,1.0,1.0,0.20879902350401522,llama_nemotron_8b-dj_adpt,10,webtable-la2m-v=12-distilroberta-dj_adpt~qwen3_8b-dj_adpt
lane_description_b.pq,1.0,0.0625,1.0,0.0625,1.0,1.0,0.0625,1.0,0.3125,1.0,0.3125,1.0,1.0,0.3125,1.0,0.625,1.0,0.625,1.0,1.0,0.625,1.0,0.9375,1.0,0.9375,1.0,1.0,0.9375,0.8,1.0,0.8,1.0,1.0,1.0,1.0,0.64,1.0,0.64,1.0,1.0,1.0,1.0,0.5333333333333333,1.0,0.5333333333333333,1.0,1.0,1.0,1.0,0.45714285714285713,1.0,0.45714285714285713,1.0,1.0,1.0,1.0,0.4,1.0,0.4,1.0,1.0,1.0,1.0,0.35555555555555557,1.0,0.35555555555555557,1.0,1.0,1.0,1.0,0.32,1.0,0.32,1.0,1.0,1.0,1.0,llama_nemotron_8b-dj_adpt,10,webtable-la2m-v=12-distilroberta-dj_adpt~qwen3_8b-dj_adpt
wholesale_markets_a.pq,1.0,0.09090909090909091,1.0,0.09090909090909091,1.0,1.0,0.09090909090909091,0.2,0.09090909090909091,1.0,0.45454545454545453,1.0,1.0,0.09090909090909091,0.1,0.09090909090909091,1.0,0.9090909090909091,1.0,1.0,0.09090909090909091,0.06666666666666667,0.09090909090909091,0.7333333333333333,1.0,1.0,1.0,0.09090909090909091,0.05,0.09090909090909091,0.55,1.0,1.0,1.0,0.09090909090909091,0.04,0.09090909090909091,0.44,1.0,1.0,1.0,0.09090909090909091,0.03333333333333333,0.09090909090909091,0.36666666666666664,1.0,1.0,1.0,0.09090909090909091,0.02857142857142857,0.09090909090909091,0.3142857142857143,1.0,1.0,1.0,0.09090909090909091,0.025,0.09090909090909091,0.275,1.0,1.0,1.0,0.09090909090909091,0.022222222222222223,0.09090909090909091,0.24444444444444444,1.0,1.0,1.0,0.09090909090909091,0.02,0.09090909090909091,0.22,1.0,1.0,1.0,0.09090909090909091,llama_nemotron_8b-dj_adpt,10,webtable-la2m-v=12-distilroberta-dj_adpt~qwen3_8b-dj_adpt
animal_tag_data_a.pq,1.0,0.08333333333333333,1.0,0.08333333333333333,1.0,1.0,0.08333333333333333,0.2,0.08333333333333333,1.0,0.4166666666666667,1.0,1.0,0.08333333333333333,0.1,0.08333333333333333,1.0,0.8333333333333334,1.0,1.0,0.08333333333333333,0.06666666666666667,0.08333333333333333,0.8,1.0,1.0,1.0,0.08333333333333333,0.05,0.08333333333333333,0.6,1.0,1.0,1.0,0.08333333333333333,0.04,0.08333333333333333,0.48,1.0,1.0,1.0,0.08333333333333333,0.03333333333333333,0.08333333333333333,0.4,1.0,1.0,1.0,0.08333333333333333,0.17142857142857143,0.5,0.34285714285714286,1.0,1.0,1.0,0.13316380376686354,0.225,0.75,0.3,1.0,1.0,1.0,0.1843586980538631,0.24444444444444444,0.9166666666666666,0.26666666666666666,1.0,1.0,1.0,0.22650929813129242,0.22,0.9166666666666666,0.24,1.0,1.0,1.0,0.22650929813129242,llama_nemotron_8b-dj_adpt,10,webtable-la2m-v=12-distilroberta-dj_adpt~qwen3_8b-dj_adpt
lane_description_a.pq,1.0,0.0625,1.0,0.0625,1.0,1.0,0.0625,1.0,0.3125,1.0,0.3125,1.0,1.0,0.3125,0.8,0.5,1.0,0.625,1.0,1.0,0.5,0.6,0.5625,1.0,0.9375,1.0,1.0,0.5432692307692307,0.5,0.625,0.8,1.0,1.0,1.0,0.5779914529914529,0.44,0.6875,0.64,1.0,1.0,1.0,0.6066372863247863,0.4666666666666667,0.875,0.5333333333333333,1.0,1.0,1.0,0.6947426994301994,0.45714285714285713,1.0,0.45714285714285713,1.0,1.0,1.0,0.7543426047332298,0.4,1.0,0.4,1.0,1.0,1.0,0.7543426047332298,0.35555555555555557,1.0,0.35555555555555557,1.0,1.0,1.0,0.7543426047332298,0.32,1.0,0.32,1.0,1.0,1.0,0.7543426047332298,llama_nemotron_8b-dj_adpt,10,webtable-la2m-v=12-distilroberta-dj_adpt~qwen3_8b-dj_adpt
311_calls_historic_data_a.pq,1.0,0.09090909090909091,1.0,0.09090909090909091,1.0,1.0,0.09090909090909091,0.2,0.09090909090909091,1.0,0.45454545454545453,1.0,1.0,0.09090909090909091,0.1,0.09090909090909091,1.0,0.9090909090909091,1.0,1.0,0.09090909090909091,0.06666666666666667,0.09090909090909091,0.7333333333333333,1.0,1.0,1.0,0.09090909090909091,0.05,0.09090909090909091,0.55,1.0,1.0,1.0,0.09090909090909091,0.04,0.09090909090909091,0.44,1.0,1.0,1.0,0.09090909090909091,0.03333333333333333,0.09090909090909091,0.36666666666666664,1.0,1.0,1.0,0.09090909090909091,0.02857142857142857,0.09090909090909091,0.3142857142857143,1.0,1.0,1.0,0.09090909090909091,0.025,0.09090909090909091,0.275,1.0,1.0,1.0,0.09090909090909091,0.022222222222222223,0.09090909090909091,0.24444444444444444,1.0,1.0,1.0,0.09090909090909091,0.02,0.09090909090909091,0.22,1.0,1.0,1.0,0.09090909090909091,llama_nemotron_8b-dj_adpt,10,webtable-la2m-v=12-distilroberta-dj_adpt~qwen3_8b-dj_adpt
civic_building_locations_a.pq,1.0,0.08333333333333333,1.0,0.08333333333333333,1.0,1.0,0.08333333333333333,0.6,0.25,1.0,0.4166666666666667,1.0,1.0,0.22916666666666666,0.4,0.3333333333333333,1.0,0.8333333333333334,1.0,1.0,0.2662037037037037,0.26666666666666666,0.3333333333333333,0.8,1.0,1.0,1.0,0.2662037037037037,0.2,0.3333333333333333,0.6,1.0,1.0,1.0,0.2662037037037037,0.16,0.3333333333333333,0.48,1.0,1.0,1.0,0.2662037037037037,0.13333333333333333,0.3333333333333333,0.4,1.0,1.0,1.0,0.2662037037037037,0.17142857142857143,0.5,0.34285714285714286,1.0,1.0,1.0,0.29393027820447176,0.175,0.5833333333333334,0.3,1.0,1.0,1.0,0.3088875431617367,0.15555555555555556,0.5833333333333334,0.26666666666666666,1.0,1.0,1.0,0.3088875431617367,0.14,0.5833333333333334,0.24,1.0,1.0,1.0,0.3088875431617367,llama_nemotron_8b-dj_adpt,10,webtable-la2m-v=12-distilroberta-dj_adpt~qwen3_8b-dj_adpt
abandoned_wells_a.pq,1.0,0.09090909090909091,1.0,0.09090909090909091,1.0,1.0,0.09090909090909091,1.0,0.45454545454545453,1.0,0.45454545454545453,1.0,1.0,0.45454545454545453,1.0,0.9090909090909091,1.0,0.9090909090909091,1.0,1.0,0.9090909090909091,0.7333333333333333,1.0,0.7333333333333333,1.0,1.0,1.0,0.9924242424242423,0.55,1.0,0.55,1.0,1.0,1.0,0.9924242424242423,0.44,1.0,0.44,1.0,1.0,1.0,0.9924242424242423,0.36666666666666664,1.0,0.36666666666666664,1.0,1.0,1.0,0.9924242424242423,0.3142857142857143,1.0,0.3142857142857143,1.0,1.0,1.0,0.9924242424242423,0.275,1.0,0.275,1.0,1.0,1.0,0.9924242424242423,0.24444444444444444,1.0,0.24444444444444444,1.0,1.0,1.0,0.9924242424242423,0.22,1.0,0.22,1.0,1.0,1.0,0.9924242424242423,llama_nemotron_8b-dj_adpt,10,webtable-la2m-v=12-distilroberta-dj_adpt~qwen3_8b-dj_adpt
data_mill_b.pq,1.0,0.07142857142857142,1.0,0.07142857142857142,1.0,1.0,0.07142857142857142,0.4,0.14285714285714285,1.0,0.35714285714285715,1.0,1.0,0.14285714285714285,0.2,0.14285714285714285,1.0,0.7142857142857143,1.0,1.0,0.14285714285714285,0.13333333333333333,0.14285714285714285,0.9333333333333333,1.0,1.0,1.0,0.14285714285714285,0.1,0.14285714285714285,0.7,1.0,1.0,1.0,0.14285714285714285,0.12,0.21428571428571427,0.56,1.0,1.0,1.0,0.1525974025974026,0.13333333333333333,0.2857142857142857,0.4666666666666667,1.0,1.0,1.0,0.1621212121212121,0.17142857142857143,0.42857142857142855,0.4,1.0,1.0,1.0,0.18662896243541405,0.175,0.5,0.35,1.0,1.0,1.0,0.20051785132430294,0.15555555555555556,0.5,0.3111111111111111,1.0,1.0,1.0,0.20051785132430294,0.18,0.6428571428571429,0.28,1.0,1.0,1.0,0.22554214675676162,llama_nemotron_8b-dj_adpt,10,webtable-la2m-v=12-distilroberta-dj_adpt~qwen3_8b-dj_adpt
ipopayments_a.pq,1.0,0.06666666666666667,1.0,0.06666666666666667,1.0,1.0,0.06666666666666667,1.0,0.3333333333333333,1.0,0.3333333333333333,1.0,1.0,0.3333333333333333,0.9,0.6,1.0,0.6666666666666666,1.0,1.0,0.6,0.6,0.6,1.0,1.0,1.0,1.0,0.6,0.45,0.6,0.75,1.0,1.0,1.0,0.6,0.36,0.6,0.6,1.0,1.0,1.0,0.6,0.3,0.6,0.5,1.0,1.0,1.0,0.6,0.2571428571428571,0.6,0.42857142857142855,1.0,1.0,1.0,0.6,0.225,0.6,0.375,1.0,1.0,1.0,0.6,0.2,0.6,0.3333333333333333,1.0,1.0,1.0,0.6,0.24,0.8,0.3,1.0,1.0,1.0,0.6448548752834466,llama_nemotron_8b-dj_adpt,10,webtable-la2m-v=12-distilroberta-dj_adpt~qwen3_8b-dj_adpt
job_pay_scales_a.pq,1.0,0.06666666666666667,1.0,0.06666666666666667,1.0,1.0,0.06666666666666667,1.0,0.3333333333333333,1.0,0.3333333333333333,1.0,1.0,0.3333333333333333,1.0,0.6666666666666666,1.0,0.6666666666666666,1.0,1.0,0.6666666666666666,0.8666666666666667,0.8666666666666667,1.0,1.0,1.0,1.0,0.8666666666666667,0.65,0.8666666666666667,0.75,1.0,1.0,1.0,0.8666666666666667,0.56,0.9333333333333333,0.6,1.0,1.0,1.0,0.9072463768115943,0.4666666666666667,0.9333333333333333,0.5,1.0,1.0,1.0,0.9072463768115943,0.4,0.9333333333333333,0.42857142857142855,1.0,1.0,1.0,0.9072463768115943,0.35,0.9333333333333333,0.375,1.0,1.0,1.0,0.9072463768115943,0.3333333333333333,1.0,0.3333333333333333,1.0,1.0,1.0,0.931055900621118,0.3,1.0,0.3,1.0,1.0,1.0,0.931055900621118,llama_nemotron_8b-dj_adpt,10,webtable-la2m-v=12-distilroberta-dj_adpt~qwen3_8b-dj_adpt
complaint_by_practice_a.pq,1.0,0.07692307692307693,1.0,0.07692307692307693,1.0,1.0,0.07692307692307693,0.2,0.07692307692307693,1.0,0.38461538461538464,1.0,1.0,0.07692307692307693,0.4,0.3076923076923077,1.0,0.7692307692307693,1.0,1.0,0.16193528693528694,0.26666666666666666,0.3076923076923077,0.8666666666666667,1.0,1.0,1.0,0.16193528693528694,0.2,0.3076923076923077,0.65,1.0,1.0,1.0,0.16193528693528694,0.16,0.3076923076923077,0.52,1.0,1.0,1.0,0.16193528693528694,0.13333333333333333,0.3076923076923077,0.43333333333333335,1.0,1.0,1.0,0.16193528693528694,0.11428571428571428,0.3076923076923077,0.37142857142857144,1.0,1.0,1.0,0.16193528693528694,0.1,0.3076923076923077,0.325,1.0,1.0,1.0,0.16193528693528694,0.08888888888888889,0.3076923076923077,0.28888888888888886,1.0,1.0,1.0,0.16193528693528694,0.08,0.3076923076923077,0.26,1.0,1.0,1.0,0.16193528693528694,llama_nemotron_8b-dj_adpt,10,webtable-la2m-v=12-distilroberta-dj_adpt~qwen3_8b-dj_adpt
deaths_2012_2018_a.pq,1.0,0.09090909090909091,1.0,0.09090909090909091,1.0,1.0,0.09090909090909091,0.8,0.36363636363636365,1.0,0.45454545454545453,1.0,1.0,0.34545454545454546,0.6,0.5454545454545454,1.0,0.9090909090909091,1.0,1.0,0.49913419913419915,0.4,0.5454545454545454,0.7333333333333333,1.0,1.0,1.0,0.49913419913419915,0.4,0.7272727272727273,0.55,1.0,1.0,1.0,0.5708513708513708,0.4,0.9090909090909091,0.44,1.0,1.0,1.0,0.644303281259803,0.3333333333333333,0.9090909090909091,0.36666666666666664,1.0,1.0,1.0,0.644303281259803,0.3142857142857143,1.0,0.3142857142857143,1.0,1.0,1.0,0.6728747098312315,0.275,1.0,0.275,1.0,1.0,1.0,0.6728747098312315,0.24444444444444444,1.0,0.24444444444444444,1.0,1.0,1.0,0.6728747098312315,0.22,1.0,0.22,1.0,1.0,1.0,0.6728747098312315,llama_nemotron_8b-dj_adpt,10,webtable-la2m-v=12-distilroberta-dj_adpt~qwen3_8b-dj_adpt
mines_b.pq,1.0,0.07142857142857142,1.0,0.07142857142857142,1.0,1.0,0.07142857142857142,0.4,0.14285714285714285,1.0,0.35714285714285715,1.0,1.0,0.09999999999999999,0.2,0.14285714285714285,1.0,0.7142857142857143,1.0,1.0,0.09999999999999999,0.13333333333333333,0.14285714285714285,0.9333333333333333,1.0,1.0,1.0,0.09999999999999999,0.1,0.14285714285714285,0.7,1.0,1.0,1.0,0.09999999999999999,0.08,0.14285714285714285,0.56,1.0,1.0,1.0,0.09999999999999999,0.06666666666666667,0.14285714285714285,0.4666666666666667,1.0,1.0,1.0,0.09999999999999999,0.05714285714285714,0.14285714285714285,0.4,1.0,1.0,1.0,0.09999999999999999,0.05,0.14285714285714285,0.35,1.0,1.0,1.0,0.09999999999999999,0.044444444444444446,0.14285714285714285,0.3111111111111111,1.0,1.0,1.0,0.09999999999999999,0.06,0.21428571428571427,0.28,1.0,1.0,1.0,0.1044642857142857,llama_nemotron_8b-dj_adpt,10,webtable-la2m-v=12-distilroberta-dj_adpt~qwen3_8b-dj_adpt
oil_and_gas_summary_production_data_1967_1999_a.pq,1.0,0.09090909090909091,1.0,0.09090909090909091,1.0,1.0,0.09090909090909091,0.8,0.36363636363636365,1.0,0.45454545454545453,1.0,1.0,0.36363636363636365,0.4,0.36363636363636365,1.0,0.9090909090909091,1.0,1.0,0.36363636363636365,0.3333333333333333,0.45454545454545453,0.7333333333333333,1.0,1.0,1.0,0.3939393939393939,0.3,0.5454545454545454,0.55,1.0,1.0,1.0,0.42121212121212115,0.24,0.5454545454545454,0.44,1.0,1.0,1.0,0.42121212121212115,0.2,0.5454545454545454,0.36666666666666664,1.0,1.0,1.0,0.42121212121212115,0.2,0.6363636363636364,0.3142857142857143,1.0,1.0,1.0,0.4393939393939394,0.275,1.0,0.275,1.0,1.0,1.0,0.5312734523260839,0.24444444444444444,1.0,0.24444444444444444,1.0,1.0,1.0,0.5312734523260839,0.22,1.0,0.22,1.0,1.0,1.0,0.5312734523260839,llama_nemotron_8b-dj_adpt,10,webtable-la2m-v=12-distilroberta-dj_adpt~qwen3_8b-dj_adpt
immigration_records_a.pq,1.0,0.0625,1.0,0.0625,1.0,1.0,0.0625,1.0,0.3125,1.0,0.3125,1.0,1.0,0.3125,0.7,0.4375,1.0,0.625,1.0,1.0,0.4375,0.8,0.75,1.0,0.9375,1.0,1.0,0.6770136113886114,0.65,0.8125,0.8,1.0,1.0,1.0,0.7248077290356703,0.52,0.8125,0.64,1.0,1.0,1.0,0.7248077290356703,0.43333333333333335,0.8125,0.5333333333333333,1.0,1.0,1.0,0.7248077290356703,0.37142857142857144,0.8125,0.45714285714285713,1.0,1.0,1.0,0.7248077290356703,0.325,0.8125,0.4,1.0,1.0,1.0,0.7248077290356703,0.28888888888888886,0.8125,0.35555555555555557,1.0,1.0,1.0,0.7248077290356703,0.26,0.8125,0.32,1.0,1.0,1.0,0.7248077290356703,llama_nemotron_8b-dj_adpt,10,webtable-la2m-v=12-distilroberta-dj_adpt~qwen3_8b-dj_adpt
prescribing_b.pq,1.0,0.06666666666666667,1.0,0.06666666666666667,1.0,1.0,0.06666666666666667,1.0,0.3333333333333333,1.0,0.3333333333333333,1.0,1.0,0.3333333333333333,0.8,0.5333333333333333,1.0,0.6666666666666666,1.0,1.0,0.5051851851851852,0.8666666666666667,0.8666666666666667,1.0,1.0,1.0,1.0,0.7866170866170866,0.65,0.8666666666666667,0.75,1.0,1.0,1.0,0.7866170866170866,0.52,0.8666666666666667,0.6,1.0,1.0,1.0,0.7866170866170866,0.43333333333333335,0.8666666666666667,0.5,1.0,1.0,1.0,0.7866170866170866,0.42857142857142855,1.0,0.42857142857142855,1.0,1.0,1.0,0.8443116796057972,0.375,1.0,0.375,1.0,1.0,1.0,0.8443116796057972,0.3333333333333333,1.0,0.3333333333333333,1.0,1.0,1.0,0.8443116796057972,0.3,1.0,0.3,1.0,1.0,1.0,0.8443116796057972,llama_nemotron_8b-dj_adpt,10,webtable-la2m-v=12-distilroberta-dj_adpt~qwen3_8b-dj_adpt
film_locations_in_san_francisco_a.pq,1.0,0.07692307692307693,1.0,0.07692307692307693,1.0,1.0,0.07692307692307693,1.0,0.38461538461538464,1.0,0.38461538461538464,1.0,1.0,0.38461538461538464,0.9,0.6923076923076923,1.0,0.7692307692307693,1.0,1.0,0.6923076923076923,0.8,0.9230769230769231,0.8666666666666667,1.0,1.0,1.0,0.8734573119188505,0.65,1.0,0.65,1.0,1.0,1.0,0.9359573119188505,0.52,1.0,0.52,1.0,1.0,1.0,0.9359573119188505,0.43333333333333335,1.0,0.43333333333333335,1.0,1.0,1.0,0.9359573119188505,0.37142857142857144,1.0,0.37142857142857144,1.0,1.0,1.0,0.9359573119188505,0.325,1.0,0.325,1.0,1.0,1.0,0.9359573119188505,0.28888888888888886,1.0,0.28888888888888886,1.0,1.0,1.0,0.9359573119188505,0.26,1.0,0.26,1.0,1.0,1.0,0.9359573119188505,llama_nemotron_8b-dj_adpt,10,webtable-la2m-v=12-distilroberta-dj_adpt~qwen3_8b-dj_adpt
practice_reference_a.pq,1.0,0.06666666666666667,1.0,0.06666666666666667,1.0,1.0,0.06666666666666667,1.0,0.3333333333333333,1.0,0.3333333333333333,1.0,1.0,0.3333333333333333,1.0,0.6666666666666666,1.0,0.6666666666666666,1.0,1.0,0.6666666666666666,1.0,1.0,1.0,1.0,1.0,1.0,1.0,0.75,1.0,0.75,1.0,1.0,1.0,1.0,0.6,1.0,0.6,1.0,1.0,1.0,1.0,0.5,1.0,0.5,1.0,1.0,1.0,1.0,0.42857142857142855,1.0,0.42857142857142855,1.0,1.0,1.0,1.0,0.375,1.0,0.375,1.0,1.0,1.0,1.0,0.3333333333333333,1.0,0.3333333333333333,1.0,1.0,1.0,1.0,0.3,1.0,0.3,1.0,1.0,1.0,1.0,llama_nemotron_8b-dj_adpt,10,webtable-la2m-v=12-distilroberta-dj_adpt~qwen3_8b-dj_adpt
psyckes_antipsychotic_polypharmacy_quality_indicators_beginning_2012_a.pq,1.0,0.09090909090909091,1.0,0.09090909090909091,1.0,1.0,0.09090909090909091,0.2,0.09090909090909091,1.0,0.45454545454545453,1.0,1.0,0.09090909090909091,0.1,0.09090909090909091,1.0,0.9090909090909091,1.0,1.0,0.09090909090909091,0.06666666666666667,0.09090909090909091,0.7333333333333333,1.0,1.0,1.0,0.09090909090909091,0.05,0.09090909090909091,0.55,1.0,1.0,1.0,0.09090909090909091,0.12,0.2727272727272727,0.44,1.0,1.0,1.0,0.11017786561264821,0.23333333333333334,0.6363636363636364,0.36666666666666664,1.0,1.0,1.0,0.1799005439560162,0.3142857142857143,1.0,0.3142857142857143,1.0,1.0,1.0,0.28588911040365633,0.275,1.0,0.275,1.0,1.0,1.0,0.28588911040365633,0.24444444444444444,1.0,0.24444444444444444,1.0,1.0,1.0,0.28588911040365633,0.22,1.0,0.22,1.0,1.0,1.0,0.28588911040365633,llama_nemotron_8b-dj_adpt,10,webtable-la2m-v=12-distilroberta-dj_adpt~qwen3_8b-dj_adpt
report_card_discipline_for_2015_16_a.pq,1.0,0.09090909090909091,1.0,0.09090909090909091,1.0,1.0,0.09090909090909091,0.2,0.09090909090909091,1.0,0.45454545454545453,1.0,1.0,0.09090909090909091,0.1,0.09090909090909091,1.0,0.9090909090909091,1.0,1.0,0.09090909090909091,0.06666666666666667,0.09090909090909091,0.7333333333333333,1.0,1.0,1.0,0.09090909090909091,0.2,0.36363636363636365,0.55,1.0,1.0,1.0,0.13493761140819965,0.28,0.6363636363636364,0.44,1.0,1.0,1.0,0.2058293349679074,0.26666666666666666,0.7272727272727273,0.36666666666666664,1.0,1.0,1.0,0.23276536190393432,0.2857142857142857,0.9090909090909091,0.3142857142857143,1.0,1.0,1.0,0.28280355900095494,0.275,1.0,0.275,1.0,1.0,1.0,0.31058133677873273,0.24444444444444444,1.0,0.24444444444444444,1.0,1.0,1.0,0.31058133677873273,0.22,1.0,0.22,1.0,1.0,1.0,0.31058133677873273,llama_nemotron_8b-dj_adpt,10,webtable-la2m-v=12-distilroberta-dj_adpt~qwen3_8b-dj_adpt
minister_meetings_a.pq,1.0,0.1,1.0,0.1,1.0,1.0,0.1,0.8,0.4,1.0,0.5,1.0,1.0,0.4,0.4,0.4,1.0,1.0,1.0,1.0,0.4,0.3333333333333333,0.5,0.6666666666666666,1.0,1.0,1.0,0.4333333333333333,0.25,0.5,0.5,1.0,1.0,1.0,0.4333333333333333,0.2,0.5,0.4,1.0,1.0,1.0,0.4333333333333333,0.16666666666666666,0.5,0.3333333333333333,1.0,1.0,1.0,0.4333333333333333,0.14285714285714285,0.5,0.2857142857142857,1.0,1.0,1.0,0.4333333333333333,0.125,0.5,0.25,1.0,1.0,1.0,0.4333333333333333,0.1111111111111111,0.5,0.2222222222222222,1.0,1.0,1.0,0.4333333333333333,0.1,0.5,0.2,1.0,1.0,1.0,0.4333333333333333,llama_nemotron_8b-dj_adpt,10,webtable-la2m-v=12-distilroberta-dj_adpt~qwen3_8b-dj_adpt
ydn_spending_data_b.pq,1.0,0.08333333333333333,1.0,0.08333333333333333,1.0,1.0,0.08333333333333333,1.0,0.4166666666666667,1.0,0.4166666666666667,1.0,1.0,0.4166666666666667,1.0,0.8333333333333334,1.0,0.8333333333333334,1.0,1.0,0.8333333333333334,0.6666666666666666,0.8333333333333334,0.8,1.0,1.0,1.0,0.8333333333333334,0.5,0.8333333333333334,0.6,1.0,1.0,1.0,0.8333333333333334,0.48,1.0,0.48,1.0,1.0,1.0,0.9184782608695653,0.4,1.0,0.4,1.0,1.0,1.0,0.9184782608695653,0.34285714285714286,1.0,0.34285714285714286,1.0,1.0,1.0,0.9184782608695653,0.3,1.0,0.3,1.0,1.0,1.0,0.9184782608695653,0.26666666666666666,1.0,0.26666666666666666,1.0,1.0,1.0,0.9184782608695653,0.24,1.0,0.24,1.0,1.0,1.0,0.9184782608695653,llama_nemotron_8b-dj_adpt,10,webtable-la2m-v=12-distilroberta-dj_adpt~qwen3_8b-dj_adpt
mines_a.pq,1.0,0.07142857142857142,1.0,0.07142857142857142,1.0,1.0,0.07142857142857142,1.0,0.35714285714285715,1.0,0.35714285714285715,1.0,1.0,0.35714285714285715,1.0,0.7142857142857143,1.0,0.7142857142857143,1.0,1.0,0.7142857142857143,0.6666666666666666,0.7142857142857143,0.9333333333333333,1.0,1.0,1.0,0.7142857142857143,0.5,0.7142857142857143,0.7,1.0,1.0,1.0,0.7142857142857143,0.4,0.7142857142857143,0.56,1.0,1.0,1.0,0.7142857142857143,0.36666666666666664,0.7857142857142857,0.4666666666666667,1.0,1.0,1.0,0.7433862433862434,0.3142857142857143,0.7857142857142857,0.4,1.0,1.0,1.0,0.7433862433862434,0.275,0.7857142857142857,0.35,1.0,1.0,1.0,0.7433862433862434,0.24444444444444444,0.7857142857142857,0.3111111111111111,1.0,1.0,1.0,0.7433862433862434,0.26,0.9285714285714286,0.28,1.0,1.0,1.0,0.7813650218541522,llama_nemotron_8b-dj_adpt,10,webtable-la2m-v=12-distilroberta-dj_adpt~qwen3_8b-dj_adpt
stockport_contracts_a.pq,1.0,0.07692307692307693,1.0,0.07692307692307693,1.0,1.0,0.07692307692307693,0.2,0.07692307692307693,1.0,0.38461538461538464,1.0,1.0,0.07692307692307693,0.1,0.07692307692307693,1.0,0.7692307692307693,1.0,1.0,0.07692307692307693,0.06666666666666667,0.07692307692307693,0.8666666666666667,1.0,1.0,1.0,0.07692307692307693,0.1,0.15384615384615385,0.65,1.0,1.0,1.0,0.08547008547008547,0.12,0.23076923076923078,0.52,1.0,1.0,1.0,0.09645909645909646,0.1,0.23076923076923078,0.43333333333333335,1.0,1.0,1.0,0.09645909645909646,0.08571428571428572,0.23076923076923078,0.37142857142857144,1.0,1.0,1.0,0.09645909645909646,0.1,0.3076923076923077,0.325,1.0,1.0,1.0,0.10455626245099928,0.1111111111111111,0.38461538461538464,0.28888888888888886,1.0,1.0,1.0,0.11350080627926405,0.14,0.5384615384615384,0.26,1.0,1.0,1.0,0.13430348186454832,llama_nemotron_8b-dj_adpt,10,webtable-la2m-v=12-distilroberta-dj_adpt~qwen3_8b-dj_adpt
workforce_management_information_a.pq,1.0,0.05555555555555555,1.0,0.05555555555555555,1.0,1.0,0.05555555555555555,1.0,0.2777777777777778,1.0,0.2777777777777778,1.0,1.0,0.2777777777777778,1.0,0.5555555555555556,1.0,0.5555555555555556,1.0,1.0,0.5555555555555556,0.9333333333333333,0.7777777777777778,1.0,0.8333333333333334,1.0,1.0,0.7740740740740741,0.8,0.8888888888888888,0.9,1.0,1.0,1.0,0.872476397966594,0.68,0.9444444444444444,0.72,1.0,1.0,1.0,0.9102541757443718,0.6,1.0,0.6,1.0,1.0,1.0,0.9487157142059102,0.5142857142857142,1.0,0.5142857142857142,1.0,1.0,1.0,0.9487157142059102,0.45,1.0,0.45,1.0,1.0,1.0,0.9487157142059102,0.4,1.0,0.4,1.0,1.0,1.0,0.9487157142059102,0.36,1.0,0.36,1.0,1.0,1.0,0.9487157142059102,llama_nemotron_8b-dj_adpt,10,webtable-la2m-v=12-distilroberta-dj_adpt~qwen3_8b-dj_adpt
tuition_assistance_program_tap_recipients_a.pq,1.0,0.09090909090909091,1.0,0.09090909090909091,1.0,1.0,0.09090909090909091,1.0,0.45454545454545453,1.0,0.45454545454545453,1.0,1.0,0.45454545454545453,1.0,0.9090909090909091,1.0,0.9090909090909091,1.0,1.0,0.9090909090909091,0.7333333333333333,1.0,0.7333333333333333,1.0,1.0,1.0,1.0,0.55,1.0,0.55,1.0,1.0,1.0,1.0,0.44,1.0,0.44,1.0,1.0,1.0,1.0,0.36666666666666664,1.0,0.36666666666666664,1.0,1.0,1.0,1.0,0.3142857142857143,1.0,0.3142857142857143,1.0,1.0,1.0,1.0,0.275,1.0,0.275,1.0,1.0,1.0,1.0,0.24444444444444444,1.0,0.24444444444444444,1.0,1.0,1.0,1.0,0.22,1.0,0.22,1.0,1.0,1.0,1.0,qwen3_8b-dj_adpt,11,webtable-la2m-v=12-distilroberta-dj_adpt~qwen3_8b-dj_adpt
business_rates_a.pq,1.0,0.08333333333333333,1.0,0.08333333333333333,1.0,1.0,0.08333333333333333,0.8,0.3333333333333333,1.0,0.4166666666666667,1.0,1.0,0.3333333333333333,0.8,0.6666666666666666,1.0,0.8333333333333334,1.0,1.0,0.6211970899470899,0.7333333333333333,0.9166666666666666,0.8,1.0,1.0,1.0,0.8189576627076627,0.6,1.0,0.6,1.0,1.0,1.0,0.8777811921194275,0.48,1.0,0.48,1.0,1.0,1.0,0.8777811921194275,0.4,1.0,0.4,1.0,1.0,1.0,0.8777811921194275,0.34285714285714286,1.0,0.34285714285714286,1.0,1.0,1.0,0.8777811921194275,0.3,1.0,0.3,1.0,1.0,1.0,0.8777811921194275,0.26666666666666666,1.0,0.26666666666666666,1.0,1.0,1.0,0.8777811921194275,0.24,1.0,0.24,1.0,1.0,1.0,0.8777811921194275,qwen3_8b-dj_adpt,11,webtable-la2m-v=12-distilroberta-dj_adpt~qwen3_8b-dj_adpt
cihr_co-applicant_b.pq,1.0,0.08333333333333333,1.0,0.08333333333333333,1.0,1.0,0.08333333333333333,1.0,0.4166666666666667,1.0,0.4166666666666667,1.0,1.0,0.4166666666666667,1.0,0.8333333333333334,1.0,0.8333333333333334,1.0,1.0,0.8333333333333334,0.8,1.0,0.8,1.0,1.0,1.0,1.0,0.6,1.0,0.6,1.0,1.0,1.0,1.0,0.48,1.0,0.48,1.0,1.0,1.0,1.0,0.4,1.0,0.4,1.0,1.0,1.0,1.0,0.34285714285714286,1.0,0.34285714285714286,1.0,1.0,1.0,1.0,0.3,1.0,0.3,1.0,1.0,1.0,1.0,0.26666666666666666,1.0,0.26666666666666666,1.0,1.0,1.0,1.0,0.24,1.0,0.24,1.0,1.0,1.0,1.0,qwen3_8b-dj_adpt,11,webtable-la2m-v=12-distilroberta-dj_adpt~qwen3_8b-dj_adpt
cdc_nutrition_physical_activity_and_obesity_legislation_a.pq,1.0,0.09090909090909091,1.0,0.09090909090909091,1.0,1.0,0.09090909090909091,0.4,0.18181818181818182,1.0,0.45454545454545453,1.0,1.0,0.18181818181818182,0.2,0.18181818181818182,1.0,0.9090909090909091,1.0,1.0,0.18181818181818182,0.3333333333333333,0.45454545454545453,0.7333333333333333,1.0,1.0,1.0,0.2590742590742591,0.5,0.9090909090909091,0.55,1.0,1.0,1.0,0.45951911006090573,0.44,1.0,0.44,1.0,1.0,1.0,0.5071381576799534,0.36666666666666664,1.0,0.36666666666666664,1.0,1.0,1.0,0.5071381576799534,0.3142857142857143,1.0,0.3142857142857143,1.0,1.0,1.0,0.5071381576799534,0.275,1.0,0.275,1.0,1.0,1.0,0.5071381576799534,0.24444444444444444,1.0,0.24444444444444444,1.0,1.0,1.0,0.5071381576799534,0.22,1.0,0.22,1.0,1.0,1.0,0.5071381576799534,qwen3_8b-dj_adpt,11,webtable-la2m-v=12-distilroberta-dj_adpt~qwen3_8b-dj_adpt
ipopayments_b.pq,1.0,0.06666666666666667,1.0,0.06666666666666667,1.0,1.0,0.06666666666666667,1.0,0.3333333333333333,1.0,0.3333333333333333,1.0,1.0,0.3333333333333333,0.7,0.4666666666666667,1.0,0.6666666666666666,1.0,1.0,0.45185185185185184,0.8,0.8,1.0,1.0,1.0,1.0,0.7073330373330374,0.75,1.0,0.75,1.0,1.0,1.0,0.8719572203395732,0.6,1.0,0.6,1.0,1.0,1.0,0.8719572203395732,0.5,1.0,0.5,1.0,1.0,1.0,0.8719572203395732,0.42857142857142855,1.0,0.42857142857142855,1.0,1.0,1.0,0.8719572203395732,0.375,1.0,0.375,1.0,1.0,1.0,0.8719572203395732,0.3333333333333333,1.0,0.3333333333333333,1.0,1.0,1.0,0.8719572203395732,0.3,1.0,0.3,1.0,1.0,1.0,0.8719572203395732,qwen3_8b-dj_adpt,11,webtable-la2m-v=12-distilroberta-dj_adpt~qwen3_8b-dj_adpt
ydn_spending_data_a.pq,1.0,0.08333333333333333,1.0,0.08333333333333333,1.0,1.0,0.08333333333333333,0.4,0.16666666666666666,1.0,0.4166666666666667,1.0,1.0,0.16666666666666666,0.2,0.16666666666666666,1.0,0.8333333333333334,1.0,1.0,0.16666666666666666,0.13333333333333333,0.16666666666666666,0.8,1.0,1.0,1.0,0.16666666666666666,0.15,0.25,0.6,1.0,1.0,1.0,0.18137254901960784,0.12,0.25,0.48,1.0,1.0,1.0,0.18137254901960784,0.13333333333333333,0.3333333333333333,0.4,1.0,1.0,1.0,0.19327731092436976,0.17142857142857143,0.5,0.34285714285714286,1.0,1.0,1.0,0.21981792717086834,0.15,0.5,0.3,1.0,1.0,1.0,0.21981792717086834,0.17777777777777778,0.6666666666666666,0.26666666666666666,1.0,1.0,1.0,0.2481986334585514,0.16,0.6666666666666666,0.24,1.0,1.0,1.0,0.2481986334585514,qwen3_8b-dj_adpt,11,webtable-la2m-v=12-distilroberta-dj_adpt~qwen3_8b-dj_adpt
time_spent_watching_vcr_movies_a.pq,1.0,0.09090909090909091,1.0,0.09090909090909091,1.0,1.0,0.09090909090909091,0.2,0.09090909090909091,1.0,0.45454545454545453,1.0,1.0,0.09090909090909091,0.1,0.09090909090909091,1.0,0.9090909090909091,1.0,1.0,0.09090909090909091,0.2,0.2727272727272727,0.7333333333333333,1.0,1.0,1.0,0.12207792207792209,0.35,0.6363636363636364,0.55,1.0,1.0,1.0,0.23533901598917079,0.28,0.6363636363636364,0.44,1.0,1.0,1.0,0.23533901598917079,0.23333333333333334,0.6363636363636364,0.36666666666666664,1.0,1.0,1.0,0.23533901598917079,0.22857142857142856,0.7272727272727273,0.3142857142857143,1.0,1.0,1.0,0.25672939032072156,0.2,0.7272727272727273,0.275,1.0,1.0,1.0,0.25672939032072156,0.17777777777777778,0.7272727272727273,0.24444444444444444,1.0,1.0,1.0,0.25672939032072156,0.18,0.8181818181818182,0.22,1.0,1.0,1.0,0.273093026684358,qwen3_8b-dj_adpt,11,webtable-la2m-v=12-distilroberta-dj_adpt~qwen3_8b-dj_adpt
albums_b.pq,1.0,0.0625,1.0,0.0625,1.0,1.0,0.0625,1.0,0.3125,1.0,0.3125,1.0,1.0,0.3125,1.0,0.625,1.0,0.625,1.0,1.0,0.625,0.7333333333333333,0.6875,1.0,0.9375,1.0,1.0,0.6875,0.6,0.75,0.8,1.0,1.0,1.0,0.725,0.64,1.0,0.64,1.0,1.0,1.0,0.8858907396950875,0.5333333333333333,1.0,0.5333333333333333,1.0,1.0,1.0,0.8858907396950875,0.45714285714285713,1.0,0.45714285714285713,1.0,1.0,1.0,0.8858907396950875,0.4,1.0,0.4,1.0,1.0,1.0,0.8858907396950875,0.35555555555555557,1.0,0.35555555555555557,1.0,1.0,1.0,0.8858907396950875,0.32,1.0,0.32,1.0,1.0,1.0,0.8858907396950875,qwen3_8b-dj_adpt,11,webtable-la2m-v=12-distilroberta-dj_adpt~qwen3_8b-dj_adpt
immigration_records_a.pq,1.0,0.0625,1.0,0.0625,1.0,1.0,0.0625,0.6,0.1875,1.0,0.3125,1.0,1.0,0.1875,0.5,0.3125,1.0,0.625,1.0,1.0,0.2465277777777778,0.6666666666666666,0.625,1.0,0.9375,1.0,1.0,0.43738379675879674,0.5,0.625,0.8,1.0,1.0,1.0,0.43738379675879674,0.44,0.6875,0.64,1.0,1.0,1.0,0.46488379675879676,0.43333333333333335,0.8125,0.5333333333333333,1.0,1.0,1.0,0.5238225431975432,0.37142857142857144,0.8125,0.45714285714285713,1.0,1.0,1.0,0.5238225431975432,0.325,0.8125,0.4,1.0,1.0,1.0,0.5238225431975432,0.3111111111111111,0.875,0.35555555555555557,1.0,1.0,1.0,0.5451640066121773,0.28,0.875,0.32,1.0,1.0,1.0,0.5451640066121773,qwen3_8b-dj_adpt,11,webtable-la2m-v=12-distilroberta-dj_adpt~qwen3_8b-dj_adpt
minister_meetings_a.pq,1.0,0.1,1.0,0.1,1.0,1.0,0.1,0.8,0.4,1.0,0.5,1.0,1.0,0.4,0.4,0.4,1.0,1.0,1.0,1.0,0.4,0.26666666666666666,0.4,0.6666666666666666,1.0,1.0,1.0,0.4,0.2,0.4,0.5,1.0,1.0,1.0,0.4,0.16,0.4,0.4,1.0,1.0,1.0,0.4,0.13333333333333333,0.4,0.3333333333333333,1.0,1.0,1.0,0.4,0.11428571428571428,0.4,0.2857142857142857,1.0,1.0,1.0,0.4,0.1,0.4,0.25,1.0,1.0,1.0,0.4,0.08888888888888889,0.4,0.2222222222222222,1.0,1.0,1.0,0.4,0.1,0.5,0.2,1.0,1.0,1.0,0.41020408163265304,qwen3_8b-dj_adpt,11,webtable-la2m-v=12-distilroberta-dj_adpt~qwen3_8b-dj_adpt
data_mill_a.pq,1.0,0.07142857142857142,1.0,0.07142857142857142,1.0,1.0,0.07142857142857142,0.8,0.2857142857142857,1.0,0.35714285714285715,1.0,1.0,0.2857142857142857,0.9,0.6428571428571429,1.0,0.7142857142857143,1.0,1.0,0.5967403628117914,0.8,0.8571428571428571,0.9333333333333333,1.0,1.0,1.0,0.7779282225710797,0.65,0.9285714285714286,0.7,1.0,1.0,1.0,0.8268004030222075,0.52,0.9285714285714286,0.56,1.0,1.0,1.0,0.8268004030222075,0.4666666666666667,1.0,0.4666666666666667,1.0,1.0,1.0,0.8601337363555409,0.4,1.0,0.4,1.0,1.0,1.0,0.8601337363555409,0.35,1.0,0.35,1.0,1.0,1.0,0.8601337363555409,0.3111111111111111,1.0,0.3111111111111111,1.0,1.0,1.0,0.8601337363555409,0.28,1.0,0.28,1.0,1.0,1.0,0.8601337363555409,qwen3_8b-dj_adpt,11,webtable-la2m-v=12-distilroberta-dj_adpt~qwen3_8b-dj_adpt
lane_description_a.pq,1.0,0.0625,1.0,0.0625,1.0,1.0,0.0625,1.0,0.3125,1.0,0.3125,1.0,1.0,0.3125,0.9,0.5625,1.0,0.625,1.0,1.0,0.5414930555555556,0.8666666666666667,0.8125,1.0,0.9375,1.0,1.0,0.7674618783993784,0.8,1.0,0.8,1.0,1.0,1.0,0.9328519927784633,0.64,1.0,0.64,1.0,1.0,1.0,0.9328519927784633,0.5333333333333333,1.0,0.5333333333333333,1.0,1.0,1.0,0.9328519927784633,0.45714285714285713,1.0,0.45714285714285713,1.0,1.0,1.0,0.9328519927784633,0.4,1.0,0.4,1.0,1.0,1.0,0.9328519927784633,0.35555555555555557,1.0,0.35555555555555557,1.0,1.0,1.0,0.9328519927784633,0.32,1.0,0.32,1.0,1.0,1.0,0.9328519927784633,qwen3_8b-dj_adpt,11,webtable-la2m-v=12-distilroberta-dj_adpt~qwen3_8b-dj_adpt
prescribing_b.pq,1.0,0.06666666666666667,1.0,0.06666666666666667,1.0,1.0,0.06666666666666667,1.0,0.3333333333333333,1.0,0.3333333333333333,1.0,1.0,0.3333333333333333,0.8,0.5333333333333333,1.0,0.6666666666666666,1.0,1.0,0.5080687830687831,0.8666666666666667,0.8666666666666667,1.0,1.0,1.0,1.0,0.7895006845006844,0.75,1.0,0.75,1.0,1.0,1.0,0.9033895733895734,0.6,1.0,0.6,1.0,1.0,1.0,0.9033895733895734,0.5,1.0,0.5,1.0,1.0,1.0,0.9033895733895734,0.42857142857142855,1.0,0.42857142857142855,1.0,1.0,1.0,0.9033895733895734,0.375,1.0,0.375,1.0,1.0,1.0,0.9033895733895734,0.3333333333333333,1.0,0.3333333333333333,1.0,1.0,1.0,0.9033895733895734,0.3,1.0,0.3,1.0,1.0,1.0,0.9033895733895734,qwen3_8b-dj_adpt,11,webtable-la2m-v=12-distilroberta-dj_adpt~qwen3_8b-dj_adpt
wholesale_markets_a.pq,1.0,0.09090909090909091,1.0,0.09090909090909091,1.0,1.0,0.09090909090909091,0.2,0.09090909090909091,1.0,0.45454545454545453,1.0,1.0,0.09090909090909091,0.1,0.09090909090909091,1.0,0.9090909090909091,1.0,1.0,0.09090909090909091,0.06666666666666667,0.09090909090909091,0.7333333333333333,1.0,1.0,1.0,0.09090909090909091,0.05,0.09090909090909091,0.55,1.0,1.0,1.0,0.09090909090909091,0.04,0.09090909090909091,0.44,1.0,1.0,1.0,0.09090909090909091,0.03333333333333333,0.09090909090909091,0.36666666666666664,1.0,1.0,1.0,0.09090909090909091,0.02857142857142857,0.09090909090909091,0.3142857142857143,1.0,1.0,1.0,0.09090909090909091,0.125,0.45454545454545453,0.275,1.0,1.0,1.0,0.12368777500356448,0.2222222222222222,0.9090909090909091,0.24444444444444444,1.0,1.0,1.0,0.2078534403196449,0.2,0.9090909090909091,0.22,1.0,1.0,1.0,0.2078534403196449,qwen3_8b-dj_adpt,11,webtable-la2m-v=12-distilroberta-dj_adpt~qwen3_8b-dj_adpt
lane_description_b.pq,1.0,0.0625,1.0,0.0625,1.0,1.0,0.0625,0.8,0.25,1.0,0.3125,1.0,1.0,0.20104166666666667,0.9,0.5625,1.0,0.625,1.0,1.0,0.47318948412698414,0.8,0.75,1.0,0.9375,1.0,1.0,0.6372993326118326,0.75,0.9375,0.8,1.0,1.0,1.0,0.7888932761102846,0.64,1.0,0.64,1.0,1.0,1.0,0.8365123237293323,0.5333333333333333,1.0,0.5333333333333333,1.0,1.0,1.0,0.8365123237293323,0.45714285714285713,1.0,0.45714285714285713,1.0,1.0,1.0,0.8365123237293323,0.4,1.0,0.4,1.0,1.0,1.0,0.8365123237293323,0.35555555555555557,1.0,0.35555555555555557,1.0,1.0,1.0,0.8365123237293323,0.32,1.0,0.32,1.0,1.0,1.0,0.8365123237293323,qwen3_8b-dj_adpt,11,webtable-la2m-v=12-distilroberta-dj_adpt~qwen3_8b-dj_adpt
workforce_management_information_a.pq,1.0,0.05555555555555555,1.0,0.05555555555555555,1.0,1.0,0.05555555555555555,1.0,0.2777777777777778,1.0,0.2777777777777778,1.0,1.0,0.2777777777777778,1.0,0.5555555555555556,1.0,0.5555555555555556,1.0,1.0,0.5555555555555556,0.8666666666666667,0.7222222222222222,1.0,0.8333333333333334,1.0,1.0,0.7222222222222222,0.65,0.7222222222222222,0.9,1.0,1.0,1.0,0.7222222222222222,0.52,0.7222222222222222,0.72,1.0,1.0,1.0,0.7222222222222222,0.43333333333333335,0.7222222222222222,0.6,1.0,1.0,1.0,0.7222222222222222,0.37142857142857144,0.7222222222222222,0.5142857142857142,1.0,1.0,1.0,0.7222222222222222,0.325,0.7222222222222222,0.45,1.0,1.0,1.0,0.7222222222222222,0.28888888888888886,0.7222222222222222,0.4,1.0,1.0,1.0,0.7222222222222222,0.26,0.7222222222222222,0.36,1.0,1.0,1.0,0.7222222222222222,qwen3_8b-dj_adpt,11,webtable-la2m-v=12-distilroberta-dj_adpt~qwen3_8b-dj_adpt
workforce_management_information_b.pq,1.0,0.05555555555555555,1.0,0.05555555555555555,1.0,1.0,0.05555555555555555,0.8,0.2222222222222222,1.0,0.2777777777777778,1.0,1.0,0.1787037037037037,0.9,0.5,1.0,0.5555555555555556,1.0,1.0,0.42061287477954146,0.8666666666666667,0.7222222222222222,1.0,0.8333333333333334,1.0,1.0,0.6249132040798707,0.65,0.7222222222222222,0.9,1.0,1.0,1.0,0.6249132040798707,0.52,0.7222222222222222,0.72,1.0,1.0,1.0,0.6249132040798707,0.43333333333333335,0.7222222222222222,0.6,1.0,1.0,1.0,0.6249132040798707,0.37142857142857144,0.7222222222222222,0.5142857142857142,1.0,1.0,1.0,0.6249132040798707,0.325,0.7222222222222222,0.45,1.0,1.0,1.0,0.6249132040798707,0.28888888888888886,0.7222222222222222,0.4,1.0,1.0,1.0,0.6249132040798707,0.26,0.7222222222222222,0.36,1.0,1.0,1.0,0.6249132040798707,qwen3_8b-dj_adpt,11,webtable-la2m-v=12-distilroberta-dj_adpt~qwen3_8b-dj_adpt
ydn_spending_data_b.pq,1.0,0.08333333333333333,1.0,0.08333333333333333,1.0,1.0,0.08333333333333333,0.6,0.25,1.0,0.4166666666666667,1.0,1.0,0.20138888888888887,0.4,0.3333333333333333,1.0,0.8333333333333334,1.0,1.0,0.24305555555555555,0.3333333333333333,0.4166666666666667,0.8,1.0,1.0,1.0,0.2777777777777778,0.3,0.5,0.6,1.0,1.0,1.0,0.3090277777777778,0.32,0.6666666666666666,0.48,1.0,1.0,1.0,0.36579106280193235,0.26666666666666666,0.6666666666666666,0.4,1.0,1.0,1.0,0.36579106280193235,0.22857142857142856,0.6666666666666666,0.34285714285714286,1.0,1.0,1.0,0.36579106280193235,0.25,0.8333333333333334,0.3,1.0,1.0,1.0,0.407428854439724,0.2222222222222222,0.8333333333333334,0.26666666666666666,1.0,1.0,1.0,0.407428854439724,0.2,0.8333333333333334,0.24,1.0,1.0,1.0,0.407428854439724,qwen3_8b-dj_adpt,11,webtable-la2m-v=12-distilroberta-dj_adpt~qwen3_8b-dj_adpt
311_calls_historic_data_a.pq,1.0,0.09090909090909091,1.0,0.09090909090909091,1.0,1.0,0.09090909090909091,0.6,0.2727272727272727,1.0,0.45454545454545453,1.0,1.0,0.19090909090909092,0.8,0.7272727272727273,1.0,0.9090909090909091,1.0,1.0,0.528066378066378,0.7333333333333333,1.0,0.7333333333333333,1.0,1.0,1.0,0.7551271960362869,0.55,1.0,0.55,1.0,1.0,1.0,0.7551271960362869,0.44,1.0,0.44,1.0,1.0,1.0,0.7551271960362869,0.36666666666666664,1.0,0.36666666666666664,1.0,1.0,1.0,0.7551271960362869,0.3142857142857143,1.0,0.3142857142857143,1.0,1.0,1.0,0.7551271960362869,0.275,1.0,0.275,1.0,1.0,1.0,0.7551271960362869,0.24444444444444444,1.0,0.24444444444444444,1.0,1.0,1.0,0.7551271960362869,0.22,1.0,0.22,1.0,1.0,1.0,0.7551271960362869,qwen3_8b-dj_adpt,11,webtable-la2m-v=12-distilroberta-dj_adpt~qwen3_8b-dj_adpt
stockport_contracts_a.pq,1.0,0.07692307692307693,1.0,0.07692307692307693,1.0,1.0,0.07692307692307693,0.2,0.07692307692307693,1.0,0.38461538461538464,1.0,1.0,0.07692307692307693,0.2,0.15384615384615385,1.0,0.7692307692307693,1.0,1.0,0.09401709401709403,0.26666666666666666,0.3076923076923077,0.8666666666666667,1.0,1.0,1.0,0.13101343101343102,0.2,0.3076923076923077,0.65,1.0,1.0,1.0,0.13101343101343102,0.28,0.5384615384615384,0.52,1.0,1.0,1.0,0.19184593184593182,0.26666666666666666,0.6153846153846154,0.43333333333333335,1.0,1.0,1.0,0.21463795463795463,0.22857142857142856,0.6153846153846154,0.37142857142857144,1.0,1.0,1.0,0.21463795463795463,0.25,0.7692307692307693,0.325,1.0,1.0,1.0,0.25465874465874466,0.24444444444444444,0.8461538461538461,0.28888888888888886,1.0,1.0,1.0,0.2748052648052648,0.22,0.8461538461538461,0.26,1.0,1.0,1.0,0.2748052648052648,qwen3_8b-dj_adpt,11,webtable-la2m-v=12-distilroberta-dj_adpt~qwen3_8b-dj_adpt
animal_tag_data_b.pq,1.0,0.08333333333333333,1.0,0.08333333333333333,1.0,1.0,0.08333333333333333,1.0,0.4166666666666667,1.0,0.4166666666666667,1.0,1.0,0.4166666666666667,0.9,0.75,1.0,0.8333333333333334,1.0,1.0,0.7100859788359788,0.7333333333333333,0.9166666666666666,0.8,1.0,1.0,1.0,0.8622324434824434,0.6,1.0,0.6,1.0,1.0,1.0,0.917787999037999,0.48,1.0,0.48,1.0,1.0,1.0,0.917787999037999,0.4,1.0,0.4,1.0,1.0,1.0,0.917787999037999,0.34285714285714286,1.0,0.34285714285714286,1.0,1.0,1.0,0.917787999037999,0.3,1.0,0.3,1.0,1.0,1.0,0.917787999037999,0.26666666666666666,1.0,0.26666666666666666,1.0,1.0,1.0,0.917787999037999,0.24,1.0,0.24,1.0,1.0,1.0,0.917787999037999,qwen3_8b-dj_adpt,11,webtable-la2m-v=12-distilroberta-dj_adpt~qwen3_8b-dj_adpt
albums_a.pq,1.0,0.0625,1.0,0.0625,1.0,1.0,0.0625,1.0,0.3125,1.0,0.3125,1.0,1.0,0.3125,1.0,0.625,1.0,0.625,1.0,1.0,0.625,1.0,0.9375,1.0,0.9375,1.0,1.0,0.9375,0.8,1.0,0.8,1.0,1.0,1.0,1.0,0.64,1.0,0.64,1.0,1.0,1.0,1.0,0.5333333333333333,1.0,0.5333333333333333,1.0,1.0,1.0,1.0,0.45714285714285713,1.0,0.45714285714285713,1.0,1.0,1.0,1.0,0.4,1.0,0.4,1.0,1.0,1.0,1.0,0.35555555555555557,1.0,0.35555555555555557,1.0,1.0,1.0,1.0,0.32,1.0,0.32,1.0,1.0,1.0,1.0,qwen3_8b-dj_adpt,11,webtable-la2m-v=12-distilroberta-dj_adpt~qwen3_8b-dj_adpt
oil_and_gas_summary_production_data_1967_1999_a.pq,1.0,0.09090909090909091,1.0,0.09090909090909091,1.0,1.0,0.09090909090909091,1.0,0.45454545454545453,1.0,0.45454545454545453,1.0,1.0,0.45454545454545453,0.6,0.5454545454545454,1.0,0.9090909090909091,1.0,1.0,0.5454545454545454,0.4,0.5454545454545454,0.7333333333333333,1.0,1.0,1.0,0.5454545454545454,0.3,0.5454545454545454,0.55,1.0,1.0,1.0,0.5454545454545454,0.24,0.5454545454545454,0.44,1.0,1.0,1.0,0.5454545454545454,0.2,0.5454545454545454,0.36666666666666664,1.0,1.0,1.0,0.5454545454545454,0.22857142857142856,0.7272727272727273,0.3142857142857143,1.0,1.0,1.0,0.5849503437738732,0.25,0.9090909090909091,0.275,1.0,1.0,1.0,0.6322476410711705,0.24444444444444444,1.0,0.24444444444444444,1.0,1.0,1.0,0.6560571648806943,0.22,1.0,0.22,1.0,1.0,1.0,0.6560571648806943,qwen3_8b-dj_adpt,11,webtable-la2m-v=12-distilroberta-dj_adpt~qwen3_8b-dj_adpt
complaint_by_practice_a.pq,1.0,0.07692307692307693,1.0,0.07692307692307693,1.0,1.0,0.07692307692307693,0.2,0.07692307692307693,1.0,0.38461538461538464,1.0,1.0,0.07692307692307693,0.2,0.15384615384615385,1.0,0.7692307692307693,1.0,1.0,0.0923076923076923,0.26666666666666666,0.3076923076923077,0.8666666666666667,1.0,1.0,1.0,0.13695535233996772,0.35,0.5384615384615384,0.65,1.0,1.0,1.0,0.2095374486062745,0.28,0.5384615384615384,0.52,1.0,1.0,1.0,0.2095374486062745,0.23333333333333334,0.5384615384615384,0.43333333333333335,1.0,1.0,1.0,0.2095374486062745,0.34285714285714286,0.9230769230769231,0.37142857142857144,1.0,1.0,1.0,0.32559370812790406,0.325,1.0,0.325,1.0,1.0,1.0,0.3533714859056818,0.28888888888888886,1.0,0.28888888888888886,1.0,1.0,1.0,0.3533714859056818,0.26,1.0,0.26,1.0,1.0,1.0,0.3533714859056818,qwen3_8b-dj_adpt,11,webtable-la2m-v=12-distilroberta-dj_adpt~qwen3_8b-dj_adpt
psyckes_antipsychotic_polypharmacy_quality_indicators_beginning_2012_a.pq,1.0,0.09090909090909091,1.0,0.09090909090909091,1.0,1.0,0.09090909090909091,0.2,0.09090909090909091,1.0,0.45454545454545453,1.0,1.0,0.09090909090909091,0.1,0.09090909090909091,1.0,0.9090909090909091,1.0,1.0,0.09090909090909091,0.06666666666666667,0.09090909090909091,0.7333333333333333,1.0,1.0,1.0,0.09090909090909091,0.05,0.09090909090909091,0.55,1.0,1.0,1.0,0.09090909090909091,0.04,0.09090909090909091,0.44,1.0,1.0,1.0,0.09090909090909091,0.03333333333333333,0.09090909090909091,0.36666666666666664,1.0,1.0,1.0,0.09090909090909091,0.02857142857142857,0.09090909090909091,0.3142857142857143,1.0,1.0,1.0,0.09090909090909091,0.025,0.09090909090909091,0.275,1.0,1.0,1.0,0.09090909090909091,0.022222222222222223,0.09090909090909091,0.24444444444444444,1.0,1.0,1.0,0.09090909090909091,0.02,0.09090909090909091,0.22,1.0,1.0,1.0,0.09090909090909091,qwen3_8b-dj_adpt,11,webtable-la2m-v=12-distilroberta-dj_adpt~qwen3_8b-dj_adpt
job_pay_scales_a.pq,1.0,0.06666666666666667,1.0,0.06666666666666667,1.0,1.0,0.06666666666666667,1.0,0.3333333333333333,1.0,0.3333333333333333,1.0,1.0,0.3333333333333333,1.0,0.6666666666666666,1.0,0.6666666666666666,1.0,1.0,0.6666666666666666,0.8,0.8,1.0,1.0,1.0,1.0,0.7893162393162393,0.65,0.8666666666666667,0.75,1.0,1.0,1.0,0.843482905982906,0.52,0.8666666666666667,0.6,1.0,1.0,1.0,0.843482905982906,0.43333333333333335,0.8666666666666667,0.5,1.0,1.0,1.0,0.843482905982906,0.37142857142857144,0.8666666666666667,0.42857142857142855,1.0,1.0,1.0,0.843482905982906,0.35,0.9333333333333333,0.375,1.0,1.0,1.0,0.8674145299145299,0.3333333333333333,1.0,0.3333333333333333,1.0,1.0,1.0,0.8918047738169689,0.3,1.0,0.3,1.0,1.0,1.0,0.8918047738169689,qwen3_8b-dj_adpt,11,webtable-la2m-v=12-distilroberta-dj_adpt~qwen3_8b-dj_adpt
animal_tag_data_a.pq,1.0,0.08333333333333333,1.0,0.08333333333333333,1.0,1.0,0.08333333333333333,0.4,0.16666666666666666,1.0,0.4166666666666667,1.0,1.0,0.11666666666666665,0.6,0.5,1.0,0.8333333333333334,1.0,1.0,0.31359126984126984,0.4666666666666667,0.5833333333333334,0.8,1.0,1.0,1.0,0.3666215728715729,0.4,0.6666666666666666,0.6,1.0,1.0,1.0,0.4017092921698185,0.36,0.75,0.48,1.0,1.0,1.0,0.43170929216981846,0.4,1.0,0.4,1.0,1.0,1.0,0.5334254772193369,0.34285714285714286,1.0,0.34285714285714286,1.0,1.0,1.0,0.5334254772193369,0.3,1.0,0.3,1.0,1.0,1.0,0.5334254772193369,0.26666666666666666,1.0,0.26666666666666666,1.0,1.0,1.0,0.5334254772193369,0.24,1.0,0.24,1.0,1.0,1.0,0.5334254772193369,qwen3_8b-dj_adpt,11,webtable-la2m-v=12-distilroberta-dj_adpt~qwen3_8b-dj_adpt
deaths_2012_2018_a.pq,1.0,0.09090909090909091,1.0,0.09090909090909091,1.0,1.0,0.09090909090909091,1.0,0.45454545454545453,1.0,0.45454545454545453,1.0,1.0,0.45454545454545453,1.0,0.9090909090909091,1.0,0.9090909090909091,1.0,1.0,0.9090909090909091,0.7333333333333333,1.0,0.7333333333333333,1.0,1.0,1.0,1.0,0.55,1.0,0.55,1.0,1.0,1.0,1.0,0.44,1.0,0.44,1.0,1.0,1.0,1.0,0.36666666666666664,1.0,0.36666666666666664,1.0,1.0,1.0,1.0,0.3142857142857143,1.0,0.3142857142857143,1.0,1.0,1.0,1.0,0.275,1.0,0.275,1.0,1.0,1.0,1.0,0.24444444444444444,1.0,0.24444444444444444,1.0,1.0,1.0,1.0,0.22,1.0,0.22,1.0,1.0,1.0,1.0,qwen3_8b-dj_adpt,11,webtable-la2m-v=12-distilroberta-dj_adpt~qwen3_8b-dj_adpt
report_card_discipline_for_2015_16_a.pq,1.0,0.09090909090909091,1.0,0.09090909090909091,1.0,1.0,0.09090909090909091,1.0,0.45454545454545453,1.0,0.45454545454545453,1.0,1.0,0.45454545454545453,1.0,0.9090909090909091,1.0,0.9090909090909091,1.0,1.0,0.9090909090909091,0.7333333333333333,1.0,0.7333333333333333,1.0,1.0,1.0,1.0,0.55,1.0,0.55,1.0,1.0,1.0,1.0,0.44,1.0,0.44,1.0,1.0,1.0,1.0,0.36666666666666664,1.0,0.36666666666666664,1.0,1.0,1.0,1.0,0.3142857142857143,1.0,0.3142857142857143,1.0,1.0,1.0,1.0,0.275,1.0,0.275,1.0,1.0,1.0,1.0,0.24444444444444444,1.0,0.24444444444444444,1.0,1.0,1.0,1.0,0.22,1.0,0.22,1.0,1.0,1.0,1.0,qwen3_8b-dj_adpt,11,webtable-la2m-v=12-distilroberta-dj_adpt~qwen3_8b-dj_adpt
abandoned_wells_a.pq,1.0,0.09090909090909091,1.0,0.09090909090909091,1.0,1.0,0.09090909090909091,1.0,0.45454545454545453,1.0,0.45454545454545453,1.0,1.0,0.45454545454545453,1.0,0.9090909090909091,1.0,0.9090909090909091,1.0,1.0,0.9090909090909091,0.7333333333333333,1.0,0.7333333333333333,1.0,1.0,1.0,1.0,0.55,1.0,0.55,1.0,1.0,1.0,1.0,0.44,1.0,0.44,1.0,1.0,1.0,1.0,0.36666666666666664,1.0,0.36666666666666664,1.0,1.0,1.0,1.0,0.3142857142857143,1.0,0.3142857142857143,1.0,1.0,1.0,1.0,0.275,1.0,0.275,1.0,1.0,1.0,1.0,0.24444444444444444,1.0,0.24444444444444444,1.0,1.0,1.0,1.0,0.22,1.0,0.22,1.0,1.0,1.0,1.0,qwen3_8b-dj_adpt,11,webtable-la2m-v=12-distilroberta-dj_adpt~qwen3_8b-dj_adpt
contributors_parties_b.pq,1.0,0.047619047619047616,1.0,0.047619047619047616,1.0,1.0,0.047619047619047616,1.0,0.23809523809523808,1.0,0.23809523809523808,1.0,1.0,0.23809523809523808,1.0,0.47619047619047616,1.0,0.47619047619047616,1.0,1.0,0.47619047619047616,0.8666666666666667,0.6190476190476191,1.0,0.7142857142857143,1.0,1.0,0.6190476190476191,0.85,0.8095238095238095,1.0,0.9523809523809523,1.0,1.0,0.7785222861074255,0.68,0.8095238095238095,0.84,1.0,1.0,1.0,0.7785222861074255,0.5666666666666667,0.8095238095238095,0.7,1.0,1.0,1.0,0.7785222861074255,0.4857142857142857,0.8095238095238095,0.6,1.0,1.0,1.0,0.7785222861074255,0.425,0.8095238095238095,0.525,1.0,1.0,1.0,0.7785222861074255,0.37777777777777777,0.8095238095238095,0.4666666666666667,1.0,1.0,1.0,0.7785222861074255,0.34,0.8095238095238095,0.42,1.0,1.0,1.0,0.7785222861074255,qwen3_8b-dj_adpt,11,webtable-la2m-v=12-distilroberta-dj_adpt~qwen3_8b-dj_adpt
senior_officials_expenses_a.pq,1.0,0.09090909090909091,1.0,0.09090909090909091,1.0,1.0,0.09090909090909091,0.4,0.18181818181818182,1.0,0.45454545454545453,1.0,1.0,0.18181818181818182,0.2,0.18181818181818182,1.0,0.9090909090909091,1.0,1.0,0.18181818181818182,0.2,0.2727272727272727,0.7333333333333333,1.0,1.0,1.0,0.2,0.15,0.2727272727272727,0.55,1.0,1.0,1.0,0.2,0.24,0.5454545454545454,0.44,1.0,1.0,1.0,0.2590190441969098,0.2,0.5454545454545454,0.36666666666666664,1.0,1.0,1.0,0.2590190441969098,0.17142857142857143,0.5454545454545454,0.3142857142857143,1.0,1.0,1.0,0.2590190441969098,0.15,0.5454545454545454,0.275,1.0,1.0,1.0,0.2590190441969098,0.13333333333333333,0.5454545454545454,0.24444444444444444,1.0,1.0,1.0,0.2590190441969098,0.14,0.6363636363636364,0.22,1.0,1.0,1.0,0.27174631692418255,qwen3_8b-dj_adpt,11,webtable-la2m-v=12-distilroberta-dj_adpt~qwen3_8b-dj_adpt
practice_reference_b.pq,1.0,0.06666666666666667,1.0,0.06666666666666667,1.0,1.0,0.06666666666666667,1.0,0.3333333333333333,1.0,0.3333333333333333,1.0,1.0,0.3333333333333333,1.0,0.6666666666666666,1.0,0.6666666666666666,1.0,1.0,0.6666666666666666,1.0,1.0,1.0,1.0,1.0,1.0,1.0,0.75,1.0,0.75,1.0,1.0,1.0,1.0,0.6,1.0,0.6,1.0,1.0,1.0,1.0,0.5,1.0,0.5,1.0,1.0,1.0,1.0,0.42857142857142855,1.0,0.42857142857142855,1.0,1.0,1.0,1.0,0.375,1.0,0.375,1.0,1.0,1.0,1.0,0.3333333333333333,1.0,0.3333333333333333,1.0,1.0,1.0,1.0,0.3,1.0,0.3,1.0,1.0,1.0,1.0,qwen3_8b-dj_adpt,11,webtable-la2m-v=12-distilroberta-dj_adpt~qwen3_8b-dj_adpt
ipopayments_a.pq,1.0,0.06666666666666667,1.0,0.06666666666666667,1.0,1.0,0.06666666666666667,1.0,0.3333333333333333,1.0,0.3333333333333333,1.0,1.0,0.3333333333333333,0.6,0.4,1.0,0.6666666666666666,1.0,1.0,0.38333333333333336,0.6666666666666666,0.6666666666666666,1.0,1.0,1.0,1.0,0.5505494505494506,0.75,1.0,0.75,1.0,1.0,1.0,0.7907125625778877,0.6,1.0,0.6,1.0,1.0,1.0,0.7907125625778877,0.5,1.0,0.5,1.0,1.0,1.0,0.7907125625778877,0.42857142857142855,1.0,0.42857142857142855,1.0,1.0,1.0,0.7907125625778877,0.375,1.0,0.375,1.0,1.0,1.0,0.7907125625778877,0.3333333333333333,1.0,0.3333333333333333,1.0,1.0,1.0,0.7907125625778877,0.3,1.0,0.3,1.0,1.0,1.0,0.7907125625778877,qwen3_8b-dj_adpt,11,webtable-la2m-v=12-distilroberta-dj_adpt~qwen3_8b-dj_adpt
mines_a.pq,1.0,0.07142857142857142,1.0,0.07142857142857142,1.0,1.0,0.07142857142857142,1.0,0.35714285714285715,1.0,0.35714285714285715,1.0,1.0,0.35714285714285715,1.0,0.7142857142857143,1.0,0.7142857142857143,1.0,1.0,0.7142857142857143,0.6666666666666666,0.7142857142857143,0.9333333333333333,1.0,1.0,1.0,0.7142857142857143,0.5,0.7142857142857143,0.7,1.0,1.0,1.0,0.7142857142857143,0.4,0.7142857142857143,0.56,1.0,1.0,1.0,0.7142857142857143,0.4,0.8571428571428571,0.4666666666666667,1.0,1.0,1.0,0.7739984882842025,0.37142857142857144,0.9285714285714286,0.4,1.0,1.0,1.0,0.8021370164227307,0.325,0.9285714285714286,0.35,1.0,1.0,1.0,0.8021370164227307,0.28888888888888886,0.9285714285714286,0.3111111111111111,1.0,1.0,1.0,0.8021370164227307,0.28,1.0,0.28,1.0,1.0,1.0,0.8238761468575133,qwen3_8b-dj_adpt,11,webtable-la2m-v=12-distilroberta-dj_adpt~qwen3_8b-dj_adpt
mines_b.pq,1.0,0.07142857142857142,1.0,0.07142857142857142,1.0,1.0,0.07142857142857142,0.6,0.21428571428571427,1.0,0.35714285714285715,1.0,1.0,0.21428571428571427,0.4,0.2857142857142857,1.0,0.7142857142857143,1.0,1.0,0.24603174603174605,0.26666666666666666,0.2857142857142857,0.9333333333333333,1.0,1.0,1.0,0.24603174603174605,0.2,0.2857142857142857,0.7,1.0,1.0,1.0,0.24603174603174605,0.16,0.2857142857142857,0.56,1.0,1.0,1.0,0.24603174603174605,0.13333333333333333,0.2857142857142857,0.4666666666666667,1.0,1.0,1.0,0.24603174603174605,0.11428571428571428,0.2857142857142857,0.4,1.0,1.0,1.0,0.24603174603174605,0.1,0.2857142857142857,0.35,1.0,1.0,1.0,0.24603174603174605,0.08888888888888889,0.2857142857142857,0.3111111111111111,1.0,1.0,1.0,0.24603174603174605,0.08,0.2857142857142857,0.28,1.0,1.0,1.0,0.24603174603174605,qwen3_8b-dj_adpt,11,webtable-la2m-v=12-distilroberta-dj_adpt~qwen3_8b-dj_adpt
civic_building_locations_a.pq,1.0,0.08333333333333333,1.0,0.08333333333333333,1.0,1.0,0.08333333333333333,0.6,0.25,1.0,0.4166666666666667,1.0,1.0,0.20138888888888887,0.3,0.25,1.0,0.8333333333333334,1.0,1.0,0.20138888888888887,0.26666666666666666,0.3333333333333333,0.8,1.0,1.0,1.0,0.2236111111111111,0.4,0.6666666666666666,0.6,1.0,1.0,1.0,0.34655966918931314,0.32,0.6666666666666666,0.48,1.0,1.0,1.0,0.34655966918931314,0.26666666666666666,0.6666666666666666,0.4,1.0,1.0,1.0,0.34655966918931314,0.3142857142857143,0.9166666666666666,0.34285714285714286,1.0,1.0,1.0,0.4222104787555639,0.275,0.9166666666666666,0.3,1.0,1.0,1.0,0.4222104787555639,0.24444444444444444,0.9166666666666666,0.26666666666666666,1.0,1.0,1.0,0.4222104787555639,0.24,1.0,0.24,1.0,1.0,1.0,0.44394960919034654,qwen3_8b-dj_adpt,11,webtable-la2m-v=12-distilroberta-dj_adpt~qwen3_8b-dj_adpt
data_mill_b.pq,1.0,0.07142857142857142,1.0,0.07142857142857142,1.0,1.0,0.07142857142857142,1.0,0.35714285714285715,1.0,0.35714285714285715,1.0,1.0,0.35714285714285715,1.0,0.7142857142857143,1.0,0.7142857142857143,1.0,1.0,0.7142857142857143,0.9333333333333333,1.0,0.9333333333333333,1.0,1.0,1.0,1.0,0.7,1.0,0.7,1.0,1.0,1.0,1.0,0.56,1.0,0.56,1.0,1.0,1.0,1.0,0.4666666666666667,1.0,0.4666666666666667,1.0,1.0,1.0,1.0,0.4,1.0,0.4,1.0,1.0,1.0,1.0,0.35,1.0,0.35,1.0,1.0,1.0,1.0,0.3111111111111111,1.0,0.3111111111111111,1.0,1.0,1.0,1.0,0.28,1.0,0.28,1.0,1.0,1.0,1.0,qwen3_8b-dj_adpt,11,webtable-la2m-v=12-distilroberta-dj_adpt~qwen3_8b-dj_adpt
contributors_parties_a.pq,1.0,0.047619047619047616,1.0,0.047619047619047616,1.0,1.0,0.047619047619047616,1.0,0.23809523809523808,1.0,0.23809523809523808,1.0,1.0,0.23809523809523808,1.0,0.47619047619047616,1.0,0.47619047619047616,1.0,1.0,0.47619047619047616,0.8666666666666667,0.6190476190476191,1.0,0.7142857142857143,1.0,1.0,0.6190476190476191,0.9,0.8571428571428571,1.0,0.9523809523809523,1.0,1.0,0.8305227939128867,0.84,1.0,0.84,1.0,1.0,1.0,0.9603749982992527,0.7,1.0,0.7,1.0,1.0,1.0,0.9603749982992527,0.6,1.0,0.6,1.0,1.0,1.0,0.9603749982992527,0.525,1.0,0.525,1.0,1.0,1.0,0.9603749982992527,0.4666666666666667,1.0,0.4666666666666667,1.0,1.0,1.0,0.9603749982992527,0.42,1.0,0.42,1.0,1.0,1.0,0.9603749982992527,qwen3_8b-dj_adpt,11,webtable-la2m-v=12-distilroberta-dj_adpt~qwen3_8b-dj_adpt
complaint_by_practice_b.pq,1.0,0.07692307692307693,1.0,0.07692307692307693,1.0,1.0,0.07692307692307693,0.8,0.3076923076923077,1.0,0.38461538461538464,1.0,1.0,0.29230769230769227,0.9,0.6923076923076923,1.0,0.7692307692307693,1.0,1.0,0.6272588522588524,0.8,0.9230769230769231,0.8666666666666667,1.0,1.0,1.0,0.838707659861506,0.6,0.9230769230769231,0.65,1.0,1.0,1.0,0.838707659861506,0.52,1.0,0.52,1.0,1.0,1.0,0.8821859207310712,0.43333333333333335,1.0,0.43333333333333335,1.0,1.0,1.0,0.8821859207310712,0.37142857142857144,1.0,0.37142857142857144,1.0,1.0,1.0,0.8821859207310712,0.325,1.0,0.325,1.0,1.0,1.0,0.8821859207310712,0.28888888888888886,1.0,0.28888888888888886,1.0,1.0,1.0,0.8821859207310712,0.26,1.0,0.26,1.0,1.0,1.0,0.8821859207310712,qwen3_8b-dj_adpt,11,webtable-la2m-v=12-distilroberta-dj_adpt~qwen3_8b-dj_adpt
biodiversity_a.pq,1.0,0.09090909090909091,1.0,0.09090909090909091,1.0,1.0,0.09090909090909091,1.0,0.45454545454545453,1.0,0.45454545454545453,1.0,1.0,0.45454545454545453,0.9,0.8181818181818182,1.0,0.9090909090909091,1.0,1.0,0.8181818181818182,0.6,0.8181818181818182,0.7333333333333333,1.0,1.0,1.0,0.8181818181818182,0.5,0.9090909090909091,0.55,1.0,1.0,1.0,0.8636363636363636,0.4,0.9090909090909091,0.44,1.0,1.0,1.0,0.8636363636363636,0.3333333333333333,0.9090909090909091,0.36666666666666664,1.0,1.0,1.0,0.8636363636363636,0.2857142857142857,0.9090909090909091,0.3142857142857143,1.0,1.0,1.0,0.8636363636363636,0.25,0.9090909090909091,0.275,1.0,1.0,1.0,0.8636363636363636,0.2222222222222222,0.9090909090909091,0.24444444444444444,1.0,1.0,1.0,0.8636363636363636,0.2,0.9090909090909091,0.22,1.0,1.0,1.0,0.8636363636363636,qwen3_8b-dj_adpt,11,webtable-la2m-v=12-distilroberta-dj_adpt~qwen3_8b-dj_adpt
film_locations_in_san_francisco_a.pq,1.0,0.07692307692307693,1.0,0.07692307692307693,1.0,1.0,0.07692307692307693,1.0,0.38461538461538464,1.0,0.38461538461538464,1.0,1.0,0.38461538461538464,1.0,0.7692307692307693,1.0,0.7692307692307693,1.0,1.0,0.7692307692307693,0.8666666666666667,1.0,0.8666666666666667,1.0,1.0,1.0,1.0,0.65,1.0,0.65,1.0,1.0,1.0,1.0,0.52,1.0,0.52,1.0,1.0,1.0,1.0,0.43333333333333335,1.0,0.43333333333333335,1.0,1.0,1.0,1.0,0.37142857142857144,1.0,0.37142857142857144,1.0,1.0,1.0,1.0,0.325,1.0,0.325,1.0,1.0,1.0,1.0,0.28888888888888886,1.0,0.28888888888888886,1.0,1.0,1.0,1.0,0.26,1.0,0.26,1.0,1.0,1.0,1.0,qwen3_8b-dj_adpt,11,webtable-la2m-v=12-distilroberta-dj_adpt~qwen3_8b-dj_adpt
practice_reference_a.pq,1.0,0.06666666666666667,1.0,0.06666666666666667,1.0,1.0,0.06666666666666667,1.0,0.3333333333333333,1.0,0.3333333333333333,1.0,1.0,0.3333333333333333,1.0,0.6666666666666666,1.0,0.6666666666666666,1.0,1.0,0.6666666666666666,1.0,1.0,1.0,1.0,1.0,1.0,1.0,0.75,1.0,0.75,1.0,1.0,1.0,1.0,0.6,1.0,0.6,1.0,1.0,1.0,1.0,0.5,1.0,0.5,1.0,1.0,1.0,1.0,0.42857142857142855,1.0,0.42857142857142855,1.0,1.0,1.0,1.0,0.375,1.0,0.375,1.0,1.0,1.0,1.0,0.3333333333333333,1.0,0.3333333333333333,1.0,1.0,1.0,1.0,0.3,1.0,0.3,1.0,1.0,1.0,1.0,qwen3_8b-dj_adpt,11,webtable-la2m-v=12-distilroberta-dj_adpt~qwen3_8b-dj_adpt
prescribing_a.pq,1.0,0.06666666666666667,1.0,0.06666666666666667,1.0,1.0,0.06666666666666667,0.8,0.26666666666666666,1.0,0.3333333333333333,1.0,1.0,0.26666666666666666,0.8,0.5333333333333333,1.0,0.6666666666666666,1.0,1.0,0.49103174603174604,0.8,0.8,1.0,1.0,1.0,1.0,0.7068470418470418,0.6,0.8,0.75,1.0,1.0,1.0,0.7068470418470418,0.6,1.0,0.6,1.0,1.0,1.0,0.8322077922077923,0.5,1.0,0.5,1.0,1.0,1.0,0.8322077922077923,0.42857142857142855,1.0,0.42857142857142855,1.0,1.0,1.0,0.8322077922077923,0.375,1.0,0.375,1.0,1.0,1.0,0.8322077922077923,0.3333333333333333,1.0,0.3333333333333333,1.0,1.0,1.0,0.8322077922077923,0.3,1.0,0.3,1.0,1.0,1.0,0.8322077922077923,qwen3_8b-dj_adpt,11,webtable-la2m-v=12-distilroberta-dj_adpt~qwen3_8b-dj_adpt
cihr_co-applicant_a.pq,1.0,0.08333333333333333,1.0,0.08333333333333333,1.0,1.0,0.08333333333333333,0.6,0.25,1.0,0.4166666666666667,1.0,1.0,0.18888888888888888,0.4,0.3333333333333333,1.0,0.8333333333333334,1.0,1.0,0.22592592592592595,0.5333333333333333,0.6666666666666666,0.8,1.0,1.0,1.0,0.3947876197876197,0.6,1.0,0.6,1.0,1.0,1.0,0.5942397325040514,0.48,1.0,0.48,1.0,1.0,1.0,0.5942397325040514,0.4,1.0,0.4,1.0,1.0,1.0,0.5942397325040514,0.34285714285714286,1.0,0.34285714285714286,1.0,1.0,1.0,0.5942397325040514,0.3,1.0,0.3,1.0,1.0,1.0,0.5942397325040514,0.26666666666666666,1.0,0.26666666666666666,1.0,1.0,1.0,0.5942397325040514,0.24,1.0,0.24,1.0,1.0,1.0,0.5942397325040514,qwen3_8b-dj_adpt,11,webtable-la2m-v=12-distilroberta-dj_adpt~qwen3_8b-dj_adpt
monthly_data_feed_a.pq,1.0,0.07692307692307693,1.0,0.07692307692307693,1.0,1.0,0.07692307692307693,1.0,0.38461538461538464,1.0,0.38461538461538464,1.0,1.0,0.38461538461538464,0.9,0.6923076923076923,1.0,0.7692307692307693,1.0,1.0,0.6846153846153846,0.8666666666666667,1.0,0.8666666666666667,1.0,1.0,1.0,0.9674927636466097,0.65,1.0,0.65,1.0,1.0,1.0,0.9674927636466097,0.52,1.0,0.52,1.0,1.0,1.0,0.9674927636466097,0.43333333333333335,1.0,0.43333333333333335,1.0,1.0,1.0,0.9674927636466097,0.37142857142857144,1.0,0.37142857142857144,1.0,1.0,1.0,0.9674927636466097,0.325,1.0,0.325,1.0,1.0,1.0,0.9674927636466097,0.28888888888888886,1.0,0.28888888888888886,1.0,1.0,1.0,0.9674927636466097,0.26,1.0,0.26,1.0,1.0,1.0,0.9674927636466097,qwen3_8b-dj_adpt,11,webtable-la2m-v=12-distilroberta-dj_adpt~qwen3_8b-dj_adpt
new_york_city_restaurant_inspection_results_a.pq,1.0,0.03225806451612903,1.0,0.03225806451612903,1.0,1.0,0.03225806451612903,1.0,0.16129032258064516,1.0,0.16129032258064516,1.0,1.0,0.16129032258064516,1.0,0.3225806451612903,1.0,0.3225806451612903,1.0,1.0,0.3225806451612903,0.9333333333333333,0.45161290322580644,1.0,0.4838709677419355,1.0,1.0,0.44467682854779633,0.95,0.6129032258064516,1.0,0.6451612903225806,1.0,1.0,0.5969506780989353,0.84,0.6774193548387096,1.0,0.8064516129032258,1.0,1.0,0.6584644331610776,0.7,0.6774193548387096,1.0,0.967741935483871,1.0,1.0,0.6584644331610776,0.6,0.6774193548387096,0.8857142857142857,1.0,1.0,1.0,0.6584644331610776,0.525,0.6774193548387096,0.775,1.0,1.0,1.0,0.6584644331610776,0.4666666666666667,0.6774193548387096,0.6888888888888889,1.0,1.0,1.0,0.6584644331610776,0.5,0.8064516129032258,0.62,1.0,1.0,1.0,0.7209498425616256,qwen3_8b-dj_adpt,11,webtable-la2m-v=12-distilroberta-dj_adpt~qwen3_8b-dj_adpt
purchasing_card_a.pq,1.0,0.07692307692307693,1.0,0.07692307692307693,1.0,1.0,0.07692307692307693,0.8,0.3076923076923077,1.0,0.38461538461538464,1.0,1.0,0.3076923076923077,0.8,0.6153846153846154,1.0,0.7692307692307693,1.0,1.0,0.5416971916971917,0.8666666666666667,1.0,0.8666666666666667,1.0,1.0,1.0,0.866426308734001,0.65,1.0,0.65,1.0,1.0,1.0,0.866426308734001,0.52,1.0,0.52,1.0,1.0,1.0,0.866426308734001,0.43333333333333335,1.0,0.43333333333333335,1.0,1.0,1.0,0.866426308734001,0.37142857142857144,1.0,0.37142857142857144,1.0,1.0,1.0,0.866426308734001,0.325,1.0,0.325,1.0,1.0,1.0,0.866426308734001,0.28888888888888886,1.0,0.28888888888888886,1.0,1.0,1.0,0.866426308734001,0.26,1.0,0.26,1.0,1.0,1.0,0.866426308734001,qwen3_8b-dj_adpt,11,webtable-la2m-v=12-distilroberta-dj_adpt~qwen3_8b-dj_adpt
monthly_data_feed_b.pq,1.0,0.07692307692307693,1.0,0.07692307692307693,1.0,1.0,0.07692307692307693,0.2,0.07692307692307693,1.0,0.38461538461538464,1.0,1.0,0.07692307692307693,0.6,0.46153846153846156,1.0,0.7692307692307693,1.0,1.0,0.2628815628815629,0.7333333333333333,0.8461538461538461,0.8666666666666667,1.0,1.0,1.0,0.5277244123397969,0.65,1.0,0.65,1.0,1.0,1.0,0.6442402494438694,0.52,1.0,0.52,1.0,1.0,1.0,0.6442402494438694,0.43333333333333335,1.0,0.43333333333333335,1.0,1.0,1.0,0.6442402494438694,0.37142857142857144,1.0,0.37142857142857144,1.0,1.0,1.0,0.6442402494438694,0.325,1.0,0.325,1.0,1.0,1.0,0.6442402494438694,0.28888888888888886,1.0,0.28888888888888886,1.0,1.0,1.0,0.6442402494438694,0.26,1.0,0.26,1.0,1.0,1.0,0.6442402494438694,qwen3_8b-dj_adpt,11,webtable-la2m-v=12-distilroberta-dj_adpt~qwen3_8b-dj_adpt
stockport_contracts_b.pq,1.0,0.07692307692307693,1.0,0.07692307692307693,1.0,1.0,0.07692307692307693,0.8,0.3076923076923077,1.0,0.38461538461538464,1.0,1.0,0.27307692307692305,0.7,0.5384615384615384,1.0,0.7692307692307693,1.0,1.0,0.43956043956043955,0.6,0.6923076923076923,0.8666666666666667,1.0,1.0,1.0,0.536996336996337,0.6,0.9230769230769231,0.65,1.0,1.0,1.0,0.6754075989370107,0.52,1.0,0.52,1.0,1.0,1.0,0.7208621443915562,0.43333333333333335,1.0,0.43333333333333335,1.0,1.0,1.0,0.7208621443915562,0.37142857142857144,1.0,0.37142857142857144,1.0,1.0,1.0,0.7208621443915562,0.325,1.0,0.325,1.0,1.0,1.0,0.7208621443915562,0.28888888888888886,1.0,0.28888888888888886,1.0,1.0,1.0,0.7208621443915562,0.26,1.0,0.26,1.0,1.0,1.0,0.7208621443915562,qwen3_8b-dj_adpt,11,webtable-la2m-v=12-distilroberta-dj_adpt~qwen3_8b-dj_adpt
