query_table,precision@1,recall@1,max_precision@1,max_recall@1,hits@1,mrr@1,ap@1,precision@5,recall@5,max_precision@5,max_recall@5,hits@5,mrr@5,ap@5,precision@10,recall@10,max_precision@10,max_recall@10,hits@10,mrr@10,ap@10,precision@15,recall@15,max_precision@15,max_recall@15,hits@15,mrr@15,ap@15,precision@20,recall@20,max_precision@20,max_recall@20,hits@20,mrr@20,ap@20,precision@25,recall@25,max_precision@25,max_recall@25,hits@25,mrr@25,ap@25,precision@30,recall@30,max_precision@30,max_recall@30,hits@30,mrr@30,ap@30,precision@35,recall@35,max_precision@35,max_recall@35,hits@35,mrr@35,ap@35,precision@40,recall@40,max_precision@40,max_recall@40,hits@40,mrr@40,ap@40,precision@45,recall@45,max_precision@45,max_recall@45,hits@45,mrr@45,ap@45,precision@50,recall@50,max_precision@50,max_recall@50,hits@50,mrr@50,ap@50,view,view_idx,ckpt_name
complaint_by_practice_a.pq,1.0,0.07692307692307693,1.0,0.07692307692307693,1.0,1.0,0.07692307692307693,0.2,0.07692307692307693,1.0,0.38461538461538464,1.0,1.0,0.07692307692307693,0.2,0.15384615384615385,1.0,0.7692307692307693,1.0,1.0,0.09615384615384616,0.2,0.23076923076923078,0.8666666666666667,1.0,1.0,1.0,0.11713286713286714,0.2,0.3076923076923077,0.65,1.0,1.0,1.0,0.13636363636363635,0.16,0.3076923076923077,0.52,1.0,1.0,1.0,0.13636363636363635,0.13333333333333333,0.3076923076923077,0.43333333333333335,1.0,1.0,1.0,0.13636363636363635,0.11428571428571428,0.3076923076923077,0.37142857142857144,1.0,1.0,1.0,0.13636363636363635,0.1,0.3076923076923077,0.325,1.0,1.0,1.0,0.13636363636363635,0.08888888888888889,0.3076923076923077,0.28888888888888886,1.0,1.0,1.0,0.13636363636363635,0.08,0.3076923076923077,0.26,1.0,1.0,1.0,0.13636363636363635,distilroberta-dj_adpt,0,webtable-v2v-v=12-distilroberta-dj_adpt~qwen3_8b-dj_adpt
albums_a.pq,1.0,0.0625,1.0,0.0625,1.0,1.0,0.0625,0.6,0.1875,1.0,0.3125,1.0,1.0,0.1875,0.6,0.375,1.0,0.625,1.0,1.0,0.29543650793650794,0.7333333333333333,0.6875,1.0,0.9375,1.0,1.0,0.5106213231213231,0.75,0.9375,0.8,1.0,1.0,1.0,0.7032436571426509,0.64,1.0,0.64,1.0,1.0,1.0,0.7508627047616986,0.5333333333333333,1.0,0.5333333333333333,1.0,1.0,1.0,0.7508627047616986,0.45714285714285713,1.0,0.45714285714285713,1.0,1.0,1.0,0.7508627047616986,0.4,1.0,0.4,1.0,1.0,1.0,0.7508627047616986,0.35555555555555557,1.0,0.35555555555555557,1.0,1.0,1.0,0.7508627047616986,0.32,1.0,0.32,1.0,1.0,1.0,0.7508627047616986,distilroberta-dj_adpt,0,webtable-v2v-v=12-distilroberta-dj_adpt~qwen3_8b-dj_adpt
mines_b.pq,1.0,0.07142857142857142,1.0,0.07142857142857142,1.0,1.0,0.07142857142857142,0.2,0.07142857142857142,1.0,0.35714285714285715,1.0,1.0,0.07142857142857142,0.2,0.14285714285714285,1.0,0.7142857142857143,1.0,1.0,0.09523809523809523,0.13333333333333333,0.14285714285714285,0.9333333333333333,1.0,1.0,1.0,0.09523809523809523,0.1,0.14285714285714285,0.7,1.0,1.0,1.0,0.09523809523809523,0.08,0.14285714285714285,0.56,1.0,1.0,1.0,0.09523809523809523,0.06666666666666667,0.14285714285714285,0.4666666666666667,1.0,1.0,1.0,0.09523809523809523,0.05714285714285714,0.14285714285714285,0.4,1.0,1.0,1.0,0.09523809523809523,0.05,0.14285714285714285,0.35,1.0,1.0,1.0,0.09523809523809523,0.044444444444444446,0.14285714285714285,0.3111111111111111,1.0,1.0,1.0,0.09523809523809523,0.04,0.14285714285714285,0.28,1.0,1.0,1.0,0.09523809523809523,distilroberta-dj_adpt,0,webtable-v2v-v=12-distilroberta-dj_adpt~qwen3_8b-dj_adpt
prescribing_b.pq,1.0,0.06666666666666667,1.0,0.06666666666666667,1.0,1.0,0.06666666666666667,0.6,0.2,1.0,0.3333333333333333,1.0,1.0,0.2,0.3,0.2,1.0,0.6666666666666666,1.0,1.0,0.2,0.2,0.2,1.0,1.0,1.0,1.0,0.2,0.15,0.2,0.75,1.0,1.0,1.0,0.2,0.12,0.2,0.6,1.0,1.0,1.0,0.2,0.1,0.2,0.5,1.0,1.0,1.0,0.2,0.08571428571428572,0.2,0.42857142857142855,1.0,1.0,1.0,0.2,0.075,0.2,0.375,1.0,1.0,1.0,0.2,0.06666666666666667,0.2,0.3333333333333333,1.0,1.0,1.0,0.2,0.06,0.2,0.3,1.0,1.0,1.0,0.2,distilroberta-dj_adpt,0,webtable-v2v-v=12-distilroberta-dj_adpt~qwen3_8b-dj_adpt
workforce_management_information_b.pq,1.0,0.05555555555555555,1.0,0.05555555555555555,1.0,1.0,0.05555555555555555,0.4,0.1111111111111111,1.0,0.2777777777777778,1.0,1.0,0.1111111111111111,0.2,0.1111111111111111,1.0,0.5555555555555556,1.0,1.0,0.1111111111111111,0.13333333333333333,0.1111111111111111,1.0,0.8333333333333334,1.0,1.0,0.1111111111111111,0.1,0.1111111111111111,0.9,1.0,1.0,1.0,0.1111111111111111,0.08,0.1111111111111111,0.72,1.0,1.0,1.0,0.1111111111111111,0.13333333333333333,0.2222222222222222,0.6,1.0,1.0,1.0,0.12545787545787546,0.2,0.3888888888888889,0.5142857142857142,1.0,1.0,1.0,0.1566196273857564,0.175,0.3888888888888889,0.45,1.0,1.0,1.0,0.1566196273857564,0.17777777777777778,0.4444444444444444,0.4,1.0,1.0,1.0,0.16649617059563296,0.16,0.4444444444444444,0.36,1.0,1.0,1.0,0.16649617059563296,distilroberta-dj_adpt,0,webtable-v2v-v=12-distilroberta-dj_adpt~qwen3_8b-dj_adpt
albums_b.pq,1.0,0.0625,1.0,0.0625,1.0,1.0,0.0625,1.0,0.3125,1.0,0.3125,1.0,1.0,0.3125,0.6,0.375,1.0,0.625,1.0,1.0,0.375,0.5333333333333333,0.5,1.0,0.9375,1.0,1.0,0.45323426573426573,0.45,0.5625,0.8,1.0,1.0,1.0,0.48448426573426573,0.4,0.625,0.64,1.0,1.0,1.0,0.5105259324009324,0.3333333333333333,0.625,0.5333333333333333,1.0,1.0,1.0,0.5105259324009324,0.3142857142857143,0.6875,0.45714285714285713,1.0,1.0,1.0,0.5301687895437895,0.275,0.6875,0.4,1.0,1.0,1.0,0.5301687895437895,0.24444444444444444,0.6875,0.35555555555555557,1.0,1.0,1.0,0.5301687895437895,0.22,0.6875,0.32,1.0,1.0,1.0,0.5301687895437895,distilroberta-dj_adpt,0,webtable-v2v-v=12-distilroberta-dj_adpt~qwen3_8b-dj_adpt
contributors_parties_b.pq,1.0,0.047619047619047616,1.0,0.047619047619047616,1.0,1.0,0.047619047619047616,1.0,0.23809523809523808,1.0,0.23809523809523808,1.0,1.0,0.23809523809523808,0.8,0.38095238095238093,1.0,0.47619047619047616,1.0,1.0,0.38095238095238093,0.6,0.42857142857142855,1.0,0.7142857142857143,1.0,1.0,0.4115646258503401,0.45,0.42857142857142855,1.0,0.9523809523809523,1.0,1.0,0.4115646258503401,0.36,0.42857142857142855,0.84,1.0,1.0,1.0,0.4115646258503401,0.3,0.42857142857142855,0.7,1.0,1.0,1.0,0.4115646258503401,0.2571428571428571,0.42857142857142855,0.6,1.0,1.0,1.0,0.4115646258503401,0.25,0.47619047619047616,0.525,1.0,1.0,1.0,0.42377463806035237,0.2222222222222222,0.47619047619047616,0.4666666666666667,1.0,1.0,1.0,0.42377463806035237,0.24,0.5714285714285714,0.42,1.0,1.0,1.0,0.44634809297423284,distilroberta-dj_adpt,0,webtable-v2v-v=12-distilroberta-dj_adpt~qwen3_8b-dj_adpt
psyckes_antipsychotic_polypharmacy_quality_indicators_beginning_2012_a.pq,1.0,0.09090909090909091,1.0,0.09090909090909091,1.0,1.0,0.09090909090909091,0.2,0.09090909090909091,1.0,0.45454545454545453,1.0,1.0,0.09090909090909091,0.1,0.09090909090909091,1.0,0.9090909090909091,1.0,1.0,0.09090909090909091,0.06666666666666667,0.09090909090909091,0.7333333333333333,1.0,1.0,1.0,0.09090909090909091,0.05,0.09090909090909091,0.55,1.0,1.0,1.0,0.09090909090909091,0.04,0.09090909090909091,0.44,1.0,1.0,1.0,0.09090909090909091,0.03333333333333333,0.09090909090909091,0.36666666666666664,1.0,1.0,1.0,0.09090909090909091,0.02857142857142857,0.09090909090909091,0.3142857142857143,1.0,1.0,1.0,0.09090909090909091,0.025,0.09090909090909091,0.275,1.0,1.0,1.0,0.09090909090909091,0.022222222222222223,0.09090909090909091,0.24444444444444444,1.0,1.0,1.0,0.09090909090909091,0.02,0.09090909090909091,0.22,1.0,1.0,1.0,0.09090909090909091,distilroberta-dj_adpt,0,webtable-v2v-v=12-distilroberta-dj_adpt~qwen3_8b-dj_adpt
cihr_co-applicant_b.pq,1.0,0.08333333333333333,1.0,0.08333333333333333,1.0,1.0,0.08333333333333333,1.0,0.4166666666666667,1.0,0.4166666666666667,1.0,1.0,0.4166666666666667,1.0,0.8333333333333334,1.0,0.8333333333333334,1.0,1.0,0.8333333333333334,0.8,1.0,0.8,1.0,1.0,1.0,1.0,0.6,1.0,0.6,1.0,1.0,1.0,1.0,0.48,1.0,0.48,1.0,1.0,1.0,1.0,0.4,1.0,0.4,1.0,1.0,1.0,1.0,0.34285714285714286,1.0,0.34285714285714286,1.0,1.0,1.0,1.0,0.3,1.0,0.3,1.0,1.0,1.0,1.0,0.26666666666666666,1.0,0.26666666666666666,1.0,1.0,1.0,1.0,0.24,1.0,0.24,1.0,1.0,1.0,1.0,distilroberta-dj_adpt,0,webtable-v2v-v=12-distilroberta-dj_adpt~qwen3_8b-dj_adpt
cdc_nutrition_physical_activity_and_obesity_legislation_a.pq,1.0,0.09090909090909091,1.0,0.09090909090909091,1.0,1.0,0.09090909090909091,0.2,0.09090909090909091,1.0,0.45454545454545453,1.0,1.0,0.09090909090909091,0.1,0.09090909090909091,1.0,0.9090909090909091,1.0,1.0,0.09090909090909091,0.06666666666666667,0.09090909090909091,0.7333333333333333,1.0,1.0,1.0,0.09090909090909091,0.05,0.09090909090909091,0.55,1.0,1.0,1.0,0.09090909090909091,0.04,0.09090909090909091,0.44,1.0,1.0,1.0,0.09090909090909091,0.03333333333333333,0.09090909090909091,0.36666666666666664,1.0,1.0,1.0,0.09090909090909091,0.02857142857142857,0.09090909090909091,0.3142857142857143,1.0,1.0,1.0,0.09090909090909091,0.025,0.09090909090909091,0.275,1.0,1.0,1.0,0.09090909090909091,0.022222222222222223,0.09090909090909091,0.24444444444444444,1.0,1.0,1.0,0.09090909090909091,0.02,0.09090909090909091,0.22,1.0,1.0,1.0,0.09090909090909091,distilroberta-dj_adpt,0,webtable-v2v-v=12-distilroberta-dj_adpt~qwen3_8b-dj_adpt
business_rates_a.pq,1.0,0.08333333333333333,1.0,0.08333333333333333,1.0,1.0,0.08333333333333333,0.2,0.08333333333333333,1.0,0.4166666666666667,1.0,1.0,0.08333333333333333,0.1,0.08333333333333333,1.0,0.8333333333333334,1.0,1.0,0.08333333333333333,0.06666666666666667,0.08333333333333333,0.8,1.0,1.0,1.0,0.08333333333333333,0.05,0.08333333333333333,0.6,1.0,1.0,1.0,0.08333333333333333,0.04,0.08333333333333333,0.48,1.0,1.0,1.0,0.08333333333333333,0.03333333333333333,0.08333333333333333,0.4,1.0,1.0,1.0,0.08333333333333333,0.02857142857142857,0.08333333333333333,0.34285714285714286,1.0,1.0,1.0,0.08333333333333333,0.025,0.08333333333333333,0.3,1.0,1.0,1.0,0.08333333333333333,0.022222222222222223,0.08333333333333333,0.26666666666666666,1.0,1.0,1.0,0.08333333333333333,0.02,0.08333333333333333,0.24,1.0,1.0,1.0,0.08333333333333333,distilroberta-dj_adpt,0,webtable-v2v-v=12-distilroberta-dj_adpt~qwen3_8b-dj_adpt
lane_description_b.pq,1.0,0.0625,1.0,0.0625,1.0,1.0,0.0625,0.2,0.0625,1.0,0.3125,1.0,1.0,0.0625,0.1,0.0625,1.0,0.625,1.0,1.0,0.0625,0.06666666666666667,0.0625,1.0,0.9375,1.0,1.0,0.0625,0.05,0.0625,0.8,1.0,1.0,1.0,0.0625,0.04,0.0625,0.64,1.0,1.0,1.0,0.0625,0.03333333333333333,0.0625,0.5333333333333333,1.0,1.0,1.0,0.0625,0.02857142857142857,0.0625,0.45714285714285713,1.0,1.0,1.0,0.0625,0.025,0.0625,0.4,1.0,1.0,1.0,0.0625,0.022222222222222223,0.0625,0.35555555555555557,1.0,1.0,1.0,0.0625,0.02,0.0625,0.32,1.0,1.0,1.0,0.0625,distilroberta-dj_adpt,0,webtable-v2v-v=12-distilroberta-dj_adpt~qwen3_8b-dj_adpt
practice_reference_a.pq,1.0,0.06666666666666667,1.0,0.06666666666666667,1.0,1.0,0.06666666666666667,0.8,0.26666666666666666,1.0,0.3333333333333333,1.0,1.0,0.23666666666666666,0.7,0.4666666666666667,1.0,0.6666666666666666,1.0,1.0,0.36944444444444446,0.4666666666666667,0.4666666666666667,1.0,1.0,1.0,1.0,0.36944444444444446,0.5,0.6666666666666666,0.75,1.0,1.0,1.0,0.46398635477582845,0.4,0.6666666666666666,0.6,1.0,1.0,1.0,0.46398635477582845,0.3333333333333333,0.6666666666666666,0.5,1.0,1.0,1.0,0.46398635477582845,0.2857142857142857,0.6666666666666666,0.42857142857142855,1.0,1.0,1.0,0.46398635477582845,0.275,0.7333333333333333,0.375,1.0,1.0,1.0,0.4843567251461988,0.24444444444444444,0.7333333333333333,0.3333333333333333,1.0,1.0,1.0,0.4843567251461988,0.24,0.8,0.3,1.0,1.0,1.0,0.5013780017419436,distilroberta-dj_adpt,0,webtable-v2v-v=12-distilroberta-dj_adpt~qwen3_8b-dj_adpt
data_mill_b.pq,1.0,0.07142857142857142,1.0,0.07142857142857142,1.0,1.0,0.07142857142857142,0.2,0.07142857142857142,1.0,0.35714285714285715,1.0,1.0,0.07142857142857142,0.1,0.07142857142857142,1.0,0.7142857142857143,1.0,1.0,0.07142857142857142,0.06666666666666667,0.07142857142857142,0.9333333333333333,1.0,1.0,1.0,0.07142857142857142,0.05,0.07142857142857142,0.7,1.0,1.0,1.0,0.07142857142857142,0.04,0.07142857142857142,0.56,1.0,1.0,1.0,0.07142857142857142,0.03333333333333333,0.07142857142857142,0.4666666666666667,1.0,1.0,1.0,0.07142857142857142,0.02857142857142857,0.07142857142857142,0.4,1.0,1.0,1.0,0.07142857142857142,0.025,0.07142857142857142,0.35,1.0,1.0,1.0,0.07142857142857142,0.022222222222222223,0.07142857142857142,0.3111111111111111,1.0,1.0,1.0,0.07142857142857142,0.02,0.07142857142857142,0.28,1.0,1.0,1.0,0.07142857142857142,distilroberta-dj_adpt,0,webtable-v2v-v=12-distilroberta-dj_adpt~qwen3_8b-dj_adpt
lane_description_a.pq,1.0,0.0625,1.0,0.0625,1.0,1.0,0.0625,0.2,0.0625,1.0,0.3125,1.0,1.0,0.0625,0.1,0.0625,1.0,0.625,1.0,1.0,0.0625,0.06666666666666667,0.0625,1.0,0.9375,1.0,1.0,0.0625,0.05,0.0625,0.8,1.0,1.0,1.0,0.0625,0.04,0.0625,0.64,1.0,1.0,1.0,0.0625,0.03333333333333333,0.0625,0.5333333333333333,1.0,1.0,1.0,0.0625,0.02857142857142857,0.0625,0.45714285714285713,1.0,1.0,1.0,0.0625,0.025,0.0625,0.4,1.0,1.0,1.0,0.0625,0.022222222222222223,0.0625,0.35555555555555557,1.0,1.0,1.0,0.0625,0.02,0.0625,0.32,1.0,1.0,1.0,0.0625,distilroberta-dj_adpt,0,webtable-v2v-v=12-distilroberta-dj_adpt~qwen3_8b-dj_adpt
deaths_2012_2018_a.pq,1.0,0.09090909090909091,1.0,0.09090909090909091,1.0,1.0,0.09090909090909091,0.6,0.2727272727272727,1.0,0.45454545454545453,1.0,1.0,0.19090909090909092,0.5,0.45454545454545453,1.0,0.9090909090909091,1.0,1.0,0.2767676767676768,0.3333333333333333,0.45454545454545453,0.7333333333333333,1.0,1.0,1.0,0.2767676767676768,0.3,0.5454545454545454,0.55,1.0,1.0,1.0,0.3054758107389686,0.32,0.7272727272727273,0.44,1.0,1.0,1.0,0.36349233966458844,0.3,0.8181818181818182,0.36666666666666664,1.0,1.0,1.0,0.39496087113311995,0.2857142857142857,0.9090909090909091,0.3142857142857143,1.0,1.0,1.0,0.42169883904755845,0.275,1.0,0.275,1.0,1.0,1.0,0.4480146285212427,0.24444444444444444,1.0,0.24444444444444444,1.0,1.0,1.0,0.4480146285212427,0.22,1.0,0.22,1.0,1.0,1.0,0.4480146285212427,distilroberta-dj_adpt,0,webtable-v2v-v=12-distilroberta-dj_adpt~qwen3_8b-dj_adpt
cihr_co-applicant_a.pq,1.0,0.08333333333333333,1.0,0.08333333333333333,1.0,1.0,0.08333333333333333,0.8,0.3333333333333333,1.0,0.4166666666666667,1.0,1.0,0.3333333333333333,0.9,0.75,1.0,0.8333333333333334,1.0,1.0,0.69619708994709,0.7333333333333333,0.9166666666666666,0.8,1.0,1.0,1.0,0.8483435545935546,0.6,1.0,0.6,1.0,1.0,1.0,0.9038991101491102,0.48,1.0,0.48,1.0,1.0,1.0,0.9038991101491102,0.4,1.0,0.4,1.0,1.0,1.0,0.9038991101491102,0.34285714285714286,1.0,0.34285714285714286,1.0,1.0,1.0,0.9038991101491102,0.3,1.0,0.3,1.0,1.0,1.0,0.9038991101491102,0.26666666666666666,1.0,0.26666666666666666,1.0,1.0,1.0,0.9038991101491102,0.24,1.0,0.24,1.0,1.0,1.0,0.9038991101491102,distilroberta-dj_adpt,0,webtable-v2v-v=12-distilroberta-dj_adpt~qwen3_8b-dj_adpt
monthly_data_feed_b.pq,1.0,0.07692307692307693,1.0,0.07692307692307693,1.0,1.0,0.07692307692307693,0.2,0.07692307692307693,1.0,0.38461538461538464,1.0,1.0,0.07692307692307693,0.1,0.07692307692307693,1.0,0.7692307692307693,1.0,1.0,0.07692307692307693,0.06666666666666667,0.07692307692307693,0.8666666666666667,1.0,1.0,1.0,0.07692307692307693,0.05,0.07692307692307693,0.65,1.0,1.0,1.0,0.07692307692307693,0.04,0.07692307692307693,0.52,1.0,1.0,1.0,0.07692307692307693,0.03333333333333333,0.07692307692307693,0.43333333333333335,1.0,1.0,1.0,0.07692307692307693,0.02857142857142857,0.07692307692307693,0.37142857142857144,1.0,1.0,1.0,0.07692307692307693,0.025,0.07692307692307693,0.325,1.0,1.0,1.0,0.07692307692307693,0.022222222222222223,0.07692307692307693,0.28888888888888886,1.0,1.0,1.0,0.07692307692307693,0.04,0.15384615384615385,0.26,1.0,1.0,1.0,0.08012820512820513,distilroberta-dj_adpt,0,webtable-v2v-v=12-distilroberta-dj_adpt~qwen3_8b-dj_adpt
data_mill_a.pq,1.0,0.07142857142857142,1.0,0.07142857142857142,1.0,1.0,0.07142857142857142,1.0,0.35714285714285715,1.0,0.35714285714285715,1.0,1.0,0.35714285714285715,0.7,0.5,1.0,0.7142857142857143,1.0,1.0,0.47392290249433106,0.5333333333333333,0.5714285714285714,0.9333333333333333,1.0,1.0,1.0,0.517878946450375,0.4,0.5714285714285714,0.7,1.0,1.0,1.0,0.517878946450375,0.32,0.5714285714285714,0.56,1.0,1.0,1.0,0.517878946450375,0.26666666666666666,0.5714285714285714,0.4666666666666667,1.0,1.0,1.0,0.517878946450375,0.2571428571428571,0.6428571428571429,0.4,1.0,1.0,1.0,0.5367865094755851,0.25,0.7142857142857143,0.35,1.0,1.0,1.0,0.5560915287806044,0.2222222222222222,0.7142857142857143,0.3111111111111111,1.0,1.0,1.0,0.5560915287806044,0.2,0.7142857142857143,0.28,1.0,1.0,1.0,0.5560915287806044,distilroberta-dj_adpt,0,webtable-v2v-v=12-distilroberta-dj_adpt~qwen3_8b-dj_adpt
biodiversity_a.pq,1.0,0.09090909090909091,1.0,0.09090909090909091,1.0,1.0,0.09090909090909091,0.2,0.09090909090909091,1.0,0.45454545454545453,1.0,1.0,0.09090909090909091,0.1,0.09090909090909091,1.0,0.9090909090909091,1.0,1.0,0.09090909090909091,0.06666666666666667,0.09090909090909091,0.7333333333333333,1.0,1.0,1.0,0.09090909090909091,0.05,0.09090909090909091,0.55,1.0,1.0,1.0,0.09090909090909091,0.04,0.09090909090909091,0.44,1.0,1.0,1.0,0.09090909090909091,0.03333333333333333,0.09090909090909091,0.36666666666666664,1.0,1.0,1.0,0.09090909090909091,0.02857142857142857,0.09090909090909091,0.3142857142857143,1.0,1.0,1.0,0.09090909090909091,0.025,0.09090909090909091,0.275,1.0,1.0,1.0,0.09090909090909091,0.022222222222222223,0.09090909090909091,0.24444444444444444,1.0,1.0,1.0,0.09090909090909091,0.04,0.18181818181818182,0.22,1.0,1.0,1.0,0.09469696969696971,distilroberta-dj_adpt,0,webtable-v2v-v=12-distilroberta-dj_adpt~qwen3_8b-dj_adpt
minister_meetings_a.pq,1.0,0.1,1.0,0.1,1.0,1.0,0.1,0.2,0.1,1.0,0.5,1.0,1.0,0.1,0.2,0.2,1.0,1.0,1.0,1.0,0.125,0.13333333333333333,0.2,0.6666666666666666,1.0,1.0,1.0,0.125,0.1,0.2,0.5,1.0,1.0,1.0,0.125,0.08,0.2,0.4,1.0,1.0,1.0,0.125,0.06666666666666667,0.2,0.3333333333333333,1.0,1.0,1.0,0.125,0.05714285714285714,0.2,0.2857142857142857,1.0,1.0,1.0,0.125,0.05,0.2,0.25,1.0,1.0,1.0,0.125,0.044444444444444446,0.2,0.2222222222222222,1.0,1.0,1.0,0.125,0.04,0.2,0.2,1.0,1.0,1.0,0.125,distilroberta-dj_adpt,0,webtable-v2v-v=12-distilroberta-dj_adpt~qwen3_8b-dj_adpt
wholesale_markets_a.pq,1.0,0.09090909090909091,1.0,0.09090909090909091,1.0,1.0,0.09090909090909091,0.2,0.09090909090909091,1.0,0.45454545454545453,1.0,1.0,0.09090909090909091,0.1,0.09090909090909091,1.0,0.9090909090909091,1.0,1.0,0.09090909090909091,0.06666666666666667,0.09090909090909091,0.7333333333333333,1.0,1.0,1.0,0.09090909090909091,0.05,0.09090909090909091,0.55,1.0,1.0,1.0,0.09090909090909091,0.04,0.09090909090909091,0.44,1.0,1.0,1.0,0.09090909090909091,0.03333333333333333,0.09090909090909091,0.36666666666666664,1.0,1.0,1.0,0.09090909090909091,0.02857142857142857,0.09090909090909091,0.3142857142857143,1.0,1.0,1.0,0.09090909090909091,0.025,0.09090909090909091,0.275,1.0,1.0,1.0,0.09090909090909091,0.044444444444444446,0.18181818181818182,0.24444444444444444,1.0,1.0,1.0,0.09504132231404959,0.04,0.18181818181818182,0.22,1.0,1.0,1.0,0.09504132231404959,distilroberta-dj_adpt,0,webtable-v2v-v=12-distilroberta-dj_adpt~qwen3_8b-dj_adpt
film_locations_in_san_francisco_a.pq,1.0,0.07692307692307693,1.0,0.07692307692307693,1.0,1.0,0.07692307692307693,0.6,0.23076923076923078,1.0,0.38461538461538464,1.0,1.0,0.17435897435897435,0.8,0.6153846153846154,1.0,0.7692307692307693,1.0,1.0,0.4596459096459097,0.8,0.9230769230769231,0.8666666666666667,1.0,1.0,1.0,0.7177083600160523,0.65,1.0,0.65,1.0,1.0,1.0,0.7703399389634207,0.52,1.0,0.52,1.0,1.0,1.0,0.7703399389634207,0.43333333333333335,1.0,0.43333333333333335,1.0,1.0,1.0,0.7703399389634207,0.37142857142857144,1.0,0.37142857142857144,1.0,1.0,1.0,0.7703399389634207,0.325,1.0,0.325,1.0,1.0,1.0,0.7703399389634207,0.28888888888888886,1.0,0.28888888888888886,1.0,1.0,1.0,0.7703399389634207,0.26,1.0,0.26,1.0,1.0,1.0,0.7703399389634207,distilroberta-dj_adpt,0,webtable-v2v-v=12-distilroberta-dj_adpt~qwen3_8b-dj_adpt
workforce_management_information_a.pq,1.0,0.05555555555555555,1.0,0.05555555555555555,1.0,1.0,0.05555555555555555,1.0,0.2777777777777778,1.0,0.2777777777777778,1.0,1.0,0.2777777777777778,0.8,0.4444444444444444,1.0,0.5555555555555556,1.0,1.0,0.43333333333333335,0.5333333333333333,0.4444444444444444,1.0,0.8333333333333334,1.0,1.0,0.43333333333333335,0.4,0.4444444444444444,0.9,1.0,1.0,1.0,0.43333333333333335,0.32,0.4444444444444444,0.72,1.0,1.0,1.0,0.43333333333333335,0.26666666666666666,0.4444444444444444,0.6,1.0,1.0,1.0,0.43333333333333335,0.22857142857142856,0.4444444444444444,0.5142857142857142,1.0,1.0,1.0,0.43333333333333335,0.2,0.4444444444444444,0.45,1.0,1.0,1.0,0.43333333333333335,0.17777777777777778,0.4444444444444444,0.4,1.0,1.0,1.0,0.43333333333333335,0.18,0.5,0.36,1.0,1.0,1.0,0.44420289855072465,distilroberta-dj_adpt,0,webtable-v2v-v=12-distilroberta-dj_adpt~qwen3_8b-dj_adpt
abandoned_wells_a.pq,1.0,0.09090909090909091,1.0,0.09090909090909091,1.0,1.0,0.09090909090909091,0.4,0.18181818181818182,1.0,0.45454545454545453,1.0,1.0,0.18181818181818182,0.3,0.2727272727272727,1.0,0.9090909090909091,1.0,1.0,0.2159090909090909,0.3333333333333333,0.45454545454545453,0.7333333333333333,1.0,1.0,1.0,0.2868457300275482,0.25,0.45454545454545453,0.55,1.0,1.0,1.0,0.2868457300275482,0.24,0.5454545454545454,0.44,1.0,1.0,1.0,0.3128197560015742,0.2,0.5454545454545454,0.36666666666666664,1.0,1.0,1.0,0.3128197560015742,0.17142857142857143,0.5454545454545454,0.3142857142857143,1.0,1.0,1.0,0.3128197560015742,0.175,0.6363636363636364,0.275,1.0,1.0,1.0,0.3291367723185905,0.17777777777777778,0.7272727272727273,0.24444444444444444,1.0,1.0,1.0,0.3468751315203643,0.18,0.8181818181818182,0.22,1.0,1.0,1.0,0.36466169278518645,distilroberta-dj_adpt,0,webtable-v2v-v=12-distilroberta-dj_adpt~qwen3_8b-dj_adpt
contributors_parties_a.pq,1.0,0.047619047619047616,1.0,0.047619047619047616,1.0,1.0,0.047619047619047616,1.0,0.23809523809523808,1.0,0.23809523809523808,1.0,1.0,0.23809523809523808,0.7,0.3333333333333333,1.0,0.47619047619047616,1.0,1.0,0.32275132275132273,0.6666666666666666,0.47619047619047616,1.0,0.7142857142857143,1.0,1.0,0.4297276797276798,0.6,0.5714285714285714,1.0,0.9523809523809523,1.0,1.0,0.49254096293569977,0.48,0.5714285714285714,0.84,1.0,1.0,1.0,0.49254096293569977,0.4,0.5714285714285714,0.7,1.0,1.0,1.0,0.49254096293569977,0.34285714285714286,0.5714285714285714,0.6,1.0,1.0,1.0,0.49254096293569977,0.325,0.6190476190476191,0.525,1.0,1.0,1.0,0.5092719796667166,0.28888888888888886,0.6190476190476191,0.4666666666666667,1.0,1.0,1.0,0.5092719796667166,0.26,0.6190476190476191,0.42,1.0,1.0,1.0,0.5092719796667166,distilroberta-dj_adpt,0,webtable-v2v-v=12-distilroberta-dj_adpt~qwen3_8b-dj_adpt
purchasing_card_a.pq,1.0,0.07692307692307693,1.0,0.07692307692307693,1.0,1.0,0.07692307692307693,1.0,0.38461538461538464,1.0,0.38461538461538464,1.0,1.0,0.38461538461538464,0.9,0.6923076923076923,1.0,0.7692307692307693,1.0,1.0,0.6664529914529915,0.8,0.9230769230769231,0.8666666666666667,1.0,1.0,1.0,0.8728299478299478,0.6,0.9230769230769231,0.65,1.0,1.0,1.0,0.8728299478299478,0.48,0.9230769230769231,0.52,1.0,1.0,1.0,0.8728299478299478,0.4,0.9230769230769231,0.43333333333333335,1.0,1.0,1.0,0.8728299478299478,0.34285714285714286,0.9230769230769231,0.37142857142857144,1.0,1.0,1.0,0.8728299478299478,0.3,0.9230769230769231,0.325,1.0,1.0,1.0,0.8728299478299478,0.26666666666666666,0.9230769230769231,0.28888888888888886,1.0,1.0,1.0,0.8728299478299478,0.24,0.9230769230769231,0.26,1.0,1.0,1.0,0.8728299478299478,distilroberta-dj_adpt,0,webtable-v2v-v=12-distilroberta-dj_adpt~qwen3_8b-dj_adpt
senior_officials_expenses_a.pq,1.0,0.09090909090909091,1.0,0.09090909090909091,1.0,1.0,0.09090909090909091,0.4,0.18181818181818182,1.0,0.45454545454545453,1.0,1.0,0.1515151515151515,0.2,0.18181818181818182,1.0,0.9090909090909091,1.0,1.0,0.1515151515151515,0.13333333333333333,0.18181818181818182,0.7333333333333333,1.0,1.0,1.0,0.1515151515151515,0.1,0.18181818181818182,0.55,1.0,1.0,1.0,0.1515151515151515,0.12,0.2727272727272727,0.44,1.0,1.0,1.0,0.16337285902503293,0.1,0.2727272727272727,0.36666666666666664,1.0,1.0,1.0,0.16337285902503293,0.08571428571428572,0.2727272727272727,0.3142857142857143,1.0,1.0,1.0,0.16337285902503293,0.075,0.2727272727272727,0.275,1.0,1.0,1.0,0.16337285902503293,0.08888888888888889,0.36363636363636365,0.24444444444444444,1.0,1.0,1.0,0.17224203862591986,0.08,0.36363636363636365,0.22,1.0,1.0,1.0,0.17224203862591986,distilroberta-dj_adpt,0,webtable-v2v-v=12-distilroberta-dj_adpt~qwen3_8b-dj_adpt
new_york_city_restaurant_inspection_results_a.pq,1.0,0.03225806451612903,1.0,0.03225806451612903,1.0,1.0,0.03225806451612903,0.2,0.03225806451612903,1.0,0.16129032258064516,1.0,1.0,0.03225806451612903,0.1,0.03225806451612903,1.0,0.3225806451612903,1.0,1.0,0.03225806451612903,0.06666666666666667,0.03225806451612903,1.0,0.4838709677419355,1.0,1.0,0.03225806451612903,0.05,0.03225806451612903,1.0,0.6451612903225806,1.0,1.0,0.03225806451612903,0.04,0.03225806451612903,1.0,0.8064516129032258,1.0,1.0,0.03225806451612903,0.03333333333333333,0.03225806451612903,1.0,0.967741935483871,1.0,1.0,0.03225806451612903,0.05714285714285714,0.06451612903225806,0.8857142857142857,1.0,1.0,1.0,0.034101382488479264,0.075,0.0967741935483871,0.775,1.0,1.0,1.0,0.03652073732718894,0.13333333333333333,0.1935483870967742,0.6888888888888889,1.0,1.0,1.0,0.04790693832786673,0.16,0.25806451612903225,0.62,1.0,1.0,1.0,0.05808767500139681,distilroberta-dj_adpt,0,webtable-v2v-v=12-distilroberta-dj_adpt~qwen3_8b-dj_adpt
prescribing_a.pq,1.0,0.06666666666666667,1.0,0.06666666666666667,1.0,1.0,0.06666666666666667,0.4,0.13333333333333333,1.0,0.3333333333333333,1.0,1.0,0.13333333333333333,0.2,0.13333333333333333,1.0,0.6666666666666666,1.0,1.0,0.13333333333333333,0.13333333333333333,0.13333333333333333,1.0,1.0,1.0,1.0,0.13333333333333333,0.1,0.13333333333333333,0.75,1.0,1.0,1.0,0.13333333333333333,0.16,0.26666666666666666,0.6,1.0,1.0,1.0,0.15352380952380953,0.13333333333333333,0.26666666666666666,0.5,1.0,1.0,1.0,0.15352380952380953,0.11428571428571428,0.26666666666666666,0.42857142857142855,1.0,1.0,1.0,0.15352380952380953,0.125,0.3333333333333333,0.375,1.0,1.0,1.0,0.16207081807081808,0.1111111111111111,0.3333333333333333,0.3333333333333333,1.0,1.0,1.0,0.16207081807081808,0.1,0.3333333333333333,0.3,1.0,1.0,1.0,0.16207081807081808,distilroberta-dj_adpt,0,webtable-v2v-v=12-distilroberta-dj_adpt~qwen3_8b-dj_adpt
stockport_contracts_a.pq,1.0,0.07692307692307693,1.0,0.07692307692307693,1.0,1.0,0.07692307692307693,0.2,0.07692307692307693,1.0,0.38461538461538464,1.0,1.0,0.07692307692307693,0.1,0.07692307692307693,1.0,0.7692307692307693,1.0,1.0,0.07692307692307693,0.06666666666666667,0.07692307692307693,0.8666666666666667,1.0,1.0,1.0,0.07692307692307693,0.05,0.07692307692307693,0.65,1.0,1.0,1.0,0.07692307692307693,0.04,0.07692307692307693,0.52,1.0,1.0,1.0,0.07692307692307693,0.06666666666666667,0.15384615384615385,0.43333333333333335,1.0,1.0,1.0,0.08222811671087532,0.05714285714285714,0.15384615384615385,0.37142857142857144,1.0,1.0,1.0,0.08222811671087532,0.05,0.15384615384615385,0.325,1.0,1.0,1.0,0.08222811671087532,0.044444444444444446,0.15384615384615385,0.28888888888888886,1.0,1.0,1.0,0.08222811671087532,0.04,0.15384615384615385,0.26,1.0,1.0,1.0,0.08222811671087532,distilroberta-dj_adpt,0,webtable-v2v-v=12-distilroberta-dj_adpt~qwen3_8b-dj_adpt
job_pay_scales_a.pq,1.0,0.06666666666666667,1.0,0.06666666666666667,1.0,1.0,0.06666666666666667,0.4,0.13333333333333333,1.0,0.3333333333333333,1.0,1.0,0.13333333333333333,0.2,0.13333333333333333,1.0,0.6666666666666666,1.0,1.0,0.13333333333333333,0.13333333333333333,0.13333333333333333,1.0,1.0,1.0,1.0,0.13333333333333333,0.15,0.2,0.75,1.0,1.0,1.0,0.14385964912280702,0.12,0.2,0.6,1.0,1.0,1.0,0.14385964912280702,0.1,0.2,0.5,1.0,1.0,1.0,0.14385964912280702,0.08571428571428572,0.2,0.42857142857142855,1.0,1.0,1.0,0.14385964912280702,0.1,0.26666666666666666,0.375,1.0,1.0,1.0,0.15087719298245614,0.08888888888888889,0.26666666666666666,0.3333333333333333,1.0,1.0,1.0,0.15087719298245614,0.08,0.26666666666666666,0.3,1.0,1.0,1.0,0.15087719298245614,distilroberta-dj_adpt,0,webtable-v2v-v=12-distilroberta-dj_adpt~qwen3_8b-dj_adpt
complaint_by_practice_b.pq,1.0,0.07692307692307693,1.0,0.07692307692307693,1.0,1.0,0.07692307692307693,0.6,0.23076923076923078,1.0,0.38461538461538464,1.0,1.0,0.2,0.3,0.23076923076923078,1.0,0.7692307692307693,1.0,1.0,0.2,0.4666666666666667,0.5384615384615384,0.8666666666666667,1.0,1.0,1.0,0.32409129332206255,0.6,0.9230769230769231,0.65,1.0,1.0,1.0,0.536700115528408,0.48,0.9230769230769231,0.52,1.0,1.0,1.0,0.536700115528408,0.4,0.9230769230769231,0.43333333333333335,1.0,1.0,1.0,0.536700115528408,0.34285714285714286,0.9230769230769231,0.37142857142857144,1.0,1.0,1.0,0.536700115528408,0.325,1.0,0.325,1.0,1.0,1.0,0.5623411411694336,0.28888888888888886,1.0,0.28888888888888886,1.0,1.0,1.0,0.5623411411694336,0.26,1.0,0.26,1.0,1.0,1.0,0.5623411411694336,distilroberta-dj_adpt,0,webtable-v2v-v=12-distilroberta-dj_adpt~qwen3_8b-dj_adpt
311_calls_historic_data_a.pq,1.0,0.09090909090909091,1.0,0.09090909090909091,1.0,1.0,0.09090909090909091,0.4,0.18181818181818182,1.0,0.45454545454545453,1.0,1.0,0.13636363636363635,0.5,0.45454545454545453,1.0,0.9090909090909091,1.0,1.0,0.2712842712842713,0.5333333333333333,0.7272727272727273,0.7333333333333333,1.0,1.0,1.0,0.42238619965892693,0.45,0.8181818181818182,0.55,1.0,1.0,1.0,0.4735225632952906,0.44,1.0,0.44,1.0,1.0,1.0,0.5583231382144426,0.36666666666666664,1.0,0.36666666666666664,1.0,1.0,1.0,0.5583231382144426,0.3142857142857143,1.0,0.3142857142857143,1.0,1.0,1.0,0.5583231382144426,0.275,1.0,0.275,1.0,1.0,1.0,0.5583231382144426,0.24444444444444444,1.0,0.24444444444444444,1.0,1.0,1.0,0.5583231382144426,0.22,1.0,0.22,1.0,1.0,1.0,0.5583231382144426,distilroberta-dj_adpt,0,webtable-v2v-v=12-distilroberta-dj_adpt~qwen3_8b-dj_adpt
stockport_contracts_b.pq,1.0,0.07692307692307693,1.0,0.07692307692307693,1.0,1.0,0.07692307692307693,0.2,0.07692307692307693,1.0,0.38461538461538464,1.0,1.0,0.07692307692307693,0.1,0.07692307692307693,1.0,0.7692307692307693,1.0,1.0,0.07692307692307693,0.06666666666666667,0.07692307692307693,0.8666666666666667,1.0,1.0,1.0,0.07692307692307693,0.05,0.07692307692307693,0.65,1.0,1.0,1.0,0.07692307692307693,0.08,0.15384615384615385,0.52,1.0,1.0,1.0,0.08361204013377926,0.1,0.23076923076923078,0.43333333333333335,1.0,1.0,1.0,0.09215904868078781,0.08571428571428572,0.23076923076923078,0.37142857142857144,1.0,1.0,1.0,0.09215904868078781,0.1,0.3076923076923077,0.325,1.0,1.0,1.0,0.10047505699679612,0.08888888888888889,0.3076923076923077,0.28888888888888886,1.0,1.0,1.0,0.10047505699679612,0.1,0.38461538461538464,0.26,1.0,1.0,1.0,0.10848787750961665,distilroberta-dj_adpt,0,webtable-v2v-v=12-distilroberta-dj_adpt~qwen3_8b-dj_adpt
monthly_data_feed_a.pq,1.0,0.07692307692307693,1.0,0.07692307692307693,1.0,1.0,0.07692307692307693,1.0,0.38461538461538464,1.0,0.38461538461538464,1.0,1.0,0.38461538461538464,0.6,0.46153846153846156,1.0,0.7692307692307693,1.0,1.0,0.46153846153846156,0.4,0.46153846153846156,0.8666666666666667,1.0,1.0,1.0,0.46153846153846156,0.3,0.46153846153846156,0.65,1.0,1.0,1.0,0.46153846153846156,0.24,0.46153846153846156,0.52,1.0,1.0,1.0,0.46153846153846156,0.2,0.46153846153846156,0.43333333333333335,1.0,1.0,1.0,0.46153846153846156,0.17142857142857143,0.46153846153846156,0.37142857142857144,1.0,1.0,1.0,0.46153846153846156,0.15,0.46153846153846156,0.325,1.0,1.0,1.0,0.46153846153846156,0.13333333333333333,0.46153846153846156,0.28888888888888886,1.0,1.0,1.0,0.46153846153846156,0.16,0.6153846153846154,0.26,1.0,1.0,1.0,0.4853152799581371,distilroberta-dj_adpt,0,webtable-v2v-v=12-distilroberta-dj_adpt~qwen3_8b-dj_adpt
time_spent_watching_vcr_movies_a.pq,1.0,0.09090909090909091,1.0,0.09090909090909091,1.0,1.0,0.09090909090909091,0.8,0.36363636363636365,1.0,0.45454545454545453,1.0,1.0,0.36363636363636365,0.4,0.36363636363636365,1.0,0.9090909090909091,1.0,1.0,0.36363636363636365,0.26666666666666666,0.36363636363636365,0.7333333333333333,1.0,1.0,1.0,0.36363636363636365,0.2,0.36363636363636365,0.55,1.0,1.0,1.0,0.36363636363636365,0.16,0.36363636363636365,0.44,1.0,1.0,1.0,0.36363636363636365,0.13333333333333333,0.36363636363636365,0.36666666666666664,1.0,1.0,1.0,0.36363636363636365,0.11428571428571428,0.36363636363636365,0.3142857142857143,1.0,1.0,1.0,0.36363636363636365,0.1,0.36363636363636365,0.275,1.0,1.0,1.0,0.36363636363636365,0.08888888888888889,0.36363636363636365,0.24444444444444444,1.0,1.0,1.0,0.36363636363636365,0.08,0.36363636363636365,0.22,1.0,1.0,1.0,0.36363636363636365,distilroberta-dj_adpt,0,webtable-v2v-v=12-distilroberta-dj_adpt~qwen3_8b-dj_adpt
civic_building_locations_a.pq,1.0,0.08333333333333333,1.0,0.08333333333333333,1.0,1.0,0.08333333333333333,0.2,0.08333333333333333,1.0,0.4166666666666667,1.0,1.0,0.08333333333333333,0.1,0.08333333333333333,1.0,0.8333333333333334,1.0,1.0,0.08333333333333333,0.06666666666666667,0.08333333333333333,0.8,1.0,1.0,1.0,0.08333333333333333,0.05,0.08333333333333333,0.6,1.0,1.0,1.0,0.08333333333333333,0.04,0.08333333333333333,0.48,1.0,1.0,1.0,0.08333333333333333,0.03333333333333333,0.08333333333333333,0.4,1.0,1.0,1.0,0.08333333333333333,0.02857142857142857,0.08333333333333333,0.34285714285714286,1.0,1.0,1.0,0.08333333333333333,0.025,0.08333333333333333,0.3,1.0,1.0,1.0,0.08333333333333333,0.022222222222222223,0.08333333333333333,0.26666666666666666,1.0,1.0,1.0,0.08333333333333333,0.02,0.08333333333333333,0.24,1.0,1.0,1.0,0.08333333333333333,distilroberta-dj_adpt,0,webtable-v2v-v=12-distilroberta-dj_adpt~qwen3_8b-dj_adpt
animal_tag_data_b.pq,1.0,0.08333333333333333,1.0,0.08333333333333333,1.0,1.0,0.08333333333333333,1.0,0.4166666666666667,1.0,0.4166666666666667,1.0,1.0,0.4166666666666667,1.0,0.8333333333333334,1.0,0.8333333333333334,1.0,1.0,0.8333333333333334,0.7333333333333333,0.9166666666666666,0.8,1.0,1.0,1.0,0.9097222222222222,0.55,0.9166666666666666,0.6,1.0,1.0,1.0,0.9097222222222222,0.44,0.9166666666666666,0.48,1.0,1.0,1.0,0.9097222222222222,0.4,1.0,0.4,1.0,1.0,1.0,0.9467592592592592,0.34285714285714286,1.0,0.34285714285714286,1.0,1.0,1.0,0.9467592592592592,0.3,1.0,0.3,1.0,1.0,1.0,0.9467592592592592,0.26666666666666666,1.0,0.26666666666666666,1.0,1.0,1.0,0.9467592592592592,0.24,1.0,0.24,1.0,1.0,1.0,0.9467592592592592,distilroberta-dj_adpt,0,webtable-v2v-v=12-distilroberta-dj_adpt~qwen3_8b-dj_adpt
tuition_assistance_program_tap_recipients_a.pq,1.0,0.09090909090909091,1.0,0.09090909090909091,1.0,1.0,0.09090909090909091,0.2,0.09090909090909091,1.0,0.45454545454545453,1.0,1.0,0.09090909090909091,0.1,0.09090909090909091,1.0,0.9090909090909091,1.0,1.0,0.09090909090909091,0.06666666666666667,0.09090909090909091,0.7333333333333333,1.0,1.0,1.0,0.09090909090909091,0.05,0.09090909090909091,0.55,1.0,1.0,1.0,0.09090909090909091,0.04,0.09090909090909091,0.44,1.0,1.0,1.0,0.09090909090909091,0.03333333333333333,0.09090909090909091,0.36666666666666664,1.0,1.0,1.0,0.09090909090909091,0.02857142857142857,0.09090909090909091,0.3142857142857143,1.0,1.0,1.0,0.09090909090909091,0.025,0.09090909090909091,0.275,1.0,1.0,1.0,0.09090909090909091,0.022222222222222223,0.09090909090909091,0.24444444444444444,1.0,1.0,1.0,0.09090909090909091,0.02,0.09090909090909091,0.22,1.0,1.0,1.0,0.09090909090909091,distilroberta-dj_adpt,0,webtable-v2v-v=12-distilroberta-dj_adpt~qwen3_8b-dj_adpt
practice_reference_b.pq,1.0,0.06666666666666667,1.0,0.06666666666666667,1.0,1.0,0.06666666666666667,0.8,0.26666666666666666,1.0,0.3333333333333333,1.0,1.0,0.26666666666666666,0.4,0.26666666666666666,1.0,0.6666666666666666,1.0,1.0,0.26666666666666666,0.3333333333333333,0.3333333333333333,1.0,1.0,1.0,1.0,0.28888888888888886,0.4,0.5333333333333333,0.75,1.0,1.0,1.0,0.3694100447196422,0.32,0.5333333333333333,0.6,1.0,1.0,1.0,0.3694100447196422,0.26666666666666666,0.5333333333333333,0.5,1.0,1.0,1.0,0.3694100447196422,0.2857142857142857,0.6666666666666666,0.42857142857142855,1.0,1.0,1.0,0.40896690363133986,0.25,0.6666666666666666,0.375,1.0,1.0,1.0,0.40896690363133986,0.2222222222222222,0.6666666666666666,0.3333333333333333,1.0,1.0,1.0,0.40896690363133986,0.24,0.8,0.3,1.0,1.0,1.0,0.44089627112301744,distilroberta-dj_adpt,0,webtable-v2v-v=12-distilroberta-dj_adpt~qwen3_8b-dj_adpt
report_card_discipline_for_2015_16_a.pq,1.0,0.09090909090909091,1.0,0.09090909090909091,1.0,1.0,0.09090909090909091,0.2,0.09090909090909091,1.0,0.45454545454545453,1.0,1.0,0.09090909090909091,0.1,0.09090909090909091,1.0,0.9090909090909091,1.0,1.0,0.09090909090909091,0.06666666666666667,0.09090909090909091,0.7333333333333333,1.0,1.0,1.0,0.09090909090909091,0.05,0.09090909090909091,0.55,1.0,1.0,1.0,0.09090909090909091,0.04,0.09090909090909091,0.44,1.0,1.0,1.0,0.09090909090909091,0.03333333333333333,0.09090909090909091,0.36666666666666664,1.0,1.0,1.0,0.09090909090909091,0.02857142857142857,0.09090909090909091,0.3142857142857143,1.0,1.0,1.0,0.09090909090909091,0.05,0.18181818181818182,0.275,1.0,1.0,1.0,0.09595959595959597,0.044444444444444446,0.18181818181818182,0.24444444444444444,1.0,1.0,1.0,0.09595959595959597,0.06,0.2727272727272727,0.22,1.0,1.0,1.0,0.10164141414141414,distilroberta-dj_adpt,0,webtable-v2v-v=12-distilroberta-dj_adpt~qwen3_8b-dj_adpt
ydn_spending_data_a.pq,1.0,0.08333333333333333,1.0,0.08333333333333333,1.0,1.0,0.08333333333333333,0.4,0.16666666666666666,1.0,0.4166666666666667,1.0,1.0,0.125,0.4,0.3333333333333333,1.0,0.8333333333333334,1.0,1.0,0.20370370370370372,0.3333333333333333,0.4166666666666667,0.8,1.0,1.0,1.0,0.23575498575498577,0.35,0.5833333333333334,0.6,1.0,1.0,1.0,0.29423451791872846,0.28,0.5833333333333334,0.48,1.0,1.0,1.0,0.29423451791872846,0.23333333333333334,0.5833333333333334,0.4,1.0,1.0,1.0,0.29423451791872846,0.2,0.5833333333333334,0.34285714285714286,1.0,1.0,1.0,0.29423451791872846,0.175,0.5833333333333334,0.3,1.0,1.0,1.0,0.29423451791872846,0.15555555555555556,0.5833333333333334,0.26666666666666666,1.0,1.0,1.0,0.29423451791872846,0.14,0.5833333333333334,0.24,1.0,1.0,1.0,0.29423451791872846,distilroberta-dj_adpt,0,webtable-v2v-v=12-distilroberta-dj_adpt~qwen3_8b-dj_adpt
ipopayments_b.pq,1.0,0.06666666666666667,1.0,0.06666666666666667,1.0,1.0,0.06666666666666667,0.8,0.26666666666666666,1.0,0.3333333333333333,1.0,1.0,0.26666666666666666,0.7,0.4666666666666667,1.0,0.6666666666666666,1.0,1.0,0.42407407407407405,0.4666666666666667,0.4666666666666667,1.0,1.0,1.0,1.0,0.42407407407407405,0.5,0.6666666666666666,0.75,1.0,1.0,1.0,0.5297385620915033,0.44,0.7333333333333333,0.6,1.0,1.0,1.0,0.5602941176470588,0.4,0.8,0.5,1.0,1.0,1.0,0.5910633484162896,0.34285714285714286,0.8,0.42857142857142855,1.0,1.0,1.0,0.5910633484162896,0.325,0.8666666666666667,0.375,1.0,1.0,1.0,0.614486771839713,0.28888888888888886,0.8666666666666667,0.3333333333333333,1.0,1.0,1.0,0.614486771839713,0.26,0.8666666666666667,0.3,1.0,1.0,1.0,0.614486771839713,distilroberta-dj_adpt,0,webtable-v2v-v=12-distilroberta-dj_adpt~qwen3_8b-dj_adpt
ydn_spending_data_b.pq,1.0,0.08333333333333333,1.0,0.08333333333333333,1.0,1.0,0.08333333333333333,0.6,0.25,1.0,0.4166666666666667,1.0,1.0,0.22916666666666666,0.7,0.5833333333333334,1.0,0.8333333333333334,1.0,1.0,0.46507936507936504,0.5333333333333333,0.6666666666666666,0.8,1.0,1.0,1.0,0.5126984126984127,0.45,0.75,0.6,1.0,1.0,1.0,0.5543650793650793,0.36,0.75,0.48,1.0,1.0,1.0,0.5543650793650793,0.3,0.75,0.4,1.0,1.0,1.0,0.5543650793650793,0.2571428571428571,0.75,0.34285714285714286,1.0,1.0,1.0,0.5543650793650793,0.225,0.75,0.3,1.0,1.0,1.0,0.5543650793650793,0.2,0.75,0.26666666666666666,1.0,1.0,1.0,0.5543650793650793,0.18,0.75,0.24,1.0,1.0,1.0,0.5543650793650793,distilroberta-dj_adpt,0,webtable-v2v-v=12-distilroberta-dj_adpt~qwen3_8b-dj_adpt
ipopayments_a.pq,1.0,0.06666666666666667,1.0,0.06666666666666667,1.0,1.0,0.06666666666666667,0.6,0.2,1.0,0.3333333333333333,1.0,1.0,0.18333333333333332,0.6,0.4,1.0,0.6666666666666666,1.0,1.0,0.3198412698412698,0.5333333333333333,0.5333333333333333,1.0,1.0,1.0,1.0,0.39129426129426126,0.5,0.6666666666666666,0.75,1.0,1.0,1.0,0.4621275946275946,0.52,0.8666666666666667,0.6,1.0,1.0,1.0,0.5679419493549928,0.4666666666666667,0.9333333333333333,0.5,1.0,1.0,1.0,0.6001258574009698,0.4,0.9333333333333333,0.42857142857142855,1.0,1.0,1.0,0.6001258574009698,0.35,0.9333333333333333,0.375,1.0,1.0,1.0,0.6001258574009698,0.3111111111111111,0.9333333333333333,0.3333333333333333,1.0,1.0,1.0,0.6001258574009698,0.28,0.9333333333333333,0.3,1.0,1.0,1.0,0.6001258574009698,distilroberta-dj_adpt,0,webtable-v2v-v=12-distilroberta-dj_adpt~qwen3_8b-dj_adpt
immigration_records_a.pq,1.0,0.0625,1.0,0.0625,1.0,1.0,0.0625,0.2,0.0625,1.0,0.3125,1.0,1.0,0.0625,0.5,0.3125,1.0,0.625,1.0,1.0,0.1657986111111111,0.5333333333333333,0.5,1.0,0.9375,1.0,1.0,0.27480939199689197,0.45,0.5625,0.8,1.0,1.0,1.0,0.302934391996892,0.4,0.625,0.64,1.0,1.0,1.0,0.3313434829059829,0.36666666666666664,0.6875,0.5333333333333333,1.0,1.0,1.0,0.3558970543345543,0.3142857142857143,0.6875,0.45714285714285713,1.0,1.0,1.0,0.3558970543345543,0.325,0.8125,0.4,1.0,1.0,1.0,0.3959463964398175,0.3111111111111111,0.875,0.35555555555555557,1.0,1.0,1.0,0.41728785985445166,0.28,0.875,0.32,1.0,1.0,1.0,0.41728785985445166,distilroberta-dj_adpt,0,webtable-v2v-v=12-distilroberta-dj_adpt~qwen3_8b-dj_adpt
mines_a.pq,1.0,0.07142857142857142,1.0,0.07142857142857142,1.0,1.0,0.07142857142857142,0.2,0.07142857142857142,1.0,0.35714285714285715,1.0,1.0,0.07142857142857142,0.1,0.07142857142857142,1.0,0.7142857142857143,1.0,1.0,0.07142857142857142,0.13333333333333333,0.14285714285714285,0.9333333333333333,1.0,1.0,1.0,0.08163265306122448,0.35,0.5,0.7,1.0,1.0,1.0,0.17922989371187073,0.32,0.5714285714285714,0.56,1.0,1.0,1.0,0.20520391968589666,0.3333333333333333,0.7142857142857143,0.4666666666666667,1.0,1.0,1.0,0.25543939849280406,0.2857142857142857,0.7142857142857143,0.4,1.0,1.0,1.0,0.25543939849280406,0.25,0.7142857142857143,0.35,1.0,1.0,1.0,0.25543939849280406,0.2222222222222222,0.7142857142857143,0.3111111111111111,1.0,1.0,1.0,0.25543939849280406,0.2,0.7142857142857143,0.28,1.0,1.0,1.0,0.25543939849280406,distilroberta-dj_adpt,0,webtable-v2v-v=12-distilroberta-dj_adpt~qwen3_8b-dj_adpt
animal_tag_data_a.pq,1.0,0.08333333333333333,1.0,0.08333333333333333,1.0,1.0,0.08333333333333333,0.2,0.08333333333333333,1.0,0.4166666666666667,1.0,1.0,0.08333333333333333,0.1,0.08333333333333333,1.0,0.8333333333333334,1.0,1.0,0.08333333333333333,0.2,0.25,0.8,1.0,1.0,1.0,0.11507936507936507,0.25,0.4166666666666667,0.6,1.0,1.0,1.0,0.15674603174603174,0.32,0.6666666666666666,0.48,1.0,1.0,1.0,0.23152777777777778,0.36666666666666664,0.9166666666666666,0.4,1.0,1.0,1.0,0.3228473245570947,0.34285714285714286,1.0,0.34285714285714286,1.0,1.0,1.0,0.35409732455709464,0.3,1.0,0.3,1.0,1.0,1.0,0.35409732455709464,0.26666666666666666,1.0,0.26666666666666666,1.0,1.0,1.0,0.35409732455709464,0.24,1.0,0.24,1.0,1.0,1.0,0.35409732455709464,distilroberta-dj_adpt,0,webtable-v2v-v=12-distilroberta-dj_adpt~qwen3_8b-dj_adpt
oil_and_gas_summary_production_data_1967_1999_a.pq,1.0,0.09090909090909091,1.0,0.09090909090909091,1.0,1.0,0.09090909090909091,0.2,0.09090909090909091,1.0,0.45454545454545453,1.0,1.0,0.09090909090909091,0.1,0.09090909090909091,1.0,0.9090909090909091,1.0,1.0,0.09090909090909091,0.06666666666666667,0.09090909090909091,0.7333333333333333,1.0,1.0,1.0,0.09090909090909091,0.05,0.09090909090909091,0.55,1.0,1.0,1.0,0.09090909090909091,0.04,0.09090909090909091,0.44,1.0,1.0,1.0,0.09090909090909091,0.06666666666666667,0.18181818181818182,0.36666666666666664,1.0,1.0,1.0,0.09717868338557993,0.05714285714285714,0.18181818181818182,0.3142857142857143,1.0,1.0,1.0,0.09717868338557993,0.05,0.18181818181818182,0.275,1.0,1.0,1.0,0.09717868338557993,0.044444444444444446,0.18181818181818182,0.24444444444444444,1.0,1.0,1.0,0.09717868338557993,0.06,0.2727272727272727,0.22,1.0,1.0,1.0,0.10263322884012539,distilroberta-dj_adpt,0,webtable-v2v-v=12-distilroberta-dj_adpt~qwen3_8b-dj_adpt
complaint_by_practice_a.pq,1.0,0.07692307692307693,1.0,0.07692307692307693,1.0,1.0,0.07692307692307693,0.2,0.07692307692307693,1.0,0.38461538461538464,1.0,1.0,0.07692307692307693,0.1,0.07692307692307693,1.0,0.7692307692307693,1.0,1.0,0.07692307692307693,0.06666666666666667,0.07692307692307693,0.8666666666666667,1.0,1.0,1.0,0.07692307692307693,0.1,0.15384615384615385,0.65,1.0,1.0,1.0,0.08547008547008547,0.16,0.3076923076923077,0.52,1.0,1.0,1.0,0.10927960927960928,0.13333333333333333,0.3076923076923077,0.43333333333333335,1.0,1.0,1.0,0.10927960927960928,0.14285714285714285,0.38461538461538464,0.37142857142857144,1.0,1.0,1.0,0.12168655717042813,0.125,0.38461538461538464,0.325,1.0,1.0,1.0,0.12168655717042813,0.1111111111111111,0.38461538461538464,0.28888888888888886,1.0,1.0,1.0,0.12168655717042813,0.12,0.46153846153846156,0.26,1.0,1.0,1.0,0.13130194178581275,mini_l12-dj_adpt,1,webtable-v2v-v=12-distilroberta-dj_adpt~qwen3_8b-dj_adpt
new_york_city_restaurant_inspection_results_a.pq,1.0,0.03225806451612903,1.0,0.03225806451612903,1.0,1.0,0.03225806451612903,0.2,0.03225806451612903,1.0,0.16129032258064516,1.0,1.0,0.03225806451612903,0.2,0.06451612903225806,1.0,0.3225806451612903,1.0,1.0,0.04301075268817204,0.13333333333333333,0.06451612903225806,1.0,0.4838709677419355,1.0,1.0,0.04301075268817204,0.15,0.0967741935483871,1.0,0.6451612903225806,1.0,1.0,0.048104131295981886,0.12,0.0967741935483871,1.0,0.8064516129032258,1.0,1.0,0.048104131295981886,0.1,0.0967741935483871,1.0,0.967741935483871,1.0,1.0,0.048104131295981886,0.14285714285714285,0.16129032258064516,0.8857142857142857,1.0,1.0,1.0,0.05701029521836666,0.2,0.25806451612903225,0.775,1.0,1.0,1.0,0.07494112927823297,0.2,0.2903225806451613,0.6888888888888889,1.0,1.0,1.0,0.082022167830554,0.2,0.3225806451612903,0.62,1.0,1.0,1.0,0.08903479055145161,mini_l12-dj_adpt,1,webtable-v2v-v=12-distilroberta-dj_adpt~qwen3_8b-dj_adpt
albums_a.pq,1.0,0.0625,1.0,0.0625,1.0,1.0,0.0625,1.0,0.3125,1.0,0.3125,1.0,1.0,0.3125,1.0,0.625,1.0,0.625,1.0,1.0,0.625,0.9333333333333333,0.875,1.0,0.9375,1.0,1.0,0.875,0.75,0.9375,0.8,1.0,1.0,1.0,0.9243421052631579,0.6,0.9375,0.64,1.0,1.0,1.0,0.9243421052631579,0.5,0.9375,0.5333333333333333,1.0,1.0,1.0,0.9243421052631579,0.42857142857142855,0.9375,0.45714285714285713,1.0,1.0,1.0,0.9243421052631579,0.4,1.0,0.4,1.0,1.0,1.0,0.9521198830409356,0.35555555555555557,1.0,0.35555555555555557,1.0,1.0,1.0,0.9521198830409356,0.32,1.0,0.32,1.0,1.0,1.0,0.9521198830409356,mini_l12-dj_adpt,1,webtable-v2v-v=12-distilroberta-dj_adpt~qwen3_8b-dj_adpt
film_locations_in_san_francisco_a.pq,1.0,0.07692307692307693,1.0,0.07692307692307693,1.0,1.0,0.07692307692307693,1.0,0.38461538461538464,1.0,0.38461538461538464,1.0,1.0,0.38461538461538464,0.9,0.6923076923076923,1.0,0.7692307692307693,1.0,1.0,0.6923076923076923,0.6,0.6923076923076923,0.8666666666666667,1.0,1.0,1.0,0.6923076923076923,0.45,0.6923076923076923,0.65,1.0,1.0,1.0,0.6923076923076923,0.4,0.7692307692307693,0.52,1.0,1.0,1.0,0.7230769230769231,0.36666666666666664,0.8461538461538461,0.43333333333333335,1.0,1.0,1.0,0.7532967032967033,0.34285714285714286,0.9230769230769231,0.37142857142857144,1.0,1.0,1.0,0.7812687312687312,0.3,0.9230769230769231,0.325,1.0,1.0,1.0,0.7812687312687312,0.26666666666666666,0.9230769230769231,0.28888888888888886,1.0,1.0,1.0,0.7812687312687312,0.24,0.9230769230769231,0.26,1.0,1.0,1.0,0.7812687312687312,mini_l12-dj_adpt,1,webtable-v2v-v=12-distilroberta-dj_adpt~qwen3_8b-dj_adpt
practice_reference_b.pq,1.0,0.06666666666666667,1.0,0.06666666666666667,1.0,1.0,0.06666666666666667,0.2,0.06666666666666667,1.0,0.3333333333333333,1.0,1.0,0.06666666666666667,0.1,0.06666666666666667,1.0,0.6666666666666666,1.0,1.0,0.06666666666666667,0.06666666666666667,0.06666666666666667,1.0,1.0,1.0,1.0,0.06666666666666667,0.05,0.06666666666666667,0.75,1.0,1.0,1.0,0.06666666666666667,0.04,0.06666666666666667,0.6,1.0,1.0,1.0,0.06666666666666667,0.03333333333333333,0.06666666666666667,0.5,1.0,1.0,1.0,0.06666666666666667,0.02857142857142857,0.06666666666666667,0.42857142857142855,1.0,1.0,1.0,0.06666666666666667,0.025,0.06666666666666667,0.375,1.0,1.0,1.0,0.06666666666666667,0.022222222222222223,0.06666666666666667,0.3333333333333333,1.0,1.0,1.0,0.06666666666666667,0.04,0.13333333333333333,0.3,1.0,1.0,1.0,0.06956521739130435,mini_l12-dj_adpt,1,webtable-v2v-v=12-distilroberta-dj_adpt~qwen3_8b-dj_adpt
monthly_data_feed_b.pq,1.0,0.07692307692307693,1.0,0.07692307692307693,1.0,1.0,0.07692307692307693,0.2,0.07692307692307693,1.0,0.38461538461538464,1.0,1.0,0.07692307692307693,0.1,0.07692307692307693,1.0,0.7692307692307693,1.0,1.0,0.07692307692307693,0.06666666666666667,0.07692307692307693,0.8666666666666667,1.0,1.0,1.0,0.07692307692307693,0.05,0.07692307692307693,0.65,1.0,1.0,1.0,0.07692307692307693,0.04,0.07692307692307693,0.52,1.0,1.0,1.0,0.07692307692307693,0.03333333333333333,0.07692307692307693,0.43333333333333335,1.0,1.0,1.0,0.07692307692307693,0.02857142857142857,0.07692307692307693,0.37142857142857144,1.0,1.0,1.0,0.07692307692307693,0.025,0.07692307692307693,0.325,1.0,1.0,1.0,0.07692307692307693,0.022222222222222223,0.07692307692307693,0.28888888888888886,1.0,1.0,1.0,0.07692307692307693,0.02,0.07692307692307693,0.26,1.0,1.0,1.0,0.07692307692307693,mini_l12-dj_adpt,1,webtable-v2v-v=12-distilroberta-dj_adpt~qwen3_8b-dj_adpt
lane_description_a.pq,1.0,0.0625,1.0,0.0625,1.0,1.0,0.0625,0.2,0.0625,1.0,0.3125,1.0,1.0,0.0625,0.1,0.0625,1.0,0.625,1.0,1.0,0.0625,0.06666666666666667,0.0625,1.0,0.9375,1.0,1.0,0.0625,0.05,0.0625,0.8,1.0,1.0,1.0,0.0625,0.04,0.0625,0.64,1.0,1.0,1.0,0.0625,0.03333333333333333,0.0625,0.5333333333333333,1.0,1.0,1.0,0.0625,0.05714285714285714,0.125,0.45714285714285713,1.0,1.0,1.0,0.06653225806451613,0.05,0.125,0.4,1.0,1.0,1.0,0.06653225806451613,0.044444444444444446,0.125,0.35555555555555557,1.0,1.0,1.0,0.06653225806451613,0.06,0.1875,0.32,1.0,1.0,1.0,0.07028225806451613,mini_l12-dj_adpt,1,webtable-v2v-v=12-distilroberta-dj_adpt~qwen3_8b-dj_adpt
prescribing_a.pq,1.0,0.06666666666666667,1.0,0.06666666666666667,1.0,1.0,0.06666666666666667,0.2,0.06666666666666667,1.0,0.3333333333333333,1.0,1.0,0.06666666666666667,0.1,0.06666666666666667,1.0,0.6666666666666666,1.0,1.0,0.06666666666666667,0.06666666666666667,0.06666666666666667,1.0,1.0,1.0,1.0,0.06666666666666667,0.05,0.06666666666666667,0.75,1.0,1.0,1.0,0.06666666666666667,0.04,0.06666666666666667,0.6,1.0,1.0,1.0,0.06666666666666667,0.03333333333333333,0.06666666666666667,0.5,1.0,1.0,1.0,0.06666666666666667,0.02857142857142857,0.06666666666666667,0.42857142857142855,1.0,1.0,1.0,0.06666666666666667,0.025,0.06666666666666667,0.375,1.0,1.0,1.0,0.06666666666666667,0.022222222222222223,0.06666666666666667,0.3333333333333333,1.0,1.0,1.0,0.06666666666666667,0.02,0.06666666666666667,0.3,1.0,1.0,1.0,0.06666666666666667,mini_l12-dj_adpt,1,webtable-v2v-v=12-distilroberta-dj_adpt~qwen3_8b-dj_adpt
stockport_contracts_b.pq,1.0,0.07692307692307693,1.0,0.07692307692307693,1.0,1.0,0.07692307692307693,0.2,0.07692307692307693,1.0,0.38461538461538464,1.0,1.0,0.07692307692307693,0.1,0.07692307692307693,1.0,0.7692307692307693,1.0,1.0,0.07692307692307693,0.06666666666666667,0.07692307692307693,0.8666666666666667,1.0,1.0,1.0,0.07692307692307693,0.05,0.07692307692307693,0.65,1.0,1.0,1.0,0.07692307692307693,0.04,0.07692307692307693,0.52,1.0,1.0,1.0,0.07692307692307693,0.03333333333333333,0.07692307692307693,0.43333333333333335,1.0,1.0,1.0,0.07692307692307693,0.02857142857142857,0.07692307692307693,0.37142857142857144,1.0,1.0,1.0,0.07692307692307693,0.025,0.07692307692307693,0.325,1.0,1.0,1.0,0.07692307692307693,0.022222222222222223,0.07692307692307693,0.28888888888888886,1.0,1.0,1.0,0.07692307692307693,0.02,0.07692307692307693,0.26,1.0,1.0,1.0,0.07692307692307693,mini_l12-dj_adpt,1,webtable-v2v-v=12-distilroberta-dj_adpt~qwen3_8b-dj_adpt
cihr_co-applicant_b.pq,1.0,0.08333333333333333,1.0,0.08333333333333333,1.0,1.0,0.08333333333333333,1.0,0.4166666666666667,1.0,0.4166666666666667,1.0,1.0,0.4166666666666667,0.9,0.75,1.0,0.8333333333333334,1.0,1.0,0.7324074074074075,0.6666666666666666,0.8333333333333334,0.8,1.0,1.0,1.0,0.7965099715099715,0.5,0.8333333333333334,0.6,1.0,1.0,1.0,0.7965099715099715,0.44,0.9166666666666666,0.48,1.0,1.0,1.0,0.8363650439737396,0.4,1.0,0.4,1.0,1.0,1.0,0.8734020810107767,0.34285714285714286,1.0,0.34285714285714286,1.0,1.0,1.0,0.8734020810107767,0.3,1.0,0.3,1.0,1.0,1.0,0.8734020810107767,0.26666666666666666,1.0,0.26666666666666666,1.0,1.0,1.0,0.8734020810107767,0.24,1.0,0.24,1.0,1.0,1.0,0.8734020810107767,mini_l12-dj_adpt,1,webtable-v2v-v=12-distilroberta-dj_adpt~qwen3_8b-dj_adpt
contributors_parties_b.pq,1.0,0.047619047619047616,1.0,0.047619047619047616,1.0,1.0,0.047619047619047616,1.0,0.23809523809523808,1.0,0.23809523809523808,1.0,1.0,0.23809523809523808,1.0,0.47619047619047616,1.0,0.47619047619047616,1.0,1.0,0.47619047619047616,0.8666666666666667,0.6190476190476191,1.0,0.7142857142857143,1.0,1.0,0.6190476190476191,0.65,0.6190476190476191,1.0,0.9523809523809523,1.0,1.0,0.6190476190476191,0.52,0.6190476190476191,0.84,1.0,1.0,1.0,0.6190476190476191,0.43333333333333335,0.6190476190476191,0.7,1.0,1.0,1.0,0.6190476190476191,0.37142857142857144,0.6190476190476191,0.6,1.0,1.0,1.0,0.6190476190476191,0.325,0.6190476190476191,0.525,1.0,1.0,1.0,0.6190476190476191,0.28888888888888886,0.6190476190476191,0.4666666666666667,1.0,1.0,1.0,0.6190476190476191,0.26,0.6190476190476191,0.42,1.0,1.0,1.0,0.6190476190476191,mini_l12-dj_adpt,1,webtable-v2v-v=12-distilroberta-dj_adpt~qwen3_8b-dj_adpt
workforce_management_information_a.pq,1.0,0.05555555555555555,1.0,0.05555555555555555,1.0,1.0,0.05555555555555555,0.2,0.05555555555555555,1.0,0.2777777777777778,1.0,1.0,0.05555555555555555,0.1,0.05555555555555555,1.0,0.5555555555555556,1.0,1.0,0.05555555555555555,0.06666666666666667,0.05555555555555555,1.0,0.8333333333333334,1.0,1.0,0.05555555555555555,0.05,0.05555555555555555,0.9,1.0,1.0,1.0,0.05555555555555555,0.04,0.05555555555555555,0.72,1.0,1.0,1.0,0.05555555555555555,0.03333333333333333,0.05555555555555555,0.6,1.0,1.0,1.0,0.05555555555555555,0.02857142857142857,0.05555555555555555,0.5142857142857142,1.0,1.0,1.0,0.05555555555555555,0.025,0.05555555555555555,0.45,1.0,1.0,1.0,0.05555555555555555,0.022222222222222223,0.05555555555555555,0.4,1.0,1.0,1.0,0.05555555555555555,0.02,0.05555555555555555,0.36,1.0,1.0,1.0,0.05555555555555555,mini_l12-dj_adpt,1,webtable-v2v-v=12-distilroberta-dj_adpt~qwen3_8b-dj_adpt
biodiversity_a.pq,1.0,0.09090909090909091,1.0,0.09090909090909091,1.0,1.0,0.09090909090909091,0.6,0.2727272727272727,1.0,0.45454545454545453,1.0,1.0,0.2727272727272727,0.3,0.2727272727272727,1.0,0.9090909090909091,1.0,1.0,0.2727272727272727,0.2,0.2727272727272727,0.7333333333333333,1.0,1.0,1.0,0.2727272727272727,0.15,0.2727272727272727,0.55,1.0,1.0,1.0,0.2727272727272727,0.12,0.2727272727272727,0.44,1.0,1.0,1.0,0.2727272727272727,0.1,0.2727272727272727,0.36666666666666664,1.0,1.0,1.0,0.2727272727272727,0.08571428571428572,0.2727272727272727,0.3142857142857143,1.0,1.0,1.0,0.2727272727272727,0.075,0.2727272727272727,0.275,1.0,1.0,1.0,0.2727272727272727,0.06666666666666667,0.2727272727272727,0.24444444444444444,1.0,1.0,1.0,0.2727272727272727,0.06,0.2727272727272727,0.22,1.0,1.0,1.0,0.2727272727272727,mini_l12-dj_adpt,1,webtable-v2v-v=12-distilroberta-dj_adpt~qwen3_8b-dj_adpt
practice_reference_a.pq,1.0,0.06666666666666667,1.0,0.06666666666666667,1.0,1.0,0.06666666666666667,0.6,0.2,1.0,0.3333333333333333,1.0,1.0,0.1511111111111111,0.3,0.2,1.0,0.6666666666666666,1.0,1.0,0.1511111111111111,0.2,0.2,1.0,1.0,1.0,1.0,0.1511111111111111,0.15,0.2,0.75,1.0,1.0,1.0,0.1511111111111111,0.12,0.2,0.6,1.0,1.0,1.0,0.1511111111111111,0.1,0.2,0.5,1.0,1.0,1.0,0.1511111111111111,0.08571428571428572,0.2,0.42857142857142855,1.0,1.0,1.0,0.1511111111111111,0.075,0.2,0.375,1.0,1.0,1.0,0.1511111111111111,0.06666666666666667,0.2,0.3333333333333333,1.0,1.0,1.0,0.1511111111111111,0.08,0.26666666666666666,0.3,1.0,1.0,1.0,0.15666666666666668,mini_l12-dj_adpt,1,webtable-v2v-v=12-distilroberta-dj_adpt~qwen3_8b-dj_adpt
minister_meetings_a.pq,1.0,0.1,1.0,0.1,1.0,1.0,0.1,0.2,0.1,1.0,0.5,1.0,1.0,0.1,0.1,0.1,1.0,1.0,1.0,1.0,0.1,0.06666666666666667,0.1,0.6666666666666666,1.0,1.0,1.0,0.1,0.05,0.1,0.5,1.0,1.0,1.0,0.1,0.04,0.1,0.4,1.0,1.0,1.0,0.1,0.03333333333333333,0.1,0.3333333333333333,1.0,1.0,1.0,0.1,0.02857142857142857,0.1,0.2857142857142857,1.0,1.0,1.0,0.1,0.05,0.2,0.25,1.0,1.0,1.0,0.10512820512820513,0.044444444444444446,0.2,0.2222222222222222,1.0,1.0,1.0,0.10512820512820513,0.04,0.2,0.2,1.0,1.0,1.0,0.10512820512820513,mini_l12-dj_adpt,1,webtable-v2v-v=12-distilroberta-dj_adpt~qwen3_8b-dj_adpt
data_mill_b.pq,1.0,0.07142857142857142,1.0,0.07142857142857142,1.0,1.0,0.07142857142857142,0.2,0.07142857142857142,1.0,0.35714285714285715,1.0,1.0,0.07142857142857142,0.1,0.07142857142857142,1.0,0.7142857142857143,1.0,1.0,0.07142857142857142,0.06666666666666667,0.07142857142857142,0.9333333333333333,1.0,1.0,1.0,0.07142857142857142,0.05,0.07142857142857142,0.7,1.0,1.0,1.0,0.07142857142857142,0.04,0.07142857142857142,0.56,1.0,1.0,1.0,0.07142857142857142,0.03333333333333333,0.07142857142857142,0.4666666666666667,1.0,1.0,1.0,0.07142857142857142,0.02857142857142857,0.07142857142857142,0.4,1.0,1.0,1.0,0.07142857142857142,0.025,0.07142857142857142,0.35,1.0,1.0,1.0,0.07142857142857142,0.022222222222222223,0.07142857142857142,0.3111111111111111,1.0,1.0,1.0,0.07142857142857142,0.02,0.07142857142857142,0.28,1.0,1.0,1.0,0.07142857142857142,mini_l12-dj_adpt,1,webtable-v2v-v=12-distilroberta-dj_adpt~qwen3_8b-dj_adpt
animal_tag_data_a.pq,1.0,0.08333333333333333,1.0,0.08333333333333333,1.0,1.0,0.08333333333333333,0.2,0.08333333333333333,1.0,0.4166666666666667,1.0,1.0,0.08333333333333333,0.1,0.08333333333333333,1.0,0.8333333333333334,1.0,1.0,0.08333333333333333,0.06666666666666667,0.08333333333333333,0.8,1.0,1.0,1.0,0.08333333333333333,0.05,0.08333333333333333,0.6,1.0,1.0,1.0,0.08333333333333333,0.04,0.08333333333333333,0.48,1.0,1.0,1.0,0.08333333333333333,0.03333333333333333,0.08333333333333333,0.4,1.0,1.0,1.0,0.08333333333333333,0.02857142857142857,0.08333333333333333,0.34285714285714286,1.0,1.0,1.0,0.08333333333333333,0.025,0.08333333333333333,0.3,1.0,1.0,1.0,0.08333333333333333,0.022222222222222223,0.08333333333333333,0.26666666666666666,1.0,1.0,1.0,0.08333333333333333,0.02,0.08333333333333333,0.24,1.0,1.0,1.0,0.08333333333333333,mini_l12-dj_adpt,1,webtable-v2v-v=12-distilroberta-dj_adpt~qwen3_8b-dj_adpt
complaint_by_practice_b.pq,1.0,0.07692307692307693,1.0,0.07692307692307693,1.0,1.0,0.07692307692307693,0.2,0.07692307692307693,1.0,0.38461538461538464,1.0,1.0,0.07692307692307693,0.1,0.07692307692307693,1.0,0.7692307692307693,1.0,1.0,0.07692307692307693,0.13333333333333333,0.15384615384615385,0.8666666666666667,1.0,1.0,1.0,0.09090909090909091,0.1,0.15384615384615385,0.65,1.0,1.0,1.0,0.09090909090909091,0.08,0.15384615384615385,0.52,1.0,1.0,1.0,0.09090909090909091,0.06666666666666667,0.15384615384615385,0.43333333333333335,1.0,1.0,1.0,0.09090909090909091,0.05714285714285714,0.15384615384615385,0.37142857142857144,1.0,1.0,1.0,0.09090909090909091,0.05,0.15384615384615385,0.325,1.0,1.0,1.0,0.09090909090909091,0.044444444444444446,0.15384615384615385,0.28888888888888886,1.0,1.0,1.0,0.09090909090909091,0.04,0.15384615384615385,0.26,1.0,1.0,1.0,0.09090909090909091,mini_l12-dj_adpt,1,webtable-v2v-v=12-distilroberta-dj_adpt~qwen3_8b-dj_adpt
abandoned_wells_a.pq,1.0,0.09090909090909091,1.0,0.09090909090909091,1.0,1.0,0.09090909090909091,0.2,0.09090909090909091,1.0,0.45454545454545453,1.0,1.0,0.09090909090909091,0.1,0.09090909090909091,1.0,0.9090909090909091,1.0,1.0,0.09090909090909091,0.06666666666666667,0.09090909090909091,0.7333333333333333,1.0,1.0,1.0,0.09090909090909091,0.05,0.09090909090909091,0.55,1.0,1.0,1.0,0.09090909090909091,0.04,0.09090909090909091,0.44,1.0,1.0,1.0,0.09090909090909091,0.03333333333333333,0.09090909090909091,0.36666666666666664,1.0,1.0,1.0,0.09090909090909091,0.02857142857142857,0.09090909090909091,0.3142857142857143,1.0,1.0,1.0,0.09090909090909091,0.025,0.09090909090909091,0.275,1.0,1.0,1.0,0.09090909090909091,0.022222222222222223,0.09090909090909091,0.24444444444444444,1.0,1.0,1.0,0.09090909090909091,0.02,0.09090909090909091,0.22,1.0,1.0,1.0,0.09090909090909091,mini_l12-dj_adpt,1,webtable-v2v-v=12-distilroberta-dj_adpt~qwen3_8b-dj_adpt
civic_building_locations_a.pq,1.0,0.08333333333333333,1.0,0.08333333333333333,1.0,1.0,0.08333333333333333,0.2,0.08333333333333333,1.0,0.4166666666666667,1.0,1.0,0.08333333333333333,0.1,0.08333333333333333,1.0,0.8333333333333334,1.0,1.0,0.08333333333333333,0.06666666666666667,0.08333333333333333,0.8,1.0,1.0,1.0,0.08333333333333333,0.1,0.16666666666666666,0.6,1.0,1.0,1.0,0.09166666666666667,0.08,0.16666666666666666,0.48,1.0,1.0,1.0,0.09166666666666667,0.06666666666666667,0.16666666666666666,0.4,1.0,1.0,1.0,0.09166666666666667,0.05714285714285714,0.16666666666666666,0.34285714285714286,1.0,1.0,1.0,0.09166666666666667,0.075,0.25,0.3,1.0,1.0,1.0,0.09807692307692308,0.06666666666666667,0.25,0.26666666666666666,1.0,1.0,1.0,0.09807692307692308,0.06,0.25,0.24,1.0,1.0,1.0,0.09807692307692308,mini_l12-dj_adpt,1,webtable-v2v-v=12-distilroberta-dj_adpt~qwen3_8b-dj_adpt
contributors_parties_a.pq,1.0,0.047619047619047616,1.0,0.047619047619047616,1.0,1.0,0.047619047619047616,1.0,0.23809523809523808,1.0,0.23809523809523808,1.0,1.0,0.23809523809523808,0.9,0.42857142857142855,1.0,0.47619047619047616,1.0,1.0,0.42857142857142855,0.6,0.42857142857142855,1.0,0.7142857142857143,1.0,1.0,0.42857142857142855,0.45,0.42857142857142855,1.0,0.9523809523809523,1.0,1.0,0.42857142857142855,0.36,0.42857142857142855,0.84,1.0,1.0,1.0,0.42857142857142855,0.3,0.42857142857142855,0.7,1.0,1.0,1.0,0.42857142857142855,0.2571428571428571,0.42857142857142855,0.6,1.0,1.0,1.0,0.42857142857142855,0.225,0.42857142857142855,0.525,1.0,1.0,1.0,0.42857142857142855,0.2222222222222222,0.47619047619047616,0.4666666666666667,1.0,1.0,1.0,0.43915343915343913,0.24,0.5714285714285714,0.42,1.0,1.0,1.0,0.46220308454351006,mini_l12-dj_adpt,1,webtable-v2v-v=12-distilroberta-dj_adpt~qwen3_8b-dj_adpt
deaths_2012_2018_a.pq,1.0,0.09090909090909091,1.0,0.09090909090909091,1.0,1.0,0.09090909090909091,0.2,0.09090909090909091,1.0,0.45454545454545453,1.0,1.0,0.09090909090909091,0.1,0.09090909090909091,1.0,0.9090909090909091,1.0,1.0,0.09090909090909091,0.06666666666666667,0.09090909090909091,0.7333333333333333,1.0,1.0,1.0,0.09090909090909091,0.05,0.09090909090909091,0.55,1.0,1.0,1.0,0.09090909090909091,0.04,0.09090909090909091,0.44,1.0,1.0,1.0,0.09090909090909091,0.03333333333333333,0.09090909090909091,0.36666666666666664,1.0,1.0,1.0,0.09090909090909091,0.02857142857142857,0.09090909090909091,0.3142857142857143,1.0,1.0,1.0,0.09090909090909091,0.025,0.09090909090909091,0.275,1.0,1.0,1.0,0.09090909090909091,0.022222222222222223,0.09090909090909091,0.24444444444444444,1.0,1.0,1.0,0.09090909090909091,0.02,0.09090909090909091,0.22,1.0,1.0,1.0,0.09090909090909091,mini_l12-dj_adpt,1,webtable-v2v-v=12-distilroberta-dj_adpt~qwen3_8b-dj_adpt
immigration_records_a.pq,1.0,0.0625,1.0,0.0625,1.0,1.0,0.0625,0.2,0.0625,1.0,0.3125,1.0,1.0,0.0625,0.1,0.0625,1.0,0.625,1.0,1.0,0.0625,0.13333333333333333,0.125,1.0,0.9375,1.0,1.0,0.07386363636363637,0.2,0.25,0.8,1.0,1.0,1.0,0.09805094286518436,0.16,0.25,0.64,1.0,1.0,1.0,0.09805094286518436,0.16666666666666666,0.3125,0.5333333333333333,1.0,1.0,1.0,0.10962501693925843,0.17142857142857143,0.375,0.45714285714285713,1.0,1.0,1.0,0.12172179113280682,0.15,0.375,0.4,1.0,1.0,1.0,0.12172179113280682,0.13333333333333333,0.375,0.35555555555555557,1.0,1.0,1.0,0.12172179113280682,0.12,0.375,0.32,1.0,1.0,1.0,0.12172179113280682,mini_l12-dj_adpt,1,webtable-v2v-v=12-distilroberta-dj_adpt~qwen3_8b-dj_adpt
ipopayments_a.pq,1.0,0.06666666666666667,1.0,0.06666666666666667,1.0,1.0,0.06666666666666667,1.0,0.3333333333333333,1.0,0.3333333333333333,1.0,1.0,0.3333333333333333,0.9,0.6,1.0,0.6666666666666666,1.0,1.0,0.5680687830687831,0.8,0.8,1.0,1.0,1.0,1.0,0.7371774521774521,0.6,0.8,0.75,1.0,1.0,1.0,0.7371774521774521,0.48,0.8,0.6,1.0,1.0,1.0,0.7371774521774521,0.4,0.8,0.5,1.0,1.0,1.0,0.7371774521774521,0.34285714285714286,0.8,0.42857142857142855,1.0,1.0,1.0,0.7371774521774521,0.325,0.8666666666666667,0.375,1.0,1.0,1.0,0.7593996743996744,0.28888888888888886,0.8666666666666667,0.3333333333333333,1.0,1.0,1.0,0.7593996743996744,0.26,0.8666666666666667,0.3,1.0,1.0,1.0,0.7593996743996744,mini_l12-dj_adpt,1,webtable-v2v-v=12-distilroberta-dj_adpt~qwen3_8b-dj_adpt
data_mill_a.pq,1.0,0.07142857142857142,1.0,0.07142857142857142,1.0,1.0,0.07142857142857142,0.4,0.14285714285714285,1.0,0.35714285714285715,1.0,1.0,0.14285714285714285,0.2,0.14285714285714285,1.0,0.7142857142857143,1.0,1.0,0.14285714285714285,0.13333333333333333,0.14285714285714285,0.9333333333333333,1.0,1.0,1.0,0.14285714285714285,0.1,0.14285714285714285,0.7,1.0,1.0,1.0,0.14285714285714285,0.08,0.14285714285714285,0.56,1.0,1.0,1.0,0.14285714285714285,0.06666666666666667,0.14285714285714285,0.4666666666666667,1.0,1.0,1.0,0.14285714285714285,0.05714285714285714,0.14285714285714285,0.4,1.0,1.0,1.0,0.14285714285714285,0.05,0.14285714285714285,0.35,1.0,1.0,1.0,0.14285714285714285,0.044444444444444446,0.14285714285714285,0.3111111111111111,1.0,1.0,1.0,0.14285714285714285,0.04,0.14285714285714285,0.28,1.0,1.0,1.0,0.14285714285714285,mini_l12-dj_adpt,1,webtable-v2v-v=12-distilroberta-dj_adpt~qwen3_8b-dj_adpt
senior_officials_expenses_a.pq,1.0,0.09090909090909091,1.0,0.09090909090909091,1.0,1.0,0.09090909090909091,0.2,0.09090909090909091,1.0,0.45454545454545453,1.0,1.0,0.09090909090909091,0.1,0.09090909090909091,1.0,0.9090909090909091,1.0,1.0,0.09090909090909091,0.06666666666666667,0.09090909090909091,0.7333333333333333,1.0,1.0,1.0,0.09090909090909091,0.05,0.09090909090909091,0.55,1.0,1.0,1.0,0.09090909090909091,0.04,0.09090909090909091,0.44,1.0,1.0,1.0,0.09090909090909091,0.03333333333333333,0.09090909090909091,0.36666666666666664,1.0,1.0,1.0,0.09090909090909091,0.02857142857142857,0.09090909090909091,0.3142857142857143,1.0,1.0,1.0,0.09090909090909091,0.025,0.09090909090909091,0.275,1.0,1.0,1.0,0.09090909090909091,0.022222222222222223,0.09090909090909091,0.24444444444444444,1.0,1.0,1.0,0.09090909090909091,0.02,0.09090909090909091,0.22,1.0,1.0,1.0,0.09090909090909091,mini_l12-dj_adpt,1,webtable-v2v-v=12-distilroberta-dj_adpt~qwen3_8b-dj_adpt
tuition_assistance_program_tap_recipients_a.pq,1.0,0.09090909090909091,1.0,0.09090909090909091,1.0,1.0,0.09090909090909091,0.2,0.09090909090909091,1.0,0.45454545454545453,1.0,1.0,0.09090909090909091,0.1,0.09090909090909091,1.0,0.9090909090909091,1.0,1.0,0.09090909090909091,0.06666666666666667,0.09090909090909091,0.7333333333333333,1.0,1.0,1.0,0.09090909090909091,0.05,0.09090909090909091,0.55,1.0,1.0,1.0,0.09090909090909091,0.04,0.09090909090909091,0.44,1.0,1.0,1.0,0.09090909090909091,0.03333333333333333,0.09090909090909091,0.36666666666666664,1.0,1.0,1.0,0.09090909090909091,0.02857142857142857,0.09090909090909091,0.3142857142857143,1.0,1.0,1.0,0.09090909090909091,0.025,0.09090909090909091,0.275,1.0,1.0,1.0,0.09090909090909091,0.022222222222222223,0.09090909090909091,0.24444444444444444,1.0,1.0,1.0,0.09090909090909091,0.02,0.09090909090909091,0.22,1.0,1.0,1.0,0.09090909090909091,mini_l12-dj_adpt,1,webtable-v2v-v=12-distilroberta-dj_adpt~qwen3_8b-dj_adpt
ipopayments_b.pq,1.0,0.06666666666666667,1.0,0.06666666666666667,1.0,1.0,0.06666666666666667,0.8,0.26666666666666666,1.0,0.3333333333333333,1.0,1.0,0.23666666666666666,0.8,0.5333333333333333,1.0,0.6666666666666666,1.0,1.0,0.45455026455026454,0.6666666666666666,0.6666666666666666,1.0,1.0,1.0,1.0,0.5646512746512747,0.5,0.6666666666666666,0.75,1.0,1.0,1.0,0.5646512746512747,0.44,0.7333333333333333,0.6,1.0,1.0,1.0,0.593984607984608,0.36666666666666664,0.7333333333333333,0.5,1.0,1.0,1.0,0.593984607984608,0.3142857142857143,0.7333333333333333,0.42857142857142855,1.0,1.0,1.0,0.593984607984608,0.3,0.8,0.375,1.0,1.0,1.0,0.6139846079846081,0.26666666666666666,0.8,0.3333333333333333,1.0,1.0,1.0,0.6139846079846081,0.24,0.8,0.3,1.0,1.0,1.0,0.6139846079846081,mini_l12-dj_adpt,1,webtable-v2v-v=12-distilroberta-dj_adpt~qwen3_8b-dj_adpt
report_card_discipline_for_2015_16_a.pq,1.0,0.09090909090909091,1.0,0.09090909090909091,1.0,1.0,0.09090909090909091,0.2,0.09090909090909091,1.0,0.45454545454545453,1.0,1.0,0.09090909090909091,0.1,0.09090909090909091,1.0,0.9090909090909091,1.0,1.0,0.09090909090909091,0.06666666666666667,0.09090909090909091,0.7333333333333333,1.0,1.0,1.0,0.09090909090909091,0.05,0.09090909090909091,0.55,1.0,1.0,1.0,0.09090909090909091,0.04,0.09090909090909091,0.44,1.0,1.0,1.0,0.09090909090909091,0.03333333333333333,0.09090909090909091,0.36666666666666664,1.0,1.0,1.0,0.09090909090909091,0.02857142857142857,0.09090909090909091,0.3142857142857143,1.0,1.0,1.0,0.09090909090909091,0.025,0.09090909090909091,0.275,1.0,1.0,1.0,0.09090909090909091,0.022222222222222223,0.09090909090909091,0.24444444444444444,1.0,1.0,1.0,0.09090909090909091,0.02,0.09090909090909091,0.22,1.0,1.0,1.0,0.09090909090909091,mini_l12-dj_adpt,1,webtable-v2v-v=12-distilroberta-dj_adpt~qwen3_8b-dj_adpt
animal_tag_data_b.pq,1.0,0.08333333333333333,1.0,0.08333333333333333,1.0,1.0,0.08333333333333333,0.2,0.08333333333333333,1.0,0.4166666666666667,1.0,1.0,0.08333333333333333,0.1,0.08333333333333333,1.0,0.8333333333333334,1.0,1.0,0.08333333333333333,0.06666666666666667,0.08333333333333333,0.8,1.0,1.0,1.0,0.08333333333333333,0.05,0.08333333333333333,0.6,1.0,1.0,1.0,0.08333333333333333,0.04,0.08333333333333333,0.48,1.0,1.0,1.0,0.08333333333333333,0.03333333333333333,0.08333333333333333,0.4,1.0,1.0,1.0,0.08333333333333333,0.02857142857142857,0.08333333333333333,0.34285714285714286,1.0,1.0,1.0,0.08333333333333333,0.025,0.08333333333333333,0.3,1.0,1.0,1.0,0.08333333333333333,0.022222222222222223,0.08333333333333333,0.26666666666666666,1.0,1.0,1.0,0.08333333333333333,0.02,0.08333333333333333,0.24,1.0,1.0,1.0,0.08333333333333333,mini_l12-dj_adpt,1,webtable-v2v-v=12-distilroberta-dj_adpt~qwen3_8b-dj_adpt
prescribing_b.pq,1.0,0.06666666666666667,1.0,0.06666666666666667,1.0,1.0,0.06666666666666667,0.2,0.06666666666666667,1.0,0.3333333333333333,1.0,1.0,0.06666666666666667,0.1,0.06666666666666667,1.0,0.6666666666666666,1.0,1.0,0.06666666666666667,0.06666666666666667,0.06666666666666667,1.0,1.0,1.0,1.0,0.06666666666666667,0.05,0.06666666666666667,0.75,1.0,1.0,1.0,0.06666666666666667,0.04,0.06666666666666667,0.6,1.0,1.0,1.0,0.06666666666666667,0.03333333333333333,0.06666666666666667,0.5,1.0,1.0,1.0,0.06666666666666667,0.02857142857142857,0.06666666666666667,0.42857142857142855,1.0,1.0,1.0,0.06666666666666667,0.025,0.06666666666666667,0.375,1.0,1.0,1.0,0.06666666666666667,0.022222222222222223,0.06666666666666667,0.3333333333333333,1.0,1.0,1.0,0.06666666666666667,0.02,0.06666666666666667,0.3,1.0,1.0,1.0,0.06666666666666667,mini_l12-dj_adpt,1,webtable-v2v-v=12-distilroberta-dj_adpt~qwen3_8b-dj_adpt
stockport_contracts_a.pq,1.0,0.07692307692307693,1.0,0.07692307692307693,1.0,1.0,0.07692307692307693,0.2,0.07692307692307693,1.0,0.38461538461538464,1.0,1.0,0.07692307692307693,0.1,0.07692307692307693,1.0,0.7692307692307693,1.0,1.0,0.07692307692307693,0.06666666666666667,0.07692307692307693,0.8666666666666667,1.0,1.0,1.0,0.07692307692307693,0.05,0.07692307692307693,0.65,1.0,1.0,1.0,0.07692307692307693,0.04,0.07692307692307693,0.52,1.0,1.0,1.0,0.07692307692307693,0.03333333333333333,0.07692307692307693,0.43333333333333335,1.0,1.0,1.0,0.07692307692307693,0.02857142857142857,0.07692307692307693,0.37142857142857144,1.0,1.0,1.0,0.07692307692307693,0.025,0.07692307692307693,0.325,1.0,1.0,1.0,0.07692307692307693,0.022222222222222223,0.07692307692307693,0.28888888888888886,1.0,1.0,1.0,0.07692307692307693,0.02,0.07692307692307693,0.26,1.0,1.0,1.0,0.07692307692307693,mini_l12-dj_adpt,1,webtable-v2v-v=12-distilroberta-dj_adpt~qwen3_8b-dj_adpt
time_spent_watching_vcr_movies_a.pq,1.0,0.09090909090909091,1.0,0.09090909090909091,1.0,1.0,0.09090909090909091,0.2,0.09090909090909091,1.0,0.45454545454545453,1.0,1.0,0.09090909090909091,0.1,0.09090909090909091,1.0,0.9090909090909091,1.0,1.0,0.09090909090909091,0.06666666666666667,0.09090909090909091,0.7333333333333333,1.0,1.0,1.0,0.09090909090909091,0.05,0.09090909090909091,0.55,1.0,1.0,1.0,0.09090909090909091,0.04,0.09090909090909091,0.44,1.0,1.0,1.0,0.09090909090909091,0.03333333333333333,0.09090909090909091,0.36666666666666664,1.0,1.0,1.0,0.09090909090909091,0.02857142857142857,0.09090909090909091,0.3142857142857143,1.0,1.0,1.0,0.09090909090909091,0.025,0.09090909090909091,0.275,1.0,1.0,1.0,0.09090909090909091,0.022222222222222223,0.09090909090909091,0.24444444444444444,1.0,1.0,1.0,0.09090909090909091,0.02,0.09090909090909091,0.22,1.0,1.0,1.0,0.09090909090909091,mini_l12-dj_adpt,1,webtable-v2v-v=12-distilroberta-dj_adpt~qwen3_8b-dj_adpt
311_calls_historic_data_a.pq,1.0,0.09090909090909091,1.0,0.09090909090909091,1.0,1.0,0.09090909090909091,0.2,0.09090909090909091,1.0,0.45454545454545453,1.0,1.0,0.09090909090909091,0.2,0.18181818181818182,1.0,0.9090909090909091,1.0,1.0,0.10909090909090909,0.13333333333333333,0.18181818181818182,0.7333333333333333,1.0,1.0,1.0,0.10909090909090909,0.1,0.18181818181818182,0.55,1.0,1.0,1.0,0.10909090909090909,0.12,0.2727272727272727,0.44,1.0,1.0,1.0,0.12045454545454545,0.1,0.2727272727272727,0.36666666666666664,1.0,1.0,1.0,0.12045454545454545,0.08571428571428572,0.2727272727272727,0.3142857142857143,1.0,1.0,1.0,0.12045454545454545,0.1,0.36363636363636365,0.275,1.0,1.0,1.0,0.1297785547785548,0.1111111111111111,0.45454545454545453,0.24444444444444444,1.0,1.0,1.0,0.1406010656010656,0.14,0.6363636363636364,0.22,1.0,1.0,1.0,0.16446006374577804,mini_l12-dj_adpt,1,webtable-v2v-v=12-distilroberta-dj_adpt~qwen3_8b-dj_adpt
job_pay_scales_a.pq,1.0,0.06666666666666667,1.0,0.06666666666666667,1.0,1.0,0.06666666666666667,0.4,0.13333333333333333,1.0,0.3333333333333333,1.0,1.0,0.13333333333333333,0.2,0.13333333333333333,1.0,0.6666666666666666,1.0,1.0,0.13333333333333333,0.13333333333333333,0.13333333333333333,1.0,1.0,1.0,1.0,0.13333333333333333,0.1,0.13333333333333333,0.75,1.0,1.0,1.0,0.13333333333333333,0.08,0.13333333333333333,0.6,1.0,1.0,1.0,0.13333333333333333,0.06666666666666667,0.13333333333333333,0.5,1.0,1.0,1.0,0.13333333333333333,0.05714285714285714,0.13333333333333333,0.42857142857142855,1.0,1.0,1.0,0.13333333333333333,0.05,0.13333333333333333,0.375,1.0,1.0,1.0,0.13333333333333333,0.044444444444444446,0.13333333333333333,0.3333333333333333,1.0,1.0,1.0,0.13333333333333333,0.04,0.13333333333333333,0.3,1.0,1.0,1.0,0.13333333333333333,mini_l12-dj_adpt,1,webtable-v2v-v=12-distilroberta-dj_adpt~qwen3_8b-dj_adpt
cdc_nutrition_physical_activity_and_obesity_legislation_a.pq,1.0,0.09090909090909091,1.0,0.09090909090909091,1.0,1.0,0.09090909090909091,0.2,0.09090909090909091,1.0,0.45454545454545453,1.0,1.0,0.09090909090909091,0.1,0.09090909090909091,1.0,0.9090909090909091,1.0,1.0,0.09090909090909091,0.06666666666666667,0.09090909090909091,0.7333333333333333,1.0,1.0,1.0,0.09090909090909091,0.05,0.09090909090909091,0.55,1.0,1.0,1.0,0.09090909090909091,0.04,0.09090909090909091,0.44,1.0,1.0,1.0,0.09090909090909091,0.03333333333333333,0.09090909090909091,0.36666666666666664,1.0,1.0,1.0,0.09090909090909091,0.02857142857142857,0.09090909090909091,0.3142857142857143,1.0,1.0,1.0,0.09090909090909091,0.025,0.09090909090909091,0.275,1.0,1.0,1.0,0.09090909090909091,0.022222222222222223,0.09090909090909091,0.24444444444444444,1.0,1.0,1.0,0.09090909090909091,0.02,0.09090909090909091,0.22,1.0,1.0,1.0,0.09090909090909091,mini_l12-dj_adpt,1,webtable-v2v-v=12-distilroberta-dj_adpt~qwen3_8b-dj_adpt
mines_b.pq,1.0,0.07142857142857142,1.0,0.07142857142857142,1.0,1.0,0.07142857142857142,0.2,0.07142857142857142,1.0,0.35714285714285715,1.0,1.0,0.07142857142857142,0.1,0.07142857142857142,1.0,0.7142857142857143,1.0,1.0,0.07142857142857142,0.06666666666666667,0.07142857142857142,0.9333333333333333,1.0,1.0,1.0,0.07142857142857142,0.05,0.07142857142857142,0.7,1.0,1.0,1.0,0.07142857142857142,0.04,0.07142857142857142,0.56,1.0,1.0,1.0,0.07142857142857142,0.03333333333333333,0.07142857142857142,0.4666666666666667,1.0,1.0,1.0,0.07142857142857142,0.02857142857142857,0.07142857142857142,0.4,1.0,1.0,1.0,0.07142857142857142,0.025,0.07142857142857142,0.35,1.0,1.0,1.0,0.07142857142857142,0.022222222222222223,0.07142857142857142,0.3111111111111111,1.0,1.0,1.0,0.07142857142857142,0.02,0.07142857142857142,0.28,1.0,1.0,1.0,0.07142857142857142,mini_l12-dj_adpt,1,webtable-v2v-v=12-distilroberta-dj_adpt~qwen3_8b-dj_adpt
ydn_spending_data_b.pq,1.0,0.08333333333333333,1.0,0.08333333333333333,1.0,1.0,0.08333333333333333,0.2,0.08333333333333333,1.0,0.4166666666666667,1.0,1.0,0.08333333333333333,0.1,0.08333333333333333,1.0,0.8333333333333334,1.0,1.0,0.08333333333333333,0.06666666666666667,0.08333333333333333,0.8,1.0,1.0,1.0,0.08333333333333333,0.05,0.08333333333333333,0.6,1.0,1.0,1.0,0.08333333333333333,0.08,0.16666666666666666,0.48,1.0,1.0,1.0,0.0909090909090909,0.06666666666666667,0.16666666666666666,0.4,1.0,1.0,1.0,0.0909090909090909,0.05714285714285714,0.16666666666666666,0.34285714285714286,1.0,1.0,1.0,0.0909090909090909,0.05,0.16666666666666666,0.3,1.0,1.0,1.0,0.0909090909090909,0.044444444444444446,0.16666666666666666,0.26666666666666666,1.0,1.0,1.0,0.0909090909090909,0.04,0.16666666666666666,0.24,1.0,1.0,1.0,0.0909090909090909,mini_l12-dj_adpt,1,webtable-v2v-v=12-distilroberta-dj_adpt~qwen3_8b-dj_adpt
psyckes_antipsychotic_polypharmacy_quality_indicators_beginning_2012_a.pq,1.0,0.09090909090909091,1.0,0.09090909090909091,1.0,1.0,0.09090909090909091,0.2,0.09090909090909091,1.0,0.45454545454545453,1.0,1.0,0.09090909090909091,0.1,0.09090909090909091,1.0,0.9090909090909091,1.0,1.0,0.09090909090909091,0.06666666666666667,0.09090909090909091,0.7333333333333333,1.0,1.0,1.0,0.09090909090909091,0.05,0.09090909090909091,0.55,1.0,1.0,1.0,0.09090909090909091,0.04,0.09090909090909091,0.44,1.0,1.0,1.0,0.09090909090909091,0.03333333333333333,0.09090909090909091,0.36666666666666664,1.0,1.0,1.0,0.09090909090909091,0.02857142857142857,0.09090909090909091,0.3142857142857143,1.0,1.0,1.0,0.09090909090909091,0.025,0.09090909090909091,0.275,1.0,1.0,1.0,0.09090909090909091,0.022222222222222223,0.09090909090909091,0.24444444444444444,1.0,1.0,1.0,0.09090909090909091,0.02,0.09090909090909091,0.22,1.0,1.0,1.0,0.09090909090909091,mini_l12-dj_adpt,1,webtable-v2v-v=12-distilroberta-dj_adpt~qwen3_8b-dj_adpt
monthly_data_feed_a.pq,1.0,0.07692307692307693,1.0,0.07692307692307693,1.0,1.0,0.07692307692307693,0.4,0.15384615384615385,1.0,0.38461538461538464,1.0,1.0,0.15384615384615385,0.3,0.23076923076923078,1.0,0.7692307692307693,1.0,1.0,0.1794871794871795,0.26666666666666666,0.3076923076923077,0.8666666666666667,1.0,1.0,1.0,0.20512820512820512,0.2,0.3076923076923077,0.65,1.0,1.0,1.0,0.20512820512820512,0.16,0.3076923076923077,0.52,1.0,1.0,1.0,0.20512820512820512,0.13333333333333333,0.3076923076923077,0.43333333333333335,1.0,1.0,1.0,0.20512820512820512,0.11428571428571428,0.3076923076923077,0.37142857142857144,1.0,1.0,1.0,0.20512820512820512,0.1,0.3076923076923077,0.325,1.0,1.0,1.0,0.20512820512820512,0.08888888888888889,0.3076923076923077,0.28888888888888886,1.0,1.0,1.0,0.20512820512820512,0.08,0.3076923076923077,0.26,1.0,1.0,1.0,0.20512820512820512,mini_l12-dj_adpt,1,webtable-v2v-v=12-distilroberta-dj_adpt~qwen3_8b-dj_adpt
mines_a.pq,1.0,0.07142857142857142,1.0,0.07142857142857142,1.0,1.0,0.07142857142857142,0.6,0.21428571428571427,1.0,0.35714285714285715,1.0,1.0,0.1619047619047619,0.3,0.21428571428571427,1.0,0.7142857142857143,1.0,1.0,0.1619047619047619,0.2,0.21428571428571427,0.9333333333333333,1.0,1.0,1.0,0.1619047619047619,0.15,0.21428571428571427,0.7,1.0,1.0,1.0,0.1619047619047619,0.16,0.2857142857142857,0.56,1.0,1.0,1.0,0.17432712215320909,0.16666666666666666,0.35714285714285715,0.4666666666666667,1.0,1.0,1.0,0.18623188405797103,0.14285714285714285,0.35714285714285715,0.4,1.0,1.0,1.0,0.18623188405797103,0.125,0.35714285714285715,0.35,1.0,1.0,1.0,0.18623188405797103,0.1111111111111111,0.35714285714285715,0.3111111111111111,1.0,1.0,1.0,0.18623188405797103,0.12,0.42857142857142855,0.28,1.0,1.0,1.0,0.19535042509140568,mini_l12-dj_adpt,1,webtable-v2v-v=12-distilroberta-dj_adpt~qwen3_8b-dj_adpt
lane_description_b.pq,1.0,0.0625,1.0,0.0625,1.0,1.0,0.0625,0.2,0.0625,1.0,0.3125,1.0,1.0,0.0625,0.1,0.0625,1.0,0.625,1.0,1.0,0.0625,0.06666666666666667,0.0625,1.0,0.9375,1.0,1.0,0.0625,0.1,0.125,0.8,1.0,1.0,1.0,0.06944444444444445,0.12,0.1875,0.64,1.0,1.0,1.0,0.07725694444444445,0.1,0.1875,0.5333333333333333,1.0,1.0,1.0,0.07725694444444445,0.08571428571428572,0.1875,0.45714285714285713,1.0,1.0,1.0,0.07725694444444445,0.075,0.1875,0.4,1.0,1.0,1.0,0.07725694444444445,0.08888888888888889,0.25,0.35555555555555557,1.0,1.0,1.0,0.08307089793281654,0.1,0.3125,0.32,1.0,1.0,1.0,0.08958131459948321,mini_l12-dj_adpt,1,webtable-v2v-v=12-distilroberta-dj_adpt~qwen3_8b-dj_adpt
purchasing_card_a.pq,1.0,0.07692307692307693,1.0,0.07692307692307693,1.0,1.0,0.07692307692307693,0.6,0.23076923076923078,1.0,0.38461538461538464,1.0,1.0,0.21153846153846154,0.5,0.38461538461538464,1.0,0.7692307692307693,1.0,1.0,0.3108974358974359,0.4666666666666667,0.5384615384615384,0.8666666666666667,1.0,1.0,1.0,0.37976190476190474,0.35,0.5384615384615384,0.65,1.0,1.0,1.0,0.37976190476190474,0.28,0.5384615384615384,0.52,1.0,1.0,1.0,0.37976190476190474,0.26666666666666666,0.6153846153846154,0.43333333333333335,1.0,1.0,1.0,0.4034305438151592,0.22857142857142856,0.6153846153846154,0.37142857142857144,1.0,1.0,1.0,0.4034305438151592,0.2,0.6153846153846154,0.325,1.0,1.0,1.0,0.4034305438151592,0.17777777777777778,0.6153846153846154,0.28888888888888886,1.0,1.0,1.0,0.4034305438151592,0.16,0.6153846153846154,0.26,1.0,1.0,1.0,0.4034305438151592,mini_l12-dj_adpt,1,webtable-v2v-v=12-distilroberta-dj_adpt~qwen3_8b-dj_adpt
oil_and_gas_summary_production_data_1967_1999_a.pq,1.0,0.09090909090909091,1.0,0.09090909090909091,1.0,1.0,0.09090909090909091,0.2,0.09090909090909091,1.0,0.45454545454545453,1.0,1.0,0.09090909090909091,0.1,0.09090909090909091,1.0,0.9090909090909091,1.0,1.0,0.09090909090909091,0.06666666666666667,0.09090909090909091,0.7333333333333333,1.0,1.0,1.0,0.09090909090909091,0.05,0.09090909090909091,0.55,1.0,1.0,1.0,0.09090909090909091,0.04,0.09090909090909091,0.44,1.0,1.0,1.0,0.09090909090909091,0.03333333333333333,0.09090909090909091,0.36666666666666664,1.0,1.0,1.0,0.09090909090909091,0.02857142857142857,0.09090909090909091,0.3142857142857143,1.0,1.0,1.0,0.09090909090909091,0.025,0.09090909090909091,0.275,1.0,1.0,1.0,0.09090909090909091,0.022222222222222223,0.09090909090909091,0.24444444444444444,1.0,1.0,1.0,0.09090909090909091,0.02,0.09090909090909091,0.22,1.0,1.0,1.0,0.09090909090909091,mini_l12-dj_adpt,1,webtable-v2v-v=12-distilroberta-dj_adpt~qwen3_8b-dj_adpt
workforce_management_information_b.pq,1.0,0.05555555555555555,1.0,0.05555555555555555,1.0,1.0,0.05555555555555555,0.2,0.05555555555555555,1.0,0.2777777777777778,1.0,1.0,0.05555555555555555,0.1,0.05555555555555555,1.0,0.5555555555555556,1.0,1.0,0.05555555555555555,0.06666666666666667,0.05555555555555555,1.0,0.8333333333333334,1.0,1.0,0.05555555555555555,0.05,0.05555555555555555,0.9,1.0,1.0,1.0,0.05555555555555555,0.04,0.05555555555555555,0.72,1.0,1.0,1.0,0.05555555555555555,0.03333333333333333,0.05555555555555555,0.6,1.0,1.0,1.0,0.05555555555555555,0.02857142857142857,0.05555555555555555,0.5142857142857142,1.0,1.0,1.0,0.05555555555555555,0.025,0.05555555555555555,0.45,1.0,1.0,1.0,0.05555555555555555,0.022222222222222223,0.05555555555555555,0.4,1.0,1.0,1.0,0.05555555555555555,0.02,0.05555555555555555,0.36,1.0,1.0,1.0,0.05555555555555555,mini_l12-dj_adpt,1,webtable-v2v-v=12-distilroberta-dj_adpt~qwen3_8b-dj_adpt
ydn_spending_data_a.pq,1.0,0.08333333333333333,1.0,0.08333333333333333,1.0,1.0,0.08333333333333333,0.2,0.08333333333333333,1.0,0.4166666666666667,1.0,1.0,0.08333333333333333,0.1,0.08333333333333333,1.0,0.8333333333333334,1.0,1.0,0.08333333333333333,0.06666666666666667,0.08333333333333333,0.8,1.0,1.0,1.0,0.08333333333333333,0.05,0.08333333333333333,0.6,1.0,1.0,1.0,0.08333333333333333,0.04,0.08333333333333333,0.48,1.0,1.0,1.0,0.08333333333333333,0.03333333333333333,0.08333333333333333,0.4,1.0,1.0,1.0,0.08333333333333333,0.02857142857142857,0.08333333333333333,0.34285714285714286,1.0,1.0,1.0,0.08333333333333333,0.025,0.08333333333333333,0.3,1.0,1.0,1.0,0.08333333333333333,0.022222222222222223,0.08333333333333333,0.26666666666666666,1.0,1.0,1.0,0.08333333333333333,0.04,0.16666666666666666,0.24,1.0,1.0,1.0,0.08687943262411348,mini_l12-dj_adpt,1,webtable-v2v-v=12-distilroberta-dj_adpt~qwen3_8b-dj_adpt
albums_b.pq,1.0,0.0625,1.0,0.0625,1.0,1.0,0.0625,0.8,0.25,1.0,0.3125,1.0,1.0,0.25,0.5,0.3125,1.0,0.625,1.0,1.0,0.28125,0.3333333333333333,0.3125,1.0,0.9375,1.0,1.0,0.28125,0.25,0.3125,0.8,1.0,1.0,1.0,0.28125,0.2,0.3125,0.64,1.0,1.0,1.0,0.28125,0.16666666666666666,0.3125,0.5333333333333333,1.0,1.0,1.0,0.28125,0.14285714285714285,0.3125,0.45714285714285713,1.0,1.0,1.0,0.28125,0.125,0.3125,0.4,1.0,1.0,1.0,0.28125,0.1111111111111111,0.3125,0.35555555555555557,1.0,1.0,1.0,0.28125,0.1,0.3125,0.32,1.0,1.0,1.0,0.28125,mini_l12-dj_adpt,1,webtable-v2v-v=12-distilroberta-dj_adpt~qwen3_8b-dj_adpt
cihr_co-applicant_a.pq,1.0,0.08333333333333333,1.0,0.08333333333333333,1.0,1.0,0.08333333333333333,0.8,0.3333333333333333,1.0,0.4166666666666667,1.0,1.0,0.26805555555555555,0.5,0.4166666666666667,1.0,0.8333333333333334,1.0,1.0,0.33749999999999997,0.3333333333333333,0.4166666666666667,0.8,1.0,1.0,1.0,0.33749999999999997,0.35,0.5833333333333334,0.6,1.0,1.0,1.0,0.39444444444444443,0.32,0.6666666666666666,0.48,1.0,1.0,1.0,0.4261904761904762,0.3333333333333333,0.8333333333333334,0.4,1.0,1.0,1.0,0.4837722622205381,0.2857142857142857,0.8333333333333334,0.34285714285714286,1.0,1.0,1.0,0.4837722622205381,0.25,0.8333333333333334,0.3,1.0,1.0,1.0,0.4837722622205381,0.24444444444444444,0.9166666666666666,0.26666666666666666,1.0,1.0,1.0,0.5041426325909085,0.22,0.9166666666666666,0.24,1.0,1.0,1.0,0.5041426325909085,mini_l12-dj_adpt,1,webtable-v2v-v=12-distilroberta-dj_adpt~qwen3_8b-dj_adpt
business_rates_a.pq,1.0,0.08333333333333333,1.0,0.08333333333333333,1.0,1.0,0.08333333333333333,0.2,0.08333333333333333,1.0,0.4166666666666667,1.0,1.0,0.08333333333333333,0.1,0.08333333333333333,1.0,0.8333333333333334,1.0,1.0,0.08333333333333333,0.06666666666666667,0.08333333333333333,0.8,1.0,1.0,1.0,0.08333333333333333,0.05,0.08333333333333333,0.6,1.0,1.0,1.0,0.08333333333333333,0.04,0.08333333333333333,0.48,1.0,1.0,1.0,0.08333333333333333,0.03333333333333333,0.08333333333333333,0.4,1.0,1.0,1.0,0.08333333333333333,0.02857142857142857,0.08333333333333333,0.34285714285714286,1.0,1.0,1.0,0.08333333333333333,0.025,0.08333333333333333,0.3,1.0,1.0,1.0,0.08333333333333333,0.022222222222222223,0.08333333333333333,0.26666666666666666,1.0,1.0,1.0,0.08333333333333333,0.02,0.08333333333333333,0.24,1.0,1.0,1.0,0.08333333333333333,mini_l12-dj_adpt,1,webtable-v2v-v=12-distilroberta-dj_adpt~qwen3_8b-dj_adpt
wholesale_markets_a.pq,1.0,0.09090909090909091,1.0,0.09090909090909091,1.0,1.0,0.09090909090909091,0.2,0.09090909090909091,1.0,0.45454545454545453,1.0,1.0,0.09090909090909091,0.1,0.09090909090909091,1.0,0.9090909090909091,1.0,1.0,0.09090909090909091,0.06666666666666667,0.09090909090909091,0.7333333333333333,1.0,1.0,1.0,0.09090909090909091,0.05,0.09090909090909091,0.55,1.0,1.0,1.0,0.09090909090909091,0.04,0.09090909090909091,0.44,1.0,1.0,1.0,0.09090909090909091,0.03333333333333333,0.09090909090909091,0.36666666666666664,1.0,1.0,1.0,0.09090909090909091,0.02857142857142857,0.09090909090909091,0.3142857142857143,1.0,1.0,1.0,0.09090909090909091,0.025,0.09090909090909091,0.275,1.0,1.0,1.0,0.09090909090909091,0.022222222222222223,0.09090909090909091,0.24444444444444444,1.0,1.0,1.0,0.09090909090909091,0.02,0.09090909090909091,0.22,1.0,1.0,1.0,0.09090909090909091,mini_l12-dj_adpt,1,webtable-v2v-v=12-distilroberta-dj_adpt~qwen3_8b-dj_adpt
animal_tag_data_a.pq,1.0,0.08333333333333333,1.0,0.08333333333333333,1.0,1.0,0.08333333333333333,0.2,0.08333333333333333,1.0,0.4166666666666667,1.0,1.0,0.08333333333333333,0.1,0.08333333333333333,1.0,0.8333333333333334,1.0,1.0,0.08333333333333333,0.06666666666666667,0.08333333333333333,0.8,1.0,1.0,1.0,0.08333333333333333,0.05,0.08333333333333333,0.6,1.0,1.0,1.0,0.08333333333333333,0.04,0.08333333333333333,0.48,1.0,1.0,1.0,0.08333333333333333,0.03333333333333333,0.08333333333333333,0.4,1.0,1.0,1.0,0.08333333333333333,0.02857142857142857,0.08333333333333333,0.34285714285714286,1.0,1.0,1.0,0.08333333333333333,0.025,0.08333333333333333,0.3,1.0,1.0,1.0,0.08333333333333333,0.022222222222222223,0.08333333333333333,0.26666666666666666,1.0,1.0,1.0,0.08333333333333333,0.02,0.08333333333333333,0.24,1.0,1.0,1.0,0.08333333333333333,mini_l6-dj_adpt,2,webtable-v2v-v=12-distilroberta-dj_adpt~qwen3_8b-dj_adpt
workforce_management_information_b.pq,1.0,0.05555555555555555,1.0,0.05555555555555555,1.0,1.0,0.05555555555555555,0.2,0.05555555555555555,1.0,0.2777777777777778,1.0,1.0,0.05555555555555555,0.1,0.05555555555555555,1.0,0.5555555555555556,1.0,1.0,0.05555555555555555,0.06666666666666667,0.05555555555555555,1.0,0.8333333333333334,1.0,1.0,0.05555555555555555,0.05,0.05555555555555555,0.9,1.0,1.0,1.0,0.05555555555555555,0.04,0.05555555555555555,0.72,1.0,1.0,1.0,0.05555555555555555,0.03333333333333333,0.05555555555555555,0.6,1.0,1.0,1.0,0.05555555555555555,0.02857142857142857,0.05555555555555555,0.5142857142857142,1.0,1.0,1.0,0.05555555555555555,0.025,0.05555555555555555,0.45,1.0,1.0,1.0,0.05555555555555555,0.022222222222222223,0.05555555555555555,0.4,1.0,1.0,1.0,0.05555555555555555,0.02,0.05555555555555555,0.36,1.0,1.0,1.0,0.05555555555555555,mini_l6-dj_adpt,2,webtable-v2v-v=12-distilroberta-dj_adpt~qwen3_8b-dj_adpt
contributors_parties_a.pq,1.0,0.047619047619047616,1.0,0.047619047619047616,1.0,1.0,0.047619047619047616,1.0,0.23809523809523808,1.0,0.23809523809523808,1.0,1.0,0.23809523809523808,1.0,0.47619047619047616,1.0,0.47619047619047616,1.0,1.0,0.47619047619047616,0.8666666666666667,0.6190476190476191,1.0,0.7142857142857143,1.0,1.0,0.6190476190476191,0.85,0.8095238095238095,1.0,0.9523809523809523,1.0,1.0,0.7809732664995822,0.68,0.8095238095238095,0.84,1.0,1.0,1.0,0.7809732664995822,0.5666666666666667,0.8095238095238095,0.7,1.0,1.0,1.0,0.7809732664995822,0.4857142857142857,0.8095238095238095,0.6,1.0,1.0,1.0,0.7809732664995822,0.425,0.8095238095238095,0.525,1.0,1.0,1.0,0.7809732664995822,0.37777777777777777,0.8095238095238095,0.4666666666666667,1.0,1.0,1.0,0.7809732664995822,0.36,0.8571428571428571,0.42,1.0,1.0,1.0,0.7992103485664517,mini_l6-dj_adpt,2,webtable-v2v-v=12-distilroberta-dj_adpt~qwen3_8b-dj_adpt
senior_officials_expenses_a.pq,1.0,0.09090909090909091,1.0,0.09090909090909091,1.0,1.0,0.09090909090909091,0.4,0.18181818181818182,1.0,0.45454545454545453,1.0,1.0,0.1515151515151515,0.2,0.18181818181818182,1.0,0.9090909090909091,1.0,1.0,0.1515151515151515,0.13333333333333333,0.18181818181818182,0.7333333333333333,1.0,1.0,1.0,0.1515151515151515,0.1,0.18181818181818182,0.55,1.0,1.0,1.0,0.1515151515151515,0.08,0.18181818181818182,0.44,1.0,1.0,1.0,0.1515151515151515,0.06666666666666667,0.18181818181818182,0.36666666666666664,1.0,1.0,1.0,0.1515151515151515,0.08571428571428572,0.2727272727272727,0.3142857142857143,1.0,1.0,1.0,0.15953654188948307,0.075,0.2727272727272727,0.275,1.0,1.0,1.0,0.15953654188948307,0.08888888888888889,0.36363636363636365,0.24444444444444444,1.0,1.0,1.0,0.16799320150893338,0.08,0.36363636363636365,0.22,1.0,1.0,1.0,0.16799320150893338,mini_l6-dj_adpt,2,webtable-v2v-v=12-distilroberta-dj_adpt~qwen3_8b-dj_adpt
mines_b.pq,1.0,0.07142857142857142,1.0,0.07142857142857142,1.0,1.0,0.07142857142857142,0.2,0.07142857142857142,1.0,0.35714285714285715,1.0,1.0,0.07142857142857142,0.1,0.07142857142857142,1.0,0.7142857142857143,1.0,1.0,0.07142857142857142,0.06666666666666667,0.07142857142857142,0.9333333333333333,1.0,1.0,1.0,0.07142857142857142,0.05,0.07142857142857142,0.7,1.0,1.0,1.0,0.07142857142857142,0.04,0.07142857142857142,0.56,1.0,1.0,1.0,0.07142857142857142,0.03333333333333333,0.07142857142857142,0.4666666666666667,1.0,1.0,1.0,0.07142857142857142,0.02857142857142857,0.07142857142857142,0.4,1.0,1.0,1.0,0.07142857142857142,0.025,0.07142857142857142,0.35,1.0,1.0,1.0,0.07142857142857142,0.022222222222222223,0.07142857142857142,0.3111111111111111,1.0,1.0,1.0,0.07142857142857142,0.02,0.07142857142857142,0.28,1.0,1.0,1.0,0.07142857142857142,mini_l6-dj_adpt,2,webtable-v2v-v=12-distilroberta-dj_adpt~qwen3_8b-dj_adpt
lane_description_b.pq,1.0,0.0625,1.0,0.0625,1.0,1.0,0.0625,0.2,0.0625,1.0,0.3125,1.0,1.0,0.0625,0.2,0.125,1.0,0.625,1.0,1.0,0.075,0.2,0.1875,1.0,0.9375,1.0,1.0,0.08942307692307692,0.15,0.1875,0.8,1.0,1.0,1.0,0.08942307692307692,0.16,0.25,0.64,1.0,1.0,1.0,0.09942307692307692,0.16666666666666666,0.3125,0.5333333333333333,1.0,1.0,1.0,0.11019893899204244,0.22857142857142856,0.5,0.45714285714285713,1.0,1.0,1.0,0.150673470538532,0.225,0.5625,0.4,1.0,1.0,1.0,0.166298470538532,0.2,0.5625,0.35555555555555557,1.0,1.0,1.0,0.166298470538532,0.18,0.5625,0.32,1.0,1.0,1.0,0.166298470538532,mini_l6-dj_adpt,2,webtable-v2v-v=12-distilroberta-dj_adpt~qwen3_8b-dj_adpt
monthly_data_feed_a.pq,1.0,0.07692307692307693,1.0,0.07692307692307693,1.0,1.0,0.07692307692307693,0.4,0.15384615384615385,1.0,0.38461538461538464,1.0,1.0,0.15384615384615385,0.2,0.15384615384615385,1.0,0.7692307692307693,1.0,1.0,0.15384615384615385,0.13333333333333333,0.15384615384615385,0.8666666666666667,1.0,1.0,1.0,0.15384615384615385,0.1,0.15384615384615385,0.65,1.0,1.0,1.0,0.15384615384615385,0.08,0.15384615384615385,0.52,1.0,1.0,1.0,0.15384615384615385,0.06666666666666667,0.15384615384615385,0.43333333333333335,1.0,1.0,1.0,0.15384615384615385,0.05714285714285714,0.15384615384615385,0.37142857142857144,1.0,1.0,1.0,0.15384615384615385,0.05,0.15384615384615385,0.325,1.0,1.0,1.0,0.15384615384615385,0.044444444444444446,0.15384615384615385,0.28888888888888886,1.0,1.0,1.0,0.15384615384615385,0.04,0.15384615384615385,0.26,1.0,1.0,1.0,0.15384615384615385,mini_l6-dj_adpt,2,webtable-v2v-v=12-distilroberta-dj_adpt~qwen3_8b-dj_adpt
practice_reference_a.pq,1.0,0.06666666666666667,1.0,0.06666666666666667,1.0,1.0,0.06666666666666667,0.8,0.26666666666666666,1.0,0.3333333333333333,1.0,1.0,0.2533333333333333,0.5,0.3333333333333333,1.0,0.6666666666666666,1.0,1.0,0.30888888888888894,0.3333333333333333,0.3333333333333333,1.0,1.0,1.0,1.0,0.30888888888888894,0.25,0.3333333333333333,0.75,1.0,1.0,1.0,0.30888888888888894,0.2,0.3333333333333333,0.6,1.0,1.0,1.0,0.30888888888888894,0.16666666666666666,0.3333333333333333,0.5,1.0,1.0,1.0,0.30888888888888894,0.14285714285714285,0.3333333333333333,0.42857142857142855,1.0,1.0,1.0,0.30888888888888894,0.125,0.3333333333333333,0.375,1.0,1.0,1.0,0.30888888888888894,0.1111111111111111,0.3333333333333333,0.3333333333333333,1.0,1.0,1.0,0.30888888888888894,0.1,0.3333333333333333,0.3,1.0,1.0,1.0,0.30888888888888894,mini_l6-dj_adpt,2,webtable-v2v-v=12-distilroberta-dj_adpt~qwen3_8b-dj_adpt
practice_reference_b.pq,1.0,0.06666666666666667,1.0,0.06666666666666667,1.0,1.0,0.06666666666666667,1.0,0.3333333333333333,1.0,0.3333333333333333,1.0,1.0,0.3333333333333333,0.7,0.4666666666666667,1.0,0.6666666666666666,1.0,1.0,0.4666666666666667,0.4666666666666667,0.4666666666666667,1.0,1.0,1.0,1.0,0.4666666666666667,0.35,0.4666666666666667,0.75,1.0,1.0,1.0,0.4666666666666667,0.32,0.5333333333333333,0.6,1.0,1.0,1.0,0.48800000000000004,0.3,0.6,0.5,1.0,1.0,1.0,0.508,0.2571428571428571,0.6,0.42857142857142855,1.0,1.0,1.0,0.508,0.25,0.6666666666666666,0.375,1.0,1.0,1.0,0.5265185185185185,0.24444444444444444,0.7333333333333333,0.3333333333333333,1.0,1.0,1.0,0.5444046973803071,0.22,0.7333333333333333,0.3,1.0,1.0,1.0,0.5444046973803071,mini_l6-dj_adpt,2,webtable-v2v-v=12-distilroberta-dj_adpt~qwen3_8b-dj_adpt
311_calls_historic_data_a.pq,1.0,0.09090909090909091,1.0,0.09090909090909091,1.0,1.0,0.09090909090909091,0.2,0.09090909090909091,1.0,0.45454545454545453,1.0,1.0,0.09090909090909091,0.1,0.09090909090909091,1.0,0.9090909090909091,1.0,1.0,0.09090909090909091,0.06666666666666667,0.09090909090909091,0.7333333333333333,1.0,1.0,1.0,0.09090909090909091,0.05,0.09090909090909091,0.55,1.0,1.0,1.0,0.09090909090909091,0.04,0.09090909090909091,0.44,1.0,1.0,1.0,0.09090909090909091,0.03333333333333333,0.09090909090909091,0.36666666666666664,1.0,1.0,1.0,0.09090909090909091,0.02857142857142857,0.09090909090909091,0.3142857142857143,1.0,1.0,1.0,0.09090909090909091,0.05,0.18181818181818182,0.275,1.0,1.0,1.0,0.09582309582309581,0.06666666666666667,0.2727272727272727,0.24444444444444444,1.0,1.0,1.0,0.1018837018837019,0.06,0.2727272727272727,0.22,1.0,1.0,1.0,0.1018837018837019,mini_l6-dj_adpt,2,webtable-v2v-v=12-distilroberta-dj_adpt~qwen3_8b-dj_adpt
data_mill_b.pq,1.0,0.07142857142857142,1.0,0.07142857142857142,1.0,1.0,0.07142857142857142,0.2,0.07142857142857142,1.0,0.35714285714285715,1.0,1.0,0.07142857142857142,0.1,0.07142857142857142,1.0,0.7142857142857143,1.0,1.0,0.07142857142857142,0.06666666666666667,0.07142857142857142,0.9333333333333333,1.0,1.0,1.0,0.07142857142857142,0.05,0.07142857142857142,0.7,1.0,1.0,1.0,0.07142857142857142,0.04,0.07142857142857142,0.56,1.0,1.0,1.0,0.07142857142857142,0.03333333333333333,0.07142857142857142,0.4666666666666667,1.0,1.0,1.0,0.07142857142857142,0.02857142857142857,0.07142857142857142,0.4,1.0,1.0,1.0,0.07142857142857142,0.025,0.07142857142857142,0.35,1.0,1.0,1.0,0.07142857142857142,0.022222222222222223,0.07142857142857142,0.3111111111111111,1.0,1.0,1.0,0.07142857142857142,0.02,0.07142857142857142,0.28,1.0,1.0,1.0,0.07142857142857142,mini_l6-dj_adpt,2,webtable-v2v-v=12-distilroberta-dj_adpt~qwen3_8b-dj_adpt
film_locations_in_san_francisco_a.pq,1.0,0.07692307692307693,1.0,0.07692307692307693,1.0,1.0,0.07692307692307693,1.0,0.38461538461538464,1.0,0.38461538461538464,1.0,1.0,0.38461538461538464,0.5,0.38461538461538464,1.0,0.7692307692307693,1.0,1.0,0.38461538461538464,0.4,0.46153846153846156,0.8666666666666667,1.0,1.0,1.0,0.4175824175824176,0.35,0.5384615384615384,0.65,1.0,1.0,1.0,0.4459224985540775,0.36,0.6923076923076923,0.52,1.0,1.0,1.0,0.5039948609742659,0.36666666666666664,0.8461538461538461,0.43333333333333335,1.0,1.0,1.0,0.5587251881183862,0.3142857142857143,0.8461538461538461,0.37142857142857144,1.0,1.0,1.0,0.5587251881183862,0.275,0.8461538461538461,0.325,1.0,1.0,1.0,0.5587251881183862,0.24444444444444444,0.8461538461538461,0.28888888888888886,1.0,1.0,1.0,0.5587251881183862,0.24,0.9230769230769231,0.26,1.0,1.0,1.0,0.5787920777504932,mini_l6-dj_adpt,2,webtable-v2v-v=12-distilroberta-dj_adpt~qwen3_8b-dj_adpt
mines_a.pq,1.0,0.07142857142857142,1.0,0.07142857142857142,1.0,1.0,0.07142857142857142,0.2,0.07142857142857142,1.0,0.35714285714285715,1.0,1.0,0.07142857142857142,0.1,0.07142857142857142,1.0,0.7142857142857143,1.0,1.0,0.07142857142857142,0.13333333333333333,0.14285714285714285,0.9333333333333333,1.0,1.0,1.0,0.08441558441558442,0.15,0.21428571428571427,0.7,1.0,1.0,1.0,0.09780844155844157,0.16,0.2857142857142857,0.56,1.0,1.0,1.0,0.11023080180688875,0.13333333333333333,0.2857142857142857,0.4666666666666667,1.0,1.0,1.0,0.11023080180688875,0.14285714285714285,0.35714285714285715,0.4,1.0,1.0,1.0,0.12105331262939958,0.15,0.42857142857142855,0.35,1.0,1.0,1.0,0.13263632421241117,0.15555555555555556,0.5,0.3111111111111111,1.0,1.0,1.0,0.14399996057604753,0.16,0.5714285714285714,0.28,1.0,1.0,1.0,0.15590472248080944,mini_l6-dj_adpt,2,webtable-v2v-v=12-distilroberta-dj_adpt~qwen3_8b-dj_adpt
albums_a.pq,1.0,0.0625,1.0,0.0625,1.0,1.0,0.0625,1.0,0.3125,1.0,0.3125,1.0,1.0,0.3125,1.0,0.625,1.0,0.625,1.0,1.0,0.625,0.8,0.75,1.0,0.9375,1.0,1.0,0.75,0.6,0.75,0.8,1.0,1.0,1.0,0.75,0.48,0.75,0.64,1.0,1.0,1.0,0.75,0.4,0.75,0.5333333333333333,1.0,1.0,1.0,0.75,0.34285714285714286,0.75,0.45714285714285713,1.0,1.0,1.0,0.75,0.3,0.75,0.4,1.0,1.0,1.0,0.75,0.26666666666666666,0.75,0.35555555555555557,1.0,1.0,1.0,0.75,0.24,0.75,0.32,1.0,1.0,1.0,0.75,mini_l6-dj_adpt,2,webtable-v2v-v=12-distilroberta-dj_adpt~qwen3_8b-dj_adpt
immigration_records_a.pq,1.0,0.0625,1.0,0.0625,1.0,1.0,0.0625,0.2,0.0625,1.0,0.3125,1.0,1.0,0.0625,0.5,0.3125,1.0,0.625,1.0,1.0,0.16282242063492064,0.4,0.375,1.0,0.9375,1.0,1.0,0.1896081349206349,0.3,0.375,0.8,1.0,1.0,1.0,0.1896081349206349,0.28,0.4375,0.64,1.0,1.0,1.0,0.20710813492063493,0.23333333333333334,0.4375,0.5333333333333333,1.0,1.0,1.0,0.20710813492063493,0.2,0.4375,0.45714285714285713,1.0,1.0,1.0,0.20710813492063493,0.175,0.4375,0.4,1.0,1.0,1.0,0.20710813492063493,0.15555555555555556,0.4375,0.35555555555555557,1.0,1.0,1.0,0.20710813492063493,0.14,0.4375,0.32,1.0,1.0,1.0,0.20710813492063493,mini_l6-dj_adpt,2,webtable-v2v-v=12-distilroberta-dj_adpt~qwen3_8b-dj_adpt
purchasing_card_a.pq,1.0,0.07692307692307693,1.0,0.07692307692307693,1.0,1.0,0.07692307692307693,0.2,0.07692307692307693,1.0,0.38461538461538464,1.0,1.0,0.07692307692307693,0.1,0.07692307692307693,1.0,0.7692307692307693,1.0,1.0,0.07692307692307693,0.06666666666666667,0.07692307692307693,0.8666666666666667,1.0,1.0,1.0,0.07692307692307693,0.05,0.07692307692307693,0.65,1.0,1.0,1.0,0.07692307692307693,0.04,0.07692307692307693,0.52,1.0,1.0,1.0,0.07692307692307693,0.03333333333333333,0.07692307692307693,0.43333333333333335,1.0,1.0,1.0,0.07692307692307693,0.02857142857142857,0.07692307692307693,0.37142857142857144,1.0,1.0,1.0,0.07692307692307693,0.025,0.07692307692307693,0.325,1.0,1.0,1.0,0.07692307692307693,0.022222222222222223,0.07692307692307693,0.28888888888888886,1.0,1.0,1.0,0.07692307692307693,0.02,0.07692307692307693,0.26,1.0,1.0,1.0,0.07692307692307693,mini_l6-dj_adpt,2,webtable-v2v-v=12-distilroberta-dj_adpt~qwen3_8b-dj_adpt
abandoned_wells_a.pq,1.0,0.09090909090909091,1.0,0.09090909090909091,1.0,1.0,0.09090909090909091,0.2,0.09090909090909091,1.0,0.45454545454545453,1.0,1.0,0.09090909090909091,0.2,0.18181818181818182,1.0,0.9090909090909091,1.0,1.0,0.11688311688311687,0.13333333333333333,0.18181818181818182,0.7333333333333333,1.0,1.0,1.0,0.11688311688311687,0.15,0.2727272727272727,0.55,1.0,1.0,1.0,0.13123718386876282,0.16,0.36363636363636365,0.44,1.0,1.0,1.0,0.14855320118478013,0.13333333333333333,0.36363636363636365,0.36666666666666664,1.0,1.0,1.0,0.14855320118478013,0.11428571428571428,0.36363636363636365,0.3142857142857143,1.0,1.0,1.0,0.14855320118478013,0.125,0.45454545454545453,0.275,1.0,1.0,1.0,0.1605149236728184,0.1111111111111111,0.45454545454545453,0.24444444444444444,1.0,1.0,1.0,0.1605149236728184,0.1,0.45454545454545453,0.22,1.0,1.0,1.0,0.1605149236728184,mini_l6-dj_adpt,2,webtable-v2v-v=12-distilroberta-dj_adpt~qwen3_8b-dj_adpt
complaint_by_practice_a.pq,1.0,0.07692307692307693,1.0,0.07692307692307693,1.0,1.0,0.07692307692307693,0.2,0.07692307692307693,1.0,0.38461538461538464,1.0,1.0,0.07692307692307693,0.1,0.07692307692307693,1.0,0.7692307692307693,1.0,1.0,0.07692307692307693,0.06666666666666667,0.07692307692307693,0.8666666666666667,1.0,1.0,1.0,0.07692307692307693,0.05,0.07692307692307693,0.65,1.0,1.0,1.0,0.07692307692307693,0.04,0.07692307692307693,0.52,1.0,1.0,1.0,0.07692307692307693,0.03333333333333333,0.07692307692307693,0.43333333333333335,1.0,1.0,1.0,0.07692307692307693,0.02857142857142857,0.07692307692307693,0.37142857142857144,1.0,1.0,1.0,0.07692307692307693,0.025,0.07692307692307693,0.325,1.0,1.0,1.0,0.07692307692307693,0.022222222222222223,0.07692307692307693,0.28888888888888886,1.0,1.0,1.0,0.07692307692307693,0.02,0.07692307692307693,0.26,1.0,1.0,1.0,0.07692307692307693,mini_l6-dj_adpt,2,webtable-v2v-v=12-distilroberta-dj_adpt~qwen3_8b-dj_adpt
cihr_co-applicant_b.pq,1.0,0.08333333333333333,1.0,0.08333333333333333,1.0,1.0,0.08333333333333333,0.2,0.08333333333333333,1.0,0.4166666666666667,1.0,1.0,0.08333333333333333,0.1,0.08333333333333333,1.0,0.8333333333333334,1.0,1.0,0.08333333333333333,0.06666666666666667,0.08333333333333333,0.8,1.0,1.0,1.0,0.08333333333333333,0.05,0.08333333333333333,0.6,1.0,1.0,1.0,0.08333333333333333,0.04,0.08333333333333333,0.48,1.0,1.0,1.0,0.08333333333333333,0.1,0.25,0.4,1.0,1.0,1.0,0.0981268624946786,0.11428571428571428,0.3333333333333333,0.34285714285714286,1.0,1.0,1.0,0.1088795506667216,0.125,0.4166666666666667,0.3,1.0,1.0,1.0,0.12045362474079567,0.1111111111111111,0.4166666666666667,0.26666666666666666,1.0,1.0,1.0,0.12045362474079567,0.12,0.5,0.24,1.0,1.0,1.0,0.13045362474079567,mini_l6-dj_adpt,2,webtable-v2v-v=12-distilroberta-dj_adpt~qwen3_8b-dj_adpt
ipopayments_a.pq,1.0,0.06666666666666667,1.0,0.06666666666666667,1.0,1.0,0.06666666666666667,0.2,0.06666666666666667,1.0,0.3333333333333333,1.0,1.0,0.06666666666666667,0.1,0.06666666666666667,1.0,0.6666666666666666,1.0,1.0,0.06666666666666667,0.06666666666666667,0.06666666666666667,1.0,1.0,1.0,1.0,0.06666666666666667,0.05,0.06666666666666667,0.75,1.0,1.0,1.0,0.06666666666666667,0.08,0.13333333333333333,0.6,1.0,1.0,1.0,0.07200000000000001,0.06666666666666667,0.13333333333333333,0.5,1.0,1.0,1.0,0.07200000000000001,0.05714285714285714,0.13333333333333333,0.42857142857142855,1.0,1.0,1.0,0.07200000000000001,0.05,0.13333333333333333,0.375,1.0,1.0,1.0,0.07200000000000001,0.044444444444444446,0.13333333333333333,0.3333333333333333,1.0,1.0,1.0,0.07200000000000001,0.04,0.13333333333333333,0.3,1.0,1.0,1.0,0.07200000000000001,mini_l6-dj_adpt,2,webtable-v2v-v=12-distilroberta-dj_adpt~qwen3_8b-dj_adpt
job_pay_scales_a.pq,1.0,0.06666666666666667,1.0,0.06666666666666667,1.0,1.0,0.06666666666666667,0.4,0.13333333333333333,1.0,0.3333333333333333,1.0,1.0,0.13333333333333333,0.2,0.13333333333333333,1.0,0.6666666666666666,1.0,1.0,0.13333333333333333,0.13333333333333333,0.13333333333333333,1.0,1.0,1.0,1.0,0.13333333333333333,0.1,0.13333333333333333,0.75,1.0,1.0,1.0,0.13333333333333333,0.08,0.13333333333333333,0.6,1.0,1.0,1.0,0.13333333333333333,0.06666666666666667,0.13333333333333333,0.5,1.0,1.0,1.0,0.13333333333333333,0.08571428571428572,0.2,0.42857142857142855,1.0,1.0,1.0,0.13904761904761906,0.075,0.2,0.375,1.0,1.0,1.0,0.13904761904761906,0.06666666666666667,0.2,0.3333333333333333,1.0,1.0,1.0,0.13904761904761906,0.06,0.2,0.3,1.0,1.0,1.0,0.13904761904761906,mini_l6-dj_adpt,2,webtable-v2v-v=12-distilroberta-dj_adpt~qwen3_8b-dj_adpt
business_rates_a.pq,1.0,0.08333333333333333,1.0,0.08333333333333333,1.0,1.0,0.08333333333333333,0.2,0.08333333333333333,1.0,0.4166666666666667,1.0,1.0,0.08333333333333333,0.1,0.08333333333333333,1.0,0.8333333333333334,1.0,1.0,0.08333333333333333,0.06666666666666667,0.08333333333333333,0.8,1.0,1.0,1.0,0.08333333333333333,0.05,0.08333333333333333,0.6,1.0,1.0,1.0,0.08333333333333333,0.04,0.08333333333333333,0.48,1.0,1.0,1.0,0.08333333333333333,0.03333333333333333,0.08333333333333333,0.4,1.0,1.0,1.0,0.08333333333333333,0.02857142857142857,0.08333333333333333,0.34285714285714286,1.0,1.0,1.0,0.08333333333333333,0.025,0.08333333333333333,0.3,1.0,1.0,1.0,0.08333333333333333,0.022222222222222223,0.08333333333333333,0.26666666666666666,1.0,1.0,1.0,0.08333333333333333,0.02,0.08333333333333333,0.24,1.0,1.0,1.0,0.08333333333333333,mini_l6-dj_adpt,2,webtable-v2v-v=12-distilroberta-dj_adpt~qwen3_8b-dj_adpt
lane_description_a.pq,1.0,0.0625,1.0,0.0625,1.0,1.0,0.0625,0.2,0.0625,1.0,0.3125,1.0,1.0,0.0625,0.1,0.0625,1.0,0.625,1.0,1.0,0.0625,0.06666666666666667,0.0625,1.0,0.9375,1.0,1.0,0.0625,0.05,0.0625,0.8,1.0,1.0,1.0,0.0625,0.04,0.0625,0.64,1.0,1.0,1.0,0.0625,0.03333333333333333,0.0625,0.5333333333333333,1.0,1.0,1.0,0.0625,0.02857142857142857,0.0625,0.45714285714285713,1.0,1.0,1.0,0.0625,0.025,0.0625,0.4,1.0,1.0,1.0,0.0625,0.044444444444444446,0.125,0.35555555555555557,1.0,1.0,1.0,0.06527777777777778,0.08,0.25,0.32,1.0,1.0,1.0,0.07456219806763285,mini_l6-dj_adpt,2,webtable-v2v-v=12-distilroberta-dj_adpt~qwen3_8b-dj_adpt
monthly_data_feed_b.pq,1.0,0.07692307692307693,1.0,0.07692307692307693,1.0,1.0,0.07692307692307693,0.2,0.07692307692307693,1.0,0.38461538461538464,1.0,1.0,0.07692307692307693,0.1,0.07692307692307693,1.0,0.7692307692307693,1.0,1.0,0.07692307692307693,0.06666666666666667,0.07692307692307693,0.8666666666666667,1.0,1.0,1.0,0.07692307692307693,0.05,0.07692307692307693,0.65,1.0,1.0,1.0,0.07692307692307693,0.04,0.07692307692307693,0.52,1.0,1.0,1.0,0.07692307692307693,0.03333333333333333,0.07692307692307693,0.43333333333333335,1.0,1.0,1.0,0.07692307692307693,0.02857142857142857,0.07692307692307693,0.37142857142857144,1.0,1.0,1.0,0.07692307692307693,0.025,0.07692307692307693,0.325,1.0,1.0,1.0,0.07692307692307693,0.022222222222222223,0.07692307692307693,0.28888888888888886,1.0,1.0,1.0,0.07692307692307693,0.02,0.07692307692307693,0.26,1.0,1.0,1.0,0.07692307692307693,mini_l6-dj_adpt,2,webtable-v2v-v=12-distilroberta-dj_adpt~qwen3_8b-dj_adpt
cdc_nutrition_physical_activity_and_obesity_legislation_a.pq,1.0,0.09090909090909091,1.0,0.09090909090909091,1.0,1.0,0.09090909090909091,0.2,0.09090909090909091,1.0,0.45454545454545453,1.0,1.0,0.09090909090909091,0.1,0.09090909090909091,1.0,0.9090909090909091,1.0,1.0,0.09090909090909091,0.06666666666666667,0.09090909090909091,0.7333333333333333,1.0,1.0,1.0,0.09090909090909091,0.05,0.09090909090909091,0.55,1.0,1.0,1.0,0.09090909090909091,0.04,0.09090909090909091,0.44,1.0,1.0,1.0,0.09090909090909091,0.03333333333333333,0.09090909090909091,0.36666666666666664,1.0,1.0,1.0,0.09090909090909091,0.02857142857142857,0.09090909090909091,0.3142857142857143,1.0,1.0,1.0,0.09090909090909091,0.025,0.09090909090909091,0.275,1.0,1.0,1.0,0.09090909090909091,0.022222222222222223,0.09090909090909091,0.24444444444444444,1.0,1.0,1.0,0.09090909090909091,0.02,0.09090909090909091,0.22,1.0,1.0,1.0,0.09090909090909091,mini_l6-dj_adpt,2,webtable-v2v-v=12-distilroberta-dj_adpt~qwen3_8b-dj_adpt
cihr_co-applicant_a.pq,1.0,0.08333333333333333,1.0,0.08333333333333333,1.0,1.0,0.08333333333333333,0.2,0.08333333333333333,1.0,0.4166666666666667,1.0,1.0,0.08333333333333333,0.1,0.08333333333333333,1.0,0.8333333333333334,1.0,1.0,0.08333333333333333,0.06666666666666667,0.08333333333333333,0.8,1.0,1.0,1.0,0.08333333333333333,0.05,0.08333333333333333,0.6,1.0,1.0,1.0,0.08333333333333333,0.04,0.08333333333333333,0.48,1.0,1.0,1.0,0.08333333333333333,0.03333333333333333,0.08333333333333333,0.4,1.0,1.0,1.0,0.08333333333333333,0.02857142857142857,0.08333333333333333,0.34285714285714286,1.0,1.0,1.0,0.08333333333333333,0.025,0.08333333333333333,0.3,1.0,1.0,1.0,0.08333333333333333,0.022222222222222223,0.08333333333333333,0.26666666666666666,1.0,1.0,1.0,0.08333333333333333,0.02,0.08333333333333333,0.24,1.0,1.0,1.0,0.08333333333333333,mini_l6-dj_adpt,2,webtable-v2v-v=12-distilroberta-dj_adpt~qwen3_8b-dj_adpt
contributors_parties_b.pq,1.0,0.047619047619047616,1.0,0.047619047619047616,1.0,1.0,0.047619047619047616,1.0,0.23809523809523808,1.0,0.23809523809523808,1.0,1.0,0.23809523809523808,1.0,0.47619047619047616,1.0,0.47619047619047616,1.0,1.0,0.47619047619047616,0.8,0.5714285714285714,1.0,0.7142857142857143,1.0,1.0,0.5646258503401361,0.65,0.6190476190476191,1.0,0.9523809523809523,1.0,1.0,0.5990173847316704,0.52,0.6190476190476191,0.84,1.0,1.0,1.0,0.5990173847316704,0.43333333333333335,0.6190476190476191,0.7,1.0,1.0,1.0,0.5990173847316704,0.37142857142857144,0.6190476190476191,0.6,1.0,1.0,1.0,0.5990173847316704,0.35,0.6666666666666666,0.525,1.0,1.0,1.0,0.6161114018256876,0.3111111111111111,0.6666666666666666,0.4666666666666667,1.0,1.0,1.0,0.6161114018256876,0.28,0.6666666666666666,0.42,1.0,1.0,1.0,0.6161114018256876,mini_l6-dj_adpt,2,webtable-v2v-v=12-distilroberta-dj_adpt~qwen3_8b-dj_adpt
prescribing_a.pq,1.0,0.06666666666666667,1.0,0.06666666666666667,1.0,1.0,0.06666666666666667,0.2,0.06666666666666667,1.0,0.3333333333333333,1.0,1.0,0.06666666666666667,0.1,0.06666666666666667,1.0,0.6666666666666666,1.0,1.0,0.06666666666666667,0.06666666666666667,0.06666666666666667,1.0,1.0,1.0,1.0,0.06666666666666667,0.05,0.06666666666666667,0.75,1.0,1.0,1.0,0.06666666666666667,0.04,0.06666666666666667,0.6,1.0,1.0,1.0,0.06666666666666667,0.03333333333333333,0.06666666666666667,0.5,1.0,1.0,1.0,0.06666666666666667,0.02857142857142857,0.06666666666666667,0.42857142857142855,1.0,1.0,1.0,0.06666666666666667,0.025,0.06666666666666667,0.375,1.0,1.0,1.0,0.06666666666666667,0.022222222222222223,0.06666666666666667,0.3333333333333333,1.0,1.0,1.0,0.06666666666666667,0.02,0.06666666666666667,0.3,1.0,1.0,1.0,0.06666666666666667,mini_l6-dj_adpt,2,webtable-v2v-v=12-distilroberta-dj_adpt~qwen3_8b-dj_adpt
animal_tag_data_b.pq,1.0,0.08333333333333333,1.0,0.08333333333333333,1.0,1.0,0.08333333333333333,0.2,0.08333333333333333,1.0,0.4166666666666667,1.0,1.0,0.08333333333333333,0.1,0.08333333333333333,1.0,0.8333333333333334,1.0,1.0,0.08333333333333333,0.06666666666666667,0.08333333333333333,0.8,1.0,1.0,1.0,0.08333333333333333,0.05,0.08333333333333333,0.6,1.0,1.0,1.0,0.08333333333333333,0.04,0.08333333333333333,0.48,1.0,1.0,1.0,0.08333333333333333,0.03333333333333333,0.08333333333333333,0.4,1.0,1.0,1.0,0.08333333333333333,0.02857142857142857,0.08333333333333333,0.34285714285714286,1.0,1.0,1.0,0.08333333333333333,0.05,0.16666666666666666,0.3,1.0,1.0,1.0,0.08796296296296297,0.044444444444444446,0.16666666666666666,0.26666666666666666,1.0,1.0,1.0,0.08796296296296297,0.04,0.16666666666666666,0.24,1.0,1.0,1.0,0.08796296296296297,mini_l6-dj_adpt,2,webtable-v2v-v=12-distilroberta-dj_adpt~qwen3_8b-dj_adpt
oil_and_gas_summary_production_data_1967_1999_a.pq,1.0,0.09090909090909091,1.0,0.09090909090909091,1.0,1.0,0.09090909090909091,0.2,0.09090909090909091,1.0,0.45454545454545453,1.0,1.0,0.09090909090909091,0.1,0.09090909090909091,1.0,0.9090909090909091,1.0,1.0,0.09090909090909091,0.06666666666666667,0.09090909090909091,0.7333333333333333,1.0,1.0,1.0,0.09090909090909091,0.05,0.09090909090909091,0.55,1.0,1.0,1.0,0.09090909090909091,0.04,0.09090909090909091,0.44,1.0,1.0,1.0,0.09090909090909091,0.06666666666666667,0.18181818181818182,0.36666666666666664,1.0,1.0,1.0,0.09717868338557993,0.08571428571428572,0.2727272727272727,0.3142857142857143,1.0,1.0,1.0,0.10597633734452422,0.1,0.36363636363636365,0.275,1.0,1.0,1.0,0.11530034666853353,0.1111111111111111,0.45454545454545453,0.24444444444444444,1.0,1.0,1.0,0.12563092518093025,0.1,0.45454545454545453,0.22,1.0,1.0,1.0,0.12563092518093025,mini_l6-dj_adpt,2,webtable-v2v-v=12-distilroberta-dj_adpt~qwen3_8b-dj_adpt
stockport_contracts_b.pq,1.0,0.07692307692307693,1.0,0.07692307692307693,1.0,1.0,0.07692307692307693,0.2,0.07692307692307693,1.0,0.38461538461538464,1.0,1.0,0.07692307692307693,0.1,0.07692307692307693,1.0,0.7692307692307693,1.0,1.0,0.07692307692307693,0.06666666666666667,0.07692307692307693,0.8666666666666667,1.0,1.0,1.0,0.07692307692307693,0.05,0.07692307692307693,0.65,1.0,1.0,1.0,0.07692307692307693,0.04,0.07692307692307693,0.52,1.0,1.0,1.0,0.07692307692307693,0.03333333333333333,0.07692307692307693,0.43333333333333335,1.0,1.0,1.0,0.07692307692307693,0.02857142857142857,0.07692307692307693,0.37142857142857144,1.0,1.0,1.0,0.07692307692307693,0.025,0.07692307692307693,0.325,1.0,1.0,1.0,0.07692307692307693,0.022222222222222223,0.07692307692307693,0.28888888888888886,1.0,1.0,1.0,0.07692307692307693,0.02,0.07692307692307693,0.26,1.0,1.0,1.0,0.07692307692307693,mini_l6-dj_adpt,2,webtable-v2v-v=12-distilroberta-dj_adpt~qwen3_8b-dj_adpt
wholesale_markets_a.pq,1.0,0.09090909090909091,1.0,0.09090909090909091,1.0,1.0,0.09090909090909091,0.2,0.09090909090909091,1.0,0.45454545454545453,1.0,1.0,0.09090909090909091,0.1,0.09090909090909091,1.0,0.9090909090909091,1.0,1.0,0.09090909090909091,0.06666666666666667,0.09090909090909091,0.7333333333333333,1.0,1.0,1.0,0.09090909090909091,0.05,0.09090909090909091,0.55,1.0,1.0,1.0,0.09090909090909091,0.04,0.09090909090909091,0.44,1.0,1.0,1.0,0.09090909090909091,0.03333333333333333,0.09090909090909091,0.36666666666666664,1.0,1.0,1.0,0.09090909090909091,0.02857142857142857,0.09090909090909091,0.3142857142857143,1.0,1.0,1.0,0.09090909090909091,0.025,0.09090909090909091,0.275,1.0,1.0,1.0,0.09090909090909091,0.022222222222222223,0.09090909090909091,0.24444444444444444,1.0,1.0,1.0,0.09090909090909091,0.04,0.18181818181818182,0.22,1.0,1.0,1.0,0.09486166007905138,mini_l6-dj_adpt,2,webtable-v2v-v=12-distilroberta-dj_adpt~qwen3_8b-dj_adpt
minister_meetings_a.pq,1.0,0.1,1.0,0.1,1.0,1.0,0.1,0.4,0.2,1.0,0.5,1.0,1.0,0.2,0.2,0.2,1.0,1.0,1.0,1.0,0.2,0.2,0.3,0.6666666666666666,1.0,1.0,1.0,0.22727272727272724,0.15,0.3,0.5,1.0,1.0,1.0,0.22727272727272724,0.12,0.3,0.4,1.0,1.0,1.0,0.22727272727272724,0.1,0.3,0.3333333333333333,1.0,1.0,1.0,0.22727272727272724,0.08571428571428572,0.3,0.2857142857142857,1.0,1.0,1.0,0.22727272727272724,0.075,0.3,0.25,1.0,1.0,1.0,0.22727272727272724,0.06666666666666667,0.3,0.2222222222222222,1.0,1.0,1.0,0.22727272727272724,0.06,0.3,0.2,1.0,1.0,1.0,0.22727272727272724,mini_l6-dj_adpt,2,webtable-v2v-v=12-distilroberta-dj_adpt~qwen3_8b-dj_adpt
report_card_discipline_for_2015_16_a.pq,1.0,0.09090909090909091,1.0,0.09090909090909091,1.0,1.0,0.09090909090909091,0.2,0.09090909090909091,1.0,0.45454545454545453,1.0,1.0,0.09090909090909091,0.1,0.09090909090909091,1.0,0.9090909090909091,1.0,1.0,0.09090909090909091,0.06666666666666667,0.09090909090909091,0.7333333333333333,1.0,1.0,1.0,0.09090909090909091,0.05,0.09090909090909091,0.55,1.0,1.0,1.0,0.09090909090909091,0.04,0.09090909090909091,0.44,1.0,1.0,1.0,0.09090909090909091,0.03333333333333333,0.09090909090909091,0.36666666666666664,1.0,1.0,1.0,0.09090909090909091,0.02857142857142857,0.09090909090909091,0.3142857142857143,1.0,1.0,1.0,0.09090909090909091,0.05,0.18181818181818182,0.275,1.0,1.0,1.0,0.09557109557109557,0.06666666666666667,0.2727272727272727,0.24444444444444444,1.0,1.0,1.0,0.10222298027176074,0.06,0.2727272727272727,0.22,1.0,1.0,1.0,0.10222298027176074,mini_l6-dj_adpt,2,webtable-v2v-v=12-distilroberta-dj_adpt~qwen3_8b-dj_adpt
workforce_management_information_a.pq,1.0,0.05555555555555555,1.0,0.05555555555555555,1.0,1.0,0.05555555555555555,0.2,0.05555555555555555,1.0,0.2777777777777778,1.0,1.0,0.05555555555555555,0.1,0.05555555555555555,1.0,0.5555555555555556,1.0,1.0,0.05555555555555555,0.06666666666666667,0.05555555555555555,1.0,0.8333333333333334,1.0,1.0,0.05555555555555555,0.05,0.05555555555555555,0.9,1.0,1.0,1.0,0.05555555555555555,0.04,0.05555555555555555,0.72,1.0,1.0,1.0,0.05555555555555555,0.03333333333333333,0.05555555555555555,0.6,1.0,1.0,1.0,0.05555555555555555,0.02857142857142857,0.05555555555555555,0.5142857142857142,1.0,1.0,1.0,0.05555555555555555,0.025,0.05555555555555555,0.45,1.0,1.0,1.0,0.05555555555555555,0.022222222222222223,0.05555555555555555,0.4,1.0,1.0,1.0,0.05555555555555555,0.02,0.05555555555555555,0.36,1.0,1.0,1.0,0.05555555555555555,mini_l6-dj_adpt,2,webtable-v2v-v=12-distilroberta-dj_adpt~qwen3_8b-dj_adpt
ydn_spending_data_a.pq,1.0,0.08333333333333333,1.0,0.08333333333333333,1.0,1.0,0.08333333333333333,0.2,0.08333333333333333,1.0,0.4166666666666667,1.0,1.0,0.08333333333333333,0.1,0.08333333333333333,1.0,0.8333333333333334,1.0,1.0,0.08333333333333333,0.06666666666666667,0.08333333333333333,0.8,1.0,1.0,1.0,0.08333333333333333,0.05,0.08333333333333333,0.6,1.0,1.0,1.0,0.08333333333333333,0.04,0.08333333333333333,0.48,1.0,1.0,1.0,0.08333333333333333,0.03333333333333333,0.08333333333333333,0.4,1.0,1.0,1.0,0.08333333333333333,0.05714285714285714,0.16666666666666666,0.34285714285714286,1.0,1.0,1.0,0.08838383838383838,0.05,0.16666666666666666,0.3,1.0,1.0,1.0,0.08838383838383838,0.044444444444444446,0.16666666666666666,0.26666666666666666,1.0,1.0,1.0,0.08838383838383838,0.06,0.25,0.24,1.0,1.0,1.0,0.09359217171717171,mini_l6-dj_adpt,2,webtable-v2v-v=12-distilroberta-dj_adpt~qwen3_8b-dj_adpt
biodiversity_a.pq,1.0,0.09090909090909091,1.0,0.09090909090909091,1.0,1.0,0.09090909090909091,0.4,0.18181818181818182,1.0,0.45454545454545453,1.0,1.0,0.13636363636363635,0.2,0.18181818181818182,1.0,0.9090909090909091,1.0,1.0,0.13636363636363635,0.13333333333333333,0.18181818181818182,0.7333333333333333,1.0,1.0,1.0,0.13636363636363635,0.1,0.18181818181818182,0.55,1.0,1.0,1.0,0.13636363636363635,0.08,0.18181818181818182,0.44,1.0,1.0,1.0,0.13636363636363635,0.1,0.2727272727272727,0.36666666666666664,1.0,1.0,1.0,0.14545454545454548,0.11428571428571428,0.36363636363636365,0.3142857142857143,1.0,1.0,1.0,0.15584415584415584,0.15,0.5454545454545454,0.275,1.0,1.0,1.0,0.1821067821067821,0.13333333333333333,0.5454545454545454,0.24444444444444444,1.0,1.0,1.0,0.1821067821067821,0.12,0.5454545454545454,0.22,1.0,1.0,1.0,0.1821067821067821,mini_l6-dj_adpt,2,webtable-v2v-v=12-distilroberta-dj_adpt~qwen3_8b-dj_adpt
ipopayments_b.pq,1.0,0.06666666666666667,1.0,0.06666666666666667,1.0,1.0,0.06666666666666667,0.2,0.06666666666666667,1.0,0.3333333333333333,1.0,1.0,0.06666666666666667,0.1,0.06666666666666667,1.0,0.6666666666666666,1.0,1.0,0.06666666666666667,0.06666666666666667,0.06666666666666667,1.0,1.0,1.0,1.0,0.06666666666666667,0.05,0.06666666666666667,0.75,1.0,1.0,1.0,0.06666666666666667,0.04,0.06666666666666667,0.6,1.0,1.0,1.0,0.06666666666666667,0.06666666666666667,0.13333333333333333,0.5,1.0,1.0,1.0,0.07142857142857142,0.05714285714285714,0.13333333333333333,0.42857142857142855,1.0,1.0,1.0,0.07142857142857142,0.05,0.13333333333333333,0.375,1.0,1.0,1.0,0.07142857142857142,0.06666666666666667,0.2,0.3333333333333333,1.0,1.0,1.0,0.07607973421926911,0.1,0.3333333333333333,0.3,1.0,1.0,1.0,0.0885562141729527,mini_l6-dj_adpt,2,webtable-v2v-v=12-distilroberta-dj_adpt~qwen3_8b-dj_adpt
stockport_contracts_a.pq,1.0,0.07692307692307693,1.0,0.07692307692307693,1.0,1.0,0.07692307692307693,0.2,0.07692307692307693,1.0,0.38461538461538464,1.0,1.0,0.07692307692307693,0.1,0.07692307692307693,1.0,0.7692307692307693,1.0,1.0,0.07692307692307693,0.06666666666666667,0.07692307692307693,0.8666666666666667,1.0,1.0,1.0,0.07692307692307693,0.05,0.07692307692307693,0.65,1.0,1.0,1.0,0.07692307692307693,0.04,0.07692307692307693,0.52,1.0,1.0,1.0,0.07692307692307693,0.03333333333333333,0.07692307692307693,0.43333333333333335,1.0,1.0,1.0,0.07692307692307693,0.02857142857142857,0.07692307692307693,0.37142857142857144,1.0,1.0,1.0,0.07692307692307693,0.025,0.07692307692307693,0.325,1.0,1.0,1.0,0.07692307692307693,0.022222222222222223,0.07692307692307693,0.28888888888888886,1.0,1.0,1.0,0.07692307692307693,0.02,0.07692307692307693,0.26,1.0,1.0,1.0,0.07692307692307693,mini_l6-dj_adpt,2,webtable-v2v-v=12-distilroberta-dj_adpt~qwen3_8b-dj_adpt
ydn_spending_data_b.pq,1.0,0.08333333333333333,1.0,0.08333333333333333,1.0,1.0,0.08333333333333333,0.2,0.08333333333333333,1.0,0.4166666666666667,1.0,1.0,0.08333333333333333,0.1,0.08333333333333333,1.0,0.8333333333333334,1.0,1.0,0.08333333333333333,0.06666666666666667,0.08333333333333333,0.8,1.0,1.0,1.0,0.08333333333333333,0.05,0.08333333333333333,0.6,1.0,1.0,1.0,0.08333333333333333,0.04,0.08333333333333333,0.48,1.0,1.0,1.0,0.08333333333333333,0.03333333333333333,0.08333333333333333,0.4,1.0,1.0,1.0,0.08333333333333333,0.02857142857142857,0.08333333333333333,0.34285714285714286,1.0,1.0,1.0,0.08333333333333333,0.025,0.08333333333333333,0.3,1.0,1.0,1.0,0.08333333333333333,0.022222222222222223,0.08333333333333333,0.26666666666666666,1.0,1.0,1.0,0.08333333333333333,0.02,0.08333333333333333,0.24,1.0,1.0,1.0,0.08333333333333333,mini_l6-dj_adpt,2,webtable-v2v-v=12-distilroberta-dj_adpt~qwen3_8b-dj_adpt
deaths_2012_2018_a.pq,1.0,0.09090909090909091,1.0,0.09090909090909091,1.0,1.0,0.09090909090909091,0.2,0.09090909090909091,1.0,0.45454545454545453,1.0,1.0,0.09090909090909091,0.1,0.09090909090909091,1.0,0.9090909090909091,1.0,1.0,0.09090909090909091,0.06666666666666667,0.09090909090909091,0.7333333333333333,1.0,1.0,1.0,0.09090909090909091,0.05,0.09090909090909091,0.55,1.0,1.0,1.0,0.09090909090909091,0.04,0.09090909090909091,0.44,1.0,1.0,1.0,0.09090909090909091,0.03333333333333333,0.09090909090909091,0.36666666666666664,1.0,1.0,1.0,0.09090909090909091,0.02857142857142857,0.09090909090909091,0.3142857142857143,1.0,1.0,1.0,0.09090909090909091,0.025,0.09090909090909091,0.275,1.0,1.0,1.0,0.09090909090909091,0.022222222222222223,0.09090909090909091,0.24444444444444444,1.0,1.0,1.0,0.09090909090909091,0.02,0.09090909090909091,0.22,1.0,1.0,1.0,0.09090909090909091,mini_l6-dj_adpt,2,webtable-v2v-v=12-distilroberta-dj_adpt~qwen3_8b-dj_adpt
albums_b.pq,1.0,0.0625,1.0,0.0625,1.0,1.0,0.0625,1.0,0.3125,1.0,0.3125,1.0,1.0,0.3125,0.7,0.4375,1.0,0.625,1.0,1.0,0.4375,0.5333333333333333,0.5,1.0,0.9375,1.0,1.0,0.4732142857142857,0.4,0.5,0.8,1.0,1.0,1.0,0.4732142857142857,0.32,0.5,0.64,1.0,1.0,1.0,0.4732142857142857,0.36666666666666664,0.6875,0.5333333333333333,1.0,1.0,1.0,0.5393172919034988,0.3142857142857143,0.6875,0.45714285714285713,1.0,1.0,1.0,0.5393172919034988,0.275,0.6875,0.4,1.0,1.0,1.0,0.5393172919034988,0.24444444444444444,0.6875,0.35555555555555557,1.0,1.0,1.0,0.5393172919034988,0.22,0.6875,0.32,1.0,1.0,1.0,0.5393172919034988,mini_l6-dj_adpt,2,webtable-v2v-v=12-distilroberta-dj_adpt~qwen3_8b-dj_adpt
time_spent_watching_vcr_movies_a.pq,1.0,0.09090909090909091,1.0,0.09090909090909091,1.0,1.0,0.09090909090909091,0.2,0.09090909090909091,1.0,0.45454545454545453,1.0,1.0,0.09090909090909091,0.1,0.09090909090909091,1.0,0.9090909090909091,1.0,1.0,0.09090909090909091,0.06666666666666667,0.09090909090909091,0.7333333333333333,1.0,1.0,1.0,0.09090909090909091,0.05,0.09090909090909091,0.55,1.0,1.0,1.0,0.09090909090909091,0.04,0.09090909090909091,0.44,1.0,1.0,1.0,0.09090909090909091,0.06666666666666667,0.18181818181818182,0.36666666666666664,1.0,1.0,1.0,0.09696969696969697,0.08571428571428572,0.2727272727272727,0.3142857142857143,1.0,1.0,1.0,0.10523415977961431,0.1,0.36363636363636365,0.275,1.0,1.0,1.0,0.11506216960762415,0.08888888888888889,0.36363636363636365,0.24444444444444444,1.0,1.0,1.0,0.11506216960762415,0.08,0.36363636363636365,0.22,1.0,1.0,1.0,0.11506216960762415,mini_l6-dj_adpt,2,webtable-v2v-v=12-distilroberta-dj_adpt~qwen3_8b-dj_adpt
prescribing_b.pq,1.0,0.06666666666666667,1.0,0.06666666666666667,1.0,1.0,0.06666666666666667,0.2,0.06666666666666667,1.0,0.3333333333333333,1.0,1.0,0.06666666666666667,0.1,0.06666666666666667,1.0,0.6666666666666666,1.0,1.0,0.06666666666666667,0.06666666666666667,0.06666666666666667,1.0,1.0,1.0,1.0,0.06666666666666667,0.05,0.06666666666666667,0.75,1.0,1.0,1.0,0.06666666666666667,0.04,0.06666666666666667,0.6,1.0,1.0,1.0,0.06666666666666667,0.03333333333333333,0.06666666666666667,0.5,1.0,1.0,1.0,0.06666666666666667,0.02857142857142857,0.06666666666666667,0.42857142857142855,1.0,1.0,1.0,0.06666666666666667,0.025,0.06666666666666667,0.375,1.0,1.0,1.0,0.06666666666666667,0.022222222222222223,0.06666666666666667,0.3333333333333333,1.0,1.0,1.0,0.06666666666666667,0.02,0.06666666666666667,0.3,1.0,1.0,1.0,0.06666666666666667,mini_l6-dj_adpt,2,webtable-v2v-v=12-distilroberta-dj_adpt~qwen3_8b-dj_adpt
complaint_by_practice_b.pq,1.0,0.07692307692307693,1.0,0.07692307692307693,1.0,1.0,0.07692307692307693,0.2,0.07692307692307693,1.0,0.38461538461538464,1.0,1.0,0.07692307692307693,0.1,0.07692307692307693,1.0,0.7692307692307693,1.0,1.0,0.07692307692307693,0.06666666666666667,0.07692307692307693,0.8666666666666667,1.0,1.0,1.0,0.07692307692307693,0.05,0.07692307692307693,0.65,1.0,1.0,1.0,0.07692307692307693,0.04,0.07692307692307693,0.52,1.0,1.0,1.0,0.07692307692307693,0.03333333333333333,0.07692307692307693,0.43333333333333335,1.0,1.0,1.0,0.07692307692307693,0.02857142857142857,0.07692307692307693,0.37142857142857144,1.0,1.0,1.0,0.07692307692307693,0.025,0.07692307692307693,0.325,1.0,1.0,1.0,0.07692307692307693,0.022222222222222223,0.07692307692307693,0.28888888888888886,1.0,1.0,1.0,0.07692307692307693,0.02,0.07692307692307693,0.26,1.0,1.0,1.0,0.07692307692307693,mini_l6-dj_adpt,2,webtable-v2v-v=12-distilroberta-dj_adpt~qwen3_8b-dj_adpt
data_mill_a.pq,1.0,0.07142857142857142,1.0,0.07142857142857142,1.0,1.0,0.07142857142857142,0.4,0.14285714285714285,1.0,0.35714285714285715,1.0,1.0,0.14285714285714285,0.2,0.14285714285714285,1.0,0.7142857142857143,1.0,1.0,0.14285714285714285,0.13333333333333333,0.14285714285714285,0.9333333333333333,1.0,1.0,1.0,0.14285714285714285,0.1,0.14285714285714285,0.7,1.0,1.0,1.0,0.14285714285714285,0.08,0.14285714285714285,0.56,1.0,1.0,1.0,0.14285714285714285,0.06666666666666667,0.14285714285714285,0.4666666666666667,1.0,1.0,1.0,0.14285714285714285,0.05714285714285714,0.14285714285714285,0.4,1.0,1.0,1.0,0.14285714285714285,0.05,0.14285714285714285,0.35,1.0,1.0,1.0,0.14285714285714285,0.044444444444444446,0.14285714285714285,0.3111111111111111,1.0,1.0,1.0,0.14285714285714285,0.04,0.14285714285714285,0.28,1.0,1.0,1.0,0.14285714285714285,mini_l6-dj_adpt,2,webtable-v2v-v=12-distilroberta-dj_adpt~qwen3_8b-dj_adpt
psyckes_antipsychotic_polypharmacy_quality_indicators_beginning_2012_a.pq,1.0,0.09090909090909091,1.0,0.09090909090909091,1.0,1.0,0.09090909090909091,0.2,0.09090909090909091,1.0,0.45454545454545453,1.0,1.0,0.09090909090909091,0.1,0.09090909090909091,1.0,0.9090909090909091,1.0,1.0,0.09090909090909091,0.06666666666666667,0.09090909090909091,0.7333333333333333,1.0,1.0,1.0,0.09090909090909091,0.05,0.09090909090909091,0.55,1.0,1.0,1.0,0.09090909090909091,0.04,0.09090909090909091,0.44,1.0,1.0,1.0,0.09090909090909091,0.03333333333333333,0.09090909090909091,0.36666666666666664,1.0,1.0,1.0,0.09090909090909091,0.02857142857142857,0.09090909090909091,0.3142857142857143,1.0,1.0,1.0,0.09090909090909091,0.025,0.09090909090909091,0.275,1.0,1.0,1.0,0.09090909090909091,0.022222222222222223,0.09090909090909091,0.24444444444444444,1.0,1.0,1.0,0.09090909090909091,0.02,0.09090909090909091,0.22,1.0,1.0,1.0,0.09090909090909091,mini_l6-dj_adpt,2,webtable-v2v-v=12-distilroberta-dj_adpt~qwen3_8b-dj_adpt
tuition_assistance_program_tap_recipients_a.pq,1.0,0.09090909090909091,1.0,0.09090909090909091,1.0,1.0,0.09090909090909091,0.2,0.09090909090909091,1.0,0.45454545454545453,1.0,1.0,0.09090909090909091,0.1,0.09090909090909091,1.0,0.9090909090909091,1.0,1.0,0.09090909090909091,0.06666666666666667,0.09090909090909091,0.7333333333333333,1.0,1.0,1.0,0.09090909090909091,0.05,0.09090909090909091,0.55,1.0,1.0,1.0,0.09090909090909091,0.04,0.09090909090909091,0.44,1.0,1.0,1.0,0.09090909090909091,0.03333333333333333,0.09090909090909091,0.36666666666666664,1.0,1.0,1.0,0.09090909090909091,0.02857142857142857,0.09090909090909091,0.3142857142857143,1.0,1.0,1.0,0.09090909090909091,0.025,0.09090909090909091,0.275,1.0,1.0,1.0,0.09090909090909091,0.022222222222222223,0.09090909090909091,0.24444444444444444,1.0,1.0,1.0,0.09090909090909091,0.06,0.2727272727272727,0.22,1.0,1.0,1.0,0.10007421150278294,mini_l6-dj_adpt,2,webtable-v2v-v=12-distilroberta-dj_adpt~qwen3_8b-dj_adpt
civic_building_locations_a.pq,1.0,0.08333333333333333,1.0,0.08333333333333333,1.0,1.0,0.08333333333333333,0.2,0.08333333333333333,1.0,0.4166666666666667,1.0,1.0,0.08333333333333333,0.1,0.08333333333333333,1.0,0.8333333333333334,1.0,1.0,0.08333333333333333,0.06666666666666667,0.08333333333333333,0.8,1.0,1.0,1.0,0.08333333333333333,0.15,0.25,0.6,1.0,1.0,1.0,0.1057504873294347,0.12,0.25,0.48,1.0,1.0,1.0,0.1057504873294347,0.1,0.25,0.4,1.0,1.0,1.0,0.1057504873294347,0.08571428571428572,0.25,0.34285714285714286,1.0,1.0,1.0,0.1057504873294347,0.075,0.25,0.3,1.0,1.0,1.0,0.1057504873294347,0.08888888888888889,0.3333333333333333,0.26666666666666666,1.0,1.0,1.0,0.11332624490519227,0.08,0.3333333333333333,0.24,1.0,1.0,1.0,0.11332624490519227,mini_l6-dj_adpt,2,webtable-v2v-v=12-distilroberta-dj_adpt~qwen3_8b-dj_adpt
new_york_city_restaurant_inspection_results_a.pq,1.0,0.03225806451612903,1.0,0.03225806451612903,1.0,1.0,0.03225806451612903,0.2,0.03225806451612903,1.0,0.16129032258064516,1.0,1.0,0.03225806451612903,0.2,0.06451612903225806,1.0,0.3225806451612903,1.0,1.0,0.04301075268817204,0.13333333333333333,0.06451612903225806,1.0,0.4838709677419355,1.0,1.0,0.04301075268817204,0.1,0.06451612903225806,1.0,0.6451612903225806,1.0,1.0,0.04301075268817204,0.12,0.0967741935483871,1.0,0.8064516129032258,1.0,1.0,0.04740957966764418,0.1,0.0967741935483871,1.0,0.967741935483871,1.0,1.0,0.04740957966764418,0.17142857142857143,0.1935483870967742,0.8857142857142857,1.0,1.0,1.0,0.061859377181957824,0.2,0.25806451612903225,0.775,1.0,1.0,1.0,0.07457929312768023,0.17777777777777778,0.25806451612903225,0.6888888888888889,1.0,1.0,1.0,0.07457929312768023,0.18,0.2903225806451613,0.62,1.0,1.0,1.0,0.08038574474058345,mini_l6-dj_adpt,2,webtable-v2v-v=12-distilroberta-dj_adpt~qwen3_8b-dj_adpt
minister_meetings_a.pq,1.0,0.1,1.0,0.1,1.0,1.0,0.1,0.4,0.2,1.0,0.5,1.0,1.0,0.2,0.2,0.2,1.0,1.0,1.0,1.0,0.2,0.13333333333333333,0.2,0.6666666666666666,1.0,1.0,1.0,0.2,0.1,0.2,0.5,1.0,1.0,1.0,0.2,0.08,0.2,0.4,1.0,1.0,1.0,0.2,0.06666666666666667,0.2,0.3333333333333333,1.0,1.0,1.0,0.2,0.05714285714285714,0.2,0.2857142857142857,1.0,1.0,1.0,0.2,0.05,0.2,0.25,1.0,1.0,1.0,0.2,0.06666666666666667,0.3,0.2222222222222222,1.0,1.0,1.0,0.20714285714285716,0.06,0.3,0.2,1.0,1.0,1.0,0.20714285714285716,gte_base-dj_adpt,3,webtable-v2v-v=12-distilroberta-dj_adpt~qwen3_8b-dj_adpt
311_calls_historic_data_a.pq,1.0,0.09090909090909091,1.0,0.09090909090909091,1.0,1.0,0.09090909090909091,0.2,0.09090909090909091,1.0,0.45454545454545453,1.0,1.0,0.09090909090909091,0.1,0.09090909090909091,1.0,0.9090909090909091,1.0,1.0,0.09090909090909091,0.06666666666666667,0.09090909090909091,0.7333333333333333,1.0,1.0,1.0,0.09090909090909091,0.05,0.09090909090909091,0.55,1.0,1.0,1.0,0.09090909090909091,0.04,0.09090909090909091,0.44,1.0,1.0,1.0,0.09090909090909091,0.03333333333333333,0.09090909090909091,0.36666666666666664,1.0,1.0,1.0,0.09090909090909091,0.02857142857142857,0.09090909090909091,0.3142857142857143,1.0,1.0,1.0,0.09090909090909091,0.025,0.09090909090909091,0.275,1.0,1.0,1.0,0.09090909090909091,0.022222222222222223,0.09090909090909091,0.24444444444444444,1.0,1.0,1.0,0.09090909090909091,0.02,0.09090909090909091,0.22,1.0,1.0,1.0,0.09090909090909091,gte_base-dj_adpt,3,webtable-v2v-v=12-distilroberta-dj_adpt~qwen3_8b-dj_adpt
report_card_discipline_for_2015_16_a.pq,1.0,0.09090909090909091,1.0,0.09090909090909091,1.0,1.0,0.09090909090909091,0.2,0.09090909090909091,1.0,0.45454545454545453,1.0,1.0,0.09090909090909091,0.1,0.09090909090909091,1.0,0.9090909090909091,1.0,1.0,0.09090909090909091,0.06666666666666667,0.09090909090909091,0.7333333333333333,1.0,1.0,1.0,0.09090909090909091,0.05,0.09090909090909091,0.55,1.0,1.0,1.0,0.09090909090909091,0.04,0.09090909090909091,0.44,1.0,1.0,1.0,0.09090909090909091,0.03333333333333333,0.09090909090909091,0.36666666666666664,1.0,1.0,1.0,0.09090909090909091,0.02857142857142857,0.09090909090909091,0.3142857142857143,1.0,1.0,1.0,0.09090909090909091,0.025,0.09090909090909091,0.275,1.0,1.0,1.0,0.09090909090909091,0.022222222222222223,0.09090909090909091,0.24444444444444444,1.0,1.0,1.0,0.09090909090909091,0.02,0.09090909090909091,0.22,1.0,1.0,1.0,0.09090909090909091,gte_base-dj_adpt,3,webtable-v2v-v=12-distilroberta-dj_adpt~qwen3_8b-dj_adpt
wholesale_markets_a.pq,1.0,0.09090909090909091,1.0,0.09090909090909091,1.0,1.0,0.09090909090909091,0.2,0.09090909090909091,1.0,0.45454545454545453,1.0,1.0,0.09090909090909091,0.1,0.09090909090909091,1.0,0.9090909090909091,1.0,1.0,0.09090909090909091,0.06666666666666667,0.09090909090909091,0.7333333333333333,1.0,1.0,1.0,0.09090909090909091,0.05,0.09090909090909091,0.55,1.0,1.0,1.0,0.09090909090909091,0.04,0.09090909090909091,0.44,1.0,1.0,1.0,0.09090909090909091,0.03333333333333333,0.09090909090909091,0.36666666666666664,1.0,1.0,1.0,0.09090909090909091,0.02857142857142857,0.09090909090909091,0.3142857142857143,1.0,1.0,1.0,0.09090909090909091,0.025,0.09090909090909091,0.275,1.0,1.0,1.0,0.09090909090909091,0.022222222222222223,0.09090909090909091,0.24444444444444444,1.0,1.0,1.0,0.09090909090909091,0.02,0.09090909090909091,0.22,1.0,1.0,1.0,0.09090909090909091,gte_base-dj_adpt,3,webtable-v2v-v=12-distilroberta-dj_adpt~qwen3_8b-dj_adpt
workforce_management_information_a.pq,1.0,0.05555555555555555,1.0,0.05555555555555555,1.0,1.0,0.05555555555555555,0.2,0.05555555555555555,1.0,0.2777777777777778,1.0,1.0,0.05555555555555555,0.1,0.05555555555555555,1.0,0.5555555555555556,1.0,1.0,0.05555555555555555,0.06666666666666667,0.05555555555555555,1.0,0.8333333333333334,1.0,1.0,0.05555555555555555,0.05,0.05555555555555555,0.9,1.0,1.0,1.0,0.05555555555555555,0.04,0.05555555555555555,0.72,1.0,1.0,1.0,0.05555555555555555,0.03333333333333333,0.05555555555555555,0.6,1.0,1.0,1.0,0.05555555555555555,0.02857142857142857,0.05555555555555555,0.5142857142857142,1.0,1.0,1.0,0.05555555555555555,0.025,0.05555555555555555,0.45,1.0,1.0,1.0,0.05555555555555555,0.022222222222222223,0.05555555555555555,0.4,1.0,1.0,1.0,0.05555555555555555,0.02,0.05555555555555555,0.36,1.0,1.0,1.0,0.05555555555555555,gte_base-dj_adpt,3,webtable-v2v-v=12-distilroberta-dj_adpt~qwen3_8b-dj_adpt
mines_b.pq,1.0,0.07142857142857142,1.0,0.07142857142857142,1.0,1.0,0.07142857142857142,0.2,0.07142857142857142,1.0,0.35714285714285715,1.0,1.0,0.07142857142857142,0.1,0.07142857142857142,1.0,0.7142857142857143,1.0,1.0,0.07142857142857142,0.06666666666666667,0.07142857142857142,0.9333333333333333,1.0,1.0,1.0,0.07142857142857142,0.05,0.07142857142857142,0.7,1.0,1.0,1.0,0.07142857142857142,0.04,0.07142857142857142,0.56,1.0,1.0,1.0,0.07142857142857142,0.03333333333333333,0.07142857142857142,0.4666666666666667,1.0,1.0,1.0,0.07142857142857142,0.02857142857142857,0.07142857142857142,0.4,1.0,1.0,1.0,0.07142857142857142,0.025,0.07142857142857142,0.35,1.0,1.0,1.0,0.07142857142857142,0.022222222222222223,0.07142857142857142,0.3111111111111111,1.0,1.0,1.0,0.07142857142857142,0.02,0.07142857142857142,0.28,1.0,1.0,1.0,0.07142857142857142,gte_base-dj_adpt,3,webtable-v2v-v=12-distilroberta-dj_adpt~qwen3_8b-dj_adpt
complaint_by_practice_a.pq,1.0,0.07692307692307693,1.0,0.07692307692307693,1.0,1.0,0.07692307692307693,0.2,0.07692307692307693,1.0,0.38461538461538464,1.0,1.0,0.07692307692307693,0.1,0.07692307692307693,1.0,0.7692307692307693,1.0,1.0,0.07692307692307693,0.06666666666666667,0.07692307692307693,0.8666666666666667,1.0,1.0,1.0,0.07692307692307693,0.05,0.07692307692307693,0.65,1.0,1.0,1.0,0.07692307692307693,0.04,0.07692307692307693,0.52,1.0,1.0,1.0,0.07692307692307693,0.03333333333333333,0.07692307692307693,0.43333333333333335,1.0,1.0,1.0,0.07692307692307693,0.02857142857142857,0.07692307692307693,0.37142857142857144,1.0,1.0,1.0,0.07692307692307693,0.05,0.15384615384615385,0.325,1.0,1.0,1.0,0.08076923076923077,0.044444444444444446,0.15384615384615385,0.28888888888888886,1.0,1.0,1.0,0.08076923076923077,0.04,0.15384615384615385,0.26,1.0,1.0,1.0,0.08076923076923077,gte_base-dj_adpt,3,webtable-v2v-v=12-distilroberta-dj_adpt~qwen3_8b-dj_adpt
ydn_spending_data_b.pq,1.0,0.08333333333333333,1.0,0.08333333333333333,1.0,1.0,0.08333333333333333,0.2,0.08333333333333333,1.0,0.4166666666666667,1.0,1.0,0.08333333333333333,0.1,0.08333333333333333,1.0,0.8333333333333334,1.0,1.0,0.08333333333333333,0.06666666666666667,0.08333333333333333,0.8,1.0,1.0,1.0,0.08333333333333333,0.05,0.08333333333333333,0.6,1.0,1.0,1.0,0.08333333333333333,0.04,0.08333333333333333,0.48,1.0,1.0,1.0,0.08333333333333333,0.03333333333333333,0.08333333333333333,0.4,1.0,1.0,1.0,0.08333333333333333,0.02857142857142857,0.08333333333333333,0.34285714285714286,1.0,1.0,1.0,0.08333333333333333,0.025,0.08333333333333333,0.3,1.0,1.0,1.0,0.08333333333333333,0.022222222222222223,0.08333333333333333,0.26666666666666666,1.0,1.0,1.0,0.08333333333333333,0.04,0.16666666666666666,0.24,1.0,1.0,1.0,0.08687943262411348,gte_base-dj_adpt,3,webtable-v2v-v=12-distilroberta-dj_adpt~qwen3_8b-dj_adpt
monthly_data_feed_a.pq,1.0,0.07692307692307693,1.0,0.07692307692307693,1.0,1.0,0.07692307692307693,0.4,0.15384615384615385,1.0,0.38461538461538464,1.0,1.0,0.15384615384615385,0.2,0.15384615384615385,1.0,0.7692307692307693,1.0,1.0,0.15384615384615385,0.13333333333333333,0.15384615384615385,0.8666666666666667,1.0,1.0,1.0,0.15384615384615385,0.1,0.15384615384615385,0.65,1.0,1.0,1.0,0.15384615384615385,0.08,0.15384615384615385,0.52,1.0,1.0,1.0,0.15384615384615385,0.06666666666666667,0.15384615384615385,0.43333333333333335,1.0,1.0,1.0,0.15384615384615385,0.05714285714285714,0.15384615384615385,0.37142857142857144,1.0,1.0,1.0,0.15384615384615385,0.075,0.23076923076923078,0.325,1.0,1.0,1.0,0.16025641025641027,0.06666666666666667,0.23076923076923078,0.28888888888888886,1.0,1.0,1.0,0.16025641025641027,0.06,0.23076923076923078,0.26,1.0,1.0,1.0,0.16025641025641027,gte_base-dj_adpt,3,webtable-v2v-v=12-distilroberta-dj_adpt~qwen3_8b-dj_adpt
job_pay_scales_a.pq,1.0,0.06666666666666667,1.0,0.06666666666666667,1.0,1.0,0.06666666666666667,0.4,0.13333333333333333,1.0,0.3333333333333333,1.0,1.0,0.13333333333333333,0.2,0.13333333333333333,1.0,0.6666666666666666,1.0,1.0,0.13333333333333333,0.13333333333333333,0.13333333333333333,1.0,1.0,1.0,1.0,0.13333333333333333,0.1,0.13333333333333333,0.75,1.0,1.0,1.0,0.13333333333333333,0.12,0.2,0.6,1.0,1.0,1.0,0.14166666666666666,0.1,0.2,0.5,1.0,1.0,1.0,0.14166666666666666,0.08571428571428572,0.2,0.42857142857142855,1.0,1.0,1.0,0.14166666666666666,0.075,0.2,0.375,1.0,1.0,1.0,0.14166666666666666,0.06666666666666667,0.2,0.3333333333333333,1.0,1.0,1.0,0.14166666666666666,0.06,0.2,0.3,1.0,1.0,1.0,0.14166666666666666,gte_base-dj_adpt,3,webtable-v2v-v=12-distilroberta-dj_adpt~qwen3_8b-dj_adpt
ipopayments_b.pq,1.0,0.06666666666666667,1.0,0.06666666666666667,1.0,1.0,0.06666666666666667,0.2,0.06666666666666667,1.0,0.3333333333333333,1.0,1.0,0.06666666666666667,0.1,0.06666666666666667,1.0,0.6666666666666666,1.0,1.0,0.06666666666666667,0.06666666666666667,0.06666666666666667,1.0,1.0,1.0,1.0,0.06666666666666667,0.05,0.06666666666666667,0.75,1.0,1.0,1.0,0.06666666666666667,0.04,0.06666666666666667,0.6,1.0,1.0,1.0,0.06666666666666667,0.03333333333333333,0.06666666666666667,0.5,1.0,1.0,1.0,0.06666666666666667,0.02857142857142857,0.06666666666666667,0.42857142857142855,1.0,1.0,1.0,0.06666666666666667,0.025,0.06666666666666667,0.375,1.0,1.0,1.0,0.06666666666666667,0.022222222222222223,0.06666666666666667,0.3333333333333333,1.0,1.0,1.0,0.06666666666666667,0.02,0.06666666666666667,0.3,1.0,1.0,1.0,0.06666666666666667,gte_base-dj_adpt,3,webtable-v2v-v=12-distilroberta-dj_adpt~qwen3_8b-dj_adpt
prescribing_a.pq,1.0,0.06666666666666667,1.0,0.06666666666666667,1.0,1.0,0.06666666666666667,0.2,0.06666666666666667,1.0,0.3333333333333333,1.0,1.0,0.06666666666666667,0.1,0.06666666666666667,1.0,0.6666666666666666,1.0,1.0,0.06666666666666667,0.06666666666666667,0.06666666666666667,1.0,1.0,1.0,1.0,0.06666666666666667,0.05,0.06666666666666667,0.75,1.0,1.0,1.0,0.06666666666666667,0.04,0.06666666666666667,0.6,1.0,1.0,1.0,0.06666666666666667,0.03333333333333333,0.06666666666666667,0.5,1.0,1.0,1.0,0.06666666666666667,0.02857142857142857,0.06666666666666667,0.42857142857142855,1.0,1.0,1.0,0.06666666666666667,0.025,0.06666666666666667,0.375,1.0,1.0,1.0,0.06666666666666667,0.022222222222222223,0.06666666666666667,0.3333333333333333,1.0,1.0,1.0,0.06666666666666667,0.02,0.06666666666666667,0.3,1.0,1.0,1.0,0.06666666666666667,gte_base-dj_adpt,3,webtable-v2v-v=12-distilroberta-dj_adpt~qwen3_8b-dj_adpt
monthly_data_feed_b.pq,1.0,0.07692307692307693,1.0,0.07692307692307693,1.0,1.0,0.07692307692307693,0.2,0.07692307692307693,1.0,0.38461538461538464,1.0,1.0,0.07692307692307693,0.1,0.07692307692307693,1.0,0.7692307692307693,1.0,1.0,0.07692307692307693,0.06666666666666667,0.07692307692307693,0.8666666666666667,1.0,1.0,1.0,0.07692307692307693,0.05,0.07692307692307693,0.65,1.0,1.0,1.0,0.07692307692307693,0.04,0.07692307692307693,0.52,1.0,1.0,1.0,0.07692307692307693,0.03333333333333333,0.07692307692307693,0.43333333333333335,1.0,1.0,1.0,0.07692307692307693,0.02857142857142857,0.07692307692307693,0.37142857142857144,1.0,1.0,1.0,0.07692307692307693,0.025,0.07692307692307693,0.325,1.0,1.0,1.0,0.07692307692307693,0.022222222222222223,0.07692307692307693,0.28888888888888886,1.0,1.0,1.0,0.07692307692307693,0.02,0.07692307692307693,0.26,1.0,1.0,1.0,0.07692307692307693,gte_base-dj_adpt,3,webtable-v2v-v=12-distilroberta-dj_adpt~qwen3_8b-dj_adpt
animal_tag_data_a.pq,1.0,0.08333333333333333,1.0,0.08333333333333333,1.0,1.0,0.08333333333333333,0.2,0.08333333333333333,1.0,0.4166666666666667,1.0,1.0,0.08333333333333333,0.1,0.08333333333333333,1.0,0.8333333333333334,1.0,1.0,0.08333333333333333,0.06666666666666667,0.08333333333333333,0.8,1.0,1.0,1.0,0.08333333333333333,0.05,0.08333333333333333,0.6,1.0,1.0,1.0,0.08333333333333333,0.04,0.08333333333333333,0.48,1.0,1.0,1.0,0.08333333333333333,0.03333333333333333,0.08333333333333333,0.4,1.0,1.0,1.0,0.08333333333333333,0.02857142857142857,0.08333333333333333,0.34285714285714286,1.0,1.0,1.0,0.08333333333333333,0.025,0.08333333333333333,0.3,1.0,1.0,1.0,0.08333333333333333,0.022222222222222223,0.08333333333333333,0.26666666666666666,1.0,1.0,1.0,0.08333333333333333,0.02,0.08333333333333333,0.24,1.0,1.0,1.0,0.08333333333333333,gte_base-dj_adpt,3,webtable-v2v-v=12-distilroberta-dj_adpt~qwen3_8b-dj_adpt
workforce_management_information_b.pq,1.0,0.05555555555555555,1.0,0.05555555555555555,1.0,1.0,0.05555555555555555,0.2,0.05555555555555555,1.0,0.2777777777777778,1.0,1.0,0.05555555555555555,0.1,0.05555555555555555,1.0,0.5555555555555556,1.0,1.0,0.05555555555555555,0.06666666666666667,0.05555555555555555,1.0,0.8333333333333334,1.0,1.0,0.05555555555555555,0.05,0.05555555555555555,0.9,1.0,1.0,1.0,0.05555555555555555,0.04,0.05555555555555555,0.72,1.0,1.0,1.0,0.05555555555555555,0.03333333333333333,0.05555555555555555,0.6,1.0,1.0,1.0,0.05555555555555555,0.02857142857142857,0.05555555555555555,0.5142857142857142,1.0,1.0,1.0,0.05555555555555555,0.025,0.05555555555555555,0.45,1.0,1.0,1.0,0.05555555555555555,0.022222222222222223,0.05555555555555555,0.4,1.0,1.0,1.0,0.05555555555555555,0.02,0.05555555555555555,0.36,1.0,1.0,1.0,0.05555555555555555,gte_base-dj_adpt,3,webtable-v2v-v=12-distilroberta-dj_adpt~qwen3_8b-dj_adpt
ydn_spending_data_a.pq,1.0,0.08333333333333333,1.0,0.08333333333333333,1.0,1.0,0.08333333333333333,0.2,0.08333333333333333,1.0,0.4166666666666667,1.0,1.0,0.08333333333333333,0.1,0.08333333333333333,1.0,0.8333333333333334,1.0,1.0,0.08333333333333333,0.06666666666666667,0.08333333333333333,0.8,1.0,1.0,1.0,0.08333333333333333,0.1,0.16666666666666666,0.6,1.0,1.0,1.0,0.09166666666666667,0.08,0.16666666666666666,0.48,1.0,1.0,1.0,0.09166666666666667,0.06666666666666667,0.16666666666666666,0.4,1.0,1.0,1.0,0.09166666666666667,0.05714285714285714,0.16666666666666666,0.34285714285714286,1.0,1.0,1.0,0.09166666666666667,0.075,0.25,0.3,1.0,1.0,1.0,0.09791666666666667,0.06666666666666667,0.25,0.26666666666666666,1.0,1.0,1.0,0.09791666666666667,0.06,0.25,0.24,1.0,1.0,1.0,0.09791666666666667,gte_base-dj_adpt,3,webtable-v2v-v=12-distilroberta-dj_adpt~qwen3_8b-dj_adpt
lane_description_b.pq,1.0,0.0625,1.0,0.0625,1.0,1.0,0.0625,0.6,0.1875,1.0,0.3125,1.0,1.0,0.171875,0.3,0.1875,1.0,0.625,1.0,1.0,0.171875,0.2,0.1875,1.0,0.9375,1.0,1.0,0.171875,0.15,0.1875,0.8,1.0,1.0,1.0,0.171875,0.12,0.1875,0.64,1.0,1.0,1.0,0.171875,0.13333333333333333,0.25,0.5333333333333333,1.0,1.0,1.0,0.18080357142857142,0.14285714285714285,0.3125,0.45714285714285713,1.0,1.0,1.0,0.19056919642857142,0.175,0.4375,0.4,1.0,1.0,1.0,0.21112208104395605,0.2222222222222222,0.625,0.35555555555555557,1.0,1.0,1.0,0.24969982274669775,0.22,0.6875,0.32,1.0,1.0,1.0,0.2646454749206108,gte_base-dj_adpt,3,webtable-v2v-v=12-distilroberta-dj_adpt~qwen3_8b-dj_adpt
stockport_contracts_a.pq,1.0,0.07692307692307693,1.0,0.07692307692307693,1.0,1.0,0.07692307692307693,0.2,0.07692307692307693,1.0,0.38461538461538464,1.0,1.0,0.07692307692307693,0.1,0.07692307692307693,1.0,0.7692307692307693,1.0,1.0,0.07692307692307693,0.06666666666666667,0.07692307692307693,0.8666666666666667,1.0,1.0,1.0,0.07692307692307693,0.05,0.07692307692307693,0.65,1.0,1.0,1.0,0.07692307692307693,0.04,0.07692307692307693,0.52,1.0,1.0,1.0,0.07692307692307693,0.03333333333333333,0.07692307692307693,0.43333333333333335,1.0,1.0,1.0,0.07692307692307693,0.02857142857142857,0.07692307692307693,0.37142857142857144,1.0,1.0,1.0,0.07692307692307693,0.025,0.07692307692307693,0.325,1.0,1.0,1.0,0.07692307692307693,0.022222222222222223,0.07692307692307693,0.28888888888888886,1.0,1.0,1.0,0.07692307692307693,0.04,0.15384615384615385,0.26,1.0,1.0,1.0,0.08,gte_base-dj_adpt,3,webtable-v2v-v=12-distilroberta-dj_adpt~qwen3_8b-dj_adpt
biodiversity_a.pq,1.0,0.09090909090909091,1.0,0.09090909090909091,1.0,1.0,0.09090909090909091,0.2,0.09090909090909091,1.0,0.45454545454545453,1.0,1.0,0.09090909090909091,0.2,0.18181818181818182,1.0,0.9090909090909091,1.0,1.0,0.11111111111111112,0.26666666666666666,0.36363636363636365,0.7333333333333333,1.0,1.0,1.0,0.16387652751289117,0.2,0.36363636363636365,0.55,1.0,1.0,1.0,0.16387652751289117,0.16,0.36363636363636365,0.44,1.0,1.0,1.0,0.16387652751289117,0.13333333333333333,0.36363636363636365,0.36666666666666664,1.0,1.0,1.0,0.16387652751289117,0.11428571428571428,0.36363636363636365,0.3142857142857143,1.0,1.0,1.0,0.16387652751289117,0.1,0.36363636363636365,0.275,1.0,1.0,1.0,0.16387652751289117,0.08888888888888889,0.36363636363636365,0.24444444444444444,1.0,1.0,1.0,0.16387652751289117,0.08,0.36363636363636365,0.22,1.0,1.0,1.0,0.16387652751289117,gte_base-dj_adpt,3,webtable-v2v-v=12-distilroberta-dj_adpt~qwen3_8b-dj_adpt
tuition_assistance_program_tap_recipients_a.pq,1.0,0.09090909090909091,1.0,0.09090909090909091,1.0,1.0,0.09090909090909091,0.2,0.09090909090909091,1.0,0.45454545454545453,1.0,1.0,0.09090909090909091,0.1,0.09090909090909091,1.0,0.9090909090909091,1.0,1.0,0.09090909090909091,0.06666666666666667,0.09090909090909091,0.7333333333333333,1.0,1.0,1.0,0.09090909090909091,0.05,0.09090909090909091,0.55,1.0,1.0,1.0,0.09090909090909091,0.04,0.09090909090909091,0.44,1.0,1.0,1.0,0.09090909090909091,0.03333333333333333,0.09090909090909091,0.36666666666666664,1.0,1.0,1.0,0.09090909090909091,0.02857142857142857,0.09090909090909091,0.3142857142857143,1.0,1.0,1.0,0.09090909090909091,0.025,0.09090909090909091,0.275,1.0,1.0,1.0,0.09090909090909091,0.022222222222222223,0.09090909090909091,0.24444444444444444,1.0,1.0,1.0,0.09090909090909091,0.02,0.09090909090909091,0.22,1.0,1.0,1.0,0.09090909090909091,gte_base-dj_adpt,3,webtable-v2v-v=12-distilroberta-dj_adpt~qwen3_8b-dj_adpt
contributors_parties_b.pq,1.0,0.047619047619047616,1.0,0.047619047619047616,1.0,1.0,0.047619047619047616,1.0,0.23809523809523808,1.0,0.23809523809523808,1.0,1.0,0.23809523809523808,0.9,0.42857142857142855,1.0,0.47619047619047616,1.0,1.0,0.42857142857142855,0.6,0.42857142857142855,1.0,0.7142857142857143,1.0,1.0,0.42857142857142855,0.45,0.42857142857142855,1.0,0.9523809523809523,1.0,1.0,0.42857142857142855,0.36,0.42857142857142855,0.84,1.0,1.0,1.0,0.42857142857142855,0.3,0.42857142857142855,0.7,1.0,1.0,1.0,0.42857142857142855,0.2571428571428571,0.42857142857142855,0.6,1.0,1.0,1.0,0.42857142857142855,0.325,0.6190476190476191,0.525,1.0,1.0,1.0,0.4857116080800291,0.28888888888888886,0.6190476190476191,0.4666666666666667,1.0,1.0,1.0,0.4857116080800291,0.26,0.6190476190476191,0.42,1.0,1.0,1.0,0.4857116080800291,gte_base-dj_adpt,3,webtable-v2v-v=12-distilroberta-dj_adpt~qwen3_8b-dj_adpt
immigration_records_a.pq,1.0,0.0625,1.0,0.0625,1.0,1.0,0.0625,0.2,0.0625,1.0,0.3125,1.0,1.0,0.0625,0.2,0.125,1.0,0.625,1.0,1.0,0.0763888888888889,0.3333333333333333,0.3125,1.0,0.9375,1.0,1.0,0.129502442002442,0.35,0.4375,0.8,1.0,1.0,1.0,0.17724549755799757,0.28,0.4375,0.64,1.0,1.0,1.0,0.17724549755799757,0.23333333333333334,0.4375,0.5333333333333333,1.0,1.0,1.0,0.17724549755799757,0.2,0.4375,0.45714285714285713,1.0,1.0,1.0,0.17724549755799757,0.175,0.4375,0.4,1.0,1.0,1.0,0.17724549755799757,0.2222222222222222,0.625,0.35555555555555557,1.0,1.0,1.0,0.21554638433272155,0.24,0.75,0.32,1.0,1.0,1.0,0.24579904390718962,gte_base-dj_adpt,3,webtable-v2v-v=12-distilroberta-dj_adpt~qwen3_8b-dj_adpt
lane_description_a.pq,1.0,0.0625,1.0,0.0625,1.0,1.0,0.0625,0.4,0.125,1.0,0.3125,1.0,1.0,0.125,0.2,0.125,1.0,0.625,1.0,1.0,0.125,0.2,0.1875,1.0,0.9375,1.0,1.0,0.140625,0.25,0.3125,0.8,1.0,1.0,1.0,0.1694078947368421,0.28,0.4375,0.64,1.0,1.0,1.0,0.2025328947368421,0.3333333333333333,0.625,0.5333333333333333,1.0,1.0,1.0,0.26197403230297966,0.34285714285714286,0.75,0.45714285714285713,1.0,1.0,1.0,0.30551723083239146,0.375,0.9375,0.4,1.0,1.0,1.0,0.37454146761978613,0.3333333333333333,0.9375,0.35555555555555557,1.0,1.0,1.0,0.37454146761978613,0.3,0.9375,0.32,1.0,1.0,1.0,0.37454146761978613,gte_base-dj_adpt,3,webtable-v2v-v=12-distilroberta-dj_adpt~qwen3_8b-dj_adpt
animal_tag_data_b.pq,1.0,0.08333333333333333,1.0,0.08333333333333333,1.0,1.0,0.08333333333333333,0.2,0.08333333333333333,1.0,0.4166666666666667,1.0,1.0,0.08333333333333333,0.1,0.08333333333333333,1.0,0.8333333333333334,1.0,1.0,0.08333333333333333,0.06666666666666667,0.08333333333333333,0.8,1.0,1.0,1.0,0.08333333333333333,0.05,0.08333333333333333,0.6,1.0,1.0,1.0,0.08333333333333333,0.04,0.08333333333333333,0.48,1.0,1.0,1.0,0.08333333333333333,0.03333333333333333,0.08333333333333333,0.4,1.0,1.0,1.0,0.08333333333333333,0.02857142857142857,0.08333333333333333,0.34285714285714286,1.0,1.0,1.0,0.08333333333333333,0.025,0.08333333333333333,0.3,1.0,1.0,1.0,0.08333333333333333,0.022222222222222223,0.08333333333333333,0.26666666666666666,1.0,1.0,1.0,0.08333333333333333,0.02,0.08333333333333333,0.24,1.0,1.0,1.0,0.08333333333333333,gte_base-dj_adpt,3,webtable-v2v-v=12-distilroberta-dj_adpt~qwen3_8b-dj_adpt
oil_and_gas_summary_production_data_1967_1999_a.pq,1.0,0.09090909090909091,1.0,0.09090909090909091,1.0,1.0,0.09090909090909091,0.2,0.09090909090909091,1.0,0.45454545454545453,1.0,1.0,0.09090909090909091,0.1,0.09090909090909091,1.0,0.9090909090909091,1.0,1.0,0.09090909090909091,0.06666666666666667,0.09090909090909091,0.7333333333333333,1.0,1.0,1.0,0.09090909090909091,0.05,0.09090909090909091,0.55,1.0,1.0,1.0,0.09090909090909091,0.04,0.09090909090909091,0.44,1.0,1.0,1.0,0.09090909090909091,0.06666666666666667,0.18181818181818182,0.36666666666666664,1.0,1.0,1.0,0.09717868338557993,0.08571428571428572,0.2727272727272727,0.3142857142857143,1.0,1.0,1.0,0.10597633734452422,0.075,0.2727272727272727,0.275,1.0,1.0,1.0,0.10597633734452422,0.06666666666666667,0.2727272727272727,0.24444444444444444,1.0,1.0,1.0,0.10597633734452422,0.08,0.36363636363636365,0.22,1.0,1.0,1.0,0.11339748762281734,gte_base-dj_adpt,3,webtable-v2v-v=12-distilroberta-dj_adpt~qwen3_8b-dj_adpt
contributors_parties_a.pq,1.0,0.047619047619047616,1.0,0.047619047619047616,1.0,1.0,0.047619047619047616,1.0,0.23809523809523808,1.0,0.23809523809523808,1.0,1.0,0.23809523809523808,0.9,0.42857142857142855,1.0,0.47619047619047616,1.0,1.0,0.42857142857142855,0.6,0.42857142857142855,1.0,0.7142857142857143,1.0,1.0,0.42857142857142855,0.45,0.42857142857142855,1.0,0.9523809523809523,1.0,1.0,0.42857142857142855,0.36,0.42857142857142855,0.84,1.0,1.0,1.0,0.42857142857142855,0.3,0.42857142857142855,0.7,1.0,1.0,1.0,0.42857142857142855,0.2571428571428571,0.42857142857142855,0.6,1.0,1.0,1.0,0.42857142857142855,0.225,0.42857142857142855,0.525,1.0,1.0,1.0,0.42857142857142855,0.2,0.42857142857142855,0.4666666666666667,1.0,1.0,1.0,0.42857142857142855,0.18,0.42857142857142855,0.42,1.0,1.0,1.0,0.42857142857142855,gte_base-dj_adpt,3,webtable-v2v-v=12-distilroberta-dj_adpt~qwen3_8b-dj_adpt
ipopayments_a.pq,1.0,0.06666666666666667,1.0,0.06666666666666667,1.0,1.0,0.06666666666666667,0.2,0.06666666666666667,1.0,0.3333333333333333,1.0,1.0,0.06666666666666667,0.1,0.06666666666666667,1.0,0.6666666666666666,1.0,1.0,0.06666666666666667,0.06666666666666667,0.06666666666666667,1.0,1.0,1.0,1.0,0.06666666666666667,0.05,0.06666666666666667,0.75,1.0,1.0,1.0,0.06666666666666667,0.04,0.06666666666666667,0.6,1.0,1.0,1.0,0.06666666666666667,0.03333333333333333,0.06666666666666667,0.5,1.0,1.0,1.0,0.06666666666666667,0.02857142857142857,0.06666666666666667,0.42857142857142855,1.0,1.0,1.0,0.06666666666666667,0.025,0.06666666666666667,0.375,1.0,1.0,1.0,0.06666666666666667,0.022222222222222223,0.06666666666666667,0.3333333333333333,1.0,1.0,1.0,0.06666666666666667,0.04,0.13333333333333333,0.3,1.0,1.0,1.0,0.06933333333333333,gte_base-dj_adpt,3,webtable-v2v-v=12-distilroberta-dj_adpt~qwen3_8b-dj_adpt
film_locations_in_san_francisco_a.pq,1.0,0.07692307692307693,1.0,0.07692307692307693,1.0,1.0,0.07692307692307693,0.8,0.3076923076923077,1.0,0.38461538461538464,1.0,1.0,0.3076923076923077,0.4,0.3076923076923077,1.0,0.7692307692307693,1.0,1.0,0.3076923076923077,0.3333333333333333,0.38461538461538464,0.8666666666666667,1.0,1.0,1.0,0.3426573426573426,0.5,0.7692307692307693,0.65,1.0,1.0,1.0,0.5122645242614283,0.52,1.0,0.52,1.0,1.0,1.0,0.6379938673820758,0.43333333333333335,1.0,0.43333333333333335,1.0,1.0,1.0,0.6379938673820758,0.37142857142857144,1.0,0.37142857142857144,1.0,1.0,1.0,0.6379938673820758,0.325,1.0,0.325,1.0,1.0,1.0,0.6379938673820758,0.28888888888888886,1.0,0.28888888888888886,1.0,1.0,1.0,0.6379938673820758,0.26,1.0,0.26,1.0,1.0,1.0,0.6379938673820758,gte_base-dj_adpt,3,webtable-v2v-v=12-distilroberta-dj_adpt~qwen3_8b-dj_adpt
abandoned_wells_a.pq,1.0,0.09090909090909091,1.0,0.09090909090909091,1.0,1.0,0.09090909090909091,0.2,0.09090909090909091,1.0,0.45454545454545453,1.0,1.0,0.09090909090909091,0.1,0.09090909090909091,1.0,0.9090909090909091,1.0,1.0,0.09090909090909091,0.06666666666666667,0.09090909090909091,0.7333333333333333,1.0,1.0,1.0,0.09090909090909091,0.05,0.09090909090909091,0.55,1.0,1.0,1.0,0.09090909090909091,0.08,0.18181818181818182,0.44,1.0,1.0,1.0,0.09917355371900825,0.06666666666666667,0.18181818181818182,0.36666666666666664,1.0,1.0,1.0,0.09917355371900825,0.05714285714285714,0.18181818181818182,0.3142857142857143,1.0,1.0,1.0,0.09917355371900825,0.075,0.2727272727272727,0.275,1.0,1.0,1.0,0.10674931129476585,0.06666666666666667,0.2727272727272727,0.24444444444444444,1.0,1.0,1.0,0.10674931129476585,0.08,0.36363636363636365,0.22,1.0,1.0,1.0,0.11432506887052342,gte_base-dj_adpt,3,webtable-v2v-v=12-distilroberta-dj_adpt~qwen3_8b-dj_adpt
mines_a.pq,1.0,0.07142857142857142,1.0,0.07142857142857142,1.0,1.0,0.07142857142857142,0.2,0.07142857142857142,1.0,0.35714285714285715,1.0,1.0,0.07142857142857142,0.1,0.07142857142857142,1.0,0.7142857142857143,1.0,1.0,0.07142857142857142,0.2,0.21428571428571427,0.9333333333333333,1.0,1.0,1.0,0.10227272727272728,0.25,0.35714285714285715,0.7,1.0,1.0,1.0,0.13694273562694614,0.36,0.6428571428571429,0.56,1.0,1.0,1.0,0.2317086064021337,0.3,0.6428571428571429,0.4666666666666667,1.0,1.0,1.0,0.2317086064021337,0.2571428571428571,0.6428571428571429,0.4,1.0,1.0,1.0,0.2317086064021337,0.225,0.6428571428571429,0.35,1.0,1.0,1.0,0.2317086064021337,0.2222222222222222,0.7142857142857143,0.3111111111111111,1.0,1.0,1.0,0.24871540912322215,0.2,0.7142857142857143,0.28,1.0,1.0,1.0,0.24871540912322215,gte_base-dj_adpt,3,webtable-v2v-v=12-distilroberta-dj_adpt~qwen3_8b-dj_adpt
new_york_city_restaurant_inspection_results_a.pq,1.0,0.03225806451612903,1.0,0.03225806451612903,1.0,1.0,0.03225806451612903,0.2,0.03225806451612903,1.0,0.16129032258064516,1.0,1.0,0.03225806451612903,0.1,0.03225806451612903,1.0,0.3225806451612903,1.0,1.0,0.03225806451612903,0.06666666666666667,0.03225806451612903,1.0,0.4838709677419355,1.0,1.0,0.03225806451612903,0.05,0.03225806451612903,1.0,0.6451612903225806,1.0,1.0,0.03225806451612903,0.04,0.03225806451612903,1.0,0.8064516129032258,1.0,1.0,0.03225806451612903,0.03333333333333333,0.03225806451612903,1.0,0.967741935483871,1.0,1.0,0.03225806451612903,0.02857142857142857,0.03225806451612903,0.8857142857142857,1.0,1.0,1.0,0.03225806451612903,0.025,0.03225806451612903,0.775,1.0,1.0,1.0,0.03225806451612903,0.022222222222222223,0.03225806451612903,0.6888888888888889,1.0,1.0,1.0,0.03225806451612903,0.02,0.03225806451612903,0.62,1.0,1.0,1.0,0.03225806451612903,gte_base-dj_adpt,3,webtable-v2v-v=12-distilroberta-dj_adpt~qwen3_8b-dj_adpt
cihr_co-applicant_b.pq,1.0,0.08333333333333333,1.0,0.08333333333333333,1.0,1.0,0.08333333333333333,0.2,0.08333333333333333,1.0,0.4166666666666667,1.0,1.0,0.08333333333333333,0.1,0.08333333333333333,1.0,0.8333333333333334,1.0,1.0,0.08333333333333333,0.06666666666666667,0.08333333333333333,0.8,1.0,1.0,1.0,0.08333333333333333,0.05,0.08333333333333333,0.6,1.0,1.0,1.0,0.08333333333333333,0.04,0.08333333333333333,0.48,1.0,1.0,1.0,0.08333333333333333,0.03333333333333333,0.08333333333333333,0.4,1.0,1.0,1.0,0.08333333333333333,0.02857142857142857,0.08333333333333333,0.34285714285714286,1.0,1.0,1.0,0.08333333333333333,0.025,0.08333333333333333,0.3,1.0,1.0,1.0,0.08333333333333333,0.022222222222222223,0.08333333333333333,0.26666666666666666,1.0,1.0,1.0,0.08333333333333333,0.02,0.08333333333333333,0.24,1.0,1.0,1.0,0.08333333333333333,gte_base-dj_adpt,3,webtable-v2v-v=12-distilroberta-dj_adpt~qwen3_8b-dj_adpt
civic_building_locations_a.pq,1.0,0.08333333333333333,1.0,0.08333333333333333,1.0,1.0,0.08333333333333333,0.4,0.16666666666666666,1.0,0.4166666666666667,1.0,1.0,0.13888888888888887,0.2,0.16666666666666666,1.0,0.8333333333333334,1.0,1.0,0.13888888888888887,0.13333333333333333,0.16666666666666666,0.8,1.0,1.0,1.0,0.13888888888888887,0.15,0.25,0.6,1.0,1.0,1.0,0.15277777777777776,0.12,0.25,0.48,1.0,1.0,1.0,0.15277777777777776,0.13333333333333333,0.3333333333333333,0.4,1.0,1.0,1.0,0.1655982905982906,0.11428571428571428,0.3333333333333333,0.34285714285714286,1.0,1.0,1.0,0.1655982905982906,0.1,0.3333333333333333,0.3,1.0,1.0,1.0,0.1655982905982906,0.08888888888888889,0.3333333333333333,0.26666666666666666,1.0,1.0,1.0,0.1655982905982906,0.08,0.3333333333333333,0.24,1.0,1.0,1.0,0.1655982905982906,gte_base-dj_adpt,3,webtable-v2v-v=12-distilroberta-dj_adpt~qwen3_8b-dj_adpt
albums_a.pq,1.0,0.0625,1.0,0.0625,1.0,1.0,0.0625,1.0,0.3125,1.0,0.3125,1.0,1.0,0.3125,0.9,0.5625,1.0,0.625,1.0,1.0,0.5325644841269841,0.7333333333333333,0.6875,1.0,0.9375,1.0,1.0,0.6337549603174604,0.65,0.8125,0.8,1.0,1.0,1.0,0.7284240779645191,0.52,0.8125,0.64,1.0,1.0,1.0,0.7284240779645191,0.43333333333333335,0.8125,0.5333333333333333,1.0,1.0,1.0,0.7284240779645191,0.37142857142857144,0.8125,0.45714285714285713,1.0,1.0,1.0,0.7284240779645191,0.325,0.8125,0.4,1.0,1.0,1.0,0.7284240779645191,0.3111111111111111,0.875,0.35555555555555557,1.0,1.0,1.0,0.7497655413791533,0.28,0.875,0.32,1.0,1.0,1.0,0.7497655413791533,gte_base-dj_adpt,3,webtable-v2v-v=12-distilroberta-dj_adpt~qwen3_8b-dj_adpt
stockport_contracts_b.pq,1.0,0.07692307692307693,1.0,0.07692307692307693,1.0,1.0,0.07692307692307693,0.2,0.07692307692307693,1.0,0.38461538461538464,1.0,1.0,0.07692307692307693,0.1,0.07692307692307693,1.0,0.7692307692307693,1.0,1.0,0.07692307692307693,0.06666666666666667,0.07692307692307693,0.8666666666666667,1.0,1.0,1.0,0.07692307692307693,0.05,0.07692307692307693,0.65,1.0,1.0,1.0,0.07692307692307693,0.04,0.07692307692307693,0.52,1.0,1.0,1.0,0.07692307692307693,0.06666666666666667,0.15384615384615385,0.43333333333333335,1.0,1.0,1.0,0.08241758241758242,0.05714285714285714,0.15384615384615385,0.37142857142857144,1.0,1.0,1.0,0.08241758241758242,0.05,0.15384615384615385,0.325,1.0,1.0,1.0,0.08241758241758242,0.08888888888888889,0.3076923076923077,0.28888888888888886,1.0,1.0,1.0,0.0944999444999445,0.1,0.38461538461538464,0.26,1.0,1.0,1.0,0.10219225219225218,gte_base-dj_adpt,3,webtable-v2v-v=12-distilroberta-dj_adpt~qwen3_8b-dj_adpt
prescribing_b.pq,1.0,0.06666666666666667,1.0,0.06666666666666667,1.0,1.0,0.06666666666666667,0.2,0.06666666666666667,1.0,0.3333333333333333,1.0,1.0,0.06666666666666667,0.1,0.06666666666666667,1.0,0.6666666666666666,1.0,1.0,0.06666666666666667,0.06666666666666667,0.06666666666666667,1.0,1.0,1.0,1.0,0.06666666666666667,0.05,0.06666666666666667,0.75,1.0,1.0,1.0,0.06666666666666667,0.04,0.06666666666666667,0.6,1.0,1.0,1.0,0.06666666666666667,0.03333333333333333,0.06666666666666667,0.5,1.0,1.0,1.0,0.06666666666666667,0.02857142857142857,0.06666666666666667,0.42857142857142855,1.0,1.0,1.0,0.06666666666666667,0.025,0.06666666666666667,0.375,1.0,1.0,1.0,0.06666666666666667,0.022222222222222223,0.06666666666666667,0.3333333333333333,1.0,1.0,1.0,0.06666666666666667,0.02,0.06666666666666667,0.3,1.0,1.0,1.0,0.06666666666666667,gte_base-dj_adpt,3,webtable-v2v-v=12-distilroberta-dj_adpt~qwen3_8b-dj_adpt
deaths_2012_2018_a.pq,1.0,0.09090909090909091,1.0,0.09090909090909091,1.0,1.0,0.09090909090909091,0.2,0.09090909090909091,1.0,0.45454545454545453,1.0,1.0,0.09090909090909091,0.1,0.09090909090909091,1.0,0.9090909090909091,1.0,1.0,0.09090909090909091,0.06666666666666667,0.09090909090909091,0.7333333333333333,1.0,1.0,1.0,0.09090909090909091,0.05,0.09090909090909091,0.55,1.0,1.0,1.0,0.09090909090909091,0.04,0.09090909090909091,0.44,1.0,1.0,1.0,0.09090909090909091,0.06666666666666667,0.18181818181818182,0.36666666666666664,1.0,1.0,1.0,0.09717868338557993,0.05714285714285714,0.18181818181818182,0.3142857142857143,1.0,1.0,1.0,0.09717868338557993,0.075,0.2727272727272727,0.275,1.0,1.0,1.0,0.10475444096133751,0.06666666666666667,0.2727272727272727,0.24444444444444444,1.0,1.0,1.0,0.10475444096133751,0.08,0.36363636363636365,0.22,1.0,1.0,1.0,0.11249138486849418,gte_base-dj_adpt,3,webtable-v2v-v=12-distilroberta-dj_adpt~qwen3_8b-dj_adpt
albums_b.pq,1.0,0.0625,1.0,0.0625,1.0,1.0,0.0625,1.0,0.3125,1.0,0.3125,1.0,1.0,0.3125,1.0,0.625,1.0,0.625,1.0,1.0,0.625,0.6666666666666666,0.625,1.0,0.9375,1.0,1.0,0.625,0.5,0.625,0.8,1.0,1.0,1.0,0.625,0.44,0.6875,0.64,1.0,1.0,1.0,0.654891304347826,0.36666666666666664,0.6875,0.5333333333333333,1.0,1.0,1.0,0.654891304347826,0.3142857142857143,0.6875,0.45714285714285713,1.0,1.0,1.0,0.654891304347826,0.275,0.6875,0.4,1.0,1.0,1.0,0.654891304347826,0.24444444444444444,0.6875,0.35555555555555557,1.0,1.0,1.0,0.654891304347826,0.24,0.75,0.32,1.0,1.0,1.0,0.6698913043478261,gte_base-dj_adpt,3,webtable-v2v-v=12-distilroberta-dj_adpt~qwen3_8b-dj_adpt
psyckes_antipsychotic_polypharmacy_quality_indicators_beginning_2012_a.pq,1.0,0.09090909090909091,1.0,0.09090909090909091,1.0,1.0,0.09090909090909091,0.2,0.09090909090909091,1.0,0.45454545454545453,1.0,1.0,0.09090909090909091,0.1,0.09090909090909091,1.0,0.9090909090909091,1.0,1.0,0.09090909090909091,0.06666666666666667,0.09090909090909091,0.7333333333333333,1.0,1.0,1.0,0.09090909090909091,0.05,0.09090909090909091,0.55,1.0,1.0,1.0,0.09090909090909091,0.04,0.09090909090909091,0.44,1.0,1.0,1.0,0.09090909090909091,0.03333333333333333,0.09090909090909091,0.36666666666666664,1.0,1.0,1.0,0.09090909090909091,0.02857142857142857,0.09090909090909091,0.3142857142857143,1.0,1.0,1.0,0.09090909090909091,0.025,0.09090909090909091,0.275,1.0,1.0,1.0,0.09090909090909091,0.022222222222222223,0.09090909090909091,0.24444444444444444,1.0,1.0,1.0,0.09090909090909091,0.02,0.09090909090909091,0.22,1.0,1.0,1.0,0.09090909090909091,gte_base-dj_adpt,3,webtable-v2v-v=12-distilroberta-dj_adpt~qwen3_8b-dj_adpt
data_mill_a.pq,1.0,0.07142857142857142,1.0,0.07142857142857142,1.0,1.0,0.07142857142857142,0.4,0.14285714285714285,1.0,0.35714285714285715,1.0,1.0,0.14285714285714285,0.2,0.14285714285714285,1.0,0.7142857142857143,1.0,1.0,0.14285714285714285,0.13333333333333333,0.14285714285714285,0.9333333333333333,1.0,1.0,1.0,0.14285714285714285,0.1,0.14285714285714285,0.7,1.0,1.0,1.0,0.14285714285714285,0.08,0.14285714285714285,0.56,1.0,1.0,1.0,0.14285714285714285,0.06666666666666667,0.14285714285714285,0.4666666666666667,1.0,1.0,1.0,0.14285714285714285,0.05714285714285714,0.14285714285714285,0.4,1.0,1.0,1.0,0.14285714285714285,0.05,0.14285714285714285,0.35,1.0,1.0,1.0,0.14285714285714285,0.044444444444444446,0.14285714285714285,0.3111111111111111,1.0,1.0,1.0,0.14285714285714285,0.04,0.14285714285714285,0.28,1.0,1.0,1.0,0.14285714285714285,gte_base-dj_adpt,3,webtable-v2v-v=12-distilroberta-dj_adpt~qwen3_8b-dj_adpt
cdc_nutrition_physical_activity_and_obesity_legislation_a.pq,1.0,0.09090909090909091,1.0,0.09090909090909091,1.0,1.0,0.09090909090909091,0.2,0.09090909090909091,1.0,0.45454545454545453,1.0,1.0,0.09090909090909091,0.1,0.09090909090909091,1.0,0.9090909090909091,1.0,1.0,0.09090909090909091,0.06666666666666667,0.09090909090909091,0.7333333333333333,1.0,1.0,1.0,0.09090909090909091,0.05,0.09090909090909091,0.55,1.0,1.0,1.0,0.09090909090909091,0.04,0.09090909090909091,0.44,1.0,1.0,1.0,0.09090909090909091,0.03333333333333333,0.09090909090909091,0.36666666666666664,1.0,1.0,1.0,0.09090909090909091,0.02857142857142857,0.09090909090909091,0.3142857142857143,1.0,1.0,1.0,0.09090909090909091,0.025,0.09090909090909091,0.275,1.0,1.0,1.0,0.09090909090909091,0.022222222222222223,0.09090909090909091,0.24444444444444444,1.0,1.0,1.0,0.09090909090909091,0.02,0.09090909090909091,0.22,1.0,1.0,1.0,0.09090909090909091,gte_base-dj_adpt,3,webtable-v2v-v=12-distilroberta-dj_adpt~qwen3_8b-dj_adpt
complaint_by_practice_b.pq,1.0,0.07692307692307693,1.0,0.07692307692307693,1.0,1.0,0.07692307692307693,0.4,0.15384615384615385,1.0,0.38461538461538464,1.0,1.0,0.10769230769230768,0.6,0.46153846153846156,1.0,0.7692307692307693,1.0,1.0,0.28946886446886444,0.6666666666666666,0.7692307692307693,0.8666666666666667,1.0,1.0,1.0,0.4979014575168421,0.6,0.9230769230769231,0.65,1.0,1.0,1.0,0.6020681241835087,0.48,0.9230769230769231,0.52,1.0,1.0,1.0,0.6020681241835087,0.4,0.9230769230769231,0.43333333333333335,1.0,1.0,1.0,0.6020681241835087,0.34285714285714286,0.9230769230769231,0.37142857142857144,1.0,1.0,1.0,0.6020681241835087,0.325,1.0,0.325,1.0,1.0,1.0,0.6290951512105358,0.28888888888888886,1.0,0.28888888888888886,1.0,1.0,1.0,0.6290951512105358,0.26,1.0,0.26,1.0,1.0,1.0,0.6290951512105358,gte_base-dj_adpt,3,webtable-v2v-v=12-distilroberta-dj_adpt~qwen3_8b-dj_adpt
business_rates_a.pq,1.0,0.08333333333333333,1.0,0.08333333333333333,1.0,1.0,0.08333333333333333,0.2,0.08333333333333333,1.0,0.4166666666666667,1.0,1.0,0.08333333333333333,0.1,0.08333333333333333,1.0,0.8333333333333334,1.0,1.0,0.08333333333333333,0.06666666666666667,0.08333333333333333,0.8,1.0,1.0,1.0,0.08333333333333333,0.05,0.08333333333333333,0.6,1.0,1.0,1.0,0.08333333333333333,0.04,0.08333333333333333,0.48,1.0,1.0,1.0,0.08333333333333333,0.03333333333333333,0.08333333333333333,0.4,1.0,1.0,1.0,0.08333333333333333,0.02857142857142857,0.08333333333333333,0.34285714285714286,1.0,1.0,1.0,0.08333333333333333,0.025,0.08333333333333333,0.3,1.0,1.0,1.0,0.08333333333333333,0.022222222222222223,0.08333333333333333,0.26666666666666666,1.0,1.0,1.0,0.08333333333333333,0.02,0.08333333333333333,0.24,1.0,1.0,1.0,0.08333333333333333,gte_base-dj_adpt,3,webtable-v2v-v=12-distilroberta-dj_adpt~qwen3_8b-dj_adpt
practice_reference_b.pq,1.0,0.06666666666666667,1.0,0.06666666666666667,1.0,1.0,0.06666666666666667,0.4,0.13333333333333333,1.0,0.3333333333333333,1.0,1.0,0.13333333333333333,0.5,0.3333333333333333,1.0,0.6666666666666666,1.0,1.0,0.23227513227513227,0.3333333333333333,0.3333333333333333,1.0,1.0,1.0,1.0,0.23227513227513227,0.25,0.3333333333333333,0.75,1.0,1.0,1.0,0.23227513227513227,0.2,0.3333333333333333,0.6,1.0,1.0,1.0,0.23227513227513227,0.16666666666666666,0.3333333333333333,0.5,1.0,1.0,1.0,0.23227513227513227,0.14285714285714285,0.3333333333333333,0.42857142857142855,1.0,1.0,1.0,0.23227513227513227,0.125,0.3333333333333333,0.375,1.0,1.0,1.0,0.23227513227513227,0.1111111111111111,0.3333333333333333,0.3333333333333333,1.0,1.0,1.0,0.23227513227513227,0.1,0.3333333333333333,0.3,1.0,1.0,1.0,0.23227513227513227,gte_base-dj_adpt,3,webtable-v2v-v=12-distilroberta-dj_adpt~qwen3_8b-dj_adpt
data_mill_b.pq,1.0,0.07142857142857142,1.0,0.07142857142857142,1.0,1.0,0.07142857142857142,0.2,0.07142857142857142,1.0,0.35714285714285715,1.0,1.0,0.07142857142857142,0.1,0.07142857142857142,1.0,0.7142857142857143,1.0,1.0,0.07142857142857142,0.06666666666666667,0.07142857142857142,0.9333333333333333,1.0,1.0,1.0,0.07142857142857142,0.05,0.07142857142857142,0.7,1.0,1.0,1.0,0.07142857142857142,0.04,0.07142857142857142,0.56,1.0,1.0,1.0,0.07142857142857142,0.03333333333333333,0.07142857142857142,0.4666666666666667,1.0,1.0,1.0,0.07142857142857142,0.02857142857142857,0.07142857142857142,0.4,1.0,1.0,1.0,0.07142857142857142,0.025,0.07142857142857142,0.35,1.0,1.0,1.0,0.07142857142857142,0.022222222222222223,0.07142857142857142,0.3111111111111111,1.0,1.0,1.0,0.07142857142857142,0.02,0.07142857142857142,0.28,1.0,1.0,1.0,0.07142857142857142,gte_base-dj_adpt,3,webtable-v2v-v=12-distilroberta-dj_adpt~qwen3_8b-dj_adpt
practice_reference_a.pq,1.0,0.06666666666666667,1.0,0.06666666666666667,1.0,1.0,0.06666666666666667,0.2,0.06666666666666667,1.0,0.3333333333333333,1.0,1.0,0.06666666666666667,0.2,0.13333333333333333,1.0,0.6666666666666666,1.0,1.0,0.08148148148148149,0.13333333333333333,0.13333333333333333,1.0,1.0,1.0,1.0,0.08148148148148149,0.1,0.13333333333333333,0.75,1.0,1.0,1.0,0.08148148148148149,0.08,0.13333333333333333,0.6,1.0,1.0,1.0,0.08148148148148149,0.1,0.2,0.5,1.0,1.0,1.0,0.08862433862433862,0.11428571428571428,0.26666666666666666,0.42857142857142855,1.0,1.0,1.0,0.09722648916197303,0.1,0.26666666666666666,0.375,1.0,1.0,1.0,0.09722648916197303,0.08888888888888889,0.26666666666666666,0.3333333333333333,1.0,1.0,1.0,0.09722648916197303,0.08,0.26666666666666666,0.3,1.0,1.0,1.0,0.09722648916197303,gte_base-dj_adpt,3,webtable-v2v-v=12-distilroberta-dj_adpt~qwen3_8b-dj_adpt
purchasing_card_a.pq,1.0,0.07692307692307693,1.0,0.07692307692307693,1.0,1.0,0.07692307692307693,0.2,0.07692307692307693,1.0,0.38461538461538464,1.0,1.0,0.07692307692307693,0.1,0.07692307692307693,1.0,0.7692307692307693,1.0,1.0,0.07692307692307693,0.06666666666666667,0.07692307692307693,0.8666666666666667,1.0,1.0,1.0,0.07692307692307693,0.05,0.07692307692307693,0.65,1.0,1.0,1.0,0.07692307692307693,0.04,0.07692307692307693,0.52,1.0,1.0,1.0,0.07692307692307693,0.03333333333333333,0.07692307692307693,0.43333333333333335,1.0,1.0,1.0,0.07692307692307693,0.02857142857142857,0.07692307692307693,0.37142857142857144,1.0,1.0,1.0,0.07692307692307693,0.025,0.07692307692307693,0.325,1.0,1.0,1.0,0.07692307692307693,0.022222222222222223,0.07692307692307693,0.28888888888888886,1.0,1.0,1.0,0.07692307692307693,0.02,0.07692307692307693,0.26,1.0,1.0,1.0,0.07692307692307693,gte_base-dj_adpt,3,webtable-v2v-v=12-distilroberta-dj_adpt~qwen3_8b-dj_adpt
senior_officials_expenses_a.pq,1.0,0.09090909090909091,1.0,0.09090909090909091,1.0,1.0,0.09090909090909091,0.6,0.2727272727272727,1.0,0.45454545454545453,1.0,1.0,0.2727272727272727,0.3,0.2727272727272727,1.0,0.9090909090909091,1.0,1.0,0.2727272727272727,0.26666666666666666,0.36363636363636365,0.7333333333333333,1.0,1.0,1.0,0.3006993006993007,0.2,0.36363636363636365,0.55,1.0,1.0,1.0,0.3006993006993007,0.16,0.36363636363636365,0.44,1.0,1.0,1.0,0.3006993006993007,0.16666666666666666,0.45454545454545453,0.36666666666666664,1.0,1.0,1.0,0.3181818181818182,0.14285714285714285,0.45454545454545453,0.3142857142857143,1.0,1.0,1.0,0.3181818181818182,0.125,0.45454545454545453,0.275,1.0,1.0,1.0,0.3181818181818182,0.1111111111111111,0.45454545454545453,0.24444444444444444,1.0,1.0,1.0,0.3181818181818182,0.12,0.5454545454545454,0.22,1.0,1.0,1.0,0.32954545454545453,gte_base-dj_adpt,3,webtable-v2v-v=12-distilroberta-dj_adpt~qwen3_8b-dj_adpt
time_spent_watching_vcr_movies_a.pq,1.0,0.09090909090909091,1.0,0.09090909090909091,1.0,1.0,0.09090909090909091,0.6,0.2727272727272727,1.0,0.45454545454545453,1.0,1.0,0.20606060606060606,0.4,0.36363636363636365,1.0,0.9090909090909091,1.0,1.0,0.25800865800865797,0.26666666666666666,0.36363636363636365,0.7333333333333333,1.0,1.0,1.0,0.25800865800865797,0.2,0.36363636363636365,0.55,1.0,1.0,1.0,0.25800865800865797,0.16,0.36363636363636365,0.44,1.0,1.0,1.0,0.25800865800865797,0.13333333333333333,0.36363636363636365,0.36666666666666664,1.0,1.0,1.0,0.25800865800865797,0.11428571428571428,0.36363636363636365,0.3142857142857143,1.0,1.0,1.0,0.25800865800865797,0.1,0.36363636363636365,0.275,1.0,1.0,1.0,0.25800865800865797,0.08888888888888889,0.36363636363636365,0.24444444444444444,1.0,1.0,1.0,0.25800865800865797,0.08,0.36363636363636365,0.22,1.0,1.0,1.0,0.25800865800865797,gte_base-dj_adpt,3,webtable-v2v-v=12-distilroberta-dj_adpt~qwen3_8b-dj_adpt
cihr_co-applicant_a.pq,1.0,0.08333333333333333,1.0,0.08333333333333333,1.0,1.0,0.08333333333333333,0.2,0.08333333333333333,1.0,0.4166666666666667,1.0,1.0,0.08333333333333333,0.1,0.08333333333333333,1.0,0.8333333333333334,1.0,1.0,0.08333333333333333,0.06666666666666667,0.08333333333333333,0.8,1.0,1.0,1.0,0.08333333333333333,0.05,0.08333333333333333,0.6,1.0,1.0,1.0,0.08333333333333333,0.04,0.08333333333333333,0.48,1.0,1.0,1.0,0.08333333333333333,0.03333333333333333,0.08333333333333333,0.4,1.0,1.0,1.0,0.08333333333333333,0.02857142857142857,0.08333333333333333,0.34285714285714286,1.0,1.0,1.0,0.08333333333333333,0.025,0.08333333333333333,0.3,1.0,1.0,1.0,0.08333333333333333,0.022222222222222223,0.08333333333333333,0.26666666666666666,1.0,1.0,1.0,0.08333333333333333,0.02,0.08333333333333333,0.24,1.0,1.0,1.0,0.08333333333333333,gte_base-dj_adpt,3,webtable-v2v-v=12-distilroberta-dj_adpt~qwen3_8b-dj_adpt
311_calls_historic_data_a.pq,1.0,0.09090909090909091,1.0,0.09090909090909091,1.0,1.0,0.09090909090909091,0.2,0.09090909090909091,1.0,0.45454545454545453,1.0,1.0,0.09090909090909091,0.1,0.09090909090909091,1.0,0.9090909090909091,1.0,1.0,0.09090909090909091,0.06666666666666667,0.09090909090909091,0.7333333333333333,1.0,1.0,1.0,0.09090909090909091,0.05,0.09090909090909091,0.55,1.0,1.0,1.0,0.09090909090909091,0.04,0.09090909090909091,0.44,1.0,1.0,1.0,0.09090909090909091,0.03333333333333333,0.09090909090909091,0.36666666666666664,1.0,1.0,1.0,0.09090909090909091,0.02857142857142857,0.09090909090909091,0.3142857142857143,1.0,1.0,1.0,0.09090909090909091,0.025,0.09090909090909091,0.275,1.0,1.0,1.0,0.09090909090909091,0.022222222222222223,0.09090909090909091,0.24444444444444444,1.0,1.0,1.0,0.09090909090909091,0.02,0.09090909090909091,0.22,1.0,1.0,1.0,0.09090909090909091,gtr_t5-dj_adpt,4,webtable-v2v-v=12-distilroberta-dj_adpt~qwen3_8b-dj_adpt
contributors_parties_a.pq,1.0,0.047619047619047616,1.0,0.047619047619047616,1.0,1.0,0.047619047619047616,0.2,0.047619047619047616,1.0,0.23809523809523808,1.0,1.0,0.047619047619047616,0.4,0.19047619047619047,1.0,0.47619047619047616,1.0,1.0,0.09444444444444444,0.3333333333333333,0.23809523809523808,1.0,0.7142857142857143,1.0,1.0,0.11275946275946276,0.25,0.23809523809523808,1.0,0.9523809523809523,1.0,1.0,0.11275946275946276,0.28,0.3333333333333333,0.84,1.0,1.0,1.0,0.1385151563412433,0.3333333333333333,0.47619047619047616,0.7,1.0,1.0,1.0,0.18381851198942653,0.34285714285714286,0.5714285714285714,0.6,1.0,1.0,1.0,0.21750357692449146,0.3,0.5714285714285714,0.525,1.0,1.0,1.0,0.21750357692449146,0.26666666666666666,0.5714285714285714,0.4666666666666667,1.0,1.0,1.0,0.21750357692449146,0.24,0.5714285714285714,0.42,1.0,1.0,1.0,0.21750357692449146,gtr_t5-dj_adpt,4,webtable-v2v-v=12-distilroberta-dj_adpt~qwen3_8b-dj_adpt
civic_building_locations_a.pq,1.0,0.08333333333333333,1.0,0.08333333333333333,1.0,1.0,0.08333333333333333,0.4,0.16666666666666666,1.0,0.4166666666666667,1.0,1.0,0.16666666666666666,0.2,0.16666666666666666,1.0,0.8333333333333334,1.0,1.0,0.16666666666666666,0.13333333333333333,0.16666666666666666,0.8,1.0,1.0,1.0,0.16666666666666666,0.1,0.16666666666666666,0.6,1.0,1.0,1.0,0.16666666666666666,0.08,0.16666666666666666,0.48,1.0,1.0,1.0,0.16666666666666666,0.06666666666666667,0.16666666666666666,0.4,1.0,1.0,1.0,0.16666666666666666,0.05714285714285714,0.16666666666666666,0.34285714285714286,1.0,1.0,1.0,0.16666666666666666,0.05,0.16666666666666666,0.3,1.0,1.0,1.0,0.16666666666666666,0.044444444444444446,0.16666666666666666,0.26666666666666666,1.0,1.0,1.0,0.16666666666666666,0.04,0.16666666666666666,0.24,1.0,1.0,1.0,0.16666666666666666,gtr_t5-dj_adpt,4,webtable-v2v-v=12-distilroberta-dj_adpt~qwen3_8b-dj_adpt
complaint_by_practice_b.pq,1.0,0.07692307692307693,1.0,0.07692307692307693,1.0,1.0,0.07692307692307693,0.2,0.07692307692307693,1.0,0.38461538461538464,1.0,1.0,0.07692307692307693,0.2,0.15384615384615385,1.0,0.7692307692307693,1.0,1.0,0.0989010989010989,0.4,0.46153846153846156,0.8666666666666667,1.0,1.0,1.0,0.2000422654268808,0.4,0.6153846153846154,0.65,1.0,1.0,1.0,0.2698952066033514,0.44,0.8461538461538461,0.52,1.0,1.0,1.0,0.36875967546782024,0.36666666666666664,0.8461538461538461,0.43333333333333335,1.0,1.0,1.0,0.36875967546782024,0.3142857142857143,0.8461538461538461,0.37142857142857144,1.0,1.0,1.0,0.36875967546782024,0.3,0.9230769230769231,0.325,1.0,1.0,1.0,0.39370770041584524,0.28888888888888886,1.0,0.28888888888888886,1.0,1.0,1.0,0.41592992263806744,0.26,1.0,0.26,1.0,1.0,1.0,0.41592992263806744,gtr_t5-dj_adpt,4,webtable-v2v-v=12-distilroberta-dj_adpt~qwen3_8b-dj_adpt
data_mill_b.pq,1.0,0.07142857142857142,1.0,0.07142857142857142,1.0,1.0,0.07142857142857142,0.2,0.07142857142857142,1.0,0.35714285714285715,1.0,1.0,0.07142857142857142,0.1,0.07142857142857142,1.0,0.7142857142857143,1.0,1.0,0.07142857142857142,0.06666666666666667,0.07142857142857142,0.9333333333333333,1.0,1.0,1.0,0.07142857142857142,0.05,0.07142857142857142,0.7,1.0,1.0,1.0,0.07142857142857142,0.04,0.07142857142857142,0.56,1.0,1.0,1.0,0.07142857142857142,0.03333333333333333,0.07142857142857142,0.4666666666666667,1.0,1.0,1.0,0.07142857142857142,0.02857142857142857,0.07142857142857142,0.4,1.0,1.0,1.0,0.07142857142857142,0.025,0.07142857142857142,0.35,1.0,1.0,1.0,0.07142857142857142,0.022222222222222223,0.07142857142857142,0.3111111111111111,1.0,1.0,1.0,0.07142857142857142,0.02,0.07142857142857142,0.28,1.0,1.0,1.0,0.07142857142857142,gtr_t5-dj_adpt,4,webtable-v2v-v=12-distilroberta-dj_adpt~qwen3_8b-dj_adpt
data_mill_a.pq,1.0,0.07142857142857142,1.0,0.07142857142857142,1.0,1.0,0.07142857142857142,0.4,0.14285714285714285,1.0,0.35714285714285715,1.0,1.0,0.14285714285714285,0.2,0.14285714285714285,1.0,0.7142857142857143,1.0,1.0,0.14285714285714285,0.13333333333333333,0.14285714285714285,0.9333333333333333,1.0,1.0,1.0,0.14285714285714285,0.1,0.14285714285714285,0.7,1.0,1.0,1.0,0.14285714285714285,0.08,0.14285714285714285,0.56,1.0,1.0,1.0,0.14285714285714285,0.06666666666666667,0.14285714285714285,0.4666666666666667,1.0,1.0,1.0,0.14285714285714285,0.05714285714285714,0.14285714285714285,0.4,1.0,1.0,1.0,0.14285714285714285,0.05,0.14285714285714285,0.35,1.0,1.0,1.0,0.14285714285714285,0.044444444444444446,0.14285714285714285,0.3111111111111111,1.0,1.0,1.0,0.14285714285714285,0.04,0.14285714285714285,0.28,1.0,1.0,1.0,0.14285714285714285,gtr_t5-dj_adpt,4,webtable-v2v-v=12-distilroberta-dj_adpt~qwen3_8b-dj_adpt
immigration_records_a.pq,1.0,0.0625,1.0,0.0625,1.0,1.0,0.0625,1.0,0.3125,1.0,0.3125,1.0,1.0,0.3125,0.8,0.5,1.0,0.625,1.0,1.0,0.4796875,0.6666666666666666,0.625,1.0,0.9375,1.0,1.0,0.5724905303030303,0.5,0.625,0.8,1.0,1.0,1.0,0.5724905303030303,0.4,0.625,0.64,1.0,1.0,1.0,0.5724905303030303,0.3333333333333333,0.625,0.5333333333333333,1.0,1.0,1.0,0.5724905303030303,0.2857142857142857,0.625,0.45714285714285713,1.0,1.0,1.0,0.5724905303030303,0.25,0.625,0.4,1.0,1.0,1.0,0.5724905303030303,0.2222222222222222,0.625,0.35555555555555557,1.0,1.0,1.0,0.5724905303030303,0.2,0.625,0.32,1.0,1.0,1.0,0.5724905303030303,gtr_t5-dj_adpt,4,webtable-v2v-v=12-distilroberta-dj_adpt~qwen3_8b-dj_adpt
minister_meetings_a.pq,1.0,0.1,1.0,0.1,1.0,1.0,0.1,0.2,0.1,1.0,0.5,1.0,1.0,0.1,0.1,0.1,1.0,1.0,1.0,1.0,0.1,0.06666666666666667,0.1,0.6666666666666666,1.0,1.0,1.0,0.1,0.05,0.1,0.5,1.0,1.0,1.0,0.1,0.04,0.1,0.4,1.0,1.0,1.0,0.1,0.03333333333333333,0.1,0.3333333333333333,1.0,1.0,1.0,0.1,0.02857142857142857,0.1,0.2857142857142857,1.0,1.0,1.0,0.1,0.025,0.1,0.25,1.0,1.0,1.0,0.1,0.022222222222222223,0.1,0.2222222222222222,1.0,1.0,1.0,0.1,0.02,0.1,0.2,1.0,1.0,1.0,0.1,gtr_t5-dj_adpt,4,webtable-v2v-v=12-distilroberta-dj_adpt~qwen3_8b-dj_adpt
prescribing_b.pq,1.0,0.06666666666666667,1.0,0.06666666666666667,1.0,1.0,0.06666666666666667,0.2,0.06666666666666667,1.0,0.3333333333333333,1.0,1.0,0.06666666666666667,0.1,0.06666666666666667,1.0,0.6666666666666666,1.0,1.0,0.06666666666666667,0.06666666666666667,0.06666666666666667,1.0,1.0,1.0,1.0,0.06666666666666667,0.05,0.06666666666666667,0.75,1.0,1.0,1.0,0.06666666666666667,0.04,0.06666666666666667,0.6,1.0,1.0,1.0,0.06666666666666667,0.03333333333333333,0.06666666666666667,0.5,1.0,1.0,1.0,0.06666666666666667,0.05714285714285714,0.13333333333333333,0.42857142857142855,1.0,1.0,1.0,0.07058823529411765,0.05,0.13333333333333333,0.375,1.0,1.0,1.0,0.07058823529411765,0.044444444444444446,0.13333333333333333,0.3333333333333333,1.0,1.0,1.0,0.07058823529411765,0.04,0.13333333333333333,0.3,1.0,1.0,1.0,0.07058823529411765,gtr_t5-dj_adpt,4,webtable-v2v-v=12-distilroberta-dj_adpt~qwen3_8b-dj_adpt
wholesale_markets_a.pq,1.0,0.09090909090909091,1.0,0.09090909090909091,1.0,1.0,0.09090909090909091,0.2,0.09090909090909091,1.0,0.45454545454545453,1.0,1.0,0.09090909090909091,0.1,0.09090909090909091,1.0,0.9090909090909091,1.0,1.0,0.09090909090909091,0.06666666666666667,0.09090909090909091,0.7333333333333333,1.0,1.0,1.0,0.09090909090909091,0.05,0.09090909090909091,0.55,1.0,1.0,1.0,0.09090909090909091,0.04,0.09090909090909091,0.44,1.0,1.0,1.0,0.09090909090909091,0.03333333333333333,0.09090909090909091,0.36666666666666664,1.0,1.0,1.0,0.09090909090909091,0.02857142857142857,0.09090909090909091,0.3142857142857143,1.0,1.0,1.0,0.09090909090909091,0.025,0.09090909090909091,0.275,1.0,1.0,1.0,0.09090909090909091,0.022222222222222223,0.09090909090909091,0.24444444444444444,1.0,1.0,1.0,0.09090909090909091,0.02,0.09090909090909091,0.22,1.0,1.0,1.0,0.09090909090909091,gtr_t5-dj_adpt,4,webtable-v2v-v=12-distilroberta-dj_adpt~qwen3_8b-dj_adpt
animal_tag_data_a.pq,1.0,0.08333333333333333,1.0,0.08333333333333333,1.0,1.0,0.08333333333333333,0.2,0.08333333333333333,1.0,0.4166666666666667,1.0,1.0,0.08333333333333333,0.1,0.08333333333333333,1.0,0.8333333333333334,1.0,1.0,0.08333333333333333,0.06666666666666667,0.08333333333333333,0.8,1.0,1.0,1.0,0.08333333333333333,0.05,0.08333333333333333,0.6,1.0,1.0,1.0,0.08333333333333333,0.04,0.08333333333333333,0.48,1.0,1.0,1.0,0.08333333333333333,0.03333333333333333,0.08333333333333333,0.4,1.0,1.0,1.0,0.08333333333333333,0.02857142857142857,0.08333333333333333,0.34285714285714286,1.0,1.0,1.0,0.08333333333333333,0.025,0.08333333333333333,0.3,1.0,1.0,1.0,0.08333333333333333,0.044444444444444446,0.16666666666666666,0.26666666666666666,1.0,1.0,1.0,0.0872093023255814,0.04,0.16666666666666666,0.24,1.0,1.0,1.0,0.0872093023255814,gtr_t5-dj_adpt,4,webtable-v2v-v=12-distilroberta-dj_adpt~qwen3_8b-dj_adpt
ipopayments_a.pq,1.0,0.06666666666666667,1.0,0.06666666666666667,1.0,1.0,0.06666666666666667,0.2,0.06666666666666667,1.0,0.3333333333333333,1.0,1.0,0.06666666666666667,0.1,0.06666666666666667,1.0,0.6666666666666666,1.0,1.0,0.06666666666666667,0.06666666666666667,0.06666666666666667,1.0,1.0,1.0,1.0,0.06666666666666667,0.05,0.06666666666666667,0.75,1.0,1.0,1.0,0.06666666666666667,0.04,0.06666666666666667,0.6,1.0,1.0,1.0,0.06666666666666667,0.03333333333333333,0.06666666666666667,0.5,1.0,1.0,1.0,0.06666666666666667,0.02857142857142857,0.06666666666666667,0.42857142857142855,1.0,1.0,1.0,0.06666666666666667,0.025,0.06666666666666667,0.375,1.0,1.0,1.0,0.06666666666666667,0.022222222222222223,0.06666666666666667,0.3333333333333333,1.0,1.0,1.0,0.06666666666666667,0.02,0.06666666666666667,0.3,1.0,1.0,1.0,0.06666666666666667,gtr_t5-dj_adpt,4,webtable-v2v-v=12-distilroberta-dj_adpt~qwen3_8b-dj_adpt
report_card_discipline_for_2015_16_a.pq,1.0,0.09090909090909091,1.0,0.09090909090909091,1.0,1.0,0.09090909090909091,0.2,0.09090909090909091,1.0,0.45454545454545453,1.0,1.0,0.09090909090909091,0.1,0.09090909090909091,1.0,0.9090909090909091,1.0,1.0,0.09090909090909091,0.06666666666666667,0.09090909090909091,0.7333333333333333,1.0,1.0,1.0,0.09090909090909091,0.05,0.09090909090909091,0.55,1.0,1.0,1.0,0.09090909090909091,0.04,0.09090909090909091,0.44,1.0,1.0,1.0,0.09090909090909091,0.03333333333333333,0.09090909090909091,0.36666666666666664,1.0,1.0,1.0,0.09090909090909091,0.02857142857142857,0.09090909090909091,0.3142857142857143,1.0,1.0,1.0,0.09090909090909091,0.025,0.09090909090909091,0.275,1.0,1.0,1.0,0.09090909090909091,0.022222222222222223,0.09090909090909091,0.24444444444444444,1.0,1.0,1.0,0.09090909090909091,0.02,0.09090909090909091,0.22,1.0,1.0,1.0,0.09090909090909091,gtr_t5-dj_adpt,4,webtable-v2v-v=12-distilroberta-dj_adpt~qwen3_8b-dj_adpt
purchasing_card_a.pq,1.0,0.07692307692307693,1.0,0.07692307692307693,1.0,1.0,0.07692307692307693,0.2,0.07692307692307693,1.0,0.38461538461538464,1.0,1.0,0.07692307692307693,0.1,0.07692307692307693,1.0,0.7692307692307693,1.0,1.0,0.07692307692307693,0.06666666666666667,0.07692307692307693,0.8666666666666667,1.0,1.0,1.0,0.07692307692307693,0.05,0.07692307692307693,0.65,1.0,1.0,1.0,0.07692307692307693,0.04,0.07692307692307693,0.52,1.0,1.0,1.0,0.07692307692307693,0.03333333333333333,0.07692307692307693,0.43333333333333335,1.0,1.0,1.0,0.07692307692307693,0.02857142857142857,0.07692307692307693,0.37142857142857144,1.0,1.0,1.0,0.07692307692307693,0.025,0.07692307692307693,0.325,1.0,1.0,1.0,0.07692307692307693,0.06666666666666667,0.23076923076923078,0.28888888888888886,1.0,1.0,1.0,0.08554778554778554,0.1,0.38461538461538464,0.26,1.0,1.0,1.0,0.09951952809095665,gtr_t5-dj_adpt,4,webtable-v2v-v=12-distilroberta-dj_adpt~qwen3_8b-dj_adpt
cihr_co-applicant_b.pq,1.0,0.08333333333333333,1.0,0.08333333333333333,1.0,1.0,0.08333333333333333,0.2,0.08333333333333333,1.0,0.4166666666666667,1.0,1.0,0.08333333333333333,0.1,0.08333333333333333,1.0,0.8333333333333334,1.0,1.0,0.08333333333333333,0.06666666666666667,0.08333333333333333,0.8,1.0,1.0,1.0,0.08333333333333333,0.1,0.16666666666666666,0.6,1.0,1.0,1.0,0.09375,0.12,0.25,0.48,1.0,1.0,1.0,0.10416666666666667,0.1,0.25,0.4,1.0,1.0,1.0,0.10416666666666667,0.11428571428571428,0.3333333333333333,0.34285714285714286,1.0,1.0,1.0,0.11369047619047619,0.1,0.3333333333333333,0.3,1.0,1.0,1.0,0.11369047619047619,0.1111111111111111,0.4166666666666667,0.26666666666666666,1.0,1.0,1.0,0.12338039867109635,0.1,0.4166666666666667,0.24,1.0,1.0,1.0,0.12338039867109635,gtr_t5-dj_adpt,4,webtable-v2v-v=12-distilroberta-dj_adpt~qwen3_8b-dj_adpt
prescribing_a.pq,1.0,0.06666666666666667,1.0,0.06666666666666667,1.0,1.0,0.06666666666666667,0.2,0.06666666666666667,1.0,0.3333333333333333,1.0,1.0,0.06666666666666667,0.1,0.06666666666666667,1.0,0.6666666666666666,1.0,1.0,0.06666666666666667,0.06666666666666667,0.06666666666666667,1.0,1.0,1.0,1.0,0.06666666666666667,0.05,0.06666666666666667,0.75,1.0,1.0,1.0,0.06666666666666667,0.04,0.06666666666666667,0.6,1.0,1.0,1.0,0.06666666666666667,0.03333333333333333,0.06666666666666667,0.5,1.0,1.0,1.0,0.06666666666666667,0.02857142857142857,0.06666666666666667,0.42857142857142855,1.0,1.0,1.0,0.06666666666666667,0.025,0.06666666666666667,0.375,1.0,1.0,1.0,0.06666666666666667,0.022222222222222223,0.06666666666666667,0.3333333333333333,1.0,1.0,1.0,0.06666666666666667,0.04,0.13333333333333333,0.3,1.0,1.0,1.0,0.06933333333333333,gtr_t5-dj_adpt,4,webtable-v2v-v=12-distilroberta-dj_adpt~qwen3_8b-dj_adpt
mines_b.pq,1.0,0.07142857142857142,1.0,0.07142857142857142,1.0,1.0,0.07142857142857142,0.2,0.07142857142857142,1.0,0.35714285714285715,1.0,1.0,0.07142857142857142,0.2,0.14285714285714285,1.0,0.7142857142857143,1.0,1.0,0.08571428571428572,0.13333333333333333,0.14285714285714285,0.9333333333333333,1.0,1.0,1.0,0.08571428571428572,0.1,0.14285714285714285,0.7,1.0,1.0,1.0,0.08571428571428572,0.08,0.14285714285714285,0.56,1.0,1.0,1.0,0.08571428571428572,0.06666666666666667,0.14285714285714285,0.4666666666666667,1.0,1.0,1.0,0.08571428571428572,0.05714285714285714,0.14285714285714285,0.4,1.0,1.0,1.0,0.08571428571428572,0.05,0.14285714285714285,0.35,1.0,1.0,1.0,0.08571428571428572,0.044444444444444446,0.14285714285714285,0.3111111111111111,1.0,1.0,1.0,0.08571428571428572,0.04,0.14285714285714285,0.28,1.0,1.0,1.0,0.08571428571428572,gtr_t5-dj_adpt,4,webtable-v2v-v=12-distilroberta-dj_adpt~qwen3_8b-dj_adpt
oil_and_gas_summary_production_data_1967_1999_a.pq,1.0,0.09090909090909091,1.0,0.09090909090909091,1.0,1.0,0.09090909090909091,0.2,0.09090909090909091,1.0,0.45454545454545453,1.0,1.0,0.09090909090909091,0.1,0.09090909090909091,1.0,0.9090909090909091,1.0,1.0,0.09090909090909091,0.06666666666666667,0.09090909090909091,0.7333333333333333,1.0,1.0,1.0,0.09090909090909091,0.05,0.09090909090909091,0.55,1.0,1.0,1.0,0.09090909090909091,0.04,0.09090909090909091,0.44,1.0,1.0,1.0,0.09090909090909091,0.03333333333333333,0.09090909090909091,0.36666666666666664,1.0,1.0,1.0,0.09090909090909091,0.02857142857142857,0.09090909090909091,0.3142857142857143,1.0,1.0,1.0,0.09090909090909091,0.025,0.09090909090909091,0.275,1.0,1.0,1.0,0.09090909090909091,0.022222222222222223,0.09090909090909091,0.24444444444444444,1.0,1.0,1.0,0.09090909090909091,0.04,0.18181818181818182,0.22,1.0,1.0,1.0,0.09461966604823747,gtr_t5-dj_adpt,4,webtable-v2v-v=12-distilroberta-dj_adpt~qwen3_8b-dj_adpt
psyckes_antipsychotic_polypharmacy_quality_indicators_beginning_2012_a.pq,1.0,0.09090909090909091,1.0,0.09090909090909091,1.0,1.0,0.09090909090909091,0.2,0.09090909090909091,1.0,0.45454545454545453,1.0,1.0,0.09090909090909091,0.1,0.09090909090909091,1.0,0.9090909090909091,1.0,1.0,0.09090909090909091,0.13333333333333333,0.18181818181818182,0.7333333333333333,1.0,1.0,1.0,0.10743801652892562,0.1,0.18181818181818182,0.55,1.0,1.0,1.0,0.10743801652892562,0.08,0.18181818181818182,0.44,1.0,1.0,1.0,0.10743801652892562,0.1,0.2727272727272727,0.36666666666666664,1.0,1.0,1.0,0.11684240524365917,0.14285714285714285,0.45454545454545453,0.3142857142857143,1.0,1.0,1.0,0.1419415944794708,0.125,0.45454545454545453,0.275,1.0,1.0,1.0,0.1419415944794708,0.13333333333333333,0.5454545454545454,0.24444444444444444,1.0,1.0,1.0,0.15492860746648376,0.12,0.5454545454545454,0.22,1.0,1.0,1.0,0.15492860746648376,gtr_t5-dj_adpt,4,webtable-v2v-v=12-distilroberta-dj_adpt~qwen3_8b-dj_adpt
senior_officials_expenses_a.pq,1.0,0.09090909090909091,1.0,0.09090909090909091,1.0,1.0,0.09090909090909091,0.2,0.09090909090909091,1.0,0.45454545454545453,1.0,1.0,0.09090909090909091,0.2,0.18181818181818182,1.0,0.9090909090909091,1.0,1.0,0.1212121212121212,0.13333333333333333,0.18181818181818182,0.7333333333333333,1.0,1.0,1.0,0.1212121212121212,0.1,0.18181818181818182,0.55,1.0,1.0,1.0,0.1212121212121212,0.08,0.18181818181818182,0.44,1.0,1.0,1.0,0.1212121212121212,0.06666666666666667,0.18181818181818182,0.36666666666666664,1.0,1.0,1.0,0.1212121212121212,0.05714285714285714,0.18181818181818182,0.3142857142857143,1.0,1.0,1.0,0.1212121212121212,0.05,0.18181818181818182,0.275,1.0,1.0,1.0,0.1212121212121212,0.044444444444444446,0.18181818181818182,0.24444444444444444,1.0,1.0,1.0,0.1212121212121212,0.04,0.18181818181818182,0.22,1.0,1.0,1.0,0.1212121212121212,gtr_t5-dj_adpt,4,webtable-v2v-v=12-distilroberta-dj_adpt~qwen3_8b-dj_adpt
abandoned_wells_a.pq,1.0,0.09090909090909091,1.0,0.09090909090909091,1.0,1.0,0.09090909090909091,0.4,0.18181818181818182,1.0,0.45454545454545453,1.0,1.0,0.18181818181818182,0.2,0.18181818181818182,1.0,0.9090909090909091,1.0,1.0,0.18181818181818182,0.2,0.2727272727272727,0.7333333333333333,1.0,1.0,1.0,0.20454545454545456,0.25,0.45454545454545453,0.55,1.0,1.0,1.0,0.2498592738530819,0.2,0.45454545454545453,0.44,1.0,1.0,1.0,0.2498592738530819,0.16666666666666666,0.45454545454545453,0.36666666666666664,1.0,1.0,1.0,0.2498592738530819,0.14285714285714285,0.45454545454545453,0.3142857142857143,1.0,1.0,1.0,0.2498592738530819,0.15,0.5454545454545454,0.275,1.0,1.0,1.0,0.26460128859509663,0.13333333333333333,0.5454545454545454,0.24444444444444444,1.0,1.0,1.0,0.26460128859509663,0.12,0.5454545454545454,0.22,1.0,1.0,1.0,0.26460128859509663,gtr_t5-dj_adpt,4,webtable-v2v-v=12-distilroberta-dj_adpt~qwen3_8b-dj_adpt
business_rates_a.pq,1.0,0.08333333333333333,1.0,0.08333333333333333,1.0,1.0,0.08333333333333333,0.2,0.08333333333333333,1.0,0.4166666666666667,1.0,1.0,0.08333333333333333,0.1,0.08333333333333333,1.0,0.8333333333333334,1.0,1.0,0.08333333333333333,0.06666666666666667,0.08333333333333333,0.8,1.0,1.0,1.0,0.08333333333333333,0.05,0.08333333333333333,0.6,1.0,1.0,1.0,0.08333333333333333,0.04,0.08333333333333333,0.48,1.0,1.0,1.0,0.08333333333333333,0.1,0.25,0.4,1.0,1.0,1.0,0.099002849002849,0.08571428571428572,0.25,0.34285714285714286,1.0,1.0,1.0,0.099002849002849,0.075,0.25,0.3,1.0,1.0,1.0,0.099002849002849,0.06666666666666667,0.25,0.26666666666666666,1.0,1.0,1.0,0.099002849002849,0.08,0.3333333333333333,0.24,1.0,1.0,1.0,0.10594729344729344,gtr_t5-dj_adpt,4,webtable-v2v-v=12-distilroberta-dj_adpt~qwen3_8b-dj_adpt
animal_tag_data_b.pq,1.0,0.08333333333333333,1.0,0.08333333333333333,1.0,1.0,0.08333333333333333,0.2,0.08333333333333333,1.0,0.4166666666666667,1.0,1.0,0.08333333333333333,0.1,0.08333333333333333,1.0,0.8333333333333334,1.0,1.0,0.08333333333333333,0.06666666666666667,0.08333333333333333,0.8,1.0,1.0,1.0,0.08333333333333333,0.05,0.08333333333333333,0.6,1.0,1.0,1.0,0.08333333333333333,0.04,0.08333333333333333,0.48,1.0,1.0,1.0,0.08333333333333333,0.06666666666666667,0.16666666666666666,0.4,1.0,1.0,1.0,0.08928571428571429,0.05714285714285714,0.16666666666666666,0.34285714285714286,1.0,1.0,1.0,0.08928571428571429,0.05,0.16666666666666666,0.3,1.0,1.0,1.0,0.08928571428571429,0.044444444444444446,0.16666666666666666,0.26666666666666666,1.0,1.0,1.0,0.08928571428571429,0.06,0.25,0.24,1.0,1.0,1.0,0.09438775510204082,gtr_t5-dj_adpt,4,webtable-v2v-v=12-distilroberta-dj_adpt~qwen3_8b-dj_adpt
practice_reference_b.pq,1.0,0.06666666666666667,1.0,0.06666666666666667,1.0,1.0,0.06666666666666667,1.0,0.3333333333333333,1.0,0.3333333333333333,1.0,1.0,0.3333333333333333,0.5,0.3333333333333333,1.0,0.6666666666666666,1.0,1.0,0.3333333333333333,0.3333333333333333,0.3333333333333333,1.0,1.0,1.0,1.0,0.3333333333333333,0.25,0.3333333333333333,0.75,1.0,1.0,1.0,0.3333333333333333,0.2,0.3333333333333333,0.6,1.0,1.0,1.0,0.3333333333333333,0.16666666666666666,0.3333333333333333,0.5,1.0,1.0,1.0,0.3333333333333333,0.14285714285714285,0.3333333333333333,0.42857142857142855,1.0,1.0,1.0,0.3333333333333333,0.125,0.3333333333333333,0.375,1.0,1.0,1.0,0.3333333333333333,0.1111111111111111,0.3333333333333333,0.3333333333333333,1.0,1.0,1.0,0.3333333333333333,0.12,0.4,0.3,1.0,1.0,1.0,0.3416666666666667,gtr_t5-dj_adpt,4,webtable-v2v-v=12-distilroberta-dj_adpt~qwen3_8b-dj_adpt
time_spent_watching_vcr_movies_a.pq,1.0,0.09090909090909091,1.0,0.09090909090909091,1.0,1.0,0.09090909090909091,0.2,0.09090909090909091,1.0,0.45454545454545453,1.0,1.0,0.09090909090909091,0.1,0.09090909090909091,1.0,0.9090909090909091,1.0,1.0,0.09090909090909091,0.06666666666666667,0.09090909090909091,0.7333333333333333,1.0,1.0,1.0,0.09090909090909091,0.05,0.09090909090909091,0.55,1.0,1.0,1.0,0.09090909090909091,0.04,0.09090909090909091,0.44,1.0,1.0,1.0,0.09090909090909091,0.03333333333333333,0.09090909090909091,0.36666666666666664,1.0,1.0,1.0,0.09090909090909091,0.02857142857142857,0.09090909090909091,0.3142857142857143,1.0,1.0,1.0,0.09090909090909091,0.025,0.09090909090909091,0.275,1.0,1.0,1.0,0.09090909090909091,0.022222222222222223,0.09090909090909091,0.24444444444444444,1.0,1.0,1.0,0.09090909090909091,0.02,0.09090909090909091,0.22,1.0,1.0,1.0,0.09090909090909091,gtr_t5-dj_adpt,4,webtable-v2v-v=12-distilroberta-dj_adpt~qwen3_8b-dj_adpt
workforce_management_information_a.pq,1.0,0.05555555555555555,1.0,0.05555555555555555,1.0,1.0,0.05555555555555555,0.2,0.05555555555555555,1.0,0.2777777777777778,1.0,1.0,0.05555555555555555,0.1,0.05555555555555555,1.0,0.5555555555555556,1.0,1.0,0.05555555555555555,0.06666666666666667,0.05555555555555555,1.0,0.8333333333333334,1.0,1.0,0.05555555555555555,0.05,0.05555555555555555,0.9,1.0,1.0,1.0,0.05555555555555555,0.04,0.05555555555555555,0.72,1.0,1.0,1.0,0.05555555555555555,0.03333333333333333,0.05555555555555555,0.6,1.0,1.0,1.0,0.05555555555555555,0.02857142857142857,0.05555555555555555,0.5142857142857142,1.0,1.0,1.0,0.05555555555555555,0.025,0.05555555555555555,0.45,1.0,1.0,1.0,0.05555555555555555,0.022222222222222223,0.05555555555555555,0.4,1.0,1.0,1.0,0.05555555555555555,0.02,0.05555555555555555,0.36,1.0,1.0,1.0,0.05555555555555555,gtr_t5-dj_adpt,4,webtable-v2v-v=12-distilroberta-dj_adpt~qwen3_8b-dj_adpt
film_locations_in_san_francisco_a.pq,1.0,0.07692307692307693,1.0,0.07692307692307693,1.0,1.0,0.07692307692307693,1.0,0.38461538461538464,1.0,0.38461538461538464,1.0,1.0,0.38461538461538464,1.0,0.7692307692307693,1.0,0.7692307692307693,1.0,1.0,0.7692307692307693,0.6666666666666666,0.7692307692307693,0.8666666666666667,1.0,1.0,1.0,0.7692307692307693,0.5,0.7692307692307693,0.65,1.0,1.0,1.0,0.7692307692307693,0.44,0.8461538461538461,0.52,1.0,1.0,1.0,0.8076923076923077,0.36666666666666664,0.8461538461538461,0.43333333333333335,1.0,1.0,1.0,0.8076923076923077,0.37142857142857144,1.0,0.37142857142857144,1.0,1.0,1.0,0.8642357642357642,0.325,1.0,0.325,1.0,1.0,1.0,0.8642357642357642,0.28888888888888886,1.0,0.28888888888888886,1.0,1.0,1.0,0.8642357642357642,0.26,1.0,0.26,1.0,1.0,1.0,0.8642357642357642,gtr_t5-dj_adpt,4,webtable-v2v-v=12-distilroberta-dj_adpt~qwen3_8b-dj_adpt
albums_a.pq,1.0,0.0625,1.0,0.0625,1.0,1.0,0.0625,1.0,0.3125,1.0,0.3125,1.0,1.0,0.3125,1.0,0.625,1.0,0.625,1.0,1.0,0.625,0.7333333333333333,0.6875,1.0,0.9375,1.0,1.0,0.6875,0.55,0.6875,0.8,1.0,1.0,1.0,0.6875,0.44,0.6875,0.64,1.0,1.0,1.0,0.6875,0.36666666666666664,0.6875,0.5333333333333333,1.0,1.0,1.0,0.6875,0.34285714285714286,0.75,0.45714285714285713,1.0,1.0,1.0,0.7095588235294118,0.35,0.875,0.4,1.0,1.0,1.0,0.7533762999126776,0.3333333333333333,0.9375,0.35555555555555557,1.0,1.0,1.0,0.7746831180944957,0.32,1.0,0.32,1.0,1.0,1.0,0.7959597138391766,gtr_t5-dj_adpt,4,webtable-v2v-v=12-distilroberta-dj_adpt~qwen3_8b-dj_adpt
ydn_spending_data_b.pq,1.0,0.08333333333333333,1.0,0.08333333333333333,1.0,1.0,0.08333333333333333,0.2,0.08333333333333333,1.0,0.4166666666666667,1.0,1.0,0.08333333333333333,0.1,0.08333333333333333,1.0,0.8333333333333334,1.0,1.0,0.08333333333333333,0.06666666666666667,0.08333333333333333,0.8,1.0,1.0,1.0,0.08333333333333333,0.05,0.08333333333333333,0.6,1.0,1.0,1.0,0.08333333333333333,0.04,0.08333333333333333,0.48,1.0,1.0,1.0,0.08333333333333333,0.03333333333333333,0.08333333333333333,0.4,1.0,1.0,1.0,0.08333333333333333,0.02857142857142857,0.08333333333333333,0.34285714285714286,1.0,1.0,1.0,0.08333333333333333,0.025,0.08333333333333333,0.3,1.0,1.0,1.0,0.08333333333333333,0.022222222222222223,0.08333333333333333,0.26666666666666666,1.0,1.0,1.0,0.08333333333333333,0.02,0.08333333333333333,0.24,1.0,1.0,1.0,0.08333333333333333,gtr_t5-dj_adpt,4,webtable-v2v-v=12-distilroberta-dj_adpt~qwen3_8b-dj_adpt
biodiversity_a.pq,1.0,0.09090909090909091,1.0,0.09090909090909091,1.0,1.0,0.09090909090909091,0.6,0.2727272727272727,1.0,0.45454545454545453,1.0,1.0,0.2196969696969697,0.4,0.36363636363636365,1.0,0.9090909090909091,1.0,1.0,0.2803030303030303,0.26666666666666666,0.36363636363636365,0.7333333333333333,1.0,1.0,1.0,0.2803030303030303,0.2,0.36363636363636365,0.55,1.0,1.0,1.0,0.2803030303030303,0.16,0.36363636363636365,0.44,1.0,1.0,1.0,0.2803030303030303,0.16666666666666666,0.45454545454545453,0.36666666666666664,1.0,1.0,1.0,0.2959770114942529,0.14285714285714285,0.45454545454545453,0.3142857142857143,1.0,1.0,1.0,0.2959770114942529,0.125,0.45454545454545453,0.275,1.0,1.0,1.0,0.2959770114942529,0.13333333333333333,0.5454545454545454,0.24444444444444444,1.0,1.0,1.0,0.3083737057091289,0.12,0.5454545454545454,0.22,1.0,1.0,1.0,0.3083737057091289,gtr_t5-dj_adpt,4,webtable-v2v-v=12-distilroberta-dj_adpt~qwen3_8b-dj_adpt
deaths_2012_2018_a.pq,1.0,0.09090909090909091,1.0,0.09090909090909091,1.0,1.0,0.09090909090909091,0.2,0.09090909090909091,1.0,0.45454545454545453,1.0,1.0,0.09090909090909091,0.1,0.09090909090909091,1.0,0.9090909090909091,1.0,1.0,0.09090909090909091,0.06666666666666667,0.09090909090909091,0.7333333333333333,1.0,1.0,1.0,0.09090909090909091,0.05,0.09090909090909091,0.55,1.0,1.0,1.0,0.09090909090909091,0.12,0.2727272727272727,0.44,1.0,1.0,1.0,0.1119637937819756,0.13333333333333333,0.36363636363636365,0.36666666666666664,1.0,1.0,1.0,0.12543180724998906,0.11428571428571428,0.36363636363636365,0.3142857142857143,1.0,1.0,1.0,0.12543180724998906,0.1,0.36363636363636365,0.275,1.0,1.0,1.0,0.12543180724998906,0.08888888888888889,0.36363636363636365,0.24444444444444444,1.0,1.0,1.0,0.12543180724998906,0.1,0.45454545454545453,0.22,1.0,1.0,1.0,0.13531323017489025,gtr_t5-dj_adpt,4,webtable-v2v-v=12-distilroberta-dj_adpt~qwen3_8b-dj_adpt
stockport_contracts_a.pq,1.0,0.07692307692307693,1.0,0.07692307692307693,1.0,1.0,0.07692307692307693,0.2,0.07692307692307693,1.0,0.38461538461538464,1.0,1.0,0.07692307692307693,0.1,0.07692307692307693,1.0,0.7692307692307693,1.0,1.0,0.07692307692307693,0.06666666666666667,0.07692307692307693,0.8666666666666667,1.0,1.0,1.0,0.07692307692307693,0.05,0.07692307692307693,0.65,1.0,1.0,1.0,0.07692307692307693,0.04,0.07692307692307693,0.52,1.0,1.0,1.0,0.07692307692307693,0.03333333333333333,0.07692307692307693,0.43333333333333335,1.0,1.0,1.0,0.07692307692307693,0.02857142857142857,0.07692307692307693,0.37142857142857144,1.0,1.0,1.0,0.07692307692307693,0.025,0.07692307692307693,0.325,1.0,1.0,1.0,0.07692307692307693,0.022222222222222223,0.07692307692307693,0.28888888888888886,1.0,1.0,1.0,0.07692307692307693,0.02,0.07692307692307693,0.26,1.0,1.0,1.0,0.07692307692307693,gtr_t5-dj_adpt,4,webtable-v2v-v=12-distilroberta-dj_adpt~qwen3_8b-dj_adpt
workforce_management_information_b.pq,1.0,0.05555555555555555,1.0,0.05555555555555555,1.0,1.0,0.05555555555555555,0.2,0.05555555555555555,1.0,0.2777777777777778,1.0,1.0,0.05555555555555555,0.1,0.05555555555555555,1.0,0.5555555555555556,1.0,1.0,0.05555555555555555,0.06666666666666667,0.05555555555555555,1.0,0.8333333333333334,1.0,1.0,0.05555555555555555,0.05,0.05555555555555555,0.9,1.0,1.0,1.0,0.05555555555555555,0.04,0.05555555555555555,0.72,1.0,1.0,1.0,0.05555555555555555,0.03333333333333333,0.05555555555555555,0.6,1.0,1.0,1.0,0.05555555555555555,0.02857142857142857,0.05555555555555555,0.5142857142857142,1.0,1.0,1.0,0.05555555555555555,0.025,0.05555555555555555,0.45,1.0,1.0,1.0,0.05555555555555555,0.022222222222222223,0.05555555555555555,0.4,1.0,1.0,1.0,0.05555555555555555,0.02,0.05555555555555555,0.36,1.0,1.0,1.0,0.05555555555555555,gtr_t5-dj_adpt,4,webtable-v2v-v=12-distilroberta-dj_adpt~qwen3_8b-dj_adpt
stockport_contracts_b.pq,1.0,0.07692307692307693,1.0,0.07692307692307693,1.0,1.0,0.07692307692307693,0.2,0.07692307692307693,1.0,0.38461538461538464,1.0,1.0,0.07692307692307693,0.1,0.07692307692307693,1.0,0.7692307692307693,1.0,1.0,0.07692307692307693,0.06666666666666667,0.07692307692307693,0.8666666666666667,1.0,1.0,1.0,0.07692307692307693,0.05,0.07692307692307693,0.65,1.0,1.0,1.0,0.07692307692307693,0.04,0.07692307692307693,0.52,1.0,1.0,1.0,0.07692307692307693,0.03333333333333333,0.07692307692307693,0.43333333333333335,1.0,1.0,1.0,0.07692307692307693,0.02857142857142857,0.07692307692307693,0.37142857142857144,1.0,1.0,1.0,0.07692307692307693,0.025,0.07692307692307693,0.325,1.0,1.0,1.0,0.07692307692307693,0.022222222222222223,0.07692307692307693,0.28888888888888886,1.0,1.0,1.0,0.07692307692307693,0.02,0.07692307692307693,0.26,1.0,1.0,1.0,0.07692307692307693,gtr_t5-dj_adpt,4,webtable-v2v-v=12-distilroberta-dj_adpt~qwen3_8b-dj_adpt
new_york_city_restaurant_inspection_results_a.pq,1.0,0.03225806451612903,1.0,0.03225806451612903,1.0,1.0,0.03225806451612903,0.2,0.03225806451612903,1.0,0.16129032258064516,1.0,1.0,0.03225806451612903,0.1,0.03225806451612903,1.0,0.3225806451612903,1.0,1.0,0.03225806451612903,0.06666666666666667,0.03225806451612903,1.0,0.4838709677419355,1.0,1.0,0.03225806451612903,0.05,0.03225806451612903,1.0,0.6451612903225806,1.0,1.0,0.03225806451612903,0.08,0.06451612903225806,1.0,0.8064516129032258,1.0,1.0,0.03506311360448808,0.06666666666666667,0.06451612903225806,1.0,0.967741935483871,1.0,1.0,0.03506311360448808,0.08571428571428572,0.0967741935483871,0.8857142857142857,1.0,1.0,1.0,0.03782809056301343,0.1,0.12903225806451613,0.775,1.0,1.0,1.0,0.041412319953694425,0.1111111111111111,0.16129032258064516,0.6888888888888889,1.0,1.0,1.0,0.04525256572942407,0.1,0.16129032258064516,0.62,1.0,1.0,1.0,0.04525256572942407,gtr_t5-dj_adpt,4,webtable-v2v-v=12-distilroberta-dj_adpt~qwen3_8b-dj_adpt
tuition_assistance_program_tap_recipients_a.pq,1.0,0.09090909090909091,1.0,0.09090909090909091,1.0,1.0,0.09090909090909091,0.2,0.09090909090909091,1.0,0.45454545454545453,1.0,1.0,0.09090909090909091,0.1,0.09090909090909091,1.0,0.9090909090909091,1.0,1.0,0.09090909090909091,0.06666666666666667,0.09090909090909091,0.7333333333333333,1.0,1.0,1.0,0.09090909090909091,0.05,0.09090909090909091,0.55,1.0,1.0,1.0,0.09090909090909091,0.04,0.09090909090909091,0.44,1.0,1.0,1.0,0.09090909090909091,0.03333333333333333,0.09090909090909091,0.36666666666666664,1.0,1.0,1.0,0.09090909090909091,0.02857142857142857,0.09090909090909091,0.3142857142857143,1.0,1.0,1.0,0.09090909090909091,0.025,0.09090909090909091,0.275,1.0,1.0,1.0,0.09090909090909091,0.06666666666666667,0.2727272727272727,0.24444444444444444,1.0,1.0,1.0,0.10133576782625409,0.12,0.5454545454545454,0.22,1.0,1.0,1.0,0.129097054158969,gtr_t5-dj_adpt,4,webtable-v2v-v=12-distilroberta-dj_adpt~qwen3_8b-dj_adpt
albums_b.pq,1.0,0.0625,1.0,0.0625,1.0,1.0,0.0625,0.6,0.1875,1.0,0.3125,1.0,1.0,0.1625,0.6,0.375,1.0,0.625,1.0,1.0,0.2704365079365079,0.4,0.375,1.0,0.9375,1.0,1.0,0.2704365079365079,0.35,0.4375,0.8,1.0,1.0,1.0,0.2977802579365079,0.28,0.4375,0.64,1.0,1.0,1.0,0.2977802579365079,0.23333333333333334,0.4375,0.5333333333333333,1.0,1.0,1.0,0.2977802579365079,0.2,0.4375,0.45714285714285713,1.0,1.0,1.0,0.2977802579365079,0.2,0.5,0.4,1.0,1.0,1.0,0.31093815267335,0.2,0.5625,0.35555555555555557,1.0,1.0,1.0,0.32372224358244095,0.2,0.625,0.32,1.0,1.0,1.0,0.3373092001041801,gtr_t5-dj_adpt,4,webtable-v2v-v=12-distilroberta-dj_adpt~qwen3_8b-dj_adpt
cdc_nutrition_physical_activity_and_obesity_legislation_a.pq,1.0,0.09090909090909091,1.0,0.09090909090909091,1.0,1.0,0.09090909090909091,0.2,0.09090909090909091,1.0,0.45454545454545453,1.0,1.0,0.09090909090909091,0.1,0.09090909090909091,1.0,0.9090909090909091,1.0,1.0,0.09090909090909091,0.06666666666666667,0.09090909090909091,0.7333333333333333,1.0,1.0,1.0,0.09090909090909091,0.05,0.09090909090909091,0.55,1.0,1.0,1.0,0.09090909090909091,0.04,0.09090909090909091,0.44,1.0,1.0,1.0,0.09090909090909091,0.03333333333333333,0.09090909090909091,0.36666666666666664,1.0,1.0,1.0,0.09090909090909091,0.02857142857142857,0.09090909090909091,0.3142857142857143,1.0,1.0,1.0,0.09090909090909091,0.025,0.09090909090909091,0.275,1.0,1.0,1.0,0.09090909090909091,0.022222222222222223,0.09090909090909091,0.24444444444444444,1.0,1.0,1.0,0.09090909090909091,0.02,0.09090909090909091,0.22,1.0,1.0,1.0,0.09090909090909091,gtr_t5-dj_adpt,4,webtable-v2v-v=12-distilroberta-dj_adpt~qwen3_8b-dj_adpt
complaint_by_practice_a.pq,1.0,0.07692307692307693,1.0,0.07692307692307693,1.0,1.0,0.07692307692307693,0.2,0.07692307692307693,1.0,0.38461538461538464,1.0,1.0,0.07692307692307693,0.1,0.07692307692307693,1.0,0.7692307692307693,1.0,1.0,0.07692307692307693,0.06666666666666667,0.07692307692307693,0.8666666666666667,1.0,1.0,1.0,0.07692307692307693,0.05,0.07692307692307693,0.65,1.0,1.0,1.0,0.07692307692307693,0.04,0.07692307692307693,0.52,1.0,1.0,1.0,0.07692307692307693,0.03333333333333333,0.07692307692307693,0.43333333333333335,1.0,1.0,1.0,0.07692307692307693,0.02857142857142857,0.07692307692307693,0.37142857142857144,1.0,1.0,1.0,0.07692307692307693,0.025,0.07692307692307693,0.325,1.0,1.0,1.0,0.07692307692307693,0.022222222222222223,0.07692307692307693,0.28888888888888886,1.0,1.0,1.0,0.07692307692307693,0.02,0.07692307692307693,0.26,1.0,1.0,1.0,0.07692307692307693,gtr_t5-dj_adpt,4,webtable-v2v-v=12-distilroberta-dj_adpt~qwen3_8b-dj_adpt
contributors_parties_b.pq,1.0,0.047619047619047616,1.0,0.047619047619047616,1.0,1.0,0.047619047619047616,0.2,0.047619047619047616,1.0,0.23809523809523808,1.0,1.0,0.047619047619047616,0.4,0.19047619047619047,1.0,0.47619047619047616,1.0,1.0,0.09444444444444444,0.5333333333333333,0.38095238095238093,1.0,0.7142857142857143,1.0,1.0,0.19275089989375704,0.4,0.38095238095238093,1.0,0.9523809523809523,1.0,1.0,0.19275089989375704,0.32,0.38095238095238093,0.84,1.0,1.0,1.0,0.19275089989375704,0.26666666666666666,0.38095238095238093,0.7,1.0,1.0,1.0,0.19275089989375704,0.22857142857142856,0.38095238095238093,0.6,1.0,1.0,1.0,0.19275089989375704,0.2,0.38095238095238093,0.525,1.0,1.0,1.0,0.19275089989375704,0.17777777777777778,0.38095238095238093,0.4666666666666667,1.0,1.0,1.0,0.19275089989375704,0.18,0.42857142857142855,0.42,1.0,1.0,1.0,0.20167947132232847,gtr_t5-dj_adpt,4,webtable-v2v-v=12-distilroberta-dj_adpt~qwen3_8b-dj_adpt
ipopayments_b.pq,1.0,0.06666666666666667,1.0,0.06666666666666667,1.0,1.0,0.06666666666666667,0.2,0.06666666666666667,1.0,0.3333333333333333,1.0,1.0,0.06666666666666667,0.1,0.06666666666666667,1.0,0.6666666666666666,1.0,1.0,0.06666666666666667,0.06666666666666667,0.06666666666666667,1.0,1.0,1.0,1.0,0.06666666666666667,0.05,0.06666666666666667,0.75,1.0,1.0,1.0,0.06666666666666667,0.08,0.13333333333333333,0.6,1.0,1.0,1.0,0.07222222222222222,0.06666666666666667,0.13333333333333333,0.5,1.0,1.0,1.0,0.07222222222222222,0.05714285714285714,0.13333333333333333,0.42857142857142855,1.0,1.0,1.0,0.07222222222222222,0.05,0.13333333333333333,0.375,1.0,1.0,1.0,0.07222222222222222,0.044444444444444446,0.13333333333333333,0.3333333333333333,1.0,1.0,1.0,0.07222222222222222,0.06,0.2,0.3,1.0,1.0,1.0,0.07638888888888888,gtr_t5-dj_adpt,4,webtable-v2v-v=12-distilroberta-dj_adpt~qwen3_8b-dj_adpt
job_pay_scales_a.pq,1.0,0.06666666666666667,1.0,0.06666666666666667,1.0,1.0,0.06666666666666667,0.4,0.13333333333333333,1.0,0.3333333333333333,1.0,1.0,0.13333333333333333,0.2,0.13333333333333333,1.0,0.6666666666666666,1.0,1.0,0.13333333333333333,0.13333333333333333,0.13333333333333333,1.0,1.0,1.0,1.0,0.13333333333333333,0.1,0.13333333333333333,0.75,1.0,1.0,1.0,0.13333333333333333,0.08,0.13333333333333333,0.6,1.0,1.0,1.0,0.13333333333333333,0.06666666666666667,0.13333333333333333,0.5,1.0,1.0,1.0,0.13333333333333333,0.05714285714285714,0.13333333333333333,0.42857142857142855,1.0,1.0,1.0,0.13333333333333333,0.05,0.13333333333333333,0.375,1.0,1.0,1.0,0.13333333333333333,0.06666666666666667,0.2,0.3333333333333333,1.0,1.0,1.0,0.1380952380952381,0.12,0.4,0.3,1.0,1.0,1.0,0.15931787145940707,gtr_t5-dj_adpt,4,webtable-v2v-v=12-distilroberta-dj_adpt~qwen3_8b-dj_adpt
lane_description_a.pq,1.0,0.0625,1.0,0.0625,1.0,1.0,0.0625,0.4,0.125,1.0,0.3125,1.0,1.0,0.09375,0.3,0.1875,1.0,0.625,1.0,1.0,0.1171875,0.3333333333333333,0.3125,1.0,0.9375,1.0,1.0,0.16205929487179488,0.3,0.375,0.8,1.0,1.0,1.0,0.18179613697705804,0.28,0.4375,0.64,1.0,1.0,1.0,0.2000253036437247,0.3,0.5625,0.5333333333333333,1.0,1.0,1.0,0.23727899822500548,0.3142857142857143,0.6875,0.45714285714285713,1.0,1.0,1.0,0.2764531053678626,0.275,0.6875,0.4,1.0,1.0,1.0,0.2764531053678626,0.24444444444444444,0.6875,0.35555555555555557,1.0,1.0,1.0,0.2764531053678626,0.26,0.8125,0.32,1.0,1.0,1.0,0.30865973802092384,gtr_t5-dj_adpt,4,webtable-v2v-v=12-distilroberta-dj_adpt~qwen3_8b-dj_adpt
lane_description_b.pq,1.0,0.0625,1.0,0.0625,1.0,1.0,0.0625,0.2,0.0625,1.0,0.3125,1.0,1.0,0.0625,0.1,0.0625,1.0,0.625,1.0,1.0,0.0625,0.06666666666666667,0.0625,1.0,0.9375,1.0,1.0,0.0625,0.05,0.0625,0.8,1.0,1.0,1.0,0.0625,0.04,0.0625,0.64,1.0,1.0,1.0,0.0625,0.03333333333333333,0.0625,0.5333333333333333,1.0,1.0,1.0,0.0625,0.02857142857142857,0.0625,0.45714285714285713,1.0,1.0,1.0,0.0625,0.025,0.0625,0.4,1.0,1.0,1.0,0.0625,0.022222222222222223,0.0625,0.35555555555555557,1.0,1.0,1.0,0.0625,0.02,0.0625,0.32,1.0,1.0,1.0,0.0625,gtr_t5-dj_adpt,4,webtable-v2v-v=12-distilroberta-dj_adpt~qwen3_8b-dj_adpt
monthly_data_feed_a.pq,1.0,0.07692307692307693,1.0,0.07692307692307693,1.0,1.0,0.07692307692307693,0.4,0.15384615384615385,1.0,0.38461538461538464,1.0,1.0,0.15384615384615385,0.3,0.23076923076923078,1.0,0.7692307692307693,1.0,1.0,0.18269230769230768,0.2,0.23076923076923078,0.8666666666666667,1.0,1.0,1.0,0.18269230769230768,0.15,0.23076923076923078,0.65,1.0,1.0,1.0,0.18269230769230768,0.12,0.23076923076923078,0.52,1.0,1.0,1.0,0.18269230769230768,0.1,0.23076923076923078,0.43333333333333335,1.0,1.0,1.0,0.18269230769230768,0.08571428571428572,0.23076923076923078,0.37142857142857144,1.0,1.0,1.0,0.18269230769230768,0.075,0.23076923076923078,0.325,1.0,1.0,1.0,0.18269230769230768,0.06666666666666667,0.23076923076923078,0.28888888888888886,1.0,1.0,1.0,0.18269230769230768,0.06,0.23076923076923078,0.26,1.0,1.0,1.0,0.18269230769230768,gtr_t5-dj_adpt,4,webtable-v2v-v=12-distilroberta-dj_adpt~qwen3_8b-dj_adpt
monthly_data_feed_b.pq,1.0,0.07692307692307693,1.0,0.07692307692307693,1.0,1.0,0.07692307692307693,0.2,0.07692307692307693,1.0,0.38461538461538464,1.0,1.0,0.07692307692307693,0.1,0.07692307692307693,1.0,0.7692307692307693,1.0,1.0,0.07692307692307693,0.06666666666666667,0.07692307692307693,0.8666666666666667,1.0,1.0,1.0,0.07692307692307693,0.05,0.07692307692307693,0.65,1.0,1.0,1.0,0.07692307692307693,0.04,0.07692307692307693,0.52,1.0,1.0,1.0,0.07692307692307693,0.03333333333333333,0.07692307692307693,0.43333333333333335,1.0,1.0,1.0,0.07692307692307693,0.02857142857142857,0.07692307692307693,0.37142857142857144,1.0,1.0,1.0,0.07692307692307693,0.025,0.07692307692307693,0.325,1.0,1.0,1.0,0.07692307692307693,0.022222222222222223,0.07692307692307693,0.28888888888888886,1.0,1.0,1.0,0.07692307692307693,0.02,0.07692307692307693,0.26,1.0,1.0,1.0,0.07692307692307693,gtr_t5-dj_adpt,4,webtable-v2v-v=12-distilroberta-dj_adpt~qwen3_8b-dj_adpt
practice_reference_a.pq,1.0,0.06666666666666667,1.0,0.06666666666666667,1.0,1.0,0.06666666666666667,0.4,0.13333333333333333,1.0,0.3333333333333333,1.0,1.0,0.13333333333333333,0.2,0.13333333333333333,1.0,0.6666666666666666,1.0,1.0,0.13333333333333333,0.13333333333333333,0.13333333333333333,1.0,1.0,1.0,1.0,0.13333333333333333,0.1,0.13333333333333333,0.75,1.0,1.0,1.0,0.13333333333333333,0.08,0.13333333333333333,0.6,1.0,1.0,1.0,0.13333333333333333,0.1,0.2,0.5,1.0,1.0,1.0,0.14102564102564102,0.08571428571428572,0.2,0.42857142857142855,1.0,1.0,1.0,0.14102564102564102,0.075,0.2,0.375,1.0,1.0,1.0,0.14102564102564102,0.06666666666666667,0.2,0.3333333333333333,1.0,1.0,1.0,0.14102564102564102,0.08,0.26666666666666666,0.3,1.0,1.0,1.0,0.14635897435897435,gtr_t5-dj_adpt,4,webtable-v2v-v=12-distilroberta-dj_adpt~qwen3_8b-dj_adpt
cihr_co-applicant_a.pq,1.0,0.08333333333333333,1.0,0.08333333333333333,1.0,1.0,0.08333333333333333,0.2,0.08333333333333333,1.0,0.4166666666666667,1.0,1.0,0.08333333333333333,0.1,0.08333333333333333,1.0,0.8333333333333334,1.0,1.0,0.08333333333333333,0.06666666666666667,0.08333333333333333,0.8,1.0,1.0,1.0,0.08333333333333333,0.05,0.08333333333333333,0.6,1.0,1.0,1.0,0.08333333333333333,0.04,0.08333333333333333,0.48,1.0,1.0,1.0,0.08333333333333333,0.03333333333333333,0.08333333333333333,0.4,1.0,1.0,1.0,0.08333333333333333,0.02857142857142857,0.08333333333333333,0.34285714285714286,1.0,1.0,1.0,0.08333333333333333,0.025,0.08333333333333333,0.3,1.0,1.0,1.0,0.08333333333333333,0.044444444444444446,0.16666666666666666,0.26666666666666666,1.0,1.0,1.0,0.08712121212121211,0.04,0.16666666666666666,0.24,1.0,1.0,1.0,0.08712121212121211,gtr_t5-dj_adpt,4,webtable-v2v-v=12-distilroberta-dj_adpt~qwen3_8b-dj_adpt
ydn_spending_data_a.pq,1.0,0.08333333333333333,1.0,0.08333333333333333,1.0,1.0,0.08333333333333333,0.2,0.08333333333333333,1.0,0.4166666666666667,1.0,1.0,0.08333333333333333,0.1,0.08333333333333333,1.0,0.8333333333333334,1.0,1.0,0.08333333333333333,0.06666666666666667,0.08333333333333333,0.8,1.0,1.0,1.0,0.08333333333333333,0.05,0.08333333333333333,0.6,1.0,1.0,1.0,0.08333333333333333,0.04,0.08333333333333333,0.48,1.0,1.0,1.0,0.08333333333333333,0.03333333333333333,0.08333333333333333,0.4,1.0,1.0,1.0,0.08333333333333333,0.02857142857142857,0.08333333333333333,0.34285714285714286,1.0,1.0,1.0,0.08333333333333333,0.025,0.08333333333333333,0.3,1.0,1.0,1.0,0.08333333333333333,0.022222222222222223,0.08333333333333333,0.26666666666666666,1.0,1.0,1.0,0.08333333333333333,0.02,0.08333333333333333,0.24,1.0,1.0,1.0,0.08333333333333333,gtr_t5-dj_adpt,4,webtable-v2v-v=12-distilroberta-dj_adpt~qwen3_8b-dj_adpt
mines_a.pq,1.0,0.07142857142857142,1.0,0.07142857142857142,1.0,1.0,0.07142857142857142,0.4,0.14285714285714285,1.0,0.35714285714285715,1.0,1.0,0.14285714285714285,0.3,0.21428571428571427,1.0,0.7142857142857143,1.0,1.0,0.17857142857142858,0.2,0.21428571428571427,0.9333333333333333,1.0,1.0,1.0,0.17857142857142858,0.15,0.21428571428571427,0.7,1.0,1.0,1.0,0.17857142857142858,0.16,0.2857142857142857,0.56,1.0,1.0,1.0,0.19217687074829934,0.13333333333333333,0.2857142857142857,0.4666666666666667,1.0,1.0,1.0,0.19217687074829934,0.17142857142857143,0.42857142857142855,0.4,1.0,1.0,1.0,0.21560442358761686,0.175,0.5,0.35,1.0,1.0,1.0,0.22810442358761687,0.17777777777777778,0.5714285714285714,0.3111111111111111,1.0,1.0,1.0,0.24139346013246737,0.16,0.5714285714285714,0.28,1.0,1.0,1.0,0.24139346013246737,gtr_t5-dj_adpt,4,webtable-v2v-v=12-distilroberta-dj_adpt~qwen3_8b-dj_adpt
practice_reference_a.pq,1.0,0.06666666666666667,1.0,0.06666666666666667,1.0,1.0,0.06666666666666667,1.0,0.3333333333333333,1.0,0.3333333333333333,1.0,1.0,0.3333333333333333,0.6,0.4,1.0,0.6666666666666666,1.0,1.0,0.4,0.4,0.4,1.0,1.0,1.0,1.0,0.4,0.35,0.4666666666666667,0.75,1.0,1.0,1.0,0.42916666666666664,0.28,0.4666666666666667,0.6,1.0,1.0,1.0,0.42916666666666664,0.23333333333333334,0.4666666666666667,0.5,1.0,1.0,1.0,0.42916666666666664,0.2,0.4666666666666667,0.42857142857142855,1.0,1.0,1.0,0.42916666666666664,0.175,0.4666666666666667,0.375,1.0,1.0,1.0,0.42916666666666664,0.15555555555555556,0.4666666666666667,0.3333333333333333,1.0,1.0,1.0,0.42916666666666664,0.14,0.4666666666666667,0.3,1.0,1.0,1.0,0.42916666666666664,mpnet-dj_adpt,5,webtable-v2v-v=12-distilroberta-dj_adpt~qwen3_8b-dj_adpt
ydn_spending_data_a.pq,1.0,0.08333333333333333,1.0,0.08333333333333333,1.0,1.0,0.08333333333333333,0.2,0.08333333333333333,1.0,0.4166666666666667,1.0,1.0,0.08333333333333333,0.1,0.08333333333333333,1.0,0.8333333333333334,1.0,1.0,0.08333333333333333,0.06666666666666667,0.08333333333333333,0.8,1.0,1.0,1.0,0.08333333333333333,0.05,0.08333333333333333,0.6,1.0,1.0,1.0,0.08333333333333333,0.04,0.08333333333333333,0.48,1.0,1.0,1.0,0.08333333333333333,0.06666666666666667,0.16666666666666666,0.4,1.0,1.0,1.0,0.08950617283950617,0.05714285714285714,0.16666666666666666,0.34285714285714286,1.0,1.0,1.0,0.08950617283950617,0.075,0.25,0.3,1.0,1.0,1.0,0.09626292959626293,0.06666666666666667,0.25,0.26666666666666666,1.0,1.0,1.0,0.09626292959626293,0.06,0.25,0.24,1.0,1.0,1.0,0.09626292959626293,mpnet-dj_adpt,5,webtable-v2v-v=12-distilroberta-dj_adpt~qwen3_8b-dj_adpt
complaint_by_practice_b.pq,1.0,0.07692307692307693,1.0,0.07692307692307693,1.0,1.0,0.07692307692307693,0.2,0.07692307692307693,1.0,0.38461538461538464,1.0,1.0,0.07692307692307693,0.3,0.23076923076923078,1.0,0.7692307692307693,1.0,1.0,0.1170940170940171,0.26666666666666666,0.3076923076923077,0.8666666666666667,1.0,1.0,1.0,0.14076265614727151,0.2,0.3076923076923077,0.65,1.0,1.0,1.0,0.14076265614727151,0.24,0.46153846153846156,0.52,1.0,1.0,1.0,0.1767158334047966,0.2,0.46153846153846156,0.43333333333333335,1.0,1.0,1.0,0.1767158334047966,0.2,0.5384615384615384,0.37142857142857144,1.0,1.0,1.0,0.19303284972181295,0.175,0.5384615384615384,0.325,1.0,1.0,1.0,0.19303284972181295,0.15555555555555556,0.5384615384615384,0.28888888888888886,1.0,1.0,1.0,0.19303284972181295,0.14,0.5384615384615384,0.26,1.0,1.0,1.0,0.19303284972181295,mpnet-dj_adpt,5,webtable-v2v-v=12-distilroberta-dj_adpt~qwen3_8b-dj_adpt
practice_reference_b.pq,1.0,0.06666666666666667,1.0,0.06666666666666667,1.0,1.0,0.06666666666666667,0.2,0.06666666666666667,1.0,0.3333333333333333,1.0,1.0,0.06666666666666667,0.1,0.06666666666666667,1.0,0.6666666666666666,1.0,1.0,0.06666666666666667,0.06666666666666667,0.06666666666666667,1.0,1.0,1.0,1.0,0.06666666666666667,0.05,0.06666666666666667,0.75,1.0,1.0,1.0,0.06666666666666667,0.08,0.13333333333333333,0.6,1.0,1.0,1.0,0.07301587301587302,0.06666666666666667,0.13333333333333333,0.5,1.0,1.0,1.0,0.07301587301587302,0.08571428571428572,0.2,0.42857142857142855,1.0,1.0,1.0,0.07946748591909883,0.075,0.2,0.375,1.0,1.0,1.0,0.07946748591909883,0.06666666666666667,0.2,0.3333333333333333,1.0,1.0,1.0,0.07946748591909883,0.06,0.2,0.3,1.0,1.0,1.0,0.07946748591909883,mpnet-dj_adpt,5,webtable-v2v-v=12-distilroberta-dj_adpt~qwen3_8b-dj_adpt
abandoned_wells_a.pq,1.0,0.09090909090909091,1.0,0.09090909090909091,1.0,1.0,0.09090909090909091,0.2,0.09090909090909091,1.0,0.45454545454545453,1.0,1.0,0.09090909090909091,0.1,0.09090909090909091,1.0,0.9090909090909091,1.0,1.0,0.09090909090909091,0.06666666666666667,0.09090909090909091,0.7333333333333333,1.0,1.0,1.0,0.09090909090909091,0.05,0.09090909090909091,0.55,1.0,1.0,1.0,0.09090909090909091,0.04,0.09090909090909091,0.44,1.0,1.0,1.0,0.09090909090909091,0.03333333333333333,0.09090909090909091,0.36666666666666664,1.0,1.0,1.0,0.09090909090909091,0.02857142857142857,0.09090909090909091,0.3142857142857143,1.0,1.0,1.0,0.09090909090909091,0.025,0.09090909090909091,0.275,1.0,1.0,1.0,0.09090909090909091,0.022222222222222223,0.09090909090909091,0.24444444444444444,1.0,1.0,1.0,0.09090909090909091,0.02,0.09090909090909091,0.22,1.0,1.0,1.0,0.09090909090909091,mpnet-dj_adpt,5,webtable-v2v-v=12-distilroberta-dj_adpt~qwen3_8b-dj_adpt
animal_tag_data_a.pq,1.0,0.08333333333333333,1.0,0.08333333333333333,1.0,1.0,0.08333333333333333,0.2,0.08333333333333333,1.0,0.4166666666666667,1.0,1.0,0.08333333333333333,0.1,0.08333333333333333,1.0,0.8333333333333334,1.0,1.0,0.08333333333333333,0.06666666666666667,0.08333333333333333,0.8,1.0,1.0,1.0,0.08333333333333333,0.05,0.08333333333333333,0.6,1.0,1.0,1.0,0.08333333333333333,0.04,0.08333333333333333,0.48,1.0,1.0,1.0,0.08333333333333333,0.03333333333333333,0.08333333333333333,0.4,1.0,1.0,1.0,0.08333333333333333,0.02857142857142857,0.08333333333333333,0.34285714285714286,1.0,1.0,1.0,0.08333333333333333,0.025,0.08333333333333333,0.3,1.0,1.0,1.0,0.08333333333333333,0.022222222222222223,0.08333333333333333,0.26666666666666666,1.0,1.0,1.0,0.08333333333333333,0.02,0.08333333333333333,0.24,1.0,1.0,1.0,0.08333333333333333,mpnet-dj_adpt,5,webtable-v2v-v=12-distilroberta-dj_adpt~qwen3_8b-dj_adpt
deaths_2012_2018_a.pq,1.0,0.09090909090909091,1.0,0.09090909090909091,1.0,1.0,0.09090909090909091,0.2,0.09090909090909091,1.0,0.45454545454545453,1.0,1.0,0.09090909090909091,0.1,0.09090909090909091,1.0,0.9090909090909091,1.0,1.0,0.09090909090909091,0.06666666666666667,0.09090909090909091,0.7333333333333333,1.0,1.0,1.0,0.09090909090909091,0.05,0.09090909090909091,0.55,1.0,1.0,1.0,0.09090909090909091,0.04,0.09090909090909091,0.44,1.0,1.0,1.0,0.09090909090909091,0.03333333333333333,0.09090909090909091,0.36666666666666664,1.0,1.0,1.0,0.09090909090909091,0.02857142857142857,0.09090909090909091,0.3142857142857143,1.0,1.0,1.0,0.09090909090909091,0.025,0.09090909090909091,0.275,1.0,1.0,1.0,0.09090909090909091,0.022222222222222223,0.09090909090909091,0.24444444444444444,1.0,1.0,1.0,0.09090909090909091,0.04,0.18181818181818182,0.22,1.0,1.0,1.0,0.09477756286266925,mpnet-dj_adpt,5,webtable-v2v-v=12-distilroberta-dj_adpt~qwen3_8b-dj_adpt
albums_b.pq,1.0,0.0625,1.0,0.0625,1.0,1.0,0.0625,1.0,0.3125,1.0,0.3125,1.0,1.0,0.3125,0.8,0.5,1.0,0.625,1.0,1.0,0.4579861111111111,0.5333333333333333,0.5,1.0,0.9375,1.0,1.0,0.4579861111111111,0.4,0.5,0.8,1.0,1.0,1.0,0.4579861111111111,0.32,0.5,0.64,1.0,1.0,1.0,0.4579861111111111,0.26666666666666666,0.5,0.5333333333333333,1.0,1.0,1.0,0.4579861111111111,0.22857142857142856,0.5,0.45714285714285713,1.0,1.0,1.0,0.4579861111111111,0.2,0.5,0.4,1.0,1.0,1.0,0.4579861111111111,0.17777777777777778,0.5,0.35555555555555557,1.0,1.0,1.0,0.4579861111111111,0.16,0.5,0.32,1.0,1.0,1.0,0.4579861111111111,mpnet-dj_adpt,5,webtable-v2v-v=12-distilroberta-dj_adpt~qwen3_8b-dj_adpt
job_pay_scales_a.pq,1.0,0.06666666666666667,1.0,0.06666666666666667,1.0,1.0,0.06666666666666667,0.4,0.13333333333333333,1.0,0.3333333333333333,1.0,1.0,0.13333333333333333,0.2,0.13333333333333333,1.0,0.6666666666666666,1.0,1.0,0.13333333333333333,0.13333333333333333,0.13333333333333333,1.0,1.0,1.0,1.0,0.13333333333333333,0.15,0.2,0.75,1.0,1.0,1.0,0.14509803921568626,0.12,0.2,0.6,1.0,1.0,1.0,0.14509803921568626,0.1,0.2,0.5,1.0,1.0,1.0,0.14509803921568626,0.08571428571428572,0.2,0.42857142857142855,1.0,1.0,1.0,0.14509803921568626,0.075,0.2,0.375,1.0,1.0,1.0,0.14509803921568626,0.06666666666666667,0.2,0.3333333333333333,1.0,1.0,1.0,0.14509803921568626,0.06,0.2,0.3,1.0,1.0,1.0,0.14509803921568626,mpnet-dj_adpt,5,webtable-v2v-v=12-distilroberta-dj_adpt~qwen3_8b-dj_adpt
new_york_city_restaurant_inspection_results_a.pq,1.0,0.03225806451612903,1.0,0.03225806451612903,1.0,1.0,0.03225806451612903,0.2,0.03225806451612903,1.0,0.16129032258064516,1.0,1.0,0.03225806451612903,0.1,0.03225806451612903,1.0,0.3225806451612903,1.0,1.0,0.03225806451612903,0.06666666666666667,0.03225806451612903,1.0,0.4838709677419355,1.0,1.0,0.03225806451612903,0.05,0.03225806451612903,1.0,0.6451612903225806,1.0,1.0,0.03225806451612903,0.04,0.03225806451612903,1.0,0.8064516129032258,1.0,1.0,0.03225806451612903,0.03333333333333333,0.03225806451612903,1.0,0.967741935483871,1.0,1.0,0.03225806451612903,0.02857142857142857,0.03225806451612903,0.8857142857142857,1.0,1.0,1.0,0.03225806451612903,0.05,0.06451612903225806,0.775,1.0,1.0,1.0,0.03391232423490488,0.06666666666666667,0.0967741935483871,0.6888888888888889,1.0,1.0,1.0,0.03616288687556504,0.06,0.0967741935483871,0.62,1.0,1.0,1.0,0.03616288687556504,mpnet-dj_adpt,5,webtable-v2v-v=12-distilroberta-dj_adpt~qwen3_8b-dj_adpt
stockport_contracts_b.pq,1.0,0.07692307692307693,1.0,0.07692307692307693,1.0,1.0,0.07692307692307693,0.2,0.07692307692307693,1.0,0.38461538461538464,1.0,1.0,0.07692307692307693,0.1,0.07692307692307693,1.0,0.7692307692307693,1.0,1.0,0.07692307692307693,0.06666666666666667,0.07692307692307693,0.8666666666666667,1.0,1.0,1.0,0.07692307692307693,0.05,0.07692307692307693,0.65,1.0,1.0,1.0,0.07692307692307693,0.04,0.07692307692307693,0.52,1.0,1.0,1.0,0.07692307692307693,0.03333333333333333,0.07692307692307693,0.43333333333333335,1.0,1.0,1.0,0.07692307692307693,0.02857142857142857,0.07692307692307693,0.37142857142857144,1.0,1.0,1.0,0.07692307692307693,0.025,0.07692307692307693,0.325,1.0,1.0,1.0,0.07692307692307693,0.022222222222222223,0.07692307692307693,0.28888888888888886,1.0,1.0,1.0,0.07692307692307693,0.02,0.07692307692307693,0.26,1.0,1.0,1.0,0.07692307692307693,mpnet-dj_adpt,5,webtable-v2v-v=12-distilroberta-dj_adpt~qwen3_8b-dj_adpt
film_locations_in_san_francisco_a.pq,1.0,0.07692307692307693,1.0,0.07692307692307693,1.0,1.0,0.07692307692307693,0.2,0.07692307692307693,1.0,0.38461538461538464,1.0,1.0,0.07692307692307693,0.1,0.07692307692307693,1.0,0.7692307692307693,1.0,1.0,0.07692307692307693,0.13333333333333333,0.15384615384615385,0.8666666666666667,1.0,1.0,1.0,0.0879120879120879,0.1,0.15384615384615385,0.65,1.0,1.0,1.0,0.0879120879120879,0.08,0.15384615384615385,0.52,1.0,1.0,1.0,0.0879120879120879,0.16666666666666666,0.38461538461538464,0.43333333333333335,1.0,1.0,1.0,0.12144643842256575,0.14285714285714285,0.38461538461538464,0.37142857142857144,1.0,1.0,1.0,0.12144643842256575,0.125,0.38461538461538464,0.325,1.0,1.0,1.0,0.12144643842256575,0.1111111111111111,0.38461538461538464,0.28888888888888886,1.0,1.0,1.0,0.12144643842256575,0.12,0.46153846153846156,0.26,1.0,1.0,1.0,0.1308655906988609,mpnet-dj_adpt,5,webtable-v2v-v=12-distilroberta-dj_adpt~qwen3_8b-dj_adpt
mines_b.pq,1.0,0.07142857142857142,1.0,0.07142857142857142,1.0,1.0,0.07142857142857142,0.2,0.07142857142857142,1.0,0.35714285714285715,1.0,1.0,0.07142857142857142,0.1,0.07142857142857142,1.0,0.7142857142857143,1.0,1.0,0.07142857142857142,0.06666666666666667,0.07142857142857142,0.9333333333333333,1.0,1.0,1.0,0.07142857142857142,0.05,0.07142857142857142,0.7,1.0,1.0,1.0,0.07142857142857142,0.04,0.07142857142857142,0.56,1.0,1.0,1.0,0.07142857142857142,0.03333333333333333,0.07142857142857142,0.4666666666666667,1.0,1.0,1.0,0.07142857142857142,0.02857142857142857,0.07142857142857142,0.4,1.0,1.0,1.0,0.07142857142857142,0.025,0.07142857142857142,0.35,1.0,1.0,1.0,0.07142857142857142,0.022222222222222223,0.07142857142857142,0.3111111111111111,1.0,1.0,1.0,0.07142857142857142,0.02,0.07142857142857142,0.28,1.0,1.0,1.0,0.07142857142857142,mpnet-dj_adpt,5,webtable-v2v-v=12-distilroberta-dj_adpt~qwen3_8b-dj_adpt
purchasing_card_a.pq,1.0,0.07692307692307693,1.0,0.07692307692307693,1.0,1.0,0.07692307692307693,0.2,0.07692307692307693,1.0,0.38461538461538464,1.0,1.0,0.07692307692307693,0.1,0.07692307692307693,1.0,0.7692307692307693,1.0,1.0,0.07692307692307693,0.2,0.23076923076923078,0.8666666666666667,1.0,1.0,1.0,0.10749506903353057,0.15,0.23076923076923078,0.65,1.0,1.0,1.0,0.10749506903353057,0.16,0.3076923076923077,0.52,1.0,1.0,1.0,0.12148108301954455,0.13333333333333333,0.3076923076923077,0.43333333333333335,1.0,1.0,1.0,0.12148108301954455,0.11428571428571428,0.3076923076923077,0.37142857142857144,1.0,1.0,1.0,0.12148108301954455,0.125,0.38461538461538464,0.325,1.0,1.0,1.0,0.13109646763492916,0.1111111111111111,0.38461538461538464,0.28888888888888886,1.0,1.0,1.0,0.13109646763492916,0.1,0.38461538461538464,0.26,1.0,1.0,1.0,0.13109646763492916,mpnet-dj_adpt,5,webtable-v2v-v=12-distilroberta-dj_adpt~qwen3_8b-dj_adpt
cihr_co-applicant_a.pq,1.0,0.08333333333333333,1.0,0.08333333333333333,1.0,1.0,0.08333333333333333,0.2,0.08333333333333333,1.0,0.4166666666666667,1.0,1.0,0.08333333333333333,0.1,0.08333333333333333,1.0,0.8333333333333334,1.0,1.0,0.08333333333333333,0.06666666666666667,0.08333333333333333,0.8,1.0,1.0,1.0,0.08333333333333333,0.05,0.08333333333333333,0.6,1.0,1.0,1.0,0.08333333333333333,0.04,0.08333333333333333,0.48,1.0,1.0,1.0,0.08333333333333333,0.03333333333333333,0.08333333333333333,0.4,1.0,1.0,1.0,0.08333333333333333,0.02857142857142857,0.08333333333333333,0.34285714285714286,1.0,1.0,1.0,0.08333333333333333,0.025,0.08333333333333333,0.3,1.0,1.0,1.0,0.08333333333333333,0.022222222222222223,0.08333333333333333,0.26666666666666666,1.0,1.0,1.0,0.08333333333333333,0.02,0.08333333333333333,0.24,1.0,1.0,1.0,0.08333333333333333,mpnet-dj_adpt,5,webtable-v2v-v=12-distilroberta-dj_adpt~qwen3_8b-dj_adpt
senior_officials_expenses_a.pq,1.0,0.09090909090909091,1.0,0.09090909090909091,1.0,1.0,0.09090909090909091,0.2,0.09090909090909091,1.0,0.45454545454545453,1.0,1.0,0.09090909090909091,0.1,0.09090909090909091,1.0,0.9090909090909091,1.0,1.0,0.09090909090909091,0.06666666666666667,0.09090909090909091,0.7333333333333333,1.0,1.0,1.0,0.09090909090909091,0.05,0.09090909090909091,0.55,1.0,1.0,1.0,0.09090909090909091,0.04,0.09090909090909091,0.44,1.0,1.0,1.0,0.09090909090909091,0.03333333333333333,0.09090909090909091,0.36666666666666664,1.0,1.0,1.0,0.09090909090909091,0.02857142857142857,0.09090909090909091,0.3142857142857143,1.0,1.0,1.0,0.09090909090909091,0.025,0.09090909090909091,0.275,1.0,1.0,1.0,0.09090909090909091,0.022222222222222223,0.09090909090909091,0.24444444444444444,1.0,1.0,1.0,0.09090909090909091,0.02,0.09090909090909091,0.22,1.0,1.0,1.0,0.09090909090909091,mpnet-dj_adpt,5,webtable-v2v-v=12-distilroberta-dj_adpt~qwen3_8b-dj_adpt
time_spent_watching_vcr_movies_a.pq,1.0,0.09090909090909091,1.0,0.09090909090909091,1.0,1.0,0.09090909090909091,0.2,0.09090909090909091,1.0,0.45454545454545453,1.0,1.0,0.09090909090909091,0.1,0.09090909090909091,1.0,0.9090909090909091,1.0,1.0,0.09090909090909091,0.06666666666666667,0.09090909090909091,0.7333333333333333,1.0,1.0,1.0,0.09090909090909091,0.05,0.09090909090909091,0.55,1.0,1.0,1.0,0.09090909090909091,0.04,0.09090909090909091,0.44,1.0,1.0,1.0,0.09090909090909091,0.03333333333333333,0.09090909090909091,0.36666666666666664,1.0,1.0,1.0,0.09090909090909091,0.02857142857142857,0.09090909090909091,0.3142857142857143,1.0,1.0,1.0,0.09090909090909091,0.025,0.09090909090909091,0.275,1.0,1.0,1.0,0.09090909090909091,0.022222222222222223,0.09090909090909091,0.24444444444444444,1.0,1.0,1.0,0.09090909090909091,0.02,0.09090909090909091,0.22,1.0,1.0,1.0,0.09090909090909091,mpnet-dj_adpt,5,webtable-v2v-v=12-distilroberta-dj_adpt~qwen3_8b-dj_adpt
oil_and_gas_summary_production_data_1967_1999_a.pq,1.0,0.09090909090909091,1.0,0.09090909090909091,1.0,1.0,0.09090909090909091,0.2,0.09090909090909091,1.0,0.45454545454545453,1.0,1.0,0.09090909090909091,0.1,0.09090909090909091,1.0,0.9090909090909091,1.0,1.0,0.09090909090909091,0.06666666666666667,0.09090909090909091,0.7333333333333333,1.0,1.0,1.0,0.09090909090909091,0.05,0.09090909090909091,0.55,1.0,1.0,1.0,0.09090909090909091,0.04,0.09090909090909091,0.44,1.0,1.0,1.0,0.09090909090909091,0.03333333333333333,0.09090909090909091,0.36666666666666664,1.0,1.0,1.0,0.09090909090909091,0.02857142857142857,0.09090909090909091,0.3142857142857143,1.0,1.0,1.0,0.09090909090909091,0.025,0.09090909090909091,0.275,1.0,1.0,1.0,0.09090909090909091,0.022222222222222223,0.09090909090909091,0.24444444444444444,1.0,1.0,1.0,0.09090909090909091,0.02,0.09090909090909091,0.22,1.0,1.0,1.0,0.09090909090909091,mpnet-dj_adpt,5,webtable-v2v-v=12-distilroberta-dj_adpt~qwen3_8b-dj_adpt
ipopayments_b.pq,1.0,0.06666666666666667,1.0,0.06666666666666667,1.0,1.0,0.06666666666666667,0.4,0.13333333333333333,1.0,0.3333333333333333,1.0,1.0,0.1111111111111111,0.3,0.2,1.0,0.6666666666666666,1.0,1.0,0.14444444444444443,0.2,0.2,1.0,1.0,1.0,1.0,0.14444444444444443,0.25,0.3333333333333333,0.75,1.0,1.0,1.0,0.17962962962962964,0.24,0.4,0.6,1.0,1.0,1.0,0.1962962962962963,0.23333333333333334,0.4666666666666667,0.5,1.0,1.0,1.0,0.21185185185185185,0.22857142857142856,0.5333333333333333,0.42857142857142855,1.0,1.0,1.0,0.22753812636165577,0.2,0.5333333333333333,0.375,1.0,1.0,1.0,0.22753812636165577,0.2,0.6,0.3333333333333333,1.0,1.0,1.0,0.2408714596949891,0.18,0.6,0.3,1.0,1.0,1.0,0.2408714596949891,mpnet-dj_adpt,5,webtable-v2v-v=12-distilroberta-dj_adpt~qwen3_8b-dj_adpt
cdc_nutrition_physical_activity_and_obesity_legislation_a.pq,1.0,0.09090909090909091,1.0,0.09090909090909091,1.0,1.0,0.09090909090909091,0.2,0.09090909090909091,1.0,0.45454545454545453,1.0,1.0,0.09090909090909091,0.1,0.09090909090909091,1.0,0.9090909090909091,1.0,1.0,0.09090909090909091,0.06666666666666667,0.09090909090909091,0.7333333333333333,1.0,1.0,1.0,0.09090909090909091,0.05,0.09090909090909091,0.55,1.0,1.0,1.0,0.09090909090909091,0.04,0.09090909090909091,0.44,1.0,1.0,1.0,0.09090909090909091,0.03333333333333333,0.09090909090909091,0.36666666666666664,1.0,1.0,1.0,0.09090909090909091,0.02857142857142857,0.09090909090909091,0.3142857142857143,1.0,1.0,1.0,0.09090909090909091,0.025,0.09090909090909091,0.275,1.0,1.0,1.0,0.09090909090909091,0.022222222222222223,0.09090909090909091,0.24444444444444444,1.0,1.0,1.0,0.09090909090909091,0.02,0.09090909090909091,0.22,1.0,1.0,1.0,0.09090909090909091,mpnet-dj_adpt,5,webtable-v2v-v=12-distilroberta-dj_adpt~qwen3_8b-dj_adpt
workforce_management_information_a.pq,1.0,0.05555555555555555,1.0,0.05555555555555555,1.0,1.0,0.05555555555555555,0.2,0.05555555555555555,1.0,0.2777777777777778,1.0,1.0,0.05555555555555555,0.1,0.05555555555555555,1.0,0.5555555555555556,1.0,1.0,0.05555555555555555,0.06666666666666667,0.05555555555555555,1.0,0.8333333333333334,1.0,1.0,0.05555555555555555,0.05,0.05555555555555555,0.9,1.0,1.0,1.0,0.05555555555555555,0.04,0.05555555555555555,0.72,1.0,1.0,1.0,0.05555555555555555,0.03333333333333333,0.05555555555555555,0.6,1.0,1.0,1.0,0.05555555555555555,0.02857142857142857,0.05555555555555555,0.5142857142857142,1.0,1.0,1.0,0.05555555555555555,0.025,0.05555555555555555,0.45,1.0,1.0,1.0,0.05555555555555555,0.022222222222222223,0.05555555555555555,0.4,1.0,1.0,1.0,0.05555555555555555,0.02,0.05555555555555555,0.36,1.0,1.0,1.0,0.05555555555555555,mpnet-dj_adpt,5,webtable-v2v-v=12-distilroberta-dj_adpt~qwen3_8b-dj_adpt
lane_description_b.pq,1.0,0.0625,1.0,0.0625,1.0,1.0,0.0625,0.2,0.0625,1.0,0.3125,1.0,1.0,0.0625,0.1,0.0625,1.0,0.625,1.0,1.0,0.0625,0.06666666666666667,0.0625,1.0,0.9375,1.0,1.0,0.0625,0.05,0.0625,0.8,1.0,1.0,1.0,0.0625,0.04,0.0625,0.64,1.0,1.0,1.0,0.0625,0.03333333333333333,0.0625,0.5333333333333333,1.0,1.0,1.0,0.0625,0.02857142857142857,0.0625,0.45714285714285713,1.0,1.0,1.0,0.0625,0.025,0.0625,0.4,1.0,1.0,1.0,0.0625,0.022222222222222223,0.0625,0.35555555555555557,1.0,1.0,1.0,0.0625,0.02,0.0625,0.32,1.0,1.0,1.0,0.0625,mpnet-dj_adpt,5,webtable-v2v-v=12-distilroberta-dj_adpt~qwen3_8b-dj_adpt
business_rates_a.pq,1.0,0.08333333333333333,1.0,0.08333333333333333,1.0,1.0,0.08333333333333333,0.2,0.08333333333333333,1.0,0.4166666666666667,1.0,1.0,0.08333333333333333,0.1,0.08333333333333333,1.0,0.8333333333333334,1.0,1.0,0.08333333333333333,0.06666666666666667,0.08333333333333333,0.8,1.0,1.0,1.0,0.08333333333333333,0.05,0.08333333333333333,0.6,1.0,1.0,1.0,0.08333333333333333,0.04,0.08333333333333333,0.48,1.0,1.0,1.0,0.08333333333333333,0.03333333333333333,0.08333333333333333,0.4,1.0,1.0,1.0,0.08333333333333333,0.02857142857142857,0.08333333333333333,0.34285714285714286,1.0,1.0,1.0,0.08333333333333333,0.025,0.08333333333333333,0.3,1.0,1.0,1.0,0.08333333333333333,0.022222222222222223,0.08333333333333333,0.26666666666666666,1.0,1.0,1.0,0.08333333333333333,0.02,0.08333333333333333,0.24,1.0,1.0,1.0,0.08333333333333333,mpnet-dj_adpt,5,webtable-v2v-v=12-distilroberta-dj_adpt~qwen3_8b-dj_adpt
cihr_co-applicant_b.pq,1.0,0.08333333333333333,1.0,0.08333333333333333,1.0,1.0,0.08333333333333333,0.2,0.08333333333333333,1.0,0.4166666666666667,1.0,1.0,0.08333333333333333,0.1,0.08333333333333333,1.0,0.8333333333333334,1.0,1.0,0.08333333333333333,0.06666666666666667,0.08333333333333333,0.8,1.0,1.0,1.0,0.08333333333333333,0.05,0.08333333333333333,0.6,1.0,1.0,1.0,0.08333333333333333,0.04,0.08333333333333333,0.48,1.0,1.0,1.0,0.08333333333333333,0.03333333333333333,0.08333333333333333,0.4,1.0,1.0,1.0,0.08333333333333333,0.02857142857142857,0.08333333333333333,0.34285714285714286,1.0,1.0,1.0,0.08333333333333333,0.025,0.08333333333333333,0.3,1.0,1.0,1.0,0.08333333333333333,0.022222222222222223,0.08333333333333333,0.26666666666666666,1.0,1.0,1.0,0.08333333333333333,0.04,0.16666666666666666,0.24,1.0,1.0,1.0,0.08695652173913043,mpnet-dj_adpt,5,webtable-v2v-v=12-distilroberta-dj_adpt~qwen3_8b-dj_adpt
albums_a.pq,1.0,0.0625,1.0,0.0625,1.0,1.0,0.0625,0.4,0.125,1.0,0.3125,1.0,1.0,0.10416666666666666,0.3,0.1875,1.0,0.625,1.0,1.0,0.13095238095238096,0.2,0.1875,1.0,0.9375,1.0,1.0,0.13095238095238096,0.2,0.25,0.8,1.0,1.0,1.0,0.1456582633053221,0.2,0.3125,0.64,1.0,1.0,1.0,0.15815826330532212,0.16666666666666666,0.3125,0.5333333333333333,1.0,1.0,1.0,0.15815826330532212,0.14285714285714285,0.3125,0.45714285714285713,1.0,1.0,1.0,0.15815826330532212,0.125,0.3125,0.4,1.0,1.0,1.0,0.15815826330532212,0.1111111111111111,0.3125,0.35555555555555557,1.0,1.0,1.0,0.15815826330532212,0.1,0.3125,0.32,1.0,1.0,1.0,0.15815826330532212,mpnet-dj_adpt,5,webtable-v2v-v=12-distilroberta-dj_adpt~qwen3_8b-dj_adpt
complaint_by_practice_a.pq,1.0,0.07692307692307693,1.0,0.07692307692307693,1.0,1.0,0.07692307692307693,0.2,0.07692307692307693,1.0,0.38461538461538464,1.0,1.0,0.07692307692307693,0.1,0.07692307692307693,1.0,0.7692307692307693,1.0,1.0,0.07692307692307693,0.06666666666666667,0.07692307692307693,0.8666666666666667,1.0,1.0,1.0,0.07692307692307693,0.05,0.07692307692307693,0.65,1.0,1.0,1.0,0.07692307692307693,0.04,0.07692307692307693,0.52,1.0,1.0,1.0,0.07692307692307693,0.03333333333333333,0.07692307692307693,0.43333333333333335,1.0,1.0,1.0,0.07692307692307693,0.02857142857142857,0.07692307692307693,0.37142857142857144,1.0,1.0,1.0,0.07692307692307693,0.025,0.07692307692307693,0.325,1.0,1.0,1.0,0.07692307692307693,0.022222222222222223,0.07692307692307693,0.28888888888888886,1.0,1.0,1.0,0.07692307692307693,0.02,0.07692307692307693,0.26,1.0,1.0,1.0,0.07692307692307693,mpnet-dj_adpt,5,webtable-v2v-v=12-distilroberta-dj_adpt~qwen3_8b-dj_adpt
contributors_parties_b.pq,1.0,0.047619047619047616,1.0,0.047619047619047616,1.0,1.0,0.047619047619047616,0.8,0.19047619047619047,1.0,0.23809523809523808,1.0,1.0,0.18095238095238095,0.5,0.23809523809523808,1.0,0.47619047619047616,1.0,1.0,0.22063492063492066,0.4,0.2857142857142857,1.0,0.7142857142857143,1.0,1.0,0.24104308390022675,0.3,0.2857142857142857,1.0,0.9523809523809523,1.0,1.0,0.24104308390022675,0.24,0.2857142857142857,0.84,1.0,1.0,1.0,0.24104308390022675,0.23333333333333334,0.3333333333333333,0.7,1.0,1.0,1.0,0.25386359672073955,0.2,0.3333333333333333,0.6,1.0,1.0,1.0,0.25386359672073955,0.175,0.3333333333333333,0.525,1.0,1.0,1.0,0.25386359672073955,0.17777777777777778,0.38095238095238093,0.4666666666666667,1.0,1.0,1.0,0.26252160537874825,0.16,0.38095238095238093,0.42,1.0,1.0,1.0,0.26252160537874825,mpnet-dj_adpt,5,webtable-v2v-v=12-distilroberta-dj_adpt~qwen3_8b-dj_adpt
biodiversity_a.pq,1.0,0.09090909090909091,1.0,0.09090909090909091,1.0,1.0,0.09090909090909091,0.4,0.18181818181818182,1.0,0.45454545454545453,1.0,1.0,0.12727272727272726,0.4,0.36363636363636365,1.0,0.9090909090909091,1.0,1.0,0.2246753246753247,0.26666666666666666,0.36363636363636365,0.7333333333333333,1.0,1.0,1.0,0.2246753246753247,0.2,0.36363636363636365,0.55,1.0,1.0,1.0,0.2246753246753247,0.16,0.36363636363636365,0.44,1.0,1.0,1.0,0.2246753246753247,0.13333333333333333,0.36363636363636365,0.36666666666666664,1.0,1.0,1.0,0.2246753246753247,0.11428571428571428,0.36363636363636365,0.3142857142857143,1.0,1.0,1.0,0.2246753246753247,0.1,0.36363636363636365,0.275,1.0,1.0,1.0,0.2246753246753247,0.08888888888888889,0.36363636363636365,0.24444444444444444,1.0,1.0,1.0,0.2246753246753247,0.08,0.36363636363636365,0.22,1.0,1.0,1.0,0.2246753246753247,mpnet-dj_adpt,5,webtable-v2v-v=12-distilroberta-dj_adpt~qwen3_8b-dj_adpt
civic_building_locations_a.pq,1.0,0.08333333333333333,1.0,0.08333333333333333,1.0,1.0,0.08333333333333333,0.2,0.08333333333333333,1.0,0.4166666666666667,1.0,1.0,0.08333333333333333,0.1,0.08333333333333333,1.0,0.8333333333333334,1.0,1.0,0.08333333333333333,0.06666666666666667,0.08333333333333333,0.8,1.0,1.0,1.0,0.08333333333333333,0.05,0.08333333333333333,0.6,1.0,1.0,1.0,0.08333333333333333,0.04,0.08333333333333333,0.48,1.0,1.0,1.0,0.08333333333333333,0.06666666666666667,0.16666666666666666,0.4,1.0,1.0,1.0,0.08908045977011493,0.05714285714285714,0.16666666666666666,0.34285714285714286,1.0,1.0,1.0,0.08908045977011493,0.05,0.16666666666666666,0.3,1.0,1.0,1.0,0.08908045977011493,0.044444444444444446,0.16666666666666666,0.26666666666666666,1.0,1.0,1.0,0.08908045977011493,0.04,0.16666666666666666,0.24,1.0,1.0,1.0,0.08908045977011493,mpnet-dj_adpt,5,webtable-v2v-v=12-distilroberta-dj_adpt~qwen3_8b-dj_adpt
report_card_discipline_for_2015_16_a.pq,1.0,0.09090909090909091,1.0,0.09090909090909091,1.0,1.0,0.09090909090909091,0.2,0.09090909090909091,1.0,0.45454545454545453,1.0,1.0,0.09090909090909091,0.1,0.09090909090909091,1.0,0.9090909090909091,1.0,1.0,0.09090909090909091,0.06666666666666667,0.09090909090909091,0.7333333333333333,1.0,1.0,1.0,0.09090909090909091,0.05,0.09090909090909091,0.55,1.0,1.0,1.0,0.09090909090909091,0.04,0.09090909090909091,0.44,1.0,1.0,1.0,0.09090909090909091,0.03333333333333333,0.09090909090909091,0.36666666666666664,1.0,1.0,1.0,0.09090909090909091,0.02857142857142857,0.09090909090909091,0.3142857142857143,1.0,1.0,1.0,0.09090909090909091,0.025,0.09090909090909091,0.275,1.0,1.0,1.0,0.09090909090909091,0.022222222222222223,0.09090909090909091,0.24444444444444444,1.0,1.0,1.0,0.09090909090909091,0.02,0.09090909090909091,0.22,1.0,1.0,1.0,0.09090909090909091,mpnet-dj_adpt,5,webtable-v2v-v=12-distilroberta-dj_adpt~qwen3_8b-dj_adpt
wholesale_markets_a.pq,1.0,0.09090909090909091,1.0,0.09090909090909091,1.0,1.0,0.09090909090909091,0.2,0.09090909090909091,1.0,0.45454545454545453,1.0,1.0,0.09090909090909091,0.1,0.09090909090909091,1.0,0.9090909090909091,1.0,1.0,0.09090909090909091,0.06666666666666667,0.09090909090909091,0.7333333333333333,1.0,1.0,1.0,0.09090909090909091,0.05,0.09090909090909091,0.55,1.0,1.0,1.0,0.09090909090909091,0.04,0.09090909090909091,0.44,1.0,1.0,1.0,0.09090909090909091,0.03333333333333333,0.09090909090909091,0.36666666666666664,1.0,1.0,1.0,0.09090909090909091,0.02857142857142857,0.09090909090909091,0.3142857142857143,1.0,1.0,1.0,0.09090909090909091,0.025,0.09090909090909091,0.275,1.0,1.0,1.0,0.09090909090909091,0.022222222222222223,0.09090909090909091,0.24444444444444444,1.0,1.0,1.0,0.09090909090909091,0.02,0.09090909090909091,0.22,1.0,1.0,1.0,0.09090909090909091,mpnet-dj_adpt,5,webtable-v2v-v=12-distilroberta-dj_adpt~qwen3_8b-dj_adpt
workforce_management_information_b.pq,1.0,0.05555555555555555,1.0,0.05555555555555555,1.0,1.0,0.05555555555555555,0.2,0.05555555555555555,1.0,0.2777777777777778,1.0,1.0,0.05555555555555555,0.1,0.05555555555555555,1.0,0.5555555555555556,1.0,1.0,0.05555555555555555,0.06666666666666667,0.05555555555555555,1.0,0.8333333333333334,1.0,1.0,0.05555555555555555,0.05,0.05555555555555555,0.9,1.0,1.0,1.0,0.05555555555555555,0.04,0.05555555555555555,0.72,1.0,1.0,1.0,0.05555555555555555,0.03333333333333333,0.05555555555555555,0.6,1.0,1.0,1.0,0.05555555555555555,0.02857142857142857,0.05555555555555555,0.5142857142857142,1.0,1.0,1.0,0.05555555555555555,0.025,0.05555555555555555,0.45,1.0,1.0,1.0,0.05555555555555555,0.022222222222222223,0.05555555555555555,0.4,1.0,1.0,1.0,0.05555555555555555,0.02,0.05555555555555555,0.36,1.0,1.0,1.0,0.05555555555555555,mpnet-dj_adpt,5,webtable-v2v-v=12-distilroberta-dj_adpt~qwen3_8b-dj_adpt
prescribing_a.pq,1.0,0.06666666666666667,1.0,0.06666666666666667,1.0,1.0,0.06666666666666667,0.2,0.06666666666666667,1.0,0.3333333333333333,1.0,1.0,0.06666666666666667,0.1,0.06666666666666667,1.0,0.6666666666666666,1.0,1.0,0.06666666666666667,0.06666666666666667,0.06666666666666667,1.0,1.0,1.0,1.0,0.06666666666666667,0.05,0.06666666666666667,0.75,1.0,1.0,1.0,0.06666666666666667,0.04,0.06666666666666667,0.6,1.0,1.0,1.0,0.06666666666666667,0.03333333333333333,0.06666666666666667,0.5,1.0,1.0,1.0,0.06666666666666667,0.02857142857142857,0.06666666666666667,0.42857142857142855,1.0,1.0,1.0,0.06666666666666667,0.025,0.06666666666666667,0.375,1.0,1.0,1.0,0.06666666666666667,0.022222222222222223,0.06666666666666667,0.3333333333333333,1.0,1.0,1.0,0.06666666666666667,0.02,0.06666666666666667,0.3,1.0,1.0,1.0,0.06666666666666667,mpnet-dj_adpt,5,webtable-v2v-v=12-distilroberta-dj_adpt~qwen3_8b-dj_adpt
ydn_spending_data_b.pq,1.0,0.08333333333333333,1.0,0.08333333333333333,1.0,1.0,0.08333333333333333,0.2,0.08333333333333333,1.0,0.4166666666666667,1.0,1.0,0.08333333333333333,0.1,0.08333333333333333,1.0,0.8333333333333334,1.0,1.0,0.08333333333333333,0.06666666666666667,0.08333333333333333,0.8,1.0,1.0,1.0,0.08333333333333333,0.05,0.08333333333333333,0.6,1.0,1.0,1.0,0.08333333333333333,0.04,0.08333333333333333,0.48,1.0,1.0,1.0,0.08333333333333333,0.06666666666666667,0.16666666666666666,0.4,1.0,1.0,1.0,0.08928571428571429,0.05714285714285714,0.16666666666666666,0.34285714285714286,1.0,1.0,1.0,0.08928571428571429,0.075,0.25,0.3,1.0,1.0,1.0,0.09586466165413533,0.06666666666666667,0.25,0.26666666666666666,1.0,1.0,1.0,0.09586466165413533,0.06,0.25,0.24,1.0,1.0,1.0,0.09586466165413533,mpnet-dj_adpt,5,webtable-v2v-v=12-distilroberta-dj_adpt~qwen3_8b-dj_adpt
311_calls_historic_data_a.pq,1.0,0.09090909090909091,1.0,0.09090909090909091,1.0,1.0,0.09090909090909091,0.2,0.09090909090909091,1.0,0.45454545454545453,1.0,1.0,0.09090909090909091,0.1,0.09090909090909091,1.0,0.9090909090909091,1.0,1.0,0.09090909090909091,0.06666666666666667,0.09090909090909091,0.7333333333333333,1.0,1.0,1.0,0.09090909090909091,0.05,0.09090909090909091,0.55,1.0,1.0,1.0,0.09090909090909091,0.04,0.09090909090909091,0.44,1.0,1.0,1.0,0.09090909090909091,0.03333333333333333,0.09090909090909091,0.36666666666666664,1.0,1.0,1.0,0.09090909090909091,0.02857142857142857,0.09090909090909091,0.3142857142857143,1.0,1.0,1.0,0.09090909090909091,0.025,0.09090909090909091,0.275,1.0,1.0,1.0,0.09090909090909091,0.022222222222222223,0.09090909090909091,0.24444444444444444,1.0,1.0,1.0,0.09090909090909091,0.02,0.09090909090909091,0.22,1.0,1.0,1.0,0.09090909090909091,mpnet-dj_adpt,5,webtable-v2v-v=12-distilroberta-dj_adpt~qwen3_8b-dj_adpt
data_mill_a.pq,1.0,0.07142857142857142,1.0,0.07142857142857142,1.0,1.0,0.07142857142857142,0.4,0.14285714285714285,1.0,0.35714285714285715,1.0,1.0,0.14285714285714285,0.2,0.14285714285714285,1.0,0.7142857142857143,1.0,1.0,0.14285714285714285,0.13333333333333333,0.14285714285714285,0.9333333333333333,1.0,1.0,1.0,0.14285714285714285,0.1,0.14285714285714285,0.7,1.0,1.0,1.0,0.14285714285714285,0.08,0.14285714285714285,0.56,1.0,1.0,1.0,0.14285714285714285,0.06666666666666667,0.14285714285714285,0.4666666666666667,1.0,1.0,1.0,0.14285714285714285,0.05714285714285714,0.14285714285714285,0.4,1.0,1.0,1.0,0.14285714285714285,0.05,0.14285714285714285,0.35,1.0,1.0,1.0,0.14285714285714285,0.044444444444444446,0.14285714285714285,0.3111111111111111,1.0,1.0,1.0,0.14285714285714285,0.04,0.14285714285714285,0.28,1.0,1.0,1.0,0.14285714285714285,mpnet-dj_adpt,5,webtable-v2v-v=12-distilroberta-dj_adpt~qwen3_8b-dj_adpt
contributors_parties_a.pq,1.0,0.047619047619047616,1.0,0.047619047619047616,1.0,1.0,0.047619047619047616,0.2,0.047619047619047616,1.0,0.23809523809523808,1.0,1.0,0.047619047619047616,0.1,0.047619047619047616,1.0,0.47619047619047616,1.0,1.0,0.047619047619047616,0.06666666666666667,0.047619047619047616,1.0,0.7142857142857143,1.0,1.0,0.047619047619047616,0.05,0.047619047619047616,1.0,0.9523809523809523,1.0,1.0,0.047619047619047616,0.04,0.047619047619047616,0.84,1.0,1.0,1.0,0.047619047619047616,0.03333333333333333,0.047619047619047616,0.7,1.0,1.0,1.0,0.047619047619047616,0.02857142857142857,0.047619047619047616,0.6,1.0,1.0,1.0,0.047619047619047616,0.05,0.09523809523809523,0.525,1.0,1.0,1.0,0.05026455026455027,0.044444444444444446,0.09523809523809523,0.4666666666666667,1.0,1.0,1.0,0.05026455026455027,0.08,0.19047619047619047,0.42,1.0,1.0,1.0,0.056989525969117806,mpnet-dj_adpt,5,webtable-v2v-v=12-distilroberta-dj_adpt~qwen3_8b-dj_adpt
lane_description_a.pq,1.0,0.0625,1.0,0.0625,1.0,1.0,0.0625,0.2,0.0625,1.0,0.3125,1.0,1.0,0.0625,0.1,0.0625,1.0,0.625,1.0,1.0,0.0625,0.06666666666666667,0.0625,1.0,0.9375,1.0,1.0,0.0625,0.05,0.0625,0.8,1.0,1.0,1.0,0.0625,0.04,0.0625,0.64,1.0,1.0,1.0,0.0625,0.03333333333333333,0.0625,0.5333333333333333,1.0,1.0,1.0,0.0625,0.02857142857142857,0.0625,0.45714285714285713,1.0,1.0,1.0,0.0625,0.025,0.0625,0.4,1.0,1.0,1.0,0.0625,0.022222222222222223,0.0625,0.35555555555555557,1.0,1.0,1.0,0.0625,0.02,0.0625,0.32,1.0,1.0,1.0,0.0625,mpnet-dj_adpt,5,webtable-v2v-v=12-distilroberta-dj_adpt~qwen3_8b-dj_adpt
mines_a.pq,1.0,0.07142857142857142,1.0,0.07142857142857142,1.0,1.0,0.07142857142857142,0.2,0.07142857142857142,1.0,0.35714285714285715,1.0,1.0,0.07142857142857142,0.1,0.07142857142857142,1.0,0.7142857142857143,1.0,1.0,0.07142857142857142,0.06666666666666667,0.07142857142857142,0.9333333333333333,1.0,1.0,1.0,0.07142857142857142,0.05,0.07142857142857142,0.7,1.0,1.0,1.0,0.07142857142857142,0.04,0.07142857142857142,0.56,1.0,1.0,1.0,0.07142857142857142,0.03333333333333333,0.07142857142857142,0.4666666666666667,1.0,1.0,1.0,0.07142857142857142,0.02857142857142857,0.07142857142857142,0.4,1.0,1.0,1.0,0.07142857142857142,0.025,0.07142857142857142,0.35,1.0,1.0,1.0,0.07142857142857142,0.022222222222222223,0.07142857142857142,0.3111111111111111,1.0,1.0,1.0,0.07142857142857142,0.02,0.07142857142857142,0.28,1.0,1.0,1.0,0.07142857142857142,mpnet-dj_adpt,5,webtable-v2v-v=12-distilroberta-dj_adpt~qwen3_8b-dj_adpt
immigration_records_a.pq,1.0,0.0625,1.0,0.0625,1.0,1.0,0.0625,0.2,0.0625,1.0,0.3125,1.0,1.0,0.0625,0.1,0.0625,1.0,0.625,1.0,1.0,0.0625,0.06666666666666667,0.0625,1.0,0.9375,1.0,1.0,0.0625,0.05,0.0625,0.8,1.0,1.0,1.0,0.0625,0.04,0.0625,0.64,1.0,1.0,1.0,0.0625,0.03333333333333333,0.0625,0.5333333333333333,1.0,1.0,1.0,0.0625,0.02857142857142857,0.0625,0.45714285714285713,1.0,1.0,1.0,0.0625,0.075,0.1875,0.4,1.0,1.0,1.0,0.07047697368421052,0.06666666666666667,0.1875,0.35555555555555557,1.0,1.0,1.0,0.07047697368421052,0.06,0.1875,0.32,1.0,1.0,1.0,0.07047697368421052,mpnet-dj_adpt,5,webtable-v2v-v=12-distilroberta-dj_adpt~qwen3_8b-dj_adpt
monthly_data_feed_a.pq,1.0,0.07692307692307693,1.0,0.07692307692307693,1.0,1.0,0.07692307692307693,0.4,0.15384615384615385,1.0,0.38461538461538464,1.0,1.0,0.15384615384615385,0.3,0.23076923076923078,1.0,0.7692307692307693,1.0,1.0,0.18269230769230768,0.2,0.23076923076923078,0.8666666666666667,1.0,1.0,1.0,0.18269230769230768,0.15,0.23076923076923078,0.65,1.0,1.0,1.0,0.18269230769230768,0.12,0.23076923076923078,0.52,1.0,1.0,1.0,0.18269230769230768,0.1,0.23076923076923078,0.43333333333333335,1.0,1.0,1.0,0.18269230769230768,0.08571428571428572,0.23076923076923078,0.37142857142857144,1.0,1.0,1.0,0.18269230769230768,0.075,0.23076923076923078,0.325,1.0,1.0,1.0,0.18269230769230768,0.06666666666666667,0.23076923076923078,0.28888888888888886,1.0,1.0,1.0,0.18269230769230768,0.06,0.23076923076923078,0.26,1.0,1.0,1.0,0.18269230769230768,mpnet-dj_adpt,5,webtable-v2v-v=12-distilroberta-dj_adpt~qwen3_8b-dj_adpt
stockport_contracts_a.pq,1.0,0.07692307692307693,1.0,0.07692307692307693,1.0,1.0,0.07692307692307693,0.2,0.07692307692307693,1.0,0.38461538461538464,1.0,1.0,0.07692307692307693,0.1,0.07692307692307693,1.0,0.7692307692307693,1.0,1.0,0.07692307692307693,0.06666666666666667,0.07692307692307693,0.8666666666666667,1.0,1.0,1.0,0.07692307692307693,0.05,0.07692307692307693,0.65,1.0,1.0,1.0,0.07692307692307693,0.04,0.07692307692307693,0.52,1.0,1.0,1.0,0.07692307692307693,0.03333333333333333,0.07692307692307693,0.43333333333333335,1.0,1.0,1.0,0.07692307692307693,0.02857142857142857,0.07692307692307693,0.37142857142857144,1.0,1.0,1.0,0.07692307692307693,0.025,0.07692307692307693,0.325,1.0,1.0,1.0,0.07692307692307693,0.022222222222222223,0.07692307692307693,0.28888888888888886,1.0,1.0,1.0,0.07692307692307693,0.02,0.07692307692307693,0.26,1.0,1.0,1.0,0.07692307692307693,mpnet-dj_adpt,5,webtable-v2v-v=12-distilroberta-dj_adpt~qwen3_8b-dj_adpt
ipopayments_a.pq,1.0,0.06666666666666667,1.0,0.06666666666666667,1.0,1.0,0.06666666666666667,0.2,0.06666666666666667,1.0,0.3333333333333333,1.0,1.0,0.06666666666666667,0.1,0.06666666666666667,1.0,0.6666666666666666,1.0,1.0,0.06666666666666667,0.06666666666666667,0.06666666666666667,1.0,1.0,1.0,1.0,0.06666666666666667,0.05,0.06666666666666667,0.75,1.0,1.0,1.0,0.06666666666666667,0.08,0.13333333333333333,0.6,1.0,1.0,1.0,0.07200000000000001,0.06666666666666667,0.13333333333333333,0.5,1.0,1.0,1.0,0.07200000000000001,0.05714285714285714,0.13333333333333333,0.42857142857142855,1.0,1.0,1.0,0.07200000000000001,0.05,0.13333333333333333,0.375,1.0,1.0,1.0,0.07200000000000001,0.06666666666666667,0.2,0.3333333333333333,1.0,1.0,1.0,0.07644444444444445,0.08,0.26666666666666666,0.3,1.0,1.0,1.0,0.08177777777777777,mpnet-dj_adpt,5,webtable-v2v-v=12-distilroberta-dj_adpt~qwen3_8b-dj_adpt
animal_tag_data_b.pq,1.0,0.08333333333333333,1.0,0.08333333333333333,1.0,1.0,0.08333333333333333,0.2,0.08333333333333333,1.0,0.4166666666666667,1.0,1.0,0.08333333333333333,0.1,0.08333333333333333,1.0,0.8333333333333334,1.0,1.0,0.08333333333333333,0.06666666666666667,0.08333333333333333,0.8,1.0,1.0,1.0,0.08333333333333333,0.05,0.08333333333333333,0.6,1.0,1.0,1.0,0.08333333333333333,0.04,0.08333333333333333,0.48,1.0,1.0,1.0,0.08333333333333333,0.03333333333333333,0.08333333333333333,0.4,1.0,1.0,1.0,0.08333333333333333,0.02857142857142857,0.08333333333333333,0.34285714285714286,1.0,1.0,1.0,0.08333333333333333,0.025,0.08333333333333333,0.3,1.0,1.0,1.0,0.08333333333333333,0.022222222222222223,0.08333333333333333,0.26666666666666666,1.0,1.0,1.0,0.08333333333333333,0.02,0.08333333333333333,0.24,1.0,1.0,1.0,0.08333333333333333,mpnet-dj_adpt,5,webtable-v2v-v=12-distilroberta-dj_adpt~qwen3_8b-dj_adpt
minister_meetings_a.pq,1.0,0.1,1.0,0.1,1.0,1.0,0.1,0.2,0.1,1.0,0.5,1.0,1.0,0.1,0.1,0.1,1.0,1.0,1.0,1.0,0.1,0.06666666666666667,0.1,0.6666666666666666,1.0,1.0,1.0,0.1,0.05,0.1,0.5,1.0,1.0,1.0,0.1,0.04,0.1,0.4,1.0,1.0,1.0,0.1,0.03333333333333333,0.1,0.3333333333333333,1.0,1.0,1.0,0.1,0.02857142857142857,0.1,0.2857142857142857,1.0,1.0,1.0,0.1,0.025,0.1,0.25,1.0,1.0,1.0,0.1,0.044444444444444446,0.2,0.2222222222222222,1.0,1.0,1.0,0.10487804878048781,0.04,0.2,0.2,1.0,1.0,1.0,0.10487804878048781,mpnet-dj_adpt,5,webtable-v2v-v=12-distilroberta-dj_adpt~qwen3_8b-dj_adpt
psyckes_antipsychotic_polypharmacy_quality_indicators_beginning_2012_a.pq,1.0,0.09090909090909091,1.0,0.09090909090909091,1.0,1.0,0.09090909090909091,0.2,0.09090909090909091,1.0,0.45454545454545453,1.0,1.0,0.09090909090909091,0.1,0.09090909090909091,1.0,0.9090909090909091,1.0,1.0,0.09090909090909091,0.06666666666666667,0.09090909090909091,0.7333333333333333,1.0,1.0,1.0,0.09090909090909091,0.05,0.09090909090909091,0.55,1.0,1.0,1.0,0.09090909090909091,0.04,0.09090909090909091,0.44,1.0,1.0,1.0,0.09090909090909091,0.03333333333333333,0.09090909090909091,0.36666666666666664,1.0,1.0,1.0,0.09090909090909091,0.02857142857142857,0.09090909090909091,0.3142857142857143,1.0,1.0,1.0,0.09090909090909091,0.025,0.09090909090909091,0.275,1.0,1.0,1.0,0.09090909090909091,0.022222222222222223,0.09090909090909091,0.24444444444444444,1.0,1.0,1.0,0.09090909090909091,0.02,0.09090909090909091,0.22,1.0,1.0,1.0,0.09090909090909091,mpnet-dj_adpt,5,webtable-v2v-v=12-distilroberta-dj_adpt~qwen3_8b-dj_adpt
prescribing_b.pq,1.0,0.06666666666666667,1.0,0.06666666666666667,1.0,1.0,0.06666666666666667,0.2,0.06666666666666667,1.0,0.3333333333333333,1.0,1.0,0.06666666666666667,0.1,0.06666666666666667,1.0,0.6666666666666666,1.0,1.0,0.06666666666666667,0.06666666666666667,0.06666666666666667,1.0,1.0,1.0,1.0,0.06666666666666667,0.05,0.06666666666666667,0.75,1.0,1.0,1.0,0.06666666666666667,0.04,0.06666666666666667,0.6,1.0,1.0,1.0,0.06666666666666667,0.03333333333333333,0.06666666666666667,0.5,1.0,1.0,1.0,0.06666666666666667,0.02857142857142857,0.06666666666666667,0.42857142857142855,1.0,1.0,1.0,0.06666666666666667,0.025,0.06666666666666667,0.375,1.0,1.0,1.0,0.06666666666666667,0.022222222222222223,0.06666666666666667,0.3333333333333333,1.0,1.0,1.0,0.06666666666666667,0.02,0.06666666666666667,0.3,1.0,1.0,1.0,0.06666666666666667,mpnet-dj_adpt,5,webtable-v2v-v=12-distilroberta-dj_adpt~qwen3_8b-dj_adpt
data_mill_b.pq,1.0,0.07142857142857142,1.0,0.07142857142857142,1.0,1.0,0.07142857142857142,0.2,0.07142857142857142,1.0,0.35714285714285715,1.0,1.0,0.07142857142857142,0.1,0.07142857142857142,1.0,0.7142857142857143,1.0,1.0,0.07142857142857142,0.06666666666666667,0.07142857142857142,0.9333333333333333,1.0,1.0,1.0,0.07142857142857142,0.05,0.07142857142857142,0.7,1.0,1.0,1.0,0.07142857142857142,0.04,0.07142857142857142,0.56,1.0,1.0,1.0,0.07142857142857142,0.03333333333333333,0.07142857142857142,0.4666666666666667,1.0,1.0,1.0,0.07142857142857142,0.02857142857142857,0.07142857142857142,0.4,1.0,1.0,1.0,0.07142857142857142,0.025,0.07142857142857142,0.35,1.0,1.0,1.0,0.07142857142857142,0.022222222222222223,0.07142857142857142,0.3111111111111111,1.0,1.0,1.0,0.07142857142857142,0.02,0.07142857142857142,0.28,1.0,1.0,1.0,0.07142857142857142,mpnet-dj_adpt,5,webtable-v2v-v=12-distilroberta-dj_adpt~qwen3_8b-dj_adpt
monthly_data_feed_b.pq,1.0,0.07692307692307693,1.0,0.07692307692307693,1.0,1.0,0.07692307692307693,0.2,0.07692307692307693,1.0,0.38461538461538464,1.0,1.0,0.07692307692307693,0.1,0.07692307692307693,1.0,0.7692307692307693,1.0,1.0,0.07692307692307693,0.06666666666666667,0.07692307692307693,0.8666666666666667,1.0,1.0,1.0,0.07692307692307693,0.05,0.07692307692307693,0.65,1.0,1.0,1.0,0.07692307692307693,0.04,0.07692307692307693,0.52,1.0,1.0,1.0,0.07692307692307693,0.03333333333333333,0.07692307692307693,0.43333333333333335,1.0,1.0,1.0,0.07692307692307693,0.02857142857142857,0.07692307692307693,0.37142857142857144,1.0,1.0,1.0,0.07692307692307693,0.025,0.07692307692307693,0.325,1.0,1.0,1.0,0.07692307692307693,0.044444444444444446,0.15384615384615385,0.28888888888888886,1.0,1.0,1.0,0.08041958041958042,0.04,0.15384615384615385,0.26,1.0,1.0,1.0,0.08041958041958042,mpnet-dj_adpt,5,webtable-v2v-v=12-distilroberta-dj_adpt~qwen3_8b-dj_adpt
tuition_assistance_program_tap_recipients_a.pq,1.0,0.09090909090909091,1.0,0.09090909090909091,1.0,1.0,0.09090909090909091,0.2,0.09090909090909091,1.0,0.45454545454545453,1.0,1.0,0.09090909090909091,0.1,0.09090909090909091,1.0,0.9090909090909091,1.0,1.0,0.09090909090909091,0.06666666666666667,0.09090909090909091,0.7333333333333333,1.0,1.0,1.0,0.09090909090909091,0.05,0.09090909090909091,0.55,1.0,1.0,1.0,0.09090909090909091,0.04,0.09090909090909091,0.44,1.0,1.0,1.0,0.09090909090909091,0.03333333333333333,0.09090909090909091,0.36666666666666664,1.0,1.0,1.0,0.09090909090909091,0.02857142857142857,0.09090909090909091,0.3142857142857143,1.0,1.0,1.0,0.09090909090909091,0.025,0.09090909090909091,0.275,1.0,1.0,1.0,0.09090909090909091,0.022222222222222223,0.09090909090909091,0.24444444444444444,1.0,1.0,1.0,0.09090909090909091,0.02,0.09090909090909091,0.22,1.0,1.0,1.0,0.09090909090909091,mpnet-dj_adpt,5,webtable-v2v-v=12-distilroberta-dj_adpt~qwen3_8b-dj_adpt
cihr_co-applicant_a.pq,1.0,0.08333333333333333,1.0,0.08333333333333333,1.0,1.0,0.08333333333333333,1.0,0.4166666666666667,1.0,0.4166666666666667,1.0,1.0,0.4166666666666667,0.8,0.6666666666666666,1.0,0.8333333333333334,1.0,1.0,0.6574074074074074,0.8,1.0,0.8,1.0,1.0,1.0,0.9322131572131572,0.6,1.0,0.6,1.0,1.0,1.0,0.9322131572131572,0.48,1.0,0.48,1.0,1.0,1.0,0.9322131572131572,0.4,1.0,0.4,1.0,1.0,1.0,0.9322131572131572,0.34285714285714286,1.0,0.34285714285714286,1.0,1.0,1.0,0.9322131572131572,0.3,1.0,0.3,1.0,1.0,1.0,0.9322131572131572,0.26666666666666666,1.0,0.26666666666666666,1.0,1.0,1.0,0.9322131572131572,0.24,1.0,0.24,1.0,1.0,1.0,0.9322131572131572,kalm_instruct_v2_5-dj_adpt,6,webtable-v2v-v=12-distilroberta-dj_adpt~qwen3_8b-dj_adpt
senior_officials_expenses_a.pq,1.0,0.09090909090909091,1.0,0.09090909090909091,1.0,1.0,0.09090909090909091,1.0,0.45454545454545453,1.0,0.45454545454545453,1.0,1.0,0.45454545454545453,0.7,0.6363636363636364,1.0,0.9090909090909091,1.0,1.0,0.5863636363636364,0.4666666666666667,0.6363636363636364,0.7333333333333333,1.0,1.0,1.0,0.5863636363636364,0.35,0.6363636363636364,0.55,1.0,1.0,1.0,0.5863636363636364,0.28,0.6363636363636364,0.44,1.0,1.0,1.0,0.5863636363636364,0.23333333333333334,0.6363636363636364,0.36666666666666664,1.0,1.0,1.0,0.5863636363636364,0.22857142857142856,0.7272727272727273,0.3142857142857143,1.0,1.0,1.0,0.6077540106951872,0.2,0.7272727272727273,0.275,1.0,1.0,1.0,0.6077540106951872,0.17777777777777778,0.7272727272727273,0.24444444444444444,1.0,1.0,1.0,0.6077540106951872,0.16,0.7272727272727273,0.22,1.0,1.0,1.0,0.6077540106951872,kalm_instruct_v2_5-dj_adpt,6,webtable-v2v-v=12-distilroberta-dj_adpt~qwen3_8b-dj_adpt
wholesale_markets_a.pq,0.0,0.0,1.0,0.09090909090909091,0.0,0.0,0.0,0.2,0.09090909090909091,1.0,0.45454545454545453,1.0,0.5,0.045454545454545456,0.2,0.18181818181818182,1.0,0.9090909090909091,1.0,0.5,0.06363636363636363,0.4666666666666667,0.6363636363636364,0.7333333333333333,1.0,1.0,0.5,0.23508309871946234,0.55,1.0,0.55,1.0,1.0,0.5,0.43180261587241603,0.44,1.0,0.44,1.0,1.0,0.5,0.43180261587241603,0.36666666666666664,1.0,0.36666666666666664,1.0,1.0,0.5,0.43180261587241603,0.3142857142857143,1.0,0.3142857142857143,1.0,1.0,0.5,0.43180261587241603,0.275,1.0,0.275,1.0,1.0,0.5,0.43180261587241603,0.24444444444444444,1.0,0.24444444444444444,1.0,1.0,0.5,0.43180261587241603,0.22,1.0,0.22,1.0,1.0,0.5,0.43180261587241603,kalm_instruct_v2_5-dj_adpt,6,webtable-v2v-v=12-distilroberta-dj_adpt~qwen3_8b-dj_adpt
workforce_management_information_b.pq,1.0,0.05555555555555555,1.0,0.05555555555555555,1.0,1.0,0.05555555555555555,1.0,0.2777777777777778,1.0,0.2777777777777778,1.0,1.0,0.2777777777777778,1.0,0.5555555555555556,1.0,0.5555555555555556,1.0,1.0,0.5555555555555556,0.8666666666666667,0.7222222222222222,1.0,0.8333333333333334,1.0,1.0,0.7222222222222222,0.65,0.7222222222222222,0.9,1.0,1.0,1.0,0.7222222222222222,0.52,0.7222222222222222,0.72,1.0,1.0,1.0,0.7222222222222222,0.43333333333333335,0.7222222222222222,0.6,1.0,1.0,1.0,0.7222222222222222,0.37142857142857144,0.7222222222222222,0.5142857142857142,1.0,1.0,1.0,0.7222222222222222,0.325,0.7222222222222222,0.45,1.0,1.0,1.0,0.7222222222222222,0.28888888888888886,0.7222222222222222,0.4,1.0,1.0,1.0,0.7222222222222222,0.26,0.7222222222222222,0.36,1.0,1.0,1.0,0.7222222222222222,kalm_instruct_v2_5-dj_adpt,6,webtable-v2v-v=12-distilroberta-dj_adpt~qwen3_8b-dj_adpt
civic_building_locations_a.pq,0.0,0.0,1.0,0.08333333333333333,0.0,0.0,0.0,0.2,0.08333333333333333,1.0,0.4166666666666667,1.0,0.5,0.041666666666666664,0.1,0.08333333333333333,1.0,0.8333333333333334,1.0,0.5,0.041666666666666664,0.06666666666666667,0.08333333333333333,0.8,1.0,1.0,0.5,0.041666666666666664,0.05,0.08333333333333333,0.6,1.0,1.0,0.5,0.041666666666666664,0.04,0.08333333333333333,0.48,1.0,1.0,0.5,0.041666666666666664,0.03333333333333333,0.08333333333333333,0.4,1.0,1.0,0.5,0.041666666666666664,0.05714285714285714,0.16666666666666666,0.34285714285714286,1.0,1.0,0.5,0.04642857142857143,0.05,0.16666666666666666,0.3,1.0,1.0,0.5,0.04642857142857143,0.044444444444444446,0.16666666666666666,0.26666666666666666,1.0,1.0,0.5,0.04642857142857143,0.04,0.16666666666666666,0.24,1.0,1.0,0.5,0.04642857142857143,kalm_instruct_v2_5-dj_adpt,6,webtable-v2v-v=12-distilroberta-dj_adpt~qwen3_8b-dj_adpt
ydn_spending_data_b.pq,0.0,0.0,1.0,0.08333333333333333,0.0,0.0,0.0,0.0,0.0,1.0,0.4166666666666667,0.0,0.0,0.0,0.0,0.0,1.0,0.8333333333333334,0.0,0.0,0.0,0.0,0.0,0.8,1.0,0.0,0.0,0.0,0.0,0.0,0.6,1.0,0.0,0.0,0.0,0.0,0.0,0.48,1.0,0.0,0.0,0.0,0.0,0.0,0.4,1.0,0.0,0.0,0.0,0.0,0.0,0.34285714285714286,1.0,0.0,0.0,0.0,0.0,0.0,0.3,1.0,0.0,0.0,0.0,0.0,0.0,0.26666666666666666,1.0,0.0,0.0,0.0,0.02,0.08333333333333333,0.24,1.0,1.0,0.020833333333333332,0.001736111111111111,kalm_instruct_v2_5-dj_adpt,6,webtable-v2v-v=12-distilroberta-dj_adpt~qwen3_8b-dj_adpt
mines_b.pq,0.0,0.0,1.0,0.07142857142857142,0.0,0.0,0.0,0.2,0.07142857142857142,1.0,0.35714285714285715,1.0,0.5,0.03571428571428571,0.2,0.14285714285714285,1.0,0.7142857142857143,1.0,0.5,0.051587301587301584,0.13333333333333333,0.14285714285714285,0.9333333333333333,1.0,1.0,0.5,0.051587301587301584,0.1,0.14285714285714285,0.7,1.0,1.0,0.5,0.051587301587301584,0.12,0.21428571428571427,0.56,1.0,1.0,0.5,0.06132756132756133,0.1,0.21428571428571427,0.4666666666666667,1.0,1.0,0.5,0.06132756132756133,0.08571428571428572,0.21428571428571427,0.4,1.0,1.0,0.5,0.06132756132756133,0.075,0.21428571428571427,0.35,1.0,1.0,0.5,0.06132756132756133,0.06666666666666667,0.21428571428571427,0.3111111111111111,1.0,1.0,0.5,0.06132756132756133,0.06,0.21428571428571427,0.28,1.0,1.0,0.5,0.06132756132756133,kalm_instruct_v2_5-dj_adpt,6,webtable-v2v-v=12-distilroberta-dj_adpt~qwen3_8b-dj_adpt
ipopayments_b.pq,1.0,0.06666666666666667,1.0,0.06666666666666667,1.0,1.0,0.06666666666666667,0.2,0.06666666666666667,1.0,0.3333333333333333,1.0,1.0,0.06666666666666667,0.1,0.06666666666666667,1.0,0.6666666666666666,1.0,1.0,0.06666666666666667,0.06666666666666667,0.06666666666666667,1.0,1.0,1.0,1.0,0.06666666666666667,0.05,0.06666666666666667,0.75,1.0,1.0,1.0,0.06666666666666667,0.08,0.13333333333333333,0.6,1.0,1.0,1.0,0.07272727272727272,0.06666666666666667,0.13333333333333333,0.5,1.0,1.0,1.0,0.07272727272727272,0.05714285714285714,0.13333333333333333,0.42857142857142855,1.0,1.0,1.0,0.07272727272727272,0.05,0.13333333333333333,0.375,1.0,1.0,1.0,0.07272727272727272,0.044444444444444446,0.13333333333333333,0.3333333333333333,1.0,1.0,1.0,0.07272727272727272,0.06,0.2,0.3,1.0,1.0,1.0,0.07689393939393939,kalm_instruct_v2_5-dj_adpt,6,webtable-v2v-v=12-distilroberta-dj_adpt~qwen3_8b-dj_adpt
job_pay_scales_a.pq,0.0,0.0,1.0,0.06666666666666667,0.0,0.0,0.0,0.0,0.0,1.0,0.3333333333333333,0.0,0.0,0.0,0.0,0.0,1.0,0.6666666666666666,0.0,0.0,0.0,0.0,0.0,1.0,1.0,0.0,0.0,0.0,0.0,0.0,0.75,1.0,0.0,0.0,0.0,0.0,0.0,0.6,1.0,0.0,0.0,0.0,0.0,0.0,0.5,1.0,0.0,0.0,0.0,0.0,0.0,0.42857142857142855,1.0,0.0,0.0,0.0,0.0,0.0,0.375,1.0,0.0,0.0,0.0,0.044444444444444446,0.13333333333333333,0.3333333333333333,1.0,1.0,0.024390243902439025,0.004800619434765775,0.04,0.13333333333333333,0.3,1.0,1.0,0.024390243902439025,0.004800619434765775,kalm_instruct_v2_5-dj_adpt,6,webtable-v2v-v=12-distilroberta-dj_adpt~qwen3_8b-dj_adpt
cihr_co-applicant_b.pq,1.0,0.08333333333333333,1.0,0.08333333333333333,1.0,1.0,0.08333333333333333,1.0,0.4166666666666667,1.0,0.4166666666666667,1.0,1.0,0.4166666666666667,1.0,0.8333333333333334,1.0,0.8333333333333334,1.0,1.0,0.8333333333333334,0.7333333333333333,0.9166666666666666,0.8,1.0,1.0,1.0,0.9166666666666666,0.55,0.9166666666666666,0.6,1.0,1.0,1.0,0.9166666666666666,0.48,1.0,0.48,1.0,1.0,1.0,0.9642857142857143,0.4,1.0,0.4,1.0,1.0,1.0,0.9642857142857143,0.34285714285714286,1.0,0.34285714285714286,1.0,1.0,1.0,0.9642857142857143,0.3,1.0,0.3,1.0,1.0,1.0,0.9642857142857143,0.26666666666666666,1.0,0.26666666666666666,1.0,1.0,1.0,0.9642857142857143,0.24,1.0,0.24,1.0,1.0,1.0,0.9642857142857143,kalm_instruct_v2_5-dj_adpt,6,webtable-v2v-v=12-distilroberta-dj_adpt~qwen3_8b-dj_adpt
animal_tag_data_b.pq,0.0,0.0,1.0,0.08333333333333333,0.0,0.0,0.0,0.2,0.08333333333333333,1.0,0.4166666666666667,1.0,0.5,0.041666666666666664,0.1,0.08333333333333333,1.0,0.8333333333333334,1.0,0.5,0.041666666666666664,0.06666666666666667,0.08333333333333333,0.8,1.0,1.0,0.5,0.041666666666666664,0.05,0.08333333333333333,0.6,1.0,1.0,0.5,0.041666666666666664,0.04,0.08333333333333333,0.48,1.0,1.0,0.5,0.041666666666666664,0.03333333333333333,0.08333333333333333,0.4,1.0,1.0,0.5,0.041666666666666664,0.05714285714285714,0.16666666666666666,0.34285714285714286,1.0,1.0,0.5,0.047043010752688165,0.05,0.16666666666666666,0.3,1.0,1.0,0.5,0.047043010752688165,0.044444444444444446,0.16666666666666666,0.26666666666666666,1.0,1.0,0.5,0.047043010752688165,0.04,0.16666666666666666,0.24,1.0,1.0,0.5,0.047043010752688165,kalm_instruct_v2_5-dj_adpt,6,webtable-v2v-v=12-distilroberta-dj_adpt~qwen3_8b-dj_adpt
biodiversity_a.pq,1.0,0.09090909090909091,1.0,0.09090909090909091,1.0,1.0,0.09090909090909091,0.2,0.09090909090909091,1.0,0.45454545454545453,1.0,1.0,0.09090909090909091,0.1,0.09090909090909091,1.0,0.9090909090909091,1.0,1.0,0.09090909090909091,0.06666666666666667,0.09090909090909091,0.7333333333333333,1.0,1.0,1.0,0.09090909090909091,0.1,0.18181818181818182,0.55,1.0,1.0,1.0,0.10047846889952151,0.12,0.2727272727272727,0.44,1.0,1.0,1.0,0.11346548188653452,0.1,0.2727272727272727,0.36666666666666664,1.0,1.0,1.0,0.11346548188653452,0.08571428571428572,0.2727272727272727,0.3142857142857143,1.0,1.0,1.0,0.11346548188653452,0.075,0.2727272727272727,0.275,1.0,1.0,1.0,0.11346548188653452,0.06666666666666667,0.2727272727272727,0.24444444444444444,1.0,1.0,1.0,0.11346548188653452,0.06,0.2727272727272727,0.22,1.0,1.0,1.0,0.11346548188653452,kalm_instruct_v2_5-dj_adpt,6,webtable-v2v-v=12-distilroberta-dj_adpt~qwen3_8b-dj_adpt
complaint_by_practice_a.pq,1.0,0.07692307692307693,1.0,0.07692307692307693,1.0,1.0,0.07692307692307693,0.2,0.07692307692307693,1.0,0.38461538461538464,1.0,1.0,0.07692307692307693,0.1,0.07692307692307693,1.0,0.7692307692307693,1.0,1.0,0.07692307692307693,0.06666666666666667,0.07692307692307693,0.8666666666666667,1.0,1.0,1.0,0.07692307692307693,0.05,0.07692307692307693,0.65,1.0,1.0,1.0,0.07692307692307693,0.04,0.07692307692307693,0.52,1.0,1.0,1.0,0.07692307692307693,0.03333333333333333,0.07692307692307693,0.43333333333333335,1.0,1.0,1.0,0.07692307692307693,0.02857142857142857,0.07692307692307693,0.37142857142857144,1.0,1.0,1.0,0.07692307692307693,0.025,0.07692307692307693,0.325,1.0,1.0,1.0,0.07692307692307693,0.022222222222222223,0.07692307692307693,0.28888888888888886,1.0,1.0,1.0,0.07692307692307693,0.02,0.07692307692307693,0.26,1.0,1.0,1.0,0.07692307692307693,kalm_instruct_v2_5-dj_adpt,6,webtable-v2v-v=12-distilroberta-dj_adpt~qwen3_8b-dj_adpt
deaths_2012_2018_a.pq,1.0,0.09090909090909091,1.0,0.09090909090909091,1.0,1.0,0.09090909090909091,1.0,0.45454545454545453,1.0,0.45454545454545453,1.0,1.0,0.45454545454545453,0.6,0.5454545454545454,1.0,0.9090909090909091,1.0,1.0,0.5324675324675324,0.4,0.5454545454545454,0.7333333333333333,1.0,1.0,1.0,0.5324675324675324,0.3,0.5454545454545454,0.55,1.0,1.0,1.0,0.5324675324675324,0.24,0.5454545454545454,0.44,1.0,1.0,1.0,0.5324675324675324,0.2,0.5454545454545454,0.36666666666666664,1.0,1.0,1.0,0.5324675324675324,0.17142857142857143,0.5454545454545454,0.3142857142857143,1.0,1.0,1.0,0.5324675324675324,0.15,0.5454545454545454,0.275,1.0,1.0,1.0,0.5324675324675324,0.13333333333333333,0.5454545454545454,0.24444444444444444,1.0,1.0,1.0,0.5324675324675324,0.12,0.5454545454545454,0.22,1.0,1.0,1.0,0.5324675324675324,kalm_instruct_v2_5-dj_adpt,6,webtable-v2v-v=12-distilroberta-dj_adpt~qwen3_8b-dj_adpt
prescribing_a.pq,0.0,0.0,1.0,0.06666666666666667,0.0,0.0,0.0,0.0,0.0,1.0,0.3333333333333333,0.0,0.0,0.0,0.0,0.0,1.0,0.6666666666666666,0.0,0.0,0.0,0.0,0.0,1.0,1.0,0.0,0.0,0.0,0.0,0.0,0.75,1.0,0.0,0.0,0.0,0.0,0.0,0.6,1.0,0.0,0.0,0.0,0.0,0.0,0.5,1.0,0.0,0.0,0.0,0.0,0.0,0.42857142857142855,1.0,0.0,0.0,0.0,0.0,0.0,0.375,1.0,0.0,0.0,0.0,0.0,0.0,0.3333333333333333,1.0,0.0,0.0,0.0,0.0,0.0,0.3,1.0,0.0,0.0,0.0,kalm_instruct_v2_5-dj_adpt,6,webtable-v2v-v=12-distilroberta-dj_adpt~qwen3_8b-dj_adpt
abandoned_wells_a.pq,1.0,0.09090909090909091,1.0,0.09090909090909091,1.0,1.0,0.09090909090909091,1.0,0.45454545454545453,1.0,0.45454545454545453,1.0,1.0,0.45454545454545453,0.6,0.5454545454545454,1.0,0.9090909090909091,1.0,1.0,0.5454545454545454,0.4,0.5454545454545454,0.7333333333333333,1.0,1.0,1.0,0.5454545454545454,0.3,0.5454545454545454,0.55,1.0,1.0,1.0,0.5454545454545454,0.24,0.5454545454545454,0.44,1.0,1.0,1.0,0.5454545454545454,0.23333333333333334,0.6363636363636364,0.36666666666666664,1.0,1.0,1.0,0.5666666666666667,0.2,0.6363636363636364,0.3142857142857143,1.0,1.0,1.0,0.5666666666666667,0.175,0.6363636363636364,0.275,1.0,1.0,1.0,0.5666666666666667,0.15555555555555556,0.6363636363636364,0.24444444444444444,1.0,1.0,1.0,0.5666666666666667,0.14,0.6363636363636364,0.22,1.0,1.0,1.0,0.5666666666666667,kalm_instruct_v2_5-dj_adpt,6,webtable-v2v-v=12-distilroberta-dj_adpt~qwen3_8b-dj_adpt
mines_a.pq,1.0,0.07142857142857142,1.0,0.07142857142857142,1.0,1.0,0.07142857142857142,0.6,0.21428571428571427,1.0,0.35714285714285715,1.0,1.0,0.17261904761904762,0.6,0.42857142857142855,1.0,0.7142857142857143,1.0,1.0,0.31887755102040816,0.4666666666666667,0.5,0.9333333333333333,1.0,1.0,1.0,0.35221088435374154,0.45,0.6428571428571429,0.7,1.0,1.0,1.0,0.41609977324263037,0.36,0.6428571428571429,0.56,1.0,1.0,1.0,0.41609977324263037,0.3,0.6428571428571429,0.4666666666666667,1.0,1.0,1.0,0.41609977324263037,0.2571428571428571,0.6428571428571429,0.4,1.0,1.0,1.0,0.41609977324263037,0.225,0.6428571428571429,0.35,1.0,1.0,1.0,0.41609977324263037,0.2222222222222222,0.7142857142857143,0.3111111111111111,1.0,1.0,1.0,0.4331065759637188,0.22,0.7857142857142857,0.28,1.0,1.0,1.0,0.44982390119168236,kalm_instruct_v2_5-dj_adpt,6,webtable-v2v-v=12-distilroberta-dj_adpt~qwen3_8b-dj_adpt
prescribing_b.pq,0.0,0.0,1.0,0.06666666666666667,0.0,0.0,0.0,0.0,0.0,1.0,0.3333333333333333,0.0,0.0,0.0,0.1,0.06666666666666667,1.0,0.6666666666666666,1.0,0.14285714285714285,0.009523809523809523,0.06666666666666667,0.06666666666666667,1.0,1.0,1.0,0.14285714285714285,0.009523809523809523,0.05,0.06666666666666667,0.75,1.0,1.0,0.14285714285714285,0.009523809523809523,0.04,0.06666666666666667,0.6,1.0,1.0,0.14285714285714285,0.009523809523809523,0.03333333333333333,0.06666666666666667,0.5,1.0,1.0,0.14285714285714285,0.009523809523809523,0.02857142857142857,0.06666666666666667,0.42857142857142855,1.0,1.0,0.14285714285714285,0.009523809523809523,0.025,0.06666666666666667,0.375,1.0,1.0,0.14285714285714285,0.009523809523809523,0.022222222222222223,0.06666666666666667,0.3333333333333333,1.0,1.0,0.14285714285714285,0.009523809523809523,0.04,0.13333333333333333,0.3,1.0,1.0,0.14285714285714285,0.01219047619047619,kalm_instruct_v2_5-dj_adpt,6,webtable-v2v-v=12-distilroberta-dj_adpt~qwen3_8b-dj_adpt
purchasing_card_a.pq,1.0,0.07692307692307693,1.0,0.07692307692307693,1.0,1.0,0.07692307692307693,0.6,0.23076923076923078,1.0,0.38461538461538464,1.0,1.0,0.23076923076923078,0.3,0.23076923076923078,1.0,0.7692307692307693,1.0,1.0,0.23076923076923078,0.26666666666666666,0.3076923076923077,0.8666666666666667,1.0,1.0,1.0,0.25274725274725274,0.2,0.3076923076923077,0.65,1.0,1.0,1.0,0.25274725274725274,0.16,0.3076923076923077,0.52,1.0,1.0,1.0,0.25274725274725274,0.13333333333333333,0.3076923076923077,0.43333333333333335,1.0,1.0,1.0,0.25274725274725274,0.11428571428571428,0.3076923076923077,0.37142857142857144,1.0,1.0,1.0,0.25274725274725274,0.125,0.38461538461538464,0.325,1.0,1.0,1.0,0.2628687102371313,0.15555555555555556,0.5384615384615384,0.28888888888888886,1.0,1.0,1.0,0.28636350812217304,0.14,0.5384615384615384,0.26,1.0,1.0,1.0,0.28636350812217304,kalm_instruct_v2_5-dj_adpt,6,webtable-v2v-v=12-distilroberta-dj_adpt~qwen3_8b-dj_adpt
stockport_contracts_a.pq,1.0,0.07692307692307693,1.0,0.07692307692307693,1.0,1.0,0.07692307692307693,0.4,0.15384615384615385,1.0,0.38461538461538464,1.0,1.0,0.15384615384615385,0.2,0.15384615384615385,1.0,0.7692307692307693,1.0,1.0,0.15384615384615385,0.2,0.23076923076923078,0.8666666666666667,1.0,1.0,1.0,0.17307692307692307,0.15,0.23076923076923078,0.65,1.0,1.0,1.0,0.17307692307692307,0.12,0.23076923076923078,0.52,1.0,1.0,1.0,0.17307692307692307,0.1,0.23076923076923078,0.43333333333333335,1.0,1.0,1.0,0.17307692307692307,0.08571428571428572,0.23076923076923078,0.37142857142857144,1.0,1.0,1.0,0.17307692307692307,0.075,0.23076923076923078,0.325,1.0,1.0,1.0,0.17307692307692307,0.06666666666666667,0.23076923076923078,0.28888888888888886,1.0,1.0,1.0,0.17307692307692307,0.06,0.23076923076923078,0.26,1.0,1.0,1.0,0.17307692307692307,kalm_instruct_v2_5-dj_adpt,6,webtable-v2v-v=12-distilroberta-dj_adpt~qwen3_8b-dj_adpt
time_spent_watching_vcr_movies_a.pq,1.0,0.09090909090909091,1.0,0.09090909090909091,1.0,1.0,0.09090909090909091,0.6,0.2727272727272727,1.0,0.45454545454545453,1.0,1.0,0.2727272727272727,0.3,0.2727272727272727,1.0,0.9090909090909091,1.0,1.0,0.2727272727272727,0.2,0.2727272727272727,0.7333333333333333,1.0,1.0,1.0,0.2727272727272727,0.15,0.2727272727272727,0.55,1.0,1.0,1.0,0.2727272727272727,0.12,0.2727272727272727,0.44,1.0,1.0,1.0,0.2727272727272727,0.1,0.2727272727272727,0.36666666666666664,1.0,1.0,1.0,0.2727272727272727,0.08571428571428572,0.2727272727272727,0.3142857142857143,1.0,1.0,1.0,0.2727272727272727,0.1,0.36363636363636365,0.275,1.0,1.0,1.0,0.2818181818181818,0.08888888888888889,0.36363636363636365,0.24444444444444444,1.0,1.0,1.0,0.2818181818181818,0.1,0.45454545454545453,0.22,1.0,1.0,1.0,0.29128787878787876,kalm_instruct_v2_5-dj_adpt,6,webtable-v2v-v=12-distilroberta-dj_adpt~qwen3_8b-dj_adpt
ydn_spending_data_a.pq,1.0,0.08333333333333333,1.0,0.08333333333333333,1.0,1.0,0.08333333333333333,0.2,0.08333333333333333,1.0,0.4166666666666667,1.0,1.0,0.08333333333333333,0.1,0.08333333333333333,1.0,0.8333333333333334,1.0,1.0,0.08333333333333333,0.06666666666666667,0.08333333333333333,0.8,1.0,1.0,1.0,0.08333333333333333,0.05,0.08333333333333333,0.6,1.0,1.0,1.0,0.08333333333333333,0.04,0.08333333333333333,0.48,1.0,1.0,1.0,0.08333333333333333,0.03333333333333333,0.08333333333333333,0.4,1.0,1.0,1.0,0.08333333333333333,0.05714285714285714,0.16666666666666666,0.34285714285714286,1.0,1.0,1.0,0.08854166666666667,0.05,0.16666666666666666,0.3,1.0,1.0,1.0,0.08854166666666667,0.044444444444444446,0.16666666666666666,0.26666666666666666,1.0,1.0,1.0,0.08854166666666667,0.04,0.16666666666666666,0.24,1.0,1.0,1.0,0.08854166666666667,kalm_instruct_v2_5-dj_adpt,6,webtable-v2v-v=12-distilroberta-dj_adpt~qwen3_8b-dj_adpt
data_mill_b.pq,1.0,0.07142857142857142,1.0,0.07142857142857142,1.0,1.0,0.07142857142857142,0.2,0.07142857142857142,1.0,0.35714285714285715,1.0,1.0,0.07142857142857142,0.1,0.07142857142857142,1.0,0.7142857142857143,1.0,1.0,0.07142857142857142,0.06666666666666667,0.07142857142857142,0.9333333333333333,1.0,1.0,1.0,0.07142857142857142,0.05,0.07142857142857142,0.7,1.0,1.0,1.0,0.07142857142857142,0.08,0.14285714285714285,0.56,1.0,1.0,1.0,0.07714285714285715,0.06666666666666667,0.14285714285714285,0.4666666666666667,1.0,1.0,1.0,0.07714285714285715,0.05714285714285714,0.14285714285714285,0.4,1.0,1.0,1.0,0.07714285714285715,0.05,0.14285714285714285,0.35,1.0,1.0,1.0,0.07714285714285715,0.044444444444444446,0.14285714285714285,0.3111111111111111,1.0,1.0,1.0,0.07714285714285715,0.04,0.14285714285714285,0.28,1.0,1.0,1.0,0.07714285714285715,kalm_instruct_v2_5-dj_adpt,6,webtable-v2v-v=12-distilroberta-dj_adpt~qwen3_8b-dj_adpt
lane_description_b.pq,0.0,0.0,1.0,0.0625,0.0,0.0,0.0,0.2,0.0625,1.0,0.3125,1.0,0.2,0.0125,0.1,0.0625,1.0,0.625,1.0,0.2,0.0125,0.06666666666666667,0.0625,1.0,0.9375,1.0,0.2,0.0125,0.05,0.0625,0.8,1.0,1.0,0.2,0.0125,0.04,0.0625,0.64,1.0,1.0,0.2,0.0125,0.03333333333333333,0.0625,0.5333333333333333,1.0,1.0,0.2,0.0125,0.02857142857142857,0.0625,0.45714285714285713,1.0,1.0,0.2,0.0125,0.025,0.0625,0.4,1.0,1.0,0.2,0.0125,0.022222222222222223,0.0625,0.35555555555555557,1.0,1.0,0.2,0.0125,0.02,0.0625,0.32,1.0,1.0,0.2,0.0125,kalm_instruct_v2_5-dj_adpt,6,webtable-v2v-v=12-distilroberta-dj_adpt~qwen3_8b-dj_adpt
practice_reference_a.pq,1.0,0.06666666666666667,1.0,0.06666666666666667,1.0,1.0,0.06666666666666667,0.8,0.26666666666666666,1.0,0.3333333333333333,1.0,1.0,0.21444444444444447,0.5,0.3333333333333333,1.0,0.6666666666666666,1.0,1.0,0.2477777777777778,0.4666666666666667,0.4666666666666667,1.0,1.0,1.0,1.0,0.32003885003885,0.35,0.4666666666666667,0.75,1.0,1.0,1.0,0.32003885003885,0.32,0.5333333333333333,0.6,1.0,1.0,1.0,0.34543567543567544,0.3333333333333333,0.6666666666666666,0.5,1.0,1.0,1.0,0.38834755283031147,0.34285714285714286,0.8,0.42857142857142855,1.0,1.0,1.0,0.4327733231384347,0.3,0.8,0.375,1.0,1.0,1.0,0.4327733231384347,0.26666666666666666,0.8,0.3333333333333333,1.0,1.0,1.0,0.4327733231384347,0.24,0.8,0.3,1.0,1.0,1.0,0.4327733231384347,kalm_instruct_v2_5-dj_adpt,6,webtable-v2v-v=12-distilroberta-dj_adpt~qwen3_8b-dj_adpt
tuition_assistance_program_tap_recipients_a.pq,0.0,0.0,1.0,0.09090909090909091,0.0,0.0,0.0,0.0,0.0,1.0,0.45454545454545453,0.0,0.0,0.0,0.1,0.09090909090909091,1.0,0.9090909090909091,1.0,0.14285714285714285,0.012987012987012986,0.06666666666666667,0.09090909090909091,0.7333333333333333,1.0,1.0,0.14285714285714285,0.012987012987012986,0.05,0.09090909090909091,0.55,1.0,1.0,0.14285714285714285,0.012987012987012986,0.04,0.09090909090909091,0.44,1.0,1.0,0.14285714285714285,0.012987012987012986,0.03333333333333333,0.09090909090909091,0.36666666666666664,1.0,1.0,0.14285714285714285,0.012987012987012986,0.02857142857142857,0.09090909090909091,0.3142857142857143,1.0,1.0,0.14285714285714285,0.012987012987012986,0.025,0.09090909090909091,0.275,1.0,1.0,0.14285714285714285,0.012987012987012986,0.022222222222222223,0.09090909090909091,0.24444444444444444,1.0,1.0,0.14285714285714285,0.012987012987012986,0.02,0.09090909090909091,0.22,1.0,1.0,0.14285714285714285,0.012987012987012986,kalm_instruct_v2_5-dj_adpt,6,webtable-v2v-v=12-distilroberta-dj_adpt~qwen3_8b-dj_adpt
stockport_contracts_b.pq,1.0,0.07692307692307693,1.0,0.07692307692307693,1.0,1.0,0.07692307692307693,1.0,0.38461538461538464,1.0,0.38461538461538464,1.0,1.0,0.38461538461538464,0.9,0.6923076923076923,1.0,0.7692307692307693,1.0,1.0,0.6923076923076923,0.8666666666666667,1.0,0.8666666666666667,1.0,1.0,1.0,0.9599272522349446,0.65,1.0,0.65,1.0,1.0,1.0,0.9599272522349446,0.52,1.0,0.52,1.0,1.0,1.0,0.9599272522349446,0.43333333333333335,1.0,0.43333333333333335,1.0,1.0,1.0,0.9599272522349446,0.37142857142857144,1.0,0.37142857142857144,1.0,1.0,1.0,0.9599272522349446,0.325,1.0,0.325,1.0,1.0,1.0,0.9599272522349446,0.28888888888888886,1.0,0.28888888888888886,1.0,1.0,1.0,0.9599272522349446,0.26,1.0,0.26,1.0,1.0,1.0,0.9599272522349446,kalm_instruct_v2_5-dj_adpt,6,webtable-v2v-v=12-distilroberta-dj_adpt~qwen3_8b-dj_adpt
workforce_management_information_a.pq,1.0,0.05555555555555555,1.0,0.05555555555555555,1.0,1.0,0.05555555555555555,1.0,0.2777777777777778,1.0,0.2777777777777778,1.0,1.0,0.2777777777777778,1.0,0.5555555555555556,1.0,0.5555555555555556,1.0,1.0,0.5555555555555556,0.8666666666666667,0.7222222222222222,1.0,0.8333333333333334,1.0,1.0,0.7222222222222222,0.65,0.7222222222222222,0.9,1.0,1.0,1.0,0.7222222222222222,0.52,0.7222222222222222,0.72,1.0,1.0,1.0,0.7222222222222222,0.43333333333333335,0.7222222222222222,0.6,1.0,1.0,1.0,0.7222222222222222,0.37142857142857144,0.7222222222222222,0.5142857142857142,1.0,1.0,1.0,0.7222222222222222,0.325,0.7222222222222222,0.45,1.0,1.0,1.0,0.7222222222222222,0.28888888888888886,0.7222222222222222,0.4,1.0,1.0,1.0,0.7222222222222222,0.26,0.7222222222222222,0.36,1.0,1.0,1.0,0.7222222222222222,kalm_instruct_v2_5-dj_adpt,6,webtable-v2v-v=12-distilroberta-dj_adpt~qwen3_8b-dj_adpt
oil_and_gas_summary_production_data_1967_1999_a.pq,0.0,0.0,1.0,0.09090909090909091,0.0,0.0,0.0,0.2,0.09090909090909091,1.0,0.45454545454545453,1.0,0.25,0.022727272727272728,0.1,0.09090909090909091,1.0,0.9090909090909091,1.0,0.25,0.022727272727272728,0.06666666666666667,0.09090909090909091,0.7333333333333333,1.0,1.0,0.25,0.022727272727272728,0.05,0.09090909090909091,0.55,1.0,1.0,0.25,0.022727272727272728,0.04,0.09090909090909091,0.44,1.0,1.0,0.25,0.022727272727272728,0.03333333333333333,0.09090909090909091,0.36666666666666664,1.0,1.0,0.25,0.022727272727272728,0.05714285714285714,0.18181818181818182,0.3142857142857143,1.0,1.0,0.25,0.02807486631016043,0.1,0.36363636363636365,0.275,1.0,1.0,0.25,0.04501525167159842,0.1111111111111111,0.45454545454545453,0.24444444444444444,1.0,1.0,0.25,0.055116261772608525,0.12,0.5454545454545454,0.22,1.0,1.0,0.25,0.06647989813624489,kalm_instruct_v2_5-dj_adpt,6,webtable-v2v-v=12-distilroberta-dj_adpt~qwen3_8b-dj_adpt
311_calls_historic_data_a.pq,1.0,0.09090909090909091,1.0,0.09090909090909091,1.0,1.0,0.09090909090909091,0.2,0.09090909090909091,1.0,0.45454545454545453,1.0,1.0,0.09090909090909091,0.1,0.09090909090909091,1.0,0.9090909090909091,1.0,1.0,0.09090909090909091,0.06666666666666667,0.09090909090909091,0.7333333333333333,1.0,1.0,1.0,0.09090909090909091,0.05,0.09090909090909091,0.55,1.0,1.0,1.0,0.09090909090909091,0.04,0.09090909090909091,0.44,1.0,1.0,1.0,0.09090909090909091,0.03333333333333333,0.09090909090909091,0.36666666666666664,1.0,1.0,1.0,0.09090909090909091,0.02857142857142857,0.09090909090909091,0.3142857142857143,1.0,1.0,1.0,0.09090909090909091,0.025,0.09090909090909091,0.275,1.0,1.0,1.0,0.09090909090909091,0.022222222222222223,0.09090909090909091,0.24444444444444444,1.0,1.0,1.0,0.09090909090909091,0.02,0.09090909090909091,0.22,1.0,1.0,1.0,0.09090909090909091,kalm_instruct_v2_5-dj_adpt,6,webtable-v2v-v=12-distilroberta-dj_adpt~qwen3_8b-dj_adpt
business_rates_a.pq,1.0,0.08333333333333333,1.0,0.08333333333333333,1.0,1.0,0.08333333333333333,0.2,0.08333333333333333,1.0,0.4166666666666667,1.0,1.0,0.08333333333333333,0.1,0.08333333333333333,1.0,0.8333333333333334,1.0,1.0,0.08333333333333333,0.06666666666666667,0.08333333333333333,0.8,1.0,1.0,1.0,0.08333333333333333,0.05,0.08333333333333333,0.6,1.0,1.0,1.0,0.08333333333333333,0.04,0.08333333333333333,0.48,1.0,1.0,1.0,0.08333333333333333,0.03333333333333333,0.08333333333333333,0.4,1.0,1.0,1.0,0.08333333333333333,0.02857142857142857,0.08333333333333333,0.34285714285714286,1.0,1.0,1.0,0.08333333333333333,0.025,0.08333333333333333,0.3,1.0,1.0,1.0,0.08333333333333333,0.022222222222222223,0.08333333333333333,0.26666666666666666,1.0,1.0,1.0,0.08333333333333333,0.02,0.08333333333333333,0.24,1.0,1.0,1.0,0.08333333333333333,kalm_instruct_v2_5-dj_adpt,6,webtable-v2v-v=12-distilroberta-dj_adpt~qwen3_8b-dj_adpt
psyckes_antipsychotic_polypharmacy_quality_indicators_beginning_2012_a.pq,0.0,0.0,1.0,0.09090909090909091,0.0,0.0,0.0,0.2,0.09090909090909091,1.0,0.45454545454545453,1.0,0.2,0.018181818181818184,0.1,0.09090909090909091,1.0,0.9090909090909091,1.0,0.2,0.018181818181818184,0.06666666666666667,0.09090909090909091,0.7333333333333333,1.0,1.0,0.2,0.018181818181818184,0.05,0.09090909090909091,0.55,1.0,1.0,0.2,0.018181818181818184,0.04,0.09090909090909091,0.44,1.0,1.0,0.2,0.018181818181818184,0.03333333333333333,0.09090909090909091,0.36666666666666664,1.0,1.0,0.2,0.018181818181818184,0.02857142857142857,0.09090909090909091,0.3142857142857143,1.0,1.0,0.2,0.018181818181818184,0.025,0.09090909090909091,0.275,1.0,1.0,0.2,0.018181818181818184,0.022222222222222223,0.09090909090909091,0.24444444444444444,1.0,1.0,0.2,0.018181818181818184,0.02,0.09090909090909091,0.22,1.0,1.0,0.2,0.018181818181818184,kalm_instruct_v2_5-dj_adpt,6,webtable-v2v-v=12-distilroberta-dj_adpt~qwen3_8b-dj_adpt
cdc_nutrition_physical_activity_and_obesity_legislation_a.pq,1.0,0.09090909090909091,1.0,0.09090909090909091,1.0,1.0,0.09090909090909091,0.2,0.09090909090909091,1.0,0.45454545454545453,1.0,1.0,0.09090909090909091,0.1,0.09090909090909091,1.0,0.9090909090909091,1.0,1.0,0.09090909090909091,0.06666666666666667,0.09090909090909091,0.7333333333333333,1.0,1.0,1.0,0.09090909090909091,0.05,0.09090909090909091,0.55,1.0,1.0,1.0,0.09090909090909091,0.04,0.09090909090909091,0.44,1.0,1.0,1.0,0.09090909090909091,0.03333333333333333,0.09090909090909091,0.36666666666666664,1.0,1.0,1.0,0.09090909090909091,0.02857142857142857,0.09090909090909091,0.3142857142857143,1.0,1.0,1.0,0.09090909090909091,0.025,0.09090909090909091,0.275,1.0,1.0,1.0,0.09090909090909091,0.022222222222222223,0.09090909090909091,0.24444444444444444,1.0,1.0,1.0,0.09090909090909091,0.02,0.09090909090909091,0.22,1.0,1.0,1.0,0.09090909090909091,kalm_instruct_v2_5-dj_adpt,6,webtable-v2v-v=12-distilroberta-dj_adpt~qwen3_8b-dj_adpt
film_locations_in_san_francisco_a.pq,1.0,0.07692307692307693,1.0,0.07692307692307693,1.0,1.0,0.07692307692307693,0.2,0.07692307692307693,1.0,0.38461538461538464,1.0,1.0,0.07692307692307693,0.1,0.07692307692307693,1.0,0.7692307692307693,1.0,1.0,0.07692307692307693,0.06666666666666667,0.07692307692307693,0.8666666666666667,1.0,1.0,1.0,0.07692307692307693,0.05,0.07692307692307693,0.65,1.0,1.0,1.0,0.07692307692307693,0.04,0.07692307692307693,0.52,1.0,1.0,1.0,0.07692307692307693,0.03333333333333333,0.07692307692307693,0.43333333333333335,1.0,1.0,1.0,0.07692307692307693,0.02857142857142857,0.07692307692307693,0.37142857142857144,1.0,1.0,1.0,0.07692307692307693,0.025,0.07692307692307693,0.325,1.0,1.0,1.0,0.07692307692307693,0.022222222222222223,0.07692307692307693,0.28888888888888886,1.0,1.0,1.0,0.07692307692307693,0.04,0.15384615384615385,0.26,1.0,1.0,1.0,0.08,kalm_instruct_v2_5-dj_adpt,6,webtable-v2v-v=12-distilroberta-dj_adpt~qwen3_8b-dj_adpt
monthly_data_feed_a.pq,0.0,0.0,1.0,0.07692307692307693,0.0,0.0,0.0,0.0,0.0,1.0,0.38461538461538464,0.0,0.0,0.0,0.0,0.0,1.0,0.7692307692307693,0.0,0.0,0.0,0.06666666666666667,0.07692307692307693,0.8666666666666667,1.0,1.0,0.09090909090909091,0.006993006993006993,0.05,0.07692307692307693,0.65,1.0,1.0,0.09090909090909091,0.006993006993006993,0.08,0.15384615384615385,0.52,1.0,1.0,0.09090909090909091,0.013146853146853146,0.06666666666666667,0.15384615384615385,0.43333333333333335,1.0,1.0,0.09090909090909091,0.013146853146853146,0.05714285714285714,0.15384615384615385,0.37142857142857144,1.0,1.0,0.09090909090909091,0.013146853146853146,0.05,0.15384615384615385,0.325,1.0,1.0,0.09090909090909091,0.013146853146853146,0.044444444444444446,0.15384615384615385,0.28888888888888886,1.0,1.0,0.09090909090909091,0.013146853146853146,0.04,0.15384615384615385,0.26,1.0,1.0,0.09090909090909091,0.013146853146853146,kalm_instruct_v2_5-dj_adpt,6,webtable-v2v-v=12-distilroberta-dj_adpt~qwen3_8b-dj_adpt
contributors_parties_b.pq,1.0,0.047619047619047616,1.0,0.047619047619047616,1.0,1.0,0.047619047619047616,1.0,0.23809523809523808,1.0,0.23809523809523808,1.0,1.0,0.23809523809523808,1.0,0.47619047619047616,1.0,0.47619047619047616,1.0,1.0,0.47619047619047616,0.8666666666666667,0.6190476190476191,1.0,0.7142857142857143,1.0,1.0,0.6156462585034014,0.65,0.6190476190476191,1.0,0.9523809523809523,1.0,1.0,0.6156462585034014,0.52,0.6190476190476191,0.84,1.0,1.0,1.0,0.6156462585034014,0.43333333333333335,0.6190476190476191,0.7,1.0,1.0,1.0,0.6156462585034014,0.37142857142857144,0.6190476190476191,0.6,1.0,1.0,1.0,0.6156462585034014,0.325,0.6190476190476191,0.525,1.0,1.0,1.0,0.6156462585034014,0.28888888888888886,0.6190476190476191,0.4666666666666667,1.0,1.0,1.0,0.6156462585034014,0.28,0.6666666666666666,0.42,1.0,1.0,1.0,0.6289795918367347,kalm_instruct_v2_5-dj_adpt,6,webtable-v2v-v=12-distilroberta-dj_adpt~qwen3_8b-dj_adpt
complaint_by_practice_b.pq,1.0,0.07692307692307693,1.0,0.07692307692307693,1.0,1.0,0.07692307692307693,1.0,0.38461538461538464,1.0,0.38461538461538464,1.0,1.0,0.38461538461538464,0.6,0.46153846153846156,1.0,0.7692307692307693,1.0,1.0,0.46153846153846156,0.4,0.46153846153846156,0.8666666666666667,1.0,1.0,1.0,0.46153846153846156,0.35,0.5384615384615384,0.65,1.0,1.0,1.0,0.4898785425101214,0.28,0.5384615384615384,0.52,1.0,1.0,1.0,0.4898785425101214,0.23333333333333334,0.5384615384615384,0.43333333333333335,1.0,1.0,1.0,0.4898785425101214,0.22857142857142856,0.6153846153846154,0.37142857142857144,1.0,1.0,1.0,0.5085265611581401,0.2,0.6153846153846154,0.325,1.0,1.0,1.0,0.5085265611581401,0.17777777777777778,0.6153846153846154,0.28888888888888886,1.0,1.0,1.0,0.5085265611581401,0.16,0.6153846153846154,0.26,1.0,1.0,1.0,0.5085265611581401,kalm_instruct_v2_5-dj_adpt,6,webtable-v2v-v=12-distilroberta-dj_adpt~qwen3_8b-dj_adpt
albums_b.pq,1.0,0.0625,1.0,0.0625,1.0,1.0,0.0625,1.0,0.3125,1.0,0.3125,1.0,1.0,0.3125,1.0,0.625,1.0,0.625,1.0,1.0,0.625,0.7333333333333333,0.6875,1.0,0.9375,1.0,1.0,0.6822916666666666,0.55,0.6875,0.8,1.0,1.0,1.0,0.6822916666666666,0.44,0.6875,0.64,1.0,1.0,1.0,0.6822916666666666,0.36666666666666664,0.6875,0.5333333333333333,1.0,1.0,1.0,0.6822916666666666,0.3142857142857143,0.6875,0.45714285714285713,1.0,1.0,1.0,0.6822916666666666,0.275,0.6875,0.4,1.0,1.0,1.0,0.6822916666666666,0.24444444444444444,0.6875,0.35555555555555557,1.0,1.0,1.0,0.6822916666666666,0.22,0.6875,0.32,1.0,1.0,1.0,0.6822916666666666,kalm_instruct_v2_5-dj_adpt,6,webtable-v2v-v=12-distilroberta-dj_adpt~qwen3_8b-dj_adpt
contributors_parties_a.pq,1.0,0.047619047619047616,1.0,0.047619047619047616,1.0,1.0,0.047619047619047616,1.0,0.23809523809523808,1.0,0.23809523809523808,1.0,1.0,0.23809523809523808,0.9,0.42857142857142855,1.0,0.47619047619047616,1.0,1.0,0.42857142857142855,0.6,0.42857142857142855,1.0,0.7142857142857143,1.0,1.0,0.42857142857142855,0.45,0.42857142857142855,1.0,0.9523809523809523,1.0,1.0,0.42857142857142855,0.36,0.42857142857142855,0.84,1.0,1.0,1.0,0.42857142857142855,0.3,0.42857142857142855,0.7,1.0,1.0,1.0,0.42857142857142855,0.2571428571428571,0.42857142857142855,0.6,1.0,1.0,1.0,0.42857142857142855,0.225,0.42857142857142855,0.525,1.0,1.0,1.0,0.42857142857142855,0.2,0.42857142857142855,0.4666666666666667,1.0,1.0,1.0,0.42857142857142855,0.18,0.42857142857142855,0.42,1.0,1.0,1.0,0.42857142857142855,kalm_instruct_v2_5-dj_adpt,6,webtable-v2v-v=12-distilroberta-dj_adpt~qwen3_8b-dj_adpt
data_mill_a.pq,1.0,0.07142857142857142,1.0,0.07142857142857142,1.0,1.0,0.07142857142857142,0.4,0.14285714285714285,1.0,0.35714285714285715,1.0,1.0,0.14285714285714285,0.2,0.14285714285714285,1.0,0.7142857142857143,1.0,1.0,0.14285714285714285,0.2,0.21428571428571427,0.9333333333333333,1.0,1.0,1.0,0.15816326530612246,0.15,0.21428571428571427,0.7,1.0,1.0,1.0,0.15816326530612246,0.12,0.21428571428571427,0.56,1.0,1.0,1.0,0.15816326530612246,0.13333333333333333,0.2857142857142857,0.4666666666666667,1.0,1.0,1.0,0.1683673469387755,0.11428571428571428,0.2857142857142857,0.4,1.0,1.0,1.0,0.1683673469387755,0.1,0.2857142857142857,0.35,1.0,1.0,1.0,0.1683673469387755,0.1111111111111111,0.35714285714285715,0.3111111111111111,1.0,1.0,1.0,0.17630385487528347,0.1,0.35714285714285715,0.28,1.0,1.0,1.0,0.17630385487528347,kalm_instruct_v2_5-dj_adpt,6,webtable-v2v-v=12-distilroberta-dj_adpt~qwen3_8b-dj_adpt
monthly_data_feed_b.pq,0.0,0.0,1.0,0.07692307692307693,0.0,0.0,0.0,0.0,0.0,1.0,0.38461538461538464,0.0,0.0,0.0,0.0,0.0,1.0,0.7692307692307693,0.0,0.0,0.0,0.06666666666666667,0.07692307692307693,0.8666666666666667,1.0,1.0,0.06666666666666667,0.005128205128205128,0.05,0.07692307692307693,0.65,1.0,1.0,0.06666666666666667,0.005128205128205128,0.04,0.07692307692307693,0.52,1.0,1.0,0.06666666666666667,0.005128205128205128,0.03333333333333333,0.07692307692307693,0.43333333333333335,1.0,1.0,0.06666666666666667,0.005128205128205128,0.02857142857142857,0.07692307692307693,0.37142857142857144,1.0,1.0,0.06666666666666667,0.005128205128205128,0.025,0.07692307692307693,0.325,1.0,1.0,0.06666666666666667,0.005128205128205128,0.022222222222222223,0.07692307692307693,0.28888888888888886,1.0,1.0,0.06666666666666667,0.005128205128205128,0.02,0.07692307692307693,0.26,1.0,1.0,0.06666666666666667,0.005128205128205128,kalm_instruct_v2_5-dj_adpt,6,webtable-v2v-v=12-distilroberta-dj_adpt~qwen3_8b-dj_adpt
albums_a.pq,1.0,0.0625,1.0,0.0625,1.0,1.0,0.0625,1.0,0.3125,1.0,0.3125,1.0,1.0,0.3125,1.0,0.625,1.0,0.625,1.0,1.0,0.625,0.8,0.75,1.0,0.9375,1.0,1.0,0.75,0.65,0.8125,0.8,1.0,1.0,1.0,0.7977941176470589,0.6,0.9375,0.64,1.0,1.0,1.0,0.8749000959079284,0.5,0.9375,0.5333333333333333,1.0,1.0,1.0,0.8749000959079284,0.42857142857142855,0.9375,0.45714285714285713,1.0,1.0,1.0,0.8749000959079284,0.375,0.9375,0.4,1.0,1.0,1.0,0.8749000959079284,0.3333333333333333,0.9375,0.35555555555555557,1.0,1.0,1.0,0.8749000959079284,0.3,0.9375,0.32,1.0,1.0,1.0,0.8749000959079284,kalm_instruct_v2_5-dj_adpt,6,webtable-v2v-v=12-distilroberta-dj_adpt~qwen3_8b-dj_adpt
animal_tag_data_a.pq,1.0,0.08333333333333333,1.0,0.08333333333333333,1.0,1.0,0.08333333333333333,0.2,0.08333333333333333,1.0,0.4166666666666667,1.0,1.0,0.08333333333333333,0.1,0.08333333333333333,1.0,0.8333333333333334,1.0,1.0,0.08333333333333333,0.06666666666666667,0.08333333333333333,0.8,1.0,1.0,1.0,0.08333333333333333,0.05,0.08333333333333333,0.6,1.0,1.0,1.0,0.08333333333333333,0.04,0.08333333333333333,0.48,1.0,1.0,1.0,0.08333333333333333,0.03333333333333333,0.08333333333333333,0.4,1.0,1.0,1.0,0.08333333333333333,0.02857142857142857,0.08333333333333333,0.34285714285714286,1.0,1.0,1.0,0.08333333333333333,0.025,0.08333333333333333,0.3,1.0,1.0,1.0,0.08333333333333333,0.06666666666666667,0.25,0.26666666666666666,1.0,1.0,1.0,0.09308019216555802,0.08,0.3333333333333333,0.24,1.0,1.0,1.0,0.09974685883222469,kalm_instruct_v2_5-dj_adpt,6,webtable-v2v-v=12-distilroberta-dj_adpt~qwen3_8b-dj_adpt
new_york_city_restaurant_inspection_results_a.pq,1.0,0.03225806451612903,1.0,0.03225806451612903,1.0,1.0,0.03225806451612903,1.0,0.16129032258064516,1.0,0.16129032258064516,1.0,1.0,0.16129032258064516,0.5,0.16129032258064516,1.0,0.3225806451612903,1.0,1.0,0.16129032258064516,0.4,0.1935483870967742,1.0,0.4838709677419355,1.0,1.0,0.1751152073732719,0.35,0.22580645161290322,1.0,0.6451612903225806,1.0,1.0,0.1876600102406554,0.4,0.3225806451612903,1.0,0.8064516129032258,1.0,1.0,0.2260485034678583,0.36666666666666664,0.3548387096774194,1.0,0.967741935483871,1.0,1.0,0.23969614614775905,0.3142857142857143,0.3548387096774194,0.8857142857142857,1.0,1.0,1.0,0.23969614614775905,0.275,0.3548387096774194,0.775,1.0,1.0,1.0,0.23969614614775905,0.24444444444444444,0.3548387096774194,0.6888888888888889,1.0,1.0,1.0,0.23969614614775905,0.22,0.3548387096774194,0.62,1.0,1.0,1.0,0.23969614614775905,kalm_instruct_v2_5-dj_adpt,6,webtable-v2v-v=12-distilroberta-dj_adpt~qwen3_8b-dj_adpt
immigration_records_a.pq,0.0,0.0,1.0,0.0625,0.0,0.0,0.0,0.2,0.0625,1.0,0.3125,1.0,0.5,0.03125,0.2,0.125,1.0,0.625,1.0,0.5,0.046875,0.13333333333333333,0.125,1.0,0.9375,1.0,0.5,0.046875,0.1,0.125,0.8,1.0,1.0,0.5,0.046875,0.12,0.1875,0.64,1.0,1.0,0.5,0.05539772727272727,0.1,0.1875,0.5333333333333333,1.0,1.0,0.5,0.05539772727272727,0.17142857142857143,0.375,0.45714285714285713,1.0,1.0,0.5,0.0828789470333588,0.175,0.4375,0.4,1.0,1.0,0.5,0.09503172481113657,0.15555555555555556,0.4375,0.35555555555555557,1.0,1.0,0.5,0.09503172481113657,0.16,0.5,0.32,1.0,1.0,0.5,0.10503172481113658,kalm_instruct_v2_5-dj_adpt,6,webtable-v2v-v=12-distilroberta-dj_adpt~qwen3_8b-dj_adpt
ipopayments_a.pq,1.0,0.06666666666666667,1.0,0.06666666666666667,1.0,1.0,0.06666666666666667,0.2,0.06666666666666667,1.0,0.3333333333333333,1.0,1.0,0.06666666666666667,0.1,0.06666666666666667,1.0,0.6666666666666666,1.0,1.0,0.06666666666666667,0.13333333333333333,0.13333333333333333,1.0,1.0,1.0,1.0,0.07777777777777778,0.1,0.13333333333333333,0.75,1.0,1.0,1.0,0.07777777777777778,0.08,0.13333333333333333,0.6,1.0,1.0,1.0,0.07777777777777778,0.06666666666666667,0.13333333333333333,0.5,1.0,1.0,1.0,0.07777777777777778,0.05714285714285714,0.13333333333333333,0.42857142857142855,1.0,1.0,1.0,0.07777777777777778,0.075,0.2,0.375,1.0,1.0,1.0,0.08277777777777778,0.06666666666666667,0.2,0.3333333333333333,1.0,1.0,1.0,0.08277777777777778,0.06,0.2,0.3,1.0,1.0,1.0,0.08277777777777778,kalm_instruct_v2_5-dj_adpt,6,webtable-v2v-v=12-distilroberta-dj_adpt~qwen3_8b-dj_adpt
lane_description_a.pq,0.0,0.0,1.0,0.0625,0.0,0.0,0.0,0.2,0.0625,1.0,0.3125,1.0,0.2,0.0125,0.1,0.0625,1.0,0.625,1.0,0.2,0.0125,0.06666666666666667,0.0625,1.0,0.9375,1.0,0.2,0.0125,0.05,0.0625,0.8,1.0,1.0,0.2,0.0125,0.04,0.0625,0.64,1.0,1.0,0.2,0.0125,0.03333333333333333,0.0625,0.5333333333333333,1.0,1.0,0.2,0.0125,0.02857142857142857,0.0625,0.45714285714285713,1.0,1.0,0.2,0.0125,0.025,0.0625,0.4,1.0,1.0,0.2,0.0125,0.06666666666666667,0.1875,0.35555555555555557,1.0,1.0,0.2,0.01950757575757576,0.1,0.3125,0.32,1.0,1.0,0.2,0.030965909090909093,kalm_instruct_v2_5-dj_adpt,6,webtable-v2v-v=12-distilroberta-dj_adpt~qwen3_8b-dj_adpt
report_card_discipline_for_2015_16_a.pq,1.0,0.09090909090909091,1.0,0.09090909090909091,1.0,1.0,0.09090909090909091,0.2,0.09090909090909091,1.0,0.45454545454545453,1.0,1.0,0.09090909090909091,0.1,0.09090909090909091,1.0,0.9090909090909091,1.0,1.0,0.09090909090909091,0.06666666666666667,0.09090909090909091,0.7333333333333333,1.0,1.0,1.0,0.09090909090909091,0.05,0.09090909090909091,0.55,1.0,1.0,1.0,0.09090909090909091,0.04,0.09090909090909091,0.44,1.0,1.0,1.0,0.09090909090909091,0.03333333333333333,0.09090909090909091,0.36666666666666664,1.0,1.0,1.0,0.09090909090909091,0.02857142857142857,0.09090909090909091,0.3142857142857143,1.0,1.0,1.0,0.09090909090909091,0.025,0.09090909090909091,0.275,1.0,1.0,1.0,0.09090909090909091,0.022222222222222223,0.09090909090909091,0.24444444444444444,1.0,1.0,1.0,0.09090909090909091,0.02,0.09090909090909091,0.22,1.0,1.0,1.0,0.09090909090909091,kalm_instruct_v2_5-dj_adpt,6,webtable-v2v-v=12-distilroberta-dj_adpt~qwen3_8b-dj_adpt
minister_meetings_a.pq,1.0,0.1,1.0,0.1,1.0,1.0,0.1,0.2,0.1,1.0,0.5,1.0,1.0,0.1,0.1,0.1,1.0,1.0,1.0,1.0,0.1,0.06666666666666667,0.1,0.6666666666666666,1.0,1.0,1.0,0.1,0.05,0.1,0.5,1.0,1.0,1.0,0.1,0.08,0.2,0.4,1.0,1.0,1.0,0.10952380952380954,0.06666666666666667,0.2,0.3333333333333333,1.0,1.0,1.0,0.10952380952380954,0.05714285714285714,0.2,0.2857142857142857,1.0,1.0,1.0,0.10952380952380954,0.05,0.2,0.25,1.0,1.0,1.0,0.10952380952380954,0.044444444444444446,0.2,0.2222222222222222,1.0,1.0,1.0,0.10952380952380954,0.04,0.2,0.2,1.0,1.0,1.0,0.10952380952380954,kalm_instruct_v2_5-dj_adpt,6,webtable-v2v-v=12-distilroberta-dj_adpt~qwen3_8b-dj_adpt
practice_reference_b.pq,1.0,0.06666666666666667,1.0,0.06666666666666667,1.0,1.0,0.06666666666666667,0.6,0.2,1.0,0.3333333333333333,1.0,1.0,0.2,0.4,0.26666666666666666,1.0,0.6666666666666666,1.0,1.0,0.24444444444444444,0.3333333333333333,0.3333333333333333,1.0,1.0,1.0,1.0,0.27474747474747474,0.25,0.3333333333333333,0.75,1.0,1.0,1.0,0.27474747474747474,0.2,0.3333333333333333,0.6,1.0,1.0,1.0,0.27474747474747474,0.2,0.4,0.5,1.0,1.0,1.0,0.2901320901320901,0.17142857142857143,0.4,0.42857142857142855,1.0,1.0,1.0,0.2901320901320901,0.15,0.4,0.375,1.0,1.0,1.0,0.2901320901320901,0.13333333333333333,0.4,0.3333333333333333,1.0,1.0,1.0,0.2901320901320901,0.12,0.4,0.3,1.0,1.0,1.0,0.2901320901320901,kalm_instruct_v2_5-dj_adpt,6,webtable-v2v-v=12-distilroberta-dj_adpt~qwen3_8b-dj_adpt
job_pay_scales_a.pq,1.0,0.06666666666666667,1.0,0.06666666666666667,1.0,1.0,0.06666666666666667,0.8,0.26666666666666666,1.0,0.3333333333333333,1.0,1.0,0.26666666666666666,0.4,0.26666666666666666,1.0,0.6666666666666666,1.0,1.0,0.26666666666666666,0.3333333333333333,0.3333333333333333,1.0,1.0,1.0,1.0,0.29444444444444445,0.25,0.3333333333333333,0.75,1.0,1.0,1.0,0.29444444444444445,0.2,0.3333333333333333,0.6,1.0,1.0,1.0,0.29444444444444445,0.2,0.4,0.5,1.0,1.0,1.0,0.30873015873015874,0.17142857142857143,0.4,0.42857142857142855,1.0,1.0,1.0,0.30873015873015874,0.175,0.4666666666666667,0.375,1.0,1.0,1.0,0.3216931216931217,0.17777777777777778,0.5333333333333333,0.3333333333333333,1.0,1.0,1.0,0.33381433381433384,0.16,0.5333333333333333,0.3,1.0,1.0,1.0,0.33381433381433384,qwen3_06b-dj_adpt,7,webtable-v2v-v=12-distilroberta-dj_adpt~qwen3_8b-dj_adpt
immigration_records_a.pq,0.0,0.0,1.0,0.0625,0.0,0.0,0.0,0.0,0.0,1.0,0.3125,0.0,0.0,0.0,0.1,0.0625,1.0,0.625,1.0,0.125,0.0078125,0.13333333333333333,0.125,1.0,0.9375,1.0,0.125,0.019176136363636364,0.2,0.25,0.8,1.0,1.0,0.125,0.04560076871657754,0.16,0.25,0.64,1.0,1.0,0.125,0.04560076871657754,0.16666666666666666,0.3125,0.5333333333333333,1.0,1.0,0.125,0.05717484279065162,0.14285714285714285,0.3125,0.45714285714285713,1.0,1.0,0.125,0.05717484279065162,0.125,0.3125,0.4,1.0,1.0,0.125,0.05717484279065162,0.15555555555555556,0.4375,0.35555555555555557,1.0,1.0,0.125,0.07561799524543197,0.24,0.75,0.32,1.0,1.0,0.125,0.14050709114743756,qwen3_06b-dj_adpt,7,webtable-v2v-v=12-distilroberta-dj_adpt~qwen3_8b-dj_adpt
ipopayments_b.pq,1.0,0.06666666666666667,1.0,0.06666666666666667,1.0,1.0,0.06666666666666667,0.4,0.13333333333333333,1.0,0.3333333333333333,1.0,1.0,0.13333333333333333,0.3,0.2,1.0,0.6666666666666666,1.0,1.0,0.16190476190476188,0.3333333333333333,0.3333333333333333,1.0,1.0,1.0,1.0,0.20634920634920637,0.25,0.3333333333333333,0.75,1.0,1.0,1.0,0.20634920634920637,0.24,0.4,0.6,1.0,1.0,1.0,0.22301587301587303,0.2,0.4,0.5,1.0,1.0,1.0,0.22301587301587303,0.2,0.4666666666666667,0.42857142857142855,1.0,1.0,1.0,0.23759920634920637,0.175,0.4666666666666667,0.375,1.0,1.0,1.0,0.23759920634920637,0.15555555555555556,0.4666666666666667,0.3333333333333333,1.0,1.0,1.0,0.23759920634920637,0.14,0.4666666666666667,0.3,1.0,1.0,1.0,0.23759920634920637,qwen3_06b-dj_adpt,7,webtable-v2v-v=12-distilroberta-dj_adpt~qwen3_8b-dj_adpt
purchasing_card_a.pq,1.0,0.07692307692307693,1.0,0.07692307692307693,1.0,1.0,0.07692307692307693,0.8,0.3076923076923077,1.0,0.38461538461538464,1.0,1.0,0.29230769230769227,0.7,0.5384615384615384,1.0,0.7692307692307693,1.0,1.0,0.4647741147741148,0.6666666666666666,0.7692307692307693,0.8666666666666667,1.0,1.0,1.0,0.6167887667887668,0.6,0.9230769230769231,0.65,1.0,1.0,1.0,0.7178445737269267,0.48,0.9230769230769231,0.52,1.0,1.0,1.0,0.7178445737269267,0.4,0.9230769230769231,0.43333333333333335,1.0,1.0,1.0,0.7178445737269267,0.34285714285714286,0.9230769230769231,0.37142857142857144,1.0,1.0,1.0,0.7178445737269267,0.3,0.9230769230769231,0.325,1.0,1.0,1.0,0.7178445737269267,0.26666666666666666,0.9230769230769231,0.28888888888888886,1.0,1.0,1.0,0.7178445737269267,0.26,1.0,0.26,1.0,1.0,1.0,0.7391211694716074,qwen3_06b-dj_adpt,7,webtable-v2v-v=12-distilroberta-dj_adpt~qwen3_8b-dj_adpt
ydn_spending_data_b.pq,1.0,0.08333333333333333,1.0,0.08333333333333333,1.0,1.0,0.08333333333333333,0.2,0.08333333333333333,1.0,0.4166666666666667,1.0,1.0,0.08333333333333333,0.1,0.08333333333333333,1.0,0.8333333333333334,1.0,1.0,0.08333333333333333,0.06666666666666667,0.08333333333333333,0.8,1.0,1.0,1.0,0.08333333333333333,0.05,0.08333333333333333,0.6,1.0,1.0,1.0,0.08333333333333333,0.04,0.08333333333333333,0.48,1.0,1.0,1.0,0.08333333333333333,0.03333333333333333,0.08333333333333333,0.4,1.0,1.0,1.0,0.08333333333333333,0.02857142857142857,0.08333333333333333,0.34285714285714286,1.0,1.0,1.0,0.08333333333333333,0.025,0.08333333333333333,0.3,1.0,1.0,1.0,0.08333333333333333,0.022222222222222223,0.08333333333333333,0.26666666666666666,1.0,1.0,1.0,0.08333333333333333,0.04,0.16666666666666666,0.24,1.0,1.0,1.0,0.08687943262411348,qwen3_06b-dj_adpt,7,webtable-v2v-v=12-distilroberta-dj_adpt~qwen3_8b-dj_adpt
311_calls_historic_data_a.pq,1.0,0.09090909090909091,1.0,0.09090909090909091,1.0,1.0,0.09090909090909091,0.2,0.09090909090909091,1.0,0.45454545454545453,1.0,1.0,0.09090909090909091,0.1,0.09090909090909091,1.0,0.9090909090909091,1.0,1.0,0.09090909090909091,0.06666666666666667,0.09090909090909091,0.7333333333333333,1.0,1.0,1.0,0.09090909090909091,0.05,0.09090909090909091,0.55,1.0,1.0,1.0,0.09090909090909091,0.04,0.09090909090909091,0.44,1.0,1.0,1.0,0.09090909090909091,0.03333333333333333,0.09090909090909091,0.36666666666666664,1.0,1.0,1.0,0.09090909090909091,0.02857142857142857,0.09090909090909091,0.3142857142857143,1.0,1.0,1.0,0.09090909090909091,0.025,0.09090909090909091,0.275,1.0,1.0,1.0,0.09090909090909091,0.022222222222222223,0.09090909090909091,0.24444444444444444,1.0,1.0,1.0,0.09090909090909091,0.02,0.09090909090909091,0.22,1.0,1.0,1.0,0.09090909090909091,qwen3_06b-dj_adpt,7,webtable-v2v-v=12-distilroberta-dj_adpt~qwen3_8b-dj_adpt
complaint_by_practice_a.pq,1.0,0.07692307692307693,1.0,0.07692307692307693,1.0,1.0,0.07692307692307693,0.2,0.07692307692307693,1.0,0.38461538461538464,1.0,1.0,0.07692307692307693,0.1,0.07692307692307693,1.0,0.7692307692307693,1.0,1.0,0.07692307692307693,0.06666666666666667,0.07692307692307693,0.8666666666666667,1.0,1.0,1.0,0.07692307692307693,0.05,0.07692307692307693,0.65,1.0,1.0,1.0,0.07692307692307693,0.04,0.07692307692307693,0.52,1.0,1.0,1.0,0.07692307692307693,0.03333333333333333,0.07692307692307693,0.43333333333333335,1.0,1.0,1.0,0.07692307692307693,0.02857142857142857,0.07692307692307693,0.37142857142857144,1.0,1.0,1.0,0.07692307692307693,0.025,0.07692307692307693,0.325,1.0,1.0,1.0,0.07692307692307693,0.022222222222222223,0.07692307692307693,0.28888888888888886,1.0,1.0,1.0,0.07692307692307693,0.02,0.07692307692307693,0.26,1.0,1.0,1.0,0.07692307692307693,qwen3_06b-dj_adpt,7,webtable-v2v-v=12-distilroberta-dj_adpt~qwen3_8b-dj_adpt
contributors_parties_a.pq,1.0,0.047619047619047616,1.0,0.047619047619047616,1.0,1.0,0.047619047619047616,0.4,0.09523809523809523,1.0,0.23809523809523808,1.0,1.0,0.06666666666666667,0.3,0.14285714285714285,1.0,0.47619047619047616,1.0,1.0,0.08253968253968254,0.26666666666666666,0.19047619047619047,1.0,0.7142857142857143,1.0,1.0,0.0984126984126984,0.2,0.19047619047619047,1.0,0.9523809523809523,1.0,1.0,0.0984126984126984,0.16,0.19047619047619047,0.84,1.0,1.0,1.0,0.0984126984126984,0.13333333333333333,0.19047619047619047,0.7,1.0,1.0,1.0,0.0984126984126984,0.11428571428571428,0.19047619047619047,0.6,1.0,1.0,1.0,0.0984126984126984,0.1,0.19047619047619047,0.525,1.0,1.0,1.0,0.0984126984126984,0.1111111111111111,0.23809523809523808,0.4666666666666667,1.0,1.0,1.0,0.1037037037037037,0.12,0.2857142857142857,0.42,1.0,1.0,1.0,0.10941798941798941,qwen3_06b-dj_adpt,7,webtable-v2v-v=12-distilroberta-dj_adpt~qwen3_8b-dj_adpt
ipopayments_a.pq,0.0,0.0,1.0,0.06666666666666667,0.0,0.0,0.0,0.0,0.0,1.0,0.3333333333333333,0.0,0.0,0.0,0.1,0.06666666666666667,1.0,0.6666666666666666,1.0,0.1111111111111111,0.007407407407407407,0.06666666666666667,0.06666666666666667,1.0,1.0,1.0,0.1111111111111111,0.007407407407407407,0.1,0.13333333333333333,0.75,1.0,1.0,0.1111111111111111,0.014074074074074074,0.08,0.13333333333333333,0.6,1.0,1.0,0.1111111111111111,0.014074074074074074,0.06666666666666667,0.13333333333333333,0.5,1.0,1.0,0.1111111111111111,0.014074074074074074,0.05714285714285714,0.13333333333333333,0.42857142857142855,1.0,1.0,0.1111111111111111,0.014074074074074074,0.05,0.13333333333333333,0.375,1.0,1.0,0.1111111111111111,0.014074074074074074,0.06666666666666667,0.2,0.3333333333333333,1.0,1.0,0.1111111111111111,0.018619528619528616,0.08,0.26666666666666666,0.3,1.0,1.0,0.1111111111111111,0.024175084175084176,qwen3_06b-dj_adpt,7,webtable-v2v-v=12-distilroberta-dj_adpt~qwen3_8b-dj_adpt
practice_reference_b.pq,1.0,0.06666666666666667,1.0,0.06666666666666667,1.0,1.0,0.06666666666666667,0.8,0.26666666666666666,1.0,0.3333333333333333,1.0,1.0,0.2533333333333333,0.5,0.3333333333333333,1.0,0.6666666666666666,1.0,1.0,0.2903703703703704,0.4,0.4,1.0,1.0,1.0,1.0,0.3211396011396011,0.3,0.4,0.75,1.0,1.0,1.0,0.3211396011396011,0.28,0.4666666666666667,0.6,1.0,1.0,1.0,0.34142945621206494,0.3,0.6,0.5,1.0,1.0,1.0,0.3819422767248854,0.3142857142857143,0.7333333333333333,0.42857142857142855,1.0,1.0,1.0,0.4225025008145213,0.3,0.8,0.375,1.0,1.0,1.0,0.44355513239346867,0.28888888888888886,0.8666666666666667,0.3333333333333333,1.0,1.0,1.0,0.4632521020904383,0.26,0.8666666666666667,0.3,1.0,1.0,1.0,0.4632521020904383,qwen3_06b-dj_adpt,7,webtable-v2v-v=12-distilroberta-dj_adpt~qwen3_8b-dj_adpt
senior_officials_expenses_a.pq,1.0,0.09090909090909091,1.0,0.09090909090909091,1.0,1.0,0.09090909090909091,0.4,0.18181818181818182,1.0,0.45454545454545453,1.0,1.0,0.1515151515151515,0.3,0.2727272727272727,1.0,0.9090909090909091,1.0,1.0,0.19696969696969696,0.2,0.2727272727272727,0.7333333333333333,1.0,1.0,1.0,0.19696969696969696,0.15,0.2727272727272727,0.55,1.0,1.0,1.0,0.19696969696969696,0.12,0.2727272727272727,0.44,1.0,1.0,1.0,0.19696969696969696,0.1,0.2727272727272727,0.36666666666666664,1.0,1.0,1.0,0.19696969696969696,0.08571428571428572,0.2727272727272727,0.3142857142857143,1.0,1.0,1.0,0.19696969696969696,0.1,0.36363636363636365,0.275,1.0,1.0,1.0,0.20606060606060606,0.08888888888888889,0.36363636363636365,0.24444444444444444,1.0,1.0,1.0,0.20606060606060606,0.08,0.36363636363636365,0.22,1.0,1.0,1.0,0.20606060606060606,qwen3_06b-dj_adpt,7,webtable-v2v-v=12-distilroberta-dj_adpt~qwen3_8b-dj_adpt
workforce_management_information_a.pq,1.0,0.05555555555555555,1.0,0.05555555555555555,1.0,1.0,0.05555555555555555,1.0,0.2777777777777778,1.0,0.2777777777777778,1.0,1.0,0.2777777777777778,1.0,0.5555555555555556,1.0,0.5555555555555556,1.0,1.0,0.5555555555555556,0.8,0.6666666666666666,1.0,0.8333333333333334,1.0,1.0,0.6666666666666666,0.65,0.7222222222222222,0.9,1.0,1.0,1.0,0.7091503267973857,0.52,0.7222222222222222,0.72,1.0,1.0,1.0,0.7091503267973857,0.43333333333333335,0.7222222222222222,0.6,1.0,1.0,1.0,0.7091503267973857,0.37142857142857144,0.7222222222222222,0.5142857142857142,1.0,1.0,1.0,0.7091503267973857,0.325,0.7222222222222222,0.45,1.0,1.0,1.0,0.7091503267973857,0.28888888888888886,0.7222222222222222,0.4,1.0,1.0,1.0,0.7091503267973857,0.28,0.7777777777777778,0.36,1.0,1.0,1.0,0.7256987901543597,qwen3_06b-dj_adpt,7,webtable-v2v-v=12-distilroberta-dj_adpt~qwen3_8b-dj_adpt
animal_tag_data_a.pq,1.0,0.08333333333333333,1.0,0.08333333333333333,1.0,1.0,0.08333333333333333,0.2,0.08333333333333333,1.0,0.4166666666666667,1.0,1.0,0.08333333333333333,0.1,0.08333333333333333,1.0,0.8333333333333334,1.0,1.0,0.08333333333333333,0.06666666666666667,0.08333333333333333,0.8,1.0,1.0,1.0,0.08333333333333333,0.05,0.08333333333333333,0.6,1.0,1.0,1.0,0.08333333333333333,0.04,0.08333333333333333,0.48,1.0,1.0,1.0,0.08333333333333333,0.03333333333333333,0.08333333333333333,0.4,1.0,1.0,1.0,0.08333333333333333,0.02857142857142857,0.08333333333333333,0.34285714285714286,1.0,1.0,1.0,0.08333333333333333,0.025,0.08333333333333333,0.3,1.0,1.0,1.0,0.08333333333333333,0.022222222222222223,0.08333333333333333,0.26666666666666666,1.0,1.0,1.0,0.08333333333333333,0.02,0.08333333333333333,0.24,1.0,1.0,1.0,0.08333333333333333,qwen3_06b-dj_adpt,7,webtable-v2v-v=12-distilroberta-dj_adpt~qwen3_8b-dj_adpt
civic_building_locations_a.pq,0.0,0.0,1.0,0.08333333333333333,0.0,0.0,0.0,0.2,0.08333333333333333,1.0,0.4166666666666667,1.0,0.3333333333333333,0.027777777777777776,0.1,0.08333333333333333,1.0,0.8333333333333334,1.0,0.3333333333333333,0.027777777777777776,0.06666666666666667,0.08333333333333333,0.8,1.0,1.0,0.3333333333333333,0.027777777777777776,0.05,0.08333333333333333,0.6,1.0,1.0,0.3333333333333333,0.027777777777777776,0.04,0.08333333333333333,0.48,1.0,1.0,0.3333333333333333,0.027777777777777776,0.03333333333333333,0.08333333333333333,0.4,1.0,1.0,0.3333333333333333,0.027777777777777776,0.02857142857142857,0.08333333333333333,0.34285714285714286,1.0,1.0,0.3333333333333333,0.027777777777777776,0.025,0.08333333333333333,0.3,1.0,1.0,0.3333333333333333,0.027777777777777776,0.022222222222222223,0.08333333333333333,0.26666666666666666,1.0,1.0,0.3333333333333333,0.027777777777777776,0.04,0.16666666666666666,0.24,1.0,1.0,0.3333333333333333,0.031179138321995464,qwen3_06b-dj_adpt,7,webtable-v2v-v=12-distilroberta-dj_adpt~qwen3_8b-dj_adpt
data_mill_a.pq,1.0,0.07142857142857142,1.0,0.07142857142857142,1.0,1.0,0.07142857142857142,0.2,0.07142857142857142,1.0,0.35714285714285715,1.0,1.0,0.07142857142857142,0.2,0.14285714285714285,1.0,0.7142857142857143,1.0,1.0,0.09183673469387754,0.13333333333333333,0.14285714285714285,0.9333333333333333,1.0,1.0,1.0,0.09183673469387754,0.1,0.14285714285714285,0.7,1.0,1.0,1.0,0.09183673469387754,0.08,0.14285714285714285,0.56,1.0,1.0,1.0,0.09183673469387754,0.06666666666666667,0.14285714285714285,0.4666666666666667,1.0,1.0,1.0,0.09183673469387754,0.05714285714285714,0.14285714285714285,0.4,1.0,1.0,1.0,0.09183673469387754,0.075,0.21428571428571427,0.35,1.0,1.0,1.0,0.09719387755102041,0.06666666666666667,0.21428571428571427,0.3111111111111111,1.0,1.0,1.0,0.09719387755102041,0.06,0.21428571428571427,0.28,1.0,1.0,1.0,0.09719387755102041,qwen3_06b-dj_adpt,7,webtable-v2v-v=12-distilroberta-dj_adpt~qwen3_8b-dj_adpt
cdc_nutrition_physical_activity_and_obesity_legislation_a.pq,0.0,0.0,1.0,0.09090909090909091,0.0,0.0,0.0,0.0,0.0,1.0,0.45454545454545453,0.0,0.0,0.0,0.0,0.0,1.0,0.9090909090909091,0.0,0.0,0.0,0.0,0.0,0.7333333333333333,1.0,0.0,0.0,0.0,0.0,0.0,0.55,1.0,0.0,0.0,0.0,0.0,0.0,0.44,1.0,0.0,0.0,0.0,0.0,0.0,0.36666666666666664,1.0,0.0,0.0,0.0,0.0,0.0,0.3142857142857143,1.0,0.0,0.0,0.0,0.0,0.0,0.275,1.0,0.0,0.0,0.0,0.0,0.0,0.24444444444444444,1.0,0.0,0.0,0.0,0.02,0.09090909090909091,0.22,1.0,1.0,0.02040816326530612,0.0018552875695732837,qwen3_06b-dj_adpt,7,webtable-v2v-v=12-distilroberta-dj_adpt~qwen3_8b-dj_adpt
abandoned_wells_a.pq,1.0,0.09090909090909091,1.0,0.09090909090909091,1.0,1.0,0.09090909090909091,1.0,0.45454545454545453,1.0,0.45454545454545453,1.0,1.0,0.45454545454545453,0.8,0.7272727272727273,1.0,0.9090909090909091,1.0,1.0,0.7272727272727273,0.6666666666666666,0.9090909090909091,0.7333333333333333,1.0,1.0,1.0,0.8603896103896104,0.5,0.9090909090909091,0.55,1.0,1.0,1.0,0.8603896103896104,0.4,0.9090909090909091,0.44,1.0,1.0,1.0,0.8603896103896104,0.3333333333333333,0.9090909090909091,0.36666666666666664,1.0,1.0,1.0,0.8603896103896104,0.2857142857142857,0.9090909090909091,0.3142857142857143,1.0,1.0,1.0,0.8603896103896104,0.25,0.9090909090909091,0.275,1.0,1.0,1.0,0.8603896103896104,0.2222222222222222,0.9090909090909091,0.24444444444444444,1.0,1.0,1.0,0.8603896103896104,0.2,0.9090909090909091,0.22,1.0,1.0,1.0,0.8603896103896104,qwen3_06b-dj_adpt,7,webtable-v2v-v=12-distilroberta-dj_adpt~qwen3_8b-dj_adpt
minister_meetings_a.pq,1.0,0.1,1.0,0.1,1.0,1.0,0.1,0.2,0.1,1.0,0.5,1.0,1.0,0.1,0.2,0.2,1.0,1.0,1.0,1.0,0.12,0.13333333333333333,0.2,0.6666666666666666,1.0,1.0,1.0,0.12,0.1,0.2,0.5,1.0,1.0,1.0,0.12,0.08,0.2,0.4,1.0,1.0,1.0,0.12,0.06666666666666667,0.2,0.3333333333333333,1.0,1.0,1.0,0.12,0.05714285714285714,0.2,0.2857142857142857,1.0,1.0,1.0,0.12,0.05,0.2,0.25,1.0,1.0,1.0,0.12,0.044444444444444446,0.2,0.2222222222222222,1.0,1.0,1.0,0.12,0.04,0.2,0.2,1.0,1.0,1.0,0.12,qwen3_06b-dj_adpt,7,webtable-v2v-v=12-distilroberta-dj_adpt~qwen3_8b-dj_adpt
prescribing_a.pq,1.0,0.06666666666666667,1.0,0.06666666666666667,1.0,1.0,0.06666666666666667,0.2,0.06666666666666667,1.0,0.3333333333333333,1.0,1.0,0.06666666666666667,0.1,0.06666666666666667,1.0,0.6666666666666666,1.0,1.0,0.06666666666666667,0.06666666666666667,0.06666666666666667,1.0,1.0,1.0,1.0,0.06666666666666667,0.05,0.06666666666666667,0.75,1.0,1.0,1.0,0.06666666666666667,0.04,0.06666666666666667,0.6,1.0,1.0,1.0,0.06666666666666667,0.03333333333333333,0.06666666666666667,0.5,1.0,1.0,1.0,0.06666666666666667,0.02857142857142857,0.06666666666666667,0.42857142857142855,1.0,1.0,1.0,0.06666666666666667,0.025,0.06666666666666667,0.375,1.0,1.0,1.0,0.06666666666666667,0.022222222222222223,0.06666666666666667,0.3333333333333333,1.0,1.0,1.0,0.06666666666666667,0.02,0.06666666666666667,0.3,1.0,1.0,1.0,0.06666666666666667,qwen3_06b-dj_adpt,7,webtable-v2v-v=12-distilroberta-dj_adpt~qwen3_8b-dj_adpt
stockport_contracts_a.pq,1.0,0.07692307692307693,1.0,0.07692307692307693,1.0,1.0,0.07692307692307693,0.2,0.07692307692307693,1.0,0.38461538461538464,1.0,1.0,0.07692307692307693,0.1,0.07692307692307693,1.0,0.7692307692307693,1.0,1.0,0.07692307692307693,0.06666666666666667,0.07692307692307693,0.8666666666666667,1.0,1.0,1.0,0.07692307692307693,0.05,0.07692307692307693,0.65,1.0,1.0,1.0,0.07692307692307693,0.04,0.07692307692307693,0.52,1.0,1.0,1.0,0.07692307692307693,0.03333333333333333,0.07692307692307693,0.43333333333333335,1.0,1.0,1.0,0.07692307692307693,0.02857142857142857,0.07692307692307693,0.37142857142857144,1.0,1.0,1.0,0.07692307692307693,0.025,0.07692307692307693,0.325,1.0,1.0,1.0,0.07692307692307693,0.022222222222222223,0.07692307692307693,0.28888888888888886,1.0,1.0,1.0,0.07692307692307693,0.02,0.07692307692307693,0.26,1.0,1.0,1.0,0.07692307692307693,qwen3_06b-dj_adpt,7,webtable-v2v-v=12-distilroberta-dj_adpt~qwen3_8b-dj_adpt
stockport_contracts_b.pq,0.0,0.0,1.0,0.07692307692307693,0.0,0.0,0.0,0.0,0.0,1.0,0.38461538461538464,0.0,0.0,0.0,0.0,0.0,1.0,0.7692307692307693,0.0,0.0,0.0,0.0,0.0,0.8666666666666667,1.0,0.0,0.0,0.0,0.0,0.0,0.65,1.0,0.0,0.0,0.0,0.0,0.0,0.52,1.0,0.0,0.0,0.0,0.0,0.0,0.43333333333333335,1.0,0.0,0.0,0.0,0.0,0.0,0.37142857142857144,1.0,0.0,0.0,0.0,0.0,0.0,0.325,1.0,0.0,0.0,0.0,0.0,0.0,0.28888888888888886,1.0,0.0,0.0,0.0,0.0,0.0,0.26,1.0,0.0,0.0,0.0,qwen3_06b-dj_adpt,7,webtable-v2v-v=12-distilroberta-dj_adpt~qwen3_8b-dj_adpt
ydn_spending_data_a.pq,1.0,0.08333333333333333,1.0,0.08333333333333333,1.0,1.0,0.08333333333333333,0.2,0.08333333333333333,1.0,0.4166666666666667,1.0,1.0,0.08333333333333333,0.1,0.08333333333333333,1.0,0.8333333333333334,1.0,1.0,0.08333333333333333,0.06666666666666667,0.08333333333333333,0.8,1.0,1.0,1.0,0.08333333333333333,0.05,0.08333333333333333,0.6,1.0,1.0,1.0,0.08333333333333333,0.04,0.08333333333333333,0.48,1.0,1.0,1.0,0.08333333333333333,0.03333333333333333,0.08333333333333333,0.4,1.0,1.0,1.0,0.08333333333333333,0.02857142857142857,0.08333333333333333,0.34285714285714286,1.0,1.0,1.0,0.08333333333333333,0.025,0.08333333333333333,0.3,1.0,1.0,1.0,0.08333333333333333,0.022222222222222223,0.08333333333333333,0.26666666666666666,1.0,1.0,1.0,0.08333333333333333,0.02,0.08333333333333333,0.24,1.0,1.0,1.0,0.08333333333333333,qwen3_06b-dj_adpt,7,webtable-v2v-v=12-distilroberta-dj_adpt~qwen3_8b-dj_adpt
time_spent_watching_vcr_movies_a.pq,0.0,0.0,1.0,0.09090909090909091,0.0,0.0,0.0,0.2,0.09090909090909091,1.0,0.45454545454545453,1.0,0.5,0.045454545454545456,0.1,0.09090909090909091,1.0,0.9090909090909091,1.0,0.5,0.045454545454545456,0.06666666666666667,0.09090909090909091,0.7333333333333333,1.0,1.0,0.5,0.045454545454545456,0.1,0.18181818181818182,0.55,1.0,1.0,0.5,0.05502392344497608,0.16,0.36363636363636365,0.44,1.0,1.0,0.5,0.08316245158350422,0.13333333333333333,0.36363636363636365,0.36666666666666664,1.0,1.0,0.5,0.08316245158350422,0.11428571428571428,0.36363636363636365,0.3142857142857143,1.0,1.0,0.5,0.08316245158350422,0.1,0.36363636363636365,0.275,1.0,1.0,0.5,0.08316245158350422,0.08888888888888889,0.36363636363636365,0.24444444444444444,1.0,1.0,0.5,0.08316245158350422,0.08,0.36363636363636365,0.22,1.0,1.0,0.5,0.08316245158350422,qwen3_06b-dj_adpt,7,webtable-v2v-v=12-distilroberta-dj_adpt~qwen3_8b-dj_adpt
prescribing_b.pq,0.0,0.0,1.0,0.06666666666666667,0.0,0.0,0.0,0.0,0.0,1.0,0.3333333333333333,0.0,0.0,0.0,0.0,0.0,1.0,0.6666666666666666,0.0,0.0,0.0,0.0,0.0,1.0,1.0,0.0,0.0,0.0,0.0,0.0,0.75,1.0,0.0,0.0,0.0,0.0,0.0,0.6,1.0,0.0,0.0,0.0,0.0,0.0,0.5,1.0,0.0,0.0,0.0,0.0,0.0,0.42857142857142855,1.0,0.0,0.0,0.0,0.0,0.0,0.375,1.0,0.0,0.0,0.0,0.0,0.0,0.3333333333333333,1.0,0.0,0.0,0.0,0.0,0.0,0.3,1.0,0.0,0.0,0.0,qwen3_06b-dj_adpt,7,webtable-v2v-v=12-distilroberta-dj_adpt~qwen3_8b-dj_adpt
lane_description_a.pq,0.0,0.0,1.0,0.0625,0.0,0.0,0.0,0.0,0.0,1.0,0.3125,0.0,0.0,0.0,0.1,0.0625,1.0,0.625,1.0,0.1111111111111111,0.006944444444444444,0.06666666666666667,0.0625,1.0,0.9375,1.0,0.1111111111111111,0.006944444444444444,0.05,0.0625,0.8,1.0,1.0,0.1111111111111111,0.006944444444444444,0.04,0.0625,0.64,1.0,1.0,0.1111111111111111,0.006944444444444444,0.03333333333333333,0.0625,0.5333333333333333,1.0,1.0,0.1111111111111111,0.006944444444444444,0.02857142857142857,0.0625,0.45714285714285713,1.0,1.0,0.1111111111111111,0.006944444444444444,0.05,0.125,0.4,1.0,1.0,0.1111111111111111,0.010069444444444443,0.044444444444444446,0.125,0.35555555555555557,1.0,1.0,0.1111111111111111,0.010069444444444443,0.04,0.125,0.32,1.0,1.0,0.1111111111111111,0.010069444444444443,qwen3_06b-dj_adpt,7,webtable-v2v-v=12-distilroberta-dj_adpt~qwen3_8b-dj_adpt
psyckes_antipsychotic_polypharmacy_quality_indicators_beginning_2012_a.pq,1.0,0.09090909090909091,1.0,0.09090909090909091,1.0,1.0,0.09090909090909091,0.2,0.09090909090909091,1.0,0.45454545454545453,1.0,1.0,0.09090909090909091,0.1,0.09090909090909091,1.0,0.9090909090909091,1.0,1.0,0.09090909090909091,0.06666666666666667,0.09090909090909091,0.7333333333333333,1.0,1.0,1.0,0.09090909090909091,0.05,0.09090909090909091,0.55,1.0,1.0,1.0,0.09090909090909091,0.04,0.09090909090909091,0.44,1.0,1.0,1.0,0.09090909090909091,0.03333333333333333,0.09090909090909091,0.36666666666666664,1.0,1.0,1.0,0.09090909090909091,0.02857142857142857,0.09090909090909091,0.3142857142857143,1.0,1.0,1.0,0.09090909090909091,0.025,0.09090909090909091,0.275,1.0,1.0,1.0,0.09090909090909091,0.022222222222222223,0.09090909090909091,0.24444444444444444,1.0,1.0,1.0,0.09090909090909091,0.02,0.09090909090909091,0.22,1.0,1.0,1.0,0.09090909090909091,qwen3_06b-dj_adpt,7,webtable-v2v-v=12-distilroberta-dj_adpt~qwen3_8b-dj_adpt
animal_tag_data_b.pq,0.0,0.0,1.0,0.08333333333333333,0.0,0.0,0.0,0.0,0.0,1.0,0.4166666666666667,0.0,0.0,0.0,0.0,0.0,1.0,0.8333333333333334,0.0,0.0,0.0,0.0,0.0,0.8,1.0,0.0,0.0,0.0,0.0,0.0,0.6,1.0,0.0,0.0,0.0,0.0,0.0,0.48,1.0,0.0,0.0,0.0,0.0,0.0,0.4,1.0,0.0,0.0,0.0,0.0,0.0,0.34285714285714286,1.0,0.0,0.0,0.0,0.0,0.0,0.3,1.0,0.0,0.0,0.0,0.0,0.0,0.26666666666666666,1.0,0.0,0.0,0.0,0.0,0.0,0.24,1.0,0.0,0.0,0.0,qwen3_06b-dj_adpt,7,webtable-v2v-v=12-distilroberta-dj_adpt~qwen3_8b-dj_adpt
contributors_parties_b.pq,1.0,0.047619047619047616,1.0,0.047619047619047616,1.0,1.0,0.047619047619047616,0.8,0.19047619047619047,1.0,0.23809523809523808,1.0,1.0,0.18095238095238095,0.8,0.38095238095238093,1.0,0.47619047619047616,1.0,1.0,0.3454459561602419,0.5333333333333333,0.38095238095238093,1.0,0.7142857142857143,1.0,1.0,0.3454459561602419,0.4,0.38095238095238093,1.0,0.9523809523809523,1.0,1.0,0.3454459561602419,0.32,0.38095238095238093,0.84,1.0,1.0,1.0,0.3454459561602419,0.26666666666666666,0.38095238095238093,0.7,1.0,1.0,1.0,0.3454459561602419,0.22857142857142856,0.38095238095238093,0.6,1.0,1.0,1.0,0.3454459561602419,0.225,0.42857142857142855,0.525,1.0,1.0,1.0,0.3573507180650038,0.2,0.42857142857142855,0.4666666666666667,1.0,1.0,1.0,0.3573507180650038,0.18,0.42857142857142855,0.42,1.0,1.0,1.0,0.3573507180650038,qwen3_06b-dj_adpt,7,webtable-v2v-v=12-distilroberta-dj_adpt~qwen3_8b-dj_adpt
complaint_by_practice_b.pq,0.0,0.0,1.0,0.07692307692307693,0.0,0.0,0.0,0.2,0.07692307692307693,1.0,0.38461538461538464,1.0,0.2,0.015384615384615385,0.1,0.07692307692307693,1.0,0.7692307692307693,1.0,0.2,0.015384615384615385,0.06666666666666667,0.07692307692307693,0.8666666666666667,1.0,1.0,0.2,0.015384615384615385,0.05,0.07692307692307693,0.65,1.0,1.0,0.2,0.015384615384615385,0.04,0.07692307692307693,0.52,1.0,1.0,0.2,0.015384615384615385,0.03333333333333333,0.07692307692307693,0.43333333333333335,1.0,1.0,0.2,0.015384615384615385,0.02857142857142857,0.07692307692307693,0.37142857142857144,1.0,1.0,0.2,0.015384615384615385,0.025,0.07692307692307693,0.325,1.0,1.0,0.2,0.015384615384615385,0.022222222222222223,0.07692307692307693,0.28888888888888886,1.0,1.0,0.2,0.015384615384615385,0.02,0.07692307692307693,0.26,1.0,1.0,0.2,0.015384615384615385,qwen3_06b-dj_adpt,7,webtable-v2v-v=12-distilroberta-dj_adpt~qwen3_8b-dj_adpt
albums_a.pq,1.0,0.0625,1.0,0.0625,1.0,1.0,0.0625,1.0,0.3125,1.0,0.3125,1.0,1.0,0.3125,0.9,0.5625,1.0,0.625,1.0,1.0,0.5625,0.6666666666666666,0.625,1.0,0.9375,1.0,1.0,0.6193181818181818,0.55,0.6875,0.8,1.0,1.0,1.0,0.6597593582887701,0.48,0.75,0.64,1.0,1.0,1.0,0.6923680539409439,0.43333333333333335,0.8125,0.5333333333333333,1.0,1.0,1.0,0.7224606465335366,0.4,0.875,0.45714285714285713,1.0,1.0,1.0,0.7498043965335366,0.35,0.875,0.4,1.0,1.0,1.0,0.7498043965335366,0.3111111111111111,0.875,0.35555555555555557,1.0,1.0,1.0,0.7498043965335366,0.28,0.875,0.32,1.0,1.0,1.0,0.7498043965335366,qwen3_06b-dj_adpt,7,webtable-v2v-v=12-distilroberta-dj_adpt~qwen3_8b-dj_adpt
cihr_co-applicant_a.pq,1.0,0.08333333333333333,1.0,0.08333333333333333,1.0,1.0,0.08333333333333333,0.2,0.08333333333333333,1.0,0.4166666666666667,1.0,1.0,0.08333333333333333,0.1,0.08333333333333333,1.0,0.8333333333333334,1.0,1.0,0.08333333333333333,0.06666666666666667,0.08333333333333333,0.8,1.0,1.0,1.0,0.08333333333333333,0.05,0.08333333333333333,0.6,1.0,1.0,1.0,0.08333333333333333,0.04,0.08333333333333333,0.48,1.0,1.0,1.0,0.08333333333333333,0.03333333333333333,0.08333333333333333,0.4,1.0,1.0,1.0,0.08333333333333333,0.02857142857142857,0.08333333333333333,0.34285714285714286,1.0,1.0,1.0,0.08333333333333333,0.025,0.08333333333333333,0.3,1.0,1.0,1.0,0.08333333333333333,0.022222222222222223,0.08333333333333333,0.26666666666666666,1.0,1.0,1.0,0.08333333333333333,0.02,0.08333333333333333,0.24,1.0,1.0,1.0,0.08333333333333333,qwen3_06b-dj_adpt,7,webtable-v2v-v=12-distilroberta-dj_adpt~qwen3_8b-dj_adpt
film_locations_in_san_francisco_a.pq,1.0,0.07692307692307693,1.0,0.07692307692307693,1.0,1.0,0.07692307692307693,0.6,0.23076923076923078,1.0,0.38461538461538464,1.0,1.0,0.18589743589743588,0.3,0.23076923076923078,1.0,0.7692307692307693,1.0,1.0,0.18589743589743588,0.4,0.46153846153846156,0.8666666666666667,1.0,1.0,1.0,0.27642229565306486,0.45,0.6923076923076923,0.65,1.0,1.0,1.0,0.37334087415059075,0.36,0.6923076923076923,0.52,1.0,1.0,1.0,0.37334087415059075,0.3,0.6923076923076923,0.43333333333333335,1.0,1.0,1.0,0.37334087415059075,0.2571428571428571,0.6923076923076923,0.37142857142857144,1.0,1.0,1.0,0.37334087415059075,0.225,0.6923076923076923,0.325,1.0,1.0,1.0,0.37334087415059075,0.2222222222222222,0.7692307692307693,0.28888888888888886,1.0,1.0,1.0,0.39043489124460784,0.24,0.9230769230769231,0.26,1.0,1.0,1.0,0.42846947460759083,qwen3_06b-dj_adpt,7,webtable-v2v-v=12-distilroberta-dj_adpt~qwen3_8b-dj_adpt
monthly_data_feed_b.pq,0.0,0.0,1.0,0.07692307692307693,0.0,0.0,0.0,0.0,0.0,1.0,0.38461538461538464,0.0,0.0,0.0,0.0,0.0,1.0,0.7692307692307693,0.0,0.0,0.0,0.0,0.0,0.8666666666666667,1.0,0.0,0.0,0.0,0.0,0.0,0.65,1.0,0.0,0.0,0.0,0.0,0.0,0.52,1.0,0.0,0.0,0.0,0.0,0.0,0.43333333333333335,1.0,0.0,0.0,0.0,0.0,0.0,0.37142857142857144,1.0,0.0,0.0,0.0,0.0,0.0,0.325,1.0,0.0,0.0,0.0,0.0,0.0,0.28888888888888886,1.0,0.0,0.0,0.0,0.0,0.0,0.26,1.0,0.0,0.0,0.0,qwen3_06b-dj_adpt,7,webtable-v2v-v=12-distilroberta-dj_adpt~qwen3_8b-dj_adpt
new_york_city_restaurant_inspection_results_a.pq,1.0,0.03225806451612903,1.0,0.03225806451612903,1.0,1.0,0.03225806451612903,0.8,0.12903225806451613,1.0,0.16129032258064516,1.0,1.0,0.10376344086021506,0.7,0.22580645161290322,1.0,0.3225806451612903,1.0,1.0,0.18338453661034307,0.5333333333333333,0.25806451612903225,1.0,0.4838709677419355,1.0,1.0,0.20323565323565324,0.45,0.2903225806451613,1.0,0.6451612903225806,1.0,1.0,0.21936468549371774,0.4,0.3225806451612903,1.0,0.8064516129032258,1.0,1.0,0.23472566859663632,0.36666666666666664,0.3548387096774194,1.0,0.967741935483871,1.0,1.0,0.24696148617171976,0.3142857142857143,0.3548387096774194,0.8857142857142857,1.0,1.0,1.0,0.24696148617171976,0.275,0.3548387096774194,0.775,1.0,1.0,1.0,0.24696148617171976,0.24444444444444444,0.3548387096774194,0.6888888888888889,1.0,1.0,1.0,0.24696148617171976,0.22,0.3548387096774194,0.62,1.0,1.0,1.0,0.24696148617171976,qwen3_06b-dj_adpt,7,webtable-v2v-v=12-distilroberta-dj_adpt~qwen3_8b-dj_adpt
data_mill_b.pq,1.0,0.07142857142857142,1.0,0.07142857142857142,1.0,1.0,0.07142857142857142,0.2,0.07142857142857142,1.0,0.35714285714285715,1.0,1.0,0.07142857142857142,0.1,0.07142857142857142,1.0,0.7142857142857143,1.0,1.0,0.07142857142857142,0.06666666666666667,0.07142857142857142,0.9333333333333333,1.0,1.0,1.0,0.07142857142857142,0.05,0.07142857142857142,0.7,1.0,1.0,1.0,0.07142857142857142,0.04,0.07142857142857142,0.56,1.0,1.0,1.0,0.07142857142857142,0.03333333333333333,0.07142857142857142,0.4666666666666667,1.0,1.0,1.0,0.07142857142857142,0.02857142857142857,0.07142857142857142,0.4,1.0,1.0,1.0,0.07142857142857142,0.025,0.07142857142857142,0.35,1.0,1.0,1.0,0.07142857142857142,0.022222222222222223,0.07142857142857142,0.3111111111111111,1.0,1.0,1.0,0.07142857142857142,0.02,0.07142857142857142,0.28,1.0,1.0,1.0,0.07142857142857142,qwen3_06b-dj_adpt,7,webtable-v2v-v=12-distilroberta-dj_adpt~qwen3_8b-dj_adpt
report_card_discipline_for_2015_16_a.pq,1.0,0.09090909090909091,1.0,0.09090909090909091,1.0,1.0,0.09090909090909091,0.2,0.09090909090909091,1.0,0.45454545454545453,1.0,1.0,0.09090909090909091,0.1,0.09090909090909091,1.0,0.9090909090909091,1.0,1.0,0.09090909090909091,0.06666666666666667,0.09090909090909091,0.7333333333333333,1.0,1.0,1.0,0.09090909090909091,0.05,0.09090909090909091,0.55,1.0,1.0,1.0,0.09090909090909091,0.04,0.09090909090909091,0.44,1.0,1.0,1.0,0.09090909090909091,0.03333333333333333,0.09090909090909091,0.36666666666666664,1.0,1.0,1.0,0.09090909090909091,0.02857142857142857,0.09090909090909091,0.3142857142857143,1.0,1.0,1.0,0.09090909090909091,0.025,0.09090909090909091,0.275,1.0,1.0,1.0,0.09090909090909091,0.022222222222222223,0.09090909090909091,0.24444444444444444,1.0,1.0,1.0,0.09090909090909091,0.02,0.09090909090909091,0.22,1.0,1.0,1.0,0.09090909090909091,qwen3_06b-dj_adpt,7,webtable-v2v-v=12-distilroberta-dj_adpt~qwen3_8b-dj_adpt
workforce_management_information_b.pq,1.0,0.05555555555555555,1.0,0.05555555555555555,1.0,1.0,0.05555555555555555,0.8,0.2222222222222222,1.0,0.2777777777777778,1.0,1.0,0.2222222222222222,0.9,0.5,1.0,0.5555555555555556,1.0,1.0,0.46413139329805997,0.8,0.6666666666666666,1.0,0.8333333333333334,1.0,1.0,0.6168444210110877,0.65,0.7222222222222222,0.9,1.0,1.0,1.0,0.6593280811418066,0.52,0.7222222222222222,0.72,1.0,1.0,1.0,0.6593280811418066,0.43333333333333335,0.7222222222222222,0.6,1.0,1.0,1.0,0.6593280811418066,0.37142857142857144,0.7222222222222222,0.5142857142857142,1.0,1.0,1.0,0.6593280811418066,0.325,0.7222222222222222,0.45,1.0,1.0,1.0,0.6593280811418066,0.28888888888888886,0.7222222222222222,0.4,1.0,1.0,1.0,0.6593280811418066,0.26,0.7222222222222222,0.36,1.0,1.0,1.0,0.6593280811418066,qwen3_06b-dj_adpt,7,webtable-v2v-v=12-distilroberta-dj_adpt~qwen3_8b-dj_adpt
biodiversity_a.pq,0.0,0.0,1.0,0.09090909090909091,0.0,0.0,0.0,0.0,0.0,1.0,0.45454545454545453,0.0,0.0,0.0,0.1,0.09090909090909091,1.0,0.9090909090909091,1.0,0.16666666666666666,0.01515151515151515,0.06666666666666667,0.09090909090909091,0.7333333333333333,1.0,1.0,0.16666666666666666,0.01515151515151515,0.1,0.18181818181818182,0.55,1.0,1.0,0.16666666666666666,0.02472089314194577,0.08,0.18181818181818182,0.44,1.0,1.0,0.16666666666666666,0.02472089314194577,0.06666666666666667,0.18181818181818182,0.36666666666666664,1.0,1.0,0.16666666666666666,0.02472089314194577,0.05714285714285714,0.18181818181818182,0.3142857142857143,1.0,1.0,0.16666666666666666,0.02472089314194577,0.05,0.18181818181818182,0.275,1.0,1.0,0.16666666666666666,0.02472089314194577,0.044444444444444446,0.18181818181818182,0.24444444444444444,1.0,1.0,0.16666666666666666,0.02472089314194577,0.06,0.2727272727272727,0.22,1.0,1.0,0.16666666666666666,0.030649746896886484,qwen3_06b-dj_adpt,7,webtable-v2v-v=12-distilroberta-dj_adpt~qwen3_8b-dj_adpt
lane_description_b.pq,0.0,0.0,1.0,0.0625,0.0,0.0,0.0,0.0,0.0,1.0,0.3125,0.0,0.0,0.0,0.0,0.0,1.0,0.625,0.0,0.0,0.0,0.0,0.0,1.0,0.9375,0.0,0.0,0.0,0.0,0.0,0.8,1.0,0.0,0.0,0.0,0.0,0.0,0.64,1.0,0.0,0.0,0.0,0.0,0.0,0.5333333333333333,1.0,0.0,0.0,0.0,0.02857142857142857,0.0625,0.45714285714285713,1.0,1.0,0.03125,0.001953125,0.05,0.125,0.4,1.0,1.0,0.03125,0.005425347222222222,0.044444444444444446,0.125,0.35555555555555557,1.0,1.0,0.03125,0.005425347222222222,0.04,0.125,0.32,1.0,1.0,0.03125,0.005425347222222222,qwen3_06b-dj_adpt,7,webtable-v2v-v=12-distilroberta-dj_adpt~qwen3_8b-dj_adpt
oil_and_gas_summary_production_data_1967_1999_a.pq,1.0,0.09090909090909091,1.0,0.09090909090909091,1.0,1.0,0.09090909090909091,0.2,0.09090909090909091,1.0,0.45454545454545453,1.0,1.0,0.09090909090909091,0.1,0.09090909090909091,1.0,0.9090909090909091,1.0,1.0,0.09090909090909091,0.06666666666666667,0.09090909090909091,0.7333333333333333,1.0,1.0,1.0,0.09090909090909091,0.05,0.09090909090909091,0.55,1.0,1.0,1.0,0.09090909090909091,0.04,0.09090909090909091,0.44,1.0,1.0,1.0,0.09090909090909091,0.03333333333333333,0.09090909090909091,0.36666666666666664,1.0,1.0,1.0,0.09090909090909091,0.02857142857142857,0.09090909090909091,0.3142857142857143,1.0,1.0,1.0,0.09090909090909091,0.025,0.09090909090909091,0.275,1.0,1.0,1.0,0.09090909090909091,0.022222222222222223,0.09090909090909091,0.24444444444444444,1.0,1.0,1.0,0.09090909090909091,0.06,0.2727272727272727,0.22,1.0,1.0,1.0,0.10015151515151514,qwen3_06b-dj_adpt,7,webtable-v2v-v=12-distilroberta-dj_adpt~qwen3_8b-dj_adpt
deaths_2012_2018_a.pq,1.0,0.09090909090909091,1.0,0.09090909090909091,1.0,1.0,0.09090909090909091,0.2,0.09090909090909091,1.0,0.45454545454545453,1.0,1.0,0.09090909090909091,0.1,0.09090909090909091,1.0,0.9090909090909091,1.0,1.0,0.09090909090909091,0.06666666666666667,0.09090909090909091,0.7333333333333333,1.0,1.0,1.0,0.09090909090909091,0.05,0.09090909090909091,0.55,1.0,1.0,1.0,0.09090909090909091,0.04,0.09090909090909091,0.44,1.0,1.0,1.0,0.09090909090909091,0.03333333333333333,0.09090909090909091,0.36666666666666664,1.0,1.0,1.0,0.09090909090909091,0.02857142857142857,0.09090909090909091,0.3142857142857143,1.0,1.0,1.0,0.09090909090909091,0.025,0.09090909090909091,0.275,1.0,1.0,1.0,0.09090909090909091,0.044444444444444446,0.18181818181818182,0.24444444444444444,1.0,1.0,1.0,0.09523809523809525,0.04,0.18181818181818182,0.22,1.0,1.0,1.0,0.09523809523809525,qwen3_06b-dj_adpt,7,webtable-v2v-v=12-distilroberta-dj_adpt~qwen3_8b-dj_adpt
business_rates_a.pq,1.0,0.08333333333333333,1.0,0.08333333333333333,1.0,1.0,0.08333333333333333,0.2,0.08333333333333333,1.0,0.4166666666666667,1.0,1.0,0.08333333333333333,0.1,0.08333333333333333,1.0,0.8333333333333334,1.0,1.0,0.08333333333333333,0.06666666666666667,0.08333333333333333,0.8,1.0,1.0,1.0,0.08333333333333333,0.05,0.08333333333333333,0.6,1.0,1.0,1.0,0.08333333333333333,0.04,0.08333333333333333,0.48,1.0,1.0,1.0,0.08333333333333333,0.03333333333333333,0.08333333333333333,0.4,1.0,1.0,1.0,0.08333333333333333,0.05714285714285714,0.16666666666666666,0.34285714285714286,1.0,1.0,1.0,0.08838383838383838,0.05,0.16666666666666666,0.3,1.0,1.0,1.0,0.08838383838383838,0.044444444444444446,0.16666666666666666,0.26666666666666666,1.0,1.0,1.0,0.08838383838383838,0.06,0.25,0.24,1.0,1.0,1.0,0.09370298732000859,qwen3_06b-dj_adpt,7,webtable-v2v-v=12-distilroberta-dj_adpt~qwen3_8b-dj_adpt
mines_a.pq,1.0,0.07142857142857142,1.0,0.07142857142857142,1.0,1.0,0.07142857142857142,0.2,0.07142857142857142,1.0,0.35714285714285715,1.0,1.0,0.07142857142857142,0.1,0.07142857142857142,1.0,0.7142857142857143,1.0,1.0,0.07142857142857142,0.06666666666666667,0.07142857142857142,0.9333333333333333,1.0,1.0,1.0,0.07142857142857142,0.05,0.07142857142857142,0.7,1.0,1.0,1.0,0.07142857142857142,0.04,0.07142857142857142,0.56,1.0,1.0,1.0,0.07142857142857142,0.03333333333333333,0.07142857142857142,0.4666666666666667,1.0,1.0,1.0,0.07142857142857142,0.02857142857142857,0.07142857142857142,0.4,1.0,1.0,1.0,0.07142857142857142,0.025,0.07142857142857142,0.35,1.0,1.0,1.0,0.07142857142857142,0.022222222222222223,0.07142857142857142,0.3111111111111111,1.0,1.0,1.0,0.07142857142857142,0.02,0.07142857142857142,0.28,1.0,1.0,1.0,0.07142857142857142,qwen3_06b-dj_adpt,7,webtable-v2v-v=12-distilroberta-dj_adpt~qwen3_8b-dj_adpt
practice_reference_a.pq,1.0,0.06666666666666667,1.0,0.06666666666666667,1.0,1.0,0.06666666666666667,0.2,0.06666666666666667,1.0,0.3333333333333333,1.0,1.0,0.06666666666666667,0.2,0.13333333333333333,1.0,0.6666666666666666,1.0,1.0,0.08,0.13333333333333333,0.13333333333333333,1.0,1.0,1.0,1.0,0.08,0.1,0.13333333333333333,0.75,1.0,1.0,1.0,0.08,0.08,0.13333333333333333,0.6,1.0,1.0,1.0,0.08,0.06666666666666667,0.13333333333333333,0.5,1.0,1.0,1.0,0.08,0.05714285714285714,0.13333333333333333,0.42857142857142855,1.0,1.0,1.0,0.08,0.05,0.13333333333333333,0.375,1.0,1.0,1.0,0.08,0.044444444444444446,0.13333333333333333,0.3333333333333333,1.0,1.0,1.0,0.08,0.04,0.13333333333333333,0.3,1.0,1.0,1.0,0.08,qwen3_06b-dj_adpt,7,webtable-v2v-v=12-distilroberta-dj_adpt~qwen3_8b-dj_adpt
albums_b.pq,1.0,0.0625,1.0,0.0625,1.0,1.0,0.0625,0.8,0.25,1.0,0.3125,1.0,1.0,0.221875,0.5,0.3125,1.0,0.625,1.0,1.0,0.2609375,0.4,0.375,1.0,0.9375,1.0,1.0,0.2877232142857143,0.35,0.4375,0.8,1.0,1.0,1.0,0.31345850840336137,0.28,0.4375,0.64,1.0,1.0,1.0,0.31345850840336137,0.26666666666666666,0.5,0.5333333333333333,1.0,1.0,1.0,0.33197702692187986,0.22857142857142856,0.5,0.45714285714285713,1.0,1.0,1.0,0.33197702692187986,0.225,0.5625,0.4,1.0,1.0,1.0,0.3464001038449568,0.2,0.5625,0.35555555555555557,1.0,1.0,1.0,0.3464001038449568,0.18,0.5625,0.32,1.0,1.0,1.0,0.3464001038449568,qwen3_06b-dj_adpt,7,webtable-v2v-v=12-distilroberta-dj_adpt~qwen3_8b-dj_adpt
monthly_data_feed_a.pq,0.0,0.0,1.0,0.07692307692307693,0.0,0.0,0.0,0.0,0.0,1.0,0.38461538461538464,0.0,0.0,0.0,0.0,0.0,1.0,0.7692307692307693,0.0,0.0,0.0,0.0,0.0,0.8666666666666667,1.0,0.0,0.0,0.0,0.0,0.0,0.65,1.0,0.0,0.0,0.0,0.0,0.0,0.52,1.0,0.0,0.0,0.0,0.0,0.0,0.43333333333333335,1.0,0.0,0.0,0.0,0.0,0.0,0.37142857142857144,1.0,0.0,0.0,0.0,0.0,0.0,0.325,1.0,0.0,0.0,0.0,0.0,0.0,0.28888888888888886,1.0,0.0,0.0,0.0,0.0,0.0,0.26,1.0,0.0,0.0,0.0,qwen3_06b-dj_adpt,7,webtable-v2v-v=12-distilroberta-dj_adpt~qwen3_8b-dj_adpt
tuition_assistance_program_tap_recipients_a.pq,1.0,0.09090909090909091,1.0,0.09090909090909091,1.0,1.0,0.09090909090909091,0.2,0.09090909090909091,1.0,0.45454545454545453,1.0,1.0,0.09090909090909091,0.1,0.09090909090909091,1.0,0.9090909090909091,1.0,1.0,0.09090909090909091,0.06666666666666667,0.09090909090909091,0.7333333333333333,1.0,1.0,1.0,0.09090909090909091,0.05,0.09090909090909091,0.55,1.0,1.0,1.0,0.09090909090909091,0.04,0.09090909090909091,0.44,1.0,1.0,1.0,0.09090909090909091,0.03333333333333333,0.09090909090909091,0.36666666666666664,1.0,1.0,1.0,0.09090909090909091,0.02857142857142857,0.09090909090909091,0.3142857142857143,1.0,1.0,1.0,0.09090909090909091,0.025,0.09090909090909091,0.275,1.0,1.0,1.0,0.09090909090909091,0.022222222222222223,0.09090909090909091,0.24444444444444444,1.0,1.0,1.0,0.09090909090909091,0.02,0.09090909090909091,0.22,1.0,1.0,1.0,0.09090909090909091,qwen3_06b-dj_adpt,7,webtable-v2v-v=12-distilroberta-dj_adpt~qwen3_8b-dj_adpt
cihr_co-applicant_b.pq,1.0,0.08333333333333333,1.0,0.08333333333333333,1.0,1.0,0.08333333333333333,0.2,0.08333333333333333,1.0,0.4166666666666667,1.0,1.0,0.08333333333333333,0.1,0.08333333333333333,1.0,0.8333333333333334,1.0,1.0,0.08333333333333333,0.06666666666666667,0.08333333333333333,0.8,1.0,1.0,1.0,0.08333333333333333,0.05,0.08333333333333333,0.6,1.0,1.0,1.0,0.08333333333333333,0.04,0.08333333333333333,0.48,1.0,1.0,1.0,0.08333333333333333,0.03333333333333333,0.08333333333333333,0.4,1.0,1.0,1.0,0.08333333333333333,0.02857142857142857,0.08333333333333333,0.34285714285714286,1.0,1.0,1.0,0.08333333333333333,0.05,0.16666666666666666,0.3,1.0,1.0,1.0,0.08750000000000001,0.044444444444444446,0.16666666666666666,0.26666666666666666,1.0,1.0,1.0,0.08750000000000001,0.04,0.16666666666666666,0.24,1.0,1.0,1.0,0.08750000000000001,qwen3_06b-dj_adpt,7,webtable-v2v-v=12-distilroberta-dj_adpt~qwen3_8b-dj_adpt
wholesale_markets_a.pq,1.0,0.09090909090909091,1.0,0.09090909090909091,1.0,1.0,0.09090909090909091,0.2,0.09090909090909091,1.0,0.45454545454545453,1.0,1.0,0.09090909090909091,0.1,0.09090909090909091,1.0,0.9090909090909091,1.0,1.0,0.09090909090909091,0.06666666666666667,0.09090909090909091,0.7333333333333333,1.0,1.0,1.0,0.09090909090909091,0.05,0.09090909090909091,0.55,1.0,1.0,1.0,0.09090909090909091,0.04,0.09090909090909091,0.44,1.0,1.0,1.0,0.09090909090909091,0.03333333333333333,0.09090909090909091,0.36666666666666664,1.0,1.0,1.0,0.09090909090909091,0.02857142857142857,0.09090909090909091,0.3142857142857143,1.0,1.0,1.0,0.09090909090909091,0.025,0.09090909090909091,0.275,1.0,1.0,1.0,0.09090909090909091,0.022222222222222223,0.09090909090909091,0.24444444444444444,1.0,1.0,1.0,0.09090909090909091,0.02,0.09090909090909091,0.22,1.0,1.0,1.0,0.09090909090909091,qwen3_06b-dj_adpt,7,webtable-v2v-v=12-distilroberta-dj_adpt~qwen3_8b-dj_adpt
mines_b.pq,0.0,0.0,1.0,0.07142857142857142,0.0,0.0,0.0,0.0,0.0,1.0,0.35714285714285715,0.0,0.0,0.0,0.0,0.0,1.0,0.7142857142857143,0.0,0.0,0.0,0.0,0.0,0.9333333333333333,1.0,0.0,0.0,0.0,0.05,0.07142857142857142,0.7,1.0,1.0,0.0625,0.004464285714285714,0.04,0.07142857142857142,0.56,1.0,1.0,0.0625,0.004464285714285714,0.03333333333333333,0.07142857142857142,0.4666666666666667,1.0,1.0,0.0625,0.004464285714285714,0.02857142857142857,0.07142857142857142,0.4,1.0,1.0,0.0625,0.004464285714285714,0.025,0.07142857142857142,0.35,1.0,1.0,0.0625,0.004464285714285714,0.022222222222222223,0.07142857142857142,0.3111111111111111,1.0,1.0,0.0625,0.004464285714285714,0.02,0.07142857142857142,0.28,1.0,1.0,0.0625,0.004464285714285714,qwen3_06b-dj_adpt,7,webtable-v2v-v=12-distilroberta-dj_adpt~qwen3_8b-dj_adpt
new_york_city_restaurant_inspection_results_a.pq,1.0,0.03225806451612903,1.0,0.03225806451612903,1.0,1.0,0.03225806451612903,0.2,0.03225806451612903,1.0,0.16129032258064516,1.0,1.0,0.03225806451612903,0.3,0.0967741935483871,1.0,0.3225806451612903,1.0,1.0,0.05357142857142857,0.2,0.0967741935483871,1.0,0.4838709677419355,1.0,1.0,0.05357142857142857,0.2,0.12903225806451613,1.0,0.6451612903225806,1.0,1.0,0.06116156139875305,0.16,0.12903225806451613,1.0,0.8064516129032258,1.0,1.0,0.06116156139875305,0.16666666666666666,0.16129032258064516,1.0,0.967741935483871,1.0,1.0,0.06653790548477455,0.14285714285714285,0.16129032258064516,0.8857142857142857,1.0,1.0,1.0,0.06653790548477455,0.125,0.16129032258064516,0.775,1.0,1.0,1.0,0.06653790548477455,0.13333333333333333,0.1935483870967742,0.6888888888888889,1.0,1.0,1.0,0.07083898075359175,0.18,0.2903225806451613,0.62,1.0,1.0,1.0,0.08693061235714482,qwen3_4b-dj_adpt,8,webtable-v2v-v=12-distilroberta-dj_adpt~qwen3_8b-dj_adpt
practice_reference_b.pq,1.0,0.06666666666666667,1.0,0.06666666666666667,1.0,1.0,0.06666666666666667,0.8,0.26666666666666666,1.0,0.3333333333333333,1.0,1.0,0.23666666666666666,0.4,0.26666666666666666,1.0,0.6666666666666666,1.0,1.0,0.23666666666666666,0.26666666666666666,0.26666666666666666,1.0,1.0,1.0,1.0,0.23666666666666666,0.2,0.26666666666666666,0.75,1.0,1.0,1.0,0.23666666666666666,0.16,0.26666666666666666,0.6,1.0,1.0,1.0,0.23666666666666666,0.13333333333333333,0.26666666666666666,0.5,1.0,1.0,1.0,0.23666666666666666,0.11428571428571428,0.26666666666666666,0.42857142857142855,1.0,1.0,1.0,0.23666666666666666,0.1,0.26666666666666666,0.375,1.0,1.0,1.0,0.23666666666666666,0.1111111111111111,0.3333333333333333,0.3333333333333333,1.0,1.0,1.0,0.24407407407407405,0.1,0.3333333333333333,0.3,1.0,1.0,1.0,0.24407407407407405,qwen3_4b-dj_adpt,8,webtable-v2v-v=12-distilroberta-dj_adpt~qwen3_8b-dj_adpt
report_card_discipline_for_2015_16_a.pq,1.0,0.09090909090909091,1.0,0.09090909090909091,1.0,1.0,0.09090909090909091,0.2,0.09090909090909091,1.0,0.45454545454545453,1.0,1.0,0.09090909090909091,0.1,0.09090909090909091,1.0,0.9090909090909091,1.0,1.0,0.09090909090909091,0.06666666666666667,0.09090909090909091,0.7333333333333333,1.0,1.0,1.0,0.09090909090909091,0.05,0.09090909090909091,0.55,1.0,1.0,1.0,0.09090909090909091,0.04,0.09090909090909091,0.44,1.0,1.0,1.0,0.09090909090909091,0.03333333333333333,0.09090909090909091,0.36666666666666664,1.0,1.0,1.0,0.09090909090909091,0.02857142857142857,0.09090909090909091,0.3142857142857143,1.0,1.0,1.0,0.09090909090909091,0.025,0.09090909090909091,0.275,1.0,1.0,1.0,0.09090909090909091,0.022222222222222223,0.09090909090909091,0.24444444444444444,1.0,1.0,1.0,0.09090909090909091,0.02,0.09090909090909091,0.22,1.0,1.0,1.0,0.09090909090909091,qwen3_4b-dj_adpt,8,webtable-v2v-v=12-distilroberta-dj_adpt~qwen3_8b-dj_adpt
stockport_contracts_a.pq,0.0,0.0,1.0,0.07692307692307693,0.0,0.0,0.0,0.2,0.07692307692307693,1.0,0.38461538461538464,1.0,0.3333333333333333,0.02564102564102564,0.1,0.07692307692307693,1.0,0.7692307692307693,1.0,0.3333333333333333,0.02564102564102564,0.06666666666666667,0.07692307692307693,0.8666666666666667,1.0,1.0,0.3333333333333333,0.02564102564102564,0.05,0.07692307692307693,0.65,1.0,1.0,0.3333333333333333,0.02564102564102564,0.04,0.07692307692307693,0.52,1.0,1.0,0.3333333333333333,0.02564102564102564,0.03333333333333333,0.07692307692307693,0.43333333333333335,1.0,1.0,0.3333333333333333,0.02564102564102564,0.02857142857142857,0.07692307692307693,0.37142857142857144,1.0,1.0,0.3333333333333333,0.02564102564102564,0.025,0.07692307692307693,0.325,1.0,1.0,0.3333333333333333,0.02564102564102564,0.022222222222222223,0.07692307692307693,0.28888888888888886,1.0,1.0,0.3333333333333333,0.02564102564102564,0.02,0.07692307692307693,0.26,1.0,1.0,0.3333333333333333,0.02564102564102564,qwen3_4b-dj_adpt,8,webtable-v2v-v=12-distilroberta-dj_adpt~qwen3_8b-dj_adpt
prescribing_b.pq,0.0,0.0,1.0,0.06666666666666667,0.0,0.0,0.0,0.0,0.0,1.0,0.3333333333333333,0.0,0.0,0.0,0.0,0.0,1.0,0.6666666666666666,0.0,0.0,0.0,0.0,0.0,1.0,1.0,0.0,0.0,0.0,0.0,0.0,0.75,1.0,0.0,0.0,0.0,0.0,0.0,0.6,1.0,0.0,0.0,0.0,0.0,0.0,0.5,1.0,0.0,0.0,0.0,0.0,0.0,0.42857142857142855,1.0,0.0,0.0,0.0,0.0,0.0,0.375,1.0,0.0,0.0,0.0,0.0,0.0,0.3333333333333333,1.0,0.0,0.0,0.0,0.0,0.0,0.3,1.0,0.0,0.0,0.0,qwen3_4b-dj_adpt,8,webtable-v2v-v=12-distilroberta-dj_adpt~qwen3_8b-dj_adpt
workforce_management_information_b.pq,0.0,0.0,1.0,0.05555555555555555,0.0,0.0,0.0,0.0,0.0,1.0,0.2777777777777778,0.0,0.0,0.0,0.0,0.0,1.0,0.5555555555555556,0.0,0.0,0.0,0.0,0.0,1.0,0.8333333333333334,0.0,0.0,0.0,0.0,0.0,0.9,1.0,0.0,0.0,0.0,0.0,0.0,0.72,1.0,0.0,0.0,0.0,0.0,0.0,0.6,1.0,0.0,0.0,0.0,0.0,0.0,0.5142857142857142,1.0,0.0,0.0,0.0,0.0,0.0,0.45,1.0,0.0,0.0,0.0,0.0,0.0,0.4,1.0,0.0,0.0,0.0,0.0,0.0,0.36,1.0,0.0,0.0,0.0,qwen3_4b-dj_adpt,8,webtable-v2v-v=12-distilroberta-dj_adpt~qwen3_8b-dj_adpt
biodiversity_a.pq,1.0,0.09090909090909091,1.0,0.09090909090909091,1.0,1.0,0.09090909090909091,0.2,0.09090909090909091,1.0,0.45454545454545453,1.0,1.0,0.09090909090909091,0.1,0.09090909090909091,1.0,0.9090909090909091,1.0,1.0,0.09090909090909091,0.06666666666666667,0.09090909090909091,0.7333333333333333,1.0,1.0,1.0,0.09090909090909091,0.05,0.09090909090909091,0.55,1.0,1.0,1.0,0.09090909090909091,0.04,0.09090909090909091,0.44,1.0,1.0,1.0,0.09090909090909091,0.03333333333333333,0.09090909090909091,0.36666666666666664,1.0,1.0,1.0,0.09090909090909091,0.02857142857142857,0.09090909090909091,0.3142857142857143,1.0,1.0,1.0,0.09090909090909091,0.025,0.09090909090909091,0.275,1.0,1.0,1.0,0.09090909090909091,0.044444444444444446,0.18181818181818182,0.24444444444444444,1.0,1.0,1.0,0.09523809523809525,0.04,0.18181818181818182,0.22,1.0,1.0,1.0,0.09523809523809525,qwen3_4b-dj_adpt,8,webtable-v2v-v=12-distilroberta-dj_adpt~qwen3_8b-dj_adpt
practice_reference_a.pq,1.0,0.06666666666666667,1.0,0.06666666666666667,1.0,1.0,0.06666666666666667,0.2,0.06666666666666667,1.0,0.3333333333333333,1.0,1.0,0.06666666666666667,0.1,0.06666666666666667,1.0,0.6666666666666666,1.0,1.0,0.06666666666666667,0.06666666666666667,0.06666666666666667,1.0,1.0,1.0,1.0,0.06666666666666667,0.05,0.06666666666666667,0.75,1.0,1.0,1.0,0.06666666666666667,0.04,0.06666666666666667,0.6,1.0,1.0,1.0,0.06666666666666667,0.06666666666666667,0.13333333333333333,0.5,1.0,1.0,1.0,0.07111111111111111,0.05714285714285714,0.13333333333333333,0.42857142857142855,1.0,1.0,1.0,0.07111111111111111,0.05,0.13333333333333333,0.375,1.0,1.0,1.0,0.07111111111111111,0.06666666666666667,0.2,0.3333333333333333,1.0,1.0,1.0,0.07555555555555556,0.06,0.2,0.3,1.0,1.0,1.0,0.07555555555555556,qwen3_4b-dj_adpt,8,webtable-v2v-v=12-distilroberta-dj_adpt~qwen3_8b-dj_adpt
prescribing_a.pq,0.0,0.0,1.0,0.06666666666666667,0.0,0.0,0.0,0.0,0.0,1.0,0.3333333333333333,0.0,0.0,0.0,0.0,0.0,1.0,0.6666666666666666,0.0,0.0,0.0,0.0,0.0,1.0,1.0,0.0,0.0,0.0,0.0,0.0,0.75,1.0,0.0,0.0,0.0,0.0,0.0,0.6,1.0,0.0,0.0,0.0,0.0,0.0,0.5,1.0,0.0,0.0,0.0,0.0,0.0,0.42857142857142855,1.0,0.0,0.0,0.0,0.0,0.0,0.375,1.0,0.0,0.0,0.0,0.0,0.0,0.3333333333333333,1.0,0.0,0.0,0.0,0.0,0.0,0.3,1.0,0.0,0.0,0.0,qwen3_4b-dj_adpt,8,webtable-v2v-v=12-distilroberta-dj_adpt~qwen3_8b-dj_adpt
ydn_spending_data_a.pq,0.0,0.0,1.0,0.08333333333333333,0.0,0.0,0.0,0.0,0.0,1.0,0.4166666666666667,0.0,0.0,0.0,0.1,0.08333333333333333,1.0,0.8333333333333334,1.0,0.14285714285714285,0.011904761904761904,0.06666666666666667,0.08333333333333333,0.8,1.0,1.0,0.14285714285714285,0.011904761904761904,0.05,0.08333333333333333,0.6,1.0,1.0,0.14285714285714285,0.011904761904761904,0.04,0.08333333333333333,0.48,1.0,1.0,0.14285714285714285,0.011904761904761904,0.03333333333333333,0.08333333333333333,0.4,1.0,1.0,0.14285714285714285,0.011904761904761904,0.02857142857142857,0.08333333333333333,0.34285714285714286,1.0,1.0,0.14285714285714285,0.011904761904761904,0.025,0.08333333333333333,0.3,1.0,1.0,0.14285714285714285,0.011904761904761904,0.044444444444444446,0.16666666666666666,0.26666666666666666,1.0,1.0,0.14285714285714285,0.015692640692640692,0.04,0.16666666666666666,0.24,1.0,1.0,0.14285714285714285,0.015692640692640692,qwen3_4b-dj_adpt,8,webtable-v2v-v=12-distilroberta-dj_adpt~qwen3_8b-dj_adpt
deaths_2012_2018_a.pq,0.0,0.0,1.0,0.09090909090909091,0.0,0.0,0.0,0.0,0.0,1.0,0.45454545454545453,0.0,0.0,0.0,0.0,0.0,1.0,0.9090909090909091,0.0,0.0,0.0,0.06666666666666667,0.09090909090909091,0.7333333333333333,1.0,1.0,0.07692307692307693,0.006993006993006993,0.05,0.09090909090909091,0.55,1.0,1.0,0.07692307692307693,0.006993006993006993,0.04,0.09090909090909091,0.44,1.0,1.0,0.07692307692307693,0.006993006993006993,0.06666666666666667,0.18181818181818182,0.36666666666666664,1.0,1.0,0.07692307692307693,0.013262599469496022,0.05714285714285714,0.18181818181818182,0.3142857142857143,1.0,1.0,0.07692307692307693,0.013262599469496022,0.05,0.18181818181818182,0.275,1.0,1.0,0.07692307692307693,0.013262599469496022,0.08888888888888889,0.36363636363636365,0.24444444444444444,1.0,1.0,0.07692307692307693,0.027995292250969292,0.08,0.36363636363636365,0.22,1.0,1.0,0.07692307692307693,0.027995292250969292,qwen3_4b-dj_adpt,8,webtable-v2v-v=12-distilroberta-dj_adpt~qwen3_8b-dj_adpt
oil_and_gas_summary_production_data_1967_1999_a.pq,0.0,0.0,1.0,0.09090909090909091,0.0,0.0,0.0,0.0,0.0,1.0,0.45454545454545453,0.0,0.0,0.0,0.0,0.0,1.0,0.9090909090909091,0.0,0.0,0.0,0.0,0.0,0.7333333333333333,1.0,0.0,0.0,0.0,0.0,0.0,0.55,1.0,0.0,0.0,0.0,0.04,0.09090909090909091,0.44,1.0,1.0,0.043478260869565216,0.003952569169960474,0.03333333333333333,0.09090909090909091,0.36666666666666664,1.0,1.0,0.043478260869565216,0.003952569169960474,0.02857142857142857,0.09090909090909091,0.3142857142857143,1.0,1.0,0.043478260869565216,0.003952569169960474,0.025,0.09090909090909091,0.275,1.0,1.0,0.043478260869565216,0.003952569169960474,0.022222222222222223,0.09090909090909091,0.24444444444444444,1.0,1.0,0.043478260869565216,0.003952569169960474,0.02,0.09090909090909091,0.22,1.0,1.0,0.043478260869565216,0.003952569169960474,qwen3_4b-dj_adpt,8,webtable-v2v-v=12-distilroberta-dj_adpt~qwen3_8b-dj_adpt
immigration_records_a.pq,1.0,0.0625,1.0,0.0625,1.0,1.0,0.0625,0.6,0.1875,1.0,0.3125,1.0,1.0,0.14166666666666666,0.7,0.4375,1.0,0.625,1.0,1.0,0.3234623015873016,0.4666666666666667,0.4375,1.0,0.9375,1.0,1.0,0.3234623015873016,0.35,0.4375,0.8,1.0,1.0,1.0,0.3234623015873016,0.28,0.4375,0.64,1.0,1.0,1.0,0.3234623015873016,0.23333333333333334,0.4375,0.5333333333333333,1.0,1.0,1.0,0.3234623015873016,0.2,0.4375,0.45714285714285713,1.0,1.0,1.0,0.3234623015873016,0.175,0.4375,0.4,1.0,1.0,1.0,0.3234623015873016,0.15555555555555556,0.4375,0.35555555555555557,1.0,1.0,1.0,0.3234623015873016,0.14,0.4375,0.32,1.0,1.0,1.0,0.3234623015873016,qwen3_4b-dj_adpt,8,webtable-v2v-v=12-distilroberta-dj_adpt~qwen3_8b-dj_adpt
cdc_nutrition_physical_activity_and_obesity_legislation_a.pq,0.0,0.0,1.0,0.09090909090909091,0.0,0.0,0.0,0.2,0.09090909090909091,1.0,0.45454545454545453,1.0,0.25,0.022727272727272728,0.1,0.09090909090909091,1.0,0.9090909090909091,1.0,0.25,0.022727272727272728,0.06666666666666667,0.09090909090909091,0.7333333333333333,1.0,1.0,0.25,0.022727272727272728,0.05,0.09090909090909091,0.55,1.0,1.0,0.25,0.022727272727272728,0.04,0.09090909090909091,0.44,1.0,1.0,0.25,0.022727272727272728,0.03333333333333333,0.09090909090909091,0.36666666666666664,1.0,1.0,0.25,0.022727272727272728,0.02857142857142857,0.09090909090909091,0.3142857142857143,1.0,1.0,0.25,0.022727272727272728,0.05,0.18181818181818182,0.275,1.0,1.0,0.25,0.02727272727272727,0.044444444444444446,0.18181818181818182,0.24444444444444444,1.0,1.0,0.25,0.02727272727272727,0.04,0.18181818181818182,0.22,1.0,1.0,0.25,0.02727272727272727,qwen3_4b-dj_adpt,8,webtable-v2v-v=12-distilroberta-dj_adpt~qwen3_8b-dj_adpt
tuition_assistance_program_tap_recipients_a.pq,1.0,0.09090909090909091,1.0,0.09090909090909091,1.0,1.0,0.09090909090909091,1.0,0.45454545454545453,1.0,0.45454545454545453,1.0,1.0,0.45454545454545453,1.0,0.9090909090909091,1.0,0.9090909090909091,1.0,1.0,0.9090909090909091,0.7333333333333333,1.0,0.7333333333333333,1.0,1.0,1.0,1.0,0.55,1.0,0.55,1.0,1.0,1.0,1.0,0.44,1.0,0.44,1.0,1.0,1.0,1.0,0.36666666666666664,1.0,0.36666666666666664,1.0,1.0,1.0,1.0,0.3142857142857143,1.0,0.3142857142857143,1.0,1.0,1.0,1.0,0.275,1.0,0.275,1.0,1.0,1.0,1.0,0.24444444444444444,1.0,0.24444444444444444,1.0,1.0,1.0,1.0,0.22,1.0,0.22,1.0,1.0,1.0,1.0,qwen3_4b-dj_adpt,8,webtable-v2v-v=12-distilroberta-dj_adpt~qwen3_8b-dj_adpt
data_mill_a.pq,1.0,0.07142857142857142,1.0,0.07142857142857142,1.0,1.0,0.07142857142857142,0.4,0.14285714285714285,1.0,0.35714285714285715,1.0,1.0,0.14285714285714285,0.2,0.14285714285714285,1.0,0.7142857142857143,1.0,1.0,0.14285714285714285,0.2,0.21428571428571427,0.9333333333333333,1.0,1.0,1.0,0.15934065934065936,0.15,0.21428571428571427,0.7,1.0,1.0,1.0,0.15934065934065936,0.12,0.21428571428571427,0.56,1.0,1.0,1.0,0.15934065934065936,0.1,0.21428571428571427,0.4666666666666667,1.0,1.0,1.0,0.15934065934065936,0.08571428571428572,0.21428571428571427,0.4,1.0,1.0,1.0,0.15934065934065936,0.075,0.21428571428571427,0.35,1.0,1.0,1.0,0.15934065934065936,0.06666666666666667,0.21428571428571427,0.3111111111111111,1.0,1.0,1.0,0.15934065934065936,0.06,0.21428571428571427,0.28,1.0,1.0,1.0,0.15934065934065936,qwen3_4b-dj_adpt,8,webtable-v2v-v=12-distilroberta-dj_adpt~qwen3_8b-dj_adpt
business_rates_a.pq,1.0,0.08333333333333333,1.0,0.08333333333333333,1.0,1.0,0.08333333333333333,0.2,0.08333333333333333,1.0,0.4166666666666667,1.0,1.0,0.08333333333333333,0.1,0.08333333333333333,1.0,0.8333333333333334,1.0,1.0,0.08333333333333333,0.06666666666666667,0.08333333333333333,0.8,1.0,1.0,1.0,0.08333333333333333,0.05,0.08333333333333333,0.6,1.0,1.0,1.0,0.08333333333333333,0.04,0.08333333333333333,0.48,1.0,1.0,1.0,0.08333333333333333,0.03333333333333333,0.08333333333333333,0.4,1.0,1.0,1.0,0.08333333333333333,0.02857142857142857,0.08333333333333333,0.34285714285714286,1.0,1.0,1.0,0.08333333333333333,0.025,0.08333333333333333,0.3,1.0,1.0,1.0,0.08333333333333333,0.022222222222222223,0.08333333333333333,0.26666666666666666,1.0,1.0,1.0,0.08333333333333333,0.02,0.08333333333333333,0.24,1.0,1.0,1.0,0.08333333333333333,qwen3_4b-dj_adpt,8,webtable-v2v-v=12-distilroberta-dj_adpt~qwen3_8b-dj_adpt
senior_officials_expenses_a.pq,1.0,0.09090909090909091,1.0,0.09090909090909091,1.0,1.0,0.09090909090909091,0.2,0.09090909090909091,1.0,0.45454545454545453,1.0,1.0,0.09090909090909091,0.1,0.09090909090909091,1.0,0.9090909090909091,1.0,1.0,0.09090909090909091,0.13333333333333333,0.18181818181818182,0.7333333333333333,1.0,1.0,1.0,0.10606060606060606,0.1,0.18181818181818182,0.55,1.0,1.0,1.0,0.10606060606060606,0.08,0.18181818181818182,0.44,1.0,1.0,1.0,0.10606060606060606,0.06666666666666667,0.18181818181818182,0.36666666666666664,1.0,1.0,1.0,0.10606060606060606,0.05714285714285714,0.18181818181818182,0.3142857142857143,1.0,1.0,1.0,0.10606060606060606,0.05,0.18181818181818182,0.275,1.0,1.0,1.0,0.10606060606060606,0.044444444444444446,0.18181818181818182,0.24444444444444444,1.0,1.0,1.0,0.10606060606060606,0.08,0.36363636363636365,0.22,1.0,1.0,1.0,0.1190151515151515,qwen3_4b-dj_adpt,8,webtable-v2v-v=12-distilroberta-dj_adpt~qwen3_8b-dj_adpt
cihr_co-applicant_a.pq,0.0,0.0,1.0,0.08333333333333333,0.0,0.0,0.0,0.0,0.0,1.0,0.4166666666666667,0.0,0.0,0.0,0.0,0.0,1.0,0.8333333333333334,0.0,0.0,0.0,0.0,0.0,0.8,1.0,0.0,0.0,0.0,0.0,0.0,0.6,1.0,0.0,0.0,0.0,0.0,0.0,0.48,1.0,0.0,0.0,0.0,0.0,0.0,0.4,1.0,0.0,0.0,0.0,0.0,0.0,0.34285714285714286,1.0,0.0,0.0,0.0,0.0,0.0,0.3,1.0,0.0,0.0,0.0,0.0,0.0,0.26666666666666666,1.0,0.0,0.0,0.0,0.0,0.0,0.24,1.0,0.0,0.0,0.0,qwen3_4b-dj_adpt,8,webtable-v2v-v=12-distilroberta-dj_adpt~qwen3_8b-dj_adpt
abandoned_wells_a.pq,0.0,0.0,1.0,0.09090909090909091,0.0,0.0,0.0,0.0,0.0,1.0,0.45454545454545453,0.0,0.0,0.0,0.1,0.09090909090909091,1.0,0.9090909090909091,1.0,0.125,0.011363636363636364,0.06666666666666667,0.09090909090909091,0.7333333333333333,1.0,1.0,0.125,0.011363636363636364,0.05,0.09090909090909091,0.55,1.0,1.0,0.125,0.011363636363636364,0.04,0.09090909090909091,0.44,1.0,1.0,0.125,0.011363636363636364,0.03333333333333333,0.09090909090909091,0.36666666666666664,1.0,1.0,0.125,0.011363636363636364,0.02857142857142857,0.09090909090909091,0.3142857142857143,1.0,1.0,0.125,0.011363636363636364,0.025,0.09090909090909091,0.275,1.0,1.0,0.125,0.011363636363636364,0.022222222222222223,0.09090909090909091,0.24444444444444444,1.0,1.0,0.125,0.011363636363636364,0.04,0.18181818181818182,0.22,1.0,1.0,0.125,0.01507421150278293,qwen3_4b-dj_adpt,8,webtable-v2v-v=12-distilroberta-dj_adpt~qwen3_8b-dj_adpt
lane_description_b.pq,0.0,0.0,1.0,0.0625,0.0,0.0,0.0,0.0,0.0,1.0,0.3125,0.0,0.0,0.0,0.0,0.0,1.0,0.625,0.0,0.0,0.0,0.0,0.0,1.0,0.9375,0.0,0.0,0.0,0.05,0.0625,0.8,1.0,1.0,0.05,0.003125,0.08,0.125,0.64,1.0,1.0,0.05,0.008806818181818183,0.1,0.1875,0.5333333333333333,1.0,1.0,0.05,0.015272335423197492,0.08571428571428572,0.1875,0.45714285714285713,1.0,1.0,0.05,0.015272335423197492,0.075,0.1875,0.4,1.0,1.0,0.05,0.015272335423197492,0.06666666666666667,0.1875,0.35555555555555557,1.0,1.0,0.05,0.015272335423197492,0.08,0.25,0.32,1.0,1.0,0.05,0.020374376239524022,qwen3_4b-dj_adpt,8,webtable-v2v-v=12-distilroberta-dj_adpt~qwen3_8b-dj_adpt
workforce_management_information_a.pq,0.0,0.0,1.0,0.05555555555555555,0.0,0.0,0.0,0.0,0.0,1.0,0.2777777777777778,0.0,0.0,0.0,0.0,0.0,1.0,0.5555555555555556,0.0,0.0,0.0,0.0,0.0,1.0,0.8333333333333334,0.0,0.0,0.0,0.0,0.0,0.9,1.0,0.0,0.0,0.0,0.0,0.0,0.72,1.0,0.0,0.0,0.0,0.0,0.0,0.6,1.0,0.0,0.0,0.0,0.0,0.0,0.5142857142857142,1.0,0.0,0.0,0.0,0.0,0.0,0.45,1.0,0.0,0.0,0.0,0.0,0.0,0.4,1.0,0.0,0.0,0.0,0.0,0.0,0.36,1.0,0.0,0.0,0.0,qwen3_4b-dj_adpt,8,webtable-v2v-v=12-distilroberta-dj_adpt~qwen3_8b-dj_adpt
complaint_by_practice_a.pq,1.0,0.07692307692307693,1.0,0.07692307692307693,1.0,1.0,0.07692307692307693,0.2,0.07692307692307693,1.0,0.38461538461538464,1.0,1.0,0.07692307692307693,0.2,0.15384615384615385,1.0,0.7692307692307693,1.0,1.0,0.0923076923076923,0.13333333333333333,0.15384615384615385,0.8666666666666667,1.0,1.0,1.0,0.0923076923076923,0.1,0.15384615384615385,0.65,1.0,1.0,1.0,0.0923076923076923,0.08,0.15384615384615385,0.52,1.0,1.0,1.0,0.0923076923076923,0.06666666666666667,0.15384615384615385,0.43333333333333335,1.0,1.0,1.0,0.0923076923076923,0.05714285714285714,0.15384615384615385,0.37142857142857144,1.0,1.0,1.0,0.0923076923076923,0.05,0.15384615384615385,0.325,1.0,1.0,1.0,0.0923076923076923,0.044444444444444446,0.15384615384615385,0.28888888888888886,1.0,1.0,1.0,0.0923076923076923,0.04,0.15384615384615385,0.26,1.0,1.0,1.0,0.0923076923076923,qwen3_4b-dj_adpt,8,webtable-v2v-v=12-distilroberta-dj_adpt~qwen3_8b-dj_adpt
ipopayments_b.pq,0.0,0.0,1.0,0.06666666666666667,0.0,0.0,0.0,0.0,0.0,1.0,0.3333333333333333,0.0,0.0,0.0,0.0,0.0,1.0,0.6666666666666666,0.0,0.0,0.0,0.0,0.0,1.0,1.0,0.0,0.0,0.0,0.0,0.0,0.75,1.0,0.0,0.0,0.0,0.0,0.0,0.6,1.0,0.0,0.0,0.0,0.0,0.0,0.5,1.0,0.0,0.0,0.0,0.02857142857142857,0.06666666666666667,0.42857142857142855,1.0,1.0,0.029411764705882353,0.00196078431372549,0.025,0.06666666666666667,0.375,1.0,1.0,0.029411764705882353,0.00196078431372549,0.022222222222222223,0.06666666666666667,0.3333333333333333,1.0,1.0,0.029411764705882353,0.00196078431372549,0.02,0.06666666666666667,0.3,1.0,1.0,0.029411764705882353,0.00196078431372549,qwen3_4b-dj_adpt,8,webtable-v2v-v=12-distilroberta-dj_adpt~qwen3_8b-dj_adpt
animal_tag_data_a.pq,0.0,0.0,1.0,0.08333333333333333,0.0,0.0,0.0,0.0,0.0,1.0,0.4166666666666667,0.0,0.0,0.0,0.0,0.0,1.0,0.8333333333333334,0.0,0.0,0.0,0.0,0.0,0.8,1.0,0.0,0.0,0.0,0.0,0.0,0.6,1.0,0.0,0.0,0.0,0.0,0.0,0.48,1.0,0.0,0.0,0.0,0.0,0.0,0.4,1.0,0.0,0.0,0.0,0.0,0.0,0.34285714285714286,1.0,0.0,0.0,0.0,0.0,0.0,0.3,1.0,0.0,0.0,0.0,0.0,0.0,0.26666666666666666,1.0,0.0,0.0,0.0,0.02,0.08333333333333333,0.24,1.0,1.0,0.020833333333333332,0.001736111111111111,qwen3_4b-dj_adpt,8,webtable-v2v-v=12-distilroberta-dj_adpt~qwen3_8b-dj_adpt
contributors_parties_b.pq,1.0,0.047619047619047616,1.0,0.047619047619047616,1.0,1.0,0.047619047619047616,0.8,0.19047619047619047,1.0,0.23809523809523808,1.0,1.0,0.19047619047619047,0.5,0.23809523809523808,1.0,0.47619047619047616,1.0,1.0,0.23015873015873015,0.4,0.2857142857142857,1.0,0.7142857142857143,1.0,1.0,0.2492063492063492,0.35,0.3333333333333333,1.0,0.9523809523809523,1.0,1.0,0.2700396825396825,0.28,0.3333333333333333,0.84,1.0,1.0,1.0,0.2700396825396825,0.3,0.42857142857142855,0.7,1.0,1.0,1.0,0.29892735510551605,0.2571428571428571,0.42857142857142855,0.6,1.0,1.0,1.0,0.29892735510551605,0.225,0.42857142857142855,0.525,1.0,1.0,1.0,0.29892735510551605,0.2,0.42857142857142855,0.4666666666666667,1.0,1.0,1.0,0.29892735510551605,0.18,0.42857142857142855,0.42,1.0,1.0,1.0,0.29892735510551605,qwen3_4b-dj_adpt,8,webtable-v2v-v=12-distilroberta-dj_adpt~qwen3_8b-dj_adpt
animal_tag_data_b.pq,1.0,0.08333333333333333,1.0,0.08333333333333333,1.0,1.0,0.08333333333333333,0.8,0.3333333333333333,1.0,0.4166666666666667,1.0,1.0,0.26805555555555555,0.5,0.4166666666666667,1.0,0.8333333333333334,1.0,1.0,0.33749999999999997,0.4,0.5,0.8,1.0,1.0,1.0,0.3732142857142857,0.3,0.5,0.6,1.0,1.0,1.0,0.3732142857142857,0.24,0.5,0.48,1.0,1.0,1.0,0.3732142857142857,0.2,0.5,0.4,1.0,1.0,1.0,0.3732142857142857,0.17142857142857143,0.5,0.34285714285714286,1.0,1.0,1.0,0.3732142857142857,0.15,0.5,0.3,1.0,1.0,1.0,0.3732142857142857,0.13333333333333333,0.5,0.26666666666666666,1.0,1.0,1.0,0.3732142857142857,0.12,0.5,0.24,1.0,1.0,1.0,0.3732142857142857,qwen3_4b-dj_adpt,8,webtable-v2v-v=12-distilroberta-dj_adpt~qwen3_8b-dj_adpt
psyckes_antipsychotic_polypharmacy_quality_indicators_beginning_2012_a.pq,0.0,0.0,1.0,0.09090909090909091,0.0,0.0,0.0,0.0,0.0,1.0,0.45454545454545453,0.0,0.0,0.0,0.0,0.0,1.0,0.9090909090909091,0.0,0.0,0.0,0.0,0.0,0.7333333333333333,1.0,0.0,0.0,0.0,0.0,0.0,0.55,1.0,0.0,0.0,0.0,0.0,0.0,0.44,1.0,0.0,0.0,0.0,0.0,0.0,0.36666666666666664,1.0,0.0,0.0,0.0,0.0,0.0,0.3142857142857143,1.0,0.0,0.0,0.0,0.0,0.0,0.275,1.0,0.0,0.0,0.0,0.0,0.0,0.24444444444444444,1.0,0.0,0.0,0.0,0.0,0.0,0.22,1.0,0.0,0.0,0.0,qwen3_4b-dj_adpt,8,webtable-v2v-v=12-distilroberta-dj_adpt~qwen3_8b-dj_adpt
ydn_spending_data_b.pq,0.0,0.0,1.0,0.08333333333333333,0.0,0.0,0.0,0.0,0.0,1.0,0.4166666666666667,0.0,0.0,0.0,0.0,0.0,1.0,0.8333333333333334,0.0,0.0,0.0,0.06666666666666667,0.08333333333333333,0.8,1.0,1.0,0.08333333333333333,0.006944444444444444,0.05,0.08333333333333333,0.6,1.0,1.0,0.08333333333333333,0.006944444444444444,0.04,0.08333333333333333,0.48,1.0,1.0,0.08333333333333333,0.006944444444444444,0.03333333333333333,0.08333333333333333,0.4,1.0,1.0,0.08333333333333333,0.006944444444444444,0.02857142857142857,0.08333333333333333,0.34285714285714286,1.0,1.0,0.08333333333333333,0.006944444444444444,0.025,0.08333333333333333,0.3,1.0,1.0,0.08333333333333333,0.006944444444444444,0.022222222222222223,0.08333333333333333,0.26666666666666666,1.0,1.0,0.08333333333333333,0.006944444444444444,0.02,0.08333333333333333,0.24,1.0,1.0,0.08333333333333333,0.006944444444444444,qwen3_4b-dj_adpt,8,webtable-v2v-v=12-distilroberta-dj_adpt~qwen3_8b-dj_adpt
wholesale_markets_a.pq,1.0,0.09090909090909091,1.0,0.09090909090909091,1.0,1.0,0.09090909090909091,1.0,0.45454545454545453,1.0,0.45454545454545453,1.0,1.0,0.45454545454545453,0.9,0.8181818181818182,1.0,0.9090909090909091,1.0,1.0,0.8181818181818182,0.7333333333333333,1.0,0.7333333333333333,1.0,1.0,1.0,0.9708624708624708,0.55,1.0,0.55,1.0,1.0,1.0,0.9708624708624708,0.44,1.0,0.44,1.0,1.0,1.0,0.9708624708624708,0.36666666666666664,1.0,0.36666666666666664,1.0,1.0,1.0,0.9708624708624708,0.3142857142857143,1.0,0.3142857142857143,1.0,1.0,1.0,0.9708624708624708,0.275,1.0,0.275,1.0,1.0,1.0,0.9708624708624708,0.24444444444444444,1.0,0.24444444444444444,1.0,1.0,1.0,0.9708624708624708,0.22,1.0,0.22,1.0,1.0,1.0,0.9708624708624708,qwen3_4b-dj_adpt,8,webtable-v2v-v=12-distilroberta-dj_adpt~qwen3_8b-dj_adpt
albums_a.pq,1.0,0.0625,1.0,0.0625,1.0,1.0,0.0625,0.8,0.25,1.0,0.3125,1.0,1.0,0.25,0.8,0.5,1.0,0.625,1.0,1.0,0.44012896825396824,0.8666666666666667,0.8125,1.0,0.9375,1.0,1.0,0.7039713758463758,0.8,1.0,0.8,1.0,1.0,1.0,0.8638059346699053,0.64,1.0,0.64,1.0,1.0,1.0,0.8638059346699053,0.5333333333333333,1.0,0.5333333333333333,1.0,1.0,1.0,0.8638059346699053,0.45714285714285713,1.0,0.45714285714285713,1.0,1.0,1.0,0.8638059346699053,0.4,1.0,0.4,1.0,1.0,1.0,0.8638059346699053,0.35555555555555557,1.0,0.35555555555555557,1.0,1.0,1.0,0.8638059346699053,0.32,1.0,0.32,1.0,1.0,1.0,0.8638059346699053,qwen3_4b-dj_adpt,8,webtable-v2v-v=12-distilroberta-dj_adpt~qwen3_8b-dj_adpt
purchasing_card_a.pq,1.0,0.07692307692307693,1.0,0.07692307692307693,1.0,1.0,0.07692307692307693,1.0,0.38461538461538464,1.0,0.38461538461538464,1.0,1.0,0.38461538461538464,0.9,0.6923076923076923,1.0,0.7692307692307693,1.0,1.0,0.6846153846153846,0.7333333333333333,0.8461538461538461,0.8666666666666667,1.0,1.0,1.0,0.810955710955711,0.6,0.9230769230769231,0.65,1.0,1.0,1.0,0.8652543534896476,0.48,0.9230769230769231,0.52,1.0,1.0,1.0,0.8652543534896476,0.43333333333333335,1.0,0.43333333333333335,1.0,1.0,1.0,0.9022913905266846,0.37142857142857144,1.0,0.37142857142857144,1.0,1.0,1.0,0.9022913905266846,0.325,1.0,0.325,1.0,1.0,1.0,0.9022913905266846,0.28888888888888886,1.0,0.28888888888888886,1.0,1.0,1.0,0.9022913905266846,0.26,1.0,0.26,1.0,1.0,1.0,0.9022913905266846,qwen3_4b-dj_adpt,8,webtable-v2v-v=12-distilroberta-dj_adpt~qwen3_8b-dj_adpt
film_locations_in_san_francisco_a.pq,1.0,0.07692307692307693,1.0,0.07692307692307693,1.0,1.0,0.07692307692307693,0.8,0.3076923076923077,1.0,0.38461538461538464,1.0,1.0,0.24743589743589745,0.9,0.6923076923076923,1.0,0.7692307692307693,1.0,1.0,0.5823870573870574,0.6,0.6923076923076923,0.8666666666666667,1.0,1.0,1.0,0.5823870573870574,0.5,0.7692307692307693,0.65,1.0,1.0,1.0,0.6251221001221001,0.48,0.9230769230769231,0.52,1.0,1.0,1.0,0.702045177045177,0.43333333333333335,1.0,0.43333333333333335,1.0,1.0,1.0,0.7390822140822141,0.37142857142857144,1.0,0.37142857142857144,1.0,1.0,1.0,0.7390822140822141,0.325,1.0,0.325,1.0,1.0,1.0,0.7390822140822141,0.28888888888888886,1.0,0.28888888888888886,1.0,1.0,1.0,0.7390822140822141,0.26,1.0,0.26,1.0,1.0,1.0,0.7390822140822141,qwen3_4b-dj_adpt,8,webtable-v2v-v=12-distilroberta-dj_adpt~qwen3_8b-dj_adpt
311_calls_historic_data_a.pq,1.0,0.09090909090909091,1.0,0.09090909090909091,1.0,1.0,0.09090909090909091,0.2,0.09090909090909091,1.0,0.45454545454545453,1.0,1.0,0.09090909090909091,0.1,0.09090909090909091,1.0,0.9090909090909091,1.0,1.0,0.09090909090909091,0.06666666666666667,0.09090909090909091,0.7333333333333333,1.0,1.0,1.0,0.09090909090909091,0.05,0.09090909090909091,0.55,1.0,1.0,1.0,0.09090909090909091,0.04,0.09090909090909091,0.44,1.0,1.0,1.0,0.09090909090909091,0.03333333333333333,0.09090909090909091,0.36666666666666664,1.0,1.0,1.0,0.09090909090909091,0.02857142857142857,0.09090909090909091,0.3142857142857143,1.0,1.0,1.0,0.09090909090909091,0.025,0.09090909090909091,0.275,1.0,1.0,1.0,0.09090909090909091,0.022222222222222223,0.09090909090909091,0.24444444444444444,1.0,1.0,1.0,0.09090909090909091,0.02,0.09090909090909091,0.22,1.0,1.0,1.0,0.09090909090909091,qwen3_4b-dj_adpt,8,webtable-v2v-v=12-distilroberta-dj_adpt~qwen3_8b-dj_adpt
albums_b.pq,1.0,0.0625,1.0,0.0625,1.0,1.0,0.0625,1.0,0.3125,1.0,0.3125,1.0,1.0,0.3125,0.7,0.4375,1.0,0.625,1.0,1.0,0.41468253968253965,0.4666666666666667,0.4375,1.0,0.9375,1.0,1.0,0.41468253968253965,0.35,0.4375,0.8,1.0,1.0,1.0,0.41468253968253965,0.32,0.5,0.64,1.0,1.0,1.0,0.4384920634920635,0.26666666666666666,0.5,0.5333333333333333,1.0,1.0,1.0,0.4384920634920635,0.2571428571428571,0.5625,0.45714285714285713,1.0,1.0,1.0,0.45663722478238605,0.275,0.6875,0.4,1.0,1.0,1.0,0.49071661667427796,0.26666666666666666,0.75,0.35555555555555557,1.0,1.0,1.0,0.5081584771393942,0.24,0.75,0.32,1.0,1.0,1.0,0.5081584771393942,qwen3_4b-dj_adpt,8,webtable-v2v-v=12-distilroberta-dj_adpt~qwen3_8b-dj_adpt
mines_a.pq,1.0,0.07142857142857142,1.0,0.07142857142857142,1.0,1.0,0.07142857142857142,0.2,0.07142857142857142,1.0,0.35714285714285715,1.0,1.0,0.07142857142857142,0.1,0.07142857142857142,1.0,0.7142857142857143,1.0,1.0,0.07142857142857142,0.06666666666666667,0.07142857142857142,0.9333333333333333,1.0,1.0,1.0,0.07142857142857142,0.05,0.07142857142857142,0.7,1.0,1.0,1.0,0.07142857142857142,0.04,0.07142857142857142,0.56,1.0,1.0,1.0,0.07142857142857142,0.03333333333333333,0.07142857142857142,0.4666666666666667,1.0,1.0,1.0,0.07142857142857142,0.02857142857142857,0.07142857142857142,0.4,1.0,1.0,1.0,0.07142857142857142,0.025,0.07142857142857142,0.35,1.0,1.0,1.0,0.07142857142857142,0.022222222222222223,0.07142857142857142,0.3111111111111111,1.0,1.0,1.0,0.07142857142857142,0.04,0.14285714285714285,0.28,1.0,1.0,1.0,0.07428571428571429,qwen3_4b-dj_adpt,8,webtable-v2v-v=12-distilroberta-dj_adpt~qwen3_8b-dj_adpt
lane_description_a.pq,0.0,0.0,1.0,0.0625,0.0,0.0,0.0,0.0,0.0,1.0,0.3125,0.0,0.0,0.0,0.0,0.0,1.0,0.625,0.0,0.0,0.0,0.06666666666666667,0.0625,1.0,0.9375,1.0,0.06666666666666667,0.004166666666666667,0.1,0.125,0.8,1.0,1.0,0.06666666666666667,0.01111111111111111,0.12,0.1875,0.64,1.0,1.0,0.06666666666666667,0.01861111111111111,0.13333333333333333,0.25,0.5333333333333333,1.0,1.0,0.06666666666666667,0.028226495726495725,0.11428571428571428,0.25,0.45714285714285713,1.0,1.0,0.06666666666666667,0.028226495726495725,0.125,0.3125,0.4,1.0,1.0,0.06666666666666667,0.03623931623931624,0.1111111111111111,0.3125,0.35555555555555557,1.0,1.0,0.06666666666666667,0.03623931623931624,0.1,0.3125,0.32,1.0,1.0,0.06666666666666667,0.03623931623931624,qwen3_4b-dj_adpt,8,webtable-v2v-v=12-distilroberta-dj_adpt~qwen3_8b-dj_adpt
stockport_contracts_b.pq,0.0,0.0,1.0,0.07692307692307693,0.0,0.0,0.0,0.0,0.0,1.0,0.38461538461538464,0.0,0.0,0.0,0.1,0.07692307692307693,1.0,0.7692307692307693,1.0,0.14285714285714285,0.010989010989010988,0.06666666666666667,0.07692307692307693,0.8666666666666667,1.0,1.0,0.14285714285714285,0.010989010989010988,0.05,0.07692307692307693,0.65,1.0,1.0,0.14285714285714285,0.010989010989010988,0.04,0.07692307692307693,0.52,1.0,1.0,0.14285714285714285,0.010989010989010988,0.03333333333333333,0.07692307692307693,0.43333333333333335,1.0,1.0,0.14285714285714285,0.010989010989010988,0.02857142857142857,0.07692307692307693,0.37142857142857144,1.0,1.0,0.14285714285714285,0.010989010989010988,0.025,0.07692307692307693,0.325,1.0,1.0,0.14285714285714285,0.010989010989010988,0.022222222222222223,0.07692307692307693,0.28888888888888886,1.0,1.0,0.14285714285714285,0.010989010989010988,0.02,0.07692307692307693,0.26,1.0,1.0,0.14285714285714285,0.010989010989010988,qwen3_4b-dj_adpt,8,webtable-v2v-v=12-distilroberta-dj_adpt~qwen3_8b-dj_adpt
time_spent_watching_vcr_movies_a.pq,1.0,0.09090909090909091,1.0,0.09090909090909091,1.0,1.0,0.09090909090909091,0.4,0.18181818181818182,1.0,0.45454545454545453,1.0,1.0,0.13636363636363635,0.2,0.18181818181818182,1.0,0.9090909090909091,1.0,1.0,0.13636363636363635,0.13333333333333333,0.18181818181818182,0.7333333333333333,1.0,1.0,1.0,0.13636363636363635,0.1,0.18181818181818182,0.55,1.0,1.0,1.0,0.13636363636363635,0.08,0.18181818181818182,0.44,1.0,1.0,1.0,0.13636363636363635,0.06666666666666667,0.18181818181818182,0.36666666666666664,1.0,1.0,1.0,0.13636363636363635,0.05714285714285714,0.18181818181818182,0.3142857142857143,1.0,1.0,1.0,0.13636363636363635,0.05,0.18181818181818182,0.275,1.0,1.0,1.0,0.13636363636363635,0.044444444444444446,0.18181818181818182,0.24444444444444444,1.0,1.0,1.0,0.13636363636363635,0.04,0.18181818181818182,0.22,1.0,1.0,1.0,0.13636363636363635,qwen3_4b-dj_adpt,8,webtable-v2v-v=12-distilroberta-dj_adpt~qwen3_8b-dj_adpt
civic_building_locations_a.pq,0.0,0.0,1.0,0.08333333333333333,0.0,0.0,0.0,0.0,0.0,1.0,0.4166666666666667,0.0,0.0,0.0,0.1,0.08333333333333333,1.0,0.8333333333333334,1.0,0.1,0.008333333333333333,0.06666666666666667,0.08333333333333333,0.8,1.0,1.0,0.1,0.008333333333333333,0.05,0.08333333333333333,0.6,1.0,1.0,0.1,0.008333333333333333,0.08,0.16666666666666666,0.48,1.0,1.0,0.1,0.01626984126984127,0.06666666666666667,0.16666666666666666,0.4,1.0,1.0,0.1,0.01626984126984127,0.05714285714285714,0.16666666666666666,0.34285714285714286,1.0,1.0,0.1,0.01626984126984127,0.05,0.16666666666666666,0.3,1.0,1.0,0.1,0.01626984126984127,0.044444444444444446,0.16666666666666666,0.26666666666666666,1.0,1.0,0.1,0.01626984126984127,0.04,0.16666666666666666,0.24,1.0,1.0,0.1,0.01626984126984127,qwen3_4b-dj_adpt,8,webtable-v2v-v=12-distilroberta-dj_adpt~qwen3_8b-dj_adpt
mines_b.pq,1.0,0.07142857142857142,1.0,0.07142857142857142,1.0,1.0,0.07142857142857142,0.2,0.07142857142857142,1.0,0.35714285714285715,1.0,1.0,0.07142857142857142,0.1,0.07142857142857142,1.0,0.7142857142857143,1.0,1.0,0.07142857142857142,0.06666666666666667,0.07142857142857142,0.9333333333333333,1.0,1.0,1.0,0.07142857142857142,0.05,0.07142857142857142,0.7,1.0,1.0,1.0,0.07142857142857142,0.04,0.07142857142857142,0.56,1.0,1.0,1.0,0.07142857142857142,0.03333333333333333,0.07142857142857142,0.4666666666666667,1.0,1.0,1.0,0.07142857142857142,0.02857142857142857,0.07142857142857142,0.4,1.0,1.0,1.0,0.07142857142857142,0.025,0.07142857142857142,0.35,1.0,1.0,1.0,0.07142857142857142,0.022222222222222223,0.07142857142857142,0.3111111111111111,1.0,1.0,1.0,0.07142857142857142,0.02,0.07142857142857142,0.28,1.0,1.0,1.0,0.07142857142857142,qwen3_4b-dj_adpt,8,webtable-v2v-v=12-distilroberta-dj_adpt~qwen3_8b-dj_adpt
complaint_by_practice_b.pq,1.0,0.07692307692307693,1.0,0.07692307692307693,1.0,1.0,0.07692307692307693,0.2,0.07692307692307693,1.0,0.38461538461538464,1.0,1.0,0.07692307692307693,0.1,0.07692307692307693,1.0,0.7692307692307693,1.0,1.0,0.07692307692307693,0.06666666666666667,0.07692307692307693,0.8666666666666667,1.0,1.0,1.0,0.07692307692307693,0.05,0.07692307692307693,0.65,1.0,1.0,1.0,0.07692307692307693,0.04,0.07692307692307693,0.52,1.0,1.0,1.0,0.07692307692307693,0.03333333333333333,0.07692307692307693,0.43333333333333335,1.0,1.0,1.0,0.07692307692307693,0.05714285714285714,0.15384615384615385,0.37142857142857144,1.0,1.0,1.0,0.08188585607940446,0.05,0.15384615384615385,0.325,1.0,1.0,1.0,0.08188585607940446,0.044444444444444446,0.15384615384615385,0.28888888888888886,1.0,1.0,1.0,0.08188585607940446,0.06,0.23076923076923078,0.26,1.0,1.0,1.0,0.08690257848743123,qwen3_4b-dj_adpt,8,webtable-v2v-v=12-distilroberta-dj_adpt~qwen3_8b-dj_adpt
ipopayments_a.pq,0.0,0.0,1.0,0.06666666666666667,0.0,0.0,0.0,0.0,0.0,1.0,0.3333333333333333,0.0,0.0,0.0,0.0,0.0,1.0,0.6666666666666666,0.0,0.0,0.0,0.0,0.0,1.0,1.0,0.0,0.0,0.0,0.0,0.0,0.75,1.0,0.0,0.0,0.0,0.0,0.0,0.6,1.0,0.0,0.0,0.0,0.0,0.0,0.5,1.0,0.0,0.0,0.0,0.0,0.0,0.42857142857142855,1.0,0.0,0.0,0.0,0.0,0.0,0.375,1.0,0.0,0.0,0.0,0.0,0.0,0.3333333333333333,1.0,0.0,0.0,0.0,0.0,0.0,0.3,1.0,0.0,0.0,0.0,qwen3_4b-dj_adpt,8,webtable-v2v-v=12-distilroberta-dj_adpt~qwen3_8b-dj_adpt
minister_meetings_a.pq,1.0,0.1,1.0,0.1,1.0,1.0,0.1,0.4,0.2,1.0,0.5,1.0,1.0,0.2,0.2,0.2,1.0,1.0,1.0,1.0,0.2,0.13333333333333333,0.2,0.6666666666666666,1.0,1.0,1.0,0.2,0.1,0.2,0.5,1.0,1.0,1.0,0.2,0.08,0.2,0.4,1.0,1.0,1.0,0.2,0.06666666666666667,0.2,0.3333333333333333,1.0,1.0,1.0,0.2,0.08571428571428572,0.3,0.2857142857142857,1.0,1.0,1.0,0.20857142857142857,0.075,0.3,0.25,1.0,1.0,1.0,0.20857142857142857,0.06666666666666667,0.3,0.2222222222222222,1.0,1.0,1.0,0.20857142857142857,0.06,0.3,0.2,1.0,1.0,1.0,0.20857142857142857,qwen3_4b-dj_adpt,8,webtable-v2v-v=12-distilroberta-dj_adpt~qwen3_8b-dj_adpt
data_mill_b.pq,1.0,0.07142857142857142,1.0,0.07142857142857142,1.0,1.0,0.07142857142857142,0.2,0.07142857142857142,1.0,0.35714285714285715,1.0,1.0,0.07142857142857142,0.1,0.07142857142857142,1.0,0.7142857142857143,1.0,1.0,0.07142857142857142,0.06666666666666667,0.07142857142857142,0.9333333333333333,1.0,1.0,1.0,0.07142857142857142,0.05,0.07142857142857142,0.7,1.0,1.0,1.0,0.07142857142857142,0.04,0.07142857142857142,0.56,1.0,1.0,1.0,0.07142857142857142,0.03333333333333333,0.07142857142857142,0.4666666666666667,1.0,1.0,1.0,0.07142857142857142,0.05714285714285714,0.14285714285714285,0.4,1.0,1.0,1.0,0.07563025210084033,0.05,0.14285714285714285,0.35,1.0,1.0,1.0,0.07563025210084033,0.044444444444444446,0.14285714285714285,0.3111111111111111,1.0,1.0,1.0,0.07563025210084033,0.04,0.14285714285714285,0.28,1.0,1.0,1.0,0.07563025210084033,qwen3_4b-dj_adpt,8,webtable-v2v-v=12-distilroberta-dj_adpt~qwen3_8b-dj_adpt
job_pay_scales_a.pq,0.0,0.0,1.0,0.06666666666666667,0.0,0.0,0.0,0.0,0.0,1.0,0.3333333333333333,0.0,0.0,0.0,0.0,0.0,1.0,0.6666666666666666,0.0,0.0,0.0,0.0,0.0,1.0,1.0,0.0,0.0,0.0,0.05,0.06666666666666667,0.75,1.0,1.0,0.05263157894736842,0.003508771929824561,0.08,0.13333333333333333,0.6,1.0,1.0,0.05263157894736842,0.00985797827903091,0.06666666666666667,0.13333333333333333,0.5,1.0,1.0,0.05263157894736842,0.00985797827903091,0.08571428571428572,0.2,0.42857142857142855,1.0,1.0,0.05263157894736842,0.015572263993316625,0.125,0.3333333333333333,0.375,1.0,1.0,0.05263157894736842,0.030743204164256795,0.1111111111111111,0.3333333333333333,0.3333333333333333,1.0,1.0,0.05263157894736842,0.030743204164256795,0.1,0.3333333333333333,0.3,1.0,1.0,0.05263157894736842,0.030743204164256795,qwen3_4b-dj_adpt,8,webtable-v2v-v=12-distilroberta-dj_adpt~qwen3_8b-dj_adpt
monthly_data_feed_a.pq,0.0,0.0,1.0,0.07692307692307693,0.0,0.0,0.0,0.2,0.07692307692307693,1.0,0.38461538461538464,1.0,0.3333333333333333,0.02564102564102564,0.1,0.07692307692307693,1.0,0.7692307692307693,1.0,0.3333333333333333,0.02564102564102564,0.06666666666666667,0.07692307692307693,0.8666666666666667,1.0,1.0,0.3333333333333333,0.02564102564102564,0.05,0.07692307692307693,0.65,1.0,1.0,0.3333333333333333,0.02564102564102564,0.04,0.07692307692307693,0.52,1.0,1.0,0.3333333333333333,0.02564102564102564,0.03333333333333333,0.07692307692307693,0.43333333333333335,1.0,1.0,0.3333333333333333,0.02564102564102564,0.02857142857142857,0.07692307692307693,0.37142857142857144,1.0,1.0,0.3333333333333333,0.02564102564102564,0.025,0.07692307692307693,0.325,1.0,1.0,0.3333333333333333,0.02564102564102564,0.022222222222222223,0.07692307692307693,0.28888888888888886,1.0,1.0,0.3333333333333333,0.02564102564102564,0.02,0.07692307692307693,0.26,1.0,1.0,0.3333333333333333,0.02564102564102564,qwen3_4b-dj_adpt,8,webtable-v2v-v=12-distilroberta-dj_adpt~qwen3_8b-dj_adpt
monthly_data_feed_b.pq,0.0,0.0,1.0,0.07692307692307693,0.0,0.0,0.0,0.0,0.0,1.0,0.38461538461538464,0.0,0.0,0.0,0.0,0.0,1.0,0.7692307692307693,0.0,0.0,0.0,0.0,0.0,0.8666666666666667,1.0,0.0,0.0,0.0,0.0,0.0,0.65,1.0,0.0,0.0,0.0,0.0,0.0,0.52,1.0,0.0,0.0,0.0,0.0,0.0,0.43333333333333335,1.0,0.0,0.0,0.0,0.0,0.0,0.37142857142857144,1.0,0.0,0.0,0.0,0.0,0.0,0.325,1.0,0.0,0.0,0.0,0.0,0.0,0.28888888888888886,1.0,0.0,0.0,0.0,0.02,0.07692307692307693,0.26,1.0,1.0,0.02127659574468085,0.001636661211129296,qwen3_4b-dj_adpt,8,webtable-v2v-v=12-distilroberta-dj_adpt~qwen3_8b-dj_adpt
cihr_co-applicant_b.pq,0.0,0.0,1.0,0.08333333333333333,0.0,0.0,0.0,0.0,0.0,1.0,0.4166666666666667,0.0,0.0,0.0,0.0,0.0,1.0,0.8333333333333334,0.0,0.0,0.0,0.0,0.0,0.8,1.0,0.0,0.0,0.0,0.0,0.0,0.6,1.0,0.0,0.0,0.0,0.0,0.0,0.48,1.0,0.0,0.0,0.0,0.0,0.0,0.4,1.0,0.0,0.0,0.0,0.0,0.0,0.34285714285714286,1.0,0.0,0.0,0.0,0.0,0.0,0.3,1.0,0.0,0.0,0.0,0.022222222222222223,0.08333333333333333,0.26666666666666666,1.0,1.0,0.023255813953488372,0.001937984496124031,0.02,0.08333333333333333,0.24,1.0,1.0,0.023255813953488372,0.001937984496124031,qwen3_4b-dj_adpt,8,webtable-v2v-v=12-distilroberta-dj_adpt~qwen3_8b-dj_adpt
contributors_parties_a.pq,1.0,0.047619047619047616,1.0,0.047619047619047616,1.0,1.0,0.047619047619047616,1.0,0.23809523809523808,1.0,0.23809523809523808,1.0,1.0,0.23809523809523808,1.0,0.47619047619047616,1.0,0.47619047619047616,1.0,1.0,0.47619047619047616,0.9333333333333333,0.6666666666666666,1.0,0.7142857142857143,1.0,1.0,0.6600907029478458,0.85,0.8095238095238095,1.0,0.9523809523809523,1.0,1.0,0.7875377928949358,0.76,0.9047619047619048,0.84,1.0,1.0,1.0,0.8694796605510892,0.6333333333333333,0.9047619047619048,0.7,1.0,1.0,1.0,0.8694796605510892,0.5428571428571428,0.9047619047619048,0.6,1.0,1.0,1.0,0.8694796605510892,0.475,0.9047619047619048,0.525,1.0,1.0,1.0,0.8694796605510892,0.4222222222222222,0.9047619047619048,0.4666666666666667,1.0,1.0,1.0,0.8694796605510892,0.4,0.9523809523809523,0.42,1.0,1.0,1.0,0.8901835942985011,qwen3_4b-dj_adpt,8,webtable-v2v-v=12-distilroberta-dj_adpt~qwen3_8b-dj_adpt
wholesale_markets_a.pq,1.0,0.09090909090909091,1.0,0.09090909090909091,1.0,1.0,0.09090909090909091,0.2,0.09090909090909091,1.0,0.45454545454545453,1.0,1.0,0.09090909090909091,0.1,0.09090909090909091,1.0,0.9090909090909091,1.0,1.0,0.09090909090909091,0.06666666666666667,0.09090909090909091,0.7333333333333333,1.0,1.0,1.0,0.09090909090909091,0.05,0.09090909090909091,0.55,1.0,1.0,1.0,0.09090909090909091,0.04,0.09090909090909091,0.44,1.0,1.0,1.0,0.09090909090909091,0.03333333333333333,0.09090909090909091,0.36666666666666664,1.0,1.0,1.0,0.09090909090909091,0.02857142857142857,0.09090909090909091,0.3142857142857143,1.0,1.0,1.0,0.09090909090909091,0.025,0.09090909090909091,0.275,1.0,1.0,1.0,0.09090909090909091,0.022222222222222223,0.09090909090909091,0.24444444444444444,1.0,1.0,1.0,0.09090909090909091,0.02,0.09090909090909091,0.22,1.0,1.0,1.0,0.09090909090909091,kalm_gemma3_12b-dj_adpt,9,webtable-v2v-v=12-distilroberta-dj_adpt~qwen3_8b-dj_adpt
psyckes_antipsychotic_polypharmacy_quality_indicators_beginning_2012_a.pq,1.0,0.09090909090909091,1.0,0.09090909090909091,1.0,1.0,0.09090909090909091,0.2,0.09090909090909091,1.0,0.45454545454545453,1.0,1.0,0.09090909090909091,0.1,0.09090909090909091,1.0,0.9090909090909091,1.0,1.0,0.09090909090909091,0.06666666666666667,0.09090909090909091,0.7333333333333333,1.0,1.0,1.0,0.09090909090909091,0.05,0.09090909090909091,0.55,1.0,1.0,1.0,0.09090909090909091,0.04,0.09090909090909091,0.44,1.0,1.0,1.0,0.09090909090909091,0.03333333333333333,0.09090909090909091,0.36666666666666664,1.0,1.0,1.0,0.09090909090909091,0.02857142857142857,0.09090909090909091,0.3142857142857143,1.0,1.0,1.0,0.09090909090909091,0.025,0.09090909090909091,0.275,1.0,1.0,1.0,0.09090909090909091,0.022222222222222223,0.09090909090909091,0.24444444444444444,1.0,1.0,1.0,0.09090909090909091,0.02,0.09090909090909091,0.22,1.0,1.0,1.0,0.09090909090909091,kalm_gemma3_12b-dj_adpt,9,webtable-v2v-v=12-distilroberta-dj_adpt~qwen3_8b-dj_adpt
monthly_data_feed_b.pq,1.0,0.07692307692307693,1.0,0.07692307692307693,1.0,1.0,0.07692307692307693,0.2,0.07692307692307693,1.0,0.38461538461538464,1.0,1.0,0.07692307692307693,0.1,0.07692307692307693,1.0,0.7692307692307693,1.0,1.0,0.07692307692307693,0.13333333333333333,0.15384615384615385,0.8666666666666667,1.0,1.0,1.0,0.08974358974358974,0.1,0.15384615384615385,0.65,1.0,1.0,1.0,0.08974358974358974,0.12,0.23076923076923078,0.52,1.0,1.0,1.0,0.09897435897435897,0.1,0.23076923076923078,0.43333333333333335,1.0,1.0,1.0,0.09897435897435897,0.08571428571428572,0.23076923076923078,0.37142857142857144,1.0,1.0,1.0,0.09897435897435897,0.075,0.23076923076923078,0.325,1.0,1.0,1.0,0.09897435897435897,0.06666666666666667,0.23076923076923078,0.28888888888888886,1.0,1.0,1.0,0.09897435897435897,0.06,0.23076923076923078,0.26,1.0,1.0,1.0,0.09897435897435897,kalm_gemma3_12b-dj_adpt,9,webtable-v2v-v=12-distilroberta-dj_adpt~qwen3_8b-dj_adpt
ydn_spending_data_b.pq,1.0,0.08333333333333333,1.0,0.08333333333333333,1.0,1.0,0.08333333333333333,0.2,0.08333333333333333,1.0,0.4166666666666667,1.0,1.0,0.08333333333333333,0.1,0.08333333333333333,1.0,0.8333333333333334,1.0,1.0,0.08333333333333333,0.06666666666666667,0.08333333333333333,0.8,1.0,1.0,1.0,0.08333333333333333,0.1,0.16666666666666666,0.6,1.0,1.0,1.0,0.09166666666666667,0.16,0.3333333333333333,0.48,1.0,1.0,1.0,0.11746031746031745,0.13333333333333333,0.3333333333333333,0.4,1.0,1.0,1.0,0.11746031746031745,0.14285714285714285,0.4166666666666667,0.34285714285714286,1.0,1.0,1.0,0.12971521942110179,0.125,0.4166666666666667,0.3,1.0,1.0,1.0,0.12971521942110179,0.1111111111111111,0.4166666666666667,0.26666666666666666,1.0,1.0,1.0,0.12971521942110179,0.1,0.4166666666666667,0.24,1.0,1.0,1.0,0.12971521942110179,kalm_gemma3_12b-dj_adpt,9,webtable-v2v-v=12-distilroberta-dj_adpt~qwen3_8b-dj_adpt
complaint_by_practice_a.pq,1.0,0.07692307692307693,1.0,0.07692307692307693,1.0,1.0,0.07692307692307693,0.6,0.23076923076923078,1.0,0.38461538461538464,1.0,1.0,0.23076923076923078,0.4,0.3076923076923077,1.0,0.7692307692307693,1.0,1.0,0.26153846153846155,0.3333333333333333,0.38461538461538464,0.8666666666666667,1.0,1.0,1.0,0.2965034965034965,0.25,0.38461538461538464,0.65,1.0,1.0,1.0,0.2965034965034965,0.2,0.38461538461538464,0.52,1.0,1.0,1.0,0.2965034965034965,0.16666666666666666,0.38461538461538464,0.43333333333333335,1.0,1.0,1.0,0.2965034965034965,0.17142857142857143,0.46153846153846156,0.37142857142857144,1.0,1.0,1.0,0.3113918339724791,0.175,0.5384615384615384,0.325,1.0,1.0,1.0,0.3259448485254937,0.15555555555555556,0.5384615384615384,0.28888888888888886,1.0,1.0,1.0,0.3259448485254937,0.16,0.6153846153846154,0.26,1.0,1.0,1.0,0.3393227749468984,kalm_gemma3_12b-dj_adpt,9,webtable-v2v-v=12-distilroberta-dj_adpt~qwen3_8b-dj_adpt
business_rates_a.pq,1.0,0.08333333333333333,1.0,0.08333333333333333,1.0,1.0,0.08333333333333333,0.4,0.16666666666666666,1.0,0.4166666666666667,1.0,1.0,0.125,0.3,0.25,1.0,0.8333333333333334,1.0,1.0,0.15,0.3333333333333333,0.4166666666666667,0.8,1.0,1.0,1.0,0.2150252525252525,0.25,0.4166666666666667,0.6,1.0,1.0,1.0,0.2150252525252525,0.2,0.4166666666666667,0.48,1.0,1.0,1.0,0.2150252525252525,0.16666666666666666,0.4166666666666667,0.4,1.0,1.0,1.0,0.2150252525252525,0.14285714285714285,0.4166666666666667,0.34285714285714286,1.0,1.0,1.0,0.2150252525252525,0.125,0.4166666666666667,0.3,1.0,1.0,1.0,0.2150252525252525,0.1111111111111111,0.4166666666666667,0.26666666666666666,1.0,1.0,1.0,0.2150252525252525,0.1,0.4166666666666667,0.24,1.0,1.0,1.0,0.2150252525252525,kalm_gemma3_12b-dj_adpt,9,webtable-v2v-v=12-distilroberta-dj_adpt~qwen3_8b-dj_adpt
lane_description_a.pq,1.0,0.0625,1.0,0.0625,1.0,1.0,0.0625,0.2,0.0625,1.0,0.3125,1.0,1.0,0.0625,0.1,0.0625,1.0,0.625,1.0,1.0,0.0625,0.06666666666666667,0.0625,1.0,0.9375,1.0,1.0,0.0625,0.05,0.0625,0.8,1.0,1.0,1.0,0.0625,0.04,0.0625,0.64,1.0,1.0,1.0,0.0625,0.03333333333333333,0.0625,0.5333333333333333,1.0,1.0,1.0,0.0625,0.02857142857142857,0.0625,0.45714285714285713,1.0,1.0,1.0,0.0625,0.025,0.0625,0.4,1.0,1.0,1.0,0.0625,0.022222222222222223,0.0625,0.35555555555555557,1.0,1.0,1.0,0.0625,0.02,0.0625,0.32,1.0,1.0,1.0,0.0625,kalm_gemma3_12b-dj_adpt,9,webtable-v2v-v=12-distilroberta-dj_adpt~qwen3_8b-dj_adpt
cihr_co-applicant_a.pq,1.0,0.08333333333333333,1.0,0.08333333333333333,1.0,1.0,0.08333333333333333,1.0,0.4166666666666667,1.0,0.4166666666666667,1.0,1.0,0.4166666666666667,1.0,0.8333333333333334,1.0,0.8333333333333334,1.0,1.0,0.8333333333333334,0.7333333333333333,0.9166666666666666,0.8,1.0,1.0,1.0,0.9166666666666666,0.55,0.9166666666666666,0.6,1.0,1.0,1.0,0.9166666666666666,0.44,0.9166666666666666,0.48,1.0,1.0,1.0,0.9166666666666666,0.4,1.0,0.4,1.0,1.0,1.0,0.9523809523809524,0.34285714285714286,1.0,0.34285714285714286,1.0,1.0,1.0,0.9523809523809524,0.3,1.0,0.3,1.0,1.0,1.0,0.9523809523809524,0.26666666666666666,1.0,0.26666666666666666,1.0,1.0,1.0,0.9523809523809524,0.24,1.0,0.24,1.0,1.0,1.0,0.9523809523809524,kalm_gemma3_12b-dj_adpt,9,webtable-v2v-v=12-distilroberta-dj_adpt~qwen3_8b-dj_adpt
biodiversity_a.pq,1.0,0.09090909090909091,1.0,0.09090909090909091,1.0,1.0,0.09090909090909091,0.4,0.18181818181818182,1.0,0.45454545454545453,1.0,1.0,0.1515151515151515,0.2,0.18181818181818182,1.0,0.9090909090909091,1.0,1.0,0.1515151515151515,0.13333333333333333,0.18181818181818182,0.7333333333333333,1.0,1.0,1.0,0.1515151515151515,0.1,0.18181818181818182,0.55,1.0,1.0,1.0,0.1515151515151515,0.08,0.18181818181818182,0.44,1.0,1.0,1.0,0.1515151515151515,0.06666666666666667,0.18181818181818182,0.36666666666666664,1.0,1.0,1.0,0.1515151515151515,0.05714285714285714,0.18181818181818182,0.3142857142857143,1.0,1.0,1.0,0.1515151515151515,0.075,0.2727272727272727,0.275,1.0,1.0,1.0,0.15833333333333333,0.08888888888888889,0.36363636363636365,0.24444444444444444,1.0,1.0,1.0,0.166991341991342,0.08,0.36363636363636365,0.22,1.0,1.0,1.0,0.166991341991342,kalm_gemma3_12b-dj_adpt,9,webtable-v2v-v=12-distilroberta-dj_adpt~qwen3_8b-dj_adpt
contributors_parties_a.pq,1.0,0.047619047619047616,1.0,0.047619047619047616,1.0,1.0,0.047619047619047616,1.0,0.23809523809523808,1.0,0.23809523809523808,1.0,1.0,0.23809523809523808,1.0,0.47619047619047616,1.0,0.47619047619047616,1.0,1.0,0.47619047619047616,1.0,0.7142857142857143,1.0,0.7142857142857143,1.0,1.0,0.7142857142857143,1.0,0.9523809523809523,1.0,0.9523809523809523,1.0,1.0,0.9523809523809523,0.84,1.0,0.84,1.0,1.0,1.0,1.0,0.7,1.0,0.7,1.0,1.0,1.0,1.0,0.6,1.0,0.6,1.0,1.0,1.0,1.0,0.525,1.0,0.525,1.0,1.0,1.0,1.0,0.4666666666666667,1.0,0.4666666666666667,1.0,1.0,1.0,1.0,0.42,1.0,0.42,1.0,1.0,1.0,1.0,kalm_gemma3_12b-dj_adpt,9,webtable-v2v-v=12-distilroberta-dj_adpt~qwen3_8b-dj_adpt
ipopayments_b.pq,1.0,0.06666666666666667,1.0,0.06666666666666667,1.0,1.0,0.06666666666666667,0.8,0.26666666666666666,1.0,0.3333333333333333,1.0,1.0,0.26666666666666666,0.4,0.26666666666666666,1.0,0.6666666666666666,1.0,1.0,0.26666666666666666,0.26666666666666666,0.26666666666666666,1.0,1.0,1.0,1.0,0.26666666666666666,0.2,0.26666666666666666,0.75,1.0,1.0,1.0,0.26666666666666666,0.16,0.26666666666666666,0.6,1.0,1.0,1.0,0.26666666666666666,0.13333333333333333,0.26666666666666666,0.5,1.0,1.0,1.0,0.26666666666666666,0.11428571428571428,0.26666666666666666,0.42857142857142855,1.0,1.0,1.0,0.26666666666666666,0.1,0.26666666666666666,0.375,1.0,1.0,1.0,0.26666666666666666,0.08888888888888889,0.26666666666666666,0.3333333333333333,1.0,1.0,1.0,0.26666666666666666,0.08,0.26666666666666666,0.3,1.0,1.0,1.0,0.26666666666666666,kalm_gemma3_12b-dj_adpt,9,webtable-v2v-v=12-distilroberta-dj_adpt~qwen3_8b-dj_adpt
purchasing_card_a.pq,1.0,0.07692307692307693,1.0,0.07692307692307693,1.0,1.0,0.07692307692307693,1.0,0.38461538461538464,1.0,0.38461538461538464,1.0,1.0,0.38461538461538464,0.6,0.46153846153846156,1.0,0.7692307692307693,1.0,1.0,0.46153846153846156,0.4,0.46153846153846156,0.8666666666666667,1.0,1.0,1.0,0.46153846153846156,0.3,0.46153846153846156,0.65,1.0,1.0,1.0,0.46153846153846156,0.24,0.46153846153846156,0.52,1.0,1.0,1.0,0.46153846153846156,0.2,0.46153846153846156,0.43333333333333335,1.0,1.0,1.0,0.46153846153846156,0.2,0.5384615384615384,0.37142857142857144,1.0,1.0,1.0,0.47785547785547783,0.175,0.5384615384615384,0.325,1.0,1.0,1.0,0.47785547785547783,0.15555555555555556,0.5384615384615384,0.28888888888888886,1.0,1.0,1.0,0.47785547785547783,0.14,0.5384615384615384,0.26,1.0,1.0,1.0,0.47785547785547783,kalm_gemma3_12b-dj_adpt,9,webtable-v2v-v=12-distilroberta-dj_adpt~qwen3_8b-dj_adpt
time_spent_watching_vcr_movies_a.pq,1.0,0.09090909090909091,1.0,0.09090909090909091,1.0,1.0,0.09090909090909091,1.0,0.45454545454545453,1.0,0.45454545454545453,1.0,1.0,0.45454545454545453,0.6,0.5454545454545454,1.0,0.9090909090909091,1.0,1.0,0.5454545454545454,0.4666666666666667,0.6363636363636364,0.7333333333333333,1.0,1.0,1.0,0.6033057851239669,0.35,0.6363636363636364,0.55,1.0,1.0,1.0,0.6033057851239669,0.28,0.6363636363636364,0.44,1.0,1.0,1.0,0.6033057851239669,0.23333333333333334,0.6363636363636364,0.36666666666666664,1.0,1.0,1.0,0.6033057851239669,0.2,0.6363636363636364,0.3142857142857143,1.0,1.0,1.0,0.6033057851239669,0.175,0.6363636363636364,0.275,1.0,1.0,1.0,0.6033057851239669,0.15555555555555556,0.6363636363636364,0.24444444444444444,1.0,1.0,1.0,0.6033057851239669,0.14,0.6363636363636364,0.22,1.0,1.0,1.0,0.6033057851239669,kalm_gemma3_12b-dj_adpt,9,webtable-v2v-v=12-distilroberta-dj_adpt~qwen3_8b-dj_adpt
abandoned_wells_a.pq,1.0,0.09090909090909091,1.0,0.09090909090909091,1.0,1.0,0.09090909090909091,1.0,0.45454545454545453,1.0,0.45454545454545453,1.0,1.0,0.45454545454545453,0.7,0.6363636363636364,1.0,0.9090909090909091,1.0,1.0,0.6363636363636364,0.5333333333333333,0.7272727272727273,0.7333333333333333,1.0,1.0,1.0,0.6923076923076923,0.45,0.8181818181818182,0.55,1.0,1.0,1.0,0.7404360345536816,0.36,0.8181818181818182,0.44,1.0,1.0,1.0,0.7404360345536816,0.3,0.8181818181818182,0.36666666666666664,1.0,1.0,1.0,0.7404360345536816,0.2571428571428571,0.8181818181818182,0.3142857142857143,1.0,1.0,1.0,0.7404360345536816,0.25,0.9090909090909091,0.275,1.0,1.0,1.0,0.7656885598062069,0.2222222222222222,0.9090909090909091,0.24444444444444444,1.0,1.0,1.0,0.7656885598062069,0.2,0.9090909090909091,0.22,1.0,1.0,1.0,0.7656885598062069,kalm_gemma3_12b-dj_adpt,9,webtable-v2v-v=12-distilroberta-dj_adpt~qwen3_8b-dj_adpt
oil_and_gas_summary_production_data_1967_1999_a.pq,1.0,0.09090909090909091,1.0,0.09090909090909091,1.0,1.0,0.09090909090909091,1.0,0.45454545454545453,1.0,0.45454545454545453,1.0,1.0,0.45454545454545453,0.9,0.8181818181818182,1.0,0.9090909090909091,1.0,1.0,0.7746392496392496,0.7333333333333333,1.0,0.7333333333333333,1.0,1.0,1.0,0.9239505444050898,0.55,1.0,0.55,1.0,1.0,1.0,0.9239505444050898,0.44,1.0,0.44,1.0,1.0,1.0,0.9239505444050898,0.36666666666666664,1.0,0.36666666666666664,1.0,1.0,1.0,0.9239505444050898,0.3142857142857143,1.0,0.3142857142857143,1.0,1.0,1.0,0.9239505444050898,0.275,1.0,0.275,1.0,1.0,1.0,0.9239505444050898,0.24444444444444444,1.0,0.24444444444444444,1.0,1.0,1.0,0.9239505444050898,0.22,1.0,0.22,1.0,1.0,1.0,0.9239505444050898,kalm_gemma3_12b-dj_adpt,9,webtable-v2v-v=12-distilroberta-dj_adpt~qwen3_8b-dj_adpt
albums_b.pq,1.0,0.0625,1.0,0.0625,1.0,1.0,0.0625,0.6,0.1875,1.0,0.3125,1.0,1.0,0.1875,0.3,0.1875,1.0,0.625,1.0,1.0,0.1875,0.2,0.1875,1.0,0.9375,1.0,1.0,0.1875,0.2,0.25,0.8,1.0,1.0,1.0,0.20220588235294118,0.2,0.3125,0.64,1.0,1.0,1.0,0.2147058823529412,0.2,0.375,0.5333333333333333,1.0,1.0,1.0,0.2276369168356998,0.17142857142857143,0.375,0.45714285714285713,1.0,1.0,1.0,0.2276369168356998,0.2,0.5,0.4,1.0,1.0,1.0,0.2529475893503197,0.2222222222222222,0.625,0.35555555555555557,1.0,1.0,1.0,0.27991787358804576,0.22,0.6875,0.32,1.0,1.0,1.0,0.2936678735880458,kalm_gemma3_12b-dj_adpt,9,webtable-v2v-v=12-distilroberta-dj_adpt~qwen3_8b-dj_adpt
job_pay_scales_a.pq,1.0,0.06666666666666667,1.0,0.06666666666666667,1.0,1.0,0.06666666666666667,0.8,0.26666666666666666,1.0,0.3333333333333333,1.0,1.0,0.26666666666666666,0.5,0.3333333333333333,1.0,0.6666666666666666,1.0,1.0,0.3037037037037037,0.4666666666666667,0.4666666666666667,1.0,1.0,1.0,1.0,0.37596477596477595,0.4,0.5333333333333333,0.75,1.0,1.0,1.0,0.4026314426314426,0.4,0.6666666666666666,0.6,1.0,1.0,1.0,0.4576819476819477,0.3333333333333333,0.6666666666666666,0.5,1.0,1.0,1.0,0.4576819476819477,0.2857142857142857,0.6666666666666666,0.42857142857142855,1.0,1.0,1.0,0.4576819476819477,0.25,0.6666666666666666,0.375,1.0,1.0,1.0,0.4576819476819477,0.2222222222222222,0.6666666666666666,0.3333333333333333,1.0,1.0,1.0,0.4576819476819477,0.2,0.6666666666666666,0.3,1.0,1.0,1.0,0.4576819476819477,kalm_gemma3_12b-dj_adpt,9,webtable-v2v-v=12-distilroberta-dj_adpt~qwen3_8b-dj_adpt
prescribing_b.pq,1.0,0.06666666666666667,1.0,0.06666666666666667,1.0,1.0,0.06666666666666667,0.4,0.13333333333333333,1.0,0.3333333333333333,1.0,1.0,0.09333333333333332,0.3,0.2,1.0,0.6666666666666666,1.0,1.0,0.11833333333333333,0.26666666666666666,0.26666666666666666,1.0,1.0,1.0,1.0,0.1373809523809524,0.2,0.26666666666666666,0.75,1.0,1.0,1.0,0.1373809523809524,0.16,0.26666666666666666,0.6,1.0,1.0,1.0,0.1373809523809524,0.13333333333333333,0.26666666666666666,0.5,1.0,1.0,1.0,0.1373809523809524,0.14285714285714285,0.3333333333333333,0.42857142857142855,1.0,1.0,1.0,0.1474819624819625,0.125,0.3333333333333333,0.375,1.0,1.0,1.0,0.1474819624819625,0.1111111111111111,0.3333333333333333,0.3333333333333333,1.0,1.0,1.0,0.1474819624819625,0.12,0.4,0.3,1.0,1.0,1.0,0.15564522778808493,kalm_gemma3_12b-dj_adpt,9,webtable-v2v-v=12-distilroberta-dj_adpt~qwen3_8b-dj_adpt
tuition_assistance_program_tap_recipients_a.pq,1.0,0.09090909090909091,1.0,0.09090909090909091,1.0,1.0,0.09090909090909091,0.2,0.09090909090909091,1.0,0.45454545454545453,1.0,1.0,0.09090909090909091,0.1,0.09090909090909091,1.0,0.9090909090909091,1.0,1.0,0.09090909090909091,0.06666666666666667,0.09090909090909091,0.7333333333333333,1.0,1.0,1.0,0.09090909090909091,0.05,0.09090909090909091,0.55,1.0,1.0,1.0,0.09090909090909091,0.04,0.09090909090909091,0.44,1.0,1.0,1.0,0.09090909090909091,0.03333333333333333,0.09090909090909091,0.36666666666666664,1.0,1.0,1.0,0.09090909090909091,0.02857142857142857,0.09090909090909091,0.3142857142857143,1.0,1.0,1.0,0.09090909090909091,0.025,0.09090909090909091,0.275,1.0,1.0,1.0,0.09090909090909091,0.022222222222222223,0.09090909090909091,0.24444444444444444,1.0,1.0,1.0,0.09090909090909091,0.02,0.09090909090909091,0.22,1.0,1.0,1.0,0.09090909090909091,kalm_gemma3_12b-dj_adpt,9,webtable-v2v-v=12-distilroberta-dj_adpt~qwen3_8b-dj_adpt
deaths_2012_2018_a.pq,1.0,0.09090909090909091,1.0,0.09090909090909091,1.0,1.0,0.09090909090909091,0.4,0.18181818181818182,1.0,0.45454545454545453,1.0,1.0,0.1515151515151515,0.3,0.2727272727272727,1.0,0.9090909090909091,1.0,1.0,0.18560606060606058,0.2,0.2727272727272727,0.7333333333333333,1.0,1.0,1.0,0.18560606060606058,0.2,0.36363636363636365,0.55,1.0,1.0,1.0,0.2037878787878788,0.16,0.36363636363636365,0.44,1.0,1.0,1.0,0.2037878787878788,0.13333333333333333,0.36363636363636365,0.36666666666666664,1.0,1.0,1.0,0.2037878787878788,0.11428571428571428,0.36363636363636365,0.3142857142857143,1.0,1.0,1.0,0.2037878787878788,0.1,0.36363636363636365,0.275,1.0,1.0,1.0,0.2037878787878788,0.08888888888888889,0.36363636363636365,0.24444444444444444,1.0,1.0,1.0,0.2037878787878788,0.08,0.36363636363636365,0.22,1.0,1.0,1.0,0.2037878787878788,kalm_gemma3_12b-dj_adpt,9,webtable-v2v-v=12-distilroberta-dj_adpt~qwen3_8b-dj_adpt
ipopayments_a.pq,1.0,0.06666666666666667,1.0,0.06666666666666667,1.0,1.0,0.06666666666666667,0.8,0.26666666666666666,1.0,0.3333333333333333,1.0,1.0,0.26666666666666666,0.4,0.26666666666666666,1.0,0.6666666666666666,1.0,1.0,0.26666666666666666,0.26666666666666666,0.26666666666666666,1.0,1.0,1.0,1.0,0.26666666666666666,0.2,0.26666666666666666,0.75,1.0,1.0,1.0,0.26666666666666666,0.16,0.26666666666666666,0.6,1.0,1.0,1.0,0.26666666666666666,0.13333333333333333,0.26666666666666666,0.5,1.0,1.0,1.0,0.26666666666666666,0.11428571428571428,0.26666666666666666,0.42857142857142855,1.0,1.0,1.0,0.26666666666666666,0.1,0.26666666666666666,0.375,1.0,1.0,1.0,0.26666666666666666,0.08888888888888889,0.26666666666666666,0.3333333333333333,1.0,1.0,1.0,0.26666666666666666,0.1,0.3333333333333333,0.3,1.0,1.0,1.0,0.27361111111111114,kalm_gemma3_12b-dj_adpt,9,webtable-v2v-v=12-distilroberta-dj_adpt~qwen3_8b-dj_adpt
lane_description_b.pq,1.0,0.0625,1.0,0.0625,1.0,1.0,0.0625,0.2,0.0625,1.0,0.3125,1.0,1.0,0.0625,0.1,0.0625,1.0,0.625,1.0,1.0,0.0625,0.06666666666666667,0.0625,1.0,0.9375,1.0,1.0,0.0625,0.05,0.0625,0.8,1.0,1.0,1.0,0.0625,0.04,0.0625,0.64,1.0,1.0,1.0,0.0625,0.03333333333333333,0.0625,0.5333333333333333,1.0,1.0,1.0,0.0625,0.02857142857142857,0.0625,0.45714285714285713,1.0,1.0,1.0,0.0625,0.025,0.0625,0.4,1.0,1.0,1.0,0.0625,0.022222222222222223,0.0625,0.35555555555555557,1.0,1.0,1.0,0.0625,0.02,0.0625,0.32,1.0,1.0,1.0,0.0625,kalm_gemma3_12b-dj_adpt,9,webtable-v2v-v=12-distilroberta-dj_adpt~qwen3_8b-dj_adpt
animal_tag_data_a.pq,1.0,0.08333333333333333,1.0,0.08333333333333333,1.0,1.0,0.08333333333333333,0.4,0.16666666666666666,1.0,0.4166666666666667,1.0,1.0,0.13888888888888887,0.5,0.4166666666666667,1.0,0.8333333333333334,1.0,1.0,0.2698412698412698,0.4,0.5,0.8,1.0,1.0,1.0,0.30317460317460315,0.3,0.5,0.6,1.0,1.0,1.0,0.30317460317460315,0.24,0.5,0.48,1.0,1.0,1.0,0.30317460317460315,0.2,0.5,0.4,1.0,1.0,1.0,0.30317460317460315,0.17142857142857143,0.5,0.34285714285714286,1.0,1.0,1.0,0.30317460317460315,0.15,0.5,0.3,1.0,1.0,1.0,0.30317460317460315,0.13333333333333333,0.5,0.26666666666666666,1.0,1.0,1.0,0.30317460317460315,0.12,0.5,0.24,1.0,1.0,1.0,0.30317460317460315,kalm_gemma3_12b-dj_adpt,9,webtable-v2v-v=12-distilroberta-dj_adpt~qwen3_8b-dj_adpt
minister_meetings_a.pq,1.0,0.1,1.0,0.1,1.0,1.0,0.1,0.4,0.2,1.0,0.5,1.0,1.0,0.2,0.2,0.2,1.0,1.0,1.0,1.0,0.2,0.13333333333333333,0.2,0.6666666666666666,1.0,1.0,1.0,0.2,0.1,0.2,0.5,1.0,1.0,1.0,0.2,0.08,0.2,0.4,1.0,1.0,1.0,0.2,0.06666666666666667,0.2,0.3333333333333333,1.0,1.0,1.0,0.2,0.05714285714285714,0.2,0.2857142857142857,1.0,1.0,1.0,0.2,0.05,0.2,0.25,1.0,1.0,1.0,0.2,0.06666666666666667,0.3,0.2222222222222222,1.0,1.0,1.0,0.20714285714285716,0.06,0.3,0.2,1.0,1.0,1.0,0.20714285714285716,kalm_gemma3_12b-dj_adpt,9,webtable-v2v-v=12-distilroberta-dj_adpt~qwen3_8b-dj_adpt
prescribing_a.pq,1.0,0.06666666666666667,1.0,0.06666666666666667,1.0,1.0,0.06666666666666667,0.2,0.06666666666666667,1.0,0.3333333333333333,1.0,1.0,0.06666666666666667,0.1,0.06666666666666667,1.0,0.6666666666666666,1.0,1.0,0.06666666666666667,0.06666666666666667,0.06666666666666667,1.0,1.0,1.0,1.0,0.06666666666666667,0.1,0.13333333333333333,0.75,1.0,1.0,1.0,0.07333333333333333,0.08,0.13333333333333333,0.6,1.0,1.0,1.0,0.07333333333333333,0.1,0.2,0.5,1.0,1.0,1.0,0.08074074074074074,0.08571428571428572,0.2,0.42857142857142855,1.0,1.0,1.0,0.08074074074074074,0.125,0.3333333333333333,0.375,1.0,1.0,1.0,0.09628128128128127,0.1111111111111111,0.3333333333333333,0.3333333333333333,1.0,1.0,1.0,0.09628128128128127,0.12,0.4,0.3,1.0,1.0,1.0,0.10428128128128128,kalm_gemma3_12b-dj_adpt,9,webtable-v2v-v=12-distilroberta-dj_adpt~qwen3_8b-dj_adpt
ydn_spending_data_a.pq,1.0,0.08333333333333333,1.0,0.08333333333333333,1.0,1.0,0.08333333333333333,0.2,0.08333333333333333,1.0,0.4166666666666667,1.0,1.0,0.08333333333333333,0.2,0.16666666666666666,1.0,0.8333333333333334,1.0,1.0,0.10714285714285714,0.13333333333333333,0.16666666666666666,0.8,1.0,1.0,1.0,0.10714285714285714,0.15,0.25,0.6,1.0,1.0,1.0,0.12184873949579832,0.12,0.25,0.48,1.0,1.0,1.0,0.12184873949579832,0.1,0.25,0.4,1.0,1.0,1.0,0.12184873949579832,0.08571428571428572,0.25,0.34285714285714286,1.0,1.0,1.0,0.12184873949579832,0.075,0.25,0.3,1.0,1.0,1.0,0.12184873949579832,0.06666666666666667,0.25,0.26666666666666666,1.0,1.0,1.0,0.12184873949579832,0.06,0.25,0.24,1.0,1.0,1.0,0.12184873949579832,kalm_gemma3_12b-dj_adpt,9,webtable-v2v-v=12-distilroberta-dj_adpt~qwen3_8b-dj_adpt
cihr_co-applicant_b.pq,1.0,0.08333333333333333,1.0,0.08333333333333333,1.0,1.0,0.08333333333333333,0.6,0.25,1.0,0.4166666666666667,1.0,1.0,0.17500000000000002,0.8,0.6666666666666666,1.0,0.8333333333333334,1.0,1.0,0.4840608465608465,0.6666666666666666,0.8333333333333334,0.8,1.0,1.0,1.0,0.6060846560846561,0.55,0.9166666666666666,0.6,1.0,1.0,1.0,0.6600062247121071,0.48,1.0,0.48,1.0,1.0,1.0,0.7034844855816723,0.4,1.0,0.4,1.0,1.0,1.0,0.7034844855816723,0.34285714285714286,1.0,0.34285714285714286,1.0,1.0,1.0,0.7034844855816723,0.3,1.0,0.3,1.0,1.0,1.0,0.7034844855816723,0.26666666666666666,1.0,0.26666666666666666,1.0,1.0,1.0,0.7034844855816723,0.24,1.0,0.24,1.0,1.0,1.0,0.7034844855816723,kalm_gemma3_12b-dj_adpt,9,webtable-v2v-v=12-distilroberta-dj_adpt~qwen3_8b-dj_adpt
film_locations_in_san_francisco_a.pq,1.0,0.07692307692307693,1.0,0.07692307692307693,1.0,1.0,0.07692307692307693,0.4,0.15384615384615385,1.0,0.38461538461538464,1.0,1.0,0.15384615384615385,0.3,0.23076923076923078,1.0,0.7692307692307693,1.0,1.0,0.1769230769230769,0.2,0.23076923076923078,0.8666666666666667,1.0,1.0,1.0,0.1769230769230769,0.15,0.23076923076923078,0.65,1.0,1.0,1.0,0.1769230769230769,0.16,0.3076923076923077,0.52,1.0,1.0,1.0,0.18923076923076923,0.13333333333333333,0.3076923076923077,0.43333333333333335,1.0,1.0,1.0,0.18923076923076923,0.11428571428571428,0.3076923076923077,0.37142857142857144,1.0,1.0,1.0,0.18923076923076923,0.1,0.3076923076923077,0.325,1.0,1.0,1.0,0.18923076923076923,0.1111111111111111,0.38461538461538464,0.28888888888888886,1.0,1.0,1.0,0.19838827838827838,0.1,0.38461538461538464,0.26,1.0,1.0,1.0,0.19838827838827838,kalm_gemma3_12b-dj_adpt,9,webtable-v2v-v=12-distilroberta-dj_adpt~qwen3_8b-dj_adpt
practice_reference_a.pq,1.0,0.06666666666666667,1.0,0.06666666666666667,1.0,1.0,0.06666666666666667,1.0,0.3333333333333333,1.0,0.3333333333333333,1.0,1.0,0.3333333333333333,0.7,0.4666666666666667,1.0,0.6666666666666666,1.0,1.0,0.4666666666666667,0.7333333333333333,0.7333333333333333,1.0,1.0,1.0,1.0,0.6653224553224553,0.65,0.8666666666666667,0.75,1.0,1.0,1.0,0.7531002331002331,0.52,0.8666666666666667,0.6,1.0,1.0,1.0,0.7531002331002331,0.5,1.0,0.5,1.0,1.0,1.0,0.8260347060347061,0.42857142857142855,1.0,0.42857142857142855,1.0,1.0,1.0,0.8260347060347061,0.375,1.0,0.375,1.0,1.0,1.0,0.8260347060347061,0.3333333333333333,1.0,0.3333333333333333,1.0,1.0,1.0,0.8260347060347061,0.3,1.0,0.3,1.0,1.0,1.0,0.8260347060347061,kalm_gemma3_12b-dj_adpt,9,webtable-v2v-v=12-distilroberta-dj_adpt~qwen3_8b-dj_adpt
animal_tag_data_b.pq,1.0,0.08333333333333333,1.0,0.08333333333333333,1.0,1.0,0.08333333333333333,1.0,0.4166666666666667,1.0,0.4166666666666667,1.0,1.0,0.4166666666666667,0.6,0.5,1.0,0.8333333333333334,1.0,1.0,0.4791666666666667,0.6,0.75,0.8,1.0,1.0,1.0,0.629059829059829,0.5,0.8333333333333334,0.6,1.0,1.0,1.0,0.6811431623931624,0.44,0.9166666666666666,0.48,1.0,1.0,1.0,0.7209982348569305,0.36666666666666664,0.9166666666666666,0.4,1.0,1.0,1.0,0.7209982348569305,0.3142857142857143,0.9166666666666666,0.34285714285714286,1.0,1.0,1.0,0.7209982348569305,0.275,0.9166666666666666,0.3,1.0,1.0,1.0,0.7209982348569305,0.24444444444444444,0.9166666666666666,0.26666666666666666,1.0,1.0,1.0,0.7209982348569305,0.22,0.9166666666666666,0.24,1.0,1.0,1.0,0.7209982348569305,kalm_gemma3_12b-dj_adpt,9,webtable-v2v-v=12-distilroberta-dj_adpt~qwen3_8b-dj_adpt
stockport_contracts_b.pq,1.0,0.07692307692307693,1.0,0.07692307692307693,1.0,1.0,0.07692307692307693,0.6,0.23076923076923078,1.0,0.38461538461538464,1.0,1.0,0.16153846153846155,0.6,0.46153846153846156,1.0,0.7692307692307693,1.0,1.0,0.29438339438339434,0.4,0.46153846153846156,0.8666666666666667,1.0,1.0,1.0,0.29438339438339434,0.35,0.5384615384615384,0.65,1.0,1.0,1.0,0.32803724053724054,0.28,0.5384615384615384,0.52,1.0,1.0,1.0,0.32803724053724054,0.23333333333333334,0.5384615384615384,0.43333333333333335,1.0,1.0,1.0,0.32803724053724054,0.2,0.5384615384615384,0.37142857142857144,1.0,1.0,1.0,0.32803724053724054,0.175,0.5384615384615384,0.325,1.0,1.0,1.0,0.32803724053724054,0.17777777777777778,0.6153846153846154,0.28888888888888886,1.0,1.0,1.0,0.3417124542124542,0.16,0.6153846153846154,0.26,1.0,1.0,1.0,0.3417124542124542,kalm_gemma3_12b-dj_adpt,9,webtable-v2v-v=12-distilroberta-dj_adpt~qwen3_8b-dj_adpt
civic_building_locations_a.pq,1.0,0.08333333333333333,1.0,0.08333333333333333,1.0,1.0,0.08333333333333333,0.4,0.16666666666666666,1.0,0.4166666666666667,1.0,1.0,0.16666666666666666,0.2,0.16666666666666666,1.0,0.8333333333333334,1.0,1.0,0.16666666666666666,0.13333333333333333,0.16666666666666666,0.8,1.0,1.0,1.0,0.16666666666666666,0.15,0.25,0.6,1.0,1.0,1.0,0.17916666666666667,0.12,0.25,0.48,1.0,1.0,1.0,0.17916666666666667,0.1,0.25,0.4,1.0,1.0,1.0,0.17916666666666667,0.11428571428571428,0.3333333333333333,0.34285714285714286,1.0,1.0,1.0,0.18991935483870967,0.1,0.3333333333333333,0.3,1.0,1.0,1.0,0.18991935483870967,0.08888888888888889,0.3333333333333333,0.26666666666666666,1.0,1.0,1.0,0.18991935483870967,0.08,0.3333333333333333,0.24,1.0,1.0,1.0,0.18991935483870967,kalm_gemma3_12b-dj_adpt,9,webtable-v2v-v=12-distilroberta-dj_adpt~qwen3_8b-dj_adpt
data_mill_b.pq,1.0,0.07142857142857142,1.0,0.07142857142857142,1.0,1.0,0.07142857142857142,0.8,0.2857142857142857,1.0,0.35714285714285715,1.0,1.0,0.22976190476190478,0.5,0.35714285714285715,1.0,0.7142857142857143,1.0,1.0,0.28928571428571426,0.3333333333333333,0.35714285714285715,0.9333333333333333,1.0,1.0,1.0,0.28928571428571426,0.25,0.35714285714285715,0.7,1.0,1.0,1.0,0.28928571428571426,0.2,0.35714285714285715,0.56,1.0,1.0,1.0,0.28928571428571426,0.16666666666666666,0.35714285714285715,0.4666666666666667,1.0,1.0,1.0,0.28928571428571426,0.14285714285714285,0.35714285714285715,0.4,1.0,1.0,1.0,0.28928571428571426,0.125,0.35714285714285715,0.35,1.0,1.0,1.0,0.28928571428571426,0.1111111111111111,0.35714285714285715,0.3111111111111111,1.0,1.0,1.0,0.28928571428571426,0.1,0.35714285714285715,0.28,1.0,1.0,1.0,0.28928571428571426,kalm_gemma3_12b-dj_adpt,9,webtable-v2v-v=12-distilroberta-dj_adpt~qwen3_8b-dj_adpt
workforce_management_information_b.pq,1.0,0.05555555555555555,1.0,0.05555555555555555,1.0,1.0,0.05555555555555555,1.0,0.2777777777777778,1.0,0.2777777777777778,1.0,1.0,0.2777777777777778,1.0,0.5555555555555556,1.0,0.5555555555555556,1.0,1.0,0.5555555555555556,0.8666666666666667,0.7222222222222222,1.0,0.8333333333333334,1.0,1.0,0.7222222222222222,0.8,0.8888888888888888,0.9,1.0,1.0,1.0,0.8591374269005848,0.68,0.9444444444444444,0.72,1.0,1.0,1.0,0.9020667198298776,0.6,1.0,0.6,1.0,1.0,1.0,0.9377810055441633,0.5142857142857142,1.0,0.5142857142857142,1.0,1.0,1.0,0.9377810055441633,0.45,1.0,0.45,1.0,1.0,1.0,0.9377810055441633,0.4,1.0,0.4,1.0,1.0,1.0,0.9377810055441633,0.36,1.0,0.36,1.0,1.0,1.0,0.9377810055441633,kalm_gemma3_12b-dj_adpt,9,webtable-v2v-v=12-distilroberta-dj_adpt~qwen3_8b-dj_adpt
practice_reference_b.pq,1.0,0.06666666666666667,1.0,0.06666666666666667,1.0,1.0,0.06666666666666667,1.0,0.3333333333333333,1.0,0.3333333333333333,1.0,1.0,0.3333333333333333,1.0,0.6666666666666666,1.0,0.6666666666666666,1.0,1.0,0.6666666666666666,0.8,0.8,1.0,1.0,1.0,1.0,0.7893162393162393,0.7,0.9333333333333333,0.75,1.0,1.0,1.0,0.8921484833249539,0.6,1.0,0.6,1.0,1.0,1.0,0.9356267441945191,0.5,1.0,0.5,1.0,1.0,1.0,0.9356267441945191,0.42857142857142855,1.0,0.42857142857142855,1.0,1.0,1.0,0.9356267441945191,0.375,1.0,0.375,1.0,1.0,1.0,0.9356267441945191,0.3333333333333333,1.0,0.3333333333333333,1.0,1.0,1.0,0.9356267441945191,0.3,1.0,0.3,1.0,1.0,1.0,0.9356267441945191,kalm_gemma3_12b-dj_adpt,9,webtable-v2v-v=12-distilroberta-dj_adpt~qwen3_8b-dj_adpt
mines_b.pq,1.0,0.07142857142857142,1.0,0.07142857142857142,1.0,1.0,0.07142857142857142,0.2,0.07142857142857142,1.0,0.35714285714285715,1.0,1.0,0.07142857142857142,0.1,0.07142857142857142,1.0,0.7142857142857143,1.0,1.0,0.07142857142857142,0.06666666666666667,0.07142857142857142,0.9333333333333333,1.0,1.0,1.0,0.07142857142857142,0.05,0.07142857142857142,0.7,1.0,1.0,1.0,0.07142857142857142,0.04,0.07142857142857142,0.56,1.0,1.0,1.0,0.07142857142857142,0.03333333333333333,0.07142857142857142,0.4666666666666667,1.0,1.0,1.0,0.07142857142857142,0.02857142857142857,0.07142857142857142,0.4,1.0,1.0,1.0,0.07142857142857142,0.025,0.07142857142857142,0.35,1.0,1.0,1.0,0.07142857142857142,0.022222222222222223,0.07142857142857142,0.3111111111111111,1.0,1.0,1.0,0.07142857142857142,0.02,0.07142857142857142,0.28,1.0,1.0,1.0,0.07142857142857142,kalm_gemma3_12b-dj_adpt,9,webtable-v2v-v=12-distilroberta-dj_adpt~qwen3_8b-dj_adpt
new_york_city_restaurant_inspection_results_a.pq,1.0,0.03225806451612903,1.0,0.03225806451612903,1.0,1.0,0.03225806451612903,0.2,0.03225806451612903,1.0,0.16129032258064516,1.0,1.0,0.03225806451612903,0.1,0.03225806451612903,1.0,0.3225806451612903,1.0,1.0,0.03225806451612903,0.06666666666666667,0.03225806451612903,1.0,0.4838709677419355,1.0,1.0,0.03225806451612903,0.1,0.06451612903225806,1.0,0.6451612903225806,1.0,1.0,0.035842293906810034,0.08,0.06451612903225806,1.0,0.8064516129032258,1.0,1.0,0.035842293906810034,0.16666666666666666,0.16129032258064516,1.0,0.967741935483871,1.0,1.0,0.049390110569198446,0.17142857142857143,0.1935483870967742,0.8857142857142857,1.0,1.0,1.0,0.055082710189691804,0.2,0.25806451612903225,0.775,1.0,1.0,1.0,0.06832982827551956,0.24444444444444444,0.3548387096774194,0.6888888888888889,1.0,1.0,1.0,0.09062945080019835,0.24,0.3870967741935484,0.62,1.0,1.0,1.0,0.0990445980652755,kalm_gemma3_12b-dj_adpt,9,webtable-v2v-v=12-distilroberta-dj_adpt~qwen3_8b-dj_adpt
complaint_by_practice_b.pq,1.0,0.07692307692307693,1.0,0.07692307692307693,1.0,1.0,0.07692307692307693,1.0,0.38461538461538464,1.0,0.38461538461538464,1.0,1.0,0.38461538461538464,0.9,0.6923076923076923,1.0,0.7692307692307693,1.0,1.0,0.6846153846153846,0.8,0.9230769230769231,0.8666666666666667,1.0,1.0,1.0,0.8865967365967365,0.65,1.0,0.65,1.0,1.0,1.0,0.9365967365967366,0.52,1.0,0.52,1.0,1.0,1.0,0.9365967365967366,0.43333333333333335,1.0,0.43333333333333335,1.0,1.0,1.0,0.9365967365967366,0.37142857142857144,1.0,0.37142857142857144,1.0,1.0,1.0,0.9365967365967366,0.325,1.0,0.325,1.0,1.0,1.0,0.9365967365967366,0.28888888888888886,1.0,0.28888888888888886,1.0,1.0,1.0,0.9365967365967366,0.26,1.0,0.26,1.0,1.0,1.0,0.9365967365967366,kalm_gemma3_12b-dj_adpt,9,webtable-v2v-v=12-distilroberta-dj_adpt~qwen3_8b-dj_adpt
monthly_data_feed_a.pq,1.0,0.07692307692307693,1.0,0.07692307692307693,1.0,1.0,0.07692307692307693,0.4,0.15384615384615385,1.0,0.38461538461538464,1.0,1.0,0.15384615384615385,0.3,0.23076923076923078,1.0,0.7692307692307693,1.0,1.0,0.19230769230769232,0.2,0.23076923076923078,0.8666666666666667,1.0,1.0,1.0,0.19230769230769232,0.15,0.23076923076923078,0.65,1.0,1.0,1.0,0.19230769230769232,0.12,0.23076923076923078,0.52,1.0,1.0,1.0,0.19230769230769232,0.13333333333333333,0.3076923076923077,0.43333333333333335,1.0,1.0,1.0,0.2029177718832891,0.11428571428571428,0.3076923076923077,0.37142857142857144,1.0,1.0,1.0,0.2029177718832891,0.1,0.3076923076923077,0.325,1.0,1.0,1.0,0.2029177718832891,0.08888888888888889,0.3076923076923077,0.28888888888888886,1.0,1.0,1.0,0.2029177718832891,0.08,0.3076923076923077,0.26,1.0,1.0,1.0,0.2029177718832891,kalm_gemma3_12b-dj_adpt,9,webtable-v2v-v=12-distilroberta-dj_adpt~qwen3_8b-dj_adpt
stockport_contracts_a.pq,1.0,0.07692307692307693,1.0,0.07692307692307693,1.0,1.0,0.07692307692307693,0.2,0.07692307692307693,1.0,0.38461538461538464,1.0,1.0,0.07692307692307693,0.2,0.15384615384615385,1.0,0.7692307692307693,1.0,1.0,0.09401709401709403,0.13333333333333333,0.15384615384615385,0.8666666666666667,1.0,1.0,1.0,0.09401709401709403,0.1,0.15384615384615385,0.65,1.0,1.0,1.0,0.09401709401709403,0.08,0.15384615384615385,0.52,1.0,1.0,1.0,0.09401709401709403,0.1,0.23076923076923078,0.43333333333333335,1.0,1.0,1.0,0.10256410256410256,0.11428571428571428,0.3076923076923077,0.37142857142857144,1.0,1.0,1.0,0.11217948717948717,0.1,0.3076923076923077,0.325,1.0,1.0,1.0,0.11217948717948717,0.08888888888888889,0.3076923076923077,0.28888888888888886,1.0,1.0,1.0,0.11217948717948717,0.08,0.3076923076923077,0.26,1.0,1.0,1.0,0.11217948717948717,kalm_gemma3_12b-dj_adpt,9,webtable-v2v-v=12-distilroberta-dj_adpt~qwen3_8b-dj_adpt
workforce_management_information_a.pq,1.0,0.05555555555555555,1.0,0.05555555555555555,1.0,1.0,0.05555555555555555,1.0,0.2777777777777778,1.0,0.2777777777777778,1.0,1.0,0.2777777777777778,1.0,0.5555555555555556,1.0,0.5555555555555556,1.0,1.0,0.5555555555555556,0.9333333333333333,0.7777777777777778,1.0,0.8333333333333334,1.0,1.0,0.7740740740740741,0.85,0.9444444444444444,0.9,1.0,1.0,1.0,0.9309141249092229,0.72,1.0,0.72,1.0,1.0,1.0,0.9725807915758895,0.6,1.0,0.6,1.0,1.0,1.0,0.9725807915758895,0.5142857142857142,1.0,0.5142857142857142,1.0,1.0,1.0,0.9725807915758895,0.45,1.0,0.45,1.0,1.0,1.0,0.9725807915758895,0.4,1.0,0.4,1.0,1.0,1.0,0.9725807915758895,0.36,1.0,0.36,1.0,1.0,1.0,0.9725807915758895,kalm_gemma3_12b-dj_adpt,9,webtable-v2v-v=12-distilroberta-dj_adpt~qwen3_8b-dj_adpt
report_card_discipline_for_2015_16_a.pq,1.0,0.09090909090909091,1.0,0.09090909090909091,1.0,1.0,0.09090909090909091,0.4,0.18181818181818182,1.0,0.45454545454545453,1.0,1.0,0.1515151515151515,0.3,0.2727272727272727,1.0,0.9090909090909091,1.0,1.0,0.18181818181818182,0.26666666666666666,0.36363636363636365,0.7333333333333333,1.0,1.0,1.0,0.2121212121212121,0.3,0.5454545454545454,0.55,1.0,1.0,1.0,0.2661319073083779,0.36,0.8181818181818182,0.44,1.0,1.0,1.0,0.3594652406417112,0.3,0.8181818181818182,0.36666666666666664,1.0,1.0,1.0,0.3594652406417112,0.2857142857142857,0.9090909090909091,0.3142857142857143,1.0,1.0,1.0,0.3870134500081024,0.25,0.9090909090909091,0.275,1.0,1.0,1.0,0.3870134500081024,0.24444444444444444,1.0,0.24444444444444444,1.0,1.0,1.0,0.41082297381762617,0.22,1.0,0.22,1.0,1.0,1.0,0.41082297381762617,kalm_gemma3_12b-dj_adpt,9,webtable-v2v-v=12-distilroberta-dj_adpt~qwen3_8b-dj_adpt
senior_officials_expenses_a.pq,1.0,0.09090909090909091,1.0,0.09090909090909091,1.0,1.0,0.09090909090909091,0.8,0.36363636363636365,1.0,0.45454545454545453,1.0,1.0,0.36363636363636365,0.4,0.36363636363636365,1.0,0.9090909090909091,1.0,1.0,0.36363636363636365,0.4,0.5454545454545454,0.7333333333333333,1.0,1.0,1.0,0.4434731934731935,0.35,0.6363636363636364,0.55,1.0,1.0,1.0,0.48324592074592077,0.28,0.6363636363636364,0.44,1.0,1.0,1.0,0.48324592074592077,0.23333333333333334,0.6363636363636364,0.36666666666666664,1.0,1.0,1.0,0.48324592074592077,0.2,0.6363636363636364,0.3142857142857143,1.0,1.0,1.0,0.48324592074592077,0.175,0.6363636363636364,0.275,1.0,1.0,1.0,0.48324592074592077,0.17777777777777778,0.7272727272727273,0.24444444444444444,1.0,1.0,1.0,0.4997748463657555,0.16,0.7272727272727273,0.22,1.0,1.0,1.0,0.4997748463657555,kalm_gemma3_12b-dj_adpt,9,webtable-v2v-v=12-distilroberta-dj_adpt~qwen3_8b-dj_adpt
311_calls_historic_data_a.pq,1.0,0.09090909090909091,1.0,0.09090909090909091,1.0,1.0,0.09090909090909091,0.2,0.09090909090909091,1.0,0.45454545454545453,1.0,1.0,0.09090909090909091,0.1,0.09090909090909091,1.0,0.9090909090909091,1.0,1.0,0.09090909090909091,0.06666666666666667,0.09090909090909091,0.7333333333333333,1.0,1.0,1.0,0.09090909090909091,0.1,0.18181818181818182,0.55,1.0,1.0,1.0,0.1,0.08,0.18181818181818182,0.44,1.0,1.0,1.0,0.1,0.1,0.2727272727272727,0.36666666666666664,1.0,1.0,1.0,0.11010101010101009,0.08571428571428572,0.2727272727272727,0.3142857142857143,1.0,1.0,1.0,0.11010101010101009,0.075,0.2727272727272727,0.275,1.0,1.0,1.0,0.11010101010101009,0.08888888888888889,0.36363636363636365,0.24444444444444444,1.0,1.0,1.0,0.11818181818181818,0.08,0.36363636363636365,0.22,1.0,1.0,1.0,0.11818181818181818,kalm_gemma3_12b-dj_adpt,9,webtable-v2v-v=12-distilroberta-dj_adpt~qwen3_8b-dj_adpt
albums_a.pq,1.0,0.0625,1.0,0.0625,1.0,1.0,0.0625,1.0,0.3125,1.0,0.3125,1.0,1.0,0.3125,1.0,0.625,1.0,0.625,1.0,1.0,0.625,0.8666666666666667,0.8125,1.0,0.9375,1.0,1.0,0.8125,0.65,0.8125,0.8,1.0,1.0,1.0,0.8125,0.52,0.8125,0.64,1.0,1.0,1.0,0.8125,0.43333333333333335,0.8125,0.5333333333333333,1.0,1.0,1.0,0.8125,0.4,0.875,0.45714285714285713,1.0,1.0,1.0,0.8407258064516129,0.375,0.9375,0.4,1.0,1.0,1.0,0.8667674731182796,0.3333333333333333,0.9375,0.35555555555555557,1.0,1.0,1.0,0.8667674731182796,0.3,0.9375,0.32,1.0,1.0,1.0,0.8667674731182796,kalm_gemma3_12b-dj_adpt,9,webtable-v2v-v=12-distilroberta-dj_adpt~qwen3_8b-dj_adpt
immigration_records_a.pq,1.0,0.0625,1.0,0.0625,1.0,1.0,0.0625,0.8,0.25,1.0,0.3125,1.0,1.0,0.2375,0.8,0.5,1.0,0.625,1.0,1.0,0.4478422619047619,0.6666666666666666,0.625,1.0,0.9375,1.0,1.0,0.5470555486180486,0.6,0.75,0.8,1.0,1.0,1.0,0.6294979828285749,0.56,0.875,0.64,1.0,1.0,1.0,0.7062319372799207,0.5,0.9375,0.5333333333333333,1.0,1.0,1.0,0.742289629587613,0.42857142857142855,0.9375,0.45714285714285713,1.0,1.0,1.0,0.742289629587613,0.375,0.9375,0.4,1.0,1.0,1.0,0.742289629587613,0.3333333333333333,0.9375,0.35555555555555557,1.0,1.0,1.0,0.742289629587613,0.3,0.9375,0.32,1.0,1.0,1.0,0.742289629587613,kalm_gemma3_12b-dj_adpt,9,webtable-v2v-v=12-distilroberta-dj_adpt~qwen3_8b-dj_adpt
data_mill_a.pq,1.0,0.07142857142857142,1.0,0.07142857142857142,1.0,1.0,0.07142857142857142,0.6,0.21428571428571427,1.0,0.35714285714285715,1.0,1.0,0.21428571428571427,0.3,0.21428571428571427,1.0,0.7142857142857143,1.0,1.0,0.21428571428571427,0.3333333333333333,0.35714285714285715,0.9333333333333333,1.0,1.0,1.0,0.2585034013605442,0.25,0.35714285714285715,0.7,1.0,1.0,1.0,0.2585034013605442,0.2,0.35714285714285715,0.56,1.0,1.0,1.0,0.2585034013605442,0.16666666666666666,0.35714285714285715,0.4666666666666667,1.0,1.0,1.0,0.2585034013605442,0.14285714285714285,0.35714285714285715,0.4,1.0,1.0,1.0,0.2585034013605442,0.125,0.35714285714285715,0.35,1.0,1.0,1.0,0.2585034013605442,0.13333333333333333,0.42857142857142855,0.3111111111111111,1.0,1.0,1.0,0.26847017876918206,0.14,0.5,0.28,1.0,1.0,1.0,0.27847017876918206,kalm_gemma3_12b-dj_adpt,9,webtable-v2v-v=12-distilroberta-dj_adpt~qwen3_8b-dj_adpt
mines_a.pq,1.0,0.07142857142857142,1.0,0.07142857142857142,1.0,1.0,0.07142857142857142,0.4,0.14285714285714285,1.0,0.35714285714285715,1.0,1.0,0.09999999999999999,0.2,0.14285714285714285,1.0,0.7142857142857143,1.0,1.0,0.09999999999999999,0.13333333333333333,0.14285714285714285,0.9333333333333333,1.0,1.0,1.0,0.09999999999999999,0.2,0.2857142857142857,0.7,1.0,1.0,1.0,0.13019957983193278,0.24,0.42857142857142855,0.56,1.0,1.0,1.0,0.16357620320855615,0.2,0.42857142857142855,0.4666666666666667,1.0,1.0,1.0,0.16357620320855615,0.17142857142857143,0.42857142857142855,0.4,1.0,1.0,1.0,0.16357620320855615,0.15,0.42857142857142855,0.35,1.0,1.0,1.0,0.16357620320855615,0.13333333333333333,0.42857142857142855,0.3111111111111111,1.0,1.0,1.0,0.16357620320855615,0.16,0.5714285714285714,0.28,1.0,1.0,1.0,0.18660382313719365,kalm_gemma3_12b-dj_adpt,9,webtable-v2v-v=12-distilroberta-dj_adpt~qwen3_8b-dj_adpt
contributors_parties_b.pq,1.0,0.047619047619047616,1.0,0.047619047619047616,1.0,1.0,0.047619047619047616,1.0,0.23809523809523808,1.0,0.23809523809523808,1.0,1.0,0.23809523809523808,0.8,0.38095238095238093,1.0,0.47619047619047616,1.0,1.0,0.3697089947089947,0.5333333333333333,0.38095238095238093,1.0,0.7142857142857143,1.0,1.0,0.3697089947089947,0.4,0.38095238095238093,1.0,0.9523809523809523,1.0,1.0,0.3697089947089947,0.36,0.42857142857142855,0.84,1.0,1.0,1.0,0.3891895141895142,0.3,0.42857142857142855,0.7,1.0,1.0,1.0,0.3891895141895142,0.2571428571428571,0.42857142857142855,0.6,1.0,1.0,1.0,0.3891895141895142,0.225,0.42857142857142855,0.525,1.0,1.0,1.0,0.3891895141895142,0.2,0.42857142857142855,0.4666666666666667,1.0,1.0,1.0,0.3891895141895142,0.18,0.42857142857142855,0.42,1.0,1.0,1.0,0.3891895141895142,kalm_gemma3_12b-dj_adpt,9,webtable-v2v-v=12-distilroberta-dj_adpt~qwen3_8b-dj_adpt
cdc_nutrition_physical_activity_and_obesity_legislation_a.pq,1.0,0.09090909090909091,1.0,0.09090909090909091,1.0,1.0,0.09090909090909091,0.2,0.09090909090909091,1.0,0.45454545454545453,1.0,1.0,0.09090909090909091,0.1,0.09090909090909091,1.0,0.9090909090909091,1.0,1.0,0.09090909090909091,0.06666666666666667,0.09090909090909091,0.7333333333333333,1.0,1.0,1.0,0.09090909090909091,0.05,0.09090909090909091,0.55,1.0,1.0,1.0,0.09090909090909091,0.04,0.09090909090909091,0.44,1.0,1.0,1.0,0.09090909090909091,0.03333333333333333,0.09090909090909091,0.36666666666666664,1.0,1.0,1.0,0.09090909090909091,0.02857142857142857,0.09090909090909091,0.3142857142857143,1.0,1.0,1.0,0.09090909090909091,0.025,0.09090909090909091,0.275,1.0,1.0,1.0,0.09090909090909091,0.022222222222222223,0.09090909090909091,0.24444444444444444,1.0,1.0,1.0,0.09090909090909091,0.02,0.09090909090909091,0.22,1.0,1.0,1.0,0.09090909090909091,kalm_gemma3_12b-dj_adpt,9,webtable-v2v-v=12-distilroberta-dj_adpt~qwen3_8b-dj_adpt
deaths_2012_2018_a.pq,1.0,0.09090909090909091,1.0,0.09090909090909091,1.0,1.0,0.09090909090909091,0.2,0.09090909090909091,1.0,0.45454545454545453,1.0,1.0,0.09090909090909091,0.1,0.09090909090909091,1.0,0.9090909090909091,1.0,1.0,0.09090909090909091,0.06666666666666667,0.09090909090909091,0.7333333333333333,1.0,1.0,1.0,0.09090909090909091,0.05,0.09090909090909091,0.55,1.0,1.0,1.0,0.09090909090909091,0.04,0.09090909090909091,0.44,1.0,1.0,1.0,0.09090909090909091,0.03333333333333333,0.09090909090909091,0.36666666666666664,1.0,1.0,1.0,0.09090909090909091,0.02857142857142857,0.09090909090909091,0.3142857142857143,1.0,1.0,1.0,0.09090909090909091,0.05,0.18181818181818182,0.275,1.0,1.0,1.0,0.09545454545454546,0.044444444444444446,0.18181818181818182,0.24444444444444444,1.0,1.0,1.0,0.09545454545454546,0.04,0.18181818181818182,0.22,1.0,1.0,1.0,0.09545454545454546,llama_nemotron_8b-dj_adpt,10,webtable-v2v-v=12-distilroberta-dj_adpt~qwen3_8b-dj_adpt
civic_building_locations_a.pq,1.0,0.08333333333333333,1.0,0.08333333333333333,1.0,1.0,0.08333333333333333,0.2,0.08333333333333333,1.0,0.4166666666666667,1.0,1.0,0.08333333333333333,0.2,0.16666666666666666,1.0,0.8333333333333334,1.0,1.0,0.10714285714285714,0.13333333333333333,0.16666666666666666,0.8,1.0,1.0,1.0,0.10714285714285714,0.1,0.16666666666666666,0.6,1.0,1.0,1.0,0.10714285714285714,0.12,0.25,0.48,1.0,1.0,1.0,0.1185064935064935,0.1,0.25,0.4,1.0,1.0,1.0,0.1185064935064935,0.08571428571428572,0.25,0.34285714285714286,1.0,1.0,1.0,0.1185064935064935,0.075,0.25,0.3,1.0,1.0,1.0,0.1185064935064935,0.06666666666666667,0.25,0.26666666666666666,1.0,1.0,1.0,0.1185064935064935,0.06,0.25,0.24,1.0,1.0,1.0,0.1185064935064935,llama_nemotron_8b-dj_adpt,10,webtable-v2v-v=12-distilroberta-dj_adpt~qwen3_8b-dj_adpt
mines_a.pq,1.0,0.07142857142857142,1.0,0.07142857142857142,1.0,1.0,0.07142857142857142,1.0,0.35714285714285715,1.0,0.35714285714285715,1.0,1.0,0.35714285714285715,1.0,0.7142857142857143,1.0,0.7142857142857143,1.0,1.0,0.7142857142857143,0.6666666666666666,0.7142857142857143,0.9333333333333333,1.0,1.0,1.0,0.7142857142857143,0.5,0.7142857142857143,0.7,1.0,1.0,1.0,0.7142857142857143,0.44,0.7857142857142857,0.56,1.0,1.0,1.0,0.7457142857142857,0.36666666666666664,0.7857142857142857,0.4666666666666667,1.0,1.0,1.0,0.7457142857142857,0.34285714285714286,0.8571428571428571,0.4,1.0,1.0,1.0,0.7716883116883116,0.3,0.8571428571428571,0.35,1.0,1.0,1.0,0.7716883116883116,0.26666666666666666,0.8571428571428571,0.3111111111111111,1.0,1.0,1.0,0.7716883116883116,0.24,0.8571428571428571,0.28,1.0,1.0,1.0,0.7716883116883116,llama_nemotron_8b-dj_adpt,10,webtable-v2v-v=12-distilroberta-dj_adpt~qwen3_8b-dj_adpt
biodiversity_a.pq,1.0,0.09090909090909091,1.0,0.09090909090909091,1.0,1.0,0.09090909090909091,0.6,0.2727272727272727,1.0,0.45454545454545453,1.0,1.0,0.2727272727272727,0.3,0.2727272727272727,1.0,0.9090909090909091,1.0,1.0,0.2727272727272727,0.2,0.2727272727272727,0.7333333333333333,1.0,1.0,1.0,0.2727272727272727,0.15,0.2727272727272727,0.55,1.0,1.0,1.0,0.2727272727272727,0.12,0.2727272727272727,0.44,1.0,1.0,1.0,0.2727272727272727,0.1,0.2727272727272727,0.36666666666666664,1.0,1.0,1.0,0.2727272727272727,0.08571428571428572,0.2727272727272727,0.3142857142857143,1.0,1.0,1.0,0.2727272727272727,0.075,0.2727272727272727,0.275,1.0,1.0,1.0,0.2727272727272727,0.06666666666666667,0.2727272727272727,0.24444444444444444,1.0,1.0,1.0,0.2727272727272727,0.06,0.2727272727272727,0.22,1.0,1.0,1.0,0.2727272727272727,llama_nemotron_8b-dj_adpt,10,webtable-v2v-v=12-distilroberta-dj_adpt~qwen3_8b-dj_adpt
complaint_by_practice_a.pq,1.0,0.07692307692307693,1.0,0.07692307692307693,1.0,1.0,0.07692307692307693,0.2,0.07692307692307693,1.0,0.38461538461538464,1.0,1.0,0.07692307692307693,0.1,0.07692307692307693,1.0,0.7692307692307693,1.0,1.0,0.07692307692307693,0.06666666666666667,0.07692307692307693,0.8666666666666667,1.0,1.0,1.0,0.07692307692307693,0.05,0.07692307692307693,0.65,1.0,1.0,1.0,0.07692307692307693,0.08,0.15384615384615385,0.52,1.0,1.0,1.0,0.08307692307692308,0.06666666666666667,0.15384615384615385,0.43333333333333335,1.0,1.0,1.0,0.08307692307692308,0.08571428571428572,0.23076923076923078,0.37142857142857144,1.0,1.0,1.0,0.08986425339366516,0.1,0.3076923076923077,0.325,1.0,1.0,1.0,0.09818026170967348,0.08888888888888889,0.3076923076923077,0.28888888888888886,1.0,1.0,1.0,0.09818026170967348,0.08,0.3076923076923077,0.26,1.0,1.0,1.0,0.09818026170967348,llama_nemotron_8b-dj_adpt,10,webtable-v2v-v=12-distilroberta-dj_adpt~qwen3_8b-dj_adpt
monthly_data_feed_a.pq,1.0,0.07692307692307693,1.0,0.07692307692307693,1.0,1.0,0.07692307692307693,0.4,0.15384615384615385,1.0,0.38461538461538464,1.0,1.0,0.1282051282051282,0.3,0.23076923076923078,1.0,0.7692307692307693,1.0,1.0,0.16117216117216118,0.2,0.23076923076923078,0.8666666666666667,1.0,1.0,1.0,0.16117216117216118,0.15,0.23076923076923078,0.65,1.0,1.0,1.0,0.16117216117216118,0.12,0.23076923076923078,0.52,1.0,1.0,1.0,0.16117216117216118,0.1,0.23076923076923078,0.43333333333333335,1.0,1.0,1.0,0.16117216117216118,0.08571428571428572,0.23076923076923078,0.37142857142857144,1.0,1.0,1.0,0.16117216117216118,0.075,0.23076923076923078,0.325,1.0,1.0,1.0,0.16117216117216118,0.06666666666666667,0.23076923076923078,0.28888888888888886,1.0,1.0,1.0,0.16117216117216118,0.06,0.23076923076923078,0.26,1.0,1.0,1.0,0.16117216117216118,llama_nemotron_8b-dj_adpt,10,webtable-v2v-v=12-distilroberta-dj_adpt~qwen3_8b-dj_adpt
senior_officials_expenses_a.pq,1.0,0.09090909090909091,1.0,0.09090909090909091,1.0,1.0,0.09090909090909091,0.6,0.2727272727272727,1.0,0.45454545454545453,1.0,1.0,0.2196969696969697,0.4,0.36363636363636365,1.0,0.9090909090909091,1.0,1.0,0.26515151515151514,0.26666666666666666,0.36363636363636365,0.7333333333333333,1.0,1.0,1.0,0.26515151515151514,0.25,0.45454545454545453,0.55,1.0,1.0,1.0,0.2890749601275917,0.2,0.45454545454545453,0.44,1.0,1.0,1.0,0.2890749601275917,0.2,0.5454545454545454,0.36666666666666664,1.0,1.0,1.0,0.3072567783094099,0.2,0.6363636363636364,0.3142857142857143,1.0,1.0,1.0,0.32714314194577354,0.175,0.6363636363636364,0.275,1.0,1.0,1.0,0.32714314194577354,0.15555555555555556,0.6363636363636364,0.24444444444444444,1.0,1.0,1.0,0.32714314194577354,0.16,0.7272727272727273,0.22,1.0,1.0,1.0,0.3422946570972887,llama_nemotron_8b-dj_adpt,10,webtable-v2v-v=12-distilroberta-dj_adpt~qwen3_8b-dj_adpt
stockport_contracts_a.pq,1.0,0.07692307692307693,1.0,0.07692307692307693,1.0,1.0,0.07692307692307693,0.8,0.3076923076923077,1.0,0.38461538461538464,1.0,1.0,0.3076923076923077,0.9,0.6923076923076923,1.0,0.7692307692307693,1.0,1.0,0.6426434676434677,0.6666666666666666,0.7692307692307693,0.8666666666666667,1.0,1.0,1.0,0.7125735375735375,0.65,1.0,0.65,1.0,1.0,1.0,0.872388374439458,0.52,1.0,0.52,1.0,1.0,1.0,0.872388374439458,0.43333333333333335,1.0,0.43333333333333335,1.0,1.0,1.0,0.872388374439458,0.37142857142857144,1.0,0.37142857142857144,1.0,1.0,1.0,0.872388374439458,0.325,1.0,0.325,1.0,1.0,1.0,0.872388374439458,0.28888888888888886,1.0,0.28888888888888886,1.0,1.0,1.0,0.872388374439458,0.26,1.0,0.26,1.0,1.0,1.0,0.872388374439458,llama_nemotron_8b-dj_adpt,10,webtable-v2v-v=12-distilroberta-dj_adpt~qwen3_8b-dj_adpt
cihr_co-applicant_a.pq,1.0,0.08333333333333333,1.0,0.08333333333333333,1.0,1.0,0.08333333333333333,0.2,0.08333333333333333,1.0,0.4166666666666667,1.0,1.0,0.08333333333333333,0.1,0.08333333333333333,1.0,0.8333333333333334,1.0,1.0,0.08333333333333333,0.06666666666666667,0.08333333333333333,0.8,1.0,1.0,1.0,0.08333333333333333,0.05,0.08333333333333333,0.6,1.0,1.0,1.0,0.08333333333333333,0.04,0.08333333333333333,0.48,1.0,1.0,1.0,0.08333333333333333,0.03333333333333333,0.08333333333333333,0.4,1.0,1.0,1.0,0.08333333333333333,0.02857142857142857,0.08333333333333333,0.34285714285714286,1.0,1.0,1.0,0.08333333333333333,0.025,0.08333333333333333,0.3,1.0,1.0,1.0,0.08333333333333333,0.022222222222222223,0.08333333333333333,0.26666666666666666,1.0,1.0,1.0,0.08333333333333333,0.02,0.08333333333333333,0.24,1.0,1.0,1.0,0.08333333333333333,llama_nemotron_8b-dj_adpt,10,webtable-v2v-v=12-distilroberta-dj_adpt~qwen3_8b-dj_adpt
psyckes_antipsychotic_polypharmacy_quality_indicators_beginning_2012_a.pq,1.0,0.09090909090909091,1.0,0.09090909090909091,1.0,1.0,0.09090909090909091,0.2,0.09090909090909091,1.0,0.45454545454545453,1.0,1.0,0.09090909090909091,0.1,0.09090909090909091,1.0,0.9090909090909091,1.0,1.0,0.09090909090909091,0.06666666666666667,0.09090909090909091,0.7333333333333333,1.0,1.0,1.0,0.09090909090909091,0.05,0.09090909090909091,0.55,1.0,1.0,1.0,0.09090909090909091,0.04,0.09090909090909091,0.44,1.0,1.0,1.0,0.09090909090909091,0.03333333333333333,0.09090909090909091,0.36666666666666664,1.0,1.0,1.0,0.09090909090909091,0.02857142857142857,0.09090909090909091,0.3142857142857143,1.0,1.0,1.0,0.09090909090909091,0.025,0.09090909090909091,0.275,1.0,1.0,1.0,0.09090909090909091,0.022222222222222223,0.09090909090909091,0.24444444444444444,1.0,1.0,1.0,0.09090909090909091,0.02,0.09090909090909091,0.22,1.0,1.0,1.0,0.09090909090909091,llama_nemotron_8b-dj_adpt,10,webtable-v2v-v=12-distilroberta-dj_adpt~qwen3_8b-dj_adpt
animal_tag_data_a.pq,1.0,0.08333333333333333,1.0,0.08333333333333333,1.0,1.0,0.08333333333333333,0.6,0.25,1.0,0.4166666666666667,1.0,1.0,0.17500000000000002,0.6,0.5,1.0,0.8333333333333334,1.0,1.0,0.3525793650793651,0.4,0.5,0.8,1.0,1.0,1.0,0.3525793650793651,0.3,0.5,0.6,1.0,1.0,1.0,0.3525793650793651,0.24,0.5,0.48,1.0,1.0,1.0,0.3525793650793651,0.2,0.5,0.4,1.0,1.0,1.0,0.3525793650793651,0.17142857142857143,0.5,0.34285714285714286,1.0,1.0,1.0,0.3525793650793651,0.15,0.5,0.3,1.0,1.0,1.0,0.3525793650793651,0.13333333333333333,0.5,0.26666666666666666,1.0,1.0,1.0,0.3525793650793651,0.12,0.5,0.24,1.0,1.0,1.0,0.3525793650793651,llama_nemotron_8b-dj_adpt,10,webtable-v2v-v=12-distilroberta-dj_adpt~qwen3_8b-dj_adpt
contributors_parties_b.pq,1.0,0.047619047619047616,1.0,0.047619047619047616,1.0,1.0,0.047619047619047616,1.0,0.23809523809523808,1.0,0.23809523809523808,1.0,1.0,0.23809523809523808,1.0,0.47619047619047616,1.0,0.47619047619047616,1.0,1.0,0.47619047619047616,0.8,0.5714285714285714,1.0,0.7142857142857143,1.0,1.0,0.5606575963718821,0.6,0.5714285714285714,1.0,0.9523809523809523,1.0,1.0,0.5606575963718821,0.52,0.6190476190476191,0.84,1.0,1.0,1.0,0.5875727102435176,0.43333333333333335,0.6190476190476191,0.7,1.0,1.0,1.0,0.5875727102435176,0.37142857142857144,0.6190476190476191,0.6,1.0,1.0,1.0,0.5875727102435176,0.325,0.6190476190476191,0.525,1.0,1.0,1.0,0.5875727102435176,0.28888888888888886,0.6190476190476191,0.4666666666666667,1.0,1.0,1.0,0.5875727102435176,0.26,0.6190476190476191,0.42,1.0,1.0,1.0,0.5875727102435176,llama_nemotron_8b-dj_adpt,10,webtable-v2v-v=12-distilroberta-dj_adpt~qwen3_8b-dj_adpt
oil_and_gas_summary_production_data_1967_1999_a.pq,1.0,0.09090909090909091,1.0,0.09090909090909091,1.0,1.0,0.09090909090909091,0.2,0.09090909090909091,1.0,0.45454545454545453,1.0,1.0,0.09090909090909091,0.1,0.09090909090909091,1.0,0.9090909090909091,1.0,1.0,0.09090909090909091,0.06666666666666667,0.09090909090909091,0.7333333333333333,1.0,1.0,1.0,0.09090909090909091,0.05,0.09090909090909091,0.55,1.0,1.0,1.0,0.09090909090909091,0.04,0.09090909090909091,0.44,1.0,1.0,1.0,0.09090909090909091,0.03333333333333333,0.09090909090909091,0.36666666666666664,1.0,1.0,1.0,0.09090909090909091,0.02857142857142857,0.09090909090909091,0.3142857142857143,1.0,1.0,1.0,0.09090909090909091,0.025,0.09090909090909091,0.275,1.0,1.0,1.0,0.09090909090909091,0.044444444444444446,0.18181818181818182,0.24444444444444444,1.0,1.0,1.0,0.09513742071881608,0.04,0.18181818181818182,0.22,1.0,1.0,1.0,0.09513742071881608,llama_nemotron_8b-dj_adpt,10,webtable-v2v-v=12-distilroberta-dj_adpt~qwen3_8b-dj_adpt
contributors_parties_a.pq,1.0,0.047619047619047616,1.0,0.047619047619047616,1.0,1.0,0.047619047619047616,1.0,0.23809523809523808,1.0,0.23809523809523808,1.0,1.0,0.23809523809523808,0.9,0.42857142857142855,1.0,0.47619047619047616,1.0,1.0,0.42857142857142855,0.6,0.42857142857142855,1.0,0.7142857142857143,1.0,1.0,0.42857142857142855,0.45,0.42857142857142855,1.0,0.9523809523809523,1.0,1.0,0.42857142857142855,0.36,0.42857142857142855,0.84,1.0,1.0,1.0,0.42857142857142855,0.3,0.42857142857142855,0.7,1.0,1.0,1.0,0.42857142857142855,0.2571428571428571,0.42857142857142855,0.6,1.0,1.0,1.0,0.42857142857142855,0.225,0.42857142857142855,0.525,1.0,1.0,1.0,0.42857142857142855,0.2,0.42857142857142855,0.4666666666666667,1.0,1.0,1.0,0.42857142857142855,0.18,0.42857142857142855,0.42,1.0,1.0,1.0,0.42857142857142855,llama_nemotron_8b-dj_adpt,10,webtable-v2v-v=12-distilroberta-dj_adpt~qwen3_8b-dj_adpt
311_calls_historic_data_a.pq,1.0,0.09090909090909091,1.0,0.09090909090909091,1.0,1.0,0.09090909090909091,0.2,0.09090909090909091,1.0,0.45454545454545453,1.0,1.0,0.09090909090909091,0.1,0.09090909090909091,1.0,0.9090909090909091,1.0,1.0,0.09090909090909091,0.06666666666666667,0.09090909090909091,0.7333333333333333,1.0,1.0,1.0,0.09090909090909091,0.05,0.09090909090909091,0.55,1.0,1.0,1.0,0.09090909090909091,0.04,0.09090909090909091,0.44,1.0,1.0,1.0,0.09090909090909091,0.03333333333333333,0.09090909090909091,0.36666666666666664,1.0,1.0,1.0,0.09090909090909091,0.02857142857142857,0.09090909090909091,0.3142857142857143,1.0,1.0,1.0,0.09090909090909091,0.025,0.09090909090909091,0.275,1.0,1.0,1.0,0.09090909090909091,0.022222222222222223,0.09090909090909091,0.24444444444444444,1.0,1.0,1.0,0.09090909090909091,0.02,0.09090909090909091,0.22,1.0,1.0,1.0,0.09090909090909091,llama_nemotron_8b-dj_adpt,10,webtable-v2v-v=12-distilroberta-dj_adpt~qwen3_8b-dj_adpt
albums_b.pq,1.0,0.0625,1.0,0.0625,1.0,1.0,0.0625,1.0,0.3125,1.0,0.3125,1.0,1.0,0.3125,1.0,0.625,1.0,0.625,1.0,1.0,0.625,0.7333333333333333,0.6875,1.0,0.9375,1.0,1.0,0.6875,0.55,0.6875,0.8,1.0,1.0,1.0,0.6875,0.44,0.6875,0.64,1.0,1.0,1.0,0.6875,0.36666666666666664,0.6875,0.5333333333333333,1.0,1.0,1.0,0.6875,0.3142857142857143,0.6875,0.45714285714285713,1.0,1.0,1.0,0.6875,0.275,0.6875,0.4,1.0,1.0,1.0,0.6875,0.24444444444444444,0.6875,0.35555555555555557,1.0,1.0,1.0,0.6875,0.22,0.6875,0.32,1.0,1.0,1.0,0.6875,llama_nemotron_8b-dj_adpt,10,webtable-v2v-v=12-distilroberta-dj_adpt~qwen3_8b-dj_adpt
ydn_spending_data_b.pq,1.0,0.08333333333333333,1.0,0.08333333333333333,1.0,1.0,0.08333333333333333,0.2,0.08333333333333333,1.0,0.4166666666666667,1.0,1.0,0.08333333333333333,0.1,0.08333333333333333,1.0,0.8333333333333334,1.0,1.0,0.08333333333333333,0.06666666666666667,0.08333333333333333,0.8,1.0,1.0,1.0,0.08333333333333333,0.05,0.08333333333333333,0.6,1.0,1.0,1.0,0.08333333333333333,0.08,0.16666666666666666,0.48,1.0,1.0,1.0,0.09027777777777778,0.06666666666666667,0.16666666666666666,0.4,1.0,1.0,1.0,0.09027777777777778,0.08571428571428572,0.25,0.34285714285714286,1.0,1.0,1.0,0.09809027777777778,0.075,0.25,0.3,1.0,1.0,1.0,0.09809027777777778,0.06666666666666667,0.25,0.26666666666666666,1.0,1.0,1.0,0.09809027777777778,0.06,0.25,0.24,1.0,1.0,1.0,0.09809027777777778,llama_nemotron_8b-dj_adpt,10,webtable-v2v-v=12-distilroberta-dj_adpt~qwen3_8b-dj_adpt
time_spent_watching_vcr_movies_a.pq,1.0,0.09090909090909091,1.0,0.09090909090909091,1.0,1.0,0.09090909090909091,0.2,0.09090909090909091,1.0,0.45454545454545453,1.0,1.0,0.09090909090909091,0.1,0.09090909090909091,1.0,0.9090909090909091,1.0,1.0,0.09090909090909091,0.06666666666666667,0.09090909090909091,0.7333333333333333,1.0,1.0,1.0,0.09090909090909091,0.05,0.09090909090909091,0.55,1.0,1.0,1.0,0.09090909090909091,0.04,0.09090909090909091,0.44,1.0,1.0,1.0,0.09090909090909091,0.03333333333333333,0.09090909090909091,0.36666666666666664,1.0,1.0,1.0,0.09090909090909091,0.02857142857142857,0.09090909090909091,0.3142857142857143,1.0,1.0,1.0,0.09090909090909091,0.025,0.09090909090909091,0.275,1.0,1.0,1.0,0.09090909090909091,0.022222222222222223,0.09090909090909091,0.24444444444444444,1.0,1.0,1.0,0.09090909090909091,0.02,0.09090909090909091,0.22,1.0,1.0,1.0,0.09090909090909091,llama_nemotron_8b-dj_adpt,10,webtable-v2v-v=12-distilroberta-dj_adpt~qwen3_8b-dj_adpt
prescribing_b.pq,0.0,0.0,1.0,0.06666666666666667,0.0,0.0,0.0,0.0,0.0,1.0,0.3333333333333333,0.0,0.0,0.0,0.0,0.0,1.0,0.6666666666666666,0.0,0.0,0.0,0.0,0.0,1.0,1.0,0.0,0.0,0.0,0.0,0.0,0.75,1.0,0.0,0.0,0.0,0.0,0.0,0.6,1.0,0.0,0.0,0.0,0.0,0.0,0.5,1.0,0.0,0.0,0.0,0.0,0.0,0.42857142857142855,1.0,0.0,0.0,0.0,0.025,0.06666666666666667,0.375,1.0,1.0,0.027777777777777776,0.0018518518518518517,0.022222222222222223,0.06666666666666667,0.3333333333333333,1.0,1.0,0.027777777777777776,0.0018518518518518517,0.02,0.06666666666666667,0.3,1.0,1.0,0.027777777777777776,0.0018518518518518517,llama_nemotron_8b-dj_adpt,10,webtable-v2v-v=12-distilroberta-dj_adpt~qwen3_8b-dj_adpt
immigration_records_a.pq,1.0,0.0625,1.0,0.0625,1.0,1.0,0.0625,0.2,0.0625,1.0,0.3125,1.0,1.0,0.0625,0.1,0.0625,1.0,0.625,1.0,1.0,0.0625,0.4,0.375,1.0,0.9375,1.0,1.0,0.15604083416583417,0.35,0.4375,0.8,1.0,1.0,1.0,0.18338458416583417,0.28,0.4375,0.64,1.0,1.0,1.0,0.18338458416583417,0.26666666666666666,0.5,0.5333333333333333,1.0,1.0,1.0,0.2019031026843527,0.22857142857142856,0.5,0.45714285714285713,1.0,1.0,1.0,0.2019031026843527,0.2,0.5,0.4,1.0,1.0,1.0,0.2019031026843527,0.17777777777777778,0.5,0.35555555555555557,1.0,1.0,1.0,0.2019031026843527,0.16,0.5,0.32,1.0,1.0,1.0,0.2019031026843527,llama_nemotron_8b-dj_adpt,10,webtable-v2v-v=12-distilroberta-dj_adpt~qwen3_8b-dj_adpt
data_mill_b.pq,1.0,0.07142857142857142,1.0,0.07142857142857142,1.0,1.0,0.07142857142857142,0.2,0.07142857142857142,1.0,0.35714285714285715,1.0,1.0,0.07142857142857142,0.1,0.07142857142857142,1.0,0.7142857142857143,1.0,1.0,0.07142857142857142,0.13333333333333333,0.14285714285714285,0.9333333333333333,1.0,1.0,1.0,0.08333333333333334,0.1,0.14285714285714285,0.7,1.0,1.0,1.0,0.08333333333333334,0.12,0.21428571428571427,0.56,1.0,1.0,1.0,0.0919047619047619,0.13333333333333333,0.2857142857142857,0.4666666666666667,1.0,1.0,1.0,0.1028937728937729,0.14285714285714285,0.35714285714285715,0.4,1.0,1.0,1.0,0.11441451022096183,0.125,0.35714285714285715,0.35,1.0,1.0,1.0,0.11441451022096183,0.1111111111111111,0.35714285714285715,0.3111111111111111,1.0,1.0,1.0,0.11441451022096183,0.14,0.5,0.28,1.0,1.0,1.0,0.1335330512543965,llama_nemotron_8b-dj_adpt,10,webtable-v2v-v=12-distilroberta-dj_adpt~qwen3_8b-dj_adpt
ipopayments_b.pq,1.0,0.06666666666666667,1.0,0.06666666666666667,1.0,1.0,0.06666666666666667,1.0,0.3333333333333333,1.0,0.3333333333333333,1.0,1.0,0.3333333333333333,0.8,0.5333333333333333,1.0,0.6666666666666666,1.0,1.0,0.5259259259259259,0.6,0.6,1.0,1.0,1.0,1.0,0.5687830687830687,0.5,0.6666666666666666,0.75,1.0,1.0,1.0,0.6038707880813144,0.44,0.7333333333333333,0.6,1.0,1.0,1.0,0.6332041214146478,0.36666666666666664,0.7333333333333333,0.5,1.0,1.0,1.0,0.6332041214146478,0.3142857142857143,0.7333333333333333,0.42857142857142855,1.0,1.0,1.0,0.6332041214146478,0.275,0.7333333333333333,0.375,1.0,1.0,1.0,0.6332041214146478,0.24444444444444444,0.7333333333333333,0.3333333333333333,1.0,1.0,1.0,0.6332041214146478,0.22,0.7333333333333333,0.3,1.0,1.0,1.0,0.6332041214146478,llama_nemotron_8b-dj_adpt,10,webtable-v2v-v=12-distilroberta-dj_adpt~qwen3_8b-dj_adpt
albums_a.pq,1.0,0.0625,1.0,0.0625,1.0,1.0,0.0625,1.0,0.3125,1.0,0.3125,1.0,1.0,0.3125,0.9,0.5625,1.0,0.625,1.0,1.0,0.55625,0.6666666666666666,0.625,1.0,0.9375,1.0,1.0,0.6130681818181818,0.55,0.6875,0.8,1.0,1.0,1.0,0.6535093582887701,0.44,0.6875,0.64,1.0,1.0,1.0,0.6535093582887701,0.36666666666666664,0.6875,0.5333333333333333,1.0,1.0,1.0,0.6535093582887701,0.34285714285714286,0.75,0.45714285714285713,1.0,1.0,1.0,0.6749379297173415,0.3,0.75,0.4,1.0,1.0,1.0,0.6749379297173415,0.28888888888888886,0.8125,0.35555555555555557,1.0,1.0,1.0,0.6942831678125796,0.26,0.8125,0.32,1.0,1.0,1.0,0.6942831678125796,llama_nemotron_8b-dj_adpt,10,webtable-v2v-v=12-distilroberta-dj_adpt~qwen3_8b-dj_adpt
job_pay_scales_a.pq,1.0,0.06666666666666667,1.0,0.06666666666666667,1.0,1.0,0.06666666666666667,0.4,0.13333333333333333,1.0,0.3333333333333333,1.0,1.0,0.13333333333333333,0.2,0.13333333333333333,1.0,0.6666666666666666,1.0,1.0,0.13333333333333333,0.13333333333333333,0.13333333333333333,1.0,1.0,1.0,1.0,0.13333333333333333,0.1,0.13333333333333333,0.75,1.0,1.0,1.0,0.13333333333333333,0.08,0.13333333333333333,0.6,1.0,1.0,1.0,0.13333333333333333,0.06666666666666667,0.13333333333333333,0.5,1.0,1.0,1.0,0.13333333333333333,0.05714285714285714,0.13333333333333333,0.42857142857142855,1.0,1.0,1.0,0.13333333333333333,0.05,0.13333333333333333,0.375,1.0,1.0,1.0,0.13333333333333333,0.044444444444444446,0.13333333333333333,0.3333333333333333,1.0,1.0,1.0,0.13333333333333333,0.04,0.13333333333333333,0.3,1.0,1.0,1.0,0.13333333333333333,llama_nemotron_8b-dj_adpt,10,webtable-v2v-v=12-distilroberta-dj_adpt~qwen3_8b-dj_adpt
new_york_city_restaurant_inspection_results_a.pq,0.0,0.0,1.0,0.03225806451612903,0.0,0.0,0.0,0.2,0.03225806451612903,1.0,0.16129032258064516,1.0,0.5,0.016129032258064516,0.1,0.03225806451612903,1.0,0.3225806451612903,1.0,0.5,0.016129032258064516,0.06666666666666667,0.03225806451612903,1.0,0.4838709677419355,1.0,0.5,0.016129032258064516,0.05,0.03225806451612903,1.0,0.6451612903225806,1.0,0.5,0.016129032258064516,0.04,0.03225806451612903,1.0,0.8064516129032258,1.0,0.5,0.016129032258064516,0.03333333333333333,0.03225806451612903,1.0,0.967741935483871,1.0,0.5,0.016129032258064516,0.02857142857142857,0.03225806451612903,0.8857142857142857,1.0,1.0,0.5,0.016129032258064516,0.025,0.03225806451612903,0.775,1.0,1.0,0.5,0.016129032258064516,0.022222222222222223,0.03225806451612903,0.6888888888888889,1.0,1.0,0.5,0.016129032258064516,0.02,0.03225806451612903,0.62,1.0,1.0,0.5,0.016129032258064516,llama_nemotron_8b-dj_adpt,10,webtable-v2v-v=12-distilroberta-dj_adpt~qwen3_8b-dj_adpt
ipopayments_a.pq,1.0,0.06666666666666667,1.0,0.06666666666666667,1.0,1.0,0.06666666666666667,1.0,0.3333333333333333,1.0,0.3333333333333333,1.0,1.0,0.3333333333333333,0.8,0.5333333333333333,1.0,0.6666666666666666,1.0,1.0,0.5333333333333333,0.5333333333333333,0.5333333333333333,1.0,1.0,1.0,1.0,0.5333333333333333,0.45,0.6,0.75,1.0,1.0,1.0,0.5666666666666667,0.36,0.6,0.6,1.0,1.0,1.0,0.5666666666666667,0.3333333333333333,0.6666666666666666,0.5,1.0,1.0,1.0,0.591358024691358,0.2857142857142857,0.6666666666666666,0.42857142857142855,1.0,1.0,1.0,0.591358024691358,0.25,0.6666666666666666,0.375,1.0,1.0,1.0,0.591358024691358,0.26666666666666666,0.8,0.3333333333333333,1.0,1.0,1.0,0.6274229933144662,0.24,0.8,0.3,1.0,1.0,1.0,0.6274229933144662,llama_nemotron_8b-dj_adpt,10,webtable-v2v-v=12-distilroberta-dj_adpt~qwen3_8b-dj_adpt
lane_description_a.pq,0.0,0.0,1.0,0.0625,0.0,0.0,0.0,0.4,0.125,1.0,0.3125,1.0,0.3333333333333333,0.05208333333333333,0.3,0.1875,1.0,0.625,1.0,0.3333333333333333,0.07886904761904762,0.26666666666666666,0.25,1.0,0.9375,1.0,0.3333333333333333,0.09809981684981685,0.25,0.3125,0.8,1.0,1.0,0.3333333333333333,0.11546092796092797,0.28,0.4375,0.64,1.0,1.0,0.3333333333333333,0.1508180708180708,0.3,0.5625,0.5333333333333333,1.0,1.0,0.3333333333333333,0.1908821733821734,0.2571428571428571,0.5625,0.45714285714285713,1.0,1.0,0.3333333333333333,0.1908821733821734,0.225,0.5625,0.4,1.0,1.0,0.3333333333333333,0.1908821733821734,0.2,0.5625,0.35555555555555557,1.0,1.0,0.3333333333333333,0.1908821733821734,0.22,0.6875,0.32,1.0,1.0,0.3333333333333333,0.21793004572259891,llama_nemotron_8b-dj_adpt,10,webtable-v2v-v=12-distilroberta-dj_adpt~qwen3_8b-dj_adpt
monthly_data_feed_b.pq,1.0,0.07692307692307693,1.0,0.07692307692307693,1.0,1.0,0.07692307692307693,0.2,0.07692307692307693,1.0,0.38461538461538464,1.0,1.0,0.07692307692307693,0.1,0.07692307692307693,1.0,0.7692307692307693,1.0,1.0,0.07692307692307693,0.06666666666666667,0.07692307692307693,0.8666666666666667,1.0,1.0,1.0,0.07692307692307693,0.05,0.07692307692307693,0.65,1.0,1.0,1.0,0.07692307692307693,0.04,0.07692307692307693,0.52,1.0,1.0,1.0,0.07692307692307693,0.03333333333333333,0.07692307692307693,0.43333333333333335,1.0,1.0,1.0,0.07692307692307693,0.02857142857142857,0.07692307692307693,0.37142857142857144,1.0,1.0,1.0,0.07692307692307693,0.025,0.07692307692307693,0.325,1.0,1.0,1.0,0.07692307692307693,0.022222222222222223,0.07692307692307693,0.28888888888888886,1.0,1.0,1.0,0.07692307692307693,0.02,0.07692307692307693,0.26,1.0,1.0,1.0,0.07692307692307693,llama_nemotron_8b-dj_adpt,10,webtable-v2v-v=12-distilroberta-dj_adpt~qwen3_8b-dj_adpt
cdc_nutrition_physical_activity_and_obesity_legislation_a.pq,1.0,0.09090909090909091,1.0,0.09090909090909091,1.0,1.0,0.09090909090909091,0.2,0.09090909090909091,1.0,0.45454545454545453,1.0,1.0,0.09090909090909091,0.1,0.09090909090909091,1.0,0.9090909090909091,1.0,1.0,0.09090909090909091,0.06666666666666667,0.09090909090909091,0.7333333333333333,1.0,1.0,1.0,0.09090909090909091,0.05,0.09090909090909091,0.55,1.0,1.0,1.0,0.09090909090909091,0.04,0.09090909090909091,0.44,1.0,1.0,1.0,0.09090909090909091,0.03333333333333333,0.09090909090909091,0.36666666666666664,1.0,1.0,1.0,0.09090909090909091,0.02857142857142857,0.09090909090909091,0.3142857142857143,1.0,1.0,1.0,0.09090909090909091,0.025,0.09090909090909091,0.275,1.0,1.0,1.0,0.09090909090909091,0.022222222222222223,0.09090909090909091,0.24444444444444444,1.0,1.0,1.0,0.09090909090909091,0.02,0.09090909090909091,0.22,1.0,1.0,1.0,0.09090909090909091,llama_nemotron_8b-dj_adpt,10,webtable-v2v-v=12-distilroberta-dj_adpt~qwen3_8b-dj_adpt
film_locations_in_san_francisco_a.pq,1.0,0.07692307692307693,1.0,0.07692307692307693,1.0,1.0,0.07692307692307693,0.4,0.15384615384615385,1.0,0.38461538461538464,1.0,1.0,0.11538461538461539,0.3,0.23076923076923078,1.0,0.7692307692307693,1.0,1.0,0.15384615384615385,0.3333333333333333,0.38461538461538464,0.8666666666666667,1.0,1.0,1.0,0.2031558185404339,0.25,0.38461538461538464,0.65,1.0,1.0,1.0,0.2031558185404339,0.24,0.46153846153846156,0.52,1.0,1.0,1.0,0.2216173570019724,0.23333333333333334,0.5384615384615384,0.43333333333333335,1.0,1.0,1.0,0.24084812623274163,0.2571428571428571,0.6923076923076923,0.37142857142857144,1.0,1.0,1.0,0.2816782638370728,0.225,0.6923076923076923,0.325,1.0,1.0,1.0,0.2816782638370728,0.2222222222222222,0.7692307692307693,0.28888888888888886,1.0,1.0,1.0,0.29916078131959023,0.24,0.9230769230769231,0.26,1.0,1.0,1.0,0.3352505249093338,llama_nemotron_8b-dj_adpt,10,webtable-v2v-v=12-distilroberta-dj_adpt~qwen3_8b-dj_adpt
animal_tag_data_b.pq,1.0,0.08333333333333333,1.0,0.08333333333333333,1.0,1.0,0.08333333333333333,1.0,0.4166666666666667,1.0,0.4166666666666667,1.0,1.0,0.4166666666666667,0.8,0.6666666666666666,1.0,0.8333333333333334,1.0,1.0,0.6666666666666666,0.6666666666666666,0.8333333333333334,0.8,1.0,1.0,1.0,0.7904040404040403,0.5,0.8333333333333334,0.6,1.0,1.0,1.0,0.7904040404040403,0.4,0.8333333333333334,0.48,1.0,1.0,1.0,0.7904040404040403,0.3333333333333333,0.8333333333333334,0.4,1.0,1.0,1.0,0.7904040404040403,0.2857142857142857,0.8333333333333334,0.34285714285714286,1.0,1.0,1.0,0.7904040404040403,0.275,0.9166666666666666,0.3,1.0,1.0,1.0,0.8158670033670034,0.24444444444444444,0.9166666666666666,0.26666666666666666,1.0,1.0,1.0,0.8158670033670034,0.22,0.9166666666666666,0.24,1.0,1.0,1.0,0.8158670033670034,llama_nemotron_8b-dj_adpt,10,webtable-v2v-v=12-distilroberta-dj_adpt~qwen3_8b-dj_adpt
mines_b.pq,1.0,0.07142857142857142,1.0,0.07142857142857142,1.0,1.0,0.07142857142857142,0.2,0.07142857142857142,1.0,0.35714285714285715,1.0,1.0,0.07142857142857142,0.1,0.07142857142857142,1.0,0.7142857142857143,1.0,1.0,0.07142857142857142,0.06666666666666667,0.07142857142857142,0.9333333333333333,1.0,1.0,1.0,0.07142857142857142,0.1,0.14285714285714285,0.7,1.0,1.0,1.0,0.08035714285714286,0.08,0.14285714285714285,0.56,1.0,1.0,1.0,0.08035714285714286,0.06666666666666667,0.14285714285714285,0.4666666666666667,1.0,1.0,1.0,0.08035714285714286,0.05714285714285714,0.14285714285714285,0.4,1.0,1.0,1.0,0.08035714285714286,0.075,0.21428571428571427,0.35,1.0,1.0,1.0,0.08614864864864866,0.06666666666666667,0.21428571428571427,0.3111111111111111,1.0,1.0,1.0,0.08614864864864866,0.06,0.21428571428571427,0.28,1.0,1.0,1.0,0.08614864864864866,llama_nemotron_8b-dj_adpt,10,webtable-v2v-v=12-distilroberta-dj_adpt~qwen3_8b-dj_adpt
practice_reference_a.pq,1.0,0.06666666666666667,1.0,0.06666666666666667,1.0,1.0,0.06666666666666667,1.0,0.3333333333333333,1.0,0.3333333333333333,1.0,1.0,0.3333333333333333,1.0,0.6666666666666666,1.0,0.6666666666666666,1.0,1.0,0.6666666666666666,1.0,1.0,1.0,1.0,1.0,1.0,1.0,0.75,1.0,0.75,1.0,1.0,1.0,1.0,0.6,1.0,0.6,1.0,1.0,1.0,1.0,0.5,1.0,0.5,1.0,1.0,1.0,1.0,0.42857142857142855,1.0,0.42857142857142855,1.0,1.0,1.0,1.0,0.375,1.0,0.375,1.0,1.0,1.0,1.0,0.3333333333333333,1.0,0.3333333333333333,1.0,1.0,1.0,1.0,0.3,1.0,0.3,1.0,1.0,1.0,1.0,llama_nemotron_8b-dj_adpt,10,webtable-v2v-v=12-distilroberta-dj_adpt~qwen3_8b-dj_adpt
practice_reference_b.pq,1.0,0.06666666666666667,1.0,0.06666666666666667,1.0,1.0,0.06666666666666667,1.0,0.3333333333333333,1.0,0.3333333333333333,1.0,1.0,0.3333333333333333,1.0,0.6666666666666666,1.0,0.6666666666666666,1.0,1.0,0.6666666666666666,1.0,1.0,1.0,1.0,1.0,1.0,1.0,0.75,1.0,0.75,1.0,1.0,1.0,1.0,0.6,1.0,0.6,1.0,1.0,1.0,1.0,0.5,1.0,0.5,1.0,1.0,1.0,1.0,0.42857142857142855,1.0,0.42857142857142855,1.0,1.0,1.0,1.0,0.375,1.0,0.375,1.0,1.0,1.0,1.0,0.3333333333333333,1.0,0.3333333333333333,1.0,1.0,1.0,1.0,0.3,1.0,0.3,1.0,1.0,1.0,1.0,llama_nemotron_8b-dj_adpt,10,webtable-v2v-v=12-distilroberta-dj_adpt~qwen3_8b-dj_adpt
prescribing_a.pq,1.0,0.06666666666666667,1.0,0.06666666666666667,1.0,1.0,0.06666666666666667,0.2,0.06666666666666667,1.0,0.3333333333333333,1.0,1.0,0.06666666666666667,0.1,0.06666666666666667,1.0,0.6666666666666666,1.0,1.0,0.06666666666666667,0.06666666666666667,0.06666666666666667,1.0,1.0,1.0,1.0,0.06666666666666667,0.05,0.06666666666666667,0.75,1.0,1.0,1.0,0.06666666666666667,0.04,0.06666666666666667,0.6,1.0,1.0,1.0,0.06666666666666667,0.03333333333333333,0.06666666666666667,0.5,1.0,1.0,1.0,0.06666666666666667,0.02857142857142857,0.06666666666666667,0.42857142857142855,1.0,1.0,1.0,0.06666666666666667,0.025,0.06666666666666667,0.375,1.0,1.0,1.0,0.06666666666666667,0.022222222222222223,0.06666666666666667,0.3333333333333333,1.0,1.0,1.0,0.06666666666666667,0.02,0.06666666666666667,0.3,1.0,1.0,1.0,0.06666666666666667,llama_nemotron_8b-dj_adpt,10,webtable-v2v-v=12-distilroberta-dj_adpt~qwen3_8b-dj_adpt
abandoned_wells_a.pq,1.0,0.09090909090909091,1.0,0.09090909090909091,1.0,1.0,0.09090909090909091,1.0,0.45454545454545453,1.0,0.45454545454545453,1.0,1.0,0.45454545454545453,1.0,0.9090909090909091,1.0,0.9090909090909091,1.0,1.0,0.9090909090909091,0.7333333333333333,1.0,0.7333333333333333,1.0,1.0,1.0,1.0,0.55,1.0,0.55,1.0,1.0,1.0,1.0,0.44,1.0,0.44,1.0,1.0,1.0,1.0,0.36666666666666664,1.0,0.36666666666666664,1.0,1.0,1.0,1.0,0.3142857142857143,1.0,0.3142857142857143,1.0,1.0,1.0,1.0,0.275,1.0,0.275,1.0,1.0,1.0,1.0,0.24444444444444444,1.0,0.24444444444444444,1.0,1.0,1.0,1.0,0.22,1.0,0.22,1.0,1.0,1.0,1.0,llama_nemotron_8b-dj_adpt,10,webtable-v2v-v=12-distilroberta-dj_adpt~qwen3_8b-dj_adpt
cihr_co-applicant_b.pq,1.0,0.08333333333333333,1.0,0.08333333333333333,1.0,1.0,0.08333333333333333,0.4,0.16666666666666666,1.0,0.4166666666666667,1.0,1.0,0.125,0.4,0.3333333333333333,1.0,0.8333333333333334,1.0,1.0,0.20833333333333334,0.26666666666666666,0.3333333333333333,0.8,1.0,1.0,1.0,0.20833333333333334,0.2,0.3333333333333333,0.6,1.0,1.0,1.0,0.20833333333333334,0.16,0.3333333333333333,0.48,1.0,1.0,1.0,0.20833333333333334,0.13333333333333333,0.3333333333333333,0.4,1.0,1.0,1.0,0.20833333333333334,0.11428571428571428,0.3333333333333333,0.34285714285714286,1.0,1.0,1.0,0.20833333333333334,0.1,0.3333333333333333,0.3,1.0,1.0,1.0,0.20833333333333334,0.08888888888888889,0.3333333333333333,0.26666666666666666,1.0,1.0,1.0,0.20833333333333334,0.08,0.3333333333333333,0.24,1.0,1.0,1.0,0.20833333333333334,llama_nemotron_8b-dj_adpt,10,webtable-v2v-v=12-distilroberta-dj_adpt~qwen3_8b-dj_adpt
report_card_discipline_for_2015_16_a.pq,1.0,0.09090909090909091,1.0,0.09090909090909091,1.0,1.0,0.09090909090909091,0.2,0.09090909090909091,1.0,0.45454545454545453,1.0,1.0,0.09090909090909091,0.1,0.09090909090909091,1.0,0.9090909090909091,1.0,1.0,0.09090909090909091,0.06666666666666667,0.09090909090909091,0.7333333333333333,1.0,1.0,1.0,0.09090909090909091,0.05,0.09090909090909091,0.55,1.0,1.0,1.0,0.09090909090909091,0.08,0.18181818181818182,0.44,1.0,1.0,1.0,0.09818181818181819,0.1,0.2727272727272727,0.36666666666666664,1.0,1.0,1.0,0.10792207792207792,0.11428571428571428,0.36363636363636365,0.3142857142857143,1.0,1.0,1.0,0.11861726508785332,0.175,0.6363636363636364,0.275,1.0,1.0,1.0,0.16116543526760244,0.2,0.8181818181818182,0.24444444444444444,1.0,1.0,1.0,0.19587617906925534,0.18,0.8181818181818182,0.22,1.0,1.0,1.0,0.19587617906925534,llama_nemotron_8b-dj_adpt,10,webtable-v2v-v=12-distilroberta-dj_adpt~qwen3_8b-dj_adpt
wholesale_markets_a.pq,1.0,0.09090909090909091,1.0,0.09090909090909091,1.0,1.0,0.09090909090909091,0.2,0.09090909090909091,1.0,0.45454545454545453,1.0,1.0,0.09090909090909091,0.1,0.09090909090909091,1.0,0.9090909090909091,1.0,1.0,0.09090909090909091,0.06666666666666667,0.09090909090909091,0.7333333333333333,1.0,1.0,1.0,0.09090909090909091,0.05,0.09090909090909091,0.55,1.0,1.0,1.0,0.09090909090909091,0.04,0.09090909090909091,0.44,1.0,1.0,1.0,0.09090909090909091,0.03333333333333333,0.09090909090909091,0.36666666666666664,1.0,1.0,1.0,0.09090909090909091,0.02857142857142857,0.09090909090909091,0.3142857142857143,1.0,1.0,1.0,0.09090909090909091,0.025,0.09090909090909091,0.275,1.0,1.0,1.0,0.09090909090909091,0.022222222222222223,0.09090909090909091,0.24444444444444444,1.0,1.0,1.0,0.09090909090909091,0.02,0.09090909090909091,0.22,1.0,1.0,1.0,0.09090909090909091,llama_nemotron_8b-dj_adpt,10,webtable-v2v-v=12-distilroberta-dj_adpt~qwen3_8b-dj_adpt
ydn_spending_data_a.pq,1.0,0.08333333333333333,1.0,0.08333333333333333,1.0,1.0,0.08333333333333333,0.4,0.16666666666666666,1.0,0.4166666666666667,1.0,1.0,0.13888888888888887,0.2,0.16666666666666666,1.0,0.8333333333333334,1.0,1.0,0.13888888888888887,0.13333333333333333,0.16666666666666666,0.8,1.0,1.0,1.0,0.13888888888888887,0.1,0.16666666666666666,0.6,1.0,1.0,1.0,0.13888888888888887,0.08,0.16666666666666666,0.48,1.0,1.0,1.0,0.13888888888888887,0.1,0.25,0.4,1.0,1.0,1.0,0.1485042735042735,0.08571428571428572,0.25,0.34285714285714286,1.0,1.0,1.0,0.1485042735042735,0.075,0.25,0.3,1.0,1.0,1.0,0.1485042735042735,0.06666666666666667,0.25,0.26666666666666666,1.0,1.0,1.0,0.1485042735042735,0.06,0.25,0.24,1.0,1.0,1.0,0.1485042735042735,llama_nemotron_8b-dj_adpt,10,webtable-v2v-v=12-distilroberta-dj_adpt~qwen3_8b-dj_adpt
data_mill_a.pq,1.0,0.07142857142857142,1.0,0.07142857142857142,1.0,1.0,0.07142857142857142,0.4,0.14285714285714285,1.0,0.35714285714285715,1.0,1.0,0.14285714285714285,0.2,0.14285714285714285,1.0,0.7142857142857143,1.0,1.0,0.14285714285714285,0.2,0.21428571428571427,0.9333333333333333,1.0,1.0,1.0,0.15714285714285717,0.15,0.21428571428571427,0.7,1.0,1.0,1.0,0.15714285714285717,0.12,0.21428571428571427,0.56,1.0,1.0,1.0,0.15714285714285717,0.1,0.21428571428571427,0.4666666666666667,1.0,1.0,1.0,0.15714285714285717,0.11428571428571428,0.2857142857142857,0.4,1.0,1.0,1.0,0.1660714285714286,0.1,0.2857142857142857,0.35,1.0,1.0,1.0,0.1660714285714286,0.08888888888888889,0.2857142857142857,0.3111111111111111,1.0,1.0,1.0,0.1660714285714286,0.08,0.2857142857142857,0.28,1.0,1.0,1.0,0.1660714285714286,llama_nemotron_8b-dj_adpt,10,webtable-v2v-v=12-distilroberta-dj_adpt~qwen3_8b-dj_adpt
business_rates_a.pq,1.0,0.08333333333333333,1.0,0.08333333333333333,1.0,1.0,0.08333333333333333,0.8,0.3333333333333333,1.0,0.4166666666666667,1.0,1.0,0.31666666666666665,0.8,0.6666666666666666,1.0,0.8333333333333334,1.0,1.0,0.5971230158730159,0.6,0.75,0.8,1.0,1.0,1.0,0.6506944444444445,0.45,0.75,0.6,1.0,1.0,1.0,0.6506944444444445,0.36,0.75,0.48,1.0,1.0,1.0,0.6506944444444445,0.3,0.75,0.4,1.0,1.0,1.0,0.6506944444444445,0.2571428571428571,0.75,0.34285714285714286,1.0,1.0,1.0,0.6506944444444445,0.225,0.75,0.3,1.0,1.0,1.0,0.6506944444444445,0.2,0.75,0.26666666666666666,1.0,1.0,1.0,0.6506944444444445,0.18,0.75,0.24,1.0,1.0,1.0,0.6506944444444445,llama_nemotron_8b-dj_adpt,10,webtable-v2v-v=12-distilroberta-dj_adpt~qwen3_8b-dj_adpt
workforce_management_information_b.pq,0.0,0.0,1.0,0.05555555555555555,0.0,0.0,0.0,0.0,0.0,1.0,0.2777777777777778,0.0,0.0,0.0,0.0,0.0,1.0,0.5555555555555556,0.0,0.0,0.0,0.0,0.0,1.0,0.8333333333333334,0.0,0.0,0.0,0.0,0.0,0.9,1.0,0.0,0.0,0.0,0.0,0.0,0.72,1.0,0.0,0.0,0.0,0.03333333333333333,0.05555555555555555,0.6,1.0,1.0,0.034482758620689655,0.0019157088122605363,0.02857142857142857,0.05555555555555555,0.5142857142857142,1.0,1.0,0.034482758620689655,0.0019157088122605363,0.025,0.05555555555555555,0.45,1.0,1.0,0.034482758620689655,0.0019157088122605363,0.022222222222222223,0.05555555555555555,0.4,1.0,1.0,0.034482758620689655,0.0019157088122605363,0.02,0.05555555555555555,0.36,1.0,1.0,0.034482758620689655,0.0019157088122605363,llama_nemotron_8b-dj_adpt,10,webtable-v2v-v=12-distilroberta-dj_adpt~qwen3_8b-dj_adpt
lane_description_b.pq,1.0,0.0625,1.0,0.0625,1.0,1.0,0.0625,0.2,0.0625,1.0,0.3125,1.0,1.0,0.0625,0.1,0.0625,1.0,0.625,1.0,1.0,0.0625,0.06666666666666667,0.0625,1.0,0.9375,1.0,1.0,0.0625,0.05,0.0625,0.8,1.0,1.0,1.0,0.0625,0.08,0.125,0.64,1.0,1.0,1.0,0.06845238095238096,0.1,0.1875,0.5333333333333333,1.0,1.0,1.0,0.07539682539682539,0.08571428571428572,0.1875,0.45714285714285713,1.0,1.0,1.0,0.07539682539682539,0.075,0.1875,0.4,1.0,1.0,1.0,0.07539682539682539,0.06666666666666667,0.1875,0.35555555555555557,1.0,1.0,1.0,0.07539682539682539,0.06,0.1875,0.32,1.0,1.0,1.0,0.07539682539682539,llama_nemotron_8b-dj_adpt,10,webtable-v2v-v=12-distilroberta-dj_adpt~qwen3_8b-dj_adpt
purchasing_card_a.pq,1.0,0.07692307692307693,1.0,0.07692307692307693,1.0,1.0,0.07692307692307693,1.0,0.38461538461538464,1.0,0.38461538461538464,1.0,1.0,0.38461538461538464,1.0,0.7692307692307693,1.0,0.7692307692307693,1.0,1.0,0.7692307692307693,0.8666666666666667,1.0,0.8666666666666667,1.0,1.0,1.0,1.0,0.65,1.0,0.65,1.0,1.0,1.0,1.0,0.52,1.0,0.52,1.0,1.0,1.0,1.0,0.43333333333333335,1.0,0.43333333333333335,1.0,1.0,1.0,1.0,0.37142857142857144,1.0,0.37142857142857144,1.0,1.0,1.0,1.0,0.325,1.0,0.325,1.0,1.0,1.0,1.0,0.28888888888888886,1.0,0.28888888888888886,1.0,1.0,1.0,1.0,0.26,1.0,0.26,1.0,1.0,1.0,1.0,llama_nemotron_8b-dj_adpt,10,webtable-v2v-v=12-distilroberta-dj_adpt~qwen3_8b-dj_adpt
complaint_by_practice_b.pq,1.0,0.07692307692307693,1.0,0.07692307692307693,1.0,1.0,0.07692307692307693,0.6,0.23076923076923078,1.0,0.38461538461538464,1.0,1.0,0.18589743589743588,0.3,0.23076923076923078,1.0,0.7692307692307693,1.0,1.0,0.18589743589743588,0.2,0.23076923076923078,0.8666666666666667,1.0,1.0,1.0,0.18589743589743588,0.15,0.23076923076923078,0.65,1.0,1.0,1.0,0.18589743589743588,0.12,0.23076923076923078,0.52,1.0,1.0,1.0,0.18589743589743588,0.1,0.23076923076923078,0.43333333333333335,1.0,1.0,1.0,0.18589743589743588,0.08571428571428572,0.23076923076923078,0.37142857142857144,1.0,1.0,1.0,0.18589743589743588,0.1,0.3076923076923077,0.325,1.0,1.0,1.0,0.1937869822485207,0.1111111111111111,0.38461538461538464,0.28888888888888886,1.0,1.0,1.0,0.2027315260767855,0.1,0.38461538461538464,0.26,1.0,1.0,1.0,0.2027315260767855,llama_nemotron_8b-dj_adpt,10,webtable-v2v-v=12-distilroberta-dj_adpt~qwen3_8b-dj_adpt
stockport_contracts_b.pq,1.0,0.07692307692307693,1.0,0.07692307692307693,1.0,1.0,0.07692307692307693,0.8,0.3076923076923077,1.0,0.38461538461538464,1.0,1.0,0.29230769230769227,0.8,0.6153846153846154,1.0,0.7692307692307693,1.0,1.0,0.5511904761904762,0.6666666666666666,0.7692307692307693,0.8666666666666667,1.0,1.0,1.0,0.6557269653423499,0.5,0.7692307692307693,0.65,1.0,1.0,1.0,0.6557269653423499,0.44,0.8461538461538461,0.52,1.0,1.0,1.0,0.6895731191885038,0.36666666666666664,0.8461538461538461,0.43333333333333335,1.0,1.0,1.0,0.6895731191885038,0.3142857142857143,0.8461538461538461,0.37142857142857144,1.0,1.0,1.0,0.6895731191885038,0.275,0.8461538461538461,0.325,1.0,1.0,1.0,0.6895731191885038,0.26666666666666666,0.9230769230769231,0.28888888888888886,1.0,1.0,1.0,0.7115511411665257,0.24,0.9230769230769231,0.26,1.0,1.0,1.0,0.7115511411665257,llama_nemotron_8b-dj_adpt,10,webtable-v2v-v=12-distilroberta-dj_adpt~qwen3_8b-dj_adpt
tuition_assistance_program_tap_recipients_a.pq,0.0,0.0,1.0,0.09090909090909091,0.0,0.0,0.0,0.2,0.09090909090909091,1.0,0.45454545454545453,1.0,0.5,0.045454545454545456,0.1,0.09090909090909091,1.0,0.9090909090909091,1.0,0.5,0.045454545454545456,0.06666666666666667,0.09090909090909091,0.7333333333333333,1.0,1.0,0.5,0.045454545454545456,0.05,0.09090909090909091,0.55,1.0,1.0,0.5,0.045454545454545456,0.04,0.09090909090909091,0.44,1.0,1.0,0.5,0.045454545454545456,0.03333333333333333,0.09090909090909091,0.36666666666666664,1.0,1.0,0.5,0.045454545454545456,0.02857142857142857,0.09090909090909091,0.3142857142857143,1.0,1.0,0.5,0.045454545454545456,0.025,0.09090909090909091,0.275,1.0,1.0,0.5,0.045454545454545456,0.022222222222222223,0.09090909090909091,0.24444444444444444,1.0,1.0,0.5,0.045454545454545456,0.02,0.09090909090909091,0.22,1.0,1.0,0.5,0.045454545454545456,llama_nemotron_8b-dj_adpt,10,webtable-v2v-v=12-distilroberta-dj_adpt~qwen3_8b-dj_adpt
minister_meetings_a.pq,1.0,0.1,1.0,0.1,1.0,1.0,0.1,0.4,0.2,1.0,0.5,1.0,1.0,0.2,0.2,0.2,1.0,1.0,1.0,1.0,0.2,0.2,0.3,0.6666666666666666,1.0,1.0,1.0,0.225,0.25,0.5,0.5,1.0,1.0,1.0,0.27222222222222225,0.2,0.5,0.4,1.0,1.0,1.0,0.27222222222222225,0.16666666666666666,0.5,0.3333333333333333,1.0,1.0,1.0,0.27222222222222225,0.17142857142857143,0.6,0.2857142857142857,1.0,1.0,1.0,0.2915770609318996,0.15,0.6,0.25,1.0,1.0,1.0,0.2915770609318996,0.13333333333333333,0.6,0.2222222222222222,1.0,1.0,1.0,0.2915770609318996,0.12,0.6,0.2,1.0,1.0,1.0,0.2915770609318996,llama_nemotron_8b-dj_adpt,10,webtable-v2v-v=12-distilroberta-dj_adpt~qwen3_8b-dj_adpt
workforce_management_information_a.pq,1.0,0.05555555555555555,1.0,0.05555555555555555,1.0,1.0,0.05555555555555555,0.2,0.05555555555555555,1.0,0.2777777777777778,1.0,1.0,0.05555555555555555,0.1,0.05555555555555555,1.0,0.5555555555555556,1.0,1.0,0.05555555555555555,0.06666666666666667,0.05555555555555555,1.0,0.8333333333333334,1.0,1.0,0.05555555555555555,0.05,0.05555555555555555,0.9,1.0,1.0,1.0,0.05555555555555555,0.08,0.1111111111111111,0.72,1.0,1.0,1.0,0.06084656084656085,0.1,0.16666666666666666,0.6,1.0,1.0,1.0,0.06659368728334246,0.08571428571428572,0.16666666666666666,0.5142857142857142,1.0,1.0,1.0,0.06659368728334246,0.075,0.16666666666666666,0.45,1.0,1.0,1.0,0.06659368728334246,0.06666666666666667,0.16666666666666666,0.4,1.0,1.0,1.0,0.06659368728334246,0.06,0.16666666666666666,0.36,1.0,1.0,1.0,0.06659368728334246,llama_nemotron_8b-dj_adpt,10,webtable-v2v-v=12-distilroberta-dj_adpt~qwen3_8b-dj_adpt
cihr_co-applicant_a.pq,1.0,0.08333333333333333,1.0,0.08333333333333333,1.0,1.0,0.08333333333333333,1.0,0.4166666666666667,1.0,0.4166666666666667,1.0,1.0,0.4166666666666667,1.0,0.8333333333333334,1.0,0.8333333333333334,1.0,1.0,0.8333333333333334,0.8,1.0,0.8,1.0,1.0,1.0,1.0,0.6,1.0,0.6,1.0,1.0,1.0,1.0,0.48,1.0,0.48,1.0,1.0,1.0,1.0,0.4,1.0,0.4,1.0,1.0,1.0,1.0,0.34285714285714286,1.0,0.34285714285714286,1.0,1.0,1.0,1.0,0.3,1.0,0.3,1.0,1.0,1.0,1.0,0.26666666666666666,1.0,0.26666666666666666,1.0,1.0,1.0,1.0,0.24,1.0,0.24,1.0,1.0,1.0,1.0,qwen3_8b-dj_adpt,11,webtable-v2v-v=12-distilroberta-dj_adpt~qwen3_8b-dj_adpt
ipopayments_a.pq,1.0,0.06666666666666667,1.0,0.06666666666666667,1.0,1.0,0.06666666666666667,1.0,0.3333333333333333,1.0,0.3333333333333333,1.0,1.0,0.3333333333333333,1.0,0.6666666666666666,1.0,0.6666666666666666,1.0,1.0,0.6666666666666666,0.8,0.8,1.0,1.0,1.0,1.0,0.7904761904761906,0.7,0.9333333333333333,0.75,1.0,1.0,1.0,0.8995448179271708,0.56,0.9333333333333333,0.6,1.0,1.0,1.0,0.8995448179271708,0.4666666666666667,0.9333333333333333,0.5,1.0,1.0,1.0,0.8995448179271708,0.4,0.9333333333333333,0.42857142857142855,1.0,1.0,1.0,0.8995448179271708,0.35,0.9333333333333333,0.375,1.0,1.0,1.0,0.8995448179271708,0.3333333333333333,1.0,0.3333333333333333,1.0,1.0,1.0,0.9233543417366946,0.3,1.0,0.3,1.0,1.0,1.0,0.9233543417366946,qwen3_8b-dj_adpt,11,webtable-v2v-v=12-distilroberta-dj_adpt~qwen3_8b-dj_adpt
albums_a.pq,1.0,0.0625,1.0,0.0625,1.0,1.0,0.0625,1.0,0.3125,1.0,0.3125,1.0,1.0,0.3125,1.0,0.625,1.0,0.625,1.0,1.0,0.625,0.8,0.75,1.0,0.9375,1.0,1.0,0.7375,0.7,0.875,0.8,1.0,1.0,1.0,0.83203125,0.56,0.875,0.64,1.0,1.0,1.0,0.83203125,0.5,0.9375,0.5333333333333333,1.0,1.0,1.0,0.8655133928571429,0.42857142857142855,0.9375,0.45714285714285713,1.0,1.0,1.0,0.8655133928571429,0.375,0.9375,0.4,1.0,1.0,1.0,0.8655133928571429,0.3333333333333333,0.9375,0.35555555555555557,1.0,1.0,1.0,0.8655133928571429,0.32,1.0,0.32,1.0,1.0,1.0,0.8867899886018237,qwen3_8b-dj_adpt,11,webtable-v2v-v=12-distilroberta-dj_adpt~qwen3_8b-dj_adpt
minister_meetings_a.pq,1.0,0.1,1.0,0.1,1.0,1.0,0.1,0.6,0.3,1.0,0.5,1.0,1.0,0.3,0.3,0.3,1.0,1.0,1.0,1.0,0.3,0.2,0.3,0.6666666666666666,1.0,1.0,1.0,0.3,0.15,0.3,0.5,1.0,1.0,1.0,0.3,0.12,0.3,0.4,1.0,1.0,1.0,0.3,0.1,0.3,0.3333333333333333,1.0,1.0,1.0,0.3,0.08571428571428572,0.3,0.2857142857142857,1.0,1.0,1.0,0.3,0.075,0.3,0.25,1.0,1.0,1.0,0.3,0.06666666666666667,0.3,0.2222222222222222,1.0,1.0,1.0,0.3,0.06,0.3,0.2,1.0,1.0,1.0,0.3,qwen3_8b-dj_adpt,11,webtable-v2v-v=12-distilroberta-dj_adpt~qwen3_8b-dj_adpt
practice_reference_b.pq,1.0,0.06666666666666667,1.0,0.06666666666666667,1.0,1.0,0.06666666666666667,1.0,0.3333333333333333,1.0,0.3333333333333333,1.0,1.0,0.3333333333333333,1.0,0.6666666666666666,1.0,0.6666666666666666,1.0,1.0,0.6666666666666666,1.0,1.0,1.0,1.0,1.0,1.0,1.0,0.75,1.0,0.75,1.0,1.0,1.0,1.0,0.6,1.0,0.6,1.0,1.0,1.0,1.0,0.5,1.0,0.5,1.0,1.0,1.0,1.0,0.42857142857142855,1.0,0.42857142857142855,1.0,1.0,1.0,1.0,0.375,1.0,0.375,1.0,1.0,1.0,1.0,0.3333333333333333,1.0,0.3333333333333333,1.0,1.0,1.0,1.0,0.3,1.0,0.3,1.0,1.0,1.0,1.0,qwen3_8b-dj_adpt,11,webtable-v2v-v=12-distilroberta-dj_adpt~qwen3_8b-dj_adpt
ipopayments_b.pq,1.0,0.06666666666666667,1.0,0.06666666666666667,1.0,1.0,0.06666666666666667,1.0,0.3333333333333333,1.0,0.3333333333333333,1.0,1.0,0.3333333333333333,0.8,0.5333333333333333,1.0,0.6666666666666666,1.0,1.0,0.5259259259259259,0.8,0.8,1.0,1.0,1.0,1.0,0.7495800495800496,0.65,0.8666666666666667,0.75,1.0,1.0,1.0,0.8037467162467162,0.6,1.0,0.6,1.0,1.0,1.0,0.8936457061457062,0.5,1.0,0.5,1.0,1.0,1.0,0.8936457061457062,0.42857142857142855,1.0,0.42857142857142855,1.0,1.0,1.0,0.8936457061457062,0.375,1.0,0.375,1.0,1.0,1.0,0.8936457061457062,0.3333333333333333,1.0,0.3333333333333333,1.0,1.0,1.0,0.8936457061457062,0.3,1.0,0.3,1.0,1.0,1.0,0.8936457061457062,qwen3_8b-dj_adpt,11,webtable-v2v-v=12-distilroberta-dj_adpt~qwen3_8b-dj_adpt
albums_b.pq,1.0,0.0625,1.0,0.0625,1.0,1.0,0.0625,1.0,0.3125,1.0,0.3125,1.0,1.0,0.3125,1.0,0.625,1.0,0.625,1.0,1.0,0.625,0.9333333333333333,0.875,1.0,0.9375,1.0,1.0,0.875,0.7,0.875,0.8,1.0,1.0,1.0,0.875,0.56,0.875,0.64,1.0,1.0,1.0,0.875,0.4666666666666667,0.875,0.5333333333333333,1.0,1.0,1.0,0.875,0.4,0.875,0.45714285714285713,1.0,1.0,1.0,0.875,0.35,0.875,0.4,1.0,1.0,1.0,0.875,0.3111111111111111,0.875,0.35555555555555557,1.0,1.0,1.0,0.875,0.28,0.875,0.32,1.0,1.0,1.0,0.875,qwen3_8b-dj_adpt,11,webtable-v2v-v=12-distilroberta-dj_adpt~qwen3_8b-dj_adpt
cdc_nutrition_physical_activity_and_obesity_legislation_a.pq,1.0,0.09090909090909091,1.0,0.09090909090909091,1.0,1.0,0.09090909090909091,1.0,0.45454545454545453,1.0,0.45454545454545453,1.0,1.0,0.45454545454545453,1.0,0.9090909090909091,1.0,0.9090909090909091,1.0,1.0,0.9090909090909091,0.7333333333333333,1.0,0.7333333333333333,1.0,1.0,1.0,1.0,0.55,1.0,0.55,1.0,1.0,1.0,1.0,0.44,1.0,0.44,1.0,1.0,1.0,1.0,0.36666666666666664,1.0,0.36666666666666664,1.0,1.0,1.0,1.0,0.3142857142857143,1.0,0.3142857142857143,1.0,1.0,1.0,1.0,0.275,1.0,0.275,1.0,1.0,1.0,1.0,0.24444444444444444,1.0,0.24444444444444444,1.0,1.0,1.0,1.0,0.22,1.0,0.22,1.0,1.0,1.0,1.0,qwen3_8b-dj_adpt,11,webtable-v2v-v=12-distilroberta-dj_adpt~qwen3_8b-dj_adpt
oil_and_gas_summary_production_data_1967_1999_a.pq,1.0,0.09090909090909091,1.0,0.09090909090909091,1.0,1.0,0.09090909090909091,0.4,0.18181818181818182,1.0,0.45454545454545453,1.0,1.0,0.13636363636363635,0.2,0.18181818181818182,1.0,0.9090909090909091,1.0,1.0,0.13636363636363635,0.13333333333333333,0.18181818181818182,0.7333333333333333,1.0,1.0,1.0,0.13636363636363635,0.1,0.18181818181818182,0.55,1.0,1.0,1.0,0.13636363636363635,0.08,0.18181818181818182,0.44,1.0,1.0,1.0,0.13636363636363635,0.06666666666666667,0.18181818181818182,0.36666666666666664,1.0,1.0,1.0,0.13636363636363635,0.05714285714285714,0.18181818181818182,0.3142857142857143,1.0,1.0,1.0,0.13636363636363635,0.05,0.18181818181818182,0.275,1.0,1.0,1.0,0.13636363636363635,0.044444444444444446,0.18181818181818182,0.24444444444444444,1.0,1.0,1.0,0.13636363636363635,0.04,0.18181818181818182,0.22,1.0,1.0,1.0,0.13636363636363635,qwen3_8b-dj_adpt,11,webtable-v2v-v=12-distilroberta-dj_adpt~qwen3_8b-dj_adpt
complaint_by_practice_b.pq,1.0,0.07692307692307693,1.0,0.07692307692307693,1.0,1.0,0.07692307692307693,0.6,0.23076923076923078,1.0,0.38461538461538464,1.0,1.0,0.23076923076923078,0.3,0.23076923076923078,1.0,0.7692307692307693,1.0,1.0,0.23076923076923078,0.3333333333333333,0.38461538461538464,0.8666666666666667,1.0,1.0,1.0,0.2859960552268245,0.35,0.5384615384615384,0.65,1.0,1.0,1.0,0.34305990640832273,0.36,0.6923076923076923,0.52,1.0,1.0,1.0,0.39750806694343976,0.4,0.9230769230769231,0.43333333333333335,1.0,1.0,1.0,0.4891438847065785,0.37142857142857144,1.0,0.37142857142857144,1.0,1.0,1.0,0.5194469150096087,0.325,1.0,0.325,1.0,1.0,1.0,0.5194469150096087,0.28888888888888886,1.0,0.28888888888888886,1.0,1.0,1.0,0.5194469150096087,0.26,1.0,0.26,1.0,1.0,1.0,0.5194469150096087,qwen3_8b-dj_adpt,11,webtable-v2v-v=12-distilroberta-dj_adpt~qwen3_8b-dj_adpt
311_calls_historic_data_a.pq,1.0,0.09090909090909091,1.0,0.09090909090909091,1.0,1.0,0.09090909090909091,1.0,0.45454545454545453,1.0,0.45454545454545453,1.0,1.0,0.45454545454545453,0.9,0.8181818181818182,1.0,0.9090909090909091,1.0,1.0,0.798989898989899,0.7333333333333333,1.0,0.7333333333333333,1.0,1.0,1.0,0.9516705516705517,0.55,1.0,0.55,1.0,1.0,1.0,0.9516705516705517,0.44,1.0,0.44,1.0,1.0,1.0,0.9516705516705517,0.36666666666666664,1.0,0.36666666666666664,1.0,1.0,1.0,0.9516705516705517,0.3142857142857143,1.0,0.3142857142857143,1.0,1.0,1.0,0.9516705516705517,0.275,1.0,0.275,1.0,1.0,1.0,0.9516705516705517,0.24444444444444444,1.0,0.24444444444444444,1.0,1.0,1.0,0.9516705516705517,0.22,1.0,0.22,1.0,1.0,1.0,0.9516705516705517,qwen3_8b-dj_adpt,11,webtable-v2v-v=12-distilroberta-dj_adpt~qwen3_8b-dj_adpt
senior_officials_expenses_a.pq,1.0,0.09090909090909091,1.0,0.09090909090909091,1.0,1.0,0.09090909090909091,0.6,0.2727272727272727,1.0,0.45454545454545453,1.0,1.0,0.2727272727272727,0.4,0.36363636363636365,1.0,0.9090909090909091,1.0,1.0,0.31313131313131315,0.26666666666666666,0.36363636363636365,0.7333333333333333,1.0,1.0,1.0,0.31313131313131315,0.2,0.36363636363636365,0.55,1.0,1.0,1.0,0.31313131313131315,0.16,0.36363636363636365,0.44,1.0,1.0,1.0,0.31313131313131315,0.16666666666666666,0.45454545454545453,0.36666666666666664,1.0,1.0,1.0,0.3282828282828283,0.17142857142857143,0.5454545454545454,0.3142857142857143,1.0,1.0,1.0,0.34587813620071683,0.15,0.5454545454545454,0.275,1.0,1.0,1.0,0.34587813620071683,0.17777777777777778,0.7272727272727273,0.24444444444444444,1.0,1.0,1.0,0.37720621615458955,0.16,0.7272727272727273,0.22,1.0,1.0,1.0,0.37720621615458955,qwen3_8b-dj_adpt,11,webtable-v2v-v=12-distilroberta-dj_adpt~qwen3_8b-dj_adpt
stockport_contracts_a.pq,1.0,0.07692307692307693,1.0,0.07692307692307693,1.0,1.0,0.07692307692307693,0.4,0.15384615384615385,1.0,0.38461538461538464,1.0,1.0,0.15384615384615385,0.2,0.15384615384615385,1.0,0.7692307692307693,1.0,1.0,0.15384615384615385,0.13333333333333333,0.15384615384615385,0.8666666666666667,1.0,1.0,1.0,0.15384615384615385,0.1,0.15384615384615385,0.65,1.0,1.0,1.0,0.15384615384615385,0.12,0.23076923076923078,0.52,1.0,1.0,1.0,0.16483516483516483,0.1,0.23076923076923078,0.43333333333333335,1.0,1.0,1.0,0.16483516483516483,0.08571428571428572,0.23076923076923078,0.37142857142857144,1.0,1.0,1.0,0.16483516483516483,0.075,0.23076923076923078,0.325,1.0,1.0,1.0,0.16483516483516483,0.06666666666666667,0.23076923076923078,0.28888888888888886,1.0,1.0,1.0,0.16483516483516483,0.06,0.23076923076923078,0.26,1.0,1.0,1.0,0.16483516483516483,qwen3_8b-dj_adpt,11,webtable-v2v-v=12-distilroberta-dj_adpt~qwen3_8b-dj_adpt
lane_description_a.pq,1.0,0.0625,1.0,0.0625,1.0,1.0,0.0625,0.2,0.0625,1.0,0.3125,1.0,1.0,0.0625,0.1,0.0625,1.0,0.625,1.0,1.0,0.0625,0.06666666666666667,0.0625,1.0,0.9375,1.0,1.0,0.0625,0.05,0.0625,0.8,1.0,1.0,1.0,0.0625,0.04,0.0625,0.64,1.0,1.0,1.0,0.0625,0.03333333333333333,0.0625,0.5333333333333333,1.0,1.0,1.0,0.0625,0.02857142857142857,0.0625,0.45714285714285713,1.0,1.0,1.0,0.0625,0.025,0.0625,0.4,1.0,1.0,1.0,0.0625,0.022222222222222223,0.0625,0.35555555555555557,1.0,1.0,1.0,0.0625,0.02,0.0625,0.32,1.0,1.0,1.0,0.0625,qwen3_8b-dj_adpt,11,webtable-v2v-v=12-distilroberta-dj_adpt~qwen3_8b-dj_adpt
mines_a.pq,1.0,0.07142857142857142,1.0,0.07142857142857142,1.0,1.0,0.07142857142857142,0.4,0.14285714285714285,1.0,0.35714285714285715,1.0,1.0,0.14285714285714285,0.2,0.14285714285714285,1.0,0.7142857142857143,1.0,1.0,0.14285714285714285,0.13333333333333333,0.14285714285714285,0.9333333333333333,1.0,1.0,1.0,0.14285714285714285,0.1,0.14285714285714285,0.7,1.0,1.0,1.0,0.14285714285714285,0.12,0.21428571428571427,0.56,1.0,1.0,1.0,0.15142857142857144,0.13333333333333333,0.2857142857142857,0.4666666666666667,1.0,1.0,1.0,0.162010582010582,0.14285714285714285,0.35714285714285715,0.4,1.0,1.0,1.0,0.1731712962962963,0.125,0.35714285714285715,0.35,1.0,1.0,1.0,0.1731712962962963,0.1111111111111111,0.35714285714285715,0.3111111111111111,1.0,1.0,1.0,0.1731712962962963,0.1,0.35714285714285715,0.28,1.0,1.0,1.0,0.1731712962962963,qwen3_8b-dj_adpt,11,webtable-v2v-v=12-distilroberta-dj_adpt~qwen3_8b-dj_adpt
abandoned_wells_a.pq,1.0,0.09090909090909091,1.0,0.09090909090909091,1.0,1.0,0.09090909090909091,1.0,0.45454545454545453,1.0,0.45454545454545453,1.0,1.0,0.45454545454545453,0.9,0.8181818181818182,1.0,0.9090909090909091,1.0,1.0,0.8181818181818182,0.7333333333333333,1.0,0.7333333333333333,1.0,1.0,1.0,0.9547785547785548,0.55,1.0,0.55,1.0,1.0,1.0,0.9547785547785548,0.44,1.0,0.44,1.0,1.0,1.0,0.9547785547785548,0.36666666666666664,1.0,0.36666666666666664,1.0,1.0,1.0,0.9547785547785548,0.3142857142857143,1.0,0.3142857142857143,1.0,1.0,1.0,0.9547785547785548,0.275,1.0,0.275,1.0,1.0,1.0,0.9547785547785548,0.24444444444444444,1.0,0.24444444444444444,1.0,1.0,1.0,0.9547785547785548,0.22,1.0,0.22,1.0,1.0,1.0,0.9547785547785548,qwen3_8b-dj_adpt,11,webtable-v2v-v=12-distilroberta-dj_adpt~qwen3_8b-dj_adpt
animal_tag_data_a.pq,1.0,0.08333333333333333,1.0,0.08333333333333333,1.0,1.0,0.08333333333333333,0.8,0.3333333333333333,1.0,0.4166666666666667,1.0,1.0,0.29583333333333334,0.7,0.5833333333333334,1.0,0.8333333333333334,1.0,1.0,0.5096230158730158,0.4666666666666667,0.5833333333333334,0.8,1.0,1.0,1.0,0.5096230158730158,0.35,0.5833333333333334,0.6,1.0,1.0,1.0,0.5096230158730158,0.28,0.5833333333333334,0.48,1.0,1.0,1.0,0.5096230158730158,0.23333333333333334,0.5833333333333334,0.4,1.0,1.0,1.0,0.5096230158730158,0.2,0.5833333333333334,0.34285714285714286,1.0,1.0,1.0,0.5096230158730158,0.175,0.5833333333333334,0.3,1.0,1.0,1.0,0.5096230158730158,0.15555555555555556,0.5833333333333334,0.26666666666666666,1.0,1.0,1.0,0.5096230158730158,0.14,0.5833333333333334,0.24,1.0,1.0,1.0,0.5096230158730158,qwen3_8b-dj_adpt,11,webtable-v2v-v=12-distilroberta-dj_adpt~qwen3_8b-dj_adpt
animal_tag_data_b.pq,1.0,0.08333333333333333,1.0,0.08333333333333333,1.0,1.0,0.08333333333333333,1.0,0.4166666666666667,1.0,0.4166666666666667,1.0,1.0,0.4166666666666667,0.5,0.4166666666666667,1.0,0.8333333333333334,1.0,1.0,0.4166666666666667,0.3333333333333333,0.4166666666666667,0.8,1.0,1.0,1.0,0.4166666666666667,0.25,0.4166666666666667,0.6,1.0,1.0,1.0,0.4166666666666667,0.2,0.4166666666666667,0.48,1.0,1.0,1.0,0.4166666666666667,0.16666666666666666,0.4166666666666667,0.4,1.0,1.0,1.0,0.4166666666666667,0.14285714285714285,0.4166666666666667,0.34285714285714286,1.0,1.0,1.0,0.4166666666666667,0.125,0.4166666666666667,0.3,1.0,1.0,1.0,0.4166666666666667,0.15555555555555556,0.5833333333333334,0.26666666666666666,1.0,1.0,1.0,0.440993265993266,0.16,0.6666666666666666,0.24,1.0,1.0,1.0,0.4543265993265993,qwen3_8b-dj_adpt,11,webtable-v2v-v=12-distilroberta-dj_adpt~qwen3_8b-dj_adpt
deaths_2012_2018_a.pq,1.0,0.09090909090909091,1.0,0.09090909090909091,1.0,1.0,0.09090909090909091,0.2,0.09090909090909091,1.0,0.45454545454545453,1.0,1.0,0.09090909090909091,0.1,0.09090909090909091,1.0,0.9090909090909091,1.0,1.0,0.09090909090909091,0.06666666666666667,0.09090909090909091,0.7333333333333333,1.0,1.0,1.0,0.09090909090909091,0.05,0.09090909090909091,0.55,1.0,1.0,1.0,0.09090909090909091,0.04,0.09090909090909091,0.44,1.0,1.0,1.0,0.09090909090909091,0.03333333333333333,0.09090909090909091,0.36666666666666664,1.0,1.0,1.0,0.09090909090909091,0.02857142857142857,0.09090909090909091,0.3142857142857143,1.0,1.0,1.0,0.09090909090909091,0.025,0.09090909090909091,0.275,1.0,1.0,1.0,0.09090909090909091,0.022222222222222223,0.09090909090909091,0.24444444444444444,1.0,1.0,1.0,0.09090909090909091,0.02,0.09090909090909091,0.22,1.0,1.0,1.0,0.09090909090909091,qwen3_8b-dj_adpt,11,webtable-v2v-v=12-distilroberta-dj_adpt~qwen3_8b-dj_adpt
prescribing_a.pq,0.0,0.0,1.0,0.06666666666666667,0.0,0.0,0.0,0.0,0.0,1.0,0.3333333333333333,0.0,0.0,0.0,0.0,0.0,1.0,0.6666666666666666,0.0,0.0,0.0,0.0,0.0,1.0,1.0,0.0,0.0,0.0,0.0,0.0,0.75,1.0,0.0,0.0,0.0,0.0,0.0,0.6,1.0,0.0,0.0,0.0,0.0,0.0,0.5,1.0,0.0,0.0,0.0,0.0,0.0,0.42857142857142855,1.0,0.0,0.0,0.0,0.0,0.0,0.375,1.0,0.0,0.0,0.0,0.0,0.0,0.3333333333333333,1.0,0.0,0.0,0.0,0.0,0.0,0.3,1.0,0.0,0.0,0.0,qwen3_8b-dj_adpt,11,webtable-v2v-v=12-distilroberta-dj_adpt~qwen3_8b-dj_adpt
time_spent_watching_vcr_movies_a.pq,1.0,0.09090909090909091,1.0,0.09090909090909091,1.0,1.0,0.09090909090909091,0.8,0.36363636363636365,1.0,0.45454545454545453,1.0,1.0,0.36363636363636365,0.4,0.36363636363636365,1.0,0.9090909090909091,1.0,1.0,0.36363636363636365,0.26666666666666666,0.36363636363636365,0.7333333333333333,1.0,1.0,1.0,0.36363636363636365,0.2,0.36363636363636365,0.55,1.0,1.0,1.0,0.36363636363636365,0.16,0.36363636363636365,0.44,1.0,1.0,1.0,0.36363636363636365,0.13333333333333333,0.36363636363636365,0.36666666666666664,1.0,1.0,1.0,0.36363636363636365,0.11428571428571428,0.36363636363636365,0.3142857142857143,1.0,1.0,1.0,0.36363636363636365,0.1,0.36363636363636365,0.275,1.0,1.0,1.0,0.36363636363636365,0.08888888888888889,0.36363636363636365,0.24444444444444444,1.0,1.0,1.0,0.36363636363636365,0.08,0.36363636363636365,0.22,1.0,1.0,1.0,0.36363636363636365,qwen3_8b-dj_adpt,11,webtable-v2v-v=12-distilroberta-dj_adpt~qwen3_8b-dj_adpt
contributors_parties_a.pq,1.0,0.047619047619047616,1.0,0.047619047619047616,1.0,1.0,0.047619047619047616,1.0,0.23809523809523808,1.0,0.23809523809523808,1.0,1.0,0.23809523809523808,1.0,0.47619047619047616,1.0,0.47619047619047616,1.0,1.0,0.47619047619047616,1.0,0.7142857142857143,1.0,0.7142857142857143,1.0,1.0,0.7142857142857143,0.85,0.8095238095238095,1.0,0.9523809523809523,1.0,1.0,0.8045112781954887,0.68,0.8095238095238095,0.84,1.0,1.0,1.0,0.8045112781954887,0.5666666666666667,0.8095238095238095,0.7,1.0,1.0,1.0,0.8045112781954887,0.4857142857142857,0.8095238095238095,0.6,1.0,1.0,1.0,0.8045112781954887,0.45,0.8571428571428571,0.525,1.0,1.0,1.0,0.827677301361512,0.4,0.8571428571428571,0.4666666666666667,1.0,1.0,1.0,0.827677301361512,0.36,0.8571428571428571,0.42,1.0,1.0,1.0,0.827677301361512,qwen3_8b-dj_adpt,11,webtable-v2v-v=12-distilroberta-dj_adpt~qwen3_8b-dj_adpt
wholesale_markets_a.pq,1.0,0.09090909090909091,1.0,0.09090909090909091,1.0,1.0,0.09090909090909091,0.2,0.09090909090909091,1.0,0.45454545454545453,1.0,1.0,0.09090909090909091,0.1,0.09090909090909091,1.0,0.9090909090909091,1.0,1.0,0.09090909090909091,0.06666666666666667,0.09090909090909091,0.7333333333333333,1.0,1.0,1.0,0.09090909090909091,0.05,0.09090909090909091,0.55,1.0,1.0,1.0,0.09090909090909091,0.04,0.09090909090909091,0.44,1.0,1.0,1.0,0.09090909090909091,0.03333333333333333,0.09090909090909091,0.36666666666666664,1.0,1.0,1.0,0.09090909090909091,0.02857142857142857,0.09090909090909091,0.3142857142857143,1.0,1.0,1.0,0.09090909090909091,0.05,0.18181818181818182,0.275,1.0,1.0,1.0,0.09582309582309581,0.044444444444444446,0.18181818181818182,0.24444444444444444,1.0,1.0,1.0,0.09582309582309581,0.08,0.36363636363636365,0.22,1.0,1.0,1.0,0.10866168580454295,qwen3_8b-dj_adpt,11,webtable-v2v-v=12-distilroberta-dj_adpt~qwen3_8b-dj_adpt
ydn_spending_data_a.pq,1.0,0.08333333333333333,1.0,0.08333333333333333,1.0,1.0,0.08333333333333333,1.0,0.4166666666666667,1.0,0.4166666666666667,1.0,1.0,0.4166666666666667,0.5,0.4166666666666667,1.0,0.8333333333333334,1.0,1.0,0.4166666666666667,0.4,0.5,0.8,1.0,1.0,1.0,0.4551282051282051,0.3,0.5,0.6,1.0,1.0,1.0,0.4551282051282051,0.28,0.5833333333333334,0.48,1.0,1.0,1.0,0.48049052396878483,0.23333333333333334,0.5833333333333334,0.4,1.0,1.0,1.0,0.48049052396878483,0.2,0.5833333333333334,0.34285714285714286,1.0,1.0,1.0,0.48049052396878483,0.175,0.5833333333333334,0.3,1.0,1.0,1.0,0.48049052396878483,0.17777777777777778,0.6666666666666666,0.26666666666666666,1.0,1.0,1.0,0.4963635398418007,0.18,0.75,0.24,1.0,1.0,1.0,0.5116696622907803,qwen3_8b-dj_adpt,11,webtable-v2v-v=12-distilroberta-dj_adpt~qwen3_8b-dj_adpt
civic_building_locations_a.pq,1.0,0.08333333333333333,1.0,0.08333333333333333,1.0,1.0,0.08333333333333333,0.4,0.16666666666666666,1.0,0.4166666666666667,1.0,1.0,0.16666666666666666,0.2,0.16666666666666666,1.0,0.8333333333333334,1.0,1.0,0.16666666666666666,0.13333333333333333,0.16666666666666666,0.8,1.0,1.0,1.0,0.16666666666666666,0.2,0.3333333333333333,0.6,1.0,1.0,1.0,0.19895833333333335,0.2,0.4166666666666667,0.48,1.0,1.0,1.0,0.21707427536231882,0.16666666666666666,0.4166666666666667,0.4,1.0,1.0,1.0,0.21707427536231882,0.14285714285714285,0.4166666666666667,0.34285714285714286,1.0,1.0,1.0,0.21707427536231882,0.125,0.4166666666666667,0.3,1.0,1.0,1.0,0.21707427536231882,0.1111111111111111,0.4166666666666667,0.26666666666666666,1.0,1.0,1.0,0.21707427536231882,0.1,0.4166666666666667,0.24,1.0,1.0,1.0,0.21707427536231882,qwen3_8b-dj_adpt,11,webtable-v2v-v=12-distilroberta-dj_adpt~qwen3_8b-dj_adpt
monthly_data_feed_a.pq,1.0,0.07692307692307693,1.0,0.07692307692307693,1.0,1.0,0.07692307692307693,0.2,0.07692307692307693,1.0,0.38461538461538464,1.0,1.0,0.07692307692307693,0.1,0.07692307692307693,1.0,0.7692307692307693,1.0,1.0,0.07692307692307693,0.06666666666666667,0.07692307692307693,0.8666666666666667,1.0,1.0,1.0,0.07692307692307693,0.05,0.07692307692307693,0.65,1.0,1.0,1.0,0.07692307692307693,0.04,0.07692307692307693,0.52,1.0,1.0,1.0,0.07692307692307693,0.03333333333333333,0.07692307692307693,0.43333333333333335,1.0,1.0,1.0,0.07692307692307693,0.02857142857142857,0.07692307692307693,0.37142857142857144,1.0,1.0,1.0,0.07692307692307693,0.05,0.15384615384615385,0.325,1.0,1.0,1.0,0.08108108108108107,0.044444444444444446,0.15384615384615385,0.28888888888888886,1.0,1.0,1.0,0.08108108108108107,0.04,0.15384615384615385,0.26,1.0,1.0,1.0,0.08108108108108107,qwen3_8b-dj_adpt,11,webtable-v2v-v=12-distilroberta-dj_adpt~qwen3_8b-dj_adpt
report_card_discipline_for_2015_16_a.pq,1.0,0.09090909090909091,1.0,0.09090909090909091,1.0,1.0,0.09090909090909091,0.2,0.09090909090909091,1.0,0.45454545454545453,1.0,1.0,0.09090909090909091,0.1,0.09090909090909091,1.0,0.9090909090909091,1.0,1.0,0.09090909090909091,0.06666666666666667,0.09090909090909091,0.7333333333333333,1.0,1.0,1.0,0.09090909090909091,0.05,0.09090909090909091,0.55,1.0,1.0,1.0,0.09090909090909091,0.04,0.09090909090909091,0.44,1.0,1.0,1.0,0.09090909090909091,0.06666666666666667,0.18181818181818182,0.36666666666666664,1.0,1.0,1.0,0.09764309764309763,0.11428571428571428,0.36363636363636365,0.3142857142857143,1.0,1.0,1.0,0.1166027476187904,0.125,0.45454545454545453,0.275,1.0,1.0,1.0,0.12796638398242677,0.1111111111111111,0.45454545454545453,0.24444444444444444,1.0,1.0,1.0,0.12796638398242677,0.1,0.45454545454545453,0.22,1.0,1.0,1.0,0.12796638398242677,qwen3_8b-dj_adpt,11,webtable-v2v-v=12-distilroberta-dj_adpt~qwen3_8b-dj_adpt
film_locations_in_san_francisco_a.pq,1.0,0.07692307692307693,1.0,0.07692307692307693,1.0,1.0,0.07692307692307693,0.8,0.3076923076923077,1.0,0.38461538461538464,1.0,1.0,0.24743589743589745,0.8,0.6153846153846154,1.0,0.7692307692307693,1.0,1.0,0.49884004884004884,0.5333333333333333,0.6153846153846154,0.8666666666666667,1.0,1.0,1.0,0.49884004884004884,0.4,0.6153846153846154,0.65,1.0,1.0,1.0,0.49884004884004884,0.32,0.6153846153846154,0.52,1.0,1.0,1.0,0.49884004884004884,0.3,0.6923076923076923,0.43333333333333335,1.0,1.0,1.0,0.5227127278851417,0.2571428571428571,0.6923076923076923,0.37142857142857144,1.0,1.0,1.0,0.5227127278851417,0.225,0.6923076923076923,0.325,1.0,1.0,1.0,0.5227127278851417,0.2222222222222222,0.7692307692307693,0.28888888888888886,1.0,1.0,1.0,0.5401952453676592,0.22,0.8461538461538461,0.26,1.0,1.0,1.0,0.5571183222907361,qwen3_8b-dj_adpt,11,webtable-v2v-v=12-distilroberta-dj_adpt~qwen3_8b-dj_adpt
monthly_data_feed_b.pq,1.0,0.07692307692307693,1.0,0.07692307692307693,1.0,1.0,0.07692307692307693,0.2,0.07692307692307693,1.0,0.38461538461538464,1.0,1.0,0.07692307692307693,0.1,0.07692307692307693,1.0,0.7692307692307693,1.0,1.0,0.07692307692307693,0.06666666666666667,0.07692307692307693,0.8666666666666667,1.0,1.0,1.0,0.07692307692307693,0.05,0.07692307692307693,0.65,1.0,1.0,1.0,0.07692307692307693,0.04,0.07692307692307693,0.52,1.0,1.0,1.0,0.07692307692307693,0.03333333333333333,0.07692307692307693,0.43333333333333335,1.0,1.0,1.0,0.07692307692307693,0.02857142857142857,0.07692307692307693,0.37142857142857144,1.0,1.0,1.0,0.07692307692307693,0.025,0.07692307692307693,0.325,1.0,1.0,1.0,0.07692307692307693,0.022222222222222223,0.07692307692307693,0.28888888888888886,1.0,1.0,1.0,0.07692307692307693,0.02,0.07692307692307693,0.26,1.0,1.0,1.0,0.07692307692307693,qwen3_8b-dj_adpt,11,webtable-v2v-v=12-distilroberta-dj_adpt~qwen3_8b-dj_adpt
complaint_by_practice_a.pq,1.0,0.07692307692307693,1.0,0.07692307692307693,1.0,1.0,0.07692307692307693,1.0,0.38461538461538464,1.0,0.38461538461538464,1.0,1.0,0.38461538461538464,1.0,0.7692307692307693,1.0,0.7692307692307693,1.0,1.0,0.7692307692307693,0.8666666666666667,1.0,0.8666666666666667,1.0,1.0,1.0,0.9897435897435898,0.65,1.0,0.65,1.0,1.0,1.0,0.9897435897435898,0.52,1.0,0.52,1.0,1.0,1.0,0.9897435897435898,0.43333333333333335,1.0,0.43333333333333335,1.0,1.0,1.0,0.9897435897435898,0.37142857142857144,1.0,0.37142857142857144,1.0,1.0,1.0,0.9897435897435898,0.325,1.0,0.325,1.0,1.0,1.0,0.9897435897435898,0.28888888888888886,1.0,0.28888888888888886,1.0,1.0,1.0,0.9897435897435898,0.26,1.0,0.26,1.0,1.0,1.0,0.9897435897435898,qwen3_8b-dj_adpt,11,webtable-v2v-v=12-distilroberta-dj_adpt~qwen3_8b-dj_adpt
practice_reference_a.pq,1.0,0.06666666666666667,1.0,0.06666666666666667,1.0,1.0,0.06666666666666667,1.0,0.3333333333333333,1.0,0.3333333333333333,1.0,1.0,0.3333333333333333,1.0,0.6666666666666666,1.0,0.6666666666666666,1.0,1.0,0.6666666666666666,0.8,0.8,1.0,1.0,1.0,1.0,0.8,0.7,0.9333333333333333,0.75,1.0,1.0,1.0,0.9090686274509804,0.56,0.9333333333333333,0.6,1.0,1.0,1.0,0.9090686274509804,0.4666666666666667,0.9333333333333333,0.5,1.0,1.0,1.0,0.9090686274509804,0.4,0.9333333333333333,0.42857142857142855,1.0,1.0,1.0,0.9090686274509804,0.35,0.9333333333333333,0.375,1.0,1.0,1.0,0.9090686274509804,0.3111111111111111,0.9333333333333333,0.3333333333333333,1.0,1.0,1.0,0.9090686274509804,0.28,0.9333333333333333,0.3,1.0,1.0,1.0,0.9090686274509804,qwen3_8b-dj_adpt,11,webtable-v2v-v=12-distilroberta-dj_adpt~qwen3_8b-dj_adpt
stockport_contracts_b.pq,1.0,0.07692307692307693,1.0,0.07692307692307693,1.0,1.0,0.07692307692307693,1.0,0.38461538461538464,1.0,0.38461538461538464,1.0,1.0,0.38461538461538464,0.6,0.46153846153846156,1.0,0.7692307692307693,1.0,1.0,0.43076923076923074,0.4,0.46153846153846156,0.8666666666666667,1.0,1.0,1.0,0.43076923076923074,0.4,0.6153846153846154,0.65,1.0,1.0,1.0,0.4951923076923077,0.32,0.6153846153846154,0.52,1.0,1.0,1.0,0.4951923076923077,0.3,0.6923076923076923,0.43333333333333335,1.0,1.0,1.0,0.5199175824175823,0.2571428571428571,0.6923076923076923,0.37142857142857144,1.0,1.0,1.0,0.5199175824175823,0.225,0.6923076923076923,0.325,1.0,1.0,1.0,0.5199175824175823,0.2,0.6923076923076923,0.28888888888888886,1.0,1.0,1.0,0.5199175824175823,0.2,0.7692307692307693,0.26,1.0,1.0,1.0,0.5362841945288754,qwen3_8b-dj_adpt,11,webtable-v2v-v=12-distilroberta-dj_adpt~qwen3_8b-dj_adpt
tuition_assistance_program_tap_recipients_a.pq,1.0,0.09090909090909091,1.0,0.09090909090909091,1.0,1.0,0.09090909090909091,0.2,0.09090909090909091,1.0,0.45454545454545453,1.0,1.0,0.09090909090909091,0.1,0.09090909090909091,1.0,0.9090909090909091,1.0,1.0,0.09090909090909091,0.06666666666666667,0.09090909090909091,0.7333333333333333,1.0,1.0,1.0,0.09090909090909091,0.05,0.09090909090909091,0.55,1.0,1.0,1.0,0.09090909090909091,0.04,0.09090909090909091,0.44,1.0,1.0,1.0,0.09090909090909091,0.03333333333333333,0.09090909090909091,0.36666666666666664,1.0,1.0,1.0,0.09090909090909091,0.02857142857142857,0.09090909090909091,0.3142857142857143,1.0,1.0,1.0,0.09090909090909091,0.025,0.09090909090909091,0.275,1.0,1.0,1.0,0.09090909090909091,0.022222222222222223,0.09090909090909091,0.24444444444444444,1.0,1.0,1.0,0.09090909090909091,0.02,0.09090909090909091,0.22,1.0,1.0,1.0,0.09090909090909091,qwen3_8b-dj_adpt,11,webtable-v2v-v=12-distilroberta-dj_adpt~qwen3_8b-dj_adpt
data_mill_a.pq,1.0,0.07142857142857142,1.0,0.07142857142857142,1.0,1.0,0.07142857142857142,0.8,0.2857142857142857,1.0,0.35714285714285715,1.0,1.0,0.2857142857142857,0.5,0.35714285714285715,1.0,0.7142857142857143,1.0,1.0,0.34523809523809523,0.5333333333333333,0.5714285714285714,0.9333333333333333,1.0,1.0,1.0,0.46982184482184486,0.45,0.6428571428571429,0.7,1.0,1.0,1.0,0.5100004162504163,0.4,0.7142857142857143,0.56,1.0,1.0,1.0,0.5424679487179487,0.43333333333333335,0.9285714285714286,0.4666666666666667,1.0,1.0,1.0,0.6353196782691857,0.37142857142857144,0.9285714285714286,0.4,1.0,1.0,1.0,0.6353196782691857,0.325,0.9285714285714286,0.35,1.0,1.0,1.0,0.6353196782691857,0.28888888888888886,0.9285714285714286,0.3111111111111111,1.0,1.0,1.0,0.6353196782691857,0.26,0.9285714285714286,0.28,1.0,1.0,1.0,0.6353196782691857,qwen3_8b-dj_adpt,11,webtable-v2v-v=12-distilroberta-dj_adpt~qwen3_8b-dj_adpt
contributors_parties_b.pq,1.0,0.047619047619047616,1.0,0.047619047619047616,1.0,1.0,0.047619047619047616,1.0,0.23809523809523808,1.0,0.23809523809523808,1.0,1.0,0.23809523809523808,0.9,0.42857142857142855,1.0,0.47619047619047616,1.0,1.0,0.42857142857142855,0.6666666666666666,0.47619047619047616,1.0,0.7142857142857143,1.0,1.0,0.4718614718614718,0.5,0.47619047619047616,1.0,0.9523809523809523,1.0,1.0,0.4718614718614718,0.4,0.47619047619047616,0.84,1.0,1.0,1.0,0.4718614718614718,0.3333333333333333,0.47619047619047616,0.7,1.0,1.0,1.0,0.4718614718614718,0.3142857142857143,0.5238095238095238,0.6,1.0,1.0,1.0,0.4868274582560297,0.275,0.5238095238095238,0.525,1.0,1.0,1.0,0.4868274582560297,0.26666666666666666,0.5714285714285714,0.4666666666666667,1.0,1.0,1.0,0.4995258709544424,0.24,0.5714285714285714,0.42,1.0,1.0,1.0,0.4995258709544424,qwen3_8b-dj_adpt,11,webtable-v2v-v=12-distilroberta-dj_adpt~qwen3_8b-dj_adpt
prescribing_b.pq,1.0,0.06666666666666667,1.0,0.06666666666666667,1.0,1.0,0.06666666666666667,0.4,0.13333333333333333,1.0,0.3333333333333333,1.0,1.0,0.1111111111111111,0.2,0.13333333333333333,1.0,0.6666666666666666,1.0,1.0,0.1111111111111111,0.13333333333333333,0.13333333333333333,1.0,1.0,1.0,1.0,0.1111111111111111,0.1,0.13333333333333333,0.75,1.0,1.0,1.0,0.1111111111111111,0.12,0.2,0.6,1.0,1.0,1.0,0.12063492063492064,0.1,0.2,0.5,1.0,1.0,1.0,0.12063492063492064,0.08571428571428572,0.2,0.42857142857142855,1.0,1.0,1.0,0.12063492063492064,0.075,0.2,0.375,1.0,1.0,1.0,0.12063492063492064,0.06666666666666667,0.2,0.3333333333333333,1.0,1.0,1.0,0.12063492063492064,0.06,0.2,0.3,1.0,1.0,1.0,0.12063492063492064,qwen3_8b-dj_adpt,11,webtable-v2v-v=12-distilroberta-dj_adpt~qwen3_8b-dj_adpt
mines_b.pq,1.0,0.07142857142857142,1.0,0.07142857142857142,1.0,1.0,0.07142857142857142,0.2,0.07142857142857142,1.0,0.35714285714285715,1.0,1.0,0.07142857142857142,0.1,0.07142857142857142,1.0,0.7142857142857143,1.0,1.0,0.07142857142857142,0.06666666666666667,0.07142857142857142,0.9333333333333333,1.0,1.0,1.0,0.07142857142857142,0.05,0.07142857142857142,0.7,1.0,1.0,1.0,0.07142857142857142,0.04,0.07142857142857142,0.56,1.0,1.0,1.0,0.07142857142857142,0.06666666666666667,0.14285714285714285,0.4666666666666667,1.0,1.0,1.0,0.07692307692307691,0.05714285714285714,0.14285714285714285,0.4,1.0,1.0,1.0,0.07692307692307691,0.05,0.14285714285714285,0.35,1.0,1.0,1.0,0.07692307692307691,0.044444444444444446,0.14285714285714285,0.3111111111111111,1.0,1.0,1.0,0.07692307692307691,0.04,0.14285714285714285,0.28,1.0,1.0,1.0,0.07692307692307691,qwen3_8b-dj_adpt,11,webtable-v2v-v=12-distilroberta-dj_adpt~qwen3_8b-dj_adpt
purchasing_card_a.pq,1.0,0.07692307692307693,1.0,0.07692307692307693,1.0,1.0,0.07692307692307693,1.0,0.38461538461538464,1.0,0.38461538461538464,1.0,1.0,0.38461538461538464,1.0,0.7692307692307693,1.0,0.7692307692307693,1.0,1.0,0.7692307692307693,0.8666666666666667,1.0,0.8666666666666667,1.0,1.0,1.0,1.0,0.65,1.0,0.65,1.0,1.0,1.0,1.0,0.52,1.0,0.52,1.0,1.0,1.0,1.0,0.43333333333333335,1.0,0.43333333333333335,1.0,1.0,1.0,1.0,0.37142857142857144,1.0,0.37142857142857144,1.0,1.0,1.0,1.0,0.325,1.0,0.325,1.0,1.0,1.0,1.0,0.28888888888888886,1.0,0.28888888888888886,1.0,1.0,1.0,1.0,0.26,1.0,0.26,1.0,1.0,1.0,1.0,qwen3_8b-dj_adpt,11,webtable-v2v-v=12-distilroberta-dj_adpt~qwen3_8b-dj_adpt
workforce_management_information_b.pq,1.0,0.05555555555555555,1.0,0.05555555555555555,1.0,1.0,0.05555555555555555,1.0,0.2777777777777778,1.0,0.2777777777777778,1.0,1.0,0.2777777777777778,1.0,0.5555555555555556,1.0,0.5555555555555556,1.0,1.0,0.5555555555555556,0.8666666666666667,0.7222222222222222,1.0,0.8333333333333334,1.0,1.0,0.7182539682539683,0.65,0.7222222222222222,0.9,1.0,1.0,1.0,0.7182539682539683,0.52,0.7222222222222222,0.72,1.0,1.0,1.0,0.7182539682539683,0.43333333333333335,0.7222222222222222,0.6,1.0,1.0,1.0,0.7182539682539683,0.37142857142857144,0.7222222222222222,0.5142857142857142,1.0,1.0,1.0,0.7182539682539683,0.325,0.7222222222222222,0.45,1.0,1.0,1.0,0.7182539682539683,0.28888888888888886,0.7222222222222222,0.4,1.0,1.0,1.0,0.7182539682539683,0.26,0.7222222222222222,0.36,1.0,1.0,1.0,0.7182539682539683,qwen3_8b-dj_adpt,11,webtable-v2v-v=12-distilroberta-dj_adpt~qwen3_8b-dj_adpt
cihr_co-applicant_b.pq,1.0,0.08333333333333333,1.0,0.08333333333333333,1.0,1.0,0.08333333333333333,1.0,0.4166666666666667,1.0,0.4166666666666667,1.0,1.0,0.4166666666666667,0.9,0.75,1.0,0.8333333333333334,1.0,1.0,0.7219907407407408,0.8,1.0,0.8,1.0,1.0,1.0,0.9510602823102823,0.6,1.0,0.6,1.0,1.0,1.0,0.9510602823102823,0.48,1.0,0.48,1.0,1.0,1.0,0.9510602823102823,0.4,1.0,0.4,1.0,1.0,1.0,0.9510602823102823,0.34285714285714286,1.0,0.34285714285714286,1.0,1.0,1.0,0.9510602823102823,0.3,1.0,0.3,1.0,1.0,1.0,0.9510602823102823,0.26666666666666666,1.0,0.26666666666666666,1.0,1.0,1.0,0.9510602823102823,0.24,1.0,0.24,1.0,1.0,1.0,0.9510602823102823,qwen3_8b-dj_adpt,11,webtable-v2v-v=12-distilroberta-dj_adpt~qwen3_8b-dj_adpt
biodiversity_a.pq,1.0,0.09090909090909091,1.0,0.09090909090909091,1.0,1.0,0.09090909090909091,0.2,0.09090909090909091,1.0,0.45454545454545453,1.0,1.0,0.09090909090909091,0.6,0.5454545454545454,1.0,0.9090909090909091,1.0,1.0,0.31067821067821066,0.4,0.5454545454545454,0.7333333333333333,1.0,1.0,1.0,0.31067821067821066,0.3,0.5454545454545454,0.55,1.0,1.0,1.0,0.31067821067821066,0.28,0.6363636363636364,0.44,1.0,1.0,1.0,0.3361327561327561,0.23333333333333334,0.6363636363636364,0.36666666666666664,1.0,1.0,1.0,0.3361327561327561,0.2,0.6363636363636364,0.3142857142857143,1.0,1.0,1.0,0.3361327561327561,0.175,0.6363636363636364,0.275,1.0,1.0,1.0,0.3361327561327561,0.15555555555555556,0.6363636363636364,0.24444444444444444,1.0,1.0,1.0,0.3361327561327561,0.14,0.6363636363636364,0.22,1.0,1.0,1.0,0.3361327561327561,qwen3_8b-dj_adpt,11,webtable-v2v-v=12-distilroberta-dj_adpt~qwen3_8b-dj_adpt
job_pay_scales_a.pq,1.0,0.06666666666666667,1.0,0.06666666666666667,1.0,1.0,0.06666666666666667,1.0,0.3333333333333333,1.0,0.3333333333333333,1.0,1.0,0.3333333333333333,0.9,0.6,1.0,0.6666666666666666,1.0,1.0,0.6,0.7333333333333333,0.7333333333333333,1.0,1.0,1.0,1.0,0.717016317016317,0.55,0.7333333333333333,0.75,1.0,1.0,1.0,0.717016317016317,0.44,0.7333333333333333,0.6,1.0,1.0,1.0,0.717016317016317,0.36666666666666664,0.7333333333333333,0.5,1.0,1.0,1.0,0.717016317016317,0.3142857142857143,0.7333333333333333,0.42857142857142855,1.0,1.0,1.0,0.717016317016317,0.275,0.7333333333333333,0.375,1.0,1.0,1.0,0.717016317016317,0.24444444444444444,0.7333333333333333,0.3333333333333333,1.0,1.0,1.0,0.717016317016317,0.22,0.7333333333333333,0.3,1.0,1.0,1.0,0.717016317016317,qwen3_8b-dj_adpt,11,webtable-v2v-v=12-distilroberta-dj_adpt~qwen3_8b-dj_adpt
immigration_records_a.pq,1.0,0.0625,1.0,0.0625,1.0,1.0,0.0625,0.2,0.0625,1.0,0.3125,1.0,1.0,0.0625,0.4,0.25,1.0,0.625,1.0,1.0,0.13157242063492064,0.4,0.375,1.0,0.9375,1.0,1.0,0.18439980158730157,0.3,0.375,0.8,1.0,1.0,1.0,0.18439980158730157,0.4,0.625,0.64,1.0,1.0,1.0,0.2754097653554175,0.43333333333333335,0.8125,0.5333333333333333,1.0,1.0,1.0,0.3547417759374281,0.42857142857142855,0.9375,0.45714285714285713,1.0,1.0,1.0,0.412264457389041,0.4,1.0,0.4,1.0,1.0,1.0,0.4400422351668188,0.35555555555555557,1.0,0.35555555555555557,1.0,1.0,1.0,0.4400422351668188,0.32,1.0,0.32,1.0,1.0,1.0,0.4400422351668188,qwen3_8b-dj_adpt,11,webtable-v2v-v=12-distilroberta-dj_adpt~qwen3_8b-dj_adpt
lane_description_b.pq,1.0,0.0625,1.0,0.0625,1.0,1.0,0.0625,0.2,0.0625,1.0,0.3125,1.0,1.0,0.0625,0.1,0.0625,1.0,0.625,1.0,1.0,0.0625,0.06666666666666667,0.0625,1.0,0.9375,1.0,1.0,0.0625,0.05,0.0625,0.8,1.0,1.0,1.0,0.0625,0.04,0.0625,0.64,1.0,1.0,1.0,0.0625,0.03333333333333333,0.0625,0.5333333333333333,1.0,1.0,1.0,0.0625,0.02857142857142857,0.0625,0.45714285714285713,1.0,1.0,1.0,0.0625,0.025,0.0625,0.4,1.0,1.0,1.0,0.0625,0.022222222222222223,0.0625,0.35555555555555557,1.0,1.0,1.0,0.0625,0.02,0.0625,0.32,1.0,1.0,1.0,0.0625,qwen3_8b-dj_adpt,11,webtable-v2v-v=12-distilroberta-dj_adpt~qwen3_8b-dj_adpt
new_york_city_restaurant_inspection_results_a.pq,0.0,0.0,1.0,0.03225806451612903,0.0,0.0,0.0,0.0,0.0,1.0,0.16129032258064516,0.0,0.0,0.0,0.0,0.0,1.0,0.3225806451612903,0.0,0.0,0.0,0.0,0.0,1.0,0.4838709677419355,0.0,0.0,0.0,0.2,0.12903225806451613,1.0,0.6451612903225806,1.0,0.0625,0.017145349933974725,0.28,0.22580645161290322,1.0,0.8064516129032258,1.0,0.0625,0.04192261567898241,0.23333333333333334,0.22580645161290322,1.0,0.967741935483871,1.0,0.0625,0.04192261567898241,0.2,0.22580645161290322,0.8857142857142857,1.0,1.0,0.0625,0.04192261567898241,0.2,0.25806451612903225,0.775,1.0,1.0,0.0625,0.04853965455408579,0.2,0.2903225806451613,0.6888888888888889,1.0,1.0,0.0625,0.05529134247606629,0.18,0.2903225806451613,0.62,1.0,1.0,0.0625,0.05529134247606629,qwen3_8b-dj_adpt,11,webtable-v2v-v=12-distilroberta-dj_adpt~qwen3_8b-dj_adpt
ydn_spending_data_b.pq,1.0,0.08333333333333333,1.0,0.08333333333333333,1.0,1.0,0.08333333333333333,1.0,0.4166666666666667,1.0,0.4166666666666667,1.0,1.0,0.4166666666666667,0.6,0.5,1.0,0.8333333333333334,1.0,1.0,0.4880952380952381,0.5333333333333333,0.6666666666666666,0.8,1.0,1.0,1.0,0.5742063492063493,0.4,0.6666666666666666,0.6,1.0,1.0,1.0,0.5742063492063493,0.32,0.6666666666666666,0.48,1.0,1.0,1.0,0.5742063492063493,0.26666666666666666,0.6666666666666666,0.4,1.0,1.0,1.0,0.5742063492063493,0.2857142857142857,0.8333333333333334,0.34285714285714286,1.0,1.0,1.0,0.6236524228459712,0.25,0.8333333333333334,0.3,1.0,1.0,1.0,0.6236524228459712,0.2222222222222222,0.8333333333333334,0.26666666666666666,1.0,1.0,1.0,0.6236524228459712,0.2,0.8333333333333334,0.24,1.0,1.0,1.0,0.6236524228459712,qwen3_8b-dj_adpt,11,webtable-v2v-v=12-distilroberta-dj_adpt~qwen3_8b-dj_adpt
data_mill_b.pq,1.0,0.07142857142857142,1.0,0.07142857142857142,1.0,1.0,0.07142857142857142,1.0,0.35714285714285715,1.0,0.35714285714285715,1.0,1.0,0.35714285714285715,0.8,0.5714285714285714,1.0,0.7142857142857143,1.0,1.0,0.5714285714285714,0.6,0.6428571428571429,0.9333333333333333,1.0,1.0,1.0,0.6208791208791208,0.5,0.7142857142857143,0.7,1.0,1.0,1.0,0.665521978021978,0.4,0.7142857142857143,0.56,1.0,1.0,1.0,0.665521978021978,0.3333333333333333,0.7142857142857143,0.4666666666666667,1.0,1.0,1.0,0.665521978021978,0.3142857142857143,0.7857142857142857,0.4,1.0,1.0,1.0,0.6893315018315018,0.3,0.8571428571428571,0.35,1.0,1.0,1.0,0.7118878928089455,0.26666666666666666,0.8571428571428571,0.3111111111111111,1.0,1.0,1.0,0.7118878928089455,0.24,0.8571428571428571,0.28,1.0,1.0,1.0,0.7118878928089455,qwen3_8b-dj_adpt,11,webtable-v2v-v=12-distilroberta-dj_adpt~qwen3_8b-dj_adpt
workforce_management_information_a.pq,1.0,0.05555555555555555,1.0,0.05555555555555555,1.0,1.0,0.05555555555555555,1.0,0.2777777777777778,1.0,0.2777777777777778,1.0,1.0,0.2777777777777778,1.0,0.5555555555555556,1.0,0.5555555555555556,1.0,1.0,0.5555555555555556,0.8666666666666667,0.7222222222222222,1.0,0.8333333333333334,1.0,1.0,0.7105413105413105,0.65,0.7222222222222222,0.9,1.0,1.0,1.0,0.7105413105413105,0.52,0.7222222222222222,0.72,1.0,1.0,1.0,0.7105413105413105,0.43333333333333335,0.7222222222222222,0.6,1.0,1.0,1.0,0.7105413105413105,0.37142857142857144,0.7222222222222222,0.5142857142857142,1.0,1.0,1.0,0.7105413105413105,0.325,0.7222222222222222,0.45,1.0,1.0,1.0,0.7105413105413105,0.28888888888888886,0.7222222222222222,0.4,1.0,1.0,1.0,0.7105413105413105,0.26,0.7222222222222222,0.36,1.0,1.0,1.0,0.7105413105413105,qwen3_8b-dj_adpt,11,webtable-v2v-v=12-distilroberta-dj_adpt~qwen3_8b-dj_adpt
business_rates_a.pq,1.0,0.08333333333333333,1.0,0.08333333333333333,1.0,1.0,0.08333333333333333,0.2,0.08333333333333333,1.0,0.4166666666666667,1.0,1.0,0.08333333333333333,0.1,0.08333333333333333,1.0,0.8333333333333334,1.0,1.0,0.08333333333333333,0.06666666666666667,0.08333333333333333,0.8,1.0,1.0,1.0,0.08333333333333333,0.05,0.08333333333333333,0.6,1.0,1.0,1.0,0.08333333333333333,0.04,0.08333333333333333,0.48,1.0,1.0,1.0,0.08333333333333333,0.03333333333333333,0.08333333333333333,0.4,1.0,1.0,1.0,0.08333333333333333,0.02857142857142857,0.08333333333333333,0.34285714285714286,1.0,1.0,1.0,0.08333333333333333,0.025,0.08333333333333333,0.3,1.0,1.0,1.0,0.08333333333333333,0.022222222222222223,0.08333333333333333,0.26666666666666666,1.0,1.0,1.0,0.08333333333333333,0.02,0.08333333333333333,0.24,1.0,1.0,1.0,0.08333333333333333,qwen3_8b-dj_adpt,11,webtable-v2v-v=12-distilroberta-dj_adpt~qwen3_8b-dj_adpt
psyckes_antipsychotic_polypharmacy_quality_indicators_beginning_2012_a.pq,1.0,0.09090909090909091,1.0,0.09090909090909091,1.0,1.0,0.09090909090909091,0.2,0.09090909090909091,1.0,0.45454545454545453,1.0,1.0,0.09090909090909091,0.1,0.09090909090909091,1.0,0.9090909090909091,1.0,1.0,0.09090909090909091,0.2,0.2727272727272727,0.7333333333333333,1.0,1.0,1.0,0.12207792207792209,0.2,0.36363636363636365,0.55,1.0,1.0,1.0,0.14346829640947287,0.16,0.36363636363636365,0.44,1.0,1.0,1.0,0.14346829640947287,0.16666666666666666,0.45454545454545453,0.36666666666666664,1.0,1.0,1.0,0.16030331324448974,0.17142857142857143,0.5454545454545454,0.3142857142857143,1.0,1.0,1.0,0.17683223886432442,0.2,0.7272727272727273,0.275,1.0,1.0,1.0,0.21222666899559667,0.2222222222222222,0.9090909090909091,0.24444444444444444,1.0,1.0,1.0,0.25236834550090953,0.2,0.9090909090909091,0.22,1.0,1.0,1.0,0.25236834550090953,qwen3_8b-dj_adpt,11,webtable-v2v-v=12-distilroberta-dj_adpt~qwen3_8b-dj_adpt
