query_table,precision@1,recall@1,max_precision@1,max_recall@1,hits@1,mrr@1,ap@1,precision@5,recall@5,max_precision@5,max_recall@5,hits@5,mrr@5,ap@5,precision@10,recall@10,max_precision@10,max_recall@10,hits@10,mrr@10,ap@10,precision@15,recall@15,max_precision@15,max_recall@15,hits@15,mrr@15,ap@15,precision@20,recall@20,max_precision@20,max_recall@20,hits@20,mrr@20,ap@20,precision@25,recall@25,max_precision@25,max_recall@25,hits@25,mrr@25,ap@25,precision@30,recall@30,max_precision@30,max_recall@30,hits@30,mrr@30,ap@30,precision@35,recall@35,max_precision@35,max_recall@35,hits@35,mrr@35,ap@35,precision@40,recall@40,max_precision@40,max_recall@40,hits@40,mrr@40,ap@40,precision@45,recall@45,max_precision@45,max_recall@45,hits@45,mrr@45,ap@45,precision@50,recall@50,max_precision@50,max_recall@50,hits@50,mrr@50,ap@50,view,view_idx,ckpt_name
cdc_nutrition_physical_activity_and_obesity_legislation_a.pq,1.0,0.09090909090909091,1.0,0.09090909090909091,1.0,1.0,0.09090909090909091,1.0,0.45454545454545453,1.0,0.45454545454545453,1.0,1.0,0.45454545454545453,1.0,0.9090909090909091,1.0,0.9090909090909091,1.0,1.0,0.9090909090909091,0.7333333333333333,1.0,0.7333333333333333,1.0,1.0,1.0,1.0,0.55,1.0,0.55,1.0,1.0,1.0,1.0,0.44,1.0,0.44,1.0,1.0,1.0,1.0,0.36666666666666664,1.0,0.36666666666666664,1.0,1.0,1.0,1.0,0.3142857142857143,1.0,0.3142857142857143,1.0,1.0,1.0,1.0,0.275,1.0,0.275,1.0,1.0,1.0,1.0,0.24444444444444444,1.0,0.24444444444444444,1.0,1.0,1.0,1.0,0.22,1.0,0.22,1.0,1.0,1.0,1.0,distilroberta-dj_adpt,0,webtable-cl_optim-v=12-distilroberta-dj_adpt~qwen3_8b-dj_adpt
contributors_parties_a.pq,1.0,0.047619047619047616,1.0,0.047619047619047616,1.0,1.0,0.047619047619047616,1.0,0.23809523809523808,1.0,0.23809523809523808,1.0,1.0,0.23809523809523808,1.0,0.47619047619047616,1.0,0.47619047619047616,1.0,1.0,0.47619047619047616,1.0,0.7142857142857143,1.0,0.7142857142857143,1.0,1.0,0.7142857142857143,1.0,0.9523809523809523,1.0,0.9523809523809523,1.0,1.0,0.9523809523809523,0.84,1.0,0.84,1.0,1.0,1.0,1.0,0.7,1.0,0.7,1.0,1.0,1.0,1.0,0.6,1.0,0.6,1.0,1.0,1.0,1.0,0.525,1.0,0.525,1.0,1.0,1.0,1.0,0.4666666666666667,1.0,0.4666666666666667,1.0,1.0,1.0,1.0,0.42,1.0,0.42,1.0,1.0,1.0,1.0,distilroberta-dj_adpt,0,webtable-cl_optim-v=12-distilroberta-dj_adpt~qwen3_8b-dj_adpt
ipopayments_b.pq,1.0,0.06666666666666667,1.0,0.06666666666666667,1.0,1.0,0.06666666666666667,1.0,0.3333333333333333,1.0,0.3333333333333333,1.0,1.0,0.3333333333333333,1.0,0.6666666666666666,1.0,0.6666666666666666,1.0,1.0,0.6666666666666666,1.0,1.0,1.0,1.0,1.0,1.0,1.0,0.75,1.0,0.75,1.0,1.0,1.0,1.0,0.6,1.0,0.6,1.0,1.0,1.0,1.0,0.5,1.0,0.5,1.0,1.0,1.0,1.0,0.42857142857142855,1.0,0.42857142857142855,1.0,1.0,1.0,1.0,0.375,1.0,0.375,1.0,1.0,1.0,1.0,0.3333333333333333,1.0,0.3333333333333333,1.0,1.0,1.0,1.0,0.3,1.0,0.3,1.0,1.0,1.0,1.0,distilroberta-dj_adpt,0,webtable-cl_optim-v=12-distilroberta-dj_adpt~qwen3_8b-dj_adpt
complaint_by_practice_b.pq,1.0,0.07692307692307693,1.0,0.07692307692307693,1.0,1.0,0.07692307692307693,1.0,0.38461538461538464,1.0,0.38461538461538464,1.0,1.0,0.38461538461538464,1.0,0.7692307692307693,1.0,0.7692307692307693,1.0,1.0,0.7692307692307693,0.8666666666666667,1.0,0.8666666666666667,1.0,1.0,1.0,1.0,0.65,1.0,0.65,1.0,1.0,1.0,1.0,0.52,1.0,0.52,1.0,1.0,1.0,1.0,0.43333333333333335,1.0,0.43333333333333335,1.0,1.0,1.0,1.0,0.37142857142857144,1.0,0.37142857142857144,1.0,1.0,1.0,1.0,0.325,1.0,0.325,1.0,1.0,1.0,1.0,0.28888888888888886,1.0,0.28888888888888886,1.0,1.0,1.0,1.0,0.26,1.0,0.26,1.0,1.0,1.0,1.0,distilroberta-dj_adpt,0,webtable-cl_optim-v=12-distilroberta-dj_adpt~qwen3_8b-dj_adpt
job_pay_scales_a.pq,1.0,0.06666666666666667,1.0,0.06666666666666667,1.0,1.0,0.06666666666666667,1.0,0.3333333333333333,1.0,0.3333333333333333,1.0,1.0,0.3333333333333333,1.0,0.6666666666666666,1.0,0.6666666666666666,1.0,1.0,0.6666666666666666,1.0,1.0,1.0,1.0,1.0,1.0,1.0,0.75,1.0,0.75,1.0,1.0,1.0,1.0,0.6,1.0,0.6,1.0,1.0,1.0,1.0,0.5,1.0,0.5,1.0,1.0,1.0,1.0,0.42857142857142855,1.0,0.42857142857142855,1.0,1.0,1.0,1.0,0.375,1.0,0.375,1.0,1.0,1.0,1.0,0.3333333333333333,1.0,0.3333333333333333,1.0,1.0,1.0,1.0,0.3,1.0,0.3,1.0,1.0,1.0,1.0,distilroberta-dj_adpt,0,webtable-cl_optim-v=12-distilroberta-dj_adpt~qwen3_8b-dj_adpt
mines_b.pq,1.0,0.07142857142857142,1.0,0.07142857142857142,1.0,1.0,0.07142857142857142,0.8,0.2857142857142857,1.0,0.35714285714285715,1.0,1.0,0.2714285714285714,0.6,0.42857142857142855,1.0,0.7142857142857143,1.0,1.0,0.353968253968254,0.6666666666666666,0.7142857142857143,0.9333333333333333,1.0,1.0,1.0,0.5405792620078335,0.7,1.0,0.7,1.0,1.0,1.0,0.7416938745195047,0.56,1.0,0.56,1.0,1.0,1.0,0.7416938745195047,0.4666666666666667,1.0,0.4666666666666667,1.0,1.0,1.0,0.7416938745195047,0.4,1.0,0.4,1.0,1.0,1.0,0.7416938745195047,0.35,1.0,0.35,1.0,1.0,1.0,0.7416938745195047,0.3111111111111111,1.0,0.3111111111111111,1.0,1.0,1.0,0.7416938745195047,0.28,1.0,0.28,1.0,1.0,1.0,0.7416938745195047,distilroberta-dj_adpt,0,webtable-cl_optim-v=12-distilroberta-dj_adpt~qwen3_8b-dj_adpt
new_york_city_restaurant_inspection_results_a.pq,1.0,0.03225806451612903,1.0,0.03225806451612903,1.0,1.0,0.03225806451612903,1.0,0.16129032258064516,1.0,0.16129032258064516,1.0,1.0,0.16129032258064516,1.0,0.3225806451612903,1.0,0.3225806451612903,1.0,1.0,0.3225806451612903,1.0,0.4838709677419355,1.0,0.4838709677419355,1.0,1.0,0.4838709677419355,1.0,0.6451612903225806,1.0,0.6451612903225806,1.0,1.0,0.6451612903225806,1.0,0.8064516129032258,1.0,0.8064516129032258,1.0,1.0,0.8064516129032258,1.0,0.967741935483871,1.0,0.967741935483871,1.0,1.0,0.967741935483871,0.8857142857142857,1.0,0.8857142857142857,1.0,1.0,1.0,1.0,0.775,1.0,0.775,1.0,1.0,1.0,1.0,0.6888888888888889,1.0,0.6888888888888889,1.0,1.0,1.0,1.0,0.62,1.0,0.62,1.0,1.0,1.0,1.0,distilroberta-dj_adpt,0,webtable-cl_optim-v=12-distilroberta-dj_adpt~qwen3_8b-dj_adpt
deaths_2012_2018_a.pq,1.0,0.09090909090909091,1.0,0.09090909090909091,1.0,1.0,0.09090909090909091,1.0,0.45454545454545453,1.0,0.45454545454545453,1.0,1.0,0.45454545454545453,1.0,0.9090909090909091,1.0,0.9090909090909091,1.0,1.0,0.9090909090909091,0.7333333333333333,1.0,0.7333333333333333,1.0,1.0,1.0,1.0,0.55,1.0,0.55,1.0,1.0,1.0,1.0,0.44,1.0,0.44,1.0,1.0,1.0,1.0,0.36666666666666664,1.0,0.36666666666666664,1.0,1.0,1.0,1.0,0.3142857142857143,1.0,0.3142857142857143,1.0,1.0,1.0,1.0,0.275,1.0,0.275,1.0,1.0,1.0,1.0,0.24444444444444444,1.0,0.24444444444444444,1.0,1.0,1.0,1.0,0.22,1.0,0.22,1.0,1.0,1.0,1.0,distilroberta-dj_adpt,0,webtable-cl_optim-v=12-distilroberta-dj_adpt~qwen3_8b-dj_adpt
data_mill_a.pq,1.0,0.07142857142857142,1.0,0.07142857142857142,1.0,1.0,0.07142857142857142,1.0,0.35714285714285715,1.0,0.35714285714285715,1.0,1.0,0.35714285714285715,1.0,0.7142857142857143,1.0,0.7142857142857143,1.0,1.0,0.7142857142857143,0.9333333333333333,1.0,0.9333333333333333,1.0,1.0,1.0,1.0,0.7,1.0,0.7,1.0,1.0,1.0,1.0,0.56,1.0,0.56,1.0,1.0,1.0,1.0,0.4666666666666667,1.0,0.4666666666666667,1.0,1.0,1.0,1.0,0.4,1.0,0.4,1.0,1.0,1.0,1.0,0.35,1.0,0.35,1.0,1.0,1.0,1.0,0.3111111111111111,1.0,0.3111111111111111,1.0,1.0,1.0,1.0,0.28,1.0,0.28,1.0,1.0,1.0,1.0,distilroberta-dj_adpt,0,webtable-cl_optim-v=12-distilroberta-dj_adpt~qwen3_8b-dj_adpt
mines_a.pq,1.0,0.07142857142857142,1.0,0.07142857142857142,1.0,1.0,0.07142857142857142,1.0,0.35714285714285715,1.0,0.35714285714285715,1.0,1.0,0.35714285714285715,1.0,0.7142857142857143,1.0,0.7142857142857143,1.0,1.0,0.7142857142857143,0.7333333333333333,0.7857142857142857,0.9333333333333333,1.0,1.0,1.0,0.7666666666666666,0.7,1.0,0.7,1.0,1.0,1.0,0.9304154995331465,0.56,1.0,0.56,1.0,1.0,1.0,0.9304154995331465,0.4666666666666667,1.0,0.4666666666666667,1.0,1.0,1.0,0.9304154995331465,0.4,1.0,0.4,1.0,1.0,1.0,0.9304154995331465,0.35,1.0,0.35,1.0,1.0,1.0,0.9304154995331465,0.3111111111111111,1.0,0.3111111111111111,1.0,1.0,1.0,0.9304154995331465,0.28,1.0,0.28,1.0,1.0,1.0,0.9304154995331465,distilroberta-dj_adpt,0,webtable-cl_optim-v=12-distilroberta-dj_adpt~qwen3_8b-dj_adpt
complaint_by_practice_a.pq,1.0,0.07692307692307693,1.0,0.07692307692307693,1.0,1.0,0.07692307692307693,1.0,0.38461538461538464,1.0,0.38461538461538464,1.0,1.0,0.38461538461538464,1.0,0.7692307692307693,1.0,0.7692307692307693,1.0,1.0,0.7692307692307693,0.8666666666666667,1.0,0.8666666666666667,1.0,1.0,1.0,1.0,0.65,1.0,0.65,1.0,1.0,1.0,1.0,0.52,1.0,0.52,1.0,1.0,1.0,1.0,0.43333333333333335,1.0,0.43333333333333335,1.0,1.0,1.0,1.0,0.37142857142857144,1.0,0.37142857142857144,1.0,1.0,1.0,1.0,0.325,1.0,0.325,1.0,1.0,1.0,1.0,0.28888888888888886,1.0,0.28888888888888886,1.0,1.0,1.0,1.0,0.26,1.0,0.26,1.0,1.0,1.0,1.0,distilroberta-dj_adpt,0,webtable-cl_optim-v=12-distilroberta-dj_adpt~qwen3_8b-dj_adpt
practice_reference_a.pq,1.0,0.06666666666666667,1.0,0.06666666666666667,1.0,1.0,0.06666666666666667,1.0,0.3333333333333333,1.0,0.3333333333333333,1.0,1.0,0.3333333333333333,1.0,0.6666666666666666,1.0,0.6666666666666666,1.0,1.0,0.6666666666666666,1.0,1.0,1.0,1.0,1.0,1.0,1.0,0.75,1.0,0.75,1.0,1.0,1.0,1.0,0.6,1.0,0.6,1.0,1.0,1.0,1.0,0.5,1.0,0.5,1.0,1.0,1.0,1.0,0.42857142857142855,1.0,0.42857142857142855,1.0,1.0,1.0,1.0,0.375,1.0,0.375,1.0,1.0,1.0,1.0,0.3333333333333333,1.0,0.3333333333333333,1.0,1.0,1.0,1.0,0.3,1.0,0.3,1.0,1.0,1.0,1.0,distilroberta-dj_adpt,0,webtable-cl_optim-v=12-distilroberta-dj_adpt~qwen3_8b-dj_adpt
prescribing_a.pq,1.0,0.06666666666666667,1.0,0.06666666666666667,1.0,1.0,0.06666666666666667,1.0,0.3333333333333333,1.0,0.3333333333333333,1.0,1.0,0.3333333333333333,1.0,0.6666666666666666,1.0,0.6666666666666666,1.0,1.0,0.6666666666666666,1.0,1.0,1.0,1.0,1.0,1.0,1.0,0.75,1.0,0.75,1.0,1.0,1.0,1.0,0.6,1.0,0.6,1.0,1.0,1.0,1.0,0.5,1.0,0.5,1.0,1.0,1.0,1.0,0.42857142857142855,1.0,0.42857142857142855,1.0,1.0,1.0,1.0,0.375,1.0,0.375,1.0,1.0,1.0,1.0,0.3333333333333333,1.0,0.3333333333333333,1.0,1.0,1.0,1.0,0.3,1.0,0.3,1.0,1.0,1.0,1.0,distilroberta-dj_adpt,0,webtable-cl_optim-v=12-distilroberta-dj_adpt~qwen3_8b-dj_adpt
stockport_contracts_a.pq,1.0,0.07692307692307693,1.0,0.07692307692307693,1.0,1.0,0.07692307692307693,1.0,0.38461538461538464,1.0,0.38461538461538464,1.0,1.0,0.38461538461538464,1.0,0.7692307692307693,1.0,0.7692307692307693,1.0,1.0,0.7692307692307693,0.8666666666666667,1.0,0.8666666666666667,1.0,1.0,1.0,1.0,0.65,1.0,0.65,1.0,1.0,1.0,1.0,0.52,1.0,0.52,1.0,1.0,1.0,1.0,0.43333333333333335,1.0,0.43333333333333335,1.0,1.0,1.0,1.0,0.37142857142857144,1.0,0.37142857142857144,1.0,1.0,1.0,1.0,0.325,1.0,0.325,1.0,1.0,1.0,1.0,0.28888888888888886,1.0,0.28888888888888886,1.0,1.0,1.0,1.0,0.26,1.0,0.26,1.0,1.0,1.0,1.0,distilroberta-dj_adpt,0,webtable-cl_optim-v=12-distilroberta-dj_adpt~qwen3_8b-dj_adpt
animal_tag_data_a.pq,1.0,0.08333333333333333,1.0,0.08333333333333333,1.0,1.0,0.08333333333333333,1.0,0.4166666666666667,1.0,0.4166666666666667,1.0,1.0,0.4166666666666667,1.0,0.8333333333333334,1.0,0.8333333333333334,1.0,1.0,0.8333333333333334,0.8,1.0,0.8,1.0,1.0,1.0,1.0,0.6,1.0,0.6,1.0,1.0,1.0,1.0,0.48,1.0,0.48,1.0,1.0,1.0,1.0,0.4,1.0,0.4,1.0,1.0,1.0,1.0,0.34285714285714286,1.0,0.34285714285714286,1.0,1.0,1.0,1.0,0.3,1.0,0.3,1.0,1.0,1.0,1.0,0.26666666666666666,1.0,0.26666666666666666,1.0,1.0,1.0,1.0,0.24,1.0,0.24,1.0,1.0,1.0,1.0,distilroberta-dj_adpt,0,webtable-cl_optim-v=12-distilroberta-dj_adpt~qwen3_8b-dj_adpt
cihr_co-applicant_b.pq,1.0,0.08333333333333333,1.0,0.08333333333333333,1.0,1.0,0.08333333333333333,1.0,0.4166666666666667,1.0,0.4166666666666667,1.0,1.0,0.4166666666666667,1.0,0.8333333333333334,1.0,0.8333333333333334,1.0,1.0,0.8333333333333334,0.8,1.0,0.8,1.0,1.0,1.0,1.0,0.6,1.0,0.6,1.0,1.0,1.0,1.0,0.48,1.0,0.48,1.0,1.0,1.0,1.0,0.4,1.0,0.4,1.0,1.0,1.0,1.0,0.34285714285714286,1.0,0.34285714285714286,1.0,1.0,1.0,1.0,0.3,1.0,0.3,1.0,1.0,1.0,1.0,0.26666666666666666,1.0,0.26666666666666666,1.0,1.0,1.0,1.0,0.24,1.0,0.24,1.0,1.0,1.0,1.0,distilroberta-dj_adpt,0,webtable-cl_optim-v=12-distilroberta-dj_adpt~qwen3_8b-dj_adpt
oil_and_gas_summary_production_data_1967_1999_a.pq,1.0,0.09090909090909091,1.0,0.09090909090909091,1.0,1.0,0.09090909090909091,1.0,0.45454545454545453,1.0,0.45454545454545453,1.0,1.0,0.45454545454545453,1.0,0.9090909090909091,1.0,0.9090909090909091,1.0,1.0,0.9090909090909091,0.7333333333333333,1.0,0.7333333333333333,1.0,1.0,1.0,1.0,0.55,1.0,0.55,1.0,1.0,1.0,1.0,0.44,1.0,0.44,1.0,1.0,1.0,1.0,0.36666666666666664,1.0,0.36666666666666664,1.0,1.0,1.0,1.0,0.3142857142857143,1.0,0.3142857142857143,1.0,1.0,1.0,1.0,0.275,1.0,0.275,1.0,1.0,1.0,1.0,0.24444444444444444,1.0,0.24444444444444444,1.0,1.0,1.0,1.0,0.22,1.0,0.22,1.0,1.0,1.0,1.0,distilroberta-dj_adpt,0,webtable-cl_optim-v=12-distilroberta-dj_adpt~qwen3_8b-dj_adpt
time_spent_watching_vcr_movies_a.pq,1.0,0.09090909090909091,1.0,0.09090909090909091,1.0,1.0,0.09090909090909091,1.0,0.45454545454545453,1.0,0.45454545454545453,1.0,1.0,0.45454545454545453,1.0,0.9090909090909091,1.0,0.9090909090909091,1.0,1.0,0.9090909090909091,0.7333333333333333,1.0,0.7333333333333333,1.0,1.0,1.0,1.0,0.55,1.0,0.55,1.0,1.0,1.0,1.0,0.44,1.0,0.44,1.0,1.0,1.0,1.0,0.36666666666666664,1.0,0.36666666666666664,1.0,1.0,1.0,1.0,0.3142857142857143,1.0,0.3142857142857143,1.0,1.0,1.0,1.0,0.275,1.0,0.275,1.0,1.0,1.0,1.0,0.24444444444444444,1.0,0.24444444444444444,1.0,1.0,1.0,1.0,0.22,1.0,0.22,1.0,1.0,1.0,1.0,distilroberta-dj_adpt,0,webtable-cl_optim-v=12-distilroberta-dj_adpt~qwen3_8b-dj_adpt
311_calls_historic_data_a.pq,1.0,0.09090909090909091,1.0,0.09090909090909091,1.0,1.0,0.09090909090909091,1.0,0.45454545454545453,1.0,0.45454545454545453,1.0,1.0,0.45454545454545453,1.0,0.9090909090909091,1.0,0.9090909090909091,1.0,1.0,0.9090909090909091,0.7333333333333333,1.0,0.7333333333333333,1.0,1.0,1.0,1.0,0.55,1.0,0.55,1.0,1.0,1.0,1.0,0.44,1.0,0.44,1.0,1.0,1.0,1.0,0.36666666666666664,1.0,0.36666666666666664,1.0,1.0,1.0,1.0,0.3142857142857143,1.0,0.3142857142857143,1.0,1.0,1.0,1.0,0.275,1.0,0.275,1.0,1.0,1.0,1.0,0.24444444444444444,1.0,0.24444444444444444,1.0,1.0,1.0,1.0,0.22,1.0,0.22,1.0,1.0,1.0,1.0,distilroberta-dj_adpt,0,webtable-cl_optim-v=12-distilroberta-dj_adpt~qwen3_8b-dj_adpt
lane_description_b.pq,1.0,0.0625,1.0,0.0625,1.0,1.0,0.0625,1.0,0.3125,1.0,0.3125,1.0,1.0,0.3125,1.0,0.625,1.0,0.625,1.0,1.0,0.625,1.0,0.9375,1.0,0.9375,1.0,1.0,0.9375,0.8,1.0,0.8,1.0,1.0,1.0,1.0,0.64,1.0,0.64,1.0,1.0,1.0,1.0,0.5333333333333333,1.0,0.5333333333333333,1.0,1.0,1.0,1.0,0.45714285714285713,1.0,0.45714285714285713,1.0,1.0,1.0,1.0,0.4,1.0,0.4,1.0,1.0,1.0,1.0,0.35555555555555557,1.0,0.35555555555555557,1.0,1.0,1.0,1.0,0.32,1.0,0.32,1.0,1.0,1.0,1.0,distilroberta-dj_adpt,0,webtable-cl_optim-v=12-distilroberta-dj_adpt~qwen3_8b-dj_adpt
ydn_spending_data_a.pq,1.0,0.08333333333333333,1.0,0.08333333333333333,1.0,1.0,0.08333333333333333,1.0,0.4166666666666667,1.0,0.4166666666666667,1.0,1.0,0.4166666666666667,1.0,0.8333333333333334,1.0,0.8333333333333334,1.0,1.0,0.8333333333333334,0.8,1.0,0.8,1.0,1.0,1.0,1.0,0.6,1.0,0.6,1.0,1.0,1.0,1.0,0.48,1.0,0.48,1.0,1.0,1.0,1.0,0.4,1.0,0.4,1.0,1.0,1.0,1.0,0.34285714285714286,1.0,0.34285714285714286,1.0,1.0,1.0,1.0,0.3,1.0,0.3,1.0,1.0,1.0,1.0,0.26666666666666666,1.0,0.26666666666666666,1.0,1.0,1.0,1.0,0.24,1.0,0.24,1.0,1.0,1.0,1.0,distilroberta-dj_adpt,0,webtable-cl_optim-v=12-distilroberta-dj_adpt~qwen3_8b-dj_adpt
senior_officials_expenses_a.pq,1.0,0.09090909090909091,1.0,0.09090909090909091,1.0,1.0,0.09090909090909091,1.0,0.45454545454545453,1.0,0.45454545454545453,1.0,1.0,0.45454545454545453,0.9,0.8181818181818182,1.0,0.9090909090909091,1.0,1.0,0.8090909090909091,0.6666666666666666,0.9090909090909091,0.7333333333333333,1.0,1.0,1.0,0.8917355371900826,0.5,0.9090909090909091,0.55,1.0,1.0,1.0,0.8917355371900826,0.4,0.9090909090909091,0.44,1.0,1.0,1.0,0.8917355371900826,0.3333333333333333,0.9090909090909091,0.36666666666666664,1.0,1.0,1.0,0.8917355371900826,0.2857142857142857,0.9090909090909091,0.3142857142857143,1.0,1.0,1.0,0.8917355371900826,0.25,0.9090909090909091,0.275,1.0,1.0,1.0,0.8917355371900826,0.2222222222222222,0.9090909090909091,0.24444444444444444,1.0,1.0,1.0,0.8917355371900826,0.2,0.9090909090909091,0.22,1.0,1.0,1.0,0.8917355371900826,distilroberta-dj_adpt,0,webtable-cl_optim-v=12-distilroberta-dj_adpt~qwen3_8b-dj_adpt
immigration_records_a.pq,1.0,0.0625,1.0,0.0625,1.0,1.0,0.0625,1.0,0.3125,1.0,0.3125,1.0,1.0,0.3125,1.0,0.625,1.0,0.625,1.0,1.0,0.625,1.0,0.9375,1.0,0.9375,1.0,1.0,0.9375,0.8,1.0,0.8,1.0,1.0,1.0,1.0,0.64,1.0,0.64,1.0,1.0,1.0,1.0,0.5333333333333333,1.0,0.5333333333333333,1.0,1.0,1.0,1.0,0.45714285714285713,1.0,0.45714285714285713,1.0,1.0,1.0,1.0,0.4,1.0,0.4,1.0,1.0,1.0,1.0,0.35555555555555557,1.0,0.35555555555555557,1.0,1.0,1.0,1.0,0.32,1.0,0.32,1.0,1.0,1.0,1.0,distilroberta-dj_adpt,0,webtable-cl_optim-v=12-distilroberta-dj_adpt~qwen3_8b-dj_adpt
tuition_assistance_program_tap_recipients_a.pq,1.0,0.09090909090909091,1.0,0.09090909090909091,1.0,1.0,0.09090909090909091,1.0,0.45454545454545453,1.0,0.45454545454545453,1.0,1.0,0.45454545454545453,1.0,0.9090909090909091,1.0,0.9090909090909091,1.0,1.0,0.9090909090909091,0.7333333333333333,1.0,0.7333333333333333,1.0,1.0,1.0,1.0,0.55,1.0,0.55,1.0,1.0,1.0,1.0,0.44,1.0,0.44,1.0,1.0,1.0,1.0,0.36666666666666664,1.0,0.36666666666666664,1.0,1.0,1.0,1.0,0.3142857142857143,1.0,0.3142857142857143,1.0,1.0,1.0,1.0,0.275,1.0,0.275,1.0,1.0,1.0,1.0,0.24444444444444444,1.0,0.24444444444444444,1.0,1.0,1.0,1.0,0.22,1.0,0.22,1.0,1.0,1.0,1.0,distilroberta-dj_adpt,0,webtable-cl_optim-v=12-distilroberta-dj_adpt~qwen3_8b-dj_adpt
civic_building_locations_a.pq,1.0,0.08333333333333333,1.0,0.08333333333333333,1.0,1.0,0.08333333333333333,1.0,0.4166666666666667,1.0,0.4166666666666667,1.0,1.0,0.4166666666666667,1.0,0.8333333333333334,1.0,0.8333333333333334,1.0,1.0,0.8333333333333334,0.8,1.0,0.8,1.0,1.0,1.0,1.0,0.6,1.0,0.6,1.0,1.0,1.0,1.0,0.48,1.0,0.48,1.0,1.0,1.0,1.0,0.4,1.0,0.4,1.0,1.0,1.0,1.0,0.34285714285714286,1.0,0.34285714285714286,1.0,1.0,1.0,1.0,0.3,1.0,0.3,1.0,1.0,1.0,1.0,0.26666666666666666,1.0,0.26666666666666666,1.0,1.0,1.0,1.0,0.24,1.0,0.24,1.0,1.0,1.0,1.0,distilroberta-dj_adpt,0,webtable-cl_optim-v=12-distilroberta-dj_adpt~qwen3_8b-dj_adpt
ipopayments_a.pq,1.0,0.06666666666666667,1.0,0.06666666666666667,1.0,1.0,0.06666666666666667,1.0,0.3333333333333333,1.0,0.3333333333333333,1.0,1.0,0.3333333333333333,1.0,0.6666666666666666,1.0,0.6666666666666666,1.0,1.0,0.6666666666666666,1.0,1.0,1.0,1.0,1.0,1.0,1.0,0.75,1.0,0.75,1.0,1.0,1.0,1.0,0.6,1.0,0.6,1.0,1.0,1.0,1.0,0.5,1.0,0.5,1.0,1.0,1.0,1.0,0.42857142857142855,1.0,0.42857142857142855,1.0,1.0,1.0,1.0,0.375,1.0,0.375,1.0,1.0,1.0,1.0,0.3333333333333333,1.0,0.3333333333333333,1.0,1.0,1.0,1.0,0.3,1.0,0.3,1.0,1.0,1.0,1.0,distilroberta-dj_adpt,0,webtable-cl_optim-v=12-distilroberta-dj_adpt~qwen3_8b-dj_adpt
monthly_data_feed_a.pq,1.0,0.07692307692307693,1.0,0.07692307692307693,1.0,1.0,0.07692307692307693,1.0,0.38461538461538464,1.0,0.38461538461538464,1.0,1.0,0.38461538461538464,1.0,0.7692307692307693,1.0,0.7692307692307693,1.0,1.0,0.7692307692307693,0.8666666666666667,1.0,0.8666666666666667,1.0,1.0,1.0,1.0,0.65,1.0,0.65,1.0,1.0,1.0,1.0,0.52,1.0,0.52,1.0,1.0,1.0,1.0,0.43333333333333335,1.0,0.43333333333333335,1.0,1.0,1.0,1.0,0.37142857142857144,1.0,0.37142857142857144,1.0,1.0,1.0,1.0,0.325,1.0,0.325,1.0,1.0,1.0,1.0,0.28888888888888886,1.0,0.28888888888888886,1.0,1.0,1.0,1.0,0.26,1.0,0.26,1.0,1.0,1.0,1.0,distilroberta-dj_adpt,0,webtable-cl_optim-v=12-distilroberta-dj_adpt~qwen3_8b-dj_adpt
workforce_management_information_a.pq,1.0,0.05555555555555555,1.0,0.05555555555555555,1.0,1.0,0.05555555555555555,1.0,0.2777777777777778,1.0,0.2777777777777778,1.0,1.0,0.2777777777777778,1.0,0.5555555555555556,1.0,0.5555555555555556,1.0,1.0,0.5555555555555556,1.0,0.8333333333333334,1.0,0.8333333333333334,1.0,1.0,0.8333333333333334,0.8,0.8888888888888888,0.9,1.0,1.0,1.0,0.8856209150326797,0.72,1.0,0.72,1.0,1.0,1.0,0.9760490054607701,0.6,1.0,0.6,1.0,1.0,1.0,0.9760490054607701,0.5142857142857142,1.0,0.5142857142857142,1.0,1.0,1.0,0.9760490054607701,0.45,1.0,0.45,1.0,1.0,1.0,0.9760490054607701,0.4,1.0,0.4,1.0,1.0,1.0,0.9760490054607701,0.36,1.0,0.36,1.0,1.0,1.0,0.9760490054607701,distilroberta-dj_adpt,0,webtable-cl_optim-v=12-distilroberta-dj_adpt~qwen3_8b-dj_adpt
film_locations_in_san_francisco_a.pq,1.0,0.07692307692307693,1.0,0.07692307692307693,1.0,1.0,0.07692307692307693,1.0,0.38461538461538464,1.0,0.38461538461538464,1.0,1.0,0.38461538461538464,1.0,0.7692307692307693,1.0,0.7692307692307693,1.0,1.0,0.7692307692307693,0.8666666666666667,1.0,0.8666666666666667,1.0,1.0,1.0,1.0,0.65,1.0,0.65,1.0,1.0,1.0,1.0,0.52,1.0,0.52,1.0,1.0,1.0,1.0,0.43333333333333335,1.0,0.43333333333333335,1.0,1.0,1.0,1.0,0.37142857142857144,1.0,0.37142857142857144,1.0,1.0,1.0,1.0,0.325,1.0,0.325,1.0,1.0,1.0,1.0,0.28888888888888886,1.0,0.28888888888888886,1.0,1.0,1.0,1.0,0.26,1.0,0.26,1.0,1.0,1.0,1.0,distilroberta-dj_adpt,0,webtable-cl_optim-v=12-distilroberta-dj_adpt~qwen3_8b-dj_adpt
data_mill_b.pq,1.0,0.07142857142857142,1.0,0.07142857142857142,1.0,1.0,0.07142857142857142,1.0,0.35714285714285715,1.0,0.35714285714285715,1.0,1.0,0.35714285714285715,1.0,0.7142857142857143,1.0,0.7142857142857143,1.0,1.0,0.7142857142857143,0.9333333333333333,1.0,0.9333333333333333,1.0,1.0,1.0,1.0,0.7,1.0,0.7,1.0,1.0,1.0,1.0,0.56,1.0,0.56,1.0,1.0,1.0,1.0,0.4666666666666667,1.0,0.4666666666666667,1.0,1.0,1.0,1.0,0.4,1.0,0.4,1.0,1.0,1.0,1.0,0.35,1.0,0.35,1.0,1.0,1.0,1.0,0.3111111111111111,1.0,0.3111111111111111,1.0,1.0,1.0,1.0,0.28,1.0,0.28,1.0,1.0,1.0,1.0,distilroberta-dj_adpt,0,webtable-cl_optim-v=12-distilroberta-dj_adpt~qwen3_8b-dj_adpt
practice_reference_b.pq,1.0,0.06666666666666667,1.0,0.06666666666666667,1.0,1.0,0.06666666666666667,1.0,0.3333333333333333,1.0,0.3333333333333333,1.0,1.0,0.3333333333333333,1.0,0.6666666666666666,1.0,0.6666666666666666,1.0,1.0,0.6666666666666666,1.0,1.0,1.0,1.0,1.0,1.0,1.0,0.75,1.0,0.75,1.0,1.0,1.0,1.0,0.6,1.0,0.6,1.0,1.0,1.0,1.0,0.5,1.0,0.5,1.0,1.0,1.0,1.0,0.42857142857142855,1.0,0.42857142857142855,1.0,1.0,1.0,1.0,0.375,1.0,0.375,1.0,1.0,1.0,1.0,0.3333333333333333,1.0,0.3333333333333333,1.0,1.0,1.0,1.0,0.3,1.0,0.3,1.0,1.0,1.0,1.0,distilroberta-dj_adpt,0,webtable-cl_optim-v=12-distilroberta-dj_adpt~qwen3_8b-dj_adpt
psyckes_antipsychotic_polypharmacy_quality_indicators_beginning_2012_a.pq,1.0,0.09090909090909091,1.0,0.09090909090909091,1.0,1.0,0.09090909090909091,1.0,0.45454545454545453,1.0,0.45454545454545453,1.0,1.0,0.45454545454545453,1.0,0.9090909090909091,1.0,0.9090909090909091,1.0,1.0,0.9090909090909091,0.7333333333333333,1.0,0.7333333333333333,1.0,1.0,1.0,1.0,0.55,1.0,0.55,1.0,1.0,1.0,1.0,0.44,1.0,0.44,1.0,1.0,1.0,1.0,0.36666666666666664,1.0,0.36666666666666664,1.0,1.0,1.0,1.0,0.3142857142857143,1.0,0.3142857142857143,1.0,1.0,1.0,1.0,0.275,1.0,0.275,1.0,1.0,1.0,1.0,0.24444444444444444,1.0,0.24444444444444444,1.0,1.0,1.0,1.0,0.22,1.0,0.22,1.0,1.0,1.0,1.0,distilroberta-dj_adpt,0,webtable-cl_optim-v=12-distilroberta-dj_adpt~qwen3_8b-dj_adpt
animal_tag_data_b.pq,1.0,0.08333333333333333,1.0,0.08333333333333333,1.0,1.0,0.08333333333333333,1.0,0.4166666666666667,1.0,0.4166666666666667,1.0,1.0,0.4166666666666667,1.0,0.8333333333333334,1.0,0.8333333333333334,1.0,1.0,0.8333333333333334,0.8,1.0,0.8,1.0,1.0,1.0,1.0,0.6,1.0,0.6,1.0,1.0,1.0,1.0,0.48,1.0,0.48,1.0,1.0,1.0,1.0,0.4,1.0,0.4,1.0,1.0,1.0,1.0,0.34285714285714286,1.0,0.34285714285714286,1.0,1.0,1.0,1.0,0.3,1.0,0.3,1.0,1.0,1.0,1.0,0.26666666666666666,1.0,0.26666666666666666,1.0,1.0,1.0,1.0,0.24,1.0,0.24,1.0,1.0,1.0,1.0,distilroberta-dj_adpt,0,webtable-cl_optim-v=12-distilroberta-dj_adpt~qwen3_8b-dj_adpt
albums_b.pq,1.0,0.0625,1.0,0.0625,1.0,1.0,0.0625,1.0,0.3125,1.0,0.3125,1.0,1.0,0.3125,1.0,0.625,1.0,0.625,1.0,1.0,0.625,1.0,0.9375,1.0,0.9375,1.0,1.0,0.9375,0.8,1.0,0.8,1.0,1.0,1.0,1.0,0.64,1.0,0.64,1.0,1.0,1.0,1.0,0.5333333333333333,1.0,0.5333333333333333,1.0,1.0,1.0,1.0,0.45714285714285713,1.0,0.45714285714285713,1.0,1.0,1.0,1.0,0.4,1.0,0.4,1.0,1.0,1.0,1.0,0.35555555555555557,1.0,0.35555555555555557,1.0,1.0,1.0,1.0,0.32,1.0,0.32,1.0,1.0,1.0,1.0,distilroberta-dj_adpt,0,webtable-cl_optim-v=12-distilroberta-dj_adpt~qwen3_8b-dj_adpt
lane_description_a.pq,1.0,0.0625,1.0,0.0625,1.0,1.0,0.0625,1.0,0.3125,1.0,0.3125,1.0,1.0,0.3125,1.0,0.625,1.0,0.625,1.0,1.0,0.625,1.0,0.9375,1.0,0.9375,1.0,1.0,0.9375,0.8,1.0,0.8,1.0,1.0,1.0,1.0,0.64,1.0,0.64,1.0,1.0,1.0,1.0,0.5333333333333333,1.0,0.5333333333333333,1.0,1.0,1.0,1.0,0.45714285714285713,1.0,0.45714285714285713,1.0,1.0,1.0,1.0,0.4,1.0,0.4,1.0,1.0,1.0,1.0,0.35555555555555557,1.0,0.35555555555555557,1.0,1.0,1.0,1.0,0.32,1.0,0.32,1.0,1.0,1.0,1.0,distilroberta-dj_adpt,0,webtable-cl_optim-v=12-distilroberta-dj_adpt~qwen3_8b-dj_adpt
business_rates_a.pq,1.0,0.08333333333333333,1.0,0.08333333333333333,1.0,1.0,0.08333333333333333,1.0,0.4166666666666667,1.0,0.4166666666666667,1.0,1.0,0.4166666666666667,1.0,0.8333333333333334,1.0,0.8333333333333334,1.0,1.0,0.8333333333333334,0.8,1.0,0.8,1.0,1.0,1.0,1.0,0.6,1.0,0.6,1.0,1.0,1.0,1.0,0.48,1.0,0.48,1.0,1.0,1.0,1.0,0.4,1.0,0.4,1.0,1.0,1.0,1.0,0.34285714285714286,1.0,0.34285714285714286,1.0,1.0,1.0,1.0,0.3,1.0,0.3,1.0,1.0,1.0,1.0,0.26666666666666666,1.0,0.26666666666666666,1.0,1.0,1.0,1.0,0.24,1.0,0.24,1.0,1.0,1.0,1.0,distilroberta-dj_adpt,0,webtable-cl_optim-v=12-distilroberta-dj_adpt~qwen3_8b-dj_adpt
monthly_data_feed_b.pq,1.0,0.07692307692307693,1.0,0.07692307692307693,1.0,1.0,0.07692307692307693,1.0,0.38461538461538464,1.0,0.38461538461538464,1.0,1.0,0.38461538461538464,1.0,0.7692307692307693,1.0,0.7692307692307693,1.0,1.0,0.7692307692307693,0.8666666666666667,1.0,0.8666666666666667,1.0,1.0,1.0,1.0,0.65,1.0,0.65,1.0,1.0,1.0,1.0,0.52,1.0,0.52,1.0,1.0,1.0,1.0,0.43333333333333335,1.0,0.43333333333333335,1.0,1.0,1.0,1.0,0.37142857142857144,1.0,0.37142857142857144,1.0,1.0,1.0,1.0,0.325,1.0,0.325,1.0,1.0,1.0,1.0,0.28888888888888886,1.0,0.28888888888888886,1.0,1.0,1.0,1.0,0.26,1.0,0.26,1.0,1.0,1.0,1.0,distilroberta-dj_adpt,0,webtable-cl_optim-v=12-distilroberta-dj_adpt~qwen3_8b-dj_adpt
prescribing_b.pq,1.0,0.06666666666666667,1.0,0.06666666666666667,1.0,1.0,0.06666666666666667,1.0,0.3333333333333333,1.0,0.3333333333333333,1.0,1.0,0.3333333333333333,1.0,0.6666666666666666,1.0,0.6666666666666666,1.0,1.0,0.6666666666666666,1.0,1.0,1.0,1.0,1.0,1.0,1.0,0.75,1.0,0.75,1.0,1.0,1.0,1.0,0.6,1.0,0.6,1.0,1.0,1.0,1.0,0.5,1.0,0.5,1.0,1.0,1.0,1.0,0.42857142857142855,1.0,0.42857142857142855,1.0,1.0,1.0,1.0,0.375,1.0,0.375,1.0,1.0,1.0,1.0,0.3333333333333333,1.0,0.3333333333333333,1.0,1.0,1.0,1.0,0.3,1.0,0.3,1.0,1.0,1.0,1.0,distilroberta-dj_adpt,0,webtable-cl_optim-v=12-distilroberta-dj_adpt~qwen3_8b-dj_adpt
report_card_discipline_for_2015_16_a.pq,1.0,0.09090909090909091,1.0,0.09090909090909091,1.0,1.0,0.09090909090909091,1.0,0.45454545454545453,1.0,0.45454545454545453,1.0,1.0,0.45454545454545453,1.0,0.9090909090909091,1.0,0.9090909090909091,1.0,1.0,0.9090909090909091,0.7333333333333333,1.0,0.7333333333333333,1.0,1.0,1.0,1.0,0.55,1.0,0.55,1.0,1.0,1.0,1.0,0.44,1.0,0.44,1.0,1.0,1.0,1.0,0.36666666666666664,1.0,0.36666666666666664,1.0,1.0,1.0,1.0,0.3142857142857143,1.0,0.3142857142857143,1.0,1.0,1.0,1.0,0.275,1.0,0.275,1.0,1.0,1.0,1.0,0.24444444444444444,1.0,0.24444444444444444,1.0,1.0,1.0,1.0,0.22,1.0,0.22,1.0,1.0,1.0,1.0,distilroberta-dj_adpt,0,webtable-cl_optim-v=12-distilroberta-dj_adpt~qwen3_8b-dj_adpt
albums_a.pq,1.0,0.0625,1.0,0.0625,1.0,1.0,0.0625,1.0,0.3125,1.0,0.3125,1.0,1.0,0.3125,1.0,0.625,1.0,0.625,1.0,1.0,0.625,1.0,0.9375,1.0,0.9375,1.0,1.0,0.9375,0.8,1.0,0.8,1.0,1.0,1.0,1.0,0.64,1.0,0.64,1.0,1.0,1.0,1.0,0.5333333333333333,1.0,0.5333333333333333,1.0,1.0,1.0,1.0,0.45714285714285713,1.0,0.45714285714285713,1.0,1.0,1.0,1.0,0.4,1.0,0.4,1.0,1.0,1.0,1.0,0.35555555555555557,1.0,0.35555555555555557,1.0,1.0,1.0,1.0,0.32,1.0,0.32,1.0,1.0,1.0,1.0,distilroberta-dj_adpt,0,webtable-cl_optim-v=12-distilroberta-dj_adpt~qwen3_8b-dj_adpt
workforce_management_information_b.pq,1.0,0.05555555555555555,1.0,0.05555555555555555,1.0,1.0,0.05555555555555555,1.0,0.2777777777777778,1.0,0.2777777777777778,1.0,1.0,0.2777777777777778,1.0,0.5555555555555556,1.0,0.5555555555555556,1.0,1.0,0.5555555555555556,1.0,0.8333333333333334,1.0,0.8333333333333334,1.0,1.0,0.8333333333333334,0.8,0.8888888888888888,0.9,1.0,1.0,1.0,0.8827160493827161,0.72,1.0,0.72,1.0,1.0,1.0,0.9731441398108065,0.6,1.0,0.6,1.0,1.0,1.0,0.9731441398108065,0.5142857142857142,1.0,0.5142857142857142,1.0,1.0,1.0,0.9731441398108065,0.45,1.0,0.45,1.0,1.0,1.0,0.9731441398108065,0.4,1.0,0.4,1.0,1.0,1.0,0.9731441398108065,0.36,1.0,0.36,1.0,1.0,1.0,0.9731441398108065,distilroberta-dj_adpt,0,webtable-cl_optim-v=12-distilroberta-dj_adpt~qwen3_8b-dj_adpt
ydn_spending_data_b.pq,1.0,0.08333333333333333,1.0,0.08333333333333333,1.0,1.0,0.08333333333333333,1.0,0.4166666666666667,1.0,0.4166666666666667,1.0,1.0,0.4166666666666667,1.0,0.8333333333333334,1.0,0.8333333333333334,1.0,1.0,0.8333333333333334,0.8,1.0,0.8,1.0,1.0,1.0,1.0,0.6,1.0,0.6,1.0,1.0,1.0,1.0,0.48,1.0,0.48,1.0,1.0,1.0,1.0,0.4,1.0,0.4,1.0,1.0,1.0,1.0,0.34285714285714286,1.0,0.34285714285714286,1.0,1.0,1.0,1.0,0.3,1.0,0.3,1.0,1.0,1.0,1.0,0.26666666666666666,1.0,0.26666666666666666,1.0,1.0,1.0,1.0,0.24,1.0,0.24,1.0,1.0,1.0,1.0,distilroberta-dj_adpt,0,webtable-cl_optim-v=12-distilroberta-dj_adpt~qwen3_8b-dj_adpt
minister_meetings_a.pq,1.0,0.1,1.0,0.1,1.0,1.0,0.1,0.8,0.4,1.0,0.5,1.0,1.0,0.4,0.5,0.5,1.0,1.0,1.0,1.0,0.4833333333333333,0.4666666666666667,0.7,0.6666666666666666,1.0,1.0,1.0,0.5878787878787879,0.35,0.7,0.5,1.0,1.0,1.0,0.5878787878787879,0.32,0.8,0.4,1.0,1.0,1.0,0.6242424242424243,0.26666666666666666,0.8,0.3333333333333333,1.0,1.0,1.0,0.6242424242424243,0.22857142857142856,0.8,0.2857142857142857,1.0,1.0,1.0,0.6242424242424243,0.225,0.9,0.25,1.0,1.0,1.0,0.6473193473193473,0.2,0.9,0.2222222222222222,1.0,1.0,1.0,0.6473193473193473,0.18,0.9,0.2,1.0,1.0,1.0,0.6473193473193473,distilroberta-dj_adpt,0,webtable-cl_optim-v=12-distilroberta-dj_adpt~qwen3_8b-dj_adpt
biodiversity_a.pq,1.0,0.09090909090909091,1.0,0.09090909090909091,1.0,1.0,0.09090909090909091,1.0,0.45454545454545453,1.0,0.45454545454545453,1.0,1.0,0.45454545454545453,0.9,0.8181818181818182,1.0,0.9090909090909091,1.0,1.0,0.8090909090909091,0.6,0.8181818181818182,0.7333333333333333,1.0,1.0,1.0,0.8090909090909091,0.5,0.9090909090909091,0.55,1.0,1.0,1.0,0.865909090909091,0.4,0.9090909090909091,0.44,1.0,1.0,1.0,0.865909090909091,0.3333333333333333,0.9090909090909091,0.36666666666666664,1.0,1.0,1.0,0.865909090909091,0.2857142857142857,0.9090909090909091,0.3142857142857143,1.0,1.0,1.0,0.865909090909091,0.25,0.9090909090909091,0.275,1.0,1.0,1.0,0.865909090909091,0.2222222222222222,0.9090909090909091,0.24444444444444444,1.0,1.0,1.0,0.865909090909091,0.2,0.9090909090909091,0.22,1.0,1.0,1.0,0.865909090909091,distilroberta-dj_adpt,0,webtable-cl_optim-v=12-distilroberta-dj_adpt~qwen3_8b-dj_adpt
wholesale_markets_a.pq,1.0,0.09090909090909091,1.0,0.09090909090909091,1.0,1.0,0.09090909090909091,1.0,0.45454545454545453,1.0,0.45454545454545453,1.0,1.0,0.45454545454545453,1.0,0.9090909090909091,1.0,0.9090909090909091,1.0,1.0,0.9090909090909091,0.7333333333333333,1.0,0.7333333333333333,1.0,1.0,1.0,1.0,0.55,1.0,0.55,1.0,1.0,1.0,1.0,0.44,1.0,0.44,1.0,1.0,1.0,1.0,0.36666666666666664,1.0,0.36666666666666664,1.0,1.0,1.0,1.0,0.3142857142857143,1.0,0.3142857142857143,1.0,1.0,1.0,1.0,0.275,1.0,0.275,1.0,1.0,1.0,1.0,0.24444444444444444,1.0,0.24444444444444444,1.0,1.0,1.0,1.0,0.22,1.0,0.22,1.0,1.0,1.0,1.0,distilroberta-dj_adpt,0,webtable-cl_optim-v=12-distilroberta-dj_adpt~qwen3_8b-dj_adpt
purchasing_card_a.pq,1.0,0.07692307692307693,1.0,0.07692307692307693,1.0,1.0,0.07692307692307693,1.0,0.38461538461538464,1.0,0.38461538461538464,1.0,1.0,0.38461538461538464,1.0,0.7692307692307693,1.0,0.7692307692307693,1.0,1.0,0.7692307692307693,0.8666666666666667,1.0,0.8666666666666667,1.0,1.0,1.0,1.0,0.65,1.0,0.65,1.0,1.0,1.0,1.0,0.52,1.0,0.52,1.0,1.0,1.0,1.0,0.43333333333333335,1.0,0.43333333333333335,1.0,1.0,1.0,1.0,0.37142857142857144,1.0,0.37142857142857144,1.0,1.0,1.0,1.0,0.325,1.0,0.325,1.0,1.0,1.0,1.0,0.28888888888888886,1.0,0.28888888888888886,1.0,1.0,1.0,1.0,0.26,1.0,0.26,1.0,1.0,1.0,1.0,distilroberta-dj_adpt,0,webtable-cl_optim-v=12-distilroberta-dj_adpt~qwen3_8b-dj_adpt
stockport_contracts_b.pq,1.0,0.07692307692307693,1.0,0.07692307692307693,1.0,1.0,0.07692307692307693,1.0,0.38461538461538464,1.0,0.38461538461538464,1.0,1.0,0.38461538461538464,1.0,0.7692307692307693,1.0,0.7692307692307693,1.0,1.0,0.7692307692307693,0.8666666666666667,1.0,0.8666666666666667,1.0,1.0,1.0,1.0,0.65,1.0,0.65,1.0,1.0,1.0,1.0,0.52,1.0,0.52,1.0,1.0,1.0,1.0,0.43333333333333335,1.0,0.43333333333333335,1.0,1.0,1.0,1.0,0.37142857142857144,1.0,0.37142857142857144,1.0,1.0,1.0,1.0,0.325,1.0,0.325,1.0,1.0,1.0,1.0,0.28888888888888886,1.0,0.28888888888888886,1.0,1.0,1.0,1.0,0.26,1.0,0.26,1.0,1.0,1.0,1.0,distilroberta-dj_adpt,0,webtable-cl_optim-v=12-distilroberta-dj_adpt~qwen3_8b-dj_adpt
cihr_co-applicant_a.pq,1.0,0.08333333333333333,1.0,0.08333333333333333,1.0,1.0,0.08333333333333333,1.0,0.4166666666666667,1.0,0.4166666666666667,1.0,1.0,0.4166666666666667,1.0,0.8333333333333334,1.0,0.8333333333333334,1.0,1.0,0.8333333333333334,0.8,1.0,0.8,1.0,1.0,1.0,1.0,0.6,1.0,0.6,1.0,1.0,1.0,1.0,0.48,1.0,0.48,1.0,1.0,1.0,1.0,0.4,1.0,0.4,1.0,1.0,1.0,1.0,0.34285714285714286,1.0,0.34285714285714286,1.0,1.0,1.0,1.0,0.3,1.0,0.3,1.0,1.0,1.0,1.0,0.26666666666666666,1.0,0.26666666666666666,1.0,1.0,1.0,1.0,0.24,1.0,0.24,1.0,1.0,1.0,1.0,distilroberta-dj_adpt,0,webtable-cl_optim-v=12-distilroberta-dj_adpt~qwen3_8b-dj_adpt
contributors_parties_b.pq,1.0,0.047619047619047616,1.0,0.047619047619047616,1.0,1.0,0.047619047619047616,1.0,0.23809523809523808,1.0,0.23809523809523808,1.0,1.0,0.23809523809523808,1.0,0.47619047619047616,1.0,0.47619047619047616,1.0,1.0,0.47619047619047616,1.0,0.7142857142857143,1.0,0.7142857142857143,1.0,1.0,0.7142857142857143,0.85,0.8095238095238095,1.0,0.9523809523809523,1.0,1.0,0.8095238095238095,0.68,0.8095238095238095,0.84,1.0,1.0,1.0,0.8095238095238095,0.6,0.8571428571428571,0.7,1.0,1.0,1.0,0.8380952380952381,0.6,1.0,0.6,1.0,1.0,1.0,0.9273460410557184,0.525,1.0,0.525,1.0,1.0,1.0,0.9273460410557184,0.4666666666666667,1.0,0.4666666666666667,1.0,1.0,1.0,0.9273460410557184,0.42,1.0,0.42,1.0,1.0,1.0,0.9273460410557184,distilroberta-dj_adpt,0,webtable-cl_optim-v=12-distilroberta-dj_adpt~qwen3_8b-dj_adpt
abandoned_wells_a.pq,1.0,0.09090909090909091,1.0,0.09090909090909091,1.0,1.0,0.09090909090909091,1.0,0.45454545454545453,1.0,0.45454545454545453,1.0,1.0,0.45454545454545453,1.0,0.9090909090909091,1.0,0.9090909090909091,1.0,1.0,0.9090909090909091,0.7333333333333333,1.0,0.7333333333333333,1.0,1.0,1.0,1.0,0.55,1.0,0.55,1.0,1.0,1.0,1.0,0.44,1.0,0.44,1.0,1.0,1.0,1.0,0.36666666666666664,1.0,0.36666666666666664,1.0,1.0,1.0,1.0,0.3142857142857143,1.0,0.3142857142857143,1.0,1.0,1.0,1.0,0.275,1.0,0.275,1.0,1.0,1.0,1.0,0.24444444444444444,1.0,0.24444444444444444,1.0,1.0,1.0,1.0,0.22,1.0,0.22,1.0,1.0,1.0,1.0,distilroberta-dj_adpt,0,webtable-cl_optim-v=12-distilroberta-dj_adpt~qwen3_8b-dj_adpt
practice_reference_a.pq,1.0,0.06666666666666667,1.0,0.06666666666666667,1.0,1.0,0.06666666666666667,1.0,0.3333333333333333,1.0,0.3333333333333333,1.0,1.0,0.3333333333333333,1.0,0.6666666666666666,1.0,0.6666666666666666,1.0,1.0,0.6666666666666666,1.0,1.0,1.0,1.0,1.0,1.0,1.0,0.75,1.0,0.75,1.0,1.0,1.0,1.0,0.6,1.0,0.6,1.0,1.0,1.0,1.0,0.5,1.0,0.5,1.0,1.0,1.0,1.0,0.42857142857142855,1.0,0.42857142857142855,1.0,1.0,1.0,1.0,0.375,1.0,0.375,1.0,1.0,1.0,1.0,0.3333333333333333,1.0,0.3333333333333333,1.0,1.0,1.0,1.0,0.3,1.0,0.3,1.0,1.0,1.0,1.0,mini_l12-dj_adpt,1,webtable-cl_optim-v=12-distilroberta-dj_adpt~qwen3_8b-dj_adpt
biodiversity_a.pq,1.0,0.09090909090909091,1.0,0.09090909090909091,1.0,1.0,0.09090909090909091,1.0,0.45454545454545453,1.0,0.45454545454545453,1.0,1.0,0.45454545454545453,0.9,0.8181818181818182,1.0,0.9090909090909091,1.0,1.0,0.8090909090909091,0.6666666666666666,0.9090909090909091,0.7333333333333333,1.0,1.0,1.0,0.879020979020979,0.5,0.9090909090909091,0.55,1.0,1.0,1.0,0.879020979020979,0.4,0.9090909090909091,0.44,1.0,1.0,1.0,0.879020979020979,0.3333333333333333,0.9090909090909091,0.36666666666666664,1.0,1.0,1.0,0.879020979020979,0.2857142857142857,0.9090909090909091,0.3142857142857143,1.0,1.0,1.0,0.879020979020979,0.25,0.9090909090909091,0.275,1.0,1.0,1.0,0.879020979020979,0.2222222222222222,0.9090909090909091,0.24444444444444444,1.0,1.0,1.0,0.879020979020979,0.2,0.9090909090909091,0.22,1.0,1.0,1.0,0.879020979020979,mini_l12-dj_adpt,1,webtable-cl_optim-v=12-distilroberta-dj_adpt~qwen3_8b-dj_adpt
psyckes_antipsychotic_polypharmacy_quality_indicators_beginning_2012_a.pq,1.0,0.09090909090909091,1.0,0.09090909090909091,1.0,1.0,0.09090909090909091,1.0,0.45454545454545453,1.0,0.45454545454545453,1.0,1.0,0.45454545454545453,1.0,0.9090909090909091,1.0,0.9090909090909091,1.0,1.0,0.9090909090909091,0.7333333333333333,1.0,0.7333333333333333,1.0,1.0,1.0,1.0,0.55,1.0,0.55,1.0,1.0,1.0,1.0,0.44,1.0,0.44,1.0,1.0,1.0,1.0,0.36666666666666664,1.0,0.36666666666666664,1.0,1.0,1.0,1.0,0.3142857142857143,1.0,0.3142857142857143,1.0,1.0,1.0,1.0,0.275,1.0,0.275,1.0,1.0,1.0,1.0,0.24444444444444444,1.0,0.24444444444444444,1.0,1.0,1.0,1.0,0.22,1.0,0.22,1.0,1.0,1.0,1.0,mini_l12-dj_adpt,1,webtable-cl_optim-v=12-distilroberta-dj_adpt~qwen3_8b-dj_adpt
abandoned_wells_a.pq,1.0,0.09090909090909091,1.0,0.09090909090909091,1.0,1.0,0.09090909090909091,1.0,0.45454545454545453,1.0,0.45454545454545453,1.0,1.0,0.45454545454545453,1.0,0.9090909090909091,1.0,0.9090909090909091,1.0,1.0,0.9090909090909091,0.7333333333333333,1.0,0.7333333333333333,1.0,1.0,1.0,1.0,0.55,1.0,0.55,1.0,1.0,1.0,1.0,0.44,1.0,0.44,1.0,1.0,1.0,1.0,0.36666666666666664,1.0,0.36666666666666664,1.0,1.0,1.0,1.0,0.3142857142857143,1.0,0.3142857142857143,1.0,1.0,1.0,1.0,0.275,1.0,0.275,1.0,1.0,1.0,1.0,0.24444444444444444,1.0,0.24444444444444444,1.0,1.0,1.0,1.0,0.22,1.0,0.22,1.0,1.0,1.0,1.0,mini_l12-dj_adpt,1,webtable-cl_optim-v=12-distilroberta-dj_adpt~qwen3_8b-dj_adpt
report_card_discipline_for_2015_16_a.pq,1.0,0.09090909090909091,1.0,0.09090909090909091,1.0,1.0,0.09090909090909091,1.0,0.45454545454545453,1.0,0.45454545454545453,1.0,1.0,0.45454545454545453,1.0,0.9090909090909091,1.0,0.9090909090909091,1.0,1.0,0.9090909090909091,0.7333333333333333,1.0,0.7333333333333333,1.0,1.0,1.0,1.0,0.55,1.0,0.55,1.0,1.0,1.0,1.0,0.44,1.0,0.44,1.0,1.0,1.0,1.0,0.36666666666666664,1.0,0.36666666666666664,1.0,1.0,1.0,1.0,0.3142857142857143,1.0,0.3142857142857143,1.0,1.0,1.0,1.0,0.275,1.0,0.275,1.0,1.0,1.0,1.0,0.24444444444444444,1.0,0.24444444444444444,1.0,1.0,1.0,1.0,0.22,1.0,0.22,1.0,1.0,1.0,1.0,mini_l12-dj_adpt,1,webtable-cl_optim-v=12-distilroberta-dj_adpt~qwen3_8b-dj_adpt
cihr_co-applicant_b.pq,1.0,0.08333333333333333,1.0,0.08333333333333333,1.0,1.0,0.08333333333333333,1.0,0.4166666666666667,1.0,0.4166666666666667,1.0,1.0,0.4166666666666667,1.0,0.8333333333333334,1.0,0.8333333333333334,1.0,1.0,0.8333333333333334,0.8,1.0,0.8,1.0,1.0,1.0,1.0,0.6,1.0,0.6,1.0,1.0,1.0,1.0,0.48,1.0,0.48,1.0,1.0,1.0,1.0,0.4,1.0,0.4,1.0,1.0,1.0,1.0,0.34285714285714286,1.0,0.34285714285714286,1.0,1.0,1.0,1.0,0.3,1.0,0.3,1.0,1.0,1.0,1.0,0.26666666666666666,1.0,0.26666666666666666,1.0,1.0,1.0,1.0,0.24,1.0,0.24,1.0,1.0,1.0,1.0,mini_l12-dj_adpt,1,webtable-cl_optim-v=12-distilroberta-dj_adpt~qwen3_8b-dj_adpt
civic_building_locations_a.pq,1.0,0.08333333333333333,1.0,0.08333333333333333,1.0,1.0,0.08333333333333333,1.0,0.4166666666666667,1.0,0.4166666666666667,1.0,1.0,0.4166666666666667,1.0,0.8333333333333334,1.0,0.8333333333333334,1.0,1.0,0.8333333333333334,0.8,1.0,0.8,1.0,1.0,1.0,1.0,0.6,1.0,0.6,1.0,1.0,1.0,1.0,0.48,1.0,0.48,1.0,1.0,1.0,1.0,0.4,1.0,0.4,1.0,1.0,1.0,1.0,0.34285714285714286,1.0,0.34285714285714286,1.0,1.0,1.0,1.0,0.3,1.0,0.3,1.0,1.0,1.0,1.0,0.26666666666666666,1.0,0.26666666666666666,1.0,1.0,1.0,1.0,0.24,1.0,0.24,1.0,1.0,1.0,1.0,mini_l12-dj_adpt,1,webtable-cl_optim-v=12-distilroberta-dj_adpt~qwen3_8b-dj_adpt
stockport_contracts_b.pq,1.0,0.07692307692307693,1.0,0.07692307692307693,1.0,1.0,0.07692307692307693,1.0,0.38461538461538464,1.0,0.38461538461538464,1.0,1.0,0.38461538461538464,1.0,0.7692307692307693,1.0,0.7692307692307693,1.0,1.0,0.7692307692307693,0.8666666666666667,1.0,0.8666666666666667,1.0,1.0,1.0,1.0,0.65,1.0,0.65,1.0,1.0,1.0,1.0,0.52,1.0,0.52,1.0,1.0,1.0,1.0,0.43333333333333335,1.0,0.43333333333333335,1.0,1.0,1.0,1.0,0.37142857142857144,1.0,0.37142857142857144,1.0,1.0,1.0,1.0,0.325,1.0,0.325,1.0,1.0,1.0,1.0,0.28888888888888886,1.0,0.28888888888888886,1.0,1.0,1.0,1.0,0.26,1.0,0.26,1.0,1.0,1.0,1.0,mini_l12-dj_adpt,1,webtable-cl_optim-v=12-distilroberta-dj_adpt~qwen3_8b-dj_adpt
wholesale_markets_a.pq,1.0,0.09090909090909091,1.0,0.09090909090909091,1.0,1.0,0.09090909090909091,1.0,0.45454545454545453,1.0,0.45454545454545453,1.0,1.0,0.45454545454545453,1.0,0.9090909090909091,1.0,0.9090909090909091,1.0,1.0,0.9090909090909091,0.7333333333333333,1.0,0.7333333333333333,1.0,1.0,1.0,1.0,0.55,1.0,0.55,1.0,1.0,1.0,1.0,0.44,1.0,0.44,1.0,1.0,1.0,1.0,0.36666666666666664,1.0,0.36666666666666664,1.0,1.0,1.0,1.0,0.3142857142857143,1.0,0.3142857142857143,1.0,1.0,1.0,1.0,0.275,1.0,0.275,1.0,1.0,1.0,1.0,0.24444444444444444,1.0,0.24444444444444444,1.0,1.0,1.0,1.0,0.22,1.0,0.22,1.0,1.0,1.0,1.0,mini_l12-dj_adpt,1,webtable-cl_optim-v=12-distilroberta-dj_adpt~qwen3_8b-dj_adpt
data_mill_b.pq,1.0,0.07142857142857142,1.0,0.07142857142857142,1.0,1.0,0.07142857142857142,1.0,0.35714285714285715,1.0,0.35714285714285715,1.0,1.0,0.35714285714285715,1.0,0.7142857142857143,1.0,0.7142857142857143,1.0,1.0,0.7142857142857143,0.9333333333333333,1.0,0.9333333333333333,1.0,1.0,1.0,1.0,0.7,1.0,0.7,1.0,1.0,1.0,1.0,0.56,1.0,0.56,1.0,1.0,1.0,1.0,0.4666666666666667,1.0,0.4666666666666667,1.0,1.0,1.0,1.0,0.4,1.0,0.4,1.0,1.0,1.0,1.0,0.35,1.0,0.35,1.0,1.0,1.0,1.0,0.3111111111111111,1.0,0.3111111111111111,1.0,1.0,1.0,1.0,0.28,1.0,0.28,1.0,1.0,1.0,1.0,mini_l12-dj_adpt,1,webtable-cl_optim-v=12-distilroberta-dj_adpt~qwen3_8b-dj_adpt
monthly_data_feed_b.pq,1.0,0.07692307692307693,1.0,0.07692307692307693,1.0,1.0,0.07692307692307693,1.0,0.38461538461538464,1.0,0.38461538461538464,1.0,1.0,0.38461538461538464,1.0,0.7692307692307693,1.0,0.7692307692307693,1.0,1.0,0.7692307692307693,0.8666666666666667,1.0,0.8666666666666667,1.0,1.0,1.0,1.0,0.65,1.0,0.65,1.0,1.0,1.0,1.0,0.52,1.0,0.52,1.0,1.0,1.0,1.0,0.43333333333333335,1.0,0.43333333333333335,1.0,1.0,1.0,1.0,0.37142857142857144,1.0,0.37142857142857144,1.0,1.0,1.0,1.0,0.325,1.0,0.325,1.0,1.0,1.0,1.0,0.28888888888888886,1.0,0.28888888888888886,1.0,1.0,1.0,1.0,0.26,1.0,0.26,1.0,1.0,1.0,1.0,mini_l12-dj_adpt,1,webtable-cl_optim-v=12-distilroberta-dj_adpt~qwen3_8b-dj_adpt
job_pay_scales_a.pq,1.0,0.06666666666666667,1.0,0.06666666666666667,1.0,1.0,0.06666666666666667,1.0,0.3333333333333333,1.0,0.3333333333333333,1.0,1.0,0.3333333333333333,1.0,0.6666666666666666,1.0,0.6666666666666666,1.0,1.0,0.6666666666666666,1.0,1.0,1.0,1.0,1.0,1.0,1.0,0.75,1.0,0.75,1.0,1.0,1.0,1.0,0.6,1.0,0.6,1.0,1.0,1.0,1.0,0.5,1.0,0.5,1.0,1.0,1.0,1.0,0.42857142857142855,1.0,0.42857142857142855,1.0,1.0,1.0,1.0,0.375,1.0,0.375,1.0,1.0,1.0,1.0,0.3333333333333333,1.0,0.3333333333333333,1.0,1.0,1.0,1.0,0.3,1.0,0.3,1.0,1.0,1.0,1.0,mini_l12-dj_adpt,1,webtable-cl_optim-v=12-distilroberta-dj_adpt~qwen3_8b-dj_adpt
oil_and_gas_summary_production_data_1967_1999_a.pq,1.0,0.09090909090909091,1.0,0.09090909090909091,1.0,1.0,0.09090909090909091,1.0,0.45454545454545453,1.0,0.45454545454545453,1.0,1.0,0.45454545454545453,1.0,0.9090909090909091,1.0,0.9090909090909091,1.0,1.0,0.9090909090909091,0.7333333333333333,1.0,0.7333333333333333,1.0,1.0,1.0,1.0,0.55,1.0,0.55,1.0,1.0,1.0,1.0,0.44,1.0,0.44,1.0,1.0,1.0,1.0,0.36666666666666664,1.0,0.36666666666666664,1.0,1.0,1.0,1.0,0.3142857142857143,1.0,0.3142857142857143,1.0,1.0,1.0,1.0,0.275,1.0,0.275,1.0,1.0,1.0,1.0,0.24444444444444444,1.0,0.24444444444444444,1.0,1.0,1.0,1.0,0.22,1.0,0.22,1.0,1.0,1.0,1.0,mini_l12-dj_adpt,1,webtable-cl_optim-v=12-distilroberta-dj_adpt~qwen3_8b-dj_adpt
practice_reference_b.pq,1.0,0.06666666666666667,1.0,0.06666666666666667,1.0,1.0,0.06666666666666667,1.0,0.3333333333333333,1.0,0.3333333333333333,1.0,1.0,0.3333333333333333,1.0,0.6666666666666666,1.0,0.6666666666666666,1.0,1.0,0.6666666666666666,1.0,1.0,1.0,1.0,1.0,1.0,1.0,0.75,1.0,0.75,1.0,1.0,1.0,1.0,0.6,1.0,0.6,1.0,1.0,1.0,1.0,0.5,1.0,0.5,1.0,1.0,1.0,1.0,0.42857142857142855,1.0,0.42857142857142855,1.0,1.0,1.0,1.0,0.375,1.0,0.375,1.0,1.0,1.0,1.0,0.3333333333333333,1.0,0.3333333333333333,1.0,1.0,1.0,1.0,0.3,1.0,0.3,1.0,1.0,1.0,1.0,mini_l12-dj_adpt,1,webtable-cl_optim-v=12-distilroberta-dj_adpt~qwen3_8b-dj_adpt
time_spent_watching_vcr_movies_a.pq,1.0,0.09090909090909091,1.0,0.09090909090909091,1.0,1.0,0.09090909090909091,1.0,0.45454545454545453,1.0,0.45454545454545453,1.0,1.0,0.45454545454545453,1.0,0.9090909090909091,1.0,0.9090909090909091,1.0,1.0,0.9090909090909091,0.7333333333333333,1.0,0.7333333333333333,1.0,1.0,1.0,1.0,0.55,1.0,0.55,1.0,1.0,1.0,1.0,0.44,1.0,0.44,1.0,1.0,1.0,1.0,0.36666666666666664,1.0,0.36666666666666664,1.0,1.0,1.0,1.0,0.3142857142857143,1.0,0.3142857142857143,1.0,1.0,1.0,1.0,0.275,1.0,0.275,1.0,1.0,1.0,1.0,0.24444444444444444,1.0,0.24444444444444444,1.0,1.0,1.0,1.0,0.22,1.0,0.22,1.0,1.0,1.0,1.0,mini_l12-dj_adpt,1,webtable-cl_optim-v=12-distilroberta-dj_adpt~qwen3_8b-dj_adpt
ydn_spending_data_a.pq,1.0,0.08333333333333333,1.0,0.08333333333333333,1.0,1.0,0.08333333333333333,1.0,0.4166666666666667,1.0,0.4166666666666667,1.0,1.0,0.4166666666666667,1.0,0.8333333333333334,1.0,0.8333333333333334,1.0,1.0,0.8333333333333334,0.8,1.0,0.8,1.0,1.0,1.0,1.0,0.6,1.0,0.6,1.0,1.0,1.0,1.0,0.48,1.0,0.48,1.0,1.0,1.0,1.0,0.4,1.0,0.4,1.0,1.0,1.0,1.0,0.34285714285714286,1.0,0.34285714285714286,1.0,1.0,1.0,1.0,0.3,1.0,0.3,1.0,1.0,1.0,1.0,0.26666666666666666,1.0,0.26666666666666666,1.0,1.0,1.0,1.0,0.24,1.0,0.24,1.0,1.0,1.0,1.0,mini_l12-dj_adpt,1,webtable-cl_optim-v=12-distilroberta-dj_adpt~qwen3_8b-dj_adpt
new_york_city_restaurant_inspection_results_a.pq,1.0,0.03225806451612903,1.0,0.03225806451612903,1.0,1.0,0.03225806451612903,1.0,0.16129032258064516,1.0,0.16129032258064516,1.0,1.0,0.16129032258064516,1.0,0.3225806451612903,1.0,0.3225806451612903,1.0,1.0,0.3225806451612903,1.0,0.4838709677419355,1.0,0.4838709677419355,1.0,1.0,0.4838709677419355,1.0,0.6451612903225806,1.0,0.6451612903225806,1.0,1.0,0.6451612903225806,1.0,0.8064516129032258,1.0,0.8064516129032258,1.0,1.0,0.8064516129032258,1.0,0.967741935483871,1.0,0.967741935483871,1.0,1.0,0.967741935483871,0.8857142857142857,1.0,0.8857142857142857,1.0,1.0,1.0,1.0,0.775,1.0,0.775,1.0,1.0,1.0,1.0,0.6888888888888889,1.0,0.6888888888888889,1.0,1.0,1.0,1.0,0.62,1.0,0.62,1.0,1.0,1.0,1.0,mini_l12-dj_adpt,1,webtable-cl_optim-v=12-distilroberta-dj_adpt~qwen3_8b-dj_adpt
purchasing_card_a.pq,1.0,0.07692307692307693,1.0,0.07692307692307693,1.0,1.0,0.07692307692307693,1.0,0.38461538461538464,1.0,0.38461538461538464,1.0,1.0,0.38461538461538464,1.0,0.7692307692307693,1.0,0.7692307692307693,1.0,1.0,0.7692307692307693,0.8666666666666667,1.0,0.8666666666666667,1.0,1.0,1.0,1.0,0.65,1.0,0.65,1.0,1.0,1.0,1.0,0.52,1.0,0.52,1.0,1.0,1.0,1.0,0.43333333333333335,1.0,0.43333333333333335,1.0,1.0,1.0,1.0,0.37142857142857144,1.0,0.37142857142857144,1.0,1.0,1.0,1.0,0.325,1.0,0.325,1.0,1.0,1.0,1.0,0.28888888888888886,1.0,0.28888888888888886,1.0,1.0,1.0,1.0,0.26,1.0,0.26,1.0,1.0,1.0,1.0,mini_l12-dj_adpt,1,webtable-cl_optim-v=12-distilroberta-dj_adpt~qwen3_8b-dj_adpt
tuition_assistance_program_tap_recipients_a.pq,1.0,0.09090909090909091,1.0,0.09090909090909091,1.0,1.0,0.09090909090909091,1.0,0.45454545454545453,1.0,0.45454545454545453,1.0,1.0,0.45454545454545453,1.0,0.9090909090909091,1.0,0.9090909090909091,1.0,1.0,0.9090909090909091,0.7333333333333333,1.0,0.7333333333333333,1.0,1.0,1.0,1.0,0.55,1.0,0.55,1.0,1.0,1.0,1.0,0.44,1.0,0.44,1.0,1.0,1.0,1.0,0.36666666666666664,1.0,0.36666666666666664,1.0,1.0,1.0,1.0,0.3142857142857143,1.0,0.3142857142857143,1.0,1.0,1.0,1.0,0.275,1.0,0.275,1.0,1.0,1.0,1.0,0.24444444444444444,1.0,0.24444444444444444,1.0,1.0,1.0,1.0,0.22,1.0,0.22,1.0,1.0,1.0,1.0,mini_l12-dj_adpt,1,webtable-cl_optim-v=12-distilroberta-dj_adpt~qwen3_8b-dj_adpt
cihr_co-applicant_a.pq,1.0,0.08333333333333333,1.0,0.08333333333333333,1.0,1.0,0.08333333333333333,1.0,0.4166666666666667,1.0,0.4166666666666667,1.0,1.0,0.4166666666666667,1.0,0.8333333333333334,1.0,0.8333333333333334,1.0,1.0,0.8333333333333334,0.8,1.0,0.8,1.0,1.0,1.0,1.0,0.6,1.0,0.6,1.0,1.0,1.0,1.0,0.48,1.0,0.48,1.0,1.0,1.0,1.0,0.4,1.0,0.4,1.0,1.0,1.0,1.0,0.34285714285714286,1.0,0.34285714285714286,1.0,1.0,1.0,1.0,0.3,1.0,0.3,1.0,1.0,1.0,1.0,0.26666666666666666,1.0,0.26666666666666666,1.0,1.0,1.0,1.0,0.24,1.0,0.24,1.0,1.0,1.0,1.0,mini_l12-dj_adpt,1,webtable-cl_optim-v=12-distilroberta-dj_adpt~qwen3_8b-dj_adpt
immigration_records_a.pq,1.0,0.0625,1.0,0.0625,1.0,1.0,0.0625,1.0,0.3125,1.0,0.3125,1.0,1.0,0.3125,0.7,0.4375,1.0,0.625,1.0,1.0,0.4375,0.4666666666666667,0.4375,1.0,0.9375,1.0,1.0,0.4375,0.45,0.5625,0.8,1.0,1.0,1.0,0.49488304093567254,0.56,0.875,0.64,1.0,1.0,1.0,0.6573578080164179,0.5333333333333333,1.0,0.5333333333333333,1.0,1.0,1.0,0.7304525373611472,0.45714285714285713,1.0,0.45714285714285713,1.0,1.0,1.0,0.7304525373611472,0.4,1.0,0.4,1.0,1.0,1.0,0.7304525373611472,0.35555555555555557,1.0,0.35555555555555557,1.0,1.0,1.0,0.7304525373611472,0.32,1.0,0.32,1.0,1.0,1.0,0.7304525373611472,mini_l12-dj_adpt,1,webtable-cl_optim-v=12-distilroberta-dj_adpt~qwen3_8b-dj_adpt
lane_description_b.pq,1.0,0.0625,1.0,0.0625,1.0,1.0,0.0625,1.0,0.3125,1.0,0.3125,1.0,1.0,0.3125,1.0,0.625,1.0,0.625,1.0,1.0,0.625,1.0,0.9375,1.0,0.9375,1.0,1.0,0.9375,0.8,1.0,0.8,1.0,1.0,1.0,1.0,0.64,1.0,0.64,1.0,1.0,1.0,1.0,0.5333333333333333,1.0,0.5333333333333333,1.0,1.0,1.0,1.0,0.45714285714285713,1.0,0.45714285714285713,1.0,1.0,1.0,1.0,0.4,1.0,0.4,1.0,1.0,1.0,1.0,0.35555555555555557,1.0,0.35555555555555557,1.0,1.0,1.0,1.0,0.32,1.0,0.32,1.0,1.0,1.0,1.0,mini_l12-dj_adpt,1,webtable-cl_optim-v=12-distilroberta-dj_adpt~qwen3_8b-dj_adpt
contributors_parties_a.pq,1.0,0.047619047619047616,1.0,0.047619047619047616,1.0,1.0,0.047619047619047616,1.0,0.23809523809523808,1.0,0.23809523809523808,1.0,1.0,0.23809523809523808,1.0,0.47619047619047616,1.0,0.47619047619047616,1.0,1.0,0.47619047619047616,1.0,0.7142857142857143,1.0,0.7142857142857143,1.0,1.0,0.7142857142857143,1.0,0.9523809523809523,1.0,0.9523809523809523,1.0,1.0,0.9523809523809523,0.84,1.0,0.84,1.0,1.0,1.0,1.0,0.7,1.0,0.7,1.0,1.0,1.0,1.0,0.6,1.0,0.6,1.0,1.0,1.0,1.0,0.525,1.0,0.525,1.0,1.0,1.0,1.0,0.4666666666666667,1.0,0.4666666666666667,1.0,1.0,1.0,1.0,0.42,1.0,0.42,1.0,1.0,1.0,1.0,mini_l12-dj_adpt,1,webtable-cl_optim-v=12-distilroberta-dj_adpt~qwen3_8b-dj_adpt
stockport_contracts_a.pq,1.0,0.07692307692307693,1.0,0.07692307692307693,1.0,1.0,0.07692307692307693,1.0,0.38461538461538464,1.0,0.38461538461538464,1.0,1.0,0.38461538461538464,1.0,0.7692307692307693,1.0,0.7692307692307693,1.0,1.0,0.7692307692307693,0.8666666666666667,1.0,0.8666666666666667,1.0,1.0,1.0,1.0,0.65,1.0,0.65,1.0,1.0,1.0,1.0,0.52,1.0,0.52,1.0,1.0,1.0,1.0,0.43333333333333335,1.0,0.43333333333333335,1.0,1.0,1.0,1.0,0.37142857142857144,1.0,0.37142857142857144,1.0,1.0,1.0,1.0,0.325,1.0,0.325,1.0,1.0,1.0,1.0,0.28888888888888886,1.0,0.28888888888888886,1.0,1.0,1.0,1.0,0.26,1.0,0.26,1.0,1.0,1.0,1.0,mini_l12-dj_adpt,1,webtable-cl_optim-v=12-distilroberta-dj_adpt~qwen3_8b-dj_adpt
mines_b.pq,1.0,0.07142857142857142,1.0,0.07142857142857142,1.0,1.0,0.07142857142857142,1.0,0.35714285714285715,1.0,0.35714285714285715,1.0,1.0,0.35714285714285715,0.9,0.6428571428571429,1.0,0.7142857142857143,1.0,1.0,0.6086451247165533,0.8666666666666667,0.9285714285714286,0.9333333333333333,1.0,1.0,1.0,0.8713169766741196,0.7,1.0,0.7,1.0,1.0,1.0,0.9338169766741196,0.56,1.0,0.56,1.0,1.0,1.0,0.9338169766741196,0.4666666666666667,1.0,0.4666666666666667,1.0,1.0,1.0,0.9338169766741196,0.4,1.0,0.4,1.0,1.0,1.0,0.9338169766741196,0.35,1.0,0.35,1.0,1.0,1.0,0.9338169766741196,0.3111111111111111,1.0,0.3111111111111111,1.0,1.0,1.0,0.9338169766741196,0.28,1.0,0.28,1.0,1.0,1.0,0.9338169766741196,mini_l12-dj_adpt,1,webtable-cl_optim-v=12-distilroberta-dj_adpt~qwen3_8b-dj_adpt
minister_meetings_a.pq,1.0,0.1,1.0,0.1,1.0,1.0,0.1,0.8,0.4,1.0,0.5,1.0,1.0,0.38,0.8,0.8,1.0,1.0,1.0,1.0,0.7254365079365079,0.6,0.9,0.6666666666666666,1.0,1.0,1.0,0.8072546897546898,0.5,1.0,0.5,1.0,1.0,1.0,0.8660782191664544,0.4,1.0,0.4,1.0,1.0,1.0,0.8660782191664544,0.3333333333333333,1.0,0.3333333333333333,1.0,1.0,1.0,0.8660782191664544,0.2857142857142857,1.0,0.2857142857142857,1.0,1.0,1.0,0.8660782191664544,0.25,1.0,0.25,1.0,1.0,1.0,0.8660782191664544,0.2222222222222222,1.0,0.2222222222222222,1.0,1.0,1.0,0.8660782191664544,0.2,1.0,0.2,1.0,1.0,1.0,0.8660782191664544,mini_l12-dj_adpt,1,webtable-cl_optim-v=12-distilroberta-dj_adpt~qwen3_8b-dj_adpt
workforce_management_information_a.pq,1.0,0.05555555555555555,1.0,0.05555555555555555,1.0,1.0,0.05555555555555555,1.0,0.2777777777777778,1.0,0.2777777777777778,1.0,1.0,0.2777777777777778,1.0,0.5555555555555556,1.0,0.5555555555555556,1.0,1.0,0.5555555555555556,1.0,0.8333333333333334,1.0,0.8333333333333334,1.0,1.0,0.8333333333333334,0.8,0.8888888888888888,0.9,1.0,1.0,1.0,0.8777777777777778,0.68,0.9444444444444444,0.72,1.0,1.0,1.0,0.9155555555555556,0.6,1.0,0.6,1.0,1.0,1.0,0.9540170940170941,0.5142857142857142,1.0,0.5142857142857142,1.0,1.0,1.0,0.9540170940170941,0.45,1.0,0.45,1.0,1.0,1.0,0.9540170940170941,0.4,1.0,0.4,1.0,1.0,1.0,0.9540170940170941,0.36,1.0,0.36,1.0,1.0,1.0,0.9540170940170941,mini_l12-dj_adpt,1,webtable-cl_optim-v=12-distilroberta-dj_adpt~qwen3_8b-dj_adpt
complaint_by_practice_a.pq,1.0,0.07692307692307693,1.0,0.07692307692307693,1.0,1.0,0.07692307692307693,1.0,0.38461538461538464,1.0,0.38461538461538464,1.0,1.0,0.38461538461538464,1.0,0.7692307692307693,1.0,0.7692307692307693,1.0,1.0,0.7692307692307693,0.8666666666666667,1.0,0.8666666666666667,1.0,1.0,1.0,1.0,0.65,1.0,0.65,1.0,1.0,1.0,1.0,0.52,1.0,0.52,1.0,1.0,1.0,1.0,0.43333333333333335,1.0,0.43333333333333335,1.0,1.0,1.0,1.0,0.37142857142857144,1.0,0.37142857142857144,1.0,1.0,1.0,1.0,0.325,1.0,0.325,1.0,1.0,1.0,1.0,0.28888888888888886,1.0,0.28888888888888886,1.0,1.0,1.0,1.0,0.26,1.0,0.26,1.0,1.0,1.0,1.0,mini_l12-dj_adpt,1,webtable-cl_optim-v=12-distilroberta-dj_adpt~qwen3_8b-dj_adpt
ipopayments_b.pq,1.0,0.06666666666666667,1.0,0.06666666666666667,1.0,1.0,0.06666666666666667,1.0,0.3333333333333333,1.0,0.3333333333333333,1.0,1.0,0.3333333333333333,1.0,0.6666666666666666,1.0,0.6666666666666666,1.0,1.0,0.6666666666666666,1.0,1.0,1.0,1.0,1.0,1.0,1.0,0.75,1.0,0.75,1.0,1.0,1.0,1.0,0.6,1.0,0.6,1.0,1.0,1.0,1.0,0.5,1.0,0.5,1.0,1.0,1.0,1.0,0.42857142857142855,1.0,0.42857142857142855,1.0,1.0,1.0,1.0,0.375,1.0,0.375,1.0,1.0,1.0,1.0,0.3333333333333333,1.0,0.3333333333333333,1.0,1.0,1.0,1.0,0.3,1.0,0.3,1.0,1.0,1.0,1.0,mini_l12-dj_adpt,1,webtable-cl_optim-v=12-distilroberta-dj_adpt~qwen3_8b-dj_adpt
ipopayments_a.pq,1.0,0.06666666666666667,1.0,0.06666666666666667,1.0,1.0,0.06666666666666667,1.0,0.3333333333333333,1.0,0.3333333333333333,1.0,1.0,0.3333333333333333,1.0,0.6666666666666666,1.0,0.6666666666666666,1.0,1.0,0.6666666666666666,1.0,1.0,1.0,1.0,1.0,1.0,1.0,0.75,1.0,0.75,1.0,1.0,1.0,1.0,0.6,1.0,0.6,1.0,1.0,1.0,1.0,0.5,1.0,0.5,1.0,1.0,1.0,1.0,0.42857142857142855,1.0,0.42857142857142855,1.0,1.0,1.0,1.0,0.375,1.0,0.375,1.0,1.0,1.0,1.0,0.3333333333333333,1.0,0.3333333333333333,1.0,1.0,1.0,1.0,0.3,1.0,0.3,1.0,1.0,1.0,1.0,mini_l12-dj_adpt,1,webtable-cl_optim-v=12-distilroberta-dj_adpt~qwen3_8b-dj_adpt
311_calls_historic_data_a.pq,1.0,0.09090909090909091,1.0,0.09090909090909091,1.0,1.0,0.09090909090909091,1.0,0.45454545454545453,1.0,0.45454545454545453,1.0,1.0,0.45454545454545453,1.0,0.9090909090909091,1.0,0.9090909090909091,1.0,1.0,0.9090909090909091,0.7333333333333333,1.0,0.7333333333333333,1.0,1.0,1.0,1.0,0.55,1.0,0.55,1.0,1.0,1.0,1.0,0.44,1.0,0.44,1.0,1.0,1.0,1.0,0.36666666666666664,1.0,0.36666666666666664,1.0,1.0,1.0,1.0,0.3142857142857143,1.0,0.3142857142857143,1.0,1.0,1.0,1.0,0.275,1.0,0.275,1.0,1.0,1.0,1.0,0.24444444444444444,1.0,0.24444444444444444,1.0,1.0,1.0,1.0,0.22,1.0,0.22,1.0,1.0,1.0,1.0,mini_l12-dj_adpt,1,webtable-cl_optim-v=12-distilroberta-dj_adpt~qwen3_8b-dj_adpt
cdc_nutrition_physical_activity_and_obesity_legislation_a.pq,1.0,0.09090909090909091,1.0,0.09090909090909091,1.0,1.0,0.09090909090909091,1.0,0.45454545454545453,1.0,0.45454545454545453,1.0,1.0,0.45454545454545453,1.0,0.9090909090909091,1.0,0.9090909090909091,1.0,1.0,0.9090909090909091,0.7333333333333333,1.0,0.7333333333333333,1.0,1.0,1.0,1.0,0.55,1.0,0.55,1.0,1.0,1.0,1.0,0.44,1.0,0.44,1.0,1.0,1.0,1.0,0.36666666666666664,1.0,0.36666666666666664,1.0,1.0,1.0,1.0,0.3142857142857143,1.0,0.3142857142857143,1.0,1.0,1.0,1.0,0.275,1.0,0.275,1.0,1.0,1.0,1.0,0.24444444444444444,1.0,0.24444444444444444,1.0,1.0,1.0,1.0,0.22,1.0,0.22,1.0,1.0,1.0,1.0,mini_l12-dj_adpt,1,webtable-cl_optim-v=12-distilroberta-dj_adpt~qwen3_8b-dj_adpt
deaths_2012_2018_a.pq,1.0,0.09090909090909091,1.0,0.09090909090909091,1.0,1.0,0.09090909090909091,1.0,0.45454545454545453,1.0,0.45454545454545453,1.0,1.0,0.45454545454545453,1.0,0.9090909090909091,1.0,0.9090909090909091,1.0,1.0,0.9090909090909091,0.7333333333333333,1.0,0.7333333333333333,1.0,1.0,1.0,1.0,0.55,1.0,0.55,1.0,1.0,1.0,1.0,0.44,1.0,0.44,1.0,1.0,1.0,1.0,0.36666666666666664,1.0,0.36666666666666664,1.0,1.0,1.0,1.0,0.3142857142857143,1.0,0.3142857142857143,1.0,1.0,1.0,1.0,0.275,1.0,0.275,1.0,1.0,1.0,1.0,0.24444444444444444,1.0,0.24444444444444444,1.0,1.0,1.0,1.0,0.22,1.0,0.22,1.0,1.0,1.0,1.0,mini_l12-dj_adpt,1,webtable-cl_optim-v=12-distilroberta-dj_adpt~qwen3_8b-dj_adpt
prescribing_a.pq,1.0,0.06666666666666667,1.0,0.06666666666666667,1.0,1.0,0.06666666666666667,1.0,0.3333333333333333,1.0,0.3333333333333333,1.0,1.0,0.3333333333333333,1.0,0.6666666666666666,1.0,0.6666666666666666,1.0,1.0,0.6666666666666666,1.0,1.0,1.0,1.0,1.0,1.0,1.0,0.75,1.0,0.75,1.0,1.0,1.0,1.0,0.6,1.0,0.6,1.0,1.0,1.0,1.0,0.5,1.0,0.5,1.0,1.0,1.0,1.0,0.42857142857142855,1.0,0.42857142857142855,1.0,1.0,1.0,1.0,0.375,1.0,0.375,1.0,1.0,1.0,1.0,0.3333333333333333,1.0,0.3333333333333333,1.0,1.0,1.0,1.0,0.3,1.0,0.3,1.0,1.0,1.0,1.0,mini_l12-dj_adpt,1,webtable-cl_optim-v=12-distilroberta-dj_adpt~qwen3_8b-dj_adpt
lane_description_a.pq,1.0,0.0625,1.0,0.0625,1.0,1.0,0.0625,1.0,0.3125,1.0,0.3125,1.0,1.0,0.3125,1.0,0.625,1.0,0.625,1.0,1.0,0.625,1.0,0.9375,1.0,0.9375,1.0,1.0,0.9375,0.8,1.0,0.8,1.0,1.0,1.0,1.0,0.64,1.0,0.64,1.0,1.0,1.0,1.0,0.5333333333333333,1.0,0.5333333333333333,1.0,1.0,1.0,1.0,0.45714285714285713,1.0,0.45714285714285713,1.0,1.0,1.0,1.0,0.4,1.0,0.4,1.0,1.0,1.0,1.0,0.35555555555555557,1.0,0.35555555555555557,1.0,1.0,1.0,1.0,0.32,1.0,0.32,1.0,1.0,1.0,1.0,mini_l12-dj_adpt,1,webtable-cl_optim-v=12-distilroberta-dj_adpt~qwen3_8b-dj_adpt
prescribing_b.pq,1.0,0.06666666666666667,1.0,0.06666666666666667,1.0,1.0,0.06666666666666667,1.0,0.3333333333333333,1.0,0.3333333333333333,1.0,1.0,0.3333333333333333,1.0,0.6666666666666666,1.0,0.6666666666666666,1.0,1.0,0.6666666666666666,1.0,1.0,1.0,1.0,1.0,1.0,1.0,0.75,1.0,0.75,1.0,1.0,1.0,1.0,0.6,1.0,0.6,1.0,1.0,1.0,1.0,0.5,1.0,0.5,1.0,1.0,1.0,1.0,0.42857142857142855,1.0,0.42857142857142855,1.0,1.0,1.0,1.0,0.375,1.0,0.375,1.0,1.0,1.0,1.0,0.3333333333333333,1.0,0.3333333333333333,1.0,1.0,1.0,1.0,0.3,1.0,0.3,1.0,1.0,1.0,1.0,mini_l12-dj_adpt,1,webtable-cl_optim-v=12-distilroberta-dj_adpt~qwen3_8b-dj_adpt
senior_officials_expenses_a.pq,1.0,0.09090909090909091,1.0,0.09090909090909091,1.0,1.0,0.09090909090909091,1.0,0.45454545454545453,1.0,0.45454545454545453,1.0,1.0,0.45454545454545453,0.9,0.8181818181818182,1.0,0.9090909090909091,1.0,1.0,0.8181818181818182,0.6666666666666666,0.9090909090909091,0.7333333333333333,1.0,1.0,1.0,0.9008264462809916,0.5,0.9090909090909091,0.55,1.0,1.0,1.0,0.9008264462809916,0.4,0.9090909090909091,0.44,1.0,1.0,1.0,0.9008264462809916,0.3333333333333333,0.9090909090909091,0.36666666666666664,1.0,1.0,1.0,0.9008264462809916,0.2857142857142857,0.9090909090909091,0.3142857142857143,1.0,1.0,1.0,0.9008264462809916,0.25,0.9090909090909091,0.275,1.0,1.0,1.0,0.9008264462809916,0.24444444444444444,1.0,0.24444444444444444,1.0,1.0,1.0,0.9246359700905156,0.22,1.0,0.22,1.0,1.0,1.0,0.9246359700905156,mini_l12-dj_adpt,1,webtable-cl_optim-v=12-distilroberta-dj_adpt~qwen3_8b-dj_adpt
complaint_by_practice_b.pq,1.0,0.07692307692307693,1.0,0.07692307692307693,1.0,1.0,0.07692307692307693,1.0,0.38461538461538464,1.0,0.38461538461538464,1.0,1.0,0.38461538461538464,1.0,0.7692307692307693,1.0,0.7692307692307693,1.0,1.0,0.7692307692307693,0.8666666666666667,1.0,0.8666666666666667,1.0,1.0,1.0,1.0,0.65,1.0,0.65,1.0,1.0,1.0,1.0,0.52,1.0,0.52,1.0,1.0,1.0,1.0,0.43333333333333335,1.0,0.43333333333333335,1.0,1.0,1.0,1.0,0.37142857142857144,1.0,0.37142857142857144,1.0,1.0,1.0,1.0,0.325,1.0,0.325,1.0,1.0,1.0,1.0,0.28888888888888886,1.0,0.28888888888888886,1.0,1.0,1.0,1.0,0.26,1.0,0.26,1.0,1.0,1.0,1.0,mini_l12-dj_adpt,1,webtable-cl_optim-v=12-distilroberta-dj_adpt~qwen3_8b-dj_adpt
workforce_management_information_b.pq,1.0,0.05555555555555555,1.0,0.05555555555555555,1.0,1.0,0.05555555555555555,1.0,0.2777777777777778,1.0,0.2777777777777778,1.0,1.0,0.2777777777777778,1.0,0.5555555555555556,1.0,0.5555555555555556,1.0,1.0,0.5555555555555556,1.0,0.8333333333333334,1.0,0.8333333333333334,1.0,1.0,0.8333333333333334,0.8,0.8888888888888888,0.9,1.0,1.0,1.0,0.8827160493827161,0.68,0.9444444444444444,0.72,1.0,1.0,1.0,0.9204938271604939,0.6,1.0,0.6,1.0,1.0,1.0,0.9589553656220323,0.5142857142857142,1.0,0.5142857142857142,1.0,1.0,1.0,0.9589553656220323,0.45,1.0,0.45,1.0,1.0,1.0,0.9589553656220323,0.4,1.0,0.4,1.0,1.0,1.0,0.9589553656220323,0.36,1.0,0.36,1.0,1.0,1.0,0.9589553656220323,mini_l12-dj_adpt,1,webtable-cl_optim-v=12-distilroberta-dj_adpt~qwen3_8b-dj_adpt
albums_a.pq,1.0,0.0625,1.0,0.0625,1.0,1.0,0.0625,1.0,0.3125,1.0,0.3125,1.0,1.0,0.3125,1.0,0.625,1.0,0.625,1.0,1.0,0.625,1.0,0.9375,1.0,0.9375,1.0,1.0,0.9375,0.8,1.0,0.8,1.0,1.0,1.0,1.0,0.64,1.0,0.64,1.0,1.0,1.0,1.0,0.5333333333333333,1.0,0.5333333333333333,1.0,1.0,1.0,1.0,0.45714285714285713,1.0,0.45714285714285713,1.0,1.0,1.0,1.0,0.4,1.0,0.4,1.0,1.0,1.0,1.0,0.35555555555555557,1.0,0.35555555555555557,1.0,1.0,1.0,1.0,0.32,1.0,0.32,1.0,1.0,1.0,1.0,mini_l12-dj_adpt,1,webtable-cl_optim-v=12-distilroberta-dj_adpt~qwen3_8b-dj_adpt
ydn_spending_data_b.pq,1.0,0.08333333333333333,1.0,0.08333333333333333,1.0,1.0,0.08333333333333333,1.0,0.4166666666666667,1.0,0.4166666666666667,1.0,1.0,0.4166666666666667,1.0,0.8333333333333334,1.0,0.8333333333333334,1.0,1.0,0.8333333333333334,0.8,1.0,0.8,1.0,1.0,1.0,1.0,0.6,1.0,0.6,1.0,1.0,1.0,1.0,0.48,1.0,0.48,1.0,1.0,1.0,1.0,0.4,1.0,0.4,1.0,1.0,1.0,1.0,0.34285714285714286,1.0,0.34285714285714286,1.0,1.0,1.0,1.0,0.3,1.0,0.3,1.0,1.0,1.0,1.0,0.26666666666666666,1.0,0.26666666666666666,1.0,1.0,1.0,1.0,0.24,1.0,0.24,1.0,1.0,1.0,1.0,mini_l12-dj_adpt,1,webtable-cl_optim-v=12-distilroberta-dj_adpt~qwen3_8b-dj_adpt
contributors_parties_b.pq,1.0,0.047619047619047616,1.0,0.047619047619047616,1.0,1.0,0.047619047619047616,1.0,0.23809523809523808,1.0,0.23809523809523808,1.0,1.0,0.23809523809523808,1.0,0.47619047619047616,1.0,0.47619047619047616,1.0,1.0,0.47619047619047616,1.0,0.7142857142857143,1.0,0.7142857142857143,1.0,1.0,0.7142857142857143,0.85,0.8095238095238095,1.0,0.9523809523809523,1.0,1.0,0.8095238095238095,0.68,0.8095238095238095,0.84,1.0,1.0,1.0,0.8095238095238095,0.7,1.0,0.7,1.0,1.0,1.0,0.9397568222691375,0.6,1.0,0.6,1.0,1.0,1.0,0.9397568222691375,0.525,1.0,0.525,1.0,1.0,1.0,0.9397568222691375,0.4666666666666667,1.0,0.4666666666666667,1.0,1.0,1.0,0.9397568222691375,0.42,1.0,0.42,1.0,1.0,1.0,0.9397568222691375,mini_l12-dj_adpt,1,webtable-cl_optim-v=12-distilroberta-dj_adpt~qwen3_8b-dj_adpt
albums_b.pq,1.0,0.0625,1.0,0.0625,1.0,1.0,0.0625,1.0,0.3125,1.0,0.3125,1.0,1.0,0.3125,1.0,0.625,1.0,0.625,1.0,1.0,0.625,1.0,0.9375,1.0,0.9375,1.0,1.0,0.9375,0.8,1.0,0.8,1.0,1.0,1.0,1.0,0.64,1.0,0.64,1.0,1.0,1.0,1.0,0.5333333333333333,1.0,0.5333333333333333,1.0,1.0,1.0,1.0,0.45714285714285713,1.0,0.45714285714285713,1.0,1.0,1.0,1.0,0.4,1.0,0.4,1.0,1.0,1.0,1.0,0.35555555555555557,1.0,0.35555555555555557,1.0,1.0,1.0,1.0,0.32,1.0,0.32,1.0,1.0,1.0,1.0,mini_l12-dj_adpt,1,webtable-cl_optim-v=12-distilroberta-dj_adpt~qwen3_8b-dj_adpt
animal_tag_data_b.pq,1.0,0.08333333333333333,1.0,0.08333333333333333,1.0,1.0,0.08333333333333333,1.0,0.4166666666666667,1.0,0.4166666666666667,1.0,1.0,0.4166666666666667,1.0,0.8333333333333334,1.0,0.8333333333333334,1.0,1.0,0.8333333333333334,0.8,1.0,0.8,1.0,1.0,1.0,1.0,0.6,1.0,0.6,1.0,1.0,1.0,1.0,0.48,1.0,0.48,1.0,1.0,1.0,1.0,0.4,1.0,0.4,1.0,1.0,1.0,1.0,0.34285714285714286,1.0,0.34285714285714286,1.0,1.0,1.0,1.0,0.3,1.0,0.3,1.0,1.0,1.0,1.0,0.26666666666666666,1.0,0.26666666666666666,1.0,1.0,1.0,1.0,0.24,1.0,0.24,1.0,1.0,1.0,1.0,mini_l12-dj_adpt,1,webtable-cl_optim-v=12-distilroberta-dj_adpt~qwen3_8b-dj_adpt
business_rates_a.pq,1.0,0.08333333333333333,1.0,0.08333333333333333,1.0,1.0,0.08333333333333333,1.0,0.4166666666666667,1.0,0.4166666666666667,1.0,1.0,0.4166666666666667,1.0,0.8333333333333334,1.0,0.8333333333333334,1.0,1.0,0.8333333333333334,0.8,1.0,0.8,1.0,1.0,1.0,1.0,0.6,1.0,0.6,1.0,1.0,1.0,1.0,0.48,1.0,0.48,1.0,1.0,1.0,1.0,0.4,1.0,0.4,1.0,1.0,1.0,1.0,0.34285714285714286,1.0,0.34285714285714286,1.0,1.0,1.0,1.0,0.3,1.0,0.3,1.0,1.0,1.0,1.0,0.26666666666666666,1.0,0.26666666666666666,1.0,1.0,1.0,1.0,0.24,1.0,0.24,1.0,1.0,1.0,1.0,mini_l12-dj_adpt,1,webtable-cl_optim-v=12-distilroberta-dj_adpt~qwen3_8b-dj_adpt
data_mill_a.pq,1.0,0.07142857142857142,1.0,0.07142857142857142,1.0,1.0,0.07142857142857142,1.0,0.35714285714285715,1.0,0.35714285714285715,1.0,1.0,0.35714285714285715,1.0,0.7142857142857143,1.0,0.7142857142857143,1.0,1.0,0.7142857142857143,0.9333333333333333,1.0,0.9333333333333333,1.0,1.0,1.0,1.0,0.7,1.0,0.7,1.0,1.0,1.0,1.0,0.56,1.0,0.56,1.0,1.0,1.0,1.0,0.4666666666666667,1.0,0.4666666666666667,1.0,1.0,1.0,1.0,0.4,1.0,0.4,1.0,1.0,1.0,1.0,0.35,1.0,0.35,1.0,1.0,1.0,1.0,0.3111111111111111,1.0,0.3111111111111111,1.0,1.0,1.0,1.0,0.28,1.0,0.28,1.0,1.0,1.0,1.0,mini_l12-dj_adpt,1,webtable-cl_optim-v=12-distilroberta-dj_adpt~qwen3_8b-dj_adpt
film_locations_in_san_francisco_a.pq,1.0,0.07692307692307693,1.0,0.07692307692307693,1.0,1.0,0.07692307692307693,1.0,0.38461538461538464,1.0,0.38461538461538464,1.0,1.0,0.38461538461538464,1.0,0.7692307692307693,1.0,0.7692307692307693,1.0,1.0,0.7692307692307693,0.8666666666666667,1.0,0.8666666666666667,1.0,1.0,1.0,1.0,0.65,1.0,0.65,1.0,1.0,1.0,1.0,0.52,1.0,0.52,1.0,1.0,1.0,1.0,0.43333333333333335,1.0,0.43333333333333335,1.0,1.0,1.0,1.0,0.37142857142857144,1.0,0.37142857142857144,1.0,1.0,1.0,1.0,0.325,1.0,0.325,1.0,1.0,1.0,1.0,0.28888888888888886,1.0,0.28888888888888886,1.0,1.0,1.0,1.0,0.26,1.0,0.26,1.0,1.0,1.0,1.0,mini_l12-dj_adpt,1,webtable-cl_optim-v=12-distilroberta-dj_adpt~qwen3_8b-dj_adpt
animal_tag_data_a.pq,1.0,0.08333333333333333,1.0,0.08333333333333333,1.0,1.0,0.08333333333333333,1.0,0.4166666666666667,1.0,0.4166666666666667,1.0,1.0,0.4166666666666667,1.0,0.8333333333333334,1.0,0.8333333333333334,1.0,1.0,0.8333333333333334,0.8,1.0,0.8,1.0,1.0,1.0,0.9935897435897436,0.6,1.0,0.6,1.0,1.0,1.0,0.9935897435897436,0.48,1.0,0.48,1.0,1.0,1.0,0.9935897435897436,0.4,1.0,0.4,1.0,1.0,1.0,0.9935897435897436,0.34285714285714286,1.0,0.34285714285714286,1.0,1.0,1.0,0.9935897435897436,0.3,1.0,0.3,1.0,1.0,1.0,0.9935897435897436,0.26666666666666666,1.0,0.26666666666666666,1.0,1.0,1.0,0.9935897435897436,0.24,1.0,0.24,1.0,1.0,1.0,0.9935897435897436,mini_l12-dj_adpt,1,webtable-cl_optim-v=12-distilroberta-dj_adpt~qwen3_8b-dj_adpt
mines_a.pq,1.0,0.07142857142857142,1.0,0.07142857142857142,1.0,1.0,0.07142857142857142,1.0,0.35714285714285715,1.0,0.35714285714285715,1.0,1.0,0.35714285714285715,1.0,0.7142857142857143,1.0,0.7142857142857143,1.0,1.0,0.7142857142857143,0.8666666666666667,0.9285714285714286,0.9333333333333333,1.0,1.0,1.0,0.9179748822605965,0.7,1.0,0.7,1.0,1.0,1.0,0.970606461207965,0.56,1.0,0.56,1.0,1.0,1.0,0.970606461207965,0.4666666666666667,1.0,0.4666666666666667,1.0,1.0,1.0,0.970606461207965,0.4,1.0,0.4,1.0,1.0,1.0,0.970606461207965,0.35,1.0,0.35,1.0,1.0,1.0,0.970606461207965,0.3111111111111111,1.0,0.3111111111111111,1.0,1.0,1.0,0.970606461207965,0.28,1.0,0.28,1.0,1.0,1.0,0.970606461207965,mini_l12-dj_adpt,1,webtable-cl_optim-v=12-distilroberta-dj_adpt~qwen3_8b-dj_adpt
monthly_data_feed_a.pq,1.0,0.07692307692307693,1.0,0.07692307692307693,1.0,1.0,0.07692307692307693,1.0,0.38461538461538464,1.0,0.38461538461538464,1.0,1.0,0.38461538461538464,1.0,0.7692307692307693,1.0,0.7692307692307693,1.0,1.0,0.7692307692307693,0.8666666666666667,1.0,0.8666666666666667,1.0,1.0,1.0,1.0,0.65,1.0,0.65,1.0,1.0,1.0,1.0,0.52,1.0,0.52,1.0,1.0,1.0,1.0,0.43333333333333335,1.0,0.43333333333333335,1.0,1.0,1.0,1.0,0.37142857142857144,1.0,0.37142857142857144,1.0,1.0,1.0,1.0,0.325,1.0,0.325,1.0,1.0,1.0,1.0,0.28888888888888886,1.0,0.28888888888888886,1.0,1.0,1.0,1.0,0.26,1.0,0.26,1.0,1.0,1.0,1.0,mini_l12-dj_adpt,1,webtable-cl_optim-v=12-distilroberta-dj_adpt~qwen3_8b-dj_adpt
deaths_2012_2018_a.pq,1.0,0.09090909090909091,1.0,0.09090909090909091,1.0,1.0,0.09090909090909091,1.0,0.45454545454545453,1.0,0.45454545454545453,1.0,1.0,0.45454545454545453,1.0,0.9090909090909091,1.0,0.9090909090909091,1.0,1.0,0.9090909090909091,0.7333333333333333,1.0,0.7333333333333333,1.0,1.0,1.0,1.0,0.55,1.0,0.55,1.0,1.0,1.0,1.0,0.44,1.0,0.44,1.0,1.0,1.0,1.0,0.36666666666666664,1.0,0.36666666666666664,1.0,1.0,1.0,1.0,0.3142857142857143,1.0,0.3142857142857143,1.0,1.0,1.0,1.0,0.275,1.0,0.275,1.0,1.0,1.0,1.0,0.24444444444444444,1.0,0.24444444444444444,1.0,1.0,1.0,1.0,0.22,1.0,0.22,1.0,1.0,1.0,1.0,mini_l6-dj_adpt,2,webtable-cl_optim-v=12-distilroberta-dj_adpt~qwen3_8b-dj_adpt
311_calls_historic_data_a.pq,1.0,0.09090909090909091,1.0,0.09090909090909091,1.0,1.0,0.09090909090909091,1.0,0.45454545454545453,1.0,0.45454545454545453,1.0,1.0,0.45454545454545453,1.0,0.9090909090909091,1.0,0.9090909090909091,1.0,1.0,0.9090909090909091,0.7333333333333333,1.0,0.7333333333333333,1.0,1.0,1.0,1.0,0.55,1.0,0.55,1.0,1.0,1.0,1.0,0.44,1.0,0.44,1.0,1.0,1.0,1.0,0.36666666666666664,1.0,0.36666666666666664,1.0,1.0,1.0,1.0,0.3142857142857143,1.0,0.3142857142857143,1.0,1.0,1.0,1.0,0.275,1.0,0.275,1.0,1.0,1.0,1.0,0.24444444444444444,1.0,0.24444444444444444,1.0,1.0,1.0,1.0,0.22,1.0,0.22,1.0,1.0,1.0,1.0,mini_l6-dj_adpt,2,webtable-cl_optim-v=12-distilroberta-dj_adpt~qwen3_8b-dj_adpt
animal_tag_data_a.pq,1.0,0.08333333333333333,1.0,0.08333333333333333,1.0,1.0,0.08333333333333333,1.0,0.4166666666666667,1.0,0.4166666666666667,1.0,1.0,0.4166666666666667,1.0,0.8333333333333334,1.0,0.8333333333333334,1.0,1.0,0.8333333333333334,0.8,1.0,0.8,1.0,1.0,1.0,1.0,0.6,1.0,0.6,1.0,1.0,1.0,1.0,0.48,1.0,0.48,1.0,1.0,1.0,1.0,0.4,1.0,0.4,1.0,1.0,1.0,1.0,0.34285714285714286,1.0,0.34285714285714286,1.0,1.0,1.0,1.0,0.3,1.0,0.3,1.0,1.0,1.0,1.0,0.26666666666666666,1.0,0.26666666666666666,1.0,1.0,1.0,1.0,0.24,1.0,0.24,1.0,1.0,1.0,1.0,mini_l6-dj_adpt,2,webtable-cl_optim-v=12-distilroberta-dj_adpt~qwen3_8b-dj_adpt
job_pay_scales_a.pq,1.0,0.06666666666666667,1.0,0.06666666666666667,1.0,1.0,0.06666666666666667,1.0,0.3333333333333333,1.0,0.3333333333333333,1.0,1.0,0.3333333333333333,1.0,0.6666666666666666,1.0,0.6666666666666666,1.0,1.0,0.6666666666666666,1.0,1.0,1.0,1.0,1.0,1.0,1.0,0.75,1.0,0.75,1.0,1.0,1.0,1.0,0.6,1.0,0.6,1.0,1.0,1.0,1.0,0.5,1.0,0.5,1.0,1.0,1.0,1.0,0.42857142857142855,1.0,0.42857142857142855,1.0,1.0,1.0,1.0,0.375,1.0,0.375,1.0,1.0,1.0,1.0,0.3333333333333333,1.0,0.3333333333333333,1.0,1.0,1.0,1.0,0.3,1.0,0.3,1.0,1.0,1.0,1.0,mini_l6-dj_adpt,2,webtable-cl_optim-v=12-distilroberta-dj_adpt~qwen3_8b-dj_adpt
mines_b.pq,1.0,0.07142857142857142,1.0,0.07142857142857142,1.0,1.0,0.07142857142857142,0.8,0.2857142857142857,1.0,0.35714285714285715,1.0,1.0,0.2857142857142857,0.6,0.42857142857142855,1.0,0.7142857142857143,1.0,1.0,0.3682539682539683,0.7333333333333333,0.7857142857142857,0.9333333333333333,1.0,1.0,1.0,0.6141794713223285,0.7,1.0,0.7,1.0,1.0,1.0,0.7779283041888084,0.56,1.0,0.56,1.0,1.0,1.0,0.7779283041888084,0.4666666666666667,1.0,0.4666666666666667,1.0,1.0,1.0,0.7779283041888084,0.4,1.0,0.4,1.0,1.0,1.0,0.7779283041888084,0.35,1.0,0.35,1.0,1.0,1.0,0.7779283041888084,0.3111111111111111,1.0,0.3111111111111111,1.0,1.0,1.0,0.7779283041888084,0.28,1.0,0.28,1.0,1.0,1.0,0.7779283041888084,mini_l6-dj_adpt,2,webtable-cl_optim-v=12-distilroberta-dj_adpt~qwen3_8b-dj_adpt
monthly_data_feed_b.pq,1.0,0.07692307692307693,1.0,0.07692307692307693,1.0,1.0,0.07692307692307693,1.0,0.38461538461538464,1.0,0.38461538461538464,1.0,1.0,0.38461538461538464,1.0,0.7692307692307693,1.0,0.7692307692307693,1.0,1.0,0.7692307692307693,0.8666666666666667,1.0,0.8666666666666667,1.0,1.0,1.0,1.0,0.65,1.0,0.65,1.0,1.0,1.0,1.0,0.52,1.0,0.52,1.0,1.0,1.0,1.0,0.43333333333333335,1.0,0.43333333333333335,1.0,1.0,1.0,1.0,0.37142857142857144,1.0,0.37142857142857144,1.0,1.0,1.0,1.0,0.325,1.0,0.325,1.0,1.0,1.0,1.0,0.28888888888888886,1.0,0.28888888888888886,1.0,1.0,1.0,1.0,0.26,1.0,0.26,1.0,1.0,1.0,1.0,mini_l6-dj_adpt,2,webtable-cl_optim-v=12-distilroberta-dj_adpt~qwen3_8b-dj_adpt
ydn_spending_data_b.pq,1.0,0.08333333333333333,1.0,0.08333333333333333,1.0,1.0,0.08333333333333333,1.0,0.4166666666666667,1.0,0.4166666666666667,1.0,1.0,0.4166666666666667,1.0,0.8333333333333334,1.0,0.8333333333333334,1.0,1.0,0.8333333333333334,0.8,1.0,0.8,1.0,1.0,1.0,1.0,0.6,1.0,0.6,1.0,1.0,1.0,1.0,0.48,1.0,0.48,1.0,1.0,1.0,1.0,0.4,1.0,0.4,1.0,1.0,1.0,1.0,0.34285714285714286,1.0,0.34285714285714286,1.0,1.0,1.0,1.0,0.3,1.0,0.3,1.0,1.0,1.0,1.0,0.26666666666666666,1.0,0.26666666666666666,1.0,1.0,1.0,1.0,0.24,1.0,0.24,1.0,1.0,1.0,1.0,mini_l6-dj_adpt,2,webtable-cl_optim-v=12-distilroberta-dj_adpt~qwen3_8b-dj_adpt
business_rates_a.pq,1.0,0.08333333333333333,1.0,0.08333333333333333,1.0,1.0,0.08333333333333333,1.0,0.4166666666666667,1.0,0.4166666666666667,1.0,1.0,0.4166666666666667,1.0,0.8333333333333334,1.0,0.8333333333333334,1.0,1.0,0.8333333333333334,0.8,1.0,0.8,1.0,1.0,1.0,1.0,0.6,1.0,0.6,1.0,1.0,1.0,1.0,0.48,1.0,0.48,1.0,1.0,1.0,1.0,0.4,1.0,0.4,1.0,1.0,1.0,1.0,0.34285714285714286,1.0,0.34285714285714286,1.0,1.0,1.0,1.0,0.3,1.0,0.3,1.0,1.0,1.0,1.0,0.26666666666666666,1.0,0.26666666666666666,1.0,1.0,1.0,1.0,0.24,1.0,0.24,1.0,1.0,1.0,1.0,mini_l6-dj_adpt,2,webtable-cl_optim-v=12-distilroberta-dj_adpt~qwen3_8b-dj_adpt
immigration_records_a.pq,1.0,0.0625,1.0,0.0625,1.0,1.0,0.0625,1.0,0.3125,1.0,0.3125,1.0,1.0,0.3125,1.0,0.625,1.0,0.625,1.0,1.0,0.625,1.0,0.9375,1.0,0.9375,1.0,1.0,0.9375,0.8,1.0,0.8,1.0,1.0,1.0,1.0,0.64,1.0,0.64,1.0,1.0,1.0,1.0,0.5333333333333333,1.0,0.5333333333333333,1.0,1.0,1.0,1.0,0.45714285714285713,1.0,0.45714285714285713,1.0,1.0,1.0,1.0,0.4,1.0,0.4,1.0,1.0,1.0,1.0,0.35555555555555557,1.0,0.35555555555555557,1.0,1.0,1.0,1.0,0.32,1.0,0.32,1.0,1.0,1.0,1.0,mini_l6-dj_adpt,2,webtable-cl_optim-v=12-distilroberta-dj_adpt~qwen3_8b-dj_adpt
new_york_city_restaurant_inspection_results_a.pq,1.0,0.03225806451612903,1.0,0.03225806451612903,1.0,1.0,0.03225806451612903,1.0,0.16129032258064516,1.0,0.16129032258064516,1.0,1.0,0.16129032258064516,1.0,0.3225806451612903,1.0,0.3225806451612903,1.0,1.0,0.3225806451612903,1.0,0.4838709677419355,1.0,0.4838709677419355,1.0,1.0,0.4838709677419355,1.0,0.6451612903225806,1.0,0.6451612903225806,1.0,1.0,0.6451612903225806,1.0,0.8064516129032258,1.0,0.8064516129032258,1.0,1.0,0.8064516129032258,1.0,0.967741935483871,1.0,0.967741935483871,1.0,1.0,0.967741935483871,0.8857142857142857,1.0,0.8857142857142857,1.0,1.0,1.0,1.0,0.775,1.0,0.775,1.0,1.0,1.0,1.0,0.6888888888888889,1.0,0.6888888888888889,1.0,1.0,1.0,1.0,0.62,1.0,0.62,1.0,1.0,1.0,1.0,mini_l6-dj_adpt,2,webtable-cl_optim-v=12-distilroberta-dj_adpt~qwen3_8b-dj_adpt
oil_and_gas_summary_production_data_1967_1999_a.pq,1.0,0.09090909090909091,1.0,0.09090909090909091,1.0,1.0,0.09090909090909091,1.0,0.45454545454545453,1.0,0.45454545454545453,1.0,1.0,0.45454545454545453,1.0,0.9090909090909091,1.0,0.9090909090909091,1.0,1.0,0.9090909090909091,0.7333333333333333,1.0,0.7333333333333333,1.0,1.0,1.0,1.0,0.55,1.0,0.55,1.0,1.0,1.0,1.0,0.44,1.0,0.44,1.0,1.0,1.0,1.0,0.36666666666666664,1.0,0.36666666666666664,1.0,1.0,1.0,1.0,0.3142857142857143,1.0,0.3142857142857143,1.0,1.0,1.0,1.0,0.275,1.0,0.275,1.0,1.0,1.0,1.0,0.24444444444444444,1.0,0.24444444444444444,1.0,1.0,1.0,1.0,0.22,1.0,0.22,1.0,1.0,1.0,1.0,mini_l6-dj_adpt,2,webtable-cl_optim-v=12-distilroberta-dj_adpt~qwen3_8b-dj_adpt
time_spent_watching_vcr_movies_a.pq,1.0,0.09090909090909091,1.0,0.09090909090909091,1.0,1.0,0.09090909090909091,1.0,0.45454545454545453,1.0,0.45454545454545453,1.0,1.0,0.45454545454545453,1.0,0.9090909090909091,1.0,0.9090909090909091,1.0,1.0,0.9090909090909091,0.7333333333333333,1.0,0.7333333333333333,1.0,1.0,1.0,1.0,0.55,1.0,0.55,1.0,1.0,1.0,1.0,0.44,1.0,0.44,1.0,1.0,1.0,1.0,0.36666666666666664,1.0,0.36666666666666664,1.0,1.0,1.0,1.0,0.3142857142857143,1.0,0.3142857142857143,1.0,1.0,1.0,1.0,0.275,1.0,0.275,1.0,1.0,1.0,1.0,0.24444444444444444,1.0,0.24444444444444444,1.0,1.0,1.0,1.0,0.22,1.0,0.22,1.0,1.0,1.0,1.0,mini_l6-dj_adpt,2,webtable-cl_optim-v=12-distilroberta-dj_adpt~qwen3_8b-dj_adpt
workforce_management_information_b.pq,1.0,0.05555555555555555,1.0,0.05555555555555555,1.0,1.0,0.05555555555555555,1.0,0.2777777777777778,1.0,0.2777777777777778,1.0,1.0,0.2777777777777778,1.0,0.5555555555555556,1.0,0.5555555555555556,1.0,1.0,0.5555555555555556,1.0,0.8333333333333334,1.0,0.8333333333333334,1.0,1.0,0.8333333333333334,0.9,1.0,0.9,1.0,1.0,1.0,1.0,0.72,1.0,0.72,1.0,1.0,1.0,1.0,0.6,1.0,0.6,1.0,1.0,1.0,1.0,0.5142857142857142,1.0,0.5142857142857142,1.0,1.0,1.0,1.0,0.45,1.0,0.45,1.0,1.0,1.0,1.0,0.4,1.0,0.4,1.0,1.0,1.0,1.0,0.36,1.0,0.36,1.0,1.0,1.0,1.0,mini_l6-dj_adpt,2,webtable-cl_optim-v=12-distilroberta-dj_adpt~qwen3_8b-dj_adpt
civic_building_locations_a.pq,1.0,0.08333333333333333,1.0,0.08333333333333333,1.0,1.0,0.08333333333333333,1.0,0.4166666666666667,1.0,0.4166666666666667,1.0,1.0,0.4166666666666667,1.0,0.8333333333333334,1.0,0.8333333333333334,1.0,1.0,0.8333333333333334,0.8,1.0,0.8,1.0,1.0,1.0,1.0,0.6,1.0,0.6,1.0,1.0,1.0,1.0,0.48,1.0,0.48,1.0,1.0,1.0,1.0,0.4,1.0,0.4,1.0,1.0,1.0,1.0,0.34285714285714286,1.0,0.34285714285714286,1.0,1.0,1.0,1.0,0.3,1.0,0.3,1.0,1.0,1.0,1.0,0.26666666666666666,1.0,0.26666666666666666,1.0,1.0,1.0,1.0,0.24,1.0,0.24,1.0,1.0,1.0,1.0,mini_l6-dj_adpt,2,webtable-cl_optim-v=12-distilroberta-dj_adpt~qwen3_8b-dj_adpt
complaint_by_practice_a.pq,1.0,0.07692307692307693,1.0,0.07692307692307693,1.0,1.0,0.07692307692307693,1.0,0.38461538461538464,1.0,0.38461538461538464,1.0,1.0,0.38461538461538464,1.0,0.7692307692307693,1.0,0.7692307692307693,1.0,1.0,0.7692307692307693,0.8666666666666667,1.0,0.8666666666666667,1.0,1.0,1.0,1.0,0.65,1.0,0.65,1.0,1.0,1.0,1.0,0.52,1.0,0.52,1.0,1.0,1.0,1.0,0.43333333333333335,1.0,0.43333333333333335,1.0,1.0,1.0,1.0,0.37142857142857144,1.0,0.37142857142857144,1.0,1.0,1.0,1.0,0.325,1.0,0.325,1.0,1.0,1.0,1.0,0.28888888888888886,1.0,0.28888888888888886,1.0,1.0,1.0,1.0,0.26,1.0,0.26,1.0,1.0,1.0,1.0,mini_l6-dj_adpt,2,webtable-cl_optim-v=12-distilroberta-dj_adpt~qwen3_8b-dj_adpt
complaint_by_practice_b.pq,1.0,0.07692307692307693,1.0,0.07692307692307693,1.0,1.0,0.07692307692307693,1.0,0.38461538461538464,1.0,0.38461538461538464,1.0,1.0,0.38461538461538464,1.0,0.7692307692307693,1.0,0.7692307692307693,1.0,1.0,0.7692307692307693,0.8666666666666667,1.0,0.8666666666666667,1.0,1.0,1.0,1.0,0.65,1.0,0.65,1.0,1.0,1.0,1.0,0.52,1.0,0.52,1.0,1.0,1.0,1.0,0.43333333333333335,1.0,0.43333333333333335,1.0,1.0,1.0,1.0,0.37142857142857144,1.0,0.37142857142857144,1.0,1.0,1.0,1.0,0.325,1.0,0.325,1.0,1.0,1.0,1.0,0.28888888888888886,1.0,0.28888888888888886,1.0,1.0,1.0,1.0,0.26,1.0,0.26,1.0,1.0,1.0,1.0,mini_l6-dj_adpt,2,webtable-cl_optim-v=12-distilroberta-dj_adpt~qwen3_8b-dj_adpt
contributors_parties_a.pq,1.0,0.047619047619047616,1.0,0.047619047619047616,1.0,1.0,0.047619047619047616,1.0,0.23809523809523808,1.0,0.23809523809523808,1.0,1.0,0.23809523809523808,1.0,0.47619047619047616,1.0,0.47619047619047616,1.0,1.0,0.47619047619047616,1.0,0.7142857142857143,1.0,0.7142857142857143,1.0,1.0,0.7142857142857143,1.0,0.9523809523809523,1.0,0.9523809523809523,1.0,1.0,0.9523809523809523,0.84,1.0,0.84,1.0,1.0,1.0,1.0,0.7,1.0,0.7,1.0,1.0,1.0,1.0,0.6,1.0,0.6,1.0,1.0,1.0,1.0,0.525,1.0,0.525,1.0,1.0,1.0,1.0,0.4666666666666667,1.0,0.4666666666666667,1.0,1.0,1.0,1.0,0.42,1.0,0.42,1.0,1.0,1.0,1.0,mini_l6-dj_adpt,2,webtable-cl_optim-v=12-distilroberta-dj_adpt~qwen3_8b-dj_adpt
lane_description_b.pq,1.0,0.0625,1.0,0.0625,1.0,1.0,0.0625,1.0,0.3125,1.0,0.3125,1.0,1.0,0.3125,1.0,0.625,1.0,0.625,1.0,1.0,0.625,1.0,0.9375,1.0,0.9375,1.0,1.0,0.9375,0.8,1.0,0.8,1.0,1.0,1.0,1.0,0.64,1.0,0.64,1.0,1.0,1.0,1.0,0.5333333333333333,1.0,0.5333333333333333,1.0,1.0,1.0,1.0,0.45714285714285713,1.0,0.45714285714285713,1.0,1.0,1.0,1.0,0.4,1.0,0.4,1.0,1.0,1.0,1.0,0.35555555555555557,1.0,0.35555555555555557,1.0,1.0,1.0,1.0,0.32,1.0,0.32,1.0,1.0,1.0,1.0,mini_l6-dj_adpt,2,webtable-cl_optim-v=12-distilroberta-dj_adpt~qwen3_8b-dj_adpt
data_mill_a.pq,1.0,0.07142857142857142,1.0,0.07142857142857142,1.0,1.0,0.07142857142857142,1.0,0.35714285714285715,1.0,0.35714285714285715,1.0,1.0,0.35714285714285715,1.0,0.7142857142857143,1.0,0.7142857142857143,1.0,1.0,0.7142857142857143,0.9333333333333333,1.0,0.9333333333333333,1.0,1.0,1.0,1.0,0.7,1.0,0.7,1.0,1.0,1.0,1.0,0.56,1.0,0.56,1.0,1.0,1.0,1.0,0.4666666666666667,1.0,0.4666666666666667,1.0,1.0,1.0,1.0,0.4,1.0,0.4,1.0,1.0,1.0,1.0,0.35,1.0,0.35,1.0,1.0,1.0,1.0,0.3111111111111111,1.0,0.3111111111111111,1.0,1.0,1.0,1.0,0.28,1.0,0.28,1.0,1.0,1.0,1.0,mini_l6-dj_adpt,2,webtable-cl_optim-v=12-distilroberta-dj_adpt~qwen3_8b-dj_adpt
biodiversity_a.pq,1.0,0.09090909090909091,1.0,0.09090909090909091,1.0,1.0,0.09090909090909091,1.0,0.45454545454545453,1.0,0.45454545454545453,1.0,1.0,0.45454545454545453,0.9,0.8181818181818182,1.0,0.9090909090909091,1.0,1.0,0.8181818181818182,0.6666666666666666,0.9090909090909091,0.7333333333333333,1.0,1.0,1.0,0.9008264462809916,0.5,0.9090909090909091,0.55,1.0,1.0,1.0,0.9008264462809916,0.4,0.9090909090909091,0.44,1.0,1.0,1.0,0.9008264462809916,0.3333333333333333,0.9090909090909091,0.36666666666666664,1.0,1.0,1.0,0.9008264462809916,0.2857142857142857,0.9090909090909091,0.3142857142857143,1.0,1.0,1.0,0.9008264462809916,0.25,0.9090909090909091,0.275,1.0,1.0,1.0,0.9008264462809916,0.2222222222222222,0.9090909090909091,0.24444444444444444,1.0,1.0,1.0,0.9008264462809916,0.2,0.9090909090909091,0.22,1.0,1.0,1.0,0.9008264462809916,mini_l6-dj_adpt,2,webtable-cl_optim-v=12-distilroberta-dj_adpt~qwen3_8b-dj_adpt
ipopayments_a.pq,1.0,0.06666666666666667,1.0,0.06666666666666667,1.0,1.0,0.06666666666666667,1.0,0.3333333333333333,1.0,0.3333333333333333,1.0,1.0,0.3333333333333333,1.0,0.6666666666666666,1.0,0.6666666666666666,1.0,1.0,0.6666666666666666,1.0,1.0,1.0,1.0,1.0,1.0,1.0,0.75,1.0,0.75,1.0,1.0,1.0,1.0,0.6,1.0,0.6,1.0,1.0,1.0,1.0,0.5,1.0,0.5,1.0,1.0,1.0,1.0,0.42857142857142855,1.0,0.42857142857142855,1.0,1.0,1.0,1.0,0.375,1.0,0.375,1.0,1.0,1.0,1.0,0.3333333333333333,1.0,0.3333333333333333,1.0,1.0,1.0,1.0,0.3,1.0,0.3,1.0,1.0,1.0,1.0,mini_l6-dj_adpt,2,webtable-cl_optim-v=12-distilroberta-dj_adpt~qwen3_8b-dj_adpt
contributors_parties_b.pq,1.0,0.047619047619047616,1.0,0.047619047619047616,1.0,1.0,0.047619047619047616,1.0,0.23809523809523808,1.0,0.23809523809523808,1.0,1.0,0.23809523809523808,1.0,0.47619047619047616,1.0,0.47619047619047616,1.0,1.0,0.47619047619047616,1.0,0.7142857142857143,1.0,0.7142857142857143,1.0,1.0,0.7142857142857143,0.85,0.8095238095238095,1.0,0.9523809523809523,1.0,1.0,0.8095238095238095,0.68,0.8095238095238095,0.84,1.0,1.0,1.0,0.8095238095238095,0.5666666666666667,0.8095238095238095,0.7,1.0,1.0,1.0,0.8095238095238095,0.4857142857142857,0.8095238095238095,0.6,1.0,1.0,1.0,0.8095238095238095,0.425,0.8095238095238095,0.525,1.0,1.0,1.0,0.8095238095238095,0.37777777777777777,0.8095238095238095,0.4666666666666667,1.0,1.0,1.0,0.8095238095238095,0.34,0.8095238095238095,0.42,1.0,1.0,1.0,0.8095238095238095,mini_l6-dj_adpt,2,webtable-cl_optim-v=12-distilroberta-dj_adpt~qwen3_8b-dj_adpt
stockport_contracts_b.pq,1.0,0.07692307692307693,1.0,0.07692307692307693,1.0,1.0,0.07692307692307693,1.0,0.38461538461538464,1.0,0.38461538461538464,1.0,1.0,0.38461538461538464,1.0,0.7692307692307693,1.0,0.7692307692307693,1.0,1.0,0.7692307692307693,0.8666666666666667,1.0,0.8666666666666667,1.0,1.0,1.0,1.0,0.65,1.0,0.65,1.0,1.0,1.0,1.0,0.52,1.0,0.52,1.0,1.0,1.0,1.0,0.43333333333333335,1.0,0.43333333333333335,1.0,1.0,1.0,1.0,0.37142857142857144,1.0,0.37142857142857144,1.0,1.0,1.0,1.0,0.325,1.0,0.325,1.0,1.0,1.0,1.0,0.28888888888888886,1.0,0.28888888888888886,1.0,1.0,1.0,1.0,0.26,1.0,0.26,1.0,1.0,1.0,1.0,mini_l6-dj_adpt,2,webtable-cl_optim-v=12-distilroberta-dj_adpt~qwen3_8b-dj_adpt
film_locations_in_san_francisco_a.pq,1.0,0.07692307692307693,1.0,0.07692307692307693,1.0,1.0,0.07692307692307693,1.0,0.38461538461538464,1.0,0.38461538461538464,1.0,1.0,0.38461538461538464,1.0,0.7692307692307693,1.0,0.7692307692307693,1.0,1.0,0.7692307692307693,0.8666666666666667,1.0,0.8666666666666667,1.0,1.0,1.0,1.0,0.65,1.0,0.65,1.0,1.0,1.0,1.0,0.52,1.0,0.52,1.0,1.0,1.0,1.0,0.43333333333333335,1.0,0.43333333333333335,1.0,1.0,1.0,1.0,0.37142857142857144,1.0,0.37142857142857144,1.0,1.0,1.0,1.0,0.325,1.0,0.325,1.0,1.0,1.0,1.0,0.28888888888888886,1.0,0.28888888888888886,1.0,1.0,1.0,1.0,0.26,1.0,0.26,1.0,1.0,1.0,1.0,mini_l6-dj_adpt,2,webtable-cl_optim-v=12-distilroberta-dj_adpt~qwen3_8b-dj_adpt
albums_a.pq,1.0,0.0625,1.0,0.0625,1.0,1.0,0.0625,1.0,0.3125,1.0,0.3125,1.0,1.0,0.3125,1.0,0.625,1.0,0.625,1.0,1.0,0.625,1.0,0.9375,1.0,0.9375,1.0,1.0,0.9375,0.8,1.0,0.8,1.0,1.0,1.0,1.0,0.64,1.0,0.64,1.0,1.0,1.0,1.0,0.5333333333333333,1.0,0.5333333333333333,1.0,1.0,1.0,1.0,0.45714285714285713,1.0,0.45714285714285713,1.0,1.0,1.0,1.0,0.4,1.0,0.4,1.0,1.0,1.0,1.0,0.35555555555555557,1.0,0.35555555555555557,1.0,1.0,1.0,1.0,0.32,1.0,0.32,1.0,1.0,1.0,1.0,mini_l6-dj_adpt,2,webtable-cl_optim-v=12-distilroberta-dj_adpt~qwen3_8b-dj_adpt
data_mill_b.pq,1.0,0.07142857142857142,1.0,0.07142857142857142,1.0,1.0,0.07142857142857142,1.0,0.35714285714285715,1.0,0.35714285714285715,1.0,1.0,0.35714285714285715,1.0,0.7142857142857143,1.0,0.7142857142857143,1.0,1.0,0.7142857142857143,0.9333333333333333,1.0,0.9333333333333333,1.0,1.0,1.0,1.0,0.7,1.0,0.7,1.0,1.0,1.0,1.0,0.56,1.0,0.56,1.0,1.0,1.0,1.0,0.4666666666666667,1.0,0.4666666666666667,1.0,1.0,1.0,1.0,0.4,1.0,0.4,1.0,1.0,1.0,1.0,0.35,1.0,0.35,1.0,1.0,1.0,1.0,0.3111111111111111,1.0,0.3111111111111111,1.0,1.0,1.0,1.0,0.28,1.0,0.28,1.0,1.0,1.0,1.0,mini_l6-dj_adpt,2,webtable-cl_optim-v=12-distilroberta-dj_adpt~qwen3_8b-dj_adpt
lane_description_a.pq,1.0,0.0625,1.0,0.0625,1.0,1.0,0.0625,1.0,0.3125,1.0,0.3125,1.0,1.0,0.3125,1.0,0.625,1.0,0.625,1.0,1.0,0.625,1.0,0.9375,1.0,0.9375,1.0,1.0,0.9375,0.8,1.0,0.8,1.0,1.0,1.0,1.0,0.64,1.0,0.64,1.0,1.0,1.0,1.0,0.5333333333333333,1.0,0.5333333333333333,1.0,1.0,1.0,1.0,0.45714285714285713,1.0,0.45714285714285713,1.0,1.0,1.0,1.0,0.4,1.0,0.4,1.0,1.0,1.0,1.0,0.35555555555555557,1.0,0.35555555555555557,1.0,1.0,1.0,1.0,0.32,1.0,0.32,1.0,1.0,1.0,1.0,mini_l6-dj_adpt,2,webtable-cl_optim-v=12-distilroberta-dj_adpt~qwen3_8b-dj_adpt
cihr_co-applicant_b.pq,1.0,0.08333333333333333,1.0,0.08333333333333333,1.0,1.0,0.08333333333333333,1.0,0.4166666666666667,1.0,0.4166666666666667,1.0,1.0,0.4166666666666667,1.0,0.8333333333333334,1.0,0.8333333333333334,1.0,1.0,0.8333333333333334,0.8,1.0,0.8,1.0,1.0,1.0,1.0,0.6,1.0,0.6,1.0,1.0,1.0,1.0,0.48,1.0,0.48,1.0,1.0,1.0,1.0,0.4,1.0,0.4,1.0,1.0,1.0,1.0,0.34285714285714286,1.0,0.34285714285714286,1.0,1.0,1.0,1.0,0.3,1.0,0.3,1.0,1.0,1.0,1.0,0.26666666666666666,1.0,0.26666666666666666,1.0,1.0,1.0,1.0,0.24,1.0,0.24,1.0,1.0,1.0,1.0,mini_l6-dj_adpt,2,webtable-cl_optim-v=12-distilroberta-dj_adpt~qwen3_8b-dj_adpt
purchasing_card_a.pq,1.0,0.07692307692307693,1.0,0.07692307692307693,1.0,1.0,0.07692307692307693,1.0,0.38461538461538464,1.0,0.38461538461538464,1.0,1.0,0.38461538461538464,1.0,0.7692307692307693,1.0,0.7692307692307693,1.0,1.0,0.7692307692307693,0.8666666666666667,1.0,0.8666666666666667,1.0,1.0,1.0,1.0,0.65,1.0,0.65,1.0,1.0,1.0,1.0,0.52,1.0,0.52,1.0,1.0,1.0,1.0,0.43333333333333335,1.0,0.43333333333333335,1.0,1.0,1.0,1.0,0.37142857142857144,1.0,0.37142857142857144,1.0,1.0,1.0,1.0,0.325,1.0,0.325,1.0,1.0,1.0,1.0,0.28888888888888886,1.0,0.28888888888888886,1.0,1.0,1.0,1.0,0.26,1.0,0.26,1.0,1.0,1.0,1.0,mini_l6-dj_adpt,2,webtable-cl_optim-v=12-distilroberta-dj_adpt~qwen3_8b-dj_adpt
monthly_data_feed_a.pq,1.0,0.07692307692307693,1.0,0.07692307692307693,1.0,1.0,0.07692307692307693,1.0,0.38461538461538464,1.0,0.38461538461538464,1.0,1.0,0.38461538461538464,1.0,0.7692307692307693,1.0,0.7692307692307693,1.0,1.0,0.7692307692307693,0.8666666666666667,1.0,0.8666666666666667,1.0,1.0,1.0,1.0,0.65,1.0,0.65,1.0,1.0,1.0,1.0,0.52,1.0,0.52,1.0,1.0,1.0,1.0,0.43333333333333335,1.0,0.43333333333333335,1.0,1.0,1.0,1.0,0.37142857142857144,1.0,0.37142857142857144,1.0,1.0,1.0,1.0,0.325,1.0,0.325,1.0,1.0,1.0,1.0,0.28888888888888886,1.0,0.28888888888888886,1.0,1.0,1.0,1.0,0.26,1.0,0.26,1.0,1.0,1.0,1.0,mini_l6-dj_adpt,2,webtable-cl_optim-v=12-distilroberta-dj_adpt~qwen3_8b-dj_adpt
animal_tag_data_b.pq,1.0,0.08333333333333333,1.0,0.08333333333333333,1.0,1.0,0.08333333333333333,1.0,0.4166666666666667,1.0,0.4166666666666667,1.0,1.0,0.4166666666666667,1.0,0.8333333333333334,1.0,0.8333333333333334,1.0,1.0,0.8333333333333334,0.8,1.0,0.8,1.0,1.0,1.0,1.0,0.6,1.0,0.6,1.0,1.0,1.0,1.0,0.48,1.0,0.48,1.0,1.0,1.0,1.0,0.4,1.0,0.4,1.0,1.0,1.0,1.0,0.34285714285714286,1.0,0.34285714285714286,1.0,1.0,1.0,1.0,0.3,1.0,0.3,1.0,1.0,1.0,1.0,0.26666666666666666,1.0,0.26666666666666666,1.0,1.0,1.0,1.0,0.24,1.0,0.24,1.0,1.0,1.0,1.0,mini_l6-dj_adpt,2,webtable-cl_optim-v=12-distilroberta-dj_adpt~qwen3_8b-dj_adpt
cihr_co-applicant_a.pq,1.0,0.08333333333333333,1.0,0.08333333333333333,1.0,1.0,0.08333333333333333,1.0,0.4166666666666667,1.0,0.4166666666666667,1.0,1.0,0.4166666666666667,1.0,0.8333333333333334,1.0,0.8333333333333334,1.0,1.0,0.8333333333333334,0.8,1.0,0.8,1.0,1.0,1.0,1.0,0.6,1.0,0.6,1.0,1.0,1.0,1.0,0.48,1.0,0.48,1.0,1.0,1.0,1.0,0.4,1.0,0.4,1.0,1.0,1.0,1.0,0.34285714285714286,1.0,0.34285714285714286,1.0,1.0,1.0,1.0,0.3,1.0,0.3,1.0,1.0,1.0,1.0,0.26666666666666666,1.0,0.26666666666666666,1.0,1.0,1.0,1.0,0.24,1.0,0.24,1.0,1.0,1.0,1.0,mini_l6-dj_adpt,2,webtable-cl_optim-v=12-distilroberta-dj_adpt~qwen3_8b-dj_adpt
practice_reference_b.pq,1.0,0.06666666666666667,1.0,0.06666666666666667,1.0,1.0,0.06666666666666667,1.0,0.3333333333333333,1.0,0.3333333333333333,1.0,1.0,0.3333333333333333,1.0,0.6666666666666666,1.0,0.6666666666666666,1.0,1.0,0.6666666666666666,1.0,1.0,1.0,1.0,1.0,1.0,1.0,0.75,1.0,0.75,1.0,1.0,1.0,1.0,0.6,1.0,0.6,1.0,1.0,1.0,1.0,0.5,1.0,0.5,1.0,1.0,1.0,1.0,0.42857142857142855,1.0,0.42857142857142855,1.0,1.0,1.0,1.0,0.375,1.0,0.375,1.0,1.0,1.0,1.0,0.3333333333333333,1.0,0.3333333333333333,1.0,1.0,1.0,1.0,0.3,1.0,0.3,1.0,1.0,1.0,1.0,mini_l6-dj_adpt,2,webtable-cl_optim-v=12-distilroberta-dj_adpt~qwen3_8b-dj_adpt
senior_officials_expenses_a.pq,1.0,0.09090909090909091,1.0,0.09090909090909091,1.0,1.0,0.09090909090909091,1.0,0.45454545454545453,1.0,0.45454545454545453,1.0,1.0,0.45454545454545453,0.9,0.8181818181818182,1.0,0.9090909090909091,1.0,1.0,0.8181818181818182,0.6666666666666666,0.9090909090909091,0.7333333333333333,1.0,1.0,1.0,0.9008264462809916,0.5,0.9090909090909091,0.55,1.0,1.0,1.0,0.9008264462809916,0.4,0.9090909090909091,0.44,1.0,1.0,1.0,0.9008264462809916,0.3333333333333333,0.9090909090909091,0.36666666666666664,1.0,1.0,1.0,0.9008264462809916,0.2857142857142857,0.9090909090909091,0.3142857142857143,1.0,1.0,1.0,0.9008264462809916,0.25,0.9090909090909091,0.275,1.0,1.0,1.0,0.9008264462809916,0.2222222222222222,0.9090909090909091,0.24444444444444444,1.0,1.0,1.0,0.9008264462809916,0.2,0.9090909090909091,0.22,1.0,1.0,1.0,0.9008264462809916,mini_l6-dj_adpt,2,webtable-cl_optim-v=12-distilroberta-dj_adpt~qwen3_8b-dj_adpt
tuition_assistance_program_tap_recipients_a.pq,1.0,0.09090909090909091,1.0,0.09090909090909091,1.0,1.0,0.09090909090909091,1.0,0.45454545454545453,1.0,0.45454545454545453,1.0,1.0,0.45454545454545453,1.0,0.9090909090909091,1.0,0.9090909090909091,1.0,1.0,0.9090909090909091,0.7333333333333333,1.0,0.7333333333333333,1.0,1.0,1.0,1.0,0.55,1.0,0.55,1.0,1.0,1.0,1.0,0.44,1.0,0.44,1.0,1.0,1.0,1.0,0.36666666666666664,1.0,0.36666666666666664,1.0,1.0,1.0,1.0,0.3142857142857143,1.0,0.3142857142857143,1.0,1.0,1.0,1.0,0.275,1.0,0.275,1.0,1.0,1.0,1.0,0.24444444444444444,1.0,0.24444444444444444,1.0,1.0,1.0,1.0,0.22,1.0,0.22,1.0,1.0,1.0,1.0,mini_l6-dj_adpt,2,webtable-cl_optim-v=12-distilroberta-dj_adpt~qwen3_8b-dj_adpt
minister_meetings_a.pq,1.0,0.1,1.0,0.1,1.0,1.0,0.1,0.8,0.4,1.0,0.5,1.0,1.0,0.38,0.6,0.6,1.0,1.0,1.0,1.0,0.5233333333333333,0.4666666666666667,0.7,0.6666666666666666,1.0,1.0,1.0,0.5700000000000001,0.45,0.9,0.5,1.0,1.0,1.0,0.6594444444444444,0.4,1.0,0.4,1.0,1.0,1.0,0.7048989898989899,0.3333333333333333,1.0,0.3333333333333333,1.0,1.0,1.0,0.7048989898989899,0.2857142857142857,1.0,0.2857142857142857,1.0,1.0,1.0,0.7048989898989899,0.25,1.0,0.25,1.0,1.0,1.0,0.7048989898989899,0.2222222222222222,1.0,0.2222222222222222,1.0,1.0,1.0,0.7048989898989899,0.2,1.0,0.2,1.0,1.0,1.0,0.7048989898989899,mini_l6-dj_adpt,2,webtable-cl_optim-v=12-distilroberta-dj_adpt~qwen3_8b-dj_adpt
wholesale_markets_a.pq,1.0,0.09090909090909091,1.0,0.09090909090909091,1.0,1.0,0.09090909090909091,1.0,0.45454545454545453,1.0,0.45454545454545453,1.0,1.0,0.45454545454545453,1.0,0.9090909090909091,1.0,0.9090909090909091,1.0,1.0,0.9090909090909091,0.7333333333333333,1.0,0.7333333333333333,1.0,1.0,1.0,1.0,0.55,1.0,0.55,1.0,1.0,1.0,1.0,0.44,1.0,0.44,1.0,1.0,1.0,1.0,0.36666666666666664,1.0,0.36666666666666664,1.0,1.0,1.0,1.0,0.3142857142857143,1.0,0.3142857142857143,1.0,1.0,1.0,1.0,0.275,1.0,0.275,1.0,1.0,1.0,1.0,0.24444444444444444,1.0,0.24444444444444444,1.0,1.0,1.0,1.0,0.22,1.0,0.22,1.0,1.0,1.0,1.0,mini_l6-dj_adpt,2,webtable-cl_optim-v=12-distilroberta-dj_adpt~qwen3_8b-dj_adpt
prescribing_a.pq,1.0,0.06666666666666667,1.0,0.06666666666666667,1.0,1.0,0.06666666666666667,1.0,0.3333333333333333,1.0,0.3333333333333333,1.0,1.0,0.3333333333333333,1.0,0.6666666666666666,1.0,0.6666666666666666,1.0,1.0,0.6666666666666666,1.0,1.0,1.0,1.0,1.0,1.0,1.0,0.75,1.0,0.75,1.0,1.0,1.0,1.0,0.6,1.0,0.6,1.0,1.0,1.0,1.0,0.5,1.0,0.5,1.0,1.0,1.0,1.0,0.42857142857142855,1.0,0.42857142857142855,1.0,1.0,1.0,1.0,0.375,1.0,0.375,1.0,1.0,1.0,1.0,0.3333333333333333,1.0,0.3333333333333333,1.0,1.0,1.0,1.0,0.3,1.0,0.3,1.0,1.0,1.0,1.0,mini_l6-dj_adpt,2,webtable-cl_optim-v=12-distilroberta-dj_adpt~qwen3_8b-dj_adpt
albums_b.pq,1.0,0.0625,1.0,0.0625,1.0,1.0,0.0625,1.0,0.3125,1.0,0.3125,1.0,1.0,0.3125,1.0,0.625,1.0,0.625,1.0,1.0,0.625,1.0,0.9375,1.0,0.9375,1.0,1.0,0.9375,0.8,1.0,0.8,1.0,1.0,1.0,1.0,0.64,1.0,0.64,1.0,1.0,1.0,1.0,0.5333333333333333,1.0,0.5333333333333333,1.0,1.0,1.0,1.0,0.45714285714285713,1.0,0.45714285714285713,1.0,1.0,1.0,1.0,0.4,1.0,0.4,1.0,1.0,1.0,1.0,0.35555555555555557,1.0,0.35555555555555557,1.0,1.0,1.0,1.0,0.32,1.0,0.32,1.0,1.0,1.0,1.0,mini_l6-dj_adpt,2,webtable-cl_optim-v=12-distilroberta-dj_adpt~qwen3_8b-dj_adpt
report_card_discipline_for_2015_16_a.pq,1.0,0.09090909090909091,1.0,0.09090909090909091,1.0,1.0,0.09090909090909091,1.0,0.45454545454545453,1.0,0.45454545454545453,1.0,1.0,0.45454545454545453,1.0,0.9090909090909091,1.0,0.9090909090909091,1.0,1.0,0.9090909090909091,0.7333333333333333,1.0,0.7333333333333333,1.0,1.0,1.0,1.0,0.55,1.0,0.55,1.0,1.0,1.0,1.0,0.44,1.0,0.44,1.0,1.0,1.0,1.0,0.36666666666666664,1.0,0.36666666666666664,1.0,1.0,1.0,1.0,0.3142857142857143,1.0,0.3142857142857143,1.0,1.0,1.0,1.0,0.275,1.0,0.275,1.0,1.0,1.0,1.0,0.24444444444444444,1.0,0.24444444444444444,1.0,1.0,1.0,1.0,0.22,1.0,0.22,1.0,1.0,1.0,1.0,mini_l6-dj_adpt,2,webtable-cl_optim-v=12-distilroberta-dj_adpt~qwen3_8b-dj_adpt
stockport_contracts_a.pq,1.0,0.07692307692307693,1.0,0.07692307692307693,1.0,1.0,0.07692307692307693,1.0,0.38461538461538464,1.0,0.38461538461538464,1.0,1.0,0.38461538461538464,1.0,0.7692307692307693,1.0,0.7692307692307693,1.0,1.0,0.7692307692307693,0.8666666666666667,1.0,0.8666666666666667,1.0,1.0,1.0,1.0,0.65,1.0,0.65,1.0,1.0,1.0,1.0,0.52,1.0,0.52,1.0,1.0,1.0,1.0,0.43333333333333335,1.0,0.43333333333333335,1.0,1.0,1.0,1.0,0.37142857142857144,1.0,0.37142857142857144,1.0,1.0,1.0,1.0,0.325,1.0,0.325,1.0,1.0,1.0,1.0,0.28888888888888886,1.0,0.28888888888888886,1.0,1.0,1.0,1.0,0.26,1.0,0.26,1.0,1.0,1.0,1.0,mini_l6-dj_adpt,2,webtable-cl_optim-v=12-distilroberta-dj_adpt~qwen3_8b-dj_adpt
ydn_spending_data_a.pq,1.0,0.08333333333333333,1.0,0.08333333333333333,1.0,1.0,0.08333333333333333,1.0,0.4166666666666667,1.0,0.4166666666666667,1.0,1.0,0.4166666666666667,1.0,0.8333333333333334,1.0,0.8333333333333334,1.0,1.0,0.8333333333333334,0.8,1.0,0.8,1.0,1.0,1.0,1.0,0.6,1.0,0.6,1.0,1.0,1.0,1.0,0.48,1.0,0.48,1.0,1.0,1.0,1.0,0.4,1.0,0.4,1.0,1.0,1.0,1.0,0.34285714285714286,1.0,0.34285714285714286,1.0,1.0,1.0,1.0,0.3,1.0,0.3,1.0,1.0,1.0,1.0,0.26666666666666666,1.0,0.26666666666666666,1.0,1.0,1.0,1.0,0.24,1.0,0.24,1.0,1.0,1.0,1.0,mini_l6-dj_adpt,2,webtable-cl_optim-v=12-distilroberta-dj_adpt~qwen3_8b-dj_adpt
ipopayments_b.pq,1.0,0.06666666666666667,1.0,0.06666666666666667,1.0,1.0,0.06666666666666667,1.0,0.3333333333333333,1.0,0.3333333333333333,1.0,1.0,0.3333333333333333,1.0,0.6666666666666666,1.0,0.6666666666666666,1.0,1.0,0.6666666666666666,1.0,1.0,1.0,1.0,1.0,1.0,1.0,0.75,1.0,0.75,1.0,1.0,1.0,1.0,0.6,1.0,0.6,1.0,1.0,1.0,1.0,0.5,1.0,0.5,1.0,1.0,1.0,1.0,0.42857142857142855,1.0,0.42857142857142855,1.0,1.0,1.0,1.0,0.375,1.0,0.375,1.0,1.0,1.0,1.0,0.3333333333333333,1.0,0.3333333333333333,1.0,1.0,1.0,1.0,0.3,1.0,0.3,1.0,1.0,1.0,1.0,mini_l6-dj_adpt,2,webtable-cl_optim-v=12-distilroberta-dj_adpt~qwen3_8b-dj_adpt
abandoned_wells_a.pq,1.0,0.09090909090909091,1.0,0.09090909090909091,1.0,1.0,0.09090909090909091,1.0,0.45454545454545453,1.0,0.45454545454545453,1.0,1.0,0.45454545454545453,1.0,0.9090909090909091,1.0,0.9090909090909091,1.0,1.0,0.9090909090909091,0.7333333333333333,1.0,0.7333333333333333,1.0,1.0,1.0,1.0,0.55,1.0,0.55,1.0,1.0,1.0,1.0,0.44,1.0,0.44,1.0,1.0,1.0,1.0,0.36666666666666664,1.0,0.36666666666666664,1.0,1.0,1.0,1.0,0.3142857142857143,1.0,0.3142857142857143,1.0,1.0,1.0,1.0,0.275,1.0,0.275,1.0,1.0,1.0,1.0,0.24444444444444444,1.0,0.24444444444444444,1.0,1.0,1.0,1.0,0.22,1.0,0.22,1.0,1.0,1.0,1.0,mini_l6-dj_adpt,2,webtable-cl_optim-v=12-distilroberta-dj_adpt~qwen3_8b-dj_adpt
practice_reference_a.pq,1.0,0.06666666666666667,1.0,0.06666666666666667,1.0,1.0,0.06666666666666667,1.0,0.3333333333333333,1.0,0.3333333333333333,1.0,1.0,0.3333333333333333,1.0,0.6666666666666666,1.0,0.6666666666666666,1.0,1.0,0.6666666666666666,1.0,1.0,1.0,1.0,1.0,1.0,1.0,0.75,1.0,0.75,1.0,1.0,1.0,1.0,0.6,1.0,0.6,1.0,1.0,1.0,1.0,0.5,1.0,0.5,1.0,1.0,1.0,1.0,0.42857142857142855,1.0,0.42857142857142855,1.0,1.0,1.0,1.0,0.375,1.0,0.375,1.0,1.0,1.0,1.0,0.3333333333333333,1.0,0.3333333333333333,1.0,1.0,1.0,1.0,0.3,1.0,0.3,1.0,1.0,1.0,1.0,mini_l6-dj_adpt,2,webtable-cl_optim-v=12-distilroberta-dj_adpt~qwen3_8b-dj_adpt
cdc_nutrition_physical_activity_and_obesity_legislation_a.pq,1.0,0.09090909090909091,1.0,0.09090909090909091,1.0,1.0,0.09090909090909091,1.0,0.45454545454545453,1.0,0.45454545454545453,1.0,1.0,0.45454545454545453,1.0,0.9090909090909091,1.0,0.9090909090909091,1.0,1.0,0.9090909090909091,0.7333333333333333,1.0,0.7333333333333333,1.0,1.0,1.0,1.0,0.55,1.0,0.55,1.0,1.0,1.0,1.0,0.44,1.0,0.44,1.0,1.0,1.0,1.0,0.36666666666666664,1.0,0.36666666666666664,1.0,1.0,1.0,1.0,0.3142857142857143,1.0,0.3142857142857143,1.0,1.0,1.0,1.0,0.275,1.0,0.275,1.0,1.0,1.0,1.0,0.24444444444444444,1.0,0.24444444444444444,1.0,1.0,1.0,1.0,0.22,1.0,0.22,1.0,1.0,1.0,1.0,mini_l6-dj_adpt,2,webtable-cl_optim-v=12-distilroberta-dj_adpt~qwen3_8b-dj_adpt
workforce_management_information_a.pq,1.0,0.05555555555555555,1.0,0.05555555555555555,1.0,1.0,0.05555555555555555,1.0,0.2777777777777778,1.0,0.2777777777777778,1.0,1.0,0.2777777777777778,1.0,0.5555555555555556,1.0,0.5555555555555556,1.0,1.0,0.5555555555555556,1.0,0.8333333333333334,1.0,0.8333333333333334,1.0,1.0,0.8333333333333334,0.9,1.0,0.9,1.0,1.0,1.0,1.0,0.72,1.0,0.72,1.0,1.0,1.0,1.0,0.6,1.0,0.6,1.0,1.0,1.0,1.0,0.5142857142857142,1.0,0.5142857142857142,1.0,1.0,1.0,1.0,0.45,1.0,0.45,1.0,1.0,1.0,1.0,0.4,1.0,0.4,1.0,1.0,1.0,1.0,0.36,1.0,0.36,1.0,1.0,1.0,1.0,mini_l6-dj_adpt,2,webtable-cl_optim-v=12-distilroberta-dj_adpt~qwen3_8b-dj_adpt
prescribing_b.pq,1.0,0.06666666666666667,1.0,0.06666666666666667,1.0,1.0,0.06666666666666667,1.0,0.3333333333333333,1.0,0.3333333333333333,1.0,1.0,0.3333333333333333,1.0,0.6666666666666666,1.0,0.6666666666666666,1.0,1.0,0.6666666666666666,1.0,1.0,1.0,1.0,1.0,1.0,1.0,0.75,1.0,0.75,1.0,1.0,1.0,1.0,0.6,1.0,0.6,1.0,1.0,1.0,1.0,0.5,1.0,0.5,1.0,1.0,1.0,1.0,0.42857142857142855,1.0,0.42857142857142855,1.0,1.0,1.0,1.0,0.375,1.0,0.375,1.0,1.0,1.0,1.0,0.3333333333333333,1.0,0.3333333333333333,1.0,1.0,1.0,1.0,0.3,1.0,0.3,1.0,1.0,1.0,1.0,mini_l6-dj_adpt,2,webtable-cl_optim-v=12-distilroberta-dj_adpt~qwen3_8b-dj_adpt
mines_a.pq,1.0,0.07142857142857142,1.0,0.07142857142857142,1.0,1.0,0.07142857142857142,1.0,0.35714285714285715,1.0,0.35714285714285715,1.0,1.0,0.35714285714285715,1.0,0.7142857142857143,1.0,0.7142857142857143,1.0,1.0,0.7142857142857143,0.7333333333333333,0.7857142857142857,0.9333333333333333,1.0,1.0,1.0,0.7666666666666666,0.7,1.0,0.7,1.0,1.0,1.0,0.9304154995331465,0.56,1.0,0.56,1.0,1.0,1.0,0.9304154995331465,0.4666666666666667,1.0,0.4666666666666667,1.0,1.0,1.0,0.9304154995331465,0.4,1.0,0.4,1.0,1.0,1.0,0.9304154995331465,0.35,1.0,0.35,1.0,1.0,1.0,0.9304154995331465,0.3111111111111111,1.0,0.3111111111111111,1.0,1.0,1.0,0.9304154995331465,0.28,1.0,0.28,1.0,1.0,1.0,0.9304154995331465,mini_l6-dj_adpt,2,webtable-cl_optim-v=12-distilroberta-dj_adpt~qwen3_8b-dj_adpt
psyckes_antipsychotic_polypharmacy_quality_indicators_beginning_2012_a.pq,1.0,0.09090909090909091,1.0,0.09090909090909091,1.0,1.0,0.09090909090909091,1.0,0.45454545454545453,1.0,0.45454545454545453,1.0,1.0,0.45454545454545453,1.0,0.9090909090909091,1.0,0.9090909090909091,1.0,1.0,0.9090909090909091,0.7333333333333333,1.0,0.7333333333333333,1.0,1.0,1.0,1.0,0.55,1.0,0.55,1.0,1.0,1.0,1.0,0.44,1.0,0.44,1.0,1.0,1.0,1.0,0.36666666666666664,1.0,0.36666666666666664,1.0,1.0,1.0,1.0,0.3142857142857143,1.0,0.3142857142857143,1.0,1.0,1.0,1.0,0.275,1.0,0.275,1.0,1.0,1.0,1.0,0.24444444444444444,1.0,0.24444444444444444,1.0,1.0,1.0,1.0,0.22,1.0,0.22,1.0,1.0,1.0,1.0,mini_l6-dj_adpt,2,webtable-cl_optim-v=12-distilroberta-dj_adpt~qwen3_8b-dj_adpt
business_rates_a.pq,1.0,0.08333333333333333,1.0,0.08333333333333333,1.0,1.0,0.08333333333333333,1.0,0.4166666666666667,1.0,0.4166666666666667,1.0,1.0,0.4166666666666667,1.0,0.8333333333333334,1.0,0.8333333333333334,1.0,1.0,0.8333333333333334,0.8,1.0,0.8,1.0,1.0,1.0,1.0,0.6,1.0,0.6,1.0,1.0,1.0,1.0,0.48,1.0,0.48,1.0,1.0,1.0,1.0,0.4,1.0,0.4,1.0,1.0,1.0,1.0,0.34285714285714286,1.0,0.34285714285714286,1.0,1.0,1.0,1.0,0.3,1.0,0.3,1.0,1.0,1.0,1.0,0.26666666666666666,1.0,0.26666666666666666,1.0,1.0,1.0,1.0,0.24,1.0,0.24,1.0,1.0,1.0,1.0,gte_base-dj_adpt,3,webtable-cl_optim-v=12-distilroberta-dj_adpt~qwen3_8b-dj_adpt
contributors_parties_a.pq,1.0,0.047619047619047616,1.0,0.047619047619047616,1.0,1.0,0.047619047619047616,1.0,0.23809523809523808,1.0,0.23809523809523808,1.0,1.0,0.23809523809523808,1.0,0.47619047619047616,1.0,0.47619047619047616,1.0,1.0,0.47619047619047616,1.0,0.7142857142857143,1.0,0.7142857142857143,1.0,1.0,0.7142857142857143,1.0,0.9523809523809523,1.0,0.9523809523809523,1.0,1.0,0.9523809523809523,0.84,1.0,0.84,1.0,1.0,1.0,1.0,0.7,1.0,0.7,1.0,1.0,1.0,1.0,0.6,1.0,0.6,1.0,1.0,1.0,1.0,0.525,1.0,0.525,1.0,1.0,1.0,1.0,0.4666666666666667,1.0,0.4666666666666667,1.0,1.0,1.0,1.0,0.42,1.0,0.42,1.0,1.0,1.0,1.0,gte_base-dj_adpt,3,webtable-cl_optim-v=12-distilroberta-dj_adpt~qwen3_8b-dj_adpt
new_york_city_restaurant_inspection_results_a.pq,1.0,0.03225806451612903,1.0,0.03225806451612903,1.0,1.0,0.03225806451612903,1.0,0.16129032258064516,1.0,0.16129032258064516,1.0,1.0,0.16129032258064516,1.0,0.3225806451612903,1.0,0.3225806451612903,1.0,1.0,0.3225806451612903,1.0,0.4838709677419355,1.0,0.4838709677419355,1.0,1.0,0.4838709677419355,1.0,0.6451612903225806,1.0,0.6451612903225806,1.0,1.0,0.6451612903225806,1.0,0.8064516129032258,1.0,0.8064516129032258,1.0,1.0,0.8064516129032258,1.0,0.967741935483871,1.0,0.967741935483871,1.0,1.0,0.967741935483871,0.8857142857142857,1.0,0.8857142857142857,1.0,1.0,1.0,1.0,0.775,1.0,0.775,1.0,1.0,1.0,1.0,0.6888888888888889,1.0,0.6888888888888889,1.0,1.0,1.0,1.0,0.62,1.0,0.62,1.0,1.0,1.0,1.0,gte_base-dj_adpt,3,webtable-cl_optim-v=12-distilroberta-dj_adpt~qwen3_8b-dj_adpt
abandoned_wells_a.pq,1.0,0.09090909090909091,1.0,0.09090909090909091,1.0,1.0,0.09090909090909091,1.0,0.45454545454545453,1.0,0.45454545454545453,1.0,1.0,0.45454545454545453,1.0,0.9090909090909091,1.0,0.9090909090909091,1.0,1.0,0.9090909090909091,0.7333333333333333,1.0,0.7333333333333333,1.0,1.0,1.0,1.0,0.55,1.0,0.55,1.0,1.0,1.0,1.0,0.44,1.0,0.44,1.0,1.0,1.0,1.0,0.36666666666666664,1.0,0.36666666666666664,1.0,1.0,1.0,1.0,0.3142857142857143,1.0,0.3142857142857143,1.0,1.0,1.0,1.0,0.275,1.0,0.275,1.0,1.0,1.0,1.0,0.24444444444444444,1.0,0.24444444444444444,1.0,1.0,1.0,1.0,0.22,1.0,0.22,1.0,1.0,1.0,1.0,gte_base-dj_adpt,3,webtable-cl_optim-v=12-distilroberta-dj_adpt~qwen3_8b-dj_adpt
ipopayments_b.pq,1.0,0.06666666666666667,1.0,0.06666666666666667,1.0,1.0,0.06666666666666667,1.0,0.3333333333333333,1.0,0.3333333333333333,1.0,1.0,0.3333333333333333,1.0,0.6666666666666666,1.0,0.6666666666666666,1.0,1.0,0.6666666666666666,1.0,1.0,1.0,1.0,1.0,1.0,1.0,0.75,1.0,0.75,1.0,1.0,1.0,1.0,0.6,1.0,0.6,1.0,1.0,1.0,1.0,0.5,1.0,0.5,1.0,1.0,1.0,1.0,0.42857142857142855,1.0,0.42857142857142855,1.0,1.0,1.0,1.0,0.375,1.0,0.375,1.0,1.0,1.0,1.0,0.3333333333333333,1.0,0.3333333333333333,1.0,1.0,1.0,1.0,0.3,1.0,0.3,1.0,1.0,1.0,1.0,gte_base-dj_adpt,3,webtable-cl_optim-v=12-distilroberta-dj_adpt~qwen3_8b-dj_adpt
monthly_data_feed_b.pq,1.0,0.07692307692307693,1.0,0.07692307692307693,1.0,1.0,0.07692307692307693,1.0,0.38461538461538464,1.0,0.38461538461538464,1.0,1.0,0.38461538461538464,1.0,0.7692307692307693,1.0,0.7692307692307693,1.0,1.0,0.7692307692307693,0.8666666666666667,1.0,0.8666666666666667,1.0,1.0,1.0,1.0,0.65,1.0,0.65,1.0,1.0,1.0,1.0,0.52,1.0,0.52,1.0,1.0,1.0,1.0,0.43333333333333335,1.0,0.43333333333333335,1.0,1.0,1.0,1.0,0.37142857142857144,1.0,0.37142857142857144,1.0,1.0,1.0,1.0,0.325,1.0,0.325,1.0,1.0,1.0,1.0,0.28888888888888886,1.0,0.28888888888888886,1.0,1.0,1.0,1.0,0.26,1.0,0.26,1.0,1.0,1.0,1.0,gte_base-dj_adpt,3,webtable-cl_optim-v=12-distilroberta-dj_adpt~qwen3_8b-dj_adpt
cihr_co-applicant_a.pq,1.0,0.08333333333333333,1.0,0.08333333333333333,1.0,1.0,0.08333333333333333,1.0,0.4166666666666667,1.0,0.4166666666666667,1.0,1.0,0.4166666666666667,1.0,0.8333333333333334,1.0,0.8333333333333334,1.0,1.0,0.8333333333333334,0.8,1.0,0.8,1.0,1.0,1.0,1.0,0.6,1.0,0.6,1.0,1.0,1.0,1.0,0.48,1.0,0.48,1.0,1.0,1.0,1.0,0.4,1.0,0.4,1.0,1.0,1.0,1.0,0.34285714285714286,1.0,0.34285714285714286,1.0,1.0,1.0,1.0,0.3,1.0,0.3,1.0,1.0,1.0,1.0,0.26666666666666666,1.0,0.26666666666666666,1.0,1.0,1.0,1.0,0.24,1.0,0.24,1.0,1.0,1.0,1.0,gte_base-dj_adpt,3,webtable-cl_optim-v=12-distilroberta-dj_adpt~qwen3_8b-dj_adpt
practice_reference_a.pq,1.0,0.06666666666666667,1.0,0.06666666666666667,1.0,1.0,0.06666666666666667,1.0,0.3333333333333333,1.0,0.3333333333333333,1.0,1.0,0.3333333333333333,1.0,0.6666666666666666,1.0,0.6666666666666666,1.0,1.0,0.6666666666666666,1.0,1.0,1.0,1.0,1.0,1.0,1.0,0.75,1.0,0.75,1.0,1.0,1.0,1.0,0.6,1.0,0.6,1.0,1.0,1.0,1.0,0.5,1.0,0.5,1.0,1.0,1.0,1.0,0.42857142857142855,1.0,0.42857142857142855,1.0,1.0,1.0,1.0,0.375,1.0,0.375,1.0,1.0,1.0,1.0,0.3333333333333333,1.0,0.3333333333333333,1.0,1.0,1.0,1.0,0.3,1.0,0.3,1.0,1.0,1.0,1.0,gte_base-dj_adpt,3,webtable-cl_optim-v=12-distilroberta-dj_adpt~qwen3_8b-dj_adpt
prescribing_b.pq,1.0,0.06666666666666667,1.0,0.06666666666666667,1.0,1.0,0.06666666666666667,1.0,0.3333333333333333,1.0,0.3333333333333333,1.0,1.0,0.3333333333333333,1.0,0.6666666666666666,1.0,0.6666666666666666,1.0,1.0,0.6666666666666666,1.0,1.0,1.0,1.0,1.0,1.0,1.0,0.75,1.0,0.75,1.0,1.0,1.0,1.0,0.6,1.0,0.6,1.0,1.0,1.0,1.0,0.5,1.0,0.5,1.0,1.0,1.0,1.0,0.42857142857142855,1.0,0.42857142857142855,1.0,1.0,1.0,1.0,0.375,1.0,0.375,1.0,1.0,1.0,1.0,0.3333333333333333,1.0,0.3333333333333333,1.0,1.0,1.0,1.0,0.3,1.0,0.3,1.0,1.0,1.0,1.0,gte_base-dj_adpt,3,webtable-cl_optim-v=12-distilroberta-dj_adpt~qwen3_8b-dj_adpt
report_card_discipline_for_2015_16_a.pq,1.0,0.09090909090909091,1.0,0.09090909090909091,1.0,1.0,0.09090909090909091,1.0,0.45454545454545453,1.0,0.45454545454545453,1.0,1.0,0.45454545454545453,1.0,0.9090909090909091,1.0,0.9090909090909091,1.0,1.0,0.9090909090909091,0.7333333333333333,1.0,0.7333333333333333,1.0,1.0,1.0,1.0,0.55,1.0,0.55,1.0,1.0,1.0,1.0,0.44,1.0,0.44,1.0,1.0,1.0,1.0,0.36666666666666664,1.0,0.36666666666666664,1.0,1.0,1.0,1.0,0.3142857142857143,1.0,0.3142857142857143,1.0,1.0,1.0,1.0,0.275,1.0,0.275,1.0,1.0,1.0,1.0,0.24444444444444444,1.0,0.24444444444444444,1.0,1.0,1.0,1.0,0.22,1.0,0.22,1.0,1.0,1.0,1.0,gte_base-dj_adpt,3,webtable-cl_optim-v=12-distilroberta-dj_adpt~qwen3_8b-dj_adpt
time_spent_watching_vcr_movies_a.pq,1.0,0.09090909090909091,1.0,0.09090909090909091,1.0,1.0,0.09090909090909091,1.0,0.45454545454545453,1.0,0.45454545454545453,1.0,1.0,0.45454545454545453,1.0,0.9090909090909091,1.0,0.9090909090909091,1.0,1.0,0.9090909090909091,0.7333333333333333,1.0,0.7333333333333333,1.0,1.0,1.0,1.0,0.55,1.0,0.55,1.0,1.0,1.0,1.0,0.44,1.0,0.44,1.0,1.0,1.0,1.0,0.36666666666666664,1.0,0.36666666666666664,1.0,1.0,1.0,1.0,0.3142857142857143,1.0,0.3142857142857143,1.0,1.0,1.0,1.0,0.275,1.0,0.275,1.0,1.0,1.0,1.0,0.24444444444444444,1.0,0.24444444444444444,1.0,1.0,1.0,1.0,0.22,1.0,0.22,1.0,1.0,1.0,1.0,gte_base-dj_adpt,3,webtable-cl_optim-v=12-distilroberta-dj_adpt~qwen3_8b-dj_adpt
data_mill_b.pq,1.0,0.07142857142857142,1.0,0.07142857142857142,1.0,1.0,0.07142857142857142,1.0,0.35714285714285715,1.0,0.35714285714285715,1.0,1.0,0.35714285714285715,1.0,0.7142857142857143,1.0,0.7142857142857143,1.0,1.0,0.7142857142857143,0.9333333333333333,1.0,0.9333333333333333,1.0,1.0,1.0,1.0,0.7,1.0,0.7,1.0,1.0,1.0,1.0,0.56,1.0,0.56,1.0,1.0,1.0,1.0,0.4666666666666667,1.0,0.4666666666666667,1.0,1.0,1.0,1.0,0.4,1.0,0.4,1.0,1.0,1.0,1.0,0.35,1.0,0.35,1.0,1.0,1.0,1.0,0.3111111111111111,1.0,0.3111111111111111,1.0,1.0,1.0,1.0,0.28,1.0,0.28,1.0,1.0,1.0,1.0,gte_base-dj_adpt,3,webtable-cl_optim-v=12-distilroberta-dj_adpt~qwen3_8b-dj_adpt
wholesale_markets_a.pq,1.0,0.09090909090909091,1.0,0.09090909090909091,1.0,1.0,0.09090909090909091,1.0,0.45454545454545453,1.0,0.45454545454545453,1.0,1.0,0.45454545454545453,1.0,0.9090909090909091,1.0,0.9090909090909091,1.0,1.0,0.9090909090909091,0.7333333333333333,1.0,0.7333333333333333,1.0,1.0,1.0,1.0,0.55,1.0,0.55,1.0,1.0,1.0,1.0,0.44,1.0,0.44,1.0,1.0,1.0,1.0,0.36666666666666664,1.0,0.36666666666666664,1.0,1.0,1.0,1.0,0.3142857142857143,1.0,0.3142857142857143,1.0,1.0,1.0,1.0,0.275,1.0,0.275,1.0,1.0,1.0,1.0,0.24444444444444444,1.0,0.24444444444444444,1.0,1.0,1.0,1.0,0.22,1.0,0.22,1.0,1.0,1.0,1.0,gte_base-dj_adpt,3,webtable-cl_optim-v=12-distilroberta-dj_adpt~qwen3_8b-dj_adpt
cihr_co-applicant_b.pq,1.0,0.08333333333333333,1.0,0.08333333333333333,1.0,1.0,0.08333333333333333,1.0,0.4166666666666667,1.0,0.4166666666666667,1.0,1.0,0.4166666666666667,1.0,0.8333333333333334,1.0,0.8333333333333334,1.0,1.0,0.8333333333333334,0.8,1.0,0.8,1.0,1.0,1.0,1.0,0.6,1.0,0.6,1.0,1.0,1.0,1.0,0.48,1.0,0.48,1.0,1.0,1.0,1.0,0.4,1.0,0.4,1.0,1.0,1.0,1.0,0.34285714285714286,1.0,0.34285714285714286,1.0,1.0,1.0,1.0,0.3,1.0,0.3,1.0,1.0,1.0,1.0,0.26666666666666666,1.0,0.26666666666666666,1.0,1.0,1.0,1.0,0.24,1.0,0.24,1.0,1.0,1.0,1.0,gte_base-dj_adpt,3,webtable-cl_optim-v=12-distilroberta-dj_adpt~qwen3_8b-dj_adpt
lane_description_b.pq,1.0,0.0625,1.0,0.0625,1.0,1.0,0.0625,1.0,0.3125,1.0,0.3125,1.0,1.0,0.3125,1.0,0.625,1.0,0.625,1.0,1.0,0.625,1.0,0.9375,1.0,0.9375,1.0,1.0,0.9375,0.8,1.0,0.8,1.0,1.0,1.0,1.0,0.64,1.0,0.64,1.0,1.0,1.0,1.0,0.5333333333333333,1.0,0.5333333333333333,1.0,1.0,1.0,1.0,0.45714285714285713,1.0,0.45714285714285713,1.0,1.0,1.0,1.0,0.4,1.0,0.4,1.0,1.0,1.0,1.0,0.35555555555555557,1.0,0.35555555555555557,1.0,1.0,1.0,1.0,0.32,1.0,0.32,1.0,1.0,1.0,1.0,gte_base-dj_adpt,3,webtable-cl_optim-v=12-distilroberta-dj_adpt~qwen3_8b-dj_adpt
stockport_contracts_a.pq,1.0,0.07692307692307693,1.0,0.07692307692307693,1.0,1.0,0.07692307692307693,1.0,0.38461538461538464,1.0,0.38461538461538464,1.0,1.0,0.38461538461538464,1.0,0.7692307692307693,1.0,0.7692307692307693,1.0,1.0,0.7692307692307693,0.8666666666666667,1.0,0.8666666666666667,1.0,1.0,1.0,1.0,0.65,1.0,0.65,1.0,1.0,1.0,1.0,0.52,1.0,0.52,1.0,1.0,1.0,1.0,0.43333333333333335,1.0,0.43333333333333335,1.0,1.0,1.0,1.0,0.37142857142857144,1.0,0.37142857142857144,1.0,1.0,1.0,1.0,0.325,1.0,0.325,1.0,1.0,1.0,1.0,0.28888888888888886,1.0,0.28888888888888886,1.0,1.0,1.0,1.0,0.26,1.0,0.26,1.0,1.0,1.0,1.0,gte_base-dj_adpt,3,webtable-cl_optim-v=12-distilroberta-dj_adpt~qwen3_8b-dj_adpt
albums_a.pq,1.0,0.0625,1.0,0.0625,1.0,1.0,0.0625,1.0,0.3125,1.0,0.3125,1.0,1.0,0.3125,1.0,0.625,1.0,0.625,1.0,1.0,0.625,1.0,0.9375,1.0,0.9375,1.0,1.0,0.9375,0.8,1.0,0.8,1.0,1.0,1.0,1.0,0.64,1.0,0.64,1.0,1.0,1.0,1.0,0.5333333333333333,1.0,0.5333333333333333,1.0,1.0,1.0,1.0,0.45714285714285713,1.0,0.45714285714285713,1.0,1.0,1.0,1.0,0.4,1.0,0.4,1.0,1.0,1.0,1.0,0.35555555555555557,1.0,0.35555555555555557,1.0,1.0,1.0,1.0,0.32,1.0,0.32,1.0,1.0,1.0,1.0,gte_base-dj_adpt,3,webtable-cl_optim-v=12-distilroberta-dj_adpt~qwen3_8b-dj_adpt
immigration_records_a.pq,1.0,0.0625,1.0,0.0625,1.0,1.0,0.0625,1.0,0.3125,1.0,0.3125,1.0,1.0,0.3125,1.0,0.625,1.0,0.625,1.0,1.0,0.625,1.0,0.9375,1.0,0.9375,1.0,1.0,0.9375,0.8,1.0,0.8,1.0,1.0,1.0,1.0,0.64,1.0,0.64,1.0,1.0,1.0,1.0,0.5333333333333333,1.0,0.5333333333333333,1.0,1.0,1.0,1.0,0.45714285714285713,1.0,0.45714285714285713,1.0,1.0,1.0,1.0,0.4,1.0,0.4,1.0,1.0,1.0,1.0,0.35555555555555557,1.0,0.35555555555555557,1.0,1.0,1.0,1.0,0.32,1.0,0.32,1.0,1.0,1.0,1.0,gte_base-dj_adpt,3,webtable-cl_optim-v=12-distilroberta-dj_adpt~qwen3_8b-dj_adpt
311_calls_historic_data_a.pq,1.0,0.09090909090909091,1.0,0.09090909090909091,1.0,1.0,0.09090909090909091,1.0,0.45454545454545453,1.0,0.45454545454545453,1.0,1.0,0.45454545454545453,1.0,0.9090909090909091,1.0,0.9090909090909091,1.0,1.0,0.9090909090909091,0.7333333333333333,1.0,0.7333333333333333,1.0,1.0,1.0,1.0,0.55,1.0,0.55,1.0,1.0,1.0,1.0,0.44,1.0,0.44,1.0,1.0,1.0,1.0,0.36666666666666664,1.0,0.36666666666666664,1.0,1.0,1.0,1.0,0.3142857142857143,1.0,0.3142857142857143,1.0,1.0,1.0,1.0,0.275,1.0,0.275,1.0,1.0,1.0,1.0,0.24444444444444444,1.0,0.24444444444444444,1.0,1.0,1.0,1.0,0.22,1.0,0.22,1.0,1.0,1.0,1.0,gte_base-dj_adpt,3,webtable-cl_optim-v=12-distilroberta-dj_adpt~qwen3_8b-dj_adpt
job_pay_scales_a.pq,1.0,0.06666666666666667,1.0,0.06666666666666667,1.0,1.0,0.06666666666666667,1.0,0.3333333333333333,1.0,0.3333333333333333,1.0,1.0,0.3333333333333333,1.0,0.6666666666666666,1.0,0.6666666666666666,1.0,1.0,0.6666666666666666,1.0,1.0,1.0,1.0,1.0,1.0,1.0,0.75,1.0,0.75,1.0,1.0,1.0,1.0,0.6,1.0,0.6,1.0,1.0,1.0,1.0,0.5,1.0,0.5,1.0,1.0,1.0,1.0,0.42857142857142855,1.0,0.42857142857142855,1.0,1.0,1.0,1.0,0.375,1.0,0.375,1.0,1.0,1.0,1.0,0.3333333333333333,1.0,0.3333333333333333,1.0,1.0,1.0,1.0,0.3,1.0,0.3,1.0,1.0,1.0,1.0,gte_base-dj_adpt,3,webtable-cl_optim-v=12-distilroberta-dj_adpt~qwen3_8b-dj_adpt
complaint_by_practice_a.pq,1.0,0.07692307692307693,1.0,0.07692307692307693,1.0,1.0,0.07692307692307693,1.0,0.38461538461538464,1.0,0.38461538461538464,1.0,1.0,0.38461538461538464,1.0,0.7692307692307693,1.0,0.7692307692307693,1.0,1.0,0.7692307692307693,0.8666666666666667,1.0,0.8666666666666667,1.0,1.0,1.0,1.0,0.65,1.0,0.65,1.0,1.0,1.0,1.0,0.52,1.0,0.52,1.0,1.0,1.0,1.0,0.43333333333333335,1.0,0.43333333333333335,1.0,1.0,1.0,1.0,0.37142857142857144,1.0,0.37142857142857144,1.0,1.0,1.0,1.0,0.325,1.0,0.325,1.0,1.0,1.0,1.0,0.28888888888888886,1.0,0.28888888888888886,1.0,1.0,1.0,1.0,0.26,1.0,0.26,1.0,1.0,1.0,1.0,gte_base-dj_adpt,3,webtable-cl_optim-v=12-distilroberta-dj_adpt~qwen3_8b-dj_adpt
data_mill_a.pq,1.0,0.07142857142857142,1.0,0.07142857142857142,1.0,1.0,0.07142857142857142,1.0,0.35714285714285715,1.0,0.35714285714285715,1.0,1.0,0.35714285714285715,1.0,0.7142857142857143,1.0,0.7142857142857143,1.0,1.0,0.7142857142857143,0.9333333333333333,1.0,0.9333333333333333,1.0,1.0,1.0,1.0,0.7,1.0,0.7,1.0,1.0,1.0,1.0,0.56,1.0,0.56,1.0,1.0,1.0,1.0,0.4666666666666667,1.0,0.4666666666666667,1.0,1.0,1.0,1.0,0.4,1.0,0.4,1.0,1.0,1.0,1.0,0.35,1.0,0.35,1.0,1.0,1.0,1.0,0.3111111111111111,1.0,0.3111111111111111,1.0,1.0,1.0,1.0,0.28,1.0,0.28,1.0,1.0,1.0,1.0,gte_base-dj_adpt,3,webtable-cl_optim-v=12-distilroberta-dj_adpt~qwen3_8b-dj_adpt
workforce_management_information_b.pq,1.0,0.05555555555555555,1.0,0.05555555555555555,1.0,1.0,0.05555555555555555,1.0,0.2777777777777778,1.0,0.2777777777777778,1.0,1.0,0.2777777777777778,1.0,0.5555555555555556,1.0,0.5555555555555556,1.0,1.0,0.5555555555555556,1.0,0.8333333333333334,1.0,0.8333333333333334,1.0,1.0,0.8333333333333334,0.8,0.8888888888888888,0.9,1.0,1.0,1.0,0.8888888888888888,0.72,1.0,0.72,1.0,1.0,1.0,0.975296442687747,0.6,1.0,0.6,1.0,1.0,1.0,0.975296442687747,0.5142857142857142,1.0,0.5142857142857142,1.0,1.0,1.0,0.975296442687747,0.45,1.0,0.45,1.0,1.0,1.0,0.975296442687747,0.4,1.0,0.4,1.0,1.0,1.0,0.975296442687747,0.36,1.0,0.36,1.0,1.0,1.0,0.975296442687747,gte_base-dj_adpt,3,webtable-cl_optim-v=12-distilroberta-dj_adpt~qwen3_8b-dj_adpt
ydn_spending_data_b.pq,1.0,0.08333333333333333,1.0,0.08333333333333333,1.0,1.0,0.08333333333333333,1.0,0.4166666666666667,1.0,0.4166666666666667,1.0,1.0,0.4166666666666667,1.0,0.8333333333333334,1.0,0.8333333333333334,1.0,1.0,0.8333333333333334,0.8,1.0,0.8,1.0,1.0,1.0,1.0,0.6,1.0,0.6,1.0,1.0,1.0,1.0,0.48,1.0,0.48,1.0,1.0,1.0,1.0,0.4,1.0,0.4,1.0,1.0,1.0,1.0,0.34285714285714286,1.0,0.34285714285714286,1.0,1.0,1.0,1.0,0.3,1.0,0.3,1.0,1.0,1.0,1.0,0.26666666666666666,1.0,0.26666666666666666,1.0,1.0,1.0,1.0,0.24,1.0,0.24,1.0,1.0,1.0,1.0,gte_base-dj_adpt,3,webtable-cl_optim-v=12-distilroberta-dj_adpt~qwen3_8b-dj_adpt
prescribing_a.pq,1.0,0.06666666666666667,1.0,0.06666666666666667,1.0,1.0,0.06666666666666667,1.0,0.3333333333333333,1.0,0.3333333333333333,1.0,1.0,0.3333333333333333,1.0,0.6666666666666666,1.0,0.6666666666666666,1.0,1.0,0.6666666666666666,1.0,1.0,1.0,1.0,1.0,1.0,1.0,0.75,1.0,0.75,1.0,1.0,1.0,1.0,0.6,1.0,0.6,1.0,1.0,1.0,1.0,0.5,1.0,0.5,1.0,1.0,1.0,1.0,0.42857142857142855,1.0,0.42857142857142855,1.0,1.0,1.0,1.0,0.375,1.0,0.375,1.0,1.0,1.0,1.0,0.3333333333333333,1.0,0.3333333333333333,1.0,1.0,1.0,1.0,0.3,1.0,0.3,1.0,1.0,1.0,1.0,gte_base-dj_adpt,3,webtable-cl_optim-v=12-distilroberta-dj_adpt~qwen3_8b-dj_adpt
film_locations_in_san_francisco_a.pq,1.0,0.07692307692307693,1.0,0.07692307692307693,1.0,1.0,0.07692307692307693,1.0,0.38461538461538464,1.0,0.38461538461538464,1.0,1.0,0.38461538461538464,1.0,0.7692307692307693,1.0,0.7692307692307693,1.0,1.0,0.7692307692307693,0.8666666666666667,1.0,0.8666666666666667,1.0,1.0,1.0,1.0,0.65,1.0,0.65,1.0,1.0,1.0,1.0,0.52,1.0,0.52,1.0,1.0,1.0,1.0,0.43333333333333335,1.0,0.43333333333333335,1.0,1.0,1.0,1.0,0.37142857142857144,1.0,0.37142857142857144,1.0,1.0,1.0,1.0,0.325,1.0,0.325,1.0,1.0,1.0,1.0,0.28888888888888886,1.0,0.28888888888888886,1.0,1.0,1.0,1.0,0.26,1.0,0.26,1.0,1.0,1.0,1.0,gte_base-dj_adpt,3,webtable-cl_optim-v=12-distilroberta-dj_adpt~qwen3_8b-dj_adpt
monthly_data_feed_a.pq,1.0,0.07692307692307693,1.0,0.07692307692307693,1.0,1.0,0.07692307692307693,1.0,0.38461538461538464,1.0,0.38461538461538464,1.0,1.0,0.38461538461538464,1.0,0.7692307692307693,1.0,0.7692307692307693,1.0,1.0,0.7692307692307693,0.8666666666666667,1.0,0.8666666666666667,1.0,1.0,1.0,1.0,0.65,1.0,0.65,1.0,1.0,1.0,1.0,0.52,1.0,0.52,1.0,1.0,1.0,1.0,0.43333333333333335,1.0,0.43333333333333335,1.0,1.0,1.0,1.0,0.37142857142857144,1.0,0.37142857142857144,1.0,1.0,1.0,1.0,0.325,1.0,0.325,1.0,1.0,1.0,1.0,0.28888888888888886,1.0,0.28888888888888886,1.0,1.0,1.0,1.0,0.26,1.0,0.26,1.0,1.0,1.0,1.0,gte_base-dj_adpt,3,webtable-cl_optim-v=12-distilroberta-dj_adpt~qwen3_8b-dj_adpt
mines_a.pq,1.0,0.07142857142857142,1.0,0.07142857142857142,1.0,1.0,0.07142857142857142,1.0,0.35714285714285715,1.0,0.35714285714285715,1.0,1.0,0.35714285714285715,1.0,0.7142857142857143,1.0,0.7142857142857143,1.0,1.0,0.7142857142857143,0.9333333333333333,1.0,0.9333333333333333,1.0,1.0,1.0,1.0,0.7,1.0,0.7,1.0,1.0,1.0,1.0,0.56,1.0,0.56,1.0,1.0,1.0,1.0,0.4666666666666667,1.0,0.4666666666666667,1.0,1.0,1.0,1.0,0.4,1.0,0.4,1.0,1.0,1.0,1.0,0.35,1.0,0.35,1.0,1.0,1.0,1.0,0.3111111111111111,1.0,0.3111111111111111,1.0,1.0,1.0,1.0,0.28,1.0,0.28,1.0,1.0,1.0,1.0,gte_base-dj_adpt,3,webtable-cl_optim-v=12-distilroberta-dj_adpt~qwen3_8b-dj_adpt
oil_and_gas_summary_production_data_1967_1999_a.pq,1.0,0.09090909090909091,1.0,0.09090909090909091,1.0,1.0,0.09090909090909091,1.0,0.45454545454545453,1.0,0.45454545454545453,1.0,1.0,0.45454545454545453,1.0,0.9090909090909091,1.0,0.9090909090909091,1.0,1.0,0.9090909090909091,0.7333333333333333,1.0,0.7333333333333333,1.0,1.0,1.0,1.0,0.55,1.0,0.55,1.0,1.0,1.0,1.0,0.44,1.0,0.44,1.0,1.0,1.0,1.0,0.36666666666666664,1.0,0.36666666666666664,1.0,1.0,1.0,1.0,0.3142857142857143,1.0,0.3142857142857143,1.0,1.0,1.0,1.0,0.275,1.0,0.275,1.0,1.0,1.0,1.0,0.24444444444444444,1.0,0.24444444444444444,1.0,1.0,1.0,1.0,0.22,1.0,0.22,1.0,1.0,1.0,1.0,gte_base-dj_adpt,3,webtable-cl_optim-v=12-distilroberta-dj_adpt~qwen3_8b-dj_adpt
tuition_assistance_program_tap_recipients_a.pq,1.0,0.09090909090909091,1.0,0.09090909090909091,1.0,1.0,0.09090909090909091,1.0,0.45454545454545453,1.0,0.45454545454545453,1.0,1.0,0.45454545454545453,1.0,0.9090909090909091,1.0,0.9090909090909091,1.0,1.0,0.9090909090909091,0.7333333333333333,1.0,0.7333333333333333,1.0,1.0,1.0,1.0,0.55,1.0,0.55,1.0,1.0,1.0,1.0,0.44,1.0,0.44,1.0,1.0,1.0,1.0,0.36666666666666664,1.0,0.36666666666666664,1.0,1.0,1.0,1.0,0.3142857142857143,1.0,0.3142857142857143,1.0,1.0,1.0,1.0,0.275,1.0,0.275,1.0,1.0,1.0,1.0,0.24444444444444444,1.0,0.24444444444444444,1.0,1.0,1.0,1.0,0.22,1.0,0.22,1.0,1.0,1.0,1.0,gte_base-dj_adpt,3,webtable-cl_optim-v=12-distilroberta-dj_adpt~qwen3_8b-dj_adpt
purchasing_card_a.pq,1.0,0.07692307692307693,1.0,0.07692307692307693,1.0,1.0,0.07692307692307693,1.0,0.38461538461538464,1.0,0.38461538461538464,1.0,1.0,0.38461538461538464,1.0,0.7692307692307693,1.0,0.7692307692307693,1.0,1.0,0.7692307692307693,0.8666666666666667,1.0,0.8666666666666667,1.0,1.0,1.0,1.0,0.65,1.0,0.65,1.0,1.0,1.0,1.0,0.52,1.0,0.52,1.0,1.0,1.0,1.0,0.43333333333333335,1.0,0.43333333333333335,1.0,1.0,1.0,1.0,0.37142857142857144,1.0,0.37142857142857144,1.0,1.0,1.0,1.0,0.325,1.0,0.325,1.0,1.0,1.0,1.0,0.28888888888888886,1.0,0.28888888888888886,1.0,1.0,1.0,1.0,0.26,1.0,0.26,1.0,1.0,1.0,1.0,gte_base-dj_adpt,3,webtable-cl_optim-v=12-distilroberta-dj_adpt~qwen3_8b-dj_adpt
biodiversity_a.pq,1.0,0.09090909090909091,1.0,0.09090909090909091,1.0,1.0,0.09090909090909091,1.0,0.45454545454545453,1.0,0.45454545454545453,1.0,1.0,0.45454545454545453,0.8,0.7272727272727273,1.0,0.9090909090909091,1.0,1.0,0.7272727272727273,0.6,0.8181818181818182,0.7333333333333333,1.0,1.0,1.0,0.7902097902097901,0.5,0.9090909090909091,0.55,1.0,1.0,1.0,0.8436857260386673,0.4,0.9090909090909091,0.44,1.0,1.0,1.0,0.8436857260386673,0.3333333333333333,0.9090909090909091,0.36666666666666664,1.0,1.0,1.0,0.8436857260386673,0.2857142857142857,0.9090909090909091,0.3142857142857143,1.0,1.0,1.0,0.8436857260386673,0.25,0.9090909090909091,0.275,1.0,1.0,1.0,0.8436857260386673,0.2222222222222222,0.9090909090909091,0.24444444444444444,1.0,1.0,1.0,0.8436857260386673,0.2,0.9090909090909091,0.22,1.0,1.0,1.0,0.8436857260386673,gte_base-dj_adpt,3,webtable-cl_optim-v=12-distilroberta-dj_adpt~qwen3_8b-dj_adpt
civic_building_locations_a.pq,1.0,0.08333333333333333,1.0,0.08333333333333333,1.0,1.0,0.08333333333333333,1.0,0.4166666666666667,1.0,0.4166666666666667,1.0,1.0,0.4166666666666667,1.0,0.8333333333333334,1.0,0.8333333333333334,1.0,1.0,0.8333333333333334,0.8,1.0,0.8,1.0,1.0,1.0,1.0,0.6,1.0,0.6,1.0,1.0,1.0,1.0,0.48,1.0,0.48,1.0,1.0,1.0,1.0,0.4,1.0,0.4,1.0,1.0,1.0,1.0,0.34285714285714286,1.0,0.34285714285714286,1.0,1.0,1.0,1.0,0.3,1.0,0.3,1.0,1.0,1.0,1.0,0.26666666666666666,1.0,0.26666666666666666,1.0,1.0,1.0,1.0,0.24,1.0,0.24,1.0,1.0,1.0,1.0,gte_base-dj_adpt,3,webtable-cl_optim-v=12-distilroberta-dj_adpt~qwen3_8b-dj_adpt
minister_meetings_a.pq,1.0,0.1,1.0,0.1,1.0,1.0,0.1,0.8,0.4,1.0,0.5,1.0,1.0,0.38,0.8,0.8,1.0,1.0,1.0,1.0,0.716547619047619,0.6666666666666666,1.0,0.6666666666666666,1.0,1.0,1.0,0.8474999999999999,0.5,1.0,0.5,1.0,1.0,1.0,0.8474999999999999,0.4,1.0,0.4,1.0,1.0,1.0,0.8474999999999999,0.3333333333333333,1.0,0.3333333333333333,1.0,1.0,1.0,0.8474999999999999,0.2857142857142857,1.0,0.2857142857142857,1.0,1.0,1.0,0.8474999999999999,0.25,1.0,0.25,1.0,1.0,1.0,0.8474999999999999,0.2222222222222222,1.0,0.2222222222222222,1.0,1.0,1.0,0.8474999999999999,0.2,1.0,0.2,1.0,1.0,1.0,0.8474999999999999,gte_base-dj_adpt,3,webtable-cl_optim-v=12-distilroberta-dj_adpt~qwen3_8b-dj_adpt
animal_tag_data_a.pq,1.0,0.08333333333333333,1.0,0.08333333333333333,1.0,1.0,0.08333333333333333,1.0,0.4166666666666667,1.0,0.4166666666666667,1.0,1.0,0.4166666666666667,1.0,0.8333333333333334,1.0,0.8333333333333334,1.0,1.0,0.8333333333333334,0.8,1.0,0.8,1.0,1.0,1.0,1.0,0.6,1.0,0.6,1.0,1.0,1.0,1.0,0.48,1.0,0.48,1.0,1.0,1.0,1.0,0.4,1.0,0.4,1.0,1.0,1.0,1.0,0.34285714285714286,1.0,0.34285714285714286,1.0,1.0,1.0,1.0,0.3,1.0,0.3,1.0,1.0,1.0,1.0,0.26666666666666666,1.0,0.26666666666666666,1.0,1.0,1.0,1.0,0.24,1.0,0.24,1.0,1.0,1.0,1.0,gte_base-dj_adpt,3,webtable-cl_optim-v=12-distilroberta-dj_adpt~qwen3_8b-dj_adpt
cdc_nutrition_physical_activity_and_obesity_legislation_a.pq,1.0,0.09090909090909091,1.0,0.09090909090909091,1.0,1.0,0.09090909090909091,1.0,0.45454545454545453,1.0,0.45454545454545453,1.0,1.0,0.45454545454545453,1.0,0.9090909090909091,1.0,0.9090909090909091,1.0,1.0,0.9090909090909091,0.7333333333333333,1.0,0.7333333333333333,1.0,1.0,1.0,1.0,0.55,1.0,0.55,1.0,1.0,1.0,1.0,0.44,1.0,0.44,1.0,1.0,1.0,1.0,0.36666666666666664,1.0,0.36666666666666664,1.0,1.0,1.0,1.0,0.3142857142857143,1.0,0.3142857142857143,1.0,1.0,1.0,1.0,0.275,1.0,0.275,1.0,1.0,1.0,1.0,0.24444444444444444,1.0,0.24444444444444444,1.0,1.0,1.0,1.0,0.22,1.0,0.22,1.0,1.0,1.0,1.0,gte_base-dj_adpt,3,webtable-cl_optim-v=12-distilroberta-dj_adpt~qwen3_8b-dj_adpt
animal_tag_data_b.pq,1.0,0.08333333333333333,1.0,0.08333333333333333,1.0,1.0,0.08333333333333333,1.0,0.4166666666666667,1.0,0.4166666666666667,1.0,1.0,0.4166666666666667,1.0,0.8333333333333334,1.0,0.8333333333333334,1.0,1.0,0.8333333333333334,0.8,1.0,0.8,1.0,1.0,1.0,1.0,0.6,1.0,0.6,1.0,1.0,1.0,1.0,0.48,1.0,0.48,1.0,1.0,1.0,1.0,0.4,1.0,0.4,1.0,1.0,1.0,1.0,0.34285714285714286,1.0,0.34285714285714286,1.0,1.0,1.0,1.0,0.3,1.0,0.3,1.0,1.0,1.0,1.0,0.26666666666666666,1.0,0.26666666666666666,1.0,1.0,1.0,1.0,0.24,1.0,0.24,1.0,1.0,1.0,1.0,gte_base-dj_adpt,3,webtable-cl_optim-v=12-distilroberta-dj_adpt~qwen3_8b-dj_adpt
practice_reference_b.pq,1.0,0.06666666666666667,1.0,0.06666666666666667,1.0,1.0,0.06666666666666667,1.0,0.3333333333333333,1.0,0.3333333333333333,1.0,1.0,0.3333333333333333,1.0,0.6666666666666666,1.0,0.6666666666666666,1.0,1.0,0.6666666666666666,1.0,1.0,1.0,1.0,1.0,1.0,1.0,0.75,1.0,0.75,1.0,1.0,1.0,1.0,0.6,1.0,0.6,1.0,1.0,1.0,1.0,0.5,1.0,0.5,1.0,1.0,1.0,1.0,0.42857142857142855,1.0,0.42857142857142855,1.0,1.0,1.0,1.0,0.375,1.0,0.375,1.0,1.0,1.0,1.0,0.3333333333333333,1.0,0.3333333333333333,1.0,1.0,1.0,1.0,0.3,1.0,0.3,1.0,1.0,1.0,1.0,gte_base-dj_adpt,3,webtable-cl_optim-v=12-distilroberta-dj_adpt~qwen3_8b-dj_adpt
workforce_management_information_a.pq,1.0,0.05555555555555555,1.0,0.05555555555555555,1.0,1.0,0.05555555555555555,1.0,0.2777777777777778,1.0,0.2777777777777778,1.0,1.0,0.2777777777777778,1.0,0.5555555555555556,1.0,0.5555555555555556,1.0,1.0,0.5555555555555556,1.0,0.8333333333333334,1.0,0.8333333333333334,1.0,1.0,0.8333333333333334,0.8,0.8888888888888888,0.9,1.0,1.0,1.0,0.8856209150326797,0.72,1.0,0.72,1.0,1.0,1.0,0.9683503836317136,0.6,1.0,0.6,1.0,1.0,1.0,0.9683503836317136,0.5142857142857142,1.0,0.5142857142857142,1.0,1.0,1.0,0.9683503836317136,0.45,1.0,0.45,1.0,1.0,1.0,0.9683503836317136,0.4,1.0,0.4,1.0,1.0,1.0,0.9683503836317136,0.36,1.0,0.36,1.0,1.0,1.0,0.9683503836317136,gte_base-dj_adpt,3,webtable-cl_optim-v=12-distilroberta-dj_adpt~qwen3_8b-dj_adpt
stockport_contracts_b.pq,1.0,0.07692307692307693,1.0,0.07692307692307693,1.0,1.0,0.07692307692307693,1.0,0.38461538461538464,1.0,0.38461538461538464,1.0,1.0,0.38461538461538464,1.0,0.7692307692307693,1.0,0.7692307692307693,1.0,1.0,0.7692307692307693,0.8666666666666667,1.0,0.8666666666666667,1.0,1.0,1.0,1.0,0.65,1.0,0.65,1.0,1.0,1.0,1.0,0.52,1.0,0.52,1.0,1.0,1.0,1.0,0.43333333333333335,1.0,0.43333333333333335,1.0,1.0,1.0,1.0,0.37142857142857144,1.0,0.37142857142857144,1.0,1.0,1.0,1.0,0.325,1.0,0.325,1.0,1.0,1.0,1.0,0.28888888888888886,1.0,0.28888888888888886,1.0,1.0,1.0,1.0,0.26,1.0,0.26,1.0,1.0,1.0,1.0,gte_base-dj_adpt,3,webtable-cl_optim-v=12-distilroberta-dj_adpt~qwen3_8b-dj_adpt
contributors_parties_b.pq,1.0,0.047619047619047616,1.0,0.047619047619047616,1.0,1.0,0.047619047619047616,1.0,0.23809523809523808,1.0,0.23809523809523808,1.0,1.0,0.23809523809523808,1.0,0.47619047619047616,1.0,0.47619047619047616,1.0,1.0,0.47619047619047616,1.0,0.7142857142857143,1.0,0.7142857142857143,1.0,1.0,0.7142857142857143,0.85,0.8095238095238095,1.0,0.9523809523809523,1.0,1.0,0.8095238095238095,0.68,0.8095238095238095,0.84,1.0,1.0,1.0,0.8095238095238095,0.5666666666666667,0.8095238095238095,0.7,1.0,1.0,1.0,0.8095238095238095,0.4857142857142857,0.8095238095238095,0.6,1.0,1.0,1.0,0.8095238095238095,0.425,0.8095238095238095,0.525,1.0,1.0,1.0,0.8095238095238095,0.37777777777777777,0.8095238095238095,0.4666666666666667,1.0,1.0,1.0,0.8095238095238095,0.34,0.8095238095238095,0.42,1.0,1.0,1.0,0.8095238095238095,gte_base-dj_adpt,3,webtable-cl_optim-v=12-distilroberta-dj_adpt~qwen3_8b-dj_adpt
ipopayments_a.pq,1.0,0.06666666666666667,1.0,0.06666666666666667,1.0,1.0,0.06666666666666667,1.0,0.3333333333333333,1.0,0.3333333333333333,1.0,1.0,0.3333333333333333,1.0,0.6666666666666666,1.0,0.6666666666666666,1.0,1.0,0.6666666666666666,1.0,1.0,1.0,1.0,1.0,1.0,1.0,0.75,1.0,0.75,1.0,1.0,1.0,1.0,0.6,1.0,0.6,1.0,1.0,1.0,1.0,0.5,1.0,0.5,1.0,1.0,1.0,1.0,0.42857142857142855,1.0,0.42857142857142855,1.0,1.0,1.0,1.0,0.375,1.0,0.375,1.0,1.0,1.0,1.0,0.3333333333333333,1.0,0.3333333333333333,1.0,1.0,1.0,1.0,0.3,1.0,0.3,1.0,1.0,1.0,1.0,gte_base-dj_adpt,3,webtable-cl_optim-v=12-distilroberta-dj_adpt~qwen3_8b-dj_adpt
mines_b.pq,1.0,0.07142857142857142,1.0,0.07142857142857142,1.0,1.0,0.07142857142857142,1.0,0.35714285714285715,1.0,0.35714285714285715,1.0,1.0,0.35714285714285715,1.0,0.7142857142857143,1.0,0.7142857142857143,1.0,1.0,0.7142857142857143,0.8666666666666667,0.9285714285714286,0.9333333333333333,1.0,1.0,1.0,0.923469387755102,0.7,1.0,0.7,1.0,1.0,1.0,0.9790249433106576,0.56,1.0,0.56,1.0,1.0,1.0,0.9790249433106576,0.4666666666666667,1.0,0.4666666666666667,1.0,1.0,1.0,0.9790249433106576,0.4,1.0,0.4,1.0,1.0,1.0,0.9790249433106576,0.35,1.0,0.35,1.0,1.0,1.0,0.9790249433106576,0.3111111111111111,1.0,0.3111111111111111,1.0,1.0,1.0,0.9790249433106576,0.28,1.0,0.28,1.0,1.0,1.0,0.9790249433106576,gte_base-dj_adpt,3,webtable-cl_optim-v=12-distilroberta-dj_adpt~qwen3_8b-dj_adpt
deaths_2012_2018_a.pq,1.0,0.09090909090909091,1.0,0.09090909090909091,1.0,1.0,0.09090909090909091,1.0,0.45454545454545453,1.0,0.45454545454545453,1.0,1.0,0.45454545454545453,1.0,0.9090909090909091,1.0,0.9090909090909091,1.0,1.0,0.9090909090909091,0.7333333333333333,1.0,0.7333333333333333,1.0,1.0,1.0,1.0,0.55,1.0,0.55,1.0,1.0,1.0,1.0,0.44,1.0,0.44,1.0,1.0,1.0,1.0,0.36666666666666664,1.0,0.36666666666666664,1.0,1.0,1.0,1.0,0.3142857142857143,1.0,0.3142857142857143,1.0,1.0,1.0,1.0,0.275,1.0,0.275,1.0,1.0,1.0,1.0,0.24444444444444444,1.0,0.24444444444444444,1.0,1.0,1.0,1.0,0.22,1.0,0.22,1.0,1.0,1.0,1.0,gte_base-dj_adpt,3,webtable-cl_optim-v=12-distilroberta-dj_adpt~qwen3_8b-dj_adpt
psyckes_antipsychotic_polypharmacy_quality_indicators_beginning_2012_a.pq,1.0,0.09090909090909091,1.0,0.09090909090909091,1.0,1.0,0.09090909090909091,1.0,0.45454545454545453,1.0,0.45454545454545453,1.0,1.0,0.45454545454545453,1.0,0.9090909090909091,1.0,0.9090909090909091,1.0,1.0,0.9090909090909091,0.7333333333333333,1.0,0.7333333333333333,1.0,1.0,1.0,1.0,0.55,1.0,0.55,1.0,1.0,1.0,1.0,0.44,1.0,0.44,1.0,1.0,1.0,1.0,0.36666666666666664,1.0,0.36666666666666664,1.0,1.0,1.0,1.0,0.3142857142857143,1.0,0.3142857142857143,1.0,1.0,1.0,1.0,0.275,1.0,0.275,1.0,1.0,1.0,1.0,0.24444444444444444,1.0,0.24444444444444444,1.0,1.0,1.0,1.0,0.22,1.0,0.22,1.0,1.0,1.0,1.0,gte_base-dj_adpt,3,webtable-cl_optim-v=12-distilroberta-dj_adpt~qwen3_8b-dj_adpt
lane_description_a.pq,1.0,0.0625,1.0,0.0625,1.0,1.0,0.0625,1.0,0.3125,1.0,0.3125,1.0,1.0,0.3125,1.0,0.625,1.0,0.625,1.0,1.0,0.625,1.0,0.9375,1.0,0.9375,1.0,1.0,0.9375,0.8,1.0,0.8,1.0,1.0,1.0,1.0,0.64,1.0,0.64,1.0,1.0,1.0,1.0,0.5333333333333333,1.0,0.5333333333333333,1.0,1.0,1.0,1.0,0.45714285714285713,1.0,0.45714285714285713,1.0,1.0,1.0,1.0,0.4,1.0,0.4,1.0,1.0,1.0,1.0,0.35555555555555557,1.0,0.35555555555555557,1.0,1.0,1.0,1.0,0.32,1.0,0.32,1.0,1.0,1.0,1.0,gte_base-dj_adpt,3,webtable-cl_optim-v=12-distilroberta-dj_adpt~qwen3_8b-dj_adpt
senior_officials_expenses_a.pq,1.0,0.09090909090909091,1.0,0.09090909090909091,1.0,1.0,0.09090909090909091,1.0,0.45454545454545453,1.0,0.45454545454545453,1.0,1.0,0.45454545454545453,0.9,0.8181818181818182,1.0,0.9090909090909091,1.0,1.0,0.8181818181818182,0.6666666666666666,0.9090909090909091,0.7333333333333333,1.0,1.0,1.0,0.9008264462809916,0.5,0.9090909090909091,0.55,1.0,1.0,1.0,0.9008264462809916,0.4,0.9090909090909091,0.44,1.0,1.0,1.0,0.9008264462809916,0.3333333333333333,0.9090909090909091,0.36666666666666664,1.0,1.0,1.0,0.9008264462809916,0.2857142857142857,0.9090909090909091,0.3142857142857143,1.0,1.0,1.0,0.9008264462809916,0.25,0.9090909090909091,0.275,1.0,1.0,1.0,0.9008264462809916,0.2222222222222222,0.9090909090909091,0.24444444444444444,1.0,1.0,1.0,0.9008264462809916,0.2,0.9090909090909091,0.22,1.0,1.0,1.0,0.9008264462809916,gte_base-dj_adpt,3,webtable-cl_optim-v=12-distilroberta-dj_adpt~qwen3_8b-dj_adpt
ydn_spending_data_a.pq,1.0,0.08333333333333333,1.0,0.08333333333333333,1.0,1.0,0.08333333333333333,1.0,0.4166666666666667,1.0,0.4166666666666667,1.0,1.0,0.4166666666666667,1.0,0.8333333333333334,1.0,0.8333333333333334,1.0,1.0,0.8333333333333334,0.8,1.0,0.8,1.0,1.0,1.0,1.0,0.6,1.0,0.6,1.0,1.0,1.0,1.0,0.48,1.0,0.48,1.0,1.0,1.0,1.0,0.4,1.0,0.4,1.0,1.0,1.0,1.0,0.34285714285714286,1.0,0.34285714285714286,1.0,1.0,1.0,1.0,0.3,1.0,0.3,1.0,1.0,1.0,1.0,0.26666666666666666,1.0,0.26666666666666666,1.0,1.0,1.0,1.0,0.24,1.0,0.24,1.0,1.0,1.0,1.0,gte_base-dj_adpt,3,webtable-cl_optim-v=12-distilroberta-dj_adpt~qwen3_8b-dj_adpt
complaint_by_practice_b.pq,1.0,0.07692307692307693,1.0,0.07692307692307693,1.0,1.0,0.07692307692307693,1.0,0.38461538461538464,1.0,0.38461538461538464,1.0,1.0,0.38461538461538464,1.0,0.7692307692307693,1.0,0.7692307692307693,1.0,1.0,0.7692307692307693,0.8666666666666667,1.0,0.8666666666666667,1.0,1.0,1.0,1.0,0.65,1.0,0.65,1.0,1.0,1.0,1.0,0.52,1.0,0.52,1.0,1.0,1.0,1.0,0.43333333333333335,1.0,0.43333333333333335,1.0,1.0,1.0,1.0,0.37142857142857144,1.0,0.37142857142857144,1.0,1.0,1.0,1.0,0.325,1.0,0.325,1.0,1.0,1.0,1.0,0.28888888888888886,1.0,0.28888888888888886,1.0,1.0,1.0,1.0,0.26,1.0,0.26,1.0,1.0,1.0,1.0,gte_base-dj_adpt,3,webtable-cl_optim-v=12-distilroberta-dj_adpt~qwen3_8b-dj_adpt
albums_b.pq,1.0,0.0625,1.0,0.0625,1.0,1.0,0.0625,1.0,0.3125,1.0,0.3125,1.0,1.0,0.3125,1.0,0.625,1.0,0.625,1.0,1.0,0.625,0.9333333333333333,0.875,1.0,0.9375,1.0,1.0,0.8663690476190476,0.8,1.0,0.8,1.0,1.0,1.0,0.9837863270308124,0.64,1.0,0.64,1.0,1.0,1.0,0.9837863270308124,0.5333333333333333,1.0,0.5333333333333333,1.0,1.0,1.0,0.9837863270308124,0.45714285714285713,1.0,0.45714285714285713,1.0,1.0,1.0,0.9837863270308124,0.4,1.0,0.4,1.0,1.0,1.0,0.9837863270308124,0.35555555555555557,1.0,0.35555555555555557,1.0,1.0,1.0,0.9837863270308124,0.32,1.0,0.32,1.0,1.0,1.0,0.9837863270308124,gte_base-dj_adpt,3,webtable-cl_optim-v=12-distilroberta-dj_adpt~qwen3_8b-dj_adpt
data_mill_b.pq,1.0,0.07142857142857142,1.0,0.07142857142857142,1.0,1.0,0.07142857142857142,1.0,0.35714285714285715,1.0,0.35714285714285715,1.0,1.0,0.35714285714285715,1.0,0.7142857142857143,1.0,0.7142857142857143,1.0,1.0,0.7142857142857143,0.9333333333333333,1.0,0.9333333333333333,1.0,1.0,1.0,1.0,0.7,1.0,0.7,1.0,1.0,1.0,1.0,0.56,1.0,0.56,1.0,1.0,1.0,1.0,0.4666666666666667,1.0,0.4666666666666667,1.0,1.0,1.0,1.0,0.4,1.0,0.4,1.0,1.0,1.0,1.0,0.35,1.0,0.35,1.0,1.0,1.0,1.0,0.3111111111111111,1.0,0.3111111111111111,1.0,1.0,1.0,1.0,0.28,1.0,0.28,1.0,1.0,1.0,1.0,gtr_t5-dj_adpt,4,webtable-cl_optim-v=12-distilroberta-dj_adpt~qwen3_8b-dj_adpt
contributors_parties_a.pq,1.0,0.047619047619047616,1.0,0.047619047619047616,1.0,1.0,0.047619047619047616,1.0,0.23809523809523808,1.0,0.23809523809523808,1.0,1.0,0.23809523809523808,1.0,0.47619047619047616,1.0,0.47619047619047616,1.0,1.0,0.47619047619047616,1.0,0.7142857142857143,1.0,0.7142857142857143,1.0,1.0,0.7142857142857143,1.0,0.9523809523809523,1.0,0.9523809523809523,1.0,1.0,0.9523809523809523,0.84,1.0,0.84,1.0,1.0,1.0,1.0,0.7,1.0,0.7,1.0,1.0,1.0,1.0,0.6,1.0,0.6,1.0,1.0,1.0,1.0,0.525,1.0,0.525,1.0,1.0,1.0,1.0,0.4666666666666667,1.0,0.4666666666666667,1.0,1.0,1.0,1.0,0.42,1.0,0.42,1.0,1.0,1.0,1.0,gtr_t5-dj_adpt,4,webtable-cl_optim-v=12-distilroberta-dj_adpt~qwen3_8b-dj_adpt
animal_tag_data_b.pq,1.0,0.08333333333333333,1.0,0.08333333333333333,1.0,1.0,0.08333333333333333,1.0,0.4166666666666667,1.0,0.4166666666666667,1.0,1.0,0.4166666666666667,1.0,0.8333333333333334,1.0,0.8333333333333334,1.0,1.0,0.8333333333333334,0.8,1.0,0.8,1.0,1.0,1.0,1.0,0.6,1.0,0.6,1.0,1.0,1.0,1.0,0.48,1.0,0.48,1.0,1.0,1.0,1.0,0.4,1.0,0.4,1.0,1.0,1.0,1.0,0.34285714285714286,1.0,0.34285714285714286,1.0,1.0,1.0,1.0,0.3,1.0,0.3,1.0,1.0,1.0,1.0,0.26666666666666666,1.0,0.26666666666666666,1.0,1.0,1.0,1.0,0.24,1.0,0.24,1.0,1.0,1.0,1.0,gtr_t5-dj_adpt,4,webtable-cl_optim-v=12-distilroberta-dj_adpt~qwen3_8b-dj_adpt
new_york_city_restaurant_inspection_results_a.pq,1.0,0.03225806451612903,1.0,0.03225806451612903,1.0,1.0,0.03225806451612903,1.0,0.16129032258064516,1.0,0.16129032258064516,1.0,1.0,0.16129032258064516,1.0,0.3225806451612903,1.0,0.3225806451612903,1.0,1.0,0.3225806451612903,1.0,0.4838709677419355,1.0,0.4838709677419355,1.0,1.0,0.4838709677419355,1.0,0.6451612903225806,1.0,0.6451612903225806,1.0,1.0,0.6451612903225806,1.0,0.8064516129032258,1.0,0.8064516129032258,1.0,1.0,0.8064516129032258,1.0,0.967741935483871,1.0,0.967741935483871,1.0,1.0,0.967741935483871,0.8857142857142857,1.0,0.8857142857142857,1.0,1.0,1.0,1.0,0.775,1.0,0.775,1.0,1.0,1.0,1.0,0.6888888888888889,1.0,0.6888888888888889,1.0,1.0,1.0,1.0,0.62,1.0,0.62,1.0,1.0,1.0,1.0,gtr_t5-dj_adpt,4,webtable-cl_optim-v=12-distilroberta-dj_adpt~qwen3_8b-dj_adpt
practice_reference_b.pq,1.0,0.06666666666666667,1.0,0.06666666666666667,1.0,1.0,0.06666666666666667,1.0,0.3333333333333333,1.0,0.3333333333333333,1.0,1.0,0.3333333333333333,1.0,0.6666666666666666,1.0,0.6666666666666666,1.0,1.0,0.6666666666666666,1.0,1.0,1.0,1.0,1.0,1.0,1.0,0.75,1.0,0.75,1.0,1.0,1.0,1.0,0.6,1.0,0.6,1.0,1.0,1.0,1.0,0.5,1.0,0.5,1.0,1.0,1.0,1.0,0.42857142857142855,1.0,0.42857142857142855,1.0,1.0,1.0,1.0,0.375,1.0,0.375,1.0,1.0,1.0,1.0,0.3333333333333333,1.0,0.3333333333333333,1.0,1.0,1.0,1.0,0.3,1.0,0.3,1.0,1.0,1.0,1.0,gtr_t5-dj_adpt,4,webtable-cl_optim-v=12-distilroberta-dj_adpt~qwen3_8b-dj_adpt
contributors_parties_b.pq,1.0,0.047619047619047616,1.0,0.047619047619047616,1.0,1.0,0.047619047619047616,1.0,0.23809523809523808,1.0,0.23809523809523808,1.0,1.0,0.23809523809523808,1.0,0.47619047619047616,1.0,0.47619047619047616,1.0,1.0,0.47619047619047616,1.0,0.7142857142857143,1.0,0.7142857142857143,1.0,1.0,0.7142857142857143,0.85,0.8095238095238095,1.0,0.9523809523809523,1.0,1.0,0.8095238095238095,0.68,0.8095238095238095,0.84,1.0,1.0,1.0,0.8095238095238095,0.5666666666666667,0.8095238095238095,0.7,1.0,1.0,1.0,0.8095238095238095,0.4857142857142857,0.8095238095238095,0.6,1.0,1.0,1.0,0.8095238095238095,0.425,0.8095238095238095,0.525,1.0,1.0,1.0,0.8095238095238095,0.37777777777777777,0.8095238095238095,0.4666666666666667,1.0,1.0,1.0,0.8095238095238095,0.34,0.8095238095238095,0.42,1.0,1.0,1.0,0.8095238095238095,gtr_t5-dj_adpt,4,webtable-cl_optim-v=12-distilroberta-dj_adpt~qwen3_8b-dj_adpt
mines_a.pq,1.0,0.07142857142857142,1.0,0.07142857142857142,1.0,1.0,0.07142857142857142,1.0,0.35714285714285715,1.0,0.35714285714285715,1.0,1.0,0.35714285714285715,1.0,0.7142857142857143,1.0,0.7142857142857143,1.0,1.0,0.7142857142857143,0.8666666666666667,0.9285714285714286,0.9333333333333333,1.0,1.0,1.0,0.9285714285714286,0.65,0.9285714285714286,0.7,1.0,1.0,1.0,0.9285714285714286,0.52,0.9285714285714286,0.56,1.0,1.0,1.0,0.9285714285714286,0.43333333333333335,0.9285714285714286,0.4666666666666667,1.0,1.0,1.0,0.9285714285714286,0.37142857142857144,0.9285714285714286,0.4,1.0,1.0,1.0,0.9285714285714286,0.325,0.9285714285714286,0.35,1.0,1.0,1.0,0.9285714285714286,0.28888888888888886,0.9285714285714286,0.3111111111111111,1.0,1.0,1.0,0.9285714285714286,0.26,0.9285714285714286,0.28,1.0,1.0,1.0,0.9285714285714286,gtr_t5-dj_adpt,4,webtable-cl_optim-v=12-distilroberta-dj_adpt~qwen3_8b-dj_adpt
complaint_by_practice_b.pq,1.0,0.07692307692307693,1.0,0.07692307692307693,1.0,1.0,0.07692307692307693,1.0,0.38461538461538464,1.0,0.38461538461538464,1.0,1.0,0.38461538461538464,1.0,0.7692307692307693,1.0,0.7692307692307693,1.0,1.0,0.7692307692307693,0.8666666666666667,1.0,0.8666666666666667,1.0,1.0,1.0,1.0,0.65,1.0,0.65,1.0,1.0,1.0,1.0,0.52,1.0,0.52,1.0,1.0,1.0,1.0,0.43333333333333335,1.0,0.43333333333333335,1.0,1.0,1.0,1.0,0.37142857142857144,1.0,0.37142857142857144,1.0,1.0,1.0,1.0,0.325,1.0,0.325,1.0,1.0,1.0,1.0,0.28888888888888886,1.0,0.28888888888888886,1.0,1.0,1.0,1.0,0.26,1.0,0.26,1.0,1.0,1.0,1.0,gtr_t5-dj_adpt,4,webtable-cl_optim-v=12-distilroberta-dj_adpt~qwen3_8b-dj_adpt
mines_b.pq,1.0,0.07142857142857142,1.0,0.07142857142857142,1.0,1.0,0.07142857142857142,0.8,0.2857142857142857,1.0,0.35714285714285715,1.0,1.0,0.2857142857142857,0.5,0.35714285714285715,1.0,0.7142857142857143,1.0,1.0,0.32142857142857145,0.3333333333333333,0.35714285714285715,0.9333333333333333,1.0,1.0,1.0,0.32142857142857145,0.25,0.35714285714285715,0.7,1.0,1.0,1.0,0.32142857142857145,0.2,0.35714285714285715,0.56,1.0,1.0,1.0,0.32142857142857145,0.16666666666666666,0.35714285714285715,0.4666666666666667,1.0,1.0,1.0,0.32142857142857145,0.2,0.5,0.4,1.0,1.0,1.0,0.3487012987012987,0.175,0.5,0.35,1.0,1.0,1.0,0.3487012987012987,0.15555555555555556,0.5,0.3111111111111111,1.0,1.0,1.0,0.3487012987012987,0.16,0.5714285714285714,0.28,1.0,1.0,1.0,0.36085935341254494,gtr_t5-dj_adpt,4,webtable-cl_optim-v=12-distilroberta-dj_adpt~qwen3_8b-dj_adpt
311_calls_historic_data_a.pq,1.0,0.09090909090909091,1.0,0.09090909090909091,1.0,1.0,0.09090909090909091,1.0,0.45454545454545453,1.0,0.45454545454545453,1.0,1.0,0.45454545454545453,1.0,0.9090909090909091,1.0,0.9090909090909091,1.0,1.0,0.9090909090909091,0.7333333333333333,1.0,0.7333333333333333,1.0,1.0,1.0,1.0,0.55,1.0,0.55,1.0,1.0,1.0,1.0,0.44,1.0,0.44,1.0,1.0,1.0,1.0,0.36666666666666664,1.0,0.36666666666666664,1.0,1.0,1.0,1.0,0.3142857142857143,1.0,0.3142857142857143,1.0,1.0,1.0,1.0,0.275,1.0,0.275,1.0,1.0,1.0,1.0,0.24444444444444444,1.0,0.24444444444444444,1.0,1.0,1.0,1.0,0.22,1.0,0.22,1.0,1.0,1.0,1.0,gtr_t5-dj_adpt,4,webtable-cl_optim-v=12-distilroberta-dj_adpt~qwen3_8b-dj_adpt
psyckes_antipsychotic_polypharmacy_quality_indicators_beginning_2012_a.pq,1.0,0.09090909090909091,1.0,0.09090909090909091,1.0,1.0,0.09090909090909091,1.0,0.45454545454545453,1.0,0.45454545454545453,1.0,1.0,0.45454545454545453,1.0,0.9090909090909091,1.0,0.9090909090909091,1.0,1.0,0.9090909090909091,0.7333333333333333,1.0,0.7333333333333333,1.0,1.0,1.0,1.0,0.55,1.0,0.55,1.0,1.0,1.0,1.0,0.44,1.0,0.44,1.0,1.0,1.0,1.0,0.36666666666666664,1.0,0.36666666666666664,1.0,1.0,1.0,1.0,0.3142857142857143,1.0,0.3142857142857143,1.0,1.0,1.0,1.0,0.275,1.0,0.275,1.0,1.0,1.0,1.0,0.24444444444444444,1.0,0.24444444444444444,1.0,1.0,1.0,1.0,0.22,1.0,0.22,1.0,1.0,1.0,1.0,gtr_t5-dj_adpt,4,webtable-cl_optim-v=12-distilroberta-dj_adpt~qwen3_8b-dj_adpt
albums_a.pq,1.0,0.0625,1.0,0.0625,1.0,1.0,0.0625,1.0,0.3125,1.0,0.3125,1.0,1.0,0.3125,1.0,0.625,1.0,0.625,1.0,1.0,0.625,1.0,0.9375,1.0,0.9375,1.0,1.0,0.9375,0.8,1.0,0.8,1.0,1.0,1.0,1.0,0.64,1.0,0.64,1.0,1.0,1.0,1.0,0.5333333333333333,1.0,0.5333333333333333,1.0,1.0,1.0,1.0,0.45714285714285713,1.0,0.45714285714285713,1.0,1.0,1.0,1.0,0.4,1.0,0.4,1.0,1.0,1.0,1.0,0.35555555555555557,1.0,0.35555555555555557,1.0,1.0,1.0,1.0,0.32,1.0,0.32,1.0,1.0,1.0,1.0,gtr_t5-dj_adpt,4,webtable-cl_optim-v=12-distilroberta-dj_adpt~qwen3_8b-dj_adpt
stockport_contracts_a.pq,1.0,0.07692307692307693,1.0,0.07692307692307693,1.0,1.0,0.07692307692307693,1.0,0.38461538461538464,1.0,0.38461538461538464,1.0,1.0,0.38461538461538464,1.0,0.7692307692307693,1.0,0.7692307692307693,1.0,1.0,0.7692307692307693,0.8666666666666667,1.0,0.8666666666666667,1.0,1.0,1.0,1.0,0.65,1.0,0.65,1.0,1.0,1.0,1.0,0.52,1.0,0.52,1.0,1.0,1.0,1.0,0.43333333333333335,1.0,0.43333333333333335,1.0,1.0,1.0,1.0,0.37142857142857144,1.0,0.37142857142857144,1.0,1.0,1.0,1.0,0.325,1.0,0.325,1.0,1.0,1.0,1.0,0.28888888888888886,1.0,0.28888888888888886,1.0,1.0,1.0,1.0,0.26,1.0,0.26,1.0,1.0,1.0,1.0,gtr_t5-dj_adpt,4,webtable-cl_optim-v=12-distilroberta-dj_adpt~qwen3_8b-dj_adpt
abandoned_wells_a.pq,1.0,0.09090909090909091,1.0,0.09090909090909091,1.0,1.0,0.09090909090909091,1.0,0.45454545454545453,1.0,0.45454545454545453,1.0,1.0,0.45454545454545453,1.0,0.9090909090909091,1.0,0.9090909090909091,1.0,1.0,0.9090909090909091,0.7333333333333333,1.0,0.7333333333333333,1.0,1.0,1.0,1.0,0.55,1.0,0.55,1.0,1.0,1.0,1.0,0.44,1.0,0.44,1.0,1.0,1.0,1.0,0.36666666666666664,1.0,0.36666666666666664,1.0,1.0,1.0,1.0,0.3142857142857143,1.0,0.3142857142857143,1.0,1.0,1.0,1.0,0.275,1.0,0.275,1.0,1.0,1.0,1.0,0.24444444444444444,1.0,0.24444444444444444,1.0,1.0,1.0,1.0,0.22,1.0,0.22,1.0,1.0,1.0,1.0,gtr_t5-dj_adpt,4,webtable-cl_optim-v=12-distilroberta-dj_adpt~qwen3_8b-dj_adpt
prescribing_a.pq,1.0,0.06666666666666667,1.0,0.06666666666666667,1.0,1.0,0.06666666666666667,1.0,0.3333333333333333,1.0,0.3333333333333333,1.0,1.0,0.3333333333333333,1.0,0.6666666666666666,1.0,0.6666666666666666,1.0,1.0,0.6666666666666666,1.0,1.0,1.0,1.0,1.0,1.0,1.0,0.75,1.0,0.75,1.0,1.0,1.0,1.0,0.6,1.0,0.6,1.0,1.0,1.0,1.0,0.5,1.0,0.5,1.0,1.0,1.0,1.0,0.42857142857142855,1.0,0.42857142857142855,1.0,1.0,1.0,1.0,0.375,1.0,0.375,1.0,1.0,1.0,1.0,0.3333333333333333,1.0,0.3333333333333333,1.0,1.0,1.0,1.0,0.3,1.0,0.3,1.0,1.0,1.0,1.0,gtr_t5-dj_adpt,4,webtable-cl_optim-v=12-distilroberta-dj_adpt~qwen3_8b-dj_adpt
ydn_spending_data_b.pq,1.0,0.08333333333333333,1.0,0.08333333333333333,1.0,1.0,0.08333333333333333,1.0,0.4166666666666667,1.0,0.4166666666666667,1.0,1.0,0.4166666666666667,1.0,0.8333333333333334,1.0,0.8333333333333334,1.0,1.0,0.8333333333333334,0.8,1.0,0.8,1.0,1.0,1.0,1.0,0.6,1.0,0.6,1.0,1.0,1.0,1.0,0.48,1.0,0.48,1.0,1.0,1.0,1.0,0.4,1.0,0.4,1.0,1.0,1.0,1.0,0.34285714285714286,1.0,0.34285714285714286,1.0,1.0,1.0,1.0,0.3,1.0,0.3,1.0,1.0,1.0,1.0,0.26666666666666666,1.0,0.26666666666666666,1.0,1.0,1.0,1.0,0.24,1.0,0.24,1.0,1.0,1.0,1.0,gtr_t5-dj_adpt,4,webtable-cl_optim-v=12-distilroberta-dj_adpt~qwen3_8b-dj_adpt
ipopayments_b.pq,1.0,0.06666666666666667,1.0,0.06666666666666667,1.0,1.0,0.06666666666666667,1.0,0.3333333333333333,1.0,0.3333333333333333,1.0,1.0,0.3333333333333333,1.0,0.6666666666666666,1.0,0.6666666666666666,1.0,1.0,0.6666666666666666,1.0,1.0,1.0,1.0,1.0,1.0,1.0,0.75,1.0,0.75,1.0,1.0,1.0,1.0,0.6,1.0,0.6,1.0,1.0,1.0,1.0,0.5,1.0,0.5,1.0,1.0,1.0,1.0,0.42857142857142855,1.0,0.42857142857142855,1.0,1.0,1.0,1.0,0.375,1.0,0.375,1.0,1.0,1.0,1.0,0.3333333333333333,1.0,0.3333333333333333,1.0,1.0,1.0,1.0,0.3,1.0,0.3,1.0,1.0,1.0,1.0,gtr_t5-dj_adpt,4,webtable-cl_optim-v=12-distilroberta-dj_adpt~qwen3_8b-dj_adpt
animal_tag_data_a.pq,1.0,0.08333333333333333,1.0,0.08333333333333333,1.0,1.0,0.08333333333333333,1.0,0.4166666666666667,1.0,0.4166666666666667,1.0,1.0,0.4166666666666667,1.0,0.8333333333333334,1.0,0.8333333333333334,1.0,1.0,0.8333333333333334,0.8,1.0,0.8,1.0,1.0,1.0,1.0,0.6,1.0,0.6,1.0,1.0,1.0,1.0,0.48,1.0,0.48,1.0,1.0,1.0,1.0,0.4,1.0,0.4,1.0,1.0,1.0,1.0,0.34285714285714286,1.0,0.34285714285714286,1.0,1.0,1.0,1.0,0.3,1.0,0.3,1.0,1.0,1.0,1.0,0.26666666666666666,1.0,0.26666666666666666,1.0,1.0,1.0,1.0,0.24,1.0,0.24,1.0,1.0,1.0,1.0,gtr_t5-dj_adpt,4,webtable-cl_optim-v=12-distilroberta-dj_adpt~qwen3_8b-dj_adpt
job_pay_scales_a.pq,1.0,0.06666666666666667,1.0,0.06666666666666667,1.0,1.0,0.06666666666666667,1.0,0.3333333333333333,1.0,0.3333333333333333,1.0,1.0,0.3333333333333333,1.0,0.6666666666666666,1.0,0.6666666666666666,1.0,1.0,0.6666666666666666,1.0,1.0,1.0,1.0,1.0,1.0,1.0,0.75,1.0,0.75,1.0,1.0,1.0,1.0,0.6,1.0,0.6,1.0,1.0,1.0,1.0,0.5,1.0,0.5,1.0,1.0,1.0,1.0,0.42857142857142855,1.0,0.42857142857142855,1.0,1.0,1.0,1.0,0.375,1.0,0.375,1.0,1.0,1.0,1.0,0.3333333333333333,1.0,0.3333333333333333,1.0,1.0,1.0,1.0,0.3,1.0,0.3,1.0,1.0,1.0,1.0,gtr_t5-dj_adpt,4,webtable-cl_optim-v=12-distilroberta-dj_adpt~qwen3_8b-dj_adpt
deaths_2012_2018_a.pq,1.0,0.09090909090909091,1.0,0.09090909090909091,1.0,1.0,0.09090909090909091,1.0,0.45454545454545453,1.0,0.45454545454545453,1.0,1.0,0.45454545454545453,1.0,0.9090909090909091,1.0,0.9090909090909091,1.0,1.0,0.9090909090909091,0.7333333333333333,1.0,0.7333333333333333,1.0,1.0,1.0,1.0,0.55,1.0,0.55,1.0,1.0,1.0,1.0,0.44,1.0,0.44,1.0,1.0,1.0,1.0,0.36666666666666664,1.0,0.36666666666666664,1.0,1.0,1.0,1.0,0.3142857142857143,1.0,0.3142857142857143,1.0,1.0,1.0,1.0,0.275,1.0,0.275,1.0,1.0,1.0,1.0,0.24444444444444444,1.0,0.24444444444444444,1.0,1.0,1.0,1.0,0.22,1.0,0.22,1.0,1.0,1.0,1.0,gtr_t5-dj_adpt,4,webtable-cl_optim-v=12-distilroberta-dj_adpt~qwen3_8b-dj_adpt
lane_description_a.pq,1.0,0.0625,1.0,0.0625,1.0,1.0,0.0625,1.0,0.3125,1.0,0.3125,1.0,1.0,0.3125,1.0,0.625,1.0,0.625,1.0,1.0,0.625,1.0,0.9375,1.0,0.9375,1.0,1.0,0.9375,0.8,1.0,0.8,1.0,1.0,1.0,1.0,0.64,1.0,0.64,1.0,1.0,1.0,1.0,0.5333333333333333,1.0,0.5333333333333333,1.0,1.0,1.0,1.0,0.45714285714285713,1.0,0.45714285714285713,1.0,1.0,1.0,1.0,0.4,1.0,0.4,1.0,1.0,1.0,1.0,0.35555555555555557,1.0,0.35555555555555557,1.0,1.0,1.0,1.0,0.32,1.0,0.32,1.0,1.0,1.0,1.0,gtr_t5-dj_adpt,4,webtable-cl_optim-v=12-distilroberta-dj_adpt~qwen3_8b-dj_adpt
oil_and_gas_summary_production_data_1967_1999_a.pq,1.0,0.09090909090909091,1.0,0.09090909090909091,1.0,1.0,0.09090909090909091,1.0,0.45454545454545453,1.0,0.45454545454545453,1.0,1.0,0.45454545454545453,1.0,0.9090909090909091,1.0,0.9090909090909091,1.0,1.0,0.9090909090909091,0.7333333333333333,1.0,0.7333333333333333,1.0,1.0,1.0,1.0,0.55,1.0,0.55,1.0,1.0,1.0,1.0,0.44,1.0,0.44,1.0,1.0,1.0,1.0,0.36666666666666664,1.0,0.36666666666666664,1.0,1.0,1.0,1.0,0.3142857142857143,1.0,0.3142857142857143,1.0,1.0,1.0,1.0,0.275,1.0,0.275,1.0,1.0,1.0,1.0,0.24444444444444444,1.0,0.24444444444444444,1.0,1.0,1.0,1.0,0.22,1.0,0.22,1.0,1.0,1.0,1.0,gtr_t5-dj_adpt,4,webtable-cl_optim-v=12-distilroberta-dj_adpt~qwen3_8b-dj_adpt
purchasing_card_a.pq,1.0,0.07692307692307693,1.0,0.07692307692307693,1.0,1.0,0.07692307692307693,1.0,0.38461538461538464,1.0,0.38461538461538464,1.0,1.0,0.38461538461538464,1.0,0.7692307692307693,1.0,0.7692307692307693,1.0,1.0,0.7692307692307693,0.8666666666666667,1.0,0.8666666666666667,1.0,1.0,1.0,1.0,0.65,1.0,0.65,1.0,1.0,1.0,1.0,0.52,1.0,0.52,1.0,1.0,1.0,1.0,0.43333333333333335,1.0,0.43333333333333335,1.0,1.0,1.0,1.0,0.37142857142857144,1.0,0.37142857142857144,1.0,1.0,1.0,1.0,0.325,1.0,0.325,1.0,1.0,1.0,1.0,0.28888888888888886,1.0,0.28888888888888886,1.0,1.0,1.0,1.0,0.26,1.0,0.26,1.0,1.0,1.0,1.0,gtr_t5-dj_adpt,4,webtable-cl_optim-v=12-distilroberta-dj_adpt~qwen3_8b-dj_adpt
senior_officials_expenses_a.pq,1.0,0.09090909090909091,1.0,0.09090909090909091,1.0,1.0,0.09090909090909091,1.0,0.45454545454545453,1.0,0.45454545454545453,1.0,1.0,0.45454545454545453,0.9,0.8181818181818182,1.0,0.9090909090909091,1.0,1.0,0.8181818181818182,0.6666666666666666,0.9090909090909091,0.7333333333333333,1.0,1.0,1.0,0.9008264462809916,0.5,0.9090909090909091,0.55,1.0,1.0,1.0,0.9008264462809916,0.4,0.9090909090909091,0.44,1.0,1.0,1.0,0.9008264462809916,0.3333333333333333,0.9090909090909091,0.36666666666666664,1.0,1.0,1.0,0.9008264462809916,0.2857142857142857,0.9090909090909091,0.3142857142857143,1.0,1.0,1.0,0.9008264462809916,0.25,0.9090909090909091,0.275,1.0,1.0,1.0,0.9008264462809916,0.2222222222222222,0.9090909090909091,0.24444444444444444,1.0,1.0,1.0,0.9008264462809916,0.2,0.9090909090909091,0.22,1.0,1.0,1.0,0.9008264462809916,gtr_t5-dj_adpt,4,webtable-cl_optim-v=12-distilroberta-dj_adpt~qwen3_8b-dj_adpt
cihr_co-applicant_b.pq,1.0,0.08333333333333333,1.0,0.08333333333333333,1.0,1.0,0.08333333333333333,1.0,0.4166666666666667,1.0,0.4166666666666667,1.0,1.0,0.4166666666666667,1.0,0.8333333333333334,1.0,0.8333333333333334,1.0,1.0,0.8333333333333334,0.8,1.0,0.8,1.0,1.0,1.0,1.0,0.6,1.0,0.6,1.0,1.0,1.0,1.0,0.48,1.0,0.48,1.0,1.0,1.0,1.0,0.4,1.0,0.4,1.0,1.0,1.0,1.0,0.34285714285714286,1.0,0.34285714285714286,1.0,1.0,1.0,1.0,0.3,1.0,0.3,1.0,1.0,1.0,1.0,0.26666666666666666,1.0,0.26666666666666666,1.0,1.0,1.0,1.0,0.24,1.0,0.24,1.0,1.0,1.0,1.0,gtr_t5-dj_adpt,4,webtable-cl_optim-v=12-distilroberta-dj_adpt~qwen3_8b-dj_adpt
minister_meetings_a.pq,1.0,0.1,1.0,0.1,1.0,1.0,0.1,0.8,0.4,1.0,0.5,1.0,1.0,0.4,0.7,0.7,1.0,1.0,1.0,1.0,0.6361111111111111,0.5333333333333333,0.8,0.6666666666666666,1.0,1.0,1.0,0.7027777777777777,0.4,0.8,0.5,1.0,1.0,1.0,0.7027777777777777,0.32,0.8,0.4,1.0,1.0,1.0,0.7027777777777777,0.26666666666666666,0.8,0.3333333333333333,1.0,1.0,1.0,0.7027777777777777,0.2571428571428571,0.9,0.2857142857142857,1.0,1.0,1.0,0.7309027777777778,0.25,1.0,0.25,1.0,1.0,1.0,0.757218567251462,0.2222222222222222,1.0,0.2222222222222222,1.0,1.0,1.0,0.757218567251462,0.2,1.0,0.2,1.0,1.0,1.0,0.757218567251462,gtr_t5-dj_adpt,4,webtable-cl_optim-v=12-distilroberta-dj_adpt~qwen3_8b-dj_adpt
wholesale_markets_a.pq,1.0,0.09090909090909091,1.0,0.09090909090909091,1.0,1.0,0.09090909090909091,1.0,0.45454545454545453,1.0,0.45454545454545453,1.0,1.0,0.45454545454545453,1.0,0.9090909090909091,1.0,0.9090909090909091,1.0,1.0,0.9090909090909091,0.7333333333333333,1.0,0.7333333333333333,1.0,1.0,1.0,1.0,0.55,1.0,0.55,1.0,1.0,1.0,1.0,0.44,1.0,0.44,1.0,1.0,1.0,1.0,0.36666666666666664,1.0,0.36666666666666664,1.0,1.0,1.0,1.0,0.3142857142857143,1.0,0.3142857142857143,1.0,1.0,1.0,1.0,0.275,1.0,0.275,1.0,1.0,1.0,1.0,0.24444444444444444,1.0,0.24444444444444444,1.0,1.0,1.0,1.0,0.22,1.0,0.22,1.0,1.0,1.0,1.0,gtr_t5-dj_adpt,4,webtable-cl_optim-v=12-distilroberta-dj_adpt~qwen3_8b-dj_adpt
workforce_management_information_a.pq,1.0,0.05555555555555555,1.0,0.05555555555555555,1.0,1.0,0.05555555555555555,1.0,0.2777777777777778,1.0,0.2777777777777778,1.0,1.0,0.2777777777777778,1.0,0.5555555555555556,1.0,0.5555555555555556,1.0,1.0,0.5555555555555556,1.0,0.8333333333333334,1.0,0.8333333333333334,1.0,1.0,0.8333333333333334,0.9,1.0,0.9,1.0,1.0,1.0,1.0,0.72,1.0,0.72,1.0,1.0,1.0,1.0,0.6,1.0,0.6,1.0,1.0,1.0,1.0,0.5142857142857142,1.0,0.5142857142857142,1.0,1.0,1.0,1.0,0.45,1.0,0.45,1.0,1.0,1.0,1.0,0.4,1.0,0.4,1.0,1.0,1.0,1.0,0.36,1.0,0.36,1.0,1.0,1.0,1.0,gtr_t5-dj_adpt,4,webtable-cl_optim-v=12-distilroberta-dj_adpt~qwen3_8b-dj_adpt
biodiversity_a.pq,1.0,0.09090909090909091,1.0,0.09090909090909091,1.0,1.0,0.09090909090909091,1.0,0.45454545454545453,1.0,0.45454545454545453,1.0,1.0,0.45454545454545453,0.9,0.8181818181818182,1.0,0.9090909090909091,1.0,1.0,0.8090909090909091,0.6,0.8181818181818182,0.7333333333333333,1.0,1.0,1.0,0.8090909090909091,0.5,0.9090909090909091,0.55,1.0,1.0,1.0,0.865909090909091,0.4,0.9090909090909091,0.44,1.0,1.0,1.0,0.865909090909091,0.3333333333333333,0.9090909090909091,0.36666666666666664,1.0,1.0,1.0,0.865909090909091,0.2857142857142857,0.9090909090909091,0.3142857142857143,1.0,1.0,1.0,0.865909090909091,0.25,0.9090909090909091,0.275,1.0,1.0,1.0,0.865909090909091,0.2222222222222222,0.9090909090909091,0.24444444444444444,1.0,1.0,1.0,0.865909090909091,0.2,0.9090909090909091,0.22,1.0,1.0,1.0,0.865909090909091,gtr_t5-dj_adpt,4,webtable-cl_optim-v=12-distilroberta-dj_adpt~qwen3_8b-dj_adpt
cihr_co-applicant_a.pq,1.0,0.08333333333333333,1.0,0.08333333333333333,1.0,1.0,0.08333333333333333,1.0,0.4166666666666667,1.0,0.4166666666666667,1.0,1.0,0.4166666666666667,1.0,0.8333333333333334,1.0,0.8333333333333334,1.0,1.0,0.8333333333333334,0.8,1.0,0.8,1.0,1.0,1.0,1.0,0.6,1.0,0.6,1.0,1.0,1.0,1.0,0.48,1.0,0.48,1.0,1.0,1.0,1.0,0.4,1.0,0.4,1.0,1.0,1.0,1.0,0.34285714285714286,1.0,0.34285714285714286,1.0,1.0,1.0,1.0,0.3,1.0,0.3,1.0,1.0,1.0,1.0,0.26666666666666666,1.0,0.26666666666666666,1.0,1.0,1.0,1.0,0.24,1.0,0.24,1.0,1.0,1.0,1.0,gtr_t5-dj_adpt,4,webtable-cl_optim-v=12-distilroberta-dj_adpt~qwen3_8b-dj_adpt
cdc_nutrition_physical_activity_and_obesity_legislation_a.pq,1.0,0.09090909090909091,1.0,0.09090909090909091,1.0,1.0,0.09090909090909091,1.0,0.45454545454545453,1.0,0.45454545454545453,1.0,1.0,0.45454545454545453,1.0,0.9090909090909091,1.0,0.9090909090909091,1.0,1.0,0.9090909090909091,0.7333333333333333,1.0,0.7333333333333333,1.0,1.0,1.0,1.0,0.55,1.0,0.55,1.0,1.0,1.0,1.0,0.44,1.0,0.44,1.0,1.0,1.0,1.0,0.36666666666666664,1.0,0.36666666666666664,1.0,1.0,1.0,1.0,0.3142857142857143,1.0,0.3142857142857143,1.0,1.0,1.0,1.0,0.275,1.0,0.275,1.0,1.0,1.0,1.0,0.24444444444444444,1.0,0.24444444444444444,1.0,1.0,1.0,1.0,0.22,1.0,0.22,1.0,1.0,1.0,1.0,gtr_t5-dj_adpt,4,webtable-cl_optim-v=12-distilroberta-dj_adpt~qwen3_8b-dj_adpt
ipopayments_a.pq,1.0,0.06666666666666667,1.0,0.06666666666666667,1.0,1.0,0.06666666666666667,1.0,0.3333333333333333,1.0,0.3333333333333333,1.0,1.0,0.3333333333333333,1.0,0.6666666666666666,1.0,0.6666666666666666,1.0,1.0,0.6666666666666666,1.0,1.0,1.0,1.0,1.0,1.0,1.0,0.75,1.0,0.75,1.0,1.0,1.0,1.0,0.6,1.0,0.6,1.0,1.0,1.0,1.0,0.5,1.0,0.5,1.0,1.0,1.0,1.0,0.42857142857142855,1.0,0.42857142857142855,1.0,1.0,1.0,1.0,0.375,1.0,0.375,1.0,1.0,1.0,1.0,0.3333333333333333,1.0,0.3333333333333333,1.0,1.0,1.0,1.0,0.3,1.0,0.3,1.0,1.0,1.0,1.0,gtr_t5-dj_adpt,4,webtable-cl_optim-v=12-distilroberta-dj_adpt~qwen3_8b-dj_adpt
data_mill_a.pq,1.0,0.07142857142857142,1.0,0.07142857142857142,1.0,1.0,0.07142857142857142,1.0,0.35714285714285715,1.0,0.35714285714285715,1.0,1.0,0.35714285714285715,1.0,0.7142857142857143,1.0,0.7142857142857143,1.0,1.0,0.7142857142857143,0.9333333333333333,1.0,0.9333333333333333,1.0,1.0,1.0,1.0,0.7,1.0,0.7,1.0,1.0,1.0,1.0,0.56,1.0,0.56,1.0,1.0,1.0,1.0,0.4666666666666667,1.0,0.4666666666666667,1.0,1.0,1.0,1.0,0.4,1.0,0.4,1.0,1.0,1.0,1.0,0.35,1.0,0.35,1.0,1.0,1.0,1.0,0.3111111111111111,1.0,0.3111111111111111,1.0,1.0,1.0,1.0,0.28,1.0,0.28,1.0,1.0,1.0,1.0,gtr_t5-dj_adpt,4,webtable-cl_optim-v=12-distilroberta-dj_adpt~qwen3_8b-dj_adpt
albums_b.pq,1.0,0.0625,1.0,0.0625,1.0,1.0,0.0625,1.0,0.3125,1.0,0.3125,1.0,1.0,0.3125,1.0,0.625,1.0,0.625,1.0,1.0,0.625,1.0,0.9375,1.0,0.9375,1.0,1.0,0.9375,0.8,1.0,0.8,1.0,1.0,1.0,1.0,0.64,1.0,0.64,1.0,1.0,1.0,1.0,0.5333333333333333,1.0,0.5333333333333333,1.0,1.0,1.0,1.0,0.45714285714285713,1.0,0.45714285714285713,1.0,1.0,1.0,1.0,0.4,1.0,0.4,1.0,1.0,1.0,1.0,0.35555555555555557,1.0,0.35555555555555557,1.0,1.0,1.0,1.0,0.32,1.0,0.32,1.0,1.0,1.0,1.0,gtr_t5-dj_adpt,4,webtable-cl_optim-v=12-distilroberta-dj_adpt~qwen3_8b-dj_adpt
monthly_data_feed_a.pq,1.0,0.07692307692307693,1.0,0.07692307692307693,1.0,1.0,0.07692307692307693,1.0,0.38461538461538464,1.0,0.38461538461538464,1.0,1.0,0.38461538461538464,1.0,0.7692307692307693,1.0,0.7692307692307693,1.0,1.0,0.7692307692307693,0.8666666666666667,1.0,0.8666666666666667,1.0,1.0,1.0,1.0,0.65,1.0,0.65,1.0,1.0,1.0,1.0,0.52,1.0,0.52,1.0,1.0,1.0,1.0,0.43333333333333335,1.0,0.43333333333333335,1.0,1.0,1.0,1.0,0.37142857142857144,1.0,0.37142857142857144,1.0,1.0,1.0,1.0,0.325,1.0,0.325,1.0,1.0,1.0,1.0,0.28888888888888886,1.0,0.28888888888888886,1.0,1.0,1.0,1.0,0.26,1.0,0.26,1.0,1.0,1.0,1.0,gtr_t5-dj_adpt,4,webtable-cl_optim-v=12-distilroberta-dj_adpt~qwen3_8b-dj_adpt
immigration_records_a.pq,1.0,0.0625,1.0,0.0625,1.0,1.0,0.0625,1.0,0.3125,1.0,0.3125,1.0,1.0,0.3125,1.0,0.625,1.0,0.625,1.0,1.0,0.625,1.0,0.9375,1.0,0.9375,1.0,1.0,0.9375,0.8,1.0,0.8,1.0,1.0,1.0,1.0,0.64,1.0,0.64,1.0,1.0,1.0,1.0,0.5333333333333333,1.0,0.5333333333333333,1.0,1.0,1.0,1.0,0.45714285714285713,1.0,0.45714285714285713,1.0,1.0,1.0,1.0,0.4,1.0,0.4,1.0,1.0,1.0,1.0,0.35555555555555557,1.0,0.35555555555555557,1.0,1.0,1.0,1.0,0.32,1.0,0.32,1.0,1.0,1.0,1.0,gtr_t5-dj_adpt,4,webtable-cl_optim-v=12-distilroberta-dj_adpt~qwen3_8b-dj_adpt
complaint_by_practice_a.pq,1.0,0.07692307692307693,1.0,0.07692307692307693,1.0,1.0,0.07692307692307693,1.0,0.38461538461538464,1.0,0.38461538461538464,1.0,1.0,0.38461538461538464,1.0,0.7692307692307693,1.0,0.7692307692307693,1.0,1.0,0.7692307692307693,0.8666666666666667,1.0,0.8666666666666667,1.0,1.0,1.0,1.0,0.65,1.0,0.65,1.0,1.0,1.0,1.0,0.52,1.0,0.52,1.0,1.0,1.0,1.0,0.43333333333333335,1.0,0.43333333333333335,1.0,1.0,1.0,1.0,0.37142857142857144,1.0,0.37142857142857144,1.0,1.0,1.0,1.0,0.325,1.0,0.325,1.0,1.0,1.0,1.0,0.28888888888888886,1.0,0.28888888888888886,1.0,1.0,1.0,1.0,0.26,1.0,0.26,1.0,1.0,1.0,1.0,gtr_t5-dj_adpt,4,webtable-cl_optim-v=12-distilroberta-dj_adpt~qwen3_8b-dj_adpt
practice_reference_a.pq,1.0,0.06666666666666667,1.0,0.06666666666666667,1.0,1.0,0.06666666666666667,1.0,0.3333333333333333,1.0,0.3333333333333333,1.0,1.0,0.3333333333333333,1.0,0.6666666666666666,1.0,0.6666666666666666,1.0,1.0,0.6666666666666666,1.0,1.0,1.0,1.0,1.0,1.0,1.0,0.75,1.0,0.75,1.0,1.0,1.0,1.0,0.6,1.0,0.6,1.0,1.0,1.0,1.0,0.5,1.0,0.5,1.0,1.0,1.0,1.0,0.42857142857142855,1.0,0.42857142857142855,1.0,1.0,1.0,1.0,0.375,1.0,0.375,1.0,1.0,1.0,1.0,0.3333333333333333,1.0,0.3333333333333333,1.0,1.0,1.0,1.0,0.3,1.0,0.3,1.0,1.0,1.0,1.0,gtr_t5-dj_adpt,4,webtable-cl_optim-v=12-distilroberta-dj_adpt~qwen3_8b-dj_adpt
report_card_discipline_for_2015_16_a.pq,1.0,0.09090909090909091,1.0,0.09090909090909091,1.0,1.0,0.09090909090909091,1.0,0.45454545454545453,1.0,0.45454545454545453,1.0,1.0,0.45454545454545453,1.0,0.9090909090909091,1.0,0.9090909090909091,1.0,1.0,0.9090909090909091,0.7333333333333333,1.0,0.7333333333333333,1.0,1.0,1.0,1.0,0.55,1.0,0.55,1.0,1.0,1.0,1.0,0.44,1.0,0.44,1.0,1.0,1.0,1.0,0.36666666666666664,1.0,0.36666666666666664,1.0,1.0,1.0,1.0,0.3142857142857143,1.0,0.3142857142857143,1.0,1.0,1.0,1.0,0.275,1.0,0.275,1.0,1.0,1.0,1.0,0.24444444444444444,1.0,0.24444444444444444,1.0,1.0,1.0,1.0,0.22,1.0,0.22,1.0,1.0,1.0,1.0,gtr_t5-dj_adpt,4,webtable-cl_optim-v=12-distilroberta-dj_adpt~qwen3_8b-dj_adpt
stockport_contracts_b.pq,1.0,0.07692307692307693,1.0,0.07692307692307693,1.0,1.0,0.07692307692307693,1.0,0.38461538461538464,1.0,0.38461538461538464,1.0,1.0,0.38461538461538464,1.0,0.7692307692307693,1.0,0.7692307692307693,1.0,1.0,0.7692307692307693,0.8666666666666667,1.0,0.8666666666666667,1.0,1.0,1.0,1.0,0.65,1.0,0.65,1.0,1.0,1.0,1.0,0.52,1.0,0.52,1.0,1.0,1.0,1.0,0.43333333333333335,1.0,0.43333333333333335,1.0,1.0,1.0,1.0,0.37142857142857144,1.0,0.37142857142857144,1.0,1.0,1.0,1.0,0.325,1.0,0.325,1.0,1.0,1.0,1.0,0.28888888888888886,1.0,0.28888888888888886,1.0,1.0,1.0,1.0,0.26,1.0,0.26,1.0,1.0,1.0,1.0,gtr_t5-dj_adpt,4,webtable-cl_optim-v=12-distilroberta-dj_adpt~qwen3_8b-dj_adpt
ydn_spending_data_a.pq,1.0,0.08333333333333333,1.0,0.08333333333333333,1.0,1.0,0.08333333333333333,1.0,0.4166666666666667,1.0,0.4166666666666667,1.0,1.0,0.4166666666666667,1.0,0.8333333333333334,1.0,0.8333333333333334,1.0,1.0,0.8333333333333334,0.8,1.0,0.8,1.0,1.0,1.0,1.0,0.6,1.0,0.6,1.0,1.0,1.0,1.0,0.48,1.0,0.48,1.0,1.0,1.0,1.0,0.4,1.0,0.4,1.0,1.0,1.0,1.0,0.34285714285714286,1.0,0.34285714285714286,1.0,1.0,1.0,1.0,0.3,1.0,0.3,1.0,1.0,1.0,1.0,0.26666666666666666,1.0,0.26666666666666666,1.0,1.0,1.0,1.0,0.24,1.0,0.24,1.0,1.0,1.0,1.0,gtr_t5-dj_adpt,4,webtable-cl_optim-v=12-distilroberta-dj_adpt~qwen3_8b-dj_adpt
monthly_data_feed_b.pq,1.0,0.07692307692307693,1.0,0.07692307692307693,1.0,1.0,0.07692307692307693,1.0,0.38461538461538464,1.0,0.38461538461538464,1.0,1.0,0.38461538461538464,1.0,0.7692307692307693,1.0,0.7692307692307693,1.0,1.0,0.7692307692307693,0.8666666666666667,1.0,0.8666666666666667,1.0,1.0,1.0,1.0,0.65,1.0,0.65,1.0,1.0,1.0,1.0,0.52,1.0,0.52,1.0,1.0,1.0,1.0,0.43333333333333335,1.0,0.43333333333333335,1.0,1.0,1.0,1.0,0.37142857142857144,1.0,0.37142857142857144,1.0,1.0,1.0,1.0,0.325,1.0,0.325,1.0,1.0,1.0,1.0,0.28888888888888886,1.0,0.28888888888888886,1.0,1.0,1.0,1.0,0.26,1.0,0.26,1.0,1.0,1.0,1.0,gtr_t5-dj_adpt,4,webtable-cl_optim-v=12-distilroberta-dj_adpt~qwen3_8b-dj_adpt
civic_building_locations_a.pq,1.0,0.08333333333333333,1.0,0.08333333333333333,1.0,1.0,0.08333333333333333,1.0,0.4166666666666667,1.0,0.4166666666666667,1.0,1.0,0.4166666666666667,1.0,0.8333333333333334,1.0,0.8333333333333334,1.0,1.0,0.8333333333333334,0.8,1.0,0.8,1.0,1.0,1.0,1.0,0.6,1.0,0.6,1.0,1.0,1.0,1.0,0.48,1.0,0.48,1.0,1.0,1.0,1.0,0.4,1.0,0.4,1.0,1.0,1.0,1.0,0.34285714285714286,1.0,0.34285714285714286,1.0,1.0,1.0,1.0,0.3,1.0,0.3,1.0,1.0,1.0,1.0,0.26666666666666666,1.0,0.26666666666666666,1.0,1.0,1.0,1.0,0.24,1.0,0.24,1.0,1.0,1.0,1.0,gtr_t5-dj_adpt,4,webtable-cl_optim-v=12-distilroberta-dj_adpt~qwen3_8b-dj_adpt
film_locations_in_san_francisco_a.pq,1.0,0.07692307692307693,1.0,0.07692307692307693,1.0,1.0,0.07692307692307693,1.0,0.38461538461538464,1.0,0.38461538461538464,1.0,1.0,0.38461538461538464,1.0,0.7692307692307693,1.0,0.7692307692307693,1.0,1.0,0.7692307692307693,0.8666666666666667,1.0,0.8666666666666667,1.0,1.0,1.0,1.0,0.65,1.0,0.65,1.0,1.0,1.0,1.0,0.52,1.0,0.52,1.0,1.0,1.0,1.0,0.43333333333333335,1.0,0.43333333333333335,1.0,1.0,1.0,1.0,0.37142857142857144,1.0,0.37142857142857144,1.0,1.0,1.0,1.0,0.325,1.0,0.325,1.0,1.0,1.0,1.0,0.28888888888888886,1.0,0.28888888888888886,1.0,1.0,1.0,1.0,0.26,1.0,0.26,1.0,1.0,1.0,1.0,gtr_t5-dj_adpt,4,webtable-cl_optim-v=12-distilroberta-dj_adpt~qwen3_8b-dj_adpt
time_spent_watching_vcr_movies_a.pq,1.0,0.09090909090909091,1.0,0.09090909090909091,1.0,1.0,0.09090909090909091,1.0,0.45454545454545453,1.0,0.45454545454545453,1.0,1.0,0.45454545454545453,1.0,0.9090909090909091,1.0,0.9090909090909091,1.0,1.0,0.9090909090909091,0.7333333333333333,1.0,0.7333333333333333,1.0,1.0,1.0,1.0,0.55,1.0,0.55,1.0,1.0,1.0,1.0,0.44,1.0,0.44,1.0,1.0,1.0,1.0,0.36666666666666664,1.0,0.36666666666666664,1.0,1.0,1.0,1.0,0.3142857142857143,1.0,0.3142857142857143,1.0,1.0,1.0,1.0,0.275,1.0,0.275,1.0,1.0,1.0,1.0,0.24444444444444444,1.0,0.24444444444444444,1.0,1.0,1.0,1.0,0.22,1.0,0.22,1.0,1.0,1.0,1.0,gtr_t5-dj_adpt,4,webtable-cl_optim-v=12-distilroberta-dj_adpt~qwen3_8b-dj_adpt
workforce_management_information_b.pq,1.0,0.05555555555555555,1.0,0.05555555555555555,1.0,1.0,0.05555555555555555,1.0,0.2777777777777778,1.0,0.2777777777777778,1.0,1.0,0.2777777777777778,1.0,0.5555555555555556,1.0,0.5555555555555556,1.0,1.0,0.5555555555555556,1.0,0.8333333333333334,1.0,0.8333333333333334,1.0,1.0,0.8333333333333334,0.9,1.0,0.9,1.0,1.0,1.0,1.0,0.72,1.0,0.72,1.0,1.0,1.0,1.0,0.6,1.0,0.6,1.0,1.0,1.0,1.0,0.5142857142857142,1.0,0.5142857142857142,1.0,1.0,1.0,1.0,0.45,1.0,0.45,1.0,1.0,1.0,1.0,0.4,1.0,0.4,1.0,1.0,1.0,1.0,0.36,1.0,0.36,1.0,1.0,1.0,1.0,gtr_t5-dj_adpt,4,webtable-cl_optim-v=12-distilroberta-dj_adpt~qwen3_8b-dj_adpt
prescribing_b.pq,1.0,0.06666666666666667,1.0,0.06666666666666667,1.0,1.0,0.06666666666666667,1.0,0.3333333333333333,1.0,0.3333333333333333,1.0,1.0,0.3333333333333333,1.0,0.6666666666666666,1.0,0.6666666666666666,1.0,1.0,0.6666666666666666,1.0,1.0,1.0,1.0,1.0,1.0,1.0,0.75,1.0,0.75,1.0,1.0,1.0,1.0,0.6,1.0,0.6,1.0,1.0,1.0,1.0,0.5,1.0,0.5,1.0,1.0,1.0,1.0,0.42857142857142855,1.0,0.42857142857142855,1.0,1.0,1.0,1.0,0.375,1.0,0.375,1.0,1.0,1.0,1.0,0.3333333333333333,1.0,0.3333333333333333,1.0,1.0,1.0,1.0,0.3,1.0,0.3,1.0,1.0,1.0,1.0,gtr_t5-dj_adpt,4,webtable-cl_optim-v=12-distilroberta-dj_adpt~qwen3_8b-dj_adpt
lane_description_b.pq,1.0,0.0625,1.0,0.0625,1.0,1.0,0.0625,1.0,0.3125,1.0,0.3125,1.0,1.0,0.3125,1.0,0.625,1.0,0.625,1.0,1.0,0.625,1.0,0.9375,1.0,0.9375,1.0,1.0,0.9375,0.8,1.0,0.8,1.0,1.0,1.0,1.0,0.64,1.0,0.64,1.0,1.0,1.0,1.0,0.5333333333333333,1.0,0.5333333333333333,1.0,1.0,1.0,1.0,0.45714285714285713,1.0,0.45714285714285713,1.0,1.0,1.0,1.0,0.4,1.0,0.4,1.0,1.0,1.0,1.0,0.35555555555555557,1.0,0.35555555555555557,1.0,1.0,1.0,1.0,0.32,1.0,0.32,1.0,1.0,1.0,1.0,gtr_t5-dj_adpt,4,webtable-cl_optim-v=12-distilroberta-dj_adpt~qwen3_8b-dj_adpt
business_rates_a.pq,1.0,0.08333333333333333,1.0,0.08333333333333333,1.0,1.0,0.08333333333333333,1.0,0.4166666666666667,1.0,0.4166666666666667,1.0,1.0,0.4166666666666667,1.0,0.8333333333333334,1.0,0.8333333333333334,1.0,1.0,0.8333333333333334,0.8,1.0,0.8,1.0,1.0,1.0,1.0,0.6,1.0,0.6,1.0,1.0,1.0,1.0,0.48,1.0,0.48,1.0,1.0,1.0,1.0,0.4,1.0,0.4,1.0,1.0,1.0,1.0,0.34285714285714286,1.0,0.34285714285714286,1.0,1.0,1.0,1.0,0.3,1.0,0.3,1.0,1.0,1.0,1.0,0.26666666666666666,1.0,0.26666666666666666,1.0,1.0,1.0,1.0,0.24,1.0,0.24,1.0,1.0,1.0,1.0,gtr_t5-dj_adpt,4,webtable-cl_optim-v=12-distilroberta-dj_adpt~qwen3_8b-dj_adpt
tuition_assistance_program_tap_recipients_a.pq,1.0,0.09090909090909091,1.0,0.09090909090909091,1.0,1.0,0.09090909090909091,1.0,0.45454545454545453,1.0,0.45454545454545453,1.0,1.0,0.45454545454545453,1.0,0.9090909090909091,1.0,0.9090909090909091,1.0,1.0,0.9090909090909091,0.7333333333333333,1.0,0.7333333333333333,1.0,1.0,1.0,1.0,0.55,1.0,0.55,1.0,1.0,1.0,1.0,0.44,1.0,0.44,1.0,1.0,1.0,1.0,0.36666666666666664,1.0,0.36666666666666664,1.0,1.0,1.0,1.0,0.3142857142857143,1.0,0.3142857142857143,1.0,1.0,1.0,1.0,0.275,1.0,0.275,1.0,1.0,1.0,1.0,0.24444444444444444,1.0,0.24444444444444444,1.0,1.0,1.0,1.0,0.22,1.0,0.22,1.0,1.0,1.0,1.0,gtr_t5-dj_adpt,4,webtable-cl_optim-v=12-distilroberta-dj_adpt~qwen3_8b-dj_adpt
311_calls_historic_data_a.pq,1.0,0.09090909090909091,1.0,0.09090909090909091,1.0,1.0,0.09090909090909091,1.0,0.45454545454545453,1.0,0.45454545454545453,1.0,1.0,0.45454545454545453,1.0,0.9090909090909091,1.0,0.9090909090909091,1.0,1.0,0.9090909090909091,0.7333333333333333,1.0,0.7333333333333333,1.0,1.0,1.0,1.0,0.55,1.0,0.55,1.0,1.0,1.0,1.0,0.44,1.0,0.44,1.0,1.0,1.0,1.0,0.36666666666666664,1.0,0.36666666666666664,1.0,1.0,1.0,1.0,0.3142857142857143,1.0,0.3142857142857143,1.0,1.0,1.0,1.0,0.275,1.0,0.275,1.0,1.0,1.0,1.0,0.24444444444444444,1.0,0.24444444444444444,1.0,1.0,1.0,1.0,0.22,1.0,0.22,1.0,1.0,1.0,1.0,mpnet-dj_adpt,5,webtable-cl_optim-v=12-distilroberta-dj_adpt~qwen3_8b-dj_adpt
data_mill_a.pq,1.0,0.07142857142857142,1.0,0.07142857142857142,1.0,1.0,0.07142857142857142,1.0,0.35714285714285715,1.0,0.35714285714285715,1.0,1.0,0.35714285714285715,1.0,0.7142857142857143,1.0,0.7142857142857143,1.0,1.0,0.7142857142857143,0.9333333333333333,1.0,0.9333333333333333,1.0,1.0,1.0,1.0,0.7,1.0,0.7,1.0,1.0,1.0,1.0,0.56,1.0,0.56,1.0,1.0,1.0,1.0,0.4666666666666667,1.0,0.4666666666666667,1.0,1.0,1.0,1.0,0.4,1.0,0.4,1.0,1.0,1.0,1.0,0.35,1.0,0.35,1.0,1.0,1.0,1.0,0.3111111111111111,1.0,0.3111111111111111,1.0,1.0,1.0,1.0,0.28,1.0,0.28,1.0,1.0,1.0,1.0,mpnet-dj_adpt,5,webtable-cl_optim-v=12-distilroberta-dj_adpt~qwen3_8b-dj_adpt
workforce_management_information_a.pq,1.0,0.05555555555555555,1.0,0.05555555555555555,1.0,1.0,0.05555555555555555,1.0,0.2777777777777778,1.0,0.2777777777777778,1.0,1.0,0.2777777777777778,1.0,0.5555555555555556,1.0,0.5555555555555556,1.0,1.0,0.5555555555555556,1.0,0.8333333333333334,1.0,0.8333333333333334,1.0,1.0,0.8333333333333334,0.9,1.0,0.9,1.0,1.0,1.0,0.9970760233918128,0.72,1.0,0.72,1.0,1.0,1.0,0.9970760233918128,0.6,1.0,0.6,1.0,1.0,1.0,0.9970760233918128,0.5142857142857142,1.0,0.5142857142857142,1.0,1.0,1.0,0.9970760233918128,0.45,1.0,0.45,1.0,1.0,1.0,0.9970760233918128,0.4,1.0,0.4,1.0,1.0,1.0,0.9970760233918128,0.36,1.0,0.36,1.0,1.0,1.0,0.9970760233918128,mpnet-dj_adpt,5,webtable-cl_optim-v=12-distilroberta-dj_adpt~qwen3_8b-dj_adpt
purchasing_card_a.pq,1.0,0.07692307692307693,1.0,0.07692307692307693,1.0,1.0,0.07692307692307693,1.0,0.38461538461538464,1.0,0.38461538461538464,1.0,1.0,0.38461538461538464,1.0,0.7692307692307693,1.0,0.7692307692307693,1.0,1.0,0.7692307692307693,0.8666666666666667,1.0,0.8666666666666667,1.0,1.0,1.0,1.0,0.65,1.0,0.65,1.0,1.0,1.0,1.0,0.52,1.0,0.52,1.0,1.0,1.0,1.0,0.43333333333333335,1.0,0.43333333333333335,1.0,1.0,1.0,1.0,0.37142857142857144,1.0,0.37142857142857144,1.0,1.0,1.0,1.0,0.325,1.0,0.325,1.0,1.0,1.0,1.0,0.28888888888888886,1.0,0.28888888888888886,1.0,1.0,1.0,1.0,0.26,1.0,0.26,1.0,1.0,1.0,1.0,mpnet-dj_adpt,5,webtable-cl_optim-v=12-distilroberta-dj_adpt~qwen3_8b-dj_adpt
psyckes_antipsychotic_polypharmacy_quality_indicators_beginning_2012_a.pq,1.0,0.09090909090909091,1.0,0.09090909090909091,1.0,1.0,0.09090909090909091,1.0,0.45454545454545453,1.0,0.45454545454545453,1.0,1.0,0.45454545454545453,1.0,0.9090909090909091,1.0,0.9090909090909091,1.0,1.0,0.9090909090909091,0.7333333333333333,1.0,0.7333333333333333,1.0,1.0,1.0,1.0,0.55,1.0,0.55,1.0,1.0,1.0,1.0,0.44,1.0,0.44,1.0,1.0,1.0,1.0,0.36666666666666664,1.0,0.36666666666666664,1.0,1.0,1.0,1.0,0.3142857142857143,1.0,0.3142857142857143,1.0,1.0,1.0,1.0,0.275,1.0,0.275,1.0,1.0,1.0,1.0,0.24444444444444444,1.0,0.24444444444444444,1.0,1.0,1.0,1.0,0.22,1.0,0.22,1.0,1.0,1.0,1.0,mpnet-dj_adpt,5,webtable-cl_optim-v=12-distilroberta-dj_adpt~qwen3_8b-dj_adpt
abandoned_wells_a.pq,1.0,0.09090909090909091,1.0,0.09090909090909091,1.0,1.0,0.09090909090909091,1.0,0.45454545454545453,1.0,0.45454545454545453,1.0,1.0,0.45454545454545453,1.0,0.9090909090909091,1.0,0.9090909090909091,1.0,1.0,0.9090909090909091,0.7333333333333333,1.0,0.7333333333333333,1.0,1.0,1.0,1.0,0.55,1.0,0.55,1.0,1.0,1.0,1.0,0.44,1.0,0.44,1.0,1.0,1.0,1.0,0.36666666666666664,1.0,0.36666666666666664,1.0,1.0,1.0,1.0,0.3142857142857143,1.0,0.3142857142857143,1.0,1.0,1.0,1.0,0.275,1.0,0.275,1.0,1.0,1.0,1.0,0.24444444444444444,1.0,0.24444444444444444,1.0,1.0,1.0,1.0,0.22,1.0,0.22,1.0,1.0,1.0,1.0,mpnet-dj_adpt,5,webtable-cl_optim-v=12-distilroberta-dj_adpt~qwen3_8b-dj_adpt
complaint_by_practice_a.pq,1.0,0.07692307692307693,1.0,0.07692307692307693,1.0,1.0,0.07692307692307693,1.0,0.38461538461538464,1.0,0.38461538461538464,1.0,1.0,0.38461538461538464,1.0,0.7692307692307693,1.0,0.7692307692307693,1.0,1.0,0.7692307692307693,0.8666666666666667,1.0,0.8666666666666667,1.0,1.0,1.0,1.0,0.65,1.0,0.65,1.0,1.0,1.0,1.0,0.52,1.0,0.52,1.0,1.0,1.0,1.0,0.43333333333333335,1.0,0.43333333333333335,1.0,1.0,1.0,1.0,0.37142857142857144,1.0,0.37142857142857144,1.0,1.0,1.0,1.0,0.325,1.0,0.325,1.0,1.0,1.0,1.0,0.28888888888888886,1.0,0.28888888888888886,1.0,1.0,1.0,1.0,0.26,1.0,0.26,1.0,1.0,1.0,1.0,mpnet-dj_adpt,5,webtable-cl_optim-v=12-distilroberta-dj_adpt~qwen3_8b-dj_adpt
data_mill_b.pq,1.0,0.07142857142857142,1.0,0.07142857142857142,1.0,1.0,0.07142857142857142,1.0,0.35714285714285715,1.0,0.35714285714285715,1.0,1.0,0.35714285714285715,1.0,0.7142857142857143,1.0,0.7142857142857143,1.0,1.0,0.7142857142857143,0.9333333333333333,1.0,0.9333333333333333,1.0,1.0,1.0,1.0,0.7,1.0,0.7,1.0,1.0,1.0,1.0,0.56,1.0,0.56,1.0,1.0,1.0,1.0,0.4666666666666667,1.0,0.4666666666666667,1.0,1.0,1.0,1.0,0.4,1.0,0.4,1.0,1.0,1.0,1.0,0.35,1.0,0.35,1.0,1.0,1.0,1.0,0.3111111111111111,1.0,0.3111111111111111,1.0,1.0,1.0,1.0,0.28,1.0,0.28,1.0,1.0,1.0,1.0,mpnet-dj_adpt,5,webtable-cl_optim-v=12-distilroberta-dj_adpt~qwen3_8b-dj_adpt
ipopayments_b.pq,1.0,0.06666666666666667,1.0,0.06666666666666667,1.0,1.0,0.06666666666666667,1.0,0.3333333333333333,1.0,0.3333333333333333,1.0,1.0,0.3333333333333333,1.0,0.6666666666666666,1.0,0.6666666666666666,1.0,1.0,0.6666666666666666,1.0,1.0,1.0,1.0,1.0,1.0,1.0,0.75,1.0,0.75,1.0,1.0,1.0,1.0,0.6,1.0,0.6,1.0,1.0,1.0,1.0,0.5,1.0,0.5,1.0,1.0,1.0,1.0,0.42857142857142855,1.0,0.42857142857142855,1.0,1.0,1.0,1.0,0.375,1.0,0.375,1.0,1.0,1.0,1.0,0.3333333333333333,1.0,0.3333333333333333,1.0,1.0,1.0,1.0,0.3,1.0,0.3,1.0,1.0,1.0,1.0,mpnet-dj_adpt,5,webtable-cl_optim-v=12-distilroberta-dj_adpt~qwen3_8b-dj_adpt
tuition_assistance_program_tap_recipients_a.pq,1.0,0.09090909090909091,1.0,0.09090909090909091,1.0,1.0,0.09090909090909091,1.0,0.45454545454545453,1.0,0.45454545454545453,1.0,1.0,0.45454545454545453,1.0,0.9090909090909091,1.0,0.9090909090909091,1.0,1.0,0.9090909090909091,0.7333333333333333,1.0,0.7333333333333333,1.0,1.0,1.0,1.0,0.55,1.0,0.55,1.0,1.0,1.0,1.0,0.44,1.0,0.44,1.0,1.0,1.0,1.0,0.36666666666666664,1.0,0.36666666666666664,1.0,1.0,1.0,1.0,0.3142857142857143,1.0,0.3142857142857143,1.0,1.0,1.0,1.0,0.275,1.0,0.275,1.0,1.0,1.0,1.0,0.24444444444444444,1.0,0.24444444444444444,1.0,1.0,1.0,1.0,0.22,1.0,0.22,1.0,1.0,1.0,1.0,mpnet-dj_adpt,5,webtable-cl_optim-v=12-distilroberta-dj_adpt~qwen3_8b-dj_adpt
cihr_co-applicant_b.pq,1.0,0.08333333333333333,1.0,0.08333333333333333,1.0,1.0,0.08333333333333333,1.0,0.4166666666666667,1.0,0.4166666666666667,1.0,1.0,0.4166666666666667,1.0,0.8333333333333334,1.0,0.8333333333333334,1.0,1.0,0.8333333333333334,0.8,1.0,0.8,1.0,1.0,1.0,1.0,0.6,1.0,0.6,1.0,1.0,1.0,1.0,0.48,1.0,0.48,1.0,1.0,1.0,1.0,0.4,1.0,0.4,1.0,1.0,1.0,1.0,0.34285714285714286,1.0,0.34285714285714286,1.0,1.0,1.0,1.0,0.3,1.0,0.3,1.0,1.0,1.0,1.0,0.26666666666666666,1.0,0.26666666666666666,1.0,1.0,1.0,1.0,0.24,1.0,0.24,1.0,1.0,1.0,1.0,mpnet-dj_adpt,5,webtable-cl_optim-v=12-distilroberta-dj_adpt~qwen3_8b-dj_adpt
minister_meetings_a.pq,1.0,0.1,1.0,0.1,1.0,1.0,0.1,0.8,0.4,1.0,0.5,1.0,1.0,0.38,0.7,0.7,1.0,1.0,1.0,1.0,0.6161111111111112,0.6,0.9,0.6666666666666666,1.0,1.0,1.0,0.7531240981240981,0.5,1.0,0.5,1.0,1.0,1.0,0.8119476275358629,0.4,1.0,0.4,1.0,1.0,1.0,0.8119476275358629,0.3333333333333333,1.0,0.3333333333333333,1.0,1.0,1.0,0.8119476275358629,0.2857142857142857,1.0,0.2857142857142857,1.0,1.0,1.0,0.8119476275358629,0.25,1.0,0.25,1.0,1.0,1.0,0.8119476275358629,0.2222222222222222,1.0,0.2222222222222222,1.0,1.0,1.0,0.8119476275358629,0.2,1.0,0.2,1.0,1.0,1.0,0.8119476275358629,mpnet-dj_adpt,5,webtable-cl_optim-v=12-distilroberta-dj_adpt~qwen3_8b-dj_adpt
animal_tag_data_b.pq,1.0,0.08333333333333333,1.0,0.08333333333333333,1.0,1.0,0.08333333333333333,1.0,0.4166666666666667,1.0,0.4166666666666667,1.0,1.0,0.4166666666666667,1.0,0.8333333333333334,1.0,0.8333333333333334,1.0,1.0,0.8333333333333334,0.8,1.0,0.8,1.0,1.0,1.0,1.0,0.6,1.0,0.6,1.0,1.0,1.0,1.0,0.48,1.0,0.48,1.0,1.0,1.0,1.0,0.4,1.0,0.4,1.0,1.0,1.0,1.0,0.34285714285714286,1.0,0.34285714285714286,1.0,1.0,1.0,1.0,0.3,1.0,0.3,1.0,1.0,1.0,1.0,0.26666666666666666,1.0,0.26666666666666666,1.0,1.0,1.0,1.0,0.24,1.0,0.24,1.0,1.0,1.0,1.0,mpnet-dj_adpt,5,webtable-cl_optim-v=12-distilroberta-dj_adpt~qwen3_8b-dj_adpt
mines_a.pq,1.0,0.07142857142857142,1.0,0.07142857142857142,1.0,1.0,0.07142857142857142,1.0,0.35714285714285715,1.0,0.35714285714285715,1.0,1.0,0.35714285714285715,1.0,0.7142857142857143,1.0,0.7142857142857143,1.0,1.0,0.7142857142857143,0.8,0.8571428571428571,0.9333333333333333,1.0,1.0,1.0,0.8571428571428571,0.7,1.0,0.7,1.0,1.0,1.0,0.961764705882353,0.56,1.0,0.56,1.0,1.0,1.0,0.961764705882353,0.4666666666666667,1.0,0.4666666666666667,1.0,1.0,1.0,0.961764705882353,0.4,1.0,0.4,1.0,1.0,1.0,0.961764705882353,0.35,1.0,0.35,1.0,1.0,1.0,0.961764705882353,0.3111111111111111,1.0,0.3111111111111111,1.0,1.0,1.0,0.961764705882353,0.28,1.0,0.28,1.0,1.0,1.0,0.961764705882353,mpnet-dj_adpt,5,webtable-cl_optim-v=12-distilroberta-dj_adpt~qwen3_8b-dj_adpt
oil_and_gas_summary_production_data_1967_1999_a.pq,1.0,0.09090909090909091,1.0,0.09090909090909091,1.0,1.0,0.09090909090909091,1.0,0.45454545454545453,1.0,0.45454545454545453,1.0,1.0,0.45454545454545453,1.0,0.9090909090909091,1.0,0.9090909090909091,1.0,1.0,0.9090909090909091,0.7333333333333333,1.0,0.7333333333333333,1.0,1.0,1.0,1.0,0.55,1.0,0.55,1.0,1.0,1.0,1.0,0.44,1.0,0.44,1.0,1.0,1.0,1.0,0.36666666666666664,1.0,0.36666666666666664,1.0,1.0,1.0,1.0,0.3142857142857143,1.0,0.3142857142857143,1.0,1.0,1.0,1.0,0.275,1.0,0.275,1.0,1.0,1.0,1.0,0.24444444444444444,1.0,0.24444444444444444,1.0,1.0,1.0,1.0,0.22,1.0,0.22,1.0,1.0,1.0,1.0,mpnet-dj_adpt,5,webtable-cl_optim-v=12-distilroberta-dj_adpt~qwen3_8b-dj_adpt
ipopayments_a.pq,1.0,0.06666666666666667,1.0,0.06666666666666667,1.0,1.0,0.06666666666666667,1.0,0.3333333333333333,1.0,0.3333333333333333,1.0,1.0,0.3333333333333333,1.0,0.6666666666666666,1.0,0.6666666666666666,1.0,1.0,0.6666666666666666,1.0,1.0,1.0,1.0,1.0,1.0,1.0,0.75,1.0,0.75,1.0,1.0,1.0,1.0,0.6,1.0,0.6,1.0,1.0,1.0,1.0,0.5,1.0,0.5,1.0,1.0,1.0,1.0,0.42857142857142855,1.0,0.42857142857142855,1.0,1.0,1.0,1.0,0.375,1.0,0.375,1.0,1.0,1.0,1.0,0.3333333333333333,1.0,0.3333333333333333,1.0,1.0,1.0,1.0,0.3,1.0,0.3,1.0,1.0,1.0,1.0,mpnet-dj_adpt,5,webtable-cl_optim-v=12-distilroberta-dj_adpt~qwen3_8b-dj_adpt
lane_description_b.pq,1.0,0.0625,1.0,0.0625,1.0,1.0,0.0625,1.0,0.3125,1.0,0.3125,1.0,1.0,0.3125,1.0,0.625,1.0,0.625,1.0,1.0,0.625,1.0,0.9375,1.0,0.9375,1.0,1.0,0.9375,0.8,1.0,0.8,1.0,1.0,1.0,1.0,0.64,1.0,0.64,1.0,1.0,1.0,1.0,0.5333333333333333,1.0,0.5333333333333333,1.0,1.0,1.0,1.0,0.45714285714285713,1.0,0.45714285714285713,1.0,1.0,1.0,1.0,0.4,1.0,0.4,1.0,1.0,1.0,1.0,0.35555555555555557,1.0,0.35555555555555557,1.0,1.0,1.0,1.0,0.32,1.0,0.32,1.0,1.0,1.0,1.0,mpnet-dj_adpt,5,webtable-cl_optim-v=12-distilroberta-dj_adpt~qwen3_8b-dj_adpt
cdc_nutrition_physical_activity_and_obesity_legislation_a.pq,1.0,0.09090909090909091,1.0,0.09090909090909091,1.0,1.0,0.09090909090909091,1.0,0.45454545454545453,1.0,0.45454545454545453,1.0,1.0,0.45454545454545453,1.0,0.9090909090909091,1.0,0.9090909090909091,1.0,1.0,0.9090909090909091,0.7333333333333333,1.0,0.7333333333333333,1.0,1.0,1.0,1.0,0.55,1.0,0.55,1.0,1.0,1.0,1.0,0.44,1.0,0.44,1.0,1.0,1.0,1.0,0.36666666666666664,1.0,0.36666666666666664,1.0,1.0,1.0,1.0,0.3142857142857143,1.0,0.3142857142857143,1.0,1.0,1.0,1.0,0.275,1.0,0.275,1.0,1.0,1.0,1.0,0.24444444444444444,1.0,0.24444444444444444,1.0,1.0,1.0,1.0,0.22,1.0,0.22,1.0,1.0,1.0,1.0,mpnet-dj_adpt,5,webtable-cl_optim-v=12-distilroberta-dj_adpt~qwen3_8b-dj_adpt
deaths_2012_2018_a.pq,1.0,0.09090909090909091,1.0,0.09090909090909091,1.0,1.0,0.09090909090909091,1.0,0.45454545454545453,1.0,0.45454545454545453,1.0,1.0,0.45454545454545453,1.0,0.9090909090909091,1.0,0.9090909090909091,1.0,1.0,0.9090909090909091,0.7333333333333333,1.0,0.7333333333333333,1.0,1.0,1.0,1.0,0.55,1.0,0.55,1.0,1.0,1.0,1.0,0.44,1.0,0.44,1.0,1.0,1.0,1.0,0.36666666666666664,1.0,0.36666666666666664,1.0,1.0,1.0,1.0,0.3142857142857143,1.0,0.3142857142857143,1.0,1.0,1.0,1.0,0.275,1.0,0.275,1.0,1.0,1.0,1.0,0.24444444444444444,1.0,0.24444444444444444,1.0,1.0,1.0,1.0,0.22,1.0,0.22,1.0,1.0,1.0,1.0,mpnet-dj_adpt,5,webtable-cl_optim-v=12-distilroberta-dj_adpt~qwen3_8b-dj_adpt
practice_reference_b.pq,1.0,0.06666666666666667,1.0,0.06666666666666667,1.0,1.0,0.06666666666666667,1.0,0.3333333333333333,1.0,0.3333333333333333,1.0,1.0,0.3333333333333333,1.0,0.6666666666666666,1.0,0.6666666666666666,1.0,1.0,0.6666666666666666,1.0,1.0,1.0,1.0,1.0,1.0,1.0,0.75,1.0,0.75,1.0,1.0,1.0,1.0,0.6,1.0,0.6,1.0,1.0,1.0,1.0,0.5,1.0,0.5,1.0,1.0,1.0,1.0,0.42857142857142855,1.0,0.42857142857142855,1.0,1.0,1.0,1.0,0.375,1.0,0.375,1.0,1.0,1.0,1.0,0.3333333333333333,1.0,0.3333333333333333,1.0,1.0,1.0,1.0,0.3,1.0,0.3,1.0,1.0,1.0,1.0,mpnet-dj_adpt,5,webtable-cl_optim-v=12-distilroberta-dj_adpt~qwen3_8b-dj_adpt
prescribing_a.pq,1.0,0.06666666666666667,1.0,0.06666666666666667,1.0,1.0,0.06666666666666667,1.0,0.3333333333333333,1.0,0.3333333333333333,1.0,1.0,0.3333333333333333,1.0,0.6666666666666666,1.0,0.6666666666666666,1.0,1.0,0.6666666666666666,1.0,1.0,1.0,1.0,1.0,1.0,1.0,0.75,1.0,0.75,1.0,1.0,1.0,1.0,0.6,1.0,0.6,1.0,1.0,1.0,1.0,0.5,1.0,0.5,1.0,1.0,1.0,1.0,0.42857142857142855,1.0,0.42857142857142855,1.0,1.0,1.0,1.0,0.375,1.0,0.375,1.0,1.0,1.0,1.0,0.3333333333333333,1.0,0.3333333333333333,1.0,1.0,1.0,1.0,0.3,1.0,0.3,1.0,1.0,1.0,1.0,mpnet-dj_adpt,5,webtable-cl_optim-v=12-distilroberta-dj_adpt~qwen3_8b-dj_adpt
senior_officials_expenses_a.pq,1.0,0.09090909090909091,1.0,0.09090909090909091,1.0,1.0,0.09090909090909091,1.0,0.45454545454545453,1.0,0.45454545454545453,1.0,1.0,0.45454545454545453,1.0,0.9090909090909091,1.0,0.9090909090909091,1.0,1.0,0.9090909090909091,0.6666666666666666,0.9090909090909091,0.7333333333333333,1.0,1.0,1.0,0.9090909090909091,0.5,0.9090909090909091,0.55,1.0,1.0,1.0,0.9090909090909091,0.4,0.9090909090909091,0.44,1.0,1.0,1.0,0.9090909090909091,0.3333333333333333,0.9090909090909091,0.36666666666666664,1.0,1.0,1.0,0.9090909090909091,0.2857142857142857,0.9090909090909091,0.3142857142857143,1.0,1.0,1.0,0.9090909090909091,0.25,0.9090909090909091,0.275,1.0,1.0,1.0,0.9090909090909091,0.2222222222222222,0.9090909090909091,0.24444444444444444,1.0,1.0,1.0,0.9090909090909091,0.2,0.9090909090909091,0.22,1.0,1.0,1.0,0.9090909090909091,mpnet-dj_adpt,5,webtable-cl_optim-v=12-distilroberta-dj_adpt~qwen3_8b-dj_adpt
wholesale_markets_a.pq,1.0,0.09090909090909091,1.0,0.09090909090909091,1.0,1.0,0.09090909090909091,1.0,0.45454545454545453,1.0,0.45454545454545453,1.0,1.0,0.45454545454545453,1.0,0.9090909090909091,1.0,0.9090909090909091,1.0,1.0,0.9090909090909091,0.7333333333333333,1.0,0.7333333333333333,1.0,1.0,1.0,1.0,0.55,1.0,0.55,1.0,1.0,1.0,1.0,0.44,1.0,0.44,1.0,1.0,1.0,1.0,0.36666666666666664,1.0,0.36666666666666664,1.0,1.0,1.0,1.0,0.3142857142857143,1.0,0.3142857142857143,1.0,1.0,1.0,1.0,0.275,1.0,0.275,1.0,1.0,1.0,1.0,0.24444444444444444,1.0,0.24444444444444444,1.0,1.0,1.0,1.0,0.22,1.0,0.22,1.0,1.0,1.0,1.0,mpnet-dj_adpt,5,webtable-cl_optim-v=12-distilroberta-dj_adpt~qwen3_8b-dj_adpt
biodiversity_a.pq,1.0,0.09090909090909091,1.0,0.09090909090909091,1.0,1.0,0.09090909090909091,1.0,0.45454545454545453,1.0,0.45454545454545453,1.0,1.0,0.45454545454545453,0.8,0.7272727272727273,1.0,0.9090909090909091,1.0,1.0,0.7171717171717172,0.6,0.8181818181818182,0.7333333333333333,1.0,1.0,1.0,0.7853535353535354,0.5,0.9090909090909091,0.55,1.0,1.0,1.0,0.8421717171717172,0.4,0.9090909090909091,0.44,1.0,1.0,1.0,0.8421717171717172,0.3333333333333333,0.9090909090909091,0.36666666666666664,1.0,1.0,1.0,0.8421717171717172,0.2857142857142857,0.9090909090909091,0.3142857142857143,1.0,1.0,1.0,0.8421717171717172,0.275,1.0,0.275,1.0,1.0,1.0,0.8691987441987442,0.24444444444444444,1.0,0.24444444444444444,1.0,1.0,1.0,0.8691987441987442,0.22,1.0,0.22,1.0,1.0,1.0,0.8691987441987442,mpnet-dj_adpt,5,webtable-cl_optim-v=12-distilroberta-dj_adpt~qwen3_8b-dj_adpt
albums_a.pq,1.0,0.0625,1.0,0.0625,1.0,1.0,0.0625,1.0,0.3125,1.0,0.3125,1.0,1.0,0.3125,1.0,0.625,1.0,0.625,1.0,1.0,0.625,1.0,0.9375,1.0,0.9375,1.0,1.0,0.9375,0.8,1.0,0.8,1.0,1.0,1.0,1.0,0.64,1.0,0.64,1.0,1.0,1.0,1.0,0.5333333333333333,1.0,0.5333333333333333,1.0,1.0,1.0,1.0,0.45714285714285713,1.0,0.45714285714285713,1.0,1.0,1.0,1.0,0.4,1.0,0.4,1.0,1.0,1.0,1.0,0.35555555555555557,1.0,0.35555555555555557,1.0,1.0,1.0,1.0,0.32,1.0,0.32,1.0,1.0,1.0,1.0,mpnet-dj_adpt,5,webtable-cl_optim-v=12-distilroberta-dj_adpt~qwen3_8b-dj_adpt
contributors_parties_b.pq,1.0,0.047619047619047616,1.0,0.047619047619047616,1.0,1.0,0.047619047619047616,1.0,0.23809523809523808,1.0,0.23809523809523808,1.0,1.0,0.23809523809523808,1.0,0.47619047619047616,1.0,0.47619047619047616,1.0,1.0,0.47619047619047616,1.0,0.7142857142857143,1.0,0.7142857142857143,1.0,1.0,0.7142857142857143,0.85,0.8095238095238095,1.0,0.9523809523809523,1.0,1.0,0.8095238095238095,0.68,0.8095238095238095,0.84,1.0,1.0,1.0,0.8095238095238095,0.5666666666666667,0.8095238095238095,0.7,1.0,1.0,1.0,0.8095238095238095,0.4857142857142857,0.8095238095238095,0.6,1.0,1.0,1.0,0.8095238095238095,0.425,0.8095238095238095,0.525,1.0,1.0,1.0,0.8095238095238095,0.37777777777777777,0.8095238095238095,0.4666666666666667,1.0,1.0,1.0,0.8095238095238095,0.34,0.8095238095238095,0.42,1.0,1.0,1.0,0.8095238095238095,mpnet-dj_adpt,5,webtable-cl_optim-v=12-distilroberta-dj_adpt~qwen3_8b-dj_adpt
lane_description_a.pq,1.0,0.0625,1.0,0.0625,1.0,1.0,0.0625,1.0,0.3125,1.0,0.3125,1.0,1.0,0.3125,1.0,0.625,1.0,0.625,1.0,1.0,0.625,1.0,0.9375,1.0,0.9375,1.0,1.0,0.9375,0.8,1.0,0.8,1.0,1.0,1.0,1.0,0.64,1.0,0.64,1.0,1.0,1.0,1.0,0.5333333333333333,1.0,0.5333333333333333,1.0,1.0,1.0,1.0,0.45714285714285713,1.0,0.45714285714285713,1.0,1.0,1.0,1.0,0.4,1.0,0.4,1.0,1.0,1.0,1.0,0.35555555555555557,1.0,0.35555555555555557,1.0,1.0,1.0,1.0,0.32,1.0,0.32,1.0,1.0,1.0,1.0,mpnet-dj_adpt,5,webtable-cl_optim-v=12-distilroberta-dj_adpt~qwen3_8b-dj_adpt
practice_reference_a.pq,1.0,0.06666666666666667,1.0,0.06666666666666667,1.0,1.0,0.06666666666666667,1.0,0.3333333333333333,1.0,0.3333333333333333,1.0,1.0,0.3333333333333333,1.0,0.6666666666666666,1.0,0.6666666666666666,1.0,1.0,0.6666666666666666,1.0,1.0,1.0,1.0,1.0,1.0,1.0,0.75,1.0,0.75,1.0,1.0,1.0,1.0,0.6,1.0,0.6,1.0,1.0,1.0,1.0,0.5,1.0,0.5,1.0,1.0,1.0,1.0,0.42857142857142855,1.0,0.42857142857142855,1.0,1.0,1.0,1.0,0.375,1.0,0.375,1.0,1.0,1.0,1.0,0.3333333333333333,1.0,0.3333333333333333,1.0,1.0,1.0,1.0,0.3,1.0,0.3,1.0,1.0,1.0,1.0,mpnet-dj_adpt,5,webtable-cl_optim-v=12-distilroberta-dj_adpt~qwen3_8b-dj_adpt
complaint_by_practice_b.pq,1.0,0.07692307692307693,1.0,0.07692307692307693,1.0,1.0,0.07692307692307693,1.0,0.38461538461538464,1.0,0.38461538461538464,1.0,1.0,0.38461538461538464,1.0,0.7692307692307693,1.0,0.7692307692307693,1.0,1.0,0.7692307692307693,0.8666666666666667,1.0,0.8666666666666667,1.0,1.0,1.0,1.0,0.65,1.0,0.65,1.0,1.0,1.0,1.0,0.52,1.0,0.52,1.0,1.0,1.0,1.0,0.43333333333333335,1.0,0.43333333333333335,1.0,1.0,1.0,1.0,0.37142857142857144,1.0,0.37142857142857144,1.0,1.0,1.0,1.0,0.325,1.0,0.325,1.0,1.0,1.0,1.0,0.28888888888888886,1.0,0.28888888888888886,1.0,1.0,1.0,1.0,0.26,1.0,0.26,1.0,1.0,1.0,1.0,mpnet-dj_adpt,5,webtable-cl_optim-v=12-distilroberta-dj_adpt~qwen3_8b-dj_adpt
mines_b.pq,1.0,0.07142857142857142,1.0,0.07142857142857142,1.0,1.0,0.07142857142857142,0.8,0.2857142857142857,1.0,0.35714285714285715,1.0,1.0,0.2857142857142857,0.5,0.35714285714285715,1.0,0.7142857142857143,1.0,1.0,0.34523809523809523,0.3333333333333333,0.35714285714285715,0.9333333333333333,1.0,1.0,1.0,0.34523809523809523,0.35,0.5,0.7,1.0,1.0,1.0,0.4014355742296919,0.28,0.5,0.56,1.0,1.0,1.0,0.4014355742296919,0.3,0.6428571428571429,0.4666666666666667,1.0,1.0,1.0,0.4447670830784421,0.37142857142857144,0.9285714285714286,0.4,1.0,1.0,1.0,0.5441028254399028,0.325,0.9285714285714286,0.35,1.0,1.0,1.0,0.5441028254399028,0.28888888888888886,0.9285714285714286,0.3111111111111111,1.0,1.0,1.0,0.5441028254399028,0.28,1.0,0.28,1.0,1.0,1.0,0.5649361587732361,mpnet-dj_adpt,5,webtable-cl_optim-v=12-distilroberta-dj_adpt~qwen3_8b-dj_adpt
workforce_management_information_b.pq,1.0,0.05555555555555555,1.0,0.05555555555555555,1.0,1.0,0.05555555555555555,1.0,0.2777777777777778,1.0,0.2777777777777778,1.0,1.0,0.2777777777777778,1.0,0.5555555555555556,1.0,0.5555555555555556,1.0,1.0,0.5555555555555556,1.0,0.8333333333333334,1.0,0.8333333333333334,1.0,1.0,0.8333333333333334,0.9,1.0,0.9,1.0,1.0,1.0,0.9970760233918128,0.72,1.0,0.72,1.0,1.0,1.0,0.9970760233918128,0.6,1.0,0.6,1.0,1.0,1.0,0.9970760233918128,0.5142857142857142,1.0,0.5142857142857142,1.0,1.0,1.0,0.9970760233918128,0.45,1.0,0.45,1.0,1.0,1.0,0.9970760233918128,0.4,1.0,0.4,1.0,1.0,1.0,0.9970760233918128,0.36,1.0,0.36,1.0,1.0,1.0,0.9970760233918128,mpnet-dj_adpt,5,webtable-cl_optim-v=12-distilroberta-dj_adpt~qwen3_8b-dj_adpt
monthly_data_feed_b.pq,1.0,0.07692307692307693,1.0,0.07692307692307693,1.0,1.0,0.07692307692307693,1.0,0.38461538461538464,1.0,0.38461538461538464,1.0,1.0,0.38461538461538464,1.0,0.7692307692307693,1.0,0.7692307692307693,1.0,1.0,0.7692307692307693,0.8666666666666667,1.0,0.8666666666666667,1.0,1.0,1.0,1.0,0.65,1.0,0.65,1.0,1.0,1.0,1.0,0.52,1.0,0.52,1.0,1.0,1.0,1.0,0.43333333333333335,1.0,0.43333333333333335,1.0,1.0,1.0,1.0,0.37142857142857144,1.0,0.37142857142857144,1.0,1.0,1.0,1.0,0.325,1.0,0.325,1.0,1.0,1.0,1.0,0.28888888888888886,1.0,0.28888888888888886,1.0,1.0,1.0,1.0,0.26,1.0,0.26,1.0,1.0,1.0,1.0,mpnet-dj_adpt,5,webtable-cl_optim-v=12-distilroberta-dj_adpt~qwen3_8b-dj_adpt
new_york_city_restaurant_inspection_results_a.pq,1.0,0.03225806451612903,1.0,0.03225806451612903,1.0,1.0,0.03225806451612903,1.0,0.16129032258064516,1.0,0.16129032258064516,1.0,1.0,0.16129032258064516,1.0,0.3225806451612903,1.0,0.3225806451612903,1.0,1.0,0.3225806451612903,1.0,0.4838709677419355,1.0,0.4838709677419355,1.0,1.0,0.4838709677419355,1.0,0.6451612903225806,1.0,0.6451612903225806,1.0,1.0,0.6451612903225806,1.0,0.8064516129032258,1.0,0.8064516129032258,1.0,1.0,0.8064516129032258,1.0,0.967741935483871,1.0,0.967741935483871,1.0,1.0,0.967741935483871,0.8857142857142857,1.0,0.8857142857142857,1.0,1.0,1.0,1.0,0.775,1.0,0.775,1.0,1.0,1.0,1.0,0.6888888888888889,1.0,0.6888888888888889,1.0,1.0,1.0,1.0,0.62,1.0,0.62,1.0,1.0,1.0,1.0,mpnet-dj_adpt,5,webtable-cl_optim-v=12-distilroberta-dj_adpt~qwen3_8b-dj_adpt
business_rates_a.pq,1.0,0.08333333333333333,1.0,0.08333333333333333,1.0,1.0,0.08333333333333333,1.0,0.4166666666666667,1.0,0.4166666666666667,1.0,1.0,0.4166666666666667,1.0,0.8333333333333334,1.0,0.8333333333333334,1.0,1.0,0.8333333333333334,0.8,1.0,0.8,1.0,1.0,1.0,1.0,0.6,1.0,0.6,1.0,1.0,1.0,1.0,0.48,1.0,0.48,1.0,1.0,1.0,1.0,0.4,1.0,0.4,1.0,1.0,1.0,1.0,0.34285714285714286,1.0,0.34285714285714286,1.0,1.0,1.0,1.0,0.3,1.0,0.3,1.0,1.0,1.0,1.0,0.26666666666666666,1.0,0.26666666666666666,1.0,1.0,1.0,1.0,0.24,1.0,0.24,1.0,1.0,1.0,1.0,mpnet-dj_adpt,5,webtable-cl_optim-v=12-distilroberta-dj_adpt~qwen3_8b-dj_adpt
film_locations_in_san_francisco_a.pq,1.0,0.07692307692307693,1.0,0.07692307692307693,1.0,1.0,0.07692307692307693,1.0,0.38461538461538464,1.0,0.38461538461538464,1.0,1.0,0.38461538461538464,1.0,0.7692307692307693,1.0,0.7692307692307693,1.0,1.0,0.7692307692307693,0.8666666666666667,1.0,0.8666666666666667,1.0,1.0,1.0,1.0,0.65,1.0,0.65,1.0,1.0,1.0,1.0,0.52,1.0,0.52,1.0,1.0,1.0,1.0,0.43333333333333335,1.0,0.43333333333333335,1.0,1.0,1.0,1.0,0.37142857142857144,1.0,0.37142857142857144,1.0,1.0,1.0,1.0,0.325,1.0,0.325,1.0,1.0,1.0,1.0,0.28888888888888886,1.0,0.28888888888888886,1.0,1.0,1.0,1.0,0.26,1.0,0.26,1.0,1.0,1.0,1.0,mpnet-dj_adpt,5,webtable-cl_optim-v=12-distilroberta-dj_adpt~qwen3_8b-dj_adpt
stockport_contracts_a.pq,1.0,0.07692307692307693,1.0,0.07692307692307693,1.0,1.0,0.07692307692307693,1.0,0.38461538461538464,1.0,0.38461538461538464,1.0,1.0,0.38461538461538464,1.0,0.7692307692307693,1.0,0.7692307692307693,1.0,1.0,0.7692307692307693,0.8666666666666667,1.0,0.8666666666666667,1.0,1.0,1.0,1.0,0.65,1.0,0.65,1.0,1.0,1.0,1.0,0.52,1.0,0.52,1.0,1.0,1.0,1.0,0.43333333333333335,1.0,0.43333333333333335,1.0,1.0,1.0,1.0,0.37142857142857144,1.0,0.37142857142857144,1.0,1.0,1.0,1.0,0.325,1.0,0.325,1.0,1.0,1.0,1.0,0.28888888888888886,1.0,0.28888888888888886,1.0,1.0,1.0,1.0,0.26,1.0,0.26,1.0,1.0,1.0,1.0,mpnet-dj_adpt,5,webtable-cl_optim-v=12-distilroberta-dj_adpt~qwen3_8b-dj_adpt
stockport_contracts_b.pq,1.0,0.07692307692307693,1.0,0.07692307692307693,1.0,1.0,0.07692307692307693,1.0,0.38461538461538464,1.0,0.38461538461538464,1.0,1.0,0.38461538461538464,1.0,0.7692307692307693,1.0,0.7692307692307693,1.0,1.0,0.7692307692307693,0.8666666666666667,1.0,0.8666666666666667,1.0,1.0,1.0,1.0,0.65,1.0,0.65,1.0,1.0,1.0,1.0,0.52,1.0,0.52,1.0,1.0,1.0,1.0,0.43333333333333335,1.0,0.43333333333333335,1.0,1.0,1.0,1.0,0.37142857142857144,1.0,0.37142857142857144,1.0,1.0,1.0,1.0,0.325,1.0,0.325,1.0,1.0,1.0,1.0,0.28888888888888886,1.0,0.28888888888888886,1.0,1.0,1.0,1.0,0.26,1.0,0.26,1.0,1.0,1.0,1.0,mpnet-dj_adpt,5,webtable-cl_optim-v=12-distilroberta-dj_adpt~qwen3_8b-dj_adpt
ydn_spending_data_a.pq,1.0,0.08333333333333333,1.0,0.08333333333333333,1.0,1.0,0.08333333333333333,1.0,0.4166666666666667,1.0,0.4166666666666667,1.0,1.0,0.4166666666666667,1.0,0.8333333333333334,1.0,0.8333333333333334,1.0,1.0,0.8333333333333334,0.8,1.0,0.8,1.0,1.0,1.0,1.0,0.6,1.0,0.6,1.0,1.0,1.0,1.0,0.48,1.0,0.48,1.0,1.0,1.0,1.0,0.4,1.0,0.4,1.0,1.0,1.0,1.0,0.34285714285714286,1.0,0.34285714285714286,1.0,1.0,1.0,1.0,0.3,1.0,0.3,1.0,1.0,1.0,1.0,0.26666666666666666,1.0,0.26666666666666666,1.0,1.0,1.0,1.0,0.24,1.0,0.24,1.0,1.0,1.0,1.0,mpnet-dj_adpt,5,webtable-cl_optim-v=12-distilroberta-dj_adpt~qwen3_8b-dj_adpt
contributors_parties_a.pq,1.0,0.047619047619047616,1.0,0.047619047619047616,1.0,1.0,0.047619047619047616,1.0,0.23809523809523808,1.0,0.23809523809523808,1.0,1.0,0.23809523809523808,1.0,0.47619047619047616,1.0,0.47619047619047616,1.0,1.0,0.47619047619047616,1.0,0.7142857142857143,1.0,0.7142857142857143,1.0,1.0,0.7142857142857143,1.0,0.9523809523809523,1.0,0.9523809523809523,1.0,1.0,0.9523809523809523,0.84,1.0,0.84,1.0,1.0,1.0,1.0,0.7,1.0,0.7,1.0,1.0,1.0,1.0,0.6,1.0,0.6,1.0,1.0,1.0,1.0,0.525,1.0,0.525,1.0,1.0,1.0,1.0,0.4666666666666667,1.0,0.4666666666666667,1.0,1.0,1.0,1.0,0.42,1.0,0.42,1.0,1.0,1.0,1.0,mpnet-dj_adpt,5,webtable-cl_optim-v=12-distilroberta-dj_adpt~qwen3_8b-dj_adpt
animal_tag_data_a.pq,1.0,0.08333333333333333,1.0,0.08333333333333333,1.0,1.0,0.08333333333333333,1.0,0.4166666666666667,1.0,0.4166666666666667,1.0,1.0,0.4166666666666667,1.0,0.8333333333333334,1.0,0.8333333333333334,1.0,1.0,0.8333333333333334,0.8,1.0,0.8,1.0,1.0,1.0,1.0,0.6,1.0,0.6,1.0,1.0,1.0,1.0,0.48,1.0,0.48,1.0,1.0,1.0,1.0,0.4,1.0,0.4,1.0,1.0,1.0,1.0,0.34285714285714286,1.0,0.34285714285714286,1.0,1.0,1.0,1.0,0.3,1.0,0.3,1.0,1.0,1.0,1.0,0.26666666666666666,1.0,0.26666666666666666,1.0,1.0,1.0,1.0,0.24,1.0,0.24,1.0,1.0,1.0,1.0,mpnet-dj_adpt,5,webtable-cl_optim-v=12-distilroberta-dj_adpt~qwen3_8b-dj_adpt
ydn_spending_data_b.pq,1.0,0.08333333333333333,1.0,0.08333333333333333,1.0,1.0,0.08333333333333333,1.0,0.4166666666666667,1.0,0.4166666666666667,1.0,1.0,0.4166666666666667,1.0,0.8333333333333334,1.0,0.8333333333333334,1.0,1.0,0.8333333333333334,0.8,1.0,0.8,1.0,1.0,1.0,1.0,0.6,1.0,0.6,1.0,1.0,1.0,1.0,0.48,1.0,0.48,1.0,1.0,1.0,1.0,0.4,1.0,0.4,1.0,1.0,1.0,1.0,0.34285714285714286,1.0,0.34285714285714286,1.0,1.0,1.0,1.0,0.3,1.0,0.3,1.0,1.0,1.0,1.0,0.26666666666666666,1.0,0.26666666666666666,1.0,1.0,1.0,1.0,0.24,1.0,0.24,1.0,1.0,1.0,1.0,mpnet-dj_adpt,5,webtable-cl_optim-v=12-distilroberta-dj_adpt~qwen3_8b-dj_adpt
monthly_data_feed_a.pq,1.0,0.07692307692307693,1.0,0.07692307692307693,1.0,1.0,0.07692307692307693,1.0,0.38461538461538464,1.0,0.38461538461538464,1.0,1.0,0.38461538461538464,1.0,0.7692307692307693,1.0,0.7692307692307693,1.0,1.0,0.7692307692307693,0.8666666666666667,1.0,0.8666666666666667,1.0,1.0,1.0,1.0,0.65,1.0,0.65,1.0,1.0,1.0,1.0,0.52,1.0,0.52,1.0,1.0,1.0,1.0,0.43333333333333335,1.0,0.43333333333333335,1.0,1.0,1.0,1.0,0.37142857142857144,1.0,0.37142857142857144,1.0,1.0,1.0,1.0,0.325,1.0,0.325,1.0,1.0,1.0,1.0,0.28888888888888886,1.0,0.28888888888888886,1.0,1.0,1.0,1.0,0.26,1.0,0.26,1.0,1.0,1.0,1.0,mpnet-dj_adpt,5,webtable-cl_optim-v=12-distilroberta-dj_adpt~qwen3_8b-dj_adpt
immigration_records_a.pq,1.0,0.0625,1.0,0.0625,1.0,1.0,0.0625,1.0,0.3125,1.0,0.3125,1.0,1.0,0.3125,1.0,0.625,1.0,0.625,1.0,1.0,0.625,0.7333333333333333,0.6875,1.0,0.9375,1.0,1.0,0.6822916666666666,0.6,0.75,0.8,1.0,1.0,1.0,0.721765350877193,0.6,0.9375,0.64,1.0,1.0,1.0,0.8326555023923445,0.5333333333333333,1.0,0.5333333333333333,1.0,1.0,1.0,0.871117040853883,0.45714285714285713,1.0,0.45714285714285713,1.0,1.0,1.0,0.871117040853883,0.4,1.0,0.4,1.0,1.0,1.0,0.871117040853883,0.35555555555555557,1.0,0.35555555555555557,1.0,1.0,1.0,0.871117040853883,0.32,1.0,0.32,1.0,1.0,1.0,0.871117040853883,mpnet-dj_adpt,5,webtable-cl_optim-v=12-distilroberta-dj_adpt~qwen3_8b-dj_adpt
job_pay_scales_a.pq,1.0,0.06666666666666667,1.0,0.06666666666666667,1.0,1.0,0.06666666666666667,1.0,0.3333333333333333,1.0,0.3333333333333333,1.0,1.0,0.3333333333333333,1.0,0.6666666666666666,1.0,0.6666666666666666,1.0,1.0,0.6666666666666666,1.0,1.0,1.0,1.0,1.0,1.0,1.0,0.75,1.0,0.75,1.0,1.0,1.0,1.0,0.6,1.0,0.6,1.0,1.0,1.0,1.0,0.5,1.0,0.5,1.0,1.0,1.0,1.0,0.42857142857142855,1.0,0.42857142857142855,1.0,1.0,1.0,1.0,0.375,1.0,0.375,1.0,1.0,1.0,1.0,0.3333333333333333,1.0,0.3333333333333333,1.0,1.0,1.0,1.0,0.3,1.0,0.3,1.0,1.0,1.0,1.0,mpnet-dj_adpt,5,webtable-cl_optim-v=12-distilroberta-dj_adpt~qwen3_8b-dj_adpt
albums_b.pq,1.0,0.0625,1.0,0.0625,1.0,1.0,0.0625,1.0,0.3125,1.0,0.3125,1.0,1.0,0.3125,1.0,0.625,1.0,0.625,1.0,1.0,0.625,1.0,0.9375,1.0,0.9375,1.0,1.0,0.9375,0.8,1.0,0.8,1.0,1.0,1.0,1.0,0.64,1.0,0.64,1.0,1.0,1.0,1.0,0.5333333333333333,1.0,0.5333333333333333,1.0,1.0,1.0,1.0,0.45714285714285713,1.0,0.45714285714285713,1.0,1.0,1.0,1.0,0.4,1.0,0.4,1.0,1.0,1.0,1.0,0.35555555555555557,1.0,0.35555555555555557,1.0,1.0,1.0,1.0,0.32,1.0,0.32,1.0,1.0,1.0,1.0,mpnet-dj_adpt,5,webtable-cl_optim-v=12-distilroberta-dj_adpt~qwen3_8b-dj_adpt
cihr_co-applicant_a.pq,1.0,0.08333333333333333,1.0,0.08333333333333333,1.0,1.0,0.08333333333333333,1.0,0.4166666666666667,1.0,0.4166666666666667,1.0,1.0,0.4166666666666667,1.0,0.8333333333333334,1.0,0.8333333333333334,1.0,1.0,0.8333333333333334,0.8,1.0,0.8,1.0,1.0,1.0,1.0,0.6,1.0,0.6,1.0,1.0,1.0,1.0,0.48,1.0,0.48,1.0,1.0,1.0,1.0,0.4,1.0,0.4,1.0,1.0,1.0,1.0,0.34285714285714286,1.0,0.34285714285714286,1.0,1.0,1.0,1.0,0.3,1.0,0.3,1.0,1.0,1.0,1.0,0.26666666666666666,1.0,0.26666666666666666,1.0,1.0,1.0,1.0,0.24,1.0,0.24,1.0,1.0,1.0,1.0,mpnet-dj_adpt,5,webtable-cl_optim-v=12-distilroberta-dj_adpt~qwen3_8b-dj_adpt
time_spent_watching_vcr_movies_a.pq,1.0,0.09090909090909091,1.0,0.09090909090909091,1.0,1.0,0.09090909090909091,1.0,0.45454545454545453,1.0,0.45454545454545453,1.0,1.0,0.45454545454545453,1.0,0.9090909090909091,1.0,0.9090909090909091,1.0,1.0,0.9090909090909091,0.7333333333333333,1.0,0.7333333333333333,1.0,1.0,1.0,1.0,0.55,1.0,0.55,1.0,1.0,1.0,1.0,0.44,1.0,0.44,1.0,1.0,1.0,1.0,0.36666666666666664,1.0,0.36666666666666664,1.0,1.0,1.0,1.0,0.3142857142857143,1.0,0.3142857142857143,1.0,1.0,1.0,1.0,0.275,1.0,0.275,1.0,1.0,1.0,1.0,0.24444444444444444,1.0,0.24444444444444444,1.0,1.0,1.0,1.0,0.22,1.0,0.22,1.0,1.0,1.0,1.0,mpnet-dj_adpt,5,webtable-cl_optim-v=12-distilroberta-dj_adpt~qwen3_8b-dj_adpt
report_card_discipline_for_2015_16_a.pq,1.0,0.09090909090909091,1.0,0.09090909090909091,1.0,1.0,0.09090909090909091,1.0,0.45454545454545453,1.0,0.45454545454545453,1.0,1.0,0.45454545454545453,1.0,0.9090909090909091,1.0,0.9090909090909091,1.0,1.0,0.9090909090909091,0.7333333333333333,1.0,0.7333333333333333,1.0,1.0,1.0,1.0,0.55,1.0,0.55,1.0,1.0,1.0,1.0,0.44,1.0,0.44,1.0,1.0,1.0,1.0,0.36666666666666664,1.0,0.36666666666666664,1.0,1.0,1.0,1.0,0.3142857142857143,1.0,0.3142857142857143,1.0,1.0,1.0,1.0,0.275,1.0,0.275,1.0,1.0,1.0,1.0,0.24444444444444444,1.0,0.24444444444444444,1.0,1.0,1.0,1.0,0.22,1.0,0.22,1.0,1.0,1.0,1.0,mpnet-dj_adpt,5,webtable-cl_optim-v=12-distilroberta-dj_adpt~qwen3_8b-dj_adpt
civic_building_locations_a.pq,1.0,0.08333333333333333,1.0,0.08333333333333333,1.0,1.0,0.08333333333333333,1.0,0.4166666666666667,1.0,0.4166666666666667,1.0,1.0,0.4166666666666667,1.0,0.8333333333333334,1.0,0.8333333333333334,1.0,1.0,0.8333333333333334,0.8,1.0,0.8,1.0,1.0,1.0,1.0,0.6,1.0,0.6,1.0,1.0,1.0,1.0,0.48,1.0,0.48,1.0,1.0,1.0,1.0,0.4,1.0,0.4,1.0,1.0,1.0,1.0,0.34285714285714286,1.0,0.34285714285714286,1.0,1.0,1.0,1.0,0.3,1.0,0.3,1.0,1.0,1.0,1.0,0.26666666666666666,1.0,0.26666666666666666,1.0,1.0,1.0,1.0,0.24,1.0,0.24,1.0,1.0,1.0,1.0,mpnet-dj_adpt,5,webtable-cl_optim-v=12-distilroberta-dj_adpt~qwen3_8b-dj_adpt
prescribing_b.pq,1.0,0.06666666666666667,1.0,0.06666666666666667,1.0,1.0,0.06666666666666667,1.0,0.3333333333333333,1.0,0.3333333333333333,1.0,1.0,0.3333333333333333,1.0,0.6666666666666666,1.0,0.6666666666666666,1.0,1.0,0.6666666666666666,1.0,1.0,1.0,1.0,1.0,1.0,1.0,0.75,1.0,0.75,1.0,1.0,1.0,1.0,0.6,1.0,0.6,1.0,1.0,1.0,1.0,0.5,1.0,0.5,1.0,1.0,1.0,1.0,0.42857142857142855,1.0,0.42857142857142855,1.0,1.0,1.0,1.0,0.375,1.0,0.375,1.0,1.0,1.0,1.0,0.3333333333333333,1.0,0.3333333333333333,1.0,1.0,1.0,1.0,0.3,1.0,0.3,1.0,1.0,1.0,1.0,mpnet-dj_adpt,5,webtable-cl_optim-v=12-distilroberta-dj_adpt~qwen3_8b-dj_adpt
abandoned_wells_a.pq,1.0,0.09090909090909091,1.0,0.09090909090909091,1.0,1.0,0.09090909090909091,1.0,0.45454545454545453,1.0,0.45454545454545453,1.0,1.0,0.45454545454545453,1.0,0.9090909090909091,1.0,0.9090909090909091,1.0,1.0,0.9090909090909091,0.7333333333333333,1.0,0.7333333333333333,1.0,1.0,1.0,1.0,0.55,1.0,0.55,1.0,1.0,1.0,1.0,0.44,1.0,0.44,1.0,1.0,1.0,1.0,0.36666666666666664,1.0,0.36666666666666664,1.0,1.0,1.0,1.0,0.3142857142857143,1.0,0.3142857142857143,1.0,1.0,1.0,1.0,0.275,1.0,0.275,1.0,1.0,1.0,1.0,0.24444444444444444,1.0,0.24444444444444444,1.0,1.0,1.0,1.0,0.22,1.0,0.22,1.0,1.0,1.0,1.0,kalm_instruct_v2_5-dj_adpt,6,webtable-cl_optim-v=12-distilroberta-dj_adpt~qwen3_8b-dj_adpt
practice_reference_b.pq,1.0,0.06666666666666667,1.0,0.06666666666666667,1.0,1.0,0.06666666666666667,1.0,0.3333333333333333,1.0,0.3333333333333333,1.0,1.0,0.3333333333333333,1.0,0.6666666666666666,1.0,0.6666666666666666,1.0,1.0,0.6666666666666666,1.0,1.0,1.0,1.0,1.0,1.0,1.0,0.75,1.0,0.75,1.0,1.0,1.0,1.0,0.6,1.0,0.6,1.0,1.0,1.0,1.0,0.5,1.0,0.5,1.0,1.0,1.0,1.0,0.42857142857142855,1.0,0.42857142857142855,1.0,1.0,1.0,1.0,0.375,1.0,0.375,1.0,1.0,1.0,1.0,0.3333333333333333,1.0,0.3333333333333333,1.0,1.0,1.0,1.0,0.3,1.0,0.3,1.0,1.0,1.0,1.0,kalm_instruct_v2_5-dj_adpt,6,webtable-cl_optim-v=12-distilroberta-dj_adpt~qwen3_8b-dj_adpt
wholesale_markets_a.pq,1.0,0.09090909090909091,1.0,0.09090909090909091,1.0,1.0,0.09090909090909091,1.0,0.45454545454545453,1.0,0.45454545454545453,1.0,1.0,0.45454545454545453,1.0,0.9090909090909091,1.0,0.9090909090909091,1.0,1.0,0.9090909090909091,0.7333333333333333,1.0,0.7333333333333333,1.0,1.0,1.0,1.0,0.55,1.0,0.55,1.0,1.0,1.0,1.0,0.44,1.0,0.44,1.0,1.0,1.0,1.0,0.36666666666666664,1.0,0.36666666666666664,1.0,1.0,1.0,1.0,0.3142857142857143,1.0,0.3142857142857143,1.0,1.0,1.0,1.0,0.275,1.0,0.275,1.0,1.0,1.0,1.0,0.24444444444444444,1.0,0.24444444444444444,1.0,1.0,1.0,1.0,0.22,1.0,0.22,1.0,1.0,1.0,1.0,kalm_instruct_v2_5-dj_adpt,6,webtable-cl_optim-v=12-distilroberta-dj_adpt~qwen3_8b-dj_adpt
tuition_assistance_program_tap_recipients_a.pq,1.0,0.09090909090909091,1.0,0.09090909090909091,1.0,1.0,0.09090909090909091,1.0,0.45454545454545453,1.0,0.45454545454545453,1.0,1.0,0.45454545454545453,1.0,0.9090909090909091,1.0,0.9090909090909091,1.0,1.0,0.9090909090909091,0.7333333333333333,1.0,0.7333333333333333,1.0,1.0,1.0,1.0,0.55,1.0,0.55,1.0,1.0,1.0,1.0,0.44,1.0,0.44,1.0,1.0,1.0,1.0,0.36666666666666664,1.0,0.36666666666666664,1.0,1.0,1.0,1.0,0.3142857142857143,1.0,0.3142857142857143,1.0,1.0,1.0,1.0,0.275,1.0,0.275,1.0,1.0,1.0,1.0,0.24444444444444444,1.0,0.24444444444444444,1.0,1.0,1.0,1.0,0.22,1.0,0.22,1.0,1.0,1.0,1.0,kalm_instruct_v2_5-dj_adpt,6,webtable-cl_optim-v=12-distilroberta-dj_adpt~qwen3_8b-dj_adpt
workforce_management_information_b.pq,1.0,0.05555555555555555,1.0,0.05555555555555555,1.0,1.0,0.05555555555555555,1.0,0.2777777777777778,1.0,0.2777777777777778,1.0,1.0,0.2777777777777778,1.0,0.5555555555555556,1.0,0.5555555555555556,1.0,1.0,0.5555555555555556,1.0,0.8333333333333334,1.0,0.8333333333333334,1.0,1.0,0.8333333333333334,0.9,1.0,0.9,1.0,1.0,1.0,1.0,0.72,1.0,0.72,1.0,1.0,1.0,1.0,0.6,1.0,0.6,1.0,1.0,1.0,1.0,0.5142857142857142,1.0,0.5142857142857142,1.0,1.0,1.0,1.0,0.45,1.0,0.45,1.0,1.0,1.0,1.0,0.4,1.0,0.4,1.0,1.0,1.0,1.0,0.36,1.0,0.36,1.0,1.0,1.0,1.0,kalm_instruct_v2_5-dj_adpt,6,webtable-cl_optim-v=12-distilroberta-dj_adpt~qwen3_8b-dj_adpt
monthly_data_feed_b.pq,1.0,0.07692307692307693,1.0,0.07692307692307693,1.0,1.0,0.07692307692307693,1.0,0.38461538461538464,1.0,0.38461538461538464,1.0,1.0,0.38461538461538464,1.0,0.7692307692307693,1.0,0.7692307692307693,1.0,1.0,0.7692307692307693,0.8666666666666667,1.0,0.8666666666666667,1.0,1.0,1.0,1.0,0.65,1.0,0.65,1.0,1.0,1.0,1.0,0.52,1.0,0.52,1.0,1.0,1.0,1.0,0.43333333333333335,1.0,0.43333333333333335,1.0,1.0,1.0,1.0,0.37142857142857144,1.0,0.37142857142857144,1.0,1.0,1.0,1.0,0.325,1.0,0.325,1.0,1.0,1.0,1.0,0.28888888888888886,1.0,0.28888888888888886,1.0,1.0,1.0,1.0,0.26,1.0,0.26,1.0,1.0,1.0,1.0,kalm_instruct_v2_5-dj_adpt,6,webtable-cl_optim-v=12-distilroberta-dj_adpt~qwen3_8b-dj_adpt
purchasing_card_a.pq,1.0,0.07692307692307693,1.0,0.07692307692307693,1.0,1.0,0.07692307692307693,1.0,0.38461538461538464,1.0,0.38461538461538464,1.0,1.0,0.38461538461538464,1.0,0.7692307692307693,1.0,0.7692307692307693,1.0,1.0,0.7692307692307693,0.8666666666666667,1.0,0.8666666666666667,1.0,1.0,1.0,1.0,0.65,1.0,0.65,1.0,1.0,1.0,1.0,0.52,1.0,0.52,1.0,1.0,1.0,1.0,0.43333333333333335,1.0,0.43333333333333335,1.0,1.0,1.0,1.0,0.37142857142857144,1.0,0.37142857142857144,1.0,1.0,1.0,1.0,0.325,1.0,0.325,1.0,1.0,1.0,1.0,0.28888888888888886,1.0,0.28888888888888886,1.0,1.0,1.0,1.0,0.26,1.0,0.26,1.0,1.0,1.0,1.0,kalm_instruct_v2_5-dj_adpt,6,webtable-cl_optim-v=12-distilroberta-dj_adpt~qwen3_8b-dj_adpt
psyckes_antipsychotic_polypharmacy_quality_indicators_beginning_2012_a.pq,1.0,0.09090909090909091,1.0,0.09090909090909091,1.0,1.0,0.09090909090909091,1.0,0.45454545454545453,1.0,0.45454545454545453,1.0,1.0,0.45454545454545453,1.0,0.9090909090909091,1.0,0.9090909090909091,1.0,1.0,0.9090909090909091,0.7333333333333333,1.0,0.7333333333333333,1.0,1.0,1.0,1.0,0.55,1.0,0.55,1.0,1.0,1.0,1.0,0.44,1.0,0.44,1.0,1.0,1.0,1.0,0.36666666666666664,1.0,0.36666666666666664,1.0,1.0,1.0,1.0,0.3142857142857143,1.0,0.3142857142857143,1.0,1.0,1.0,1.0,0.275,1.0,0.275,1.0,1.0,1.0,1.0,0.24444444444444444,1.0,0.24444444444444444,1.0,1.0,1.0,1.0,0.22,1.0,0.22,1.0,1.0,1.0,1.0,kalm_instruct_v2_5-dj_adpt,6,webtable-cl_optim-v=12-distilroberta-dj_adpt~qwen3_8b-dj_adpt
prescribing_b.pq,1.0,0.06666666666666667,1.0,0.06666666666666667,1.0,1.0,0.06666666666666667,1.0,0.3333333333333333,1.0,0.3333333333333333,1.0,1.0,0.3333333333333333,1.0,0.6666666666666666,1.0,0.6666666666666666,1.0,1.0,0.6666666666666666,1.0,1.0,1.0,1.0,1.0,1.0,1.0,0.75,1.0,0.75,1.0,1.0,1.0,1.0,0.6,1.0,0.6,1.0,1.0,1.0,1.0,0.5,1.0,0.5,1.0,1.0,1.0,1.0,0.42857142857142855,1.0,0.42857142857142855,1.0,1.0,1.0,1.0,0.375,1.0,0.375,1.0,1.0,1.0,1.0,0.3333333333333333,1.0,0.3333333333333333,1.0,1.0,1.0,1.0,0.3,1.0,0.3,1.0,1.0,1.0,1.0,kalm_instruct_v2_5-dj_adpt,6,webtable-cl_optim-v=12-distilroberta-dj_adpt~qwen3_8b-dj_adpt
civic_building_locations_a.pq,1.0,0.08333333333333333,1.0,0.08333333333333333,1.0,1.0,0.08333333333333333,1.0,0.4166666666666667,1.0,0.4166666666666667,1.0,1.0,0.4166666666666667,1.0,0.8333333333333334,1.0,0.8333333333333334,1.0,1.0,0.8333333333333334,0.8,1.0,0.8,1.0,1.0,1.0,1.0,0.6,1.0,0.6,1.0,1.0,1.0,1.0,0.48,1.0,0.48,1.0,1.0,1.0,1.0,0.4,1.0,0.4,1.0,1.0,1.0,1.0,0.34285714285714286,1.0,0.34285714285714286,1.0,1.0,1.0,1.0,0.3,1.0,0.3,1.0,1.0,1.0,1.0,0.26666666666666666,1.0,0.26666666666666666,1.0,1.0,1.0,1.0,0.24,1.0,0.24,1.0,1.0,1.0,1.0,kalm_instruct_v2_5-dj_adpt,6,webtable-cl_optim-v=12-distilroberta-dj_adpt~qwen3_8b-dj_adpt
monthly_data_feed_a.pq,1.0,0.07692307692307693,1.0,0.07692307692307693,1.0,1.0,0.07692307692307693,1.0,0.38461538461538464,1.0,0.38461538461538464,1.0,1.0,0.38461538461538464,1.0,0.7692307692307693,1.0,0.7692307692307693,1.0,1.0,0.7692307692307693,0.8666666666666667,1.0,0.8666666666666667,1.0,1.0,1.0,1.0,0.65,1.0,0.65,1.0,1.0,1.0,1.0,0.52,1.0,0.52,1.0,1.0,1.0,1.0,0.43333333333333335,1.0,0.43333333333333335,1.0,1.0,1.0,1.0,0.37142857142857144,1.0,0.37142857142857144,1.0,1.0,1.0,1.0,0.325,1.0,0.325,1.0,1.0,1.0,1.0,0.28888888888888886,1.0,0.28888888888888886,1.0,1.0,1.0,1.0,0.26,1.0,0.26,1.0,1.0,1.0,1.0,kalm_instruct_v2_5-dj_adpt,6,webtable-cl_optim-v=12-distilroberta-dj_adpt~qwen3_8b-dj_adpt
new_york_city_restaurant_inspection_results_a.pq,1.0,0.03225806451612903,1.0,0.03225806451612903,1.0,1.0,0.03225806451612903,1.0,0.16129032258064516,1.0,0.16129032258064516,1.0,1.0,0.16129032258064516,1.0,0.3225806451612903,1.0,0.3225806451612903,1.0,1.0,0.3225806451612903,1.0,0.4838709677419355,1.0,0.4838709677419355,1.0,1.0,0.4838709677419355,1.0,0.6451612903225806,1.0,0.6451612903225806,1.0,1.0,0.6451612903225806,1.0,0.8064516129032258,1.0,0.8064516129032258,1.0,1.0,0.8064516129032258,1.0,0.967741935483871,1.0,0.967741935483871,1.0,1.0,0.967741935483871,0.8857142857142857,1.0,0.8857142857142857,1.0,1.0,1.0,1.0,0.775,1.0,0.775,1.0,1.0,1.0,1.0,0.6888888888888889,1.0,0.6888888888888889,1.0,1.0,1.0,1.0,0.62,1.0,0.62,1.0,1.0,1.0,1.0,kalm_instruct_v2_5-dj_adpt,6,webtable-cl_optim-v=12-distilroberta-dj_adpt~qwen3_8b-dj_adpt
ydn_spending_data_b.pq,1.0,0.08333333333333333,1.0,0.08333333333333333,1.0,1.0,0.08333333333333333,1.0,0.4166666666666667,1.0,0.4166666666666667,1.0,1.0,0.4166666666666667,1.0,0.8333333333333334,1.0,0.8333333333333334,1.0,1.0,0.8333333333333334,0.8,1.0,0.8,1.0,1.0,1.0,1.0,0.6,1.0,0.6,1.0,1.0,1.0,1.0,0.48,1.0,0.48,1.0,1.0,1.0,1.0,0.4,1.0,0.4,1.0,1.0,1.0,1.0,0.34285714285714286,1.0,0.34285714285714286,1.0,1.0,1.0,1.0,0.3,1.0,0.3,1.0,1.0,1.0,1.0,0.26666666666666666,1.0,0.26666666666666666,1.0,1.0,1.0,1.0,0.24,1.0,0.24,1.0,1.0,1.0,1.0,kalm_instruct_v2_5-dj_adpt,6,webtable-cl_optim-v=12-distilroberta-dj_adpt~qwen3_8b-dj_adpt
biodiversity_a.pq,1.0,0.09090909090909091,1.0,0.09090909090909091,1.0,1.0,0.09090909090909091,1.0,0.45454545454545453,1.0,0.45454545454545453,1.0,1.0,0.45454545454545453,0.9,0.8181818181818182,1.0,0.9090909090909091,1.0,1.0,0.798989898989899,0.6,0.8181818181818182,0.7333333333333333,1.0,1.0,1.0,0.798989898989899,0.5,0.9090909090909091,0.55,1.0,1.0,1.0,0.852465834818776,0.4,0.9090909090909091,0.44,1.0,1.0,1.0,0.852465834818776,0.3333333333333333,0.9090909090909091,0.36666666666666664,1.0,1.0,1.0,0.852465834818776,0.2857142857142857,0.9090909090909091,0.3142857142857143,1.0,1.0,1.0,0.852465834818776,0.275,1.0,0.275,1.0,1.0,1.0,0.877465834818776,0.24444444444444444,1.0,0.24444444444444444,1.0,1.0,1.0,0.877465834818776,0.22,1.0,0.22,1.0,1.0,1.0,0.877465834818776,kalm_instruct_v2_5-dj_adpt,6,webtable-cl_optim-v=12-distilroberta-dj_adpt~qwen3_8b-dj_adpt
contributors_parties_b.pq,1.0,0.047619047619047616,1.0,0.047619047619047616,1.0,1.0,0.047619047619047616,1.0,0.23809523809523808,1.0,0.23809523809523808,1.0,1.0,0.23809523809523808,1.0,0.47619047619047616,1.0,0.47619047619047616,1.0,1.0,0.47619047619047616,1.0,0.7142857142857143,1.0,0.7142857142857143,1.0,1.0,0.7142857142857143,0.85,0.8095238095238095,1.0,0.9523809523809523,1.0,1.0,0.8095238095238095,0.68,0.8095238095238095,0.84,1.0,1.0,1.0,0.8095238095238095,0.5666666666666667,0.8095238095238095,0.7,1.0,1.0,1.0,0.8095238095238095,0.6,1.0,0.6,1.0,1.0,1.0,0.9203091842797726,0.525,1.0,0.525,1.0,1.0,1.0,0.9203091842797726,0.4666666666666667,1.0,0.4666666666666667,1.0,1.0,1.0,0.9203091842797726,0.42,1.0,0.42,1.0,1.0,1.0,0.9203091842797726,kalm_instruct_v2_5-dj_adpt,6,webtable-cl_optim-v=12-distilroberta-dj_adpt~qwen3_8b-dj_adpt
contributors_parties_a.pq,1.0,0.047619047619047616,1.0,0.047619047619047616,1.0,1.0,0.047619047619047616,1.0,0.23809523809523808,1.0,0.23809523809523808,1.0,1.0,0.23809523809523808,1.0,0.47619047619047616,1.0,0.47619047619047616,1.0,1.0,0.47619047619047616,1.0,0.7142857142857143,1.0,0.7142857142857143,1.0,1.0,0.7142857142857143,1.0,0.9523809523809523,1.0,0.9523809523809523,1.0,1.0,0.9523809523809523,0.84,1.0,0.84,1.0,1.0,1.0,1.0,0.7,1.0,0.7,1.0,1.0,1.0,1.0,0.6,1.0,0.6,1.0,1.0,1.0,1.0,0.525,1.0,0.525,1.0,1.0,1.0,1.0,0.4666666666666667,1.0,0.4666666666666667,1.0,1.0,1.0,1.0,0.42,1.0,0.42,1.0,1.0,1.0,1.0,kalm_instruct_v2_5-dj_adpt,6,webtable-cl_optim-v=12-distilroberta-dj_adpt~qwen3_8b-dj_adpt
data_mill_a.pq,1.0,0.07142857142857142,1.0,0.07142857142857142,1.0,1.0,0.07142857142857142,1.0,0.35714285714285715,1.0,0.35714285714285715,1.0,1.0,0.35714285714285715,1.0,0.7142857142857143,1.0,0.7142857142857143,1.0,1.0,0.7142857142857143,0.9333333333333333,1.0,0.9333333333333333,1.0,1.0,1.0,1.0,0.7,1.0,0.7,1.0,1.0,1.0,1.0,0.56,1.0,0.56,1.0,1.0,1.0,1.0,0.4666666666666667,1.0,0.4666666666666667,1.0,1.0,1.0,1.0,0.4,1.0,0.4,1.0,1.0,1.0,1.0,0.35,1.0,0.35,1.0,1.0,1.0,1.0,0.3111111111111111,1.0,0.3111111111111111,1.0,1.0,1.0,1.0,0.28,1.0,0.28,1.0,1.0,1.0,1.0,kalm_instruct_v2_5-dj_adpt,6,webtable-cl_optim-v=12-distilroberta-dj_adpt~qwen3_8b-dj_adpt
report_card_discipline_for_2015_16_a.pq,1.0,0.09090909090909091,1.0,0.09090909090909091,1.0,1.0,0.09090909090909091,1.0,0.45454545454545453,1.0,0.45454545454545453,1.0,1.0,0.45454545454545453,1.0,0.9090909090909091,1.0,0.9090909090909091,1.0,1.0,0.9090909090909091,0.7333333333333333,1.0,0.7333333333333333,1.0,1.0,1.0,1.0,0.55,1.0,0.55,1.0,1.0,1.0,1.0,0.44,1.0,0.44,1.0,1.0,1.0,1.0,0.36666666666666664,1.0,0.36666666666666664,1.0,1.0,1.0,1.0,0.3142857142857143,1.0,0.3142857142857143,1.0,1.0,1.0,1.0,0.275,1.0,0.275,1.0,1.0,1.0,1.0,0.24444444444444444,1.0,0.24444444444444444,1.0,1.0,1.0,1.0,0.22,1.0,0.22,1.0,1.0,1.0,1.0,kalm_instruct_v2_5-dj_adpt,6,webtable-cl_optim-v=12-distilroberta-dj_adpt~qwen3_8b-dj_adpt
data_mill_b.pq,1.0,0.07142857142857142,1.0,0.07142857142857142,1.0,1.0,0.07142857142857142,1.0,0.35714285714285715,1.0,0.35714285714285715,1.0,1.0,0.35714285714285715,1.0,0.7142857142857143,1.0,0.7142857142857143,1.0,1.0,0.7142857142857143,0.9333333333333333,1.0,0.9333333333333333,1.0,1.0,1.0,1.0,0.7,1.0,0.7,1.0,1.0,1.0,1.0,0.56,1.0,0.56,1.0,1.0,1.0,1.0,0.4666666666666667,1.0,0.4666666666666667,1.0,1.0,1.0,1.0,0.4,1.0,0.4,1.0,1.0,1.0,1.0,0.35,1.0,0.35,1.0,1.0,1.0,1.0,0.3111111111111111,1.0,0.3111111111111111,1.0,1.0,1.0,1.0,0.28,1.0,0.28,1.0,1.0,1.0,1.0,kalm_instruct_v2_5-dj_adpt,6,webtable-cl_optim-v=12-distilroberta-dj_adpt~qwen3_8b-dj_adpt
prescribing_a.pq,1.0,0.06666666666666667,1.0,0.06666666666666667,1.0,1.0,0.06666666666666667,1.0,0.3333333333333333,1.0,0.3333333333333333,1.0,1.0,0.3333333333333333,1.0,0.6666666666666666,1.0,0.6666666666666666,1.0,1.0,0.6666666666666666,1.0,1.0,1.0,1.0,1.0,1.0,1.0,0.75,1.0,0.75,1.0,1.0,1.0,1.0,0.6,1.0,0.6,1.0,1.0,1.0,1.0,0.5,1.0,0.5,1.0,1.0,1.0,1.0,0.42857142857142855,1.0,0.42857142857142855,1.0,1.0,1.0,1.0,0.375,1.0,0.375,1.0,1.0,1.0,1.0,0.3333333333333333,1.0,0.3333333333333333,1.0,1.0,1.0,1.0,0.3,1.0,0.3,1.0,1.0,1.0,1.0,kalm_instruct_v2_5-dj_adpt,6,webtable-cl_optim-v=12-distilroberta-dj_adpt~qwen3_8b-dj_adpt
311_calls_historic_data_a.pq,1.0,0.09090909090909091,1.0,0.09090909090909091,1.0,1.0,0.09090909090909091,1.0,0.45454545454545453,1.0,0.45454545454545453,1.0,1.0,0.45454545454545453,1.0,0.9090909090909091,1.0,0.9090909090909091,1.0,1.0,0.9090909090909091,0.7333333333333333,1.0,0.7333333333333333,1.0,1.0,1.0,1.0,0.55,1.0,0.55,1.0,1.0,1.0,1.0,0.44,1.0,0.44,1.0,1.0,1.0,1.0,0.36666666666666664,1.0,0.36666666666666664,1.0,1.0,1.0,1.0,0.3142857142857143,1.0,0.3142857142857143,1.0,1.0,1.0,1.0,0.275,1.0,0.275,1.0,1.0,1.0,1.0,0.24444444444444444,1.0,0.24444444444444444,1.0,1.0,1.0,1.0,0.22,1.0,0.22,1.0,1.0,1.0,1.0,kalm_instruct_v2_5-dj_adpt,6,webtable-cl_optim-v=12-distilroberta-dj_adpt~qwen3_8b-dj_adpt
stockport_contracts_a.pq,1.0,0.07692307692307693,1.0,0.07692307692307693,1.0,1.0,0.07692307692307693,1.0,0.38461538461538464,1.0,0.38461538461538464,1.0,1.0,0.38461538461538464,1.0,0.7692307692307693,1.0,0.7692307692307693,1.0,1.0,0.7692307692307693,0.8666666666666667,1.0,0.8666666666666667,1.0,1.0,1.0,1.0,0.65,1.0,0.65,1.0,1.0,1.0,1.0,0.52,1.0,0.52,1.0,1.0,1.0,1.0,0.43333333333333335,1.0,0.43333333333333335,1.0,1.0,1.0,1.0,0.37142857142857144,1.0,0.37142857142857144,1.0,1.0,1.0,1.0,0.325,1.0,0.325,1.0,1.0,1.0,1.0,0.28888888888888886,1.0,0.28888888888888886,1.0,1.0,1.0,1.0,0.26,1.0,0.26,1.0,1.0,1.0,1.0,kalm_instruct_v2_5-dj_adpt,6,webtable-cl_optim-v=12-distilroberta-dj_adpt~qwen3_8b-dj_adpt
complaint_by_practice_b.pq,1.0,0.07692307692307693,1.0,0.07692307692307693,1.0,1.0,0.07692307692307693,1.0,0.38461538461538464,1.0,0.38461538461538464,1.0,1.0,0.38461538461538464,1.0,0.7692307692307693,1.0,0.7692307692307693,1.0,1.0,0.7692307692307693,0.8666666666666667,1.0,0.8666666666666667,1.0,1.0,1.0,1.0,0.65,1.0,0.65,1.0,1.0,1.0,1.0,0.52,1.0,0.52,1.0,1.0,1.0,1.0,0.43333333333333335,1.0,0.43333333333333335,1.0,1.0,1.0,1.0,0.37142857142857144,1.0,0.37142857142857144,1.0,1.0,1.0,1.0,0.325,1.0,0.325,1.0,1.0,1.0,1.0,0.28888888888888886,1.0,0.28888888888888886,1.0,1.0,1.0,1.0,0.26,1.0,0.26,1.0,1.0,1.0,1.0,kalm_instruct_v2_5-dj_adpt,6,webtable-cl_optim-v=12-distilroberta-dj_adpt~qwen3_8b-dj_adpt
ipopayments_b.pq,1.0,0.06666666666666667,1.0,0.06666666666666667,1.0,1.0,0.06666666666666667,1.0,0.3333333333333333,1.0,0.3333333333333333,1.0,1.0,0.3333333333333333,1.0,0.6666666666666666,1.0,0.6666666666666666,1.0,1.0,0.6666666666666666,1.0,1.0,1.0,1.0,1.0,1.0,1.0,0.75,1.0,0.75,1.0,1.0,1.0,1.0,0.6,1.0,0.6,1.0,1.0,1.0,1.0,0.5,1.0,0.5,1.0,1.0,1.0,1.0,0.42857142857142855,1.0,0.42857142857142855,1.0,1.0,1.0,1.0,0.375,1.0,0.375,1.0,1.0,1.0,1.0,0.3333333333333333,1.0,0.3333333333333333,1.0,1.0,1.0,1.0,0.3,1.0,0.3,1.0,1.0,1.0,1.0,kalm_instruct_v2_5-dj_adpt,6,webtable-cl_optim-v=12-distilroberta-dj_adpt~qwen3_8b-dj_adpt
mines_a.pq,1.0,0.07142857142857142,1.0,0.07142857142857142,1.0,1.0,0.07142857142857142,1.0,0.35714285714285715,1.0,0.35714285714285715,1.0,1.0,0.35714285714285715,1.0,0.7142857142857143,1.0,0.7142857142857143,1.0,1.0,0.7142857142857143,0.8666666666666667,0.9285714285714286,0.9333333333333333,1.0,1.0,1.0,0.9285714285714286,0.7,1.0,0.7,1.0,1.0,1.0,0.9841269841269842,0.56,1.0,0.56,1.0,1.0,1.0,0.9841269841269842,0.4666666666666667,1.0,0.4666666666666667,1.0,1.0,1.0,0.9841269841269842,0.4,1.0,0.4,1.0,1.0,1.0,0.9841269841269842,0.35,1.0,0.35,1.0,1.0,1.0,0.9841269841269842,0.3111111111111111,1.0,0.3111111111111111,1.0,1.0,1.0,0.9841269841269842,0.28,1.0,0.28,1.0,1.0,1.0,0.9841269841269842,kalm_instruct_v2_5-dj_adpt,6,webtable-cl_optim-v=12-distilroberta-dj_adpt~qwen3_8b-dj_adpt
ipopayments_a.pq,1.0,0.06666666666666667,1.0,0.06666666666666667,1.0,1.0,0.06666666666666667,1.0,0.3333333333333333,1.0,0.3333333333333333,1.0,1.0,0.3333333333333333,1.0,0.6666666666666666,1.0,0.6666666666666666,1.0,1.0,0.6666666666666666,1.0,1.0,1.0,1.0,1.0,1.0,1.0,0.75,1.0,0.75,1.0,1.0,1.0,1.0,0.6,1.0,0.6,1.0,1.0,1.0,1.0,0.5,1.0,0.5,1.0,1.0,1.0,1.0,0.42857142857142855,1.0,0.42857142857142855,1.0,1.0,1.0,1.0,0.375,1.0,0.375,1.0,1.0,1.0,1.0,0.3333333333333333,1.0,0.3333333333333333,1.0,1.0,1.0,1.0,0.3,1.0,0.3,1.0,1.0,1.0,1.0,kalm_instruct_v2_5-dj_adpt,6,webtable-cl_optim-v=12-distilroberta-dj_adpt~qwen3_8b-dj_adpt
practice_reference_a.pq,1.0,0.06666666666666667,1.0,0.06666666666666667,1.0,1.0,0.06666666666666667,1.0,0.3333333333333333,1.0,0.3333333333333333,1.0,1.0,0.3333333333333333,1.0,0.6666666666666666,1.0,0.6666666666666666,1.0,1.0,0.6666666666666666,1.0,1.0,1.0,1.0,1.0,1.0,1.0,0.75,1.0,0.75,1.0,1.0,1.0,1.0,0.6,1.0,0.6,1.0,1.0,1.0,1.0,0.5,1.0,0.5,1.0,1.0,1.0,1.0,0.42857142857142855,1.0,0.42857142857142855,1.0,1.0,1.0,1.0,0.375,1.0,0.375,1.0,1.0,1.0,1.0,0.3333333333333333,1.0,0.3333333333333333,1.0,1.0,1.0,1.0,0.3,1.0,0.3,1.0,1.0,1.0,1.0,kalm_instruct_v2_5-dj_adpt,6,webtable-cl_optim-v=12-distilroberta-dj_adpt~qwen3_8b-dj_adpt
workforce_management_information_a.pq,1.0,0.05555555555555555,1.0,0.05555555555555555,1.0,1.0,0.05555555555555555,1.0,0.2777777777777778,1.0,0.2777777777777778,1.0,1.0,0.2777777777777778,1.0,0.5555555555555556,1.0,0.5555555555555556,1.0,1.0,0.5555555555555556,1.0,0.8333333333333334,1.0,0.8333333333333334,1.0,1.0,0.8333333333333334,0.9,1.0,0.9,1.0,1.0,1.0,1.0,0.72,1.0,0.72,1.0,1.0,1.0,1.0,0.6,1.0,0.6,1.0,1.0,1.0,1.0,0.5142857142857142,1.0,0.5142857142857142,1.0,1.0,1.0,1.0,0.45,1.0,0.45,1.0,1.0,1.0,1.0,0.4,1.0,0.4,1.0,1.0,1.0,1.0,0.36,1.0,0.36,1.0,1.0,1.0,1.0,kalm_instruct_v2_5-dj_adpt,6,webtable-cl_optim-v=12-distilroberta-dj_adpt~qwen3_8b-dj_adpt
ydn_spending_data_a.pq,1.0,0.08333333333333333,1.0,0.08333333333333333,1.0,1.0,0.08333333333333333,1.0,0.4166666666666667,1.0,0.4166666666666667,1.0,1.0,0.4166666666666667,1.0,0.8333333333333334,1.0,0.8333333333333334,1.0,1.0,0.8333333333333334,0.8,1.0,0.8,1.0,1.0,1.0,1.0,0.6,1.0,0.6,1.0,1.0,1.0,1.0,0.48,1.0,0.48,1.0,1.0,1.0,1.0,0.4,1.0,0.4,1.0,1.0,1.0,1.0,0.34285714285714286,1.0,0.34285714285714286,1.0,1.0,1.0,1.0,0.3,1.0,0.3,1.0,1.0,1.0,1.0,0.26666666666666666,1.0,0.26666666666666666,1.0,1.0,1.0,1.0,0.24,1.0,0.24,1.0,1.0,1.0,1.0,kalm_instruct_v2_5-dj_adpt,6,webtable-cl_optim-v=12-distilroberta-dj_adpt~qwen3_8b-dj_adpt
minister_meetings_a.pq,1.0,0.1,1.0,0.1,1.0,1.0,0.1,0.8,0.4,1.0,0.5,1.0,1.0,0.4,0.8,0.8,1.0,1.0,1.0,1.0,0.7161111111111111,0.6666666666666666,1.0,0.6666666666666666,1.0,1.0,1.0,0.868034188034188,0.5,1.0,0.5,1.0,1.0,1.0,0.868034188034188,0.4,1.0,0.4,1.0,1.0,1.0,0.868034188034188,0.3333333333333333,1.0,0.3333333333333333,1.0,1.0,1.0,0.868034188034188,0.2857142857142857,1.0,0.2857142857142857,1.0,1.0,1.0,0.868034188034188,0.25,1.0,0.25,1.0,1.0,1.0,0.868034188034188,0.2222222222222222,1.0,0.2222222222222222,1.0,1.0,1.0,0.868034188034188,0.2,1.0,0.2,1.0,1.0,1.0,0.868034188034188,kalm_instruct_v2_5-dj_adpt,6,webtable-cl_optim-v=12-distilroberta-dj_adpt~qwen3_8b-dj_adpt
oil_and_gas_summary_production_data_1967_1999_a.pq,1.0,0.09090909090909091,1.0,0.09090909090909091,1.0,1.0,0.09090909090909091,1.0,0.45454545454545453,1.0,0.45454545454545453,1.0,1.0,0.45454545454545453,1.0,0.9090909090909091,1.0,0.9090909090909091,1.0,1.0,0.9090909090909091,0.7333333333333333,1.0,0.7333333333333333,1.0,1.0,1.0,1.0,0.55,1.0,0.55,1.0,1.0,1.0,1.0,0.44,1.0,0.44,1.0,1.0,1.0,1.0,0.36666666666666664,1.0,0.36666666666666664,1.0,1.0,1.0,1.0,0.3142857142857143,1.0,0.3142857142857143,1.0,1.0,1.0,1.0,0.275,1.0,0.275,1.0,1.0,1.0,1.0,0.24444444444444444,1.0,0.24444444444444444,1.0,1.0,1.0,1.0,0.22,1.0,0.22,1.0,1.0,1.0,1.0,kalm_instruct_v2_5-dj_adpt,6,webtable-cl_optim-v=12-distilroberta-dj_adpt~qwen3_8b-dj_adpt
animal_tag_data_a.pq,1.0,0.08333333333333333,1.0,0.08333333333333333,1.0,1.0,0.08333333333333333,1.0,0.4166666666666667,1.0,0.4166666666666667,1.0,1.0,0.4166666666666667,1.0,0.8333333333333334,1.0,0.8333333333333334,1.0,1.0,0.8333333333333334,0.8,1.0,0.8,1.0,1.0,1.0,1.0,0.6,1.0,0.6,1.0,1.0,1.0,1.0,0.48,1.0,0.48,1.0,1.0,1.0,1.0,0.4,1.0,0.4,1.0,1.0,1.0,1.0,0.34285714285714286,1.0,0.34285714285714286,1.0,1.0,1.0,1.0,0.3,1.0,0.3,1.0,1.0,1.0,1.0,0.26666666666666666,1.0,0.26666666666666666,1.0,1.0,1.0,1.0,0.24,1.0,0.24,1.0,1.0,1.0,1.0,kalm_instruct_v2_5-dj_adpt,6,webtable-cl_optim-v=12-distilroberta-dj_adpt~qwen3_8b-dj_adpt
business_rates_a.pq,1.0,0.08333333333333333,1.0,0.08333333333333333,1.0,1.0,0.08333333333333333,1.0,0.4166666666666667,1.0,0.4166666666666667,1.0,1.0,0.4166666666666667,1.0,0.8333333333333334,1.0,0.8333333333333334,1.0,1.0,0.8333333333333334,0.8,1.0,0.8,1.0,1.0,1.0,1.0,0.6,1.0,0.6,1.0,1.0,1.0,1.0,0.48,1.0,0.48,1.0,1.0,1.0,1.0,0.4,1.0,0.4,1.0,1.0,1.0,1.0,0.34285714285714286,1.0,0.34285714285714286,1.0,1.0,1.0,1.0,0.3,1.0,0.3,1.0,1.0,1.0,1.0,0.26666666666666666,1.0,0.26666666666666666,1.0,1.0,1.0,1.0,0.24,1.0,0.24,1.0,1.0,1.0,1.0,kalm_instruct_v2_5-dj_adpt,6,webtable-cl_optim-v=12-distilroberta-dj_adpt~qwen3_8b-dj_adpt
albums_b.pq,1.0,0.0625,1.0,0.0625,1.0,1.0,0.0625,1.0,0.3125,1.0,0.3125,1.0,1.0,0.3125,1.0,0.625,1.0,0.625,1.0,1.0,0.625,1.0,0.9375,1.0,0.9375,1.0,1.0,0.9375,0.8,1.0,0.8,1.0,1.0,1.0,1.0,0.64,1.0,0.64,1.0,1.0,1.0,1.0,0.5333333333333333,1.0,0.5333333333333333,1.0,1.0,1.0,1.0,0.45714285714285713,1.0,0.45714285714285713,1.0,1.0,1.0,1.0,0.4,1.0,0.4,1.0,1.0,1.0,1.0,0.35555555555555557,1.0,0.35555555555555557,1.0,1.0,1.0,1.0,0.32,1.0,0.32,1.0,1.0,1.0,1.0,kalm_instruct_v2_5-dj_adpt,6,webtable-cl_optim-v=12-distilroberta-dj_adpt~qwen3_8b-dj_adpt
animal_tag_data_b.pq,1.0,0.08333333333333333,1.0,0.08333333333333333,1.0,1.0,0.08333333333333333,1.0,0.4166666666666667,1.0,0.4166666666666667,1.0,1.0,0.4166666666666667,1.0,0.8333333333333334,1.0,0.8333333333333334,1.0,1.0,0.8333333333333334,0.8,1.0,0.8,1.0,1.0,1.0,1.0,0.6,1.0,0.6,1.0,1.0,1.0,1.0,0.48,1.0,0.48,1.0,1.0,1.0,1.0,0.4,1.0,0.4,1.0,1.0,1.0,1.0,0.34285714285714286,1.0,0.34285714285714286,1.0,1.0,1.0,1.0,0.3,1.0,0.3,1.0,1.0,1.0,1.0,0.26666666666666666,1.0,0.26666666666666666,1.0,1.0,1.0,1.0,0.24,1.0,0.24,1.0,1.0,1.0,1.0,kalm_instruct_v2_5-dj_adpt,6,webtable-cl_optim-v=12-distilroberta-dj_adpt~qwen3_8b-dj_adpt
cdc_nutrition_physical_activity_and_obesity_legislation_a.pq,1.0,0.09090909090909091,1.0,0.09090909090909091,1.0,1.0,0.09090909090909091,1.0,0.45454545454545453,1.0,0.45454545454545453,1.0,1.0,0.45454545454545453,1.0,0.9090909090909091,1.0,0.9090909090909091,1.0,1.0,0.9090909090909091,0.7333333333333333,1.0,0.7333333333333333,1.0,1.0,1.0,1.0,0.55,1.0,0.55,1.0,1.0,1.0,1.0,0.44,1.0,0.44,1.0,1.0,1.0,1.0,0.36666666666666664,1.0,0.36666666666666664,1.0,1.0,1.0,1.0,0.3142857142857143,1.0,0.3142857142857143,1.0,1.0,1.0,1.0,0.275,1.0,0.275,1.0,1.0,1.0,1.0,0.24444444444444444,1.0,0.24444444444444444,1.0,1.0,1.0,1.0,0.22,1.0,0.22,1.0,1.0,1.0,1.0,kalm_instruct_v2_5-dj_adpt,6,webtable-cl_optim-v=12-distilroberta-dj_adpt~qwen3_8b-dj_adpt
film_locations_in_san_francisco_a.pq,1.0,0.07692307692307693,1.0,0.07692307692307693,1.0,1.0,0.07692307692307693,1.0,0.38461538461538464,1.0,0.38461538461538464,1.0,1.0,0.38461538461538464,1.0,0.7692307692307693,1.0,0.7692307692307693,1.0,1.0,0.7692307692307693,0.8666666666666667,1.0,0.8666666666666667,1.0,1.0,1.0,1.0,0.65,1.0,0.65,1.0,1.0,1.0,1.0,0.52,1.0,0.52,1.0,1.0,1.0,1.0,0.43333333333333335,1.0,0.43333333333333335,1.0,1.0,1.0,1.0,0.37142857142857144,1.0,0.37142857142857144,1.0,1.0,1.0,1.0,0.325,1.0,0.325,1.0,1.0,1.0,1.0,0.28888888888888886,1.0,0.28888888888888886,1.0,1.0,1.0,1.0,0.26,1.0,0.26,1.0,1.0,1.0,1.0,kalm_instruct_v2_5-dj_adpt,6,webtable-cl_optim-v=12-distilroberta-dj_adpt~qwen3_8b-dj_adpt
immigration_records_a.pq,1.0,0.0625,1.0,0.0625,1.0,1.0,0.0625,1.0,0.3125,1.0,0.3125,1.0,1.0,0.3125,1.0,0.625,1.0,0.625,1.0,1.0,0.625,1.0,0.9375,1.0,0.9375,1.0,1.0,0.9375,0.8,1.0,0.8,1.0,1.0,1.0,1.0,0.64,1.0,0.64,1.0,1.0,1.0,1.0,0.5333333333333333,1.0,0.5333333333333333,1.0,1.0,1.0,1.0,0.45714285714285713,1.0,0.45714285714285713,1.0,1.0,1.0,1.0,0.4,1.0,0.4,1.0,1.0,1.0,1.0,0.35555555555555557,1.0,0.35555555555555557,1.0,1.0,1.0,1.0,0.32,1.0,0.32,1.0,1.0,1.0,1.0,kalm_instruct_v2_5-dj_adpt,6,webtable-cl_optim-v=12-distilroberta-dj_adpt~qwen3_8b-dj_adpt
lane_description_b.pq,1.0,0.0625,1.0,0.0625,1.0,1.0,0.0625,1.0,0.3125,1.0,0.3125,1.0,1.0,0.3125,1.0,0.625,1.0,0.625,1.0,1.0,0.625,1.0,0.9375,1.0,0.9375,1.0,1.0,0.9375,0.8,1.0,0.8,1.0,1.0,1.0,1.0,0.64,1.0,0.64,1.0,1.0,1.0,1.0,0.5333333333333333,1.0,0.5333333333333333,1.0,1.0,1.0,1.0,0.45714285714285713,1.0,0.45714285714285713,1.0,1.0,1.0,1.0,0.4,1.0,0.4,1.0,1.0,1.0,1.0,0.35555555555555557,1.0,0.35555555555555557,1.0,1.0,1.0,1.0,0.32,1.0,0.32,1.0,1.0,1.0,1.0,kalm_instruct_v2_5-dj_adpt,6,webtable-cl_optim-v=12-distilroberta-dj_adpt~qwen3_8b-dj_adpt
job_pay_scales_a.pq,1.0,0.06666666666666667,1.0,0.06666666666666667,1.0,1.0,0.06666666666666667,1.0,0.3333333333333333,1.0,0.3333333333333333,1.0,1.0,0.3333333333333333,1.0,0.6666666666666666,1.0,0.6666666666666666,1.0,1.0,0.6666666666666666,1.0,1.0,1.0,1.0,1.0,1.0,1.0,0.75,1.0,0.75,1.0,1.0,1.0,1.0,0.6,1.0,0.6,1.0,1.0,1.0,1.0,0.5,1.0,0.5,1.0,1.0,1.0,1.0,0.42857142857142855,1.0,0.42857142857142855,1.0,1.0,1.0,1.0,0.375,1.0,0.375,1.0,1.0,1.0,1.0,0.3333333333333333,1.0,0.3333333333333333,1.0,1.0,1.0,1.0,0.3,1.0,0.3,1.0,1.0,1.0,1.0,kalm_instruct_v2_5-dj_adpt,6,webtable-cl_optim-v=12-distilroberta-dj_adpt~qwen3_8b-dj_adpt
complaint_by_practice_a.pq,1.0,0.07692307692307693,1.0,0.07692307692307693,1.0,1.0,0.07692307692307693,1.0,0.38461538461538464,1.0,0.38461538461538464,1.0,1.0,0.38461538461538464,1.0,0.7692307692307693,1.0,0.7692307692307693,1.0,1.0,0.7692307692307693,0.8666666666666667,1.0,0.8666666666666667,1.0,1.0,1.0,1.0,0.65,1.0,0.65,1.0,1.0,1.0,1.0,0.52,1.0,0.52,1.0,1.0,1.0,1.0,0.43333333333333335,1.0,0.43333333333333335,1.0,1.0,1.0,1.0,0.37142857142857144,1.0,0.37142857142857144,1.0,1.0,1.0,1.0,0.325,1.0,0.325,1.0,1.0,1.0,1.0,0.28888888888888886,1.0,0.28888888888888886,1.0,1.0,1.0,1.0,0.26,1.0,0.26,1.0,1.0,1.0,1.0,kalm_instruct_v2_5-dj_adpt,6,webtable-cl_optim-v=12-distilroberta-dj_adpt~qwen3_8b-dj_adpt
lane_description_a.pq,1.0,0.0625,1.0,0.0625,1.0,1.0,0.0625,1.0,0.3125,1.0,0.3125,1.0,1.0,0.3125,1.0,0.625,1.0,0.625,1.0,1.0,0.625,1.0,0.9375,1.0,0.9375,1.0,1.0,0.9375,0.8,1.0,0.8,1.0,1.0,1.0,1.0,0.64,1.0,0.64,1.0,1.0,1.0,1.0,0.5333333333333333,1.0,0.5333333333333333,1.0,1.0,1.0,1.0,0.45714285714285713,1.0,0.45714285714285713,1.0,1.0,1.0,1.0,0.4,1.0,0.4,1.0,1.0,1.0,1.0,0.35555555555555557,1.0,0.35555555555555557,1.0,1.0,1.0,1.0,0.32,1.0,0.32,1.0,1.0,1.0,1.0,kalm_instruct_v2_5-dj_adpt,6,webtable-cl_optim-v=12-distilroberta-dj_adpt~qwen3_8b-dj_adpt
mines_b.pq,1.0,0.07142857142857142,1.0,0.07142857142857142,1.0,1.0,0.07142857142857142,1.0,0.35714285714285715,1.0,0.35714285714285715,1.0,1.0,0.35714285714285715,0.9,0.6428571428571429,1.0,0.7142857142857143,1.0,1.0,0.6357142857142858,0.8666666666666667,0.9285714285714286,0.9333333333333333,1.0,1.0,1.0,0.8983861376718519,0.7,1.0,0.7,1.0,1.0,1.0,0.9608861376718519,0.56,1.0,0.56,1.0,1.0,1.0,0.9608861376718519,0.4666666666666667,1.0,0.4666666666666667,1.0,1.0,1.0,0.9608861376718519,0.4,1.0,0.4,1.0,1.0,1.0,0.9608861376718519,0.35,1.0,0.35,1.0,1.0,1.0,0.9608861376718519,0.3111111111111111,1.0,0.3111111111111111,1.0,1.0,1.0,0.9608861376718519,0.28,1.0,0.28,1.0,1.0,1.0,0.9608861376718519,kalm_instruct_v2_5-dj_adpt,6,webtable-cl_optim-v=12-distilroberta-dj_adpt~qwen3_8b-dj_adpt
senior_officials_expenses_a.pq,1.0,0.09090909090909091,1.0,0.09090909090909091,1.0,1.0,0.09090909090909091,1.0,0.45454545454545453,1.0,0.45454545454545453,1.0,1.0,0.45454545454545453,1.0,0.9090909090909091,1.0,0.9090909090909091,1.0,1.0,0.9090909090909091,0.6666666666666666,0.9090909090909091,0.7333333333333333,1.0,1.0,1.0,0.9090909090909091,0.5,0.9090909090909091,0.55,1.0,1.0,1.0,0.9090909090909091,0.4,0.9090909090909091,0.44,1.0,1.0,1.0,0.9090909090909091,0.3333333333333333,0.9090909090909091,0.36666666666666664,1.0,1.0,1.0,0.9090909090909091,0.2857142857142857,0.9090909090909091,0.3142857142857143,1.0,1.0,1.0,0.9090909090909091,0.25,0.9090909090909091,0.275,1.0,1.0,1.0,0.9090909090909091,0.2222222222222222,0.9090909090909091,0.24444444444444444,1.0,1.0,1.0,0.9090909090909091,0.2,0.9090909090909091,0.22,1.0,1.0,1.0,0.9090909090909091,kalm_instruct_v2_5-dj_adpt,6,webtable-cl_optim-v=12-distilroberta-dj_adpt~qwen3_8b-dj_adpt
cihr_co-applicant_a.pq,1.0,0.08333333333333333,1.0,0.08333333333333333,1.0,1.0,0.08333333333333333,1.0,0.4166666666666667,1.0,0.4166666666666667,1.0,1.0,0.4166666666666667,1.0,0.8333333333333334,1.0,0.8333333333333334,1.0,1.0,0.8333333333333334,0.8,1.0,0.8,1.0,1.0,1.0,1.0,0.6,1.0,0.6,1.0,1.0,1.0,1.0,0.48,1.0,0.48,1.0,1.0,1.0,1.0,0.4,1.0,0.4,1.0,1.0,1.0,1.0,0.34285714285714286,1.0,0.34285714285714286,1.0,1.0,1.0,1.0,0.3,1.0,0.3,1.0,1.0,1.0,1.0,0.26666666666666666,1.0,0.26666666666666666,1.0,1.0,1.0,1.0,0.24,1.0,0.24,1.0,1.0,1.0,1.0,kalm_instruct_v2_5-dj_adpt,6,webtable-cl_optim-v=12-distilroberta-dj_adpt~qwen3_8b-dj_adpt
deaths_2012_2018_a.pq,1.0,0.09090909090909091,1.0,0.09090909090909091,1.0,1.0,0.09090909090909091,1.0,0.45454545454545453,1.0,0.45454545454545453,1.0,1.0,0.45454545454545453,1.0,0.9090909090909091,1.0,0.9090909090909091,1.0,1.0,0.9090909090909091,0.7333333333333333,1.0,0.7333333333333333,1.0,1.0,1.0,1.0,0.55,1.0,0.55,1.0,1.0,1.0,1.0,0.44,1.0,0.44,1.0,1.0,1.0,1.0,0.36666666666666664,1.0,0.36666666666666664,1.0,1.0,1.0,1.0,0.3142857142857143,1.0,0.3142857142857143,1.0,1.0,1.0,1.0,0.275,1.0,0.275,1.0,1.0,1.0,1.0,0.24444444444444444,1.0,0.24444444444444444,1.0,1.0,1.0,1.0,0.22,1.0,0.22,1.0,1.0,1.0,1.0,kalm_instruct_v2_5-dj_adpt,6,webtable-cl_optim-v=12-distilroberta-dj_adpt~qwen3_8b-dj_adpt
stockport_contracts_b.pq,1.0,0.07692307692307693,1.0,0.07692307692307693,1.0,1.0,0.07692307692307693,1.0,0.38461538461538464,1.0,0.38461538461538464,1.0,1.0,0.38461538461538464,1.0,0.7692307692307693,1.0,0.7692307692307693,1.0,1.0,0.7692307692307693,0.8666666666666667,1.0,0.8666666666666667,1.0,1.0,1.0,1.0,0.65,1.0,0.65,1.0,1.0,1.0,1.0,0.52,1.0,0.52,1.0,1.0,1.0,1.0,0.43333333333333335,1.0,0.43333333333333335,1.0,1.0,1.0,1.0,0.37142857142857144,1.0,0.37142857142857144,1.0,1.0,1.0,1.0,0.325,1.0,0.325,1.0,1.0,1.0,1.0,0.28888888888888886,1.0,0.28888888888888886,1.0,1.0,1.0,1.0,0.26,1.0,0.26,1.0,1.0,1.0,1.0,kalm_instruct_v2_5-dj_adpt,6,webtable-cl_optim-v=12-distilroberta-dj_adpt~qwen3_8b-dj_adpt
time_spent_watching_vcr_movies_a.pq,1.0,0.09090909090909091,1.0,0.09090909090909091,1.0,1.0,0.09090909090909091,1.0,0.45454545454545453,1.0,0.45454545454545453,1.0,1.0,0.45454545454545453,1.0,0.9090909090909091,1.0,0.9090909090909091,1.0,1.0,0.9090909090909091,0.7333333333333333,1.0,0.7333333333333333,1.0,1.0,1.0,1.0,0.55,1.0,0.55,1.0,1.0,1.0,1.0,0.44,1.0,0.44,1.0,1.0,1.0,1.0,0.36666666666666664,1.0,0.36666666666666664,1.0,1.0,1.0,1.0,0.3142857142857143,1.0,0.3142857142857143,1.0,1.0,1.0,1.0,0.275,1.0,0.275,1.0,1.0,1.0,1.0,0.24444444444444444,1.0,0.24444444444444444,1.0,1.0,1.0,1.0,0.22,1.0,0.22,1.0,1.0,1.0,1.0,kalm_instruct_v2_5-dj_adpt,6,webtable-cl_optim-v=12-distilroberta-dj_adpt~qwen3_8b-dj_adpt
albums_a.pq,1.0,0.0625,1.0,0.0625,1.0,1.0,0.0625,1.0,0.3125,1.0,0.3125,1.0,1.0,0.3125,1.0,0.625,1.0,0.625,1.0,1.0,0.625,1.0,0.9375,1.0,0.9375,1.0,1.0,0.9375,0.8,1.0,0.8,1.0,1.0,1.0,1.0,0.64,1.0,0.64,1.0,1.0,1.0,1.0,0.5333333333333333,1.0,0.5333333333333333,1.0,1.0,1.0,1.0,0.45714285714285713,1.0,0.45714285714285713,1.0,1.0,1.0,1.0,0.4,1.0,0.4,1.0,1.0,1.0,1.0,0.35555555555555557,1.0,0.35555555555555557,1.0,1.0,1.0,1.0,0.32,1.0,0.32,1.0,1.0,1.0,1.0,kalm_instruct_v2_5-dj_adpt,6,webtable-cl_optim-v=12-distilroberta-dj_adpt~qwen3_8b-dj_adpt
cihr_co-applicant_b.pq,1.0,0.08333333333333333,1.0,0.08333333333333333,1.0,1.0,0.08333333333333333,1.0,0.4166666666666667,1.0,0.4166666666666667,1.0,1.0,0.4166666666666667,1.0,0.8333333333333334,1.0,0.8333333333333334,1.0,1.0,0.8333333333333334,0.8,1.0,0.8,1.0,1.0,1.0,1.0,0.6,1.0,0.6,1.0,1.0,1.0,1.0,0.48,1.0,0.48,1.0,1.0,1.0,1.0,0.4,1.0,0.4,1.0,1.0,1.0,1.0,0.34285714285714286,1.0,0.34285714285714286,1.0,1.0,1.0,1.0,0.3,1.0,0.3,1.0,1.0,1.0,1.0,0.26666666666666666,1.0,0.26666666666666666,1.0,1.0,1.0,1.0,0.24,1.0,0.24,1.0,1.0,1.0,1.0,kalm_instruct_v2_5-dj_adpt,6,webtable-cl_optim-v=12-distilroberta-dj_adpt~qwen3_8b-dj_adpt
senior_officials_expenses_a.pq,1.0,0.09090909090909091,1.0,0.09090909090909091,1.0,1.0,0.09090909090909091,1.0,0.45454545454545453,1.0,0.45454545454545453,1.0,1.0,0.45454545454545453,1.0,0.9090909090909091,1.0,0.9090909090909091,1.0,1.0,0.9090909090909091,0.6666666666666666,0.9090909090909091,0.7333333333333333,1.0,1.0,1.0,0.9090909090909091,0.5,0.9090909090909091,0.55,1.0,1.0,1.0,0.9090909090909091,0.4,0.9090909090909091,0.44,1.0,1.0,1.0,0.9090909090909091,0.3333333333333333,0.9090909090909091,0.36666666666666664,1.0,1.0,1.0,0.9090909090909091,0.2857142857142857,0.9090909090909091,0.3142857142857143,1.0,1.0,1.0,0.9090909090909091,0.25,0.9090909090909091,0.275,1.0,1.0,1.0,0.9090909090909091,0.2222222222222222,0.9090909090909091,0.24444444444444444,1.0,1.0,1.0,0.9090909090909091,0.2,0.9090909090909091,0.22,1.0,1.0,1.0,0.9090909090909091,qwen3_06b-dj_adpt,7,webtable-cl_optim-v=12-distilroberta-dj_adpt~qwen3_8b-dj_adpt
stockport_contracts_a.pq,1.0,0.07692307692307693,1.0,0.07692307692307693,1.0,1.0,0.07692307692307693,1.0,0.38461538461538464,1.0,0.38461538461538464,1.0,1.0,0.38461538461538464,1.0,0.7692307692307693,1.0,0.7692307692307693,1.0,1.0,0.7692307692307693,0.8666666666666667,1.0,0.8666666666666667,1.0,1.0,1.0,1.0,0.65,1.0,0.65,1.0,1.0,1.0,1.0,0.52,1.0,0.52,1.0,1.0,1.0,1.0,0.43333333333333335,1.0,0.43333333333333335,1.0,1.0,1.0,1.0,0.37142857142857144,1.0,0.37142857142857144,1.0,1.0,1.0,1.0,0.325,1.0,0.325,1.0,1.0,1.0,1.0,0.28888888888888886,1.0,0.28888888888888886,1.0,1.0,1.0,1.0,0.26,1.0,0.26,1.0,1.0,1.0,1.0,qwen3_06b-dj_adpt,7,webtable-cl_optim-v=12-distilroberta-dj_adpt~qwen3_8b-dj_adpt
time_spent_watching_vcr_movies_a.pq,1.0,0.09090909090909091,1.0,0.09090909090909091,1.0,1.0,0.09090909090909091,1.0,0.45454545454545453,1.0,0.45454545454545453,1.0,1.0,0.45454545454545453,1.0,0.9090909090909091,1.0,0.9090909090909091,1.0,1.0,0.9090909090909091,0.7333333333333333,1.0,0.7333333333333333,1.0,1.0,1.0,1.0,0.55,1.0,0.55,1.0,1.0,1.0,1.0,0.44,1.0,0.44,1.0,1.0,1.0,1.0,0.36666666666666664,1.0,0.36666666666666664,1.0,1.0,1.0,1.0,0.3142857142857143,1.0,0.3142857142857143,1.0,1.0,1.0,1.0,0.275,1.0,0.275,1.0,1.0,1.0,1.0,0.24444444444444444,1.0,0.24444444444444444,1.0,1.0,1.0,1.0,0.22,1.0,0.22,1.0,1.0,1.0,1.0,qwen3_06b-dj_adpt,7,webtable-cl_optim-v=12-distilroberta-dj_adpt~qwen3_8b-dj_adpt
cihr_co-applicant_a.pq,1.0,0.08333333333333333,1.0,0.08333333333333333,1.0,1.0,0.08333333333333333,1.0,0.4166666666666667,1.0,0.4166666666666667,1.0,1.0,0.4166666666666667,1.0,0.8333333333333334,1.0,0.8333333333333334,1.0,1.0,0.8333333333333334,0.8,1.0,0.8,1.0,1.0,1.0,1.0,0.6,1.0,0.6,1.0,1.0,1.0,1.0,0.48,1.0,0.48,1.0,1.0,1.0,1.0,0.4,1.0,0.4,1.0,1.0,1.0,1.0,0.34285714285714286,1.0,0.34285714285714286,1.0,1.0,1.0,1.0,0.3,1.0,0.3,1.0,1.0,1.0,1.0,0.26666666666666666,1.0,0.26666666666666666,1.0,1.0,1.0,1.0,0.24,1.0,0.24,1.0,1.0,1.0,1.0,qwen3_06b-dj_adpt,7,webtable-cl_optim-v=12-distilroberta-dj_adpt~qwen3_8b-dj_adpt
ydn_spending_data_a.pq,1.0,0.08333333333333333,1.0,0.08333333333333333,1.0,1.0,0.08333333333333333,1.0,0.4166666666666667,1.0,0.4166666666666667,1.0,1.0,0.4166666666666667,1.0,0.8333333333333334,1.0,0.8333333333333334,1.0,1.0,0.8333333333333334,0.8,1.0,0.8,1.0,1.0,1.0,1.0,0.6,1.0,0.6,1.0,1.0,1.0,1.0,0.48,1.0,0.48,1.0,1.0,1.0,1.0,0.4,1.0,0.4,1.0,1.0,1.0,1.0,0.34285714285714286,1.0,0.34285714285714286,1.0,1.0,1.0,1.0,0.3,1.0,0.3,1.0,1.0,1.0,1.0,0.26666666666666666,1.0,0.26666666666666666,1.0,1.0,1.0,1.0,0.24,1.0,0.24,1.0,1.0,1.0,1.0,qwen3_06b-dj_adpt,7,webtable-cl_optim-v=12-distilroberta-dj_adpt~qwen3_8b-dj_adpt
contributors_parties_b.pq,1.0,0.047619047619047616,1.0,0.047619047619047616,1.0,1.0,0.047619047619047616,1.0,0.23809523809523808,1.0,0.23809523809523808,1.0,1.0,0.23809523809523808,1.0,0.47619047619047616,1.0,0.47619047619047616,1.0,1.0,0.47619047619047616,1.0,0.7142857142857143,1.0,0.7142857142857143,1.0,1.0,0.7142857142857143,0.85,0.8095238095238095,1.0,0.9523809523809523,1.0,1.0,0.8095238095238095,0.68,0.8095238095238095,0.84,1.0,1.0,1.0,0.8095238095238095,0.5666666666666667,0.8095238095238095,0.7,1.0,1.0,1.0,0.8095238095238095,0.4857142857142857,0.8095238095238095,0.6,1.0,1.0,1.0,0.8095238095238095,0.425,0.8095238095238095,0.525,1.0,1.0,1.0,0.8095238095238095,0.37777777777777777,0.8095238095238095,0.4666666666666667,1.0,1.0,1.0,0.8095238095238095,0.34,0.8095238095238095,0.42,1.0,1.0,1.0,0.8095238095238095,qwen3_06b-dj_adpt,7,webtable-cl_optim-v=12-distilroberta-dj_adpt~qwen3_8b-dj_adpt
cdc_nutrition_physical_activity_and_obesity_legislation_a.pq,1.0,0.09090909090909091,1.0,0.09090909090909091,1.0,1.0,0.09090909090909091,1.0,0.45454545454545453,1.0,0.45454545454545453,1.0,1.0,0.45454545454545453,1.0,0.9090909090909091,1.0,0.9090909090909091,1.0,1.0,0.9090909090909091,0.7333333333333333,1.0,0.7333333333333333,1.0,1.0,1.0,1.0,0.55,1.0,0.55,1.0,1.0,1.0,1.0,0.44,1.0,0.44,1.0,1.0,1.0,1.0,0.36666666666666664,1.0,0.36666666666666664,1.0,1.0,1.0,1.0,0.3142857142857143,1.0,0.3142857142857143,1.0,1.0,1.0,1.0,0.275,1.0,0.275,1.0,1.0,1.0,1.0,0.24444444444444444,1.0,0.24444444444444444,1.0,1.0,1.0,1.0,0.22,1.0,0.22,1.0,1.0,1.0,1.0,qwen3_06b-dj_adpt,7,webtable-cl_optim-v=12-distilroberta-dj_adpt~qwen3_8b-dj_adpt
mines_a.pq,1.0,0.07142857142857142,1.0,0.07142857142857142,1.0,1.0,0.07142857142857142,1.0,0.35714285714285715,1.0,0.35714285714285715,1.0,1.0,0.35714285714285715,1.0,0.7142857142857143,1.0,0.7142857142857143,1.0,1.0,0.7142857142857143,0.9333333333333333,1.0,0.9333333333333333,1.0,1.0,1.0,1.0,0.7,1.0,0.7,1.0,1.0,1.0,1.0,0.56,1.0,0.56,1.0,1.0,1.0,1.0,0.4666666666666667,1.0,0.4666666666666667,1.0,1.0,1.0,1.0,0.4,1.0,0.4,1.0,1.0,1.0,1.0,0.35,1.0,0.35,1.0,1.0,1.0,1.0,0.3111111111111111,1.0,0.3111111111111111,1.0,1.0,1.0,1.0,0.28,1.0,0.28,1.0,1.0,1.0,1.0,qwen3_06b-dj_adpt,7,webtable-cl_optim-v=12-distilroberta-dj_adpt~qwen3_8b-dj_adpt
purchasing_card_a.pq,1.0,0.07692307692307693,1.0,0.07692307692307693,1.0,1.0,0.07692307692307693,1.0,0.38461538461538464,1.0,0.38461538461538464,1.0,1.0,0.38461538461538464,1.0,0.7692307692307693,1.0,0.7692307692307693,1.0,1.0,0.7692307692307693,0.8666666666666667,1.0,0.8666666666666667,1.0,1.0,1.0,1.0,0.65,1.0,0.65,1.0,1.0,1.0,1.0,0.52,1.0,0.52,1.0,1.0,1.0,1.0,0.43333333333333335,1.0,0.43333333333333335,1.0,1.0,1.0,1.0,0.37142857142857144,1.0,0.37142857142857144,1.0,1.0,1.0,1.0,0.325,1.0,0.325,1.0,1.0,1.0,1.0,0.28888888888888886,1.0,0.28888888888888886,1.0,1.0,1.0,1.0,0.26,1.0,0.26,1.0,1.0,1.0,1.0,qwen3_06b-dj_adpt,7,webtable-cl_optim-v=12-distilroberta-dj_adpt~qwen3_8b-dj_adpt
practice_reference_b.pq,1.0,0.06666666666666667,1.0,0.06666666666666667,1.0,1.0,0.06666666666666667,1.0,0.3333333333333333,1.0,0.3333333333333333,1.0,1.0,0.3333333333333333,1.0,0.6666666666666666,1.0,0.6666666666666666,1.0,1.0,0.6666666666666666,1.0,1.0,1.0,1.0,1.0,1.0,1.0,0.75,1.0,0.75,1.0,1.0,1.0,1.0,0.6,1.0,0.6,1.0,1.0,1.0,1.0,0.5,1.0,0.5,1.0,1.0,1.0,1.0,0.42857142857142855,1.0,0.42857142857142855,1.0,1.0,1.0,1.0,0.375,1.0,0.375,1.0,1.0,1.0,1.0,0.3333333333333333,1.0,0.3333333333333333,1.0,1.0,1.0,1.0,0.3,1.0,0.3,1.0,1.0,1.0,1.0,qwen3_06b-dj_adpt,7,webtable-cl_optim-v=12-distilroberta-dj_adpt~qwen3_8b-dj_adpt
311_calls_historic_data_a.pq,1.0,0.09090909090909091,1.0,0.09090909090909091,1.0,1.0,0.09090909090909091,1.0,0.45454545454545453,1.0,0.45454545454545453,1.0,1.0,0.45454545454545453,1.0,0.9090909090909091,1.0,0.9090909090909091,1.0,1.0,0.9090909090909091,0.7333333333333333,1.0,0.7333333333333333,1.0,1.0,1.0,1.0,0.55,1.0,0.55,1.0,1.0,1.0,1.0,0.44,1.0,0.44,1.0,1.0,1.0,1.0,0.36666666666666664,1.0,0.36666666666666664,1.0,1.0,1.0,1.0,0.3142857142857143,1.0,0.3142857142857143,1.0,1.0,1.0,1.0,0.275,1.0,0.275,1.0,1.0,1.0,1.0,0.24444444444444444,1.0,0.24444444444444444,1.0,1.0,1.0,1.0,0.22,1.0,0.22,1.0,1.0,1.0,1.0,qwen3_06b-dj_adpt,7,webtable-cl_optim-v=12-distilroberta-dj_adpt~qwen3_8b-dj_adpt
civic_building_locations_a.pq,1.0,0.08333333333333333,1.0,0.08333333333333333,1.0,1.0,0.08333333333333333,1.0,0.4166666666666667,1.0,0.4166666666666667,1.0,1.0,0.4166666666666667,1.0,0.8333333333333334,1.0,0.8333333333333334,1.0,1.0,0.8333333333333334,0.8,1.0,0.8,1.0,1.0,1.0,1.0,0.6,1.0,0.6,1.0,1.0,1.0,1.0,0.48,1.0,0.48,1.0,1.0,1.0,1.0,0.4,1.0,0.4,1.0,1.0,1.0,1.0,0.34285714285714286,1.0,0.34285714285714286,1.0,1.0,1.0,1.0,0.3,1.0,0.3,1.0,1.0,1.0,1.0,0.26666666666666666,1.0,0.26666666666666666,1.0,1.0,1.0,1.0,0.24,1.0,0.24,1.0,1.0,1.0,1.0,qwen3_06b-dj_adpt,7,webtable-cl_optim-v=12-distilroberta-dj_adpt~qwen3_8b-dj_adpt
data_mill_a.pq,1.0,0.07142857142857142,1.0,0.07142857142857142,1.0,1.0,0.07142857142857142,1.0,0.35714285714285715,1.0,0.35714285714285715,1.0,1.0,0.35714285714285715,1.0,0.7142857142857143,1.0,0.7142857142857143,1.0,1.0,0.7142857142857143,0.9333333333333333,1.0,0.9333333333333333,1.0,1.0,1.0,1.0,0.7,1.0,0.7,1.0,1.0,1.0,1.0,0.56,1.0,0.56,1.0,1.0,1.0,1.0,0.4666666666666667,1.0,0.4666666666666667,1.0,1.0,1.0,1.0,0.4,1.0,0.4,1.0,1.0,1.0,1.0,0.35,1.0,0.35,1.0,1.0,1.0,1.0,0.3111111111111111,1.0,0.3111111111111111,1.0,1.0,1.0,1.0,0.28,1.0,0.28,1.0,1.0,1.0,1.0,qwen3_06b-dj_adpt,7,webtable-cl_optim-v=12-distilroberta-dj_adpt~qwen3_8b-dj_adpt
deaths_2012_2018_a.pq,1.0,0.09090909090909091,1.0,0.09090909090909091,1.0,1.0,0.09090909090909091,1.0,0.45454545454545453,1.0,0.45454545454545453,1.0,1.0,0.45454545454545453,1.0,0.9090909090909091,1.0,0.9090909090909091,1.0,1.0,0.9090909090909091,0.7333333333333333,1.0,0.7333333333333333,1.0,1.0,1.0,1.0,0.55,1.0,0.55,1.0,1.0,1.0,1.0,0.44,1.0,0.44,1.0,1.0,1.0,1.0,0.36666666666666664,1.0,0.36666666666666664,1.0,1.0,1.0,1.0,0.3142857142857143,1.0,0.3142857142857143,1.0,1.0,1.0,1.0,0.275,1.0,0.275,1.0,1.0,1.0,1.0,0.24444444444444444,1.0,0.24444444444444444,1.0,1.0,1.0,1.0,0.22,1.0,0.22,1.0,1.0,1.0,1.0,qwen3_06b-dj_adpt,7,webtable-cl_optim-v=12-distilroberta-dj_adpt~qwen3_8b-dj_adpt
contributors_parties_a.pq,1.0,0.047619047619047616,1.0,0.047619047619047616,1.0,1.0,0.047619047619047616,1.0,0.23809523809523808,1.0,0.23809523809523808,1.0,1.0,0.23809523809523808,1.0,0.47619047619047616,1.0,0.47619047619047616,1.0,1.0,0.47619047619047616,1.0,0.7142857142857143,1.0,0.7142857142857143,1.0,1.0,0.7142857142857143,1.0,0.9523809523809523,1.0,0.9523809523809523,1.0,1.0,0.9523809523809523,0.84,1.0,0.84,1.0,1.0,1.0,1.0,0.7,1.0,0.7,1.0,1.0,1.0,1.0,0.6,1.0,0.6,1.0,1.0,1.0,1.0,0.525,1.0,0.525,1.0,1.0,1.0,1.0,0.4666666666666667,1.0,0.4666666666666667,1.0,1.0,1.0,1.0,0.42,1.0,0.42,1.0,1.0,1.0,1.0,qwen3_06b-dj_adpt,7,webtable-cl_optim-v=12-distilroberta-dj_adpt~qwen3_8b-dj_adpt
albums_b.pq,1.0,0.0625,1.0,0.0625,1.0,1.0,0.0625,1.0,0.3125,1.0,0.3125,1.0,1.0,0.3125,1.0,0.625,1.0,0.625,1.0,1.0,0.625,1.0,0.9375,1.0,0.9375,1.0,1.0,0.9375,0.8,1.0,0.8,1.0,1.0,1.0,1.0,0.64,1.0,0.64,1.0,1.0,1.0,1.0,0.5333333333333333,1.0,0.5333333333333333,1.0,1.0,1.0,1.0,0.45714285714285713,1.0,0.45714285714285713,1.0,1.0,1.0,1.0,0.4,1.0,0.4,1.0,1.0,1.0,1.0,0.35555555555555557,1.0,0.35555555555555557,1.0,1.0,1.0,1.0,0.32,1.0,0.32,1.0,1.0,1.0,1.0,qwen3_06b-dj_adpt,7,webtable-cl_optim-v=12-distilroberta-dj_adpt~qwen3_8b-dj_adpt
mines_b.pq,1.0,0.07142857142857142,1.0,0.07142857142857142,1.0,1.0,0.07142857142857142,1.0,0.35714285714285715,1.0,0.35714285714285715,1.0,1.0,0.35714285714285715,1.0,0.7142857142857143,1.0,0.7142857142857143,1.0,1.0,0.7142857142857143,0.8,0.8571428571428571,0.9333333333333333,1.0,1.0,1.0,0.8516483516483516,0.7,1.0,0.7,1.0,1.0,1.0,0.9685075953458308,0.56,1.0,0.56,1.0,1.0,1.0,0.9685075953458308,0.4666666666666667,1.0,0.4666666666666667,1.0,1.0,1.0,0.9685075953458308,0.4,1.0,0.4,1.0,1.0,1.0,0.9685075953458308,0.35,1.0,0.35,1.0,1.0,1.0,0.9685075953458308,0.3111111111111111,1.0,0.3111111111111111,1.0,1.0,1.0,0.9685075953458308,0.28,1.0,0.28,1.0,1.0,1.0,0.9685075953458308,qwen3_06b-dj_adpt,7,webtable-cl_optim-v=12-distilroberta-dj_adpt~qwen3_8b-dj_adpt
biodiversity_a.pq,1.0,0.09090909090909091,1.0,0.09090909090909091,1.0,1.0,0.09090909090909091,1.0,0.45454545454545453,1.0,0.45454545454545453,1.0,1.0,0.45454545454545453,0.8,0.7272727272727273,1.0,0.9090909090909091,1.0,1.0,0.7272727272727273,0.5333333333333333,0.7272727272727273,0.7333333333333333,1.0,1.0,1.0,0.7272727272727273,0.45,0.8181818181818182,0.55,1.0,1.0,1.0,0.770334928229665,0.4,0.9090909090909091,0.44,1.0,1.0,1.0,0.8082137161084529,0.3333333333333333,0.9090909090909091,0.36666666666666664,1.0,1.0,1.0,0.8082137161084529,0.2857142857142857,0.9090909090909091,0.3142857142857143,1.0,1.0,1.0,0.8082137161084529,0.25,0.9090909090909091,0.275,1.0,1.0,1.0,0.8082137161084529,0.2222222222222222,0.9090909090909091,0.24444444444444444,1.0,1.0,1.0,0.8082137161084529,0.2,0.9090909090909091,0.22,1.0,1.0,1.0,0.8082137161084529,qwen3_06b-dj_adpt,7,webtable-cl_optim-v=12-distilroberta-dj_adpt~qwen3_8b-dj_adpt
prescribing_b.pq,1.0,0.06666666666666667,1.0,0.06666666666666667,1.0,1.0,0.06666666666666667,1.0,0.3333333333333333,1.0,0.3333333333333333,1.0,1.0,0.3333333333333333,1.0,0.6666666666666666,1.0,0.6666666666666666,1.0,1.0,0.6666666666666666,1.0,1.0,1.0,1.0,1.0,1.0,1.0,0.75,1.0,0.75,1.0,1.0,1.0,1.0,0.6,1.0,0.6,1.0,1.0,1.0,1.0,0.5,1.0,0.5,1.0,1.0,1.0,1.0,0.42857142857142855,1.0,0.42857142857142855,1.0,1.0,1.0,1.0,0.375,1.0,0.375,1.0,1.0,1.0,1.0,0.3333333333333333,1.0,0.3333333333333333,1.0,1.0,1.0,1.0,0.3,1.0,0.3,1.0,1.0,1.0,1.0,qwen3_06b-dj_adpt,7,webtable-cl_optim-v=12-distilroberta-dj_adpt~qwen3_8b-dj_adpt
ipopayments_b.pq,1.0,0.06666666666666667,1.0,0.06666666666666667,1.0,1.0,0.06666666666666667,1.0,0.3333333333333333,1.0,0.3333333333333333,1.0,1.0,0.3333333333333333,1.0,0.6666666666666666,1.0,0.6666666666666666,1.0,1.0,0.6666666666666666,1.0,1.0,1.0,1.0,1.0,1.0,1.0,0.75,1.0,0.75,1.0,1.0,1.0,1.0,0.6,1.0,0.6,1.0,1.0,1.0,1.0,0.5,1.0,0.5,1.0,1.0,1.0,1.0,0.42857142857142855,1.0,0.42857142857142855,1.0,1.0,1.0,1.0,0.375,1.0,0.375,1.0,1.0,1.0,1.0,0.3333333333333333,1.0,0.3333333333333333,1.0,1.0,1.0,1.0,0.3,1.0,0.3,1.0,1.0,1.0,1.0,qwen3_06b-dj_adpt,7,webtable-cl_optim-v=12-distilroberta-dj_adpt~qwen3_8b-dj_adpt
psyckes_antipsychotic_polypharmacy_quality_indicators_beginning_2012_a.pq,1.0,0.09090909090909091,1.0,0.09090909090909091,1.0,1.0,0.09090909090909091,1.0,0.45454545454545453,1.0,0.45454545454545453,1.0,1.0,0.45454545454545453,1.0,0.9090909090909091,1.0,0.9090909090909091,1.0,1.0,0.9090909090909091,0.7333333333333333,1.0,0.7333333333333333,1.0,1.0,1.0,1.0,0.55,1.0,0.55,1.0,1.0,1.0,1.0,0.44,1.0,0.44,1.0,1.0,1.0,1.0,0.36666666666666664,1.0,0.36666666666666664,1.0,1.0,1.0,1.0,0.3142857142857143,1.0,0.3142857142857143,1.0,1.0,1.0,1.0,0.275,1.0,0.275,1.0,1.0,1.0,1.0,0.24444444444444444,1.0,0.24444444444444444,1.0,1.0,1.0,1.0,0.22,1.0,0.22,1.0,1.0,1.0,1.0,qwen3_06b-dj_adpt,7,webtable-cl_optim-v=12-distilroberta-dj_adpt~qwen3_8b-dj_adpt
cihr_co-applicant_b.pq,1.0,0.08333333333333333,1.0,0.08333333333333333,1.0,1.0,0.08333333333333333,1.0,0.4166666666666667,1.0,0.4166666666666667,1.0,1.0,0.4166666666666667,1.0,0.8333333333333334,1.0,0.8333333333333334,1.0,1.0,0.8333333333333334,0.8,1.0,0.8,1.0,1.0,1.0,1.0,0.6,1.0,0.6,1.0,1.0,1.0,1.0,0.48,1.0,0.48,1.0,1.0,1.0,1.0,0.4,1.0,0.4,1.0,1.0,1.0,1.0,0.34285714285714286,1.0,0.34285714285714286,1.0,1.0,1.0,1.0,0.3,1.0,0.3,1.0,1.0,1.0,1.0,0.26666666666666666,1.0,0.26666666666666666,1.0,1.0,1.0,1.0,0.24,1.0,0.24,1.0,1.0,1.0,1.0,qwen3_06b-dj_adpt,7,webtable-cl_optim-v=12-distilroberta-dj_adpt~qwen3_8b-dj_adpt
complaint_by_practice_a.pq,1.0,0.07692307692307693,1.0,0.07692307692307693,1.0,1.0,0.07692307692307693,1.0,0.38461538461538464,1.0,0.38461538461538464,1.0,1.0,0.38461538461538464,1.0,0.7692307692307693,1.0,0.7692307692307693,1.0,1.0,0.7692307692307693,0.8666666666666667,1.0,0.8666666666666667,1.0,1.0,1.0,1.0,0.65,1.0,0.65,1.0,1.0,1.0,1.0,0.52,1.0,0.52,1.0,1.0,1.0,1.0,0.43333333333333335,1.0,0.43333333333333335,1.0,1.0,1.0,1.0,0.37142857142857144,1.0,0.37142857142857144,1.0,1.0,1.0,1.0,0.325,1.0,0.325,1.0,1.0,1.0,1.0,0.28888888888888886,1.0,0.28888888888888886,1.0,1.0,1.0,1.0,0.26,1.0,0.26,1.0,1.0,1.0,1.0,qwen3_06b-dj_adpt,7,webtable-cl_optim-v=12-distilroberta-dj_adpt~qwen3_8b-dj_adpt
abandoned_wells_a.pq,1.0,0.09090909090909091,1.0,0.09090909090909091,1.0,1.0,0.09090909090909091,1.0,0.45454545454545453,1.0,0.45454545454545453,1.0,1.0,0.45454545454545453,1.0,0.9090909090909091,1.0,0.9090909090909091,1.0,1.0,0.9090909090909091,0.7333333333333333,1.0,0.7333333333333333,1.0,1.0,1.0,1.0,0.55,1.0,0.55,1.0,1.0,1.0,1.0,0.44,1.0,0.44,1.0,1.0,1.0,1.0,0.36666666666666664,1.0,0.36666666666666664,1.0,1.0,1.0,1.0,0.3142857142857143,1.0,0.3142857142857143,1.0,1.0,1.0,1.0,0.275,1.0,0.275,1.0,1.0,1.0,1.0,0.24444444444444444,1.0,0.24444444444444444,1.0,1.0,1.0,1.0,0.22,1.0,0.22,1.0,1.0,1.0,1.0,qwen3_06b-dj_adpt,7,webtable-cl_optim-v=12-distilroberta-dj_adpt~qwen3_8b-dj_adpt
animal_tag_data_a.pq,1.0,0.08333333333333333,1.0,0.08333333333333333,1.0,1.0,0.08333333333333333,1.0,0.4166666666666667,1.0,0.4166666666666667,1.0,1.0,0.4166666666666667,1.0,0.8333333333333334,1.0,0.8333333333333334,1.0,1.0,0.8333333333333334,0.8,1.0,0.8,1.0,1.0,1.0,1.0,0.6,1.0,0.6,1.0,1.0,1.0,1.0,0.48,1.0,0.48,1.0,1.0,1.0,1.0,0.4,1.0,0.4,1.0,1.0,1.0,1.0,0.34285714285714286,1.0,0.34285714285714286,1.0,1.0,1.0,1.0,0.3,1.0,0.3,1.0,1.0,1.0,1.0,0.26666666666666666,1.0,0.26666666666666666,1.0,1.0,1.0,1.0,0.24,1.0,0.24,1.0,1.0,1.0,1.0,qwen3_06b-dj_adpt,7,webtable-cl_optim-v=12-distilroberta-dj_adpt~qwen3_8b-dj_adpt
prescribing_a.pq,1.0,0.06666666666666667,1.0,0.06666666666666667,1.0,1.0,0.06666666666666667,1.0,0.3333333333333333,1.0,0.3333333333333333,1.0,1.0,0.3333333333333333,1.0,0.6666666666666666,1.0,0.6666666666666666,1.0,1.0,0.6666666666666666,1.0,1.0,1.0,1.0,1.0,1.0,1.0,0.75,1.0,0.75,1.0,1.0,1.0,1.0,0.6,1.0,0.6,1.0,1.0,1.0,1.0,0.5,1.0,0.5,1.0,1.0,1.0,1.0,0.42857142857142855,1.0,0.42857142857142855,1.0,1.0,1.0,1.0,0.375,1.0,0.375,1.0,1.0,1.0,1.0,0.3333333333333333,1.0,0.3333333333333333,1.0,1.0,1.0,1.0,0.3,1.0,0.3,1.0,1.0,1.0,1.0,qwen3_06b-dj_adpt,7,webtable-cl_optim-v=12-distilroberta-dj_adpt~qwen3_8b-dj_adpt
workforce_management_information_b.pq,1.0,0.05555555555555555,1.0,0.05555555555555555,1.0,1.0,0.05555555555555555,1.0,0.2777777777777778,1.0,0.2777777777777778,1.0,1.0,0.2777777777777778,1.0,0.5555555555555556,1.0,0.5555555555555556,1.0,1.0,0.5555555555555556,1.0,0.8333333333333334,1.0,0.8333333333333334,1.0,1.0,0.8333333333333334,0.9,1.0,0.9,1.0,1.0,1.0,1.0,0.72,1.0,0.72,1.0,1.0,1.0,1.0,0.6,1.0,0.6,1.0,1.0,1.0,1.0,0.5142857142857142,1.0,0.5142857142857142,1.0,1.0,1.0,1.0,0.45,1.0,0.45,1.0,1.0,1.0,1.0,0.4,1.0,0.4,1.0,1.0,1.0,1.0,0.36,1.0,0.36,1.0,1.0,1.0,1.0,qwen3_06b-dj_adpt,7,webtable-cl_optim-v=12-distilroberta-dj_adpt~qwen3_8b-dj_adpt
practice_reference_a.pq,1.0,0.06666666666666667,1.0,0.06666666666666667,1.0,1.0,0.06666666666666667,1.0,0.3333333333333333,1.0,0.3333333333333333,1.0,1.0,0.3333333333333333,1.0,0.6666666666666666,1.0,0.6666666666666666,1.0,1.0,0.6666666666666666,1.0,1.0,1.0,1.0,1.0,1.0,1.0,0.75,1.0,0.75,1.0,1.0,1.0,1.0,0.6,1.0,0.6,1.0,1.0,1.0,1.0,0.5,1.0,0.5,1.0,1.0,1.0,1.0,0.42857142857142855,1.0,0.42857142857142855,1.0,1.0,1.0,1.0,0.375,1.0,0.375,1.0,1.0,1.0,1.0,0.3333333333333333,1.0,0.3333333333333333,1.0,1.0,1.0,1.0,0.3,1.0,0.3,1.0,1.0,1.0,1.0,qwen3_06b-dj_adpt,7,webtable-cl_optim-v=12-distilroberta-dj_adpt~qwen3_8b-dj_adpt
lane_description_a.pq,1.0,0.0625,1.0,0.0625,1.0,1.0,0.0625,1.0,0.3125,1.0,0.3125,1.0,1.0,0.3125,1.0,0.625,1.0,0.625,1.0,1.0,0.625,1.0,0.9375,1.0,0.9375,1.0,1.0,0.9375,0.8,1.0,0.8,1.0,1.0,1.0,1.0,0.64,1.0,0.64,1.0,1.0,1.0,1.0,0.5333333333333333,1.0,0.5333333333333333,1.0,1.0,1.0,1.0,0.45714285714285713,1.0,0.45714285714285713,1.0,1.0,1.0,1.0,0.4,1.0,0.4,1.0,1.0,1.0,1.0,0.35555555555555557,1.0,0.35555555555555557,1.0,1.0,1.0,1.0,0.32,1.0,0.32,1.0,1.0,1.0,1.0,qwen3_06b-dj_adpt,7,webtable-cl_optim-v=12-distilroberta-dj_adpt~qwen3_8b-dj_adpt
report_card_discipline_for_2015_16_a.pq,1.0,0.09090909090909091,1.0,0.09090909090909091,1.0,1.0,0.09090909090909091,1.0,0.45454545454545453,1.0,0.45454545454545453,1.0,1.0,0.45454545454545453,1.0,0.9090909090909091,1.0,0.9090909090909091,1.0,1.0,0.9090909090909091,0.7333333333333333,1.0,0.7333333333333333,1.0,1.0,1.0,1.0,0.55,1.0,0.55,1.0,1.0,1.0,1.0,0.44,1.0,0.44,1.0,1.0,1.0,1.0,0.36666666666666664,1.0,0.36666666666666664,1.0,1.0,1.0,1.0,0.3142857142857143,1.0,0.3142857142857143,1.0,1.0,1.0,1.0,0.275,1.0,0.275,1.0,1.0,1.0,1.0,0.24444444444444444,1.0,0.24444444444444444,1.0,1.0,1.0,1.0,0.22,1.0,0.22,1.0,1.0,1.0,1.0,qwen3_06b-dj_adpt,7,webtable-cl_optim-v=12-distilroberta-dj_adpt~qwen3_8b-dj_adpt
stockport_contracts_b.pq,1.0,0.07692307692307693,1.0,0.07692307692307693,1.0,1.0,0.07692307692307693,1.0,0.38461538461538464,1.0,0.38461538461538464,1.0,1.0,0.38461538461538464,1.0,0.7692307692307693,1.0,0.7692307692307693,1.0,1.0,0.7692307692307693,0.8666666666666667,1.0,0.8666666666666667,1.0,1.0,1.0,1.0,0.65,1.0,0.65,1.0,1.0,1.0,1.0,0.52,1.0,0.52,1.0,1.0,1.0,1.0,0.43333333333333335,1.0,0.43333333333333335,1.0,1.0,1.0,1.0,0.37142857142857144,1.0,0.37142857142857144,1.0,1.0,1.0,1.0,0.325,1.0,0.325,1.0,1.0,1.0,1.0,0.28888888888888886,1.0,0.28888888888888886,1.0,1.0,1.0,1.0,0.26,1.0,0.26,1.0,1.0,1.0,1.0,qwen3_06b-dj_adpt,7,webtable-cl_optim-v=12-distilroberta-dj_adpt~qwen3_8b-dj_adpt
data_mill_b.pq,1.0,0.07142857142857142,1.0,0.07142857142857142,1.0,1.0,0.07142857142857142,1.0,0.35714285714285715,1.0,0.35714285714285715,1.0,1.0,0.35714285714285715,1.0,0.7142857142857143,1.0,0.7142857142857143,1.0,1.0,0.7142857142857143,0.9333333333333333,1.0,0.9333333333333333,1.0,1.0,1.0,1.0,0.7,1.0,0.7,1.0,1.0,1.0,1.0,0.56,1.0,0.56,1.0,1.0,1.0,1.0,0.4666666666666667,1.0,0.4666666666666667,1.0,1.0,1.0,1.0,0.4,1.0,0.4,1.0,1.0,1.0,1.0,0.35,1.0,0.35,1.0,1.0,1.0,1.0,0.3111111111111111,1.0,0.3111111111111111,1.0,1.0,1.0,1.0,0.28,1.0,0.28,1.0,1.0,1.0,1.0,qwen3_06b-dj_adpt,7,webtable-cl_optim-v=12-distilroberta-dj_adpt~qwen3_8b-dj_adpt
albums_a.pq,1.0,0.0625,1.0,0.0625,1.0,1.0,0.0625,1.0,0.3125,1.0,0.3125,1.0,1.0,0.3125,1.0,0.625,1.0,0.625,1.0,1.0,0.625,1.0,0.9375,1.0,0.9375,1.0,1.0,0.9375,0.8,1.0,0.8,1.0,1.0,1.0,1.0,0.64,1.0,0.64,1.0,1.0,1.0,1.0,0.5333333333333333,1.0,0.5333333333333333,1.0,1.0,1.0,1.0,0.45714285714285713,1.0,0.45714285714285713,1.0,1.0,1.0,1.0,0.4,1.0,0.4,1.0,1.0,1.0,1.0,0.35555555555555557,1.0,0.35555555555555557,1.0,1.0,1.0,1.0,0.32,1.0,0.32,1.0,1.0,1.0,1.0,qwen3_06b-dj_adpt,7,webtable-cl_optim-v=12-distilroberta-dj_adpt~qwen3_8b-dj_adpt
business_rates_a.pq,1.0,0.08333333333333333,1.0,0.08333333333333333,1.0,1.0,0.08333333333333333,1.0,0.4166666666666667,1.0,0.4166666666666667,1.0,1.0,0.4166666666666667,1.0,0.8333333333333334,1.0,0.8333333333333334,1.0,1.0,0.8333333333333334,0.8,1.0,0.8,1.0,1.0,1.0,1.0,0.6,1.0,0.6,1.0,1.0,1.0,1.0,0.48,1.0,0.48,1.0,1.0,1.0,1.0,0.4,1.0,0.4,1.0,1.0,1.0,1.0,0.34285714285714286,1.0,0.34285714285714286,1.0,1.0,1.0,1.0,0.3,1.0,0.3,1.0,1.0,1.0,1.0,0.26666666666666666,1.0,0.26666666666666666,1.0,1.0,1.0,1.0,0.24,1.0,0.24,1.0,1.0,1.0,1.0,qwen3_06b-dj_adpt,7,webtable-cl_optim-v=12-distilroberta-dj_adpt~qwen3_8b-dj_adpt
ydn_spending_data_b.pq,1.0,0.08333333333333333,1.0,0.08333333333333333,1.0,1.0,0.08333333333333333,1.0,0.4166666666666667,1.0,0.4166666666666667,1.0,1.0,0.4166666666666667,1.0,0.8333333333333334,1.0,0.8333333333333334,1.0,1.0,0.8333333333333334,0.8,1.0,0.8,1.0,1.0,1.0,1.0,0.6,1.0,0.6,1.0,1.0,1.0,1.0,0.48,1.0,0.48,1.0,1.0,1.0,1.0,0.4,1.0,0.4,1.0,1.0,1.0,1.0,0.34285714285714286,1.0,0.34285714285714286,1.0,1.0,1.0,1.0,0.3,1.0,0.3,1.0,1.0,1.0,1.0,0.26666666666666666,1.0,0.26666666666666666,1.0,1.0,1.0,1.0,0.24,1.0,0.24,1.0,1.0,1.0,1.0,qwen3_06b-dj_adpt,7,webtable-cl_optim-v=12-distilroberta-dj_adpt~qwen3_8b-dj_adpt
workforce_management_information_a.pq,1.0,0.05555555555555555,1.0,0.05555555555555555,1.0,1.0,0.05555555555555555,1.0,0.2777777777777778,1.0,0.2777777777777778,1.0,1.0,0.2777777777777778,1.0,0.5555555555555556,1.0,0.5555555555555556,1.0,1.0,0.5555555555555556,1.0,0.8333333333333334,1.0,0.8333333333333334,1.0,1.0,0.8333333333333334,0.9,1.0,0.9,1.0,1.0,1.0,1.0,0.72,1.0,0.72,1.0,1.0,1.0,1.0,0.6,1.0,0.6,1.0,1.0,1.0,1.0,0.5142857142857142,1.0,0.5142857142857142,1.0,1.0,1.0,1.0,0.45,1.0,0.45,1.0,1.0,1.0,1.0,0.4,1.0,0.4,1.0,1.0,1.0,1.0,0.36,1.0,0.36,1.0,1.0,1.0,1.0,qwen3_06b-dj_adpt,7,webtable-cl_optim-v=12-distilroberta-dj_adpt~qwen3_8b-dj_adpt
complaint_by_practice_b.pq,1.0,0.07692307692307693,1.0,0.07692307692307693,1.0,1.0,0.07692307692307693,1.0,0.38461538461538464,1.0,0.38461538461538464,1.0,1.0,0.38461538461538464,1.0,0.7692307692307693,1.0,0.7692307692307693,1.0,1.0,0.7692307692307693,0.8666666666666667,1.0,0.8666666666666667,1.0,1.0,1.0,1.0,0.65,1.0,0.65,1.0,1.0,1.0,1.0,0.52,1.0,0.52,1.0,1.0,1.0,1.0,0.43333333333333335,1.0,0.43333333333333335,1.0,1.0,1.0,1.0,0.37142857142857144,1.0,0.37142857142857144,1.0,1.0,1.0,1.0,0.325,1.0,0.325,1.0,1.0,1.0,1.0,0.28888888888888886,1.0,0.28888888888888886,1.0,1.0,1.0,1.0,0.26,1.0,0.26,1.0,1.0,1.0,1.0,qwen3_06b-dj_adpt,7,webtable-cl_optim-v=12-distilroberta-dj_adpt~qwen3_8b-dj_adpt
tuition_assistance_program_tap_recipients_a.pq,1.0,0.09090909090909091,1.0,0.09090909090909091,1.0,1.0,0.09090909090909091,1.0,0.45454545454545453,1.0,0.45454545454545453,1.0,1.0,0.45454545454545453,1.0,0.9090909090909091,1.0,0.9090909090909091,1.0,1.0,0.9090909090909091,0.7333333333333333,1.0,0.7333333333333333,1.0,1.0,1.0,1.0,0.55,1.0,0.55,1.0,1.0,1.0,1.0,0.44,1.0,0.44,1.0,1.0,1.0,1.0,0.36666666666666664,1.0,0.36666666666666664,1.0,1.0,1.0,1.0,0.3142857142857143,1.0,0.3142857142857143,1.0,1.0,1.0,1.0,0.275,1.0,0.275,1.0,1.0,1.0,1.0,0.24444444444444444,1.0,0.24444444444444444,1.0,1.0,1.0,1.0,0.22,1.0,0.22,1.0,1.0,1.0,1.0,qwen3_06b-dj_adpt,7,webtable-cl_optim-v=12-distilroberta-dj_adpt~qwen3_8b-dj_adpt
new_york_city_restaurant_inspection_results_a.pq,1.0,0.03225806451612903,1.0,0.03225806451612903,1.0,1.0,0.03225806451612903,1.0,0.16129032258064516,1.0,0.16129032258064516,1.0,1.0,0.16129032258064516,1.0,0.3225806451612903,1.0,0.3225806451612903,1.0,1.0,0.3225806451612903,1.0,0.4838709677419355,1.0,0.4838709677419355,1.0,1.0,0.4838709677419355,1.0,0.6451612903225806,1.0,0.6451612903225806,1.0,1.0,0.6451612903225806,1.0,0.8064516129032258,1.0,0.8064516129032258,1.0,1.0,0.8064516129032258,1.0,0.967741935483871,1.0,0.967741935483871,1.0,1.0,0.967741935483871,0.8857142857142857,1.0,0.8857142857142857,1.0,1.0,1.0,1.0,0.775,1.0,0.775,1.0,1.0,1.0,1.0,0.6888888888888889,1.0,0.6888888888888889,1.0,1.0,1.0,1.0,0.62,1.0,0.62,1.0,1.0,1.0,1.0,qwen3_06b-dj_adpt,7,webtable-cl_optim-v=12-distilroberta-dj_adpt~qwen3_8b-dj_adpt
wholesale_markets_a.pq,1.0,0.09090909090909091,1.0,0.09090909090909091,1.0,1.0,0.09090909090909091,1.0,0.45454545454545453,1.0,0.45454545454545453,1.0,1.0,0.45454545454545453,1.0,0.9090909090909091,1.0,0.9090909090909091,1.0,1.0,0.9090909090909091,0.7333333333333333,1.0,0.7333333333333333,1.0,1.0,1.0,1.0,0.55,1.0,0.55,1.0,1.0,1.0,1.0,0.44,1.0,0.44,1.0,1.0,1.0,1.0,0.36666666666666664,1.0,0.36666666666666664,1.0,1.0,1.0,1.0,0.3142857142857143,1.0,0.3142857142857143,1.0,1.0,1.0,1.0,0.275,1.0,0.275,1.0,1.0,1.0,1.0,0.24444444444444444,1.0,0.24444444444444444,1.0,1.0,1.0,1.0,0.22,1.0,0.22,1.0,1.0,1.0,1.0,qwen3_06b-dj_adpt,7,webtable-cl_optim-v=12-distilroberta-dj_adpt~qwen3_8b-dj_adpt
lane_description_b.pq,1.0,0.0625,1.0,0.0625,1.0,1.0,0.0625,1.0,0.3125,1.0,0.3125,1.0,1.0,0.3125,1.0,0.625,1.0,0.625,1.0,1.0,0.625,1.0,0.9375,1.0,0.9375,1.0,1.0,0.9375,0.8,1.0,0.8,1.0,1.0,1.0,1.0,0.64,1.0,0.64,1.0,1.0,1.0,1.0,0.5333333333333333,1.0,0.5333333333333333,1.0,1.0,1.0,1.0,0.45714285714285713,1.0,0.45714285714285713,1.0,1.0,1.0,1.0,0.4,1.0,0.4,1.0,1.0,1.0,1.0,0.35555555555555557,1.0,0.35555555555555557,1.0,1.0,1.0,1.0,0.32,1.0,0.32,1.0,1.0,1.0,1.0,qwen3_06b-dj_adpt,7,webtable-cl_optim-v=12-distilroberta-dj_adpt~qwen3_8b-dj_adpt
ipopayments_a.pq,1.0,0.06666666666666667,1.0,0.06666666666666667,1.0,1.0,0.06666666666666667,1.0,0.3333333333333333,1.0,0.3333333333333333,1.0,1.0,0.3333333333333333,1.0,0.6666666666666666,1.0,0.6666666666666666,1.0,1.0,0.6666666666666666,1.0,1.0,1.0,1.0,1.0,1.0,1.0,0.75,1.0,0.75,1.0,1.0,1.0,1.0,0.6,1.0,0.6,1.0,1.0,1.0,1.0,0.5,1.0,0.5,1.0,1.0,1.0,1.0,0.42857142857142855,1.0,0.42857142857142855,1.0,1.0,1.0,1.0,0.375,1.0,0.375,1.0,1.0,1.0,1.0,0.3333333333333333,1.0,0.3333333333333333,1.0,1.0,1.0,1.0,0.3,1.0,0.3,1.0,1.0,1.0,1.0,qwen3_06b-dj_adpt,7,webtable-cl_optim-v=12-distilroberta-dj_adpt~qwen3_8b-dj_adpt
monthly_data_feed_b.pq,1.0,0.07692307692307693,1.0,0.07692307692307693,1.0,1.0,0.07692307692307693,1.0,0.38461538461538464,1.0,0.38461538461538464,1.0,1.0,0.38461538461538464,1.0,0.7692307692307693,1.0,0.7692307692307693,1.0,1.0,0.7692307692307693,0.8666666666666667,1.0,0.8666666666666667,1.0,1.0,1.0,1.0,0.65,1.0,0.65,1.0,1.0,1.0,1.0,0.52,1.0,0.52,1.0,1.0,1.0,1.0,0.43333333333333335,1.0,0.43333333333333335,1.0,1.0,1.0,1.0,0.37142857142857144,1.0,0.37142857142857144,1.0,1.0,1.0,1.0,0.325,1.0,0.325,1.0,1.0,1.0,1.0,0.28888888888888886,1.0,0.28888888888888886,1.0,1.0,1.0,1.0,0.26,1.0,0.26,1.0,1.0,1.0,1.0,qwen3_06b-dj_adpt,7,webtable-cl_optim-v=12-distilroberta-dj_adpt~qwen3_8b-dj_adpt
minister_meetings_a.pq,1.0,0.1,1.0,0.1,1.0,1.0,0.1,0.8,0.4,1.0,0.5,1.0,1.0,0.38,0.7,0.7,1.0,1.0,1.0,1.0,0.6,0.6,0.9,0.6666666666666666,1.0,1.0,1.0,0.741958041958042,0.45,0.9,0.5,1.0,1.0,1.0,0.741958041958042,0.4,1.0,0.4,1.0,1.0,1.0,0.7895770895770895,0.3333333333333333,1.0,0.3333333333333333,1.0,1.0,1.0,0.7895770895770895,0.2857142857142857,1.0,0.2857142857142857,1.0,1.0,1.0,0.7895770895770895,0.25,1.0,0.25,1.0,1.0,1.0,0.7895770895770895,0.2222222222222222,1.0,0.2222222222222222,1.0,1.0,1.0,0.7895770895770895,0.2,1.0,0.2,1.0,1.0,1.0,0.7895770895770895,qwen3_06b-dj_adpt,7,webtable-cl_optim-v=12-distilroberta-dj_adpt~qwen3_8b-dj_adpt
film_locations_in_san_francisco_a.pq,1.0,0.07692307692307693,1.0,0.07692307692307693,1.0,1.0,0.07692307692307693,1.0,0.38461538461538464,1.0,0.38461538461538464,1.0,1.0,0.38461538461538464,1.0,0.7692307692307693,1.0,0.7692307692307693,1.0,1.0,0.7692307692307693,0.8666666666666667,1.0,0.8666666666666667,1.0,1.0,1.0,1.0,0.65,1.0,0.65,1.0,1.0,1.0,1.0,0.52,1.0,0.52,1.0,1.0,1.0,1.0,0.43333333333333335,1.0,0.43333333333333335,1.0,1.0,1.0,1.0,0.37142857142857144,1.0,0.37142857142857144,1.0,1.0,1.0,1.0,0.325,1.0,0.325,1.0,1.0,1.0,1.0,0.28888888888888886,1.0,0.28888888888888886,1.0,1.0,1.0,1.0,0.26,1.0,0.26,1.0,1.0,1.0,1.0,qwen3_06b-dj_adpt,7,webtable-cl_optim-v=12-distilroberta-dj_adpt~qwen3_8b-dj_adpt
immigration_records_a.pq,1.0,0.0625,1.0,0.0625,1.0,1.0,0.0625,1.0,0.3125,1.0,0.3125,1.0,1.0,0.3125,1.0,0.625,1.0,0.625,1.0,1.0,0.625,1.0,0.9375,1.0,0.9375,1.0,1.0,0.9375,0.8,1.0,0.8,1.0,1.0,1.0,1.0,0.64,1.0,0.64,1.0,1.0,1.0,1.0,0.5333333333333333,1.0,0.5333333333333333,1.0,1.0,1.0,1.0,0.45714285714285713,1.0,0.45714285714285713,1.0,1.0,1.0,1.0,0.4,1.0,0.4,1.0,1.0,1.0,1.0,0.35555555555555557,1.0,0.35555555555555557,1.0,1.0,1.0,1.0,0.32,1.0,0.32,1.0,1.0,1.0,1.0,qwen3_06b-dj_adpt,7,webtable-cl_optim-v=12-distilroberta-dj_adpt~qwen3_8b-dj_adpt
animal_tag_data_b.pq,1.0,0.08333333333333333,1.0,0.08333333333333333,1.0,1.0,0.08333333333333333,1.0,0.4166666666666667,1.0,0.4166666666666667,1.0,1.0,0.4166666666666667,1.0,0.8333333333333334,1.0,0.8333333333333334,1.0,1.0,0.8333333333333334,0.8,1.0,0.8,1.0,1.0,1.0,1.0,0.6,1.0,0.6,1.0,1.0,1.0,1.0,0.48,1.0,0.48,1.0,1.0,1.0,1.0,0.4,1.0,0.4,1.0,1.0,1.0,1.0,0.34285714285714286,1.0,0.34285714285714286,1.0,1.0,1.0,1.0,0.3,1.0,0.3,1.0,1.0,1.0,1.0,0.26666666666666666,1.0,0.26666666666666666,1.0,1.0,1.0,1.0,0.24,1.0,0.24,1.0,1.0,1.0,1.0,qwen3_06b-dj_adpt,7,webtable-cl_optim-v=12-distilroberta-dj_adpt~qwen3_8b-dj_adpt
job_pay_scales_a.pq,1.0,0.06666666666666667,1.0,0.06666666666666667,1.0,1.0,0.06666666666666667,1.0,0.3333333333333333,1.0,0.3333333333333333,1.0,1.0,0.3333333333333333,1.0,0.6666666666666666,1.0,0.6666666666666666,1.0,1.0,0.6666666666666666,1.0,1.0,1.0,1.0,1.0,1.0,1.0,0.75,1.0,0.75,1.0,1.0,1.0,1.0,0.6,1.0,0.6,1.0,1.0,1.0,1.0,0.5,1.0,0.5,1.0,1.0,1.0,1.0,0.42857142857142855,1.0,0.42857142857142855,1.0,1.0,1.0,1.0,0.375,1.0,0.375,1.0,1.0,1.0,1.0,0.3333333333333333,1.0,0.3333333333333333,1.0,1.0,1.0,1.0,0.3,1.0,0.3,1.0,1.0,1.0,1.0,qwen3_06b-dj_adpt,7,webtable-cl_optim-v=12-distilroberta-dj_adpt~qwen3_8b-dj_adpt
monthly_data_feed_a.pq,1.0,0.07692307692307693,1.0,0.07692307692307693,1.0,1.0,0.07692307692307693,1.0,0.38461538461538464,1.0,0.38461538461538464,1.0,1.0,0.38461538461538464,1.0,0.7692307692307693,1.0,0.7692307692307693,1.0,1.0,0.7692307692307693,0.8666666666666667,1.0,0.8666666666666667,1.0,1.0,1.0,1.0,0.65,1.0,0.65,1.0,1.0,1.0,1.0,0.52,1.0,0.52,1.0,1.0,1.0,1.0,0.43333333333333335,1.0,0.43333333333333335,1.0,1.0,1.0,1.0,0.37142857142857144,1.0,0.37142857142857144,1.0,1.0,1.0,1.0,0.325,1.0,0.325,1.0,1.0,1.0,1.0,0.28888888888888886,1.0,0.28888888888888886,1.0,1.0,1.0,1.0,0.26,1.0,0.26,1.0,1.0,1.0,1.0,qwen3_06b-dj_adpt,7,webtable-cl_optim-v=12-distilroberta-dj_adpt~qwen3_8b-dj_adpt
oil_and_gas_summary_production_data_1967_1999_a.pq,1.0,0.09090909090909091,1.0,0.09090909090909091,1.0,1.0,0.09090909090909091,1.0,0.45454545454545453,1.0,0.45454545454545453,1.0,1.0,0.45454545454545453,1.0,0.9090909090909091,1.0,0.9090909090909091,1.0,1.0,0.9090909090909091,0.7333333333333333,1.0,0.7333333333333333,1.0,1.0,1.0,1.0,0.55,1.0,0.55,1.0,1.0,1.0,1.0,0.44,1.0,0.44,1.0,1.0,1.0,1.0,0.36666666666666664,1.0,0.36666666666666664,1.0,1.0,1.0,1.0,0.3142857142857143,1.0,0.3142857142857143,1.0,1.0,1.0,1.0,0.275,1.0,0.275,1.0,1.0,1.0,1.0,0.24444444444444444,1.0,0.24444444444444444,1.0,1.0,1.0,1.0,0.22,1.0,0.22,1.0,1.0,1.0,1.0,qwen3_06b-dj_adpt,7,webtable-cl_optim-v=12-distilroberta-dj_adpt~qwen3_8b-dj_adpt
workforce_management_information_a.pq,1.0,0.05555555555555555,1.0,0.05555555555555555,1.0,1.0,0.05555555555555555,1.0,0.2777777777777778,1.0,0.2777777777777778,1.0,1.0,0.2777777777777778,1.0,0.5555555555555556,1.0,0.5555555555555556,1.0,1.0,0.5555555555555556,1.0,0.8333333333333334,1.0,0.8333333333333334,1.0,1.0,0.8333333333333334,0.9,1.0,0.9,1.0,1.0,1.0,1.0,0.72,1.0,0.72,1.0,1.0,1.0,1.0,0.6,1.0,0.6,1.0,1.0,1.0,1.0,0.5142857142857142,1.0,0.5142857142857142,1.0,1.0,1.0,1.0,0.45,1.0,0.45,1.0,1.0,1.0,1.0,0.4,1.0,0.4,1.0,1.0,1.0,1.0,0.36,1.0,0.36,1.0,1.0,1.0,1.0,qwen3_4b-dj_adpt,8,webtable-cl_optim-v=12-distilroberta-dj_adpt~qwen3_8b-dj_adpt
minister_meetings_a.pq,1.0,0.1,1.0,0.1,1.0,1.0,0.1,0.8,0.4,1.0,0.5,1.0,1.0,0.38,0.6,0.6,1.0,1.0,1.0,1.0,0.549047619047619,0.4666666666666667,0.7,0.6666666666666666,1.0,1.0,1.0,0.6126839826839827,0.45,0.9,0.5,1.0,1.0,1.0,0.7100524037366143,0.4,1.0,0.4,1.0,1.0,1.0,0.7576714513556618,0.3333333333333333,1.0,0.3333333333333333,1.0,1.0,1.0,0.7576714513556618,0.2857142857142857,1.0,0.2857142857142857,1.0,1.0,1.0,0.7576714513556618,0.25,1.0,0.25,1.0,1.0,1.0,0.7576714513556618,0.2222222222222222,1.0,0.2222222222222222,1.0,1.0,1.0,0.7576714513556618,0.2,1.0,0.2,1.0,1.0,1.0,0.7576714513556618,qwen3_4b-dj_adpt,8,webtable-cl_optim-v=12-distilroberta-dj_adpt~qwen3_8b-dj_adpt
data_mill_b.pq,1.0,0.07142857142857142,1.0,0.07142857142857142,1.0,1.0,0.07142857142857142,1.0,0.35714285714285715,1.0,0.35714285714285715,1.0,1.0,0.35714285714285715,1.0,0.7142857142857143,1.0,0.7142857142857143,1.0,1.0,0.7142857142857143,0.9333333333333333,1.0,0.9333333333333333,1.0,1.0,1.0,1.0,0.7,1.0,0.7,1.0,1.0,1.0,1.0,0.56,1.0,0.56,1.0,1.0,1.0,1.0,0.4666666666666667,1.0,0.4666666666666667,1.0,1.0,1.0,1.0,0.4,1.0,0.4,1.0,1.0,1.0,1.0,0.35,1.0,0.35,1.0,1.0,1.0,1.0,0.3111111111111111,1.0,0.3111111111111111,1.0,1.0,1.0,1.0,0.28,1.0,0.28,1.0,1.0,1.0,1.0,qwen3_4b-dj_adpt,8,webtable-cl_optim-v=12-distilroberta-dj_adpt~qwen3_8b-dj_adpt
prescribing_b.pq,1.0,0.06666666666666667,1.0,0.06666666666666667,1.0,1.0,0.06666666666666667,1.0,0.3333333333333333,1.0,0.3333333333333333,1.0,1.0,0.3333333333333333,1.0,0.6666666666666666,1.0,0.6666666666666666,1.0,1.0,0.6666666666666666,1.0,1.0,1.0,1.0,1.0,1.0,1.0,0.75,1.0,0.75,1.0,1.0,1.0,1.0,0.6,1.0,0.6,1.0,1.0,1.0,1.0,0.5,1.0,0.5,1.0,1.0,1.0,1.0,0.42857142857142855,1.0,0.42857142857142855,1.0,1.0,1.0,1.0,0.375,1.0,0.375,1.0,1.0,1.0,1.0,0.3333333333333333,1.0,0.3333333333333333,1.0,1.0,1.0,1.0,0.3,1.0,0.3,1.0,1.0,1.0,1.0,qwen3_4b-dj_adpt,8,webtable-cl_optim-v=12-distilroberta-dj_adpt~qwen3_8b-dj_adpt
albums_a.pq,1.0,0.0625,1.0,0.0625,1.0,1.0,0.0625,1.0,0.3125,1.0,0.3125,1.0,1.0,0.3125,1.0,0.625,1.0,0.625,1.0,1.0,0.625,1.0,0.9375,1.0,0.9375,1.0,1.0,0.9375,0.8,1.0,0.8,1.0,1.0,1.0,1.0,0.64,1.0,0.64,1.0,1.0,1.0,1.0,0.5333333333333333,1.0,0.5333333333333333,1.0,1.0,1.0,1.0,0.45714285714285713,1.0,0.45714285714285713,1.0,1.0,1.0,1.0,0.4,1.0,0.4,1.0,1.0,1.0,1.0,0.35555555555555557,1.0,0.35555555555555557,1.0,1.0,1.0,1.0,0.32,1.0,0.32,1.0,1.0,1.0,1.0,qwen3_4b-dj_adpt,8,webtable-cl_optim-v=12-distilroberta-dj_adpt~qwen3_8b-dj_adpt
deaths_2012_2018_a.pq,1.0,0.09090909090909091,1.0,0.09090909090909091,1.0,1.0,0.09090909090909091,1.0,0.45454545454545453,1.0,0.45454545454545453,1.0,1.0,0.45454545454545453,1.0,0.9090909090909091,1.0,0.9090909090909091,1.0,1.0,0.9090909090909091,0.7333333333333333,1.0,0.7333333333333333,1.0,1.0,1.0,1.0,0.55,1.0,0.55,1.0,1.0,1.0,1.0,0.44,1.0,0.44,1.0,1.0,1.0,1.0,0.36666666666666664,1.0,0.36666666666666664,1.0,1.0,1.0,1.0,0.3142857142857143,1.0,0.3142857142857143,1.0,1.0,1.0,1.0,0.275,1.0,0.275,1.0,1.0,1.0,1.0,0.24444444444444444,1.0,0.24444444444444444,1.0,1.0,1.0,1.0,0.22,1.0,0.22,1.0,1.0,1.0,1.0,qwen3_4b-dj_adpt,8,webtable-cl_optim-v=12-distilroberta-dj_adpt~qwen3_8b-dj_adpt
ipopayments_b.pq,1.0,0.06666666666666667,1.0,0.06666666666666667,1.0,1.0,0.06666666666666667,1.0,0.3333333333333333,1.0,0.3333333333333333,1.0,1.0,0.3333333333333333,1.0,0.6666666666666666,1.0,0.6666666666666666,1.0,1.0,0.6666666666666666,1.0,1.0,1.0,1.0,1.0,1.0,1.0,0.75,1.0,0.75,1.0,1.0,1.0,1.0,0.6,1.0,0.6,1.0,1.0,1.0,1.0,0.5,1.0,0.5,1.0,1.0,1.0,1.0,0.42857142857142855,1.0,0.42857142857142855,1.0,1.0,1.0,1.0,0.375,1.0,0.375,1.0,1.0,1.0,1.0,0.3333333333333333,1.0,0.3333333333333333,1.0,1.0,1.0,1.0,0.3,1.0,0.3,1.0,1.0,1.0,1.0,qwen3_4b-dj_adpt,8,webtable-cl_optim-v=12-distilroberta-dj_adpt~qwen3_8b-dj_adpt
time_spent_watching_vcr_movies_a.pq,1.0,0.09090909090909091,1.0,0.09090909090909091,1.0,1.0,0.09090909090909091,1.0,0.45454545454545453,1.0,0.45454545454545453,1.0,1.0,0.45454545454545453,1.0,0.9090909090909091,1.0,0.9090909090909091,1.0,1.0,0.9090909090909091,0.7333333333333333,1.0,0.7333333333333333,1.0,1.0,1.0,1.0,0.55,1.0,0.55,1.0,1.0,1.0,1.0,0.44,1.0,0.44,1.0,1.0,1.0,1.0,0.36666666666666664,1.0,0.36666666666666664,1.0,1.0,1.0,1.0,0.3142857142857143,1.0,0.3142857142857143,1.0,1.0,1.0,1.0,0.275,1.0,0.275,1.0,1.0,1.0,1.0,0.24444444444444444,1.0,0.24444444444444444,1.0,1.0,1.0,1.0,0.22,1.0,0.22,1.0,1.0,1.0,1.0,qwen3_4b-dj_adpt,8,webtable-cl_optim-v=12-distilroberta-dj_adpt~qwen3_8b-dj_adpt
wholesale_markets_a.pq,1.0,0.09090909090909091,1.0,0.09090909090909091,1.0,1.0,0.09090909090909091,1.0,0.45454545454545453,1.0,0.45454545454545453,1.0,1.0,0.45454545454545453,1.0,0.9090909090909091,1.0,0.9090909090909091,1.0,1.0,0.9090909090909091,0.7333333333333333,1.0,0.7333333333333333,1.0,1.0,1.0,1.0,0.55,1.0,0.55,1.0,1.0,1.0,1.0,0.44,1.0,0.44,1.0,1.0,1.0,1.0,0.36666666666666664,1.0,0.36666666666666664,1.0,1.0,1.0,1.0,0.3142857142857143,1.0,0.3142857142857143,1.0,1.0,1.0,1.0,0.275,1.0,0.275,1.0,1.0,1.0,1.0,0.24444444444444444,1.0,0.24444444444444444,1.0,1.0,1.0,1.0,0.22,1.0,0.22,1.0,1.0,1.0,1.0,qwen3_4b-dj_adpt,8,webtable-cl_optim-v=12-distilroberta-dj_adpt~qwen3_8b-dj_adpt
civic_building_locations_a.pq,1.0,0.08333333333333333,1.0,0.08333333333333333,1.0,1.0,0.08333333333333333,1.0,0.4166666666666667,1.0,0.4166666666666667,1.0,1.0,0.4166666666666667,1.0,0.8333333333333334,1.0,0.8333333333333334,1.0,1.0,0.8333333333333334,0.8,1.0,0.8,1.0,1.0,1.0,1.0,0.6,1.0,0.6,1.0,1.0,1.0,1.0,0.48,1.0,0.48,1.0,1.0,1.0,1.0,0.4,1.0,0.4,1.0,1.0,1.0,1.0,0.34285714285714286,1.0,0.34285714285714286,1.0,1.0,1.0,1.0,0.3,1.0,0.3,1.0,1.0,1.0,1.0,0.26666666666666666,1.0,0.26666666666666666,1.0,1.0,1.0,1.0,0.24,1.0,0.24,1.0,1.0,1.0,1.0,qwen3_4b-dj_adpt,8,webtable-cl_optim-v=12-distilroberta-dj_adpt~qwen3_8b-dj_adpt
complaint_by_practice_b.pq,1.0,0.07692307692307693,1.0,0.07692307692307693,1.0,1.0,0.07692307692307693,1.0,0.38461538461538464,1.0,0.38461538461538464,1.0,1.0,0.38461538461538464,1.0,0.7692307692307693,1.0,0.7692307692307693,1.0,1.0,0.7692307692307693,0.8666666666666667,1.0,0.8666666666666667,1.0,1.0,1.0,1.0,0.65,1.0,0.65,1.0,1.0,1.0,1.0,0.52,1.0,0.52,1.0,1.0,1.0,1.0,0.43333333333333335,1.0,0.43333333333333335,1.0,1.0,1.0,1.0,0.37142857142857144,1.0,0.37142857142857144,1.0,1.0,1.0,1.0,0.325,1.0,0.325,1.0,1.0,1.0,1.0,0.28888888888888886,1.0,0.28888888888888886,1.0,1.0,1.0,1.0,0.26,1.0,0.26,1.0,1.0,1.0,1.0,qwen3_4b-dj_adpt,8,webtable-cl_optim-v=12-distilroberta-dj_adpt~qwen3_8b-dj_adpt
animal_tag_data_b.pq,1.0,0.08333333333333333,1.0,0.08333333333333333,1.0,1.0,0.08333333333333333,1.0,0.4166666666666667,1.0,0.4166666666666667,1.0,1.0,0.4166666666666667,1.0,0.8333333333333334,1.0,0.8333333333333334,1.0,1.0,0.8333333333333334,0.8,1.0,0.8,1.0,1.0,1.0,1.0,0.6,1.0,0.6,1.0,1.0,1.0,1.0,0.48,1.0,0.48,1.0,1.0,1.0,1.0,0.4,1.0,0.4,1.0,1.0,1.0,1.0,0.34285714285714286,1.0,0.34285714285714286,1.0,1.0,1.0,1.0,0.3,1.0,0.3,1.0,1.0,1.0,1.0,0.26666666666666666,1.0,0.26666666666666666,1.0,1.0,1.0,1.0,0.24,1.0,0.24,1.0,1.0,1.0,1.0,qwen3_4b-dj_adpt,8,webtable-cl_optim-v=12-distilroberta-dj_adpt~qwen3_8b-dj_adpt
workforce_management_information_b.pq,1.0,0.05555555555555555,1.0,0.05555555555555555,1.0,1.0,0.05555555555555555,1.0,0.2777777777777778,1.0,0.2777777777777778,1.0,1.0,0.2777777777777778,1.0,0.5555555555555556,1.0,0.5555555555555556,1.0,1.0,0.5555555555555556,1.0,0.8333333333333334,1.0,0.8333333333333334,1.0,1.0,0.8333333333333334,0.9,1.0,0.9,1.0,1.0,1.0,1.0,0.72,1.0,0.72,1.0,1.0,1.0,1.0,0.6,1.0,0.6,1.0,1.0,1.0,1.0,0.5142857142857142,1.0,0.5142857142857142,1.0,1.0,1.0,1.0,0.45,1.0,0.45,1.0,1.0,1.0,1.0,0.4,1.0,0.4,1.0,1.0,1.0,1.0,0.36,1.0,0.36,1.0,1.0,1.0,1.0,qwen3_4b-dj_adpt,8,webtable-cl_optim-v=12-distilroberta-dj_adpt~qwen3_8b-dj_adpt
ipopayments_a.pq,1.0,0.06666666666666667,1.0,0.06666666666666667,1.0,1.0,0.06666666666666667,1.0,0.3333333333333333,1.0,0.3333333333333333,1.0,1.0,0.3333333333333333,1.0,0.6666666666666666,1.0,0.6666666666666666,1.0,1.0,0.6666666666666666,1.0,1.0,1.0,1.0,1.0,1.0,1.0,0.75,1.0,0.75,1.0,1.0,1.0,1.0,0.6,1.0,0.6,1.0,1.0,1.0,1.0,0.5,1.0,0.5,1.0,1.0,1.0,1.0,0.42857142857142855,1.0,0.42857142857142855,1.0,1.0,1.0,1.0,0.375,1.0,0.375,1.0,1.0,1.0,1.0,0.3333333333333333,1.0,0.3333333333333333,1.0,1.0,1.0,1.0,0.3,1.0,0.3,1.0,1.0,1.0,1.0,qwen3_4b-dj_adpt,8,webtable-cl_optim-v=12-distilroberta-dj_adpt~qwen3_8b-dj_adpt
lane_description_b.pq,1.0,0.0625,1.0,0.0625,1.0,1.0,0.0625,1.0,0.3125,1.0,0.3125,1.0,1.0,0.3125,1.0,0.625,1.0,0.625,1.0,1.0,0.625,1.0,0.9375,1.0,0.9375,1.0,1.0,0.9375,0.8,1.0,0.8,1.0,1.0,1.0,1.0,0.64,1.0,0.64,1.0,1.0,1.0,1.0,0.5333333333333333,1.0,0.5333333333333333,1.0,1.0,1.0,1.0,0.45714285714285713,1.0,0.45714285714285713,1.0,1.0,1.0,1.0,0.4,1.0,0.4,1.0,1.0,1.0,1.0,0.35555555555555557,1.0,0.35555555555555557,1.0,1.0,1.0,1.0,0.32,1.0,0.32,1.0,1.0,1.0,1.0,qwen3_4b-dj_adpt,8,webtable-cl_optim-v=12-distilroberta-dj_adpt~qwen3_8b-dj_adpt
ydn_spending_data_a.pq,1.0,0.08333333333333333,1.0,0.08333333333333333,1.0,1.0,0.08333333333333333,1.0,0.4166666666666667,1.0,0.4166666666666667,1.0,1.0,0.4166666666666667,1.0,0.8333333333333334,1.0,0.8333333333333334,1.0,1.0,0.8333333333333334,0.8,1.0,0.8,1.0,1.0,1.0,1.0,0.6,1.0,0.6,1.0,1.0,1.0,1.0,0.48,1.0,0.48,1.0,1.0,1.0,1.0,0.4,1.0,0.4,1.0,1.0,1.0,1.0,0.34285714285714286,1.0,0.34285714285714286,1.0,1.0,1.0,1.0,0.3,1.0,0.3,1.0,1.0,1.0,1.0,0.26666666666666666,1.0,0.26666666666666666,1.0,1.0,1.0,1.0,0.24,1.0,0.24,1.0,1.0,1.0,1.0,qwen3_4b-dj_adpt,8,webtable-cl_optim-v=12-distilroberta-dj_adpt~qwen3_8b-dj_adpt
cdc_nutrition_physical_activity_and_obesity_legislation_a.pq,1.0,0.09090909090909091,1.0,0.09090909090909091,1.0,1.0,0.09090909090909091,1.0,0.45454545454545453,1.0,0.45454545454545453,1.0,1.0,0.45454545454545453,1.0,0.9090909090909091,1.0,0.9090909090909091,1.0,1.0,0.9090909090909091,0.7333333333333333,1.0,0.7333333333333333,1.0,1.0,1.0,1.0,0.55,1.0,0.55,1.0,1.0,1.0,1.0,0.44,1.0,0.44,1.0,1.0,1.0,1.0,0.36666666666666664,1.0,0.36666666666666664,1.0,1.0,1.0,1.0,0.3142857142857143,1.0,0.3142857142857143,1.0,1.0,1.0,1.0,0.275,1.0,0.275,1.0,1.0,1.0,1.0,0.24444444444444444,1.0,0.24444444444444444,1.0,1.0,1.0,1.0,0.22,1.0,0.22,1.0,1.0,1.0,1.0,qwen3_4b-dj_adpt,8,webtable-cl_optim-v=12-distilroberta-dj_adpt~qwen3_8b-dj_adpt
lane_description_a.pq,1.0,0.0625,1.0,0.0625,1.0,1.0,0.0625,1.0,0.3125,1.0,0.3125,1.0,1.0,0.3125,1.0,0.625,1.0,0.625,1.0,1.0,0.625,1.0,0.9375,1.0,0.9375,1.0,1.0,0.9375,0.8,1.0,0.8,1.0,1.0,1.0,1.0,0.64,1.0,0.64,1.0,1.0,1.0,1.0,0.5333333333333333,1.0,0.5333333333333333,1.0,1.0,1.0,1.0,0.45714285714285713,1.0,0.45714285714285713,1.0,1.0,1.0,1.0,0.4,1.0,0.4,1.0,1.0,1.0,1.0,0.35555555555555557,1.0,0.35555555555555557,1.0,1.0,1.0,1.0,0.32,1.0,0.32,1.0,1.0,1.0,1.0,qwen3_4b-dj_adpt,8,webtable-cl_optim-v=12-distilroberta-dj_adpt~qwen3_8b-dj_adpt
oil_and_gas_summary_production_data_1967_1999_a.pq,1.0,0.09090909090909091,1.0,0.09090909090909091,1.0,1.0,0.09090909090909091,1.0,0.45454545454545453,1.0,0.45454545454545453,1.0,1.0,0.45454545454545453,1.0,0.9090909090909091,1.0,0.9090909090909091,1.0,1.0,0.9090909090909091,0.7333333333333333,1.0,0.7333333333333333,1.0,1.0,1.0,1.0,0.55,1.0,0.55,1.0,1.0,1.0,1.0,0.44,1.0,0.44,1.0,1.0,1.0,1.0,0.36666666666666664,1.0,0.36666666666666664,1.0,1.0,1.0,1.0,0.3142857142857143,1.0,0.3142857142857143,1.0,1.0,1.0,1.0,0.275,1.0,0.275,1.0,1.0,1.0,1.0,0.24444444444444444,1.0,0.24444444444444444,1.0,1.0,1.0,1.0,0.22,1.0,0.22,1.0,1.0,1.0,1.0,qwen3_4b-dj_adpt,8,webtable-cl_optim-v=12-distilroberta-dj_adpt~qwen3_8b-dj_adpt
ydn_spending_data_b.pq,1.0,0.08333333333333333,1.0,0.08333333333333333,1.0,1.0,0.08333333333333333,1.0,0.4166666666666667,1.0,0.4166666666666667,1.0,1.0,0.4166666666666667,1.0,0.8333333333333334,1.0,0.8333333333333334,1.0,1.0,0.8333333333333334,0.8,1.0,0.8,1.0,1.0,1.0,1.0,0.6,1.0,0.6,1.0,1.0,1.0,1.0,0.48,1.0,0.48,1.0,1.0,1.0,1.0,0.4,1.0,0.4,1.0,1.0,1.0,1.0,0.34285714285714286,1.0,0.34285714285714286,1.0,1.0,1.0,1.0,0.3,1.0,0.3,1.0,1.0,1.0,1.0,0.26666666666666666,1.0,0.26666666666666666,1.0,1.0,1.0,1.0,0.24,1.0,0.24,1.0,1.0,1.0,1.0,qwen3_4b-dj_adpt,8,webtable-cl_optim-v=12-distilroberta-dj_adpt~qwen3_8b-dj_adpt
biodiversity_a.pq,1.0,0.09090909090909091,1.0,0.09090909090909091,1.0,1.0,0.09090909090909091,1.0,0.45454545454545453,1.0,0.45454545454545453,1.0,1.0,0.45454545454545453,0.8,0.7272727272727273,1.0,0.9090909090909091,1.0,1.0,0.7272727272727273,0.5333333333333333,0.7272727272727273,0.7333333333333333,1.0,1.0,1.0,0.7272727272727273,0.45,0.8181818181818182,0.55,1.0,1.0,1.0,0.7784090909090909,0.4,0.9090909090909091,0.44,1.0,1.0,1.0,0.8197314049586777,0.3333333333333333,0.9090909090909091,0.36666666666666664,1.0,1.0,1.0,0.8197314049586777,0.2857142857142857,0.9090909090909091,0.3142857142857143,1.0,1.0,1.0,0.8197314049586777,0.25,0.9090909090909091,0.275,1.0,1.0,1.0,0.8197314049586777,0.2222222222222222,0.9090909090909091,0.24444444444444444,1.0,1.0,1.0,0.8197314049586777,0.2,0.9090909090909091,0.22,1.0,1.0,1.0,0.8197314049586777,qwen3_4b-dj_adpt,8,webtable-cl_optim-v=12-distilroberta-dj_adpt~qwen3_8b-dj_adpt
abandoned_wells_a.pq,1.0,0.09090909090909091,1.0,0.09090909090909091,1.0,1.0,0.09090909090909091,1.0,0.45454545454545453,1.0,0.45454545454545453,1.0,1.0,0.45454545454545453,1.0,0.9090909090909091,1.0,0.9090909090909091,1.0,1.0,0.9090909090909091,0.7333333333333333,1.0,0.7333333333333333,1.0,1.0,1.0,1.0,0.55,1.0,0.55,1.0,1.0,1.0,1.0,0.44,1.0,0.44,1.0,1.0,1.0,1.0,0.36666666666666664,1.0,0.36666666666666664,1.0,1.0,1.0,1.0,0.3142857142857143,1.0,0.3142857142857143,1.0,1.0,1.0,1.0,0.275,1.0,0.275,1.0,1.0,1.0,1.0,0.24444444444444444,1.0,0.24444444444444444,1.0,1.0,1.0,1.0,0.22,1.0,0.22,1.0,1.0,1.0,1.0,qwen3_4b-dj_adpt,8,webtable-cl_optim-v=12-distilroberta-dj_adpt~qwen3_8b-dj_adpt
albums_b.pq,1.0,0.0625,1.0,0.0625,1.0,1.0,0.0625,1.0,0.3125,1.0,0.3125,1.0,1.0,0.3125,1.0,0.625,1.0,0.625,1.0,1.0,0.625,1.0,0.9375,1.0,0.9375,1.0,1.0,0.9375,0.8,1.0,0.8,1.0,1.0,1.0,1.0,0.64,1.0,0.64,1.0,1.0,1.0,1.0,0.5333333333333333,1.0,0.5333333333333333,1.0,1.0,1.0,1.0,0.45714285714285713,1.0,0.45714285714285713,1.0,1.0,1.0,1.0,0.4,1.0,0.4,1.0,1.0,1.0,1.0,0.35555555555555557,1.0,0.35555555555555557,1.0,1.0,1.0,1.0,0.32,1.0,0.32,1.0,1.0,1.0,1.0,qwen3_4b-dj_adpt,8,webtable-cl_optim-v=12-distilroberta-dj_adpt~qwen3_8b-dj_adpt
cihr_co-applicant_b.pq,1.0,0.08333333333333333,1.0,0.08333333333333333,1.0,1.0,0.08333333333333333,1.0,0.4166666666666667,1.0,0.4166666666666667,1.0,1.0,0.4166666666666667,1.0,0.8333333333333334,1.0,0.8333333333333334,1.0,1.0,0.8333333333333334,0.8,1.0,0.8,1.0,1.0,1.0,1.0,0.6,1.0,0.6,1.0,1.0,1.0,1.0,0.48,1.0,0.48,1.0,1.0,1.0,1.0,0.4,1.0,0.4,1.0,1.0,1.0,1.0,0.34285714285714286,1.0,0.34285714285714286,1.0,1.0,1.0,1.0,0.3,1.0,0.3,1.0,1.0,1.0,1.0,0.26666666666666666,1.0,0.26666666666666666,1.0,1.0,1.0,1.0,0.24,1.0,0.24,1.0,1.0,1.0,1.0,qwen3_4b-dj_adpt,8,webtable-cl_optim-v=12-distilroberta-dj_adpt~qwen3_8b-dj_adpt
film_locations_in_san_francisco_a.pq,1.0,0.07692307692307693,1.0,0.07692307692307693,1.0,1.0,0.07692307692307693,1.0,0.38461538461538464,1.0,0.38461538461538464,1.0,1.0,0.38461538461538464,1.0,0.7692307692307693,1.0,0.7692307692307693,1.0,1.0,0.7692307692307693,0.8666666666666667,1.0,0.8666666666666667,1.0,1.0,1.0,1.0,0.65,1.0,0.65,1.0,1.0,1.0,1.0,0.52,1.0,0.52,1.0,1.0,1.0,1.0,0.43333333333333335,1.0,0.43333333333333335,1.0,1.0,1.0,1.0,0.37142857142857144,1.0,0.37142857142857144,1.0,1.0,1.0,1.0,0.325,1.0,0.325,1.0,1.0,1.0,1.0,0.28888888888888886,1.0,0.28888888888888886,1.0,1.0,1.0,1.0,0.26,1.0,0.26,1.0,1.0,1.0,1.0,qwen3_4b-dj_adpt,8,webtable-cl_optim-v=12-distilroberta-dj_adpt~qwen3_8b-dj_adpt
job_pay_scales_a.pq,1.0,0.06666666666666667,1.0,0.06666666666666667,1.0,1.0,0.06666666666666667,1.0,0.3333333333333333,1.0,0.3333333333333333,1.0,1.0,0.3333333333333333,1.0,0.6666666666666666,1.0,0.6666666666666666,1.0,1.0,0.6666666666666666,1.0,1.0,1.0,1.0,1.0,1.0,1.0,0.75,1.0,0.75,1.0,1.0,1.0,1.0,0.6,1.0,0.6,1.0,1.0,1.0,1.0,0.5,1.0,0.5,1.0,1.0,1.0,1.0,0.42857142857142855,1.0,0.42857142857142855,1.0,1.0,1.0,1.0,0.375,1.0,0.375,1.0,1.0,1.0,1.0,0.3333333333333333,1.0,0.3333333333333333,1.0,1.0,1.0,1.0,0.3,1.0,0.3,1.0,1.0,1.0,1.0,qwen3_4b-dj_adpt,8,webtable-cl_optim-v=12-distilroberta-dj_adpt~qwen3_8b-dj_adpt
complaint_by_practice_a.pq,1.0,0.07692307692307693,1.0,0.07692307692307693,1.0,1.0,0.07692307692307693,1.0,0.38461538461538464,1.0,0.38461538461538464,1.0,1.0,0.38461538461538464,1.0,0.7692307692307693,1.0,0.7692307692307693,1.0,1.0,0.7692307692307693,0.8666666666666667,1.0,0.8666666666666667,1.0,1.0,1.0,1.0,0.65,1.0,0.65,1.0,1.0,1.0,1.0,0.52,1.0,0.52,1.0,1.0,1.0,1.0,0.43333333333333335,1.0,0.43333333333333335,1.0,1.0,1.0,1.0,0.37142857142857144,1.0,0.37142857142857144,1.0,1.0,1.0,1.0,0.325,1.0,0.325,1.0,1.0,1.0,1.0,0.28888888888888886,1.0,0.28888888888888886,1.0,1.0,1.0,1.0,0.26,1.0,0.26,1.0,1.0,1.0,1.0,qwen3_4b-dj_adpt,8,webtable-cl_optim-v=12-distilroberta-dj_adpt~qwen3_8b-dj_adpt
monthly_data_feed_b.pq,1.0,0.07692307692307693,1.0,0.07692307692307693,1.0,1.0,0.07692307692307693,1.0,0.38461538461538464,1.0,0.38461538461538464,1.0,1.0,0.38461538461538464,1.0,0.7692307692307693,1.0,0.7692307692307693,1.0,1.0,0.7692307692307693,0.8666666666666667,1.0,0.8666666666666667,1.0,1.0,1.0,1.0,0.65,1.0,0.65,1.0,1.0,1.0,1.0,0.52,1.0,0.52,1.0,1.0,1.0,1.0,0.43333333333333335,1.0,0.43333333333333335,1.0,1.0,1.0,1.0,0.37142857142857144,1.0,0.37142857142857144,1.0,1.0,1.0,1.0,0.325,1.0,0.325,1.0,1.0,1.0,1.0,0.28888888888888886,1.0,0.28888888888888886,1.0,1.0,1.0,1.0,0.26,1.0,0.26,1.0,1.0,1.0,1.0,qwen3_4b-dj_adpt,8,webtable-cl_optim-v=12-distilroberta-dj_adpt~qwen3_8b-dj_adpt
senior_officials_expenses_a.pq,1.0,0.09090909090909091,1.0,0.09090909090909091,1.0,1.0,0.09090909090909091,1.0,0.45454545454545453,1.0,0.45454545454545453,1.0,1.0,0.45454545454545453,0.9,0.8181818181818182,1.0,0.9090909090909091,1.0,1.0,0.8181818181818182,0.6666666666666666,0.9090909090909091,0.7333333333333333,1.0,1.0,1.0,0.9008264462809916,0.5,0.9090909090909091,0.55,1.0,1.0,1.0,0.9008264462809916,0.4,0.9090909090909091,0.44,1.0,1.0,1.0,0.9008264462809916,0.3333333333333333,0.9090909090909091,0.36666666666666664,1.0,1.0,1.0,0.9008264462809916,0.2857142857142857,0.9090909090909091,0.3142857142857143,1.0,1.0,1.0,0.9008264462809916,0.25,0.9090909090909091,0.275,1.0,1.0,1.0,0.9008264462809916,0.2222222222222222,0.9090909090909091,0.24444444444444444,1.0,1.0,1.0,0.9008264462809916,0.2,0.9090909090909091,0.22,1.0,1.0,1.0,0.9008264462809916,qwen3_4b-dj_adpt,8,webtable-cl_optim-v=12-distilroberta-dj_adpt~qwen3_8b-dj_adpt
prescribing_a.pq,1.0,0.06666666666666667,1.0,0.06666666666666667,1.0,1.0,0.06666666666666667,1.0,0.3333333333333333,1.0,0.3333333333333333,1.0,1.0,0.3333333333333333,1.0,0.6666666666666666,1.0,0.6666666666666666,1.0,1.0,0.6666666666666666,1.0,1.0,1.0,1.0,1.0,1.0,1.0,0.75,1.0,0.75,1.0,1.0,1.0,1.0,0.6,1.0,0.6,1.0,1.0,1.0,1.0,0.5,1.0,0.5,1.0,1.0,1.0,1.0,0.42857142857142855,1.0,0.42857142857142855,1.0,1.0,1.0,1.0,0.375,1.0,0.375,1.0,1.0,1.0,1.0,0.3333333333333333,1.0,0.3333333333333333,1.0,1.0,1.0,1.0,0.3,1.0,0.3,1.0,1.0,1.0,1.0,qwen3_4b-dj_adpt,8,webtable-cl_optim-v=12-distilroberta-dj_adpt~qwen3_8b-dj_adpt
data_mill_a.pq,1.0,0.07142857142857142,1.0,0.07142857142857142,1.0,1.0,0.07142857142857142,1.0,0.35714285714285715,1.0,0.35714285714285715,1.0,1.0,0.35714285714285715,1.0,0.7142857142857143,1.0,0.7142857142857143,1.0,1.0,0.7142857142857143,0.9333333333333333,1.0,0.9333333333333333,1.0,1.0,1.0,1.0,0.7,1.0,0.7,1.0,1.0,1.0,1.0,0.56,1.0,0.56,1.0,1.0,1.0,1.0,0.4666666666666667,1.0,0.4666666666666667,1.0,1.0,1.0,1.0,0.4,1.0,0.4,1.0,1.0,1.0,1.0,0.35,1.0,0.35,1.0,1.0,1.0,1.0,0.3111111111111111,1.0,0.3111111111111111,1.0,1.0,1.0,1.0,0.28,1.0,0.28,1.0,1.0,1.0,1.0,qwen3_4b-dj_adpt,8,webtable-cl_optim-v=12-distilroberta-dj_adpt~qwen3_8b-dj_adpt
stockport_contracts_b.pq,1.0,0.07692307692307693,1.0,0.07692307692307693,1.0,1.0,0.07692307692307693,1.0,0.38461538461538464,1.0,0.38461538461538464,1.0,1.0,0.38461538461538464,1.0,0.7692307692307693,1.0,0.7692307692307693,1.0,1.0,0.7692307692307693,0.8666666666666667,1.0,0.8666666666666667,1.0,1.0,1.0,1.0,0.65,1.0,0.65,1.0,1.0,1.0,1.0,0.52,1.0,0.52,1.0,1.0,1.0,1.0,0.43333333333333335,1.0,0.43333333333333335,1.0,1.0,1.0,1.0,0.37142857142857144,1.0,0.37142857142857144,1.0,1.0,1.0,1.0,0.325,1.0,0.325,1.0,1.0,1.0,1.0,0.28888888888888886,1.0,0.28888888888888886,1.0,1.0,1.0,1.0,0.26,1.0,0.26,1.0,1.0,1.0,1.0,qwen3_4b-dj_adpt,8,webtable-cl_optim-v=12-distilroberta-dj_adpt~qwen3_8b-dj_adpt
mines_a.pq,1.0,0.07142857142857142,1.0,0.07142857142857142,1.0,1.0,0.07142857142857142,1.0,0.35714285714285715,1.0,0.35714285714285715,1.0,1.0,0.35714285714285715,1.0,0.7142857142857143,1.0,0.7142857142857143,1.0,1.0,0.7142857142857143,0.9333333333333333,1.0,0.9333333333333333,1.0,1.0,1.0,1.0,0.7,1.0,0.7,1.0,1.0,1.0,1.0,0.56,1.0,0.56,1.0,1.0,1.0,1.0,0.4666666666666667,1.0,0.4666666666666667,1.0,1.0,1.0,1.0,0.4,1.0,0.4,1.0,1.0,1.0,1.0,0.35,1.0,0.35,1.0,1.0,1.0,1.0,0.3111111111111111,1.0,0.3111111111111111,1.0,1.0,1.0,1.0,0.28,1.0,0.28,1.0,1.0,1.0,1.0,qwen3_4b-dj_adpt,8,webtable-cl_optim-v=12-distilroberta-dj_adpt~qwen3_8b-dj_adpt
animal_tag_data_a.pq,1.0,0.08333333333333333,1.0,0.08333333333333333,1.0,1.0,0.08333333333333333,1.0,0.4166666666666667,1.0,0.4166666666666667,1.0,1.0,0.4166666666666667,1.0,0.8333333333333334,1.0,0.8333333333333334,1.0,1.0,0.8333333333333334,0.8,1.0,0.8,1.0,1.0,1.0,1.0,0.6,1.0,0.6,1.0,1.0,1.0,1.0,0.48,1.0,0.48,1.0,1.0,1.0,1.0,0.4,1.0,0.4,1.0,1.0,1.0,1.0,0.34285714285714286,1.0,0.34285714285714286,1.0,1.0,1.0,1.0,0.3,1.0,0.3,1.0,1.0,1.0,1.0,0.26666666666666666,1.0,0.26666666666666666,1.0,1.0,1.0,1.0,0.24,1.0,0.24,1.0,1.0,1.0,1.0,qwen3_4b-dj_adpt,8,webtable-cl_optim-v=12-distilroberta-dj_adpt~qwen3_8b-dj_adpt
contributors_parties_b.pq,1.0,0.047619047619047616,1.0,0.047619047619047616,1.0,1.0,0.047619047619047616,1.0,0.23809523809523808,1.0,0.23809523809523808,1.0,1.0,0.23809523809523808,1.0,0.47619047619047616,1.0,0.47619047619047616,1.0,1.0,0.47619047619047616,1.0,0.7142857142857143,1.0,0.7142857142857143,1.0,1.0,0.7142857142857143,0.85,0.8095238095238095,1.0,0.9523809523809523,1.0,1.0,0.8095238095238095,0.68,0.8095238095238095,0.84,1.0,1.0,1.0,0.8095238095238095,0.5666666666666667,0.8095238095238095,0.7,1.0,1.0,1.0,0.8095238095238095,0.4857142857142857,0.8095238095238095,0.6,1.0,1.0,1.0,0.8095238095238095,0.425,0.8095238095238095,0.525,1.0,1.0,1.0,0.8095238095238095,0.37777777777777777,0.8095238095238095,0.4666666666666667,1.0,1.0,1.0,0.8095238095238095,0.34,0.8095238095238095,0.42,1.0,1.0,1.0,0.8095238095238095,qwen3_4b-dj_adpt,8,webtable-cl_optim-v=12-distilroberta-dj_adpt~qwen3_8b-dj_adpt
business_rates_a.pq,1.0,0.08333333333333333,1.0,0.08333333333333333,1.0,1.0,0.08333333333333333,1.0,0.4166666666666667,1.0,0.4166666666666667,1.0,1.0,0.4166666666666667,1.0,0.8333333333333334,1.0,0.8333333333333334,1.0,1.0,0.8333333333333334,0.8,1.0,0.8,1.0,1.0,1.0,1.0,0.6,1.0,0.6,1.0,1.0,1.0,1.0,0.48,1.0,0.48,1.0,1.0,1.0,1.0,0.4,1.0,0.4,1.0,1.0,1.0,1.0,0.34285714285714286,1.0,0.34285714285714286,1.0,1.0,1.0,1.0,0.3,1.0,0.3,1.0,1.0,1.0,1.0,0.26666666666666666,1.0,0.26666666666666666,1.0,1.0,1.0,1.0,0.24,1.0,0.24,1.0,1.0,1.0,1.0,qwen3_4b-dj_adpt,8,webtable-cl_optim-v=12-distilroberta-dj_adpt~qwen3_8b-dj_adpt
immigration_records_a.pq,1.0,0.0625,1.0,0.0625,1.0,1.0,0.0625,1.0,0.3125,1.0,0.3125,1.0,1.0,0.3125,0.8,0.5,1.0,0.625,1.0,1.0,0.4930555555555556,0.8666666666666667,0.8125,1.0,0.9375,1.0,1.0,0.7568979631479631,0.8,1.0,0.8,1.0,1.0,1.0,0.9222880775270481,0.64,1.0,0.64,1.0,1.0,1.0,0.9222880775270481,0.5333333333333333,1.0,0.5333333333333333,1.0,1.0,1.0,0.9222880775270481,0.45714285714285713,1.0,0.45714285714285713,1.0,1.0,1.0,0.9222880775270481,0.4,1.0,0.4,1.0,1.0,1.0,0.9222880775270481,0.35555555555555557,1.0,0.35555555555555557,1.0,1.0,1.0,0.9222880775270481,0.32,1.0,0.32,1.0,1.0,1.0,0.9222880775270481,qwen3_4b-dj_adpt,8,webtable-cl_optim-v=12-distilroberta-dj_adpt~qwen3_8b-dj_adpt
psyckes_antipsychotic_polypharmacy_quality_indicators_beginning_2012_a.pq,1.0,0.09090909090909091,1.0,0.09090909090909091,1.0,1.0,0.09090909090909091,1.0,0.45454545454545453,1.0,0.45454545454545453,1.0,1.0,0.45454545454545453,1.0,0.9090909090909091,1.0,0.9090909090909091,1.0,1.0,0.9090909090909091,0.7333333333333333,1.0,0.7333333333333333,1.0,1.0,1.0,1.0,0.55,1.0,0.55,1.0,1.0,1.0,1.0,0.44,1.0,0.44,1.0,1.0,1.0,1.0,0.36666666666666664,1.0,0.36666666666666664,1.0,1.0,1.0,1.0,0.3142857142857143,1.0,0.3142857142857143,1.0,1.0,1.0,1.0,0.275,1.0,0.275,1.0,1.0,1.0,1.0,0.24444444444444444,1.0,0.24444444444444444,1.0,1.0,1.0,1.0,0.22,1.0,0.22,1.0,1.0,1.0,1.0,qwen3_4b-dj_adpt,8,webtable-cl_optim-v=12-distilroberta-dj_adpt~qwen3_8b-dj_adpt
report_card_discipline_for_2015_16_a.pq,1.0,0.09090909090909091,1.0,0.09090909090909091,1.0,1.0,0.09090909090909091,1.0,0.45454545454545453,1.0,0.45454545454545453,1.0,1.0,0.45454545454545453,1.0,0.9090909090909091,1.0,0.9090909090909091,1.0,1.0,0.9090909090909091,0.7333333333333333,1.0,0.7333333333333333,1.0,1.0,1.0,1.0,0.55,1.0,0.55,1.0,1.0,1.0,1.0,0.44,1.0,0.44,1.0,1.0,1.0,1.0,0.36666666666666664,1.0,0.36666666666666664,1.0,1.0,1.0,1.0,0.3142857142857143,1.0,0.3142857142857143,1.0,1.0,1.0,1.0,0.275,1.0,0.275,1.0,1.0,1.0,1.0,0.24444444444444444,1.0,0.24444444444444444,1.0,1.0,1.0,1.0,0.22,1.0,0.22,1.0,1.0,1.0,1.0,qwen3_4b-dj_adpt,8,webtable-cl_optim-v=12-distilroberta-dj_adpt~qwen3_8b-dj_adpt
tuition_assistance_program_tap_recipients_a.pq,1.0,0.09090909090909091,1.0,0.09090909090909091,1.0,1.0,0.09090909090909091,1.0,0.45454545454545453,1.0,0.45454545454545453,1.0,1.0,0.45454545454545453,1.0,0.9090909090909091,1.0,0.9090909090909091,1.0,1.0,0.9090909090909091,0.7333333333333333,1.0,0.7333333333333333,1.0,1.0,1.0,1.0,0.55,1.0,0.55,1.0,1.0,1.0,1.0,0.44,1.0,0.44,1.0,1.0,1.0,1.0,0.36666666666666664,1.0,0.36666666666666664,1.0,1.0,1.0,1.0,0.3142857142857143,1.0,0.3142857142857143,1.0,1.0,1.0,1.0,0.275,1.0,0.275,1.0,1.0,1.0,1.0,0.24444444444444444,1.0,0.24444444444444444,1.0,1.0,1.0,1.0,0.22,1.0,0.22,1.0,1.0,1.0,1.0,qwen3_4b-dj_adpt,8,webtable-cl_optim-v=12-distilroberta-dj_adpt~qwen3_8b-dj_adpt
practice_reference_a.pq,1.0,0.06666666666666667,1.0,0.06666666666666667,1.0,1.0,0.06666666666666667,1.0,0.3333333333333333,1.0,0.3333333333333333,1.0,1.0,0.3333333333333333,1.0,0.6666666666666666,1.0,0.6666666666666666,1.0,1.0,0.6666666666666666,1.0,1.0,1.0,1.0,1.0,1.0,1.0,0.75,1.0,0.75,1.0,1.0,1.0,1.0,0.6,1.0,0.6,1.0,1.0,1.0,1.0,0.5,1.0,0.5,1.0,1.0,1.0,1.0,0.42857142857142855,1.0,0.42857142857142855,1.0,1.0,1.0,1.0,0.375,1.0,0.375,1.0,1.0,1.0,1.0,0.3333333333333333,1.0,0.3333333333333333,1.0,1.0,1.0,1.0,0.3,1.0,0.3,1.0,1.0,1.0,1.0,qwen3_4b-dj_adpt,8,webtable-cl_optim-v=12-distilroberta-dj_adpt~qwen3_8b-dj_adpt
practice_reference_b.pq,1.0,0.06666666666666667,1.0,0.06666666666666667,1.0,1.0,0.06666666666666667,1.0,0.3333333333333333,1.0,0.3333333333333333,1.0,1.0,0.3333333333333333,1.0,0.6666666666666666,1.0,0.6666666666666666,1.0,1.0,0.6666666666666666,1.0,1.0,1.0,1.0,1.0,1.0,1.0,0.75,1.0,0.75,1.0,1.0,1.0,1.0,0.6,1.0,0.6,1.0,1.0,1.0,1.0,0.5,1.0,0.5,1.0,1.0,1.0,1.0,0.42857142857142855,1.0,0.42857142857142855,1.0,1.0,1.0,1.0,0.375,1.0,0.375,1.0,1.0,1.0,1.0,0.3333333333333333,1.0,0.3333333333333333,1.0,1.0,1.0,1.0,0.3,1.0,0.3,1.0,1.0,1.0,1.0,qwen3_4b-dj_adpt,8,webtable-cl_optim-v=12-distilroberta-dj_adpt~qwen3_8b-dj_adpt
monthly_data_feed_a.pq,1.0,0.07692307692307693,1.0,0.07692307692307693,1.0,1.0,0.07692307692307693,1.0,0.38461538461538464,1.0,0.38461538461538464,1.0,1.0,0.38461538461538464,1.0,0.7692307692307693,1.0,0.7692307692307693,1.0,1.0,0.7692307692307693,0.8666666666666667,1.0,0.8666666666666667,1.0,1.0,1.0,1.0,0.65,1.0,0.65,1.0,1.0,1.0,1.0,0.52,1.0,0.52,1.0,1.0,1.0,1.0,0.43333333333333335,1.0,0.43333333333333335,1.0,1.0,1.0,1.0,0.37142857142857144,1.0,0.37142857142857144,1.0,1.0,1.0,1.0,0.325,1.0,0.325,1.0,1.0,1.0,1.0,0.28888888888888886,1.0,0.28888888888888886,1.0,1.0,1.0,1.0,0.26,1.0,0.26,1.0,1.0,1.0,1.0,qwen3_4b-dj_adpt,8,webtable-cl_optim-v=12-distilroberta-dj_adpt~qwen3_8b-dj_adpt
purchasing_card_a.pq,1.0,0.07692307692307693,1.0,0.07692307692307693,1.0,1.0,0.07692307692307693,1.0,0.38461538461538464,1.0,0.38461538461538464,1.0,1.0,0.38461538461538464,1.0,0.7692307692307693,1.0,0.7692307692307693,1.0,1.0,0.7692307692307693,0.8666666666666667,1.0,0.8666666666666667,1.0,1.0,1.0,1.0,0.65,1.0,0.65,1.0,1.0,1.0,1.0,0.52,1.0,0.52,1.0,1.0,1.0,1.0,0.43333333333333335,1.0,0.43333333333333335,1.0,1.0,1.0,1.0,0.37142857142857144,1.0,0.37142857142857144,1.0,1.0,1.0,1.0,0.325,1.0,0.325,1.0,1.0,1.0,1.0,0.28888888888888886,1.0,0.28888888888888886,1.0,1.0,1.0,1.0,0.26,1.0,0.26,1.0,1.0,1.0,1.0,qwen3_4b-dj_adpt,8,webtable-cl_optim-v=12-distilroberta-dj_adpt~qwen3_8b-dj_adpt
stockport_contracts_a.pq,1.0,0.07692307692307693,1.0,0.07692307692307693,1.0,1.0,0.07692307692307693,1.0,0.38461538461538464,1.0,0.38461538461538464,1.0,1.0,0.38461538461538464,1.0,0.7692307692307693,1.0,0.7692307692307693,1.0,1.0,0.7692307692307693,0.8666666666666667,1.0,0.8666666666666667,1.0,1.0,1.0,1.0,0.65,1.0,0.65,1.0,1.0,1.0,1.0,0.52,1.0,0.52,1.0,1.0,1.0,1.0,0.43333333333333335,1.0,0.43333333333333335,1.0,1.0,1.0,1.0,0.37142857142857144,1.0,0.37142857142857144,1.0,1.0,1.0,1.0,0.325,1.0,0.325,1.0,1.0,1.0,1.0,0.28888888888888886,1.0,0.28888888888888886,1.0,1.0,1.0,1.0,0.26,1.0,0.26,1.0,1.0,1.0,1.0,qwen3_4b-dj_adpt,8,webtable-cl_optim-v=12-distilroberta-dj_adpt~qwen3_8b-dj_adpt
mines_b.pq,1.0,0.07142857142857142,1.0,0.07142857142857142,1.0,1.0,0.07142857142857142,1.0,0.35714285714285715,1.0,0.35714285714285715,1.0,1.0,0.35714285714285715,1.0,0.7142857142857143,1.0,0.7142857142857143,1.0,1.0,0.7142857142857143,0.9333333333333333,1.0,0.9333333333333333,1.0,1.0,1.0,1.0,0.7,1.0,0.7,1.0,1.0,1.0,1.0,0.56,1.0,0.56,1.0,1.0,1.0,1.0,0.4666666666666667,1.0,0.4666666666666667,1.0,1.0,1.0,1.0,0.4,1.0,0.4,1.0,1.0,1.0,1.0,0.35,1.0,0.35,1.0,1.0,1.0,1.0,0.3111111111111111,1.0,0.3111111111111111,1.0,1.0,1.0,1.0,0.28,1.0,0.28,1.0,1.0,1.0,1.0,qwen3_4b-dj_adpt,8,webtable-cl_optim-v=12-distilroberta-dj_adpt~qwen3_8b-dj_adpt
new_york_city_restaurant_inspection_results_a.pq,1.0,0.03225806451612903,1.0,0.03225806451612903,1.0,1.0,0.03225806451612903,1.0,0.16129032258064516,1.0,0.16129032258064516,1.0,1.0,0.16129032258064516,1.0,0.3225806451612903,1.0,0.3225806451612903,1.0,1.0,0.3225806451612903,1.0,0.4838709677419355,1.0,0.4838709677419355,1.0,1.0,0.4838709677419355,1.0,0.6451612903225806,1.0,0.6451612903225806,1.0,1.0,0.6451612903225806,0.88,0.7096774193548387,1.0,0.8064516129032258,1.0,1.0,0.7058064516129032,0.7666666666666667,0.7419354838709677,1.0,0.967741935483871,1.0,1.0,0.7343424317617866,0.6571428571428571,0.7419354838709677,0.8857142857142857,1.0,1.0,1.0,0.7343424317617866,0.575,0.7419354838709677,0.775,1.0,1.0,1.0,0.7343424317617866,0.5111111111111111,0.7419354838709677,0.6888888888888889,1.0,1.0,1.0,0.7343424317617866,0.46,0.7419354838709677,0.62,1.0,1.0,1.0,0.7343424317617866,qwen3_4b-dj_adpt,8,webtable-cl_optim-v=12-distilroberta-dj_adpt~qwen3_8b-dj_adpt
contributors_parties_a.pq,1.0,0.047619047619047616,1.0,0.047619047619047616,1.0,1.0,0.047619047619047616,1.0,0.23809523809523808,1.0,0.23809523809523808,1.0,1.0,0.23809523809523808,1.0,0.47619047619047616,1.0,0.47619047619047616,1.0,1.0,0.47619047619047616,1.0,0.7142857142857143,1.0,0.7142857142857143,1.0,1.0,0.7142857142857143,1.0,0.9523809523809523,1.0,0.9523809523809523,1.0,1.0,0.9523809523809523,0.84,1.0,0.84,1.0,1.0,1.0,1.0,0.7,1.0,0.7,1.0,1.0,1.0,1.0,0.6,1.0,0.6,1.0,1.0,1.0,1.0,0.525,1.0,0.525,1.0,1.0,1.0,1.0,0.4666666666666667,1.0,0.4666666666666667,1.0,1.0,1.0,1.0,0.42,1.0,0.42,1.0,1.0,1.0,1.0,qwen3_4b-dj_adpt,8,webtable-cl_optim-v=12-distilroberta-dj_adpt~qwen3_8b-dj_adpt
311_calls_historic_data_a.pq,1.0,0.09090909090909091,1.0,0.09090909090909091,1.0,1.0,0.09090909090909091,1.0,0.45454545454545453,1.0,0.45454545454545453,1.0,1.0,0.45454545454545453,1.0,0.9090909090909091,1.0,0.9090909090909091,1.0,1.0,0.9090909090909091,0.7333333333333333,1.0,0.7333333333333333,1.0,1.0,1.0,1.0,0.55,1.0,0.55,1.0,1.0,1.0,1.0,0.44,1.0,0.44,1.0,1.0,1.0,1.0,0.36666666666666664,1.0,0.36666666666666664,1.0,1.0,1.0,1.0,0.3142857142857143,1.0,0.3142857142857143,1.0,1.0,1.0,1.0,0.275,1.0,0.275,1.0,1.0,1.0,1.0,0.24444444444444444,1.0,0.24444444444444444,1.0,1.0,1.0,1.0,0.22,1.0,0.22,1.0,1.0,1.0,1.0,qwen3_4b-dj_adpt,8,webtable-cl_optim-v=12-distilroberta-dj_adpt~qwen3_8b-dj_adpt
cihr_co-applicant_a.pq,1.0,0.08333333333333333,1.0,0.08333333333333333,1.0,1.0,0.08333333333333333,1.0,0.4166666666666667,1.0,0.4166666666666667,1.0,1.0,0.4166666666666667,1.0,0.8333333333333334,1.0,0.8333333333333334,1.0,1.0,0.8333333333333334,0.8,1.0,0.8,1.0,1.0,1.0,1.0,0.6,1.0,0.6,1.0,1.0,1.0,1.0,0.48,1.0,0.48,1.0,1.0,1.0,1.0,0.4,1.0,0.4,1.0,1.0,1.0,1.0,0.34285714285714286,1.0,0.34285714285714286,1.0,1.0,1.0,1.0,0.3,1.0,0.3,1.0,1.0,1.0,1.0,0.26666666666666666,1.0,0.26666666666666666,1.0,1.0,1.0,1.0,0.24,1.0,0.24,1.0,1.0,1.0,1.0,qwen3_4b-dj_adpt,8,webtable-cl_optim-v=12-distilroberta-dj_adpt~qwen3_8b-dj_adpt
ipopayments_a.pq,1.0,0.06666666666666667,1.0,0.06666666666666667,1.0,1.0,0.06666666666666667,1.0,0.3333333333333333,1.0,0.3333333333333333,1.0,1.0,0.3333333333333333,1.0,0.6666666666666666,1.0,0.6666666666666666,1.0,1.0,0.6666666666666666,1.0,1.0,1.0,1.0,1.0,1.0,1.0,0.75,1.0,0.75,1.0,1.0,1.0,1.0,0.6,1.0,0.6,1.0,1.0,1.0,1.0,0.5,1.0,0.5,1.0,1.0,1.0,1.0,0.42857142857142855,1.0,0.42857142857142855,1.0,1.0,1.0,1.0,0.375,1.0,0.375,1.0,1.0,1.0,1.0,0.3333333333333333,1.0,0.3333333333333333,1.0,1.0,1.0,1.0,0.3,1.0,0.3,1.0,1.0,1.0,1.0,kalm_gemma3_12b-dj_adpt,9,webtable-cl_optim-v=12-distilroberta-dj_adpt~qwen3_8b-dj_adpt
lane_description_a.pq,1.0,0.0625,1.0,0.0625,1.0,1.0,0.0625,1.0,0.3125,1.0,0.3125,1.0,1.0,0.3125,1.0,0.625,1.0,0.625,1.0,1.0,0.625,1.0,0.9375,1.0,0.9375,1.0,1.0,0.9375,0.8,1.0,0.8,1.0,1.0,1.0,1.0,0.64,1.0,0.64,1.0,1.0,1.0,1.0,0.5333333333333333,1.0,0.5333333333333333,1.0,1.0,1.0,1.0,0.45714285714285713,1.0,0.45714285714285713,1.0,1.0,1.0,1.0,0.4,1.0,0.4,1.0,1.0,1.0,1.0,0.35555555555555557,1.0,0.35555555555555557,1.0,1.0,1.0,1.0,0.32,1.0,0.32,1.0,1.0,1.0,1.0,kalm_gemma3_12b-dj_adpt,9,webtable-cl_optim-v=12-distilroberta-dj_adpt~qwen3_8b-dj_adpt
oil_and_gas_summary_production_data_1967_1999_a.pq,1.0,0.09090909090909091,1.0,0.09090909090909091,1.0,1.0,0.09090909090909091,1.0,0.45454545454545453,1.0,0.45454545454545453,1.0,1.0,0.45454545454545453,1.0,0.9090909090909091,1.0,0.9090909090909091,1.0,1.0,0.9090909090909091,0.7333333333333333,1.0,0.7333333333333333,1.0,1.0,1.0,1.0,0.55,1.0,0.55,1.0,1.0,1.0,1.0,0.44,1.0,0.44,1.0,1.0,1.0,1.0,0.36666666666666664,1.0,0.36666666666666664,1.0,1.0,1.0,1.0,0.3142857142857143,1.0,0.3142857142857143,1.0,1.0,1.0,1.0,0.275,1.0,0.275,1.0,1.0,1.0,1.0,0.24444444444444444,1.0,0.24444444444444444,1.0,1.0,1.0,1.0,0.22,1.0,0.22,1.0,1.0,1.0,1.0,kalm_gemma3_12b-dj_adpt,9,webtable-cl_optim-v=12-distilroberta-dj_adpt~qwen3_8b-dj_adpt
stockport_contracts_b.pq,1.0,0.07692307692307693,1.0,0.07692307692307693,1.0,1.0,0.07692307692307693,1.0,0.38461538461538464,1.0,0.38461538461538464,1.0,1.0,0.38461538461538464,1.0,0.7692307692307693,1.0,0.7692307692307693,1.0,1.0,0.7692307692307693,0.8666666666666667,1.0,0.8666666666666667,1.0,1.0,1.0,1.0,0.65,1.0,0.65,1.0,1.0,1.0,1.0,0.52,1.0,0.52,1.0,1.0,1.0,1.0,0.43333333333333335,1.0,0.43333333333333335,1.0,1.0,1.0,1.0,0.37142857142857144,1.0,0.37142857142857144,1.0,1.0,1.0,1.0,0.325,1.0,0.325,1.0,1.0,1.0,1.0,0.28888888888888886,1.0,0.28888888888888886,1.0,1.0,1.0,1.0,0.26,1.0,0.26,1.0,1.0,1.0,1.0,kalm_gemma3_12b-dj_adpt,9,webtable-cl_optim-v=12-distilroberta-dj_adpt~qwen3_8b-dj_adpt
workforce_management_information_b.pq,1.0,0.05555555555555555,1.0,0.05555555555555555,1.0,1.0,0.05555555555555555,1.0,0.2777777777777778,1.0,0.2777777777777778,1.0,1.0,0.2777777777777778,1.0,0.5555555555555556,1.0,0.5555555555555556,1.0,1.0,0.5555555555555556,1.0,0.8333333333333334,1.0,0.8333333333333334,1.0,1.0,0.8333333333333334,0.9,1.0,0.9,1.0,1.0,1.0,1.0,0.72,1.0,0.72,1.0,1.0,1.0,1.0,0.6,1.0,0.6,1.0,1.0,1.0,1.0,0.5142857142857142,1.0,0.5142857142857142,1.0,1.0,1.0,1.0,0.45,1.0,0.45,1.0,1.0,1.0,1.0,0.4,1.0,0.4,1.0,1.0,1.0,1.0,0.36,1.0,0.36,1.0,1.0,1.0,1.0,kalm_gemma3_12b-dj_adpt,9,webtable-cl_optim-v=12-distilroberta-dj_adpt~qwen3_8b-dj_adpt
complaint_by_practice_a.pq,1.0,0.07692307692307693,1.0,0.07692307692307693,1.0,1.0,0.07692307692307693,1.0,0.38461538461538464,1.0,0.38461538461538464,1.0,1.0,0.38461538461538464,1.0,0.7692307692307693,1.0,0.7692307692307693,1.0,1.0,0.7692307692307693,0.8666666666666667,1.0,0.8666666666666667,1.0,1.0,1.0,1.0,0.65,1.0,0.65,1.0,1.0,1.0,1.0,0.52,1.0,0.52,1.0,1.0,1.0,1.0,0.43333333333333335,1.0,0.43333333333333335,1.0,1.0,1.0,1.0,0.37142857142857144,1.0,0.37142857142857144,1.0,1.0,1.0,1.0,0.325,1.0,0.325,1.0,1.0,1.0,1.0,0.28888888888888886,1.0,0.28888888888888886,1.0,1.0,1.0,1.0,0.26,1.0,0.26,1.0,1.0,1.0,1.0,kalm_gemma3_12b-dj_adpt,9,webtable-cl_optim-v=12-distilroberta-dj_adpt~qwen3_8b-dj_adpt
data_mill_b.pq,1.0,0.07142857142857142,1.0,0.07142857142857142,1.0,1.0,0.07142857142857142,1.0,0.35714285714285715,1.0,0.35714285714285715,1.0,1.0,0.35714285714285715,1.0,0.7142857142857143,1.0,0.7142857142857143,1.0,1.0,0.7142857142857143,0.9333333333333333,1.0,0.9333333333333333,1.0,1.0,1.0,1.0,0.7,1.0,0.7,1.0,1.0,1.0,1.0,0.56,1.0,0.56,1.0,1.0,1.0,1.0,0.4666666666666667,1.0,0.4666666666666667,1.0,1.0,1.0,1.0,0.4,1.0,0.4,1.0,1.0,1.0,1.0,0.35,1.0,0.35,1.0,1.0,1.0,1.0,0.3111111111111111,1.0,0.3111111111111111,1.0,1.0,1.0,1.0,0.28,1.0,0.28,1.0,1.0,1.0,1.0,kalm_gemma3_12b-dj_adpt,9,webtable-cl_optim-v=12-distilroberta-dj_adpt~qwen3_8b-dj_adpt
tuition_assistance_program_tap_recipients_a.pq,1.0,0.09090909090909091,1.0,0.09090909090909091,1.0,1.0,0.09090909090909091,1.0,0.45454545454545453,1.0,0.45454545454545453,1.0,1.0,0.45454545454545453,1.0,0.9090909090909091,1.0,0.9090909090909091,1.0,1.0,0.9090909090909091,0.7333333333333333,1.0,0.7333333333333333,1.0,1.0,1.0,1.0,0.55,1.0,0.55,1.0,1.0,1.0,1.0,0.44,1.0,0.44,1.0,1.0,1.0,1.0,0.36666666666666664,1.0,0.36666666666666664,1.0,1.0,1.0,1.0,0.3142857142857143,1.0,0.3142857142857143,1.0,1.0,1.0,1.0,0.275,1.0,0.275,1.0,1.0,1.0,1.0,0.24444444444444444,1.0,0.24444444444444444,1.0,1.0,1.0,1.0,0.22,1.0,0.22,1.0,1.0,1.0,1.0,kalm_gemma3_12b-dj_adpt,9,webtable-cl_optim-v=12-distilroberta-dj_adpt~qwen3_8b-dj_adpt
stockport_contracts_a.pq,1.0,0.07692307692307693,1.0,0.07692307692307693,1.0,1.0,0.07692307692307693,1.0,0.38461538461538464,1.0,0.38461538461538464,1.0,1.0,0.38461538461538464,1.0,0.7692307692307693,1.0,0.7692307692307693,1.0,1.0,0.7692307692307693,0.8666666666666667,1.0,0.8666666666666667,1.0,1.0,1.0,1.0,0.65,1.0,0.65,1.0,1.0,1.0,1.0,0.52,1.0,0.52,1.0,1.0,1.0,1.0,0.43333333333333335,1.0,0.43333333333333335,1.0,1.0,1.0,1.0,0.37142857142857144,1.0,0.37142857142857144,1.0,1.0,1.0,1.0,0.325,1.0,0.325,1.0,1.0,1.0,1.0,0.28888888888888886,1.0,0.28888888888888886,1.0,1.0,1.0,1.0,0.26,1.0,0.26,1.0,1.0,1.0,1.0,kalm_gemma3_12b-dj_adpt,9,webtable-cl_optim-v=12-distilroberta-dj_adpt~qwen3_8b-dj_adpt
ydn_spending_data_b.pq,1.0,0.08333333333333333,1.0,0.08333333333333333,1.0,1.0,0.08333333333333333,1.0,0.4166666666666667,1.0,0.4166666666666667,1.0,1.0,0.4166666666666667,1.0,0.8333333333333334,1.0,0.8333333333333334,1.0,1.0,0.8333333333333334,0.8,1.0,0.8,1.0,1.0,1.0,1.0,0.6,1.0,0.6,1.0,1.0,1.0,1.0,0.48,1.0,0.48,1.0,1.0,1.0,1.0,0.4,1.0,0.4,1.0,1.0,1.0,1.0,0.34285714285714286,1.0,0.34285714285714286,1.0,1.0,1.0,1.0,0.3,1.0,0.3,1.0,1.0,1.0,1.0,0.26666666666666666,1.0,0.26666666666666666,1.0,1.0,1.0,1.0,0.24,1.0,0.24,1.0,1.0,1.0,1.0,kalm_gemma3_12b-dj_adpt,9,webtable-cl_optim-v=12-distilroberta-dj_adpt~qwen3_8b-dj_adpt
cdc_nutrition_physical_activity_and_obesity_legislation_a.pq,1.0,0.09090909090909091,1.0,0.09090909090909091,1.0,1.0,0.09090909090909091,1.0,0.45454545454545453,1.0,0.45454545454545453,1.0,1.0,0.45454545454545453,1.0,0.9090909090909091,1.0,0.9090909090909091,1.0,1.0,0.9090909090909091,0.7333333333333333,1.0,0.7333333333333333,1.0,1.0,1.0,1.0,0.55,1.0,0.55,1.0,1.0,1.0,1.0,0.44,1.0,0.44,1.0,1.0,1.0,1.0,0.36666666666666664,1.0,0.36666666666666664,1.0,1.0,1.0,1.0,0.3142857142857143,1.0,0.3142857142857143,1.0,1.0,1.0,1.0,0.275,1.0,0.275,1.0,1.0,1.0,1.0,0.24444444444444444,1.0,0.24444444444444444,1.0,1.0,1.0,1.0,0.22,1.0,0.22,1.0,1.0,1.0,1.0,kalm_gemma3_12b-dj_adpt,9,webtable-cl_optim-v=12-distilroberta-dj_adpt~qwen3_8b-dj_adpt
lane_description_b.pq,1.0,0.0625,1.0,0.0625,1.0,1.0,0.0625,1.0,0.3125,1.0,0.3125,1.0,1.0,0.3125,1.0,0.625,1.0,0.625,1.0,1.0,0.625,1.0,0.9375,1.0,0.9375,1.0,1.0,0.9375,0.8,1.0,0.8,1.0,1.0,1.0,1.0,0.64,1.0,0.64,1.0,1.0,1.0,1.0,0.5333333333333333,1.0,0.5333333333333333,1.0,1.0,1.0,1.0,0.45714285714285713,1.0,0.45714285714285713,1.0,1.0,1.0,1.0,0.4,1.0,0.4,1.0,1.0,1.0,1.0,0.35555555555555557,1.0,0.35555555555555557,1.0,1.0,1.0,1.0,0.32,1.0,0.32,1.0,1.0,1.0,1.0,kalm_gemma3_12b-dj_adpt,9,webtable-cl_optim-v=12-distilroberta-dj_adpt~qwen3_8b-dj_adpt
senior_officials_expenses_a.pq,1.0,0.09090909090909091,1.0,0.09090909090909091,1.0,1.0,0.09090909090909091,1.0,0.45454545454545453,1.0,0.45454545454545453,1.0,1.0,0.45454545454545453,1.0,0.9090909090909091,1.0,0.9090909090909091,1.0,1.0,0.9090909090909091,0.6666666666666666,0.9090909090909091,0.7333333333333333,1.0,1.0,1.0,0.9090909090909091,0.5,0.9090909090909091,0.55,1.0,1.0,1.0,0.9090909090909091,0.4,0.9090909090909091,0.44,1.0,1.0,1.0,0.9090909090909091,0.3333333333333333,0.9090909090909091,0.36666666666666664,1.0,1.0,1.0,0.9090909090909091,0.2857142857142857,0.9090909090909091,0.3142857142857143,1.0,1.0,1.0,0.9090909090909091,0.25,0.9090909090909091,0.275,1.0,1.0,1.0,0.9090909090909091,0.2222222222222222,0.9090909090909091,0.24444444444444444,1.0,1.0,1.0,0.9090909090909091,0.22,1.0,0.22,1.0,1.0,1.0,0.9290909090909092,kalm_gemma3_12b-dj_adpt,9,webtable-cl_optim-v=12-distilroberta-dj_adpt~qwen3_8b-dj_adpt
practice_reference_b.pq,1.0,0.06666666666666667,1.0,0.06666666666666667,1.0,1.0,0.06666666666666667,1.0,0.3333333333333333,1.0,0.3333333333333333,1.0,1.0,0.3333333333333333,1.0,0.6666666666666666,1.0,0.6666666666666666,1.0,1.0,0.6666666666666666,1.0,1.0,1.0,1.0,1.0,1.0,1.0,0.75,1.0,0.75,1.0,1.0,1.0,1.0,0.6,1.0,0.6,1.0,1.0,1.0,1.0,0.5,1.0,0.5,1.0,1.0,1.0,1.0,0.42857142857142855,1.0,0.42857142857142855,1.0,1.0,1.0,1.0,0.375,1.0,0.375,1.0,1.0,1.0,1.0,0.3333333333333333,1.0,0.3333333333333333,1.0,1.0,1.0,1.0,0.3,1.0,0.3,1.0,1.0,1.0,1.0,kalm_gemma3_12b-dj_adpt,9,webtable-cl_optim-v=12-distilroberta-dj_adpt~qwen3_8b-dj_adpt
time_spent_watching_vcr_movies_a.pq,1.0,0.09090909090909091,1.0,0.09090909090909091,1.0,1.0,0.09090909090909091,1.0,0.45454545454545453,1.0,0.45454545454545453,1.0,1.0,0.45454545454545453,1.0,0.9090909090909091,1.0,0.9090909090909091,1.0,1.0,0.9090909090909091,0.7333333333333333,1.0,0.7333333333333333,1.0,1.0,1.0,1.0,0.55,1.0,0.55,1.0,1.0,1.0,1.0,0.44,1.0,0.44,1.0,1.0,1.0,1.0,0.36666666666666664,1.0,0.36666666666666664,1.0,1.0,1.0,1.0,0.3142857142857143,1.0,0.3142857142857143,1.0,1.0,1.0,1.0,0.275,1.0,0.275,1.0,1.0,1.0,1.0,0.24444444444444444,1.0,0.24444444444444444,1.0,1.0,1.0,1.0,0.22,1.0,0.22,1.0,1.0,1.0,1.0,kalm_gemma3_12b-dj_adpt,9,webtable-cl_optim-v=12-distilroberta-dj_adpt~qwen3_8b-dj_adpt
workforce_management_information_a.pq,1.0,0.05555555555555555,1.0,0.05555555555555555,1.0,1.0,0.05555555555555555,1.0,0.2777777777777778,1.0,0.2777777777777778,1.0,1.0,0.2777777777777778,1.0,0.5555555555555556,1.0,0.5555555555555556,1.0,1.0,0.5555555555555556,1.0,0.8333333333333334,1.0,0.8333333333333334,1.0,1.0,0.8333333333333334,0.9,1.0,0.9,1.0,1.0,1.0,1.0,0.72,1.0,0.72,1.0,1.0,1.0,1.0,0.6,1.0,0.6,1.0,1.0,1.0,1.0,0.5142857142857142,1.0,0.5142857142857142,1.0,1.0,1.0,1.0,0.45,1.0,0.45,1.0,1.0,1.0,1.0,0.4,1.0,0.4,1.0,1.0,1.0,1.0,0.36,1.0,0.36,1.0,1.0,1.0,1.0,kalm_gemma3_12b-dj_adpt,9,webtable-cl_optim-v=12-distilroberta-dj_adpt~qwen3_8b-dj_adpt
prescribing_b.pq,1.0,0.06666666666666667,1.0,0.06666666666666667,1.0,1.0,0.06666666666666667,1.0,0.3333333333333333,1.0,0.3333333333333333,1.0,1.0,0.3333333333333333,1.0,0.6666666666666666,1.0,0.6666666666666666,1.0,1.0,0.6666666666666666,1.0,1.0,1.0,1.0,1.0,1.0,1.0,0.75,1.0,0.75,1.0,1.0,1.0,1.0,0.6,1.0,0.6,1.0,1.0,1.0,1.0,0.5,1.0,0.5,1.0,1.0,1.0,1.0,0.42857142857142855,1.0,0.42857142857142855,1.0,1.0,1.0,1.0,0.375,1.0,0.375,1.0,1.0,1.0,1.0,0.3333333333333333,1.0,0.3333333333333333,1.0,1.0,1.0,1.0,0.3,1.0,0.3,1.0,1.0,1.0,1.0,kalm_gemma3_12b-dj_adpt,9,webtable-cl_optim-v=12-distilroberta-dj_adpt~qwen3_8b-dj_adpt
minister_meetings_a.pq,1.0,0.1,1.0,0.1,1.0,1.0,0.1,1.0,0.5,1.0,0.5,1.0,1.0,0.5,0.9,0.9,1.0,1.0,1.0,1.0,0.8521031746031745,0.6666666666666666,1.0,0.6666666666666666,1.0,1.0,1.0,0.9290262515262515,0.5,1.0,0.5,1.0,1.0,1.0,0.9290262515262515,0.4,1.0,0.4,1.0,1.0,1.0,0.9290262515262515,0.3333333333333333,1.0,0.3333333333333333,1.0,1.0,1.0,0.9290262515262515,0.2857142857142857,1.0,0.2857142857142857,1.0,1.0,1.0,0.9290262515262515,0.25,1.0,0.25,1.0,1.0,1.0,0.9290262515262515,0.2222222222222222,1.0,0.2222222222222222,1.0,1.0,1.0,0.9290262515262515,0.2,1.0,0.2,1.0,1.0,1.0,0.9290262515262515,kalm_gemma3_12b-dj_adpt,9,webtable-cl_optim-v=12-distilroberta-dj_adpt~qwen3_8b-dj_adpt
new_york_city_restaurant_inspection_results_a.pq,1.0,0.03225806451612903,1.0,0.03225806451612903,1.0,1.0,0.03225806451612903,1.0,0.16129032258064516,1.0,0.16129032258064516,1.0,1.0,0.16129032258064516,1.0,0.3225806451612903,1.0,0.3225806451612903,1.0,1.0,0.3225806451612903,1.0,0.4838709677419355,1.0,0.4838709677419355,1.0,1.0,0.4838709677419355,1.0,0.6451612903225806,1.0,0.6451612903225806,1.0,1.0,0.6451612903225806,1.0,0.8064516129032258,1.0,0.8064516129032258,1.0,1.0,0.8064516129032258,1.0,0.967741935483871,1.0,0.967741935483871,1.0,1.0,0.967741935483871,0.8857142857142857,1.0,0.8857142857142857,1.0,1.0,1.0,1.0,0.775,1.0,0.775,1.0,1.0,1.0,1.0,0.6888888888888889,1.0,0.6888888888888889,1.0,1.0,1.0,1.0,0.62,1.0,0.62,1.0,1.0,1.0,1.0,kalm_gemma3_12b-dj_adpt,9,webtable-cl_optim-v=12-distilroberta-dj_adpt~qwen3_8b-dj_adpt
ipopayments_b.pq,1.0,0.06666666666666667,1.0,0.06666666666666667,1.0,1.0,0.06666666666666667,1.0,0.3333333333333333,1.0,0.3333333333333333,1.0,1.0,0.3333333333333333,1.0,0.6666666666666666,1.0,0.6666666666666666,1.0,1.0,0.6666666666666666,1.0,1.0,1.0,1.0,1.0,1.0,1.0,0.75,1.0,0.75,1.0,1.0,1.0,1.0,0.6,1.0,0.6,1.0,1.0,1.0,1.0,0.5,1.0,0.5,1.0,1.0,1.0,1.0,0.42857142857142855,1.0,0.42857142857142855,1.0,1.0,1.0,1.0,0.375,1.0,0.375,1.0,1.0,1.0,1.0,0.3333333333333333,1.0,0.3333333333333333,1.0,1.0,1.0,1.0,0.3,1.0,0.3,1.0,1.0,1.0,1.0,kalm_gemma3_12b-dj_adpt,9,webtable-cl_optim-v=12-distilroberta-dj_adpt~qwen3_8b-dj_adpt
wholesale_markets_a.pq,1.0,0.09090909090909091,1.0,0.09090909090909091,1.0,1.0,0.09090909090909091,1.0,0.45454545454545453,1.0,0.45454545454545453,1.0,1.0,0.45454545454545453,1.0,0.9090909090909091,1.0,0.9090909090909091,1.0,1.0,0.9090909090909091,0.7333333333333333,1.0,0.7333333333333333,1.0,1.0,1.0,1.0,0.55,1.0,0.55,1.0,1.0,1.0,1.0,0.44,1.0,0.44,1.0,1.0,1.0,1.0,0.36666666666666664,1.0,0.36666666666666664,1.0,1.0,1.0,1.0,0.3142857142857143,1.0,0.3142857142857143,1.0,1.0,1.0,1.0,0.275,1.0,0.275,1.0,1.0,1.0,1.0,0.24444444444444444,1.0,0.24444444444444444,1.0,1.0,1.0,1.0,0.22,1.0,0.22,1.0,1.0,1.0,1.0,kalm_gemma3_12b-dj_adpt,9,webtable-cl_optim-v=12-distilroberta-dj_adpt~qwen3_8b-dj_adpt
albums_b.pq,1.0,0.0625,1.0,0.0625,1.0,1.0,0.0625,1.0,0.3125,1.0,0.3125,1.0,1.0,0.3125,1.0,0.625,1.0,0.625,1.0,1.0,0.625,1.0,0.9375,1.0,0.9375,1.0,1.0,0.9375,0.8,1.0,0.8,1.0,1.0,1.0,1.0,0.64,1.0,0.64,1.0,1.0,1.0,1.0,0.5333333333333333,1.0,0.5333333333333333,1.0,1.0,1.0,1.0,0.45714285714285713,1.0,0.45714285714285713,1.0,1.0,1.0,1.0,0.4,1.0,0.4,1.0,1.0,1.0,1.0,0.35555555555555557,1.0,0.35555555555555557,1.0,1.0,1.0,1.0,0.32,1.0,0.32,1.0,1.0,1.0,1.0,kalm_gemma3_12b-dj_adpt,9,webtable-cl_optim-v=12-distilroberta-dj_adpt~qwen3_8b-dj_adpt
ydn_spending_data_a.pq,1.0,0.08333333333333333,1.0,0.08333333333333333,1.0,1.0,0.08333333333333333,1.0,0.4166666666666667,1.0,0.4166666666666667,1.0,1.0,0.4166666666666667,1.0,0.8333333333333334,1.0,0.8333333333333334,1.0,1.0,0.8333333333333334,0.8,1.0,0.8,1.0,1.0,1.0,1.0,0.6,1.0,0.6,1.0,1.0,1.0,1.0,0.48,1.0,0.48,1.0,1.0,1.0,1.0,0.4,1.0,0.4,1.0,1.0,1.0,1.0,0.34285714285714286,1.0,0.34285714285714286,1.0,1.0,1.0,1.0,0.3,1.0,0.3,1.0,1.0,1.0,1.0,0.26666666666666666,1.0,0.26666666666666666,1.0,1.0,1.0,1.0,0.24,1.0,0.24,1.0,1.0,1.0,1.0,kalm_gemma3_12b-dj_adpt,9,webtable-cl_optim-v=12-distilroberta-dj_adpt~qwen3_8b-dj_adpt
mines_a.pq,1.0,0.07142857142857142,1.0,0.07142857142857142,1.0,1.0,0.07142857142857142,1.0,0.35714285714285715,1.0,0.35714285714285715,1.0,1.0,0.35714285714285715,1.0,0.7142857142857143,1.0,0.7142857142857143,1.0,1.0,0.7142857142857143,0.8666666666666667,0.9285714285714286,0.9333333333333333,1.0,1.0,1.0,0.9190476190476191,0.7,1.0,0.7,1.0,1.0,1.0,0.9815476190476191,0.56,1.0,0.56,1.0,1.0,1.0,0.9815476190476191,0.4666666666666667,1.0,0.4666666666666667,1.0,1.0,1.0,0.9815476190476191,0.4,1.0,0.4,1.0,1.0,1.0,0.9815476190476191,0.35,1.0,0.35,1.0,1.0,1.0,0.9815476190476191,0.3111111111111111,1.0,0.3111111111111111,1.0,1.0,1.0,0.9815476190476191,0.28,1.0,0.28,1.0,1.0,1.0,0.9815476190476191,kalm_gemma3_12b-dj_adpt,9,webtable-cl_optim-v=12-distilroberta-dj_adpt~qwen3_8b-dj_adpt
cihr_co-applicant_b.pq,1.0,0.08333333333333333,1.0,0.08333333333333333,1.0,1.0,0.08333333333333333,1.0,0.4166666666666667,1.0,0.4166666666666667,1.0,1.0,0.4166666666666667,1.0,0.8333333333333334,1.0,0.8333333333333334,1.0,1.0,0.8333333333333334,0.8,1.0,0.8,1.0,1.0,1.0,1.0,0.6,1.0,0.6,1.0,1.0,1.0,1.0,0.48,1.0,0.48,1.0,1.0,1.0,1.0,0.4,1.0,0.4,1.0,1.0,1.0,1.0,0.34285714285714286,1.0,0.34285714285714286,1.0,1.0,1.0,1.0,0.3,1.0,0.3,1.0,1.0,1.0,1.0,0.26666666666666666,1.0,0.26666666666666666,1.0,1.0,1.0,1.0,0.24,1.0,0.24,1.0,1.0,1.0,1.0,kalm_gemma3_12b-dj_adpt,9,webtable-cl_optim-v=12-distilroberta-dj_adpt~qwen3_8b-dj_adpt
contributors_parties_a.pq,1.0,0.047619047619047616,1.0,0.047619047619047616,1.0,1.0,0.047619047619047616,1.0,0.23809523809523808,1.0,0.23809523809523808,1.0,1.0,0.23809523809523808,1.0,0.47619047619047616,1.0,0.47619047619047616,1.0,1.0,0.47619047619047616,1.0,0.7142857142857143,1.0,0.7142857142857143,1.0,1.0,0.7142857142857143,1.0,0.9523809523809523,1.0,0.9523809523809523,1.0,1.0,0.9523809523809523,0.84,1.0,0.84,1.0,1.0,1.0,1.0,0.7,1.0,0.7,1.0,1.0,1.0,1.0,0.6,1.0,0.6,1.0,1.0,1.0,1.0,0.525,1.0,0.525,1.0,1.0,1.0,1.0,0.4666666666666667,1.0,0.4666666666666667,1.0,1.0,1.0,1.0,0.42,1.0,0.42,1.0,1.0,1.0,1.0,kalm_gemma3_12b-dj_adpt,9,webtable-cl_optim-v=12-distilroberta-dj_adpt~qwen3_8b-dj_adpt
biodiversity_a.pq,1.0,0.09090909090909091,1.0,0.09090909090909091,1.0,1.0,0.09090909090909091,1.0,0.45454545454545453,1.0,0.45454545454545453,1.0,1.0,0.45454545454545453,0.8,0.7272727272727273,1.0,0.9090909090909091,1.0,1.0,0.7272727272727273,0.5333333333333333,0.7272727272727273,0.7333333333333333,1.0,1.0,1.0,0.7272727272727273,0.45,0.8181818181818182,0.55,1.0,1.0,1.0,0.770334928229665,0.4,0.9090909090909091,0.44,1.0,1.0,1.0,0.8066985645933014,0.3333333333333333,0.9090909090909091,0.36666666666666664,1.0,1.0,1.0,0.8066985645933014,0.2857142857142857,0.9090909090909091,0.3142857142857143,1.0,1.0,1.0,0.8066985645933014,0.25,0.9090909090909091,0.275,1.0,1.0,1.0,0.8066985645933014,0.2222222222222222,0.9090909090909091,0.24444444444444444,1.0,1.0,1.0,0.8066985645933014,0.2,0.9090909090909091,0.22,1.0,1.0,1.0,0.8066985645933014,kalm_gemma3_12b-dj_adpt,9,webtable-cl_optim-v=12-distilroberta-dj_adpt~qwen3_8b-dj_adpt
immigration_records_a.pq,1.0,0.0625,1.0,0.0625,1.0,1.0,0.0625,1.0,0.3125,1.0,0.3125,1.0,1.0,0.3125,1.0,0.625,1.0,0.625,1.0,1.0,0.625,1.0,0.9375,1.0,0.9375,1.0,1.0,0.9375,0.8,1.0,0.8,1.0,1.0,1.0,1.0,0.64,1.0,0.64,1.0,1.0,1.0,1.0,0.5333333333333333,1.0,0.5333333333333333,1.0,1.0,1.0,1.0,0.45714285714285713,1.0,0.45714285714285713,1.0,1.0,1.0,1.0,0.4,1.0,0.4,1.0,1.0,1.0,1.0,0.35555555555555557,1.0,0.35555555555555557,1.0,1.0,1.0,1.0,0.32,1.0,0.32,1.0,1.0,1.0,1.0,kalm_gemma3_12b-dj_adpt,9,webtable-cl_optim-v=12-distilroberta-dj_adpt~qwen3_8b-dj_adpt
job_pay_scales_a.pq,1.0,0.06666666666666667,1.0,0.06666666666666667,1.0,1.0,0.06666666666666667,1.0,0.3333333333333333,1.0,0.3333333333333333,1.0,1.0,0.3333333333333333,1.0,0.6666666666666666,1.0,0.6666666666666666,1.0,1.0,0.6666666666666666,1.0,1.0,1.0,1.0,1.0,1.0,1.0,0.75,1.0,0.75,1.0,1.0,1.0,1.0,0.6,1.0,0.6,1.0,1.0,1.0,1.0,0.5,1.0,0.5,1.0,1.0,1.0,1.0,0.42857142857142855,1.0,0.42857142857142855,1.0,1.0,1.0,1.0,0.375,1.0,0.375,1.0,1.0,1.0,1.0,0.3333333333333333,1.0,0.3333333333333333,1.0,1.0,1.0,1.0,0.3,1.0,0.3,1.0,1.0,1.0,1.0,kalm_gemma3_12b-dj_adpt,9,webtable-cl_optim-v=12-distilroberta-dj_adpt~qwen3_8b-dj_adpt
civic_building_locations_a.pq,1.0,0.08333333333333333,1.0,0.08333333333333333,1.0,1.0,0.08333333333333333,1.0,0.4166666666666667,1.0,0.4166666666666667,1.0,1.0,0.4166666666666667,1.0,0.8333333333333334,1.0,0.8333333333333334,1.0,1.0,0.8333333333333334,0.8,1.0,0.8,1.0,1.0,1.0,1.0,0.6,1.0,0.6,1.0,1.0,1.0,1.0,0.48,1.0,0.48,1.0,1.0,1.0,1.0,0.4,1.0,0.4,1.0,1.0,1.0,1.0,0.34285714285714286,1.0,0.34285714285714286,1.0,1.0,1.0,1.0,0.3,1.0,0.3,1.0,1.0,1.0,1.0,0.26666666666666666,1.0,0.26666666666666666,1.0,1.0,1.0,1.0,0.24,1.0,0.24,1.0,1.0,1.0,1.0,kalm_gemma3_12b-dj_adpt,9,webtable-cl_optim-v=12-distilroberta-dj_adpt~qwen3_8b-dj_adpt
complaint_by_practice_b.pq,1.0,0.07692307692307693,1.0,0.07692307692307693,1.0,1.0,0.07692307692307693,1.0,0.38461538461538464,1.0,0.38461538461538464,1.0,1.0,0.38461538461538464,1.0,0.7692307692307693,1.0,0.7692307692307693,1.0,1.0,0.7692307692307693,0.8666666666666667,1.0,0.8666666666666667,1.0,1.0,1.0,1.0,0.65,1.0,0.65,1.0,1.0,1.0,1.0,0.52,1.0,0.52,1.0,1.0,1.0,1.0,0.43333333333333335,1.0,0.43333333333333335,1.0,1.0,1.0,1.0,0.37142857142857144,1.0,0.37142857142857144,1.0,1.0,1.0,1.0,0.325,1.0,0.325,1.0,1.0,1.0,1.0,0.28888888888888886,1.0,0.28888888888888886,1.0,1.0,1.0,1.0,0.26,1.0,0.26,1.0,1.0,1.0,1.0,kalm_gemma3_12b-dj_adpt,9,webtable-cl_optim-v=12-distilroberta-dj_adpt~qwen3_8b-dj_adpt
abandoned_wells_a.pq,1.0,0.09090909090909091,1.0,0.09090909090909091,1.0,1.0,0.09090909090909091,1.0,0.45454545454545453,1.0,0.45454545454545453,1.0,1.0,0.45454545454545453,1.0,0.9090909090909091,1.0,0.9090909090909091,1.0,1.0,0.9090909090909091,0.7333333333333333,1.0,0.7333333333333333,1.0,1.0,1.0,1.0,0.55,1.0,0.55,1.0,1.0,1.0,1.0,0.44,1.0,0.44,1.0,1.0,1.0,1.0,0.36666666666666664,1.0,0.36666666666666664,1.0,1.0,1.0,1.0,0.3142857142857143,1.0,0.3142857142857143,1.0,1.0,1.0,1.0,0.275,1.0,0.275,1.0,1.0,1.0,1.0,0.24444444444444444,1.0,0.24444444444444444,1.0,1.0,1.0,1.0,0.22,1.0,0.22,1.0,1.0,1.0,1.0,kalm_gemma3_12b-dj_adpt,9,webtable-cl_optim-v=12-distilroberta-dj_adpt~qwen3_8b-dj_adpt
business_rates_a.pq,1.0,0.08333333333333333,1.0,0.08333333333333333,1.0,1.0,0.08333333333333333,1.0,0.4166666666666667,1.0,0.4166666666666667,1.0,1.0,0.4166666666666667,1.0,0.8333333333333334,1.0,0.8333333333333334,1.0,1.0,0.8333333333333334,0.8,1.0,0.8,1.0,1.0,1.0,1.0,0.6,1.0,0.6,1.0,1.0,1.0,1.0,0.48,1.0,0.48,1.0,1.0,1.0,1.0,0.4,1.0,0.4,1.0,1.0,1.0,1.0,0.34285714285714286,1.0,0.34285714285714286,1.0,1.0,1.0,1.0,0.3,1.0,0.3,1.0,1.0,1.0,1.0,0.26666666666666666,1.0,0.26666666666666666,1.0,1.0,1.0,1.0,0.24,1.0,0.24,1.0,1.0,1.0,1.0,kalm_gemma3_12b-dj_adpt,9,webtable-cl_optim-v=12-distilroberta-dj_adpt~qwen3_8b-dj_adpt
monthly_data_feed_b.pq,1.0,0.07692307692307693,1.0,0.07692307692307693,1.0,1.0,0.07692307692307693,1.0,0.38461538461538464,1.0,0.38461538461538464,1.0,1.0,0.38461538461538464,1.0,0.7692307692307693,1.0,0.7692307692307693,1.0,1.0,0.7692307692307693,0.8666666666666667,1.0,0.8666666666666667,1.0,1.0,1.0,1.0,0.65,1.0,0.65,1.0,1.0,1.0,1.0,0.52,1.0,0.52,1.0,1.0,1.0,1.0,0.43333333333333335,1.0,0.43333333333333335,1.0,1.0,1.0,1.0,0.37142857142857144,1.0,0.37142857142857144,1.0,1.0,1.0,1.0,0.325,1.0,0.325,1.0,1.0,1.0,1.0,0.28888888888888886,1.0,0.28888888888888886,1.0,1.0,1.0,1.0,0.26,1.0,0.26,1.0,1.0,1.0,1.0,kalm_gemma3_12b-dj_adpt,9,webtable-cl_optim-v=12-distilroberta-dj_adpt~qwen3_8b-dj_adpt
animal_tag_data_a.pq,1.0,0.08333333333333333,1.0,0.08333333333333333,1.0,1.0,0.08333333333333333,1.0,0.4166666666666667,1.0,0.4166666666666667,1.0,1.0,0.4166666666666667,1.0,0.8333333333333334,1.0,0.8333333333333334,1.0,1.0,0.8333333333333334,0.8,1.0,0.8,1.0,1.0,1.0,1.0,0.6,1.0,0.6,1.0,1.0,1.0,1.0,0.48,1.0,0.48,1.0,1.0,1.0,1.0,0.4,1.0,0.4,1.0,1.0,1.0,1.0,0.34285714285714286,1.0,0.34285714285714286,1.0,1.0,1.0,1.0,0.3,1.0,0.3,1.0,1.0,1.0,1.0,0.26666666666666666,1.0,0.26666666666666666,1.0,1.0,1.0,1.0,0.24,1.0,0.24,1.0,1.0,1.0,1.0,kalm_gemma3_12b-dj_adpt,9,webtable-cl_optim-v=12-distilroberta-dj_adpt~qwen3_8b-dj_adpt
practice_reference_a.pq,1.0,0.06666666666666667,1.0,0.06666666666666667,1.0,1.0,0.06666666666666667,1.0,0.3333333333333333,1.0,0.3333333333333333,1.0,1.0,0.3333333333333333,1.0,0.6666666666666666,1.0,0.6666666666666666,1.0,1.0,0.6666666666666666,1.0,1.0,1.0,1.0,1.0,1.0,1.0,0.75,1.0,0.75,1.0,1.0,1.0,1.0,0.6,1.0,0.6,1.0,1.0,1.0,1.0,0.5,1.0,0.5,1.0,1.0,1.0,1.0,0.42857142857142855,1.0,0.42857142857142855,1.0,1.0,1.0,1.0,0.375,1.0,0.375,1.0,1.0,1.0,1.0,0.3333333333333333,1.0,0.3333333333333333,1.0,1.0,1.0,1.0,0.3,1.0,0.3,1.0,1.0,1.0,1.0,kalm_gemma3_12b-dj_adpt,9,webtable-cl_optim-v=12-distilroberta-dj_adpt~qwen3_8b-dj_adpt
deaths_2012_2018_a.pq,1.0,0.09090909090909091,1.0,0.09090909090909091,1.0,1.0,0.09090909090909091,1.0,0.45454545454545453,1.0,0.45454545454545453,1.0,1.0,0.45454545454545453,1.0,0.9090909090909091,1.0,0.9090909090909091,1.0,1.0,0.9090909090909091,0.7333333333333333,1.0,0.7333333333333333,1.0,1.0,1.0,1.0,0.55,1.0,0.55,1.0,1.0,1.0,1.0,0.44,1.0,0.44,1.0,1.0,1.0,1.0,0.36666666666666664,1.0,0.36666666666666664,1.0,1.0,1.0,1.0,0.3142857142857143,1.0,0.3142857142857143,1.0,1.0,1.0,1.0,0.275,1.0,0.275,1.0,1.0,1.0,1.0,0.24444444444444444,1.0,0.24444444444444444,1.0,1.0,1.0,1.0,0.22,1.0,0.22,1.0,1.0,1.0,1.0,kalm_gemma3_12b-dj_adpt,9,webtable-cl_optim-v=12-distilroberta-dj_adpt~qwen3_8b-dj_adpt
report_card_discipline_for_2015_16_a.pq,1.0,0.09090909090909091,1.0,0.09090909090909091,1.0,1.0,0.09090909090909091,1.0,0.45454545454545453,1.0,0.45454545454545453,1.0,1.0,0.45454545454545453,1.0,0.9090909090909091,1.0,0.9090909090909091,1.0,1.0,0.9090909090909091,0.7333333333333333,1.0,0.7333333333333333,1.0,1.0,1.0,1.0,0.55,1.0,0.55,1.0,1.0,1.0,1.0,0.44,1.0,0.44,1.0,1.0,1.0,1.0,0.36666666666666664,1.0,0.36666666666666664,1.0,1.0,1.0,1.0,0.3142857142857143,1.0,0.3142857142857143,1.0,1.0,1.0,1.0,0.275,1.0,0.275,1.0,1.0,1.0,1.0,0.24444444444444444,1.0,0.24444444444444444,1.0,1.0,1.0,1.0,0.22,1.0,0.22,1.0,1.0,1.0,1.0,kalm_gemma3_12b-dj_adpt,9,webtable-cl_optim-v=12-distilroberta-dj_adpt~qwen3_8b-dj_adpt
contributors_parties_b.pq,1.0,0.047619047619047616,1.0,0.047619047619047616,1.0,1.0,0.047619047619047616,1.0,0.23809523809523808,1.0,0.23809523809523808,1.0,1.0,0.23809523809523808,1.0,0.47619047619047616,1.0,0.47619047619047616,1.0,1.0,0.47619047619047616,1.0,0.7142857142857143,1.0,0.7142857142857143,1.0,1.0,0.7142857142857143,0.85,0.8095238095238095,1.0,0.9523809523809523,1.0,1.0,0.8095238095238095,0.68,0.8095238095238095,0.84,1.0,1.0,1.0,0.8095238095238095,0.5666666666666667,0.8095238095238095,0.7,1.0,1.0,1.0,0.8095238095238095,0.4857142857142857,0.8095238095238095,0.6,1.0,1.0,1.0,0.8095238095238095,0.425,0.8095238095238095,0.525,1.0,1.0,1.0,0.8095238095238095,0.37777777777777777,0.8095238095238095,0.4666666666666667,1.0,1.0,1.0,0.8095238095238095,0.34,0.8095238095238095,0.42,1.0,1.0,1.0,0.8095238095238095,kalm_gemma3_12b-dj_adpt,9,webtable-cl_optim-v=12-distilroberta-dj_adpt~qwen3_8b-dj_adpt
animal_tag_data_b.pq,1.0,0.08333333333333333,1.0,0.08333333333333333,1.0,1.0,0.08333333333333333,1.0,0.4166666666666667,1.0,0.4166666666666667,1.0,1.0,0.4166666666666667,1.0,0.8333333333333334,1.0,0.8333333333333334,1.0,1.0,0.8333333333333334,0.8,1.0,0.8,1.0,1.0,1.0,1.0,0.6,1.0,0.6,1.0,1.0,1.0,1.0,0.48,1.0,0.48,1.0,1.0,1.0,1.0,0.4,1.0,0.4,1.0,1.0,1.0,1.0,0.34285714285714286,1.0,0.34285714285714286,1.0,1.0,1.0,1.0,0.3,1.0,0.3,1.0,1.0,1.0,1.0,0.26666666666666666,1.0,0.26666666666666666,1.0,1.0,1.0,1.0,0.24,1.0,0.24,1.0,1.0,1.0,1.0,kalm_gemma3_12b-dj_adpt,9,webtable-cl_optim-v=12-distilroberta-dj_adpt~qwen3_8b-dj_adpt
311_calls_historic_data_a.pq,1.0,0.09090909090909091,1.0,0.09090909090909091,1.0,1.0,0.09090909090909091,1.0,0.45454545454545453,1.0,0.45454545454545453,1.0,1.0,0.45454545454545453,1.0,0.9090909090909091,1.0,0.9090909090909091,1.0,1.0,0.9090909090909091,0.7333333333333333,1.0,0.7333333333333333,1.0,1.0,1.0,1.0,0.55,1.0,0.55,1.0,1.0,1.0,1.0,0.44,1.0,0.44,1.0,1.0,1.0,1.0,0.36666666666666664,1.0,0.36666666666666664,1.0,1.0,1.0,1.0,0.3142857142857143,1.0,0.3142857142857143,1.0,1.0,1.0,1.0,0.275,1.0,0.275,1.0,1.0,1.0,1.0,0.24444444444444444,1.0,0.24444444444444444,1.0,1.0,1.0,1.0,0.22,1.0,0.22,1.0,1.0,1.0,1.0,kalm_gemma3_12b-dj_adpt,9,webtable-cl_optim-v=12-distilroberta-dj_adpt~qwen3_8b-dj_adpt
albums_a.pq,1.0,0.0625,1.0,0.0625,1.0,1.0,0.0625,1.0,0.3125,1.0,0.3125,1.0,1.0,0.3125,1.0,0.625,1.0,0.625,1.0,1.0,0.625,1.0,0.9375,1.0,0.9375,1.0,1.0,0.9375,0.8,1.0,0.8,1.0,1.0,1.0,1.0,0.64,1.0,0.64,1.0,1.0,1.0,1.0,0.5333333333333333,1.0,0.5333333333333333,1.0,1.0,1.0,1.0,0.45714285714285713,1.0,0.45714285714285713,1.0,1.0,1.0,1.0,0.4,1.0,0.4,1.0,1.0,1.0,1.0,0.35555555555555557,1.0,0.35555555555555557,1.0,1.0,1.0,1.0,0.32,1.0,0.32,1.0,1.0,1.0,1.0,kalm_gemma3_12b-dj_adpt,9,webtable-cl_optim-v=12-distilroberta-dj_adpt~qwen3_8b-dj_adpt
cihr_co-applicant_a.pq,1.0,0.08333333333333333,1.0,0.08333333333333333,1.0,1.0,0.08333333333333333,1.0,0.4166666666666667,1.0,0.4166666666666667,1.0,1.0,0.4166666666666667,1.0,0.8333333333333334,1.0,0.8333333333333334,1.0,1.0,0.8333333333333334,0.8,1.0,0.8,1.0,1.0,1.0,1.0,0.6,1.0,0.6,1.0,1.0,1.0,1.0,0.48,1.0,0.48,1.0,1.0,1.0,1.0,0.4,1.0,0.4,1.0,1.0,1.0,1.0,0.34285714285714286,1.0,0.34285714285714286,1.0,1.0,1.0,1.0,0.3,1.0,0.3,1.0,1.0,1.0,1.0,0.26666666666666666,1.0,0.26666666666666666,1.0,1.0,1.0,1.0,0.24,1.0,0.24,1.0,1.0,1.0,1.0,kalm_gemma3_12b-dj_adpt,9,webtable-cl_optim-v=12-distilroberta-dj_adpt~qwen3_8b-dj_adpt
data_mill_a.pq,1.0,0.07142857142857142,1.0,0.07142857142857142,1.0,1.0,0.07142857142857142,1.0,0.35714285714285715,1.0,0.35714285714285715,1.0,1.0,0.35714285714285715,1.0,0.7142857142857143,1.0,0.7142857142857143,1.0,1.0,0.7142857142857143,0.9333333333333333,1.0,0.9333333333333333,1.0,1.0,1.0,1.0,0.7,1.0,0.7,1.0,1.0,1.0,1.0,0.56,1.0,0.56,1.0,1.0,1.0,1.0,0.4666666666666667,1.0,0.4666666666666667,1.0,1.0,1.0,1.0,0.4,1.0,0.4,1.0,1.0,1.0,1.0,0.35,1.0,0.35,1.0,1.0,1.0,1.0,0.3111111111111111,1.0,0.3111111111111111,1.0,1.0,1.0,1.0,0.28,1.0,0.28,1.0,1.0,1.0,1.0,kalm_gemma3_12b-dj_adpt,9,webtable-cl_optim-v=12-distilroberta-dj_adpt~qwen3_8b-dj_adpt
mines_b.pq,1.0,0.07142857142857142,1.0,0.07142857142857142,1.0,1.0,0.07142857142857142,1.0,0.35714285714285715,1.0,0.35714285714285715,1.0,1.0,0.35714285714285715,1.0,0.7142857142857143,1.0,0.7142857142857143,1.0,1.0,0.7142857142857143,0.9333333333333333,1.0,0.9333333333333333,1.0,1.0,1.0,0.9786891679748823,0.7,1.0,0.7,1.0,1.0,1.0,0.9786891679748823,0.56,1.0,0.56,1.0,1.0,1.0,0.9786891679748823,0.4666666666666667,1.0,0.4666666666666667,1.0,1.0,1.0,0.9786891679748823,0.4,1.0,0.4,1.0,1.0,1.0,0.9786891679748823,0.35,1.0,0.35,1.0,1.0,1.0,0.9786891679748823,0.3111111111111111,1.0,0.3111111111111111,1.0,1.0,1.0,0.9786891679748823,0.28,1.0,0.28,1.0,1.0,1.0,0.9786891679748823,kalm_gemma3_12b-dj_adpt,9,webtable-cl_optim-v=12-distilroberta-dj_adpt~qwen3_8b-dj_adpt
prescribing_a.pq,1.0,0.06666666666666667,1.0,0.06666666666666667,1.0,1.0,0.06666666666666667,1.0,0.3333333333333333,1.0,0.3333333333333333,1.0,1.0,0.3333333333333333,1.0,0.6666666666666666,1.0,0.6666666666666666,1.0,1.0,0.6666666666666666,1.0,1.0,1.0,1.0,1.0,1.0,1.0,0.75,1.0,0.75,1.0,1.0,1.0,1.0,0.6,1.0,0.6,1.0,1.0,1.0,1.0,0.5,1.0,0.5,1.0,1.0,1.0,1.0,0.42857142857142855,1.0,0.42857142857142855,1.0,1.0,1.0,1.0,0.375,1.0,0.375,1.0,1.0,1.0,1.0,0.3333333333333333,1.0,0.3333333333333333,1.0,1.0,1.0,1.0,0.3,1.0,0.3,1.0,1.0,1.0,1.0,kalm_gemma3_12b-dj_adpt,9,webtable-cl_optim-v=12-distilroberta-dj_adpt~qwen3_8b-dj_adpt
psyckes_antipsychotic_polypharmacy_quality_indicators_beginning_2012_a.pq,1.0,0.09090909090909091,1.0,0.09090909090909091,1.0,1.0,0.09090909090909091,1.0,0.45454545454545453,1.0,0.45454545454545453,1.0,1.0,0.45454545454545453,1.0,0.9090909090909091,1.0,0.9090909090909091,1.0,1.0,0.9090909090909091,0.7333333333333333,1.0,0.7333333333333333,1.0,1.0,1.0,1.0,0.55,1.0,0.55,1.0,1.0,1.0,1.0,0.44,1.0,0.44,1.0,1.0,1.0,1.0,0.36666666666666664,1.0,0.36666666666666664,1.0,1.0,1.0,1.0,0.3142857142857143,1.0,0.3142857142857143,1.0,1.0,1.0,1.0,0.275,1.0,0.275,1.0,1.0,1.0,1.0,0.24444444444444444,1.0,0.24444444444444444,1.0,1.0,1.0,1.0,0.22,1.0,0.22,1.0,1.0,1.0,1.0,kalm_gemma3_12b-dj_adpt,9,webtable-cl_optim-v=12-distilroberta-dj_adpt~qwen3_8b-dj_adpt
purchasing_card_a.pq,1.0,0.07692307692307693,1.0,0.07692307692307693,1.0,1.0,0.07692307692307693,1.0,0.38461538461538464,1.0,0.38461538461538464,1.0,1.0,0.38461538461538464,1.0,0.7692307692307693,1.0,0.7692307692307693,1.0,1.0,0.7692307692307693,0.8666666666666667,1.0,0.8666666666666667,1.0,1.0,1.0,1.0,0.65,1.0,0.65,1.0,1.0,1.0,1.0,0.52,1.0,0.52,1.0,1.0,1.0,1.0,0.43333333333333335,1.0,0.43333333333333335,1.0,1.0,1.0,1.0,0.37142857142857144,1.0,0.37142857142857144,1.0,1.0,1.0,1.0,0.325,1.0,0.325,1.0,1.0,1.0,1.0,0.28888888888888886,1.0,0.28888888888888886,1.0,1.0,1.0,1.0,0.26,1.0,0.26,1.0,1.0,1.0,1.0,kalm_gemma3_12b-dj_adpt,9,webtable-cl_optim-v=12-distilroberta-dj_adpt~qwen3_8b-dj_adpt
monthly_data_feed_a.pq,1.0,0.07692307692307693,1.0,0.07692307692307693,1.0,1.0,0.07692307692307693,1.0,0.38461538461538464,1.0,0.38461538461538464,1.0,1.0,0.38461538461538464,1.0,0.7692307692307693,1.0,0.7692307692307693,1.0,1.0,0.7692307692307693,0.8666666666666667,1.0,0.8666666666666667,1.0,1.0,1.0,1.0,0.65,1.0,0.65,1.0,1.0,1.0,1.0,0.52,1.0,0.52,1.0,1.0,1.0,1.0,0.43333333333333335,1.0,0.43333333333333335,1.0,1.0,1.0,1.0,0.37142857142857144,1.0,0.37142857142857144,1.0,1.0,1.0,1.0,0.325,1.0,0.325,1.0,1.0,1.0,1.0,0.28888888888888886,1.0,0.28888888888888886,1.0,1.0,1.0,1.0,0.26,1.0,0.26,1.0,1.0,1.0,1.0,kalm_gemma3_12b-dj_adpt,9,webtable-cl_optim-v=12-distilroberta-dj_adpt~qwen3_8b-dj_adpt
film_locations_in_san_francisco_a.pq,1.0,0.07692307692307693,1.0,0.07692307692307693,1.0,1.0,0.07692307692307693,1.0,0.38461538461538464,1.0,0.38461538461538464,1.0,1.0,0.38461538461538464,1.0,0.7692307692307693,1.0,0.7692307692307693,1.0,1.0,0.7692307692307693,0.8666666666666667,1.0,0.8666666666666667,1.0,1.0,1.0,1.0,0.65,1.0,0.65,1.0,1.0,1.0,1.0,0.52,1.0,0.52,1.0,1.0,1.0,1.0,0.43333333333333335,1.0,0.43333333333333335,1.0,1.0,1.0,1.0,0.37142857142857144,1.0,0.37142857142857144,1.0,1.0,1.0,1.0,0.325,1.0,0.325,1.0,1.0,1.0,1.0,0.28888888888888886,1.0,0.28888888888888886,1.0,1.0,1.0,1.0,0.26,1.0,0.26,1.0,1.0,1.0,1.0,kalm_gemma3_12b-dj_adpt,9,webtable-cl_optim-v=12-distilroberta-dj_adpt~qwen3_8b-dj_adpt
new_york_city_restaurant_inspection_results_a.pq,1.0,0.03225806451612903,1.0,0.03225806451612903,1.0,1.0,0.03225806451612903,1.0,0.16129032258064516,1.0,0.16129032258064516,1.0,1.0,0.16129032258064516,1.0,0.3225806451612903,1.0,0.3225806451612903,1.0,1.0,0.3225806451612903,1.0,0.4838709677419355,1.0,0.4838709677419355,1.0,1.0,0.4838709677419355,1.0,0.6451612903225806,1.0,0.6451612903225806,1.0,1.0,0.6451612903225806,0.88,0.7096774193548387,1.0,0.8064516129032258,1.0,1.0,0.7096774193548387,0.7333333333333333,0.7096774193548387,1.0,0.967741935483871,1.0,1.0,0.7096774193548387,0.6285714285714286,0.7096774193548387,0.8857142857142857,1.0,1.0,1.0,0.7096774193548387,0.55,0.7096774193548387,0.775,1.0,1.0,1.0,0.7096774193548387,0.4888888888888889,0.7096774193548387,0.6888888888888889,1.0,1.0,1.0,0.7096774193548387,0.44,0.7096774193548387,0.62,1.0,1.0,1.0,0.7096774193548387,llama_nemotron_8b-dj_adpt,10,webtable-cl_optim-v=12-distilroberta-dj_adpt~qwen3_8b-dj_adpt
purchasing_card_a.pq,1.0,0.07692307692307693,1.0,0.07692307692307693,1.0,1.0,0.07692307692307693,1.0,0.38461538461538464,1.0,0.38461538461538464,1.0,1.0,0.38461538461538464,1.0,0.7692307692307693,1.0,0.7692307692307693,1.0,1.0,0.7692307692307693,0.8666666666666667,1.0,0.8666666666666667,1.0,1.0,1.0,1.0,0.65,1.0,0.65,1.0,1.0,1.0,1.0,0.52,1.0,0.52,1.0,1.0,1.0,1.0,0.43333333333333335,1.0,0.43333333333333335,1.0,1.0,1.0,1.0,0.37142857142857144,1.0,0.37142857142857144,1.0,1.0,1.0,1.0,0.325,1.0,0.325,1.0,1.0,1.0,1.0,0.28888888888888886,1.0,0.28888888888888886,1.0,1.0,1.0,1.0,0.26,1.0,0.26,1.0,1.0,1.0,1.0,llama_nemotron_8b-dj_adpt,10,webtable-cl_optim-v=12-distilroberta-dj_adpt~qwen3_8b-dj_adpt
stockport_contracts_b.pq,1.0,0.07692307692307693,1.0,0.07692307692307693,1.0,1.0,0.07692307692307693,1.0,0.38461538461538464,1.0,0.38461538461538464,1.0,1.0,0.38461538461538464,1.0,0.7692307692307693,1.0,0.7692307692307693,1.0,1.0,0.7692307692307693,0.8666666666666667,1.0,0.8666666666666667,1.0,1.0,1.0,1.0,0.65,1.0,0.65,1.0,1.0,1.0,1.0,0.52,1.0,0.52,1.0,1.0,1.0,1.0,0.43333333333333335,1.0,0.43333333333333335,1.0,1.0,1.0,1.0,0.37142857142857144,1.0,0.37142857142857144,1.0,1.0,1.0,1.0,0.325,1.0,0.325,1.0,1.0,1.0,1.0,0.28888888888888886,1.0,0.28888888888888886,1.0,1.0,1.0,1.0,0.26,1.0,0.26,1.0,1.0,1.0,1.0,llama_nemotron_8b-dj_adpt,10,webtable-cl_optim-v=12-distilroberta-dj_adpt~qwen3_8b-dj_adpt
workforce_management_information_b.pq,1.0,0.05555555555555555,1.0,0.05555555555555555,1.0,1.0,0.05555555555555555,1.0,0.2777777777777778,1.0,0.2777777777777778,1.0,1.0,0.2777777777777778,1.0,0.5555555555555556,1.0,0.5555555555555556,1.0,1.0,0.5555555555555556,1.0,0.8333333333333334,1.0,0.8333333333333334,1.0,1.0,0.8333333333333334,0.9,1.0,0.9,1.0,1.0,1.0,1.0,0.72,1.0,0.72,1.0,1.0,1.0,1.0,0.6,1.0,0.6,1.0,1.0,1.0,1.0,0.5142857142857142,1.0,0.5142857142857142,1.0,1.0,1.0,1.0,0.45,1.0,0.45,1.0,1.0,1.0,1.0,0.4,1.0,0.4,1.0,1.0,1.0,1.0,0.36,1.0,0.36,1.0,1.0,1.0,1.0,llama_nemotron_8b-dj_adpt,10,webtable-cl_optim-v=12-distilroberta-dj_adpt~qwen3_8b-dj_adpt
data_mill_a.pq,1.0,0.07142857142857142,1.0,0.07142857142857142,1.0,1.0,0.07142857142857142,1.0,0.35714285714285715,1.0,0.35714285714285715,1.0,1.0,0.35714285714285715,1.0,0.7142857142857143,1.0,0.7142857142857143,1.0,1.0,0.7142857142857143,0.9333333333333333,1.0,0.9333333333333333,1.0,1.0,1.0,1.0,0.7,1.0,0.7,1.0,1.0,1.0,1.0,0.56,1.0,0.56,1.0,1.0,1.0,1.0,0.4666666666666667,1.0,0.4666666666666667,1.0,1.0,1.0,1.0,0.4,1.0,0.4,1.0,1.0,1.0,1.0,0.35,1.0,0.35,1.0,1.0,1.0,1.0,0.3111111111111111,1.0,0.3111111111111111,1.0,1.0,1.0,1.0,0.28,1.0,0.28,1.0,1.0,1.0,1.0,llama_nemotron_8b-dj_adpt,10,webtable-cl_optim-v=12-distilroberta-dj_adpt~qwen3_8b-dj_adpt
ydn_spending_data_a.pq,1.0,0.08333333333333333,1.0,0.08333333333333333,1.0,1.0,0.08333333333333333,1.0,0.4166666666666667,1.0,0.4166666666666667,1.0,1.0,0.4166666666666667,1.0,0.8333333333333334,1.0,0.8333333333333334,1.0,1.0,0.8333333333333334,0.8,1.0,0.8,1.0,1.0,1.0,1.0,0.6,1.0,0.6,1.0,1.0,1.0,1.0,0.48,1.0,0.48,1.0,1.0,1.0,1.0,0.4,1.0,0.4,1.0,1.0,1.0,1.0,0.34285714285714286,1.0,0.34285714285714286,1.0,1.0,1.0,1.0,0.3,1.0,0.3,1.0,1.0,1.0,1.0,0.26666666666666666,1.0,0.26666666666666666,1.0,1.0,1.0,1.0,0.24,1.0,0.24,1.0,1.0,1.0,1.0,llama_nemotron_8b-dj_adpt,10,webtable-cl_optim-v=12-distilroberta-dj_adpt~qwen3_8b-dj_adpt
practice_reference_b.pq,1.0,0.06666666666666667,1.0,0.06666666666666667,1.0,1.0,0.06666666666666667,1.0,0.3333333333333333,1.0,0.3333333333333333,1.0,1.0,0.3333333333333333,1.0,0.6666666666666666,1.0,0.6666666666666666,1.0,1.0,0.6666666666666666,1.0,1.0,1.0,1.0,1.0,1.0,1.0,0.75,1.0,0.75,1.0,1.0,1.0,1.0,0.6,1.0,0.6,1.0,1.0,1.0,1.0,0.5,1.0,0.5,1.0,1.0,1.0,1.0,0.42857142857142855,1.0,0.42857142857142855,1.0,1.0,1.0,1.0,0.375,1.0,0.375,1.0,1.0,1.0,1.0,0.3333333333333333,1.0,0.3333333333333333,1.0,1.0,1.0,1.0,0.3,1.0,0.3,1.0,1.0,1.0,1.0,llama_nemotron_8b-dj_adpt,10,webtable-cl_optim-v=12-distilroberta-dj_adpt~qwen3_8b-dj_adpt
complaint_by_practice_a.pq,1.0,0.07692307692307693,1.0,0.07692307692307693,1.0,1.0,0.07692307692307693,1.0,0.38461538461538464,1.0,0.38461538461538464,1.0,1.0,0.38461538461538464,1.0,0.7692307692307693,1.0,0.7692307692307693,1.0,1.0,0.7692307692307693,0.8666666666666667,1.0,0.8666666666666667,1.0,1.0,1.0,1.0,0.65,1.0,0.65,1.0,1.0,1.0,1.0,0.52,1.0,0.52,1.0,1.0,1.0,1.0,0.43333333333333335,1.0,0.43333333333333335,1.0,1.0,1.0,1.0,0.37142857142857144,1.0,0.37142857142857144,1.0,1.0,1.0,1.0,0.325,1.0,0.325,1.0,1.0,1.0,1.0,0.28888888888888886,1.0,0.28888888888888886,1.0,1.0,1.0,1.0,0.26,1.0,0.26,1.0,1.0,1.0,1.0,llama_nemotron_8b-dj_adpt,10,webtable-cl_optim-v=12-distilroberta-dj_adpt~qwen3_8b-dj_adpt
immigration_records_a.pq,1.0,0.0625,1.0,0.0625,1.0,1.0,0.0625,1.0,0.3125,1.0,0.3125,1.0,1.0,0.3125,1.0,0.625,1.0,0.625,1.0,1.0,0.625,0.8666666666666667,0.8125,1.0,0.9375,1.0,1.0,0.7993589743589744,0.8,1.0,0.8,1.0,1.0,1.0,0.9647490887380593,0.64,1.0,0.64,1.0,1.0,1.0,0.9647490887380593,0.5333333333333333,1.0,0.5333333333333333,1.0,1.0,1.0,0.9647490887380593,0.45714285714285713,1.0,0.45714285714285713,1.0,1.0,1.0,0.9647490887380593,0.4,1.0,0.4,1.0,1.0,1.0,0.9647490887380593,0.35555555555555557,1.0,0.35555555555555557,1.0,1.0,1.0,0.9647490887380593,0.32,1.0,0.32,1.0,1.0,1.0,0.9647490887380593,llama_nemotron_8b-dj_adpt,10,webtable-cl_optim-v=12-distilroberta-dj_adpt~qwen3_8b-dj_adpt
ipopayments_a.pq,1.0,0.06666666666666667,1.0,0.06666666666666667,1.0,1.0,0.06666666666666667,1.0,0.3333333333333333,1.0,0.3333333333333333,1.0,1.0,0.3333333333333333,1.0,0.6666666666666666,1.0,0.6666666666666666,1.0,1.0,0.6666666666666666,1.0,1.0,1.0,1.0,1.0,1.0,1.0,0.75,1.0,0.75,1.0,1.0,1.0,1.0,0.6,1.0,0.6,1.0,1.0,1.0,1.0,0.5,1.0,0.5,1.0,1.0,1.0,1.0,0.42857142857142855,1.0,0.42857142857142855,1.0,1.0,1.0,1.0,0.375,1.0,0.375,1.0,1.0,1.0,1.0,0.3333333333333333,1.0,0.3333333333333333,1.0,1.0,1.0,1.0,0.3,1.0,0.3,1.0,1.0,1.0,1.0,llama_nemotron_8b-dj_adpt,10,webtable-cl_optim-v=12-distilroberta-dj_adpt~qwen3_8b-dj_adpt
cihr_co-applicant_a.pq,1.0,0.08333333333333333,1.0,0.08333333333333333,1.0,1.0,0.08333333333333333,1.0,0.4166666666666667,1.0,0.4166666666666667,1.0,1.0,0.4166666666666667,1.0,0.8333333333333334,1.0,0.8333333333333334,1.0,1.0,0.8333333333333334,0.8,1.0,0.8,1.0,1.0,1.0,1.0,0.6,1.0,0.6,1.0,1.0,1.0,1.0,0.48,1.0,0.48,1.0,1.0,1.0,1.0,0.4,1.0,0.4,1.0,1.0,1.0,1.0,0.34285714285714286,1.0,0.34285714285714286,1.0,1.0,1.0,1.0,0.3,1.0,0.3,1.0,1.0,1.0,1.0,0.26666666666666666,1.0,0.26666666666666666,1.0,1.0,1.0,1.0,0.24,1.0,0.24,1.0,1.0,1.0,1.0,llama_nemotron_8b-dj_adpt,10,webtable-cl_optim-v=12-distilroberta-dj_adpt~qwen3_8b-dj_adpt
data_mill_b.pq,1.0,0.07142857142857142,1.0,0.07142857142857142,1.0,1.0,0.07142857142857142,1.0,0.35714285714285715,1.0,0.35714285714285715,1.0,1.0,0.35714285714285715,1.0,0.7142857142857143,1.0,0.7142857142857143,1.0,1.0,0.7142857142857143,0.9333333333333333,1.0,0.9333333333333333,1.0,1.0,1.0,1.0,0.7,1.0,0.7,1.0,1.0,1.0,1.0,0.56,1.0,0.56,1.0,1.0,1.0,1.0,0.4666666666666667,1.0,0.4666666666666667,1.0,1.0,1.0,1.0,0.4,1.0,0.4,1.0,1.0,1.0,1.0,0.35,1.0,0.35,1.0,1.0,1.0,1.0,0.3111111111111111,1.0,0.3111111111111111,1.0,1.0,1.0,1.0,0.28,1.0,0.28,1.0,1.0,1.0,1.0,llama_nemotron_8b-dj_adpt,10,webtable-cl_optim-v=12-distilroberta-dj_adpt~qwen3_8b-dj_adpt
ipopayments_b.pq,1.0,0.06666666666666667,1.0,0.06666666666666667,1.0,1.0,0.06666666666666667,1.0,0.3333333333333333,1.0,0.3333333333333333,1.0,1.0,0.3333333333333333,1.0,0.6666666666666666,1.0,0.6666666666666666,1.0,1.0,0.6666666666666666,1.0,1.0,1.0,1.0,1.0,1.0,1.0,0.75,1.0,0.75,1.0,1.0,1.0,1.0,0.6,1.0,0.6,1.0,1.0,1.0,1.0,0.5,1.0,0.5,1.0,1.0,1.0,1.0,0.42857142857142855,1.0,0.42857142857142855,1.0,1.0,1.0,1.0,0.375,1.0,0.375,1.0,1.0,1.0,1.0,0.3333333333333333,1.0,0.3333333333333333,1.0,1.0,1.0,1.0,0.3,1.0,0.3,1.0,1.0,1.0,1.0,llama_nemotron_8b-dj_adpt,10,webtable-cl_optim-v=12-distilroberta-dj_adpt~qwen3_8b-dj_adpt
oil_and_gas_summary_production_data_1967_1999_a.pq,1.0,0.09090909090909091,1.0,0.09090909090909091,1.0,1.0,0.09090909090909091,1.0,0.45454545454545453,1.0,0.45454545454545453,1.0,1.0,0.45454545454545453,1.0,0.9090909090909091,1.0,0.9090909090909091,1.0,1.0,0.9090909090909091,0.7333333333333333,1.0,0.7333333333333333,1.0,1.0,1.0,1.0,0.55,1.0,0.55,1.0,1.0,1.0,1.0,0.44,1.0,0.44,1.0,1.0,1.0,1.0,0.36666666666666664,1.0,0.36666666666666664,1.0,1.0,1.0,1.0,0.3142857142857143,1.0,0.3142857142857143,1.0,1.0,1.0,1.0,0.275,1.0,0.275,1.0,1.0,1.0,1.0,0.24444444444444444,1.0,0.24444444444444444,1.0,1.0,1.0,1.0,0.22,1.0,0.22,1.0,1.0,1.0,1.0,llama_nemotron_8b-dj_adpt,10,webtable-cl_optim-v=12-distilroberta-dj_adpt~qwen3_8b-dj_adpt
albums_a.pq,1.0,0.0625,1.0,0.0625,1.0,1.0,0.0625,1.0,0.3125,1.0,0.3125,1.0,1.0,0.3125,1.0,0.625,1.0,0.625,1.0,1.0,0.625,1.0,0.9375,1.0,0.9375,1.0,1.0,0.9375,0.8,1.0,0.8,1.0,1.0,1.0,1.0,0.64,1.0,0.64,1.0,1.0,1.0,1.0,0.5333333333333333,1.0,0.5333333333333333,1.0,1.0,1.0,1.0,0.45714285714285713,1.0,0.45714285714285713,1.0,1.0,1.0,1.0,0.4,1.0,0.4,1.0,1.0,1.0,1.0,0.35555555555555557,1.0,0.35555555555555557,1.0,1.0,1.0,1.0,0.32,1.0,0.32,1.0,1.0,1.0,1.0,llama_nemotron_8b-dj_adpt,10,webtable-cl_optim-v=12-distilroberta-dj_adpt~qwen3_8b-dj_adpt
contributors_parties_b.pq,1.0,0.047619047619047616,1.0,0.047619047619047616,1.0,1.0,0.047619047619047616,1.0,0.23809523809523808,1.0,0.23809523809523808,1.0,1.0,0.23809523809523808,1.0,0.47619047619047616,1.0,0.47619047619047616,1.0,1.0,0.47619047619047616,1.0,0.7142857142857143,1.0,0.7142857142857143,1.0,1.0,0.7142857142857143,0.85,0.8095238095238095,1.0,0.9523809523809523,1.0,1.0,0.8095238095238095,0.68,0.8095238095238095,0.84,1.0,1.0,1.0,0.8095238095238095,0.5666666666666667,0.8095238095238095,0.7,1.0,1.0,1.0,0.8095238095238095,0.5714285714285714,0.9523809523809523,0.6,1.0,1.0,1.0,0.88931936410928,0.525,1.0,0.525,1.0,1.0,1.0,0.9170971418870579,0.4666666666666667,1.0,0.4666666666666667,1.0,1.0,1.0,0.9170971418870579,0.42,1.0,0.42,1.0,1.0,1.0,0.9170971418870579,llama_nemotron_8b-dj_adpt,10,webtable-cl_optim-v=12-distilroberta-dj_adpt~qwen3_8b-dj_adpt
cdc_nutrition_physical_activity_and_obesity_legislation_a.pq,1.0,0.09090909090909091,1.0,0.09090909090909091,1.0,1.0,0.09090909090909091,1.0,0.45454545454545453,1.0,0.45454545454545453,1.0,1.0,0.45454545454545453,1.0,0.9090909090909091,1.0,0.9090909090909091,1.0,1.0,0.9090909090909091,0.7333333333333333,1.0,0.7333333333333333,1.0,1.0,1.0,1.0,0.55,1.0,0.55,1.0,1.0,1.0,1.0,0.44,1.0,0.44,1.0,1.0,1.0,1.0,0.36666666666666664,1.0,0.36666666666666664,1.0,1.0,1.0,1.0,0.3142857142857143,1.0,0.3142857142857143,1.0,1.0,1.0,1.0,0.275,1.0,0.275,1.0,1.0,1.0,1.0,0.24444444444444444,1.0,0.24444444444444444,1.0,1.0,1.0,1.0,0.22,1.0,0.22,1.0,1.0,1.0,1.0,llama_nemotron_8b-dj_adpt,10,webtable-cl_optim-v=12-distilroberta-dj_adpt~qwen3_8b-dj_adpt
prescribing_a.pq,1.0,0.06666666666666667,1.0,0.06666666666666667,1.0,1.0,0.06666666666666667,1.0,0.3333333333333333,1.0,0.3333333333333333,1.0,1.0,0.3333333333333333,1.0,0.6666666666666666,1.0,0.6666666666666666,1.0,1.0,0.6666666666666666,1.0,1.0,1.0,1.0,1.0,1.0,1.0,0.75,1.0,0.75,1.0,1.0,1.0,1.0,0.6,1.0,0.6,1.0,1.0,1.0,1.0,0.5,1.0,0.5,1.0,1.0,1.0,1.0,0.42857142857142855,1.0,0.42857142857142855,1.0,1.0,1.0,1.0,0.375,1.0,0.375,1.0,1.0,1.0,1.0,0.3333333333333333,1.0,0.3333333333333333,1.0,1.0,1.0,1.0,0.3,1.0,0.3,1.0,1.0,1.0,1.0,llama_nemotron_8b-dj_adpt,10,webtable-cl_optim-v=12-distilroberta-dj_adpt~qwen3_8b-dj_adpt
prescribing_b.pq,1.0,0.06666666666666667,1.0,0.06666666666666667,1.0,1.0,0.06666666666666667,1.0,0.3333333333333333,1.0,0.3333333333333333,1.0,1.0,0.3333333333333333,1.0,0.6666666666666666,1.0,0.6666666666666666,1.0,1.0,0.6666666666666666,1.0,1.0,1.0,1.0,1.0,1.0,1.0,0.75,1.0,0.75,1.0,1.0,1.0,1.0,0.6,1.0,0.6,1.0,1.0,1.0,1.0,0.5,1.0,0.5,1.0,1.0,1.0,1.0,0.42857142857142855,1.0,0.42857142857142855,1.0,1.0,1.0,1.0,0.375,1.0,0.375,1.0,1.0,1.0,1.0,0.3333333333333333,1.0,0.3333333333333333,1.0,1.0,1.0,1.0,0.3,1.0,0.3,1.0,1.0,1.0,1.0,llama_nemotron_8b-dj_adpt,10,webtable-cl_optim-v=12-distilroberta-dj_adpt~qwen3_8b-dj_adpt
report_card_discipline_for_2015_16_a.pq,1.0,0.09090909090909091,1.0,0.09090909090909091,1.0,1.0,0.09090909090909091,1.0,0.45454545454545453,1.0,0.45454545454545453,1.0,1.0,0.45454545454545453,1.0,0.9090909090909091,1.0,0.9090909090909091,1.0,1.0,0.9090909090909091,0.7333333333333333,1.0,0.7333333333333333,1.0,1.0,1.0,1.0,0.55,1.0,0.55,1.0,1.0,1.0,1.0,0.44,1.0,0.44,1.0,1.0,1.0,1.0,0.36666666666666664,1.0,0.36666666666666664,1.0,1.0,1.0,1.0,0.3142857142857143,1.0,0.3142857142857143,1.0,1.0,1.0,1.0,0.275,1.0,0.275,1.0,1.0,1.0,1.0,0.24444444444444444,1.0,0.24444444444444444,1.0,1.0,1.0,1.0,0.22,1.0,0.22,1.0,1.0,1.0,1.0,llama_nemotron_8b-dj_adpt,10,webtable-cl_optim-v=12-distilroberta-dj_adpt~qwen3_8b-dj_adpt
311_calls_historic_data_a.pq,1.0,0.09090909090909091,1.0,0.09090909090909091,1.0,1.0,0.09090909090909091,1.0,0.45454545454545453,1.0,0.45454545454545453,1.0,1.0,0.45454545454545453,1.0,0.9090909090909091,1.0,0.9090909090909091,1.0,1.0,0.9090909090909091,0.7333333333333333,1.0,0.7333333333333333,1.0,1.0,1.0,1.0,0.55,1.0,0.55,1.0,1.0,1.0,1.0,0.44,1.0,0.44,1.0,1.0,1.0,1.0,0.36666666666666664,1.0,0.36666666666666664,1.0,1.0,1.0,1.0,0.3142857142857143,1.0,0.3142857142857143,1.0,1.0,1.0,1.0,0.275,1.0,0.275,1.0,1.0,1.0,1.0,0.24444444444444444,1.0,0.24444444444444444,1.0,1.0,1.0,1.0,0.22,1.0,0.22,1.0,1.0,1.0,1.0,llama_nemotron_8b-dj_adpt,10,webtable-cl_optim-v=12-distilroberta-dj_adpt~qwen3_8b-dj_adpt
minister_meetings_a.pq,1.0,0.1,1.0,0.1,1.0,1.0,0.1,0.8,0.4,1.0,0.5,1.0,1.0,0.4,0.6,0.6,1.0,1.0,1.0,1.0,0.5583333333333333,0.4,0.6,0.6666666666666666,1.0,1.0,1.0,0.5583333333333333,0.3,0.6,0.5,1.0,1.0,1.0,0.5583333333333333,0.24,0.6,0.4,1.0,1.0,1.0,0.5583333333333333,0.2,0.6,0.3333333333333333,1.0,1.0,1.0,0.5583333333333333,0.17142857142857143,0.6,0.2857142857142857,1.0,1.0,1.0,0.5583333333333333,0.15,0.6,0.25,1.0,1.0,1.0,0.5583333333333333,0.13333333333333333,0.6,0.2222222222222222,1.0,1.0,1.0,0.5583333333333333,0.12,0.6,0.2,1.0,1.0,1.0,0.5583333333333333,llama_nemotron_8b-dj_adpt,10,webtable-cl_optim-v=12-distilroberta-dj_adpt~qwen3_8b-dj_adpt
senior_officials_expenses_a.pq,1.0,0.09090909090909091,1.0,0.09090909090909091,1.0,1.0,0.09090909090909091,1.0,0.45454545454545453,1.0,0.45454545454545453,1.0,1.0,0.45454545454545453,0.9,0.8181818181818182,1.0,0.9090909090909091,1.0,1.0,0.8181818181818182,0.6666666666666666,0.9090909090909091,0.7333333333333333,1.0,1.0,1.0,0.9008264462809916,0.5,0.9090909090909091,0.55,1.0,1.0,1.0,0.9008264462809916,0.4,0.9090909090909091,0.44,1.0,1.0,1.0,0.9008264462809916,0.3333333333333333,0.9090909090909091,0.36666666666666664,1.0,1.0,1.0,0.9008264462809916,0.2857142857142857,0.9090909090909091,0.3142857142857143,1.0,1.0,1.0,0.9008264462809916,0.25,0.9090909090909091,0.275,1.0,1.0,1.0,0.9008264462809916,0.2222222222222222,0.9090909090909091,0.24444444444444444,1.0,1.0,1.0,0.9008264462809916,0.2,0.9090909090909091,0.22,1.0,1.0,1.0,0.9008264462809916,llama_nemotron_8b-dj_adpt,10,webtable-cl_optim-v=12-distilroberta-dj_adpt~qwen3_8b-dj_adpt
stockport_contracts_a.pq,1.0,0.07692307692307693,1.0,0.07692307692307693,1.0,1.0,0.07692307692307693,1.0,0.38461538461538464,1.0,0.38461538461538464,1.0,1.0,0.38461538461538464,1.0,0.7692307692307693,1.0,0.7692307692307693,1.0,1.0,0.7692307692307693,0.8666666666666667,1.0,0.8666666666666667,1.0,1.0,1.0,1.0,0.65,1.0,0.65,1.0,1.0,1.0,1.0,0.52,1.0,0.52,1.0,1.0,1.0,1.0,0.43333333333333335,1.0,0.43333333333333335,1.0,1.0,1.0,1.0,0.37142857142857144,1.0,0.37142857142857144,1.0,1.0,1.0,1.0,0.325,1.0,0.325,1.0,1.0,1.0,1.0,0.28888888888888886,1.0,0.28888888888888886,1.0,1.0,1.0,1.0,0.26,1.0,0.26,1.0,1.0,1.0,1.0,llama_nemotron_8b-dj_adpt,10,webtable-cl_optim-v=12-distilroberta-dj_adpt~qwen3_8b-dj_adpt
time_spent_watching_vcr_movies_a.pq,1.0,0.09090909090909091,1.0,0.09090909090909091,1.0,1.0,0.09090909090909091,1.0,0.45454545454545453,1.0,0.45454545454545453,1.0,1.0,0.45454545454545453,1.0,0.9090909090909091,1.0,0.9090909090909091,1.0,1.0,0.9090909090909091,0.7333333333333333,1.0,0.7333333333333333,1.0,1.0,1.0,1.0,0.55,1.0,0.55,1.0,1.0,1.0,1.0,0.44,1.0,0.44,1.0,1.0,1.0,1.0,0.36666666666666664,1.0,0.36666666666666664,1.0,1.0,1.0,1.0,0.3142857142857143,1.0,0.3142857142857143,1.0,1.0,1.0,1.0,0.275,1.0,0.275,1.0,1.0,1.0,1.0,0.24444444444444444,1.0,0.24444444444444444,1.0,1.0,1.0,1.0,0.22,1.0,0.22,1.0,1.0,1.0,1.0,llama_nemotron_8b-dj_adpt,10,webtable-cl_optim-v=12-distilroberta-dj_adpt~qwen3_8b-dj_adpt
tuition_assistance_program_tap_recipients_a.pq,1.0,0.09090909090909091,1.0,0.09090909090909091,1.0,1.0,0.09090909090909091,1.0,0.45454545454545453,1.0,0.45454545454545453,1.0,1.0,0.45454545454545453,1.0,0.9090909090909091,1.0,0.9090909090909091,1.0,1.0,0.9090909090909091,0.7333333333333333,1.0,0.7333333333333333,1.0,1.0,1.0,1.0,0.55,1.0,0.55,1.0,1.0,1.0,1.0,0.44,1.0,0.44,1.0,1.0,1.0,1.0,0.36666666666666664,1.0,0.36666666666666664,1.0,1.0,1.0,1.0,0.3142857142857143,1.0,0.3142857142857143,1.0,1.0,1.0,1.0,0.275,1.0,0.275,1.0,1.0,1.0,1.0,0.24444444444444444,1.0,0.24444444444444444,1.0,1.0,1.0,1.0,0.22,1.0,0.22,1.0,1.0,1.0,1.0,llama_nemotron_8b-dj_adpt,10,webtable-cl_optim-v=12-distilroberta-dj_adpt~qwen3_8b-dj_adpt
lane_description_a.pq,1.0,0.0625,1.0,0.0625,1.0,1.0,0.0625,1.0,0.3125,1.0,0.3125,1.0,1.0,0.3125,1.0,0.625,1.0,0.625,1.0,1.0,0.625,1.0,0.9375,1.0,0.9375,1.0,1.0,0.9375,0.8,1.0,0.8,1.0,1.0,1.0,1.0,0.64,1.0,0.64,1.0,1.0,1.0,1.0,0.5333333333333333,1.0,0.5333333333333333,1.0,1.0,1.0,1.0,0.45714285714285713,1.0,0.45714285714285713,1.0,1.0,1.0,1.0,0.4,1.0,0.4,1.0,1.0,1.0,1.0,0.35555555555555557,1.0,0.35555555555555557,1.0,1.0,1.0,1.0,0.32,1.0,0.32,1.0,1.0,1.0,1.0,llama_nemotron_8b-dj_adpt,10,webtable-cl_optim-v=12-distilroberta-dj_adpt~qwen3_8b-dj_adpt
workforce_management_information_a.pq,1.0,0.05555555555555555,1.0,0.05555555555555555,1.0,1.0,0.05555555555555555,1.0,0.2777777777777778,1.0,0.2777777777777778,1.0,1.0,0.2777777777777778,1.0,0.5555555555555556,1.0,0.5555555555555556,1.0,1.0,0.5555555555555556,1.0,0.8333333333333334,1.0,0.8333333333333334,1.0,1.0,0.8333333333333334,0.9,1.0,0.9,1.0,1.0,1.0,1.0,0.72,1.0,0.72,1.0,1.0,1.0,1.0,0.6,1.0,0.6,1.0,1.0,1.0,1.0,0.5142857142857142,1.0,0.5142857142857142,1.0,1.0,1.0,1.0,0.45,1.0,0.45,1.0,1.0,1.0,1.0,0.4,1.0,0.4,1.0,1.0,1.0,1.0,0.36,1.0,0.36,1.0,1.0,1.0,1.0,llama_nemotron_8b-dj_adpt,10,webtable-cl_optim-v=12-distilroberta-dj_adpt~qwen3_8b-dj_adpt
psyckes_antipsychotic_polypharmacy_quality_indicators_beginning_2012_a.pq,1.0,0.09090909090909091,1.0,0.09090909090909091,1.0,1.0,0.09090909090909091,1.0,0.45454545454545453,1.0,0.45454545454545453,1.0,1.0,0.45454545454545453,1.0,0.9090909090909091,1.0,0.9090909090909091,1.0,1.0,0.9090909090909091,0.7333333333333333,1.0,0.7333333333333333,1.0,1.0,1.0,1.0,0.55,1.0,0.55,1.0,1.0,1.0,1.0,0.44,1.0,0.44,1.0,1.0,1.0,1.0,0.36666666666666664,1.0,0.36666666666666664,1.0,1.0,1.0,1.0,0.3142857142857143,1.0,0.3142857142857143,1.0,1.0,1.0,1.0,0.275,1.0,0.275,1.0,1.0,1.0,1.0,0.24444444444444444,1.0,0.24444444444444444,1.0,1.0,1.0,1.0,0.22,1.0,0.22,1.0,1.0,1.0,1.0,llama_nemotron_8b-dj_adpt,10,webtable-cl_optim-v=12-distilroberta-dj_adpt~qwen3_8b-dj_adpt
abandoned_wells_a.pq,1.0,0.09090909090909091,1.0,0.09090909090909091,1.0,1.0,0.09090909090909091,1.0,0.45454545454545453,1.0,0.45454545454545453,1.0,1.0,0.45454545454545453,1.0,0.9090909090909091,1.0,0.9090909090909091,1.0,1.0,0.9090909090909091,0.7333333333333333,1.0,0.7333333333333333,1.0,1.0,1.0,1.0,0.55,1.0,0.55,1.0,1.0,1.0,1.0,0.44,1.0,0.44,1.0,1.0,1.0,1.0,0.36666666666666664,1.0,0.36666666666666664,1.0,1.0,1.0,1.0,0.3142857142857143,1.0,0.3142857142857143,1.0,1.0,1.0,1.0,0.275,1.0,0.275,1.0,1.0,1.0,1.0,0.24444444444444444,1.0,0.24444444444444444,1.0,1.0,1.0,1.0,0.22,1.0,0.22,1.0,1.0,1.0,1.0,llama_nemotron_8b-dj_adpt,10,webtable-cl_optim-v=12-distilroberta-dj_adpt~qwen3_8b-dj_adpt
contributors_parties_a.pq,1.0,0.047619047619047616,1.0,0.047619047619047616,1.0,1.0,0.047619047619047616,1.0,0.23809523809523808,1.0,0.23809523809523808,1.0,1.0,0.23809523809523808,1.0,0.47619047619047616,1.0,0.47619047619047616,1.0,1.0,0.47619047619047616,1.0,0.7142857142857143,1.0,0.7142857142857143,1.0,1.0,0.7142857142857143,1.0,0.9523809523809523,1.0,0.9523809523809523,1.0,1.0,0.9523809523809523,0.84,1.0,0.84,1.0,1.0,1.0,1.0,0.7,1.0,0.7,1.0,1.0,1.0,1.0,0.6,1.0,0.6,1.0,1.0,1.0,1.0,0.525,1.0,0.525,1.0,1.0,1.0,1.0,0.4666666666666667,1.0,0.4666666666666667,1.0,1.0,1.0,1.0,0.42,1.0,0.42,1.0,1.0,1.0,1.0,llama_nemotron_8b-dj_adpt,10,webtable-cl_optim-v=12-distilroberta-dj_adpt~qwen3_8b-dj_adpt
albums_b.pq,1.0,0.0625,1.0,0.0625,1.0,1.0,0.0625,1.0,0.3125,1.0,0.3125,1.0,1.0,0.3125,1.0,0.625,1.0,0.625,1.0,1.0,0.625,1.0,0.9375,1.0,0.9375,1.0,1.0,0.9375,0.8,1.0,0.8,1.0,1.0,1.0,1.0,0.64,1.0,0.64,1.0,1.0,1.0,1.0,0.5333333333333333,1.0,0.5333333333333333,1.0,1.0,1.0,1.0,0.45714285714285713,1.0,0.45714285714285713,1.0,1.0,1.0,1.0,0.4,1.0,0.4,1.0,1.0,1.0,1.0,0.35555555555555557,1.0,0.35555555555555557,1.0,1.0,1.0,1.0,0.32,1.0,0.32,1.0,1.0,1.0,1.0,llama_nemotron_8b-dj_adpt,10,webtable-cl_optim-v=12-distilroberta-dj_adpt~qwen3_8b-dj_adpt
animal_tag_data_a.pq,1.0,0.08333333333333333,1.0,0.08333333333333333,1.0,1.0,0.08333333333333333,1.0,0.4166666666666667,1.0,0.4166666666666667,1.0,1.0,0.4166666666666667,1.0,0.8333333333333334,1.0,0.8333333333333334,1.0,1.0,0.8333333333333334,0.8,1.0,0.8,1.0,1.0,1.0,1.0,0.6,1.0,0.6,1.0,1.0,1.0,1.0,0.48,1.0,0.48,1.0,1.0,1.0,1.0,0.4,1.0,0.4,1.0,1.0,1.0,1.0,0.34285714285714286,1.0,0.34285714285714286,1.0,1.0,1.0,1.0,0.3,1.0,0.3,1.0,1.0,1.0,1.0,0.26666666666666666,1.0,0.26666666666666666,1.0,1.0,1.0,1.0,0.24,1.0,0.24,1.0,1.0,1.0,1.0,llama_nemotron_8b-dj_adpt,10,webtable-cl_optim-v=12-distilroberta-dj_adpt~qwen3_8b-dj_adpt
biodiversity_a.pq,1.0,0.09090909090909091,1.0,0.09090909090909091,1.0,1.0,0.09090909090909091,1.0,0.45454545454545453,1.0,0.45454545454545453,1.0,1.0,0.45454545454545453,0.8,0.7272727272727273,1.0,0.9090909090909091,1.0,1.0,0.7272727272727273,0.5333333333333333,0.7272727272727273,0.7333333333333333,1.0,1.0,1.0,0.7272727272727273,0.45,0.8181818181818182,0.55,1.0,1.0,1.0,0.7784090909090909,0.4,0.9090909090909091,0.44,1.0,1.0,1.0,0.8197314049586777,0.3333333333333333,0.9090909090909091,0.36666666666666664,1.0,1.0,1.0,0.8197314049586777,0.2857142857142857,0.9090909090909091,0.3142857142857143,1.0,1.0,1.0,0.8197314049586777,0.25,0.9090909090909091,0.275,1.0,1.0,1.0,0.8197314049586777,0.2222222222222222,0.9090909090909091,0.24444444444444444,1.0,1.0,1.0,0.8197314049586777,0.2,0.9090909090909091,0.22,1.0,1.0,1.0,0.8197314049586777,llama_nemotron_8b-dj_adpt,10,webtable-cl_optim-v=12-distilroberta-dj_adpt~qwen3_8b-dj_adpt
cihr_co-applicant_b.pq,1.0,0.08333333333333333,1.0,0.08333333333333333,1.0,1.0,0.08333333333333333,1.0,0.4166666666666667,1.0,0.4166666666666667,1.0,1.0,0.4166666666666667,1.0,0.8333333333333334,1.0,0.8333333333333334,1.0,1.0,0.8333333333333334,0.8,1.0,0.8,1.0,1.0,1.0,1.0,0.6,1.0,0.6,1.0,1.0,1.0,1.0,0.48,1.0,0.48,1.0,1.0,1.0,1.0,0.4,1.0,0.4,1.0,1.0,1.0,1.0,0.34285714285714286,1.0,0.34285714285714286,1.0,1.0,1.0,1.0,0.3,1.0,0.3,1.0,1.0,1.0,1.0,0.26666666666666666,1.0,0.26666666666666666,1.0,1.0,1.0,1.0,0.24,1.0,0.24,1.0,1.0,1.0,1.0,llama_nemotron_8b-dj_adpt,10,webtable-cl_optim-v=12-distilroberta-dj_adpt~qwen3_8b-dj_adpt
complaint_by_practice_b.pq,1.0,0.07692307692307693,1.0,0.07692307692307693,1.0,1.0,0.07692307692307693,1.0,0.38461538461538464,1.0,0.38461538461538464,1.0,1.0,0.38461538461538464,1.0,0.7692307692307693,1.0,0.7692307692307693,1.0,1.0,0.7692307692307693,0.8666666666666667,1.0,0.8666666666666667,1.0,1.0,1.0,1.0,0.65,1.0,0.65,1.0,1.0,1.0,1.0,0.52,1.0,0.52,1.0,1.0,1.0,1.0,0.43333333333333335,1.0,0.43333333333333335,1.0,1.0,1.0,1.0,0.37142857142857144,1.0,0.37142857142857144,1.0,1.0,1.0,1.0,0.325,1.0,0.325,1.0,1.0,1.0,1.0,0.28888888888888886,1.0,0.28888888888888886,1.0,1.0,1.0,1.0,0.26,1.0,0.26,1.0,1.0,1.0,1.0,llama_nemotron_8b-dj_adpt,10,webtable-cl_optim-v=12-distilroberta-dj_adpt~qwen3_8b-dj_adpt
film_locations_in_san_francisco_a.pq,1.0,0.07692307692307693,1.0,0.07692307692307693,1.0,1.0,0.07692307692307693,1.0,0.38461538461538464,1.0,0.38461538461538464,1.0,1.0,0.38461538461538464,1.0,0.7692307692307693,1.0,0.7692307692307693,1.0,1.0,0.7692307692307693,0.8666666666666667,1.0,0.8666666666666667,1.0,1.0,1.0,1.0,0.65,1.0,0.65,1.0,1.0,1.0,1.0,0.52,1.0,0.52,1.0,1.0,1.0,1.0,0.43333333333333335,1.0,0.43333333333333335,1.0,1.0,1.0,1.0,0.37142857142857144,1.0,0.37142857142857144,1.0,1.0,1.0,1.0,0.325,1.0,0.325,1.0,1.0,1.0,1.0,0.28888888888888886,1.0,0.28888888888888886,1.0,1.0,1.0,1.0,0.26,1.0,0.26,1.0,1.0,1.0,1.0,llama_nemotron_8b-dj_adpt,10,webtable-cl_optim-v=12-distilroberta-dj_adpt~qwen3_8b-dj_adpt
monthly_data_feed_a.pq,1.0,0.07692307692307693,1.0,0.07692307692307693,1.0,1.0,0.07692307692307693,1.0,0.38461538461538464,1.0,0.38461538461538464,1.0,1.0,0.38461538461538464,1.0,0.7692307692307693,1.0,0.7692307692307693,1.0,1.0,0.7692307692307693,0.8666666666666667,1.0,0.8666666666666667,1.0,1.0,1.0,1.0,0.65,1.0,0.65,1.0,1.0,1.0,1.0,0.52,1.0,0.52,1.0,1.0,1.0,1.0,0.43333333333333335,1.0,0.43333333333333335,1.0,1.0,1.0,1.0,0.37142857142857144,1.0,0.37142857142857144,1.0,1.0,1.0,1.0,0.325,1.0,0.325,1.0,1.0,1.0,1.0,0.28888888888888886,1.0,0.28888888888888886,1.0,1.0,1.0,1.0,0.26,1.0,0.26,1.0,1.0,1.0,1.0,llama_nemotron_8b-dj_adpt,10,webtable-cl_optim-v=12-distilroberta-dj_adpt~qwen3_8b-dj_adpt
deaths_2012_2018_a.pq,1.0,0.09090909090909091,1.0,0.09090909090909091,1.0,1.0,0.09090909090909091,1.0,0.45454545454545453,1.0,0.45454545454545453,1.0,1.0,0.45454545454545453,1.0,0.9090909090909091,1.0,0.9090909090909091,1.0,1.0,0.9090909090909091,0.7333333333333333,1.0,0.7333333333333333,1.0,1.0,1.0,1.0,0.55,1.0,0.55,1.0,1.0,1.0,1.0,0.44,1.0,0.44,1.0,1.0,1.0,1.0,0.36666666666666664,1.0,0.36666666666666664,1.0,1.0,1.0,1.0,0.3142857142857143,1.0,0.3142857142857143,1.0,1.0,1.0,1.0,0.275,1.0,0.275,1.0,1.0,1.0,1.0,0.24444444444444444,1.0,0.24444444444444444,1.0,1.0,1.0,1.0,0.22,1.0,0.22,1.0,1.0,1.0,1.0,llama_nemotron_8b-dj_adpt,10,webtable-cl_optim-v=12-distilroberta-dj_adpt~qwen3_8b-dj_adpt
ydn_spending_data_b.pq,1.0,0.08333333333333333,1.0,0.08333333333333333,1.0,1.0,0.08333333333333333,1.0,0.4166666666666667,1.0,0.4166666666666667,1.0,1.0,0.4166666666666667,1.0,0.8333333333333334,1.0,0.8333333333333334,1.0,1.0,0.8333333333333334,0.8,1.0,0.8,1.0,1.0,1.0,1.0,0.6,1.0,0.6,1.0,1.0,1.0,1.0,0.48,1.0,0.48,1.0,1.0,1.0,1.0,0.4,1.0,0.4,1.0,1.0,1.0,1.0,0.34285714285714286,1.0,0.34285714285714286,1.0,1.0,1.0,1.0,0.3,1.0,0.3,1.0,1.0,1.0,1.0,0.26666666666666666,1.0,0.26666666666666666,1.0,1.0,1.0,1.0,0.24,1.0,0.24,1.0,1.0,1.0,1.0,llama_nemotron_8b-dj_adpt,10,webtable-cl_optim-v=12-distilroberta-dj_adpt~qwen3_8b-dj_adpt
animal_tag_data_b.pq,1.0,0.08333333333333333,1.0,0.08333333333333333,1.0,1.0,0.08333333333333333,1.0,0.4166666666666667,1.0,0.4166666666666667,1.0,1.0,0.4166666666666667,1.0,0.8333333333333334,1.0,0.8333333333333334,1.0,1.0,0.8333333333333334,0.8,1.0,0.8,1.0,1.0,1.0,1.0,0.6,1.0,0.6,1.0,1.0,1.0,1.0,0.48,1.0,0.48,1.0,1.0,1.0,1.0,0.4,1.0,0.4,1.0,1.0,1.0,1.0,0.34285714285714286,1.0,0.34285714285714286,1.0,1.0,1.0,1.0,0.3,1.0,0.3,1.0,1.0,1.0,1.0,0.26666666666666666,1.0,0.26666666666666666,1.0,1.0,1.0,1.0,0.24,1.0,0.24,1.0,1.0,1.0,1.0,llama_nemotron_8b-dj_adpt,10,webtable-cl_optim-v=12-distilroberta-dj_adpt~qwen3_8b-dj_adpt
civic_building_locations_a.pq,1.0,0.08333333333333333,1.0,0.08333333333333333,1.0,1.0,0.08333333333333333,1.0,0.4166666666666667,1.0,0.4166666666666667,1.0,1.0,0.4166666666666667,1.0,0.8333333333333334,1.0,0.8333333333333334,1.0,1.0,0.8333333333333334,0.8,1.0,0.8,1.0,1.0,1.0,1.0,0.6,1.0,0.6,1.0,1.0,1.0,1.0,0.48,1.0,0.48,1.0,1.0,1.0,1.0,0.4,1.0,0.4,1.0,1.0,1.0,1.0,0.34285714285714286,1.0,0.34285714285714286,1.0,1.0,1.0,1.0,0.3,1.0,0.3,1.0,1.0,1.0,1.0,0.26666666666666666,1.0,0.26666666666666666,1.0,1.0,1.0,1.0,0.24,1.0,0.24,1.0,1.0,1.0,1.0,llama_nemotron_8b-dj_adpt,10,webtable-cl_optim-v=12-distilroberta-dj_adpt~qwen3_8b-dj_adpt
mines_a.pq,1.0,0.07142857142857142,1.0,0.07142857142857142,1.0,1.0,0.07142857142857142,1.0,0.35714285714285715,1.0,0.35714285714285715,1.0,1.0,0.35714285714285715,1.0,0.7142857142857143,1.0,0.7142857142857143,1.0,1.0,0.7142857142857143,0.8,0.8571428571428571,0.9333333333333333,1.0,1.0,1.0,0.8571428571428571,0.7,1.0,0.7,1.0,1.0,1.0,0.9673202614379085,0.56,1.0,0.56,1.0,1.0,1.0,0.9673202614379085,0.4666666666666667,1.0,0.4666666666666667,1.0,1.0,1.0,0.9673202614379085,0.4,1.0,0.4,1.0,1.0,1.0,0.9673202614379085,0.35,1.0,0.35,1.0,1.0,1.0,0.9673202614379085,0.3111111111111111,1.0,0.3111111111111111,1.0,1.0,1.0,0.9673202614379085,0.28,1.0,0.28,1.0,1.0,1.0,0.9673202614379085,llama_nemotron_8b-dj_adpt,10,webtable-cl_optim-v=12-distilroberta-dj_adpt~qwen3_8b-dj_adpt
job_pay_scales_a.pq,1.0,0.06666666666666667,1.0,0.06666666666666667,1.0,1.0,0.06666666666666667,1.0,0.3333333333333333,1.0,0.3333333333333333,1.0,1.0,0.3333333333333333,1.0,0.6666666666666666,1.0,0.6666666666666666,1.0,1.0,0.6666666666666666,1.0,1.0,1.0,1.0,1.0,1.0,1.0,0.75,1.0,0.75,1.0,1.0,1.0,1.0,0.6,1.0,0.6,1.0,1.0,1.0,1.0,0.5,1.0,0.5,1.0,1.0,1.0,1.0,0.42857142857142855,1.0,0.42857142857142855,1.0,1.0,1.0,1.0,0.375,1.0,0.375,1.0,1.0,1.0,1.0,0.3333333333333333,1.0,0.3333333333333333,1.0,1.0,1.0,1.0,0.3,1.0,0.3,1.0,1.0,1.0,1.0,llama_nemotron_8b-dj_adpt,10,webtable-cl_optim-v=12-distilroberta-dj_adpt~qwen3_8b-dj_adpt
lane_description_b.pq,1.0,0.0625,1.0,0.0625,1.0,1.0,0.0625,1.0,0.3125,1.0,0.3125,1.0,1.0,0.3125,1.0,0.625,1.0,0.625,1.0,1.0,0.625,1.0,0.9375,1.0,0.9375,1.0,1.0,0.9375,0.8,1.0,0.8,1.0,1.0,1.0,1.0,0.64,1.0,0.64,1.0,1.0,1.0,1.0,0.5333333333333333,1.0,0.5333333333333333,1.0,1.0,1.0,1.0,0.45714285714285713,1.0,0.45714285714285713,1.0,1.0,1.0,1.0,0.4,1.0,0.4,1.0,1.0,1.0,1.0,0.35555555555555557,1.0,0.35555555555555557,1.0,1.0,1.0,1.0,0.32,1.0,0.32,1.0,1.0,1.0,1.0,llama_nemotron_8b-dj_adpt,10,webtable-cl_optim-v=12-distilroberta-dj_adpt~qwen3_8b-dj_adpt
mines_b.pq,1.0,0.07142857142857142,1.0,0.07142857142857142,1.0,1.0,0.07142857142857142,0.8,0.2857142857142857,1.0,0.35714285714285715,1.0,1.0,0.2857142857142857,0.5,0.35714285714285715,1.0,0.7142857142857143,1.0,1.0,0.34523809523809523,0.4666666666666667,0.5,0.9333333333333333,1.0,1.0,1.0,0.4194139194139194,0.5,0.7142857142857143,0.7,1.0,1.0,1.0,0.5265567765567766,0.4,0.7142857142857143,0.56,1.0,1.0,1.0,0.5265567765567766,0.36666666666666664,0.7857142857142857,0.4666666666666667,1.0,1.0,1.0,0.5536503726158898,0.3142857142857143,0.7857142857142857,0.4,1.0,1.0,1.0,0.5536503726158898,0.275,0.7857142857142857,0.35,1.0,1.0,1.0,0.5536503726158898,0.24444444444444444,0.7857142857142857,0.3111111111111111,1.0,1.0,1.0,0.5536503726158898,0.22,0.7857142857142857,0.28,1.0,1.0,1.0,0.5536503726158898,llama_nemotron_8b-dj_adpt,10,webtable-cl_optim-v=12-distilroberta-dj_adpt~qwen3_8b-dj_adpt
wholesale_markets_a.pq,1.0,0.09090909090909091,1.0,0.09090909090909091,1.0,1.0,0.09090909090909091,1.0,0.45454545454545453,1.0,0.45454545454545453,1.0,1.0,0.45454545454545453,1.0,0.9090909090909091,1.0,0.9090909090909091,1.0,1.0,0.9090909090909091,0.7333333333333333,1.0,0.7333333333333333,1.0,1.0,1.0,1.0,0.55,1.0,0.55,1.0,1.0,1.0,1.0,0.44,1.0,0.44,1.0,1.0,1.0,1.0,0.36666666666666664,1.0,0.36666666666666664,1.0,1.0,1.0,1.0,0.3142857142857143,1.0,0.3142857142857143,1.0,1.0,1.0,1.0,0.275,1.0,0.275,1.0,1.0,1.0,1.0,0.24444444444444444,1.0,0.24444444444444444,1.0,1.0,1.0,1.0,0.22,1.0,0.22,1.0,1.0,1.0,1.0,llama_nemotron_8b-dj_adpt,10,webtable-cl_optim-v=12-distilroberta-dj_adpt~qwen3_8b-dj_adpt
practice_reference_a.pq,1.0,0.06666666666666667,1.0,0.06666666666666667,1.0,1.0,0.06666666666666667,1.0,0.3333333333333333,1.0,0.3333333333333333,1.0,1.0,0.3333333333333333,1.0,0.6666666666666666,1.0,0.6666666666666666,1.0,1.0,0.6666666666666666,1.0,1.0,1.0,1.0,1.0,1.0,1.0,0.75,1.0,0.75,1.0,1.0,1.0,1.0,0.6,1.0,0.6,1.0,1.0,1.0,1.0,0.5,1.0,0.5,1.0,1.0,1.0,1.0,0.42857142857142855,1.0,0.42857142857142855,1.0,1.0,1.0,1.0,0.375,1.0,0.375,1.0,1.0,1.0,1.0,0.3333333333333333,1.0,0.3333333333333333,1.0,1.0,1.0,1.0,0.3,1.0,0.3,1.0,1.0,1.0,1.0,llama_nemotron_8b-dj_adpt,10,webtable-cl_optim-v=12-distilroberta-dj_adpt~qwen3_8b-dj_adpt
monthly_data_feed_b.pq,1.0,0.07692307692307693,1.0,0.07692307692307693,1.0,1.0,0.07692307692307693,1.0,0.38461538461538464,1.0,0.38461538461538464,1.0,1.0,0.38461538461538464,1.0,0.7692307692307693,1.0,0.7692307692307693,1.0,1.0,0.7692307692307693,0.8666666666666667,1.0,0.8666666666666667,1.0,1.0,1.0,1.0,0.65,1.0,0.65,1.0,1.0,1.0,1.0,0.52,1.0,0.52,1.0,1.0,1.0,1.0,0.43333333333333335,1.0,0.43333333333333335,1.0,1.0,1.0,1.0,0.37142857142857144,1.0,0.37142857142857144,1.0,1.0,1.0,1.0,0.325,1.0,0.325,1.0,1.0,1.0,1.0,0.28888888888888886,1.0,0.28888888888888886,1.0,1.0,1.0,1.0,0.26,1.0,0.26,1.0,1.0,1.0,1.0,llama_nemotron_8b-dj_adpt,10,webtable-cl_optim-v=12-distilroberta-dj_adpt~qwen3_8b-dj_adpt
business_rates_a.pq,1.0,0.08333333333333333,1.0,0.08333333333333333,1.0,1.0,0.08333333333333333,1.0,0.4166666666666667,1.0,0.4166666666666667,1.0,1.0,0.4166666666666667,1.0,0.8333333333333334,1.0,0.8333333333333334,1.0,1.0,0.8333333333333334,0.8,1.0,0.8,1.0,1.0,1.0,1.0,0.6,1.0,0.6,1.0,1.0,1.0,1.0,0.48,1.0,0.48,1.0,1.0,1.0,1.0,0.4,1.0,0.4,1.0,1.0,1.0,1.0,0.34285714285714286,1.0,0.34285714285714286,1.0,1.0,1.0,1.0,0.3,1.0,0.3,1.0,1.0,1.0,1.0,0.26666666666666666,1.0,0.26666666666666666,1.0,1.0,1.0,1.0,0.24,1.0,0.24,1.0,1.0,1.0,1.0,llama_nemotron_8b-dj_adpt,10,webtable-cl_optim-v=12-distilroberta-dj_adpt~qwen3_8b-dj_adpt
wholesale_markets_a.pq,1.0,0.09090909090909091,1.0,0.09090909090909091,1.0,1.0,0.09090909090909091,1.0,0.45454545454545453,1.0,0.45454545454545453,1.0,1.0,0.45454545454545453,1.0,0.9090909090909091,1.0,0.9090909090909091,1.0,1.0,0.9090909090909091,0.7333333333333333,1.0,0.7333333333333333,1.0,1.0,1.0,1.0,0.55,1.0,0.55,1.0,1.0,1.0,1.0,0.44,1.0,0.44,1.0,1.0,1.0,1.0,0.36666666666666664,1.0,0.36666666666666664,1.0,1.0,1.0,1.0,0.3142857142857143,1.0,0.3142857142857143,1.0,1.0,1.0,1.0,0.275,1.0,0.275,1.0,1.0,1.0,1.0,0.24444444444444444,1.0,0.24444444444444444,1.0,1.0,1.0,1.0,0.22,1.0,0.22,1.0,1.0,1.0,1.0,qwen3_8b-dj_adpt,11,webtable-cl_optim-v=12-distilroberta-dj_adpt~qwen3_8b-dj_adpt
workforce_management_information_b.pq,1.0,0.05555555555555555,1.0,0.05555555555555555,1.0,1.0,0.05555555555555555,1.0,0.2777777777777778,1.0,0.2777777777777778,1.0,1.0,0.2777777777777778,1.0,0.5555555555555556,1.0,0.5555555555555556,1.0,1.0,0.5555555555555556,1.0,0.8333333333333334,1.0,0.8333333333333334,1.0,1.0,0.8333333333333334,0.9,1.0,0.9,1.0,1.0,1.0,1.0,0.72,1.0,0.72,1.0,1.0,1.0,1.0,0.6,1.0,0.6,1.0,1.0,1.0,1.0,0.5142857142857142,1.0,0.5142857142857142,1.0,1.0,1.0,1.0,0.45,1.0,0.45,1.0,1.0,1.0,1.0,0.4,1.0,0.4,1.0,1.0,1.0,1.0,0.36,1.0,0.36,1.0,1.0,1.0,1.0,qwen3_8b-dj_adpt,11,webtable-cl_optim-v=12-distilroberta-dj_adpt~qwen3_8b-dj_adpt
complaint_by_practice_b.pq,1.0,0.07692307692307693,1.0,0.07692307692307693,1.0,1.0,0.07692307692307693,1.0,0.38461538461538464,1.0,0.38461538461538464,1.0,1.0,0.38461538461538464,1.0,0.7692307692307693,1.0,0.7692307692307693,1.0,1.0,0.7692307692307693,0.8666666666666667,1.0,0.8666666666666667,1.0,1.0,1.0,1.0,0.65,1.0,0.65,1.0,1.0,1.0,1.0,0.52,1.0,0.52,1.0,1.0,1.0,1.0,0.43333333333333335,1.0,0.43333333333333335,1.0,1.0,1.0,1.0,0.37142857142857144,1.0,0.37142857142857144,1.0,1.0,1.0,1.0,0.325,1.0,0.325,1.0,1.0,1.0,1.0,0.28888888888888886,1.0,0.28888888888888886,1.0,1.0,1.0,1.0,0.26,1.0,0.26,1.0,1.0,1.0,1.0,qwen3_8b-dj_adpt,11,webtable-cl_optim-v=12-distilroberta-dj_adpt~qwen3_8b-dj_adpt
report_card_discipline_for_2015_16_a.pq,1.0,0.09090909090909091,1.0,0.09090909090909091,1.0,1.0,0.09090909090909091,1.0,0.45454545454545453,1.0,0.45454545454545453,1.0,1.0,0.45454545454545453,1.0,0.9090909090909091,1.0,0.9090909090909091,1.0,1.0,0.9090909090909091,0.7333333333333333,1.0,0.7333333333333333,1.0,1.0,1.0,1.0,0.55,1.0,0.55,1.0,1.0,1.0,1.0,0.44,1.0,0.44,1.0,1.0,1.0,1.0,0.36666666666666664,1.0,0.36666666666666664,1.0,1.0,1.0,1.0,0.3142857142857143,1.0,0.3142857142857143,1.0,1.0,1.0,1.0,0.275,1.0,0.275,1.0,1.0,1.0,1.0,0.24444444444444444,1.0,0.24444444444444444,1.0,1.0,1.0,1.0,0.22,1.0,0.22,1.0,1.0,1.0,1.0,qwen3_8b-dj_adpt,11,webtable-cl_optim-v=12-distilroberta-dj_adpt~qwen3_8b-dj_adpt
practice_reference_b.pq,1.0,0.06666666666666667,1.0,0.06666666666666667,1.0,1.0,0.06666666666666667,1.0,0.3333333333333333,1.0,0.3333333333333333,1.0,1.0,0.3333333333333333,1.0,0.6666666666666666,1.0,0.6666666666666666,1.0,1.0,0.6666666666666666,1.0,1.0,1.0,1.0,1.0,1.0,1.0,0.75,1.0,0.75,1.0,1.0,1.0,1.0,0.6,1.0,0.6,1.0,1.0,1.0,1.0,0.5,1.0,0.5,1.0,1.0,1.0,1.0,0.42857142857142855,1.0,0.42857142857142855,1.0,1.0,1.0,1.0,0.375,1.0,0.375,1.0,1.0,1.0,1.0,0.3333333333333333,1.0,0.3333333333333333,1.0,1.0,1.0,1.0,0.3,1.0,0.3,1.0,1.0,1.0,1.0,qwen3_8b-dj_adpt,11,webtable-cl_optim-v=12-distilroberta-dj_adpt~qwen3_8b-dj_adpt
ydn_spending_data_a.pq,1.0,0.08333333333333333,1.0,0.08333333333333333,1.0,1.0,0.08333333333333333,1.0,0.4166666666666667,1.0,0.4166666666666667,1.0,1.0,0.4166666666666667,1.0,0.8333333333333334,1.0,0.8333333333333334,1.0,1.0,0.8333333333333334,0.8,1.0,0.8,1.0,1.0,1.0,1.0,0.6,1.0,0.6,1.0,1.0,1.0,1.0,0.48,1.0,0.48,1.0,1.0,1.0,1.0,0.4,1.0,0.4,1.0,1.0,1.0,1.0,0.34285714285714286,1.0,0.34285714285714286,1.0,1.0,1.0,1.0,0.3,1.0,0.3,1.0,1.0,1.0,1.0,0.26666666666666666,1.0,0.26666666666666666,1.0,1.0,1.0,1.0,0.24,1.0,0.24,1.0,1.0,1.0,1.0,qwen3_8b-dj_adpt,11,webtable-cl_optim-v=12-distilroberta-dj_adpt~qwen3_8b-dj_adpt
ydn_spending_data_b.pq,1.0,0.08333333333333333,1.0,0.08333333333333333,1.0,1.0,0.08333333333333333,1.0,0.4166666666666667,1.0,0.4166666666666667,1.0,1.0,0.4166666666666667,1.0,0.8333333333333334,1.0,0.8333333333333334,1.0,1.0,0.8333333333333334,0.8,1.0,0.8,1.0,1.0,1.0,1.0,0.6,1.0,0.6,1.0,1.0,1.0,1.0,0.48,1.0,0.48,1.0,1.0,1.0,1.0,0.4,1.0,0.4,1.0,1.0,1.0,1.0,0.34285714285714286,1.0,0.34285714285714286,1.0,1.0,1.0,1.0,0.3,1.0,0.3,1.0,1.0,1.0,1.0,0.26666666666666666,1.0,0.26666666666666666,1.0,1.0,1.0,1.0,0.24,1.0,0.24,1.0,1.0,1.0,1.0,qwen3_8b-dj_adpt,11,webtable-cl_optim-v=12-distilroberta-dj_adpt~qwen3_8b-dj_adpt
purchasing_card_a.pq,1.0,0.07692307692307693,1.0,0.07692307692307693,1.0,1.0,0.07692307692307693,1.0,0.38461538461538464,1.0,0.38461538461538464,1.0,1.0,0.38461538461538464,1.0,0.7692307692307693,1.0,0.7692307692307693,1.0,1.0,0.7692307692307693,0.8666666666666667,1.0,0.8666666666666667,1.0,1.0,1.0,1.0,0.65,1.0,0.65,1.0,1.0,1.0,1.0,0.52,1.0,0.52,1.0,1.0,1.0,1.0,0.43333333333333335,1.0,0.43333333333333335,1.0,1.0,1.0,1.0,0.37142857142857144,1.0,0.37142857142857144,1.0,1.0,1.0,1.0,0.325,1.0,0.325,1.0,1.0,1.0,1.0,0.28888888888888886,1.0,0.28888888888888886,1.0,1.0,1.0,1.0,0.26,1.0,0.26,1.0,1.0,1.0,1.0,qwen3_8b-dj_adpt,11,webtable-cl_optim-v=12-distilroberta-dj_adpt~qwen3_8b-dj_adpt
contributors_parties_a.pq,1.0,0.047619047619047616,1.0,0.047619047619047616,1.0,1.0,0.047619047619047616,1.0,0.23809523809523808,1.0,0.23809523809523808,1.0,1.0,0.23809523809523808,1.0,0.47619047619047616,1.0,0.47619047619047616,1.0,1.0,0.47619047619047616,1.0,0.7142857142857143,1.0,0.7142857142857143,1.0,1.0,0.7142857142857143,1.0,0.9523809523809523,1.0,0.9523809523809523,1.0,1.0,0.9523809523809523,0.84,1.0,0.84,1.0,1.0,1.0,1.0,0.7,1.0,0.7,1.0,1.0,1.0,1.0,0.6,1.0,0.6,1.0,1.0,1.0,1.0,0.525,1.0,0.525,1.0,1.0,1.0,1.0,0.4666666666666667,1.0,0.4666666666666667,1.0,1.0,1.0,1.0,0.42,1.0,0.42,1.0,1.0,1.0,1.0,qwen3_8b-dj_adpt,11,webtable-cl_optim-v=12-distilroberta-dj_adpt~qwen3_8b-dj_adpt
oil_and_gas_summary_production_data_1967_1999_a.pq,1.0,0.09090909090909091,1.0,0.09090909090909091,1.0,1.0,0.09090909090909091,1.0,0.45454545454545453,1.0,0.45454545454545453,1.0,1.0,0.45454545454545453,1.0,0.9090909090909091,1.0,0.9090909090909091,1.0,1.0,0.9090909090909091,0.7333333333333333,1.0,0.7333333333333333,1.0,1.0,1.0,1.0,0.55,1.0,0.55,1.0,1.0,1.0,1.0,0.44,1.0,0.44,1.0,1.0,1.0,1.0,0.36666666666666664,1.0,0.36666666666666664,1.0,1.0,1.0,1.0,0.3142857142857143,1.0,0.3142857142857143,1.0,1.0,1.0,1.0,0.275,1.0,0.275,1.0,1.0,1.0,1.0,0.24444444444444444,1.0,0.24444444444444444,1.0,1.0,1.0,1.0,0.22,1.0,0.22,1.0,1.0,1.0,1.0,qwen3_8b-dj_adpt,11,webtable-cl_optim-v=12-distilroberta-dj_adpt~qwen3_8b-dj_adpt
lane_description_b.pq,1.0,0.0625,1.0,0.0625,1.0,1.0,0.0625,1.0,0.3125,1.0,0.3125,1.0,1.0,0.3125,1.0,0.625,1.0,0.625,1.0,1.0,0.625,1.0,0.9375,1.0,0.9375,1.0,1.0,0.9375,0.8,1.0,0.8,1.0,1.0,1.0,1.0,0.64,1.0,0.64,1.0,1.0,1.0,1.0,0.5333333333333333,1.0,0.5333333333333333,1.0,1.0,1.0,1.0,0.45714285714285713,1.0,0.45714285714285713,1.0,1.0,1.0,1.0,0.4,1.0,0.4,1.0,1.0,1.0,1.0,0.35555555555555557,1.0,0.35555555555555557,1.0,1.0,1.0,1.0,0.32,1.0,0.32,1.0,1.0,1.0,1.0,qwen3_8b-dj_adpt,11,webtable-cl_optim-v=12-distilroberta-dj_adpt~qwen3_8b-dj_adpt
workforce_management_information_a.pq,1.0,0.05555555555555555,1.0,0.05555555555555555,1.0,1.0,0.05555555555555555,1.0,0.2777777777777778,1.0,0.2777777777777778,1.0,1.0,0.2777777777777778,1.0,0.5555555555555556,1.0,0.5555555555555556,1.0,1.0,0.5555555555555556,1.0,0.8333333333333334,1.0,0.8333333333333334,1.0,1.0,0.8333333333333334,0.9,1.0,0.9,1.0,1.0,1.0,1.0,0.72,1.0,0.72,1.0,1.0,1.0,1.0,0.6,1.0,0.6,1.0,1.0,1.0,1.0,0.5142857142857142,1.0,0.5142857142857142,1.0,1.0,1.0,1.0,0.45,1.0,0.45,1.0,1.0,1.0,1.0,0.4,1.0,0.4,1.0,1.0,1.0,1.0,0.36,1.0,0.36,1.0,1.0,1.0,1.0,qwen3_8b-dj_adpt,11,webtable-cl_optim-v=12-distilroberta-dj_adpt~qwen3_8b-dj_adpt
ipopayments_b.pq,1.0,0.06666666666666667,1.0,0.06666666666666667,1.0,1.0,0.06666666666666667,1.0,0.3333333333333333,1.0,0.3333333333333333,1.0,1.0,0.3333333333333333,1.0,0.6666666666666666,1.0,0.6666666666666666,1.0,1.0,0.6666666666666666,1.0,1.0,1.0,1.0,1.0,1.0,1.0,0.75,1.0,0.75,1.0,1.0,1.0,1.0,0.6,1.0,0.6,1.0,1.0,1.0,1.0,0.5,1.0,0.5,1.0,1.0,1.0,1.0,0.42857142857142855,1.0,0.42857142857142855,1.0,1.0,1.0,1.0,0.375,1.0,0.375,1.0,1.0,1.0,1.0,0.3333333333333333,1.0,0.3333333333333333,1.0,1.0,1.0,1.0,0.3,1.0,0.3,1.0,1.0,1.0,1.0,qwen3_8b-dj_adpt,11,webtable-cl_optim-v=12-distilroberta-dj_adpt~qwen3_8b-dj_adpt
senior_officials_expenses_a.pq,1.0,0.09090909090909091,1.0,0.09090909090909091,1.0,1.0,0.09090909090909091,1.0,0.45454545454545453,1.0,0.45454545454545453,1.0,1.0,0.45454545454545453,1.0,0.9090909090909091,1.0,0.9090909090909091,1.0,1.0,0.9090909090909091,0.6666666666666666,0.9090909090909091,0.7333333333333333,1.0,1.0,1.0,0.9090909090909091,0.5,0.9090909090909091,0.55,1.0,1.0,1.0,0.9090909090909091,0.4,0.9090909090909091,0.44,1.0,1.0,1.0,0.9090909090909091,0.3333333333333333,0.9090909090909091,0.36666666666666664,1.0,1.0,1.0,0.9090909090909091,0.2857142857142857,0.9090909090909091,0.3142857142857143,1.0,1.0,1.0,0.9090909090909091,0.25,0.9090909090909091,0.275,1.0,1.0,1.0,0.9090909090909091,0.2222222222222222,0.9090909090909091,0.24444444444444444,1.0,1.0,1.0,0.9090909090909091,0.2,0.9090909090909091,0.22,1.0,1.0,1.0,0.9090909090909091,qwen3_8b-dj_adpt,11,webtable-cl_optim-v=12-distilroberta-dj_adpt~qwen3_8b-dj_adpt
complaint_by_practice_a.pq,1.0,0.07692307692307693,1.0,0.07692307692307693,1.0,1.0,0.07692307692307693,1.0,0.38461538461538464,1.0,0.38461538461538464,1.0,1.0,0.38461538461538464,1.0,0.7692307692307693,1.0,0.7692307692307693,1.0,1.0,0.7692307692307693,0.8666666666666667,1.0,0.8666666666666667,1.0,1.0,1.0,1.0,0.65,1.0,0.65,1.0,1.0,1.0,1.0,0.52,1.0,0.52,1.0,1.0,1.0,1.0,0.43333333333333335,1.0,0.43333333333333335,1.0,1.0,1.0,1.0,0.37142857142857144,1.0,0.37142857142857144,1.0,1.0,1.0,1.0,0.325,1.0,0.325,1.0,1.0,1.0,1.0,0.28888888888888886,1.0,0.28888888888888886,1.0,1.0,1.0,1.0,0.26,1.0,0.26,1.0,1.0,1.0,1.0,qwen3_8b-dj_adpt,11,webtable-cl_optim-v=12-distilroberta-dj_adpt~qwen3_8b-dj_adpt
film_locations_in_san_francisco_a.pq,1.0,0.07692307692307693,1.0,0.07692307692307693,1.0,1.0,0.07692307692307693,1.0,0.38461538461538464,1.0,0.38461538461538464,1.0,1.0,0.38461538461538464,1.0,0.7692307692307693,1.0,0.7692307692307693,1.0,1.0,0.7692307692307693,0.8666666666666667,1.0,0.8666666666666667,1.0,1.0,1.0,1.0,0.65,1.0,0.65,1.0,1.0,1.0,1.0,0.52,1.0,0.52,1.0,1.0,1.0,1.0,0.43333333333333335,1.0,0.43333333333333335,1.0,1.0,1.0,1.0,0.37142857142857144,1.0,0.37142857142857144,1.0,1.0,1.0,1.0,0.325,1.0,0.325,1.0,1.0,1.0,1.0,0.28888888888888886,1.0,0.28888888888888886,1.0,1.0,1.0,1.0,0.26,1.0,0.26,1.0,1.0,1.0,1.0,qwen3_8b-dj_adpt,11,webtable-cl_optim-v=12-distilroberta-dj_adpt~qwen3_8b-dj_adpt
biodiversity_a.pq,1.0,0.09090909090909091,1.0,0.09090909090909091,1.0,1.0,0.09090909090909091,1.0,0.45454545454545453,1.0,0.45454545454545453,1.0,1.0,0.45454545454545453,0.8,0.7272727272727273,1.0,0.9090909090909091,1.0,1.0,0.7272727272727273,0.6,0.8181818181818182,0.7333333333333333,1.0,1.0,1.0,0.7954545454545454,0.45,0.8181818181818182,0.55,1.0,1.0,1.0,0.7954545454545454,0.4,0.9090909090909091,0.44,1.0,1.0,1.0,0.8367768595041323,0.3333333333333333,0.9090909090909091,0.36666666666666664,1.0,1.0,1.0,0.8367768595041323,0.2857142857142857,0.9090909090909091,0.3142857142857143,1.0,1.0,1.0,0.8367768595041323,0.25,0.9090909090909091,0.275,1.0,1.0,1.0,0.8367768595041323,0.2222222222222222,0.9090909090909091,0.24444444444444444,1.0,1.0,1.0,0.8367768595041323,0.2,0.9090909090909091,0.22,1.0,1.0,1.0,0.8367768595041323,qwen3_8b-dj_adpt,11,webtable-cl_optim-v=12-distilroberta-dj_adpt~qwen3_8b-dj_adpt
albums_b.pq,1.0,0.0625,1.0,0.0625,1.0,1.0,0.0625,1.0,0.3125,1.0,0.3125,1.0,1.0,0.3125,1.0,0.625,1.0,0.625,1.0,1.0,0.625,1.0,0.9375,1.0,0.9375,1.0,1.0,0.9375,0.8,1.0,0.8,1.0,1.0,1.0,1.0,0.64,1.0,0.64,1.0,1.0,1.0,1.0,0.5333333333333333,1.0,0.5333333333333333,1.0,1.0,1.0,1.0,0.45714285714285713,1.0,0.45714285714285713,1.0,1.0,1.0,1.0,0.4,1.0,0.4,1.0,1.0,1.0,1.0,0.35555555555555557,1.0,0.35555555555555557,1.0,1.0,1.0,1.0,0.32,1.0,0.32,1.0,1.0,1.0,1.0,qwen3_8b-dj_adpt,11,webtable-cl_optim-v=12-distilroberta-dj_adpt~qwen3_8b-dj_adpt
ipopayments_a.pq,1.0,0.06666666666666667,1.0,0.06666666666666667,1.0,1.0,0.06666666666666667,1.0,0.3333333333333333,1.0,0.3333333333333333,1.0,1.0,0.3333333333333333,1.0,0.6666666666666666,1.0,0.6666666666666666,1.0,1.0,0.6666666666666666,1.0,1.0,1.0,1.0,1.0,1.0,1.0,0.75,1.0,0.75,1.0,1.0,1.0,1.0,0.6,1.0,0.6,1.0,1.0,1.0,1.0,0.5,1.0,0.5,1.0,1.0,1.0,1.0,0.42857142857142855,1.0,0.42857142857142855,1.0,1.0,1.0,1.0,0.375,1.0,0.375,1.0,1.0,1.0,1.0,0.3333333333333333,1.0,0.3333333333333333,1.0,1.0,1.0,1.0,0.3,1.0,0.3,1.0,1.0,1.0,1.0,qwen3_8b-dj_adpt,11,webtable-cl_optim-v=12-distilroberta-dj_adpt~qwen3_8b-dj_adpt
job_pay_scales_a.pq,1.0,0.06666666666666667,1.0,0.06666666666666667,1.0,1.0,0.06666666666666667,1.0,0.3333333333333333,1.0,0.3333333333333333,1.0,1.0,0.3333333333333333,0.9,0.6,1.0,0.6666666666666666,1.0,1.0,0.5933333333333334,0.9333333333333333,0.9333333333333333,1.0,1.0,1.0,1.0,0.9007159507159507,0.75,1.0,0.75,1.0,1.0,1.0,0.9632159507159507,0.6,1.0,0.6,1.0,1.0,1.0,0.9632159507159507,0.5,1.0,0.5,1.0,1.0,1.0,0.9632159507159507,0.42857142857142855,1.0,0.42857142857142855,1.0,1.0,1.0,0.9632159507159507,0.375,1.0,0.375,1.0,1.0,1.0,0.9632159507159507,0.3333333333333333,1.0,0.3333333333333333,1.0,1.0,1.0,0.9632159507159507,0.3,1.0,0.3,1.0,1.0,1.0,0.9632159507159507,qwen3_8b-dj_adpt,11,webtable-cl_optim-v=12-distilroberta-dj_adpt~qwen3_8b-dj_adpt
mines_a.pq,1.0,0.07142857142857142,1.0,0.07142857142857142,1.0,1.0,0.07142857142857142,1.0,0.35714285714285715,1.0,0.35714285714285715,1.0,1.0,0.35714285714285715,1.0,0.7142857142857143,1.0,0.7142857142857143,1.0,1.0,0.7142857142857143,0.9333333333333333,1.0,0.9333333333333333,1.0,1.0,1.0,1.0,0.7,1.0,0.7,1.0,1.0,1.0,1.0,0.56,1.0,0.56,1.0,1.0,1.0,1.0,0.4666666666666667,1.0,0.4666666666666667,1.0,1.0,1.0,1.0,0.4,1.0,0.4,1.0,1.0,1.0,1.0,0.35,1.0,0.35,1.0,1.0,1.0,1.0,0.3111111111111111,1.0,0.3111111111111111,1.0,1.0,1.0,1.0,0.28,1.0,0.28,1.0,1.0,1.0,1.0,qwen3_8b-dj_adpt,11,webtable-cl_optim-v=12-distilroberta-dj_adpt~qwen3_8b-dj_adpt
mines_b.pq,1.0,0.07142857142857142,1.0,0.07142857142857142,1.0,1.0,0.07142857142857142,1.0,0.35714285714285715,1.0,0.35714285714285715,1.0,1.0,0.35714285714285715,0.5,0.35714285714285715,1.0,0.7142857142857143,1.0,1.0,0.35714285714285715,0.4666666666666667,0.5,0.9333333333333333,1.0,1.0,1.0,0.4258241758241758,0.4,0.5714285714285714,0.7,1.0,1.0,1.0,0.4594376212023271,0.4,0.7142857142857143,0.56,1.0,1.0,1.0,0.5159593603327618,0.36666666666666664,0.7857142857142857,0.4666666666666667,1.0,1.0,1.0,0.5421498365232381,0.34285714285714286,0.8571428571428571,0.4,1.0,1.0,1.0,0.5689355508089523,0.3,0.8571428571428571,0.35,1.0,1.0,1.0,0.5689355508089523,0.28888888888888886,0.9285714285714286,0.3111111111111111,1.0,1.0,1.0,0.5900394469128484,0.26,0.9285714285714286,0.28,1.0,1.0,1.0,0.5900394469128484,qwen3_8b-dj_adpt,11,webtable-cl_optim-v=12-distilroberta-dj_adpt~qwen3_8b-dj_adpt
albums_a.pq,1.0,0.0625,1.0,0.0625,1.0,1.0,0.0625,1.0,0.3125,1.0,0.3125,1.0,1.0,0.3125,1.0,0.625,1.0,0.625,1.0,1.0,0.625,1.0,0.9375,1.0,0.9375,1.0,1.0,0.9375,0.8,1.0,0.8,1.0,1.0,1.0,1.0,0.64,1.0,0.64,1.0,1.0,1.0,1.0,0.5333333333333333,1.0,0.5333333333333333,1.0,1.0,1.0,1.0,0.45714285714285713,1.0,0.45714285714285713,1.0,1.0,1.0,1.0,0.4,1.0,0.4,1.0,1.0,1.0,1.0,0.35555555555555557,1.0,0.35555555555555557,1.0,1.0,1.0,1.0,0.32,1.0,0.32,1.0,1.0,1.0,1.0,qwen3_8b-dj_adpt,11,webtable-cl_optim-v=12-distilroberta-dj_adpt~qwen3_8b-dj_adpt
new_york_city_restaurant_inspection_results_a.pq,1.0,0.03225806451612903,1.0,0.03225806451612903,1.0,1.0,0.03225806451612903,1.0,0.16129032258064516,1.0,0.16129032258064516,1.0,1.0,0.16129032258064516,1.0,0.3225806451612903,1.0,0.3225806451612903,1.0,1.0,0.3225806451612903,1.0,0.4838709677419355,1.0,0.4838709677419355,1.0,1.0,0.4838709677419355,1.0,0.6451612903225806,1.0,0.6451612903225806,1.0,1.0,0.6451612903225806,1.0,0.8064516129032258,1.0,0.8064516129032258,1.0,1.0,0.8064516129032258,1.0,0.967741935483871,1.0,0.967741935483871,1.0,1.0,0.967741935483871,0.8857142857142857,1.0,0.8857142857142857,1.0,1.0,1.0,1.0,0.775,1.0,0.775,1.0,1.0,1.0,1.0,0.6888888888888889,1.0,0.6888888888888889,1.0,1.0,1.0,1.0,0.62,1.0,0.62,1.0,1.0,1.0,1.0,qwen3_8b-dj_adpt,11,webtable-cl_optim-v=12-distilroberta-dj_adpt~qwen3_8b-dj_adpt
monthly_data_feed_a.pq,1.0,0.07692307692307693,1.0,0.07692307692307693,1.0,1.0,0.07692307692307693,1.0,0.38461538461538464,1.0,0.38461538461538464,1.0,1.0,0.38461538461538464,1.0,0.7692307692307693,1.0,0.7692307692307693,1.0,1.0,0.7692307692307693,0.8666666666666667,1.0,0.8666666666666667,1.0,1.0,1.0,1.0,0.65,1.0,0.65,1.0,1.0,1.0,1.0,0.52,1.0,0.52,1.0,1.0,1.0,1.0,0.43333333333333335,1.0,0.43333333333333335,1.0,1.0,1.0,1.0,0.37142857142857144,1.0,0.37142857142857144,1.0,1.0,1.0,1.0,0.325,1.0,0.325,1.0,1.0,1.0,1.0,0.28888888888888886,1.0,0.28888888888888886,1.0,1.0,1.0,1.0,0.26,1.0,0.26,1.0,1.0,1.0,1.0,qwen3_8b-dj_adpt,11,webtable-cl_optim-v=12-distilroberta-dj_adpt~qwen3_8b-dj_adpt
stockport_contracts_b.pq,1.0,0.07692307692307693,1.0,0.07692307692307693,1.0,1.0,0.07692307692307693,1.0,0.38461538461538464,1.0,0.38461538461538464,1.0,1.0,0.38461538461538464,1.0,0.7692307692307693,1.0,0.7692307692307693,1.0,1.0,0.7692307692307693,0.8666666666666667,1.0,0.8666666666666667,1.0,1.0,1.0,1.0,0.65,1.0,0.65,1.0,1.0,1.0,1.0,0.52,1.0,0.52,1.0,1.0,1.0,1.0,0.43333333333333335,1.0,0.43333333333333335,1.0,1.0,1.0,1.0,0.37142857142857144,1.0,0.37142857142857144,1.0,1.0,1.0,1.0,0.325,1.0,0.325,1.0,1.0,1.0,1.0,0.28888888888888886,1.0,0.28888888888888886,1.0,1.0,1.0,1.0,0.26,1.0,0.26,1.0,1.0,1.0,1.0,qwen3_8b-dj_adpt,11,webtable-cl_optim-v=12-distilroberta-dj_adpt~qwen3_8b-dj_adpt
prescribing_a.pq,1.0,0.06666666666666667,1.0,0.06666666666666667,1.0,1.0,0.06666666666666667,1.0,0.3333333333333333,1.0,0.3333333333333333,1.0,1.0,0.3333333333333333,1.0,0.6666666666666666,1.0,0.6666666666666666,1.0,1.0,0.6666666666666666,1.0,1.0,1.0,1.0,1.0,1.0,1.0,0.75,1.0,0.75,1.0,1.0,1.0,1.0,0.6,1.0,0.6,1.0,1.0,1.0,1.0,0.5,1.0,0.5,1.0,1.0,1.0,1.0,0.42857142857142855,1.0,0.42857142857142855,1.0,1.0,1.0,1.0,0.375,1.0,0.375,1.0,1.0,1.0,1.0,0.3333333333333333,1.0,0.3333333333333333,1.0,1.0,1.0,1.0,0.3,1.0,0.3,1.0,1.0,1.0,1.0,qwen3_8b-dj_adpt,11,webtable-cl_optim-v=12-distilroberta-dj_adpt~qwen3_8b-dj_adpt
animal_tag_data_a.pq,1.0,0.08333333333333333,1.0,0.08333333333333333,1.0,1.0,0.08333333333333333,1.0,0.4166666666666667,1.0,0.4166666666666667,1.0,1.0,0.4166666666666667,1.0,0.8333333333333334,1.0,0.8333333333333334,1.0,1.0,0.8333333333333334,0.8,1.0,0.8,1.0,1.0,1.0,1.0,0.6,1.0,0.6,1.0,1.0,1.0,1.0,0.48,1.0,0.48,1.0,1.0,1.0,1.0,0.4,1.0,0.4,1.0,1.0,1.0,1.0,0.34285714285714286,1.0,0.34285714285714286,1.0,1.0,1.0,1.0,0.3,1.0,0.3,1.0,1.0,1.0,1.0,0.26666666666666666,1.0,0.26666666666666666,1.0,1.0,1.0,1.0,0.24,1.0,0.24,1.0,1.0,1.0,1.0,qwen3_8b-dj_adpt,11,webtable-cl_optim-v=12-distilroberta-dj_adpt~qwen3_8b-dj_adpt
311_calls_historic_data_a.pq,1.0,0.09090909090909091,1.0,0.09090909090909091,1.0,1.0,0.09090909090909091,1.0,0.45454545454545453,1.0,0.45454545454545453,1.0,1.0,0.45454545454545453,1.0,0.9090909090909091,1.0,0.9090909090909091,1.0,1.0,0.9090909090909091,0.7333333333333333,1.0,0.7333333333333333,1.0,1.0,1.0,1.0,0.55,1.0,0.55,1.0,1.0,1.0,1.0,0.44,1.0,0.44,1.0,1.0,1.0,1.0,0.36666666666666664,1.0,0.36666666666666664,1.0,1.0,1.0,1.0,0.3142857142857143,1.0,0.3142857142857143,1.0,1.0,1.0,1.0,0.275,1.0,0.275,1.0,1.0,1.0,1.0,0.24444444444444444,1.0,0.24444444444444444,1.0,1.0,1.0,1.0,0.22,1.0,0.22,1.0,1.0,1.0,1.0,qwen3_8b-dj_adpt,11,webtable-cl_optim-v=12-distilroberta-dj_adpt~qwen3_8b-dj_adpt
cihr_co-applicant_a.pq,1.0,0.08333333333333333,1.0,0.08333333333333333,1.0,1.0,0.08333333333333333,1.0,0.4166666666666667,1.0,0.4166666666666667,1.0,1.0,0.4166666666666667,1.0,0.8333333333333334,1.0,0.8333333333333334,1.0,1.0,0.8333333333333334,0.8,1.0,0.8,1.0,1.0,1.0,1.0,0.6,1.0,0.6,1.0,1.0,1.0,1.0,0.48,1.0,0.48,1.0,1.0,1.0,1.0,0.4,1.0,0.4,1.0,1.0,1.0,1.0,0.34285714285714286,1.0,0.34285714285714286,1.0,1.0,1.0,1.0,0.3,1.0,0.3,1.0,1.0,1.0,1.0,0.26666666666666666,1.0,0.26666666666666666,1.0,1.0,1.0,1.0,0.24,1.0,0.24,1.0,1.0,1.0,1.0,qwen3_8b-dj_adpt,11,webtable-cl_optim-v=12-distilroberta-dj_adpt~qwen3_8b-dj_adpt
civic_building_locations_a.pq,1.0,0.08333333333333333,1.0,0.08333333333333333,1.0,1.0,0.08333333333333333,1.0,0.4166666666666667,1.0,0.4166666666666667,1.0,1.0,0.4166666666666667,1.0,0.8333333333333334,1.0,0.8333333333333334,1.0,1.0,0.8333333333333334,0.8,1.0,0.8,1.0,1.0,1.0,1.0,0.6,1.0,0.6,1.0,1.0,1.0,1.0,0.48,1.0,0.48,1.0,1.0,1.0,1.0,0.4,1.0,0.4,1.0,1.0,1.0,1.0,0.34285714285714286,1.0,0.34285714285714286,1.0,1.0,1.0,1.0,0.3,1.0,0.3,1.0,1.0,1.0,1.0,0.26666666666666666,1.0,0.26666666666666666,1.0,1.0,1.0,1.0,0.24,1.0,0.24,1.0,1.0,1.0,1.0,qwen3_8b-dj_adpt,11,webtable-cl_optim-v=12-distilroberta-dj_adpt~qwen3_8b-dj_adpt
data_mill_a.pq,1.0,0.07142857142857142,1.0,0.07142857142857142,1.0,1.0,0.07142857142857142,1.0,0.35714285714285715,1.0,0.35714285714285715,1.0,1.0,0.35714285714285715,1.0,0.7142857142857143,1.0,0.7142857142857143,1.0,1.0,0.7142857142857143,0.9333333333333333,1.0,0.9333333333333333,1.0,1.0,1.0,1.0,0.7,1.0,0.7,1.0,1.0,1.0,1.0,0.56,1.0,0.56,1.0,1.0,1.0,1.0,0.4666666666666667,1.0,0.4666666666666667,1.0,1.0,1.0,1.0,0.4,1.0,0.4,1.0,1.0,1.0,1.0,0.35,1.0,0.35,1.0,1.0,1.0,1.0,0.3111111111111111,1.0,0.3111111111111111,1.0,1.0,1.0,1.0,0.28,1.0,0.28,1.0,1.0,1.0,1.0,qwen3_8b-dj_adpt,11,webtable-cl_optim-v=12-distilroberta-dj_adpt~qwen3_8b-dj_adpt
monthly_data_feed_b.pq,1.0,0.07692307692307693,1.0,0.07692307692307693,1.0,1.0,0.07692307692307693,1.0,0.38461538461538464,1.0,0.38461538461538464,1.0,1.0,0.38461538461538464,1.0,0.7692307692307693,1.0,0.7692307692307693,1.0,1.0,0.7692307692307693,0.8666666666666667,1.0,0.8666666666666667,1.0,1.0,1.0,1.0,0.65,1.0,0.65,1.0,1.0,1.0,1.0,0.52,1.0,0.52,1.0,1.0,1.0,1.0,0.43333333333333335,1.0,0.43333333333333335,1.0,1.0,1.0,1.0,0.37142857142857144,1.0,0.37142857142857144,1.0,1.0,1.0,1.0,0.325,1.0,0.325,1.0,1.0,1.0,1.0,0.28888888888888886,1.0,0.28888888888888886,1.0,1.0,1.0,1.0,0.26,1.0,0.26,1.0,1.0,1.0,1.0,qwen3_8b-dj_adpt,11,webtable-cl_optim-v=12-distilroberta-dj_adpt~qwen3_8b-dj_adpt
animal_tag_data_b.pq,1.0,0.08333333333333333,1.0,0.08333333333333333,1.0,1.0,0.08333333333333333,1.0,0.4166666666666667,1.0,0.4166666666666667,1.0,1.0,0.4166666666666667,1.0,0.8333333333333334,1.0,0.8333333333333334,1.0,1.0,0.8333333333333334,0.8,1.0,0.8,1.0,1.0,1.0,1.0,0.6,1.0,0.6,1.0,1.0,1.0,1.0,0.48,1.0,0.48,1.0,1.0,1.0,1.0,0.4,1.0,0.4,1.0,1.0,1.0,1.0,0.34285714285714286,1.0,0.34285714285714286,1.0,1.0,1.0,1.0,0.3,1.0,0.3,1.0,1.0,1.0,1.0,0.26666666666666666,1.0,0.26666666666666666,1.0,1.0,1.0,1.0,0.24,1.0,0.24,1.0,1.0,1.0,1.0,qwen3_8b-dj_adpt,11,webtable-cl_optim-v=12-distilroberta-dj_adpt~qwen3_8b-dj_adpt
practice_reference_a.pq,1.0,0.06666666666666667,1.0,0.06666666666666667,1.0,1.0,0.06666666666666667,1.0,0.3333333333333333,1.0,0.3333333333333333,1.0,1.0,0.3333333333333333,1.0,0.6666666666666666,1.0,0.6666666666666666,1.0,1.0,0.6666666666666666,1.0,1.0,1.0,1.0,1.0,1.0,1.0,0.75,1.0,0.75,1.0,1.0,1.0,1.0,0.6,1.0,0.6,1.0,1.0,1.0,1.0,0.5,1.0,0.5,1.0,1.0,1.0,1.0,0.42857142857142855,1.0,0.42857142857142855,1.0,1.0,1.0,1.0,0.375,1.0,0.375,1.0,1.0,1.0,1.0,0.3333333333333333,1.0,0.3333333333333333,1.0,1.0,1.0,1.0,0.3,1.0,0.3,1.0,1.0,1.0,1.0,qwen3_8b-dj_adpt,11,webtable-cl_optim-v=12-distilroberta-dj_adpt~qwen3_8b-dj_adpt
minister_meetings_a.pq,1.0,0.1,1.0,0.1,1.0,1.0,0.1,1.0,0.5,1.0,0.5,1.0,1.0,0.5,0.7,0.7,1.0,1.0,1.0,1.0,0.6557142857142857,0.4666666666666667,0.7,0.6666666666666666,1.0,1.0,1.0,0.6557142857142857,0.35,0.7,0.5,1.0,1.0,1.0,0.6557142857142857,0.28,0.7,0.4,1.0,1.0,1.0,0.6557142857142857,0.23333333333333334,0.7,0.3333333333333333,1.0,1.0,1.0,0.6557142857142857,0.2,0.7,0.2857142857142857,1.0,1.0,1.0,0.6557142857142857,0.175,0.7,0.25,1.0,1.0,1.0,0.6557142857142857,0.15555555555555556,0.7,0.2222222222222222,1.0,1.0,1.0,0.6557142857142857,0.14,0.7,0.2,1.0,1.0,1.0,0.6557142857142857,qwen3_8b-dj_adpt,11,webtable-cl_optim-v=12-distilroberta-dj_adpt~qwen3_8b-dj_adpt
prescribing_b.pq,1.0,0.06666666666666667,1.0,0.06666666666666667,1.0,1.0,0.06666666666666667,1.0,0.3333333333333333,1.0,0.3333333333333333,1.0,1.0,0.3333333333333333,1.0,0.6666666666666666,1.0,0.6666666666666666,1.0,1.0,0.6666666666666666,1.0,1.0,1.0,1.0,1.0,1.0,1.0,0.75,1.0,0.75,1.0,1.0,1.0,1.0,0.6,1.0,0.6,1.0,1.0,1.0,1.0,0.5,1.0,0.5,1.0,1.0,1.0,1.0,0.42857142857142855,1.0,0.42857142857142855,1.0,1.0,1.0,1.0,0.375,1.0,0.375,1.0,1.0,1.0,1.0,0.3333333333333333,1.0,0.3333333333333333,1.0,1.0,1.0,1.0,0.3,1.0,0.3,1.0,1.0,1.0,1.0,qwen3_8b-dj_adpt,11,webtable-cl_optim-v=12-distilroberta-dj_adpt~qwen3_8b-dj_adpt
time_spent_watching_vcr_movies_a.pq,1.0,0.09090909090909091,1.0,0.09090909090909091,1.0,1.0,0.09090909090909091,1.0,0.45454545454545453,1.0,0.45454545454545453,1.0,1.0,0.45454545454545453,1.0,0.9090909090909091,1.0,0.9090909090909091,1.0,1.0,0.9090909090909091,0.7333333333333333,1.0,0.7333333333333333,1.0,1.0,1.0,1.0,0.55,1.0,0.55,1.0,1.0,1.0,1.0,0.44,1.0,0.44,1.0,1.0,1.0,1.0,0.36666666666666664,1.0,0.36666666666666664,1.0,1.0,1.0,1.0,0.3142857142857143,1.0,0.3142857142857143,1.0,1.0,1.0,1.0,0.275,1.0,0.275,1.0,1.0,1.0,1.0,0.24444444444444444,1.0,0.24444444444444444,1.0,1.0,1.0,1.0,0.22,1.0,0.22,1.0,1.0,1.0,1.0,qwen3_8b-dj_adpt,11,webtable-cl_optim-v=12-distilroberta-dj_adpt~qwen3_8b-dj_adpt
abandoned_wells_a.pq,1.0,0.09090909090909091,1.0,0.09090909090909091,1.0,1.0,0.09090909090909091,1.0,0.45454545454545453,1.0,0.45454545454545453,1.0,1.0,0.45454545454545453,1.0,0.9090909090909091,1.0,0.9090909090909091,1.0,1.0,0.9090909090909091,0.7333333333333333,1.0,0.7333333333333333,1.0,1.0,1.0,1.0,0.55,1.0,0.55,1.0,1.0,1.0,1.0,0.44,1.0,0.44,1.0,1.0,1.0,1.0,0.36666666666666664,1.0,0.36666666666666664,1.0,1.0,1.0,1.0,0.3142857142857143,1.0,0.3142857142857143,1.0,1.0,1.0,1.0,0.275,1.0,0.275,1.0,1.0,1.0,1.0,0.24444444444444444,1.0,0.24444444444444444,1.0,1.0,1.0,1.0,0.22,1.0,0.22,1.0,1.0,1.0,1.0,qwen3_8b-dj_adpt,11,webtable-cl_optim-v=12-distilroberta-dj_adpt~qwen3_8b-dj_adpt
business_rates_a.pq,1.0,0.08333333333333333,1.0,0.08333333333333333,1.0,1.0,0.08333333333333333,1.0,0.4166666666666667,1.0,0.4166666666666667,1.0,1.0,0.4166666666666667,1.0,0.8333333333333334,1.0,0.8333333333333334,1.0,1.0,0.8333333333333334,0.8,1.0,0.8,1.0,1.0,1.0,1.0,0.6,1.0,0.6,1.0,1.0,1.0,1.0,0.48,1.0,0.48,1.0,1.0,1.0,1.0,0.4,1.0,0.4,1.0,1.0,1.0,1.0,0.34285714285714286,1.0,0.34285714285714286,1.0,1.0,1.0,1.0,0.3,1.0,0.3,1.0,1.0,1.0,1.0,0.26666666666666666,1.0,0.26666666666666666,1.0,1.0,1.0,1.0,0.24,1.0,0.24,1.0,1.0,1.0,1.0,qwen3_8b-dj_adpt,11,webtable-cl_optim-v=12-distilroberta-dj_adpt~qwen3_8b-dj_adpt
contributors_parties_b.pq,1.0,0.047619047619047616,1.0,0.047619047619047616,1.0,1.0,0.047619047619047616,1.0,0.23809523809523808,1.0,0.23809523809523808,1.0,1.0,0.23809523809523808,1.0,0.47619047619047616,1.0,0.47619047619047616,1.0,1.0,0.47619047619047616,1.0,0.7142857142857143,1.0,0.7142857142857143,1.0,1.0,0.7142857142857143,0.85,0.8095238095238095,1.0,0.9523809523809523,1.0,1.0,0.8095238095238095,0.68,0.8095238095238095,0.84,1.0,1.0,1.0,0.8095238095238095,0.5666666666666667,0.8095238095238095,0.7,1.0,1.0,1.0,0.8095238095238095,0.4857142857142857,0.8095238095238095,0.6,1.0,1.0,1.0,0.8095238095238095,0.425,0.8095238095238095,0.525,1.0,1.0,1.0,0.8095238095238095,0.37777777777777777,0.8095238095238095,0.4666666666666667,1.0,1.0,1.0,0.8095238095238095,0.34,0.8095238095238095,0.42,1.0,1.0,1.0,0.8095238095238095,qwen3_8b-dj_adpt,11,webtable-cl_optim-v=12-distilroberta-dj_adpt~qwen3_8b-dj_adpt
data_mill_b.pq,1.0,0.07142857142857142,1.0,0.07142857142857142,1.0,1.0,0.07142857142857142,1.0,0.35714285714285715,1.0,0.35714285714285715,1.0,1.0,0.35714285714285715,1.0,0.7142857142857143,1.0,0.7142857142857143,1.0,1.0,0.7142857142857143,0.9333333333333333,1.0,0.9333333333333333,1.0,1.0,1.0,1.0,0.7,1.0,0.7,1.0,1.0,1.0,1.0,0.56,1.0,0.56,1.0,1.0,1.0,1.0,0.4666666666666667,1.0,0.4666666666666667,1.0,1.0,1.0,1.0,0.4,1.0,0.4,1.0,1.0,1.0,1.0,0.35,1.0,0.35,1.0,1.0,1.0,1.0,0.3111111111111111,1.0,0.3111111111111111,1.0,1.0,1.0,1.0,0.28,1.0,0.28,1.0,1.0,1.0,1.0,qwen3_8b-dj_adpt,11,webtable-cl_optim-v=12-distilroberta-dj_adpt~qwen3_8b-dj_adpt
immigration_records_a.pq,1.0,0.0625,1.0,0.0625,1.0,1.0,0.0625,1.0,0.3125,1.0,0.3125,1.0,1.0,0.3125,1.0,0.625,1.0,0.625,1.0,1.0,0.625,1.0,0.9375,1.0,0.9375,1.0,1.0,0.9375,0.8,1.0,0.8,1.0,1.0,1.0,0.9963235294117647,0.64,1.0,0.64,1.0,1.0,1.0,0.9963235294117647,0.5333333333333333,1.0,0.5333333333333333,1.0,1.0,1.0,0.9963235294117647,0.45714285714285713,1.0,0.45714285714285713,1.0,1.0,1.0,0.9963235294117647,0.4,1.0,0.4,1.0,1.0,1.0,0.9963235294117647,0.35555555555555557,1.0,0.35555555555555557,1.0,1.0,1.0,0.9963235294117647,0.32,1.0,0.32,1.0,1.0,1.0,0.9963235294117647,qwen3_8b-dj_adpt,11,webtable-cl_optim-v=12-distilroberta-dj_adpt~qwen3_8b-dj_adpt
deaths_2012_2018_a.pq,1.0,0.09090909090909091,1.0,0.09090909090909091,1.0,1.0,0.09090909090909091,1.0,0.45454545454545453,1.0,0.45454545454545453,1.0,1.0,0.45454545454545453,1.0,0.9090909090909091,1.0,0.9090909090909091,1.0,1.0,0.9090909090909091,0.7333333333333333,1.0,0.7333333333333333,1.0,1.0,1.0,1.0,0.55,1.0,0.55,1.0,1.0,1.0,1.0,0.44,1.0,0.44,1.0,1.0,1.0,1.0,0.36666666666666664,1.0,0.36666666666666664,1.0,1.0,1.0,1.0,0.3142857142857143,1.0,0.3142857142857143,1.0,1.0,1.0,1.0,0.275,1.0,0.275,1.0,1.0,1.0,1.0,0.24444444444444444,1.0,0.24444444444444444,1.0,1.0,1.0,1.0,0.22,1.0,0.22,1.0,1.0,1.0,1.0,qwen3_8b-dj_adpt,11,webtable-cl_optim-v=12-distilroberta-dj_adpt~qwen3_8b-dj_adpt
lane_description_a.pq,1.0,0.0625,1.0,0.0625,1.0,1.0,0.0625,1.0,0.3125,1.0,0.3125,1.0,1.0,0.3125,1.0,0.625,1.0,0.625,1.0,1.0,0.625,1.0,0.9375,1.0,0.9375,1.0,1.0,0.9375,0.8,1.0,0.8,1.0,1.0,1.0,1.0,0.64,1.0,0.64,1.0,1.0,1.0,1.0,0.5333333333333333,1.0,0.5333333333333333,1.0,1.0,1.0,1.0,0.45714285714285713,1.0,0.45714285714285713,1.0,1.0,1.0,1.0,0.4,1.0,0.4,1.0,1.0,1.0,1.0,0.35555555555555557,1.0,0.35555555555555557,1.0,1.0,1.0,1.0,0.32,1.0,0.32,1.0,1.0,1.0,1.0,qwen3_8b-dj_adpt,11,webtable-cl_optim-v=12-distilroberta-dj_adpt~qwen3_8b-dj_adpt
psyckes_antipsychotic_polypharmacy_quality_indicators_beginning_2012_a.pq,1.0,0.09090909090909091,1.0,0.09090909090909091,1.0,1.0,0.09090909090909091,1.0,0.45454545454545453,1.0,0.45454545454545453,1.0,1.0,0.45454545454545453,1.0,0.9090909090909091,1.0,0.9090909090909091,1.0,1.0,0.9090909090909091,0.7333333333333333,1.0,0.7333333333333333,1.0,1.0,1.0,1.0,0.55,1.0,0.55,1.0,1.0,1.0,1.0,0.44,1.0,0.44,1.0,1.0,1.0,1.0,0.36666666666666664,1.0,0.36666666666666664,1.0,1.0,1.0,1.0,0.3142857142857143,1.0,0.3142857142857143,1.0,1.0,1.0,1.0,0.275,1.0,0.275,1.0,1.0,1.0,1.0,0.24444444444444444,1.0,0.24444444444444444,1.0,1.0,1.0,1.0,0.22,1.0,0.22,1.0,1.0,1.0,1.0,qwen3_8b-dj_adpt,11,webtable-cl_optim-v=12-distilroberta-dj_adpt~qwen3_8b-dj_adpt
stockport_contracts_a.pq,1.0,0.07692307692307693,1.0,0.07692307692307693,1.0,1.0,0.07692307692307693,1.0,0.38461538461538464,1.0,0.38461538461538464,1.0,1.0,0.38461538461538464,1.0,0.7692307692307693,1.0,0.7692307692307693,1.0,1.0,0.7692307692307693,0.8666666666666667,1.0,0.8666666666666667,1.0,1.0,1.0,1.0,0.65,1.0,0.65,1.0,1.0,1.0,1.0,0.52,1.0,0.52,1.0,1.0,1.0,1.0,0.43333333333333335,1.0,0.43333333333333335,1.0,1.0,1.0,1.0,0.37142857142857144,1.0,0.37142857142857144,1.0,1.0,1.0,1.0,0.325,1.0,0.325,1.0,1.0,1.0,1.0,0.28888888888888886,1.0,0.28888888888888886,1.0,1.0,1.0,1.0,0.26,1.0,0.26,1.0,1.0,1.0,1.0,qwen3_8b-dj_adpt,11,webtable-cl_optim-v=12-distilroberta-dj_adpt~qwen3_8b-dj_adpt
cdc_nutrition_physical_activity_and_obesity_legislation_a.pq,1.0,0.09090909090909091,1.0,0.09090909090909091,1.0,1.0,0.09090909090909091,1.0,0.45454545454545453,1.0,0.45454545454545453,1.0,1.0,0.45454545454545453,1.0,0.9090909090909091,1.0,0.9090909090909091,1.0,1.0,0.9090909090909091,0.7333333333333333,1.0,0.7333333333333333,1.0,1.0,1.0,1.0,0.55,1.0,0.55,1.0,1.0,1.0,1.0,0.44,1.0,0.44,1.0,1.0,1.0,1.0,0.36666666666666664,1.0,0.36666666666666664,1.0,1.0,1.0,1.0,0.3142857142857143,1.0,0.3142857142857143,1.0,1.0,1.0,1.0,0.275,1.0,0.275,1.0,1.0,1.0,1.0,0.24444444444444444,1.0,0.24444444444444444,1.0,1.0,1.0,1.0,0.22,1.0,0.22,1.0,1.0,1.0,1.0,qwen3_8b-dj_adpt,11,webtable-cl_optim-v=12-distilroberta-dj_adpt~qwen3_8b-dj_adpt
cihr_co-applicant_b.pq,1.0,0.08333333333333333,1.0,0.08333333333333333,1.0,1.0,0.08333333333333333,1.0,0.4166666666666667,1.0,0.4166666666666667,1.0,1.0,0.4166666666666667,1.0,0.8333333333333334,1.0,0.8333333333333334,1.0,1.0,0.8333333333333334,0.8,1.0,0.8,1.0,1.0,1.0,1.0,0.6,1.0,0.6,1.0,1.0,1.0,1.0,0.48,1.0,0.48,1.0,1.0,1.0,1.0,0.4,1.0,0.4,1.0,1.0,1.0,1.0,0.34285714285714286,1.0,0.34285714285714286,1.0,1.0,1.0,1.0,0.3,1.0,0.3,1.0,1.0,1.0,1.0,0.26666666666666666,1.0,0.26666666666666666,1.0,1.0,1.0,1.0,0.24,1.0,0.24,1.0,1.0,1.0,1.0,qwen3_8b-dj_adpt,11,webtable-cl_optim-v=12-distilroberta-dj_adpt~qwen3_8b-dj_adpt
tuition_assistance_program_tap_recipients_a.pq,1.0,0.09090909090909091,1.0,0.09090909090909091,1.0,1.0,0.09090909090909091,1.0,0.45454545454545453,1.0,0.45454545454545453,1.0,1.0,0.45454545454545453,1.0,0.9090909090909091,1.0,0.9090909090909091,1.0,1.0,0.9090909090909091,0.7333333333333333,1.0,0.7333333333333333,1.0,1.0,1.0,1.0,0.55,1.0,0.55,1.0,1.0,1.0,1.0,0.44,1.0,0.44,1.0,1.0,1.0,1.0,0.36666666666666664,1.0,0.36666666666666664,1.0,1.0,1.0,1.0,0.3142857142857143,1.0,0.3142857142857143,1.0,1.0,1.0,1.0,0.275,1.0,0.275,1.0,1.0,1.0,1.0,0.24444444444444444,1.0,0.24444444444444444,1.0,1.0,1.0,1.0,0.22,1.0,0.22,1.0,1.0,1.0,1.0,qwen3_8b-dj_adpt,11,webtable-cl_optim-v=12-distilroberta-dj_adpt~qwen3_8b-dj_adpt
