checkpoint_name,view_idx,batch_size,repetition,input_dim,output_dim,inference_time_ms,peak_gpu_memory_gb,device
webtable-union_minus-v=12-distilroberta-dj_adpt~qwen3_8b-dj_adpt,0,1,1,768,384,0.011661999999999999,0.008925437927246094,cuda
webtable-union_minus-v=12-distilroberta-dj_adpt~qwen3_8b-dj_adpt,0,1,2,768,384,0.011788,0.008925437927246094,cuda
webtable-union_minus-v=12-distilroberta-dj_adpt~qwen3_8b-dj_adpt,0,1,3,768,384,0.010336,0.008925437927246094,cuda
webtable-union_minus-v=12-distilroberta-dj_adpt~qwen3_8b-dj_adpt,0,1,4,768,384,0.010756,0.008925437927246094,cuda
webtable-union_minus-v=12-distilroberta-dj_adpt~qwen3_8b-dj_adpt,0,1,5,768,384,0.010406,0.008925437927246094,cuda
webtable-union_minus-v=12-distilroberta-dj_adpt~qwen3_8b-dj_adpt,0,1,6,768,384,0.010178,0.008925437927246094,cuda
webtable-union_minus-v=12-distilroberta-dj_adpt~qwen3_8b-dj_adpt,0,1,7,768,384,0.00992,0.008925437927246094,cuda
webtable-union_minus-v=12-distilroberta-dj_adpt~qwen3_8b-dj_adpt,0,1,8,768,384,0.009949999999999999,0.008925437927246094,cuda
webtable-union_minus-v=12-distilroberta-dj_adpt~qwen3_8b-dj_adpt,0,1,9,768,384,0.01494,0.008925437927246094,cuda
webtable-union_minus-v=12-distilroberta-dj_adpt~qwen3_8b-dj_adpt,0,1,10,768,384,0.01087,0.008925437927246094,cuda
webtable-union_minus-v=12-distilroberta-dj_adpt~qwen3_8b-dj_adpt,1,1,1,384,384,0.008581,0.008924007415771484,cuda
webtable-union_minus-v=12-distilroberta-dj_adpt~qwen3_8b-dj_adpt,1,1,2,384,384,0.009465,0.008924007415771484,cuda
webtable-union_minus-v=12-distilroberta-dj_adpt~qwen3_8b-dj_adpt,1,1,3,384,384,0.009261,0.008924007415771484,cuda
webtable-union_minus-v=12-distilroberta-dj_adpt~qwen3_8b-dj_adpt,1,1,4,384,384,0.008905999999999999,0.008924007415771484,cuda
webtable-union_minus-v=12-distilroberta-dj_adpt~qwen3_8b-dj_adpt,1,1,5,384,384,0.009117,0.008924007415771484,cuda
webtable-union_minus-v=12-distilroberta-dj_adpt~qwen3_8b-dj_adpt,1,1,6,384,384,0.009623,0.008924007415771484,cuda
webtable-union_minus-v=12-distilroberta-dj_adpt~qwen3_8b-dj_adpt,1,1,7,384,384,0.00921,0.008924007415771484,cuda
webtable-union_minus-v=12-distilroberta-dj_adpt~qwen3_8b-dj_adpt,1,1,8,384,384,0.009228,0.008924007415771484,cuda
webtable-union_minus-v=12-distilroberta-dj_adpt~qwen3_8b-dj_adpt,1,1,9,384,384,0.008791,0.008924007415771484,cuda
webtable-union_minus-v=12-distilroberta-dj_adpt~qwen3_8b-dj_adpt,1,1,10,384,384,0.009123,0.008924007415771484,cuda
webtable-union_minus-v=12-distilroberta-dj_adpt~qwen3_8b-dj_adpt,2,1,1,384,384,0.008161,0.008924007415771484,cuda
webtable-union_minus-v=12-distilroberta-dj_adpt~qwen3_8b-dj_adpt,2,1,2,384,384,0.009093,0.008924007415771484,cuda
webtable-union_minus-v=12-distilroberta-dj_adpt~qwen3_8b-dj_adpt,2,1,3,384,384,0.009112,0.008924007415771484,cuda
webtable-union_minus-v=12-distilroberta-dj_adpt~qwen3_8b-dj_adpt,2,1,4,384,384,0.009348,0.008924007415771484,cuda
webtable-union_minus-v=12-distilroberta-dj_adpt~qwen3_8b-dj_adpt,2,1,5,384,384,0.00898,0.008924007415771484,cuda
webtable-union_minus-v=12-distilroberta-dj_adpt~qwen3_8b-dj_adpt,2,1,6,384,384,0.008924,0.008924007415771484,cuda
webtable-union_minus-v=12-distilroberta-dj_adpt~qwen3_8b-dj_adpt,2,1,7,384,384,0.009186999999999999,0.008924007415771484,cuda
webtable-union_minus-v=12-distilroberta-dj_adpt~qwen3_8b-dj_adpt,2,1,8,384,384,0.009127999999999999,0.008924007415771484,cuda
webtable-union_minus-v=12-distilroberta-dj_adpt~qwen3_8b-dj_adpt,2,1,9,384,384,0.009322,0.008924007415771484,cuda
webtable-union_minus-v=12-distilroberta-dj_adpt~qwen3_8b-dj_adpt,2,1,10,384,384,0.009356,0.008924007415771484,cuda
webtable-union_minus-v=12-distilroberta-dj_adpt~qwen3_8b-dj_adpt,3,1,1,768,384,0.008884999999999999,0.008925437927246094,cuda
webtable-union_minus-v=12-distilroberta-dj_adpt~qwen3_8b-dj_adpt,3,1,2,768,384,0.010074,0.008925437927246094,cuda
webtable-union_minus-v=12-distilroberta-dj_adpt~qwen3_8b-dj_adpt,3,1,3,768,384,0.009649999999999999,0.008925437927246094,cuda
webtable-union_minus-v=12-distilroberta-dj_adpt~qwen3_8b-dj_adpt,3,1,4,768,384,0.010015,0.008925437927246094,cuda
webtable-union_minus-v=12-distilroberta-dj_adpt~qwen3_8b-dj_adpt,3,1,5,768,384,0.009798,0.008925437927246094,cuda
webtable-union_minus-v=12-distilroberta-dj_adpt~qwen3_8b-dj_adpt,3,1,6,768,384,0.009762999999999999,0.008925437927246094,cuda
webtable-union_minus-v=12-distilroberta-dj_adpt~qwen3_8b-dj_adpt,3,1,7,768,384,0.009803,0.008925437927246094,cuda
webtable-union_minus-v=12-distilroberta-dj_adpt~qwen3_8b-dj_adpt,3,1,8,768,384,0.009503,0.008925437927246094,cuda
webtable-union_minus-v=12-distilroberta-dj_adpt~qwen3_8b-dj_adpt,3,1,9,768,384,0.009811,0.008925437927246094,cuda
webtable-union_minus-v=12-distilroberta-dj_adpt~qwen3_8b-dj_adpt,3,1,10,768,384,0.01325,0.008925437927246094,cuda
webtable-union_minus-v=12-distilroberta-dj_adpt~qwen3_8b-dj_adpt,4,1,1,768,384,0.008844,0.008925437927246094,cuda
webtable-union_minus-v=12-distilroberta-dj_adpt~qwen3_8b-dj_adpt,4,1,2,768,384,0.00979,0.008925437927246094,cuda
webtable-union_minus-v=12-distilroberta-dj_adpt~qwen3_8b-dj_adpt,4,1,3,768,384,0.009521,0.008925437927246094,cuda
webtable-union_minus-v=12-distilroberta-dj_adpt~qwen3_8b-dj_adpt,4,1,4,768,384,0.009089,0.008925437927246094,cuda
webtable-union_minus-v=12-distilroberta-dj_adpt~qwen3_8b-dj_adpt,4,1,5,768,384,0.009514,0.008925437927246094,cuda
webtable-union_minus-v=12-distilroberta-dj_adpt~qwen3_8b-dj_adpt,4,1,6,768,384,0.009522,0.008925437927246094,cuda
webtable-union_minus-v=12-distilroberta-dj_adpt~qwen3_8b-dj_adpt,4,1,7,768,384,0.00972,0.008925437927246094,cuda
webtable-union_minus-v=12-distilroberta-dj_adpt~qwen3_8b-dj_adpt,4,1,8,768,384,0.009654,0.008925437927246094,cuda
webtable-union_minus-v=12-distilroberta-dj_adpt~qwen3_8b-dj_adpt,4,1,9,768,384,0.009689,0.008925437927246094,cuda
webtable-union_minus-v=12-distilroberta-dj_adpt~qwen3_8b-dj_adpt,4,1,10,768,384,0.009696,0.008925437927246094,cuda
webtable-union_minus-v=12-distilroberta-dj_adpt~qwen3_8b-dj_adpt,5,1,1,768,384,0.008676,0.008925437927246094,cuda
webtable-union_minus-v=12-distilroberta-dj_adpt~qwen3_8b-dj_adpt,5,1,2,768,384,0.011635999999999999,0.008925437927246094,cuda
webtable-union_minus-v=12-distilroberta-dj_adpt~qwen3_8b-dj_adpt,5,1,3,768,384,0.010021,0.008925437927246094,cuda
webtable-union_minus-v=12-distilroberta-dj_adpt~qwen3_8b-dj_adpt,5,1,4,768,384,0.009445,0.008925437927246094,cuda
webtable-union_minus-v=12-distilroberta-dj_adpt~qwen3_8b-dj_adpt,5,1,5,768,384,0.009528,0.008925437927246094,cuda
webtable-union_minus-v=12-distilroberta-dj_adpt~qwen3_8b-dj_adpt,5,1,6,768,384,0.00993,0.008925437927246094,cuda
webtable-union_minus-v=12-distilroberta-dj_adpt~qwen3_8b-dj_adpt,5,1,7,768,384,0.009774999999999999,0.008925437927246094,cuda
webtable-union_minus-v=12-distilroberta-dj_adpt~qwen3_8b-dj_adpt,5,1,8,768,384,0.00979,0.008925437927246094,cuda
webtable-union_minus-v=12-distilroberta-dj_adpt~qwen3_8b-dj_adpt,5,1,9,768,384,0.009543,0.008925437927246094,cuda
webtable-union_minus-v=12-distilroberta-dj_adpt~qwen3_8b-dj_adpt,5,1,10,768,384,0.009677,0.008925437927246094,cuda
webtable-union_minus-v=12-distilroberta-dj_adpt~qwen3_8b-dj_adpt,6,1,1,896,384,0.009131,0.008925914764404297,cuda
webtable-union_minus-v=12-distilroberta-dj_adpt~qwen3_8b-dj_adpt,6,1,2,896,384,0.009887,0.008925914764404297,cuda
webtable-union_minus-v=12-distilroberta-dj_adpt~qwen3_8b-dj_adpt,6,1,3,896,384,0.009529,0.008925914764404297,cuda
webtable-union_minus-v=12-distilroberta-dj_adpt~qwen3_8b-dj_adpt,6,1,4,896,384,0.010006,0.008925914764404297,cuda
webtable-union_minus-v=12-distilroberta-dj_adpt~qwen3_8b-dj_adpt,6,1,5,896,384,0.009984,0.008925914764404297,cuda
webtable-union_minus-v=12-distilroberta-dj_adpt~qwen3_8b-dj_adpt,6,1,6,896,384,0.009833999999999999,0.008925914764404297,cuda
webtable-union_minus-v=12-distilroberta-dj_adpt~qwen3_8b-dj_adpt,6,1,7,896,384,0.009722,0.008925914764404297,cuda
webtable-union_minus-v=12-distilroberta-dj_adpt~qwen3_8b-dj_adpt,6,1,8,896,384,0.009623,0.008925914764404297,cuda
webtable-union_minus-v=12-distilroberta-dj_adpt~qwen3_8b-dj_adpt,6,1,9,896,384,0.009549,0.008925914764404297,cuda
webtable-union_minus-v=12-distilroberta-dj_adpt~qwen3_8b-dj_adpt,6,1,10,896,384,0.009630999999999999,0.008925914764404297,cuda
webtable-union_minus-v=12-distilroberta-dj_adpt~qwen3_8b-dj_adpt,7,1,1,1024,384,0.008605,0.0089263916015625,cuda
webtable-union_minus-v=12-distilroberta-dj_adpt~qwen3_8b-dj_adpt,7,1,2,1024,384,0.013238,0.0089263916015625,cuda
webtable-union_minus-v=12-distilroberta-dj_adpt~qwen3_8b-dj_adpt,7,1,3,1024,384,0.010515,0.0089263916015625,cuda
webtable-union_minus-v=12-distilroberta-dj_adpt~qwen3_8b-dj_adpt,7,1,4,1024,384,0.010469,0.0089263916015625,cuda
webtable-union_minus-v=12-distilroberta-dj_adpt~qwen3_8b-dj_adpt,7,1,5,1024,384,0.009887,0.0089263916015625,cuda
webtable-union_minus-v=12-distilroberta-dj_adpt~qwen3_8b-dj_adpt,7,1,6,1024,384,0.010565,0.0089263916015625,cuda
webtable-union_minus-v=12-distilroberta-dj_adpt~qwen3_8b-dj_adpt,7,1,7,1024,384,0.009847,0.0089263916015625,cuda
webtable-union_minus-v=12-distilroberta-dj_adpt~qwen3_8b-dj_adpt,7,1,8,1024,384,0.010095999999999999,0.0089263916015625,cuda
webtable-union_minus-v=12-distilroberta-dj_adpt~qwen3_8b-dj_adpt,7,1,9,1024,384,0.010107,0.0089263916015625,cuda
webtable-union_minus-v=12-distilroberta-dj_adpt~qwen3_8b-dj_adpt,7,1,10,1024,384,0.009899,0.0089263916015625,cuda
webtable-union_minus-v=12-distilroberta-dj_adpt~qwen3_8b-dj_adpt,8,1,1,2560,384,0.008931999999999999,0.008932113647460938,cuda
webtable-union_minus-v=12-distilroberta-dj_adpt~qwen3_8b-dj_adpt,8,1,2,2560,384,0.009831999999999999,0.008932113647460938,cuda
webtable-union_minus-v=12-distilroberta-dj_adpt~qwen3_8b-dj_adpt,8,1,3,2560,384,0.009909,0.008932113647460938,cuda
webtable-union_minus-v=12-distilroberta-dj_adpt~qwen3_8b-dj_adpt,8,1,4,2560,384,0.010086,0.008932113647460938,cuda
webtable-union_minus-v=12-distilroberta-dj_adpt~qwen3_8b-dj_adpt,8,1,5,2560,384,0.009621,0.008932113647460938,cuda
webtable-union_minus-v=12-distilroberta-dj_adpt~qwen3_8b-dj_adpt,8,1,6,2560,384,0.009711,0.008932113647460938,cuda
webtable-union_minus-v=12-distilroberta-dj_adpt~qwen3_8b-dj_adpt,8,1,7,2560,384,0.009792,0.008932113647460938,cuda
webtable-union_minus-v=12-distilroberta-dj_adpt~qwen3_8b-dj_adpt,8,1,8,2560,384,0.00985,0.008932113647460938,cuda
webtable-union_minus-v=12-distilroberta-dj_adpt~qwen3_8b-dj_adpt,8,1,9,2560,384,0.009713,0.008932113647460938,cuda
webtable-union_minus-v=12-distilroberta-dj_adpt~qwen3_8b-dj_adpt,8,1,10,2560,384,0.00959,0.008932113647460938,cuda
webtable-union_minus-v=12-distilroberta-dj_adpt~qwen3_8b-dj_adpt,9,1,1,3840,384,0.00912,0.008936882019042969,cuda
webtable-union_minus-v=12-distilroberta-dj_adpt~qwen3_8b-dj_adpt,9,1,2,3840,384,0.009802,0.008936882019042969,cuda
webtable-union_minus-v=12-distilroberta-dj_adpt~qwen3_8b-dj_adpt,9,1,3,3840,384,0.009734,0.008936882019042969,cuda
webtable-union_minus-v=12-distilroberta-dj_adpt~qwen3_8b-dj_adpt,9,1,4,3840,384,0.010074999999999999,0.008936882019042969,cuda
webtable-union_minus-v=12-distilroberta-dj_adpt~qwen3_8b-dj_adpt,9,1,5,3840,384,0.009755999999999999,0.008936882019042969,cuda
webtable-union_minus-v=12-distilroberta-dj_adpt~qwen3_8b-dj_adpt,9,1,6,3840,384,0.009951999999999999,0.008936882019042969,cuda
webtable-union_minus-v=12-distilroberta-dj_adpt~qwen3_8b-dj_adpt,9,1,7,3840,384,0.010241,0.008936882019042969,cuda
webtable-union_minus-v=12-distilroberta-dj_adpt~qwen3_8b-dj_adpt,9,1,8,3840,384,0.00979,0.008936882019042969,cuda
webtable-union_minus-v=12-distilroberta-dj_adpt~qwen3_8b-dj_adpt,9,1,9,3840,384,0.009826,0.008936882019042969,cuda
webtable-union_minus-v=12-distilroberta-dj_adpt~qwen3_8b-dj_adpt,9,1,10,3840,384,0.010088999999999999,0.008936882019042969,cuda
webtable-union_minus-v=12-distilroberta-dj_adpt~qwen3_8b-dj_adpt,10,1,1,4096,384,0.008778,0.008937835693359375,cuda
webtable-union_minus-v=12-distilroberta-dj_adpt~qwen3_8b-dj_adpt,10,1,2,4096,384,0.009673,0.008937835693359375,cuda
webtable-union_minus-v=12-distilroberta-dj_adpt~qwen3_8b-dj_adpt,10,1,3,4096,384,0.013052999999999999,0.008937835693359375,cuda
webtable-union_minus-v=12-distilroberta-dj_adpt~qwen3_8b-dj_adpt,10,1,4,4096,384,0.009885,0.008937835693359375,cuda
webtable-union_minus-v=12-distilroberta-dj_adpt~qwen3_8b-dj_adpt,10,1,5,4096,384,0.009856,0.008937835693359375,cuda
webtable-union_minus-v=12-distilroberta-dj_adpt~qwen3_8b-dj_adpt,10,1,6,4096,384,0.009731,0.008937835693359375,cuda
webtable-union_minus-v=12-distilroberta-dj_adpt~qwen3_8b-dj_adpt,10,1,7,4096,384,0.0095,0.008937835693359375,cuda
webtable-union_minus-v=12-distilroberta-dj_adpt~qwen3_8b-dj_adpt,10,1,8,4096,384,0.009847,0.008937835693359375,cuda
webtable-union_minus-v=12-distilroberta-dj_adpt~qwen3_8b-dj_adpt,10,1,9,4096,384,0.009762999999999999,0.008937835693359375,cuda
webtable-union_minus-v=12-distilroberta-dj_adpt~qwen3_8b-dj_adpt,10,1,10,4096,384,0.010244,0.008937835693359375,cuda
webtable-union_minus-v=12-distilroberta-dj_adpt~qwen3_8b-dj_adpt,11,1,1,4096,384,0.00845,0.008937835693359375,cuda
webtable-union_minus-v=12-distilroberta-dj_adpt~qwen3_8b-dj_adpt,11,1,2,4096,384,0.009486999999999999,0.008937835693359375,cuda
webtable-union_minus-v=12-distilroberta-dj_adpt~qwen3_8b-dj_adpt,11,1,3,4096,384,0.009302999999999999,0.008937835693359375,cuda
webtable-union_minus-v=12-distilroberta-dj_adpt~qwen3_8b-dj_adpt,11,1,4,4096,384,0.009622,0.008937835693359375,cuda
webtable-union_minus-v=12-distilroberta-dj_adpt~qwen3_8b-dj_adpt,11,1,5,4096,384,0.009630999999999999,0.008937835693359375,cuda
webtable-union_minus-v=12-distilroberta-dj_adpt~qwen3_8b-dj_adpt,11,1,6,4096,384,0.010123,0.008937835693359375,cuda
webtable-union_minus-v=12-distilroberta-dj_adpt~qwen3_8b-dj_adpt,11,1,7,4096,384,0.009805999999999999,0.008937835693359375,cuda
webtable-union_minus-v=12-distilroberta-dj_adpt~qwen3_8b-dj_adpt,11,1,8,4096,384,0.009651,0.008937835693359375,cuda
webtable-union_minus-v=12-distilroberta-dj_adpt~qwen3_8b-dj_adpt,11,1,9,4096,384,0.009582,0.008937835693359375,cuda
webtable-union_minus-v=12-distilroberta-dj_adpt~qwen3_8b-dj_adpt,11,1,10,4096,384,0.009932,0.008937835693359375,cuda
webtable-union_minus-v=12-distilroberta-dj_adpt~qwen3_8b-dj_adpt,0,2,1,768,384,0.009828,0.008928298950195312,cuda
webtable-union_minus-v=12-distilroberta-dj_adpt~qwen3_8b-dj_adpt,0,2,2,768,384,0.010511,0.008928298950195312,cuda
webtable-union_minus-v=12-distilroberta-dj_adpt~qwen3_8b-dj_adpt,0,2,3,768,384,0.01013,0.008928298950195312,cuda
webtable-union_minus-v=12-distilroberta-dj_adpt~qwen3_8b-dj_adpt,0,2,4,768,384,0.009947,0.008928298950195312,cuda
webtable-union_minus-v=12-distilroberta-dj_adpt~qwen3_8b-dj_adpt,0,2,5,768,384,0.009838,0.008928298950195312,cuda
webtable-union_minus-v=12-distilroberta-dj_adpt~qwen3_8b-dj_adpt,0,2,6,768,384,0.00993,0.008928298950195312,cuda
webtable-union_minus-v=12-distilroberta-dj_adpt~qwen3_8b-dj_adpt,0,2,7,768,384,0.0101,0.008928298950195312,cuda
webtable-union_minus-v=12-distilroberta-dj_adpt~qwen3_8b-dj_adpt,0,2,8,768,384,0.009888,0.008928298950195312,cuda
webtable-union_minus-v=12-distilroberta-dj_adpt~qwen3_8b-dj_adpt,0,2,9,768,384,0.009776,0.008928298950195312,cuda
webtable-union_minus-v=12-distilroberta-dj_adpt~qwen3_8b-dj_adpt,0,2,10,768,384,0.010235,0.008928298950195312,cuda
webtable-union_minus-v=12-distilroberta-dj_adpt~qwen3_8b-dj_adpt,1,2,1,384,384,0.00862,0.008925437927246094,cuda
webtable-union_minus-v=12-distilroberta-dj_adpt~qwen3_8b-dj_adpt,1,2,2,384,384,0.009361,0.008925437927246094,cuda
webtable-union_minus-v=12-distilroberta-dj_adpt~qwen3_8b-dj_adpt,1,2,3,384,384,0.009115999999999999,0.008925437927246094,cuda
webtable-union_minus-v=12-distilroberta-dj_adpt~qwen3_8b-dj_adpt,1,2,4,384,384,0.00903,0.008925437927246094,cuda
webtable-union_minus-v=12-distilroberta-dj_adpt~qwen3_8b-dj_adpt,1,2,5,384,384,0.011684,0.008925437927246094,cuda
webtable-union_minus-v=12-distilroberta-dj_adpt~qwen3_8b-dj_adpt,1,2,6,384,384,0.009363999999999999,0.008925437927246094,cuda
webtable-union_minus-v=12-distilroberta-dj_adpt~qwen3_8b-dj_adpt,1,2,7,384,384,0.009064,0.008925437927246094,cuda
webtable-union_minus-v=12-distilroberta-dj_adpt~qwen3_8b-dj_adpt,1,2,8,384,384,0.009145,0.008925437927246094,cuda
webtable-union_minus-v=12-distilroberta-dj_adpt~qwen3_8b-dj_adpt,1,2,9,384,384,0.008957,0.008925437927246094,cuda
webtable-union_minus-v=12-distilroberta-dj_adpt~qwen3_8b-dj_adpt,1,2,10,384,384,0.009011,0.008925437927246094,cuda
webtable-union_minus-v=12-distilroberta-dj_adpt~qwen3_8b-dj_adpt,2,2,1,384,384,0.008312,0.008925437927246094,cuda
webtable-union_minus-v=12-distilroberta-dj_adpt~qwen3_8b-dj_adpt,2,2,2,384,384,0.009145,0.008925437927246094,cuda
webtable-union_minus-v=12-distilroberta-dj_adpt~qwen3_8b-dj_adpt,2,2,3,384,384,0.008973,0.008925437927246094,cuda
webtable-union_minus-v=12-distilroberta-dj_adpt~qwen3_8b-dj_adpt,2,2,4,384,384,0.009318,0.008925437927246094,cuda
webtable-union_minus-v=12-distilroberta-dj_adpt~qwen3_8b-dj_adpt,2,2,5,384,384,0.008995,0.008925437927246094,cuda
webtable-union_minus-v=12-distilroberta-dj_adpt~qwen3_8b-dj_adpt,2,2,6,384,384,0.009372,0.008925437927246094,cuda
webtable-union_minus-v=12-distilroberta-dj_adpt~qwen3_8b-dj_adpt,2,2,7,384,384,0.008784,0.008925437927246094,cuda
webtable-union_minus-v=12-distilroberta-dj_adpt~qwen3_8b-dj_adpt,2,2,8,384,384,0.009271999999999999,0.008925437927246094,cuda
webtable-union_minus-v=12-distilroberta-dj_adpt~qwen3_8b-dj_adpt,2,2,9,384,384,0.009072,0.008925437927246094,cuda
webtable-union_minus-v=12-distilroberta-dj_adpt~qwen3_8b-dj_adpt,2,2,10,384,384,0.009012,0.008925437927246094,cuda
webtable-union_minus-v=12-distilroberta-dj_adpt~qwen3_8b-dj_adpt,3,2,1,768,384,0.008928,0.008928298950195312,cuda
webtable-union_minus-v=12-distilroberta-dj_adpt~qwen3_8b-dj_adpt,3,2,2,768,384,0.009731,0.008928298950195312,cuda
webtable-union_minus-v=12-distilroberta-dj_adpt~qwen3_8b-dj_adpt,3,2,3,768,384,0.010036,0.008928298950195312,cuda
webtable-union_minus-v=12-distilroberta-dj_adpt~qwen3_8b-dj_adpt,3,2,4,768,384,0.01009,0.008928298950195312,cuda
webtable-union_minus-v=12-distilroberta-dj_adpt~qwen3_8b-dj_adpt,3,2,5,768,384,0.010093,0.008928298950195312,cuda
webtable-union_minus-v=12-distilroberta-dj_adpt~qwen3_8b-dj_adpt,3,2,6,768,384,0.009941,0.008928298950195312,cuda
webtable-union_minus-v=12-distilroberta-dj_adpt~qwen3_8b-dj_adpt,3,2,7,768,384,0.010121999999999999,0.008928298950195312,cuda
webtable-union_minus-v=12-distilroberta-dj_adpt~qwen3_8b-dj_adpt,3,2,8,768,384,0.010058,0.008928298950195312,cuda
webtable-union_minus-v=12-distilroberta-dj_adpt~qwen3_8b-dj_adpt,3,2,9,768,384,0.009873,0.008928298950195312,cuda
webtable-union_minus-v=12-distilroberta-dj_adpt~qwen3_8b-dj_adpt,3,2,10,768,384,0.009648,0.008928298950195312,cuda
webtable-union_minus-v=12-distilroberta-dj_adpt~qwen3_8b-dj_adpt,4,2,1,768,384,0.009106,0.008928298950195312,cuda
webtable-union_minus-v=12-distilroberta-dj_adpt~qwen3_8b-dj_adpt,4,2,2,768,384,0.010073,0.008928298950195312,cuda
webtable-union_minus-v=12-distilroberta-dj_adpt~qwen3_8b-dj_adpt,4,2,3,768,384,0.009799,0.008928298950195312,cuda
webtable-union_minus-v=12-distilroberta-dj_adpt~qwen3_8b-dj_adpt,4,2,4,768,384,0.010032,0.008928298950195312,cuda
webtable-union_minus-v=12-distilroberta-dj_adpt~qwen3_8b-dj_adpt,4,2,5,768,384,0.010078,0.008928298950195312,cuda
webtable-union_minus-v=12-distilroberta-dj_adpt~qwen3_8b-dj_adpt,4,2,6,768,384,0.013682,0.008928298950195312,cuda
webtable-union_minus-v=12-distilroberta-dj_adpt~qwen3_8b-dj_adpt,4,2,7,768,384,0.0104,0.008928298950195312,cuda
webtable-union_minus-v=12-distilroberta-dj_adpt~qwen3_8b-dj_adpt,4,2,8,768,384,0.009956,0.008928298950195312,cuda
webtable-union_minus-v=12-distilroberta-dj_adpt~qwen3_8b-dj_adpt,4,2,9,768,384,0.010048999999999999,0.008928298950195312,cuda
webtable-union_minus-v=12-distilroberta-dj_adpt~qwen3_8b-dj_adpt,4,2,10,768,384,0.009597,0.008928298950195312,cuda
webtable-union_minus-v=12-distilroberta-dj_adpt~qwen3_8b-dj_adpt,5,2,1,768,384,0.008905999999999999,0.008928298950195312,cuda
webtable-union_minus-v=12-distilroberta-dj_adpt~qwen3_8b-dj_adpt,5,2,2,768,384,0.009718,0.008928298950195312,cuda
webtable-union_minus-v=12-distilroberta-dj_adpt~qwen3_8b-dj_adpt,5,2,3,768,384,0.009479999999999999,0.008928298950195312,cuda
webtable-union_minus-v=12-distilroberta-dj_adpt~qwen3_8b-dj_adpt,5,2,4,768,384,0.010003,0.008928298950195312,cuda
webtable-union_minus-v=12-distilroberta-dj_adpt~qwen3_8b-dj_adpt,5,2,5,768,384,0.009554,0.008928298950195312,cuda
webtable-union_minus-v=12-distilroberta-dj_adpt~qwen3_8b-dj_adpt,5,2,6,768,384,0.00957,0.008928298950195312,cuda
webtable-union_minus-v=12-distilroberta-dj_adpt~qwen3_8b-dj_adpt,5,2,7,768,384,0.009975999999999999,0.008928298950195312,cuda
webtable-union_minus-v=12-distilroberta-dj_adpt~qwen3_8b-dj_adpt,5,2,8,768,384,0.009694999999999999,0.008928298950195312,cuda
webtable-union_minus-v=12-distilroberta-dj_adpt~qwen3_8b-dj_adpt,5,2,9,768,384,0.009666,0.008928298950195312,cuda
webtable-union_minus-v=12-distilroberta-dj_adpt~qwen3_8b-dj_adpt,5,2,10,768,384,0.009771,0.008928298950195312,cuda
webtable-union_minus-v=12-distilroberta-dj_adpt~qwen3_8b-dj_adpt,6,2,1,896,384,0.008584,0.008929252624511719,cuda
webtable-union_minus-v=12-distilroberta-dj_adpt~qwen3_8b-dj_adpt,6,2,2,896,384,0.009895,0.008929252624511719,cuda
webtable-union_minus-v=12-distilroberta-dj_adpt~qwen3_8b-dj_adpt,6,2,3,896,384,0.009557999999999999,0.008929252624511719,cuda
webtable-union_minus-v=12-distilroberta-dj_adpt~qwen3_8b-dj_adpt,6,2,4,896,384,0.009658,0.008929252624511719,cuda
webtable-union_minus-v=12-distilroberta-dj_adpt~qwen3_8b-dj_adpt,6,2,5,896,384,0.009759,0.008929252624511719,cuda
webtable-union_minus-v=12-distilroberta-dj_adpt~qwen3_8b-dj_adpt,6,2,6,896,384,0.009948,0.008929252624511719,cuda
webtable-union_minus-v=12-distilroberta-dj_adpt~qwen3_8b-dj_adpt,6,2,7,896,384,0.009731,0.008929252624511719,cuda
webtable-union_minus-v=12-distilroberta-dj_adpt~qwen3_8b-dj_adpt,6,2,8,896,384,0.009882,0.008929252624511719,cuda
webtable-union_minus-v=12-distilroberta-dj_adpt~qwen3_8b-dj_adpt,6,2,9,896,384,0.009673,0.008929252624511719,cuda
webtable-union_minus-v=12-distilroberta-dj_adpt~qwen3_8b-dj_adpt,6,2,10,896,384,0.009781999999999999,0.008929252624511719,cuda
webtable-union_minus-v=12-distilroberta-dj_adpt~qwen3_8b-dj_adpt,7,2,1,1024,384,0.008812,0.008930206298828125,cuda
webtable-union_minus-v=12-distilroberta-dj_adpt~qwen3_8b-dj_adpt,7,2,2,1024,384,0.009741,0.008930206298828125,cuda
webtable-union_minus-v=12-distilroberta-dj_adpt~qwen3_8b-dj_adpt,7,2,3,1024,384,0.009833,0.008930206298828125,cuda
webtable-union_minus-v=12-distilroberta-dj_adpt~qwen3_8b-dj_adpt,7,2,4,1024,384,0.009635999999999999,0.008930206298828125,cuda
webtable-union_minus-v=12-distilroberta-dj_adpt~qwen3_8b-dj_adpt,7,2,5,1024,384,0.009816,0.008930206298828125,cuda
webtable-union_minus-v=12-distilroberta-dj_adpt~qwen3_8b-dj_adpt,7,2,6,1024,384,0.009859,0.008930206298828125,cuda
webtable-union_minus-v=12-distilroberta-dj_adpt~qwen3_8b-dj_adpt,7,2,7,1024,384,0.009733,0.008930206298828125,cuda
webtable-union_minus-v=12-distilroberta-dj_adpt~qwen3_8b-dj_adpt,7,2,8,1024,384,0.012758,0.008930206298828125,cuda
webtable-union_minus-v=12-distilroberta-dj_adpt~qwen3_8b-dj_adpt,7,2,9,1024,384,0.010154999999999999,0.008930206298828125,cuda
webtable-union_minus-v=12-distilroberta-dj_adpt~qwen3_8b-dj_adpt,7,2,10,1024,384,0.009791,0.008930206298828125,cuda
webtable-union_minus-v=12-distilroberta-dj_adpt~qwen3_8b-dj_adpt,8,2,1,2560,384,0.008577999999999999,0.008941650390625,cuda
webtable-union_minus-v=12-distilroberta-dj_adpt~qwen3_8b-dj_adpt,8,2,2,2560,384,0.010194,0.008941650390625,cuda
webtable-union_minus-v=12-distilroberta-dj_adpt~qwen3_8b-dj_adpt,8,2,3,2560,384,0.009936,0.008941650390625,cuda
webtable-union_minus-v=12-distilroberta-dj_adpt~qwen3_8b-dj_adpt,8,2,4,2560,384,0.009732,0.008941650390625,cuda
webtable-union_minus-v=12-distilroberta-dj_adpt~qwen3_8b-dj_adpt,8,2,5,2560,384,0.009817,0.008941650390625,cuda
webtable-union_minus-v=12-distilroberta-dj_adpt~qwen3_8b-dj_adpt,8,2,6,2560,384,0.009637999999999999,0.008941650390625,cuda
webtable-union_minus-v=12-distilroberta-dj_adpt~qwen3_8b-dj_adpt,8,2,7,2560,384,0.01005,0.008941650390625,cuda
webtable-union_minus-v=12-distilroberta-dj_adpt~qwen3_8b-dj_adpt,8,2,8,2560,384,0.00971,0.008941650390625,cuda
webtable-union_minus-v=12-distilroberta-dj_adpt~qwen3_8b-dj_adpt,8,2,9,2560,384,0.010026,0.008941650390625,cuda
webtable-union_minus-v=12-distilroberta-dj_adpt~qwen3_8b-dj_adpt,8,2,10,2560,384,0.010312,0.008941650390625,cuda
webtable-union_minus-v=12-distilroberta-dj_adpt~qwen3_8b-dj_adpt,9,2,1,3840,384,0.008738,0.008951187133789062,cuda
webtable-union_minus-v=12-distilroberta-dj_adpt~qwen3_8b-dj_adpt,9,2,2,3840,384,0.009913,0.008951187133789062,cuda
webtable-union_minus-v=12-distilroberta-dj_adpt~qwen3_8b-dj_adpt,9,2,3,3840,384,0.009866999999999999,0.008951187133789062,cuda
webtable-union_minus-v=12-distilroberta-dj_adpt~qwen3_8b-dj_adpt,9,2,4,3840,384,0.010097,0.008951187133789062,cuda
webtable-union_minus-v=12-distilroberta-dj_adpt~qwen3_8b-dj_adpt,9,2,5,3840,384,0.009995,0.008951187133789062,cuda
webtable-union_minus-v=12-distilroberta-dj_adpt~qwen3_8b-dj_adpt,9,2,6,3840,384,0.009923,0.008951187133789062,cuda
webtable-union_minus-v=12-distilroberta-dj_adpt~qwen3_8b-dj_adpt,9,2,7,3840,384,0.009819999999999999,0.008951187133789062,cuda
webtable-union_minus-v=12-distilroberta-dj_adpt~qwen3_8b-dj_adpt,9,2,8,3840,384,0.009831999999999999,0.008951187133789062,cuda
webtable-union_minus-v=12-distilroberta-dj_adpt~qwen3_8b-dj_adpt,9,2,9,3840,384,0.009840999999999999,0.008951187133789062,cuda
webtable-union_minus-v=12-distilroberta-dj_adpt~qwen3_8b-dj_adpt,9,2,10,3840,384,0.009621,0.008951187133789062,cuda
webtable-union_minus-v=12-distilroberta-dj_adpt~qwen3_8b-dj_adpt,10,2,1,4096,384,0.009035999999999999,0.008953094482421875,cuda
webtable-union_minus-v=12-distilroberta-dj_adpt~qwen3_8b-dj_adpt,10,2,2,4096,384,0.009878,0.008953094482421875,cuda
webtable-union_minus-v=12-distilroberta-dj_adpt~qwen3_8b-dj_adpt,10,2,3,4096,384,0.010059,0.008953094482421875,cuda
webtable-union_minus-v=12-distilroberta-dj_adpt~qwen3_8b-dj_adpt,10,2,4,4096,384,0.009685,0.008953094482421875,cuda
webtable-union_minus-v=12-distilroberta-dj_adpt~qwen3_8b-dj_adpt,10,2,5,4096,384,0.010716,0.008953094482421875,cuda
webtable-union_minus-v=12-distilroberta-dj_adpt~qwen3_8b-dj_adpt,10,2,6,4096,384,0.009922,0.008953094482421875,cuda
webtable-union_minus-v=12-distilroberta-dj_adpt~qwen3_8b-dj_adpt,10,2,7,4096,384,0.010091,0.008953094482421875,cuda
webtable-union_minus-v=12-distilroberta-dj_adpt~qwen3_8b-dj_adpt,10,2,8,4096,384,0.009929,0.008953094482421875,cuda
webtable-union_minus-v=12-distilroberta-dj_adpt~qwen3_8b-dj_adpt,10,2,9,4096,384,0.012544999999999999,0.008953094482421875,cuda
webtable-union_minus-v=12-distilroberta-dj_adpt~qwen3_8b-dj_adpt,10,2,10,4096,384,0.010010999999999999,0.008953094482421875,cuda
webtable-union_minus-v=12-distilroberta-dj_adpt~qwen3_8b-dj_adpt,11,2,1,4096,384,0.008864,0.008953094482421875,cuda
webtable-union_minus-v=12-distilroberta-dj_adpt~qwen3_8b-dj_adpt,11,2,2,4096,384,0.009707,0.008953094482421875,cuda
webtable-union_minus-v=12-distilroberta-dj_adpt~qwen3_8b-dj_adpt,11,2,3,4096,384,0.009767,0.008953094482421875,cuda
webtable-union_minus-v=12-distilroberta-dj_adpt~qwen3_8b-dj_adpt,11,2,4,4096,384,0.009536,0.008953094482421875,cuda
webtable-union_minus-v=12-distilroberta-dj_adpt~qwen3_8b-dj_adpt,11,2,5,4096,384,0.010001999999999999,0.008953094482421875,cuda
webtable-union_minus-v=12-distilroberta-dj_adpt~qwen3_8b-dj_adpt,11,2,6,4096,384,0.009746999999999999,0.008953094482421875,cuda
webtable-union_minus-v=12-distilroberta-dj_adpt~qwen3_8b-dj_adpt,11,2,7,4096,384,0.009578,0.008953094482421875,cuda
webtable-union_minus-v=12-distilroberta-dj_adpt~qwen3_8b-dj_adpt,11,2,8,4096,384,0.009597999999999999,0.008953094482421875,cuda
webtable-union_minus-v=12-distilroberta-dj_adpt~qwen3_8b-dj_adpt,11,2,9,4096,384,0.009711,0.008953094482421875,cuda
webtable-union_minus-v=12-distilroberta-dj_adpt~qwen3_8b-dj_adpt,11,2,10,4096,384,0.009859,0.008953094482421875,cuda
webtable-union_minus-v=12-distilroberta-dj_adpt~qwen3_8b-dj_adpt,0,4,1,768,384,0.009587,0.00893402099609375,cuda
webtable-union_minus-v=12-distilroberta-dj_adpt~qwen3_8b-dj_adpt,0,4,2,768,384,0.010381,0.00893402099609375,cuda
webtable-union_minus-v=12-distilroberta-dj_adpt~qwen3_8b-dj_adpt,0,4,3,768,384,0.010328,0.00893402099609375,cuda
webtable-union_minus-v=12-distilroberta-dj_adpt~qwen3_8b-dj_adpt,0,4,4,768,384,0.009995,0.00893402099609375,cuda
webtable-union_minus-v=12-distilroberta-dj_adpt~qwen3_8b-dj_adpt,0,4,5,768,384,0.010126,0.00893402099609375,cuda
webtable-union_minus-v=12-distilroberta-dj_adpt~qwen3_8b-dj_adpt,0,4,6,768,384,0.010203,0.00893402099609375,cuda
webtable-union_minus-v=12-distilroberta-dj_adpt~qwen3_8b-dj_adpt,0,4,7,768,384,0.010083,0.00893402099609375,cuda
webtable-union_minus-v=12-distilroberta-dj_adpt~qwen3_8b-dj_adpt,0,4,8,768,384,0.01022,0.00893402099609375,cuda
webtable-union_minus-v=12-distilroberta-dj_adpt~qwen3_8b-dj_adpt,0,4,9,768,384,0.010222,0.00893402099609375,cuda
webtable-union_minus-v=12-distilroberta-dj_adpt~qwen3_8b-dj_adpt,0,4,10,768,384,0.010258,0.00893402099609375,cuda
webtable-union_minus-v=12-distilroberta-dj_adpt~qwen3_8b-dj_adpt,1,4,1,384,384,0.008387,0.008928298950195312,cuda
webtable-union_minus-v=12-distilroberta-dj_adpt~qwen3_8b-dj_adpt,1,4,2,384,384,0.008955,0.008928298950195312,cuda
webtable-union_minus-v=12-distilroberta-dj_adpt~qwen3_8b-dj_adpt,1,4,3,384,384,0.009002999999999999,0.008928298950195312,cuda
webtable-union_minus-v=12-distilroberta-dj_adpt~qwen3_8b-dj_adpt,1,4,4,384,384,0.009184,0.008928298950195312,cuda
webtable-union_minus-v=12-distilroberta-dj_adpt~qwen3_8b-dj_adpt,1,4,5,384,384,0.008973,0.008928298950195312,cuda
webtable-union_minus-v=12-distilroberta-dj_adpt~qwen3_8b-dj_adpt,1,4,6,384,384,0.009082,0.008928298950195312,cuda
webtable-union_minus-v=12-distilroberta-dj_adpt~qwen3_8b-dj_adpt,1,4,7,384,384,0.008995,0.008928298950195312,cuda
webtable-union_minus-v=12-distilroberta-dj_adpt~qwen3_8b-dj_adpt,1,4,8,384,384,0.009184999999999999,0.008928298950195312,cuda
webtable-union_minus-v=12-distilroberta-dj_adpt~qwen3_8b-dj_adpt,1,4,9,384,384,0.009273,0.008928298950195312,cuda
webtable-union_minus-v=12-distilroberta-dj_adpt~qwen3_8b-dj_adpt,1,4,10,384,384,0.008733,0.008928298950195312,cuda
webtable-union_minus-v=12-distilroberta-dj_adpt~qwen3_8b-dj_adpt,2,4,1,384,384,0.008601,0.008928298950195312,cuda
webtable-union_minus-v=12-distilroberta-dj_adpt~qwen3_8b-dj_adpt,2,4,2,384,384,0.009198,0.008928298950195312,cuda
webtable-union_minus-v=12-distilroberta-dj_adpt~qwen3_8b-dj_adpt,2,4,3,384,384,0.009302,0.008928298950195312,cuda
webtable-union_minus-v=12-distilroberta-dj_adpt~qwen3_8b-dj_adpt,2,4,4,384,384,0.008863,0.008928298950195312,cuda
webtable-union_minus-v=12-distilroberta-dj_adpt~qwen3_8b-dj_adpt,2,4,5,384,384,0.009030999999999999,0.008928298950195312,cuda
webtable-union_minus-v=12-distilroberta-dj_adpt~qwen3_8b-dj_adpt,2,4,6,384,384,0.009034,0.008928298950195312,cuda
webtable-union_minus-v=12-distilroberta-dj_adpt~qwen3_8b-dj_adpt,2,4,7,384,384,0.009203,0.008928298950195312,cuda
webtable-union_minus-v=12-distilroberta-dj_adpt~qwen3_8b-dj_adpt,2,4,8,384,384,0.008943,0.008928298950195312,cuda
webtable-union_minus-v=12-distilroberta-dj_adpt~qwen3_8b-dj_adpt,2,4,9,384,384,0.00911,0.008928298950195312,cuda
webtable-union_minus-v=12-distilroberta-dj_adpt~qwen3_8b-dj_adpt,2,4,10,384,384,0.009105,0.008928298950195312,cuda
webtable-union_minus-v=12-distilroberta-dj_adpt~qwen3_8b-dj_adpt,3,4,1,768,384,0.008976,0.00893402099609375,cuda
webtable-union_minus-v=12-distilroberta-dj_adpt~qwen3_8b-dj_adpt,3,4,2,768,384,0.010395999999999999,0.00893402099609375,cuda
webtable-union_minus-v=12-distilroberta-dj_adpt~qwen3_8b-dj_adpt,3,4,3,768,384,0.009951999999999999,0.00893402099609375,cuda
webtable-union_minus-v=12-distilroberta-dj_adpt~qwen3_8b-dj_adpt,3,4,4,768,384,0.010051,0.00893402099609375,cuda
webtable-union_minus-v=12-distilroberta-dj_adpt~qwen3_8b-dj_adpt,3,4,5,768,384,0.009968,0.00893402099609375,cuda
webtable-union_minus-v=12-distilroberta-dj_adpt~qwen3_8b-dj_adpt,3,4,6,768,384,0.009899999999999999,0.00893402099609375,cuda
webtable-union_minus-v=12-distilroberta-dj_adpt~qwen3_8b-dj_adpt,3,4,7,768,384,0.010189,0.00893402099609375,cuda
webtable-union_minus-v=12-distilroberta-dj_adpt~qwen3_8b-dj_adpt,3,4,8,768,384,0.009947,0.00893402099609375,cuda
webtable-union_minus-v=12-distilroberta-dj_adpt~qwen3_8b-dj_adpt,3,4,9,768,384,0.009745,0.00893402099609375,cuda
webtable-union_minus-v=12-distilroberta-dj_adpt~qwen3_8b-dj_adpt,3,4,10,768,384,0.010426,0.00893402099609375,cuda
webtable-union_minus-v=12-distilroberta-dj_adpt~qwen3_8b-dj_adpt,4,4,1,768,384,0.009038,0.00893402099609375,cuda
webtable-union_minus-v=12-distilroberta-dj_adpt~qwen3_8b-dj_adpt,4,4,2,768,384,0.010328,0.00893402099609375,cuda
webtable-union_minus-v=12-distilroberta-dj_adpt~qwen3_8b-dj_adpt,4,4,3,768,384,0.009712,0.00893402099609375,cuda
webtable-union_minus-v=12-distilroberta-dj_adpt~qwen3_8b-dj_adpt,4,4,4,768,384,0.009986,0.00893402099609375,cuda
webtable-union_minus-v=12-distilroberta-dj_adpt~qwen3_8b-dj_adpt,4,4,5,768,384,0.009692,0.00893402099609375,cuda
webtable-union_minus-v=12-distilroberta-dj_adpt~qwen3_8b-dj_adpt,4,4,6,768,384,0.009892,0.00893402099609375,cuda
webtable-union_minus-v=12-distilroberta-dj_adpt~qwen3_8b-dj_adpt,4,4,7,768,384,0.009804,0.00893402099609375,cuda
webtable-union_minus-v=12-distilroberta-dj_adpt~qwen3_8b-dj_adpt,4,4,8,768,384,0.009743,0.00893402099609375,cuda
webtable-union_minus-v=12-distilroberta-dj_adpt~qwen3_8b-dj_adpt,4,4,9,768,384,0.009781,0.00893402099609375,cuda
webtable-union_minus-v=12-distilroberta-dj_adpt~qwen3_8b-dj_adpt,4,4,10,768,384,0.009765,0.00893402099609375,cuda
webtable-union_minus-v=12-distilroberta-dj_adpt~qwen3_8b-dj_adpt,5,4,1,768,384,0.009044,0.00893402099609375,cuda
webtable-union_minus-v=12-distilroberta-dj_adpt~qwen3_8b-dj_adpt,5,4,2,768,384,0.013019,0.00893402099609375,cuda
webtable-union_minus-v=12-distilroberta-dj_adpt~qwen3_8b-dj_adpt,5,4,3,768,384,0.010402,0.00893402099609375,cuda
webtable-union_minus-v=12-distilroberta-dj_adpt~qwen3_8b-dj_adpt,5,4,4,768,384,0.009829,0.00893402099609375,cuda
webtable-union_minus-v=12-distilroberta-dj_adpt~qwen3_8b-dj_adpt,5,4,5,768,384,0.009885,0.00893402099609375,cuda
webtable-union_minus-v=12-distilroberta-dj_adpt~qwen3_8b-dj_adpt,5,4,6,768,384,0.009878,0.00893402099609375,cuda
webtable-union_minus-v=12-distilroberta-dj_adpt~qwen3_8b-dj_adpt,5,4,7,768,384,0.009769,0.00893402099609375,cuda
webtable-union_minus-v=12-distilroberta-dj_adpt~qwen3_8b-dj_adpt,5,4,8,768,384,0.009649,0.00893402099609375,cuda
webtable-union_minus-v=12-distilroberta-dj_adpt~qwen3_8b-dj_adpt,5,4,9,768,384,0.010021,0.00893402099609375,cuda
webtable-union_minus-v=12-distilroberta-dj_adpt~qwen3_8b-dj_adpt,5,4,10,768,384,0.009954,0.00893402099609375,cuda
webtable-union_minus-v=12-distilroberta-dj_adpt~qwen3_8b-dj_adpt,6,4,1,896,384,0.008990999999999999,0.008935928344726562,cuda
webtable-union_minus-v=12-distilroberta-dj_adpt~qwen3_8b-dj_adpt,6,4,2,896,384,0.010013,0.008935928344726562,cuda
webtable-union_minus-v=12-distilroberta-dj_adpt~qwen3_8b-dj_adpt,6,4,3,896,384,0.009679,0.008935928344726562,cuda
webtable-union_minus-v=12-distilroberta-dj_adpt~qwen3_8b-dj_adpt,6,4,4,896,384,0.01006,0.008935928344726562,cuda
webtable-union_minus-v=12-distilroberta-dj_adpt~qwen3_8b-dj_adpt,6,4,5,896,384,0.009779999999999999,0.008935928344726562,cuda
webtable-union_minus-v=12-distilroberta-dj_adpt~qwen3_8b-dj_adpt,6,4,6,896,384,0.010046,0.008935928344726562,cuda
webtable-union_minus-v=12-distilroberta-dj_adpt~qwen3_8b-dj_adpt,6,4,7,896,384,0.009616,0.008935928344726562,cuda
webtable-union_minus-v=12-distilroberta-dj_adpt~qwen3_8b-dj_adpt,6,4,8,896,384,0.009536,0.008935928344726562,cuda
webtable-union_minus-v=12-distilroberta-dj_adpt~qwen3_8b-dj_adpt,6,4,9,896,384,0.009963999999999999,0.008935928344726562,cuda
webtable-union_minus-v=12-distilroberta-dj_adpt~qwen3_8b-dj_adpt,6,4,10,896,384,0.009807999999999999,0.008935928344726562,cuda
webtable-union_minus-v=12-distilroberta-dj_adpt~qwen3_8b-dj_adpt,7,4,1,1024,384,0.009137,0.008937835693359375,cuda
webtable-union_minus-v=12-distilroberta-dj_adpt~qwen3_8b-dj_adpt,7,4,2,1024,384,0.010289,0.008937835693359375,cuda
webtable-union_minus-v=12-distilroberta-dj_adpt~qwen3_8b-dj_adpt,7,4,3,1024,384,0.010001,0.008937835693359375,cuda
webtable-union_minus-v=12-distilroberta-dj_adpt~qwen3_8b-dj_adpt,7,4,4,1024,384,0.009786,0.008937835693359375,cuda
webtable-union_minus-v=12-distilroberta-dj_adpt~qwen3_8b-dj_adpt,7,4,5,1024,384,0.009934,0.008937835693359375,cuda
webtable-union_minus-v=12-distilroberta-dj_adpt~qwen3_8b-dj_adpt,7,4,6,1024,384,0.009935,0.008937835693359375,cuda
webtable-union_minus-v=12-distilroberta-dj_adpt~qwen3_8b-dj_adpt,7,4,7,1024,384,0.009802,0.008937835693359375,cuda
webtable-union_minus-v=12-distilroberta-dj_adpt~qwen3_8b-dj_adpt,7,4,8,1024,384,0.010029,0.008937835693359375,cuda
webtable-union_minus-v=12-distilroberta-dj_adpt~qwen3_8b-dj_adpt,7,4,9,1024,384,0.009967,0.008937835693359375,cuda
webtable-union_minus-v=12-distilroberta-dj_adpt~qwen3_8b-dj_adpt,7,4,10,1024,384,0.010091,0.008937835693359375,cuda
webtable-union_minus-v=12-distilroberta-dj_adpt~qwen3_8b-dj_adpt,8,4,1,2560,384,0.009216,0.008960723876953125,cuda
webtable-union_minus-v=12-distilroberta-dj_adpt~qwen3_8b-dj_adpt,8,4,2,2560,384,0.009873999999999999,0.008960723876953125,cuda
webtable-union_minus-v=12-distilroberta-dj_adpt~qwen3_8b-dj_adpt,8,4,3,2560,384,0.009642,0.008960723876953125,cuda
webtable-union_minus-v=12-distilroberta-dj_adpt~qwen3_8b-dj_adpt,8,4,4,2560,384,0.012986999999999999,0.008960723876953125,cuda
webtable-union_minus-v=12-distilroberta-dj_adpt~qwen3_8b-dj_adpt,8,4,5,2560,384,0.010019,0.008960723876953125,cuda
webtable-union_minus-v=12-distilroberta-dj_adpt~qwen3_8b-dj_adpt,8,4,6,2560,384,0.009679,0.008960723876953125,cuda
webtable-union_minus-v=12-distilroberta-dj_adpt~qwen3_8b-dj_adpt,8,4,7,2560,384,0.009863,0.008960723876953125,cuda
webtable-union_minus-v=12-distilroberta-dj_adpt~qwen3_8b-dj_adpt,8,4,8,2560,384,0.009486,0.008960723876953125,cuda
webtable-union_minus-v=12-distilroberta-dj_adpt~qwen3_8b-dj_adpt,8,4,9,2560,384,0.009842,0.008960723876953125,cuda
webtable-union_minus-v=12-distilroberta-dj_adpt~qwen3_8b-dj_adpt,8,4,10,2560,384,0.009937,0.008960723876953125,cuda
webtable-union_minus-v=12-distilroberta-dj_adpt~qwen3_8b-dj_adpt,9,4,1,3840,384,0.009032,0.00897979736328125,cuda
webtable-union_minus-v=12-distilroberta-dj_adpt~qwen3_8b-dj_adpt,9,4,2,3840,384,0.009885,0.00897979736328125,cuda
webtable-union_minus-v=12-distilroberta-dj_adpt~qwen3_8b-dj_adpt,9,4,3,3840,384,0.009708999999999999,0.00897979736328125,cuda
webtable-union_minus-v=12-distilroberta-dj_adpt~qwen3_8b-dj_adpt,9,4,4,3840,384,0.009668999999999999,0.00897979736328125,cuda
webtable-union_minus-v=12-distilroberta-dj_adpt~qwen3_8b-dj_adpt,9,4,5,3840,384,0.009819,0.00897979736328125,cuda
webtable-union_minus-v=12-distilroberta-dj_adpt~qwen3_8b-dj_adpt,9,4,6,3840,384,0.010126,0.00897979736328125,cuda
webtable-union_minus-v=12-distilroberta-dj_adpt~qwen3_8b-dj_adpt,9,4,7,3840,384,0.009835,0.00897979736328125,cuda
webtable-union_minus-v=12-distilroberta-dj_adpt~qwen3_8b-dj_adpt,9,4,8,3840,384,0.010027999999999999,0.00897979736328125,cuda
webtable-union_minus-v=12-distilroberta-dj_adpt~qwen3_8b-dj_adpt,9,4,9,3840,384,0.009766,0.00897979736328125,cuda
webtable-union_minus-v=12-distilroberta-dj_adpt~qwen3_8b-dj_adpt,9,4,10,3840,384,0.009949,0.00897979736328125,cuda
webtable-union_minus-v=12-distilroberta-dj_adpt~qwen3_8b-dj_adpt,10,4,1,4096,384,0.008837,0.008983612060546875,cuda
webtable-union_minus-v=12-distilroberta-dj_adpt~qwen3_8b-dj_adpt,10,4,2,4096,384,0.009842,0.008983612060546875,cuda
webtable-union_minus-v=12-distilroberta-dj_adpt~qwen3_8b-dj_adpt,10,4,3,4096,384,0.009881,0.008983612060546875,cuda
webtable-union_minus-v=12-distilroberta-dj_adpt~qwen3_8b-dj_adpt,10,4,4,4096,384,0.009592999999999999,0.008983612060546875,cuda
webtable-union_minus-v=12-distilroberta-dj_adpt~qwen3_8b-dj_adpt,10,4,5,4096,384,0.009686,0.008983612060546875,cuda
webtable-union_minus-v=12-distilroberta-dj_adpt~qwen3_8b-dj_adpt,10,4,6,4096,384,0.009689999999999999,0.008983612060546875,cuda
webtable-union_minus-v=12-distilroberta-dj_adpt~qwen3_8b-dj_adpt,10,4,7,4096,384,0.009641,0.008983612060546875,cuda
webtable-union_minus-v=12-distilroberta-dj_adpt~qwen3_8b-dj_adpt,10,4,8,4096,384,0.009654,0.008983612060546875,cuda
webtable-union_minus-v=12-distilroberta-dj_adpt~qwen3_8b-dj_adpt,10,4,9,4096,384,0.009882,0.008983612060546875,cuda
webtable-union_minus-v=12-distilroberta-dj_adpt~qwen3_8b-dj_adpt,10,4,10,4096,384,0.009908,0.008983612060546875,cuda
webtable-union_minus-v=12-distilroberta-dj_adpt~qwen3_8b-dj_adpt,11,4,1,4096,384,0.008756,0.008983612060546875,cuda
webtable-union_minus-v=12-distilroberta-dj_adpt~qwen3_8b-dj_adpt,11,4,2,4096,384,0.009994,0.008983612060546875,cuda
webtable-union_minus-v=12-distilroberta-dj_adpt~qwen3_8b-dj_adpt,11,4,3,4096,384,0.009666,0.008983612060546875,cuda
webtable-union_minus-v=12-distilroberta-dj_adpt~qwen3_8b-dj_adpt,11,4,4,4096,384,0.009705,0.008983612060546875,cuda
webtable-union_minus-v=12-distilroberta-dj_adpt~qwen3_8b-dj_adpt,11,4,5,4096,384,0.012587,0.008983612060546875,cuda
webtable-union_minus-v=12-distilroberta-dj_adpt~qwen3_8b-dj_adpt,11,4,6,4096,384,0.010338,0.008983612060546875,cuda
webtable-union_minus-v=12-distilroberta-dj_adpt~qwen3_8b-dj_adpt,11,4,7,4096,384,0.010019,0.008983612060546875,cuda
webtable-union_minus-v=12-distilroberta-dj_adpt~qwen3_8b-dj_adpt,11,4,8,4096,384,0.010542,0.008983612060546875,cuda
webtable-union_minus-v=12-distilroberta-dj_adpt~qwen3_8b-dj_adpt,11,4,9,4096,384,0.009958,0.008983612060546875,cuda
webtable-union_minus-v=12-distilroberta-dj_adpt~qwen3_8b-dj_adpt,11,4,10,4096,384,0.009689999999999999,0.008983612060546875,cuda
webtable-union_minus-v=12-distilroberta-dj_adpt~qwen3_8b-dj_adpt,0,8,1,768,384,0.009146999999999999,0.008945465087890625,cuda
webtable-union_minus-v=12-distilroberta-dj_adpt~qwen3_8b-dj_adpt,0,8,2,768,384,0.010178999999999999,0.008945465087890625,cuda
webtable-union_minus-v=12-distilroberta-dj_adpt~qwen3_8b-dj_adpt,0,8,3,768,384,0.00997,0.008945465087890625,cuda
webtable-union_minus-v=12-distilroberta-dj_adpt~qwen3_8b-dj_adpt,0,8,4,768,384,0.009988,0.008945465087890625,cuda
webtable-union_minus-v=12-distilroberta-dj_adpt~qwen3_8b-dj_adpt,0,8,5,768,384,0.009777,0.008945465087890625,cuda
webtable-union_minus-v=12-distilroberta-dj_adpt~qwen3_8b-dj_adpt,0,8,6,768,384,0.010270999999999999,0.008945465087890625,cuda
webtable-union_minus-v=12-distilroberta-dj_adpt~qwen3_8b-dj_adpt,0,8,7,768,384,0.009915,0.008945465087890625,cuda
webtable-union_minus-v=12-distilroberta-dj_adpt~qwen3_8b-dj_adpt,0,8,8,768,384,0.010021,0.008945465087890625,cuda
webtable-union_minus-v=12-distilroberta-dj_adpt~qwen3_8b-dj_adpt,0,8,9,768,384,0.010057,0.008945465087890625,cuda
webtable-union_minus-v=12-distilroberta-dj_adpt~qwen3_8b-dj_adpt,0,8,10,768,384,0.009665,0.008945465087890625,cuda
webtable-union_minus-v=12-distilroberta-dj_adpt~qwen3_8b-dj_adpt,1,8,1,384,384,0.008394,0.00893402099609375,cuda
webtable-union_minus-v=12-distilroberta-dj_adpt~qwen3_8b-dj_adpt,1,8,2,384,384,0.009212,0.00893402099609375,cuda
webtable-union_minus-v=12-distilroberta-dj_adpt~qwen3_8b-dj_adpt,1,8,3,384,384,0.009283,0.00893402099609375,cuda
webtable-union_minus-v=12-distilroberta-dj_adpt~qwen3_8b-dj_adpt,1,8,4,384,384,0.009285999999999999,0.00893402099609375,cuda
webtable-union_minus-v=12-distilroberta-dj_adpt~qwen3_8b-dj_adpt,1,8,5,384,384,0.009245,0.00893402099609375,cuda
webtable-union_minus-v=12-distilroberta-dj_adpt~qwen3_8b-dj_adpt,1,8,6,384,384,0.008877,0.00893402099609375,cuda
webtable-union_minus-v=12-distilroberta-dj_adpt~qwen3_8b-dj_adpt,1,8,7,384,384,0.009152,0.00893402099609375,cuda
webtable-union_minus-v=12-distilroberta-dj_adpt~qwen3_8b-dj_adpt,1,8,8,384,384,0.00882,0.00893402099609375,cuda
webtable-union_minus-v=12-distilroberta-dj_adpt~qwen3_8b-dj_adpt,1,8,9,384,384,0.008823,0.00893402099609375,cuda
webtable-union_minus-v=12-distilroberta-dj_adpt~qwen3_8b-dj_adpt,1,8,10,384,384,0.008997,0.00893402099609375,cuda
webtable-union_minus-v=12-distilroberta-dj_adpt~qwen3_8b-dj_adpt,2,8,1,384,384,0.008283,0.00893402099609375,cuda
webtable-union_minus-v=12-distilroberta-dj_adpt~qwen3_8b-dj_adpt,2,8,2,384,384,0.009233,0.00893402099609375,cuda
webtable-union_minus-v=12-distilroberta-dj_adpt~qwen3_8b-dj_adpt,2,8,3,384,384,0.008909,0.00893402099609375,cuda
webtable-union_minus-v=12-distilroberta-dj_adpt~qwen3_8b-dj_adpt,2,8,4,384,384,0.009106,0.00893402099609375,cuda
webtable-union_minus-v=12-distilroberta-dj_adpt~qwen3_8b-dj_adpt,2,8,5,384,384,0.008993,0.00893402099609375,cuda
webtable-union_minus-v=12-distilroberta-dj_adpt~qwen3_8b-dj_adpt,2,8,6,384,384,0.009156,0.00893402099609375,cuda
webtable-union_minus-v=12-distilroberta-dj_adpt~qwen3_8b-dj_adpt,2,8,7,384,384,0.011922,0.00893402099609375,cuda
webtable-union_minus-v=12-distilroberta-dj_adpt~qwen3_8b-dj_adpt,2,8,8,384,384,0.009297,0.00893402099609375,cuda
webtable-union_minus-v=12-distilroberta-dj_adpt~qwen3_8b-dj_adpt,2,8,9,384,384,0.00883,0.00893402099609375,cuda
webtable-union_minus-v=12-distilroberta-dj_adpt~qwen3_8b-dj_adpt,2,8,10,384,384,0.009006,0.00893402099609375,cuda
webtable-union_minus-v=12-distilroberta-dj_adpt~qwen3_8b-dj_adpt,3,8,1,768,384,0.008964,0.008945465087890625,cuda
webtable-union_minus-v=12-distilroberta-dj_adpt~qwen3_8b-dj_adpt,3,8,2,768,384,0.010065,0.008945465087890625,cuda
webtable-union_minus-v=12-distilroberta-dj_adpt~qwen3_8b-dj_adpt,3,8,3,768,384,0.009887,0.008945465087890625,cuda
webtable-union_minus-v=12-distilroberta-dj_adpt~qwen3_8b-dj_adpt,3,8,4,768,384,0.009705,0.008945465087890625,cuda
webtable-union_minus-v=12-distilroberta-dj_adpt~qwen3_8b-dj_adpt,3,8,5,768,384,0.009941,0.008945465087890625,cuda
webtable-union_minus-v=12-distilroberta-dj_adpt~qwen3_8b-dj_adpt,3,8,6,768,384,0.009937999999999999,0.008945465087890625,cuda
webtable-union_minus-v=12-distilroberta-dj_adpt~qwen3_8b-dj_adpt,3,8,7,768,384,0.009804,0.008945465087890625,cuda
webtable-union_minus-v=12-distilroberta-dj_adpt~qwen3_8b-dj_adpt,3,8,8,768,384,0.009925999999999999,0.008945465087890625,cuda
webtable-union_minus-v=12-distilroberta-dj_adpt~qwen3_8b-dj_adpt,3,8,9,768,384,0.010191,0.008945465087890625,cuda
webtable-union_minus-v=12-distilroberta-dj_adpt~qwen3_8b-dj_adpt,3,8,10,768,384,0.009804,0.008945465087890625,cuda
webtable-union_minus-v=12-distilroberta-dj_adpt~qwen3_8b-dj_adpt,4,8,1,768,384,0.008714999999999999,0.008945465087890625,cuda
webtable-union_minus-v=12-distilroberta-dj_adpt~qwen3_8b-dj_adpt,4,8,2,768,384,0.009845,0.008945465087890625,cuda
webtable-union_minus-v=12-distilroberta-dj_adpt~qwen3_8b-dj_adpt,4,8,3,768,384,0.009635,0.008945465087890625,cuda
webtable-union_minus-v=12-distilroberta-dj_adpt~qwen3_8b-dj_adpt,4,8,4,768,384,0.009925,0.008945465087890625,cuda
webtable-union_minus-v=12-distilroberta-dj_adpt~qwen3_8b-dj_adpt,4,8,5,768,384,0.010336,0.008945465087890625,cuda
webtable-union_minus-v=12-distilroberta-dj_adpt~qwen3_8b-dj_adpt,4,8,6,768,384,0.010107,0.008945465087890625,cuda
webtable-union_minus-v=12-distilroberta-dj_adpt~qwen3_8b-dj_adpt,4,8,7,768,384,0.010121,0.008945465087890625,cuda
webtable-union_minus-v=12-distilroberta-dj_adpt~qwen3_8b-dj_adpt,4,8,8,768,384,0.010211,0.008945465087890625,cuda
webtable-union_minus-v=12-distilroberta-dj_adpt~qwen3_8b-dj_adpt,4,8,9,768,384,0.009974,0.008945465087890625,cuda
webtable-union_minus-v=12-distilroberta-dj_adpt~qwen3_8b-dj_adpt,4,8,10,768,384,0.009781,0.008945465087890625,cuda
webtable-union_minus-v=12-distilroberta-dj_adpt~qwen3_8b-dj_adpt,5,8,1,768,384,0.00891,0.008945465087890625,cuda
webtable-union_minus-v=12-distilroberta-dj_adpt~qwen3_8b-dj_adpt,5,8,2,768,384,0.0097,0.008945465087890625,cuda
webtable-union_minus-v=12-distilroberta-dj_adpt~qwen3_8b-dj_adpt,5,8,3,768,384,0.009989,0.008945465087890625,cuda
webtable-union_minus-v=12-distilroberta-dj_adpt~qwen3_8b-dj_adpt,5,8,4,768,384,0.009937,0.008945465087890625,cuda
webtable-union_minus-v=12-distilroberta-dj_adpt~qwen3_8b-dj_adpt,5,8,5,768,384,0.009883,0.008945465087890625,cuda
webtable-union_minus-v=12-distilroberta-dj_adpt~qwen3_8b-dj_adpt,5,8,6,768,384,0.009765,0.008945465087890625,cuda
webtable-union_minus-v=12-distilroberta-dj_adpt~qwen3_8b-dj_adpt,5,8,7,768,384,0.010003,0.008945465087890625,cuda
webtable-union_minus-v=12-distilroberta-dj_adpt~qwen3_8b-dj_adpt,5,8,8,768,384,0.012998,0.008945465087890625,cuda
webtable-union_minus-v=12-distilroberta-dj_adpt~qwen3_8b-dj_adpt,5,8,9,768,384,0.010516,0.008945465087890625,cuda
webtable-union_minus-v=12-distilroberta-dj_adpt~qwen3_8b-dj_adpt,5,8,10,768,384,0.009843,0.008945465087890625,cuda
webtable-union_minus-v=12-distilroberta-dj_adpt~qwen3_8b-dj_adpt,6,8,1,896,384,0.008780999999999999,0.00894927978515625,cuda
webtable-union_minus-v=12-distilroberta-dj_adpt~qwen3_8b-dj_adpt,6,8,2,896,384,0.009811,0.00894927978515625,cuda
webtable-union_minus-v=12-distilroberta-dj_adpt~qwen3_8b-dj_adpt,6,8,3,896,384,0.009554,0.00894927978515625,cuda
webtable-union_minus-v=12-distilroberta-dj_adpt~qwen3_8b-dj_adpt,6,8,4,896,384,0.009868,0.00894927978515625,cuda
webtable-union_minus-v=12-distilroberta-dj_adpt~qwen3_8b-dj_adpt,6,8,5,896,384,0.00992,0.00894927978515625,cuda
webtable-union_minus-v=12-distilroberta-dj_adpt~qwen3_8b-dj_adpt,6,8,6,896,384,0.010178,0.00894927978515625,cuda
webtable-union_minus-v=12-distilroberta-dj_adpt~qwen3_8b-dj_adpt,6,8,7,896,384,0.009843,0.00894927978515625,cuda
webtable-union_minus-v=12-distilroberta-dj_adpt~qwen3_8b-dj_adpt,6,8,8,896,384,0.009866,0.00894927978515625,cuda
webtable-union_minus-v=12-distilroberta-dj_adpt~qwen3_8b-dj_adpt,6,8,9,896,384,0.0103,0.00894927978515625,cuda
webtable-union_minus-v=12-distilroberta-dj_adpt~qwen3_8b-dj_adpt,6,8,10,896,384,0.010117,0.00894927978515625,cuda
webtable-union_minus-v=12-distilroberta-dj_adpt~qwen3_8b-dj_adpt,7,8,1,1024,384,0.009023,0.008953094482421875,cuda
webtable-union_minus-v=12-distilroberta-dj_adpt~qwen3_8b-dj_adpt,7,8,2,1024,384,0.009902,0.008953094482421875,cuda
webtable-union_minus-v=12-distilroberta-dj_adpt~qwen3_8b-dj_adpt,7,8,3,1024,384,0.009679,0.008953094482421875,cuda
webtable-union_minus-v=12-distilroberta-dj_adpt~qwen3_8b-dj_adpt,7,8,4,1024,384,0.009691,0.008953094482421875,cuda
webtable-union_minus-v=12-distilroberta-dj_adpt~qwen3_8b-dj_adpt,7,8,5,1024,384,0.009849,0.008953094482421875,cuda
webtable-union_minus-v=12-distilroberta-dj_adpt~qwen3_8b-dj_adpt,7,8,6,1024,384,0.010178,0.008953094482421875,cuda
webtable-union_minus-v=12-distilroberta-dj_adpt~qwen3_8b-dj_adpt,7,8,7,1024,384,0.009958,0.008953094482421875,cuda
webtable-union_minus-v=12-distilroberta-dj_adpt~qwen3_8b-dj_adpt,7,8,8,1024,384,0.009778,0.008953094482421875,cuda
webtable-union_minus-v=12-distilroberta-dj_adpt~qwen3_8b-dj_adpt,7,8,9,1024,384,0.009845,0.008953094482421875,cuda
webtable-union_minus-v=12-distilroberta-dj_adpt~qwen3_8b-dj_adpt,7,8,10,1024,384,0.009819999999999999,0.008953094482421875,cuda
webtable-union_minus-v=12-distilroberta-dj_adpt~qwen3_8b-dj_adpt,8,8,1,2560,384,0.008995,0.008998870849609375,cuda
webtable-union_minus-v=12-distilroberta-dj_adpt~qwen3_8b-dj_adpt,8,8,2,2560,384,0.010169,0.008998870849609375,cuda
webtable-union_minus-v=12-distilroberta-dj_adpt~qwen3_8b-dj_adpt,8,8,3,2560,384,0.010183,0.008998870849609375,cuda
webtable-union_minus-v=12-distilroberta-dj_adpt~qwen3_8b-dj_adpt,8,8,4,2560,384,0.009975999999999999,0.008998870849609375,cuda
webtable-union_minus-v=12-distilroberta-dj_adpt~qwen3_8b-dj_adpt,8,8,5,2560,384,0.009935,0.008998870849609375,cuda
webtable-union_minus-v=12-distilroberta-dj_adpt~qwen3_8b-dj_adpt,8,8,6,2560,384,0.009826999999999999,0.008998870849609375,cuda
webtable-union_minus-v=12-distilroberta-dj_adpt~qwen3_8b-dj_adpt,8,8,7,2560,384,0.010158,0.008998870849609375,cuda
webtable-union_minus-v=12-distilroberta-dj_adpt~qwen3_8b-dj_adpt,8,8,8,2560,384,0.009649999999999999,0.008998870849609375,cuda
webtable-union_minus-v=12-distilroberta-dj_adpt~qwen3_8b-dj_adpt,8,8,9,2560,384,0.010095,0.008998870849609375,cuda
webtable-union_minus-v=12-distilroberta-dj_adpt~qwen3_8b-dj_adpt,8,8,10,2560,384,0.012817,0.008998870849609375,cuda
webtable-union_minus-v=12-distilroberta-dj_adpt~qwen3_8b-dj_adpt,9,8,1,3840,384,0.009009,0.009037017822265625,cuda
webtable-union_minus-v=12-distilroberta-dj_adpt~qwen3_8b-dj_adpt,9,8,2,3840,384,0.010151,0.009037017822265625,cuda
webtable-union_minus-v=12-distilroberta-dj_adpt~qwen3_8b-dj_adpt,9,8,3,3840,384,0.009986,0.009037017822265625,cuda
webtable-union_minus-v=12-distilroberta-dj_adpt~qwen3_8b-dj_adpt,9,8,4,3840,384,0.009762999999999999,0.009037017822265625,cuda
webtable-union_minus-v=12-distilroberta-dj_adpt~qwen3_8b-dj_adpt,9,8,5,3840,384,0.009797,0.009037017822265625,cuda
webtable-union_minus-v=12-distilroberta-dj_adpt~qwen3_8b-dj_adpt,9,8,6,3840,384,0.009774999999999999,0.009037017822265625,cuda
webtable-union_minus-v=12-distilroberta-dj_adpt~qwen3_8b-dj_adpt,9,8,7,3840,384,0.010419,0.009037017822265625,cuda
webtable-union_minus-v=12-distilroberta-dj_adpt~qwen3_8b-dj_adpt,9,8,8,3840,384,0.009634,0.009037017822265625,cuda
webtable-union_minus-v=12-distilroberta-dj_adpt~qwen3_8b-dj_adpt,9,8,9,3840,384,0.009911,0.009037017822265625,cuda
webtable-union_minus-v=12-distilroberta-dj_adpt~qwen3_8b-dj_adpt,9,8,10,3840,384,0.009658,0.009037017822265625,cuda
webtable-union_minus-v=12-distilroberta-dj_adpt~qwen3_8b-dj_adpt,10,8,1,4096,384,0.008905,0.009044647216796875,cuda
webtable-union_minus-v=12-distilroberta-dj_adpt~qwen3_8b-dj_adpt,10,8,2,4096,384,0.00979,0.009044647216796875,cuda
webtable-union_minus-v=12-distilroberta-dj_adpt~qwen3_8b-dj_adpt,10,8,3,4096,384,0.010468,0.009044647216796875,cuda
webtable-union_minus-v=12-distilroberta-dj_adpt~qwen3_8b-dj_adpt,10,8,4,4096,384,0.010100999999999999,0.009044647216796875,cuda
webtable-union_minus-v=12-distilroberta-dj_adpt~qwen3_8b-dj_adpt,10,8,5,4096,384,0.009974,0.009044647216796875,cuda
webtable-union_minus-v=12-distilroberta-dj_adpt~qwen3_8b-dj_adpt,10,8,6,4096,384,0.010076,0.009044647216796875,cuda
webtable-union_minus-v=12-distilroberta-dj_adpt~qwen3_8b-dj_adpt,10,8,7,4096,384,0.009921,0.009044647216796875,cuda
webtable-union_minus-v=12-distilroberta-dj_adpt~qwen3_8b-dj_adpt,10,8,8,4096,384,0.009847,0.009044647216796875,cuda
webtable-union_minus-v=12-distilroberta-dj_adpt~qwen3_8b-dj_adpt,10,8,9,4096,384,0.010007,0.009044647216796875,cuda
webtable-union_minus-v=12-distilroberta-dj_adpt~qwen3_8b-dj_adpt,10,8,10,4096,384,0.010060999999999999,0.009044647216796875,cuda
webtable-union_minus-v=12-distilroberta-dj_adpt~qwen3_8b-dj_adpt,11,8,1,4096,384,0.008766999999999999,0.009044647216796875,cuda
webtable-union_minus-v=12-distilroberta-dj_adpt~qwen3_8b-dj_adpt,11,8,2,4096,384,0.010083,0.009044647216796875,cuda
webtable-union_minus-v=12-distilroberta-dj_adpt~qwen3_8b-dj_adpt,11,8,3,4096,384,0.009911999999999999,0.009044647216796875,cuda
webtable-union_minus-v=12-distilroberta-dj_adpt~qwen3_8b-dj_adpt,11,8,4,4096,384,0.010195,0.009044647216796875,cuda
webtable-union_minus-v=12-distilroberta-dj_adpt~qwen3_8b-dj_adpt,11,8,5,4096,384,0.009974,0.009044647216796875,cuda
webtable-union_minus-v=12-distilroberta-dj_adpt~qwen3_8b-dj_adpt,11,8,6,4096,384,0.010187,0.009044647216796875,cuda
webtable-union_minus-v=12-distilroberta-dj_adpt~qwen3_8b-dj_adpt,11,8,7,4096,384,0.009894,0.009044647216796875,cuda
webtable-union_minus-v=12-distilroberta-dj_adpt~qwen3_8b-dj_adpt,11,8,8,4096,384,0.009906,0.009044647216796875,cuda
webtable-union_minus-v=12-distilroberta-dj_adpt~qwen3_8b-dj_adpt,11,8,9,4096,384,0.009927,0.009044647216796875,cuda
webtable-union_minus-v=12-distilroberta-dj_adpt~qwen3_8b-dj_adpt,11,8,10,4096,384,0.010062,0.009044647216796875,cuda
webtable-union_minus-v=12-distilroberta-dj_adpt~qwen3_8b-dj_adpt,0,16,1,768,384,0.009637,0.008968353271484375,cuda
webtable-union_minus-v=12-distilroberta-dj_adpt~qwen3_8b-dj_adpt,0,16,2,768,384,0.010296,0.008968353271484375,cuda
webtable-union_minus-v=12-distilroberta-dj_adpt~qwen3_8b-dj_adpt,0,16,3,768,384,0.010166,0.008968353271484375,cuda
webtable-union_minus-v=12-distilroberta-dj_adpt~qwen3_8b-dj_adpt,0,16,4,768,384,0.010454,0.008968353271484375,cuda
webtable-union_minus-v=12-distilroberta-dj_adpt~qwen3_8b-dj_adpt,0,16,5,768,384,0.010216,0.008968353271484375,cuda
webtable-union_minus-v=12-distilroberta-dj_adpt~qwen3_8b-dj_adpt,0,16,6,768,384,0.010100999999999999,0.008968353271484375,cuda
webtable-union_minus-v=12-distilroberta-dj_adpt~qwen3_8b-dj_adpt,0,16,7,768,384,0.010017999999999999,0.008968353271484375,cuda
webtable-union_minus-v=12-distilroberta-dj_adpt~qwen3_8b-dj_adpt,0,16,8,768,384,0.009861,0.008968353271484375,cuda
webtable-union_minus-v=12-distilroberta-dj_adpt~qwen3_8b-dj_adpt,0,16,9,768,384,0.010043,0.008968353271484375,cuda
webtable-union_minus-v=12-distilroberta-dj_adpt~qwen3_8b-dj_adpt,0,16,10,768,384,0.01004,0.008968353271484375,cuda
webtable-union_minus-v=12-distilroberta-dj_adpt~qwen3_8b-dj_adpt,1,16,1,384,384,0.00825,0.008945465087890625,cuda
webtable-union_minus-v=12-distilroberta-dj_adpt~qwen3_8b-dj_adpt,1,16,2,384,384,0.009484,0.008945465087890625,cuda
webtable-union_minus-v=12-distilroberta-dj_adpt~qwen3_8b-dj_adpt,1,16,3,384,384,0.009649,0.008945465087890625,cuda
webtable-union_minus-v=12-distilroberta-dj_adpt~qwen3_8b-dj_adpt,1,16,4,384,384,0.009115,0.008945465087890625,cuda
webtable-union_minus-v=12-distilroberta-dj_adpt~qwen3_8b-dj_adpt,1,16,5,384,384,0.009304,0.008945465087890625,cuda
webtable-union_minus-v=12-distilroberta-dj_adpt~qwen3_8b-dj_adpt,1,16,6,384,384,0.009247,0.008945465087890625,cuda
webtable-union_minus-v=12-distilroberta-dj_adpt~qwen3_8b-dj_adpt,1,16,7,384,384,0.009127999999999999,0.008945465087890625,cuda
webtable-union_minus-v=12-distilroberta-dj_adpt~qwen3_8b-dj_adpt,1,16,8,384,384,0.009028,0.008945465087890625,cuda
webtable-union_minus-v=12-distilroberta-dj_adpt~qwen3_8b-dj_adpt,1,16,9,384,384,0.009101999999999999,0.008945465087890625,cuda
webtable-union_minus-v=12-distilroberta-dj_adpt~qwen3_8b-dj_adpt,1,16,10,384,384,0.009314,0.008945465087890625,cuda
webtable-union_minus-v=12-distilroberta-dj_adpt~qwen3_8b-dj_adpt,2,16,1,384,384,0.008543,0.008945465087890625,cuda
webtable-union_minus-v=12-distilroberta-dj_adpt~qwen3_8b-dj_adpt,2,16,2,384,384,0.009398,0.008945465087890625,cuda
webtable-union_minus-v=12-distilroberta-dj_adpt~qwen3_8b-dj_adpt,2,16,3,384,384,0.009141999999999999,0.008945465087890625,cuda
webtable-union_minus-v=12-distilroberta-dj_adpt~qwen3_8b-dj_adpt,2,16,4,384,384,0.008713,0.008945465087890625,cuda
webtable-union_minus-v=12-distilroberta-dj_adpt~qwen3_8b-dj_adpt,2,16,5,384,384,0.00917,0.008945465087890625,cuda
webtable-union_minus-v=12-distilroberta-dj_adpt~qwen3_8b-dj_adpt,2,16,6,384,384,0.00908,0.008945465087890625,cuda
webtable-union_minus-v=12-distilroberta-dj_adpt~qwen3_8b-dj_adpt,2,16,7,384,384,0.009103,0.008945465087890625,cuda
webtable-union_minus-v=12-distilroberta-dj_adpt~qwen3_8b-dj_adpt,2,16,8,384,384,0.009052,0.008945465087890625,cuda
webtable-union_minus-v=12-distilroberta-dj_adpt~qwen3_8b-dj_adpt,2,16,9,384,384,0.009061,0.008945465087890625,cuda
webtable-union_minus-v=12-distilroberta-dj_adpt~qwen3_8b-dj_adpt,2,16,10,384,384,0.009012,0.008945465087890625,cuda
webtable-union_minus-v=12-distilroberta-dj_adpt~qwen3_8b-dj_adpt,3,16,1,768,384,0.009016,0.008968353271484375,cuda
webtable-union_minus-v=12-distilroberta-dj_adpt~qwen3_8b-dj_adpt,3,16,2,768,384,0.013656,0.008968353271484375,cuda
webtable-union_minus-v=12-distilroberta-dj_adpt~qwen3_8b-dj_adpt,3,16,3,768,384,0.010502,0.008968353271484375,cuda
webtable-union_minus-v=12-distilroberta-dj_adpt~qwen3_8b-dj_adpt,3,16,4,768,384,0.009998,0.008968353271484375,cuda
webtable-union_minus-v=12-distilroberta-dj_adpt~qwen3_8b-dj_adpt,3,16,5,768,384,0.009986,0.008968353271484375,cuda
webtable-union_minus-v=12-distilroberta-dj_adpt~qwen3_8b-dj_adpt,3,16,6,768,384,0.010067,0.008968353271484375,cuda
webtable-union_minus-v=12-distilroberta-dj_adpt~qwen3_8b-dj_adpt,3,16,7,768,384,0.009888,0.008968353271484375,cuda
webtable-union_minus-v=12-distilroberta-dj_adpt~qwen3_8b-dj_adpt,3,16,8,768,384,0.00992,0.008968353271484375,cuda
webtable-union_minus-v=12-distilroberta-dj_adpt~qwen3_8b-dj_adpt,3,16,9,768,384,0.009855,0.008968353271484375,cuda
webtable-union_minus-v=12-distilroberta-dj_adpt~qwen3_8b-dj_adpt,3,16,10,768,384,0.009951999999999999,0.008968353271484375,cuda
webtable-union_minus-v=12-distilroberta-dj_adpt~qwen3_8b-dj_adpt,4,16,1,768,384,0.00878,0.008968353271484375,cuda
webtable-union_minus-v=12-distilroberta-dj_adpt~qwen3_8b-dj_adpt,4,16,2,768,384,0.009831999999999999,0.008968353271484375,cuda
webtable-union_minus-v=12-distilroberta-dj_adpt~qwen3_8b-dj_adpt,4,16,3,768,384,0.010017999999999999,0.008968353271484375,cuda
webtable-union_minus-v=12-distilroberta-dj_adpt~qwen3_8b-dj_adpt,4,16,4,768,384,0.009729,0.008968353271484375,cuda
webtable-union_minus-v=12-distilroberta-dj_adpt~qwen3_8b-dj_adpt,4,16,5,768,384,0.010478,0.008968353271484375,cuda
webtable-union_minus-v=12-distilroberta-dj_adpt~qwen3_8b-dj_adpt,4,16,6,768,384,0.009937,0.008968353271484375,cuda
webtable-union_minus-v=12-distilroberta-dj_adpt~qwen3_8b-dj_adpt,4,16,7,768,384,0.009648,0.008968353271484375,cuda
webtable-union_minus-v=12-distilroberta-dj_adpt~qwen3_8b-dj_adpt,4,16,8,768,384,0.00989,0.008968353271484375,cuda
webtable-union_minus-v=12-distilroberta-dj_adpt~qwen3_8b-dj_adpt,4,16,9,768,384,0.009791,0.008968353271484375,cuda
webtable-union_minus-v=12-distilroberta-dj_adpt~qwen3_8b-dj_adpt,4,16,10,768,384,0.009897999999999999,0.008968353271484375,cuda
webtable-union_minus-v=12-distilroberta-dj_adpt~qwen3_8b-dj_adpt,5,16,1,768,384,0.009067,0.008968353271484375,cuda
webtable-union_minus-v=12-distilroberta-dj_adpt~qwen3_8b-dj_adpt,5,16,2,768,384,0.010067,0.008968353271484375,cuda
webtable-union_minus-v=12-distilroberta-dj_adpt~qwen3_8b-dj_adpt,5,16,3,768,384,0.01021,0.008968353271484375,cuda
webtable-union_minus-v=12-distilroberta-dj_adpt~qwen3_8b-dj_adpt,5,16,4,768,384,0.010126999999999999,0.008968353271484375,cuda
webtable-union_minus-v=12-distilroberta-dj_adpt~qwen3_8b-dj_adpt,5,16,5,768,384,0.009878,0.008968353271484375,cuda
webtable-union_minus-v=12-distilroberta-dj_adpt~qwen3_8b-dj_adpt,5,16,6,768,384,0.009883,0.008968353271484375,cuda
webtable-union_minus-v=12-distilroberta-dj_adpt~qwen3_8b-dj_adpt,5,16,7,768,384,0.009746999999999999,0.008968353271484375,cuda
webtable-union_minus-v=12-distilroberta-dj_adpt~qwen3_8b-dj_adpt,5,16,8,768,384,0.010086,0.008968353271484375,cuda
webtable-union_minus-v=12-distilroberta-dj_adpt~qwen3_8b-dj_adpt,5,16,9,768,384,0.010103,0.008968353271484375,cuda
webtable-union_minus-v=12-distilroberta-dj_adpt~qwen3_8b-dj_adpt,5,16,10,768,384,0.009968,0.008968353271484375,cuda
webtable-union_minus-v=12-distilroberta-dj_adpt~qwen3_8b-dj_adpt,6,16,1,896,384,0.0093,0.008975982666015625,cuda
webtable-union_minus-v=12-distilroberta-dj_adpt~qwen3_8b-dj_adpt,6,16,2,896,384,0.009826999999999999,0.008975982666015625,cuda
webtable-union_minus-v=12-distilroberta-dj_adpt~qwen3_8b-dj_adpt,6,16,3,896,384,0.010046,0.008975982666015625,cuda
webtable-union_minus-v=12-distilroberta-dj_adpt~qwen3_8b-dj_adpt,6,16,4,896,384,0.013422,0.008975982666015625,cuda
webtable-union_minus-v=12-distilroberta-dj_adpt~qwen3_8b-dj_adpt,6,16,5,896,384,0.010332,0.008975982666015625,cuda
webtable-union_minus-v=12-distilroberta-dj_adpt~qwen3_8b-dj_adpt,6,16,6,896,384,0.01002,0.008975982666015625,cuda
webtable-union_minus-v=12-distilroberta-dj_adpt~qwen3_8b-dj_adpt,6,16,7,896,384,0.010204,0.008975982666015625,cuda
webtable-union_minus-v=12-distilroberta-dj_adpt~qwen3_8b-dj_adpt,6,16,8,896,384,0.009793,0.008975982666015625,cuda
webtable-union_minus-v=12-distilroberta-dj_adpt~qwen3_8b-dj_adpt,6,16,9,896,384,0.009632,0.008975982666015625,cuda
webtable-union_minus-v=12-distilroberta-dj_adpt~qwen3_8b-dj_adpt,6,16,10,896,384,0.009521,0.008975982666015625,cuda
webtable-union_minus-v=12-distilroberta-dj_adpt~qwen3_8b-dj_adpt,7,16,1,1024,384,0.008803,0.008983612060546875,cuda
webtable-union_minus-v=12-distilroberta-dj_adpt~qwen3_8b-dj_adpt,7,16,2,1024,384,0.010140999999999999,0.008983612060546875,cuda
webtable-union_minus-v=12-distilroberta-dj_adpt~qwen3_8b-dj_adpt,7,16,3,1024,384,0.009621,0.008983612060546875,cuda
webtable-union_minus-v=12-distilroberta-dj_adpt~qwen3_8b-dj_adpt,7,16,4,1024,384,0.009792,0.008983612060546875,cuda
webtable-union_minus-v=12-distilroberta-dj_adpt~qwen3_8b-dj_adpt,7,16,5,1024,384,0.009965,0.008983612060546875,cuda
webtable-union_minus-v=12-distilroberta-dj_adpt~qwen3_8b-dj_adpt,7,16,6,1024,384,0.01021,0.008983612060546875,cuda
webtable-union_minus-v=12-distilroberta-dj_adpt~qwen3_8b-dj_adpt,7,16,7,1024,384,0.009911,0.008983612060546875,cuda
webtable-union_minus-v=12-distilroberta-dj_adpt~qwen3_8b-dj_adpt,7,16,8,1024,384,0.009386,0.008983612060546875,cuda
webtable-union_minus-v=12-distilroberta-dj_adpt~qwen3_8b-dj_adpt,7,16,9,1024,384,0.009653,0.008983612060546875,cuda
webtable-union_minus-v=12-distilroberta-dj_adpt~qwen3_8b-dj_adpt,7,16,10,1024,384,0.009629,0.008983612060546875,cuda
webtable-union_minus-v=12-distilroberta-dj_adpt~qwen3_8b-dj_adpt,8,16,1,2560,384,0.008747999999999999,0.009075164794921875,cuda
webtable-union_minus-v=12-distilroberta-dj_adpt~qwen3_8b-dj_adpt,8,16,2,2560,384,0.010225999999999999,0.009075164794921875,cuda
webtable-union_minus-v=12-distilroberta-dj_adpt~qwen3_8b-dj_adpt,8,16,3,2560,384,0.009892999999999999,0.009075164794921875,cuda
webtable-union_minus-v=12-distilroberta-dj_adpt~qwen3_8b-dj_adpt,8,16,4,2560,384,0.009745,0.009075164794921875,cuda
webtable-union_minus-v=12-distilroberta-dj_adpt~qwen3_8b-dj_adpt,8,16,5,2560,384,0.009949999999999999,0.009075164794921875,cuda
webtable-union_minus-v=12-distilroberta-dj_adpt~qwen3_8b-dj_adpt,8,16,6,2560,384,0.009785,0.009075164794921875,cuda
webtable-union_minus-v=12-distilroberta-dj_adpt~qwen3_8b-dj_adpt,8,16,7,2560,384,0.009547,0.009075164794921875,cuda
webtable-union_minus-v=12-distilroberta-dj_adpt~qwen3_8b-dj_adpt,8,16,8,2560,384,0.009781999999999999,0.009075164794921875,cuda
webtable-union_minus-v=12-distilroberta-dj_adpt~qwen3_8b-dj_adpt,8,16,9,2560,384,0.009914,0.009075164794921875,cuda
webtable-union_minus-v=12-distilroberta-dj_adpt~qwen3_8b-dj_adpt,8,16,10,2560,384,0.009753,0.009075164794921875,cuda
webtable-union_minus-v=12-distilroberta-dj_adpt~qwen3_8b-dj_adpt,9,16,1,3840,384,0.008943,0.009151458740234375,cuda
webtable-union_minus-v=12-distilroberta-dj_adpt~qwen3_8b-dj_adpt,9,16,2,3840,384,0.01014,0.009151458740234375,cuda
webtable-union_minus-v=12-distilroberta-dj_adpt~qwen3_8b-dj_adpt,9,16,3,3840,384,0.009831999999999999,0.009151458740234375,cuda
webtable-union_minus-v=12-distilroberta-dj_adpt~qwen3_8b-dj_adpt,9,16,4,3840,384,0.010066,0.009151458740234375,cuda
webtable-union_minus-v=12-distilroberta-dj_adpt~qwen3_8b-dj_adpt,9,16,5,3840,384,0.013770999999999999,0.009151458740234375,cuda
webtable-union_minus-v=12-distilroberta-dj_adpt~qwen3_8b-dj_adpt,9,16,6,3840,384,0.010269,0.009151458740234375,cuda
webtable-union_minus-v=12-distilroberta-dj_adpt~qwen3_8b-dj_adpt,9,16,7,3840,384,0.009916,0.009151458740234375,cuda
webtable-union_minus-v=12-distilroberta-dj_adpt~qwen3_8b-dj_adpt,9,16,8,3840,384,0.010017999999999999,0.009151458740234375,cuda
webtable-union_minus-v=12-distilroberta-dj_adpt~qwen3_8b-dj_adpt,9,16,9,3840,384,0.009778,0.009151458740234375,cuda
webtable-union_minus-v=12-distilroberta-dj_adpt~qwen3_8b-dj_adpt,9,16,10,3840,384,0.009677999999999999,0.009151458740234375,cuda
webtable-union_minus-v=12-distilroberta-dj_adpt~qwen3_8b-dj_adpt,10,16,1,4096,384,0.008688,0.009166717529296875,cuda
webtable-union_minus-v=12-distilroberta-dj_adpt~qwen3_8b-dj_adpt,10,16,2,4096,384,0.009814,0.009166717529296875,cuda
webtable-union_minus-v=12-distilroberta-dj_adpt~qwen3_8b-dj_adpt,10,16,3,4096,384,0.009966,0.009166717529296875,cuda
webtable-union_minus-v=12-distilroberta-dj_adpt~qwen3_8b-dj_adpt,10,16,4,4096,384,0.009792,0.009166717529296875,cuda
webtable-union_minus-v=12-distilroberta-dj_adpt~qwen3_8b-dj_adpt,10,16,5,4096,384,0.009759,0.009166717529296875,cuda
webtable-union_minus-v=12-distilroberta-dj_adpt~qwen3_8b-dj_adpt,10,16,6,4096,384,0.009682999999999999,0.009166717529296875,cuda
webtable-union_minus-v=12-distilroberta-dj_adpt~qwen3_8b-dj_adpt,10,16,7,4096,384,0.009563,0.009166717529296875,cuda
webtable-union_minus-v=12-distilroberta-dj_adpt~qwen3_8b-dj_adpt,10,16,8,4096,384,0.009644,0.009166717529296875,cuda
webtable-union_minus-v=12-distilroberta-dj_adpt~qwen3_8b-dj_adpt,10,16,9,4096,384,0.010114999999999999,0.009166717529296875,cuda
webtable-union_minus-v=12-distilroberta-dj_adpt~qwen3_8b-dj_adpt,10,16,10,4096,384,0.009864,0.009166717529296875,cuda
webtable-union_minus-v=12-distilroberta-dj_adpt~qwen3_8b-dj_adpt,11,16,1,4096,384,0.00893,0.009166717529296875,cuda
webtable-union_minus-v=12-distilroberta-dj_adpt~qwen3_8b-dj_adpt,11,16,2,4096,384,0.009968,0.009166717529296875,cuda
webtable-union_minus-v=12-distilroberta-dj_adpt~qwen3_8b-dj_adpt,11,16,3,4096,384,0.009847,0.009166717529296875,cuda
webtable-union_minus-v=12-distilroberta-dj_adpt~qwen3_8b-dj_adpt,11,16,4,4096,384,0.010017999999999999,0.009166717529296875,cuda
webtable-union_minus-v=12-distilroberta-dj_adpt~qwen3_8b-dj_adpt,11,16,5,4096,384,0.010152,0.009166717529296875,cuda
webtable-union_minus-v=12-distilroberta-dj_adpt~qwen3_8b-dj_adpt,11,16,6,4096,384,0.010267,0.009166717529296875,cuda
webtable-union_minus-v=12-distilroberta-dj_adpt~qwen3_8b-dj_adpt,11,16,7,4096,384,0.010052,0.009166717529296875,cuda
webtable-union_minus-v=12-distilroberta-dj_adpt~qwen3_8b-dj_adpt,11,16,8,4096,384,0.009996,0.009166717529296875,cuda
webtable-union_minus-v=12-distilroberta-dj_adpt~qwen3_8b-dj_adpt,11,16,9,4096,384,0.009831,0.009166717529296875,cuda
webtable-union_minus-v=12-distilroberta-dj_adpt~qwen3_8b-dj_adpt,11,16,10,4096,384,0.009956,0.009166717529296875,cuda
webtable-union_minus-v=12-distilroberta-dj_adpt~qwen3_8b-dj_adpt,0,32,1,768,384,0.009537,0.009014129638671875,cuda
webtable-union_minus-v=12-distilroberta-dj_adpt~qwen3_8b-dj_adpt,0,32,2,768,384,0.010666,0.009014129638671875,cuda
webtable-union_minus-v=12-distilroberta-dj_adpt~qwen3_8b-dj_adpt,0,32,3,768,384,0.010628,0.009014129638671875,cuda
webtable-union_minus-v=12-distilroberta-dj_adpt~qwen3_8b-dj_adpt,0,32,4,768,384,0.009847999999999999,0.009014129638671875,cuda
webtable-union_minus-v=12-distilroberta-dj_adpt~qwen3_8b-dj_adpt,0,32,5,768,384,0.010021,0.009014129638671875,cuda
webtable-union_minus-v=12-distilroberta-dj_adpt~qwen3_8b-dj_adpt,0,32,6,768,384,0.010308999999999999,0.009014129638671875,cuda
webtable-union_minus-v=12-distilroberta-dj_adpt~qwen3_8b-dj_adpt,0,32,7,768,384,0.013913,0.009014129638671875,cuda
webtable-union_minus-v=12-distilroberta-dj_adpt~qwen3_8b-dj_adpt,0,32,8,768,384,0.010591999999999999,0.009014129638671875,cuda
webtable-union_minus-v=12-distilroberta-dj_adpt~qwen3_8b-dj_adpt,0,32,9,768,384,0.009918999999999999,0.009014129638671875,cuda
webtable-union_minus-v=12-distilroberta-dj_adpt~qwen3_8b-dj_adpt,0,32,10,768,384,0.009916999999999999,0.009014129638671875,cuda
webtable-union_minus-v=12-distilroberta-dj_adpt~qwen3_8b-dj_adpt,1,32,1,384,384,0.008367,0.008968353271484375,cuda
webtable-union_minus-v=12-distilroberta-dj_adpt~qwen3_8b-dj_adpt,1,32,2,384,384,0.009196,0.008968353271484375,cuda
webtable-union_minus-v=12-distilroberta-dj_adpt~qwen3_8b-dj_adpt,1,32,3,384,384,0.009144,0.008968353271484375,cuda
webtable-union_minus-v=12-distilroberta-dj_adpt~qwen3_8b-dj_adpt,1,32,4,384,384,0.008995,0.008968353271484375,cuda
webtable-union_minus-v=12-distilroberta-dj_adpt~qwen3_8b-dj_adpt,1,32,5,384,384,0.008910999999999999,0.008968353271484375,cuda
webtable-union_minus-v=12-distilroberta-dj_adpt~qwen3_8b-dj_adpt,1,32,6,384,384,0.009038,0.008968353271484375,cuda
webtable-union_minus-v=12-distilroberta-dj_adpt~qwen3_8b-dj_adpt,1,32,7,384,384,0.009061999999999999,0.008968353271484375,cuda
webtable-union_minus-v=12-distilroberta-dj_adpt~qwen3_8b-dj_adpt,1,32,8,384,384,0.009041,0.008968353271484375,cuda
webtable-union_minus-v=12-distilroberta-dj_adpt~qwen3_8b-dj_adpt,1,32,9,384,384,0.009663,0.008968353271484375,cuda
webtable-union_minus-v=12-distilroberta-dj_adpt~qwen3_8b-dj_adpt,1,32,10,384,384,0.008886,0.008968353271484375,cuda
webtable-union_minus-v=12-distilroberta-dj_adpt~qwen3_8b-dj_adpt,2,32,1,384,384,0.008126999999999999,0.008968353271484375,cuda
webtable-union_minus-v=12-distilroberta-dj_adpt~qwen3_8b-dj_adpt,2,32,2,384,384,0.009405,0.008968353271484375,cuda
webtable-union_minus-v=12-distilroberta-dj_adpt~qwen3_8b-dj_adpt,2,32,3,384,384,0.009231,0.008968353271484375,cuda
webtable-union_minus-v=12-distilroberta-dj_adpt~qwen3_8b-dj_adpt,2,32,4,384,384,0.008872,0.008968353271484375,cuda
webtable-union_minus-v=12-distilroberta-dj_adpt~qwen3_8b-dj_adpt,2,32,5,384,384,0.009165,0.008968353271484375,cuda
webtable-union_minus-v=12-distilroberta-dj_adpt~qwen3_8b-dj_adpt,2,32,6,384,384,0.009478,0.008968353271484375,cuda
webtable-union_minus-v=12-distilroberta-dj_adpt~qwen3_8b-dj_adpt,2,32,7,384,384,0.008916,0.008968353271484375,cuda
webtable-union_minus-v=12-distilroberta-dj_adpt~qwen3_8b-dj_adpt,2,32,8,384,384,0.00912,0.008968353271484375,cuda
webtable-union_minus-v=12-distilroberta-dj_adpt~qwen3_8b-dj_adpt,2,32,9,384,384,0.009188,0.008968353271484375,cuda
webtable-union_minus-v=12-distilroberta-dj_adpt~qwen3_8b-dj_adpt,2,32,10,384,384,0.009115,0.008968353271484375,cuda
webtable-union_minus-v=12-distilroberta-dj_adpt~qwen3_8b-dj_adpt,3,32,1,768,384,0.009276999999999999,0.009014129638671875,cuda
webtable-union_minus-v=12-distilroberta-dj_adpt~qwen3_8b-dj_adpt,3,32,2,768,384,0.010302,0.009014129638671875,cuda
webtable-union_minus-v=12-distilroberta-dj_adpt~qwen3_8b-dj_adpt,3,32,3,768,384,0.009937,0.009014129638671875,cuda
webtable-union_minus-v=12-distilroberta-dj_adpt~qwen3_8b-dj_adpt,3,32,4,768,384,0.010067999999999999,0.009014129638671875,cuda
webtable-union_minus-v=12-distilroberta-dj_adpt~qwen3_8b-dj_adpt,3,32,5,768,384,0.009892,0.009014129638671875,cuda
webtable-union_minus-v=12-distilroberta-dj_adpt~qwen3_8b-dj_adpt,3,32,6,768,384,0.009852,0.009014129638671875,cuda
webtable-union_minus-v=12-distilroberta-dj_adpt~qwen3_8b-dj_adpt,3,32,7,768,384,0.009727,0.009014129638671875,cuda
webtable-union_minus-v=12-distilroberta-dj_adpt~qwen3_8b-dj_adpt,3,32,8,768,384,0.013047,0.009014129638671875,cuda
webtable-union_minus-v=12-distilroberta-dj_adpt~qwen3_8b-dj_adpt,3,32,9,768,384,0.010263999999999999,0.009014129638671875,cuda
webtable-union_minus-v=12-distilroberta-dj_adpt~qwen3_8b-dj_adpt,3,32,10,768,384,0.009712,0.009014129638671875,cuda
webtable-union_minus-v=12-distilroberta-dj_adpt~qwen3_8b-dj_adpt,4,32,1,768,384,0.009001,0.009014129638671875,cuda
webtable-union_minus-v=12-distilroberta-dj_adpt~qwen3_8b-dj_adpt,4,32,2,768,384,0.010180999999999999,0.009014129638671875,cuda
webtable-union_minus-v=12-distilroberta-dj_adpt~qwen3_8b-dj_adpt,4,32,3,768,384,0.009805,0.009014129638671875,cuda
webtable-union_minus-v=12-distilroberta-dj_adpt~qwen3_8b-dj_adpt,4,32,4,768,384,0.009966,0.009014129638671875,cuda
webtable-union_minus-v=12-distilroberta-dj_adpt~qwen3_8b-dj_adpt,4,32,5,768,384,0.009689,0.009014129638671875,cuda
webtable-union_minus-v=12-distilroberta-dj_adpt~qwen3_8b-dj_adpt,4,32,6,768,384,0.009611,0.009014129638671875,cuda
webtable-union_minus-v=12-distilroberta-dj_adpt~qwen3_8b-dj_adpt,4,32,7,768,384,0.009868,0.009014129638671875,cuda
webtable-union_minus-v=12-distilroberta-dj_adpt~qwen3_8b-dj_adpt,4,32,8,768,384,0.009661999999999999,0.009014129638671875,cuda
webtable-union_minus-v=12-distilroberta-dj_adpt~qwen3_8b-dj_adpt,4,32,9,768,384,0.009656999999999999,0.009014129638671875,cuda
webtable-union_minus-v=12-distilroberta-dj_adpt~qwen3_8b-dj_adpt,4,32,10,768,384,0.009422,0.009014129638671875,cuda
webtable-union_minus-v=12-distilroberta-dj_adpt~qwen3_8b-dj_adpt,5,32,1,768,384,0.008990999999999999,0.009014129638671875,cuda
webtable-union_minus-v=12-distilroberta-dj_adpt~qwen3_8b-dj_adpt,5,32,2,768,384,0.009835,0.009014129638671875,cuda
webtable-union_minus-v=12-distilroberta-dj_adpt~qwen3_8b-dj_adpt,5,32,3,768,384,0.009818,0.009014129638671875,cuda
webtable-union_minus-v=12-distilroberta-dj_adpt~qwen3_8b-dj_adpt,5,32,4,768,384,0.010086,0.009014129638671875,cuda
webtable-union_minus-v=12-distilroberta-dj_adpt~qwen3_8b-dj_adpt,5,32,5,768,384,0.010203,0.009014129638671875,cuda
webtable-union_minus-v=12-distilroberta-dj_adpt~qwen3_8b-dj_adpt,5,32,6,768,384,0.009968999999999999,0.009014129638671875,cuda
webtable-union_minus-v=12-distilroberta-dj_adpt~qwen3_8b-dj_adpt,5,32,7,768,384,0.010062,0.009014129638671875,cuda
webtable-union_minus-v=12-distilroberta-dj_adpt~qwen3_8b-dj_adpt,5,32,8,768,384,0.010038,0.009014129638671875,cuda
webtable-union_minus-v=12-distilroberta-dj_adpt~qwen3_8b-dj_adpt,5,32,9,768,384,0.009916999999999999,0.009014129638671875,cuda
webtable-union_minus-v=12-distilroberta-dj_adpt~qwen3_8b-dj_adpt,5,32,10,768,384,0.009941,0.009014129638671875,cuda
webtable-union_minus-v=12-distilroberta-dj_adpt~qwen3_8b-dj_adpt,6,32,1,896,384,0.009023,0.009029388427734375,cuda
webtable-union_minus-v=12-distilroberta-dj_adpt~qwen3_8b-dj_adpt,6,32,2,896,384,0.010099,0.009029388427734375,cuda
webtable-union_minus-v=12-distilroberta-dj_adpt~qwen3_8b-dj_adpt,6,32,3,896,384,0.009972,0.009029388427734375,cuda
webtable-union_minus-v=12-distilroberta-dj_adpt~qwen3_8b-dj_adpt,6,32,4,896,384,0.009866999999999999,0.009029388427734375,cuda
webtable-union_minus-v=12-distilroberta-dj_adpt~qwen3_8b-dj_adpt,6,32,5,896,384,0.010126999999999999,0.009029388427734375,cuda
webtable-union_minus-v=12-distilroberta-dj_adpt~qwen3_8b-dj_adpt,6,32,6,896,384,0.009883,0.009029388427734375,cuda
webtable-union_minus-v=12-distilroberta-dj_adpt~qwen3_8b-dj_adpt,6,32,7,896,384,0.010071,0.009029388427734375,cuda
webtable-union_minus-v=12-distilroberta-dj_adpt~qwen3_8b-dj_adpt,6,32,8,896,384,0.010133999999999999,0.009029388427734375,cuda
webtable-union_minus-v=12-distilroberta-dj_adpt~qwen3_8b-dj_adpt,6,32,9,896,384,0.009864,0.009029388427734375,cuda
webtable-union_minus-v=12-distilroberta-dj_adpt~qwen3_8b-dj_adpt,6,32,10,896,384,0.013621999999999999,0.009029388427734375,cuda
webtable-union_minus-v=12-distilroberta-dj_adpt~qwen3_8b-dj_adpt,7,32,1,1024,384,0.00878,0.009044647216796875,cuda
webtable-union_minus-v=12-distilroberta-dj_adpt~qwen3_8b-dj_adpt,7,32,2,1024,384,0.010132,0.009044647216796875,cuda
webtable-union_minus-v=12-distilroberta-dj_adpt~qwen3_8b-dj_adpt,7,32,3,1024,384,0.009755,0.009044647216796875,cuda
webtable-union_minus-v=12-distilroberta-dj_adpt~qwen3_8b-dj_adpt,7,32,4,1024,384,0.009629,0.009044647216796875,cuda
webtable-union_minus-v=12-distilroberta-dj_adpt~qwen3_8b-dj_adpt,7,32,5,1024,384,0.009792,0.009044647216796875,cuda
webtable-union_minus-v=12-distilroberta-dj_adpt~qwen3_8b-dj_adpt,7,32,6,1024,384,0.009663,0.009044647216796875,cuda
webtable-union_minus-v=12-distilroberta-dj_adpt~qwen3_8b-dj_adpt,7,32,7,1024,384,0.009647,0.009044647216796875,cuda
webtable-union_minus-v=12-distilroberta-dj_adpt~qwen3_8b-dj_adpt,7,32,8,1024,384,0.010112,0.009044647216796875,cuda
webtable-union_minus-v=12-distilroberta-dj_adpt~qwen3_8b-dj_adpt,7,32,9,1024,384,0.00971,0.009044647216796875,cuda
webtable-union_minus-v=12-distilroberta-dj_adpt~qwen3_8b-dj_adpt,7,32,10,1024,384,0.009594,0.009044647216796875,cuda
webtable-union_minus-v=12-distilroberta-dj_adpt~qwen3_8b-dj_adpt,8,32,1,2560,384,0.008661,0.009227752685546875,cuda
webtable-union_minus-v=12-distilroberta-dj_adpt~qwen3_8b-dj_adpt,8,32,2,2560,384,0.009955,0.009227752685546875,cuda
webtable-union_minus-v=12-distilroberta-dj_adpt~qwen3_8b-dj_adpt,8,32,3,2560,384,0.00976,0.009227752685546875,cuda
webtable-union_minus-v=12-distilroberta-dj_adpt~qwen3_8b-dj_adpt,8,32,4,2560,384,0.01034,0.009227752685546875,cuda
webtable-union_minus-v=12-distilroberta-dj_adpt~qwen3_8b-dj_adpt,8,32,5,2560,384,0.010329,0.009227752685546875,cuda
webtable-union_minus-v=12-distilroberta-dj_adpt~qwen3_8b-dj_adpt,8,32,6,2560,384,0.009779,0.009227752685546875,cuda
webtable-union_minus-v=12-distilroberta-dj_adpt~qwen3_8b-dj_adpt,8,32,7,2560,384,0.009836,0.009227752685546875,cuda
webtable-union_minus-v=12-distilroberta-dj_adpt~qwen3_8b-dj_adpt,8,32,8,2560,384,0.009936,0.009227752685546875,cuda
webtable-union_minus-v=12-distilroberta-dj_adpt~qwen3_8b-dj_adpt,8,32,9,2560,384,0.010157,0.009227752685546875,cuda
webtable-union_minus-v=12-distilroberta-dj_adpt~qwen3_8b-dj_adpt,8,32,10,2560,384,0.009852,0.009227752685546875,cuda
webtable-union_minus-v=12-distilroberta-dj_adpt~qwen3_8b-dj_adpt,9,32,1,3840,384,0.008891,0.009380340576171875,cuda
webtable-union_minus-v=12-distilroberta-dj_adpt~qwen3_8b-dj_adpt,9,32,2,3840,384,0.00983,0.009380340576171875,cuda
webtable-union_minus-v=12-distilroberta-dj_adpt~qwen3_8b-dj_adpt,9,32,3,3840,384,0.009831,0.009380340576171875,cuda
webtable-union_minus-v=12-distilroberta-dj_adpt~qwen3_8b-dj_adpt,9,32,4,3840,384,0.009946,0.009380340576171875,cuda
webtable-union_minus-v=12-distilroberta-dj_adpt~qwen3_8b-dj_adpt,9,32,5,3840,384,0.009776,0.009380340576171875,cuda
webtable-union_minus-v=12-distilroberta-dj_adpt~qwen3_8b-dj_adpt,9,32,6,3840,384,0.009864,0.009380340576171875,cuda
webtable-union_minus-v=12-distilroberta-dj_adpt~qwen3_8b-dj_adpt,9,32,7,3840,384,0.009760999999999999,0.009380340576171875,cuda
webtable-union_minus-v=12-distilroberta-dj_adpt~qwen3_8b-dj_adpt,9,32,8,3840,384,0.010041,0.009380340576171875,cuda
webtable-union_minus-v=12-distilroberta-dj_adpt~qwen3_8b-dj_adpt,9,32,9,3840,384,0.010484,0.009380340576171875,cuda
webtable-union_minus-v=12-distilroberta-dj_adpt~qwen3_8b-dj_adpt,9,32,10,3840,384,0.010093999999999999,0.009380340576171875,cuda
webtable-union_minus-v=12-distilroberta-dj_adpt~qwen3_8b-dj_adpt,10,32,1,4096,384,0.008983,0.009410858154296875,cuda
webtable-union_minus-v=12-distilroberta-dj_adpt~qwen3_8b-dj_adpt,10,32,2,4096,384,0.010026,0.009410858154296875,cuda
webtable-union_minus-v=12-distilroberta-dj_adpt~qwen3_8b-dj_adpt,10,32,3,4096,384,0.009682,0.009410858154296875,cuda
webtable-union_minus-v=12-distilroberta-dj_adpt~qwen3_8b-dj_adpt,10,32,4,4096,384,0.009545,0.009410858154296875,cuda
webtable-union_minus-v=12-distilroberta-dj_adpt~qwen3_8b-dj_adpt,10,32,5,4096,384,0.009687,0.009410858154296875,cuda
webtable-union_minus-v=12-distilroberta-dj_adpt~qwen3_8b-dj_adpt,10,32,6,4096,384,0.009866,0.009410858154296875,cuda
webtable-union_minus-v=12-distilroberta-dj_adpt~qwen3_8b-dj_adpt,10,32,7,4096,384,0.00971,0.009410858154296875,cuda
webtable-union_minus-v=12-distilroberta-dj_adpt~qwen3_8b-dj_adpt,10,32,8,4096,384,0.009457,0.009410858154296875,cuda
webtable-union_minus-v=12-distilroberta-dj_adpt~qwen3_8b-dj_adpt,10,32,9,4096,384,0.010048,0.009410858154296875,cuda
webtable-union_minus-v=12-distilroberta-dj_adpt~qwen3_8b-dj_adpt,10,32,10,4096,384,0.009788999999999999,0.009410858154296875,cuda
webtable-union_minus-v=12-distilroberta-dj_adpt~qwen3_8b-dj_adpt,11,32,1,4096,384,0.008716,0.009410858154296875,cuda
webtable-union_minus-v=12-distilroberta-dj_adpt~qwen3_8b-dj_adpt,11,32,2,4096,384,0.009851,0.009410858154296875,cuda
webtable-union_minus-v=12-distilroberta-dj_adpt~qwen3_8b-dj_adpt,11,32,3,4096,384,0.009822,0.009410858154296875,cuda
webtable-union_minus-v=12-distilroberta-dj_adpt~qwen3_8b-dj_adpt,11,32,4,4096,384,0.009578999999999999,0.009410858154296875,cuda
webtable-union_minus-v=12-distilroberta-dj_adpt~qwen3_8b-dj_adpt,11,32,5,4096,384,0.009592,0.009410858154296875,cuda
webtable-union_minus-v=12-distilroberta-dj_adpt~qwen3_8b-dj_adpt,11,32,6,4096,384,0.010048999999999999,0.009410858154296875,cuda
webtable-union_minus-v=12-distilroberta-dj_adpt~qwen3_8b-dj_adpt,11,32,7,4096,384,0.010118,0.009410858154296875,cuda
webtable-union_minus-v=12-distilroberta-dj_adpt~qwen3_8b-dj_adpt,11,32,8,4096,384,0.009988,0.009410858154296875,cuda
webtable-union_minus-v=12-distilroberta-dj_adpt~qwen3_8b-dj_adpt,11,32,9,4096,384,0.010041,0.009410858154296875,cuda
webtable-union_minus-v=12-distilroberta-dj_adpt~qwen3_8b-dj_adpt,11,32,10,4096,384,0.010164999999999999,0.009410858154296875,cuda
webtable-union_minus-v=12-distilroberta-dj_adpt~qwen3_8b-dj_adpt,0,64,1,768,384,0.00913,0.009105682373046875,cuda
webtable-union_minus-v=12-distilroberta-dj_adpt~qwen3_8b-dj_adpt,0,64,2,768,384,0.010447999999999999,0.009105682373046875,cuda
webtable-union_minus-v=12-distilroberta-dj_adpt~qwen3_8b-dj_adpt,0,64,3,768,384,0.010145999999999999,0.009105682373046875,cuda
webtable-union_minus-v=12-distilroberta-dj_adpt~qwen3_8b-dj_adpt,0,64,4,768,384,0.010279,0.009105682373046875,cuda
webtable-union_minus-v=12-distilroberta-dj_adpt~qwen3_8b-dj_adpt,0,64,5,768,384,0.010043,0.009105682373046875,cuda
webtable-union_minus-v=12-distilroberta-dj_adpt~qwen3_8b-dj_adpt,0,64,6,768,384,0.010464,0.009105682373046875,cuda
webtable-union_minus-v=12-distilroberta-dj_adpt~qwen3_8b-dj_adpt,0,64,7,768,384,0.009795,0.009105682373046875,cuda
webtable-union_minus-v=12-distilroberta-dj_adpt~qwen3_8b-dj_adpt,0,64,8,768,384,0.009972,0.009105682373046875,cuda
webtable-union_minus-v=12-distilroberta-dj_adpt~qwen3_8b-dj_adpt,0,64,9,768,384,0.010109,0.009105682373046875,cuda
webtable-union_minus-v=12-distilroberta-dj_adpt~qwen3_8b-dj_adpt,0,64,10,768,384,0.009916999999999999,0.009105682373046875,cuda
webtable-union_minus-v=12-distilroberta-dj_adpt~qwen3_8b-dj_adpt,1,64,1,384,384,0.008464,0.009014129638671875,cuda
webtable-union_minus-v=12-distilroberta-dj_adpt~qwen3_8b-dj_adpt,1,64,2,384,384,0.008994,0.009014129638671875,cuda
webtable-union_minus-v=12-distilroberta-dj_adpt~qwen3_8b-dj_adpt,1,64,3,384,384,0.011255999999999999,0.009014129638671875,cuda
webtable-union_minus-v=12-distilroberta-dj_adpt~qwen3_8b-dj_adpt,1,64,4,384,384,0.00915,0.009014129638671875,cuda
webtable-union_minus-v=12-distilroberta-dj_adpt~qwen3_8b-dj_adpt,1,64,5,384,384,0.009072,0.009014129638671875,cuda
webtable-union_minus-v=12-distilroberta-dj_adpt~qwen3_8b-dj_adpt,1,64,6,384,384,0.00934,0.009014129638671875,cuda
webtable-union_minus-v=12-distilroberta-dj_adpt~qwen3_8b-dj_adpt,1,64,7,384,384,0.008763,0.009014129638671875,cuda
webtable-union_minus-v=12-distilroberta-dj_adpt~qwen3_8b-dj_adpt,1,64,8,384,384,0.008623,0.009014129638671875,cuda
webtable-union_minus-v=12-distilroberta-dj_adpt~qwen3_8b-dj_adpt,1,64,9,384,384,0.008872,0.009014129638671875,cuda
webtable-union_minus-v=12-distilroberta-dj_adpt~qwen3_8b-dj_adpt,1,64,10,384,384,0.009078,0.009014129638671875,cuda
webtable-union_minus-v=12-distilroberta-dj_adpt~qwen3_8b-dj_adpt,2,64,1,384,384,0.007756,0.009014129638671875,cuda
webtable-union_minus-v=12-distilroberta-dj_adpt~qwen3_8b-dj_adpt,2,64,2,384,384,0.008522,0.009014129638671875,cuda
webtable-union_minus-v=12-distilroberta-dj_adpt~qwen3_8b-dj_adpt,2,64,3,384,384,0.008794,0.009014129638671875,cuda
webtable-union_minus-v=12-distilroberta-dj_adpt~qwen3_8b-dj_adpt,2,64,4,384,384,0.00893,0.009014129638671875,cuda
webtable-union_minus-v=12-distilroberta-dj_adpt~qwen3_8b-dj_adpt,2,64,5,384,384,0.008735999999999999,0.009014129638671875,cuda
webtable-union_minus-v=12-distilroberta-dj_adpt~qwen3_8b-dj_adpt,2,64,6,384,384,0.009042999999999999,0.009014129638671875,cuda
webtable-union_minus-v=12-distilroberta-dj_adpt~qwen3_8b-dj_adpt,2,64,7,384,384,0.008955,0.009014129638671875,cuda
webtable-union_minus-v=12-distilroberta-dj_adpt~qwen3_8b-dj_adpt,2,64,8,384,384,0.008518999999999999,0.009014129638671875,cuda
webtable-union_minus-v=12-distilroberta-dj_adpt~qwen3_8b-dj_adpt,2,64,9,384,384,0.008896,0.009014129638671875,cuda
webtable-union_minus-v=12-distilroberta-dj_adpt~qwen3_8b-dj_adpt,2,64,10,384,384,0.009221,0.009014129638671875,cuda
webtable-union_minus-v=12-distilroberta-dj_adpt~qwen3_8b-dj_adpt,3,64,1,768,384,0.008764,0.009105682373046875,cuda
webtable-union_minus-v=12-distilroberta-dj_adpt~qwen3_8b-dj_adpt,3,64,2,768,384,0.010005,0.009105682373046875,cuda
webtable-union_minus-v=12-distilroberta-dj_adpt~qwen3_8b-dj_adpt,3,64,3,768,384,0.009814,0.009105682373046875,cuda
webtable-union_minus-v=12-distilroberta-dj_adpt~qwen3_8b-dj_adpt,3,64,4,768,384,0.009691,0.009105682373046875,cuda
webtable-union_minus-v=12-distilroberta-dj_adpt~qwen3_8b-dj_adpt,3,64,5,768,384,0.009796,0.009105682373046875,cuda
webtable-union_minus-v=12-distilroberta-dj_adpt~qwen3_8b-dj_adpt,3,64,6,768,384,0.009953,0.009105682373046875,cuda
webtable-union_minus-v=12-distilroberta-dj_adpt~qwen3_8b-dj_adpt,3,64,7,768,384,0.009738,0.009105682373046875,cuda
webtable-union_minus-v=12-distilroberta-dj_adpt~qwen3_8b-dj_adpt,3,64,8,768,384,0.010022999999999999,0.009105682373046875,cuda
webtable-union_minus-v=12-distilroberta-dj_adpt~qwen3_8b-dj_adpt,3,64,9,768,384,0.009811,0.009105682373046875,cuda
webtable-union_minus-v=12-distilroberta-dj_adpt~qwen3_8b-dj_adpt,3,64,10,768,384,0.009840999999999999,0.009105682373046875,cuda
webtable-union_minus-v=12-distilroberta-dj_adpt~qwen3_8b-dj_adpt,4,64,1,768,384,0.009228,0.009105682373046875,cuda
webtable-union_minus-v=12-distilroberta-dj_adpt~qwen3_8b-dj_adpt,4,64,2,768,384,0.009809,0.009105682373046875,cuda
webtable-union_minus-v=12-distilroberta-dj_adpt~qwen3_8b-dj_adpt,4,64,3,768,384,0.009986,0.009105682373046875,cuda
webtable-union_minus-v=12-distilroberta-dj_adpt~qwen3_8b-dj_adpt,4,64,4,768,384,0.013019999999999999,0.009105682373046875,cuda
webtable-union_minus-v=12-distilroberta-dj_adpt~qwen3_8b-dj_adpt,4,64,5,768,384,0.010449,0.009105682373046875,cuda
webtable-union_minus-v=12-distilroberta-dj_adpt~qwen3_8b-dj_adpt,4,64,6,768,384,0.010154999999999999,0.009105682373046875,cuda
webtable-union_minus-v=12-distilroberta-dj_adpt~qwen3_8b-dj_adpt,4,64,7,768,384,0.009751,0.009105682373046875,cuda
webtable-union_minus-v=12-distilroberta-dj_adpt~qwen3_8b-dj_adpt,4,64,8,768,384,0.009852,0.009105682373046875,cuda
webtable-union_minus-v=12-distilroberta-dj_adpt~qwen3_8b-dj_adpt,4,64,9,768,384,0.009667,0.009105682373046875,cuda
webtable-union_minus-v=12-distilroberta-dj_adpt~qwen3_8b-dj_adpt,4,64,10,768,384,0.009807999999999999,0.009105682373046875,cuda
webtable-union_minus-v=12-distilroberta-dj_adpt~qwen3_8b-dj_adpt,5,64,1,768,384,0.008772,0.009105682373046875,cuda
webtable-union_minus-v=12-distilroberta-dj_adpt~qwen3_8b-dj_adpt,5,64,2,768,384,0.009733,0.009105682373046875,cuda
webtable-union_minus-v=12-distilroberta-dj_adpt~qwen3_8b-dj_adpt,5,64,3,768,384,0.009916999999999999,0.009105682373046875,cuda
webtable-union_minus-v=12-distilroberta-dj_adpt~qwen3_8b-dj_adpt,5,64,4,768,384,0.009706,0.009105682373046875,cuda
webtable-union_minus-v=12-distilroberta-dj_adpt~qwen3_8b-dj_adpt,5,64,5,768,384,0.009497,0.009105682373046875,cuda
webtable-union_minus-v=12-distilroberta-dj_adpt~qwen3_8b-dj_adpt,5,64,6,768,384,0.009895,0.009105682373046875,cuda
webtable-union_minus-v=12-distilroberta-dj_adpt~qwen3_8b-dj_adpt,5,64,7,768,384,0.009474999999999999,0.009105682373046875,cuda
webtable-union_minus-v=12-distilroberta-dj_adpt~qwen3_8b-dj_adpt,5,64,8,768,384,0.010057,0.009105682373046875,cuda
webtable-union_minus-v=12-distilroberta-dj_adpt~qwen3_8b-dj_adpt,5,64,9,768,384,0.009821,0.009105682373046875,cuda
webtable-union_minus-v=12-distilroberta-dj_adpt~qwen3_8b-dj_adpt,5,64,10,768,384,0.009615,0.009105682373046875,cuda
webtable-union_minus-v=12-distilroberta-dj_adpt~qwen3_8b-dj_adpt,6,64,1,896,384,0.008815,0.009136199951171875,cuda
webtable-union_minus-v=12-distilroberta-dj_adpt~qwen3_8b-dj_adpt,6,64,2,896,384,0.009715,0.009136199951171875,cuda
webtable-union_minus-v=12-distilroberta-dj_adpt~qwen3_8b-dj_adpt,6,64,3,896,384,0.009970999999999999,0.009136199951171875,cuda
webtable-union_minus-v=12-distilroberta-dj_adpt~qwen3_8b-dj_adpt,6,64,4,896,384,0.009909,0.009136199951171875,cuda
webtable-union_minus-v=12-distilroberta-dj_adpt~qwen3_8b-dj_adpt,6,64,5,896,384,0.009981,0.009136199951171875,cuda
webtable-union_minus-v=12-distilroberta-dj_adpt~qwen3_8b-dj_adpt,6,64,6,896,384,0.009646,0.009136199951171875,cuda
webtable-union_minus-v=12-distilroberta-dj_adpt~qwen3_8b-dj_adpt,6,64,7,896,384,0.009824,0.009136199951171875,cuda
webtable-union_minus-v=12-distilroberta-dj_adpt~qwen3_8b-dj_adpt,6,64,8,896,384,0.009743,0.009136199951171875,cuda
webtable-union_minus-v=12-distilroberta-dj_adpt~qwen3_8b-dj_adpt,6,64,9,896,384,0.009934,0.009136199951171875,cuda
webtable-union_minus-v=12-distilroberta-dj_adpt~qwen3_8b-dj_adpt,6,64,10,896,384,0.009654,0.009136199951171875,cuda
webtable-union_minus-v=12-distilroberta-dj_adpt~qwen3_8b-dj_adpt,7,64,1,1024,384,0.008856,0.009166717529296875,cuda
webtable-union_minus-v=12-distilroberta-dj_adpt~qwen3_8b-dj_adpt,7,64,2,1024,384,0.009805,0.009166717529296875,cuda
webtable-union_minus-v=12-distilroberta-dj_adpt~qwen3_8b-dj_adpt,7,64,3,1024,384,0.009812,0.009166717529296875,cuda
webtable-union_minus-v=12-distilroberta-dj_adpt~qwen3_8b-dj_adpt,7,64,4,1024,384,0.00997,0.009166717529296875,cuda
webtable-union_minus-v=12-distilroberta-dj_adpt~qwen3_8b-dj_adpt,7,64,5,1024,384,0.009552999999999999,0.009166717529296875,cuda
webtable-union_minus-v=12-distilroberta-dj_adpt~qwen3_8b-dj_adpt,7,64,6,1024,384,0.013227,0.009166717529296875,cuda
webtable-union_minus-v=12-distilroberta-dj_adpt~qwen3_8b-dj_adpt,7,64,7,1024,384,0.010218999999999999,0.009166717529296875,cuda
webtable-union_minus-v=12-distilroberta-dj_adpt~qwen3_8b-dj_adpt,7,64,8,1024,384,0.009649999999999999,0.009166717529296875,cuda
webtable-union_minus-v=12-distilroberta-dj_adpt~qwen3_8b-dj_adpt,7,64,9,1024,384,0.009545999999999999,0.009166717529296875,cuda
webtable-union_minus-v=12-distilroberta-dj_adpt~qwen3_8b-dj_adpt,7,64,10,1024,384,0.009656,0.009166717529296875,cuda
webtable-union_minus-v=12-distilroberta-dj_adpt~qwen3_8b-dj_adpt,8,64,1,2560,384,0.008929,0.009532928466796875,cuda
webtable-union_minus-v=12-distilroberta-dj_adpt~qwen3_8b-dj_adpt,8,64,2,2560,384,0.009856,0.009532928466796875,cuda
webtable-union_minus-v=12-distilroberta-dj_adpt~qwen3_8b-dj_adpt,8,64,3,2560,384,0.010202,0.009532928466796875,cuda
webtable-union_minus-v=12-distilroberta-dj_adpt~qwen3_8b-dj_adpt,8,64,4,2560,384,0.009644999999999999,0.009532928466796875,cuda
webtable-union_minus-v=12-distilroberta-dj_adpt~qwen3_8b-dj_adpt,8,64,5,2560,384,0.009896,0.009532928466796875,cuda
webtable-union_minus-v=12-distilroberta-dj_adpt~qwen3_8b-dj_adpt,8,64,6,2560,384,0.010222,0.009532928466796875,cuda
webtable-union_minus-v=12-distilroberta-dj_adpt~qwen3_8b-dj_adpt,8,64,7,2560,384,0.009895,0.009532928466796875,cuda
webtable-union_minus-v=12-distilroberta-dj_adpt~qwen3_8b-dj_adpt,8,64,8,2560,384,0.009670999999999999,0.009532928466796875,cuda
webtable-union_minus-v=12-distilroberta-dj_adpt~qwen3_8b-dj_adpt,8,64,9,2560,384,0.009603,0.009532928466796875,cuda
webtable-union_minus-v=12-distilroberta-dj_adpt~qwen3_8b-dj_adpt,8,64,10,2560,384,0.010036,0.009532928466796875,cuda
webtable-union_minus-v=12-distilroberta-dj_adpt~qwen3_8b-dj_adpt,9,64,1,3840,384,0.008754,0.009838104248046875,cuda
webtable-union_minus-v=12-distilroberta-dj_adpt~qwen3_8b-dj_adpt,9,64,2,3840,384,0.010036,0.009838104248046875,cuda
webtable-union_minus-v=12-distilroberta-dj_adpt~qwen3_8b-dj_adpt,9,64,3,3840,384,0.009831,0.009838104248046875,cuda
webtable-union_minus-v=12-distilroberta-dj_adpt~qwen3_8b-dj_adpt,9,64,4,3840,384,0.009718,0.009838104248046875,cuda
webtable-union_minus-v=12-distilroberta-dj_adpt~qwen3_8b-dj_adpt,9,64,5,3840,384,0.009875,0.009838104248046875,cuda
webtable-union_minus-v=12-distilroberta-dj_adpt~qwen3_8b-dj_adpt,9,64,6,3840,384,0.009634,0.009838104248046875,cuda
webtable-union_minus-v=12-distilroberta-dj_adpt~qwen3_8b-dj_adpt,9,64,7,3840,384,0.010147999999999999,0.009838104248046875,cuda
webtable-union_minus-v=12-distilroberta-dj_adpt~qwen3_8b-dj_adpt,9,64,8,3840,384,0.01014,0.009838104248046875,cuda
webtable-union_minus-v=12-distilroberta-dj_adpt~qwen3_8b-dj_adpt,9,64,9,3840,384,0.009769,0.009838104248046875,cuda
webtable-union_minus-v=12-distilroberta-dj_adpt~qwen3_8b-dj_adpt,9,64,10,3840,384,0.010093,0.009838104248046875,cuda
webtable-union_minus-v=12-distilroberta-dj_adpt~qwen3_8b-dj_adpt,10,64,1,4096,384,0.008896,0.009899139404296875,cuda
webtable-union_minus-v=12-distilroberta-dj_adpt~qwen3_8b-dj_adpt,10,64,2,4096,384,0.010079,0.009899139404296875,cuda
webtable-union_minus-v=12-distilroberta-dj_adpt~qwen3_8b-dj_adpt,10,64,3,4096,384,0.009734,0.009899139404296875,cuda
webtable-union_minus-v=12-distilroberta-dj_adpt~qwen3_8b-dj_adpt,10,64,4,4096,384,0.009699,0.009899139404296875,cuda
webtable-union_minus-v=12-distilroberta-dj_adpt~qwen3_8b-dj_adpt,10,64,5,4096,384,0.009693,0.009899139404296875,cuda
webtable-union_minus-v=12-distilroberta-dj_adpt~qwen3_8b-dj_adpt,10,64,6,4096,384,0.009649999999999999,0.009899139404296875,cuda
webtable-union_minus-v=12-distilroberta-dj_adpt~qwen3_8b-dj_adpt,10,64,7,4096,384,0.012933,0.009899139404296875,cuda
webtable-union_minus-v=12-distilroberta-dj_adpt~qwen3_8b-dj_adpt,10,64,8,4096,384,0.009772,0.009899139404296875,cuda
webtable-union_minus-v=12-distilroberta-dj_adpt~qwen3_8b-dj_adpt,10,64,9,4096,384,0.009797,0.009899139404296875,cuda
webtable-union_minus-v=12-distilroberta-dj_adpt~qwen3_8b-dj_adpt,10,64,10,4096,384,0.009772,0.009899139404296875,cuda
webtable-union_minus-v=12-distilroberta-dj_adpt~qwen3_8b-dj_adpt,11,64,1,4096,384,0.008737,0.009899139404296875,cuda
webtable-union_minus-v=12-distilroberta-dj_adpt~qwen3_8b-dj_adpt,11,64,2,4096,384,0.009903,0.009899139404296875,cuda
webtable-union_minus-v=12-distilroberta-dj_adpt~qwen3_8b-dj_adpt,11,64,3,4096,384,0.009498,0.009899139404296875,cuda
webtable-union_minus-v=12-distilroberta-dj_adpt~qwen3_8b-dj_adpt,11,64,4,4096,384,0.009561,0.009899139404296875,cuda
webtable-union_minus-v=12-distilroberta-dj_adpt~qwen3_8b-dj_adpt,11,64,5,4096,384,0.009289,0.009899139404296875,cuda
webtable-union_minus-v=12-distilroberta-dj_adpt~qwen3_8b-dj_adpt,11,64,6,4096,384,0.009859,0.009899139404296875,cuda
webtable-union_minus-v=12-distilroberta-dj_adpt~qwen3_8b-dj_adpt,11,64,7,4096,384,0.009745,0.009899139404296875,cuda
webtable-union_minus-v=12-distilroberta-dj_adpt~qwen3_8b-dj_adpt,11,64,8,4096,384,0.009681,0.009899139404296875,cuda
webtable-union_minus-v=12-distilroberta-dj_adpt~qwen3_8b-dj_adpt,11,64,9,4096,384,0.009505999999999999,0.009899139404296875,cuda
webtable-union_minus-v=12-distilroberta-dj_adpt~qwen3_8b-dj_adpt,11,64,10,4096,384,0.009375999999999999,0.009899139404296875,cuda
webtable-union_minus-v=12-distilroberta-dj_adpt~qwen3_8b-dj_adpt,0,128,1,768,384,0.008936,0.009288787841796875,cuda
webtable-union_minus-v=12-distilroberta-dj_adpt~qwen3_8b-dj_adpt,0,128,2,768,384,0.010227,0.009288787841796875,cuda
webtable-union_minus-v=12-distilroberta-dj_adpt~qwen3_8b-dj_adpt,0,128,3,768,384,0.010013,0.009288787841796875,cuda
webtable-union_minus-v=12-distilroberta-dj_adpt~qwen3_8b-dj_adpt,0,128,4,768,384,0.009918999999999999,0.009288787841796875,cuda
webtable-union_minus-v=12-distilroberta-dj_adpt~qwen3_8b-dj_adpt,0,128,5,768,384,0.010537999999999999,0.009288787841796875,cuda
webtable-union_minus-v=12-distilroberta-dj_adpt~qwen3_8b-dj_adpt,0,128,6,768,384,0.009942999999999999,0.009288787841796875,cuda
webtable-union_minus-v=12-distilroberta-dj_adpt~qwen3_8b-dj_adpt,0,128,7,768,384,0.010074,0.009288787841796875,cuda
webtable-union_minus-v=12-distilroberta-dj_adpt~qwen3_8b-dj_adpt,0,128,8,768,384,0.010046,0.009288787841796875,cuda
webtable-union_minus-v=12-distilroberta-dj_adpt~qwen3_8b-dj_adpt,0,128,9,768,384,0.009649,0.009288787841796875,cuda
webtable-union_minus-v=12-distilroberta-dj_adpt~qwen3_8b-dj_adpt,0,128,10,768,384,0.009955,0.009288787841796875,cuda
webtable-union_minus-v=12-distilroberta-dj_adpt~qwen3_8b-dj_adpt,1,128,1,384,384,0.008354,0.009105682373046875,cuda
webtable-union_minus-v=12-distilroberta-dj_adpt~qwen3_8b-dj_adpt,1,128,2,384,384,0.00906,0.009105682373046875,cuda
webtable-union_minus-v=12-distilroberta-dj_adpt~qwen3_8b-dj_adpt,1,128,3,384,384,0.009224999999999999,0.009105682373046875,cuda
webtable-union_minus-v=12-distilroberta-dj_adpt~qwen3_8b-dj_adpt,1,128,4,384,384,0.009234,0.009105682373046875,cuda
webtable-union_minus-v=12-distilroberta-dj_adpt~qwen3_8b-dj_adpt,1,128,5,384,384,0.008954,0.009105682373046875,cuda
webtable-union_minus-v=12-distilroberta-dj_adpt~qwen3_8b-dj_adpt,1,128,6,384,384,0.009205,0.009105682373046875,cuda
webtable-union_minus-v=12-distilroberta-dj_adpt~qwen3_8b-dj_adpt,1,128,7,384,384,0.008688,0.009105682373046875,cuda
webtable-union_minus-v=12-distilroberta-dj_adpt~qwen3_8b-dj_adpt,1,128,8,384,384,0.009125,0.009105682373046875,cuda
webtable-union_minus-v=12-distilroberta-dj_adpt~qwen3_8b-dj_adpt,1,128,9,384,384,0.011613,0.009105682373046875,cuda
webtable-union_minus-v=12-distilroberta-dj_adpt~qwen3_8b-dj_adpt,1,128,10,384,384,0.009285999999999999,0.009105682373046875,cuda
webtable-union_minus-v=12-distilroberta-dj_adpt~qwen3_8b-dj_adpt,2,128,1,384,384,0.008209,0.009105682373046875,cuda
webtable-union_minus-v=12-distilroberta-dj_adpt~qwen3_8b-dj_adpt,2,128,2,384,384,0.0093,0.009105682373046875,cuda
webtable-union_minus-v=12-distilroberta-dj_adpt~qwen3_8b-dj_adpt,2,128,3,384,384,0.008990999999999999,0.009105682373046875,cuda
webtable-union_minus-v=12-distilroberta-dj_adpt~qwen3_8b-dj_adpt,2,128,4,384,384,0.009002,0.009105682373046875,cuda
webtable-union_minus-v=12-distilroberta-dj_adpt~qwen3_8b-dj_adpt,2,128,5,384,384,0.008820999999999999,0.009105682373046875,cuda
webtable-union_minus-v=12-distilroberta-dj_adpt~qwen3_8b-dj_adpt,2,128,6,384,384,0.00899,0.009105682373046875,cuda
webtable-union_minus-v=12-distilroberta-dj_adpt~qwen3_8b-dj_adpt,2,128,7,384,384,0.009025,0.009105682373046875,cuda
webtable-union_minus-v=12-distilroberta-dj_adpt~qwen3_8b-dj_adpt,2,128,8,384,384,0.008865,0.009105682373046875,cuda
webtable-union_minus-v=12-distilroberta-dj_adpt~qwen3_8b-dj_adpt,2,128,9,384,384,0.009105,0.009105682373046875,cuda
webtable-union_minus-v=12-distilroberta-dj_adpt~qwen3_8b-dj_adpt,2,128,10,384,384,0.008891,0.009105682373046875,cuda
webtable-union_minus-v=12-distilroberta-dj_adpt~qwen3_8b-dj_adpt,3,128,1,768,384,0.008917999999999999,0.009288787841796875,cuda
webtable-union_minus-v=12-distilroberta-dj_adpt~qwen3_8b-dj_adpt,3,128,2,768,384,0.015541999999999999,0.009288787841796875,cuda
webtable-union_minus-v=12-distilroberta-dj_adpt~qwen3_8b-dj_adpt,3,128,3,768,384,0.009955,0.009288787841796875,cuda
webtable-union_minus-v=12-distilroberta-dj_adpt~qwen3_8b-dj_adpt,3,128,4,768,384,0.010272,0.009288787841796875,cuda
webtable-union_minus-v=12-distilroberta-dj_adpt~qwen3_8b-dj_adpt,3,128,5,768,384,0.010045,0.009288787841796875,cuda
webtable-union_minus-v=12-distilroberta-dj_adpt~qwen3_8b-dj_adpt,3,128,6,768,384,0.00984,0.009288787841796875,cuda
webtable-union_minus-v=12-distilroberta-dj_adpt~qwen3_8b-dj_adpt,3,128,7,768,384,0.010088,0.009288787841796875,cuda
webtable-union_minus-v=12-distilroberta-dj_adpt~qwen3_8b-dj_adpt,3,128,8,768,384,0.01022,0.009288787841796875,cuda
webtable-union_minus-v=12-distilroberta-dj_adpt~qwen3_8b-dj_adpt,3,128,9,768,384,0.010191,0.009288787841796875,cuda
webtable-union_minus-v=12-distilroberta-dj_adpt~qwen3_8b-dj_adpt,3,128,10,768,384,0.009979,0.009288787841796875,cuda
webtable-union_minus-v=12-distilroberta-dj_adpt~qwen3_8b-dj_adpt,4,128,1,768,384,0.008968,0.009288787841796875,cuda
webtable-union_minus-v=12-distilroberta-dj_adpt~qwen3_8b-dj_adpt,4,128,2,768,384,0.009887,0.009288787841796875,cuda
webtable-union_minus-v=12-distilroberta-dj_adpt~qwen3_8b-dj_adpt,4,128,3,768,384,0.009734,0.009288787841796875,cuda
webtable-union_minus-v=12-distilroberta-dj_adpt~qwen3_8b-dj_adpt,4,128,4,768,384,0.009408999999999999,0.009288787841796875,cuda
webtable-union_minus-v=12-distilroberta-dj_adpt~qwen3_8b-dj_adpt,4,128,5,768,384,0.009854,0.009288787841796875,cuda
webtable-union_minus-v=12-distilroberta-dj_adpt~qwen3_8b-dj_adpt,4,128,6,768,384,0.009524,0.009288787841796875,cuda
webtable-union_minus-v=12-distilroberta-dj_adpt~qwen3_8b-dj_adpt,4,128,7,768,384,0.010046,0.009288787841796875,cuda
webtable-union_minus-v=12-distilroberta-dj_adpt~qwen3_8b-dj_adpt,4,128,8,768,384,0.009596,0.009288787841796875,cuda
webtable-union_minus-v=12-distilroberta-dj_adpt~qwen3_8b-dj_adpt,4,128,9,768,384,0.009869,0.009288787841796875,cuda
webtable-union_minus-v=12-distilroberta-dj_adpt~qwen3_8b-dj_adpt,4,128,10,768,384,0.012653,0.009288787841796875,cuda
webtable-union_minus-v=12-distilroberta-dj_adpt~qwen3_8b-dj_adpt,5,128,1,768,384,0.008797,0.009288787841796875,cuda
webtable-union_minus-v=12-distilroberta-dj_adpt~qwen3_8b-dj_adpt,5,128,2,768,384,0.009963,0.009288787841796875,cuda
webtable-union_minus-v=12-distilroberta-dj_adpt~qwen3_8b-dj_adpt,5,128,3,768,384,0.009502,0.009288787841796875,cuda
webtable-union_minus-v=12-distilroberta-dj_adpt~qwen3_8b-dj_adpt,5,128,4,768,384,0.009699,0.009288787841796875,cuda
webtable-union_minus-v=12-distilroberta-dj_adpt~qwen3_8b-dj_adpt,5,128,5,768,384,0.009644,0.009288787841796875,cuda
webtable-union_minus-v=12-distilroberta-dj_adpt~qwen3_8b-dj_adpt,5,128,6,768,384,0.009816,0.009288787841796875,cuda
webtable-union_minus-v=12-distilroberta-dj_adpt~qwen3_8b-dj_adpt,5,128,7,768,384,0.009859,0.009288787841796875,cuda
webtable-union_minus-v=12-distilroberta-dj_adpt~qwen3_8b-dj_adpt,5,128,8,768,384,0.009996,0.009288787841796875,cuda
webtable-union_minus-v=12-distilroberta-dj_adpt~qwen3_8b-dj_adpt,5,128,9,768,384,0.009732,0.009288787841796875,cuda
webtable-union_minus-v=12-distilroberta-dj_adpt~qwen3_8b-dj_adpt,5,128,10,768,384,0.009679,0.009288787841796875,cuda
webtable-union_minus-v=12-distilroberta-dj_adpt~qwen3_8b-dj_adpt,6,128,1,896,384,0.008917,0.009349822998046875,cuda
webtable-union_minus-v=12-distilroberta-dj_adpt~qwen3_8b-dj_adpt,6,128,2,896,384,0.009864,0.009349822998046875,cuda
webtable-union_minus-v=12-distilroberta-dj_adpt~qwen3_8b-dj_adpt,6,128,3,896,384,0.009712,0.009349822998046875,cuda
webtable-union_minus-v=12-distilroberta-dj_adpt~qwen3_8b-dj_adpt,6,128,4,896,384,0.009545999999999999,0.009349822998046875,cuda
webtable-union_minus-v=12-distilroberta-dj_adpt~qwen3_8b-dj_adpt,6,128,5,896,384,0.010509,0.009349822998046875,cuda
webtable-union_minus-v=12-distilroberta-dj_adpt~qwen3_8b-dj_adpt,6,128,6,896,384,0.009491,0.009349822998046875,cuda
webtable-union_minus-v=12-distilroberta-dj_adpt~qwen3_8b-dj_adpt,6,128,7,896,384,0.009764,0.009349822998046875,cuda
webtable-union_minus-v=12-distilroberta-dj_adpt~qwen3_8b-dj_adpt,6,128,8,896,384,0.009566,0.009349822998046875,cuda
webtable-union_minus-v=12-distilroberta-dj_adpt~qwen3_8b-dj_adpt,6,128,9,896,384,0.009927,0.009349822998046875,cuda
webtable-union_minus-v=12-distilroberta-dj_adpt~qwen3_8b-dj_adpt,6,128,10,896,384,0.009799,0.009349822998046875,cuda
webtable-union_minus-v=12-distilroberta-dj_adpt~qwen3_8b-dj_adpt,7,128,1,1024,384,0.008875,0.009410858154296875,cuda
webtable-union_minus-v=12-distilroberta-dj_adpt~qwen3_8b-dj_adpt,7,128,2,1024,384,0.009674,0.009410858154296875,cuda
webtable-union_minus-v=12-distilroberta-dj_adpt~qwen3_8b-dj_adpt,7,128,3,1024,384,0.00966,0.009410858154296875,cuda
webtable-union_minus-v=12-distilroberta-dj_adpt~qwen3_8b-dj_adpt,7,128,4,1024,384,0.009868,0.009410858154296875,cuda
webtable-union_minus-v=12-distilroberta-dj_adpt~qwen3_8b-dj_adpt,7,128,5,1024,384,0.010027,0.009410858154296875,cuda
webtable-union_minus-v=12-distilroberta-dj_adpt~qwen3_8b-dj_adpt,7,128,6,1024,384,0.010305,0.009410858154296875,cuda
webtable-union_minus-v=12-distilroberta-dj_adpt~qwen3_8b-dj_adpt,7,128,7,1024,384,0.009982999999999999,0.009410858154296875,cuda
webtable-union_minus-v=12-distilroberta-dj_adpt~qwen3_8b-dj_adpt,7,128,8,1024,384,0.009515,0.009410858154296875,cuda
webtable-union_minus-v=12-distilroberta-dj_adpt~qwen3_8b-dj_adpt,7,128,9,1024,384,0.010102,0.009410858154296875,cuda
webtable-union_minus-v=12-distilroberta-dj_adpt~qwen3_8b-dj_adpt,7,128,10,1024,384,0.010053999999999999,0.009410858154296875,cuda
webtable-union_minus-v=12-distilroberta-dj_adpt~qwen3_8b-dj_adpt,8,128,1,2560,384,0.017235999999999998,0.010143280029296875,cuda
webtable-union_minus-v=12-distilroberta-dj_adpt~qwen3_8b-dj_adpt,8,128,2,2560,384,0.014509999999999999,0.010753631591796875,cuda
webtable-union_minus-v=12-distilroberta-dj_adpt~qwen3_8b-dj_adpt,8,128,3,2560,384,0.010633,0.010143280029296875,cuda
webtable-union_minus-v=12-distilroberta-dj_adpt~qwen3_8b-dj_adpt,8,128,4,2560,384,0.010064,0.010753631591796875,cuda
webtable-union_minus-v=12-distilroberta-dj_adpt~qwen3_8b-dj_adpt,8,128,5,2560,384,0.010256,0.010143280029296875,cuda
webtable-union_minus-v=12-distilroberta-dj_adpt~qwen3_8b-dj_adpt,8,128,6,2560,384,0.009914,0.010753631591796875,cuda
webtable-union_minus-v=12-distilroberta-dj_adpt~qwen3_8b-dj_adpt,8,128,7,2560,384,0.009866,0.010143280029296875,cuda
webtable-union_minus-v=12-distilroberta-dj_adpt~qwen3_8b-dj_adpt,8,128,8,2560,384,0.009989,0.010753631591796875,cuda
webtable-union_minus-v=12-distilroberta-dj_adpt~qwen3_8b-dj_adpt,8,128,9,2560,384,0.010119,0.010143280029296875,cuda
webtable-union_minus-v=12-distilroberta-dj_adpt~qwen3_8b-dj_adpt,8,128,10,2560,384,0.009724,0.010753631591796875,cuda
webtable-union_minus-v=12-distilroberta-dj_adpt~qwen3_8b-dj_adpt,9,128,1,3840,384,0.008952,0.010753631591796875,cuda
webtable-union_minus-v=12-distilroberta-dj_adpt~qwen3_8b-dj_adpt,9,128,2,3840,384,0.009941,0.010753631591796875,cuda
webtable-union_minus-v=12-distilroberta-dj_adpt~qwen3_8b-dj_adpt,9,128,3,3840,384,0.00942,0.010753631591796875,cuda
webtable-union_minus-v=12-distilroberta-dj_adpt~qwen3_8b-dj_adpt,9,128,4,3840,384,0.009977,0.010753631591796875,cuda
webtable-union_minus-v=12-distilroberta-dj_adpt~qwen3_8b-dj_adpt,9,128,5,3840,384,0.009928,0.010753631591796875,cuda
webtable-union_minus-v=12-distilroberta-dj_adpt~qwen3_8b-dj_adpt,9,128,6,3840,384,0.009661,0.010753631591796875,cuda
webtable-union_minus-v=12-distilroberta-dj_adpt~qwen3_8b-dj_adpt,9,128,7,3840,384,0.009582,0.010753631591796875,cuda
webtable-union_minus-v=12-distilroberta-dj_adpt~qwen3_8b-dj_adpt,9,128,8,3840,384,0.009519,0.010753631591796875,cuda
webtable-union_minus-v=12-distilroberta-dj_adpt~qwen3_8b-dj_adpt,9,128,9,3840,384,0.009800999999999999,0.010753631591796875,cuda
webtable-union_minus-v=12-distilroberta-dj_adpt~qwen3_8b-dj_adpt,9,128,10,3840,384,0.009772999999999999,0.010753631591796875,cuda
webtable-union_minus-v=12-distilroberta-dj_adpt~qwen3_8b-dj_adpt,10,128,1,4096,384,0.00908,0.010875701904296875,cuda
webtable-union_minus-v=12-distilroberta-dj_adpt~qwen3_8b-dj_adpt,10,128,2,4096,384,0.010196,0.010875701904296875,cuda
webtable-union_minus-v=12-distilroberta-dj_adpt~qwen3_8b-dj_adpt,10,128,3,4096,384,0.009922,0.010875701904296875,cuda
webtable-union_minus-v=12-distilroberta-dj_adpt~qwen3_8b-dj_adpt,10,128,4,4096,384,0.009635999999999999,0.010875701904296875,cuda
webtable-union_minus-v=12-distilroberta-dj_adpt~qwen3_8b-dj_adpt,10,128,5,4096,384,0.009800999999999999,0.010875701904296875,cuda
webtable-union_minus-v=12-distilroberta-dj_adpt~qwen3_8b-dj_adpt,10,128,6,4096,384,0.009878,0.010875701904296875,cuda
webtable-union_minus-v=12-distilroberta-dj_adpt~qwen3_8b-dj_adpt,10,128,7,4096,384,0.009972,0.010875701904296875,cuda
webtable-union_minus-v=12-distilroberta-dj_adpt~qwen3_8b-dj_adpt,10,128,8,4096,384,0.009911,0.010875701904296875,cuda
webtable-union_minus-v=12-distilroberta-dj_adpt~qwen3_8b-dj_adpt,10,128,9,4096,384,0.00989,0.010875701904296875,cuda
webtable-union_minus-v=12-distilroberta-dj_adpt~qwen3_8b-dj_adpt,10,128,10,4096,384,0.009641,0.010875701904296875,cuda
webtable-union_minus-v=12-distilroberta-dj_adpt~qwen3_8b-dj_adpt,11,128,1,4096,384,0.008856,0.010875701904296875,cuda
webtable-union_minus-v=12-distilroberta-dj_adpt~qwen3_8b-dj_adpt,11,128,2,4096,384,0.010182,0.010875701904296875,cuda
webtable-union_minus-v=12-distilroberta-dj_adpt~qwen3_8b-dj_adpt,11,128,3,4096,384,0.013142,0.010875701904296875,cuda
webtable-union_minus-v=12-distilroberta-dj_adpt~qwen3_8b-dj_adpt,11,128,4,4096,384,0.010362999999999999,0.010875701904296875,cuda
webtable-union_minus-v=12-distilroberta-dj_adpt~qwen3_8b-dj_adpt,11,128,5,4096,384,0.009767,0.010875701904296875,cuda
webtable-union_minus-v=12-distilroberta-dj_adpt~qwen3_8b-dj_adpt,11,128,6,4096,384,0.009545999999999999,0.010875701904296875,cuda
webtable-union_minus-v=12-distilroberta-dj_adpt~qwen3_8b-dj_adpt,11,128,7,4096,384,0.00979,0.010875701904296875,cuda
webtable-union_minus-v=12-distilroberta-dj_adpt~qwen3_8b-dj_adpt,11,128,8,4096,384,0.009587,0.010875701904296875,cuda
webtable-union_minus-v=12-distilroberta-dj_adpt~qwen3_8b-dj_adpt,11,128,9,4096,384,0.009772,0.010875701904296875,cuda
webtable-union_minus-v=12-distilroberta-dj_adpt~qwen3_8b-dj_adpt,11,128,10,4096,384,0.009592999999999999,0.010875701904296875,cuda
webtable-union_minus-v=12-distilroberta-dj_adpt~qwen3_8b-dj_adpt,0,256,1,768,384,0.009293,0.009654998779296875,cuda
webtable-union_minus-v=12-distilroberta-dj_adpt~qwen3_8b-dj_adpt,0,256,2,768,384,0.010537999999999999,0.009654998779296875,cuda
webtable-union_minus-v=12-distilroberta-dj_adpt~qwen3_8b-dj_adpt,0,256,3,768,384,0.010133999999999999,0.009654998779296875,cuda
webtable-union_minus-v=12-distilroberta-dj_adpt~qwen3_8b-dj_adpt,0,256,4,768,384,0.009986,0.009654998779296875,cuda
webtable-union_minus-v=12-distilroberta-dj_adpt~qwen3_8b-dj_adpt,0,256,5,768,384,0.010001999999999999,0.009654998779296875,cuda
webtable-union_minus-v=12-distilroberta-dj_adpt~qwen3_8b-dj_adpt,0,256,6,768,384,0.010057,0.009654998779296875,cuda
webtable-union_minus-v=12-distilroberta-dj_adpt~qwen3_8b-dj_adpt,0,256,7,768,384,0.009937999999999999,0.009654998779296875,cuda
webtable-union_minus-v=12-distilroberta-dj_adpt~qwen3_8b-dj_adpt,0,256,8,768,384,0.009962,0.009654998779296875,cuda
webtable-union_minus-v=12-distilroberta-dj_adpt~qwen3_8b-dj_adpt,0,256,9,768,384,0.009854,0.009654998779296875,cuda
webtable-union_minus-v=12-distilroberta-dj_adpt~qwen3_8b-dj_adpt,0,256,10,768,384,0.009859999999999999,0.009654998779296875,cuda
webtable-union_minus-v=12-distilroberta-dj_adpt~qwen3_8b-dj_adpt,1,256,1,384,384,0.008517,0.009288787841796875,cuda
webtable-union_minus-v=12-distilroberta-dj_adpt~qwen3_8b-dj_adpt,1,256,2,384,384,0.009655,0.009288787841796875,cuda
webtable-union_minus-v=12-distilroberta-dj_adpt~qwen3_8b-dj_adpt,1,256,3,384,384,0.009037,0.009288787841796875,cuda
webtable-union_minus-v=12-distilroberta-dj_adpt~qwen3_8b-dj_adpt,1,256,4,384,384,0.009178,0.009288787841796875,cuda
webtable-union_minus-v=12-distilroberta-dj_adpt~qwen3_8b-dj_adpt,1,256,5,384,384,0.008924999999999999,0.009288787841796875,cuda
webtable-union_minus-v=12-distilroberta-dj_adpt~qwen3_8b-dj_adpt,1,256,6,384,384,0.009342999999999999,0.009288787841796875,cuda
webtable-union_minus-v=12-distilroberta-dj_adpt~qwen3_8b-dj_adpt,1,256,7,384,384,0.009274,0.009288787841796875,cuda
webtable-union_minus-v=12-distilroberta-dj_adpt~qwen3_8b-dj_adpt,1,256,8,384,384,0.008843,0.009288787841796875,cuda
webtable-union_minus-v=12-distilroberta-dj_adpt~qwen3_8b-dj_adpt,1,256,9,384,384,0.009182,0.009288787841796875,cuda
webtable-union_minus-v=12-distilroberta-dj_adpt~qwen3_8b-dj_adpt,1,256,10,384,384,0.009165999999999999,0.009288787841796875,cuda
webtable-union_minus-v=12-distilroberta-dj_adpt~qwen3_8b-dj_adpt,2,256,1,384,384,0.008171,0.009288787841796875,cuda
webtable-union_minus-v=12-distilroberta-dj_adpt~qwen3_8b-dj_adpt,2,256,2,384,384,0.009049999999999999,0.009288787841796875,cuda
webtable-union_minus-v=12-distilroberta-dj_adpt~qwen3_8b-dj_adpt,2,256,3,384,384,0.008997999999999999,0.009288787841796875,cuda
webtable-union_minus-v=12-distilroberta-dj_adpt~qwen3_8b-dj_adpt,2,256,4,384,384,0.017386,0.009288787841796875,cuda
webtable-union_minus-v=12-distilroberta-dj_adpt~qwen3_8b-dj_adpt,2,256,5,384,384,0.010058,0.009288787841796875,cuda
webtable-union_minus-v=12-distilroberta-dj_adpt~qwen3_8b-dj_adpt,2,256,6,384,384,0.008813,0.009288787841796875,cuda
webtable-union_minus-v=12-distilroberta-dj_adpt~qwen3_8b-dj_adpt,2,256,7,384,384,0.008968,0.009288787841796875,cuda
webtable-union_minus-v=12-distilroberta-dj_adpt~qwen3_8b-dj_adpt,2,256,8,384,384,0.009072,0.009288787841796875,cuda
webtable-union_minus-v=12-distilroberta-dj_adpt~qwen3_8b-dj_adpt,2,256,9,384,384,0.008962,0.009288787841796875,cuda
webtable-union_minus-v=12-distilroberta-dj_adpt~qwen3_8b-dj_adpt,2,256,10,384,384,0.008910999999999999,0.009288787841796875,cuda
webtable-union_minus-v=12-distilroberta-dj_adpt~qwen3_8b-dj_adpt,3,256,1,768,384,0.009167999999999999,0.009654998779296875,cuda
webtable-union_minus-v=12-distilroberta-dj_adpt~qwen3_8b-dj_adpt,3,256,2,768,384,0.009904999999999999,0.009654998779296875,cuda
webtable-union_minus-v=12-distilroberta-dj_adpt~qwen3_8b-dj_adpt,3,256,3,768,384,0.009934,0.009654998779296875,cuda
webtable-union_minus-v=12-distilroberta-dj_adpt~qwen3_8b-dj_adpt,3,256,4,768,384,0.009965,0.009654998779296875,cuda
webtable-union_minus-v=12-distilroberta-dj_adpt~qwen3_8b-dj_adpt,3,256,5,768,384,0.009974,0.009654998779296875,cuda
webtable-union_minus-v=12-distilroberta-dj_adpt~qwen3_8b-dj_adpt,3,256,6,768,384,0.009663999999999999,0.009654998779296875,cuda
webtable-union_minus-v=12-distilroberta-dj_adpt~qwen3_8b-dj_adpt,3,256,7,768,384,0.009878,0.009654998779296875,cuda
webtable-union_minus-v=12-distilroberta-dj_adpt~qwen3_8b-dj_adpt,3,256,8,768,384,0.009786,0.009654998779296875,cuda
webtable-union_minus-v=12-distilroberta-dj_adpt~qwen3_8b-dj_adpt,3,256,9,768,384,0.009951,0.009654998779296875,cuda
webtable-union_minus-v=12-distilroberta-dj_adpt~qwen3_8b-dj_adpt,3,256,10,768,384,0.010053,0.009654998779296875,cuda
webtable-union_minus-v=12-distilroberta-dj_adpt~qwen3_8b-dj_adpt,4,256,1,768,384,0.00869,0.009654998779296875,cuda
webtable-union_minus-v=12-distilroberta-dj_adpt~qwen3_8b-dj_adpt,4,256,2,768,384,0.010182,0.009654998779296875,cuda
webtable-union_minus-v=12-distilroberta-dj_adpt~qwen3_8b-dj_adpt,4,256,3,768,384,0.00972,0.009654998779296875,cuda
webtable-union_minus-v=12-distilroberta-dj_adpt~qwen3_8b-dj_adpt,4,256,4,768,384,0.01001,0.009654998779296875,cuda
webtable-union_minus-v=12-distilroberta-dj_adpt~qwen3_8b-dj_adpt,4,256,5,768,384,0.01023,0.009654998779296875,cuda
webtable-union_minus-v=12-distilroberta-dj_adpt~qwen3_8b-dj_adpt,4,256,6,768,384,0.0097,0.009654998779296875,cuda
webtable-union_minus-v=12-distilroberta-dj_adpt~qwen3_8b-dj_adpt,4,256,7,768,384,0.009746999999999999,0.009654998779296875,cuda
webtable-union_minus-v=12-distilroberta-dj_adpt~qwen3_8b-dj_adpt,4,256,8,768,384,0.010017,0.009654998779296875,cuda
webtable-union_minus-v=12-distilroberta-dj_adpt~qwen3_8b-dj_adpt,4,256,9,768,384,0.009646,0.009654998779296875,cuda
webtable-union_minus-v=12-distilroberta-dj_adpt~qwen3_8b-dj_adpt,4,256,10,768,384,0.00963,0.009654998779296875,cuda
webtable-union_minus-v=12-distilroberta-dj_adpt~qwen3_8b-dj_adpt,5,256,1,768,384,0.008938999999999999,0.009654998779296875,cuda
webtable-union_minus-v=12-distilroberta-dj_adpt~qwen3_8b-dj_adpt,5,256,2,768,384,0.009814,0.009654998779296875,cuda
webtable-union_minus-v=12-distilroberta-dj_adpt~qwen3_8b-dj_adpt,5,256,3,768,384,0.00979,0.009654998779296875,cuda
webtable-union_minus-v=12-distilroberta-dj_adpt~qwen3_8b-dj_adpt,5,256,4,768,384,0.009755999999999999,0.009654998779296875,cuda
webtable-union_minus-v=12-distilroberta-dj_adpt~qwen3_8b-dj_adpt,5,256,5,768,384,0.010012,0.009654998779296875,cuda
webtable-union_minus-v=12-distilroberta-dj_adpt~qwen3_8b-dj_adpt,5,256,6,768,384,0.013408999999999999,0.009654998779296875,cuda
webtable-union_minus-v=12-distilroberta-dj_adpt~qwen3_8b-dj_adpt,5,256,7,768,384,0.010103,0.009654998779296875,cuda
webtable-union_minus-v=12-distilroberta-dj_adpt~qwen3_8b-dj_adpt,5,256,8,768,384,0.009833,0.009654998779296875,cuda
webtable-union_minus-v=12-distilroberta-dj_adpt~qwen3_8b-dj_adpt,5,256,9,768,384,0.009916999999999999,0.009654998779296875,cuda
webtable-union_minus-v=12-distilroberta-dj_adpt~qwen3_8b-dj_adpt,5,256,10,768,384,0.009896,0.009654998779296875,cuda
webtable-union_minus-v=12-distilroberta-dj_adpt~qwen3_8b-dj_adpt,6,256,1,896,384,0.008543,0.009777069091796875,cuda
webtable-union_minus-v=12-distilroberta-dj_adpt~qwen3_8b-dj_adpt,6,256,2,896,384,0.010307,0.009777069091796875,cuda
webtable-union_minus-v=12-distilroberta-dj_adpt~qwen3_8b-dj_adpt,6,256,3,896,384,0.009786,0.009777069091796875,cuda
webtable-union_minus-v=12-distilroberta-dj_adpt~qwen3_8b-dj_adpt,6,256,4,896,384,0.009611999999999999,0.009777069091796875,cuda
webtable-union_minus-v=12-distilroberta-dj_adpt~qwen3_8b-dj_adpt,6,256,5,896,384,0.009822,0.009777069091796875,cuda
webtable-union_minus-v=12-distilroberta-dj_adpt~qwen3_8b-dj_adpt,6,256,6,896,384,0.009831999999999999,0.009777069091796875,cuda
webtable-union_minus-v=12-distilroberta-dj_adpt~qwen3_8b-dj_adpt,6,256,7,896,384,0.010072,0.009777069091796875,cuda
webtable-union_minus-v=12-distilroberta-dj_adpt~qwen3_8b-dj_adpt,6,256,8,896,384,0.009736,0.009777069091796875,cuda
webtable-union_minus-v=12-distilroberta-dj_adpt~qwen3_8b-dj_adpt,6,256,9,896,384,0.009758,0.009777069091796875,cuda
webtable-union_minus-v=12-distilroberta-dj_adpt~qwen3_8b-dj_adpt,6,256,10,896,384,0.010022999999999999,0.009777069091796875,cuda
webtable-union_minus-v=12-distilroberta-dj_adpt~qwen3_8b-dj_adpt,7,256,1,1024,384,0.008768999999999999,0.009899139404296875,cuda
webtable-union_minus-v=12-distilroberta-dj_adpt~qwen3_8b-dj_adpt,7,256,2,1024,384,0.009852,0.009899139404296875,cuda
webtable-union_minus-v=12-distilroberta-dj_adpt~qwen3_8b-dj_adpt,7,256,3,1024,384,0.00955,0.009899139404296875,cuda
webtable-union_minus-v=12-distilroberta-dj_adpt~qwen3_8b-dj_adpt,7,256,4,1024,384,0.009913,0.009899139404296875,cuda
webtable-union_minus-v=12-distilroberta-dj_adpt~qwen3_8b-dj_adpt,7,256,5,1024,384,0.009935,0.009899139404296875,cuda
webtable-union_minus-v=12-distilroberta-dj_adpt~qwen3_8b-dj_adpt,7,256,6,1024,384,0.009736999999999999,0.009899139404296875,cuda
webtable-union_minus-v=12-distilroberta-dj_adpt~qwen3_8b-dj_adpt,7,256,7,1024,384,0.010032,0.009899139404296875,cuda
webtable-union_minus-v=12-distilroberta-dj_adpt~qwen3_8b-dj_adpt,7,256,8,1024,384,0.009944999999999999,0.009899139404296875,cuda
webtable-union_minus-v=12-distilroberta-dj_adpt~qwen3_8b-dj_adpt,7,256,9,1024,384,0.010005,0.009899139404296875,cuda
webtable-union_minus-v=12-distilroberta-dj_adpt~qwen3_8b-dj_adpt,7,256,10,1024,384,0.009918999999999999,0.009899139404296875,cuda
webtable-union_minus-v=12-distilroberta-dj_adpt~qwen3_8b-dj_adpt,8,256,1,2560,384,0.008740999999999999,0.011363983154296875,cuda
webtable-union_minus-v=12-distilroberta-dj_adpt~qwen3_8b-dj_adpt,8,256,2,2560,384,0.009819,0.011363983154296875,cuda
webtable-union_minus-v=12-distilroberta-dj_adpt~qwen3_8b-dj_adpt,8,256,3,2560,384,0.009748999999999999,0.011363983154296875,cuda
webtable-union_minus-v=12-distilroberta-dj_adpt~qwen3_8b-dj_adpt,8,256,4,2560,384,0.009946,0.011363983154296875,cuda
webtable-union_minus-v=12-distilroberta-dj_adpt~qwen3_8b-dj_adpt,8,256,5,2560,384,0.010365,0.011363983154296875,cuda
webtable-union_minus-v=12-distilroberta-dj_adpt~qwen3_8b-dj_adpt,8,256,6,2560,384,0.009973,0.011363983154296875,cuda
webtable-union_minus-v=12-distilroberta-dj_adpt~qwen3_8b-dj_adpt,8,256,7,2560,384,0.013333,0.011363983154296875,cuda
webtable-union_minus-v=12-distilroberta-dj_adpt~qwen3_8b-dj_adpt,8,256,8,2560,384,0.010327,0.011363983154296875,cuda
webtable-union_minus-v=12-distilroberta-dj_adpt~qwen3_8b-dj_adpt,8,256,9,2560,384,0.009693,0.011363983154296875,cuda
webtable-union_minus-v=12-distilroberta-dj_adpt~qwen3_8b-dj_adpt,8,256,10,2560,384,0.009840999999999999,0.011363983154296875,cuda
webtable-union_minus-v=12-distilroberta-dj_adpt~qwen3_8b-dj_adpt,9,256,1,3840,384,0.008956,0.012584686279296875,cuda
webtable-union_minus-v=12-distilroberta-dj_adpt~qwen3_8b-dj_adpt,9,256,2,3840,384,0.010262,0.012584686279296875,cuda
webtable-union_minus-v=12-distilroberta-dj_adpt~qwen3_8b-dj_adpt,9,256,3,3840,384,0.010074999999999999,0.012584686279296875,cuda
webtable-union_minus-v=12-distilroberta-dj_adpt~qwen3_8b-dj_adpt,9,256,4,3840,384,0.010005,0.012584686279296875,cuda
webtable-union_minus-v=12-distilroberta-dj_adpt~qwen3_8b-dj_adpt,9,256,5,3840,384,0.009778,0.012584686279296875,cuda
webtable-union_minus-v=12-distilroberta-dj_adpt~qwen3_8b-dj_adpt,9,256,6,3840,384,0.00993,0.012584686279296875,cuda
webtable-union_minus-v=12-distilroberta-dj_adpt~qwen3_8b-dj_adpt,9,256,7,3840,384,0.009685,0.012584686279296875,cuda
webtable-union_minus-v=12-distilroberta-dj_adpt~qwen3_8b-dj_adpt,9,256,8,3840,384,0.009918999999999999,0.012584686279296875,cuda
webtable-union_minus-v=12-distilroberta-dj_adpt~qwen3_8b-dj_adpt,9,256,9,3840,384,0.009744,0.012584686279296875,cuda
webtable-union_minus-v=12-distilroberta-dj_adpt~qwen3_8b-dj_adpt,9,256,10,3840,384,0.009714,0.012584686279296875,cuda
webtable-union_minus-v=12-distilroberta-dj_adpt~qwen3_8b-dj_adpt,10,256,1,4096,384,0.008907,0.012828826904296875,cuda
webtable-union_minus-v=12-distilroberta-dj_adpt~qwen3_8b-dj_adpt,10,256,2,4096,384,0.010374,0.012828826904296875,cuda
webtable-union_minus-v=12-distilroberta-dj_adpt~qwen3_8b-dj_adpt,10,256,3,4096,384,0.009982999999999999,0.012828826904296875,cuda
webtable-union_minus-v=12-distilroberta-dj_adpt~qwen3_8b-dj_adpt,10,256,4,4096,384,0.009840999999999999,0.012828826904296875,cuda
webtable-union_minus-v=12-distilroberta-dj_adpt~qwen3_8b-dj_adpt,10,256,5,4096,384,0.010048,0.012828826904296875,cuda
webtable-union_minus-v=12-distilroberta-dj_adpt~qwen3_8b-dj_adpt,10,256,6,4096,384,0.009857999999999999,0.012828826904296875,cuda
webtable-union_minus-v=12-distilroberta-dj_adpt~qwen3_8b-dj_adpt,10,256,7,4096,384,0.010235,0.012828826904296875,cuda
webtable-union_minus-v=12-distilroberta-dj_adpt~qwen3_8b-dj_adpt,10,256,8,4096,384,0.00997,0.012828826904296875,cuda
webtable-union_minus-v=12-distilroberta-dj_adpt~qwen3_8b-dj_adpt,10,256,9,4096,384,0.010121999999999999,0.012828826904296875,cuda
webtable-union_minus-v=12-distilroberta-dj_adpt~qwen3_8b-dj_adpt,10,256,10,4096,384,0.009948,0.012828826904296875,cuda
webtable-union_minus-v=12-distilroberta-dj_adpt~qwen3_8b-dj_adpt,11,256,1,4096,384,0.00906,0.012828826904296875,cuda
webtable-union_minus-v=12-distilroberta-dj_adpt~qwen3_8b-dj_adpt,11,256,2,4096,384,0.009727,0.012828826904296875,cuda
webtable-union_minus-v=12-distilroberta-dj_adpt~qwen3_8b-dj_adpt,11,256,3,4096,384,0.010324,0.012828826904296875,cuda
webtable-union_minus-v=12-distilroberta-dj_adpt~qwen3_8b-dj_adpt,11,256,4,4096,384,0.009932,0.012828826904296875,cuda
webtable-union_minus-v=12-distilroberta-dj_adpt~qwen3_8b-dj_adpt,11,256,5,4096,384,0.009871999999999999,0.012828826904296875,cuda
webtable-union_minus-v=12-distilroberta-dj_adpt~qwen3_8b-dj_adpt,11,256,6,4096,384,0.009859999999999999,0.012828826904296875,cuda
webtable-union_minus-v=12-distilroberta-dj_adpt~qwen3_8b-dj_adpt,11,256,7,4096,384,0.010156,0.012828826904296875,cuda
webtable-union_minus-v=12-distilroberta-dj_adpt~qwen3_8b-dj_adpt,11,256,8,4096,384,0.009743,0.012828826904296875,cuda
webtable-union_minus-v=12-distilroberta-dj_adpt~qwen3_8b-dj_adpt,11,256,9,4096,384,0.013415999999999999,0.012828826904296875,cuda
webtable-union_minus-v=12-distilroberta-dj_adpt~qwen3_8b-dj_adpt,11,256,10,4096,384,0.010435999999999999,0.012828826904296875,cuda
webtable-union_minus-v=12-distilroberta-dj_adpt~qwen3_8b-dj_adpt,0,512,1,768,384,0.009295,0.010387420654296875,cuda
webtable-union_minus-v=12-distilroberta-dj_adpt~qwen3_8b-dj_adpt,0,512,2,768,384,0.01038,0.010753631591796875,cuda
webtable-union_minus-v=12-distilroberta-dj_adpt~qwen3_8b-dj_adpt,0,512,3,768,384,0.010657999999999999,0.010387420654296875,cuda
webtable-union_minus-v=12-distilroberta-dj_adpt~qwen3_8b-dj_adpt,0,512,4,768,384,0.00981,0.010753631591796875,cuda
webtable-union_minus-v=12-distilroberta-dj_adpt~qwen3_8b-dj_adpt,0,512,5,768,384,0.009929,0.010387420654296875,cuda
webtable-union_minus-v=12-distilroberta-dj_adpt~qwen3_8b-dj_adpt,0,512,6,768,384,0.010189,0.010753631591796875,cuda
webtable-union_minus-v=12-distilroberta-dj_adpt~qwen3_8b-dj_adpt,0,512,7,768,384,0.009797,0.010387420654296875,cuda
webtable-union_minus-v=12-distilroberta-dj_adpt~qwen3_8b-dj_adpt,0,512,8,768,384,0.009807999999999999,0.010753631591796875,cuda
webtable-union_minus-v=12-distilroberta-dj_adpt~qwen3_8b-dj_adpt,0,512,9,768,384,0.009946,0.010387420654296875,cuda
webtable-union_minus-v=12-distilroberta-dj_adpt~qwen3_8b-dj_adpt,0,512,10,768,384,0.009798,0.010753631591796875,cuda
webtable-union_minus-v=12-distilroberta-dj_adpt~qwen3_8b-dj_adpt,1,512,1,384,384,0.008221,0.009654998779296875,cuda
webtable-union_minus-v=12-distilroberta-dj_adpt~qwen3_8b-dj_adpt,1,512,2,384,384,0.009651999999999999,0.009654998779296875,cuda
webtable-union_minus-v=12-distilroberta-dj_adpt~qwen3_8b-dj_adpt,1,512,3,384,384,0.009158999999999999,0.009654998779296875,cuda
webtable-union_minus-v=12-distilroberta-dj_adpt~qwen3_8b-dj_adpt,1,512,4,384,384,0.009497,0.009654998779296875,cuda
webtable-union_minus-v=12-distilroberta-dj_adpt~qwen3_8b-dj_adpt,1,512,5,384,384,0.009059,0.009654998779296875,cuda
webtable-union_minus-v=12-distilroberta-dj_adpt~qwen3_8b-dj_adpt,1,512,6,384,384,0.008935,0.009654998779296875,cuda
webtable-union_minus-v=12-distilroberta-dj_adpt~qwen3_8b-dj_adpt,1,512,7,384,384,0.009238999999999999,0.009654998779296875,cuda
webtable-union_minus-v=12-distilroberta-dj_adpt~qwen3_8b-dj_adpt,1,512,8,384,384,0.009313,0.009654998779296875,cuda
webtable-union_minus-v=12-distilroberta-dj_adpt~qwen3_8b-dj_adpt,1,512,9,384,384,0.008957,0.009654998779296875,cuda
webtable-union_minus-v=12-distilroberta-dj_adpt~qwen3_8b-dj_adpt,1,512,10,384,384,0.009106999999999999,0.009654998779296875,cuda
webtable-union_minus-v=12-distilroberta-dj_adpt~qwen3_8b-dj_adpt,2,512,1,384,384,0.008369999999999999,0.009654998779296875,cuda
webtable-union_minus-v=12-distilroberta-dj_adpt~qwen3_8b-dj_adpt,2,512,2,384,384,0.009422,0.009654998779296875,cuda
webtable-union_minus-v=12-distilroberta-dj_adpt~qwen3_8b-dj_adpt,2,512,3,384,384,0.009082,0.009654998779296875,cuda
webtable-union_minus-v=12-distilroberta-dj_adpt~qwen3_8b-dj_adpt,2,512,4,384,384,0.008898999999999999,0.009654998779296875,cuda
webtable-union_minus-v=12-distilroberta-dj_adpt~qwen3_8b-dj_adpt,2,512,5,384,384,0.009113999999999999,0.009654998779296875,cuda
webtable-union_minus-v=12-distilroberta-dj_adpt~qwen3_8b-dj_adpt,2,512,6,384,384,0.009028999999999999,0.009654998779296875,cuda
webtable-union_minus-v=12-distilroberta-dj_adpt~qwen3_8b-dj_adpt,2,512,7,384,384,0.008936999999999999,0.009654998779296875,cuda
webtable-union_minus-v=12-distilroberta-dj_adpt~qwen3_8b-dj_adpt,2,512,8,384,384,0.009189,0.009654998779296875,cuda
webtable-union_minus-v=12-distilroberta-dj_adpt~qwen3_8b-dj_adpt,2,512,9,384,384,0.008855,0.009654998779296875,cuda
webtable-union_minus-v=12-distilroberta-dj_adpt~qwen3_8b-dj_adpt,2,512,10,384,384,0.011755999999999999,0.009654998779296875,cuda
webtable-union_minus-v=12-distilroberta-dj_adpt~qwen3_8b-dj_adpt,3,512,1,768,384,0.008702,0.010387420654296875,cuda
webtable-union_minus-v=12-distilroberta-dj_adpt~qwen3_8b-dj_adpt,3,512,2,768,384,0.009845999999999999,0.010753631591796875,cuda
webtable-union_minus-v=12-distilroberta-dj_adpt~qwen3_8b-dj_adpt,3,512,3,768,384,0.009913,0.010387420654296875,cuda
webtable-union_minus-v=12-distilroberta-dj_adpt~qwen3_8b-dj_adpt,3,512,4,768,384,0.010478999999999999,0.010753631591796875,cuda
webtable-union_minus-v=12-distilroberta-dj_adpt~qwen3_8b-dj_adpt,3,512,5,768,384,0.009734,0.010387420654296875,cuda
webtable-union_minus-v=12-distilroberta-dj_adpt~qwen3_8b-dj_adpt,3,512,6,768,384,0.009918,0.010753631591796875,cuda
webtable-union_minus-v=12-distilroberta-dj_adpt~qwen3_8b-dj_adpt,3,512,7,768,384,0.009715999999999999,0.010387420654296875,cuda
webtable-union_minus-v=12-distilroberta-dj_adpt~qwen3_8b-dj_adpt,3,512,8,768,384,0.009828,0.010753631591796875,cuda
webtable-union_minus-v=12-distilroberta-dj_adpt~qwen3_8b-dj_adpt,3,512,9,768,384,0.009557999999999999,0.010387420654296875,cuda
webtable-union_minus-v=12-distilroberta-dj_adpt~qwen3_8b-dj_adpt,3,512,10,768,384,0.009311,0.010753631591796875,cuda
webtable-union_minus-v=12-distilroberta-dj_adpt~qwen3_8b-dj_adpt,4,512,1,768,384,0.008565,0.010753631591796875,cuda
webtable-union_minus-v=12-distilroberta-dj_adpt~qwen3_8b-dj_adpt,4,512,2,768,384,0.009840999999999999,0.010387420654296875,cuda
webtable-union_minus-v=12-distilroberta-dj_adpt~qwen3_8b-dj_adpt,4,512,3,768,384,0.009644,0.010753631591796875,cuda
webtable-union_minus-v=12-distilroberta-dj_adpt~qwen3_8b-dj_adpt,4,512,4,768,384,0.009531999999999999,0.010387420654296875,cuda
webtable-union_minus-v=12-distilroberta-dj_adpt~qwen3_8b-dj_adpt,4,512,5,768,384,0.009814999999999999,0.010753631591796875,cuda
webtable-union_minus-v=12-distilroberta-dj_adpt~qwen3_8b-dj_adpt,4,512,6,768,384,0.009486999999999999,0.010387420654296875,cuda
webtable-union_minus-v=12-distilroberta-dj_adpt~qwen3_8b-dj_adpt,4,512,7,768,384,0.009460999999999999,0.010753631591796875,cuda
webtable-union_minus-v=12-distilroberta-dj_adpt~qwen3_8b-dj_adpt,4,512,8,768,384,0.009521,0.010387420654296875,cuda
webtable-union_minus-v=12-distilroberta-dj_adpt~qwen3_8b-dj_adpt,4,512,9,768,384,0.009772,0.010753631591796875,cuda
webtable-union_minus-v=12-distilroberta-dj_adpt~qwen3_8b-dj_adpt,4,512,10,768,384,0.009668999999999999,0.010387420654296875,cuda
webtable-union_minus-v=12-distilroberta-dj_adpt~qwen3_8b-dj_adpt,5,512,1,768,384,0.008719,0.010387420654296875,cuda
webtable-union_minus-v=12-distilroberta-dj_adpt~qwen3_8b-dj_adpt,5,512,2,768,384,0.009689999999999999,0.010753631591796875,cuda
webtable-union_minus-v=12-distilroberta-dj_adpt~qwen3_8b-dj_adpt,5,512,3,768,384,0.009674,0.010387420654296875,cuda
webtable-union_minus-v=12-distilroberta-dj_adpt~qwen3_8b-dj_adpt,5,512,4,768,384,0.009615,0.010753631591796875,cuda
webtable-union_minus-v=12-distilroberta-dj_adpt~qwen3_8b-dj_adpt,5,512,5,768,384,0.009727,0.010387420654296875,cuda
webtable-union_minus-v=12-distilroberta-dj_adpt~qwen3_8b-dj_adpt,5,512,6,768,384,0.009611999999999999,0.010753631591796875,cuda
webtable-union_minus-v=12-distilroberta-dj_adpt~qwen3_8b-dj_adpt,5,512,7,768,384,0.009781999999999999,0.010387420654296875,cuda
webtable-union_minus-v=12-distilroberta-dj_adpt~qwen3_8b-dj_adpt,5,512,8,768,384,0.009769,0.010753631591796875,cuda
webtable-union_minus-v=12-distilroberta-dj_adpt~qwen3_8b-dj_adpt,5,512,9,768,384,0.009736999999999999,0.010387420654296875,cuda
webtable-union_minus-v=12-distilroberta-dj_adpt~qwen3_8b-dj_adpt,5,512,10,768,384,0.009866999999999999,0.010753631591796875,cuda
webtable-union_minus-v=12-distilroberta-dj_adpt~qwen3_8b-dj_adpt,6,512,1,896,384,0.008745,0.010753631591796875,cuda
webtable-union_minus-v=12-distilroberta-dj_adpt~qwen3_8b-dj_adpt,6,512,2,896,384,0.013429,0.010631561279296875,cuda
webtable-union_minus-v=12-distilroberta-dj_adpt~qwen3_8b-dj_adpt,6,512,3,896,384,0.010159,0.010753631591796875,cuda
webtable-union_minus-v=12-distilroberta-dj_adpt~qwen3_8b-dj_adpt,6,512,4,896,384,0.010026,0.010631561279296875,cuda
webtable-union_minus-v=12-distilroberta-dj_adpt~qwen3_8b-dj_adpt,6,512,5,896,384,0.010067999999999999,0.010753631591796875,cuda
webtable-union_minus-v=12-distilroberta-dj_adpt~qwen3_8b-dj_adpt,6,512,6,896,384,0.009795,0.010631561279296875,cuda
webtable-union_minus-v=12-distilroberta-dj_adpt~qwen3_8b-dj_adpt,6,512,7,896,384,0.009885999999999999,0.010753631591796875,cuda
webtable-union_minus-v=12-distilroberta-dj_adpt~qwen3_8b-dj_adpt,6,512,8,896,384,0.009603,0.010631561279296875,cuda
webtable-union_minus-v=12-distilroberta-dj_adpt~qwen3_8b-dj_adpt,6,512,9,896,384,0.01006,0.010753631591796875,cuda
webtable-union_minus-v=12-distilroberta-dj_adpt~qwen3_8b-dj_adpt,6,512,10,896,384,0.009822,0.010631561279296875,cuda
webtable-union_minus-v=12-distilroberta-dj_adpt~qwen3_8b-dj_adpt,7,512,1,1024,384,0.008889,0.010875701904296875,cuda
webtable-union_minus-v=12-distilroberta-dj_adpt~qwen3_8b-dj_adpt,7,512,2,1024,384,0.009563,0.010875701904296875,cuda
webtable-union_minus-v=12-distilroberta-dj_adpt~qwen3_8b-dj_adpt,7,512,3,1024,384,0.009726,0.010875701904296875,cuda
webtable-union_minus-v=12-distilroberta-dj_adpt~qwen3_8b-dj_adpt,7,512,4,1024,384,0.009762,0.010875701904296875,cuda
webtable-union_minus-v=12-distilroberta-dj_adpt~qwen3_8b-dj_adpt,7,512,5,1024,384,0.00983,0.010875701904296875,cuda
webtable-union_minus-v=12-distilroberta-dj_adpt~qwen3_8b-dj_adpt,7,512,6,1024,384,0.009609999999999999,0.010875701904296875,cuda
webtable-union_minus-v=12-distilroberta-dj_adpt~qwen3_8b-dj_adpt,7,512,7,1024,384,0.009642999999999999,0.010875701904296875,cuda
webtable-union_minus-v=12-distilroberta-dj_adpt~qwen3_8b-dj_adpt,7,512,8,1024,384,0.009668999999999999,0.010875701904296875,cuda
webtable-union_minus-v=12-distilroberta-dj_adpt~qwen3_8b-dj_adpt,7,512,9,1024,384,0.0096,0.010875701904296875,cuda
webtable-union_minus-v=12-distilroberta-dj_adpt~qwen3_8b-dj_adpt,7,512,10,1024,384,0.010095,0.010875701904296875,cuda
webtable-union_minus-v=12-distilroberta-dj_adpt~qwen3_8b-dj_adpt,8,512,1,2560,384,0.00966,0.013805389404296875,cuda
webtable-union_minus-v=12-distilroberta-dj_adpt~qwen3_8b-dj_adpt,8,512,2,2560,384,0.010196,0.013805389404296875,cuda
webtable-union_minus-v=12-distilroberta-dj_adpt~qwen3_8b-dj_adpt,8,512,3,2560,384,0.010095,0.013805389404296875,cuda
webtable-union_minus-v=12-distilroberta-dj_adpt~qwen3_8b-dj_adpt,8,512,4,2560,384,0.009956999999999999,0.013805389404296875,cuda
webtable-union_minus-v=12-distilroberta-dj_adpt~qwen3_8b-dj_adpt,8,512,5,2560,384,0.009685,0.013805389404296875,cuda
webtable-union_minus-v=12-distilroberta-dj_adpt~qwen3_8b-dj_adpt,8,512,6,2560,384,0.009555,0.013805389404296875,cuda
webtable-union_minus-v=12-distilroberta-dj_adpt~qwen3_8b-dj_adpt,8,512,7,2560,384,0.009844,0.013805389404296875,cuda
webtable-union_minus-v=12-distilroberta-dj_adpt~qwen3_8b-dj_adpt,8,512,8,2560,384,0.009882,0.013805389404296875,cuda
webtable-union_minus-v=12-distilroberta-dj_adpt~qwen3_8b-dj_adpt,8,512,9,2560,384,0.009774999999999999,0.013805389404296875,cuda
webtable-union_minus-v=12-distilroberta-dj_adpt~qwen3_8b-dj_adpt,8,512,10,2560,384,0.010092,0.013805389404296875,cuda
webtable-union_minus-v=12-distilroberta-dj_adpt~qwen3_8b-dj_adpt,9,512,1,3840,384,0.008961,0.016246795654296875,cuda
webtable-union_minus-v=12-distilroberta-dj_adpt~qwen3_8b-dj_adpt,9,512,2,3840,384,0.00987,0.016246795654296875,cuda
webtable-union_minus-v=12-distilroberta-dj_adpt~qwen3_8b-dj_adpt,9,512,3,3840,384,0.013366,0.016246795654296875,cuda
webtable-union_minus-v=12-distilroberta-dj_adpt~qwen3_8b-dj_adpt,9,512,4,3840,384,0.01021,0.016246795654296875,cuda
webtable-union_minus-v=12-distilroberta-dj_adpt~qwen3_8b-dj_adpt,9,512,5,3840,384,0.009772,0.016246795654296875,cuda
webtable-union_minus-v=12-distilroberta-dj_adpt~qwen3_8b-dj_adpt,9,512,6,3840,384,0.009876,0.016246795654296875,cuda
webtable-union_minus-v=12-distilroberta-dj_adpt~qwen3_8b-dj_adpt,9,512,7,3840,384,0.009552999999999999,0.016246795654296875,cuda
webtable-union_minus-v=12-distilroberta-dj_adpt~qwen3_8b-dj_adpt,9,512,8,3840,384,0.01023,0.016246795654296875,cuda
webtable-union_minus-v=12-distilroberta-dj_adpt~qwen3_8b-dj_adpt,9,512,9,3840,384,0.010131,0.016246795654296875,cuda
webtable-union_minus-v=12-distilroberta-dj_adpt~qwen3_8b-dj_adpt,9,512,10,3840,384,0.009877,0.016246795654296875,cuda
webtable-union_minus-v=12-distilroberta-dj_adpt~qwen3_8b-dj_adpt,10,512,1,4096,384,0.01516,0.016735076904296875,cuda
webtable-union_minus-v=12-distilroberta-dj_adpt~qwen3_8b-dj_adpt,10,512,2,4096,384,0.011625,0.016735076904296875,cuda
webtable-union_minus-v=12-distilroberta-dj_adpt~qwen3_8b-dj_adpt,10,512,3,4096,384,0.01061,0.016735076904296875,cuda
webtable-union_minus-v=12-distilroberta-dj_adpt~qwen3_8b-dj_adpt,10,512,4,4096,384,0.010147,0.016735076904296875,cuda
webtable-union_minus-v=12-distilroberta-dj_adpt~qwen3_8b-dj_adpt,10,512,5,4096,384,0.009836,0.016735076904296875,cuda
webtable-union_minus-v=12-distilroberta-dj_adpt~qwen3_8b-dj_adpt,10,512,6,4096,384,0.009647,0.016735076904296875,cuda
webtable-union_minus-v=12-distilroberta-dj_adpt~qwen3_8b-dj_adpt,10,512,7,4096,384,0.00984,0.016735076904296875,cuda
webtable-union_minus-v=12-distilroberta-dj_adpt~qwen3_8b-dj_adpt,10,512,8,4096,384,0.010184,0.016735076904296875,cuda
webtable-union_minus-v=12-distilroberta-dj_adpt~qwen3_8b-dj_adpt,10,512,9,4096,384,0.009641,0.016735076904296875,cuda
webtable-union_minus-v=12-distilroberta-dj_adpt~qwen3_8b-dj_adpt,10,512,10,4096,384,0.0101,0.016735076904296875,cuda
webtable-union_minus-v=12-distilroberta-dj_adpt~qwen3_8b-dj_adpt,11,512,1,4096,384,0.008832999999999999,0.016735076904296875,cuda
webtable-union_minus-v=12-distilroberta-dj_adpt~qwen3_8b-dj_adpt,11,512,2,4096,384,0.010140999999999999,0.016735076904296875,cuda
webtable-union_minus-v=12-distilroberta-dj_adpt~qwen3_8b-dj_adpt,11,512,3,4096,384,0.010053,0.016735076904296875,cuda
webtable-union_minus-v=12-distilroberta-dj_adpt~qwen3_8b-dj_adpt,11,512,4,4096,384,0.009899999999999999,0.016735076904296875,cuda
webtable-union_minus-v=12-distilroberta-dj_adpt~qwen3_8b-dj_adpt,11,512,5,4096,384,0.0106,0.016735076904296875,cuda
webtable-union_minus-v=12-distilroberta-dj_adpt~qwen3_8b-dj_adpt,11,512,6,4096,384,0.010081,0.016735076904296875,cuda
webtable-union_minus-v=12-distilroberta-dj_adpt~qwen3_8b-dj_adpt,11,512,7,4096,384,0.009930999999999999,0.016735076904296875,cuda
webtable-union_minus-v=12-distilroberta-dj_adpt~qwen3_8b-dj_adpt,11,512,8,4096,384,0.010076,0.016735076904296875,cuda
webtable-union_minus-v=12-distilroberta-dj_adpt~qwen3_8b-dj_adpt,11,512,9,4096,384,0.009765,0.016735076904296875,cuda
webtable-union_minus-v=12-distilroberta-dj_adpt~qwen3_8b-dj_adpt,11,512,10,4096,384,0.009974,0.016735076904296875,cuda
webtable-union_minus-v=12-distilroberta-dj_adpt~qwen3_8b-dj_adpt,0,1024,1,768,384,0.009715,0.011852264404296875,cuda
webtable-union_minus-v=12-distilroberta-dj_adpt~qwen3_8b-dj_adpt,0,1024,2,768,384,0.01051,0.011852264404296875,cuda
webtable-union_minus-v=12-distilroberta-dj_adpt~qwen3_8b-dj_adpt,0,1024,3,768,384,0.010348,0.011852264404296875,cuda
webtable-union_minus-v=12-distilroberta-dj_adpt~qwen3_8b-dj_adpt,0,1024,4,768,384,0.009895,0.011852264404296875,cuda
webtable-union_minus-v=12-distilroberta-dj_adpt~qwen3_8b-dj_adpt,0,1024,5,768,384,0.013425999999999999,0.011852264404296875,cuda
webtable-union_minus-v=12-distilroberta-dj_adpt~qwen3_8b-dj_adpt,0,1024,6,768,384,0.010261,0.011852264404296875,cuda
webtable-union_minus-v=12-distilroberta-dj_adpt~qwen3_8b-dj_adpt,0,1024,7,768,384,0.009854,0.011852264404296875,cuda
webtable-union_minus-v=12-distilroberta-dj_adpt~qwen3_8b-dj_adpt,0,1024,8,768,384,0.009901,0.011852264404296875,cuda
webtable-union_minus-v=12-distilroberta-dj_adpt~qwen3_8b-dj_adpt,0,1024,9,768,384,0.010218,0.011852264404296875,cuda
webtable-union_minus-v=12-distilroberta-dj_adpt~qwen3_8b-dj_adpt,0,1024,10,768,384,0.009666,0.011852264404296875,cuda
webtable-union_minus-v=12-distilroberta-dj_adpt~qwen3_8b-dj_adpt,1,1024,1,384,384,0.008307,0.010387420654296875,cuda
webtable-union_minus-v=12-distilroberta-dj_adpt~qwen3_8b-dj_adpt,1,1024,2,384,384,0.009013,0.010753631591796875,cuda
webtable-union_minus-v=12-distilroberta-dj_adpt~qwen3_8b-dj_adpt,1,1024,3,384,384,0.008595,0.010387420654296875,cuda
webtable-union_minus-v=12-distilroberta-dj_adpt~qwen3_8b-dj_adpt,1,1024,4,384,384,0.008860999999999999,0.010753631591796875,cuda
webtable-union_minus-v=12-distilroberta-dj_adpt~qwen3_8b-dj_adpt,1,1024,5,384,384,0.00899,0.010387420654296875,cuda
webtable-union_minus-v=12-distilroberta-dj_adpt~qwen3_8b-dj_adpt,1,1024,6,384,384,0.008877999999999999,0.010753631591796875,cuda
webtable-union_minus-v=12-distilroberta-dj_adpt~qwen3_8b-dj_adpt,1,1024,7,384,384,0.008915,0.010387420654296875,cuda
webtable-union_minus-v=12-distilroberta-dj_adpt~qwen3_8b-dj_adpt,1,1024,8,384,384,0.008771,0.010753631591796875,cuda
webtable-union_minus-v=12-distilroberta-dj_adpt~qwen3_8b-dj_adpt,1,1024,9,384,384,0.009176,0.010387420654296875,cuda
webtable-union_minus-v=12-distilroberta-dj_adpt~qwen3_8b-dj_adpt,1,1024,10,384,384,0.00865,0.010753631591796875,cuda
webtable-union_minus-v=12-distilroberta-dj_adpt~qwen3_8b-dj_adpt,2,1024,1,384,384,0.008066,0.010753631591796875,cuda
webtable-union_minus-v=12-distilroberta-dj_adpt~qwen3_8b-dj_adpt,2,1024,2,384,384,0.009002999999999999,0.010387420654296875,cuda
webtable-union_minus-v=12-distilroberta-dj_adpt~qwen3_8b-dj_adpt,2,1024,3,384,384,0.009226,0.010753631591796875,cuda
webtable-union_minus-v=12-distilroberta-dj_adpt~qwen3_8b-dj_adpt,2,1024,4,384,384,0.009313,0.010387420654296875,cuda
webtable-union_minus-v=12-distilroberta-dj_adpt~qwen3_8b-dj_adpt,2,1024,5,384,384,0.009056999999999999,0.010753631591796875,cuda
webtable-union_minus-v=12-distilroberta-dj_adpt~qwen3_8b-dj_adpt,2,1024,6,384,384,0.009073,0.010387420654296875,cuda
webtable-union_minus-v=12-distilroberta-dj_adpt~qwen3_8b-dj_adpt,2,1024,7,384,384,0.009160999999999999,0.010753631591796875,cuda
webtable-union_minus-v=12-distilroberta-dj_adpt~qwen3_8b-dj_adpt,2,1024,8,384,384,0.008822,0.010387420654296875,cuda
webtable-union_minus-v=12-distilroberta-dj_adpt~qwen3_8b-dj_adpt,2,1024,9,384,384,0.008871,0.010753631591796875,cuda
webtable-union_minus-v=12-distilroberta-dj_adpt~qwen3_8b-dj_adpt,2,1024,10,384,384,0.009073999999999999,0.010387420654296875,cuda
webtable-union_minus-v=12-distilroberta-dj_adpt~qwen3_8b-dj_adpt,3,1024,1,768,384,0.009226,0.011852264404296875,cuda
webtable-union_minus-v=12-distilroberta-dj_adpt~qwen3_8b-dj_adpt,3,1024,2,768,384,0.010204,0.011852264404296875,cuda
webtable-union_minus-v=12-distilroberta-dj_adpt~qwen3_8b-dj_adpt,3,1024,3,768,384,0.009868,0.011852264404296875,cuda
webtable-union_minus-v=12-distilroberta-dj_adpt~qwen3_8b-dj_adpt,3,1024,4,768,384,0.009821,0.011852264404296875,cuda
webtable-union_minus-v=12-distilroberta-dj_adpt~qwen3_8b-dj_adpt,3,1024,5,768,384,0.00996,0.011852264404296875,cuda
webtable-union_minus-v=12-distilroberta-dj_adpt~qwen3_8b-dj_adpt,3,1024,6,768,384,0.013328,0.011852264404296875,cuda
webtable-union_minus-v=12-distilroberta-dj_adpt~qwen3_8b-dj_adpt,3,1024,7,768,384,0.010152,0.011852264404296875,cuda
webtable-union_minus-v=12-distilroberta-dj_adpt~qwen3_8b-dj_adpt,3,1024,8,768,384,0.009720999999999999,0.011852264404296875,cuda
webtable-union_minus-v=12-distilroberta-dj_adpt~qwen3_8b-dj_adpt,3,1024,9,768,384,0.009637,0.011852264404296875,cuda
webtable-union_minus-v=12-distilroberta-dj_adpt~qwen3_8b-dj_adpt,3,1024,10,768,384,0.009800999999999999,0.011852264404296875,cuda
webtable-union_minus-v=12-distilroberta-dj_adpt~qwen3_8b-dj_adpt,4,1024,1,768,384,0.008622,0.011852264404296875,cuda
webtable-union_minus-v=12-distilroberta-dj_adpt~qwen3_8b-dj_adpt,4,1024,2,768,384,0.00976,0.011852264404296875,cuda
webtable-union_minus-v=12-distilroberta-dj_adpt~qwen3_8b-dj_adpt,4,1024,3,768,384,0.009937,0.011852264404296875,cuda
webtable-union_minus-v=12-distilroberta-dj_adpt~qwen3_8b-dj_adpt,4,1024,4,768,384,0.009581,0.011852264404296875,cuda
webtable-union_minus-v=12-distilroberta-dj_adpt~qwen3_8b-dj_adpt,4,1024,5,768,384,0.009828,0.011852264404296875,cuda
webtable-union_minus-v=12-distilroberta-dj_adpt~qwen3_8b-dj_adpt,4,1024,6,768,384,0.009486999999999999,0.011852264404296875,cuda
webtable-union_minus-v=12-distilroberta-dj_adpt~qwen3_8b-dj_adpt,4,1024,7,768,384,0.009675999999999999,0.011852264404296875,cuda
webtable-union_minus-v=12-distilroberta-dj_adpt~qwen3_8b-dj_adpt,4,1024,8,768,384,0.009556,0.011852264404296875,cuda
webtable-union_minus-v=12-distilroberta-dj_adpt~qwen3_8b-dj_adpt,4,1024,9,768,384,0.009765,0.011852264404296875,cuda
webtable-union_minus-v=12-distilroberta-dj_adpt~qwen3_8b-dj_adpt,4,1024,10,768,384,0.009507999999999999,0.011852264404296875,cuda
webtable-union_minus-v=12-distilroberta-dj_adpt~qwen3_8b-dj_adpt,5,1024,1,768,384,0.008855,0.011852264404296875,cuda
webtable-union_minus-v=12-distilroberta-dj_adpt~qwen3_8b-dj_adpt,5,1024,2,768,384,0.00983,0.011852264404296875,cuda
webtable-union_minus-v=12-distilroberta-dj_adpt~qwen3_8b-dj_adpt,5,1024,3,768,384,0.009888,0.011852264404296875,cuda
webtable-union_minus-v=12-distilroberta-dj_adpt~qwen3_8b-dj_adpt,5,1024,4,768,384,0.009873999999999999,0.011852264404296875,cuda
webtable-union_minus-v=12-distilroberta-dj_adpt~qwen3_8b-dj_adpt,5,1024,5,768,384,0.009866999999999999,0.011852264404296875,cuda
webtable-union_minus-v=12-distilroberta-dj_adpt~qwen3_8b-dj_adpt,5,1024,6,768,384,0.010197999999999999,0.011852264404296875,cuda
webtable-union_minus-v=12-distilroberta-dj_adpt~qwen3_8b-dj_adpt,5,1024,7,768,384,0.010386,0.011852264404296875,cuda
webtable-union_minus-v=12-distilroberta-dj_adpt~qwen3_8b-dj_adpt,5,1024,8,768,384,0.010019,0.011852264404296875,cuda
webtable-union_minus-v=12-distilroberta-dj_adpt~qwen3_8b-dj_adpt,5,1024,9,768,384,0.009748,0.011852264404296875,cuda
webtable-union_minus-v=12-distilroberta-dj_adpt~qwen3_8b-dj_adpt,5,1024,10,768,384,0.009563,0.011852264404296875,cuda
webtable-union_minus-v=12-distilroberta-dj_adpt~qwen3_8b-dj_adpt,6,1024,1,896,384,0.008893999999999999,0.012340545654296875,cuda
webtable-union_minus-v=12-distilroberta-dj_adpt~qwen3_8b-dj_adpt,6,1024,2,896,384,0.010043,0.012340545654296875,cuda
webtable-union_minus-v=12-distilroberta-dj_adpt~qwen3_8b-dj_adpt,6,1024,3,896,384,0.00981,0.012340545654296875,cuda
webtable-union_minus-v=12-distilroberta-dj_adpt~qwen3_8b-dj_adpt,6,1024,4,896,384,0.010156,0.012340545654296875,cuda
webtable-union_minus-v=12-distilroberta-dj_adpt~qwen3_8b-dj_adpt,6,1024,5,896,384,0.010081,0.012340545654296875,cuda
webtable-union_minus-v=12-distilroberta-dj_adpt~qwen3_8b-dj_adpt,6,1024,6,896,384,0.009955,0.012340545654296875,cuda
webtable-union_minus-v=12-distilroberta-dj_adpt~qwen3_8b-dj_adpt,6,1024,7,896,384,0.009836,0.012340545654296875,cuda
webtable-union_minus-v=12-distilroberta-dj_adpt~qwen3_8b-dj_adpt,6,1024,8,896,384,0.012844,0.012340545654296875,cuda
webtable-union_minus-v=12-distilroberta-dj_adpt~qwen3_8b-dj_adpt,6,1024,9,896,384,0.010433999999999999,0.012340545654296875,cuda
webtable-union_minus-v=12-distilroberta-dj_adpt~qwen3_8b-dj_adpt,6,1024,10,896,384,0.00958,0.012340545654296875,cuda
webtable-union_minus-v=12-distilroberta-dj_adpt~qwen3_8b-dj_adpt,7,1024,1,1024,384,0.008672,0.012828826904296875,cuda
webtable-union_minus-v=12-distilroberta-dj_adpt~qwen3_8b-dj_adpt,7,1024,2,1024,384,0.009897999999999999,0.012828826904296875,cuda
webtable-union_minus-v=12-distilroberta-dj_adpt~qwen3_8b-dj_adpt,7,1024,3,1024,384,0.009859,0.012828826904296875,cuda
webtable-union_minus-v=12-distilroberta-dj_adpt~qwen3_8b-dj_adpt,7,1024,4,1024,384,0.009856,0.012828826904296875,cuda
webtable-union_minus-v=12-distilroberta-dj_adpt~qwen3_8b-dj_adpt,7,1024,5,1024,384,0.009814,0.012828826904296875,cuda
webtable-union_minus-v=12-distilroberta-dj_adpt~qwen3_8b-dj_adpt,7,1024,6,1024,384,0.009930999999999999,0.012828826904296875,cuda
webtable-union_minus-v=12-distilroberta-dj_adpt~qwen3_8b-dj_adpt,7,1024,7,1024,384,0.010102,0.012828826904296875,cuda
webtable-union_minus-v=12-distilroberta-dj_adpt~qwen3_8b-dj_adpt,7,1024,8,1024,384,0.009734,0.012828826904296875,cuda
webtable-union_minus-v=12-distilroberta-dj_adpt~qwen3_8b-dj_adpt,7,1024,9,1024,384,0.010178999999999999,0.012828826904296875,cuda
webtable-union_minus-v=12-distilroberta-dj_adpt~qwen3_8b-dj_adpt,7,1024,10,1024,384,0.009888,0.012828826904296875,cuda
webtable-union_minus-v=12-distilroberta-dj_adpt~qwen3_8b-dj_adpt,8,1024,1,2560,384,0.008993,0.018688201904296875,cuda
webtable-union_minus-v=12-distilroberta-dj_adpt~qwen3_8b-dj_adpt,8,1024,2,2560,384,0.010243,0.018688201904296875,cuda
webtable-union_minus-v=12-distilroberta-dj_adpt~qwen3_8b-dj_adpt,8,1024,3,2560,384,0.010093,0.018688201904296875,cuda
webtable-union_minus-v=12-distilroberta-dj_adpt~qwen3_8b-dj_adpt,8,1024,4,2560,384,0.009734,0.018688201904296875,cuda
webtable-union_minus-v=12-distilroberta-dj_adpt~qwen3_8b-dj_adpt,8,1024,5,2560,384,0.009626,0.018688201904296875,cuda
webtable-union_minus-v=12-distilroberta-dj_adpt~qwen3_8b-dj_adpt,8,1024,6,2560,384,0.009437,0.018688201904296875,cuda
webtable-union_minus-v=12-distilroberta-dj_adpt~qwen3_8b-dj_adpt,8,1024,7,2560,384,0.009864999999999999,0.018688201904296875,cuda
webtable-union_minus-v=12-distilroberta-dj_adpt~qwen3_8b-dj_adpt,8,1024,8,2560,384,0.01057,0.018688201904296875,cuda
webtable-union_minus-v=12-distilroberta-dj_adpt~qwen3_8b-dj_adpt,8,1024,9,2560,384,0.010137,0.018688201904296875,cuda
webtable-union_minus-v=12-distilroberta-dj_adpt~qwen3_8b-dj_adpt,8,1024,10,2560,384,0.009911999999999999,0.018688201904296875,cuda
webtable-union_minus-v=12-distilroberta-dj_adpt~qwen3_8b-dj_adpt,9,1024,1,3840,384,0.008851,0.023571014404296875,cuda
webtable-union_minus-v=12-distilroberta-dj_adpt~qwen3_8b-dj_adpt,9,1024,2,3840,384,0.009793999999999999,0.023571014404296875,cuda
webtable-union_minus-v=12-distilroberta-dj_adpt~qwen3_8b-dj_adpt,9,1024,3,3840,384,0.009896,0.023571014404296875,cuda
webtable-union_minus-v=12-distilroberta-dj_adpt~qwen3_8b-dj_adpt,9,1024,4,3840,384,0.009717,0.023571014404296875,cuda
webtable-union_minus-v=12-distilroberta-dj_adpt~qwen3_8b-dj_adpt,9,1024,5,3840,384,0.009706,0.023571014404296875,cuda
webtable-union_minus-v=12-distilroberta-dj_adpt~qwen3_8b-dj_adpt,9,1024,6,3840,384,0.009783,0.023571014404296875,cuda
webtable-union_minus-v=12-distilroberta-dj_adpt~qwen3_8b-dj_adpt,9,1024,7,3840,384,0.009755,0.023571014404296875,cuda
webtable-union_minus-v=12-distilroberta-dj_adpt~qwen3_8b-dj_adpt,9,1024,8,3840,384,0.00976,0.023571014404296875,cuda
webtable-union_minus-v=12-distilroberta-dj_adpt~qwen3_8b-dj_adpt,9,1024,9,3840,384,0.014008,0.023571014404296875,cuda
webtable-union_minus-v=12-distilroberta-dj_adpt~qwen3_8b-dj_adpt,9,1024,10,3840,384,0.010681,0.023571014404296875,cuda
webtable-union_minus-v=12-distilroberta-dj_adpt~qwen3_8b-dj_adpt,10,1024,1,4096,384,0.008775,0.024547576904296875,cuda
webtable-union_minus-v=12-distilroberta-dj_adpt~qwen3_8b-dj_adpt,10,1024,2,4096,384,0.009979,0.024547576904296875,cuda
webtable-union_minus-v=12-distilroberta-dj_adpt~qwen3_8b-dj_adpt,10,1024,3,4096,384,0.010199,0.024547576904296875,cuda
webtable-union_minus-v=12-distilroberta-dj_adpt~qwen3_8b-dj_adpt,10,1024,4,4096,384,0.009585,0.024547576904296875,cuda
webtable-union_minus-v=12-distilroberta-dj_adpt~qwen3_8b-dj_adpt,10,1024,5,4096,384,0.009961,0.024547576904296875,cuda
webtable-union_minus-v=12-distilroberta-dj_adpt~qwen3_8b-dj_adpt,10,1024,6,4096,384,0.010036999999999999,0.024547576904296875,cuda
webtable-union_minus-v=12-distilroberta-dj_adpt~qwen3_8b-dj_adpt,10,1024,7,4096,384,0.00992,0.024547576904296875,cuda
webtable-union_minus-v=12-distilroberta-dj_adpt~qwen3_8b-dj_adpt,10,1024,8,4096,384,0.009741999999999999,0.024547576904296875,cuda
webtable-union_minus-v=12-distilroberta-dj_adpt~qwen3_8b-dj_adpt,10,1024,9,4096,384,0.009838,0.024547576904296875,cuda
webtable-union_minus-v=12-distilroberta-dj_adpt~qwen3_8b-dj_adpt,10,1024,10,4096,384,0.009881,0.024547576904296875,cuda
webtable-union_minus-v=12-distilroberta-dj_adpt~qwen3_8b-dj_adpt,11,1024,1,4096,384,0.009006,0.024547576904296875,cuda
webtable-union_minus-v=12-distilroberta-dj_adpt~qwen3_8b-dj_adpt,11,1024,2,4096,384,0.009869,0.024547576904296875,cuda
webtable-union_minus-v=12-distilroberta-dj_adpt~qwen3_8b-dj_adpt,11,1024,3,4096,384,0.009693,0.024547576904296875,cuda
webtable-union_minus-v=12-distilroberta-dj_adpt~qwen3_8b-dj_adpt,11,1024,4,4096,384,0.009817,0.024547576904296875,cuda
webtable-union_minus-v=12-distilroberta-dj_adpt~qwen3_8b-dj_adpt,11,1024,5,4096,384,0.009634,0.024547576904296875,cuda
webtable-union_minus-v=12-distilroberta-dj_adpt~qwen3_8b-dj_adpt,11,1024,6,4096,384,0.010506999999999999,0.024547576904296875,cuda
webtable-union_minus-v=12-distilroberta-dj_adpt~qwen3_8b-dj_adpt,11,1024,7,4096,384,0.010295,0.024547576904296875,cuda
webtable-union_minus-v=12-distilroberta-dj_adpt~qwen3_8b-dj_adpt,11,1024,8,4096,384,0.009946,0.024547576904296875,cuda
webtable-union_minus-v=12-distilroberta-dj_adpt~qwen3_8b-dj_adpt,11,1024,9,4096,384,0.009975,0.024547576904296875,cuda
webtable-union_minus-v=12-distilroberta-dj_adpt~qwen3_8b-dj_adpt,11,1024,10,4096,384,0.010074,0.024547576904296875,cuda
webtable-union_minus-v=12-distilroberta-dj_adpt~qwen3_8b-dj_adpt,0,2048,1,768,384,0.009707,0.014781951904296875,cuda
webtable-union_minus-v=12-distilroberta-dj_adpt~qwen3_8b-dj_adpt,0,2048,2,768,384,0.010364,0.014781951904296875,cuda
webtable-union_minus-v=12-distilroberta-dj_adpt~qwen3_8b-dj_adpt,0,2048,3,768,384,0.010777,0.014781951904296875,cuda
webtable-union_minus-v=12-distilroberta-dj_adpt~qwen3_8b-dj_adpt,0,2048,4,768,384,0.010289999999999999,0.014781951904296875,cuda
webtable-union_minus-v=12-distilroberta-dj_adpt~qwen3_8b-dj_adpt,0,2048,5,768,384,0.010111,0.014781951904296875,cuda
webtable-union_minus-v=12-distilroberta-dj_adpt~qwen3_8b-dj_adpt,0,2048,6,768,384,0.010221,0.014781951904296875,cuda
webtable-union_minus-v=12-distilroberta-dj_adpt~qwen3_8b-dj_adpt,0,2048,7,768,384,0.010140999999999999,0.014781951904296875,cuda
webtable-union_minus-v=12-distilroberta-dj_adpt~qwen3_8b-dj_adpt,0,2048,8,768,384,0.010025,0.014781951904296875,cuda
webtable-union_minus-v=12-distilroberta-dj_adpt~qwen3_8b-dj_adpt,0,2048,9,768,384,0.010034,0.014781951904296875,cuda
webtable-union_minus-v=12-distilroberta-dj_adpt~qwen3_8b-dj_adpt,0,2048,10,768,384,0.010157,0.014781951904296875,cuda
webtable-union_minus-v=12-distilroberta-dj_adpt~qwen3_8b-dj_adpt,1,2048,1,384,384,0.008459999999999999,0.011852264404296875,cuda
webtable-union_minus-v=12-distilroberta-dj_adpt~qwen3_8b-dj_adpt,1,2048,2,384,384,0.009202,0.011852264404296875,cuda
webtable-union_minus-v=12-distilroberta-dj_adpt~qwen3_8b-dj_adpt,1,2048,3,384,384,0.008832999999999999,0.011852264404296875,cuda
webtable-union_minus-v=12-distilroberta-dj_adpt~qwen3_8b-dj_adpt,1,2048,4,384,384,0.008986,0.011852264404296875,cuda
webtable-union_minus-v=12-distilroberta-dj_adpt~qwen3_8b-dj_adpt,1,2048,5,384,384,0.008928,0.011852264404296875,cuda
webtable-union_minus-v=12-distilroberta-dj_adpt~qwen3_8b-dj_adpt,1,2048,6,384,384,0.008953,0.011852264404296875,cuda
webtable-union_minus-v=12-distilroberta-dj_adpt~qwen3_8b-dj_adpt,1,2048,7,384,384,0.008823,0.011852264404296875,cuda
webtable-union_minus-v=12-distilroberta-dj_adpt~qwen3_8b-dj_adpt,1,2048,8,384,384,0.009030999999999999,0.011852264404296875,cuda
webtable-union_minus-v=12-distilroberta-dj_adpt~qwen3_8b-dj_adpt,1,2048,9,384,384,0.009105,0.011852264404296875,cuda
webtable-union_minus-v=12-distilroberta-dj_adpt~qwen3_8b-dj_adpt,1,2048,10,384,384,0.008603,0.011852264404296875,cuda
webtable-union_minus-v=12-distilroberta-dj_adpt~qwen3_8b-dj_adpt,2,2048,1,384,384,0.007954,0.011852264404296875,cuda
webtable-union_minus-v=12-distilroberta-dj_adpt~qwen3_8b-dj_adpt,2,2048,2,384,384,0.008842,0.011852264404296875,cuda
webtable-union_minus-v=12-distilroberta-dj_adpt~qwen3_8b-dj_adpt,2,2048,3,384,384,0.008995999999999999,0.011852264404296875,cuda
webtable-union_minus-v=12-distilroberta-dj_adpt~qwen3_8b-dj_adpt,2,2048,4,384,384,0.008806999999999999,0.011852264404296875,cuda
webtable-union_minus-v=12-distilroberta-dj_adpt~qwen3_8b-dj_adpt,2,2048,5,384,384,0.009118,0.011852264404296875,cuda
webtable-union_minus-v=12-distilroberta-dj_adpt~qwen3_8b-dj_adpt,2,2048,6,384,384,0.008674,0.011852264404296875,cuda
webtable-union_minus-v=12-distilroberta-dj_adpt~qwen3_8b-dj_adpt,2,2048,7,384,384,0.008742999999999999,0.011852264404296875,cuda
webtable-union_minus-v=12-distilroberta-dj_adpt~qwen3_8b-dj_adpt,2,2048,8,384,384,0.00859,0.011852264404296875,cuda
webtable-union_minus-v=12-distilroberta-dj_adpt~qwen3_8b-dj_adpt,2,2048,9,384,384,0.008531,0.011852264404296875,cuda
webtable-union_minus-v=12-distilroberta-dj_adpt~qwen3_8b-dj_adpt,2,2048,10,384,384,0.009257999999999999,0.011852264404296875,cuda
webtable-union_minus-v=12-distilroberta-dj_adpt~qwen3_8b-dj_adpt,3,2048,1,768,384,0.009047999999999999,0.014781951904296875,cuda
webtable-union_minus-v=12-distilroberta-dj_adpt~qwen3_8b-dj_adpt,3,2048,2,768,384,0.010085,0.014781951904296875,cuda
webtable-union_minus-v=12-distilroberta-dj_adpt~qwen3_8b-dj_adpt,3,2048,3,768,384,0.009949,0.014781951904296875,cuda
webtable-union_minus-v=12-distilroberta-dj_adpt~qwen3_8b-dj_adpt,3,2048,4,768,384,0.010032,0.014781951904296875,cuda
webtable-union_minus-v=12-distilroberta-dj_adpt~qwen3_8b-dj_adpt,3,2048,5,768,384,0.010106,0.014781951904296875,cuda
webtable-union_minus-v=12-distilroberta-dj_adpt~qwen3_8b-dj_adpt,3,2048,6,768,384,0.01001,0.014781951904296875,cuda
webtable-union_minus-v=12-distilroberta-dj_adpt~qwen3_8b-dj_adpt,3,2048,7,768,384,0.010158,0.014781951904296875,cuda
webtable-union_minus-v=12-distilroberta-dj_adpt~qwen3_8b-dj_adpt,3,2048,8,768,384,0.009751,0.014781951904296875,cuda
webtable-union_minus-v=12-distilroberta-dj_adpt~qwen3_8b-dj_adpt,3,2048,9,768,384,0.009731,0.014781951904296875,cuda
webtable-union_minus-v=12-distilroberta-dj_adpt~qwen3_8b-dj_adpt,3,2048,10,768,384,0.009984,0.014781951904296875,cuda
webtable-union_minus-v=12-distilroberta-dj_adpt~qwen3_8b-dj_adpt,4,2048,1,768,384,0.009056,0.014781951904296875,cuda
webtable-union_minus-v=12-distilroberta-dj_adpt~qwen3_8b-dj_adpt,4,2048,2,768,384,0.012823999999999999,0.014781951904296875,cuda
webtable-union_minus-v=12-distilroberta-dj_adpt~qwen3_8b-dj_adpt,4,2048,3,768,384,0.010615999999999999,0.014781951904296875,cuda
webtable-union_minus-v=12-distilroberta-dj_adpt~qwen3_8b-dj_adpt,4,2048,4,768,384,0.009822,0.014781951904296875,cuda
webtable-union_minus-v=12-distilroberta-dj_adpt~qwen3_8b-dj_adpt,4,2048,5,768,384,0.010192999999999999,0.014781951904296875,cuda
webtable-union_minus-v=12-distilroberta-dj_adpt~qwen3_8b-dj_adpt,4,2048,6,768,384,0.009901,0.014781951904296875,cuda
webtable-union_minus-v=12-distilroberta-dj_adpt~qwen3_8b-dj_adpt,4,2048,7,768,384,0.010100999999999999,0.014781951904296875,cuda
webtable-union_minus-v=12-distilroberta-dj_adpt~qwen3_8b-dj_adpt,4,2048,8,768,384,0.00997,0.014781951904296875,cuda
webtable-union_minus-v=12-distilroberta-dj_adpt~qwen3_8b-dj_adpt,4,2048,9,768,384,0.009835,0.014781951904296875,cuda
webtable-union_minus-v=12-distilroberta-dj_adpt~qwen3_8b-dj_adpt,4,2048,10,768,384,0.009956,0.014781951904296875,cuda
webtable-union_minus-v=12-distilroberta-dj_adpt~qwen3_8b-dj_adpt,5,2048,1,768,384,0.008740999999999999,0.014781951904296875,cuda
webtable-union_minus-v=12-distilroberta-dj_adpt~qwen3_8b-dj_adpt,5,2048,2,768,384,0.009936,0.014781951904296875,cuda
webtable-union_minus-v=12-distilroberta-dj_adpt~qwen3_8b-dj_adpt,5,2048,3,768,384,0.010091,0.014781951904296875,cuda
webtable-union_minus-v=12-distilroberta-dj_adpt~qwen3_8b-dj_adpt,5,2048,4,768,384,0.009778,0.014781951904296875,cuda
webtable-union_minus-v=12-distilroberta-dj_adpt~qwen3_8b-dj_adpt,5,2048,5,768,384,0.009793,0.014781951904296875,cuda
webtable-union_minus-v=12-distilroberta-dj_adpt~qwen3_8b-dj_adpt,5,2048,6,768,384,0.009762999999999999,0.014781951904296875,cuda
webtable-union_minus-v=12-distilroberta-dj_adpt~qwen3_8b-dj_adpt,5,2048,7,768,384,0.009968999999999999,0.014781951904296875,cuda
webtable-union_minus-v=12-distilroberta-dj_adpt~qwen3_8b-dj_adpt,5,2048,8,768,384,0.009923,0.014781951904296875,cuda
webtable-union_minus-v=12-distilroberta-dj_adpt~qwen3_8b-dj_adpt,5,2048,9,768,384,0.009916,0.014781951904296875,cuda
webtable-union_minus-v=12-distilroberta-dj_adpt~qwen3_8b-dj_adpt,5,2048,10,768,384,0.009667,0.014781951904296875,cuda
webtable-union_minus-v=12-distilroberta-dj_adpt~qwen3_8b-dj_adpt,6,2048,1,896,384,0.008962999999999999,0.015758514404296875,cuda
webtable-union_minus-v=12-distilroberta-dj_adpt~qwen3_8b-dj_adpt,6,2048,2,896,384,0.01001,0.015758514404296875,cuda
webtable-union_minus-v=12-distilroberta-dj_adpt~qwen3_8b-dj_adpt,6,2048,3,896,384,0.009786999999999999,0.015758514404296875,cuda
webtable-union_minus-v=12-distilroberta-dj_adpt~qwen3_8b-dj_adpt,6,2048,4,896,384,0.010142,0.015758514404296875,cuda
webtable-union_minus-v=12-distilroberta-dj_adpt~qwen3_8b-dj_adpt,6,2048,5,896,384,0.009766,0.015758514404296875,cuda
webtable-union_minus-v=12-distilroberta-dj_adpt~qwen3_8b-dj_adpt,6,2048,6,896,384,0.00994,0.015758514404296875,cuda
webtable-union_minus-v=12-distilroberta-dj_adpt~qwen3_8b-dj_adpt,6,2048,7,896,384,0.009998,0.015758514404296875,cuda
webtable-union_minus-v=12-distilroberta-dj_adpt~qwen3_8b-dj_adpt,6,2048,8,896,384,0.009819,0.015758514404296875,cuda
webtable-union_minus-v=12-distilroberta-dj_adpt~qwen3_8b-dj_adpt,6,2048,9,896,384,0.00966,0.015758514404296875,cuda
webtable-union_minus-v=12-distilroberta-dj_adpt~qwen3_8b-dj_adpt,6,2048,10,896,384,0.009904,0.015758514404296875,cuda
webtable-union_minus-v=12-distilroberta-dj_adpt~qwen3_8b-dj_adpt,7,2048,1,1024,384,0.008921,0.016735076904296875,cuda
webtable-union_minus-v=12-distilroberta-dj_adpt~qwen3_8b-dj_adpt,7,2048,2,1024,384,0.010132,0.016735076904296875,cuda
webtable-union_minus-v=12-distilroberta-dj_adpt~qwen3_8b-dj_adpt,7,2048,3,1024,384,0.009823,0.016735076904296875,cuda
webtable-union_minus-v=12-distilroberta-dj_adpt~qwen3_8b-dj_adpt,7,2048,4,1024,384,0.013234,0.016735076904296875,cuda
webtable-union_minus-v=12-distilroberta-dj_adpt~qwen3_8b-dj_adpt,7,2048,5,1024,384,0.010157,0.016735076904296875,cuda
webtable-union_minus-v=12-distilroberta-dj_adpt~qwen3_8b-dj_adpt,7,2048,6,1024,384,0.009823,0.016735076904296875,cuda
webtable-union_minus-v=12-distilroberta-dj_adpt~qwen3_8b-dj_adpt,7,2048,7,1024,384,0.010209,0.016735076904296875,cuda
webtable-union_minus-v=12-distilroberta-dj_adpt~qwen3_8b-dj_adpt,7,2048,8,1024,384,0.010303999999999999,0.016735076904296875,cuda
webtable-union_minus-v=12-distilroberta-dj_adpt~qwen3_8b-dj_adpt,7,2048,9,1024,384,0.009779,0.016735076904296875,cuda
webtable-union_minus-v=12-distilroberta-dj_adpt~qwen3_8b-dj_adpt,7,2048,10,1024,384,0.009765,0.016735076904296875,cuda
webtable-union_minus-v=12-distilroberta-dj_adpt~qwen3_8b-dj_adpt,8,2048,1,2560,384,0.008883,0.028453826904296875,cuda
webtable-union_minus-v=12-distilroberta-dj_adpt~qwen3_8b-dj_adpt,8,2048,2,2560,384,0.009922,0.028453826904296875,cuda
webtable-union_minus-v=12-distilroberta-dj_adpt~qwen3_8b-dj_adpt,8,2048,3,2560,384,0.009904,0.028453826904296875,cuda
webtable-union_minus-v=12-distilroberta-dj_adpt~qwen3_8b-dj_adpt,8,2048,4,2560,384,0.009597,0.028453826904296875,cuda
webtable-union_minus-v=12-distilroberta-dj_adpt~qwen3_8b-dj_adpt,8,2048,5,2560,384,0.009757,0.028453826904296875,cuda
webtable-union_minus-v=12-distilroberta-dj_adpt~qwen3_8b-dj_adpt,8,2048,6,2560,384,0.009916,0.028453826904296875,cuda
webtable-union_minus-v=12-distilroberta-dj_adpt~qwen3_8b-dj_adpt,8,2048,7,2560,384,0.010641999999999999,0.028453826904296875,cuda
webtable-union_minus-v=12-distilroberta-dj_adpt~qwen3_8b-dj_adpt,8,2048,8,2560,384,0.010195,0.028453826904296875,cuda
webtable-union_minus-v=12-distilroberta-dj_adpt~qwen3_8b-dj_adpt,8,2048,9,2560,384,0.009672,0.028453826904296875,cuda
webtable-union_minus-v=12-distilroberta-dj_adpt~qwen3_8b-dj_adpt,8,2048,10,2560,384,0.009722,0.028453826904296875,cuda
webtable-union_minus-v=12-distilroberta-dj_adpt~qwen3_8b-dj_adpt,9,2048,1,3840,384,0.014950999999999999,0.038219451904296875,cuda
webtable-union_minus-v=12-distilroberta-dj_adpt~qwen3_8b-dj_adpt,9,2048,2,3840,384,0.011609,0.038219451904296875,cuda
webtable-union_minus-v=12-distilroberta-dj_adpt~qwen3_8b-dj_adpt,9,2048,3,3840,384,0.010524,0.038219451904296875,cuda
webtable-union_minus-v=12-distilroberta-dj_adpt~qwen3_8b-dj_adpt,9,2048,4,3840,384,0.010211999999999999,0.038219451904296875,cuda
webtable-union_minus-v=12-distilroberta-dj_adpt~qwen3_8b-dj_adpt,9,2048,5,3840,384,0.010242,0.038219451904296875,cuda
webtable-union_minus-v=12-distilroberta-dj_adpt~qwen3_8b-dj_adpt,9,2048,6,3840,384,0.010203,0.038219451904296875,cuda
webtable-union_minus-v=12-distilroberta-dj_adpt~qwen3_8b-dj_adpt,9,2048,7,3840,384,0.010088,0.038219451904296875,cuda
webtable-union_minus-v=12-distilroberta-dj_adpt~qwen3_8b-dj_adpt,9,2048,8,3840,384,0.009937,0.038219451904296875,cuda
webtable-union_minus-v=12-distilroberta-dj_adpt~qwen3_8b-dj_adpt,9,2048,9,3840,384,0.010716,0.038219451904296875,cuda
webtable-union_minus-v=12-distilroberta-dj_adpt~qwen3_8b-dj_adpt,9,2048,10,3840,384,0.010232999999999999,0.038219451904296875,cuda
webtable-union_minus-v=12-distilroberta-dj_adpt~qwen3_8b-dj_adpt,10,2048,1,4096,384,0.013918,0.040172576904296875,cuda
webtable-union_minus-v=12-distilroberta-dj_adpt~qwen3_8b-dj_adpt,10,2048,2,4096,384,0.011334,0.040172576904296875,cuda
webtable-union_minus-v=12-distilroberta-dj_adpt~qwen3_8b-dj_adpt,10,2048,3,4096,384,0.010421,0.040172576904296875,cuda
webtable-union_minus-v=12-distilroberta-dj_adpt~qwen3_8b-dj_adpt,10,2048,4,4096,384,0.010086,0.040172576904296875,cuda
webtable-union_minus-v=12-distilroberta-dj_adpt~qwen3_8b-dj_adpt,10,2048,5,4096,384,0.012998,0.040172576904296875,cuda
webtable-union_minus-v=12-distilroberta-dj_adpt~qwen3_8b-dj_adpt,10,2048,6,4096,384,0.010354,0.040172576904296875,cuda
webtable-union_minus-v=12-distilroberta-dj_adpt~qwen3_8b-dj_adpt,10,2048,7,4096,384,0.010164,0.040172576904296875,cuda
webtable-union_minus-v=12-distilroberta-dj_adpt~qwen3_8b-dj_adpt,10,2048,8,4096,384,0.009881,0.040172576904296875,cuda
webtable-union_minus-v=12-distilroberta-dj_adpt~qwen3_8b-dj_adpt,10,2048,9,4096,384,0.009842,0.040172576904296875,cuda
webtable-union_minus-v=12-distilroberta-dj_adpt~qwen3_8b-dj_adpt,10,2048,10,4096,384,0.009821,0.040172576904296875,cuda
webtable-union_minus-v=12-distilroberta-dj_adpt~qwen3_8b-dj_adpt,11,2048,1,4096,384,0.009191999999999999,0.040172576904296875,cuda
webtable-union_minus-v=12-distilroberta-dj_adpt~qwen3_8b-dj_adpt,11,2048,2,4096,384,0.0101,0.040172576904296875,cuda
webtable-union_minus-v=12-distilroberta-dj_adpt~qwen3_8b-dj_adpt,11,2048,3,4096,384,0.010064,0.040172576904296875,cuda
webtable-union_minus-v=12-distilroberta-dj_adpt~qwen3_8b-dj_adpt,11,2048,4,4096,384,0.009852,0.040172576904296875,cuda
webtable-union_minus-v=12-distilroberta-dj_adpt~qwen3_8b-dj_adpt,11,2048,5,4096,384,0.009883999999999999,0.040172576904296875,cuda
webtable-union_minus-v=12-distilroberta-dj_adpt~qwen3_8b-dj_adpt,11,2048,6,4096,384,0.010182,0.040172576904296875,cuda
webtable-union_minus-v=12-distilroberta-dj_adpt~qwen3_8b-dj_adpt,11,2048,7,4096,384,0.009668,0.040172576904296875,cuda
webtable-union_minus-v=12-distilroberta-dj_adpt~qwen3_8b-dj_adpt,11,2048,8,4096,384,0.010026,0.040172576904296875,cuda
webtable-union_minus-v=12-distilroberta-dj_adpt~qwen3_8b-dj_adpt,11,2048,9,4096,384,0.010286,0.040172576904296875,cuda
webtable-union_minus-v=12-distilroberta-dj_adpt~qwen3_8b-dj_adpt,11,2048,10,4096,384,0.010286,0.040172576904296875,cuda
webtable-union_minus-v=12-distilroberta-dj_adpt~qwen3_8b-dj_adpt,0,4096,1,768,384,0.009568,0.020641326904296875,cuda
webtable-union_minus-v=12-distilroberta-dj_adpt~qwen3_8b-dj_adpt,0,4096,2,768,384,0.010605,0.020641326904296875,cuda
webtable-union_minus-v=12-distilroberta-dj_adpt~qwen3_8b-dj_adpt,0,4096,3,768,384,0.010582999999999999,0.020641326904296875,cuda
webtable-union_minus-v=12-distilroberta-dj_adpt~qwen3_8b-dj_adpt,0,4096,4,768,384,0.010563,0.020641326904296875,cuda
webtable-union_minus-v=12-distilroberta-dj_adpt~qwen3_8b-dj_adpt,0,4096,5,768,384,0.010454,0.020641326904296875,cuda
webtable-union_minus-v=12-distilroberta-dj_adpt~qwen3_8b-dj_adpt,0,4096,6,768,384,0.010594,0.020641326904296875,cuda
webtable-union_minus-v=12-distilroberta-dj_adpt~qwen3_8b-dj_adpt,0,4096,7,768,384,0.010319,0.020641326904296875,cuda
webtable-union_minus-v=12-distilroberta-dj_adpt~qwen3_8b-dj_adpt,0,4096,8,768,384,0.010173,0.020641326904296875,cuda
webtable-union_minus-v=12-distilroberta-dj_adpt~qwen3_8b-dj_adpt,0,4096,9,768,384,0.009927,0.020641326904296875,cuda
webtable-union_minus-v=12-distilroberta-dj_adpt~qwen3_8b-dj_adpt,0,4096,10,768,384,0.010355999999999999,0.020641326904296875,cuda
webtable-union_minus-v=12-distilroberta-dj_adpt~qwen3_8b-dj_adpt,1,4096,1,384,384,0.008542,0.014781951904296875,cuda
webtable-union_minus-v=12-distilroberta-dj_adpt~qwen3_8b-dj_adpt,1,4096,2,384,384,0.009068999999999999,0.014781951904296875,cuda
webtable-union_minus-v=12-distilroberta-dj_adpt~qwen3_8b-dj_adpt,1,4096,3,384,384,0.009438,0.014781951904296875,cuda
webtable-union_minus-v=12-distilroberta-dj_adpt~qwen3_8b-dj_adpt,1,4096,4,384,384,0.009155,0.014781951904296875,cuda
webtable-union_minus-v=12-distilroberta-dj_adpt~qwen3_8b-dj_adpt,1,4096,5,384,384,0.009104,0.014781951904296875,cuda
webtable-union_minus-v=12-distilroberta-dj_adpt~qwen3_8b-dj_adpt,1,4096,6,384,384,0.016423,0.014781951904296875,cuda
webtable-union_minus-v=12-distilroberta-dj_adpt~qwen3_8b-dj_adpt,1,4096,7,384,384,0.011068999999999999,0.014781951904296875,cuda
webtable-union_minus-v=12-distilroberta-dj_adpt~qwen3_8b-dj_adpt,1,4096,8,384,384,0.009498999999999999,0.014781951904296875,cuda
webtable-union_minus-v=12-distilroberta-dj_adpt~qwen3_8b-dj_adpt,1,4096,9,384,384,0.008834999999999999,0.014781951904296875,cuda
webtable-union_minus-v=12-distilroberta-dj_adpt~qwen3_8b-dj_adpt,1,4096,10,384,384,0.008999,0.014781951904296875,cuda
webtable-union_minus-v=12-distilroberta-dj_adpt~qwen3_8b-dj_adpt,2,4096,1,384,384,0.00814,0.014781951904296875,cuda
webtable-union_minus-v=12-distilroberta-dj_adpt~qwen3_8b-dj_adpt,2,4096,2,384,384,0.009093,0.014781951904296875,cuda
webtable-union_minus-v=12-distilroberta-dj_adpt~qwen3_8b-dj_adpt,2,4096,3,384,384,0.008733,0.014781951904296875,cuda
webtable-union_minus-v=12-distilroberta-dj_adpt~qwen3_8b-dj_adpt,2,4096,4,384,384,0.008839,0.014781951904296875,cuda
webtable-union_minus-v=12-distilroberta-dj_adpt~qwen3_8b-dj_adpt,2,4096,5,384,384,0.008681999999999999,0.014781951904296875,cuda
webtable-union_minus-v=12-distilroberta-dj_adpt~qwen3_8b-dj_adpt,2,4096,6,384,384,0.008775,0.014781951904296875,cuda
webtable-union_minus-v=12-distilroberta-dj_adpt~qwen3_8b-dj_adpt,2,4096,7,384,384,0.008816,0.014781951904296875,cuda
webtable-union_minus-v=12-distilroberta-dj_adpt~qwen3_8b-dj_adpt,2,4096,8,384,384,0.00912,0.014781951904296875,cuda
webtable-union_minus-v=12-distilroberta-dj_adpt~qwen3_8b-dj_adpt,2,4096,9,384,384,0.009215,0.014781951904296875,cuda
webtable-union_minus-v=12-distilroberta-dj_adpt~qwen3_8b-dj_adpt,2,4096,10,384,384,0.008650999999999999,0.014781951904296875,cuda
webtable-union_minus-v=12-distilroberta-dj_adpt~qwen3_8b-dj_adpt,3,4096,1,768,384,0.008905,0.020641326904296875,cuda
webtable-union_minus-v=12-distilroberta-dj_adpt~qwen3_8b-dj_adpt,3,4096,2,768,384,0.010584999999999999,0.020641326904296875,cuda
webtable-union_minus-v=12-distilroberta-dj_adpt~qwen3_8b-dj_adpt,3,4096,3,768,384,0.009616,0.020641326904296875,cuda
webtable-union_minus-v=12-distilroberta-dj_adpt~qwen3_8b-dj_adpt,3,4096,4,768,384,0.009965,0.020641326904296875,cuda
webtable-union_minus-v=12-distilroberta-dj_adpt~qwen3_8b-dj_adpt,3,4096,5,768,384,0.010053,0.020641326904296875,cuda
webtable-union_minus-v=12-distilroberta-dj_adpt~qwen3_8b-dj_adpt,3,4096,6,768,384,0.009812,0.020641326904296875,cuda
webtable-union_minus-v=12-distilroberta-dj_adpt~qwen3_8b-dj_adpt,3,4096,7,768,384,0.009948,0.020641326904296875,cuda
webtable-union_minus-v=12-distilroberta-dj_adpt~qwen3_8b-dj_adpt,3,4096,8,768,384,0.010168,0.020641326904296875,cuda
webtable-union_minus-v=12-distilroberta-dj_adpt~qwen3_8b-dj_adpt,3,4096,9,768,384,0.009909,0.020641326904296875,cuda
webtable-union_minus-v=12-distilroberta-dj_adpt~qwen3_8b-dj_adpt,3,4096,10,768,384,0.010156,0.020641326904296875,cuda
webtable-union_minus-v=12-distilroberta-dj_adpt~qwen3_8b-dj_adpt,4,4096,1,768,384,0.008803,0.020641326904296875,cuda
webtable-union_minus-v=12-distilroberta-dj_adpt~qwen3_8b-dj_adpt,4,4096,2,768,384,0.009868,0.020641326904296875,cuda
webtable-union_minus-v=12-distilroberta-dj_adpt~qwen3_8b-dj_adpt,4,4096,3,768,384,0.009720999999999999,0.020641326904296875,cuda
webtable-union_minus-v=12-distilroberta-dj_adpt~qwen3_8b-dj_adpt,4,4096,4,768,384,0.010558999999999999,0.020641326904296875,cuda
webtable-union_minus-v=12-distilroberta-dj_adpt~qwen3_8b-dj_adpt,4,4096,5,768,384,0.010043999999999999,0.020641326904296875,cuda
webtable-union_minus-v=12-distilroberta-dj_adpt~qwen3_8b-dj_adpt,4,4096,6,768,384,0.009963999999999999,0.020641326904296875,cuda
webtable-union_minus-v=12-distilroberta-dj_adpt~qwen3_8b-dj_adpt,4,4096,7,768,384,0.009896,0.020641326904296875,cuda
webtable-union_minus-v=12-distilroberta-dj_adpt~qwen3_8b-dj_adpt,4,4096,8,768,384,0.013831999999999999,0.020641326904296875,cuda
webtable-union_minus-v=12-distilroberta-dj_adpt~qwen3_8b-dj_adpt,4,4096,9,768,384,0.009989,0.020641326904296875,cuda
webtable-union_minus-v=12-distilroberta-dj_adpt~qwen3_8b-dj_adpt,4,4096,10,768,384,0.010308999999999999,0.020641326904296875,cuda
webtable-union_minus-v=12-distilroberta-dj_adpt~qwen3_8b-dj_adpt,5,4096,1,768,384,0.008862,0.020641326904296875,cuda
webtable-union_minus-v=12-distilroberta-dj_adpt~qwen3_8b-dj_adpt,5,4096,2,768,384,0.010164999999999999,0.020641326904296875,cuda
webtable-union_minus-v=12-distilroberta-dj_adpt~qwen3_8b-dj_adpt,5,4096,3,768,384,0.01014,0.020641326904296875,cuda
webtable-union_minus-v=12-distilroberta-dj_adpt~qwen3_8b-dj_adpt,5,4096,4,768,384,0.009877,0.020641326904296875,cuda
webtable-union_minus-v=12-distilroberta-dj_adpt~qwen3_8b-dj_adpt,5,4096,5,768,384,0.010059,0.020641326904296875,cuda
webtable-union_minus-v=12-distilroberta-dj_adpt~qwen3_8b-dj_adpt,5,4096,6,768,384,0.009932,0.020641326904296875,cuda
webtable-union_minus-v=12-distilroberta-dj_adpt~qwen3_8b-dj_adpt,5,4096,7,768,384,0.010079,0.020641326904296875,cuda
webtable-union_minus-v=12-distilroberta-dj_adpt~qwen3_8b-dj_adpt,5,4096,8,768,384,0.010003,0.020641326904296875,cuda
webtable-union_minus-v=12-distilroberta-dj_adpt~qwen3_8b-dj_adpt,5,4096,9,768,384,0.010074999999999999,0.020641326904296875,cuda
webtable-union_minus-v=12-distilroberta-dj_adpt~qwen3_8b-dj_adpt,5,4096,10,768,384,0.010173,0.020641326904296875,cuda
webtable-union_minus-v=12-distilroberta-dj_adpt~qwen3_8b-dj_adpt,6,4096,1,896,384,0.008884999999999999,0.022594451904296875,cuda
webtable-union_minus-v=12-distilroberta-dj_adpt~qwen3_8b-dj_adpt,6,4096,2,896,384,0.010097,0.022594451904296875,cuda
webtable-union_minus-v=12-distilroberta-dj_adpt~qwen3_8b-dj_adpt,6,4096,3,896,384,0.009873,0.022594451904296875,cuda
webtable-union_minus-v=12-distilroberta-dj_adpt~qwen3_8b-dj_adpt,6,4096,4,896,384,0.00976,0.022594451904296875,cuda
webtable-union_minus-v=12-distilroberta-dj_adpt~qwen3_8b-dj_adpt,6,4096,5,896,384,0.010273,0.022594451904296875,cuda
webtable-union_minus-v=12-distilroberta-dj_adpt~qwen3_8b-dj_adpt,6,4096,6,896,384,0.010135,0.022594451904296875,cuda
webtable-union_minus-v=12-distilroberta-dj_adpt~qwen3_8b-dj_adpt,6,4096,7,896,384,0.00996,0.022594451904296875,cuda
webtable-union_minus-v=12-distilroberta-dj_adpt~qwen3_8b-dj_adpt,6,4096,8,896,384,0.010152999999999999,0.022594451904296875,cuda
webtable-union_minus-v=12-distilroberta-dj_adpt~qwen3_8b-dj_adpt,6,4096,9,896,384,0.010216,0.022594451904296875,cuda
webtable-union_minus-v=12-distilroberta-dj_adpt~qwen3_8b-dj_adpt,6,4096,10,896,384,0.009951,0.022594451904296875,cuda
webtable-union_minus-v=12-distilroberta-dj_adpt~qwen3_8b-dj_adpt,7,4096,1,1024,384,0.009082999999999999,0.024547576904296875,cuda
webtable-union_minus-v=12-distilroberta-dj_adpt~qwen3_8b-dj_adpt,7,4096,2,1024,384,0.010079999999999999,0.024547576904296875,cuda
webtable-union_minus-v=12-distilroberta-dj_adpt~qwen3_8b-dj_adpt,7,4096,3,1024,384,0.009883,0.024547576904296875,cuda
webtable-union_minus-v=12-distilroberta-dj_adpt~qwen3_8b-dj_adpt,7,4096,4,1024,384,0.00997,0.024547576904296875,cuda
webtable-union_minus-v=12-distilroberta-dj_adpt~qwen3_8b-dj_adpt,7,4096,5,1024,384,0.010105,0.024547576904296875,cuda
webtable-union_minus-v=12-distilroberta-dj_adpt~qwen3_8b-dj_adpt,7,4096,6,1024,384,0.010217,0.024547576904296875,cuda
webtable-union_minus-v=12-distilroberta-dj_adpt~qwen3_8b-dj_adpt,7,4096,7,1024,384,0.010133999999999999,0.024547576904296875,cuda
webtable-union_minus-v=12-distilroberta-dj_adpt~qwen3_8b-dj_adpt,7,4096,8,1024,384,0.009849,0.024547576904296875,cuda
webtable-union_minus-v=12-distilroberta-dj_adpt~qwen3_8b-dj_adpt,7,4096,9,1024,384,0.014391999999999999,0.024547576904296875,cuda
webtable-union_minus-v=12-distilroberta-dj_adpt~qwen3_8b-dj_adpt,7,4096,10,1024,384,0.010617999999999999,0.024547576904296875,cuda
webtable-union_minus-v=12-distilroberta-dj_adpt~qwen3_8b-dj_adpt,8,4096,1,2560,384,0.013462,0.047985076904296875,cuda
webtable-union_minus-v=12-distilroberta-dj_adpt~qwen3_8b-dj_adpt,8,4096,2,2560,384,0.011198,0.047985076904296875,cuda
webtable-union_minus-v=12-distilroberta-dj_adpt~qwen3_8b-dj_adpt,8,4096,3,2560,384,0.010447,0.047985076904296875,cuda
webtable-union_minus-v=12-distilroberta-dj_adpt~qwen3_8b-dj_adpt,8,4096,4,2560,384,0.010086999999999999,0.047985076904296875,cuda
webtable-union_minus-v=12-distilroberta-dj_adpt~qwen3_8b-dj_adpt,8,4096,5,2560,384,0.009752,0.047985076904296875,cuda
webtable-union_minus-v=12-distilroberta-dj_adpt~qwen3_8b-dj_adpt,8,4096,6,2560,384,0.009701999999999999,0.047985076904296875,cuda
webtable-union_minus-v=12-distilroberta-dj_adpt~qwen3_8b-dj_adpt,8,4096,7,2560,384,0.009818,0.047985076904296875,cuda
webtable-union_minus-v=12-distilroberta-dj_adpt~qwen3_8b-dj_adpt,8,4096,8,2560,384,0.010092,0.047985076904296875,cuda
webtable-union_minus-v=12-distilroberta-dj_adpt~qwen3_8b-dj_adpt,8,4096,9,2560,384,0.010362,0.047985076904296875,cuda
webtable-union_minus-v=12-distilroberta-dj_adpt~qwen3_8b-dj_adpt,8,4096,10,2560,384,0.010043,0.047985076904296875,cuda
webtable-union_minus-v=12-distilroberta-dj_adpt~qwen3_8b-dj_adpt,9,4096,1,3840,384,0.014149,0.06751632690429688,cuda
webtable-union_minus-v=12-distilroberta-dj_adpt~qwen3_8b-dj_adpt,9,4096,2,3840,384,0.011174,0.06751632690429688,cuda
webtable-union_minus-v=12-distilroberta-dj_adpt~qwen3_8b-dj_adpt,9,4096,3,3840,384,0.010114999999999999,0.06751632690429688,cuda
webtable-union_minus-v=12-distilroberta-dj_adpt~qwen3_8b-dj_adpt,9,4096,4,3840,384,0.010017999999999999,0.06751632690429688,cuda
webtable-union_minus-v=12-distilroberta-dj_adpt~qwen3_8b-dj_adpt,9,4096,5,3840,384,0.010244999999999999,0.06751632690429688,cuda
webtable-union_minus-v=12-distilroberta-dj_adpt~qwen3_8b-dj_adpt,9,4096,6,3840,384,0.009944999999999999,0.06751632690429688,cuda
webtable-union_minus-v=12-distilroberta-dj_adpt~qwen3_8b-dj_adpt,9,4096,7,3840,384,0.009962,0.06751632690429688,cuda
webtable-union_minus-v=12-distilroberta-dj_adpt~qwen3_8b-dj_adpt,9,4096,8,3840,384,0.010397,0.06751632690429688,cuda
webtable-union_minus-v=12-distilroberta-dj_adpt~qwen3_8b-dj_adpt,9,4096,9,3840,384,0.010267,0.06751632690429688,cuda
webtable-union_minus-v=12-distilroberta-dj_adpt~qwen3_8b-dj_adpt,9,4096,10,3840,384,0.010733,0.06751632690429688,cuda
webtable-union_minus-v=12-distilroberta-dj_adpt~qwen3_8b-dj_adpt,10,4096,1,4096,384,0.014164,0.07142257690429688,cuda
webtable-union_minus-v=12-distilroberta-dj_adpt~qwen3_8b-dj_adpt,10,4096,2,4096,384,0.011571999999999999,0.07142257690429688,cuda
webtable-union_minus-v=12-distilroberta-dj_adpt~qwen3_8b-dj_adpt,10,4096,3,4096,384,0.010544999999999999,0.07142257690429688,cuda
webtable-union_minus-v=12-distilroberta-dj_adpt~qwen3_8b-dj_adpt,10,4096,4,4096,384,0.010249999999999999,0.07142257690429688,cuda
webtable-union_minus-v=12-distilroberta-dj_adpt~qwen3_8b-dj_adpt,10,4096,5,4096,384,0.010008999999999999,0.07142257690429688,cuda
webtable-union_minus-v=12-distilroberta-dj_adpt~qwen3_8b-dj_adpt,10,4096,6,4096,384,0.009883,0.07142257690429688,cuda
webtable-union_minus-v=12-distilroberta-dj_adpt~qwen3_8b-dj_adpt,10,4096,7,4096,384,0.009975,0.07142257690429688,cuda
webtable-union_minus-v=12-distilroberta-dj_adpt~qwen3_8b-dj_adpt,10,4096,8,4096,384,0.010182,0.07142257690429688,cuda
webtable-union_minus-v=12-distilroberta-dj_adpt~qwen3_8b-dj_adpt,10,4096,9,4096,384,0.010236,0.07142257690429688,cuda
webtable-union_minus-v=12-distilroberta-dj_adpt~qwen3_8b-dj_adpt,10,4096,10,4096,384,0.010103,0.07142257690429688,cuda
webtable-union_minus-v=12-distilroberta-dj_adpt~qwen3_8b-dj_adpt,11,4096,1,4096,384,0.009113999999999999,0.07142257690429688,cuda
webtable-union_minus-v=12-distilroberta-dj_adpt~qwen3_8b-dj_adpt,11,4096,2,4096,384,0.010119999999999999,0.07142257690429688,cuda
webtable-union_minus-v=12-distilroberta-dj_adpt~qwen3_8b-dj_adpt,11,4096,3,4096,384,0.010058,0.07142257690429688,cuda
webtable-union_minus-v=12-distilroberta-dj_adpt~qwen3_8b-dj_adpt,11,4096,4,4096,384,0.010178999999999999,0.07142257690429688,cuda
webtable-union_minus-v=12-distilroberta-dj_adpt~qwen3_8b-dj_adpt,11,4096,5,4096,384,0.009944,0.07142257690429688,cuda
webtable-union_minus-v=12-distilroberta-dj_adpt~qwen3_8b-dj_adpt,11,4096,6,4096,384,0.009994,0.07142257690429688,cuda
webtable-union_minus-v=12-distilroberta-dj_adpt~qwen3_8b-dj_adpt,11,4096,7,4096,384,0.010007,0.07142257690429688,cuda
webtable-union_minus-v=12-distilroberta-dj_adpt~qwen3_8b-dj_adpt,11,4096,8,4096,384,0.009811,0.07142257690429688,cuda
webtable-union_minus-v=12-distilroberta-dj_adpt~qwen3_8b-dj_adpt,11,4096,9,4096,384,0.010053,0.07142257690429688,cuda
webtable-union_minus-v=12-distilroberta-dj_adpt~qwen3_8b-dj_adpt,11,4096,10,4096,384,0.009925,0.07142257690429688,cuda
webtable-union_minus-v=12-distilroberta-dj_adpt~qwen3_8b-dj_adpt,0,8192,1,768,384,0.009235,0.032360076904296875,cuda
webtable-union_minus-v=12-distilroberta-dj_adpt~qwen3_8b-dj_adpt,0,8192,2,768,384,0.010605999999999999,0.032360076904296875,cuda
webtable-union_minus-v=12-distilroberta-dj_adpt~qwen3_8b-dj_adpt,0,8192,3,768,384,0.010251,0.032360076904296875,cuda
webtable-union_minus-v=12-distilroberta-dj_adpt~qwen3_8b-dj_adpt,0,8192,4,768,384,0.010093999999999999,0.032360076904296875,cuda
webtable-union_minus-v=12-distilroberta-dj_adpt~qwen3_8b-dj_adpt,0,8192,5,768,384,0.010154999999999999,0.032360076904296875,cuda
webtable-union_minus-v=12-distilroberta-dj_adpt~qwen3_8b-dj_adpt,0,8192,6,768,384,0.010374,0.032360076904296875,cuda
webtable-union_minus-v=12-distilroberta-dj_adpt~qwen3_8b-dj_adpt,0,8192,7,768,384,0.010109,0.032360076904296875,cuda
webtable-union_minus-v=12-distilroberta-dj_adpt~qwen3_8b-dj_adpt,0,8192,8,768,384,0.010209,0.032360076904296875,cuda
webtable-union_minus-v=12-distilroberta-dj_adpt~qwen3_8b-dj_adpt,0,8192,9,768,384,0.010466999999999999,0.032360076904296875,cuda
webtable-union_minus-v=12-distilroberta-dj_adpt~qwen3_8b-dj_adpt,0,8192,10,768,384,0.010138,0.032360076904296875,cuda
webtable-union_minus-v=12-distilroberta-dj_adpt~qwen3_8b-dj_adpt,1,8192,1,384,384,0.008909,0.020641326904296875,cuda
webtable-union_minus-v=12-distilroberta-dj_adpt~qwen3_8b-dj_adpt,1,8192,2,384,384,0.009459,0.020641326904296875,cuda
webtable-union_minus-v=12-distilroberta-dj_adpt~qwen3_8b-dj_adpt,1,8192,3,384,384,0.009262,0.020641326904296875,cuda
webtable-union_minus-v=12-distilroberta-dj_adpt~qwen3_8b-dj_adpt,1,8192,4,384,384,0.009245999999999999,0.020641326904296875,cuda
webtable-union_minus-v=12-distilroberta-dj_adpt~qwen3_8b-dj_adpt,1,8192,5,384,384,0.009434,0.020641326904296875,cuda
webtable-union_minus-v=12-distilroberta-dj_adpt~qwen3_8b-dj_adpt,1,8192,6,384,384,0.009119,0.020641326904296875,cuda
webtable-union_minus-v=12-distilroberta-dj_adpt~qwen3_8b-dj_adpt,1,8192,7,384,384,0.009146,0.020641326904296875,cuda
webtable-union_minus-v=12-distilroberta-dj_adpt~qwen3_8b-dj_adpt,1,8192,8,384,384,0.009266,0.020641326904296875,cuda
webtable-union_minus-v=12-distilroberta-dj_adpt~qwen3_8b-dj_adpt,1,8192,9,384,384,0.009361999999999999,0.020641326904296875,cuda
webtable-union_minus-v=12-distilroberta-dj_adpt~qwen3_8b-dj_adpt,1,8192,10,384,384,0.008923,0.020641326904296875,cuda
webtable-union_minus-v=12-distilroberta-dj_adpt~qwen3_8b-dj_adpt,2,8192,1,384,384,0.008335,0.020641326904296875,cuda
webtable-union_minus-v=12-distilroberta-dj_adpt~qwen3_8b-dj_adpt,2,8192,2,384,384,0.011914,0.020641326904296875,cuda
webtable-union_minus-v=12-distilroberta-dj_adpt~qwen3_8b-dj_adpt,2,8192,3,384,384,0.009446999999999999,0.020641326904296875,cuda
webtable-union_minus-v=12-distilroberta-dj_adpt~qwen3_8b-dj_adpt,2,8192,4,384,384,0.009037,0.020641326904296875,cuda
webtable-union_minus-v=12-distilroberta-dj_adpt~qwen3_8b-dj_adpt,2,8192,5,384,384,0.008922,0.020641326904296875,cuda
webtable-union_minus-v=12-distilroberta-dj_adpt~qwen3_8b-dj_adpt,2,8192,6,384,384,0.009103,0.020641326904296875,cuda
webtable-union_minus-v=12-distilroberta-dj_adpt~qwen3_8b-dj_adpt,2,8192,7,384,384,0.009535,0.020641326904296875,cuda
webtable-union_minus-v=12-distilroberta-dj_adpt~qwen3_8b-dj_adpt,2,8192,8,384,384,0.008975,0.020641326904296875,cuda
webtable-union_minus-v=12-distilroberta-dj_adpt~qwen3_8b-dj_adpt,2,8192,9,384,384,0.009073,0.020641326904296875,cuda
webtable-union_minus-v=12-distilroberta-dj_adpt~qwen3_8b-dj_adpt,2,8192,10,384,384,0.009229,0.020641326904296875,cuda
webtable-union_minus-v=12-distilroberta-dj_adpt~qwen3_8b-dj_adpt,3,8192,1,768,384,0.008978,0.032360076904296875,cuda
webtable-union_minus-v=12-distilroberta-dj_adpt~qwen3_8b-dj_adpt,3,8192,2,768,384,0.010159,0.032360076904296875,cuda
webtable-union_minus-v=12-distilroberta-dj_adpt~qwen3_8b-dj_adpt,3,8192,3,768,384,0.009835,0.032360076904296875,cuda
webtable-union_minus-v=12-distilroberta-dj_adpt~qwen3_8b-dj_adpt,3,8192,4,768,384,0.010003,0.032360076904296875,cuda
webtable-union_minus-v=12-distilroberta-dj_adpt~qwen3_8b-dj_adpt,3,8192,5,768,384,0.009903,0.032360076904296875,cuda
webtable-union_minus-v=12-distilroberta-dj_adpt~qwen3_8b-dj_adpt,3,8192,6,768,384,0.009842,0.032360076904296875,cuda
webtable-union_minus-v=12-distilroberta-dj_adpt~qwen3_8b-dj_adpt,3,8192,7,768,384,0.009814,0.032360076904296875,cuda
webtable-union_minus-v=12-distilroberta-dj_adpt~qwen3_8b-dj_adpt,3,8192,8,768,384,0.01006,0.032360076904296875,cuda
webtable-union_minus-v=12-distilroberta-dj_adpt~qwen3_8b-dj_adpt,3,8192,9,768,384,0.010022,0.032360076904296875,cuda
webtable-union_minus-v=12-distilroberta-dj_adpt~qwen3_8b-dj_adpt,3,8192,10,768,384,0.009908,0.032360076904296875,cuda
webtable-union_minus-v=12-distilroberta-dj_adpt~qwen3_8b-dj_adpt,4,8192,1,768,384,0.00912,0.032360076904296875,cuda
webtable-union_minus-v=12-distilroberta-dj_adpt~qwen3_8b-dj_adpt,4,8192,2,768,384,0.010008999999999999,0.032360076904296875,cuda
webtable-union_minus-v=12-distilroberta-dj_adpt~qwen3_8b-dj_adpt,4,8192,3,768,384,0.010119,0.032360076904296875,cuda
webtable-union_minus-v=12-distilroberta-dj_adpt~qwen3_8b-dj_adpt,4,8192,4,768,384,0.009906,0.032360076904296875,cuda
webtable-union_minus-v=12-distilroberta-dj_adpt~qwen3_8b-dj_adpt,4,8192,5,768,384,0.010034,0.032360076904296875,cuda
webtable-union_minus-v=12-distilroberta-dj_adpt~qwen3_8b-dj_adpt,4,8192,6,768,384,0.010033,0.032360076904296875,cuda
webtable-union_minus-v=12-distilroberta-dj_adpt~qwen3_8b-dj_adpt,4,8192,7,768,384,0.015198999999999999,0.032360076904296875,cuda
webtable-union_minus-v=12-distilroberta-dj_adpt~qwen3_8b-dj_adpt,4,8192,8,768,384,0.010255,0.032360076904296875,cuda
webtable-union_minus-v=12-distilroberta-dj_adpt~qwen3_8b-dj_adpt,4,8192,9,768,384,0.009934,0.032360076904296875,cuda
webtable-union_minus-v=12-distilroberta-dj_adpt~qwen3_8b-dj_adpt,4,8192,10,768,384,0.010530999999999999,0.032360076904296875,cuda
webtable-union_minus-v=12-distilroberta-dj_adpt~qwen3_8b-dj_adpt,5,8192,1,768,384,0.00915,0.032360076904296875,cuda
webtable-union_minus-v=12-distilroberta-dj_adpt~qwen3_8b-dj_adpt,5,8192,2,768,384,0.009930999999999999,0.032360076904296875,cuda
webtable-union_minus-v=12-distilroberta-dj_adpt~qwen3_8b-dj_adpt,5,8192,3,768,384,0.00984,0.032360076904296875,cuda
webtable-union_minus-v=12-distilroberta-dj_adpt~qwen3_8b-dj_adpt,5,8192,4,768,384,0.013153999999999999,0.032360076904296875,cuda
webtable-union_minus-v=12-distilroberta-dj_adpt~qwen3_8b-dj_adpt,5,8192,5,768,384,0.010374,0.032360076904296875,cuda
webtable-union_minus-v=12-distilroberta-dj_adpt~qwen3_8b-dj_adpt,5,8192,6,768,384,0.009982999999999999,0.032360076904296875,cuda
webtable-union_minus-v=12-distilroberta-dj_adpt~qwen3_8b-dj_adpt,5,8192,7,768,384,0.009934,0.032360076904296875,cuda
webtable-union_minus-v=12-distilroberta-dj_adpt~qwen3_8b-dj_adpt,5,8192,8,768,384,0.009693,0.032360076904296875,cuda
webtable-union_minus-v=12-distilroberta-dj_adpt~qwen3_8b-dj_adpt,5,8192,9,768,384,0.009828,0.032360076904296875,cuda
webtable-union_minus-v=12-distilroberta-dj_adpt~qwen3_8b-dj_adpt,5,8192,10,768,384,0.009977999999999999,0.032360076904296875,cuda
webtable-union_minus-v=12-distilroberta-dj_adpt~qwen3_8b-dj_adpt,6,8192,1,896,384,0.009002,0.036266326904296875,cuda
webtable-union_minus-v=12-distilroberta-dj_adpt~qwen3_8b-dj_adpt,6,8192,2,896,384,0.010265999999999999,0.036266326904296875,cuda
webtable-union_minus-v=12-distilroberta-dj_adpt~qwen3_8b-dj_adpt,6,8192,3,896,384,0.009649,0.036266326904296875,cuda
webtable-union_minus-v=12-distilroberta-dj_adpt~qwen3_8b-dj_adpt,6,8192,4,896,384,0.01009,0.036266326904296875,cuda
webtable-union_minus-v=12-distilroberta-dj_adpt~qwen3_8b-dj_adpt,6,8192,5,896,384,0.009866999999999999,0.036266326904296875,cuda
webtable-union_minus-v=12-distilroberta-dj_adpt~qwen3_8b-dj_adpt,6,8192,6,896,384,0.009755,0.036266326904296875,cuda
webtable-union_minus-v=12-distilroberta-dj_adpt~qwen3_8b-dj_adpt,6,8192,7,896,384,0.009825,0.036266326904296875,cuda
webtable-union_minus-v=12-distilroberta-dj_adpt~qwen3_8b-dj_adpt,6,8192,8,896,384,0.009771,0.036266326904296875,cuda
webtable-union_minus-v=12-distilroberta-dj_adpt~qwen3_8b-dj_adpt,6,8192,9,896,384,0.009762999999999999,0.036266326904296875,cuda
webtable-union_minus-v=12-distilroberta-dj_adpt~qwen3_8b-dj_adpt,6,8192,10,896,384,0.009916999999999999,0.036266326904296875,cuda
webtable-union_minus-v=12-distilroberta-dj_adpt~qwen3_8b-dj_adpt,7,8192,1,1024,384,0.008934,0.040172576904296875,cuda
webtable-union_minus-v=12-distilroberta-dj_adpt~qwen3_8b-dj_adpt,7,8192,2,1024,384,0.0104,0.040172576904296875,cuda
webtable-union_minus-v=12-distilroberta-dj_adpt~qwen3_8b-dj_adpt,7,8192,3,1024,384,0.010603,0.040172576904296875,cuda
webtable-union_minus-v=12-distilroberta-dj_adpt~qwen3_8b-dj_adpt,7,8192,4,1024,384,0.010806999999999999,0.040172576904296875,cuda
webtable-union_minus-v=12-distilroberta-dj_adpt~qwen3_8b-dj_adpt,7,8192,5,1024,384,0.010010999999999999,0.040172576904296875,cuda
webtable-union_minus-v=12-distilroberta-dj_adpt~qwen3_8b-dj_adpt,7,8192,6,1024,384,0.010145999999999999,0.040172576904296875,cuda
webtable-union_minus-v=12-distilroberta-dj_adpt~qwen3_8b-dj_adpt,7,8192,7,1024,384,0.009955,0.040172576904296875,cuda
webtable-union_minus-v=12-distilroberta-dj_adpt~qwen3_8b-dj_adpt,7,8192,8,1024,384,0.010019,0.040172576904296875,cuda
webtable-union_minus-v=12-distilroberta-dj_adpt~qwen3_8b-dj_adpt,7,8192,9,1024,384,0.009592,0.040172576904296875,cuda
webtable-union_minus-v=12-distilroberta-dj_adpt~qwen3_8b-dj_adpt,7,8192,10,1024,384,0.009807,0.040172576904296875,cuda
webtable-union_minus-v=12-distilroberta-dj_adpt~qwen3_8b-dj_adpt,8,8192,1,2560,384,0.014145,0.08704757690429688,cuda
webtable-union_minus-v=12-distilroberta-dj_adpt~qwen3_8b-dj_adpt,8,8192,2,2560,384,0.011264,0.08704757690429688,cuda
webtable-union_minus-v=12-distilroberta-dj_adpt~qwen3_8b-dj_adpt,8,8192,3,2560,384,0.010279,0.08704757690429688,cuda
webtable-union_minus-v=12-distilroberta-dj_adpt~qwen3_8b-dj_adpt,8,8192,4,2560,384,0.01005,0.08704757690429688,cuda
webtable-union_minus-v=12-distilroberta-dj_adpt~qwen3_8b-dj_adpt,8,8192,5,2560,384,0.014065999999999999,0.08704757690429688,cuda
webtable-union_minus-v=12-distilroberta-dj_adpt~qwen3_8b-dj_adpt,8,8192,6,2560,384,0.010888,0.08704757690429688,cuda
webtable-union_minus-v=12-distilroberta-dj_adpt~qwen3_8b-dj_adpt,8,8192,7,2560,384,0.01036,0.08704757690429688,cuda
webtable-union_minus-v=12-distilroberta-dj_adpt~qwen3_8b-dj_adpt,8,8192,8,2560,384,0.009809,0.08704757690429688,cuda
webtable-union_minus-v=12-distilroberta-dj_adpt~qwen3_8b-dj_adpt,8,8192,9,2560,384,0.009882,0.08704757690429688,cuda
webtable-union_minus-v=12-distilroberta-dj_adpt~qwen3_8b-dj_adpt,8,8192,10,2560,384,0.009701,0.08704757690429688,cuda
webtable-union_minus-v=12-distilroberta-dj_adpt~qwen3_8b-dj_adpt,9,8192,1,3840,384,0.014464999999999999,0.12611007690429688,cuda
webtable-union_minus-v=12-distilroberta-dj_adpt~qwen3_8b-dj_adpt,9,8192,2,3840,384,0.010831,0.12611007690429688,cuda
webtable-union_minus-v=12-distilroberta-dj_adpt~qwen3_8b-dj_adpt,9,8192,3,3840,384,0.010189,0.12611007690429688,cuda
webtable-union_minus-v=12-distilroberta-dj_adpt~qwen3_8b-dj_adpt,9,8192,4,3840,384,0.010388999999999999,0.12611007690429688,cuda
webtable-union_minus-v=12-distilroberta-dj_adpt~qwen3_8b-dj_adpt,9,8192,5,3840,384,0.010152999999999999,0.12611007690429688,cuda
webtable-union_minus-v=12-distilroberta-dj_adpt~qwen3_8b-dj_adpt,9,8192,6,3840,384,0.009843,0.12611007690429688,cuda
webtable-union_minus-v=12-distilroberta-dj_adpt~qwen3_8b-dj_adpt,9,8192,7,3840,384,0.00993,0.12611007690429688,cuda
webtable-union_minus-v=12-distilroberta-dj_adpt~qwen3_8b-dj_adpt,9,8192,8,3840,384,0.009797,0.12611007690429688,cuda
webtable-union_minus-v=12-distilroberta-dj_adpt~qwen3_8b-dj_adpt,9,8192,9,3840,384,0.00979,0.12611007690429688,cuda
webtable-union_minus-v=12-distilroberta-dj_adpt~qwen3_8b-dj_adpt,9,8192,10,3840,384,0.010014,0.12611007690429688,cuda
webtable-union_minus-v=12-distilroberta-dj_adpt~qwen3_8b-dj_adpt,10,8192,1,4096,384,0.013276999999999999,0.13392257690429688,cuda
webtable-union_minus-v=12-distilroberta-dj_adpt~qwen3_8b-dj_adpt,10,8192,2,4096,384,0.011028999999999999,0.13392257690429688,cuda
webtable-union_minus-v=12-distilroberta-dj_adpt~qwen3_8b-dj_adpt,10,8192,3,4096,384,0.01048,0.13392257690429688,cuda
webtable-union_minus-v=12-distilroberta-dj_adpt~qwen3_8b-dj_adpt,10,8192,4,4096,384,0.010218,0.13392257690429688,cuda
webtable-union_minus-v=12-distilroberta-dj_adpt~qwen3_8b-dj_adpt,10,8192,5,4096,384,0.009962,0.13392257690429688,cuda
webtable-union_minus-v=12-distilroberta-dj_adpt~qwen3_8b-dj_adpt,10,8192,6,4096,384,0.010544999999999999,0.13392257690429688,cuda
webtable-union_minus-v=12-distilroberta-dj_adpt~qwen3_8b-dj_adpt,10,8192,7,4096,384,0.01015,0.13392257690429688,cuda
webtable-union_minus-v=12-distilroberta-dj_adpt~qwen3_8b-dj_adpt,10,8192,8,4096,384,0.010152,0.13392257690429688,cuda
webtable-union_minus-v=12-distilroberta-dj_adpt~qwen3_8b-dj_adpt,10,8192,9,4096,384,0.010463,0.13392257690429688,cuda
webtable-union_minus-v=12-distilroberta-dj_adpt~qwen3_8b-dj_adpt,10,8192,10,4096,384,0.009873999999999999,0.13392257690429688,cuda
webtable-union_minus-v=12-distilroberta-dj_adpt~qwen3_8b-dj_adpt,11,8192,1,4096,384,0.009384,0.13392257690429688,cuda
webtable-union_minus-v=12-distilroberta-dj_adpt~qwen3_8b-dj_adpt,11,8192,2,4096,384,0.009916999999999999,0.13392257690429688,cuda
webtable-union_minus-v=12-distilroberta-dj_adpt~qwen3_8b-dj_adpt,11,8192,3,4096,384,0.009873999999999999,0.13392257690429688,cuda
webtable-union_minus-v=12-distilroberta-dj_adpt~qwen3_8b-dj_adpt,11,8192,4,4096,384,0.009979,0.13392257690429688,cuda
webtable-union_minus-v=12-distilroberta-dj_adpt~qwen3_8b-dj_adpt,11,8192,5,4096,384,0.009981,0.13392257690429688,cuda
webtable-union_minus-v=12-distilroberta-dj_adpt~qwen3_8b-dj_adpt,11,8192,6,4096,384,0.009731,0.13392257690429688,cuda
webtable-union_minus-v=12-distilroberta-dj_adpt~qwen3_8b-dj_adpt,11,8192,7,4096,384,0.014213,0.13392257690429688,cuda
webtable-union_minus-v=12-distilroberta-dj_adpt~qwen3_8b-dj_adpt,11,8192,8,4096,384,0.010435,0.13392257690429688,cuda
webtable-union_minus-v=12-distilroberta-dj_adpt~qwen3_8b-dj_adpt,11,8192,9,4096,384,0.010138999999999999,0.13392257690429688,cuda
webtable-union_minus-v=12-distilroberta-dj_adpt~qwen3_8b-dj_adpt,11,8192,10,4096,384,0.010338,0.13392257690429688,cuda
webtable-union_minus-v=12-distilroberta-dj_adpt~qwen3_8b-dj_adpt,0,16384,1,768,384,0.010149,0.055797576904296875,cuda
webtable-union_minus-v=12-distilroberta-dj_adpt~qwen3_8b-dj_adpt,0,16384,2,768,384,0.010988,0.055797576904296875,cuda
webtable-union_minus-v=12-distilroberta-dj_adpt~qwen3_8b-dj_adpt,0,16384,3,768,384,0.010307,0.055797576904296875,cuda
webtable-union_minus-v=12-distilroberta-dj_adpt~qwen3_8b-dj_adpt,0,16384,4,768,384,0.010043,0.055797576904296875,cuda
webtable-union_minus-v=12-distilroberta-dj_adpt~qwen3_8b-dj_adpt,0,16384,5,768,384,0.009868,0.055797576904296875,cuda
webtable-union_minus-v=12-distilroberta-dj_adpt~qwen3_8b-dj_adpt,0,16384,6,768,384,0.010213,0.055797576904296875,cuda
webtable-union_minus-v=12-distilroberta-dj_adpt~qwen3_8b-dj_adpt,0,16384,7,768,384,0.010215,0.055797576904296875,cuda
webtable-union_minus-v=12-distilroberta-dj_adpt~qwen3_8b-dj_adpt,0,16384,8,768,384,0.009828,0.055797576904296875,cuda
webtable-union_minus-v=12-distilroberta-dj_adpt~qwen3_8b-dj_adpt,0,16384,9,768,384,0.009941,0.055797576904296875,cuda
webtable-union_minus-v=12-distilroberta-dj_adpt~qwen3_8b-dj_adpt,0,16384,10,768,384,0.010041,0.055797576904296875,cuda
webtable-union_minus-v=12-distilroberta-dj_adpt~qwen3_8b-dj_adpt,1,16384,1,384,384,0.008472,0.032360076904296875,cuda
webtable-union_minus-v=12-distilroberta-dj_adpt~qwen3_8b-dj_adpt,1,16384,2,384,384,0.009311,0.032360076904296875,cuda
webtable-union_minus-v=12-distilroberta-dj_adpt~qwen3_8b-dj_adpt,1,16384,3,384,384,0.009001,0.032360076904296875,cuda
webtable-union_minus-v=12-distilroberta-dj_adpt~qwen3_8b-dj_adpt,1,16384,4,384,384,0.009223,0.032360076904296875,cuda
webtable-union_minus-v=12-distilroberta-dj_adpt~qwen3_8b-dj_adpt,1,16384,5,384,384,0.009297999999999999,0.032360076904296875,cuda
webtable-union_minus-v=12-distilroberta-dj_adpt~qwen3_8b-dj_adpt,1,16384,6,384,384,0.009288,0.032360076904296875,cuda
webtable-union_minus-v=12-distilroberta-dj_adpt~qwen3_8b-dj_adpt,1,16384,7,384,384,0.009389999999999999,0.032360076904296875,cuda
webtable-union_minus-v=12-distilroberta-dj_adpt~qwen3_8b-dj_adpt,1,16384,8,384,384,0.008905,0.032360076904296875,cuda
webtable-union_minus-v=12-distilroberta-dj_adpt~qwen3_8b-dj_adpt,1,16384,9,384,384,0.009642,0.032360076904296875,cuda
webtable-union_minus-v=12-distilroberta-dj_adpt~qwen3_8b-dj_adpt,1,16384,10,384,384,0.009160999999999999,0.032360076904296875,cuda
webtable-union_minus-v=12-distilroberta-dj_adpt~qwen3_8b-dj_adpt,2,16384,1,384,384,0.008251999999999999,0.032360076904296875,cuda
webtable-union_minus-v=12-distilroberta-dj_adpt~qwen3_8b-dj_adpt,2,16384,2,384,384,0.009148,0.032360076904296875,cuda
webtable-union_minus-v=12-distilroberta-dj_adpt~qwen3_8b-dj_adpt,2,16384,3,384,384,0.009217999999999999,0.032360076904296875,cuda
webtable-union_minus-v=12-distilroberta-dj_adpt~qwen3_8b-dj_adpt,2,16384,4,384,384,0.009250999999999999,0.032360076904296875,cuda
webtable-union_minus-v=12-distilroberta-dj_adpt~qwen3_8b-dj_adpt,2,16384,5,384,384,0.009184,0.032360076904296875,cuda
webtable-union_minus-v=12-distilroberta-dj_adpt~qwen3_8b-dj_adpt,2,16384,6,384,384,0.009001,0.032360076904296875,cuda
webtable-union_minus-v=12-distilroberta-dj_adpt~qwen3_8b-dj_adpt,2,16384,7,384,384,0.009054999999999999,0.032360076904296875,cuda
webtable-union_minus-v=12-distilroberta-dj_adpt~qwen3_8b-dj_adpt,2,16384,8,384,384,0.011569999999999999,0.032360076904296875,cuda
webtable-union_minus-v=12-distilroberta-dj_adpt~qwen3_8b-dj_adpt,2,16384,9,384,384,0.009113,0.032360076904296875,cuda
webtable-union_minus-v=12-distilroberta-dj_adpt~qwen3_8b-dj_adpt,2,16384,10,384,384,0.009233,0.032360076904296875,cuda
webtable-union_minus-v=12-distilroberta-dj_adpt~qwen3_8b-dj_adpt,3,16384,1,768,384,0.008933,0.055797576904296875,cuda
webtable-union_minus-v=12-distilroberta-dj_adpt~qwen3_8b-dj_adpt,3,16384,2,768,384,0.009715,0.055797576904296875,cuda
webtable-union_minus-v=12-distilroberta-dj_adpt~qwen3_8b-dj_adpt,3,16384,3,768,384,0.009705,0.055797576904296875,cuda
webtable-union_minus-v=12-distilroberta-dj_adpt~qwen3_8b-dj_adpt,3,16384,4,768,384,0.009512999999999999,0.055797576904296875,cuda
webtable-union_minus-v=12-distilroberta-dj_adpt~qwen3_8b-dj_adpt,3,16384,5,768,384,0.009914,0.055797576904296875,cuda
webtable-union_minus-v=12-distilroberta-dj_adpt~qwen3_8b-dj_adpt,3,16384,6,768,384,0.009776,0.055797576904296875,cuda
webtable-union_minus-v=12-distilroberta-dj_adpt~qwen3_8b-dj_adpt,3,16384,7,768,384,0.009642,0.055797576904296875,cuda
webtable-union_minus-v=12-distilroberta-dj_adpt~qwen3_8b-dj_adpt,3,16384,8,768,384,0.010015,0.055797576904296875,cuda
webtable-union_minus-v=12-distilroberta-dj_adpt~qwen3_8b-dj_adpt,3,16384,9,768,384,0.010100999999999999,0.055797576904296875,cuda
webtable-union_minus-v=12-distilroberta-dj_adpt~qwen3_8b-dj_adpt,3,16384,10,768,384,0.009818,0.055797576904296875,cuda
webtable-union_minus-v=12-distilroberta-dj_adpt~qwen3_8b-dj_adpt,4,16384,1,768,384,0.008775999999999999,0.055797576904296875,cuda
webtable-union_minus-v=12-distilroberta-dj_adpt~qwen3_8b-dj_adpt,4,16384,2,768,384,0.010029,0.055797576904296875,cuda
webtable-union_minus-v=12-distilroberta-dj_adpt~qwen3_8b-dj_adpt,4,16384,3,768,384,0.009648,0.055797576904296875,cuda
webtable-union_minus-v=12-distilroberta-dj_adpt~qwen3_8b-dj_adpt,4,16384,4,768,384,0.009748999999999999,0.055797576904296875,cuda
webtable-union_minus-v=12-distilroberta-dj_adpt~qwen3_8b-dj_adpt,4,16384,5,768,384,0.009725,0.055797576904296875,cuda
webtable-union_minus-v=12-distilroberta-dj_adpt~qwen3_8b-dj_adpt,4,16384,6,768,384,0.010124,0.055797576904296875,cuda
webtable-union_minus-v=12-distilroberta-dj_adpt~qwen3_8b-dj_adpt,4,16384,7,768,384,0.010310999999999999,0.055797576904296875,cuda
webtable-union_minus-v=12-distilroberta-dj_adpt~qwen3_8b-dj_adpt,4,16384,8,768,384,0.010249,0.055797576904296875,cuda
webtable-union_minus-v=12-distilroberta-dj_adpt~qwen3_8b-dj_adpt,4,16384,9,768,384,0.010745,0.055797576904296875,cuda
webtable-union_minus-v=12-distilroberta-dj_adpt~qwen3_8b-dj_adpt,4,16384,10,768,384,0.009932999999999999,0.055797576904296875,cuda
webtable-union_minus-v=12-distilroberta-dj_adpt~qwen3_8b-dj_adpt,5,16384,1,768,384,0.008901,0.055797576904296875,cuda
webtable-union_minus-v=12-distilroberta-dj_adpt~qwen3_8b-dj_adpt,5,16384,2,768,384,0.009887,0.055797576904296875,cuda
webtable-union_minus-v=12-distilroberta-dj_adpt~qwen3_8b-dj_adpt,5,16384,3,768,384,0.009890999999999999,0.055797576904296875,cuda
webtable-union_minus-v=12-distilroberta-dj_adpt~qwen3_8b-dj_adpt,5,16384,4,768,384,0.010039,0.055797576904296875,cuda
webtable-union_minus-v=12-distilroberta-dj_adpt~qwen3_8b-dj_adpt,5,16384,5,768,384,0.009769,0.055797576904296875,cuda
webtable-union_minus-v=12-distilroberta-dj_adpt~qwen3_8b-dj_adpt,5,16384,6,768,384,0.009479,0.055797576904296875,cuda
webtable-union_minus-v=12-distilroberta-dj_adpt~qwen3_8b-dj_adpt,5,16384,7,768,384,0.010187,0.055797576904296875,cuda
webtable-union_minus-v=12-distilroberta-dj_adpt~qwen3_8b-dj_adpt,5,16384,8,768,384,0.009836,0.055797576904296875,cuda
webtable-union_minus-v=12-distilroberta-dj_adpt~qwen3_8b-dj_adpt,5,16384,9,768,384,0.010086,0.055797576904296875,cuda
webtable-union_minus-v=12-distilroberta-dj_adpt~qwen3_8b-dj_adpt,5,16384,10,768,384,0.013016999999999999,0.055797576904296875,cuda
webtable-union_minus-v=12-distilroberta-dj_adpt~qwen3_8b-dj_adpt,6,16384,1,896,384,0.009157,0.06361007690429688,cuda
webtable-union_minus-v=12-distilroberta-dj_adpt~qwen3_8b-dj_adpt,6,16384,2,896,384,0.010223999999999999,0.06361007690429688,cuda
webtable-union_minus-v=12-distilroberta-dj_adpt~qwen3_8b-dj_adpt,6,16384,3,896,384,0.010593,0.06361007690429688,cuda
webtable-union_minus-v=12-distilroberta-dj_adpt~qwen3_8b-dj_adpt,6,16384,4,896,384,0.009833999999999999,0.06361007690429688,cuda
webtable-union_minus-v=12-distilroberta-dj_adpt~qwen3_8b-dj_adpt,6,16384,5,896,384,0.010147,0.06361007690429688,cuda
webtable-union_minus-v=12-distilroberta-dj_adpt~qwen3_8b-dj_adpt,6,16384,6,896,384,0.010348999999999999,0.06361007690429688,cuda
webtable-union_minus-v=12-distilroberta-dj_adpt~qwen3_8b-dj_adpt,6,16384,7,896,384,0.009958,0.06361007690429688,cuda
webtable-union_minus-v=12-distilroberta-dj_adpt~qwen3_8b-dj_adpt,6,16384,8,896,384,0.009616999999999999,0.06361007690429688,cuda
webtable-union_minus-v=12-distilroberta-dj_adpt~qwen3_8b-dj_adpt,6,16384,9,896,384,0.009944,0.06361007690429688,cuda
webtable-union_minus-v=12-distilroberta-dj_adpt~qwen3_8b-dj_adpt,6,16384,10,896,384,0.009935,0.06361007690429688,cuda
webtable-union_minus-v=12-distilroberta-dj_adpt~qwen3_8b-dj_adpt,7,16384,1,1024,384,0.009103,0.07142257690429688,cuda
webtable-union_minus-v=12-distilroberta-dj_adpt~qwen3_8b-dj_adpt,7,16384,2,1024,384,0.009871,0.07142257690429688,cuda
webtable-union_minus-v=12-distilroberta-dj_adpt~qwen3_8b-dj_adpt,7,16384,3,1024,384,0.010081,0.07142257690429688,cuda
webtable-union_minus-v=12-distilroberta-dj_adpt~qwen3_8b-dj_adpt,7,16384,4,1024,384,0.010312,0.07142257690429688,cuda
webtable-union_minus-v=12-distilroberta-dj_adpt~qwen3_8b-dj_adpt,7,16384,5,1024,384,0.009574,0.07142257690429688,cuda
webtable-union_minus-v=12-distilroberta-dj_adpt~qwen3_8b-dj_adpt,7,16384,6,1024,384,0.009892,0.07142257690429688,cuda
webtable-union_minus-v=12-distilroberta-dj_adpt~qwen3_8b-dj_adpt,7,16384,7,1024,384,0.009928,0.07142257690429688,cuda
webtable-union_minus-v=12-distilroberta-dj_adpt~qwen3_8b-dj_adpt,7,16384,8,1024,384,0.010033,0.07142257690429688,cuda
webtable-union_minus-v=12-distilroberta-dj_adpt~qwen3_8b-dj_adpt,7,16384,9,1024,384,0.010128,0.07142257690429688,cuda
webtable-union_minus-v=12-distilroberta-dj_adpt~qwen3_8b-dj_adpt,7,16384,10,1024,384,0.009986,0.07142257690429688,cuda
webtable-union_minus-v=12-distilroberta-dj_adpt~qwen3_8b-dj_adpt,8,16384,1,2560,384,0.014674,0.16517257690429688,cuda
webtable-union_minus-v=12-distilroberta-dj_adpt~qwen3_8b-dj_adpt,8,16384,2,2560,384,0.01158,0.16517257690429688,cuda
webtable-union_minus-v=12-distilroberta-dj_adpt~qwen3_8b-dj_adpt,8,16384,3,2560,384,0.010332,0.16517257690429688,cuda
webtable-union_minus-v=12-distilroberta-dj_adpt~qwen3_8b-dj_adpt,8,16384,4,2560,384,0.010373,0.16517257690429688,cuda
webtable-union_minus-v=12-distilroberta-dj_adpt~qwen3_8b-dj_adpt,8,16384,5,2560,384,0.010270999999999999,0.16517257690429688,cuda
webtable-union_minus-v=12-distilroberta-dj_adpt~qwen3_8b-dj_adpt,8,16384,6,2560,384,0.010270999999999999,0.16517257690429688,cuda
webtable-union_minus-v=12-distilroberta-dj_adpt~qwen3_8b-dj_adpt,8,16384,7,2560,384,0.010154,0.16517257690429688,cuda
webtable-union_minus-v=12-distilroberta-dj_adpt~qwen3_8b-dj_adpt,8,16384,8,2560,384,0.010088,0.16517257690429688,cuda
webtable-union_minus-v=12-distilroberta-dj_adpt~qwen3_8b-dj_adpt,8,16384,9,2560,384,0.010112,0.16517257690429688,cuda
webtable-union_minus-v=12-distilroberta-dj_adpt~qwen3_8b-dj_adpt,8,16384,10,2560,384,0.009878999999999999,0.16517257690429688,cuda
webtable-union_minus-v=12-distilroberta-dj_adpt~qwen3_8b-dj_adpt,9,16384,1,3840,384,0.015047999999999999,0.24329757690429688,cuda
webtable-union_minus-v=12-distilroberta-dj_adpt~qwen3_8b-dj_adpt,9,16384,2,3840,384,0.011141,0.24329757690429688,cuda
webtable-union_minus-v=12-distilroberta-dj_adpt~qwen3_8b-dj_adpt,9,16384,3,3840,384,0.010381999999999999,0.24329757690429688,cuda
webtable-union_minus-v=12-distilroberta-dj_adpt~qwen3_8b-dj_adpt,9,16384,4,3840,384,0.010445,0.24329757690429688,cuda
webtable-union_minus-v=12-distilroberta-dj_adpt~qwen3_8b-dj_adpt,9,16384,5,3840,384,0.010107,0.24329757690429688,cuda
webtable-union_minus-v=12-distilroberta-dj_adpt~qwen3_8b-dj_adpt,9,16384,6,3840,384,0.010563,0.24329757690429688,cuda
webtable-union_minus-v=12-distilroberta-dj_adpt~qwen3_8b-dj_adpt,9,16384,7,3840,384,0.010617999999999999,0.24329757690429688,cuda
webtable-union_minus-v=12-distilroberta-dj_adpt~qwen3_8b-dj_adpt,9,16384,8,3840,384,0.009949999999999999,0.24329757690429688,cuda
webtable-union_minus-v=12-distilroberta-dj_adpt~qwen3_8b-dj_adpt,9,16384,9,3840,384,0.009854,0.24329757690429688,cuda
webtable-union_minus-v=12-distilroberta-dj_adpt~qwen3_8b-dj_adpt,9,16384,10,3840,384,0.009918,0.24329757690429688,cuda
webtable-union_minus-v=12-distilroberta-dj_adpt~qwen3_8b-dj_adpt,10,16384,1,4096,384,0.014480999999999999,0.2589225769042969,cuda
webtable-union_minus-v=12-distilroberta-dj_adpt~qwen3_8b-dj_adpt,10,16384,2,4096,384,0.011066999999999999,0.2589225769042969,cuda
webtable-union_minus-v=12-distilroberta-dj_adpt~qwen3_8b-dj_adpt,10,16384,3,4096,384,0.010825,0.2589225769042969,cuda
webtable-union_minus-v=12-distilroberta-dj_adpt~qwen3_8b-dj_adpt,10,16384,4,4096,384,0.010615999999999999,0.2589225769042969,cuda
webtable-union_minus-v=12-distilroberta-dj_adpt~qwen3_8b-dj_adpt,10,16384,5,4096,384,0.009939,0.2589225769042969,cuda
webtable-union_minus-v=12-distilroberta-dj_adpt~qwen3_8b-dj_adpt,10,16384,6,4096,384,0.010204,0.2589225769042969,cuda
webtable-union_minus-v=12-distilroberta-dj_adpt~qwen3_8b-dj_adpt,10,16384,7,4096,384,0.009788,0.2589225769042969,cuda
webtable-union_minus-v=12-distilroberta-dj_adpt~qwen3_8b-dj_adpt,10,16384,8,4096,384,0.009923,0.2589225769042969,cuda
webtable-union_minus-v=12-distilroberta-dj_adpt~qwen3_8b-dj_adpt,10,16384,9,4096,384,0.010327,0.2589225769042969,cuda
webtable-union_minus-v=12-distilroberta-dj_adpt~qwen3_8b-dj_adpt,10,16384,10,4096,384,0.010039,0.2589225769042969,cuda
webtable-union_minus-v=12-distilroberta-dj_adpt~qwen3_8b-dj_adpt,11,16384,1,4096,384,0.00916,0.2589225769042969,cuda
webtable-union_minus-v=12-distilroberta-dj_adpt~qwen3_8b-dj_adpt,11,16384,2,4096,384,0.010060999999999999,0.2589225769042969,cuda
webtable-union_minus-v=12-distilroberta-dj_adpt~qwen3_8b-dj_adpt,11,16384,3,4096,384,0.010875,0.2589225769042969,cuda
webtable-union_minus-v=12-distilroberta-dj_adpt~qwen3_8b-dj_adpt,11,16384,4,4096,384,0.010182,0.2589225769042969,cuda
webtable-union_minus-v=12-distilroberta-dj_adpt~qwen3_8b-dj_adpt,11,16384,5,4096,384,0.010267,0.2589225769042969,cuda
webtable-union_minus-v=12-distilroberta-dj_adpt~qwen3_8b-dj_adpt,11,16384,6,4096,384,0.010279,0.2589225769042969,cuda
webtable-union_minus-v=12-distilroberta-dj_adpt~qwen3_8b-dj_adpt,11,16384,7,4096,384,0.010400999999999999,0.2589225769042969,cuda
webtable-union_minus-v=12-distilroberta-dj_adpt~qwen3_8b-dj_adpt,11,16384,8,4096,384,0.010138999999999999,0.2589225769042969,cuda
webtable-union_minus-v=12-distilroberta-dj_adpt~qwen3_8b-dj_adpt,11,16384,9,4096,384,0.010229,0.2589225769042969,cuda
webtable-union_minus-v=12-distilroberta-dj_adpt~qwen3_8b-dj_adpt,11,16384,10,4096,384,0.009779,0.2589225769042969,cuda
webtable-union_minus-v=12-distilroberta-dj_adpt~qwen3_8b-dj_adpt,0,32768,1,768,384,0.009677999999999999,0.10267257690429688,cuda
webtable-union_minus-v=12-distilroberta-dj_adpt~qwen3_8b-dj_adpt,0,32768,2,768,384,0.01099,0.10267257690429688,cuda
webtable-union_minus-v=12-distilroberta-dj_adpt~qwen3_8b-dj_adpt,0,32768,3,768,384,0.013764,0.10267257690429688,cuda
webtable-union_minus-v=12-distilroberta-dj_adpt~qwen3_8b-dj_adpt,0,32768,4,768,384,0.010699,0.10267257690429688,cuda
webtable-union_minus-v=12-distilroberta-dj_adpt~qwen3_8b-dj_adpt,0,32768,5,768,384,0.010034999999999999,0.10267257690429688,cuda
webtable-union_minus-v=12-distilroberta-dj_adpt~qwen3_8b-dj_adpt,0,32768,6,768,384,0.010287,0.10267257690429688,cuda
webtable-union_minus-v=12-distilroberta-dj_adpt~qwen3_8b-dj_adpt,0,32768,7,768,384,0.010008999999999999,0.10267257690429688,cuda
webtable-union_minus-v=12-distilroberta-dj_adpt~qwen3_8b-dj_adpt,0,32768,8,768,384,0.010026,0.10267257690429688,cuda
webtable-union_minus-v=12-distilroberta-dj_adpt~qwen3_8b-dj_adpt,0,32768,9,768,384,0.010157,0.10267257690429688,cuda
webtable-union_minus-v=12-distilroberta-dj_adpt~qwen3_8b-dj_adpt,0,32768,10,768,384,0.009967,0.10267257690429688,cuda
webtable-union_minus-v=12-distilroberta-dj_adpt~qwen3_8b-dj_adpt,1,32768,1,384,384,0.008461,0.055797576904296875,cuda
webtable-union_minus-v=12-distilroberta-dj_adpt~qwen3_8b-dj_adpt,1,32768,2,384,384,0.009266,0.055797576904296875,cuda
webtable-union_minus-v=12-distilroberta-dj_adpt~qwen3_8b-dj_adpt,1,32768,3,384,384,0.009197,0.055797576904296875,cuda
webtable-union_minus-v=12-distilroberta-dj_adpt~qwen3_8b-dj_adpt,1,32768,4,384,384,0.009326,0.055797576904296875,cuda
webtable-union_minus-v=12-distilroberta-dj_adpt~qwen3_8b-dj_adpt,1,32768,5,384,384,0.009144,0.055797576904296875,cuda
webtable-union_minus-v=12-distilroberta-dj_adpt~qwen3_8b-dj_adpt,1,32768,6,384,384,0.009552,0.055797576904296875,cuda
webtable-union_minus-v=12-distilroberta-dj_adpt~qwen3_8b-dj_adpt,1,32768,7,384,384,0.009252999999999999,0.055797576904296875,cuda
webtable-union_minus-v=12-distilroberta-dj_adpt~qwen3_8b-dj_adpt,1,32768,8,384,384,0.009467,0.055797576904296875,cuda
webtable-union_minus-v=12-distilroberta-dj_adpt~qwen3_8b-dj_adpt,1,32768,9,384,384,0.009217999999999999,0.055797576904296875,cuda
webtable-union_minus-v=12-distilroberta-dj_adpt~qwen3_8b-dj_adpt,1,32768,10,384,384,0.00921,0.055797576904296875,cuda
webtable-union_minus-v=12-distilroberta-dj_adpt~qwen3_8b-dj_adpt,2,32768,1,384,384,0.00851,0.055797576904296875,cuda
webtable-union_minus-v=12-distilroberta-dj_adpt~qwen3_8b-dj_adpt,2,32768,2,384,384,0.009238,0.055797576904296875,cuda
webtable-union_minus-v=12-distilroberta-dj_adpt~qwen3_8b-dj_adpt,2,32768,3,384,384,0.009654,0.055797576904296875,cuda
webtable-union_minus-v=12-distilroberta-dj_adpt~qwen3_8b-dj_adpt,2,32768,4,384,384,0.013535,0.055797576904296875,cuda
webtable-union_minus-v=12-distilroberta-dj_adpt~qwen3_8b-dj_adpt,2,32768,5,384,384,0.010192999999999999,0.055797576904296875,cuda
webtable-union_minus-v=12-distilroberta-dj_adpt~qwen3_8b-dj_adpt,2,32768,6,384,384,0.009838999999999999,0.055797576904296875,cuda
webtable-union_minus-v=12-distilroberta-dj_adpt~qwen3_8b-dj_adpt,2,32768,7,384,384,0.009436,0.055797576904296875,cuda
webtable-union_minus-v=12-distilroberta-dj_adpt~qwen3_8b-dj_adpt,2,32768,8,384,384,0.009393,0.055797576904296875,cuda
webtable-union_minus-v=12-distilroberta-dj_adpt~qwen3_8b-dj_adpt,2,32768,9,384,384,0.00893,0.055797576904296875,cuda
webtable-union_minus-v=12-distilroberta-dj_adpt~qwen3_8b-dj_adpt,2,32768,10,384,384,0.009131,0.055797576904296875,cuda
webtable-union_minus-v=12-distilroberta-dj_adpt~qwen3_8b-dj_adpt,3,32768,1,768,384,0.008988,0.10267257690429688,cuda
webtable-union_minus-v=12-distilroberta-dj_adpt~qwen3_8b-dj_adpt,3,32768,2,768,384,0.010395999999999999,0.10267257690429688,cuda
webtable-union_minus-v=12-distilroberta-dj_adpt~qwen3_8b-dj_adpt,3,32768,3,768,384,0.010328,0.10267257690429688,cuda
webtable-union_minus-v=12-distilroberta-dj_adpt~qwen3_8b-dj_adpt,3,32768,4,768,384,0.013368,0.10267257690429688,cuda
webtable-union_minus-v=12-distilroberta-dj_adpt~qwen3_8b-dj_adpt,3,32768,5,768,384,0.010981,0.10267257690429688,cuda
webtable-union_minus-v=12-distilroberta-dj_adpt~qwen3_8b-dj_adpt,3,32768,6,768,384,0.009962,0.10267257690429688,cuda
webtable-union_minus-v=12-distilroberta-dj_adpt~qwen3_8b-dj_adpt,3,32768,7,768,384,0.009913,0.10267257690429688,cuda
webtable-union_minus-v=12-distilroberta-dj_adpt~qwen3_8b-dj_adpt,3,32768,8,768,384,0.009779,0.10267257690429688,cuda
webtable-union_minus-v=12-distilroberta-dj_adpt~qwen3_8b-dj_adpt,3,32768,9,768,384,0.009916,0.10267257690429688,cuda
webtable-union_minus-v=12-distilroberta-dj_adpt~qwen3_8b-dj_adpt,3,32768,10,768,384,0.009977999999999999,0.10267257690429688,cuda
webtable-union_minus-v=12-distilroberta-dj_adpt~qwen3_8b-dj_adpt,4,32768,1,768,384,0.008868,0.10267257690429688,cuda
webtable-union_minus-v=12-distilroberta-dj_adpt~qwen3_8b-dj_adpt,4,32768,2,768,384,0.009760999999999999,0.10267257690429688,cuda
webtable-union_minus-v=12-distilroberta-dj_adpt~qwen3_8b-dj_adpt,4,32768,3,768,384,0.009713,0.10267257690429688,cuda
webtable-union_minus-v=12-distilroberta-dj_adpt~qwen3_8b-dj_adpt,4,32768,4,768,384,0.009942999999999999,0.10267257690429688,cuda
webtable-union_minus-v=12-distilroberta-dj_adpt~qwen3_8b-dj_adpt,4,32768,5,768,384,0.00979,0.10267257690429688,cuda
webtable-union_minus-v=12-distilroberta-dj_adpt~qwen3_8b-dj_adpt,4,32768,6,768,384,0.010086,0.10267257690429688,cuda
webtable-union_minus-v=12-distilroberta-dj_adpt~qwen3_8b-dj_adpt,4,32768,7,768,384,0.009712,0.10267257690429688,cuda
webtable-union_minus-v=12-distilroberta-dj_adpt~qwen3_8b-dj_adpt,4,32768,8,768,384,0.010045,0.10267257690429688,cuda
webtable-union_minus-v=12-distilroberta-dj_adpt~qwen3_8b-dj_adpt,4,32768,9,768,384,0.009903,0.10267257690429688,cuda
webtable-union_minus-v=12-distilroberta-dj_adpt~qwen3_8b-dj_adpt,4,32768,10,768,384,0.009734,0.10267257690429688,cuda
webtable-union_minus-v=12-distilroberta-dj_adpt~qwen3_8b-dj_adpt,5,32768,1,768,384,0.009630999999999999,0.10267257690429688,cuda
webtable-union_minus-v=12-distilroberta-dj_adpt~qwen3_8b-dj_adpt,5,32768,2,768,384,0.009993,0.10267257690429688,cuda
webtable-union_minus-v=12-distilroberta-dj_adpt~qwen3_8b-dj_adpt,5,32768,3,768,384,0.010145,0.10267257690429688,cuda
webtable-union_minus-v=12-distilroberta-dj_adpt~qwen3_8b-dj_adpt,5,32768,4,768,384,0.010322,0.10267257690429688,cuda
webtable-union_minus-v=12-distilroberta-dj_adpt~qwen3_8b-dj_adpt,5,32768,5,768,384,0.009949999999999999,0.10267257690429688,cuda
webtable-union_minus-v=12-distilroberta-dj_adpt~qwen3_8b-dj_adpt,5,32768,6,768,384,0.009986,0.10267257690429688,cuda
webtable-union_minus-v=12-distilroberta-dj_adpt~qwen3_8b-dj_adpt,5,32768,7,768,384,0.009951999999999999,0.10267257690429688,cuda
webtable-union_minus-v=12-distilroberta-dj_adpt~qwen3_8b-dj_adpt,5,32768,8,768,384,0.009984999999999999,0.10267257690429688,cuda
webtable-union_minus-v=12-distilroberta-dj_adpt~qwen3_8b-dj_adpt,5,32768,9,768,384,0.009904999999999999,0.10267257690429688,cuda
webtable-union_minus-v=12-distilroberta-dj_adpt~qwen3_8b-dj_adpt,5,32768,10,768,384,0.010026,0.10267257690429688,cuda
webtable-union_minus-v=12-distilroberta-dj_adpt~qwen3_8b-dj_adpt,6,32768,1,896,384,0.008917999999999999,0.11829757690429688,cuda
webtable-union_minus-v=12-distilroberta-dj_adpt~qwen3_8b-dj_adpt,6,32768,2,896,384,0.010102,0.11829757690429688,cuda
webtable-union_minus-v=12-distilroberta-dj_adpt~qwen3_8b-dj_adpt,6,32768,3,896,384,0.009814999999999999,0.11829757690429688,cuda
webtable-union_minus-v=12-distilroberta-dj_adpt~qwen3_8b-dj_adpt,6,32768,4,896,384,0.009963999999999999,0.11829757690429688,cuda
webtable-union_minus-v=12-distilroberta-dj_adpt~qwen3_8b-dj_adpt,6,32768,5,896,384,0.009878999999999999,0.11829757690429688,cuda
webtable-union_minus-v=12-distilroberta-dj_adpt~qwen3_8b-dj_adpt,6,32768,6,896,384,0.013538,0.11829757690429688,cuda
webtable-union_minus-v=12-distilroberta-dj_adpt~qwen3_8b-dj_adpt,6,32768,7,896,384,0.010338,0.11829757690429688,cuda
webtable-union_minus-v=12-distilroberta-dj_adpt~qwen3_8b-dj_adpt,6,32768,8,896,384,0.009979,0.11829757690429688,cuda
webtable-union_minus-v=12-distilroberta-dj_adpt~qwen3_8b-dj_adpt,6,32768,9,896,384,0.010492,0.11829757690429688,cuda
webtable-union_minus-v=12-distilroberta-dj_adpt~qwen3_8b-dj_adpt,6,32768,10,896,384,0.010161,0.11829757690429688,cuda
webtable-union_minus-v=12-distilroberta-dj_adpt~qwen3_8b-dj_adpt,7,32768,1,1024,384,0.008754,0.13392257690429688,cuda
webtable-union_minus-v=12-distilroberta-dj_adpt~qwen3_8b-dj_adpt,7,32768,2,1024,384,0.009866999999999999,0.13392257690429688,cuda
webtable-union_minus-v=12-distilroberta-dj_adpt~qwen3_8b-dj_adpt,7,32768,3,1024,384,0.009946,0.13392257690429688,cuda
webtable-union_minus-v=12-distilroberta-dj_adpt~qwen3_8b-dj_adpt,7,32768,4,1024,384,0.010329999999999999,0.13392257690429688,cuda
webtable-union_minus-v=12-distilroberta-dj_adpt~qwen3_8b-dj_adpt,7,32768,5,1024,384,0.009883999999999999,0.13392257690429688,cuda
webtable-union_minus-v=12-distilroberta-dj_adpt~qwen3_8b-dj_adpt,7,32768,6,1024,384,0.010005,0.13392257690429688,cuda
webtable-union_minus-v=12-distilroberta-dj_adpt~qwen3_8b-dj_adpt,7,32768,7,1024,384,0.009734,0.13392257690429688,cuda
webtable-union_minus-v=12-distilroberta-dj_adpt~qwen3_8b-dj_adpt,7,32768,8,1024,384,0.009821,0.13392257690429688,cuda
webtable-union_minus-v=12-distilroberta-dj_adpt~qwen3_8b-dj_adpt,7,32768,9,1024,384,0.009609999999999999,0.13392257690429688,cuda
webtable-union_minus-v=12-distilroberta-dj_adpt~qwen3_8b-dj_adpt,7,32768,10,1024,384,0.010249999999999999,0.13392257690429688,cuda
webtable-union_minus-v=12-distilroberta-dj_adpt~qwen3_8b-dj_adpt,8,32768,1,2560,384,0.014381999999999999,0.3214225769042969,cuda
webtable-union_minus-v=12-distilroberta-dj_adpt~qwen3_8b-dj_adpt,8,32768,2,2560,384,0.011502,0.3214225769042969,cuda
webtable-union_minus-v=12-distilroberta-dj_adpt~qwen3_8b-dj_adpt,8,32768,3,2560,384,0.010546,0.3214225769042969,cuda
webtable-union_minus-v=12-distilroberta-dj_adpt~qwen3_8b-dj_adpt,8,32768,4,2560,384,0.010119999999999999,0.3214225769042969,cuda
webtable-union_minus-v=12-distilroberta-dj_adpt~qwen3_8b-dj_adpt,8,32768,5,2560,384,0.009869,0.3214225769042969,cuda
webtable-union_minus-v=12-distilroberta-dj_adpt~qwen3_8b-dj_adpt,8,32768,6,2560,384,0.010253,0.3214225769042969,cuda
webtable-union_minus-v=12-distilroberta-dj_adpt~qwen3_8b-dj_adpt,8,32768,7,2560,384,0.009871999999999999,0.3214225769042969,cuda
webtable-union_minus-v=12-distilroberta-dj_adpt~qwen3_8b-dj_adpt,8,32768,8,2560,384,0.010095999999999999,0.3214225769042969,cuda
webtable-union_minus-v=12-distilroberta-dj_adpt~qwen3_8b-dj_adpt,8,32768,9,2560,384,0.010324,0.3214225769042969,cuda
webtable-union_minus-v=12-distilroberta-dj_adpt~qwen3_8b-dj_adpt,8,32768,10,2560,384,0.009911999999999999,0.3214225769042969,cuda
webtable-union_minus-v=12-distilroberta-dj_adpt~qwen3_8b-dj_adpt,9,32768,1,3840,384,0.014462,0.4776725769042969,cuda
webtable-union_minus-v=12-distilroberta-dj_adpt~qwen3_8b-dj_adpt,9,32768,2,3840,384,0.011531999999999999,0.4776725769042969,cuda
webtable-union_minus-v=12-distilroberta-dj_adpt~qwen3_8b-dj_adpt,9,32768,3,3840,384,0.010929999999999999,0.4776725769042969,cuda
webtable-union_minus-v=12-distilroberta-dj_adpt~qwen3_8b-dj_adpt,9,32768,4,3840,384,0.010185,0.4776725769042969,cuda
webtable-union_minus-v=12-distilroberta-dj_adpt~qwen3_8b-dj_adpt,9,32768,5,3840,384,0.010045,0.4776725769042969,cuda
webtable-union_minus-v=12-distilroberta-dj_adpt~qwen3_8b-dj_adpt,9,32768,6,3840,384,0.010060999999999999,0.4776725769042969,cuda
webtable-union_minus-v=12-distilroberta-dj_adpt~qwen3_8b-dj_adpt,9,32768,7,3840,384,0.013406999999999999,0.4776725769042969,cuda
webtable-union_minus-v=12-distilroberta-dj_adpt~qwen3_8b-dj_adpt,9,32768,8,3840,384,0.010851999999999999,0.4776725769042969,cuda
webtable-union_minus-v=12-distilroberta-dj_adpt~qwen3_8b-dj_adpt,9,32768,9,3840,384,0.010114999999999999,0.4776725769042969,cuda
webtable-union_minus-v=12-distilroberta-dj_adpt~qwen3_8b-dj_adpt,9,32768,10,3840,384,0.009955,0.4776725769042969,cuda
webtable-union_minus-v=12-distilroberta-dj_adpt~qwen3_8b-dj_adpt,10,32768,1,4096,384,0.013486999999999999,0.5089225769042969,cuda
webtable-union_minus-v=12-distilroberta-dj_adpt~qwen3_8b-dj_adpt,10,32768,2,4096,384,0.011385,0.5089225769042969,cuda
webtable-union_minus-v=12-distilroberta-dj_adpt~qwen3_8b-dj_adpt,10,32768,3,4096,384,0.010393999999999999,0.5089225769042969,cuda
webtable-union_minus-v=12-distilroberta-dj_adpt~qwen3_8b-dj_adpt,10,32768,4,4096,384,0.010247,0.5089225769042969,cuda
webtable-union_minus-v=12-distilroberta-dj_adpt~qwen3_8b-dj_adpt,10,32768,5,4096,384,0.010111,0.5089225769042969,cuda
webtable-union_minus-v=12-distilroberta-dj_adpt~qwen3_8b-dj_adpt,10,32768,6,4096,384,0.010211,0.5089225769042969,cuda
webtable-union_minus-v=12-distilroberta-dj_adpt~qwen3_8b-dj_adpt,10,32768,7,4096,384,0.010107,0.5089225769042969,cuda
webtable-union_minus-v=12-distilroberta-dj_adpt~qwen3_8b-dj_adpt,10,32768,8,4096,384,0.010528,0.5089225769042969,cuda
webtable-union_minus-v=12-distilroberta-dj_adpt~qwen3_8b-dj_adpt,10,32768,9,4096,384,0.01006,0.5089225769042969,cuda
webtable-union_minus-v=12-distilroberta-dj_adpt~qwen3_8b-dj_adpt,10,32768,10,4096,384,0.009629,0.5089225769042969,cuda
webtable-union_minus-v=12-distilroberta-dj_adpt~qwen3_8b-dj_adpt,11,32768,1,4096,384,0.008645,0.5089225769042969,cuda
webtable-union_minus-v=12-distilroberta-dj_adpt~qwen3_8b-dj_adpt,11,32768,2,4096,384,0.009972,0.5089225769042969,cuda
webtable-union_minus-v=12-distilroberta-dj_adpt~qwen3_8b-dj_adpt,11,32768,3,4096,384,0.010676999999999999,0.5089225769042969,cuda
webtable-union_minus-v=12-distilroberta-dj_adpt~qwen3_8b-dj_adpt,11,32768,4,4096,384,0.010027999999999999,0.5089225769042969,cuda
webtable-union_minus-v=12-distilroberta-dj_adpt~qwen3_8b-dj_adpt,11,32768,5,4096,384,0.01013,0.5089225769042969,cuda
webtable-union_minus-v=12-distilroberta-dj_adpt~qwen3_8b-dj_adpt,11,32768,6,4096,384,0.010218,0.5089225769042969,cuda
webtable-union_minus-v=12-distilroberta-dj_adpt~qwen3_8b-dj_adpt,11,32768,7,4096,384,0.0104,0.5089225769042969,cuda
webtable-union_minus-v=12-distilroberta-dj_adpt~qwen3_8b-dj_adpt,11,32768,8,4096,384,0.010576,0.5089225769042969,cuda
webtable-union_minus-v=12-distilroberta-dj_adpt~qwen3_8b-dj_adpt,11,32768,9,4096,384,0.010294,0.5089225769042969,cuda
webtable-union_minus-v=12-distilroberta-dj_adpt~qwen3_8b-dj_adpt,11,32768,10,4096,384,0.010648,0.5089225769042969,cuda
webtable-union_minus-v=12-distilroberta-dj_adpt~qwen3_8b-dj_adpt,0,65536,1,768,384,0.0095,0.19642257690429688,cuda
webtable-union_minus-v=12-distilroberta-dj_adpt~qwen3_8b-dj_adpt,0,65536,2,768,384,0.010862,0.19642257690429688,cuda
webtable-union_minus-v=12-distilroberta-dj_adpt~qwen3_8b-dj_adpt,0,65536,3,768,384,0.010388999999999999,0.19642257690429688,cuda
webtable-union_minus-v=12-distilroberta-dj_adpt~qwen3_8b-dj_adpt,0,65536,4,768,384,0.010603,0.19642257690429688,cuda
webtable-union_minus-v=12-distilroberta-dj_adpt~qwen3_8b-dj_adpt,0,65536,5,768,384,0.010405,0.19642257690429688,cuda
webtable-union_minus-v=12-distilroberta-dj_adpt~qwen3_8b-dj_adpt,0,65536,6,768,384,0.010438,0.19642257690429688,cuda
webtable-union_minus-v=12-distilroberta-dj_adpt~qwen3_8b-dj_adpt,0,65536,7,768,384,0.010112999999999999,0.19642257690429688,cuda
webtable-union_minus-v=12-distilroberta-dj_adpt~qwen3_8b-dj_adpt,0,65536,8,768,384,0.01014,0.19642257690429688,cuda
webtable-union_minus-v=12-distilroberta-dj_adpt~qwen3_8b-dj_adpt,0,65536,9,768,384,0.013805,0.19642257690429688,cuda
webtable-union_minus-v=12-distilroberta-dj_adpt~qwen3_8b-dj_adpt,0,65536,10,768,384,0.010801,0.19642257690429688,cuda
webtable-union_minus-v=12-distilroberta-dj_adpt~qwen3_8b-dj_adpt,1,65536,1,384,384,0.008685,0.10267257690429688,cuda
webtable-union_minus-v=12-distilroberta-dj_adpt~qwen3_8b-dj_adpt,1,65536,2,384,384,0.009030999999999999,0.10267257690429688,cuda
webtable-union_minus-v=12-distilroberta-dj_adpt~qwen3_8b-dj_adpt,1,65536,3,384,384,0.0089,0.10267257690429688,cuda
webtable-union_minus-v=12-distilroberta-dj_adpt~qwen3_8b-dj_adpt,1,65536,4,384,384,0.00903,0.10267257690429688,cuda
webtable-union_minus-v=12-distilroberta-dj_adpt~qwen3_8b-dj_adpt,1,65536,5,384,384,0.009153,0.10267257690429688,cuda
webtable-union_minus-v=12-distilroberta-dj_adpt~qwen3_8b-dj_adpt,1,65536,6,384,384,0.008803,0.10267257690429688,cuda
webtable-union_minus-v=12-distilroberta-dj_adpt~qwen3_8b-dj_adpt,1,65536,7,384,384,0.009021,0.10267257690429688,cuda
webtable-union_minus-v=12-distilroberta-dj_adpt~qwen3_8b-dj_adpt,1,65536,8,384,384,0.009382,0.10267257690429688,cuda
webtable-union_minus-v=12-distilroberta-dj_adpt~qwen3_8b-dj_adpt,1,65536,9,384,384,0.008931999999999999,0.10267257690429688,cuda
webtable-union_minus-v=12-distilroberta-dj_adpt~qwen3_8b-dj_adpt,1,65536,10,384,384,0.009019,0.10267257690429688,cuda
webtable-union_minus-v=12-distilroberta-dj_adpt~qwen3_8b-dj_adpt,2,65536,1,384,384,0.008165,0.10267257690429688,cuda
webtable-union_minus-v=12-distilroberta-dj_adpt~qwen3_8b-dj_adpt,2,65536,2,384,384,0.008931,0.10267257690429688,cuda
webtable-union_minus-v=12-distilroberta-dj_adpt~qwen3_8b-dj_adpt,2,65536,3,384,384,0.009156,0.10267257690429688,cuda
webtable-union_minus-v=12-distilroberta-dj_adpt~qwen3_8b-dj_adpt,2,65536,4,384,384,0.008893,0.10267257690429688,cuda
webtable-union_minus-v=12-distilroberta-dj_adpt~qwen3_8b-dj_adpt,2,65536,5,384,384,0.008921,0.10267257690429688,cuda
webtable-union_minus-v=12-distilroberta-dj_adpt~qwen3_8b-dj_adpt,2,65536,6,384,384,0.009446999999999999,0.10267257690429688,cuda
webtable-union_minus-v=12-distilroberta-dj_adpt~qwen3_8b-dj_adpt,2,65536,7,384,384,0.009276999999999999,0.10267257690429688,cuda
webtable-union_minus-v=12-distilroberta-dj_adpt~qwen3_8b-dj_adpt,2,65536,8,384,384,0.009377,0.10267257690429688,cuda
webtable-union_minus-v=12-distilroberta-dj_adpt~qwen3_8b-dj_adpt,2,65536,9,384,384,0.009068999999999999,0.10267257690429688,cuda
webtable-union_minus-v=12-distilroberta-dj_adpt~qwen3_8b-dj_adpt,2,65536,10,384,384,0.009183,0.10267257690429688,cuda
webtable-union_minus-v=12-distilroberta-dj_adpt~qwen3_8b-dj_adpt,3,65536,1,768,384,0.009119,0.19642257690429688,cuda
webtable-union_minus-v=12-distilroberta-dj_adpt~qwen3_8b-dj_adpt,3,65536,2,768,384,0.010166999999999999,0.19642257690429688,cuda
webtable-union_minus-v=12-distilroberta-dj_adpt~qwen3_8b-dj_adpt,3,65536,3,768,384,0.010341999999999999,0.19642257690429688,cuda
webtable-union_minus-v=12-distilroberta-dj_adpt~qwen3_8b-dj_adpt,3,65536,4,768,384,0.009944999999999999,0.19642257690429688,cuda
webtable-union_minus-v=12-distilroberta-dj_adpt~qwen3_8b-dj_adpt,3,65536,5,768,384,0.010157,0.19642257690429688,cuda
webtable-union_minus-v=12-distilroberta-dj_adpt~qwen3_8b-dj_adpt,3,65536,6,768,384,0.01027,0.19642257690429688,cuda
webtable-union_minus-v=12-distilroberta-dj_adpt~qwen3_8b-dj_adpt,3,65536,7,768,384,0.009995,0.19642257690429688,cuda
webtable-union_minus-v=12-distilroberta-dj_adpt~qwen3_8b-dj_adpt,3,65536,8,768,384,0.009847,0.19642257690429688,cuda
webtable-union_minus-v=12-distilroberta-dj_adpt~qwen3_8b-dj_adpt,3,65536,9,768,384,0.010197,0.19642257690429688,cuda
webtable-union_minus-v=12-distilroberta-dj_adpt~qwen3_8b-dj_adpt,3,65536,10,768,384,0.013559,0.19642257690429688,cuda
webtable-union_minus-v=12-distilroberta-dj_adpt~qwen3_8b-dj_adpt,4,65536,1,768,384,0.009153,0.19642257690429688,cuda
webtable-union_minus-v=12-distilroberta-dj_adpt~qwen3_8b-dj_adpt,4,65536,2,768,384,0.010163,0.19642257690429688,cuda
webtable-union_minus-v=12-distilroberta-dj_adpt~qwen3_8b-dj_adpt,4,65536,3,768,384,0.009922,0.19642257690429688,cuda
webtable-union_minus-v=12-distilroberta-dj_adpt~qwen3_8b-dj_adpt,4,65536,4,768,384,0.010662,0.19642257690429688,cuda
webtable-union_minus-v=12-distilroberta-dj_adpt~qwen3_8b-dj_adpt,4,65536,5,768,384,0.010202,0.19642257690429688,cuda
webtable-union_minus-v=12-distilroberta-dj_adpt~qwen3_8b-dj_adpt,4,65536,6,768,384,0.010066,0.19642257690429688,cuda
webtable-union_minus-v=12-distilroberta-dj_adpt~qwen3_8b-dj_adpt,4,65536,7,768,384,0.010041999999999999,0.19642257690429688,cuda
webtable-union_minus-v=12-distilroberta-dj_adpt~qwen3_8b-dj_adpt,4,65536,8,768,384,0.010248,0.19642257690429688,cuda
webtable-union_minus-v=12-distilroberta-dj_adpt~qwen3_8b-dj_adpt,4,65536,9,768,384,0.010291,0.19642257690429688,cuda
webtable-union_minus-v=12-distilroberta-dj_adpt~qwen3_8b-dj_adpt,4,65536,10,768,384,0.009949999999999999,0.19642257690429688,cuda
webtable-union_minus-v=12-distilroberta-dj_adpt~qwen3_8b-dj_adpt,5,65536,1,768,384,0.008838,0.19642257690429688,cuda
webtable-union_minus-v=12-distilroberta-dj_adpt~qwen3_8b-dj_adpt,5,65536,2,768,384,0.010222,0.19642257690429688,cuda
webtable-union_minus-v=12-distilroberta-dj_adpt~qwen3_8b-dj_adpt,5,65536,3,768,384,0.009873,0.19642257690429688,cuda
webtable-union_minus-v=12-distilroberta-dj_adpt~qwen3_8b-dj_adpt,5,65536,4,768,384,0.009842,0.19642257690429688,cuda
webtable-union_minus-v=12-distilroberta-dj_adpt~qwen3_8b-dj_adpt,5,65536,5,768,384,0.009843,0.19642257690429688,cuda
webtable-union_minus-v=12-distilroberta-dj_adpt~qwen3_8b-dj_adpt,5,65536,6,768,384,0.009885999999999999,0.19642257690429688,cuda
webtable-union_minus-v=12-distilroberta-dj_adpt~qwen3_8b-dj_adpt,5,65536,7,768,384,0.009857,0.19642257690429688,cuda
webtable-union_minus-v=12-distilroberta-dj_adpt~qwen3_8b-dj_adpt,5,65536,8,768,384,0.009857,0.19642257690429688,cuda
webtable-union_minus-v=12-distilroberta-dj_adpt~qwen3_8b-dj_adpt,5,65536,9,768,384,0.010261,0.19642257690429688,cuda
webtable-union_minus-v=12-distilroberta-dj_adpt~qwen3_8b-dj_adpt,5,65536,10,768,384,0.009741999999999999,0.19642257690429688,cuda
webtable-union_minus-v=12-distilroberta-dj_adpt~qwen3_8b-dj_adpt,6,65536,1,896,384,0.008953,0.22767257690429688,cuda
webtable-union_minus-v=12-distilroberta-dj_adpt~qwen3_8b-dj_adpt,6,65536,2,896,384,0.010359,0.22767257690429688,cuda
webtable-union_minus-v=12-distilroberta-dj_adpt~qwen3_8b-dj_adpt,6,65536,3,896,384,0.009977,0.22767257690429688,cuda
webtable-union_minus-v=12-distilroberta-dj_adpt~qwen3_8b-dj_adpt,6,65536,4,896,384,0.009861,0.22767257690429688,cuda
webtable-union_minus-v=12-distilroberta-dj_adpt~qwen3_8b-dj_adpt,6,65536,5,896,384,0.010142,0.22767257690429688,cuda
webtable-union_minus-v=12-distilroberta-dj_adpt~qwen3_8b-dj_adpt,6,65536,6,896,384,0.010622,0.22767257690429688,cuda
webtable-union_minus-v=12-distilroberta-dj_adpt~qwen3_8b-dj_adpt,6,65536,7,896,384,0.009760999999999999,0.22767257690429688,cuda
webtable-union_minus-v=12-distilroberta-dj_adpt~qwen3_8b-dj_adpt,6,65536,8,896,384,0.010218999999999999,0.22767257690429688,cuda
webtable-union_minus-v=12-distilroberta-dj_adpt~qwen3_8b-dj_adpt,6,65536,9,896,384,0.010496,0.22767257690429688,cuda
webtable-union_minus-v=12-distilroberta-dj_adpt~qwen3_8b-dj_adpt,6,65536,10,896,384,0.010329999999999999,0.22767257690429688,cuda
webtable-union_minus-v=12-distilroberta-dj_adpt~qwen3_8b-dj_adpt,7,65536,1,1024,384,0.009108999999999999,0.2589225769042969,cuda
webtable-union_minus-v=12-distilroberta-dj_adpt~qwen3_8b-dj_adpt,7,65536,2,1024,384,0.013279,0.2589225769042969,cuda
webtable-union_minus-v=12-distilroberta-dj_adpt~qwen3_8b-dj_adpt,7,65536,3,1024,384,0.010548,0.2589225769042969,cuda
webtable-union_minus-v=12-distilroberta-dj_adpt~qwen3_8b-dj_adpt,7,65536,4,1024,384,0.009984,0.2589225769042969,cuda
webtable-union_minus-v=12-distilroberta-dj_adpt~qwen3_8b-dj_adpt,7,65536,5,1024,384,0.010008,0.2589225769042969,cuda
webtable-union_minus-v=12-distilroberta-dj_adpt~qwen3_8b-dj_adpt,7,65536,6,1024,384,0.009946,0.2589225769042969,cuda
webtable-union_minus-v=12-distilroberta-dj_adpt~qwen3_8b-dj_adpt,7,65536,7,1024,384,0.00992,0.2589225769042969,cuda
webtable-union_minus-v=12-distilroberta-dj_adpt~qwen3_8b-dj_adpt,7,65536,8,1024,384,0.009807,0.2589225769042969,cuda
webtable-union_minus-v=12-distilroberta-dj_adpt~qwen3_8b-dj_adpt,7,65536,9,1024,384,0.009741,0.2589225769042969,cuda
webtable-union_minus-v=12-distilroberta-dj_adpt~qwen3_8b-dj_adpt,7,65536,10,1024,384,0.009644,0.2589225769042969,cuda
webtable-union_minus-v=12-distilroberta-dj_adpt~qwen3_8b-dj_adpt,8,65536,1,2560,384,0.015229,0.6339225769042969,cuda
webtable-union_minus-v=12-distilroberta-dj_adpt~qwen3_8b-dj_adpt,8,65536,2,2560,384,0.01177,0.6339225769042969,cuda
webtable-union_minus-v=12-distilroberta-dj_adpt~qwen3_8b-dj_adpt,8,65536,3,2560,384,0.01053,0.6339225769042969,cuda
webtable-union_minus-v=12-distilroberta-dj_adpt~qwen3_8b-dj_adpt,8,65536,4,2560,384,0.011753999999999999,0.6339225769042969,cuda
webtable-union_minus-v=12-distilroberta-dj_adpt~qwen3_8b-dj_adpt,8,65536,5,2560,384,0.010754,0.6339225769042969,cuda
webtable-union_minus-v=12-distilroberta-dj_adpt~qwen3_8b-dj_adpt,8,65536,6,2560,384,0.010442,0.6339225769042969,cuda
webtable-union_minus-v=12-distilroberta-dj_adpt~qwen3_8b-dj_adpt,8,65536,7,2560,384,0.010624999999999999,0.6339225769042969,cuda
webtable-union_minus-v=12-distilroberta-dj_adpt~qwen3_8b-dj_adpt,8,65536,8,2560,384,0.010777,0.6339225769042969,cuda
webtable-union_minus-v=12-distilroberta-dj_adpt~qwen3_8b-dj_adpt,8,65536,9,2560,384,0.011389,0.6339225769042969,cuda
webtable-union_minus-v=12-distilroberta-dj_adpt~qwen3_8b-dj_adpt,8,65536,10,2560,384,0.010705,0.6339225769042969,cuda
webtable-union_minus-v=12-distilroberta-dj_adpt~qwen3_8b-dj_adpt,9,65536,1,3840,384,0.015585,0.9464225769042969,cuda
webtable-union_minus-v=12-distilroberta-dj_adpt~qwen3_8b-dj_adpt,9,65536,2,3840,384,0.012189,0.9464225769042969,cuda
webtable-union_minus-v=12-distilroberta-dj_adpt~qwen3_8b-dj_adpt,9,65536,3,3840,384,0.010834,0.9464225769042969,cuda
webtable-union_minus-v=12-distilroberta-dj_adpt~qwen3_8b-dj_adpt,9,65536,4,3840,384,0.011332,0.9464225769042969,cuda
webtable-union_minus-v=12-distilroberta-dj_adpt~qwen3_8b-dj_adpt,9,65536,5,3840,384,0.010761999999999999,0.9464225769042969,cuda
webtable-union_minus-v=12-distilroberta-dj_adpt~qwen3_8b-dj_adpt,9,65536,6,3840,384,0.01055,0.9464225769042969,cuda
webtable-union_minus-v=12-distilroberta-dj_adpt~qwen3_8b-dj_adpt,9,65536,7,3840,384,0.010763,0.9464225769042969,cuda
webtable-union_minus-v=12-distilroberta-dj_adpt~qwen3_8b-dj_adpt,9,65536,8,3840,384,0.011012,0.9464225769042969,cuda
webtable-union_minus-v=12-distilroberta-dj_adpt~qwen3_8b-dj_adpt,9,65536,9,3840,384,0.010473,0.9464225769042969,cuda
webtable-union_minus-v=12-distilroberta-dj_adpt~qwen3_8b-dj_adpt,9,65536,10,3840,384,0.010778999999999999,0.9464225769042969,cuda
webtable-union_minus-v=12-distilroberta-dj_adpt~qwen3_8b-dj_adpt,10,65536,1,4096,384,0.01477,1.0089225769042969,cuda
webtable-union_minus-v=12-distilroberta-dj_adpt~qwen3_8b-dj_adpt,10,65536,2,4096,384,0.011602999999999999,1.0089225769042969,cuda
webtable-union_minus-v=12-distilroberta-dj_adpt~qwen3_8b-dj_adpt,10,65536,3,4096,384,0.014282,1.0089225769042969,cuda
webtable-union_minus-v=12-distilroberta-dj_adpt~qwen3_8b-dj_adpt,10,65536,4,4096,384,0.010865,1.0089225769042969,cuda
webtable-union_minus-v=12-distilroberta-dj_adpt~qwen3_8b-dj_adpt,10,65536,5,4096,384,0.011085,1.0089225769042969,cuda
webtable-union_minus-v=12-distilroberta-dj_adpt~qwen3_8b-dj_adpt,10,65536,6,4096,384,0.011210999999999999,1.0089225769042969,cuda
webtable-union_minus-v=12-distilroberta-dj_adpt~qwen3_8b-dj_adpt,10,65536,7,4096,384,0.010357,1.0089225769042969,cuda
webtable-union_minus-v=12-distilroberta-dj_adpt~qwen3_8b-dj_adpt,10,65536,8,4096,384,0.010809,1.0089225769042969,cuda
webtable-union_minus-v=12-distilroberta-dj_adpt~qwen3_8b-dj_adpt,10,65536,9,4096,384,0.010994,1.0089225769042969,cuda
webtable-union_minus-v=12-distilroberta-dj_adpt~qwen3_8b-dj_adpt,10,65536,10,4096,384,0.010381,1.0089225769042969,cuda
webtable-union_minus-v=12-distilroberta-dj_adpt~qwen3_8b-dj_adpt,11,65536,1,4096,384,0.012334,1.0089225769042969,cuda
webtable-union_minus-v=12-distilroberta-dj_adpt~qwen3_8b-dj_adpt,11,65536,2,4096,384,0.01068,1.0089225769042969,cuda
webtable-union_minus-v=12-distilroberta-dj_adpt~qwen3_8b-dj_adpt,11,65536,3,4096,384,0.010877999999999999,1.0089225769042969,cuda
webtable-union_minus-v=12-distilroberta-dj_adpt~qwen3_8b-dj_adpt,11,65536,4,4096,384,0.010192999999999999,1.0089225769042969,cuda
webtable-union_minus-v=12-distilroberta-dj_adpt~qwen3_8b-dj_adpt,11,65536,5,4096,384,0.010657999999999999,1.0089225769042969,cuda
webtable-union_minus-v=12-distilroberta-dj_adpt~qwen3_8b-dj_adpt,11,65536,6,4096,384,0.01036,1.0089225769042969,cuda
webtable-union_minus-v=12-distilroberta-dj_adpt~qwen3_8b-dj_adpt,11,65536,7,4096,384,0.010338,1.0089225769042969,cuda
webtable-union_minus-v=12-distilroberta-dj_adpt~qwen3_8b-dj_adpt,11,65536,8,4096,384,0.010407999999999999,1.0089225769042969,cuda
webtable-union_minus-v=12-distilroberta-dj_adpt~qwen3_8b-dj_adpt,11,65536,9,4096,384,0.010841,1.0089225769042969,cuda
webtable-union_minus-v=12-distilroberta-dj_adpt~qwen3_8b-dj_adpt,11,65536,10,4096,384,0.010478999999999999,1.0089225769042969,cuda
webtable-union_minus-v=12-distilroberta-dj_adpt~qwen3_8b-dj_adpt,0,131072,1,768,384,0.00945,0.3839225769042969,cuda
webtable-union_minus-v=12-distilroberta-dj_adpt~qwen3_8b-dj_adpt,0,131072,2,768,384,0.011044,0.3839225769042969,cuda
webtable-union_minus-v=12-distilroberta-dj_adpt~qwen3_8b-dj_adpt,0,131072,3,768,384,0.010635,0.3839225769042969,cuda
webtable-union_minus-v=12-distilroberta-dj_adpt~qwen3_8b-dj_adpt,0,131072,4,768,384,0.010104,0.3839225769042969,cuda
webtable-union_minus-v=12-distilroberta-dj_adpt~qwen3_8b-dj_adpt,0,131072,5,768,384,0.010303,0.3839225769042969,cuda
webtable-union_minus-v=12-distilroberta-dj_adpt~qwen3_8b-dj_adpt,0,131072,6,768,384,0.010183,0.3839225769042969,cuda
webtable-union_minus-v=12-distilroberta-dj_adpt~qwen3_8b-dj_adpt,0,131072,7,768,384,0.010289999999999999,0.3839225769042969,cuda
webtable-union_minus-v=12-distilroberta-dj_adpt~qwen3_8b-dj_adpt,0,131072,8,768,384,0.009871999999999999,0.3839225769042969,cuda
webtable-union_minus-v=12-distilroberta-dj_adpt~qwen3_8b-dj_adpt,0,131072,9,768,384,0.009864,0.3839225769042969,cuda
webtable-union_minus-v=12-distilroberta-dj_adpt~qwen3_8b-dj_adpt,0,131072,10,768,384,0.010458,0.3839225769042969,cuda
webtable-union_minus-v=12-distilroberta-dj_adpt~qwen3_8b-dj_adpt,1,131072,1,384,384,0.0086,0.19642257690429688,cuda
webtable-union_minus-v=12-distilroberta-dj_adpt~qwen3_8b-dj_adpt,1,131072,2,384,384,0.009084,0.19642257690429688,cuda
webtable-union_minus-v=12-distilroberta-dj_adpt~qwen3_8b-dj_adpt,1,131072,3,384,384,0.009158999999999999,0.19642257690429688,cuda
webtable-union_minus-v=12-distilroberta-dj_adpt~qwen3_8b-dj_adpt,1,131072,4,384,384,0.012371,0.19642257690429688,cuda
webtable-union_minus-v=12-distilroberta-dj_adpt~qwen3_8b-dj_adpt,1,131072,5,384,384,0.010027,0.19642257690429688,cuda
webtable-union_minus-v=12-distilroberta-dj_adpt~qwen3_8b-dj_adpt,1,131072,6,384,384,0.009127,0.19642257690429688,cuda
webtable-union_minus-v=12-distilroberta-dj_adpt~qwen3_8b-dj_adpt,1,131072,7,384,384,0.009311,0.19642257690429688,cuda
webtable-union_minus-v=12-distilroberta-dj_adpt~qwen3_8b-dj_adpt,1,131072,8,384,384,0.009479,0.19642257690429688,cuda
webtable-union_minus-v=12-distilroberta-dj_adpt~qwen3_8b-dj_adpt,1,131072,9,384,384,0.009715,0.19642257690429688,cuda
webtable-union_minus-v=12-distilroberta-dj_adpt~qwen3_8b-dj_adpt,1,131072,10,384,384,0.0092,0.19642257690429688,cuda
webtable-union_minus-v=12-distilroberta-dj_adpt~qwen3_8b-dj_adpt,2,131072,1,384,384,0.008342,0.19642257690429688,cuda
webtable-union_minus-v=12-distilroberta-dj_adpt~qwen3_8b-dj_adpt,2,131072,2,384,384,0.008912,0.19642257690429688,cuda
webtable-union_minus-v=12-distilroberta-dj_adpt~qwen3_8b-dj_adpt,2,131072,3,384,384,0.009252999999999999,0.19642257690429688,cuda
webtable-union_minus-v=12-distilroberta-dj_adpt~qwen3_8b-dj_adpt,2,131072,4,384,384,0.008842,0.19642257690429688,cuda
webtable-union_minus-v=12-distilroberta-dj_adpt~qwen3_8b-dj_adpt,2,131072,5,384,384,0.009182,0.19642257690429688,cuda
webtable-union_minus-v=12-distilroberta-dj_adpt~qwen3_8b-dj_adpt,2,131072,6,384,384,0.009155,0.19642257690429688,cuda
webtable-union_minus-v=12-distilroberta-dj_adpt~qwen3_8b-dj_adpt,2,131072,7,384,384,0.009373,0.19642257690429688,cuda
webtable-union_minus-v=12-distilroberta-dj_adpt~qwen3_8b-dj_adpt,2,131072,8,384,384,0.00881,0.19642257690429688,cuda
webtable-union_minus-v=12-distilroberta-dj_adpt~qwen3_8b-dj_adpt,2,131072,9,384,384,0.008947,0.19642257690429688,cuda
webtable-union_minus-v=12-distilroberta-dj_adpt~qwen3_8b-dj_adpt,2,131072,10,384,384,0.008968,0.19642257690429688,cuda
webtable-union_minus-v=12-distilroberta-dj_adpt~qwen3_8b-dj_adpt,3,131072,1,768,384,0.00912,0.3839225769042969,cuda
webtable-union_minus-v=12-distilroberta-dj_adpt~qwen3_8b-dj_adpt,3,131072,2,768,384,0.010173,0.3839225769042969,cuda
webtable-union_minus-v=12-distilroberta-dj_adpt~qwen3_8b-dj_adpt,3,131072,3,768,384,0.010081,0.3839225769042969,cuda
webtable-union_minus-v=12-distilroberta-dj_adpt~qwen3_8b-dj_adpt,3,131072,4,768,384,0.010005,0.3839225769042969,cuda
webtable-union_minus-v=12-distilroberta-dj_adpt~qwen3_8b-dj_adpt,3,131072,5,768,384,0.009984,0.3839225769042969,cuda
webtable-union_minus-v=12-distilroberta-dj_adpt~qwen3_8b-dj_adpt,3,131072,6,768,384,0.010166,0.3839225769042969,cuda
webtable-union_minus-v=12-distilroberta-dj_adpt~qwen3_8b-dj_adpt,3,131072,7,768,384,0.009766,0.3839225769042969,cuda
webtable-union_minus-v=12-distilroberta-dj_adpt~qwen3_8b-dj_adpt,3,131072,8,768,384,0.010431,0.3839225769042969,cuda
webtable-union_minus-v=12-distilroberta-dj_adpt~qwen3_8b-dj_adpt,3,131072,9,768,384,0.010132,0.3839225769042969,cuda
webtable-union_minus-v=12-distilroberta-dj_adpt~qwen3_8b-dj_adpt,3,131072,10,768,384,0.00988,0.3839225769042969,cuda
webtable-union_minus-v=12-distilroberta-dj_adpt~qwen3_8b-dj_adpt,4,131072,1,768,384,0.008976,0.3839225769042969,cuda
webtable-union_minus-v=12-distilroberta-dj_adpt~qwen3_8b-dj_adpt,4,131072,2,768,384,0.010109,0.3839225769042969,cuda
webtable-union_minus-v=12-distilroberta-dj_adpt~qwen3_8b-dj_adpt,4,131072,3,768,384,0.009708,0.3839225769042969,cuda
webtable-union_minus-v=12-distilroberta-dj_adpt~qwen3_8b-dj_adpt,4,131072,4,768,384,0.01004,0.3839225769042969,cuda
webtable-union_minus-v=12-distilroberta-dj_adpt~qwen3_8b-dj_adpt,4,131072,5,768,384,0.010905999999999999,0.3839225769042969,cuda
webtable-union_minus-v=12-distilroberta-dj_adpt~qwen3_8b-dj_adpt,4,131072,6,768,384,0.013019999999999999,0.3839225769042969,cuda
webtable-union_minus-v=12-distilroberta-dj_adpt~qwen3_8b-dj_adpt,4,131072,7,768,384,0.010417,0.3839225769042969,cuda
webtable-union_minus-v=12-distilroberta-dj_adpt~qwen3_8b-dj_adpt,4,131072,8,768,384,0.009746999999999999,0.3839225769042969,cuda
webtable-union_minus-v=12-distilroberta-dj_adpt~qwen3_8b-dj_adpt,4,131072,9,768,384,0.009851,0.3839225769042969,cuda
webtable-union_minus-v=12-distilroberta-dj_adpt~qwen3_8b-dj_adpt,4,131072,10,768,384,0.009837,0.3839225769042969,cuda
webtable-union_minus-v=12-distilroberta-dj_adpt~qwen3_8b-dj_adpt,5,131072,1,768,384,0.00945,0.3839225769042969,cuda
webtable-union_minus-v=12-distilroberta-dj_adpt~qwen3_8b-dj_adpt,5,131072,2,768,384,0.009852999999999999,0.3839225769042969,cuda
webtable-union_minus-v=12-distilroberta-dj_adpt~qwen3_8b-dj_adpt,5,131072,3,768,384,0.009673,0.3839225769042969,cuda
webtable-union_minus-v=12-distilroberta-dj_adpt~qwen3_8b-dj_adpt,5,131072,4,768,384,0.009930999999999999,0.3839225769042969,cuda
webtable-union_minus-v=12-distilroberta-dj_adpt~qwen3_8b-dj_adpt,5,131072,5,768,384,0.009845,0.3839225769042969,cuda
webtable-union_minus-v=12-distilroberta-dj_adpt~qwen3_8b-dj_adpt,5,131072,6,768,384,0.009833,0.3839225769042969,cuda
webtable-union_minus-v=12-distilroberta-dj_adpt~qwen3_8b-dj_adpt,5,131072,7,768,384,0.009972,0.3839225769042969,cuda
webtable-union_minus-v=12-distilroberta-dj_adpt~qwen3_8b-dj_adpt,5,131072,8,768,384,0.010502,0.3839225769042969,cuda
webtable-union_minus-v=12-distilroberta-dj_adpt~qwen3_8b-dj_adpt,5,131072,9,768,384,0.010088,0.3839225769042969,cuda
webtable-union_minus-v=12-distilroberta-dj_adpt~qwen3_8b-dj_adpt,5,131072,10,768,384,0.009977,0.3839225769042969,cuda
webtable-union_minus-v=12-distilroberta-dj_adpt~qwen3_8b-dj_adpt,6,131072,1,896,384,0.008805,0.4464225769042969,cuda
webtable-union_minus-v=12-distilroberta-dj_adpt~qwen3_8b-dj_adpt,6,131072,2,896,384,0.010084,0.4464225769042969,cuda
webtable-union_minus-v=12-distilroberta-dj_adpt~qwen3_8b-dj_adpt,6,131072,3,896,384,0.009799,0.4464225769042969,cuda
webtable-union_minus-v=12-distilroberta-dj_adpt~qwen3_8b-dj_adpt,6,131072,4,896,384,0.009918999999999999,0.4464225769042969,cuda
webtable-union_minus-v=12-distilroberta-dj_adpt~qwen3_8b-dj_adpt,6,131072,5,896,384,0.010517,0.4464225769042969,cuda
webtable-union_minus-v=12-distilroberta-dj_adpt~qwen3_8b-dj_adpt,6,131072,6,896,384,0.010249,0.4464225769042969,cuda
webtable-union_minus-v=12-distilroberta-dj_adpt~qwen3_8b-dj_adpt,6,131072,7,896,384,0.00998,0.4464225769042969,cuda
webtable-union_minus-v=12-distilroberta-dj_adpt~qwen3_8b-dj_adpt,6,131072,8,896,384,0.010218,0.4464225769042969,cuda
webtable-union_minus-v=12-distilroberta-dj_adpt~qwen3_8b-dj_adpt,6,131072,9,896,384,0.009953,0.4464225769042969,cuda
webtable-union_minus-v=12-distilroberta-dj_adpt~qwen3_8b-dj_adpt,6,131072,10,896,384,0.01011,0.4464225769042969,cuda
webtable-union_minus-v=12-distilroberta-dj_adpt~qwen3_8b-dj_adpt,7,131072,1,1024,384,0.008727,0.5089225769042969,cuda
webtable-union_minus-v=12-distilroberta-dj_adpt~qwen3_8b-dj_adpt,7,131072,2,1024,384,0.009902,0.5089225769042969,cuda
webtable-union_minus-v=12-distilroberta-dj_adpt~qwen3_8b-dj_adpt,7,131072,3,1024,384,0.009883999999999999,0.5089225769042969,cuda
webtable-union_minus-v=12-distilroberta-dj_adpt~qwen3_8b-dj_adpt,7,131072,4,1024,384,0.009691,0.5089225769042969,cuda
webtable-union_minus-v=12-distilroberta-dj_adpt~qwen3_8b-dj_adpt,7,131072,5,1024,384,0.00972,0.5089225769042969,cuda
webtable-union_minus-v=12-distilroberta-dj_adpt~qwen3_8b-dj_adpt,7,131072,6,1024,384,0.010269,0.5089225769042969,cuda
webtable-union_minus-v=12-distilroberta-dj_adpt~qwen3_8b-dj_adpt,7,131072,7,1024,384,0.013642,0.5089225769042969,cuda
webtable-union_minus-v=12-distilroberta-dj_adpt~qwen3_8b-dj_adpt,7,131072,8,1024,384,0.010286,0.5089225769042969,cuda
webtable-union_minus-v=12-distilroberta-dj_adpt~qwen3_8b-dj_adpt,7,131072,9,1024,384,0.009746,0.5089225769042969,cuda
webtable-union_minus-v=12-distilroberta-dj_adpt~qwen3_8b-dj_adpt,7,131072,10,1024,384,0.009663,0.5089225769042969,cuda
webtable-union_minus-v=12-distilroberta-dj_adpt~qwen3_8b-dj_adpt,8,131072,1,2560,384,0.015118999999999999,1.2589225769042969,cuda
webtable-union_minus-v=12-distilroberta-dj_adpt~qwen3_8b-dj_adpt,8,131072,2,2560,384,0.01241,1.2589225769042969,cuda
webtable-union_minus-v=12-distilroberta-dj_adpt~qwen3_8b-dj_adpt,8,131072,3,2560,384,0.010732,1.2589225769042969,cuda
webtable-union_minus-v=12-distilroberta-dj_adpt~qwen3_8b-dj_adpt,8,131072,4,2560,384,0.010169,1.2589225769042969,cuda
webtable-union_minus-v=12-distilroberta-dj_adpt~qwen3_8b-dj_adpt,8,131072,5,2560,384,0.010938,1.2589225769042969,cuda
webtable-union_minus-v=12-distilroberta-dj_adpt~qwen3_8b-dj_adpt,8,131072,6,2560,384,0.010754,1.2589225769042969,cuda
webtable-union_minus-v=12-distilroberta-dj_adpt~qwen3_8b-dj_adpt,8,131072,7,2560,384,0.010968,1.2589225769042969,cuda
webtable-union_minus-v=12-distilroberta-dj_adpt~qwen3_8b-dj_adpt,8,131072,8,2560,384,0.010491,1.2589225769042969,cuda
webtable-union_minus-v=12-distilroberta-dj_adpt~qwen3_8b-dj_adpt,8,131072,9,2560,384,0.010423,1.2589225769042969,cuda
webtable-union_minus-v=12-distilroberta-dj_adpt~qwen3_8b-dj_adpt,8,131072,10,2560,384,0.010886,1.2589225769042969,cuda
webtable-union_minus-v=12-distilroberta-dj_adpt~qwen3_8b-dj_adpt,9,131072,1,3840,384,0.015543999999999999,1.8839225769042969,cuda
webtable-union_minus-v=12-distilroberta-dj_adpt~qwen3_8b-dj_adpt,9,131072,2,3840,384,0.012083,1.8839225769042969,cuda
webtable-union_minus-v=12-distilroberta-dj_adpt~qwen3_8b-dj_adpt,9,131072,3,3840,384,0.01065,1.8839225769042969,cuda
webtable-union_minus-v=12-distilroberta-dj_adpt~qwen3_8b-dj_adpt,9,131072,4,3840,384,0.011392,1.8839225769042969,cuda
webtable-union_minus-v=12-distilroberta-dj_adpt~qwen3_8b-dj_adpt,9,131072,5,3840,384,0.010695,1.8839225769042969,cuda
webtable-union_minus-v=12-distilroberta-dj_adpt~qwen3_8b-dj_adpt,9,131072,6,3840,384,0.011091,1.8839225769042969,cuda
webtable-union_minus-v=12-distilroberta-dj_adpt~qwen3_8b-dj_adpt,9,131072,7,3840,384,0.015488,1.8839225769042969,cuda
webtable-union_minus-v=12-distilroberta-dj_adpt~qwen3_8b-dj_adpt,9,131072,8,3840,384,0.010924,1.8839225769042969,cuda
webtable-union_minus-v=12-distilroberta-dj_adpt~qwen3_8b-dj_adpt,9,131072,9,3840,384,0.010962999999999999,1.8839225769042969,cuda
webtable-union_minus-v=12-distilroberta-dj_adpt~qwen3_8b-dj_adpt,9,131072,10,3840,384,0.010705,1.8839225769042969,cuda
webtable-union_minus-v=12-distilroberta-dj_adpt~qwen3_8b-dj_adpt,10,131072,1,4096,384,0.015920999999999998,2.008922576904297,cuda
webtable-union_minus-v=12-distilroberta-dj_adpt~qwen3_8b-dj_adpt,10,131072,2,4096,384,0.011696,2.008922576904297,cuda
webtable-union_minus-v=12-distilroberta-dj_adpt~qwen3_8b-dj_adpt,10,131072,3,4096,384,0.011117,2.008922576904297,cuda
webtable-union_minus-v=12-distilroberta-dj_adpt~qwen3_8b-dj_adpt,10,131072,4,4096,384,0.011019,2.008922576904297,cuda
webtable-union_minus-v=12-distilroberta-dj_adpt~qwen3_8b-dj_adpt,10,131072,5,4096,384,0.010744,2.008922576904297,cuda
webtable-union_minus-v=12-distilroberta-dj_adpt~qwen3_8b-dj_adpt,10,131072,6,4096,384,0.011087999999999999,2.008922576904297,cuda
webtable-union_minus-v=12-distilroberta-dj_adpt~qwen3_8b-dj_adpt,10,131072,7,4096,384,0.010647,2.008922576904297,cuda
webtable-union_minus-v=12-distilroberta-dj_adpt~qwen3_8b-dj_adpt,10,131072,8,4096,384,0.011099999999999999,2.008922576904297,cuda
webtable-union_minus-v=12-distilroberta-dj_adpt~qwen3_8b-dj_adpt,10,131072,9,4096,384,0.014483,2.008922576904297,cuda
webtable-union_minus-v=12-distilroberta-dj_adpt~qwen3_8b-dj_adpt,10,131072,10,4096,384,0.011287,2.008922576904297,cuda
webtable-union_minus-v=12-distilroberta-dj_adpt~qwen3_8b-dj_adpt,11,131072,1,4096,384,0.009655,2.008922576904297,cuda
webtable-union_minus-v=12-distilroberta-dj_adpt~qwen3_8b-dj_adpt,11,131072,2,4096,384,0.010768,2.008922576904297,cuda
webtable-union_minus-v=12-distilroberta-dj_adpt~qwen3_8b-dj_adpt,11,131072,3,4096,384,0.011131,2.008922576904297,cuda
webtable-union_minus-v=12-distilroberta-dj_adpt~qwen3_8b-dj_adpt,11,131072,4,4096,384,0.010881,2.008922576904297,cuda
webtable-union_minus-v=12-distilroberta-dj_adpt~qwen3_8b-dj_adpt,11,131072,5,4096,384,0.010952,2.008922576904297,cuda
webtable-union_minus-v=12-distilroberta-dj_adpt~qwen3_8b-dj_adpt,11,131072,6,4096,384,0.010287,2.008922576904297,cuda
webtable-union_minus-v=12-distilroberta-dj_adpt~qwen3_8b-dj_adpt,11,131072,7,4096,384,0.010740999999999999,2.008922576904297,cuda
webtable-union_minus-v=12-distilroberta-dj_adpt~qwen3_8b-dj_adpt,11,131072,8,4096,384,0.010530999999999999,2.008922576904297,cuda
webtable-union_minus-v=12-distilroberta-dj_adpt~qwen3_8b-dj_adpt,11,131072,9,4096,384,0.010456,2.008922576904297,cuda
webtable-union_minus-v=12-distilroberta-dj_adpt~qwen3_8b-dj_adpt,11,131072,10,4096,384,0.010985,2.008922576904297,cuda
