checkpoint_name,view_idx,batch_size,repetition,input_dim,output_dim,inference_time_ms,peak_gpu_memory_gb,device
webtable-cl_noval-v=12-distilroberta-dj_adpt~qwen3_8b-dj_adpt,0,1,1,768,1024,0.220972,0.18532276153564453,cuda
webtable-cl_noval-v=12-distilroberta-dj_adpt~qwen3_8b-dj_adpt,0,1,2,768,1024,0.228344,0.18532276153564453,cuda
webtable-cl_noval-v=12-distilroberta-dj_adpt~qwen3_8b-dj_adpt,0,1,3,768,1024,0.22186799999999998,0.18532276153564453,cuda
webtable-cl_noval-v=12-distilroberta-dj_adpt~qwen3_8b-dj_adpt,0,1,4,768,1024,0.21298299999999998,0.18532276153564453,cuda
webtable-cl_noval-v=12-distilroberta-dj_adpt~qwen3_8b-dj_adpt,0,1,5,768,1024,0.214867,0.18532276153564453,cuda
webtable-cl_noval-v=12-distilroberta-dj_adpt~qwen3_8b-dj_adpt,0,1,6,768,1024,0.22200799999999998,0.18532276153564453,cuda
webtable-cl_noval-v=12-distilroberta-dj_adpt~qwen3_8b-dj_adpt,0,1,7,768,1024,0.213976,0.18532276153564453,cuda
webtable-cl_noval-v=12-distilroberta-dj_adpt~qwen3_8b-dj_adpt,0,1,8,768,1024,0.21309999999999998,0.18532276153564453,cuda
webtable-cl_noval-v=12-distilroberta-dj_adpt~qwen3_8b-dj_adpt,0,1,9,768,1024,0.212562,0.18532276153564453,cuda
webtable-cl_noval-v=12-distilroberta-dj_adpt~qwen3_8b-dj_adpt,0,1,10,768,1024,0.211675,0.18532276153564453,cuda
webtable-cl_noval-v=12-distilroberta-dj_adpt~qwen3_8b-dj_adpt,1,1,1,384,1024,0.200684,0.18532133102416992,cuda
webtable-cl_noval-v=12-distilroberta-dj_adpt~qwen3_8b-dj_adpt,1,1,2,384,1024,0.21318299999999998,0.18532133102416992,cuda
webtable-cl_noval-v=12-distilroberta-dj_adpt~qwen3_8b-dj_adpt,1,1,3,384,1024,0.21176399999999998,0.18532133102416992,cuda
webtable-cl_noval-v=12-distilroberta-dj_adpt~qwen3_8b-dj_adpt,1,1,4,384,1024,0.210442,0.18532133102416992,cuda
webtable-cl_noval-v=12-distilroberta-dj_adpt~qwen3_8b-dj_adpt,1,1,5,384,1024,0.213031,0.18532133102416992,cuda
webtable-cl_noval-v=12-distilroberta-dj_adpt~qwen3_8b-dj_adpt,1,1,6,384,1024,0.212672,0.18532133102416992,cuda
webtable-cl_noval-v=12-distilroberta-dj_adpt~qwen3_8b-dj_adpt,1,1,7,384,1024,0.218164,0.18532133102416992,cuda
webtable-cl_noval-v=12-distilroberta-dj_adpt~qwen3_8b-dj_adpt,1,1,8,384,1024,0.210996,0.18532133102416992,cuda
webtable-cl_noval-v=12-distilroberta-dj_adpt~qwen3_8b-dj_adpt,1,1,9,384,1024,0.21004199999999998,0.18532133102416992,cuda
webtable-cl_noval-v=12-distilroberta-dj_adpt~qwen3_8b-dj_adpt,1,1,10,384,1024,0.210536,0.18532133102416992,cuda
webtable-cl_noval-v=12-distilroberta-dj_adpt~qwen3_8b-dj_adpt,2,1,1,384,1024,0.19789199999999998,0.18532133102416992,cuda
webtable-cl_noval-v=12-distilroberta-dj_adpt~qwen3_8b-dj_adpt,2,1,2,384,1024,0.212505,0.18532133102416992,cuda
webtable-cl_noval-v=12-distilroberta-dj_adpt~qwen3_8b-dj_adpt,2,1,3,384,1024,0.210723,0.18532133102416992,cuda
webtable-cl_noval-v=12-distilroberta-dj_adpt~qwen3_8b-dj_adpt,2,1,4,384,1024,0.210678,0.18532133102416992,cuda
webtable-cl_noval-v=12-distilroberta-dj_adpt~qwen3_8b-dj_adpt,2,1,5,384,1024,0.210426,0.18532133102416992,cuda
webtable-cl_noval-v=12-distilroberta-dj_adpt~qwen3_8b-dj_adpt,2,1,6,384,1024,0.210561,0.18532133102416992,cuda
webtable-cl_noval-v=12-distilroberta-dj_adpt~qwen3_8b-dj_adpt,2,1,7,384,1024,0.21062399999999998,0.18532133102416992,cuda
webtable-cl_noval-v=12-distilroberta-dj_adpt~qwen3_8b-dj_adpt,2,1,8,384,1024,0.21734399999999998,0.18532133102416992,cuda
webtable-cl_noval-v=12-distilroberta-dj_adpt~qwen3_8b-dj_adpt,2,1,9,384,1024,0.211216,0.18532133102416992,cuda
webtable-cl_noval-v=12-distilroberta-dj_adpt~qwen3_8b-dj_adpt,2,1,10,384,1024,0.211137,0.18532133102416992,cuda
webtable-cl_noval-v=12-distilroberta-dj_adpt~qwen3_8b-dj_adpt,3,1,1,768,1024,0.201313,0.18532276153564453,cuda
webtable-cl_noval-v=12-distilroberta-dj_adpt~qwen3_8b-dj_adpt,3,1,2,768,1024,0.8284469999999999,0.18532276153564453,cuda
webtable-cl_noval-v=12-distilroberta-dj_adpt~qwen3_8b-dj_adpt,3,1,3,768,1024,0.217468,0.18532276153564453,cuda
webtable-cl_noval-v=12-distilroberta-dj_adpt~qwen3_8b-dj_adpt,3,1,4,768,1024,0.2147,0.18532276153564453,cuda
webtable-cl_noval-v=12-distilroberta-dj_adpt~qwen3_8b-dj_adpt,3,1,5,768,1024,0.215608,0.18532276153564453,cuda
webtable-cl_noval-v=12-distilroberta-dj_adpt~qwen3_8b-dj_adpt,3,1,6,768,1024,0.214533,0.18532276153564453,cuda
webtable-cl_noval-v=12-distilroberta-dj_adpt~qwen3_8b-dj_adpt,3,1,7,768,1024,0.22522199999999998,0.18532276153564453,cuda
webtable-cl_noval-v=12-distilroberta-dj_adpt~qwen3_8b-dj_adpt,3,1,8,768,1024,0.21384399999999998,0.18532276153564453,cuda
webtable-cl_noval-v=12-distilroberta-dj_adpt~qwen3_8b-dj_adpt,3,1,9,768,1024,0.21184,0.18532276153564453,cuda
webtable-cl_noval-v=12-distilroberta-dj_adpt~qwen3_8b-dj_adpt,3,1,10,768,1024,0.21251099999999998,0.18532276153564453,cuda
webtable-cl_noval-v=12-distilroberta-dj_adpt~qwen3_8b-dj_adpt,4,1,1,768,1024,0.199628,0.18532276153564453,cuda
webtable-cl_noval-v=12-distilroberta-dj_adpt~qwen3_8b-dj_adpt,4,1,2,768,1024,0.211062,0.18532276153564453,cuda
webtable-cl_noval-v=12-distilroberta-dj_adpt~qwen3_8b-dj_adpt,4,1,3,768,1024,0.21115899999999999,0.18532276153564453,cuda
webtable-cl_noval-v=12-distilroberta-dj_adpt~qwen3_8b-dj_adpt,4,1,4,768,1024,0.20954899999999999,0.18532276153564453,cuda
webtable-cl_noval-v=12-distilroberta-dj_adpt~qwen3_8b-dj_adpt,4,1,5,768,1024,0.21065199999999998,0.18532276153564453,cuda
webtable-cl_noval-v=12-distilroberta-dj_adpt~qwen3_8b-dj_adpt,4,1,6,768,1024,0.21196199999999998,0.18532276153564453,cuda
webtable-cl_noval-v=12-distilroberta-dj_adpt~qwen3_8b-dj_adpt,4,1,7,768,1024,0.210894,0.18532276153564453,cuda
webtable-cl_noval-v=12-distilroberta-dj_adpt~qwen3_8b-dj_adpt,4,1,8,768,1024,0.212787,0.18532276153564453,cuda
webtable-cl_noval-v=12-distilroberta-dj_adpt~qwen3_8b-dj_adpt,4,1,9,768,1024,0.21364899999999998,0.18532276153564453,cuda
webtable-cl_noval-v=12-distilroberta-dj_adpt~qwen3_8b-dj_adpt,4,1,10,768,1024,0.211354,0.18532276153564453,cuda
webtable-cl_noval-v=12-distilroberta-dj_adpt~qwen3_8b-dj_adpt,5,1,1,768,1024,0.19868999999999998,0.18532276153564453,cuda
webtable-cl_noval-v=12-distilroberta-dj_adpt~qwen3_8b-dj_adpt,5,1,2,768,1024,0.215135,0.18532276153564453,cuda
webtable-cl_noval-v=12-distilroberta-dj_adpt~qwen3_8b-dj_adpt,5,1,3,768,1024,0.211804,0.18532276153564453,cuda
webtable-cl_noval-v=12-distilroberta-dj_adpt~qwen3_8b-dj_adpt,5,1,4,768,1024,0.21345899999999998,0.18532276153564453,cuda
webtable-cl_noval-v=12-distilroberta-dj_adpt~qwen3_8b-dj_adpt,5,1,5,768,1024,0.210773,0.18532276153564453,cuda
webtable-cl_noval-v=12-distilroberta-dj_adpt~qwen3_8b-dj_adpt,5,1,6,768,1024,0.20979899999999999,0.18532276153564453,cuda
webtable-cl_noval-v=12-distilroberta-dj_adpt~qwen3_8b-dj_adpt,5,1,7,768,1024,0.21087599999999998,0.18532276153564453,cuda
webtable-cl_noval-v=12-distilroberta-dj_adpt~qwen3_8b-dj_adpt,5,1,8,768,1024,0.210648,0.18532276153564453,cuda
webtable-cl_noval-v=12-distilroberta-dj_adpt~qwen3_8b-dj_adpt,5,1,9,768,1024,0.210844,0.18532276153564453,cuda
webtable-cl_noval-v=12-distilroberta-dj_adpt~qwen3_8b-dj_adpt,5,1,10,768,1024,0.22133,0.18532276153564453,cuda
webtable-cl_noval-v=12-distilroberta-dj_adpt~qwen3_8b-dj_adpt,6,1,1,896,1024,0.200074,0.18532323837280273,cuda
webtable-cl_noval-v=12-distilroberta-dj_adpt~qwen3_8b-dj_adpt,6,1,2,896,1024,0.21168099999999998,0.18532323837280273,cuda
webtable-cl_noval-v=12-distilroberta-dj_adpt~qwen3_8b-dj_adpt,6,1,3,896,1024,0.21148899999999998,0.18532323837280273,cuda
webtable-cl_noval-v=12-distilroberta-dj_adpt~qwen3_8b-dj_adpt,6,1,4,896,1024,0.237369,0.18532323837280273,cuda
webtable-cl_noval-v=12-distilroberta-dj_adpt~qwen3_8b-dj_adpt,6,1,5,896,1024,0.212978,0.18532323837280273,cuda
webtable-cl_noval-v=12-distilroberta-dj_adpt~qwen3_8b-dj_adpt,6,1,6,896,1024,0.212782,0.18532323837280273,cuda
webtable-cl_noval-v=12-distilroberta-dj_adpt~qwen3_8b-dj_adpt,6,1,7,896,1024,0.21135199999999998,0.18532323837280273,cuda
webtable-cl_noval-v=12-distilroberta-dj_adpt~qwen3_8b-dj_adpt,6,1,8,896,1024,0.212328,0.18532323837280273,cuda
webtable-cl_noval-v=12-distilroberta-dj_adpt~qwen3_8b-dj_adpt,6,1,9,896,1024,0.21207399999999998,0.18532323837280273,cuda
webtable-cl_noval-v=12-distilroberta-dj_adpt~qwen3_8b-dj_adpt,6,1,10,896,1024,0.21728899999999998,0.18532323837280273,cuda
webtable-cl_noval-v=12-distilroberta-dj_adpt~qwen3_8b-dj_adpt,7,1,1,1024,1024,0.19825299999999998,0.18532371520996094,cuda
webtable-cl_noval-v=12-distilroberta-dj_adpt~qwen3_8b-dj_adpt,7,1,2,1024,1024,0.212392,0.18532371520996094,cuda
webtable-cl_noval-v=12-distilroberta-dj_adpt~qwen3_8b-dj_adpt,7,1,3,1024,1024,0.209222,0.18532371520996094,cuda
webtable-cl_noval-v=12-distilroberta-dj_adpt~qwen3_8b-dj_adpt,7,1,4,1024,1024,0.20968699999999998,0.18532371520996094,cuda
webtable-cl_noval-v=12-distilroberta-dj_adpt~qwen3_8b-dj_adpt,7,1,5,1024,1024,0.20923899999999998,0.18532371520996094,cuda
webtable-cl_noval-v=12-distilroberta-dj_adpt~qwen3_8b-dj_adpt,7,1,6,1024,1024,0.21001699999999998,0.18532371520996094,cuda
webtable-cl_noval-v=12-distilroberta-dj_adpt~qwen3_8b-dj_adpt,7,1,7,1024,1024,0.209642,0.18532371520996094,cuda
webtable-cl_noval-v=12-distilroberta-dj_adpt~qwen3_8b-dj_adpt,7,1,8,1024,1024,0.20990899999999998,0.18532371520996094,cuda
webtable-cl_noval-v=12-distilroberta-dj_adpt~qwen3_8b-dj_adpt,7,1,9,1024,1024,0.209332,0.18532371520996094,cuda
webtable-cl_noval-v=12-distilroberta-dj_adpt~qwen3_8b-dj_adpt,7,1,10,1024,1024,0.20959,0.18532371520996094,cuda
webtable-cl_noval-v=12-distilroberta-dj_adpt~qwen3_8b-dj_adpt,8,1,1,2560,1024,0.20155299999999998,0.18532943725585938,cuda
webtable-cl_noval-v=12-distilroberta-dj_adpt~qwen3_8b-dj_adpt,8,1,2,2560,1024,0.211424,0.18532943725585938,cuda
webtable-cl_noval-v=12-distilroberta-dj_adpt~qwen3_8b-dj_adpt,8,1,3,2560,1024,0.21226,0.18532943725585938,cuda
webtable-cl_noval-v=12-distilroberta-dj_adpt~qwen3_8b-dj_adpt,8,1,4,2560,1024,0.210355,0.18532943725585938,cuda
webtable-cl_noval-v=12-distilroberta-dj_adpt~qwen3_8b-dj_adpt,8,1,5,2560,1024,0.21132499999999999,0.18532943725585938,cuda
webtable-cl_noval-v=12-distilroberta-dj_adpt~qwen3_8b-dj_adpt,8,1,6,2560,1024,0.211756,0.18532943725585938,cuda
webtable-cl_noval-v=12-distilroberta-dj_adpt~qwen3_8b-dj_adpt,8,1,7,2560,1024,0.210784,0.18532943725585938,cuda
webtable-cl_noval-v=12-distilroberta-dj_adpt~qwen3_8b-dj_adpt,8,1,8,2560,1024,0.21045999999999998,0.18532943725585938,cuda
webtable-cl_noval-v=12-distilroberta-dj_adpt~qwen3_8b-dj_adpt,8,1,9,2560,1024,0.210731,0.18532943725585938,cuda
webtable-cl_noval-v=12-distilroberta-dj_adpt~qwen3_8b-dj_adpt,8,1,10,2560,1024,0.21037,0.18532943725585938,cuda
webtable-cl_noval-v=12-distilroberta-dj_adpt~qwen3_8b-dj_adpt,9,1,1,3840,1024,0.198515,0.1853342056274414,cuda
webtable-cl_noval-v=12-distilroberta-dj_adpt~qwen3_8b-dj_adpt,9,1,2,3840,1024,0.222236,0.1853342056274414,cuda
webtable-cl_noval-v=12-distilroberta-dj_adpt~qwen3_8b-dj_adpt,9,1,3,3840,1024,0.21144,0.1853342056274414,cuda
webtable-cl_noval-v=12-distilroberta-dj_adpt~qwen3_8b-dj_adpt,9,1,4,3840,1024,0.209983,0.1853342056274414,cuda
webtable-cl_noval-v=12-distilroberta-dj_adpt~qwen3_8b-dj_adpt,9,1,5,3840,1024,0.7012889999999999,0.1853342056274414,cuda
webtable-cl_noval-v=12-distilroberta-dj_adpt~qwen3_8b-dj_adpt,9,1,6,3840,1024,0.21334799999999998,0.1853342056274414,cuda
webtable-cl_noval-v=12-distilroberta-dj_adpt~qwen3_8b-dj_adpt,9,1,7,3840,1024,0.21120799999999998,0.1853342056274414,cuda
webtable-cl_noval-v=12-distilroberta-dj_adpt~qwen3_8b-dj_adpt,9,1,8,3840,1024,0.21096199999999998,0.1853342056274414,cuda
webtable-cl_noval-v=12-distilroberta-dj_adpt~qwen3_8b-dj_adpt,9,1,9,3840,1024,0.212916,0.1853342056274414,cuda
webtable-cl_noval-v=12-distilroberta-dj_adpt~qwen3_8b-dj_adpt,9,1,10,3840,1024,0.212534,0.1853342056274414,cuda
webtable-cl_noval-v=12-distilroberta-dj_adpt~qwen3_8b-dj_adpt,10,1,1,4096,1024,0.19980099999999998,0.1853351593017578,cuda
webtable-cl_noval-v=12-distilroberta-dj_adpt~qwen3_8b-dj_adpt,10,1,2,4096,1024,0.222096,0.1853351593017578,cuda
webtable-cl_noval-v=12-distilroberta-dj_adpt~qwen3_8b-dj_adpt,10,1,3,4096,1024,0.21101799999999998,0.1853351593017578,cuda
webtable-cl_noval-v=12-distilroberta-dj_adpt~qwen3_8b-dj_adpt,10,1,4,4096,1024,0.210138,0.1853351593017578,cuda
webtable-cl_noval-v=12-distilroberta-dj_adpt~qwen3_8b-dj_adpt,10,1,5,4096,1024,0.209308,0.1853351593017578,cuda
webtable-cl_noval-v=12-distilroberta-dj_adpt~qwen3_8b-dj_adpt,10,1,6,4096,1024,0.210087,0.1853351593017578,cuda
webtable-cl_noval-v=12-distilroberta-dj_adpt~qwen3_8b-dj_adpt,10,1,7,4096,1024,0.209594,0.1853351593017578,cuda
webtable-cl_noval-v=12-distilroberta-dj_adpt~qwen3_8b-dj_adpt,10,1,8,4096,1024,0.211366,0.1853351593017578,cuda
webtable-cl_noval-v=12-distilroberta-dj_adpt~qwen3_8b-dj_adpt,10,1,9,4096,1024,0.20909999999999998,0.1853351593017578,cuda
webtable-cl_noval-v=12-distilroberta-dj_adpt~qwen3_8b-dj_adpt,10,1,10,4096,1024,0.211507,0.1853351593017578,cuda
webtable-cl_noval-v=12-distilroberta-dj_adpt~qwen3_8b-dj_adpt,11,1,1,4096,1024,0.198786,0.1853351593017578,cuda
webtable-cl_noval-v=12-distilroberta-dj_adpt~qwen3_8b-dj_adpt,11,1,2,4096,1024,0.212024,0.1853351593017578,cuda
webtable-cl_noval-v=12-distilroberta-dj_adpt~qwen3_8b-dj_adpt,11,1,3,4096,1024,0.211311,0.1853351593017578,cuda
webtable-cl_noval-v=12-distilroberta-dj_adpt~qwen3_8b-dj_adpt,11,1,4,4096,1024,0.215019,0.1853351593017578,cuda
webtable-cl_noval-v=12-distilroberta-dj_adpt~qwen3_8b-dj_adpt,11,1,5,4096,1024,0.21186,0.1853351593017578,cuda
webtable-cl_noval-v=12-distilroberta-dj_adpt~qwen3_8b-dj_adpt,11,1,6,4096,1024,0.20926999999999998,0.1853351593017578,cuda
webtable-cl_noval-v=12-distilroberta-dj_adpt~qwen3_8b-dj_adpt,11,1,7,4096,1024,0.21004599999999998,0.1853351593017578,cuda
webtable-cl_noval-v=12-distilroberta-dj_adpt~qwen3_8b-dj_adpt,11,1,8,4096,1024,0.209748,0.1853351593017578,cuda
webtable-cl_noval-v=12-distilroberta-dj_adpt~qwen3_8b-dj_adpt,11,1,9,4096,1024,0.21015,0.1853351593017578,cuda
webtable-cl_noval-v=12-distilroberta-dj_adpt~qwen3_8b-dj_adpt,11,1,10,4096,1024,0.208065,0.1853351593017578,cuda
webtable-cl_noval-v=12-distilroberta-dj_adpt~qwen3_8b-dj_adpt,0,2,1,768,1024,0.213499,0.185333251953125,cuda
webtable-cl_noval-v=12-distilroberta-dj_adpt~qwen3_8b-dj_adpt,0,2,2,768,1024,0.22320399999999999,0.185333251953125,cuda
webtable-cl_noval-v=12-distilroberta-dj_adpt~qwen3_8b-dj_adpt,0,2,3,768,1024,0.213885,0.185333251953125,cuda
webtable-cl_noval-v=12-distilroberta-dj_adpt~qwen3_8b-dj_adpt,0,2,4,768,1024,0.216492,0.185333251953125,cuda
webtable-cl_noval-v=12-distilroberta-dj_adpt~qwen3_8b-dj_adpt,0,2,5,768,1024,0.211946,0.185333251953125,cuda
webtable-cl_noval-v=12-distilroberta-dj_adpt~qwen3_8b-dj_adpt,0,2,6,768,1024,0.21170699999999998,0.185333251953125,cuda
webtable-cl_noval-v=12-distilroberta-dj_adpt~qwen3_8b-dj_adpt,0,2,7,768,1024,0.240051,0.185333251953125,cuda
webtable-cl_noval-v=12-distilroberta-dj_adpt~qwen3_8b-dj_adpt,0,2,8,768,1024,0.21312399999999998,0.185333251953125,cuda
webtable-cl_noval-v=12-distilroberta-dj_adpt~qwen3_8b-dj_adpt,0,2,9,768,1024,0.211898,0.185333251953125,cuda
webtable-cl_noval-v=12-distilroberta-dj_adpt~qwen3_8b-dj_adpt,0,2,10,768,1024,0.21104599999999998,0.185333251953125,cuda
webtable-cl_noval-v=12-distilroberta-dj_adpt~qwen3_8b-dj_adpt,1,2,1,384,1024,0.195876,0.18533039093017578,cuda
webtable-cl_noval-v=12-distilroberta-dj_adpt~qwen3_8b-dj_adpt,1,2,2,384,1024,0.21345,0.18533039093017578,cuda
webtable-cl_noval-v=12-distilroberta-dj_adpt~qwen3_8b-dj_adpt,1,2,3,384,1024,0.21881199999999998,0.18533039093017578,cuda
webtable-cl_noval-v=12-distilroberta-dj_adpt~qwen3_8b-dj_adpt,1,2,4,384,1024,0.211609,0.18533039093017578,cuda
webtable-cl_noval-v=12-distilroberta-dj_adpt~qwen3_8b-dj_adpt,1,2,5,384,1024,0.208054,0.18533039093017578,cuda
webtable-cl_noval-v=12-distilroberta-dj_adpt~qwen3_8b-dj_adpt,1,2,6,384,1024,0.209678,0.18533039093017578,cuda
webtable-cl_noval-v=12-distilroberta-dj_adpt~qwen3_8b-dj_adpt,1,2,7,384,1024,0.20910399999999998,0.18533039093017578,cuda
webtable-cl_noval-v=12-distilroberta-dj_adpt~qwen3_8b-dj_adpt,1,2,8,384,1024,0.20832699999999998,0.18533039093017578,cuda
webtable-cl_noval-v=12-distilroberta-dj_adpt~qwen3_8b-dj_adpt,1,2,9,384,1024,0.20796199999999998,0.18533039093017578,cuda
webtable-cl_noval-v=12-distilroberta-dj_adpt~qwen3_8b-dj_adpt,1,2,10,384,1024,0.207866,0.18533039093017578,cuda
webtable-cl_noval-v=12-distilroberta-dj_adpt~qwen3_8b-dj_adpt,2,2,1,384,1024,0.196244,0.18533039093017578,cuda
webtable-cl_noval-v=12-distilroberta-dj_adpt~qwen3_8b-dj_adpt,2,2,2,384,1024,0.210258,0.18533039093017578,cuda
webtable-cl_noval-v=12-distilroberta-dj_adpt~qwen3_8b-dj_adpt,2,2,3,384,1024,0.209508,0.18533039093017578,cuda
webtable-cl_noval-v=12-distilroberta-dj_adpt~qwen3_8b-dj_adpt,2,2,4,384,1024,0.207427,0.18533039093017578,cuda
webtable-cl_noval-v=12-distilroberta-dj_adpt~qwen3_8b-dj_adpt,2,2,5,384,1024,0.21848299999999998,0.18533039093017578,cuda
webtable-cl_noval-v=12-distilroberta-dj_adpt~qwen3_8b-dj_adpt,2,2,6,384,1024,0.209451,0.18533039093017578,cuda
webtable-cl_noval-v=12-distilroberta-dj_adpt~qwen3_8b-dj_adpt,2,2,7,384,1024,0.208497,0.18533039093017578,cuda
webtable-cl_noval-v=12-distilroberta-dj_adpt~qwen3_8b-dj_adpt,2,2,8,384,1024,0.20754299999999998,0.18533039093017578,cuda
webtable-cl_noval-v=12-distilroberta-dj_adpt~qwen3_8b-dj_adpt,2,2,9,384,1024,0.208703,0.18533039093017578,cuda
webtable-cl_noval-v=12-distilroberta-dj_adpt~qwen3_8b-dj_adpt,2,2,10,384,1024,0.20846299999999998,0.18533039093017578,cuda
webtable-cl_noval-v=12-distilroberta-dj_adpt~qwen3_8b-dj_adpt,3,2,1,768,1024,0.19735999999999998,0.185333251953125,cuda
webtable-cl_noval-v=12-distilroberta-dj_adpt~qwen3_8b-dj_adpt,3,2,2,768,1024,0.20951999999999998,0.185333251953125,cuda
webtable-cl_noval-v=12-distilroberta-dj_adpt~qwen3_8b-dj_adpt,3,2,3,768,1024,0.20890499999999998,0.185333251953125,cuda
webtable-cl_noval-v=12-distilroberta-dj_adpt~qwen3_8b-dj_adpt,3,2,4,768,1024,0.20822,0.185333251953125,cuda
webtable-cl_noval-v=12-distilroberta-dj_adpt~qwen3_8b-dj_adpt,3,2,5,768,1024,0.20934799999999998,0.185333251953125,cuda
webtable-cl_noval-v=12-distilroberta-dj_adpt~qwen3_8b-dj_adpt,3,2,6,768,1024,0.209151,0.185333251953125,cuda
webtable-cl_noval-v=12-distilroberta-dj_adpt~qwen3_8b-dj_adpt,3,2,7,768,1024,0.211218,0.185333251953125,cuda
webtable-cl_noval-v=12-distilroberta-dj_adpt~qwen3_8b-dj_adpt,3,2,8,768,1024,0.231602,0.185333251953125,cuda
webtable-cl_noval-v=12-distilroberta-dj_adpt~qwen3_8b-dj_adpt,3,2,9,768,1024,0.211205,0.185333251953125,cuda
webtable-cl_noval-v=12-distilroberta-dj_adpt~qwen3_8b-dj_adpt,3,2,10,768,1024,0.210163,0.185333251953125,cuda
webtable-cl_noval-v=12-distilroberta-dj_adpt~qwen3_8b-dj_adpt,4,2,1,768,1024,0.195881,0.185333251953125,cuda
webtable-cl_noval-v=12-distilroberta-dj_adpt~qwen3_8b-dj_adpt,4,2,2,768,1024,0.211493,0.185333251953125,cuda
webtable-cl_noval-v=12-distilroberta-dj_adpt~qwen3_8b-dj_adpt,4,2,3,768,1024,0.20990399999999998,0.185333251953125,cuda
webtable-cl_noval-v=12-distilroberta-dj_adpt~qwen3_8b-dj_adpt,4,2,4,768,1024,0.210272,0.185333251953125,cuda
webtable-cl_noval-v=12-distilroberta-dj_adpt~qwen3_8b-dj_adpt,4,2,5,768,1024,0.209026,0.185333251953125,cuda
webtable-cl_noval-v=12-distilroberta-dj_adpt~qwen3_8b-dj_adpt,4,2,6,768,1024,0.209178,0.185333251953125,cuda
webtable-cl_noval-v=12-distilroberta-dj_adpt~qwen3_8b-dj_adpt,4,2,7,768,1024,0.21129199999999998,0.185333251953125,cuda
webtable-cl_noval-v=12-distilroberta-dj_adpt~qwen3_8b-dj_adpt,4,2,8,768,1024,0.209139,0.185333251953125,cuda
webtable-cl_noval-v=12-distilroberta-dj_adpt~qwen3_8b-dj_adpt,4,2,9,768,1024,0.209013,0.185333251953125,cuda
webtable-cl_noval-v=12-distilroberta-dj_adpt~qwen3_8b-dj_adpt,4,2,10,768,1024,0.210254,0.185333251953125,cuda
webtable-cl_noval-v=12-distilroberta-dj_adpt~qwen3_8b-dj_adpt,5,2,1,768,1024,0.196177,0.185333251953125,cuda
webtable-cl_noval-v=12-distilroberta-dj_adpt~qwen3_8b-dj_adpt,5,2,2,768,1024,0.20726599999999998,0.185333251953125,cuda
webtable-cl_noval-v=12-distilroberta-dj_adpt~qwen3_8b-dj_adpt,5,2,3,768,1024,0.20864,0.185333251953125,cuda
webtable-cl_noval-v=12-distilroberta-dj_adpt~qwen3_8b-dj_adpt,5,2,4,768,1024,0.207723,0.185333251953125,cuda
webtable-cl_noval-v=12-distilroberta-dj_adpt~qwen3_8b-dj_adpt,5,2,5,768,1024,0.21007499999999998,0.185333251953125,cuda
webtable-cl_noval-v=12-distilroberta-dj_adpt~qwen3_8b-dj_adpt,5,2,6,768,1024,0.210585,0.185333251953125,cuda
webtable-cl_noval-v=12-distilroberta-dj_adpt~qwen3_8b-dj_adpt,5,2,7,768,1024,0.210801,0.185333251953125,cuda
webtable-cl_noval-v=12-distilroberta-dj_adpt~qwen3_8b-dj_adpt,5,2,8,768,1024,0.221085,0.185333251953125,cuda
webtable-cl_noval-v=12-distilroberta-dj_adpt~qwen3_8b-dj_adpt,5,2,9,768,1024,0.210467,0.185333251953125,cuda
webtable-cl_noval-v=12-distilroberta-dj_adpt~qwen3_8b-dj_adpt,5,2,10,768,1024,0.20824199999999998,0.185333251953125,cuda
webtable-cl_noval-v=12-distilroberta-dj_adpt~qwen3_8b-dj_adpt,6,2,1,896,1024,0.196247,0.1853342056274414,cuda
webtable-cl_noval-v=12-distilroberta-dj_adpt~qwen3_8b-dj_adpt,6,2,2,896,1024,0.20984799999999998,0.1853342056274414,cuda
webtable-cl_noval-v=12-distilroberta-dj_adpt~qwen3_8b-dj_adpt,6,2,3,896,1024,0.208668,0.1853342056274414,cuda
webtable-cl_noval-v=12-distilroberta-dj_adpt~qwen3_8b-dj_adpt,6,2,4,896,1024,0.20907799999999999,0.1853342056274414,cuda
webtable-cl_noval-v=12-distilroberta-dj_adpt~qwen3_8b-dj_adpt,6,2,5,896,1024,0.208311,0.1853342056274414,cuda
webtable-cl_noval-v=12-distilroberta-dj_adpt~qwen3_8b-dj_adpt,6,2,6,896,1024,0.20887499999999998,0.1853342056274414,cuda
webtable-cl_noval-v=12-distilroberta-dj_adpt~qwen3_8b-dj_adpt,6,2,7,896,1024,0.207784,0.1853342056274414,cuda
webtable-cl_noval-v=12-distilroberta-dj_adpt~qwen3_8b-dj_adpt,6,2,8,896,1024,0.208252,0.1853342056274414,cuda
webtable-cl_noval-v=12-distilroberta-dj_adpt~qwen3_8b-dj_adpt,6,2,9,896,1024,0.20758,0.1853342056274414,cuda
webtable-cl_noval-v=12-distilroberta-dj_adpt~qwen3_8b-dj_adpt,6,2,10,896,1024,0.23692,0.1853342056274414,cuda
webtable-cl_noval-v=12-distilroberta-dj_adpt~qwen3_8b-dj_adpt,7,2,1,1024,1024,0.196286,0.1853351593017578,cuda
webtable-cl_noval-v=12-distilroberta-dj_adpt~qwen3_8b-dj_adpt,7,2,2,1024,1024,0.209472,0.1853351593017578,cuda
webtable-cl_noval-v=12-distilroberta-dj_adpt~qwen3_8b-dj_adpt,7,2,3,1024,1024,0.20771599999999998,0.1853351593017578,cuda
webtable-cl_noval-v=12-distilroberta-dj_adpt~qwen3_8b-dj_adpt,7,2,4,1024,1024,0.21115599999999998,0.1853351593017578,cuda
webtable-cl_noval-v=12-distilroberta-dj_adpt~qwen3_8b-dj_adpt,7,2,5,1024,1024,0.20910399999999998,0.1853351593017578,cuda
webtable-cl_noval-v=12-distilroberta-dj_adpt~qwen3_8b-dj_adpt,7,2,6,1024,1024,0.20793699999999998,0.1853351593017578,cuda
webtable-cl_noval-v=12-distilroberta-dj_adpt~qwen3_8b-dj_adpt,7,2,7,1024,1024,0.207971,0.1853351593017578,cuda
webtable-cl_noval-v=12-distilroberta-dj_adpt~qwen3_8b-dj_adpt,7,2,8,1024,1024,0.206114,0.1853351593017578,cuda
webtable-cl_noval-v=12-distilroberta-dj_adpt~qwen3_8b-dj_adpt,7,2,9,1024,1024,0.209066,0.1853351593017578,cuda
webtable-cl_noval-v=12-distilroberta-dj_adpt~qwen3_8b-dj_adpt,7,2,10,1024,1024,0.21099299999999999,0.1853351593017578,cuda
webtable-cl_noval-v=12-distilroberta-dj_adpt~qwen3_8b-dj_adpt,8,2,1,2560,1024,0.205457,0.1853466033935547,cuda
webtable-cl_noval-v=12-distilroberta-dj_adpt~qwen3_8b-dj_adpt,8,2,2,2560,1024,0.21697899999999998,0.1853466033935547,cuda
webtable-cl_noval-v=12-distilroberta-dj_adpt~qwen3_8b-dj_adpt,8,2,3,2560,1024,0.216032,0.1853466033935547,cuda
webtable-cl_noval-v=12-distilroberta-dj_adpt~qwen3_8b-dj_adpt,8,2,4,2560,1024,0.21559899999999999,0.1853466033935547,cuda
webtable-cl_noval-v=12-distilroberta-dj_adpt~qwen3_8b-dj_adpt,8,2,5,2560,1024,0.21609599999999998,0.1853466033935547,cuda
webtable-cl_noval-v=12-distilroberta-dj_adpt~qwen3_8b-dj_adpt,8,2,6,2560,1024,0.21392,0.1853466033935547,cuda
webtable-cl_noval-v=12-distilroberta-dj_adpt~qwen3_8b-dj_adpt,8,2,7,2560,1024,0.21556799999999998,0.1853466033935547,cuda
webtable-cl_noval-v=12-distilroberta-dj_adpt~qwen3_8b-dj_adpt,8,2,8,2560,1024,0.21434799999999998,0.1853466033935547,cuda
webtable-cl_noval-v=12-distilroberta-dj_adpt~qwen3_8b-dj_adpt,8,2,9,2560,1024,0.214083,0.1853466033935547,cuda
webtable-cl_noval-v=12-distilroberta-dj_adpt~qwen3_8b-dj_adpt,8,2,10,2560,1024,0.213698,0.1853466033935547,cuda
webtable-cl_noval-v=12-distilroberta-dj_adpt~qwen3_8b-dj_adpt,9,2,1,3840,1024,0.203921,0.18535614013671875,cuda
webtable-cl_noval-v=12-distilroberta-dj_adpt~qwen3_8b-dj_adpt,9,2,2,3840,1024,0.217521,0.18535614013671875,cuda
webtable-cl_noval-v=12-distilroberta-dj_adpt~qwen3_8b-dj_adpt,9,2,3,3840,1024,0.216157,0.18535614013671875,cuda
webtable-cl_noval-v=12-distilroberta-dj_adpt~qwen3_8b-dj_adpt,9,2,4,3840,1024,0.217047,0.18535614013671875,cuda
webtable-cl_noval-v=12-distilroberta-dj_adpt~qwen3_8b-dj_adpt,9,2,5,3840,1024,0.215606,0.18535614013671875,cuda
webtable-cl_noval-v=12-distilroberta-dj_adpt~qwen3_8b-dj_adpt,9,2,6,3840,1024,0.21509099999999998,0.18535614013671875,cuda
webtable-cl_noval-v=12-distilroberta-dj_adpt~qwen3_8b-dj_adpt,9,2,7,3840,1024,0.21486,0.18535614013671875,cuda
webtable-cl_noval-v=12-distilroberta-dj_adpt~qwen3_8b-dj_adpt,9,2,8,3840,1024,0.21428999999999998,0.18535614013671875,cuda
webtable-cl_noval-v=12-distilroberta-dj_adpt~qwen3_8b-dj_adpt,9,2,9,3840,1024,0.21597999999999998,0.18535614013671875,cuda
webtable-cl_noval-v=12-distilroberta-dj_adpt~qwen3_8b-dj_adpt,9,2,10,3840,1024,0.215163,0.18535614013671875,cuda
webtable-cl_noval-v=12-distilroberta-dj_adpt~qwen3_8b-dj_adpt,10,2,1,4096,1024,0.20246899999999998,0.18535804748535156,cuda
webtable-cl_noval-v=12-distilroberta-dj_adpt~qwen3_8b-dj_adpt,10,2,2,4096,1024,0.21897799999999998,0.18535804748535156,cuda
webtable-cl_noval-v=12-distilroberta-dj_adpt~qwen3_8b-dj_adpt,10,2,3,4096,1024,0.216333,0.18535804748535156,cuda
webtable-cl_noval-v=12-distilroberta-dj_adpt~qwen3_8b-dj_adpt,10,2,4,4096,1024,0.21584499999999998,0.18535804748535156,cuda
webtable-cl_noval-v=12-distilroberta-dj_adpt~qwen3_8b-dj_adpt,10,2,5,4096,1024,0.215334,0.18535804748535156,cuda
webtable-cl_noval-v=12-distilroberta-dj_adpt~qwen3_8b-dj_adpt,10,2,6,4096,1024,0.21670999999999999,0.18535804748535156,cuda
webtable-cl_noval-v=12-distilroberta-dj_adpt~qwen3_8b-dj_adpt,10,2,7,4096,1024,0.21612299999999998,0.18535804748535156,cuda
webtable-cl_noval-v=12-distilroberta-dj_adpt~qwen3_8b-dj_adpt,10,2,8,4096,1024,0.21595699999999998,0.18535804748535156,cuda
webtable-cl_noval-v=12-distilroberta-dj_adpt~qwen3_8b-dj_adpt,10,2,9,4096,1024,0.21656699999999998,0.18535804748535156,cuda
webtable-cl_noval-v=12-distilroberta-dj_adpt~qwen3_8b-dj_adpt,10,2,10,4096,1024,0.213784,0.18535804748535156,cuda
webtable-cl_noval-v=12-distilroberta-dj_adpt~qwen3_8b-dj_adpt,11,2,1,4096,1024,0.212526,0.18535804748535156,cuda
webtable-cl_noval-v=12-distilroberta-dj_adpt~qwen3_8b-dj_adpt,11,2,2,4096,1024,0.217666,0.18535804748535156,cuda
webtable-cl_noval-v=12-distilroberta-dj_adpt~qwen3_8b-dj_adpt,11,2,3,4096,1024,0.214614,0.18535804748535156,cuda
webtable-cl_noval-v=12-distilroberta-dj_adpt~qwen3_8b-dj_adpt,11,2,4,4096,1024,0.215839,0.18535804748535156,cuda
webtable-cl_noval-v=12-distilroberta-dj_adpt~qwen3_8b-dj_adpt,11,2,5,4096,1024,0.21545999999999998,0.18535804748535156,cuda
webtable-cl_noval-v=12-distilroberta-dj_adpt~qwen3_8b-dj_adpt,11,2,6,4096,1024,0.21781599999999998,0.18535804748535156,cuda
webtable-cl_noval-v=12-distilroberta-dj_adpt~qwen3_8b-dj_adpt,11,2,7,4096,1024,0.214108,0.18535804748535156,cuda
webtable-cl_noval-v=12-distilroberta-dj_adpt~qwen3_8b-dj_adpt,11,2,8,4096,1024,0.214809,0.18535804748535156,cuda
webtable-cl_noval-v=12-distilroberta-dj_adpt~qwen3_8b-dj_adpt,11,2,9,4096,1024,0.21531499999999998,0.18535804748535156,cuda
webtable-cl_noval-v=12-distilroberta-dj_adpt~qwen3_8b-dj_adpt,11,2,10,4096,1024,0.215058,0.18535804748535156,cuda
webtable-cl_noval-v=12-distilroberta-dj_adpt~qwen3_8b-dj_adpt,0,4,1,768,1024,0.225791,0.18535423278808594,cuda
webtable-cl_noval-v=12-distilroberta-dj_adpt~qwen3_8b-dj_adpt,0,4,2,768,1024,0.238707,0.18535423278808594,cuda
webtable-cl_noval-v=12-distilroberta-dj_adpt~qwen3_8b-dj_adpt,0,4,3,768,1024,0.223905,0.18535423278808594,cuda
webtable-cl_noval-v=12-distilroberta-dj_adpt~qwen3_8b-dj_adpt,0,4,4,768,1024,0.221263,0.18535423278808594,cuda
webtable-cl_noval-v=12-distilroberta-dj_adpt~qwen3_8b-dj_adpt,0,4,5,768,1024,0.22225999999999999,0.18535423278808594,cuda
webtable-cl_noval-v=12-distilroberta-dj_adpt~qwen3_8b-dj_adpt,0,4,6,768,1024,0.219461,0.18535423278808594,cuda
webtable-cl_noval-v=12-distilroberta-dj_adpt~qwen3_8b-dj_adpt,0,4,7,768,1024,0.220291,0.18535423278808594,cuda
webtable-cl_noval-v=12-distilroberta-dj_adpt~qwen3_8b-dj_adpt,0,4,8,768,1024,0.219161,0.18535423278808594,cuda
webtable-cl_noval-v=12-distilroberta-dj_adpt~qwen3_8b-dj_adpt,0,4,9,768,1024,0.221333,0.18535423278808594,cuda
webtable-cl_noval-v=12-distilroberta-dj_adpt~qwen3_8b-dj_adpt,0,4,10,768,1024,0.219885,0.18535423278808594,cuda
webtable-cl_noval-v=12-distilroberta-dj_adpt~qwen3_8b-dj_adpt,1,4,1,384,1024,0.207028,0.1853485107421875,cuda
webtable-cl_noval-v=12-distilroberta-dj_adpt~qwen3_8b-dj_adpt,1,4,2,384,1024,0.231259,0.1853485107421875,cuda
webtable-cl_noval-v=12-distilroberta-dj_adpt~qwen3_8b-dj_adpt,1,4,3,384,1024,0.246337,0.1853485107421875,cuda
webtable-cl_noval-v=12-distilroberta-dj_adpt~qwen3_8b-dj_adpt,1,4,4,384,1024,0.222521,0.1853485107421875,cuda
webtable-cl_noval-v=12-distilroberta-dj_adpt~qwen3_8b-dj_adpt,1,4,5,384,1024,0.22353099999999998,0.1853485107421875,cuda
webtable-cl_noval-v=12-distilroberta-dj_adpt~qwen3_8b-dj_adpt,1,4,6,384,1024,0.222791,0.1853485107421875,cuda
webtable-cl_noval-v=12-distilroberta-dj_adpt~qwen3_8b-dj_adpt,1,4,7,384,1024,0.220721,0.1853485107421875,cuda
webtable-cl_noval-v=12-distilroberta-dj_adpt~qwen3_8b-dj_adpt,1,4,8,384,1024,0.223134,0.1853485107421875,cuda
webtable-cl_noval-v=12-distilroberta-dj_adpt~qwen3_8b-dj_adpt,1,4,9,384,1024,0.219044,0.1853485107421875,cuda
webtable-cl_noval-v=12-distilroberta-dj_adpt~qwen3_8b-dj_adpt,1,4,10,384,1024,0.219189,0.1853485107421875,cuda
webtable-cl_noval-v=12-distilroberta-dj_adpt~qwen3_8b-dj_adpt,2,4,1,384,1024,0.20665699999999998,0.1853485107421875,cuda
webtable-cl_noval-v=12-distilroberta-dj_adpt~qwen3_8b-dj_adpt,2,4,2,384,1024,0.226316,0.1853485107421875,cuda
webtable-cl_noval-v=12-distilroberta-dj_adpt~qwen3_8b-dj_adpt,2,4,3,384,1024,0.220684,0.1853485107421875,cuda
webtable-cl_noval-v=12-distilroberta-dj_adpt~qwen3_8b-dj_adpt,2,4,4,384,1024,0.220391,0.1853485107421875,cuda
webtable-cl_noval-v=12-distilroberta-dj_adpt~qwen3_8b-dj_adpt,2,4,5,384,1024,0.219158,0.1853485107421875,cuda
webtable-cl_noval-v=12-distilroberta-dj_adpt~qwen3_8b-dj_adpt,2,4,6,384,1024,0.218745,0.1853485107421875,cuda
webtable-cl_noval-v=12-distilroberta-dj_adpt~qwen3_8b-dj_adpt,2,4,7,384,1024,0.218974,0.1853485107421875,cuda
webtable-cl_noval-v=12-distilroberta-dj_adpt~qwen3_8b-dj_adpt,2,4,8,384,1024,0.21903199999999998,0.1853485107421875,cuda
webtable-cl_noval-v=12-distilroberta-dj_adpt~qwen3_8b-dj_adpt,2,4,9,384,1024,0.219185,0.1853485107421875,cuda
webtable-cl_noval-v=12-distilroberta-dj_adpt~qwen3_8b-dj_adpt,2,4,10,384,1024,0.218265,0.1853485107421875,cuda
webtable-cl_noval-v=12-distilroberta-dj_adpt~qwen3_8b-dj_adpt,3,4,1,768,1024,0.20872,0.18535423278808594,cuda
webtable-cl_noval-v=12-distilroberta-dj_adpt~qwen3_8b-dj_adpt,3,4,2,768,1024,0.222266,0.18535423278808594,cuda
webtable-cl_noval-v=12-distilroberta-dj_adpt~qwen3_8b-dj_adpt,3,4,3,768,1024,0.226018,0.18535423278808594,cuda
webtable-cl_noval-v=12-distilroberta-dj_adpt~qwen3_8b-dj_adpt,3,4,4,768,1024,0.221112,0.18535423278808594,cuda
webtable-cl_noval-v=12-distilroberta-dj_adpt~qwen3_8b-dj_adpt,3,4,5,768,1024,0.220937,0.18535423278808594,cuda
webtable-cl_noval-v=12-distilroberta-dj_adpt~qwen3_8b-dj_adpt,3,4,6,768,1024,0.21936699999999998,0.18535423278808594,cuda
webtable-cl_noval-v=12-distilroberta-dj_adpt~qwen3_8b-dj_adpt,3,4,7,768,1024,0.219964,0.18535423278808594,cuda
webtable-cl_noval-v=12-distilroberta-dj_adpt~qwen3_8b-dj_adpt,3,4,8,768,1024,0.218807,0.18535423278808594,cuda
webtable-cl_noval-v=12-distilroberta-dj_adpt~qwen3_8b-dj_adpt,3,4,9,768,1024,0.218101,0.18535423278808594,cuda
webtable-cl_noval-v=12-distilroberta-dj_adpt~qwen3_8b-dj_adpt,3,4,10,768,1024,0.219236,0.18535423278808594,cuda
webtable-cl_noval-v=12-distilroberta-dj_adpt~qwen3_8b-dj_adpt,4,4,1,768,1024,0.207346,0.18535423278808594,cuda
webtable-cl_noval-v=12-distilroberta-dj_adpt~qwen3_8b-dj_adpt,4,4,2,768,1024,0.220935,0.18535423278808594,cuda
webtable-cl_noval-v=12-distilroberta-dj_adpt~qwen3_8b-dj_adpt,4,4,3,768,1024,0.218142,0.18535423278808594,cuda
webtable-cl_noval-v=12-distilroberta-dj_adpt~qwen3_8b-dj_adpt,4,4,4,768,1024,0.24847899999999998,0.18535423278808594,cuda
webtable-cl_noval-v=12-distilroberta-dj_adpt~qwen3_8b-dj_adpt,4,4,5,768,1024,0.22223099999999998,0.18535423278808594,cuda
webtable-cl_noval-v=12-distilroberta-dj_adpt~qwen3_8b-dj_adpt,4,4,6,768,1024,0.220243,0.18535423278808594,cuda
webtable-cl_noval-v=12-distilroberta-dj_adpt~qwen3_8b-dj_adpt,4,4,7,768,1024,0.220747,0.18535423278808594,cuda
webtable-cl_noval-v=12-distilroberta-dj_adpt~qwen3_8b-dj_adpt,4,4,8,768,1024,0.22111699999999998,0.18535423278808594,cuda
webtable-cl_noval-v=12-distilroberta-dj_adpt~qwen3_8b-dj_adpt,4,4,9,768,1024,0.218209,0.18535423278808594,cuda
webtable-cl_noval-v=12-distilroberta-dj_adpt~qwen3_8b-dj_adpt,4,4,10,768,1024,0.22186499999999998,0.18535423278808594,cuda
webtable-cl_noval-v=12-distilroberta-dj_adpt~qwen3_8b-dj_adpt,5,4,1,768,1024,0.20679699999999998,0.18535423278808594,cuda
webtable-cl_noval-v=12-distilroberta-dj_adpt~qwen3_8b-dj_adpt,5,4,2,768,1024,0.22094799999999998,0.18535423278808594,cuda
webtable-cl_noval-v=12-distilroberta-dj_adpt~qwen3_8b-dj_adpt,5,4,3,768,1024,0.225353,0.18535423278808594,cuda
webtable-cl_noval-v=12-distilroberta-dj_adpt~qwen3_8b-dj_adpt,5,4,4,768,1024,0.22139899999999998,0.18535423278808594,cuda
webtable-cl_noval-v=12-distilroberta-dj_adpt~qwen3_8b-dj_adpt,5,4,5,768,1024,0.218857,0.18535423278808594,cuda
webtable-cl_noval-v=12-distilroberta-dj_adpt~qwen3_8b-dj_adpt,5,4,6,768,1024,0.220054,0.18535423278808594,cuda
webtable-cl_noval-v=12-distilroberta-dj_adpt~qwen3_8b-dj_adpt,5,4,7,768,1024,0.220248,0.18535423278808594,cuda
webtable-cl_noval-v=12-distilroberta-dj_adpt~qwen3_8b-dj_adpt,5,4,8,768,1024,0.21816,0.18535423278808594,cuda
webtable-cl_noval-v=12-distilroberta-dj_adpt~qwen3_8b-dj_adpt,5,4,9,768,1024,0.218222,0.18535423278808594,cuda
webtable-cl_noval-v=12-distilroberta-dj_adpt~qwen3_8b-dj_adpt,5,4,10,768,1024,0.21811999999999998,0.18535423278808594,cuda
webtable-cl_noval-v=12-distilroberta-dj_adpt~qwen3_8b-dj_adpt,6,4,1,896,1024,0.20746499999999998,0.18535614013671875,cuda
webtable-cl_noval-v=12-distilroberta-dj_adpt~qwen3_8b-dj_adpt,6,4,2,896,1024,0.219458,0.18535614013671875,cuda
webtable-cl_noval-v=12-distilroberta-dj_adpt~qwen3_8b-dj_adpt,6,4,3,896,1024,0.21898399999999998,0.18535614013671875,cuda
webtable-cl_noval-v=12-distilroberta-dj_adpt~qwen3_8b-dj_adpt,6,4,4,896,1024,0.21720099999999998,0.18535614013671875,cuda
webtable-cl_noval-v=12-distilroberta-dj_adpt~qwen3_8b-dj_adpt,6,4,5,896,1024,0.222626,0.18535614013671875,cuda
webtable-cl_noval-v=12-distilroberta-dj_adpt~qwen3_8b-dj_adpt,6,4,6,896,1024,0.21932,0.18535614013671875,cuda
webtable-cl_noval-v=12-distilroberta-dj_adpt~qwen3_8b-dj_adpt,6,4,7,896,1024,0.219251,0.18535614013671875,cuda
webtable-cl_noval-v=12-distilroberta-dj_adpt~qwen3_8b-dj_adpt,6,4,8,896,1024,0.216807,0.18535614013671875,cuda
webtable-cl_noval-v=12-distilroberta-dj_adpt~qwen3_8b-dj_adpt,6,4,9,896,1024,0.219916,0.18535614013671875,cuda
webtable-cl_noval-v=12-distilroberta-dj_adpt~qwen3_8b-dj_adpt,6,4,10,896,1024,0.21959099999999998,0.18535614013671875,cuda
webtable-cl_noval-v=12-distilroberta-dj_adpt~qwen3_8b-dj_adpt,7,4,1,1024,1024,0.208117,0.18535804748535156,cuda
webtable-cl_noval-v=12-distilroberta-dj_adpt~qwen3_8b-dj_adpt,7,4,2,1024,1024,0.22042199999999998,0.18535804748535156,cuda
webtable-cl_noval-v=12-distilroberta-dj_adpt~qwen3_8b-dj_adpt,7,4,3,1024,1024,0.223101,0.18535804748535156,cuda
webtable-cl_noval-v=12-distilroberta-dj_adpt~qwen3_8b-dj_adpt,7,4,4,1024,1024,0.22037299999999999,0.18535804748535156,cuda
webtable-cl_noval-v=12-distilroberta-dj_adpt~qwen3_8b-dj_adpt,7,4,5,1024,1024,0.21889299999999998,0.18535804748535156,cuda
webtable-cl_noval-v=12-distilroberta-dj_adpt~qwen3_8b-dj_adpt,7,4,6,1024,1024,0.262561,0.18535804748535156,cuda
webtable-cl_noval-v=12-distilroberta-dj_adpt~qwen3_8b-dj_adpt,7,4,7,1024,1024,0.226758,0.18535804748535156,cuda
webtable-cl_noval-v=12-distilroberta-dj_adpt~qwen3_8b-dj_adpt,7,4,8,1024,1024,0.223177,0.18535804748535156,cuda
webtable-cl_noval-v=12-distilroberta-dj_adpt~qwen3_8b-dj_adpt,7,4,9,1024,1024,0.220134,0.18535804748535156,cuda
webtable-cl_noval-v=12-distilroberta-dj_adpt~qwen3_8b-dj_adpt,7,4,10,1024,1024,0.22153499999999998,0.18535804748535156,cuda
webtable-cl_noval-v=12-distilroberta-dj_adpt~qwen3_8b-dj_adpt,8,4,1,2560,1024,0.21184399999999998,0.1853809356689453,cuda
webtable-cl_noval-v=12-distilroberta-dj_adpt~qwen3_8b-dj_adpt,8,4,2,2560,1024,0.22600699999999999,0.1853809356689453,cuda
webtable-cl_noval-v=12-distilroberta-dj_adpt~qwen3_8b-dj_adpt,8,4,3,2560,1024,0.221655,0.1853809356689453,cuda
webtable-cl_noval-v=12-distilroberta-dj_adpt~qwen3_8b-dj_adpt,8,4,4,2560,1024,0.233948,0.1853809356689453,cuda
webtable-cl_noval-v=12-distilroberta-dj_adpt~qwen3_8b-dj_adpt,8,4,5,2560,1024,0.222886,0.1853809356689453,cuda
webtable-cl_noval-v=12-distilroberta-dj_adpt~qwen3_8b-dj_adpt,8,4,6,2560,1024,0.22161599999999998,0.1853809356689453,cuda
webtable-cl_noval-v=12-distilroberta-dj_adpt~qwen3_8b-dj_adpt,8,4,7,2560,1024,0.220944,0.1853809356689453,cuda
webtable-cl_noval-v=12-distilroberta-dj_adpt~qwen3_8b-dj_adpt,8,4,8,2560,1024,0.223294,0.1853809356689453,cuda
webtable-cl_noval-v=12-distilroberta-dj_adpt~qwen3_8b-dj_adpt,8,4,9,2560,1024,0.220602,0.1853809356689453,cuda
webtable-cl_noval-v=12-distilroberta-dj_adpt~qwen3_8b-dj_adpt,8,4,10,2560,1024,0.222329,0.1853809356689453,cuda
webtable-cl_noval-v=12-distilroberta-dj_adpt~qwen3_8b-dj_adpt,9,4,1,3840,1024,0.210662,0.18540000915527344,cuda
webtable-cl_noval-v=12-distilroberta-dj_adpt~qwen3_8b-dj_adpt,9,4,2,3840,1024,0.223792,0.18540000915527344,cuda
webtable-cl_noval-v=12-distilroberta-dj_adpt~qwen3_8b-dj_adpt,9,4,3,3840,1024,0.22250399999999998,0.18540000915527344,cuda
webtable-cl_noval-v=12-distilroberta-dj_adpt~qwen3_8b-dj_adpt,9,4,4,3840,1024,0.223938,0.18540000915527344,cuda
webtable-cl_noval-v=12-distilroberta-dj_adpt~qwen3_8b-dj_adpt,9,4,5,3840,1024,0.236864,0.18540000915527344,cuda
webtable-cl_noval-v=12-distilroberta-dj_adpt~qwen3_8b-dj_adpt,9,4,6,3840,1024,0.22328499999999998,0.18540000915527344,cuda
webtable-cl_noval-v=12-distilroberta-dj_adpt~qwen3_8b-dj_adpt,9,4,7,3840,1024,0.22369699999999998,0.18540000915527344,cuda
webtable-cl_noval-v=12-distilroberta-dj_adpt~qwen3_8b-dj_adpt,9,4,8,3840,1024,0.22417299999999998,0.18540000915527344,cuda
webtable-cl_noval-v=12-distilroberta-dj_adpt~qwen3_8b-dj_adpt,9,4,9,3840,1024,0.224162,0.18540000915527344,cuda
webtable-cl_noval-v=12-distilroberta-dj_adpt~qwen3_8b-dj_adpt,9,4,10,3840,1024,0.22444499999999998,0.18540000915527344,cuda
webtable-cl_noval-v=12-distilroberta-dj_adpt~qwen3_8b-dj_adpt,10,4,1,4096,1024,0.209641,0.18540382385253906,cuda
webtable-cl_noval-v=12-distilroberta-dj_adpt~qwen3_8b-dj_adpt,10,4,2,4096,1024,0.223621,0.18540382385253906,cuda
webtable-cl_noval-v=12-distilroberta-dj_adpt~qwen3_8b-dj_adpt,10,4,3,4096,1024,0.226684,0.18540382385253906,cuda
webtable-cl_noval-v=12-distilroberta-dj_adpt~qwen3_8b-dj_adpt,10,4,4,4096,1024,0.223958,0.18540382385253906,cuda
webtable-cl_noval-v=12-distilroberta-dj_adpt~qwen3_8b-dj_adpt,10,4,5,4096,1024,0.222235,0.18540382385253906,cuda
webtable-cl_noval-v=12-distilroberta-dj_adpt~qwen3_8b-dj_adpt,10,4,6,4096,1024,0.23324299999999998,0.18540382385253906,cuda
webtable-cl_noval-v=12-distilroberta-dj_adpt~qwen3_8b-dj_adpt,10,4,7,4096,1024,0.703979,0.18540382385253906,cuda
webtable-cl_noval-v=12-distilroberta-dj_adpt~qwen3_8b-dj_adpt,10,4,8,4096,1024,0.22758399999999998,0.18540382385253906,cuda
webtable-cl_noval-v=12-distilroberta-dj_adpt~qwen3_8b-dj_adpt,10,4,9,4096,1024,0.22483799999999998,0.18540382385253906,cuda
webtable-cl_noval-v=12-distilroberta-dj_adpt~qwen3_8b-dj_adpt,10,4,10,4096,1024,0.224151,0.18540382385253906,cuda
webtable-cl_noval-v=12-distilroberta-dj_adpt~qwen3_8b-dj_adpt,11,4,1,4096,1024,0.20890899999999998,0.18540382385253906,cuda
webtable-cl_noval-v=12-distilroberta-dj_adpt~qwen3_8b-dj_adpt,11,4,2,4096,1024,0.22483999999999998,0.18540382385253906,cuda
webtable-cl_noval-v=12-distilroberta-dj_adpt~qwen3_8b-dj_adpt,11,4,3,4096,1024,0.223746,0.18540382385253906,cuda
webtable-cl_noval-v=12-distilroberta-dj_adpt~qwen3_8b-dj_adpt,11,4,4,4096,1024,0.222402,0.18540382385253906,cuda
webtable-cl_noval-v=12-distilroberta-dj_adpt~qwen3_8b-dj_adpt,11,4,5,4096,1024,0.221717,0.18540382385253906,cuda
webtable-cl_noval-v=12-distilroberta-dj_adpt~qwen3_8b-dj_adpt,11,4,6,4096,1024,0.22586199999999998,0.18540382385253906,cuda
webtable-cl_noval-v=12-distilroberta-dj_adpt~qwen3_8b-dj_adpt,11,4,7,4096,1024,0.221606,0.18540382385253906,cuda
webtable-cl_noval-v=12-distilroberta-dj_adpt~qwen3_8b-dj_adpt,11,4,8,4096,1024,0.221333,0.18540382385253906,cuda
webtable-cl_noval-v=12-distilroberta-dj_adpt~qwen3_8b-dj_adpt,11,4,9,4096,1024,0.22120499999999998,0.18540382385253906,cuda
webtable-cl_noval-v=12-distilroberta-dj_adpt~qwen3_8b-dj_adpt,11,4,10,4096,1024,0.22081599999999998,0.18540382385253906,cuda
webtable-cl_noval-v=12-distilroberta-dj_adpt~qwen3_8b-dj_adpt,0,8,1,768,1024,0.225547,0.1853961944580078,cuda
webtable-cl_noval-v=12-distilroberta-dj_adpt~qwen3_8b-dj_adpt,0,8,2,768,1024,0.237039,0.1853961944580078,cuda
webtable-cl_noval-v=12-distilroberta-dj_adpt~qwen3_8b-dj_adpt,0,8,3,768,1024,0.225929,0.1853961944580078,cuda
webtable-cl_noval-v=12-distilroberta-dj_adpt~qwen3_8b-dj_adpt,0,8,4,768,1024,0.223736,0.1853961944580078,cuda
webtable-cl_noval-v=12-distilroberta-dj_adpt~qwen3_8b-dj_adpt,0,8,5,768,1024,0.232953,0.1853961944580078,cuda
webtable-cl_noval-v=12-distilroberta-dj_adpt~qwen3_8b-dj_adpt,0,8,6,768,1024,0.225266,0.1853961944580078,cuda
webtable-cl_noval-v=12-distilroberta-dj_adpt~qwen3_8b-dj_adpt,0,8,7,768,1024,0.22414499999999998,0.1853961944580078,cuda
webtable-cl_noval-v=12-distilroberta-dj_adpt~qwen3_8b-dj_adpt,0,8,8,768,1024,0.223217,0.1853961944580078,cuda
webtable-cl_noval-v=12-distilroberta-dj_adpt~qwen3_8b-dj_adpt,0,8,9,768,1024,0.224324,0.1853961944580078,cuda
webtable-cl_noval-v=12-distilroberta-dj_adpt~qwen3_8b-dj_adpt,0,8,10,768,1024,0.225101,0.1853961944580078,cuda
webtable-cl_noval-v=12-distilroberta-dj_adpt~qwen3_8b-dj_adpt,1,8,1,384,1024,0.210835,0.18538475036621094,cuda
webtable-cl_noval-v=12-distilroberta-dj_adpt~qwen3_8b-dj_adpt,1,8,2,384,1024,0.22705,0.18538475036621094,cuda
webtable-cl_noval-v=12-distilroberta-dj_adpt~qwen3_8b-dj_adpt,1,8,3,384,1024,0.22497199999999998,0.18538475036621094,cuda
webtable-cl_noval-v=12-distilroberta-dj_adpt~qwen3_8b-dj_adpt,1,8,4,384,1024,0.225067,0.18538475036621094,cuda
webtable-cl_noval-v=12-distilroberta-dj_adpt~qwen3_8b-dj_adpt,1,8,5,384,1024,0.226018,0.18538475036621094,cuda
webtable-cl_noval-v=12-distilroberta-dj_adpt~qwen3_8b-dj_adpt,1,8,6,384,1024,0.287447,0.18538475036621094,cuda
webtable-cl_noval-v=12-distilroberta-dj_adpt~qwen3_8b-dj_adpt,1,8,7,384,1024,0.22622699999999998,0.18538475036621094,cuda
webtable-cl_noval-v=12-distilroberta-dj_adpt~qwen3_8b-dj_adpt,1,8,8,384,1024,0.225103,0.18538475036621094,cuda
webtable-cl_noval-v=12-distilroberta-dj_adpt~qwen3_8b-dj_adpt,1,8,9,384,1024,0.246616,0.18538475036621094,cuda
webtable-cl_noval-v=12-distilroberta-dj_adpt~qwen3_8b-dj_adpt,1,8,10,384,1024,0.225441,0.18538475036621094,cuda
webtable-cl_noval-v=12-distilroberta-dj_adpt~qwen3_8b-dj_adpt,2,8,1,384,1024,0.211248,0.18538475036621094,cuda
webtable-cl_noval-v=12-distilroberta-dj_adpt~qwen3_8b-dj_adpt,2,8,2,384,1024,0.226258,0.18538475036621094,cuda
webtable-cl_noval-v=12-distilroberta-dj_adpt~qwen3_8b-dj_adpt,2,8,3,384,1024,0.223859,0.18538475036621094,cuda
webtable-cl_noval-v=12-distilroberta-dj_adpt~qwen3_8b-dj_adpt,2,8,4,384,1024,0.22236999999999998,0.18538475036621094,cuda
webtable-cl_noval-v=12-distilroberta-dj_adpt~qwen3_8b-dj_adpt,2,8,5,384,1024,0.230347,0.18538475036621094,cuda
webtable-cl_noval-v=12-distilroberta-dj_adpt~qwen3_8b-dj_adpt,2,8,6,384,1024,0.22630999999999998,0.18538475036621094,cuda
webtable-cl_noval-v=12-distilroberta-dj_adpt~qwen3_8b-dj_adpt,2,8,7,384,1024,0.22183599999999998,0.18538475036621094,cuda
webtable-cl_noval-v=12-distilroberta-dj_adpt~qwen3_8b-dj_adpt,2,8,8,384,1024,0.219474,0.18538475036621094,cuda
webtable-cl_noval-v=12-distilroberta-dj_adpt~qwen3_8b-dj_adpt,2,8,9,384,1024,0.22164999999999999,0.18538475036621094,cuda
webtable-cl_noval-v=12-distilroberta-dj_adpt~qwen3_8b-dj_adpt,2,8,10,384,1024,0.22255599999999998,0.18538475036621094,cuda
webtable-cl_noval-v=12-distilroberta-dj_adpt~qwen3_8b-dj_adpt,3,8,1,768,1024,0.209288,0.1853961944580078,cuda
webtable-cl_noval-v=12-distilroberta-dj_adpt~qwen3_8b-dj_adpt,3,8,2,768,1024,0.22180999999999998,0.1853961944580078,cuda
webtable-cl_noval-v=12-distilroberta-dj_adpt~qwen3_8b-dj_adpt,3,8,3,768,1024,0.22189899999999999,0.1853961944580078,cuda
webtable-cl_noval-v=12-distilroberta-dj_adpt~qwen3_8b-dj_adpt,3,8,4,768,1024,0.22325299999999998,0.1853961944580078,cuda
webtable-cl_noval-v=12-distilroberta-dj_adpt~qwen3_8b-dj_adpt,3,8,5,768,1024,0.223958,0.1853961944580078,cuda
webtable-cl_noval-v=12-distilroberta-dj_adpt~qwen3_8b-dj_adpt,3,8,6,768,1024,0.22042099999999998,0.1853961944580078,cuda
webtable-cl_noval-v=12-distilroberta-dj_adpt~qwen3_8b-dj_adpt,3,8,7,768,1024,0.22485,0.1853961944580078,cuda
webtable-cl_noval-v=12-distilroberta-dj_adpt~qwen3_8b-dj_adpt,3,8,8,768,1024,0.22367099999999998,0.1853961944580078,cuda
webtable-cl_noval-v=12-distilroberta-dj_adpt~qwen3_8b-dj_adpt,3,8,9,768,1024,0.222039,0.1853961944580078,cuda
webtable-cl_noval-v=12-distilroberta-dj_adpt~qwen3_8b-dj_adpt,3,8,10,768,1024,0.22255599999999998,0.1853961944580078,cuda
webtable-cl_noval-v=12-distilroberta-dj_adpt~qwen3_8b-dj_adpt,4,8,1,768,1024,0.208812,0.1853961944580078,cuda
webtable-cl_noval-v=12-distilroberta-dj_adpt~qwen3_8b-dj_adpt,4,8,2,768,1024,0.22144799999999998,0.1853961944580078,cuda
webtable-cl_noval-v=12-distilroberta-dj_adpt~qwen3_8b-dj_adpt,4,8,3,768,1024,0.22064999999999999,0.1853961944580078,cuda
webtable-cl_noval-v=12-distilroberta-dj_adpt~qwen3_8b-dj_adpt,4,8,4,768,1024,0.223762,0.1853961944580078,cuda
webtable-cl_noval-v=12-distilroberta-dj_adpt~qwen3_8b-dj_adpt,4,8,5,768,1024,0.220243,0.1853961944580078,cuda
webtable-cl_noval-v=12-distilroberta-dj_adpt~qwen3_8b-dj_adpt,4,8,6,768,1024,0.221079,0.1853961944580078,cuda
webtable-cl_noval-v=12-distilroberta-dj_adpt~qwen3_8b-dj_adpt,4,8,7,768,1024,0.220217,0.1853961944580078,cuda
webtable-cl_noval-v=12-distilroberta-dj_adpt~qwen3_8b-dj_adpt,4,8,8,768,1024,0.22477,0.1853961944580078,cuda
webtable-cl_noval-v=12-distilroberta-dj_adpt~qwen3_8b-dj_adpt,4,8,9,768,1024,0.22111499999999998,0.1853961944580078,cuda
webtable-cl_noval-v=12-distilroberta-dj_adpt~qwen3_8b-dj_adpt,4,8,10,768,1024,0.705731,0.1853961944580078,cuda
webtable-cl_noval-v=12-distilroberta-dj_adpt~qwen3_8b-dj_adpt,5,8,1,768,1024,0.20921499999999998,0.1853961944580078,cuda
webtable-cl_noval-v=12-distilroberta-dj_adpt~qwen3_8b-dj_adpt,5,8,2,768,1024,0.22400099999999998,0.1853961944580078,cuda
webtable-cl_noval-v=12-distilroberta-dj_adpt~qwen3_8b-dj_adpt,5,8,3,768,1024,0.22279,0.1853961944580078,cuda
webtable-cl_noval-v=12-distilroberta-dj_adpt~qwen3_8b-dj_adpt,5,8,4,768,1024,0.22056599999999998,0.1853961944580078,cuda
webtable-cl_noval-v=12-distilroberta-dj_adpt~qwen3_8b-dj_adpt,5,8,5,768,1024,0.22051199999999999,0.1853961944580078,cuda
webtable-cl_noval-v=12-distilroberta-dj_adpt~qwen3_8b-dj_adpt,5,8,6,768,1024,0.22017799999999998,0.1853961944580078,cuda
webtable-cl_noval-v=12-distilroberta-dj_adpt~qwen3_8b-dj_adpt,5,8,7,768,1024,0.233235,0.1853961944580078,cuda
webtable-cl_noval-v=12-distilroberta-dj_adpt~qwen3_8b-dj_adpt,5,8,8,768,1024,0.22125199999999998,0.1853961944580078,cuda
webtable-cl_noval-v=12-distilroberta-dj_adpt~qwen3_8b-dj_adpt,5,8,9,768,1024,0.22250099999999998,0.1853961944580078,cuda
webtable-cl_noval-v=12-distilroberta-dj_adpt~qwen3_8b-dj_adpt,5,8,10,768,1024,0.22179,0.1853961944580078,cuda
webtable-cl_noval-v=12-distilroberta-dj_adpt~qwen3_8b-dj_adpt,6,8,1,896,1024,0.20865,0.18540000915527344,cuda
webtable-cl_noval-v=12-distilroberta-dj_adpt~qwen3_8b-dj_adpt,6,8,2,896,1024,0.22142599999999998,0.18540000915527344,cuda
webtable-cl_noval-v=12-distilroberta-dj_adpt~qwen3_8b-dj_adpt,6,8,3,896,1024,0.223523,0.18540000915527344,cuda
webtable-cl_noval-v=12-distilroberta-dj_adpt~qwen3_8b-dj_adpt,6,8,4,896,1024,0.219236,0.18540000915527344,cuda
webtable-cl_noval-v=12-distilroberta-dj_adpt~qwen3_8b-dj_adpt,6,8,5,896,1024,0.220438,0.18540000915527344,cuda
webtable-cl_noval-v=12-distilroberta-dj_adpt~qwen3_8b-dj_adpt,6,8,6,896,1024,0.22053599999999998,0.18540000915527344,cuda
webtable-cl_noval-v=12-distilroberta-dj_adpt~qwen3_8b-dj_adpt,6,8,7,896,1024,0.220054,0.18540000915527344,cuda
webtable-cl_noval-v=12-distilroberta-dj_adpt~qwen3_8b-dj_adpt,6,8,8,896,1024,0.22874999999999998,0.18540000915527344,cuda
webtable-cl_noval-v=12-distilroberta-dj_adpt~qwen3_8b-dj_adpt,6,8,9,896,1024,0.220681,0.18540000915527344,cuda
webtable-cl_noval-v=12-distilroberta-dj_adpt~qwen3_8b-dj_adpt,6,8,10,896,1024,0.22192599999999998,0.18540000915527344,cuda
webtable-cl_noval-v=12-distilroberta-dj_adpt~qwen3_8b-dj_adpt,7,8,1,1024,1024,0.21079399999999998,0.18540382385253906,cuda
webtable-cl_noval-v=12-distilroberta-dj_adpt~qwen3_8b-dj_adpt,7,8,2,1024,1024,0.22333999999999998,0.18540382385253906,cuda
webtable-cl_noval-v=12-distilroberta-dj_adpt~qwen3_8b-dj_adpt,7,8,3,1024,1024,0.220495,0.18540382385253906,cuda
webtable-cl_noval-v=12-distilroberta-dj_adpt~qwen3_8b-dj_adpt,7,8,4,1024,1024,0.219849,0.18540382385253906,cuda
webtable-cl_noval-v=12-distilroberta-dj_adpt~qwen3_8b-dj_adpt,7,8,5,1024,1024,0.22053399999999998,0.18540382385253906,cuda
webtable-cl_noval-v=12-distilroberta-dj_adpt~qwen3_8b-dj_adpt,7,8,6,1024,1024,0.221236,0.18540382385253906,cuda
webtable-cl_noval-v=12-distilroberta-dj_adpt~qwen3_8b-dj_adpt,7,8,7,1024,1024,0.22019999999999998,0.18540382385253906,cuda
webtable-cl_noval-v=12-distilroberta-dj_adpt~qwen3_8b-dj_adpt,7,8,8,1024,1024,0.220654,0.18540382385253906,cuda
webtable-cl_noval-v=12-distilroberta-dj_adpt~qwen3_8b-dj_adpt,7,8,9,1024,1024,0.22952499999999998,0.18540382385253906,cuda
webtable-cl_noval-v=12-distilroberta-dj_adpt~qwen3_8b-dj_adpt,7,8,10,1024,1024,0.22053899999999999,0.18540382385253906,cuda
webtable-cl_noval-v=12-distilroberta-dj_adpt~qwen3_8b-dj_adpt,8,8,1,2560,1024,0.208457,0.18544960021972656,cuda
webtable-cl_noval-v=12-distilroberta-dj_adpt~qwen3_8b-dj_adpt,8,8,2,2560,1024,0.252503,0.18544960021972656,cuda
webtable-cl_noval-v=12-distilroberta-dj_adpt~qwen3_8b-dj_adpt,8,8,3,2560,1024,0.22480399999999998,0.18544960021972656,cuda
webtable-cl_noval-v=12-distilroberta-dj_adpt~qwen3_8b-dj_adpt,8,8,4,2560,1024,0.226342,0.18544960021972656,cuda
webtable-cl_noval-v=12-distilroberta-dj_adpt~qwen3_8b-dj_adpt,8,8,5,2560,1024,0.224819,0.18544960021972656,cuda
webtable-cl_noval-v=12-distilroberta-dj_adpt~qwen3_8b-dj_adpt,8,8,6,2560,1024,0.223186,0.18544960021972656,cuda
webtable-cl_noval-v=12-distilroberta-dj_adpt~qwen3_8b-dj_adpt,8,8,7,2560,1024,0.226048,0.18544960021972656,cuda
webtable-cl_noval-v=12-distilroberta-dj_adpt~qwen3_8b-dj_adpt,8,8,8,2560,1024,0.222936,0.18544960021972656,cuda
webtable-cl_noval-v=12-distilroberta-dj_adpt~qwen3_8b-dj_adpt,8,8,9,2560,1024,0.228489,0.18544960021972656,cuda
webtable-cl_noval-v=12-distilroberta-dj_adpt~qwen3_8b-dj_adpt,8,8,10,2560,1024,0.222827,0.18544960021972656,cuda
webtable-cl_noval-v=12-distilroberta-dj_adpt~qwen3_8b-dj_adpt,9,8,1,3840,1024,0.210199,0.1854877471923828,cuda
webtable-cl_noval-v=12-distilroberta-dj_adpt~qwen3_8b-dj_adpt,9,8,2,3840,1024,0.22577699999999998,0.1854877471923828,cuda
webtable-cl_noval-v=12-distilroberta-dj_adpt~qwen3_8b-dj_adpt,9,8,3,3840,1024,0.22308899999999998,0.1854877471923828,cuda
webtable-cl_noval-v=12-distilroberta-dj_adpt~qwen3_8b-dj_adpt,9,8,4,3840,1024,0.223104,0.1854877471923828,cuda
webtable-cl_noval-v=12-distilroberta-dj_adpt~qwen3_8b-dj_adpt,9,8,5,3840,1024,0.22311199999999998,0.1854877471923828,cuda
webtable-cl_noval-v=12-distilroberta-dj_adpt~qwen3_8b-dj_adpt,9,8,6,3840,1024,0.22235,0.1854877471923828,cuda
webtable-cl_noval-v=12-distilroberta-dj_adpt~qwen3_8b-dj_adpt,9,8,7,3840,1024,0.221997,0.1854877471923828,cuda
webtable-cl_noval-v=12-distilroberta-dj_adpt~qwen3_8b-dj_adpt,9,8,8,3840,1024,0.223638,0.1854877471923828,cuda
webtable-cl_noval-v=12-distilroberta-dj_adpt~qwen3_8b-dj_adpt,9,8,9,3840,1024,0.22239099999999998,0.1854877471923828,cuda
webtable-cl_noval-v=12-distilroberta-dj_adpt~qwen3_8b-dj_adpt,9,8,10,3840,1024,0.22730699999999998,0.1854877471923828,cuda
webtable-cl_noval-v=12-distilroberta-dj_adpt~qwen3_8b-dj_adpt,10,8,1,4096,1024,0.211635,0.18549537658691406,cuda
webtable-cl_noval-v=12-distilroberta-dj_adpt~qwen3_8b-dj_adpt,10,8,2,4096,1024,0.22414599999999998,0.18549537658691406,cuda
webtable-cl_noval-v=12-distilroberta-dj_adpt~qwen3_8b-dj_adpt,10,8,3,4096,1024,0.22196,0.18549537658691406,cuda
webtable-cl_noval-v=12-distilroberta-dj_adpt~qwen3_8b-dj_adpt,10,8,4,4096,1024,0.222379,0.18549537658691406,cuda
webtable-cl_noval-v=12-distilroberta-dj_adpt~qwen3_8b-dj_adpt,10,8,5,4096,1024,0.224463,0.18549537658691406,cuda
webtable-cl_noval-v=12-distilroberta-dj_adpt~qwen3_8b-dj_adpt,10,8,6,4096,1024,0.220278,0.18549537658691406,cuda
webtable-cl_noval-v=12-distilroberta-dj_adpt~qwen3_8b-dj_adpt,10,8,7,4096,1024,0.222214,0.18549537658691406,cuda
webtable-cl_noval-v=12-distilroberta-dj_adpt~qwen3_8b-dj_adpt,10,8,8,4096,1024,0.224404,0.18549537658691406,cuda
webtable-cl_noval-v=12-distilroberta-dj_adpt~qwen3_8b-dj_adpt,10,8,9,4096,1024,0.22222399999999998,0.18549537658691406,cuda
webtable-cl_noval-v=12-distilroberta-dj_adpt~qwen3_8b-dj_adpt,10,8,10,4096,1024,0.222028,0.18549537658691406,cuda
webtable-cl_noval-v=12-distilroberta-dj_adpt~qwen3_8b-dj_adpt,11,8,1,4096,1024,0.208282,0.18549537658691406,cuda
webtable-cl_noval-v=12-distilroberta-dj_adpt~qwen3_8b-dj_adpt,11,8,2,4096,1024,0.223819,0.18549537658691406,cuda
webtable-cl_noval-v=12-distilroberta-dj_adpt~qwen3_8b-dj_adpt,11,8,3,4096,1024,0.25404499999999997,0.18549537658691406,cuda
webtable-cl_noval-v=12-distilroberta-dj_adpt~qwen3_8b-dj_adpt,11,8,4,4096,1024,0.22874799999999998,0.18549537658691406,cuda
webtable-cl_noval-v=12-distilroberta-dj_adpt~qwen3_8b-dj_adpt,11,8,5,4096,1024,0.225348,0.18549537658691406,cuda
webtable-cl_noval-v=12-distilroberta-dj_adpt~qwen3_8b-dj_adpt,11,8,6,4096,1024,0.225076,0.18549537658691406,cuda
webtable-cl_noval-v=12-distilroberta-dj_adpt~qwen3_8b-dj_adpt,11,8,7,4096,1024,0.221941,0.18549537658691406,cuda
webtable-cl_noval-v=12-distilroberta-dj_adpt~qwen3_8b-dj_adpt,11,8,8,4096,1024,0.22275899999999998,0.18549537658691406,cuda
webtable-cl_noval-v=12-distilroberta-dj_adpt~qwen3_8b-dj_adpt,11,8,9,4096,1024,0.222079,0.18549537658691406,cuda
webtable-cl_noval-v=12-distilroberta-dj_adpt~qwen3_8b-dj_adpt,11,8,10,4096,1024,0.233238,0.18549537658691406,cuda
webtable-cl_noval-v=12-distilroberta-dj_adpt~qwen3_8b-dj_adpt,0,16,1,768,1024,0.22219999999999998,0.18548011779785156,cuda
webtable-cl_noval-v=12-distilroberta-dj_adpt~qwen3_8b-dj_adpt,0,16,2,768,1024,0.23225099999999999,0.18548011779785156,cuda
webtable-cl_noval-v=12-distilroberta-dj_adpt~qwen3_8b-dj_adpt,0,16,3,768,1024,0.225236,0.18548011779785156,cuda
webtable-cl_noval-v=12-distilroberta-dj_adpt~qwen3_8b-dj_adpt,0,16,4,768,1024,0.221797,0.18548011779785156,cuda
webtable-cl_noval-v=12-distilroberta-dj_adpt~qwen3_8b-dj_adpt,0,16,5,768,1024,0.22378499999999998,0.18548011779785156,cuda
webtable-cl_noval-v=12-distilroberta-dj_adpt~qwen3_8b-dj_adpt,0,16,6,768,1024,0.220882,0.18548011779785156,cuda
webtable-cl_noval-v=12-distilroberta-dj_adpt~qwen3_8b-dj_adpt,0,16,7,768,1024,0.22256599999999999,0.18548011779785156,cuda
webtable-cl_noval-v=12-distilroberta-dj_adpt~qwen3_8b-dj_adpt,0,16,8,768,1024,0.22155799999999998,0.18548011779785156,cuda
webtable-cl_noval-v=12-distilroberta-dj_adpt~qwen3_8b-dj_adpt,0,16,9,768,1024,0.22233399999999998,0.18548011779785156,cuda
webtable-cl_noval-v=12-distilroberta-dj_adpt~qwen3_8b-dj_adpt,0,16,10,768,1024,0.234739,0.18548011779785156,cuda
webtable-cl_noval-v=12-distilroberta-dj_adpt~qwen3_8b-dj_adpt,1,16,1,384,1024,0.211494,0.1854572296142578,cuda
webtable-cl_noval-v=12-distilroberta-dj_adpt~qwen3_8b-dj_adpt,1,16,2,384,1024,0.22705199999999998,0.1854572296142578,cuda
webtable-cl_noval-v=12-distilroberta-dj_adpt~qwen3_8b-dj_adpt,1,16,3,384,1024,0.22477999999999998,0.1854572296142578,cuda
webtable-cl_noval-v=12-distilroberta-dj_adpt~qwen3_8b-dj_adpt,1,16,4,384,1024,0.22419899999999998,0.1854572296142578,cuda
webtable-cl_noval-v=12-distilroberta-dj_adpt~qwen3_8b-dj_adpt,1,16,5,384,1024,0.22336899999999998,0.1854572296142578,cuda
webtable-cl_noval-v=12-distilroberta-dj_adpt~qwen3_8b-dj_adpt,1,16,6,384,1024,0.22355799999999998,0.1854572296142578,cuda
webtable-cl_noval-v=12-distilroberta-dj_adpt~qwen3_8b-dj_adpt,1,16,7,384,1024,0.222903,0.1854572296142578,cuda
webtable-cl_noval-v=12-distilroberta-dj_adpt~qwen3_8b-dj_adpt,1,16,8,384,1024,0.22339099999999998,0.1854572296142578,cuda
webtable-cl_noval-v=12-distilroberta-dj_adpt~qwen3_8b-dj_adpt,1,16,9,384,1024,0.224297,0.1854572296142578,cuda
webtable-cl_noval-v=12-distilroberta-dj_adpt~qwen3_8b-dj_adpt,1,16,10,384,1024,0.223373,0.1854572296142578,cuda
webtable-cl_noval-v=12-distilroberta-dj_adpt~qwen3_8b-dj_adpt,2,16,1,384,1024,0.21057199999999998,0.1854572296142578,cuda
webtable-cl_noval-v=12-distilroberta-dj_adpt~qwen3_8b-dj_adpt,2,16,2,384,1024,0.223963,0.1854572296142578,cuda
webtable-cl_noval-v=12-distilroberta-dj_adpt~qwen3_8b-dj_adpt,2,16,3,384,1024,0.22111799999999998,0.1854572296142578,cuda
webtable-cl_noval-v=12-distilroberta-dj_adpt~qwen3_8b-dj_adpt,2,16,4,384,1024,0.22184199999999998,0.1854572296142578,cuda
webtable-cl_noval-v=12-distilroberta-dj_adpt~qwen3_8b-dj_adpt,2,16,5,384,1024,0.24617,0.1854572296142578,cuda
webtable-cl_noval-v=12-distilroberta-dj_adpt~qwen3_8b-dj_adpt,2,16,6,384,1024,0.225682,0.1854572296142578,cuda
webtable-cl_noval-v=12-distilroberta-dj_adpt~qwen3_8b-dj_adpt,2,16,7,384,1024,0.224712,0.1854572296142578,cuda
webtable-cl_noval-v=12-distilroberta-dj_adpt~qwen3_8b-dj_adpt,2,16,8,384,1024,0.225206,0.1854572296142578,cuda
webtable-cl_noval-v=12-distilroberta-dj_adpt~qwen3_8b-dj_adpt,2,16,9,384,1024,0.223888,0.1854572296142578,cuda
webtable-cl_noval-v=12-distilroberta-dj_adpt~qwen3_8b-dj_adpt,2,16,10,384,1024,0.225152,0.1854572296142578,cuda
webtable-cl_noval-v=12-distilroberta-dj_adpt~qwen3_8b-dj_adpt,3,16,1,768,1024,0.209968,0.18548011779785156,cuda
webtable-cl_noval-v=12-distilroberta-dj_adpt~qwen3_8b-dj_adpt,3,16,2,768,1024,0.22485,0.18548011779785156,cuda
webtable-cl_noval-v=12-distilroberta-dj_adpt~qwen3_8b-dj_adpt,3,16,3,768,1024,0.220936,0.18548011779785156,cuda
webtable-cl_noval-v=12-distilroberta-dj_adpt~qwen3_8b-dj_adpt,3,16,4,768,1024,0.222221,0.18548011779785156,cuda
webtable-cl_noval-v=12-distilroberta-dj_adpt~qwen3_8b-dj_adpt,3,16,5,768,1024,0.22166999999999998,0.18548011779785156,cuda
webtable-cl_noval-v=12-distilroberta-dj_adpt~qwen3_8b-dj_adpt,3,16,6,768,1024,0.22295199999999998,0.18548011779785156,cuda
webtable-cl_noval-v=12-distilroberta-dj_adpt~qwen3_8b-dj_adpt,3,16,7,768,1024,0.222662,0.18548011779785156,cuda
webtable-cl_noval-v=12-distilroberta-dj_adpt~qwen3_8b-dj_adpt,3,16,8,768,1024,0.22196,0.18548011779785156,cuda
webtable-cl_noval-v=12-distilroberta-dj_adpt~qwen3_8b-dj_adpt,3,16,9,768,1024,0.222715,0.18548011779785156,cuda
webtable-cl_noval-v=12-distilroberta-dj_adpt~qwen3_8b-dj_adpt,3,16,10,768,1024,0.223552,0.18548011779785156,cuda
webtable-cl_noval-v=12-distilroberta-dj_adpt~qwen3_8b-dj_adpt,4,16,1,768,1024,0.213358,0.18548011779785156,cuda
webtable-cl_noval-v=12-distilroberta-dj_adpt~qwen3_8b-dj_adpt,4,16,2,768,1024,0.22277999999999998,0.18548011779785156,cuda
webtable-cl_noval-v=12-distilroberta-dj_adpt~qwen3_8b-dj_adpt,4,16,3,768,1024,0.220346,0.18548011779785156,cuda
webtable-cl_noval-v=12-distilroberta-dj_adpt~qwen3_8b-dj_adpt,4,16,4,768,1024,0.221541,0.18548011779785156,cuda
webtable-cl_noval-v=12-distilroberta-dj_adpt~qwen3_8b-dj_adpt,4,16,5,768,1024,0.22075699999999998,0.18548011779785156,cuda
webtable-cl_noval-v=12-distilroberta-dj_adpt~qwen3_8b-dj_adpt,4,16,6,768,1024,0.220076,0.18548011779785156,cuda
webtable-cl_noval-v=12-distilroberta-dj_adpt~qwen3_8b-dj_adpt,4,16,7,768,1024,0.219375,0.18548011779785156,cuda
webtable-cl_noval-v=12-distilroberta-dj_adpt~qwen3_8b-dj_adpt,4,16,8,768,1024,0.222823,0.18548011779785156,cuda
webtable-cl_noval-v=12-distilroberta-dj_adpt~qwen3_8b-dj_adpt,4,16,9,768,1024,0.219501,0.18548011779785156,cuda
webtable-cl_noval-v=12-distilroberta-dj_adpt~qwen3_8b-dj_adpt,4,16,10,768,1024,0.22070399999999998,0.18548011779785156,cuda
webtable-cl_noval-v=12-distilroberta-dj_adpt~qwen3_8b-dj_adpt,5,16,1,768,1024,0.21062899999999998,0.18548011779785156,cuda
webtable-cl_noval-v=12-distilroberta-dj_adpt~qwen3_8b-dj_adpt,5,16,2,768,1024,0.23135899999999998,0.18548011779785156,cuda
webtable-cl_noval-v=12-distilroberta-dj_adpt~qwen3_8b-dj_adpt,5,16,3,768,1024,0.222159,0.18548011779785156,cuda
webtable-cl_noval-v=12-distilroberta-dj_adpt~qwen3_8b-dj_adpt,5,16,4,768,1024,0.220212,0.18548011779785156,cuda
webtable-cl_noval-v=12-distilroberta-dj_adpt~qwen3_8b-dj_adpt,5,16,5,768,1024,0.220433,0.18548011779785156,cuda
webtable-cl_noval-v=12-distilroberta-dj_adpt~qwen3_8b-dj_adpt,5,16,6,768,1024,0.245218,0.18548011779785156,cuda
webtable-cl_noval-v=12-distilroberta-dj_adpt~qwen3_8b-dj_adpt,5,16,7,768,1024,0.22566499999999998,0.18548011779785156,cuda
webtable-cl_noval-v=12-distilroberta-dj_adpt~qwen3_8b-dj_adpt,5,16,8,768,1024,0.224682,0.18548011779785156,cuda
webtable-cl_noval-v=12-distilroberta-dj_adpt~qwen3_8b-dj_adpt,5,16,9,768,1024,0.223859,0.18548011779785156,cuda
webtable-cl_noval-v=12-distilroberta-dj_adpt~qwen3_8b-dj_adpt,5,16,10,768,1024,0.22250099999999998,0.18548011779785156,cuda
webtable-cl_noval-v=12-distilroberta-dj_adpt~qwen3_8b-dj_adpt,6,16,1,896,1024,0.24667,0.1854877471923828,cuda
webtable-cl_noval-v=12-distilroberta-dj_adpt~qwen3_8b-dj_adpt,6,16,2,896,1024,0.23821499999999998,0.1854877471923828,cuda
webtable-cl_noval-v=12-distilroberta-dj_adpt~qwen3_8b-dj_adpt,6,16,3,896,1024,0.225238,0.1854877471923828,cuda
webtable-cl_noval-v=12-distilroberta-dj_adpt~qwen3_8b-dj_adpt,6,16,4,896,1024,0.222984,0.1854877471923828,cuda
webtable-cl_noval-v=12-distilroberta-dj_adpt~qwen3_8b-dj_adpt,6,16,5,896,1024,0.222772,0.1854877471923828,cuda
webtable-cl_noval-v=12-distilroberta-dj_adpt~qwen3_8b-dj_adpt,6,16,6,896,1024,0.22131299999999998,0.1854877471923828,cuda
webtable-cl_noval-v=12-distilroberta-dj_adpt~qwen3_8b-dj_adpt,6,16,7,896,1024,0.22227999999999998,0.1854877471923828,cuda
webtable-cl_noval-v=12-distilroberta-dj_adpt~qwen3_8b-dj_adpt,6,16,8,896,1024,0.22311599999999998,0.1854877471923828,cuda
webtable-cl_noval-v=12-distilroberta-dj_adpt~qwen3_8b-dj_adpt,6,16,9,896,1024,0.221274,0.1854877471923828,cuda
webtable-cl_noval-v=12-distilroberta-dj_adpt~qwen3_8b-dj_adpt,6,16,10,896,1024,0.224634,0.1854877471923828,cuda
webtable-cl_noval-v=12-distilroberta-dj_adpt~qwen3_8b-dj_adpt,7,16,1,1024,1024,0.21004399999999998,0.18549537658691406,cuda
webtable-cl_noval-v=12-distilroberta-dj_adpt~qwen3_8b-dj_adpt,7,16,2,1024,1024,0.23396299999999998,0.18549537658691406,cuda
webtable-cl_noval-v=12-distilroberta-dj_adpt~qwen3_8b-dj_adpt,7,16,3,1024,1024,0.223219,0.18549537658691406,cuda
webtable-cl_noval-v=12-distilroberta-dj_adpt~qwen3_8b-dj_adpt,7,16,4,1024,1024,0.22183,0.18549537658691406,cuda
webtable-cl_noval-v=12-distilroberta-dj_adpt~qwen3_8b-dj_adpt,7,16,5,1024,1024,0.222655,0.18549537658691406,cuda
webtable-cl_noval-v=12-distilroberta-dj_adpt~qwen3_8b-dj_adpt,7,16,6,1024,1024,0.22220299999999998,0.18549537658691406,cuda
webtable-cl_noval-v=12-distilroberta-dj_adpt~qwen3_8b-dj_adpt,7,16,7,1024,1024,0.220441,0.18549537658691406,cuda
webtable-cl_noval-v=12-distilroberta-dj_adpt~qwen3_8b-dj_adpt,7,16,8,1024,1024,0.21931299999999998,0.18549537658691406,cuda
webtable-cl_noval-v=12-distilroberta-dj_adpt~qwen3_8b-dj_adpt,7,16,9,1024,1024,0.219853,0.18549537658691406,cuda
webtable-cl_noval-v=12-distilroberta-dj_adpt~qwen3_8b-dj_adpt,7,16,10,1024,1024,0.22133999999999998,0.18549537658691406,cuda
webtable-cl_noval-v=12-distilroberta-dj_adpt~qwen3_8b-dj_adpt,8,16,1,2560,1024,0.210663,0.18558692932128906,cuda
webtable-cl_noval-v=12-distilroberta-dj_adpt~qwen3_8b-dj_adpt,8,16,2,2560,1024,0.22294899999999998,0.18558692932128906,cuda
webtable-cl_noval-v=12-distilroberta-dj_adpt~qwen3_8b-dj_adpt,8,16,3,2560,1024,0.231017,0.18558692932128906,cuda
webtable-cl_noval-v=12-distilroberta-dj_adpt~qwen3_8b-dj_adpt,8,16,4,2560,1024,0.222459,0.18558692932128906,cuda
webtable-cl_noval-v=12-distilroberta-dj_adpt~qwen3_8b-dj_adpt,8,16,5,2560,1024,0.21947599999999998,0.18558692932128906,cuda
webtable-cl_noval-v=12-distilroberta-dj_adpt~qwen3_8b-dj_adpt,8,16,6,2560,1024,0.22025899999999998,0.18558692932128906,cuda
webtable-cl_noval-v=12-distilroberta-dj_adpt~qwen3_8b-dj_adpt,8,16,7,2560,1024,0.22143,0.18558692932128906,cuda
webtable-cl_noval-v=12-distilroberta-dj_adpt~qwen3_8b-dj_adpt,8,16,8,2560,1024,0.24503,0.18558692932128906,cuda
webtable-cl_noval-v=12-distilroberta-dj_adpt~qwen3_8b-dj_adpt,8,16,9,2560,1024,0.22361099999999998,0.18558692932128906,cuda
webtable-cl_noval-v=12-distilroberta-dj_adpt~qwen3_8b-dj_adpt,8,16,10,2560,1024,0.222166,0.18558692932128906,cuda
webtable-cl_noval-v=12-distilroberta-dj_adpt~qwen3_8b-dj_adpt,9,16,1,3840,1024,0.21143199999999998,0.18566322326660156,cuda
webtable-cl_noval-v=12-distilroberta-dj_adpt~qwen3_8b-dj_adpt,9,16,2,3840,1024,0.224468,0.18566322326660156,cuda
webtable-cl_noval-v=12-distilroberta-dj_adpt~qwen3_8b-dj_adpt,9,16,3,3840,1024,0.235417,0.18566322326660156,cuda
webtable-cl_noval-v=12-distilroberta-dj_adpt~qwen3_8b-dj_adpt,9,16,4,3840,1024,0.225132,0.18566322326660156,cuda
webtable-cl_noval-v=12-distilroberta-dj_adpt~qwen3_8b-dj_adpt,9,16,5,3840,1024,0.222523,0.18566322326660156,cuda
webtable-cl_noval-v=12-distilroberta-dj_adpt~qwen3_8b-dj_adpt,9,16,6,3840,1024,0.223136,0.18566322326660156,cuda
webtable-cl_noval-v=12-distilroberta-dj_adpt~qwen3_8b-dj_adpt,9,16,7,3840,1024,0.224546,0.18566322326660156,cuda
webtable-cl_noval-v=12-distilroberta-dj_adpt~qwen3_8b-dj_adpt,9,16,8,3840,1024,0.222777,0.18566322326660156,cuda
webtable-cl_noval-v=12-distilroberta-dj_adpt~qwen3_8b-dj_adpt,9,16,9,3840,1024,0.223138,0.18566322326660156,cuda
webtable-cl_noval-v=12-distilroberta-dj_adpt~qwen3_8b-dj_adpt,9,16,10,3840,1024,0.225135,0.18566322326660156,cuda
webtable-cl_noval-v=12-distilroberta-dj_adpt~qwen3_8b-dj_adpt,10,16,1,4096,1024,0.209671,0.18567848205566406,cuda
webtable-cl_noval-v=12-distilroberta-dj_adpt~qwen3_8b-dj_adpt,10,16,2,4096,1024,0.225066,0.18567848205566406,cuda
webtable-cl_noval-v=12-distilroberta-dj_adpt~qwen3_8b-dj_adpt,10,16,3,4096,1024,0.22361999999999999,0.18567848205566406,cuda
webtable-cl_noval-v=12-distilroberta-dj_adpt~qwen3_8b-dj_adpt,10,16,4,4096,1024,0.23468699999999998,0.18567848205566406,cuda
webtable-cl_noval-v=12-distilroberta-dj_adpt~qwen3_8b-dj_adpt,10,16,5,4096,1024,0.22472199999999998,0.18567848205566406,cuda
webtable-cl_noval-v=12-distilroberta-dj_adpt~qwen3_8b-dj_adpt,10,16,6,4096,1024,0.223987,0.18567848205566406,cuda
webtable-cl_noval-v=12-distilroberta-dj_adpt~qwen3_8b-dj_adpt,10,16,7,4096,1024,0.22250599999999998,0.18567848205566406,cuda
webtable-cl_noval-v=12-distilroberta-dj_adpt~qwen3_8b-dj_adpt,10,16,8,4096,1024,0.22347999999999998,0.18567848205566406,cuda
webtable-cl_noval-v=12-distilroberta-dj_adpt~qwen3_8b-dj_adpt,10,16,9,4096,1024,0.22436299999999998,0.18567848205566406,cuda
webtable-cl_noval-v=12-distilroberta-dj_adpt~qwen3_8b-dj_adpt,10,16,10,4096,1024,0.225158,0.18567848205566406,cuda
webtable-cl_noval-v=12-distilroberta-dj_adpt~qwen3_8b-dj_adpt,11,16,1,4096,1024,0.211148,0.18567848205566406,cuda
webtable-cl_noval-v=12-distilroberta-dj_adpt~qwen3_8b-dj_adpt,11,16,2,4096,1024,0.22416799999999998,0.18567848205566406,cuda
webtable-cl_noval-v=12-distilroberta-dj_adpt~qwen3_8b-dj_adpt,11,16,3,4096,1024,0.22311199999999998,0.18567848205566406,cuda
webtable-cl_noval-v=12-distilroberta-dj_adpt~qwen3_8b-dj_adpt,11,16,4,4096,1024,0.22184399999999999,0.18567848205566406,cuda
webtable-cl_noval-v=12-distilroberta-dj_adpt~qwen3_8b-dj_adpt,11,16,5,4096,1024,0.227712,0.18567848205566406,cuda
webtable-cl_noval-v=12-distilroberta-dj_adpt~qwen3_8b-dj_adpt,11,16,6,4096,1024,0.222542,0.18567848205566406,cuda
webtable-cl_noval-v=12-distilroberta-dj_adpt~qwen3_8b-dj_adpt,11,16,7,4096,1024,0.22183,0.18567848205566406,cuda
webtable-cl_noval-v=12-distilroberta-dj_adpt~qwen3_8b-dj_adpt,11,16,8,4096,1024,0.22150399999999998,0.18567848205566406,cuda
webtable-cl_noval-v=12-distilroberta-dj_adpt~qwen3_8b-dj_adpt,11,16,9,4096,1024,0.24828799999999998,0.18567848205566406,cuda
webtable-cl_noval-v=12-distilroberta-dj_adpt~qwen3_8b-dj_adpt,11,16,10,4096,1024,0.226985,0.18567848205566406,cuda
webtable-cl_noval-v=12-distilroberta-dj_adpt~qwen3_8b-dj_adpt,0,32,1,768,1024,0.230989,0.18564796447753906,cuda
webtable-cl_noval-v=12-distilroberta-dj_adpt~qwen3_8b-dj_adpt,0,32,2,768,1024,0.23903,0.18564796447753906,cuda
webtable-cl_noval-v=12-distilroberta-dj_adpt~qwen3_8b-dj_adpt,0,32,3,768,1024,0.237333,0.18564796447753906,cuda
webtable-cl_noval-v=12-distilroberta-dj_adpt~qwen3_8b-dj_adpt,0,32,4,768,1024,0.225373,0.18564796447753906,cuda
webtable-cl_noval-v=12-distilroberta-dj_adpt~qwen3_8b-dj_adpt,0,32,5,768,1024,0.22511399999999998,0.18564796447753906,cuda
webtable-cl_noval-v=12-distilroberta-dj_adpt~qwen3_8b-dj_adpt,0,32,6,768,1024,0.225509,0.18564796447753906,cuda
webtable-cl_noval-v=12-distilroberta-dj_adpt~qwen3_8b-dj_adpt,0,32,7,768,1024,0.225066,0.18564796447753906,cuda
webtable-cl_noval-v=12-distilroberta-dj_adpt~qwen3_8b-dj_adpt,0,32,8,768,1024,0.223525,0.18564796447753906,cuda
webtable-cl_noval-v=12-distilroberta-dj_adpt~qwen3_8b-dj_adpt,0,32,9,768,1024,0.225518,0.18564796447753906,cuda
webtable-cl_noval-v=12-distilroberta-dj_adpt~qwen3_8b-dj_adpt,0,32,10,768,1024,0.223555,0.18564796447753906,cuda
webtable-cl_noval-v=12-distilroberta-dj_adpt~qwen3_8b-dj_adpt,1,32,1,384,1024,0.212036,0.18560218811035156,cuda
webtable-cl_noval-v=12-distilroberta-dj_adpt~qwen3_8b-dj_adpt,1,32,2,384,1024,0.226849,0.18560218811035156,cuda
webtable-cl_noval-v=12-distilroberta-dj_adpt~qwen3_8b-dj_adpt,1,32,3,384,1024,0.223569,0.18560218811035156,cuda
webtable-cl_noval-v=12-distilroberta-dj_adpt~qwen3_8b-dj_adpt,1,32,4,384,1024,0.23460799999999998,0.18560218811035156,cuda
webtable-cl_noval-v=12-distilroberta-dj_adpt~qwen3_8b-dj_adpt,1,32,5,384,1024,0.223263,0.18560218811035156,cuda
webtable-cl_noval-v=12-distilroberta-dj_adpt~qwen3_8b-dj_adpt,1,32,6,384,1024,0.224073,0.18560218811035156,cuda
webtable-cl_noval-v=12-distilroberta-dj_adpt~qwen3_8b-dj_adpt,1,32,7,384,1024,0.223185,0.18560218811035156,cuda
webtable-cl_noval-v=12-distilroberta-dj_adpt~qwen3_8b-dj_adpt,1,32,8,384,1024,0.22336099999999998,0.18560218811035156,cuda
webtable-cl_noval-v=12-distilroberta-dj_adpt~qwen3_8b-dj_adpt,1,32,9,384,1024,0.22255999999999998,0.18560218811035156,cuda
webtable-cl_noval-v=12-distilroberta-dj_adpt~qwen3_8b-dj_adpt,1,32,10,384,1024,0.22370199999999998,0.18560218811035156,cuda
webtable-cl_noval-v=12-distilroberta-dj_adpt~qwen3_8b-dj_adpt,2,32,1,384,1024,0.210973,0.18560218811035156,cuda
webtable-cl_noval-v=12-distilroberta-dj_adpt~qwen3_8b-dj_adpt,2,32,2,384,1024,0.22675599999999999,0.18560218811035156,cuda
webtable-cl_noval-v=12-distilroberta-dj_adpt~qwen3_8b-dj_adpt,2,32,3,384,1024,0.223797,0.18560218811035156,cuda
webtable-cl_noval-v=12-distilroberta-dj_adpt~qwen3_8b-dj_adpt,2,32,4,384,1024,0.22172,0.18560218811035156,cuda
webtable-cl_noval-v=12-distilroberta-dj_adpt~qwen3_8b-dj_adpt,2,32,5,384,1024,0.23410899999999998,0.18560218811035156,cuda
webtable-cl_noval-v=12-distilroberta-dj_adpt~qwen3_8b-dj_adpt,2,32,6,384,1024,0.223832,0.18560218811035156,cuda
webtable-cl_noval-v=12-distilroberta-dj_adpt~qwen3_8b-dj_adpt,2,32,7,384,1024,0.22333599999999998,0.18560218811035156,cuda
webtable-cl_noval-v=12-distilroberta-dj_adpt~qwen3_8b-dj_adpt,2,32,8,384,1024,0.222025,0.18560218811035156,cuda
webtable-cl_noval-v=12-distilroberta-dj_adpt~qwen3_8b-dj_adpt,2,32,9,384,1024,0.222214,0.18560218811035156,cuda
webtable-cl_noval-v=12-distilroberta-dj_adpt~qwen3_8b-dj_adpt,2,32,10,384,1024,0.726973,0.18560218811035156,cuda
webtable-cl_noval-v=12-distilroberta-dj_adpt~qwen3_8b-dj_adpt,3,32,1,768,1024,0.213225,0.18564796447753906,cuda
webtable-cl_noval-v=12-distilroberta-dj_adpt~qwen3_8b-dj_adpt,3,32,2,768,1024,0.22610999999999998,0.18564796447753906,cuda
webtable-cl_noval-v=12-distilroberta-dj_adpt~qwen3_8b-dj_adpt,3,32,3,768,1024,0.224485,0.18564796447753906,cuda
webtable-cl_noval-v=12-distilroberta-dj_adpt~qwen3_8b-dj_adpt,3,32,4,768,1024,0.231366,0.18564796447753906,cuda
webtable-cl_noval-v=12-distilroberta-dj_adpt~qwen3_8b-dj_adpt,3,32,5,768,1024,0.22774799999999998,0.18564796447753906,cuda
webtable-cl_noval-v=12-distilroberta-dj_adpt~qwen3_8b-dj_adpt,3,32,6,768,1024,0.22476,0.18564796447753906,cuda
webtable-cl_noval-v=12-distilroberta-dj_adpt~qwen3_8b-dj_adpt,3,32,7,768,1024,0.224537,0.18564796447753906,cuda
webtable-cl_noval-v=12-distilroberta-dj_adpt~qwen3_8b-dj_adpt,3,32,8,768,1024,0.223187,0.18564796447753906,cuda
webtable-cl_noval-v=12-distilroberta-dj_adpt~qwen3_8b-dj_adpt,3,32,9,768,1024,0.222026,0.18564796447753906,cuda
webtable-cl_noval-v=12-distilroberta-dj_adpt~qwen3_8b-dj_adpt,3,32,10,768,1024,0.224132,0.18564796447753906,cuda
webtable-cl_noval-v=12-distilroberta-dj_adpt~qwen3_8b-dj_adpt,4,32,1,768,1024,0.21068099999999998,0.18564796447753906,cuda
webtable-cl_noval-v=12-distilroberta-dj_adpt~qwen3_8b-dj_adpt,4,32,2,768,1024,0.223215,0.18564796447753906,cuda
webtable-cl_noval-v=12-distilroberta-dj_adpt~qwen3_8b-dj_adpt,4,32,3,768,1024,0.222159,0.18564796447753906,cuda
webtable-cl_noval-v=12-distilroberta-dj_adpt~qwen3_8b-dj_adpt,4,32,4,768,1024,0.2218,0.18564796447753906,cuda
webtable-cl_noval-v=12-distilroberta-dj_adpt~qwen3_8b-dj_adpt,4,32,5,768,1024,0.230698,0.18564796447753906,cuda
webtable-cl_noval-v=12-distilroberta-dj_adpt~qwen3_8b-dj_adpt,4,32,6,768,1024,0.22875399999999999,0.18564796447753906,cuda
webtable-cl_noval-v=12-distilroberta-dj_adpt~qwen3_8b-dj_adpt,4,32,7,768,1024,0.222632,0.18564796447753906,cuda
webtable-cl_noval-v=12-distilroberta-dj_adpt~qwen3_8b-dj_adpt,4,32,8,768,1024,0.223844,0.18564796447753906,cuda
webtable-cl_noval-v=12-distilroberta-dj_adpt~qwen3_8b-dj_adpt,4,32,9,768,1024,0.222661,0.18564796447753906,cuda
webtable-cl_noval-v=12-distilroberta-dj_adpt~qwen3_8b-dj_adpt,4,32,10,768,1024,0.22308,0.18564796447753906,cuda
webtable-cl_noval-v=12-distilroberta-dj_adpt~qwen3_8b-dj_adpt,5,32,1,768,1024,0.210169,0.18564796447753906,cuda
webtable-cl_noval-v=12-distilroberta-dj_adpt~qwen3_8b-dj_adpt,5,32,2,768,1024,0.226626,0.18564796447753906,cuda
webtable-cl_noval-v=12-distilroberta-dj_adpt~qwen3_8b-dj_adpt,5,32,3,768,1024,0.22318,0.18564796447753906,cuda
webtable-cl_noval-v=12-distilroberta-dj_adpt~qwen3_8b-dj_adpt,5,32,4,768,1024,0.223242,0.18564796447753906,cuda
webtable-cl_noval-v=12-distilroberta-dj_adpt~qwen3_8b-dj_adpt,5,32,5,768,1024,0.222885,0.18564796447753906,cuda
webtable-cl_noval-v=12-distilroberta-dj_adpt~qwen3_8b-dj_adpt,5,32,6,768,1024,0.229564,0.18564796447753906,cuda
webtable-cl_noval-v=12-distilroberta-dj_adpt~qwen3_8b-dj_adpt,5,32,7,768,1024,0.226092,0.18564796447753906,cuda
webtable-cl_noval-v=12-distilroberta-dj_adpt~qwen3_8b-dj_adpt,5,32,8,768,1024,0.223793,0.18564796447753906,cuda
webtable-cl_noval-v=12-distilroberta-dj_adpt~qwen3_8b-dj_adpt,5,32,9,768,1024,0.225046,0.18564796447753906,cuda
webtable-cl_noval-v=12-distilroberta-dj_adpt~qwen3_8b-dj_adpt,5,32,10,768,1024,0.222292,0.18564796447753906,cuda
webtable-cl_noval-v=12-distilroberta-dj_adpt~qwen3_8b-dj_adpt,6,32,1,896,1024,0.21132599999999999,0.18566322326660156,cuda
webtable-cl_noval-v=12-distilroberta-dj_adpt~qwen3_8b-dj_adpt,6,32,2,896,1024,0.24661799999999998,0.18566322326660156,cuda
webtable-cl_noval-v=12-distilroberta-dj_adpt~qwen3_8b-dj_adpt,6,32,3,896,1024,0.226214,0.18566322326660156,cuda
webtable-cl_noval-v=12-distilroberta-dj_adpt~qwen3_8b-dj_adpt,6,32,4,896,1024,0.22458899999999998,0.18566322326660156,cuda
webtable-cl_noval-v=12-distilroberta-dj_adpt~qwen3_8b-dj_adpt,6,32,5,896,1024,0.22453499999999998,0.18566322326660156,cuda
webtable-cl_noval-v=12-distilroberta-dj_adpt~qwen3_8b-dj_adpt,6,32,6,896,1024,0.23482999999999998,0.18566322326660156,cuda
webtable-cl_noval-v=12-distilroberta-dj_adpt~qwen3_8b-dj_adpt,6,32,7,896,1024,0.22350799999999998,0.18566322326660156,cuda
webtable-cl_noval-v=12-distilroberta-dj_adpt~qwen3_8b-dj_adpt,6,32,8,896,1024,0.22200099999999998,0.18566322326660156,cuda
webtable-cl_noval-v=12-distilroberta-dj_adpt~qwen3_8b-dj_adpt,6,32,9,896,1024,0.224149,0.18566322326660156,cuda
webtable-cl_noval-v=12-distilroberta-dj_adpt~qwen3_8b-dj_adpt,6,32,10,896,1024,0.221195,0.18566322326660156,cuda
webtable-cl_noval-v=12-distilroberta-dj_adpt~qwen3_8b-dj_adpt,7,32,1,1024,1024,0.21306699999999998,0.18567848205566406,cuda
webtable-cl_noval-v=12-distilroberta-dj_adpt~qwen3_8b-dj_adpt,7,32,2,1024,1024,0.22466799999999998,0.18567848205566406,cuda
webtable-cl_noval-v=12-distilroberta-dj_adpt~qwen3_8b-dj_adpt,7,32,3,1024,1024,0.22297499999999998,0.18567848205566406,cuda
webtable-cl_noval-v=12-distilroberta-dj_adpt~qwen3_8b-dj_adpt,7,32,4,1024,1024,0.22346,0.18567848205566406,cuda
webtable-cl_noval-v=12-distilroberta-dj_adpt~qwen3_8b-dj_adpt,7,32,5,1024,1024,0.22230699999999998,0.18567848205566406,cuda
webtable-cl_noval-v=12-distilroberta-dj_adpt~qwen3_8b-dj_adpt,7,32,6,1024,1024,0.223552,0.18567848205566406,cuda
webtable-cl_noval-v=12-distilroberta-dj_adpt~qwen3_8b-dj_adpt,7,32,7,1024,1024,0.23254,0.18567848205566406,cuda
webtable-cl_noval-v=12-distilroberta-dj_adpt~qwen3_8b-dj_adpt,7,32,8,1024,1024,0.22444599999999998,0.18567848205566406,cuda
webtable-cl_noval-v=12-distilroberta-dj_adpt~qwen3_8b-dj_adpt,7,32,9,1024,1024,0.223605,0.18567848205566406,cuda
webtable-cl_noval-v=12-distilroberta-dj_adpt~qwen3_8b-dj_adpt,7,32,10,1024,1024,0.22109099999999998,0.18567848205566406,cuda
webtable-cl_noval-v=12-distilroberta-dj_adpt~qwen3_8b-dj_adpt,8,32,1,2560,1024,0.21309699999999998,0.18586158752441406,cuda
webtable-cl_noval-v=12-distilroberta-dj_adpt~qwen3_8b-dj_adpt,8,32,2,2560,1024,0.22581199999999998,0.18586158752441406,cuda
webtable-cl_noval-v=12-distilroberta-dj_adpt~qwen3_8b-dj_adpt,8,32,3,2560,1024,0.223882,0.18586158752441406,cuda
webtable-cl_noval-v=12-distilroberta-dj_adpt~qwen3_8b-dj_adpt,8,32,4,2560,1024,0.223606,0.18586158752441406,cuda
webtable-cl_noval-v=12-distilroberta-dj_adpt~qwen3_8b-dj_adpt,8,32,5,2560,1024,0.22372299999999998,0.18586158752441406,cuda
webtable-cl_noval-v=12-distilroberta-dj_adpt~qwen3_8b-dj_adpt,8,32,6,2560,1024,0.22250499999999998,0.18586158752441406,cuda
webtable-cl_noval-v=12-distilroberta-dj_adpt~qwen3_8b-dj_adpt,8,32,7,2560,1024,0.221218,0.18586158752441406,cuda
webtable-cl_noval-v=12-distilroberta-dj_adpt~qwen3_8b-dj_adpt,8,32,8,2560,1024,0.23449699999999998,0.18586158752441406,cuda
webtable-cl_noval-v=12-distilroberta-dj_adpt~qwen3_8b-dj_adpt,8,32,9,2560,1024,0.22267299999999998,0.18586158752441406,cuda
webtable-cl_noval-v=12-distilroberta-dj_adpt~qwen3_8b-dj_adpt,8,32,10,2560,1024,0.22363899999999998,0.18586158752441406,cuda
webtable-cl_noval-v=12-distilroberta-dj_adpt~qwen3_8b-dj_adpt,9,32,1,3840,1024,0.209802,0.18601417541503906,cuda
webtable-cl_noval-v=12-distilroberta-dj_adpt~qwen3_8b-dj_adpt,9,32,2,3840,1024,0.225569,0.18601417541503906,cuda
webtable-cl_noval-v=12-distilroberta-dj_adpt~qwen3_8b-dj_adpt,9,32,3,3840,1024,0.25118,0.18601417541503906,cuda
webtable-cl_noval-v=12-distilroberta-dj_adpt~qwen3_8b-dj_adpt,9,32,4,3840,1024,0.230013,0.18601417541503906,cuda
webtable-cl_noval-v=12-distilroberta-dj_adpt~qwen3_8b-dj_adpt,9,32,5,3840,1024,0.22572899999999999,0.18601417541503906,cuda
webtable-cl_noval-v=12-distilroberta-dj_adpt~qwen3_8b-dj_adpt,9,32,6,3840,1024,0.22814299999999998,0.18601417541503906,cuda
webtable-cl_noval-v=12-distilroberta-dj_adpt~qwen3_8b-dj_adpt,9,32,7,3840,1024,0.236665,0.18601417541503906,cuda
webtable-cl_noval-v=12-distilroberta-dj_adpt~qwen3_8b-dj_adpt,9,32,8,3840,1024,0.22694399999999998,0.18601417541503906,cuda
webtable-cl_noval-v=12-distilroberta-dj_adpt~qwen3_8b-dj_adpt,9,32,9,3840,1024,0.224928,0.18601417541503906,cuda
webtable-cl_noval-v=12-distilroberta-dj_adpt~qwen3_8b-dj_adpt,9,32,10,3840,1024,0.225299,0.18601417541503906,cuda
webtable-cl_noval-v=12-distilroberta-dj_adpt~qwen3_8b-dj_adpt,10,32,1,4096,1024,0.208651,0.18604469299316406,cuda
webtable-cl_noval-v=12-distilroberta-dj_adpt~qwen3_8b-dj_adpt,10,32,2,4096,1024,0.224524,0.18604469299316406,cuda
webtable-cl_noval-v=12-distilroberta-dj_adpt~qwen3_8b-dj_adpt,10,32,3,4096,1024,0.22478199999999998,0.18604469299316406,cuda
webtable-cl_noval-v=12-distilroberta-dj_adpt~qwen3_8b-dj_adpt,10,32,4,4096,1024,0.226577,0.18604469299316406,cuda
webtable-cl_noval-v=12-distilroberta-dj_adpt~qwen3_8b-dj_adpt,10,32,5,4096,1024,0.22519399999999998,0.18604469299316406,cuda
webtable-cl_noval-v=12-distilroberta-dj_adpt~qwen3_8b-dj_adpt,10,32,6,4096,1024,0.22255699999999998,0.18604469299316406,cuda
webtable-cl_noval-v=12-distilroberta-dj_adpt~qwen3_8b-dj_adpt,10,32,7,4096,1024,0.226009,0.18604469299316406,cuda
webtable-cl_noval-v=12-distilroberta-dj_adpt~qwen3_8b-dj_adpt,10,32,8,4096,1024,0.23357799999999998,0.18604469299316406,cuda
webtable-cl_noval-v=12-distilroberta-dj_adpt~qwen3_8b-dj_adpt,10,32,9,4096,1024,0.223208,0.18604469299316406,cuda
webtable-cl_noval-v=12-distilroberta-dj_adpt~qwen3_8b-dj_adpt,10,32,10,4096,1024,0.22430499999999998,0.18604469299316406,cuda
webtable-cl_noval-v=12-distilroberta-dj_adpt~qwen3_8b-dj_adpt,11,32,1,4096,1024,0.211501,0.18604469299316406,cuda
webtable-cl_noval-v=12-distilroberta-dj_adpt~qwen3_8b-dj_adpt,11,32,2,4096,1024,0.224464,0.18604469299316406,cuda
webtable-cl_noval-v=12-distilroberta-dj_adpt~qwen3_8b-dj_adpt,11,32,3,4096,1024,0.224966,0.18604469299316406,cuda
webtable-cl_noval-v=12-distilroberta-dj_adpt~qwen3_8b-dj_adpt,11,32,4,4096,1024,0.222707,0.18604469299316406,cuda
webtable-cl_noval-v=12-distilroberta-dj_adpt~qwen3_8b-dj_adpt,11,32,5,4096,1024,0.22331099999999998,0.18604469299316406,cuda
webtable-cl_noval-v=12-distilroberta-dj_adpt~qwen3_8b-dj_adpt,11,32,6,4096,1024,0.227131,0.18604469299316406,cuda
webtable-cl_noval-v=12-distilroberta-dj_adpt~qwen3_8b-dj_adpt,11,32,7,4096,1024,0.22211599999999998,0.18604469299316406,cuda
webtable-cl_noval-v=12-distilroberta-dj_adpt~qwen3_8b-dj_adpt,11,32,8,4096,1024,0.22083999999999998,0.18604469299316406,cuda
webtable-cl_noval-v=12-distilroberta-dj_adpt~qwen3_8b-dj_adpt,11,32,9,4096,1024,0.23244299999999998,0.18604469299316406,cuda
webtable-cl_noval-v=12-distilroberta-dj_adpt~qwen3_8b-dj_adpt,11,32,10,4096,1024,0.22403499999999998,0.18604469299316406,cuda
webtable-cl_noval-v=12-distilroberta-dj_adpt~qwen3_8b-dj_adpt,0,64,1,768,1024,0.224014,0.18598365783691406,cuda
webtable-cl_noval-v=12-distilroberta-dj_adpt~qwen3_8b-dj_adpt,0,64,2,768,1024,0.23393699999999998,0.18598365783691406,cuda
webtable-cl_noval-v=12-distilroberta-dj_adpt~qwen3_8b-dj_adpt,0,64,3,768,1024,0.224518,0.18598365783691406,cuda
webtable-cl_noval-v=12-distilroberta-dj_adpt~qwen3_8b-dj_adpt,0,64,4,768,1024,0.223875,0.18598365783691406,cuda
webtable-cl_noval-v=12-distilroberta-dj_adpt~qwen3_8b-dj_adpt,0,64,5,768,1024,0.246499,0.18598365783691406,cuda
webtable-cl_noval-v=12-distilroberta-dj_adpt~qwen3_8b-dj_adpt,0,64,6,768,1024,0.22397699999999998,0.18598365783691406,cuda
webtable-cl_noval-v=12-distilroberta-dj_adpt~qwen3_8b-dj_adpt,0,64,7,768,1024,0.23388299999999998,0.18598365783691406,cuda
webtable-cl_noval-v=12-distilroberta-dj_adpt~qwen3_8b-dj_adpt,0,64,8,768,1024,0.22352799999999998,0.18598365783691406,cuda
webtable-cl_noval-v=12-distilroberta-dj_adpt~qwen3_8b-dj_adpt,0,64,9,768,1024,0.223409,0.18598365783691406,cuda
webtable-cl_noval-v=12-distilroberta-dj_adpt~qwen3_8b-dj_adpt,0,64,10,768,1024,0.22017799999999998,0.18598365783691406,cuda
webtable-cl_noval-v=12-distilroberta-dj_adpt~qwen3_8b-dj_adpt,1,64,1,384,1024,0.209864,0.18589210510253906,cuda
webtable-cl_noval-v=12-distilroberta-dj_adpt~qwen3_8b-dj_adpt,1,64,2,384,1024,0.22594699999999998,0.18589210510253906,cuda
webtable-cl_noval-v=12-distilroberta-dj_adpt~qwen3_8b-dj_adpt,1,64,3,384,1024,0.222243,0.18589210510253906,cuda
webtable-cl_noval-v=12-distilroberta-dj_adpt~qwen3_8b-dj_adpt,1,64,4,384,1024,0.221688,0.18589210510253906,cuda
webtable-cl_noval-v=12-distilroberta-dj_adpt~qwen3_8b-dj_adpt,1,64,5,384,1024,0.220631,0.18589210510253906,cuda
webtable-cl_noval-v=12-distilroberta-dj_adpt~qwen3_8b-dj_adpt,1,64,6,384,1024,0.22144699999999998,0.18589210510253906,cuda
webtable-cl_noval-v=12-distilroberta-dj_adpt~qwen3_8b-dj_adpt,1,64,7,384,1024,0.222374,0.18589210510253906,cuda
webtable-cl_noval-v=12-distilroberta-dj_adpt~qwen3_8b-dj_adpt,1,64,8,384,1024,0.229479,0.18589210510253906,cuda
webtable-cl_noval-v=12-distilroberta-dj_adpt~qwen3_8b-dj_adpt,1,64,9,384,1024,0.21989499999999998,0.18589210510253906,cuda
webtable-cl_noval-v=12-distilroberta-dj_adpt~qwen3_8b-dj_adpt,1,64,10,384,1024,0.21925399999999998,0.18589210510253906,cuda
webtable-cl_noval-v=12-distilroberta-dj_adpt~qwen3_8b-dj_adpt,2,64,1,384,1024,0.20774299999999998,0.18589210510253906,cuda
webtable-cl_noval-v=12-distilroberta-dj_adpt~qwen3_8b-dj_adpt,2,64,2,384,1024,0.22050799999999998,0.18589210510253906,cuda
webtable-cl_noval-v=12-distilroberta-dj_adpt~qwen3_8b-dj_adpt,2,64,3,384,1024,0.220263,0.18589210510253906,cuda
webtable-cl_noval-v=12-distilroberta-dj_adpt~qwen3_8b-dj_adpt,2,64,4,384,1024,0.21830999999999998,0.18589210510253906,cuda
webtable-cl_noval-v=12-distilroberta-dj_adpt~qwen3_8b-dj_adpt,2,64,5,384,1024,0.221126,0.18589210510253906,cuda
webtable-cl_noval-v=12-distilroberta-dj_adpt~qwen3_8b-dj_adpt,2,64,6,384,1024,0.220349,0.18589210510253906,cuda
webtable-cl_noval-v=12-distilroberta-dj_adpt~qwen3_8b-dj_adpt,2,64,7,384,1024,0.220125,0.18589210510253906,cuda
webtable-cl_noval-v=12-distilroberta-dj_adpt~qwen3_8b-dj_adpt,2,64,8,384,1024,0.220332,0.18589210510253906,cuda
webtable-cl_noval-v=12-distilroberta-dj_adpt~qwen3_8b-dj_adpt,2,64,9,384,1024,0.22855299999999998,0.18589210510253906,cuda
webtable-cl_noval-v=12-distilroberta-dj_adpt~qwen3_8b-dj_adpt,2,64,10,384,1024,0.22463799999999998,0.18589210510253906,cuda
webtable-cl_noval-v=12-distilroberta-dj_adpt~qwen3_8b-dj_adpt,3,64,1,768,1024,0.208093,0.18598365783691406,cuda
webtable-cl_noval-v=12-distilroberta-dj_adpt~qwen3_8b-dj_adpt,3,64,2,768,1024,0.22039699999999998,0.18598365783691406,cuda
webtable-cl_noval-v=12-distilroberta-dj_adpt~qwen3_8b-dj_adpt,3,64,3,768,1024,0.21881399999999998,0.18598365783691406,cuda
webtable-cl_noval-v=12-distilroberta-dj_adpt~qwen3_8b-dj_adpt,3,64,4,768,1024,0.22016999999999998,0.18598365783691406,cuda
webtable-cl_noval-v=12-distilroberta-dj_adpt~qwen3_8b-dj_adpt,3,64,5,768,1024,0.220046,0.18598365783691406,cuda
webtable-cl_noval-v=12-distilroberta-dj_adpt~qwen3_8b-dj_adpt,3,64,6,768,1024,0.246366,0.18598365783691406,cuda
webtable-cl_noval-v=12-distilroberta-dj_adpt~qwen3_8b-dj_adpt,3,64,7,768,1024,0.224387,0.18598365783691406,cuda
webtable-cl_noval-v=12-distilroberta-dj_adpt~qwen3_8b-dj_adpt,3,64,8,768,1024,0.222134,0.18598365783691406,cuda
webtable-cl_noval-v=12-distilroberta-dj_adpt~qwen3_8b-dj_adpt,3,64,9,768,1024,0.233487,0.18598365783691406,cuda
webtable-cl_noval-v=12-distilroberta-dj_adpt~qwen3_8b-dj_adpt,3,64,10,768,1024,0.222297,0.18598365783691406,cuda
webtable-cl_noval-v=12-distilroberta-dj_adpt~qwen3_8b-dj_adpt,4,64,1,768,1024,0.207887,0.18598365783691406,cuda
webtable-cl_noval-v=12-distilroberta-dj_adpt~qwen3_8b-dj_adpt,4,64,2,768,1024,0.22266699999999998,0.18598365783691406,cuda
webtable-cl_noval-v=12-distilroberta-dj_adpt~qwen3_8b-dj_adpt,4,64,3,768,1024,0.221574,0.18598365783691406,cuda
webtable-cl_noval-v=12-distilroberta-dj_adpt~qwen3_8b-dj_adpt,4,64,4,768,1024,0.22192599999999998,0.18598365783691406,cuda
webtable-cl_noval-v=12-distilroberta-dj_adpt~qwen3_8b-dj_adpt,4,64,5,768,1024,0.219156,0.18598365783691406,cuda
webtable-cl_noval-v=12-distilroberta-dj_adpt~qwen3_8b-dj_adpt,4,64,6,768,1024,0.220606,0.18598365783691406,cuda
webtable-cl_noval-v=12-distilroberta-dj_adpt~qwen3_8b-dj_adpt,4,64,7,768,1024,0.22131399999999998,0.18598365783691406,cuda
webtable-cl_noval-v=12-distilroberta-dj_adpt~qwen3_8b-dj_adpt,4,64,8,768,1024,0.223261,0.18598365783691406,cuda
webtable-cl_noval-v=12-distilroberta-dj_adpt~qwen3_8b-dj_adpt,4,64,9,768,1024,0.219724,0.18598365783691406,cuda
webtable-cl_noval-v=12-distilroberta-dj_adpt~qwen3_8b-dj_adpt,4,64,10,768,1024,0.229159,0.18598365783691406,cuda
webtable-cl_noval-v=12-distilroberta-dj_adpt~qwen3_8b-dj_adpt,5,64,1,768,1024,0.207809,0.18598365783691406,cuda
webtable-cl_noval-v=12-distilroberta-dj_adpt~qwen3_8b-dj_adpt,5,64,2,768,1024,0.222688,0.18598365783691406,cuda
webtable-cl_noval-v=12-distilroberta-dj_adpt~qwen3_8b-dj_adpt,5,64,3,768,1024,0.2206,0.18598365783691406,cuda
webtable-cl_noval-v=12-distilroberta-dj_adpt~qwen3_8b-dj_adpt,5,64,4,768,1024,0.219764,0.18598365783691406,cuda
webtable-cl_noval-v=12-distilroberta-dj_adpt~qwen3_8b-dj_adpt,5,64,5,768,1024,0.221469,0.18598365783691406,cuda
webtable-cl_noval-v=12-distilroberta-dj_adpt~qwen3_8b-dj_adpt,5,64,6,768,1024,0.221237,0.18598365783691406,cuda
webtable-cl_noval-v=12-distilroberta-dj_adpt~qwen3_8b-dj_adpt,5,64,7,768,1024,0.220608,0.18598365783691406,cuda
webtable-cl_noval-v=12-distilroberta-dj_adpt~qwen3_8b-dj_adpt,5,64,8,768,1024,0.219576,0.18598365783691406,cuda
webtable-cl_noval-v=12-distilroberta-dj_adpt~qwen3_8b-dj_adpt,5,64,9,768,1024,0.222241,0.18598365783691406,cuda
webtable-cl_noval-v=12-distilroberta-dj_adpt~qwen3_8b-dj_adpt,5,64,10,768,1024,0.22122599999999998,0.18598365783691406,cuda
webtable-cl_noval-v=12-distilroberta-dj_adpt~qwen3_8b-dj_adpt,6,64,1,896,1024,0.20909699999999998,0.18601417541503906,cuda
webtable-cl_noval-v=12-distilroberta-dj_adpt~qwen3_8b-dj_adpt,6,64,2,896,1024,0.221273,0.18601417541503906,cuda
webtable-cl_noval-v=12-distilroberta-dj_adpt~qwen3_8b-dj_adpt,6,64,3,896,1024,0.21825499999999998,0.18601417541503906,cuda
webtable-cl_noval-v=12-distilroberta-dj_adpt~qwen3_8b-dj_adpt,6,64,4,896,1024,0.220662,0.18601417541503906,cuda
webtable-cl_noval-v=12-distilroberta-dj_adpt~qwen3_8b-dj_adpt,6,64,5,896,1024,0.21934099999999998,0.18601417541503906,cuda
webtable-cl_noval-v=12-distilroberta-dj_adpt~qwen3_8b-dj_adpt,6,64,6,896,1024,0.221153,0.18601417541503906,cuda
webtable-cl_noval-v=12-distilroberta-dj_adpt~qwen3_8b-dj_adpt,6,64,7,896,1024,0.219597,0.18601417541503906,cuda
webtable-cl_noval-v=12-distilroberta-dj_adpt~qwen3_8b-dj_adpt,6,64,8,896,1024,0.244202,0.18601417541503906,cuda
webtable-cl_noval-v=12-distilroberta-dj_adpt~qwen3_8b-dj_adpt,6,64,9,896,1024,0.22189299999999998,0.18601417541503906,cuda
webtable-cl_noval-v=12-distilroberta-dj_adpt~qwen3_8b-dj_adpt,6,64,10,896,1024,0.221136,0.18601417541503906,cuda
webtable-cl_noval-v=12-distilroberta-dj_adpt~qwen3_8b-dj_adpt,7,64,1,1024,1024,0.208391,0.18604469299316406,cuda
webtable-cl_noval-v=12-distilroberta-dj_adpt~qwen3_8b-dj_adpt,7,64,2,1024,1024,0.2213,0.18604469299316406,cuda
webtable-cl_noval-v=12-distilroberta-dj_adpt~qwen3_8b-dj_adpt,7,64,3,1024,1024,0.220041,0.18604469299316406,cuda
webtable-cl_noval-v=12-distilroberta-dj_adpt~qwen3_8b-dj_adpt,7,64,4,1024,1024,0.21961799999999998,0.18604469299316406,cuda
webtable-cl_noval-v=12-distilroberta-dj_adpt~qwen3_8b-dj_adpt,7,64,5,1024,1024,0.220913,0.18604469299316406,cuda
webtable-cl_noval-v=12-distilroberta-dj_adpt~qwen3_8b-dj_adpt,7,64,6,1024,1024,0.219051,0.18604469299316406,cuda
webtable-cl_noval-v=12-distilroberta-dj_adpt~qwen3_8b-dj_adpt,7,64,7,1024,1024,0.220414,0.18604469299316406,cuda
webtable-cl_noval-v=12-distilroberta-dj_adpt~qwen3_8b-dj_adpt,7,64,8,1024,1024,0.21875699999999998,0.18604469299316406,cuda
webtable-cl_noval-v=12-distilroberta-dj_adpt~qwen3_8b-dj_adpt,7,64,9,1024,1024,0.21981399999999998,0.18604469299316406,cuda
webtable-cl_noval-v=12-distilroberta-dj_adpt~qwen3_8b-dj_adpt,7,64,10,1024,1024,0.22069799999999998,0.18604469299316406,cuda
webtable-cl_noval-v=12-distilroberta-dj_adpt~qwen3_8b-dj_adpt,8,64,1,2560,1024,0.22250899999999998,0.18641090393066406,cuda
webtable-cl_noval-v=12-distilroberta-dj_adpt~qwen3_8b-dj_adpt,8,64,2,2560,1024,0.22433899999999998,0.18641090393066406,cuda
webtable-cl_noval-v=12-distilroberta-dj_adpt~qwen3_8b-dj_adpt,8,64,3,2560,1024,0.222514,0.18641090393066406,cuda
webtable-cl_noval-v=12-distilroberta-dj_adpt~qwen3_8b-dj_adpt,8,64,4,2560,1024,0.22246,0.18641090393066406,cuda
webtable-cl_noval-v=12-distilroberta-dj_adpt~qwen3_8b-dj_adpt,8,64,5,2560,1024,0.223288,0.18641090393066406,cuda
webtable-cl_noval-v=12-distilroberta-dj_adpt~qwen3_8b-dj_adpt,8,64,6,2560,1024,0.222304,0.18641090393066406,cuda
webtable-cl_noval-v=12-distilroberta-dj_adpt~qwen3_8b-dj_adpt,8,64,7,2560,1024,0.222183,0.18641090393066406,cuda
webtable-cl_noval-v=12-distilroberta-dj_adpt~qwen3_8b-dj_adpt,8,64,8,2560,1024,0.221707,0.18641090393066406,cuda
webtable-cl_noval-v=12-distilroberta-dj_adpt~qwen3_8b-dj_adpt,8,64,9,2560,1024,0.22239899999999999,0.18641090393066406,cuda
webtable-cl_noval-v=12-distilroberta-dj_adpt~qwen3_8b-dj_adpt,8,64,10,2560,1024,0.22120099999999998,0.18641090393066406,cuda
webtable-cl_noval-v=12-distilroberta-dj_adpt~qwen3_8b-dj_adpt,9,64,1,3840,1024,0.208833,0.18671607971191406,cuda
webtable-cl_noval-v=12-distilroberta-dj_adpt~qwen3_8b-dj_adpt,9,64,2,3840,1024,0.232074,0.18671607971191406,cuda
webtable-cl_noval-v=12-distilroberta-dj_adpt~qwen3_8b-dj_adpt,9,64,3,3840,1024,0.220498,0.18671607971191406,cuda
webtable-cl_noval-v=12-distilroberta-dj_adpt~qwen3_8b-dj_adpt,9,64,4,3840,1024,0.22206499999999998,0.18671607971191406,cuda
webtable-cl_noval-v=12-distilroberta-dj_adpt~qwen3_8b-dj_adpt,9,64,5,3840,1024,0.22342199999999998,0.18671607971191406,cuda
webtable-cl_noval-v=12-distilroberta-dj_adpt~qwen3_8b-dj_adpt,9,64,6,3840,1024,0.22195299999999998,0.18671607971191406,cuda
webtable-cl_noval-v=12-distilroberta-dj_adpt~qwen3_8b-dj_adpt,9,64,7,3840,1024,0.223628,0.18671607971191406,cuda
webtable-cl_noval-v=12-distilroberta-dj_adpt~qwen3_8b-dj_adpt,9,64,8,3840,1024,0.22200199999999998,0.18671607971191406,cuda
webtable-cl_noval-v=12-distilroberta-dj_adpt~qwen3_8b-dj_adpt,9,64,9,3840,1024,0.24423499999999998,0.18671607971191406,cuda
webtable-cl_noval-v=12-distilroberta-dj_adpt~qwen3_8b-dj_adpt,9,64,10,3840,1024,0.22405899999999998,0.18671607971191406,cuda
webtable-cl_noval-v=12-distilroberta-dj_adpt~qwen3_8b-dj_adpt,10,64,1,4096,1024,0.22150499999999998,0.18677711486816406,cuda
webtable-cl_noval-v=12-distilroberta-dj_adpt~qwen3_8b-dj_adpt,10,64,2,4096,1024,0.227521,0.18677711486816406,cuda
webtable-cl_noval-v=12-distilroberta-dj_adpt~qwen3_8b-dj_adpt,10,64,3,4096,1024,0.222764,0.18677711486816406,cuda
webtable-cl_noval-v=12-distilroberta-dj_adpt~qwen3_8b-dj_adpt,10,64,4,4096,1024,0.225044,0.18677711486816406,cuda
webtable-cl_noval-v=12-distilroberta-dj_adpt~qwen3_8b-dj_adpt,10,64,5,4096,1024,0.22552,0.18677711486816406,cuda
webtable-cl_noval-v=12-distilroberta-dj_adpt~qwen3_8b-dj_adpt,10,64,6,4096,1024,0.225787,0.18677711486816406,cuda
webtable-cl_noval-v=12-distilroberta-dj_adpt~qwen3_8b-dj_adpt,10,64,7,4096,1024,0.223075,0.18677711486816406,cuda
webtable-cl_noval-v=12-distilroberta-dj_adpt~qwen3_8b-dj_adpt,10,64,8,4096,1024,0.22339499999999998,0.18677711486816406,cuda
webtable-cl_noval-v=12-distilroberta-dj_adpt~qwen3_8b-dj_adpt,10,64,9,4096,1024,0.222263,0.18677711486816406,cuda
webtable-cl_noval-v=12-distilroberta-dj_adpt~qwen3_8b-dj_adpt,10,64,10,4096,1024,0.223469,0.18677711486816406,cuda
webtable-cl_noval-v=12-distilroberta-dj_adpt~qwen3_8b-dj_adpt,11,64,1,4096,1024,0.209224,0.18677711486816406,cuda
webtable-cl_noval-v=12-distilroberta-dj_adpt~qwen3_8b-dj_adpt,11,64,2,4096,1024,0.232921,0.18677711486816406,cuda
webtable-cl_noval-v=12-distilroberta-dj_adpt~qwen3_8b-dj_adpt,11,64,3,4096,1024,0.222383,0.18677711486816406,cuda
webtable-cl_noval-v=12-distilroberta-dj_adpt~qwen3_8b-dj_adpt,11,64,4,4096,1024,0.222332,0.18677711486816406,cuda
webtable-cl_noval-v=12-distilroberta-dj_adpt~qwen3_8b-dj_adpt,11,64,5,4096,1024,0.22306199999999998,0.18677711486816406,cuda
webtable-cl_noval-v=12-distilroberta-dj_adpt~qwen3_8b-dj_adpt,11,64,6,4096,1024,0.22200099999999998,0.18677711486816406,cuda
webtable-cl_noval-v=12-distilroberta-dj_adpt~qwen3_8b-dj_adpt,11,64,7,4096,1024,0.222127,0.18677711486816406,cuda
webtable-cl_noval-v=12-distilroberta-dj_adpt~qwen3_8b-dj_adpt,11,64,8,4096,1024,0.221515,0.18677711486816406,cuda
webtable-cl_noval-v=12-distilroberta-dj_adpt~qwen3_8b-dj_adpt,11,64,9,4096,1024,0.223377,0.18677711486816406,cuda
webtable-cl_noval-v=12-distilroberta-dj_adpt~qwen3_8b-dj_adpt,11,64,10,4096,1024,0.22606099999999998,0.18677711486816406,cuda
webtable-cl_noval-v=12-distilroberta-dj_adpt~qwen3_8b-dj_adpt,0,128,1,768,1024,0.22828099999999998,0.18665504455566406,cuda
webtable-cl_noval-v=12-distilroberta-dj_adpt~qwen3_8b-dj_adpt,0,128,2,768,1024,0.249053,0.18665504455566406,cuda
webtable-cl_noval-v=12-distilroberta-dj_adpt~qwen3_8b-dj_adpt,0,128,3,768,1024,0.23163699999999998,0.18665504455566406,cuda
webtable-cl_noval-v=12-distilroberta-dj_adpt~qwen3_8b-dj_adpt,0,128,4,768,1024,0.22950099999999998,0.18665504455566406,cuda
webtable-cl_noval-v=12-distilroberta-dj_adpt~qwen3_8b-dj_adpt,0,128,5,768,1024,0.22596999999999998,0.18665504455566406,cuda
webtable-cl_noval-v=12-distilroberta-dj_adpt~qwen3_8b-dj_adpt,0,128,6,768,1024,0.228378,0.18665504455566406,cuda
webtable-cl_noval-v=12-distilroberta-dj_adpt~qwen3_8b-dj_adpt,0,128,7,768,1024,0.22763999999999998,0.18665504455566406,cuda
webtable-cl_noval-v=12-distilroberta-dj_adpt~qwen3_8b-dj_adpt,0,128,8,768,1024,0.225884,0.18665504455566406,cuda
webtable-cl_noval-v=12-distilroberta-dj_adpt~qwen3_8b-dj_adpt,0,128,9,768,1024,0.22624,0.18665504455566406,cuda
webtable-cl_noval-v=12-distilroberta-dj_adpt~qwen3_8b-dj_adpt,0,128,10,768,1024,0.226428,0.18665504455566406,cuda
webtable-cl_noval-v=12-distilroberta-dj_adpt~qwen3_8b-dj_adpt,1,128,1,384,1024,0.224216,0.18647193908691406,cuda
webtable-cl_noval-v=12-distilroberta-dj_adpt~qwen3_8b-dj_adpt,1,128,2,384,1024,0.22911099999999998,0.18647193908691406,cuda
webtable-cl_noval-v=12-distilroberta-dj_adpt~qwen3_8b-dj_adpt,1,128,3,384,1024,0.22510999999999998,0.18647193908691406,cuda
webtable-cl_noval-v=12-distilroberta-dj_adpt~qwen3_8b-dj_adpt,1,128,4,384,1024,0.225204,0.18647193908691406,cuda
webtable-cl_noval-v=12-distilroberta-dj_adpt~qwen3_8b-dj_adpt,1,128,5,384,1024,0.225913,0.18647193908691406,cuda
webtable-cl_noval-v=12-distilroberta-dj_adpt~qwen3_8b-dj_adpt,1,128,6,384,1024,0.224651,0.18647193908691406,cuda
webtable-cl_noval-v=12-distilroberta-dj_adpt~qwen3_8b-dj_adpt,1,128,7,384,1024,0.225843,0.18647193908691406,cuda
webtable-cl_noval-v=12-distilroberta-dj_adpt~qwen3_8b-dj_adpt,1,128,8,384,1024,0.226496,0.18647193908691406,cuda
webtable-cl_noval-v=12-distilroberta-dj_adpt~qwen3_8b-dj_adpt,1,128,9,384,1024,0.22430699999999998,0.18647193908691406,cuda
webtable-cl_noval-v=12-distilroberta-dj_adpt~qwen3_8b-dj_adpt,1,128,10,384,1024,0.22775399999999998,0.18647193908691406,cuda
webtable-cl_noval-v=12-distilroberta-dj_adpt~qwen3_8b-dj_adpt,2,128,1,384,1024,0.215574,0.18647193908691406,cuda
webtable-cl_noval-v=12-distilroberta-dj_adpt~qwen3_8b-dj_adpt,2,128,2,384,1024,0.23765,0.18647193908691406,cuda
webtable-cl_noval-v=12-distilroberta-dj_adpt~qwen3_8b-dj_adpt,2,128,3,384,1024,0.226993,0.18647193908691406,cuda
webtable-cl_noval-v=12-distilroberta-dj_adpt~qwen3_8b-dj_adpt,2,128,4,384,1024,0.22577699999999998,0.18647193908691406,cuda
webtable-cl_noval-v=12-distilroberta-dj_adpt~qwen3_8b-dj_adpt,2,128,5,384,1024,0.225816,0.18647193908691406,cuda
webtable-cl_noval-v=12-distilroberta-dj_adpt~qwen3_8b-dj_adpt,2,128,6,384,1024,0.22547199999999998,0.18647193908691406,cuda
webtable-cl_noval-v=12-distilroberta-dj_adpt~qwen3_8b-dj_adpt,2,128,7,384,1024,0.227568,0.18647193908691406,cuda
webtable-cl_noval-v=12-distilroberta-dj_adpt~qwen3_8b-dj_adpt,2,128,8,384,1024,0.224291,0.18647193908691406,cuda
webtable-cl_noval-v=12-distilroberta-dj_adpt~qwen3_8b-dj_adpt,2,128,9,384,1024,0.224631,0.18647193908691406,cuda
webtable-cl_noval-v=12-distilroberta-dj_adpt~qwen3_8b-dj_adpt,2,128,10,384,1024,0.224269,0.18647193908691406,cuda
webtable-cl_noval-v=12-distilroberta-dj_adpt~qwen3_8b-dj_adpt,3,128,1,768,1024,0.21655,0.18665504455566406,cuda
webtable-cl_noval-v=12-distilroberta-dj_adpt~qwen3_8b-dj_adpt,3,128,2,768,1024,0.22843999999999998,0.18665504455566406,cuda
webtable-cl_noval-v=12-distilroberta-dj_adpt~qwen3_8b-dj_adpt,3,128,3,768,1024,0.23196899999999998,0.18665504455566406,cuda
webtable-cl_noval-v=12-distilroberta-dj_adpt~qwen3_8b-dj_adpt,3,128,4,768,1024,0.22824799999999998,0.18665504455566406,cuda
webtable-cl_noval-v=12-distilroberta-dj_adpt~qwen3_8b-dj_adpt,3,128,5,768,1024,0.22744799999999998,0.18665504455566406,cuda
webtable-cl_noval-v=12-distilroberta-dj_adpt~qwen3_8b-dj_adpt,3,128,6,768,1024,0.22805099999999998,0.18665504455566406,cuda
webtable-cl_noval-v=12-distilroberta-dj_adpt~qwen3_8b-dj_adpt,3,128,7,768,1024,0.226342,0.18665504455566406,cuda
webtable-cl_noval-v=12-distilroberta-dj_adpt~qwen3_8b-dj_adpt,3,128,8,768,1024,0.227735,0.18665504455566406,cuda
webtable-cl_noval-v=12-distilroberta-dj_adpt~qwen3_8b-dj_adpt,3,128,9,768,1024,0.227093,0.18665504455566406,cuda
webtable-cl_noval-v=12-distilroberta-dj_adpt~qwen3_8b-dj_adpt,3,128,10,768,1024,0.22791599999999998,0.18665504455566406,cuda
webtable-cl_noval-v=12-distilroberta-dj_adpt~qwen3_8b-dj_adpt,4,128,1,768,1024,0.21462499999999998,0.18665504455566406,cuda
webtable-cl_noval-v=12-distilroberta-dj_adpt~qwen3_8b-dj_adpt,4,128,2,768,1024,0.260255,0.18665504455566406,cuda
webtable-cl_noval-v=12-distilroberta-dj_adpt~qwen3_8b-dj_adpt,4,128,3,768,1024,0.230199,0.18665504455566406,cuda
webtable-cl_noval-v=12-distilroberta-dj_adpt~qwen3_8b-dj_adpt,4,128,4,768,1024,0.227237,0.18665504455566406,cuda
webtable-cl_noval-v=12-distilroberta-dj_adpt~qwen3_8b-dj_adpt,4,128,5,768,1024,0.22714199999999998,0.18665504455566406,cuda
webtable-cl_noval-v=12-distilroberta-dj_adpt~qwen3_8b-dj_adpt,4,128,6,768,1024,0.228732,0.18665504455566406,cuda
webtable-cl_noval-v=12-distilroberta-dj_adpt~qwen3_8b-dj_adpt,4,128,7,768,1024,0.227077,0.18665504455566406,cuda
webtable-cl_noval-v=12-distilroberta-dj_adpt~qwen3_8b-dj_adpt,4,128,8,768,1024,0.225985,0.18665504455566406,cuda
webtable-cl_noval-v=12-distilroberta-dj_adpt~qwen3_8b-dj_adpt,4,128,9,768,1024,0.226241,0.18665504455566406,cuda
webtable-cl_noval-v=12-distilroberta-dj_adpt~qwen3_8b-dj_adpt,4,128,10,768,1024,0.224664,0.18665504455566406,cuda
webtable-cl_noval-v=12-distilroberta-dj_adpt~qwen3_8b-dj_adpt,5,128,1,768,1024,0.21306699999999998,0.18665504455566406,cuda
webtable-cl_noval-v=12-distilroberta-dj_adpt~qwen3_8b-dj_adpt,5,128,2,768,1024,0.22704,0.18665504455566406,cuda
webtable-cl_noval-v=12-distilroberta-dj_adpt~qwen3_8b-dj_adpt,5,128,3,768,1024,0.23480199999999998,0.18665504455566406,cuda
webtable-cl_noval-v=12-distilroberta-dj_adpt~qwen3_8b-dj_adpt,5,128,4,768,1024,0.22653099999999998,0.18665504455566406,cuda
webtable-cl_noval-v=12-distilroberta-dj_adpt~qwen3_8b-dj_adpt,5,128,5,768,1024,0.223817,0.18665504455566406,cuda
webtable-cl_noval-v=12-distilroberta-dj_adpt~qwen3_8b-dj_adpt,5,128,6,768,1024,0.225121,0.18665504455566406,cuda
webtable-cl_noval-v=12-distilroberta-dj_adpt~qwen3_8b-dj_adpt,5,128,7,768,1024,0.22486399999999998,0.18665504455566406,cuda
webtable-cl_noval-v=12-distilroberta-dj_adpt~qwen3_8b-dj_adpt,5,128,8,768,1024,0.22627899999999998,0.18665504455566406,cuda
webtable-cl_noval-v=12-distilroberta-dj_adpt~qwen3_8b-dj_adpt,5,128,9,768,1024,0.226155,0.18665504455566406,cuda
webtable-cl_noval-v=12-distilroberta-dj_adpt~qwen3_8b-dj_adpt,5,128,10,768,1024,0.226431,0.18665504455566406,cuda
webtable-cl_noval-v=12-distilroberta-dj_adpt~qwen3_8b-dj_adpt,6,128,1,896,1024,0.212969,0.18671607971191406,cuda
webtable-cl_noval-v=12-distilroberta-dj_adpt~qwen3_8b-dj_adpt,6,128,2,896,1024,0.22802,0.18671607971191406,cuda
webtable-cl_noval-v=12-distilroberta-dj_adpt~qwen3_8b-dj_adpt,6,128,3,896,1024,0.225232,0.18671607971191406,cuda
webtable-cl_noval-v=12-distilroberta-dj_adpt~qwen3_8b-dj_adpt,6,128,4,896,1024,0.22863999999999998,0.18671607971191406,cuda
webtable-cl_noval-v=12-distilroberta-dj_adpt~qwen3_8b-dj_adpt,6,128,5,896,1024,0.224847,0.18671607971191406,cuda
webtable-cl_noval-v=12-distilroberta-dj_adpt~qwen3_8b-dj_adpt,6,128,6,896,1024,0.22464299999999998,0.18671607971191406,cuda
webtable-cl_noval-v=12-distilroberta-dj_adpt~qwen3_8b-dj_adpt,6,128,7,896,1024,0.224439,0.18671607971191406,cuda
webtable-cl_noval-v=12-distilroberta-dj_adpt~qwen3_8b-dj_adpt,6,128,8,896,1024,0.224876,0.18671607971191406,cuda
webtable-cl_noval-v=12-distilroberta-dj_adpt~qwen3_8b-dj_adpt,6,128,9,896,1024,0.22625199999999998,0.18671607971191406,cuda
webtable-cl_noval-v=12-distilroberta-dj_adpt~qwen3_8b-dj_adpt,6,128,10,896,1024,0.22500199999999998,0.18671607971191406,cuda
webtable-cl_noval-v=12-distilroberta-dj_adpt~qwen3_8b-dj_adpt,7,128,1,1024,1024,0.21323299999999998,0.18677711486816406,cuda
webtable-cl_noval-v=12-distilroberta-dj_adpt~qwen3_8b-dj_adpt,7,128,2,1024,1024,0.22572799999999998,0.18677711486816406,cuda
webtable-cl_noval-v=12-distilroberta-dj_adpt~qwen3_8b-dj_adpt,7,128,3,1024,1024,0.225654,0.18677711486816406,cuda
webtable-cl_noval-v=12-distilroberta-dj_adpt~qwen3_8b-dj_adpt,7,128,4,1024,1024,0.252929,0.18677711486816406,cuda
webtable-cl_noval-v=12-distilroberta-dj_adpt~qwen3_8b-dj_adpt,7,128,5,1024,1024,0.228346,0.18677711486816406,cuda
webtable-cl_noval-v=12-distilroberta-dj_adpt~qwen3_8b-dj_adpt,7,128,6,1024,1024,0.22541499999999998,0.18677711486816406,cuda
webtable-cl_noval-v=12-distilroberta-dj_adpt~qwen3_8b-dj_adpt,7,128,7,1024,1024,0.225181,0.18677711486816406,cuda
webtable-cl_noval-v=12-distilroberta-dj_adpt~qwen3_8b-dj_adpt,7,128,8,1024,1024,0.222856,0.18677711486816406,cuda
webtable-cl_noval-v=12-distilroberta-dj_adpt~qwen3_8b-dj_adpt,7,128,9,1024,1024,0.22352,0.18677711486816406,cuda
webtable-cl_noval-v=12-distilroberta-dj_adpt~qwen3_8b-dj_adpt,7,128,10,1024,1024,0.22488,0.18677711486816406,cuda
webtable-cl_noval-v=12-distilroberta-dj_adpt~qwen3_8b-dj_adpt,8,128,1,2560,1024,0.221584,0.18824195861816406,cuda
webtable-cl_noval-v=12-distilroberta-dj_adpt~qwen3_8b-dj_adpt,8,128,2,2560,1024,0.23474099999999998,0.18811988830566406,cuda
webtable-cl_noval-v=12-distilroberta-dj_adpt~qwen3_8b-dj_adpt,8,128,3,2560,1024,0.233456,0.18824195861816406,cuda
webtable-cl_noval-v=12-distilroberta-dj_adpt~qwen3_8b-dj_adpt,8,128,4,2560,1024,0.240747,0.18811988830566406,cuda
webtable-cl_noval-v=12-distilroberta-dj_adpt~qwen3_8b-dj_adpt,8,128,5,2560,1024,0.232845,0.18824195861816406,cuda
webtable-cl_noval-v=12-distilroberta-dj_adpt~qwen3_8b-dj_adpt,8,128,6,2560,1024,0.23349999999999999,0.18811988830566406,cuda
webtable-cl_noval-v=12-distilroberta-dj_adpt~qwen3_8b-dj_adpt,8,128,7,2560,1024,0.231228,0.18824195861816406,cuda
webtable-cl_noval-v=12-distilroberta-dj_adpt~qwen3_8b-dj_adpt,8,128,8,2560,1024,0.231568,0.18811988830566406,cuda
webtable-cl_noval-v=12-distilroberta-dj_adpt~qwen3_8b-dj_adpt,8,128,9,2560,1024,0.232784,0.18824195861816406,cuda
webtable-cl_noval-v=12-distilroberta-dj_adpt~qwen3_8b-dj_adpt,8,128,10,2560,1024,0.23177399999999998,0.18811988830566406,cuda
webtable-cl_noval-v=12-distilroberta-dj_adpt~qwen3_8b-dj_adpt,9,128,1,3840,1024,0.24817099999999997,0.18811988830566406,cuda
webtable-cl_noval-v=12-distilroberta-dj_adpt~qwen3_8b-dj_adpt,9,128,2,3840,1024,0.252259,0.18824195861816406,cuda
webtable-cl_noval-v=12-distilroberta-dj_adpt~qwen3_8b-dj_adpt,9,128,3,3840,1024,0.25193499999999996,0.18811988830566406,cuda
webtable-cl_noval-v=12-distilroberta-dj_adpt~qwen3_8b-dj_adpt,9,128,4,3840,1024,0.250733,0.18824195861816406,cuda
webtable-cl_noval-v=12-distilroberta-dj_adpt~qwen3_8b-dj_adpt,9,128,5,3840,1024,0.251534,0.18811988830566406,cuda
webtable-cl_noval-v=12-distilroberta-dj_adpt~qwen3_8b-dj_adpt,9,128,6,3840,1024,0.250696,0.18824195861816406,cuda
webtable-cl_noval-v=12-distilroberta-dj_adpt~qwen3_8b-dj_adpt,9,128,7,3840,1024,0.251167,0.18811988830566406,cuda
webtable-cl_noval-v=12-distilroberta-dj_adpt~qwen3_8b-dj_adpt,9,128,8,3840,1024,0.25145,0.18824195861816406,cuda
webtable-cl_noval-v=12-distilroberta-dj_adpt~qwen3_8b-dj_adpt,9,128,9,3840,1024,0.251065,0.18811988830566406,cuda
webtable-cl_noval-v=12-distilroberta-dj_adpt~qwen3_8b-dj_adpt,9,128,10,3840,1024,0.251075,0.18824195861816406,cuda
webtable-cl_noval-v=12-distilroberta-dj_adpt~qwen3_8b-dj_adpt,10,128,1,4096,1024,0.25240799999999997,0.18824195861816406,cuda
webtable-cl_noval-v=12-distilroberta-dj_adpt~qwen3_8b-dj_adpt,10,128,2,4096,1024,0.258583,0.18824195861816406,cuda
webtable-cl_noval-v=12-distilroberta-dj_adpt~qwen3_8b-dj_adpt,10,128,3,4096,1024,0.258445,0.18824195861816406,cuda
webtable-cl_noval-v=12-distilroberta-dj_adpt~qwen3_8b-dj_adpt,10,128,4,4096,1024,0.25688,0.18824195861816406,cuda
webtable-cl_noval-v=12-distilroberta-dj_adpt~qwen3_8b-dj_adpt,10,128,5,4096,1024,0.269819,0.18824195861816406,cuda
webtable-cl_noval-v=12-distilroberta-dj_adpt~qwen3_8b-dj_adpt,10,128,6,4096,1024,0.257807,0.18824195861816406,cuda
webtable-cl_noval-v=12-distilroberta-dj_adpt~qwen3_8b-dj_adpt,10,128,7,4096,1024,0.25834799999999997,0.18824195861816406,cuda
webtable-cl_noval-v=12-distilroberta-dj_adpt~qwen3_8b-dj_adpt,10,128,8,4096,1024,0.258089,0.18824195861816406,cuda
webtable-cl_noval-v=12-distilroberta-dj_adpt~qwen3_8b-dj_adpt,10,128,9,4096,1024,0.257843,0.18824195861816406,cuda
webtable-cl_noval-v=12-distilroberta-dj_adpt~qwen3_8b-dj_adpt,10,128,10,4096,1024,0.257591,0.18824195861816406,cuda
webtable-cl_noval-v=12-distilroberta-dj_adpt~qwen3_8b-dj_adpt,11,128,1,4096,1024,0.253969,0.18824195861816406,cuda
webtable-cl_noval-v=12-distilroberta-dj_adpt~qwen3_8b-dj_adpt,11,128,2,4096,1024,0.257314,0.18824195861816406,cuda
webtable-cl_noval-v=12-distilroberta-dj_adpt~qwen3_8b-dj_adpt,11,128,3,4096,1024,0.260616,0.18824195861816406,cuda
webtable-cl_noval-v=12-distilroberta-dj_adpt~qwen3_8b-dj_adpt,11,128,4,4096,1024,0.257492,0.18824195861816406,cuda
webtable-cl_noval-v=12-distilroberta-dj_adpt~qwen3_8b-dj_adpt,11,128,5,4096,1024,0.25727,0.18824195861816406,cuda
webtable-cl_noval-v=12-distilroberta-dj_adpt~qwen3_8b-dj_adpt,11,128,6,4096,1024,0.257383,0.18824195861816406,cuda
webtable-cl_noval-v=12-distilroberta-dj_adpt~qwen3_8b-dj_adpt,11,128,7,4096,1024,0.256228,0.18824195861816406,cuda
webtable-cl_noval-v=12-distilroberta-dj_adpt~qwen3_8b-dj_adpt,11,128,8,4096,1024,0.257245,0.18824195861816406,cuda
webtable-cl_noval-v=12-distilroberta-dj_adpt~qwen3_8b-dj_adpt,11,128,9,4096,1024,0.256997,0.18824195861816406,cuda
webtable-cl_noval-v=12-distilroberta-dj_adpt~qwen3_8b-dj_adpt,11,128,10,4096,1024,0.257683,0.18824195861816406,cuda
webtable-cl_noval-v=12-distilroberta-dj_adpt~qwen3_8b-dj_adpt,0,256,1,768,1024,0.244114,0.18799781799316406,cuda
webtable-cl_noval-v=12-distilroberta-dj_adpt~qwen3_8b-dj_adpt,0,256,2,768,1024,0.268271,0.18799781799316406,cuda
webtable-cl_noval-v=12-distilroberta-dj_adpt~qwen3_8b-dj_adpt,0,256,3,768,1024,0.24628399999999998,0.18799781799316406,cuda
webtable-cl_noval-v=12-distilroberta-dj_adpt~qwen3_8b-dj_adpt,0,256,4,768,1024,0.24564999999999998,0.18799781799316406,cuda
webtable-cl_noval-v=12-distilroberta-dj_adpt~qwen3_8b-dj_adpt,0,256,5,768,1024,0.24259499999999998,0.18799781799316406,cuda
webtable-cl_noval-v=12-distilroberta-dj_adpt~qwen3_8b-dj_adpt,0,256,6,768,1024,0.244667,0.18799781799316406,cuda
webtable-cl_noval-v=12-distilroberta-dj_adpt~qwen3_8b-dj_adpt,0,256,7,768,1024,0.24506399999999998,0.18799781799316406,cuda
webtable-cl_noval-v=12-distilroberta-dj_adpt~qwen3_8b-dj_adpt,0,256,8,768,1024,0.245167,0.18799781799316406,cuda
webtable-cl_noval-v=12-distilroberta-dj_adpt~qwen3_8b-dj_adpt,0,256,9,768,1024,0.242534,0.18799781799316406,cuda
webtable-cl_noval-v=12-distilroberta-dj_adpt~qwen3_8b-dj_adpt,0,256,10,768,1024,0.24573899999999999,0.18799781799316406,cuda
webtable-cl_noval-v=12-distilroberta-dj_adpt~qwen3_8b-dj_adpt,1,256,1,384,1024,0.229322,0.18763160705566406,cuda
webtable-cl_noval-v=12-distilroberta-dj_adpt~qwen3_8b-dj_adpt,1,256,2,384,1024,0.252483,0.18763160705566406,cuda
webtable-cl_noval-v=12-distilroberta-dj_adpt~qwen3_8b-dj_adpt,1,256,3,384,1024,0.24287,0.18763160705566406,cuda
webtable-cl_noval-v=12-distilroberta-dj_adpt~qwen3_8b-dj_adpt,1,256,4,384,1024,0.239065,0.18763160705566406,cuda
webtable-cl_noval-v=12-distilroberta-dj_adpt~qwen3_8b-dj_adpt,1,256,5,384,1024,0.23918799999999998,0.18763160705566406,cuda
webtable-cl_noval-v=12-distilroberta-dj_adpt~qwen3_8b-dj_adpt,1,256,6,384,1024,0.241008,0.18763160705566406,cuda
webtable-cl_noval-v=12-distilroberta-dj_adpt~qwen3_8b-dj_adpt,1,256,7,384,1024,0.263503,0.18763160705566406,cuda
webtable-cl_noval-v=12-distilroberta-dj_adpt~qwen3_8b-dj_adpt,1,256,8,384,1024,0.242411,0.18763160705566406,cuda
webtable-cl_noval-v=12-distilroberta-dj_adpt~qwen3_8b-dj_adpt,1,256,9,384,1024,0.241526,0.18763160705566406,cuda
webtable-cl_noval-v=12-distilroberta-dj_adpt~qwen3_8b-dj_adpt,1,256,10,384,1024,0.241301,0.18763160705566406,cuda
webtable-cl_noval-v=12-distilroberta-dj_adpt~qwen3_8b-dj_adpt,2,256,1,384,1024,0.23349,0.18763160705566406,cuda
webtable-cl_noval-v=12-distilroberta-dj_adpt~qwen3_8b-dj_adpt,2,256,2,384,1024,0.24054399999999998,0.18763160705566406,cuda
webtable-cl_noval-v=12-distilroberta-dj_adpt~qwen3_8b-dj_adpt,2,256,3,384,1024,0.240816,0.18763160705566406,cuda
webtable-cl_noval-v=12-distilroberta-dj_adpt~qwen3_8b-dj_adpt,2,256,4,384,1024,0.23968499999999998,0.18763160705566406,cuda
webtable-cl_noval-v=12-distilroberta-dj_adpt~qwen3_8b-dj_adpt,2,256,5,384,1024,0.24107699999999999,0.18763160705566406,cuda
webtable-cl_noval-v=12-distilroberta-dj_adpt~qwen3_8b-dj_adpt,2,256,6,384,1024,0.24068099999999998,0.18763160705566406,cuda
webtable-cl_noval-v=12-distilroberta-dj_adpt~qwen3_8b-dj_adpt,2,256,7,384,1024,0.24184699999999998,0.18763160705566406,cuda
webtable-cl_noval-v=12-distilroberta-dj_adpt~qwen3_8b-dj_adpt,2,256,8,384,1024,0.24212299999999998,0.18763160705566406,cuda
webtable-cl_noval-v=12-distilroberta-dj_adpt~qwen3_8b-dj_adpt,2,256,9,384,1024,0.24026499999999998,0.18763160705566406,cuda
webtable-cl_noval-v=12-distilroberta-dj_adpt~qwen3_8b-dj_adpt,2,256,10,384,1024,0.242226,0.18763160705566406,cuda
webtable-cl_noval-v=12-distilroberta-dj_adpt~qwen3_8b-dj_adpt,3,256,1,768,1024,0.237894,0.18799781799316406,cuda
webtable-cl_noval-v=12-distilroberta-dj_adpt~qwen3_8b-dj_adpt,3,256,2,768,1024,0.24484499999999998,0.18799781799316406,cuda
webtable-cl_noval-v=12-distilroberta-dj_adpt~qwen3_8b-dj_adpt,3,256,3,768,1024,0.242169,0.18799781799316406,cuda
webtable-cl_noval-v=12-distilroberta-dj_adpt~qwen3_8b-dj_adpt,3,256,4,768,1024,0.24334599999999998,0.18799781799316406,cuda
webtable-cl_noval-v=12-distilroberta-dj_adpt~qwen3_8b-dj_adpt,3,256,5,768,1024,0.24234799999999998,0.18799781799316406,cuda
webtable-cl_noval-v=12-distilroberta-dj_adpt~qwen3_8b-dj_adpt,3,256,6,768,1024,0.244191,0.18799781799316406,cuda
webtable-cl_noval-v=12-distilroberta-dj_adpt~qwen3_8b-dj_adpt,3,256,7,768,1024,0.241412,0.18799781799316406,cuda
webtable-cl_noval-v=12-distilroberta-dj_adpt~qwen3_8b-dj_adpt,3,256,8,768,1024,0.24237799999999998,0.18799781799316406,cuda
webtable-cl_noval-v=12-distilroberta-dj_adpt~qwen3_8b-dj_adpt,3,256,9,768,1024,0.241114,0.18799781799316406,cuda
webtable-cl_noval-v=12-distilroberta-dj_adpt~qwen3_8b-dj_adpt,3,256,10,768,1024,0.24270599999999998,0.18799781799316406,cuda
webtable-cl_noval-v=12-distilroberta-dj_adpt~qwen3_8b-dj_adpt,4,256,1,768,1024,0.233038,0.18799781799316406,cuda
webtable-cl_noval-v=12-distilroberta-dj_adpt~qwen3_8b-dj_adpt,4,256,2,768,1024,0.24659799999999998,0.18799781799316406,cuda
webtable-cl_noval-v=12-distilroberta-dj_adpt~qwen3_8b-dj_adpt,4,256,3,768,1024,0.243613,0.18799781799316406,cuda
webtable-cl_noval-v=12-distilroberta-dj_adpt~qwen3_8b-dj_adpt,4,256,4,768,1024,0.241638,0.18799781799316406,cuda
webtable-cl_noval-v=12-distilroberta-dj_adpt~qwen3_8b-dj_adpt,4,256,5,768,1024,0.243643,0.18799781799316406,cuda
webtable-cl_noval-v=12-distilroberta-dj_adpt~qwen3_8b-dj_adpt,4,256,6,768,1024,0.242053,0.18799781799316406,cuda
webtable-cl_noval-v=12-distilroberta-dj_adpt~qwen3_8b-dj_adpt,4,256,7,768,1024,0.24306499999999998,0.18799781799316406,cuda
webtable-cl_noval-v=12-distilroberta-dj_adpt~qwen3_8b-dj_adpt,4,256,8,768,1024,0.268435,0.18799781799316406,cuda
webtable-cl_noval-v=12-distilroberta-dj_adpt~qwen3_8b-dj_adpt,4,256,9,768,1024,0.249419,0.18799781799316406,cuda
webtable-cl_noval-v=12-distilroberta-dj_adpt~qwen3_8b-dj_adpt,4,256,10,768,1024,0.244522,0.18799781799316406,cuda
webtable-cl_noval-v=12-distilroberta-dj_adpt~qwen3_8b-dj_adpt,5,256,1,768,1024,0.23288799999999998,0.18799781799316406,cuda
webtable-cl_noval-v=12-distilroberta-dj_adpt~qwen3_8b-dj_adpt,5,256,2,768,1024,0.245606,0.18799781799316406,cuda
webtable-cl_noval-v=12-distilroberta-dj_adpt~qwen3_8b-dj_adpt,5,256,3,768,1024,0.24359499999999998,0.18799781799316406,cuda
webtable-cl_noval-v=12-distilroberta-dj_adpt~qwen3_8b-dj_adpt,5,256,4,768,1024,0.24367599999999998,0.18799781799316406,cuda
webtable-cl_noval-v=12-distilroberta-dj_adpt~qwen3_8b-dj_adpt,5,256,5,768,1024,0.24165299999999998,0.18799781799316406,cuda
webtable-cl_noval-v=12-distilroberta-dj_adpt~qwen3_8b-dj_adpt,5,256,6,768,1024,0.24461899999999998,0.18799781799316406,cuda
webtable-cl_noval-v=12-distilroberta-dj_adpt~qwen3_8b-dj_adpt,5,256,7,768,1024,0.241444,0.18799781799316406,cuda
webtable-cl_noval-v=12-distilroberta-dj_adpt~qwen3_8b-dj_adpt,5,256,8,768,1024,0.24193699999999999,0.18799781799316406,cuda
webtable-cl_noval-v=12-distilroberta-dj_adpt~qwen3_8b-dj_adpt,5,256,9,768,1024,0.241918,0.18799781799316406,cuda
webtable-cl_noval-v=12-distilroberta-dj_adpt~qwen3_8b-dj_adpt,5,256,10,768,1024,0.24326499999999998,0.18799781799316406,cuda
webtable-cl_noval-v=12-distilroberta-dj_adpt~qwen3_8b-dj_adpt,6,256,1,896,1024,0.23407699999999998,0.18811988830566406,cuda
webtable-cl_noval-v=12-distilroberta-dj_adpt~qwen3_8b-dj_adpt,6,256,2,896,1024,0.24079399999999998,0.18811988830566406,cuda
webtable-cl_noval-v=12-distilroberta-dj_adpt~qwen3_8b-dj_adpt,6,256,3,896,1024,0.24096399999999998,0.18811988830566406,cuda
webtable-cl_noval-v=12-distilroberta-dj_adpt~qwen3_8b-dj_adpt,6,256,4,896,1024,0.24187699999999998,0.18811988830566406,cuda
webtable-cl_noval-v=12-distilroberta-dj_adpt~qwen3_8b-dj_adpt,6,256,5,896,1024,0.241784,0.18811988830566406,cuda
webtable-cl_noval-v=12-distilroberta-dj_adpt~qwen3_8b-dj_adpt,6,256,6,896,1024,0.24214899999999998,0.18811988830566406,cuda
webtable-cl_noval-v=12-distilroberta-dj_adpt~qwen3_8b-dj_adpt,6,256,7,896,1024,0.24187299999999998,0.18811988830566406,cuda
webtable-cl_noval-v=12-distilroberta-dj_adpt~qwen3_8b-dj_adpt,6,256,8,896,1024,0.242724,0.18811988830566406,cuda
webtable-cl_noval-v=12-distilroberta-dj_adpt~qwen3_8b-dj_adpt,6,256,9,896,1024,0.241306,0.18811988830566406,cuda
webtable-cl_noval-v=12-distilroberta-dj_adpt~qwen3_8b-dj_adpt,6,256,10,896,1024,0.241272,0.18811988830566406,cuda
webtable-cl_noval-v=12-distilroberta-dj_adpt~qwen3_8b-dj_adpt,7,256,1,1024,1024,0.245162,0.18824195861816406,cuda
webtable-cl_noval-v=12-distilroberta-dj_adpt~qwen3_8b-dj_adpt,7,256,2,1024,1024,0.247574,0.18824195861816406,cuda
webtable-cl_noval-v=12-distilroberta-dj_adpt~qwen3_8b-dj_adpt,7,256,3,1024,1024,0.244357,0.18824195861816406,cuda
webtable-cl_noval-v=12-distilroberta-dj_adpt~qwen3_8b-dj_adpt,7,256,4,1024,1024,0.24626399999999998,0.18824195861816406,cuda
webtable-cl_noval-v=12-distilroberta-dj_adpt~qwen3_8b-dj_adpt,7,256,5,1024,1024,0.24728899999999998,0.18824195861816406,cuda
webtable-cl_noval-v=12-distilroberta-dj_adpt~qwen3_8b-dj_adpt,7,256,6,1024,1024,0.24675699999999998,0.18824195861816406,cuda
webtable-cl_noval-v=12-distilroberta-dj_adpt~qwen3_8b-dj_adpt,7,256,7,1024,1024,0.24663,0.18824195861816406,cuda
webtable-cl_noval-v=12-distilroberta-dj_adpt~qwen3_8b-dj_adpt,7,256,8,1024,1024,0.24507099999999998,0.18824195861816406,cuda
webtable-cl_noval-v=12-distilroberta-dj_adpt~qwen3_8b-dj_adpt,7,256,9,1024,1024,0.740479,0.18824195861816406,cuda
webtable-cl_noval-v=12-distilroberta-dj_adpt~qwen3_8b-dj_adpt,7,256,10,1024,1024,0.250487,0.18824195861816406,cuda
webtable-cl_noval-v=12-distilroberta-dj_adpt~qwen3_8b-dj_adpt,8,256,1,2560,1024,0.301019,0.18970680236816406,cuda
webtable-cl_noval-v=12-distilroberta-dj_adpt~qwen3_8b-dj_adpt,8,256,2,2560,1024,0.302512,0.18970680236816406,cuda
webtable-cl_noval-v=12-distilroberta-dj_adpt~qwen3_8b-dj_adpt,8,256,3,2560,1024,0.303121,0.18970680236816406,cuda
webtable-cl_noval-v=12-distilroberta-dj_adpt~qwen3_8b-dj_adpt,8,256,4,2560,1024,0.29170799999999997,0.18970680236816406,cuda
webtable-cl_noval-v=12-distilroberta-dj_adpt~qwen3_8b-dj_adpt,8,256,5,2560,1024,0.290337,0.18970680236816406,cuda
webtable-cl_noval-v=12-distilroberta-dj_adpt~qwen3_8b-dj_adpt,8,256,6,2560,1024,0.302206,0.18970680236816406,cuda
webtable-cl_noval-v=12-distilroberta-dj_adpt~qwen3_8b-dj_adpt,8,256,7,2560,1024,0.302981,0.18970680236816406,cuda
webtable-cl_noval-v=12-distilroberta-dj_adpt~qwen3_8b-dj_adpt,8,256,8,2560,1024,0.302764,0.18970680236816406,cuda
webtable-cl_noval-v=12-distilroberta-dj_adpt~qwen3_8b-dj_adpt,8,256,9,2560,1024,0.303496,0.18970680236816406,cuda
webtable-cl_noval-v=12-distilroberta-dj_adpt~qwen3_8b-dj_adpt,8,256,10,2560,1024,0.302485,0.18970680236816406,cuda
webtable-cl_noval-v=12-distilroberta-dj_adpt~qwen3_8b-dj_adpt,9,256,1,3840,1024,0.33716399999999996,0.19117164611816406,cuda
webtable-cl_noval-v=12-distilroberta-dj_adpt~qwen3_8b-dj_adpt,9,256,2,3840,1024,0.339279,0.19092750549316406,cuda
webtable-cl_noval-v=12-distilroberta-dj_adpt~qwen3_8b-dj_adpt,9,256,3,3840,1024,0.332412,0.19117164611816406,cuda
webtable-cl_noval-v=12-distilroberta-dj_adpt~qwen3_8b-dj_adpt,9,256,4,3840,1024,0.333086,0.19092750549316406,cuda
webtable-cl_noval-v=12-distilroberta-dj_adpt~qwen3_8b-dj_adpt,9,256,5,3840,1024,0.33306199999999997,0.19117164611816406,cuda
webtable-cl_noval-v=12-distilroberta-dj_adpt~qwen3_8b-dj_adpt,9,256,6,3840,1024,0.33569499999999997,0.19092750549316406,cuda
webtable-cl_noval-v=12-distilroberta-dj_adpt~qwen3_8b-dj_adpt,9,256,7,3840,1024,0.340611,0.19117164611816406,cuda
webtable-cl_noval-v=12-distilroberta-dj_adpt~qwen3_8b-dj_adpt,9,256,8,3840,1024,0.34691,0.19092750549316406,cuda
webtable-cl_noval-v=12-distilroberta-dj_adpt~qwen3_8b-dj_adpt,9,256,9,3840,1024,0.33971199999999996,0.19117164611816406,cuda
webtable-cl_noval-v=12-distilroberta-dj_adpt~qwen3_8b-dj_adpt,9,256,10,3840,1024,0.335874,0.19092750549316406,cuda
webtable-cl_noval-v=12-distilroberta-dj_adpt~qwen3_8b-dj_adpt,10,256,1,4096,1024,0.34637599999999996,0.19117164611816406,cuda
webtable-cl_noval-v=12-distilroberta-dj_adpt~qwen3_8b-dj_adpt,10,256,2,4096,1024,0.353825,0.19117164611816406,cuda
webtable-cl_noval-v=12-distilroberta-dj_adpt~qwen3_8b-dj_adpt,10,256,3,4096,1024,0.345597,0.19117164611816406,cuda
webtable-cl_noval-v=12-distilroberta-dj_adpt~qwen3_8b-dj_adpt,10,256,4,4096,1024,0.34787799999999997,0.19117164611816406,cuda
webtable-cl_noval-v=12-distilroberta-dj_adpt~qwen3_8b-dj_adpt,10,256,5,4096,1024,0.346723,0.19117164611816406,cuda
webtable-cl_noval-v=12-distilroberta-dj_adpt~qwen3_8b-dj_adpt,10,256,6,4096,1024,0.35761699999999996,0.19117164611816406,cuda
webtable-cl_noval-v=12-distilroberta-dj_adpt~qwen3_8b-dj_adpt,10,256,7,4096,1024,0.350468,0.19117164611816406,cuda
webtable-cl_noval-v=12-distilroberta-dj_adpt~qwen3_8b-dj_adpt,10,256,8,4096,1024,0.344937,0.19117164611816406,cuda
webtable-cl_noval-v=12-distilroberta-dj_adpt~qwen3_8b-dj_adpt,10,256,9,4096,1024,0.34701,0.19117164611816406,cuda
webtable-cl_noval-v=12-distilroberta-dj_adpt~qwen3_8b-dj_adpt,10,256,10,4096,1024,0.35584299999999996,0.19117164611816406,cuda
webtable-cl_noval-v=12-distilroberta-dj_adpt~qwen3_8b-dj_adpt,11,256,1,4096,1024,0.343128,0.19117164611816406,cuda
webtable-cl_noval-v=12-distilroberta-dj_adpt~qwen3_8b-dj_adpt,11,256,2,4096,1024,0.351689,0.19117164611816406,cuda
webtable-cl_noval-v=12-distilroberta-dj_adpt~qwen3_8b-dj_adpt,11,256,3,4096,1024,0.351109,0.19117164611816406,cuda
webtable-cl_noval-v=12-distilroberta-dj_adpt~qwen3_8b-dj_adpt,11,256,4,4096,1024,0.35134499999999996,0.19117164611816406,cuda
webtable-cl_noval-v=12-distilroberta-dj_adpt~qwen3_8b-dj_adpt,11,256,5,4096,1024,0.346435,0.19117164611816406,cuda
webtable-cl_noval-v=12-distilroberta-dj_adpt~qwen3_8b-dj_adpt,11,256,6,4096,1024,0.342912,0.19117164611816406,cuda
webtable-cl_noval-v=12-distilroberta-dj_adpt~qwen3_8b-dj_adpt,11,256,7,4096,1024,0.347651,0.19117164611816406,cuda
webtable-cl_noval-v=12-distilroberta-dj_adpt~qwen3_8b-dj_adpt,11,256,8,4096,1024,0.351804,0.19117164611816406,cuda
webtable-cl_noval-v=12-distilroberta-dj_adpt~qwen3_8b-dj_adpt,11,256,9,4096,1024,0.349232,0.19117164611816406,cuda
webtable-cl_noval-v=12-distilroberta-dj_adpt~qwen3_8b-dj_adpt,11,256,10,4096,1024,0.3442,0.19117164611816406,cuda
webtable-cl_noval-v=12-distilroberta-dj_adpt~qwen3_8b-dj_adpt,0,512,1,768,1024,0.311023,0.19117164611816406,cuda
webtable-cl_noval-v=12-distilroberta-dj_adpt~qwen3_8b-dj_adpt,0,512,2,768,1024,0.33187,0.19104957580566406,cuda
webtable-cl_noval-v=12-distilroberta-dj_adpt~qwen3_8b-dj_adpt,0,512,3,768,1024,0.314921,0.19117164611816406,cuda
webtable-cl_noval-v=12-distilroberta-dj_adpt~qwen3_8b-dj_adpt,0,512,4,768,1024,0.325655,0.19104957580566406,cuda
webtable-cl_noval-v=12-distilroberta-dj_adpt~qwen3_8b-dj_adpt,0,512,5,768,1024,0.31277099999999997,0.19117164611816406,cuda
webtable-cl_noval-v=12-distilroberta-dj_adpt~qwen3_8b-dj_adpt,0,512,6,768,1024,0.323851,0.19104957580566406,cuda
webtable-cl_noval-v=12-distilroberta-dj_adpt~qwen3_8b-dj_adpt,0,512,7,768,1024,0.314139,0.19117164611816406,cuda
webtable-cl_noval-v=12-distilroberta-dj_adpt~qwen3_8b-dj_adpt,0,512,8,768,1024,0.32616,0.19104957580566406,cuda
webtable-cl_noval-v=12-distilroberta-dj_adpt~qwen3_8b-dj_adpt,0,512,9,768,1024,0.312571,0.19117164611816406,cuda
webtable-cl_noval-v=12-distilroberta-dj_adpt~qwen3_8b-dj_adpt,0,512,10,768,1024,0.32356799999999997,0.19104957580566406,cuda
webtable-cl_noval-v=12-distilroberta-dj_adpt~qwen3_8b-dj_adpt,1,512,1,384,1024,0.296775,0.18995094299316406,cuda
webtable-cl_noval-v=12-distilroberta-dj_adpt~qwen3_8b-dj_adpt,1,512,2,384,1024,0.30926699999999996,0.18995094299316406,cuda
webtable-cl_noval-v=12-distilroberta-dj_adpt~qwen3_8b-dj_adpt,1,512,3,384,1024,0.308015,0.18995094299316406,cuda
webtable-cl_noval-v=12-distilroberta-dj_adpt~qwen3_8b-dj_adpt,1,512,4,384,1024,0.308015,0.18995094299316406,cuda
webtable-cl_noval-v=12-distilroberta-dj_adpt~qwen3_8b-dj_adpt,1,512,5,384,1024,0.30727899999999997,0.18995094299316406,cuda
webtable-cl_noval-v=12-distilroberta-dj_adpt~qwen3_8b-dj_adpt,1,512,6,384,1024,0.314174,0.18995094299316406,cuda
webtable-cl_noval-v=12-distilroberta-dj_adpt~qwen3_8b-dj_adpt,1,512,7,384,1024,0.305431,0.18995094299316406,cuda
webtable-cl_noval-v=12-distilroberta-dj_adpt~qwen3_8b-dj_adpt,1,512,8,384,1024,0.30827899999999997,0.18995094299316406,cuda
webtable-cl_noval-v=12-distilroberta-dj_adpt~qwen3_8b-dj_adpt,1,512,9,384,1024,0.309828,0.18995094299316406,cuda
webtable-cl_noval-v=12-distilroberta-dj_adpt~qwen3_8b-dj_adpt,1,512,10,384,1024,0.308305,0.18995094299316406,cuda
webtable-cl_noval-v=12-distilroberta-dj_adpt~qwen3_8b-dj_adpt,2,512,1,384,1024,0.29780599999999996,0.18995094299316406,cuda
webtable-cl_noval-v=12-distilroberta-dj_adpt~qwen3_8b-dj_adpt,2,512,2,384,1024,0.32845599999999997,0.18995094299316406,cuda
webtable-cl_noval-v=12-distilroberta-dj_adpt~qwen3_8b-dj_adpt,2,512,3,384,1024,0.310803,0.18995094299316406,cuda
webtable-cl_noval-v=12-distilroberta-dj_adpt~qwen3_8b-dj_adpt,2,512,4,384,1024,0.309753,0.18995094299316406,cuda
webtable-cl_noval-v=12-distilroberta-dj_adpt~qwen3_8b-dj_adpt,2,512,5,384,1024,0.30838,0.18995094299316406,cuda
webtable-cl_noval-v=12-distilroberta-dj_adpt~qwen3_8b-dj_adpt,2,512,6,384,1024,0.30667099999999997,0.18995094299316406,cuda
webtable-cl_noval-v=12-distilroberta-dj_adpt~qwen3_8b-dj_adpt,2,512,7,384,1024,0.308735,0.18995094299316406,cuda
webtable-cl_noval-v=12-distilroberta-dj_adpt~qwen3_8b-dj_adpt,2,512,8,384,1024,0.306709,0.18995094299316406,cuda
webtable-cl_noval-v=12-distilroberta-dj_adpt~qwen3_8b-dj_adpt,2,512,9,384,1024,0.30624599999999996,0.18995094299316406,cuda
webtable-cl_noval-v=12-distilroberta-dj_adpt~qwen3_8b-dj_adpt,2,512,10,384,1024,0.306371,0.18995094299316406,cuda
webtable-cl_noval-v=12-distilroberta-dj_adpt~qwen3_8b-dj_adpt,3,512,1,768,1024,0.307869,0.19117164611816406,cuda
webtable-cl_noval-v=12-distilroberta-dj_adpt~qwen3_8b-dj_adpt,3,512,2,768,1024,0.31611,0.19104957580566406,cuda
webtable-cl_noval-v=12-distilroberta-dj_adpt~qwen3_8b-dj_adpt,3,512,3,768,1024,0.311183,0.19117164611816406,cuda
webtable-cl_noval-v=12-distilroberta-dj_adpt~qwen3_8b-dj_adpt,3,512,4,768,1024,0.32317799999999997,0.19104957580566406,cuda
webtable-cl_noval-v=12-distilroberta-dj_adpt~qwen3_8b-dj_adpt,3,512,5,768,1024,0.310258,0.19117164611816406,cuda
webtable-cl_noval-v=12-distilroberta-dj_adpt~qwen3_8b-dj_adpt,3,512,6,768,1024,0.311453,0.19104957580566406,cuda
webtable-cl_noval-v=12-distilroberta-dj_adpt~qwen3_8b-dj_adpt,3,512,7,768,1024,0.311835,0.19117164611816406,cuda
webtable-cl_noval-v=12-distilroberta-dj_adpt~qwen3_8b-dj_adpt,3,512,8,768,1024,0.31132699999999996,0.19104957580566406,cuda
webtable-cl_noval-v=12-distilroberta-dj_adpt~qwen3_8b-dj_adpt,3,512,9,768,1024,0.31263599999999997,0.19117164611816406,cuda
webtable-cl_noval-v=12-distilroberta-dj_adpt~qwen3_8b-dj_adpt,3,512,10,768,1024,0.313133,0.19104957580566406,cuda
webtable-cl_noval-v=12-distilroberta-dj_adpt~qwen3_8b-dj_adpt,4,512,1,768,1024,0.32057199999999997,0.19104957580566406,cuda
webtable-cl_noval-v=12-distilroberta-dj_adpt~qwen3_8b-dj_adpt,4,512,2,768,1024,0.311953,0.19117164611816406,cuda
webtable-cl_noval-v=12-distilroberta-dj_adpt~qwen3_8b-dj_adpt,4,512,3,768,1024,0.32542099999999996,0.19104957580566406,cuda
webtable-cl_noval-v=12-distilroberta-dj_adpt~qwen3_8b-dj_adpt,4,512,4,768,1024,0.312276,0.19117164611816406,cuda
webtable-cl_noval-v=12-distilroberta-dj_adpt~qwen3_8b-dj_adpt,4,512,5,768,1024,0.323447,0.19104957580566406,cuda
webtable-cl_noval-v=12-distilroberta-dj_adpt~qwen3_8b-dj_adpt,4,512,6,768,1024,0.312068,0.19117164611816406,cuda
webtable-cl_noval-v=12-distilroberta-dj_adpt~qwen3_8b-dj_adpt,4,512,7,768,1024,0.324493,0.19104957580566406,cuda
webtable-cl_noval-v=12-distilroberta-dj_adpt~qwen3_8b-dj_adpt,4,512,8,768,1024,0.31227499999999997,0.19117164611816406,cuda
webtable-cl_noval-v=12-distilroberta-dj_adpt~qwen3_8b-dj_adpt,4,512,9,768,1024,0.324194,0.19104957580566406,cuda
webtable-cl_noval-v=12-distilroberta-dj_adpt~qwen3_8b-dj_adpt,4,512,10,768,1024,0.312872,0.19117164611816406,cuda
webtable-cl_noval-v=12-distilroberta-dj_adpt~qwen3_8b-dj_adpt,5,512,1,768,1024,0.308587,0.19117164611816406,cuda
webtable-cl_noval-v=12-distilroberta-dj_adpt~qwen3_8b-dj_adpt,5,512,2,768,1024,0.311093,0.19104957580566406,cuda
webtable-cl_noval-v=12-distilroberta-dj_adpt~qwen3_8b-dj_adpt,5,512,3,768,1024,0.31304299999999996,0.19117164611816406,cuda
webtable-cl_noval-v=12-distilroberta-dj_adpt~qwen3_8b-dj_adpt,5,512,4,768,1024,0.33067599999999997,0.19104957580566406,cuda
webtable-cl_noval-v=12-distilroberta-dj_adpt~qwen3_8b-dj_adpt,5,512,5,768,1024,0.313749,0.19117164611816406,cuda
webtable-cl_noval-v=12-distilroberta-dj_adpt~qwen3_8b-dj_adpt,5,512,6,768,1024,0.321468,0.19104957580566406,cuda
webtable-cl_noval-v=12-distilroberta-dj_adpt~qwen3_8b-dj_adpt,5,512,7,768,1024,0.31749,0.19117164611816406,cuda
webtable-cl_noval-v=12-distilroberta-dj_adpt~qwen3_8b-dj_adpt,5,512,8,768,1024,0.32623399999999997,0.19104957580566406,cuda
webtable-cl_noval-v=12-distilroberta-dj_adpt~qwen3_8b-dj_adpt,5,512,9,768,1024,0.313442,0.19117164611816406,cuda
webtable-cl_noval-v=12-distilroberta-dj_adpt~qwen3_8b-dj_adpt,5,512,10,768,1024,0.313585,0.19104957580566406,cuda
webtable-cl_noval-v=12-distilroberta-dj_adpt~qwen3_8b-dj_adpt,6,512,1,896,1024,0.32958899999999997,0.19104957580566406,cuda
webtable-cl_noval-v=12-distilroberta-dj_adpt~qwen3_8b-dj_adpt,6,512,2,896,1024,0.321584,0.19117164611816406,cuda
webtable-cl_noval-v=12-distilroberta-dj_adpt~qwen3_8b-dj_adpt,6,512,3,896,1024,0.33425,0.19104957580566406,cuda
webtable-cl_noval-v=12-distilroberta-dj_adpt~qwen3_8b-dj_adpt,6,512,4,896,1024,0.322648,0.19117164611816406,cuda
webtable-cl_noval-v=12-distilroberta-dj_adpt~qwen3_8b-dj_adpt,6,512,5,896,1024,0.336625,0.19104957580566406,cuda
webtable-cl_noval-v=12-distilroberta-dj_adpt~qwen3_8b-dj_adpt,6,512,6,896,1024,0.323047,0.19117164611816406,cuda
webtable-cl_noval-v=12-distilroberta-dj_adpt~qwen3_8b-dj_adpt,6,512,7,896,1024,0.33558,0.19104957580566406,cuda
webtable-cl_noval-v=12-distilroberta-dj_adpt~qwen3_8b-dj_adpt,6,512,8,896,1024,0.32219,0.19117164611816406,cuda
webtable-cl_noval-v=12-distilroberta-dj_adpt~qwen3_8b-dj_adpt,6,512,9,896,1024,0.334667,0.19104957580566406,cuda
webtable-cl_noval-v=12-distilroberta-dj_adpt~qwen3_8b-dj_adpt,6,512,10,896,1024,0.321839,0.19117164611816406,cuda
webtable-cl_noval-v=12-distilroberta-dj_adpt~qwen3_8b-dj_adpt,7,512,1,1024,1024,0.33377399999999996,0.19117164611816406,cuda
webtable-cl_noval-v=12-distilroberta-dj_adpt~qwen3_8b-dj_adpt,7,512,2,1024,1024,0.33924499999999996,0.19117164611816406,cuda
webtable-cl_noval-v=12-distilroberta-dj_adpt~qwen3_8b-dj_adpt,7,512,3,1024,1024,0.34393799999999997,0.19117164611816406,cuda
webtable-cl_noval-v=12-distilroberta-dj_adpt~qwen3_8b-dj_adpt,7,512,4,1024,1024,0.338213,0.19117164611816406,cuda
webtable-cl_noval-v=12-distilroberta-dj_adpt~qwen3_8b-dj_adpt,7,512,5,1024,1024,0.340231,0.19117164611816406,cuda
webtable-cl_noval-v=12-distilroberta-dj_adpt~qwen3_8b-dj_adpt,7,512,6,1024,1024,0.34035299999999996,0.19117164611816406,cuda
webtable-cl_noval-v=12-distilroberta-dj_adpt~qwen3_8b-dj_adpt,7,512,7,1024,1024,0.342464,0.19117164611816406,cuda
webtable-cl_noval-v=12-distilroberta-dj_adpt~qwen3_8b-dj_adpt,7,512,8,1024,1024,0.338618,0.19117164611816406,cuda
webtable-cl_noval-v=12-distilroberta-dj_adpt~qwen3_8b-dj_adpt,7,512,9,1024,1024,0.337764,0.19117164611816406,cuda
webtable-cl_noval-v=12-distilroberta-dj_adpt~qwen3_8b-dj_adpt,7,512,10,1024,1024,0.338481,0.19117164611816406,cuda
webtable-cl_noval-v=12-distilroberta-dj_adpt~qwen3_8b-dj_adpt,8,512,1,2560,1024,0.43248499999999995,0.19410133361816406,cuda
webtable-cl_noval-v=12-distilroberta-dj_adpt~qwen3_8b-dj_adpt,8,512,2,2560,1024,0.432034,0.19410133361816406,cuda
webtable-cl_noval-v=12-distilroberta-dj_adpt~qwen3_8b-dj_adpt,8,512,3,2560,1024,0.432577,0.19410133361816406,cuda
webtable-cl_noval-v=12-distilroberta-dj_adpt~qwen3_8b-dj_adpt,8,512,4,2560,1024,0.430936,0.19410133361816406,cuda
webtable-cl_noval-v=12-distilroberta-dj_adpt~qwen3_8b-dj_adpt,8,512,5,2560,1024,0.44473999999999997,0.19410133361816406,cuda
webtable-cl_noval-v=12-distilroberta-dj_adpt~qwen3_8b-dj_adpt,8,512,6,2560,1024,0.435552,0.19410133361816406,cuda
webtable-cl_noval-v=12-distilroberta-dj_adpt~qwen3_8b-dj_adpt,8,512,7,2560,1024,0.433539,0.19410133361816406,cuda
webtable-cl_noval-v=12-distilroberta-dj_adpt~qwen3_8b-dj_adpt,8,512,8,2560,1024,0.431921,0.19410133361816406,cuda
webtable-cl_noval-v=12-distilroberta-dj_adpt~qwen3_8b-dj_adpt,8,512,9,2560,1024,0.433353,0.19410133361816406,cuda
webtable-cl_noval-v=12-distilroberta-dj_adpt~qwen3_8b-dj_adpt,8,512,10,2560,1024,0.431355,0.19410133361816406,cuda
webtable-cl_noval-v=12-distilroberta-dj_adpt~qwen3_8b-dj_adpt,9,512,1,3840,1024,0.497334,0.19751930236816406,cuda
webtable-cl_noval-v=12-distilroberta-dj_adpt~qwen3_8b-dj_adpt,9,512,2,3840,1024,0.5051519999999999,0.19654273986816406,cuda
webtable-cl_noval-v=12-distilroberta-dj_adpt~qwen3_8b-dj_adpt,9,512,3,3840,1024,0.50173,0.19751930236816406,cuda
webtable-cl_noval-v=12-distilroberta-dj_adpt~qwen3_8b-dj_adpt,9,512,4,3840,1024,0.5049009999999999,0.19654273986816406,cuda
webtable-cl_noval-v=12-distilroberta-dj_adpt~qwen3_8b-dj_adpt,9,512,5,3840,1024,0.5011599999999999,0.19751930236816406,cuda
webtable-cl_noval-v=12-distilroberta-dj_adpt~qwen3_8b-dj_adpt,9,512,6,3840,1024,0.503782,0.19654273986816406,cuda
webtable-cl_noval-v=12-distilroberta-dj_adpt~qwen3_8b-dj_adpt,9,512,7,3840,1024,0.501609,0.19751930236816406,cuda
webtable-cl_noval-v=12-distilroberta-dj_adpt~qwen3_8b-dj_adpt,9,512,8,3840,1024,0.5026769999999999,0.19654273986816406,cuda
webtable-cl_noval-v=12-distilroberta-dj_adpt~qwen3_8b-dj_adpt,9,512,9,3840,1024,0.5026729999999999,0.19751930236816406,cuda
webtable-cl_noval-v=12-distilroberta-dj_adpt~qwen3_8b-dj_adpt,9,512,10,3840,1024,0.503362,0.19654273986816406,cuda
webtable-cl_noval-v=12-distilroberta-dj_adpt~qwen3_8b-dj_adpt,10,512,1,4096,1024,0.514026,0.19703102111816406,cuda
webtable-cl_noval-v=12-distilroberta-dj_adpt~qwen3_8b-dj_adpt,10,512,2,4096,1024,0.519566,0.19703102111816406,cuda
webtable-cl_noval-v=12-distilroberta-dj_adpt~qwen3_8b-dj_adpt,10,512,3,4096,1024,0.5204059999999999,0.19703102111816406,cuda
webtable-cl_noval-v=12-distilroberta-dj_adpt~qwen3_8b-dj_adpt,10,512,4,4096,1024,0.509062,0.19703102111816406,cuda
webtable-cl_noval-v=12-distilroberta-dj_adpt~qwen3_8b-dj_adpt,10,512,5,4096,1024,0.521687,0.19703102111816406,cuda
webtable-cl_noval-v=12-distilroberta-dj_adpt~qwen3_8b-dj_adpt,10,512,6,4096,1024,0.518771,0.19703102111816406,cuda
webtable-cl_noval-v=12-distilroberta-dj_adpt~qwen3_8b-dj_adpt,10,512,7,4096,1024,0.521967,0.19703102111816406,cuda
webtable-cl_noval-v=12-distilroberta-dj_adpt~qwen3_8b-dj_adpt,10,512,8,4096,1024,0.518049,0.19703102111816406,cuda
webtable-cl_noval-v=12-distilroberta-dj_adpt~qwen3_8b-dj_adpt,10,512,9,4096,1024,0.522111,0.19703102111816406,cuda
webtable-cl_noval-v=12-distilroberta-dj_adpt~qwen3_8b-dj_adpt,10,512,10,4096,1024,0.520714,0.19703102111816406,cuda
webtable-cl_noval-v=12-distilroberta-dj_adpt~qwen3_8b-dj_adpt,11,512,1,4096,1024,0.51585,0.19703102111816406,cuda
webtable-cl_noval-v=12-distilroberta-dj_adpt~qwen3_8b-dj_adpt,11,512,2,4096,1024,0.5203209999999999,0.19703102111816406,cuda
webtable-cl_noval-v=12-distilroberta-dj_adpt~qwen3_8b-dj_adpt,11,512,3,4096,1024,0.5086419999999999,0.19703102111816406,cuda
webtable-cl_noval-v=12-distilroberta-dj_adpt~qwen3_8b-dj_adpt,11,512,4,4096,1024,0.5087309999999999,0.19703102111816406,cuda
webtable-cl_noval-v=12-distilroberta-dj_adpt~qwen3_8b-dj_adpt,11,512,5,4096,1024,0.519115,0.19703102111816406,cuda
webtable-cl_noval-v=12-distilroberta-dj_adpt~qwen3_8b-dj_adpt,11,512,6,4096,1024,0.520401,0.19703102111816406,cuda
webtable-cl_noval-v=12-distilroberta-dj_adpt~qwen3_8b-dj_adpt,11,512,7,4096,1024,0.531745,0.19703102111816406,cuda
webtable-cl_noval-v=12-distilroberta-dj_adpt~qwen3_8b-dj_adpt,11,512,8,4096,1024,0.521419,0.19703102111816406,cuda
webtable-cl_noval-v=12-distilroberta-dj_adpt~qwen3_8b-dj_adpt,11,512,9,4096,1024,0.5186769999999999,0.19703102111816406,cuda
webtable-cl_noval-v=12-distilroberta-dj_adpt~qwen3_8b-dj_adpt,11,512,10,4096,1024,0.5212479999999999,0.19703102111816406,cuda
webtable-cl_noval-v=12-distilroberta-dj_adpt~qwen3_8b-dj_adpt,0,1024,1,768,1024,0.49328,0.19605445861816406,cuda
webtable-cl_noval-v=12-distilroberta-dj_adpt~qwen3_8b-dj_adpt,0,1024,2,768,1024,0.49347199999999997,0.19703102111816406,cuda
webtable-cl_noval-v=12-distilroberta-dj_adpt~qwen3_8b-dj_adpt,0,1024,3,768,1024,0.493536,0.19605445861816406,cuda
webtable-cl_noval-v=12-distilroberta-dj_adpt~qwen3_8b-dj_adpt,0,1024,4,768,1024,0.492297,0.19703102111816406,cuda
webtable-cl_noval-v=12-distilroberta-dj_adpt~qwen3_8b-dj_adpt,0,1024,5,768,1024,0.49266899999999997,0.19605445861816406,cuda
webtable-cl_noval-v=12-distilroberta-dj_adpt~qwen3_8b-dj_adpt,0,1024,6,768,1024,0.492017,0.19703102111816406,cuda
webtable-cl_noval-v=12-distilroberta-dj_adpt~qwen3_8b-dj_adpt,0,1024,7,768,1024,0.49222099999999996,0.19605445861816406,cuda
webtable-cl_noval-v=12-distilroberta-dj_adpt~qwen3_8b-dj_adpt,0,1024,8,768,1024,0.494104,0.19703102111816406,cuda
webtable-cl_noval-v=12-distilroberta-dj_adpt~qwen3_8b-dj_adpt,0,1024,9,768,1024,0.492589,0.19605445861816406,cuda
webtable-cl_noval-v=12-distilroberta-dj_adpt~qwen3_8b-dj_adpt,0,1024,10,768,1024,0.49300499999999997,0.19703102111816406,cuda
webtable-cl_noval-v=12-distilroberta-dj_adpt~qwen3_8b-dj_adpt,1,1024,1,384,1024,0.436019,0.19507789611816406,cuda
webtable-cl_noval-v=12-distilroberta-dj_adpt~qwen3_8b-dj_adpt,1,1024,2,384,1024,0.440391,0.19495582580566406,cuda
webtable-cl_noval-v=12-distilroberta-dj_adpt~qwen3_8b-dj_adpt,1,1024,3,384,1024,0.440723,0.19507789611816406,cuda
webtable-cl_noval-v=12-distilroberta-dj_adpt~qwen3_8b-dj_adpt,1,1024,4,384,1024,0.44103299999999995,0.19495582580566406,cuda
webtable-cl_noval-v=12-distilroberta-dj_adpt~qwen3_8b-dj_adpt,1,1024,5,384,1024,0.440109,0.19507789611816406,cuda
webtable-cl_noval-v=12-distilroberta-dj_adpt~qwen3_8b-dj_adpt,1,1024,6,384,1024,0.439888,0.19495582580566406,cuda
webtable-cl_noval-v=12-distilroberta-dj_adpt~qwen3_8b-dj_adpt,1,1024,7,384,1024,0.44040399999999996,0.19507789611816406,cuda
webtable-cl_noval-v=12-distilroberta-dj_adpt~qwen3_8b-dj_adpt,1,1024,8,384,1024,0.439337,0.19495582580566406,cuda
webtable-cl_noval-v=12-distilroberta-dj_adpt~qwen3_8b-dj_adpt,1,1024,9,384,1024,0.43922,0.19507789611816406,cuda
webtable-cl_noval-v=12-distilroberta-dj_adpt~qwen3_8b-dj_adpt,1,1024,10,384,1024,0.44046399999999997,0.19495582580566406,cuda
webtable-cl_noval-v=12-distilroberta-dj_adpt~qwen3_8b-dj_adpt,2,1024,1,384,1024,0.433619,0.19495582580566406,cuda
webtable-cl_noval-v=12-distilroberta-dj_adpt~qwen3_8b-dj_adpt,2,1024,2,384,1024,0.43949499999999997,0.19507789611816406,cuda
webtable-cl_noval-v=12-distilroberta-dj_adpt~qwen3_8b-dj_adpt,2,1024,3,384,1024,0.43853899999999996,0.19495582580566406,cuda
webtable-cl_noval-v=12-distilroberta-dj_adpt~qwen3_8b-dj_adpt,2,1024,4,384,1024,0.439031,0.19507789611816406,cuda
webtable-cl_noval-v=12-distilroberta-dj_adpt~qwen3_8b-dj_adpt,2,1024,5,384,1024,0.440251,0.19495582580566406,cuda
webtable-cl_noval-v=12-distilroberta-dj_adpt~qwen3_8b-dj_adpt,2,1024,6,384,1024,0.43803899999999996,0.19507789611816406,cuda
webtable-cl_noval-v=12-distilroberta-dj_adpt~qwen3_8b-dj_adpt,2,1024,7,384,1024,0.43888699999999997,0.19495582580566406,cuda
webtable-cl_noval-v=12-distilroberta-dj_adpt~qwen3_8b-dj_adpt,2,1024,8,384,1024,0.46554599999999996,0.19507789611816406,cuda
webtable-cl_noval-v=12-distilroberta-dj_adpt~qwen3_8b-dj_adpt,2,1024,9,384,1024,0.441366,0.19495582580566406,cuda
webtable-cl_noval-v=12-distilroberta-dj_adpt~qwen3_8b-dj_adpt,2,1024,10,384,1024,0.440391,0.19507789611816406,cuda
webtable-cl_noval-v=12-distilroberta-dj_adpt~qwen3_8b-dj_adpt,3,1024,1,768,1024,0.487052,0.19605445861816406,cuda
webtable-cl_noval-v=12-distilroberta-dj_adpt~qwen3_8b-dj_adpt,3,1024,2,768,1024,0.49609699999999995,0.19703102111816406,cuda
webtable-cl_noval-v=12-distilroberta-dj_adpt~qwen3_8b-dj_adpt,3,1024,3,768,1024,0.49323599999999995,0.19605445861816406,cuda
webtable-cl_noval-v=12-distilroberta-dj_adpt~qwen3_8b-dj_adpt,3,1024,4,768,1024,0.49447599999999997,0.19703102111816406,cuda
webtable-cl_noval-v=12-distilroberta-dj_adpt~qwen3_8b-dj_adpt,3,1024,5,768,1024,0.492766,0.19605445861816406,cuda
webtable-cl_noval-v=12-distilroberta-dj_adpt~qwen3_8b-dj_adpt,3,1024,6,768,1024,0.49354099999999995,0.19703102111816406,cuda
webtable-cl_noval-v=12-distilroberta-dj_adpt~qwen3_8b-dj_adpt,3,1024,7,768,1024,0.492264,0.19605445861816406,cuda
webtable-cl_noval-v=12-distilroberta-dj_adpt~qwen3_8b-dj_adpt,3,1024,8,768,1024,0.49498899999999996,0.19703102111816406,cuda
webtable-cl_noval-v=12-distilroberta-dj_adpt~qwen3_8b-dj_adpt,3,1024,9,768,1024,0.49572099999999997,0.19605445861816406,cuda
webtable-cl_noval-v=12-distilroberta-dj_adpt~qwen3_8b-dj_adpt,3,1024,10,768,1024,0.49427699999999997,0.19703102111816406,cuda
webtable-cl_noval-v=12-distilroberta-dj_adpt~qwen3_8b-dj_adpt,4,1024,1,768,1024,0.48765899999999995,0.19703102111816406,cuda
webtable-cl_noval-v=12-distilroberta-dj_adpt~qwen3_8b-dj_adpt,4,1024,2,768,1024,0.493803,0.19605445861816406,cuda
webtable-cl_noval-v=12-distilroberta-dj_adpt~qwen3_8b-dj_adpt,4,1024,3,768,1024,0.494533,0.19703102111816406,cuda
webtable-cl_noval-v=12-distilroberta-dj_adpt~qwen3_8b-dj_adpt,4,1024,4,768,1024,0.49270699999999995,0.19605445861816406,cuda
webtable-cl_noval-v=12-distilroberta-dj_adpt~qwen3_8b-dj_adpt,4,1024,5,768,1024,0.494077,0.19703102111816406,cuda
webtable-cl_noval-v=12-distilroberta-dj_adpt~qwen3_8b-dj_adpt,4,1024,6,768,1024,0.49213599999999996,0.19605445861816406,cuda
webtable-cl_noval-v=12-distilroberta-dj_adpt~qwen3_8b-dj_adpt,4,1024,7,768,1024,0.494716,0.19703102111816406,cuda
webtable-cl_noval-v=12-distilroberta-dj_adpt~qwen3_8b-dj_adpt,4,1024,8,768,1024,0.493722,0.19605445861816406,cuda
webtable-cl_noval-v=12-distilroberta-dj_adpt~qwen3_8b-dj_adpt,4,1024,9,768,1024,0.492677,0.19703102111816406,cuda
webtable-cl_noval-v=12-distilroberta-dj_adpt~qwen3_8b-dj_adpt,4,1024,10,768,1024,0.49270699999999995,0.19605445861816406,cuda
webtable-cl_noval-v=12-distilroberta-dj_adpt~qwen3_8b-dj_adpt,5,1024,1,768,1024,0.488081,0.19605445861816406,cuda
webtable-cl_noval-v=12-distilroberta-dj_adpt~qwen3_8b-dj_adpt,5,1024,2,768,1024,0.49224599999999996,0.19703102111816406,cuda
webtable-cl_noval-v=12-distilroberta-dj_adpt~qwen3_8b-dj_adpt,5,1024,3,768,1024,0.49262599999999995,0.19605445861816406,cuda
webtable-cl_noval-v=12-distilroberta-dj_adpt~qwen3_8b-dj_adpt,5,1024,4,768,1024,0.49376699999999996,0.19703102111816406,cuda
webtable-cl_noval-v=12-distilroberta-dj_adpt~qwen3_8b-dj_adpt,5,1024,5,768,1024,0.49291999999999997,0.19605445861816406,cuda
webtable-cl_noval-v=12-distilroberta-dj_adpt~qwen3_8b-dj_adpt,5,1024,6,768,1024,0.493237,0.19703102111816406,cuda
webtable-cl_noval-v=12-distilroberta-dj_adpt~qwen3_8b-dj_adpt,5,1024,7,768,1024,0.493843,0.19605445861816406,cuda
webtable-cl_noval-v=12-distilroberta-dj_adpt~qwen3_8b-dj_adpt,5,1024,8,768,1024,0.4935,0.19703102111816406,cuda
webtable-cl_noval-v=12-distilroberta-dj_adpt~qwen3_8b-dj_adpt,5,1024,9,768,1024,0.493496,0.19605445861816406,cuda
webtable-cl_noval-v=12-distilroberta-dj_adpt~qwen3_8b-dj_adpt,5,1024,10,768,1024,0.504695,0.19703102111816406,cuda
webtable-cl_noval-v=12-distilroberta-dj_adpt~qwen3_8b-dj_adpt,6,1024,1,896,1024,0.498118,0.19703102111816406,cuda
webtable-cl_noval-v=12-distilroberta-dj_adpt~qwen3_8b-dj_adpt,6,1024,2,896,1024,0.50314,0.19654273986816406,cuda
webtable-cl_noval-v=12-distilroberta-dj_adpt~qwen3_8b-dj_adpt,6,1024,3,896,1024,0.503976,0.19703102111816406,cuda
webtable-cl_noval-v=12-distilroberta-dj_adpt~qwen3_8b-dj_adpt,6,1024,4,896,1024,0.5024799999999999,0.19654273986816406,cuda
webtable-cl_noval-v=12-distilroberta-dj_adpt~qwen3_8b-dj_adpt,6,1024,5,896,1024,0.502993,0.19703102111816406,cuda
webtable-cl_noval-v=12-distilroberta-dj_adpt~qwen3_8b-dj_adpt,6,1024,6,896,1024,0.502371,0.19654273986816406,cuda
webtable-cl_noval-v=12-distilroberta-dj_adpt~qwen3_8b-dj_adpt,6,1024,7,896,1024,0.502595,0.19703102111816406,cuda
webtable-cl_noval-v=12-distilroberta-dj_adpt~qwen3_8b-dj_adpt,6,1024,8,896,1024,0.504927,0.19654273986816406,cuda
webtable-cl_noval-v=12-distilroberta-dj_adpt~qwen3_8b-dj_adpt,6,1024,9,896,1024,0.5026189999999999,0.19703102111816406,cuda
webtable-cl_noval-v=12-distilroberta-dj_adpt~qwen3_8b-dj_adpt,6,1024,10,896,1024,0.5008859999999999,0.19654273986816406,cuda
webtable-cl_noval-v=12-distilroberta-dj_adpt~qwen3_8b-dj_adpt,7,1024,1,1024,1024,0.511599,0.19703102111816406,cuda
webtable-cl_noval-v=12-distilroberta-dj_adpt~qwen3_8b-dj_adpt,7,1024,2,1024,1024,0.519188,0.19703102111816406,cuda
webtable-cl_noval-v=12-distilroberta-dj_adpt~qwen3_8b-dj_adpt,7,1024,3,1024,1024,0.522257,0.19703102111816406,cuda
webtable-cl_noval-v=12-distilroberta-dj_adpt~qwen3_8b-dj_adpt,7,1024,4,1024,1024,0.516779,0.19703102111816406,cuda
webtable-cl_noval-v=12-distilroberta-dj_adpt~qwen3_8b-dj_adpt,7,1024,5,1024,1024,0.515832,0.19703102111816406,cuda
webtable-cl_noval-v=12-distilroberta-dj_adpt~qwen3_8b-dj_adpt,7,1024,6,1024,1024,0.517114,0.19703102111816406,cuda
webtable-cl_noval-v=12-distilroberta-dj_adpt~qwen3_8b-dj_adpt,7,1024,7,1024,1024,0.517683,0.19703102111816406,cuda
webtable-cl_noval-v=12-distilroberta-dj_adpt~qwen3_8b-dj_adpt,7,1024,8,1024,1024,0.5167999999999999,0.19703102111816406,cuda
webtable-cl_noval-v=12-distilroberta-dj_adpt~qwen3_8b-dj_adpt,7,1024,9,1024,1024,0.517031,0.19703102111816406,cuda
webtable-cl_noval-v=12-distilroberta-dj_adpt~qwen3_8b-dj_adpt,7,1024,10,1024,1024,0.519608,0.19703102111816406,cuda
webtable-cl_noval-v=12-distilroberta-dj_adpt~qwen3_8b-dj_adpt,8,1024,1,2560,1024,0.690535,0.20289039611816406,cuda
webtable-cl_noval-v=12-distilroberta-dj_adpt~qwen3_8b-dj_adpt,8,1024,2,2560,1024,0.695591,0.20289039611816406,cuda
webtable-cl_noval-v=12-distilroberta-dj_adpt~qwen3_8b-dj_adpt,8,1024,3,2560,1024,0.6969059999999999,0.20289039611816406,cuda
webtable-cl_noval-v=12-distilroberta-dj_adpt~qwen3_8b-dj_adpt,8,1024,4,2560,1024,0.69799,0.20289039611816406,cuda
webtable-cl_noval-v=12-distilroberta-dj_adpt~qwen3_8b-dj_adpt,8,1024,5,2560,1024,0.695844,0.20289039611816406,cuda
webtable-cl_noval-v=12-distilroberta-dj_adpt~qwen3_8b-dj_adpt,8,1024,6,2560,1024,0.697429,0.20289039611816406,cuda
webtable-cl_noval-v=12-distilroberta-dj_adpt~qwen3_8b-dj_adpt,8,1024,7,2560,1024,0.696153,0.20289039611816406,cuda
webtable-cl_noval-v=12-distilroberta-dj_adpt~qwen3_8b-dj_adpt,8,1024,8,2560,1024,0.695966,0.20289039611816406,cuda
webtable-cl_noval-v=12-distilroberta-dj_adpt~qwen3_8b-dj_adpt,8,1024,9,2560,1024,0.6970799999999999,0.20289039611816406,cuda
webtable-cl_noval-v=12-distilroberta-dj_adpt~qwen3_8b-dj_adpt,8,1024,10,2560,1024,0.696055,0.20289039611816406,cuda
webtable-cl_noval-v=12-distilroberta-dj_adpt~qwen3_8b-dj_adpt,9,1024,1,3840,1024,0.828074,0.20874977111816406,cuda
webtable-cl_noval-v=12-distilroberta-dj_adpt~qwen3_8b-dj_adpt,9,1024,2,3840,1024,0.834912,0.20874977111816406,cuda
webtable-cl_noval-v=12-distilroberta-dj_adpt~qwen3_8b-dj_adpt,9,1024,3,3840,1024,0.831967,0.20874977111816406,cuda
webtable-cl_noval-v=12-distilroberta-dj_adpt~qwen3_8b-dj_adpt,9,1024,4,3840,1024,0.8296709999999999,0.20874977111816406,cuda
webtable-cl_noval-v=12-distilroberta-dj_adpt~qwen3_8b-dj_adpt,9,1024,5,3840,1024,0.831132,0.20874977111816406,cuda
webtable-cl_noval-v=12-distilroberta-dj_adpt~qwen3_8b-dj_adpt,9,1024,6,3840,1024,0.832467,0.20874977111816406,cuda
webtable-cl_noval-v=12-distilroberta-dj_adpt~qwen3_8b-dj_adpt,9,1024,7,3840,1024,0.829908,0.20874977111816406,cuda
webtable-cl_noval-v=12-distilroberta-dj_adpt~qwen3_8b-dj_adpt,9,1024,8,3840,1024,0.8312569999999999,0.20874977111816406,cuda
webtable-cl_noval-v=12-distilroberta-dj_adpt~qwen3_8b-dj_adpt,9,1024,9,3840,1024,0.832032,0.20874977111816406,cuda
webtable-cl_noval-v=12-distilroberta-dj_adpt~qwen3_8b-dj_adpt,9,1024,10,3840,1024,0.8308869999999999,0.20874977111816406,cuda
webtable-cl_noval-v=12-distilroberta-dj_adpt~qwen3_8b-dj_adpt,10,1024,1,4096,1024,0.857761,0.20874977111816406,cuda
webtable-cl_noval-v=12-distilroberta-dj_adpt~qwen3_8b-dj_adpt,10,1024,2,4096,1024,0.861961,0.20874977111816406,cuda
webtable-cl_noval-v=12-distilroberta-dj_adpt~qwen3_8b-dj_adpt,10,1024,3,4096,1024,0.861607,0.20874977111816406,cuda
webtable-cl_noval-v=12-distilroberta-dj_adpt~qwen3_8b-dj_adpt,10,1024,4,4096,1024,0.8619509999999999,0.20874977111816406,cuda
webtable-cl_noval-v=12-distilroberta-dj_adpt~qwen3_8b-dj_adpt,10,1024,5,4096,1024,0.861339,0.20874977111816406,cuda
webtable-cl_noval-v=12-distilroberta-dj_adpt~qwen3_8b-dj_adpt,10,1024,6,4096,1024,0.860018,0.20874977111816406,cuda
webtable-cl_noval-v=12-distilroberta-dj_adpt~qwen3_8b-dj_adpt,10,1024,7,4096,1024,0.8596149999999999,0.20874977111816406,cuda
webtable-cl_noval-v=12-distilroberta-dj_adpt~qwen3_8b-dj_adpt,10,1024,8,4096,1024,0.8635649999999999,0.20874977111816406,cuda
webtable-cl_noval-v=12-distilroberta-dj_adpt~qwen3_8b-dj_adpt,10,1024,9,4096,1024,0.861509,0.20874977111816406,cuda
webtable-cl_noval-v=12-distilroberta-dj_adpt~qwen3_8b-dj_adpt,10,1024,10,4096,1024,0.8618629999999999,0.20874977111816406,cuda
webtable-cl_noval-v=12-distilroberta-dj_adpt~qwen3_8b-dj_adpt,11,1024,1,4096,1024,0.857059,0.20874977111816406,cuda
webtable-cl_noval-v=12-distilroberta-dj_adpt~qwen3_8b-dj_adpt,11,1024,2,4096,1024,0.862819,0.20874977111816406,cuda
webtable-cl_noval-v=12-distilroberta-dj_adpt~qwen3_8b-dj_adpt,11,1024,3,4096,1024,0.861927,0.20874977111816406,cuda
webtable-cl_noval-v=12-distilroberta-dj_adpt~qwen3_8b-dj_adpt,11,1024,4,4096,1024,0.862738,0.20874977111816406,cuda
webtable-cl_noval-v=12-distilroberta-dj_adpt~qwen3_8b-dj_adpt,11,1024,5,4096,1024,0.863012,0.20874977111816406,cuda
webtable-cl_noval-v=12-distilroberta-dj_adpt~qwen3_8b-dj_adpt,11,1024,6,4096,1024,0.8616779999999999,0.20874977111816406,cuda
webtable-cl_noval-v=12-distilroberta-dj_adpt~qwen3_8b-dj_adpt,11,1024,7,4096,1024,0.861294,0.20874977111816406,cuda
webtable-cl_noval-v=12-distilroberta-dj_adpt~qwen3_8b-dj_adpt,11,1024,8,4096,1024,0.860957,0.20874977111816406,cuda
webtable-cl_noval-v=12-distilroberta-dj_adpt~qwen3_8b-dj_adpt,11,1024,9,4096,1024,0.861676,0.20874977111816406,cuda
webtable-cl_noval-v=12-distilroberta-dj_adpt~qwen3_8b-dj_adpt,11,1024,10,4096,1024,0.865255,0.20874977111816406,cuda
webtable-cl_noval-v=12-distilroberta-dj_adpt~qwen3_8b-dj_adpt,0,2048,1,768,1024,0.8255549999999999,0.20679664611816406,cuda
webtable-cl_noval-v=12-distilroberta-dj_adpt~qwen3_8b-dj_adpt,0,2048,2,768,1024,1.170004,0.20679664611816406,cuda
webtable-cl_noval-v=12-distilroberta-dj_adpt~qwen3_8b-dj_adpt,0,2048,3,768,1024,0.832202,0.20679664611816406,cuda
webtable-cl_noval-v=12-distilroberta-dj_adpt~qwen3_8b-dj_adpt,0,2048,4,768,1024,0.825298,0.20679664611816406,cuda
webtable-cl_noval-v=12-distilroberta-dj_adpt~qwen3_8b-dj_adpt,0,2048,5,768,1024,0.829059,0.20679664611816406,cuda
webtable-cl_noval-v=12-distilroberta-dj_adpt~qwen3_8b-dj_adpt,0,2048,6,768,1024,0.825334,0.20679664611816406,cuda
webtable-cl_noval-v=12-distilroberta-dj_adpt~qwen3_8b-dj_adpt,0,2048,7,768,1024,0.830788,0.20679664611816406,cuda
webtable-cl_noval-v=12-distilroberta-dj_adpt~qwen3_8b-dj_adpt,0,2048,8,768,1024,0.824128,0.20679664611816406,cuda
webtable-cl_noval-v=12-distilroberta-dj_adpt~qwen3_8b-dj_adpt,0,2048,9,768,1024,0.8292339999999999,0.20679664611816406,cuda
webtable-cl_noval-v=12-distilroberta-dj_adpt~qwen3_8b-dj_adpt,0,2048,10,768,1024,0.825349,0.20679664611816406,cuda
webtable-cl_noval-v=12-distilroberta-dj_adpt~qwen3_8b-dj_adpt,1,2048,1,384,1024,0.728046,0.20484352111816406,cuda
webtable-cl_noval-v=12-distilroberta-dj_adpt~qwen3_8b-dj_adpt,1,2048,2,384,1024,0.7299059999999999,0.20386695861816406,cuda
webtable-cl_noval-v=12-distilroberta-dj_adpt~qwen3_8b-dj_adpt,1,2048,3,384,1024,0.738119,0.20484352111816406,cuda
webtable-cl_noval-v=12-distilroberta-dj_adpt~qwen3_8b-dj_adpt,1,2048,4,384,1024,0.732806,0.20386695861816406,cuda
webtable-cl_noval-v=12-distilroberta-dj_adpt~qwen3_8b-dj_adpt,1,2048,5,384,1024,0.735729,0.20484352111816406,cuda
webtable-cl_noval-v=12-distilroberta-dj_adpt~qwen3_8b-dj_adpt,1,2048,6,384,1024,0.7311179999999999,0.20386695861816406,cuda
webtable-cl_noval-v=12-distilroberta-dj_adpt~qwen3_8b-dj_adpt,1,2048,7,384,1024,0.738707,0.20484352111816406,cuda
webtable-cl_noval-v=12-distilroberta-dj_adpt~qwen3_8b-dj_adpt,1,2048,8,384,1024,0.733247,0.20386695861816406,cuda
webtable-cl_noval-v=12-distilroberta-dj_adpt~qwen3_8b-dj_adpt,1,2048,9,384,1024,0.7382839999999999,0.20484352111816406,cuda
webtable-cl_noval-v=12-distilroberta-dj_adpt~qwen3_8b-dj_adpt,1,2048,10,384,1024,0.729725,0.20386695861816406,cuda
webtable-cl_noval-v=12-distilroberta-dj_adpt~qwen3_8b-dj_adpt,2,2048,1,384,1024,0.724464,0.20386695861816406,cuda
webtable-cl_noval-v=12-distilroberta-dj_adpt~qwen3_8b-dj_adpt,2,2048,2,384,1024,0.737153,0.20484352111816406,cuda
webtable-cl_noval-v=12-distilroberta-dj_adpt~qwen3_8b-dj_adpt,2,2048,3,384,1024,0.728557,0.20386695861816406,cuda
webtable-cl_noval-v=12-distilroberta-dj_adpt~qwen3_8b-dj_adpt,2,2048,4,384,1024,0.737053,0.20484352111816406,cuda
webtable-cl_noval-v=12-distilroberta-dj_adpt~qwen3_8b-dj_adpt,2,2048,5,384,1024,0.728524,0.20386695861816406,cuda
webtable-cl_noval-v=12-distilroberta-dj_adpt~qwen3_8b-dj_adpt,2,2048,6,384,1024,0.733879,0.20484352111816406,cuda
webtable-cl_noval-v=12-distilroberta-dj_adpt~qwen3_8b-dj_adpt,2,2048,7,384,1024,0.7283229999999999,0.20386695861816406,cuda
webtable-cl_noval-v=12-distilroberta-dj_adpt~qwen3_8b-dj_adpt,2,2048,8,384,1024,0.733748,0.20484352111816406,cuda
webtable-cl_noval-v=12-distilroberta-dj_adpt~qwen3_8b-dj_adpt,2,2048,9,384,1024,0.7289869999999999,0.20386695861816406,cuda
webtable-cl_noval-v=12-distilroberta-dj_adpt~qwen3_8b-dj_adpt,2,2048,10,384,1024,0.7354769999999999,0.20484352111816406,cuda
webtable-cl_noval-v=12-distilroberta-dj_adpt~qwen3_8b-dj_adpt,3,2048,1,768,1024,0.820985,0.20679664611816406,cuda
webtable-cl_noval-v=12-distilroberta-dj_adpt~qwen3_8b-dj_adpt,3,2048,2,768,1024,0.826328,0.20679664611816406,cuda
webtable-cl_noval-v=12-distilroberta-dj_adpt~qwen3_8b-dj_adpt,3,2048,3,768,1024,0.8296169999999999,0.20679664611816406,cuda
webtable-cl_noval-v=12-distilroberta-dj_adpt~qwen3_8b-dj_adpt,3,2048,4,768,1024,0.838641,0.20679664611816406,cuda
webtable-cl_noval-v=12-distilroberta-dj_adpt~qwen3_8b-dj_adpt,3,2048,5,768,1024,0.8322419999999999,0.20679664611816406,cuda
webtable-cl_noval-v=12-distilroberta-dj_adpt~qwen3_8b-dj_adpt,3,2048,6,768,1024,0.8287519999999999,0.20679664611816406,cuda
webtable-cl_noval-v=12-distilroberta-dj_adpt~qwen3_8b-dj_adpt,3,2048,7,768,1024,0.8311379999999999,0.20679664611816406,cuda
webtable-cl_noval-v=12-distilroberta-dj_adpt~qwen3_8b-dj_adpt,3,2048,8,768,1024,0.827329,0.20679664611816406,cuda
webtable-cl_noval-v=12-distilroberta-dj_adpt~qwen3_8b-dj_adpt,3,2048,9,768,1024,0.831572,0.20679664611816406,cuda
webtable-cl_noval-v=12-distilroberta-dj_adpt~qwen3_8b-dj_adpt,3,2048,10,768,1024,0.8265009999999999,0.20679664611816406,cuda
webtable-cl_noval-v=12-distilroberta-dj_adpt~qwen3_8b-dj_adpt,4,2048,1,768,1024,0.824831,0.20679664611816406,cuda
webtable-cl_noval-v=12-distilroberta-dj_adpt~qwen3_8b-dj_adpt,4,2048,2,768,1024,0.8355739999999999,0.20679664611816406,cuda
webtable-cl_noval-v=12-distilroberta-dj_adpt~qwen3_8b-dj_adpt,4,2048,3,768,1024,0.830823,0.20679664611816406,cuda
webtable-cl_noval-v=12-distilroberta-dj_adpt~qwen3_8b-dj_adpt,4,2048,4,768,1024,0.835309,0.20679664611816406,cuda
webtable-cl_noval-v=12-distilroberta-dj_adpt~qwen3_8b-dj_adpt,4,2048,5,768,1024,0.8285039999999999,0.20679664611816406,cuda
webtable-cl_noval-v=12-distilroberta-dj_adpt~qwen3_8b-dj_adpt,4,2048,6,768,1024,0.836861,0.20679664611816406,cuda
webtable-cl_noval-v=12-distilroberta-dj_adpt~qwen3_8b-dj_adpt,4,2048,7,768,1024,0.826166,0.20679664611816406,cuda
webtable-cl_noval-v=12-distilroberta-dj_adpt~qwen3_8b-dj_adpt,4,2048,8,768,1024,0.8328439999999999,0.20679664611816406,cuda
webtable-cl_noval-v=12-distilroberta-dj_adpt~qwen3_8b-dj_adpt,4,2048,9,768,1024,0.825465,0.20679664611816406,cuda
webtable-cl_noval-v=12-distilroberta-dj_adpt~qwen3_8b-dj_adpt,4,2048,10,768,1024,0.835098,0.20679664611816406,cuda
webtable-cl_noval-v=12-distilroberta-dj_adpt~qwen3_8b-dj_adpt,5,2048,1,768,1024,0.825008,0.20679664611816406,cuda
webtable-cl_noval-v=12-distilroberta-dj_adpt~qwen3_8b-dj_adpt,5,2048,2,768,1024,0.825978,0.20679664611816406,cuda
webtable-cl_noval-v=12-distilroberta-dj_adpt~qwen3_8b-dj_adpt,5,2048,3,768,1024,0.830383,0.20679664611816406,cuda
webtable-cl_noval-v=12-distilroberta-dj_adpt~qwen3_8b-dj_adpt,5,2048,4,768,1024,0.827847,0.20679664611816406,cuda
webtable-cl_noval-v=12-distilroberta-dj_adpt~qwen3_8b-dj_adpt,5,2048,5,768,1024,0.828525,0.20679664611816406,cuda
webtable-cl_noval-v=12-distilroberta-dj_adpt~qwen3_8b-dj_adpt,5,2048,6,768,1024,0.825313,0.20679664611816406,cuda
webtable-cl_noval-v=12-distilroberta-dj_adpt~qwen3_8b-dj_adpt,5,2048,7,768,1024,0.829279,0.20679664611816406,cuda
webtable-cl_noval-v=12-distilroberta-dj_adpt~qwen3_8b-dj_adpt,5,2048,8,768,1024,0.827432,0.20679664611816406,cuda
webtable-cl_noval-v=12-distilroberta-dj_adpt~qwen3_8b-dj_adpt,5,2048,9,768,1024,0.829805,0.20679664611816406,cuda
webtable-cl_noval-v=12-distilroberta-dj_adpt~qwen3_8b-dj_adpt,5,2048,10,768,1024,0.824863,0.20679664611816406,cuda
webtable-cl_noval-v=12-distilroberta-dj_adpt~qwen3_8b-dj_adpt,6,2048,1,896,1024,0.851988,0.20874977111816406,cuda
webtable-cl_noval-v=12-distilroberta-dj_adpt~qwen3_8b-dj_adpt,6,2048,2,896,1024,0.852317,0.20777320861816406,cuda
webtable-cl_noval-v=12-distilroberta-dj_adpt~qwen3_8b-dj_adpt,6,2048,3,896,1024,0.857976,0.20874977111816406,cuda
webtable-cl_noval-v=12-distilroberta-dj_adpt~qwen3_8b-dj_adpt,6,2048,4,896,1024,0.8546119999999999,0.20777320861816406,cuda
webtable-cl_noval-v=12-distilroberta-dj_adpt~qwen3_8b-dj_adpt,6,2048,5,896,1024,0.8710709999999999,0.20874977111816406,cuda
webtable-cl_noval-v=12-distilroberta-dj_adpt~qwen3_8b-dj_adpt,6,2048,6,896,1024,0.854105,0.20777320861816406,cuda
webtable-cl_noval-v=12-distilroberta-dj_adpt~qwen3_8b-dj_adpt,6,2048,7,896,1024,0.859467,0.20874977111816406,cuda
webtable-cl_noval-v=12-distilroberta-dj_adpt~qwen3_8b-dj_adpt,6,2048,8,896,1024,0.85458,0.20777320861816406,cuda
webtable-cl_noval-v=12-distilroberta-dj_adpt~qwen3_8b-dj_adpt,6,2048,9,896,1024,0.8588239999999999,0.20874977111816406,cuda
webtable-cl_noval-v=12-distilroberta-dj_adpt~qwen3_8b-dj_adpt,6,2048,10,896,1024,0.8535699999999999,0.20777320861816406,cuda
webtable-cl_noval-v=12-distilroberta-dj_adpt~qwen3_8b-dj_adpt,7,2048,1,1024,1024,0.877216,0.20874977111816406,cuda
webtable-cl_noval-v=12-distilroberta-dj_adpt~qwen3_8b-dj_adpt,7,2048,2,1024,1024,0.884909,0.20874977111816406,cuda
webtable-cl_noval-v=12-distilroberta-dj_adpt~qwen3_8b-dj_adpt,7,2048,3,1024,1024,0.883744,0.20874977111816406,cuda
webtable-cl_noval-v=12-distilroberta-dj_adpt~qwen3_8b-dj_adpt,7,2048,4,1024,1024,0.882925,0.20874977111816406,cuda
webtable-cl_noval-v=12-distilroberta-dj_adpt~qwen3_8b-dj_adpt,7,2048,5,1024,1024,0.885447,0.20874977111816406,cuda
webtable-cl_noval-v=12-distilroberta-dj_adpt~qwen3_8b-dj_adpt,7,2048,6,1024,1024,0.8851239999999999,0.20874977111816406,cuda
webtable-cl_noval-v=12-distilroberta-dj_adpt~qwen3_8b-dj_adpt,7,2048,7,1024,1024,0.885702,0.20874977111816406,cuda
webtable-cl_noval-v=12-distilroberta-dj_adpt~qwen3_8b-dj_adpt,7,2048,8,1024,1024,0.885431,0.20874977111816406,cuda
webtable-cl_noval-v=12-distilroberta-dj_adpt~qwen3_8b-dj_adpt,7,2048,9,1024,1024,0.888011,0.20874977111816406,cuda
webtable-cl_noval-v=12-distilroberta-dj_adpt~qwen3_8b-dj_adpt,7,2048,10,1024,1024,0.8867569999999999,0.20874977111816406,cuda
webtable-cl_noval-v=12-distilroberta-dj_adpt~qwen3_8b-dj_adpt,8,2048,1,2560,1024,1.215021,0.22046852111816406,cuda
webtable-cl_noval-v=12-distilroberta-dj_adpt~qwen3_8b-dj_adpt,8,2048,2,2560,1024,1.220199,0.22046852111816406,cuda
webtable-cl_noval-v=12-distilroberta-dj_adpt~qwen3_8b-dj_adpt,8,2048,3,2560,1024,1.2193889999999998,0.22046852111816406,cuda
webtable-cl_noval-v=12-distilroberta-dj_adpt~qwen3_8b-dj_adpt,8,2048,4,2560,1024,1.21879,0.22046852111816406,cuda
webtable-cl_noval-v=12-distilroberta-dj_adpt~qwen3_8b-dj_adpt,8,2048,5,2560,1024,1.219735,0.22046852111816406,cuda
webtable-cl_noval-v=12-distilroberta-dj_adpt~qwen3_8b-dj_adpt,8,2048,6,2560,1024,1.218033,0.22046852111816406,cuda
webtable-cl_noval-v=12-distilroberta-dj_adpt~qwen3_8b-dj_adpt,8,2048,7,2560,1024,1.220905,0.22046852111816406,cuda
webtable-cl_noval-v=12-distilroberta-dj_adpt~qwen3_8b-dj_adpt,8,2048,8,2560,1024,1.219517,0.22046852111816406,cuda
webtable-cl_noval-v=12-distilroberta-dj_adpt~qwen3_8b-dj_adpt,8,2048,9,2560,1024,1.21786,0.22046852111816406,cuda
webtable-cl_noval-v=12-distilroberta-dj_adpt~qwen3_8b-dj_adpt,8,2048,10,2560,1024,1.221144,0.22046852111816406,cuda
webtable-cl_noval-v=12-distilroberta-dj_adpt~qwen3_8b-dj_adpt,9,2048,1,3840,1024,1.5195649999999998,0.23023414611816406,cuda
webtable-cl_noval-v=12-distilroberta-dj_adpt~qwen3_8b-dj_adpt,9,2048,2,3840,1024,1.5101289999999998,0.23023414611816406,cuda
webtable-cl_noval-v=12-distilroberta-dj_adpt~qwen3_8b-dj_adpt,9,2048,3,3840,1024,1.508506,0.23023414611816406,cuda
webtable-cl_noval-v=12-distilroberta-dj_adpt~qwen3_8b-dj_adpt,9,2048,4,3840,1024,1.506967,0.23023414611816406,cuda
webtable-cl_noval-v=12-distilroberta-dj_adpt~qwen3_8b-dj_adpt,9,2048,5,3840,1024,1.506157,0.23023414611816406,cuda
webtable-cl_noval-v=12-distilroberta-dj_adpt~qwen3_8b-dj_adpt,9,2048,6,3840,1024,1.5054349999999999,0.23023414611816406,cuda
webtable-cl_noval-v=12-distilroberta-dj_adpt~qwen3_8b-dj_adpt,9,2048,7,3840,1024,1.5177779999999998,0.23023414611816406,cuda
webtable-cl_noval-v=12-distilroberta-dj_adpt~qwen3_8b-dj_adpt,9,2048,8,3840,1024,1.508621,0.23023414611816406,cuda
webtable-cl_noval-v=12-distilroberta-dj_adpt~qwen3_8b-dj_adpt,9,2048,9,3840,1024,1.507642,0.23023414611816406,cuda
webtable-cl_noval-v=12-distilroberta-dj_adpt~qwen3_8b-dj_adpt,9,2048,10,3840,1024,1.50495,0.23023414611816406,cuda
webtable-cl_noval-v=12-distilroberta-dj_adpt~qwen3_8b-dj_adpt,10,2048,1,4096,1024,1.5819379999999998,0.23218727111816406,cuda
webtable-cl_noval-v=12-distilroberta-dj_adpt~qwen3_8b-dj_adpt,10,2048,2,4096,1024,1.571226,0.23218727111816406,cuda
webtable-cl_noval-v=12-distilroberta-dj_adpt~qwen3_8b-dj_adpt,10,2048,3,4096,1024,1.5693409999999999,0.23218727111816406,cuda
webtable-cl_noval-v=12-distilroberta-dj_adpt~qwen3_8b-dj_adpt,10,2048,4,4096,1024,1.567818,0.23218727111816406,cuda
webtable-cl_noval-v=12-distilroberta-dj_adpt~qwen3_8b-dj_adpt,10,2048,5,4096,1024,1.570945,0.23218727111816406,cuda
webtable-cl_noval-v=12-distilroberta-dj_adpt~qwen3_8b-dj_adpt,10,2048,6,4096,1024,1.5663159999999998,0.23218727111816406,cuda
webtable-cl_noval-v=12-distilroberta-dj_adpt~qwen3_8b-dj_adpt,10,2048,7,4096,1024,1.5680429999999999,0.23218727111816406,cuda
webtable-cl_noval-v=12-distilroberta-dj_adpt~qwen3_8b-dj_adpt,10,2048,8,4096,1024,1.569018,0.23218727111816406,cuda
webtable-cl_noval-v=12-distilroberta-dj_adpt~qwen3_8b-dj_adpt,10,2048,9,4096,1024,1.570824,0.23218727111816406,cuda
webtable-cl_noval-v=12-distilroberta-dj_adpt~qwen3_8b-dj_adpt,10,2048,10,4096,1024,1.57185,0.23218727111816406,cuda
webtable-cl_noval-v=12-distilroberta-dj_adpt~qwen3_8b-dj_adpt,11,2048,1,4096,1024,1.564025,0.23218727111816406,cuda
webtable-cl_noval-v=12-distilroberta-dj_adpt~qwen3_8b-dj_adpt,11,2048,2,4096,1024,1.568274,0.23218727111816406,cuda
webtable-cl_noval-v=12-distilroberta-dj_adpt~qwen3_8b-dj_adpt,11,2048,3,4096,1024,1.5688929999999999,0.23218727111816406,cuda
webtable-cl_noval-v=12-distilroberta-dj_adpt~qwen3_8b-dj_adpt,11,2048,4,4096,1024,1.5676999999999999,0.23218727111816406,cuda
webtable-cl_noval-v=12-distilroberta-dj_adpt~qwen3_8b-dj_adpt,11,2048,5,4096,1024,1.567049,0.23218727111816406,cuda
webtable-cl_noval-v=12-distilroberta-dj_adpt~qwen3_8b-dj_adpt,11,2048,6,4096,1024,1.569807,0.23218727111816406,cuda
webtable-cl_noval-v=12-distilroberta-dj_adpt~qwen3_8b-dj_adpt,11,2048,7,4096,1024,1.5677139999999998,0.23218727111816406,cuda
webtable-cl_noval-v=12-distilroberta-dj_adpt~qwen3_8b-dj_adpt,11,2048,8,4096,1024,1.568442,0.23218727111816406,cuda
webtable-cl_noval-v=12-distilroberta-dj_adpt~qwen3_8b-dj_adpt,11,2048,9,4096,1024,1.5659459999999998,0.23218727111816406,cuda
webtable-cl_noval-v=12-distilroberta-dj_adpt~qwen3_8b-dj_adpt,11,2048,10,4096,1024,1.568125,0.23218727111816406,cuda
webtable-cl_noval-v=12-distilroberta-dj_adpt~qwen3_8b-dj_adpt,0,4096,1,768,1024,1.562735,0.22828102111816406,cuda
webtable-cl_noval-v=12-distilroberta-dj_adpt~qwen3_8b-dj_adpt,0,4096,2,768,1024,1.5688039999999999,0.22828102111816406,cuda
webtable-cl_noval-v=12-distilroberta-dj_adpt~qwen3_8b-dj_adpt,0,4096,3,768,1024,1.567875,0.22828102111816406,cuda
webtable-cl_noval-v=12-distilroberta-dj_adpt~qwen3_8b-dj_adpt,0,4096,4,768,1024,1.56825,0.22828102111816406,cuda
webtable-cl_noval-v=12-distilroberta-dj_adpt~qwen3_8b-dj_adpt,0,4096,5,768,1024,1.56673,0.22828102111816406,cuda
webtable-cl_noval-v=12-distilroberta-dj_adpt~qwen3_8b-dj_adpt,0,4096,6,768,1024,1.566037,0.22828102111816406,cuda
webtable-cl_noval-v=12-distilroberta-dj_adpt~qwen3_8b-dj_adpt,0,4096,7,768,1024,1.5661319999999999,0.22828102111816406,cuda
webtable-cl_noval-v=12-distilroberta-dj_adpt~qwen3_8b-dj_adpt,0,4096,8,768,1024,1.581685,0.22828102111816406,cuda
webtable-cl_noval-v=12-distilroberta-dj_adpt~qwen3_8b-dj_adpt,0,4096,9,768,1024,1.565161,0.22828102111816406,cuda
webtable-cl_noval-v=12-distilroberta-dj_adpt~qwen3_8b-dj_adpt,0,4096,10,768,1024,1.566576,0.22828102111816406,cuda
webtable-cl_noval-v=12-distilroberta-dj_adpt~qwen3_8b-dj_adpt,1,4096,1,384,1024,1.3771799999999998,0.22242164611816406,cuda
webtable-cl_noval-v=12-distilroberta-dj_adpt~qwen3_8b-dj_adpt,1,4096,2,384,1024,1.385885,0.22242164611816406,cuda
webtable-cl_noval-v=12-distilroberta-dj_adpt~qwen3_8b-dj_adpt,1,4096,3,384,1024,1.3829799999999999,0.22242164611816406,cuda
webtable-cl_noval-v=12-distilroberta-dj_adpt~qwen3_8b-dj_adpt,1,4096,4,384,1024,1.382159,0.22242164611816406,cuda
webtable-cl_noval-v=12-distilroberta-dj_adpt~qwen3_8b-dj_adpt,1,4096,5,384,1024,1.384834,0.22242164611816406,cuda
webtable-cl_noval-v=12-distilroberta-dj_adpt~qwen3_8b-dj_adpt,1,4096,6,384,1024,1.382834,0.22242164611816406,cuda
webtable-cl_noval-v=12-distilroberta-dj_adpt~qwen3_8b-dj_adpt,1,4096,7,384,1024,1.383546,0.22242164611816406,cuda
webtable-cl_noval-v=12-distilroberta-dj_adpt~qwen3_8b-dj_adpt,1,4096,8,384,1024,1.384523,0.22242164611816406,cuda
webtable-cl_noval-v=12-distilroberta-dj_adpt~qwen3_8b-dj_adpt,1,4096,9,384,1024,1.384055,0.22242164611816406,cuda
webtable-cl_noval-v=12-distilroberta-dj_adpt~qwen3_8b-dj_adpt,1,4096,10,384,1024,1.3837439999999999,0.22242164611816406,cuda
webtable-cl_noval-v=12-distilroberta-dj_adpt~qwen3_8b-dj_adpt,2,4096,1,384,1024,1.37885,0.22242164611816406,cuda
webtable-cl_noval-v=12-distilroberta-dj_adpt~qwen3_8b-dj_adpt,2,4096,2,384,1024,1.3822429999999999,0.22242164611816406,cuda
webtable-cl_noval-v=12-distilroberta-dj_adpt~qwen3_8b-dj_adpt,2,4096,3,384,1024,1.381252,0.22242164611816406,cuda
webtable-cl_noval-v=12-distilroberta-dj_adpt~qwen3_8b-dj_adpt,2,4096,4,384,1024,1.381579,0.22242164611816406,cuda
webtable-cl_noval-v=12-distilroberta-dj_adpt~qwen3_8b-dj_adpt,2,4096,5,384,1024,1.381009,0.22242164611816406,cuda
webtable-cl_noval-v=12-distilroberta-dj_adpt~qwen3_8b-dj_adpt,2,4096,6,384,1024,1.380364,0.22242164611816406,cuda
webtable-cl_noval-v=12-distilroberta-dj_adpt~qwen3_8b-dj_adpt,2,4096,7,384,1024,1.384655,0.22242164611816406,cuda
webtable-cl_noval-v=12-distilroberta-dj_adpt~qwen3_8b-dj_adpt,2,4096,8,384,1024,1.383715,0.22242164611816406,cuda
webtable-cl_noval-v=12-distilroberta-dj_adpt~qwen3_8b-dj_adpt,2,4096,9,384,1024,1.395401,0.22242164611816406,cuda
webtable-cl_noval-v=12-distilroberta-dj_adpt~qwen3_8b-dj_adpt,2,4096,10,384,1024,1.3958629999999999,0.22242164611816406,cuda
webtable-cl_noval-v=12-distilroberta-dj_adpt~qwen3_8b-dj_adpt,3,4096,1,768,1024,1.578061,0.22828102111816406,cuda
webtable-cl_noval-v=12-distilroberta-dj_adpt~qwen3_8b-dj_adpt,3,4096,2,768,1024,1.5803049999999998,0.22828102111816406,cuda
webtable-cl_noval-v=12-distilroberta-dj_adpt~qwen3_8b-dj_adpt,3,4096,3,768,1024,1.5809959999999998,0.22828102111816406,cuda
webtable-cl_noval-v=12-distilroberta-dj_adpt~qwen3_8b-dj_adpt,3,4096,4,768,1024,1.581809,0.22828102111816406,cuda
webtable-cl_noval-v=12-distilroberta-dj_adpt~qwen3_8b-dj_adpt,3,4096,5,768,1024,1.580828,0.22828102111816406,cuda
webtable-cl_noval-v=12-distilroberta-dj_adpt~qwen3_8b-dj_adpt,3,4096,6,768,1024,1.5837729999999999,0.22828102111816406,cuda
webtable-cl_noval-v=12-distilroberta-dj_adpt~qwen3_8b-dj_adpt,3,4096,7,768,1024,1.588916,0.22828102111816406,cuda
webtable-cl_noval-v=12-distilroberta-dj_adpt~qwen3_8b-dj_adpt,3,4096,8,768,1024,1.581079,0.22828102111816406,cuda
webtable-cl_noval-v=12-distilroberta-dj_adpt~qwen3_8b-dj_adpt,3,4096,9,768,1024,1.580719,0.22828102111816406,cuda
webtable-cl_noval-v=12-distilroberta-dj_adpt~qwen3_8b-dj_adpt,3,4096,10,768,1024,1.595149,0.22828102111816406,cuda
webtable-cl_noval-v=12-distilroberta-dj_adpt~qwen3_8b-dj_adpt,4,4096,1,768,1024,1.586067,0.22828102111816406,cuda
webtable-cl_noval-v=12-distilroberta-dj_adpt~qwen3_8b-dj_adpt,4,4096,2,768,1024,1.590798,0.22828102111816406,cuda
webtable-cl_noval-v=12-distilroberta-dj_adpt~qwen3_8b-dj_adpt,4,4096,3,768,1024,1.591429,0.22828102111816406,cuda
webtable-cl_noval-v=12-distilroberta-dj_adpt~qwen3_8b-dj_adpt,4,4096,4,768,1024,1.589702,0.22828102111816406,cuda
webtable-cl_noval-v=12-distilroberta-dj_adpt~qwen3_8b-dj_adpt,4,4096,5,768,1024,1.587812,0.22828102111816406,cuda
webtable-cl_noval-v=12-distilroberta-dj_adpt~qwen3_8b-dj_adpt,4,4096,6,768,1024,1.589041,0.22828102111816406,cuda
webtable-cl_noval-v=12-distilroberta-dj_adpt~qwen3_8b-dj_adpt,4,4096,7,768,1024,1.592125,0.22828102111816406,cuda
webtable-cl_noval-v=12-distilroberta-dj_adpt~qwen3_8b-dj_adpt,4,4096,8,768,1024,1.589051,0.22828102111816406,cuda
webtable-cl_noval-v=12-distilroberta-dj_adpt~qwen3_8b-dj_adpt,4,4096,9,768,1024,1.59249,0.22828102111816406,cuda
webtable-cl_noval-v=12-distilroberta-dj_adpt~qwen3_8b-dj_adpt,4,4096,10,768,1024,1.588795,0.22828102111816406,cuda
webtable-cl_noval-v=12-distilroberta-dj_adpt~qwen3_8b-dj_adpt,5,4096,1,768,1024,1.581078,0.22828102111816406,cuda
webtable-cl_noval-v=12-distilroberta-dj_adpt~qwen3_8b-dj_adpt,5,4096,2,768,1024,1.5907719999999999,0.22828102111816406,cuda
webtable-cl_noval-v=12-distilroberta-dj_adpt~qwen3_8b-dj_adpt,5,4096,3,768,1024,1.585226,0.22828102111816406,cuda
webtable-cl_noval-v=12-distilroberta-dj_adpt~qwen3_8b-dj_adpt,5,4096,4,768,1024,1.584438,0.22828102111816406,cuda
webtable-cl_noval-v=12-distilroberta-dj_adpt~qwen3_8b-dj_adpt,5,4096,5,768,1024,1.586522,0.22828102111816406,cuda
webtable-cl_noval-v=12-distilroberta-dj_adpt~qwen3_8b-dj_adpt,5,4096,6,768,1024,1.5850799999999998,0.22828102111816406,cuda
webtable-cl_noval-v=12-distilroberta-dj_adpt~qwen3_8b-dj_adpt,5,4096,7,768,1024,1.5850799999999998,0.22828102111816406,cuda
webtable-cl_noval-v=12-distilroberta-dj_adpt~qwen3_8b-dj_adpt,5,4096,8,768,1024,1.5857029999999999,0.22828102111816406,cuda
webtable-cl_noval-v=12-distilroberta-dj_adpt~qwen3_8b-dj_adpt,5,4096,9,768,1024,1.588778,0.22828102111816406,cuda
webtable-cl_noval-v=12-distilroberta-dj_adpt~qwen3_8b-dj_adpt,5,4096,10,768,1024,1.5835949999999999,0.22828102111816406,cuda
webtable-cl_noval-v=12-distilroberta-dj_adpt~qwen3_8b-dj_adpt,6,4096,1,896,1024,1.637114,0.23023414611816406,cuda
webtable-cl_noval-v=12-distilroberta-dj_adpt~qwen3_8b-dj_adpt,6,4096,2,896,1024,1.644364,0.23023414611816406,cuda
webtable-cl_noval-v=12-distilroberta-dj_adpt~qwen3_8b-dj_adpt,6,4096,3,896,1024,1.643916,0.23023414611816406,cuda
webtable-cl_noval-v=12-distilroberta-dj_adpt~qwen3_8b-dj_adpt,6,4096,4,896,1024,1.643055,0.23023414611816406,cuda
webtable-cl_noval-v=12-distilroberta-dj_adpt~qwen3_8b-dj_adpt,6,4096,5,896,1024,1.6472019999999998,0.23023414611816406,cuda
webtable-cl_noval-v=12-distilroberta-dj_adpt~qwen3_8b-dj_adpt,6,4096,6,896,1024,1.6444509999999999,0.23023414611816406,cuda
webtable-cl_noval-v=12-distilroberta-dj_adpt~qwen3_8b-dj_adpt,6,4096,7,896,1024,1.644974,0.23023414611816406,cuda
webtable-cl_noval-v=12-distilroberta-dj_adpt~qwen3_8b-dj_adpt,6,4096,8,896,1024,1.64527,0.23023414611816406,cuda
webtable-cl_noval-v=12-distilroberta-dj_adpt~qwen3_8b-dj_adpt,6,4096,9,896,1024,1.6451749999999998,0.23023414611816406,cuda
webtable-cl_noval-v=12-distilroberta-dj_adpt~qwen3_8b-dj_adpt,6,4096,10,896,1024,1.645187,0.23023414611816406,cuda
webtable-cl_noval-v=12-distilroberta-dj_adpt~qwen3_8b-dj_adpt,7,4096,1,1024,1024,1.699736,0.23218727111816406,cuda
webtable-cl_noval-v=12-distilroberta-dj_adpt~qwen3_8b-dj_adpt,7,4096,2,1024,1024,1.708453,0.23218727111816406,cuda
webtable-cl_noval-v=12-distilroberta-dj_adpt~qwen3_8b-dj_adpt,7,4096,3,1024,1024,1.704847,0.23218727111816406,cuda
webtable-cl_noval-v=12-distilroberta-dj_adpt~qwen3_8b-dj_adpt,7,4096,4,1024,1024,1.7043309999999998,0.23218727111816406,cuda
webtable-cl_noval-v=12-distilroberta-dj_adpt~qwen3_8b-dj_adpt,7,4096,5,1024,1024,1.7038719999999998,0.23218727111816406,cuda
webtable-cl_noval-v=12-distilroberta-dj_adpt~qwen3_8b-dj_adpt,7,4096,6,1024,1024,1.7045819999999998,0.23218727111816406,cuda
webtable-cl_noval-v=12-distilroberta-dj_adpt~qwen3_8b-dj_adpt,7,4096,7,1024,1024,1.705608,0.23218727111816406,cuda
webtable-cl_noval-v=12-distilroberta-dj_adpt~qwen3_8b-dj_adpt,7,4096,8,1024,1024,1.7035019999999998,0.23218727111816406,cuda
webtable-cl_noval-v=12-distilroberta-dj_adpt~qwen3_8b-dj_adpt,7,4096,9,1024,1024,1.703713,0.23218727111816406,cuda
webtable-cl_noval-v=12-distilroberta-dj_adpt~qwen3_8b-dj_adpt,7,4096,10,1024,1024,1.7059279999999999,0.23218727111816406,cuda
webtable-cl_noval-v=12-distilroberta-dj_adpt~qwen3_8b-dj_adpt,8,4096,1,2560,1024,2.402094,0.25562477111816406,cuda
webtable-cl_noval-v=12-distilroberta-dj_adpt~qwen3_8b-dj_adpt,8,4096,2,2560,1024,2.3907979999999998,0.25562477111816406,cuda
webtable-cl_noval-v=12-distilroberta-dj_adpt~qwen3_8b-dj_adpt,8,4096,3,2560,1024,2.38679,0.25562477111816406,cuda
webtable-cl_noval-v=12-distilroberta-dj_adpt~qwen3_8b-dj_adpt,8,4096,4,2560,1024,2.389576,0.25562477111816406,cuda
webtable-cl_noval-v=12-distilroberta-dj_adpt~qwen3_8b-dj_adpt,8,4096,5,2560,1024,2.387426,0.25562477111816406,cuda
webtable-cl_noval-v=12-distilroberta-dj_adpt~qwen3_8b-dj_adpt,8,4096,6,2560,1024,2.3880939999999997,0.25562477111816406,cuda
webtable-cl_noval-v=12-distilroberta-dj_adpt~qwen3_8b-dj_adpt,8,4096,7,2560,1024,2.389402,0.25562477111816406,cuda
webtable-cl_noval-v=12-distilroberta-dj_adpt~qwen3_8b-dj_adpt,8,4096,8,2560,1024,2.387778,0.25562477111816406,cuda
webtable-cl_noval-v=12-distilroberta-dj_adpt~qwen3_8b-dj_adpt,8,4096,9,2560,1024,2.386533,0.25562477111816406,cuda
webtable-cl_noval-v=12-distilroberta-dj_adpt~qwen3_8b-dj_adpt,8,4096,10,2560,1024,2.385984,0.25562477111816406,cuda
webtable-cl_noval-v=12-distilroberta-dj_adpt~qwen3_8b-dj_adpt,9,4096,1,3840,1024,3.022192,0.27515602111816406,cuda
webtable-cl_noval-v=12-distilroberta-dj_adpt~qwen3_8b-dj_adpt,9,4096,2,3840,1024,3.015107,0.27515602111816406,cuda
webtable-cl_noval-v=12-distilroberta-dj_adpt~qwen3_8b-dj_adpt,9,4096,3,3840,1024,3.0290299999999997,0.27515602111816406,cuda
webtable-cl_noval-v=12-distilroberta-dj_adpt~qwen3_8b-dj_adpt,9,4096,4,3840,1024,3.073788,0.27515602111816406,cuda
webtable-cl_noval-v=12-distilroberta-dj_adpt~qwen3_8b-dj_adpt,9,4096,5,3840,1024,3.069944,0.27515602111816406,cuda
webtable-cl_noval-v=12-distilroberta-dj_adpt~qwen3_8b-dj_adpt,9,4096,6,3840,1024,3.066772,0.27515602111816406,cuda
webtable-cl_noval-v=12-distilroberta-dj_adpt~qwen3_8b-dj_adpt,9,4096,7,3840,1024,3.06867,0.27515602111816406,cuda
webtable-cl_noval-v=12-distilroberta-dj_adpt~qwen3_8b-dj_adpt,9,4096,8,3840,1024,3.068422,0.27515602111816406,cuda
webtable-cl_noval-v=12-distilroberta-dj_adpt~qwen3_8b-dj_adpt,9,4096,9,3840,1024,3.06989,0.27515602111816406,cuda
webtable-cl_noval-v=12-distilroberta-dj_adpt~qwen3_8b-dj_adpt,9,4096,10,3840,1024,3.133699,0.27515602111816406,cuda
webtable-cl_noval-v=12-distilroberta-dj_adpt~qwen3_8b-dj_adpt,10,4096,1,4096,1024,3.318542,0.27906227111816406,cuda
webtable-cl_noval-v=12-distilroberta-dj_adpt~qwen3_8b-dj_adpt,10,4096,2,4096,1024,3.3104419999999997,0.27906227111816406,cuda
webtable-cl_noval-v=12-distilroberta-dj_adpt~qwen3_8b-dj_adpt,10,4096,3,4096,1024,3.3196079999999997,0.27906227111816406,cuda
webtable-cl_noval-v=12-distilroberta-dj_adpt~qwen3_8b-dj_adpt,10,4096,4,4096,1024,3.307674,0.27906227111816406,cuda
webtable-cl_noval-v=12-distilroberta-dj_adpt~qwen3_8b-dj_adpt,10,4096,5,4096,1024,3.3090189999999997,0.27906227111816406,cuda
webtable-cl_noval-v=12-distilroberta-dj_adpt~qwen3_8b-dj_adpt,10,4096,6,4096,1024,3.310829,0.27906227111816406,cuda
webtable-cl_noval-v=12-distilroberta-dj_adpt~qwen3_8b-dj_adpt,10,4096,7,4096,1024,3.309358,0.27906227111816406,cuda
webtable-cl_noval-v=12-distilroberta-dj_adpt~qwen3_8b-dj_adpt,10,4096,8,4096,1024,3.310778,0.27906227111816406,cuda
webtable-cl_noval-v=12-distilroberta-dj_adpt~qwen3_8b-dj_adpt,10,4096,9,4096,1024,3.30851,0.27906227111816406,cuda
webtable-cl_noval-v=12-distilroberta-dj_adpt~qwen3_8b-dj_adpt,10,4096,10,4096,1024,3.3065629999999997,0.27906227111816406,cuda
webtable-cl_noval-v=12-distilroberta-dj_adpt~qwen3_8b-dj_adpt,11,4096,1,4096,1024,3.304478,0.27906227111816406,cuda
webtable-cl_noval-v=12-distilroberta-dj_adpt~qwen3_8b-dj_adpt,11,4096,2,4096,1024,3.3095849999999998,0.27906227111816406,cuda
webtable-cl_noval-v=12-distilroberta-dj_adpt~qwen3_8b-dj_adpt,11,4096,3,4096,1024,3.309784,0.27906227111816406,cuda
webtable-cl_noval-v=12-distilroberta-dj_adpt~qwen3_8b-dj_adpt,11,4096,4,4096,1024,3.309573,0.27906227111816406,cuda
webtable-cl_noval-v=12-distilroberta-dj_adpt~qwen3_8b-dj_adpt,11,4096,5,4096,1024,3.30749,0.27906227111816406,cuda
webtable-cl_noval-v=12-distilroberta-dj_adpt~qwen3_8b-dj_adpt,11,4096,6,4096,1024,3.3011,0.27906227111816406,cuda
webtable-cl_noval-v=12-distilroberta-dj_adpt~qwen3_8b-dj_adpt,11,4096,7,4096,1024,3.3028709999999997,0.27906227111816406,cuda
webtable-cl_noval-v=12-distilroberta-dj_adpt~qwen3_8b-dj_adpt,11,4096,8,4096,1024,3.3008889999999997,0.27906227111816406,cuda
webtable-cl_noval-v=12-distilroberta-dj_adpt~qwen3_8b-dj_adpt,11,4096,9,4096,1024,3.3010159999999997,0.27906227111816406,cuda
webtable-cl_noval-v=12-distilroberta-dj_adpt~qwen3_8b-dj_adpt,11,4096,10,4096,1024,3.298177,0.27906227111816406,cuda
webtable-cl_noval-v=12-distilroberta-dj_adpt~qwen3_8b-dj_adpt,0,8192,1,768,1024,3.0754569999999997,0.27124977111816406,cuda
webtable-cl_noval-v=12-distilroberta-dj_adpt~qwen3_8b-dj_adpt,0,8192,2,768,1024,3.079455,0.27124977111816406,cuda
webtable-cl_noval-v=12-distilroberta-dj_adpt~qwen3_8b-dj_adpt,0,8192,3,768,1024,3.075265,0.27124977111816406,cuda
webtable-cl_noval-v=12-distilroberta-dj_adpt~qwen3_8b-dj_adpt,0,8192,4,768,1024,3.07828,0.27124977111816406,cuda
webtable-cl_noval-v=12-distilroberta-dj_adpt~qwen3_8b-dj_adpt,0,8192,5,768,1024,3.0775449999999998,0.27124977111816406,cuda
webtable-cl_noval-v=12-distilroberta-dj_adpt~qwen3_8b-dj_adpt,0,8192,6,768,1024,3.076247,0.27124977111816406,cuda
webtable-cl_noval-v=12-distilroberta-dj_adpt~qwen3_8b-dj_adpt,0,8192,7,768,1024,3.0776779999999997,0.27124977111816406,cuda
webtable-cl_noval-v=12-distilroberta-dj_adpt~qwen3_8b-dj_adpt,0,8192,8,768,1024,3.078172,0.27124977111816406,cuda
webtable-cl_noval-v=12-distilroberta-dj_adpt~qwen3_8b-dj_adpt,0,8192,9,768,1024,3.076953,0.27124977111816406,cuda
webtable-cl_noval-v=12-distilroberta-dj_adpt~qwen3_8b-dj_adpt,0,8192,10,768,1024,3.0758509999999997,0.27124977111816406,cuda
webtable-cl_noval-v=12-distilroberta-dj_adpt~qwen3_8b-dj_adpt,1,8192,1,384,1024,2.713943,0.25953102111816406,cuda
webtable-cl_noval-v=12-distilroberta-dj_adpt~qwen3_8b-dj_adpt,1,8192,2,384,1024,2.734215,0.25953102111816406,cuda
webtable-cl_noval-v=12-distilroberta-dj_adpt~qwen3_8b-dj_adpt,1,8192,3,384,1024,2.732067,0.25953102111816406,cuda
webtable-cl_noval-v=12-distilroberta-dj_adpt~qwen3_8b-dj_adpt,1,8192,4,384,1024,2.7436659999999997,0.25953102111816406,cuda
webtable-cl_noval-v=12-distilroberta-dj_adpt~qwen3_8b-dj_adpt,1,8192,5,384,1024,2.733672,0.25953102111816406,cuda
webtable-cl_noval-v=12-distilroberta-dj_adpt~qwen3_8b-dj_adpt,1,8192,6,384,1024,2.7361619999999998,0.25953102111816406,cuda
webtable-cl_noval-v=12-distilroberta-dj_adpt~qwen3_8b-dj_adpt,1,8192,7,384,1024,2.732373,0.25953102111816406,cuda
webtable-cl_noval-v=12-distilroberta-dj_adpt~qwen3_8b-dj_adpt,1,8192,8,384,1024,2.731459,0.25953102111816406,cuda
webtable-cl_noval-v=12-distilroberta-dj_adpt~qwen3_8b-dj_adpt,1,8192,9,384,1024,2.7312119999999998,0.25953102111816406,cuda
webtable-cl_noval-v=12-distilroberta-dj_adpt~qwen3_8b-dj_adpt,1,8192,10,384,1024,2.7347889999999997,0.25953102111816406,cuda
webtable-cl_noval-v=12-distilroberta-dj_adpt~qwen3_8b-dj_adpt,2,8192,1,384,1024,2.725949,0.25953102111816406,cuda
webtable-cl_noval-v=12-distilroberta-dj_adpt~qwen3_8b-dj_adpt,2,8192,2,384,1024,2.730886,0.25953102111816406,cuda
webtable-cl_noval-v=12-distilroberta-dj_adpt~qwen3_8b-dj_adpt,2,8192,3,384,1024,2.730879,0.25953102111816406,cuda
webtable-cl_noval-v=12-distilroberta-dj_adpt~qwen3_8b-dj_adpt,2,8192,4,384,1024,2.729271,0.25953102111816406,cuda
webtable-cl_noval-v=12-distilroberta-dj_adpt~qwen3_8b-dj_adpt,2,8192,5,384,1024,2.731583,0.25953102111816406,cuda
webtable-cl_noval-v=12-distilroberta-dj_adpt~qwen3_8b-dj_adpt,2,8192,6,384,1024,2.731117,0.25953102111816406,cuda
webtable-cl_noval-v=12-distilroberta-dj_adpt~qwen3_8b-dj_adpt,2,8192,7,384,1024,2.728992,0.25953102111816406,cuda
webtable-cl_noval-v=12-distilroberta-dj_adpt~qwen3_8b-dj_adpt,2,8192,8,384,1024,2.729333,0.25953102111816406,cuda
webtable-cl_noval-v=12-distilroberta-dj_adpt~qwen3_8b-dj_adpt,2,8192,9,384,1024,2.730633,0.25953102111816406,cuda
webtable-cl_noval-v=12-distilroberta-dj_adpt~qwen3_8b-dj_adpt,2,8192,10,384,1024,2.7310369999999997,0.25953102111816406,cuda
webtable-cl_noval-v=12-distilroberta-dj_adpt~qwen3_8b-dj_adpt,3,8192,1,768,1024,3.105146,0.27124977111816406,cuda
webtable-cl_noval-v=12-distilroberta-dj_adpt~qwen3_8b-dj_adpt,3,8192,2,768,1024,3.114206,0.27124977111816406,cuda
webtable-cl_noval-v=12-distilroberta-dj_adpt~qwen3_8b-dj_adpt,3,8192,3,768,1024,3.10942,0.27124977111816406,cuda
webtable-cl_noval-v=12-distilroberta-dj_adpt~qwen3_8b-dj_adpt,3,8192,4,768,1024,3.1106559999999996,0.27124977111816406,cuda
webtable-cl_noval-v=12-distilroberta-dj_adpt~qwen3_8b-dj_adpt,3,8192,5,768,1024,3.108151,0.27124977111816406,cuda
webtable-cl_noval-v=12-distilroberta-dj_adpt~qwen3_8b-dj_adpt,3,8192,6,768,1024,3.106979,0.27124977111816406,cuda
webtable-cl_noval-v=12-distilroberta-dj_adpt~qwen3_8b-dj_adpt,3,8192,7,768,1024,3.1075999999999997,0.27124977111816406,cuda
webtable-cl_noval-v=12-distilroberta-dj_adpt~qwen3_8b-dj_adpt,3,8192,8,768,1024,3.108374,0.27124977111816406,cuda
webtable-cl_noval-v=12-distilroberta-dj_adpt~qwen3_8b-dj_adpt,3,8192,9,768,1024,3.107195,0.27124977111816406,cuda
webtable-cl_noval-v=12-distilroberta-dj_adpt~qwen3_8b-dj_adpt,3,8192,10,768,1024,3.107914,0.27124977111816406,cuda
webtable-cl_noval-v=12-distilroberta-dj_adpt~qwen3_8b-dj_adpt,4,8192,1,768,1024,3.109145,0.27124977111816406,cuda
webtable-cl_noval-v=12-distilroberta-dj_adpt~qwen3_8b-dj_adpt,4,8192,2,768,1024,3.1168489999999998,0.27124977111816406,cuda
webtable-cl_noval-v=12-distilroberta-dj_adpt~qwen3_8b-dj_adpt,4,8192,3,768,1024,3.113326,0.27124977111816406,cuda
webtable-cl_noval-v=12-distilroberta-dj_adpt~qwen3_8b-dj_adpt,4,8192,4,768,1024,3.113445,0.27124977111816406,cuda
webtable-cl_noval-v=12-distilroberta-dj_adpt~qwen3_8b-dj_adpt,4,8192,5,768,1024,3.1137379999999997,0.27124977111816406,cuda
webtable-cl_noval-v=12-distilroberta-dj_adpt~qwen3_8b-dj_adpt,4,8192,6,768,1024,3.125063,0.27124977111816406,cuda
webtable-cl_noval-v=12-distilroberta-dj_adpt~qwen3_8b-dj_adpt,4,8192,7,768,1024,3.113861,0.27124977111816406,cuda
webtable-cl_noval-v=12-distilroberta-dj_adpt~qwen3_8b-dj_adpt,4,8192,8,768,1024,3.11761,0.27124977111816406,cuda
webtable-cl_noval-v=12-distilroberta-dj_adpt~qwen3_8b-dj_adpt,4,8192,9,768,1024,3.113761,0.27124977111816406,cuda
webtable-cl_noval-v=12-distilroberta-dj_adpt~qwen3_8b-dj_adpt,4,8192,10,768,1024,3.112187,0.27124977111816406,cuda
webtable-cl_noval-v=12-distilroberta-dj_adpt~qwen3_8b-dj_adpt,5,8192,1,768,1024,3.103218,0.27124977111816406,cuda
webtable-cl_noval-v=12-distilroberta-dj_adpt~qwen3_8b-dj_adpt,5,8192,2,768,1024,3.107912,0.27124977111816406,cuda
webtable-cl_noval-v=12-distilroberta-dj_adpt~qwen3_8b-dj_adpt,5,8192,3,768,1024,3.1079429999999997,0.27124977111816406,cuda
webtable-cl_noval-v=12-distilroberta-dj_adpt~qwen3_8b-dj_adpt,5,8192,4,768,1024,3.108713,0.27124977111816406,cuda
webtable-cl_noval-v=12-distilroberta-dj_adpt~qwen3_8b-dj_adpt,5,8192,5,768,1024,3.115434,0.27124977111816406,cuda
webtable-cl_noval-v=12-distilroberta-dj_adpt~qwen3_8b-dj_adpt,5,8192,6,768,1024,3.115132,0.27124977111816406,cuda
webtable-cl_noval-v=12-distilroberta-dj_adpt~qwen3_8b-dj_adpt,5,8192,7,768,1024,3.114713,0.27124977111816406,cuda
webtable-cl_noval-v=12-distilroberta-dj_adpt~qwen3_8b-dj_adpt,5,8192,8,768,1024,3.1161689999999997,0.27124977111816406,cuda
webtable-cl_noval-v=12-distilroberta-dj_adpt~qwen3_8b-dj_adpt,5,8192,9,768,1024,3.116243,0.27124977111816406,cuda
webtable-cl_noval-v=12-distilroberta-dj_adpt~qwen3_8b-dj_adpt,5,8192,10,768,1024,3.1151929999999997,0.27124977111816406,cuda
webtable-cl_noval-v=12-distilroberta-dj_adpt~qwen3_8b-dj_adpt,6,8192,1,896,1024,3.238998,0.27515602111816406,cuda
webtable-cl_noval-v=12-distilroberta-dj_adpt~qwen3_8b-dj_adpt,6,8192,2,896,1024,3.2439009999999997,0.27515602111816406,cuda
webtable-cl_noval-v=12-distilroberta-dj_adpt~qwen3_8b-dj_adpt,6,8192,3,896,1024,3.244474,0.27515602111816406,cuda
webtable-cl_noval-v=12-distilroberta-dj_adpt~qwen3_8b-dj_adpt,6,8192,4,896,1024,3.233317,0.27515602111816406,cuda
webtable-cl_noval-v=12-distilroberta-dj_adpt~qwen3_8b-dj_adpt,6,8192,5,896,1024,3.2090199999999998,0.27515602111816406,cuda
webtable-cl_noval-v=12-distilroberta-dj_adpt~qwen3_8b-dj_adpt,6,8192,6,896,1024,3.210241,0.27515602111816406,cuda
webtable-cl_noval-v=12-distilroberta-dj_adpt~qwen3_8b-dj_adpt,6,8192,7,896,1024,3.208039,0.27515602111816406,cuda
webtable-cl_noval-v=12-distilroberta-dj_adpt~qwen3_8b-dj_adpt,6,8192,8,896,1024,3.208436,0.27515602111816406,cuda
webtable-cl_noval-v=12-distilroberta-dj_adpt~qwen3_8b-dj_adpt,6,8192,9,896,1024,3.209589,0.27515602111816406,cuda
webtable-cl_noval-v=12-distilroberta-dj_adpt~qwen3_8b-dj_adpt,6,8192,10,896,1024,3.215522,0.27515602111816406,cuda
webtable-cl_noval-v=12-distilroberta-dj_adpt~qwen3_8b-dj_adpt,7,8192,1,1024,1024,3.382959,0.27906227111816406,cuda
webtable-cl_noval-v=12-distilroberta-dj_adpt~qwen3_8b-dj_adpt,7,8192,2,1024,1024,3.388295,0.27906227111816406,cuda
webtable-cl_noval-v=12-distilroberta-dj_adpt~qwen3_8b-dj_adpt,7,8192,3,1024,1024,3.386869,0.27906227111816406,cuda
webtable-cl_noval-v=12-distilroberta-dj_adpt~qwen3_8b-dj_adpt,7,8192,4,1024,1024,3.389341,0.27906227111816406,cuda
webtable-cl_noval-v=12-distilroberta-dj_adpt~qwen3_8b-dj_adpt,7,8192,5,1024,1024,3.3882,0.27906227111816406,cuda
webtable-cl_noval-v=12-distilroberta-dj_adpt~qwen3_8b-dj_adpt,7,8192,6,1024,1024,3.3852339999999996,0.27906227111816406,cuda
webtable-cl_noval-v=12-distilroberta-dj_adpt~qwen3_8b-dj_adpt,7,8192,7,1024,1024,3.401545,0.27906227111816406,cuda
webtable-cl_noval-v=12-distilroberta-dj_adpt~qwen3_8b-dj_adpt,7,8192,8,1024,1024,3.3887449999999997,0.27906227111816406,cuda
webtable-cl_noval-v=12-distilroberta-dj_adpt~qwen3_8b-dj_adpt,7,8192,9,1024,1024,3.3882909999999997,0.27906227111816406,cuda
webtable-cl_noval-v=12-distilroberta-dj_adpt~qwen3_8b-dj_adpt,7,8192,10,1024,1024,3.38843,0.27906227111816406,cuda
webtable-cl_noval-v=12-distilroberta-dj_adpt~qwen3_8b-dj_adpt,8,8192,1,2560,1024,4.856265,0.32593727111816406,cuda
webtable-cl_noval-v=12-distilroberta-dj_adpt~qwen3_8b-dj_adpt,8,8192,2,2560,1024,4.844029,0.32593727111816406,cuda
webtable-cl_noval-v=12-distilroberta-dj_adpt~qwen3_8b-dj_adpt,8,8192,3,2560,1024,4.84746,0.32593727111816406,cuda
webtable-cl_noval-v=12-distilroberta-dj_adpt~qwen3_8b-dj_adpt,8,8192,4,2560,1024,4.843766,0.32593727111816406,cuda
webtable-cl_noval-v=12-distilroberta-dj_adpt~qwen3_8b-dj_adpt,8,8192,5,2560,1024,4.842213999999999,0.32593727111816406,cuda
webtable-cl_noval-v=12-distilroberta-dj_adpt~qwen3_8b-dj_adpt,8,8192,6,2560,1024,4.844113999999999,0.32593727111816406,cuda
webtable-cl_noval-v=12-distilroberta-dj_adpt~qwen3_8b-dj_adpt,8,8192,7,2560,1024,4.841302,0.32593727111816406,cuda
webtable-cl_noval-v=12-distilroberta-dj_adpt~qwen3_8b-dj_adpt,8,8192,8,2560,1024,4.845591,0.32593727111816406,cuda
webtable-cl_noval-v=12-distilroberta-dj_adpt~qwen3_8b-dj_adpt,8,8192,9,2560,1024,4.845121,0.32593727111816406,cuda
webtable-cl_noval-v=12-distilroberta-dj_adpt~qwen3_8b-dj_adpt,8,8192,10,2560,1024,4.841079,0.32593727111816406,cuda
webtable-cl_noval-v=12-distilroberta-dj_adpt~qwen3_8b-dj_adpt,9,8192,1,3840,1024,6.171205,0.36499977111816406,cuda
webtable-cl_noval-v=12-distilroberta-dj_adpt~qwen3_8b-dj_adpt,9,8192,2,3840,1024,6.162749,0.36499977111816406,cuda
webtable-cl_noval-v=12-distilroberta-dj_adpt~qwen3_8b-dj_adpt,9,8192,3,3840,1024,6.1591759999999995,0.36499977111816406,cuda
webtable-cl_noval-v=12-distilroberta-dj_adpt~qwen3_8b-dj_adpt,9,8192,4,3840,1024,6.161836999999999,0.36499977111816406,cuda
webtable-cl_noval-v=12-distilroberta-dj_adpt~qwen3_8b-dj_adpt,9,8192,5,3840,1024,6.161099999999999,0.36499977111816406,cuda
webtable-cl_noval-v=12-distilroberta-dj_adpt~qwen3_8b-dj_adpt,9,8192,6,3840,1024,6.161733,0.36499977111816406,cuda
webtable-cl_noval-v=12-distilroberta-dj_adpt~qwen3_8b-dj_adpt,9,8192,7,3840,1024,6.1650599999999995,0.36499977111816406,cuda
webtable-cl_noval-v=12-distilroberta-dj_adpt~qwen3_8b-dj_adpt,9,8192,8,3840,1024,6.161182999999999,0.36499977111816406,cuda
webtable-cl_noval-v=12-distilroberta-dj_adpt~qwen3_8b-dj_adpt,9,8192,9,3840,1024,6.1586479999999995,0.36499977111816406,cuda
webtable-cl_noval-v=12-distilroberta-dj_adpt~qwen3_8b-dj_adpt,9,8192,10,3840,1024,6.160775999999999,0.36499977111816406,cuda
webtable-cl_noval-v=12-distilroberta-dj_adpt~qwen3_8b-dj_adpt,10,8192,1,4096,1024,6.548945,0.37281227111816406,cuda
webtable-cl_noval-v=12-distilroberta-dj_adpt~qwen3_8b-dj_adpt,10,8192,2,4096,1024,6.543607,0.37281227111816406,cuda
webtable-cl_noval-v=12-distilroberta-dj_adpt~qwen3_8b-dj_adpt,10,8192,3,4096,1024,6.5395199999999996,0.37281227111816406,cuda
webtable-cl_noval-v=12-distilroberta-dj_adpt~qwen3_8b-dj_adpt,10,8192,4,4096,1024,6.541295,0.37281227111816406,cuda
webtable-cl_noval-v=12-distilroberta-dj_adpt~qwen3_8b-dj_adpt,10,8192,5,4096,1024,6.539457,0.37281227111816406,cuda
webtable-cl_noval-v=12-distilroberta-dj_adpt~qwen3_8b-dj_adpt,10,8192,6,4096,1024,6.539121,0.37281227111816406,cuda
webtable-cl_noval-v=12-distilroberta-dj_adpt~qwen3_8b-dj_adpt,10,8192,7,4096,1024,6.542636,0.37281227111816406,cuda
webtable-cl_noval-v=12-distilroberta-dj_adpt~qwen3_8b-dj_adpt,10,8192,8,4096,1024,6.608683,0.37281227111816406,cuda
webtable-cl_noval-v=12-distilroberta-dj_adpt~qwen3_8b-dj_adpt,10,8192,9,4096,1024,6.626167,0.37281227111816406,cuda
webtable-cl_noval-v=12-distilroberta-dj_adpt~qwen3_8b-dj_adpt,10,8192,10,4096,1024,6.615062,0.37281227111816406,cuda
webtable-cl_noval-v=12-distilroberta-dj_adpt~qwen3_8b-dj_adpt,11,8192,1,4096,1024,6.594041,0.37281227111816406,cuda
webtable-cl_noval-v=12-distilroberta-dj_adpt~qwen3_8b-dj_adpt,11,8192,2,4096,1024,6.608937,0.37281227111816406,cuda
webtable-cl_noval-v=12-distilroberta-dj_adpt~qwen3_8b-dj_adpt,11,8192,3,4096,1024,6.674748999999999,0.37281227111816406,cuda
webtable-cl_noval-v=12-distilroberta-dj_adpt~qwen3_8b-dj_adpt,11,8192,4,4096,1024,6.672465,0.37281227111816406,cuda
webtable-cl_noval-v=12-distilroberta-dj_adpt~qwen3_8b-dj_adpt,11,8192,5,4096,1024,6.675707999999999,0.37281227111816406,cuda
webtable-cl_noval-v=12-distilroberta-dj_adpt~qwen3_8b-dj_adpt,11,8192,6,4096,1024,6.6711979999999995,0.37281227111816406,cuda
webtable-cl_noval-v=12-distilroberta-dj_adpt~qwen3_8b-dj_adpt,11,8192,7,4096,1024,6.673991999999999,0.37281227111816406,cuda
webtable-cl_noval-v=12-distilroberta-dj_adpt~qwen3_8b-dj_adpt,11,8192,8,4096,1024,6.674475999999999,0.37281227111816406,cuda
webtable-cl_noval-v=12-distilroberta-dj_adpt~qwen3_8b-dj_adpt,11,8192,9,4096,1024,6.670393,0.37281227111816406,cuda
webtable-cl_noval-v=12-distilroberta-dj_adpt~qwen3_8b-dj_adpt,11,8192,10,4096,1024,6.670552,0.37281227111816406,cuda
webtable-cl_noval-v=12-distilroberta-dj_adpt~qwen3_8b-dj_adpt,0,16384,1,768,1024,5.951963,0.35718727111816406,cuda
webtable-cl_noval-v=12-distilroberta-dj_adpt~qwen3_8b-dj_adpt,0,16384,2,768,1024,5.952763,0.35718727111816406,cuda
webtable-cl_noval-v=12-distilroberta-dj_adpt~qwen3_8b-dj_adpt,0,16384,3,768,1024,5.943484,0.35718727111816406,cuda
webtable-cl_noval-v=12-distilroberta-dj_adpt~qwen3_8b-dj_adpt,0,16384,4,768,1024,5.826115,0.35718727111816406,cuda
webtable-cl_noval-v=12-distilroberta-dj_adpt~qwen3_8b-dj_adpt,0,16384,5,768,1024,5.8291059999999995,0.35718727111816406,cuda
webtable-cl_noval-v=12-distilroberta-dj_adpt~qwen3_8b-dj_adpt,0,16384,6,768,1024,5.829286,0.35718727111816406,cuda
webtable-cl_noval-v=12-distilroberta-dj_adpt~qwen3_8b-dj_adpt,0,16384,7,768,1024,5.774494,0.35718727111816406,cuda
webtable-cl_noval-v=12-distilroberta-dj_adpt~qwen3_8b-dj_adpt,0,16384,8,768,1024,5.765096,0.35718727111816406,cuda
webtable-cl_noval-v=12-distilroberta-dj_adpt~qwen3_8b-dj_adpt,0,16384,9,768,1024,5.7647699999999995,0.35718727111816406,cuda
webtable-cl_noval-v=12-distilroberta-dj_adpt~qwen3_8b-dj_adpt,0,16384,10,768,1024,5.7431779999999995,0.35718727111816406,cuda
webtable-cl_noval-v=12-distilroberta-dj_adpt~qwen3_8b-dj_adpt,1,16384,1,384,1024,5.003852,0.33374977111816406,cuda
webtable-cl_noval-v=12-distilroberta-dj_adpt~qwen3_8b-dj_adpt,1,16384,2,384,1024,5.003659,0.33374977111816406,cuda
webtable-cl_noval-v=12-distilroberta-dj_adpt~qwen3_8b-dj_adpt,1,16384,3,384,1024,5.002698,0.33374977111816406,cuda
webtable-cl_noval-v=12-distilroberta-dj_adpt~qwen3_8b-dj_adpt,1,16384,4,384,1024,5.006444,0.33374977111816406,cuda
webtable-cl_noval-v=12-distilroberta-dj_adpt~qwen3_8b-dj_adpt,1,16384,5,384,1024,5.004874,0.33374977111816406,cuda
webtable-cl_noval-v=12-distilroberta-dj_adpt~qwen3_8b-dj_adpt,1,16384,6,384,1024,5.006288,0.33374977111816406,cuda
webtable-cl_noval-v=12-distilroberta-dj_adpt~qwen3_8b-dj_adpt,1,16384,7,384,1024,4.969047,0.33374977111816406,cuda
webtable-cl_noval-v=12-distilroberta-dj_adpt~qwen3_8b-dj_adpt,1,16384,8,384,1024,4.946518,0.33374977111816406,cuda
webtable-cl_noval-v=12-distilroberta-dj_adpt~qwen3_8b-dj_adpt,1,16384,9,384,1024,4.95235,0.33374977111816406,cuda
webtable-cl_noval-v=12-distilroberta-dj_adpt~qwen3_8b-dj_adpt,1,16384,10,384,1024,4.965058,0.33374977111816406,cuda
webtable-cl_noval-v=12-distilroberta-dj_adpt~qwen3_8b-dj_adpt,2,16384,1,384,1024,4.943083,0.33374977111816406,cuda
webtable-cl_noval-v=12-distilroberta-dj_adpt~qwen3_8b-dj_adpt,2,16384,2,384,1024,4.947776,0.33374977111816406,cuda
webtable-cl_noval-v=12-distilroberta-dj_adpt~qwen3_8b-dj_adpt,2,16384,3,384,1024,4.943765,0.33374977111816406,cuda
webtable-cl_noval-v=12-distilroberta-dj_adpt~qwen3_8b-dj_adpt,2,16384,4,384,1024,4.946287,0.33374977111816406,cuda
webtable-cl_noval-v=12-distilroberta-dj_adpt~qwen3_8b-dj_adpt,2,16384,5,384,1024,4.94668,0.33374977111816406,cuda
webtable-cl_noval-v=12-distilroberta-dj_adpt~qwen3_8b-dj_adpt,2,16384,6,384,1024,4.948812,0.33374977111816406,cuda
webtable-cl_noval-v=12-distilroberta-dj_adpt~qwen3_8b-dj_adpt,2,16384,7,384,1024,4.94679,0.33374977111816406,cuda
webtable-cl_noval-v=12-distilroberta-dj_adpt~qwen3_8b-dj_adpt,2,16384,8,384,1024,4.947468,0.33374977111816406,cuda
webtable-cl_noval-v=12-distilroberta-dj_adpt~qwen3_8b-dj_adpt,2,16384,9,384,1024,4.9461949999999995,0.33374977111816406,cuda
webtable-cl_noval-v=12-distilroberta-dj_adpt~qwen3_8b-dj_adpt,2,16384,10,384,1024,4.941234,0.33374977111816406,cuda
webtable-cl_noval-v=12-distilroberta-dj_adpt~qwen3_8b-dj_adpt,3,16384,1,768,1024,5.586861,0.35718727111816406,cuda
webtable-cl_noval-v=12-distilroberta-dj_adpt~qwen3_8b-dj_adpt,3,16384,2,768,1024,5.591038,0.35718727111816406,cuda
webtable-cl_noval-v=12-distilroberta-dj_adpt~qwen3_8b-dj_adpt,3,16384,3,768,1024,5.589979,0.35718727111816406,cuda
webtable-cl_noval-v=12-distilroberta-dj_adpt~qwen3_8b-dj_adpt,3,16384,4,768,1024,5.6175429999999995,0.35718727111816406,cuda
webtable-cl_noval-v=12-distilroberta-dj_adpt~qwen3_8b-dj_adpt,3,16384,5,768,1024,5.6464099999999995,0.35718727111816406,cuda
webtable-cl_noval-v=12-distilroberta-dj_adpt~qwen3_8b-dj_adpt,3,16384,6,768,1024,5.646646,0.35718727111816406,cuda
webtable-cl_noval-v=12-distilroberta-dj_adpt~qwen3_8b-dj_adpt,3,16384,7,768,1024,5.648203,0.35718727111816406,cuda
webtable-cl_noval-v=12-distilroberta-dj_adpt~qwen3_8b-dj_adpt,3,16384,8,768,1024,5.648858,0.35718727111816406,cuda
webtable-cl_noval-v=12-distilroberta-dj_adpt~qwen3_8b-dj_adpt,3,16384,9,768,1024,5.650784,0.35718727111816406,cuda
webtable-cl_noval-v=12-distilroberta-dj_adpt~qwen3_8b-dj_adpt,3,16384,10,768,1024,5.65128,0.35718727111816406,cuda
webtable-cl_noval-v=12-distilroberta-dj_adpt~qwen3_8b-dj_adpt,4,16384,1,768,1024,5.655747,0.35718727111816406,cuda
webtable-cl_noval-v=12-distilroberta-dj_adpt~qwen3_8b-dj_adpt,4,16384,2,768,1024,5.659438,0.35718727111816406,cuda
webtable-cl_noval-v=12-distilroberta-dj_adpt~qwen3_8b-dj_adpt,4,16384,3,768,1024,5.658358,0.35718727111816406,cuda
webtable-cl_noval-v=12-distilroberta-dj_adpt~qwen3_8b-dj_adpt,4,16384,4,768,1024,5.658087999999999,0.35718727111816406,cuda
webtable-cl_noval-v=12-distilroberta-dj_adpt~qwen3_8b-dj_adpt,4,16384,5,768,1024,5.658329,0.35718727111816406,cuda
webtable-cl_noval-v=12-distilroberta-dj_adpt~qwen3_8b-dj_adpt,4,16384,6,768,1024,5.656006,0.35718727111816406,cuda
webtable-cl_noval-v=12-distilroberta-dj_adpt~qwen3_8b-dj_adpt,4,16384,7,768,1024,5.623087,0.35718727111816406,cuda
webtable-cl_noval-v=12-distilroberta-dj_adpt~qwen3_8b-dj_adpt,4,16384,8,768,1024,5.602301,0.35718727111816406,cuda
webtable-cl_noval-v=12-distilroberta-dj_adpt~qwen3_8b-dj_adpt,4,16384,9,768,1024,5.600658,0.35718727111816406,cuda
webtable-cl_noval-v=12-distilroberta-dj_adpt~qwen3_8b-dj_adpt,4,16384,10,768,1024,5.603698,0.35718727111816406,cuda
webtable-cl_noval-v=12-distilroberta-dj_adpt~qwen3_8b-dj_adpt,5,16384,1,768,1024,5.590313999999999,0.35718727111816406,cuda
webtable-cl_noval-v=12-distilroberta-dj_adpt~qwen3_8b-dj_adpt,5,16384,2,768,1024,5.593299,0.35718727111816406,cuda
webtable-cl_noval-v=12-distilroberta-dj_adpt~qwen3_8b-dj_adpt,5,16384,3,768,1024,5.592796,0.35718727111816406,cuda
webtable-cl_noval-v=12-distilroberta-dj_adpt~qwen3_8b-dj_adpt,5,16384,4,768,1024,5.594746,0.35718727111816406,cuda
webtable-cl_noval-v=12-distilroberta-dj_adpt~qwen3_8b-dj_adpt,5,16384,5,768,1024,5.593509,0.35718727111816406,cuda
webtable-cl_noval-v=12-distilroberta-dj_adpt~qwen3_8b-dj_adpt,5,16384,6,768,1024,5.591372,0.35718727111816406,cuda
webtable-cl_noval-v=12-distilroberta-dj_adpt~qwen3_8b-dj_adpt,5,16384,7,768,1024,5.588121,0.35718727111816406,cuda
webtable-cl_noval-v=12-distilroberta-dj_adpt~qwen3_8b-dj_adpt,5,16384,8,768,1024,5.5896539999999995,0.35718727111816406,cuda
webtable-cl_noval-v=12-distilroberta-dj_adpt~qwen3_8b-dj_adpt,5,16384,9,768,1024,5.625037,0.35718727111816406,cuda
webtable-cl_noval-v=12-distilroberta-dj_adpt~qwen3_8b-dj_adpt,5,16384,10,768,1024,5.65246,0.35718727111816406,cuda
webtable-cl_noval-v=12-distilroberta-dj_adpt~qwen3_8b-dj_adpt,6,16384,1,896,1024,5.879868999999999,0.36499977111816406,cuda
webtable-cl_noval-v=12-distilroberta-dj_adpt~qwen3_8b-dj_adpt,6,16384,2,896,1024,5.8810009999999995,0.36499977111816406,cuda
webtable-cl_noval-v=12-distilroberta-dj_adpt~qwen3_8b-dj_adpt,6,16384,3,896,1024,5.885367,0.36499977111816406,cuda
webtable-cl_noval-v=12-distilroberta-dj_adpt~qwen3_8b-dj_adpt,6,16384,4,896,1024,5.883194,0.36499977111816406,cuda
webtable-cl_noval-v=12-distilroberta-dj_adpt~qwen3_8b-dj_adpt,6,16384,5,896,1024,5.88394,0.36499977111816406,cuda
webtable-cl_noval-v=12-distilroberta-dj_adpt~qwen3_8b-dj_adpt,6,16384,6,896,1024,5.882317,0.36499977111816406,cuda
webtable-cl_noval-v=12-distilroberta-dj_adpt~qwen3_8b-dj_adpt,6,16384,7,896,1024,5.880561999999999,0.36499977111816406,cuda
webtable-cl_noval-v=12-distilroberta-dj_adpt~qwen3_8b-dj_adpt,6,16384,8,896,1024,5.883693999999999,0.36499977111816406,cuda
webtable-cl_noval-v=12-distilroberta-dj_adpt~qwen3_8b-dj_adpt,6,16384,9,896,1024,5.884666999999999,0.36499977111816406,cuda
webtable-cl_noval-v=12-distilroberta-dj_adpt~qwen3_8b-dj_adpt,6,16384,10,896,1024,5.880415,0.36499977111816406,cuda
webtable-cl_noval-v=12-distilroberta-dj_adpt~qwen3_8b-dj_adpt,7,16384,1,1024,1024,6.113074,0.37281227111816406,cuda
webtable-cl_noval-v=12-distilroberta-dj_adpt~qwen3_8b-dj_adpt,7,16384,2,1024,1024,6.117456,0.37281227111816406,cuda
webtable-cl_noval-v=12-distilroberta-dj_adpt~qwen3_8b-dj_adpt,7,16384,3,1024,1024,6.114647,0.37281227111816406,cuda
webtable-cl_noval-v=12-distilroberta-dj_adpt~qwen3_8b-dj_adpt,7,16384,4,1024,1024,6.117725999999999,0.37281227111816406,cuda
webtable-cl_noval-v=12-distilroberta-dj_adpt~qwen3_8b-dj_adpt,7,16384,5,1024,1024,6.1165069999999995,0.37281227111816406,cuda
webtable-cl_noval-v=12-distilroberta-dj_adpt~qwen3_8b-dj_adpt,7,16384,6,1024,1024,6.118429,0.37281227111816406,cuda
webtable-cl_noval-v=12-distilroberta-dj_adpt~qwen3_8b-dj_adpt,7,16384,7,1024,1024,6.114573,0.37281227111816406,cuda
webtable-cl_noval-v=12-distilroberta-dj_adpt~qwen3_8b-dj_adpt,7,16384,8,1024,1024,6.1203579999999995,0.37281227111816406,cuda
webtable-cl_noval-v=12-distilroberta-dj_adpt~qwen3_8b-dj_adpt,7,16384,9,1024,1024,6.117044,0.37281227111816406,cuda
webtable-cl_noval-v=12-distilroberta-dj_adpt~qwen3_8b-dj_adpt,7,16384,10,1024,1024,6.117096,0.37281227111816406,cuda
webtable-cl_noval-v=12-distilroberta-dj_adpt~qwen3_8b-dj_adpt,8,16384,1,2560,1024,8.915994999999999,0.46656227111816406,cuda
webtable-cl_noval-v=12-distilroberta-dj_adpt~qwen3_8b-dj_adpt,8,16384,2,2560,1024,8.906259,0.46656227111816406,cuda
webtable-cl_noval-v=12-distilroberta-dj_adpt~qwen3_8b-dj_adpt,8,16384,3,2560,1024,8.915614999999999,0.46656227111816406,cuda
webtable-cl_noval-v=12-distilroberta-dj_adpt~qwen3_8b-dj_adpt,8,16384,4,2560,1024,8.901003,0.46656227111816406,cuda
webtable-cl_noval-v=12-distilroberta-dj_adpt~qwen3_8b-dj_adpt,8,16384,5,2560,1024,8.905778,0.46656227111816406,cuda
webtable-cl_noval-v=12-distilroberta-dj_adpt~qwen3_8b-dj_adpt,8,16384,6,2560,1024,8.909008,0.46656227111816406,cuda
webtable-cl_noval-v=12-distilroberta-dj_adpt~qwen3_8b-dj_adpt,8,16384,7,2560,1024,8.904273,0.46656227111816406,cuda
webtable-cl_noval-v=12-distilroberta-dj_adpt~qwen3_8b-dj_adpt,8,16384,8,2560,1024,8.905845,0.46656227111816406,cuda
webtable-cl_noval-v=12-distilroberta-dj_adpt~qwen3_8b-dj_adpt,8,16384,9,2560,1024,8.908725,0.46656227111816406,cuda
webtable-cl_noval-v=12-distilroberta-dj_adpt~qwen3_8b-dj_adpt,8,16384,10,2560,1024,8.9043,0.46656227111816406,cuda
webtable-cl_noval-v=12-distilroberta-dj_adpt~qwen3_8b-dj_adpt,9,16384,1,3840,1024,11.239969,0.5446872711181641,cuda
webtable-cl_noval-v=12-distilroberta-dj_adpt~qwen3_8b-dj_adpt,9,16384,2,3840,1024,11.240513,0.5446872711181641,cuda
webtable-cl_noval-v=12-distilroberta-dj_adpt~qwen3_8b-dj_adpt,9,16384,3,3840,1024,11.22893,0.5446872711181641,cuda
webtable-cl_noval-v=12-distilroberta-dj_adpt~qwen3_8b-dj_adpt,9,16384,4,3840,1024,11.225665,0.5446872711181641,cuda
webtable-cl_noval-v=12-distilroberta-dj_adpt~qwen3_8b-dj_adpt,9,16384,5,3840,1024,11.234010999999999,0.5446872711181641,cuda
webtable-cl_noval-v=12-distilroberta-dj_adpt~qwen3_8b-dj_adpt,9,16384,6,3840,1024,11.228188,0.5446872711181641,cuda
webtable-cl_noval-v=12-distilroberta-dj_adpt~qwen3_8b-dj_adpt,9,16384,7,3840,1024,11.228238,0.5446872711181641,cuda
webtable-cl_noval-v=12-distilroberta-dj_adpt~qwen3_8b-dj_adpt,9,16384,8,3840,1024,11.234866,0.5446872711181641,cuda
webtable-cl_noval-v=12-distilroberta-dj_adpt~qwen3_8b-dj_adpt,9,16384,9,3840,1024,11.229035999999999,0.5446872711181641,cuda
webtable-cl_noval-v=12-distilroberta-dj_adpt~qwen3_8b-dj_adpt,9,16384,10,3840,1024,11.2304,0.5446872711181641,cuda
webtable-cl_noval-v=12-distilroberta-dj_adpt~qwen3_8b-dj_adpt,10,16384,1,4096,1024,11.709909,0.5603122711181641,cuda
webtable-cl_noval-v=12-distilroberta-dj_adpt~qwen3_8b-dj_adpt,10,16384,2,4096,1024,11.700942,0.5603122711181641,cuda
webtable-cl_noval-v=12-distilroberta-dj_adpt~qwen3_8b-dj_adpt,10,16384,3,4096,1024,11.710092,0.5603122711181641,cuda
webtable-cl_noval-v=12-distilroberta-dj_adpt~qwen3_8b-dj_adpt,10,16384,4,4096,1024,11.701063,0.5603122711181641,cuda
webtable-cl_noval-v=12-distilroberta-dj_adpt~qwen3_8b-dj_adpt,10,16384,5,4096,1024,11.702784999999999,0.5603122711181641,cuda
webtable-cl_noval-v=12-distilroberta-dj_adpt~qwen3_8b-dj_adpt,10,16384,6,4096,1024,11.704327,0.5603122711181641,cuda
webtable-cl_noval-v=12-distilroberta-dj_adpt~qwen3_8b-dj_adpt,10,16384,7,4096,1024,11.700451,0.5603122711181641,cuda
webtable-cl_noval-v=12-distilroberta-dj_adpt~qwen3_8b-dj_adpt,10,16384,8,4096,1024,11.700835999999999,0.5603122711181641,cuda
webtable-cl_noval-v=12-distilroberta-dj_adpt~qwen3_8b-dj_adpt,10,16384,9,4096,1024,11.702321999999999,0.5603122711181641,cuda
webtable-cl_noval-v=12-distilroberta-dj_adpt~qwen3_8b-dj_adpt,10,16384,10,4096,1024,11.695679,0.5603122711181641,cuda
webtable-cl_noval-v=12-distilroberta-dj_adpt~qwen3_8b-dj_adpt,11,16384,1,4096,1024,11.692053,0.5603122711181641,cuda
webtable-cl_noval-v=12-distilroberta-dj_adpt~qwen3_8b-dj_adpt,11,16384,2,4096,1024,11.69871,0.5603122711181641,cuda
webtable-cl_noval-v=12-distilroberta-dj_adpt~qwen3_8b-dj_adpt,11,16384,3,4096,1024,11.695789,0.5603122711181641,cuda
webtable-cl_noval-v=12-distilroberta-dj_adpt~qwen3_8b-dj_adpt,11,16384,4,4096,1024,11.715003999999999,0.5603122711181641,cuda
webtable-cl_noval-v=12-distilroberta-dj_adpt~qwen3_8b-dj_adpt,11,16384,5,4096,1024,11.699931,0.5603122711181641,cuda
webtable-cl_noval-v=12-distilroberta-dj_adpt~qwen3_8b-dj_adpt,11,16384,6,4096,1024,11.699133999999999,0.5603122711181641,cuda
webtable-cl_noval-v=12-distilroberta-dj_adpt~qwen3_8b-dj_adpt,11,16384,7,4096,1024,11.70361,0.5603122711181641,cuda
webtable-cl_noval-v=12-distilroberta-dj_adpt~qwen3_8b-dj_adpt,11,16384,8,4096,1024,11.786799,0.5603122711181641,cuda
webtable-cl_noval-v=12-distilroberta-dj_adpt~qwen3_8b-dj_adpt,11,16384,9,4096,1024,11.822324,0.5603122711181641,cuda
webtable-cl_noval-v=12-distilroberta-dj_adpt~qwen3_8b-dj_adpt,11,16384,10,4096,1024,11.822301999999999,0.5603122711181641,cuda
webtable-cl_noval-v=12-distilroberta-dj_adpt~qwen3_8b-dj_adpt,0,32768,1,768,1024,11.291044,0.5290622711181641,cuda
webtable-cl_noval-v=12-distilroberta-dj_adpt~qwen3_8b-dj_adpt,0,32768,2,768,1024,11.294065999999999,0.5290622711181641,cuda
webtable-cl_noval-v=12-distilroberta-dj_adpt~qwen3_8b-dj_adpt,0,32768,3,768,1024,11.286292,0.5290622711181641,cuda
webtable-cl_noval-v=12-distilroberta-dj_adpt~qwen3_8b-dj_adpt,0,32768,4,768,1024,11.382994,0.5290622711181641,cuda
webtable-cl_noval-v=12-distilroberta-dj_adpt~qwen3_8b-dj_adpt,0,32768,5,768,1024,11.406156,0.5290622711181641,cuda
webtable-cl_noval-v=12-distilroberta-dj_adpt~qwen3_8b-dj_adpt,0,32768,6,768,1024,11.404612,0.5290622711181641,cuda
webtable-cl_noval-v=12-distilroberta-dj_adpt~qwen3_8b-dj_adpt,0,32768,7,768,1024,11.355838,0.5290622711181641,cuda
webtable-cl_noval-v=12-distilroberta-dj_adpt~qwen3_8b-dj_adpt,0,32768,8,768,1024,11.287099,0.5290622711181641,cuda
webtable-cl_noval-v=12-distilroberta-dj_adpt~qwen3_8b-dj_adpt,0,32768,9,768,1024,11.286245,0.5290622711181641,cuda
webtable-cl_noval-v=12-distilroberta-dj_adpt~qwen3_8b-dj_adpt,0,32768,10,768,1024,11.284922,0.5290622711181641,cuda
webtable-cl_noval-v=12-distilroberta-dj_adpt~qwen3_8b-dj_adpt,1,32768,1,384,1024,9.88449,0.48218727111816406,cuda
webtable-cl_noval-v=12-distilroberta-dj_adpt~qwen3_8b-dj_adpt,1,32768,2,384,1024,9.891703999999999,0.48218727111816406,cuda
webtable-cl_noval-v=12-distilroberta-dj_adpt~qwen3_8b-dj_adpt,1,32768,3,384,1024,9.886545,0.48218727111816406,cuda
webtable-cl_noval-v=12-distilroberta-dj_adpt~qwen3_8b-dj_adpt,1,32768,4,384,1024,9.891727999999999,0.48218727111816406,cuda
webtable-cl_noval-v=12-distilroberta-dj_adpt~qwen3_8b-dj_adpt,1,32768,5,384,1024,9.890217999999999,0.48218727111816406,cuda
webtable-cl_noval-v=12-distilroberta-dj_adpt~qwen3_8b-dj_adpt,1,32768,6,384,1024,9.888926999999999,0.48218727111816406,cuda
webtable-cl_noval-v=12-distilroberta-dj_adpt~qwen3_8b-dj_adpt,1,32768,7,384,1024,9.889751,0.48218727111816406,cuda
webtable-cl_noval-v=12-distilroberta-dj_adpt~qwen3_8b-dj_adpt,1,32768,8,384,1024,9.891672999999999,0.48218727111816406,cuda
webtable-cl_noval-v=12-distilroberta-dj_adpt~qwen3_8b-dj_adpt,1,32768,9,384,1024,9.891365,0.48218727111816406,cuda
webtable-cl_noval-v=12-distilroberta-dj_adpt~qwen3_8b-dj_adpt,1,32768,10,384,1024,9.891378,0.48218727111816406,cuda
webtable-cl_noval-v=12-distilroberta-dj_adpt~qwen3_8b-dj_adpt,2,32768,1,384,1024,9.805778,0.48218727111816406,cuda
webtable-cl_noval-v=12-distilroberta-dj_adpt~qwen3_8b-dj_adpt,2,32768,2,384,1024,9.794349,0.48218727111816406,cuda
webtable-cl_noval-v=12-distilroberta-dj_adpt~qwen3_8b-dj_adpt,2,32768,3,384,1024,9.791347,0.48218727111816406,cuda
webtable-cl_noval-v=12-distilroberta-dj_adpt~qwen3_8b-dj_adpt,2,32768,4,384,1024,9.794355999999999,0.48218727111816406,cuda
webtable-cl_noval-v=12-distilroberta-dj_adpt~qwen3_8b-dj_adpt,2,32768,5,384,1024,9.793714999999999,0.48218727111816406,cuda
webtable-cl_noval-v=12-distilroberta-dj_adpt~qwen3_8b-dj_adpt,2,32768,6,384,1024,9.80653,0.48218727111816406,cuda
webtable-cl_noval-v=12-distilroberta-dj_adpt~qwen3_8b-dj_adpt,2,32768,7,384,1024,9.796395,0.48218727111816406,cuda
webtable-cl_noval-v=12-distilroberta-dj_adpt~qwen3_8b-dj_adpt,2,32768,8,384,1024,9.793714,0.48218727111816406,cuda
webtable-cl_noval-v=12-distilroberta-dj_adpt~qwen3_8b-dj_adpt,2,32768,9,384,1024,9.785332,0.48218727111816406,cuda
webtable-cl_noval-v=12-distilroberta-dj_adpt~qwen3_8b-dj_adpt,2,32768,10,384,1024,9.785141999999999,0.48218727111816406,cuda
webtable-cl_noval-v=12-distilroberta-dj_adpt~qwen3_8b-dj_adpt,3,32768,1,768,1024,11.285637999999999,0.5290622711181641,cuda
webtable-cl_noval-v=12-distilroberta-dj_adpt~qwen3_8b-dj_adpt,3,32768,2,768,1024,11.288598,0.5290622711181641,cuda
webtable-cl_noval-v=12-distilroberta-dj_adpt~qwen3_8b-dj_adpt,3,32768,3,768,1024,11.282521,0.5290622711181641,cuda
webtable-cl_noval-v=12-distilroberta-dj_adpt~qwen3_8b-dj_adpt,3,32768,4,768,1024,11.285548,0.5290622711181641,cuda
webtable-cl_noval-v=12-distilroberta-dj_adpt~qwen3_8b-dj_adpt,3,32768,5,768,1024,11.286024999999999,0.5290622711181641,cuda
webtable-cl_noval-v=12-distilroberta-dj_adpt~qwen3_8b-dj_adpt,3,32768,6,768,1024,11.285789,0.5290622711181641,cuda
webtable-cl_noval-v=12-distilroberta-dj_adpt~qwen3_8b-dj_adpt,3,32768,7,768,1024,11.294787,0.5290622711181641,cuda
webtable-cl_noval-v=12-distilroberta-dj_adpt~qwen3_8b-dj_adpt,3,32768,8,768,1024,11.291846999999999,0.5290622711181641,cuda
webtable-cl_noval-v=12-distilroberta-dj_adpt~qwen3_8b-dj_adpt,3,32768,9,768,1024,11.184149,0.5290622711181641,cuda
webtable-cl_noval-v=12-distilroberta-dj_adpt~qwen3_8b-dj_adpt,3,32768,10,768,1024,11.188229999999999,0.5290622711181641,cuda
webtable-cl_noval-v=12-distilroberta-dj_adpt~qwen3_8b-dj_adpt,4,32768,1,768,1024,11.184752,0.5290622711181641,cuda
webtable-cl_noval-v=12-distilroberta-dj_adpt~qwen3_8b-dj_adpt,4,32768,2,768,1024,11.192991,0.5290622711181641,cuda
webtable-cl_noval-v=12-distilroberta-dj_adpt~qwen3_8b-dj_adpt,4,32768,3,768,1024,11.192331999999999,0.5290622711181641,cuda
webtable-cl_noval-v=12-distilroberta-dj_adpt~qwen3_8b-dj_adpt,4,32768,4,768,1024,11.19493,0.5290622711181641,cuda
webtable-cl_noval-v=12-distilroberta-dj_adpt~qwen3_8b-dj_adpt,4,32768,5,768,1024,11.193545,0.5290622711181641,cuda
webtable-cl_noval-v=12-distilroberta-dj_adpt~qwen3_8b-dj_adpt,4,32768,6,768,1024,11.191623,0.5290622711181641,cuda
webtable-cl_noval-v=12-distilroberta-dj_adpt~qwen3_8b-dj_adpt,4,32768,7,768,1024,11.192174999999999,0.5290622711181641,cuda
webtable-cl_noval-v=12-distilroberta-dj_adpt~qwen3_8b-dj_adpt,4,32768,8,768,1024,11.190723,0.5290622711181641,cuda
webtable-cl_noval-v=12-distilroberta-dj_adpt~qwen3_8b-dj_adpt,4,32768,9,768,1024,11.190366,0.5290622711181641,cuda
webtable-cl_noval-v=12-distilroberta-dj_adpt~qwen3_8b-dj_adpt,4,32768,10,768,1024,11.192302999999999,0.5290622711181641,cuda
webtable-cl_noval-v=12-distilroberta-dj_adpt~qwen3_8b-dj_adpt,5,32768,1,768,1024,11.177038,0.5290622711181641,cuda
webtable-cl_noval-v=12-distilroberta-dj_adpt~qwen3_8b-dj_adpt,5,32768,2,768,1024,11.181864,0.5290622711181641,cuda
webtable-cl_noval-v=12-distilroberta-dj_adpt~qwen3_8b-dj_adpt,5,32768,3,768,1024,11.183850999999999,0.5290622711181641,cuda
webtable-cl_noval-v=12-distilroberta-dj_adpt~qwen3_8b-dj_adpt,5,32768,4,768,1024,11.182333,0.5290622711181641,cuda
webtable-cl_noval-v=12-distilroberta-dj_adpt~qwen3_8b-dj_adpt,5,32768,5,768,1024,11.186022999999999,0.5290622711181641,cuda
webtable-cl_noval-v=12-distilroberta-dj_adpt~qwen3_8b-dj_adpt,5,32768,6,768,1024,11.181419,0.5290622711181641,cuda
webtable-cl_noval-v=12-distilroberta-dj_adpt~qwen3_8b-dj_adpt,5,32768,7,768,1024,11.193278999999999,0.5290622711181641,cuda
webtable-cl_noval-v=12-distilroberta-dj_adpt~qwen3_8b-dj_adpt,5,32768,8,768,1024,11.184508,0.5290622711181641,cuda
webtable-cl_noval-v=12-distilroberta-dj_adpt~qwen3_8b-dj_adpt,5,32768,9,768,1024,11.183076,0.5290622711181641,cuda
webtable-cl_noval-v=12-distilroberta-dj_adpt~qwen3_8b-dj_adpt,5,32768,10,768,1024,11.184982999999999,0.5290622711181641,cuda
webtable-cl_noval-v=12-distilroberta-dj_adpt~qwen3_8b-dj_adpt,6,32768,1,896,1024,11.63947,0.5446872711181641,cuda
webtable-cl_noval-v=12-distilroberta-dj_adpt~qwen3_8b-dj_adpt,6,32768,2,896,1024,11.730958,0.5446872711181641,cuda
webtable-cl_noval-v=12-distilroberta-dj_adpt~qwen3_8b-dj_adpt,6,32768,3,896,1024,11.764638999999999,0.5446872711181641,cuda
webtable-cl_noval-v=12-distilroberta-dj_adpt~qwen3_8b-dj_adpt,6,32768,4,896,1024,11.768191,0.5446872711181641,cuda
webtable-cl_noval-v=12-distilroberta-dj_adpt~qwen3_8b-dj_adpt,6,32768,5,896,1024,11.763810999999999,0.5446872711181641,cuda
webtable-cl_noval-v=12-distilroberta-dj_adpt~qwen3_8b-dj_adpt,6,32768,6,896,1024,11.757731,0.5446872711181641,cuda
webtable-cl_noval-v=12-distilroberta-dj_adpt~qwen3_8b-dj_adpt,6,32768,7,896,1024,11.762096,0.5446872711181641,cuda
webtable-cl_noval-v=12-distilroberta-dj_adpt~qwen3_8b-dj_adpt,6,32768,8,896,1024,11.761375,0.5446872711181641,cuda
webtable-cl_noval-v=12-distilroberta-dj_adpt~qwen3_8b-dj_adpt,6,32768,9,896,1024,11.763404999999999,0.5446872711181641,cuda
webtable-cl_noval-v=12-distilroberta-dj_adpt~qwen3_8b-dj_adpt,6,32768,10,896,1024,11.724291,0.5446872711181641,cuda
webtable-cl_noval-v=12-distilroberta-dj_adpt~qwen3_8b-dj_adpt,7,32768,1,1024,1024,12.1154,0.5603122711181641,cuda
webtable-cl_noval-v=12-distilroberta-dj_adpt~qwen3_8b-dj_adpt,7,32768,2,1024,1024,12.123643999999999,0.5603122711181641,cuda
webtable-cl_noval-v=12-distilroberta-dj_adpt~qwen3_8b-dj_adpt,7,32768,3,1024,1024,12.120693,0.5603122711181641,cuda
webtable-cl_noval-v=12-distilroberta-dj_adpt~qwen3_8b-dj_adpt,7,32768,4,1024,1024,12.120313999999999,0.5603122711181641,cuda
webtable-cl_noval-v=12-distilroberta-dj_adpt~qwen3_8b-dj_adpt,7,32768,5,1024,1024,12.121804,0.5603122711181641,cuda
webtable-cl_noval-v=12-distilroberta-dj_adpt~qwen3_8b-dj_adpt,7,32768,6,1024,1024,12.217877,0.5603122711181641,cuda
webtable-cl_noval-v=12-distilroberta-dj_adpt~qwen3_8b-dj_adpt,7,32768,7,1024,1024,12.233020999999999,0.5603122711181641,cuda
webtable-cl_noval-v=12-distilroberta-dj_adpt~qwen3_8b-dj_adpt,7,32768,8,1024,1024,12.231786999999999,0.5603122711181641,cuda
webtable-cl_noval-v=12-distilroberta-dj_adpt~qwen3_8b-dj_adpt,7,32768,9,1024,1024,12.232951,0.5603122711181641,cuda
webtable-cl_noval-v=12-distilroberta-dj_adpt~qwen3_8b-dj_adpt,7,32768,10,1024,1024,12.234432,0.5603122711181641,cuda
webtable-cl_noval-v=12-distilroberta-dj_adpt~qwen3_8b-dj_adpt,8,32768,1,2560,1024,18.247511,0.7478122711181641,cuda
webtable-cl_noval-v=12-distilroberta-dj_adpt~qwen3_8b-dj_adpt,8,32768,2,2560,1024,18.267062,0.7478122711181641,cuda
webtable-cl_noval-v=12-distilroberta-dj_adpt~qwen3_8b-dj_adpt,8,32768,3,2560,1024,18.275491,0.7478122711181641,cuda
webtable-cl_noval-v=12-distilroberta-dj_adpt~qwen3_8b-dj_adpt,8,32768,4,2560,1024,18.284309999999998,0.7478122711181641,cuda
webtable-cl_noval-v=12-distilroberta-dj_adpt~qwen3_8b-dj_adpt,8,32768,5,2560,1024,18.28082,0.7478122711181641,cuda
webtable-cl_noval-v=12-distilroberta-dj_adpt~qwen3_8b-dj_adpt,8,32768,6,2560,1024,18.275734999999997,0.7478122711181641,cuda
webtable-cl_noval-v=12-distilroberta-dj_adpt~qwen3_8b-dj_adpt,8,32768,7,2560,1024,18.17871,0.7478122711181641,cuda
webtable-cl_noval-v=12-distilroberta-dj_adpt~qwen3_8b-dj_adpt,8,32768,8,2560,1024,18.141941,0.7478122711181641,cuda
webtable-cl_noval-v=12-distilroberta-dj_adpt~qwen3_8b-dj_adpt,8,32768,9,2560,1024,18.283043,0.7478122711181641,cuda
webtable-cl_noval-v=12-distilroberta-dj_adpt~qwen3_8b-dj_adpt,8,32768,10,2560,1024,18.275361,0.7478122711181641,cuda
webtable-cl_noval-v=12-distilroberta-dj_adpt~qwen3_8b-dj_adpt,9,32768,1,3840,1024,22.999233999999998,0.9040622711181641,cuda
webtable-cl_noval-v=12-distilroberta-dj_adpt~qwen3_8b-dj_adpt,9,32768,2,3840,1024,22.848964,0.9040622711181641,cuda
webtable-cl_noval-v=12-distilroberta-dj_adpt~qwen3_8b-dj_adpt,9,32768,3,3840,1024,22.832376,0.9040622711181641,cuda
webtable-cl_noval-v=12-distilroberta-dj_adpt~qwen3_8b-dj_adpt,9,32768,4,3840,1024,23.079824,0.9040622711181641,cuda
webtable-cl_noval-v=12-distilroberta-dj_adpt~qwen3_8b-dj_adpt,9,32768,5,3840,1024,23.086226,0.9040622711181641,cuda
webtable-cl_noval-v=12-distilroberta-dj_adpt~qwen3_8b-dj_adpt,9,32768,6,3840,1024,23.132396,0.9040622711181641,cuda
webtable-cl_noval-v=12-distilroberta-dj_adpt~qwen3_8b-dj_adpt,9,32768,7,3840,1024,23.126351,0.9040622711181641,cuda
webtable-cl_noval-v=12-distilroberta-dj_adpt~qwen3_8b-dj_adpt,9,32768,8,3840,1024,23.123473999999998,0.9040622711181641,cuda
webtable-cl_noval-v=12-distilroberta-dj_adpt~qwen3_8b-dj_adpt,9,32768,9,3840,1024,23.129071999999997,0.9040622711181641,cuda
webtable-cl_noval-v=12-distilroberta-dj_adpt~qwen3_8b-dj_adpt,9,32768,10,3840,1024,23.114352999999998,0.9040622711181641,cuda
webtable-cl_noval-v=12-distilroberta-dj_adpt~qwen3_8b-dj_adpt,10,32768,1,4096,1024,24.108607,0.9353122711181641,cuda
webtable-cl_noval-v=12-distilroberta-dj_adpt~qwen3_8b-dj_adpt,10,32768,2,4096,1024,23.888206,0.9353122711181641,cuda
webtable-cl_noval-v=12-distilroberta-dj_adpt~qwen3_8b-dj_adpt,10,32768,3,4096,1024,23.822319999999998,0.9353122711181641,cuda
webtable-cl_noval-v=12-distilroberta-dj_adpt~qwen3_8b-dj_adpt,10,32768,4,4096,1024,23.894648,0.9353122711181641,cuda
webtable-cl_noval-v=12-distilroberta-dj_adpt~qwen3_8b-dj_adpt,10,32768,5,4096,1024,24.096836999999997,0.9353122711181641,cuda
webtable-cl_noval-v=12-distilroberta-dj_adpt~qwen3_8b-dj_adpt,10,32768,6,4096,1024,24.101167,0.9353122711181641,cuda
webtable-cl_noval-v=12-distilroberta-dj_adpt~qwen3_8b-dj_adpt,10,32768,7,4096,1024,24.071042,0.9353122711181641,cuda
webtable-cl_noval-v=12-distilroberta-dj_adpt~qwen3_8b-dj_adpt,10,32768,8,4096,1024,24.052916,0.9353122711181641,cuda
webtable-cl_noval-v=12-distilroberta-dj_adpt~qwen3_8b-dj_adpt,10,32768,9,4096,1024,24.052436999999998,0.9353122711181641,cuda
webtable-cl_noval-v=12-distilroberta-dj_adpt~qwen3_8b-dj_adpt,10,32768,10,4096,1024,24.056151999999997,0.9353122711181641,cuda
webtable-cl_noval-v=12-distilroberta-dj_adpt~qwen3_8b-dj_adpt,11,32768,1,4096,1024,23.847272,0.9353122711181641,cuda
webtable-cl_noval-v=12-distilroberta-dj_adpt~qwen3_8b-dj_adpt,11,32768,2,4096,1024,24.099733,0.9353122711181641,cuda
webtable-cl_noval-v=12-distilroberta-dj_adpt~qwen3_8b-dj_adpt,11,32768,3,4096,1024,24.094323,0.9353122711181641,cuda
webtable-cl_noval-v=12-distilroberta-dj_adpt~qwen3_8b-dj_adpt,11,32768,4,4096,1024,24.07557,0.9353122711181641,cuda
webtable-cl_noval-v=12-distilroberta-dj_adpt~qwen3_8b-dj_adpt,11,32768,5,4096,1024,24.037988,0.9353122711181641,cuda
webtable-cl_noval-v=12-distilroberta-dj_adpt~qwen3_8b-dj_adpt,11,32768,6,4096,1024,23.856009,0.9353122711181641,cuda
webtable-cl_noval-v=12-distilroberta-dj_adpt~qwen3_8b-dj_adpt,11,32768,7,4096,1024,24.054779999999997,0.9353122711181641,cuda
webtable-cl_noval-v=12-distilroberta-dj_adpt~qwen3_8b-dj_adpt,11,32768,8,4096,1024,24.072868999999997,0.9353122711181641,cuda
webtable-cl_noval-v=12-distilroberta-dj_adpt~qwen3_8b-dj_adpt,11,32768,9,4096,1024,24.105925,0.9353122711181641,cuda
webtable-cl_noval-v=12-distilroberta-dj_adpt~qwen3_8b-dj_adpt,11,32768,10,4096,1024,24.114666999999997,0.9353122711181641,cuda
webtable-cl_noval-v=12-distilroberta-dj_adpt~qwen3_8b-dj_adpt,0,65536,1,768,1024,22.495631,0.8728122711181641,cuda
webtable-cl_noval-v=12-distilroberta-dj_adpt~qwen3_8b-dj_adpt,0,65536,2,768,1024,22.501134999999998,0.8728122711181641,cuda
webtable-cl_noval-v=12-distilroberta-dj_adpt~qwen3_8b-dj_adpt,0,65536,3,768,1024,22.493721,0.8728122711181641,cuda
webtable-cl_noval-v=12-distilroberta-dj_adpt~qwen3_8b-dj_adpt,0,65536,4,768,1024,22.322039999999998,0.8728122711181641,cuda
webtable-cl_noval-v=12-distilroberta-dj_adpt~qwen3_8b-dj_adpt,0,65536,5,768,1024,22.480774999999998,0.8728122711181641,cuda
webtable-cl_noval-v=12-distilroberta-dj_adpt~qwen3_8b-dj_adpt,0,65536,6,768,1024,22.476322,0.8728122711181641,cuda
webtable-cl_noval-v=12-distilroberta-dj_adpt~qwen3_8b-dj_adpt,0,65536,7,768,1024,22.477377999999998,0.8728122711181641,cuda
webtable-cl_noval-v=12-distilroberta-dj_adpt~qwen3_8b-dj_adpt,0,65536,8,768,1024,22.478555,0.8728122711181641,cuda
webtable-cl_noval-v=12-distilroberta-dj_adpt~qwen3_8b-dj_adpt,0,65536,9,768,1024,22.474147,0.8728122711181641,cuda
webtable-cl_noval-v=12-distilroberta-dj_adpt~qwen3_8b-dj_adpt,0,65536,10,768,1024,22.341012,0.8728122711181641,cuda
webtable-cl_noval-v=12-distilroberta-dj_adpt~qwen3_8b-dj_adpt,1,65536,1,384,1024,19.618059,0.7790622711181641,cuda
webtable-cl_noval-v=12-distilroberta-dj_adpt~qwen3_8b-dj_adpt,1,65536,2,384,1024,19.685109999999998,0.7790622711181641,cuda
webtable-cl_noval-v=12-distilroberta-dj_adpt~qwen3_8b-dj_adpt,1,65536,3,384,1024,19.679561,0.7790622711181641,cuda
webtable-cl_noval-v=12-distilroberta-dj_adpt~qwen3_8b-dj_adpt,1,65536,4,384,1024,19.690685,0.7790622711181641,cuda
webtable-cl_noval-v=12-distilroberta-dj_adpt~qwen3_8b-dj_adpt,1,65536,5,384,1024,19.700777,0.7790622711181641,cuda
webtable-cl_noval-v=12-distilroberta-dj_adpt~qwen3_8b-dj_adpt,1,65536,6,384,1024,19.685337,0.7790622711181641,cuda
webtable-cl_noval-v=12-distilroberta-dj_adpt~qwen3_8b-dj_adpt,1,65536,7,384,1024,19.687182,0.7790622711181641,cuda
webtable-cl_noval-v=12-distilroberta-dj_adpt~qwen3_8b-dj_adpt,1,65536,8,384,1024,19.688166,0.7790622711181641,cuda
webtable-cl_noval-v=12-distilroberta-dj_adpt~qwen3_8b-dj_adpt,1,65536,9,384,1024,19.682060999999997,0.7790622711181641,cuda
webtable-cl_noval-v=12-distilroberta-dj_adpt~qwen3_8b-dj_adpt,1,65536,10,384,1024,19.683408,0.7790622711181641,cuda
webtable-cl_noval-v=12-distilroberta-dj_adpt~qwen3_8b-dj_adpt,2,65536,1,384,1024,19.672622,0.7790622711181641,cuda
webtable-cl_noval-v=12-distilroberta-dj_adpt~qwen3_8b-dj_adpt,2,65536,2,384,1024,19.684048,0.7790622711181641,cuda
webtable-cl_noval-v=12-distilroberta-dj_adpt~qwen3_8b-dj_adpt,2,65536,3,384,1024,19.68121,0.7790622711181641,cuda
webtable-cl_noval-v=12-distilroberta-dj_adpt~qwen3_8b-dj_adpt,2,65536,4,384,1024,19.684062,0.7790622711181641,cuda
webtable-cl_noval-v=12-distilroberta-dj_adpt~qwen3_8b-dj_adpt,2,65536,5,384,1024,19.682178,0.7790622711181641,cuda
webtable-cl_noval-v=12-distilroberta-dj_adpt~qwen3_8b-dj_adpt,2,65536,6,384,1024,19.686026,0.7790622711181641,cuda
webtable-cl_noval-v=12-distilroberta-dj_adpt~qwen3_8b-dj_adpt,2,65536,7,384,1024,19.686556,0.7790622711181641,cuda
webtable-cl_noval-v=12-distilroberta-dj_adpt~qwen3_8b-dj_adpt,2,65536,8,384,1024,19.685322,0.7790622711181641,cuda
webtable-cl_noval-v=12-distilroberta-dj_adpt~qwen3_8b-dj_adpt,2,65536,9,384,1024,19.678867,0.7790622711181641,cuda
webtable-cl_noval-v=12-distilroberta-dj_adpt~qwen3_8b-dj_adpt,2,65536,10,384,1024,19.685053999999997,0.7790622711181641,cuda
webtable-cl_noval-v=12-distilroberta-dj_adpt~qwen3_8b-dj_adpt,3,65536,1,768,1024,22.494418,0.8728122711181641,cuda
webtable-cl_noval-v=12-distilroberta-dj_adpt~qwen3_8b-dj_adpt,3,65536,2,768,1024,22.496942,0.8728122711181641,cuda
webtable-cl_noval-v=12-distilroberta-dj_adpt~qwen3_8b-dj_adpt,3,65536,3,768,1024,22.305774,0.8728122711181641,cuda
webtable-cl_noval-v=12-distilroberta-dj_adpt~qwen3_8b-dj_adpt,3,65536,4,768,1024,22.27498,0.8728122711181641,cuda
webtable-cl_noval-v=12-distilroberta-dj_adpt~qwen3_8b-dj_adpt,3,65536,5,768,1024,22.276574999999998,0.8728122711181641,cuda
webtable-cl_noval-v=12-distilroberta-dj_adpt~qwen3_8b-dj_adpt,3,65536,6,768,1024,22.268767,0.8728122711181641,cuda
webtable-cl_noval-v=12-distilroberta-dj_adpt~qwen3_8b-dj_adpt,3,65536,7,768,1024,22.347258,0.8728122711181641,cuda
webtable-cl_noval-v=12-distilroberta-dj_adpt~qwen3_8b-dj_adpt,3,65536,8,768,1024,22.483159999999998,0.8728122711181641,cuda
webtable-cl_noval-v=12-distilroberta-dj_adpt~qwen3_8b-dj_adpt,3,65536,9,768,1024,22.477909999999998,0.8728122711181641,cuda
webtable-cl_noval-v=12-distilroberta-dj_adpt~qwen3_8b-dj_adpt,3,65536,10,768,1024,22.477342999999998,0.8728122711181641,cuda
webtable-cl_noval-v=12-distilroberta-dj_adpt~qwen3_8b-dj_adpt,4,65536,1,768,1024,22.507962,0.8728122711181641,cuda
webtable-cl_noval-v=12-distilroberta-dj_adpt~qwen3_8b-dj_adpt,4,65536,2,768,1024,22.752287,0.8728122711181641,cuda
webtable-cl_noval-v=12-distilroberta-dj_adpt~qwen3_8b-dj_adpt,4,65536,3,768,1024,22.753764,0.8728122711181641,cuda
webtable-cl_noval-v=12-distilroberta-dj_adpt~qwen3_8b-dj_adpt,4,65536,4,768,1024,22.752395999999997,0.8728122711181641,cuda
webtable-cl_noval-v=12-distilroberta-dj_adpt~qwen3_8b-dj_adpt,4,65536,5,768,1024,22.606993,0.8728122711181641,cuda
webtable-cl_noval-v=12-distilroberta-dj_adpt~qwen3_8b-dj_adpt,4,65536,6,768,1024,22.503476,0.8728122711181641,cuda
webtable-cl_noval-v=12-distilroberta-dj_adpt~qwen3_8b-dj_adpt,4,65536,7,768,1024,22.504509,0.8728122711181641,cuda
webtable-cl_noval-v=12-distilroberta-dj_adpt~qwen3_8b-dj_adpt,4,65536,8,768,1024,22.493177,0.8728122711181641,cuda
webtable-cl_noval-v=12-distilroberta-dj_adpt~qwen3_8b-dj_adpt,4,65536,9,768,1024,22.265074,0.8728122711181641,cuda
webtable-cl_noval-v=12-distilroberta-dj_adpt~qwen3_8b-dj_adpt,4,65536,10,768,1024,22.264194,0.8728122711181641,cuda
webtable-cl_noval-v=12-distilroberta-dj_adpt~qwen3_8b-dj_adpt,5,65536,1,768,1024,22.245206,0.8728122711181641,cuda
webtable-cl_noval-v=12-distilroberta-dj_adpt~qwen3_8b-dj_adpt,5,65536,2,768,1024,22.400911999999998,0.8728122711181641,cuda
webtable-cl_noval-v=12-distilroberta-dj_adpt~qwen3_8b-dj_adpt,5,65536,3,768,1024,22.496866,0.8728122711181641,cuda
webtable-cl_noval-v=12-distilroberta-dj_adpt~qwen3_8b-dj_adpt,5,65536,4,768,1024,22.488516,0.8728122711181641,cuda
webtable-cl_noval-v=12-distilroberta-dj_adpt~qwen3_8b-dj_adpt,5,65536,5,768,1024,22.496183,0.8728122711181641,cuda
webtable-cl_noval-v=12-distilroberta-dj_adpt~qwen3_8b-dj_adpt,5,65536,6,768,1024,22.494135999999997,0.8728122711181641,cuda
webtable-cl_noval-v=12-distilroberta-dj_adpt~qwen3_8b-dj_adpt,5,65536,7,768,1024,22.491671999999998,0.8728122711181641,cuda
webtable-cl_noval-v=12-distilroberta-dj_adpt~qwen3_8b-dj_adpt,5,65536,8,768,1024,22.494612999999998,0.8728122711181641,cuda
webtable-cl_noval-v=12-distilroberta-dj_adpt~qwen3_8b-dj_adpt,5,65536,9,768,1024,22.493387,0.8728122711181641,cuda
webtable-cl_noval-v=12-distilroberta-dj_adpt~qwen3_8b-dj_adpt,5,65536,10,768,1024,22.495433,0.8728122711181641,cuda
webtable-cl_noval-v=12-distilroberta-dj_adpt~qwen3_8b-dj_adpt,6,65536,1,896,1024,23.426593,0.9040622711181641,cuda
webtable-cl_noval-v=12-distilroberta-dj_adpt~qwen3_8b-dj_adpt,6,65536,2,896,1024,23.428475,0.9040622711181641,cuda
webtable-cl_noval-v=12-distilroberta-dj_adpt~qwen3_8b-dj_adpt,6,65536,3,896,1024,23.442311,0.9040622711181641,cuda
webtable-cl_noval-v=12-distilroberta-dj_adpt~qwen3_8b-dj_adpt,6,65536,4,896,1024,23.430708,0.9040622711181641,cuda
webtable-cl_noval-v=12-distilroberta-dj_adpt~qwen3_8b-dj_adpt,6,65536,5,896,1024,23.432298,0.9040622711181641,cuda
webtable-cl_noval-v=12-distilroberta-dj_adpt~qwen3_8b-dj_adpt,6,65536,6,896,1024,23.431805,0.9040622711181641,cuda
webtable-cl_noval-v=12-distilroberta-dj_adpt~qwen3_8b-dj_adpt,6,65536,7,896,1024,23.43453,0.9040622711181641,cuda
webtable-cl_noval-v=12-distilroberta-dj_adpt~qwen3_8b-dj_adpt,6,65536,8,896,1024,23.431223,0.9040622711181641,cuda
webtable-cl_noval-v=12-distilroberta-dj_adpt~qwen3_8b-dj_adpt,6,65536,9,896,1024,23.434827,0.9040622711181641,cuda
webtable-cl_noval-v=12-distilroberta-dj_adpt~qwen3_8b-dj_adpt,6,65536,10,896,1024,23.432957,0.9040622711181641,cuda
webtable-cl_noval-v=12-distilroberta-dj_adpt~qwen3_8b-dj_adpt,7,65536,1,1024,1024,24.378529999999998,0.9353122711181641,cuda
webtable-cl_noval-v=12-distilroberta-dj_adpt~qwen3_8b-dj_adpt,7,65536,2,1024,1024,24.360249,0.9353122711181641,cuda
webtable-cl_noval-v=12-distilroberta-dj_adpt~qwen3_8b-dj_adpt,7,65536,3,1024,1024,24.388997,0.9353122711181641,cuda
webtable-cl_noval-v=12-distilroberta-dj_adpt~qwen3_8b-dj_adpt,7,65536,4,1024,1024,24.356669,0.9353122711181641,cuda
webtable-cl_noval-v=12-distilroberta-dj_adpt~qwen3_8b-dj_adpt,7,65536,5,1024,1024,24.345695,0.9353122711181641,cuda
webtable-cl_noval-v=12-distilroberta-dj_adpt~qwen3_8b-dj_adpt,7,65536,6,1024,1024,24.215477,0.9353122711181641,cuda
webtable-cl_noval-v=12-distilroberta-dj_adpt~qwen3_8b-dj_adpt,7,65536,7,1024,1024,24.386201999999997,0.9353122711181641,cuda
webtable-cl_noval-v=12-distilroberta-dj_adpt~qwen3_8b-dj_adpt,7,65536,8,1024,1024,24.363328,0.9353122711181641,cuda
webtable-cl_noval-v=12-distilroberta-dj_adpt~qwen3_8b-dj_adpt,7,65536,9,1024,1024,24.399686,0.9353122711181641,cuda
webtable-cl_noval-v=12-distilroberta-dj_adpt~qwen3_8b-dj_adpt,7,65536,10,1024,1024,24.638189999999998,0.9353122711181641,cuda
webtable-cl_noval-v=12-distilroberta-dj_adpt~qwen3_8b-dj_adpt,8,65536,1,2560,1024,35.853099,1.310312271118164,cuda
webtable-cl_noval-v=12-distilroberta-dj_adpt~qwen3_8b-dj_adpt,8,65536,2,2560,1024,35.598279,1.310312271118164,cuda
webtable-cl_noval-v=12-distilroberta-dj_adpt~qwen3_8b-dj_adpt,8,65536,3,2560,1024,35.463426999999996,1.310312271118164,cuda
webtable-cl_noval-v=12-distilroberta-dj_adpt~qwen3_8b-dj_adpt,8,65536,4,2560,1024,35.232161,1.310312271118164,cuda
webtable-cl_noval-v=12-distilroberta-dj_adpt~qwen3_8b-dj_adpt,8,65536,5,2560,1024,35.320433,1.310312271118164,cuda
webtable-cl_noval-v=12-distilroberta-dj_adpt~qwen3_8b-dj_adpt,8,65536,6,2560,1024,35.635464999999996,1.310312271118164,cuda
webtable-cl_noval-v=12-distilroberta-dj_adpt~qwen3_8b-dj_adpt,8,65536,7,2560,1024,35.638172,1.310312271118164,cuda
webtable-cl_noval-v=12-distilroberta-dj_adpt~qwen3_8b-dj_adpt,8,65536,8,2560,1024,35.632508,1.310312271118164,cuda
webtable-cl_noval-v=12-distilroberta-dj_adpt~qwen3_8b-dj_adpt,8,65536,9,2560,1024,35.637445,1.310312271118164,cuda
webtable-cl_noval-v=12-distilroberta-dj_adpt~qwen3_8b-dj_adpt,8,65536,10,2560,1024,35.632002,1.310312271118164,cuda
webtable-cl_noval-v=12-distilroberta-dj_adpt~qwen3_8b-dj_adpt,9,65536,1,3840,1024,45.03982,1.622812271118164,cuda
webtable-cl_noval-v=12-distilroberta-dj_adpt~qwen3_8b-dj_adpt,9,65536,2,3840,1024,45.030949,1.622812271118164,cuda
webtable-cl_noval-v=12-distilroberta-dj_adpt~qwen3_8b-dj_adpt,9,65536,3,3840,1024,45.032101999999995,1.622812271118164,cuda
webtable-cl_noval-v=12-distilroberta-dj_adpt~qwen3_8b-dj_adpt,9,65536,4,3840,1024,45.035965,1.622812271118164,cuda
webtable-cl_noval-v=12-distilroberta-dj_adpt~qwen3_8b-dj_adpt,9,65536,5,3840,1024,45.279036999999995,1.622812271118164,cuda
webtable-cl_noval-v=12-distilroberta-dj_adpt~qwen3_8b-dj_adpt,9,65536,6,3840,1024,45.451572999999996,1.622812271118164,cuda
webtable-cl_noval-v=12-distilroberta-dj_adpt~qwen3_8b-dj_adpt,9,65536,7,3840,1024,45.454848,1.622812271118164,cuda
webtable-cl_noval-v=12-distilroberta-dj_adpt~qwen3_8b-dj_adpt,9,65536,8,3840,1024,45.054949,1.622812271118164,cuda
webtable-cl_noval-v=12-distilroberta-dj_adpt~qwen3_8b-dj_adpt,9,65536,9,3840,1024,45.030708,1.622812271118164,cuda
webtable-cl_noval-v=12-distilroberta-dj_adpt~qwen3_8b-dj_adpt,9,65536,10,3840,1024,45.155229,1.622812271118164,cuda
webtable-cl_noval-v=12-distilroberta-dj_adpt~qwen3_8b-dj_adpt,10,65536,1,4096,1024,47.376838,1.685312271118164,cuda
webtable-cl_noval-v=12-distilroberta-dj_adpt~qwen3_8b-dj_adpt,10,65536,2,4096,1024,46.918472,1.685312271118164,cuda
webtable-cl_noval-v=12-distilroberta-dj_adpt~qwen3_8b-dj_adpt,10,65536,3,4096,1024,46.62533,1.685312271118164,cuda
webtable-cl_noval-v=12-distilroberta-dj_adpt~qwen3_8b-dj_adpt,10,65536,4,4096,1024,46.476498,1.685312271118164,cuda
webtable-cl_noval-v=12-distilroberta-dj_adpt~qwen3_8b-dj_adpt,10,65536,5,4096,1024,46.851714,1.685312271118164,cuda
webtable-cl_noval-v=12-distilroberta-dj_adpt~qwen3_8b-dj_adpt,10,65536,6,4096,1024,47.145782999999994,1.685312271118164,cuda
webtable-cl_noval-v=12-distilroberta-dj_adpt~qwen3_8b-dj_adpt,10,65536,7,4096,1024,47.373678999999996,1.685312271118164,cuda
webtable-cl_noval-v=12-distilroberta-dj_adpt~qwen3_8b-dj_adpt,10,65536,8,4096,1024,47.170739,1.685312271118164,cuda
webtable-cl_noval-v=12-distilroberta-dj_adpt~qwen3_8b-dj_adpt,10,65536,9,4096,1024,46.894414,1.685312271118164,cuda
webtable-cl_noval-v=12-distilroberta-dj_adpt~qwen3_8b-dj_adpt,10,65536,10,4096,1024,46.843246,1.685312271118164,cuda
webtable-cl_noval-v=12-distilroberta-dj_adpt~qwen3_8b-dj_adpt,11,65536,1,4096,1024,47.306492,1.685312271118164,cuda
webtable-cl_noval-v=12-distilroberta-dj_adpt~qwen3_8b-dj_adpt,11,65536,2,4096,1024,47.47033,1.685312271118164,cuda
webtable-cl_noval-v=12-distilroberta-dj_adpt~qwen3_8b-dj_adpt,11,65536,3,4096,1024,47.104625999999996,1.685312271118164,cuda
webtable-cl_noval-v=12-distilroberta-dj_adpt~qwen3_8b-dj_adpt,11,65536,4,4096,1024,46.906993,1.685312271118164,cuda
webtable-cl_noval-v=12-distilroberta-dj_adpt~qwen3_8b-dj_adpt,11,65536,5,4096,1024,47.145485,1.685312271118164,cuda
webtable-cl_noval-v=12-distilroberta-dj_adpt~qwen3_8b-dj_adpt,11,65536,6,4096,1024,47.353857,1.685312271118164,cuda
webtable-cl_noval-v=12-distilroberta-dj_adpt~qwen3_8b-dj_adpt,11,65536,7,4096,1024,47.180993,1.685312271118164,cuda
webtable-cl_noval-v=12-distilroberta-dj_adpt~qwen3_8b-dj_adpt,11,65536,8,4096,1024,47.056694,1.685312271118164,cuda
webtable-cl_noval-v=12-distilroberta-dj_adpt~qwen3_8b-dj_adpt,11,65536,9,4096,1024,47.459858,1.685312271118164,cuda
webtable-cl_noval-v=12-distilroberta-dj_adpt~qwen3_8b-dj_adpt,11,65536,10,4096,1024,47.374638,1.685312271118164,cuda
webtable-cl_noval-v=12-distilroberta-dj_adpt~qwen3_8b-dj_adpt,0,131072,1,768,1024,44.925422999999995,1.560312271118164,cuda
webtable-cl_noval-v=12-distilroberta-dj_adpt~qwen3_8b-dj_adpt,0,131072,2,768,1024,44.747279,1.560312271118164,cuda
webtable-cl_noval-v=12-distilroberta-dj_adpt~qwen3_8b-dj_adpt,0,131072,3,768,1024,44.965334,1.560312271118164,cuda
webtable-cl_noval-v=12-distilroberta-dj_adpt~qwen3_8b-dj_adpt,0,131072,4,768,1024,44.973659,1.560312271118164,cuda
webtable-cl_noval-v=12-distilroberta-dj_adpt~qwen3_8b-dj_adpt,0,131072,5,768,1024,44.979108,1.560312271118164,cuda
webtable-cl_noval-v=12-distilroberta-dj_adpt~qwen3_8b-dj_adpt,0,131072,6,768,1024,44.982752999999995,1.560312271118164,cuda
webtable-cl_noval-v=12-distilroberta-dj_adpt~qwen3_8b-dj_adpt,0,131072,7,768,1024,44.975184999999996,1.560312271118164,cuda
webtable-cl_noval-v=12-distilroberta-dj_adpt~qwen3_8b-dj_adpt,0,131072,8,768,1024,44.972575,1.560312271118164,cuda
webtable-cl_noval-v=12-distilroberta-dj_adpt~qwen3_8b-dj_adpt,0,131072,9,768,1024,44.775064,1.560312271118164,cuda
webtable-cl_noval-v=12-distilroberta-dj_adpt~qwen3_8b-dj_adpt,0,131072,10,768,1024,44.994616,1.560312271118164,cuda
webtable-cl_noval-v=12-distilroberta-dj_adpt~qwen3_8b-dj_adpt,1,131072,1,384,1024,39.755835,1.372812271118164,cuda
webtable-cl_noval-v=12-distilroberta-dj_adpt~qwen3_8b-dj_adpt,1,131072,2,384,1024,39.789175,1.372812271118164,cuda
webtable-cl_noval-v=12-distilroberta-dj_adpt~qwen3_8b-dj_adpt,1,131072,3,384,1024,39.536103,1.372812271118164,cuda
webtable-cl_noval-v=12-distilroberta-dj_adpt~qwen3_8b-dj_adpt,1,131072,4,384,1024,39.361629,1.372812271118164,cuda
webtable-cl_noval-v=12-distilroberta-dj_adpt~qwen3_8b-dj_adpt,1,131072,5,384,1024,39.344848999999996,1.372812271118164,cuda
webtable-cl_noval-v=12-distilroberta-dj_adpt~qwen3_8b-dj_adpt,1,131072,6,384,1024,39.704063,1.372812271118164,cuda
webtable-cl_noval-v=12-distilroberta-dj_adpt~qwen3_8b-dj_adpt,1,131072,7,384,1024,39.717462,1.372812271118164,cuda
webtable-cl_noval-v=12-distilroberta-dj_adpt~qwen3_8b-dj_adpt,1,131072,8,384,1024,39.773554,1.372812271118164,cuda
webtable-cl_noval-v=12-distilroberta-dj_adpt~qwen3_8b-dj_adpt,1,131072,9,384,1024,39.779378,1.372812271118164,cuda
webtable-cl_noval-v=12-distilroberta-dj_adpt~qwen3_8b-dj_adpt,1,131072,10,384,1024,39.777319999999996,1.372812271118164,cuda
webtable-cl_noval-v=12-distilroberta-dj_adpt~qwen3_8b-dj_adpt,2,131072,1,384,1024,39.340109999999996,1.372812271118164,cuda
webtable-cl_noval-v=12-distilroberta-dj_adpt~qwen3_8b-dj_adpt,2,131072,2,384,1024,39.310753999999996,1.372812271118164,cuda
webtable-cl_noval-v=12-distilroberta-dj_adpt~qwen3_8b-dj_adpt,2,131072,3,384,1024,39.309173,1.372812271118164,cuda
webtable-cl_noval-v=12-distilroberta-dj_adpt~qwen3_8b-dj_adpt,2,131072,4,384,1024,39.326510999999996,1.372812271118164,cuda
webtable-cl_noval-v=12-distilroberta-dj_adpt~qwen3_8b-dj_adpt,2,131072,5,384,1024,39.337365,1.372812271118164,cuda
webtable-cl_noval-v=12-distilroberta-dj_adpt~qwen3_8b-dj_adpt,2,131072,6,384,1024,39.344736999999995,1.372812271118164,cuda
webtable-cl_noval-v=12-distilroberta-dj_adpt~qwen3_8b-dj_adpt,2,131072,7,384,1024,39.350992,1.372812271118164,cuda
webtable-cl_noval-v=12-distilroberta-dj_adpt~qwen3_8b-dj_adpt,2,131072,8,384,1024,39.343433,1.372812271118164,cuda
webtable-cl_noval-v=12-distilroberta-dj_adpt~qwen3_8b-dj_adpt,2,131072,9,384,1024,39.348146,1.372812271118164,cuda
webtable-cl_noval-v=12-distilroberta-dj_adpt~qwen3_8b-dj_adpt,2,131072,10,384,1024,39.343992,1.372812271118164,cuda
webtable-cl_noval-v=12-distilroberta-dj_adpt~qwen3_8b-dj_adpt,3,131072,1,768,1024,45.031853,1.560312271118164,cuda
webtable-cl_noval-v=12-distilroberta-dj_adpt~qwen3_8b-dj_adpt,3,131072,2,768,1024,45.456787,1.560312271118164,cuda
webtable-cl_noval-v=12-distilroberta-dj_adpt~qwen3_8b-dj_adpt,3,131072,3,768,1024,45.060277,1.560312271118164,cuda
webtable-cl_noval-v=12-distilroberta-dj_adpt~qwen3_8b-dj_adpt,3,131072,4,768,1024,44.975808,1.560312271118164,cuda
webtable-cl_noval-v=12-distilroberta-dj_adpt~qwen3_8b-dj_adpt,3,131072,5,768,1024,44.969012,1.560312271118164,cuda
webtable-cl_noval-v=12-distilroberta-dj_adpt~qwen3_8b-dj_adpt,3,131072,6,768,1024,44.976633,1.560312271118164,cuda
webtable-cl_noval-v=12-distilroberta-dj_adpt~qwen3_8b-dj_adpt,3,131072,7,768,1024,44.990185,1.560312271118164,cuda
webtable-cl_noval-v=12-distilroberta-dj_adpt~qwen3_8b-dj_adpt,3,131072,8,768,1024,45.253949,1.560312271118164,cuda
webtable-cl_noval-v=12-distilroberta-dj_adpt~qwen3_8b-dj_adpt,3,131072,9,768,1024,45.46362,1.560312271118164,cuda
webtable-cl_noval-v=12-distilroberta-dj_adpt~qwen3_8b-dj_adpt,3,131072,10,768,1024,45.39602,1.560312271118164,cuda
webtable-cl_noval-v=12-distilroberta-dj_adpt~qwen3_8b-dj_adpt,4,131072,1,768,1024,44.948223999999996,1.560312271118164,cuda
webtable-cl_noval-v=12-distilroberta-dj_adpt~qwen3_8b-dj_adpt,4,131072,2,768,1024,44.954772,1.560312271118164,cuda
webtable-cl_noval-v=12-distilroberta-dj_adpt~qwen3_8b-dj_adpt,4,131072,3,768,1024,44.967887,1.560312271118164,cuda
webtable-cl_noval-v=12-distilroberta-dj_adpt~qwen3_8b-dj_adpt,4,131072,4,768,1024,44.984207,1.560312271118164,cuda
webtable-cl_noval-v=12-distilroberta-dj_adpt~qwen3_8b-dj_adpt,4,131072,5,768,1024,44.979715999999996,1.560312271118164,cuda
webtable-cl_noval-v=12-distilroberta-dj_adpt~qwen3_8b-dj_adpt,4,131072,6,768,1024,44.973903,1.560312271118164,cuda
webtable-cl_noval-v=12-distilroberta-dj_adpt~qwen3_8b-dj_adpt,4,131072,7,768,1024,44.980483,1.560312271118164,cuda
webtable-cl_noval-v=12-distilroberta-dj_adpt~qwen3_8b-dj_adpt,4,131072,8,768,1024,44.973287,1.560312271118164,cuda
webtable-cl_noval-v=12-distilroberta-dj_adpt~qwen3_8b-dj_adpt,4,131072,9,768,1024,44.776907,1.560312271118164,cuda
webtable-cl_noval-v=12-distilroberta-dj_adpt~qwen3_8b-dj_adpt,4,131072,10,768,1024,44.971542,1.560312271118164,cuda
webtable-cl_noval-v=12-distilroberta-dj_adpt~qwen3_8b-dj_adpt,5,131072,1,768,1024,44.995526,1.560312271118164,cuda
webtable-cl_noval-v=12-distilroberta-dj_adpt~qwen3_8b-dj_adpt,5,131072,2,768,1024,45.459964,1.560312271118164,cuda
webtable-cl_noval-v=12-distilroberta-dj_adpt~qwen3_8b-dj_adpt,5,131072,3,768,1024,45.258872,1.560312271118164,cuda
webtable-cl_noval-v=12-distilroberta-dj_adpt~qwen3_8b-dj_adpt,5,131072,4,768,1024,44.932483999999995,1.560312271118164,cuda
webtable-cl_noval-v=12-distilroberta-dj_adpt~qwen3_8b-dj_adpt,5,131072,5,768,1024,44.991262,1.560312271118164,cuda
webtable-cl_noval-v=12-distilroberta-dj_adpt~qwen3_8b-dj_adpt,5,131072,6,768,1024,45.461614999999995,1.560312271118164,cuda
webtable-cl_noval-v=12-distilroberta-dj_adpt~qwen3_8b-dj_adpt,5,131072,7,768,1024,45.441227,1.560312271118164,cuda
webtable-cl_noval-v=12-distilroberta-dj_adpt~qwen3_8b-dj_adpt,5,131072,8,768,1024,45.400825,1.560312271118164,cuda
webtable-cl_noval-v=12-distilroberta-dj_adpt~qwen3_8b-dj_adpt,5,131072,9,768,1024,45.437096,1.560312271118164,cuda
webtable-cl_noval-v=12-distilroberta-dj_adpt~qwen3_8b-dj_adpt,5,131072,10,768,1024,45.315633,1.560312271118164,cuda
webtable-cl_noval-v=12-distilroberta-dj_adpt~qwen3_8b-dj_adpt,6,131072,1,896,1024,46.64995,1.622812271118164,cuda
webtable-cl_noval-v=12-distilroberta-dj_adpt~qwen3_8b-dj_adpt,6,131072,2,896,1024,46.845422,1.622812271118164,cuda
webtable-cl_noval-v=12-distilroberta-dj_adpt~qwen3_8b-dj_adpt,6,131072,3,896,1024,46.845662,1.622812271118164,cuda
webtable-cl_noval-v=12-distilroberta-dj_adpt~qwen3_8b-dj_adpt,6,131072,4,896,1024,46.842166999999996,1.622812271118164,cuda
webtable-cl_noval-v=12-distilroberta-dj_adpt~qwen3_8b-dj_adpt,6,131072,5,896,1024,46.842591,1.622812271118164,cuda
webtable-cl_noval-v=12-distilroberta-dj_adpt~qwen3_8b-dj_adpt,6,131072,6,896,1024,46.842034,1.622812271118164,cuda
webtable-cl_noval-v=12-distilroberta-dj_adpt~qwen3_8b-dj_adpt,6,131072,7,896,1024,46.851369,1.622812271118164,cuda
webtable-cl_noval-v=12-distilroberta-dj_adpt~qwen3_8b-dj_adpt,6,131072,8,896,1024,46.844758999999996,1.622812271118164,cuda
webtable-cl_noval-v=12-distilroberta-dj_adpt~qwen3_8b-dj_adpt,6,131072,9,896,1024,46.859189,1.622812271118164,cuda
webtable-cl_noval-v=12-distilroberta-dj_adpt~qwen3_8b-dj_adpt,6,131072,10,896,1024,46.845867,1.622812271118164,cuda
webtable-cl_noval-v=12-distilroberta-dj_adpt~qwen3_8b-dj_adpt,7,131072,1,1024,1024,49.256226999999996,1.685312271118164,cuda
webtable-cl_noval-v=12-distilroberta-dj_adpt~qwen3_8b-dj_adpt,7,131072,2,1024,1024,48.817347999999996,1.685312271118164,cuda
webtable-cl_noval-v=12-distilroberta-dj_adpt~qwen3_8b-dj_adpt,7,131072,3,1024,1024,48.713806,1.685312271118164,cuda
webtable-cl_noval-v=12-distilroberta-dj_adpt~qwen3_8b-dj_adpt,7,131072,4,1024,1024,48.719127,1.685312271118164,cuda
webtable-cl_noval-v=12-distilroberta-dj_adpt~qwen3_8b-dj_adpt,7,131072,5,1024,1024,48.80661,1.685312271118164,cuda
webtable-cl_noval-v=12-distilroberta-dj_adpt~qwen3_8b-dj_adpt,7,131072,6,1024,1024,49.22539,1.685312271118164,cuda
webtable-cl_noval-v=12-distilroberta-dj_adpt~qwen3_8b-dj_adpt,7,131072,7,1024,1024,49.184945,1.685312271118164,cuda
webtable-cl_noval-v=12-distilroberta-dj_adpt~qwen3_8b-dj_adpt,7,131072,8,1024,1024,49.188181,1.685312271118164,cuda
webtable-cl_noval-v=12-distilroberta-dj_adpt~qwen3_8b-dj_adpt,7,131072,9,1024,1024,48.770621999999996,1.685312271118164,cuda
webtable-cl_noval-v=12-distilroberta-dj_adpt~qwen3_8b-dj_adpt,7,131072,10,1024,1024,48.710927,1.685312271118164,cuda
webtable-cl_noval-v=12-distilroberta-dj_adpt~qwen3_8b-dj_adpt,8,131072,1,2560,1024,71.23702899999999,2.435312271118164,cuda
webtable-cl_noval-v=12-distilroberta-dj_adpt~qwen3_8b-dj_adpt,8,131072,2,2560,1024,71.236496,2.435312271118164,cuda
webtable-cl_noval-v=12-distilroberta-dj_adpt~qwen3_8b-dj_adpt,8,131072,3,2560,1024,71.227361,2.435312271118164,cuda
webtable-cl_noval-v=12-distilroberta-dj_adpt~qwen3_8b-dj_adpt,8,131072,4,2560,1024,71.228442,2.435312271118164,cuda
webtable-cl_noval-v=12-distilroberta-dj_adpt~qwen3_8b-dj_adpt,8,131072,5,2560,1024,71.324075,2.435312271118164,cuda
webtable-cl_noval-v=12-distilroberta-dj_adpt~qwen3_8b-dj_adpt,8,131072,6,2560,1024,72.01006699999999,2.435312271118164,cuda
webtable-cl_noval-v=12-distilroberta-dj_adpt~qwen3_8b-dj_adpt,8,131072,7,2560,1024,71.343049,2.435312271118164,cuda
webtable-cl_noval-v=12-distilroberta-dj_adpt~qwen3_8b-dj_adpt,8,131072,8,2560,1024,71.209802,2.435312271118164,cuda
webtable-cl_noval-v=12-distilroberta-dj_adpt~qwen3_8b-dj_adpt,8,131072,9,2560,1024,71.65384,2.435312271118164,cuda
webtable-cl_noval-v=12-distilroberta-dj_adpt~qwen3_8b-dj_adpt,8,131072,10,2560,1024,71.923802,2.435312271118164,cuda
webtable-cl_noval-v=12-distilroberta-dj_adpt~qwen3_8b-dj_adpt,9,131072,1,3840,1024,90.69090299999999,3.060312271118164,cuda
webtable-cl_noval-v=12-distilroberta-dj_adpt~qwen3_8b-dj_adpt,9,131072,2,3840,1024,89.976163,3.060312271118164,cuda
webtable-cl_noval-v=12-distilroberta-dj_adpt~qwen3_8b-dj_adpt,9,131072,3,3840,1024,90.65719,3.060312271118164,cuda
webtable-cl_noval-v=12-distilroberta-dj_adpt~qwen3_8b-dj_adpt,9,131072,4,3840,1024,90.336443,3.060312271118164,cuda
webtable-cl_noval-v=12-distilroberta-dj_adpt~qwen3_8b-dj_adpt,9,131072,5,3840,1024,90.43816799999999,3.060312271118164,cuda
webtable-cl_noval-v=12-distilroberta-dj_adpt~qwen3_8b-dj_adpt,9,131072,6,3840,1024,90.922983,3.060312271118164,cuda
webtable-cl_noval-v=12-distilroberta-dj_adpt~qwen3_8b-dj_adpt,9,131072,7,3840,1024,90.39549,3.060312271118164,cuda
webtable-cl_noval-v=12-distilroberta-dj_adpt~qwen3_8b-dj_adpt,9,131072,8,3840,1024,90.696604,3.060312271118164,cuda
webtable-cl_noval-v=12-distilroberta-dj_adpt~qwen3_8b-dj_adpt,9,131072,9,3840,1024,91.067876,3.060312271118164,cuda
webtable-cl_noval-v=12-distilroberta-dj_adpt~qwen3_8b-dj_adpt,9,131072,10,3840,1024,90.081938,3.060312271118164,cuda
webtable-cl_noval-v=12-distilroberta-dj_adpt~qwen3_8b-dj_adpt,10,131072,1,4096,1024,94.05503999999999,3.185312271118164,cuda
webtable-cl_noval-v=12-distilroberta-dj_adpt~qwen3_8b-dj_adpt,10,131072,2,4096,1024,94.235798,3.185312271118164,cuda
webtable-cl_noval-v=12-distilroberta-dj_adpt~qwen3_8b-dj_adpt,10,131072,3,4096,1024,94.839815,3.185312271118164,cuda
webtable-cl_noval-v=12-distilroberta-dj_adpt~qwen3_8b-dj_adpt,10,131072,4,4096,1024,94.844798,3.185312271118164,cuda
webtable-cl_noval-v=12-distilroberta-dj_adpt~qwen3_8b-dj_adpt,10,131072,5,4096,1024,94.094658,3.185312271118164,cuda
webtable-cl_noval-v=12-distilroberta-dj_adpt~qwen3_8b-dj_adpt,10,131072,6,4096,1024,93.715524,3.185312271118164,cuda
webtable-cl_noval-v=12-distilroberta-dj_adpt~qwen3_8b-dj_adpt,10,131072,7,4096,1024,93.73608999999999,3.185312271118164,cuda
webtable-cl_noval-v=12-distilroberta-dj_adpt~qwen3_8b-dj_adpt,10,131072,8,4096,1024,94.774576,3.185312271118164,cuda
webtable-cl_noval-v=12-distilroberta-dj_adpt~qwen3_8b-dj_adpt,10,131072,9,4096,1024,94.814681,3.185312271118164,cuda
webtable-cl_noval-v=12-distilroberta-dj_adpt~qwen3_8b-dj_adpt,10,131072,10,4096,1024,94.124836,3.185312271118164,cuda
webtable-cl_noval-v=12-distilroberta-dj_adpt~qwen3_8b-dj_adpt,11,131072,1,4096,1024,94.534537,3.185312271118164,cuda
webtable-cl_noval-v=12-distilroberta-dj_adpt~qwen3_8b-dj_adpt,11,131072,2,4096,1024,94.824249,3.185312271118164,cuda
webtable-cl_noval-v=12-distilroberta-dj_adpt~qwen3_8b-dj_adpt,11,131072,3,4096,1024,94.70050499999999,3.185312271118164,cuda
webtable-cl_noval-v=12-distilroberta-dj_adpt~qwen3_8b-dj_adpt,11,131072,4,4096,1024,94.050904,3.185312271118164,cuda
webtable-cl_noval-v=12-distilroberta-dj_adpt~qwen3_8b-dj_adpt,11,131072,5,4096,1024,93.75522699999999,3.185312271118164,cuda
webtable-cl_noval-v=12-distilroberta-dj_adpt~qwen3_8b-dj_adpt,11,131072,6,4096,1024,94.103313,3.185312271118164,cuda
webtable-cl_noval-v=12-distilroberta-dj_adpt~qwen3_8b-dj_adpt,11,131072,7,4096,1024,94.818919,3.185312271118164,cuda
webtable-cl_noval-v=12-distilroberta-dj_adpt~qwen3_8b-dj_adpt,11,131072,8,4096,1024,94.89112999999999,3.185312271118164,cuda
webtable-cl_noval-v=12-distilroberta-dj_adpt~qwen3_8b-dj_adpt,11,131072,9,4096,1024,93.88488,3.185312271118164,cuda
webtable-cl_noval-v=12-distilroberta-dj_adpt~qwen3_8b-dj_adpt,11,131072,10,4096,1024,93.685143,3.185312271118164,cuda
