checkpoint_name,view_idx,batch_size,repetition,input_dim,output_dim,inference_time_ms,peak_gpu_memory_gb,device
webtable-v2v-v=12-distilroberta-dj_adpt~qwen3_8b-dj_adpt,0,1,1,768,768,0.868258,1.0429539680480957,cuda
webtable-v2v-v=12-distilroberta-dj_adpt~qwen3_8b-dj_adpt,0,1,2,768,768,0.8009769999999999,1.0429539680480957,cuda
webtable-v2v-v=12-distilroberta-dj_adpt~qwen3_8b-dj_adpt,0,1,3,768,768,0.776072,1.0429539680480957,cuda
webtable-v2v-v=12-distilroberta-dj_adpt~qwen3_8b-dj_adpt,0,1,4,768,768,0.770195,1.0429539680480957,cuda
webtable-v2v-v=12-distilroberta-dj_adpt~qwen3_8b-dj_adpt,0,1,5,768,768,0.768223,1.0429539680480957,cuda
webtable-v2v-v=12-distilroberta-dj_adpt~qwen3_8b-dj_adpt,0,1,6,768,768,0.758682,1.0429539680480957,cuda
webtable-v2v-v=12-distilroberta-dj_adpt~qwen3_8b-dj_adpt,0,1,7,768,768,0.7530509999999999,1.0429539680480957,cuda
webtable-v2v-v=12-distilroberta-dj_adpt~qwen3_8b-dj_adpt,0,1,8,768,768,0.752479,1.0429539680480957,cuda
webtable-v2v-v=12-distilroberta-dj_adpt~qwen3_8b-dj_adpt,0,1,9,768,768,0.757686,1.0429539680480957,cuda
webtable-v2v-v=12-distilroberta-dj_adpt~qwen3_8b-dj_adpt,0,1,10,768,768,0.757541,1.0429539680480957,cuda
webtable-v2v-v=12-distilroberta-dj_adpt~qwen3_8b-dj_adpt,1,1,1,384,768,0.7493879999999999,1.042952537536621,cuda
webtable-v2v-v=12-distilroberta-dj_adpt~qwen3_8b-dj_adpt,1,1,2,384,768,0.7553719999999999,1.042952537536621,cuda
webtable-v2v-v=12-distilroberta-dj_adpt~qwen3_8b-dj_adpt,1,1,3,384,768,0.770172,1.042952537536621,cuda
webtable-v2v-v=12-distilroberta-dj_adpt~qwen3_8b-dj_adpt,1,1,4,384,768,0.7551289999999999,1.042952537536621,cuda
webtable-v2v-v=12-distilroberta-dj_adpt~qwen3_8b-dj_adpt,1,1,5,384,768,0.753659,1.042952537536621,cuda
webtable-v2v-v=12-distilroberta-dj_adpt~qwen3_8b-dj_adpt,1,1,6,384,768,0.751497,1.042952537536621,cuda
webtable-v2v-v=12-distilroberta-dj_adpt~qwen3_8b-dj_adpt,1,1,7,384,768,0.753162,1.042952537536621,cuda
webtable-v2v-v=12-distilroberta-dj_adpt~qwen3_8b-dj_adpt,1,1,8,384,768,0.7602829999999999,1.042952537536621,cuda
webtable-v2v-v=12-distilroberta-dj_adpt~qwen3_8b-dj_adpt,1,1,9,384,768,0.751186,1.042952537536621,cuda
webtable-v2v-v=12-distilroberta-dj_adpt~qwen3_8b-dj_adpt,1,1,10,384,768,0.7499709999999999,1.042952537536621,cuda
webtable-v2v-v=12-distilroberta-dj_adpt~qwen3_8b-dj_adpt,2,1,1,384,768,0.747176,1.042952537536621,cuda
webtable-v2v-v=12-distilroberta-dj_adpt~qwen3_8b-dj_adpt,2,1,2,384,768,0.7526459999999999,1.042952537536621,cuda
webtable-v2v-v=12-distilroberta-dj_adpt~qwen3_8b-dj_adpt,2,1,3,384,768,0.75022,1.042952537536621,cuda
webtable-v2v-v=12-distilroberta-dj_adpt~qwen3_8b-dj_adpt,2,1,4,384,768,0.7536579999999999,1.042952537536621,cuda
webtable-v2v-v=12-distilroberta-dj_adpt~qwen3_8b-dj_adpt,2,1,5,384,768,0.752525,1.042952537536621,cuda
webtable-v2v-v=12-distilroberta-dj_adpt~qwen3_8b-dj_adpt,2,1,6,384,768,2.280826,1.042952537536621,cuda
webtable-v2v-v=12-distilroberta-dj_adpt~qwen3_8b-dj_adpt,2,1,7,384,768,0.761313,1.042952537536621,cuda
webtable-v2v-v=12-distilroberta-dj_adpt~qwen3_8b-dj_adpt,2,1,8,384,768,0.758616,1.042952537536621,cuda
webtable-v2v-v=12-distilroberta-dj_adpt~qwen3_8b-dj_adpt,2,1,9,384,768,0.763728,1.042952537536621,cuda
webtable-v2v-v=12-distilroberta-dj_adpt~qwen3_8b-dj_adpt,2,1,10,384,768,0.7615719999999999,1.042952537536621,cuda
webtable-v2v-v=12-distilroberta-dj_adpt~qwen3_8b-dj_adpt,3,1,1,768,768,0.758459,1.0429539680480957,cuda
webtable-v2v-v=12-distilroberta-dj_adpt~qwen3_8b-dj_adpt,3,1,2,768,768,1.430966,1.0429539680480957,cuda
webtable-v2v-v=12-distilroberta-dj_adpt~qwen3_8b-dj_adpt,3,1,3,768,768,0.7753329999999999,1.0429539680480957,cuda
webtable-v2v-v=12-distilroberta-dj_adpt~qwen3_8b-dj_adpt,3,1,4,768,768,0.7656149999999999,1.0429539680480957,cuda
webtable-v2v-v=12-distilroberta-dj_adpt~qwen3_8b-dj_adpt,3,1,5,768,768,0.762103,1.0429539680480957,cuda
webtable-v2v-v=12-distilroberta-dj_adpt~qwen3_8b-dj_adpt,3,1,6,768,768,0.773802,1.0429539680480957,cuda
webtable-v2v-v=12-distilroberta-dj_adpt~qwen3_8b-dj_adpt,3,1,7,768,768,0.7658619999999999,1.0429539680480957,cuda
webtable-v2v-v=12-distilroberta-dj_adpt~qwen3_8b-dj_adpt,3,1,8,768,768,0.763049,1.0429539680480957,cuda
webtable-v2v-v=12-distilroberta-dj_adpt~qwen3_8b-dj_adpt,3,1,9,768,768,0.759906,1.0429539680480957,cuda
webtable-v2v-v=12-distilroberta-dj_adpt~qwen3_8b-dj_adpt,3,1,10,768,768,0.768211,1.0429539680480957,cuda
webtable-v2v-v=12-distilroberta-dj_adpt~qwen3_8b-dj_adpt,4,1,1,768,768,0.752358,1.0429539680480957,cuda
webtable-v2v-v=12-distilroberta-dj_adpt~qwen3_8b-dj_adpt,4,1,2,768,768,0.7625529999999999,1.0429539680480957,cuda
webtable-v2v-v=12-distilroberta-dj_adpt~qwen3_8b-dj_adpt,4,1,3,768,768,0.760502,1.0429539680480957,cuda
webtable-v2v-v=12-distilroberta-dj_adpt~qwen3_8b-dj_adpt,4,1,4,768,768,0.767558,1.0429539680480957,cuda
webtable-v2v-v=12-distilroberta-dj_adpt~qwen3_8b-dj_adpt,4,1,5,768,768,0.7583249999999999,1.0429539680480957,cuda
webtable-v2v-v=12-distilroberta-dj_adpt~qwen3_8b-dj_adpt,4,1,6,768,768,0.763065,1.0429539680480957,cuda
webtable-v2v-v=12-distilroberta-dj_adpt~qwen3_8b-dj_adpt,4,1,7,768,768,0.758909,1.0429539680480957,cuda
webtable-v2v-v=12-distilroberta-dj_adpt~qwen3_8b-dj_adpt,4,1,8,768,768,0.7575339999999999,1.0429539680480957,cuda
webtable-v2v-v=12-distilroberta-dj_adpt~qwen3_8b-dj_adpt,4,1,9,768,768,0.766593,1.0429539680480957,cuda
webtable-v2v-v=12-distilroberta-dj_adpt~qwen3_8b-dj_adpt,4,1,10,768,768,0.7632169999999999,1.0429539680480957,cuda
webtable-v2v-v=12-distilroberta-dj_adpt~qwen3_8b-dj_adpt,5,1,1,768,768,0.748817,1.0429539680480957,cuda
webtable-v2v-v=12-distilroberta-dj_adpt~qwen3_8b-dj_adpt,5,1,2,768,768,0.7765299999999999,1.0429539680480957,cuda
webtable-v2v-v=12-distilroberta-dj_adpt~qwen3_8b-dj_adpt,5,1,3,768,768,0.761165,1.0429539680480957,cuda
webtable-v2v-v=12-distilroberta-dj_adpt~qwen3_8b-dj_adpt,5,1,4,768,768,0.76264,1.0429539680480957,cuda
webtable-v2v-v=12-distilroberta-dj_adpt~qwen3_8b-dj_adpt,5,1,5,768,768,0.7638459999999999,1.0429539680480957,cuda
webtable-v2v-v=12-distilroberta-dj_adpt~qwen3_8b-dj_adpt,5,1,6,768,768,0.762976,1.0429539680480957,cuda
webtable-v2v-v=12-distilroberta-dj_adpt~qwen3_8b-dj_adpt,5,1,7,768,768,0.766216,1.0429539680480957,cuda
webtable-v2v-v=12-distilroberta-dj_adpt~qwen3_8b-dj_adpt,5,1,8,768,768,0.761471,1.0429539680480957,cuda
webtable-v2v-v=12-distilroberta-dj_adpt~qwen3_8b-dj_adpt,5,1,9,768,768,0.763544,1.0429539680480957,cuda
webtable-v2v-v=12-distilroberta-dj_adpt~qwen3_8b-dj_adpt,5,1,10,768,768,0.7595219999999999,1.0429539680480957,cuda
webtable-v2v-v=12-distilroberta-dj_adpt~qwen3_8b-dj_adpt,6,1,1,896,768,0.758339,1.042954444885254,cuda
webtable-v2v-v=12-distilroberta-dj_adpt~qwen3_8b-dj_adpt,6,1,2,896,768,0.7630129999999999,1.042954444885254,cuda
webtable-v2v-v=12-distilroberta-dj_adpt~qwen3_8b-dj_adpt,6,1,3,896,768,0.763774,1.042954444885254,cuda
webtable-v2v-v=12-distilroberta-dj_adpt~qwen3_8b-dj_adpt,6,1,4,896,768,0.789913,1.042954444885254,cuda
webtable-v2v-v=12-distilroberta-dj_adpt~qwen3_8b-dj_adpt,6,1,5,896,768,0.765384,1.042954444885254,cuda
webtable-v2v-v=12-distilroberta-dj_adpt~qwen3_8b-dj_adpt,6,1,6,896,768,0.763713,1.042954444885254,cuda
webtable-v2v-v=12-distilroberta-dj_adpt~qwen3_8b-dj_adpt,6,1,7,896,768,0.759162,1.042954444885254,cuda
webtable-v2v-v=12-distilroberta-dj_adpt~qwen3_8b-dj_adpt,6,1,8,896,768,0.764061,1.042954444885254,cuda
webtable-v2v-v=12-distilroberta-dj_adpt~qwen3_8b-dj_adpt,6,1,9,896,768,0.76837,1.042954444885254,cuda
webtable-v2v-v=12-distilroberta-dj_adpt~qwen3_8b-dj_adpt,6,1,10,896,768,0.7628119999999999,1.042954444885254,cuda
webtable-v2v-v=12-distilroberta-dj_adpt~qwen3_8b-dj_adpt,7,1,1,1024,768,0.7180639999999999,1.042954921722412,cuda
webtable-v2v-v=12-distilroberta-dj_adpt~qwen3_8b-dj_adpt,7,1,2,1024,768,0.736933,1.042954921722412,cuda
webtable-v2v-v=12-distilroberta-dj_adpt~qwen3_8b-dj_adpt,7,1,3,1024,768,0.725065,1.042954921722412,cuda
webtable-v2v-v=12-distilroberta-dj_adpt~qwen3_8b-dj_adpt,7,1,4,1024,768,0.725247,1.042954921722412,cuda
webtable-v2v-v=12-distilroberta-dj_adpt~qwen3_8b-dj_adpt,7,1,5,1024,768,0.727629,1.042954921722412,cuda
webtable-v2v-v=12-distilroberta-dj_adpt~qwen3_8b-dj_adpt,7,1,6,1024,768,0.727569,1.042954921722412,cuda
webtable-v2v-v=12-distilroberta-dj_adpt~qwen3_8b-dj_adpt,7,1,7,1024,768,0.7366929999999999,1.042954921722412,cuda
webtable-v2v-v=12-distilroberta-dj_adpt~qwen3_8b-dj_adpt,7,1,8,1024,768,0.722764,1.042954921722412,cuda
webtable-v2v-v=12-distilroberta-dj_adpt~qwen3_8b-dj_adpt,7,1,9,1024,768,0.7270679999999999,1.042954921722412,cuda
webtable-v2v-v=12-distilroberta-dj_adpt~qwen3_8b-dj_adpt,7,1,10,1024,768,0.726367,1.042954921722412,cuda
webtable-v2v-v=12-distilroberta-dj_adpt~qwen3_8b-dj_adpt,8,1,1,2560,768,0.752649,1.0429606437683105,cuda
webtable-v2v-v=12-distilroberta-dj_adpt~qwen3_8b-dj_adpt,8,1,2,2560,768,0.7386159999999999,1.0429606437683105,cuda
webtable-v2v-v=12-distilroberta-dj_adpt~qwen3_8b-dj_adpt,8,1,3,2560,768,0.744578,1.0429606437683105,cuda
webtable-v2v-v=12-distilroberta-dj_adpt~qwen3_8b-dj_adpt,8,1,4,2560,768,0.7359129999999999,1.0429606437683105,cuda
webtable-v2v-v=12-distilroberta-dj_adpt~qwen3_8b-dj_adpt,8,1,5,2560,768,0.7452059999999999,1.0429606437683105,cuda
webtable-v2v-v=12-distilroberta-dj_adpt~qwen3_8b-dj_adpt,8,1,6,2560,768,0.7411519999999999,1.0429606437683105,cuda
webtable-v2v-v=12-distilroberta-dj_adpt~qwen3_8b-dj_adpt,8,1,7,2560,768,0.7432489999999999,1.0429606437683105,cuda
webtable-v2v-v=12-distilroberta-dj_adpt~qwen3_8b-dj_adpt,8,1,8,2560,768,0.736933,1.0429606437683105,cuda
webtable-v2v-v=12-distilroberta-dj_adpt~qwen3_8b-dj_adpt,8,1,9,2560,768,0.739251,1.0429606437683105,cuda
webtable-v2v-v=12-distilroberta-dj_adpt~qwen3_8b-dj_adpt,8,1,10,2560,768,0.744468,1.0429606437683105,cuda
webtable-v2v-v=12-distilroberta-dj_adpt~qwen3_8b-dj_adpt,9,1,1,3840,768,0.730884,1.0429654121398926,cuda
webtable-v2v-v=12-distilroberta-dj_adpt~qwen3_8b-dj_adpt,9,1,2,3840,768,0.73658,1.0429654121398926,cuda
webtable-v2v-v=12-distilroberta-dj_adpt~qwen3_8b-dj_adpt,9,1,3,3840,768,0.734286,1.0429654121398926,cuda
webtable-v2v-v=12-distilroberta-dj_adpt~qwen3_8b-dj_adpt,9,1,4,3840,768,0.741266,1.0429654121398926,cuda
webtable-v2v-v=12-distilroberta-dj_adpt~qwen3_8b-dj_adpt,9,1,5,3840,768,1.225444,1.0429654121398926,cuda
webtable-v2v-v=12-distilroberta-dj_adpt~qwen3_8b-dj_adpt,9,1,6,3840,768,0.740254,1.0429654121398926,cuda
webtable-v2v-v=12-distilroberta-dj_adpt~qwen3_8b-dj_adpt,9,1,7,3840,768,0.739962,1.0429654121398926,cuda
webtable-v2v-v=12-distilroberta-dj_adpt~qwen3_8b-dj_adpt,9,1,8,3840,768,0.7503029999999999,1.0429654121398926,cuda
webtable-v2v-v=12-distilroberta-dj_adpt~qwen3_8b-dj_adpt,9,1,9,3840,768,0.739907,1.0429654121398926,cuda
webtable-v2v-v=12-distilroberta-dj_adpt~qwen3_8b-dj_adpt,9,1,10,3840,768,0.7358239999999999,1.0429654121398926,cuda
webtable-v2v-v=12-distilroberta-dj_adpt~qwen3_8b-dj_adpt,10,1,1,4096,768,0.739792,1.042966365814209,cuda
webtable-v2v-v=12-distilroberta-dj_adpt~qwen3_8b-dj_adpt,10,1,2,4096,768,0.739069,1.042966365814209,cuda
webtable-v2v-v=12-distilroberta-dj_adpt~qwen3_8b-dj_adpt,10,1,3,4096,768,0.736242,1.042966365814209,cuda
webtable-v2v-v=12-distilroberta-dj_adpt~qwen3_8b-dj_adpt,10,1,4,4096,768,0.732501,1.042966365814209,cuda
webtable-v2v-v=12-distilroberta-dj_adpt~qwen3_8b-dj_adpt,10,1,5,4096,768,0.737888,1.042966365814209,cuda
webtable-v2v-v=12-distilroberta-dj_adpt~qwen3_8b-dj_adpt,10,1,6,4096,768,0.7411249999999999,1.042966365814209,cuda
webtable-v2v-v=12-distilroberta-dj_adpt~qwen3_8b-dj_adpt,10,1,7,4096,768,0.732065,1.042966365814209,cuda
webtable-v2v-v=12-distilroberta-dj_adpt~qwen3_8b-dj_adpt,10,1,8,4096,768,0.73393,1.042966365814209,cuda
webtable-v2v-v=12-distilroberta-dj_adpt~qwen3_8b-dj_adpt,10,1,9,4096,768,0.730138,1.042966365814209,cuda
webtable-v2v-v=12-distilroberta-dj_adpt~qwen3_8b-dj_adpt,10,1,10,4096,768,0.7391249999999999,1.042966365814209,cuda
webtable-v2v-v=12-distilroberta-dj_adpt~qwen3_8b-dj_adpt,11,1,1,4096,768,0.723986,1.042966365814209,cuda
webtable-v2v-v=12-distilroberta-dj_adpt~qwen3_8b-dj_adpt,11,1,2,4096,768,0.7358089999999999,1.042966365814209,cuda
webtable-v2v-v=12-distilroberta-dj_adpt~qwen3_8b-dj_adpt,11,1,3,4096,768,0.7400559999999999,1.042966365814209,cuda
webtable-v2v-v=12-distilroberta-dj_adpt~qwen3_8b-dj_adpt,11,1,4,4096,768,0.735869,1.042966365814209,cuda
webtable-v2v-v=12-distilroberta-dj_adpt~qwen3_8b-dj_adpt,11,1,5,4096,768,0.738916,1.042966365814209,cuda
webtable-v2v-v=12-distilroberta-dj_adpt~qwen3_8b-dj_adpt,11,1,6,4096,768,0.735923,1.042966365814209,cuda
webtable-v2v-v=12-distilroberta-dj_adpt~qwen3_8b-dj_adpt,11,1,7,4096,768,0.735169,1.042966365814209,cuda
webtable-v2v-v=12-distilroberta-dj_adpt~qwen3_8b-dj_adpt,11,1,8,4096,768,0.736351,1.042966365814209,cuda
webtable-v2v-v=12-distilroberta-dj_adpt~qwen3_8b-dj_adpt,11,1,9,4096,768,0.7433029999999999,1.042966365814209,cuda
webtable-v2v-v=12-distilroberta-dj_adpt~qwen3_8b-dj_adpt,11,1,10,4096,768,0.735467,1.042966365814209,cuda
webtable-v2v-v=12-distilroberta-dj_adpt~qwen3_8b-dj_adpt,0,2,1,768,768,0.78016,1.0429720878601074,cuda
webtable-v2v-v=12-distilroberta-dj_adpt~qwen3_8b-dj_adpt,0,2,2,768,768,0.782802,1.0429720878601074,cuda
webtable-v2v-v=12-distilroberta-dj_adpt~qwen3_8b-dj_adpt,0,2,3,768,768,0.76821,1.0429720878601074,cuda
webtable-v2v-v=12-distilroberta-dj_adpt~qwen3_8b-dj_adpt,0,2,4,768,768,0.769185,1.0429720878601074,cuda
webtable-v2v-v=12-distilroberta-dj_adpt~qwen3_8b-dj_adpt,0,2,5,768,768,0.763022,1.0429720878601074,cuda
webtable-v2v-v=12-distilroberta-dj_adpt~qwen3_8b-dj_adpt,0,2,6,768,768,0.766359,1.0429720878601074,cuda
webtable-v2v-v=12-distilroberta-dj_adpt~qwen3_8b-dj_adpt,0,2,7,768,768,0.7815209999999999,1.0429720878601074,cuda
webtable-v2v-v=12-distilroberta-dj_adpt~qwen3_8b-dj_adpt,0,2,8,768,768,0.765919,1.0429720878601074,cuda
webtable-v2v-v=12-distilroberta-dj_adpt~qwen3_8b-dj_adpt,0,2,9,768,768,0.761581,1.0429720878601074,cuda
webtable-v2v-v=12-distilroberta-dj_adpt~qwen3_8b-dj_adpt,0,2,10,768,768,0.763153,1.0429720878601074,cuda
webtable-v2v-v=12-distilroberta-dj_adpt~qwen3_8b-dj_adpt,1,2,1,384,768,0.7497389999999999,1.0429692268371582,cuda
webtable-v2v-v=12-distilroberta-dj_adpt~qwen3_8b-dj_adpt,1,2,2,384,768,0.760892,1.0429692268371582,cuda
webtable-v2v-v=12-distilroberta-dj_adpt~qwen3_8b-dj_adpt,1,2,3,384,768,0.7627349999999999,1.0429692268371582,cuda
webtable-v2v-v=12-distilroberta-dj_adpt~qwen3_8b-dj_adpt,1,2,4,384,768,0.768519,1.0429692268371582,cuda
webtable-v2v-v=12-distilroberta-dj_adpt~qwen3_8b-dj_adpt,1,2,5,384,768,0.766868,1.0429692268371582,cuda
webtable-v2v-v=12-distilroberta-dj_adpt~qwen3_8b-dj_adpt,1,2,6,384,768,0.763886,1.0429692268371582,cuda
webtable-v2v-v=12-distilroberta-dj_adpt~qwen3_8b-dj_adpt,1,2,7,384,768,0.759327,1.0429692268371582,cuda
webtable-v2v-v=12-distilroberta-dj_adpt~qwen3_8b-dj_adpt,1,2,8,384,768,0.760621,1.0429692268371582,cuda
webtable-v2v-v=12-distilroberta-dj_adpt~qwen3_8b-dj_adpt,1,2,9,384,768,0.770386,1.0429692268371582,cuda
webtable-v2v-v=12-distilroberta-dj_adpt~qwen3_8b-dj_adpt,1,2,10,384,768,0.762452,1.0429692268371582,cuda
webtable-v2v-v=12-distilroberta-dj_adpt~qwen3_8b-dj_adpt,2,2,1,384,768,0.749087,1.0429692268371582,cuda
webtable-v2v-v=12-distilroberta-dj_adpt~qwen3_8b-dj_adpt,2,2,2,384,768,0.761138,1.0429692268371582,cuda
webtable-v2v-v=12-distilroberta-dj_adpt~qwen3_8b-dj_adpt,2,2,3,384,768,0.772365,1.0429692268371582,cuda
webtable-v2v-v=12-distilroberta-dj_adpt~qwen3_8b-dj_adpt,2,2,4,384,768,0.763593,1.0429692268371582,cuda
webtable-v2v-v=12-distilroberta-dj_adpt~qwen3_8b-dj_adpt,2,2,5,384,768,0.761859,1.0429692268371582,cuda
webtable-v2v-v=12-distilroberta-dj_adpt~qwen3_8b-dj_adpt,2,2,6,384,768,0.761008,1.0429692268371582,cuda
webtable-v2v-v=12-distilroberta-dj_adpt~qwen3_8b-dj_adpt,2,2,7,384,768,0.7677579999999999,1.0429692268371582,cuda
webtable-v2v-v=12-distilroberta-dj_adpt~qwen3_8b-dj_adpt,2,2,8,384,768,0.760976,1.0429692268371582,cuda
webtable-v2v-v=12-distilroberta-dj_adpt~qwen3_8b-dj_adpt,2,2,9,384,768,0.757172,1.0429692268371582,cuda
webtable-v2v-v=12-distilroberta-dj_adpt~qwen3_8b-dj_adpt,2,2,10,384,768,0.7555459999999999,1.0429692268371582,cuda
webtable-v2v-v=12-distilroberta-dj_adpt~qwen3_8b-dj_adpt,3,2,1,768,768,0.760249,1.0429720878601074,cuda
webtable-v2v-v=12-distilroberta-dj_adpt~qwen3_8b-dj_adpt,3,2,2,768,768,0.758083,1.0429720878601074,cuda
webtable-v2v-v=12-distilroberta-dj_adpt~qwen3_8b-dj_adpt,3,2,3,768,768,0.759462,1.0429720878601074,cuda
webtable-v2v-v=12-distilroberta-dj_adpt~qwen3_8b-dj_adpt,3,2,4,768,768,0.7623169999999999,1.0429720878601074,cuda
webtable-v2v-v=12-distilroberta-dj_adpt~qwen3_8b-dj_adpt,3,2,5,768,768,0.7684909999999999,1.0429720878601074,cuda
webtable-v2v-v=12-distilroberta-dj_adpt~qwen3_8b-dj_adpt,3,2,6,768,768,0.7615259999999999,1.0429720878601074,cuda
webtable-v2v-v=12-distilroberta-dj_adpt~qwen3_8b-dj_adpt,3,2,7,768,768,0.7620399999999999,1.0429720878601074,cuda
webtable-v2v-v=12-distilroberta-dj_adpt~qwen3_8b-dj_adpt,3,2,8,768,768,0.7812129999999999,1.0429720878601074,cuda
webtable-v2v-v=12-distilroberta-dj_adpt~qwen3_8b-dj_adpt,3,2,9,768,768,0.777229,1.0429720878601074,cuda
webtable-v2v-v=12-distilroberta-dj_adpt~qwen3_8b-dj_adpt,3,2,10,768,768,0.763535,1.0429720878601074,cuda
webtable-v2v-v=12-distilroberta-dj_adpt~qwen3_8b-dj_adpt,4,2,1,768,768,0.7434339999999999,1.0429720878601074,cuda
webtable-v2v-v=12-distilroberta-dj_adpt~qwen3_8b-dj_adpt,4,2,2,768,768,0.758188,1.0429720878601074,cuda
webtable-v2v-v=12-distilroberta-dj_adpt~qwen3_8b-dj_adpt,4,2,3,768,768,0.769265,1.0429720878601074,cuda
webtable-v2v-v=12-distilroberta-dj_adpt~qwen3_8b-dj_adpt,4,2,4,768,768,0.759751,1.0429720878601074,cuda
webtable-v2v-v=12-distilroberta-dj_adpt~qwen3_8b-dj_adpt,4,2,5,768,768,0.756444,1.0429720878601074,cuda
webtable-v2v-v=12-distilroberta-dj_adpt~qwen3_8b-dj_adpt,4,2,6,768,768,0.758423,1.0429720878601074,cuda
webtable-v2v-v=12-distilroberta-dj_adpt~qwen3_8b-dj_adpt,4,2,7,768,768,0.766797,1.0429720878601074,cuda
webtable-v2v-v=12-distilroberta-dj_adpt~qwen3_8b-dj_adpt,4,2,8,768,768,0.7591629999999999,1.0429720878601074,cuda
webtable-v2v-v=12-distilroberta-dj_adpt~qwen3_8b-dj_adpt,4,2,9,768,768,0.760531,1.0429720878601074,cuda
webtable-v2v-v=12-distilroberta-dj_adpt~qwen3_8b-dj_adpt,4,2,10,768,768,0.759054,1.0429720878601074,cuda
webtable-v2v-v=12-distilroberta-dj_adpt~qwen3_8b-dj_adpt,5,2,1,768,768,0.756011,1.0429720878601074,cuda
webtable-v2v-v=12-distilroberta-dj_adpt~qwen3_8b-dj_adpt,5,2,2,768,768,0.757647,1.0429720878601074,cuda
webtable-v2v-v=12-distilroberta-dj_adpt~qwen3_8b-dj_adpt,5,2,3,768,768,0.7614099999999999,1.0429720878601074,cuda
webtable-v2v-v=12-distilroberta-dj_adpt~qwen3_8b-dj_adpt,5,2,4,768,768,0.760195,1.0429720878601074,cuda
webtable-v2v-v=12-distilroberta-dj_adpt~qwen3_8b-dj_adpt,5,2,5,768,768,0.759371,1.0429720878601074,cuda
webtable-v2v-v=12-distilroberta-dj_adpt~qwen3_8b-dj_adpt,5,2,6,768,768,0.759142,1.0429720878601074,cuda
webtable-v2v-v=12-distilroberta-dj_adpt~qwen3_8b-dj_adpt,5,2,7,768,768,0.75886,1.0429720878601074,cuda
webtable-v2v-v=12-distilroberta-dj_adpt~qwen3_8b-dj_adpt,5,2,8,768,768,0.760909,1.0429720878601074,cuda
webtable-v2v-v=12-distilroberta-dj_adpt~qwen3_8b-dj_adpt,5,2,9,768,768,0.7602129999999999,1.0429720878601074,cuda
webtable-v2v-v=12-distilroberta-dj_adpt~qwen3_8b-dj_adpt,5,2,10,768,768,0.7677419999999999,1.0429720878601074,cuda
webtable-v2v-v=12-distilroberta-dj_adpt~qwen3_8b-dj_adpt,6,2,1,896,768,0.755639,1.0429730415344238,cuda
webtable-v2v-v=12-distilroberta-dj_adpt~qwen3_8b-dj_adpt,6,2,2,896,768,0.763176,1.0429730415344238,cuda
webtable-v2v-v=12-distilroberta-dj_adpt~qwen3_8b-dj_adpt,6,2,3,896,768,0.761462,1.0429730415344238,cuda
webtable-v2v-v=12-distilroberta-dj_adpt~qwen3_8b-dj_adpt,6,2,4,896,768,0.7672629999999999,1.0429730415344238,cuda
webtable-v2v-v=12-distilroberta-dj_adpt~qwen3_8b-dj_adpt,6,2,5,896,768,0.764114,1.0429730415344238,cuda
webtable-v2v-v=12-distilroberta-dj_adpt~qwen3_8b-dj_adpt,6,2,6,896,768,0.7626459999999999,1.0429730415344238,cuda
webtable-v2v-v=12-distilroberta-dj_adpt~qwen3_8b-dj_adpt,6,2,7,896,768,0.760869,1.0429730415344238,cuda
webtable-v2v-v=12-distilroberta-dj_adpt~qwen3_8b-dj_adpt,6,2,8,896,768,0.765891,1.0429730415344238,cuda
webtable-v2v-v=12-distilroberta-dj_adpt~qwen3_8b-dj_adpt,6,2,9,896,768,0.760145,1.0429730415344238,cuda
webtable-v2v-v=12-distilroberta-dj_adpt~qwen3_8b-dj_adpt,6,2,10,896,768,0.78587,1.0429730415344238,cuda
webtable-v2v-v=12-distilroberta-dj_adpt~qwen3_8b-dj_adpt,7,2,1,1024,768,0.7277,1.0429739952087402,cuda
webtable-v2v-v=12-distilroberta-dj_adpt~qwen3_8b-dj_adpt,7,2,2,1024,768,0.727221,1.0429739952087402,cuda
webtable-v2v-v=12-distilroberta-dj_adpt~qwen3_8b-dj_adpt,7,2,3,1024,768,0.724011,1.0429739952087402,cuda
webtable-v2v-v=12-distilroberta-dj_adpt~qwen3_8b-dj_adpt,7,2,4,1024,768,0.724101,1.0429739952087402,cuda
webtable-v2v-v=12-distilroberta-dj_adpt~qwen3_8b-dj_adpt,7,2,5,1024,768,0.7240749999999999,1.0429739952087402,cuda
webtable-v2v-v=12-distilroberta-dj_adpt~qwen3_8b-dj_adpt,7,2,6,1024,768,0.7319089999999999,1.0429739952087402,cuda
webtable-v2v-v=12-distilroberta-dj_adpt~qwen3_8b-dj_adpt,7,2,7,1024,768,0.72646,1.0429739952087402,cuda
webtable-v2v-v=12-distilroberta-dj_adpt~qwen3_8b-dj_adpt,7,2,8,1024,768,0.7230479999999999,1.0429739952087402,cuda
webtable-v2v-v=12-distilroberta-dj_adpt~qwen3_8b-dj_adpt,7,2,9,1024,768,0.7222259999999999,1.0429739952087402,cuda
webtable-v2v-v=12-distilroberta-dj_adpt~qwen3_8b-dj_adpt,7,2,10,1024,768,0.723409,1.0429739952087402,cuda
webtable-v2v-v=12-distilroberta-dj_adpt~qwen3_8b-dj_adpt,8,2,1,2560,768,0.747643,1.042985439300537,cuda
webtable-v2v-v=12-distilroberta-dj_adpt~qwen3_8b-dj_adpt,8,2,2,2560,768,0.74025,1.042985439300537,cuda
webtable-v2v-v=12-distilroberta-dj_adpt~qwen3_8b-dj_adpt,8,2,3,2560,768,0.7432289999999999,1.042985439300537,cuda
webtable-v2v-v=12-distilroberta-dj_adpt~qwen3_8b-dj_adpt,8,2,4,2560,768,0.751402,1.042985439300537,cuda
webtable-v2v-v=12-distilroberta-dj_adpt~qwen3_8b-dj_adpt,8,2,5,2560,768,0.7395349999999999,1.042985439300537,cuda
webtable-v2v-v=12-distilroberta-dj_adpt~qwen3_8b-dj_adpt,8,2,6,2560,768,0.739916,1.042985439300537,cuda
webtable-v2v-v=12-distilroberta-dj_adpt~qwen3_8b-dj_adpt,8,2,7,2560,768,0.740425,1.042985439300537,cuda
webtable-v2v-v=12-distilroberta-dj_adpt~qwen3_8b-dj_adpt,8,2,8,2560,768,0.73691,1.042985439300537,cuda
webtable-v2v-v=12-distilroberta-dj_adpt~qwen3_8b-dj_adpt,8,2,9,2560,768,0.749161,1.042985439300537,cuda
webtable-v2v-v=12-distilroberta-dj_adpt~qwen3_8b-dj_adpt,8,2,10,2560,768,0.738815,1.042985439300537,cuda
webtable-v2v-v=12-distilroberta-dj_adpt~qwen3_8b-dj_adpt,9,2,1,3840,768,0.7481059999999999,1.0429949760437012,cuda
webtable-v2v-v=12-distilroberta-dj_adpt~qwen3_8b-dj_adpt,9,2,2,3840,768,0.7409509999999999,1.0429949760437012,cuda
webtable-v2v-v=12-distilroberta-dj_adpt~qwen3_8b-dj_adpt,9,2,3,3840,768,0.743769,1.0429949760437012,cuda
webtable-v2v-v=12-distilroberta-dj_adpt~qwen3_8b-dj_adpt,9,2,4,3840,768,0.7382799999999999,1.0429949760437012,cuda
webtable-v2v-v=12-distilroberta-dj_adpt~qwen3_8b-dj_adpt,9,2,5,3840,768,0.7376769999999999,1.0429949760437012,cuda
webtable-v2v-v=12-distilroberta-dj_adpt~qwen3_8b-dj_adpt,9,2,6,3840,768,0.740162,1.0429949760437012,cuda
webtable-v2v-v=12-distilroberta-dj_adpt~qwen3_8b-dj_adpt,9,2,7,3840,768,0.7509929999999999,1.0429949760437012,cuda
webtable-v2v-v=12-distilroberta-dj_adpt~qwen3_8b-dj_adpt,9,2,8,3840,768,0.741943,1.0429949760437012,cuda
webtable-v2v-v=12-distilroberta-dj_adpt~qwen3_8b-dj_adpt,9,2,9,3840,768,0.7440289999999999,1.0429949760437012,cuda
webtable-v2v-v=12-distilroberta-dj_adpt~qwen3_8b-dj_adpt,9,2,10,3840,768,0.737858,1.0429949760437012,cuda
webtable-v2v-v=12-distilroberta-dj_adpt~qwen3_8b-dj_adpt,10,2,1,4096,768,0.748425,1.042996883392334,cuda
webtable-v2v-v=12-distilroberta-dj_adpt~qwen3_8b-dj_adpt,10,2,2,4096,768,0.746327,1.042996883392334,cuda
webtable-v2v-v=12-distilroberta-dj_adpt~qwen3_8b-dj_adpt,10,2,3,4096,768,0.748599,1.042996883392334,cuda
webtable-v2v-v=12-distilroberta-dj_adpt~qwen3_8b-dj_adpt,10,2,4,4096,768,0.743719,1.042996883392334,cuda
webtable-v2v-v=12-distilroberta-dj_adpt~qwen3_8b-dj_adpt,10,2,5,4096,768,0.75217,1.042996883392334,cuda
webtable-v2v-v=12-distilroberta-dj_adpt~qwen3_8b-dj_adpt,10,2,6,4096,768,0.739018,1.042996883392334,cuda
webtable-v2v-v=12-distilroberta-dj_adpt~qwen3_8b-dj_adpt,10,2,7,4096,768,0.738522,1.042996883392334,cuda
webtable-v2v-v=12-distilroberta-dj_adpt~qwen3_8b-dj_adpt,10,2,8,4096,768,0.737613,1.042996883392334,cuda
webtable-v2v-v=12-distilroberta-dj_adpt~qwen3_8b-dj_adpt,10,2,9,4096,768,0.737339,1.042996883392334,cuda
webtable-v2v-v=12-distilroberta-dj_adpt~qwen3_8b-dj_adpt,10,2,10,4096,768,0.741857,1.042996883392334,cuda
webtable-v2v-v=12-distilroberta-dj_adpt~qwen3_8b-dj_adpt,11,2,1,4096,768,0.726681,1.042996883392334,cuda
webtable-v2v-v=12-distilroberta-dj_adpt~qwen3_8b-dj_adpt,11,2,2,4096,768,0.7391679999999999,1.042996883392334,cuda
webtable-v2v-v=12-distilroberta-dj_adpt~qwen3_8b-dj_adpt,11,2,3,4096,768,0.746301,1.042996883392334,cuda
webtable-v2v-v=12-distilroberta-dj_adpt~qwen3_8b-dj_adpt,11,2,4,4096,768,0.740418,1.042996883392334,cuda
webtable-v2v-v=12-distilroberta-dj_adpt~qwen3_8b-dj_adpt,11,2,5,4096,768,0.737128,1.042996883392334,cuda
webtable-v2v-v=12-distilroberta-dj_adpt~qwen3_8b-dj_adpt,11,2,6,4096,768,0.7386269999999999,1.042996883392334,cuda
webtable-v2v-v=12-distilroberta-dj_adpt~qwen3_8b-dj_adpt,11,2,7,4096,768,0.734409,1.042996883392334,cuda
webtable-v2v-v=12-distilroberta-dj_adpt~qwen3_8b-dj_adpt,11,2,8,4096,768,0.750043,1.042996883392334,cuda
webtable-v2v-v=12-distilroberta-dj_adpt~qwen3_8b-dj_adpt,11,2,9,4096,768,0.735255,1.042996883392334,cuda
webtable-v2v-v=12-distilroberta-dj_adpt~qwen3_8b-dj_adpt,11,2,10,4096,768,0.738548,1.042996883392334,cuda
webtable-v2v-v=12-distilroberta-dj_adpt~qwen3_8b-dj_adpt,0,4,1,768,768,0.829603,1.0430083274841309,cuda
webtable-v2v-v=12-distilroberta-dj_adpt~qwen3_8b-dj_adpt,0,4,2,768,768,0.8169959999999999,1.0430083274841309,cuda
webtable-v2v-v=12-distilroberta-dj_adpt~qwen3_8b-dj_adpt,0,4,3,768,768,0.810128,1.0430083274841309,cuda
webtable-v2v-v=12-distilroberta-dj_adpt~qwen3_8b-dj_adpt,0,4,4,768,768,0.8123819999999999,1.0430083274841309,cuda
webtable-v2v-v=12-distilroberta-dj_adpt~qwen3_8b-dj_adpt,0,4,5,768,768,0.815376,1.0430083274841309,cuda
webtable-v2v-v=12-distilroberta-dj_adpt~qwen3_8b-dj_adpt,0,4,6,768,768,0.806651,1.0430083274841309,cuda
webtable-v2v-v=12-distilroberta-dj_adpt~qwen3_8b-dj_adpt,0,4,7,768,768,0.813966,1.0430083274841309,cuda
webtable-v2v-v=12-distilroberta-dj_adpt~qwen3_8b-dj_adpt,0,4,8,768,768,0.8094389999999999,1.0430083274841309,cuda
webtable-v2v-v=12-distilroberta-dj_adpt~qwen3_8b-dj_adpt,0,4,9,768,768,0.806824,1.0430083274841309,cuda
webtable-v2v-v=12-distilroberta-dj_adpt~qwen3_8b-dj_adpt,0,4,10,768,768,0.8094,1.0430083274841309,cuda
webtable-v2v-v=12-distilroberta-dj_adpt~qwen3_8b-dj_adpt,1,4,1,384,768,0.797912,1.0430026054382324,cuda
webtable-v2v-v=12-distilroberta-dj_adpt~qwen3_8b-dj_adpt,1,4,2,384,768,0.809184,1.0430026054382324,cuda
webtable-v2v-v=12-distilroberta-dj_adpt~qwen3_8b-dj_adpt,1,4,3,384,768,0.846166,1.0430026054382324,cuda
webtable-v2v-v=12-distilroberta-dj_adpt~qwen3_8b-dj_adpt,1,4,4,384,768,0.815739,1.0430026054382324,cuda
webtable-v2v-v=12-distilroberta-dj_adpt~qwen3_8b-dj_adpt,1,4,5,384,768,0.81068,1.0430026054382324,cuda
webtable-v2v-v=12-distilroberta-dj_adpt~qwen3_8b-dj_adpt,1,4,6,384,768,0.810626,1.0430026054382324,cuda
webtable-v2v-v=12-distilroberta-dj_adpt~qwen3_8b-dj_adpt,1,4,7,384,768,0.81482,1.0430026054382324,cuda
webtable-v2v-v=12-distilroberta-dj_adpt~qwen3_8b-dj_adpt,1,4,8,384,768,0.8064779999999999,1.0430026054382324,cuda
webtable-v2v-v=12-distilroberta-dj_adpt~qwen3_8b-dj_adpt,1,4,9,384,768,0.8040769999999999,1.0430026054382324,cuda
webtable-v2v-v=12-distilroberta-dj_adpt~qwen3_8b-dj_adpt,1,4,10,384,768,0.8063819999999999,1.0430026054382324,cuda
webtable-v2v-v=12-distilroberta-dj_adpt~qwen3_8b-dj_adpt,2,4,1,384,768,0.793466,1.0430026054382324,cuda
webtable-v2v-v=12-distilroberta-dj_adpt~qwen3_8b-dj_adpt,2,4,2,384,768,0.804048,1.0430026054382324,cuda
webtable-v2v-v=12-distilroberta-dj_adpt~qwen3_8b-dj_adpt,2,4,3,384,768,0.80289,1.0430026054382324,cuda
webtable-v2v-v=12-distilroberta-dj_adpt~qwen3_8b-dj_adpt,2,4,4,384,768,0.8161809999999999,1.0430026054382324,cuda
webtable-v2v-v=12-distilroberta-dj_adpt~qwen3_8b-dj_adpt,2,4,5,384,768,0.8090799999999999,1.0430026054382324,cuda
webtable-v2v-v=12-distilroberta-dj_adpt~qwen3_8b-dj_adpt,2,4,6,384,768,0.8038259999999999,1.0430026054382324,cuda
webtable-v2v-v=12-distilroberta-dj_adpt~qwen3_8b-dj_adpt,2,4,7,384,768,0.805121,1.0430026054382324,cuda
webtable-v2v-v=12-distilroberta-dj_adpt~qwen3_8b-dj_adpt,2,4,8,384,768,0.806458,1.0430026054382324,cuda
webtable-v2v-v=12-distilroberta-dj_adpt~qwen3_8b-dj_adpt,2,4,9,384,768,0.813749,1.0430026054382324,cuda
webtable-v2v-v=12-distilroberta-dj_adpt~qwen3_8b-dj_adpt,2,4,10,384,768,0.805298,1.0430026054382324,cuda
webtable-v2v-v=12-distilroberta-dj_adpt~qwen3_8b-dj_adpt,3,4,1,768,768,0.8049839999999999,1.0430083274841309,cuda
webtable-v2v-v=12-distilroberta-dj_adpt~qwen3_8b-dj_adpt,3,4,2,768,768,0.8179799999999999,1.0430083274841309,cuda
webtable-v2v-v=12-distilroberta-dj_adpt~qwen3_8b-dj_adpt,3,4,3,768,768,0.808048,1.0430083274841309,cuda
webtable-v2v-v=12-distilroberta-dj_adpt~qwen3_8b-dj_adpt,3,4,4,768,768,0.8062429999999999,1.0430083274841309,cuda
webtable-v2v-v=12-distilroberta-dj_adpt~qwen3_8b-dj_adpt,3,4,5,768,768,0.8057139999999999,1.0430083274841309,cuda
webtable-v2v-v=12-distilroberta-dj_adpt~qwen3_8b-dj_adpt,3,4,6,768,768,0.817526,1.0430083274841309,cuda
webtable-v2v-v=12-distilroberta-dj_adpt~qwen3_8b-dj_adpt,3,4,7,768,768,0.808082,1.0430083274841309,cuda
webtable-v2v-v=12-distilroberta-dj_adpt~qwen3_8b-dj_adpt,3,4,8,768,768,0.8092509999999999,1.0430083274841309,cuda
webtable-v2v-v=12-distilroberta-dj_adpt~qwen3_8b-dj_adpt,3,4,9,768,768,0.805735,1.0430083274841309,cuda
webtable-v2v-v=12-distilroberta-dj_adpt~qwen3_8b-dj_adpt,3,4,10,768,768,0.8098219999999999,1.0430083274841309,cuda
webtable-v2v-v=12-distilroberta-dj_adpt~qwen3_8b-dj_adpt,4,4,1,768,768,0.793908,1.0430083274841309,cuda
webtable-v2v-v=12-distilroberta-dj_adpt~qwen3_8b-dj_adpt,4,4,2,768,768,0.8074979999999999,1.0430083274841309,cuda
webtable-v2v-v=12-distilroberta-dj_adpt~qwen3_8b-dj_adpt,4,4,3,768,768,0.8053119999999999,1.0430083274841309,cuda
webtable-v2v-v=12-distilroberta-dj_adpt~qwen3_8b-dj_adpt,4,4,4,768,768,0.839092,1.0430083274841309,cuda
webtable-v2v-v=12-distilroberta-dj_adpt~qwen3_8b-dj_adpt,4,4,5,768,768,0.815095,1.0430083274841309,cuda
webtable-v2v-v=12-distilroberta-dj_adpt~qwen3_8b-dj_adpt,4,4,6,768,768,0.808089,1.0430083274841309,cuda
webtable-v2v-v=12-distilroberta-dj_adpt~qwen3_8b-dj_adpt,4,4,7,768,768,0.808395,1.0430083274841309,cuda
webtable-v2v-v=12-distilroberta-dj_adpt~qwen3_8b-dj_adpt,4,4,8,768,768,0.8155819999999999,1.0430083274841309,cuda
webtable-v2v-v=12-distilroberta-dj_adpt~qwen3_8b-dj_adpt,4,4,9,768,768,0.8046439999999999,1.0430083274841309,cuda
webtable-v2v-v=12-distilroberta-dj_adpt~qwen3_8b-dj_adpt,4,4,10,768,768,0.801719,1.0430083274841309,cuda
webtable-v2v-v=12-distilroberta-dj_adpt~qwen3_8b-dj_adpt,5,4,1,768,768,0.803099,1.0430083274841309,cuda
webtable-v2v-v=12-distilroberta-dj_adpt~qwen3_8b-dj_adpt,5,4,2,768,768,0.8062619999999999,1.0430083274841309,cuda
webtable-v2v-v=12-distilroberta-dj_adpt~qwen3_8b-dj_adpt,5,4,3,768,768,0.8061649999999999,1.0430083274841309,cuda
webtable-v2v-v=12-distilroberta-dj_adpt~qwen3_8b-dj_adpt,5,4,4,768,768,0.808719,1.0430083274841309,cuda
webtable-v2v-v=12-distilroberta-dj_adpt~qwen3_8b-dj_adpt,5,4,5,768,768,0.8116639999999999,1.0430083274841309,cuda
webtable-v2v-v=12-distilroberta-dj_adpt~qwen3_8b-dj_adpt,5,4,6,768,768,0.808272,1.0430083274841309,cuda
webtable-v2v-v=12-distilroberta-dj_adpt~qwen3_8b-dj_adpt,5,4,7,768,768,0.807812,1.0430083274841309,cuda
webtable-v2v-v=12-distilroberta-dj_adpt~qwen3_8b-dj_adpt,5,4,8,768,768,0.8035589999999999,1.0430083274841309,cuda
webtable-v2v-v=12-distilroberta-dj_adpt~qwen3_8b-dj_adpt,5,4,9,768,768,0.8038719999999999,1.0430083274841309,cuda
webtable-v2v-v=12-distilroberta-dj_adpt~qwen3_8b-dj_adpt,5,4,10,768,768,0.8177249999999999,1.0430083274841309,cuda
webtable-v2v-v=12-distilroberta-dj_adpt~qwen3_8b-dj_adpt,6,4,1,896,768,0.8037139999999999,1.0430102348327637,cuda
webtable-v2v-v=12-distilroberta-dj_adpt~qwen3_8b-dj_adpt,6,4,2,896,768,0.80723,1.0430102348327637,cuda
webtable-v2v-v=12-distilroberta-dj_adpt~qwen3_8b-dj_adpt,6,4,3,896,768,0.815808,1.0430102348327637,cuda
webtable-v2v-v=12-distilroberta-dj_adpt~qwen3_8b-dj_adpt,6,4,4,896,768,0.811071,1.0430102348327637,cuda
webtable-v2v-v=12-distilroberta-dj_adpt~qwen3_8b-dj_adpt,6,4,5,896,768,0.80865,1.0430102348327637,cuda
webtable-v2v-v=12-distilroberta-dj_adpt~qwen3_8b-dj_adpt,6,4,6,896,768,0.810086,1.0430102348327637,cuda
webtable-v2v-v=12-distilroberta-dj_adpt~qwen3_8b-dj_adpt,6,4,7,896,768,0.8162959999999999,1.0430102348327637,cuda
webtable-v2v-v=12-distilroberta-dj_adpt~qwen3_8b-dj_adpt,6,4,8,896,768,0.808095,1.0430102348327637,cuda
webtable-v2v-v=12-distilroberta-dj_adpt~qwen3_8b-dj_adpt,6,4,9,896,768,0.8073699999999999,1.0430102348327637,cuda
webtable-v2v-v=12-distilroberta-dj_adpt~qwen3_8b-dj_adpt,6,4,10,896,768,0.8095589999999999,1.0430102348327637,cuda
webtable-v2v-v=12-distilroberta-dj_adpt~qwen3_8b-dj_adpt,7,4,1,1024,768,0.77511,1.0430121421813965,cuda
webtable-v2v-v=12-distilroberta-dj_adpt~qwen3_8b-dj_adpt,7,4,2,1024,768,0.7773329999999999,1.0430121421813965,cuda
webtable-v2v-v=12-distilroberta-dj_adpt~qwen3_8b-dj_adpt,7,4,3,1024,768,0.771722,1.0430121421813965,cuda
webtable-v2v-v=12-distilroberta-dj_adpt~qwen3_8b-dj_adpt,7,4,4,1024,768,0.772816,1.0430121421813965,cuda
webtable-v2v-v=12-distilroberta-dj_adpt~qwen3_8b-dj_adpt,7,4,5,1024,768,1.312459,1.0430121421813965,cuda
webtable-v2v-v=12-distilroberta-dj_adpt~qwen3_8b-dj_adpt,7,4,6,1024,768,0.779874,1.0430121421813965,cuda
webtable-v2v-v=12-distilroberta-dj_adpt~qwen3_8b-dj_adpt,7,4,7,1024,768,0.7745259999999999,1.0430121421813965,cuda
webtable-v2v-v=12-distilroberta-dj_adpt~qwen3_8b-dj_adpt,7,4,8,1024,768,0.769057,1.0430121421813965,cuda
webtable-v2v-v=12-distilroberta-dj_adpt~qwen3_8b-dj_adpt,7,4,9,1024,768,0.7823629999999999,1.0430121421813965,cuda
webtable-v2v-v=12-distilroberta-dj_adpt~qwen3_8b-dj_adpt,7,4,10,1024,768,0.7734449999999999,1.0430121421813965,cuda
webtable-v2v-v=12-distilroberta-dj_adpt~qwen3_8b-dj_adpt,8,4,1,2560,768,0.7895169999999999,1.0430350303649902,cuda
webtable-v2v-v=12-distilroberta-dj_adpt~qwen3_8b-dj_adpt,8,4,2,2560,768,0.788831,1.0430350303649902,cuda
webtable-v2v-v=12-distilroberta-dj_adpt~qwen3_8b-dj_adpt,8,4,3,2560,768,0.792473,1.0430350303649902,cuda
webtable-v2v-v=12-distilroberta-dj_adpt~qwen3_8b-dj_adpt,8,4,4,2560,768,0.790654,1.0430350303649902,cuda
webtable-v2v-v=12-distilroberta-dj_adpt~qwen3_8b-dj_adpt,8,4,5,2560,768,0.784115,1.0430350303649902,cuda
webtable-v2v-v=12-distilroberta-dj_adpt~qwen3_8b-dj_adpt,8,4,6,2560,768,0.7875249999999999,1.0430350303649902,cuda
webtable-v2v-v=12-distilroberta-dj_adpt~qwen3_8b-dj_adpt,8,4,7,2560,768,0.795705,1.0430350303649902,cuda
webtable-v2v-v=12-distilroberta-dj_adpt~qwen3_8b-dj_adpt,8,4,8,2560,768,0.784253,1.0430350303649902,cuda
webtable-v2v-v=12-distilroberta-dj_adpt~qwen3_8b-dj_adpt,8,4,9,2560,768,0.7817449999999999,1.0430350303649902,cuda
webtable-v2v-v=12-distilroberta-dj_adpt~qwen3_8b-dj_adpt,8,4,10,2560,768,0.7835829999999999,1.0430350303649902,cuda
webtable-v2v-v=12-distilroberta-dj_adpt~qwen3_8b-dj_adpt,9,4,1,3840,768,0.785638,1.0430541038513184,cuda
webtable-v2v-v=12-distilroberta-dj_adpt~qwen3_8b-dj_adpt,9,4,2,3840,768,0.788978,1.0430541038513184,cuda
webtable-v2v-v=12-distilroberta-dj_adpt~qwen3_8b-dj_adpt,9,4,3,3840,768,0.787453,1.0430541038513184,cuda
webtable-v2v-v=12-distilroberta-dj_adpt~qwen3_8b-dj_adpt,9,4,4,3840,768,0.7922359999999999,1.0430541038513184,cuda
webtable-v2v-v=12-distilroberta-dj_adpt~qwen3_8b-dj_adpt,9,4,5,3840,768,0.7969299999999999,1.0430541038513184,cuda
webtable-v2v-v=12-distilroberta-dj_adpt~qwen3_8b-dj_adpt,9,4,6,3840,768,0.784395,1.0430541038513184,cuda
webtable-v2v-v=12-distilroberta-dj_adpt~qwen3_8b-dj_adpt,9,4,7,3840,768,0.787862,1.0430541038513184,cuda
webtable-v2v-v=12-distilroberta-dj_adpt~qwen3_8b-dj_adpt,9,4,8,3840,768,0.7856639999999999,1.0430541038513184,cuda
webtable-v2v-v=12-distilroberta-dj_adpt~qwen3_8b-dj_adpt,9,4,9,3840,768,0.8028219999999999,1.0430541038513184,cuda
webtable-v2v-v=12-distilroberta-dj_adpt~qwen3_8b-dj_adpt,9,4,10,3840,768,0.786555,1.0430541038513184,cuda
webtable-v2v-v=12-distilroberta-dj_adpt~qwen3_8b-dj_adpt,10,4,1,4096,768,0.785725,1.043057918548584,cuda
webtable-v2v-v=12-distilroberta-dj_adpt~qwen3_8b-dj_adpt,10,4,2,4096,768,0.7865749999999999,1.043057918548584,cuda
webtable-v2v-v=12-distilroberta-dj_adpt~qwen3_8b-dj_adpt,10,4,3,4096,768,0.789419,1.043057918548584,cuda
webtable-v2v-v=12-distilroberta-dj_adpt~qwen3_8b-dj_adpt,10,4,4,4096,768,0.784825,1.043057918548584,cuda
webtable-v2v-v=12-distilroberta-dj_adpt~qwen3_8b-dj_adpt,10,4,5,4096,768,0.784844,1.043057918548584,cuda
webtable-v2v-v=12-distilroberta-dj_adpt~qwen3_8b-dj_adpt,10,4,6,4096,768,0.7843979999999999,1.043057918548584,cuda
webtable-v2v-v=12-distilroberta-dj_adpt~qwen3_8b-dj_adpt,10,4,7,4096,768,0.814332,1.043057918548584,cuda
webtable-v2v-v=12-distilroberta-dj_adpt~qwen3_8b-dj_adpt,10,4,8,4096,768,0.7938149999999999,1.043057918548584,cuda
webtable-v2v-v=12-distilroberta-dj_adpt~qwen3_8b-dj_adpt,10,4,9,4096,768,0.7882359999999999,1.043057918548584,cuda
webtable-v2v-v=12-distilroberta-dj_adpt~qwen3_8b-dj_adpt,10,4,10,4096,768,0.78618,1.043057918548584,cuda
webtable-v2v-v=12-distilroberta-dj_adpt~qwen3_8b-dj_adpt,11,4,1,4096,768,0.7707419999999999,1.043057918548584,cuda
webtable-v2v-v=12-distilroberta-dj_adpt~qwen3_8b-dj_adpt,11,4,2,4096,768,0.7830469999999999,1.043057918548584,cuda
webtable-v2v-v=12-distilroberta-dj_adpt~qwen3_8b-dj_adpt,11,4,3,4096,768,0.7839889999999999,1.043057918548584,cuda
webtable-v2v-v=12-distilroberta-dj_adpt~qwen3_8b-dj_adpt,11,4,4,4096,768,0.793763,1.043057918548584,cuda
webtable-v2v-v=12-distilroberta-dj_adpt~qwen3_8b-dj_adpt,11,4,5,4096,768,0.777301,1.043057918548584,cuda
webtable-v2v-v=12-distilroberta-dj_adpt~qwen3_8b-dj_adpt,11,4,6,4096,768,0.7810849999999999,1.043057918548584,cuda
webtable-v2v-v=12-distilroberta-dj_adpt~qwen3_8b-dj_adpt,11,4,7,4096,768,0.780863,1.043057918548584,cuda
webtable-v2v-v=12-distilroberta-dj_adpt~qwen3_8b-dj_adpt,11,4,8,4096,768,0.781268,1.043057918548584,cuda
webtable-v2v-v=12-distilroberta-dj_adpt~qwen3_8b-dj_adpt,11,4,9,4096,768,0.788902,1.043057918548584,cuda
webtable-v2v-v=12-distilroberta-dj_adpt~qwen3_8b-dj_adpt,11,4,10,4096,768,0.78298,1.043057918548584,cuda
webtable-v2v-v=12-distilroberta-dj_adpt~qwen3_8b-dj_adpt,0,8,1,768,768,0.8487929999999999,1.0430808067321777,cuda
webtable-v2v-v=12-distilroberta-dj_adpt~qwen3_8b-dj_adpt,0,8,2,768,768,0.833012,1.0430808067321777,cuda
webtable-v2v-v=12-distilroberta-dj_adpt~qwen3_8b-dj_adpt,0,8,3,768,768,0.821827,1.0430808067321777,cuda
webtable-v2v-v=12-distilroberta-dj_adpt~qwen3_8b-dj_adpt,0,8,4,768,768,0.8096439999999999,1.0430808067321777,cuda
webtable-v2v-v=12-distilroberta-dj_adpt~qwen3_8b-dj_adpt,0,8,5,768,768,0.8116059999999999,1.0430808067321777,cuda
webtable-v2v-v=12-distilroberta-dj_adpt~qwen3_8b-dj_adpt,0,8,6,768,768,0.822356,1.0430808067321777,cuda
webtable-v2v-v=12-distilroberta-dj_adpt~qwen3_8b-dj_adpt,0,8,7,768,768,0.8143389999999999,1.0430808067321777,cuda
webtable-v2v-v=12-distilroberta-dj_adpt~qwen3_8b-dj_adpt,0,8,8,768,768,0.807928,1.0430808067321777,cuda
webtable-v2v-v=12-distilroberta-dj_adpt~qwen3_8b-dj_adpt,0,8,9,768,768,0.823714,1.0430808067321777,cuda
webtable-v2v-v=12-distilroberta-dj_adpt~qwen3_8b-dj_adpt,0,8,10,768,768,0.827025,1.0430808067321777,cuda
webtable-v2v-v=12-distilroberta-dj_adpt~qwen3_8b-dj_adpt,1,8,1,384,768,0.8144739999999999,1.0430693626403809,cuda
webtable-v2v-v=12-distilroberta-dj_adpt~qwen3_8b-dj_adpt,1,8,2,384,768,0.8089419999999999,1.0430693626403809,cuda
webtable-v2v-v=12-distilroberta-dj_adpt~qwen3_8b-dj_adpt,1,8,3,384,768,0.818892,1.0430693626403809,cuda
webtable-v2v-v=12-distilroberta-dj_adpt~qwen3_8b-dj_adpt,1,8,4,384,768,0.810708,1.0430693626403809,cuda
webtable-v2v-v=12-distilroberta-dj_adpt~qwen3_8b-dj_adpt,1,8,5,384,768,0.808535,1.0430693626403809,cuda
webtable-v2v-v=12-distilroberta-dj_adpt~qwen3_8b-dj_adpt,1,8,6,384,768,0.807338,1.0430693626403809,cuda
webtable-v2v-v=12-distilroberta-dj_adpt~qwen3_8b-dj_adpt,1,8,7,384,768,0.8066129999999999,1.0430693626403809,cuda
webtable-v2v-v=12-distilroberta-dj_adpt~qwen3_8b-dj_adpt,1,8,8,384,768,0.833326,1.0430693626403809,cuda
webtable-v2v-v=12-distilroberta-dj_adpt~qwen3_8b-dj_adpt,1,8,9,384,768,0.815129,1.0430693626403809,cuda
webtable-v2v-v=12-distilroberta-dj_adpt~qwen3_8b-dj_adpt,1,8,10,384,768,0.8121079999999999,1.0430693626403809,cuda
webtable-v2v-v=12-distilroberta-dj_adpt~qwen3_8b-dj_adpt,2,8,1,384,768,0.7972589999999999,1.0430693626403809,cuda
webtable-v2v-v=12-distilroberta-dj_adpt~qwen3_8b-dj_adpt,2,8,2,384,768,0.8087449999999999,1.0430693626403809,cuda
webtable-v2v-v=12-distilroberta-dj_adpt~qwen3_8b-dj_adpt,2,8,3,384,768,0.80996,1.0430693626403809,cuda
webtable-v2v-v=12-distilroberta-dj_adpt~qwen3_8b-dj_adpt,2,8,4,384,768,0.807206,1.0430693626403809,cuda
webtable-v2v-v=12-distilroberta-dj_adpt~qwen3_8b-dj_adpt,2,8,5,384,768,0.8154119999999999,1.0430693626403809,cuda
webtable-v2v-v=12-distilroberta-dj_adpt~qwen3_8b-dj_adpt,2,8,6,384,768,0.811634,1.0430693626403809,cuda
webtable-v2v-v=12-distilroberta-dj_adpt~qwen3_8b-dj_adpt,2,8,7,384,768,0.807183,1.0430693626403809,cuda
webtable-v2v-v=12-distilroberta-dj_adpt~qwen3_8b-dj_adpt,2,8,8,384,768,0.8026789999999999,1.0430693626403809,cuda
webtable-v2v-v=12-distilroberta-dj_adpt~qwen3_8b-dj_adpt,2,8,9,384,768,0.815086,1.0430693626403809,cuda
webtable-v2v-v=12-distilroberta-dj_adpt~qwen3_8b-dj_adpt,2,8,10,384,768,0.807672,1.0430693626403809,cuda
webtable-v2v-v=12-distilroberta-dj_adpt~qwen3_8b-dj_adpt,3,8,1,768,768,0.7951389999999999,1.0430808067321777,cuda
webtable-v2v-v=12-distilroberta-dj_adpt~qwen3_8b-dj_adpt,3,8,2,768,768,0.816001,1.0430808067321777,cuda
webtable-v2v-v=12-distilroberta-dj_adpt~qwen3_8b-dj_adpt,3,8,3,768,768,0.808434,1.0430808067321777,cuda
webtable-v2v-v=12-distilroberta-dj_adpt~qwen3_8b-dj_adpt,3,8,4,768,768,0.8081119999999999,1.0430808067321777,cuda
webtable-v2v-v=12-distilroberta-dj_adpt~qwen3_8b-dj_adpt,3,8,5,768,768,0.8085979999999999,1.0430808067321777,cuda
webtable-v2v-v=12-distilroberta-dj_adpt~qwen3_8b-dj_adpt,3,8,6,768,768,0.809448,1.0430808067321777,cuda
webtable-v2v-v=12-distilroberta-dj_adpt~qwen3_8b-dj_adpt,3,8,7,768,768,0.8228479999999999,1.0430808067321777,cuda
webtable-v2v-v=12-distilroberta-dj_adpt~qwen3_8b-dj_adpt,3,8,8,768,768,0.8125939999999999,1.0430808067321777,cuda
webtable-v2v-v=12-distilroberta-dj_adpt~qwen3_8b-dj_adpt,3,8,9,768,768,0.808244,1.0430808067321777,cuda
webtable-v2v-v=12-distilroberta-dj_adpt~qwen3_8b-dj_adpt,3,8,10,768,768,0.8072849999999999,1.0430808067321777,cuda
webtable-v2v-v=12-distilroberta-dj_adpt~qwen3_8b-dj_adpt,4,8,1,768,768,0.791071,1.0430808067321777,cuda
webtable-v2v-v=12-distilroberta-dj_adpt~qwen3_8b-dj_adpt,4,8,2,768,768,0.809739,1.0430808067321777,cuda
webtable-v2v-v=12-distilroberta-dj_adpt~qwen3_8b-dj_adpt,4,8,3,768,768,0.8070229999999999,1.0430808067321777,cuda
webtable-v2v-v=12-distilroberta-dj_adpt~qwen3_8b-dj_adpt,4,8,4,768,768,0.817484,1.0430808067321777,cuda
webtable-v2v-v=12-distilroberta-dj_adpt~qwen3_8b-dj_adpt,4,8,5,768,768,0.8111269999999999,1.0430808067321777,cuda
webtable-v2v-v=12-distilroberta-dj_adpt~qwen3_8b-dj_adpt,4,8,6,768,768,0.807002,1.0430808067321777,cuda
webtable-v2v-v=12-distilroberta-dj_adpt~qwen3_8b-dj_adpt,4,8,7,768,768,0.808869,1.0430808067321777,cuda
webtable-v2v-v=12-distilroberta-dj_adpt~qwen3_8b-dj_adpt,4,8,8,768,768,0.80958,1.0430808067321777,cuda
webtable-v2v-v=12-distilroberta-dj_adpt~qwen3_8b-dj_adpt,4,8,9,768,768,0.8116749999999999,1.0430808067321777,cuda
webtable-v2v-v=12-distilroberta-dj_adpt~qwen3_8b-dj_adpt,4,8,10,768,768,0.835711,1.0430808067321777,cuda
webtable-v2v-v=12-distilroberta-dj_adpt~qwen3_8b-dj_adpt,5,8,1,768,768,0.799979,1.0430808067321777,cuda
webtable-v2v-v=12-distilroberta-dj_adpt~qwen3_8b-dj_adpt,5,8,2,768,768,0.810971,1.0430808067321777,cuda
webtable-v2v-v=12-distilroberta-dj_adpt~qwen3_8b-dj_adpt,5,8,3,768,768,0.812283,1.0430808067321777,cuda
webtable-v2v-v=12-distilroberta-dj_adpt~qwen3_8b-dj_adpt,5,8,4,768,768,0.807696,1.0430808067321777,cuda
webtable-v2v-v=12-distilroberta-dj_adpt~qwen3_8b-dj_adpt,5,8,5,768,768,0.8060149999999999,1.0430808067321777,cuda
webtable-v2v-v=12-distilroberta-dj_adpt~qwen3_8b-dj_adpt,5,8,6,768,768,0.8145509999999999,1.0430808067321777,cuda
webtable-v2v-v=12-distilroberta-dj_adpt~qwen3_8b-dj_adpt,5,8,7,768,768,0.803499,1.0430808067321777,cuda
webtable-v2v-v=12-distilroberta-dj_adpt~qwen3_8b-dj_adpt,5,8,8,768,768,0.802133,1.0430808067321777,cuda
webtable-v2v-v=12-distilroberta-dj_adpt~qwen3_8b-dj_adpt,5,8,9,768,768,0.810673,1.0430808067321777,cuda
webtable-v2v-v=12-distilroberta-dj_adpt~qwen3_8b-dj_adpt,5,8,10,768,768,0.8140839999999999,1.0430808067321777,cuda
webtable-v2v-v=12-distilroberta-dj_adpt~qwen3_8b-dj_adpt,6,8,1,896,768,0.811985,1.0430846214294434,cuda
webtable-v2v-v=12-distilroberta-dj_adpt~qwen3_8b-dj_adpt,6,8,2,896,768,0.80875,1.0430846214294434,cuda
webtable-v2v-v=12-distilroberta-dj_adpt~qwen3_8b-dj_adpt,6,8,3,896,768,0.815534,1.0430846214294434,cuda
webtable-v2v-v=12-distilroberta-dj_adpt~qwen3_8b-dj_adpt,6,8,4,896,768,0.808221,1.0430846214294434,cuda
webtable-v2v-v=12-distilroberta-dj_adpt~qwen3_8b-dj_adpt,6,8,5,896,768,0.8069189999999999,1.0430846214294434,cuda
webtable-v2v-v=12-distilroberta-dj_adpt~qwen3_8b-dj_adpt,6,8,6,896,768,0.803684,1.0430846214294434,cuda
webtable-v2v-v=12-distilroberta-dj_adpt~qwen3_8b-dj_adpt,6,8,7,896,768,0.8087789999999999,1.0430846214294434,cuda
webtable-v2v-v=12-distilroberta-dj_adpt~qwen3_8b-dj_adpt,6,8,8,896,768,0.8178799999999999,1.0430846214294434,cuda
webtable-v2v-v=12-distilroberta-dj_adpt~qwen3_8b-dj_adpt,6,8,9,896,768,0.808896,1.0430846214294434,cuda
webtable-v2v-v=12-distilroberta-dj_adpt~qwen3_8b-dj_adpt,6,8,10,896,768,0.807296,1.0430846214294434,cuda
webtable-v2v-v=12-distilroberta-dj_adpt~qwen3_8b-dj_adpt,7,8,1,1024,768,0.773068,1.043088436126709,cuda
webtable-v2v-v=12-distilroberta-dj_adpt~qwen3_8b-dj_adpt,7,8,2,1024,768,0.775446,1.043088436126709,cuda
webtable-v2v-v=12-distilroberta-dj_adpt~qwen3_8b-dj_adpt,7,8,3,1024,768,0.773878,1.043088436126709,cuda
webtable-v2v-v=12-distilroberta-dj_adpt~qwen3_8b-dj_adpt,7,8,4,1024,768,0.771606,1.043088436126709,cuda
webtable-v2v-v=12-distilroberta-dj_adpt~qwen3_8b-dj_adpt,7,8,5,1024,768,0.778219,1.043088436126709,cuda
webtable-v2v-v=12-distilroberta-dj_adpt~qwen3_8b-dj_adpt,7,8,6,1024,768,0.7790969999999999,1.043088436126709,cuda
webtable-v2v-v=12-distilroberta-dj_adpt~qwen3_8b-dj_adpt,7,8,7,1024,768,0.773932,1.043088436126709,cuda
webtable-v2v-v=12-distilroberta-dj_adpt~qwen3_8b-dj_adpt,7,8,8,1024,768,0.7688379999999999,1.043088436126709,cuda
webtable-v2v-v=12-distilroberta-dj_adpt~qwen3_8b-dj_adpt,7,8,9,1024,768,0.7744949999999999,1.043088436126709,cuda
webtable-v2v-v=12-distilroberta-dj_adpt~qwen3_8b-dj_adpt,7,8,10,1024,768,0.7808999999999999,1.043088436126709,cuda
webtable-v2v-v=12-distilroberta-dj_adpt~qwen3_8b-dj_adpt,8,8,1,2560,768,0.782403,1.0431342124938965,cuda
webtable-v2v-v=12-distilroberta-dj_adpt~qwen3_8b-dj_adpt,8,8,2,2560,768,0.78809,1.0431342124938965,cuda
webtable-v2v-v=12-distilroberta-dj_adpt~qwen3_8b-dj_adpt,8,8,3,2560,768,0.7938799999999999,1.0431342124938965,cuda
webtable-v2v-v=12-distilroberta-dj_adpt~qwen3_8b-dj_adpt,8,8,4,2560,768,0.7872159999999999,1.0431342124938965,cuda
webtable-v2v-v=12-distilroberta-dj_adpt~qwen3_8b-dj_adpt,8,8,5,2560,768,0.785167,1.0431342124938965,cuda
webtable-v2v-v=12-distilroberta-dj_adpt~qwen3_8b-dj_adpt,8,8,6,2560,768,0.784628,1.0431342124938965,cuda
webtable-v2v-v=12-distilroberta-dj_adpt~qwen3_8b-dj_adpt,8,8,7,2560,768,0.790686,1.0431342124938965,cuda
webtable-v2v-v=12-distilroberta-dj_adpt~qwen3_8b-dj_adpt,8,8,8,2560,768,0.783331,1.0431342124938965,cuda
webtable-v2v-v=12-distilroberta-dj_adpt~qwen3_8b-dj_adpt,8,8,9,2560,768,0.786555,1.0431342124938965,cuda
webtable-v2v-v=12-distilroberta-dj_adpt~qwen3_8b-dj_adpt,8,8,10,2560,768,0.783932,1.0431342124938965,cuda
webtable-v2v-v=12-distilroberta-dj_adpt~qwen3_8b-dj_adpt,9,8,1,3840,768,0.791584,1.0431723594665527,cuda
webtable-v2v-v=12-distilroberta-dj_adpt~qwen3_8b-dj_adpt,9,8,2,3840,768,0.784698,1.0431723594665527,cuda
webtable-v2v-v=12-distilroberta-dj_adpt~qwen3_8b-dj_adpt,9,8,3,3840,768,0.7872389999999999,1.0431723594665527,cuda
webtable-v2v-v=12-distilroberta-dj_adpt~qwen3_8b-dj_adpt,9,8,4,3840,768,0.785122,1.0431723594665527,cuda
webtable-v2v-v=12-distilroberta-dj_adpt~qwen3_8b-dj_adpt,9,8,5,3840,768,0.7963629999999999,1.0431723594665527,cuda
webtable-v2v-v=12-distilroberta-dj_adpt~qwen3_8b-dj_adpt,9,8,6,3840,768,0.78193,1.0431723594665527,cuda
webtable-v2v-v=12-distilroberta-dj_adpt~qwen3_8b-dj_adpt,9,8,7,3840,768,0.791956,1.0431723594665527,cuda
webtable-v2v-v=12-distilroberta-dj_adpt~qwen3_8b-dj_adpt,9,8,8,3840,768,0.781465,1.0431723594665527,cuda
webtable-v2v-v=12-distilroberta-dj_adpt~qwen3_8b-dj_adpt,9,8,9,3840,768,0.7834679999999999,1.0431723594665527,cuda
webtable-v2v-v=12-distilroberta-dj_adpt~qwen3_8b-dj_adpt,9,8,10,3840,768,0.78448,1.0431723594665527,cuda
webtable-v2v-v=12-distilroberta-dj_adpt~qwen3_8b-dj_adpt,10,8,1,4096,768,0.782265,1.043179988861084,cuda
webtable-v2v-v=12-distilroberta-dj_adpt~qwen3_8b-dj_adpt,10,8,2,4096,768,0.782397,1.043179988861084,cuda
webtable-v2v-v=12-distilroberta-dj_adpt~qwen3_8b-dj_adpt,10,8,3,4096,768,0.789165,1.043179988861084,cuda
webtable-v2v-v=12-distilroberta-dj_adpt~qwen3_8b-dj_adpt,10,8,4,4096,768,0.7846029999999999,1.043179988861084,cuda
webtable-v2v-v=12-distilroberta-dj_adpt~qwen3_8b-dj_adpt,10,8,5,4096,768,0.7827529999999999,1.043179988861084,cuda
webtable-v2v-v=12-distilroberta-dj_adpt~qwen3_8b-dj_adpt,10,8,6,4096,768,0.783782,1.043179988861084,cuda
webtable-v2v-v=12-distilroberta-dj_adpt~qwen3_8b-dj_adpt,10,8,7,4096,768,0.7866369999999999,1.043179988861084,cuda
webtable-v2v-v=12-distilroberta-dj_adpt~qwen3_8b-dj_adpt,10,8,8,4096,768,0.78677,1.043179988861084,cuda
webtable-v2v-v=12-distilroberta-dj_adpt~qwen3_8b-dj_adpt,10,8,9,4096,768,0.786322,1.043179988861084,cuda
webtable-v2v-v=12-distilroberta-dj_adpt~qwen3_8b-dj_adpt,10,8,10,4096,768,0.7833289999999999,1.043179988861084,cuda
webtable-v2v-v=12-distilroberta-dj_adpt~qwen3_8b-dj_adpt,11,8,1,4096,768,0.782391,1.043179988861084,cuda
webtable-v2v-v=12-distilroberta-dj_adpt~qwen3_8b-dj_adpt,11,8,2,4096,768,0.77898,1.043179988861084,cuda
webtable-v2v-v=12-distilroberta-dj_adpt~qwen3_8b-dj_adpt,11,8,3,4096,768,0.8028879999999999,1.043179988861084,cuda
webtable-v2v-v=12-distilroberta-dj_adpt~qwen3_8b-dj_adpt,11,8,4,4096,768,0.7866369999999999,1.043179988861084,cuda
webtable-v2v-v=12-distilroberta-dj_adpt~qwen3_8b-dj_adpt,11,8,5,4096,768,0.7910619999999999,1.043179988861084,cuda
webtable-v2v-v=12-distilroberta-dj_adpt~qwen3_8b-dj_adpt,11,8,6,4096,768,0.780654,1.043179988861084,cuda
webtable-v2v-v=12-distilroberta-dj_adpt~qwen3_8b-dj_adpt,11,8,7,4096,768,0.782879,1.043179988861084,cuda
webtable-v2v-v=12-distilroberta-dj_adpt~qwen3_8b-dj_adpt,11,8,8,4096,768,0.7853549999999999,1.043179988861084,cuda
webtable-v2v-v=12-distilroberta-dj_adpt~qwen3_8b-dj_adpt,11,8,9,4096,768,0.791945,1.043179988861084,cuda
webtable-v2v-v=12-distilroberta-dj_adpt~qwen3_8b-dj_adpt,11,8,10,4096,768,0.779538,1.043179988861084,cuda
webtable-v2v-v=12-distilroberta-dj_adpt~qwen3_8b-dj_adpt,0,16,1,768,768,0.84461,1.0432257652282715,cuda
webtable-v2v-v=12-distilroberta-dj_adpt~qwen3_8b-dj_adpt,0,16,2,768,768,0.831533,1.0432257652282715,cuda
webtable-v2v-v=12-distilroberta-dj_adpt~qwen3_8b-dj_adpt,0,16,3,768,768,0.815515,1.0432257652282715,cuda
webtable-v2v-v=12-distilroberta-dj_adpt~qwen3_8b-dj_adpt,0,16,4,768,768,0.810704,1.0432257652282715,cuda
webtable-v2v-v=12-distilroberta-dj_adpt~qwen3_8b-dj_adpt,0,16,5,768,768,0.8101929999999999,1.0432257652282715,cuda
webtable-v2v-v=12-distilroberta-dj_adpt~qwen3_8b-dj_adpt,0,16,6,768,768,2.313849,1.0432257652282715,cuda
webtable-v2v-v=12-distilroberta-dj_adpt~qwen3_8b-dj_adpt,0,16,7,768,768,0.841344,1.0432257652282715,cuda
webtable-v2v-v=12-distilroberta-dj_adpt~qwen3_8b-dj_adpt,0,16,8,768,768,0.814102,1.0432257652282715,cuda
webtable-v2v-v=12-distilroberta-dj_adpt~qwen3_8b-dj_adpt,0,16,9,768,768,0.821337,1.0432257652282715,cuda
webtable-v2v-v=12-distilroberta-dj_adpt~qwen3_8b-dj_adpt,0,16,10,768,768,0.813788,1.0432257652282715,cuda
webtable-v2v-v=12-distilroberta-dj_adpt~qwen3_8b-dj_adpt,1,16,1,384,768,0.80663,1.0432028770446777,cuda
webtable-v2v-v=12-distilroberta-dj_adpt~qwen3_8b-dj_adpt,1,16,2,384,768,0.820349,1.0432028770446777,cuda
webtable-v2v-v=12-distilroberta-dj_adpt~qwen3_8b-dj_adpt,1,16,3,384,768,0.811141,1.0432028770446777,cuda
webtable-v2v-v=12-distilroberta-dj_adpt~qwen3_8b-dj_adpt,1,16,4,384,768,0.814807,1.0432028770446777,cuda
webtable-v2v-v=12-distilroberta-dj_adpt~qwen3_8b-dj_adpt,1,16,5,384,768,0.808527,1.0432028770446777,cuda
webtable-v2v-v=12-distilroberta-dj_adpt~qwen3_8b-dj_adpt,1,16,6,384,768,0.8067179999999999,1.0432028770446777,cuda
webtable-v2v-v=12-distilroberta-dj_adpt~qwen3_8b-dj_adpt,1,16,7,384,768,0.824522,1.0432028770446777,cuda
webtable-v2v-v=12-distilroberta-dj_adpt~qwen3_8b-dj_adpt,1,16,8,384,768,0.814932,1.0432028770446777,cuda
webtable-v2v-v=12-distilroberta-dj_adpt~qwen3_8b-dj_adpt,1,16,9,384,768,0.807854,1.0432028770446777,cuda
webtable-v2v-v=12-distilroberta-dj_adpt~qwen3_8b-dj_adpt,1,16,10,384,768,0.813167,1.0432028770446777,cuda
webtable-v2v-v=12-distilroberta-dj_adpt~qwen3_8b-dj_adpt,2,16,1,384,768,0.799616,1.0432028770446777,cuda
webtable-v2v-v=12-distilroberta-dj_adpt~qwen3_8b-dj_adpt,2,16,2,384,768,0.808418,1.0432028770446777,cuda
webtable-v2v-v=12-distilroberta-dj_adpt~qwen3_8b-dj_adpt,2,16,3,384,768,0.806462,1.0432028770446777,cuda
webtable-v2v-v=12-distilroberta-dj_adpt~qwen3_8b-dj_adpt,2,16,4,384,768,0.8487239999999999,1.0432028770446777,cuda
webtable-v2v-v=12-distilroberta-dj_adpt~qwen3_8b-dj_adpt,2,16,5,384,768,0.8208179999999999,1.0432028770446777,cuda
webtable-v2v-v=12-distilroberta-dj_adpt~qwen3_8b-dj_adpt,2,16,6,384,768,0.811485,1.0432028770446777,cuda
webtable-v2v-v=12-distilroberta-dj_adpt~qwen3_8b-dj_adpt,2,16,7,384,768,0.815264,1.0432028770446777,cuda
webtable-v2v-v=12-distilroberta-dj_adpt~qwen3_8b-dj_adpt,2,16,8,384,768,0.8187629999999999,1.0432028770446777,cuda
webtable-v2v-v=12-distilroberta-dj_adpt~qwen3_8b-dj_adpt,2,16,9,384,768,0.8089729999999999,1.0432028770446777,cuda
webtable-v2v-v=12-distilroberta-dj_adpt~qwen3_8b-dj_adpt,2,16,10,384,768,0.8062509999999999,1.0432028770446777,cuda
webtable-v2v-v=12-distilroberta-dj_adpt~qwen3_8b-dj_adpt,3,16,1,768,768,0.806094,1.0432257652282715,cuda
webtable-v2v-v=12-distilroberta-dj_adpt~qwen3_8b-dj_adpt,3,16,2,768,768,0.812955,1.0432257652282715,cuda
webtable-v2v-v=12-distilroberta-dj_adpt~qwen3_8b-dj_adpt,3,16,3,768,768,0.810882,1.0432257652282715,cuda
webtable-v2v-v=12-distilroberta-dj_adpt~qwen3_8b-dj_adpt,3,16,4,768,768,0.80731,1.0432257652282715,cuda
webtable-v2v-v=12-distilroberta-dj_adpt~qwen3_8b-dj_adpt,3,16,5,768,768,0.810997,1.0432257652282715,cuda
webtable-v2v-v=12-distilroberta-dj_adpt~qwen3_8b-dj_adpt,3,16,6,768,768,0.816724,1.0432257652282715,cuda
webtable-v2v-v=12-distilroberta-dj_adpt~qwen3_8b-dj_adpt,3,16,7,768,768,0.806342,1.0432257652282715,cuda
webtable-v2v-v=12-distilroberta-dj_adpt~qwen3_8b-dj_adpt,3,16,8,768,768,0.807937,1.0432257652282715,cuda
webtable-v2v-v=12-distilroberta-dj_adpt~qwen3_8b-dj_adpt,3,16,9,768,768,0.8061579999999999,1.0432257652282715,cuda
webtable-v2v-v=12-distilroberta-dj_adpt~qwen3_8b-dj_adpt,3,16,10,768,768,0.8146789999999999,1.0432257652282715,cuda
webtable-v2v-v=12-distilroberta-dj_adpt~qwen3_8b-dj_adpt,4,16,1,768,768,0.7973359999999999,1.0432257652282715,cuda
webtable-v2v-v=12-distilroberta-dj_adpt~qwen3_8b-dj_adpt,4,16,2,768,768,0.809731,1.0432257652282715,cuda
webtable-v2v-v=12-distilroberta-dj_adpt~qwen3_8b-dj_adpt,4,16,3,768,768,0.816302,1.0432257652282715,cuda
webtable-v2v-v=12-distilroberta-dj_adpt~qwen3_8b-dj_adpt,4,16,4,768,768,0.802724,1.0432257652282715,cuda
webtable-v2v-v=12-distilroberta-dj_adpt~qwen3_8b-dj_adpt,4,16,5,768,768,0.803306,1.0432257652282715,cuda
webtable-v2v-v=12-distilroberta-dj_adpt~qwen3_8b-dj_adpt,4,16,6,768,768,0.803037,1.0432257652282715,cuda
webtable-v2v-v=12-distilroberta-dj_adpt~qwen3_8b-dj_adpt,4,16,7,768,768,0.8064479999999999,1.0432257652282715,cuda
webtable-v2v-v=12-distilroberta-dj_adpt~qwen3_8b-dj_adpt,4,16,8,768,768,0.8151649999999999,1.0432257652282715,cuda
webtable-v2v-v=12-distilroberta-dj_adpt~qwen3_8b-dj_adpt,4,16,9,768,768,0.8076479999999999,1.0432257652282715,cuda
webtable-v2v-v=12-distilroberta-dj_adpt~qwen3_8b-dj_adpt,4,16,10,768,768,0.805314,1.0432257652282715,cuda
webtable-v2v-v=12-distilroberta-dj_adpt~qwen3_8b-dj_adpt,5,16,1,768,768,0.810403,1.0432257652282715,cuda
webtable-v2v-v=12-distilroberta-dj_adpt~qwen3_8b-dj_adpt,5,16,2,768,768,0.8109409999999999,1.0432257652282715,cuda
webtable-v2v-v=12-distilroberta-dj_adpt~qwen3_8b-dj_adpt,5,16,3,768,768,0.809798,1.0432257652282715,cuda
webtable-v2v-v=12-distilroberta-dj_adpt~qwen3_8b-dj_adpt,5,16,4,768,768,0.809349,1.0432257652282715,cuda
webtable-v2v-v=12-distilroberta-dj_adpt~qwen3_8b-dj_adpt,5,16,5,768,768,0.8173929999999999,1.0432257652282715,cuda
webtable-v2v-v=12-distilroberta-dj_adpt~qwen3_8b-dj_adpt,5,16,6,768,768,0.8390829999999999,1.0432257652282715,cuda
webtable-v2v-v=12-distilroberta-dj_adpt~qwen3_8b-dj_adpt,5,16,7,768,768,0.820241,1.0432257652282715,cuda
webtable-v2v-v=12-distilroberta-dj_adpt~qwen3_8b-dj_adpt,5,16,8,768,768,0.815445,1.0432257652282715,cuda
webtable-v2v-v=12-distilroberta-dj_adpt~qwen3_8b-dj_adpt,5,16,9,768,768,0.820562,1.0432257652282715,cuda
webtable-v2v-v=12-distilroberta-dj_adpt~qwen3_8b-dj_adpt,5,16,10,768,768,0.8115519999999999,1.0432257652282715,cuda
webtable-v2v-v=12-distilroberta-dj_adpt~qwen3_8b-dj_adpt,6,16,1,896,768,0.810541,1.0432333946228027,cuda
webtable-v2v-v=12-distilroberta-dj_adpt~qwen3_8b-dj_adpt,6,16,2,896,768,0.8131069999999999,1.0432333946228027,cuda
webtable-v2v-v=12-distilroberta-dj_adpt~qwen3_8b-dj_adpt,6,16,3,896,768,0.806982,1.0432333946228027,cuda
webtable-v2v-v=12-distilroberta-dj_adpt~qwen3_8b-dj_adpt,6,16,4,896,768,0.804863,1.0432333946228027,cuda
webtable-v2v-v=12-distilroberta-dj_adpt~qwen3_8b-dj_adpt,6,16,5,896,768,0.807348,1.0432333946228027,cuda
webtable-v2v-v=12-distilroberta-dj_adpt~qwen3_8b-dj_adpt,6,16,6,896,768,0.8075899999999999,1.0432333946228027,cuda
webtable-v2v-v=12-distilroberta-dj_adpt~qwen3_8b-dj_adpt,6,16,7,896,768,0.818519,1.0432333946228027,cuda
webtable-v2v-v=12-distilroberta-dj_adpt~qwen3_8b-dj_adpt,6,16,8,896,768,0.805368,1.0432333946228027,cuda
webtable-v2v-v=12-distilroberta-dj_adpt~qwen3_8b-dj_adpt,6,16,9,896,768,0.805549,1.0432333946228027,cuda
webtable-v2v-v=12-distilroberta-dj_adpt~qwen3_8b-dj_adpt,6,16,10,896,768,0.806473,1.0432333946228027,cuda
webtable-v2v-v=12-distilroberta-dj_adpt~qwen3_8b-dj_adpt,7,16,1,1024,768,0.764513,1.043241024017334,cuda
webtable-v2v-v=12-distilroberta-dj_adpt~qwen3_8b-dj_adpt,7,16,2,1024,768,0.773516,1.043241024017334,cuda
webtable-v2v-v=12-distilroberta-dj_adpt~qwen3_8b-dj_adpt,7,16,3,1024,768,0.768354,1.043241024017334,cuda
webtable-v2v-v=12-distilroberta-dj_adpt~qwen3_8b-dj_adpt,7,16,4,1024,768,0.772651,1.043241024017334,cuda
webtable-v2v-v=12-distilroberta-dj_adpt~qwen3_8b-dj_adpt,7,16,5,1024,768,0.7744869999999999,1.043241024017334,cuda
webtable-v2v-v=12-distilroberta-dj_adpt~qwen3_8b-dj_adpt,7,16,6,1024,768,0.77679,1.043241024017334,cuda
webtable-v2v-v=12-distilroberta-dj_adpt~qwen3_8b-dj_adpt,7,16,7,1024,768,0.7718079999999999,1.043241024017334,cuda
webtable-v2v-v=12-distilroberta-dj_adpt~qwen3_8b-dj_adpt,7,16,8,1024,768,0.77252,1.043241024017334,cuda
webtable-v2v-v=12-distilroberta-dj_adpt~qwen3_8b-dj_adpt,7,16,9,1024,768,0.784411,1.043241024017334,cuda
webtable-v2v-v=12-distilroberta-dj_adpt~qwen3_8b-dj_adpt,7,16,10,1024,768,0.781233,1.043241024017334,cuda
webtable-v2v-v=12-distilroberta-dj_adpt~qwen3_8b-dj_adpt,8,16,1,2560,768,0.7849919999999999,1.043332576751709,cuda
webtable-v2v-v=12-distilroberta-dj_adpt~qwen3_8b-dj_adpt,8,16,2,2560,768,0.7943429999999999,1.043332576751709,cuda
webtable-v2v-v=12-distilroberta-dj_adpt~qwen3_8b-dj_adpt,8,16,3,2560,768,0.786984,1.043332576751709,cuda
webtable-v2v-v=12-distilroberta-dj_adpt~qwen3_8b-dj_adpt,8,16,4,2560,768,0.784671,1.043332576751709,cuda
webtable-v2v-v=12-distilroberta-dj_adpt~qwen3_8b-dj_adpt,8,16,5,2560,768,0.788048,1.043332576751709,cuda
webtable-v2v-v=12-distilroberta-dj_adpt~qwen3_8b-dj_adpt,8,16,6,2560,768,0.784956,1.043332576751709,cuda
webtable-v2v-v=12-distilroberta-dj_adpt~qwen3_8b-dj_adpt,8,16,7,2560,768,0.821191,1.043332576751709,cuda
webtable-v2v-v=12-distilroberta-dj_adpt~qwen3_8b-dj_adpt,8,16,8,2560,768,0.800859,1.043332576751709,cuda
webtable-v2v-v=12-distilroberta-dj_adpt~qwen3_8b-dj_adpt,8,16,9,2560,768,0.793802,1.043332576751709,cuda
webtable-v2v-v=12-distilroberta-dj_adpt~qwen3_8b-dj_adpt,8,16,10,2560,768,0.790465,1.043332576751709,cuda
webtable-v2v-v=12-distilroberta-dj_adpt~qwen3_8b-dj_adpt,9,16,1,3840,768,0.7860389999999999,1.0434088706970215,cuda
webtable-v2v-v=12-distilroberta-dj_adpt~qwen3_8b-dj_adpt,9,16,2,3840,768,0.7875749999999999,1.0434088706970215,cuda
webtable-v2v-v=12-distilroberta-dj_adpt~qwen3_8b-dj_adpt,9,16,3,3840,768,0.785045,1.0434088706970215,cuda
webtable-v2v-v=12-distilroberta-dj_adpt~qwen3_8b-dj_adpt,9,16,4,3840,768,0.791462,1.0434088706970215,cuda
webtable-v2v-v=12-distilroberta-dj_adpt~qwen3_8b-dj_adpt,9,16,5,3840,768,0.787376,1.0434088706970215,cuda
webtable-v2v-v=12-distilroberta-dj_adpt~qwen3_8b-dj_adpt,9,16,6,3840,768,0.7795489999999999,1.0434088706970215,cuda
webtable-v2v-v=12-distilroberta-dj_adpt~qwen3_8b-dj_adpt,9,16,7,3840,768,0.779443,1.0434088706970215,cuda
webtable-v2v-v=12-distilroberta-dj_adpt~qwen3_8b-dj_adpt,9,16,8,3840,768,0.793989,1.0434088706970215,cuda
webtable-v2v-v=12-distilroberta-dj_adpt~qwen3_8b-dj_adpt,9,16,9,3840,768,0.7868339999999999,1.0434088706970215,cuda
webtable-v2v-v=12-distilroberta-dj_adpt~qwen3_8b-dj_adpt,9,16,10,3840,768,0.785855,1.0434088706970215,cuda
webtable-v2v-v=12-distilroberta-dj_adpt~qwen3_8b-dj_adpt,10,16,1,4096,768,0.786617,1.043424129486084,cuda
webtable-v2v-v=12-distilroberta-dj_adpt~qwen3_8b-dj_adpt,10,16,2,4096,768,0.795786,1.043424129486084,cuda
webtable-v2v-v=12-distilroberta-dj_adpt~qwen3_8b-dj_adpt,10,16,3,4096,768,0.7831279999999999,1.043424129486084,cuda
webtable-v2v-v=12-distilroberta-dj_adpt~qwen3_8b-dj_adpt,10,16,4,4096,768,0.7881279999999999,1.043424129486084,cuda
webtable-v2v-v=12-distilroberta-dj_adpt~qwen3_8b-dj_adpt,10,16,5,4096,768,0.786762,1.043424129486084,cuda
webtable-v2v-v=12-distilroberta-dj_adpt~qwen3_8b-dj_adpt,10,16,6,4096,768,0.796524,1.043424129486084,cuda
webtable-v2v-v=12-distilroberta-dj_adpt~qwen3_8b-dj_adpt,10,16,7,4096,768,0.7842739999999999,1.043424129486084,cuda
webtable-v2v-v=12-distilroberta-dj_adpt~qwen3_8b-dj_adpt,10,16,8,4096,768,0.788748,1.043424129486084,cuda
webtable-v2v-v=12-distilroberta-dj_adpt~qwen3_8b-dj_adpt,10,16,9,4096,768,0.786014,1.043424129486084,cuda
webtable-v2v-v=12-distilroberta-dj_adpt~qwen3_8b-dj_adpt,10,16,10,4096,768,0.7853789999999999,1.043424129486084,cuda
webtable-v2v-v=12-distilroberta-dj_adpt~qwen3_8b-dj_adpt,11,16,1,4096,768,0.773497,1.043424129486084,cuda
webtable-v2v-v=12-distilroberta-dj_adpt~qwen3_8b-dj_adpt,11,16,2,4096,768,0.786876,1.043424129486084,cuda
webtable-v2v-v=12-distilroberta-dj_adpt~qwen3_8b-dj_adpt,11,16,3,4096,768,0.784586,1.043424129486084,cuda
webtable-v2v-v=12-distilroberta-dj_adpt~qwen3_8b-dj_adpt,11,16,4,4096,768,0.799985,1.043424129486084,cuda
webtable-v2v-v=12-distilroberta-dj_adpt~qwen3_8b-dj_adpt,11,16,5,4096,768,0.787706,1.043424129486084,cuda
webtable-v2v-v=12-distilroberta-dj_adpt~qwen3_8b-dj_adpt,11,16,6,4096,768,0.78647,1.043424129486084,cuda
webtable-v2v-v=12-distilroberta-dj_adpt~qwen3_8b-dj_adpt,11,16,7,4096,768,0.784766,1.043424129486084,cuda
webtable-v2v-v=12-distilroberta-dj_adpt~qwen3_8b-dj_adpt,11,16,8,4096,768,1.307261,1.043424129486084,cuda
webtable-v2v-v=12-distilroberta-dj_adpt~qwen3_8b-dj_adpt,11,16,9,4096,768,0.794315,1.043424129486084,cuda
webtable-v2v-v=12-distilroberta-dj_adpt~qwen3_8b-dj_adpt,11,16,10,4096,768,0.791476,1.043424129486084,cuda
webtable-v2v-v=12-distilroberta-dj_adpt~qwen3_8b-dj_adpt,0,32,1,768,768,0.8457739999999999,1.043515682220459,cuda
webtable-v2v-v=12-distilroberta-dj_adpt~qwen3_8b-dj_adpt,0,32,2,768,768,0.806904,1.043515682220459,cuda
webtable-v2v-v=12-distilroberta-dj_adpt~qwen3_8b-dj_adpt,0,32,3,768,768,0.809364,1.043515682220459,cuda
webtable-v2v-v=12-distilroberta-dj_adpt~qwen3_8b-dj_adpt,0,32,4,768,768,0.808082,1.043515682220459,cuda
webtable-v2v-v=12-distilroberta-dj_adpt~qwen3_8b-dj_adpt,0,32,5,768,768,0.810226,1.043515682220459,cuda
webtable-v2v-v=12-distilroberta-dj_adpt~qwen3_8b-dj_adpt,0,32,6,768,768,0.800985,1.043515682220459,cuda
webtable-v2v-v=12-distilroberta-dj_adpt~qwen3_8b-dj_adpt,0,32,7,768,768,0.803734,1.043515682220459,cuda
webtable-v2v-v=12-distilroberta-dj_adpt~qwen3_8b-dj_adpt,0,32,8,768,768,0.801666,1.043515682220459,cuda
webtable-v2v-v=12-distilroberta-dj_adpt~qwen3_8b-dj_adpt,0,32,9,768,768,0.80286,1.043515682220459,cuda
webtable-v2v-v=12-distilroberta-dj_adpt~qwen3_8b-dj_adpt,0,32,10,768,768,0.7989339999999999,1.043515682220459,cuda
webtable-v2v-v=12-distilroberta-dj_adpt~qwen3_8b-dj_adpt,1,32,1,384,768,0.790694,1.0434699058532715,cuda
webtable-v2v-v=12-distilroberta-dj_adpt~qwen3_8b-dj_adpt,1,32,2,384,768,0.801682,1.0434699058532715,cuda
webtable-v2v-v=12-distilroberta-dj_adpt~qwen3_8b-dj_adpt,1,32,3,384,768,0.811118,1.0434699058532715,cuda
webtable-v2v-v=12-distilroberta-dj_adpt~qwen3_8b-dj_adpt,1,32,4,384,768,0.804182,1.0434699058532715,cuda
webtable-v2v-v=12-distilroberta-dj_adpt~qwen3_8b-dj_adpt,1,32,5,384,768,0.801921,1.0434699058532715,cuda
webtable-v2v-v=12-distilroberta-dj_adpt~qwen3_8b-dj_adpt,1,32,6,384,768,0.801041,1.0434699058532715,cuda
webtable-v2v-v=12-distilroberta-dj_adpt~qwen3_8b-dj_adpt,1,32,7,384,768,0.817705,1.0434699058532715,cuda
webtable-v2v-v=12-distilroberta-dj_adpt~qwen3_8b-dj_adpt,1,32,8,384,768,0.805547,1.0434699058532715,cuda
webtable-v2v-v=12-distilroberta-dj_adpt~qwen3_8b-dj_adpt,1,32,9,384,768,0.801499,1.0434699058532715,cuda
webtable-v2v-v=12-distilroberta-dj_adpt~qwen3_8b-dj_adpt,1,32,10,384,768,0.802843,1.0434699058532715,cuda
webtable-v2v-v=12-distilroberta-dj_adpt~qwen3_8b-dj_adpt,2,32,1,384,768,0.7962319999999999,1.0434699058532715,cuda
webtable-v2v-v=12-distilroberta-dj_adpt~qwen3_8b-dj_adpt,2,32,2,384,768,0.805249,1.0434699058532715,cuda
webtable-v2v-v=12-distilroberta-dj_adpt~qwen3_8b-dj_adpt,2,32,3,384,768,0.8015249999999999,1.0434699058532715,cuda
webtable-v2v-v=12-distilroberta-dj_adpt~qwen3_8b-dj_adpt,2,32,4,384,768,0.8015479999999999,1.0434699058532715,cuda
webtable-v2v-v=12-distilroberta-dj_adpt~qwen3_8b-dj_adpt,2,32,5,384,768,0.8128719999999999,1.0434699058532715,cuda
webtable-v2v-v=12-distilroberta-dj_adpt~qwen3_8b-dj_adpt,2,32,6,384,768,0.8029769999999999,1.0434699058532715,cuda
webtable-v2v-v=12-distilroberta-dj_adpt~qwen3_8b-dj_adpt,2,32,7,384,768,0.8025089999999999,1.0434699058532715,cuda
webtable-v2v-v=12-distilroberta-dj_adpt~qwen3_8b-dj_adpt,2,32,8,384,768,0.799392,1.0434699058532715,cuda
webtable-v2v-v=12-distilroberta-dj_adpt~qwen3_8b-dj_adpt,2,32,9,384,768,0.834824,1.0434699058532715,cuda
webtable-v2v-v=12-distilroberta-dj_adpt~qwen3_8b-dj_adpt,2,32,10,384,768,0.829425,1.0434699058532715,cuda
webtable-v2v-v=12-distilroberta-dj_adpt~qwen3_8b-dj_adpt,3,32,1,768,768,0.787635,1.043515682220459,cuda
webtable-v2v-v=12-distilroberta-dj_adpt~qwen3_8b-dj_adpt,3,32,2,768,768,0.8148289999999999,1.043515682220459,cuda
webtable-v2v-v=12-distilroberta-dj_adpt~qwen3_8b-dj_adpt,3,32,3,768,768,0.801049,1.043515682220459,cuda
webtable-v2v-v=12-distilroberta-dj_adpt~qwen3_8b-dj_adpt,3,32,4,768,768,0.80225,1.043515682220459,cuda
webtable-v2v-v=12-distilroberta-dj_adpt~qwen3_8b-dj_adpt,3,32,5,768,768,0.798823,1.043515682220459,cuda
webtable-v2v-v=12-distilroberta-dj_adpt~qwen3_8b-dj_adpt,3,32,6,768,768,0.8106169999999999,1.043515682220459,cuda
webtable-v2v-v=12-distilroberta-dj_adpt~qwen3_8b-dj_adpt,3,32,7,768,768,0.802074,1.043515682220459,cuda
webtable-v2v-v=12-distilroberta-dj_adpt~qwen3_8b-dj_adpt,3,32,8,768,768,0.800677,1.043515682220459,cuda
webtable-v2v-v=12-distilroberta-dj_adpt~qwen3_8b-dj_adpt,3,32,9,768,768,0.79158,1.043515682220459,cuda
webtable-v2v-v=12-distilroberta-dj_adpt~qwen3_8b-dj_adpt,3,32,10,768,768,0.799426,1.043515682220459,cuda
webtable-v2v-v=12-distilroberta-dj_adpt~qwen3_8b-dj_adpt,4,32,1,768,768,0.785446,1.043515682220459,cuda
webtable-v2v-v=12-distilroberta-dj_adpt~qwen3_8b-dj_adpt,4,32,2,768,768,0.798713,1.043515682220459,cuda
webtable-v2v-v=12-distilroberta-dj_adpt~qwen3_8b-dj_adpt,4,32,3,768,768,0.7990609999999999,1.043515682220459,cuda
webtable-v2v-v=12-distilroberta-dj_adpt~qwen3_8b-dj_adpt,4,32,4,768,768,0.805928,1.043515682220459,cuda
webtable-v2v-v=12-distilroberta-dj_adpt~qwen3_8b-dj_adpt,4,32,5,768,768,0.795804,1.043515682220459,cuda
webtable-v2v-v=12-distilroberta-dj_adpt~qwen3_8b-dj_adpt,4,32,6,768,768,0.7953049999999999,1.043515682220459,cuda
webtable-v2v-v=12-distilroberta-dj_adpt~qwen3_8b-dj_adpt,4,32,7,768,768,0.7998179999999999,1.043515682220459,cuda
webtable-v2v-v=12-distilroberta-dj_adpt~qwen3_8b-dj_adpt,4,32,8,768,768,0.805377,1.043515682220459,cuda
webtable-v2v-v=12-distilroberta-dj_adpt~qwen3_8b-dj_adpt,4,32,9,768,768,0.798241,1.043515682220459,cuda
webtable-v2v-v=12-distilroberta-dj_adpt~qwen3_8b-dj_adpt,4,32,10,768,768,0.795361,1.043515682220459,cuda
webtable-v2v-v=12-distilroberta-dj_adpt~qwen3_8b-dj_adpt,5,32,1,768,768,0.7849349999999999,1.043515682220459,cuda
webtable-v2v-v=12-distilroberta-dj_adpt~qwen3_8b-dj_adpt,5,32,2,768,768,0.807437,1.043515682220459,cuda
webtable-v2v-v=12-distilroberta-dj_adpt~qwen3_8b-dj_adpt,5,32,3,768,768,0.797918,1.043515682220459,cuda
webtable-v2v-v=12-distilroberta-dj_adpt~qwen3_8b-dj_adpt,5,32,4,768,768,0.796922,1.043515682220459,cuda
webtable-v2v-v=12-distilroberta-dj_adpt~qwen3_8b-dj_adpt,5,32,5,768,768,0.7972899999999999,1.043515682220459,cuda
webtable-v2v-v=12-distilroberta-dj_adpt~qwen3_8b-dj_adpt,5,32,6,768,768,0.809994,1.043515682220459,cuda
webtable-v2v-v=12-distilroberta-dj_adpt~qwen3_8b-dj_adpt,5,32,7,768,768,0.799854,1.043515682220459,cuda
webtable-v2v-v=12-distilroberta-dj_adpt~qwen3_8b-dj_adpt,5,32,8,768,768,0.8026599999999999,1.043515682220459,cuda
webtable-v2v-v=12-distilroberta-dj_adpt~qwen3_8b-dj_adpt,5,32,9,768,768,0.794045,1.043515682220459,cuda
webtable-v2v-v=12-distilroberta-dj_adpt~qwen3_8b-dj_adpt,5,32,10,768,768,0.8000229999999999,1.043515682220459,cuda
webtable-v2v-v=12-distilroberta-dj_adpt~qwen3_8b-dj_adpt,6,32,1,896,768,0.8010339999999999,1.0435309410095215,cuda
webtable-v2v-v=12-distilroberta-dj_adpt~qwen3_8b-dj_adpt,6,32,2,896,768,0.807099,1.0435309410095215,cuda
webtable-v2v-v=12-distilroberta-dj_adpt~qwen3_8b-dj_adpt,6,32,3,896,768,0.810178,1.0435309410095215,cuda
webtable-v2v-v=12-distilroberta-dj_adpt~qwen3_8b-dj_adpt,6,32,4,896,768,0.7996789999999999,1.0435309410095215,cuda
webtable-v2v-v=12-distilroberta-dj_adpt~qwen3_8b-dj_adpt,6,32,5,896,768,0.797469,1.0435309410095215,cuda
webtable-v2v-v=12-distilroberta-dj_adpt~qwen3_8b-dj_adpt,6,32,6,896,768,0.796889,1.0435309410095215,cuda
webtable-v2v-v=12-distilroberta-dj_adpt~qwen3_8b-dj_adpt,6,32,7,896,768,0.797523,1.0435309410095215,cuda
webtable-v2v-v=12-distilroberta-dj_adpt~qwen3_8b-dj_adpt,6,32,8,896,768,0.8042039999999999,1.0435309410095215,cuda
webtable-v2v-v=12-distilroberta-dj_adpt~qwen3_8b-dj_adpt,6,32,9,896,768,0.7982739999999999,1.0435309410095215,cuda
webtable-v2v-v=12-distilroberta-dj_adpt~qwen3_8b-dj_adpt,6,32,10,896,768,0.800283,1.0435309410095215,cuda
webtable-v2v-v=12-distilroberta-dj_adpt~qwen3_8b-dj_adpt,7,32,1,1024,768,0.763309,1.043546199798584,cuda
webtable-v2v-v=12-distilroberta-dj_adpt~qwen3_8b-dj_adpt,7,32,2,1024,768,0.763393,1.043546199798584,cuda
webtable-v2v-v=12-distilroberta-dj_adpt~qwen3_8b-dj_adpt,7,32,3,1024,768,0.7593409999999999,1.043546199798584,cuda
webtable-v2v-v=12-distilroberta-dj_adpt~qwen3_8b-dj_adpt,7,32,4,1024,768,0.760755,1.043546199798584,cuda
webtable-v2v-v=12-distilroberta-dj_adpt~qwen3_8b-dj_adpt,7,32,5,1024,768,0.759921,1.043546199798584,cuda
webtable-v2v-v=12-distilroberta-dj_adpt~qwen3_8b-dj_adpt,7,32,6,1024,768,0.768586,1.043546199798584,cuda
webtable-v2v-v=12-distilroberta-dj_adpt~qwen3_8b-dj_adpt,7,32,7,1024,768,0.7625419999999999,1.043546199798584,cuda
webtable-v2v-v=12-distilroberta-dj_adpt~qwen3_8b-dj_adpt,7,32,8,1024,768,0.754633,1.043546199798584,cuda
webtable-v2v-v=12-distilroberta-dj_adpt~qwen3_8b-dj_adpt,7,32,9,1024,768,0.756344,1.043546199798584,cuda
webtable-v2v-v=12-distilroberta-dj_adpt~qwen3_8b-dj_adpt,7,32,10,1024,768,0.770185,1.043546199798584,cuda
webtable-v2v-v=12-distilroberta-dj_adpt~qwen3_8b-dj_adpt,8,32,1,2560,768,0.7782399999999999,1.043729305267334,cuda
webtable-v2v-v=12-distilroberta-dj_adpt~qwen3_8b-dj_adpt,8,32,2,2560,768,0.7767769999999999,1.043729305267334,cuda
webtable-v2v-v=12-distilroberta-dj_adpt~qwen3_8b-dj_adpt,8,32,3,2560,768,0.775955,1.043729305267334,cuda
webtable-v2v-v=12-distilroberta-dj_adpt~qwen3_8b-dj_adpt,8,32,4,2560,768,0.7827339999999999,1.043729305267334,cuda
webtable-v2v-v=12-distilroberta-dj_adpt~qwen3_8b-dj_adpt,8,32,5,2560,768,0.77465,1.043729305267334,cuda
webtable-v2v-v=12-distilroberta-dj_adpt~qwen3_8b-dj_adpt,8,32,6,2560,768,0.775898,1.043729305267334,cuda
webtable-v2v-v=12-distilroberta-dj_adpt~qwen3_8b-dj_adpt,8,32,7,2560,768,0.780289,1.043729305267334,cuda
webtable-v2v-v=12-distilroberta-dj_adpt~qwen3_8b-dj_adpt,8,32,8,2560,768,0.8204509999999999,1.043729305267334,cuda
webtable-v2v-v=12-distilroberta-dj_adpt~qwen3_8b-dj_adpt,8,32,9,2560,768,0.778133,1.043729305267334,cuda
webtable-v2v-v=12-distilroberta-dj_adpt~qwen3_8b-dj_adpt,8,32,10,2560,768,0.7751979999999999,1.043729305267334,cuda
webtable-v2v-v=12-distilroberta-dj_adpt~qwen3_8b-dj_adpt,9,32,1,3840,768,0.781872,1.043881893157959,cuda
webtable-v2v-v=12-distilroberta-dj_adpt~qwen3_8b-dj_adpt,9,32,2,3840,768,0.795227,1.043881893157959,cuda
webtable-v2v-v=12-distilroberta-dj_adpt~qwen3_8b-dj_adpt,9,32,3,3840,768,0.804333,1.043881893157959,cuda
webtable-v2v-v=12-distilroberta-dj_adpt~qwen3_8b-dj_adpt,9,32,4,3840,768,0.790617,1.043881893157959,cuda
webtable-v2v-v=12-distilroberta-dj_adpt~qwen3_8b-dj_adpt,9,32,5,3840,768,0.788451,1.043881893157959,cuda
webtable-v2v-v=12-distilroberta-dj_adpt~qwen3_8b-dj_adpt,9,32,6,3840,768,0.782639,1.043881893157959,cuda
webtable-v2v-v=12-distilroberta-dj_adpt~qwen3_8b-dj_adpt,9,32,7,3840,768,0.780836,1.043881893157959,cuda
webtable-v2v-v=12-distilroberta-dj_adpt~qwen3_8b-dj_adpt,9,32,8,3840,768,0.781667,1.043881893157959,cuda
webtable-v2v-v=12-distilroberta-dj_adpt~qwen3_8b-dj_adpt,9,32,9,3840,768,0.778778,1.043881893157959,cuda
webtable-v2v-v=12-distilroberta-dj_adpt~qwen3_8b-dj_adpt,9,32,10,3840,768,0.78809,1.043881893157959,cuda
webtable-v2v-v=12-distilroberta-dj_adpt~qwen3_8b-dj_adpt,10,32,1,4096,768,0.783059,1.043912410736084,cuda
webtable-v2v-v=12-distilroberta-dj_adpt~qwen3_8b-dj_adpt,10,32,2,4096,768,0.781577,1.043912410736084,cuda
webtable-v2v-v=12-distilroberta-dj_adpt~qwen3_8b-dj_adpt,10,32,3,4096,768,0.784751,1.043912410736084,cuda
webtable-v2v-v=12-distilroberta-dj_adpt~qwen3_8b-dj_adpt,10,32,4,4096,768,0.7807339999999999,1.043912410736084,cuda
webtable-v2v-v=12-distilroberta-dj_adpt~qwen3_8b-dj_adpt,10,32,5,4096,768,0.776408,1.043912410736084,cuda
webtable-v2v-v=12-distilroberta-dj_adpt~qwen3_8b-dj_adpt,10,32,6,4096,768,0.77598,1.043912410736084,cuda
webtable-v2v-v=12-distilroberta-dj_adpt~qwen3_8b-dj_adpt,10,32,7,4096,768,0.779249,1.043912410736084,cuda
webtable-v2v-v=12-distilroberta-dj_adpt~qwen3_8b-dj_adpt,10,32,8,4096,768,0.789233,1.043912410736084,cuda
webtable-v2v-v=12-distilroberta-dj_adpt~qwen3_8b-dj_adpt,10,32,9,4096,768,0.777022,1.043912410736084,cuda
webtable-v2v-v=12-distilroberta-dj_adpt~qwen3_8b-dj_adpt,10,32,10,4096,768,0.777952,1.043912410736084,cuda
webtable-v2v-v=12-distilroberta-dj_adpt~qwen3_8b-dj_adpt,11,32,1,4096,768,0.7789429999999999,1.043912410736084,cuda
webtable-v2v-v=12-distilroberta-dj_adpt~qwen3_8b-dj_adpt,11,32,2,4096,768,0.781816,1.043912410736084,cuda
webtable-v2v-v=12-distilroberta-dj_adpt~qwen3_8b-dj_adpt,11,32,3,4096,768,0.7773479999999999,1.043912410736084,cuda
webtable-v2v-v=12-distilroberta-dj_adpt~qwen3_8b-dj_adpt,11,32,4,4096,768,0.775524,1.043912410736084,cuda
webtable-v2v-v=12-distilroberta-dj_adpt~qwen3_8b-dj_adpt,11,32,5,4096,768,0.7829769999999999,1.043912410736084,cuda
webtable-v2v-v=12-distilroberta-dj_adpt~qwen3_8b-dj_adpt,11,32,6,4096,768,0.790794,1.043912410736084,cuda
webtable-v2v-v=12-distilroberta-dj_adpt~qwen3_8b-dj_adpt,11,32,7,4096,768,0.782662,1.043912410736084,cuda
webtable-v2v-v=12-distilroberta-dj_adpt~qwen3_8b-dj_adpt,11,32,8,4096,768,0.77996,1.043912410736084,cuda
webtable-v2v-v=12-distilroberta-dj_adpt~qwen3_8b-dj_adpt,11,32,9,4096,768,0.783777,1.043912410736084,cuda
webtable-v2v-v=12-distilroberta-dj_adpt~qwen3_8b-dj_adpt,11,32,10,4096,768,0.791671,1.043912410736084,cuda
webtable-v2v-v=12-distilroberta-dj_adpt~qwen3_8b-dj_adpt,0,64,1,768,768,0.8372729999999999,1.044095516204834,cuda
webtable-v2v-v=12-distilroberta-dj_adpt~qwen3_8b-dj_adpt,0,64,2,768,768,0.814214,1.044095516204834,cuda
webtable-v2v-v=12-distilroberta-dj_adpt~qwen3_8b-dj_adpt,0,64,3,768,768,0.819422,1.044095516204834,cuda
webtable-v2v-v=12-distilroberta-dj_adpt~qwen3_8b-dj_adpt,0,64,4,768,768,0.81968,1.044095516204834,cuda
webtable-v2v-v=12-distilroberta-dj_adpt~qwen3_8b-dj_adpt,0,64,5,768,768,0.8075629999999999,1.044095516204834,cuda
webtable-v2v-v=12-distilroberta-dj_adpt~qwen3_8b-dj_adpt,0,64,6,768,768,0.806546,1.044095516204834,cuda
webtable-v2v-v=12-distilroberta-dj_adpt~qwen3_8b-dj_adpt,0,64,7,768,768,0.807693,1.044095516204834,cuda
webtable-v2v-v=12-distilroberta-dj_adpt~qwen3_8b-dj_adpt,0,64,8,768,768,0.799966,1.044095516204834,cuda
webtable-v2v-v=12-distilroberta-dj_adpt~qwen3_8b-dj_adpt,0,64,9,768,768,0.804317,1.044095516204834,cuda
webtable-v2v-v=12-distilroberta-dj_adpt~qwen3_8b-dj_adpt,0,64,10,768,768,0.80428,1.044095516204834,cuda
webtable-v2v-v=12-distilroberta-dj_adpt~qwen3_8b-dj_adpt,1,64,1,384,768,0.805051,1.044003963470459,cuda
webtable-v2v-v=12-distilroberta-dj_adpt~qwen3_8b-dj_adpt,1,64,2,384,768,0.800168,1.044003963470459,cuda
webtable-v2v-v=12-distilroberta-dj_adpt~qwen3_8b-dj_adpt,1,64,3,384,768,0.8047519999999999,1.044003963470459,cuda
webtable-v2v-v=12-distilroberta-dj_adpt~qwen3_8b-dj_adpt,1,64,4,384,768,0.809715,1.044003963470459,cuda
webtable-v2v-v=12-distilroberta-dj_adpt~qwen3_8b-dj_adpt,1,64,5,384,768,0.7977489999999999,1.044003963470459,cuda
webtable-v2v-v=12-distilroberta-dj_adpt~qwen3_8b-dj_adpt,1,64,6,384,768,0.7996329999999999,1.044003963470459,cuda
webtable-v2v-v=12-distilroberta-dj_adpt~qwen3_8b-dj_adpt,1,64,7,384,768,0.803192,1.044003963470459,cuda
webtable-v2v-v=12-distilroberta-dj_adpt~qwen3_8b-dj_adpt,1,64,8,384,768,0.798778,1.044003963470459,cuda
webtable-v2v-v=12-distilroberta-dj_adpt~qwen3_8b-dj_adpt,1,64,9,384,768,0.808601,1.044003963470459,cuda
webtable-v2v-v=12-distilroberta-dj_adpt~qwen3_8b-dj_adpt,1,64,10,384,768,0.797303,1.044003963470459,cuda
webtable-v2v-v=12-distilroberta-dj_adpt~qwen3_8b-dj_adpt,2,64,1,384,768,0.788265,1.044003963470459,cuda
webtable-v2v-v=12-distilroberta-dj_adpt~qwen3_8b-dj_adpt,2,64,2,384,768,0.805503,1.044003963470459,cuda
webtable-v2v-v=12-distilroberta-dj_adpt~qwen3_8b-dj_adpt,2,64,3,384,768,0.7994519999999999,1.044003963470459,cuda
webtable-v2v-v=12-distilroberta-dj_adpt~qwen3_8b-dj_adpt,2,64,4,384,768,0.7999919999999999,1.044003963470459,cuda
webtable-v2v-v=12-distilroberta-dj_adpt~qwen3_8b-dj_adpt,2,64,5,384,768,0.8008949999999999,1.044003963470459,cuda
webtable-v2v-v=12-distilroberta-dj_adpt~qwen3_8b-dj_adpt,2,64,6,384,768,0.807129,1.044003963470459,cuda
webtable-v2v-v=12-distilroberta-dj_adpt~qwen3_8b-dj_adpt,2,64,7,384,768,0.800288,1.044003963470459,cuda
webtable-v2v-v=12-distilroberta-dj_adpt~qwen3_8b-dj_adpt,2,64,8,384,768,0.8014749999999999,1.044003963470459,cuda
webtable-v2v-v=12-distilroberta-dj_adpt~qwen3_8b-dj_adpt,2,64,9,384,768,0.800937,1.044003963470459,cuda
webtable-v2v-v=12-distilroberta-dj_adpt~qwen3_8b-dj_adpt,2,64,10,384,768,0.8024549999999999,1.044003963470459,cuda
webtable-v2v-v=12-distilroberta-dj_adpt~qwen3_8b-dj_adpt,3,64,1,768,768,0.795504,1.044095516204834,cuda
webtable-v2v-v=12-distilroberta-dj_adpt~qwen3_8b-dj_adpt,3,64,2,768,768,0.8008339999999999,1.044095516204834,cuda
webtable-v2v-v=12-distilroberta-dj_adpt~qwen3_8b-dj_adpt,3,64,3,768,768,0.798727,1.044095516204834,cuda
webtable-v2v-v=12-distilroberta-dj_adpt~qwen3_8b-dj_adpt,3,64,4,768,768,0.8074049999999999,1.044095516204834,cuda
webtable-v2v-v=12-distilroberta-dj_adpt~qwen3_8b-dj_adpt,3,64,5,768,768,1.420021,1.044095516204834,cuda
webtable-v2v-v=12-distilroberta-dj_adpt~qwen3_8b-dj_adpt,3,64,6,768,768,0.820286,1.044095516204834,cuda
webtable-v2v-v=12-distilroberta-dj_adpt~qwen3_8b-dj_adpt,3,64,7,768,768,0.808605,1.044095516204834,cuda
webtable-v2v-v=12-distilroberta-dj_adpt~qwen3_8b-dj_adpt,3,64,8,768,768,0.814828,1.044095516204834,cuda
webtable-v2v-v=12-distilroberta-dj_adpt~qwen3_8b-dj_adpt,3,64,9,768,768,0.8070839999999999,1.044095516204834,cuda
webtable-v2v-v=12-distilroberta-dj_adpt~qwen3_8b-dj_adpt,3,64,10,768,768,0.8030769999999999,1.044095516204834,cuda
webtable-v2v-v=12-distilroberta-dj_adpt~qwen3_8b-dj_adpt,4,64,1,768,768,0.7975399999999999,1.044095516204834,cuda
webtable-v2v-v=12-distilroberta-dj_adpt~qwen3_8b-dj_adpt,4,64,2,768,768,0.803429,1.044095516204834,cuda
webtable-v2v-v=12-distilroberta-dj_adpt~qwen3_8b-dj_adpt,4,64,3,768,768,0.8057329999999999,1.044095516204834,cuda
webtable-v2v-v=12-distilroberta-dj_adpt~qwen3_8b-dj_adpt,4,64,4,768,768,0.7996909999999999,1.044095516204834,cuda
webtable-v2v-v=12-distilroberta-dj_adpt~qwen3_8b-dj_adpt,4,64,5,768,768,0.8054199999999999,1.044095516204834,cuda
webtable-v2v-v=12-distilroberta-dj_adpt~qwen3_8b-dj_adpt,4,64,6,768,768,0.804114,1.044095516204834,cuda
webtable-v2v-v=12-distilroberta-dj_adpt~qwen3_8b-dj_adpt,4,64,7,768,768,0.801696,1.044095516204834,cuda
webtable-v2v-v=12-distilroberta-dj_adpt~qwen3_8b-dj_adpt,4,64,8,768,768,0.8000079999999999,1.044095516204834,cuda
webtable-v2v-v=12-distilroberta-dj_adpt~qwen3_8b-dj_adpt,4,64,9,768,768,0.798833,1.044095516204834,cuda
webtable-v2v-v=12-distilroberta-dj_adpt~qwen3_8b-dj_adpt,4,64,10,768,768,0.806219,1.044095516204834,cuda
webtable-v2v-v=12-distilroberta-dj_adpt~qwen3_8b-dj_adpt,5,64,1,768,768,0.783797,1.044095516204834,cuda
webtable-v2v-v=12-distilroberta-dj_adpt~qwen3_8b-dj_adpt,5,64,2,768,768,0.7967059999999999,1.044095516204834,cuda
webtable-v2v-v=12-distilroberta-dj_adpt~qwen3_8b-dj_adpt,5,64,3,768,768,0.8135439999999999,1.044095516204834,cuda
webtable-v2v-v=12-distilroberta-dj_adpt~qwen3_8b-dj_adpt,5,64,4,768,768,0.802302,1.044095516204834,cuda
webtable-v2v-v=12-distilroberta-dj_adpt~qwen3_8b-dj_adpt,5,64,5,768,768,0.8010419999999999,1.044095516204834,cuda
webtable-v2v-v=12-distilroberta-dj_adpt~qwen3_8b-dj_adpt,5,64,6,768,768,0.7970149999999999,1.044095516204834,cuda
webtable-v2v-v=12-distilroberta-dj_adpt~qwen3_8b-dj_adpt,5,64,7,768,768,0.800435,1.044095516204834,cuda
webtable-v2v-v=12-distilroberta-dj_adpt~qwen3_8b-dj_adpt,5,64,8,768,768,0.798793,1.044095516204834,cuda
webtable-v2v-v=12-distilroberta-dj_adpt~qwen3_8b-dj_adpt,5,64,9,768,768,0.7973699999999999,1.044095516204834,cuda
webtable-v2v-v=12-distilroberta-dj_adpt~qwen3_8b-dj_adpt,5,64,10,768,768,0.802732,1.044095516204834,cuda
webtable-v2v-v=12-distilroberta-dj_adpt~qwen3_8b-dj_adpt,6,64,1,896,768,0.812797,1.044126033782959,cuda
webtable-v2v-v=12-distilroberta-dj_adpt~qwen3_8b-dj_adpt,6,64,2,896,768,0.8023659999999999,1.044126033782959,cuda
webtable-v2v-v=12-distilroberta-dj_adpt~qwen3_8b-dj_adpt,6,64,3,896,768,0.80169,1.044126033782959,cuda
webtable-v2v-v=12-distilroberta-dj_adpt~qwen3_8b-dj_adpt,6,64,4,896,768,0.805885,1.044126033782959,cuda
webtable-v2v-v=12-distilroberta-dj_adpt~qwen3_8b-dj_adpt,6,64,5,896,768,0.8086669999999999,1.044126033782959,cuda
webtable-v2v-v=12-distilroberta-dj_adpt~qwen3_8b-dj_adpt,6,64,6,896,768,0.802391,1.044126033782959,cuda
webtable-v2v-v=12-distilroberta-dj_adpt~qwen3_8b-dj_adpt,6,64,7,896,768,0.8267019999999999,1.044126033782959,cuda
webtable-v2v-v=12-distilroberta-dj_adpt~qwen3_8b-dj_adpt,6,64,8,896,768,0.811253,1.044126033782959,cuda
webtable-v2v-v=12-distilroberta-dj_adpt~qwen3_8b-dj_adpt,6,64,9,896,768,0.81614,1.044126033782959,cuda
webtable-v2v-v=12-distilroberta-dj_adpt~qwen3_8b-dj_adpt,6,64,10,896,768,0.8028989999999999,1.044126033782959,cuda
webtable-v2v-v=12-distilroberta-dj_adpt~qwen3_8b-dj_adpt,7,64,1,1024,768,0.7538809999999999,1.044156551361084,cuda
webtable-v2v-v=12-distilroberta-dj_adpt~qwen3_8b-dj_adpt,7,64,2,1024,768,0.7751469999999999,1.044156551361084,cuda
webtable-v2v-v=12-distilroberta-dj_adpt~qwen3_8b-dj_adpt,7,64,3,1024,768,0.765745,1.044156551361084,cuda
webtable-v2v-v=12-distilroberta-dj_adpt~qwen3_8b-dj_adpt,7,64,4,1024,768,0.765791,1.044156551361084,cuda
webtable-v2v-v=12-distilroberta-dj_adpt~qwen3_8b-dj_adpt,7,64,5,1024,768,0.766883,1.044156551361084,cuda
webtable-v2v-v=12-distilroberta-dj_adpt~qwen3_8b-dj_adpt,7,64,6,1024,768,0.7624679999999999,1.044156551361084,cuda
webtable-v2v-v=12-distilroberta-dj_adpt~qwen3_8b-dj_adpt,7,64,7,1024,768,0.7724219999999999,1.044156551361084,cuda
webtable-v2v-v=12-distilroberta-dj_adpt~qwen3_8b-dj_adpt,7,64,8,1024,768,0.764516,1.044156551361084,cuda
webtable-v2v-v=12-distilroberta-dj_adpt~qwen3_8b-dj_adpt,7,64,9,1024,768,0.768191,1.044156551361084,cuda
webtable-v2v-v=12-distilroberta-dj_adpt~qwen3_8b-dj_adpt,7,64,10,1024,768,0.759772,1.044156551361084,cuda
webtable-v2v-v=12-distilroberta-dj_adpt~qwen3_8b-dj_adpt,8,64,1,2560,768,0.780327,1.044522762298584,cuda
webtable-v2v-v=12-distilroberta-dj_adpt~qwen3_8b-dj_adpt,8,64,2,2560,768,0.7854249999999999,1.044522762298584,cuda
webtable-v2v-v=12-distilroberta-dj_adpt~qwen3_8b-dj_adpt,8,64,3,2560,768,0.783176,1.044522762298584,cuda
webtable-v2v-v=12-distilroberta-dj_adpt~qwen3_8b-dj_adpt,8,64,4,2560,768,0.783918,1.044522762298584,cuda
webtable-v2v-v=12-distilroberta-dj_adpt~qwen3_8b-dj_adpt,8,64,5,2560,768,0.7981269999999999,1.044522762298584,cuda
webtable-v2v-v=12-distilroberta-dj_adpt~qwen3_8b-dj_adpt,8,64,6,2560,768,0.788899,1.044522762298584,cuda
webtable-v2v-v=12-distilroberta-dj_adpt~qwen3_8b-dj_adpt,8,64,7,2560,768,0.7804639999999999,1.044522762298584,cuda
webtable-v2v-v=12-distilroberta-dj_adpt~qwen3_8b-dj_adpt,8,64,8,2560,768,0.783474,1.044522762298584,cuda
webtable-v2v-v=12-distilroberta-dj_adpt~qwen3_8b-dj_adpt,8,64,9,2560,768,0.788176,1.044522762298584,cuda
webtable-v2v-v=12-distilroberta-dj_adpt~qwen3_8b-dj_adpt,8,64,10,2560,768,0.78784,1.044522762298584,cuda
webtable-v2v-v=12-distilroberta-dj_adpt~qwen3_8b-dj_adpt,9,64,1,3840,768,0.767169,1.044827938079834,cuda
webtable-v2v-v=12-distilroberta-dj_adpt~qwen3_8b-dj_adpt,9,64,2,3840,768,0.779505,1.044827938079834,cuda
webtable-v2v-v=12-distilroberta-dj_adpt~qwen3_8b-dj_adpt,9,64,3,3840,768,0.7878109999999999,1.044827938079834,cuda
webtable-v2v-v=12-distilroberta-dj_adpt~qwen3_8b-dj_adpt,9,64,4,3840,768,0.780809,1.044827938079834,cuda
webtable-v2v-v=12-distilroberta-dj_adpt~qwen3_8b-dj_adpt,9,64,5,3840,768,0.7772779999999999,1.044827938079834,cuda
webtable-v2v-v=12-distilroberta-dj_adpt~qwen3_8b-dj_adpt,9,64,6,3840,768,0.778759,1.044827938079834,cuda
webtable-v2v-v=12-distilroberta-dj_adpt~qwen3_8b-dj_adpt,9,64,7,3840,768,0.784496,1.044827938079834,cuda
webtable-v2v-v=12-distilroberta-dj_adpt~qwen3_8b-dj_adpt,9,64,8,3840,768,0.796835,1.044827938079834,cuda
webtable-v2v-v=12-distilroberta-dj_adpt~qwen3_8b-dj_adpt,9,64,9,3840,768,0.7834869999999999,1.044827938079834,cuda
webtable-v2v-v=12-distilroberta-dj_adpt~qwen3_8b-dj_adpt,9,64,10,3840,768,0.778713,1.044827938079834,cuda
webtable-v2v-v=12-distilroberta-dj_adpt~qwen3_8b-dj_adpt,10,64,1,4096,768,0.767874,1.044888973236084,cuda
webtable-v2v-v=12-distilroberta-dj_adpt~qwen3_8b-dj_adpt,10,64,2,4096,768,0.7787959999999999,1.044888973236084,cuda
webtable-v2v-v=12-distilroberta-dj_adpt~qwen3_8b-dj_adpt,10,64,3,4096,768,0.7794789999999999,1.044888973236084,cuda
webtable-v2v-v=12-distilroberta-dj_adpt~qwen3_8b-dj_adpt,10,64,4,4096,768,0.777399,1.044888973236084,cuda
webtable-v2v-v=12-distilroberta-dj_adpt~qwen3_8b-dj_adpt,10,64,5,4096,768,0.777118,1.044888973236084,cuda
webtable-v2v-v=12-distilroberta-dj_adpt~qwen3_8b-dj_adpt,10,64,6,4096,768,0.7744439999999999,1.044888973236084,cuda
webtable-v2v-v=12-distilroberta-dj_adpt~qwen3_8b-dj_adpt,10,64,7,4096,768,0.7734329999999999,1.044888973236084,cuda
webtable-v2v-v=12-distilroberta-dj_adpt~qwen3_8b-dj_adpt,10,64,8,4096,768,0.77859,1.044888973236084,cuda
webtable-v2v-v=12-distilroberta-dj_adpt~qwen3_8b-dj_adpt,10,64,9,4096,768,0.787208,1.044888973236084,cuda
webtable-v2v-v=12-distilroberta-dj_adpt~qwen3_8b-dj_adpt,10,64,10,4096,768,0.7783,1.044888973236084,cuda
webtable-v2v-v=12-distilroberta-dj_adpt~qwen3_8b-dj_adpt,11,64,1,4096,768,0.765478,1.044888973236084,cuda
webtable-v2v-v=12-distilroberta-dj_adpt~qwen3_8b-dj_adpt,11,64,2,4096,768,0.7789039999999999,1.044888973236084,cuda
webtable-v2v-v=12-distilroberta-dj_adpt~qwen3_8b-dj_adpt,11,64,3,4096,768,0.780424,1.044888973236084,cuda
webtable-v2v-v=12-distilroberta-dj_adpt~qwen3_8b-dj_adpt,11,64,4,4096,768,0.778473,1.044888973236084,cuda
webtable-v2v-v=12-distilroberta-dj_adpt~qwen3_8b-dj_adpt,11,64,5,4096,768,0.778288,1.044888973236084,cuda
webtable-v2v-v=12-distilroberta-dj_adpt~qwen3_8b-dj_adpt,11,64,6,4096,768,0.776542,1.044888973236084,cuda
webtable-v2v-v=12-distilroberta-dj_adpt~qwen3_8b-dj_adpt,11,64,7,4096,768,0.7826839999999999,1.044888973236084,cuda
webtable-v2v-v=12-distilroberta-dj_adpt~qwen3_8b-dj_adpt,11,64,8,4096,768,0.7750239999999999,1.044888973236084,cuda
webtable-v2v-v=12-distilroberta-dj_adpt~qwen3_8b-dj_adpt,11,64,9,4096,768,0.776415,1.044888973236084,cuda
webtable-v2v-v=12-distilroberta-dj_adpt~qwen3_8b-dj_adpt,11,64,10,4096,768,0.776678,1.044888973236084,cuda
webtable-v2v-v=12-distilroberta-dj_adpt~qwen3_8b-dj_adpt,0,128,1,768,768,0.808682,1.045255184173584,cuda
webtable-v2v-v=12-distilroberta-dj_adpt~qwen3_8b-dj_adpt,0,128,2,768,768,0.811495,1.045255184173584,cuda
webtable-v2v-v=12-distilroberta-dj_adpt~qwen3_8b-dj_adpt,0,128,3,768,768,0.805261,1.045255184173584,cuda
webtable-v2v-v=12-distilroberta-dj_adpt~qwen3_8b-dj_adpt,0,128,4,768,768,0.804862,1.045255184173584,cuda
webtable-v2v-v=12-distilroberta-dj_adpt~qwen3_8b-dj_adpt,0,128,5,768,768,0.8020229999999999,1.045255184173584,cuda
webtable-v2v-v=12-distilroberta-dj_adpt~qwen3_8b-dj_adpt,0,128,6,768,768,0.807171,1.045255184173584,cuda
webtable-v2v-v=12-distilroberta-dj_adpt~qwen3_8b-dj_adpt,0,128,7,768,768,0.802396,1.045255184173584,cuda
webtable-v2v-v=12-distilroberta-dj_adpt~qwen3_8b-dj_adpt,0,128,8,768,768,0.806763,1.045255184173584,cuda
webtable-v2v-v=12-distilroberta-dj_adpt~qwen3_8b-dj_adpt,0,128,9,768,768,0.806762,1.045255184173584,cuda
webtable-v2v-v=12-distilroberta-dj_adpt~qwen3_8b-dj_adpt,0,128,10,768,768,0.821897,1.045255184173584,cuda
webtable-v2v-v=12-distilroberta-dj_adpt~qwen3_8b-dj_adpt,1,128,1,384,768,0.805441,1.045072078704834,cuda
webtable-v2v-v=12-distilroberta-dj_adpt~qwen3_8b-dj_adpt,1,128,2,384,768,0.804851,1.045072078704834,cuda
webtable-v2v-v=12-distilroberta-dj_adpt~qwen3_8b-dj_adpt,1,128,3,384,768,0.804951,1.045072078704834,cuda
webtable-v2v-v=12-distilroberta-dj_adpt~qwen3_8b-dj_adpt,1,128,4,384,768,0.801585,1.045072078704834,cuda
webtable-v2v-v=12-distilroberta-dj_adpt~qwen3_8b-dj_adpt,1,128,5,384,768,0.801311,1.045072078704834,cuda
webtable-v2v-v=12-distilroberta-dj_adpt~qwen3_8b-dj_adpt,1,128,6,384,768,0.8110759999999999,1.045072078704834,cuda
webtable-v2v-v=12-distilroberta-dj_adpt~qwen3_8b-dj_adpt,1,128,7,384,768,0.8018679999999999,1.045072078704834,cuda
webtable-v2v-v=12-distilroberta-dj_adpt~qwen3_8b-dj_adpt,1,128,8,384,768,0.80235,1.045072078704834,cuda
webtable-v2v-v=12-distilroberta-dj_adpt~qwen3_8b-dj_adpt,1,128,9,384,768,0.802581,1.045072078704834,cuda
webtable-v2v-v=12-distilroberta-dj_adpt~qwen3_8b-dj_adpt,1,128,10,384,768,0.801615,1.045072078704834,cuda
webtable-v2v-v=12-distilroberta-dj_adpt~qwen3_8b-dj_adpt,2,128,1,384,768,0.79182,1.045072078704834,cuda
webtable-v2v-v=12-distilroberta-dj_adpt~qwen3_8b-dj_adpt,2,128,2,384,768,0.798948,1.045072078704834,cuda
webtable-v2v-v=12-distilroberta-dj_adpt~qwen3_8b-dj_adpt,2,128,3,384,768,0.801252,1.045072078704834,cuda
webtable-v2v-v=12-distilroberta-dj_adpt~qwen3_8b-dj_adpt,2,128,4,384,768,0.8067,1.045072078704834,cuda
webtable-v2v-v=12-distilroberta-dj_adpt~qwen3_8b-dj_adpt,2,128,5,384,768,0.802253,1.045072078704834,cuda
webtable-v2v-v=12-distilroberta-dj_adpt~qwen3_8b-dj_adpt,2,128,6,384,768,0.800561,1.045072078704834,cuda
webtable-v2v-v=12-distilroberta-dj_adpt~qwen3_8b-dj_adpt,2,128,7,384,768,0.799466,1.045072078704834,cuda
webtable-v2v-v=12-distilroberta-dj_adpt~qwen3_8b-dj_adpt,2,128,8,384,768,0.808349,1.045072078704834,cuda
webtable-v2v-v=12-distilroberta-dj_adpt~qwen3_8b-dj_adpt,2,128,9,384,768,0.799751,1.045072078704834,cuda
webtable-v2v-v=12-distilroberta-dj_adpt~qwen3_8b-dj_adpt,2,128,10,384,768,0.798485,1.045072078704834,cuda
webtable-v2v-v=12-distilroberta-dj_adpt~qwen3_8b-dj_adpt,3,128,1,768,768,0.793689,1.045255184173584,cuda
webtable-v2v-v=12-distilroberta-dj_adpt~qwen3_8b-dj_adpt,3,128,2,768,768,0.798476,1.045255184173584,cuda
webtable-v2v-v=12-distilroberta-dj_adpt~qwen3_8b-dj_adpt,3,128,3,768,768,0.7993119999999999,1.045255184173584,cuda
webtable-v2v-v=12-distilroberta-dj_adpt~qwen3_8b-dj_adpt,3,128,4,768,768,0.800732,1.045255184173584,cuda
webtable-v2v-v=12-distilroberta-dj_adpt~qwen3_8b-dj_adpt,3,128,5,768,768,0.801889,1.045255184173584,cuda
webtable-v2v-v=12-distilroberta-dj_adpt~qwen3_8b-dj_adpt,3,128,6,768,768,0.802514,1.045255184173584,cuda
webtable-v2v-v=12-distilroberta-dj_adpt~qwen3_8b-dj_adpt,3,128,7,768,768,0.803167,1.045255184173584,cuda
webtable-v2v-v=12-distilroberta-dj_adpt~qwen3_8b-dj_adpt,3,128,8,768,768,0.800242,1.045255184173584,cuda
webtable-v2v-v=12-distilroberta-dj_adpt~qwen3_8b-dj_adpt,3,128,9,768,768,0.800522,1.045255184173584,cuda
webtable-v2v-v=12-distilroberta-dj_adpt~qwen3_8b-dj_adpt,3,128,10,768,768,0.80562,1.045255184173584,cuda
webtable-v2v-v=12-distilroberta-dj_adpt~qwen3_8b-dj_adpt,4,128,1,768,768,0.798531,1.045255184173584,cuda
webtable-v2v-v=12-distilroberta-dj_adpt~qwen3_8b-dj_adpt,4,128,2,768,768,0.8054859999999999,1.045255184173584,cuda
webtable-v2v-v=12-distilroberta-dj_adpt~qwen3_8b-dj_adpt,4,128,3,768,768,0.812371,1.045255184173584,cuda
webtable-v2v-v=12-distilroberta-dj_adpt~qwen3_8b-dj_adpt,4,128,4,768,768,0.8038029999999999,1.045255184173584,cuda
webtable-v2v-v=12-distilroberta-dj_adpt~qwen3_8b-dj_adpt,4,128,5,768,768,0.804882,1.045255184173584,cuda
webtable-v2v-v=12-distilroberta-dj_adpt~qwen3_8b-dj_adpt,4,128,6,768,768,0.803514,1.045255184173584,cuda
webtable-v2v-v=12-distilroberta-dj_adpt~qwen3_8b-dj_adpt,4,128,7,768,768,0.8026409999999999,1.045255184173584,cuda
webtable-v2v-v=12-distilroberta-dj_adpt~qwen3_8b-dj_adpt,4,128,8,768,768,0.80102,1.045255184173584,cuda
webtable-v2v-v=12-distilroberta-dj_adpt~qwen3_8b-dj_adpt,4,128,9,768,768,0.8043009999999999,1.045255184173584,cuda
webtable-v2v-v=12-distilroberta-dj_adpt~qwen3_8b-dj_adpt,4,128,10,768,768,0.801848,1.045255184173584,cuda
webtable-v2v-v=12-distilroberta-dj_adpt~qwen3_8b-dj_adpt,5,128,1,768,768,0.7914899999999999,1.045255184173584,cuda
webtable-v2v-v=12-distilroberta-dj_adpt~qwen3_8b-dj_adpt,5,128,2,768,768,0.802053,1.045255184173584,cuda
webtable-v2v-v=12-distilroberta-dj_adpt~qwen3_8b-dj_adpt,5,128,3,768,768,0.7982579999999999,1.045255184173584,cuda
webtable-v2v-v=12-distilroberta-dj_adpt~qwen3_8b-dj_adpt,5,128,4,768,768,0.8014739999999999,1.045255184173584,cuda
webtable-v2v-v=12-distilroberta-dj_adpt~qwen3_8b-dj_adpt,5,128,5,768,768,0.805434,1.045255184173584,cuda
webtable-v2v-v=12-distilroberta-dj_adpt~qwen3_8b-dj_adpt,5,128,6,768,768,0.8022589999999999,1.045255184173584,cuda
webtable-v2v-v=12-distilroberta-dj_adpt~qwen3_8b-dj_adpt,5,128,7,768,768,0.802222,1.045255184173584,cuda
webtable-v2v-v=12-distilroberta-dj_adpt~qwen3_8b-dj_adpt,5,128,8,768,768,0.8013429999999999,1.045255184173584,cuda
webtable-v2v-v=12-distilroberta-dj_adpt~qwen3_8b-dj_adpt,5,128,9,768,768,0.8018689999999999,1.045255184173584,cuda
webtable-v2v-v=12-distilroberta-dj_adpt~qwen3_8b-dj_adpt,5,128,10,768,768,0.800464,1.045255184173584,cuda
webtable-v2v-v=12-distilroberta-dj_adpt~qwen3_8b-dj_adpt,6,128,1,896,768,0.8061849999999999,1.045316219329834,cuda
webtable-v2v-v=12-distilroberta-dj_adpt~qwen3_8b-dj_adpt,6,128,2,896,768,0.80375,1.045316219329834,cuda
webtable-v2v-v=12-distilroberta-dj_adpt~qwen3_8b-dj_adpt,6,128,3,896,768,0.806083,1.045316219329834,cuda
webtable-v2v-v=12-distilroberta-dj_adpt~qwen3_8b-dj_adpt,6,128,4,896,768,0.8045439999999999,1.045316219329834,cuda
webtable-v2v-v=12-distilroberta-dj_adpt~qwen3_8b-dj_adpt,6,128,5,896,768,0.8023389999999999,1.045316219329834,cuda
webtable-v2v-v=12-distilroberta-dj_adpt~qwen3_8b-dj_adpt,6,128,6,896,768,0.801461,1.045316219329834,cuda
webtable-v2v-v=12-distilroberta-dj_adpt~qwen3_8b-dj_adpt,6,128,7,896,768,0.8086679999999999,1.045316219329834,cuda
webtable-v2v-v=12-distilroberta-dj_adpt~qwen3_8b-dj_adpt,6,128,8,896,768,0.801411,1.045316219329834,cuda
webtable-v2v-v=12-distilroberta-dj_adpt~qwen3_8b-dj_adpt,6,128,9,896,768,0.8010579999999999,1.045316219329834,cuda
webtable-v2v-v=12-distilroberta-dj_adpt~qwen3_8b-dj_adpt,6,128,10,896,768,0.801715,1.045316219329834,cuda
webtable-v2v-v=12-distilroberta-dj_adpt~qwen3_8b-dj_adpt,7,128,1,1024,768,0.759841,1.045377254486084,cuda
webtable-v2v-v=12-distilroberta-dj_adpt~qwen3_8b-dj_adpt,7,128,2,1024,768,0.769027,1.045377254486084,cuda
webtable-v2v-v=12-distilroberta-dj_adpt~qwen3_8b-dj_adpt,7,128,3,1024,768,0.7920499999999999,1.045377254486084,cuda
webtable-v2v-v=12-distilroberta-dj_adpt~qwen3_8b-dj_adpt,7,128,4,1024,768,0.777188,1.045377254486084,cuda
webtable-v2v-v=12-distilroberta-dj_adpt~qwen3_8b-dj_adpt,7,128,5,1024,768,0.7719459999999999,1.045377254486084,cuda
webtable-v2v-v=12-distilroberta-dj_adpt~qwen3_8b-dj_adpt,7,128,6,1024,768,0.768664,1.045377254486084,cuda
webtable-v2v-v=12-distilroberta-dj_adpt~qwen3_8b-dj_adpt,7,128,7,1024,768,0.770702,1.045377254486084,cuda
webtable-v2v-v=12-distilroberta-dj_adpt~qwen3_8b-dj_adpt,7,128,8,1024,768,0.768366,1.045377254486084,cuda
webtable-v2v-v=12-distilroberta-dj_adpt~qwen3_8b-dj_adpt,7,128,9,1024,768,0.775338,1.045377254486084,cuda
webtable-v2v-v=12-distilroberta-dj_adpt~qwen3_8b-dj_adpt,7,128,10,1024,768,0.7689619999999999,1.045377254486084,cuda
webtable-v2v-v=12-distilroberta-dj_adpt~qwen3_8b-dj_adpt,8,128,1,2560,768,0.8006789999999999,1.046720027923584,cuda
webtable-v2v-v=12-distilroberta-dj_adpt~qwen3_8b-dj_adpt,8,128,2,2560,768,0.80192,1.046353816986084,cuda
webtable-v2v-v=12-distilroberta-dj_adpt~qwen3_8b-dj_adpt,8,128,3,2560,768,0.802172,1.046720027923584,cuda
webtable-v2v-v=12-distilroberta-dj_adpt~qwen3_8b-dj_adpt,8,128,4,2560,768,0.800824,1.046353816986084,cuda
webtable-v2v-v=12-distilroberta-dj_adpt~qwen3_8b-dj_adpt,8,128,5,2560,768,0.801619,1.046720027923584,cuda
webtable-v2v-v=12-distilroberta-dj_adpt~qwen3_8b-dj_adpt,8,128,6,2560,768,0.8002579999999999,1.046353816986084,cuda
webtable-v2v-v=12-distilroberta-dj_adpt~qwen3_8b-dj_adpt,8,128,7,2560,768,0.800445,1.046720027923584,cuda
webtable-v2v-v=12-distilroberta-dj_adpt~qwen3_8b-dj_adpt,8,128,8,2560,768,0.8008029999999999,1.046353816986084,cuda
webtable-v2v-v=12-distilroberta-dj_adpt~qwen3_8b-dj_adpt,8,128,9,2560,768,0.8027719999999999,1.046720027923584,cuda
webtable-v2v-v=12-distilroberta-dj_adpt~qwen3_8b-dj_adpt,8,128,10,2560,768,0.8006169999999999,1.046353816986084,cuda
webtable-v2v-v=12-distilroberta-dj_adpt~qwen3_8b-dj_adpt,9,128,1,3840,768,0.798821,1.046842098236084,cuda
webtable-v2v-v=12-distilroberta-dj_adpt~qwen3_8b-dj_adpt,9,128,2,3840,768,0.7986289999999999,1.046720027923584,cuda
webtable-v2v-v=12-distilroberta-dj_adpt~qwen3_8b-dj_adpt,9,128,3,3840,768,0.79914,1.046842098236084,cuda
webtable-v2v-v=12-distilroberta-dj_adpt~qwen3_8b-dj_adpt,9,128,4,3840,768,0.796356,1.046720027923584,cuda
webtable-v2v-v=12-distilroberta-dj_adpt~qwen3_8b-dj_adpt,9,128,5,3840,768,0.799341,1.046842098236084,cuda
webtable-v2v-v=12-distilroberta-dj_adpt~qwen3_8b-dj_adpt,9,128,6,3840,768,0.798211,1.046720027923584,cuda
webtable-v2v-v=12-distilroberta-dj_adpt~qwen3_8b-dj_adpt,9,128,7,3840,768,0.798489,1.046842098236084,cuda
webtable-v2v-v=12-distilroberta-dj_adpt~qwen3_8b-dj_adpt,9,128,8,3840,768,0.795311,1.046720027923584,cuda
webtable-v2v-v=12-distilroberta-dj_adpt~qwen3_8b-dj_adpt,9,128,9,3840,768,0.7996789999999999,1.046842098236084,cuda
webtable-v2v-v=12-distilroberta-dj_adpt~qwen3_8b-dj_adpt,9,128,10,3840,768,0.796303,1.046720027923584,cuda
webtable-v2v-v=12-distilroberta-dj_adpt~qwen3_8b-dj_adpt,10,128,1,4096,768,0.803535,1.046842098236084,cuda
webtable-v2v-v=12-distilroberta-dj_adpt~qwen3_8b-dj_adpt,10,128,2,4096,768,2.341032,1.046842098236084,cuda
webtable-v2v-v=12-distilroberta-dj_adpt~qwen3_8b-dj_adpt,10,128,3,4096,768,0.80824,1.046842098236084,cuda
webtable-v2v-v=12-distilroberta-dj_adpt~qwen3_8b-dj_adpt,10,128,4,4096,768,0.8193539999999999,1.046842098236084,cuda
webtable-v2v-v=12-distilroberta-dj_adpt~qwen3_8b-dj_adpt,10,128,5,4096,768,0.805732,1.046842098236084,cuda
webtable-v2v-v=12-distilroberta-dj_adpt~qwen3_8b-dj_adpt,10,128,6,4096,768,0.806761,1.046842098236084,cuda
webtable-v2v-v=12-distilroberta-dj_adpt~qwen3_8b-dj_adpt,10,128,7,4096,768,0.8060149999999999,1.046842098236084,cuda
webtable-v2v-v=12-distilroberta-dj_adpt~qwen3_8b-dj_adpt,10,128,8,4096,768,0.8041079999999999,1.046842098236084,cuda
webtable-v2v-v=12-distilroberta-dj_adpt~qwen3_8b-dj_adpt,10,128,9,4096,768,0.802935,1.046842098236084,cuda
webtable-v2v-v=12-distilroberta-dj_adpt~qwen3_8b-dj_adpt,10,128,10,4096,768,0.803418,1.046842098236084,cuda
webtable-v2v-v=12-distilroberta-dj_adpt~qwen3_8b-dj_adpt,11,128,1,4096,768,0.805434,1.046842098236084,cuda
webtable-v2v-v=12-distilroberta-dj_adpt~qwen3_8b-dj_adpt,11,128,2,4096,768,0.807286,1.046842098236084,cuda
webtable-v2v-v=12-distilroberta-dj_adpt~qwen3_8b-dj_adpt,11,128,3,4096,768,0.805642,1.046842098236084,cuda
webtable-v2v-v=12-distilroberta-dj_adpt~qwen3_8b-dj_adpt,11,128,4,4096,768,0.806676,1.046842098236084,cuda
webtable-v2v-v=12-distilroberta-dj_adpt~qwen3_8b-dj_adpt,11,128,5,4096,768,0.8047599999999999,1.046842098236084,cuda
webtable-v2v-v=12-distilroberta-dj_adpt~qwen3_8b-dj_adpt,11,128,6,4096,768,0.8078259999999999,1.046842098236084,cuda
webtable-v2v-v=12-distilroberta-dj_adpt~qwen3_8b-dj_adpt,11,128,7,4096,768,0.805932,1.046842098236084,cuda
webtable-v2v-v=12-distilroberta-dj_adpt~qwen3_8b-dj_adpt,11,128,8,4096,768,0.806599,1.046842098236084,cuda
webtable-v2v-v=12-distilroberta-dj_adpt~qwen3_8b-dj_adpt,11,128,9,4096,768,0.801704,1.046842098236084,cuda
webtable-v2v-v=12-distilroberta-dj_adpt~qwen3_8b-dj_adpt,11,128,10,4096,768,0.805183,1.046842098236084,cuda
webtable-v2v-v=12-distilroberta-dj_adpt~qwen3_8b-dj_adpt,0,256,1,768,768,0.966158,1.047574520111084,cuda
webtable-v2v-v=12-distilroberta-dj_adpt~qwen3_8b-dj_adpt,0,256,2,768,768,0.9659369999999999,1.047574520111084,cuda
webtable-v2v-v=12-distilroberta-dj_adpt~qwen3_8b-dj_adpt,0,256,3,768,768,0.970619,1.047574520111084,cuda
webtable-v2v-v=12-distilroberta-dj_adpt~qwen3_8b-dj_adpt,0,256,4,768,768,0.960723,1.047574520111084,cuda
webtable-v2v-v=12-distilroberta-dj_adpt~qwen3_8b-dj_adpt,0,256,5,768,768,0.958144,1.047574520111084,cuda
webtable-v2v-v=12-distilroberta-dj_adpt~qwen3_8b-dj_adpt,0,256,6,768,768,0.9598979999999999,1.047574520111084,cuda
webtable-v2v-v=12-distilroberta-dj_adpt~qwen3_8b-dj_adpt,0,256,7,768,768,0.9626439999999999,1.047574520111084,cuda
webtable-v2v-v=12-distilroberta-dj_adpt~qwen3_8b-dj_adpt,0,256,8,768,768,0.956749,1.047574520111084,cuda
webtable-v2v-v=12-distilroberta-dj_adpt~qwen3_8b-dj_adpt,0,256,9,768,768,0.959332,1.047574520111084,cuda
webtable-v2v-v=12-distilroberta-dj_adpt~qwen3_8b-dj_adpt,0,256,10,768,768,0.958576,1.047574520111084,cuda
webtable-v2v-v=12-distilroberta-dj_adpt~qwen3_8b-dj_adpt,1,256,1,384,768,0.9541179999999999,1.047208309173584,cuda
webtable-v2v-v=12-distilroberta-dj_adpt~qwen3_8b-dj_adpt,1,256,2,384,768,0.954232,1.047208309173584,cuda
webtable-v2v-v=12-distilroberta-dj_adpt~qwen3_8b-dj_adpt,1,256,3,384,768,0.9640059999999999,1.047208309173584,cuda
webtable-v2v-v=12-distilroberta-dj_adpt~qwen3_8b-dj_adpt,1,256,4,384,768,0.954194,1.047208309173584,cuda
webtable-v2v-v=12-distilroberta-dj_adpt~qwen3_8b-dj_adpt,1,256,5,384,768,0.953078,1.047208309173584,cuda
webtable-v2v-v=12-distilroberta-dj_adpt~qwen3_8b-dj_adpt,1,256,6,384,768,0.9840629999999999,1.047208309173584,cuda
webtable-v2v-v=12-distilroberta-dj_adpt~qwen3_8b-dj_adpt,1,256,7,384,768,0.9637939999999999,1.047208309173584,cuda
webtable-v2v-v=12-distilroberta-dj_adpt~qwen3_8b-dj_adpt,1,256,8,384,768,0.95712,1.047208309173584,cuda
webtable-v2v-v=12-distilroberta-dj_adpt~qwen3_8b-dj_adpt,1,256,9,384,768,0.9578749999999999,1.047208309173584,cuda
webtable-v2v-v=12-distilroberta-dj_adpt~qwen3_8b-dj_adpt,1,256,10,384,768,0.964058,1.047208309173584,cuda
webtable-v2v-v=12-distilroberta-dj_adpt~qwen3_8b-dj_adpt,2,256,1,384,768,0.9473689999999999,1.047208309173584,cuda
webtable-v2v-v=12-distilroberta-dj_adpt~qwen3_8b-dj_adpt,2,256,2,384,768,0.956857,1.047208309173584,cuda
webtable-v2v-v=12-distilroberta-dj_adpt~qwen3_8b-dj_adpt,2,256,3,384,768,0.960959,1.047208309173584,cuda
webtable-v2v-v=12-distilroberta-dj_adpt~qwen3_8b-dj_adpt,2,256,4,384,768,0.959807,1.047208309173584,cuda
webtable-v2v-v=12-distilroberta-dj_adpt~qwen3_8b-dj_adpt,2,256,5,384,768,0.954445,1.047208309173584,cuda
webtable-v2v-v=12-distilroberta-dj_adpt~qwen3_8b-dj_adpt,2,256,6,384,768,0.954075,1.047208309173584,cuda
webtable-v2v-v=12-distilroberta-dj_adpt~qwen3_8b-dj_adpt,2,256,7,384,768,0.9529569999999999,1.047208309173584,cuda
webtable-v2v-v=12-distilroberta-dj_adpt~qwen3_8b-dj_adpt,2,256,8,384,768,0.9552539999999999,1.047208309173584,cuda
webtable-v2v-v=12-distilroberta-dj_adpt~qwen3_8b-dj_adpt,2,256,9,384,768,0.955742,1.047208309173584,cuda
webtable-v2v-v=12-distilroberta-dj_adpt~qwen3_8b-dj_adpt,2,256,10,384,768,0.956106,1.047208309173584,cuda
webtable-v2v-v=12-distilroberta-dj_adpt~qwen3_8b-dj_adpt,3,256,1,768,768,0.9455469999999999,1.047574520111084,cuda
webtable-v2v-v=12-distilroberta-dj_adpt~qwen3_8b-dj_adpt,3,256,2,768,768,0.95561,1.047574520111084,cuda
webtable-v2v-v=12-distilroberta-dj_adpt~qwen3_8b-dj_adpt,3,256,3,768,768,0.962185,1.047574520111084,cuda
webtable-v2v-v=12-distilroberta-dj_adpt~qwen3_8b-dj_adpt,3,256,4,768,768,0.956866,1.047574520111084,cuda
webtable-v2v-v=12-distilroberta-dj_adpt~qwen3_8b-dj_adpt,3,256,5,768,768,0.957236,1.047574520111084,cuda
webtable-v2v-v=12-distilroberta-dj_adpt~qwen3_8b-dj_adpt,3,256,6,768,768,0.952075,1.047574520111084,cuda
webtable-v2v-v=12-distilroberta-dj_adpt~qwen3_8b-dj_adpt,3,256,7,768,768,0.9582269999999999,1.047574520111084,cuda
webtable-v2v-v=12-distilroberta-dj_adpt~qwen3_8b-dj_adpt,3,256,8,768,768,0.955588,1.047574520111084,cuda
webtable-v2v-v=12-distilroberta-dj_adpt~qwen3_8b-dj_adpt,3,256,9,768,768,0.952561,1.047574520111084,cuda
webtable-v2v-v=12-distilroberta-dj_adpt~qwen3_8b-dj_adpt,3,256,10,768,768,0.9514889999999999,1.047574520111084,cuda
webtable-v2v-v=12-distilroberta-dj_adpt~qwen3_8b-dj_adpt,4,256,1,768,768,0.9507789999999999,1.047574520111084,cuda
webtable-v2v-v=12-distilroberta-dj_adpt~qwen3_8b-dj_adpt,4,256,2,768,768,0.9527559999999999,1.047574520111084,cuda
webtable-v2v-v=12-distilroberta-dj_adpt~qwen3_8b-dj_adpt,4,256,3,768,768,0.955486,1.047574520111084,cuda
webtable-v2v-v=12-distilroberta-dj_adpt~qwen3_8b-dj_adpt,4,256,4,768,768,0.9559169999999999,1.047574520111084,cuda
webtable-v2v-v=12-distilroberta-dj_adpt~qwen3_8b-dj_adpt,4,256,5,768,768,0.9549799999999999,1.047574520111084,cuda
webtable-v2v-v=12-distilroberta-dj_adpt~qwen3_8b-dj_adpt,4,256,6,768,768,0.9560569999999999,1.047574520111084,cuda
webtable-v2v-v=12-distilroberta-dj_adpt~qwen3_8b-dj_adpt,4,256,7,768,768,0.979309,1.047574520111084,cuda
webtable-v2v-v=12-distilroberta-dj_adpt~qwen3_8b-dj_adpt,4,256,8,768,768,0.96098,1.047574520111084,cuda
webtable-v2v-v=12-distilroberta-dj_adpt~qwen3_8b-dj_adpt,4,256,9,768,768,0.957062,1.047574520111084,cuda
webtable-v2v-v=12-distilroberta-dj_adpt~qwen3_8b-dj_adpt,4,256,10,768,768,0.964258,1.047574520111084,cuda
webtable-v2v-v=12-distilroberta-dj_adpt~qwen3_8b-dj_adpt,5,256,1,768,768,0.946936,1.047574520111084,cuda
webtable-v2v-v=12-distilroberta-dj_adpt~qwen3_8b-dj_adpt,5,256,2,768,768,0.954239,1.047574520111084,cuda
webtable-v2v-v=12-distilroberta-dj_adpt~qwen3_8b-dj_adpt,5,256,3,768,768,0.957525,1.047574520111084,cuda
webtable-v2v-v=12-distilroberta-dj_adpt~qwen3_8b-dj_adpt,5,256,4,768,768,0.9570759999999999,1.047574520111084,cuda
webtable-v2v-v=12-distilroberta-dj_adpt~qwen3_8b-dj_adpt,5,256,5,768,768,0.9560879999999999,1.047574520111084,cuda
webtable-v2v-v=12-distilroberta-dj_adpt~qwen3_8b-dj_adpt,5,256,6,768,768,0.956623,1.047574520111084,cuda
webtable-v2v-v=12-distilroberta-dj_adpt~qwen3_8b-dj_adpt,5,256,7,768,768,0.95368,1.047574520111084,cuda
webtable-v2v-v=12-distilroberta-dj_adpt~qwen3_8b-dj_adpt,5,256,8,768,768,0.954853,1.047574520111084,cuda
webtable-v2v-v=12-distilroberta-dj_adpt~qwen3_8b-dj_adpt,5,256,9,768,768,0.9563309999999999,1.047574520111084,cuda
webtable-v2v-v=12-distilroberta-dj_adpt~qwen3_8b-dj_adpt,5,256,10,768,768,0.953121,1.047574520111084,cuda
webtable-v2v-v=12-distilroberta-dj_adpt~qwen3_8b-dj_adpt,6,256,1,896,768,0.947724,1.047696590423584,cuda
webtable-v2v-v=12-distilroberta-dj_adpt~qwen3_8b-dj_adpt,6,256,2,896,768,0.954309,1.047696590423584,cuda
webtable-v2v-v=12-distilroberta-dj_adpt~qwen3_8b-dj_adpt,6,256,3,896,768,0.9627049999999999,1.047696590423584,cuda
webtable-v2v-v=12-distilroberta-dj_adpt~qwen3_8b-dj_adpt,6,256,4,896,768,0.951773,1.047696590423584,cuda
webtable-v2v-v=12-distilroberta-dj_adpt~qwen3_8b-dj_adpt,6,256,5,896,768,0.954272,1.047696590423584,cuda
webtable-v2v-v=12-distilroberta-dj_adpt~qwen3_8b-dj_adpt,6,256,6,896,768,0.956214,1.047696590423584,cuda
webtable-v2v-v=12-distilroberta-dj_adpt~qwen3_8b-dj_adpt,6,256,7,896,768,0.957274,1.047696590423584,cuda
webtable-v2v-v=12-distilroberta-dj_adpt~qwen3_8b-dj_adpt,6,256,8,896,768,0.956387,1.047696590423584,cuda
webtable-v2v-v=12-distilroberta-dj_adpt~qwen3_8b-dj_adpt,6,256,9,896,768,0.9554689999999999,1.047696590423584,cuda
webtable-v2v-v=12-distilroberta-dj_adpt~qwen3_8b-dj_adpt,6,256,10,896,768,0.954768,1.047696590423584,cuda
webtable-v2v-v=12-distilroberta-dj_adpt~qwen3_8b-dj_adpt,7,256,1,1024,768,0.9202699999999999,1.047818660736084,cuda
webtable-v2v-v=12-distilroberta-dj_adpt~qwen3_8b-dj_adpt,7,256,2,1024,768,0.9223779999999999,1.047818660736084,cuda
webtable-v2v-v=12-distilroberta-dj_adpt~qwen3_8b-dj_adpt,7,256,3,1024,768,0.9213969999999999,1.047818660736084,cuda
webtable-v2v-v=12-distilroberta-dj_adpt~qwen3_8b-dj_adpt,7,256,4,1024,768,0.92002,1.047818660736084,cuda
webtable-v2v-v=12-distilroberta-dj_adpt~qwen3_8b-dj_adpt,7,256,5,1024,768,0.9257799999999999,1.047818660736084,cuda
webtable-v2v-v=12-distilroberta-dj_adpt~qwen3_8b-dj_adpt,7,256,6,1024,768,0.920858,1.047818660736084,cuda
webtable-v2v-v=12-distilroberta-dj_adpt~qwen3_8b-dj_adpt,7,256,7,1024,768,0.9232929999999999,1.047818660736084,cuda
webtable-v2v-v=12-distilroberta-dj_adpt~qwen3_8b-dj_adpt,7,256,8,1024,768,1.4286079999999999,1.047818660736084,cuda
webtable-v2v-v=12-distilroberta-dj_adpt~qwen3_8b-dj_adpt,7,256,9,1024,768,0.9251419999999999,1.047818660736084,cuda
webtable-v2v-v=12-distilroberta-dj_adpt~qwen3_8b-dj_adpt,7,256,10,1024,768,0.921966,1.047818660736084,cuda
webtable-v2v-v=12-distilroberta-dj_adpt~qwen3_8b-dj_adpt,8,256,1,2560,768,0.9956189999999999,1.049283504486084,cuda
webtable-v2v-v=12-distilroberta-dj_adpt~qwen3_8b-dj_adpt,8,256,2,2560,768,0.99803,1.049283504486084,cuda
webtable-v2v-v=12-distilroberta-dj_adpt~qwen3_8b-dj_adpt,8,256,3,2560,768,0.998969,1.049283504486084,cuda
webtable-v2v-v=12-distilroberta-dj_adpt~qwen3_8b-dj_adpt,8,256,4,2560,768,0.9998009999999999,1.049283504486084,cuda
webtable-v2v-v=12-distilroberta-dj_adpt~qwen3_8b-dj_adpt,8,256,5,2560,768,1.000243,1.049283504486084,cuda
webtable-v2v-v=12-distilroberta-dj_adpt~qwen3_8b-dj_adpt,8,256,6,2560,768,0.99942,1.049283504486084,cuda
webtable-v2v-v=12-distilroberta-dj_adpt~qwen3_8b-dj_adpt,8,256,7,2560,768,0.997528,1.049283504486084,cuda
webtable-v2v-v=12-distilroberta-dj_adpt~qwen3_8b-dj_adpt,8,256,8,2560,768,0.9997389999999999,1.049283504486084,cuda
webtable-v2v-v=12-distilroberta-dj_adpt~qwen3_8b-dj_adpt,8,256,9,2560,768,0.999521,1.049283504486084,cuda
webtable-v2v-v=12-distilroberta-dj_adpt~qwen3_8b-dj_adpt,8,256,10,2560,768,0.998776,1.049283504486084,cuda
webtable-v2v-v=12-distilroberta-dj_adpt~qwen3_8b-dj_adpt,9,256,1,3840,768,1.055339,1.050504207611084,cuda
webtable-v2v-v=12-distilroberta-dj_adpt~qwen3_8b-dj_adpt,9,256,2,3840,768,1.059258,1.050504207611084,cuda
webtable-v2v-v=12-distilroberta-dj_adpt~qwen3_8b-dj_adpt,9,256,3,3840,768,1.062487,1.050504207611084,cuda
webtable-v2v-v=12-distilroberta-dj_adpt~qwen3_8b-dj_adpt,9,256,4,3840,768,1.0627339999999998,1.050504207611084,cuda
webtable-v2v-v=12-distilroberta-dj_adpt~qwen3_8b-dj_adpt,9,256,5,3840,768,1.058001,1.050504207611084,cuda
webtable-v2v-v=12-distilroberta-dj_adpt~qwen3_8b-dj_adpt,9,256,6,3840,768,1.057777,1.050504207611084,cuda
webtable-v2v-v=12-distilroberta-dj_adpt~qwen3_8b-dj_adpt,9,256,7,3840,768,1.058665,1.050504207611084,cuda
webtable-v2v-v=12-distilroberta-dj_adpt~qwen3_8b-dj_adpt,9,256,8,3840,768,1.055471,1.050504207611084,cuda
webtable-v2v-v=12-distilroberta-dj_adpt~qwen3_8b-dj_adpt,9,256,9,3840,768,1.058616,1.050504207611084,cuda
webtable-v2v-v=12-distilroberta-dj_adpt~qwen3_8b-dj_adpt,9,256,10,3840,768,1.0593519999999998,1.050504207611084,cuda
webtable-v2v-v=12-distilroberta-dj_adpt~qwen3_8b-dj_adpt,10,256,1,4096,768,1.065528,1.050748348236084,cuda
webtable-v2v-v=12-distilroberta-dj_adpt~qwen3_8b-dj_adpt,10,256,2,4096,768,1.0724179999999999,1.050748348236084,cuda
webtable-v2v-v=12-distilroberta-dj_adpt~qwen3_8b-dj_adpt,10,256,3,4096,768,1.070857,1.050748348236084,cuda
webtable-v2v-v=12-distilroberta-dj_adpt~qwen3_8b-dj_adpt,10,256,4,4096,768,1.070274,1.050748348236084,cuda
webtable-v2v-v=12-distilroberta-dj_adpt~qwen3_8b-dj_adpt,10,256,5,4096,768,1.071945,1.050748348236084,cuda
webtable-v2v-v=12-distilroberta-dj_adpt~qwen3_8b-dj_adpt,10,256,6,4096,768,1.072484,1.050748348236084,cuda
webtable-v2v-v=12-distilroberta-dj_adpt~qwen3_8b-dj_adpt,10,256,7,4096,768,1.070532,1.050748348236084,cuda
webtable-v2v-v=12-distilroberta-dj_adpt~qwen3_8b-dj_adpt,10,256,8,4096,768,1.069404,1.050748348236084,cuda
webtable-v2v-v=12-distilroberta-dj_adpt~qwen3_8b-dj_adpt,10,256,9,4096,768,1.067771,1.050748348236084,cuda
webtable-v2v-v=12-distilroberta-dj_adpt~qwen3_8b-dj_adpt,10,256,10,4096,768,1.080973,1.050748348236084,cuda
webtable-v2v-v=12-distilroberta-dj_adpt~qwen3_8b-dj_adpt,11,256,1,4096,768,1.0723179999999999,1.050748348236084,cuda
webtable-v2v-v=12-distilroberta-dj_adpt~qwen3_8b-dj_adpt,11,256,2,4096,768,1.070849,1.050748348236084,cuda
webtable-v2v-v=12-distilroberta-dj_adpt~qwen3_8b-dj_adpt,11,256,3,4096,768,1.072689,1.050748348236084,cuda
webtable-v2v-v=12-distilroberta-dj_adpt~qwen3_8b-dj_adpt,11,256,4,4096,768,1.067914,1.050748348236084,cuda
webtable-v2v-v=12-distilroberta-dj_adpt~qwen3_8b-dj_adpt,11,256,5,4096,768,1.073477,1.050748348236084,cuda
webtable-v2v-v=12-distilroberta-dj_adpt~qwen3_8b-dj_adpt,11,256,6,4096,768,1.0664099999999999,1.050748348236084,cuda
webtable-v2v-v=12-distilroberta-dj_adpt~qwen3_8b-dj_adpt,11,256,7,4096,768,1.067257,1.050748348236084,cuda
webtable-v2v-v=12-distilroberta-dj_adpt~qwen3_8b-dj_adpt,11,256,8,4096,768,1.069383,1.050748348236084,cuda
webtable-v2v-v=12-distilroberta-dj_adpt~qwen3_8b-dj_adpt,11,256,9,4096,768,1.0725449999999999,1.050748348236084,cuda
webtable-v2v-v=12-distilroberta-dj_adpt~qwen3_8b-dj_adpt,11,256,10,4096,768,1.069362,1.050748348236084,cuda
webtable-v2v-v=12-distilroberta-dj_adpt~qwen3_8b-dj_adpt,0,512,1,768,768,1.482551,1.052579402923584,cuda
webtable-v2v-v=12-distilroberta-dj_adpt~qwen3_8b-dj_adpt,0,512,2,768,768,1.487676,1.052213191986084,cuda
webtable-v2v-v=12-distilroberta-dj_adpt~qwen3_8b-dj_adpt,0,512,3,768,768,1.463041,1.052579402923584,cuda
webtable-v2v-v=12-distilroberta-dj_adpt~qwen3_8b-dj_adpt,0,512,4,768,768,1.468767,1.052213191986084,cuda
webtable-v2v-v=12-distilroberta-dj_adpt~qwen3_8b-dj_adpt,0,512,5,768,768,1.438041,1.052579402923584,cuda
webtable-v2v-v=12-distilroberta-dj_adpt~qwen3_8b-dj_adpt,0,512,6,768,768,1.480754,1.052213191986084,cuda
webtable-v2v-v=12-distilroberta-dj_adpt~qwen3_8b-dj_adpt,0,512,7,768,768,1.4571079999999998,1.052579402923584,cuda
webtable-v2v-v=12-distilroberta-dj_adpt~qwen3_8b-dj_adpt,0,512,8,768,768,1.4773539999999998,1.052213191986084,cuda
webtable-v2v-v=12-distilroberta-dj_adpt~qwen3_8b-dj_adpt,0,512,9,768,768,1.461886,1.052579402923584,cuda
webtable-v2v-v=12-distilroberta-dj_adpt~qwen3_8b-dj_adpt,0,512,10,768,768,1.473836,1.052213191986084,cuda
webtable-v2v-v=12-distilroberta-dj_adpt~qwen3_8b-dj_adpt,1,512,1,384,768,1.447538,1.051480770111084,cuda
webtable-v2v-v=12-distilroberta-dj_adpt~qwen3_8b-dj_adpt,1,512,2,384,768,1.4533369999999999,1.051480770111084,cuda
webtable-v2v-v=12-distilroberta-dj_adpt~qwen3_8b-dj_adpt,1,512,3,384,768,1.420525,1.051480770111084,cuda
webtable-v2v-v=12-distilroberta-dj_adpt~qwen3_8b-dj_adpt,1,512,4,384,768,1.437031,1.051480770111084,cuda
webtable-v2v-v=12-distilroberta-dj_adpt~qwen3_8b-dj_adpt,1,512,5,384,768,1.4382249999999999,1.051480770111084,cuda
webtable-v2v-v=12-distilroberta-dj_adpt~qwen3_8b-dj_adpt,1,512,6,384,768,1.466427,1.051480770111084,cuda
webtable-v2v-v=12-distilroberta-dj_adpt~qwen3_8b-dj_adpt,1,512,7,384,768,1.440332,1.051480770111084,cuda
webtable-v2v-v=12-distilroberta-dj_adpt~qwen3_8b-dj_adpt,1,512,8,384,768,1.426053,1.051480770111084,cuda
webtable-v2v-v=12-distilroberta-dj_adpt~qwen3_8b-dj_adpt,1,512,9,384,768,1.44872,1.051480770111084,cuda
webtable-v2v-v=12-distilroberta-dj_adpt~qwen3_8b-dj_adpt,1,512,10,384,768,1.45712,1.051480770111084,cuda
webtable-v2v-v=12-distilroberta-dj_adpt~qwen3_8b-dj_adpt,2,512,1,384,768,1.450008,1.051480770111084,cuda
webtable-v2v-v=12-distilroberta-dj_adpt~qwen3_8b-dj_adpt,2,512,2,384,768,1.428391,1.051480770111084,cuda
webtable-v2v-v=12-distilroberta-dj_adpt~qwen3_8b-dj_adpt,2,512,3,384,768,1.4654049999999998,1.051480770111084,cuda
webtable-v2v-v=12-distilroberta-dj_adpt~qwen3_8b-dj_adpt,2,512,4,384,768,1.464685,1.051480770111084,cuda
webtable-v2v-v=12-distilroberta-dj_adpt~qwen3_8b-dj_adpt,2,512,5,384,768,1.456941,1.051480770111084,cuda
webtable-v2v-v=12-distilroberta-dj_adpt~qwen3_8b-dj_adpt,2,512,6,384,768,1.454086,1.051480770111084,cuda
webtable-v2v-v=12-distilroberta-dj_adpt~qwen3_8b-dj_adpt,2,512,7,384,768,1.4656669999999998,1.051480770111084,cuda
webtable-v2v-v=12-distilroberta-dj_adpt~qwen3_8b-dj_adpt,2,512,8,384,768,1.4441039999999998,1.051480770111084,cuda
webtable-v2v-v=12-distilroberta-dj_adpt~qwen3_8b-dj_adpt,2,512,9,384,768,1.4536449999999999,1.051480770111084,cuda
webtable-v2v-v=12-distilroberta-dj_adpt~qwen3_8b-dj_adpt,2,512,10,384,768,1.4639119999999999,1.051480770111084,cuda
webtable-v2v-v=12-distilroberta-dj_adpt~qwen3_8b-dj_adpt,3,512,1,768,768,1.465946,1.052579402923584,cuda
webtable-v2v-v=12-distilroberta-dj_adpt~qwen3_8b-dj_adpt,3,512,2,768,768,1.468858,1.052213191986084,cuda
webtable-v2v-v=12-distilroberta-dj_adpt~qwen3_8b-dj_adpt,3,512,3,768,768,1.4667409999999999,1.052579402923584,cuda
webtable-v2v-v=12-distilroberta-dj_adpt~qwen3_8b-dj_adpt,3,512,4,768,768,1.472707,1.052213191986084,cuda
webtable-v2v-v=12-distilroberta-dj_adpt~qwen3_8b-dj_adpt,3,512,5,768,768,1.473427,1.052579402923584,cuda
webtable-v2v-v=12-distilroberta-dj_adpt~qwen3_8b-dj_adpt,3,512,6,768,768,1.4794669999999999,1.052213191986084,cuda
webtable-v2v-v=12-distilroberta-dj_adpt~qwen3_8b-dj_adpt,3,512,7,768,768,1.456629,1.052579402923584,cuda
webtable-v2v-v=12-distilroberta-dj_adpt~qwen3_8b-dj_adpt,3,512,8,768,768,1.467342,1.052213191986084,cuda
webtable-v2v-v=12-distilroberta-dj_adpt~qwen3_8b-dj_adpt,3,512,9,768,768,1.480648,1.052579402923584,cuda
webtable-v2v-v=12-distilroberta-dj_adpt~qwen3_8b-dj_adpt,3,512,10,768,768,1.461239,1.052213191986084,cuda
webtable-v2v-v=12-distilroberta-dj_adpt~qwen3_8b-dj_adpt,4,512,1,768,768,1.452226,1.052213191986084,cuda
webtable-v2v-v=12-distilroberta-dj_adpt~qwen3_8b-dj_adpt,4,512,2,768,768,1.4687059999999998,1.052579402923584,cuda
webtable-v2v-v=12-distilroberta-dj_adpt~qwen3_8b-dj_adpt,4,512,3,768,768,1.460241,1.052213191986084,cuda
webtable-v2v-v=12-distilroberta-dj_adpt~qwen3_8b-dj_adpt,4,512,4,768,768,1.462186,1.052579402923584,cuda
webtable-v2v-v=12-distilroberta-dj_adpt~qwen3_8b-dj_adpt,4,512,5,768,768,1.46251,1.052213191986084,cuda
webtable-v2v-v=12-distilroberta-dj_adpt~qwen3_8b-dj_adpt,4,512,6,768,768,1.462368,1.052579402923584,cuda
webtable-v2v-v=12-distilroberta-dj_adpt~qwen3_8b-dj_adpt,4,512,7,768,768,1.461641,1.052213191986084,cuda
webtable-v2v-v=12-distilroberta-dj_adpt~qwen3_8b-dj_adpt,4,512,8,768,768,1.4597529999999999,1.052579402923584,cuda
webtable-v2v-v=12-distilroberta-dj_adpt~qwen3_8b-dj_adpt,4,512,9,768,768,1.4423869999999999,1.052213191986084,cuda
webtable-v2v-v=12-distilroberta-dj_adpt~qwen3_8b-dj_adpt,4,512,10,768,768,1.427918,1.052579402923584,cuda
webtable-v2v-v=12-distilroberta-dj_adpt~qwen3_8b-dj_adpt,5,512,1,768,768,1.4458149999999999,1.052579402923584,cuda
webtable-v2v-v=12-distilroberta-dj_adpt~qwen3_8b-dj_adpt,5,512,2,768,768,1.455782,1.052213191986084,cuda
webtable-v2v-v=12-distilroberta-dj_adpt~qwen3_8b-dj_adpt,5,512,3,768,768,1.46474,1.052579402923584,cuda
webtable-v2v-v=12-distilroberta-dj_adpt~qwen3_8b-dj_adpt,5,512,4,768,768,1.484136,1.052213191986084,cuda
webtable-v2v-v=12-distilroberta-dj_adpt~qwen3_8b-dj_adpt,5,512,5,768,768,1.462175,1.052579402923584,cuda
webtable-v2v-v=12-distilroberta-dj_adpt~qwen3_8b-dj_adpt,5,512,6,768,768,1.468767,1.052213191986084,cuda
webtable-v2v-v=12-distilroberta-dj_adpt~qwen3_8b-dj_adpt,5,512,7,768,768,1.458227,1.052579402923584,cuda
webtable-v2v-v=12-distilroberta-dj_adpt~qwen3_8b-dj_adpt,5,512,8,768,768,1.4616479999999998,1.052213191986084,cuda
webtable-v2v-v=12-distilroberta-dj_adpt~qwen3_8b-dj_adpt,5,512,9,768,768,1.440003,1.052579402923584,cuda
webtable-v2v-v=12-distilroberta-dj_adpt~qwen3_8b-dj_adpt,5,512,10,768,768,1.449945,1.052213191986084,cuda
webtable-v2v-v=12-distilroberta-dj_adpt~qwen3_8b-dj_adpt,6,512,1,896,768,1.49617,1.052701473236084,cuda
webtable-v2v-v=12-distilroberta-dj_adpt~qwen3_8b-dj_adpt,6,512,2,896,768,1.479681,1.052579402923584,cuda
webtable-v2v-v=12-distilroberta-dj_adpt~qwen3_8b-dj_adpt,6,512,3,896,768,1.484337,1.052701473236084,cuda
webtable-v2v-v=12-distilroberta-dj_adpt~qwen3_8b-dj_adpt,6,512,4,896,768,1.485207,1.052579402923584,cuda
webtable-v2v-v=12-distilroberta-dj_adpt~qwen3_8b-dj_adpt,6,512,5,896,768,1.479156,1.052701473236084,cuda
webtable-v2v-v=12-distilroberta-dj_adpt~qwen3_8b-dj_adpt,6,512,6,896,768,1.478845,1.052579402923584,cuda
webtable-v2v-v=12-distilroberta-dj_adpt~qwen3_8b-dj_adpt,6,512,7,896,768,1.4822849999999999,1.052701473236084,cuda
webtable-v2v-v=12-distilroberta-dj_adpt~qwen3_8b-dj_adpt,6,512,8,896,768,1.497566,1.052579402923584,cuda
webtable-v2v-v=12-distilroberta-dj_adpt~qwen3_8b-dj_adpt,6,512,9,896,768,1.482535,1.052701473236084,cuda
webtable-v2v-v=12-distilroberta-dj_adpt~qwen3_8b-dj_adpt,6,512,10,896,768,1.472677,1.052579402923584,cuda
webtable-v2v-v=12-distilroberta-dj_adpt~qwen3_8b-dj_adpt,7,512,1,1024,768,1.481955,1.052701473236084,cuda
webtable-v2v-v=12-distilroberta-dj_adpt~qwen3_8b-dj_adpt,7,512,2,1024,768,1.4645,1.052701473236084,cuda
webtable-v2v-v=12-distilroberta-dj_adpt~qwen3_8b-dj_adpt,7,512,3,1024,768,1.4800719999999998,1.052701473236084,cuda
webtable-v2v-v=12-distilroberta-dj_adpt~qwen3_8b-dj_adpt,7,512,4,1024,768,1.4739039999999999,1.052701473236084,cuda
webtable-v2v-v=12-distilroberta-dj_adpt~qwen3_8b-dj_adpt,7,512,5,1024,768,1.463541,1.052701473236084,cuda
webtable-v2v-v=12-distilroberta-dj_adpt~qwen3_8b-dj_adpt,7,512,6,1024,768,1.480163,1.052701473236084,cuda
webtable-v2v-v=12-distilroberta-dj_adpt~qwen3_8b-dj_adpt,7,512,7,1024,768,1.49268,1.052701473236084,cuda
webtable-v2v-v=12-distilroberta-dj_adpt~qwen3_8b-dj_adpt,7,512,8,1024,768,1.485608,1.052701473236084,cuda
webtable-v2v-v=12-distilroberta-dj_adpt~qwen3_8b-dj_adpt,7,512,9,1024,768,1.4858559999999998,1.052701473236084,cuda
webtable-v2v-v=12-distilroberta-dj_adpt~qwen3_8b-dj_adpt,7,512,10,1024,768,1.484416,1.052701473236084,cuda
webtable-v2v-v=12-distilroberta-dj_adpt~qwen3_8b-dj_adpt,8,512,1,2560,768,1.6240059999999998,1.055631160736084,cuda
webtable-v2v-v=12-distilroberta-dj_adpt~qwen3_8b-dj_adpt,8,512,2,2560,768,1.6305509999999999,1.055631160736084,cuda
webtable-v2v-v=12-distilroberta-dj_adpt~qwen3_8b-dj_adpt,8,512,3,2560,768,1.5964509999999998,1.055631160736084,cuda
webtable-v2v-v=12-distilroberta-dj_adpt~qwen3_8b-dj_adpt,8,512,4,2560,768,1.646061,1.055631160736084,cuda
webtable-v2v-v=12-distilroberta-dj_adpt~qwen3_8b-dj_adpt,8,512,5,2560,768,1.629856,1.055631160736084,cuda
webtable-v2v-v=12-distilroberta-dj_adpt~qwen3_8b-dj_adpt,8,512,6,2560,768,1.6151799999999998,1.055631160736084,cuda
webtable-v2v-v=12-distilroberta-dj_adpt~qwen3_8b-dj_adpt,8,512,7,2560,768,1.6209859999999998,1.055631160736084,cuda
webtable-v2v-v=12-distilroberta-dj_adpt~qwen3_8b-dj_adpt,8,512,8,2560,768,1.6280649999999999,1.055631160736084,cuda
webtable-v2v-v=12-distilroberta-dj_adpt~qwen3_8b-dj_adpt,8,512,9,2560,768,1.601443,1.055631160736084,cuda
webtable-v2v-v=12-distilroberta-dj_adpt~qwen3_8b-dj_adpt,8,512,10,2560,768,1.632881,1.055631160736084,cuda
webtable-v2v-v=12-distilroberta-dj_adpt~qwen3_8b-dj_adpt,9,512,1,3840,768,1.747199,1.058560848236084,cuda
webtable-v2v-v=12-distilroberta-dj_adpt~qwen3_8b-dj_adpt,9,512,2,3840,768,1.730367,1.058560848236084,cuda
webtable-v2v-v=12-distilroberta-dj_adpt~qwen3_8b-dj_adpt,9,512,3,3840,768,1.7482019999999998,1.058560848236084,cuda
webtable-v2v-v=12-distilroberta-dj_adpt~qwen3_8b-dj_adpt,9,512,4,3840,768,1.7394919999999998,1.058560848236084,cuda
webtable-v2v-v=12-distilroberta-dj_adpt~qwen3_8b-dj_adpt,9,512,5,3840,768,1.753868,1.058560848236084,cuda
webtable-v2v-v=12-distilroberta-dj_adpt~qwen3_8b-dj_adpt,9,512,6,3840,768,1.765112,1.058560848236084,cuda
webtable-v2v-v=12-distilroberta-dj_adpt~qwen3_8b-dj_adpt,9,512,7,3840,768,1.748551,1.058560848236084,cuda
webtable-v2v-v=12-distilroberta-dj_adpt~qwen3_8b-dj_adpt,9,512,8,3840,768,1.7606709999999999,1.058560848236084,cuda
webtable-v2v-v=12-distilroberta-dj_adpt~qwen3_8b-dj_adpt,9,512,9,3840,768,1.7351919999999998,1.058560848236084,cuda
webtable-v2v-v=12-distilroberta-dj_adpt~qwen3_8b-dj_adpt,9,512,10,3840,768,1.7383979999999999,1.058560848236084,cuda
webtable-v2v-v=12-distilroberta-dj_adpt~qwen3_8b-dj_adpt,10,512,1,4096,768,1.7650819999999998,1.058560848236084,cuda
webtable-v2v-v=12-distilroberta-dj_adpt~qwen3_8b-dj_adpt,10,512,2,4096,768,1.727989,1.058560848236084,cuda
webtable-v2v-v=12-distilroberta-dj_adpt~qwen3_8b-dj_adpt,10,512,3,4096,768,1.773062,1.058560848236084,cuda
webtable-v2v-v=12-distilroberta-dj_adpt~qwen3_8b-dj_adpt,10,512,4,4096,768,1.7742369999999998,1.058560848236084,cuda
webtable-v2v-v=12-distilroberta-dj_adpt~qwen3_8b-dj_adpt,10,512,5,4096,768,1.757344,1.058560848236084,cuda
webtable-v2v-v=12-distilroberta-dj_adpt~qwen3_8b-dj_adpt,10,512,6,4096,768,1.7496589999999999,1.058560848236084,cuda
webtable-v2v-v=12-distilroberta-dj_adpt~qwen3_8b-dj_adpt,10,512,7,4096,768,1.781704,1.058560848236084,cuda
webtable-v2v-v=12-distilroberta-dj_adpt~qwen3_8b-dj_adpt,10,512,8,4096,768,1.751563,1.058560848236084,cuda
webtable-v2v-v=12-distilroberta-dj_adpt~qwen3_8b-dj_adpt,10,512,9,4096,768,1.771201,1.058560848236084,cuda
webtable-v2v-v=12-distilroberta-dj_adpt~qwen3_8b-dj_adpt,10,512,10,4096,768,1.770962,1.058560848236084,cuda
webtable-v2v-v=12-distilroberta-dj_adpt~qwen3_8b-dj_adpt,11,512,1,4096,768,1.780238,1.058560848236084,cuda
webtable-v2v-v=12-distilroberta-dj_adpt~qwen3_8b-dj_adpt,11,512,2,4096,768,1.781566,1.058560848236084,cuda
webtable-v2v-v=12-distilroberta-dj_adpt~qwen3_8b-dj_adpt,11,512,3,4096,768,1.769847,1.058560848236084,cuda
webtable-v2v-v=12-distilroberta-dj_adpt~qwen3_8b-dj_adpt,11,512,4,4096,768,1.750904,1.058560848236084,cuda
webtable-v2v-v=12-distilroberta-dj_adpt~qwen3_8b-dj_adpt,11,512,5,4096,768,1.784657,1.058560848236084,cuda
webtable-v2v-v=12-distilroberta-dj_adpt~qwen3_8b-dj_adpt,11,512,6,4096,768,1.759962,1.058560848236084,cuda
webtable-v2v-v=12-distilroberta-dj_adpt~qwen3_8b-dj_adpt,11,512,7,4096,768,1.76348,1.058560848236084,cuda
webtable-v2v-v=12-distilroberta-dj_adpt~qwen3_8b-dj_adpt,11,512,8,4096,768,1.767715,1.058560848236084,cuda
webtable-v2v-v=12-distilroberta-dj_adpt~qwen3_8b-dj_adpt,11,512,9,4096,768,1.7864149999999999,1.058560848236084,cuda
webtable-v2v-v=12-distilroberta-dj_adpt~qwen3_8b-dj_adpt,11,512,10,4096,768,1.781755,1.058560848236084,cuda
webtable-v2v-v=12-distilroberta-dj_adpt~qwen3_8b-dj_adpt,0,1024,1,768,768,2.287945,1.061490535736084,cuda
webtable-v2v-v=12-distilroberta-dj_adpt~qwen3_8b-dj_adpt,0,1024,2,768,768,2.292668,1.061490535736084,cuda
webtable-v2v-v=12-distilroberta-dj_adpt~qwen3_8b-dj_adpt,0,1024,3,768,768,2.290831,1.061490535736084,cuda
webtable-v2v-v=12-distilroberta-dj_adpt~qwen3_8b-dj_adpt,0,1024,4,768,768,2.29378,1.061490535736084,cuda
webtable-v2v-v=12-distilroberta-dj_adpt~qwen3_8b-dj_adpt,0,1024,5,768,768,2.295374,1.061490535736084,cuda
webtable-v2v-v=12-distilroberta-dj_adpt~qwen3_8b-dj_adpt,0,1024,6,768,768,2.288754,1.061490535736084,cuda
webtable-v2v-v=12-distilroberta-dj_adpt~qwen3_8b-dj_adpt,0,1024,7,768,768,2.292375,1.061490535736084,cuda
webtable-v2v-v=12-distilroberta-dj_adpt~qwen3_8b-dj_adpt,0,1024,8,768,768,2.29336,1.061490535736084,cuda
webtable-v2v-v=12-distilroberta-dj_adpt~qwen3_8b-dj_adpt,0,1024,9,768,768,2.2926089999999997,1.061490535736084,cuda
webtable-v2v-v=12-distilroberta-dj_adpt~qwen3_8b-dj_adpt,0,1024,10,768,768,2.287903,1.061490535736084,cuda
webtable-v2v-v=12-distilroberta-dj_adpt~qwen3_8b-dj_adpt,1,1024,1,384,768,2.224745,1.060391902923584,cuda
webtable-v2v-v=12-distilroberta-dj_adpt~qwen3_8b-dj_adpt,1,1024,2,384,768,2.228297,1.060025691986084,cuda
webtable-v2v-v=12-distilroberta-dj_adpt~qwen3_8b-dj_adpt,1,1024,3,384,768,2.231255,1.060391902923584,cuda
webtable-v2v-v=12-distilroberta-dj_adpt~qwen3_8b-dj_adpt,1,1024,4,384,768,2.228787,1.060025691986084,cuda
webtable-v2v-v=12-distilroberta-dj_adpt~qwen3_8b-dj_adpt,1,1024,5,384,768,2.222574,1.060391902923584,cuda
webtable-v2v-v=12-distilroberta-dj_adpt~qwen3_8b-dj_adpt,1,1024,6,384,768,2.2178109999999998,1.060025691986084,cuda
webtable-v2v-v=12-distilroberta-dj_adpt~qwen3_8b-dj_adpt,1,1024,7,384,768,2.219068,1.060391902923584,cuda
webtable-v2v-v=12-distilroberta-dj_adpt~qwen3_8b-dj_adpt,1,1024,8,384,768,2.226039,1.060025691986084,cuda
webtable-v2v-v=12-distilroberta-dj_adpt~qwen3_8b-dj_adpt,1,1024,9,384,768,2.22009,1.060391902923584,cuda
webtable-v2v-v=12-distilroberta-dj_adpt~qwen3_8b-dj_adpt,1,1024,10,384,768,2.220344,1.060025691986084,cuda
webtable-v2v-v=12-distilroberta-dj_adpt~qwen3_8b-dj_adpt,2,1024,1,384,768,2.2162129999999998,1.060025691986084,cuda
webtable-v2v-v=12-distilroberta-dj_adpt~qwen3_8b-dj_adpt,2,1024,2,384,768,2.218272,1.060391902923584,cuda
webtable-v2v-v=12-distilroberta-dj_adpt~qwen3_8b-dj_adpt,2,1024,3,384,768,2.22051,1.060025691986084,cuda
webtable-v2v-v=12-distilroberta-dj_adpt~qwen3_8b-dj_adpt,2,1024,4,384,768,2.2191099999999997,1.060391902923584,cuda
webtable-v2v-v=12-distilroberta-dj_adpt~qwen3_8b-dj_adpt,2,1024,5,384,768,2.219402,1.060025691986084,cuda
webtable-v2v-v=12-distilroberta-dj_adpt~qwen3_8b-dj_adpt,2,1024,6,384,768,2.219526,1.060391902923584,cuda
webtable-v2v-v=12-distilroberta-dj_adpt~qwen3_8b-dj_adpt,2,1024,7,384,768,3.7704239999999998,1.060025691986084,cuda
webtable-v2v-v=12-distilroberta-dj_adpt~qwen3_8b-dj_adpt,2,1024,8,384,768,2.2226559999999997,1.060391902923584,cuda
webtable-v2v-v=12-distilroberta-dj_adpt~qwen3_8b-dj_adpt,2,1024,9,384,768,2.220128,1.060025691986084,cuda
webtable-v2v-v=12-distilroberta-dj_adpt~qwen3_8b-dj_adpt,2,1024,10,384,768,2.219712,1.060391902923584,cuda
webtable-v2v-v=12-distilroberta-dj_adpt~qwen3_8b-dj_adpt,3,1024,1,768,768,2.275191,1.061490535736084,cuda
webtable-v2v-v=12-distilroberta-dj_adpt~qwen3_8b-dj_adpt,3,1024,2,768,768,2.281066,1.061490535736084,cuda
webtable-v2v-v=12-distilroberta-dj_adpt~qwen3_8b-dj_adpt,3,1024,3,768,768,2.2793479999999997,1.061490535736084,cuda
webtable-v2v-v=12-distilroberta-dj_adpt~qwen3_8b-dj_adpt,3,1024,4,768,768,2.2799549999999997,1.061490535736084,cuda
webtable-v2v-v=12-distilroberta-dj_adpt~qwen3_8b-dj_adpt,3,1024,5,768,768,2.280678,1.061490535736084,cuda
webtable-v2v-v=12-distilroberta-dj_adpt~qwen3_8b-dj_adpt,3,1024,6,768,768,2.2787569999999997,1.061490535736084,cuda
webtable-v2v-v=12-distilroberta-dj_adpt~qwen3_8b-dj_adpt,3,1024,7,768,768,2.275662,1.061490535736084,cuda
webtable-v2v-v=12-distilroberta-dj_adpt~qwen3_8b-dj_adpt,3,1024,8,768,768,2.2797799999999997,1.061490535736084,cuda
webtable-v2v-v=12-distilroberta-dj_adpt~qwen3_8b-dj_adpt,3,1024,9,768,768,2.276849,1.061490535736084,cuda
webtable-v2v-v=12-distilroberta-dj_adpt~qwen3_8b-dj_adpt,3,1024,10,768,768,2.2781569999999998,1.061490535736084,cuda
webtable-v2v-v=12-distilroberta-dj_adpt~qwen3_8b-dj_adpt,4,1024,1,768,768,2.275131,1.061490535736084,cuda
webtable-v2v-v=12-distilroberta-dj_adpt~qwen3_8b-dj_adpt,4,1024,2,768,768,2.276906,1.061490535736084,cuda
webtable-v2v-v=12-distilroberta-dj_adpt~qwen3_8b-dj_adpt,4,1024,3,768,768,2.2802249999999997,1.061490535736084,cuda
webtable-v2v-v=12-distilroberta-dj_adpt~qwen3_8b-dj_adpt,4,1024,4,768,768,2.28045,1.061490535736084,cuda
webtable-v2v-v=12-distilroberta-dj_adpt~qwen3_8b-dj_adpt,4,1024,5,768,768,2.2780419999999997,1.061490535736084,cuda
webtable-v2v-v=12-distilroberta-dj_adpt~qwen3_8b-dj_adpt,4,1024,6,768,768,2.2776959999999997,1.061490535736084,cuda
webtable-v2v-v=12-distilroberta-dj_adpt~qwen3_8b-dj_adpt,4,1024,7,768,768,2.277434,1.061490535736084,cuda
webtable-v2v-v=12-distilroberta-dj_adpt~qwen3_8b-dj_adpt,4,1024,8,768,768,2.2777369999999997,1.061490535736084,cuda
webtable-v2v-v=12-distilroberta-dj_adpt~qwen3_8b-dj_adpt,4,1024,9,768,768,2.280559,1.061490535736084,cuda
webtable-v2v-v=12-distilroberta-dj_adpt~qwen3_8b-dj_adpt,4,1024,10,768,768,2.279093,1.061490535736084,cuda
webtable-v2v-v=12-distilroberta-dj_adpt~qwen3_8b-dj_adpt,5,1024,1,768,768,2.274193,1.061490535736084,cuda
webtable-v2v-v=12-distilroberta-dj_adpt~qwen3_8b-dj_adpt,5,1024,2,768,768,2.277344,1.061490535736084,cuda
webtable-v2v-v=12-distilroberta-dj_adpt~qwen3_8b-dj_adpt,5,1024,3,768,768,2.280378,1.061490535736084,cuda
webtable-v2v-v=12-distilroberta-dj_adpt~qwen3_8b-dj_adpt,5,1024,4,768,768,2.2784079999999998,1.061490535736084,cuda
webtable-v2v-v=12-distilroberta-dj_adpt~qwen3_8b-dj_adpt,5,1024,5,768,768,2.277196,1.061490535736084,cuda
webtable-v2v-v=12-distilroberta-dj_adpt~qwen3_8b-dj_adpt,5,1024,6,768,768,2.280894,1.061490535736084,cuda
webtable-v2v-v=12-distilroberta-dj_adpt~qwen3_8b-dj_adpt,5,1024,7,768,768,2.293058,1.061490535736084,cuda
webtable-v2v-v=12-distilroberta-dj_adpt~qwen3_8b-dj_adpt,5,1024,8,768,768,4.587695,1.061490535736084,cuda
webtable-v2v-v=12-distilroberta-dj_adpt~qwen3_8b-dj_adpt,5,1024,9,768,768,2.7602889999999998,1.061490535736084,cuda
webtable-v2v-v=12-distilroberta-dj_adpt~qwen3_8b-dj_adpt,5,1024,10,768,768,2.757469,1.061490535736084,cuda
webtable-v2v-v=12-distilroberta-dj_adpt~qwen3_8b-dj_adpt,6,1024,1,896,768,2.5567889999999998,1.061978816986084,cuda
webtable-v2v-v=12-distilroberta-dj_adpt~qwen3_8b-dj_adpt,6,1024,2,896,768,2.404715,1.061978816986084,cuda
webtable-v2v-v=12-distilroberta-dj_adpt~qwen3_8b-dj_adpt,6,1024,3,896,768,2.397027,1.061978816986084,cuda
webtable-v2v-v=12-distilroberta-dj_adpt~qwen3_8b-dj_adpt,6,1024,4,896,768,2.3994809999999998,1.061978816986084,cuda
webtable-v2v-v=12-distilroberta-dj_adpt~qwen3_8b-dj_adpt,6,1024,5,896,768,2.399015,1.061978816986084,cuda
webtable-v2v-v=12-distilroberta-dj_adpt~qwen3_8b-dj_adpt,6,1024,6,896,768,2.318679,1.061978816986084,cuda
webtable-v2v-v=12-distilroberta-dj_adpt~qwen3_8b-dj_adpt,6,1024,7,896,768,2.316939,1.061978816986084,cuda
webtable-v2v-v=12-distilroberta-dj_adpt~qwen3_8b-dj_adpt,6,1024,8,896,768,2.317183,1.061978816986084,cuda
webtable-v2v-v=12-distilroberta-dj_adpt~qwen3_8b-dj_adpt,6,1024,9,896,768,2.316577,1.061978816986084,cuda
webtable-v2v-v=12-distilroberta-dj_adpt~qwen3_8b-dj_adpt,6,1024,10,896,768,2.3021849999999997,1.061978816986084,cuda
webtable-v2v-v=12-distilroberta-dj_adpt~qwen3_8b-dj_adpt,7,1024,1,1024,768,2.303159,1.062467098236084,cuda
webtable-v2v-v=12-distilroberta-dj_adpt~qwen3_8b-dj_adpt,7,1024,2,1024,768,2.304786,1.062467098236084,cuda
webtable-v2v-v=12-distilroberta-dj_adpt~qwen3_8b-dj_adpt,7,1024,3,1024,768,2.304969,1.062467098236084,cuda
webtable-v2v-v=12-distilroberta-dj_adpt~qwen3_8b-dj_adpt,7,1024,4,1024,768,2.304843,1.062467098236084,cuda
webtable-v2v-v=12-distilroberta-dj_adpt~qwen3_8b-dj_adpt,7,1024,5,1024,768,2.306183,1.062467098236084,cuda
webtable-v2v-v=12-distilroberta-dj_adpt~qwen3_8b-dj_adpt,7,1024,6,1024,768,2.3059469999999997,1.062467098236084,cuda
webtable-v2v-v=12-distilroberta-dj_adpt~qwen3_8b-dj_adpt,7,1024,7,1024,768,2.308491,1.062467098236084,cuda
webtable-v2v-v=12-distilroberta-dj_adpt~qwen3_8b-dj_adpt,7,1024,8,1024,768,2.3033829999999997,1.062467098236084,cuda
webtable-v2v-v=12-distilroberta-dj_adpt~qwen3_8b-dj_adpt,7,1024,9,1024,768,2.305208,1.062467098236084,cuda
webtable-v2v-v=12-distilroberta-dj_adpt~qwen3_8b-dj_adpt,7,1024,10,1024,768,2.303414,1.062467098236084,cuda
webtable-v2v-v=12-distilroberta-dj_adpt~qwen3_8b-dj_adpt,8,1024,1,2560,768,2.520464,1.068326473236084,cuda
webtable-v2v-v=12-distilroberta-dj_adpt~qwen3_8b-dj_adpt,8,1024,2,2560,768,2.523905,1.068326473236084,cuda
webtable-v2v-v=12-distilroberta-dj_adpt~qwen3_8b-dj_adpt,8,1024,3,2560,768,2.5206299999999997,1.068326473236084,cuda
webtable-v2v-v=12-distilroberta-dj_adpt~qwen3_8b-dj_adpt,8,1024,4,2560,768,2.522666,1.068326473236084,cuda
webtable-v2v-v=12-distilroberta-dj_adpt~qwen3_8b-dj_adpt,8,1024,5,2560,768,2.5227589999999998,1.068326473236084,cuda
webtable-v2v-v=12-distilroberta-dj_adpt~qwen3_8b-dj_adpt,8,1024,6,2560,768,2.5188919999999997,1.068326473236084,cuda
webtable-v2v-v=12-distilroberta-dj_adpt~qwen3_8b-dj_adpt,8,1024,7,2560,768,2.522681,1.068326473236084,cuda
webtable-v2v-v=12-distilroberta-dj_adpt~qwen3_8b-dj_adpt,8,1024,8,2560,768,2.522334,1.068326473236084,cuda
webtable-v2v-v=12-distilroberta-dj_adpt~qwen3_8b-dj_adpt,8,1024,9,2560,768,2.521302,1.068326473236084,cuda
webtable-v2v-v=12-distilroberta-dj_adpt~qwen3_8b-dj_adpt,8,1024,10,2560,768,2.52993,1.068326473236084,cuda
webtable-v2v-v=12-distilroberta-dj_adpt~qwen3_8b-dj_adpt,9,1024,1,3840,768,2.706003,1.074185848236084,cuda
webtable-v2v-v=12-distilroberta-dj_adpt~qwen3_8b-dj_adpt,9,1024,2,3840,768,2.705467,1.074185848236084,cuda
webtable-v2v-v=12-distilroberta-dj_adpt~qwen3_8b-dj_adpt,9,1024,3,3840,768,2.706658,1.074185848236084,cuda
webtable-v2v-v=12-distilroberta-dj_adpt~qwen3_8b-dj_adpt,9,1024,4,3840,768,2.7093689999999997,1.074185848236084,cuda
webtable-v2v-v=12-distilroberta-dj_adpt~qwen3_8b-dj_adpt,9,1024,5,3840,768,2.709724,1.074185848236084,cuda
webtable-v2v-v=12-distilroberta-dj_adpt~qwen3_8b-dj_adpt,9,1024,6,3840,768,2.703722,1.074185848236084,cuda
webtable-v2v-v=12-distilroberta-dj_adpt~qwen3_8b-dj_adpt,9,1024,7,3840,768,2.7053469999999997,1.074185848236084,cuda
webtable-v2v-v=12-distilroberta-dj_adpt~qwen3_8b-dj_adpt,9,1024,8,3840,768,2.7068529999999997,1.074185848236084,cuda
webtable-v2v-v=12-distilroberta-dj_adpt~qwen3_8b-dj_adpt,9,1024,9,3840,768,2.711697,1.074185848236084,cuda
webtable-v2v-v=12-distilroberta-dj_adpt~qwen3_8b-dj_adpt,9,1024,10,3840,768,2.70333,1.074185848236084,cuda
webtable-v2v-v=12-distilroberta-dj_adpt~qwen3_8b-dj_adpt,10,1024,1,4096,768,2.7470019999999997,1.074185848236084,cuda
webtable-v2v-v=12-distilroberta-dj_adpt~qwen3_8b-dj_adpt,10,1024,2,4096,768,2.7500809999999998,1.074185848236084,cuda
webtable-v2v-v=12-distilroberta-dj_adpt~qwen3_8b-dj_adpt,10,1024,3,4096,768,2.743883,1.074185848236084,cuda
webtable-v2v-v=12-distilroberta-dj_adpt~qwen3_8b-dj_adpt,10,1024,4,4096,768,2.7496579999999997,1.074185848236084,cuda
webtable-v2v-v=12-distilroberta-dj_adpt~qwen3_8b-dj_adpt,10,1024,5,4096,768,2.7468529999999998,1.074185848236084,cuda
webtable-v2v-v=12-distilroberta-dj_adpt~qwen3_8b-dj_adpt,10,1024,6,4096,768,2.747497,1.074185848236084,cuda
webtable-v2v-v=12-distilroberta-dj_adpt~qwen3_8b-dj_adpt,10,1024,7,4096,768,2.74728,1.074185848236084,cuda
webtable-v2v-v=12-distilroberta-dj_adpt~qwen3_8b-dj_adpt,10,1024,8,4096,768,2.746574,1.074185848236084,cuda
webtable-v2v-v=12-distilroberta-dj_adpt~qwen3_8b-dj_adpt,10,1024,9,4096,768,2.743572,1.074185848236084,cuda
webtable-v2v-v=12-distilroberta-dj_adpt~qwen3_8b-dj_adpt,10,1024,10,4096,768,2.752377,1.074185848236084,cuda
webtable-v2v-v=12-distilroberta-dj_adpt~qwen3_8b-dj_adpt,11,1024,1,4096,768,2.745187,1.074185848236084,cuda
webtable-v2v-v=12-distilroberta-dj_adpt~qwen3_8b-dj_adpt,11,1024,2,4096,768,2.7447839999999997,1.074185848236084,cuda
webtable-v2v-v=12-distilroberta-dj_adpt~qwen3_8b-dj_adpt,11,1024,3,4096,768,2.746153,1.074185848236084,cuda
webtable-v2v-v=12-distilroberta-dj_adpt~qwen3_8b-dj_adpt,11,1024,4,4096,768,2.744671,1.074185848236084,cuda
webtable-v2v-v=12-distilroberta-dj_adpt~qwen3_8b-dj_adpt,11,1024,5,4096,768,2.744896,1.074185848236084,cuda
webtable-v2v-v=12-distilroberta-dj_adpt~qwen3_8b-dj_adpt,11,1024,6,4096,768,2.747054,1.074185848236084,cuda
webtable-v2v-v=12-distilroberta-dj_adpt~qwen3_8b-dj_adpt,11,1024,7,4096,768,2.7464269999999997,1.074185848236084,cuda
webtable-v2v-v=12-distilroberta-dj_adpt~qwen3_8b-dj_adpt,11,1024,8,4096,768,2.748065,1.074185848236084,cuda
webtable-v2v-v=12-distilroberta-dj_adpt~qwen3_8b-dj_adpt,11,1024,9,4096,768,2.7544589999999998,1.074185848236084,cuda
webtable-v2v-v=12-distilroberta-dj_adpt~qwen3_8b-dj_adpt,11,1024,10,4096,768,2.747769,1.074185848236084,cuda
webtable-v2v-v=12-distilroberta-dj_adpt~qwen3_8b-dj_adpt,0,2048,1,768,768,3.7511319999999997,1.080045223236084,cuda
webtable-v2v-v=12-distilroberta-dj_adpt~qwen3_8b-dj_adpt,0,2048,2,768,768,3.7528159999999997,1.080045223236084,cuda
webtable-v2v-v=12-distilroberta-dj_adpt~qwen3_8b-dj_adpt,0,2048,3,768,768,3.7605239999999998,1.080045223236084,cuda
webtable-v2v-v=12-distilroberta-dj_adpt~qwen3_8b-dj_adpt,0,2048,4,768,768,3.7595039999999997,1.080045223236084,cuda
webtable-v2v-v=12-distilroberta-dj_adpt~qwen3_8b-dj_adpt,0,2048,5,768,768,3.754229,1.080045223236084,cuda
webtable-v2v-v=12-distilroberta-dj_adpt~qwen3_8b-dj_adpt,0,2048,6,768,768,3.761529,1.080045223236084,cuda
webtable-v2v-v=12-distilroberta-dj_adpt~qwen3_8b-dj_adpt,0,2048,7,768,768,3.799731,1.080045223236084,cuda
webtable-v2v-v=12-distilroberta-dj_adpt~qwen3_8b-dj_adpt,0,2048,8,768,768,3.7976699999999997,1.080045223236084,cuda
webtable-v2v-v=12-distilroberta-dj_adpt~qwen3_8b-dj_adpt,0,2048,9,768,768,3.7955379999999996,1.080045223236084,cuda
webtable-v2v-v=12-distilroberta-dj_adpt~qwen3_8b-dj_adpt,0,2048,10,768,768,3.7932409999999996,1.080045223236084,cuda
webtable-v2v-v=12-distilroberta-dj_adpt~qwen3_8b-dj_adpt,1,2048,1,384,768,3.695438,1.077115535736084,cuda
webtable-v2v-v=12-distilroberta-dj_adpt~qwen3_8b-dj_adpt,1,2048,2,384,768,3.695953,1.077115535736084,cuda
webtable-v2v-v=12-distilroberta-dj_adpt~qwen3_8b-dj_adpt,1,2048,3,384,768,3.69779,1.077115535736084,cuda
webtable-v2v-v=12-distilroberta-dj_adpt~qwen3_8b-dj_adpt,1,2048,4,384,768,3.696637,1.077115535736084,cuda
webtable-v2v-v=12-distilroberta-dj_adpt~qwen3_8b-dj_adpt,1,2048,5,384,768,3.697425,1.077115535736084,cuda
webtable-v2v-v=12-distilroberta-dj_adpt~qwen3_8b-dj_adpt,1,2048,6,384,768,3.6972989999999997,1.077115535736084,cuda
webtable-v2v-v=12-distilroberta-dj_adpt~qwen3_8b-dj_adpt,1,2048,7,384,768,3.69813,1.077115535736084,cuda
webtable-v2v-v=12-distilroberta-dj_adpt~qwen3_8b-dj_adpt,1,2048,8,384,768,3.696212,1.077115535736084,cuda
webtable-v2v-v=12-distilroberta-dj_adpt~qwen3_8b-dj_adpt,1,2048,9,384,768,3.69603,1.077115535736084,cuda
webtable-v2v-v=12-distilroberta-dj_adpt~qwen3_8b-dj_adpt,1,2048,10,384,768,3.6943439999999996,1.077115535736084,cuda
webtable-v2v-v=12-distilroberta-dj_adpt~qwen3_8b-dj_adpt,2,2048,1,384,768,3.6914979999999997,1.077115535736084,cuda
webtable-v2v-v=12-distilroberta-dj_adpt~qwen3_8b-dj_adpt,2,2048,2,384,768,3.6957199999999997,1.077115535736084,cuda
webtable-v2v-v=12-distilroberta-dj_adpt~qwen3_8b-dj_adpt,2,2048,3,384,768,3.694578,1.077115535736084,cuda
webtable-v2v-v=12-distilroberta-dj_adpt~qwen3_8b-dj_adpt,2,2048,4,384,768,3.691829,1.077115535736084,cuda
webtable-v2v-v=12-distilroberta-dj_adpt~qwen3_8b-dj_adpt,2,2048,5,384,768,3.6909739999999998,1.077115535736084,cuda
webtable-v2v-v=12-distilroberta-dj_adpt~qwen3_8b-dj_adpt,2,2048,6,384,768,3.697152,1.077115535736084,cuda
webtable-v2v-v=12-distilroberta-dj_adpt~qwen3_8b-dj_adpt,2,2048,7,384,768,3.6943189999999997,1.077115535736084,cuda
webtable-v2v-v=12-distilroberta-dj_adpt~qwen3_8b-dj_adpt,2,2048,8,384,768,3.695229,1.077115535736084,cuda
webtable-v2v-v=12-distilroberta-dj_adpt~qwen3_8b-dj_adpt,2,2048,9,384,768,3.696039,1.077115535736084,cuda
webtable-v2v-v=12-distilroberta-dj_adpt~qwen3_8b-dj_adpt,2,2048,10,384,768,3.7013849999999997,1.077115535736084,cuda
webtable-v2v-v=12-distilroberta-dj_adpt~qwen3_8b-dj_adpt,3,2048,1,768,768,3.786286,1.080045223236084,cuda
webtable-v2v-v=12-distilroberta-dj_adpt~qwen3_8b-dj_adpt,3,2048,2,768,768,4.278554,1.080045223236084,cuda
webtable-v2v-v=12-distilroberta-dj_adpt~qwen3_8b-dj_adpt,3,2048,3,768,768,3.794508,1.080045223236084,cuda
webtable-v2v-v=12-distilroberta-dj_adpt~qwen3_8b-dj_adpt,3,2048,4,768,768,3.7909979999999996,1.080045223236084,cuda
webtable-v2v-v=12-distilroberta-dj_adpt~qwen3_8b-dj_adpt,3,2048,5,768,768,3.7865629999999997,1.080045223236084,cuda
webtable-v2v-v=12-distilroberta-dj_adpt~qwen3_8b-dj_adpt,3,2048,6,768,768,3.792054,1.080045223236084,cuda
webtable-v2v-v=12-distilroberta-dj_adpt~qwen3_8b-dj_adpt,3,2048,7,768,768,3.794454,1.080045223236084,cuda
webtable-v2v-v=12-distilroberta-dj_adpt~qwen3_8b-dj_adpt,3,2048,8,768,768,3.7824769999999996,1.080045223236084,cuda
webtable-v2v-v=12-distilroberta-dj_adpt~qwen3_8b-dj_adpt,3,2048,9,768,768,3.788754,1.080045223236084,cuda
webtable-v2v-v=12-distilroberta-dj_adpt~qwen3_8b-dj_adpt,3,2048,10,768,768,3.7918429999999996,1.080045223236084,cuda
webtable-v2v-v=12-distilroberta-dj_adpt~qwen3_8b-dj_adpt,4,2048,1,768,768,3.7879479999999996,1.080045223236084,cuda
webtable-v2v-v=12-distilroberta-dj_adpt~qwen3_8b-dj_adpt,4,2048,2,768,768,3.79698,1.080045223236084,cuda
webtable-v2v-v=12-distilroberta-dj_adpt~qwen3_8b-dj_adpt,4,2048,3,768,768,3.78571,1.080045223236084,cuda
webtable-v2v-v=12-distilroberta-dj_adpt~qwen3_8b-dj_adpt,4,2048,4,768,768,3.78912,1.080045223236084,cuda
webtable-v2v-v=12-distilroberta-dj_adpt~qwen3_8b-dj_adpt,4,2048,5,768,768,4.406159,1.080045223236084,cuda
webtable-v2v-v=12-distilroberta-dj_adpt~qwen3_8b-dj_adpt,4,2048,6,768,768,3.799317,1.080045223236084,cuda
webtable-v2v-v=12-distilroberta-dj_adpt~qwen3_8b-dj_adpt,4,2048,7,768,768,3.788083,1.080045223236084,cuda
webtable-v2v-v=12-distilroberta-dj_adpt~qwen3_8b-dj_adpt,4,2048,8,768,768,3.795231,1.080045223236084,cuda
webtable-v2v-v=12-distilroberta-dj_adpt~qwen3_8b-dj_adpt,4,2048,9,768,768,3.796467,1.080045223236084,cuda
webtable-v2v-v=12-distilroberta-dj_adpt~qwen3_8b-dj_adpt,4,2048,10,768,768,3.7875479999999997,1.080045223236084,cuda
webtable-v2v-v=12-distilroberta-dj_adpt~qwen3_8b-dj_adpt,5,2048,1,768,768,3.7940859999999996,1.080045223236084,cuda
webtable-v2v-v=12-distilroberta-dj_adpt~qwen3_8b-dj_adpt,5,2048,2,768,768,3.7867129999999998,1.080045223236084,cuda
webtable-v2v-v=12-distilroberta-dj_adpt~qwen3_8b-dj_adpt,5,2048,3,768,768,3.7904839999999997,1.080045223236084,cuda
webtable-v2v-v=12-distilroberta-dj_adpt~qwen3_8b-dj_adpt,5,2048,4,768,768,3.795915,1.080045223236084,cuda
webtable-v2v-v=12-distilroberta-dj_adpt~qwen3_8b-dj_adpt,5,2048,5,768,768,3.789741,1.080045223236084,cuda
webtable-v2v-v=12-distilroberta-dj_adpt~qwen3_8b-dj_adpt,5,2048,6,768,768,3.787442,1.080045223236084,cuda
webtable-v2v-v=12-distilroberta-dj_adpt~qwen3_8b-dj_adpt,5,2048,7,768,768,3.799299,1.080045223236084,cuda
webtable-v2v-v=12-distilroberta-dj_adpt~qwen3_8b-dj_adpt,5,2048,8,768,768,3.794394,1.080045223236084,cuda
webtable-v2v-v=12-distilroberta-dj_adpt~qwen3_8b-dj_adpt,5,2048,9,768,768,3.786435,1.080045223236084,cuda
webtable-v2v-v=12-distilroberta-dj_adpt~qwen3_8b-dj_adpt,5,2048,10,768,768,3.79751,1.080045223236084,cuda
webtable-v2v-v=12-distilroberta-dj_adpt~qwen3_8b-dj_adpt,6,2048,1,896,768,3.825916,1.081021785736084,cuda
webtable-v2v-v=12-distilroberta-dj_adpt~qwen3_8b-dj_adpt,6,2048,2,896,768,3.829739,1.081021785736084,cuda
webtable-v2v-v=12-distilroberta-dj_adpt~qwen3_8b-dj_adpt,6,2048,3,896,768,3.826567,1.081021785736084,cuda
webtable-v2v-v=12-distilroberta-dj_adpt~qwen3_8b-dj_adpt,6,2048,4,896,768,3.8417839999999996,1.081021785736084,cuda
webtable-v2v-v=12-distilroberta-dj_adpt~qwen3_8b-dj_adpt,6,2048,5,896,768,3.82857,1.081021785736084,cuda
webtable-v2v-v=12-distilroberta-dj_adpt~qwen3_8b-dj_adpt,6,2048,6,896,768,3.830103,1.081021785736084,cuda
webtable-v2v-v=12-distilroberta-dj_adpt~qwen3_8b-dj_adpt,6,2048,7,896,768,3.8293809999999997,1.081021785736084,cuda
webtable-v2v-v=12-distilroberta-dj_adpt~qwen3_8b-dj_adpt,6,2048,8,896,768,3.8272269999999997,1.081021785736084,cuda
webtable-v2v-v=12-distilroberta-dj_adpt~qwen3_8b-dj_adpt,6,2048,9,896,768,3.8267059999999997,1.081021785736084,cuda
webtable-v2v-v=12-distilroberta-dj_adpt~qwen3_8b-dj_adpt,6,2048,10,896,768,3.831295,1.081021785736084,cuda
webtable-v2v-v=12-distilroberta-dj_adpt~qwen3_8b-dj_adpt,7,2048,1,1024,768,3.847305,1.081998348236084,cuda
webtable-v2v-v=12-distilroberta-dj_adpt~qwen3_8b-dj_adpt,7,2048,2,1024,768,3.8501179999999997,1.081998348236084,cuda
webtable-v2v-v=12-distilroberta-dj_adpt~qwen3_8b-dj_adpt,7,2048,3,1024,768,3.852248,1.081998348236084,cuda
webtable-v2v-v=12-distilroberta-dj_adpt~qwen3_8b-dj_adpt,7,2048,4,1024,768,3.842011,1.081998348236084,cuda
webtable-v2v-v=12-distilroberta-dj_adpt~qwen3_8b-dj_adpt,7,2048,5,1024,768,3.84388,1.081998348236084,cuda
webtable-v2v-v=12-distilroberta-dj_adpt~qwen3_8b-dj_adpt,7,2048,6,1024,768,3.840465,1.081998348236084,cuda
webtable-v2v-v=12-distilroberta-dj_adpt~qwen3_8b-dj_adpt,7,2048,7,1024,768,3.843235,1.081998348236084,cuda
webtable-v2v-v=12-distilroberta-dj_adpt~qwen3_8b-dj_adpt,7,2048,8,1024,768,3.8399069999999997,1.081998348236084,cuda
webtable-v2v-v=12-distilroberta-dj_adpt~qwen3_8b-dj_adpt,7,2048,9,1024,768,3.841163,1.081998348236084,cuda
webtable-v2v-v=12-distilroberta-dj_adpt~qwen3_8b-dj_adpt,7,2048,10,1024,768,3.8436079999999997,1.081998348236084,cuda
webtable-v2v-v=12-distilroberta-dj_adpt~qwen3_8b-dj_adpt,8,2048,1,2560,768,4.236164,1.093717098236084,cuda
webtable-v2v-v=12-distilroberta-dj_adpt~qwen3_8b-dj_adpt,8,2048,2,2560,768,4.2480649999999995,1.093717098236084,cuda
webtable-v2v-v=12-distilroberta-dj_adpt~qwen3_8b-dj_adpt,8,2048,3,2560,768,4.247369,1.093717098236084,cuda
webtable-v2v-v=12-distilroberta-dj_adpt~qwen3_8b-dj_adpt,8,2048,4,2560,768,4.250522,1.093717098236084,cuda
webtable-v2v-v=12-distilroberta-dj_adpt~qwen3_8b-dj_adpt,8,2048,5,2560,768,4.248793,1.093717098236084,cuda
webtable-v2v-v=12-distilroberta-dj_adpt~qwen3_8b-dj_adpt,8,2048,6,2560,768,4.248044,1.093717098236084,cuda
webtable-v2v-v=12-distilroberta-dj_adpt~qwen3_8b-dj_adpt,8,2048,7,2560,768,4.253468,1.093717098236084,cuda
webtable-v2v-v=12-distilroberta-dj_adpt~qwen3_8b-dj_adpt,8,2048,8,2560,768,4.2506379999999995,1.093717098236084,cuda
webtable-v2v-v=12-distilroberta-dj_adpt~qwen3_8b-dj_adpt,8,2048,9,2560,768,4.262129,1.093717098236084,cuda
webtable-v2v-v=12-distilroberta-dj_adpt~qwen3_8b-dj_adpt,8,2048,10,2560,768,4.29582,1.093717098236084,cuda
webtable-v2v-v=12-distilroberta-dj_adpt~qwen3_8b-dj_adpt,9,2048,1,3840,768,4.642666,1.103482723236084,cuda
webtable-v2v-v=12-distilroberta-dj_adpt~qwen3_8b-dj_adpt,9,2048,2,3840,768,4.63042,1.103482723236084,cuda
webtable-v2v-v=12-distilroberta-dj_adpt~qwen3_8b-dj_adpt,9,2048,3,3840,768,4.633522999999999,1.103482723236084,cuda
webtable-v2v-v=12-distilroberta-dj_adpt~qwen3_8b-dj_adpt,9,2048,4,3840,768,4.6364529999999995,1.103482723236084,cuda
webtable-v2v-v=12-distilroberta-dj_adpt~qwen3_8b-dj_adpt,9,2048,5,3840,768,4.6367199999999995,1.103482723236084,cuda
webtable-v2v-v=12-distilroberta-dj_adpt~qwen3_8b-dj_adpt,9,2048,6,3840,768,4.63973,1.103482723236084,cuda
webtable-v2v-v=12-distilroberta-dj_adpt~qwen3_8b-dj_adpt,9,2048,7,3840,768,4.641417,1.103482723236084,cuda
webtable-v2v-v=12-distilroberta-dj_adpt~qwen3_8b-dj_adpt,9,2048,8,3840,768,4.634097,1.103482723236084,cuda
webtable-v2v-v=12-distilroberta-dj_adpt~qwen3_8b-dj_adpt,9,2048,9,3840,768,4.626951,1.103482723236084,cuda
webtable-v2v-v=12-distilroberta-dj_adpt~qwen3_8b-dj_adpt,9,2048,10,3840,768,4.635771,1.103482723236084,cuda
webtable-v2v-v=12-distilroberta-dj_adpt~qwen3_8b-dj_adpt,10,2048,1,4096,768,4.744539,1.105435848236084,cuda
webtable-v2v-v=12-distilroberta-dj_adpt~qwen3_8b-dj_adpt,10,2048,2,4096,768,4.731007,1.105435848236084,cuda
webtable-v2v-v=12-distilroberta-dj_adpt~qwen3_8b-dj_adpt,10,2048,3,4096,768,4.730853,1.105435848236084,cuda
webtable-v2v-v=12-distilroberta-dj_adpt~qwen3_8b-dj_adpt,10,2048,4,4096,768,4.697107,1.105435848236084,cuda
webtable-v2v-v=12-distilroberta-dj_adpt~qwen3_8b-dj_adpt,10,2048,5,4096,768,4.682556,1.105435848236084,cuda
webtable-v2v-v=12-distilroberta-dj_adpt~qwen3_8b-dj_adpt,10,2048,6,4096,768,4.687711,1.105435848236084,cuda
webtable-v2v-v=12-distilroberta-dj_adpt~qwen3_8b-dj_adpt,10,2048,7,4096,768,4.6894659999999995,1.105435848236084,cuda
webtable-v2v-v=12-distilroberta-dj_adpt~qwen3_8b-dj_adpt,10,2048,8,4096,768,4.691584,1.105435848236084,cuda
webtable-v2v-v=12-distilroberta-dj_adpt~qwen3_8b-dj_adpt,10,2048,9,4096,768,4.694229,1.105435848236084,cuda
webtable-v2v-v=12-distilroberta-dj_adpt~qwen3_8b-dj_adpt,10,2048,10,4096,768,4.684006,1.105435848236084,cuda
webtable-v2v-v=12-distilroberta-dj_adpt~qwen3_8b-dj_adpt,11,2048,1,4096,768,4.684540999999999,1.105435848236084,cuda
webtable-v2v-v=12-distilroberta-dj_adpt~qwen3_8b-dj_adpt,11,2048,2,4096,768,4.717407,1.105435848236084,cuda
webtable-v2v-v=12-distilroberta-dj_adpt~qwen3_8b-dj_adpt,11,2048,3,4096,768,4.717658999999999,1.105435848236084,cuda
webtable-v2v-v=12-distilroberta-dj_adpt~qwen3_8b-dj_adpt,11,2048,4,4096,768,4.713411,1.105435848236084,cuda
webtable-v2v-v=12-distilroberta-dj_adpt~qwen3_8b-dj_adpt,11,2048,5,4096,768,4.7134849999999995,1.105435848236084,cuda
webtable-v2v-v=12-distilroberta-dj_adpt~qwen3_8b-dj_adpt,11,2048,6,4096,768,4.711126999999999,1.105435848236084,cuda
webtable-v2v-v=12-distilroberta-dj_adpt~qwen3_8b-dj_adpt,11,2048,7,4096,768,4.712876,1.105435848236084,cuda
webtable-v2v-v=12-distilroberta-dj_adpt~qwen3_8b-dj_adpt,11,2048,8,4096,768,4.7131799999999995,1.105435848236084,cuda
webtable-v2v-v=12-distilroberta-dj_adpt~qwen3_8b-dj_adpt,11,2048,9,4096,768,4.714238,1.105435848236084,cuda
webtable-v2v-v=12-distilroberta-dj_adpt~qwen3_8b-dj_adpt,11,2048,10,4096,768,4.715930999999999,1.105435848236084,cuda
webtable-v2v-v=12-distilroberta-dj_adpt~qwen3_8b-dj_adpt,0,4096,1,768,768,7.465369,1.117154598236084,cuda
webtable-v2v-v=12-distilroberta-dj_adpt~qwen3_8b-dj_adpt,0,4096,2,768,768,7.46739,1.117154598236084,cuda
webtable-v2v-v=12-distilroberta-dj_adpt~qwen3_8b-dj_adpt,0,4096,3,768,768,7.466006999999999,1.117154598236084,cuda
webtable-v2v-v=12-distilroberta-dj_adpt~qwen3_8b-dj_adpt,0,4096,4,768,768,7.500431,1.117154598236084,cuda
webtable-v2v-v=12-distilroberta-dj_adpt~qwen3_8b-dj_adpt,0,4096,5,768,768,7.544880999999999,1.117154598236084,cuda
webtable-v2v-v=12-distilroberta-dj_adpt~qwen3_8b-dj_adpt,0,4096,6,768,768,7.5379689999999995,1.117154598236084,cuda
webtable-v2v-v=12-distilroberta-dj_adpt~qwen3_8b-dj_adpt,0,4096,7,768,768,7.560295999999999,1.117154598236084,cuda
webtable-v2v-v=12-distilroberta-dj_adpt~qwen3_8b-dj_adpt,0,4096,8,768,768,7.546676,1.117154598236084,cuda
webtable-v2v-v=12-distilroberta-dj_adpt~qwen3_8b-dj_adpt,0,4096,9,768,768,7.543793999999999,1.117154598236084,cuda
webtable-v2v-v=12-distilroberta-dj_adpt~qwen3_8b-dj_adpt,0,4096,10,768,768,7.5483389999999995,1.117154598236084,cuda
webtable-v2v-v=12-distilroberta-dj_adpt~qwen3_8b-dj_adpt,1,4096,1,384,768,7.3404609999999995,1.111295223236084,cuda
webtable-v2v-v=12-distilroberta-dj_adpt~qwen3_8b-dj_adpt,1,4096,2,384,768,7.353072999999999,1.111295223236084,cuda
webtable-v2v-v=12-distilroberta-dj_adpt~qwen3_8b-dj_adpt,1,4096,3,384,768,7.350975999999999,1.111295223236084,cuda
webtable-v2v-v=12-distilroberta-dj_adpt~qwen3_8b-dj_adpt,1,4096,4,384,768,7.3450549999999994,1.111295223236084,cuda
webtable-v2v-v=12-distilroberta-dj_adpt~qwen3_8b-dj_adpt,1,4096,5,384,768,7.350264999999999,1.111295223236084,cuda
webtable-v2v-v=12-distilroberta-dj_adpt~qwen3_8b-dj_adpt,1,4096,6,384,768,7.332393,1.111295223236084,cuda
webtable-v2v-v=12-distilroberta-dj_adpt~qwen3_8b-dj_adpt,1,4096,7,384,768,7.271592,1.111295223236084,cuda
webtable-v2v-v=12-distilroberta-dj_adpt~qwen3_8b-dj_adpt,1,4096,8,384,768,7.285253999999999,1.111295223236084,cuda
webtable-v2v-v=12-distilroberta-dj_adpt~qwen3_8b-dj_adpt,1,4096,9,384,768,7.324706,1.111295223236084,cuda
webtable-v2v-v=12-distilroberta-dj_adpt~qwen3_8b-dj_adpt,1,4096,10,384,768,7.374586,1.111295223236084,cuda
webtable-v2v-v=12-distilroberta-dj_adpt~qwen3_8b-dj_adpt,2,4096,1,384,768,7.366064,1.111295223236084,cuda
webtable-v2v-v=12-distilroberta-dj_adpt~qwen3_8b-dj_adpt,2,4096,2,384,768,7.369409,1.111295223236084,cuda
webtable-v2v-v=12-distilroberta-dj_adpt~qwen3_8b-dj_adpt,2,4096,3,384,768,7.369439,1.111295223236084,cuda
webtable-v2v-v=12-distilroberta-dj_adpt~qwen3_8b-dj_adpt,2,4096,4,384,768,7.36802,1.111295223236084,cuda
webtable-v2v-v=12-distilroberta-dj_adpt~qwen3_8b-dj_adpt,2,4096,5,384,768,7.367925,1.111295223236084,cuda
webtable-v2v-v=12-distilroberta-dj_adpt~qwen3_8b-dj_adpt,2,4096,6,384,768,7.360735,1.111295223236084,cuda
webtable-v2v-v=12-distilroberta-dj_adpt~qwen3_8b-dj_adpt,2,4096,7,384,768,7.367963,1.111295223236084,cuda
webtable-v2v-v=12-distilroberta-dj_adpt~qwen3_8b-dj_adpt,2,4096,8,384,768,7.36644,1.111295223236084,cuda
webtable-v2v-v=12-distilroberta-dj_adpt~qwen3_8b-dj_adpt,2,4096,9,384,768,7.363903,1.111295223236084,cuda
webtable-v2v-v=12-distilroberta-dj_adpt~qwen3_8b-dj_adpt,2,4096,10,384,768,7.432487999999999,1.111295223236084,cuda
webtable-v2v-v=12-distilroberta-dj_adpt~qwen3_8b-dj_adpt,3,4096,1,768,768,7.627922,1.117154598236084,cuda
webtable-v2v-v=12-distilroberta-dj_adpt~qwen3_8b-dj_adpt,3,4096,2,768,768,7.634827,1.117154598236084,cuda
webtable-v2v-v=12-distilroberta-dj_adpt~qwen3_8b-dj_adpt,3,4096,3,768,768,7.639657,1.117154598236084,cuda
webtable-v2v-v=12-distilroberta-dj_adpt~qwen3_8b-dj_adpt,3,4096,4,768,768,7.633469,1.117154598236084,cuda
webtable-v2v-v=12-distilroberta-dj_adpt~qwen3_8b-dj_adpt,3,4096,5,768,768,7.633082,1.117154598236084,cuda
webtable-v2v-v=12-distilroberta-dj_adpt~qwen3_8b-dj_adpt,3,4096,6,768,768,7.632403,1.117154598236084,cuda
webtable-v2v-v=12-distilroberta-dj_adpt~qwen3_8b-dj_adpt,3,4096,7,768,768,7.632713,1.117154598236084,cuda
webtable-v2v-v=12-distilroberta-dj_adpt~qwen3_8b-dj_adpt,3,4096,8,768,768,7.650550999999999,1.117154598236084,cuda
webtable-v2v-v=12-distilroberta-dj_adpt~qwen3_8b-dj_adpt,3,4096,9,768,768,7.636012999999999,1.117154598236084,cuda
webtable-v2v-v=12-distilroberta-dj_adpt~qwen3_8b-dj_adpt,3,4096,10,768,768,7.643259,1.117154598236084,cuda
webtable-v2v-v=12-distilroberta-dj_adpt~qwen3_8b-dj_adpt,4,4096,1,768,768,7.633985999999999,1.117154598236084,cuda
webtable-v2v-v=12-distilroberta-dj_adpt~qwen3_8b-dj_adpt,4,4096,2,768,768,7.627102,1.117154598236084,cuda
webtable-v2v-v=12-distilroberta-dj_adpt~qwen3_8b-dj_adpt,4,4096,3,768,768,7.631711999999999,1.117154598236084,cuda
webtable-v2v-v=12-distilroberta-dj_adpt~qwen3_8b-dj_adpt,4,4096,4,768,768,7.638484,1.117154598236084,cuda
webtable-v2v-v=12-distilroberta-dj_adpt~qwen3_8b-dj_adpt,4,4096,5,768,768,7.629156999999999,1.117154598236084,cuda
webtable-v2v-v=12-distilroberta-dj_adpt~qwen3_8b-dj_adpt,4,4096,6,768,768,7.636924,1.117154598236084,cuda
webtable-v2v-v=12-distilroberta-dj_adpt~qwen3_8b-dj_adpt,4,4096,7,768,768,7.63521,1.117154598236084,cuda
webtable-v2v-v=12-distilroberta-dj_adpt~qwen3_8b-dj_adpt,4,4096,8,768,768,7.628819999999999,1.117154598236084,cuda
webtable-v2v-v=12-distilroberta-dj_adpt~qwen3_8b-dj_adpt,4,4096,9,768,768,7.6301619999999994,1.117154598236084,cuda
webtable-v2v-v=12-distilroberta-dj_adpt~qwen3_8b-dj_adpt,4,4096,10,768,768,7.622615,1.117154598236084,cuda
webtable-v2v-v=12-distilroberta-dj_adpt~qwen3_8b-dj_adpt,5,4096,1,768,768,7.54604,1.117154598236084,cuda
webtable-v2v-v=12-distilroberta-dj_adpt~qwen3_8b-dj_adpt,5,4096,2,768,768,7.558357,1.117154598236084,cuda
webtable-v2v-v=12-distilroberta-dj_adpt~qwen3_8b-dj_adpt,5,4096,3,768,768,7.5648089999999995,1.117154598236084,cuda
webtable-v2v-v=12-distilroberta-dj_adpt~qwen3_8b-dj_adpt,5,4096,4,768,768,7.5533459999999994,1.117154598236084,cuda
webtable-v2v-v=12-distilroberta-dj_adpt~qwen3_8b-dj_adpt,5,4096,5,768,768,7.55938,1.117154598236084,cuda
webtable-v2v-v=12-distilroberta-dj_adpt~qwen3_8b-dj_adpt,5,4096,6,768,768,7.557867,1.117154598236084,cuda
webtable-v2v-v=12-distilroberta-dj_adpt~qwen3_8b-dj_adpt,5,4096,7,768,768,7.551057999999999,1.117154598236084,cuda
webtable-v2v-v=12-distilroberta-dj_adpt~qwen3_8b-dj_adpt,5,4096,8,768,768,7.554901999999999,1.117154598236084,cuda
webtable-v2v-v=12-distilroberta-dj_adpt~qwen3_8b-dj_adpt,5,4096,9,768,768,7.558674,1.117154598236084,cuda
webtable-v2v-v=12-distilroberta-dj_adpt~qwen3_8b-dj_adpt,5,4096,10,768,768,7.545821999999999,1.117154598236084,cuda
webtable-v2v-v=12-distilroberta-dj_adpt~qwen3_8b-dj_adpt,6,4096,1,896,768,7.621769,1.119107723236084,cuda
webtable-v2v-v=12-distilroberta-dj_adpt~qwen3_8b-dj_adpt,6,4096,2,896,768,7.6262799999999995,1.119107723236084,cuda
webtable-v2v-v=12-distilroberta-dj_adpt~qwen3_8b-dj_adpt,6,4096,3,896,768,7.622799,1.119107723236084,cuda
webtable-v2v-v=12-distilroberta-dj_adpt~qwen3_8b-dj_adpt,6,4096,4,896,768,7.6261339999999995,1.119107723236084,cuda
webtable-v2v-v=12-distilroberta-dj_adpt~qwen3_8b-dj_adpt,6,4096,5,896,768,7.6196839999999995,1.119107723236084,cuda
webtable-v2v-v=12-distilroberta-dj_adpt~qwen3_8b-dj_adpt,6,4096,6,896,768,7.622446999999999,1.119107723236084,cuda
webtable-v2v-v=12-distilroberta-dj_adpt~qwen3_8b-dj_adpt,6,4096,7,896,768,7.629162,1.119107723236084,cuda
webtable-v2v-v=12-distilroberta-dj_adpt~qwen3_8b-dj_adpt,6,4096,8,896,768,7.6286179999999995,1.119107723236084,cuda
webtable-v2v-v=12-distilroberta-dj_adpt~qwen3_8b-dj_adpt,6,4096,9,896,768,7.631302,1.119107723236084,cuda
webtable-v2v-v=12-distilroberta-dj_adpt~qwen3_8b-dj_adpt,6,4096,10,896,768,7.638090999999999,1.119107723236084,cuda
webtable-v2v-v=12-distilroberta-dj_adpt~qwen3_8b-dj_adpt,7,4096,1,1024,768,7.665179999999999,1.121060848236084,cuda
webtable-v2v-v=12-distilroberta-dj_adpt~qwen3_8b-dj_adpt,7,4096,2,1024,768,7.675097999999999,1.121060848236084,cuda
webtable-v2v-v=12-distilroberta-dj_adpt~qwen3_8b-dj_adpt,7,4096,3,1024,768,7.666258,1.121060848236084,cuda
webtable-v2v-v=12-distilroberta-dj_adpt~qwen3_8b-dj_adpt,7,4096,4,1024,768,7.6628989999999995,1.121060848236084,cuda
webtable-v2v-v=12-distilroberta-dj_adpt~qwen3_8b-dj_adpt,7,4096,5,1024,768,7.666656,1.121060848236084,cuda
webtable-v2v-v=12-distilroberta-dj_adpt~qwen3_8b-dj_adpt,7,4096,6,1024,768,7.667745999999999,1.121060848236084,cuda
webtable-v2v-v=12-distilroberta-dj_adpt~qwen3_8b-dj_adpt,7,4096,7,1024,768,7.669217,1.121060848236084,cuda
webtable-v2v-v=12-distilroberta-dj_adpt~qwen3_8b-dj_adpt,7,4096,8,1024,768,7.665093,1.121060848236084,cuda
webtable-v2v-v=12-distilroberta-dj_adpt~qwen3_8b-dj_adpt,7,4096,9,1024,768,7.664765,1.121060848236084,cuda
webtable-v2v-v=12-distilroberta-dj_adpt~qwen3_8b-dj_adpt,7,4096,10,1024,768,7.66916,1.121060848236084,cuda
webtable-v2v-v=12-distilroberta-dj_adpt~qwen3_8b-dj_adpt,8,4096,1,2560,768,8.466202,1.144498348236084,cuda
webtable-v2v-v=12-distilroberta-dj_adpt~qwen3_8b-dj_adpt,8,4096,2,2560,768,8.456949999999999,1.144498348236084,cuda
webtable-v2v-v=12-distilroberta-dj_adpt~qwen3_8b-dj_adpt,8,4096,3,2560,768,8.447974,1.144498348236084,cuda
webtable-v2v-v=12-distilroberta-dj_adpt~qwen3_8b-dj_adpt,8,4096,4,2560,768,8.455591,1.144498348236084,cuda
webtable-v2v-v=12-distilroberta-dj_adpt~qwen3_8b-dj_adpt,8,4096,5,2560,768,8.442473,1.144498348236084,cuda
webtable-v2v-v=12-distilroberta-dj_adpt~qwen3_8b-dj_adpt,8,4096,6,2560,768,8.453614,1.144498348236084,cuda
webtable-v2v-v=12-distilroberta-dj_adpt~qwen3_8b-dj_adpt,8,4096,7,2560,768,8.451367,1.144498348236084,cuda
webtable-v2v-v=12-distilroberta-dj_adpt~qwen3_8b-dj_adpt,8,4096,8,2560,768,8.453645,1.144498348236084,cuda
webtable-v2v-v=12-distilroberta-dj_adpt~qwen3_8b-dj_adpt,8,4096,9,2560,768,8.451419999999999,1.144498348236084,cuda
webtable-v2v-v=12-distilroberta-dj_adpt~qwen3_8b-dj_adpt,8,4096,10,2560,768,8.446196,1.144498348236084,cuda
webtable-v2v-v=12-distilroberta-dj_adpt~qwen3_8b-dj_adpt,9,4096,1,3840,768,9.134827999999999,1.164029598236084,cuda
webtable-v2v-v=12-distilroberta-dj_adpt~qwen3_8b-dj_adpt,9,4096,2,3840,768,9.127608,1.164029598236084,cuda
webtable-v2v-v=12-distilroberta-dj_adpt~qwen3_8b-dj_adpt,9,4096,3,3840,768,9.125912,1.164029598236084,cuda
webtable-v2v-v=12-distilroberta-dj_adpt~qwen3_8b-dj_adpt,9,4096,4,3840,768,9.118891999999999,1.164029598236084,cuda
webtable-v2v-v=12-distilroberta-dj_adpt~qwen3_8b-dj_adpt,9,4096,5,3840,768,9.11465,1.164029598236084,cuda
webtable-v2v-v=12-distilroberta-dj_adpt~qwen3_8b-dj_adpt,9,4096,6,3840,768,9.11088,1.164029598236084,cuda
webtable-v2v-v=12-distilroberta-dj_adpt~qwen3_8b-dj_adpt,9,4096,7,3840,768,9.115458,1.164029598236084,cuda
webtable-v2v-v=12-distilroberta-dj_adpt~qwen3_8b-dj_adpt,9,4096,8,3840,768,9.112942,1.164029598236084,cuda
webtable-v2v-v=12-distilroberta-dj_adpt~qwen3_8b-dj_adpt,9,4096,9,3840,768,9.116552,1.164029598236084,cuda
webtable-v2v-v=12-distilroberta-dj_adpt~qwen3_8b-dj_adpt,9,4096,10,3840,768,9.110664,1.164029598236084,cuda
webtable-v2v-v=12-distilroberta-dj_adpt~qwen3_8b-dj_adpt,10,4096,1,4096,768,9.325961,1.167935848236084,cuda
webtable-v2v-v=12-distilroberta-dj_adpt~qwen3_8b-dj_adpt,10,4096,2,4096,768,9.317165,1.167935848236084,cuda
webtable-v2v-v=12-distilroberta-dj_adpt~qwen3_8b-dj_adpt,10,4096,3,4096,768,9.310945,1.167935848236084,cuda
webtable-v2v-v=12-distilroberta-dj_adpt~qwen3_8b-dj_adpt,10,4096,4,4096,768,9.317136,1.167935848236084,cuda
webtable-v2v-v=12-distilroberta-dj_adpt~qwen3_8b-dj_adpt,10,4096,5,4096,768,9.311219999999999,1.167935848236084,cuda
webtable-v2v-v=12-distilroberta-dj_adpt~qwen3_8b-dj_adpt,10,4096,6,4096,768,9.315477999999999,1.167935848236084,cuda
webtable-v2v-v=12-distilroberta-dj_adpt~qwen3_8b-dj_adpt,10,4096,7,4096,768,9.310118,1.167935848236084,cuda
webtable-v2v-v=12-distilroberta-dj_adpt~qwen3_8b-dj_adpt,10,4096,8,4096,768,9.315168,1.167935848236084,cuda
webtable-v2v-v=12-distilroberta-dj_adpt~qwen3_8b-dj_adpt,10,4096,9,4096,768,9.31092,1.167935848236084,cuda
webtable-v2v-v=12-distilroberta-dj_adpt~qwen3_8b-dj_adpt,10,4096,10,4096,768,9.312997,1.167935848236084,cuda
webtable-v2v-v=12-distilroberta-dj_adpt~qwen3_8b-dj_adpt,11,4096,1,4096,768,9.301844,1.167935848236084,cuda
webtable-v2v-v=12-distilroberta-dj_adpt~qwen3_8b-dj_adpt,11,4096,2,4096,768,9.305408,1.167935848236084,cuda
webtable-v2v-v=12-distilroberta-dj_adpt~qwen3_8b-dj_adpt,11,4096,3,4096,768,9.309135,1.167935848236084,cuda
webtable-v2v-v=12-distilroberta-dj_adpt~qwen3_8b-dj_adpt,11,4096,4,4096,768,9.305164999999999,1.167935848236084,cuda
webtable-v2v-v=12-distilroberta-dj_adpt~qwen3_8b-dj_adpt,11,4096,5,4096,768,9.300737,1.167935848236084,cuda
webtable-v2v-v=12-distilroberta-dj_adpt~qwen3_8b-dj_adpt,11,4096,6,4096,768,9.316714,1.167935848236084,cuda
webtable-v2v-v=12-distilroberta-dj_adpt~qwen3_8b-dj_adpt,11,4096,7,4096,768,9.296821999999999,1.167935848236084,cuda
webtable-v2v-v=12-distilroberta-dj_adpt~qwen3_8b-dj_adpt,11,4096,8,4096,768,9.312693999999999,1.167935848236084,cuda
webtable-v2v-v=12-distilroberta-dj_adpt~qwen3_8b-dj_adpt,11,4096,9,4096,768,9.298264,1.167935848236084,cuda
webtable-v2v-v=12-distilroberta-dj_adpt~qwen3_8b-dj_adpt,11,4096,10,4096,768,9.304833,1.167935848236084,cuda
webtable-v2v-v=12-distilroberta-dj_adpt~qwen3_8b-dj_adpt,0,8192,1,768,768,14.19885,1.191373348236084,cuda
webtable-v2v-v=12-distilroberta-dj_adpt~qwen3_8b-dj_adpt,0,8192,2,768,768,14.309681999999999,1.191373348236084,cuda
webtable-v2v-v=12-distilroberta-dj_adpt~qwen3_8b-dj_adpt,0,8192,3,768,768,14.419483999999999,1.191373348236084,cuda
webtable-v2v-v=12-distilroberta-dj_adpt~qwen3_8b-dj_adpt,0,8192,4,768,768,14.411246,1.191373348236084,cuda
webtable-v2v-v=12-distilroberta-dj_adpt~qwen3_8b-dj_adpt,0,8192,5,768,768,14.387070999999999,1.191373348236084,cuda
webtable-v2v-v=12-distilroberta-dj_adpt~qwen3_8b-dj_adpt,0,8192,6,768,768,14.391224999999999,1.191373348236084,cuda
webtable-v2v-v=12-distilroberta-dj_adpt~qwen3_8b-dj_adpt,0,8192,7,768,768,14.390270999999998,1.191373348236084,cuda
webtable-v2v-v=12-distilroberta-dj_adpt~qwen3_8b-dj_adpt,0,8192,8,768,768,14.389892999999999,1.191373348236084,cuda
webtable-v2v-v=12-distilroberta-dj_adpt~qwen3_8b-dj_adpt,0,8192,9,768,768,14.387322,1.191373348236084,cuda
webtable-v2v-v=12-distilroberta-dj_adpt~qwen3_8b-dj_adpt,0,8192,10,768,768,14.392161,1.191373348236084,cuda
webtable-v2v-v=12-distilroberta-dj_adpt~qwen3_8b-dj_adpt,1,8192,1,384,768,14.16602,1.179654598236084,cuda
webtable-v2v-v=12-distilroberta-dj_adpt~qwen3_8b-dj_adpt,1,8192,2,384,768,14.169068999999999,1.179654598236084,cuda
webtable-v2v-v=12-distilroberta-dj_adpt~qwen3_8b-dj_adpt,1,8192,3,384,768,14.180138999999999,1.179654598236084,cuda
webtable-v2v-v=12-distilroberta-dj_adpt~qwen3_8b-dj_adpt,1,8192,4,384,768,14.170900999999999,1.179654598236084,cuda
webtable-v2v-v=12-distilroberta-dj_adpt~qwen3_8b-dj_adpt,1,8192,5,384,768,14.175453,1.179654598236084,cuda
webtable-v2v-v=12-distilroberta-dj_adpt~qwen3_8b-dj_adpt,1,8192,6,384,768,14.167382,1.179654598236084,cuda
webtable-v2v-v=12-distilroberta-dj_adpt~qwen3_8b-dj_adpt,1,8192,7,384,768,14.173675,1.179654598236084,cuda
webtable-v2v-v=12-distilroberta-dj_adpt~qwen3_8b-dj_adpt,1,8192,8,384,768,14.190159999999999,1.179654598236084,cuda
webtable-v2v-v=12-distilroberta-dj_adpt~qwen3_8b-dj_adpt,1,8192,9,384,768,14.190173,1.179654598236084,cuda
webtable-v2v-v=12-distilroberta-dj_adpt~qwen3_8b-dj_adpt,1,8192,10,384,768,14.193093,1.179654598236084,cuda
webtable-v2v-v=12-distilroberta-dj_adpt~qwen3_8b-dj_adpt,2,8192,1,384,768,14.193738999999999,1.179654598236084,cuda
webtable-v2v-v=12-distilroberta-dj_adpt~qwen3_8b-dj_adpt,2,8192,2,384,768,14.191932999999999,1.179654598236084,cuda
webtable-v2v-v=12-distilroberta-dj_adpt~qwen3_8b-dj_adpt,2,8192,3,384,768,14.197832,1.179654598236084,cuda
webtable-v2v-v=12-distilroberta-dj_adpt~qwen3_8b-dj_adpt,2,8192,4,384,768,14.195808,1.179654598236084,cuda
webtable-v2v-v=12-distilroberta-dj_adpt~qwen3_8b-dj_adpt,2,8192,5,384,768,14.192476,1.179654598236084,cuda
webtable-v2v-v=12-distilroberta-dj_adpt~qwen3_8b-dj_adpt,2,8192,6,384,768,14.200877,1.179654598236084,cuda
webtable-v2v-v=12-distilroberta-dj_adpt~qwen3_8b-dj_adpt,2,8192,7,384,768,14.196017999999999,1.179654598236084,cuda
webtable-v2v-v=12-distilroberta-dj_adpt~qwen3_8b-dj_adpt,2,8192,8,384,768,14.20139,1.179654598236084,cuda
webtable-v2v-v=12-distilroberta-dj_adpt~qwen3_8b-dj_adpt,2,8192,9,384,768,14.201111,1.179654598236084,cuda
webtable-v2v-v=12-distilroberta-dj_adpt~qwen3_8b-dj_adpt,2,8192,10,384,768,14.200717,1.179654598236084,cuda
webtable-v2v-v=12-distilroberta-dj_adpt~qwen3_8b-dj_adpt,3,8192,1,768,768,14.406709999999999,1.191373348236084,cuda
webtable-v2v-v=12-distilroberta-dj_adpt~qwen3_8b-dj_adpt,3,8192,2,768,768,14.410281999999999,1.191373348236084,cuda
webtable-v2v-v=12-distilroberta-dj_adpt~qwen3_8b-dj_adpt,3,8192,3,768,768,14.413084999999999,1.191373348236084,cuda
webtable-v2v-v=12-distilroberta-dj_adpt~qwen3_8b-dj_adpt,3,8192,4,768,768,14.410058,1.191373348236084,cuda
webtable-v2v-v=12-distilroberta-dj_adpt~qwen3_8b-dj_adpt,3,8192,5,768,768,14.408816999999999,1.191373348236084,cuda
webtable-v2v-v=12-distilroberta-dj_adpt~qwen3_8b-dj_adpt,3,8192,6,768,768,14.401755999999999,1.191373348236084,cuda
webtable-v2v-v=12-distilroberta-dj_adpt~qwen3_8b-dj_adpt,3,8192,7,768,768,14.380555,1.191373348236084,cuda
webtable-v2v-v=12-distilroberta-dj_adpt~qwen3_8b-dj_adpt,3,8192,8,768,768,14.379427999999999,1.191373348236084,cuda
webtable-v2v-v=12-distilroberta-dj_adpt~qwen3_8b-dj_adpt,3,8192,9,768,768,14.382259,1.191373348236084,cuda
webtable-v2v-v=12-distilroberta-dj_adpt~qwen3_8b-dj_adpt,3,8192,10,768,768,14.384874,1.191373348236084,cuda
webtable-v2v-v=12-distilroberta-dj_adpt~qwen3_8b-dj_adpt,4,8192,1,768,768,14.382665999999999,1.191373348236084,cuda
webtable-v2v-v=12-distilroberta-dj_adpt~qwen3_8b-dj_adpt,4,8192,2,768,768,14.529959999999999,1.191373348236084,cuda
webtable-v2v-v=12-distilroberta-dj_adpt~qwen3_8b-dj_adpt,4,8192,3,768,768,14.530949,1.191373348236084,cuda
webtable-v2v-v=12-distilroberta-dj_adpt~qwen3_8b-dj_adpt,4,8192,4,768,768,14.543747999999999,1.191373348236084,cuda
webtable-v2v-v=12-distilroberta-dj_adpt~qwen3_8b-dj_adpt,4,8192,5,768,768,14.534231,1.191373348236084,cuda
webtable-v2v-v=12-distilroberta-dj_adpt~qwen3_8b-dj_adpt,4,8192,6,768,768,14.535105,1.191373348236084,cuda
webtable-v2v-v=12-distilroberta-dj_adpt~qwen3_8b-dj_adpt,4,8192,7,768,768,14.5293,1.191373348236084,cuda
webtable-v2v-v=12-distilroberta-dj_adpt~qwen3_8b-dj_adpt,4,8192,8,768,768,14.531106,1.191373348236084,cuda
webtable-v2v-v=12-distilroberta-dj_adpt~qwen3_8b-dj_adpt,4,8192,9,768,768,14.543337999999999,1.191373348236084,cuda
webtable-v2v-v=12-distilroberta-dj_adpt~qwen3_8b-dj_adpt,4,8192,10,768,768,14.553987999999999,1.191373348236084,cuda
webtable-v2v-v=12-distilroberta-dj_adpt~qwen3_8b-dj_adpt,5,8192,1,768,768,14.550362999999999,1.191373348236084,cuda
webtable-v2v-v=12-distilroberta-dj_adpt~qwen3_8b-dj_adpt,5,8192,2,768,768,14.552143,1.191373348236084,cuda
webtable-v2v-v=12-distilroberta-dj_adpt~qwen3_8b-dj_adpt,5,8192,3,768,768,14.560867,1.191373348236084,cuda
webtable-v2v-v=12-distilroberta-dj_adpt~qwen3_8b-dj_adpt,5,8192,4,768,768,14.506908999999998,1.191373348236084,cuda
webtable-v2v-v=12-distilroberta-dj_adpt~qwen3_8b-dj_adpt,5,8192,5,768,768,14.420594,1.191373348236084,cuda
webtable-v2v-v=12-distilroberta-dj_adpt~qwen3_8b-dj_adpt,5,8192,6,768,768,14.424707999999999,1.191373348236084,cuda
webtable-v2v-v=12-distilroberta-dj_adpt~qwen3_8b-dj_adpt,5,8192,7,768,768,14.420755,1.191373348236084,cuda
webtable-v2v-v=12-distilroberta-dj_adpt~qwen3_8b-dj_adpt,5,8192,8,768,768,14.420122999999998,1.191373348236084,cuda
webtable-v2v-v=12-distilroberta-dj_adpt~qwen3_8b-dj_adpt,5,8192,9,768,768,14.419169,1.191373348236084,cuda
webtable-v2v-v=12-distilroberta-dj_adpt~qwen3_8b-dj_adpt,5,8192,10,768,768,14.418989999999999,1.191373348236084,cuda
webtable-v2v-v=12-distilroberta-dj_adpt~qwen3_8b-dj_adpt,6,8192,1,896,768,14.537163,1.195279598236084,cuda
webtable-v2v-v=12-distilroberta-dj_adpt~qwen3_8b-dj_adpt,6,8192,2,896,768,14.543330999999998,1.195279598236084,cuda
webtable-v2v-v=12-distilroberta-dj_adpt~qwen3_8b-dj_adpt,6,8192,3,896,768,14.540474,1.195279598236084,cuda
webtable-v2v-v=12-distilroberta-dj_adpt~qwen3_8b-dj_adpt,6,8192,4,896,768,14.538715,1.195279598236084,cuda
webtable-v2v-v=12-distilroberta-dj_adpt~qwen3_8b-dj_adpt,6,8192,5,896,768,14.537153,1.195279598236084,cuda
webtable-v2v-v=12-distilroberta-dj_adpt~qwen3_8b-dj_adpt,6,8192,6,896,768,14.539969999999999,1.195279598236084,cuda
webtable-v2v-v=12-distilroberta-dj_adpt~qwen3_8b-dj_adpt,6,8192,7,896,768,14.539679999999999,1.195279598236084,cuda
webtable-v2v-v=12-distilroberta-dj_adpt~qwen3_8b-dj_adpt,6,8192,8,896,768,14.543994999999999,1.195279598236084,cuda
webtable-v2v-v=12-distilroberta-dj_adpt~qwen3_8b-dj_adpt,6,8192,9,896,768,14.540840999999999,1.195279598236084,cuda
webtable-v2v-v=12-distilroberta-dj_adpt~qwen3_8b-dj_adpt,6,8192,10,896,768,14.546218999999999,1.195279598236084,cuda
webtable-v2v-v=12-distilroberta-dj_adpt~qwen3_8b-dj_adpt,7,8192,1,1024,768,14.639961999999999,1.199185848236084,cuda
webtable-v2v-v=12-distilroberta-dj_adpt~qwen3_8b-dj_adpt,7,8192,2,1024,768,14.635601999999999,1.199185848236084,cuda
webtable-v2v-v=12-distilroberta-dj_adpt~qwen3_8b-dj_adpt,7,8192,3,1024,768,14.643991999999999,1.199185848236084,cuda
webtable-v2v-v=12-distilroberta-dj_adpt~qwen3_8b-dj_adpt,7,8192,4,1024,768,14.637345,1.199185848236084,cuda
webtable-v2v-v=12-distilroberta-dj_adpt~qwen3_8b-dj_adpt,7,8192,5,1024,768,14.633571,1.199185848236084,cuda
webtable-v2v-v=12-distilroberta-dj_adpt~qwen3_8b-dj_adpt,7,8192,6,1024,768,14.639368999999999,1.199185848236084,cuda
webtable-v2v-v=12-distilroberta-dj_adpt~qwen3_8b-dj_adpt,7,8192,7,1024,768,14.635634,1.199185848236084,cuda
webtable-v2v-v=12-distilroberta-dj_adpt~qwen3_8b-dj_adpt,7,8192,8,1024,768,14.636206999999999,1.199185848236084,cuda
webtable-v2v-v=12-distilroberta-dj_adpt~qwen3_8b-dj_adpt,7,8192,9,1024,768,14.645467,1.199185848236084,cuda
webtable-v2v-v=12-distilroberta-dj_adpt~qwen3_8b-dj_adpt,7,8192,10,1024,768,14.765780999999999,1.199185848236084,cuda
webtable-v2v-v=12-distilroberta-dj_adpt~qwen3_8b-dj_adpt,8,8192,1,2560,768,16.274568,1.246060848236084,cuda
webtable-v2v-v=12-distilroberta-dj_adpt~qwen3_8b-dj_adpt,8,8192,2,2560,768,16.264181,1.246060848236084,cuda
webtable-v2v-v=12-distilroberta-dj_adpt~qwen3_8b-dj_adpt,8,8192,3,2560,768,16.261917999999998,1.246060848236084,cuda
webtable-v2v-v=12-distilroberta-dj_adpt~qwen3_8b-dj_adpt,8,8192,4,2560,768,16.268683,1.246060848236084,cuda
webtable-v2v-v=12-distilroberta-dj_adpt~qwen3_8b-dj_adpt,8,8192,5,2560,768,16.274473,1.246060848236084,cuda
webtable-v2v-v=12-distilroberta-dj_adpt~qwen3_8b-dj_adpt,8,8192,6,2560,768,16.283361,1.246060848236084,cuda
webtable-v2v-v=12-distilroberta-dj_adpt~qwen3_8b-dj_adpt,8,8192,7,2560,768,16.281983999999998,1.246060848236084,cuda
webtable-v2v-v=12-distilroberta-dj_adpt~qwen3_8b-dj_adpt,8,8192,8,2560,768,16.289822,1.246060848236084,cuda
webtable-v2v-v=12-distilroberta-dj_adpt~qwen3_8b-dj_adpt,8,8192,9,2560,768,16.28773,1.246060848236084,cuda
webtable-v2v-v=12-distilroberta-dj_adpt~qwen3_8b-dj_adpt,8,8192,10,2560,768,16.285532,1.246060848236084,cuda
webtable-v2v-v=12-distilroberta-dj_adpt~qwen3_8b-dj_adpt,9,8192,1,3840,768,17.564004,1.285123348236084,cuda
webtable-v2v-v=12-distilroberta-dj_adpt~qwen3_8b-dj_adpt,9,8192,2,3840,768,17.561356999999997,1.285123348236084,cuda
webtable-v2v-v=12-distilroberta-dj_adpt~qwen3_8b-dj_adpt,9,8192,3,3840,768,17.529173999999998,1.285123348236084,cuda
webtable-v2v-v=12-distilroberta-dj_adpt~qwen3_8b-dj_adpt,9,8192,4,3840,768,17.393413,1.285123348236084,cuda
webtable-v2v-v=12-distilroberta-dj_adpt~qwen3_8b-dj_adpt,9,8192,5,3840,768,17.387166,1.285123348236084,cuda
webtable-v2v-v=12-distilroberta-dj_adpt~qwen3_8b-dj_adpt,9,8192,6,3840,768,17.376049,1.285123348236084,cuda
webtable-v2v-v=12-distilroberta-dj_adpt~qwen3_8b-dj_adpt,9,8192,7,3840,768,17.355118,1.285123348236084,cuda
webtable-v2v-v=12-distilroberta-dj_adpt~qwen3_8b-dj_adpt,9,8192,8,3840,768,17.500213,1.285123348236084,cuda
webtable-v2v-v=12-distilroberta-dj_adpt~qwen3_8b-dj_adpt,9,8192,9,3840,768,17.530825,1.285123348236084,cuda
webtable-v2v-v=12-distilroberta-dj_adpt~qwen3_8b-dj_adpt,9,8192,10,3840,768,17.536928,1.285123348236084,cuda
webtable-v2v-v=12-distilroberta-dj_adpt~qwen3_8b-dj_adpt,10,8192,1,4096,768,17.93594,1.292935848236084,cuda
webtable-v2v-v=12-distilroberta-dj_adpt~qwen3_8b-dj_adpt,10,8192,2,4096,768,17.934321999999998,1.292935848236084,cuda
webtable-v2v-v=12-distilroberta-dj_adpt~qwen3_8b-dj_adpt,10,8192,3,4096,768,17.932508,1.292935848236084,cuda
webtable-v2v-v=12-distilroberta-dj_adpt~qwen3_8b-dj_adpt,10,8192,4,4096,768,17.932347,1.292935848236084,cuda
webtable-v2v-v=12-distilroberta-dj_adpt~qwen3_8b-dj_adpt,10,8192,5,4096,768,17.937289,1.292935848236084,cuda
webtable-v2v-v=12-distilroberta-dj_adpt~qwen3_8b-dj_adpt,10,8192,6,4096,768,17.936241,1.292935848236084,cuda
webtable-v2v-v=12-distilroberta-dj_adpt~qwen3_8b-dj_adpt,10,8192,7,4096,768,17.942836,1.292935848236084,cuda
webtable-v2v-v=12-distilroberta-dj_adpt~qwen3_8b-dj_adpt,10,8192,8,4096,768,17.948031999999998,1.292935848236084,cuda
webtable-v2v-v=12-distilroberta-dj_adpt~qwen3_8b-dj_adpt,10,8192,9,4096,768,17.931120999999997,1.292935848236084,cuda
webtable-v2v-v=12-distilroberta-dj_adpt~qwen3_8b-dj_adpt,10,8192,10,4096,768,17.934566,1.292935848236084,cuda
webtable-v2v-v=12-distilroberta-dj_adpt~qwen3_8b-dj_adpt,11,8192,1,4096,768,17.784326999999998,1.292935848236084,cuda
webtable-v2v-v=12-distilroberta-dj_adpt~qwen3_8b-dj_adpt,11,8192,2,4096,768,17.909537999999998,1.292935848236084,cuda
webtable-v2v-v=12-distilroberta-dj_adpt~qwen3_8b-dj_adpt,11,8192,3,4096,768,17.909492999999998,1.292935848236084,cuda
webtable-v2v-v=12-distilroberta-dj_adpt~qwen3_8b-dj_adpt,11,8192,4,4096,768,17.904396,1.292935848236084,cuda
webtable-v2v-v=12-distilroberta-dj_adpt~qwen3_8b-dj_adpt,11,8192,5,4096,768,17.904515,1.292935848236084,cuda
webtable-v2v-v=12-distilroberta-dj_adpt~qwen3_8b-dj_adpt,11,8192,6,4096,768,17.75132,1.292935848236084,cuda
webtable-v2v-v=12-distilroberta-dj_adpt~qwen3_8b-dj_adpt,11,8192,7,4096,768,17.694771,1.292935848236084,cuda
webtable-v2v-v=12-distilroberta-dj_adpt~qwen3_8b-dj_adpt,11,8192,8,4096,768,17.695158,1.292935848236084,cuda
webtable-v2v-v=12-distilroberta-dj_adpt~qwen3_8b-dj_adpt,11,8192,9,4096,768,17.694618,1.292935848236084,cuda
webtable-v2v-v=12-distilroberta-dj_adpt~qwen3_8b-dj_adpt,11,8192,10,4096,768,17.696589,1.292935848236084,cuda
webtable-v2v-v=12-distilroberta-dj_adpt~qwen3_8b-dj_adpt,0,16384,1,768,768,26.373701999999998,1.339810848236084,cuda
webtable-v2v-v=12-distilroberta-dj_adpt~qwen3_8b-dj_adpt,0,16384,2,768,768,26.320135999999998,1.339810848236084,cuda
webtable-v2v-v=12-distilroberta-dj_adpt~qwen3_8b-dj_adpt,0,16384,3,768,768,26.311387,1.339810848236084,cuda
webtable-v2v-v=12-distilroberta-dj_adpt~qwen3_8b-dj_adpt,0,16384,4,768,768,26.131235,1.339810848236084,cuda
webtable-v2v-v=12-distilroberta-dj_adpt~qwen3_8b-dj_adpt,0,16384,5,768,768,26.044482,1.339810848236084,cuda
webtable-v2v-v=12-distilroberta-dj_adpt~qwen3_8b-dj_adpt,0,16384,6,768,768,26.039568,1.339810848236084,cuda
webtable-v2v-v=12-distilroberta-dj_adpt~qwen3_8b-dj_adpt,0,16384,7,768,768,26.050902999999998,1.339810848236084,cuda
webtable-v2v-v=12-distilroberta-dj_adpt~qwen3_8b-dj_adpt,0,16384,8,768,768,26.057491,1.339810848236084,cuda
webtable-v2v-v=12-distilroberta-dj_adpt~qwen3_8b-dj_adpt,0,16384,9,768,768,26.060029999999998,1.339810848236084,cuda
webtable-v2v-v=12-distilroberta-dj_adpt~qwen3_8b-dj_adpt,0,16384,10,768,768,26.035532999999997,1.339810848236084,cuda
webtable-v2v-v=12-distilroberta-dj_adpt~qwen3_8b-dj_adpt,1,16384,1,384,768,25.413484999999998,1.316373348236084,cuda
webtable-v2v-v=12-distilroberta-dj_adpt~qwen3_8b-dj_adpt,1,16384,2,384,768,25.624775,1.316373348236084,cuda
webtable-v2v-v=12-distilroberta-dj_adpt~qwen3_8b-dj_adpt,1,16384,3,384,768,25.626036,1.316373348236084,cuda
webtable-v2v-v=12-distilroberta-dj_adpt~qwen3_8b-dj_adpt,1,16384,4,384,768,25.628709999999998,1.316373348236084,cuda
webtable-v2v-v=12-distilroberta-dj_adpt~qwen3_8b-dj_adpt,1,16384,5,384,768,25.538114,1.316373348236084,cuda
webtable-v2v-v=12-distilroberta-dj_adpt~qwen3_8b-dj_adpt,1,16384,6,384,768,25.367876,1.316373348236084,cuda
webtable-v2v-v=12-distilroberta-dj_adpt~qwen3_8b-dj_adpt,1,16384,7,384,768,25.371033,1.316373348236084,cuda
webtable-v2v-v=12-distilroberta-dj_adpt~qwen3_8b-dj_adpt,1,16384,8,384,768,25.367662,1.316373348236084,cuda
webtable-v2v-v=12-distilroberta-dj_adpt~qwen3_8b-dj_adpt,1,16384,9,384,768,25.34965,1.316373348236084,cuda
webtable-v2v-v=12-distilroberta-dj_adpt~qwen3_8b-dj_adpt,1,16384,10,384,768,25.508453,1.316373348236084,cuda
webtable-v2v-v=12-distilroberta-dj_adpt~qwen3_8b-dj_adpt,2,16384,1,384,768,25.604152,1.316373348236084,cuda
webtable-v2v-v=12-distilroberta-dj_adpt~qwen3_8b-dj_adpt,2,16384,2,384,768,25.630349,1.316373348236084,cuda
webtable-v2v-v=12-distilroberta-dj_adpt~qwen3_8b-dj_adpt,2,16384,3,384,768,25.630176,1.316373348236084,cuda
webtable-v2v-v=12-distilroberta-dj_adpt~qwen3_8b-dj_adpt,2,16384,4,384,768,25.625049999999998,1.316373348236084,cuda
webtable-v2v-v=12-distilroberta-dj_adpt~qwen3_8b-dj_adpt,2,16384,5,384,768,25.638951,1.316373348236084,cuda
webtable-v2v-v=12-distilroberta-dj_adpt~qwen3_8b-dj_adpt,2,16384,6,384,768,25.634750999999998,1.316373348236084,cuda
webtable-v2v-v=12-distilroberta-dj_adpt~qwen3_8b-dj_adpt,2,16384,7,384,768,25.623682,1.316373348236084,cuda
webtable-v2v-v=12-distilroberta-dj_adpt~qwen3_8b-dj_adpt,2,16384,8,384,768,25.565195,1.316373348236084,cuda
webtable-v2v-v=12-distilroberta-dj_adpt~qwen3_8b-dj_adpt,2,16384,9,384,768,25.374838999999998,1.316373348236084,cuda
webtable-v2v-v=12-distilroberta-dj_adpt~qwen3_8b-dj_adpt,2,16384,10,384,768,25.354125,1.316373348236084,cuda
webtable-v2v-v=12-distilroberta-dj_adpt~qwen3_8b-dj_adpt,3,16384,1,768,768,26.278959999999998,1.339810848236084,cuda
webtable-v2v-v=12-distilroberta-dj_adpt~qwen3_8b-dj_adpt,3,16384,2,768,768,26.268093,1.339810848236084,cuda
webtable-v2v-v=12-distilroberta-dj_adpt~qwen3_8b-dj_adpt,3,16384,3,768,768,26.279203,1.339810848236084,cuda
webtable-v2v-v=12-distilroberta-dj_adpt~qwen3_8b-dj_adpt,3,16384,4,768,768,26.278454999999997,1.339810848236084,cuda
webtable-v2v-v=12-distilroberta-dj_adpt~qwen3_8b-dj_adpt,3,16384,5,768,768,26.268697,1.339810848236084,cuda
webtable-v2v-v=12-distilroberta-dj_adpt~qwen3_8b-dj_adpt,3,16384,6,768,768,26.288656,1.339810848236084,cuda
webtable-v2v-v=12-distilroberta-dj_adpt~qwen3_8b-dj_adpt,3,16384,7,768,768,26.302111999999997,1.339810848236084,cuda
webtable-v2v-v=12-distilroberta-dj_adpt~qwen3_8b-dj_adpt,3,16384,8,768,768,26.298054,1.339810848236084,cuda
webtable-v2v-v=12-distilroberta-dj_adpt~qwen3_8b-dj_adpt,3,16384,9,768,768,26.297466,1.339810848236084,cuda
webtable-v2v-v=12-distilroberta-dj_adpt~qwen3_8b-dj_adpt,3,16384,10,768,768,26.037812,1.339810848236084,cuda
webtable-v2v-v=12-distilroberta-dj_adpt~qwen3_8b-dj_adpt,4,16384,1,768,768,26.041171,1.339810848236084,cuda
webtable-v2v-v=12-distilroberta-dj_adpt~qwen3_8b-dj_adpt,4,16384,2,768,768,26.039417,1.339810848236084,cuda
webtable-v2v-v=12-distilroberta-dj_adpt~qwen3_8b-dj_adpt,4,16384,3,768,768,26.043360999999997,1.339810848236084,cuda
webtable-v2v-v=12-distilroberta-dj_adpt~qwen3_8b-dj_adpt,4,16384,4,768,768,26.028675,1.339810848236084,cuda
webtable-v2v-v=12-distilroberta-dj_adpt~qwen3_8b-dj_adpt,4,16384,5,768,768,26.038957,1.339810848236084,cuda
webtable-v2v-v=12-distilroberta-dj_adpt~qwen3_8b-dj_adpt,4,16384,6,768,768,26.133402,1.339810848236084,cuda
webtable-v2v-v=12-distilroberta-dj_adpt~qwen3_8b-dj_adpt,4,16384,7,768,768,26.278768,1.339810848236084,cuda
webtable-v2v-v=12-distilroberta-dj_adpt~qwen3_8b-dj_adpt,4,16384,8,768,768,26.271227999999997,1.339810848236084,cuda
webtable-v2v-v=12-distilroberta-dj_adpt~qwen3_8b-dj_adpt,4,16384,9,768,768,26.276850999999997,1.339810848236084,cuda
webtable-v2v-v=12-distilroberta-dj_adpt~qwen3_8b-dj_adpt,4,16384,10,768,768,26.147108,1.339810848236084,cuda
webtable-v2v-v=12-distilroberta-dj_adpt~qwen3_8b-dj_adpt,5,16384,1,768,768,26.042579999999997,1.339810848236084,cuda
webtable-v2v-v=12-distilroberta-dj_adpt~qwen3_8b-dj_adpt,5,16384,2,768,768,26.161188,1.339810848236084,cuda
webtable-v2v-v=12-distilroberta-dj_adpt~qwen3_8b-dj_adpt,5,16384,3,768,768,26.313498,1.339810848236084,cuda
webtable-v2v-v=12-distilroberta-dj_adpt~qwen3_8b-dj_adpt,5,16384,4,768,768,26.308318,1.339810848236084,cuda
webtable-v2v-v=12-distilroberta-dj_adpt~qwen3_8b-dj_adpt,5,16384,5,768,768,26.308794,1.339810848236084,cuda
webtable-v2v-v=12-distilroberta-dj_adpt~qwen3_8b-dj_adpt,5,16384,6,768,768,26.571624999999997,1.339810848236084,cuda
webtable-v2v-v=12-distilroberta-dj_adpt~qwen3_8b-dj_adpt,5,16384,7,768,768,26.308045999999997,1.339810848236084,cuda
webtable-v2v-v=12-distilroberta-dj_adpt~qwen3_8b-dj_adpt,5,16384,8,768,768,26.309191,1.339810848236084,cuda
webtable-v2v-v=12-distilroberta-dj_adpt~qwen3_8b-dj_adpt,5,16384,9,768,768,26.315679,1.339810848236084,cuda
webtable-v2v-v=12-distilroberta-dj_adpt~qwen3_8b-dj_adpt,5,16384,10,768,768,26.310271999999998,1.339810848236084,cuda
webtable-v2v-v=12-distilroberta-dj_adpt~qwen3_8b-dj_adpt,6,16384,1,896,768,26.263472999999998,1.347623348236084,cuda
webtable-v2v-v=12-distilroberta-dj_adpt~qwen3_8b-dj_adpt,6,16384,2,896,768,26.262082,1.347623348236084,cuda
webtable-v2v-v=12-distilroberta-dj_adpt~qwen3_8b-dj_adpt,6,16384,3,896,768,26.353989,1.347623348236084,cuda
webtable-v2v-v=12-distilroberta-dj_adpt~qwen3_8b-dj_adpt,6,16384,4,896,768,26.514640999999997,1.347623348236084,cuda
webtable-v2v-v=12-distilroberta-dj_adpt~qwen3_8b-dj_adpt,6,16384,5,896,768,26.512677,1.347623348236084,cuda
webtable-v2v-v=12-distilroberta-dj_adpt~qwen3_8b-dj_adpt,6,16384,6,896,768,26.509548,1.347623348236084,cuda
webtable-v2v-v=12-distilroberta-dj_adpt~qwen3_8b-dj_adpt,6,16384,7,896,768,26.51681,1.347623348236084,cuda
webtable-v2v-v=12-distilroberta-dj_adpt~qwen3_8b-dj_adpt,6,16384,8,896,768,26.531357999999997,1.347623348236084,cuda
webtable-v2v-v=12-distilroberta-dj_adpt~qwen3_8b-dj_adpt,6,16384,9,896,768,26.536105,1.347623348236084,cuda
webtable-v2v-v=12-distilroberta-dj_adpt~qwen3_8b-dj_adpt,6,16384,10,896,768,26.527699,1.347623348236084,cuda
webtable-v2v-v=12-distilroberta-dj_adpt~qwen3_8b-dj_adpt,7,16384,1,1024,768,26.671747,1.355435848236084,cuda
webtable-v2v-v=12-distilroberta-dj_adpt~qwen3_8b-dj_adpt,7,16384,2,1024,768,26.57019,1.355435848236084,cuda
webtable-v2v-v=12-distilroberta-dj_adpt~qwen3_8b-dj_adpt,7,16384,3,1024,768,26.41593,1.355435848236084,cuda
webtable-v2v-v=12-distilroberta-dj_adpt~qwen3_8b-dj_adpt,7,16384,4,1024,768,26.409699999999997,1.355435848236084,cuda
webtable-v2v-v=12-distilroberta-dj_adpt~qwen3_8b-dj_adpt,7,16384,5,1024,768,26.406198,1.355435848236084,cuda
webtable-v2v-v=12-distilroberta-dj_adpt~qwen3_8b-dj_adpt,7,16384,6,1024,768,26.412098999999998,1.355435848236084,cuda
webtable-v2v-v=12-distilroberta-dj_adpt~qwen3_8b-dj_adpt,7,16384,7,1024,768,26.403785,1.355435848236084,cuda
webtable-v2v-v=12-distilroberta-dj_adpt~qwen3_8b-dj_adpt,7,16384,8,1024,768,26.414982,1.355435848236084,cuda
webtable-v2v-v=12-distilroberta-dj_adpt~qwen3_8b-dj_adpt,7,16384,9,1024,768,26.410898,1.355435848236084,cuda
webtable-v2v-v=12-distilroberta-dj_adpt~qwen3_8b-dj_adpt,7,16384,10,1024,768,26.651771,1.355435848236084,cuda
webtable-v2v-v=12-distilroberta-dj_adpt~qwen3_8b-dj_adpt,8,16384,1,2560,768,29.503629999999998,1.449185848236084,cuda
webtable-v2v-v=12-distilroberta-dj_adpt~qwen3_8b-dj_adpt,8,16384,2,2560,768,29.385692,1.449185848236084,cuda
webtable-v2v-v=12-distilroberta-dj_adpt~qwen3_8b-dj_adpt,8,16384,3,2560,768,29.178693,1.449185848236084,cuda
webtable-v2v-v=12-distilroberta-dj_adpt~qwen3_8b-dj_adpt,8,16384,4,2560,768,29.286236,1.449185848236084,cuda
webtable-v2v-v=12-distilroberta-dj_adpt~qwen3_8b-dj_adpt,8,16384,5,2560,768,29.455462999999998,1.449185848236084,cuda
webtable-v2v-v=12-distilroberta-dj_adpt~qwen3_8b-dj_adpt,8,16384,6,2560,768,29.437652999999997,1.449185848236084,cuda
webtable-v2v-v=12-distilroberta-dj_adpt~qwen3_8b-dj_adpt,8,16384,7,2560,768,30.483658,1.449185848236084,cuda
webtable-v2v-v=12-distilroberta-dj_adpt~qwen3_8b-dj_adpt,8,16384,8,2560,768,29.477742,1.449185848236084,cuda
webtable-v2v-v=12-distilroberta-dj_adpt~qwen3_8b-dj_adpt,8,16384,9,2560,768,29.477763999999997,1.449185848236084,cuda
webtable-v2v-v=12-distilroberta-dj_adpt~qwen3_8b-dj_adpt,8,16384,10,2560,768,29.471211999999998,1.449185848236084,cuda
webtable-v2v-v=12-distilroberta-dj_adpt~qwen3_8b-dj_adpt,9,16384,1,3840,768,31.831411,1.527310848236084,cuda
webtable-v2v-v=12-distilroberta-dj_adpt~qwen3_8b-dj_adpt,9,16384,2,3840,768,31.599618999999997,1.527310848236084,cuda
webtable-v2v-v=12-distilroberta-dj_adpt~qwen3_8b-dj_adpt,9,16384,3,3840,768,31.819754999999997,1.527310848236084,cuda
webtable-v2v-v=12-distilroberta-dj_adpt~qwen3_8b-dj_adpt,9,16384,4,3840,768,31.818859,1.527310848236084,cuda
webtable-v2v-v=12-distilroberta-dj_adpt~qwen3_8b-dj_adpt,9,16384,5,3840,768,31.818123,1.527310848236084,cuda
webtable-v2v-v=12-distilroberta-dj_adpt~qwen3_8b-dj_adpt,9,16384,6,3840,768,31.809153,1.527310848236084,cuda
webtable-v2v-v=12-distilroberta-dj_adpt~qwen3_8b-dj_adpt,9,16384,7,3840,768,31.803265999999997,1.527310848236084,cuda
webtable-v2v-v=12-distilroberta-dj_adpt~qwen3_8b-dj_adpt,9,16384,8,3840,768,31.8037,1.527310848236084,cuda
webtable-v2v-v=12-distilroberta-dj_adpt~qwen3_8b-dj_adpt,9,16384,9,3840,768,31.596484,1.527310848236084,cuda
webtable-v2v-v=12-distilroberta-dj_adpt~qwen3_8b-dj_adpt,9,16384,10,3840,768,31.813902,1.527310848236084,cuda
webtable-v2v-v=12-distilroberta-dj_adpt~qwen3_8b-dj_adpt,10,16384,1,4096,768,32.280102,1.542935848236084,cuda
webtable-v2v-v=12-distilroberta-dj_adpt~qwen3_8b-dj_adpt,10,16384,2,4096,768,32.258607,1.542935848236084,cuda
webtable-v2v-v=12-distilroberta-dj_adpt~qwen3_8b-dj_adpt,10,16384,3,4096,768,32.254604,1.542935848236084,cuda
webtable-v2v-v=12-distilroberta-dj_adpt~qwen3_8b-dj_adpt,10,16384,4,4096,768,32.269662,1.542935848236084,cuda
webtable-v2v-v=12-distilroberta-dj_adpt~qwen3_8b-dj_adpt,10,16384,5,4096,768,32.272231,1.542935848236084,cuda
webtable-v2v-v=12-distilroberta-dj_adpt~qwen3_8b-dj_adpt,10,16384,6,4096,768,32.267691,1.542935848236084,cuda
webtable-v2v-v=12-distilroberta-dj_adpt~qwen3_8b-dj_adpt,10,16384,7,4096,768,32.266791,1.542935848236084,cuda
webtable-v2v-v=12-distilroberta-dj_adpt~qwen3_8b-dj_adpt,10,16384,8,4096,768,32.279363,1.542935848236084,cuda
webtable-v2v-v=12-distilroberta-dj_adpt~qwen3_8b-dj_adpt,10,16384,9,4096,768,32.256065,1.542935848236084,cuda
webtable-v2v-v=12-distilroberta-dj_adpt~qwen3_8b-dj_adpt,10,16384,10,4096,768,32.276824999999995,1.542935848236084,cuda
webtable-v2v-v=12-distilroberta-dj_adpt~qwen3_8b-dj_adpt,11,16384,1,4096,768,32.247561,1.542935848236084,cuda
webtable-v2v-v=12-distilroberta-dj_adpt~qwen3_8b-dj_adpt,11,16384,2,4096,768,32.245481,1.542935848236084,cuda
webtable-v2v-v=12-distilroberta-dj_adpt~qwen3_8b-dj_adpt,11,16384,3,4096,768,32.265734,1.542935848236084,cuda
webtable-v2v-v=12-distilroberta-dj_adpt~qwen3_8b-dj_adpt,11,16384,4,4096,768,32.233078,1.542935848236084,cuda
webtable-v2v-v=12-distilroberta-dj_adpt~qwen3_8b-dj_adpt,11,16384,5,4096,768,32.070032999999995,1.542935848236084,cuda
webtable-v2v-v=12-distilroberta-dj_adpt~qwen3_8b-dj_adpt,11,16384,6,4096,768,32.247485,1.542935848236084,cuda
webtable-v2v-v=12-distilroberta-dj_adpt~qwen3_8b-dj_adpt,11,16384,7,4096,768,32.255568,1.542935848236084,cuda
webtable-v2v-v=12-distilroberta-dj_adpt~qwen3_8b-dj_adpt,11,16384,8,4096,768,32.251964,1.542935848236084,cuda
webtable-v2v-v=12-distilroberta-dj_adpt~qwen3_8b-dj_adpt,11,16384,9,4096,768,32.251964,1.542935848236084,cuda
webtable-v2v-v=12-distilroberta-dj_adpt~qwen3_8b-dj_adpt,11,16384,10,4096,768,32.253958,1.542935848236084,cuda
webtable-v2v-v=12-distilroberta-dj_adpt~qwen3_8b-dj_adpt,0,32768,1,768,768,52.15047,1.636685848236084,cuda
webtable-v2v-v=12-distilroberta-dj_adpt~qwen3_8b-dj_adpt,0,32768,2,768,768,52.165296,1.636685848236084,cuda
webtable-v2v-v=12-distilroberta-dj_adpt~qwen3_8b-dj_adpt,0,32768,3,768,768,52.184881,1.636685848236084,cuda
webtable-v2v-v=12-distilroberta-dj_adpt~qwen3_8b-dj_adpt,0,32768,4,768,768,52.191531999999995,1.636685848236084,cuda
webtable-v2v-v=12-distilroberta-dj_adpt~qwen3_8b-dj_adpt,0,32768,5,768,768,52.177591,1.636685848236084,cuda
webtable-v2v-v=12-distilroberta-dj_adpt~qwen3_8b-dj_adpt,0,32768,6,768,768,52.195318,1.636685848236084,cuda
webtable-v2v-v=12-distilroberta-dj_adpt~qwen3_8b-dj_adpt,0,32768,7,768,768,52.176964,1.636685848236084,cuda
webtable-v2v-v=12-distilroberta-dj_adpt~qwen3_8b-dj_adpt,0,32768,8,768,768,52.176935,1.636685848236084,cuda
webtable-v2v-v=12-distilroberta-dj_adpt~qwen3_8b-dj_adpt,0,32768,9,768,768,52.176134,1.636685848236084,cuda
webtable-v2v-v=12-distilroberta-dj_adpt~qwen3_8b-dj_adpt,0,32768,10,768,768,52.181228,1.636685848236084,cuda
webtable-v2v-v=12-distilroberta-dj_adpt~qwen3_8b-dj_adpt,1,32768,1,384,768,50.810877999999995,1.589810848236084,cuda
webtable-v2v-v=12-distilroberta-dj_adpt~qwen3_8b-dj_adpt,1,32768,2,384,768,50.8079,1.589810848236084,cuda
webtable-v2v-v=12-distilroberta-dj_adpt~qwen3_8b-dj_adpt,1,32768,3,384,768,50.810289999999995,1.589810848236084,cuda
webtable-v2v-v=12-distilroberta-dj_adpt~qwen3_8b-dj_adpt,1,32768,4,384,768,50.815985999999995,1.589810848236084,cuda
webtable-v2v-v=12-distilroberta-dj_adpt~qwen3_8b-dj_adpt,1,32768,5,384,768,50.808724999999995,1.589810848236084,cuda
webtable-v2v-v=12-distilroberta-dj_adpt~qwen3_8b-dj_adpt,1,32768,6,384,768,50.812951999999996,1.589810848236084,cuda
webtable-v2v-v=12-distilroberta-dj_adpt~qwen3_8b-dj_adpt,1,32768,7,384,768,50.814836,1.589810848236084,cuda
webtable-v2v-v=12-distilroberta-dj_adpt~qwen3_8b-dj_adpt,1,32768,8,384,768,50.824599,1.589810848236084,cuda
webtable-v2v-v=12-distilroberta-dj_adpt~qwen3_8b-dj_adpt,1,32768,9,384,768,50.812984,1.589810848236084,cuda
webtable-v2v-v=12-distilroberta-dj_adpt~qwen3_8b-dj_adpt,1,32768,10,384,768,50.824400999999995,1.589810848236084,cuda
webtable-v2v-v=12-distilroberta-dj_adpt~qwen3_8b-dj_adpt,2,32768,1,384,768,50.856094999999996,1.589810848236084,cuda
webtable-v2v-v=12-distilroberta-dj_adpt~qwen3_8b-dj_adpt,2,32768,2,384,768,50.836768,1.589810848236084,cuda
webtable-v2v-v=12-distilroberta-dj_adpt~qwen3_8b-dj_adpt,2,32768,3,384,768,50.831571999999994,1.589810848236084,cuda
webtable-v2v-v=12-distilroberta-dj_adpt~qwen3_8b-dj_adpt,2,32768,4,384,768,50.82834,1.589810848236084,cuda
webtable-v2v-v=12-distilroberta-dj_adpt~qwen3_8b-dj_adpt,2,32768,5,384,768,50.833144999999995,1.589810848236084,cuda
webtable-v2v-v=12-distilroberta-dj_adpt~qwen3_8b-dj_adpt,2,32768,6,384,768,50.838057,1.589810848236084,cuda
webtable-v2v-v=12-distilroberta-dj_adpt~qwen3_8b-dj_adpt,2,32768,7,384,768,50.834351999999996,1.589810848236084,cuda
webtable-v2v-v=12-distilroberta-dj_adpt~qwen3_8b-dj_adpt,2,32768,8,384,768,50.833833,1.589810848236084,cuda
webtable-v2v-v=12-distilroberta-dj_adpt~qwen3_8b-dj_adpt,2,32768,9,384,768,50.832749,1.589810848236084,cuda
webtable-v2v-v=12-distilroberta-dj_adpt~qwen3_8b-dj_adpt,2,32768,10,384,768,50.826201999999995,1.589810848236084,cuda
webtable-v2v-v=12-distilroberta-dj_adpt~qwen3_8b-dj_adpt,3,32768,1,768,768,52.14611,1.636685848236084,cuda
webtable-v2v-v=12-distilroberta-dj_adpt~qwen3_8b-dj_adpt,3,32768,2,768,768,52.165102999999995,1.636685848236084,cuda
webtable-v2v-v=12-distilroberta-dj_adpt~qwen3_8b-dj_adpt,3,32768,3,768,768,52.173742,1.636685848236084,cuda
webtable-v2v-v=12-distilroberta-dj_adpt~qwen3_8b-dj_adpt,3,32768,4,768,768,52.171443,1.636685848236084,cuda
webtable-v2v-v=12-distilroberta-dj_adpt~qwen3_8b-dj_adpt,3,32768,5,768,768,52.176733,1.636685848236084,cuda
webtable-v2v-v=12-distilroberta-dj_adpt~qwen3_8b-dj_adpt,3,32768,6,768,768,52.180181999999995,1.636685848236084,cuda
webtable-v2v-v=12-distilroberta-dj_adpt~qwen3_8b-dj_adpt,3,32768,7,768,768,52.180794999999996,1.636685848236084,cuda
webtable-v2v-v=12-distilroberta-dj_adpt~qwen3_8b-dj_adpt,3,32768,8,768,768,52.175902,1.636685848236084,cuda
webtable-v2v-v=12-distilroberta-dj_adpt~qwen3_8b-dj_adpt,3,32768,9,768,768,52.160104999999994,1.636685848236084,cuda
webtable-v2v-v=12-distilroberta-dj_adpt~qwen3_8b-dj_adpt,3,32768,10,768,768,52.174572999999995,1.636685848236084,cuda
webtable-v2v-v=12-distilroberta-dj_adpt~qwen3_8b-dj_adpt,4,32768,1,768,768,52.167907,1.636685848236084,cuda
webtable-v2v-v=12-distilroberta-dj_adpt~qwen3_8b-dj_adpt,4,32768,2,768,768,52.179843999999996,1.636685848236084,cuda
webtable-v2v-v=12-distilroberta-dj_adpt~qwen3_8b-dj_adpt,4,32768,3,768,768,52.163543,1.636685848236084,cuda
webtable-v2v-v=12-distilroberta-dj_adpt~qwen3_8b-dj_adpt,4,32768,4,768,768,52.17424,1.636685848236084,cuda
webtable-v2v-v=12-distilroberta-dj_adpt~qwen3_8b-dj_adpt,4,32768,5,768,768,52.181781,1.636685848236084,cuda
webtable-v2v-v=12-distilroberta-dj_adpt~qwen3_8b-dj_adpt,4,32768,6,768,768,52.182417,1.636685848236084,cuda
webtable-v2v-v=12-distilroberta-dj_adpt~qwen3_8b-dj_adpt,4,32768,7,768,768,52.178788,1.636685848236084,cuda
webtable-v2v-v=12-distilroberta-dj_adpt~qwen3_8b-dj_adpt,4,32768,8,768,768,52.171749999999996,1.636685848236084,cuda
webtable-v2v-v=12-distilroberta-dj_adpt~qwen3_8b-dj_adpt,4,32768,9,768,768,52.152449999999995,1.636685848236084,cuda
webtable-v2v-v=12-distilroberta-dj_adpt~qwen3_8b-dj_adpt,4,32768,10,768,768,52.175155,1.636685848236084,cuda
webtable-v2v-v=12-distilroberta-dj_adpt~qwen3_8b-dj_adpt,5,32768,1,768,768,52.172889999999995,1.636685848236084,cuda
webtable-v2v-v=12-distilroberta-dj_adpt~qwen3_8b-dj_adpt,5,32768,2,768,768,52.180389,1.636685848236084,cuda
webtable-v2v-v=12-distilroberta-dj_adpt~qwen3_8b-dj_adpt,5,32768,3,768,768,52.179676,1.636685848236084,cuda
webtable-v2v-v=12-distilroberta-dj_adpt~qwen3_8b-dj_adpt,5,32768,4,768,768,52.173559,1.636685848236084,cuda
webtable-v2v-v=12-distilroberta-dj_adpt~qwen3_8b-dj_adpt,5,32768,5,768,768,52.575312,1.636685848236084,cuda
webtable-v2v-v=12-distilroberta-dj_adpt~qwen3_8b-dj_adpt,5,32768,6,768,768,53.233005999999996,1.636685848236084,cuda
webtable-v2v-v=12-distilroberta-dj_adpt~qwen3_8b-dj_adpt,5,32768,7,768,768,52.391557,1.636685848236084,cuda
webtable-v2v-v=12-distilroberta-dj_adpt~qwen3_8b-dj_adpt,5,32768,8,768,768,52.136288,1.636685848236084,cuda
webtable-v2v-v=12-distilroberta-dj_adpt~qwen3_8b-dj_adpt,5,32768,9,768,768,52.156835,1.636685848236084,cuda
webtable-v2v-v=12-distilroberta-dj_adpt~qwen3_8b-dj_adpt,5,32768,10,768,768,52.174057999999995,1.636685848236084,cuda
webtable-v2v-v=12-distilroberta-dj_adpt~qwen3_8b-dj_adpt,6,32768,1,896,768,52.637159999999994,1.652310848236084,cuda
webtable-v2v-v=12-distilroberta-dj_adpt~qwen3_8b-dj_adpt,6,32768,2,896,768,52.639294,1.652310848236084,cuda
webtable-v2v-v=12-distilroberta-dj_adpt~qwen3_8b-dj_adpt,6,32768,3,896,768,52.633511999999996,1.652310848236084,cuda
webtable-v2v-v=12-distilroberta-dj_adpt~qwen3_8b-dj_adpt,6,32768,4,896,768,52.630489999999995,1.652310848236084,cuda
webtable-v2v-v=12-distilroberta-dj_adpt~qwen3_8b-dj_adpt,6,32768,5,896,768,52.639855999999995,1.652310848236084,cuda
webtable-v2v-v=12-distilroberta-dj_adpt~qwen3_8b-dj_adpt,6,32768,6,896,768,52.626259999999995,1.652310848236084,cuda
webtable-v2v-v=12-distilroberta-dj_adpt~qwen3_8b-dj_adpt,6,32768,7,896,768,52.644735,1.652310848236084,cuda
webtable-v2v-v=12-distilroberta-dj_adpt~qwen3_8b-dj_adpt,6,32768,8,896,768,52.622192,1.652310848236084,cuda
webtable-v2v-v=12-distilroberta-dj_adpt~qwen3_8b-dj_adpt,6,32768,9,896,768,52.629255,1.652310848236084,cuda
webtable-v2v-v=12-distilroberta-dj_adpt~qwen3_8b-dj_adpt,6,32768,10,896,768,52.62366,1.652310848236084,cuda
webtable-v2v-v=12-distilroberta-dj_adpt~qwen3_8b-dj_adpt,7,32768,1,1024,768,53.227945,1.667935848236084,cuda
webtable-v2v-v=12-distilroberta-dj_adpt~qwen3_8b-dj_adpt,7,32768,2,1024,768,53.37751,1.667935848236084,cuda
webtable-v2v-v=12-distilroberta-dj_adpt~qwen3_8b-dj_adpt,7,32768,3,1024,768,52.864345,1.667935848236084,cuda
webtable-v2v-v=12-distilroberta-dj_adpt~qwen3_8b-dj_adpt,7,32768,4,1024,768,52.890235,1.667935848236084,cuda
webtable-v2v-v=12-distilroberta-dj_adpt~qwen3_8b-dj_adpt,7,32768,5,1024,768,52.9041,1.667935848236084,cuda
webtable-v2v-v=12-distilroberta-dj_adpt~qwen3_8b-dj_adpt,7,32768,6,1024,768,52.898005,1.667935848236084,cuda
webtable-v2v-v=12-distilroberta-dj_adpt~qwen3_8b-dj_adpt,7,32768,7,1024,768,52.920553999999996,1.667935848236084,cuda
webtable-v2v-v=12-distilroberta-dj_adpt~qwen3_8b-dj_adpt,7,32768,8,1024,768,52.917100999999995,1.667935848236084,cuda
webtable-v2v-v=12-distilroberta-dj_adpt~qwen3_8b-dj_adpt,7,32768,9,1024,768,52.910717999999996,1.667935848236084,cuda
webtable-v2v-v=12-distilroberta-dj_adpt~qwen3_8b-dj_adpt,7,32768,10,1024,768,52.922019,1.667935848236084,cuda
webtable-v2v-v=12-distilroberta-dj_adpt~qwen3_8b-dj_adpt,8,32768,1,2560,768,58.746195,1.855435848236084,cuda
webtable-v2v-v=12-distilroberta-dj_adpt~qwen3_8b-dj_adpt,8,32768,2,2560,768,59.042528,1.855435848236084,cuda
webtable-v2v-v=12-distilroberta-dj_adpt~qwen3_8b-dj_adpt,8,32768,3,2560,768,58.466229,1.855435848236084,cuda
webtable-v2v-v=12-distilroberta-dj_adpt~qwen3_8b-dj_adpt,8,32768,4,2560,768,58.456936999999996,1.855435848236084,cuda
webtable-v2v-v=12-distilroberta-dj_adpt~qwen3_8b-dj_adpt,8,32768,5,2560,768,58.661097,1.855435848236084,cuda
webtable-v2v-v=12-distilroberta-dj_adpt~qwen3_8b-dj_adpt,8,32768,6,2560,768,59.086183999999996,1.855435848236084,cuda
webtable-v2v-v=12-distilroberta-dj_adpt~qwen3_8b-dj_adpt,8,32768,7,2560,768,59.096412,1.855435848236084,cuda
webtable-v2v-v=12-distilroberta-dj_adpt~qwen3_8b-dj_adpt,8,32768,8,2560,768,59.096751,1.855435848236084,cuda
webtable-v2v-v=12-distilroberta-dj_adpt~qwen3_8b-dj_adpt,8,32768,9,2560,768,58.512128,1.855435848236084,cuda
webtable-v2v-v=12-distilroberta-dj_adpt~qwen3_8b-dj_adpt,8,32768,10,2560,768,58.456151999999996,1.855435848236084,cuda
webtable-v2v-v=12-distilroberta-dj_adpt~qwen3_8b-dj_adpt,9,32768,1,3840,768,63.785179,2.011685848236084,cuda
webtable-v2v-v=12-distilroberta-dj_adpt~qwen3_8b-dj_adpt,9,32768,2,3840,768,63.163213999999996,2.011685848236084,cuda
webtable-v2v-v=12-distilroberta-dj_adpt~qwen3_8b-dj_adpt,9,32768,3,3840,768,63.174412,2.011685848236084,cuda
webtable-v2v-v=12-distilroberta-dj_adpt~qwen3_8b-dj_adpt,9,32768,4,3840,768,63.16544,2.011685848236084,cuda
webtable-v2v-v=12-distilroberta-dj_adpt~qwen3_8b-dj_adpt,9,32768,5,3840,768,63.521566,2.011685848236084,cuda
webtable-v2v-v=12-distilroberta-dj_adpt~qwen3_8b-dj_adpt,9,32768,6,3840,768,63.782052,2.011685848236084,cuda
webtable-v2v-v=12-distilroberta-dj_adpt~qwen3_8b-dj_adpt,9,32768,7,3840,768,63.714124,2.011685848236084,cuda
webtable-v2v-v=12-distilroberta-dj_adpt~qwen3_8b-dj_adpt,9,32768,8,3840,768,64.774827,2.011685848236084,cuda
webtable-v2v-v=12-distilroberta-dj_adpt~qwen3_8b-dj_adpt,9,32768,9,3840,768,62.962337,2.011685848236084,cuda
webtable-v2v-v=12-distilroberta-dj_adpt~qwen3_8b-dj_adpt,9,32768,10,3840,768,63.518209999999996,2.011685848236084,cuda
webtable-v2v-v=12-distilroberta-dj_adpt~qwen3_8b-dj_adpt,10,32768,1,4096,768,64.72738,2.042935848236084,cuda
webtable-v2v-v=12-distilroberta-dj_adpt~qwen3_8b-dj_adpt,10,32768,2,4096,768,64.460067,2.042935848236084,cuda
webtable-v2v-v=12-distilroberta-dj_adpt~qwen3_8b-dj_adpt,10,32768,3,4096,768,64.087116,2.042935848236084,cuda
webtable-v2v-v=12-distilroberta-dj_adpt~qwen3_8b-dj_adpt,10,32768,4,4096,768,64.482844,2.042935848236084,cuda
webtable-v2v-v=12-distilroberta-dj_adpt~qwen3_8b-dj_adpt,10,32768,5,4096,768,64.638206,2.042935848236084,cuda
webtable-v2v-v=12-distilroberta-dj_adpt~qwen3_8b-dj_adpt,10,32768,6,4096,768,64.569856,2.042935848236084,cuda
webtable-v2v-v=12-distilroberta-dj_adpt~qwen3_8b-dj_adpt,10,32768,7,4096,768,64.587997,2.042935848236084,cuda
webtable-v2v-v=12-distilroberta-dj_adpt~qwen3_8b-dj_adpt,10,32768,8,4096,768,64.099125,2.042935848236084,cuda
webtable-v2v-v=12-distilroberta-dj_adpt~qwen3_8b-dj_adpt,10,32768,9,4096,768,64.091674,2.042935848236084,cuda
webtable-v2v-v=12-distilroberta-dj_adpt~qwen3_8b-dj_adpt,10,32768,10,4096,768,64.09108599999999,2.042935848236084,cuda
webtable-v2v-v=12-distilroberta-dj_adpt~qwen3_8b-dj_adpt,11,32768,1,4096,768,64.513018,2.042935848236084,cuda
webtable-v2v-v=12-distilroberta-dj_adpt~qwen3_8b-dj_adpt,11,32768,2,4096,768,64.223252,2.042935848236084,cuda
webtable-v2v-v=12-distilroberta-dj_adpt~qwen3_8b-dj_adpt,11,32768,3,4096,768,64.727649,2.042935848236084,cuda
webtable-v2v-v=12-distilroberta-dj_adpt~qwen3_8b-dj_adpt,11,32768,4,4096,768,64.603284,2.042935848236084,cuda
webtable-v2v-v=12-distilroberta-dj_adpt~qwen3_8b-dj_adpt,11,32768,5,4096,768,64.07811699999999,2.042935848236084,cuda
webtable-v2v-v=12-distilroberta-dj_adpt~qwen3_8b-dj_adpt,11,32768,6,4096,768,64.43266299999999,2.042935848236084,cuda
webtable-v2v-v=12-distilroberta-dj_adpt~qwen3_8b-dj_adpt,11,32768,7,4096,768,64.677018,2.042935848236084,cuda
webtable-v2v-v=12-distilroberta-dj_adpt~qwen3_8b-dj_adpt,11,32768,8,4096,768,64.73013999999999,2.042935848236084,cuda
webtable-v2v-v=12-distilroberta-dj_adpt~qwen3_8b-dj_adpt,11,32768,9,4096,768,64.584295,2.042935848236084,cuda
webtable-v2v-v=12-distilroberta-dj_adpt~qwen3_8b-dj_adpt,11,32768,10,4096,768,64.668091,2.042935848236084,cuda
webtable-v2v-v=12-distilroberta-dj_adpt~qwen3_8b-dj_adpt,0,65536,1,768,768,103.67579599999999,2.230435848236084,cuda
webtable-v2v-v=12-distilroberta-dj_adpt~qwen3_8b-dj_adpt,0,65536,2,768,768,104.69504599999999,2.230435848236084,cuda
webtable-v2v-v=12-distilroberta-dj_adpt~qwen3_8b-dj_adpt,0,65536,3,768,768,103.964343,2.230435848236084,cuda
webtable-v2v-v=12-distilroberta-dj_adpt~qwen3_8b-dj_adpt,0,65536,4,768,768,104.21697599999999,2.230435848236084,cuda
webtable-v2v-v=12-distilroberta-dj_adpt~qwen3_8b-dj_adpt,0,65536,5,768,768,104.213883,2.230435848236084,cuda
webtable-v2v-v=12-distilroberta-dj_adpt~qwen3_8b-dj_adpt,0,65536,6,768,768,104.147492,2.230435848236084,cuda
webtable-v2v-v=12-distilroberta-dj_adpt~qwen3_8b-dj_adpt,0,65536,7,768,768,104.685774,2.230435848236084,cuda
webtable-v2v-v=12-distilroberta-dj_adpt~qwen3_8b-dj_adpt,0,65536,8,768,768,104.68308599999999,2.230435848236084,cuda
webtable-v2v-v=12-distilroberta-dj_adpt~qwen3_8b-dj_adpt,0,65536,9,768,768,104.497683,2.230435848236084,cuda
webtable-v2v-v=12-distilroberta-dj_adpt~qwen3_8b-dj_adpt,0,65536,10,768,768,103.63526999999999,2.230435848236084,cuda
webtable-v2v-v=12-distilroberta-dj_adpt~qwen3_8b-dj_adpt,1,65536,1,384,768,101.699601,2.136685848236084,cuda
webtable-v2v-v=12-distilroberta-dj_adpt~qwen3_8b-dj_adpt,1,65536,2,384,768,101.36837399999999,2.136685848236084,cuda
webtable-v2v-v=12-distilroberta-dj_adpt~qwen3_8b-dj_adpt,1,65536,3,384,768,101.233736,2.136685848236084,cuda
webtable-v2v-v=12-distilroberta-dj_adpt~qwen3_8b-dj_adpt,1,65536,4,384,768,101.611419,2.136685848236084,cuda
webtable-v2v-v=12-distilroberta-dj_adpt~qwen3_8b-dj_adpt,1,65536,5,384,768,101.931848,2.136685848236084,cuda
webtable-v2v-v=12-distilroberta-dj_adpt~qwen3_8b-dj_adpt,1,65536,6,384,768,101.733375,2.136685848236084,cuda
webtable-v2v-v=12-distilroberta-dj_adpt~qwen3_8b-dj_adpt,1,65536,7,384,768,101.92260399999999,2.136685848236084,cuda
webtable-v2v-v=12-distilroberta-dj_adpt~qwen3_8b-dj_adpt,1,65536,8,384,768,101.230617,2.136685848236084,cuda
webtable-v2v-v=12-distilroberta-dj_adpt~qwen3_8b-dj_adpt,1,65536,9,384,768,100.963571,2.136685848236084,cuda
webtable-v2v-v=12-distilroberta-dj_adpt~qwen3_8b-dj_adpt,1,65536,10,384,768,101.678315,2.136685848236084,cuda
webtable-v2v-v=12-distilroberta-dj_adpt~qwen3_8b-dj_adpt,2,65536,1,384,768,101.32397399999999,2.136685848236084,cuda
webtable-v2v-v=12-distilroberta-dj_adpt~qwen3_8b-dj_adpt,2,65536,2,384,768,101.480847,2.136685848236084,cuda
webtable-v2v-v=12-distilroberta-dj_adpt~qwen3_8b-dj_adpt,2,65536,3,384,768,101.897024,2.136685848236084,cuda
webtable-v2v-v=12-distilroberta-dj_adpt~qwen3_8b-dj_adpt,2,65536,4,384,768,102.335618,2.136685848236084,cuda
webtable-v2v-v=12-distilroberta-dj_adpt~qwen3_8b-dj_adpt,2,65536,5,384,768,101.941143,2.136685848236084,cuda
webtable-v2v-v=12-distilroberta-dj_adpt~qwen3_8b-dj_adpt,2,65536,6,384,768,101.940592,2.136685848236084,cuda
webtable-v2v-v=12-distilroberta-dj_adpt~qwen3_8b-dj_adpt,2,65536,7,384,768,101.11516499999999,2.136685848236084,cuda
webtable-v2v-v=12-distilroberta-dj_adpt~qwen3_8b-dj_adpt,2,65536,8,384,768,100.968385,2.136685848236084,cuda
webtable-v2v-v=12-distilroberta-dj_adpt~qwen3_8b-dj_adpt,2,65536,9,384,768,101.59064199999999,2.136685848236084,cuda
webtable-v2v-v=12-distilroberta-dj_adpt~qwen3_8b-dj_adpt,2,65536,10,384,768,101.312212,2.136685848236084,cuda
webtable-v2v-v=12-distilroberta-dj_adpt~qwen3_8b-dj_adpt,3,65536,1,768,768,104.446533,2.230435848236084,cuda
webtable-v2v-v=12-distilroberta-dj_adpt~qwen3_8b-dj_adpt,3,65536,2,768,768,104.47334,2.230435848236084,cuda
webtable-v2v-v=12-distilroberta-dj_adpt~qwen3_8b-dj_adpt,3,65536,3,768,768,104.65615299999999,2.230435848236084,cuda
webtable-v2v-v=12-distilroberta-dj_adpt~qwen3_8b-dj_adpt,3,65536,4,768,768,104.659303,2.230435848236084,cuda
webtable-v2v-v=12-distilroberta-dj_adpt~qwen3_8b-dj_adpt,3,65536,5,768,768,104.46040599999999,2.230435848236084,cuda
webtable-v2v-v=12-distilroberta-dj_adpt~qwen3_8b-dj_adpt,3,65536,6,768,768,104.403964,2.230435848236084,cuda
webtable-v2v-v=12-distilroberta-dj_adpt~qwen3_8b-dj_adpt,3,65536,7,768,768,104.469747,2.230435848236084,cuda
webtable-v2v-v=12-distilroberta-dj_adpt~qwen3_8b-dj_adpt,3,65536,8,768,768,103.861154,2.230435848236084,cuda
webtable-v2v-v=12-distilroberta-dj_adpt~qwen3_8b-dj_adpt,3,65536,9,768,768,103.570893,2.230435848236084,cuda
webtable-v2v-v=12-distilroberta-dj_adpt~qwen3_8b-dj_adpt,3,65536,10,768,768,104.327658,2.230435848236084,cuda
webtable-v2v-v=12-distilroberta-dj_adpt~qwen3_8b-dj_adpt,4,65536,1,768,768,104.67116299999999,2.230435848236084,cuda
webtable-v2v-v=12-distilroberta-dj_adpt~qwen3_8b-dj_adpt,4,65536,2,768,768,105.067205,2.230435848236084,cuda
webtable-v2v-v=12-distilroberta-dj_adpt~qwen3_8b-dj_adpt,4,65536,3,768,768,104.617891,2.230435848236084,cuda
webtable-v2v-v=12-distilroberta-dj_adpt~qwen3_8b-dj_adpt,4,65536,4,768,768,104.671668,2.230435848236084,cuda
webtable-v2v-v=12-distilroberta-dj_adpt~qwen3_8b-dj_adpt,4,65536,5,768,768,104.658514,2.230435848236084,cuda
webtable-v2v-v=12-distilroberta-dj_adpt~qwen3_8b-dj_adpt,4,65536,6,768,768,104.435858,2.230435848236084,cuda
webtable-v2v-v=12-distilroberta-dj_adpt~qwen3_8b-dj_adpt,4,65536,7,768,768,104.430815,2.230435848236084,cuda
webtable-v2v-v=12-distilroberta-dj_adpt~qwen3_8b-dj_adpt,4,65536,8,768,768,104.48278499999999,2.230435848236084,cuda
webtable-v2v-v=12-distilroberta-dj_adpt~qwen3_8b-dj_adpt,4,65536,9,768,768,104.47376799999999,2.230435848236084,cuda
webtable-v2v-v=12-distilroberta-dj_adpt~qwen3_8b-dj_adpt,4,65536,10,768,768,104.483826,2.230435848236084,cuda
webtable-v2v-v=12-distilroberta-dj_adpt~qwen3_8b-dj_adpt,5,65536,1,768,768,105.064487,2.230435848236084,cuda
webtable-v2v-v=12-distilroberta-dj_adpt~qwen3_8b-dj_adpt,5,65536,2,768,768,104.69101099999999,2.230435848236084,cuda
webtable-v2v-v=12-distilroberta-dj_adpt~qwen3_8b-dj_adpt,5,65536,3,768,768,104.65834699999999,2.230435848236084,cuda
webtable-v2v-v=12-distilroberta-dj_adpt~qwen3_8b-dj_adpt,5,65536,4,768,768,103.951105,2.230435848236084,cuda
webtable-v2v-v=12-distilroberta-dj_adpt~qwen3_8b-dj_adpt,5,65536,5,768,768,104.337617,2.230435848236084,cuda
webtable-v2v-v=12-distilroberta-dj_adpt~qwen3_8b-dj_adpt,5,65536,6,768,768,104.67757399999999,2.230435848236084,cuda
webtable-v2v-v=12-distilroberta-dj_adpt~qwen3_8b-dj_adpt,5,65536,7,768,768,104.680779,2.230435848236084,cuda
webtable-v2v-v=12-distilroberta-dj_adpt~qwen3_8b-dj_adpt,5,65536,8,768,768,104.67729399999999,2.230435848236084,cuda
webtable-v2v-v=12-distilroberta-dj_adpt~qwen3_8b-dj_adpt,5,65536,9,768,768,104.47442699999999,2.230435848236084,cuda
webtable-v2v-v=12-distilroberta-dj_adpt~qwen3_8b-dj_adpt,5,65536,10,768,768,104.676717,2.230435848236084,cuda
webtable-v2v-v=12-distilroberta-dj_adpt~qwen3_8b-dj_adpt,6,65536,1,896,768,105.58470799999999,2.261685848236084,cuda
webtable-v2v-v=12-distilroberta-dj_adpt~qwen3_8b-dj_adpt,6,65536,2,896,768,105.387914,2.261685848236084,cuda
webtable-v2v-v=12-distilroberta-dj_adpt~qwen3_8b-dj_adpt,6,65536,3,896,768,105.4104,2.261685848236084,cuda
webtable-v2v-v=12-distilroberta-dj_adpt~qwen3_8b-dj_adpt,6,65536,4,896,768,105.362973,2.261685848236084,cuda
webtable-v2v-v=12-distilroberta-dj_adpt~qwen3_8b-dj_adpt,6,65536,5,896,768,105.35324299999999,2.261685848236084,cuda
webtable-v2v-v=12-distilroberta-dj_adpt~qwen3_8b-dj_adpt,6,65536,6,896,768,105.59863999999999,2.261685848236084,cuda
webtable-v2v-v=12-distilroberta-dj_adpt~qwen3_8b-dj_adpt,6,65536,7,896,768,105.393202,2.261685848236084,cuda
webtable-v2v-v=12-distilroberta-dj_adpt~qwen3_8b-dj_adpt,6,65536,8,896,768,105.60145,2.261685848236084,cuda
webtable-v2v-v=12-distilroberta-dj_adpt~qwen3_8b-dj_adpt,6,65536,9,896,768,105.594044,2.261685848236084,cuda
webtable-v2v-v=12-distilroberta-dj_adpt~qwen3_8b-dj_adpt,6,65536,10,896,768,105.57479,2.261685848236084,cuda
webtable-v2v-v=12-distilroberta-dj_adpt~qwen3_8b-dj_adpt,7,65536,1,1024,768,106.16112199999999,2.292935848236084,cuda
webtable-v2v-v=12-distilroberta-dj_adpt~qwen3_8b-dj_adpt,7,65536,2,1024,768,106.16403199999999,2.292935848236084,cuda
webtable-v2v-v=12-distilroberta-dj_adpt~qwen3_8b-dj_adpt,7,65536,3,1024,768,105.96642299999999,2.292935848236084,cuda
webtable-v2v-v=12-distilroberta-dj_adpt~qwen3_8b-dj_adpt,7,65536,4,1024,768,105.98014699999999,2.292935848236084,cuda
webtable-v2v-v=12-distilroberta-dj_adpt~qwen3_8b-dj_adpt,7,65536,5,1024,768,106.164711,2.292935848236084,cuda
webtable-v2v-v=12-distilroberta-dj_adpt~qwen3_8b-dj_adpt,7,65536,6,1024,768,105.98331999999999,2.292935848236084,cuda
webtable-v2v-v=12-distilroberta-dj_adpt~qwen3_8b-dj_adpt,7,65536,7,1024,768,106.090638,2.292935848236084,cuda
webtable-v2v-v=12-distilroberta-dj_adpt~qwen3_8b-dj_adpt,7,65536,8,1024,768,106.587537,2.292935848236084,cuda
webtable-v2v-v=12-distilroberta-dj_adpt~qwen3_8b-dj_adpt,7,65536,9,1024,768,106.17423099999999,2.292935848236084,cuda
webtable-v2v-v=12-distilroberta-dj_adpt~qwen3_8b-dj_adpt,7,65536,10,1024,768,106.16878299999999,2.292935848236084,cuda
webtable-v2v-v=12-distilroberta-dj_adpt~qwen3_8b-dj_adpt,8,65536,1,2560,768,117.484692,2.667935848236084,cuda
webtable-v2v-v=12-distilroberta-dj_adpt~qwen3_8b-dj_adpt,8,65536,2,2560,768,117.522165,2.667935848236084,cuda
webtable-v2v-v=12-distilroberta-dj_adpt~qwen3_8b-dj_adpt,8,65536,3,2560,768,117.251044,2.667935848236084,cuda
webtable-v2v-v=12-distilroberta-dj_adpt~qwen3_8b-dj_adpt,8,65536,4,2560,768,117.48817899999999,2.667935848236084,cuda
webtable-v2v-v=12-distilroberta-dj_adpt~qwen3_8b-dj_adpt,8,65536,5,2560,768,117.27181499999999,2.667935848236084,cuda
webtable-v2v-v=12-distilroberta-dj_adpt~qwen3_8b-dj_adpt,8,65536,6,2560,768,117.455873,2.667935848236084,cuda
webtable-v2v-v=12-distilroberta-dj_adpt~qwen3_8b-dj_adpt,8,65536,7,2560,768,117.477153,2.667935848236084,cuda
webtable-v2v-v=12-distilroberta-dj_adpt~qwen3_8b-dj_adpt,8,65536,8,2560,768,117.527042,2.667935848236084,cuda
webtable-v2v-v=12-distilroberta-dj_adpt~qwen3_8b-dj_adpt,8,65536,9,2560,768,117.454859,2.667935848236084,cuda
webtable-v2v-v=12-distilroberta-dj_adpt~qwen3_8b-dj_adpt,8,65536,10,2560,768,117.44985399999999,2.667935848236084,cuda
webtable-v2v-v=12-distilroberta-dj_adpt~qwen3_8b-dj_adpt,9,65536,1,3840,768,127.541311,2.980435848236084,cuda
webtable-v2v-v=12-distilroberta-dj_adpt~qwen3_8b-dj_adpt,9,65536,2,3840,768,126.77077299999999,2.980435848236084,cuda
webtable-v2v-v=12-distilroberta-dj_adpt~qwen3_8b-dj_adpt,9,65536,3,3840,768,126.847867,2.980435848236084,cuda
webtable-v2v-v=12-distilroberta-dj_adpt~qwen3_8b-dj_adpt,9,65536,4,3840,768,127.301953,2.980435848236084,cuda
webtable-v2v-v=12-distilroberta-dj_adpt~qwen3_8b-dj_adpt,9,65536,5,3840,768,126.893873,2.980435848236084,cuda
webtable-v2v-v=12-distilroberta-dj_adpt~qwen3_8b-dj_adpt,9,65536,6,3840,768,126.84819599999999,2.980435848236084,cuda
webtable-v2v-v=12-distilroberta-dj_adpt~qwen3_8b-dj_adpt,9,65536,7,3840,768,126.841667,2.980435848236084,cuda
webtable-v2v-v=12-distilroberta-dj_adpt~qwen3_8b-dj_adpt,9,65536,8,3840,768,127.491975,2.980435848236084,cuda
webtable-v2v-v=12-distilroberta-dj_adpt~qwen3_8b-dj_adpt,9,65536,9,3840,768,126.785156,2.980435848236084,cuda
webtable-v2v-v=12-distilroberta-dj_adpt~qwen3_8b-dj_adpt,9,65536,10,3840,768,127.66497299999999,2.980435848236084,cuda
webtable-v2v-v=12-distilroberta-dj_adpt~qwen3_8b-dj_adpt,10,65536,1,4096,768,129.408702,3.042935848236084,cuda
webtable-v2v-v=12-distilroberta-dj_adpt~qwen3_8b-dj_adpt,10,65536,2,4096,768,128.66125499999998,3.042935848236084,cuda
webtable-v2v-v=12-distilroberta-dj_adpt~qwen3_8b-dj_adpt,10,65536,3,4096,768,128.75241,3.042935848236084,cuda
webtable-v2v-v=12-distilroberta-dj_adpt~qwen3_8b-dj_adpt,10,65536,4,4096,768,129.163955,3.042935848236084,cuda
webtable-v2v-v=12-distilroberta-dj_adpt~qwen3_8b-dj_adpt,10,65536,5,4096,768,128.743828,3.042935848236084,cuda
webtable-v2v-v=12-distilroberta-dj_adpt~qwen3_8b-dj_adpt,10,65536,6,4096,768,129.315848,3.042935848236084,cuda
webtable-v2v-v=12-distilroberta-dj_adpt~qwen3_8b-dj_adpt,10,65536,7,4096,768,129.531072,3.042935848236084,cuda
webtable-v2v-v=12-distilroberta-dj_adpt~qwen3_8b-dj_adpt,10,65536,8,4096,768,128.664217,3.042935848236084,cuda
webtable-v2v-v=12-distilroberta-dj_adpt~qwen3_8b-dj_adpt,10,65536,9,4096,768,129.59395999999998,3.042935848236084,cuda
webtable-v2v-v=12-distilroberta-dj_adpt~qwen3_8b-dj_adpt,10,65536,10,4096,768,128.74067399999998,3.042935848236084,cuda
webtable-v2v-v=12-distilroberta-dj_adpt~qwen3_8b-dj_adpt,11,65536,1,4096,768,128.726139,3.042935848236084,cuda
webtable-v2v-v=12-distilroberta-dj_adpt~qwen3_8b-dj_adpt,11,65536,2,4096,768,128.960185,3.042935848236084,cuda
webtable-v2v-v=12-distilroberta-dj_adpt~qwen3_8b-dj_adpt,11,65536,3,4096,768,129.614927,3.042935848236084,cuda
webtable-v2v-v=12-distilroberta-dj_adpt~qwen3_8b-dj_adpt,11,65536,4,4096,768,128.683216,3.042935848236084,cuda
webtable-v2v-v=12-distilroberta-dj_adpt~qwen3_8b-dj_adpt,11,65536,5,4096,768,129.919726,3.042935848236084,cuda
webtable-v2v-v=12-distilroberta-dj_adpt~qwen3_8b-dj_adpt,11,65536,6,4096,768,128.92352,3.042935848236084,cuda
webtable-v2v-v=12-distilroberta-dj_adpt~qwen3_8b-dj_adpt,11,65536,7,4096,768,128.733114,3.042935848236084,cuda
webtable-v2v-v=12-distilroberta-dj_adpt~qwen3_8b-dj_adpt,11,65536,8,4096,768,128.718147,3.042935848236084,cuda
webtable-v2v-v=12-distilroberta-dj_adpt~qwen3_8b-dj_adpt,11,65536,9,4096,768,129.309616,3.042935848236084,cuda
webtable-v2v-v=12-distilroberta-dj_adpt~qwen3_8b-dj_adpt,11,65536,10,4096,768,129.54102899999998,3.042935848236084,cuda
webtable-v2v-v=12-distilroberta-dj_adpt~qwen3_8b-dj_adpt,0,131072,1,768,768,210.24363599999998,3.417935848236084,cuda
webtable-v2v-v=12-distilroberta-dj_adpt~qwen3_8b-dj_adpt,0,131072,2,768,768,208.89853399999998,3.417935848236084,cuda
webtable-v2v-v=12-distilroberta-dj_adpt~qwen3_8b-dj_adpt,0,131072,3,768,768,209.866966,3.417935848236084,cuda
webtable-v2v-v=12-distilroberta-dj_adpt~qwen3_8b-dj_adpt,0,131072,4,768,768,210.06958699999998,3.417935848236084,cuda
webtable-v2v-v=12-distilroberta-dj_adpt~qwen3_8b-dj_adpt,0,131072,5,768,768,210.40128199999998,3.417935848236084,cuda
webtable-v2v-v=12-distilroberta-dj_adpt~qwen3_8b-dj_adpt,0,131072,6,768,768,209.698457,3.417935848236084,cuda
webtable-v2v-v=12-distilroberta-dj_adpt~qwen3_8b-dj_adpt,0,131072,7,768,768,209.013642,3.417935848236084,cuda
webtable-v2v-v=12-distilroberta-dj_adpt~qwen3_8b-dj_adpt,0,131072,8,768,768,210.565134,3.417935848236084,cuda
webtable-v2v-v=12-distilroberta-dj_adpt~qwen3_8b-dj_adpt,0,131072,9,768,768,209.430751,3.417935848236084,cuda
webtable-v2v-v=12-distilroberta-dj_adpt~qwen3_8b-dj_adpt,0,131072,10,768,768,210.34232699999998,3.417935848236084,cuda
webtable-v2v-v=12-distilroberta-dj_adpt~qwen3_8b-dj_adpt,1,131072,1,384,768,203.449808,3.230435848236084,cuda
webtable-v2v-v=12-distilroberta-dj_adpt~qwen3_8b-dj_adpt,1,131072,2,384,768,205.159925,3.230435848236084,cuda
webtable-v2v-v=12-distilroberta-dj_adpt~qwen3_8b-dj_adpt,1,131072,3,384,768,203.879068,3.230435848236084,cuda
webtable-v2v-v=12-distilroberta-dj_adpt~qwen3_8b-dj_adpt,1,131072,4,384,768,204.90008799999998,3.230435848236084,cuda
webtable-v2v-v=12-distilroberta-dj_adpt~qwen3_8b-dj_adpt,1,131072,5,384,768,204.45843299999999,3.230435848236084,cuda
webtable-v2v-v=12-distilroberta-dj_adpt~qwen3_8b-dj_adpt,1,131072,6,384,768,203.779402,3.230435848236084,cuda
webtable-v2v-v=12-distilroberta-dj_adpt~qwen3_8b-dj_adpt,1,131072,7,384,768,204.98935,3.230435848236084,cuda
webtable-v2v-v=12-distilroberta-dj_adpt~qwen3_8b-dj_adpt,1,131072,8,384,768,204.182606,3.230435848236084,cuda
webtable-v2v-v=12-distilroberta-dj_adpt~qwen3_8b-dj_adpt,1,131072,9,384,768,204.686947,3.230435848236084,cuda
webtable-v2v-v=12-distilroberta-dj_adpt~qwen3_8b-dj_adpt,1,131072,10,384,768,205.563878,3.230435848236084,cuda
webtable-v2v-v=12-distilroberta-dj_adpt~qwen3_8b-dj_adpt,2,131072,1,384,768,205.107572,3.230435848236084,cuda
webtable-v2v-v=12-distilroberta-dj_adpt~qwen3_8b-dj_adpt,2,131072,2,384,768,204.227453,3.230435848236084,cuda
webtable-v2v-v=12-distilroberta-dj_adpt~qwen3_8b-dj_adpt,2,131072,3,384,768,204.72248299999998,3.230435848236084,cuda
webtable-v2v-v=12-distilroberta-dj_adpt~qwen3_8b-dj_adpt,2,131072,4,384,768,204.693448,3.230435848236084,cuda
webtable-v2v-v=12-distilroberta-dj_adpt~qwen3_8b-dj_adpt,2,131072,5,384,768,204.407637,3.230435848236084,cuda
webtable-v2v-v=12-distilroberta-dj_adpt~qwen3_8b-dj_adpt,2,131072,6,384,768,204.659772,3.230435848236084,cuda
webtable-v2v-v=12-distilroberta-dj_adpt~qwen3_8b-dj_adpt,2,131072,7,384,768,204.60019699999998,3.230435848236084,cuda
webtable-v2v-v=12-distilroberta-dj_adpt~qwen3_8b-dj_adpt,2,131072,8,384,768,204.61998499999999,3.230435848236084,cuda
webtable-v2v-v=12-distilroberta-dj_adpt~qwen3_8b-dj_adpt,2,131072,9,384,768,204.63916899999998,3.230435848236084,cuda
webtable-v2v-v=12-distilroberta-dj_adpt~qwen3_8b-dj_adpt,2,131072,10,384,768,203.50511,3.230435848236084,cuda
webtable-v2v-v=12-distilroberta-dj_adpt~qwen3_8b-dj_adpt,3,131072,1,768,768,210.472177,3.417935848236084,cuda
webtable-v2v-v=12-distilroberta-dj_adpt~qwen3_8b-dj_adpt,3,131072,2,768,768,209.98986399999998,3.417935848236084,cuda
webtable-v2v-v=12-distilroberta-dj_adpt~qwen3_8b-dj_adpt,3,131072,3,768,768,210.005498,3.417935848236084,cuda
webtable-v2v-v=12-distilroberta-dj_adpt~qwen3_8b-dj_adpt,3,131072,4,768,768,209.87270099999998,3.417935848236084,cuda
webtable-v2v-v=12-distilroberta-dj_adpt~qwen3_8b-dj_adpt,3,131072,5,768,768,210.540036,3.417935848236084,cuda
webtable-v2v-v=12-distilroberta-dj_adpt~qwen3_8b-dj_adpt,3,131072,6,768,768,210.41543399999998,3.417935848236084,cuda
webtable-v2v-v=12-distilroberta-dj_adpt~qwen3_8b-dj_adpt,3,131072,7,768,768,209.86913299999998,3.417935848236084,cuda
webtable-v2v-v=12-distilroberta-dj_adpt~qwen3_8b-dj_adpt,3,131072,8,768,768,209.92237599999999,3.417935848236084,cuda
webtable-v2v-v=12-distilroberta-dj_adpt~qwen3_8b-dj_adpt,3,131072,9,768,768,209.933351,3.417935848236084,cuda
webtable-v2v-v=12-distilroberta-dj_adpt~qwen3_8b-dj_adpt,3,131072,10,768,768,210.547787,3.417935848236084,cuda
webtable-v2v-v=12-distilroberta-dj_adpt~qwen3_8b-dj_adpt,4,131072,1,768,768,209.18893699999998,3.417935848236084,cuda
webtable-v2v-v=12-distilroberta-dj_adpt~qwen3_8b-dj_adpt,4,131072,2,768,768,210.44069,3.417935848236084,cuda
webtable-v2v-v=12-distilroberta-dj_adpt~qwen3_8b-dj_adpt,4,131072,3,768,768,210.450346,3.417935848236084,cuda
webtable-v2v-v=12-distilroberta-dj_adpt~qwen3_8b-dj_adpt,4,131072,4,768,768,210.797686,3.417935848236084,cuda
webtable-v2v-v=12-distilroberta-dj_adpt~qwen3_8b-dj_adpt,4,131072,5,768,768,210.673147,3.417935848236084,cuda
webtable-v2v-v=12-distilroberta-dj_adpt~qwen3_8b-dj_adpt,4,131072,6,768,768,209.96216199999998,3.417935848236084,cuda
webtable-v2v-v=12-distilroberta-dj_adpt~qwen3_8b-dj_adpt,4,131072,7,768,768,210.58297399999998,3.417935848236084,cuda
webtable-v2v-v=12-distilroberta-dj_adpt~qwen3_8b-dj_adpt,4,131072,8,768,768,210.27012299999998,3.417935848236084,cuda
webtable-v2v-v=12-distilroberta-dj_adpt~qwen3_8b-dj_adpt,4,131072,9,768,768,211.184235,3.417935848236084,cuda
webtable-v2v-v=12-distilroberta-dj_adpt~qwen3_8b-dj_adpt,4,131072,10,768,768,210.401077,3.417935848236084,cuda
webtable-v2v-v=12-distilroberta-dj_adpt~qwen3_8b-dj_adpt,5,131072,1,768,768,209.96020299999998,3.417935848236084,cuda
webtable-v2v-v=12-distilroberta-dj_adpt~qwen3_8b-dj_adpt,5,131072,2,768,768,210.63909199999998,3.417935848236084,cuda
webtable-v2v-v=12-distilroberta-dj_adpt~qwen3_8b-dj_adpt,5,131072,3,768,768,211.37046999999998,3.417935848236084,cuda
webtable-v2v-v=12-distilroberta-dj_adpt~qwen3_8b-dj_adpt,5,131072,4,768,768,210.502268,3.417935848236084,cuda
webtable-v2v-v=12-distilroberta-dj_adpt~qwen3_8b-dj_adpt,5,131072,5,768,768,209.984827,3.417935848236084,cuda
webtable-v2v-v=12-distilroberta-dj_adpt~qwen3_8b-dj_adpt,5,131072,6,768,768,210.025536,3.417935848236084,cuda
webtable-v2v-v=12-distilroberta-dj_adpt~qwen3_8b-dj_adpt,5,131072,7,768,768,210.83863,3.417935848236084,cuda
webtable-v2v-v=12-distilroberta-dj_adpt~qwen3_8b-dj_adpt,5,131072,8,768,768,211.845892,3.417935848236084,cuda
webtable-v2v-v=12-distilroberta-dj_adpt~qwen3_8b-dj_adpt,5,131072,9,768,768,210.45299699999998,3.417935848236084,cuda
webtable-v2v-v=12-distilroberta-dj_adpt~qwen3_8b-dj_adpt,5,131072,10,768,768,210.097909,3.417935848236084,cuda
webtable-v2v-v=12-distilroberta-dj_adpt~qwen3_8b-dj_adpt,6,131072,1,896,768,212.27838699999998,3.480435848236084,cuda
webtable-v2v-v=12-distilroberta-dj_adpt~qwen3_8b-dj_adpt,6,131072,2,896,768,212.886475,3.480435848236084,cuda
webtable-v2v-v=12-distilroberta-dj_adpt~qwen3_8b-dj_adpt,6,131072,3,896,768,212.384618,3.480435848236084,cuda
webtable-v2v-v=12-distilroberta-dj_adpt~qwen3_8b-dj_adpt,6,131072,4,896,768,211.93516699999998,3.480435848236084,cuda
webtable-v2v-v=12-distilroberta-dj_adpt~qwen3_8b-dj_adpt,6,131072,5,896,768,211.859807,3.480435848236084,cuda
webtable-v2v-v=12-distilroberta-dj_adpt~qwen3_8b-dj_adpt,6,131072,6,896,768,212.293826,3.480435848236084,cuda
webtable-v2v-v=12-distilroberta-dj_adpt~qwen3_8b-dj_adpt,6,131072,7,896,768,213.959566,3.480435848236084,cuda
webtable-v2v-v=12-distilroberta-dj_adpt~qwen3_8b-dj_adpt,6,131072,8,896,768,211.828228,3.480435848236084,cuda
webtable-v2v-v=12-distilroberta-dj_adpt~qwen3_8b-dj_adpt,6,131072,9,896,768,212.553124,3.480435848236084,cuda
webtable-v2v-v=12-distilroberta-dj_adpt~qwen3_8b-dj_adpt,6,131072,10,896,768,211.48247899999998,3.480435848236084,cuda
webtable-v2v-v=12-distilroberta-dj_adpt~qwen3_8b-dj_adpt,7,131072,1,1024,768,215.148495,3.542935848236084,cuda
webtable-v2v-v=12-distilroberta-dj_adpt~qwen3_8b-dj_adpt,7,131072,2,1024,768,213.508684,3.542935848236084,cuda
webtable-v2v-v=12-distilroberta-dj_adpt~qwen3_8b-dj_adpt,7,131072,3,1024,768,215.00366799999998,3.542935848236084,cuda
webtable-v2v-v=12-distilroberta-dj_adpt~qwen3_8b-dj_adpt,7,131072,4,1024,768,213.249494,3.542935848236084,cuda
webtable-v2v-v=12-distilroberta-dj_adpt~qwen3_8b-dj_adpt,7,131072,5,1024,768,213.307583,3.542935848236084,cuda
webtable-v2v-v=12-distilroberta-dj_adpt~qwen3_8b-dj_adpt,7,131072,6,1024,768,214.181055,3.542935848236084,cuda
webtable-v2v-v=12-distilroberta-dj_adpt~qwen3_8b-dj_adpt,7,131072,7,1024,768,213.68309599999998,3.542935848236084,cuda
webtable-v2v-v=12-distilroberta-dj_adpt~qwen3_8b-dj_adpt,7,131072,8,1024,768,215.188952,3.542935848236084,cuda
webtable-v2v-v=12-distilroberta-dj_adpt~qwen3_8b-dj_adpt,7,131072,9,1024,768,213.53966799999998,3.542935848236084,cuda
webtable-v2v-v=12-distilroberta-dj_adpt~qwen3_8b-dj_adpt,7,131072,10,1024,768,213.350519,3.542935848236084,cuda
webtable-v2v-v=12-distilroberta-dj_adpt~qwen3_8b-dj_adpt,8,131072,1,2560,768,236.76493,4.292935848236084,cuda
webtable-v2v-v=12-distilroberta-dj_adpt~qwen3_8b-dj_adpt,8,131072,2,2560,768,237.132229,4.292935848236084,cuda
webtable-v2v-v=12-distilroberta-dj_adpt~qwen3_8b-dj_adpt,8,131072,3,2560,768,235.89890799999998,4.292935848236084,cuda
webtable-v2v-v=12-distilroberta-dj_adpt~qwen3_8b-dj_adpt,8,131072,4,2560,768,235.911171,4.292935848236084,cuda
webtable-v2v-v=12-distilroberta-dj_adpt~qwen3_8b-dj_adpt,8,131072,5,2560,768,236.75584899999998,4.292935848236084,cuda
webtable-v2v-v=12-distilroberta-dj_adpt~qwen3_8b-dj_adpt,8,131072,6,2560,768,237.19290199999998,4.292935848236084,cuda
webtable-v2v-v=12-distilroberta-dj_adpt~qwen3_8b-dj_adpt,8,131072,7,2560,768,236.46041499999998,4.292935848236084,cuda
webtable-v2v-v=12-distilroberta-dj_adpt~qwen3_8b-dj_adpt,8,131072,8,2560,768,236.497278,4.292935848236084,cuda
webtable-v2v-v=12-distilroberta-dj_adpt~qwen3_8b-dj_adpt,8,131072,9,2560,768,235.954816,4.292935848236084,cuda
webtable-v2v-v=12-distilroberta-dj_adpt~qwen3_8b-dj_adpt,8,131072,10,2560,768,237.56936199999998,4.292935848236084,cuda
webtable-v2v-v=12-distilroberta-dj_adpt~qwen3_8b-dj_adpt,9,131072,1,3840,768,255.98775099999997,4.917935848236084,cuda
webtable-v2v-v=12-distilroberta-dj_adpt~qwen3_8b-dj_adpt,9,131072,2,3840,768,255.701526,4.917935848236084,cuda
webtable-v2v-v=12-distilroberta-dj_adpt~qwen3_8b-dj_adpt,9,131072,3,3840,768,255.18405299999998,4.917935848236084,cuda
webtable-v2v-v=12-distilroberta-dj_adpt~qwen3_8b-dj_adpt,9,131072,4,3840,768,256.24222299999997,4.917935848236084,cuda
webtable-v2v-v=12-distilroberta-dj_adpt~qwen3_8b-dj_adpt,9,131072,5,3840,768,256.20333899999997,4.917935848236084,cuda
webtable-v2v-v=12-distilroberta-dj_adpt~qwen3_8b-dj_adpt,9,131072,6,3840,768,256.269642,4.917935848236084,cuda
webtable-v2v-v=12-distilroberta-dj_adpt~qwen3_8b-dj_adpt,9,131072,7,3840,768,255.751514,4.917935848236084,cuda
webtable-v2v-v=12-distilroberta-dj_adpt~qwen3_8b-dj_adpt,9,131072,8,3840,768,255.21914099999998,4.917935848236084,cuda
webtable-v2v-v=12-distilroberta-dj_adpt~qwen3_8b-dj_adpt,9,131072,9,3840,768,256.26953,4.917935848236084,cuda
webtable-v2v-v=12-distilroberta-dj_adpt~qwen3_8b-dj_adpt,9,131072,10,3840,768,256.809032,4.917935848236084,cuda
webtable-v2v-v=12-distilroberta-dj_adpt~qwen3_8b-dj_adpt,10,131072,1,4096,768,259.659321,5.042935848236084,cuda
webtable-v2v-v=12-distilroberta-dj_adpt~qwen3_8b-dj_adpt,10,131072,2,4096,768,259.59094699999997,5.042935848236084,cuda
webtable-v2v-v=12-distilroberta-dj_adpt~qwen3_8b-dj_adpt,10,131072,3,4096,768,259.70563699999997,5.042935848236084,cuda
webtable-v2v-v=12-distilroberta-dj_adpt~qwen3_8b-dj_adpt,10,131072,4,4096,768,259.616981,5.042935848236084,cuda
webtable-v2v-v=12-distilroberta-dj_adpt~qwen3_8b-dj_adpt,10,131072,5,4096,768,259.831773,5.042935848236084,cuda
webtable-v2v-v=12-distilroberta-dj_adpt~qwen3_8b-dj_adpt,10,131072,6,4096,768,259.790528,5.042935848236084,cuda
webtable-v2v-v=12-distilroberta-dj_adpt~qwen3_8b-dj_adpt,10,131072,7,4096,768,259.331774,5.042935848236084,cuda
webtable-v2v-v=12-distilroberta-dj_adpt~qwen3_8b-dj_adpt,10,131072,8,4096,768,260.229942,5.042935848236084,cuda
webtable-v2v-v=12-distilroberta-dj_adpt~qwen3_8b-dj_adpt,10,131072,9,4096,768,260.422413,5.042935848236084,cuda
webtable-v2v-v=12-distilroberta-dj_adpt~qwen3_8b-dj_adpt,10,131072,10,4096,768,259.984284,5.042935848236084,cuda
webtable-v2v-v=12-distilroberta-dj_adpt~qwen3_8b-dj_adpt,11,131072,1,4096,768,259.764053,5.042935848236084,cuda
webtable-v2v-v=12-distilroberta-dj_adpt~qwen3_8b-dj_adpt,11,131072,2,4096,768,259.750808,5.042935848236084,cuda
webtable-v2v-v=12-distilroberta-dj_adpt~qwen3_8b-dj_adpt,11,131072,3,4096,768,259.60598699999997,5.042935848236084,cuda
webtable-v2v-v=12-distilroberta-dj_adpt~qwen3_8b-dj_adpt,11,131072,4,4096,768,261.353838,5.042935848236084,cuda
webtable-v2v-v=12-distilroberta-dj_adpt~qwen3_8b-dj_adpt,11,131072,5,4096,768,259.800453,5.042935848236084,cuda
webtable-v2v-v=12-distilroberta-dj_adpt~qwen3_8b-dj_adpt,11,131072,6,4096,768,259.720166,5.042935848236084,cuda
webtable-v2v-v=12-distilroberta-dj_adpt~qwen3_8b-dj_adpt,11,131072,7,4096,768,259.769756,5.042935848236084,cuda
webtable-v2v-v=12-distilroberta-dj_adpt~qwen3_8b-dj_adpt,11,131072,8,4096,768,261.36314,5.042935848236084,cuda
webtable-v2v-v=12-distilroberta-dj_adpt~qwen3_8b-dj_adpt,11,131072,9,4096,768,260.126663,5.042935848236084,cuda
webtable-v2v-v=12-distilroberta-dj_adpt~qwen3_8b-dj_adpt,11,131072,10,4096,768,261.38865799999996,5.042935848236084,cuda
