model_name,embeddings,cc_trans_loss,cc_vsp_loss,disc_acc_from,disc_acc_latent,disc_acc_to,disc_fake_logit_from,disc_fake_logit_latent,disc_fake_logit_to,disc_grad_norm,disc_grad_norm_ratio,disc_loss_from,disc_loss_latent,disc_loss_to,disc_real_logit_from,disc_real_logit_latent,disc_real_logit_to,epoch,gan_loss,gan_loss_ratio,gen_acc_from,gen_acc_latent,gen_acc_to,gen_fake_logit_from,gen_fake_logit_latent,gen_fake_logit_to,gen_grad_norm,gen_loss_from,gen_loss_latent,gen_loss_to,rec_loss,vsp_loss
v2v,distilroberta-dj_adpt+mini_l12-dj_adpt+mini_l6-dj_adpt+gte_base-dj_adpt+gtr_t5-dj_adpt+mpnet-dj_adpt+kalm_instruct_v2_5-dj_adpt+qwen3_06b-dj_adpt+qwen3_4b-dj_adpt+kalm_gemma3_12b-dj_adpt+llama_nemotron_8b-dj_adpt+qwen3_8b-dj_adpt,8.360559463500977,8.128479957580566,0.7660987973213196,0.9360418319702148,0.8355299234390259,0.32795408368110657,0.09290891140699387,0.09876634180545807,2.2091593742370605,0.022952869534492493,0.2132367342710495,0.07242878526449203,0.15042132139205933,0.9191715121269226,0.9108560681343079,0.9156738519668579,0.0,71.07451629638672,614.0349731445312,0.15307500958442688,0.05078506842255592,0.10914504528045654,0.13947491347789764,0.07977984100580215,0.034653130918741226,91.6526870727539,0.44583970308303833,0.4560127854347229,0.5433273315429688,0.9091307520866394,0.7358176112174988
v2v,distilroberta-dj_adpt+mini_l12-dj_adpt+mini_l6-dj_adpt+gte_base-dj_adpt+gtr_t5-dj_adpt+mpnet-dj_adpt+kalm_instruct_v2_5-dj_adpt+qwen3_06b-dj_adpt+qwen3_4b-dj_adpt+kalm_gemma3_12b-dj_adpt+llama_nemotron_8b-dj_adpt+qwen3_8b-dj_adpt,7.0507354736328125,8.077871322631836,0.8836126923561096,0.999179482460022,0.8762364387512207,0.1868719905614853,0.03424294292926788,0.13408975303173065,1.298064947128296,0.01570693776011467,0.11266405880451202,0.01739540882408619,0.11312152445316315,0.9389519095420837,0.9657373428344727,0.8799645900726318,1.0,72.42906188964844,894.8101196289062,0.08441833406686783,0.0005321953212842345,0.11350701004266739,0.13115718960762024,0.031679365783929825,0.11428326368331909,82.50878143310547,0.4148736894130707,0.4771050810813904,0.44432610273361206,0.8381714820861816,0.62571781873703
v2v,distilroberta-dj_adpt+mini_l12-dj_adpt+mini_l6-dj_adpt+gte_base-dj_adpt+gtr_t5-dj_adpt+mpnet-dj_adpt+kalm_instruct_v2_5-dj_adpt+qwen3_06b-dj_adpt+qwen3_4b-dj_adpt+kalm_gemma3_12b-dj_adpt+llama_nemotron_8b-dj_adpt+qwen3_8b-dj_adpt,5.6792755126953125,8.315632820129395,0.8540613055229187,0.9555654525756836,0.7314122915267944,0.2548942565917969,0.13239939510822296,0.33541980385780334,3.0573036670684814,0.021768316626548767,0.1545683741569519,0.056605685502290726,0.1929619014263153,0.8483412265777588,0.8761019110679626,0.6637200713157654,2.0,67.30522918701172,509.41876220703125,0.005113603081554174,0.02430010586977005,0.08732414990663528,-0.2160211056470871,0.10999750345945358,0.1628197729587555,140.6091766357422,0.7825855612754822,0.41283005475997925,0.3821117877960205,0.728096067905426,0.584166407585144
v2v,distilroberta-dj_adpt+mini_l12-dj_adpt+mini_l6-dj_adpt+gte_base-dj_adpt+gtr_t5-dj_adpt+mpnet-dj_adpt+kalm_instruct_v2_5-dj_adpt+qwen3_06b-dj_adpt+qwen3_4b-dj_adpt+kalm_gemma3_12b-dj_adpt+llama_nemotron_8b-dj_adpt+qwen3_8b-dj_adpt,4.691014289855957,8.471199989318848,0.791645348072052,0.956352710723877,0.8710035085678101,0.29042378067970276,0.11471312493085861,0.22223110496997833,2.814020872116089,0.014960188418626785,0.19485484063625336,0.0551551952958107,0.11380638927221298,0.7233650088310242,0.8882995247840881,0.7760640978813171,3.0,63.01842498779297,525.1210327148438,0.12732623517513275,0.021151874214410782,0.03541110083460808,0.21260857582092285,0.10189240425825119,0.1788306087255478,191.0169677734375,0.34098145365715027,0.41950538754463196,0.3539014458656311,0.5943565964698792,0.48464688658714294
v2v,distilroberta-dj_adpt+mini_l12-dj_adpt+mini_l6-dj_adpt+gte_base-dj_adpt+gtr_t5-dj_adpt+mpnet-dj_adpt+kalm_instruct_v2_5-dj_adpt+qwen3_06b-dj_adpt+qwen3_4b-dj_adpt+kalm_gemma3_12b-dj_adpt+llama_nemotron_8b-dj_adpt+qwen3_8b-dj_adpt,4.437310695648193,8.458178520202637,0.7429397702217102,0.9706629514694214,0.8831818699836731,0.31363850831985474,0.09438697248697281,0.20650558173656464,2.5530643463134766,0.013756545260548592,0.21094320714473724,0.044402457773685455,0.10687379539012909,0.6882629990577698,0.909458339214325,0.793847918510437,4.0,65.71356964111328,551.5311279296875,0.15248821675777435,0.015676621347665787,0.02182217687368393,0.21821284294128418,0.07948828488588333,0.1590813547372818,190.45045471191406,0.3408329486846924,0.4387087821960449,0.3686229884624481,0.5560501217842102,0.4525221586227417
v2v,distilroberta-dj_adpt+mini_l12-dj_adpt+mini_l6-dj_adpt+gte_base-dj_adpt+gtr_t5-dj_adpt+mpnet-dj_adpt+kalm_instruct_v2_5-dj_adpt+qwen3_06b-dj_adpt+qwen3_4b-dj_adpt+kalm_gemma3_12b-dj_adpt+llama_nemotron_8b-dj_adpt+qwen3_8b-dj_adpt,4.1531500816345215,8.559280395507812,0.6298472285270691,0.9358135461807251,0.9120687246322632,0.391769677400589,0.1527043581008911,0.14938901364803314,3.3466835021972656,0.019999755546450615,0.24497456848621368,0.06939505785703659,0.08694779127836227,0.6097538471221924,0.8549957275390625,0.8509572148323059,5.0,62.30583190917969,467.6949768066406,0.20460079610347748,0.039479468017816544,0.003208600915968418,0.2364407628774643,0.12568850815296173,0.02022799476981163,166.7830047607422,0.3313922882080078,0.40311500430107117,0.4953950345516205,0.48805737495422363,0.37489116191864014
v2v,distilroberta-dj_adpt+mini_l12-dj_adpt+mini_l6-dj_adpt+gte_base-dj_adpt+gtr_t5-dj_adpt+mpnet-dj_adpt+kalm_instruct_v2_5-dj_adpt+qwen3_06b-dj_adpt+qwen3_4b-dj_adpt+kalm_gemma3_12b-dj_adpt+llama_nemotron_8b-dj_adpt+qwen3_8b-dj_adpt,4.291146755218506,8.453712463378906,0.6431715488433838,0.9781387448310852,0.9330741763114929,0.374796986579895,0.07933449745178223,0.08375369012355804,2.215062379837036,0.01124576199799776,0.21953904628753662,0.03849191218614578,0.07172822952270508,0.6192938089370728,0.9224351048469543,0.9147948622703552,6.0,66.47453308105469,606.5713500976562,0.34689491987228394,0.010643691755831242,0.007018027827143669,0.3597157299518585,0.06924377381801605,0.06993120908737183,198.64869689941406,0.2285795360803604,0.44724830985069275,0.447579562664032,0.44695818424224854,0.32847028970718384
v2v,distilroberta-dj_adpt+mini_l12-dj_adpt+mini_l6-dj_adpt+gte_base-dj_adpt+gtr_t5-dj_adpt+mpnet-dj_adpt+kalm_instruct_v2_5-dj_adpt+qwen3_06b-dj_adpt+qwen3_4b-dj_adpt+kalm_gemma3_12b-dj_adpt+llama_nemotron_8b-dj_adpt+qwen3_8b-dj_adpt,3.878671646118164,8.503654479980469,0.5961791276931763,0.957520067691803,0.9606605172157288,0.42261195182800293,0.11717122048139572,0.08320822566747665,2.7500340938568115,0.017095621675252914,0.24343816936016083,0.05332057550549507,0.051927533000707626,0.5703776478767395,0.8889591097831726,0.9167722463607788,7.0,66.12042999267578,573.7720336914062,0.2534928321838379,0.022600652649998665,0.0007359320879913867,0.3182724118232727,0.08590669929981232,-0.011770354583859444,164.23580932617188,0.2559735178947449,0.43595296144485474,0.52353835105896,0.400240421295166,0.28957995772361755
v2v,distilroberta-dj_adpt+mini_l12-dj_adpt+mini_l6-dj_adpt+gte_base-dj_adpt+gtr_t5-dj_adpt+mpnet-dj_adpt+kalm_instruct_v2_5-dj_adpt+qwen3_06b-dj_adpt+qwen3_4b-dj_adpt+kalm_gemma3_12b-dj_adpt+llama_nemotron_8b-dj_adpt+qwen3_8b-dj_adpt,3.2330169677734375,8.592111587524414,0.6106583476066589,0.9608114361763,0.9342219829559326,0.44762539863586426,0.10738505423069,0.15245607495307922,2.5807747840881348,0.01712169498205185,0.24064573645591736,0.050225403159856796,0.07471749186515808,0.5460339784622192,0.8959560990333557,0.8499783277511597,8.0,65.4103012084961,540.314208984375,0.2630363702774048,0.019646037369966507,0.005542415659874678,0.3966186046600342,0.07668466866016388,0.09244684129953384,150.81033325195312,0.19234752655029297,0.4441129267215729,0.42468804121017456,0.3634932339191437,0.2613254189491272
v2v,distilroberta-dj_adpt+mini_l12-dj_adpt+mini_l6-dj_adpt+gte_base-dj_adpt+gtr_t5-dj_adpt+mpnet-dj_adpt+kalm_instruct_v2_5-dj_adpt+qwen3_06b-dj_adpt+qwen3_4b-dj_adpt+kalm_gemma3_12b-dj_adpt+llama_nemotron_8b-dj_adpt+qwen3_8b-dj_adpt,3.1459388732910156,8.611224174499512,0.6203049421310425,0.9854536652565002,0.9482327699661255,0.44752389192581177,0.06324709951877594,0.12295732647180557,1.9505878686904907,0.011921617202460766,0.23461268842220306,0.030193859711289406,0.06401689350605011,0.5488778352737427,0.9381977915763855,0.8786380290985107,9.0,68.58583068847656,626.6984252929688,0.28139588236808777,0.006251745857298374,0.003993121441453695,0.41983217000961304,0.042939506471157074,0.10273011773824692,164.68374633789062,0.17612767219543457,0.4704465866088867,0.41358932852745056,0.35319197177886963,0.25622549653053284
v2v,distilroberta-dj_adpt+mini_l12-dj_adpt+mini_l6-dj_adpt+gte_base-dj_adpt+gtr_t5-dj_adpt+mpnet-dj_adpt+kalm_instruct_v2_5-dj_adpt+qwen3_06b-dj_adpt+qwen3_4b-dj_adpt+kalm_gemma3_12b-dj_adpt+llama_nemotron_8b-dj_adpt+qwen3_8b-dj_adpt,3.2644529342651367,8.386049270629883,0.5541574358940125,0.9421587586402893,0.9653603434562683,0.47555914521217346,0.13935533165931702,0.08514352887868881,2.9444236755371094,0.02178189530968666,0.2543751895427704,0.062414202839136124,0.050470829010009766,0.5243529677391052,0.8683456778526306,0.9154474139213562,10.0,64.81674194335938,530.9135131835938,0.19549766182899475,0.03324377164244652,0.0006809965707361698,0.36126837134361267,0.09486567229032516,0.005555662792176008,134.38087463378906,0.21848061680793762,0.4307059049606323,0.5054786205291748,0.3707060217857361,0.24306166172027588
v2v,distilroberta-dj_adpt+mini_l12-dj_adpt+mini_l6-dj_adpt+gte_base-dj_adpt+gtr_t5-dj_adpt+mpnet-dj_adpt+kalm_instruct_v2_5-dj_adpt+qwen3_06b-dj_adpt+qwen3_4b-dj_adpt+kalm_gemma3_12b-dj_adpt+llama_nemotron_8b-dj_adpt+qwen3_8b-dj_adpt,3.4376277923583984,8.207772254943848,0.6674845814704895,0.9730959534645081,0.9669008255004883,0.4399099051952362,0.08406700193881989,0.05979903042316437,2.2373175621032715,0.013438183814287186,0.21954724192619324,0.04023905470967293,0.045139674097299576,0.5594801306724548,0.9171187281608582,0.9398818612098694,11.0,67.70125579833984,669.136962890625,0.2325076311826706,0.01405402459204197,0.00038339407183229923,0.42183423042297363,0.05769207328557968,0.04690071567893028,170.28094482421875,0.17336907982826233,0.4598657190799713,0.46290066838264465,0.3605627715587616,0.24188344180583954
v2v,distilroberta-dj_adpt+mini_l12-dj_adpt+mini_l6-dj_adpt+gte_base-dj_adpt+gtr_t5-dj_adpt+mpnet-dj_adpt+kalm_instruct_v2_5-dj_adpt+qwen3_06b-dj_adpt+qwen3_4b-dj_adpt+kalm_gemma3_12b-dj_adpt+llama_nemotron_8b-dj_adpt+qwen3_8b-dj_adpt,3.388092041015625,8.201711654663086,0.6133684515953064,0.9558722376823425,0.9762424230575562,0.45660534501075745,0.11203466355800629,0.05756905674934387,2.850132465362549,0.018497701734304428,0.23511670529842377,0.05120436102151871,0.03805513679981232,0.5421892404556274,0.8934779763221741,0.9421693682670593,12.0,66.7655029296875,624.3779907226562,0.17172329127788544,0.027424583211541176,0.00010107533307746053,0.3777369558811188,0.0751577690243721,0.006875505205243826,159.03009033203125,0.20462819933891296,0.44695863127708435,0.5014592409133911,0.3550713360309601,0.23614640533924103
v2v,distilroberta-dj_adpt+mini_l12-dj_adpt+mini_l6-dj_adpt+gte_base-dj_adpt+gtr_t5-dj_adpt+mpnet-dj_adpt+kalm_instruct_v2_5-dj_adpt+qwen3_06b-dj_adpt+qwen3_4b-dj_adpt+kalm_gemma3_12b-dj_adpt+llama_nemotron_8b-dj_adpt+qwen3_8b-dj_adpt,3.2039904594421387,8.194779396057129,0.6396211385726929,0.9172776341438293,0.9711071252822876,0.4412149488925934,0.16954898834228516,0.08461693674325943,3.6645379066467285,0.02433605305850506,0.22495129704475403,0.07769276201725006,0.044421758502721786,0.5582801699638367,0.8366971611976624,0.9158788323402405,13.0,60.77879333496094,529.4736938476562,0.1425076723098755,0.05721992254257202,0.0002729466068558395,0.3578443229198456,0.13092565536499023,0.026697594672441483,151.78363037109375,0.21785244345664978,0.40209195017814636,0.48239099979400635,0.35251861810684204,0.2329416424036026
v2v,distilroberta-dj_adpt+mini_l12-dj_adpt+mini_l6-dj_adpt+gte_base-dj_adpt+gtr_t5-dj_adpt+mpnet-dj_adpt+kalm_instruct_v2_5-dj_adpt+qwen3_06b-dj_adpt+qwen3_4b-dj_adpt+kalm_gemma3_12b-dj_adpt+llama_nemotron_8b-dj_adpt+qwen3_8b-dj_adpt,3.1307666301727295,8.239877700805664,0.6745919585227966,0.974638819694519,0.9760140776634216,0.41887331008911133,0.08679013699293137,0.06387871503829956,2.7415013313293457,0.013114155270159245,0.21146421134471893,0.04042884334921837,0.03841624781489372,0.5788699388504028,0.9155215620994568,0.9383936524391174,14.0,66.57597351074219,689.6135864257812,0.19686934351921082,0.015761911869049072,0.00015586652443744242,0.4027361273765564,0.06746936589479446,0.05360519886016846,209.78387451171875,0.18494568765163422,0.45104262232780457,0.4549058675765991,0.3368767499923706,0.2360363006591797
v2v,distilroberta-dj_adpt+mini_l12-dj_adpt+mini_l6-dj_adpt+gte_base-dj_adpt+gtr_t5-dj_adpt+mpnet-dj_adpt+kalm_instruct_v2_5-dj_adpt+qwen3_06b-dj_adpt+qwen3_4b-dj_adpt+kalm_gemma3_12b-dj_adpt+llama_nemotron_8b-dj_adpt+qwen3_8b-dj_adpt,3.1915903091430664,8.093401908874512,0.6193510293960571,0.8839847445487976,0.9820424318313599,0.44022074341773987,0.20580241084098816,0.058303289115428925,4.129309177398682,0.02758369781076908,0.2317911833524704,0.09581399708986282,0.03465815261006355,0.5599804520606995,0.8031937479972839,0.9425771832466125,15.0,57.44664001464844,479.01690673828125,0.12289950996637344,0.0908602625131607,0.00021902065782342106,0.3266785144805908,0.1692599356174469,-0.00038792178384028375,150.11436462402344,0.24235595762729645,0.37259992957115173,0.5088685750961304,0.33430373668670654,0.2370450347661972
v2v,distilroberta-dj_adpt+mini_l12-dj_adpt+mini_l6-dj_adpt+gte_base-dj_adpt+gtr_t5-dj_adpt+mpnet-dj_adpt+kalm_instruct_v2_5-dj_adpt+qwen3_06b-dj_adpt+qwen3_4b-dj_adpt+kalm_gemma3_12b-dj_adpt+llama_nemotron_8b-dj_adpt+qwen3_8b-dj_adpt,3.2267162799835205,8.033672332763672,0.6411828994750977,0.9174001812934875,0.9837177991867065,0.4108069837093353,0.16694805026054382,0.06183599680662155,3.797544479370117,0.02121037058532238,0.21227289736270905,0.07743959128856659,0.03253237530589104,0.5906522274017334,0.8357292413711548,0.9371936917304993,16.0,59.51392364501953,560.6041259765625,0.22126160562038422,0.059756748378276825,0.00017749459948390722,0.37803351879119873,0.13920257985591888,0.03989124670624733,185.12200927734375,0.20400545001029968,0.3948283791542053,0.4684087038040161,0.3350888192653656,0.2345857173204422
v2v,distilroberta-dj_adpt+mini_l12-dj_adpt+mini_l6-dj_adpt+gte_base-dj_adpt+gtr_t5-dj_adpt+mpnet-dj_adpt+kalm_instruct_v2_5-dj_adpt+qwen3_06b-dj_adpt+qwen3_4b-dj_adpt+kalm_gemma3_12b-dj_adpt+llama_nemotron_8b-dj_adpt+qwen3_8b-dj_adpt,3.2298166751861572,8.022954940795898,0.6470865607261658,0.9207092523574829,0.9851264953613281,0.4166546165943146,0.15872935950756073,0.05420468747615814,4.139179229736328,0.020895376801490784,0.21526019275188446,0.07387132942676544,0.031394582241773605,0.5830517411231995,0.8475528359413147,0.9460194110870361,17.0,60.72318649291992,579.8984375,0.19912904500961304,0.06017490476369858,0.00017893647600430995,0.36969247460365295,0.13061319291591644,0.024772919714450836,206.39649963378906,0.20962217450141907,0.4022737443447113,0.4833821952342987,0.3303578197956085,0.23038716614246368
v2v,distilroberta-dj_adpt+mini_l12-dj_adpt+mini_l6-dj_adpt+gte_base-dj_adpt+gtr_t5-dj_adpt+mpnet-dj_adpt+kalm_instruct_v2_5-dj_adpt+qwen3_06b-dj_adpt+qwen3_4b-dj_adpt+kalm_gemma3_12b-dj_adpt+llama_nemotron_8b-dj_adpt+qwen3_8b-dj_adpt,3.4826619625091553,7.825725078582764,0.6212839484214783,0.8397310972213745,0.9839377403259277,0.4288926422595978,0.25945693254470825,0.05112891271710396,4.272924423217773,0.028301944956183434,0.22365210950374603,0.12210716307163239,0.03130817785859108,0.573404848575592,0.7500599026679993,0.9495179057121277,18.0,50.311920166015625,403.3406677246094,0.21569755673408508,0.1408628672361374,2.8837461286457255e-05,0.3500961661338806,0.23684288561344147,-0.005902438424527645,152.5471954345703,0.22589074075222015,0.31960952281951904,0.5126070976257324,0.340049147605896,0.2240537852048874
v2v,distilroberta-dj_adpt+mini_l12-dj_adpt+mini_l6-dj_adpt+gte_base-dj_adpt+gtr_t5-dj_adpt+mpnet-dj_adpt+kalm_instruct_v2_5-dj_adpt+qwen3_06b-dj_adpt+qwen3_4b-dj_adpt+kalm_gemma3_12b-dj_adpt+llama_nemotron_8b-dj_adpt+qwen3_8b-dj_adpt,3.525552988052368,7.749188423156738,0.6482471823692322,0.9399555921554565,0.9888586401939392,0.4133138656616211,0.14519202709197998,0.039005402475595474,3.7656211853027344,0.015178722329437733,0.2112688571214676,0.06585468351840973,0.0257335864007473,0.5876105427742004,0.8586516976356506,0.9616227149963379,19.0,60.066925048828125,600.3934936523438,0.2852693200111389,0.04606074094772339,2.6386265744804405e-05,0.4041019678115845,0.13047084212303162,0.03283479064702988,255.12672424316406,0.18670162558555603,0.4000343978404999,0.47351476550102234,0.3459155559539795,0.22151246666908264
v2v,distilroberta-dj_adpt+mini_l12-dj_adpt+mini_l6-dj_adpt+gte_base-dj_adpt+gtr_t5-dj_adpt+mpnet-dj_adpt+kalm_instruct_v2_5-dj_adpt+qwen3_06b-dj_adpt+qwen3_4b-dj_adpt+kalm_gemma3_12b-dj_adpt+llama_nemotron_8b-dj_adpt+qwen3_8b-dj_adpt,3.467108726501465,7.715516090393066,0.635679304599762,0.8303948044776917,0.9850693345069885,0.4212677478790283,0.26275384426116943,0.05555363744497299,4.68080997467041,0.026001354679465294,0.21822305023670197,0.12638217210769653,0.031795378774404526,0.5806209444999695,0.7487999200820923,0.9447432160377502,20.0,50.34904479980469,411.1978454589844,0.2270788997411728,0.14932483434677124,0.00033393787452951074,0.3455735146999359,0.23870955407619476,0.0003320161486044526,183.2003173828125,0.23011115193367004,0.31994178891181946,0.5077734589576721,0.34880146384239197,0.22765642404556274
v2v,distilroberta-dj_adpt+mini_l12-dj_adpt+mini_l6-dj_adpt+gte_base-dj_adpt+gtr_t5-dj_adpt+mpnet-dj_adpt+kalm_instruct_v2_5-dj_adpt+qwen3_06b-dj_adpt+qwen3_4b-dj_adpt+kalm_gemma3_12b-dj_adpt+llama_nemotron_8b-dj_adpt+qwen3_8b-dj_adpt,3.392563819885254,7.712848663330078,0.6516311168670654,0.8501458168029785,0.9856311082839966,0.4139419198036194,0.2539295256137848,0.05743817985057831,4.348464012145996,0.021482346579432487,0.2121153622865677,0.11826734989881516,0.03130063787102699,0.58392733335495,0.7530673146247864,0.9437137842178345,21.0,50.16681671142578,426.2610778808594,0.22221459448337555,0.13035139441490173,6.791222403990105e-05,0.3701294958591461,0.23279763758182526,0.027084320783615112,209.6054229736328,0.2108888328075409,0.322458952665329,0.48022347688674927,0.3373030424118042,0.226407989859581
v2v,distilroberta-dj_adpt+mini_l12-dj_adpt+mini_l6-dj_adpt+gte_base-dj_adpt+gtr_t5-dj_adpt+mpnet-dj_adpt+kalm_instruct_v2_5-dj_adpt+qwen3_06b-dj_adpt+qwen3_4b-dj_adpt+kalm_gemma3_12b-dj_adpt+llama_nemotron_8b-dj_adpt+qwen3_8b-dj_adpt,3.4071595668792725,7.729727268218994,0.6776422262191772,0.9171252846717834,0.9882885217666626,0.40248700976371765,0.17190201580524445,0.048777803778648376,4.285793781280518,0.01570041850209236,0.20164801180362701,0.08000583201646805,0.02845042757689953,0.5953287482261658,0.8341118693351746,0.9516259431838989,22.0,58.20747756958008,575.2167358398438,0.24481232464313507,0.06779539585113525,7.367971556959674e-05,0.3752065598964691,0.1530011147260666,0.032110393047332764,286.9505615234375,0.20709750056266785,0.3841189444065094,0.4750637114048004,0.3366492688655853,0.22717514634132385
v2v,distilroberta-dj_adpt+mini_l12-dj_adpt+mini_l6-dj_adpt+gte_base-dj_adpt+gtr_t5-dj_adpt+mpnet-dj_adpt+kalm_instruct_v2_5-dj_adpt+qwen3_06b-dj_adpt+qwen3_4b-dj_adpt+kalm_gemma3_12b-dj_adpt+llama_nemotron_8b-dj_adpt+qwen3_8b-dj_adpt,3.456951856613159,7.63823938369751,0.6529757380485535,0.7696158289909363,0.9873316287994385,0.41642704606056213,0.33118936419487,0.04660314694046974,4.270630359649658,0.02479769103229046,0.21269169449806213,0.15994016826152802,0.028455566614866257,0.5832983255386353,0.6848860383033752,0.9538065791130066,23.0,43.56358337402344,330.2967224121094,0.21763859689235687,0.21860148012638092,7.699600973865017e-05,0.32606860995292664,0.31074094772338867,-0.006259382702410221,173.57627868652344,0.2461223602294922,0.2667444348335266,0.5132688879966736,0.3348553478717804,0.21712812781333923
v2v,distilroberta-dj_adpt+mini_l12-dj_adpt+mini_l6-dj_adpt+gte_base-dj_adpt+gtr_t5-dj_adpt+mpnet-dj_adpt+kalm_instruct_v2_5-dj_adpt+qwen3_06b-dj_adpt+qwen3_4b-dj_adpt+kalm_gemma3_12b-dj_adpt+llama_nemotron_8b-dj_adpt+qwen3_8b-dj_adpt,3.4814672470092773,7.508120536804199,0.6669343709945679,0.9028489589691162,0.9906628727912903,0.3977667987346649,0.19352459907531738,0.03909705579280853,3.8992626667022705,0.014653272926807404,0.1977178007364273,0.09001457691192627,0.02344299666583538,0.6016622185707092,0.8091721534729004,0.9601508378982544,24.0,54.87590026855469,544.2081909179688,0.2532421946525574,0.09008089452981949,1.8023407392320223e-05,0.38456350564956665,0.18482352793216705,0.031364426016807556,284.2062072753906,0.19999960064888,0.3595486581325531,0.47413545846939087,0.33202335238456726,0.21450024843215942
v2v,distilroberta-dj_adpt+mini_l12-dj_adpt+mini_l6-dj_adpt+gte_base-dj_adpt+gtr_t5-dj_adpt+mpnet-dj_adpt+kalm_instruct_v2_5-dj_adpt+qwen3_06b-dj_adpt+qwen3_4b-dj_adpt+kalm_gemma3_12b-dj_adpt+llama_nemotron_8b-dj_adpt+qwen3_8b-dj_adpt,3.547650098800659,7.487833499908447,0.6799822449684143,0.8108791708946228,0.9914851188659668,0.40248242020606995,0.2832638621330261,0.03915386274456978,4.6329731941223145,0.021478062495589256,0.199642151594162,0.13773955404758453,0.02356175146996975,0.5985698103904724,0.7296149730682373,0.9607652425765991,25.0,47.1746940612793,409.4774475097656,0.204918771982193,0.17931902408599854,2.580952423159033e-05,0.3403167724609375,0.2714449465274811,0.003267936874181032,227.55711364746094,0.23296622931957245,0.2960754632949829,0.5027379989624023,0.3354865610599518,0.219403475522995
v2v,distilroberta-dj_adpt+mini_l12-dj_adpt+mini_l6-dj_adpt+gte_base-dj_adpt+gtr_t5-dj_adpt+mpnet-dj_adpt+kalm_instruct_v2_5-dj_adpt+qwen3_06b-dj_adpt+qwen3_4b-dj_adpt+kalm_gemma3_12b-dj_adpt+llama_nemotron_8b-dj_adpt+qwen3_8b-dj_adpt,3.5589637756347656,7.444605350494385,0.6694841980934143,0.7702144384384155,0.9918549656867981,0.40298357605934143,0.3313937783241272,0.039886683225631714,3.973257064819336,0.021169353276491165,0.2039228081703186,0.15963055193424225,0.02336111105978489,0.5969928503036499,0.6803185939788818,0.9609121084213257,26.0,42.486515045166016,338.2979736328125,0.20150694251060486,0.21615572273731232,8.79542585607851e-06,0.33900007605552673,0.3169569671154022,0.0027445335872471333,193.6133575439453,0.23519809544086456,0.26034799218177795,0.5030369758605957,0.3414626717567444,0.2254694402217865
v2v,distilroberta-dj_adpt+mini_l12-dj_adpt+mini_l6-dj_adpt+gte_base-dj_adpt+gtr_t5-dj_adpt+mpnet-dj_adpt+kalm_instruct_v2_5-dj_adpt+qwen3_06b-dj_adpt+qwen3_4b-dj_adpt+kalm_gemma3_12b-dj_adpt+llama_nemotron_8b-dj_adpt+qwen3_8b-dj_adpt,3.501927375793457,7.425754070281982,0.7002918124198914,0.9208769202232361,0.9931179881095886,0.3904673457145691,0.1767932027578354,0.03776704519987106,3.9827568531036377,0.01263425126671791,0.19376559555530548,0.08050348609685898,0.02210059016942978,0.6079085469245911,0.8299245834350586,0.9627628922462463,27.0,56.12834548950195,578.6071166992188,0.21886412799358368,0.07568216323852539,2.0762960048159584e-05,0.37436819076538086,0.1721341907978058,0.028493201360106468,325.1205139160156,0.20719778537750244,0.3681598901748657,0.47745826840400696,0.3301946520805359,0.2160622924566269
v2v,distilroberta-dj_adpt+mini_l12-dj_adpt+mini_l6-dj_adpt+gte_base-dj_adpt+gtr_t5-dj_adpt+mpnet-dj_adpt+kalm_instruct_v2_5-dj_adpt+qwen3_06b-dj_adpt+qwen3_4b-dj_adpt+kalm_gemma3_12b-dj_adpt+llama_nemotron_8b-dj_adpt+qwen3_8b-dj_adpt,3.452235698699951,7.423288822174072,0.6747002601623535,0.7015961408615112,0.9903334379196167,0.4052267372608185,0.3839626908302307,0.047461267560720444,3.9086432456970215,0.022344065830111504,0.20648521184921265,0.19290554523468018,0.027105465531349182,0.5951910614967346,0.6317211389541626,0.953125,28.0,38.647701263427734,277.7249450683594,0.13675303757190704,0.27789363265037537,0.0005482003907673061,0.30982092022895813,0.36374080181121826,-0.008220705203711987,177.6261444091797,0.2580833435058594,0.22825516760349274,0.5162808299064636,0.3271411657333374,0.2118510901927948
v2v,distilroberta-dj_adpt+mini_l12-dj_adpt+mini_l6-dj_adpt+gte_base-dj_adpt+gtr_t5-dj_adpt+mpnet-dj_adpt+kalm_instruct_v2_5-dj_adpt+qwen3_06b-dj_adpt+qwen3_4b-dj_adpt+kalm_gemma3_12b-dj_adpt+llama_nemotron_8b-dj_adpt+qwen3_8b-dj_adpt,3.4457638263702393,7.411340236663818,0.7373046875,0.8365000486373901,0.9940204620361328,0.3783896267414093,0.2699233591556549,0.03850080072879791,3.7997820377349854,0.014726231805980206,0.18680360913276672,0.1268930435180664,0.021832404658198357,0.621748149394989,0.7350749969482422,0.9613943099975586,29.0,47.98458480834961,447.9561462402344,0.12515687942504883,0.14291644096374512,4.5274824515217915e-05,0.35407939553260803,0.25462108850479126,0.02262013964354992,271.2725830078125,0.21942606568336487,0.30490222573280334,0.48398223519325256,0.32894429564476013,0.2095431238412857
v2v,distilroberta-dj_adpt+mini_l12-dj_adpt+mini_l6-dj_adpt+gte_base-dj_adpt+gtr_t5-dj_adpt+mpnet-dj_adpt+kalm_instruct_v2_5-dj_adpt+qwen3_06b-dj_adpt+qwen3_4b-dj_adpt+kalm_gemma3_12b-dj_adpt+llama_nemotron_8b-dj_adpt+qwen3_8b-dj_adpt,3.4516751766204834,7.3995795249938965,0.739931046962738,0.8190454840660095,0.9942306280136108,0.377065509557724,0.27702537178993225,0.0387822687625885,4.014262676239014,0.015157055109739304,0.1868768334388733,0.13424421846866608,0.02153010666370392,0.6236422657966614,0.7345923185348511,0.9611731171607971,30.0,48.32914733886719,453.0692138671875,0.10593660920858383,0.16012796759605408,3.561428457032889e-05,0.331706702709198,0.2577682435512543,0.011196366511285305,284.68829345703125,0.2367882877588272,0.305132657289505,0.49517807364463806,0.33081987500190735,0.2103651612997055
v2v,distilroberta-dj_adpt+mini_l12-dj_adpt+mini_l6-dj_adpt+gte_base-dj_adpt+gtr_t5-dj_adpt+mpnet-dj_adpt+kalm_instruct_v2_5-dj_adpt+qwen3_06b-dj_adpt+qwen3_4b-dj_adpt+kalm_gemma3_12b-dj_adpt+llama_nemotron_8b-dj_adpt+qwen3_8b-dj_adpt,3.5897650718688965,7.442358016967773,0.7165895104408264,0.6991667151451111,0.9934959411621094,0.3845933973789215,0.39301401376724243,0.03691139444708824,3.238065004348755,0.01788160391151905,0.19415804743766785,0.19479840993881226,0.021884214133024216,0.6178654432296753,0.6225767135620117,0.9634970426559448,31.0,37.744285583496094,282.60589599609375,0.08501629531383514,0.2749120593070984,1.0958230632240884e-05,0.2988082766532898,0.37100133299827576,-0.009538876824080944,187.44265747070312,0.26360082626342773,0.22100594639778137,0.5156258344650269,0.34491854906082153,0.21678464114665985
v2v,distilroberta-dj_adpt+mini_l12-dj_adpt+mini_l6-dj_adpt+gte_base-dj_adpt+gtr_t5-dj_adpt+mpnet-dj_adpt+kalm_instruct_v2_5-dj_adpt+qwen3_06b-dj_adpt+qwen3_4b-dj_adpt+kalm_gemma3_12b-dj_adpt+llama_nemotron_8b-dj_adpt+qwen3_8b-dj_adpt,3.6039202213287354,7.425304412841797,0.7518470883369446,0.8977786898612976,0.9947702884674072,0.36353594064712524,0.20850330591201782,0.029992245137691498,3.7344605922698975,0.0105616245418787,0.1807461977005005,0.09524084627628326,0.020518574863672256,0.6384425759315491,0.7965829372406006,0.9707294702529907,32.0,54.20990753173828,561.80029296875,0.1143491119146347,0.08560370653867722,2.393508293607738e-05,0.3529808521270752,0.1921355277299881,0.024391062557697296,364.63201904296875,0.22038798034191132,0.3521488904953003,0.4819996953010559,0.3457426428794861,0.21891406178474426
v2v,distilroberta-dj_adpt+mini_l12-dj_adpt+mini_l6-dj_adpt+gte_base-dj_adpt+gtr_t5-dj_adpt+mpnet-dj_adpt+kalm_instruct_v2_5-dj_adpt+qwen3_06b-dj_adpt+qwen3_4b-dj_adpt+kalm_gemma3_12b-dj_adpt+llama_nemotron_8b-dj_adpt+qwen3_8b-dj_adpt,3.5034143924713135,7.486832618713379,0.716002881526947,0.7048292756080627,0.9940652847290039,0.38005369901657104,0.3808964788913727,0.03764494135975838,3.811706066131592,0.018376441672444344,0.19222994148731232,0.19174830615520477,0.022757863625884056,0.6221885681152344,0.6350656151771545,0.963167130947113,33.0,39.05401611328125,297.3314208984375,0.08994664251804352,0.26815852522850037,0.0003032259701285511,0.29895681142807007,0.3594483435153961,-0.009116080589592457,212.7791290283203,0.2626420259475708,0.23090128600597382,0.5169075131416321,0.3497455418109894,0.22979265451431274
v2v,distilroberta-dj_adpt+mini_l12-dj_adpt+mini_l6-dj_adpt+gte_base-dj_adpt+gtr_t5-dj_adpt+mpnet-dj_adpt+kalm_instruct_v2_5-dj_adpt+qwen3_06b-dj_adpt+qwen3_4b-dj_adpt+kalm_gemma3_12b-dj_adpt+llama_nemotron_8b-dj_adpt+qwen3_8b-dj_adpt,3.3570396900177,7.460846424102783,0.7316888570785522,0.7783893346786499,0.9952959418296814,0.3685750365257263,0.32866162061691284,0.03457534685730934,3.5911004543304443,0.014885987155139446,0.18826517462730408,0.15679123997688293,0.019980790093541145,0.6304977536201477,0.6802515983581543,0.9655017852783203,34.0,42.65711212158203,365.79046630859375,0.11093844473361969,0.19853414595127106,9.372171916766092e-06,0.32842960953712463,0.3119526505470276,0.01141893770545721,252.9744873046875,0.2390691637992859,0.2620663344860077,0.4940531253814697,0.34336531162261963,0.23495955765247345
v2v,distilroberta-dj_adpt+mini_l12-dj_adpt+mini_l6-dj_adpt+gte_base-dj_adpt+gtr_t5-dj_adpt+mpnet-dj_adpt+kalm_instruct_v2_5-dj_adpt+qwen3_06b-dj_adpt+qwen3_4b-dj_adpt+kalm_gemma3_12b-dj_adpt+llama_nemotron_8b-dj_adpt+qwen3_8b-dj_adpt,3.416386365890503,7.44683837890625,0.7627782821655273,0.8662246465682983,0.9959586262702942,0.3590523898601532,0.23297834396362305,0.03057355433702469,3.7012975215911865,0.01094348356127739,0.1792599856853485,0.11074484884738922,0.018585655838251114,0.6396371126174927,0.7748219966888428,0.9692847728729248,35.0,52.173091888427734,532.66357421875,0.09723888337612152,0.11584213376045227,7.786112291796599e-06,0.33524587750434875,0.21668264269828796,0.01671994850039482,358.2633056640625,0.23296722769737244,0.33512645959854126,0.4885237216949463,0.3426768183708191,0.23379221558570862
v2v,distilroberta-dj_adpt+mini_l12-dj_adpt+mini_l6-dj_adpt+gte_base-dj_adpt+gtr_t5-dj_adpt+mpnet-dj_adpt+kalm_instruct_v2_5-dj_adpt+qwen3_06b-dj_adpt+qwen3_4b-dj_adpt+kalm_gemma3_12b-dj_adpt+llama_nemotron_8b-dj_adpt+qwen3_8b-dj_adpt,3.6649320125579834,7.32021427154541,0.7411919832229614,0.6914109587669373,0.9943162798881531,0.364376962184906,0.3970182538032532,0.03547419607639313,3.262643575668335,0.016896149143576622,0.18521186709403992,0.19877569377422333,0.020157739520072937,0.6375779509544373,0.6213927268981934,0.964716911315918,36.0,37.9312744140625,288.4670715332031,0.062074221670627594,0.27916961908340454,1.975365557882469e-05,0.2742424011230469,0.37261372804641724,-0.015504840761423111,197.98348999023438,0.2799048125743866,0.22056551277637482,0.5216069221496582,0.34902361035346985,0.230264350771904
v2v,distilroberta-dj_adpt+mini_l12-dj_adpt+mini_l6-dj_adpt+gte_base-dj_adpt+gtr_t5-dj_adpt+mpnet-dj_adpt+kalm_instruct_v2_5-dj_adpt+qwen3_06b-dj_adpt+qwen3_4b-dj_adpt+kalm_gemma3_12b-dj_adpt+llama_nemotron_8b-dj_adpt+qwen3_8b-dj_adpt,3.695342779159546,7.3810906410217285,0.7752313017845154,0.8883414268493652,0.9953396320343018,0.3435995578765869,0.21375234425067902,0.031058987602591515,3.648216962814331,0.010958696715533733,0.17022907733917236,0.09952138364315033,0.018489673733711243,0.6556137800216675,0.7895411849021912,0.9692575931549072,37.0,54.27436065673828,588.7196044921875,0.10538119077682495,0.09268898516893387,4.34004032285884e-05,0.3302439749240875,0.19491292536258698,0.02299286238849163,352.94891357421875,0.23638133704662323,0.3512064814567566,0.4831743836402893,0.3405754268169403,0.2256801873445511
v2v,distilroberta-dj_adpt+mini_l12-dj_adpt+mini_l6-dj_adpt+gte_base-dj_adpt+gtr_t5-dj_adpt+mpnet-dj_adpt+kalm_instruct_v2_5-dj_adpt+qwen3_06b-dj_adpt+qwen3_4b-dj_adpt+kalm_gemma3_12b-dj_adpt+llama_nemotron_8b-dj_adpt+qwen3_8b-dj_adpt,3.6031947135925293,7.282033443450928,0.7586182951927185,0.7705655097961426,0.9949685335159302,0.3509734272956848,0.32514771819114685,0.03574556112289429,3.9400105476379395,0.015795418992638588,0.17726878821849823,0.15974017977714539,0.021052146330475807,0.6501849293708801,0.6893543004989624,0.9650793075561523,38.0,44.49840545654297,398.4027099609375,0.07816855609416962,0.2061740756034851,0.00038310568197630346,0.284613698720932,0.3032776713371277,-0.0015794581267982721,266.04058837890625,0.27265962958335876,0.2719435691833496,0.5093276500701904,0.34308215975761414,0.2309264838695526
v2v,distilroberta-dj_adpt+mini_l12-dj_adpt+mini_l6-dj_adpt+gte_base-dj_adpt+gtr_t5-dj_adpt+mpnet-dj_adpt+kalm_instruct_v2_5-dj_adpt+qwen3_06b-dj_adpt+qwen3_4b-dj_adpt+kalm_gemma3_12b-dj_adpt+llama_nemotron_8b-dj_adpt+qwen3_8b-dj_adpt,3.419625997543335,7.356742858886719,0.7606799602508545,0.7558884024620056,0.9952154755592346,0.34576019644737244,0.3454159200191498,0.04086444899439812,3.4365148544311523,0.015176748856902122,0.1744271218776703,0.1674729734659195,0.02147662825882435,0.6556101441383362,0.6671515107154846,0.9591593146324158,39.0,42.567596435546875,367.1191101074219,0.06712296605110168,0.21393457055091858,8.521473500877619e-05,0.2785601317882538,0.31981420516967773,0.003986798692494631,234.2210235595703,0.2758099138736725,0.257606565952301,0.5026944875717163,0.3451528549194336,0.2456505447626114
v2v,distilroberta-dj_adpt+mini_l12-dj_adpt+mini_l6-dj_adpt+gte_base-dj_adpt+gtr_t5-dj_adpt+mpnet-dj_adpt+kalm_instruct_v2_5-dj_adpt+qwen3_06b-dj_adpt+qwen3_4b-dj_adpt+kalm_gemma3_12b-dj_adpt+llama_nemotron_8b-dj_adpt+qwen3_8b-dj_adpt,3.3892881870269775,7.348825454711914,0.7909513711929321,0.9129133820533752,0.9969637989997864,0.32902318239212036,0.18536974489688873,0.03273829072713852,3.6179234981536865,0.010112477466464043,0.1616983711719513,0.08550214022397995,0.01798061653971672,0.6711137294769287,0.8209899067878723,0.9667724370956421,40.0,57.07350158691406,662.3629150390625,0.08557052165269852,0.07385988533496857,1.86001507245237e-05,0.31239473819732666,0.16888827085494995,0.024106988683342934,363.92340087890625,0.24961210787296295,0.37142840027809143,0.48174718022346497,0.33719995617866516,0.24082528054714203
v2v,distilroberta-dj_adpt+mini_l12-dj_adpt+mini_l6-dj_adpt+gte_base-dj_adpt+gtr_t5-dj_adpt+mpnet-dj_adpt+kalm_instruct_v2_5-dj_adpt+qwen3_06b-dj_adpt+qwen3_4b-dj_adpt+kalm_gemma3_12b-dj_adpt+llama_nemotron_8b-dj_adpt+qwen3_8b-dj_adpt,3.508431911468506,7.213486194610596,0.7537364363670349,0.6973754167556763,0.9953853487968445,0.34943532943725586,0.3866978883743286,0.03582267090678215,3.5522828102111816,0.017870726063847542,0.17786723375320435,0.1955985426902771,0.02034253068268299,0.6531540155410767,0.6283007860183716,0.9642347097396851,41.0,39.25720977783203,307.5355529785156,0.0515378899872303,0.27431368827819824,5.464701462187804e-05,0.23574812710285187,0.36326131224632263,-0.010022969916462898,202.3778533935547,0.31136175990104675,0.22842466831207275,0.5163807272911072,0.33679884672164917,0.23215632140636444
v2v,distilroberta-dj_adpt+mini_l12-dj_adpt+mini_l6-dj_adpt+gte_base-dj_adpt+gtr_t5-dj_adpt+mpnet-dj_adpt+kalm_instruct_v2_5-dj_adpt+qwen3_06b-dj_adpt+qwen3_4b-dj_adpt+kalm_gemma3_12b-dj_adpt+llama_nemotron_8b-dj_adpt+qwen3_8b-dj_adpt,3.5495357513427734,7.18831205368042,0.7916486859321594,0.8471981287002563,0.9964567422866821,0.32573139667510986,0.25634798407554626,0.028105229139328003,3.684448480606079,0.012758978642523289,0.1584494262933731,0.12125027179718018,0.01690547727048397,0.6723807454109192,0.7487967014312744,0.9726797938346863,42.0,49.769962310791016,532.7275390625,0.08907011896371841,0.13412225246429443,1.3841976397088729e-05,0.2983505427837372,0.24219442903995514,0.01708473265171051,307.64404296875,0.257580429315567,0.314941942691803,0.48765867948532104,0.33008047938346863,0.23452228307724
v2v,distilroberta-dj_adpt+mini_l12-dj_adpt+mini_l6-dj_adpt+gte_base-dj_adpt+gtr_t5-dj_adpt+mpnet-dj_adpt+kalm_instruct_v2_5-dj_adpt+qwen3_06b-dj_adpt+qwen3_4b-dj_adpt+kalm_gemma3_12b-dj_adpt+llama_nemotron_8b-dj_adpt+qwen3_8b-dj_adpt,3.582984685897827,7.193779468536377,0.7888861894607544,0.8284733891487122,0.9966890215873718,0.3247036933898926,0.26873254776000977,0.02709825709462166,3.8320717811584473,0.013381492346525192,0.1600174754858017,0.12944112718105316,0.016710171476006508,0.6745432019233704,0.7418755292892456,0.9738072156906128,43.0,50.33411407470703,536.5513305664062,0.07163501530885696,0.14349296689033508,1.9176908608642407e-05,0.26938608288764954,0.24258263409137726,0.005426341202110052,308.05682373046875,0.2802585959434509,0.31634005904197693,0.4994897246360779,0.33016520738601685,0.23549793660640717
v2v,distilroberta-dj_adpt+mini_l12-dj_adpt+mini_l6-dj_adpt+gte_base-dj_adpt+gtr_t5-dj_adpt+mpnet-dj_adpt+kalm_instruct_v2_5-dj_adpt+qwen3_06b-dj_adpt+qwen3_4b-dj_adpt+kalm_gemma3_12b-dj_adpt+llama_nemotron_8b-dj_adpt+qwen3_8b-dj_adpt,3.8044562339782715,7.307772636413574,0.7873802781105042,0.7162204384803772,0.9877778887748718,0.3210737407207489,0.3776019811630249,0.03518486022949219,3.5333008766174316,0.017218997702002525,0.16363082826137543,0.1867087483406067,0.0210993904620409,0.6812989711761475,0.6380438804626465,0.9655252695083618,44.0,39.86037826538086,333.2088928222656,0.05210728943347931,0.255262166261673,3.0423549105762504e-05,0.21445593237876892,0.3552982807159424,-0.006292739417403936,210.0316619873047,0.32397544384002686,0.23228774964809418,0.5122412443161011,0.3372332751750946,0.2440854012966156
v2v,distilroberta-dj_adpt+mini_l12-dj_adpt+mini_l6-dj_adpt+gte_base-dj_adpt+gtr_t5-dj_adpt+mpnet-dj_adpt+kalm_instruct_v2_5-dj_adpt+qwen3_06b-dj_adpt+qwen3_4b-dj_adpt+kalm_gemma3_12b-dj_adpt+llama_nemotron_8b-dj_adpt+qwen3_8b-dj_adpt,3.803370237350464,7.358787536621094,0.8340242505073547,0.9125974774360657,0.9878718852996826,0.2832801640033722,0.18739549815654755,0.02979874238371849,3.523597002029419,0.010014469735324383,0.1392274796962738,0.08625023066997528,0.017474379390478134,0.7186956405639648,0.815981924533844,0.9703741669654846,45.0,56.3296012878418,714.363037109375,0.07328911125659943,0.07361011207103729,4.6139925871102605e-06,0.27027392387390137,0.17741528153419495,0.02542940340936184,357.3047790527344,0.2794305980205536,0.36351367831230164,0.479278028011322,0.34535929560661316,0.27446436882019043
v2v,distilroberta-dj_adpt+mini_l12-dj_adpt+mini_l6-dj_adpt+gte_base-dj_adpt+gtr_t5-dj_adpt+mpnet-dj_adpt+kalm_instruct_v2_5-dj_adpt+qwen3_06b-dj_adpt+qwen3_4b-dj_adpt+kalm_gemma3_12b-dj_adpt+llama_nemotron_8b-dj_adpt+qwen3_8b-dj_adpt,3.7424979209899902,7.294692516326904,0.7976357340812683,0.718948483467102,0.9906116127967834,0.3051551878452301,0.3678009808063507,0.0329146645963192,4.149703025817871,0.01826637238264084,0.15740163624286652,0.18527178466320038,0.01803329586982727,0.6983867287635803,0.6475910544395447,0.9675300717353821,46.0,41.29769515991211,357.8963623046875,0.06289595365524292,0.2541985511779785,2.4656021196278743e-05,0.1920691877603531,0.34532058238983154,-0.0016135283512994647,229.30252075195312,0.3458653390407562,0.24176625907421112,0.5072746872901917,0.3400498032569885,0.2572990357875824
v2v,distilroberta-dj_adpt+mini_l12-dj_adpt+mini_l6-dj_adpt+gte_base-dj_adpt+gtr_t5-dj_adpt+mpnet-dj_adpt+kalm_instruct_v2_5-dj_adpt+qwen3_06b-dj_adpt+qwen3_4b-dj_adpt+kalm_gemma3_12b-dj_adpt+llama_nemotron_8b-dj_adpt+qwen3_8b-dj_adpt,3.56585955619812,7.313340663909912,0.8040807247161865,0.7941863536834717,0.9960616230964661,0.2949780523777008,0.31235912442207336,0.033023443073034286,3.7314014434814453,0.014370312914252281,0.15043117105960846,0.14882811903953552,0.015990544110536575,0.7060379385948181,0.6962319016456604,0.9664153456687927,47.0,44.888851165771484,449.770751953125,0.07003797590732574,0.1847604215145111,5.911678272241261e-06,0.23931455612182617,0.29669514298439026,0.015027345158159733,269.2584533691406,0.30424392223358154,0.27388155460357666,0.48998135328292847,0.3311586380004883,0.2367849200963974
v2v,distilroberta-dj_adpt+mini_l12-dj_adpt+mini_l6-dj_adpt+gte_base-dj_adpt+gtr_t5-dj_adpt+mpnet-dj_adpt+kalm_instruct_v2_5-dj_adpt+qwen3_06b-dj_adpt+qwen3_4b-dj_adpt+kalm_gemma3_12b-dj_adpt+llama_nemotron_8b-dj_adpt+qwen3_8b-dj_adpt,3.5081872940063477,7.278132438659668,0.815700888633728,0.8717285394668579,0.9958082437515259,0.28370434045791626,0.22548505663871765,0.033906783908605576,3.8422796726226807,0.011675255373120308,0.14429184794425964,0.10703811049461365,0.016801243647933006,0.7149742245674133,0.7825783491134644,0.9659857153892517,48.0,53.654998779296875,640.2731323242188,0.07003901153802872,0.114437036216259,5.724235961679369e-05,0.24947375059127808,0.20966657996177673,0.020335320383310318,349.4739074707031,0.29524627327919006,0.3414570093154907,0.4849947690963745,0.3242347240447998,0.2371777892112732
v2v,distilroberta-dj_adpt+mini_l12-dj_adpt+mini_l6-dj_adpt+gte_base-dj_adpt+gtr_t5-dj_adpt+mpnet-dj_adpt+kalm_instruct_v2_5-dj_adpt+qwen3_06b-dj_adpt+qwen3_4b-dj_adpt+kalm_gemma3_12b-dj_adpt+llama_nemotron_8b-dj_adpt+qwen3_8b-dj_adpt,3.6374588012695312,7.155104160308838,0.80007404088974,0.6906220316886902,0.9950956106185913,0.3013685345649719,0.39573943614959717,0.0352347306907177,3.474733352661133,0.017598312348127365,0.15432509779930115,0.19880320131778717,0.020468158647418022,0.7016023397445679,0.6190798282623291,0.9654491543769836,49.0,38.545082092285156,317.5356140136719,0.03633852303028107,0.28206369280815125,0.00017187136108987033,0.18173183500766754,0.3738589882850647,-0.008235256187617779,199.3574981689453,0.3517158627510071,0.219815194606781,0.5145984888076782,0.3382176160812378,0.24482309818267822
v2v,distilroberta-dj_adpt+mini_l12-dj_adpt+mini_l6-dj_adpt+gte_base-dj_adpt+gtr_t5-dj_adpt+mpnet-dj_adpt+kalm_instruct_v2_5-dj_adpt+qwen3_06b-dj_adpt+qwen3_4b-dj_adpt+kalm_gemma3_12b-dj_adpt+llama_nemotron_8b-dj_adpt+qwen3_8b-dj_adpt,3.7788586616516113,6.973201751708984,0.8237707614898682,0.890749454498291,0.9975828528404236,0.2792361378669739,0.21055759489536285,0.024236705154180527,3.8923113346099854,0.011436082422733307,0.1393703669309616,0.09819111973047256,0.014895507134497166,0.7177566885948181,0.7926154136657715,0.9752700328826904,50.0,54.68880844116211,680.6475830078125,0.06600923836231232,0.08875441551208496,2.5953722797567025e-06,0.263446182012558,0.19519145786762238,0.018407855182886124,351.47869873046875,0.2838202714920044,0.35018864274024963,0.4856276214122772,0.3320634067058563,0.24498440325260162
v2v,distilroberta-dj_adpt+mini_l12-dj_adpt+mini_l6-dj_adpt+gte_base-dj_adpt+gtr_t5-dj_adpt+mpnet-dj_adpt+kalm_instruct_v2_5-dj_adpt+qwen3_06b-dj_adpt+qwen3_4b-dj_adpt+kalm_gemma3_12b-dj_adpt+llama_nemotron_8b-dj_adpt+qwen3_8b-dj_adpt,3.767547369003296,7.068547248840332,0.8183530569076538,0.7611048817634583,0.9974257349967957,0.29018548130989075,0.33364543318748474,0.026413677260279655,4.099031448364258,0.01670261286199093,0.1487654745578766,0.1640799641609192,0.015060735866427422,0.7111676931381226,0.6791636347770691,0.9736242294311523,51.0,43.88231658935547,432.4066162109375,0.03670648857951164,0.21895726025104523,4.9023674364434555e-06,0.19317616522312164,0.31683632731437683,-0.00608463678508997,258.1419982910156,0.34276995062828064,0.26134616136550903,0.5103777647018433,0.3318851888179779,0.2429180145263672
v2v,distilroberta-dj_adpt+mini_l12-dj_adpt+mini_l6-dj_adpt+gte_base-dj_adpt+gtr_t5-dj_adpt+mpnet-dj_adpt+kalm_instruct_v2_5-dj_adpt+qwen3_06b-dj_adpt+qwen3_4b-dj_adpt+kalm_gemma3_12b-dj_adpt+llama_nemotron_8b-dj_adpt+qwen3_8b-dj_adpt,3.8285820484161377,7.029234409332275,0.8244963884353638,0.7492460012435913,0.9965654015541077,0.2815381586551666,0.3528473377227783,0.02865060232579708,3.654808282852173,0.016163945198059082,0.1421966254711151,0.1709115356206894,0.015612797811627388,0.7185125946998596,0.6581699252128601,0.9714381098747253,52.0,41.35033416748047,397.09564208984375,0.0316515676677227,0.2332524210214615,5.334929483069573e-06,0.19721907377243042,0.3392484486103058,-0.0023677051067352295,233.58006286621094,0.3364062011241913,0.2430286407470703,0.5063705444335938,0.3400175869464874,0.2575705051422119
v2v,distilroberta-dj_adpt+mini_l12-dj_adpt+mini_l6-dj_adpt+gte_base-dj_adpt+gtr_t5-dj_adpt+mpnet-dj_adpt+kalm_instruct_v2_5-dj_adpt+qwen3_06b-dj_adpt+qwen3_4b-dj_adpt+kalm_gemma3_12b-dj_adpt+llama_nemotron_8b-dj_adpt+qwen3_8b-dj_adpt,3.7726330757141113,7.017227649688721,0.849712073802948,0.9076499342918396,0.9972891211509705,0.26119673252105713,0.1930757761001587,0.025331368669867516,4.045681953430176,0.011154127307236195,0.13152706623077393,0.08917149156332016,0.014507059939205647,0.7396262288093567,0.8132063746452332,0.9747117757797241,53.0,56.53611373901367,749.1505126953125,0.03771809861063957,0.08168286085128784,5.334929028322222e-06,0.23972760140895844,0.18023519217967987,0.016769036650657654,372.9695129394531,0.3005545437335968,0.3626604974269867,0.4871682822704315,0.3353534936904907,0.25932151079177856
v2v,distilroberta-dj_adpt+mini_l12-dj_adpt+mini_l6-dj_adpt+gte_base-dj_adpt+gtr_t5-dj_adpt+mpnet-dj_adpt+kalm_instruct_v2_5-dj_adpt+qwen3_06b-dj_adpt+qwen3_4b-dj_adpt+kalm_gemma3_12b-dj_adpt+llama_nemotron_8b-dj_adpt+qwen3_8b-dj_adpt,3.984998941421509,7.01947546005249,0.8314034342765808,0.699699878692627,0.9953787326812744,0.27806153893470764,0.3873666822910309,0.02626386284828186,4.089495658874512,0.019683120772242546,0.1415364146232605,0.19427476823329926,0.016442446038126945,0.723415732383728,0.6270701289176941,0.9744325876235962,54.0,39.822486877441406,349.1511535644531,0.015101890079677105,0.27293387055397034,1.8744349290500395e-05,0.1391368806362152,0.3655315041542053,-0.019793391227722168,207.91114807128906,0.3836057782173157,0.22594189643859863,0.5253177881240845,0.3290539085865021,0.2530098855495453
v2v,distilroberta-dj_adpt+mini_l12-dj_adpt+mini_l6-dj_adpt+gte_base-dj_adpt+gtr_t5-dj_adpt+mpnet-dj_adpt+kalm_instruct_v2_5-dj_adpt+qwen3_06b-dj_adpt+qwen3_4b-dj_adpt+kalm_gemma3_12b-dj_adpt+llama_nemotron_8b-dj_adpt+qwen3_8b-dj_adpt,3.9458365440368652,7.111600875854492,0.8549465537071228,0.8560970425605774,0.9979817271232605,0.25217288732528687,0.2515714764595032,0.025627290830016136,4.103128910064697,0.013419587165117264,0.12693297863006592,0.11734145879745483,0.0138612762093544,0.7491100430488586,0.7532123327255249,0.9741009473800659,55.0,51.596099853515625,635.974853515625,0.02962529845535755,0.12053687870502472,3.604682660807157e-06,0.21777620911598206,0.23045910894870758,0.01375500950962305,317.54620361328125,0.3155164122581482,0.3237036168575287,0.4905953109264374,0.33032241463661194,0.25572070479393005
v2v,distilroberta-dj_adpt+mini_l12-dj_adpt+mini_l6-dj_adpt+gte_base-dj_adpt+gtr_t5-dj_adpt+mpnet-dj_adpt+kalm_instruct_v2_5-dj_adpt+qwen3_06b-dj_adpt+qwen3_4b-dj_adpt+kalm_gemma3_12b-dj_adpt+llama_nemotron_8b-dj_adpt+qwen3_8b-dj_adpt,3.794619560241699,7.05906343460083,0.859197199344635,0.8337311148643494,0.9977761507034302,0.24128343164920807,0.26444119215011597,0.029164981096982956,4.2888102531433105,0.01494740042835474,0.12332728505134583,0.1268416941165924,0.015272003598511219,0.7603482604026794,0.7453611493110657,0.9706876277923584,56.0,51.34345626831055,635.9882202148438,0.020625416189432144,0.14448532462120056,3.3595650165807456e-05,0.17178882658481598,0.24154141545295715,0.0028913174755871296,306.17578125,0.3545829653739929,0.31758615374565125,0.5019705295562744,0.33347705006599426,0.2558657228946686
v2v,distilroberta-dj_adpt+mini_l12-dj_adpt+mini_l6-dj_adpt+gte_base-dj_adpt+gtr_t5-dj_adpt+mpnet-dj_adpt+kalm_instruct_v2_5-dj_adpt+qwen3_06b-dj_adpt+qwen3_4b-dj_adpt+kalm_gemma3_12b-dj_adpt+llama_nemotron_8b-dj_adpt+qwen3_8b-dj_adpt,3.6962151527404785,7.148288726806641,0.8565551042556763,0.7250019311904907,0.9962827563285828,0.24451440572738647,0.3721694350242615,0.03317340463399887,3.865516424179077,0.018635975196957588,0.12661999464035034,0.18277615308761597,0.017786415293812752,0.7570911049842834,0.6425356268882751,0.9671005606651306,57.0,40.84709167480469,389.81170654296875,0.014624920673668385,0.252943217754364,9.530780516797677e-05,0.12791351974010468,0.3531230688095093,-0.009132694453001022,211.3307647705078,0.39155903458595276,0.23393595218658447,0.5145817399024963,0.3363070785999298,0.261311799287796
v2v,distilroberta-dj_adpt+mini_l12-dj_adpt+mini_l6-dj_adpt+gte_base-dj_adpt+gtr_t5-dj_adpt+mpnet-dj_adpt+kalm_instruct_v2_5-dj_adpt+qwen3_06b-dj_adpt+qwen3_4b-dj_adpt+kalm_gemma3_12b-dj_adpt+llama_nemotron_8b-dj_adpt+qwen3_8b-dj_adpt,3.732539176940918,7.174564838409424,0.8799856901168823,0.9244431257247925,0.9972451329231262,0.21006064116954803,0.17341318726539612,0.028825923800468445,4.134410858154297,0.011249128729104996,0.11042249202728271,0.07952035218477249,0.01583760604262352,0.7905325889587402,0.8301078677177429,0.9709559679031372,58.0,58.21466064453125,874.3037109375,0.016309315338730812,0.06872839480638504,2.3502516341977753e-05,0.19613808393478394,0.16623729467391968,0.022876279428601265,374.58984375,0.3311718702316284,0.37328243255615234,0.48167991638183594,0.33995673060417175,0.2667778432369232
v2v,distilroberta-dj_adpt+mini_l12-dj_adpt+mini_l6-dj_adpt+gte_base-dj_adpt+gtr_t5-dj_adpt+mpnet-dj_adpt+kalm_instruct_v2_5-dj_adpt+qwen3_06b-dj_adpt+qwen3_4b-dj_adpt+kalm_gemma3_12b-dj_adpt+llama_nemotron_8b-dj_adpt+qwen3_8b-dj_adpt,3.902876377105713,7.059658050537109,0.8602378368377686,0.7317920327186584,0.9964763522148132,0.2334660142660141,0.3595144748687744,0.030200157314538956,4.4169440269470215,0.019803965464234352,0.1240244135260582,0.17900051176548004,0.017724711447954178,0.767950713634491,0.6544102430343628,0.9704230427742004,59.0,42.132545471191406,412.06634521484375,0.011423964984714985,0.24726276099681854,3.619102426455356e-05,0.1150997132062912,0.3438405394554138,-0.019485145807266235,225.04147338867188,0.40294602513313293,0.2418157309293747,0.5254958271980286,0.3347157835960388,0.26037830114364624
v2v,distilroberta-dj_adpt+mini_l12-dj_adpt+mini_l6-dj_adpt+gte_base-dj_adpt+gtr_t5-dj_adpt+mpnet-dj_adpt+kalm_instruct_v2_5-dj_adpt+qwen3_06b-dj_adpt+qwen3_4b-dj_adpt+kalm_gemma3_12b-dj_adpt+llama_nemotron_8b-dj_adpt+qwen3_8b-dj_adpt,4.172701835632324,6.948883533477783,0.872485876083374,0.8093242049217224,0.9970027208328247,0.22217769920825958,0.29895371198654175,0.029302537441253662,4.04869270324707,0.01530187577009201,0.1145637109875679,0.14128701388835907,0.015715282410383224,0.7821345925331116,0.7091161608695984,0.9704230427742004,60.0,46.59895324707031,547.2528686523438,0.021400567144155502,0.17525511980056763,1.9176903151674196e-05,0.16450220346450806,0.2867985665798187,0.0051938691176474094,274.0307922363281,0.3603042662143707,0.28137314319610596,0.499485582113266,0.352211594581604,0.24851998686790466
v2v,distilroberta-dj_adpt+mini_l12-dj_adpt+mini_l6-dj_adpt+gte_base-dj_adpt+gtr_t5-dj_adpt+mpnet-dj_adpt+kalm_instruct_v2_5-dj_adpt+qwen3_06b-dj_adpt+qwen3_4b-dj_adpt+kalm_gemma3_12b-dj_adpt+llama_nemotron_8b-dj_adpt+qwen3_8b-dj_adpt,4.018190860748291,6.890226364135742,0.8744276165962219,0.8818289041519165,0.9974551796913147,0.21685445308685303,0.21602439880371094,0.029762325808405876,4.177501678466797,0.013307906687259674,0.11141219735145569,0.10129807144403458,0.015267200767993927,0.785487949848175,0.7927979230880737,0.9702164530754089,61.0,54.414066314697266,772.4053955078125,0.026642072945833206,0.11117605865001678,3.100028698099777e-05,0.17091523110866547,0.20892110466957092,0.012193385511636734,337.453857421875,0.3556602895259857,0.3415599763393402,0.49235057830810547,0.3519391119480133,0.2551153004169464
v2v,distilroberta-dj_adpt+mini_l12-dj_adpt+mini_l6-dj_adpt+gte_base-dj_adpt+gtr_t5-dj_adpt+mpnet-dj_adpt+kalm_instruct_v2_5-dj_adpt+qwen3_06b-dj_adpt+qwen3_4b-dj_adpt+kalm_gemma3_12b-dj_adpt+llama_nemotron_8b-dj_adpt+qwen3_8b-dj_adpt,3.9503118991851807,6.9183878898620605,0.8560076355934143,0.6975058913230896,0.9967226982116699,0.24264833331108093,0.38886311650276184,0.031318459659814835,3.96974515914917,0.019917761906981468,0.12440899759531021,0.19494672119617462,0.017575502395629883,0.7593333125114441,0.624345600605011,0.9689511656761169,62.0,39.52457809448242,362.8523864746094,0.017811749130487442,0.2792517840862274,3.83538608730305e-05,0.10653811693191528,0.3717435598373413,-0.0195270124822855,199.9302978515625,0.4132533073425293,0.22122600674629211,0.525177001953125,0.34168726205825806,0.25789952278137207
v2v,distilroberta-dj_adpt+mini_l12-dj_adpt+mini_l6-dj_adpt+gte_base-dj_adpt+gtr_t5-dj_adpt+mpnet-dj_adpt+kalm_instruct_v2_5-dj_adpt+qwen3_06b-dj_adpt+qwen3_4b-dj_adpt+kalm_gemma3_12b-dj_adpt+llama_nemotron_8b-dj_adpt+qwen3_8b-dj_adpt,3.8526089191436768,6.919866561889648,0.8685969710350037,0.8960421681404114,0.9971705675125122,0.2250693142414093,0.20553480088710785,0.028568925336003304,4.543816566467285,0.013686750084161758,0.11381060630083084,0.09575057029724121,0.015260038897395134,0.7716846466064453,0.7973880767822266,0.9715903997421265,63.0,55.37533187866211,775.820068359375,0.034465670585632324,0.08929451555013657,2.0474586563068442e-05,0.20664875209331512,0.19347251951694489,0.021413249894976616,345.18634033203125,0.3243199586868286,0.3522443473339081,0.482869952917099,0.3292159140110016,0.25906774401664734
v2v,distilroberta-dj_adpt+mini_l12-dj_adpt+mini_l6-dj_adpt+gte_base-dj_adpt+gtr_t5-dj_adpt+mpnet-dj_adpt+kalm_instruct_v2_5-dj_adpt+qwen3_06b-dj_adpt+qwen3_4b-dj_adpt+kalm_gemma3_12b-dj_adpt+llama_nemotron_8b-dj_adpt+qwen3_8b-dj_adpt,3.8987669944763184,6.903233528137207,0.8712348937988281,0.7714483737945557,0.9976859092712402,0.22172686457633972,0.32742711901664734,0.027355527505278587,4.5447916984558105,0.019101301208138466,0.11369017511606216,0.15916384756565094,0.0159393772482872,0.7795352935791016,0.6845362782478333,0.9732888340950012,64.0,45.043758392333984,503.97503662109375,0.014534522779285908,0.2097100019454956,5.291674824547954e-05,0.12434053421020508,0.3106624484062195,-0.00952436588704586,248.20614624023438,0.3947213888168335,0.2654394209384918,0.514890730381012,0.3361293375492096,0.25840795040130615
v2v,distilroberta-dj_adpt+mini_l12-dj_adpt+mini_l6-dj_adpt+gte_base-dj_adpt+gtr_t5-dj_adpt+mpnet-dj_adpt+kalm_instruct_v2_5-dj_adpt+qwen3_06b-dj_adpt+qwen3_4b-dj_adpt+kalm_gemma3_12b-dj_adpt+llama_nemotron_8b-dj_adpt+qwen3_8b-dj_adpt,4.200178623199463,6.885150909423828,0.8788719773292542,0.7650061845779419,0.9969692230224609,0.21273471415042877,0.3410620093345642,0.02636321820318699,4.29768705368042,0.01952352002263069,0.11114111542701721,0.16358491778373718,0.014560512267053127,0.7922056913375854,0.6695587635040283,0.973189115524292,65.0,42.93727111816406,469.1469421386719,0.015300584025681019,0.22033041715621948,7.7861132012913e-06,0.1156589612364769,0.3307906985282898,-0.007172092329710722,228.0711212158203,0.4037865400314331,0.24902938306331635,0.5112470388412476,0.37401336431503296,0.2754341661930084
v2v,distilroberta-dj_adpt+mini_l12-dj_adpt+mini_l6-dj_adpt+gte_base-dj_adpt+gtr_t5-dj_adpt+mpnet-dj_adpt+kalm_instruct_v2_5-dj_adpt+qwen3_06b-dj_adpt+qwen3_4b-dj_adpt+kalm_gemma3_12b-dj_adpt+llama_nemotron_8b-dj_adpt+qwen3_8b-dj_adpt,4.089090824127197,6.867705821990967,0.8873341679573059,0.9108505249023438,0.9976081252098083,0.20409341156482697,0.18825455009937286,0.024427440017461777,4.634330749511719,0.013217553496360779,0.10555198788642883,0.086534284055233,0.013475801795721054,0.7980695366859436,0.8175622224807739,0.9754984378814697,66.0,56.50642776489258,859.4931030273438,0.022747710347175598,0.08367305248975754,1.9609462469816208e-05,0.1803145408630371,0.18486350774765015,0.015158499591052532,361.5643615722656,0.34567591547966003,0.35854095220565796,0.488782674074173,0.3722836375236511,0.29056063294410706
v2v,distilroberta-dj_adpt+mini_l12-dj_adpt+mini_l6-dj_adpt+gte_base-dj_adpt+gtr_t5-dj_adpt+mpnet-dj_adpt+kalm_instruct_v2_5-dj_adpt+qwen3_06b-dj_adpt+qwen3_4b-dj_adpt+kalm_gemma3_12b-dj_adpt+llama_nemotron_8b-dj_adpt+qwen3_8b-dj_adpt,3.7555713653564453,6.909483432769775,0.8706939220428467,0.7138513326644897,0.9972992539405823,0.22668394446372986,0.37744423747062683,0.031969111412763596,4.557144641876221,0.022471792995929718,0.1167653352022171,0.1872062087059021,0.01730029098689556,0.7751631736755371,0.636039137840271,0.9681174159049988,67.0,40.433265686035156,389.07373046875,0.010950017720460892,0.26618146896362305,7.699603156652302e-05,0.08886769413948059,0.36278629302978516,-0.01721832901239395,201.75294494628906,0.42745691537857056,0.2271014302968979,0.5230775475502014,0.34035244584083557,0.26362019777297974
v2v,distilroberta-dj_adpt+mini_l12-dj_adpt+mini_l6-dj_adpt+gte_base-dj_adpt+gtr_t5-dj_adpt+mpnet-dj_adpt+kalm_instruct_v2_5-dj_adpt+qwen3_06b-dj_adpt+qwen3_4b-dj_adpt+kalm_gemma3_12b-dj_adpt+llama_nemotron_8b-dj_adpt+qwen3_8b-dj_adpt,3.874121904373169,6.902204513549805,0.8875080943107605,0.8644315600395203,0.9972714781761169,0.20320382714271545,0.2431100308895111,0.028281675651669502,4.534257411956787,0.015158137306571007,0.1032906323671341,0.11291496455669403,0.014977681450545788,0.7959831953048706,0.7615595459938049,0.9720725417137146,68.0,52.16375732421875,721.7166137695312,0.017273349687457085,0.11702470481395721,1.1679167073452845e-05,0.168953076004982,0.22836987674236298,0.01419022399932146,306.8910827636719,0.3542616367340088,0.3248458206653595,0.48974815011024475,0.33222106099128723,0.25970128178596497
v2v,distilroberta-dj_adpt+mini_l12-dj_adpt+mini_l6-dj_adpt+gte_base-dj_adpt+gtr_t5-dj_adpt+mpnet-dj_adpt+kalm_instruct_v2_5-dj_adpt+qwen3_06b-dj_adpt+qwen3_4b-dj_adpt+kalm_gemma3_12b-dj_adpt+llama_nemotron_8b-dj_adpt+qwen3_8b-dj_adpt,3.978701114654541,6.836441516876221,0.8894374966621399,0.8322885036468506,0.9979076981544495,0.20101653039455414,0.26689961552619934,0.02464655600488186,4.723594665527344,0.017281392589211464,0.10190220922231674,0.1272917091846466,0.014214938506484032,0.800783097743988,0.7422705888748169,0.9758537411689758,69.0,50.486228942871094,691.9847412109375,0.012893087230622768,0.15175077319145203,1.023729782900773e-05,0.131155326962471,0.253680020570755,-0.004546476993709803,288.8194274902344,0.38749217987060547,0.3077625334262848,0.5090140104293823,0.3402847945690155,0.2575478255748749
v2v,distilroberta-dj_adpt+mini_l12-dj_adpt+mini_l6-dj_adpt+gte_base-dj_adpt+gtr_t5-dj_adpt+mpnet-dj_adpt+kalm_instruct_v2_5-dj_adpt+qwen3_06b-dj_adpt+qwen3_4b-dj_adpt+kalm_gemma3_12b-dj_adpt+llama_nemotron_8b-dj_adpt+qwen3_8b-dj_adpt,4.057398319244385,6.8698954582214355,0.8793125152587891,0.7233949899673462,0.9978168606758118,0.2174280732870102,0.3744261562824249,0.028286105021834373,4.041352272033691,0.019030645489692688,0.11136182397603989,0.1830095648765564,0.014744453132152557,0.7832439541816711,0.6399489641189575,0.9715433120727539,70.0,40.932437896728516,413.45025634765625,0.00950871966779232,0.25430840253829956,8.362860171473585e-06,0.09687148779630661,0.3552674651145935,-0.015449431724846363,217.12948608398438,0.4188975393772125,0.23182904720306396,0.5202843546867371,0.3529438078403473,0.2593224048614502
v2v,distilroberta-dj_adpt+mini_l12-dj_adpt+mini_l6-dj_adpt+gte_base-dj_adpt+gtr_t5-dj_adpt+mpnet-dj_adpt+kalm_instruct_v2_5-dj_adpt+qwen3_06b-dj_adpt+qwen3_4b-dj_adpt+kalm_gemma3_12b-dj_adpt+llama_nemotron_8b-dj_adpt+qwen3_8b-dj_adpt,3.7831692695617676,6.922100067138672,0.8987089991569519,0.9171137809753418,0.9978526830673218,0.1890529841184616,0.18393650650978088,0.028695300221443176,4.817086219787598,0.012922853231430054,0.09476932883262634,0.08456571400165558,0.014909414574503899,0.8107997179031372,0.8193824291229248,0.9706242680549622,71.0,57.56306076049805,916.8270874023438,0.014962895773351192,0.072169229388237,1.7590844436199404e-05,0.1750919073820114,0.17393335700035095,0.021587273105978966,380.3434753417969,0.34769028425216675,0.36682841181755066,0.4833736717700958,0.3335798680782318,0.25876232981681824
v2v,distilroberta-dj_adpt+mini_l12-dj_adpt+mini_l6-dj_adpt+gte_base-dj_adpt+gtr_t5-dj_adpt+mpnet-dj_adpt+kalm_instruct_v2_5-dj_adpt+qwen3_06b-dj_adpt+qwen3_4b-dj_adpt+kalm_gemma3_12b-dj_adpt+llama_nemotron_8b-dj_adpt+qwen3_8b-dj_adpt,3.987490653991699,6.865255355834961,0.8869132995605469,0.7264435291290283,0.9977217316627502,0.20375625789165497,0.3665185272693634,0.027138544246554375,4.694987773895264,0.02121138945221901,0.10506117343902588,0.18137265741825104,0.01552004273980856,0.7989813089370728,0.646494448184967,0.9733396172523499,72.0,42.66740036010742,443.8393859863281,0.008861605077981949,0.24089299142360687,3.18654092552606e-05,0.07238178700208664,0.3414613902568817,-0.02192889340221882,222.49441528320312,0.4420132339000702,0.24244381487369537,0.5275152921676636,0.34323740005493164,0.26074081659317017
v2v,distilroberta-dj_adpt+mini_l12-dj_adpt+mini_l6-dj_adpt+gte_base-dj_adpt+gtr_t5-dj_adpt+mpnet-dj_adpt+kalm_instruct_v2_5-dj_adpt+qwen3_06b-dj_adpt+qwen3_4b-dj_adpt+kalm_gemma3_12b-dj_adpt+llama_nemotron_8b-dj_adpt+qwen3_8b-dj_adpt,4.000952243804932,6.843344211578369,0.8919976353645325,0.8122280240058899,0.9982696175575256,0.1945253312587738,0.29676178097724915,0.025747140869498253,4.396468162536621,0.01646316424012184,0.10084329545497894,0.14004750549793243,0.01421391125768423,0.8079792857170105,0.7112768292427063,0.9744833707809448,73.0,47.728397369384766,601.6969604492188,0.011321877129375935,0.1701202541589737,1.124660593632143e-05,0.13154172897338867,0.2796785235404968,0.0026557445526123047,275.87603759765625,0.3871738016605377,0.28748536109924316,0.5019469857215881,0.34310901165008545,0.26152661442756653
v2v,distilroberta-dj_adpt+mini_l12-dj_adpt+mini_l6-dj_adpt+gte_base-dj_adpt+gtr_t5-dj_adpt+mpnet-dj_adpt+kalm_instruct_v2_5-dj_adpt+qwen3_06b-dj_adpt+qwen3_4b-dj_adpt+kalm_gemma3_12b-dj_adpt+llama_nemotron_8b-dj_adpt+qwen3_8b-dj_adpt,4.081213474273682,6.831772327423096,0.9018780589103699,0.8722695112228394,0.9984179139137268,0.18323396146297455,0.2256394922733307,0.02460671216249466,4.669373989105225,0.015158013440668583,0.09422570466995239,0.10608595609664917,0.013592032715678215,0.8183638453483582,0.7829714417457581,0.9758301973342896,74.0,54.380733489990234,829.915771484375,0.009028434753417969,0.11752495914697647,6.344240318867378e-06,0.1414513885974884,0.21290883421897888,0.004770054016262293,330.1466979980469,0.3769340217113495,0.3389104902744293,0.49984294176101685,0.3402772843837738,0.26348063349723816
v2v,distilroberta-dj_adpt+mini_l12-dj_adpt+mini_l6-dj_adpt+gte_base-dj_adpt+gtr_t5-dj_adpt+mpnet-dj_adpt+kalm_instruct_v2_5-dj_adpt+qwen3_06b-dj_adpt+qwen3_4b-dj_adpt+kalm_gemma3_12b-dj_adpt+llama_nemotron_8b-dj_adpt+qwen3_8b-dj_adpt,3.8586387634277344,6.885165214538574,0.8905817270278931,0.7062155604362488,0.9974799752235413,0.19679701328277588,0.384195476770401,0.028521835803985596,4.206809997558594,0.020592017099261284,0.10362372547388077,0.19031615555286407,0.01664205826818943,0.8060506582260132,0.6287521719932556,0.9719167351722717,75.0,40.40888977050781,401.49951171875,0.004357629921287298,0.265790730714798,5.62330569664482e-05,0.06201959028840065,0.3651874363422394,-0.022572902962565422,205.2389373779297,0.4501441717147827,0.22458675503730774,0.5283514261245728,0.3548266291618347,0.2719493508338928
v2v,distilroberta-dj_adpt+mini_l12-dj_adpt+mini_l6-dj_adpt+gte_base-dj_adpt+gtr_t5-dj_adpt+mpnet-dj_adpt+kalm_instruct_v2_5-dj_adpt+qwen3_06b-dj_adpt+qwen3_4b-dj_adpt+kalm_gemma3_12b-dj_adpt+llama_nemotron_8b-dj_adpt+qwen3_8b-dj_adpt,3.943352222442627,6.856742858886719,0.9121646881103516,0.8951913714408875,0.9982131123542786,0.17156004905700684,0.20809967815876007,0.021430786699056625,4.606074810028076,0.013219318352639675,0.08645143359899521,0.096392922103405,0.012523860670626163,0.8299466967582703,0.7949265241622925,0.9778313636779785,76.0,55.928768157958984,903.1671752929688,0.008364160545170307,0.08995410799980164,8.651239227219776e-07,0.1549675166606903,0.19310703873634338,0.015031419694423676,358.6831970214844,0.3638768196105957,0.3526729643344879,0.4884794056415558,0.35759246349334717,0.27581027150154114
v2v,distilroberta-dj_adpt+mini_l12-dj_adpt+mini_l6-dj_adpt+gte_base-dj_adpt+gtr_t5-dj_adpt+mpnet-dj_adpt+kalm_instruct_v2_5-dj_adpt+qwen3_06b-dj_adpt+qwen3_4b-dj_adpt+kalm_gemma3_12b-dj_adpt+llama_nemotron_8b-dj_adpt+qwen3_8b-dj_adpt,3.920351266860962,6.902987003326416,0.8988454341888428,0.7691989541053772,0.9976599812507629,0.1807791292667389,0.33004915714263916,0.024654334411025047,4.754566669464111,0.01887887716293335,0.09461616724729538,0.1602231115102768,0.013712759129703045,0.8200006484985352,0.6824662089347839,0.9752918481826782,77.0,45.2432861328125,545.8894653320312,0.007820717990398407,0.20807142555713654,3.74887031284743e-06,0.08636684715747833,0.3119703233242035,-0.015356166288256645,260.7374267578125,0.4266885817050934,0.26387566328048706,0.5198306441307068,0.33955416083335876,0.2724758982658386
v2v,distilroberta-dj_adpt+mini_l12-dj_adpt+mini_l6-dj_adpt+gte_base-dj_adpt+gtr_t5-dj_adpt+mpnet-dj_adpt+kalm_instruct_v2_5-dj_adpt+qwen3_06b-dj_adpt+qwen3_4b-dj_adpt+kalm_gemma3_12b-dj_adpt+llama_nemotron_8b-dj_adpt+qwen3_8b-dj_adpt,4.0032196044921875,6.766444683074951,0.9004939198493958,0.7624982595443726,0.9982445240020752,0.1804773509502411,0.3436192572116852,0.025185657665133476,4.183964252471924,0.017682041972875595,0.0933680608868599,0.16464538872241974,0.013865957967936993,0.8217553496360779,0.6681720018386841,0.9747117757797241,78.0,43.49534225463867,504.1997375488281,0.009933060966432095,0.2182975560426712,4.325619556766469e-06,0.09811733663082123,0.3270992338657379,-0.01005205325782299,243.92782592773438,0.4158838391304016,0.25196725130081177,0.5146315693855286,0.34788140654563904,0.26953303813934326
v2v,distilroberta-dj_adpt+mini_l12-dj_adpt+mini_l6-dj_adpt+gte_base-dj_adpt+gtr_t5-dj_adpt+mpnet-dj_adpt+kalm_instruct_v2_5-dj_adpt+qwen3_06b-dj_adpt+qwen3_4b-dj_adpt+kalm_gemma3_12b-dj_adpt+llama_nemotron_8b-dj_adpt+qwen3_8b-dj_adpt,3.756894111633301,6.759701728820801,0.9081026911735535,0.896463930606842,0.9983170628547668,0.1746964156627655,0.20344309508800507,0.025805825367569923,4.642693996429443,0.012565651908516884,0.08899807929992676,0.09444759041070938,0.014036530628800392,0.8246048092842102,0.802230954170227,0.9737710356712341,79.0,56.71064376831055,906.740966796875,0.008475328795611858,0.08976241201162338,7.209363957372261e-06,0.1517522633075714,0.18700599670410156,0.013415498659014702,371.2853088378906,0.36619287729263306,0.35815906524658203,0.4914112985134125,0.3328012228012085,0.26978230476379395
v2v,distilroberta-dj_adpt+mini_l12-dj_adpt+mini_l6-dj_adpt+gte_base-dj_adpt+gtr_t5-dj_adpt+mpnet-dj_adpt+kalm_instruct_v2_5-dj_adpt+qwen3_06b-dj_adpt+qwen3_4b-dj_adpt+kalm_gemma3_12b-dj_adpt+llama_nemotron_8b-dj_adpt+qwen3_8b-dj_adpt,3.790104389190674,6.904423236846924,0.8998739719390869,0.7048846483230591,0.998075008392334,0.18072929978370667,0.3839280605316162,0.026875929906964302,4.613941192626953,0.02207241952419281,0.09420539438724518,0.19124093651771545,0.015104836784303188,0.8223354816436768,0.6292198896408081,0.9735680222511292,80.0,40.43351364135742,414.78936767578125,0.005272641312330961,0.27388501167297363,1.5572224583593197e-05,0.047055575996637344,0.3681398928165436,-0.025321505963802338,209.0504608154297,0.4638687074184418,0.22343328595161438,0.5307071805000305,0.33859363198280334,0.2779518961906433
v2v,distilroberta-dj_adpt+mini_l12-dj_adpt+mini_l6-dj_adpt+gte_base-dj_adpt+gtr_t5-dj_adpt+mpnet-dj_adpt+kalm_instruct_v2_5-dj_adpt+qwen3_06b-dj_adpt+qwen3_4b-dj_adpt+kalm_gemma3_12b-dj_adpt+llama_nemotron_8b-dj_adpt+qwen3_8b-dj_adpt,4.089235782623291,6.8709540367126465,0.9150354266166687,0.8563638925552368,0.9977665543556213,0.16727493703365326,0.25231465697288513,0.023750292137265205,4.6014790534973145,0.01539008691906929,0.08328388631343842,0.11741302907466888,0.012968651950359344,0.8332493305206299,0.7517930269241333,0.9757522344589233,81.0,51.31873321533203,773.8292236328125,0.009016321040689945,0.1266644150018692,5.911678726988612e-06,0.13580341637134552,0.23985186219215393,0.010727770626544952,308.68023681640625,0.38088691234588623,0.315973162651062,0.4927758276462555,0.3628765642642975,0.279093861579895
v2v,distilroberta-dj_adpt+mini_l12-dj_adpt+mini_l6-dj_adpt+gte_base-dj_adpt+gtr_t5-dj_adpt+mpnet-dj_adpt+kalm_instruct_v2_5-dj_adpt+qwen3_06b-dj_adpt+qwen3_4b-dj_adpt+kalm_gemma3_12b-dj_adpt+llama_nemotron_8b-dj_adpt+qwen3_8b-dj_adpt,3.9360437393188477,6.818098068237305,0.9113218784332275,0.8231131434440613,0.9976465702056885,0.16749976575374603,0.278096467256546,0.025318481028079987,4.8763017654418945,0.01811276003718376,0.08580940961837769,0.1323656588792801,0.015067563392221928,0.8316541314125061,0.7314056158065796,0.9751014113426208,82.0,49.544654846191406,712.4515380859375,0.006202072370797396,0.1645919531583786,0.00011217771680094302,0.09495588392019272,0.2670844495296478,-0.006671079434454441,285.17340087890625,0.4183312654495239,0.29779767990112305,0.5121574997901917,0.34969326853752136,0.27927422523498535
v2v,distilroberta-dj_adpt+mini_l12-dj_adpt+mini_l6-dj_adpt+gte_base-dj_adpt+gtr_t5-dj_adpt+mpnet-dj_adpt+kalm_instruct_v2_5-dj_adpt+qwen3_06b-dj_adpt+qwen3_4b-dj_adpt+kalm_gemma3_12b-dj_adpt+llama_nemotron_8b-dj_adpt+qwen3_8b-dj_adpt,3.6929736137390137,6.962093830108643,0.9080350399017334,0.723315417766571,0.9979884028434753,0.17466282844543457,0.3726488947868347,0.027477988973259926,4.265319347381592,0.021238436922430992,0.0904015526175499,0.18249022960662842,0.014850949868559837,0.8286325335502625,0.6390118598937988,0.9728828072547913,83.0,40.87680435180664,441.6248474121094,0.0038100052624940872,0.2575816810131073,6.4884275161603e-06,0.0497642457485199,0.3605195879936218,-0.01794307306408882,204.68797302246094,0.4615432024002075,0.22766895592212677,0.5225034356117249,0.35096147656440735,0.2849777042865753
v2v,distilroberta-dj_adpt+mini_l12-dj_adpt+mini_l6-dj_adpt+gte_base-dj_adpt+gtr_t5-dj_adpt+mpnet-dj_adpt+kalm_instruct_v2_5-dj_adpt+qwen3_06b-dj_adpt+qwen3_4b-dj_adpt+kalm_gemma3_12b-dj_adpt+llama_nemotron_8b-dj_adpt+qwen3_8b-dj_adpt,3.7095565795898438,6.873593330383301,0.9158419370651245,0.9063574075698853,0.998362123966217,0.16288156807422638,0.19641022384166718,0.023495903238654137,5.005985736846924,0.014597857370972633,0.08219313621520996,0.09103958308696747,0.012983213178813457,0.8357924818992615,0.8065488934516907,0.9760802984237671,84.0,55.62736511230469,930.7045288085938,0.010720038786530495,0.0897006094455719,3.893057964887703e-06,0.14697280526161194,0.1967945545911789,0.017482874915003777,360.8460998535156,0.37089356780052185,0.35001617670059204,0.4859454333782196,0.3265492618083954,0.2850049138069153
v2v,distilroberta-dj_adpt+mini_l12-dj_adpt+mini_l6-dj_adpt+gte_base-dj_adpt+gtr_t5-dj_adpt+mpnet-dj_adpt+kalm_instruct_v2_5-dj_adpt+qwen3_06b-dj_adpt+qwen3_4b-dj_adpt+kalm_gemma3_12b-dj_adpt+llama_nemotron_8b-dj_adpt+qwen3_8b-dj_adpt,3.788073778152466,6.879452228546143,0.9075937271118164,0.7176273465156555,0.9981984496116638,0.17405058443546295,0.3726942539215088,0.024974513798952103,4.641940593719482,0.021571671590209007,0.0889134556055069,0.18451841175556183,0.014120208099484444,0.8277153968811035,0.641098141670227,0.9754712581634521,85.0,41.090824127197266,446.3984069824219,0.0039488584734499454,0.26543405652046204,5.334930847311625e-06,0.05258825048804283,0.36061933636665344,-0.024445790797472,217.3581085205078,0.45817965269088745,0.22901473939418793,0.5291731357574463,0.3245583474636078,0.28168320655822754
v2v,distilroberta-dj_adpt+mini_l12-dj_adpt+mini_l6-dj_adpt+gte_base-dj_adpt+gtr_t5-dj_adpt+mpnet-dj_adpt+kalm_instruct_v2_5-dj_adpt+qwen3_06b-dj_adpt+qwen3_4b-dj_adpt+kalm_gemma3_12b-dj_adpt+llama_nemotron_8b-dj_adpt+qwen3_8b-dj_adpt,3.928952932357788,6.857554912567139,0.9178540706634521,0.7888085246086121,0.9990308880805969,0.15656538307666779,0.31952908635139465,0.022677825763821602,4.066737174987793,0.01604565978050232,0.08156196773052216,0.1518867164850235,0.012576315551996231,0.8425282835960388,0.6881728172302246,0.977195143699646,86.0,44.83612060546875,584.1524658203125,0.0038846940733492374,0.19750595092773438,7.641925549251027e-06,0.10148149728775024,0.3105732500553131,0.0013958553317934275,263.631103515625,0.4109715223312378,0.26354196667671204,0.5025352835655212,0.35692891478538513,0.28041255474090576
v2v,distilroberta-dj_adpt+mini_l12-dj_adpt+mini_l6-dj_adpt+gte_base-dj_adpt+gtr_t5-dj_adpt+mpnet-dj_adpt+kalm_instruct_v2_5-dj_adpt+qwen3_06b-dj_adpt+qwen3_4b-dj_adpt+kalm_gemma3_12b-dj_adpt+llama_nemotron_8b-dj_adpt+qwen3_8b-dj_adpt,3.86021089553833,6.819634914398193,0.9233114123344421,0.844365656375885,0.9989944100379944,0.15010471642017365,0.25500157475471497,0.02225998416543007,4.798872947692871,0.014940621331334114,0.07615974545478821,0.12176433950662613,0.012439755722880363,0.8482943177223206,0.7544042468070984,0.9775340557098389,87.0,51.79941177368164,814.3661499023438,0.003869122825562954,0.14172759652137756,1.0381480933574494e-05,0.10617279261350632,0.2424861639738083,0.0009728585137054324,342.4969177246094,0.40610191226005554,0.31665652990341187,0.5030571818351746,0.3488159477710724,0.2805693447589874
v2v,distilroberta-dj_adpt+mini_l12-dj_adpt+mini_l6-dj_adpt+gte_base-dj_adpt+gtr_t5-dj_adpt+mpnet-dj_adpt+kalm_instruct_v2_5-dj_adpt+qwen3_06b-dj_adpt+qwen3_4b-dj_adpt+kalm_gemma3_12b-dj_adpt+llama_nemotron_8b-dj_adpt+qwen3_8b-dj_adpt,3.7362923622131348,6.8608174324035645,0.9119313359260559,0.7000409364700317,0.9981277585029602,0.16509661078453064,0.38916119933128357,0.028931550681591034,3.9973933696746826,0.019852962344884872,0.08575891703367233,0.19263699650764465,0.015271187759935856,0.8375834226608276,0.6228049397468567,0.9715161323547363,88.0,40.149417877197266,419.42120361328125,0.003894643858075142,0.26866406202316284,7.065176305331988e-06,0.03911731764674187,0.3702598810195923,-0.027467982843518257,201.78245544433594,0.47048163414001465,0.22056180238723755,0.5327240228652954,0.3482641577720642,0.2770546078681946
v2v,distilroberta-dj_adpt+mini_l12-dj_adpt+mini_l6-dj_adpt+gte_base-dj_adpt+gtr_t5-dj_adpt+mpnet-dj_adpt+kalm_instruct_v2_5-dj_adpt+qwen3_06b-dj_adpt+qwen3_4b-dj_adpt+kalm_gemma3_12b-dj_adpt+llama_nemotron_8b-dj_adpt+qwen3_8b-dj_adpt,3.697924852371216,6.865444183349609,0.9244837164878845,0.889447808265686,0.9986246824264526,0.14509178698062897,0.2155972272157669,0.02755214273929596,4.592601776123047,0.013256149366497993,0.07635736465454102,0.09952066093683243,0.01411009207367897,0.8568355441093445,0.7871883511543274,0.9728357195854187,89.0,55.152198791503906,920.843017578125,0.0036387108266353607,0.09215805679559708,2.7107200367026962e-05,0.12701494991779327,0.20183581113815308,0.020057255402207375,359.5511169433594,0.3871593177318573,0.3451889455318451,0.48441144824028015,0.3479514420032501,0.2737293541431427
v2v,distilroberta-dj_adpt+mini_l12-dj_adpt+mini_l6-dj_adpt+gte_base-dj_adpt+gtr_t5-dj_adpt+mpnet-dj_adpt+kalm_instruct_v2_5-dj_adpt+qwen3_06b-dj_adpt+qwen3_4b-dj_adpt+kalm_gemma3_12b-dj_adpt+llama_nemotron_8b-dj_adpt+qwen3_8b-dj_adpt,3.5975089073181152,6.893083095550537,0.91908198595047,0.7667167782783508,0.9983512759208679,0.15416544675827026,0.331126868724823,0.02888510935008526,4.767256259918213,0.019322358071804047,0.07982482016086578,0.1608559787273407,0.015696639195084572,0.8480204939842224,0.6809054613113403,0.9715396165847778,90.0,45.85063934326172,577.2647094726562,0.003961402457207441,0.20349964499473572,2.5088589609367773e-05,0.05040711164474487,0.3095853924751282,-0.013861198909580708,254.19422912597656,0.46055105328559875,0.265666127204895,0.5196961760520935,0.347322016954422,0.2755166292190552
v2v,distilroberta-dj_adpt+mini_l12-dj_adpt+mini_l6-dj_adpt+gte_base-dj_adpt+gtr_t5-dj_adpt+mpnet-dj_adpt+kalm_instruct_v2_5-dj_adpt+qwen3_06b-dj_adpt+qwen3_4b-dj_adpt+kalm_gemma3_12b-dj_adpt+llama_nemotron_8b-dj_adpt+qwen3_8b-dj_adpt,3.711369037628174,6.849028587341309,0.9199028611183167,0.7489480972290039,0.9977368712425232,0.1529514193534851,0.3515155613422394,0.03298622742295265,4.174196243286133,0.018551543354988098,0.07933776825666428,0.17039142549037933,0.015734145417809486,0.8480823040008545,0.6589202880859375,0.9669210314750671,91.0,42.96104431152344,510.7404479980469,0.00279362965375185,0.22351808845996857,1.2255914953129832e-05,0.06708548218011856,0.3344227969646454,-0.0043394495733082294,234.32911682128906,0.443030446767807,0.24610522389411926,0.5092574954032898,0.34603816270828247,0.2773047685623169
v2v,distilroberta-dj_adpt+mini_l12-dj_adpt+mini_l6-dj_adpt+gte_base-dj_adpt+gtr_t5-dj_adpt+mpnet-dj_adpt+kalm_instruct_v2_5-dj_adpt+qwen3_06b-dj_adpt+qwen3_4b-dj_adpt+kalm_gemma3_12b-dj_adpt+llama_nemotron_8b-dj_adpt+qwen3_8b-dj_adpt,3.640587568283081,6.832381248474121,0.9247815608978271,0.8823208808898926,0.9978417754173279,0.14140398800373077,0.21918898820877075,0.030736785382032394,4.869182586669922,0.014165681786835194,0.0740971714258194,0.10284385085105896,0.015026266686618328,0.8602142333984375,0.7857304811477661,0.9686249494552612,92.0,54.63174819946289,902.3309326171875,0.00391944358125329,0.10643884539604187,9.516358659311663e-06,0.11609060317277908,0.20964542031288147,0.01946995034813881,355.4858703613281,0.3967451751232147,0.34038403630256653,0.48516860604286194,0.33552321791648865,0.27669844031333923
v2v,distilroberta-dj_adpt+mini_l12-dj_adpt+mini_l6-dj_adpt+gte_base-dj_adpt+gtr_t5-dj_adpt+mpnet-dj_adpt+kalm_instruct_v2_5-dj_adpt+qwen3_06b-dj_adpt+qwen3_4b-dj_adpt+kalm_gemma3_12b-dj_adpt+llama_nemotron_8b-dj_adpt+qwen3_8b-dj_adpt,3.7501344680786133,6.851072788238525,0.9154145121574402,0.6948930025100708,0.9968198537826538,0.1578696072101593,0.38872337341308594,0.030525552108883858,4.474316596984863,0.022560996934771538,0.08297456055879593,0.19480708241462708,0.016262736171483994,0.8454194664955139,0.6242696046829224,0.9702490568161011,93.0,39.944252014160156,418.67547607421875,0.003392583690583706,0.28398436307907104,2.566533839853946e-05,0.03321194276213646,0.37459924817085266,-0.017194682732224464,198.54385375976562,0.47682279348373413,0.2193240523338318,0.5225847363471985,0.3609662353992462,0.28313249349594116
v2v,distilroberta-dj_adpt+mini_l12-dj_adpt+mini_l6-dj_adpt+gte_base-dj_adpt+gtr_t5-dj_adpt+mpnet-dj_adpt+kalm_instruct_v2_5-dj_adpt+qwen3_06b-dj_adpt+qwen3_4b-dj_adpt+kalm_gemma3_12b-dj_adpt+llama_nemotron_8b-dj_adpt+qwen3_8b-dj_adpt,3.7953150272369385,6.802958011627197,0.9303230047225952,0.8365300893783569,0.99724280834198,0.13668383657932281,0.2733229994773865,0.0314299575984478,4.34126615524292,0.014492783695459366,0.07148801535367966,0.128306046128273,0.015830164775252342,0.8664751052856445,0.7309983372688293,0.9676334857940674,94.0,49.64627456665039,735.5504150390625,0.005285761784762144,0.13919848203659058,1.312104086537147e-05,0.10670047998428345,0.2585422694683075,0.017841393128037453,307.3066101074219,0.4062584638595581,0.3016741871833801,0.486948698759079,0.395964115858078,0.3059917092323303
v2v,distilroberta-dj_adpt+mini_l12-dj_adpt+mini_l6-dj_adpt+gte_base-dj_adpt+gtr_t5-dj_adpt+mpnet-dj_adpt+kalm_instruct_v2_5-dj_adpt+qwen3_06b-dj_adpt+qwen3_4b-dj_adpt+kalm_gemma3_12b-dj_adpt+llama_nemotron_8b-dj_adpt+qwen3_8b-dj_adpt,3.714695930480957,6.830568313598633,0.9247313141822815,0.7905575633049011,0.9976578950881958,0.14379946887493134,0.3081691563129425,0.029039407148957253,4.539514541625977,0.016731610521674156,0.07509344071149826,0.14922189712524414,0.016112426295876503,0.8582313060760498,0.7039006352424622,0.9712205529212952,95.0,47.32032775878906,654.5886840820312,0.006534283980727196,0.19092406332492828,1.2832667380280327e-05,0.06933598220348358,0.29259753227233887,-0.0048560225404798985,290.53765869140625,0.4421074688434601,0.27911674976348877,0.5103399753570557,0.38962721824645996,0.3072061240673065
v2v,distilroberta-dj_adpt+mini_l12-dj_adpt+mini_l6-dj_adpt+gte_base-dj_adpt+gtr_t5-dj_adpt+mpnet-dj_adpt+kalm_instruct_v2_5-dj_adpt+qwen3_06b-dj_adpt+qwen3_4b-dj_adpt+kalm_gemma3_12b-dj_adpt+llama_nemotron_8b-dj_adpt+qwen3_8b-dj_adpt,3.7469723224639893,6.780263900756836,0.9210250973701477,0.7024684548377991,0.9980172514915466,0.15361210703849792,0.3898110091686249,0.0300140343606472,3.608867645263672,0.018097752705216408,0.07919804751873016,0.19202920794487,0.014988436363637447,0.8480061292648315,0.6207966208457947,0.9702708125114441,96.0,39.008907318115234,419.7167053222656,0.00261036679148674,0.27716943621635437,6.776801910746144e-06,0.047079842537641525,0.37902209162712097,-0.013459117151796818,203.85995483398438,0.4624073803424835,0.21379610896110535,0.5183038711547852,0.3587520718574524,0.2807080149650574
v2v,distilroberta-dj_adpt+mini_l12-dj_adpt+mini_l6-dj_adpt+gte_base-dj_adpt+gtr_t5-dj_adpt+mpnet-dj_adpt+kalm_instruct_v2_5-dj_adpt+qwen3_06b-dj_adpt+qwen3_4b-dj_adpt+kalm_gemma3_12b-dj_adpt+llama_nemotron_8b-dj_adpt+qwen3_8b-dj_adpt,3.7275779247283936,6.71631383895874,0.9304115176200867,0.8836913108825684,0.9974661469459534,0.1379341334104538,0.2250545471906662,0.028546331450343132,5.131240367889404,0.013789703138172626,0.0701180100440979,0.10437589883804321,0.01440985593944788,0.8613272905349731,0.7784910202026367,0.9708563089370728,97.0,54.83656311035156,901.13525390625,0.0036191025283187628,0.09127815812826157,2.739559249675949e-06,0.12332820892333984,0.2053881287574768,0.02197243459522724,381.00799560546875,0.3897381126880646,0.3427503705024719,0.48239830136299133,0.34528180956840515,0.2728936970233917
v2v,distilroberta-dj_adpt+mini_l12-dj_adpt+mini_l6-dj_adpt+gte_base-dj_adpt+gtr_t5-dj_adpt+mpnet-dj_adpt+kalm_instruct_v2_5-dj_adpt+qwen3_06b-dj_adpt+qwen3_4b-dj_adpt+kalm_gemma3_12b-dj_adpt+llama_nemotron_8b-dj_adpt+qwen3_8b-dj_adpt,3.6604831218719482,6.835585594177246,0.9205223321914673,0.7045340538024902,0.9977124333381653,0.14548422396183014,0.3830508291721344,0.030540894716978073,4.125385284423828,0.01924818940460682,0.07829198986291885,0.18993999063968658,0.01670890487730503,0.8558529615402222,0.6308802366256714,0.9698448181152344,98.0,40.60540771484375,439.84521484375,0.0034290626645088196,0.26828569173812866,4.051665018778294e-05,0.028837410733103752,0.3664451837539673,-0.02007516287267208,219.0732421875,0.4807369112968445,0.22370730340480804,0.526177167892456,0.35437291860580444,0.2808421552181244
v2v,distilroberta-dj_adpt+mini_l12-dj_adpt+mini_l6-dj_adpt+gte_base-dj_adpt+gtr_t5-dj_adpt+mpnet-dj_adpt+kalm_instruct_v2_5-dj_adpt+qwen3_06b-dj_adpt+qwen3_4b-dj_adpt+kalm_gemma3_12b-dj_adpt+llama_nemotron_8b-dj_adpt+qwen3_8b-dj_adpt,3.595021963119507,6.90015983581543,0.9258154630661011,0.7741300463676453,0.9986421465873718,0.1397082507610321,0.3326123356819153,0.02339257299900055,3.80456805229187,0.015193043276667595,0.07370820641517639,0.1589866727590561,0.013012134470045567,0.8622897267341614,0.6748879551887512,0.9768398404121399,99.0,43.85655212402344,566.6797485351562,0.002521403366699815,0.20212553441524506,2.5953722797567025e-06,0.07994627207517624,0.32107216119766235,0.0017283500637859106,266.3773193359375,0.43044325709342957,0.2545487582683563,0.5019298791885376,0.3461191952228546,0.2877301871776581
v2v,distilroberta-dj_adpt+mini_l12-dj_adpt+mini_l6-dj_adpt+gte_base-dj_adpt+gtr_t5-dj_adpt+mpnet-dj_adpt+kalm_instruct_v2_5-dj_adpt+qwen3_06b-dj_adpt+qwen3_4b-dj_adpt+kalm_gemma3_12b-dj_adpt+llama_nemotron_8b-dj_adpt+qwen3_8b-dj_adpt,3.7228875160217285,6.868938446044922,0.930440366268158,0.823310911655426,0.9989426136016846,0.14099158346652985,0.2758641242980957,0.020704925060272217,4.482980251312256,0.013546640053391457,0.07045617699623108,0.1328386515378952,0.011626512743532658,0.8595924377441406,0.7341516017913818,0.9798343181610107,100.0,50.06254577636719,764.0714721679688,0.0034328121691942215,0.1589350402355194,8.651239227219776e-07,0.09398449212312698,0.2606585621833801,0.0034230025485157967,348.9814147949219,0.4171578288078308,0.3028436303138733,0.4998599886894226,0.3375850319862366,0.28633445501327515
v2v,distilroberta-dj_adpt+mini_l12-dj_adpt+mini_l6-dj_adpt+gte_base-dj_adpt+gtr_t5-dj_adpt+mpnet-dj_adpt+kalm_instruct_v2_5-dj_adpt+qwen3_06b-dj_adpt+qwen3_4b-dj_adpt+kalm_gemma3_12b-dj_adpt+llama_nemotron_8b-dj_adpt+qwen3_8b-dj_adpt,3.927023410797119,6.822027206420898,0.9250613451004028,0.6868566274642944,0.9986074566841125,0.13904932141304016,0.3973371386528015,0.022166304290294647,3.7128920555114746,0.018806956708431244,0.0744604766368866,0.19772200286388397,0.01240905188024044,0.8635260462760925,0.6144359707832336,0.9778566956520081,101.0,39.35691833496094,421.75714111328125,0.0023153601214289665,0.28152239322662354,5.4791171351098455e-06,0.01704871840775013,0.38056740164756775,-0.025391824543476105,197.42507934570312,0.4911535382270813,0.21307973563671112,0.5297918915748596,0.3518596589565277,0.28781992197036743
v2v,distilroberta-dj_adpt+mini_l12-dj_adpt+mini_l6-dj_adpt+gte_base-dj_adpt+gtr_t5-dj_adpt+mpnet-dj_adpt+kalm_instruct_v2_5-dj_adpt+qwen3_06b-dj_adpt+qwen3_4b-dj_adpt+kalm_gemma3_12b-dj_adpt+llama_nemotron_8b-dj_adpt+qwen3_8b-dj_adpt,3.8528671264648438,6.858555793762207,0.9351036548614502,0.8580126762390137,0.9988436698913574,0.12405244261026382,0.2534946799278259,0.022835131734609604,4.222858428955078,0.012577070854604244,0.06574218720197678,0.11801794916391373,0.011908125132322311,0.8755565285682678,0.7489922642707825,0.9766386151313782,102.0,51.1763801574707,823.926025390625,0.003544412087649107,0.12483185529708862,9.516358659311663e-06,0.10901515930891037,0.2436886876821518,0.015802811831235886,350.28692626953125,0.4024883806705475,0.31351855397224426,0.48768770694732666,0.3503894805908203,0.2847900986671448
v2v,distilroberta-dj_adpt+mini_l12-dj_adpt+mini_l6-dj_adpt+gte_base-dj_adpt+gtr_t5-dj_adpt+mpnet-dj_adpt+kalm_instruct_v2_5-dj_adpt+qwen3_06b-dj_adpt+qwen3_4b-dj_adpt+kalm_gemma3_12b-dj_adpt+llama_nemotron_8b-dj_adpt+qwen3_8b-dj_adpt,3.9188647270202637,6.906656265258789,0.9335737228393555,0.722358226776123,0.9989528059959412,0.12791289389133453,0.36556532979011536,0.02288275957107544,4.100498676300049,0.017178915441036224,0.0678662359714508,0.18103396892547607,0.01271570660173893,0.8732905983924866,0.6476742625236511,0.9775304794311523,103.0,42.08711624145508,505.68524169921875,0.002297191647812724,0.25610896944999695,4.613993951352313e-06,0.028699079528450966,0.35176655650138855,-0.01889755390584469,249.5290985107422,0.48018285632133484,0.23519174754619598,0.5236181616783142,0.34915703535079956,0.2865501642227173
v2v,distilroberta-dj_adpt+mini_l12-dj_adpt+mini_l6-dj_adpt+gte_base-dj_adpt+gtr_t5-dj_adpt+mpnet-dj_adpt+kalm_instruct_v2_5-dj_adpt+qwen3_06b-dj_adpt+qwen3_4b-dj_adpt+kalm_gemma3_12b-dj_adpt+llama_nemotron_8b-dj_adpt+qwen3_8b-dj_adpt,3.827951669692993,6.869533061981201,0.9325727224349976,0.7185124158859253,0.9985498189926147,0.13245199620723724,0.3789060413837433,0.024206599220633507,3.4880542755126953,0.016115019097924232,0.0698515996336937,0.18445520102977753,0.013048883527517319,0.8711155652999878,0.6323485970497131,0.9754966497421265,104.0,39.603965759277344,458.6297912597656,0.0017525963485240936,0.2612208127975464,4.037244252685923e-06,0.05088932439684868,0.37061136960983276,-0.01024586707353592,227.44244384765625,0.4578261077404022,0.21902021765708923,0.5142921805381775,0.3626285195350647,0.29427385330200195
v2v,distilroberta-dj_adpt+mini_l12-dj_adpt+mini_l6-dj_adpt+gte_base-dj_adpt+gtr_t5-dj_adpt+mpnet-dj_adpt+kalm_instruct_v2_5-dj_adpt+qwen3_06b-dj_adpt+qwen3_4b-dj_adpt+kalm_gemma3_12b-dj_adpt+llama_nemotron_8b-dj_adpt+qwen3_8b-dj_adpt,3.7855653762817383,6.825681686401367,0.9401883482933044,0.8404420018196106,0.998528242111206,0.12265264242887497,0.263906866312027,0.024315835908055305,4.423862934112549,0.012183445505797863,0.06398297846317291,0.12599562108516693,0.012747772969305515,0.8796729445457458,0.7423177361488342,0.9750652313232422,105.0,50.89986038208008,792.5113525390625,0.003990383818745613,0.1375642567873001,4.181431904726196e-06,0.09562820196151733,0.25015121698379517,0.01115469541400671,377.975341796875,0.4154641926288605,0.30991193652153015,0.4928513169288635,0.36360111832618713,0.2936158776283264
v2v,distilroberta-dj_adpt+mini_l12-dj_adpt+mini_l6-dj_adpt+gte_base-dj_adpt+gtr_t5-dj_adpt+mpnet-dj_adpt+kalm_instruct_v2_5-dj_adpt+qwen3_06b-dj_adpt+qwen3_4b-dj_adpt+kalm_gemma3_12b-dj_adpt+llama_nemotron_8b-dj_adpt+qwen3_8b-dj_adpt,3.962718963623047,6.838312149047852,0.9282515048980713,0.6730501651763916,0.9986366629600525,0.13911506533622742,0.4055737555027008,0.024891428649425507,3.8629274368286133,0.018851296976208687,0.07249864190816879,0.20364154875278473,0.014297625049948692,0.8619834184646606,0.6077110767364502,0.9759534597396851,106.0,38.986507415771484,410.8533020019531,0.0027016382664442062,0.29051288962364197,1.6293164662783965e-05,0.014123456552624702,0.38663339614868164,-0.03130052238702774,207.34103393554688,0.4945124387741089,0.20938964188098907,0.5370379686355591,0.35284245014190674,0.296784371137619
v2v,distilroberta-dj_adpt+mini_l12-dj_adpt+mini_l6-dj_adpt+gte_base-dj_adpt+gtr_t5-dj_adpt+mpnet-dj_adpt+kalm_instruct_v2_5-dj_adpt+qwen3_06b-dj_adpt+qwen3_4b-dj_adpt+kalm_gemma3_12b-dj_adpt+llama_nemotron_8b-dj_adpt+qwen3_8b-dj_adpt,4.030893802642822,6.813717842102051,0.93860924243927,0.8112351894378662,0.998535692691803,0.11568095535039902,0.2977420687675476,0.02257246896624565,3.9508514404296875,0.01325409859418869,0.06310798227787018,0.14091362059116364,0.011499232612550259,0.8860553503036499,0.7063173651695251,0.9759026765823364,107.0,47.284156799316406,703.3636474609375,0.0017276523867622018,0.1598658561706543,1.1534984878380783e-06,0.08813876658678055,0.28393471240997314,0.00969361700117588,315.2474670410156,0.42113932967185974,0.28202614188194275,0.4931075870990753,0.3540245294570923,0.30197396874427795
v2v,distilroberta-dj_adpt+mini_l12-dj_adpt+mini_l6-dj_adpt+gte_base-dj_adpt+gtr_t5-dj_adpt+mpnet-dj_adpt+kalm_instruct_v2_5-dj_adpt+qwen3_06b-dj_adpt+qwen3_4b-dj_adpt+kalm_gemma3_12b-dj_adpt+llama_nemotron_8b-dj_adpt+qwen3_8b-dj_adpt,3.9057652950286865,6.817546844482422,0.9383893609046936,0.7626297473907471,0.9980367422103882,0.11767512559890747,0.33138084411621094,0.02360016480088234,4.298935890197754,0.01569603756070137,0.06386390328407288,0.16203178465366364,0.012671048752963543,0.885313868522644,0.6807385087013245,0.9760785698890686,108.0,45.3148193359375,629.9636840820312,0.00244137947447598,0.21146166324615479,3.893057964887703e-06,0.04476945847272873,0.3160812258720398,-0.00976298376917839,295.93243408203125,0.46446630358695984,0.2617744505405426,0.5137708783149719,0.36068975925445557,0.29933297634124756
v2v,distilroberta-dj_adpt+mini_l12-dj_adpt+mini_l6-dj_adpt+gte_base-dj_adpt+gtr_t5-dj_adpt+mpnet-dj_adpt+kalm_instruct_v2_5-dj_adpt+qwen3_06b-dj_adpt+qwen3_4b-dj_adpt+kalm_gemma3_12b-dj_adpt+llama_nemotron_8b-dj_adpt+qwen3_8b-dj_adpt,3.8734588623046875,6.890443801879883,0.9298014640808105,0.6926862001419067,0.9985232949256897,0.13458862900733948,0.39639541506767273,0.022640595212578773,3.6630754470825195,0.017780451104044914,0.07088303565979004,0.19537164270877838,0.012586960569024086,0.8672818541526794,0.6144033670425415,0.9777787923812866,109.0,38.61473846435547,424.2576904296875,0.0026384848169982433,0.27192223072052,7.930299943836872e-06,0.02669040486216545,0.38388291001319885,-0.018135812133550644,211.13941955566406,0.48192712664604187,0.20883218944072723,0.5225163102149963,0.34627658128738403,0.3033561110496521
v2v,distilroberta-dj_adpt+mini_l12-dj_adpt+mini_l6-dj_adpt+gte_base-dj_adpt+gtr_t5-dj_adpt+mpnet-dj_adpt+kalm_instruct_v2_5-dj_adpt+qwen3_06b-dj_adpt+qwen3_4b-dj_adpt+kalm_gemma3_12b-dj_adpt+llama_nemotron_8b-dj_adpt+qwen3_8b-dj_adpt,4.037866592407227,6.786340236663818,0.9422430396080017,0.8638167977333069,0.9988804459571838,0.11275173723697662,0.24637848138809204,0.02286997251212597,4.909687042236328,0.012526764534413815,0.060309261083602905,0.11502405256032944,0.0110458480194211,0.8902968764305115,0.757409930229187,0.9766150116920471,110.0,53.33123016357422,888.3524780273438,0.0018849605694413185,0.1084602028131485,2.018622808463988e-06,0.09747376292943954,0.223046213388443,0.016368303447961807,401.743896484375,0.4120669960975647,0.3291149139404297,0.4868478775024414,0.3528827726840973,0.30264556407928467
v2v,distilroberta-dj_adpt+mini_l12-dj_adpt+mini_l6-dj_adpt+gte_base-dj_adpt+gtr_t5-dj_adpt+mpnet-dj_adpt+kalm_instruct_v2_5-dj_adpt+qwen3_06b-dj_adpt+qwen3_4b-dj_adpt+kalm_gemma3_12b-dj_adpt+llama_nemotron_8b-dj_adpt+qwen3_8b-dj_adpt,3.7840309143066406,6.8420538902282715,0.9346895813941956,0.6895722150802612,0.998582661151886,0.12613745033740997,0.3947252035140991,0.025326590985059738,3.873342752456665,0.018197685480117798,0.0671844333410263,0.1961846649646759,0.01415378786623478,0.8767291903495789,0.6186339855194092,0.9745559096336365,111.0,39.64613342285156,439.4117736816406,0.0010841445764526725,0.27863597869873047,5.334930392564274e-06,0.006227613426744938,0.37908658385276794,-0.02773234061896801,219.0901641845703,0.5012035369873047,0.214153453707695,0.5331495404243469,0.3689208924770355,0.3055276572704315
v2v,distilroberta-dj_adpt+mini_l12-dj_adpt+mini_l6-dj_adpt+gte_base-dj_adpt+gtr_t5-dj_adpt+mpnet-dj_adpt+kalm_instruct_v2_5-dj_adpt+qwen3_06b-dj_adpt+qwen3_4b-dj_adpt+kalm_gemma3_12b-dj_adpt+llama_nemotron_8b-dj_adpt+qwen3_8b-dj_adpt,3.713799476623535,6.883744239807129,0.9394287467002869,0.7499216794967651,0.998680591583252,0.1203661859035492,0.3552645146846771,0.023603808134794235,3.6247384548187256,0.015084675513207912,0.06344044208526611,0.17041577398777008,0.01230174582451582,0.8805539608001709,0.6520630717277527,0.9762579798698425,112.0,40.96378707885742,524.7615356445312,0.0016258560353890061,0.23331789672374725,2.5953722797567025e-06,0.07209186255931854,0.3511548340320587,0.0020086760632693768,256.80377197265625,0.43621325492858887,0.23220397531986237,0.5013183355331421,0.3530817925930023,0.2942892611026764
v2v,distilroberta-dj_adpt+mini_l12-dj_adpt+mini_l6-dj_adpt+gte_base-dj_adpt+gtr_t5-dj_adpt+mpnet-dj_adpt+kalm_instruct_v2_5-dj_adpt+qwen3_06b-dj_adpt+qwen3_4b-dj_adpt+kalm_gemma3_12b-dj_adpt+llama_nemotron_8b-dj_adpt+qwen3_8b-dj_adpt,3.6452672481536865,6.867705821990967,0.9419329166412354,0.7975288033485413,0.9987306594848633,0.12024290859699249,0.30205225944519043,0.023051386699080467,4.43950891494751,0.01349156629294157,0.06126188859343529,0.146391361951828,0.01221289113163948,0.8809218406677246,0.7077613472938538,0.9765172004699707,113.0,47.48600387573242,706.8025512695312,0.002378081437200308,0.18105649948120117,2.451184855090105e-06,0.07255768030881882,0.2893284261226654,0.000141843207529746,349.01385498046875,0.43601271510124207,0.281455934047699,0.5034235715866089,0.3446475863456726,0.293081134557724
v2v,distilroberta-dj_adpt+mini_l12-dj_adpt+mini_l6-dj_adpt+gte_base-dj_adpt+gtr_t5-dj_adpt+mpnet-dj_adpt+kalm_instruct_v2_5-dj_adpt+qwen3_06b-dj_adpt+qwen3_4b-dj_adpt+kalm_gemma3_12b-dj_adpt+llama_nemotron_8b-dj_adpt+qwen3_8b-dj_adpt,3.804898738861084,6.836905479431152,0.9372063875198364,0.6545199751853943,0.9979996681213379,0.12308990210294724,0.4242875277996063,0.023546798154711723,3.358513832092285,0.01787414588034153,0.06566695868968964,0.21169991791248322,0.0131278270855546,0.8791799545288086,0.5874511003494263,0.9772694706916809,114.0,36.046504974365234,375.67156982421875,0.0007437182939611375,0.31934788823127747,1.7302478454439552e-06,0.003880042815580964,0.41632550954818726,-0.02811087667942047,190.36056518554688,0.5032797455787659,0.18674257397651672,0.5327637195587158,0.36944639682769775,0.303408682346344
v2v,distilroberta-dj_adpt+mini_l12-dj_adpt+mini_l6-dj_adpt+gte_base-dj_adpt+gtr_t5-dj_adpt+mpnet-dj_adpt+kalm_instruct_v2_5-dj_adpt+qwen3_06b-dj_adpt+qwen3_4b-dj_adpt+kalm_gemma3_12b-dj_adpt+llama_nemotron_8b-dj_adpt+qwen3_8b-dj_adpt,3.829270601272583,6.7520012855529785,0.9482616186141968,0.8195368647575378,0.998746395111084,0.1064627468585968,0.29488369822502136,0.019748877733945847,4.2011284828186035,0.011693284846842289,0.05608740448951721,0.1385406255722046,0.010738246142864227,0.8953415155410767,0.707622230052948,0.9803672432899475,115.0,47.52849197387695,725.7245483398438,0.0018536720890551805,0.15057571232318878,1.0093111768583185e-06,0.09027717262506485,0.28018003702163696,0.013876237906515598,370.2560729980469,0.41878944635391235,0.28442612290382385,0.48886650800704956,0.358875572681427,0.2952517569065094
v2v,distilroberta-dj_adpt+mini_l12-dj_adpt+mini_l6-dj_adpt+gte_base-dj_adpt+gtr_t5-dj_adpt+mpnet-dj_adpt+kalm_instruct_v2_5-dj_adpt+qwen3_06b-dj_adpt+qwen3_4b-dj_adpt+kalm_gemma3_12b-dj_adpt+llama_nemotron_8b-dj_adpt+qwen3_8b-dj_adpt,3.90797758102417,6.77209997177124,0.9371004104614258,0.6932592988014221,0.9987981915473938,0.1242017149925232,0.39172908663749695,0.021952185779809952,3.6443870067596436,0.014884933829307556,0.06585250049829483,0.1946568638086319,0.011834602802991867,0.8773183226585388,0.6232343912124634,0.9781666994094849,116.0,39.41557312011719,450.1924133300781,0.0018823648570105433,0.28033965826034546,1.2976859125046758e-06,0.022313876077532768,0.3797031044960022,-0.024111341685056686,258.1746520996094,0.4861832857131958,0.2140464335680008,0.5284931063652039,0.34879398345947266,0.2959478497505188
v2v,distilroberta-dj_adpt+mini_l12-dj_adpt+mini_l6-dj_adpt+gte_base-dj_adpt+gtr_t5-dj_adpt+mpnet-dj_adpt+kalm_instruct_v2_5-dj_adpt+qwen3_06b-dj_adpt+qwen3_4b-dj_adpt+kalm_gemma3_12b-dj_adpt+llama_nemotron_8b-dj_adpt+qwen3_8b-dj_adpt,3.7890028953552246,6.7597737312316895,0.9433550238609314,0.6880138516426086,0.9979822039604187,0.11648689210414886,0.4043682813644409,0.02489754743874073,3.175363302230835,0.015811637043952942,0.06066343933343887,0.19803351163864136,0.012976729311048985,0.8861060738563538,0.604703962802887,0.9749112129211426,117.0,37.26814270019531,419.92352294921875,0.0014258684823289514,0.2772776186466217,4.037244252685923e-06,0.03813435882329941,0.394219309091568,-0.01152031309902668,210.82748413085938,0.46924877166748047,0.20029540359973907,0.515217661857605,0.36242562532424927,0.29995739459991455
v2v,distilroberta-dj_adpt+mini_l12-dj_adpt+mini_l6-dj_adpt+gte_base-dj_adpt+gtr_t5-dj_adpt+mpnet-dj_adpt+kalm_instruct_v2_5-dj_adpt+qwen3_06b-dj_adpt+qwen3_4b-dj_adpt+kalm_gemma3_12b-dj_adpt+llama_nemotron_8b-dj_adpt+qwen3_8b-dj_adpt,3.827672243118286,6.676334381103516,0.948151171207428,0.7989699244499207,0.9985862374305725,0.10900842398405075,0.3052958846092224,0.020144999027252197,4.61557674407959,0.013376196846365929,0.056462012231349945,0.14736413955688477,0.011337699368596077,0.8924050331115723,0.7009387016296387,0.980242133140564,118.0,46.88759994506836,686.7987060546875,0.0018796260701492429,0.1699713170528412,7.209365548987989e-07,0.08101222664117813,0.29036688804626465,0.008341367356479168,358.4055480957031,0.42783647775650024,0.2783169448375702,0.4948681592941284,0.3616023063659668,0.29775139689445496
v2v,distilroberta-dj_adpt+mini_l12-dj_adpt+mini_l6-dj_adpt+gte_base-dj_adpt+gtr_t5-dj_adpt+mpnet-dj_adpt+kalm_instruct_v2_5-dj_adpt+qwen3_06b-dj_adpt+qwen3_4b-dj_adpt+kalm_gemma3_12b-dj_adpt+llama_nemotron_8b-dj_adpt+qwen3_8b-dj_adpt,3.7893505096435547,6.802581310272217,0.9389660358428955,0.6498289704322815,0.998903751373291,0.12084108591079712,0.42637115716934204,0.023290570825338364,3.107844829559326,0.01660131849348545,0.06456723809242249,0.21304598450660706,0.0131406644359231,0.8811865448951721,0.5865321159362793,0.9772748351097107,119.0,36.32459259033203,378.8011779785156,0.0013852081028744578,0.31840619444847107,7.56983135943301e-05,-0.00816619023680687,0.4151526689529419,-0.029930518940091133,191.6529083251953,0.516313374042511,0.18758687376976013,0.5348799228668213,0.3642093241214752,0.30524128675460815
v2v,distilroberta-dj_adpt+mini_l12-dj_adpt+mini_l6-dj_adpt+gte_base-dj_adpt+gtr_t5-dj_adpt+mpnet-dj_adpt+kalm_instruct_v2_5-dj_adpt+qwen3_06b-dj_adpt+qwen3_4b-dj_adpt+kalm_gemma3_12b-dj_adpt+llama_nemotron_8b-dj_adpt+qwen3_8b-dj_adpt,3.8671932220458984,6.720780372619629,0.9478657245635986,0.7819103002548218,0.9989004731178284,0.10689031332731247,0.32819586992263794,0.02300206571817398,3.855564594268799,0.012662292458117008,0.05672208592295647,0.1559993475675583,0.012042694725096226,0.8919917345046997,0.676058828830719,0.9769939184188843,120.0,44.80105972290039,629.547607421875,0.0008700263570062816,0.17973005771636963,1.3986162230139598e-05,0.07818961888551712,0.308989554643631,0.011242300271987915,317.113037109375,0.4303593039512634,0.2624985873699188,0.4924815893173218,0.3518614172935486,0.30519595742225647
v2v,distilroberta-dj_adpt+mini_l12-dj_adpt+mini_l6-dj_adpt+gte_base-dj_adpt+gtr_t5-dj_adpt+mpnet-dj_adpt+kalm_instruct_v2_5-dj_adpt+qwen3_06b-dj_adpt+qwen3_4b-dj_adpt+kalm_gemma3_12b-dj_adpt+llama_nemotron_8b-dj_adpt+qwen3_8b-dj_adpt,3.711915969848633,6.81442928314209,0.9451937079429626,0.7302850484848022,0.9981709718704224,0.1135602816939354,0.35851427912712097,0.027154643088579178,4.042197227478027,0.014157078228890896,0.05986524373292923,0.1772322654724121,0.014406648464500904,0.8869653344154358,0.6546038389205933,0.9730458855628967,121.0,42.927146911621094,552.439697265625,0.001100437599234283,0.2391640841960907,7.209366594906896e-05,0.03524044528603554,0.34118086099624634,-0.011249708011746407,307.8711242675781,0.4731227159500122,0.24273993074893951,0.516465961933136,0.3450010418891907,0.29907920956611633
v2v,distilroberta-dj_adpt+mini_l12-dj_adpt+mini_l6-dj_adpt+gte_base-dj_adpt+gtr_t5-dj_adpt+mpnet-dj_adpt+kalm_instruct_v2_5-dj_adpt+qwen3_06b-dj_adpt+qwen3_4b-dj_adpt+kalm_gemma3_12b-dj_adpt+llama_nemotron_8b-dj_adpt+qwen3_8b-dj_adpt,3.6867146492004395,6.868938446044922,0.944019615650177,0.6706523299217224,0.9987530708312988,0.11652018874883652,0.41391921043395996,0.026958473026752472,3.302656888961792,0.0169824305921793,0.06018965691328049,0.20439061522483826,0.013501213863492012,0.8863072991371155,0.5949772596359253,0.9734936356544495,122.0,36.91717529296875,403.79705810546875,0.001029064878821373,0.28758424520492554,9.804735782381613e-06,0.01836806908249855,0.4020456075668335,-0.021825194358825684,198.10140991210938,0.4895315170288086,0.1949911266565323,0.5266816020011902,0.34904831647872925,0.3046630322933197
v2v,distilroberta-dj_adpt+mini_l12-dj_adpt+mini_l6-dj_adpt+gte_base-dj_adpt+gtr_t5-dj_adpt+mpnet-dj_adpt+kalm_instruct_v2_5-dj_adpt+qwen3_06b-dj_adpt+qwen3_4b-dj_adpt+kalm_gemma3_12b-dj_adpt+llama_nemotron_8b-dj_adpt+qwen3_8b-dj_adpt,3.5903990268707275,6.813717842102051,0.9541731476783752,0.8348300457000732,0.9991477727890015,0.10351879149675369,0.2802586257457733,0.026439011096954346,4.707790851593018,0.012785863131284714,0.051783133298158646,0.13131791353225708,0.012537162750959396,0.8970435857772827,0.7235479354858398,0.9723263382911682,123.0,48.37428283691406,768.5198364257812,0.0007701045833528042,0.14241209626197815,3.893057510140352e-06,0.0895155668258667,0.2715841829776764,0.018753839656710625,387.28692626953125,0.41914495825767517,0.2911379337310791,0.4848608076572418,0.34621113538742065,0.3049167990684509
v2v,distilroberta-dj_adpt+mini_l12-dj_adpt+mini_l6-dj_adpt+gte_base-dj_adpt+gtr_t5-dj_adpt+mpnet-dj_adpt+kalm_instruct_v2_5-dj_adpt+qwen3_06b-dj_adpt+qwen3_4b-dj_adpt+kalm_gemma3_12b-dj_adpt+llama_nemotron_8b-dj_adpt+qwen3_8b-dj_adpt,3.738478899002075,6.780263900756836,0.9448145031929016,0.6534849405288696,0.9984055161476135,0.1118198037147522,0.42088890075683594,0.025446513667702675,3.3881494998931885,0.016247419640421867,0.06012403964996338,0.21143290400505066,0.013812495395541191,0.8915168642997742,0.5934726595878601,0.9746845960617065,124.0,37.30022048950195,397.82257080078125,0.001618069945834577,0.3138556480407715,3.4604956908879103e-06,-0.01001694705337286,0.4067339599132538,-0.03297428786754608,213.9503936767578,0.519125759601593,0.19449235498905182,0.5378965139389038,0.35336872935295105,0.3069297671318054
v2v,distilroberta-dj_adpt+mini_l12-dj_adpt+mini_l6-dj_adpt+gte_base-dj_adpt+gtr_t5-dj_adpt+mpnet-dj_adpt+kalm_instruct_v2_5-dj_adpt+qwen3_06b-dj_adpt+qwen3_4b-dj_adpt+kalm_gemma3_12b-dj_adpt+llama_nemotron_8b-dj_adpt+qwen3_8b-dj_adpt,3.7708115577697754,6.721578121185303,0.9470804929733276,0.7399562001228333,0.9991340041160583,0.11660903692245483,0.36358457803726196,0.019840020686388016,3.5287282466888428,0.01461950782686472,0.057764023542404175,0.17451606690883636,0.011192736215889454,0.8811376690864563,0.6430070996284485,0.9800102114677429,125.0,40.86579895019531,527.2877197265625,0.0025425986386835575,0.22407053411006927,5.767492439190391e-07,0.07039588689804077,0.3512377440929413,-0.0009089212398976088,258.17510986328125,0.43865376710891724,0.2310076206922531,0.5043278932571411,0.34915807843208313,0.3122715950012207
v2v,distilroberta-dj_adpt+mini_l12-dj_adpt+mini_l6-dj_adpt+gte_base-dj_adpt+gtr_t5-dj_adpt+mpnet-dj_adpt+kalm_instruct_v2_5-dj_adpt+qwen3_06b-dj_adpt+qwen3_4b-dj_adpt+kalm_gemma3_12b-dj_adpt+llama_nemotron_8b-dj_adpt+qwen3_8b-dj_adpt,3.6297056674957275,6.7773637771606445,0.9472410678863525,0.7763458490371704,0.9990939497947693,0.1142130196094513,0.32051852345466614,0.019699832424521446,4.465784549713135,0.013460766524076462,0.057726163417100906,0.1559309959411621,0.011081130243837833,0.8839708566665649,0.6896132230758667,0.9802004098892212,126.0,46.87543869018555,686.741455078125,0.0022382198367267847,0.18938487768173218,7.209365548987989e-07,0.06417429447174072,0.29602473974227905,0.0003099130990449339,349.78546142578125,0.4446409046649933,0.27614524960517883,0.5030224323272705,0.3335159718990326,0.30519863963127136
v2v,distilroberta-dj_adpt+mini_l12-dj_adpt+mini_l6-dj_adpt+gte_base-dj_adpt+gtr_t5-dj_adpt+mpnet-dj_adpt+kalm_instruct_v2_5-dj_adpt+qwen3_06b-dj_adpt+qwen3_4b-dj_adpt+kalm_gemma3_12b-dj_adpt+llama_nemotron_8b-dj_adpt+qwen3_8b-dj_adpt,3.7415919303894043,6.78712272644043,0.9406242370605469,0.6468724608421326,0.9990541338920593,0.1215641126036644,0.4281221628189087,0.022735415026545525,3.364020586013794,0.01748843491077423,0.06294354796409607,0.214291512966156,0.012199225835502148,0.8817430138587952,0.5838421583175659,0.9775521755218506,127.0,36.234153747558594,379.8294677734375,0.001971473451703787,0.3127266764640808,7.497739716200158e-06,0.005315953865647316,0.4130336344242096,-0.027205338701605797,193.9176788330078,0.5035598278045654,0.18824882805347443,0.5314670205116272,0.3536410927772522,0.30457058548927307
v2v,distilroberta-dj_adpt+mini_l12-dj_adpt+mini_l6-dj_adpt+gte_base-dj_adpt+gtr_t5-dj_adpt+mpnet-dj_adpt+kalm_instruct_v2_5-dj_adpt+qwen3_06b-dj_adpt+qwen3_4b-dj_adpt+kalm_gemma3_12b-dj_adpt+llama_nemotron_8b-dj_adpt+qwen3_8b-dj_adpt,3.787583351135254,6.687731742858887,0.9482826590538025,0.8274034261703491,0.9992885589599609,0.10494058579206467,0.2880527675151825,0.021519947797060013,4.282744884490967,0.011649915017187595,0.055722448974847794,0.13447698950767517,0.011266591027379036,0.8976508378982544,0.7147514224052429,0.9782356023788452,128.0,48.12968444824219,752.0206909179688,0.004626249894499779,0.14534743130207062,3.027934099009144e-06,0.09040609002113342,0.2742576599121094,0.014982708729803562,379.0538024902344,0.4192390441894531,0.28898975253105164,0.4883101284503937,0.3685576021671295,0.3084668815135956
v2v,distilroberta-dj_adpt+mini_l12-dj_adpt+mini_l6-dj_adpt+gte_base-dj_adpt+gtr_t5-dj_adpt+mpnet-dj_adpt+kalm_instruct_v2_5-dj_adpt+qwen3_06b-dj_adpt+qwen3_4b-dj_adpt+kalm_gemma3_12b-dj_adpt+llama_nemotron_8b-dj_adpt+qwen3_8b-dj_adpt,3.864435911178589,6.642053127288818,0.9426887035369873,0.6825850009918213,0.9985795617103577,0.11607726663351059,0.39901602268218994,0.022299423813819885,3.804318904876709,0.016245795413851738,0.06138687580823898,0.19913527369499207,0.012062139809131622,0.8856493234634399,0.6168086528778076,0.9782591462135315,129.0,39.156333923339844,446.513916015625,0.0026004184037446976,0.28321269154548645,1.7302478454439552e-06,0.014260809868574142,0.3826659321784973,-0.02059115469455719,245.52484130859375,0.495078444480896,0.21166667342185974,0.524588406085968,0.3720386326313019,0.30439385771751404
v2v,distilroberta-dj_adpt+mini_l12-dj_adpt+mini_l6-dj_adpt+gte_base-dj_adpt+gtr_t5-dj_adpt+mpnet-dj_adpt+kalm_instruct_v2_5-dj_adpt+qwen3_06b-dj_adpt+qwen3_4b-dj_adpt+kalm_gemma3_12b-dj_adpt+llama_nemotron_8b-dj_adpt+qwen3_8b-dj_adpt,3.9495699405670166,6.6813812255859375,0.9485183358192444,0.6920925378799438,0.9989532828330994,0.11100025475025177,0.4019366204738617,0.0218247938901186,3.086447238922119,0.014699411578476429,0.056649111211299896,0.1961648166179657,0.011335976421833038,0.8893071413040161,0.6058169603347778,0.9777044653892517,130.0,37.56257247924805,437.22119140625,0.0006683082901872694,0.2723289132118225,5.767492439190391e-07,0.04025677591562271,0.3908395767211914,-0.011961777694523335,223.00318908691406,0.4672686755657196,0.20267148315906525,0.5154526829719543,0.37373700737953186,0.30565452575683594
v2v,distilroberta-dj_adpt+mini_l12-dj_adpt+mini_l6-dj_adpt+gte_base-dj_adpt+gtr_t5-dj_adpt+mpnet-dj_adpt+kalm_instruct_v2_5-dj_adpt+qwen3_06b-dj_adpt+qwen3_4b-dj_adpt+kalm_gemma3_12b-dj_adpt+llama_nemotron_8b-dj_adpt+qwen3_8b-dj_adpt,3.8115265369415283,6.755655288696289,0.9518987536430359,0.8064999580383301,0.9990585446357727,0.10837103426456451,0.29833078384399414,0.020463746041059494,4.6084113121032715,0.012544984929263592,0.05372593179345131,0.14362405240535736,0.010923539288341999,0.889916181564331,0.7085210084915161,0.9787449240684509,131.0,47.36436462402344,722.4486694335938,0.0008286445518024266,0.16948704421520233,2.8837462195951957e-07,0.0820070281624794,0.2859576344490051,0.007832204923033714,387.20953369140625,0.4267217814922333,0.28198885917663574,0.4952642619609833,0.3510154187679291,0.2976236343383789
v2v,distilroberta-dj_adpt+mini_l12-dj_adpt+mini_l6-dj_adpt+gte_base-dj_adpt+gtr_t5-dj_adpt+mpnet-dj_adpt+kalm_instruct_v2_5-dj_adpt+qwen3_06b-dj_adpt+qwen3_4b-dj_adpt+kalm_gemma3_12b-dj_adpt+llama_nemotron_8b-dj_adpt+qwen3_8b-dj_adpt,3.8421239852905273,6.73984956741333,0.9425413012504578,0.6472062468528748,0.9990401268005371,0.11506282538175583,0.42709439992904663,0.02356485277414322,3.2618472576141357,0.016891617327928543,0.06186258792877197,0.2138443887233734,0.013227500952780247,0.8879804015159607,0.5857726335525513,0.9773491621017456,132.0,36.636268615722656,384.8390808105469,0.0012939369771629572,0.3140517771244049,4.469806754059391e-06,-0.01039840281009674,0.41272103786468506,-0.03503165394067764,196.05067443847656,0.5189566612243652,0.18923503160476685,0.5407924056053162,0.36310461163520813,0.30300450325012207
v2v,distilroberta-dj_adpt+mini_l12-dj_adpt+mini_l6-dj_adpt+gte_base-dj_adpt+gtr_t5-dj_adpt+mpnet-dj_adpt+kalm_instruct_v2_5-dj_adpt+qwen3_06b-dj_adpt+qwen3_4b-dj_adpt+kalm_gemma3_12b-dj_adpt+llama_nemotron_8b-dj_adpt+qwen3_8b-dj_adpt,3.7330117225646973,6.715908050537109,0.9555246829986572,0.7832460403442383,0.9991284608840942,0.09459786117076874,0.3273366689682007,0.020467931404709816,3.848968982696533,0.012775071896612644,0.05112550035119057,0.15524768829345703,0.011148680932819843,0.9078469276428223,0.67689448595047,0.9789968729019165,133.0,44.242069244384766,650.274658203125,0.0007190618198364973,0.18088951706886292,2.5953722797567025e-06,0.07034085690975189,0.31508687138557434,0.008766197599470615,323.10076904296875,0.43760666251182556,0.25750666856765747,0.49432075023651123,0.39796140789985657,0.3243338465690613
v2v,distilroberta-dj_adpt+mini_l12-dj_adpt+mini_l6-dj_adpt+gte_base-dj_adpt+gtr_t5-dj_adpt+mpnet-dj_adpt+kalm_instruct_v2_5-dj_adpt+qwen3_06b-dj_adpt+qwen3_4b-dj_adpt+kalm_gemma3_12b-dj_adpt+llama_nemotron_8b-dj_adpt+qwen3_8b-dj_adpt,3.7291746139526367,6.756308078765869,0.9512903094291687,0.7242887616157532,0.9991230368614197,0.10424928367137909,0.3648313283920288,0.02211831323802471,3.961071729660034,0.013997809030115604,0.055029574781656265,0.1799057126045227,0.01209058053791523,0.8972520232200623,0.648362934589386,0.9784386157989502,134.0,42.235591888427734,556.8050537109375,0.0012464990140870214,0.2452651709318161,5.479118044604547e-06,0.0241389200091362,0.34899377822875977,-0.014436488971114159,303.2056884765625,0.4841105043888092,0.23639430105686188,0.5187572836875916,0.37901759147644043,0.31365466117858887
v2v,distilroberta-dj_adpt+mini_l12-dj_adpt+mini_l6-dj_adpt+gte_base-dj_adpt+gtr_t5-dj_adpt+mpnet-dj_adpt+kalm_instruct_v2_5-dj_adpt+qwen3_06b-dj_adpt+qwen3_4b-dj_adpt+kalm_gemma3_12b-dj_adpt+llama_nemotron_8b-dj_adpt+qwen3_8b-dj_adpt,3.7104756832122803,6.814312934875488,0.9458274841308594,0.6559265851974487,0.9989809393882751,0.11790235340595245,0.4251539707183838,0.023040292784571648,3.234921932220459,0.01686021126806736,0.060107894241809845,0.2109661102294922,0.012756284326314926,0.8831678032875061,0.5848826169967651,0.9773963689804077,135.0,36.10538101196289,385.4687194824219,0.00191451923456043,0.3059755563735962,4.181431904726196e-06,0.011377384886145592,0.41221344470977783,-0.02226932905614376,195.24107360839844,0.4977400004863739,0.1881423443555832,0.5268587470054626,0.3673676550388336,0.3110480308532715
v2v,distilroberta-dj_adpt+mini_l12-dj_adpt+mini_l6-dj_adpt+gte_base-dj_adpt+gtr_t5-dj_adpt+mpnet-dj_adpt+kalm_instruct_v2_5-dj_adpt+qwen3_06b-dj_adpt+qwen3_4b-dj_adpt+kalm_gemma3_12b-dj_adpt+llama_nemotron_8b-dj_adpt+qwen3_8b-dj_adpt,3.6354970932006836,6.8498406410217285,0.9549386501312256,0.819379448890686,0.9993596076965332,0.10948285460472107,0.2936667501926422,0.018817635253071785,4.503525257110596,0.011623565107584,0.05302942171692848,0.13829238712787628,0.010902101173996925,0.8877827525138855,0.7105077505111694,0.9805956482887268,136.0,47.6739501953125,727.838623046875,0.002680586650967598,0.1507207751274109,0.0,0.09464919567108154,0.2785719633102417,0.01149710826575756,397.9403076171875,0.415536493062973,0.2855611741542816,0.49172553420066833,0.3257056474685669,0.2989930808544159
v2v,distilroberta-dj_adpt+mini_l12-dj_adpt+mini_l6-dj_adpt+gte_base-dj_adpt+gtr_t5-dj_adpt+mpnet-dj_adpt+kalm_instruct_v2_5-dj_adpt+qwen3_06b-dj_adpt+qwen3_4b-dj_adpt+kalm_gemma3_12b-dj_adpt+llama_nemotron_8b-dj_adpt+qwen3_8b-dj_adpt,3.7055511474609375,6.7841796875,0.949733316898346,0.6800039410591125,0.9991974830627441,0.1142578125,0.398681640625,0.02219390869140625,3.6442482471466064,0.014970227144658566,0.056189414113759995,0.20062610507011414,0.011227885261178017,0.8848876953125,0.615478515625,0.977783203125,137.0,38.6949348449707,437.2184753417969,0.0007677945541217923,0.28758329153060913,0.0,0.040470123291015625,0.38433837890625,-0.017034530639648438,254.56834411621094,0.46623751521110535,0.2109086960554123,0.5205795764923096,0.3247470557689667,0.29443359375
