2026-04-20 11:57:58 | DEBUG    | fedaugment.utils.misc:107 | Experiment setup complete (redirected 680 loggers)
2026-04-20 11:57:58 | DEBUG    | fedaugment.utils.misc:110 | Set PYTORCH_ALLOC_CONF to 'expandable_segments:True'
2026-04-20 11:57:58 | INFO     | __main__:48 | Evaluating fft_euc-mpnet-dj_adpt-k=12609-pca=0.9 on webtable 001
2026-04-20 11:57:58 | DEBUG    | fedaugment.projections.main:72 | Experiment configuration: {"experiment_name":"webtable_fft_euc-mpnet-dj_adpt-k=12609-pca=0.9","experiment_group":"curation","experiment_version":1,"seed":42,"data_module":{"class_":"DefaultDataModule","data":{"train":["data/embeddings/webtable/sample-001/fft_euc-mpnet-dj_adpt-k=12609-pca=0.9/distilroberta-dj_adpt.fa","data/embeddings/webtable/sample-001/fft_euc-mpnet-dj_adpt-k=12609-pca=0.9/mini_l12-dj_adpt.fa","data/embeddings/webtable/sample-001/fft_euc-mpnet-dj_adpt-k=12609-pca=0.9/mini_l6-dj_adpt.fa","data/embeddings/webtable/sample-001/fft_euc-mpnet-dj_adpt-k=12609-pca=0.9/gte_base-dj_adpt.fa","data/embeddings/webtable/sample-001/fft_euc-mpnet-dj_adpt-k=12609-pca=0.9/gtr_t5-dj_adpt.fa","data/embeddings/webtable/sample-001/fft_euc-mpnet-dj_adpt-k=12609-pca=0.9/mpnet-dj_adpt.fa"],"val":null,"test":["data/embeddings/webtable/split/test/distilroberta-dj_adpt.fa","data/embeddings/webtable/split/test/mini_l12-dj_adpt.fa","data/embeddings/webtable/split/test/mini_l6-dj_adpt.fa","data/embeddings/webtable/split/test/gte_base-dj_adpt.fa","data/embeddings/webtable/split/test/gtr_t5-dj_adpt.fa","data/embeddings/webtable/split/test/mpnet-dj_adpt.fa"]},"mmap_mode":"r+","batch_size":4096,"num_workers":32,"pin_memory":true,"persistent_workers":true,"prefetch_factor":5,"verify_column_ids":true},"projection_model":{"class_":"ContrastiveLearningModel","module_kwargs":{"model_type":"projection_head","out_dim":1024,"hidden_dims":[1024,1536,1536],"activation":"silu","normalization":"batch","dropout":0.0,"no_val_orchestrator":true,"no_test_orchestrator":false},"criterion":{"class_":"MultiViewNTXentLoss","kwargs":{"temperature":0.1}},"optimizers":[{"class_":"AdamW","kwargs":{"lr":0.001,"weight_decay":0.01}}],"schedulers":[{"class_":"OneCycleLR","interval":"epoch","frequency":1,"monitor":null,"kwargs":{"max_lr":0.003,"total_steps":null,"pct_start":0.1,"anneal_strategy":"cos","div_factor":10.0,"final_div_factor":1000.0}}],"metric_batch_size":65536},"trainer":{"max_epochs":250,"accelerator":"gpu","check_val_every_n_epoch":1,"devices":"auto","deterministic":false,"enable_checkpointing":true,"enable_model_summary":true,"enable_progress_bar":true,"log_every_n_steps":50,"patience":null,"max_time":"00:24:00:00","num_sanity_val_steps":2,"precision":"bf16-mixed","profiler":null},"compile_model":true}
2026-04-20 11:57:58 | INFO     | lightning.fabric.utilities.seed:57 | Seed set to 42
2026-04-20 11:58:01 | INFO     | fedaugment.projections.main:83 | Compiling projection model...
2026-04-20 11:58:01 | INFO     | fedaugment.projections.main:85 | Projection model compiled
2026-04-20 11:58:01 | INFO     | fedaugment.projections.main:87 | Initializing trainer...
2026-04-20 11:58:01 | INFO     | lightning_utilities.core.rank_zero:60 | Using bfloat16 Automatic Mixed Precision (AMP)
2026-04-20 11:58:01 | INFO     | lightning_utilities.core.rank_zero:60 | GPU available: True (cuda), used: True
2026-04-20 11:58:01 | INFO     | lightning_utilities.core.rank_zero:60 | TPU available: False, using: 0 TPU cores
2026-04-20 11:58:01 | INFO     | fedaugment.projections.main:148 | Trainer initialized
2026-04-20 11:58:01 | INFO     | fedaugment.projections.main:158 | Starting training phase...
2026-04-20 11:58:02 | INFO     | lightning.pytorch.accelerators.cuda:61 | LOCAL_RANK: 0 - CUDA_VISIBLE_DEVICES: [0]
2026-04-20 11:58:02 | INFO     | lightning_utilities.core.rank_zero:60 | Loading `train_dataloader` to estimate number of stepping batches.
2026-04-20 11:58:02 | WARNING  | fedaugment.utils.misc:103 | PossibleUserWarning: The number of training batches (4) is smaller than the logging interval Trainer(log_every_n_steps=50). Set a lower value for log_every_n_steps if you want to see logs for the training epoch. (/home/lennart-ldap/projects/fedaugment/.venv/lib/python3.13/site-packages/lightning/pytorch/loops/fit_loop.py:317)
2026-04-20 11:58:02 | INFO     | fedaugment.projections.models.projection_model:123 | Setting OneCycleLR total_steps to trainer.estimated_stepping_batches=1000.
2026-04-20 11:58:02 | WARNING  | fedaugment.projections.models.projection_model:134 | OneCycleLR requires interval='step'. Overriding configured interval='epoch' to 'step'.
2026-04-20 11:58:02 | WARNING  | fedaugment.utils.misc:103 | UserWarning: Precision bf16-mixed is not supported by the model summary.  Estimated model size in MB will not be accurate. Using 32 bits instead. (/home/lennart-ldap/projects/fedaugment/.venv/lib/python3.13/site-packages/lightning/pytorch/utilities/model_summary/model_summary.py:242)
2026-04-20 11:58:02 | INFO     | lightning.pytorch.callbacks.model_summary:110 |
  | Name              | Type                         | Params | Mode  | FLOPs
-----------------------------------------------------------------------------------
0 | criterion         | MultiViewNTXentLoss          | 0      | train | 0
1 | val_metrics       | MetricCollection             | 0      | train | 0
2 | test_metrics      | MetricCollection             | 0      | train | 0
3 | val_orchestrator  | CosineSimilarityOrchestrator | 0      | train | 0
4 | test_orchestrator | CosineSimilarityOrchestrator | 0      | train | 0
5 | projection_heads  | ModuleList                   | 37.0 M | train | 0
-----------------------------------------------------------------------------------
37.0 M    Trainable params
0         Non-trainable params
37.0 M    Total params
148.120   Total estimated model params size (MB)
89        Modules in train mode
0         Modules in eval mode
0         Total Flops
2026-04-20 11:58:02 | INFO     | fedaugment.utils.logger:38 | {'module_kwargs': CLModuleConfig(model_type='projection_head', out_dim=1024, hidden_dims=[1024, 1536, 1536], activation='silu', normalization='batch', dropout=0.0, no_val_orchestrator=True, no_test_orchestrator=False), 'criterion': CriterionConfig(class_='MultiViewNTXentLoss', kwargs={'temperature': 0.1}), 'optim_configs': [OptimizerConfig(class_='AdamW', kwargs={'lr': 0.001, 'weight_decay': 0.01})], 'sched_configs': [LRSchedulerConfig(class_='OneCycleLR', interval='epoch', frequency=1, monitor=None, kwargs={'max_lr': 0.003, 'total_steps': None, 'pct_start': 0.1, 'anneal_strategy': 'cos', 'div_factor': 10.0, 'final_div_factor': 1000.0})], 'pipeline_names': ['distilroberta-dj_adpt', 'mini_l12-dj_adpt', 'mini_l6-dj_adpt', 'gte_base-dj_adpt', 'gtr_t5-dj_adpt', 'mpnet-dj_adpt'], 'embedding_dims': [768, 384, 384, 768, 768, 768], 'data_batch_size': 4096, 'metric_batch_size': 65536}
2026-04-20 11:58:52 | INFO     | fedaugment.utils.logger:44 | Epoch 0: train_loss: 9.43010
2026-04-20 11:58:56 | INFO     | fedaugment.utils.logger:44 | Epoch 1: train_loss: 7.14789
2026-04-20 11:59:00 | INFO     | fedaugment.utils.logger:44 | Epoch 2: train_loss: 5.99327
2026-04-20 11:59:03 | INFO     | fedaugment.utils.logger:44 | Epoch 3: train_loss: 5.35782
2026-04-20 11:59:07 | INFO     | fedaugment.utils.logger:44 | Epoch 4: train_loss: 4.96114
2026-04-20 11:59:11 | INFO     | fedaugment.utils.logger:44 | Epoch 5: train_loss: 4.67386
2026-04-20 11:59:15 | INFO     | fedaugment.utils.logger:44 | Epoch 6: train_loss: 4.45215
2026-04-20 11:59:19 | INFO     | fedaugment.utils.logger:44 | Epoch 7: train_loss: 4.26746
2026-04-20 11:59:23 | INFO     | fedaugment.utils.logger:44 | Epoch 8: train_loss: 4.10035
2026-04-20 11:59:26 | INFO     | fedaugment.utils.logger:44 | Epoch 9: train_loss: 3.95791
2026-04-20 11:59:30 | INFO     | fedaugment.utils.logger:44 | Epoch 10: train_loss: 3.82999
2026-04-20 11:59:33 | INFO     | fedaugment.utils.logger:44 | Epoch 11: train_loss: 3.71192
2026-04-20 11:59:37 | INFO     | fedaugment.utils.logger:44 | Epoch 12: train_loss: 3.60764
2026-04-20 11:59:41 | INFO     | fedaugment.utils.logger:44 | Epoch 13: train_loss: 3.50699
2026-04-20 11:59:44 | INFO     | fedaugment.utils.logger:44 | Epoch 14: train_loss: 3.42397
2026-04-20 11:59:48 | INFO     | fedaugment.utils.logger:44 | Epoch 15: train_loss: 3.37962
2026-04-20 11:59:52 | INFO     | fedaugment.utils.logger:44 | Epoch 16: train_loss: 3.32545
2026-04-20 11:59:56 | INFO     | fedaugment.utils.logger:44 | Epoch 17: train_loss: 3.29687
2026-04-20 11:59:59 | INFO     | fedaugment.utils.logger:44 | Epoch 18: train_loss: 3.26748
2026-04-20 12:00:03 | INFO     | fedaugment.utils.logger:44 | Epoch 19: train_loss: 3.24198
2026-04-20 12:00:07 | INFO     | fedaugment.utils.logger:44 | Epoch 20: train_loss: 3.20948
2026-04-20 12:00:11 | INFO     | fedaugment.utils.logger:44 | Epoch 21: train_loss: 3.18810
2026-04-20 12:00:15 | INFO     | fedaugment.utils.logger:44 | Epoch 22: train_loss: 3.17810
2026-04-20 12:00:19 | INFO     | fedaugment.utils.logger:44 | Epoch 23: train_loss: 3.12925
2026-04-20 12:00:22 | INFO     | fedaugment.utils.logger:44 | Epoch 24: train_loss: 3.07057
2026-04-20 12:00:26 | INFO     | fedaugment.utils.logger:44 | Epoch 25: train_loss: 3.00600
2026-04-20 12:00:31 | INFO     | fedaugment.utils.logger:44 | Epoch 26: train_loss: 2.95214
2026-04-20 12:00:34 | INFO     | fedaugment.utils.logger:44 | Epoch 27: train_loss: 2.90219
2026-04-20 12:00:38 | INFO     | fedaugment.utils.logger:44 | Epoch 28: train_loss: 2.84469
2026-04-20 12:00:42 | INFO     | fedaugment.utils.logger:44 | Epoch 29: train_loss: 2.80811
2026-04-20 12:00:46 | INFO     | fedaugment.utils.logger:44 | Epoch 30: train_loss: 2.77613
2026-04-20 12:00:50 | INFO     | fedaugment.utils.logger:44 | Epoch 31: train_loss: 2.74980
2026-04-20 12:00:53 | INFO     | fedaugment.utils.logger:44 | Epoch 32: train_loss: 2.72479
2026-04-20 12:00:57 | INFO     | fedaugment.utils.logger:44 | Epoch 33: train_loss: 2.70988
2026-04-20 12:01:01 | INFO     | fedaugment.utils.logger:44 | Epoch 34: train_loss: 2.68807
2026-04-20 12:01:04 | INFO     | fedaugment.utils.logger:44 | Epoch 35: train_loss: 2.65155
2026-04-20 12:01:08 | INFO     | fedaugment.utils.logger:44 | Epoch 36: train_loss: 2.62483
2026-04-20 12:01:12 | INFO     | fedaugment.utils.logger:44 | Epoch 37: train_loss: 2.59652
2026-04-20 12:01:15 | INFO     | fedaugment.utils.logger:44 | Epoch 38: train_loss: 2.57316
2026-04-20 12:01:19 | INFO     | fedaugment.utils.logger:44 | Epoch 39: train_loss: 2.55476
2026-04-20 12:01:23 | INFO     | fedaugment.utils.logger:44 | Epoch 40: train_loss: 2.53300
2026-04-20 12:01:26 | INFO     | fedaugment.utils.logger:44 | Epoch 41: train_loss: 2.51579
2026-04-20 12:01:30 | INFO     | fedaugment.utils.logger:44 | Epoch 42: train_loss: 2.50302
2026-04-20 12:01:34 | INFO     | fedaugment.utils.logger:44 | Epoch 43: train_loss: 2.48888
2026-04-20 12:01:37 | INFO     | fedaugment.utils.logger:44 | Epoch 44: train_loss: 2.47646
2026-04-20 12:01:41 | INFO     | fedaugment.utils.logger:44 | Epoch 45: train_loss: 2.46481
2026-04-20 12:01:44 | INFO     | fedaugment.utils.logger:44 | Epoch 46: train_loss: 2.45171
2026-04-20 12:01:48 | INFO     | fedaugment.utils.logger:44 | Epoch 47: train_loss: 2.44387
2026-04-20 12:01:51 | INFO     | fedaugment.utils.logger:44 | Epoch 48: train_loss: 2.43308
2026-04-20 12:01:55 | INFO     | fedaugment.utils.logger:44 | Epoch 49: train_loss: 2.42143
2026-04-20 12:01:59 | INFO     | fedaugment.utils.logger:44 | Epoch 50: train_loss: 2.41380
2026-04-20 12:02:02 | INFO     | fedaugment.utils.logger:44 | Epoch 51: train_loss: 2.40385
2026-04-20 12:02:06 | INFO     | fedaugment.utils.logger:44 | Epoch 52: train_loss: 2.39690
2026-04-20 12:02:09 | INFO     | fedaugment.utils.logger:44 | Epoch 53: train_loss: 2.38946
2026-04-20 12:02:13 | INFO     | fedaugment.utils.logger:44 | Epoch 54: train_loss: 2.38392
2026-04-20 12:02:17 | INFO     | fedaugment.utils.logger:44 | Epoch 55: train_loss: 2.37766
2026-04-20 12:02:20 | INFO     | fedaugment.utils.logger:44 | Epoch 56: train_loss: 2.37012
2026-04-20 12:02:24 | INFO     | fedaugment.utils.logger:44 | Epoch 57: train_loss: 2.36207
2026-04-20 12:02:28 | INFO     | fedaugment.utils.logger:44 | Epoch 58: train_loss: 2.35477
2026-04-20 12:02:32 | INFO     | fedaugment.utils.logger:44 | Epoch 59: train_loss: 2.34703
2026-04-20 12:02:35 | INFO     | fedaugment.utils.logger:44 | Epoch 60: train_loss: 2.33873
2026-04-20 12:02:39 | INFO     | fedaugment.utils.logger:44 | Epoch 61: train_loss: 2.33152
2026-04-20 12:02:43 | INFO     | fedaugment.utils.logger:44 | Epoch 62: train_loss: 2.32588
2026-04-20 12:02:47 | INFO     | fedaugment.utils.logger:44 | Epoch 63: train_loss: 2.31972
2026-04-20 12:02:51 | INFO     | fedaugment.utils.logger:44 | Epoch 64: train_loss: 2.31687
2026-04-20 12:02:54 | INFO     | fedaugment.utils.logger:44 | Epoch 65: train_loss: 2.30922
2026-04-20 12:02:58 | INFO     | fedaugment.utils.logger:44 | Epoch 66: train_loss: 2.30451
2026-04-20 12:03:01 | INFO     | fedaugment.utils.logger:44 | Epoch 67: train_loss: 2.30090
2026-04-20 12:03:06 | INFO     | fedaugment.utils.logger:44 | Epoch 68: train_loss: 2.29603
2026-04-20 12:03:09 | INFO     | fedaugment.utils.logger:44 | Epoch 69: train_loss: 2.29079
2026-04-20 12:03:13 | INFO     | fedaugment.utils.logger:44 | Epoch 70: train_loss: 2.28651
2026-04-20 12:03:17 | INFO     | fedaugment.utils.logger:44 | Epoch 71: train_loss: 2.28360
2026-04-20 12:03:21 | INFO     | fedaugment.utils.logger:44 | Epoch 72: train_loss: 2.28046
2026-04-20 12:03:24 | INFO     | fedaugment.utils.logger:44 | Epoch 73: train_loss: 2.27637
2026-04-20 12:03:28 | INFO     | fedaugment.utils.logger:44 | Epoch 74: train_loss: 2.27075
2026-04-20 12:03:32 | INFO     | fedaugment.utils.logger:44 | Epoch 75: train_loss: 2.26491
2026-04-20 12:03:36 | INFO     | fedaugment.utils.logger:44 | Epoch 76: train_loss: 2.25988
2026-04-20 12:03:39 | INFO     | fedaugment.utils.logger:44 | Epoch 77: train_loss: 2.25502
2026-04-20 12:03:43 | INFO     | fedaugment.utils.logger:44 | Epoch 78: train_loss: 2.25145
2026-04-20 12:03:47 | INFO     | fedaugment.utils.logger:44 | Epoch 79: train_loss: 2.24890
2026-04-20 12:03:50 | INFO     | fedaugment.utils.logger:44 | Epoch 80: train_loss: 2.24514
2026-04-20 12:03:54 | INFO     | fedaugment.utils.logger:44 | Epoch 81: train_loss: 2.24206
2026-04-20 12:03:58 | INFO     | fedaugment.utils.logger:44 | Epoch 82: train_loss: 2.23764
2026-04-20 12:04:02 | INFO     | fedaugment.utils.logger:44 | Epoch 83: train_loss: 2.23527
2026-04-20 12:04:06 | INFO     | fedaugment.utils.logger:44 | Epoch 84: train_loss: 2.23159
2026-04-20 12:04:10 | INFO     | fedaugment.utils.logger:44 | Epoch 85: train_loss: 2.22822
2026-04-20 12:04:13 | INFO     | fedaugment.utils.logger:44 | Epoch 86: train_loss: 2.22590
2026-04-20 12:04:17 | INFO     | fedaugment.utils.logger:44 | Epoch 87: train_loss: 2.22322
2026-04-20 12:04:20 | INFO     | fedaugment.utils.logger:44 | Epoch 88: train_loss: 2.22131
2026-04-20 12:04:24 | INFO     | fedaugment.utils.logger:44 | Epoch 89: train_loss: 2.22063
2026-04-20 12:04:28 | INFO     | fedaugment.utils.logger:44 | Epoch 90: train_loss: 2.21805
2026-04-20 12:04:32 | INFO     | fedaugment.utils.logger:44 | Epoch 91: train_loss: 2.21459
2026-04-20 12:04:36 | INFO     | fedaugment.utils.logger:44 | Epoch 92: train_loss: 2.21111
2026-04-20 12:04:40 | INFO     | fedaugment.utils.logger:44 | Epoch 93: train_loss: 2.20690
2026-04-20 12:04:44 | INFO     | fedaugment.utils.logger:44 | Epoch 94: train_loss: 2.20265
2026-04-20 12:04:47 | INFO     | fedaugment.utils.logger:44 | Epoch 95: train_loss: 2.19939
2026-04-20 12:04:51 | INFO     | fedaugment.utils.logger:44 | Epoch 96: train_loss: 2.19570
2026-04-20 12:04:55 | INFO     | fedaugment.utils.logger:44 | Epoch 97: train_loss: 2.19162
2026-04-20 12:04:59 | INFO     | fedaugment.utils.logger:44 | Epoch 98: train_loss: 2.18828
2026-04-20 12:05:03 | INFO     | fedaugment.utils.logger:44 | Epoch 99: train_loss: 2.18587
2026-04-20 12:05:07 | INFO     | fedaugment.utils.logger:44 | Epoch 100: train_loss: 2.18392
2026-04-20 12:05:10 | INFO     | fedaugment.utils.logger:44 | Epoch 101: train_loss: 2.18220
2026-04-20 12:05:14 | INFO     | fedaugment.utils.logger:44 | Epoch 102: train_loss: 2.18019
2026-04-20 12:05:18 | INFO     | fedaugment.utils.logger:44 | Epoch 103: train_loss: 2.17784
2026-04-20 12:05:22 | INFO     | fedaugment.utils.logger:44 | Epoch 104: train_loss: 2.17567
2026-04-20 12:05:26 | INFO     | fedaugment.utils.logger:44 | Epoch 105: train_loss: 2.17419
2026-04-20 12:05:30 | INFO     | fedaugment.utils.logger:44 | Epoch 106: train_loss: 2.17278
2026-04-20 12:05:34 | INFO     | fedaugment.utils.logger:44 | Epoch 107: train_loss: 2.17103
2026-04-20 12:05:37 | INFO     | fedaugment.utils.logger:44 | Epoch 108: train_loss: 2.16949
2026-04-20 12:05:41 | INFO     | fedaugment.utils.logger:44 | Epoch 109: train_loss: 2.16709
2026-04-20 12:05:45 | INFO     | fedaugment.utils.logger:44 | Epoch 110: train_loss: 2.16455
2026-04-20 12:05:49 | INFO     | fedaugment.utils.logger:44 | Epoch 111: train_loss: 2.16141
2026-04-20 12:05:53 | INFO     | fedaugment.utils.logger:44 | Epoch 112: train_loss: 2.15830
2026-04-20 12:05:57 | INFO     | fedaugment.utils.logger:44 | Epoch 113: train_loss: 2.15477
2026-04-20 12:06:01 | INFO     | fedaugment.utils.logger:44 | Epoch 114: train_loss: 2.15192
2026-04-20 12:06:04 | INFO     | fedaugment.utils.logger:44 | Epoch 115: train_loss: 2.14918
2026-04-20 12:06:08 | INFO     | fedaugment.utils.logger:44 | Epoch 116: train_loss: 2.14685
2026-04-20 12:06:12 | INFO     | fedaugment.utils.logger:44 | Epoch 117: train_loss: 2.14434
2026-04-20 12:06:16 | INFO     | fedaugment.utils.logger:44 | Epoch 118: train_loss: 2.14251
2026-04-20 12:06:20 | INFO     | fedaugment.utils.logger:44 | Epoch 119: train_loss: 2.14061
2026-04-20 12:06:24 | INFO     | fedaugment.utils.logger:44 | Epoch 120: train_loss: 2.13928
2026-04-20 12:06:27 | INFO     | fedaugment.utils.logger:44 | Epoch 121: train_loss: 2.13804
2026-04-20 12:06:31 | INFO     | fedaugment.utils.logger:44 | Epoch 122: train_loss: 2.13650
2026-04-20 12:06:35 | INFO     | fedaugment.utils.logger:44 | Epoch 123: train_loss: 2.13507
2026-04-20 12:06:39 | INFO     | fedaugment.utils.logger:44 | Epoch 124: train_loss: 2.13323
2026-04-20 12:06:43 | INFO     | fedaugment.utils.logger:44 | Epoch 125: train_loss: 2.13144
2026-04-20 12:06:46 | INFO     | fedaugment.utils.logger:44 | Epoch 126: train_loss: 2.12954
2026-04-20 12:06:50 | INFO     | fedaugment.utils.logger:44 | Epoch 127: train_loss: 2.12760
2026-04-20 12:06:54 | INFO     | fedaugment.utils.logger:44 | Epoch 128: train_loss: 2.12592
2026-04-20 12:06:58 | INFO     | fedaugment.utils.logger:44 | Epoch 129: train_loss: 2.12429
2026-04-20 12:07:01 | INFO     | fedaugment.utils.logger:44 | Epoch 130: train_loss: 2.12231
2026-04-20 12:07:06 | INFO     | fedaugment.utils.logger:44 | Epoch 131: train_loss: 2.12029
2026-04-20 12:07:09 | INFO     | fedaugment.utils.logger:44 | Epoch 132: train_loss: 2.11863
2026-04-20 12:07:13 | INFO     | fedaugment.utils.logger:44 | Epoch 133: train_loss: 2.11679
2026-04-20 12:07:17 | INFO     | fedaugment.utils.logger:44 | Epoch 134: train_loss: 2.11492
2026-04-20 12:07:20 | INFO     | fedaugment.utils.logger:44 | Epoch 135: train_loss: 2.11269
2026-04-20 12:07:24 | INFO     | fedaugment.utils.logger:44 | Epoch 136: train_loss: 2.11091
2026-04-20 12:07:27 | INFO     | fedaugment.utils.logger:44 | Epoch 137: train_loss: 2.10912
2026-04-20 12:07:31 | INFO     | fedaugment.utils.logger:44 | Epoch 138: train_loss: 2.10802
2026-04-20 12:07:35 | INFO     | fedaugment.utils.logger:44 | Epoch 139: train_loss: 2.10667
2026-04-20 12:07:38 | INFO     | fedaugment.utils.logger:44 | Epoch 140: train_loss: 2.10562
2026-04-20 12:07:42 | INFO     | fedaugment.utils.logger:44 | Epoch 141: train_loss: 2.10504
2026-04-20 12:07:46 | INFO     | fedaugment.utils.logger:44 | Epoch 142: train_loss: 2.10385
2026-04-20 12:07:49 | INFO     | fedaugment.utils.logger:44 | Epoch 143: train_loss: 2.10335
2026-04-20 12:07:53 | INFO     | fedaugment.utils.logger:44 | Epoch 144: train_loss: 2.10190
2026-04-20 12:07:57 | INFO     | fedaugment.utils.logger:44 | Epoch 145: train_loss: 2.10043
2026-04-20 12:08:01 | INFO     | fedaugment.utils.logger:44 | Epoch 146: train_loss: 2.09896
2026-04-20 12:08:04 | INFO     | fedaugment.utils.logger:44 | Epoch 147: train_loss: 2.09767
2026-04-20 12:08:09 | INFO     | fedaugment.utils.logger:44 | Epoch 148: train_loss: 2.09683
2026-04-20 12:08:12 | INFO     | fedaugment.utils.logger:44 | Epoch 149: train_loss: 2.09614
2026-04-20 12:08:16 | INFO     | fedaugment.utils.logger:44 | Epoch 150: train_loss: 2.09527
2026-04-20 12:08:19 | INFO     | fedaugment.utils.logger:44 | Epoch 151: train_loss: 2.09423
2026-04-20 12:08:23 | INFO     | fedaugment.utils.logger:44 | Epoch 152: train_loss: 2.09369
2026-04-20 12:08:27 | INFO     | fedaugment.utils.logger:44 | Epoch 153: train_loss: 2.09323
2026-04-20 12:08:30 | INFO     | fedaugment.utils.logger:44 | Epoch 154: train_loss: 2.09253
2026-04-20 12:08:35 | INFO     | fedaugment.utils.logger:44 | Epoch 155: train_loss: 2.09184
2026-04-20 12:08:38 | INFO     | fedaugment.utils.logger:44 | Epoch 156: train_loss: 2.09111
2026-04-20 12:08:42 | INFO     | fedaugment.utils.logger:44 | Epoch 157: train_loss: 2.09053
2026-04-20 12:08:46 | INFO     | fedaugment.utils.logger:44 | Epoch 158: train_loss: 2.08989
2026-04-20 12:08:50 | INFO     | fedaugment.utils.logger:44 | Epoch 159: train_loss: 2.08956
2026-04-20 12:08:53 | INFO     | fedaugment.utils.logger:44 | Epoch 160: train_loss: 2.08914
2026-04-20 12:08:57 | INFO     | fedaugment.utils.logger:44 | Epoch 161: train_loss: 2.08852
2026-04-20 12:09:01 | INFO     | fedaugment.utils.logger:44 | Epoch 162: train_loss: 2.08810
2026-04-20 12:09:05 | INFO     | fedaugment.utils.logger:44 | Epoch 163: train_loss: 2.08761
2026-04-20 12:09:09 | INFO     | fedaugment.utils.logger:44 | Epoch 164: train_loss: 2.08730
2026-04-20 12:09:12 | INFO     | fedaugment.utils.logger:44 | Epoch 165: train_loss: 2.08685
2026-04-20 12:09:17 | INFO     | fedaugment.utils.logger:44 | Epoch 166: train_loss: 2.08645
2026-04-20 12:09:20 | INFO     | fedaugment.utils.logger:44 | Epoch 167: train_loss: 2.08595
2026-04-20 12:09:24 | INFO     | fedaugment.utils.logger:44 | Epoch 168: train_loss: 2.08561
2026-04-20 12:09:28 | INFO     | fedaugment.utils.logger:44 | Epoch 169: train_loss: 2.08514
2026-04-20 12:09:32 | INFO     | fedaugment.utils.logger:44 | Epoch 170: train_loss: 2.08489
2026-04-20 12:09:36 | INFO     | fedaugment.utils.logger:44 | Epoch 171: train_loss: 2.08467
2026-04-20 12:09:40 | INFO     | fedaugment.utils.logger:44 | Epoch 172: train_loss: 2.08403
2026-04-20 12:09:44 | INFO     | fedaugment.utils.logger:44 | Epoch 173: train_loss: 2.08373
2026-04-20 12:09:47 | INFO     | fedaugment.utils.logger:44 | Epoch 174: train_loss: 2.08337
2026-04-20 12:09:51 | INFO     | fedaugment.utils.logger:44 | Epoch 175: train_loss: 2.08290
2026-04-20 12:09:55 | INFO     | fedaugment.utils.logger:44 | Epoch 176: train_loss: 2.08276
2026-04-20 12:09:59 | INFO     | fedaugment.utils.logger:44 | Epoch 177: train_loss: 2.08227
2026-04-20 12:10:02 | INFO     | fedaugment.utils.logger:44 | Epoch 178: train_loss: 2.08195
2026-04-20 12:10:06 | INFO     | fedaugment.utils.logger:44 | Epoch 179: train_loss: 2.08175
2026-04-20 12:10:10 | INFO     | fedaugment.utils.logger:44 | Epoch 180: train_loss: 2.08146
2026-04-20 12:10:13 | INFO     | fedaugment.utils.logger:44 | Epoch 181: train_loss: 2.08114
2026-04-20 12:10:17 | INFO     | fedaugment.utils.logger:44 | Epoch 182: train_loss: 2.08088
2026-04-20 12:10:21 | INFO     | fedaugment.utils.logger:44 | Epoch 183: train_loss: 2.08047
2026-04-20 12:10:24 | INFO     | fedaugment.utils.logger:44 | Epoch 184: train_loss: 2.08040
2026-04-20 12:10:28 | INFO     | fedaugment.utils.logger:44 | Epoch 185: train_loss: 2.07997
2026-04-20 12:10:31 | INFO     | fedaugment.utils.logger:44 | Epoch 186: train_loss: 2.07993
2026-04-20 12:10:35 | INFO     | fedaugment.utils.logger:44 | Epoch 187: train_loss: 2.07948
2026-04-20 12:10:39 | INFO     | fedaugment.utils.logger:44 | Epoch 188: train_loss: 2.07925
2026-04-20 12:10:43 | INFO     | fedaugment.utils.logger:44 | Epoch 189: train_loss: 2.07908
2026-04-20 12:10:47 | INFO     | fedaugment.utils.logger:44 | Epoch 190: train_loss: 2.07886
2026-04-20 12:10:51 | INFO     | fedaugment.utils.logger:44 | Epoch 191: train_loss: 2.07881
2026-04-20 12:10:54 | INFO     | fedaugment.utils.logger:44 | Epoch 192: train_loss: 2.07852
2026-04-20 12:10:58 | INFO     | fedaugment.utils.logger:44 | Epoch 193: train_loss: 2.07808
2026-04-20 12:11:02 | INFO     | fedaugment.utils.logger:44 | Epoch 194: train_loss: 2.07836
2026-04-20 12:11:06 | INFO     | fedaugment.utils.logger:44 | Epoch 195: train_loss: 2.07803
2026-04-20 12:11:10 | INFO     | fedaugment.utils.logger:44 | Epoch 196: train_loss: 2.07775
2026-04-20 12:11:14 | INFO     | fedaugment.utils.logger:44 | Epoch 197: train_loss: 2.07745
2026-04-20 12:11:17 | INFO     | fedaugment.utils.logger:44 | Epoch 198: train_loss: 2.07728
2026-04-20 12:11:21 | INFO     | fedaugment.utils.logger:44 | Epoch 199: train_loss: 2.07707
2026-04-20 12:11:24 | INFO     | fedaugment.utils.logger:44 | Epoch 200: train_loss: 2.07702
2026-04-20 12:11:28 | INFO     | fedaugment.utils.logger:44 | Epoch 201: train_loss: 2.07678
2026-04-20 12:11:32 | INFO     | fedaugment.utils.logger:44 | Epoch 202: train_loss: 2.07668
2026-04-20 12:11:36 | INFO     | fedaugment.utils.logger:44 | Epoch 203: train_loss: 2.07648
2026-04-20 12:11:40 | INFO     | fedaugment.utils.logger:44 | Epoch 204: train_loss: 2.07624
2026-04-20 12:11:44 | INFO     | fedaugment.utils.logger:44 | Epoch 205: train_loss: 2.07626
2026-04-20 12:11:47 | INFO     | fedaugment.utils.logger:44 | Epoch 206: train_loss: 2.07586
2026-04-20 12:11:51 | INFO     | fedaugment.utils.logger:44 | Epoch 207: train_loss: 2.07593
2026-04-20 12:11:55 | INFO     | fedaugment.utils.logger:44 | Epoch 208: train_loss: 2.07588
2026-04-20 12:11:59 | INFO     | fedaugment.utils.logger:44 | Epoch 209: train_loss: 2.07577
2026-04-20 12:12:02 | INFO     | fedaugment.utils.logger:44 | Epoch 210: train_loss: 2.07558
2026-04-20 12:12:07 | INFO     | fedaugment.utils.logger:44 | Epoch 211: train_loss: 2.07570
2026-04-20 12:12:10 | INFO     | fedaugment.utils.logger:44 | Epoch 212: train_loss: 2.07546
2026-04-20 12:12:14 | INFO     | fedaugment.utils.logger:44 | Epoch 213: train_loss: 2.07522
2026-04-20 12:12:17 | INFO     | fedaugment.utils.logger:44 | Epoch 214: train_loss: 2.07513
2026-04-20 12:12:22 | INFO     | fedaugment.utils.logger:44 | Epoch 215: train_loss: 2.07515
2026-04-20 12:12:25 | INFO     | fedaugment.utils.logger:44 | Epoch 216: train_loss: 2.07527
2026-04-20 12:12:29 | INFO     | fedaugment.utils.logger:44 | Epoch 217: train_loss: 2.07507
2026-04-20 12:12:33 | INFO     | fedaugment.utils.logger:44 | Epoch 218: train_loss: 2.07502
2026-04-20 12:12:37 | INFO     | fedaugment.utils.logger:44 | Epoch 219: train_loss: 2.07492
2026-04-20 12:12:40 | INFO     | fedaugment.utils.logger:44 | Epoch 220: train_loss: 2.07477
2026-04-20 12:12:44 | INFO     | fedaugment.utils.logger:44 | Epoch 221: train_loss: 2.07467
2026-04-20 12:12:48 | INFO     | fedaugment.utils.logger:44 | Epoch 222: train_loss: 2.07464
2026-04-20 12:12:52 | INFO     | fedaugment.utils.logger:44 | Epoch 223: train_loss: 2.07476
2026-04-20 12:12:56 | INFO     | fedaugment.utils.logger:44 | Epoch 224: train_loss: 2.07452
2026-04-20 12:13:00 | INFO     | fedaugment.utils.logger:44 | Epoch 225: train_loss: 2.07450
2026-04-20 12:13:03 | INFO     | fedaugment.utils.logger:44 | Epoch 226: train_loss: 2.07463
2026-04-20 12:13:07 | INFO     | fedaugment.utils.logger:44 | Epoch 227: train_loss: 2.07428
2026-04-20 12:13:11 | INFO     | fedaugment.utils.logger:44 | Epoch 228: train_loss: 2.07457
2026-04-20 12:13:15 | INFO     | fedaugment.utils.logger:44 | Epoch 229: train_loss: 2.07436
2026-04-20 12:13:18 | INFO     | fedaugment.utils.logger:44 | Epoch 230: train_loss: 2.07429
2026-04-20 12:13:22 | INFO     | fedaugment.utils.logger:44 | Epoch 231: train_loss: 2.07422
2026-04-20 12:13:26 | INFO     | fedaugment.utils.logger:44 | Epoch 232: train_loss: 2.07421
2026-04-20 12:13:30 | INFO     | fedaugment.utils.logger:44 | Epoch 233: train_loss: 2.07433
2026-04-20 12:13:33 | INFO     | fedaugment.utils.logger:44 | Epoch 234: train_loss: 2.07411
2026-04-20 12:13:37 | INFO     | fedaugment.utils.logger:44 | Epoch 235: train_loss: 2.07449
2026-04-20 12:13:41 | INFO     | fedaugment.utils.logger:44 | Epoch 236: train_loss: 2.07419
2026-04-20 12:13:45 | INFO     | fedaugment.utils.logger:44 | Epoch 237: train_loss: 2.07431
2026-04-20 12:13:48 | INFO     | fedaugment.utils.logger:44 | Epoch 238: train_loss: 2.07413
2026-04-20 12:13:53 | INFO     | fedaugment.utils.logger:44 | Epoch 239: train_loss: 2.07416
2026-04-20 12:13:56 | INFO     | fedaugment.utils.logger:44 | Epoch 240: train_loss: 2.07429
2026-04-20 12:14:00 | INFO     | fedaugment.utils.logger:44 | Epoch 241: train_loss: 2.07419
2026-04-20 12:14:04 | INFO     | fedaugment.utils.logger:44 | Epoch 242: train_loss: 2.07406
2026-04-20 12:14:08 | INFO     | fedaugment.utils.logger:44 | Epoch 243: train_loss: 2.07416
2026-04-20 12:14:11 | INFO     | fedaugment.utils.logger:44 | Epoch 244: train_loss: 2.07418
2026-04-20 12:14:15 | INFO     | fedaugment.utils.logger:44 | Epoch 245: train_loss: 2.07410
2026-04-20 12:14:19 | INFO     | fedaugment.utils.logger:44 | Epoch 246: train_loss: 2.07422
2026-04-20 12:14:23 | INFO     | fedaugment.utils.logger:44 | Epoch 247: train_loss: 2.07439
2026-04-20 12:14:26 | INFO     | fedaugment.utils.logger:44 | Epoch 248: train_loss: 2.07418
2026-04-20 12:14:30 | INFO     | fedaugment.utils.logger:44 | Epoch 249: train_loss: 2.07412
2026-04-20 12:14:30 | INFO     | lightning_utilities.core.rank_zero:60 | `Trainer.fit` stopped: `max_epochs=250` reached.
2026-04-20 12:14:31 | INFO     | fedaugment.projections.main:169 | Starting testing phase...
2026-04-20 12:14:31 | INFO     | lightning.pytorch.accelerators.cuda:61 | LOCAL_RANK: 0 - CUDA_VISIBLE_DEVICES: [0]
2026-04-20 12:14:31 | INFO     | fedaugment.utils.logger:38 | {'module_kwargs': CLModuleConfig(model_type='projection_head', out_dim=1024, hidden_dims=[1024, 1536, 1536], activation='silu', normalization='batch', dropout=0.0, no_val_orchestrator=True, no_test_orchestrator=False), 'criterion': CriterionConfig(class_='MultiViewNTXentLoss', kwargs={'temperature': 0.1}), 'optim_configs': [OptimizerConfig(class_='AdamW', kwargs={'lr': 0.001, 'weight_decay': 0.01})], 'sched_configs': [LRSchedulerConfig(class_='OneCycleLR', interval='epoch', frequency=1, monitor=None, kwargs={'max_lr': 0.003, 'total_steps': None, 'pct_start': 0.1, 'anneal_strategy': 'cos', 'div_factor': 10.0, 'final_div_factor': 1000.0})], 'pipeline_names': ['distilroberta-dj_adpt', 'mini_l12-dj_adpt', 'mini_l6-dj_adpt', 'gte_base-dj_adpt', 'gtr_t5-dj_adpt', 'mpnet-dj_adpt'], 'embedding_dims': [768, 384, 384, 768, 768, 768], 'data_batch_size': 4096, 'metric_batch_size': 65536}
2026-04-20 12:15:55 | DEBUG    | fedaugment.projections.metrics.base:115 | Computing CosineSimilarityOrchestrator metrics.
2026-04-20 12:15:55 | WARNING  | fedaugment.projections.metrics.base:117 | Number of projections (8891658) is not divisible by chunk size (65536). This may lead to suboptimal performance.
2026-04-20 15:26:11 | DEBUG    | fedaugment.projections.metrics.base:198 | Finalized CosineSimilarityOrchestrator metrics
2026-04-20 15:26:11 | INFO     | fedaugment.utils.logger:44 | Epoch 250: test_loss: 5.60680, test_cossim_mean: 0.17030, test_entity_stability_15: 0.02997, test_entity_stability_5: 0.02590, test_entity_stability_50: 0.04345, test_same_lbl_cossim_mean: 0.78630
2026-04-20 15:26:12 | INFO     | fedaugment.projections.main:176 | Best model checkpoint saved at /local-ssd/lennart/checkpoints/curation/webtable_fft_euc-mpnet-dj_adpt-k=12609-pca=0.9/last.ckpt
2026-04-20 15:26:12 | INFO     | __main__:48 | Evaluating grid-mpnet-dj_adpt-k=12609-pca=0.9 on webtable 001
2026-04-20 15:26:12 | DEBUG    | fedaugment.projections.main:72 | Experiment configuration: {"experiment_name":"webtable_grid-mpnet-dj_adpt-k=12609-pca=0.9","experiment_group":"curation","experiment_version":1,"seed":42,"data_module":{"class_":"DefaultDataModule","data":{"train":["data/embeddings/webtable/sample-001/grid-mpnet-dj_adpt-k=12609-pca=0.9/distilroberta-dj_adpt.fa","data/embeddings/webtable/sample-001/grid-mpnet-dj_adpt-k=12609-pca=0.9/mini_l12-dj_adpt.fa","data/embeddings/webtable/sample-001/grid-mpnet-dj_adpt-k=12609-pca=0.9/mini_l6-dj_adpt.fa","data/embeddings/webtable/sample-001/grid-mpnet-dj_adpt-k=12609-pca=0.9/gte_base-dj_adpt.fa","data/embeddings/webtable/sample-001/grid-mpnet-dj_adpt-k=12609-pca=0.9/gtr_t5-dj_adpt.fa","data/embeddings/webtable/sample-001/grid-mpnet-dj_adpt-k=12609-pca=0.9/mpnet-dj_adpt.fa"],"val":null,"test":["data/embeddings/webtable/split/test/distilroberta-dj_adpt.fa","data/embeddings/webtable/split/test/mini_l12-dj_adpt.fa","data/embeddings/webtable/split/test/mini_l6-dj_adpt.fa","data/embeddings/webtable/split/test/gte_base-dj_adpt.fa","data/embeddings/webtable/split/test/gtr_t5-dj_adpt.fa","data/embeddings/webtable/split/test/mpnet-dj_adpt.fa"]},"mmap_mode":"r+","batch_size":4096,"num_workers":32,"pin_memory":true,"persistent_workers":true,"prefetch_factor":5,"verify_column_ids":true},"projection_model":{"class_":"ContrastiveLearningModel","module_kwargs":{"model_type":"projection_head","out_dim":1024,"hidden_dims":[1024,1536,1536],"activation":"silu","normalization":"batch","dropout":0.0,"no_val_orchestrator":true,"no_test_orchestrator":false},"criterion":{"class_":"MultiViewNTXentLoss","kwargs":{"temperature":0.1}},"optimizers":[{"class_":"AdamW","kwargs":{"lr":0.001,"weight_decay":0.01}}],"schedulers":[{"class_":"OneCycleLR","interval":"epoch","frequency":1,"monitor":null,"kwargs":{"max_lr":0.003,"total_steps":null,"pct_start":0.1,"anneal_strategy":"cos","div_factor":10.0,"final_div_factor":1000.0}}],"metric_batch_size":65536},"trainer":{"max_epochs":250,"accelerator":"gpu","check_val_every_n_epoch":1,"devices":"auto","deterministic":false,"enable_checkpointing":true,"enable_model_summary":true,"enable_progress_bar":true,"log_every_n_steps":50,"patience":null,"max_time":"00:24:00:00","num_sanity_val_steps":2,"precision":"bf16-mixed","profiler":null},"compile_model":true}
2026-04-20 15:26:12 | INFO     | lightning.fabric.utilities.seed:57 | Seed set to 42
2026-04-20 15:26:14 | INFO     | fedaugment.projections.main:83 | Compiling projection model...
2026-04-20 15:26:14 | INFO     | fedaugment.projections.main:85 | Projection model compiled
2026-04-20 15:26:14 | INFO     | fedaugment.projections.main:87 | Initializing trainer...
2026-04-20 15:26:14 | INFO     | lightning_utilities.core.rank_zero:60 | Using bfloat16 Automatic Mixed Precision (AMP)
2026-04-20 15:26:14 | INFO     | lightning_utilities.core.rank_zero:60 | GPU available: True (cuda), used: True
2026-04-20 15:26:14 | INFO     | lightning_utilities.core.rank_zero:60 | TPU available: False, using: 0 TPU cores
2026-04-20 15:26:14 | INFO     | fedaugment.projections.main:148 | Trainer initialized
2026-04-20 15:26:14 | INFO     | fedaugment.projections.main:158 | Starting training phase...
2026-04-20 15:26:14 | INFO     | lightning.pytorch.accelerators.cuda:61 | LOCAL_RANK: 0 - CUDA_VISIBLE_DEVICES: [0]
2026-04-20 15:26:14 | INFO     | lightning_utilities.core.rank_zero:60 | Loading `train_dataloader` to estimate number of stepping batches.
2026-04-20 15:26:14 | WARNING  | fedaugment.utils.misc:103 | PossibleUserWarning: The number of training batches (4) is smaller than the logging interval Trainer(log_every_n_steps=50). Set a lower value for log_every_n_steps if you want to see logs for the training epoch. (/home/lennart-ldap/projects/fedaugment/.venv/lib/python3.13/site-packages/lightning/pytorch/loops/fit_loop.py:317)
2026-04-20 15:26:14 | INFO     | fedaugment.projections.models.projection_model:123 | Setting OneCycleLR total_steps to trainer.estimated_stepping_batches=1000.
2026-04-20 15:26:14 | WARNING  | fedaugment.projections.models.projection_model:134 | OneCycleLR requires interval='step'. Overriding configured interval='epoch' to 'step'.
2026-04-20 15:26:14 | WARNING  | fedaugment.utils.misc:103 | UserWarning: Precision bf16-mixed is not supported by the model summary.  Estimated model size in MB will not be accurate. Using 32 bits instead. (/home/lennart-ldap/projects/fedaugment/.venv/lib/python3.13/site-packages/lightning/pytorch/utilities/model_summary/model_summary.py:242)
2026-04-20 15:26:14 | INFO     | lightning.pytorch.callbacks.model_summary:110 |
  | Name              | Type                         | Params | Mode  | FLOPs
-----------------------------------------------------------------------------------
0 | criterion         | MultiViewNTXentLoss          | 0      | train | 0
1 | val_metrics       | MetricCollection             | 0      | train | 0
2 | test_metrics      | MetricCollection             | 0      | train | 0
3 | val_orchestrator  | CosineSimilarityOrchestrator | 0      | train | 0
4 | test_orchestrator | CosineSimilarityOrchestrator | 0      | train | 0
5 | projection_heads  | ModuleList                   | 37.0 M | train | 0
-----------------------------------------------------------------------------------
37.0 M    Trainable params
0         Non-trainable params
37.0 M    Total params
148.120   Total estimated model params size (MB)
89        Modules in train mode
0         Modules in eval mode
0         Total Flops
2026-04-20 15:26:14 | INFO     | fedaugment.utils.logger:38 | {'module_kwargs': CLModuleConfig(model_type='projection_head', out_dim=1024, hidden_dims=[1024, 1536, 1536], activation='silu', normalization='batch', dropout=0.0, no_val_orchestrator=True, no_test_orchestrator=False), 'criterion': CriterionConfig(class_='MultiViewNTXentLoss', kwargs={'temperature': 0.1}), 'optim_configs': [OptimizerConfig(class_='AdamW', kwargs={'lr': 0.001, 'weight_decay': 0.01})], 'sched_configs': [LRSchedulerConfig(class_='OneCycleLR', interval='epoch', frequency=1, monitor=None, kwargs={'max_lr': 0.003, 'total_steps': None, 'pct_start': 0.1, 'anneal_strategy': 'cos', 'div_factor': 10.0, 'final_div_factor': 1000.0})], 'pipeline_names': ['distilroberta-dj_adpt', 'mini_l12-dj_adpt', 'mini_l6-dj_adpt', 'gte_base-dj_adpt', 'gtr_t5-dj_adpt', 'mpnet-dj_adpt'], 'embedding_dims': [768, 384, 384, 768, 768, 768], 'data_batch_size': 4096, 'metric_batch_size': 65536}
2026-04-20 15:27:04 | INFO     | fedaugment.utils.logger:44 | Epoch 0: train_loss: 9.43096
2026-04-20 15:27:09 | INFO     | fedaugment.utils.logger:44 | Epoch 1: train_loss: 7.03136
2026-04-20 15:27:13 | INFO     | fedaugment.utils.logger:44 | Epoch 2: train_loss: 5.98755
2026-04-20 15:27:17 | INFO     | fedaugment.utils.logger:44 | Epoch 3: train_loss: 5.38588
2026-04-20 15:27:22 | INFO     | fedaugment.utils.logger:44 | Epoch 4: train_loss: 4.96328
2026-04-20 15:27:26 | INFO     | fedaugment.utils.logger:44 | Epoch 5: train_loss: 4.64533
2026-04-20 15:27:31 | INFO     | fedaugment.utils.logger:44 | Epoch 6: train_loss: 4.38832
2026-04-20 15:27:35 | INFO     | fedaugment.utils.logger:44 | Epoch 7: train_loss: 4.17833
2026-04-20 15:27:40 | INFO     | fedaugment.utils.logger:44 | Epoch 8: train_loss: 3.99645
2026-04-20 15:27:44 | INFO     | fedaugment.utils.logger:44 | Epoch 9: train_loss: 3.83933
2026-04-20 15:27:48 | INFO     | fedaugment.utils.logger:44 | Epoch 10: train_loss: 3.70462
2026-04-20 15:27:53 | INFO     | fedaugment.utils.logger:44 | Epoch 11: train_loss: 3.58763
2026-04-20 15:27:57 | INFO     | fedaugment.utils.logger:44 | Epoch 12: train_loss: 3.50500
2026-04-20 15:28:02 | INFO     | fedaugment.utils.logger:44 | Epoch 13: train_loss: 3.42400
2026-04-20 15:28:06 | INFO     | fedaugment.utils.logger:44 | Epoch 14: train_loss: 3.38814
2026-04-20 15:28:11 | INFO     | fedaugment.utils.logger:44 | Epoch 15: train_loss: 3.36427
2026-04-20 15:28:15 | INFO     | fedaugment.utils.logger:44 | Epoch 16: train_loss: 3.31329
2026-04-20 15:28:19 | INFO     | fedaugment.utils.logger:44 | Epoch 17: train_loss: 3.26524
2026-04-20 15:28:23 | INFO     | fedaugment.utils.logger:44 | Epoch 18: train_loss: 3.24514
2026-04-20 15:28:28 | INFO     | fedaugment.utils.logger:44 | Epoch 19: train_loss: 3.20743
2026-04-20 15:28:32 | INFO     | fedaugment.utils.logger:44 | Epoch 20: train_loss: 3.18991
2026-04-20 15:28:36 | INFO     | fedaugment.utils.logger:44 | Epoch 21: train_loss: 3.17560
2026-04-20 15:28:41 | INFO     | fedaugment.utils.logger:44 | Epoch 22: train_loss: 3.14692
2026-04-20 15:28:45 | INFO     | fedaugment.utils.logger:44 | Epoch 23: train_loss: 3.09979
2026-04-20 15:28:49 | INFO     | fedaugment.utils.logger:44 | Epoch 24: train_loss: 3.04326
2026-04-20 15:28:53 | INFO     | fedaugment.utils.logger:44 | Epoch 25: train_loss: 2.98444
2026-04-20 15:28:58 | INFO     | fedaugment.utils.logger:44 | Epoch 26: train_loss: 2.93117
2026-04-20 15:29:02 | INFO     | fedaugment.utils.logger:44 | Epoch 27: train_loss: 2.89541
2026-04-20 15:29:06 | INFO     | fedaugment.utils.logger:44 | Epoch 28: train_loss: 2.87472
2026-04-20 15:29:11 | INFO     | fedaugment.utils.logger:44 | Epoch 29: train_loss: 2.86750
2026-04-20 15:29:15 | INFO     | fedaugment.utils.logger:44 | Epoch 30: train_loss: 2.84610
2026-04-20 15:29:19 | INFO     | fedaugment.utils.logger:44 | Epoch 31: train_loss: 2.81646
2026-04-20 15:29:23 | INFO     | fedaugment.utils.logger:44 | Epoch 32: train_loss: 2.78767
2026-04-20 15:29:28 | INFO     | fedaugment.utils.logger:44 | Epoch 33: train_loss: 2.76038
2026-04-20 15:29:32 | INFO     | fedaugment.utils.logger:44 | Epoch 34: train_loss: 2.74783
2026-04-20 15:29:36 | INFO     | fedaugment.utils.logger:44 | Epoch 35: train_loss: 2.72606
2026-04-20 15:29:41 | INFO     | fedaugment.utils.logger:44 | Epoch 36: train_loss: 2.69909
2026-04-20 15:29:45 | INFO     | fedaugment.utils.logger:44 | Epoch 37: train_loss: 2.67946
2026-04-20 15:29:49 | INFO     | fedaugment.utils.logger:44 | Epoch 38: train_loss: 2.66986
2026-04-20 15:29:54 | INFO     | fedaugment.utils.logger:44 | Epoch 39: train_loss: 2.65814
2026-04-20 15:29:58 | INFO     | fedaugment.utils.logger:44 | Epoch 40: train_loss: 2.64491
2026-04-20 15:30:02 | INFO     | fedaugment.utils.logger:44 | Epoch 41: train_loss: 2.63449
2026-04-20 15:30:06 | INFO     | fedaugment.utils.logger:44 | Epoch 42: train_loss: 2.62640
2026-04-20 15:30:11 | INFO     | fedaugment.utils.logger:44 | Epoch 43: train_loss: 2.60798
2026-04-20 15:30:16 | INFO     | fedaugment.utils.logger:44 | Epoch 44: train_loss: 2.59559
2026-04-20 15:30:20 | INFO     | fedaugment.utils.logger:44 | Epoch 45: train_loss: 2.58365
2026-04-20 15:30:24 | INFO     | fedaugment.utils.logger:44 | Epoch 46: train_loss: 2.58060
2026-04-20 15:30:29 | INFO     | fedaugment.utils.logger:44 | Epoch 47: train_loss: 2.56846
2026-04-20 15:30:33 | INFO     | fedaugment.utils.logger:44 | Epoch 48: train_loss: 2.55536
2026-04-20 15:30:37 | INFO     | fedaugment.utils.logger:44 | Epoch 49: train_loss: 2.53891
2026-04-20 15:30:42 | INFO     | fedaugment.utils.logger:44 | Epoch 50: train_loss: 2.52825
2026-04-20 15:30:46 | INFO     | fedaugment.utils.logger:44 | Epoch 51: train_loss: 2.51974
2026-04-20 15:30:50 | INFO     | fedaugment.utils.logger:44 | Epoch 52: train_loss: 2.51246
2026-04-20 15:30:54 | INFO     | fedaugment.utils.logger:44 | Epoch 53: train_loss: 2.50218
2026-04-20 15:30:59 | INFO     | fedaugment.utils.logger:44 | Epoch 54: train_loss: 2.49585
2026-04-20 15:31:03 | INFO     | fedaugment.utils.logger:44 | Epoch 55: train_loss: 2.48793
2026-04-20 15:31:07 | INFO     | fedaugment.utils.logger:44 | Epoch 56: train_loss: 2.48765
2026-04-20 15:31:12 | INFO     | fedaugment.utils.logger:44 | Epoch 57: train_loss: 2.47064
2026-04-20 15:31:16 | INFO     | fedaugment.utils.logger:44 | Epoch 58: train_loss: 2.46140
2026-04-20 15:31:20 | INFO     | fedaugment.utils.logger:44 | Epoch 59: train_loss: 2.44901
2026-04-20 15:31:25 | INFO     | fedaugment.utils.logger:44 | Epoch 60: train_loss: 2.44119
2026-04-20 15:31:29 | INFO     | fedaugment.utils.logger:44 | Epoch 61: train_loss: 2.44156
2026-04-20 15:31:33 | INFO     | fedaugment.utils.logger:44 | Epoch 62: train_loss: 2.43488
2026-04-20 15:31:37 | INFO     | fedaugment.utils.logger:44 | Epoch 63: train_loss: 2.42586
2026-04-20 15:31:42 | INFO     | fedaugment.utils.logger:44 | Epoch 64: train_loss: 2.41793
2026-04-20 15:31:46 | INFO     | fedaugment.utils.logger:44 | Epoch 65: train_loss: 2.41614
2026-04-20 15:31:50 | INFO     | fedaugment.utils.logger:44 | Epoch 66: train_loss: 2.41194
2026-04-20 15:31:55 | INFO     | fedaugment.utils.logger:44 | Epoch 67: train_loss: 2.40353
2026-04-20 15:31:59 | INFO     | fedaugment.utils.logger:44 | Epoch 68: train_loss: 2.39631
2026-04-20 15:32:04 | INFO     | fedaugment.utils.logger:44 | Epoch 69: train_loss: 2.39084
2026-04-20 15:32:08 | INFO     | fedaugment.utils.logger:44 | Epoch 70: train_loss: 2.38502
2026-04-20 15:32:12 | INFO     | fedaugment.utils.logger:44 | Epoch 71: train_loss: 2.38172
2026-04-20 15:32:17 | INFO     | fedaugment.utils.logger:44 | Epoch 72: train_loss: 2.37103
2026-04-20 15:32:21 | INFO     | fedaugment.utils.logger:44 | Epoch 73: train_loss: 2.36044
2026-04-20 15:32:25 | INFO     | fedaugment.utils.logger:44 | Epoch 74: train_loss: 2.35194
2026-04-20 15:32:30 | INFO     | fedaugment.utils.logger:44 | Epoch 75: train_loss: 2.34943
2026-04-20 15:32:34 | INFO     | fedaugment.utils.logger:44 | Epoch 76: train_loss: 2.34595
2026-04-20 15:32:38 | INFO     | fedaugment.utils.logger:44 | Epoch 77: train_loss: 2.34165
2026-04-20 15:32:43 | INFO     | fedaugment.utils.logger:44 | Epoch 78: train_loss: 2.33173
2026-04-20 15:32:47 | INFO     | fedaugment.utils.logger:44 | Epoch 79: train_loss: 2.32860
2026-04-20 15:32:51 | INFO     | fedaugment.utils.logger:44 | Epoch 80: train_loss: 2.33019
2026-04-20 15:32:55 | INFO     | fedaugment.utils.logger:44 | Epoch 81: train_loss: 2.32232
2026-04-20 15:33:00 | INFO     | fedaugment.utils.logger:44 | Epoch 82: train_loss: 2.31320
2026-04-20 15:33:04 | INFO     | fedaugment.utils.logger:44 | Epoch 83: train_loss: 2.31216
2026-04-20 15:33:09 | INFO     | fedaugment.utils.logger:44 | Epoch 84: train_loss: 2.30598
2026-04-20 15:33:13 | INFO     | fedaugment.utils.logger:44 | Epoch 85: train_loss: 2.30179
2026-04-20 15:33:17 | INFO     | fedaugment.utils.logger:44 | Epoch 86: train_loss: 2.29504
2026-04-20 15:33:22 | INFO     | fedaugment.utils.logger:44 | Epoch 87: train_loss: 2.29140
2026-04-20 15:33:26 | INFO     | fedaugment.utils.logger:44 | Epoch 88: train_loss: 2.28749
2026-04-20 15:33:30 | INFO     | fedaugment.utils.logger:44 | Epoch 89: train_loss: 2.28511
2026-04-20 15:33:34 | INFO     | fedaugment.utils.logger:44 | Epoch 90: train_loss: 2.28398
2026-04-20 15:33:38 | INFO     | fedaugment.utils.logger:44 | Epoch 91: train_loss: 2.27942
2026-04-20 15:33:43 | INFO     | fedaugment.utils.logger:44 | Epoch 92: train_loss: 2.27450
2026-04-20 15:33:47 | INFO     | fedaugment.utils.logger:44 | Epoch 93: train_loss: 2.26635
2026-04-20 15:33:51 | INFO     | fedaugment.utils.logger:44 | Epoch 94: train_loss: 2.26438
2026-04-20 15:33:56 | INFO     | fedaugment.utils.logger:44 | Epoch 95: train_loss: 2.26053
2026-04-20 15:34:00 | INFO     | fedaugment.utils.logger:44 | Epoch 96: train_loss: 2.25986
2026-04-20 15:34:05 | INFO     | fedaugment.utils.logger:44 | Epoch 97: train_loss: 2.25991
2026-04-20 15:34:09 | INFO     | fedaugment.utils.logger:44 | Epoch 98: train_loss: 2.25699
2026-04-20 15:34:13 | INFO     | fedaugment.utils.logger:44 | Epoch 99: train_loss: 2.25331
2026-04-20 15:34:18 | INFO     | fedaugment.utils.logger:44 | Epoch 100: train_loss: 2.24891
2026-04-20 15:34:22 | INFO     | fedaugment.utils.logger:44 | Epoch 101: train_loss: 2.24371
2026-04-20 15:34:26 | INFO     | fedaugment.utils.logger:44 | Epoch 102: train_loss: 2.24176
2026-04-20 15:34:31 | INFO     | fedaugment.utils.logger:44 | Epoch 103: train_loss: 2.23573
2026-04-20 15:34:35 | INFO     | fedaugment.utils.logger:44 | Epoch 104: train_loss: 2.23200
2026-04-20 15:34:40 | INFO     | fedaugment.utils.logger:44 | Epoch 105: train_loss: 2.22534
2026-04-20 15:34:44 | INFO     | fedaugment.utils.logger:44 | Epoch 106: train_loss: 2.22079
2026-04-20 15:34:49 | INFO     | fedaugment.utils.logger:44 | Epoch 107: train_loss: 2.21474
2026-04-20 15:34:53 | INFO     | fedaugment.utils.logger:44 | Epoch 108: train_loss: 2.21496
2026-04-20 15:34:57 | INFO     | fedaugment.utils.logger:44 | Epoch 109: train_loss: 2.21031
2026-04-20 15:35:02 | INFO     | fedaugment.utils.logger:44 | Epoch 110: train_loss: 2.21075
2026-04-20 15:35:06 | INFO     | fedaugment.utils.logger:44 | Epoch 111: train_loss: 2.20881
2026-04-20 15:35:10 | INFO     | fedaugment.utils.logger:44 | Epoch 112: train_loss: 2.20600
2026-04-20 15:35:14 | INFO     | fedaugment.utils.logger:44 | Epoch 113: train_loss: 2.20190
2026-04-20 15:35:19 | INFO     | fedaugment.utils.logger:44 | Epoch 114: train_loss: 2.19944
2026-04-20 15:35:23 | INFO     | fedaugment.utils.logger:44 | Epoch 115: train_loss: 2.19547
2026-04-20 15:35:27 | INFO     | fedaugment.utils.logger:44 | Epoch 116: train_loss: 2.19158
2026-04-20 15:35:32 | INFO     | fedaugment.utils.logger:44 | Epoch 117: train_loss: 2.18752
2026-04-20 15:35:36 | INFO     | fedaugment.utils.logger:44 | Epoch 118: train_loss: 2.18580
2026-04-20 15:35:40 | INFO     | fedaugment.utils.logger:44 | Epoch 119: train_loss: 2.18227
2026-04-20 15:35:45 | INFO     | fedaugment.utils.logger:44 | Epoch 120: train_loss: 2.17786
2026-04-20 15:35:49 | INFO     | fedaugment.utils.logger:44 | Epoch 121: train_loss: 2.17752
2026-04-20 15:35:54 | INFO     | fedaugment.utils.logger:44 | Epoch 122: train_loss: 2.17688
2026-04-20 15:35:58 | INFO     | fedaugment.utils.logger:44 | Epoch 123: train_loss: 2.17467
2026-04-20 15:36:03 | INFO     | fedaugment.utils.logger:44 | Epoch 124: train_loss: 2.17265
2026-04-20 15:36:07 | INFO     | fedaugment.utils.logger:44 | Epoch 125: train_loss: 2.17134
2026-04-20 15:36:11 | INFO     | fedaugment.utils.logger:44 | Epoch 126: train_loss: 2.17149
2026-04-20 15:36:16 | INFO     | fedaugment.utils.logger:44 | Epoch 127: train_loss: 2.16772
2026-04-20 15:36:20 | INFO     | fedaugment.utils.logger:44 | Epoch 128: train_loss: 2.16783
2026-04-20 15:36:25 | INFO     | fedaugment.utils.logger:44 | Epoch 129: train_loss: 2.16469
2026-04-20 15:36:29 | INFO     | fedaugment.utils.logger:44 | Epoch 130: train_loss: 2.16311
2026-04-20 15:36:34 | INFO     | fedaugment.utils.logger:44 | Epoch 131: train_loss: 2.15870
2026-04-20 15:36:38 | INFO     | fedaugment.utils.logger:44 | Epoch 132: train_loss: 2.15462
2026-04-20 15:36:42 | INFO     | fedaugment.utils.logger:44 | Epoch 133: train_loss: 2.15233
2026-04-20 15:36:47 | INFO     | fedaugment.utils.logger:44 | Epoch 134: train_loss: 2.15153
2026-04-20 15:36:51 | INFO     | fedaugment.utils.logger:44 | Epoch 135: train_loss: 2.15025
2026-04-20 15:36:56 | INFO     | fedaugment.utils.logger:44 | Epoch 136: train_loss: 2.14811
2026-04-20 15:36:59 | INFO     | fedaugment.utils.logger:44 | Epoch 137: train_loss: 2.14476
2026-04-20 15:37:04 | INFO     | fedaugment.utils.logger:44 | Epoch 138: train_loss: 2.14415
2026-04-20 15:37:08 | INFO     | fedaugment.utils.logger:44 | Epoch 139: train_loss: 2.14212
2026-04-20 15:37:12 | INFO     | fedaugment.utils.logger:44 | Epoch 140: train_loss: 2.14128
2026-04-20 15:37:17 | INFO     | fedaugment.utils.logger:44 | Epoch 141: train_loss: 2.13867
2026-04-20 15:37:21 | INFO     | fedaugment.utils.logger:44 | Epoch 142: train_loss: 2.13670
2026-04-20 15:37:26 | INFO     | fedaugment.utils.logger:44 | Epoch 143: train_loss: 2.13501
2026-04-20 15:37:30 | INFO     | fedaugment.utils.logger:44 | Epoch 144: train_loss: 2.13079
2026-04-20 15:37:35 | INFO     | fedaugment.utils.logger:44 | Epoch 145: train_loss: 2.13006
2026-04-20 15:37:39 | INFO     | fedaugment.utils.logger:44 | Epoch 146: train_loss: 2.12864
2026-04-20 15:37:43 | INFO     | fedaugment.utils.logger:44 | Epoch 147: train_loss: 2.12669
2026-04-20 15:37:48 | INFO     | fedaugment.utils.logger:44 | Epoch 148: train_loss: 2.12413
2026-04-20 15:37:52 | INFO     | fedaugment.utils.logger:44 | Epoch 149: train_loss: 2.12406
2026-04-20 15:37:56 | INFO     | fedaugment.utils.logger:44 | Epoch 150: train_loss: 2.12210
2026-04-20 15:38:00 | INFO     | fedaugment.utils.logger:44 | Epoch 151: train_loss: 2.12145
2026-04-20 15:38:05 | INFO     | fedaugment.utils.logger:44 | Epoch 152: train_loss: 2.12137
2026-04-20 15:38:09 | INFO     | fedaugment.utils.logger:44 | Epoch 153: train_loss: 2.11994
2026-04-20 15:38:13 | INFO     | fedaugment.utils.logger:44 | Epoch 154: train_loss: 2.12088
2026-04-20 15:38:17 | INFO     | fedaugment.utils.logger:44 | Epoch 155: train_loss: 2.11786
2026-04-20 15:38:22 | INFO     | fedaugment.utils.logger:44 | Epoch 156: train_loss: 2.11676
2026-04-20 15:38:25 | INFO     | fedaugment.utils.logger:44 | Epoch 157: train_loss: 2.11433
2026-04-20 15:38:29 | INFO     | fedaugment.utils.logger:44 | Epoch 158: train_loss: 2.11343
2026-04-20 15:38:33 | INFO     | fedaugment.utils.logger:44 | Epoch 159: train_loss: 2.10878
2026-04-20 15:38:37 | INFO     | fedaugment.utils.logger:44 | Epoch 160: train_loss: 2.11063
2026-04-20 15:38:41 | INFO     | fedaugment.utils.logger:44 | Epoch 161: train_loss: 2.10802
2026-04-20 15:38:45 | INFO     | fedaugment.utils.logger:44 | Epoch 162: train_loss: 2.10464
2026-04-20 15:38:49 | INFO     | fedaugment.utils.logger:44 | Epoch 163: train_loss: 2.10363
2026-04-20 15:38:52 | INFO     | fedaugment.utils.logger:44 | Epoch 164: train_loss: 2.10178
2026-04-20 15:38:56 | INFO     | fedaugment.utils.logger:44 | Epoch 165: train_loss: 2.09939
2026-04-20 15:39:01 | INFO     | fedaugment.utils.logger:44 | Epoch 166: train_loss: 2.09803
2026-04-20 15:39:05 | INFO     | fedaugment.utils.logger:44 | Epoch 167: train_loss: 2.09536
2026-04-20 15:39:08 | INFO     | fedaugment.utils.logger:44 | Epoch 168: train_loss: 2.09505
2026-04-20 15:39:13 | INFO     | fedaugment.utils.logger:44 | Epoch 169: train_loss: 2.09365
2026-04-20 15:39:17 | INFO     | fedaugment.utils.logger:44 | Epoch 170: train_loss: 2.09122
2026-04-20 15:39:21 | INFO     | fedaugment.utils.logger:44 | Epoch 171: train_loss: 2.08934
2026-04-20 15:39:26 | INFO     | fedaugment.utils.logger:44 | Epoch 172: train_loss: 2.08699
2026-04-20 15:39:30 | INFO     | fedaugment.utils.logger:44 | Epoch 173: train_loss: 2.08349
2026-04-20 15:39:34 | INFO     | fedaugment.utils.logger:44 | Epoch 174: train_loss: 2.08322
2026-04-20 15:39:37 | INFO     | fedaugment.utils.logger:44 | Epoch 175: train_loss: 2.08209
2026-04-20 15:39:42 | INFO     | fedaugment.utils.logger:44 | Epoch 176: train_loss: 2.08009
2026-04-20 15:39:46 | INFO     | fedaugment.utils.logger:44 | Epoch 177: train_loss: 2.08022
2026-04-20 15:39:50 | INFO     | fedaugment.utils.logger:44 | Epoch 178: train_loss: 2.07884
2026-04-20 15:39:54 | INFO     | fedaugment.utils.logger:44 | Epoch 179: train_loss: 2.07695
2026-04-20 15:39:59 | INFO     | fedaugment.utils.logger:44 | Epoch 180: train_loss: 2.07529
2026-04-20 15:40:03 | INFO     | fedaugment.utils.logger:44 | Epoch 181: train_loss: 2.07414
2026-04-20 15:40:08 | INFO     | fedaugment.utils.logger:44 | Epoch 182: train_loss: 2.07362
2026-04-20 15:40:12 | INFO     | fedaugment.utils.logger:44 | Epoch 183: train_loss: 2.07288
2026-04-20 15:40:17 | INFO     | fedaugment.utils.logger:44 | Epoch 184: train_loss: 2.07089
2026-04-20 15:40:21 | INFO     | fedaugment.utils.logger:44 | Epoch 185: train_loss: 2.07020
2026-04-20 15:40:25 | INFO     | fedaugment.utils.logger:44 | Epoch 186: train_loss: 2.06939
2026-04-20 15:40:30 | INFO     | fedaugment.utils.logger:44 | Epoch 187: train_loss: 2.06701
2026-04-20 15:40:34 | INFO     | fedaugment.utils.logger:44 | Epoch 188: train_loss: 2.06734
2026-04-20 15:40:38 | INFO     | fedaugment.utils.logger:44 | Epoch 189: train_loss: 2.06665
2026-04-20 15:40:43 | INFO     | fedaugment.utils.logger:44 | Epoch 190: train_loss: 2.06750
2026-04-20 15:40:47 | INFO     | fedaugment.utils.logger:44 | Epoch 191: train_loss: 2.06604
2026-04-20 15:40:51 | INFO     | fedaugment.utils.logger:44 | Epoch 192: train_loss: 2.06654
2026-04-20 15:40:55 | INFO     | fedaugment.utils.logger:44 | Epoch 193: train_loss: 2.06452
2026-04-20 15:41:00 | INFO     | fedaugment.utils.logger:44 | Epoch 194: train_loss: 2.06451
2026-04-20 15:41:05 | INFO     | fedaugment.utils.logger:44 | Epoch 195: train_loss: 2.06502
2026-04-20 15:41:09 | INFO     | fedaugment.utils.logger:44 | Epoch 196: train_loss: 2.06418
2026-04-20 15:41:14 | INFO     | fedaugment.utils.logger:44 | Epoch 197: train_loss: 2.06266
2026-04-20 15:41:18 | INFO     | fedaugment.utils.logger:44 | Epoch 198: train_loss: 2.06362
2026-04-20 15:41:22 | INFO     | fedaugment.utils.logger:44 | Epoch 199: train_loss: 2.06441
2026-04-20 15:41:26 | INFO     | fedaugment.utils.logger:44 | Epoch 200: train_loss: 2.06139
2026-04-20 15:41:31 | INFO     | fedaugment.utils.logger:44 | Epoch 201: train_loss: 2.06253
2026-04-20 15:41:35 | INFO     | fedaugment.utils.logger:44 | Epoch 202: train_loss: 2.06198
2026-04-20 15:41:39 | INFO     | fedaugment.utils.logger:44 | Epoch 203: train_loss: 2.06252
2026-04-20 15:41:44 | INFO     | fedaugment.utils.logger:44 | Epoch 204: train_loss: 2.06184
2026-04-20 15:41:48 | INFO     | fedaugment.utils.logger:44 | Epoch 205: train_loss: 2.06149
2026-04-20 15:41:53 | INFO     | fedaugment.utils.logger:44 | Epoch 206: train_loss: 2.06181
2026-04-20 15:41:57 | INFO     | fedaugment.utils.logger:44 | Epoch 207: train_loss: 2.06113
2026-04-20 15:42:02 | INFO     | fedaugment.utils.logger:44 | Epoch 208: train_loss: 2.06049
2026-04-20 15:42:06 | INFO     | fedaugment.utils.logger:44 | Epoch 209: train_loss: 2.06036
2026-04-20 15:42:10 | INFO     | fedaugment.utils.logger:44 | Epoch 210: train_loss: 2.06053
2026-04-20 15:42:15 | INFO     | fedaugment.utils.logger:44 | Epoch 211: train_loss: 2.06062
2026-04-20 15:42:19 | INFO     | fedaugment.utils.logger:44 | Epoch 212: train_loss: 2.05943
2026-04-20 15:42:24 | INFO     | fedaugment.utils.logger:44 | Epoch 213: train_loss: 2.06007
2026-04-20 15:42:28 | INFO     | fedaugment.utils.logger:44 | Epoch 214: train_loss: 2.05917
2026-04-20 15:42:33 | INFO     | fedaugment.utils.logger:44 | Epoch 215: train_loss: 2.05885
2026-04-20 15:42:37 | INFO     | fedaugment.utils.logger:44 | Epoch 216: train_loss: 2.05995
2026-04-20 15:42:41 | INFO     | fedaugment.utils.logger:44 | Epoch 217: train_loss: 2.05787
2026-04-20 15:42:46 | INFO     | fedaugment.utils.logger:44 | Epoch 218: train_loss: 2.05825
2026-04-20 15:42:50 | INFO     | fedaugment.utils.logger:44 | Epoch 219: train_loss: 2.05825
2026-04-20 15:42:54 | INFO     | fedaugment.utils.logger:44 | Epoch 220: train_loss: 2.05775
2026-04-20 15:42:59 | INFO     | fedaugment.utils.logger:44 | Epoch 221: train_loss: 2.05769
2026-04-20 15:43:03 | INFO     | fedaugment.utils.logger:44 | Epoch 222: train_loss: 2.05730
2026-04-20 15:43:08 | INFO     | fedaugment.utils.logger:44 | Epoch 223: train_loss: 2.05774
2026-04-20 15:43:12 | INFO     | fedaugment.utils.logger:44 | Epoch 224: train_loss: 2.05901
2026-04-20 15:43:16 | INFO     | fedaugment.utils.logger:44 | Epoch 225: train_loss: 2.05822
2026-04-20 15:43:21 | INFO     | fedaugment.utils.logger:44 | Epoch 226: train_loss: 2.05875
2026-04-20 15:43:25 | INFO     | fedaugment.utils.logger:44 | Epoch 227: train_loss: 2.05751
2026-04-20 15:43:29 | INFO     | fedaugment.utils.logger:44 | Epoch 228: train_loss: 2.05687
2026-04-20 15:43:34 | INFO     | fedaugment.utils.logger:44 | Epoch 229: train_loss: 2.05837
2026-04-20 15:43:38 | INFO     | fedaugment.utils.logger:44 | Epoch 230: train_loss: 2.05791
2026-04-20 15:43:42 | INFO     | fedaugment.utils.logger:44 | Epoch 231: train_loss: 2.05708
2026-04-20 15:43:48 | INFO     | fedaugment.utils.logger:44 | Epoch 232: train_loss: 2.05874
2026-04-20 15:43:52 | INFO     | fedaugment.utils.logger:44 | Epoch 233: train_loss: 2.05634
2026-04-20 15:43:56 | INFO     | fedaugment.utils.logger:44 | Epoch 234: train_loss: 2.05815
2026-04-20 15:44:01 | INFO     | fedaugment.utils.logger:44 | Epoch 235: train_loss: 2.05746
2026-04-20 15:44:05 | INFO     | fedaugment.utils.logger:44 | Epoch 236: train_loss: 2.05762
2026-04-20 15:44:10 | INFO     | fedaugment.utils.logger:44 | Epoch 237: train_loss: 2.05671
2026-04-20 15:44:14 | INFO     | fedaugment.utils.logger:44 | Epoch 238: train_loss: 2.05583
2026-04-20 15:44:19 | INFO     | fedaugment.utils.logger:44 | Epoch 239: train_loss: 2.05630
2026-04-20 15:44:23 | INFO     | fedaugment.utils.logger:44 | Epoch 240: train_loss: 2.05762
2026-04-20 15:44:26 | INFO     | fedaugment.utils.logger:44 | Epoch 241: train_loss: 2.05680
2026-04-20 15:44:31 | INFO     | fedaugment.utils.logger:44 | Epoch 242: train_loss: 2.05628
2026-04-20 15:44:35 | INFO     | fedaugment.utils.logger:44 | Epoch 243: train_loss: 2.05759
2026-04-20 15:44:40 | INFO     | fedaugment.utils.logger:44 | Epoch 244: train_loss: 2.05807
2026-04-20 15:44:44 | INFO     | fedaugment.utils.logger:44 | Epoch 245: train_loss: 2.05697
2026-04-20 15:44:49 | INFO     | fedaugment.utils.logger:44 | Epoch 246: train_loss: 2.05774
2026-04-20 15:44:53 | INFO     | fedaugment.utils.logger:44 | Epoch 247: train_loss: 2.05726
2026-04-20 15:44:58 | INFO     | fedaugment.utils.logger:44 | Epoch 248: train_loss: 2.05639
2026-04-20 15:45:02 | INFO     | fedaugment.utils.logger:44 | Epoch 249: train_loss: 2.05794
2026-04-20 15:45:02 | INFO     | lightning_utilities.core.rank_zero:60 | `Trainer.fit` stopped: `max_epochs=250` reached.
2026-04-20 15:45:03 | INFO     | fedaugment.projections.main:169 | Starting testing phase...
2026-04-20 15:45:03 | INFO     | lightning.pytorch.accelerators.cuda:61 | LOCAL_RANK: 0 - CUDA_VISIBLE_DEVICES: [0]
2026-04-20 15:45:03 | INFO     | fedaugment.utils.logger:38 | {'module_kwargs': CLModuleConfig(model_type='projection_head', out_dim=1024, hidden_dims=[1024, 1536, 1536], activation='silu', normalization='batch', dropout=0.0, no_val_orchestrator=True, no_test_orchestrator=False), 'criterion': CriterionConfig(class_='MultiViewNTXentLoss', kwargs={'temperature': 0.1}), 'optim_configs': [OptimizerConfig(class_='AdamW', kwargs={'lr': 0.001, 'weight_decay': 0.01})], 'sched_configs': [LRSchedulerConfig(class_='OneCycleLR', interval='epoch', frequency=1, monitor=None, kwargs={'max_lr': 0.003, 'total_steps': None, 'pct_start': 0.1, 'anneal_strategy': 'cos', 'div_factor': 10.0, 'final_div_factor': 1000.0})], 'pipeline_names': ['distilroberta-dj_adpt', 'mini_l12-dj_adpt', 'mini_l6-dj_adpt', 'gte_base-dj_adpt', 'gtr_t5-dj_adpt', 'mpnet-dj_adpt'], 'embedding_dims': [768, 384, 384, 768, 768, 768], 'data_batch_size': 4096, 'metric_batch_size': 65536}
2026-04-20 15:46:15 | DEBUG    | fedaugment.projections.metrics.base:115 | Computing CosineSimilarityOrchestrator metrics.
2026-04-20 15:46:15 | WARNING  | fedaugment.projections.metrics.base:117 | Number of projections (8891658) is not divisible by chunk size (65536). This may lead to suboptimal performance.
2026-04-20 19:19:16 | DEBUG    | fedaugment.projections.metrics.base:198 | Finalized CosineSimilarityOrchestrator metrics
2026-04-20 19:19:16 | INFO     | fedaugment.utils.logger:44 | Epoch 250: test_loss: 3.70122, test_cossim_mean: 0.00407, test_entity_stability_15: 0.14466, test_entity_stability_5: 0.10299, test_entity_stability_50: 0.22504, test_same_lbl_cossim_mean: 0.81376
2026-04-20 19:19:17 | INFO     | fedaugment.projections.main:176 | Best model checkpoint saved at /local-ssd/lennart/checkpoints/curation/webtable_grid-mpnet-dj_adpt-k=12609-pca=0.9/last.ckpt
2026-04-20 19:19:17 | INFO     | __main__:48 | Evaluating random-mpnet-dj_adpt-k=12609 on webtable 001
2026-04-20 19:19:17 | DEBUG    | fedaugment.projections.main:72 | Experiment configuration: {"experiment_name":"webtable_random-mpnet-dj_adpt-k=12609","experiment_group":"curation","experiment_version":1,"seed":42,"data_module":{"class_":"DefaultDataModule","data":{"train":["data/embeddings/webtable/sample-001/random-mpnet-dj_adpt-k=12609/distilroberta-dj_adpt.fa","data/embeddings/webtable/sample-001/random-mpnet-dj_adpt-k=12609/mini_l12-dj_adpt.fa","data/embeddings/webtable/sample-001/random-mpnet-dj_adpt-k=12609/mini_l6-dj_adpt.fa","data/embeddings/webtable/sample-001/random-mpnet-dj_adpt-k=12609/gte_base-dj_adpt.fa","data/embeddings/webtable/sample-001/random-mpnet-dj_adpt-k=12609/gtr_t5-dj_adpt.fa","data/embeddings/webtable/sample-001/random-mpnet-dj_adpt-k=12609/mpnet-dj_adpt.fa"],"val":null,"test":["data/embeddings/webtable/split/test/distilroberta-dj_adpt.fa","data/embeddings/webtable/split/test/mini_l12-dj_adpt.fa","data/embeddings/webtable/split/test/mini_l6-dj_adpt.fa","data/embeddings/webtable/split/test/gte_base-dj_adpt.fa","data/embeddings/webtable/split/test/gtr_t5-dj_adpt.fa","data/embeddings/webtable/split/test/mpnet-dj_adpt.fa"]},"mmap_mode":"r+","batch_size":4096,"num_workers":32,"pin_memory":true,"persistent_workers":true,"prefetch_factor":5,"verify_column_ids":true},"projection_model":{"class_":"ContrastiveLearningModel","module_kwargs":{"model_type":"projection_head","out_dim":1024,"hidden_dims":[1024,1536,1536],"activation":"silu","normalization":"batch","dropout":0.0,"no_val_orchestrator":true,"no_test_orchestrator":false},"criterion":{"class_":"MultiViewNTXentLoss","kwargs":{"temperature":0.1}},"optimizers":[{"class_":"AdamW","kwargs":{"lr":0.001,"weight_decay":0.01}}],"schedulers":[{"class_":"OneCycleLR","interval":"epoch","frequency":1,"monitor":null,"kwargs":{"max_lr":0.003,"total_steps":null,"pct_start":0.1,"anneal_strategy":"cos","div_factor":10.0,"final_div_factor":1000.0}}],"metric_batch_size":65536},"trainer":{"max_epochs":250,"accelerator":"gpu","check_val_every_n_epoch":1,"devices":"auto","deterministic":false,"enable_checkpointing":true,"enable_model_summary":true,"enable_progress_bar":true,"log_every_n_steps":50,"patience":null,"max_time":"00:24:00:00","num_sanity_val_steps":2,"precision":"bf16-mixed","profiler":null},"compile_model":true}
2026-04-20 19:19:17 | INFO     | lightning.fabric.utilities.seed:57 | Seed set to 42
2026-04-20 19:19:19 | INFO     | fedaugment.projections.main:83 | Compiling projection model...
2026-04-20 19:19:19 | INFO     | fedaugment.projections.main:85 | Projection model compiled
2026-04-20 19:19:19 | INFO     | fedaugment.projections.main:87 | Initializing trainer...
2026-04-20 19:19:19 | INFO     | lightning_utilities.core.rank_zero:60 | Using bfloat16 Automatic Mixed Precision (AMP)
2026-04-20 19:19:20 | INFO     | lightning_utilities.core.rank_zero:60 | GPU available: True (cuda), used: True
2026-04-20 19:19:20 | INFO     | lightning_utilities.core.rank_zero:60 | TPU available: False, using: 0 TPU cores
2026-04-20 19:19:20 | INFO     | fedaugment.projections.main:148 | Trainer initialized
2026-04-20 19:19:20 | INFO     | fedaugment.projections.main:158 | Starting training phase...
2026-04-20 19:19:20 | INFO     | lightning.pytorch.accelerators.cuda:61 | LOCAL_RANK: 0 - CUDA_VISIBLE_DEVICES: [0]
2026-04-20 19:19:20 | INFO     | lightning_utilities.core.rank_zero:60 | Loading `train_dataloader` to estimate number of stepping batches.
2026-04-20 19:19:20 | INFO     | fedaugment.projections.models.projection_model:123 | Setting OneCycleLR total_steps to trainer.estimated_stepping_batches=1000.
2026-04-20 19:19:20 | WARNING  | fedaugment.projections.models.projection_model:134 | OneCycleLR requires interval='step'. Overriding configured interval='epoch' to 'step'.
2026-04-20 19:19:20 | INFO     | lightning.pytorch.callbacks.model_summary:110 |
  | Name              | Type                         | Params | Mode  | FLOPs
-----------------------------------------------------------------------------------
0 | criterion         | MultiViewNTXentLoss          | 0      | train | 0
1 | val_metrics       | MetricCollection             | 0      | train | 0
2 | test_metrics      | MetricCollection             | 0      | train | 0
3 | val_orchestrator  | CosineSimilarityOrchestrator | 0      | train | 0
4 | test_orchestrator | CosineSimilarityOrchestrator | 0      | train | 0
5 | projection_heads  | ModuleList                   | 37.0 M | train | 0
-----------------------------------------------------------------------------------
37.0 M    Trainable params
0         Non-trainable params
37.0 M    Total params
148.120   Total estimated model params size (MB)
89        Modules in train mode
0         Modules in eval mode
0         Total Flops
2026-04-20 19:19:20 | INFO     | fedaugment.utils.logger:38 | {'module_kwargs': CLModuleConfig(model_type='projection_head', out_dim=1024, hidden_dims=[1024, 1536, 1536], activation='silu', normalization='batch', dropout=0.0, no_val_orchestrator=True, no_test_orchestrator=False), 'criterion': CriterionConfig(class_='MultiViewNTXentLoss', kwargs={'temperature': 0.1}), 'optim_configs': [OptimizerConfig(class_='AdamW', kwargs={'lr': 0.001, 'weight_decay': 0.01})], 'sched_configs': [LRSchedulerConfig(class_='OneCycleLR', interval='epoch', frequency=1, monitor=None, kwargs={'max_lr': 0.003, 'total_steps': None, 'pct_start': 0.1, 'anneal_strategy': 'cos', 'div_factor': 10.0, 'final_div_factor': 1000.0})], 'pipeline_names': ['distilroberta-dj_adpt', 'mini_l12-dj_adpt', 'mini_l6-dj_adpt', 'gte_base-dj_adpt', 'gtr_t5-dj_adpt', 'mpnet-dj_adpt'], 'embedding_dims': [768, 384, 384, 768, 768, 768], 'data_batch_size': 4096, 'metric_batch_size': 65536}
2026-04-20 19:19:47 | INFO     | fedaugment.utils.logger:44 | Epoch 0: train_loss: 9.59502
2026-04-20 19:19:51 | INFO     | fedaugment.utils.logger:44 | Epoch 1: train_loss: 6.95667
2026-04-20 19:19:56 | INFO     | fedaugment.utils.logger:44 | Epoch 2: train_loss: 5.87208
2026-04-20 19:20:00 | INFO     | fedaugment.utils.logger:44 | Epoch 3: train_loss: 5.28754
2026-04-20 19:20:04 | INFO     | fedaugment.utils.logger:44 | Epoch 4: train_loss: 4.88898
2026-04-20 19:20:09 | INFO     | fedaugment.utils.logger:44 | Epoch 5: train_loss: 4.58596
2026-04-20 19:20:13 | INFO     | fedaugment.utils.logger:44 | Epoch 6: train_loss: 4.35463
2026-04-20 19:20:17 | INFO     | fedaugment.utils.logger:44 | Epoch 7: train_loss: 4.16485
2026-04-20 19:20:22 | INFO     | fedaugment.utils.logger:44 | Epoch 8: train_loss: 4.00591
2026-04-20 19:20:26 | INFO     | fedaugment.utils.logger:44 | Epoch 9: train_loss: 3.86476
2026-04-20 19:20:30 | INFO     | fedaugment.utils.logger:44 | Epoch 10: train_loss: 3.74278
2026-04-20 19:20:34 | INFO     | fedaugment.utils.logger:44 | Epoch 11: train_loss: 3.64165
2026-04-20 19:20:39 | INFO     | fedaugment.utils.logger:44 | Epoch 12: train_loss: 3.55465
2026-04-20 19:20:43 | INFO     | fedaugment.utils.logger:44 | Epoch 13: train_loss: 3.48897
2026-04-20 19:20:47 | INFO     | fedaugment.utils.logger:44 | Epoch 14: train_loss: 3.43614
2026-04-20 19:20:52 | INFO     | fedaugment.utils.logger:44 | Epoch 15: train_loss: 3.39152
2026-04-20 19:20:56 | INFO     | fedaugment.utils.logger:44 | Epoch 16: train_loss: 3.37334
2026-04-20 19:20:59 | INFO     | fedaugment.utils.logger:44 | Epoch 17: train_loss: 3.34267
2026-04-20 19:21:03 | INFO     | fedaugment.utils.logger:44 | Epoch 18: train_loss: 3.30906
2026-04-20 19:21:08 | INFO     | fedaugment.utils.logger:44 | Epoch 19: train_loss: 3.27445
2026-04-20 19:21:12 | INFO     | fedaugment.utils.logger:44 | Epoch 20: train_loss: 3.26394
2026-04-20 19:21:16 | INFO     | fedaugment.utils.logger:44 | Epoch 21: train_loss: 3.24225
2026-04-20 19:21:21 | INFO     | fedaugment.utils.logger:44 | Epoch 22: train_loss: 3.21080
2026-04-20 19:21:25 | INFO     | fedaugment.utils.logger:44 | Epoch 23: train_loss: 3.17325
2026-04-20 19:21:29 | INFO     | fedaugment.utils.logger:44 | Epoch 24: train_loss: 3.12874
2026-04-20 19:21:33 | INFO     | fedaugment.utils.logger:44 | Epoch 25: train_loss: 3.10069
2026-04-20 19:21:38 | INFO     | fedaugment.utils.logger:44 | Epoch 26: train_loss: 3.06412
2026-04-20 19:21:42 | INFO     | fedaugment.utils.logger:44 | Epoch 27: train_loss: 3.02222
2026-04-20 19:21:46 | INFO     | fedaugment.utils.logger:44 | Epoch 28: train_loss: 2.99245
2026-04-20 19:21:51 | INFO     | fedaugment.utils.logger:44 | Epoch 29: train_loss: 2.96641
2026-04-20 19:21:55 | INFO     | fedaugment.utils.logger:44 | Epoch 30: train_loss: 2.95626
2026-04-20 19:21:59 | INFO     | fedaugment.utils.logger:44 | Epoch 31: train_loss: 2.93912
2026-04-20 19:22:04 | INFO     | fedaugment.utils.logger:44 | Epoch 32: train_loss: 2.92613
2026-04-20 19:22:08 | INFO     | fedaugment.utils.logger:44 | Epoch 33: train_loss: 2.90250
2026-04-20 19:22:13 | INFO     | fedaugment.utils.logger:44 | Epoch 34: train_loss: 2.88763
2026-04-20 19:22:17 | INFO     | fedaugment.utils.logger:44 | Epoch 35: train_loss: 2.86870
2026-04-20 19:22:22 | INFO     | fedaugment.utils.logger:44 | Epoch 36: train_loss: 2.86863
2026-04-20 19:22:26 | INFO     | fedaugment.utils.logger:44 | Epoch 37: train_loss: 2.86202
2026-04-20 19:22:30 | INFO     | fedaugment.utils.logger:44 | Epoch 38: train_loss: 2.84795
2026-04-20 19:22:34 | INFO     | fedaugment.utils.logger:44 | Epoch 39: train_loss: 2.82492
2026-04-20 19:22:39 | INFO     | fedaugment.utils.logger:44 | Epoch 40: train_loss: 2.81506
2026-04-20 19:22:43 | INFO     | fedaugment.utils.logger:44 | Epoch 41: train_loss: 2.80627
2026-04-20 19:22:47 | INFO     | fedaugment.utils.logger:44 | Epoch 42: train_loss: 2.79888
2026-04-20 19:22:52 | INFO     | fedaugment.utils.logger:44 | Epoch 43: train_loss: 2.78742
2026-04-20 19:22:56 | INFO     | fedaugment.utils.logger:44 | Epoch 44: train_loss: 2.76663
2026-04-20 19:23:00 | INFO     | fedaugment.utils.logger:44 | Epoch 45: train_loss: 2.76097
2026-04-20 19:23:05 | INFO     | fedaugment.utils.logger:44 | Epoch 46: train_loss: 2.75510
2026-04-20 19:23:09 | INFO     | fedaugment.utils.logger:44 | Epoch 47: train_loss: 2.74633
2026-04-20 19:23:14 | INFO     | fedaugment.utils.logger:44 | Epoch 48: train_loss: 2.73309
2026-04-20 19:23:18 | INFO     | fedaugment.utils.logger:44 | Epoch 49: train_loss: 2.72664
2026-04-20 19:23:23 | INFO     | fedaugment.utils.logger:44 | Epoch 50: train_loss: 2.71716
2026-04-20 19:23:27 | INFO     | fedaugment.utils.logger:44 | Epoch 51: train_loss: 2.70969
2026-04-20 19:23:31 | INFO     | fedaugment.utils.logger:44 | Epoch 52: train_loss: 2.71279
2026-04-20 19:23:35 | INFO     | fedaugment.utils.logger:44 | Epoch 53: train_loss: 2.72305
2026-04-20 19:23:40 | INFO     | fedaugment.utils.logger:44 | Epoch 54: train_loss: 2.71031
2026-04-20 19:23:44 | INFO     | fedaugment.utils.logger:44 | Epoch 55: train_loss: 2.70209
2026-04-20 19:23:48 | INFO     | fedaugment.utils.logger:44 | Epoch 56: train_loss: 2.69026
2026-04-20 19:23:53 | INFO     | fedaugment.utils.logger:44 | Epoch 57: train_loss: 2.68146
2026-04-20 19:23:57 | INFO     | fedaugment.utils.logger:44 | Epoch 58: train_loss: 2.67347
2026-04-20 19:24:01 | INFO     | fedaugment.utils.logger:44 | Epoch 59: train_loss: 2.66020
2026-04-20 19:24:06 | INFO     | fedaugment.utils.logger:44 | Epoch 60: train_loss: 2.65638
2026-04-20 19:24:10 | INFO     | fedaugment.utils.logger:44 | Epoch 61: train_loss: 2.65220
2026-04-20 19:24:14 | INFO     | fedaugment.utils.logger:44 | Epoch 62: train_loss: 2.65352
2026-04-20 19:24:19 | INFO     | fedaugment.utils.logger:44 | Epoch 63: train_loss: 2.64599
2026-04-20 19:24:23 | INFO     | fedaugment.utils.logger:44 | Epoch 64: train_loss: 2.64255
2026-04-20 19:24:28 | INFO     | fedaugment.utils.logger:44 | Epoch 65: train_loss: 2.63517
2026-04-20 19:24:32 | INFO     | fedaugment.utils.logger:44 | Epoch 66: train_loss: 2.63205
2026-04-20 19:24:36 | INFO     | fedaugment.utils.logger:44 | Epoch 67: train_loss: 2.62707
2026-04-20 19:24:41 | INFO     | fedaugment.utils.logger:44 | Epoch 68: train_loss: 2.62653
2026-04-20 19:24:45 | INFO     | fedaugment.utils.logger:44 | Epoch 69: train_loss: 2.62290
2026-04-20 19:24:50 | INFO     | fedaugment.utils.logger:44 | Epoch 70: train_loss: 2.62344
2026-04-20 19:24:54 | INFO     | fedaugment.utils.logger:44 | Epoch 71: train_loss: 2.61680
2026-04-20 19:24:58 | INFO     | fedaugment.utils.logger:44 | Epoch 72: train_loss: 2.61637
2026-04-20 19:25:02 | INFO     | fedaugment.utils.logger:44 | Epoch 73: train_loss: 2.60991
2026-04-20 19:25:07 | INFO     | fedaugment.utils.logger:44 | Epoch 74: train_loss: 2.60578
2026-04-20 19:25:11 | INFO     | fedaugment.utils.logger:44 | Epoch 75: train_loss: 2.60651
2026-04-20 19:25:15 | INFO     | fedaugment.utils.logger:44 | Epoch 76: train_loss: 2.59860
2026-04-20 19:25:20 | INFO     | fedaugment.utils.logger:44 | Epoch 77: train_loss: 2.59458
2026-04-20 19:25:24 | INFO     | fedaugment.utils.logger:44 | Epoch 78: train_loss: 2.58846
2026-04-20 19:25:29 | INFO     | fedaugment.utils.logger:44 | Epoch 79: train_loss: 2.58110
2026-04-20 19:25:33 | INFO     | fedaugment.utils.logger:44 | Epoch 80: train_loss: 2.57089
2026-04-20 19:25:37 | INFO     | fedaugment.utils.logger:44 | Epoch 81: train_loss: 2.55922
2026-04-20 19:25:42 | INFO     | fedaugment.utils.logger:44 | Epoch 82: train_loss: 2.55590
2026-04-20 19:25:46 | INFO     | fedaugment.utils.logger:44 | Epoch 83: train_loss: 2.55112
2026-04-20 19:25:50 | INFO     | fedaugment.utils.logger:44 | Epoch 84: train_loss: 2.54626
2026-04-20 19:25:55 | INFO     | fedaugment.utils.logger:44 | Epoch 85: train_loss: 2.54479
2026-04-20 19:25:59 | INFO     | fedaugment.utils.logger:44 | Epoch 86: train_loss: 2.54615
2026-04-20 19:26:03 | INFO     | fedaugment.utils.logger:44 | Epoch 87: train_loss: 2.54455
2026-04-20 19:26:07 | INFO     | fedaugment.utils.logger:44 | Epoch 88: train_loss: 2.53880
2026-04-20 19:26:12 | INFO     | fedaugment.utils.logger:44 | Epoch 89: train_loss: 2.54042
2026-04-20 19:26:16 | INFO     | fedaugment.utils.logger:44 | Epoch 90: train_loss: 2.53683
2026-04-20 19:26:20 | INFO     | fedaugment.utils.logger:44 | Epoch 91: train_loss: 2.53483
2026-04-20 19:26:24 | INFO     | fedaugment.utils.logger:44 | Epoch 92: train_loss: 2.52876
2026-04-20 19:26:28 | INFO     | fedaugment.utils.logger:44 | Epoch 93: train_loss: 2.52748
2026-04-20 19:26:32 | INFO     | fedaugment.utils.logger:44 | Epoch 94: train_loss: 2.51975
2026-04-20 19:26:37 | INFO     | fedaugment.utils.logger:44 | Epoch 95: train_loss: 2.51175
2026-04-20 19:26:41 | INFO     | fedaugment.utils.logger:44 | Epoch 96: train_loss: 2.51190
2026-04-20 19:26:45 | INFO     | fedaugment.utils.logger:44 | Epoch 97: train_loss: 2.50773
2026-04-20 19:26:49 | INFO     | fedaugment.utils.logger:44 | Epoch 98: train_loss: 2.50785
2026-04-20 19:26:53 | INFO     | fedaugment.utils.logger:44 | Epoch 99: train_loss: 2.50485
2026-04-20 19:26:57 | INFO     | fedaugment.utils.logger:44 | Epoch 100: train_loss: 2.50210
2026-04-20 19:27:01 | INFO     | fedaugment.utils.logger:44 | Epoch 101: train_loss: 2.50122
2026-04-20 19:27:04 | INFO     | fedaugment.utils.logger:44 | Epoch 102: train_loss: 2.49566
2026-04-20 19:27:09 | INFO     | fedaugment.utils.logger:44 | Epoch 103: train_loss: 2.49876
2026-04-20 19:27:13 | INFO     | fedaugment.utils.logger:44 | Epoch 104: train_loss: 2.49736
2026-04-20 19:27:18 | INFO     | fedaugment.utils.logger:44 | Epoch 105: train_loss: 2.49418
2026-04-20 19:27:22 | INFO     | fedaugment.utils.logger:44 | Epoch 106: train_loss: 2.49255
2026-04-20 19:27:26 | INFO     | fedaugment.utils.logger:44 | Epoch 107: train_loss: 2.49049
2026-04-20 19:27:30 | INFO     | fedaugment.utils.logger:44 | Epoch 108: train_loss: 2.48905
2026-04-20 19:27:34 | INFO     | fedaugment.utils.logger:44 | Epoch 109: train_loss: 2.48693
2026-04-20 19:27:38 | INFO     | fedaugment.utils.logger:44 | Epoch 110: train_loss: 2.48418
2026-04-20 19:27:43 | INFO     | fedaugment.utils.logger:44 | Epoch 111: train_loss: 2.47924
2026-04-20 19:27:47 | INFO     | fedaugment.utils.logger:44 | Epoch 112: train_loss: 2.47390
2026-04-20 19:27:52 | INFO     | fedaugment.utils.logger:44 | Epoch 113: train_loss: 2.46812
2026-04-20 19:27:56 | INFO     | fedaugment.utils.logger:44 | Epoch 114: train_loss: 2.47391
2026-04-20 19:28:00 | INFO     | fedaugment.utils.logger:44 | Epoch 115: train_loss: 2.47096
2026-04-20 19:28:04 | INFO     | fedaugment.utils.logger:44 | Epoch 116: train_loss: 2.47096
2026-04-20 19:28:09 | INFO     | fedaugment.utils.logger:44 | Epoch 117: train_loss: 2.46832
2026-04-20 19:28:13 | INFO     | fedaugment.utils.logger:44 | Epoch 118: train_loss: 2.46940
2026-04-20 19:28:17 | INFO     | fedaugment.utils.logger:44 | Epoch 119: train_loss: 2.47353
2026-04-20 19:28:22 | INFO     | fedaugment.utils.logger:44 | Epoch 120: train_loss: 2.46566
2026-04-20 19:28:26 | INFO     | fedaugment.utils.logger:44 | Epoch 121: train_loss: 2.46356
2026-04-20 19:28:31 | INFO     | fedaugment.utils.logger:44 | Epoch 122: train_loss: 2.45892
2026-04-20 19:28:35 | INFO     | fedaugment.utils.logger:44 | Epoch 123: train_loss: 2.45592
2026-04-20 19:28:39 | INFO     | fedaugment.utils.logger:44 | Epoch 124: train_loss: 2.45161
2026-04-20 19:28:44 | INFO     | fedaugment.utils.logger:44 | Epoch 125: train_loss: 2.45051
2026-04-20 19:28:48 | INFO     | fedaugment.utils.logger:44 | Epoch 126: train_loss: 2.45437
2026-04-20 19:28:53 | INFO     | fedaugment.utils.logger:44 | Epoch 127: train_loss: 2.45081
2026-04-20 19:28:57 | INFO     | fedaugment.utils.logger:44 | Epoch 128: train_loss: 2.45057
2026-04-20 19:29:01 | INFO     | fedaugment.utils.logger:44 | Epoch 129: train_loss: 2.44342
2026-04-20 19:29:05 | INFO     | fedaugment.utils.logger:44 | Epoch 130: train_loss: 2.44576
2026-04-20 19:29:10 | INFO     | fedaugment.utils.logger:44 | Epoch 131: train_loss: 2.44377
2026-04-20 19:29:14 | INFO     | fedaugment.utils.logger:44 | Epoch 132: train_loss: 2.44124
2026-04-20 19:29:18 | INFO     | fedaugment.utils.logger:44 | Epoch 133: train_loss: 2.44008
2026-04-20 19:29:23 | INFO     | fedaugment.utils.logger:44 | Epoch 134: train_loss: 2.43766
2026-04-20 19:29:27 | INFO     | fedaugment.utils.logger:44 | Epoch 135: train_loss: 2.43853
2026-04-20 19:29:31 | INFO     | fedaugment.utils.logger:44 | Epoch 136: train_loss: 2.43676
2026-04-20 19:29:35 | INFO     | fedaugment.utils.logger:44 | Epoch 137: train_loss: 2.43723
2026-04-20 19:29:40 | INFO     | fedaugment.utils.logger:44 | Epoch 138: train_loss: 2.43397
2026-04-20 19:29:43 | INFO     | fedaugment.utils.logger:44 | Epoch 139: train_loss: 2.42762
2026-04-20 19:29:47 | INFO     | fedaugment.utils.logger:44 | Epoch 140: train_loss: 2.42456
2026-04-20 19:29:52 | INFO     | fedaugment.utils.logger:44 | Epoch 141: train_loss: 2.42774
2026-04-20 19:29:55 | INFO     | fedaugment.utils.logger:44 | Epoch 142: train_loss: 2.42815
2026-04-20 19:29:59 | INFO     | fedaugment.utils.logger:44 | Epoch 143: train_loss: 2.42437
2026-04-20 19:30:03 | INFO     | fedaugment.utils.logger:44 | Epoch 144: train_loss: 2.42551
2026-04-20 19:30:07 | INFO     | fedaugment.utils.logger:44 | Epoch 145: train_loss: 2.42363
2026-04-20 19:30:10 | INFO     | fedaugment.utils.logger:44 | Epoch 146: train_loss: 2.42291
2026-04-20 19:30:14 | INFO     | fedaugment.utils.logger:44 | Epoch 147: train_loss: 2.41659
2026-04-20 19:30:19 | INFO     | fedaugment.utils.logger:44 | Epoch 148: train_loss: 2.41178
2026-04-20 19:30:23 | INFO     | fedaugment.utils.logger:44 | Epoch 149: train_loss: 2.41451
2026-04-20 19:30:26 | INFO     | fedaugment.utils.logger:44 | Epoch 150: train_loss: 2.41361
2026-04-20 19:30:30 | INFO     | fedaugment.utils.logger:44 | Epoch 151: train_loss: 2.41199
2026-04-20 19:30:34 | INFO     | fedaugment.utils.logger:44 | Epoch 152: train_loss: 2.41040
2026-04-20 19:30:38 | INFO     | fedaugment.utils.logger:44 | Epoch 153: train_loss: 2.40850
2026-04-20 19:30:42 | INFO     | fedaugment.utils.logger:44 | Epoch 154: train_loss: 2.40541
2026-04-20 19:30:46 | INFO     | fedaugment.utils.logger:44 | Epoch 155: train_loss: 2.40528
2026-04-20 19:30:49 | INFO     | fedaugment.utils.logger:44 | Epoch 156: train_loss: 2.40512
2026-04-20 19:30:53 | INFO     | fedaugment.utils.logger:44 | Epoch 157: train_loss: 2.40291
2026-04-20 19:30:57 | INFO     | fedaugment.utils.logger:44 | Epoch 158: train_loss: 2.40071
2026-04-20 19:31:01 | INFO     | fedaugment.utils.logger:44 | Epoch 159: train_loss: 2.39556
2026-04-20 19:31:04 | INFO     | fedaugment.utils.logger:44 | Epoch 160: train_loss: 2.39567
2026-04-20 19:31:08 | INFO     | fedaugment.utils.logger:44 | Epoch 161: train_loss: 2.39359
2026-04-20 19:31:12 | INFO     | fedaugment.utils.logger:44 | Epoch 162: train_loss: 2.39166
2026-04-20 19:31:16 | INFO     | fedaugment.utils.logger:44 | Epoch 163: train_loss: 2.39446
2026-04-20 19:31:19 | INFO     | fedaugment.utils.logger:44 | Epoch 164: train_loss: 2.38905
2026-04-20 19:31:23 | INFO     | fedaugment.utils.logger:44 | Epoch 165: train_loss: 2.38747
2026-04-20 19:31:27 | INFO     | fedaugment.utils.logger:44 | Epoch 166: train_loss: 2.38343
2026-04-20 19:31:32 | INFO     | fedaugment.utils.logger:44 | Epoch 167: train_loss: 2.38466
2026-04-20 19:31:36 | INFO     | fedaugment.utils.logger:44 | Epoch 168: train_loss: 2.38288
2026-04-20 19:31:40 | INFO     | fedaugment.utils.logger:44 | Epoch 169: train_loss: 2.38386
2026-04-20 19:31:45 | INFO     | fedaugment.utils.logger:44 | Epoch 170: train_loss: 2.38289
2026-04-20 19:31:49 | INFO     | fedaugment.utils.logger:44 | Epoch 171: train_loss: 2.38305
2026-04-20 19:31:53 | INFO     | fedaugment.utils.logger:44 | Epoch 172: train_loss: 2.37728
2026-04-20 19:31:58 | INFO     | fedaugment.utils.logger:44 | Epoch 173: train_loss: 2.37815
2026-04-20 19:32:02 | INFO     | fedaugment.utils.logger:44 | Epoch 174: train_loss: 2.37241
2026-04-20 19:32:06 | INFO     | fedaugment.utils.logger:44 | Epoch 175: train_loss: 2.36905
2026-04-20 19:32:11 | INFO     | fedaugment.utils.logger:44 | Epoch 176: train_loss: 2.37280
2026-04-20 19:32:15 | INFO     | fedaugment.utils.logger:44 | Epoch 177: train_loss: 2.36972
2026-04-20 19:32:19 | INFO     | fedaugment.utils.logger:44 | Epoch 178: train_loss: 2.36644
2026-04-20 19:32:23 | INFO     | fedaugment.utils.logger:44 | Epoch 179: train_loss: 2.36884
2026-04-20 19:32:28 | INFO     | fedaugment.utils.logger:44 | Epoch 180: train_loss: 2.36550
2026-04-20 19:32:32 | INFO     | fedaugment.utils.logger:44 | Epoch 181: train_loss: 2.37022
2026-04-20 19:32:36 | INFO     | fedaugment.utils.logger:44 | Epoch 182: train_loss: 2.36979
2026-04-20 19:32:40 | INFO     | fedaugment.utils.logger:44 | Epoch 183: train_loss: 2.36687
2026-04-20 19:32:43 | INFO     | fedaugment.utils.logger:44 | Epoch 184: train_loss: 2.36472
2026-04-20 19:32:47 | INFO     | fedaugment.utils.logger:44 | Epoch 185: train_loss: 2.36841
2026-04-20 19:32:51 | INFO     | fedaugment.utils.logger:44 | Epoch 186: train_loss: 2.36807
2026-04-20 19:32:56 | INFO     | fedaugment.utils.logger:44 | Epoch 187: train_loss: 2.36534
2026-04-20 19:33:00 | INFO     | fedaugment.utils.logger:44 | Epoch 188: train_loss: 2.36214
2026-04-20 19:33:03 | INFO     | fedaugment.utils.logger:44 | Epoch 189: train_loss: 2.36479
2026-04-20 19:33:07 | INFO     | fedaugment.utils.logger:44 | Epoch 190: train_loss: 2.36354
2026-04-20 19:33:11 | INFO     | fedaugment.utils.logger:44 | Epoch 191: train_loss: 2.36226
2026-04-20 19:33:15 | INFO     | fedaugment.utils.logger:44 | Epoch 192: train_loss: 2.35964
2026-04-20 19:33:18 | INFO     | fedaugment.utils.logger:44 | Epoch 193: train_loss: 2.36410
2026-04-20 19:33:22 | INFO     | fedaugment.utils.logger:44 | Epoch 194: train_loss: 2.36599
2026-04-20 19:33:26 | INFO     | fedaugment.utils.logger:44 | Epoch 195: train_loss: 2.35908
2026-04-20 19:33:30 | INFO     | fedaugment.utils.logger:44 | Epoch 196: train_loss: 2.35961
2026-04-20 19:33:34 | INFO     | fedaugment.utils.logger:44 | Epoch 197: train_loss: 2.36220
2026-04-20 19:33:37 | INFO     | fedaugment.utils.logger:44 | Epoch 198: train_loss: 2.35983
2026-04-20 19:33:41 | INFO     | fedaugment.utils.logger:44 | Epoch 199: train_loss: 2.35801
2026-04-20 19:33:45 | INFO     | fedaugment.utils.logger:44 | Epoch 200: train_loss: 2.36352
2026-04-20 19:33:49 | INFO     | fedaugment.utils.logger:44 | Epoch 201: train_loss: 2.35682
2026-04-20 19:33:52 | INFO     | fedaugment.utils.logger:44 | Epoch 202: train_loss: 2.35893
2026-04-20 19:33:56 | INFO     | fedaugment.utils.logger:44 | Epoch 203: train_loss: 2.35501
2026-04-20 19:34:00 | INFO     | fedaugment.utils.logger:44 | Epoch 204: train_loss: 2.35577
2026-04-20 19:34:04 | INFO     | fedaugment.utils.logger:44 | Epoch 205: train_loss: 2.35932
2026-04-20 19:34:08 | INFO     | fedaugment.utils.logger:44 | Epoch 206: train_loss: 2.35934
2026-04-20 19:34:11 | INFO     | fedaugment.utils.logger:44 | Epoch 207: train_loss: 2.35679
2026-04-20 19:34:15 | INFO     | fedaugment.utils.logger:44 | Epoch 208: train_loss: 2.35475
2026-04-20 19:34:19 | INFO     | fedaugment.utils.logger:44 | Epoch 209: train_loss: 2.35639
2026-04-20 19:34:23 | INFO     | fedaugment.utils.logger:44 | Epoch 210: train_loss: 2.35691
2026-04-20 19:34:27 | INFO     | fedaugment.utils.logger:44 | Epoch 211: train_loss: 2.35678
2026-04-20 19:34:31 | INFO     | fedaugment.utils.logger:44 | Epoch 212: train_loss: 2.35494
2026-04-20 19:34:34 | INFO     | fedaugment.utils.logger:44 | Epoch 213: train_loss: 2.35613
2026-04-20 19:34:38 | INFO     | fedaugment.utils.logger:44 | Epoch 214: train_loss: 2.35615
2026-04-20 19:34:42 | INFO     | fedaugment.utils.logger:44 | Epoch 215: train_loss: 2.35412
2026-04-20 19:34:46 | INFO     | fedaugment.utils.logger:44 | Epoch 216: train_loss: 2.35554
2026-04-20 19:34:49 | INFO     | fedaugment.utils.logger:44 | Epoch 217: train_loss: 2.35492
2026-04-20 19:34:53 | INFO     | fedaugment.utils.logger:44 | Epoch 218: train_loss: 2.35399
2026-04-20 19:34:57 | INFO     | fedaugment.utils.logger:44 | Epoch 219: train_loss: 2.35688
2026-04-20 19:35:01 | INFO     | fedaugment.utils.logger:44 | Epoch 220: train_loss: 2.35438
2026-04-20 19:35:04 | INFO     | fedaugment.utils.logger:44 | Epoch 221: train_loss: 2.35539
2026-04-20 19:35:09 | INFO     | fedaugment.utils.logger:44 | Epoch 222: train_loss: 2.35230
2026-04-20 19:35:13 | INFO     | fedaugment.utils.logger:44 | Epoch 223: train_loss: 2.35643
2026-04-20 19:35:17 | INFO     | fedaugment.utils.logger:44 | Epoch 224: train_loss: 2.35376
2026-04-20 19:35:21 | INFO     | fedaugment.utils.logger:44 | Epoch 225: train_loss: 2.35143
2026-04-20 19:35:24 | INFO     | fedaugment.utils.logger:44 | Epoch 226: train_loss: 2.35594
2026-04-20 19:35:28 | INFO     | fedaugment.utils.logger:44 | Epoch 227: train_loss: 2.35075
2026-04-20 19:35:32 | INFO     | fedaugment.utils.logger:44 | Epoch 228: train_loss: 2.35481
2026-04-20 19:35:37 | INFO     | fedaugment.utils.logger:44 | Epoch 229: train_loss: 2.35592
2026-04-20 19:35:41 | INFO     | fedaugment.utils.logger:44 | Epoch 230: train_loss: 2.35226
2026-04-20 19:35:44 | INFO     | fedaugment.utils.logger:44 | Epoch 231: train_loss: 2.35078
2026-04-20 19:35:49 | INFO     | fedaugment.utils.logger:44 | Epoch 232: train_loss: 2.35485
2026-04-20 19:35:52 | INFO     | fedaugment.utils.logger:44 | Epoch 233: train_loss: 2.35568
2026-04-20 19:35:56 | INFO     | fedaugment.utils.logger:44 | Epoch 234: train_loss: 2.35364
2026-04-20 19:35:59 | INFO     | fedaugment.utils.logger:44 | Epoch 235: train_loss: 2.35283
2026-04-20 19:36:03 | INFO     | fedaugment.utils.logger:44 | Epoch 236: train_loss: 2.35268
2026-04-20 19:36:07 | INFO     | fedaugment.utils.logger:44 | Epoch 237: train_loss: 2.35769
2026-04-20 19:36:11 | INFO     | fedaugment.utils.logger:44 | Epoch 238: train_loss: 2.34863
2026-04-20 19:36:15 | INFO     | fedaugment.utils.logger:44 | Epoch 239: train_loss: 2.35384
2026-04-20 19:36:19 | INFO     | fedaugment.utils.logger:44 | Epoch 240: train_loss: 2.35144
2026-04-20 19:36:22 | INFO     | fedaugment.utils.logger:44 | Epoch 241: train_loss: 2.35303
2026-04-20 19:36:26 | INFO     | fedaugment.utils.logger:44 | Epoch 242: train_loss: 2.35458
2026-04-20 19:36:30 | INFO     | fedaugment.utils.logger:44 | Epoch 243: train_loss: 2.35335
2026-04-20 19:36:34 | INFO     | fedaugment.utils.logger:44 | Epoch 244: train_loss: 2.36109
2026-04-20 19:36:37 | INFO     | fedaugment.utils.logger:44 | Epoch 245: train_loss: 2.35281
2026-04-20 19:36:41 | INFO     | fedaugment.utils.logger:44 | Epoch 246: train_loss: 2.35374
2026-04-20 19:36:45 | INFO     | fedaugment.utils.logger:44 | Epoch 247: train_loss: 2.35639
2026-04-20 19:36:48 | INFO     | fedaugment.utils.logger:44 | Epoch 248: train_loss: 2.35226
2026-04-20 19:36:52 | INFO     | fedaugment.utils.logger:44 | Epoch 249: train_loss: 2.35460
2026-04-20 19:36:52 | INFO     | lightning_utilities.core.rank_zero:60 | `Trainer.fit` stopped: `max_epochs=250` reached.
2026-04-20 19:36:53 | INFO     | fedaugment.projections.main:169 | Starting testing phase...
2026-04-20 19:36:53 | INFO     | lightning.pytorch.accelerators.cuda:61 | LOCAL_RANK: 0 - CUDA_VISIBLE_DEVICES: [0]
2026-04-20 19:36:53 | INFO     | fedaugment.utils.logger:38 | {'module_kwargs': CLModuleConfig(model_type='projection_head', out_dim=1024, hidden_dims=[1024, 1536, 1536], activation='silu', normalization='batch', dropout=0.0, no_val_orchestrator=True, no_test_orchestrator=False), 'criterion': CriterionConfig(class_='MultiViewNTXentLoss', kwargs={'temperature': 0.1}), 'optim_configs': [OptimizerConfig(class_='AdamW', kwargs={'lr': 0.001, 'weight_decay': 0.01})], 'sched_configs': [LRSchedulerConfig(class_='OneCycleLR', interval='epoch', frequency=1, monitor=None, kwargs={'max_lr': 0.003, 'total_steps': None, 'pct_start': 0.1, 'anneal_strategy': 'cos', 'div_factor': 10.0, 'final_div_factor': 1000.0})], 'pipeline_names': ['distilroberta-dj_adpt', 'mini_l12-dj_adpt', 'mini_l6-dj_adpt', 'gte_base-dj_adpt', 'gtr_t5-dj_adpt', 'mpnet-dj_adpt'], 'embedding_dims': [768, 384, 384, 768, 768, 768], 'data_batch_size': 4096, 'metric_batch_size': 65536}
2026-04-20 19:37:58 | DEBUG    | fedaugment.projections.metrics.base:115 | Computing CosineSimilarityOrchestrator metrics.
2026-04-20 19:37:58 | WARNING  | fedaugment.projections.metrics.base:117 | Number of projections (8891658) is not divisible by chunk size (65536). This may lead to suboptimal performance.
2026-04-20 22:57:20 | DEBUG    | fedaugment.projections.metrics.base:198 | Finalized CosineSimilarityOrchestrator metrics
2026-04-20 22:57:20 | INFO     | fedaugment.utils.logger:44 | Epoch 250: test_loss: 3.32579, test_cossim_mean: 0.00042, test_entity_stability_15: 0.24922, test_entity_stability_5: 0.22525, test_entity_stability_50: 0.33538, test_same_lbl_cossim_mean: 0.85622
2026-04-20 22:57:20 | INFO     | fedaugment.projections.main:176 | Best model checkpoint saved at /local-ssd/lennart/checkpoints/curation/webtable_random-mpnet-dj_adpt-k=12609/last.ckpt
2026-04-20 22:57:20 | INFO     | __main__:48 | Evaluating fft_euc-mpnet-dj_adpt-k=63049-pca=0.9 on webtable 005
2026-04-20 22:57:20 | DEBUG    | fedaugment.projections.main:72 | Experiment configuration: {"experiment_name":"webtable_fft_euc-mpnet-dj_adpt-k=63049-pca=0.9","experiment_group":"curation","experiment_version":1,"seed":42,"data_module":{"class_":"DefaultDataModule","data":{"train":["data/embeddings/webtable/sample-005/fft_euc-mpnet-dj_adpt-k=63049-pca=0.9/distilroberta-dj_adpt.fa","data/embeddings/webtable/sample-005/fft_euc-mpnet-dj_adpt-k=63049-pca=0.9/mini_l12-dj_adpt.fa","data/embeddings/webtable/sample-005/fft_euc-mpnet-dj_adpt-k=63049-pca=0.9/mini_l6-dj_adpt.fa","data/embeddings/webtable/sample-005/fft_euc-mpnet-dj_adpt-k=63049-pca=0.9/gte_base-dj_adpt.fa","data/embeddings/webtable/sample-005/fft_euc-mpnet-dj_adpt-k=63049-pca=0.9/gtr_t5-dj_adpt.fa","data/embeddings/webtable/sample-005/fft_euc-mpnet-dj_adpt-k=63049-pca=0.9/mpnet-dj_adpt.fa"],"val":null,"test":["data/embeddings/webtable/split/test/distilroberta-dj_adpt.fa","data/embeddings/webtable/split/test/mini_l12-dj_adpt.fa","data/embeddings/webtable/split/test/mini_l6-dj_adpt.fa","data/embeddings/webtable/split/test/gte_base-dj_adpt.fa","data/embeddings/webtable/split/test/gtr_t5-dj_adpt.fa","data/embeddings/webtable/split/test/mpnet-dj_adpt.fa"]},"mmap_mode":"r+","batch_size":4096,"num_workers":32,"pin_memory":true,"persistent_workers":true,"prefetch_factor":5,"verify_column_ids":true},"projection_model":{"class_":"ContrastiveLearningModel","module_kwargs":{"model_type":"projection_head","out_dim":1024,"hidden_dims":[1024,1536,1536],"activation":"silu","normalization":"batch","dropout":0.0,"no_val_orchestrator":true,"no_test_orchestrator":false},"criterion":{"class_":"MultiViewNTXentLoss","kwargs":{"temperature":0.1}},"optimizers":[{"class_":"AdamW","kwargs":{"lr":0.001,"weight_decay":0.01}}],"schedulers":[{"class_":"OneCycleLR","interval":"epoch","frequency":1,"monitor":null,"kwargs":{"max_lr":0.003,"total_steps":null,"pct_start":0.1,"anneal_strategy":"cos","div_factor":10.0,"final_div_factor":1000.0}}],"metric_batch_size":65536},"trainer":{"max_epochs":250,"accelerator":"gpu","check_val_every_n_epoch":1,"devices":"auto","deterministic":false,"enable_checkpointing":true,"enable_model_summary":true,"enable_progress_bar":true,"log_every_n_steps":50,"patience":null,"max_time":"00:24:00:00","num_sanity_val_steps":2,"precision":"bf16-mixed","profiler":null},"compile_model":true}
2026-04-20 22:57:20 | INFO     | lightning.fabric.utilities.seed:57 | Seed set to 42
2026-04-20 22:57:22 | INFO     | fedaugment.projections.main:83 | Compiling projection model...
2026-04-20 22:57:22 | INFO     | fedaugment.projections.main:85 | Projection model compiled
2026-04-20 22:57:22 | INFO     | fedaugment.projections.main:87 | Initializing trainer...
2026-04-20 22:57:22 | INFO     | lightning_utilities.core.rank_zero:60 | Using bfloat16 Automatic Mixed Precision (AMP)
2026-04-20 22:57:22 | INFO     | lightning_utilities.core.rank_zero:60 | GPU available: True (cuda), used: True
2026-04-20 22:57:22 | INFO     | lightning_utilities.core.rank_zero:60 | TPU available: False, using: 0 TPU cores
2026-04-20 22:57:22 | INFO     | fedaugment.projections.main:148 | Trainer initialized
2026-04-20 22:57:22 | INFO     | fedaugment.projections.main:158 | Starting training phase...
2026-04-20 22:57:22 | INFO     | lightning.pytorch.accelerators.cuda:61 | LOCAL_RANK: 0 - CUDA_VISIBLE_DEVICES: [0]
2026-04-20 22:57:22 | INFO     | lightning_utilities.core.rank_zero:60 | Loading `train_dataloader` to estimate number of stepping batches.
2026-04-20 22:57:22 | WARNING  | fedaugment.utils.misc:103 | PossibleUserWarning: The number of training batches (16) is smaller than the logging interval Trainer(log_every_n_steps=50). Set a lower value for log_every_n_steps if you want to see logs for the training epoch. (/home/lennart-ldap/projects/fedaugment/.venv/lib/python3.13/site-packages/lightning/pytorch/loops/fit_loop.py:317)
2026-04-20 22:57:22 | INFO     | fedaugment.projections.models.projection_model:123 | Setting OneCycleLR total_steps to trainer.estimated_stepping_batches=4000.
2026-04-20 22:57:22 | WARNING  | fedaugment.projections.models.projection_model:134 | OneCycleLR requires interval='step'. Overriding configured interval='epoch' to 'step'.
2026-04-20 22:57:22 | INFO     | lightning.pytorch.callbacks.model_summary:110 |
  | Name              | Type                         | Params | Mode  | FLOPs
-----------------------------------------------------------------------------------
0 | criterion         | MultiViewNTXentLoss          | 0      | train | 0
1 | val_metrics       | MetricCollection             | 0      | train | 0
2 | test_metrics      | MetricCollection             | 0      | train | 0
3 | val_orchestrator  | CosineSimilarityOrchestrator | 0      | train | 0
4 | test_orchestrator | CosineSimilarityOrchestrator | 0      | train | 0
5 | projection_heads  | ModuleList                   | 37.0 M | train | 0
-----------------------------------------------------------------------------------
37.0 M    Trainable params
0         Non-trainable params
37.0 M    Total params
148.120   Total estimated model params size (MB)
89        Modules in train mode
0         Modules in eval mode
0         Total Flops
2026-04-20 22:57:22 | INFO     | fedaugment.utils.logger:38 | {'module_kwargs': CLModuleConfig(model_type='projection_head', out_dim=1024, hidden_dims=[1024, 1536, 1536], activation='silu', normalization='batch', dropout=0.0, no_val_orchestrator=True, no_test_orchestrator=False), 'criterion': CriterionConfig(class_='MultiViewNTXentLoss', kwargs={'temperature': 0.1}), 'optim_configs': [OptimizerConfig(class_='AdamW', kwargs={'lr': 0.001, 'weight_decay': 0.01})], 'sched_configs': [LRSchedulerConfig(class_='OneCycleLR', interval='epoch', frequency=1, monitor=None, kwargs={'max_lr': 0.003, 'total_steps': None, 'pct_start': 0.1, 'anneal_strategy': 'cos', 'div_factor': 10.0, 'final_div_factor': 1000.0})], 'pipeline_names': ['distilroberta-dj_adpt', 'mini_l12-dj_adpt', 'mini_l6-dj_adpt', 'gte_base-dj_adpt', 'gtr_t5-dj_adpt', 'mpnet-dj_adpt'], 'embedding_dims': [768, 384, 384, 768, 768, 768], 'data_batch_size': 4096, 'metric_batch_size': 65536}
2026-04-20 22:57:53 | INFO     | fedaugment.utils.logger:44 | Epoch 0: train_loss: 7.04985
2026-04-20 22:58:02 | INFO     | fedaugment.utils.logger:44 | Epoch 1: train_loss: 4.90882
2026-04-20 22:58:07 | INFO     | fedaugment.utils.logger:44 | Epoch 2: train_loss: 4.38892
2026-04-20 22:58:14 | INFO     | fedaugment.utils.logger:44 | Epoch 3: train_loss: 4.08528
2026-04-20 22:58:20 | INFO     | fedaugment.utils.logger:44 | Epoch 4: train_loss: 3.86762
2026-04-20 22:58:25 | INFO     | fedaugment.utils.logger:44 | Epoch 5: train_loss: 3.70129
2026-04-20 22:58:33 | INFO     | fedaugment.utils.logger:44 | Epoch 6: train_loss: 3.55649
2026-04-20 22:58:38 | INFO     | fedaugment.utils.logger:44 | Epoch 7: train_loss: 3.42877
2026-04-20 22:58:44 | INFO     | fedaugment.utils.logger:44 | Epoch 8: train_loss: 3.31276
2026-04-20 22:58:52 | INFO     | fedaugment.utils.logger:44 | Epoch 9: train_loss: 3.21047
2026-04-20 22:59:00 | INFO     | fedaugment.utils.logger:44 | Epoch 10: train_loss: 3.12590
2026-04-20 22:59:07 | INFO     | fedaugment.utils.logger:44 | Epoch 11: train_loss: 3.05871
2026-04-20 22:59:13 | INFO     | fedaugment.utils.logger:44 | Epoch 12: train_loss: 2.99820
2026-04-20 22:59:20 | INFO     | fedaugment.utils.logger:44 | Epoch 13: train_loss: 2.94546
2026-04-20 22:59:27 | INFO     | fedaugment.utils.logger:44 | Epoch 14: train_loss: 2.89985
2026-04-20 22:59:34 | INFO     | fedaugment.utils.logger:44 | Epoch 15: train_loss: 2.85843
2026-04-20 22:59:39 | INFO     | fedaugment.utils.logger:44 | Epoch 16: train_loss: 2.83415
2026-04-20 22:59:44 | INFO     | fedaugment.utils.logger:44 | Epoch 17: train_loss: 2.77352
2026-04-20 22:59:49 | INFO     | fedaugment.utils.logger:44 | Epoch 18: train_loss: 2.74721
2026-04-20 22:59:55 | INFO     | fedaugment.utils.logger:44 | Epoch 19: train_loss: 2.70691
2026-04-20 23:00:00 | INFO     | fedaugment.utils.logger:44 | Epoch 20: train_loss: 2.66286
2026-04-20 23:00:05 | INFO     | fedaugment.utils.logger:44 | Epoch 21: train_loss: 2.62089
2026-04-20 23:00:10 | INFO     | fedaugment.utils.logger:44 | Epoch 22: train_loss: 2.58910
2026-04-20 23:00:16 | INFO     | fedaugment.utils.logger:44 | Epoch 23: train_loss: 2.53925
2026-04-20 23:00:21 | INFO     | fedaugment.utils.logger:44 | Epoch 24: train_loss: 2.51613
2026-04-20 23:00:26 | INFO     | fedaugment.utils.logger:44 | Epoch 25: train_loss: 2.47589
2026-04-20 23:00:32 | INFO     | fedaugment.utils.logger:44 | Epoch 26: train_loss: 2.44311
2026-04-20 23:00:37 | INFO     | fedaugment.utils.logger:44 | Epoch 27: train_loss: 2.41370
2026-04-20 23:00:42 | INFO     | fedaugment.utils.logger:44 | Epoch 28: train_loss: 2.39242
2026-04-20 23:00:48 | INFO     | fedaugment.utils.logger:44 | Epoch 29: train_loss: 2.36839
2026-04-20 23:00:53 | INFO     | fedaugment.utils.logger:44 | Epoch 30: train_loss: 2.35602
2026-04-20 23:00:58 | INFO     | fedaugment.utils.logger:44 | Epoch 31: train_loss: 2.33212
2026-04-20 23:01:04 | INFO     | fedaugment.utils.logger:44 | Epoch 32: train_loss: 2.31559
2026-04-20 23:01:09 | INFO     | fedaugment.utils.logger:44 | Epoch 33: train_loss: 2.30138
2026-04-20 23:01:15 | INFO     | fedaugment.utils.logger:44 | Epoch 34: train_loss: 2.28405
2026-04-20 23:01:20 | INFO     | fedaugment.utils.logger:44 | Epoch 35: train_loss: 2.27272
2026-04-20 23:01:26 | INFO     | fedaugment.utils.logger:44 | Epoch 36: train_loss: 2.25832
2026-04-20 23:01:31 | INFO     | fedaugment.utils.logger:44 | Epoch 37: train_loss: 2.25019
2026-04-20 23:01:36 | INFO     | fedaugment.utils.logger:44 | Epoch 38: train_loss: 2.23685
2026-04-20 23:01:41 | INFO     | fedaugment.utils.logger:44 | Epoch 39: train_loss: 2.22417
2026-04-20 23:01:47 | INFO     | fedaugment.utils.logger:44 | Epoch 40: train_loss: 2.21874
2026-04-20 23:01:52 | INFO     | fedaugment.utils.logger:44 | Epoch 41: train_loss: 2.20599
2026-04-20 23:01:57 | INFO     | fedaugment.utils.logger:44 | Epoch 42: train_loss: 2.19938
2026-04-20 23:02:02 | INFO     | fedaugment.utils.logger:44 | Epoch 43: train_loss: 2.18835
2026-04-20 23:02:08 | INFO     | fedaugment.utils.logger:44 | Epoch 44: train_loss: 2.18250
2026-04-20 23:02:13 | INFO     | fedaugment.utils.logger:44 | Epoch 45: train_loss: 2.17487
2026-04-20 23:02:18 | INFO     | fedaugment.utils.logger:44 | Epoch 46: train_loss: 2.16678
2026-04-20 23:02:26 | INFO     | fedaugment.utils.logger:44 | Epoch 47: train_loss: 2.16419
2026-04-20 23:02:32 | INFO     | fedaugment.utils.logger:44 | Epoch 48: train_loss: 2.15568
2026-04-20 23:02:37 | INFO     | fedaugment.utils.logger:44 | Epoch 49: train_loss: 2.14865
2026-04-20 23:02:43 | INFO     | fedaugment.utils.logger:44 | Epoch 50: train_loss: 2.14065
2026-04-20 23:02:48 | INFO     | fedaugment.utils.logger:44 | Epoch 51: train_loss: 2.13645
2026-04-20 23:02:53 | INFO     | fedaugment.utils.logger:44 | Epoch 52: train_loss: 2.14168
2026-04-20 23:03:00 | INFO     | fedaugment.utils.logger:44 | Epoch 53: train_loss: 2.13151
2026-04-20 23:03:08 | INFO     | fedaugment.utils.logger:44 | Epoch 54: train_loss: 2.12266
2026-04-20 23:03:14 | INFO     | fedaugment.utils.logger:44 | Epoch 55: train_loss: 2.11762
2026-04-20 23:03:19 | INFO     | fedaugment.utils.logger:44 | Epoch 56: train_loss: 2.11145
2026-04-20 23:03:27 | INFO     | fedaugment.utils.logger:44 | Epoch 57: train_loss: 2.10925
2026-04-20 23:03:32 | INFO     | fedaugment.utils.logger:44 | Epoch 58: train_loss: 2.10473
2026-04-20 23:03:37 | INFO     | fedaugment.utils.logger:44 | Epoch 59: train_loss: 2.10021
2026-04-20 23:03:42 | INFO     | fedaugment.utils.logger:44 | Epoch 60: train_loss: 2.09661
2026-04-20 23:03:49 | INFO     | fedaugment.utils.logger:44 | Epoch 61: train_loss: 2.09264
2026-04-20 23:03:54 | INFO     | fedaugment.utils.logger:44 | Epoch 62: train_loss: 2.09138
2026-04-20 23:03:59 | INFO     | fedaugment.utils.logger:44 | Epoch 63: train_loss: 2.08961
2026-04-20 23:04:04 | INFO     | fedaugment.utils.logger:44 | Epoch 64: train_loss: 2.08493
2026-04-20 23:04:10 | INFO     | fedaugment.utils.logger:44 | Epoch 65: train_loss: 2.08278
2026-04-20 23:04:15 | INFO     | fedaugment.utils.logger:44 | Epoch 66: train_loss: 2.07861
2026-04-20 23:04:20 | INFO     | fedaugment.utils.logger:44 | Epoch 67: train_loss: 2.07601
2026-04-20 23:04:26 | INFO     | fedaugment.utils.logger:44 | Epoch 68: train_loss: 2.07367
2026-04-20 23:04:31 | INFO     | fedaugment.utils.logger:44 | Epoch 69: train_loss: 2.07123
2026-04-20 23:04:36 | INFO     | fedaugment.utils.logger:44 | Epoch 70: train_loss: 2.06780
2026-04-20 23:04:41 | INFO     | fedaugment.utils.logger:44 | Epoch 71: train_loss: 2.06563
2026-04-20 23:04:46 | INFO     | fedaugment.utils.logger:44 | Epoch 72: train_loss: 2.06318
2026-04-20 23:04:51 | INFO     | fedaugment.utils.logger:44 | Epoch 73: train_loss: 2.06023
2026-04-20 23:04:56 | INFO     | fedaugment.utils.logger:44 | Epoch 74: train_loss: 2.05861
2026-04-20 23:05:02 | INFO     | fedaugment.utils.logger:44 | Epoch 75: train_loss: 2.05531
2026-04-20 23:05:07 | INFO     | fedaugment.utils.logger:44 | Epoch 76: train_loss: 2.05374
2026-04-20 23:05:12 | INFO     | fedaugment.utils.logger:44 | Epoch 77: train_loss: 2.05207
2026-04-20 23:05:17 | INFO     | fedaugment.utils.logger:44 | Epoch 78: train_loss: 2.04973
2026-04-20 23:05:22 | INFO     | fedaugment.utils.logger:44 | Epoch 79: train_loss: 2.04793
2026-04-20 23:05:27 | INFO     | fedaugment.utils.logger:44 | Epoch 80: train_loss: 2.04652
2026-04-20 23:05:33 | INFO     | fedaugment.utils.logger:44 | Epoch 81: train_loss: 2.04437
2026-04-20 23:05:38 | INFO     | fedaugment.utils.logger:44 | Epoch 82: train_loss: 2.04175
2026-04-20 23:05:43 | INFO     | fedaugment.utils.logger:44 | Epoch 83: train_loss: 2.04012
2026-04-20 23:05:49 | INFO     | fedaugment.utils.logger:44 | Epoch 84: train_loss: 2.03815
2026-04-20 23:05:57 | INFO     | fedaugment.utils.logger:44 | Epoch 85: train_loss: 2.03612
2026-04-20 23:06:02 | INFO     | fedaugment.utils.logger:44 | Epoch 86: train_loss: 2.03459
2026-04-20 23:06:10 | INFO     | fedaugment.utils.logger:44 | Epoch 87: train_loss: 2.03340
2026-04-20 23:06:18 | INFO     | fedaugment.utils.logger:44 | Epoch 88: train_loss: 2.03173
2026-04-20 23:06:26 | INFO     | fedaugment.utils.logger:44 | Epoch 89: train_loss: 2.03028
2026-04-20 23:06:32 | INFO     | fedaugment.utils.logger:44 | Epoch 90: train_loss: 2.02882
2026-04-20 23:06:40 | INFO     | fedaugment.utils.logger:44 | Epoch 91: train_loss: 2.02738
2026-04-20 23:06:48 | INFO     | fedaugment.utils.logger:44 | Epoch 92: train_loss: 2.02614
2026-04-20 23:06:56 | INFO     | fedaugment.utils.logger:44 | Epoch 93: train_loss: 2.02434
2026-04-20 23:07:03 | INFO     | fedaugment.utils.logger:44 | Epoch 94: train_loss: 2.02281
2026-04-20 23:07:11 | INFO     | fedaugment.utils.logger:44 | Epoch 95: train_loss: 2.02151
2026-04-20 23:07:19 | INFO     | fedaugment.utils.logger:44 | Epoch 96: train_loss: 2.02012
2026-04-20 23:07:27 | INFO     | fedaugment.utils.logger:44 | Epoch 97: train_loss: 2.01853
2026-04-20 23:07:35 | INFO     | fedaugment.utils.logger:44 | Epoch 98: train_loss: 2.01788
2026-04-20 23:07:40 | INFO     | fedaugment.utils.logger:44 | Epoch 99: train_loss: 2.01644
2026-04-20 23:07:48 | INFO     | fedaugment.utils.logger:44 | Epoch 100: train_loss: 2.01547
2026-04-20 23:07:56 | INFO     | fedaugment.utils.logger:44 | Epoch 101: train_loss: 2.01455
2026-04-20 23:08:03 | INFO     | fedaugment.utils.logger:44 | Epoch 102: train_loss: 2.01324
2026-04-20 23:08:09 | INFO     | fedaugment.utils.logger:44 | Epoch 103: train_loss: 2.01204
2026-04-20 23:08:15 | INFO     | fedaugment.utils.logger:44 | Epoch 104: train_loss: 2.01144
2026-04-20 23:08:20 | INFO     | fedaugment.utils.logger:44 | Epoch 105: train_loss: 2.01027
2026-04-20 23:08:26 | INFO     | fedaugment.utils.logger:44 | Epoch 106: train_loss: 2.00958
2026-04-20 23:08:31 | INFO     | fedaugment.utils.logger:44 | Epoch 107: train_loss: 2.00853
2026-04-20 23:08:36 | INFO     | fedaugment.utils.logger:44 | Epoch 108: train_loss: 2.00786
2026-04-20 23:08:41 | INFO     | fedaugment.utils.logger:44 | Epoch 109: train_loss: 2.00702
2026-04-20 23:08:47 | INFO     | fedaugment.utils.logger:44 | Epoch 110: train_loss: 2.00608
2026-04-20 23:08:52 | INFO     | fedaugment.utils.logger:44 | Epoch 111: train_loss: 2.00491
2026-04-20 23:08:57 | INFO     | fedaugment.utils.logger:44 | Epoch 112: train_loss: 2.00426
2026-04-20 23:09:03 | INFO     | fedaugment.utils.logger:44 | Epoch 113: train_loss: 2.00360
2026-04-20 23:09:08 | INFO     | fedaugment.utils.logger:44 | Epoch 114: train_loss: 2.00291
2026-04-20 23:09:13 | INFO     | fedaugment.utils.logger:44 | Epoch 115: train_loss: 2.00222
2026-04-20 23:09:18 | INFO     | fedaugment.utils.logger:44 | Epoch 116: train_loss: 2.00164
2026-04-20 23:09:24 | INFO     | fedaugment.utils.logger:44 | Epoch 117: train_loss: 2.00112
2026-04-20 23:09:29 | INFO     | fedaugment.utils.logger:44 | Epoch 118: train_loss: 2.00025
2026-04-20 23:09:34 | INFO     | fedaugment.utils.logger:44 | Epoch 119: train_loss: 1.99979
2026-04-20 23:09:40 | INFO     | fedaugment.utils.logger:44 | Epoch 120: train_loss: 1.99919
2026-04-20 23:09:44 | INFO     | fedaugment.utils.logger:44 | Epoch 121: train_loss: 1.99846
2026-04-20 23:09:51 | INFO     | fedaugment.utils.logger:44 | Epoch 122: train_loss: 1.99803
2026-04-20 23:09:56 | INFO     | fedaugment.utils.logger:44 | Epoch 123: train_loss: 1.99732
2026-04-20 23:10:03 | INFO     | fedaugment.utils.logger:44 | Epoch 124: train_loss: 1.99684
2026-04-20 23:10:08 | INFO     | fedaugment.utils.logger:44 | Epoch 125: train_loss: 1.99607
2026-04-20 23:10:13 | INFO     | fedaugment.utils.logger:44 | Epoch 126: train_loss: 1.99566
2026-04-20 23:10:19 | INFO     | fedaugment.utils.logger:44 | Epoch 127: train_loss: 1.99501
2026-04-20 23:10:24 | INFO     | fedaugment.utils.logger:44 | Epoch 128: train_loss: 1.99440
2026-04-20 23:10:32 | INFO     | fedaugment.utils.logger:44 | Epoch 129: train_loss: 1.99375
2026-04-20 23:10:38 | INFO     | fedaugment.utils.logger:44 | Epoch 130: train_loss: 1.99320
2026-04-20 23:10:43 | INFO     | fedaugment.utils.logger:44 | Epoch 131: train_loss: 1.99285
2026-04-20 23:10:48 | INFO     | fedaugment.utils.logger:44 | Epoch 132: train_loss: 1.99213
2026-04-20 23:10:56 | INFO     | fedaugment.utils.logger:44 | Epoch 133: train_loss: 1.99141
2026-04-20 23:11:02 | INFO     | fedaugment.utils.logger:44 | Epoch 134: train_loss: 1.99076
2026-04-20 23:11:08 | INFO     | fedaugment.utils.logger:44 | Epoch 135: train_loss: 1.99009
2026-04-20 23:11:13 | INFO     | fedaugment.utils.logger:44 | Epoch 136: train_loss: 1.98955
2026-04-20 23:11:18 | INFO     | fedaugment.utils.logger:44 | Epoch 137: train_loss: 1.98909
2026-04-20 23:11:24 | INFO     | fedaugment.utils.logger:44 | Epoch 138: train_loss: 1.98848
2026-04-20 23:11:29 | INFO     | fedaugment.utils.logger:44 | Epoch 139: train_loss: 1.98801
2026-04-20 23:11:35 | INFO     | fedaugment.utils.logger:44 | Epoch 140: train_loss: 1.98738
2026-04-20 23:11:40 | INFO     | fedaugment.utils.logger:44 | Epoch 141: train_loss: 1.98676
2026-04-20 23:11:48 | INFO     | fedaugment.utils.logger:44 | Epoch 142: train_loss: 1.98614
2026-04-20 23:11:53 | INFO     | fedaugment.utils.logger:44 | Epoch 143: train_loss: 1.98570
2026-04-20 23:11:59 | INFO     | fedaugment.utils.logger:44 | Epoch 144: train_loss: 1.98509
2026-04-20 23:12:07 | INFO     | fedaugment.utils.logger:44 | Epoch 145: train_loss: 1.98442
2026-04-20 23:12:12 | INFO     | fedaugment.utils.logger:44 | Epoch 146: train_loss: 1.98387
2026-04-20 23:12:20 | INFO     | fedaugment.utils.logger:44 | Epoch 147: train_loss: 1.98305
2026-04-20 23:12:28 | INFO     | fedaugment.utils.logger:44 | Epoch 148: train_loss: 1.98249
2026-04-20 23:12:36 | INFO     | fedaugment.utils.logger:44 | Epoch 149: train_loss: 1.98221
2026-04-20 23:12:44 | INFO     | fedaugment.utils.logger:44 | Epoch 150: train_loss: 1.98131
2026-04-20 23:12:49 | INFO     | fedaugment.utils.logger:44 | Epoch 151: train_loss: 1.98071
2026-04-20 23:12:55 | INFO     | fedaugment.utils.logger:44 | Epoch 152: train_loss: 1.97996
2026-04-20 23:13:02 | INFO     | fedaugment.utils.logger:44 | Epoch 153: train_loss: 1.97936
2026-04-20 23:13:10 | INFO     | fedaugment.utils.logger:44 | Epoch 154: train_loss: 1.97920
2026-04-20 23:13:18 | INFO     | fedaugment.utils.logger:44 | Epoch 155: train_loss: 1.97810
2026-04-20 23:13:25 | INFO     | fedaugment.utils.logger:44 | Epoch 156: train_loss: 1.97786
2026-04-20 23:13:31 | INFO     | fedaugment.utils.logger:44 | Epoch 157: train_loss: 1.97691
2026-04-20 23:13:36 | INFO     | fedaugment.utils.logger:44 | Epoch 158: train_loss: 1.97648
2026-04-20 23:13:41 | INFO     | fedaugment.utils.logger:44 | Epoch 159: train_loss: 1.97619
2026-04-20 23:13:46 | INFO     | fedaugment.utils.logger:44 | Epoch 160: train_loss: 1.97549
2026-04-20 23:13:51 | INFO     | fedaugment.utils.logger:44 | Epoch 161: train_loss: 1.97512
2026-04-20 23:13:57 | INFO     | fedaugment.utils.logger:44 | Epoch 162: train_loss: 1.97440
2026-04-20 23:14:04 | INFO     | fedaugment.utils.logger:44 | Epoch 163: train_loss: 1.97399
2026-04-20 23:14:09 | INFO     | fedaugment.utils.logger:44 | Epoch 164: train_loss: 1.97359
2026-04-20 23:14:16 | INFO     | fedaugment.utils.logger:44 | Epoch 165: train_loss: 1.97310
2026-04-20 23:14:22 | INFO     | fedaugment.utils.logger:44 | Epoch 166: train_loss: 1.97238
2026-04-20 23:14:27 | INFO     | fedaugment.utils.logger:44 | Epoch 167: train_loss: 1.97201
2026-04-20 23:14:32 | INFO     | fedaugment.utils.logger:44 | Epoch 168: train_loss: 1.97171
2026-04-20 23:14:38 | INFO     | fedaugment.utils.logger:44 | Epoch 169: train_loss: 1.97129
2026-04-20 23:14:43 | INFO     | fedaugment.utils.logger:44 | Epoch 170: train_loss: 1.97083
2026-04-20 23:14:48 | INFO     | fedaugment.utils.logger:44 | Epoch 171: train_loss: 1.97041
2026-04-20 23:14:53 | INFO     | fedaugment.utils.logger:44 | Epoch 172: train_loss: 1.97009
2026-04-20 23:15:01 | INFO     | fedaugment.utils.logger:44 | Epoch 173: train_loss: 1.96966
2026-04-20 23:15:06 | INFO     | fedaugment.utils.logger:44 | Epoch 174: train_loss: 1.96923
2026-04-20 23:15:13 | INFO     | fedaugment.utils.logger:44 | Epoch 175: train_loss: 1.96897
2026-04-20 23:15:21 | INFO     | fedaugment.utils.logger:44 | Epoch 176: train_loss: 1.96855
2026-04-20 23:15:26 | INFO     | fedaugment.utils.logger:44 | Epoch 177: train_loss: 1.96831
2026-04-20 23:15:34 | INFO     | fedaugment.utils.logger:44 | Epoch 178: train_loss: 1.96805
2026-04-20 23:15:41 | INFO     | fedaugment.utils.logger:44 | Epoch 179: train_loss: 1.96795
2026-04-20 23:15:49 | INFO     | fedaugment.utils.logger:44 | Epoch 180: train_loss: 1.96756
2026-04-20 23:15:55 | INFO     | fedaugment.utils.logger:44 | Epoch 181: train_loss: 1.96715
2026-04-20 23:16:03 | INFO     | fedaugment.utils.logger:44 | Epoch 182: train_loss: 1.96702
2026-04-20 23:16:09 | INFO     | fedaugment.utils.logger:44 | Epoch 183: train_loss: 1.96690
2026-04-20 23:16:17 | INFO     | fedaugment.utils.logger:44 | Epoch 184: train_loss: 1.96667
2026-04-20 23:16:22 | INFO     | fedaugment.utils.logger:44 | Epoch 185: train_loss: 1.96638
2026-04-20 23:16:27 | INFO     | fedaugment.utils.logger:44 | Epoch 186: train_loss: 1.96613
2026-04-20 23:16:34 | INFO     | fedaugment.utils.logger:44 | Epoch 187: train_loss: 1.96591
2026-04-20 23:16:39 | INFO     | fedaugment.utils.logger:44 | Epoch 188: train_loss: 1.96584
2026-04-20 23:16:44 | INFO     | fedaugment.utils.logger:44 | Epoch 189: train_loss: 1.96561
2026-04-20 23:16:50 | INFO     | fedaugment.utils.logger:44 | Epoch 190: train_loss: 1.96558
2026-04-20 23:16:55 | INFO     | fedaugment.utils.logger:44 | Epoch 191: train_loss: 1.96542
2026-04-20 23:17:00 | INFO     | fedaugment.utils.logger:44 | Epoch 192: train_loss: 1.96518
2026-04-20 23:17:05 | INFO     | fedaugment.utils.logger:44 | Epoch 193: train_loss: 1.96509
2026-04-20 23:17:10 | INFO     | fedaugment.utils.logger:44 | Epoch 194: train_loss: 1.96490
2026-04-20 23:17:15 | INFO     | fedaugment.utils.logger:44 | Epoch 195: train_loss: 1.96469
2026-04-20 23:17:21 | INFO     | fedaugment.utils.logger:44 | Epoch 196: train_loss: 1.96453
2026-04-20 23:17:26 | INFO     | fedaugment.utils.logger:44 | Epoch 197: train_loss: 1.96444
2026-04-20 23:17:31 | INFO     | fedaugment.utils.logger:44 | Epoch 198: train_loss: 1.96425
2026-04-20 23:17:36 | INFO     | fedaugment.utils.logger:44 | Epoch 199: train_loss: 1.96434
2026-04-20 23:17:41 | INFO     | fedaugment.utils.logger:44 | Epoch 200: train_loss: 1.96414
2026-04-20 23:17:46 | INFO     | fedaugment.utils.logger:44 | Epoch 201: train_loss: 1.96406
2026-04-20 23:17:51 | INFO     | fedaugment.utils.logger:44 | Epoch 202: train_loss: 1.96385
2026-04-20 23:17:57 | INFO     | fedaugment.utils.logger:44 | Epoch 203: train_loss: 1.96382
2026-04-20 23:18:02 | INFO     | fedaugment.utils.logger:44 | Epoch 204: train_loss: 1.96366
2026-04-20 23:18:07 | INFO     | fedaugment.utils.logger:44 | Epoch 205: train_loss: 1.96346
2026-04-20 23:18:14 | INFO     | fedaugment.utils.logger:44 | Epoch 206: train_loss: 1.96359
2026-04-20 23:18:22 | INFO     | fedaugment.utils.logger:44 | Epoch 207: train_loss: 1.96343
2026-04-20 23:18:27 | INFO     | fedaugment.utils.logger:44 | Epoch 208: train_loss: 1.96336
2026-04-20 23:18:35 | INFO     | fedaugment.utils.logger:44 | Epoch 209: train_loss: 1.96329
2026-04-20 23:18:40 | INFO     | fedaugment.utils.logger:44 | Epoch 210: train_loss: 1.96320
2026-04-20 23:18:46 | INFO     | fedaugment.utils.logger:44 | Epoch 211: train_loss: 1.96312
2026-04-20 23:18:51 | INFO     | fedaugment.utils.logger:44 | Epoch 212: train_loss: 1.96311
2026-04-20 23:18:56 | INFO     | fedaugment.utils.logger:44 | Epoch 213: train_loss: 1.96303
2026-04-20 23:19:01 | INFO     | fedaugment.utils.logger:44 | Epoch 214: train_loss: 1.96294
2026-04-20 23:19:06 | INFO     | fedaugment.utils.logger:44 | Epoch 215: train_loss: 1.96306
2026-04-20 23:19:11 | INFO     | fedaugment.utils.logger:44 | Epoch 216: train_loss: 1.96282
2026-04-20 23:19:17 | INFO     | fedaugment.utils.logger:44 | Epoch 217: train_loss: 1.96288
2026-04-20 23:19:22 | INFO     | fedaugment.utils.logger:44 | Epoch 218: train_loss: 1.96279
2026-04-20 23:19:27 | INFO     | fedaugment.utils.logger:44 | Epoch 219: train_loss: 1.96280
2026-04-20 23:19:32 | INFO     | fedaugment.utils.logger:44 | Epoch 220: train_loss: 1.96261
2026-04-20 23:19:37 | INFO     | fedaugment.utils.logger:44 | Epoch 221: train_loss: 1.96267
2026-04-20 23:19:43 | INFO     | fedaugment.utils.logger:44 | Epoch 222: train_loss: 1.96248
2026-04-20 23:19:48 | INFO     | fedaugment.utils.logger:44 | Epoch 223: train_loss: 1.96251
2026-04-20 23:19:53 | INFO     | fedaugment.utils.logger:44 | Epoch 224: train_loss: 1.96252
2026-04-20 23:19:58 | INFO     | fedaugment.utils.logger:44 | Epoch 225: train_loss: 1.96262
2026-04-20 23:20:03 | INFO     | fedaugment.utils.logger:44 | Epoch 226: train_loss: 1.96250
2026-04-20 23:20:08 | INFO     | fedaugment.utils.logger:44 | Epoch 227: train_loss: 1.96245
2026-04-20 23:20:14 | INFO     | fedaugment.utils.logger:44 | Epoch 228: train_loss: 1.96237
2026-04-20 23:20:19 | INFO     | fedaugment.utils.logger:44 | Epoch 229: train_loss: 1.96230
2026-04-20 23:20:24 | INFO     | fedaugment.utils.logger:44 | Epoch 230: train_loss: 1.96240
2026-04-20 23:20:29 | INFO     | fedaugment.utils.logger:44 | Epoch 231: train_loss: 1.96237
2026-04-20 23:20:35 | INFO     | fedaugment.utils.logger:44 | Epoch 232: train_loss: 1.96230
2026-04-20 23:20:40 | INFO     | fedaugment.utils.logger:44 | Epoch 233: train_loss: 1.96226
2026-04-20 23:20:45 | INFO     | fedaugment.utils.logger:44 | Epoch 234: train_loss: 1.96223
2026-04-20 23:20:50 | INFO     | fedaugment.utils.logger:44 | Epoch 235: train_loss: 1.96226
2026-04-20 23:20:56 | INFO     | fedaugment.utils.logger:44 | Epoch 236: train_loss: 1.96228
2026-04-20 23:21:01 | INFO     | fedaugment.utils.logger:44 | Epoch 237: train_loss: 1.96237
2026-04-20 23:21:06 | INFO     | fedaugment.utils.logger:44 | Epoch 238: train_loss: 1.96214
2026-04-20 23:21:15 | INFO     | fedaugment.utils.logger:44 | Epoch 239: train_loss: 1.96220
2026-04-20 23:21:23 | INFO     | fedaugment.utils.logger:44 | Epoch 240: train_loss: 1.96209
2026-04-20 23:21:28 | INFO     | fedaugment.utils.logger:44 | Epoch 241: train_loss: 1.96220
2026-04-20 23:21:36 | INFO     | fedaugment.utils.logger:44 | Epoch 242: train_loss: 1.96224
2026-04-20 23:21:41 | INFO     | fedaugment.utils.logger:44 | Epoch 243: train_loss: 1.96225
2026-04-20 23:21:46 | INFO     | fedaugment.utils.logger:44 | Epoch 244: train_loss: 1.96216
2026-04-20 23:21:54 | INFO     | fedaugment.utils.logger:44 | Epoch 245: train_loss: 1.96233
2026-04-20 23:22:00 | INFO     | fedaugment.utils.logger:44 | Epoch 246: train_loss: 1.96221
2026-04-20 23:22:05 | INFO     | fedaugment.utils.logger:44 | Epoch 247: train_loss: 1.96215
2026-04-20 23:22:10 | INFO     | fedaugment.utils.logger:44 | Epoch 248: train_loss: 1.96222
2026-04-20 23:22:15 | INFO     | fedaugment.utils.logger:44 | Epoch 249: train_loss: 1.96220
2026-04-20 23:22:15 | INFO     | lightning_utilities.core.rank_zero:60 | `Trainer.fit` stopped: `max_epochs=250` reached.
2026-04-20 23:22:17 | INFO     | fedaugment.projections.main:169 | Starting testing phase...
2026-04-20 23:22:17 | INFO     | lightning.pytorch.accelerators.cuda:61 | LOCAL_RANK: 0 - CUDA_VISIBLE_DEVICES: [0]
2026-04-20 23:22:17 | INFO     | fedaugment.utils.logger:38 | {'module_kwargs': CLModuleConfig(model_type='projection_head', out_dim=1024, hidden_dims=[1024, 1536, 1536], activation='silu', normalization='batch', dropout=0.0, no_val_orchestrator=True, no_test_orchestrator=False), 'criterion': CriterionConfig(class_='MultiViewNTXentLoss', kwargs={'temperature': 0.1}), 'optim_configs': [OptimizerConfig(class_='AdamW', kwargs={'lr': 0.001, 'weight_decay': 0.01})], 'sched_configs': [LRSchedulerConfig(class_='OneCycleLR', interval='epoch', frequency=1, monitor=None, kwargs={'max_lr': 0.003, 'total_steps': None, 'pct_start': 0.1, 'anneal_strategy': 'cos', 'div_factor': 10.0, 'final_div_factor': 1000.0})], 'pipeline_names': ['distilroberta-dj_adpt', 'mini_l12-dj_adpt', 'mini_l6-dj_adpt', 'gte_base-dj_adpt', 'gtr_t5-dj_adpt', 'mpnet-dj_adpt'], 'embedding_dims': [768, 384, 384, 768, 768, 768], 'data_batch_size': 4096, 'metric_batch_size': 65536}
2026-04-20 23:23:03 | DEBUG    | fedaugment.projections.metrics.base:115 | Computing CosineSimilarityOrchestrator metrics.
2026-04-20 23:23:03 | WARNING  | fedaugment.projections.metrics.base:117 | Number of projections (8891658) is not divisible by chunk size (65536). This may lead to suboptimal performance.
2026-04-21 02:09:52 | DEBUG    | fedaugment.projections.metrics.base:198 | Finalized CosineSimilarityOrchestrator metrics
2026-04-21 02:09:52 | INFO     | fedaugment.utils.logger:44 | Epoch 250: test_loss: 4.45983, test_cossim_mean: 0.05903, test_entity_stability_15: 0.05631, test_entity_stability_5: 0.04667, test_entity_stability_50: 0.08394, test_same_lbl_cossim_mean: 0.81295
2026-04-21 02:09:53 | INFO     | fedaugment.projections.main:176 | Best model checkpoint saved at /local-ssd/lennart/checkpoints/curation/webtable_fft_euc-mpnet-dj_adpt-k=63049-pca=0.9/last.ckpt
2026-04-21 02:09:53 | INFO     | __main__:48 | Evaluating grid-mpnet-dj_adpt-k=63049-pca=0.9 on webtable 005
2026-04-21 02:09:53 | DEBUG    | fedaugment.projections.main:72 | Experiment configuration: {"experiment_name":"webtable_grid-mpnet-dj_adpt-k=63049-pca=0.9","experiment_group":"curation","experiment_version":1,"seed":42,"data_module":{"class_":"DefaultDataModule","data":{"train":["data/embeddings/webtable/sample-005/grid-mpnet-dj_adpt-k=63049-pca=0.9/distilroberta-dj_adpt.fa","data/embeddings/webtable/sample-005/grid-mpnet-dj_adpt-k=63049-pca=0.9/mini_l12-dj_adpt.fa","data/embeddings/webtable/sample-005/grid-mpnet-dj_adpt-k=63049-pca=0.9/mini_l6-dj_adpt.fa","data/embeddings/webtable/sample-005/grid-mpnet-dj_adpt-k=63049-pca=0.9/gte_base-dj_adpt.fa","data/embeddings/webtable/sample-005/grid-mpnet-dj_adpt-k=63049-pca=0.9/gtr_t5-dj_adpt.fa","data/embeddings/webtable/sample-005/grid-mpnet-dj_adpt-k=63049-pca=0.9/mpnet-dj_adpt.fa"],"val":null,"test":["data/embeddings/webtable/split/test/distilroberta-dj_adpt.fa","data/embeddings/webtable/split/test/mini_l12-dj_adpt.fa","data/embeddings/webtable/split/test/mini_l6-dj_adpt.fa","data/embeddings/webtable/split/test/gte_base-dj_adpt.fa","data/embeddings/webtable/split/test/gtr_t5-dj_adpt.fa","data/embeddings/webtable/split/test/mpnet-dj_adpt.fa"]},"mmap_mode":"r+","batch_size":4096,"num_workers":32,"pin_memory":true,"persistent_workers":true,"prefetch_factor":5,"verify_column_ids":true},"projection_model":{"class_":"ContrastiveLearningModel","module_kwargs":{"model_type":"projection_head","out_dim":1024,"hidden_dims":[1024,1536,1536],"activation":"silu","normalization":"batch","dropout":0.0,"no_val_orchestrator":true,"no_test_orchestrator":false},"criterion":{"class_":"MultiViewNTXentLoss","kwargs":{"temperature":0.1}},"optimizers":[{"class_":"AdamW","kwargs":{"lr":0.001,"weight_decay":0.01}}],"schedulers":[{"class_":"OneCycleLR","interval":"epoch","frequency":1,"monitor":null,"kwargs":{"max_lr":0.003,"total_steps":null,"pct_start":0.1,"anneal_strategy":"cos","div_factor":10.0,"final_div_factor":1000.0}}],"metric_batch_size":65536},"trainer":{"max_epochs":250,"accelerator":"gpu","check_val_every_n_epoch":1,"devices":"auto","deterministic":false,"enable_checkpointing":true,"enable_model_summary":true,"enable_progress_bar":true,"log_every_n_steps":50,"patience":null,"max_time":"00:24:00:00","num_sanity_val_steps":2,"precision":"bf16-mixed","profiler":null},"compile_model":true}
2026-04-21 02:09:53 | INFO     | lightning.fabric.utilities.seed:57 | Seed set to 42
2026-04-21 02:09:55 | INFO     | fedaugment.projections.main:83 | Compiling projection model...
2026-04-21 02:09:55 | INFO     | fedaugment.projections.main:85 | Projection model compiled
2026-04-21 02:09:55 | INFO     | fedaugment.projections.main:87 | Initializing trainer...
2026-04-21 02:09:55 | INFO     | lightning_utilities.core.rank_zero:60 | Using bfloat16 Automatic Mixed Precision (AMP)
2026-04-21 02:09:55 | INFO     | lightning_utilities.core.rank_zero:60 | GPU available: True (cuda), used: True
2026-04-21 02:09:55 | INFO     | lightning_utilities.core.rank_zero:60 | TPU available: False, using: 0 TPU cores
2026-04-21 02:09:55 | INFO     | fedaugment.projections.main:148 | Trainer initialized
2026-04-21 02:09:55 | INFO     | fedaugment.projections.main:158 | Starting training phase...
2026-04-21 02:09:55 | INFO     | lightning.pytorch.accelerators.cuda:61 | LOCAL_RANK: 0 - CUDA_VISIBLE_DEVICES: [0]
2026-04-21 02:09:55 | INFO     | lightning_utilities.core.rank_zero:60 | Loading `train_dataloader` to estimate number of stepping batches.
2026-04-21 02:09:55 | INFO     | fedaugment.projections.models.projection_model:123 | Setting OneCycleLR total_steps to trainer.estimated_stepping_batches=4000.
2026-04-21 02:09:55 | WARNING  | fedaugment.projections.models.projection_model:134 | OneCycleLR requires interval='step'. Overriding configured interval='epoch' to 'step'.
2026-04-21 02:09:55 | INFO     | lightning.pytorch.callbacks.model_summary:110 |
  | Name              | Type                         | Params | Mode  | FLOPs
-----------------------------------------------------------------------------------
0 | criterion         | MultiViewNTXentLoss          | 0      | train | 0
1 | val_metrics       | MetricCollection             | 0      | train | 0
2 | test_metrics      | MetricCollection             | 0      | train | 0
3 | val_orchestrator  | CosineSimilarityOrchestrator | 0      | train | 0
4 | test_orchestrator | CosineSimilarityOrchestrator | 0      | train | 0
5 | projection_heads  | ModuleList                   | 37.0 M | train | 0
-----------------------------------------------------------------------------------
37.0 M    Trainable params
0         Non-trainable params
37.0 M    Total params
148.120   Total estimated model params size (MB)
89        Modules in train mode
0         Modules in eval mode
0         Total Flops
2026-04-21 02:09:55 | INFO     | fedaugment.utils.logger:38 | {'module_kwargs': CLModuleConfig(model_type='projection_head', out_dim=1024, hidden_dims=[1024, 1536, 1536], activation='silu', normalization='batch', dropout=0.0, no_val_orchestrator=True, no_test_orchestrator=False), 'criterion': CriterionConfig(class_='MultiViewNTXentLoss', kwargs={'temperature': 0.1}), 'optim_configs': [OptimizerConfig(class_='AdamW', kwargs={'lr': 0.001, 'weight_decay': 0.01})], 'sched_configs': [LRSchedulerConfig(class_='OneCycleLR', interval='epoch', frequency=1, monitor=None, kwargs={'max_lr': 0.003, 'total_steps': None, 'pct_start': 0.1, 'anneal_strategy': 'cos', 'div_factor': 10.0, 'final_div_factor': 1000.0})], 'pipeline_names': ['distilroberta-dj_adpt', 'mini_l12-dj_adpt', 'mini_l6-dj_adpt', 'gte_base-dj_adpt', 'gtr_t5-dj_adpt', 'mpnet-dj_adpt'], 'embedding_dims': [768, 384, 384, 768, 768, 768], 'data_batch_size': 4096, 'metric_batch_size': 65536}
2026-04-21 02:10:27 | INFO     | fedaugment.utils.logger:44 | Epoch 0: train_loss: 6.95327
2026-04-21 02:10:32 | INFO     | fedaugment.utils.logger:44 | Epoch 1: train_loss: 4.76391
2026-04-21 02:10:37 | INFO     | fedaugment.utils.logger:44 | Epoch 2: train_loss: 4.15662
2026-04-21 02:10:42 | INFO     | fedaugment.utils.logger:44 | Epoch 3: train_loss: 3.81054
2026-04-21 02:10:47 | INFO     | fedaugment.utils.logger:44 | Epoch 4: train_loss: 3.56529
2026-04-21 02:10:53 | INFO     | fedaugment.utils.logger:44 | Epoch 5: train_loss: 3.37182
2026-04-21 02:10:58 | INFO     | fedaugment.utils.logger:44 | Epoch 6: train_loss: 3.21743
2026-04-21 02:11:03 | INFO     | fedaugment.utils.logger:44 | Epoch 7: train_loss: 3.09076
2026-04-21 02:11:09 | INFO     | fedaugment.utils.logger:44 | Epoch 8: train_loss: 2.98835
2026-04-21 02:11:14 | INFO     | fedaugment.utils.logger:44 | Epoch 9: train_loss: 2.91168
2026-04-21 02:11:19 | INFO     | fedaugment.utils.logger:44 | Epoch 10: train_loss: 2.85004
2026-04-21 02:11:24 | INFO     | fedaugment.utils.logger:44 | Epoch 11: train_loss: 2.80497
2026-04-21 02:11:30 | INFO     | fedaugment.utils.logger:44 | Epoch 12: train_loss: 2.75123
2026-04-21 02:11:35 | INFO     | fedaugment.utils.logger:44 | Epoch 13: train_loss: 2.74733
2026-04-21 02:11:40 | INFO     | fedaugment.utils.logger:44 | Epoch 14: train_loss: 2.69672
2026-04-21 02:11:46 | INFO     | fedaugment.utils.logger:44 | Epoch 15: train_loss: 2.66997
2026-04-21 02:11:51 | INFO     | fedaugment.utils.logger:44 | Epoch 16: train_loss: 2.63662
2026-04-21 02:11:56 | INFO     | fedaugment.utils.logger:44 | Epoch 17: train_loss: 2.63014
2026-04-21 02:12:01 | INFO     | fedaugment.utils.logger:44 | Epoch 18: train_loss: 2.58975
2026-04-21 02:12:07 | INFO     | fedaugment.utils.logger:44 | Epoch 19: train_loss: 2.56597
2026-04-21 02:12:12 | INFO     | fedaugment.utils.logger:44 | Epoch 20: train_loss: 2.54243
2026-04-21 02:12:17 | INFO     | fedaugment.utils.logger:44 | Epoch 21: train_loss: 2.50289
2026-04-21 02:12:23 | INFO     | fedaugment.utils.logger:44 | Epoch 22: train_loss: 2.49672
2026-04-21 02:12:28 | INFO     | fedaugment.utils.logger:44 | Epoch 23: train_loss: 2.46247
2026-04-21 02:12:33 | INFO     | fedaugment.utils.logger:44 | Epoch 24: train_loss: 2.45396
2026-04-21 02:12:38 | INFO     | fedaugment.utils.logger:44 | Epoch 25: train_loss: 2.41768
2026-04-21 02:12:44 | INFO     | fedaugment.utils.logger:44 | Epoch 26: train_loss: 2.39517
2026-04-21 02:12:49 | INFO     | fedaugment.utils.logger:44 | Epoch 27: train_loss: 2.36395
2026-04-21 02:12:54 | INFO     | fedaugment.utils.logger:44 | Epoch 28: train_loss: 2.35658
2026-04-21 02:13:00 | INFO     | fedaugment.utils.logger:44 | Epoch 29: train_loss: 2.35150
2026-04-21 02:13:05 | INFO     | fedaugment.utils.logger:44 | Epoch 30: train_loss: 2.33315
2026-04-21 02:13:10 | INFO     | fedaugment.utils.logger:44 | Epoch 31: train_loss: 2.31898
2026-04-21 02:13:15 | INFO     | fedaugment.utils.logger:44 | Epoch 32: train_loss: 2.30913
2026-04-21 02:13:21 | INFO     | fedaugment.utils.logger:44 | Epoch 33: train_loss: 2.30130
2026-04-21 02:13:26 | INFO     | fedaugment.utils.logger:44 | Epoch 34: train_loss: 2.29288
2026-04-21 02:13:31 | INFO     | fedaugment.utils.logger:44 | Epoch 35: train_loss: 2.28390
2026-04-21 02:13:37 | INFO     | fedaugment.utils.logger:44 | Epoch 36: train_loss: 2.26544
2026-04-21 02:13:42 | INFO     | fedaugment.utils.logger:44 | Epoch 37: train_loss: 2.26532
2026-04-21 02:13:47 | INFO     | fedaugment.utils.logger:44 | Epoch 38: train_loss: 2.25387
2026-04-21 02:13:52 | INFO     | fedaugment.utils.logger:44 | Epoch 39: train_loss: 2.24740
2026-04-21 02:13:58 | INFO     | fedaugment.utils.logger:44 | Epoch 40: train_loss: 2.23657
2026-04-21 02:14:03 | INFO     | fedaugment.utils.logger:44 | Epoch 41: train_loss: 2.22913
2026-04-21 02:14:08 | INFO     | fedaugment.utils.logger:44 | Epoch 42: train_loss: 2.22683
2026-04-21 02:14:14 | INFO     | fedaugment.utils.logger:44 | Epoch 43: train_loss: 2.22471
2026-04-21 02:14:19 | INFO     | fedaugment.utils.logger:44 | Epoch 44: train_loss: 2.21081
2026-04-21 02:14:24 | INFO     | fedaugment.utils.logger:44 | Epoch 45: train_loss: 2.21208
2026-04-21 02:14:29 | INFO     | fedaugment.utils.logger:44 | Epoch 46: train_loss: 2.19792
2026-04-21 02:14:34 | INFO     | fedaugment.utils.logger:44 | Epoch 47: train_loss: 2.19377
2026-04-21 02:14:39 | INFO     | fedaugment.utils.logger:44 | Epoch 48: train_loss: 2.18624
2026-04-21 02:14:45 | INFO     | fedaugment.utils.logger:44 | Epoch 49: train_loss: 2.18051
2026-04-21 02:14:50 | INFO     | fedaugment.utils.logger:44 | Epoch 50: train_loss: 2.18105
2026-04-21 02:14:55 | INFO     | fedaugment.utils.logger:44 | Epoch 51: train_loss: 2.17350
2026-04-21 02:15:01 | INFO     | fedaugment.utils.logger:44 | Epoch 52: train_loss: 2.16679
2026-04-21 02:15:06 | INFO     | fedaugment.utils.logger:44 | Epoch 53: train_loss: 2.16637
2026-04-21 02:15:11 | INFO     | fedaugment.utils.logger:44 | Epoch 54: train_loss: 2.16448
2026-04-21 02:15:16 | INFO     | fedaugment.utils.logger:44 | Epoch 55: train_loss: 2.15780
2026-04-21 02:15:21 | INFO     | fedaugment.utils.logger:44 | Epoch 56: train_loss: 2.15235
2026-04-21 02:15:27 | INFO     | fedaugment.utils.logger:44 | Epoch 57: train_loss: 2.14957
2026-04-21 02:15:32 | INFO     | fedaugment.utils.logger:44 | Epoch 58: train_loss: 2.14257
2026-04-21 02:15:37 | INFO     | fedaugment.utils.logger:44 | Epoch 59: train_loss: 2.14006
2026-04-21 02:15:42 | INFO     | fedaugment.utils.logger:44 | Epoch 60: train_loss: 2.13753
2026-04-21 02:15:48 | INFO     | fedaugment.utils.logger:44 | Epoch 61: train_loss: 2.13644
2026-04-21 02:15:53 | INFO     | fedaugment.utils.logger:44 | Epoch 62: train_loss: 2.13258
2026-04-21 02:15:58 | INFO     | fedaugment.utils.logger:44 | Epoch 63: train_loss: 2.12575
2026-04-21 02:16:03 | INFO     | fedaugment.utils.logger:44 | Epoch 64: train_loss: 2.12825
2026-04-21 02:16:08 | INFO     | fedaugment.utils.logger:44 | Epoch 65: train_loss: 2.12179
2026-04-21 02:16:13 | INFO     | fedaugment.utils.logger:44 | Epoch 66: train_loss: 2.11558
2026-04-21 02:16:18 | INFO     | fedaugment.utils.logger:44 | Epoch 67: train_loss: 2.11998
2026-04-21 02:16:24 | INFO     | fedaugment.utils.logger:44 | Epoch 68: train_loss: 2.11403
2026-04-21 02:16:29 | INFO     | fedaugment.utils.logger:44 | Epoch 69: train_loss: 2.10929
2026-04-21 02:16:34 | INFO     | fedaugment.utils.logger:44 | Epoch 70: train_loss: 2.10389
2026-04-21 02:16:39 | INFO     | fedaugment.utils.logger:44 | Epoch 71: train_loss: 2.10060
2026-04-21 02:16:45 | INFO     | fedaugment.utils.logger:44 | Epoch 72: train_loss: 2.09885
2026-04-21 02:16:50 | INFO     | fedaugment.utils.logger:44 | Epoch 73: train_loss: 2.09753
2026-04-21 02:16:55 | INFO     | fedaugment.utils.logger:44 | Epoch 74: train_loss: 2.09553
2026-04-21 02:17:00 | INFO     | fedaugment.utils.logger:44 | Epoch 75: train_loss: 2.09511
2026-04-21 02:17:05 | INFO     | fedaugment.utils.logger:44 | Epoch 76: train_loss: 2.09335
2026-04-21 02:17:11 | INFO     | fedaugment.utils.logger:44 | Epoch 77: train_loss: 2.08884
2026-04-21 02:17:16 | INFO     | fedaugment.utils.logger:44 | Epoch 78: train_loss: 2.08671
2026-04-21 02:17:21 | INFO     | fedaugment.utils.logger:44 | Epoch 79: train_loss: 2.08513
2026-04-21 02:17:27 | INFO     | fedaugment.utils.logger:44 | Epoch 80: train_loss: 2.08179
2026-04-21 02:17:31 | INFO     | fedaugment.utils.logger:44 | Epoch 81: train_loss: 2.07986
2026-04-21 02:17:37 | INFO     | fedaugment.utils.logger:44 | Epoch 82: train_loss: 2.07763
2026-04-21 02:17:42 | INFO     | fedaugment.utils.logger:44 | Epoch 83: train_loss: 2.07569
2026-04-21 02:17:47 | INFO     | fedaugment.utils.logger:44 | Epoch 84: train_loss: 2.07380
2026-04-21 02:17:52 | INFO     | fedaugment.utils.logger:44 | Epoch 85: train_loss: 2.07468
2026-04-21 02:17:57 | INFO     | fedaugment.utils.logger:44 | Epoch 86: train_loss: 2.06943
2026-04-21 02:18:02 | INFO     | fedaugment.utils.logger:44 | Epoch 87: train_loss: 2.06644
2026-04-21 02:18:08 | INFO     | fedaugment.utils.logger:44 | Epoch 88: train_loss: 2.07040
2026-04-21 02:18:13 | INFO     | fedaugment.utils.logger:44 | Epoch 89: train_loss: 2.06608
2026-04-21 02:18:18 | INFO     | fedaugment.utils.logger:44 | Epoch 90: train_loss: 2.06210
2026-04-21 02:18:24 | INFO     | fedaugment.utils.logger:44 | Epoch 91: train_loss: 2.06027
2026-04-21 02:18:29 | INFO     | fedaugment.utils.logger:44 | Epoch 92: train_loss: 2.05799
2026-04-21 02:18:35 | INFO     | fedaugment.utils.logger:44 | Epoch 93: train_loss: 2.06006
2026-04-21 02:18:40 | INFO     | fedaugment.utils.logger:44 | Epoch 94: train_loss: 2.05900
2026-04-21 02:18:45 | INFO     | fedaugment.utils.logger:44 | Epoch 95: train_loss: 2.05341
2026-04-21 02:18:50 | INFO     | fedaugment.utils.logger:44 | Epoch 96: train_loss: 2.04889
2026-04-21 02:18:55 | INFO     | fedaugment.utils.logger:44 | Epoch 97: train_loss: 2.05255
2026-04-21 02:19:00 | INFO     | fedaugment.utils.logger:44 | Epoch 98: train_loss: 2.04953
2026-04-21 02:19:06 | INFO     | fedaugment.utils.logger:44 | Epoch 99: train_loss: 2.04796
2026-04-21 02:19:11 | INFO     | fedaugment.utils.logger:44 | Epoch 100: train_loss: 2.04624
2026-04-21 02:19:16 | INFO     | fedaugment.utils.logger:44 | Epoch 101: train_loss: 2.04640
2026-04-21 02:19:21 | INFO     | fedaugment.utils.logger:44 | Epoch 102: train_loss: 2.04353
2026-04-21 02:19:27 | INFO     | fedaugment.utils.logger:44 | Epoch 103: train_loss: 2.04063
2026-04-21 02:19:32 | INFO     | fedaugment.utils.logger:44 | Epoch 104: train_loss: 2.03977
2026-04-21 02:19:37 | INFO     | fedaugment.utils.logger:44 | Epoch 105: train_loss: 2.03892
2026-04-21 02:19:43 | INFO     | fedaugment.utils.logger:44 | Epoch 106: train_loss: 2.03762
2026-04-21 02:19:48 | INFO     | fedaugment.utils.logger:44 | Epoch 107: train_loss: 2.03522
2026-04-21 02:19:53 | INFO     | fedaugment.utils.logger:44 | Epoch 108: train_loss: 2.03445
2026-04-21 02:19:59 | INFO     | fedaugment.utils.logger:44 | Epoch 109: train_loss: 2.03361
2026-04-21 02:20:04 | INFO     | fedaugment.utils.logger:44 | Epoch 110: train_loss: 2.03285
2026-04-21 02:20:09 | INFO     | fedaugment.utils.logger:44 | Epoch 111: train_loss: 2.02998
2026-04-21 02:20:14 | INFO     | fedaugment.utils.logger:44 | Epoch 112: train_loss: 2.03082
2026-04-21 02:20:20 | INFO     | fedaugment.utils.logger:44 | Epoch 113: train_loss: 2.02857
2026-04-21 02:20:25 | INFO     | fedaugment.utils.logger:44 | Epoch 114: train_loss: 2.02890
2026-04-21 02:20:30 | INFO     | fedaugment.utils.logger:44 | Epoch 115: train_loss: 2.02686
2026-04-21 02:20:35 | INFO     | fedaugment.utils.logger:44 | Epoch 116: train_loss: 2.02582
2026-04-21 02:20:40 | INFO     | fedaugment.utils.logger:44 | Epoch 117: train_loss: 2.02322
2026-04-21 02:20:45 | INFO     | fedaugment.utils.logger:44 | Epoch 118: train_loss: 2.02170
2026-04-21 02:20:50 | INFO     | fedaugment.utils.logger:44 | Epoch 119: train_loss: 2.02308
2026-04-21 02:20:55 | INFO     | fedaugment.utils.logger:44 | Epoch 120: train_loss: 2.02094
2026-04-21 02:21:00 | INFO     | fedaugment.utils.logger:44 | Epoch 121: train_loss: 2.01980
2026-04-21 02:21:05 | INFO     | fedaugment.utils.logger:44 | Epoch 122: train_loss: 2.01954
2026-04-21 02:21:10 | INFO     | fedaugment.utils.logger:44 | Epoch 123: train_loss: 2.01707
2026-04-21 02:21:16 | INFO     | fedaugment.utils.logger:44 | Epoch 124: train_loss: 2.01602
2026-04-21 02:21:21 | INFO     | fedaugment.utils.logger:44 | Epoch 125: train_loss: 2.01549
2026-04-21 02:21:25 | INFO     | fedaugment.utils.logger:44 | Epoch 126: train_loss: 2.01549
2026-04-21 02:21:31 | INFO     | fedaugment.utils.logger:44 | Epoch 127: train_loss: 2.01504
2026-04-21 02:21:36 | INFO     | fedaugment.utils.logger:44 | Epoch 128: train_loss: 2.01384
2026-04-21 02:21:41 | INFO     | fedaugment.utils.logger:44 | Epoch 129: train_loss: 2.01240
2026-04-21 02:21:46 | INFO     | fedaugment.utils.logger:44 | Epoch 130: train_loss: 2.01322
2026-04-21 02:21:51 | INFO     | fedaugment.utils.logger:44 | Epoch 131: train_loss: 2.01249
2026-04-21 02:21:56 | INFO     | fedaugment.utils.logger:44 | Epoch 132: train_loss: 2.01024
2026-04-21 02:22:01 | INFO     | fedaugment.utils.logger:44 | Epoch 133: train_loss: 2.01064
2026-04-21 02:22:07 | INFO     | fedaugment.utils.logger:44 | Epoch 134: train_loss: 2.00865
2026-04-21 02:22:12 | INFO     | fedaugment.utils.logger:44 | Epoch 135: train_loss: 2.00675
2026-04-21 02:22:17 | INFO     | fedaugment.utils.logger:44 | Epoch 136: train_loss: 2.00635
2026-04-21 02:22:22 | INFO     | fedaugment.utils.logger:44 | Epoch 137: train_loss: 2.00473
2026-04-21 02:22:28 | INFO     | fedaugment.utils.logger:44 | Epoch 138: train_loss: 2.00341
2026-04-21 02:22:33 | INFO     | fedaugment.utils.logger:44 | Epoch 139: train_loss: 2.00299
2026-04-21 02:22:38 | INFO     | fedaugment.utils.logger:44 | Epoch 140: train_loss: 2.00108
2026-04-21 02:22:43 | INFO     | fedaugment.utils.logger:44 | Epoch 141: train_loss: 2.00116
2026-04-21 02:22:48 | INFO     | fedaugment.utils.logger:44 | Epoch 142: train_loss: 2.00075
2026-04-21 02:22:53 | INFO     | fedaugment.utils.logger:44 | Epoch 143: train_loss: 1.99976
2026-04-21 02:22:59 | INFO     | fedaugment.utils.logger:44 | Epoch 144: train_loss: 1.99845
2026-04-21 02:23:04 | INFO     | fedaugment.utils.logger:44 | Epoch 145: train_loss: 1.99763
2026-04-21 02:23:09 | INFO     | fedaugment.utils.logger:44 | Epoch 146: train_loss: 1.99749
2026-04-21 02:23:14 | INFO     | fedaugment.utils.logger:44 | Epoch 147: train_loss: 1.99609
2026-04-21 02:23:20 | INFO     | fedaugment.utils.logger:44 | Epoch 148: train_loss: 1.99615
2026-04-21 02:23:25 | INFO     | fedaugment.utils.logger:44 | Epoch 149: train_loss: 1.99606
2026-04-21 02:23:30 | INFO     | fedaugment.utils.logger:44 | Epoch 150: train_loss: 1.99427
2026-04-21 02:23:35 | INFO     | fedaugment.utils.logger:44 | Epoch 151: train_loss: 1.99372
2026-04-21 02:23:40 | INFO     | fedaugment.utils.logger:44 | Epoch 152: train_loss: 1.99313
2026-04-21 02:23:46 | INFO     | fedaugment.utils.logger:44 | Epoch 153: train_loss: 1.99294
2026-04-21 02:23:51 | INFO     | fedaugment.utils.logger:44 | Epoch 154: train_loss: 1.99176
2026-04-21 02:23:56 | INFO     | fedaugment.utils.logger:44 | Epoch 155: train_loss: 1.99119
2026-04-21 02:24:02 | INFO     | fedaugment.utils.logger:44 | Epoch 156: train_loss: 1.99020
2026-04-21 02:24:07 | INFO     | fedaugment.utils.logger:44 | Epoch 157: train_loss: 1.98951
2026-04-21 02:24:12 | INFO     | fedaugment.utils.logger:44 | Epoch 158: train_loss: 1.98930
2026-04-21 02:24:17 | INFO     | fedaugment.utils.logger:44 | Epoch 159: train_loss: 1.98977
2026-04-21 02:24:23 | INFO     | fedaugment.utils.logger:44 | Epoch 160: train_loss: 1.98853
2026-04-21 02:24:28 | INFO     | fedaugment.utils.logger:44 | Epoch 161: train_loss: 1.98843
2026-04-21 02:24:33 | INFO     | fedaugment.utils.logger:44 | Epoch 162: train_loss: 1.98749
2026-04-21 02:24:39 | INFO     | fedaugment.utils.logger:44 | Epoch 163: train_loss: 1.98719
2026-04-21 02:24:44 | INFO     | fedaugment.utils.logger:44 | Epoch 164: train_loss: 1.98588
2026-04-21 02:24:49 | INFO     | fedaugment.utils.logger:44 | Epoch 165: train_loss: 1.98542
2026-04-21 02:24:54 | INFO     | fedaugment.utils.logger:44 | Epoch 166: train_loss: 1.98406
2026-04-21 02:24:59 | INFO     | fedaugment.utils.logger:44 | Epoch 167: train_loss: 1.98383
2026-04-21 02:25:04 | INFO     | fedaugment.utils.logger:44 | Epoch 168: train_loss: 1.98367
2026-04-21 02:25:10 | INFO     | fedaugment.utils.logger:44 | Epoch 169: train_loss: 1.98198
2026-04-21 02:25:15 | INFO     | fedaugment.utils.logger:44 | Epoch 170: train_loss: 1.98304
2026-04-21 02:25:20 | INFO     | fedaugment.utils.logger:44 | Epoch 171: train_loss: 1.98210
2026-04-21 02:25:25 | INFO     | fedaugment.utils.logger:44 | Epoch 172: train_loss: 1.98141
2026-04-21 02:25:30 | INFO     | fedaugment.utils.logger:44 | Epoch 173: train_loss: 1.98096
2026-04-21 02:25:35 | INFO     | fedaugment.utils.logger:44 | Epoch 174: train_loss: 1.98034
2026-04-21 02:25:40 | INFO     | fedaugment.utils.logger:44 | Epoch 175: train_loss: 1.97976
2026-04-21 02:25:46 | INFO     | fedaugment.utils.logger:44 | Epoch 176: train_loss: 1.97929
2026-04-21 02:25:51 | INFO     | fedaugment.utils.logger:44 | Epoch 177: train_loss: 1.97915
2026-04-21 02:25:56 | INFO     | fedaugment.utils.logger:44 | Epoch 178: train_loss: 1.97824
2026-04-21 02:26:01 | INFO     | fedaugment.utils.logger:44 | Epoch 179: train_loss: 1.97834
2026-04-21 02:26:07 | INFO     | fedaugment.utils.logger:44 | Epoch 180: train_loss: 1.97716
2026-04-21 02:26:12 | INFO     | fedaugment.utils.logger:44 | Epoch 181: train_loss: 1.97674
2026-04-21 02:26:17 | INFO     | fedaugment.utils.logger:44 | Epoch 182: train_loss: 1.97597
2026-04-21 02:26:22 | INFO     | fedaugment.utils.logger:44 | Epoch 183: train_loss: 1.97676
2026-04-21 02:26:28 | INFO     | fedaugment.utils.logger:44 | Epoch 184: train_loss: 1.97594
2026-04-21 02:26:33 | INFO     | fedaugment.utils.logger:44 | Epoch 185: train_loss: 1.97573
2026-04-21 02:26:38 | INFO     | fedaugment.utils.logger:44 | Epoch 186: train_loss: 1.97511
2026-04-21 02:26:44 | INFO     | fedaugment.utils.logger:44 | Epoch 187: train_loss: 1.97513
2026-04-21 02:26:49 | INFO     | fedaugment.utils.logger:44 | Epoch 188: train_loss: 1.97333
2026-04-21 02:26:54 | INFO     | fedaugment.utils.logger:44 | Epoch 189: train_loss: 1.97382
2026-04-21 02:27:00 | INFO     | fedaugment.utils.logger:44 | Epoch 190: train_loss: 1.97362
2026-04-21 02:27:05 | INFO     | fedaugment.utils.logger:44 | Epoch 191: train_loss: 1.97338
2026-04-21 02:27:10 | INFO     | fedaugment.utils.logger:44 | Epoch 192: train_loss: 1.97197
2026-04-21 02:27:15 | INFO     | fedaugment.utils.logger:44 | Epoch 193: train_loss: 1.97237
2026-04-21 02:27:21 | INFO     | fedaugment.utils.logger:44 | Epoch 194: train_loss: 1.97163
2026-04-21 02:27:26 | INFO     | fedaugment.utils.logger:44 | Epoch 195: train_loss: 1.97136
2026-04-21 02:27:31 | INFO     | fedaugment.utils.logger:44 | Epoch 196: train_loss: 1.97090
2026-04-21 02:27:36 | INFO     | fedaugment.utils.logger:44 | Epoch 197: train_loss: 1.97087
2026-04-21 02:27:41 | INFO     | fedaugment.utils.logger:44 | Epoch 198: train_loss: 1.97109
2026-04-21 02:27:49 | INFO     | fedaugment.utils.logger:44 | Epoch 199: train_loss: 1.97047
2026-04-21 02:27:54 | INFO     | fedaugment.utils.logger:44 | Epoch 200: train_loss: 1.97017
2026-04-21 02:27:59 | INFO     | fedaugment.utils.logger:44 | Epoch 201: train_loss: 1.96950
2026-04-21 02:28:04 | INFO     | fedaugment.utils.logger:44 | Epoch 202: train_loss: 1.96939
2026-04-21 02:28:09 | INFO     | fedaugment.utils.logger:44 | Epoch 203: train_loss: 1.96889
2026-04-21 02:28:18 | INFO     | fedaugment.utils.logger:44 | Epoch 204: train_loss: 1.96838
2026-04-21 02:28:25 | INFO     | fedaugment.utils.logger:44 | Epoch 205: train_loss: 1.96747
2026-04-21 02:28:30 | INFO     | fedaugment.utils.logger:44 | Epoch 206: train_loss: 1.96747
2026-04-21 02:28:36 | INFO     | fedaugment.utils.logger:44 | Epoch 207: train_loss: 1.96787
2026-04-21 02:28:42 | INFO     | fedaugment.utils.logger:44 | Epoch 208: train_loss: 1.96709
2026-04-21 02:28:47 | INFO     | fedaugment.utils.logger:44 | Epoch 209: train_loss: 1.96763
2026-04-21 02:28:52 | INFO     | fedaugment.utils.logger:44 | Epoch 210: train_loss: 1.96733
2026-04-21 02:28:58 | INFO     | fedaugment.utils.logger:44 | Epoch 211: train_loss: 1.96677
2026-04-21 02:29:05 | INFO     | fedaugment.utils.logger:44 | Epoch 212: train_loss: 1.96600
2026-04-21 02:29:10 | INFO     | fedaugment.utils.logger:44 | Epoch 213: train_loss: 1.96673
2026-04-21 02:29:16 | INFO     | fedaugment.utils.logger:44 | Epoch 214: train_loss: 1.96656
2026-04-21 02:29:21 | INFO     | fedaugment.utils.logger:44 | Epoch 215: train_loss: 1.96578
2026-04-21 02:29:26 | INFO     | fedaugment.utils.logger:44 | Epoch 216: train_loss: 1.96572
2026-04-21 02:29:31 | INFO     | fedaugment.utils.logger:44 | Epoch 217: train_loss: 1.96514
2026-04-21 02:29:38 | INFO     | fedaugment.utils.logger:44 | Epoch 218: train_loss: 1.96494
2026-04-21 02:29:45 | INFO     | fedaugment.utils.logger:44 | Epoch 219: train_loss: 1.96480
2026-04-21 02:29:50 | INFO     | fedaugment.utils.logger:44 | Epoch 220: train_loss: 1.96479
2026-04-21 02:29:55 | INFO     | fedaugment.utils.logger:44 | Epoch 221: train_loss: 1.96484
2026-04-21 02:30:00 | INFO     | fedaugment.utils.logger:44 | Epoch 222: train_loss: 1.96555
2026-04-21 02:30:06 | INFO     | fedaugment.utils.logger:44 | Epoch 223: train_loss: 1.96528
2026-04-21 02:30:11 | INFO     | fedaugment.utils.logger:44 | Epoch 224: train_loss: 1.96380
2026-04-21 02:30:18 | INFO     | fedaugment.utils.logger:44 | Epoch 225: train_loss: 1.96475
2026-04-21 02:30:24 | INFO     | fedaugment.utils.logger:44 | Epoch 226: train_loss: 1.96420
2026-04-21 02:30:29 | INFO     | fedaugment.utils.logger:44 | Epoch 227: train_loss: 1.96386
2026-04-21 02:30:37 | INFO     | fedaugment.utils.logger:44 | Epoch 228: train_loss: 1.96359
2026-04-21 02:30:42 | INFO     | fedaugment.utils.logger:44 | Epoch 229: train_loss: 1.96435
2026-04-21 02:30:47 | INFO     | fedaugment.utils.logger:44 | Epoch 230: train_loss: 1.96406
2026-04-21 02:30:52 | INFO     | fedaugment.utils.logger:44 | Epoch 231: train_loss: 1.96296
2026-04-21 02:30:58 | INFO     | fedaugment.utils.logger:44 | Epoch 232: train_loss: 1.96417
2026-04-21 02:31:03 | INFO     | fedaugment.utils.logger:44 | Epoch 233: train_loss: 1.96287
2026-04-21 02:31:08 | INFO     | fedaugment.utils.logger:44 | Epoch 234: train_loss: 1.96344
2026-04-21 02:31:13 | INFO     | fedaugment.utils.logger:44 | Epoch 235: train_loss: 1.96338
2026-04-21 02:31:18 | INFO     | fedaugment.utils.logger:44 | Epoch 236: train_loss: 1.96298
2026-04-21 02:31:24 | INFO     | fedaugment.utils.logger:44 | Epoch 237: train_loss: 1.96297
2026-04-21 02:31:29 | INFO     | fedaugment.utils.logger:44 | Epoch 238: train_loss: 1.96323
2026-04-21 02:31:34 | INFO     | fedaugment.utils.logger:44 | Epoch 239: train_loss: 1.96386
2026-04-21 02:31:39 | INFO     | fedaugment.utils.logger:44 | Epoch 240: train_loss: 1.96294
2026-04-21 02:31:44 | INFO     | fedaugment.utils.logger:44 | Epoch 241: train_loss: 1.96340
2026-04-21 02:31:49 | INFO     | fedaugment.utils.logger:44 | Epoch 242: train_loss: 1.96384
2026-04-21 02:31:55 | INFO     | fedaugment.utils.logger:44 | Epoch 243: train_loss: 1.96277
2026-04-21 02:32:00 | INFO     | fedaugment.utils.logger:44 | Epoch 244: train_loss: 1.96310
2026-04-21 02:32:05 | INFO     | fedaugment.utils.logger:44 | Epoch 245: train_loss: 1.96297
2026-04-21 02:32:10 | INFO     | fedaugment.utils.logger:44 | Epoch 246: train_loss: 1.96277
2026-04-21 02:32:15 | INFO     | fedaugment.utils.logger:44 | Epoch 247: train_loss: 1.96303
2026-04-21 02:32:20 | INFO     | fedaugment.utils.logger:44 | Epoch 248: train_loss: 1.96242
2026-04-21 02:32:25 | INFO     | fedaugment.utils.logger:44 | Epoch 249: train_loss: 1.96262
2026-04-21 02:32:25 | INFO     | lightning_utilities.core.rank_zero:60 | `Trainer.fit` stopped: `max_epochs=250` reached.
2026-04-21 02:32:27 | INFO     | fedaugment.projections.main:169 | Starting testing phase...
2026-04-21 02:32:27 | INFO     | lightning.pytorch.accelerators.cuda:61 | LOCAL_RANK: 0 - CUDA_VISIBLE_DEVICES: [0]
2026-04-21 02:32:27 | INFO     | fedaugment.utils.logger:38 | {'module_kwargs': CLModuleConfig(model_type='projection_head', out_dim=1024, hidden_dims=[1024, 1536, 1536], activation='silu', normalization='batch', dropout=0.0, no_val_orchestrator=True, no_test_orchestrator=False), 'criterion': CriterionConfig(class_='MultiViewNTXentLoss', kwargs={'temperature': 0.1}), 'optim_configs': [OptimizerConfig(class_='AdamW', kwargs={'lr': 0.001, 'weight_decay': 0.01})], 'sched_configs': [LRSchedulerConfig(class_='OneCycleLR', interval='epoch', frequency=1, monitor=None, kwargs={'max_lr': 0.003, 'total_steps': None, 'pct_start': 0.1, 'anneal_strategy': 'cos', 'div_factor': 10.0, 'final_div_factor': 1000.0})], 'pipeline_names': ['distilroberta-dj_adpt', 'mini_l12-dj_adpt', 'mini_l6-dj_adpt', 'gte_base-dj_adpt', 'gtr_t5-dj_adpt', 'mpnet-dj_adpt'], 'embedding_dims': [768, 384, 384, 768, 768, 768], 'data_batch_size': 4096, 'metric_batch_size': 65536}
2026-04-21 02:33:14 | DEBUG    | fedaugment.projections.metrics.base:115 | Computing CosineSimilarityOrchestrator metrics.
2026-04-21 02:33:14 | WARNING  | fedaugment.projections.metrics.base:117 | Number of projections (8891658) is not divisible by chunk size (65536). This may lead to suboptimal performance.
2026-04-21 05:03:06 | DEBUG    | fedaugment.projections.metrics.base:198 | Finalized CosineSimilarityOrchestrator metrics
2026-04-21 05:03:06 | INFO     | fedaugment.utils.logger:44 | Epoch 250: test_loss: 3.17159, test_cossim_mean: 0.00317, test_entity_stability_15: 0.27844, test_entity_stability_5: 0.23342, test_entity_stability_50: 0.36332, test_same_lbl_cossim_mean: 0.85980
2026-04-21 05:03:06 | INFO     | fedaugment.projections.main:176 | Best model checkpoint saved at /local-ssd/lennart/checkpoints/curation/webtable_grid-mpnet-dj_adpt-k=63049-pca=0.9/last.ckpt
2026-04-21 05:03:06 | INFO     | __main__:48 | Evaluating random-mpnet-dj_adpt-k=63049 on webtable 005
2026-04-21 05:03:06 | DEBUG    | fedaugment.projections.main:72 | Experiment configuration: {"experiment_name":"webtable_random-mpnet-dj_adpt-k=63049","experiment_group":"curation","experiment_version":1,"seed":42,"data_module":{"class_":"DefaultDataModule","data":{"train":["data/embeddings/webtable/sample-005/random-mpnet-dj_adpt-k=63049/distilroberta-dj_adpt.fa","data/embeddings/webtable/sample-005/random-mpnet-dj_adpt-k=63049/mini_l12-dj_adpt.fa","data/embeddings/webtable/sample-005/random-mpnet-dj_adpt-k=63049/mini_l6-dj_adpt.fa","data/embeddings/webtable/sample-005/random-mpnet-dj_adpt-k=63049/gte_base-dj_adpt.fa","data/embeddings/webtable/sample-005/random-mpnet-dj_adpt-k=63049/gtr_t5-dj_adpt.fa","data/embeddings/webtable/sample-005/random-mpnet-dj_adpt-k=63049/mpnet-dj_adpt.fa"],"val":null,"test":["data/embeddings/webtable/split/test/distilroberta-dj_adpt.fa","data/embeddings/webtable/split/test/mini_l12-dj_adpt.fa","data/embeddings/webtable/split/test/mini_l6-dj_adpt.fa","data/embeddings/webtable/split/test/gte_base-dj_adpt.fa","data/embeddings/webtable/split/test/gtr_t5-dj_adpt.fa","data/embeddings/webtable/split/test/mpnet-dj_adpt.fa"]},"mmap_mode":"r+","batch_size":4096,"num_workers":32,"pin_memory":true,"persistent_workers":true,"prefetch_factor":5,"verify_column_ids":true},"projection_model":{"class_":"ContrastiveLearningModel","module_kwargs":{"model_type":"projection_head","out_dim":1024,"hidden_dims":[1024,1536,1536],"activation":"silu","normalization":"batch","dropout":0.0,"no_val_orchestrator":true,"no_test_orchestrator":false},"criterion":{"class_":"MultiViewNTXentLoss","kwargs":{"temperature":0.1}},"optimizers":[{"class_":"AdamW","kwargs":{"lr":0.001,"weight_decay":0.01}}],"schedulers":[{"class_":"OneCycleLR","interval":"epoch","frequency":1,"monitor":null,"kwargs":{"max_lr":0.003,"total_steps":null,"pct_start":0.1,"anneal_strategy":"cos","div_factor":10.0,"final_div_factor":1000.0}}],"metric_batch_size":65536},"trainer":{"max_epochs":250,"accelerator":"gpu","check_val_every_n_epoch":1,"devices":"auto","deterministic":false,"enable_checkpointing":true,"enable_model_summary":true,"enable_progress_bar":true,"log_every_n_steps":50,"patience":null,"max_time":"00:24:00:00","num_sanity_val_steps":2,"precision":"bf16-mixed","profiler":null},"compile_model":true}
2026-04-21 05:03:06 | INFO     | lightning.fabric.utilities.seed:57 | Seed set to 42
2026-04-21 05:03:08 | INFO     | fedaugment.projections.main:83 | Compiling projection model...
2026-04-21 05:03:08 | INFO     | fedaugment.projections.main:85 | Projection model compiled
2026-04-21 05:03:08 | INFO     | fedaugment.projections.main:87 | Initializing trainer...
2026-04-21 05:03:08 | INFO     | lightning_utilities.core.rank_zero:60 | Using bfloat16 Automatic Mixed Precision (AMP)
2026-04-21 05:03:08 | INFO     | lightning_utilities.core.rank_zero:60 | GPU available: True (cuda), used: True
2026-04-21 05:03:08 | INFO     | lightning_utilities.core.rank_zero:60 | TPU available: False, using: 0 TPU cores
2026-04-21 05:03:08 | INFO     | fedaugment.projections.main:148 | Trainer initialized
2026-04-21 05:03:08 | INFO     | fedaugment.projections.main:158 | Starting training phase...
2026-04-21 05:03:08 | INFO     | lightning.pytorch.accelerators.cuda:61 | LOCAL_RANK: 0 - CUDA_VISIBLE_DEVICES: [0]
2026-04-21 05:03:08 | INFO     | lightning_utilities.core.rank_zero:60 | Loading `train_dataloader` to estimate number of stepping batches.
2026-04-21 05:03:08 | INFO     | fedaugment.projections.models.projection_model:123 | Setting OneCycleLR total_steps to trainer.estimated_stepping_batches=4000.
2026-04-21 05:03:08 | WARNING  | fedaugment.projections.models.projection_model:134 | OneCycleLR requires interval='step'. Overriding configured interval='epoch' to 'step'.
2026-04-21 05:03:09 | INFO     | lightning.pytorch.callbacks.model_summary:110 |
  | Name              | Type                         | Params | Mode  | FLOPs
-----------------------------------------------------------------------------------
0 | criterion         | MultiViewNTXentLoss          | 0      | train | 0
1 | val_metrics       | MetricCollection             | 0      | train | 0
2 | test_metrics      | MetricCollection             | 0      | train | 0
3 | val_orchestrator  | CosineSimilarityOrchestrator | 0      | train | 0
4 | test_orchestrator | CosineSimilarityOrchestrator | 0      | train | 0
5 | projection_heads  | ModuleList                   | 37.0 M | train | 0
-----------------------------------------------------------------------------------
37.0 M    Trainable params
0         Non-trainable params
37.0 M    Total params
148.120   Total estimated model params size (MB)
89        Modules in train mode
0         Modules in eval mode
0         Total Flops
2026-04-21 05:03:09 | INFO     | fedaugment.utils.logger:38 | {'module_kwargs': CLModuleConfig(model_type='projection_head', out_dim=1024, hidden_dims=[1024, 1536, 1536], activation='silu', normalization='batch', dropout=0.0, no_val_orchestrator=True, no_test_orchestrator=False), 'criterion': CriterionConfig(class_='MultiViewNTXentLoss', kwargs={'temperature': 0.1}), 'optim_configs': [OptimizerConfig(class_='AdamW', kwargs={'lr': 0.001, 'weight_decay': 0.01})], 'sched_configs': [LRSchedulerConfig(class_='OneCycleLR', interval='epoch', frequency=1, monitor=None, kwargs={'max_lr': 0.003, 'total_steps': None, 'pct_start': 0.1, 'anneal_strategy': 'cos', 'div_factor': 10.0, 'final_div_factor': 1000.0})], 'pipeline_names': ['distilroberta-dj_adpt', 'mini_l12-dj_adpt', 'mini_l6-dj_adpt', 'gte_base-dj_adpt', 'gtr_t5-dj_adpt', 'mpnet-dj_adpt'], 'embedding_dims': [768, 384, 384, 768, 768, 768], 'data_batch_size': 4096, 'metric_batch_size': 65536}
2026-04-21 05:03:41 | INFO     | fedaugment.utils.logger:44 | Epoch 0: train_loss: 6.87898
2026-04-21 05:03:47 | INFO     | fedaugment.utils.logger:44 | Epoch 1: train_loss: 4.67060
2026-04-21 05:03:52 | INFO     | fedaugment.utils.logger:44 | Epoch 2: train_loss: 4.12244
2026-04-21 05:03:58 | INFO     | fedaugment.utils.logger:44 | Epoch 3: train_loss: 3.81511
2026-04-21 05:04:03 | INFO     | fedaugment.utils.logger:44 | Epoch 4: train_loss: 3.59603
2026-04-21 05:04:09 | INFO     | fedaugment.utils.logger:44 | Epoch 5: train_loss: 3.42265
2026-04-21 05:04:14 | INFO     | fedaugment.utils.logger:44 | Epoch 6: train_loss: 3.28040
2026-04-21 05:04:20 | INFO     | fedaugment.utils.logger:44 | Epoch 7: train_loss: 3.17656
2026-04-21 05:04:25 | INFO     | fedaugment.utils.logger:44 | Epoch 8: train_loss: 3.08525
2026-04-21 05:04:31 | INFO     | fedaugment.utils.logger:44 | Epoch 9: train_loss: 3.00805
2026-04-21 05:04:36 | INFO     | fedaugment.utils.logger:44 | Epoch 10: train_loss: 2.96221
2026-04-21 05:04:41 | INFO     | fedaugment.utils.logger:44 | Epoch 11: train_loss: 2.92324
2026-04-21 05:04:47 | INFO     | fedaugment.utils.logger:44 | Epoch 12: train_loss: 2.91272
2026-04-21 05:04:52 | INFO     | fedaugment.utils.logger:44 | Epoch 13: train_loss: 2.85467
2026-04-21 05:04:58 | INFO     | fedaugment.utils.logger:44 | Epoch 14: train_loss: 2.83927
2026-04-21 05:05:04 | INFO     | fedaugment.utils.logger:44 | Epoch 15: train_loss: 2.80541
2026-04-21 05:05:10 | INFO     | fedaugment.utils.logger:44 | Epoch 16: train_loss: 2.80874
2026-04-21 05:05:15 | INFO     | fedaugment.utils.logger:44 | Epoch 17: train_loss: 2.81362
2026-04-21 05:05:20 | INFO     | fedaugment.utils.logger:44 | Epoch 18: train_loss: 2.74718
2026-04-21 05:05:26 | INFO     | fedaugment.utils.logger:44 | Epoch 19: train_loss: 2.72141
2026-04-21 05:05:32 | INFO     | fedaugment.utils.logger:44 | Epoch 20: train_loss: 2.72363
2026-04-21 05:05:37 | INFO     | fedaugment.utils.logger:44 | Epoch 21: train_loss: 2.70145
2026-04-21 05:05:43 | INFO     | fedaugment.utils.logger:44 | Epoch 22: train_loss: 2.65348
2026-04-21 05:05:48 | INFO     | fedaugment.utils.logger:44 | Epoch 23: train_loss: 2.63351
2026-04-21 05:05:54 | INFO     | fedaugment.utils.logger:44 | Epoch 24: train_loss: 2.61774
2026-04-21 05:05:59 | INFO     | fedaugment.utils.logger:44 | Epoch 25: train_loss: 2.61097
2026-04-21 05:06:04 | INFO     | fedaugment.utils.logger:44 | Epoch 26: train_loss: 2.58525
2026-04-21 05:06:10 | INFO     | fedaugment.utils.logger:44 | Epoch 27: train_loss: 2.56750
2026-04-21 05:06:15 | INFO     | fedaugment.utils.logger:44 | Epoch 28: train_loss: 2.55772
2026-04-21 05:06:21 | INFO     | fedaugment.utils.logger:44 | Epoch 29: train_loss: 2.54729
2026-04-21 05:06:27 | INFO     | fedaugment.utils.logger:44 | Epoch 30: train_loss: 2.53610
2026-04-21 05:06:32 | INFO     | fedaugment.utils.logger:44 | Epoch 31: train_loss: 2.53140
2026-04-21 05:06:38 | INFO     | fedaugment.utils.logger:44 | Epoch 32: train_loss: 2.52236
2026-04-21 05:06:43 | INFO     | fedaugment.utils.logger:44 | Epoch 33: train_loss: 2.51082
2026-04-21 05:06:49 | INFO     | fedaugment.utils.logger:44 | Epoch 34: train_loss: 2.50734
2026-04-21 05:06:53 | INFO     | fedaugment.utils.logger:44 | Epoch 35: train_loss: 2.50181
2026-04-21 05:06:59 | INFO     | fedaugment.utils.logger:44 | Epoch 36: train_loss: 2.48303
2026-04-21 05:07:05 | INFO     | fedaugment.utils.logger:44 | Epoch 37: train_loss: 2.49541
2026-04-21 05:07:10 | INFO     | fedaugment.utils.logger:44 | Epoch 38: train_loss: 2.48369
2026-04-21 05:07:15 | INFO     | fedaugment.utils.logger:44 | Epoch 39: train_loss: 2.46732
2026-04-21 05:07:21 | INFO     | fedaugment.utils.logger:44 | Epoch 40: train_loss: 2.46000
2026-04-21 05:07:26 | INFO     | fedaugment.utils.logger:44 | Epoch 41: train_loss: 2.46077
2026-04-21 05:07:31 | INFO     | fedaugment.utils.logger:44 | Epoch 42: train_loss: 2.45671
2026-04-21 05:07:37 | INFO     | fedaugment.utils.logger:44 | Epoch 43: train_loss: 2.44559
2026-04-21 05:07:42 | INFO     | fedaugment.utils.logger:44 | Epoch 44: train_loss: 2.44143
2026-04-21 05:07:47 | INFO     | fedaugment.utils.logger:44 | Epoch 45: train_loss: 2.44157
2026-04-21 05:07:53 | INFO     | fedaugment.utils.logger:44 | Epoch 46: train_loss: 2.43021
2026-04-21 05:07:59 | INFO     | fedaugment.utils.logger:44 | Epoch 47: train_loss: 2.42483
2026-04-21 05:08:04 | INFO     | fedaugment.utils.logger:44 | Epoch 48: train_loss: 2.43214
2026-04-21 05:08:10 | INFO     | fedaugment.utils.logger:44 | Epoch 49: train_loss: 2.41985
2026-04-21 05:08:15 | INFO     | fedaugment.utils.logger:44 | Epoch 50: train_loss: 2.41829
2026-04-21 05:08:21 | INFO     | fedaugment.utils.logger:44 | Epoch 51: train_loss: 2.41301
2026-04-21 05:08:26 | INFO     | fedaugment.utils.logger:44 | Epoch 52: train_loss: 2.41148
2026-04-21 05:08:32 | INFO     | fedaugment.utils.logger:44 | Epoch 53: train_loss: 2.40930
2026-04-21 05:08:37 | INFO     | fedaugment.utils.logger:44 | Epoch 54: train_loss: 2.40228
2026-04-21 05:08:43 | INFO     | fedaugment.utils.logger:44 | Epoch 55: train_loss: 2.39827
2026-04-21 05:08:48 | INFO     | fedaugment.utils.logger:44 | Epoch 56: train_loss: 2.39712
2026-04-21 05:08:54 | INFO     | fedaugment.utils.logger:44 | Epoch 57: train_loss: 2.39594
2026-04-21 05:08:59 | INFO     | fedaugment.utils.logger:44 | Epoch 58: train_loss: 2.39007
2026-04-21 05:09:04 | INFO     | fedaugment.utils.logger:44 | Epoch 59: train_loss: 2.38609
2026-04-21 05:09:09 | INFO     | fedaugment.utils.logger:44 | Epoch 60: train_loss: 2.38528
2026-04-21 05:09:15 | INFO     | fedaugment.utils.logger:44 | Epoch 61: train_loss: 2.37998
2026-04-21 05:09:20 | INFO     | fedaugment.utils.logger:44 | Epoch 62: train_loss: 2.38144
2026-04-21 05:09:25 | INFO     | fedaugment.utils.logger:44 | Epoch 63: train_loss: 2.37740
2026-04-21 05:09:31 | INFO     | fedaugment.utils.logger:44 | Epoch 64: train_loss: 2.37698
2026-04-21 05:09:36 | INFO     | fedaugment.utils.logger:44 | Epoch 65: train_loss: 2.37388
2026-04-21 05:09:42 | INFO     | fedaugment.utils.logger:44 | Epoch 66: train_loss: 2.37037
2026-04-21 05:09:47 | INFO     | fedaugment.utils.logger:44 | Epoch 67: train_loss: 2.37075
2026-04-21 05:09:53 | INFO     | fedaugment.utils.logger:44 | Epoch 68: train_loss: 2.36380
2026-04-21 05:09:58 | INFO     | fedaugment.utils.logger:44 | Epoch 69: train_loss: 2.36405
2026-04-21 05:10:04 | INFO     | fedaugment.utils.logger:44 | Epoch 70: train_loss: 2.36520
2026-04-21 05:10:09 | INFO     | fedaugment.utils.logger:44 | Epoch 71: train_loss: 2.35890
2026-04-21 05:10:15 | INFO     | fedaugment.utils.logger:44 | Epoch 72: train_loss: 2.35551
2026-04-21 05:10:20 | INFO     | fedaugment.utils.logger:44 | Epoch 73: train_loss: 2.35549
2026-04-21 05:10:26 | INFO     | fedaugment.utils.logger:44 | Epoch 74: train_loss: 2.35385
2026-04-21 05:10:31 | INFO     | fedaugment.utils.logger:44 | Epoch 75: train_loss: 2.35368
2026-04-21 05:10:37 | INFO     | fedaugment.utils.logger:44 | Epoch 76: train_loss: 2.34848
2026-04-21 05:10:42 | INFO     | fedaugment.utils.logger:44 | Epoch 77: train_loss: 2.34803
2026-04-21 05:10:47 | INFO     | fedaugment.utils.logger:44 | Epoch 78: train_loss: 2.34636
2026-04-21 05:10:52 | INFO     | fedaugment.utils.logger:44 | Epoch 79: train_loss: 2.34806
2026-04-21 05:10:58 | INFO     | fedaugment.utils.logger:44 | Epoch 80: train_loss: 2.34027
2026-04-21 05:11:03 | INFO     | fedaugment.utils.logger:44 | Epoch 81: train_loss: 2.33898
2026-04-21 05:11:08 | INFO     | fedaugment.utils.logger:44 | Epoch 82: train_loss: 2.34143
2026-04-21 05:11:14 | INFO     | fedaugment.utils.logger:44 | Epoch 83: train_loss: 2.33538
2026-04-21 05:11:19 | INFO     | fedaugment.utils.logger:44 | Epoch 84: train_loss: 2.33512
2026-04-21 05:11:24 | INFO     | fedaugment.utils.logger:44 | Epoch 85: train_loss: 2.33296
2026-04-21 05:11:30 | INFO     | fedaugment.utils.logger:44 | Epoch 86: train_loss: 2.33180
2026-04-21 05:11:35 | INFO     | fedaugment.utils.logger:44 | Epoch 87: train_loss: 2.32853
2026-04-21 05:11:41 | INFO     | fedaugment.utils.logger:44 | Epoch 88: train_loss: 2.32861
2026-04-21 05:11:46 | INFO     | fedaugment.utils.logger:44 | Epoch 89: train_loss: 2.32681
2026-04-21 05:11:51 | INFO     | fedaugment.utils.logger:44 | Epoch 90: train_loss: 2.32578
2026-04-21 05:11:56 | INFO     | fedaugment.utils.logger:44 | Epoch 91: train_loss: 2.32706
2026-04-21 05:12:02 | INFO     | fedaugment.utils.logger:44 | Epoch 92: train_loss: 2.32277
2026-04-21 05:12:07 | INFO     | fedaugment.utils.logger:44 | Epoch 93: train_loss: 2.32171
2026-04-21 05:12:12 | INFO     | fedaugment.utils.logger:44 | Epoch 94: train_loss: 2.32195
2026-04-21 05:12:17 | INFO     | fedaugment.utils.logger:44 | Epoch 95: train_loss: 2.32371
2026-04-21 05:12:23 | INFO     | fedaugment.utils.logger:44 | Epoch 96: train_loss: 2.32199
2026-04-21 05:12:28 | INFO     | fedaugment.utils.logger:44 | Epoch 97: train_loss: 2.31824
2026-04-21 05:12:33 | INFO     | fedaugment.utils.logger:44 | Epoch 98: train_loss: 2.31523
2026-04-21 05:12:38 | INFO     | fedaugment.utils.logger:44 | Epoch 99: train_loss: 2.31455
2026-04-21 05:12:43 | INFO     | fedaugment.utils.logger:44 | Epoch 100: train_loss: 2.31425
2026-04-21 05:12:48 | INFO     | fedaugment.utils.logger:44 | Epoch 101: train_loss: 2.31202
2026-04-21 05:12:53 | INFO     | fedaugment.utils.logger:44 | Epoch 102: train_loss: 2.31654
2026-04-21 05:12:58 | INFO     | fedaugment.utils.logger:44 | Epoch 103: train_loss: 2.31660
2026-04-21 05:13:03 | INFO     | fedaugment.utils.logger:44 | Epoch 104: train_loss: 2.31543
2026-04-21 05:13:09 | INFO     | fedaugment.utils.logger:44 | Epoch 105: train_loss: 2.31123
2026-04-21 05:13:14 | INFO     | fedaugment.utils.logger:44 | Epoch 106: train_loss: 2.30948
2026-04-21 05:13:19 | INFO     | fedaugment.utils.logger:44 | Epoch 107: train_loss: 2.30604
2026-04-21 05:13:24 | INFO     | fedaugment.utils.logger:44 | Epoch 108: train_loss: 2.30674
2026-04-21 05:13:29 | INFO     | fedaugment.utils.logger:44 | Epoch 109: train_loss: 2.30552
2026-04-21 05:13:35 | INFO     | fedaugment.utils.logger:44 | Epoch 110: train_loss: 2.30308
2026-04-21 05:13:40 | INFO     | fedaugment.utils.logger:44 | Epoch 111: train_loss: 2.30181
2026-04-21 05:13:46 | INFO     | fedaugment.utils.logger:44 | Epoch 112: train_loss: 2.30125
2026-04-21 05:13:51 | INFO     | fedaugment.utils.logger:44 | Epoch 113: train_loss: 2.30560
2026-04-21 05:13:57 | INFO     | fedaugment.utils.logger:44 | Epoch 114: train_loss: 2.30285
2026-04-21 05:14:02 | INFO     | fedaugment.utils.logger:44 | Epoch 115: train_loss: 2.29964
2026-04-21 05:14:07 | INFO     | fedaugment.utils.logger:44 | Epoch 116: train_loss: 2.29835
2026-04-21 05:14:13 | INFO     | fedaugment.utils.logger:44 | Epoch 117: train_loss: 2.29730
2026-04-21 05:14:18 | INFO     | fedaugment.utils.logger:44 | Epoch 118: train_loss: 2.29895
2026-04-21 05:14:23 | INFO     | fedaugment.utils.logger:44 | Epoch 119: train_loss: 2.29618
2026-04-21 05:14:28 | INFO     | fedaugment.utils.logger:44 | Epoch 120: train_loss: 2.29476
2026-04-21 05:14:33 | INFO     | fedaugment.utils.logger:44 | Epoch 121: train_loss: 2.29580
2026-04-21 05:14:39 | INFO     | fedaugment.utils.logger:44 | Epoch 122: train_loss: 2.29467
2026-04-21 05:14:44 | INFO     | fedaugment.utils.logger:44 | Epoch 123: train_loss: 2.29281
2026-04-21 05:14:49 | INFO     | fedaugment.utils.logger:44 | Epoch 124: train_loss: 2.29306
2026-04-21 05:14:54 | INFO     | fedaugment.utils.logger:44 | Epoch 125: train_loss: 2.29143
2026-04-21 05:14:59 | INFO     | fedaugment.utils.logger:44 | Epoch 126: train_loss: 2.29105
2026-04-21 05:15:05 | INFO     | fedaugment.utils.logger:44 | Epoch 127: train_loss: 2.29307
2026-04-21 05:15:10 | INFO     | fedaugment.utils.logger:44 | Epoch 128: train_loss: 2.29197
2026-04-21 05:15:15 | INFO     | fedaugment.utils.logger:44 | Epoch 129: train_loss: 2.29145
2026-04-21 05:15:20 | INFO     | fedaugment.utils.logger:44 | Epoch 130: train_loss: 2.28859
2026-04-21 05:15:26 | INFO     | fedaugment.utils.logger:44 | Epoch 131: train_loss: 2.28678
2026-04-21 05:15:31 | INFO     | fedaugment.utils.logger:44 | Epoch 132: train_loss: 2.28584
2026-04-21 05:15:36 | INFO     | fedaugment.utils.logger:44 | Epoch 133: train_loss: 2.28506
2026-04-21 05:15:42 | INFO     | fedaugment.utils.logger:44 | Epoch 134: train_loss: 2.28416
2026-04-21 05:15:48 | INFO     | fedaugment.utils.logger:44 | Epoch 135: train_loss: 2.28548
2026-04-21 05:15:53 | INFO     | fedaugment.utils.logger:44 | Epoch 136: train_loss: 2.28641
2026-04-21 05:15:59 | INFO     | fedaugment.utils.logger:44 | Epoch 137: train_loss: 2.28325
2026-04-21 05:16:05 | INFO     | fedaugment.utils.logger:44 | Epoch 138: train_loss: 2.28512
2026-04-21 05:16:10 | INFO     | fedaugment.utils.logger:44 | Epoch 139: train_loss: 2.28381
2026-04-21 05:16:16 | INFO     | fedaugment.utils.logger:44 | Epoch 140: train_loss: 2.28398
2026-04-21 05:16:21 | INFO     | fedaugment.utils.logger:44 | Epoch 141: train_loss: 2.28319
2026-04-21 05:16:27 | INFO     | fedaugment.utils.logger:44 | Epoch 142: train_loss: 2.28189
2026-04-21 05:16:32 | INFO     | fedaugment.utils.logger:44 | Epoch 143: train_loss: 2.28109
2026-04-21 05:16:37 | INFO     | fedaugment.utils.logger:44 | Epoch 144: train_loss: 2.28134
2026-04-21 05:16:42 | INFO     | fedaugment.utils.logger:44 | Epoch 145: train_loss: 2.27908
2026-04-21 05:16:48 | INFO     | fedaugment.utils.logger:44 | Epoch 146: train_loss: 2.27819
2026-04-21 05:16:54 | INFO     | fedaugment.utils.logger:44 | Epoch 147: train_loss: 2.27745
2026-04-21 05:17:00 | INFO     | fedaugment.utils.logger:44 | Epoch 148: train_loss: 2.27775
2026-04-21 05:17:06 | INFO     | fedaugment.utils.logger:44 | Epoch 149: train_loss: 2.27660
2026-04-21 05:17:11 | INFO     | fedaugment.utils.logger:44 | Epoch 150: train_loss: 2.27674
2026-04-21 05:17:16 | INFO     | fedaugment.utils.logger:44 | Epoch 151: train_loss: 2.27538
2026-04-21 05:17:22 | INFO     | fedaugment.utils.logger:44 | Epoch 152: train_loss: 2.27636
2026-04-21 05:17:28 | INFO     | fedaugment.utils.logger:44 | Epoch 153: train_loss: 2.27544
2026-04-21 05:17:33 | INFO     | fedaugment.utils.logger:44 | Epoch 154: train_loss: 2.27342
2026-04-21 05:17:39 | INFO     | fedaugment.utils.logger:44 | Epoch 155: train_loss: 2.27358
2026-04-21 05:17:44 | INFO     | fedaugment.utils.logger:44 | Epoch 156: train_loss: 2.27496
2026-04-21 05:17:50 | INFO     | fedaugment.utils.logger:44 | Epoch 157: train_loss: 2.27583
2026-04-21 05:17:56 | INFO     | fedaugment.utils.logger:44 | Epoch 158: train_loss: 2.27238
2026-04-21 05:18:01 | INFO     | fedaugment.utils.logger:44 | Epoch 159: train_loss: 2.27032
2026-04-21 05:18:06 | INFO     | fedaugment.utils.logger:44 | Epoch 160: train_loss: 2.27079
2026-04-21 05:18:12 | INFO     | fedaugment.utils.logger:44 | Epoch 161: train_loss: 2.27035
2026-04-21 05:18:18 | INFO     | fedaugment.utils.logger:44 | Epoch 162: train_loss: 2.26902
2026-04-21 05:18:23 | INFO     | fedaugment.utils.logger:44 | Epoch 163: train_loss: 2.26966
2026-04-21 05:18:28 | INFO     | fedaugment.utils.logger:44 | Epoch 164: train_loss: 2.26980
2026-04-21 05:18:33 | INFO     | fedaugment.utils.logger:44 | Epoch 165: train_loss: 2.27029
2026-04-21 05:18:38 | INFO     | fedaugment.utils.logger:44 | Epoch 166: train_loss: 2.26690
2026-04-21 05:18:43 | INFO     | fedaugment.utils.logger:44 | Epoch 167: train_loss: 2.26972
2026-04-21 05:18:48 | INFO     | fedaugment.utils.logger:44 | Epoch 168: train_loss: 2.26935
2026-04-21 05:18:54 | INFO     | fedaugment.utils.logger:44 | Epoch 169: train_loss: 2.26788
2026-04-21 05:18:59 | INFO     | fedaugment.utils.logger:44 | Epoch 170: train_loss: 2.26877
2026-04-21 05:19:04 | INFO     | fedaugment.utils.logger:44 | Epoch 171: train_loss: 2.26613
2026-04-21 05:19:09 | INFO     | fedaugment.utils.logger:44 | Epoch 172: train_loss: 2.26512
2026-04-21 05:19:14 | INFO     | fedaugment.utils.logger:44 | Epoch 173: train_loss: 2.26430
2026-04-21 05:19:20 | INFO     | fedaugment.utils.logger:44 | Epoch 174: train_loss: 2.26300
2026-04-21 05:19:25 | INFO     | fedaugment.utils.logger:44 | Epoch 175: train_loss: 2.26336
2026-04-21 05:19:30 | INFO     | fedaugment.utils.logger:44 | Epoch 176: train_loss: 2.26304
2026-04-21 05:19:35 | INFO     | fedaugment.utils.logger:44 | Epoch 177: train_loss: 2.26111
2026-04-21 05:19:41 | INFO     | fedaugment.utils.logger:44 | Epoch 178: train_loss: 2.26287
2026-04-21 05:19:46 | INFO     | fedaugment.utils.logger:44 | Epoch 179: train_loss: 2.26052
2026-04-21 05:19:52 | INFO     | fedaugment.utils.logger:44 | Epoch 180: train_loss: 2.26226
2026-04-21 05:19:58 | INFO     | fedaugment.utils.logger:44 | Epoch 181: train_loss: 2.26286
2026-04-21 05:20:03 | INFO     | fedaugment.utils.logger:44 | Epoch 182: train_loss: 2.26031
2026-04-21 05:20:08 | INFO     | fedaugment.utils.logger:44 | Epoch 183: train_loss: 2.26043
2026-04-21 05:20:14 | INFO     | fedaugment.utils.logger:44 | Epoch 184: train_loss: 2.25850
2026-04-21 05:20:19 | INFO     | fedaugment.utils.logger:44 | Epoch 185: train_loss: 2.26053
2026-04-21 05:20:24 | INFO     | fedaugment.utils.logger:44 | Epoch 186: train_loss: 2.25985
2026-04-21 05:20:29 | INFO     | fedaugment.utils.logger:44 | Epoch 187: train_loss: 2.25880
2026-04-21 05:20:34 | INFO     | fedaugment.utils.logger:44 | Epoch 188: train_loss: 2.25905
2026-04-21 05:20:39 | INFO     | fedaugment.utils.logger:44 | Epoch 189: train_loss: 2.25784
2026-04-21 05:20:45 | INFO     | fedaugment.utils.logger:44 | Epoch 190: train_loss: 2.25802
2026-04-21 05:20:50 | INFO     | fedaugment.utils.logger:44 | Epoch 191: train_loss: 2.25683
2026-04-21 05:20:55 | INFO     | fedaugment.utils.logger:44 | Epoch 192: train_loss: 2.25739
2026-04-21 05:21:01 | INFO     | fedaugment.utils.logger:44 | Epoch 193: train_loss: 2.25613
2026-04-21 05:21:06 | INFO     | fedaugment.utils.logger:44 | Epoch 194: train_loss: 2.25558
2026-04-21 05:21:11 | INFO     | fedaugment.utils.logger:44 | Epoch 195: train_loss: 2.25789
2026-04-21 05:21:17 | INFO     | fedaugment.utils.logger:44 | Epoch 196: train_loss: 2.25546
2026-04-21 05:21:23 | INFO     | fedaugment.utils.logger:44 | Epoch 197: train_loss: 2.25725
2026-04-21 05:21:28 | INFO     | fedaugment.utils.logger:44 | Epoch 198: train_loss: 2.25335
2026-04-21 05:21:34 | INFO     | fedaugment.utils.logger:44 | Epoch 199: train_loss: 2.25547
2026-04-21 05:21:39 | INFO     | fedaugment.utils.logger:44 | Epoch 200: train_loss: 2.25505
2026-04-21 05:21:45 | INFO     | fedaugment.utils.logger:44 | Epoch 201: train_loss: 2.25446
2026-04-21 05:21:51 | INFO     | fedaugment.utils.logger:44 | Epoch 202: train_loss: 2.25368
2026-04-21 05:21:56 | INFO     | fedaugment.utils.logger:44 | Epoch 203: train_loss: 2.25425
2026-04-21 05:22:02 | INFO     | fedaugment.utils.logger:44 | Epoch 204: train_loss: 2.25288
2026-04-21 05:22:07 | INFO     | fedaugment.utils.logger:44 | Epoch 205: train_loss: 2.25323
2026-04-21 05:22:13 | INFO     | fedaugment.utils.logger:44 | Epoch 206: train_loss: 2.25238
2026-04-21 05:22:18 | INFO     | fedaugment.utils.logger:44 | Epoch 207: train_loss: 2.25161
2026-04-21 05:22:23 | INFO     | fedaugment.utils.logger:44 | Epoch 208: train_loss: 2.25126
2026-04-21 05:22:28 | INFO     | fedaugment.utils.logger:44 | Epoch 209: train_loss: 2.25098
2026-04-21 05:22:34 | INFO     | fedaugment.utils.logger:44 | Epoch 210: train_loss: 2.25277
2026-04-21 05:22:39 | INFO     | fedaugment.utils.logger:44 | Epoch 211: train_loss: 2.25053
2026-04-21 05:22:44 | INFO     | fedaugment.utils.logger:44 | Epoch 212: train_loss: 2.25029
2026-04-21 05:22:49 | INFO     | fedaugment.utils.logger:44 | Epoch 213: train_loss: 2.25034
2026-04-21 05:22:54 | INFO     | fedaugment.utils.logger:44 | Epoch 214: train_loss: 2.24988
2026-04-21 05:23:00 | INFO     | fedaugment.utils.logger:44 | Epoch 215: train_loss: 2.25107
2026-04-21 05:23:05 | INFO     | fedaugment.utils.logger:44 | Epoch 216: train_loss: 2.25077
2026-04-21 05:23:11 | INFO     | fedaugment.utils.logger:44 | Epoch 217: train_loss: 2.24979
2026-04-21 05:23:17 | INFO     | fedaugment.utils.logger:44 | Epoch 218: train_loss: 2.25097
2026-04-21 05:23:22 | INFO     | fedaugment.utils.logger:44 | Epoch 219: train_loss: 2.25121
2026-04-21 05:23:28 | INFO     | fedaugment.utils.logger:44 | Epoch 220: train_loss: 2.25139
2026-04-21 05:23:33 | INFO     | fedaugment.utils.logger:44 | Epoch 221: train_loss: 2.24903
2026-04-21 05:23:39 | INFO     | fedaugment.utils.logger:44 | Epoch 222: train_loss: 2.25041
2026-04-21 05:23:44 | INFO     | fedaugment.utils.logger:44 | Epoch 223: train_loss: 2.24993
2026-04-21 05:23:49 | INFO     | fedaugment.utils.logger:44 | Epoch 224: train_loss: 2.25016
2026-04-21 05:23:54 | INFO     | fedaugment.utils.logger:44 | Epoch 225: train_loss: 2.24866
2026-04-21 05:23:59 | INFO     | fedaugment.utils.logger:44 | Epoch 226: train_loss: 2.24825
2026-04-21 05:24:04 | INFO     | fedaugment.utils.logger:44 | Epoch 227: train_loss: 2.24982
2026-04-21 05:24:09 | INFO     | fedaugment.utils.logger:44 | Epoch 228: train_loss: 2.24989
2026-04-21 05:24:15 | INFO     | fedaugment.utils.logger:44 | Epoch 229: train_loss: 2.24865
2026-04-21 05:24:20 | INFO     | fedaugment.utils.logger:44 | Epoch 230: train_loss: 2.24909
2026-04-21 05:24:25 | INFO     | fedaugment.utils.logger:44 | Epoch 231: train_loss: 2.24962
2026-04-21 05:24:31 | INFO     | fedaugment.utils.logger:44 | Epoch 232: train_loss: 2.24856
2026-04-21 05:24:36 | INFO     | fedaugment.utils.logger:44 | Epoch 233: train_loss: 2.24799
2026-04-21 05:24:41 | INFO     | fedaugment.utils.logger:44 | Epoch 234: train_loss: 2.24822
2026-04-21 05:24:46 | INFO     | fedaugment.utils.logger:44 | Epoch 235: train_loss: 2.24790
2026-04-21 05:24:51 | INFO     | fedaugment.utils.logger:44 | Epoch 236: train_loss: 2.24929
2026-04-21 05:24:57 | INFO     | fedaugment.utils.logger:44 | Epoch 237: train_loss: 2.24767
2026-04-21 05:25:02 | INFO     | fedaugment.utils.logger:44 | Epoch 238: train_loss: 2.24714
2026-04-21 05:25:07 | INFO     | fedaugment.utils.logger:44 | Epoch 239: train_loss: 2.24805
2026-04-21 05:25:12 | INFO     | fedaugment.utils.logger:44 | Epoch 240: train_loss: 2.24620
2026-04-21 05:25:18 | INFO     | fedaugment.utils.logger:44 | Epoch 241: train_loss: 2.24871
2026-04-21 05:25:23 | INFO     | fedaugment.utils.logger:44 | Epoch 242: train_loss: 2.24868
2026-04-21 05:25:28 | INFO     | fedaugment.utils.logger:44 | Epoch 243: train_loss: 2.24805
2026-04-21 05:25:33 | INFO     | fedaugment.utils.logger:44 | Epoch 244: train_loss: 2.24903
2026-04-21 05:25:38 | INFO     | fedaugment.utils.logger:44 | Epoch 245: train_loss: 2.24669
2026-04-21 05:25:44 | INFO     | fedaugment.utils.logger:44 | Epoch 246: train_loss: 2.24805
2026-04-21 05:25:49 | INFO     | fedaugment.utils.logger:44 | Epoch 247: train_loss: 2.24684
2026-04-21 05:25:54 | INFO     | fedaugment.utils.logger:44 | Epoch 248: train_loss: 2.24816
2026-04-21 05:26:00 | INFO     | fedaugment.utils.logger:44 | Epoch 249: train_loss: 2.24820
2026-04-21 05:26:00 | INFO     | lightning_utilities.core.rank_zero:60 | `Trainer.fit` stopped: `max_epochs=250` reached.
2026-04-21 05:26:01 | INFO     | fedaugment.projections.main:169 | Starting testing phase...
2026-04-21 05:26:01 | INFO     | lightning.pytorch.accelerators.cuda:61 | LOCAL_RANK: 0 - CUDA_VISIBLE_DEVICES: [0]
2026-04-21 05:26:01 | INFO     | fedaugment.utils.logger:38 | {'module_kwargs': CLModuleConfig(model_type='projection_head', out_dim=1024, hidden_dims=[1024, 1536, 1536], activation='silu', normalization='batch', dropout=0.0, no_val_orchestrator=True, no_test_orchestrator=False), 'criterion': CriterionConfig(class_='MultiViewNTXentLoss', kwargs={'temperature': 0.1}), 'optim_configs': [OptimizerConfig(class_='AdamW', kwargs={'lr': 0.001, 'weight_decay': 0.01})], 'sched_configs': [LRSchedulerConfig(class_='OneCycleLR', interval='epoch', frequency=1, monitor=None, kwargs={'max_lr': 0.003, 'total_steps': None, 'pct_start': 0.1, 'anneal_strategy': 'cos', 'div_factor': 10.0, 'final_div_factor': 1000.0})], 'pipeline_names': ['distilroberta-dj_adpt', 'mini_l12-dj_adpt', 'mini_l6-dj_adpt', 'gte_base-dj_adpt', 'gtr_t5-dj_adpt', 'mpnet-dj_adpt'], 'embedding_dims': [768, 384, 384, 768, 768, 768], 'data_batch_size': 4096, 'metric_batch_size': 65536}
2026-04-21 05:26:47 | DEBUG    | fedaugment.projections.metrics.base:115 | Computing CosineSimilarityOrchestrator metrics.
2026-04-21 05:26:47 | WARNING  | fedaugment.projections.metrics.base:117 | Number of projections (8891658) is not divisible by chunk size (65536). This may lead to suboptimal performance.
2026-04-21 07:36:11 | DEBUG    | fedaugment.projections.metrics.base:198 | Finalized CosineSimilarityOrchestrator metrics
2026-04-21 07:36:11 | INFO     | fedaugment.utils.logger:44 | Epoch 250: test_loss: 2.89962, test_cossim_mean: 0.00043, test_entity_stability_15: 0.44451, test_entity_stability_5: 0.41363, test_entity_stability_50: 0.53886, test_same_lbl_cossim_mean: 0.88921
2026-04-21 07:36:11 | INFO     | fedaugment.projections.main:176 | Best model checkpoint saved at /local-ssd/lennart/checkpoints/curation/webtable_random-mpnet-dj_adpt-k=63049/last.ckpt
2026-04-21 07:36:11 | INFO     | __main__:48 | Evaluating fft_euc-mpnet-dj_adpt-k=630493-pca=0.9 on webtable 050
2026-04-21 07:36:11 | DEBUG    | fedaugment.projections.main:72 | Experiment configuration: {"experiment_name":"webtable_fft_euc-mpnet-dj_adpt-k=630493-pca=0.9","experiment_group":"curation","experiment_version":1,"seed":42,"data_module":{"class_":"DefaultDataModule","data":{"train":["data/embeddings/webtable/sample-050/fft_euc-mpnet-dj_adpt-k=630493-pca=0.9/distilroberta-dj_adpt.fa","data/embeddings/webtable/sample-050/fft_euc-mpnet-dj_adpt-k=630493-pca=0.9/mini_l12-dj_adpt.fa","data/embeddings/webtable/sample-050/fft_euc-mpnet-dj_adpt-k=630493-pca=0.9/mini_l6-dj_adpt.fa","data/embeddings/webtable/sample-050/fft_euc-mpnet-dj_adpt-k=630493-pca=0.9/gte_base-dj_adpt.fa","data/embeddings/webtable/sample-050/fft_euc-mpnet-dj_adpt-k=630493-pca=0.9/gtr_t5-dj_adpt.fa","data/embeddings/webtable/sample-050/fft_euc-mpnet-dj_adpt-k=630493-pca=0.9/mpnet-dj_adpt.fa"],"val":null,"test":["data/embeddings/webtable/split/test/distilroberta-dj_adpt.fa","data/embeddings/webtable/split/test/mini_l12-dj_adpt.fa","data/embeddings/webtable/split/test/mini_l6-dj_adpt.fa","data/embeddings/webtable/split/test/gte_base-dj_adpt.fa","data/embeddings/webtable/split/test/gtr_t5-dj_adpt.fa","data/embeddings/webtable/split/test/mpnet-dj_adpt.fa"]},"mmap_mode":"r+","batch_size":4096,"num_workers":32,"pin_memory":true,"persistent_workers":true,"prefetch_factor":5,"verify_column_ids":true},"projection_model":{"class_":"ContrastiveLearningModel","module_kwargs":{"model_type":"projection_head","out_dim":1024,"hidden_dims":[1024,1536,1536],"activation":"silu","normalization":"batch","dropout":0.0,"no_val_orchestrator":true,"no_test_orchestrator":false},"criterion":{"class_":"MultiViewNTXentLoss","kwargs":{"temperature":0.1}},"optimizers":[{"class_":"AdamW","kwargs":{"lr":0.001,"weight_decay":0.01}}],"schedulers":[{"class_":"OneCycleLR","interval":"epoch","frequency":1,"monitor":null,"kwargs":{"max_lr":0.003,"total_steps":null,"pct_start":0.1,"anneal_strategy":"cos","div_factor":10.0,"final_div_factor":1000.0}}],"metric_batch_size":65536},"trainer":{"max_epochs":250,"accelerator":"gpu","check_val_every_n_epoch":1,"devices":"auto","deterministic":false,"enable_checkpointing":true,"enable_model_summary":true,"enable_progress_bar":true,"log_every_n_steps":50,"patience":null,"max_time":"00:24:00:00","num_sanity_val_steps":2,"precision":"bf16-mixed","profiler":null},"compile_model":true}
2026-04-21 07:36:11 | INFO     | lightning.fabric.utilities.seed:57 | Seed set to 42
2026-04-21 07:36:14 | INFO     | fedaugment.projections.main:83 | Compiling projection model...
2026-04-21 07:36:14 | INFO     | fedaugment.projections.main:85 | Projection model compiled
2026-04-21 07:36:14 | INFO     | fedaugment.projections.main:87 | Initializing trainer...
2026-04-21 07:36:14 | INFO     | lightning_utilities.core.rank_zero:60 | Using bfloat16 Automatic Mixed Precision (AMP)
2026-04-21 07:36:14 | INFO     | lightning_utilities.core.rank_zero:60 | GPU available: True (cuda), used: True
2026-04-21 07:36:14 | INFO     | lightning_utilities.core.rank_zero:60 | TPU available: False, using: 0 TPU cores
2026-04-21 07:36:14 | INFO     | fedaugment.projections.main:148 | Trainer initialized
2026-04-21 07:36:14 | INFO     | fedaugment.projections.main:158 | Starting training phase...
2026-04-21 07:36:14 | INFO     | lightning.pytorch.accelerators.cuda:61 | LOCAL_RANK: 0 - CUDA_VISIBLE_DEVICES: [0]
2026-04-21 07:36:14 | INFO     | lightning_utilities.core.rank_zero:60 | Loading `train_dataloader` to estimate number of stepping batches.
2026-04-21 07:36:14 | INFO     | fedaugment.projections.models.projection_model:123 | Setting OneCycleLR total_steps to trainer.estimated_stepping_batches=38500.
2026-04-21 07:36:14 | WARNING  | fedaugment.projections.models.projection_model:134 | OneCycleLR requires interval='step'. Overriding configured interval='epoch' to 'step'.
2026-04-21 07:36:15 | INFO     | lightning.pytorch.callbacks.model_summary:110 |
  | Name              | Type                         | Params | Mode  | FLOPs
-----------------------------------------------------------------------------------
0 | criterion         | MultiViewNTXentLoss          | 0      | train | 0
1 | val_metrics       | MetricCollection             | 0      | train | 0
2 | test_metrics      | MetricCollection             | 0      | train | 0
3 | val_orchestrator  | CosineSimilarityOrchestrator | 0      | train | 0
4 | test_orchestrator | CosineSimilarityOrchestrator | 0      | train | 0
5 | projection_heads  | ModuleList                   | 37.0 M | train | 0
-----------------------------------------------------------------------------------
37.0 M    Trainable params
0         Non-trainable params
37.0 M    Total params
148.120   Total estimated model params size (MB)
89        Modules in train mode
0         Modules in eval mode
0         Total Flops
2026-04-21 07:36:15 | INFO     | fedaugment.utils.logger:38 | {'module_kwargs': CLModuleConfig(model_type='projection_head', out_dim=1024, hidden_dims=[1024, 1536, 1536], activation='silu', normalization='batch', dropout=0.0, no_val_orchestrator=True, no_test_orchestrator=False), 'criterion': CriterionConfig(class_='MultiViewNTXentLoss', kwargs={'temperature': 0.1}), 'optim_configs': [OptimizerConfig(class_='AdamW', kwargs={'lr': 0.001, 'weight_decay': 0.01})], 'sched_configs': [LRSchedulerConfig(class_='OneCycleLR', interval='epoch', frequency=1, monitor=None, kwargs={'max_lr': 0.003, 'total_steps': None, 'pct_start': 0.1, 'anneal_strategy': 'cos', 'div_factor': 10.0, 'final_div_factor': 1000.0})], 'pipeline_names': ['distilroberta-dj_adpt', 'mini_l12-dj_adpt', 'mini_l6-dj_adpt', 'gte_base-dj_adpt', 'gtr_t5-dj_adpt', 'mpnet-dj_adpt'], 'embedding_dims': [768, 384, 384, 768, 768, 768], 'data_batch_size': 4096, 'metric_batch_size': 65536}
2026-04-21 07:37:20 | INFO     | fedaugment.utils.logger:44 | Epoch 0: train_loss: 4.34356
2026-04-21 07:37:40 | INFO     | fedaugment.utils.logger:44 | Epoch 1: train_loss: 3.26769
2026-04-21 07:38:00 | INFO     | fedaugment.utils.logger:44 | Epoch 2: train_loss: 2.97535
2026-04-21 07:38:20 | INFO     | fedaugment.utils.logger:44 | Epoch 3: train_loss: 2.82115
2026-04-21 07:38:40 | INFO     | fedaugment.utils.logger:44 | Epoch 4: train_loss: 2.73012
2026-04-21 07:39:01 | INFO     | fedaugment.utils.logger:44 | Epoch 5: train_loss: 2.66496
2026-04-21 07:39:21 | INFO     | fedaugment.utils.logger:44 | Epoch 6: train_loss: 2.61605
2026-04-21 07:39:42 | INFO     | fedaugment.utils.logger:44 | Epoch 7: train_loss: 2.57703
2026-04-21 07:40:02 | INFO     | fedaugment.utils.logger:44 | Epoch 8: train_loss: 2.54398
2026-04-21 07:40:22 | INFO     | fedaugment.utils.logger:44 | Epoch 9: train_loss: 2.51553
2026-04-21 07:40:43 | INFO     | fedaugment.utils.logger:44 | Epoch 10: train_loss: 2.48977
2026-04-21 07:41:03 | INFO     | fedaugment.utils.logger:44 | Epoch 11: train_loss: 2.46727
2026-04-21 07:41:24 | INFO     | fedaugment.utils.logger:44 | Epoch 12: train_loss: 2.44581
2026-04-21 07:41:44 | INFO     | fedaugment.utils.logger:44 | Epoch 13: train_loss: 2.42660
2026-04-21 07:42:04 | INFO     | fedaugment.utils.logger:44 | Epoch 14: train_loss: 2.40875
2026-04-21 07:42:24 | INFO     | fedaugment.utils.logger:44 | Epoch 15: train_loss: 2.39151
2026-04-21 07:42:44 | INFO     | fedaugment.utils.logger:44 | Epoch 16: train_loss: 2.37586
2026-04-21 07:43:04 | INFO     | fedaugment.utils.logger:44 | Epoch 17: train_loss: 2.36071
2026-04-21 07:43:24 | INFO     | fedaugment.utils.logger:44 | Epoch 18: train_loss: 2.34653
2026-04-21 07:43:45 | INFO     | fedaugment.utils.logger:44 | Epoch 19: train_loss: 2.33342
2026-04-21 07:44:05 | INFO     | fedaugment.utils.logger:44 | Epoch 20: train_loss: 2.32123
2026-04-21 07:44:25 | INFO     | fedaugment.utils.logger:44 | Epoch 21: train_loss: 2.30914
2026-04-21 07:44:45 | INFO     | fedaugment.utils.logger:44 | Epoch 22: train_loss: 2.29792
2026-04-21 07:45:04 | INFO     | fedaugment.utils.logger:44 | Epoch 23: train_loss: 2.28680
2026-04-21 07:45:24 | INFO     | fedaugment.utils.logger:44 | Epoch 24: train_loss: 2.27648
2026-04-21 07:45:44 | INFO     | fedaugment.utils.logger:44 | Epoch 25: train_loss: 2.26665
2026-04-21 07:46:05 | INFO     | fedaugment.utils.logger:44 | Epoch 26: train_loss: 2.25743
2026-04-21 07:46:25 | INFO     | fedaugment.utils.logger:44 | Epoch 27: train_loss: 2.24906
2026-04-21 07:46:45 | INFO     | fedaugment.utils.logger:44 | Epoch 28: train_loss: 2.24180
2026-04-21 07:47:04 | INFO     | fedaugment.utils.logger:44 | Epoch 29: train_loss: 2.23466
2026-04-21 07:47:24 | INFO     | fedaugment.utils.logger:44 | Epoch 30: train_loss: 2.22823
2026-04-21 07:47:44 | INFO     | fedaugment.utils.logger:44 | Epoch 31: train_loss: 2.22139
2026-04-21 07:48:04 | INFO     | fedaugment.utils.logger:44 | Epoch 32: train_loss: 2.21537
2026-04-21 07:48:25 | INFO     | fedaugment.utils.logger:44 | Epoch 33: train_loss: 2.21021
2026-04-21 07:48:44 | INFO     | fedaugment.utils.logger:44 | Epoch 34: train_loss: 2.20476
2026-04-21 07:49:03 | INFO     | fedaugment.utils.logger:44 | Epoch 35: train_loss: 2.19975
2026-04-21 07:49:23 | INFO     | fedaugment.utils.logger:44 | Epoch 36: train_loss: 2.19502
2026-04-21 07:49:42 | INFO     | fedaugment.utils.logger:44 | Epoch 37: train_loss: 2.18987
2026-04-21 07:50:03 | INFO     | fedaugment.utils.logger:44 | Epoch 38: train_loss: 2.18534
2026-04-21 07:50:23 | INFO     | fedaugment.utils.logger:44 | Epoch 39: train_loss: 2.18094
2026-04-21 07:50:44 | INFO     | fedaugment.utils.logger:44 | Epoch 40: train_loss: 2.17681
2026-04-21 07:51:03 | INFO     | fedaugment.utils.logger:44 | Epoch 41: train_loss: 2.17249
2026-04-21 07:51:23 | INFO     | fedaugment.utils.logger:44 | Epoch 42: train_loss: 2.16872
2026-04-21 07:51:43 | INFO     | fedaugment.utils.logger:44 | Epoch 43: train_loss: 2.16446
2026-04-21 07:52:02 | INFO     | fedaugment.utils.logger:44 | Epoch 44: train_loss: 2.16091
2026-04-21 07:52:22 | INFO     | fedaugment.utils.logger:44 | Epoch 45: train_loss: 2.15682
2026-04-21 07:52:41 | INFO     | fedaugment.utils.logger:44 | Epoch 46: train_loss: 2.15338
2026-04-21 07:53:02 | INFO     | fedaugment.utils.logger:44 | Epoch 47: train_loss: 2.15021
2026-04-21 07:53:21 | INFO     | fedaugment.utils.logger:44 | Epoch 48: train_loss: 2.14669
2026-04-21 07:53:40 | INFO     | fedaugment.utils.logger:44 | Epoch 49: train_loss: 2.14402
2026-04-21 07:54:00 | INFO     | fedaugment.utils.logger:44 | Epoch 50: train_loss: 2.14044
2026-04-21 07:54:19 | INFO     | fedaugment.utils.logger:44 | Epoch 51: train_loss: 2.13759
2026-04-21 07:54:39 | INFO     | fedaugment.utils.logger:44 | Epoch 52: train_loss: 2.13471
2026-04-21 07:54:58 | INFO     | fedaugment.utils.logger:44 | Epoch 53: train_loss: 2.13183
2026-04-21 07:55:18 | INFO     | fedaugment.utils.logger:44 | Epoch 54: train_loss: 2.12909
2026-04-21 07:55:37 | INFO     | fedaugment.utils.logger:44 | Epoch 55: train_loss: 2.12591
2026-04-21 07:55:57 | INFO     | fedaugment.utils.logger:44 | Epoch 56: train_loss: 2.12342
2026-04-21 07:56:17 | INFO     | fedaugment.utils.logger:44 | Epoch 57: train_loss: 2.12062
2026-04-21 07:56:37 | INFO     | fedaugment.utils.logger:44 | Epoch 58: train_loss: 2.11815
2026-04-21 07:56:57 | INFO     | fedaugment.utils.logger:44 | Epoch 59: train_loss: 2.11565
2026-04-21 07:57:17 | INFO     | fedaugment.utils.logger:44 | Epoch 60: train_loss: 2.11333
2026-04-21 07:57:38 | INFO     | fedaugment.utils.logger:44 | Epoch 61: train_loss: 2.11118
2026-04-21 07:57:58 | INFO     | fedaugment.utils.logger:44 | Epoch 62: train_loss: 2.10831
2026-04-21 07:58:19 | INFO     | fedaugment.utils.logger:44 | Epoch 63: train_loss: 2.10642
2026-04-21 07:58:39 | INFO     | fedaugment.utils.logger:44 | Epoch 64: train_loss: 2.10406
2026-04-21 07:58:59 | INFO     | fedaugment.utils.logger:44 | Epoch 65: train_loss: 2.10152
2026-04-21 07:59:20 | INFO     | fedaugment.utils.logger:44 | Epoch 66: train_loss: 2.09944
2026-04-21 07:59:40 | INFO     | fedaugment.utils.logger:44 | Epoch 67: train_loss: 2.09725
2026-04-21 08:00:02 | INFO     | fedaugment.utils.logger:44 | Epoch 68: train_loss: 2.09556
2026-04-21 08:00:22 | INFO     | fedaugment.utils.logger:44 | Epoch 69: train_loss: 2.09332
2026-04-21 08:00:42 | INFO     | fedaugment.utils.logger:44 | Epoch 70: train_loss: 2.09075
2026-04-21 08:01:02 | INFO     | fedaugment.utils.logger:44 | Epoch 71: train_loss: 2.08942
2026-04-21 08:01:21 | INFO     | fedaugment.utils.logger:44 | Epoch 72: train_loss: 2.08706
2026-04-21 08:01:42 | INFO     | fedaugment.utils.logger:44 | Epoch 73: train_loss: 2.08508
2026-04-21 08:02:03 | INFO     | fedaugment.utils.logger:44 | Epoch 74: train_loss: 2.08308
2026-04-21 08:02:23 | INFO     | fedaugment.utils.logger:44 | Epoch 75: train_loss: 2.08110
2026-04-21 08:02:44 | INFO     | fedaugment.utils.logger:44 | Epoch 76: train_loss: 2.07934
2026-04-21 08:03:04 | INFO     | fedaugment.utils.logger:44 | Epoch 77: train_loss: 2.07730
2026-04-21 08:03:26 | INFO     | fedaugment.utils.logger:44 | Epoch 78: train_loss: 2.07562
2026-04-21 08:03:45 | INFO     | fedaugment.utils.logger:44 | Epoch 79: train_loss: 2.07376
2026-04-21 08:04:07 | INFO     | fedaugment.utils.logger:44 | Epoch 80: train_loss: 2.07192
2026-04-21 08:04:28 | INFO     | fedaugment.utils.logger:44 | Epoch 81: train_loss: 2.07015
2026-04-21 08:04:49 | INFO     | fedaugment.utils.logger:44 | Epoch 82: train_loss: 2.06846
2026-04-21 08:05:09 | INFO     | fedaugment.utils.logger:44 | Epoch 83: train_loss: 2.06686
2026-04-21 08:05:30 | INFO     | fedaugment.utils.logger:44 | Epoch 84: train_loss: 2.06508
2026-04-21 08:05:51 | INFO     | fedaugment.utils.logger:44 | Epoch 85: train_loss: 2.06309
2026-04-21 08:06:10 | INFO     | fedaugment.utils.logger:44 | Epoch 86: train_loss: 2.06129
2026-04-21 08:06:32 | INFO     | fedaugment.utils.logger:44 | Epoch 87: train_loss: 2.05975
2026-04-21 08:06:52 | INFO     | fedaugment.utils.logger:44 | Epoch 88: train_loss: 2.05805
2026-04-21 08:07:13 | INFO     | fedaugment.utils.logger:44 | Epoch 89: train_loss: 2.05655
2026-04-21 08:07:33 | INFO     | fedaugment.utils.logger:44 | Epoch 90: train_loss: 2.05435
2026-04-21 08:07:52 | INFO     | fedaugment.utils.logger:44 | Epoch 91: train_loss: 2.05320
2026-04-21 08:08:13 | INFO     | fedaugment.utils.logger:44 | Epoch 92: train_loss: 2.05161
2026-04-21 08:08:33 | INFO     | fedaugment.utils.logger:44 | Epoch 93: train_loss: 2.05023
2026-04-21 08:08:54 | INFO     | fedaugment.utils.logger:44 | Epoch 94: train_loss: 2.04870
2026-04-21 08:09:14 | INFO     | fedaugment.utils.logger:44 | Epoch 95: train_loss: 2.04729
2026-04-21 08:09:35 | INFO     | fedaugment.utils.logger:44 | Epoch 96: train_loss: 2.04558
2026-04-21 08:09:56 | INFO     | fedaugment.utils.logger:44 | Epoch 97: train_loss: 2.04415
2026-04-21 08:10:15 | INFO     | fedaugment.utils.logger:44 | Epoch 98: train_loss: 2.04278
2026-04-21 08:10:35 | INFO     | fedaugment.utils.logger:44 | Epoch 99: train_loss: 2.04162
2026-04-21 08:10:55 | INFO     | fedaugment.utils.logger:44 | Epoch 100: train_loss: 2.04025
2026-04-21 08:11:16 | INFO     | fedaugment.utils.logger:44 | Epoch 101: train_loss: 2.03869
2026-04-21 08:11:36 | INFO     | fedaugment.utils.logger:44 | Epoch 102: train_loss: 2.03740
2026-04-21 08:11:58 | INFO     | fedaugment.utils.logger:44 | Epoch 103: train_loss: 2.03605
2026-04-21 08:12:18 | INFO     | fedaugment.utils.logger:44 | Epoch 104: train_loss: 2.03442
2026-04-21 08:12:37 | INFO     | fedaugment.utils.logger:44 | Epoch 105: train_loss: 2.03364
2026-04-21 08:12:58 | INFO     | fedaugment.utils.logger:44 | Epoch 106: train_loss: 2.03199
2026-04-21 08:13:18 | INFO     | fedaugment.utils.logger:44 | Epoch 107: train_loss: 2.03081
2026-04-21 08:13:39 | INFO     | fedaugment.utils.logger:44 | Epoch 108: train_loss: 2.02978
2026-04-21 08:13:59 | INFO     | fedaugment.utils.logger:44 | Epoch 109: train_loss: 2.02832
2026-04-21 08:14:20 | INFO     | fedaugment.utils.logger:44 | Epoch 110: train_loss: 2.02721
2026-04-21 08:14:41 | INFO     | fedaugment.utils.logger:44 | Epoch 111: train_loss: 2.02589
2026-04-21 08:15:00 | INFO     | fedaugment.utils.logger:44 | Epoch 112: train_loss: 2.02468
2026-04-21 08:15:21 | INFO     | fedaugment.utils.logger:44 | Epoch 113: train_loss: 2.02369
2026-04-21 08:15:40 | INFO     | fedaugment.utils.logger:44 | Epoch 114: train_loss: 2.02248
2026-04-21 08:16:01 | INFO     | fedaugment.utils.logger:44 | Epoch 115: train_loss: 2.02117
2026-04-21 08:16:21 | INFO     | fedaugment.utils.logger:44 | Epoch 116: train_loss: 2.02032
2026-04-21 08:16:42 | INFO     | fedaugment.utils.logger:44 | Epoch 117: train_loss: 2.01901
2026-04-21 08:17:02 | INFO     | fedaugment.utils.logger:44 | Epoch 118: train_loss: 2.01813
2026-04-21 08:17:21 | INFO     | fedaugment.utils.logger:44 | Epoch 119: train_loss: 2.01720
2026-04-21 08:17:41 | INFO     | fedaugment.utils.logger:44 | Epoch 120: train_loss: 2.01604
2026-04-21 08:18:00 | INFO     | fedaugment.utils.logger:44 | Epoch 121: train_loss: 2.01480
2026-04-21 08:18:21 | INFO     | fedaugment.utils.logger:44 | Epoch 122: train_loss: 2.01410
2026-04-21 08:18:41 | INFO     | fedaugment.utils.logger:44 | Epoch 123: train_loss: 2.01278
2026-04-21 08:19:05 | INFO     | fedaugment.utils.logger:44 | Epoch 124: train_loss: 2.01181
2026-04-21 08:19:25 | INFO     | fedaugment.utils.logger:44 | Epoch 125: train_loss: 2.01096
2026-04-21 08:19:44 | INFO     | fedaugment.utils.logger:44 | Epoch 126: train_loss: 2.01001
2026-04-21 08:20:05 | INFO     | fedaugment.utils.logger:44 | Epoch 127: train_loss: 2.00904
2026-04-21 08:20:24 | INFO     | fedaugment.utils.logger:44 | Epoch 128: train_loss: 2.00799
2026-04-21 08:20:45 | INFO     | fedaugment.utils.logger:44 | Epoch 129: train_loss: 2.00719
2026-04-21 08:21:05 | INFO     | fedaugment.utils.logger:44 | Epoch 130: train_loss: 2.00596
2026-04-21 08:21:25 | INFO     | fedaugment.utils.logger:44 | Epoch 131: train_loss: 2.00526
2026-04-21 08:21:45 | INFO     | fedaugment.utils.logger:44 | Epoch 132: train_loss: 2.00429
2026-04-21 08:22:04 | INFO     | fedaugment.utils.logger:44 | Epoch 133: train_loss: 2.00327
2026-04-21 08:22:25 | INFO     | fedaugment.utils.logger:44 | Epoch 134: train_loss: 2.00260
2026-04-21 08:22:44 | INFO     | fedaugment.utils.logger:44 | Epoch 135: train_loss: 2.00169
2026-04-21 08:23:05 | INFO     | fedaugment.utils.logger:44 | Epoch 136: train_loss: 2.00070
2026-04-21 08:23:26 | INFO     | fedaugment.utils.logger:44 | Epoch 137: train_loss: 2.00012
2026-04-21 08:23:47 | INFO     | fedaugment.utils.logger:44 | Epoch 138: train_loss: 1.99896
2026-04-21 08:24:07 | INFO     | fedaugment.utils.logger:44 | Epoch 139: train_loss: 1.99817
2026-04-21 08:24:26 | INFO     | fedaugment.utils.logger:44 | Epoch 140: train_loss: 1.99759
2026-04-21 08:24:47 | INFO     | fedaugment.utils.logger:44 | Epoch 141: train_loss: 1.99674
2026-04-21 08:25:06 | INFO     | fedaugment.utils.logger:44 | Epoch 142: train_loss: 1.99599
2026-04-21 08:25:27 | INFO     | fedaugment.utils.logger:44 | Epoch 143: train_loss: 1.99503
2026-04-21 08:25:47 | INFO     | fedaugment.utils.logger:44 | Epoch 144: train_loss: 1.99410
2026-04-21 08:26:08 | INFO     | fedaugment.utils.logger:44 | Epoch 145: train_loss: 1.99333
2026-04-21 08:26:29 | INFO     | fedaugment.utils.logger:44 | Epoch 146: train_loss: 1.99276
2026-04-21 08:26:49 | INFO     | fedaugment.utils.logger:44 | Epoch 147: train_loss: 1.99209
2026-04-21 08:27:09 | INFO     | fedaugment.utils.logger:44 | Epoch 148: train_loss: 1.99142
2026-04-21 08:27:29 | INFO     | fedaugment.utils.logger:44 | Epoch 149: train_loss: 1.99053
2026-04-21 08:27:49 | INFO     | fedaugment.utils.logger:44 | Epoch 150: train_loss: 1.98985
2026-04-21 08:28:09 | INFO     | fedaugment.utils.logger:44 | Epoch 151: train_loss: 1.98897
2026-04-21 08:28:30 | INFO     | fedaugment.utils.logger:44 | Epoch 152: train_loss: 1.98845
2026-04-21 08:28:50 | INFO     | fedaugment.utils.logger:44 | Epoch 153: train_loss: 1.98749
2026-04-21 08:29:10 | INFO     | fedaugment.utils.logger:44 | Epoch 154: train_loss: 1.98711
2026-04-21 08:29:30 | INFO     | fedaugment.utils.logger:44 | Epoch 155: train_loss: 1.98632
2026-04-21 08:29:50 | INFO     | fedaugment.utils.logger:44 | Epoch 156: train_loss: 1.98565
2026-04-21 08:30:15 | INFO     | fedaugment.utils.logger:44 | Epoch 157: train_loss: 1.98469
2026-04-21 08:30:37 | INFO     | fedaugment.utils.logger:44 | Epoch 158: train_loss: 1.98423
2026-04-21 08:30:58 | INFO     | fedaugment.utils.logger:44 | Epoch 159: train_loss: 1.98348
2026-04-21 08:31:18 | INFO     | fedaugment.utils.logger:44 | Epoch 160: train_loss: 1.98334
2026-04-21 08:31:39 | INFO     | fedaugment.utils.logger:44 | Epoch 161: train_loss: 1.98224
2026-04-21 08:32:00 | INFO     | fedaugment.utils.logger:44 | Epoch 162: train_loss: 1.98200
2026-04-21 08:32:19 | INFO     | fedaugment.utils.logger:44 | Epoch 163: train_loss: 1.98114
2026-04-21 08:32:39 | INFO     | fedaugment.utils.logger:44 | Epoch 164: train_loss: 1.98043
2026-04-21 08:32:59 | INFO     | fedaugment.utils.logger:44 | Epoch 165: train_loss: 1.97978
2026-04-21 08:33:21 | INFO     | fedaugment.utils.logger:44 | Epoch 166: train_loss: 1.97925
2026-04-21 08:33:41 | INFO     | fedaugment.utils.logger:44 | Epoch 167: train_loss: 1.97880
2026-04-21 08:34:01 | INFO     | fedaugment.utils.logger:44 | Epoch 168: train_loss: 1.97805
2026-04-21 08:34:21 | INFO     | fedaugment.utils.logger:44 | Epoch 169: train_loss: 1.97779
2026-04-21 08:34:40 | INFO     | fedaugment.utils.logger:44 | Epoch 170: train_loss: 1.97702
2026-04-21 08:35:01 | INFO     | fedaugment.utils.logger:44 | Epoch 171: train_loss: 1.97650
2026-04-21 08:35:22 | INFO     | fedaugment.utils.logger:44 | Epoch 172: train_loss: 1.97585
2026-04-21 08:35:42 | INFO     | fedaugment.utils.logger:44 | Epoch 173: train_loss: 1.97531
2026-04-21 08:36:03 | INFO     | fedaugment.utils.logger:44 | Epoch 174: train_loss: 1.97486
2026-04-21 08:36:23 | INFO     | fedaugment.utils.logger:44 | Epoch 175: train_loss: 1.97423
2026-04-21 08:36:43 | INFO     | fedaugment.utils.logger:44 | Epoch 176: train_loss: 1.97376
2026-04-21 08:37:02 | INFO     | fedaugment.utils.logger:44 | Epoch 177: train_loss: 1.97324
2026-04-21 08:37:23 | INFO     | fedaugment.utils.logger:44 | Epoch 178: train_loss: 1.97275
2026-04-21 08:37:53 | INFO     | fedaugment.utils.logger:44 | Epoch 179: train_loss: 1.97241
2026-04-21 08:38:18 | INFO     | fedaugment.utils.logger:44 | Epoch 180: train_loss: 1.97182
2026-04-21 08:38:38 | INFO     | fedaugment.utils.logger:44 | Epoch 181: train_loss: 1.97131
2026-04-21 08:39:01 | INFO     | fedaugment.utils.logger:44 | Epoch 182: train_loss: 1.97077
2026-04-21 08:39:22 | INFO     | fedaugment.utils.logger:44 | Epoch 183: train_loss: 1.97019
2026-04-21 08:39:41 | INFO     | fedaugment.utils.logger:44 | Epoch 184: train_loss: 1.96990
2026-04-21 08:40:02 | INFO     | fedaugment.utils.logger:44 | Epoch 185: train_loss: 1.96970
2026-04-21 08:40:21 | INFO     | fedaugment.utils.logger:44 | Epoch 186: train_loss: 1.96909
2026-04-21 08:40:41 | INFO     | fedaugment.utils.logger:44 | Epoch 187: train_loss: 1.96857
2026-04-21 08:41:07 | INFO     | fedaugment.utils.logger:44 | Epoch 188: train_loss: 1.96814
2026-04-21 08:41:27 | INFO     | fedaugment.utils.logger:44 | Epoch 189: train_loss: 1.96806
2026-04-21 08:41:47 | INFO     | fedaugment.utils.logger:44 | Epoch 190: train_loss: 1.96748
2026-04-21 08:42:06 | INFO     | fedaugment.utils.logger:44 | Epoch 191: train_loss: 1.96689
2026-04-21 08:42:27 | INFO     | fedaugment.utils.logger:44 | Epoch 192: train_loss: 1.96661
2026-04-21 08:42:47 | INFO     | fedaugment.utils.logger:44 | Epoch 193: train_loss: 1.96636
2026-04-21 08:43:08 | INFO     | fedaugment.utils.logger:44 | Epoch 194: train_loss: 1.96574
2026-04-21 08:43:28 | INFO     | fedaugment.utils.logger:44 | Epoch 195: train_loss: 1.96544
2026-04-21 08:43:48 | INFO     | fedaugment.utils.logger:44 | Epoch 196: train_loss: 1.96506
2026-04-21 08:44:10 | INFO     | fedaugment.utils.logger:44 | Epoch 197: train_loss: 1.96490
2026-04-21 08:44:29 | INFO     | fedaugment.utils.logger:44 | Epoch 198: train_loss: 1.96445
2026-04-21 08:44:51 | INFO     | fedaugment.utils.logger:44 | Epoch 199: train_loss: 1.96424
2026-04-21 08:45:11 | INFO     | fedaugment.utils.logger:44 | Epoch 200: train_loss: 1.96388
2026-04-21 08:45:32 | INFO     | fedaugment.utils.logger:44 | Epoch 201: train_loss: 1.96350
2026-04-21 08:45:53 | INFO     | fedaugment.utils.logger:44 | Epoch 202: train_loss: 1.96305
2026-04-21 08:46:13 | INFO     | fedaugment.utils.logger:44 | Epoch 203: train_loss: 1.96289
2026-04-21 08:46:33 | INFO     | fedaugment.utils.logger:44 | Epoch 204: train_loss: 1.96265
2026-04-21 08:46:54 | INFO     | fedaugment.utils.logger:44 | Epoch 205: train_loss: 1.96226
2026-04-21 08:47:14 | INFO     | fedaugment.utils.logger:44 | Epoch 206: train_loss: 1.96195
2026-04-21 08:47:42 | INFO     | fedaugment.utils.logger:44 | Epoch 207: train_loss: 1.96165
2026-04-21 08:48:16 | INFO     | fedaugment.utils.logger:44 | Epoch 208: train_loss: 1.96146
2026-04-21 08:48:36 | INFO     | fedaugment.utils.logger:44 | Epoch 209: train_loss: 1.96114
2026-04-21 08:48:55 | INFO     | fedaugment.utils.logger:44 | Epoch 210: train_loss: 1.96093
2026-04-21 08:49:16 | INFO     | fedaugment.utils.logger:44 | Epoch 211: train_loss: 1.96065
2026-04-21 08:49:36 | INFO     | fedaugment.utils.logger:44 | Epoch 212: train_loss: 1.96044
2026-04-21 08:49:57 | INFO     | fedaugment.utils.logger:44 | Epoch 213: train_loss: 1.96036
2026-04-21 08:50:17 | INFO     | fedaugment.utils.logger:44 | Epoch 214: train_loss: 1.95989
2026-04-21 08:50:38 | INFO     | fedaugment.utils.logger:44 | Epoch 215: train_loss: 1.95958
2026-04-21 08:50:59 | INFO     | fedaugment.utils.logger:44 | Epoch 216: train_loss: 1.95964
2026-04-21 08:51:19 | INFO     | fedaugment.utils.logger:44 | Epoch 217: train_loss: 1.95928
2026-04-21 08:51:40 | INFO     | fedaugment.utils.logger:44 | Epoch 218: train_loss: 1.95916
2026-04-21 08:52:04 | INFO     | fedaugment.utils.logger:44 | Epoch 219: train_loss: 1.95905
2026-04-21 08:52:30 | INFO     | fedaugment.utils.logger:44 | Epoch 220: train_loss: 1.95863
2026-04-21 08:53:03 | INFO     | fedaugment.utils.logger:44 | Epoch 221: train_loss: 1.95853
2026-04-21 08:53:24 | INFO     | fedaugment.utils.logger:44 | Epoch 222: train_loss: 1.95843
2026-04-21 08:53:44 | INFO     | fedaugment.utils.logger:44 | Epoch 223: train_loss: 1.95824
2026-04-21 08:54:04 | INFO     | fedaugment.utils.logger:44 | Epoch 224: train_loss: 1.95811
2026-04-21 08:54:24 | INFO     | fedaugment.utils.logger:44 | Epoch 225: train_loss: 1.95809
2026-04-21 08:54:43 | INFO     | fedaugment.utils.logger:44 | Epoch 226: train_loss: 1.95775
2026-04-21 08:55:04 | INFO     | fedaugment.utils.logger:44 | Epoch 227: train_loss: 1.95761
2026-04-21 08:55:25 | INFO     | fedaugment.utils.logger:44 | Epoch 228: train_loss: 1.95765
2026-04-21 08:55:45 | INFO     | fedaugment.utils.logger:44 | Epoch 229: train_loss: 1.95724
2026-04-21 08:56:06 | INFO     | fedaugment.utils.logger:44 | Epoch 230: train_loss: 1.95734
2026-04-21 08:56:25 | INFO     | fedaugment.utils.logger:44 | Epoch 231: train_loss: 1.95710
2026-04-21 08:56:46 | INFO     | fedaugment.utils.logger:44 | Epoch 232: train_loss: 1.95715
2026-04-21 08:57:05 | INFO     | fedaugment.utils.logger:44 | Epoch 233: train_loss: 1.95702
2026-04-21 08:57:35 | INFO     | fedaugment.utils.logger:44 | Epoch 234: train_loss: 1.95691
2026-04-21 08:57:54 | INFO     | fedaugment.utils.logger:44 | Epoch 235: train_loss: 1.95688
2026-04-21 08:58:19 | INFO     | fedaugment.utils.logger:44 | Epoch 236: train_loss: 1.95667
2026-04-21 08:58:55 | INFO     | fedaugment.utils.logger:44 | Epoch 237: train_loss: 1.95656
2026-04-21 08:59:41 | INFO     | fedaugment.utils.logger:44 | Epoch 238: train_loss: 1.95669
2026-04-21 09:00:05 | INFO     | fedaugment.utils.logger:44 | Epoch 239: train_loss: 1.95646
2026-04-21 09:00:28 | INFO     | fedaugment.utils.logger:44 | Epoch 240: train_loss: 1.95651
2026-04-21 09:00:49 | INFO     | fedaugment.utils.logger:44 | Epoch 241: train_loss: 1.95646
2026-04-21 09:01:09 | INFO     | fedaugment.utils.logger:44 | Epoch 242: train_loss: 1.95639
2026-04-21 09:01:39 | INFO     | fedaugment.utils.logger:44 | Epoch 243: train_loss: 1.95628
2026-04-21 09:02:07 | INFO     | fedaugment.utils.logger:44 | Epoch 244: train_loss: 1.95633
2026-04-21 09:02:43 | INFO     | fedaugment.utils.logger:44 | Epoch 245: train_loss: 1.95608
2026-04-21 09:03:11 | INFO     | fedaugment.utils.logger:44 | Epoch 246: train_loss: 1.95638
2026-04-21 09:03:30 | INFO     | fedaugment.utils.logger:44 | Epoch 247: train_loss: 1.95622
2026-04-21 09:03:51 | INFO     | fedaugment.utils.logger:44 | Epoch 248: train_loss: 1.95628
2026-04-21 09:04:12 | INFO     | fedaugment.utils.logger:44 | Epoch 249: train_loss: 1.95622
2026-04-21 09:04:12 | INFO     | lightning_utilities.core.rank_zero:60 | `Trainer.fit` stopped: `max_epochs=250` reached.
2026-04-21 09:04:14 | INFO     | fedaugment.projections.main:169 | Starting testing phase...
2026-04-21 09:04:14 | INFO     | lightning.pytorch.accelerators.cuda:61 | LOCAL_RANK: 0 - CUDA_VISIBLE_DEVICES: [0]
2026-04-21 09:04:15 | INFO     | fedaugment.utils.logger:38 | {'module_kwargs': CLModuleConfig(model_type='projection_head', out_dim=1024, hidden_dims=[1024, 1536, 1536], activation='silu', normalization='batch', dropout=0.0, no_val_orchestrator=True, no_test_orchestrator=False), 'criterion': CriterionConfig(class_='MultiViewNTXentLoss', kwargs={'temperature': 0.1}), 'optim_configs': [OptimizerConfig(class_='AdamW', kwargs={'lr': 0.001, 'weight_decay': 0.01})], 'sched_configs': [LRSchedulerConfig(class_='OneCycleLR', interval='epoch', frequency=1, monitor=None, kwargs={'max_lr': 0.003, 'total_steps': None, 'pct_start': 0.1, 'anneal_strategy': 'cos', 'div_factor': 10.0, 'final_div_factor': 1000.0})], 'pipeline_names': ['distilroberta-dj_adpt', 'mini_l12-dj_adpt', 'mini_l6-dj_adpt', 'gte_base-dj_adpt', 'gtr_t5-dj_adpt', 'mpnet-dj_adpt'], 'embedding_dims': [768, 384, 384, 768, 768, 768], 'data_batch_size': 4096, 'metric_batch_size': 65536}
2026-04-21 09:04:57 | DEBUG    | fedaugment.projections.metrics.base:115 | Computing CosineSimilarityOrchestrator metrics.
2026-04-21 09:04:57 | WARNING  | fedaugment.projections.metrics.base:117 | Number of projections (8891658) is not divisible by chunk size (65536). This may lead to suboptimal performance.
2026-04-21 11:30:23 | DEBUG    | fedaugment.projections.metrics.base:198 | Finalized CosineSimilarityOrchestrator metrics
2026-04-21 11:30:23 | INFO     | fedaugment.utils.logger:44 | Epoch 250: test_loss: 2.97220, test_cossim_mean: 0.01324, test_entity_stability_15: 0.21080, test_entity_stability_5: 0.16434, test_entity_stability_50: 0.30207, test_same_lbl_cossim_mean: 0.95872
2026-04-21 11:30:23 | INFO     | fedaugment.projections.main:176 | Best model checkpoint saved at /local-ssd/lennart/checkpoints/curation/webtable_fft_euc-mpnet-dj_adpt-k=630493-pca=0.9/last.ckpt
2026-04-21 11:30:23 | INFO     | __main__:48 | Evaluating grid-mpnet-dj_adpt-k=630493-pca=0.9 on webtable 050
2026-04-21 11:30:23 | DEBUG    | fedaugment.projections.main:72 | Experiment configuration: {"experiment_name":"webtable_grid-mpnet-dj_adpt-k=630493-pca=0.9","experiment_group":"curation","experiment_version":1,"seed":42,"data_module":{"class_":"DefaultDataModule","data":{"train":["data/embeddings/webtable/sample-050/grid-mpnet-dj_adpt-k=630493-pca=0.9/distilroberta-dj_adpt.fa","data/embeddings/webtable/sample-050/grid-mpnet-dj_adpt-k=630493-pca=0.9/mini_l12-dj_adpt.fa","data/embeddings/webtable/sample-050/grid-mpnet-dj_adpt-k=630493-pca=0.9/mini_l6-dj_adpt.fa","data/embeddings/webtable/sample-050/grid-mpnet-dj_adpt-k=630493-pca=0.9/gte_base-dj_adpt.fa","data/embeddings/webtable/sample-050/grid-mpnet-dj_adpt-k=630493-pca=0.9/gtr_t5-dj_adpt.fa","data/embeddings/webtable/sample-050/grid-mpnet-dj_adpt-k=630493-pca=0.9/mpnet-dj_adpt.fa"],"val":null,"test":["data/embeddings/webtable/split/test/distilroberta-dj_adpt.fa","data/embeddings/webtable/split/test/mini_l12-dj_adpt.fa","data/embeddings/webtable/split/test/mini_l6-dj_adpt.fa","data/embeddings/webtable/split/test/gte_base-dj_adpt.fa","data/embeddings/webtable/split/test/gtr_t5-dj_adpt.fa","data/embeddings/webtable/split/test/mpnet-dj_adpt.fa"]},"mmap_mode":"r+","batch_size":4096,"num_workers":32,"pin_memory":true,"persistent_workers":true,"prefetch_factor":5,"verify_column_ids":true},"projection_model":{"class_":"ContrastiveLearningModel","module_kwargs":{"model_type":"projection_head","out_dim":1024,"hidden_dims":[1024,1536,1536],"activation":"silu","normalization":"batch","dropout":0.0,"no_val_orchestrator":true,"no_test_orchestrator":false},"criterion":{"class_":"MultiViewNTXentLoss","kwargs":{"temperature":0.1}},"optimizers":[{"class_":"AdamW","kwargs":{"lr":0.001,"weight_decay":0.01}}],"schedulers":[{"class_":"OneCycleLR","interval":"epoch","frequency":1,"monitor":null,"kwargs":{"max_lr":0.003,"total_steps":null,"pct_start":0.1,"anneal_strategy":"cos","div_factor":10.0,"final_div_factor":1000.0}}],"metric_batch_size":65536},"trainer":{"max_epochs":250,"accelerator":"gpu","check_val_every_n_epoch":1,"devices":"auto","deterministic":false,"enable_checkpointing":true,"enable_model_summary":true,"enable_progress_bar":true,"log_every_n_steps":50,"patience":null,"max_time":"00:24:00:00","num_sanity_val_steps":2,"precision":"bf16-mixed","profiler":null},"compile_model":true}
2026-04-21 11:30:23 | INFO     | lightning.fabric.utilities.seed:57 | Seed set to 42
2026-04-21 11:30:26 | INFO     | fedaugment.projections.main:83 | Compiling projection model...
2026-04-21 11:30:26 | INFO     | fedaugment.projections.main:85 | Projection model compiled
2026-04-21 11:30:26 | INFO     | fedaugment.projections.main:87 | Initializing trainer...
2026-04-21 11:30:26 | INFO     | lightning_utilities.core.rank_zero:60 | Using bfloat16 Automatic Mixed Precision (AMP)
2026-04-21 11:30:26 | INFO     | lightning_utilities.core.rank_zero:60 | GPU available: True (cuda), used: True
2026-04-21 11:30:26 | INFO     | lightning_utilities.core.rank_zero:60 | TPU available: False, using: 0 TPU cores
2026-04-21 11:30:26 | INFO     | fedaugment.projections.main:148 | Trainer initialized
2026-04-21 11:30:26 | INFO     | fedaugment.projections.main:158 | Starting training phase...
2026-04-21 11:30:26 | INFO     | lightning.pytorch.accelerators.cuda:61 | LOCAL_RANK: 0 - CUDA_VISIBLE_DEVICES: [0]
2026-04-21 11:30:26 | INFO     | lightning_utilities.core.rank_zero:60 | Loading `train_dataloader` to estimate number of stepping batches.
2026-04-21 11:30:26 | INFO     | fedaugment.projections.models.projection_model:123 | Setting OneCycleLR total_steps to trainer.estimated_stepping_batches=38500.
2026-04-21 11:30:26 | WARNING  | fedaugment.projections.models.projection_model:134 | OneCycleLR requires interval='step'. Overriding configured interval='epoch' to 'step'.
2026-04-21 11:30:26 | INFO     | lightning.pytorch.callbacks.model_summary:110 |
  | Name              | Type                         | Params | Mode  | FLOPs
-----------------------------------------------------------------------------------
0 | criterion         | MultiViewNTXentLoss          | 0      | train | 0
1 | val_metrics       | MetricCollection             | 0      | train | 0
2 | test_metrics      | MetricCollection             | 0      | train | 0
3 | val_orchestrator  | CosineSimilarityOrchestrator | 0      | train | 0
4 | test_orchestrator | CosineSimilarityOrchestrator | 0      | train | 0
5 | projection_heads  | ModuleList                   | 37.0 M | train | 0
-----------------------------------------------------------------------------------
37.0 M    Trainable params
0         Non-trainable params
37.0 M    Total params
148.120   Total estimated model params size (MB)
89        Modules in train mode
0         Modules in eval mode
0         Total Flops
2026-04-21 11:30:26 | INFO     | fedaugment.utils.logger:38 | {'module_kwargs': CLModuleConfig(model_type='projection_head', out_dim=1024, hidden_dims=[1024, 1536, 1536], activation='silu', normalization='batch', dropout=0.0, no_val_orchestrator=True, no_test_orchestrator=False), 'criterion': CriterionConfig(class_='MultiViewNTXentLoss', kwargs={'temperature': 0.1}), 'optim_configs': [OptimizerConfig(class_='AdamW', kwargs={'lr': 0.001, 'weight_decay': 0.01})], 'sched_configs': [LRSchedulerConfig(class_='OneCycleLR', interval='epoch', frequency=1, monitor=None, kwargs={'max_lr': 0.003, 'total_steps': None, 'pct_start': 0.1, 'anneal_strategy': 'cos', 'div_factor': 10.0, 'final_div_factor': 1000.0})], 'pipeline_names': ['distilroberta-dj_adpt', 'mini_l12-dj_adpt', 'mini_l6-dj_adpt', 'gte_base-dj_adpt', 'gtr_t5-dj_adpt', 'mpnet-dj_adpt'], 'embedding_dims': [768, 384, 384, 768, 768, 768], 'data_batch_size': 4096, 'metric_batch_size': 65536}
2026-04-21 11:31:31 | INFO     | fedaugment.utils.logger:44 | Epoch 0: train_loss: 4.08061
2026-04-21 11:31:52 | INFO     | fedaugment.utils.logger:44 | Epoch 1: train_loss: 2.98411
2026-04-21 11:32:12 | INFO     | fedaugment.utils.logger:44 | Epoch 2: train_loss: 2.74214
2026-04-21 11:32:33 | INFO     | fedaugment.utils.logger:44 | Epoch 3: train_loss: 2.61416
2026-04-21 11:32:53 | INFO     | fedaugment.utils.logger:44 | Epoch 4: train_loss: 2.53464
2026-04-21 11:33:14 | INFO     | fedaugment.utils.logger:44 | Epoch 5: train_loss: 2.47761
2026-04-21 11:33:35 | INFO     | fedaugment.utils.logger:44 | Epoch 6: train_loss: 2.43339
2026-04-21 11:33:55 | INFO     | fedaugment.utils.logger:44 | Epoch 7: train_loss: 2.39999
2026-04-21 11:34:15 | INFO     | fedaugment.utils.logger:44 | Epoch 8: train_loss: 2.37124
2026-04-21 11:34:35 | INFO     | fedaugment.utils.logger:44 | Epoch 9: train_loss: 2.34822
2026-04-21 11:34:56 | INFO     | fedaugment.utils.logger:44 | Epoch 10: train_loss: 2.32852
2026-04-21 11:35:16 | INFO     | fedaugment.utils.logger:44 | Epoch 11: train_loss: 2.31151
2026-04-21 11:35:37 | INFO     | fedaugment.utils.logger:44 | Epoch 12: train_loss: 2.29514
2026-04-21 11:35:57 | INFO     | fedaugment.utils.logger:44 | Epoch 13: train_loss: 2.27912
2026-04-21 11:36:18 | INFO     | fedaugment.utils.logger:44 | Epoch 14: train_loss: 2.26654
2026-04-21 11:36:38 | INFO     | fedaugment.utils.logger:44 | Epoch 15: train_loss: 2.25587
2026-04-21 11:36:57 | INFO     | fedaugment.utils.logger:44 | Epoch 16: train_loss: 2.23982
2026-04-21 11:37:18 | INFO     | fedaugment.utils.logger:44 | Epoch 17: train_loss: 2.22832
2026-04-21 11:37:38 | INFO     | fedaugment.utils.logger:44 | Epoch 18: train_loss: 2.21661
2026-04-21 11:37:58 | INFO     | fedaugment.utils.logger:44 | Epoch 19: train_loss: 2.20479
2026-04-21 11:38:19 | INFO     | fedaugment.utils.logger:44 | Epoch 20: train_loss: 2.19513
2026-04-21 11:38:38 | INFO     | fedaugment.utils.logger:44 | Epoch 21: train_loss: 2.18584
2026-04-21 11:38:59 | INFO     | fedaugment.utils.logger:44 | Epoch 22: train_loss: 2.17578
2026-04-21 11:39:19 | INFO     | fedaugment.utils.logger:44 | Epoch 23: train_loss: 2.16709
2026-04-21 11:39:40 | INFO     | fedaugment.utils.logger:44 | Epoch 24: train_loss: 2.15682
2026-04-21 11:40:00 | INFO     | fedaugment.utils.logger:44 | Epoch 25: train_loss: 2.14846
2026-04-21 11:40:21 | INFO     | fedaugment.utils.logger:44 | Epoch 26: train_loss: 2.14139
2026-04-21 11:40:41 | INFO     | fedaugment.utils.logger:44 | Epoch 27: train_loss: 2.13438
2026-04-21 11:41:01 | INFO     | fedaugment.utils.logger:44 | Epoch 28: train_loss: 2.12878
2026-04-21 11:41:21 | INFO     | fedaugment.utils.logger:44 | Epoch 29: train_loss: 2.12262
2026-04-21 11:41:40 | INFO     | fedaugment.utils.logger:44 | Epoch 30: train_loss: 2.11722
2026-04-21 11:42:01 | INFO     | fedaugment.utils.logger:44 | Epoch 31: train_loss: 2.11191
2026-04-21 11:42:20 | INFO     | fedaugment.utils.logger:44 | Epoch 32: train_loss: 2.10725
2026-04-21 11:42:41 | INFO     | fedaugment.utils.logger:44 | Epoch 33: train_loss: 2.10212
2026-04-21 11:43:01 | INFO     | fedaugment.utils.logger:44 | Epoch 34: train_loss: 2.09787
2026-04-21 11:43:20 | INFO     | fedaugment.utils.logger:44 | Epoch 35: train_loss: 2.09417
2026-04-21 11:43:40 | INFO     | fedaugment.utils.logger:44 | Epoch 36: train_loss: 2.08971
2026-04-21 11:43:59 | INFO     | fedaugment.utils.logger:44 | Epoch 37: train_loss: 2.08625
2026-04-21 11:44:20 | INFO     | fedaugment.utils.logger:44 | Epoch 38: train_loss: 2.08127
2026-04-21 11:44:39 | INFO     | fedaugment.utils.logger:44 | Epoch 39: train_loss: 2.07884
2026-04-21 11:44:59 | INFO     | fedaugment.utils.logger:44 | Epoch 40: train_loss: 2.07532
2026-04-21 11:45:19 | INFO     | fedaugment.utils.logger:44 | Epoch 41: train_loss: 2.07218
2026-04-21 11:45:39 | INFO     | fedaugment.utils.logger:44 | Epoch 42: train_loss: 2.06878
2026-04-21 11:45:59 | INFO     | fedaugment.utils.logger:44 | Epoch 43: train_loss: 2.06537
2026-04-21 11:46:18 | INFO     | fedaugment.utils.logger:44 | Epoch 44: train_loss: 2.06354
2026-04-21 11:46:38 | INFO     | fedaugment.utils.logger:44 | Epoch 45: train_loss: 2.05963
2026-04-21 11:46:58 | INFO     | fedaugment.utils.logger:44 | Epoch 46: train_loss: 2.05668
2026-04-21 11:47:18 | INFO     | fedaugment.utils.logger:44 | Epoch 47: train_loss: 2.05478
2026-04-21 11:47:38 | INFO     | fedaugment.utils.logger:44 | Epoch 48: train_loss: 2.05061
2026-04-21 11:47:58 | INFO     | fedaugment.utils.logger:44 | Epoch 49: train_loss: 2.04832
2026-04-21 11:48:19 | INFO     | fedaugment.utils.logger:44 | Epoch 50: train_loss: 2.04596
2026-04-21 11:48:38 | INFO     | fedaugment.utils.logger:44 | Epoch 51: train_loss: 2.04332
2026-04-21 11:48:59 | INFO     | fedaugment.utils.logger:44 | Epoch 52: train_loss: 2.04099
2026-04-21 11:49:20 | INFO     | fedaugment.utils.logger:44 | Epoch 53: train_loss: 2.03794
2026-04-21 11:49:41 | INFO     | fedaugment.utils.logger:44 | Epoch 54: train_loss: 2.03593
2026-04-21 11:50:02 | INFO     | fedaugment.utils.logger:44 | Epoch 55: train_loss: 2.03377
2026-04-21 11:50:23 | INFO     | fedaugment.utils.logger:44 | Epoch 56: train_loss: 2.03173
2026-04-21 11:50:44 | INFO     | fedaugment.utils.logger:44 | Epoch 57: train_loss: 2.02851
2026-04-21 11:51:04 | INFO     | fedaugment.utils.logger:44 | Epoch 58: train_loss: 2.02811
2026-04-21 11:51:25 | INFO     | fedaugment.utils.logger:44 | Epoch 59: train_loss: 2.02427
2026-04-21 11:51:45 | INFO     | fedaugment.utils.logger:44 | Epoch 60: train_loss: 2.02244
2026-04-21 11:52:07 | INFO     | fedaugment.utils.logger:44 | Epoch 61: train_loss: 2.02039
2026-04-21 11:52:27 | INFO     | fedaugment.utils.logger:44 | Epoch 62: train_loss: 2.01843
2026-04-21 11:52:46 | INFO     | fedaugment.utils.logger:44 | Epoch 63: train_loss: 2.01737
2026-04-21 11:53:07 | INFO     | fedaugment.utils.logger:44 | Epoch 64: train_loss: 2.01547
2026-04-21 11:53:27 | INFO     | fedaugment.utils.logger:44 | Epoch 65: train_loss: 2.01259
2026-04-21 11:53:48 | INFO     | fedaugment.utils.logger:44 | Epoch 66: train_loss: 2.01149
2026-04-21 11:54:08 | INFO     | fedaugment.utils.logger:44 | Epoch 67: train_loss: 2.00986
2026-04-21 11:54:29 | INFO     | fedaugment.utils.logger:44 | Epoch 68: train_loss: 2.00777
2026-04-21 11:54:50 | INFO     | fedaugment.utils.logger:44 | Epoch 69: train_loss: 2.00641
2026-04-21 11:55:09 | INFO     | fedaugment.utils.logger:44 | Epoch 70: train_loss: 2.00443
2026-04-21 11:55:30 | INFO     | fedaugment.utils.logger:44 | Epoch 71: train_loss: 2.00278
2026-04-21 11:55:49 | INFO     | fedaugment.utils.logger:44 | Epoch 72: train_loss: 2.00118
2026-04-21 11:56:11 | INFO     | fedaugment.utils.logger:44 | Epoch 73: train_loss: 2.00011
2026-04-21 11:56:31 | INFO     | fedaugment.utils.logger:44 | Epoch 74: train_loss: 1.99808
2026-04-21 11:56:52 | INFO     | fedaugment.utils.logger:44 | Epoch 75: train_loss: 1.99704
2026-04-21 11:57:12 | INFO     | fedaugment.utils.logger:44 | Epoch 76: train_loss: 1.99516
2026-04-21 11:57:32 | INFO     | fedaugment.utils.logger:44 | Epoch 77: train_loss: 1.99367
2026-04-21 11:57:53 | INFO     | fedaugment.utils.logger:44 | Epoch 78: train_loss: 1.99171
2026-04-21 11:58:13 | INFO     | fedaugment.utils.logger:44 | Epoch 79: train_loss: 1.99103
2026-04-21 11:58:34 | INFO     | fedaugment.utils.logger:44 | Epoch 80: train_loss: 1.98927
2026-04-21 11:58:54 | INFO     | fedaugment.utils.logger:44 | Epoch 81: train_loss: 1.98797
2026-04-21 11:59:15 | INFO     | fedaugment.utils.logger:44 | Epoch 82: train_loss: 1.98642
2026-04-21 11:59:36 | INFO     | fedaugment.utils.logger:44 | Epoch 83: train_loss: 1.98539
2026-04-21 11:59:56 | INFO     | fedaugment.utils.logger:44 | Epoch 84: train_loss: 1.98461
2026-04-21 12:00:16 | INFO     | fedaugment.utils.logger:44 | Epoch 85: train_loss: 1.98286
2026-04-21 12:00:36 | INFO     | fedaugment.utils.logger:44 | Epoch 86: train_loss: 1.98154
2026-04-21 12:00:57 | INFO     | fedaugment.utils.logger:44 | Epoch 87: train_loss: 1.98039
2026-04-21 12:01:17 | INFO     | fedaugment.utils.logger:44 | Epoch 88: train_loss: 1.97944
2026-04-21 12:01:38 | INFO     | fedaugment.utils.logger:44 | Epoch 89: train_loss: 1.97748
2026-04-21 12:01:59 | INFO     | fedaugment.utils.logger:44 | Epoch 90: train_loss: 1.97724
2026-04-21 12:02:18 | INFO     | fedaugment.utils.logger:44 | Epoch 91: train_loss: 1.97612
2026-04-21 12:02:39 | INFO     | fedaugment.utils.logger:44 | Epoch 92: train_loss: 1.97440
2026-04-21 12:02:59 | INFO     | fedaugment.utils.logger:44 | Epoch 93: train_loss: 1.97299
2026-04-21 12:03:19 | INFO     | fedaugment.utils.logger:44 | Epoch 94: train_loss: 1.97237
2026-04-21 12:03:40 | INFO     | fedaugment.utils.logger:44 | Epoch 95: train_loss: 1.97126
2026-04-21 12:04:01 | INFO     | fedaugment.utils.logger:44 | Epoch 96: train_loss: 1.97008
2026-04-21 12:04:21 | INFO     | fedaugment.utils.logger:44 | Epoch 97: train_loss: 1.96868
2026-04-21 12:04:40 | INFO     | fedaugment.utils.logger:44 | Epoch 98: train_loss: 1.96790
2026-04-21 12:05:00 | INFO     | fedaugment.utils.logger:44 | Epoch 99: train_loss: 1.96712
2026-04-21 12:05:19 | INFO     | fedaugment.utils.logger:44 | Epoch 100: train_loss: 1.96598
2026-04-21 12:05:40 | INFO     | fedaugment.utils.logger:44 | Epoch 101: train_loss: 1.96457
2026-04-21 12:06:00 | INFO     | fedaugment.utils.logger:44 | Epoch 102: train_loss: 1.96485
2026-04-21 12:06:20 | INFO     | fedaugment.utils.logger:44 | Epoch 103: train_loss: 1.96320
2026-04-21 12:06:40 | INFO     | fedaugment.utils.logger:44 | Epoch 104: train_loss: 1.96186
2026-04-21 12:06:59 | INFO     | fedaugment.utils.logger:44 | Epoch 105: train_loss: 1.96095
2026-04-21 12:07:19 | INFO     | fedaugment.utils.logger:44 | Epoch 106: train_loss: 1.96019
2026-04-21 12:07:38 | INFO     | fedaugment.utils.logger:44 | Epoch 107: train_loss: 1.95946
2026-04-21 12:07:58 | INFO     | fedaugment.utils.logger:44 | Epoch 108: train_loss: 1.95859
2026-04-21 12:08:18 | INFO     | fedaugment.utils.logger:44 | Epoch 109: train_loss: 1.95785
2026-04-21 12:08:38 | INFO     | fedaugment.utils.logger:44 | Epoch 110: train_loss: 1.95682
2026-04-21 12:08:58 | INFO     | fedaugment.utils.logger:44 | Epoch 111: train_loss: 1.95586
2026-04-21 12:09:17 | INFO     | fedaugment.utils.logger:44 | Epoch 112: train_loss: 1.95460
2026-04-21 12:09:38 | INFO     | fedaugment.utils.logger:44 | Epoch 113: train_loss: 1.95389
2026-04-21 12:09:58 | INFO     | fedaugment.utils.logger:44 | Epoch 114: train_loss: 1.95345
2026-04-21 12:10:18 | INFO     | fedaugment.utils.logger:44 | Epoch 115: train_loss: 1.95195
2026-04-21 12:10:38 | INFO     | fedaugment.utils.logger:44 | Epoch 116: train_loss: 1.95183
2026-04-21 12:10:58 | INFO     | fedaugment.utils.logger:44 | Epoch 117: train_loss: 1.95128
2026-04-21 12:11:18 | INFO     | fedaugment.utils.logger:44 | Epoch 118: train_loss: 1.95014
2026-04-21 12:11:37 | INFO     | fedaugment.utils.logger:44 | Epoch 119: train_loss: 1.94998
2026-04-21 12:11:58 | INFO     | fedaugment.utils.logger:44 | Epoch 120: train_loss: 1.94828
2026-04-21 12:12:17 | INFO     | fedaugment.utils.logger:44 | Epoch 121: train_loss: 1.94770
2026-04-21 12:12:38 | INFO     | fedaugment.utils.logger:44 | Epoch 122: train_loss: 1.94729
2026-04-21 12:12:58 | INFO     | fedaugment.utils.logger:44 | Epoch 123: train_loss: 1.94590
2026-04-21 12:13:18 | INFO     | fedaugment.utils.logger:44 | Epoch 124: train_loss: 1.94611
2026-04-21 12:13:38 | INFO     | fedaugment.utils.logger:44 | Epoch 125: train_loss: 1.94498
2026-04-21 12:13:58 | INFO     | fedaugment.utils.logger:44 | Epoch 126: train_loss: 1.94405
2026-04-21 12:14:18 | INFO     | fedaugment.utils.logger:44 | Epoch 127: train_loss: 1.94360
2026-04-21 12:14:37 | INFO     | fedaugment.utils.logger:44 | Epoch 128: train_loss: 1.94287
2026-04-21 12:14:58 | INFO     | fedaugment.utils.logger:44 | Epoch 129: train_loss: 1.94221
2026-04-21 12:15:18 | INFO     | fedaugment.utils.logger:44 | Epoch 130: train_loss: 1.94188
2026-04-21 12:15:39 | INFO     | fedaugment.utils.logger:44 | Epoch 131: train_loss: 1.94065
2026-04-21 12:15:59 | INFO     | fedaugment.utils.logger:44 | Epoch 132: train_loss: 1.94014
2026-04-21 12:16:18 | INFO     | fedaugment.utils.logger:44 | Epoch 133: train_loss: 1.93943
2026-04-21 12:16:39 | INFO     | fedaugment.utils.logger:44 | Epoch 134: train_loss: 1.93898
2026-04-21 12:16:58 | INFO     | fedaugment.utils.logger:44 | Epoch 135: train_loss: 1.93842
2026-04-21 12:17:19 | INFO     | fedaugment.utils.logger:44 | Epoch 136: train_loss: 1.93799
2026-04-21 12:17:39 | INFO     | fedaugment.utils.logger:44 | Epoch 137: train_loss: 1.93721
2026-04-21 12:18:00 | INFO     | fedaugment.utils.logger:44 | Epoch 138: train_loss: 1.93650
2026-04-21 12:18:21 | INFO     | fedaugment.utils.logger:44 | Epoch 139: train_loss: 1.93590
2026-04-21 12:18:40 | INFO     | fedaugment.utils.logger:44 | Epoch 140: train_loss: 1.93519
2026-04-21 12:19:01 | INFO     | fedaugment.utils.logger:44 | Epoch 141: train_loss: 1.93517
2026-04-21 12:19:20 | INFO     | fedaugment.utils.logger:44 | Epoch 142: train_loss: 1.93391
2026-04-21 12:19:41 | INFO     | fedaugment.utils.logger:44 | Epoch 143: train_loss: 1.93322
2026-04-21 12:20:01 | INFO     | fedaugment.utils.logger:44 | Epoch 144: train_loss: 1.93323
2026-04-21 12:20:21 | INFO     | fedaugment.utils.logger:44 | Epoch 145: train_loss: 1.93232
2026-04-21 12:20:41 | INFO     | fedaugment.utils.logger:44 | Epoch 146: train_loss: 1.93199
2026-04-21 12:21:01 | INFO     | fedaugment.utils.logger:44 | Epoch 147: train_loss: 1.93124
2026-04-21 12:21:22 | INFO     | fedaugment.utils.logger:44 | Epoch 148: train_loss: 1.93069
2026-04-21 12:21:41 | INFO     | fedaugment.utils.logger:44 | Epoch 149: train_loss: 1.93034
2026-04-21 12:22:02 | INFO     | fedaugment.utils.logger:44 | Epoch 150: train_loss: 1.92999
2026-04-21 12:22:22 | INFO     | fedaugment.utils.logger:44 | Epoch 151: train_loss: 1.92952
2026-04-21 12:22:42 | INFO     | fedaugment.utils.logger:44 | Epoch 152: train_loss: 1.92885
2026-04-21 12:23:02 | INFO     | fedaugment.utils.logger:44 | Epoch 153: train_loss: 1.92821
2026-04-21 12:23:22 | INFO     | fedaugment.utils.logger:44 | Epoch 154: train_loss: 1.92750
2026-04-21 12:23:43 | INFO     | fedaugment.utils.logger:44 | Epoch 155: train_loss: 1.92721
2026-04-21 12:24:01 | INFO     | fedaugment.utils.logger:44 | Epoch 156: train_loss: 1.92688
2026-04-21 12:24:22 | INFO     | fedaugment.utils.logger:44 | Epoch 157: train_loss: 1.92636
2026-04-21 12:24:42 | INFO     | fedaugment.utils.logger:44 | Epoch 158: train_loss: 1.92588
2026-04-21 12:25:03 | INFO     | fedaugment.utils.logger:44 | Epoch 159: train_loss: 1.92549
2026-04-21 12:25:23 | INFO     | fedaugment.utils.logger:44 | Epoch 160: train_loss: 1.92503
2026-04-21 12:25:43 | INFO     | fedaugment.utils.logger:44 | Epoch 161: train_loss: 1.92433
2026-04-21 12:26:04 | INFO     | fedaugment.utils.logger:44 | Epoch 162: train_loss: 1.92434
2026-04-21 12:26:23 | INFO     | fedaugment.utils.logger:44 | Epoch 163: train_loss: 1.92369
2026-04-21 12:26:44 | INFO     | fedaugment.utils.logger:44 | Epoch 164: train_loss: 1.92331
2026-04-21 12:27:04 | INFO     | fedaugment.utils.logger:44 | Epoch 165: train_loss: 1.92257
2026-04-21 12:27:24 | INFO     | fedaugment.utils.logger:44 | Epoch 166: train_loss: 1.92223
2026-04-21 12:27:43 | INFO     | fedaugment.utils.logger:44 | Epoch 167: train_loss: 1.92211
2026-04-21 12:28:02 | INFO     | fedaugment.utils.logger:44 | Epoch 168: train_loss: 1.92137
2026-04-21 12:28:22 | INFO     | fedaugment.utils.logger:44 | Epoch 169: train_loss: 1.92117
2026-04-21 12:28:41 | INFO     | fedaugment.utils.logger:44 | Epoch 170: train_loss: 1.92056
2026-04-21 12:29:01 | INFO     | fedaugment.utils.logger:44 | Epoch 171: train_loss: 1.92027
2026-04-21 12:29:22 | INFO     | fedaugment.utils.logger:44 | Epoch 172: train_loss: 1.91989
2026-04-21 12:29:43 | INFO     | fedaugment.utils.logger:44 | Epoch 173: train_loss: 1.91953
2026-04-21 12:30:03 | INFO     | fedaugment.utils.logger:44 | Epoch 174: train_loss: 1.91917
2026-04-21 12:30:21 | INFO     | fedaugment.utils.logger:44 | Epoch 175: train_loss: 1.91841
2026-04-21 12:30:42 | INFO     | fedaugment.utils.logger:44 | Epoch 176: train_loss: 1.91851
2026-04-21 12:31:01 | INFO     | fedaugment.utils.logger:44 | Epoch 177: train_loss: 1.91803
2026-04-21 12:31:22 | INFO     | fedaugment.utils.logger:44 | Epoch 178: train_loss: 1.91749
2026-04-21 12:31:42 | INFO     | fedaugment.utils.logger:44 | Epoch 179: train_loss: 1.91729
2026-04-21 12:32:03 | INFO     | fedaugment.utils.logger:44 | Epoch 180: train_loss: 1.91698
2026-04-21 12:32:23 | INFO     | fedaugment.utils.logger:44 | Epoch 181: train_loss: 1.91648
2026-04-21 12:32:43 | INFO     | fedaugment.utils.logger:44 | Epoch 182: train_loss: 1.91647
2026-04-21 12:33:03 | INFO     | fedaugment.utils.logger:44 | Epoch 183: train_loss: 1.91613
2026-04-21 12:33:22 | INFO     | fedaugment.utils.logger:44 | Epoch 184: train_loss: 1.91565
2026-04-21 12:33:42 | INFO     | fedaugment.utils.logger:44 | Epoch 185: train_loss: 1.91535
2026-04-21 12:34:02 | INFO     | fedaugment.utils.logger:44 | Epoch 186: train_loss: 1.91501
2026-04-21 12:34:22 | INFO     | fedaugment.utils.logger:44 | Epoch 187: train_loss: 1.91485
2026-04-21 12:34:42 | INFO     | fedaugment.utils.logger:44 | Epoch 188: train_loss: 1.91428
2026-04-21 12:35:01 | INFO     | fedaugment.utils.logger:44 | Epoch 189: train_loss: 1.91432
2026-04-21 12:35:21 | INFO     | fedaugment.utils.logger:44 | Epoch 190: train_loss: 1.91361
2026-04-21 12:35:40 | INFO     | fedaugment.utils.logger:44 | Epoch 191: train_loss: 1.91359
2026-04-21 12:36:02 | INFO     | fedaugment.utils.logger:44 | Epoch 192: train_loss: 1.91327
2026-04-21 12:36:21 | INFO     | fedaugment.utils.logger:44 | Epoch 193: train_loss: 1.91302
2026-04-21 12:36:42 | INFO     | fedaugment.utils.logger:44 | Epoch 194: train_loss: 1.91274
2026-04-21 12:37:02 | INFO     | fedaugment.utils.logger:44 | Epoch 195: train_loss: 1.91217
2026-04-21 12:37:22 | INFO     | fedaugment.utils.logger:44 | Epoch 196: train_loss: 1.91243
2026-04-21 12:37:43 | INFO     | fedaugment.utils.logger:44 | Epoch 197: train_loss: 1.91191
2026-04-21 12:38:01 | INFO     | fedaugment.utils.logger:44 | Epoch 198: train_loss: 1.91179
2026-04-21 12:38:21 | INFO     | fedaugment.utils.logger:44 | Epoch 199: train_loss: 1.91109
2026-04-21 12:38:41 | INFO     | fedaugment.utils.logger:44 | Epoch 200: train_loss: 1.91108
2026-04-21 12:39:01 | INFO     | fedaugment.utils.logger:44 | Epoch 201: train_loss: 1.91103
2026-04-21 12:39:21 | INFO     | fedaugment.utils.logger:44 | Epoch 202: train_loss: 1.91080
2026-04-21 12:39:40 | INFO     | fedaugment.utils.logger:44 | Epoch 203: train_loss: 1.91057
2026-04-21 12:40:00 | INFO     | fedaugment.utils.logger:44 | Epoch 204: train_loss: 1.91027
2026-04-21 12:40:19 | INFO     | fedaugment.utils.logger:44 | Epoch 205: train_loss: 1.91017
2026-04-21 12:40:40 | INFO     | fedaugment.utils.logger:44 | Epoch 206: train_loss: 1.90996
2026-04-21 12:41:00 | INFO     | fedaugment.utils.logger:44 | Epoch 207: train_loss: 1.90984
2026-04-21 12:41:21 | INFO     | fedaugment.utils.logger:44 | Epoch 208: train_loss: 1.90940
2026-04-21 12:41:40 | INFO     | fedaugment.utils.logger:44 | Epoch 209: train_loss: 1.90914
2026-04-21 12:41:59 | INFO     | fedaugment.utils.logger:44 | Epoch 210: train_loss: 1.90905
2026-04-21 12:42:20 | INFO     | fedaugment.utils.logger:44 | Epoch 211: train_loss: 1.90876
2026-04-21 12:42:39 | INFO     | fedaugment.utils.logger:44 | Epoch 212: train_loss: 1.90875
2026-04-21 12:43:01 | INFO     | fedaugment.utils.logger:44 | Epoch 213: train_loss: 1.90847
2026-04-21 12:43:20 | INFO     | fedaugment.utils.logger:44 | Epoch 214: train_loss: 1.90856
2026-04-21 12:43:41 | INFO     | fedaugment.utils.logger:44 | Epoch 215: train_loss: 1.90827
2026-04-21 12:44:01 | INFO     | fedaugment.utils.logger:44 | Epoch 216: train_loss: 1.90822
2026-04-21 12:44:21 | INFO     | fedaugment.utils.logger:44 | Epoch 217: train_loss: 1.90803
2026-04-21 12:44:41 | INFO     | fedaugment.utils.logger:44 | Epoch 218: train_loss: 1.90784
2026-04-21 12:45:00 | INFO     | fedaugment.utils.logger:44 | Epoch 219: train_loss: 1.90753
2026-04-21 12:45:21 | INFO     | fedaugment.utils.logger:44 | Epoch 220: train_loss: 1.90756
2026-04-21 12:45:40 | INFO     | fedaugment.utils.logger:44 | Epoch 221: train_loss: 1.90750
2026-04-21 12:46:01 | INFO     | fedaugment.utils.logger:44 | Epoch 222: train_loss: 1.90744
2026-04-21 12:46:21 | INFO     | fedaugment.utils.logger:44 | Epoch 223: train_loss: 1.90720
2026-04-21 12:46:41 | INFO     | fedaugment.utils.logger:44 | Epoch 224: train_loss: 1.90684
2026-04-21 12:47:01 | INFO     | fedaugment.utils.logger:44 | Epoch 225: train_loss: 1.90697
2026-04-21 12:47:20 | INFO     | fedaugment.utils.logger:44 | Epoch 226: train_loss: 1.90672
2026-04-21 12:47:41 | INFO     | fedaugment.utils.logger:44 | Epoch 227: train_loss: 1.90663
2026-04-21 12:48:00 | INFO     | fedaugment.utils.logger:44 | Epoch 228: train_loss: 1.90634
2026-04-21 12:48:21 | INFO     | fedaugment.utils.logger:44 | Epoch 229: train_loss: 1.90657
2026-04-21 12:48:41 | INFO     | fedaugment.utils.logger:44 | Epoch 230: train_loss: 1.90664
2026-04-21 12:49:01 | INFO     | fedaugment.utils.logger:44 | Epoch 231: train_loss: 1.90637
2026-04-21 12:49:21 | INFO     | fedaugment.utils.logger:44 | Epoch 232: train_loss: 1.90606
2026-04-21 12:49:40 | INFO     | fedaugment.utils.logger:44 | Epoch 233: train_loss: 1.90633
2026-04-21 12:50:01 | INFO     | fedaugment.utils.logger:44 | Epoch 234: train_loss: 1.90607
2026-04-21 12:50:20 | INFO     | fedaugment.utils.logger:44 | Epoch 235: train_loss: 1.90596
2026-04-21 12:50:41 | INFO     | fedaugment.utils.logger:44 | Epoch 236: train_loss: 1.90599
2026-04-21 12:51:01 | INFO     | fedaugment.utils.logger:44 | Epoch 237: train_loss: 1.90590
2026-04-21 12:51:20 | INFO     | fedaugment.utils.logger:44 | Epoch 238: train_loss: 1.90571
2026-04-21 12:51:40 | INFO     | fedaugment.utils.logger:44 | Epoch 239: train_loss: 1.90584
2026-04-21 12:51:59 | INFO     | fedaugment.utils.logger:44 | Epoch 240: train_loss: 1.90595
2026-04-21 12:52:19 | INFO     | fedaugment.utils.logger:44 | Epoch 241: train_loss: 1.90587
2026-04-21 12:52:39 | INFO     | fedaugment.utils.logger:44 | Epoch 242: train_loss: 1.90573
2026-04-21 12:52:59 | INFO     | fedaugment.utils.logger:44 | Epoch 243: train_loss: 1.90558
2026-04-21 12:53:20 | INFO     | fedaugment.utils.logger:44 | Epoch 244: train_loss: 1.90534
2026-04-21 12:53:39 | INFO     | fedaugment.utils.logger:44 | Epoch 245: train_loss: 1.90571
2026-04-21 12:53:59 | INFO     | fedaugment.utils.logger:44 | Epoch 246: train_loss: 1.90572
2026-04-21 12:54:18 | INFO     | fedaugment.utils.logger:44 | Epoch 247: train_loss: 1.90581
2026-04-21 12:54:39 | INFO     | fedaugment.utils.logger:44 | Epoch 248: train_loss: 1.90547
2026-04-21 12:54:59 | INFO     | fedaugment.utils.logger:44 | Epoch 249: train_loss: 1.90585
2026-04-21 12:54:59 | INFO     | lightning_utilities.core.rank_zero:60 | `Trainer.fit` stopped: `max_epochs=250` reached.
2026-04-21 12:55:02 | INFO     | fedaugment.projections.main:169 | Starting testing phase...
2026-04-21 12:55:02 | INFO     | lightning.pytorch.accelerators.cuda:61 | LOCAL_RANK: 0 - CUDA_VISIBLE_DEVICES: [0]
2026-04-21 12:55:02 | INFO     | fedaugment.utils.logger:38 | {'module_kwargs': CLModuleConfig(model_type='projection_head', out_dim=1024, hidden_dims=[1024, 1536, 1536], activation='silu', normalization='batch', dropout=0.0, no_val_orchestrator=True, no_test_orchestrator=False), 'criterion': CriterionConfig(class_='MultiViewNTXentLoss', kwargs={'temperature': 0.1}), 'optim_configs': [OptimizerConfig(class_='AdamW', kwargs={'lr': 0.001, 'weight_decay': 0.01})], 'sched_configs': [LRSchedulerConfig(class_='OneCycleLR', interval='epoch', frequency=1, monitor=None, kwargs={'max_lr': 0.003, 'total_steps': None, 'pct_start': 0.1, 'anneal_strategy': 'cos', 'div_factor': 10.0, 'final_div_factor': 1000.0})], 'pipeline_names': ['distilroberta-dj_adpt', 'mini_l12-dj_adpt', 'mini_l6-dj_adpt', 'gte_base-dj_adpt', 'gtr_t5-dj_adpt', 'mpnet-dj_adpt'], 'embedding_dims': [768, 384, 384, 768, 768, 768], 'data_batch_size': 4096, 'metric_batch_size': 65536}
2026-04-21 12:55:44 | DEBUG    | fedaugment.projections.metrics.base:115 | Computing CosineSimilarityOrchestrator metrics.
2026-04-21 12:55:44 | WARNING  | fedaugment.projections.metrics.base:117 | Number of projections (8891658) is not divisible by chunk size (65536). This may lead to suboptimal performance.
2026-04-21 15:05:19 | DEBUG    | fedaugment.projections.metrics.base:198 | Finalized CosineSimilarityOrchestrator metrics
2026-04-21 15:05:19 | INFO     | fedaugment.utils.logger:44 | Epoch 250: test_loss: 2.59451, test_cossim_mean: 0.00283, test_entity_stability_15: 0.40625, test_entity_stability_5: 0.35596, test_entity_stability_50: 0.49371, test_same_lbl_cossim_mean: 0.94397
2026-04-21 15:05:20 | INFO     | fedaugment.projections.main:176 | Best model checkpoint saved at /local-ssd/lennart/checkpoints/curation/webtable_grid-mpnet-dj_adpt-k=630493-pca=0.9/last.ckpt
2026-04-21 15:05:20 | INFO     | __main__:48 | Evaluating random-mpnet-dj_adpt-k=630493 on webtable 050
2026-04-21 15:05:20 | DEBUG    | fedaugment.projections.main:72 | Experiment configuration: {"experiment_name":"webtable_random-mpnet-dj_adpt-k=630493","experiment_group":"curation","experiment_version":1,"seed":42,"data_module":{"class_":"DefaultDataModule","data":{"train":["data/embeddings/webtable/sample-050/random-mpnet-dj_adpt-k=630493/distilroberta-dj_adpt.fa","data/embeddings/webtable/sample-050/random-mpnet-dj_adpt-k=630493/mini_l12-dj_adpt.fa","data/embeddings/webtable/sample-050/random-mpnet-dj_adpt-k=630493/mini_l6-dj_adpt.fa","data/embeddings/webtable/sample-050/random-mpnet-dj_adpt-k=630493/gte_base-dj_adpt.fa","data/embeddings/webtable/sample-050/random-mpnet-dj_adpt-k=630493/gtr_t5-dj_adpt.fa","data/embeddings/webtable/sample-050/random-mpnet-dj_adpt-k=630493/mpnet-dj_adpt.fa"],"val":null,"test":["data/embeddings/webtable/split/test/distilroberta-dj_adpt.fa","data/embeddings/webtable/split/test/mini_l12-dj_adpt.fa","data/embeddings/webtable/split/test/mini_l6-dj_adpt.fa","data/embeddings/webtable/split/test/gte_base-dj_adpt.fa","data/embeddings/webtable/split/test/gtr_t5-dj_adpt.fa","data/embeddings/webtable/split/test/mpnet-dj_adpt.fa"]},"mmap_mode":"r+","batch_size":4096,"num_workers":32,"pin_memory":true,"persistent_workers":true,"prefetch_factor":5,"verify_column_ids":true},"projection_model":{"class_":"ContrastiveLearningModel","module_kwargs":{"model_type":"projection_head","out_dim":1024,"hidden_dims":[1024,1536,1536],"activation":"silu","normalization":"batch","dropout":0.0,"no_val_orchestrator":true,"no_test_orchestrator":false},"criterion":{"class_":"MultiViewNTXentLoss","kwargs":{"temperature":0.1}},"optimizers":[{"class_":"AdamW","kwargs":{"lr":0.001,"weight_decay":0.01}}],"schedulers":[{"class_":"OneCycleLR","interval":"epoch","frequency":1,"monitor":null,"kwargs":{"max_lr":0.003,"total_steps":null,"pct_start":0.1,"anneal_strategy":"cos","div_factor":10.0,"final_div_factor":1000.0}}],"metric_batch_size":65536},"trainer":{"max_epochs":250,"accelerator":"gpu","check_val_every_n_epoch":1,"devices":"auto","deterministic":false,"enable_checkpointing":true,"enable_model_summary":true,"enable_progress_bar":true,"log_every_n_steps":50,"patience":null,"max_time":"00:24:00:00","num_sanity_val_steps":2,"precision":"bf16-mixed","profiler":null},"compile_model":true}
2026-04-21 15:05:20 | INFO     | lightning.fabric.utilities.seed:57 | Seed set to 42
2026-04-21 15:05:23 | INFO     | fedaugment.projections.main:83 | Compiling projection model...
2026-04-21 15:05:23 | INFO     | fedaugment.projections.main:85 | Projection model compiled
2026-04-21 15:05:23 | INFO     | fedaugment.projections.main:87 | Initializing trainer...
2026-04-21 15:05:23 | INFO     | lightning_utilities.core.rank_zero:60 | Using bfloat16 Automatic Mixed Precision (AMP)
2026-04-21 15:05:23 | INFO     | lightning_utilities.core.rank_zero:60 | GPU available: True (cuda), used: True
2026-04-21 15:05:23 | INFO     | lightning_utilities.core.rank_zero:60 | TPU available: False, using: 0 TPU cores
2026-04-21 15:05:23 | INFO     | fedaugment.projections.main:148 | Trainer initialized
2026-04-21 15:05:23 | INFO     | fedaugment.projections.main:158 | Starting training phase...
2026-04-21 15:05:23 | INFO     | lightning.pytorch.accelerators.cuda:61 | LOCAL_RANK: 0 - CUDA_VISIBLE_DEVICES: [0]
2026-04-21 15:05:23 | INFO     | lightning_utilities.core.rank_zero:60 | Loading `train_dataloader` to estimate number of stepping batches.
2026-04-21 15:05:23 | INFO     | fedaugment.projections.models.projection_model:123 | Setting OneCycleLR total_steps to trainer.estimated_stepping_batches=38500.
2026-04-21 15:05:23 | WARNING  | fedaugment.projections.models.projection_model:134 | OneCycleLR requires interval='step'. Overriding configured interval='epoch' to 'step'.
2026-04-21 15:05:23 | INFO     | lightning.pytorch.callbacks.model_summary:110 |
  | Name              | Type                         | Params | Mode  | FLOPs
-----------------------------------------------------------------------------------
0 | criterion         | MultiViewNTXentLoss          | 0      | train | 0
1 | val_metrics       | MetricCollection             | 0      | train | 0
2 | test_metrics      | MetricCollection             | 0      | train | 0
3 | val_orchestrator  | CosineSimilarityOrchestrator | 0      | train | 0
4 | test_orchestrator | CosineSimilarityOrchestrator | 0      | train | 0
5 | projection_heads  | ModuleList                   | 37.0 M | train | 0
-----------------------------------------------------------------------------------
37.0 M    Trainable params
0         Non-trainable params
37.0 M    Total params
148.120   Total estimated model params size (MB)
89        Modules in train mode
0         Modules in eval mode
0         Total Flops
2026-04-21 15:05:23 | INFO     | fedaugment.utils.logger:38 | {'module_kwargs': CLModuleConfig(model_type='projection_head', out_dim=1024, hidden_dims=[1024, 1536, 1536], activation='silu', normalization='batch', dropout=0.0, no_val_orchestrator=True, no_test_orchestrator=False), 'criterion': CriterionConfig(class_='MultiViewNTXentLoss', kwargs={'temperature': 0.1}), 'optim_configs': [OptimizerConfig(class_='AdamW', kwargs={'lr': 0.001, 'weight_decay': 0.01})], 'sched_configs': [LRSchedulerConfig(class_='OneCycleLR', interval='epoch', frequency=1, monitor=None, kwargs={'max_lr': 0.003, 'total_steps': None, 'pct_start': 0.1, 'anneal_strategy': 'cos', 'div_factor': 10.0, 'final_div_factor': 1000.0})], 'pipeline_names': ['distilroberta-dj_adpt', 'mini_l12-dj_adpt', 'mini_l6-dj_adpt', 'gte_base-dj_adpt', 'gtr_t5-dj_adpt', 'mpnet-dj_adpt'], 'embedding_dims': [768, 384, 384, 768, 768, 768], 'data_batch_size': 4096, 'metric_batch_size': 65536}
2026-04-21 15:06:29 | INFO     | fedaugment.utils.logger:44 | Epoch 0: train_loss: 4.08156
2026-04-21 15:06:49 | INFO     | fedaugment.utils.logger:44 | Epoch 1: train_loss: 3.07218
2026-04-21 15:07:08 | INFO     | fedaugment.utils.logger:44 | Epoch 2: train_loss: 2.86296
2026-04-21 15:07:30 | INFO     | fedaugment.utils.logger:44 | Epoch 3: train_loss: 2.75492
2026-04-21 15:07:51 | INFO     | fedaugment.utils.logger:44 | Epoch 4: train_loss: 2.68488
2026-04-21 15:08:13 | INFO     | fedaugment.utils.logger:44 | Epoch 5: train_loss: 2.63700
2026-04-21 15:08:34 | INFO     | fedaugment.utils.logger:44 | Epoch 6: train_loss: 2.60052
2026-04-21 15:08:54 | INFO     | fedaugment.utils.logger:44 | Epoch 7: train_loss: 2.57200
2026-04-21 15:09:15 | INFO     | fedaugment.utils.logger:44 | Epoch 8: train_loss: 2.54811
2026-04-21 15:09:35 | INFO     | fedaugment.utils.logger:44 | Epoch 9: train_loss: 2.53080
2026-04-21 15:09:55 | INFO     | fedaugment.utils.logger:44 | Epoch 10: train_loss: 2.51456
2026-04-21 15:10:15 | INFO     | fedaugment.utils.logger:44 | Epoch 11: train_loss: 2.50276
2026-04-21 15:10:35 | INFO     | fedaugment.utils.logger:44 | Epoch 12: train_loss: 2.48978
2026-04-21 15:10:54 | INFO     | fedaugment.utils.logger:44 | Epoch 13: train_loss: 2.47796
2026-04-21 15:11:14 | INFO     | fedaugment.utils.logger:44 | Epoch 14: train_loss: 2.46567
2026-04-21 15:11:35 | INFO     | fedaugment.utils.logger:44 | Epoch 15: train_loss: 2.45826
2026-04-21 15:11:54 | INFO     | fedaugment.utils.logger:44 | Epoch 16: train_loss: 2.44792
2026-04-21 15:12:15 | INFO     | fedaugment.utils.logger:44 | Epoch 17: train_loss: 2.44118
2026-04-21 15:12:35 | INFO     | fedaugment.utils.logger:44 | Epoch 18: train_loss: 2.43117
2026-04-21 15:12:57 | INFO     | fedaugment.utils.logger:44 | Epoch 19: train_loss: 2.42193
2026-04-21 15:13:16 | INFO     | fedaugment.utils.logger:44 | Epoch 20: train_loss: 2.41352
2026-04-21 15:13:36 | INFO     | fedaugment.utils.logger:44 | Epoch 21: train_loss: 2.40870
2026-04-21 15:13:57 | INFO     | fedaugment.utils.logger:44 | Epoch 22: train_loss: 2.40206
2026-04-21 15:14:18 | INFO     | fedaugment.utils.logger:44 | Epoch 23: train_loss: 2.39367
2026-04-21 15:14:39 | INFO     | fedaugment.utils.logger:44 | Epoch 24: train_loss: 2.38682
2026-04-21 15:14:59 | INFO     | fedaugment.utils.logger:44 | Epoch 25: train_loss: 2.38159
2026-04-21 15:15:20 | INFO     | fedaugment.utils.logger:44 | Epoch 26: train_loss: 2.37637
2026-04-21 15:15:41 | INFO     | fedaugment.utils.logger:44 | Epoch 27: train_loss: 2.37073
2026-04-21 15:16:00 | INFO     | fedaugment.utils.logger:44 | Epoch 28: train_loss: 2.36600
2026-04-21 15:16:22 | INFO     | fedaugment.utils.logger:44 | Epoch 29: train_loss: 2.36347
2026-04-21 15:16:42 | INFO     | fedaugment.utils.logger:44 | Epoch 30: train_loss: 2.35801
2026-04-21 15:17:04 | INFO     | fedaugment.utils.logger:44 | Epoch 31: train_loss: 2.35398
2026-04-21 15:17:24 | INFO     | fedaugment.utils.logger:44 | Epoch 32: train_loss: 2.35109
2026-04-21 15:17:45 | INFO     | fedaugment.utils.logger:44 | Epoch 33: train_loss: 2.34843
2026-04-21 15:18:06 | INFO     | fedaugment.utils.logger:44 | Epoch 34: train_loss: 2.34544
2026-04-21 15:18:27 | INFO     | fedaugment.utils.logger:44 | Epoch 35: train_loss: 2.34098
2026-04-21 15:18:48 | INFO     | fedaugment.utils.logger:44 | Epoch 36: train_loss: 2.33806
2026-04-21 15:19:08 | INFO     | fedaugment.utils.logger:44 | Epoch 37: train_loss: 2.33616
2026-04-21 15:19:29 | INFO     | fedaugment.utils.logger:44 | Epoch 38: train_loss: 2.33338
2026-04-21 15:19:50 | INFO     | fedaugment.utils.logger:44 | Epoch 39: train_loss: 2.32973
2026-04-21 15:20:11 | INFO     | fedaugment.utils.logger:44 | Epoch 40: train_loss: 2.32811
2026-04-21 15:20:32 | INFO     | fedaugment.utils.logger:44 | Epoch 41: train_loss: 2.32522
2026-04-21 15:20:53 | INFO     | fedaugment.utils.logger:44 | Epoch 42: train_loss: 2.32367
2026-04-21 15:21:14 | INFO     | fedaugment.utils.logger:44 | Epoch 43: train_loss: 2.32129
2026-04-21 15:21:35 | INFO     | fedaugment.utils.logger:44 | Epoch 44: train_loss: 2.31956
2026-04-21 15:21:56 | INFO     | fedaugment.utils.logger:44 | Epoch 45: train_loss: 2.31755
2026-04-21 15:22:17 | INFO     | fedaugment.utils.logger:44 | Epoch 46: train_loss: 2.31493
2026-04-21 15:22:38 | INFO     | fedaugment.utils.logger:44 | Epoch 47: train_loss: 2.31233
2026-04-21 15:22:58 | INFO     | fedaugment.utils.logger:44 | Epoch 48: train_loss: 2.31065
2026-04-21 15:23:18 | INFO     | fedaugment.utils.logger:44 | Epoch 49: train_loss: 2.30819
2026-04-21 15:23:38 | INFO     | fedaugment.utils.logger:44 | Epoch 50: train_loss: 2.30642
2026-04-21 15:23:57 | INFO     | fedaugment.utils.logger:44 | Epoch 51: train_loss: 2.30500
2026-04-21 15:24:19 | INFO     | fedaugment.utils.logger:44 | Epoch 52: train_loss: 2.30332
2026-04-21 15:24:39 | INFO     | fedaugment.utils.logger:44 | Epoch 53: train_loss: 2.30135
2026-04-21 15:25:00 | INFO     | fedaugment.utils.logger:44 | Epoch 54: train_loss: 2.29929
2026-04-21 15:25:21 | INFO     | fedaugment.utils.logger:44 | Epoch 55: train_loss: 2.29778
2026-04-21 15:25:41 | INFO     | fedaugment.utils.logger:44 | Epoch 56: train_loss: 2.29625
2026-04-21 15:26:02 | INFO     | fedaugment.utils.logger:44 | Epoch 57: train_loss: 2.29492
2026-04-21 15:26:21 | INFO     | fedaugment.utils.logger:44 | Epoch 58: train_loss: 2.29271
2026-04-21 15:26:43 | INFO     | fedaugment.utils.logger:44 | Epoch 59: train_loss: 2.29134
2026-04-21 15:27:03 | INFO     | fedaugment.utils.logger:44 | Epoch 60: train_loss: 2.29047
2026-04-21 15:27:24 | INFO     | fedaugment.utils.logger:44 | Epoch 61: train_loss: 2.28852
2026-04-21 15:27:45 | INFO     | fedaugment.utils.logger:44 | Epoch 62: train_loss: 2.28711
2026-04-21 15:28:05 | INFO     | fedaugment.utils.logger:44 | Epoch 63: train_loss: 2.28529
2026-04-21 15:28:26 | INFO     | fedaugment.utils.logger:44 | Epoch 64: train_loss: 2.28413
2026-04-21 15:28:45 | INFO     | fedaugment.utils.logger:44 | Epoch 65: train_loss: 2.28303
2026-04-21 15:29:06 | INFO     | fedaugment.utils.logger:44 | Epoch 66: train_loss: 2.28240
2026-04-21 15:29:26 | INFO     | fedaugment.utils.logger:44 | Epoch 67: train_loss: 2.28086
2026-04-21 15:29:47 | INFO     | fedaugment.utils.logger:44 | Epoch 68: train_loss: 2.27987
2026-04-21 15:30:07 | INFO     | fedaugment.utils.logger:44 | Epoch 69: train_loss: 2.27733
2026-04-21 15:30:26 | INFO     | fedaugment.utils.logger:44 | Epoch 70: train_loss: 2.27640
2026-04-21 15:30:47 | INFO     | fedaugment.utils.logger:44 | Epoch 71: train_loss: 2.27504
2026-04-21 15:31:06 | INFO     | fedaugment.utils.logger:44 | Epoch 72: train_loss: 2.27383
2026-04-21 15:31:27 | INFO     | fedaugment.utils.logger:44 | Epoch 73: train_loss: 2.27320
2026-04-21 15:31:47 | INFO     | fedaugment.utils.logger:44 | Epoch 74: train_loss: 2.27221
2026-04-21 15:32:07 | INFO     | fedaugment.utils.logger:44 | Epoch 75: train_loss: 2.27062
2026-04-21 15:32:28 | INFO     | fedaugment.utils.logger:44 | Epoch 76: train_loss: 2.26788
2026-04-21 15:32:47 | INFO     | fedaugment.utils.logger:44 | Epoch 77: train_loss: 2.26856
2026-04-21 15:33:07 | INFO     | fedaugment.utils.logger:44 | Epoch 78: train_loss: 2.26771
2026-04-21 15:33:27 | INFO     | fedaugment.utils.logger:44 | Epoch 79: train_loss: 2.26672
2026-04-21 15:33:49 | INFO     | fedaugment.utils.logger:44 | Epoch 80: train_loss: 2.26557
2026-04-21 15:34:09 | INFO     | fedaugment.utils.logger:44 | Epoch 81: train_loss: 2.26379
2026-04-21 15:34:29 | INFO     | fedaugment.utils.logger:44 | Epoch 82: train_loss: 2.26250
2026-04-21 15:34:49 | INFO     | fedaugment.utils.logger:44 | Epoch 83: train_loss: 2.26146
2026-04-21 15:35:09 | INFO     | fedaugment.utils.logger:44 | Epoch 84: train_loss: 2.26085
2026-04-21 15:35:30 | INFO     | fedaugment.utils.logger:44 | Epoch 85: train_loss: 2.25941
2026-04-21 15:35:49 | INFO     | fedaugment.utils.logger:44 | Epoch 86: train_loss: 2.25968
2026-04-21 15:36:11 | INFO     | fedaugment.utils.logger:44 | Epoch 87: train_loss: 2.25798
2026-04-21 15:36:30 | INFO     | fedaugment.utils.logger:44 | Epoch 88: train_loss: 2.25706
2026-04-21 15:36:51 | INFO     | fedaugment.utils.logger:44 | Epoch 89: train_loss: 2.25625
2026-04-21 15:37:12 | INFO     | fedaugment.utils.logger:44 | Epoch 90: train_loss: 2.25650
2026-04-21 15:37:31 | INFO     | fedaugment.utils.logger:44 | Epoch 91: train_loss: 2.25446
2026-04-21 15:37:52 | INFO     | fedaugment.utils.logger:44 | Epoch 92: train_loss: 2.25300
2026-04-21 15:38:11 | INFO     | fedaugment.utils.logger:44 | Epoch 93: train_loss: 2.25324
2026-04-21 15:38:32 | INFO     | fedaugment.utils.logger:44 | Epoch 94: train_loss: 2.25231
2026-04-21 15:38:52 | INFO     | fedaugment.utils.logger:44 | Epoch 95: train_loss: 2.25043
2026-04-21 15:39:13 | INFO     | fedaugment.utils.logger:44 | Epoch 96: train_loss: 2.25038
2026-04-21 15:39:33 | INFO     | fedaugment.utils.logger:44 | Epoch 97: train_loss: 2.24929
2026-04-21 15:39:52 | INFO     | fedaugment.utils.logger:44 | Epoch 98: train_loss: 2.24870
2026-04-21 15:40:13 | INFO     | fedaugment.utils.logger:44 | Epoch 99: train_loss: 2.24754
2026-04-21 15:40:31 | INFO     | fedaugment.utils.logger:44 | Epoch 100: train_loss: 2.24695
2026-04-21 15:40:52 | INFO     | fedaugment.utils.logger:44 | Epoch 101: train_loss: 2.24582
2026-04-21 15:41:12 | INFO     | fedaugment.utils.logger:44 | Epoch 102: train_loss: 2.24552
2026-04-21 15:41:33 | INFO     | fedaugment.utils.logger:44 | Epoch 103: train_loss: 2.24454
2026-04-21 15:41:54 | INFO     | fedaugment.utils.logger:44 | Epoch 104: train_loss: 2.24411
2026-04-21 15:42:13 | INFO     | fedaugment.utils.logger:44 | Epoch 105: train_loss: 2.24282
2026-04-21 15:42:34 | INFO     | fedaugment.utils.logger:44 | Epoch 106: train_loss: 2.24288
2026-04-21 15:42:52 | INFO     | fedaugment.utils.logger:44 | Epoch 107: train_loss: 2.24212
2026-04-21 15:43:13 | INFO     | fedaugment.utils.logger:44 | Epoch 108: train_loss: 2.24094
2026-04-21 15:43:33 | INFO     | fedaugment.utils.logger:44 | Epoch 109: train_loss: 2.24086
2026-04-21 15:43:53 | INFO     | fedaugment.utils.logger:44 | Epoch 110: train_loss: 2.24022
2026-04-21 15:44:13 | INFO     | fedaugment.utils.logger:44 | Epoch 111: train_loss: 2.23965
2026-04-21 15:44:32 | INFO     | fedaugment.utils.logger:44 | Epoch 112: train_loss: 2.23854
2026-04-21 15:44:53 | INFO     | fedaugment.utils.logger:44 | Epoch 113: train_loss: 2.23826
2026-04-21 15:45:12 | INFO     | fedaugment.utils.logger:44 | Epoch 114: train_loss: 2.23736
2026-04-21 15:45:33 | INFO     | fedaugment.utils.logger:44 | Epoch 115: train_loss: 2.23662
2026-04-21 15:45:53 | INFO     | fedaugment.utils.logger:44 | Epoch 116: train_loss: 2.23595
2026-04-21 15:46:14 | INFO     | fedaugment.utils.logger:44 | Epoch 117: train_loss: 2.23578
2026-04-21 15:46:34 | INFO     | fedaugment.utils.logger:44 | Epoch 118: train_loss: 2.23405
2026-04-21 15:46:53 | INFO     | fedaugment.utils.logger:44 | Epoch 119: train_loss: 2.23463
2026-04-21 15:47:14 | INFO     | fedaugment.utils.logger:44 | Epoch 120: train_loss: 2.23380
2026-04-21 15:47:33 | INFO     | fedaugment.utils.logger:44 | Epoch 121: train_loss: 2.23339
2026-04-21 15:47:55 | INFO     | fedaugment.utils.logger:44 | Epoch 122: train_loss: 2.23170
2026-04-21 15:48:14 | INFO     | fedaugment.utils.logger:44 | Epoch 123: train_loss: 2.23231
2026-04-21 15:48:35 | INFO     | fedaugment.utils.logger:44 | Epoch 124: train_loss: 2.23072
2026-04-21 15:48:55 | INFO     | fedaugment.utils.logger:44 | Epoch 125: train_loss: 2.23053
2026-04-21 15:49:15 | INFO     | fedaugment.utils.logger:44 | Epoch 126: train_loss: 2.23008
2026-04-21 15:49:35 | INFO     | fedaugment.utils.logger:44 | Epoch 127: train_loss: 2.23012
2026-04-21 15:49:54 | INFO     | fedaugment.utils.logger:44 | Epoch 128: train_loss: 2.22968
2026-04-21 15:50:15 | INFO     | fedaugment.utils.logger:44 | Epoch 129: train_loss: 2.22806
2026-04-21 15:50:36 | INFO     | fedaugment.utils.logger:44 | Epoch 130: train_loss: 2.22799
2026-04-21 15:50:56 | INFO     | fedaugment.utils.logger:44 | Epoch 131: train_loss: 2.22693
2026-04-21 15:51:17 | INFO     | fedaugment.utils.logger:44 | Epoch 132: train_loss: 2.22776
2026-04-21 15:51:36 | INFO     | fedaugment.utils.logger:44 | Epoch 133: train_loss: 2.22616
2026-04-21 15:51:57 | INFO     | fedaugment.utils.logger:44 | Epoch 134: train_loss: 2.22536
2026-04-21 15:52:15 | INFO     | fedaugment.utils.logger:44 | Epoch 135: train_loss: 2.22516
2026-04-21 15:52:36 | INFO     | fedaugment.utils.logger:44 | Epoch 136: train_loss: 2.22505
2026-04-21 15:52:55 | INFO     | fedaugment.utils.logger:44 | Epoch 137: train_loss: 2.22385
2026-04-21 15:53:16 | INFO     | fedaugment.utils.logger:44 | Epoch 138: train_loss: 2.22378
2026-04-21 15:53:36 | INFO     | fedaugment.utils.logger:44 | Epoch 139: train_loss: 2.22348
2026-04-21 15:53:56 | INFO     | fedaugment.utils.logger:44 | Epoch 140: train_loss: 2.22287
2026-04-21 15:54:17 | INFO     | fedaugment.utils.logger:44 | Epoch 141: train_loss: 2.22265
2026-04-21 15:54:36 | INFO     | fedaugment.utils.logger:44 | Epoch 142: train_loss: 2.22223
2026-04-21 15:54:57 | INFO     | fedaugment.utils.logger:44 | Epoch 143: train_loss: 2.22090
2026-04-21 15:55:17 | INFO     | fedaugment.utils.logger:44 | Epoch 144: train_loss: 2.22087
2026-04-21 15:55:38 | INFO     | fedaugment.utils.logger:44 | Epoch 145: train_loss: 2.22037
2026-04-21 15:55:57 | INFO     | fedaugment.utils.logger:44 | Epoch 146: train_loss: 2.22021
2026-04-21 15:56:17 | INFO     | fedaugment.utils.logger:44 | Epoch 147: train_loss: 2.22002
2026-04-21 15:56:38 | INFO     | fedaugment.utils.logger:44 | Epoch 148: train_loss: 2.21946
2026-04-21 15:56:57 | INFO     | fedaugment.utils.logger:44 | Epoch 149: train_loss: 2.21934
2026-04-21 15:57:17 | INFO     | fedaugment.utils.logger:44 | Epoch 150: train_loss: 2.21744
2026-04-21 15:57:37 | INFO     | fedaugment.utils.logger:44 | Epoch 151: train_loss: 2.21746
2026-04-21 15:57:58 | INFO     | fedaugment.utils.logger:44 | Epoch 152: train_loss: 2.21679
2026-04-21 15:58:18 | INFO     | fedaugment.utils.logger:44 | Epoch 153: train_loss: 2.21732
2026-04-21 15:58:38 | INFO     | fedaugment.utils.logger:44 | Epoch 154: train_loss: 2.21748
2026-04-21 15:58:57 | INFO     | fedaugment.utils.logger:44 | Epoch 155: train_loss: 2.21624
2026-04-21 15:59:17 | INFO     | fedaugment.utils.logger:44 | Epoch 156: train_loss: 2.21623
2026-04-21 15:59:37 | INFO     | fedaugment.utils.logger:44 | Epoch 157: train_loss: 2.21576
2026-04-21 15:59:57 | INFO     | fedaugment.utils.logger:44 | Epoch 158: train_loss: 2.21521
2026-04-21 16:00:18 | INFO     | fedaugment.utils.logger:44 | Epoch 159: train_loss: 2.21472
2026-04-21 16:00:38 | INFO     | fedaugment.utils.logger:44 | Epoch 160: train_loss: 2.21446
2026-04-21 16:00:58 | INFO     | fedaugment.utils.logger:44 | Epoch 161: train_loss: 2.21337
2026-04-21 16:01:18 | INFO     | fedaugment.utils.logger:44 | Epoch 162: train_loss: 2.21354
2026-04-21 16:01:38 | INFO     | fedaugment.utils.logger:44 | Epoch 163: train_loss: 2.21361
2026-04-21 16:01:59 | INFO     | fedaugment.utils.logger:44 | Epoch 164: train_loss: 2.21322
2026-04-21 16:02:19 | INFO     | fedaugment.utils.logger:44 | Epoch 165: train_loss: 2.21308
2026-04-21 16:02:40 | INFO     | fedaugment.utils.logger:44 | Epoch 166: train_loss: 2.21222
2026-04-21 16:03:00 | INFO     | fedaugment.utils.logger:44 | Epoch 167: train_loss: 2.21190
2026-04-21 16:03:19 | INFO     | fedaugment.utils.logger:44 | Epoch 168: train_loss: 2.21170
2026-04-21 16:03:39 | INFO     | fedaugment.utils.logger:44 | Epoch 169: train_loss: 2.21176
2026-04-21 16:03:57 | INFO     | fedaugment.utils.logger:44 | Epoch 170: train_loss: 2.21115
2026-04-21 16:04:17 | INFO     | fedaugment.utils.logger:44 | Epoch 171: train_loss: 2.21030
2026-04-21 16:04:37 | INFO     | fedaugment.utils.logger:44 | Epoch 172: train_loss: 2.21047
2026-04-21 16:04:57 | INFO     | fedaugment.utils.logger:44 | Epoch 173: train_loss: 2.20978
2026-04-21 16:05:17 | INFO     | fedaugment.utils.logger:44 | Epoch 174: train_loss: 2.20958
2026-04-21 16:05:38 | INFO     | fedaugment.utils.logger:44 | Epoch 175: train_loss: 2.20925
2026-04-21 16:05:58 | INFO     | fedaugment.utils.logger:44 | Epoch 176: train_loss: 2.20934
2026-04-21 16:06:18 | INFO     | fedaugment.utils.logger:44 | Epoch 177: train_loss: 2.20848
2026-04-21 16:06:37 | INFO     | fedaugment.utils.logger:44 | Epoch 178: train_loss: 2.20823
2026-04-21 16:06:57 | INFO     | fedaugment.utils.logger:44 | Epoch 179: train_loss: 2.20791
2026-04-21 16:07:18 | INFO     | fedaugment.utils.logger:44 | Epoch 180: train_loss: 2.20762
2026-04-21 16:07:38 | INFO     | fedaugment.utils.logger:44 | Epoch 181: train_loss: 2.20732
2026-04-21 16:07:57 | INFO     | fedaugment.utils.logger:44 | Epoch 182: train_loss: 2.20669
2026-04-21 16:08:17 | INFO     | fedaugment.utils.logger:44 | Epoch 183: train_loss: 2.20674
2026-04-21 16:08:37 | INFO     | fedaugment.utils.logger:44 | Epoch 184: train_loss: 2.20686
2026-04-21 16:08:58 | INFO     | fedaugment.utils.logger:44 | Epoch 185: train_loss: 2.20628
2026-04-21 16:09:17 | INFO     | fedaugment.utils.logger:44 | Epoch 186: train_loss: 2.20612
2026-04-21 16:09:37 | INFO     | fedaugment.utils.logger:44 | Epoch 187: train_loss: 2.20556
2026-04-21 16:09:57 | INFO     | fedaugment.utils.logger:44 | Epoch 188: train_loss: 2.20592
2026-04-21 16:10:17 | INFO     | fedaugment.utils.logger:44 | Epoch 189: train_loss: 2.20533
2026-04-21 16:10:38 | INFO     | fedaugment.utils.logger:44 | Epoch 190: train_loss: 2.20527
2026-04-21 16:10:57 | INFO     | fedaugment.utils.logger:44 | Epoch 191: train_loss: 2.20502
2026-04-21 16:11:17 | INFO     | fedaugment.utils.logger:44 | Epoch 192: train_loss: 2.20516
2026-04-21 16:11:38 | INFO     | fedaugment.utils.logger:44 | Epoch 193: train_loss: 2.20442
2026-04-21 16:11:59 | INFO     | fedaugment.utils.logger:44 | Epoch 194: train_loss: 2.20486
2026-04-21 16:12:19 | INFO     | fedaugment.utils.logger:44 | Epoch 195: train_loss: 2.20401
2026-04-21 16:12:39 | INFO     | fedaugment.utils.logger:44 | Epoch 196: train_loss: 2.20416
2026-04-21 16:12:58 | INFO     | fedaugment.utils.logger:44 | Epoch 197: train_loss: 2.20362
2026-04-21 16:13:18 | INFO     | fedaugment.utils.logger:44 | Epoch 198: train_loss: 2.20402
2026-04-21 16:13:39 | INFO     | fedaugment.utils.logger:44 | Epoch 199: train_loss: 2.20345
2026-04-21 16:13:59 | INFO     | fedaugment.utils.logger:44 | Epoch 200: train_loss: 2.20347
2026-04-21 16:14:19 | INFO     | fedaugment.utils.logger:44 | Epoch 201: train_loss: 2.20344
2026-04-21 16:14:39 | INFO     | fedaugment.utils.logger:44 | Epoch 202: train_loss: 2.20283
2026-04-21 16:14:58 | INFO     | fedaugment.utils.logger:44 | Epoch 203: train_loss: 2.20310
2026-04-21 16:15:19 | INFO     | fedaugment.utils.logger:44 | Epoch 204: train_loss: 2.20250
2026-04-21 16:15:38 | INFO     | fedaugment.utils.logger:44 | Epoch 205: train_loss: 2.20212
2026-04-21 16:15:58 | INFO     | fedaugment.utils.logger:44 | Epoch 206: train_loss: 2.20267
2026-04-21 16:16:18 | INFO     | fedaugment.utils.logger:44 | Epoch 207: train_loss: 2.20178
2026-04-21 16:16:39 | INFO     | fedaugment.utils.logger:44 | Epoch 208: train_loss: 2.20144
2026-04-21 16:16:59 | INFO     | fedaugment.utils.logger:44 | Epoch 209: train_loss: 2.20118
2026-04-21 16:17:18 | INFO     | fedaugment.utils.logger:44 | Epoch 210: train_loss: 2.20139
2026-04-21 16:17:39 | INFO     | fedaugment.utils.logger:44 | Epoch 211: train_loss: 2.20128
2026-04-21 16:17:58 | INFO     | fedaugment.utils.logger:44 | Epoch 212: train_loss: 2.20155
2026-04-21 16:18:19 | INFO     | fedaugment.utils.logger:44 | Epoch 213: train_loss: 2.20112
2026-04-21 16:18:39 | INFO     | fedaugment.utils.logger:44 | Epoch 214: train_loss: 2.20085
2026-04-21 16:18:59 | INFO     | fedaugment.utils.logger:44 | Epoch 215: train_loss: 2.20113
2026-04-21 16:19:19 | INFO     | fedaugment.utils.logger:44 | Epoch 216: train_loss: 2.20024
2026-04-21 16:19:38 | INFO     | fedaugment.utils.logger:44 | Epoch 217: train_loss: 2.20060
2026-04-21 16:19:58 | INFO     | fedaugment.utils.logger:44 | Epoch 218: train_loss: 2.19956
2026-04-21 16:20:17 | INFO     | fedaugment.utils.logger:44 | Epoch 219: train_loss: 2.20030
2026-04-21 16:20:38 | INFO     | fedaugment.utils.logger:44 | Epoch 220: train_loss: 2.20010
2026-04-21 16:20:58 | INFO     | fedaugment.utils.logger:44 | Epoch 221: train_loss: 2.20038
2026-04-21 16:21:19 | INFO     | fedaugment.utils.logger:44 | Epoch 222: train_loss: 2.19989
2026-04-21 16:21:38 | INFO     | fedaugment.utils.logger:44 | Epoch 223: train_loss: 2.19989
2026-04-21 16:21:57 | INFO     | fedaugment.utils.logger:44 | Epoch 224: train_loss: 2.19956
2026-04-21 16:22:18 | INFO     | fedaugment.utils.logger:44 | Epoch 225: train_loss: 2.19947
2026-04-21 16:22:38 | INFO     | fedaugment.utils.logger:44 | Epoch 226: train_loss: 2.19957
2026-04-21 16:22:59 | INFO     | fedaugment.utils.logger:44 | Epoch 227: train_loss: 2.19895
2026-04-21 16:23:20 | INFO     | fedaugment.utils.logger:44 | Epoch 228: train_loss: 2.19930
2026-04-21 16:23:40 | INFO     | fedaugment.utils.logger:44 | Epoch 229: train_loss: 2.19959
2026-04-21 16:24:01 | INFO     | fedaugment.utils.logger:44 | Epoch 230: train_loss: 2.19905
2026-04-21 16:24:21 | INFO     | fedaugment.utils.logger:44 | Epoch 231: train_loss: 2.19906
2026-04-21 16:24:42 | INFO     | fedaugment.utils.logger:44 | Epoch 232: train_loss: 2.19905
2026-04-21 16:25:02 | INFO     | fedaugment.utils.logger:44 | Epoch 233: train_loss: 2.19835
2026-04-21 16:25:23 | INFO     | fedaugment.utils.logger:44 | Epoch 234: train_loss: 2.19919
2026-04-21 16:25:43 | INFO     | fedaugment.utils.logger:44 | Epoch 235: train_loss: 2.19868
2026-04-21 16:26:04 | INFO     | fedaugment.utils.logger:44 | Epoch 236: train_loss: 2.19865
2026-04-21 16:26:24 | INFO     | fedaugment.utils.logger:44 | Epoch 237: train_loss: 2.19895
2026-04-21 16:26:43 | INFO     | fedaugment.utils.logger:44 | Epoch 238: train_loss: 2.19838
2026-04-21 16:27:04 | INFO     | fedaugment.utils.logger:44 | Epoch 239: train_loss: 2.19918
2026-04-21 16:27:22 | INFO     | fedaugment.utils.logger:44 | Epoch 240: train_loss: 2.19809
2026-04-21 16:27:43 | INFO     | fedaugment.utils.logger:44 | Epoch 241: train_loss: 2.19865
2026-04-21 16:28:03 | INFO     | fedaugment.utils.logger:44 | Epoch 242: train_loss: 2.19905
2026-04-21 16:28:23 | INFO     | fedaugment.utils.logger:44 | Epoch 243: train_loss: 2.19871
2026-04-21 16:28:44 | INFO     | fedaugment.utils.logger:44 | Epoch 244: train_loss: 2.19847
2026-04-21 16:29:03 | INFO     | fedaugment.utils.logger:44 | Epoch 245: train_loss: 2.19893
2026-04-21 16:29:24 | INFO     | fedaugment.utils.logger:44 | Epoch 246: train_loss: 2.19821
2026-04-21 16:29:43 | INFO     | fedaugment.utils.logger:44 | Epoch 247: train_loss: 2.19852
2026-04-21 16:30:03 | INFO     | fedaugment.utils.logger:44 | Epoch 248: train_loss: 2.19896
2026-04-21 16:30:23 | INFO     | fedaugment.utils.logger:44 | Epoch 249: train_loss: 2.19887
2026-04-21 16:30:23 | INFO     | lightning_utilities.core.rank_zero:60 | `Trainer.fit` stopped: `max_epochs=250` reached.
2026-04-21 16:30:25 | INFO     | fedaugment.projections.main:169 | Starting testing phase...
2026-04-21 16:30:25 | INFO     | lightning.pytorch.accelerators.cuda:61 | LOCAL_RANK: 0 - CUDA_VISIBLE_DEVICES: [0]
2026-04-21 16:30:26 | INFO     | fedaugment.utils.logger:38 | {'module_kwargs': CLModuleConfig(model_type='projection_head', out_dim=1024, hidden_dims=[1024, 1536, 1536], activation='silu', normalization='batch', dropout=0.0, no_val_orchestrator=True, no_test_orchestrator=False), 'criterion': CriterionConfig(class_='MultiViewNTXentLoss', kwargs={'temperature': 0.1}), 'optim_configs': [OptimizerConfig(class_='AdamW', kwargs={'lr': 0.001, 'weight_decay': 0.01})], 'sched_configs': [LRSchedulerConfig(class_='OneCycleLR', interval='epoch', frequency=1, monitor=None, kwargs={'max_lr': 0.003, 'total_steps': None, 'pct_start': 0.1, 'anneal_strategy': 'cos', 'div_factor': 10.0, 'final_div_factor': 1000.0})], 'pipeline_names': ['distilroberta-dj_adpt', 'mini_l12-dj_adpt', 'mini_l6-dj_adpt', 'gte_base-dj_adpt', 'gtr_t5-dj_adpt', 'mpnet-dj_adpt'], 'embedding_dims': [768, 384, 384, 768, 768, 768], 'data_batch_size': 4096, 'metric_batch_size': 65536}
2026-04-21 16:31:09 | DEBUG    | fedaugment.projections.metrics.base:115 | Computing CosineSimilarityOrchestrator metrics.
2026-04-21 16:31:09 | WARNING  | fedaugment.projections.metrics.base:117 | Number of projections (8891658) is not divisible by chunk size (65536). This may lead to suboptimal performance.
2026-04-21 18:40:35 | DEBUG    | fedaugment.projections.metrics.base:198 | Finalized CosineSimilarityOrchestrator metrics
2026-04-21 18:40:35 | INFO     | fedaugment.utils.logger:44 | Epoch 250: test_loss: 2.41166, test_cossim_mean: 0.00025, test_entity_stability_15: 0.60934, test_entity_stability_5: 0.58213, test_entity_stability_50: 0.68725, test_same_lbl_cossim_mean: 0.95477
2026-04-21 18:40:36 | INFO     | fedaugment.projections.main:176 | Best model checkpoint saved at /local-ssd/lennart/checkpoints/curation/webtable_random-mpnet-dj_adpt-k=630493/last.ckpt
