2025-12-27 13:13:13 | DEBUG    | fedaugment.utils.misc:106 | Experiment setup complete (redirected 515 loggers)
2025-12-27 13:13:13 | DEBUG    | fedaugment.utils.misc:109 | Set PYTORCH_ALLOC_CONF to 'expandable_segments:True'
2025-12-27 13:13:13 | INFO     | __main__:50 | Evaluating fft_cos-mpnet-dj_adpt-k=63049 on webtable 005
2025-12-27 13:13:13 | DEBUG    | fedaugment.projections.main:31 | Experiment configuration: {"experiment_name":"curation_train_webtable_fft_cos-mpnet-dj_adpt-k=63049","experiment_version":1,"seed":42,"data_module":{"class_":"DefaultDataModule","data":{"train":"data/embeddings/webtable-005/fft_cos-mpnet-dj_adpt-k=63049","val":null,"test":"data/embeddings/webtable-split/test"},"batch_size":4096,"num_workers":32,"pin_memory":true,"persistent_workers":true,"prefetch_factor":5,"verify_column_ids":true},"projection_model":{"class_":"ContrastiveLearningModel","module_kwargs":{"model_type":"projection_head","out_dim":1024,"hidden_dims":[1024,1536,1536],"activation":"silu","normalization":"batch","dropout":0.0},"criterion":{"class_":"MultiViewNTXentLoss","kwargs":{"temperature":0.1}},"optimizers":[{"class_":"AdamW","kwargs":{"lr":0.001,"betas":[0.9,0.999],"eps":1e-8,"weight_decay":0.01}}],"schedulers":[{"class_":"LambdaLR","interval":"epoch","frequency":1,"monitor":null,"kwargs":{"lr_lambda":"cos_annealing_with_warmup"}}],"metric_batch_size":65536},"trainer":{"max_epochs":250,"accelerator":"gpu","check_val_every_n_epoch":10,"devices":"auto","deterministic":false,"enable_checkpointing":true,"enable_model_summary":true,"enable_progress_bar":true,"log_every_n_steps":50,"max_time":null,"num_sanity_val_steps":2,"precision":"bf16-mixed","profiler":null},"compile_model":true}
2025-12-27 13:13:13 | INFO     | lightning.fabric.utilities.seed:57 | Seed set to 42
2025-12-27 13:13:18 | INFO     | fedaugment.projections.main:42 | Compiling projection model...
2025-12-27 13:13:18 | INFO     | fedaugment.projections.main:44 | Projection model compiled
2025-12-27 13:13:18 | INFO     | fedaugment.projections.main:46 | Initializing trainer...
2025-12-27 13:13:18 | INFO     | lightning_utilities.core.rank_zero:60 | Using bfloat16 Automatic Mixed Precision (AMP)
2025-12-27 13:13:18 | INFO     | lightning_utilities.core.rank_zero:60 | GPU available: True (cuda), used: True
2025-12-27 13:13:18 | INFO     | lightning_utilities.core.rank_zero:60 | TPU available: False, using: 0 TPU cores
2025-12-27 13:13:18 | INFO     | fedaugment.projections.main:76 | Trainer initialized
2025-12-27 13:13:18 | INFO     | fedaugment.projections.main:83 | Starting training phase...
2025-12-27 13:13:18 | INFO     | lightning.pytorch.accelerators.cuda:61 | LOCAL_RANK: 0 - CUDA_VISIBLE_DEVICES: [0]
2025-12-27 13:13:18 | WARNING  | fedaugment.utils.misc:102 | UserWarning: Precision bf16-mixed is not supported by the model summary.  Estimated model size in MB will not be accurate. Using 32 bits instead. (/home/lennart-ldap/projects/fedaugment/.venv/lib/python3.13/site-packages/lightning/pytorch/utilities/model_summary/model_summary.py:242)
2025-12-27 13:13:18 | INFO     | lightning.pytorch.callbacks.model_summary:110 |
  | Name              | Type                         | Params | Mode  | FLOPs
-----------------------------------------------------------------------------------
0 | criterion         | MultiViewNTXentLoss          | 0      | train | 0
1 | val_metrics       | MetricCollection             | 0      | train | 0
2 | test_metrics      | MetricCollection             | 0      | train | 0
3 | val_orchestrator  | CosineSimilarityOrchestrator | 0      | train | 0
4 | test_orchestrator | CosineSimilarityOrchestrator | 0      | train | 0
5 | projection_heads  | ModuleList                   | 37.0 M | train | 0
-----------------------------------------------------------------------------------
37.0 M    Trainable params
0         Non-trainable params
37.0 M    Total params
148.120   Total estimated model params size (MB)
94        Modules in train mode
0         Modules in eval mode
0         Total Flops
2025-12-27 13:13:18 | INFO     | fedaugment.utils.logger:38 | {'module_kwargs': CLModuleConfig(model_type='projection_head', out_dim=1024, hidden_dims=[1024, 1536, 1536], activation='silu', normalization='batch', dropout=0.0), 'criterion': CriterionConfig(class_='MultiViewNTXentLoss', kwargs={'temperature': 0.1}), 'optim_configs': [OptimizerConfig(class_='AdamW', kwargs={'lr': 0.001, 'betas': (0.9, 0.999), 'eps': 1e-08, 'weight_decay': 0.01})], 'sched_configs': [LRSchedulerConfig(class_='LambdaLR', interval='epoch', frequency=1, monitor=None, kwargs={'lr_lambda': <function cos_annealing_with_warmup at 0x7f894be1d440>})], 'pipeline_names': ['distilroberta-dj_adpt', 'gte_base-dj_adpt', 'gtr_t5-dj_adpt', 'mini_l12-dj_adpt', 'mini_l6-dj_adpt', 'mpnet-dj_adpt'], 'embedding_dims': [768, 768, 768, 384, 384, 768], 'data_batch_size': 4096, 'metric_batch_size': 65536}
2025-12-27 13:13:35 | WARNING  | fedaugment.utils.misc:102 | PossibleUserWarning: The number of training batches (16) is smaller than the logging interval Trainer(log_every_n_steps=50). Set a lower value for log_every_n_steps if you want to see logs for the training epoch. (/home/lennart-ldap/projects/fedaugment/.venv/lib/python3.13/site-packages/lightning/pytorch/loops/fit_loop.py:317)
2025-12-27 13:13:39 | INFO     | fedaugment.utils.logger:44 | Epoch 0: train_loss: 10.19324
2025-12-27 13:13:41 | INFO     | fedaugment.utils.logger:44 | Epoch 1: train_loss: 8.58843
2025-12-27 13:13:43 | INFO     | fedaugment.utils.logger:44 | Epoch 2: train_loss: 5.90447
2025-12-27 13:13:46 | INFO     | fedaugment.utils.logger:44 | Epoch 3: train_loss: 4.76384
2025-12-27 13:13:48 | INFO     | fedaugment.utils.logger:44 | Epoch 4: train_loss: 4.26429
2025-12-27 13:13:50 | INFO     | fedaugment.utils.logger:44 | Epoch 5: train_loss: 3.95678
2025-12-27 13:13:52 | INFO     | fedaugment.utils.logger:44 | Epoch 6: train_loss: 3.73788
2025-12-27 13:13:55 | INFO     | fedaugment.utils.logger:44 | Epoch 7: train_loss: 3.56682
2025-12-27 13:13:57 | INFO     | fedaugment.utils.logger:44 | Epoch 8: train_loss: 3.42641
2025-12-27 13:13:59 | INFO     | fedaugment.utils.logger:44 | Epoch 9: train_loss: 3.31059
2025-12-27 13:14:02 | INFO     | fedaugment.utils.logger:44 | Epoch 10: train_loss: 3.21244
2025-12-27 13:14:04 | INFO     | fedaugment.utils.logger:44 | Epoch 11: train_loss: 3.12444
2025-12-27 13:14:06 | INFO     | fedaugment.utils.logger:44 | Epoch 12: train_loss: 3.04758
2025-12-27 13:14:09 | INFO     | fedaugment.utils.logger:44 | Epoch 13: train_loss: 2.98180
2025-12-27 13:14:11 | INFO     | fedaugment.utils.logger:44 | Epoch 14: train_loss: 2.92600
2025-12-27 13:14:13 | INFO     | fedaugment.utils.logger:44 | Epoch 15: train_loss: 2.87512
2025-12-27 13:14:16 | INFO     | fedaugment.utils.logger:44 | Epoch 16: train_loss: 2.82938
2025-12-27 13:14:19 | INFO     | fedaugment.utils.logger:44 | Epoch 17: train_loss: 2.78578
2025-12-27 13:14:21 | INFO     | fedaugment.utils.logger:44 | Epoch 18: train_loss: 2.74593
2025-12-27 13:14:23 | INFO     | fedaugment.utils.logger:44 | Epoch 19: train_loss: 2.71076
2025-12-27 13:14:26 | INFO     | fedaugment.utils.logger:44 | Epoch 20: train_loss: 2.67746
2025-12-27 13:14:29 | INFO     | fedaugment.utils.logger:44 | Epoch 21: train_loss: 2.64639
2025-12-27 13:14:31 | INFO     | fedaugment.utils.logger:44 | Epoch 22: train_loss: 2.61737
2025-12-27 13:14:33 | INFO     | fedaugment.utils.logger:44 | Epoch 23: train_loss: 2.58972
2025-12-27 13:14:36 | INFO     | fedaugment.utils.logger:44 | Epoch 24: train_loss: 2.56438
2025-12-27 13:14:38 | INFO     | fedaugment.utils.logger:44 | Epoch 25: train_loss: 2.54191
2025-12-27 13:14:41 | INFO     | fedaugment.utils.logger:44 | Epoch 26: train_loss: 2.51885
2025-12-27 13:14:43 | INFO     | fedaugment.utils.logger:44 | Epoch 27: train_loss: 2.49836
2025-12-27 13:14:46 | INFO     | fedaugment.utils.logger:44 | Epoch 28: train_loss: 2.47835
2025-12-27 13:14:48 | INFO     | fedaugment.utils.logger:44 | Epoch 29: train_loss: 2.45975
2025-12-27 13:14:50 | INFO     | fedaugment.utils.logger:44 | Epoch 30: train_loss: 2.44288
2025-12-27 13:14:53 | INFO     | fedaugment.utils.logger:44 | Epoch 31: train_loss: 2.42510
2025-12-27 13:14:55 | INFO     | fedaugment.utils.logger:44 | Epoch 32: train_loss: 2.40981
2025-12-27 13:14:58 | INFO     | fedaugment.utils.logger:44 | Epoch 33: train_loss: 2.39647
2025-12-27 13:15:01 | INFO     | fedaugment.utils.logger:44 | Epoch 34: train_loss: 2.38272
2025-12-27 13:15:03 | INFO     | fedaugment.utils.logger:44 | Epoch 35: train_loss: 2.36984
2025-12-27 13:15:06 | INFO     | fedaugment.utils.logger:44 | Epoch 36: train_loss: 2.35603
2025-12-27 13:15:08 | INFO     | fedaugment.utils.logger:44 | Epoch 37: train_loss: 2.34344
2025-12-27 13:15:11 | INFO     | fedaugment.utils.logger:44 | Epoch 38: train_loss: 2.33292
2025-12-27 13:15:13 | INFO     | fedaugment.utils.logger:44 | Epoch 39: train_loss: 2.32279
2025-12-27 13:15:16 | INFO     | fedaugment.utils.logger:44 | Epoch 40: train_loss: 2.31218
2025-12-27 13:15:18 | INFO     | fedaugment.utils.logger:44 | Epoch 41: train_loss: 2.30296
2025-12-27 13:15:21 | INFO     | fedaugment.utils.logger:44 | Epoch 42: train_loss: 2.29481
2025-12-27 13:15:23 | INFO     | fedaugment.utils.logger:44 | Epoch 43: train_loss: 2.28474
2025-12-27 13:15:26 | INFO     | fedaugment.utils.logger:44 | Epoch 44: train_loss: 2.27627
2025-12-27 13:15:28 | INFO     | fedaugment.utils.logger:44 | Epoch 45: train_loss: 2.26839
2025-12-27 13:15:31 | INFO     | fedaugment.utils.logger:44 | Epoch 46: train_loss: 2.26042
2025-12-27 13:15:33 | INFO     | fedaugment.utils.logger:44 | Epoch 47: train_loss: 2.25308
2025-12-27 13:15:36 | INFO     | fedaugment.utils.logger:44 | Epoch 48: train_loss: 2.24591
2025-12-27 13:15:39 | INFO     | fedaugment.utils.logger:44 | Epoch 49: train_loss: 2.23846
2025-12-27 13:15:41 | INFO     | fedaugment.utils.logger:44 | Epoch 50: train_loss: 2.23244
2025-12-27 13:15:44 | INFO     | fedaugment.utils.logger:44 | Epoch 51: train_loss: 2.22597
2025-12-27 13:15:46 | INFO     | fedaugment.utils.logger:44 | Epoch 52: train_loss: 2.22002
2025-12-27 13:15:49 | INFO     | fedaugment.utils.logger:44 | Epoch 53: train_loss: 2.21448
2025-12-27 13:15:51 | INFO     | fedaugment.utils.logger:44 | Epoch 54: train_loss: 2.20801
2025-12-27 13:15:54 | INFO     | fedaugment.utils.logger:44 | Epoch 55: train_loss: 2.20251
2025-12-27 13:15:57 | INFO     | fedaugment.utils.logger:44 | Epoch 56: train_loss: 2.19728
2025-12-27 13:15:59 | INFO     | fedaugment.utils.logger:44 | Epoch 57: train_loss: 2.19172
2025-12-27 13:16:01 | INFO     | fedaugment.utils.logger:44 | Epoch 58: train_loss: 2.18705
2025-12-27 13:16:04 | INFO     | fedaugment.utils.logger:44 | Epoch 59: train_loss: 2.18210
2025-12-27 13:16:06 | INFO     | fedaugment.utils.logger:44 | Epoch 60: train_loss: 2.17733
2025-12-27 13:16:09 | INFO     | fedaugment.utils.logger:44 | Epoch 61: train_loss: 2.17271
2025-12-27 13:16:11 | INFO     | fedaugment.utils.logger:44 | Epoch 62: train_loss: 2.16752
2025-12-27 13:16:14 | INFO     | fedaugment.utils.logger:44 | Epoch 63: train_loss: 2.16301
2025-12-27 13:16:16 | INFO     | fedaugment.utils.logger:44 | Epoch 64: train_loss: 2.15964
2025-12-27 13:16:18 | INFO     | fedaugment.utils.logger:44 | Epoch 65: train_loss: 2.15480
2025-12-27 13:16:21 | INFO     | fedaugment.utils.logger:44 | Epoch 66: train_loss: 2.15162
2025-12-27 13:16:23 | INFO     | fedaugment.utils.logger:44 | Epoch 67: train_loss: 2.14905
2025-12-27 13:16:25 | INFO     | fedaugment.utils.logger:44 | Epoch 68: train_loss: 2.14502
2025-12-27 13:16:28 | INFO     | fedaugment.utils.logger:44 | Epoch 69: train_loss: 2.14090
2025-12-27 13:16:30 | INFO     | fedaugment.utils.logger:44 | Epoch 70: train_loss: 2.13804
2025-12-27 13:16:32 | INFO     | fedaugment.utils.logger:44 | Epoch 71: train_loss: 2.13472
2025-12-27 13:16:34 | INFO     | fedaugment.utils.logger:44 | Epoch 72: train_loss: 2.13039
2025-12-27 13:16:37 | INFO     | fedaugment.utils.logger:44 | Epoch 73: train_loss: 2.12805
2025-12-27 13:16:39 | INFO     | fedaugment.utils.logger:44 | Epoch 74: train_loss: 2.12413
2025-12-27 13:16:41 | INFO     | fedaugment.utils.logger:44 | Epoch 75: train_loss: 2.12166
2025-12-27 13:16:44 | INFO     | fedaugment.utils.logger:44 | Epoch 76: train_loss: 2.11964
2025-12-27 13:16:46 | INFO     | fedaugment.utils.logger:44 | Epoch 77: train_loss: 2.11576
2025-12-27 13:16:49 | INFO     | fedaugment.utils.logger:44 | Epoch 78: train_loss: 2.11338
2025-12-27 13:16:51 | INFO     | fedaugment.utils.logger:44 | Epoch 79: train_loss: 2.11056
2025-12-27 13:16:54 | INFO     | fedaugment.utils.logger:44 | Epoch 80: train_loss: 2.10814
2025-12-27 13:16:56 | INFO     | fedaugment.utils.logger:44 | Epoch 81: train_loss: 2.10603
2025-12-27 13:16:58 | INFO     | fedaugment.utils.logger:44 | Epoch 82: train_loss: 2.10420
2025-12-27 13:17:00 | INFO     | fedaugment.utils.logger:44 | Epoch 83: train_loss: 2.10193
2025-12-27 13:17:02 | INFO     | fedaugment.utils.logger:44 | Epoch 84: train_loss: 2.09877
2025-12-27 13:17:05 | INFO     | fedaugment.utils.logger:44 | Epoch 85: train_loss: 2.09646
2025-12-27 13:17:07 | INFO     | fedaugment.utils.logger:44 | Epoch 86: train_loss: 2.09445
2025-12-27 13:17:09 | INFO     | fedaugment.utils.logger:44 | Epoch 87: train_loss: 2.09195
2025-12-27 13:17:12 | INFO     | fedaugment.utils.logger:44 | Epoch 88: train_loss: 2.09002
2025-12-27 13:17:14 | INFO     | fedaugment.utils.logger:44 | Epoch 89: train_loss: 2.08806
2025-12-27 13:17:16 | INFO     | fedaugment.utils.logger:44 | Epoch 90: train_loss: 2.08604
2025-12-27 13:17:19 | INFO     | fedaugment.utils.logger:44 | Epoch 91: train_loss: 2.08441
2025-12-27 13:17:21 | INFO     | fedaugment.utils.logger:44 | Epoch 92: train_loss: 2.08294
2025-12-27 13:17:23 | INFO     | fedaugment.utils.logger:44 | Epoch 93: train_loss: 2.08077
2025-12-27 13:17:25 | INFO     | fedaugment.utils.logger:44 | Epoch 94: train_loss: 2.07898
2025-12-27 13:17:27 | INFO     | fedaugment.utils.logger:44 | Epoch 95: train_loss: 2.07758
2025-12-27 13:17:30 | INFO     | fedaugment.utils.logger:44 | Epoch 96: train_loss: 2.07578
2025-12-27 13:17:32 | INFO     | fedaugment.utils.logger:44 | Epoch 97: train_loss: 2.07337
2025-12-27 13:17:34 | INFO     | fedaugment.utils.logger:44 | Epoch 98: train_loss: 2.07116
2025-12-27 13:17:36 | INFO     | fedaugment.utils.logger:44 | Epoch 99: train_loss: 2.06984
2025-12-27 13:17:39 | INFO     | fedaugment.utils.logger:44 | Epoch 100: train_loss: 2.06787
2025-12-27 13:17:41 | INFO     | fedaugment.utils.logger:44 | Epoch 101: train_loss: 2.06650
2025-12-27 13:17:43 | INFO     | fedaugment.utils.logger:44 | Epoch 102: train_loss: 2.06513
2025-12-27 13:17:46 | INFO     | fedaugment.utils.logger:44 | Epoch 103: train_loss: 2.06397
2025-12-27 13:17:48 | INFO     | fedaugment.utils.logger:44 | Epoch 104: train_loss: 2.06208
2025-12-27 13:17:50 | INFO     | fedaugment.utils.logger:44 | Epoch 105: train_loss: 2.06005
2025-12-27 13:17:52 | INFO     | fedaugment.utils.logger:44 | Epoch 106: train_loss: 2.05876
2025-12-27 13:17:54 | INFO     | fedaugment.utils.logger:44 | Epoch 107: train_loss: 2.05735
2025-12-27 13:17:57 | INFO     | fedaugment.utils.logger:44 | Epoch 108: train_loss: 2.05607
2025-12-27 13:17:59 | INFO     | fedaugment.utils.logger:44 | Epoch 109: train_loss: 2.05463
2025-12-27 13:18:01 | INFO     | fedaugment.utils.logger:44 | Epoch 110: train_loss: 2.05291
2025-12-27 13:18:04 | INFO     | fedaugment.utils.logger:44 | Epoch 111: train_loss: 2.05178
2025-12-27 13:18:06 | INFO     | fedaugment.utils.logger:44 | Epoch 112: train_loss: 2.05029
2025-12-27 13:18:08 | INFO     | fedaugment.utils.logger:44 | Epoch 113: train_loss: 2.04904
2025-12-27 13:18:10 | INFO     | fedaugment.utils.logger:44 | Epoch 114: train_loss: 2.04811
2025-12-27 13:18:12 | INFO     | fedaugment.utils.logger:44 | Epoch 115: train_loss: 2.04700
2025-12-27 13:18:15 | INFO     | fedaugment.utils.logger:44 | Epoch 116: train_loss: 2.04560
2025-12-27 13:18:17 | INFO     | fedaugment.utils.logger:44 | Epoch 117: train_loss: 2.04376
2025-12-27 13:18:19 | INFO     | fedaugment.utils.logger:44 | Epoch 118: train_loss: 2.04290
2025-12-27 13:18:21 | INFO     | fedaugment.utils.logger:44 | Epoch 119: train_loss: 2.04179
2025-12-27 13:18:23 | INFO     | fedaugment.utils.logger:44 | Epoch 120: train_loss: 2.04076
2025-12-27 13:18:25 | INFO     | fedaugment.utils.logger:44 | Epoch 121: train_loss: 2.03918
2025-12-27 13:18:28 | INFO     | fedaugment.utils.logger:44 | Epoch 122: train_loss: 2.03840
2025-12-27 13:18:30 | INFO     | fedaugment.utils.logger:44 | Epoch 123: train_loss: 2.03758
2025-12-27 13:18:32 | INFO     | fedaugment.utils.logger:44 | Epoch 124: train_loss: 2.03583
2025-12-27 13:18:35 | INFO     | fedaugment.utils.logger:44 | Epoch 125: train_loss: 2.03503
2025-12-27 13:18:37 | INFO     | fedaugment.utils.logger:44 | Epoch 126: train_loss: 2.03380
2025-12-27 13:18:39 | INFO     | fedaugment.utils.logger:44 | Epoch 127: train_loss: 2.03284
2025-12-27 13:18:41 | INFO     | fedaugment.utils.logger:44 | Epoch 128: train_loss: 2.03218
2025-12-27 13:18:44 | INFO     | fedaugment.utils.logger:44 | Epoch 129: train_loss: 2.03099
2025-12-27 13:18:46 | INFO     | fedaugment.utils.logger:44 | Epoch 130: train_loss: 2.03016
2025-12-27 13:18:48 | INFO     | fedaugment.utils.logger:44 | Epoch 131: train_loss: 2.02944
2025-12-27 13:18:51 | INFO     | fedaugment.utils.logger:44 | Epoch 132: train_loss: 2.02876
2025-12-27 13:18:53 | INFO     | fedaugment.utils.logger:44 | Epoch 133: train_loss: 2.02770
2025-12-27 13:18:55 | INFO     | fedaugment.utils.logger:44 | Epoch 134: train_loss: 2.02716
2025-12-27 13:18:57 | INFO     | fedaugment.utils.logger:44 | Epoch 135: train_loss: 2.02634
2025-12-27 13:19:00 | INFO     | fedaugment.utils.logger:44 | Epoch 136: train_loss: 2.02563
2025-12-27 13:19:02 | INFO     | fedaugment.utils.logger:44 | Epoch 137: train_loss: 2.02464
2025-12-27 13:19:04 | INFO     | fedaugment.utils.logger:44 | Epoch 138: train_loss: 2.02389
2025-12-27 13:19:07 | INFO     | fedaugment.utils.logger:44 | Epoch 139: train_loss: 2.02312
2025-12-27 13:19:09 | INFO     | fedaugment.utils.logger:44 | Epoch 140: train_loss: 2.02246
2025-12-27 13:19:11 | INFO     | fedaugment.utils.logger:44 | Epoch 141: train_loss: 2.02207
2025-12-27 13:19:13 | INFO     | fedaugment.utils.logger:44 | Epoch 142: train_loss: 2.02113
2025-12-27 13:19:15 | INFO     | fedaugment.utils.logger:44 | Epoch 143: train_loss: 2.02090
2025-12-27 13:19:18 | INFO     | fedaugment.utils.logger:44 | Epoch 144: train_loss: 2.02026
2025-12-27 13:19:20 | INFO     | fedaugment.utils.logger:44 | Epoch 145: train_loss: 2.01981
2025-12-27 13:19:22 | INFO     | fedaugment.utils.logger:44 | Epoch 146: train_loss: 2.01908
2025-12-27 13:19:25 | INFO     | fedaugment.utils.logger:44 | Epoch 147: train_loss: 2.01847
2025-12-27 13:19:27 | INFO     | fedaugment.utils.logger:44 | Epoch 148: train_loss: 2.01812
2025-12-27 13:19:29 | INFO     | fedaugment.utils.logger:44 | Epoch 149: train_loss: 2.01783
2025-12-27 13:19:31 | INFO     | fedaugment.utils.logger:44 | Epoch 150: train_loss: 2.01713
2025-12-27 13:19:34 | INFO     | fedaugment.utils.logger:44 | Epoch 151: train_loss: 2.01642
2025-12-27 13:19:36 | INFO     | fedaugment.utils.logger:44 | Epoch 152: train_loss: 2.01639
2025-12-27 13:19:38 | INFO     | fedaugment.utils.logger:44 | Epoch 153: train_loss: 2.01574
2025-12-27 13:19:40 | INFO     | fedaugment.utils.logger:44 | Epoch 154: train_loss: 2.01574
2025-12-27 13:19:43 | INFO     | fedaugment.utils.logger:44 | Epoch 155: train_loss: 2.01497
2025-12-27 13:19:45 | INFO     | fedaugment.utils.logger:44 | Epoch 156: train_loss: 2.01443
2025-12-27 13:19:47 | INFO     | fedaugment.utils.logger:44 | Epoch 157: train_loss: 2.01414
2025-12-27 13:19:50 | INFO     | fedaugment.utils.logger:44 | Epoch 158: train_loss: 2.01365
2025-12-27 13:19:52 | INFO     | fedaugment.utils.logger:44 | Epoch 159: train_loss: 2.01296
2025-12-27 13:19:54 | INFO     | fedaugment.utils.logger:44 | Epoch 160: train_loss: 2.01281
2025-12-27 13:19:56 | INFO     | fedaugment.utils.logger:44 | Epoch 161: train_loss: 2.01222
2025-12-27 13:19:59 | INFO     | fedaugment.utils.logger:44 | Epoch 162: train_loss: 2.01194
2025-12-27 13:20:01 | INFO     | fedaugment.utils.logger:44 | Epoch 163: train_loss: 2.01147
2025-12-27 13:20:03 | INFO     | fedaugment.utils.logger:44 | Epoch 164: train_loss: 2.01130
2025-12-27 13:20:06 | INFO     | fedaugment.utils.logger:44 | Epoch 165: train_loss: 2.01073
2025-12-27 13:20:08 | INFO     | fedaugment.utils.logger:44 | Epoch 166: train_loss: 2.01044
2025-12-27 13:20:10 | INFO     | fedaugment.utils.logger:44 | Epoch 167: train_loss: 2.00990
2025-12-27 13:20:12 | INFO     | fedaugment.utils.logger:44 | Epoch 168: train_loss: 2.00974
2025-12-27 13:20:15 | INFO     | fedaugment.utils.logger:44 | Epoch 169: train_loss: 2.00950
2025-12-27 13:20:17 | INFO     | fedaugment.utils.logger:44 | Epoch 170: train_loss: 2.00898
2025-12-27 13:20:19 | INFO     | fedaugment.utils.logger:44 | Epoch 171: train_loss: 2.00882
2025-12-27 13:20:21 | INFO     | fedaugment.utils.logger:44 | Epoch 172: train_loss: 2.00827
2025-12-27 13:20:24 | INFO     | fedaugment.utils.logger:44 | Epoch 173: train_loss: 2.00803
2025-12-27 13:20:26 | INFO     | fedaugment.utils.logger:44 | Epoch 174: train_loss: 2.00751
2025-12-27 13:20:28 | INFO     | fedaugment.utils.logger:44 | Epoch 175: train_loss: 2.00700
2025-12-27 13:20:31 | INFO     | fedaugment.utils.logger:44 | Epoch 176: train_loss: 2.00700
2025-12-27 13:20:33 | INFO     | fedaugment.utils.logger:44 | Epoch 177: train_loss: 2.00678
2025-12-27 13:20:35 | INFO     | fedaugment.utils.logger:44 | Epoch 178: train_loss: 2.00629
2025-12-27 13:20:37 | INFO     | fedaugment.utils.logger:44 | Epoch 179: train_loss: 2.00588
2025-12-27 13:20:40 | INFO     | fedaugment.utils.logger:44 | Epoch 180: train_loss: 2.00545
2025-12-27 13:20:42 | INFO     | fedaugment.utils.logger:44 | Epoch 181: train_loss: 2.00532
2025-12-27 13:20:44 | INFO     | fedaugment.utils.logger:44 | Epoch 182: train_loss: 2.00512
2025-12-27 13:20:46 | INFO     | fedaugment.utils.logger:44 | Epoch 183: train_loss: 2.00453
2025-12-27 13:20:48 | INFO     | fedaugment.utils.logger:44 | Epoch 184: train_loss: 2.00432
2025-12-27 13:20:51 | INFO     | fedaugment.utils.logger:44 | Epoch 185: train_loss: 2.00372
2025-12-27 13:20:53 | INFO     | fedaugment.utils.logger:44 | Epoch 186: train_loss: 2.00366
2025-12-27 13:20:55 | INFO     | fedaugment.utils.logger:44 | Epoch 187: train_loss: 2.00340
2025-12-27 13:20:58 | INFO     | fedaugment.utils.logger:44 | Epoch 188: train_loss: 2.00296
2025-12-27 13:21:00 | INFO     | fedaugment.utils.logger:44 | Epoch 189: train_loss: 2.00275
2025-12-27 13:21:02 | INFO     | fedaugment.utils.logger:44 | Epoch 190: train_loss: 2.00241
2025-12-27 13:21:05 | INFO     | fedaugment.utils.logger:44 | Epoch 191: train_loss: 2.00197
2025-12-27 13:21:07 | INFO     | fedaugment.utils.logger:44 | Epoch 192: train_loss: 2.00176
2025-12-27 13:21:09 | INFO     | fedaugment.utils.logger:44 | Epoch 193: train_loss: 2.00160
2025-12-27 13:21:11 | INFO     | fedaugment.utils.logger:44 | Epoch 194: train_loss: 2.00134
2025-12-27 13:21:14 | INFO     | fedaugment.utils.logger:44 | Epoch 195: train_loss: 2.00091
2025-12-27 13:21:16 | INFO     | fedaugment.utils.logger:44 | Epoch 196: train_loss: 2.00075
2025-12-27 13:21:18 | INFO     | fedaugment.utils.logger:44 | Epoch 197: train_loss: 2.00066
2025-12-27 13:21:20 | INFO     | fedaugment.utils.logger:44 | Epoch 198: train_loss: 2.00010
2025-12-27 13:21:23 | INFO     | fedaugment.utils.logger:44 | Epoch 199: train_loss: 1.99998
2025-12-27 13:21:25 | INFO     | fedaugment.utils.logger:44 | Epoch 200: train_loss: 1.99975
2025-12-27 13:21:27 | INFO     | fedaugment.utils.logger:44 | Epoch 201: train_loss: 1.99928
2025-12-27 13:21:30 | INFO     | fedaugment.utils.logger:44 | Epoch 202: train_loss: 1.99917
2025-12-27 13:21:32 | INFO     | fedaugment.utils.logger:44 | Epoch 203: train_loss: 1.99899
2025-12-27 13:21:34 | INFO     | fedaugment.utils.logger:44 | Epoch 204: train_loss: 1.99865
2025-12-27 13:21:36 | INFO     | fedaugment.utils.logger:44 | Epoch 205: train_loss: 1.99846
2025-12-27 13:21:39 | INFO     | fedaugment.utils.logger:44 | Epoch 206: train_loss: 1.99815
2025-12-27 13:21:41 | INFO     | fedaugment.utils.logger:44 | Epoch 207: train_loss: 1.99826
2025-12-27 13:21:43 | INFO     | fedaugment.utils.logger:44 | Epoch 208: train_loss: 1.99795
2025-12-27 13:21:46 | INFO     | fedaugment.utils.logger:44 | Epoch 209: train_loss: 1.99767
2025-12-27 13:21:48 | INFO     | fedaugment.utils.logger:44 | Epoch 210: train_loss: 1.99740
2025-12-27 13:21:50 | INFO     | fedaugment.utils.logger:44 | Epoch 211: train_loss: 1.99739
2025-12-27 13:21:52 | INFO     | fedaugment.utils.logger:44 | Epoch 212: train_loss: 1.99719
2025-12-27 13:21:55 | INFO     | fedaugment.utils.logger:44 | Epoch 213: train_loss: 1.99694
2025-12-27 13:21:57 | INFO     | fedaugment.utils.logger:44 | Epoch 214: train_loss: 1.99683
2025-12-27 13:21:59 | INFO     | fedaugment.utils.logger:44 | Epoch 215: train_loss: 1.99659
2025-12-27 13:22:02 | INFO     | fedaugment.utils.logger:44 | Epoch 216: train_loss: 1.99640
2025-12-27 13:22:04 | INFO     | fedaugment.utils.logger:44 | Epoch 217: train_loss: 1.99621
2025-12-27 13:22:06 | INFO     | fedaugment.utils.logger:44 | Epoch 218: train_loss: 1.99624
2025-12-27 13:22:08 | INFO     | fedaugment.utils.logger:44 | Epoch 219: train_loss: 1.99596
2025-12-27 13:22:11 | INFO     | fedaugment.utils.logger:44 | Epoch 220: train_loss: 1.99594
2025-12-27 13:22:13 | INFO     | fedaugment.utils.logger:44 | Epoch 221: train_loss: 1.99568
2025-12-27 13:22:15 | INFO     | fedaugment.utils.logger:44 | Epoch 222: train_loss: 1.99560
2025-12-27 13:22:17 | INFO     | fedaugment.utils.logger:44 | Epoch 223: train_loss: 1.99560
2025-12-27 13:22:19 | INFO     | fedaugment.utils.logger:44 | Epoch 224: train_loss: 1.99533
2025-12-27 13:22:22 | INFO     | fedaugment.utils.logger:44 | Epoch 225: train_loss: 1.99517
2025-12-27 13:22:24 | INFO     | fedaugment.utils.logger:44 | Epoch 226: train_loss: 1.99522
2025-12-27 13:22:26 | INFO     | fedaugment.utils.logger:44 | Epoch 227: train_loss: 1.99504
2025-12-27 13:22:28 | INFO     | fedaugment.utils.logger:44 | Epoch 228: train_loss: 1.99500
2025-12-27 13:22:31 | INFO     | fedaugment.utils.logger:44 | Epoch 229: train_loss: 1.99488
2025-12-27 13:22:33 | INFO     | fedaugment.utils.logger:44 | Epoch 230: train_loss: 1.99497
2025-12-27 13:22:35 | INFO     | fedaugment.utils.logger:44 | Epoch 231: train_loss: 1.99483
2025-12-27 13:22:37 | INFO     | fedaugment.utils.logger:44 | Epoch 232: train_loss: 1.99470
2025-12-27 13:22:40 | INFO     | fedaugment.utils.logger:44 | Epoch 233: train_loss: 1.99450
2025-12-27 13:22:42 | INFO     | fedaugment.utils.logger:44 | Epoch 234: train_loss: 1.99454
2025-12-27 13:22:44 | INFO     | fedaugment.utils.logger:44 | Epoch 235: train_loss: 1.99454
2025-12-27 13:22:47 | INFO     | fedaugment.utils.logger:44 | Epoch 236: train_loss: 1.99444
2025-12-27 13:22:49 | INFO     | fedaugment.utils.logger:44 | Epoch 237: train_loss: 1.99441
2025-12-27 13:22:51 | INFO     | fedaugment.utils.logger:44 | Epoch 238: train_loss: 1.99435
2025-12-27 13:22:53 | INFO     | fedaugment.utils.logger:44 | Epoch 239: train_loss: 1.99432
2025-12-27 13:22:55 | INFO     | fedaugment.utils.logger:44 | Epoch 240: train_loss: 1.99429
2025-12-27 13:22:58 | INFO     | fedaugment.utils.logger:44 | Epoch 241: train_loss: 1.99404
2025-12-27 13:23:00 | INFO     | fedaugment.utils.logger:44 | Epoch 242: train_loss: 1.99413
2025-12-27 13:23:02 | INFO     | fedaugment.utils.logger:44 | Epoch 243: train_loss: 1.99414
2025-12-27 13:23:04 | INFO     | fedaugment.utils.logger:44 | Epoch 244: train_loss: 1.99418
2025-12-27 13:23:07 | INFO     | fedaugment.utils.logger:44 | Epoch 245: train_loss: 1.99412
2025-12-27 13:23:09 | INFO     | fedaugment.utils.logger:44 | Epoch 246: train_loss: 1.99411
2025-12-27 13:23:11 | INFO     | fedaugment.utils.logger:44 | Epoch 247: train_loss: 1.99416
2025-12-27 13:23:14 | INFO     | fedaugment.utils.logger:44 | Epoch 248: train_loss: 1.99404
2025-12-27 13:23:16 | INFO     | fedaugment.utils.logger:44 | Epoch 249: train_loss: 1.99403
2025-12-27 13:23:16 | INFO     | lightning_utilities.core.rank_zero:60 | `Trainer.fit` stopped: `max_epochs=250` reached.
2025-12-27 13:23:24 | INFO     | fedaugment.projections.main:87 | Starting testing phase...
2025-12-27 13:23:24 | INFO     | lightning.pytorch.accelerators.cuda:61 | LOCAL_RANK: 0 - CUDA_VISIBLE_DEVICES: [0]
2025-12-27 13:23:24 | INFO     | fedaugment.utils.logger:38 | {'module_kwargs': CLModuleConfig(model_type='projection_head', out_dim=1024, hidden_dims=[1024, 1536, 1536], activation='silu', normalization='batch', dropout=0.0), 'criterion': CriterionConfig(class_='MultiViewNTXentLoss', kwargs={'temperature': 0.1}), 'optim_configs': [OptimizerConfig(class_='AdamW', kwargs={'lr': 0.001, 'betas': (0.9, 0.999), 'eps': 1e-08, 'weight_decay': 0.01})], 'sched_configs': [LRSchedulerConfig(class_='LambdaLR', interval='epoch', frequency=1, monitor=None, kwargs={'lr_lambda': <function cos_annealing_with_warmup at 0x7f894be1d440>})], 'pipeline_names': ['distilroberta-dj_adpt', 'gte_base-dj_adpt', 'gtr_t5-dj_adpt', 'mini_l12-dj_adpt', 'mini_l6-dj_adpt', 'mpnet-dj_adpt'], 'embedding_dims': [768, 768, 768, 384, 384, 768], 'data_batch_size': 4096, 'metric_batch_size': 65536}
2025-12-27 13:23:47 | DEBUG    | fedaugment.projections.metrics.base:115 | Computing CosineSimilarityOrchestrator metrics.
2025-12-27 13:23:47 | WARNING  | fedaugment.projections.metrics.base:117 | Number of projections (8891658) is not divisible by chunk size (65536). This may lead to suboptimal performance.
2025-12-27 15:33:21 | DEBUG    | fedaugment.projections.metrics.base:198 | Finalized CosineSimilarityOrchestrator metrics
2025-12-27 15:33:21 | INFO     | fedaugment.utils.logger:44 | Epoch 250: test_loss: 4.83963, test_cossim_mean: 0.08524, test_entity_stability_15: 0.04845, test_entity_stability_5: 0.04113, test_entity_stability_50: 0.07090, test_same_lbl_cossim_mean: 0.79827
2025-12-27 15:33:22 | INFO     | fedaugment.projections.main:92 | Best model checkpoint saved at /home/lennart-ldap/projects/fedaugment/logs/curation_train_webtable_fft_cos-mpnet-dj_adpt-k=63049/version_1/last.ckpt
2025-12-27 15:33:22 | INFO     | __main__:50 | Evaluating fft_euc-mpnet-dj_adpt-k=63049 on webtable 005
2025-12-27 15:33:22 | DEBUG    | fedaugment.projections.main:31 | Experiment configuration: {"experiment_name":"curation_train_webtable_fft_euc-mpnet-dj_adpt-k=63049","experiment_version":1,"seed":42,"data_module":{"class_":"DefaultDataModule","data":{"train":"data/embeddings/webtable-005/fft_euc-mpnet-dj_adpt-k=63049","val":null,"test":"data/embeddings/webtable-split/test"},"batch_size":4096,"num_workers":32,"pin_memory":true,"persistent_workers":true,"prefetch_factor":5,"verify_column_ids":true},"projection_model":{"class_":"ContrastiveLearningModel","module_kwargs":{"model_type":"projection_head","out_dim":1024,"hidden_dims":[1024,1536,1536],"activation":"silu","normalization":"batch","dropout":0.0},"criterion":{"class_":"MultiViewNTXentLoss","kwargs":{"temperature":0.1}},"optimizers":[{"class_":"AdamW","kwargs":{"lr":0.001,"betas":[0.9,0.999],"eps":1e-8,"weight_decay":0.01}}],"schedulers":[{"class_":"LambdaLR","interval":"epoch","frequency":1,"monitor":null,"kwargs":{"lr_lambda":"cos_annealing_with_warmup"}}],"metric_batch_size":65536},"trainer":{"max_epochs":250,"accelerator":"gpu","check_val_every_n_epoch":10,"devices":"auto","deterministic":false,"enable_checkpointing":true,"enable_model_summary":true,"enable_progress_bar":true,"log_every_n_steps":50,"max_time":null,"num_sanity_val_steps":2,"precision":"bf16-mixed","profiler":null},"compile_model":true}
2025-12-27 15:33:22 | INFO     | lightning.fabric.utilities.seed:57 | Seed set to 42
2025-12-27 15:33:24 | INFO     | fedaugment.projections.main:42 | Compiling projection model...
2025-12-27 15:33:24 | INFO     | fedaugment.projections.main:44 | Projection model compiled
2025-12-27 15:33:24 | INFO     | fedaugment.projections.main:46 | Initializing trainer...
2025-12-27 15:33:24 | INFO     | lightning_utilities.core.rank_zero:60 | Using bfloat16 Automatic Mixed Precision (AMP)
2025-12-27 15:33:24 | INFO     | lightning_utilities.core.rank_zero:60 | GPU available: True (cuda), used: True
2025-12-27 15:33:24 | INFO     | lightning_utilities.core.rank_zero:60 | TPU available: False, using: 0 TPU cores
2025-12-27 15:33:24 | INFO     | fedaugment.projections.main:76 | Trainer initialized
2025-12-27 15:33:24 | INFO     | fedaugment.projections.main:83 | Starting training phase...
2025-12-27 15:33:24 | INFO     | lightning.pytorch.accelerators.cuda:61 | LOCAL_RANK: 0 - CUDA_VISIBLE_DEVICES: [0]
2025-12-27 15:33:24 | WARNING  | fedaugment.utils.misc:102 | UserWarning: Precision bf16-mixed is not supported by the model summary.  Estimated model size in MB will not be accurate. Using 32 bits instead. (/home/lennart-ldap/projects/fedaugment/.venv/lib/python3.13/site-packages/lightning/pytorch/utilities/model_summary/model_summary.py:242)
2025-12-27 15:33:24 | INFO     | lightning.pytorch.callbacks.model_summary:110 |
  | Name              | Type                         | Params | Mode  | FLOPs
-----------------------------------------------------------------------------------
0 | criterion         | MultiViewNTXentLoss          | 0      | train | 0
1 | val_metrics       | MetricCollection             | 0      | train | 0
2 | test_metrics      | MetricCollection             | 0      | train | 0
3 | val_orchestrator  | CosineSimilarityOrchestrator | 0      | train | 0
4 | test_orchestrator | CosineSimilarityOrchestrator | 0      | train | 0
5 | projection_heads  | ModuleList                   | 37.0 M | train | 0
-----------------------------------------------------------------------------------
37.0 M    Trainable params
0         Non-trainable params
37.0 M    Total params
148.120   Total estimated model params size (MB)
94        Modules in train mode
0         Modules in eval mode
0         Total Flops
2025-12-27 15:33:24 | INFO     | fedaugment.utils.logger:38 | {'module_kwargs': CLModuleConfig(model_type='projection_head', out_dim=1024, hidden_dims=[1024, 1536, 1536], activation='silu', normalization='batch', dropout=0.0), 'criterion': CriterionConfig(class_='MultiViewNTXentLoss', kwargs={'temperature': 0.1}), 'optim_configs': [OptimizerConfig(class_='AdamW', kwargs={'lr': 0.001, 'betas': (0.9, 0.999), 'eps': 1e-08, 'weight_decay': 0.01})], 'sched_configs': [LRSchedulerConfig(class_='LambdaLR', interval='epoch', frequency=1, monitor=None, kwargs={'lr_lambda': <function cos_annealing_with_warmup at 0x7f894be1d440>})], 'pipeline_names': ['distilroberta-dj_adpt', 'gte_base-dj_adpt', 'gtr_t5-dj_adpt', 'mini_l12-dj_adpt', 'mini_l6-dj_adpt', 'mpnet-dj_adpt'], 'embedding_dims': [768, 768, 768, 384, 384, 768], 'data_batch_size': 4096, 'metric_batch_size': 65536}
2025-12-27 15:33:24 | WARNING  | fedaugment.utils.misc:102 | PossibleUserWarning: The number of training batches (16) is smaller than the logging interval Trainer(log_every_n_steps=50). Set a lower value for log_every_n_steps if you want to see logs for the training epoch. (/home/lennart-ldap/projects/fedaugment/.venv/lib/python3.13/site-packages/lightning/pytorch/loops/fit_loop.py:317)
2025-12-27 15:33:26 | INFO     | fedaugment.utils.logger:44 | Epoch 0: train_loss: 10.19306
2025-12-27 15:33:28 | INFO     | fedaugment.utils.logger:44 | Epoch 1: train_loss: 8.58612
2025-12-27 15:33:31 | INFO     | fedaugment.utils.logger:44 | Epoch 2: train_loss: 5.90035
2025-12-27 15:33:34 | INFO     | fedaugment.utils.logger:44 | Epoch 3: train_loss: 4.76208
2025-12-27 15:33:36 | INFO     | fedaugment.utils.logger:44 | Epoch 4: train_loss: 4.26409
2025-12-27 15:33:39 | INFO     | fedaugment.utils.logger:44 | Epoch 5: train_loss: 3.95825
2025-12-27 15:33:42 | INFO     | fedaugment.utils.logger:44 | Epoch 6: train_loss: 3.73967
2025-12-27 15:33:44 | INFO     | fedaugment.utils.logger:44 | Epoch 7: train_loss: 3.56643
2025-12-27 15:33:47 | INFO     | fedaugment.utils.logger:44 | Epoch 8: train_loss: 3.42584
2025-12-27 15:33:50 | INFO     | fedaugment.utils.logger:44 | Epoch 9: train_loss: 3.30910
2025-12-27 15:33:52 | INFO     | fedaugment.utils.logger:44 | Epoch 10: train_loss: 3.21337
2025-12-27 15:33:55 | INFO     | fedaugment.utils.logger:44 | Epoch 11: train_loss: 3.12298
2025-12-27 15:33:57 | INFO     | fedaugment.utils.logger:44 | Epoch 12: train_loss: 3.04838
2025-12-27 15:34:00 | INFO     | fedaugment.utils.logger:44 | Epoch 13: train_loss: 2.98245
2025-12-27 15:34:03 | INFO     | fedaugment.utils.logger:44 | Epoch 14: train_loss: 2.92461
2025-12-27 15:34:05 | INFO     | fedaugment.utils.logger:44 | Epoch 15: train_loss: 2.87351
2025-12-27 15:34:08 | INFO     | fedaugment.utils.logger:44 | Epoch 16: train_loss: 2.82708
2025-12-27 15:34:11 | INFO     | fedaugment.utils.logger:44 | Epoch 17: train_loss: 2.78668
2025-12-27 15:34:13 | INFO     | fedaugment.utils.logger:44 | Epoch 18: train_loss: 2.74621
2025-12-27 15:34:16 | INFO     | fedaugment.utils.logger:44 | Epoch 19: train_loss: 2.70993
2025-12-27 15:34:18 | INFO     | fedaugment.utils.logger:44 | Epoch 20: train_loss: 2.67675
2025-12-27 15:34:21 | INFO     | fedaugment.utils.logger:44 | Epoch 21: train_loss: 2.64602
2025-12-27 15:34:23 | INFO     | fedaugment.utils.logger:44 | Epoch 22: train_loss: 2.61773
2025-12-27 15:34:26 | INFO     | fedaugment.utils.logger:44 | Epoch 23: train_loss: 2.59026
2025-12-27 15:34:29 | INFO     | fedaugment.utils.logger:44 | Epoch 24: train_loss: 2.56437
2025-12-27 15:34:31 | INFO     | fedaugment.utils.logger:44 | Epoch 25: train_loss: 2.54064
2025-12-27 15:34:34 | INFO     | fedaugment.utils.logger:44 | Epoch 26: train_loss: 2.51760
2025-12-27 15:34:37 | INFO     | fedaugment.utils.logger:44 | Epoch 27: train_loss: 2.49697
2025-12-27 15:34:39 | INFO     | fedaugment.utils.logger:44 | Epoch 28: train_loss: 2.47646
2025-12-27 15:34:41 | INFO     | fedaugment.utils.logger:44 | Epoch 29: train_loss: 2.45998
2025-12-27 15:34:44 | INFO     | fedaugment.utils.logger:44 | Epoch 30: train_loss: 2.44241
2025-12-27 15:34:47 | INFO     | fedaugment.utils.logger:44 | Epoch 31: train_loss: 2.42547
2025-12-27 15:34:49 | INFO     | fedaugment.utils.logger:44 | Epoch 32: train_loss: 2.40993
2025-12-27 15:34:51 | INFO     | fedaugment.utils.logger:44 | Epoch 33: train_loss: 2.39457
2025-12-27 15:34:54 | INFO     | fedaugment.utils.logger:44 | Epoch 34: train_loss: 2.38189
2025-12-27 15:34:57 | INFO     | fedaugment.utils.logger:44 | Epoch 35: train_loss: 2.36829
2025-12-27 15:34:59 | INFO     | fedaugment.utils.logger:44 | Epoch 36: train_loss: 2.35724
2025-12-27 15:35:01 | INFO     | fedaugment.utils.logger:44 | Epoch 37: train_loss: 2.34539
2025-12-27 15:35:04 | INFO     | fedaugment.utils.logger:44 | Epoch 38: train_loss: 2.33253
2025-12-27 15:35:07 | INFO     | fedaugment.utils.logger:44 | Epoch 39: train_loss: 2.32228
2025-12-27 15:35:09 | INFO     | fedaugment.utils.logger:44 | Epoch 40: train_loss: 2.31258
2025-12-27 15:35:12 | INFO     | fedaugment.utils.logger:44 | Epoch 41: train_loss: 2.30292
2025-12-27 15:35:14 | INFO     | fedaugment.utils.logger:44 | Epoch 42: train_loss: 2.29362
2025-12-27 15:35:17 | INFO     | fedaugment.utils.logger:44 | Epoch 43: train_loss: 2.28547
2025-12-27 15:35:19 | INFO     | fedaugment.utils.logger:44 | Epoch 44: train_loss: 2.27510
2025-12-27 15:35:22 | INFO     | fedaugment.utils.logger:44 | Epoch 45: train_loss: 2.26664
2025-12-27 15:35:24 | INFO     | fedaugment.utils.logger:44 | Epoch 46: train_loss: 2.26031
2025-12-27 15:35:27 | INFO     | fedaugment.utils.logger:44 | Epoch 47: train_loss: 2.25260
2025-12-27 15:35:30 | INFO     | fedaugment.utils.logger:44 | Epoch 48: train_loss: 2.24597
2025-12-27 15:35:32 | INFO     | fedaugment.utils.logger:44 | Epoch 49: train_loss: 2.23953
2025-12-27 15:35:34 | INFO     | fedaugment.utils.logger:44 | Epoch 50: train_loss: 2.23289
2025-12-27 15:35:36 | INFO     | fedaugment.utils.logger:44 | Epoch 51: train_loss: 2.22564
2025-12-27 15:35:39 | INFO     | fedaugment.utils.logger:44 | Epoch 52: train_loss: 2.21896
2025-12-27 15:35:41 | INFO     | fedaugment.utils.logger:44 | Epoch 53: train_loss: 2.21401
2025-12-27 15:35:44 | INFO     | fedaugment.utils.logger:44 | Epoch 54: train_loss: 2.20806
2025-12-27 15:35:46 | INFO     | fedaugment.utils.logger:44 | Epoch 55: train_loss: 2.20285
2025-12-27 15:35:49 | INFO     | fedaugment.utils.logger:44 | Epoch 56: train_loss: 2.19696
2025-12-27 15:35:51 | INFO     | fedaugment.utils.logger:44 | Epoch 57: train_loss: 2.19146
2025-12-27 15:35:53 | INFO     | fedaugment.utils.logger:44 | Epoch 58: train_loss: 2.18531
2025-12-27 15:35:56 | INFO     | fedaugment.utils.logger:44 | Epoch 59: train_loss: 2.18142
2025-12-27 15:35:58 | INFO     | fedaugment.utils.logger:44 | Epoch 60: train_loss: 2.17805
2025-12-27 15:36:00 | INFO     | fedaugment.utils.logger:44 | Epoch 61: train_loss: 2.17289
2025-12-27 15:36:03 | INFO     | fedaugment.utils.logger:44 | Epoch 62: train_loss: 2.16829
2025-12-27 15:36:05 | INFO     | fedaugment.utils.logger:44 | Epoch 63: train_loss: 2.16368
2025-12-27 15:36:07 | INFO     | fedaugment.utils.logger:44 | Epoch 64: train_loss: 2.15922
2025-12-27 15:36:09 | INFO     | fedaugment.utils.logger:44 | Epoch 65: train_loss: 2.15565
2025-12-27 15:36:12 | INFO     | fedaugment.utils.logger:44 | Epoch 66: train_loss: 2.15199
2025-12-27 15:36:14 | INFO     | fedaugment.utils.logger:44 | Epoch 67: train_loss: 2.14809
2025-12-27 15:36:17 | INFO     | fedaugment.utils.logger:44 | Epoch 68: train_loss: 2.14436
2025-12-27 15:36:20 | INFO     | fedaugment.utils.logger:44 | Epoch 69: train_loss: 2.14015
2025-12-27 15:36:22 | INFO     | fedaugment.utils.logger:44 | Epoch 70: train_loss: 2.13722
2025-12-27 15:36:24 | INFO     | fedaugment.utils.logger:44 | Epoch 71: train_loss: 2.13403
2025-12-27 15:36:27 | INFO     | fedaugment.utils.logger:44 | Epoch 72: train_loss: 2.13163
2025-12-27 15:36:29 | INFO     | fedaugment.utils.logger:44 | Epoch 73: train_loss: 2.12782
2025-12-27 15:36:31 | INFO     | fedaugment.utils.logger:44 | Epoch 74: train_loss: 2.12439
2025-12-27 15:36:33 | INFO     | fedaugment.utils.logger:44 | Epoch 75: train_loss: 2.12132
2025-12-27 15:36:36 | INFO     | fedaugment.utils.logger:44 | Epoch 76: train_loss: 2.11820
2025-12-27 15:36:38 | INFO     | fedaugment.utils.logger:44 | Epoch 77: train_loss: 2.11593
2025-12-27 15:36:41 | INFO     | fedaugment.utils.logger:44 | Epoch 78: train_loss: 2.11311
2025-12-27 15:36:43 | INFO     | fedaugment.utils.logger:44 | Epoch 79: train_loss: 2.11044
2025-12-27 15:36:45 | INFO     | fedaugment.utils.logger:44 | Epoch 80: train_loss: 2.10822
2025-12-27 15:36:48 | INFO     | fedaugment.utils.logger:44 | Epoch 81: train_loss: 2.10534
2025-12-27 15:36:50 | INFO     | fedaugment.utils.logger:44 | Epoch 82: train_loss: 2.10342
2025-12-27 15:36:52 | INFO     | fedaugment.utils.logger:44 | Epoch 83: train_loss: 2.10077
2025-12-27 15:36:55 | INFO     | fedaugment.utils.logger:44 | Epoch 84: train_loss: 2.09756
2025-12-27 15:36:57 | INFO     | fedaugment.utils.logger:44 | Epoch 85: train_loss: 2.09543
2025-12-27 15:36:59 | INFO     | fedaugment.utils.logger:44 | Epoch 86: train_loss: 2.09339
2025-12-27 15:37:02 | INFO     | fedaugment.utils.logger:44 | Epoch 87: train_loss: 2.09134
2025-12-27 15:37:05 | INFO     | fedaugment.utils.logger:44 | Epoch 88: train_loss: 2.08955
2025-12-27 15:37:07 | INFO     | fedaugment.utils.logger:44 | Epoch 89: train_loss: 2.08789
2025-12-27 15:37:10 | INFO     | fedaugment.utils.logger:44 | Epoch 90: train_loss: 2.08654
2025-12-27 15:37:12 | INFO     | fedaugment.utils.logger:44 | Epoch 91: train_loss: 2.08479
2025-12-27 15:37:15 | INFO     | fedaugment.utils.logger:44 | Epoch 92: train_loss: 2.08293
2025-12-27 15:37:17 | INFO     | fedaugment.utils.logger:44 | Epoch 93: train_loss: 2.07999
2025-12-27 15:37:20 | INFO     | fedaugment.utils.logger:44 | Epoch 94: train_loss: 2.07811
2025-12-27 15:37:22 | INFO     | fedaugment.utils.logger:44 | Epoch 95: train_loss: 2.07647
2025-12-27 15:37:24 | INFO     | fedaugment.utils.logger:44 | Epoch 96: train_loss: 2.07483
2025-12-27 15:37:27 | INFO     | fedaugment.utils.logger:44 | Epoch 97: train_loss: 2.07314
2025-12-27 15:37:29 | INFO     | fedaugment.utils.logger:44 | Epoch 98: train_loss: 2.07094
2025-12-27 15:37:31 | INFO     | fedaugment.utils.logger:44 | Epoch 99: train_loss: 2.06913
2025-12-27 15:37:34 | INFO     | fedaugment.utils.logger:44 | Epoch 100: train_loss: 2.06786
2025-12-27 15:37:36 | INFO     | fedaugment.utils.logger:44 | Epoch 101: train_loss: 2.06704
2025-12-27 15:37:39 | INFO     | fedaugment.utils.logger:44 | Epoch 102: train_loss: 2.06502
2025-12-27 15:37:41 | INFO     | fedaugment.utils.logger:44 | Epoch 103: train_loss: 2.06341
2025-12-27 15:37:44 | INFO     | fedaugment.utils.logger:44 | Epoch 104: train_loss: 2.06146
2025-12-27 15:37:46 | INFO     | fedaugment.utils.logger:44 | Epoch 105: train_loss: 2.06036
2025-12-27 15:37:49 | INFO     | fedaugment.utils.logger:44 | Epoch 106: train_loss: 2.05898
2025-12-27 15:37:51 | INFO     | fedaugment.utils.logger:44 | Epoch 107: train_loss: 2.05804
2025-12-27 15:37:54 | INFO     | fedaugment.utils.logger:44 | Epoch 108: train_loss: 2.05569
2025-12-27 15:37:56 | INFO     | fedaugment.utils.logger:44 | Epoch 109: train_loss: 2.05428
2025-12-27 15:37:58 | INFO     | fedaugment.utils.logger:44 | Epoch 110: train_loss: 2.05296
2025-12-27 15:38:01 | INFO     | fedaugment.utils.logger:44 | Epoch 111: train_loss: 2.05167
2025-12-27 15:38:03 | INFO     | fedaugment.utils.logger:44 | Epoch 112: train_loss: 2.05117
2025-12-27 15:38:05 | INFO     | fedaugment.utils.logger:44 | Epoch 113: train_loss: 2.04925
2025-12-27 15:38:08 | INFO     | fedaugment.utils.logger:44 | Epoch 114: train_loss: 2.04801
2025-12-27 15:38:10 | INFO     | fedaugment.utils.logger:44 | Epoch 115: train_loss: 2.04660
2025-12-27 15:38:12 | INFO     | fedaugment.utils.logger:44 | Epoch 116: train_loss: 2.04518
2025-12-27 15:38:15 | INFO     | fedaugment.utils.logger:44 | Epoch 117: train_loss: 2.04403
2025-12-27 15:38:17 | INFO     | fedaugment.utils.logger:44 | Epoch 118: train_loss: 2.04285
2025-12-27 15:38:20 | INFO     | fedaugment.utils.logger:44 | Epoch 119: train_loss: 2.04169
2025-12-27 15:38:22 | INFO     | fedaugment.utils.logger:44 | Epoch 120: train_loss: 2.04040
2025-12-27 15:38:24 | INFO     | fedaugment.utils.logger:44 | Epoch 121: train_loss: 2.03918
2025-12-27 15:38:27 | INFO     | fedaugment.utils.logger:44 | Epoch 122: train_loss: 2.03766
2025-12-27 15:38:29 | INFO     | fedaugment.utils.logger:44 | Epoch 123: train_loss: 2.03672
2025-12-27 15:38:32 | INFO     | fedaugment.utils.logger:44 | Epoch 124: train_loss: 2.03555
2025-12-27 15:38:34 | INFO     | fedaugment.utils.logger:44 | Epoch 125: train_loss: 2.03444
2025-12-27 15:38:36 | INFO     | fedaugment.utils.logger:44 | Epoch 126: train_loss: 2.03368
2025-12-27 15:38:39 | INFO     | fedaugment.utils.logger:44 | Epoch 127: train_loss: 2.03304
2025-12-27 15:38:41 | INFO     | fedaugment.utils.logger:44 | Epoch 128: train_loss: 2.03210
2025-12-27 15:38:44 | INFO     | fedaugment.utils.logger:44 | Epoch 129: train_loss: 2.03081
2025-12-27 15:38:46 | INFO     | fedaugment.utils.logger:44 | Epoch 130: train_loss: 2.02995
2025-12-27 15:38:48 | INFO     | fedaugment.utils.logger:44 | Epoch 131: train_loss: 2.02875
2025-12-27 15:38:51 | INFO     | fedaugment.utils.logger:44 | Epoch 132: train_loss: 2.02794
2025-12-27 15:38:53 | INFO     | fedaugment.utils.logger:44 | Epoch 133: train_loss: 2.02755
2025-12-27 15:38:55 | INFO     | fedaugment.utils.logger:44 | Epoch 134: train_loss: 2.02680
2025-12-27 15:38:57 | INFO     | fedaugment.utils.logger:44 | Epoch 135: train_loss: 2.02571
2025-12-27 15:39:00 | INFO     | fedaugment.utils.logger:44 | Epoch 136: train_loss: 2.02508
2025-12-27 15:39:02 | INFO     | fedaugment.utils.logger:44 | Epoch 137: train_loss: 2.02408
2025-12-27 15:39:05 | INFO     | fedaugment.utils.logger:44 | Epoch 138: train_loss: 2.02358
2025-12-27 15:39:07 | INFO     | fedaugment.utils.logger:44 | Epoch 139: train_loss: 2.02303
2025-12-27 15:39:10 | INFO     | fedaugment.utils.logger:44 | Epoch 140: train_loss: 2.02234
2025-12-27 15:39:12 | INFO     | fedaugment.utils.logger:44 | Epoch 141: train_loss: 2.02181
2025-12-27 15:39:15 | INFO     | fedaugment.utils.logger:44 | Epoch 142: train_loss: 2.02101
2025-12-27 15:39:17 | INFO     | fedaugment.utils.logger:44 | Epoch 143: train_loss: 2.02052
2025-12-27 15:39:20 | INFO     | fedaugment.utils.logger:44 | Epoch 144: train_loss: 2.02005
2025-12-27 15:39:22 | INFO     | fedaugment.utils.logger:44 | Epoch 145: train_loss: 2.01946
2025-12-27 15:39:25 | INFO     | fedaugment.utils.logger:44 | Epoch 146: train_loss: 2.01892
2025-12-27 15:39:27 | INFO     | fedaugment.utils.logger:44 | Epoch 147: train_loss: 2.01816
2025-12-27 15:39:29 | INFO     | fedaugment.utils.logger:44 | Epoch 148: train_loss: 2.01786
2025-12-27 15:39:32 | INFO     | fedaugment.utils.logger:44 | Epoch 149: train_loss: 2.01743
2025-12-27 15:39:34 | INFO     | fedaugment.utils.logger:44 | Epoch 150: train_loss: 2.01647
2025-12-27 15:39:36 | INFO     | fedaugment.utils.logger:44 | Epoch 151: train_loss: 2.01625
2025-12-27 15:39:39 | INFO     | fedaugment.utils.logger:44 | Epoch 152: train_loss: 2.01544
2025-12-27 15:39:41 | INFO     | fedaugment.utils.logger:44 | Epoch 153: train_loss: 2.01522
2025-12-27 15:39:43 | INFO     | fedaugment.utils.logger:44 | Epoch 154: train_loss: 2.01486
2025-12-27 15:39:46 | INFO     | fedaugment.utils.logger:44 | Epoch 155: train_loss: 2.01447
2025-12-27 15:39:48 | INFO     | fedaugment.utils.logger:44 | Epoch 156: train_loss: 2.01394
2025-12-27 15:39:50 | INFO     | fedaugment.utils.logger:44 | Epoch 157: train_loss: 2.01340
2025-12-27 15:39:53 | INFO     | fedaugment.utils.logger:44 | Epoch 158: train_loss: 2.01327
2025-12-27 15:39:55 | INFO     | fedaugment.utils.logger:44 | Epoch 159: train_loss: 2.01257
2025-12-27 15:39:57 | INFO     | fedaugment.utils.logger:44 | Epoch 160: train_loss: 2.01227
2025-12-27 15:40:00 | INFO     | fedaugment.utils.logger:44 | Epoch 161: train_loss: 2.01187
2025-12-27 15:40:02 | INFO     | fedaugment.utils.logger:44 | Epoch 162: train_loss: 2.01132
2025-12-27 15:40:04 | INFO     | fedaugment.utils.logger:44 | Epoch 163: train_loss: 2.01100
2025-12-27 15:40:06 | INFO     | fedaugment.utils.logger:44 | Epoch 164: train_loss: 2.01075
2025-12-27 15:40:09 | INFO     | fedaugment.utils.logger:44 | Epoch 165: train_loss: 2.01048
2025-12-27 15:40:11 | INFO     | fedaugment.utils.logger:44 | Epoch 166: train_loss: 2.01015
2025-12-27 15:40:13 | INFO     | fedaugment.utils.logger:44 | Epoch 167: train_loss: 2.00956
2025-12-27 15:40:15 | INFO     | fedaugment.utils.logger:44 | Epoch 168: train_loss: 2.00915
2025-12-27 15:40:18 | INFO     | fedaugment.utils.logger:44 | Epoch 169: train_loss: 2.00887
2025-12-27 15:40:20 | INFO     | fedaugment.utils.logger:44 | Epoch 170: train_loss: 2.00884
2025-12-27 15:40:22 | INFO     | fedaugment.utils.logger:44 | Epoch 171: train_loss: 2.00811
2025-12-27 15:40:25 | INFO     | fedaugment.utils.logger:44 | Epoch 172: train_loss: 2.00771
2025-12-27 15:40:27 | INFO     | fedaugment.utils.logger:44 | Epoch 173: train_loss: 2.00748
2025-12-27 15:40:29 | INFO     | fedaugment.utils.logger:44 | Epoch 174: train_loss: 2.00718
2025-12-27 15:40:32 | INFO     | fedaugment.utils.logger:44 | Epoch 175: train_loss: 2.00681
2025-12-27 15:40:34 | INFO     | fedaugment.utils.logger:44 | Epoch 176: train_loss: 2.00655
2025-12-27 15:40:36 | INFO     | fedaugment.utils.logger:44 | Epoch 177: train_loss: 2.00625
2025-12-27 15:40:39 | INFO     | fedaugment.utils.logger:44 | Epoch 178: train_loss: 2.00566
2025-12-27 15:40:41 | INFO     | fedaugment.utils.logger:44 | Epoch 179: train_loss: 2.00549
2025-12-27 15:40:43 | INFO     | fedaugment.utils.logger:44 | Epoch 180: train_loss: 2.00506
2025-12-27 15:40:46 | INFO     | fedaugment.utils.logger:44 | Epoch 181: train_loss: 2.00492
2025-12-27 15:40:48 | INFO     | fedaugment.utils.logger:44 | Epoch 182: train_loss: 2.00453
2025-12-27 15:40:50 | INFO     | fedaugment.utils.logger:44 | Epoch 183: train_loss: 2.00410
2025-12-27 15:40:53 | INFO     | fedaugment.utils.logger:44 | Epoch 184: train_loss: 2.00407
2025-12-27 15:40:55 | INFO     | fedaugment.utils.logger:44 | Epoch 185: train_loss: 2.00338
2025-12-27 15:40:58 | INFO     | fedaugment.utils.logger:44 | Epoch 186: train_loss: 2.00317
2025-12-27 15:41:00 | INFO     | fedaugment.utils.logger:44 | Epoch 187: train_loss: 2.00307
2025-12-27 15:41:02 | INFO     | fedaugment.utils.logger:44 | Epoch 188: train_loss: 2.00250
2025-12-27 15:41:05 | INFO     | fedaugment.utils.logger:44 | Epoch 189: train_loss: 2.00228
2025-12-27 15:41:07 | INFO     | fedaugment.utils.logger:44 | Epoch 190: train_loss: 2.00198
2025-12-27 15:41:09 | INFO     | fedaugment.utils.logger:44 | Epoch 191: train_loss: 2.00175
2025-12-27 15:41:12 | INFO     | fedaugment.utils.logger:44 | Epoch 192: train_loss: 2.00155
2025-12-27 15:41:14 | INFO     | fedaugment.utils.logger:44 | Epoch 193: train_loss: 2.00127
2025-12-27 15:41:16 | INFO     | fedaugment.utils.logger:44 | Epoch 194: train_loss: 2.00103
2025-12-27 15:41:19 | INFO     | fedaugment.utils.logger:44 | Epoch 195: train_loss: 2.00059
2025-12-27 15:41:21 | INFO     | fedaugment.utils.logger:44 | Epoch 196: train_loss: 2.00011
2025-12-27 15:41:24 | INFO     | fedaugment.utils.logger:44 | Epoch 197: train_loss: 1.99981
2025-12-27 15:41:26 | INFO     | fedaugment.utils.logger:44 | Epoch 198: train_loss: 1.99977
2025-12-27 15:41:28 | INFO     | fedaugment.utils.logger:44 | Epoch 199: train_loss: 1.99975
2025-12-27 15:41:31 | INFO     | fedaugment.utils.logger:44 | Epoch 200: train_loss: 1.99885
2025-12-27 15:41:33 | INFO     | fedaugment.utils.logger:44 | Epoch 201: train_loss: 1.99896
2025-12-27 15:41:36 | INFO     | fedaugment.utils.logger:44 | Epoch 202: train_loss: 1.99874
2025-12-27 15:41:38 | INFO     | fedaugment.utils.logger:44 | Epoch 203: train_loss: 1.99858
2025-12-27 15:41:40 | INFO     | fedaugment.utils.logger:44 | Epoch 204: train_loss: 1.99834
2025-12-27 15:41:43 | INFO     | fedaugment.utils.logger:44 | Epoch 205: train_loss: 1.99800
2025-12-27 15:41:45 | INFO     | fedaugment.utils.logger:44 | Epoch 206: train_loss: 1.99792
2025-12-27 15:41:48 | INFO     | fedaugment.utils.logger:44 | Epoch 207: train_loss: 1.99775
2025-12-27 15:41:50 | INFO     | fedaugment.utils.logger:44 | Epoch 208: train_loss: 1.99735
2025-12-27 15:41:52 | INFO     | fedaugment.utils.logger:44 | Epoch 209: train_loss: 1.99726
2025-12-27 15:41:55 | INFO     | fedaugment.utils.logger:44 | Epoch 210: train_loss: 1.99711
2025-12-27 15:41:57 | INFO     | fedaugment.utils.logger:44 | Epoch 211: train_loss: 1.99693
2025-12-27 15:41:59 | INFO     | fedaugment.utils.logger:44 | Epoch 212: train_loss: 1.99670
2025-12-27 15:42:02 | INFO     | fedaugment.utils.logger:44 | Epoch 213: train_loss: 1.99660
2025-12-27 15:42:04 | INFO     | fedaugment.utils.logger:44 | Epoch 214: train_loss: 1.99631
2025-12-27 15:42:06 | INFO     | fedaugment.utils.logger:44 | Epoch 215: train_loss: 1.99618
2025-12-27 15:42:09 | INFO     | fedaugment.utils.logger:44 | Epoch 216: train_loss: 1.99605
2025-12-27 15:42:11 | INFO     | fedaugment.utils.logger:44 | Epoch 217: train_loss: 1.99607
2025-12-27 15:42:13 | INFO     | fedaugment.utils.logger:44 | Epoch 218: train_loss: 1.99589
2025-12-27 15:42:15 | INFO     | fedaugment.utils.logger:44 | Epoch 219: train_loss: 1.99579
2025-12-27 15:42:18 | INFO     | fedaugment.utils.logger:44 | Epoch 220: train_loss: 1.99549
2025-12-27 15:42:20 | INFO     | fedaugment.utils.logger:44 | Epoch 221: train_loss: 1.99518
2025-12-27 15:42:22 | INFO     | fedaugment.utils.logger:44 | Epoch 222: train_loss: 1.99525
2025-12-27 15:42:24 | INFO     | fedaugment.utils.logger:44 | Epoch 223: train_loss: 1.99526
2025-12-27 15:42:27 | INFO     | fedaugment.utils.logger:44 | Epoch 224: train_loss: 1.99506
2025-12-27 15:42:29 | INFO     | fedaugment.utils.logger:44 | Epoch 225: train_loss: 1.99492
2025-12-27 15:42:31 | INFO     | fedaugment.utils.logger:44 | Epoch 226: train_loss: 1.99481
2025-12-27 15:42:34 | INFO     | fedaugment.utils.logger:44 | Epoch 227: train_loss: 1.99464
2025-12-27 15:42:36 | INFO     | fedaugment.utils.logger:44 | Epoch 228: train_loss: 1.99467
2025-12-27 15:42:38 | INFO     | fedaugment.utils.logger:44 | Epoch 229: train_loss: 1.99455
2025-12-27 15:42:41 | INFO     | fedaugment.utils.logger:44 | Epoch 230: train_loss: 1.99413
2025-12-27 15:42:43 | INFO     | fedaugment.utils.logger:44 | Epoch 231: train_loss: 1.99426
2025-12-27 15:42:46 | INFO     | fedaugment.utils.logger:44 | Epoch 232: train_loss: 1.99421
2025-12-27 15:42:48 | INFO     | fedaugment.utils.logger:44 | Epoch 233: train_loss: 1.99426
2025-12-27 15:42:51 | INFO     | fedaugment.utils.logger:44 | Epoch 234: train_loss: 1.99395
2025-12-27 15:42:53 | INFO     | fedaugment.utils.logger:44 | Epoch 235: train_loss: 1.99392
2025-12-27 15:42:56 | INFO     | fedaugment.utils.logger:44 | Epoch 236: train_loss: 1.99394
2025-12-27 15:42:59 | INFO     | fedaugment.utils.logger:44 | Epoch 237: train_loss: 1.99391
2025-12-27 15:43:01 | INFO     | fedaugment.utils.logger:44 | Epoch 238: train_loss: 1.99398
2025-12-27 15:43:04 | INFO     | fedaugment.utils.logger:44 | Epoch 239: train_loss: 1.99373
2025-12-27 15:43:06 | INFO     | fedaugment.utils.logger:44 | Epoch 240: train_loss: 1.99385
2025-12-27 15:43:09 | INFO     | fedaugment.utils.logger:44 | Epoch 241: train_loss: 1.99373
2025-12-27 15:43:11 | INFO     | fedaugment.utils.logger:44 | Epoch 242: train_loss: 1.99368
2025-12-27 15:43:14 | INFO     | fedaugment.utils.logger:44 | Epoch 243: train_loss: 1.99367
2025-12-27 15:43:17 | INFO     | fedaugment.utils.logger:44 | Epoch 244: train_loss: 1.99369
2025-12-27 15:43:19 | INFO     | fedaugment.utils.logger:44 | Epoch 245: train_loss: 1.99369
2025-12-27 15:43:21 | INFO     | fedaugment.utils.logger:44 | Epoch 246: train_loss: 1.99353
2025-12-27 15:43:24 | INFO     | fedaugment.utils.logger:44 | Epoch 247: train_loss: 1.99352
2025-12-27 15:43:26 | INFO     | fedaugment.utils.logger:44 | Epoch 248: train_loss: 1.99367
2025-12-27 15:43:29 | INFO     | fedaugment.utils.logger:44 | Epoch 249: train_loss: 1.99345
2025-12-27 15:43:29 | INFO     | lightning_utilities.core.rank_zero:60 | `Trainer.fit` stopped: `max_epochs=250` reached.
2025-12-27 15:43:37 | INFO     | fedaugment.projections.main:87 | Starting testing phase...
2025-12-27 15:43:37 | INFO     | lightning.pytorch.accelerators.cuda:61 | LOCAL_RANK: 0 - CUDA_VISIBLE_DEVICES: [0]
2025-12-27 15:43:37 | INFO     | fedaugment.utils.logger:38 | {'module_kwargs': CLModuleConfig(model_type='projection_head', out_dim=1024, hidden_dims=[1024, 1536, 1536], activation='silu', normalization='batch', dropout=0.0), 'criterion': CriterionConfig(class_='MultiViewNTXentLoss', kwargs={'temperature': 0.1}), 'optim_configs': [OptimizerConfig(class_='AdamW', kwargs={'lr': 0.001, 'betas': (0.9, 0.999), 'eps': 1e-08, 'weight_decay': 0.01})], 'sched_configs': [LRSchedulerConfig(class_='LambdaLR', interval='epoch', frequency=1, monitor=None, kwargs={'lr_lambda': <function cos_annealing_with_warmup at 0x7f894be1d440>})], 'pipeline_names': ['distilroberta-dj_adpt', 'gte_base-dj_adpt', 'gtr_t5-dj_adpt', 'mini_l12-dj_adpt', 'mini_l6-dj_adpt', 'mpnet-dj_adpt'], 'embedding_dims': [768, 768, 768, 384, 384, 768], 'data_batch_size': 4096, 'metric_batch_size': 65536}
2025-12-27 15:43:58 | DEBUG    | fedaugment.projections.metrics.base:115 | Computing CosineSimilarityOrchestrator metrics.
2025-12-27 15:43:58 | WARNING  | fedaugment.projections.metrics.base:117 | Number of projections (8891658) is not divisible by chunk size (65536). This may lead to suboptimal performance.
2025-12-27 17:53:23 | DEBUG    | fedaugment.projections.metrics.base:198 | Finalized CosineSimilarityOrchestrator metrics
2025-12-27 17:53:23 | INFO     | fedaugment.utils.logger:44 | Epoch 250: test_loss: 4.82609, test_cossim_mean: 0.08298, test_entity_stability_15: 0.04821, test_entity_stability_5: 0.04100, test_entity_stability_50: 0.07065, test_same_lbl_cossim_mean: 0.80031
2025-12-27 17:53:24 | INFO     | fedaugment.projections.main:92 | Best model checkpoint saved at /home/lennart-ldap/projects/fedaugment/logs/curation_train_webtable_fft_euc-mpnet-dj_adpt-k=63049/version_1/last.ckpt
2025-12-27 17:53:24 | INFO     | __main__:50 | Evaluating grid-mpnet-dj_adpt-k=63049 on webtable 005
2025-12-27 17:53:24 | DEBUG    | fedaugment.projections.main:31 | Experiment configuration: {"experiment_name":"curation_train_webtable_grid-mpnet-dj_adpt-k=63049","experiment_version":1,"seed":42,"data_module":{"class_":"DefaultDataModule","data":{"train":"data/embeddings/webtable-005/grid-mpnet-dj_adpt-k=63049","val":null,"test":"data/embeddings/webtable-split/test"},"batch_size":4096,"num_workers":32,"pin_memory":true,"persistent_workers":true,"prefetch_factor":5,"verify_column_ids":true},"projection_model":{"class_":"ContrastiveLearningModel","module_kwargs":{"model_type":"projection_head","out_dim":1024,"hidden_dims":[1024,1536,1536],"activation":"silu","normalization":"batch","dropout":0.0},"criterion":{"class_":"MultiViewNTXentLoss","kwargs":{"temperature":0.1}},"optimizers":[{"class_":"AdamW","kwargs":{"lr":0.001,"betas":[0.9,0.999],"eps":1e-8,"weight_decay":0.01}}],"schedulers":[{"class_":"LambdaLR","interval":"epoch","frequency":1,"monitor":null,"kwargs":{"lr_lambda":"cos_annealing_with_warmup"}}],"metric_batch_size":65536},"trainer":{"max_epochs":250,"accelerator":"gpu","check_val_every_n_epoch":10,"devices":"auto","deterministic":false,"enable_checkpointing":true,"enable_model_summary":true,"enable_progress_bar":true,"log_every_n_steps":50,"max_time":null,"num_sanity_val_steps":2,"precision":"bf16-mixed","profiler":null},"compile_model":true}
2025-12-27 17:53:24 | INFO     | lightning.fabric.utilities.seed:57 | Seed set to 42
2025-12-27 17:53:26 | INFO     | fedaugment.projections.main:42 | Compiling projection model...
2025-12-27 17:53:26 | INFO     | fedaugment.projections.main:44 | Projection model compiled
2025-12-27 17:53:26 | INFO     | fedaugment.projections.main:46 | Initializing trainer...
2025-12-27 17:53:26 | INFO     | lightning_utilities.core.rank_zero:60 | Using bfloat16 Automatic Mixed Precision (AMP)
2025-12-27 17:53:26 | INFO     | lightning_utilities.core.rank_zero:60 | GPU available: True (cuda), used: True
2025-12-27 17:53:26 | INFO     | lightning_utilities.core.rank_zero:60 | TPU available: False, using: 0 TPU cores
2025-12-27 17:53:26 | INFO     | fedaugment.projections.main:76 | Trainer initialized
2025-12-27 17:53:26 | INFO     | fedaugment.projections.main:83 | Starting training phase...
2025-12-27 17:53:26 | INFO     | lightning.pytorch.accelerators.cuda:61 | LOCAL_RANK: 0 - CUDA_VISIBLE_DEVICES: [0]
2025-12-27 17:53:26 | INFO     | lightning.pytorch.callbacks.model_summary:110 |
  | Name              | Type                         | Params | Mode  | FLOPs
-----------------------------------------------------------------------------------
0 | criterion         | MultiViewNTXentLoss          | 0      | train | 0
1 | val_metrics       | MetricCollection             | 0      | train | 0
2 | test_metrics      | MetricCollection             | 0      | train | 0
3 | val_orchestrator  | CosineSimilarityOrchestrator | 0      | train | 0
4 | test_orchestrator | CosineSimilarityOrchestrator | 0      | train | 0
5 | projection_heads  | ModuleList                   | 37.0 M | train | 0
-----------------------------------------------------------------------------------
37.0 M    Trainable params
0         Non-trainable params
37.0 M    Total params
148.120   Total estimated model params size (MB)
94        Modules in train mode
0         Modules in eval mode
0         Total Flops
2025-12-27 17:53:26 | INFO     | fedaugment.utils.logger:38 | {'module_kwargs': CLModuleConfig(model_type='projection_head', out_dim=1024, hidden_dims=[1024, 1536, 1536], activation='silu', normalization='batch', dropout=0.0), 'criterion': CriterionConfig(class_='MultiViewNTXentLoss', kwargs={'temperature': 0.1}), 'optim_configs': [OptimizerConfig(class_='AdamW', kwargs={'lr': 0.001, 'betas': (0.9, 0.999), 'eps': 1e-08, 'weight_decay': 0.01})], 'sched_configs': [LRSchedulerConfig(class_='LambdaLR', interval='epoch', frequency=1, monitor=None, kwargs={'lr_lambda': <function cos_annealing_with_warmup at 0x7f894be1d440>})], 'pipeline_names': ['distilroberta-dj_adpt', 'gte_base-dj_adpt', 'gtr_t5-dj_adpt', 'mini_l12-dj_adpt', 'mini_l6-dj_adpt', 'mpnet-dj_adpt'], 'embedding_dims': [768, 768, 768, 384, 384, 768], 'data_batch_size': 4096, 'metric_batch_size': 65536}
2025-12-27 17:53:28 | INFO     | fedaugment.utils.logger:44 | Epoch 0: train_loss: 10.56680
2025-12-27 17:53:30 | INFO     | fedaugment.utils.logger:44 | Epoch 1: train_loss: 8.48210
2025-12-27 17:53:32 | INFO     | fedaugment.utils.logger:44 | Epoch 2: train_loss: 5.83794
2025-12-27 17:53:34 | INFO     | fedaugment.utils.logger:44 | Epoch 3: train_loss: 4.66487
2025-12-27 17:53:36 | INFO     | fedaugment.utils.logger:44 | Epoch 4: train_loss: 4.07631
2025-12-27 17:53:38 | INFO     | fedaugment.utils.logger:44 | Epoch 5: train_loss: 3.71837
2025-12-27 17:53:41 | INFO     | fedaugment.utils.logger:44 | Epoch 6: train_loss: 3.47068
2025-12-27 17:53:43 | INFO     | fedaugment.utils.logger:44 | Epoch 7: train_loss: 3.29344
2025-12-27 17:53:45 | INFO     | fedaugment.utils.logger:44 | Epoch 8: train_loss: 3.15285
2025-12-27 17:53:47 | INFO     | fedaugment.utils.logger:44 | Epoch 9: train_loss: 3.04323
2025-12-27 17:53:49 | INFO     | fedaugment.utils.logger:44 | Epoch 10: train_loss: 2.95554
2025-12-27 17:53:51 | INFO     | fedaugment.utils.logger:44 | Epoch 11: train_loss: 2.87206
2025-12-27 17:53:53 | INFO     | fedaugment.utils.logger:44 | Epoch 12: train_loss: 2.80894
2025-12-27 17:53:56 | INFO     | fedaugment.utils.logger:44 | Epoch 13: train_loss: 2.75897
2025-12-27 17:53:58 | INFO     | fedaugment.utils.logger:44 | Epoch 14: train_loss: 2.71331
2025-12-27 17:54:00 | INFO     | fedaugment.utils.logger:44 | Epoch 15: train_loss: 2.67434
2025-12-27 17:54:03 | INFO     | fedaugment.utils.logger:44 | Epoch 16: train_loss: 2.64649
2025-12-27 17:54:05 | INFO     | fedaugment.utils.logger:44 | Epoch 17: train_loss: 2.61696
2025-12-27 17:54:07 | INFO     | fedaugment.utils.logger:44 | Epoch 18: train_loss: 2.58537
2025-12-27 17:54:10 | INFO     | fedaugment.utils.logger:44 | Epoch 19: train_loss: 2.56035
2025-12-27 17:54:12 | INFO     | fedaugment.utils.logger:44 | Epoch 20: train_loss: 2.54094
2025-12-27 17:54:15 | INFO     | fedaugment.utils.logger:44 | Epoch 21: train_loss: 2.51728
2025-12-27 17:54:17 | INFO     | fedaugment.utils.logger:44 | Epoch 22: train_loss: 2.50021
2025-12-27 17:54:19 | INFO     | fedaugment.utils.logger:44 | Epoch 23: train_loss: 2.48325
2025-12-27 17:54:22 | INFO     | fedaugment.utils.logger:44 | Epoch 24: train_loss: 2.46602
2025-12-27 17:54:24 | INFO     | fedaugment.utils.logger:44 | Epoch 25: train_loss: 2.44913
2025-12-27 17:54:26 | INFO     | fedaugment.utils.logger:44 | Epoch 26: train_loss: 2.43401
2025-12-27 17:54:29 | INFO     | fedaugment.utils.logger:44 | Epoch 27: train_loss: 2.42393
2025-12-27 17:54:31 | INFO     | fedaugment.utils.logger:44 | Epoch 28: train_loss: 2.41064
2025-12-27 17:54:34 | INFO     | fedaugment.utils.logger:44 | Epoch 29: train_loss: 2.39883
2025-12-27 17:54:36 | INFO     | fedaugment.utils.logger:44 | Epoch 30: train_loss: 2.38882
2025-12-27 17:54:39 | INFO     | fedaugment.utils.logger:44 | Epoch 31: train_loss: 2.37666
2025-12-27 17:54:41 | INFO     | fedaugment.utils.logger:44 | Epoch 32: train_loss: 2.36522
2025-12-27 17:54:44 | INFO     | fedaugment.utils.logger:44 | Epoch 33: train_loss: 2.36161
2025-12-27 17:54:47 | INFO     | fedaugment.utils.logger:44 | Epoch 34: train_loss: 2.34909
2025-12-27 17:54:49 | INFO     | fedaugment.utils.logger:44 | Epoch 35: train_loss: 2.34052
2025-12-27 17:54:52 | INFO     | fedaugment.utils.logger:44 | Epoch 36: train_loss: 2.33332
2025-12-27 17:54:54 | INFO     | fedaugment.utils.logger:44 | Epoch 37: train_loss: 2.32588
2025-12-27 17:54:57 | INFO     | fedaugment.utils.logger:44 | Epoch 38: train_loss: 2.31630
2025-12-27 17:54:59 | INFO     | fedaugment.utils.logger:44 | Epoch 39: train_loss: 2.31070
2025-12-27 17:55:02 | INFO     | fedaugment.utils.logger:44 | Epoch 40: train_loss: 2.31013
2025-12-27 17:55:05 | INFO     | fedaugment.utils.logger:44 | Epoch 41: train_loss: 2.29887
2025-12-27 17:55:07 | INFO     | fedaugment.utils.logger:44 | Epoch 42: train_loss: 2.28851
2025-12-27 17:55:10 | INFO     | fedaugment.utils.logger:44 | Epoch 43: train_loss: 2.28549
2025-12-27 17:55:12 | INFO     | fedaugment.utils.logger:44 | Epoch 44: train_loss: 2.28192
2025-12-27 17:55:15 | INFO     | fedaugment.utils.logger:44 | Epoch 45: train_loss: 2.27501
2025-12-27 17:55:17 | INFO     | fedaugment.utils.logger:44 | Epoch 46: train_loss: 2.26770
2025-12-27 17:55:20 | INFO     | fedaugment.utils.logger:44 | Epoch 47: train_loss: 2.26447
2025-12-27 17:55:23 | INFO     | fedaugment.utils.logger:44 | Epoch 48: train_loss: 2.25775
2025-12-27 17:55:25 | INFO     | fedaugment.utils.logger:44 | Epoch 49: train_loss: 2.25150
2025-12-27 17:55:28 | INFO     | fedaugment.utils.logger:44 | Epoch 50: train_loss: 2.24699
2025-12-27 17:55:30 | INFO     | fedaugment.utils.logger:44 | Epoch 51: train_loss: 2.24382
2025-12-27 17:55:33 | INFO     | fedaugment.utils.logger:44 | Epoch 52: train_loss: 2.23781
2025-12-27 17:55:36 | INFO     | fedaugment.utils.logger:44 | Epoch 53: train_loss: 2.23262
2025-12-27 17:55:38 | INFO     | fedaugment.utils.logger:44 | Epoch 54: train_loss: 2.22854
2025-12-27 17:55:41 | INFO     | fedaugment.utils.logger:44 | Epoch 55: train_loss: 2.22814
2025-12-27 17:55:43 | INFO     | fedaugment.utils.logger:44 | Epoch 56: train_loss: 2.22237
2025-12-27 17:55:46 | INFO     | fedaugment.utils.logger:44 | Epoch 57: train_loss: 2.21655
2025-12-27 17:55:48 | INFO     | fedaugment.utils.logger:44 | Epoch 58: train_loss: 2.21168
2025-12-27 17:55:51 | INFO     | fedaugment.utils.logger:44 | Epoch 59: train_loss: 2.20971
2025-12-27 17:55:53 | INFO     | fedaugment.utils.logger:44 | Epoch 60: train_loss: 2.20568
2025-12-27 17:55:56 | INFO     | fedaugment.utils.logger:44 | Epoch 61: train_loss: 2.20367
2025-12-27 17:55:59 | INFO     | fedaugment.utils.logger:44 | Epoch 62: train_loss: 2.19762
2025-12-27 17:56:01 | INFO     | fedaugment.utils.logger:44 | Epoch 63: train_loss: 2.19511
2025-12-27 17:56:04 | INFO     | fedaugment.utils.logger:44 | Epoch 64: train_loss: 2.19307
2025-12-27 17:56:07 | INFO     | fedaugment.utils.logger:44 | Epoch 65: train_loss: 2.18912
2025-12-27 17:56:09 | INFO     | fedaugment.utils.logger:44 | Epoch 66: train_loss: 2.18577
2025-12-27 17:56:12 | INFO     | fedaugment.utils.logger:44 | Epoch 67: train_loss: 2.18296
2025-12-27 17:56:14 | INFO     | fedaugment.utils.logger:44 | Epoch 68: train_loss: 2.17984
2025-12-27 17:56:17 | INFO     | fedaugment.utils.logger:44 | Epoch 69: train_loss: 2.17752
2025-12-27 17:56:19 | INFO     | fedaugment.utils.logger:44 | Epoch 70: train_loss: 2.17555
2025-12-27 17:56:22 | INFO     | fedaugment.utils.logger:44 | Epoch 71: train_loss: 2.17336
2025-12-27 17:56:24 | INFO     | fedaugment.utils.logger:44 | Epoch 72: train_loss: 2.16775
2025-12-27 17:56:27 | INFO     | fedaugment.utils.logger:44 | Epoch 73: train_loss: 2.16630
2025-12-27 17:56:29 | INFO     | fedaugment.utils.logger:44 | Epoch 74: train_loss: 2.16350
2025-12-27 17:56:31 | INFO     | fedaugment.utils.logger:44 | Epoch 75: train_loss: 2.15921
2025-12-27 17:56:33 | INFO     | fedaugment.utils.logger:44 | Epoch 76: train_loss: 2.15508
2025-12-27 17:56:36 | INFO     | fedaugment.utils.logger:44 | Epoch 77: train_loss: 2.15507
2025-12-27 17:56:38 | INFO     | fedaugment.utils.logger:44 | Epoch 78: train_loss: 2.15187
2025-12-27 17:56:40 | INFO     | fedaugment.utils.logger:44 | Epoch 79: train_loss: 2.14893
2025-12-27 17:56:43 | INFO     | fedaugment.utils.logger:44 | Epoch 80: train_loss: 2.14704
2025-12-27 17:56:45 | INFO     | fedaugment.utils.logger:44 | Epoch 81: train_loss: 2.14773
2025-12-27 17:56:48 | INFO     | fedaugment.utils.logger:44 | Epoch 82: train_loss: 2.14509
2025-12-27 17:56:51 | INFO     | fedaugment.utils.logger:44 | Epoch 83: train_loss: 2.14325
2025-12-27 17:56:53 | INFO     | fedaugment.utils.logger:44 | Epoch 84: train_loss: 2.13956
2025-12-27 17:56:56 | INFO     | fedaugment.utils.logger:44 | Epoch 85: train_loss: 2.13756
2025-12-27 17:56:58 | INFO     | fedaugment.utils.logger:44 | Epoch 86: train_loss: 2.13613
2025-12-27 17:57:00 | INFO     | fedaugment.utils.logger:44 | Epoch 87: train_loss: 2.13519
2025-12-27 17:57:03 | INFO     | fedaugment.utils.logger:44 | Epoch 88: train_loss: 2.13208
2025-12-27 17:57:05 | INFO     | fedaugment.utils.logger:44 | Epoch 89: train_loss: 2.12817
2025-12-27 17:57:07 | INFO     | fedaugment.utils.logger:44 | Epoch 90: train_loss: 2.12543
2025-12-27 17:57:09 | INFO     | fedaugment.utils.logger:44 | Epoch 91: train_loss: 2.12372
2025-12-27 17:57:11 | INFO     | fedaugment.utils.logger:44 | Epoch 92: train_loss: 2.12083
2025-12-27 17:57:14 | INFO     | fedaugment.utils.logger:44 | Epoch 93: train_loss: 2.12022
2025-12-27 17:57:16 | INFO     | fedaugment.utils.logger:44 | Epoch 94: train_loss: 2.12000
2025-12-27 17:57:18 | INFO     | fedaugment.utils.logger:44 | Epoch 95: train_loss: 2.11910
2025-12-27 17:57:20 | INFO     | fedaugment.utils.logger:44 | Epoch 96: train_loss: 2.11867
2025-12-27 17:57:22 | INFO     | fedaugment.utils.logger:44 | Epoch 97: train_loss: 2.11472
2025-12-27 17:57:24 | INFO     | fedaugment.utils.logger:44 | Epoch 98: train_loss: 2.11108
2025-12-27 17:57:26 | INFO     | fedaugment.utils.logger:44 | Epoch 99: train_loss: 2.11230
2025-12-27 17:57:28 | INFO     | fedaugment.utils.logger:44 | Epoch 100: train_loss: 2.10829
2025-12-27 17:57:30 | INFO     | fedaugment.utils.logger:44 | Epoch 101: train_loss: 2.10821
2025-12-27 17:57:32 | INFO     | fedaugment.utils.logger:44 | Epoch 102: train_loss: 2.10596
2025-12-27 17:57:34 | INFO     | fedaugment.utils.logger:44 | Epoch 103: train_loss: 2.10358
2025-12-27 17:57:37 | INFO     | fedaugment.utils.logger:44 | Epoch 104: train_loss: 2.10283
2025-12-27 17:57:39 | INFO     | fedaugment.utils.logger:44 | Epoch 105: train_loss: 2.10096
2025-12-27 17:57:41 | INFO     | fedaugment.utils.logger:44 | Epoch 106: train_loss: 2.10125
2025-12-27 17:57:43 | INFO     | fedaugment.utils.logger:44 | Epoch 107: train_loss: 2.09840
2025-12-27 17:57:46 | INFO     | fedaugment.utils.logger:44 | Epoch 108: train_loss: 2.09762
2025-12-27 17:57:48 | INFO     | fedaugment.utils.logger:44 | Epoch 109: train_loss: 2.09609
2025-12-27 17:57:50 | INFO     | fedaugment.utils.logger:44 | Epoch 110: train_loss: 2.09538
2025-12-27 17:57:52 | INFO     | fedaugment.utils.logger:44 | Epoch 111: train_loss: 2.09255
2025-12-27 17:57:54 | INFO     | fedaugment.utils.logger:44 | Epoch 112: train_loss: 2.09172
2025-12-27 17:57:56 | INFO     | fedaugment.utils.logger:44 | Epoch 113: train_loss: 2.08941
2025-12-27 17:57:59 | INFO     | fedaugment.utils.logger:44 | Epoch 114: train_loss: 2.08875
2025-12-27 17:58:01 | INFO     | fedaugment.utils.logger:44 | Epoch 115: train_loss: 2.08620
2025-12-27 17:58:03 | INFO     | fedaugment.utils.logger:44 | Epoch 116: train_loss: 2.08599
2025-12-27 17:58:05 | INFO     | fedaugment.utils.logger:44 | Epoch 117: train_loss: 2.08186
2025-12-27 17:58:07 | INFO     | fedaugment.utils.logger:44 | Epoch 118: train_loss: 2.08262
2025-12-27 17:58:10 | INFO     | fedaugment.utils.logger:44 | Epoch 119: train_loss: 2.08267
2025-12-27 17:58:12 | INFO     | fedaugment.utils.logger:44 | Epoch 120: train_loss: 2.08162
2025-12-27 17:58:14 | INFO     | fedaugment.utils.logger:44 | Epoch 121: train_loss: 2.08125
2025-12-27 17:58:17 | INFO     | fedaugment.utils.logger:44 | Epoch 122: train_loss: 2.07767
2025-12-27 17:58:19 | INFO     | fedaugment.utils.logger:44 | Epoch 123: train_loss: 2.07697
2025-12-27 17:58:21 | INFO     | fedaugment.utils.logger:44 | Epoch 124: train_loss: 2.07613
2025-12-27 17:58:23 | INFO     | fedaugment.utils.logger:44 | Epoch 125: train_loss: 2.07523
2025-12-27 17:58:25 | INFO     | fedaugment.utils.logger:44 | Epoch 126: train_loss: 2.07356
2025-12-27 17:58:27 | INFO     | fedaugment.utils.logger:44 | Epoch 127: train_loss: 2.07196
2025-12-27 17:58:29 | INFO     | fedaugment.utils.logger:44 | Epoch 128: train_loss: 2.07134
2025-12-27 17:58:31 | INFO     | fedaugment.utils.logger:44 | Epoch 129: train_loss: 2.07009
2025-12-27 17:58:33 | INFO     | fedaugment.utils.logger:44 | Epoch 130: train_loss: 2.06815
2025-12-27 17:58:35 | INFO     | fedaugment.utils.logger:44 | Epoch 131: train_loss: 2.06669
2025-12-27 17:58:37 | INFO     | fedaugment.utils.logger:44 | Epoch 132: train_loss: 2.06675
2025-12-27 17:58:40 | INFO     | fedaugment.utils.logger:44 | Epoch 133: train_loss: 2.06502
2025-12-27 17:58:42 | INFO     | fedaugment.utils.logger:44 | Epoch 134: train_loss: 2.06568
2025-12-27 17:58:44 | INFO     | fedaugment.utils.logger:44 | Epoch 135: train_loss: 2.06565
2025-12-27 17:58:46 | INFO     | fedaugment.utils.logger:44 | Epoch 136: train_loss: 2.06231
2025-12-27 17:58:48 | INFO     | fedaugment.utils.logger:44 | Epoch 137: train_loss: 2.06096
2025-12-27 17:58:50 | INFO     | fedaugment.utils.logger:44 | Epoch 138: train_loss: 2.06119
2025-12-27 17:58:52 | INFO     | fedaugment.utils.logger:44 | Epoch 139: train_loss: 2.05989
2025-12-27 17:58:54 | INFO     | fedaugment.utils.logger:44 | Epoch 140: train_loss: 2.05944
2025-12-27 17:58:56 | INFO     | fedaugment.utils.logger:44 | Epoch 141: train_loss: 2.05887
2025-12-27 17:58:58 | INFO     | fedaugment.utils.logger:44 | Epoch 142: train_loss: 2.05817
2025-12-27 17:59:00 | INFO     | fedaugment.utils.logger:44 | Epoch 143: train_loss: 2.05544
2025-12-27 17:59:02 | INFO     | fedaugment.utils.logger:44 | Epoch 144: train_loss: 2.05381
2025-12-27 17:59:04 | INFO     | fedaugment.utils.logger:44 | Epoch 145: train_loss: 2.05583
2025-12-27 17:59:06 | INFO     | fedaugment.utils.logger:44 | Epoch 146: train_loss: 2.05404
2025-12-27 17:59:08 | INFO     | fedaugment.utils.logger:44 | Epoch 147: train_loss: 2.05199
2025-12-27 17:59:10 | INFO     | fedaugment.utils.logger:44 | Epoch 148: train_loss: 2.05154
2025-12-27 17:59:12 | INFO     | fedaugment.utils.logger:44 | Epoch 149: train_loss: 2.05134
2025-12-27 17:59:14 | INFO     | fedaugment.utils.logger:44 | Epoch 150: train_loss: 2.05009
2025-12-27 17:59:16 | INFO     | fedaugment.utils.logger:44 | Epoch 151: train_loss: 2.04946
2025-12-27 17:59:18 | INFO     | fedaugment.utils.logger:44 | Epoch 152: train_loss: 2.04688
2025-12-27 17:59:20 | INFO     | fedaugment.utils.logger:44 | Epoch 153: train_loss: 2.04736
2025-12-27 17:59:22 | INFO     | fedaugment.utils.logger:44 | Epoch 154: train_loss: 2.04555
2025-12-27 17:59:24 | INFO     | fedaugment.utils.logger:44 | Epoch 155: train_loss: 2.04476
2025-12-27 17:59:26 | INFO     | fedaugment.utils.logger:44 | Epoch 156: train_loss: 2.04397
2025-12-27 17:59:29 | INFO     | fedaugment.utils.logger:44 | Epoch 157: train_loss: 2.04365
2025-12-27 17:59:31 | INFO     | fedaugment.utils.logger:44 | Epoch 158: train_loss: 2.04285
2025-12-27 17:59:33 | INFO     | fedaugment.utils.logger:44 | Epoch 159: train_loss: 2.04315
2025-12-27 17:59:35 | INFO     | fedaugment.utils.logger:44 | Epoch 160: train_loss: 2.04269
2025-12-27 17:59:37 | INFO     | fedaugment.utils.logger:44 | Epoch 161: train_loss: 2.04145
2025-12-27 17:59:39 | INFO     | fedaugment.utils.logger:44 | Epoch 162: train_loss: 2.04024
2025-12-27 17:59:41 | INFO     | fedaugment.utils.logger:44 | Epoch 163: train_loss: 2.03973
2025-12-27 17:59:44 | INFO     | fedaugment.utils.logger:44 | Epoch 164: train_loss: 2.03901
2025-12-27 17:59:46 | INFO     | fedaugment.utils.logger:44 | Epoch 165: train_loss: 2.03759
2025-12-27 17:59:48 | INFO     | fedaugment.utils.logger:44 | Epoch 166: train_loss: 2.03764
2025-12-27 17:59:50 | INFO     | fedaugment.utils.logger:44 | Epoch 167: train_loss: 2.03733
2025-12-27 17:59:52 | INFO     | fedaugment.utils.logger:44 | Epoch 168: train_loss: 2.03584
2025-12-27 17:59:54 | INFO     | fedaugment.utils.logger:44 | Epoch 169: train_loss: 2.03597
2025-12-27 17:59:56 | INFO     | fedaugment.utils.logger:44 | Epoch 170: train_loss: 2.03492
2025-12-27 17:59:58 | INFO     | fedaugment.utils.logger:44 | Epoch 171: train_loss: 2.03418
2025-12-27 18:00:00 | INFO     | fedaugment.utils.logger:44 | Epoch 172: train_loss: 2.03408
2025-12-27 18:00:02 | INFO     | fedaugment.utils.logger:44 | Epoch 173: train_loss: 2.03323
2025-12-27 18:00:05 | INFO     | fedaugment.utils.logger:44 | Epoch 174: train_loss: 2.03258
2025-12-27 18:00:07 | INFO     | fedaugment.utils.logger:44 | Epoch 175: train_loss: 2.03132
2025-12-27 18:00:09 | INFO     | fedaugment.utils.logger:44 | Epoch 176: train_loss: 2.03099
2025-12-27 18:00:11 | INFO     | fedaugment.utils.logger:44 | Epoch 177: train_loss: 2.03070
2025-12-27 18:00:13 | INFO     | fedaugment.utils.logger:44 | Epoch 178: train_loss: 2.02970
2025-12-27 18:00:15 | INFO     | fedaugment.utils.logger:44 | Epoch 179: train_loss: 2.02996
2025-12-27 18:00:17 | INFO     | fedaugment.utils.logger:44 | Epoch 180: train_loss: 2.02832
2025-12-27 18:00:20 | INFO     | fedaugment.utils.logger:44 | Epoch 181: train_loss: 2.02828
2025-12-27 18:00:22 | INFO     | fedaugment.utils.logger:44 | Epoch 182: train_loss: 2.02784
2025-12-27 18:00:24 | INFO     | fedaugment.utils.logger:44 | Epoch 183: train_loss: 2.02806
2025-12-27 18:00:26 | INFO     | fedaugment.utils.logger:44 | Epoch 184: train_loss: 2.02817
2025-12-27 18:00:28 | INFO     | fedaugment.utils.logger:44 | Epoch 185: train_loss: 2.02662
2025-12-27 18:00:30 | INFO     | fedaugment.utils.logger:44 | Epoch 186: train_loss: 2.02589
2025-12-27 18:00:33 | INFO     | fedaugment.utils.logger:44 | Epoch 187: train_loss: 2.02657
2025-12-27 18:00:35 | INFO     | fedaugment.utils.logger:44 | Epoch 188: train_loss: 2.02515
2025-12-27 18:00:37 | INFO     | fedaugment.utils.logger:44 | Epoch 189: train_loss: 2.02588
2025-12-27 18:00:39 | INFO     | fedaugment.utils.logger:44 | Epoch 190: train_loss: 2.02453
2025-12-27 18:00:41 | INFO     | fedaugment.utils.logger:44 | Epoch 191: train_loss: 2.02372
2025-12-27 18:00:44 | INFO     | fedaugment.utils.logger:44 | Epoch 192: train_loss: 2.02283
2025-12-27 18:00:46 | INFO     | fedaugment.utils.logger:44 | Epoch 193: train_loss: 2.02374
2025-12-27 18:00:48 | INFO     | fedaugment.utils.logger:44 | Epoch 194: train_loss: 2.02230
2025-12-27 18:00:50 | INFO     | fedaugment.utils.logger:44 | Epoch 195: train_loss: 2.02161
2025-12-27 18:00:52 | INFO     | fedaugment.utils.logger:44 | Epoch 196: train_loss: 2.02102
2025-12-27 18:00:54 | INFO     | fedaugment.utils.logger:44 | Epoch 197: train_loss: 2.02025
2025-12-27 18:00:56 | INFO     | fedaugment.utils.logger:44 | Epoch 198: train_loss: 2.02073
2025-12-27 18:00:58 | INFO     | fedaugment.utils.logger:44 | Epoch 199: train_loss: 2.02138
2025-12-27 18:01:00 | INFO     | fedaugment.utils.logger:44 | Epoch 200: train_loss: 2.02048
2025-12-27 18:01:02 | INFO     | fedaugment.utils.logger:44 | Epoch 201: train_loss: 2.01990
2025-12-27 18:01:04 | INFO     | fedaugment.utils.logger:44 | Epoch 202: train_loss: 2.01998
2025-12-27 18:01:06 | INFO     | fedaugment.utils.logger:44 | Epoch 203: train_loss: 2.01959
2025-12-27 18:01:08 | INFO     | fedaugment.utils.logger:44 | Epoch 204: train_loss: 2.01868
2025-12-27 18:01:10 | INFO     | fedaugment.utils.logger:44 | Epoch 205: train_loss: 2.01752
2025-12-27 18:01:13 | INFO     | fedaugment.utils.logger:44 | Epoch 206: train_loss: 2.01846
2025-12-27 18:01:15 | INFO     | fedaugment.utils.logger:44 | Epoch 207: train_loss: 2.01898
2025-12-27 18:01:17 | INFO     | fedaugment.utils.logger:44 | Epoch 208: train_loss: 2.01652
2025-12-27 18:01:19 | INFO     | fedaugment.utils.logger:44 | Epoch 209: train_loss: 2.01734
2025-12-27 18:01:22 | INFO     | fedaugment.utils.logger:44 | Epoch 210: train_loss: 2.01676
2025-12-27 18:01:24 | INFO     | fedaugment.utils.logger:44 | Epoch 211: train_loss: 2.01613
2025-12-27 18:01:26 | INFO     | fedaugment.utils.logger:44 | Epoch 212: train_loss: 2.01655
2025-12-27 18:01:28 | INFO     | fedaugment.utils.logger:44 | Epoch 213: train_loss: 2.01724
2025-12-27 18:01:30 | INFO     | fedaugment.utils.logger:44 | Epoch 214: train_loss: 2.01603
2025-12-27 18:01:32 | INFO     | fedaugment.utils.logger:44 | Epoch 215: train_loss: 2.01568
2025-12-27 18:01:34 | INFO     | fedaugment.utils.logger:44 | Epoch 216: train_loss: 2.01517
2025-12-27 18:01:36 | INFO     | fedaugment.utils.logger:44 | Epoch 217: train_loss: 2.01571
2025-12-27 18:01:38 | INFO     | fedaugment.utils.logger:44 | Epoch 218: train_loss: 2.01547
2025-12-27 18:01:40 | INFO     | fedaugment.utils.logger:44 | Epoch 219: train_loss: 2.01491
2025-12-27 18:01:42 | INFO     | fedaugment.utils.logger:44 | Epoch 220: train_loss: 2.01466
2025-12-27 18:01:44 | INFO     | fedaugment.utils.logger:44 | Epoch 221: train_loss: 2.01521
2025-12-27 18:01:46 | INFO     | fedaugment.utils.logger:44 | Epoch 222: train_loss: 2.01461
2025-12-27 18:01:49 | INFO     | fedaugment.utils.logger:44 | Epoch 223: train_loss: 2.01497
2025-12-27 18:01:51 | INFO     | fedaugment.utils.logger:44 | Epoch 224: train_loss: 2.01511
2025-12-27 18:01:53 | INFO     | fedaugment.utils.logger:44 | Epoch 225: train_loss: 2.01383
2025-12-27 18:01:55 | INFO     | fedaugment.utils.logger:44 | Epoch 226: train_loss: 2.01477
2025-12-27 18:01:57 | INFO     | fedaugment.utils.logger:44 | Epoch 227: train_loss: 2.01376
2025-12-27 18:01:59 | INFO     | fedaugment.utils.logger:44 | Epoch 228: train_loss: 2.01347
2025-12-27 18:02:01 | INFO     | fedaugment.utils.logger:44 | Epoch 229: train_loss: 2.01378
2025-12-27 18:02:03 | INFO     | fedaugment.utils.logger:44 | Epoch 230: train_loss: 2.01406
2025-12-27 18:02:05 | INFO     | fedaugment.utils.logger:44 | Epoch 231: train_loss: 2.01308
2025-12-27 18:02:07 | INFO     | fedaugment.utils.logger:44 | Epoch 232: train_loss: 2.01325
2025-12-27 18:02:09 | INFO     | fedaugment.utils.logger:44 | Epoch 233: train_loss: 2.01332
2025-12-27 18:02:11 | INFO     | fedaugment.utils.logger:44 | Epoch 234: train_loss: 2.01289
2025-12-27 18:02:13 | INFO     | fedaugment.utils.logger:44 | Epoch 235: train_loss: 2.01311
2025-12-27 18:02:15 | INFO     | fedaugment.utils.logger:44 | Epoch 236: train_loss: 2.01302
2025-12-27 18:02:17 | INFO     | fedaugment.utils.logger:44 | Epoch 237: train_loss: 2.01281
2025-12-27 18:02:19 | INFO     | fedaugment.utils.logger:44 | Epoch 238: train_loss: 2.01299
2025-12-27 18:02:21 | INFO     | fedaugment.utils.logger:44 | Epoch 239: train_loss: 2.01230
2025-12-27 18:02:23 | INFO     | fedaugment.utils.logger:44 | Epoch 240: train_loss: 2.01345
2025-12-27 18:02:26 | INFO     | fedaugment.utils.logger:44 | Epoch 241: train_loss: 2.01249
2025-12-27 18:02:28 | INFO     | fedaugment.utils.logger:44 | Epoch 242: train_loss: 2.01193
2025-12-27 18:02:30 | INFO     | fedaugment.utils.logger:44 | Epoch 243: train_loss: 2.01251
2025-12-27 18:02:33 | INFO     | fedaugment.utils.logger:44 | Epoch 244: train_loss: 2.01205
2025-12-27 18:02:35 | INFO     | fedaugment.utils.logger:44 | Epoch 245: train_loss: 2.01164
2025-12-27 18:02:37 | INFO     | fedaugment.utils.logger:44 | Epoch 246: train_loss: 2.01249
2025-12-27 18:02:39 | INFO     | fedaugment.utils.logger:44 | Epoch 247: train_loss: 2.01266
2025-12-27 18:02:42 | INFO     | fedaugment.utils.logger:44 | Epoch 248: train_loss: 2.01193
2025-12-27 18:02:44 | INFO     | fedaugment.utils.logger:44 | Epoch 249: train_loss: 2.01224
2025-12-27 18:02:44 | INFO     | lightning_utilities.core.rank_zero:60 | `Trainer.fit` stopped: `max_epochs=250` reached.
2025-12-27 18:02:52 | INFO     | fedaugment.projections.main:87 | Starting testing phase...
2025-12-27 18:02:52 | INFO     | lightning.pytorch.accelerators.cuda:61 | LOCAL_RANK: 0 - CUDA_VISIBLE_DEVICES: [0]
2025-12-27 18:02:52 | INFO     | fedaugment.utils.logger:38 | {'module_kwargs': CLModuleConfig(model_type='projection_head', out_dim=1024, hidden_dims=[1024, 1536, 1536], activation='silu', normalization='batch', dropout=0.0), 'criterion': CriterionConfig(class_='MultiViewNTXentLoss', kwargs={'temperature': 0.1}), 'optim_configs': [OptimizerConfig(class_='AdamW', kwargs={'lr': 0.001, 'betas': (0.9, 0.999), 'eps': 1e-08, 'weight_decay': 0.01})], 'sched_configs': [LRSchedulerConfig(class_='LambdaLR', interval='epoch', frequency=1, monitor=None, kwargs={'lr_lambda': <function cos_annealing_with_warmup at 0x7f894be1d440>})], 'pipeline_names': ['distilroberta-dj_adpt', 'gte_base-dj_adpt', 'gtr_t5-dj_adpt', 'mini_l12-dj_adpt', 'mini_l6-dj_adpt', 'mpnet-dj_adpt'], 'embedding_dims': [768, 768, 768, 384, 384, 768], 'data_batch_size': 4096, 'metric_batch_size': 65536}
2025-12-27 18:03:12 | DEBUG    | fedaugment.projections.metrics.base:115 | Computing CosineSimilarityOrchestrator metrics.
2025-12-27 18:03:12 | WARNING  | fedaugment.projections.metrics.base:117 | Number of projections (8891658) is not divisible by chunk size (65536). This may lead to suboptimal performance.
2025-12-27 20:15:28 | DEBUG    | fedaugment.projections.metrics.base:198 | Finalized CosineSimilarityOrchestrator metrics
2025-12-27 20:15:28 | INFO     | fedaugment.utils.logger:44 | Epoch 250: test_loss: 3.13042, test_cossim_mean: 0.00332, test_entity_stability_15: 0.28384, test_entity_stability_5: 0.24406, test_entity_stability_50: 0.36736, test_same_lbl_cossim_mean: 0.87177
2025-12-27 20:15:29 | INFO     | fedaugment.projections.main:92 | Best model checkpoint saved at /home/lennart-ldap/projects/fedaugment/logs/curation_train_webtable_grid-mpnet-dj_adpt-k=63049/version_1/last.ckpt
2025-12-27 20:15:29 | INFO     | __main__:50 | Evaluating fft_cos-mpnet-dj_adpt-k=63049-pca=0.9 on webtable 005
2025-12-27 20:15:29 | DEBUG    | fedaugment.projections.main:31 | Experiment configuration: {"experiment_name":"curation_train_webtable_fft_cos-mpnet-dj_adpt-k=63049-pca=0.9","experiment_version":1,"seed":42,"data_module":{"class_":"DefaultDataModule","data":{"train":"data/embeddings/webtable-005/fft_cos-mpnet-dj_adpt-k=63049-pca=0.9","val":null,"test":"data/embeddings/webtable-split/test"},"batch_size":4096,"num_workers":32,"pin_memory":true,"persistent_workers":true,"prefetch_factor":5,"verify_column_ids":true},"projection_model":{"class_":"ContrastiveLearningModel","module_kwargs":{"model_type":"projection_head","out_dim":1024,"hidden_dims":[1024,1536,1536],"activation":"silu","normalization":"batch","dropout":0.0},"criterion":{"class_":"MultiViewNTXentLoss","kwargs":{"temperature":0.1}},"optimizers":[{"class_":"AdamW","kwargs":{"lr":0.001,"betas":[0.9,0.999],"eps":1e-8,"weight_decay":0.01}}],"schedulers":[{"class_":"LambdaLR","interval":"epoch","frequency":1,"monitor":null,"kwargs":{"lr_lambda":"cos_annealing_with_warmup"}}],"metric_batch_size":65536},"trainer":{"max_epochs":250,"accelerator":"gpu","check_val_every_n_epoch":10,"devices":"auto","deterministic":false,"enable_checkpointing":true,"enable_model_summary":true,"enable_progress_bar":true,"log_every_n_steps":50,"max_time":null,"num_sanity_val_steps":2,"precision":"bf16-mixed","profiler":null},"compile_model":true}
2025-12-27 20:15:29 | INFO     | lightning.fabric.utilities.seed:57 | Seed set to 42
2025-12-27 20:15:31 | INFO     | fedaugment.projections.main:42 | Compiling projection model...
2025-12-27 20:15:31 | INFO     | fedaugment.projections.main:44 | Projection model compiled
2025-12-27 20:15:31 | INFO     | fedaugment.projections.main:46 | Initializing trainer...
2025-12-27 20:15:31 | INFO     | lightning_utilities.core.rank_zero:60 | Using bfloat16 Automatic Mixed Precision (AMP)
2025-12-27 20:15:31 | INFO     | lightning_utilities.core.rank_zero:60 | GPU available: True (cuda), used: True
2025-12-27 20:15:31 | INFO     | lightning_utilities.core.rank_zero:60 | TPU available: False, using: 0 TPU cores
2025-12-27 20:15:31 | INFO     | fedaugment.projections.main:76 | Trainer initialized
2025-12-27 20:15:31 | INFO     | fedaugment.projections.main:83 | Starting training phase...
2025-12-27 20:15:31 | INFO     | lightning.pytorch.accelerators.cuda:61 | LOCAL_RANK: 0 - CUDA_VISIBLE_DEVICES: [0]
2025-12-27 20:15:31 | INFO     | lightning.pytorch.callbacks.model_summary:110 |
  | Name              | Type                         | Params | Mode  | FLOPs
-----------------------------------------------------------------------------------
0 | criterion         | MultiViewNTXentLoss          | 0      | train | 0
1 | val_metrics       | MetricCollection             | 0      | train | 0
2 | test_metrics      | MetricCollection             | 0      | train | 0
3 | val_orchestrator  | CosineSimilarityOrchestrator | 0      | train | 0
4 | test_orchestrator | CosineSimilarityOrchestrator | 0      | train | 0
5 | projection_heads  | ModuleList                   | 37.0 M | train | 0
-----------------------------------------------------------------------------------
37.0 M    Trainable params
0         Non-trainable params
37.0 M    Total params
148.120   Total estimated model params size (MB)
94        Modules in train mode
0         Modules in eval mode
0         Total Flops
2025-12-27 20:15:31 | INFO     | fedaugment.utils.logger:38 | {'module_kwargs': CLModuleConfig(model_type='projection_head', out_dim=1024, hidden_dims=[1024, 1536, 1536], activation='silu', normalization='batch', dropout=0.0), 'criterion': CriterionConfig(class_='MultiViewNTXentLoss', kwargs={'temperature': 0.1}), 'optim_configs': [OptimizerConfig(class_='AdamW', kwargs={'lr': 0.001, 'betas': (0.9, 0.999), 'eps': 1e-08, 'weight_decay': 0.01})], 'sched_configs': [LRSchedulerConfig(class_='LambdaLR', interval='epoch', frequency=1, monitor=None, kwargs={'lr_lambda': <function cos_annealing_with_warmup at 0x7f894be1d440>})], 'pipeline_names': ['distilroberta-dj_adpt', 'gte_base-dj_adpt', 'gtr_t5-dj_adpt', 'mini_l12-dj_adpt', 'mini_l6-dj_adpt', 'mpnet-dj_adpt'], 'embedding_dims': [768, 768, 768, 384, 384, 768], 'data_batch_size': 4096, 'metric_batch_size': 65536}
2025-12-27 20:15:34 | INFO     | fedaugment.utils.logger:44 | Epoch 0: train_loss: 10.19455
2025-12-27 20:15:36 | INFO     | fedaugment.utils.logger:44 | Epoch 1: train_loss: 8.66226
2025-12-27 20:15:38 | INFO     | fedaugment.utils.logger:44 | Epoch 2: train_loss: 5.98632
2025-12-27 20:15:41 | INFO     | fedaugment.utils.logger:44 | Epoch 3: train_loss: 4.83854
2025-12-27 20:15:43 | INFO     | fedaugment.utils.logger:44 | Epoch 4: train_loss: 4.27529
2025-12-27 20:15:45 | INFO     | fedaugment.utils.logger:44 | Epoch 5: train_loss: 3.94054
2025-12-27 20:15:48 | INFO     | fedaugment.utils.logger:44 | Epoch 6: train_loss: 3.70917
2025-12-27 20:15:50 | INFO     | fedaugment.utils.logger:44 | Epoch 7: train_loss: 3.53338
2025-12-27 20:15:53 | INFO     | fedaugment.utils.logger:44 | Epoch 8: train_loss: 3.38915
2025-12-27 20:15:55 | INFO     | fedaugment.utils.logger:44 | Epoch 9: train_loss: 3.26800
2025-12-27 20:15:58 | INFO     | fedaugment.utils.logger:44 | Epoch 10: train_loss: 3.16474
2025-12-27 20:16:00 | INFO     | fedaugment.utils.logger:44 | Epoch 11: train_loss: 3.07086
2025-12-27 20:16:03 | INFO     | fedaugment.utils.logger:44 | Epoch 12: train_loss: 2.99034
2025-12-27 20:16:05 | INFO     | fedaugment.utils.logger:44 | Epoch 13: train_loss: 2.92231
2025-12-27 20:16:08 | INFO     | fedaugment.utils.logger:44 | Epoch 14: train_loss: 2.86347
2025-12-27 20:16:10 | INFO     | fedaugment.utils.logger:44 | Epoch 15: train_loss: 2.81020
2025-12-27 20:16:12 | INFO     | fedaugment.utils.logger:44 | Epoch 16: train_loss: 2.76260
2025-12-27 20:16:15 | INFO     | fedaugment.utils.logger:44 | Epoch 17: train_loss: 2.71857
2025-12-27 20:16:17 | INFO     | fedaugment.utils.logger:44 | Epoch 18: train_loss: 2.67976
2025-12-27 20:16:20 | INFO     | fedaugment.utils.logger:44 | Epoch 19: train_loss: 2.64321
2025-12-27 20:16:22 | INFO     | fedaugment.utils.logger:44 | Epoch 20: train_loss: 2.61003
2025-12-27 20:16:25 | INFO     | fedaugment.utils.logger:44 | Epoch 21: train_loss: 2.58055
2025-12-27 20:16:27 | INFO     | fedaugment.utils.logger:44 | Epoch 22: train_loss: 2.55176
2025-12-27 20:16:30 | INFO     | fedaugment.utils.logger:44 | Epoch 23: train_loss: 2.52549
2025-12-27 20:16:32 | INFO     | fedaugment.utils.logger:44 | Epoch 24: train_loss: 2.50231
2025-12-27 20:16:35 | INFO     | fedaugment.utils.logger:44 | Epoch 25: train_loss: 2.47990
2025-12-27 20:16:37 | INFO     | fedaugment.utils.logger:44 | Epoch 26: train_loss: 2.45824
2025-12-27 20:16:40 | INFO     | fedaugment.utils.logger:44 | Epoch 27: train_loss: 2.44035
2025-12-27 20:16:42 | INFO     | fedaugment.utils.logger:44 | Epoch 28: train_loss: 2.42196
2025-12-27 20:16:45 | INFO     | fedaugment.utils.logger:44 | Epoch 29: train_loss: 2.40463
2025-12-27 20:16:47 | INFO     | fedaugment.utils.logger:44 | Epoch 30: train_loss: 2.38833
2025-12-27 20:16:50 | INFO     | fedaugment.utils.logger:44 | Epoch 31: train_loss: 2.37414
2025-12-27 20:16:53 | INFO     | fedaugment.utils.logger:44 | Epoch 32: train_loss: 2.36067
2025-12-27 20:16:55 | INFO     | fedaugment.utils.logger:44 | Epoch 33: train_loss: 2.34720
2025-12-27 20:16:58 | INFO     | fedaugment.utils.logger:44 | Epoch 34: train_loss: 2.33570
2025-12-27 20:17:00 | INFO     | fedaugment.utils.logger:44 | Epoch 35: train_loss: 2.32420
2025-12-27 20:17:03 | INFO     | fedaugment.utils.logger:44 | Epoch 36: train_loss: 2.31313
2025-12-27 20:17:05 | INFO     | fedaugment.utils.logger:44 | Epoch 37: train_loss: 2.30314
2025-12-27 20:17:08 | INFO     | fedaugment.utils.logger:44 | Epoch 38: train_loss: 2.29223
2025-12-27 20:17:10 | INFO     | fedaugment.utils.logger:44 | Epoch 39: train_loss: 2.28324
2025-12-27 20:17:13 | INFO     | fedaugment.utils.logger:44 | Epoch 40: train_loss: 2.27471
2025-12-27 20:17:16 | INFO     | fedaugment.utils.logger:44 | Epoch 41: train_loss: 2.26641
2025-12-27 20:17:18 | INFO     | fedaugment.utils.logger:44 | Epoch 42: train_loss: 2.25760
2025-12-27 20:17:20 | INFO     | fedaugment.utils.logger:44 | Epoch 43: train_loss: 2.24972
2025-12-27 20:17:23 | INFO     | fedaugment.utils.logger:44 | Epoch 44: train_loss: 2.24220
2025-12-27 20:17:26 | INFO     | fedaugment.utils.logger:44 | Epoch 45: train_loss: 2.23518
2025-12-27 20:17:28 | INFO     | fedaugment.utils.logger:44 | Epoch 46: train_loss: 2.22874
2025-12-27 20:17:30 | INFO     | fedaugment.utils.logger:44 | Epoch 47: train_loss: 2.22129
2025-12-27 20:17:33 | INFO     | fedaugment.utils.logger:44 | Epoch 48: train_loss: 2.21456
2025-12-27 20:17:36 | INFO     | fedaugment.utils.logger:44 | Epoch 49: train_loss: 2.20918
2025-12-27 20:17:38 | INFO     | fedaugment.utils.logger:44 | Epoch 50: train_loss: 2.20339
2025-12-27 20:17:41 | INFO     | fedaugment.utils.logger:44 | Epoch 51: train_loss: 2.19718
2025-12-27 20:17:43 | INFO     | fedaugment.utils.logger:44 | Epoch 52: train_loss: 2.19233
2025-12-27 20:17:46 | INFO     | fedaugment.utils.logger:44 | Epoch 53: train_loss: 2.18727
2025-12-27 20:17:48 | INFO     | fedaugment.utils.logger:44 | Epoch 54: train_loss: 2.18212
2025-12-27 20:17:51 | INFO     | fedaugment.utils.logger:44 | Epoch 55: train_loss: 2.17680
2025-12-27 20:17:53 | INFO     | fedaugment.utils.logger:44 | Epoch 56: train_loss: 2.17214
2025-12-27 20:17:55 | INFO     | fedaugment.utils.logger:44 | Epoch 57: train_loss: 2.16725
2025-12-27 20:17:58 | INFO     | fedaugment.utils.logger:44 | Epoch 58: train_loss: 2.16300
2025-12-27 20:18:00 | INFO     | fedaugment.utils.logger:44 | Epoch 59: train_loss: 2.15834
2025-12-27 20:18:03 | INFO     | fedaugment.utils.logger:44 | Epoch 60: train_loss: 2.15501
2025-12-27 20:18:06 | INFO     | fedaugment.utils.logger:44 | Epoch 61: train_loss: 2.15065
2025-12-27 20:18:08 | INFO     | fedaugment.utils.logger:44 | Epoch 62: train_loss: 2.14688
2025-12-27 20:18:11 | INFO     | fedaugment.utils.logger:44 | Epoch 63: train_loss: 2.14374
2025-12-27 20:18:13 | INFO     | fedaugment.utils.logger:44 | Epoch 64: train_loss: 2.14074
2025-12-27 20:18:16 | INFO     | fedaugment.utils.logger:44 | Epoch 65: train_loss: 2.13757
2025-12-27 20:18:18 | INFO     | fedaugment.utils.logger:44 | Epoch 66: train_loss: 2.13463
2025-12-27 20:18:21 | INFO     | fedaugment.utils.logger:44 | Epoch 67: train_loss: 2.13126
2025-12-27 20:18:23 | INFO     | fedaugment.utils.logger:44 | Epoch 68: train_loss: 2.12819
2025-12-27 20:18:26 | INFO     | fedaugment.utils.logger:44 | Epoch 69: train_loss: 2.12504
2025-12-27 20:18:28 | INFO     | fedaugment.utils.logger:44 | Epoch 70: train_loss: 2.12212
2025-12-27 20:18:30 | INFO     | fedaugment.utils.logger:44 | Epoch 71: train_loss: 2.11886
2025-12-27 20:18:33 | INFO     | fedaugment.utils.logger:44 | Epoch 72: train_loss: 2.11628
2025-12-27 20:18:35 | INFO     | fedaugment.utils.logger:44 | Epoch 73: train_loss: 2.11435
2025-12-27 20:18:38 | INFO     | fedaugment.utils.logger:44 | Epoch 74: train_loss: 2.11144
2025-12-27 20:18:40 | INFO     | fedaugment.utils.logger:44 | Epoch 75: train_loss: 2.10848
2025-12-27 20:18:43 | INFO     | fedaugment.utils.logger:44 | Epoch 76: train_loss: 2.10576
2025-12-27 20:18:45 | INFO     | fedaugment.utils.logger:44 | Epoch 77: train_loss: 2.10347
2025-12-27 20:18:47 | INFO     | fedaugment.utils.logger:44 | Epoch 78: train_loss: 2.10145
2025-12-27 20:18:50 | INFO     | fedaugment.utils.logger:44 | Epoch 79: train_loss: 2.09978
2025-12-27 20:18:52 | INFO     | fedaugment.utils.logger:44 | Epoch 80: train_loss: 2.09791
2025-12-27 20:18:55 | INFO     | fedaugment.utils.logger:44 | Epoch 81: train_loss: 2.09568
2025-12-27 20:18:57 | INFO     | fedaugment.utils.logger:44 | Epoch 82: train_loss: 2.09359
2025-12-27 20:19:00 | INFO     | fedaugment.utils.logger:44 | Epoch 83: train_loss: 2.09148
2025-12-27 20:19:02 | INFO     | fedaugment.utils.logger:44 | Epoch 84: train_loss: 2.08902
2025-12-27 20:19:05 | INFO     | fedaugment.utils.logger:44 | Epoch 85: train_loss: 2.08717
2025-12-27 20:19:07 | INFO     | fedaugment.utils.logger:44 | Epoch 86: train_loss: 2.08573
2025-12-27 20:19:10 | INFO     | fedaugment.utils.logger:44 | Epoch 87: train_loss: 2.08370
2025-12-27 20:19:12 | INFO     | fedaugment.utils.logger:44 | Epoch 88: train_loss: 2.08136
2025-12-27 20:19:14 | INFO     | fedaugment.utils.logger:44 | Epoch 89: train_loss: 2.07931
2025-12-27 20:19:17 | INFO     | fedaugment.utils.logger:44 | Epoch 90: train_loss: 2.07767
2025-12-27 20:19:19 | INFO     | fedaugment.utils.logger:44 | Epoch 91: train_loss: 2.07610
2025-12-27 20:19:21 | INFO     | fedaugment.utils.logger:44 | Epoch 92: train_loss: 2.07449
2025-12-27 20:19:24 | INFO     | fedaugment.utils.logger:44 | Epoch 93: train_loss: 2.07254
2025-12-27 20:19:26 | INFO     | fedaugment.utils.logger:44 | Epoch 94: train_loss: 2.07108
2025-12-27 20:19:29 | INFO     | fedaugment.utils.logger:44 | Epoch 95: train_loss: 2.06936
2025-12-27 20:19:31 | INFO     | fedaugment.utils.logger:44 | Epoch 96: train_loss: 2.06802
2025-12-27 20:19:33 | INFO     | fedaugment.utils.logger:44 | Epoch 97: train_loss: 2.06673
2025-12-27 20:19:36 | INFO     | fedaugment.utils.logger:44 | Epoch 98: train_loss: 2.06546
2025-12-27 20:19:38 | INFO     | fedaugment.utils.logger:44 | Epoch 99: train_loss: 2.06347
2025-12-27 20:19:40 | INFO     | fedaugment.utils.logger:44 | Epoch 100: train_loss: 2.06214
2025-12-27 20:19:43 | INFO     | fedaugment.utils.logger:44 | Epoch 101: train_loss: 2.06110
2025-12-27 20:19:45 | INFO     | fedaugment.utils.logger:44 | Epoch 102: train_loss: 2.05990
2025-12-27 20:19:47 | INFO     | fedaugment.utils.logger:44 | Epoch 103: train_loss: 2.05873
2025-12-27 20:19:50 | INFO     | fedaugment.utils.logger:44 | Epoch 104: train_loss: 2.05722
2025-12-27 20:19:52 | INFO     | fedaugment.utils.logger:44 | Epoch 105: train_loss: 2.05604
2025-12-27 20:19:54 | INFO     | fedaugment.utils.logger:44 | Epoch 106: train_loss: 2.05482
2025-12-27 20:19:57 | INFO     | fedaugment.utils.logger:44 | Epoch 107: train_loss: 2.05361
2025-12-27 20:19:59 | INFO     | fedaugment.utils.logger:44 | Epoch 108: train_loss: 2.05231
2025-12-27 20:20:02 | INFO     | fedaugment.utils.logger:44 | Epoch 109: train_loss: 2.05138
2025-12-27 20:20:04 | INFO     | fedaugment.utils.logger:44 | Epoch 110: train_loss: 2.05006
2025-12-27 20:20:07 | INFO     | fedaugment.utils.logger:44 | Epoch 111: train_loss: 2.04936
2025-12-27 20:20:09 | INFO     | fedaugment.utils.logger:44 | Epoch 112: train_loss: 2.04832
2025-12-27 20:20:11 | INFO     | fedaugment.utils.logger:44 | Epoch 113: train_loss: 2.04746
2025-12-27 20:20:13 | INFO     | fedaugment.utils.logger:44 | Epoch 114: train_loss: 2.04679
2025-12-27 20:20:16 | INFO     | fedaugment.utils.logger:44 | Epoch 115: train_loss: 2.04603
2025-12-27 20:20:18 | INFO     | fedaugment.utils.logger:44 | Epoch 116: train_loss: 2.04482
2025-12-27 20:20:21 | INFO     | fedaugment.utils.logger:44 | Epoch 117: train_loss: 2.04394
2025-12-27 20:20:23 | INFO     | fedaugment.utils.logger:44 | Epoch 118: train_loss: 2.04338
2025-12-27 20:20:25 | INFO     | fedaugment.utils.logger:44 | Epoch 119: train_loss: 2.04257
2025-12-27 20:20:28 | INFO     | fedaugment.utils.logger:44 | Epoch 120: train_loss: 2.04189
2025-12-27 20:20:30 | INFO     | fedaugment.utils.logger:44 | Epoch 121: train_loss: 2.04110
2025-12-27 20:20:32 | INFO     | fedaugment.utils.logger:44 | Epoch 122: train_loss: 2.04016
2025-12-27 20:20:35 | INFO     | fedaugment.utils.logger:44 | Epoch 123: train_loss: 2.03955
2025-12-27 20:20:37 | INFO     | fedaugment.utils.logger:44 | Epoch 124: train_loss: 2.03875
2025-12-27 20:20:39 | INFO     | fedaugment.utils.logger:44 | Epoch 125: train_loss: 2.03802
2025-12-27 20:20:42 | INFO     | fedaugment.utils.logger:44 | Epoch 126: train_loss: 2.03743
2025-12-27 20:20:44 | INFO     | fedaugment.utils.logger:44 | Epoch 127: train_loss: 2.03678
2025-12-27 20:20:46 | INFO     | fedaugment.utils.logger:44 | Epoch 128: train_loss: 2.03609
2025-12-27 20:20:49 | INFO     | fedaugment.utils.logger:44 | Epoch 129: train_loss: 2.03546
2025-12-27 20:20:51 | INFO     | fedaugment.utils.logger:44 | Epoch 130: train_loss: 2.03460
2025-12-27 20:20:53 | INFO     | fedaugment.utils.logger:44 | Epoch 131: train_loss: 2.03415
2025-12-27 20:20:56 | INFO     | fedaugment.utils.logger:44 | Epoch 132: train_loss: 2.03365
2025-12-27 20:20:58 | INFO     | fedaugment.utils.logger:44 | Epoch 133: train_loss: 2.03285
2025-12-27 20:21:00 | INFO     | fedaugment.utils.logger:44 | Epoch 134: train_loss: 2.03214
2025-12-27 20:21:03 | INFO     | fedaugment.utils.logger:44 | Epoch 135: train_loss: 2.03162
2025-12-27 20:21:05 | INFO     | fedaugment.utils.logger:44 | Epoch 136: train_loss: 2.03090
2025-12-27 20:21:08 | INFO     | fedaugment.utils.logger:44 | Epoch 137: train_loss: 2.03011
2025-12-27 20:21:10 | INFO     | fedaugment.utils.logger:44 | Epoch 138: train_loss: 2.02969
2025-12-27 20:21:13 | INFO     | fedaugment.utils.logger:44 | Epoch 139: train_loss: 2.02934
2025-12-27 20:21:15 | INFO     | fedaugment.utils.logger:44 | Epoch 140: train_loss: 2.02881
2025-12-27 20:21:17 | INFO     | fedaugment.utils.logger:44 | Epoch 141: train_loss: 2.02811
2025-12-27 20:21:19 | INFO     | fedaugment.utils.logger:44 | Epoch 142: train_loss: 2.02747
2025-12-27 20:21:22 | INFO     | fedaugment.utils.logger:44 | Epoch 143: train_loss: 2.02685
2025-12-27 20:21:24 | INFO     | fedaugment.utils.logger:44 | Epoch 144: train_loss: 2.02638
2025-12-27 20:21:27 | INFO     | fedaugment.utils.logger:44 | Epoch 145: train_loss: 2.02586
2025-12-27 20:21:29 | INFO     | fedaugment.utils.logger:44 | Epoch 146: train_loss: 2.02508
2025-12-27 20:21:31 | INFO     | fedaugment.utils.logger:44 | Epoch 147: train_loss: 2.02442
2025-12-27 20:21:34 | INFO     | fedaugment.utils.logger:44 | Epoch 148: train_loss: 2.02375
2025-12-27 20:21:36 | INFO     | fedaugment.utils.logger:44 | Epoch 149: train_loss: 2.02332
2025-12-27 20:21:38 | INFO     | fedaugment.utils.logger:44 | Epoch 150: train_loss: 2.02256
2025-12-27 20:21:41 | INFO     | fedaugment.utils.logger:44 | Epoch 151: train_loss: 2.02236
2025-12-27 20:21:43 | INFO     | fedaugment.utils.logger:44 | Epoch 152: train_loss: 2.02185
2025-12-27 20:21:46 | INFO     | fedaugment.utils.logger:44 | Epoch 153: train_loss: 2.02120
2025-12-27 20:21:48 | INFO     | fedaugment.utils.logger:44 | Epoch 154: train_loss: 2.02047
2025-12-27 20:21:50 | INFO     | fedaugment.utils.logger:44 | Epoch 155: train_loss: 2.01995
2025-12-27 20:21:52 | INFO     | fedaugment.utils.logger:44 | Epoch 156: train_loss: 2.01958
2025-12-27 20:21:55 | INFO     | fedaugment.utils.logger:44 | Epoch 157: train_loss: 2.01892
2025-12-27 20:21:57 | INFO     | fedaugment.utils.logger:44 | Epoch 158: train_loss: 2.01839
2025-12-27 20:22:00 | INFO     | fedaugment.utils.logger:44 | Epoch 159: train_loss: 2.01797
2025-12-27 20:22:02 | INFO     | fedaugment.utils.logger:44 | Epoch 160: train_loss: 2.01749
2025-12-27 20:22:04 | INFO     | fedaugment.utils.logger:44 | Epoch 161: train_loss: 2.01704
2025-12-27 20:22:06 | INFO     | fedaugment.utils.logger:44 | Epoch 162: train_loss: 2.01650
2025-12-27 20:22:09 | INFO     | fedaugment.utils.logger:44 | Epoch 163: train_loss: 2.01599
2025-12-27 20:22:11 | INFO     | fedaugment.utils.logger:44 | Epoch 164: train_loss: 2.01537
2025-12-27 20:22:14 | INFO     | fedaugment.utils.logger:44 | Epoch 165: train_loss: 2.01506
2025-12-27 20:22:16 | INFO     | fedaugment.utils.logger:44 | Epoch 166: train_loss: 2.01461
2025-12-27 20:22:18 | INFO     | fedaugment.utils.logger:44 | Epoch 167: train_loss: 2.01412
2025-12-27 20:22:21 | INFO     | fedaugment.utils.logger:44 | Epoch 168: train_loss: 2.01376
2025-12-27 20:22:23 | INFO     | fedaugment.utils.logger:44 | Epoch 169: train_loss: 2.01311
2025-12-27 20:22:25 | INFO     | fedaugment.utils.logger:44 | Epoch 170: train_loss: 2.01295
2025-12-27 20:22:28 | INFO     | fedaugment.utils.logger:44 | Epoch 171: train_loss: 2.01239
2025-12-27 20:22:30 | INFO     | fedaugment.utils.logger:44 | Epoch 172: train_loss: 2.01217
2025-12-27 20:22:32 | INFO     | fedaugment.utils.logger:44 | Epoch 173: train_loss: 2.01174
2025-12-27 20:22:35 | INFO     | fedaugment.utils.logger:44 | Epoch 174: train_loss: 2.01135
2025-12-27 20:22:37 | INFO     | fedaugment.utils.logger:44 | Epoch 175: train_loss: 2.01098
2025-12-27 20:22:39 | INFO     | fedaugment.utils.logger:44 | Epoch 176: train_loss: 2.01069
2025-12-27 20:22:42 | INFO     | fedaugment.utils.logger:44 | Epoch 177: train_loss: 2.01031
2025-12-27 20:22:44 | INFO     | fedaugment.utils.logger:44 | Epoch 178: train_loss: 2.00991
2025-12-27 20:22:47 | INFO     | fedaugment.utils.logger:44 | Epoch 179: train_loss: 2.00969
2025-12-27 20:22:49 | INFO     | fedaugment.utils.logger:44 | Epoch 180: train_loss: 2.00928
2025-12-27 20:22:52 | INFO     | fedaugment.utils.logger:44 | Epoch 181: train_loss: 2.00905
2025-12-27 20:22:54 | INFO     | fedaugment.utils.logger:44 | Epoch 182: train_loss: 2.00881
2025-12-27 20:22:56 | INFO     | fedaugment.utils.logger:44 | Epoch 183: train_loss: 2.00851
2025-12-27 20:22:58 | INFO     | fedaugment.utils.logger:44 | Epoch 184: train_loss: 2.00821
2025-12-27 20:23:01 | INFO     | fedaugment.utils.logger:44 | Epoch 185: train_loss: 2.00796
2025-12-27 20:23:03 | INFO     | fedaugment.utils.logger:44 | Epoch 186: train_loss: 2.00764
2025-12-27 20:23:05 | INFO     | fedaugment.utils.logger:44 | Epoch 187: train_loss: 2.00740
2025-12-27 20:23:08 | INFO     | fedaugment.utils.logger:44 | Epoch 188: train_loss: 2.00704
2025-12-27 20:23:10 | INFO     | fedaugment.utils.logger:44 | Epoch 189: train_loss: 2.00678
2025-12-27 20:23:13 | INFO     | fedaugment.utils.logger:44 | Epoch 190: train_loss: 2.00669
2025-12-27 20:23:15 | INFO     | fedaugment.utils.logger:44 | Epoch 191: train_loss: 2.00633
2025-12-27 20:23:17 | INFO     | fedaugment.utils.logger:44 | Epoch 192: train_loss: 2.00613
2025-12-27 20:23:20 | INFO     | fedaugment.utils.logger:44 | Epoch 193: train_loss: 2.00598
2025-12-27 20:23:22 | INFO     | fedaugment.utils.logger:44 | Epoch 194: train_loss: 2.00586
2025-12-27 20:23:25 | INFO     | fedaugment.utils.logger:44 | Epoch 195: train_loss: 2.00562
2025-12-27 20:23:27 | INFO     | fedaugment.utils.logger:44 | Epoch 196: train_loss: 2.00544
2025-12-27 20:23:29 | INFO     | fedaugment.utils.logger:44 | Epoch 197: train_loss: 2.00525
2025-12-27 20:23:32 | INFO     | fedaugment.utils.logger:44 | Epoch 198: train_loss: 2.00504
2025-12-27 20:23:34 | INFO     | fedaugment.utils.logger:44 | Epoch 199: train_loss: 2.00479
2025-12-27 20:23:36 | INFO     | fedaugment.utils.logger:44 | Epoch 200: train_loss: 2.00468
2025-12-27 20:23:39 | INFO     | fedaugment.utils.logger:44 | Epoch 201: train_loss: 2.00452
2025-12-27 20:23:41 | INFO     | fedaugment.utils.logger:44 | Epoch 202: train_loss: 2.00439
2025-12-27 20:23:43 | INFO     | fedaugment.utils.logger:44 | Epoch 203: train_loss: 2.00419
2025-12-27 20:23:45 | INFO     | fedaugment.utils.logger:44 | Epoch 204: train_loss: 2.00408
2025-12-27 20:23:48 | INFO     | fedaugment.utils.logger:44 | Epoch 205: train_loss: 2.00399
2025-12-27 20:23:50 | INFO     | fedaugment.utils.logger:44 | Epoch 206: train_loss: 2.00385
2025-12-27 20:23:53 | INFO     | fedaugment.utils.logger:44 | Epoch 207: train_loss: 2.00386
2025-12-27 20:23:55 | INFO     | fedaugment.utils.logger:44 | Epoch 208: train_loss: 2.00352
2025-12-27 20:23:58 | INFO     | fedaugment.utils.logger:44 | Epoch 209: train_loss: 2.00351
2025-12-27 20:24:00 | INFO     | fedaugment.utils.logger:44 | Epoch 210: train_loss: 2.00340
2025-12-27 20:24:02 | INFO     | fedaugment.utils.logger:44 | Epoch 211: train_loss: 2.00332
2025-12-27 20:24:04 | INFO     | fedaugment.utils.logger:44 | Epoch 212: train_loss: 2.00329
2025-12-27 20:24:07 | INFO     | fedaugment.utils.logger:44 | Epoch 213: train_loss: 2.00312
2025-12-27 20:24:09 | INFO     | fedaugment.utils.logger:44 | Epoch 214: train_loss: 2.00308
2025-12-27 20:24:11 | INFO     | fedaugment.utils.logger:44 | Epoch 215: train_loss: 2.00300
2025-12-27 20:24:14 | INFO     | fedaugment.utils.logger:44 | Epoch 216: train_loss: 2.00288
2025-12-27 20:24:16 | INFO     | fedaugment.utils.logger:44 | Epoch 217: train_loss: 2.00274
2025-12-27 20:24:18 | INFO     | fedaugment.utils.logger:44 | Epoch 218: train_loss: 2.00275
2025-12-27 20:24:21 | INFO     | fedaugment.utils.logger:44 | Epoch 219: train_loss: 2.00257
2025-12-27 20:24:23 | INFO     | fedaugment.utils.logger:44 | Epoch 220: train_loss: 2.00252
2025-12-27 20:24:26 | INFO     | fedaugment.utils.logger:44 | Epoch 221: train_loss: 2.00243
2025-12-27 20:24:28 | INFO     | fedaugment.utils.logger:44 | Epoch 222: train_loss: 2.00241
2025-12-27 20:24:30 | INFO     | fedaugment.utils.logger:44 | Epoch 223: train_loss: 2.00239
2025-12-27 20:24:33 | INFO     | fedaugment.utils.logger:44 | Epoch 224: train_loss: 2.00226
2025-12-27 20:24:35 | INFO     | fedaugment.utils.logger:44 | Epoch 225: train_loss: 2.00222
2025-12-27 20:24:37 | INFO     | fedaugment.utils.logger:44 | Epoch 226: train_loss: 2.00215
2025-12-27 20:24:39 | INFO     | fedaugment.utils.logger:44 | Epoch 227: train_loss: 2.00221
2025-12-27 20:24:42 | INFO     | fedaugment.utils.logger:44 | Epoch 228: train_loss: 2.00210
2025-12-27 20:24:44 | INFO     | fedaugment.utils.logger:44 | Epoch 229: train_loss: 2.00197
2025-12-27 20:24:46 | INFO     | fedaugment.utils.logger:44 | Epoch 230: train_loss: 2.00208
2025-12-27 20:24:49 | INFO     | fedaugment.utils.logger:44 | Epoch 231: train_loss: 2.00201
2025-12-27 20:24:51 | INFO     | fedaugment.utils.logger:44 | Epoch 232: train_loss: 2.00196
2025-12-27 20:24:54 | INFO     | fedaugment.utils.logger:44 | Epoch 233: train_loss: 2.00189
2025-12-27 20:24:56 | INFO     | fedaugment.utils.logger:44 | Epoch 234: train_loss: 2.00181
2025-12-27 20:24:59 | INFO     | fedaugment.utils.logger:44 | Epoch 235: train_loss: 2.00187
2025-12-27 20:25:01 | INFO     | fedaugment.utils.logger:44 | Epoch 236: train_loss: 2.00182
2025-12-27 20:25:03 | INFO     | fedaugment.utils.logger:44 | Epoch 237: train_loss: 2.00167
2025-12-27 20:25:06 | INFO     | fedaugment.utils.logger:44 | Epoch 238: train_loss: 2.00170
2025-12-27 20:25:08 | INFO     | fedaugment.utils.logger:44 | Epoch 239: train_loss: 2.00176
2025-12-27 20:25:11 | INFO     | fedaugment.utils.logger:44 | Epoch 240: train_loss: 2.00179
2025-12-27 20:25:13 | INFO     | fedaugment.utils.logger:44 | Epoch 241: train_loss: 2.00167
2025-12-27 20:25:16 | INFO     | fedaugment.utils.logger:44 | Epoch 242: train_loss: 2.00165
2025-12-27 20:25:18 | INFO     | fedaugment.utils.logger:44 | Epoch 243: train_loss: 2.00166
2025-12-27 20:25:21 | INFO     | fedaugment.utils.logger:44 | Epoch 244: train_loss: 2.00170
2025-12-27 20:25:23 | INFO     | fedaugment.utils.logger:44 | Epoch 245: train_loss: 2.00168
2025-12-27 20:25:25 | INFO     | fedaugment.utils.logger:44 | Epoch 246: train_loss: 2.00167
2025-12-27 20:25:27 | INFO     | fedaugment.utils.logger:44 | Epoch 247: train_loss: 2.00168
2025-12-27 20:25:30 | INFO     | fedaugment.utils.logger:44 | Epoch 248: train_loss: 2.00172
2025-12-27 20:25:32 | INFO     | fedaugment.utils.logger:44 | Epoch 249: train_loss: 2.00175
2025-12-27 20:25:32 | INFO     | lightning_utilities.core.rank_zero:60 | `Trainer.fit` stopped: `max_epochs=250` reached.
2025-12-27 20:25:40 | INFO     | fedaugment.projections.main:87 | Starting testing phase...
2025-12-27 20:25:40 | INFO     | lightning.pytorch.accelerators.cuda:61 | LOCAL_RANK: 0 - CUDA_VISIBLE_DEVICES: [0]
2025-12-27 20:25:40 | INFO     | fedaugment.utils.logger:38 | {'module_kwargs': CLModuleConfig(model_type='projection_head', out_dim=1024, hidden_dims=[1024, 1536, 1536], activation='silu', normalization='batch', dropout=0.0), 'criterion': CriterionConfig(class_='MultiViewNTXentLoss', kwargs={'temperature': 0.1}), 'optim_configs': [OptimizerConfig(class_='AdamW', kwargs={'lr': 0.001, 'betas': (0.9, 0.999), 'eps': 1e-08, 'weight_decay': 0.01})], 'sched_configs': [LRSchedulerConfig(class_='LambdaLR', interval='epoch', frequency=1, monitor=None, kwargs={'lr_lambda': <function cos_annealing_with_warmup at 0x7f894be1d440>})], 'pipeline_names': ['distilroberta-dj_adpt', 'gte_base-dj_adpt', 'gtr_t5-dj_adpt', 'mini_l12-dj_adpt', 'mini_l6-dj_adpt', 'mpnet-dj_adpt'], 'embedding_dims': [768, 768, 768, 384, 384, 768], 'data_batch_size': 4096, 'metric_batch_size': 65536}
2025-12-27 20:26:00 | DEBUG    | fedaugment.projections.metrics.base:115 | Computing CosineSimilarityOrchestrator metrics.
2025-12-27 20:26:00 | WARNING  | fedaugment.projections.metrics.base:117 | Number of projections (8891658) is not divisible by chunk size (65536). This may lead to suboptimal performance.
2025-12-27 22:35:19 | DEBUG    | fedaugment.projections.metrics.base:198 | Finalized CosineSimilarityOrchestrator metrics
2025-12-27 22:35:19 | INFO     | fedaugment.utils.logger:44 | Epoch 250: test_loss: 3.86651, test_cossim_mean: 0.02265, test_entity_stability_15: 0.08007, test_entity_stability_5: 0.06369, test_entity_stability_50: 0.12480, test_same_lbl_cossim_mean: 0.83368
2025-12-27 22:35:19 | INFO     | fedaugment.projections.main:92 | Best model checkpoint saved at /home/lennart-ldap/projects/fedaugment/logs/curation_train_webtable_fft_cos-mpnet-dj_adpt-k=63049-pca=0.9/version_1/last.ckpt
2025-12-27 22:35:19 | INFO     | __main__:50 | Evaluating fft_euc-mpnet-dj_adpt-k=63049-pca=0.9 on webtable 005
2025-12-27 22:35:19 | DEBUG    | fedaugment.projections.main:31 | Experiment configuration: {"experiment_name":"curation_train_webtable_fft_euc-mpnet-dj_adpt-k=63049-pca=0.9","experiment_version":1,"seed":42,"data_module":{"class_":"DefaultDataModule","data":{"train":"data/embeddings/webtable-005/fft_euc-mpnet-dj_adpt-k=63049-pca=0.9","val":null,"test":"data/embeddings/webtable-split/test"},"batch_size":4096,"num_workers":32,"pin_memory":true,"persistent_workers":true,"prefetch_factor":5,"verify_column_ids":true},"projection_model":{"class_":"ContrastiveLearningModel","module_kwargs":{"model_type":"projection_head","out_dim":1024,"hidden_dims":[1024,1536,1536],"activation":"silu","normalization":"batch","dropout":0.0},"criterion":{"class_":"MultiViewNTXentLoss","kwargs":{"temperature":0.1}},"optimizers":[{"class_":"AdamW","kwargs":{"lr":0.001,"betas":[0.9,0.999],"eps":1e-8,"weight_decay":0.01}}],"schedulers":[{"class_":"LambdaLR","interval":"epoch","frequency":1,"monitor":null,"kwargs":{"lr_lambda":"cos_annealing_with_warmup"}}],"metric_batch_size":65536},"trainer":{"max_epochs":250,"accelerator":"gpu","check_val_every_n_epoch":10,"devices":"auto","deterministic":false,"enable_checkpointing":true,"enable_model_summary":true,"enable_progress_bar":true,"log_every_n_steps":50,"max_time":null,"num_sanity_val_steps":2,"precision":"bf16-mixed","profiler":null},"compile_model":true}
2025-12-27 22:35:19 | INFO     | lightning.fabric.utilities.seed:57 | Seed set to 42
2025-12-27 22:35:21 | INFO     | fedaugment.projections.main:42 | Compiling projection model...
2025-12-27 22:35:21 | INFO     | fedaugment.projections.main:44 | Projection model compiled
2025-12-27 22:35:21 | INFO     | fedaugment.projections.main:46 | Initializing trainer...
2025-12-27 22:35:21 | INFO     | lightning_utilities.core.rank_zero:60 | Using bfloat16 Automatic Mixed Precision (AMP)
2025-12-27 22:35:21 | INFO     | lightning_utilities.core.rank_zero:60 | GPU available: True (cuda), used: True
2025-12-27 22:35:21 | INFO     | lightning_utilities.core.rank_zero:60 | TPU available: False, using: 0 TPU cores
2025-12-27 22:35:21 | INFO     | fedaugment.projections.main:76 | Trainer initialized
2025-12-27 22:35:21 | INFO     | fedaugment.projections.main:83 | Starting training phase...
2025-12-27 22:35:21 | INFO     | lightning.pytorch.accelerators.cuda:61 | LOCAL_RANK: 0 - CUDA_VISIBLE_DEVICES: [0]
2025-12-27 22:35:21 | INFO     | lightning.pytorch.callbacks.model_summary:110 |
  | Name              | Type                         | Params | Mode  | FLOPs
-----------------------------------------------------------------------------------
0 | criterion         | MultiViewNTXentLoss          | 0      | train | 0
1 | val_metrics       | MetricCollection             | 0      | train | 0
2 | test_metrics      | MetricCollection             | 0      | train | 0
3 | val_orchestrator  | CosineSimilarityOrchestrator | 0      | train | 0
4 | test_orchestrator | CosineSimilarityOrchestrator | 0      | train | 0
5 | projection_heads  | ModuleList                   | 37.0 M | train | 0
-----------------------------------------------------------------------------------
37.0 M    Trainable params
0         Non-trainable params
37.0 M    Total params
148.120   Total estimated model params size (MB)
94        Modules in train mode
0         Modules in eval mode
0         Total Flops
2025-12-27 22:35:21 | INFO     | fedaugment.utils.logger:38 | {'module_kwargs': CLModuleConfig(model_type='projection_head', out_dim=1024, hidden_dims=[1024, 1536, 1536], activation='silu', normalization='batch', dropout=0.0), 'criterion': CriterionConfig(class_='MultiViewNTXentLoss', kwargs={'temperature': 0.1}), 'optim_configs': [OptimizerConfig(class_='AdamW', kwargs={'lr': 0.001, 'betas': (0.9, 0.999), 'eps': 1e-08, 'weight_decay': 0.01})], 'sched_configs': [LRSchedulerConfig(class_='LambdaLR', interval='epoch', frequency=1, monitor=None, kwargs={'lr_lambda': <function cos_annealing_with_warmup at 0x7f894be1d440>})], 'pipeline_names': ['distilroberta-dj_adpt', 'gte_base-dj_adpt', 'gtr_t5-dj_adpt', 'mini_l12-dj_adpt', 'mini_l6-dj_adpt', 'mpnet-dj_adpt'], 'embedding_dims': [768, 768, 768, 384, 384, 768], 'data_batch_size': 4096, 'metric_batch_size': 65536}
2025-12-27 22:35:24 | INFO     | fedaugment.utils.logger:44 | Epoch 0: train_loss: 10.19557
2025-12-27 22:35:26 | INFO     | fedaugment.utils.logger:44 | Epoch 1: train_loss: 8.62038
2025-12-27 22:35:28 | INFO     | fedaugment.utils.logger:44 | Epoch 2: train_loss: 5.92573
2025-12-27 22:35:31 | INFO     | fedaugment.utils.logger:44 | Epoch 3: train_loss: 4.78249
2025-12-27 22:35:32 | INFO     | fedaugment.utils.logger:44 | Epoch 4: train_loss: 4.27267
2025-12-27 22:35:34 | INFO     | fedaugment.utils.logger:44 | Epoch 5: train_loss: 3.96005
2025-12-27 22:35:37 | INFO     | fedaugment.utils.logger:44 | Epoch 6: train_loss: 3.73999
2025-12-27 22:35:39 | INFO     | fedaugment.utils.logger:44 | Epoch 7: train_loss: 3.56689
2025-12-27 22:35:42 | INFO     | fedaugment.utils.logger:44 | Epoch 8: train_loss: 3.42483
2025-12-27 22:35:44 | INFO     | fedaugment.utils.logger:44 | Epoch 9: train_loss: 3.30875
2025-12-27 22:35:46 | INFO     | fedaugment.utils.logger:44 | Epoch 10: train_loss: 3.21038
2025-12-27 22:35:48 | INFO     | fedaugment.utils.logger:44 | Epoch 11: train_loss: 3.11953
2025-12-27 22:35:51 | INFO     | fedaugment.utils.logger:44 | Epoch 12: train_loss: 3.04393
2025-12-27 22:35:53 | INFO     | fedaugment.utils.logger:44 | Epoch 13: train_loss: 2.97847
2025-12-27 22:35:56 | INFO     | fedaugment.utils.logger:44 | Epoch 14: train_loss: 2.92068
2025-12-27 22:35:58 | INFO     | fedaugment.utils.logger:44 | Epoch 15: train_loss: 2.86825
2025-12-27 22:36:00 | INFO     | fedaugment.utils.logger:44 | Epoch 16: train_loss: 2.82261
2025-12-27 22:36:03 | INFO     | fedaugment.utils.logger:44 | Epoch 17: train_loss: 2.78005
2025-12-27 22:36:05 | INFO     | fedaugment.utils.logger:44 | Epoch 18: train_loss: 2.74095
2025-12-27 22:36:07 | INFO     | fedaugment.utils.logger:44 | Epoch 19: train_loss: 2.70248
2025-12-27 22:36:10 | INFO     | fedaugment.utils.logger:44 | Epoch 20: train_loss: 2.66803
2025-12-27 22:36:12 | INFO     | fedaugment.utils.logger:44 | Epoch 21: train_loss: 2.63741
2025-12-27 22:36:15 | INFO     | fedaugment.utils.logger:44 | Epoch 22: train_loss: 2.60875
2025-12-27 22:36:17 | INFO     | fedaugment.utils.logger:44 | Epoch 23: train_loss: 2.58352
2025-12-27 22:36:20 | INFO     | fedaugment.utils.logger:44 | Epoch 24: train_loss: 2.55652
2025-12-27 22:36:22 | INFO     | fedaugment.utils.logger:44 | Epoch 25: train_loss: 2.53401
2025-12-27 22:36:25 | INFO     | fedaugment.utils.logger:44 | Epoch 26: train_loss: 2.50946
2025-12-27 22:36:27 | INFO     | fedaugment.utils.logger:44 | Epoch 27: train_loss: 2.49000
2025-12-27 22:36:30 | INFO     | fedaugment.utils.logger:44 | Epoch 28: train_loss: 2.47218
2025-12-27 22:36:32 | INFO     | fedaugment.utils.logger:44 | Epoch 29: train_loss: 2.45298
2025-12-27 22:36:35 | INFO     | fedaugment.utils.logger:44 | Epoch 30: train_loss: 2.43440
2025-12-27 22:36:38 | INFO     | fedaugment.utils.logger:44 | Epoch 31: train_loss: 2.41911
2025-12-27 22:36:40 | INFO     | fedaugment.utils.logger:44 | Epoch 32: train_loss: 2.40415
2025-12-27 22:36:43 | INFO     | fedaugment.utils.logger:44 | Epoch 33: train_loss: 2.38894
2025-12-27 22:36:45 | INFO     | fedaugment.utils.logger:44 | Epoch 34: train_loss: 2.37344
2025-12-27 22:36:48 | INFO     | fedaugment.utils.logger:44 | Epoch 35: train_loss: 2.36092
2025-12-27 22:36:50 | INFO     | fedaugment.utils.logger:44 | Epoch 36: train_loss: 2.34919
2025-12-27 22:36:53 | INFO     | fedaugment.utils.logger:44 | Epoch 37: train_loss: 2.33825
2025-12-27 22:36:56 | INFO     | fedaugment.utils.logger:44 | Epoch 38: train_loss: 2.32641
2025-12-27 22:36:58 | INFO     | fedaugment.utils.logger:44 | Epoch 39: train_loss: 2.31631
2025-12-27 22:37:01 | INFO     | fedaugment.utils.logger:44 | Epoch 40: train_loss: 2.30573
2025-12-27 22:37:03 | INFO     | fedaugment.utils.logger:44 | Epoch 41: train_loss: 2.29600
2025-12-27 22:37:06 | INFO     | fedaugment.utils.logger:44 | Epoch 42: train_loss: 2.28738
2025-12-27 22:37:08 | INFO     | fedaugment.utils.logger:44 | Epoch 43: train_loss: 2.27740
2025-12-27 22:37:11 | INFO     | fedaugment.utils.logger:44 | Epoch 44: train_loss: 2.27032
2025-12-27 22:37:13 | INFO     | fedaugment.utils.logger:44 | Epoch 45: train_loss: 2.26185
2025-12-27 22:37:16 | INFO     | fedaugment.utils.logger:44 | Epoch 46: train_loss: 2.25337
2025-12-27 22:37:18 | INFO     | fedaugment.utils.logger:44 | Epoch 47: train_loss: 2.24788
2025-12-27 22:37:21 | INFO     | fedaugment.utils.logger:44 | Epoch 48: train_loss: 2.24024
2025-12-27 22:37:23 | INFO     | fedaugment.utils.logger:44 | Epoch 49: train_loss: 2.23401
2025-12-27 22:37:25 | INFO     | fedaugment.utils.logger:44 | Epoch 50: train_loss: 2.22747
2025-12-27 22:37:28 | INFO     | fedaugment.utils.logger:44 | Epoch 51: train_loss: 2.22080
2025-12-27 22:37:30 | INFO     | fedaugment.utils.logger:44 | Epoch 52: train_loss: 2.21420
2025-12-27 22:37:32 | INFO     | fedaugment.utils.logger:44 | Epoch 53: train_loss: 2.20781
2025-12-27 22:37:34 | INFO     | fedaugment.utils.logger:44 | Epoch 54: train_loss: 2.20346
2025-12-27 22:37:37 | INFO     | fedaugment.utils.logger:44 | Epoch 55: train_loss: 2.19710
2025-12-27 22:37:39 | INFO     | fedaugment.utils.logger:44 | Epoch 56: train_loss: 2.19145
2025-12-27 22:37:41 | INFO     | fedaugment.utils.logger:44 | Epoch 57: train_loss: 2.18647
2025-12-27 22:37:44 | INFO     | fedaugment.utils.logger:44 | Epoch 58: train_loss: 2.18164
2025-12-27 22:37:47 | INFO     | fedaugment.utils.logger:44 | Epoch 59: train_loss: 2.17764
2025-12-27 22:37:49 | INFO     | fedaugment.utils.logger:44 | Epoch 60: train_loss: 2.17210
2025-12-27 22:37:51 | INFO     | fedaugment.utils.logger:44 | Epoch 61: train_loss: 2.16753
2025-12-27 22:37:54 | INFO     | fedaugment.utils.logger:44 | Epoch 62: train_loss: 2.16276
2025-12-27 22:37:56 | INFO     | fedaugment.utils.logger:44 | Epoch 63: train_loss: 2.15858
2025-12-27 22:37:59 | INFO     | fedaugment.utils.logger:44 | Epoch 64: train_loss: 2.15504
2025-12-27 22:38:01 | INFO     | fedaugment.utils.logger:44 | Epoch 65: train_loss: 2.15168
2025-12-27 22:38:04 | INFO     | fedaugment.utils.logger:44 | Epoch 66: train_loss: 2.14792
2025-12-27 22:38:06 | INFO     | fedaugment.utils.logger:44 | Epoch 67: train_loss: 2.14409
2025-12-27 22:38:09 | INFO     | fedaugment.utils.logger:44 | Epoch 68: train_loss: 2.14033
2025-12-27 22:38:11 | INFO     | fedaugment.utils.logger:44 | Epoch 69: train_loss: 2.13668
2025-12-27 22:38:13 | INFO     | fedaugment.utils.logger:44 | Epoch 70: train_loss: 2.13316
2025-12-27 22:38:16 | INFO     | fedaugment.utils.logger:44 | Epoch 71: train_loss: 2.12916
2025-12-27 22:38:18 | INFO     | fedaugment.utils.logger:44 | Epoch 72: train_loss: 2.12626
2025-12-27 22:38:21 | INFO     | fedaugment.utils.logger:44 | Epoch 73: train_loss: 2.12393
2025-12-27 22:38:23 | INFO     | fedaugment.utils.logger:44 | Epoch 74: train_loss: 2.12112
2025-12-27 22:38:25 | INFO     | fedaugment.utils.logger:44 | Epoch 75: train_loss: 2.11760
2025-12-27 22:38:28 | INFO     | fedaugment.utils.logger:44 | Epoch 76: train_loss: 2.11487
2025-12-27 22:38:30 | INFO     | fedaugment.utils.logger:44 | Epoch 77: train_loss: 2.11248
2025-12-27 22:38:33 | INFO     | fedaugment.utils.logger:44 | Epoch 78: train_loss: 2.10985
2025-12-27 22:38:35 | INFO     | fedaugment.utils.logger:44 | Epoch 79: train_loss: 2.10690
2025-12-27 22:38:38 | INFO     | fedaugment.utils.logger:44 | Epoch 80: train_loss: 2.10469
2025-12-27 22:38:40 | INFO     | fedaugment.utils.logger:44 | Epoch 81: train_loss: 2.10224
2025-12-27 22:38:43 | INFO     | fedaugment.utils.logger:44 | Epoch 82: train_loss: 2.09951
2025-12-27 22:38:45 | INFO     | fedaugment.utils.logger:44 | Epoch 83: train_loss: 2.09760
2025-12-27 22:38:47 | INFO     | fedaugment.utils.logger:44 | Epoch 84: train_loss: 2.09534
2025-12-27 22:38:50 | INFO     | fedaugment.utils.logger:44 | Epoch 85: train_loss: 2.09333
2025-12-27 22:38:52 | INFO     | fedaugment.utils.logger:44 | Epoch 86: train_loss: 2.09103
2025-12-27 22:38:54 | INFO     | fedaugment.utils.logger:44 | Epoch 87: train_loss: 2.08966
2025-12-27 22:38:57 | INFO     | fedaugment.utils.logger:44 | Epoch 88: train_loss: 2.08761
2025-12-27 22:38:59 | INFO     | fedaugment.utils.logger:44 | Epoch 89: train_loss: 2.08524
2025-12-27 22:39:02 | INFO     | fedaugment.utils.logger:44 | Epoch 90: train_loss: 2.08305
2025-12-27 22:39:04 | INFO     | fedaugment.utils.logger:44 | Epoch 91: train_loss: 2.08164
2025-12-27 22:39:06 | INFO     | fedaugment.utils.logger:44 | Epoch 92: train_loss: 2.08011
2025-12-27 22:39:08 | INFO     | fedaugment.utils.logger:44 | Epoch 93: train_loss: 2.07784
2025-12-27 22:39:11 | INFO     | fedaugment.utils.logger:44 | Epoch 94: train_loss: 2.07648
2025-12-27 22:39:13 | INFO     | fedaugment.utils.logger:44 | Epoch 95: train_loss: 2.07437
2025-12-27 22:39:15 | INFO     | fedaugment.utils.logger:44 | Epoch 96: train_loss: 2.07243
2025-12-27 22:39:17 | INFO     | fedaugment.utils.logger:44 | Epoch 97: train_loss: 2.07097
2025-12-27 22:39:19 | INFO     | fedaugment.utils.logger:44 | Epoch 98: train_loss: 2.06998
2025-12-27 22:39:22 | INFO     | fedaugment.utils.logger:44 | Epoch 99: train_loss: 2.06857
2025-12-27 22:39:24 | INFO     | fedaugment.utils.logger:44 | Epoch 100: train_loss: 2.06670
2025-12-27 22:39:27 | INFO     | fedaugment.utils.logger:44 | Epoch 101: train_loss: 2.06548
2025-12-27 22:39:29 | INFO     | fedaugment.utils.logger:44 | Epoch 102: train_loss: 2.06368
2025-12-27 22:39:31 | INFO     | fedaugment.utils.logger:44 | Epoch 103: train_loss: 2.06166
2025-12-27 22:39:33 | INFO     | fedaugment.utils.logger:44 | Epoch 104: train_loss: 2.06063
2025-12-27 22:39:36 | INFO     | fedaugment.utils.logger:44 | Epoch 105: train_loss: 2.05862
2025-12-27 22:39:38 | INFO     | fedaugment.utils.logger:44 | Epoch 106: train_loss: 2.05737
2025-12-27 22:39:40 | INFO     | fedaugment.utils.logger:44 | Epoch 107: train_loss: 2.05569
2025-12-27 22:39:43 | INFO     | fedaugment.utils.logger:44 | Epoch 108: train_loss: 2.05452
2025-12-27 22:39:45 | INFO     | fedaugment.utils.logger:44 | Epoch 109: train_loss: 2.05283
2025-12-27 22:39:48 | INFO     | fedaugment.utils.logger:44 | Epoch 110: train_loss: 2.05170
2025-12-27 22:39:50 | INFO     | fedaugment.utils.logger:44 | Epoch 111: train_loss: 2.04970
2025-12-27 22:39:53 | INFO     | fedaugment.utils.logger:44 | Epoch 112: train_loss: 2.04891
2025-12-27 22:39:55 | INFO     | fedaugment.utils.logger:44 | Epoch 113: train_loss: 2.04778
2025-12-27 22:39:57 | INFO     | fedaugment.utils.logger:44 | Epoch 114: train_loss: 2.04651
2025-12-27 22:40:00 | INFO     | fedaugment.utils.logger:44 | Epoch 115: train_loss: 2.04565
2025-12-27 22:40:02 | INFO     | fedaugment.utils.logger:44 | Epoch 116: train_loss: 2.04430
2025-12-27 22:40:05 | INFO     | fedaugment.utils.logger:44 | Epoch 117: train_loss: 2.04337
2025-12-27 22:40:07 | INFO     | fedaugment.utils.logger:44 | Epoch 118: train_loss: 2.04195
2025-12-27 22:40:10 | INFO     | fedaugment.utils.logger:44 | Epoch 119: train_loss: 2.04057
2025-12-27 22:40:12 | INFO     | fedaugment.utils.logger:44 | Epoch 120: train_loss: 2.03951
2025-12-27 22:40:14 | INFO     | fedaugment.utils.logger:44 | Epoch 121: train_loss: 2.03858
2025-12-27 22:40:17 | INFO     | fedaugment.utils.logger:44 | Epoch 122: train_loss: 2.03765
2025-12-27 22:40:19 | INFO     | fedaugment.utils.logger:44 | Epoch 123: train_loss: 2.03638
2025-12-27 22:40:21 | INFO     | fedaugment.utils.logger:44 | Epoch 124: train_loss: 2.03581
2025-12-27 22:40:24 | INFO     | fedaugment.utils.logger:44 | Epoch 125: train_loss: 2.03425
2025-12-27 22:40:26 | INFO     | fedaugment.utils.logger:44 | Epoch 126: train_loss: 2.03368
2025-12-27 22:40:28 | INFO     | fedaugment.utils.logger:44 | Epoch 127: train_loss: 2.03277
2025-12-27 22:40:31 | INFO     | fedaugment.utils.logger:44 | Epoch 128: train_loss: 2.03210
2025-12-27 22:40:33 | INFO     | fedaugment.utils.logger:44 | Epoch 129: train_loss: 2.03100
2025-12-27 22:40:36 | INFO     | fedaugment.utils.logger:44 | Epoch 130: train_loss: 2.03002
2025-12-27 22:40:38 | INFO     | fedaugment.utils.logger:44 | Epoch 131: train_loss: 2.02954
2025-12-27 22:40:41 | INFO     | fedaugment.utils.logger:44 | Epoch 132: train_loss: 2.02826
2025-12-27 22:40:43 | INFO     | fedaugment.utils.logger:44 | Epoch 133: train_loss: 2.02738
2025-12-27 22:40:46 | INFO     | fedaugment.utils.logger:44 | Epoch 134: train_loss: 2.02648
2025-12-27 22:40:48 | INFO     | fedaugment.utils.logger:44 | Epoch 135: train_loss: 2.02572
2025-12-27 22:40:51 | INFO     | fedaugment.utils.logger:44 | Epoch 136: train_loss: 2.02519
2025-12-27 22:40:53 | INFO     | fedaugment.utils.logger:44 | Epoch 137: train_loss: 2.02448
2025-12-27 22:40:56 | INFO     | fedaugment.utils.logger:44 | Epoch 138: train_loss: 2.02381
2025-12-27 22:40:58 | INFO     | fedaugment.utils.logger:44 | Epoch 139: train_loss: 2.02350
2025-12-27 22:41:01 | INFO     | fedaugment.utils.logger:44 | Epoch 140: train_loss: 2.02303
2025-12-27 22:41:03 | INFO     | fedaugment.utils.logger:44 | Epoch 141: train_loss: 2.02214
2025-12-27 22:41:06 | INFO     | fedaugment.utils.logger:44 | Epoch 142: train_loss: 2.02152
2025-12-27 22:41:08 | INFO     | fedaugment.utils.logger:44 | Epoch 143: train_loss: 2.02083
2025-12-27 22:41:10 | INFO     | fedaugment.utils.logger:44 | Epoch 144: train_loss: 2.02024
2025-12-27 22:41:13 | INFO     | fedaugment.utils.logger:44 | Epoch 145: train_loss: 2.01972
2025-12-27 22:41:15 | INFO     | fedaugment.utils.logger:44 | Epoch 146: train_loss: 2.01906
2025-12-27 22:41:17 | INFO     | fedaugment.utils.logger:44 | Epoch 147: train_loss: 2.01850
2025-12-27 22:41:19 | INFO     | fedaugment.utils.logger:44 | Epoch 148: train_loss: 2.01791
2025-12-27 22:41:22 | INFO     | fedaugment.utils.logger:44 | Epoch 149: train_loss: 2.01748
2025-12-27 22:41:24 | INFO     | fedaugment.utils.logger:44 | Epoch 150: train_loss: 2.01706
2025-12-27 22:41:27 | INFO     | fedaugment.utils.logger:44 | Epoch 151: train_loss: 2.01668
2025-12-27 22:41:29 | INFO     | fedaugment.utils.logger:44 | Epoch 152: train_loss: 2.01625
2025-12-27 22:41:32 | INFO     | fedaugment.utils.logger:44 | Epoch 153: train_loss: 2.01564
2025-12-27 22:41:34 | INFO     | fedaugment.utils.logger:44 | Epoch 154: train_loss: 2.01565
2025-12-27 22:41:37 | INFO     | fedaugment.utils.logger:44 | Epoch 155: train_loss: 2.01455
2025-12-27 22:41:39 | INFO     | fedaugment.utils.logger:44 | Epoch 156: train_loss: 2.01440
2025-12-27 22:41:41 | INFO     | fedaugment.utils.logger:44 | Epoch 157: train_loss: 2.01374
2025-12-27 22:41:44 | INFO     | fedaugment.utils.logger:44 | Epoch 158: train_loss: 2.01349
2025-12-27 22:41:46 | INFO     | fedaugment.utils.logger:44 | Epoch 159: train_loss: 2.01332
2025-12-27 22:41:48 | INFO     | fedaugment.utils.logger:44 | Epoch 160: train_loss: 2.01278
2025-12-27 22:41:50 | INFO     | fedaugment.utils.logger:44 | Epoch 161: train_loss: 2.01257
2025-12-27 22:41:52 | INFO     | fedaugment.utils.logger:44 | Epoch 162: train_loss: 2.01194
2025-12-27 22:41:55 | INFO     | fedaugment.utils.logger:44 | Epoch 163: train_loss: 2.01151
2025-12-27 22:41:57 | INFO     | fedaugment.utils.logger:44 | Epoch 164: train_loss: 2.01110
2025-12-27 22:42:00 | INFO     | fedaugment.utils.logger:44 | Epoch 165: train_loss: 2.01075
2025-12-27 22:42:02 | INFO     | fedaugment.utils.logger:44 | Epoch 166: train_loss: 2.01031
2025-12-27 22:42:04 | INFO     | fedaugment.utils.logger:44 | Epoch 167: train_loss: 2.00998
2025-12-27 22:42:07 | INFO     | fedaugment.utils.logger:44 | Epoch 168: train_loss: 2.00961
2025-12-27 22:42:09 | INFO     | fedaugment.utils.logger:44 | Epoch 169: train_loss: 2.00923
2025-12-27 22:42:11 | INFO     | fedaugment.utils.logger:44 | Epoch 170: train_loss: 2.00868
2025-12-27 22:42:14 | INFO     | fedaugment.utils.logger:44 | Epoch 171: train_loss: 2.00850
2025-12-27 22:42:16 | INFO     | fedaugment.utils.logger:44 | Epoch 172: train_loss: 2.00817
2025-12-27 22:42:18 | INFO     | fedaugment.utils.logger:44 | Epoch 173: train_loss: 2.00758
2025-12-27 22:42:20 | INFO     | fedaugment.utils.logger:44 | Epoch 174: train_loss: 2.00719
2025-12-27 22:42:23 | INFO     | fedaugment.utils.logger:44 | Epoch 175: train_loss: 2.00711
2025-12-27 22:42:25 | INFO     | fedaugment.utils.logger:44 | Epoch 176: train_loss: 2.00659
2025-12-27 22:42:27 | INFO     | fedaugment.utils.logger:44 | Epoch 177: train_loss: 2.00633
2025-12-27 22:42:30 | INFO     | fedaugment.utils.logger:44 | Epoch 178: train_loss: 2.00591
2025-12-27 22:42:32 | INFO     | fedaugment.utils.logger:44 | Epoch 179: train_loss: 2.00590
2025-12-27 22:42:34 | INFO     | fedaugment.utils.logger:44 | Epoch 180: train_loss: 2.00525
2025-12-27 22:42:37 | INFO     | fedaugment.utils.logger:44 | Epoch 181: train_loss: 2.00474
2025-12-27 22:42:39 | INFO     | fedaugment.utils.logger:44 | Epoch 182: train_loss: 2.00464
2025-12-27 22:42:42 | INFO     | fedaugment.utils.logger:44 | Epoch 183: train_loss: 2.00430
2025-12-27 22:42:44 | INFO     | fedaugment.utils.logger:44 | Epoch 184: train_loss: 2.00393
2025-12-27 22:42:47 | INFO     | fedaugment.utils.logger:44 | Epoch 185: train_loss: 2.00360
2025-12-27 22:42:49 | INFO     | fedaugment.utils.logger:44 | Epoch 186: train_loss: 2.00317
2025-12-27 22:42:51 | INFO     | fedaugment.utils.logger:44 | Epoch 187: train_loss: 2.00285
2025-12-27 22:42:53 | INFO     | fedaugment.utils.logger:44 | Epoch 188: train_loss: 2.00269
2025-12-27 22:42:56 | INFO     | fedaugment.utils.logger:44 | Epoch 189: train_loss: 2.00227
2025-12-27 22:42:58 | INFO     | fedaugment.utils.logger:44 | Epoch 190: train_loss: 2.00210
2025-12-27 22:43:00 | INFO     | fedaugment.utils.logger:44 | Epoch 191: train_loss: 2.00179
2025-12-27 22:43:03 | INFO     | fedaugment.utils.logger:44 | Epoch 192: train_loss: 2.00155
2025-12-27 22:43:05 | INFO     | fedaugment.utils.logger:44 | Epoch 193: train_loss: 2.00133
2025-12-27 22:43:08 | INFO     | fedaugment.utils.logger:44 | Epoch 194: train_loss: 2.00096
2025-12-27 22:43:10 | INFO     | fedaugment.utils.logger:44 | Epoch 195: train_loss: 2.00038
2025-12-27 22:43:13 | INFO     | fedaugment.utils.logger:44 | Epoch 196: train_loss: 2.00024
2025-12-27 22:43:15 | INFO     | fedaugment.utils.logger:44 | Epoch 197: train_loss: 2.00024
2025-12-27 22:43:17 | INFO     | fedaugment.utils.logger:44 | Epoch 198: train_loss: 1.99962
2025-12-27 22:43:20 | INFO     | fedaugment.utils.logger:44 | Epoch 199: train_loss: 1.99969
2025-12-27 22:43:22 | INFO     | fedaugment.utils.logger:44 | Epoch 200: train_loss: 1.99931
2025-12-27 22:43:24 | INFO     | fedaugment.utils.logger:44 | Epoch 201: train_loss: 1.99904
2025-12-27 22:43:27 | INFO     | fedaugment.utils.logger:44 | Epoch 202: train_loss: 1.99867
2025-12-27 22:43:29 | INFO     | fedaugment.utils.logger:44 | Epoch 203: train_loss: 1.99848
2025-12-27 22:43:32 | INFO     | fedaugment.utils.logger:44 | Epoch 204: train_loss: 1.99824
2025-12-27 22:43:34 | INFO     | fedaugment.utils.logger:44 | Epoch 205: train_loss: 1.99798
2025-12-27 22:43:37 | INFO     | fedaugment.utils.logger:44 | Epoch 206: train_loss: 1.99795
2025-12-27 22:43:39 | INFO     | fedaugment.utils.logger:44 | Epoch 207: train_loss: 1.99765
2025-12-27 22:43:41 | INFO     | fedaugment.utils.logger:44 | Epoch 208: train_loss: 1.99744
2025-12-27 22:43:44 | INFO     | fedaugment.utils.logger:44 | Epoch 209: train_loss: 1.99718
2025-12-27 22:43:46 | INFO     | fedaugment.utils.logger:44 | Epoch 210: train_loss: 1.99704
2025-12-27 22:43:48 | INFO     | fedaugment.utils.logger:44 | Epoch 211: train_loss: 1.99689
2025-12-27 22:43:51 | INFO     | fedaugment.utils.logger:44 | Epoch 212: train_loss: 1.99666
2025-12-27 22:43:53 | INFO     | fedaugment.utils.logger:44 | Epoch 213: train_loss: 1.99657
2025-12-27 22:43:56 | INFO     | fedaugment.utils.logger:44 | Epoch 214: train_loss: 1.99626
2025-12-27 22:43:58 | INFO     | fedaugment.utils.logger:44 | Epoch 215: train_loss: 1.99634
2025-12-27 22:44:00 | INFO     | fedaugment.utils.logger:44 | Epoch 216: train_loss: 1.99603
2025-12-27 22:44:03 | INFO     | fedaugment.utils.logger:44 | Epoch 217: train_loss: 1.99595
2025-12-27 22:44:05 | INFO     | fedaugment.utils.logger:44 | Epoch 218: train_loss: 1.99581
2025-12-27 22:44:07 | INFO     | fedaugment.utils.logger:44 | Epoch 219: train_loss: 1.99579
2025-12-27 22:44:10 | INFO     | fedaugment.utils.logger:44 | Epoch 220: train_loss: 1.99553
2025-12-27 22:44:12 | INFO     | fedaugment.utils.logger:44 | Epoch 221: train_loss: 1.99543
2025-12-27 22:44:14 | INFO     | fedaugment.utils.logger:44 | Epoch 222: train_loss: 1.99518
2025-12-27 22:44:17 | INFO     | fedaugment.utils.logger:44 | Epoch 223: train_loss: 1.99515
2025-12-27 22:44:19 | INFO     | fedaugment.utils.logger:44 | Epoch 224: train_loss: 1.99494
2025-12-27 22:44:21 | INFO     | fedaugment.utils.logger:44 | Epoch 225: train_loss: 1.99512
2025-12-27 22:44:24 | INFO     | fedaugment.utils.logger:44 | Epoch 226: train_loss: 1.99486
2025-12-27 22:44:26 | INFO     | fedaugment.utils.logger:44 | Epoch 227: train_loss: 1.99486
2025-12-27 22:44:29 | INFO     | fedaugment.utils.logger:44 | Epoch 228: train_loss: 1.99464
2025-12-27 22:44:31 | INFO     | fedaugment.utils.logger:44 | Epoch 229: train_loss: 1.99443
2025-12-27 22:44:34 | INFO     | fedaugment.utils.logger:44 | Epoch 230: train_loss: 1.99454
2025-12-27 22:44:36 | INFO     | fedaugment.utils.logger:44 | Epoch 231: train_loss: 1.99441
2025-12-27 22:44:38 | INFO     | fedaugment.utils.logger:44 | Epoch 232: train_loss: 1.99428
2025-12-27 22:44:40 | INFO     | fedaugment.utils.logger:44 | Epoch 233: train_loss: 1.99422
2025-12-27 22:44:43 | INFO     | fedaugment.utils.logger:44 | Epoch 234: train_loss: 1.99426
2025-12-27 22:44:45 | INFO     | fedaugment.utils.logger:44 | Epoch 235: train_loss: 1.99404
2025-12-27 22:44:47 | INFO     | fedaugment.utils.logger:44 | Epoch 236: train_loss: 1.99416
2025-12-27 22:44:50 | INFO     | fedaugment.utils.logger:44 | Epoch 237: train_loss: 1.99432
2025-12-27 22:44:53 | INFO     | fedaugment.utils.logger:44 | Epoch 238: train_loss: 1.99394
2025-12-27 22:44:55 | INFO     | fedaugment.utils.logger:44 | Epoch 239: train_loss: 1.99390
2025-12-27 22:44:57 | INFO     | fedaugment.utils.logger:44 | Epoch 240: train_loss: 1.99390
2025-12-27 22:45:00 | INFO     | fedaugment.utils.logger:44 | Epoch 241: train_loss: 1.99390
2025-12-27 22:45:02 | INFO     | fedaugment.utils.logger:44 | Epoch 242: train_loss: 1.99401
2025-12-27 22:45:04 | INFO     | fedaugment.utils.logger:44 | Epoch 243: train_loss: 1.99396
2025-12-27 22:45:07 | INFO     | fedaugment.utils.logger:44 | Epoch 244: train_loss: 1.99375
2025-12-27 22:45:09 | INFO     | fedaugment.utils.logger:44 | Epoch 245: train_loss: 1.99394
2025-12-27 22:45:11 | INFO     | fedaugment.utils.logger:44 | Epoch 246: train_loss: 1.99390
2025-12-27 22:45:14 | INFO     | fedaugment.utils.logger:44 | Epoch 247: train_loss: 1.99363
2025-12-27 22:45:16 | INFO     | fedaugment.utils.logger:44 | Epoch 248: train_loss: 1.99376
2025-12-27 22:45:19 | INFO     | fedaugment.utils.logger:44 | Epoch 249: train_loss: 1.99377
2025-12-27 22:45:19 | INFO     | lightning_utilities.core.rank_zero:60 | `Trainer.fit` stopped: `max_epochs=250` reached.
2025-12-27 22:45:27 | INFO     | fedaugment.projections.main:87 | Starting testing phase...
2025-12-27 22:45:27 | INFO     | lightning.pytorch.accelerators.cuda:61 | LOCAL_RANK: 0 - CUDA_VISIBLE_DEVICES: [0]
2025-12-27 22:45:27 | INFO     | fedaugment.utils.logger:38 | {'module_kwargs': CLModuleConfig(model_type='projection_head', out_dim=1024, hidden_dims=[1024, 1536, 1536], activation='silu', normalization='batch', dropout=0.0), 'criterion': CriterionConfig(class_='MultiViewNTXentLoss', kwargs={'temperature': 0.1}), 'optim_configs': [OptimizerConfig(class_='AdamW', kwargs={'lr': 0.001, 'betas': (0.9, 0.999), 'eps': 1e-08, 'weight_decay': 0.01})], 'sched_configs': [LRSchedulerConfig(class_='LambdaLR', interval='epoch', frequency=1, monitor=None, kwargs={'lr_lambda': <function cos_annealing_with_warmup at 0x7f894be1d440>})], 'pipeline_names': ['distilroberta-dj_adpt', 'gte_base-dj_adpt', 'gtr_t5-dj_adpt', 'mini_l12-dj_adpt', 'mini_l6-dj_adpt', 'mpnet-dj_adpt'], 'embedding_dims': [768, 768, 768, 384, 384, 768], 'data_batch_size': 4096, 'metric_batch_size': 65536}
2025-12-27 22:45:48 | DEBUG    | fedaugment.projections.metrics.base:115 | Computing CosineSimilarityOrchestrator metrics.
2025-12-27 22:45:48 | WARNING  | fedaugment.projections.metrics.base:117 | Number of projections (8891658) is not divisible by chunk size (65536). This may lead to suboptimal performance.
2025-12-28 00:55:07 | DEBUG    | fedaugment.projections.metrics.base:198 | Finalized CosineSimilarityOrchestrator metrics
2025-12-28 00:55:07 | INFO     | fedaugment.utils.logger:44 | Epoch 250: test_loss: 4.45951, test_cossim_mean: 0.06328, test_entity_stability_15: 0.05713, test_entity_stability_5: 0.04771, test_entity_stability_50: 0.08523, test_same_lbl_cossim_mean: 0.82357
2025-12-28 00:55:07 | INFO     | fedaugment.projections.main:92 | Best model checkpoint saved at /home/lennart-ldap/projects/fedaugment/logs/curation_train_webtable_fft_euc-mpnet-dj_adpt-k=63049-pca=0.9/version_1/last.ckpt
2025-12-28 00:55:07 | INFO     | __main__:50 | Evaluating grid-mpnet-dj_adpt-k=63049-pca=0.9 on webtable 005
2025-12-28 00:55:07 | DEBUG    | fedaugment.projections.main:31 | Experiment configuration: {"experiment_name":"curation_train_webtable_grid-mpnet-dj_adpt-k=63049-pca=0.9","experiment_version":1,"seed":42,"data_module":{"class_":"DefaultDataModule","data":{"train":"data/embeddings/webtable-005/grid-mpnet-dj_adpt-k=63049-pca=0.9","val":null,"test":"data/embeddings/webtable-split/test"},"batch_size":4096,"num_workers":32,"pin_memory":true,"persistent_workers":true,"prefetch_factor":5,"verify_column_ids":true},"projection_model":{"class_":"ContrastiveLearningModel","module_kwargs":{"model_type":"projection_head","out_dim":1024,"hidden_dims":[1024,1536,1536],"activation":"silu","normalization":"batch","dropout":0.0},"criterion":{"class_":"MultiViewNTXentLoss","kwargs":{"temperature":0.1}},"optimizers":[{"class_":"AdamW","kwargs":{"lr":0.001,"betas":[0.9,0.999],"eps":1e-8,"weight_decay":0.01}}],"schedulers":[{"class_":"LambdaLR","interval":"epoch","frequency":1,"monitor":null,"kwargs":{"lr_lambda":"cos_annealing_with_warmup"}}],"metric_batch_size":65536},"trainer":{"max_epochs":250,"accelerator":"gpu","check_val_every_n_epoch":10,"devices":"auto","deterministic":false,"enable_checkpointing":true,"enable_model_summary":true,"enable_progress_bar":true,"log_every_n_steps":50,"max_time":null,"num_sanity_val_steps":2,"precision":"bf16-mixed","profiler":null},"compile_model":true}
2025-12-28 00:55:07 | INFO     | lightning.fabric.utilities.seed:57 | Seed set to 42
2025-12-28 00:55:09 | INFO     | fedaugment.projections.main:42 | Compiling projection model...
2025-12-28 00:55:09 | INFO     | fedaugment.projections.main:44 | Projection model compiled
2025-12-28 00:55:09 | INFO     | fedaugment.projections.main:46 | Initializing trainer...
2025-12-28 00:55:09 | INFO     | lightning_utilities.core.rank_zero:60 | Using bfloat16 Automatic Mixed Precision (AMP)
2025-12-28 00:55:09 | INFO     | lightning_utilities.core.rank_zero:60 | GPU available: True (cuda), used: True
2025-12-28 00:55:09 | INFO     | lightning_utilities.core.rank_zero:60 | TPU available: False, using: 0 TPU cores
2025-12-28 00:55:09 | INFO     | fedaugment.projections.main:76 | Trainer initialized
2025-12-28 00:55:09 | INFO     | fedaugment.projections.main:83 | Starting training phase...
2025-12-28 00:55:09 | INFO     | lightning.pytorch.accelerators.cuda:61 | LOCAL_RANK: 0 - CUDA_VISIBLE_DEVICES: [0]
2025-12-28 00:55:09 | INFO     | lightning.pytorch.callbacks.model_summary:110 |
  | Name              | Type                         | Params | Mode  | FLOPs
-----------------------------------------------------------------------------------
0 | criterion         | MultiViewNTXentLoss          | 0      | train | 0
1 | val_metrics       | MetricCollection             | 0      | train | 0
2 | test_metrics      | MetricCollection             | 0      | train | 0
3 | val_orchestrator  | CosineSimilarityOrchestrator | 0      | train | 0
4 | test_orchestrator | CosineSimilarityOrchestrator | 0      | train | 0
5 | projection_heads  | ModuleList                   | 37.0 M | train | 0
-----------------------------------------------------------------------------------
37.0 M    Trainable params
0         Non-trainable params
37.0 M    Total params
148.120   Total estimated model params size (MB)
94        Modules in train mode
0         Modules in eval mode
0         Total Flops
2025-12-28 00:55:09 | INFO     | fedaugment.utils.logger:38 | {'module_kwargs': CLModuleConfig(model_type='projection_head', out_dim=1024, hidden_dims=[1024, 1536, 1536], activation='silu', normalization='batch', dropout=0.0), 'criterion': CriterionConfig(class_='MultiViewNTXentLoss', kwargs={'temperature': 0.1}), 'optim_configs': [OptimizerConfig(class_='AdamW', kwargs={'lr': 0.001, 'betas': (0.9, 0.999), 'eps': 1e-08, 'weight_decay': 0.01})], 'sched_configs': [LRSchedulerConfig(class_='LambdaLR', interval='epoch', frequency=1, monitor=None, kwargs={'lr_lambda': <function cos_annealing_with_warmup at 0x7f894be1d440>})], 'pipeline_names': ['distilroberta-dj_adpt', 'gte_base-dj_adpt', 'gtr_t5-dj_adpt', 'mini_l12-dj_adpt', 'mini_l6-dj_adpt', 'mpnet-dj_adpt'], 'embedding_dims': [768, 768, 768, 384, 384, 768], 'data_batch_size': 4096, 'metric_batch_size': 65536}
2025-12-28 00:55:12 | INFO     | fedaugment.utils.logger:44 | Epoch 0: train_loss: 10.54025
2025-12-28 00:55:14 | INFO     | fedaugment.utils.logger:44 | Epoch 1: train_loss: 8.49306
2025-12-28 00:55:16 | INFO     | fedaugment.utils.logger:44 | Epoch 2: train_loss: 5.86875
2025-12-28 00:55:19 | INFO     | fedaugment.utils.logger:44 | Epoch 3: train_loss: 4.67501
2025-12-28 00:55:21 | INFO     | fedaugment.utils.logger:44 | Epoch 4: train_loss: 4.07855
2025-12-28 00:55:22 | INFO     | fedaugment.utils.logger:44 | Epoch 5: train_loss: 3.71759
2025-12-28 00:55:25 | INFO     | fedaugment.utils.logger:44 | Epoch 6: train_loss: 3.47205
2025-12-28 00:55:27 | INFO     | fedaugment.utils.logger:44 | Epoch 7: train_loss: 3.28858
2025-12-28 00:55:29 | INFO     | fedaugment.utils.logger:44 | Epoch 8: train_loss: 3.15776
2025-12-28 00:55:31 | INFO     | fedaugment.utils.logger:44 | Epoch 9: train_loss: 3.04418
2025-12-28 00:55:33 | INFO     | fedaugment.utils.logger:44 | Epoch 10: train_loss: 2.95329
2025-12-28 00:55:35 | INFO     | fedaugment.utils.logger:44 | Epoch 11: train_loss: 2.86916
2025-12-28 00:55:38 | INFO     | fedaugment.utils.logger:44 | Epoch 12: train_loss: 2.80480
2025-12-28 00:55:40 | INFO     | fedaugment.utils.logger:44 | Epoch 13: train_loss: 2.75610
2025-12-28 00:55:42 | INFO     | fedaugment.utils.logger:44 | Epoch 14: train_loss: 2.71398
2025-12-28 00:55:45 | INFO     | fedaugment.utils.logger:44 | Epoch 15: train_loss: 2.66775
2025-12-28 00:55:47 | INFO     | fedaugment.utils.logger:44 | Epoch 16: train_loss: 2.63711
2025-12-28 00:55:50 | INFO     | fedaugment.utils.logger:44 | Epoch 17: train_loss: 2.60963
2025-12-28 00:55:52 | INFO     | fedaugment.utils.logger:44 | Epoch 18: train_loss: 2.58319
2025-12-28 00:55:54 | INFO     | fedaugment.utils.logger:44 | Epoch 19: train_loss: 2.56083
2025-12-28 00:55:57 | INFO     | fedaugment.utils.logger:44 | Epoch 20: train_loss: 2.53499
2025-12-28 00:55:59 | INFO     | fedaugment.utils.logger:44 | Epoch 21: train_loss: 2.51335
2025-12-28 00:56:02 | INFO     | fedaugment.utils.logger:44 | Epoch 22: train_loss: 2.49194
2025-12-28 00:56:04 | INFO     | fedaugment.utils.logger:44 | Epoch 23: train_loss: 2.47851
2025-12-28 00:56:07 | INFO     | fedaugment.utils.logger:44 | Epoch 24: train_loss: 2.45883
2025-12-28 00:56:10 | INFO     | fedaugment.utils.logger:44 | Epoch 25: train_loss: 2.44694
2025-12-28 00:56:13 | INFO     | fedaugment.utils.logger:44 | Epoch 26: train_loss: 2.43123
2025-12-28 00:56:15 | INFO     | fedaugment.utils.logger:44 | Epoch 27: train_loss: 2.41554
2025-12-28 00:56:18 | INFO     | fedaugment.utils.logger:44 | Epoch 28: train_loss: 2.40474
2025-12-28 00:56:21 | INFO     | fedaugment.utils.logger:44 | Epoch 29: train_loss: 2.39259
2025-12-28 00:56:23 | INFO     | fedaugment.utils.logger:44 | Epoch 30: train_loss: 2.38155
2025-12-28 00:56:26 | INFO     | fedaugment.utils.logger:44 | Epoch 31: train_loss: 2.37041
2025-12-28 00:56:28 | INFO     | fedaugment.utils.logger:44 | Epoch 32: train_loss: 2.36031
2025-12-28 00:56:31 | INFO     | fedaugment.utils.logger:44 | Epoch 33: train_loss: 2.34947
2025-12-28 00:56:34 | INFO     | fedaugment.utils.logger:44 | Epoch 34: train_loss: 2.34825
2025-12-28 00:56:36 | INFO     | fedaugment.utils.logger:44 | Epoch 35: train_loss: 2.33530
2025-12-28 00:56:38 | INFO     | fedaugment.utils.logger:44 | Epoch 36: train_loss: 2.32160
2025-12-28 00:56:41 | INFO     | fedaugment.utils.logger:44 | Epoch 37: train_loss: 2.31752
2025-12-28 00:56:43 | INFO     | fedaugment.utils.logger:44 | Epoch 38: train_loss: 2.31252
2025-12-28 00:56:46 | INFO     | fedaugment.utils.logger:44 | Epoch 39: train_loss: 2.30432
2025-12-28 00:56:48 | INFO     | fedaugment.utils.logger:44 | Epoch 40: train_loss: 2.29394
2025-12-28 00:56:51 | INFO     | fedaugment.utils.logger:44 | Epoch 41: train_loss: 2.28944
2025-12-28 00:56:53 | INFO     | fedaugment.utils.logger:44 | Epoch 42: train_loss: 2.28575
2025-12-28 00:56:56 | INFO     | fedaugment.utils.logger:44 | Epoch 43: train_loss: 2.27905
2025-12-28 00:56:58 | INFO     | fedaugment.utils.logger:44 | Epoch 44: train_loss: 2.26926
2025-12-28 00:57:01 | INFO     | fedaugment.utils.logger:44 | Epoch 45: train_loss: 2.26895
2025-12-28 00:57:03 | INFO     | fedaugment.utils.logger:44 | Epoch 46: train_loss: 2.25931
2025-12-28 00:57:05 | INFO     | fedaugment.utils.logger:44 | Epoch 47: train_loss: 2.25319
2025-12-28 00:57:08 | INFO     | fedaugment.utils.logger:44 | Epoch 48: train_loss: 2.24744
2025-12-28 00:57:10 | INFO     | fedaugment.utils.logger:44 | Epoch 49: train_loss: 2.24183
2025-12-28 00:57:12 | INFO     | fedaugment.utils.logger:44 | Epoch 50: train_loss: 2.23970
2025-12-28 00:57:14 | INFO     | fedaugment.utils.logger:44 | Epoch 51: train_loss: 2.23474
2025-12-28 00:57:17 | INFO     | fedaugment.utils.logger:44 | Epoch 52: train_loss: 2.23121
2025-12-28 00:57:19 | INFO     | fedaugment.utils.logger:44 | Epoch 53: train_loss: 2.22843
2025-12-28 00:57:21 | INFO     | fedaugment.utils.logger:44 | Epoch 54: train_loss: 2.22199
2025-12-28 00:57:24 | INFO     | fedaugment.utils.logger:44 | Epoch 55: train_loss: 2.21888
2025-12-28 00:57:26 | INFO     | fedaugment.utils.logger:44 | Epoch 56: train_loss: 2.21180
2025-12-28 00:57:28 | INFO     | fedaugment.utils.logger:44 | Epoch 57: train_loss: 2.20892
2025-12-28 00:57:31 | INFO     | fedaugment.utils.logger:44 | Epoch 58: train_loss: 2.20380
2025-12-28 00:57:34 | INFO     | fedaugment.utils.logger:44 | Epoch 59: train_loss: 2.20109
2025-12-28 00:57:36 | INFO     | fedaugment.utils.logger:44 | Epoch 60: train_loss: 2.19795
2025-12-28 00:57:38 | INFO     | fedaugment.utils.logger:44 | Epoch 61: train_loss: 2.19451
2025-12-28 00:57:41 | INFO     | fedaugment.utils.logger:44 | Epoch 62: train_loss: 2.19275
2025-12-28 00:57:44 | INFO     | fedaugment.utils.logger:44 | Epoch 63: train_loss: 2.18603
2025-12-28 00:57:46 | INFO     | fedaugment.utils.logger:44 | Epoch 64: train_loss: 2.18459
2025-12-28 00:57:48 | INFO     | fedaugment.utils.logger:44 | Epoch 65: train_loss: 2.18100
2025-12-28 00:57:51 | INFO     | fedaugment.utils.logger:44 | Epoch 66: train_loss: 2.17773
2025-12-28 00:57:53 | INFO     | fedaugment.utils.logger:44 | Epoch 67: train_loss: 2.17688
2025-12-28 00:57:56 | INFO     | fedaugment.utils.logger:44 | Epoch 68: train_loss: 2.17205
2025-12-28 00:57:58 | INFO     | fedaugment.utils.logger:44 | Epoch 69: train_loss: 2.16896
2025-12-28 00:58:01 | INFO     | fedaugment.utils.logger:44 | Epoch 70: train_loss: 2.16457
2025-12-28 00:58:03 | INFO     | fedaugment.utils.logger:44 | Epoch 71: train_loss: 2.16005
2025-12-28 00:58:05 | INFO     | fedaugment.utils.logger:44 | Epoch 72: train_loss: 2.15853
2025-12-28 00:58:08 | INFO     | fedaugment.utils.logger:44 | Epoch 73: train_loss: 2.15795
2025-12-28 00:58:10 | INFO     | fedaugment.utils.logger:44 | Epoch 74: train_loss: 2.15471
2025-12-28 00:58:12 | INFO     | fedaugment.utils.logger:44 | Epoch 75: train_loss: 2.15363
2025-12-28 00:58:15 | INFO     | fedaugment.utils.logger:44 | Epoch 76: train_loss: 2.15071
2025-12-28 00:58:17 | INFO     | fedaugment.utils.logger:44 | Epoch 77: train_loss: 2.14716
2025-12-28 00:58:20 | INFO     | fedaugment.utils.logger:44 | Epoch 78: train_loss: 2.14442
2025-12-28 00:58:22 | INFO     | fedaugment.utils.logger:44 | Epoch 79: train_loss: 2.14385
2025-12-28 00:58:25 | INFO     | fedaugment.utils.logger:44 | Epoch 80: train_loss: 2.14110
2025-12-28 00:58:27 | INFO     | fedaugment.utils.logger:44 | Epoch 81: train_loss: 2.13661
2025-12-28 00:58:30 | INFO     | fedaugment.utils.logger:44 | Epoch 82: train_loss: 2.13579
2025-12-28 00:58:32 | INFO     | fedaugment.utils.logger:44 | Epoch 83: train_loss: 2.13348
2025-12-28 00:58:35 | INFO     | fedaugment.utils.logger:44 | Epoch 84: train_loss: 2.13083
2025-12-28 00:58:37 | INFO     | fedaugment.utils.logger:44 | Epoch 85: train_loss: 2.13132
2025-12-28 00:58:40 | INFO     | fedaugment.utils.logger:44 | Epoch 86: train_loss: 2.12660
2025-12-28 00:58:42 | INFO     | fedaugment.utils.logger:44 | Epoch 87: train_loss: 2.12414
2025-12-28 00:58:45 | INFO     | fedaugment.utils.logger:44 | Epoch 88: train_loss: 2.12389
2025-12-28 00:58:47 | INFO     | fedaugment.utils.logger:44 | Epoch 89: train_loss: 2.12038
2025-12-28 00:58:50 | INFO     | fedaugment.utils.logger:44 | Epoch 90: train_loss: 2.11763
2025-12-28 00:58:52 | INFO     | fedaugment.utils.logger:44 | Epoch 91: train_loss: 2.11697
2025-12-28 00:58:54 | INFO     | fedaugment.utils.logger:44 | Epoch 92: train_loss: 2.11492
2025-12-28 00:58:57 | INFO     | fedaugment.utils.logger:44 | Epoch 93: train_loss: 2.11344
2025-12-28 00:58:59 | INFO     | fedaugment.utils.logger:44 | Epoch 94: train_loss: 2.11164
2025-12-28 00:59:02 | INFO     | fedaugment.utils.logger:44 | Epoch 95: train_loss: 2.10900
2025-12-28 00:59:04 | INFO     | fedaugment.utils.logger:44 | Epoch 96: train_loss: 2.10535
2025-12-28 00:59:07 | INFO     | fedaugment.utils.logger:44 | Epoch 97: train_loss: 2.10566
2025-12-28 00:59:09 | INFO     | fedaugment.utils.logger:44 | Epoch 98: train_loss: 2.10512
2025-12-28 00:59:12 | INFO     | fedaugment.utils.logger:44 | Epoch 99: train_loss: 2.10397
2025-12-28 00:59:14 | INFO     | fedaugment.utils.logger:44 | Epoch 100: train_loss: 2.10140
2025-12-28 00:59:17 | INFO     | fedaugment.utils.logger:44 | Epoch 101: train_loss: 2.09998
2025-12-28 00:59:19 | INFO     | fedaugment.utils.logger:44 | Epoch 102: train_loss: 2.09782
2025-12-28 00:59:22 | INFO     | fedaugment.utils.logger:44 | Epoch 103: train_loss: 2.09571
2025-12-28 00:59:24 | INFO     | fedaugment.utils.logger:44 | Epoch 104: train_loss: 2.09705
2025-12-28 00:59:27 | INFO     | fedaugment.utils.logger:44 | Epoch 105: train_loss: 2.09407
2025-12-28 00:59:29 | INFO     | fedaugment.utils.logger:44 | Epoch 106: train_loss: 2.09295
2025-12-28 00:59:31 | INFO     | fedaugment.utils.logger:44 | Epoch 107: train_loss: 2.08988
2025-12-28 00:59:34 | INFO     | fedaugment.utils.logger:44 | Epoch 108: train_loss: 2.08782
2025-12-28 00:59:36 | INFO     | fedaugment.utils.logger:44 | Epoch 109: train_loss: 2.08805
2025-12-28 00:59:39 | INFO     | fedaugment.utils.logger:44 | Epoch 110: train_loss: 2.08734
2025-12-28 00:59:41 | INFO     | fedaugment.utils.logger:44 | Epoch 111: train_loss: 2.08408
2025-12-28 00:59:44 | INFO     | fedaugment.utils.logger:44 | Epoch 112: train_loss: 2.08459
2025-12-28 00:59:46 | INFO     | fedaugment.utils.logger:44 | Epoch 113: train_loss: 2.08252
2025-12-28 00:59:48 | INFO     | fedaugment.utils.logger:44 | Epoch 114: train_loss: 2.08217
2025-12-28 00:59:51 | INFO     | fedaugment.utils.logger:44 | Epoch 115: train_loss: 2.07963
2025-12-28 00:59:53 | INFO     | fedaugment.utils.logger:44 | Epoch 116: train_loss: 2.07877
2025-12-28 00:59:55 | INFO     | fedaugment.utils.logger:44 | Epoch 117: train_loss: 2.07660
2025-12-28 00:59:58 | INFO     | fedaugment.utils.logger:44 | Epoch 118: train_loss: 2.07543
2025-12-28 01:00:00 | INFO     | fedaugment.utils.logger:44 | Epoch 119: train_loss: 2.07519
2025-12-28 01:00:03 | INFO     | fedaugment.utils.logger:44 | Epoch 120: train_loss: 2.07276
2025-12-28 01:00:05 | INFO     | fedaugment.utils.logger:44 | Epoch 121: train_loss: 2.07178
2025-12-28 01:00:07 | INFO     | fedaugment.utils.logger:44 | Epoch 122: train_loss: 2.07136
2025-12-28 01:00:10 | INFO     | fedaugment.utils.logger:44 | Epoch 123: train_loss: 2.06936
2025-12-28 01:00:12 | INFO     | fedaugment.utils.logger:44 | Epoch 124: train_loss: 2.06882
2025-12-28 01:00:15 | INFO     | fedaugment.utils.logger:44 | Epoch 125: train_loss: 2.06672
2025-12-28 01:00:17 | INFO     | fedaugment.utils.logger:44 | Epoch 126: train_loss: 2.06623
2025-12-28 01:00:19 | INFO     | fedaugment.utils.logger:44 | Epoch 127: train_loss: 2.06557
2025-12-28 01:00:21 | INFO     | fedaugment.utils.logger:44 | Epoch 128: train_loss: 2.06486
2025-12-28 01:00:24 | INFO     | fedaugment.utils.logger:44 | Epoch 129: train_loss: 2.06309
2025-12-28 01:00:26 | INFO     | fedaugment.utils.logger:44 | Epoch 130: train_loss: 2.06316
2025-12-28 01:00:29 | INFO     | fedaugment.utils.logger:44 | Epoch 131: train_loss: 2.06165
2025-12-28 01:00:31 | INFO     | fedaugment.utils.logger:44 | Epoch 132: train_loss: 2.06060
2025-12-28 01:00:34 | INFO     | fedaugment.utils.logger:44 | Epoch 133: train_loss: 2.06086
2025-12-28 01:00:36 | INFO     | fedaugment.utils.logger:44 | Epoch 134: train_loss: 2.05887
2025-12-28 01:00:38 | INFO     | fedaugment.utils.logger:44 | Epoch 135: train_loss: 2.05732
2025-12-28 01:00:41 | INFO     | fedaugment.utils.logger:44 | Epoch 136: train_loss: 2.05728
2025-12-28 01:00:43 | INFO     | fedaugment.utils.logger:44 | Epoch 137: train_loss: 2.05453
2025-12-28 01:00:45 | INFO     | fedaugment.utils.logger:44 | Epoch 138: train_loss: 2.05344
2025-12-28 01:00:48 | INFO     | fedaugment.utils.logger:44 | Epoch 139: train_loss: 2.05352
2025-12-28 01:00:50 | INFO     | fedaugment.utils.logger:44 | Epoch 140: train_loss: 2.05124
2025-12-28 01:00:53 | INFO     | fedaugment.utils.logger:44 | Epoch 141: train_loss: 2.05064
2025-12-28 01:00:55 | INFO     | fedaugment.utils.logger:44 | Epoch 142: train_loss: 2.05019
2025-12-28 01:00:58 | INFO     | fedaugment.utils.logger:44 | Epoch 143: train_loss: 2.04892
2025-12-28 01:01:00 | INFO     | fedaugment.utils.logger:44 | Epoch 144: train_loss: 2.04729
2025-12-28 01:01:03 | INFO     | fedaugment.utils.logger:44 | Epoch 145: train_loss: 2.04674
2025-12-28 01:01:06 | INFO     | fedaugment.utils.logger:44 | Epoch 146: train_loss: 2.04608
2025-12-28 01:01:08 | INFO     | fedaugment.utils.logger:44 | Epoch 147: train_loss: 2.04414
2025-12-28 01:01:10 | INFO     | fedaugment.utils.logger:44 | Epoch 148: train_loss: 2.04511
2025-12-28 01:01:13 | INFO     | fedaugment.utils.logger:44 | Epoch 149: train_loss: 2.04398
2025-12-28 01:01:15 | INFO     | fedaugment.utils.logger:44 | Epoch 150: train_loss: 2.04134
2025-12-28 01:01:18 | INFO     | fedaugment.utils.logger:44 | Epoch 151: train_loss: 2.04090
2025-12-28 01:01:20 | INFO     | fedaugment.utils.logger:44 | Epoch 152: train_loss: 2.04075
2025-12-28 01:01:23 | INFO     | fedaugment.utils.logger:44 | Epoch 153: train_loss: 2.04122
2025-12-28 01:01:25 | INFO     | fedaugment.utils.logger:44 | Epoch 154: train_loss: 2.03984
2025-12-28 01:01:28 | INFO     | fedaugment.utils.logger:44 | Epoch 155: train_loss: 2.03872
2025-12-28 01:01:30 | INFO     | fedaugment.utils.logger:44 | Epoch 156: train_loss: 2.03773
2025-12-28 01:01:33 | INFO     | fedaugment.utils.logger:44 | Epoch 157: train_loss: 2.03651
2025-12-28 01:01:35 | INFO     | fedaugment.utils.logger:44 | Epoch 158: train_loss: 2.03639
2025-12-28 01:01:37 | INFO     | fedaugment.utils.logger:44 | Epoch 159: train_loss: 2.03699
2025-12-28 01:01:40 | INFO     | fedaugment.utils.logger:44 | Epoch 160: train_loss: 2.03566
2025-12-28 01:01:42 | INFO     | fedaugment.utils.logger:44 | Epoch 161: train_loss: 2.03499
2025-12-28 01:01:45 | INFO     | fedaugment.utils.logger:44 | Epoch 162: train_loss: 2.03391
2025-12-28 01:01:47 | INFO     | fedaugment.utils.logger:44 | Epoch 163: train_loss: 2.03357
2025-12-28 01:01:50 | INFO     | fedaugment.utils.logger:44 | Epoch 164: train_loss: 2.03216
2025-12-28 01:01:52 | INFO     | fedaugment.utils.logger:44 | Epoch 165: train_loss: 2.03188
2025-12-28 01:01:54 | INFO     | fedaugment.utils.logger:44 | Epoch 166: train_loss: 2.03033
2025-12-28 01:01:57 | INFO     | fedaugment.utils.logger:44 | Epoch 167: train_loss: 2.03020
2025-12-28 01:01:59 | INFO     | fedaugment.utils.logger:44 | Epoch 168: train_loss: 2.02984
2025-12-28 01:02:02 | INFO     | fedaugment.utils.logger:44 | Epoch 169: train_loss: 2.02799
2025-12-28 01:02:04 | INFO     | fedaugment.utils.logger:44 | Epoch 170: train_loss: 2.02947
2025-12-28 01:02:07 | INFO     | fedaugment.utils.logger:44 | Epoch 171: train_loss: 2.02853
2025-12-28 01:02:10 | INFO     | fedaugment.utils.logger:44 | Epoch 172: train_loss: 2.02737
2025-12-28 01:02:12 | INFO     | fedaugment.utils.logger:44 | Epoch 173: train_loss: 2.02685
2025-12-28 01:02:15 | INFO     | fedaugment.utils.logger:44 | Epoch 174: train_loss: 2.02656
2025-12-28 01:02:17 | INFO     | fedaugment.utils.logger:44 | Epoch 175: train_loss: 2.02574
2025-12-28 01:02:20 | INFO     | fedaugment.utils.logger:44 | Epoch 176: train_loss: 2.02530
2025-12-28 01:02:22 | INFO     | fedaugment.utils.logger:44 | Epoch 177: train_loss: 2.02530
2025-12-28 01:02:25 | INFO     | fedaugment.utils.logger:44 | Epoch 178: train_loss: 2.02399
2025-12-28 01:02:27 | INFO     | fedaugment.utils.logger:44 | Epoch 179: train_loss: 2.02425
2025-12-28 01:02:30 | INFO     | fedaugment.utils.logger:44 | Epoch 180: train_loss: 2.02262
2025-12-28 01:02:32 | INFO     | fedaugment.utils.logger:44 | Epoch 181: train_loss: 2.02247
2025-12-28 01:02:35 | INFO     | fedaugment.utils.logger:44 | Epoch 182: train_loss: 2.02162
2025-12-28 01:02:37 | INFO     | fedaugment.utils.logger:44 | Epoch 183: train_loss: 2.02228
2025-12-28 01:02:40 | INFO     | fedaugment.utils.logger:44 | Epoch 184: train_loss: 2.02135
2025-12-28 01:02:42 | INFO     | fedaugment.utils.logger:44 | Epoch 185: train_loss: 2.02129
2025-12-28 01:02:44 | INFO     | fedaugment.utils.logger:44 | Epoch 186: train_loss: 2.02076
2025-12-28 01:02:47 | INFO     | fedaugment.utils.logger:44 | Epoch 187: train_loss: 2.02030
2025-12-28 01:02:49 | INFO     | fedaugment.utils.logger:44 | Epoch 188: train_loss: 2.01860
2025-12-28 01:02:52 | INFO     | fedaugment.utils.logger:44 | Epoch 189: train_loss: 2.01894
2025-12-28 01:02:54 | INFO     | fedaugment.utils.logger:44 | Epoch 190: train_loss: 2.01919
2025-12-28 01:02:56 | INFO     | fedaugment.utils.logger:44 | Epoch 191: train_loss: 2.01879
2025-12-28 01:02:59 | INFO     | fedaugment.utils.logger:44 | Epoch 192: train_loss: 2.01746
2025-12-28 01:03:01 | INFO     | fedaugment.utils.logger:44 | Epoch 193: train_loss: 2.01770
2025-12-28 01:03:04 | INFO     | fedaugment.utils.logger:44 | Epoch 194: train_loss: 2.01706
2025-12-28 01:03:06 | INFO     | fedaugment.utils.logger:44 | Epoch 195: train_loss: 2.01657
2025-12-28 01:03:09 | INFO     | fedaugment.utils.logger:44 | Epoch 196: train_loss: 2.01635
2025-12-28 01:03:11 | INFO     | fedaugment.utils.logger:44 | Epoch 197: train_loss: 2.01594
2025-12-28 01:03:13 | INFO     | fedaugment.utils.logger:44 | Epoch 198: train_loss: 2.01645
2025-12-28 01:03:16 | INFO     | fedaugment.utils.logger:44 | Epoch 199: train_loss: 2.01566
2025-12-28 01:03:19 | INFO     | fedaugment.utils.logger:44 | Epoch 200: train_loss: 2.01529
2025-12-28 01:03:21 | INFO     | fedaugment.utils.logger:44 | Epoch 201: train_loss: 2.01459
2025-12-28 01:03:24 | INFO     | fedaugment.utils.logger:44 | Epoch 202: train_loss: 2.01462
2025-12-28 01:03:26 | INFO     | fedaugment.utils.logger:44 | Epoch 203: train_loss: 2.01403
2025-12-28 01:03:29 | INFO     | fedaugment.utils.logger:44 | Epoch 204: train_loss: 2.01347
2025-12-28 01:03:31 | INFO     | fedaugment.utils.logger:44 | Epoch 205: train_loss: 2.01243
2025-12-28 01:03:34 | INFO     | fedaugment.utils.logger:44 | Epoch 206: train_loss: 2.01270
2025-12-28 01:03:36 | INFO     | fedaugment.utils.logger:44 | Epoch 207: train_loss: 2.01282
2025-12-28 01:03:38 | INFO     | fedaugment.utils.logger:44 | Epoch 208: train_loss: 2.01209
2025-12-28 01:03:41 | INFO     | fedaugment.utils.logger:44 | Epoch 209: train_loss: 2.01290
2025-12-28 01:03:43 | INFO     | fedaugment.utils.logger:44 | Epoch 210: train_loss: 2.01246
2025-12-28 01:03:46 | INFO     | fedaugment.utils.logger:44 | Epoch 211: train_loss: 2.01169
2025-12-28 01:03:48 | INFO     | fedaugment.utils.logger:44 | Epoch 212: train_loss: 2.01090
2025-12-28 01:03:51 | INFO     | fedaugment.utils.logger:44 | Epoch 213: train_loss: 2.01180
2025-12-28 01:03:53 | INFO     | fedaugment.utils.logger:44 | Epoch 214: train_loss: 2.01173
2025-12-28 01:03:55 | INFO     | fedaugment.utils.logger:44 | Epoch 215: train_loss: 2.01075
2025-12-28 01:03:58 | INFO     | fedaugment.utils.logger:44 | Epoch 216: train_loss: 2.01100
2025-12-28 01:04:00 | INFO     | fedaugment.utils.logger:44 | Epoch 217: train_loss: 2.01015
2025-12-28 01:04:03 | INFO     | fedaugment.utils.logger:44 | Epoch 218: train_loss: 2.00985
2025-12-28 01:04:05 | INFO     | fedaugment.utils.logger:44 | Epoch 219: train_loss: 2.00960
2025-12-28 01:04:08 | INFO     | fedaugment.utils.logger:44 | Epoch 220: train_loss: 2.00987
2025-12-28 01:04:10 | INFO     | fedaugment.utils.logger:44 | Epoch 221: train_loss: 2.00958
2025-12-28 01:04:12 | INFO     | fedaugment.utils.logger:44 | Epoch 222: train_loss: 2.01030
2025-12-28 01:04:15 | INFO     | fedaugment.utils.logger:44 | Epoch 223: train_loss: 2.01024
2025-12-28 01:04:17 | INFO     | fedaugment.utils.logger:44 | Epoch 224: train_loss: 2.00847
2025-12-28 01:04:20 | INFO     | fedaugment.utils.logger:44 | Epoch 225: train_loss: 2.00971
2025-12-28 01:04:22 | INFO     | fedaugment.utils.logger:44 | Epoch 226: train_loss: 2.00905
2025-12-28 01:04:24 | INFO     | fedaugment.utils.logger:44 | Epoch 227: train_loss: 2.00879
2025-12-28 01:04:27 | INFO     | fedaugment.utils.logger:44 | Epoch 228: train_loss: 2.00834
2025-12-28 01:04:29 | INFO     | fedaugment.utils.logger:44 | Epoch 229: train_loss: 2.00918
2025-12-28 01:04:32 | INFO     | fedaugment.utils.logger:44 | Epoch 230: train_loss: 2.00887
2025-12-28 01:04:34 | INFO     | fedaugment.utils.logger:44 | Epoch 231: train_loss: 2.00788
2025-12-28 01:04:37 | INFO     | fedaugment.utils.logger:44 | Epoch 232: train_loss: 2.00895
2025-12-28 01:04:39 | INFO     | fedaugment.utils.logger:44 | Epoch 233: train_loss: 2.00743
2025-12-28 01:04:41 | INFO     | fedaugment.utils.logger:44 | Epoch 234: train_loss: 2.00805
2025-12-28 01:04:44 | INFO     | fedaugment.utils.logger:44 | Epoch 235: train_loss: 2.00801
2025-12-28 01:04:46 | INFO     | fedaugment.utils.logger:44 | Epoch 236: train_loss: 2.00777
2025-12-28 01:04:49 | INFO     | fedaugment.utils.logger:44 | Epoch 237: train_loss: 2.00765
2025-12-28 01:04:51 | INFO     | fedaugment.utils.logger:44 | Epoch 238: train_loss: 2.00800
2025-12-28 01:04:53 | INFO     | fedaugment.utils.logger:44 | Epoch 239: train_loss: 2.00853
2025-12-28 01:04:56 | INFO     | fedaugment.utils.logger:44 | Epoch 240: train_loss: 2.00746
2025-12-28 01:04:58 | INFO     | fedaugment.utils.logger:44 | Epoch 241: train_loss: 2.00790
2025-12-28 01:05:00 | INFO     | fedaugment.utils.logger:44 | Epoch 242: train_loss: 2.00867
2025-12-28 01:05:03 | INFO     | fedaugment.utils.logger:44 | Epoch 243: train_loss: 2.00746
2025-12-28 01:05:06 | INFO     | fedaugment.utils.logger:44 | Epoch 244: train_loss: 2.00776
2025-12-28 01:05:08 | INFO     | fedaugment.utils.logger:44 | Epoch 245: train_loss: 2.00743
2025-12-28 01:05:10 | INFO     | fedaugment.utils.logger:44 | Epoch 246: train_loss: 2.00732
2025-12-28 01:05:13 | INFO     | fedaugment.utils.logger:44 | Epoch 247: train_loss: 2.00768
2025-12-28 01:05:15 | INFO     | fedaugment.utils.logger:44 | Epoch 248: train_loss: 2.00707
2025-12-28 01:05:17 | INFO     | fedaugment.utils.logger:44 | Epoch 249: train_loss: 2.00717
2025-12-28 01:05:17 | INFO     | lightning_utilities.core.rank_zero:60 | `Trainer.fit` stopped: `max_epochs=250` reached.
2025-12-28 01:05:25 | INFO     | fedaugment.projections.main:87 | Starting testing phase...
2025-12-28 01:05:25 | INFO     | lightning.pytorch.accelerators.cuda:61 | LOCAL_RANK: 0 - CUDA_VISIBLE_DEVICES: [0]
2025-12-28 01:05:25 | INFO     | fedaugment.utils.logger:38 | {'module_kwargs': CLModuleConfig(model_type='projection_head', out_dim=1024, hidden_dims=[1024, 1536, 1536], activation='silu', normalization='batch', dropout=0.0), 'criterion': CriterionConfig(class_='MultiViewNTXentLoss', kwargs={'temperature': 0.1}), 'optim_configs': [OptimizerConfig(class_='AdamW', kwargs={'lr': 0.001, 'betas': (0.9, 0.999), 'eps': 1e-08, 'weight_decay': 0.01})], 'sched_configs': [LRSchedulerConfig(class_='LambdaLR', interval='epoch', frequency=1, monitor=None, kwargs={'lr_lambda': <function cos_annealing_with_warmup at 0x7f894be1d440>})], 'pipeline_names': ['distilroberta-dj_adpt', 'gte_base-dj_adpt', 'gtr_t5-dj_adpt', 'mini_l12-dj_adpt', 'mini_l6-dj_adpt', 'mpnet-dj_adpt'], 'embedding_dims': [768, 768, 768, 384, 384, 768], 'data_batch_size': 4096, 'metric_batch_size': 65536}
2025-12-28 01:05:46 | DEBUG    | fedaugment.projections.metrics.base:115 | Computing CosineSimilarityOrchestrator metrics.
2025-12-28 01:05:46 | WARNING  | fedaugment.projections.metrics.base:117 | Number of projections (8891658) is not divisible by chunk size (65536). This may lead to suboptimal performance.
2025-12-28 03:15:06 | DEBUG    | fedaugment.projections.metrics.base:198 | Finalized CosineSimilarityOrchestrator metrics
2025-12-28 03:15:06 | INFO     | fedaugment.utils.logger:44 | Epoch 250: test_loss: 3.11587, test_cossim_mean: 0.00318, test_entity_stability_15: 0.28100, test_entity_stability_5: 0.24157, test_entity_stability_50: 0.36513, test_same_lbl_cossim_mean: 0.87378
2025-12-28 03:15:07 | INFO     | fedaugment.projections.main:92 | Best model checkpoint saved at /home/lennart-ldap/projects/fedaugment/logs/curation_train_webtable_grid-mpnet-dj_adpt-k=63049-pca=0.9/version_1/last.ckpt
2025-12-28 03:15:07 | INFO     | __main__:50 | Evaluating random-mpnet-dj_adpt-k=63049 on webtable 005
2025-12-28 03:15:07 | DEBUG    | fedaugment.projections.main:31 | Experiment configuration: {"experiment_name":"curation_train_webtable_random-mpnet-dj_adpt-k=63049","experiment_version":1,"seed":42,"data_module":{"class_":"DefaultDataModule","data":{"train":"data/embeddings/webtable-005/random-mpnet-dj_adpt-k=63049","val":null,"test":"data/embeddings/webtable-split/test"},"batch_size":4096,"num_workers":32,"pin_memory":true,"persistent_workers":true,"prefetch_factor":5,"verify_column_ids":true},"projection_model":{"class_":"ContrastiveLearningModel","module_kwargs":{"model_type":"projection_head","out_dim":1024,"hidden_dims":[1024,1536,1536],"activation":"silu","normalization":"batch","dropout":0.0},"criterion":{"class_":"MultiViewNTXentLoss","kwargs":{"temperature":0.1}},"optimizers":[{"class_":"AdamW","kwargs":{"lr":0.001,"betas":[0.9,0.999],"eps":1e-8,"weight_decay":0.01}}],"schedulers":[{"class_":"LambdaLR","interval":"epoch","frequency":1,"monitor":null,"kwargs":{"lr_lambda":"cos_annealing_with_warmup"}}],"metric_batch_size":65536},"trainer":{"max_epochs":250,"accelerator":"gpu","check_val_every_n_epoch":10,"devices":"auto","deterministic":false,"enable_checkpointing":true,"enable_model_summary":true,"enable_progress_bar":true,"log_every_n_steps":50,"max_time":null,"num_sanity_val_steps":2,"precision":"bf16-mixed","profiler":null},"compile_model":true}
2025-12-28 03:15:07 | INFO     | lightning.fabric.utilities.seed:57 | Seed set to 42
2025-12-28 03:15:09 | INFO     | fedaugment.projections.main:42 | Compiling projection model...
2025-12-28 03:15:09 | INFO     | fedaugment.projections.main:44 | Projection model compiled
2025-12-28 03:15:09 | INFO     | fedaugment.projections.main:46 | Initializing trainer...
2025-12-28 03:15:09 | INFO     | lightning_utilities.core.rank_zero:60 | Using bfloat16 Automatic Mixed Precision (AMP)
2025-12-28 03:15:10 | INFO     | lightning_utilities.core.rank_zero:60 | GPU available: True (cuda), used: True
2025-12-28 03:15:10 | INFO     | lightning_utilities.core.rank_zero:60 | TPU available: False, using: 0 TPU cores
2025-12-28 03:15:10 | INFO     | fedaugment.projections.main:76 | Trainer initialized
2025-12-28 03:15:10 | INFO     | fedaugment.projections.main:83 | Starting training phase...
2025-12-28 03:15:10 | INFO     | lightning.pytorch.accelerators.cuda:61 | LOCAL_RANK: 0 - CUDA_VISIBLE_DEVICES: [0]
2025-12-28 03:15:10 | INFO     | lightning.pytorch.callbacks.model_summary:110 |
  | Name              | Type                         | Params | Mode  | FLOPs
-----------------------------------------------------------------------------------
0 | criterion         | MultiViewNTXentLoss          | 0      | train | 0
1 | val_metrics       | MetricCollection             | 0      | train | 0
2 | test_metrics      | MetricCollection             | 0      | train | 0
3 | val_orchestrator  | CosineSimilarityOrchestrator | 0      | train | 0
4 | test_orchestrator | CosineSimilarityOrchestrator | 0      | train | 0
5 | projection_heads  | ModuleList                   | 37.0 M | train | 0
-----------------------------------------------------------------------------------
37.0 M    Trainable params
0         Non-trainable params
37.0 M    Total params
148.120   Total estimated model params size (MB)
94        Modules in train mode
0         Modules in eval mode
0         Total Flops
2025-12-28 03:15:10 | INFO     | fedaugment.utils.logger:38 | {'module_kwargs': CLModuleConfig(model_type='projection_head', out_dim=1024, hidden_dims=[1024, 1536, 1536], activation='silu', normalization='batch', dropout=0.0), 'criterion': CriterionConfig(class_='MultiViewNTXentLoss', kwargs={'temperature': 0.1}), 'optim_configs': [OptimizerConfig(class_='AdamW', kwargs={'lr': 0.001, 'betas': (0.9, 0.999), 'eps': 1e-08, 'weight_decay': 0.01})], 'sched_configs': [LRSchedulerConfig(class_='LambdaLR', interval='epoch', frequency=1, monitor=None, kwargs={'lr_lambda': <function cos_annealing_with_warmup at 0x7f894be1d440>})], 'pipeline_names': ['distilroberta-dj_adpt', 'gte_base-dj_adpt', 'gtr_t5-dj_adpt', 'mini_l12-dj_adpt', 'mini_l6-dj_adpt', 'mpnet-dj_adpt'], 'embedding_dims': [768, 768, 768, 384, 384, 768], 'data_batch_size': 4096, 'metric_batch_size': 65536}
2025-12-28 03:15:12 | INFO     | fedaugment.utils.logger:44 | Epoch 0: train_loss: 10.85730
2025-12-28 03:15:15 | INFO     | fedaugment.utils.logger:44 | Epoch 1: train_loss: 8.52273
2025-12-28 03:15:17 | INFO     | fedaugment.utils.logger:44 | Epoch 2: train_loss: 5.73793
2025-12-28 03:15:19 | INFO     | fedaugment.utils.logger:44 | Epoch 3: train_loss: 4.59546
2025-12-28 03:15:21 | INFO     | fedaugment.utils.logger:44 | Epoch 4: train_loss: 4.06315
2025-12-28 03:15:23 | INFO     | fedaugment.utils.logger:44 | Epoch 5: train_loss: 3.74514
2025-12-28 03:15:26 | INFO     | fedaugment.utils.logger:44 | Epoch 6: train_loss: 3.52162
2025-12-28 03:15:28 | INFO     | fedaugment.utils.logger:44 | Epoch 7: train_loss: 3.36582
2025-12-28 03:15:30 | INFO     | fedaugment.utils.logger:44 | Epoch 8: train_loss: 3.23283
2025-12-28 03:15:33 | INFO     | fedaugment.utils.logger:44 | Epoch 9: train_loss: 3.14521
2025-12-28 03:15:35 | INFO     | fedaugment.utils.logger:44 | Epoch 10: train_loss: 3.06334
2025-12-28 03:15:38 | INFO     | fedaugment.utils.logger:44 | Epoch 11: train_loss: 2.99608
2025-12-28 03:15:40 | INFO     | fedaugment.utils.logger:44 | Epoch 12: train_loss: 2.93033
2025-12-28 03:15:43 | INFO     | fedaugment.utils.logger:44 | Epoch 13: train_loss: 2.89709
2025-12-28 03:15:46 | INFO     | fedaugment.utils.logger:44 | Epoch 14: train_loss: 2.87729
2025-12-28 03:15:48 | INFO     | fedaugment.utils.logger:44 | Epoch 15: train_loss: 2.82325
2025-12-28 03:15:51 | INFO     | fedaugment.utils.logger:44 | Epoch 16: train_loss: 2.78979
2025-12-28 03:15:54 | INFO     | fedaugment.utils.logger:44 | Epoch 17: train_loss: 2.76294
2025-12-28 03:15:56 | INFO     | fedaugment.utils.logger:44 | Epoch 18: train_loss: 2.73788
2025-12-28 03:15:59 | INFO     | fedaugment.utils.logger:44 | Epoch 19: train_loss: 2.74273
2025-12-28 03:16:02 | INFO     | fedaugment.utils.logger:44 | Epoch 20: train_loss: 2.71516
2025-12-28 03:16:04 | INFO     | fedaugment.utils.logger:44 | Epoch 21: train_loss: 2.68749
2025-12-28 03:16:06 | INFO     | fedaugment.utils.logger:44 | Epoch 22: train_loss: 2.66975
2025-12-28 03:16:09 | INFO     | fedaugment.utils.logger:44 | Epoch 23: train_loss: 2.65146
2025-12-28 03:16:12 | INFO     | fedaugment.utils.logger:44 | Epoch 24: train_loss: 2.64122
2025-12-28 03:16:14 | INFO     | fedaugment.utils.logger:44 | Epoch 25: train_loss: 2.62859
2025-12-28 03:16:17 | INFO     | fedaugment.utils.logger:44 | Epoch 26: train_loss: 2.61972
2025-12-28 03:16:20 | INFO     | fedaugment.utils.logger:44 | Epoch 27: train_loss: 2.60569
2025-12-28 03:16:22 | INFO     | fedaugment.utils.logger:44 | Epoch 28: train_loss: 2.59991
2025-12-28 03:16:25 | INFO     | fedaugment.utils.logger:44 | Epoch 29: train_loss: 2.58622
2025-12-28 03:16:27 | INFO     | fedaugment.utils.logger:44 | Epoch 30: train_loss: 2.57987
2025-12-28 03:16:30 | INFO     | fedaugment.utils.logger:44 | Epoch 31: train_loss: 2.57318
2025-12-28 03:16:33 | INFO     | fedaugment.utils.logger:44 | Epoch 32: train_loss: 2.56433
2025-12-28 03:16:35 | INFO     | fedaugment.utils.logger:44 | Epoch 33: train_loss: 2.55491
2025-12-28 03:16:38 | INFO     | fedaugment.utils.logger:44 | Epoch 34: train_loss: 2.55094
2025-12-28 03:16:40 | INFO     | fedaugment.utils.logger:44 | Epoch 35: train_loss: 2.54557
2025-12-28 03:16:43 | INFO     | fedaugment.utils.logger:44 | Epoch 36: train_loss: 2.53189
2025-12-28 03:16:45 | INFO     | fedaugment.utils.logger:44 | Epoch 37: train_loss: 2.52853
2025-12-28 03:16:48 | INFO     | fedaugment.utils.logger:44 | Epoch 38: train_loss: 2.52315
2025-12-28 03:16:50 | INFO     | fedaugment.utils.logger:44 | Epoch 39: train_loss: 2.51659
2025-12-28 03:16:53 | INFO     | fedaugment.utils.logger:44 | Epoch 40: train_loss: 2.51046
2025-12-28 03:16:55 | INFO     | fedaugment.utils.logger:44 | Epoch 41: train_loss: 2.52803
2025-12-28 03:16:58 | INFO     | fedaugment.utils.logger:44 | Epoch 42: train_loss: 2.50493
2025-12-28 03:17:00 | INFO     | fedaugment.utils.logger:44 | Epoch 43: train_loss: 2.49546
2025-12-28 03:17:03 | INFO     | fedaugment.utils.logger:44 | Epoch 44: train_loss: 2.48906
2025-12-28 03:17:05 | INFO     | fedaugment.utils.logger:44 | Epoch 45: train_loss: 2.48662
2025-12-28 03:17:08 | INFO     | fedaugment.utils.logger:44 | Epoch 46: train_loss: 2.48003
2025-12-28 03:17:10 | INFO     | fedaugment.utils.logger:44 | Epoch 47: train_loss: 2.47434
2025-12-28 03:17:13 | INFO     | fedaugment.utils.logger:44 | Epoch 48: train_loss: 2.47181
2025-12-28 03:17:15 | INFO     | fedaugment.utils.logger:44 | Epoch 49: train_loss: 2.46668
2025-12-28 03:17:17 | INFO     | fedaugment.utils.logger:44 | Epoch 50: train_loss: 2.46803
2025-12-28 03:17:20 | INFO     | fedaugment.utils.logger:44 | Epoch 51: train_loss: 2.46462
2025-12-28 03:17:22 | INFO     | fedaugment.utils.logger:44 | Epoch 52: train_loss: 2.46121
2025-12-28 03:17:24 | INFO     | fedaugment.utils.logger:44 | Epoch 53: train_loss: 2.45491
2025-12-28 03:17:27 | INFO     | fedaugment.utils.logger:44 | Epoch 54: train_loss: 2.45073
2025-12-28 03:17:29 | INFO     | fedaugment.utils.logger:44 | Epoch 55: train_loss: 2.44441
2025-12-28 03:17:31 | INFO     | fedaugment.utils.logger:44 | Epoch 56: train_loss: 2.44350
2025-12-28 03:17:33 | INFO     | fedaugment.utils.logger:44 | Epoch 57: train_loss: 2.44181
2025-12-28 03:17:35 | INFO     | fedaugment.utils.logger:44 | Epoch 58: train_loss: 2.43717
2025-12-28 03:17:38 | INFO     | fedaugment.utils.logger:44 | Epoch 59: train_loss: 2.43370
2025-12-28 03:17:40 | INFO     | fedaugment.utils.logger:44 | Epoch 60: train_loss: 2.43273
2025-12-28 03:17:43 | INFO     | fedaugment.utils.logger:44 | Epoch 61: train_loss: 2.42820
2025-12-28 03:17:45 | INFO     | fedaugment.utils.logger:44 | Epoch 62: train_loss: 2.42938
2025-12-28 03:17:47 | INFO     | fedaugment.utils.logger:44 | Epoch 63: train_loss: 2.42134
2025-12-28 03:17:50 | INFO     | fedaugment.utils.logger:44 | Epoch 64: train_loss: 2.42120
2025-12-28 03:17:52 | INFO     | fedaugment.utils.logger:44 | Epoch 65: train_loss: 2.42200
2025-12-28 03:17:55 | INFO     | fedaugment.utils.logger:44 | Epoch 66: train_loss: 2.41889
2025-12-28 03:17:57 | INFO     | fedaugment.utils.logger:44 | Epoch 67: train_loss: 2.41713
2025-12-28 03:18:00 | INFO     | fedaugment.utils.logger:44 | Epoch 68: train_loss: 2.41145
2025-12-28 03:18:02 | INFO     | fedaugment.utils.logger:44 | Epoch 69: train_loss: 2.40775
2025-12-28 03:18:04 | INFO     | fedaugment.utils.logger:44 | Epoch 70: train_loss: 2.40550
2025-12-28 03:18:07 | INFO     | fedaugment.utils.logger:44 | Epoch 71: train_loss: 2.40661
2025-12-28 03:18:09 | INFO     | fedaugment.utils.logger:44 | Epoch 72: train_loss: 2.40408
2025-12-28 03:18:12 | INFO     | fedaugment.utils.logger:44 | Epoch 73: train_loss: 2.39990
2025-12-28 03:18:14 | INFO     | fedaugment.utils.logger:44 | Epoch 74: train_loss: 2.40117
2025-12-28 03:18:17 | INFO     | fedaugment.utils.logger:44 | Epoch 75: train_loss: 2.39679
2025-12-28 03:18:19 | INFO     | fedaugment.utils.logger:44 | Epoch 76: train_loss: 2.39246
2025-12-28 03:18:22 | INFO     | fedaugment.utils.logger:44 | Epoch 77: train_loss: 2.39469
2025-12-28 03:18:24 | INFO     | fedaugment.utils.logger:44 | Epoch 78: train_loss: 2.39242
2025-12-28 03:18:27 | INFO     | fedaugment.utils.logger:44 | Epoch 79: train_loss: 2.38822
2025-12-28 03:18:29 | INFO     | fedaugment.utils.logger:44 | Epoch 80: train_loss: 2.38543
2025-12-28 03:18:32 | INFO     | fedaugment.utils.logger:44 | Epoch 81: train_loss: 2.38582
2025-12-28 03:18:34 | INFO     | fedaugment.utils.logger:44 | Epoch 82: train_loss: 2.38644
2025-12-28 03:18:37 | INFO     | fedaugment.utils.logger:44 | Epoch 83: train_loss: 2.38030
2025-12-28 03:18:39 | INFO     | fedaugment.utils.logger:44 | Epoch 84: train_loss: 2.37939
2025-12-28 03:18:41 | INFO     | fedaugment.utils.logger:44 | Epoch 85: train_loss: 2.37879
2025-12-28 03:18:43 | INFO     | fedaugment.utils.logger:44 | Epoch 86: train_loss: 2.37620
2025-12-28 03:18:46 | INFO     | fedaugment.utils.logger:44 | Epoch 87: train_loss: 2.37201
2025-12-28 03:18:48 | INFO     | fedaugment.utils.logger:44 | Epoch 88: train_loss: 2.37117
2025-12-28 03:18:51 | INFO     | fedaugment.utils.logger:44 | Epoch 89: train_loss: 2.37167
2025-12-28 03:18:53 | INFO     | fedaugment.utils.logger:44 | Epoch 90: train_loss: 2.36951
2025-12-28 03:18:56 | INFO     | fedaugment.utils.logger:44 | Epoch 91: train_loss: 2.36721
2025-12-28 03:18:58 | INFO     | fedaugment.utils.logger:44 | Epoch 92: train_loss: 2.36626
2025-12-28 03:19:01 | INFO     | fedaugment.utils.logger:44 | Epoch 93: train_loss: 2.36664
2025-12-28 03:19:03 | INFO     | fedaugment.utils.logger:44 | Epoch 94: train_loss: 2.36407
2025-12-28 03:19:06 | INFO     | fedaugment.utils.logger:44 | Epoch 95: train_loss: 2.36406
2025-12-28 03:19:08 | INFO     | fedaugment.utils.logger:44 | Epoch 96: train_loss: 2.36262
2025-12-28 03:19:11 | INFO     | fedaugment.utils.logger:44 | Epoch 97: train_loss: 2.36028
2025-12-28 03:19:13 | INFO     | fedaugment.utils.logger:44 | Epoch 98: train_loss: 2.35799
2025-12-28 03:19:15 | INFO     | fedaugment.utils.logger:44 | Epoch 99: train_loss: 2.35736
2025-12-28 03:19:18 | INFO     | fedaugment.utils.logger:44 | Epoch 100: train_loss: 2.36155
2025-12-28 03:19:20 | INFO     | fedaugment.utils.logger:44 | Epoch 101: train_loss: 2.35553
2025-12-28 03:19:22 | INFO     | fedaugment.utils.logger:44 | Epoch 102: train_loss: 2.35322
2025-12-28 03:19:25 | INFO     | fedaugment.utils.logger:44 | Epoch 103: train_loss: 2.35299
2025-12-28 03:19:28 | INFO     | fedaugment.utils.logger:44 | Epoch 104: train_loss: 2.35271
2025-12-28 03:19:30 | INFO     | fedaugment.utils.logger:44 | Epoch 105: train_loss: 2.35277
2025-12-28 03:19:32 | INFO     | fedaugment.utils.logger:44 | Epoch 106: train_loss: 2.34961
2025-12-28 03:19:35 | INFO     | fedaugment.utils.logger:44 | Epoch 107: train_loss: 2.34763
2025-12-28 03:19:37 | INFO     | fedaugment.utils.logger:44 | Epoch 108: train_loss: 2.34672
2025-12-28 03:19:40 | INFO     | fedaugment.utils.logger:44 | Epoch 109: train_loss: 2.34696
2025-12-28 03:19:42 | INFO     | fedaugment.utils.logger:44 | Epoch 110: train_loss: 2.34389
2025-12-28 03:19:45 | INFO     | fedaugment.utils.logger:44 | Epoch 111: train_loss: 2.34217
2025-12-28 03:19:47 | INFO     | fedaugment.utils.logger:44 | Epoch 112: train_loss: 2.34072
2025-12-28 03:19:50 | INFO     | fedaugment.utils.logger:44 | Epoch 113: train_loss: 2.34179
2025-12-28 03:19:52 | INFO     | fedaugment.utils.logger:44 | Epoch 114: train_loss: 2.33966
2025-12-28 03:19:54 | INFO     | fedaugment.utils.logger:44 | Epoch 115: train_loss: 2.33916
2025-12-28 03:19:57 | INFO     | fedaugment.utils.logger:44 | Epoch 116: train_loss: 2.33697
2025-12-28 03:19:59 | INFO     | fedaugment.utils.logger:44 | Epoch 117: train_loss: 2.33483
2025-12-28 03:20:01 | INFO     | fedaugment.utils.logger:44 | Epoch 118: train_loss: 2.33505
2025-12-28 03:20:04 | INFO     | fedaugment.utils.logger:44 | Epoch 119: train_loss: 2.33339
2025-12-28 03:20:06 | INFO     | fedaugment.utils.logger:44 | Epoch 120: train_loss: 2.33170
2025-12-28 03:20:09 | INFO     | fedaugment.utils.logger:44 | Epoch 121: train_loss: 2.33329
2025-12-28 03:20:11 | INFO     | fedaugment.utils.logger:44 | Epoch 122: train_loss: 2.33185
2025-12-28 03:20:13 | INFO     | fedaugment.utils.logger:44 | Epoch 123: train_loss: 2.33059
2025-12-28 03:20:16 | INFO     | fedaugment.utils.logger:44 | Epoch 124: train_loss: 2.33039
2025-12-28 03:20:18 | INFO     | fedaugment.utils.logger:44 | Epoch 125: train_loss: 2.32909
2025-12-28 03:20:21 | INFO     | fedaugment.utils.logger:44 | Epoch 126: train_loss: 2.32793
2025-12-28 03:20:23 | INFO     | fedaugment.utils.logger:44 | Epoch 127: train_loss: 2.32959
2025-12-28 03:20:25 | INFO     | fedaugment.utils.logger:44 | Epoch 128: train_loss: 2.32554
2025-12-28 03:20:28 | INFO     | fedaugment.utils.logger:44 | Epoch 129: train_loss: 2.32498
2025-12-28 03:20:30 | INFO     | fedaugment.utils.logger:44 | Epoch 130: train_loss: 2.32490
2025-12-28 03:20:32 | INFO     | fedaugment.utils.logger:44 | Epoch 131: train_loss: 2.32303
2025-12-28 03:20:35 | INFO     | fedaugment.utils.logger:44 | Epoch 132: train_loss: 2.32217
2025-12-28 03:20:37 | INFO     | fedaugment.utils.logger:44 | Epoch 133: train_loss: 2.32245
2025-12-28 03:20:39 | INFO     | fedaugment.utils.logger:44 | Epoch 134: train_loss: 2.32044
2025-12-28 03:20:41 | INFO     | fedaugment.utils.logger:44 | Epoch 135: train_loss: 2.32027
2025-12-28 03:20:44 | INFO     | fedaugment.utils.logger:44 | Epoch 136: train_loss: 2.32080
2025-12-28 03:20:46 | INFO     | fedaugment.utils.logger:44 | Epoch 137: train_loss: 2.31727
2025-12-28 03:20:49 | INFO     | fedaugment.utils.logger:44 | Epoch 138: train_loss: 2.31907
2025-12-28 03:20:51 | INFO     | fedaugment.utils.logger:44 | Epoch 139: train_loss: 2.31811
2025-12-28 03:20:54 | INFO     | fedaugment.utils.logger:44 | Epoch 140: train_loss: 2.31876
2025-12-28 03:20:56 | INFO     | fedaugment.utils.logger:44 | Epoch 141: train_loss: 2.31856
2025-12-28 03:20:58 | INFO     | fedaugment.utils.logger:44 | Epoch 142: train_loss: 2.31627
2025-12-28 03:21:01 | INFO     | fedaugment.utils.logger:44 | Epoch 143: train_loss: 2.31482
2025-12-28 03:21:03 | INFO     | fedaugment.utils.logger:44 | Epoch 144: train_loss: 2.31531
2025-12-28 03:21:05 | INFO     | fedaugment.utils.logger:44 | Epoch 145: train_loss: 2.31366
2025-12-28 03:21:08 | INFO     | fedaugment.utils.logger:44 | Epoch 146: train_loss: 2.31243
2025-12-28 03:21:10 | INFO     | fedaugment.utils.logger:44 | Epoch 147: train_loss: 2.31138
2025-12-28 03:21:12 | INFO     | fedaugment.utils.logger:44 | Epoch 148: train_loss: 2.31171
2025-12-28 03:21:14 | INFO     | fedaugment.utils.logger:44 | Epoch 149: train_loss: 2.31180
2025-12-28 03:21:17 | INFO     | fedaugment.utils.logger:44 | Epoch 150: train_loss: 2.31206
2025-12-28 03:21:20 | INFO     | fedaugment.utils.logger:44 | Epoch 151: train_loss: 2.31035
2025-12-28 03:21:22 | INFO     | fedaugment.utils.logger:44 | Epoch 152: train_loss: 2.31196
2025-12-28 03:21:25 | INFO     | fedaugment.utils.logger:44 | Epoch 153: train_loss: 2.30824
2025-12-28 03:21:27 | INFO     | fedaugment.utils.logger:44 | Epoch 154: train_loss: 2.30563
2025-12-28 03:21:29 | INFO     | fedaugment.utils.logger:44 | Epoch 155: train_loss: 2.30639
2025-12-28 03:21:31 | INFO     | fedaugment.utils.logger:44 | Epoch 156: train_loss: 2.30776
2025-12-28 03:21:34 | INFO     | fedaugment.utils.logger:44 | Epoch 157: train_loss: 2.30704
2025-12-28 03:21:36 | INFO     | fedaugment.utils.logger:44 | Epoch 158: train_loss: 2.30562
2025-12-28 03:21:39 | INFO     | fedaugment.utils.logger:44 | Epoch 159: train_loss: 2.30400
2025-12-28 03:21:41 | INFO     | fedaugment.utils.logger:44 | Epoch 160: train_loss: 2.30533
2025-12-28 03:21:44 | INFO     | fedaugment.utils.logger:44 | Epoch 161: train_loss: 2.30519
2025-12-28 03:21:46 | INFO     | fedaugment.utils.logger:44 | Epoch 162: train_loss: 2.30330
2025-12-28 03:21:48 | INFO     | fedaugment.utils.logger:44 | Epoch 163: train_loss: 2.30331
2025-12-28 03:21:51 | INFO     | fedaugment.utils.logger:44 | Epoch 164: train_loss: 2.30319
2025-12-28 03:21:53 | INFO     | fedaugment.utils.logger:44 | Epoch 165: train_loss: 2.30383
2025-12-28 03:21:56 | INFO     | fedaugment.utils.logger:44 | Epoch 166: train_loss: 2.30105
2025-12-28 03:21:58 | INFO     | fedaugment.utils.logger:44 | Epoch 167: train_loss: 2.30249
2025-12-28 03:22:01 | INFO     | fedaugment.utils.logger:44 | Epoch 168: train_loss: 2.30185
2025-12-28 03:22:03 | INFO     | fedaugment.utils.logger:44 | Epoch 169: train_loss: 2.30019
2025-12-28 03:22:05 | INFO     | fedaugment.utils.logger:44 | Epoch 170: train_loss: 2.30136
2025-12-28 03:22:08 | INFO     | fedaugment.utils.logger:44 | Epoch 171: train_loss: 2.29899
2025-12-28 03:22:10 | INFO     | fedaugment.utils.logger:44 | Epoch 172: train_loss: 2.29891
2025-12-28 03:22:12 | INFO     | fedaugment.utils.logger:44 | Epoch 173: train_loss: 2.29821
2025-12-28 03:22:15 | INFO     | fedaugment.utils.logger:44 | Epoch 174: train_loss: 2.29680
2025-12-28 03:22:17 | INFO     | fedaugment.utils.logger:44 | Epoch 175: train_loss: 2.29717
2025-12-28 03:22:20 | INFO     | fedaugment.utils.logger:44 | Epoch 176: train_loss: 2.29702
2025-12-28 03:22:22 | INFO     | fedaugment.utils.logger:44 | Epoch 177: train_loss: 2.29515
2025-12-28 03:22:24 | INFO     | fedaugment.utils.logger:44 | Epoch 178: train_loss: 2.29711
2025-12-28 03:22:27 | INFO     | fedaugment.utils.logger:44 | Epoch 179: train_loss: 2.29437
2025-12-28 03:22:29 | INFO     | fedaugment.utils.logger:44 | Epoch 180: train_loss: 2.29595
2025-12-28 03:22:31 | INFO     | fedaugment.utils.logger:44 | Epoch 181: train_loss: 2.29561
2025-12-28 03:22:34 | INFO     | fedaugment.utils.logger:44 | Epoch 182: train_loss: 2.29298
2025-12-28 03:22:36 | INFO     | fedaugment.utils.logger:44 | Epoch 183: train_loss: 2.29336
2025-12-28 03:22:38 | INFO     | fedaugment.utils.logger:44 | Epoch 184: train_loss: 2.29195
2025-12-28 03:22:40 | INFO     | fedaugment.utils.logger:44 | Epoch 185: train_loss: 2.29380
2025-12-28 03:22:42 | INFO     | fedaugment.utils.logger:44 | Epoch 186: train_loss: 2.29315
2025-12-28 03:22:45 | INFO     | fedaugment.utils.logger:44 | Epoch 187: train_loss: 2.29271
2025-12-28 03:22:47 | INFO     | fedaugment.utils.logger:44 | Epoch 188: train_loss: 2.29316
2025-12-28 03:22:49 | INFO     | fedaugment.utils.logger:44 | Epoch 189: train_loss: 2.29172
2025-12-28 03:22:52 | INFO     | fedaugment.utils.logger:44 | Epoch 190: train_loss: 2.29204
2025-12-28 03:22:54 | INFO     | fedaugment.utils.logger:44 | Epoch 191: train_loss: 2.29098
2025-12-28 03:22:57 | INFO     | fedaugment.utils.logger:44 | Epoch 192: train_loss: 2.29090
2025-12-28 03:22:59 | INFO     | fedaugment.utils.logger:44 | Epoch 193: train_loss: 2.28961
2025-12-28 03:23:01 | INFO     | fedaugment.utils.logger:44 | Epoch 194: train_loss: 2.28985
2025-12-28 03:23:04 | INFO     | fedaugment.utils.logger:44 | Epoch 195: train_loss: 2.29202
2025-12-28 03:23:06 | INFO     | fedaugment.utils.logger:44 | Epoch 196: train_loss: 2.28971
2025-12-28 03:23:08 | INFO     | fedaugment.utils.logger:44 | Epoch 197: train_loss: 2.29131
2025-12-28 03:23:10 | INFO     | fedaugment.utils.logger:44 | Epoch 198: train_loss: 2.28755
2025-12-28 03:23:13 | INFO     | fedaugment.utils.logger:44 | Epoch 199: train_loss: 2.28966
2025-12-28 03:23:15 | INFO     | fedaugment.utils.logger:44 | Epoch 200: train_loss: 2.28888
2025-12-28 03:23:18 | INFO     | fedaugment.utils.logger:44 | Epoch 201: train_loss: 2.28832
2025-12-28 03:23:20 | INFO     | fedaugment.utils.logger:44 | Epoch 202: train_loss: 2.28748
2025-12-28 03:23:22 | INFO     | fedaugment.utils.logger:44 | Epoch 203: train_loss: 2.28834
2025-12-28 03:23:25 | INFO     | fedaugment.utils.logger:44 | Epoch 204: train_loss: 2.28696
2025-12-28 03:23:27 | INFO     | fedaugment.utils.logger:44 | Epoch 205: train_loss: 2.28725
2025-12-28 03:23:29 | INFO     | fedaugment.utils.logger:44 | Epoch 206: train_loss: 2.28642
2025-12-28 03:23:31 | INFO     | fedaugment.utils.logger:44 | Epoch 207: train_loss: 2.28579
2025-12-28 03:23:34 | INFO     | fedaugment.utils.logger:44 | Epoch 208: train_loss: 2.28522
2025-12-28 03:23:36 | INFO     | fedaugment.utils.logger:44 | Epoch 209: train_loss: 2.28487
2025-12-28 03:23:38 | INFO     | fedaugment.utils.logger:44 | Epoch 210: train_loss: 2.28623
2025-12-28 03:23:40 | INFO     | fedaugment.utils.logger:44 | Epoch 211: train_loss: 2.28425
2025-12-28 03:23:43 | INFO     | fedaugment.utils.logger:44 | Epoch 212: train_loss: 2.28396
2025-12-28 03:23:45 | INFO     | fedaugment.utils.logger:44 | Epoch 213: train_loss: 2.28436
2025-12-28 03:23:48 | INFO     | fedaugment.utils.logger:44 | Epoch 214: train_loss: 2.28370
2025-12-28 03:23:50 | INFO     | fedaugment.utils.logger:44 | Epoch 215: train_loss: 2.28454
2025-12-28 03:23:52 | INFO     | fedaugment.utils.logger:44 | Epoch 216: train_loss: 2.28435
2025-12-28 03:23:55 | INFO     | fedaugment.utils.logger:44 | Epoch 217: train_loss: 2.28337
2025-12-28 03:23:57 | INFO     | fedaugment.utils.logger:44 | Epoch 218: train_loss: 2.28454
2025-12-28 03:23:59 | INFO     | fedaugment.utils.logger:44 | Epoch 219: train_loss: 2.28469
2025-12-28 03:24:02 | INFO     | fedaugment.utils.logger:44 | Epoch 220: train_loss: 2.28487
2025-12-28 03:24:04 | INFO     | fedaugment.utils.logger:44 | Epoch 221: train_loss: 2.28230
2025-12-28 03:24:07 | INFO     | fedaugment.utils.logger:44 | Epoch 222: train_loss: 2.28364
2025-12-28 03:24:09 | INFO     | fedaugment.utils.logger:44 | Epoch 223: train_loss: 2.28305
2025-12-28 03:24:12 | INFO     | fedaugment.utils.logger:44 | Epoch 224: train_loss: 2.28332
2025-12-28 03:24:14 | INFO     | fedaugment.utils.logger:44 | Epoch 225: train_loss: 2.28146
2025-12-28 03:24:16 | INFO     | fedaugment.utils.logger:44 | Epoch 226: train_loss: 2.28135
2025-12-28 03:24:19 | INFO     | fedaugment.utils.logger:44 | Epoch 227: train_loss: 2.28296
2025-12-28 03:24:21 | INFO     | fedaugment.utils.logger:44 | Epoch 228: train_loss: 2.28315
2025-12-28 03:24:24 | INFO     | fedaugment.utils.logger:44 | Epoch 229: train_loss: 2.28176
2025-12-28 03:24:26 | INFO     | fedaugment.utils.logger:44 | Epoch 230: train_loss: 2.28207
2025-12-28 03:24:29 | INFO     | fedaugment.utils.logger:44 | Epoch 231: train_loss: 2.28253
2025-12-28 03:24:31 | INFO     | fedaugment.utils.logger:44 | Epoch 232: train_loss: 2.28171
2025-12-28 03:24:33 | INFO     | fedaugment.utils.logger:44 | Epoch 233: train_loss: 2.28101
2025-12-28 03:24:36 | INFO     | fedaugment.utils.logger:44 | Epoch 234: train_loss: 2.28128
2025-12-28 03:24:38 | INFO     | fedaugment.utils.logger:44 | Epoch 235: train_loss: 2.28098
2025-12-28 03:24:40 | INFO     | fedaugment.utils.logger:44 | Epoch 236: train_loss: 2.28233
2025-12-28 03:24:43 | INFO     | fedaugment.utils.logger:44 | Epoch 237: train_loss: 2.28051
2025-12-28 03:24:45 | INFO     | fedaugment.utils.logger:44 | Epoch 238: train_loss: 2.28031
2025-12-28 03:24:47 | INFO     | fedaugment.utils.logger:44 | Epoch 239: train_loss: 2.28087
2025-12-28 03:24:50 | INFO     | fedaugment.utils.logger:44 | Epoch 240: train_loss: 2.27912
2025-12-28 03:24:52 | INFO     | fedaugment.utils.logger:44 | Epoch 241: train_loss: 2.28131
2025-12-28 03:24:54 | INFO     | fedaugment.utils.logger:44 | Epoch 242: train_loss: 2.28167
2025-12-28 03:24:56 | INFO     | fedaugment.utils.logger:44 | Epoch 243: train_loss: 2.28103
2025-12-28 03:24:59 | INFO     | fedaugment.utils.logger:44 | Epoch 244: train_loss: 2.28203
2025-12-28 03:25:01 | INFO     | fedaugment.utils.logger:44 | Epoch 245: train_loss: 2.27963
2025-12-28 03:25:03 | INFO     | fedaugment.utils.logger:44 | Epoch 246: train_loss: 2.28092
2025-12-28 03:25:06 | INFO     | fedaugment.utils.logger:44 | Epoch 247: train_loss: 2.27994
2025-12-28 03:25:08 | INFO     | fedaugment.utils.logger:44 | Epoch 248: train_loss: 2.28112
2025-12-28 03:25:10 | INFO     | fedaugment.utils.logger:44 | Epoch 249: train_loss: 2.28113
2025-12-28 03:25:10 | INFO     | lightning_utilities.core.rank_zero:60 | `Trainer.fit` stopped: `max_epochs=250` reached.
2025-12-28 03:25:20 | INFO     | fedaugment.projections.main:87 | Starting testing phase...
2025-12-28 03:25:20 | INFO     | lightning.pytorch.accelerators.cuda:61 | LOCAL_RANK: 0 - CUDA_VISIBLE_DEVICES: [0]
2025-12-28 03:25:20 | INFO     | fedaugment.utils.logger:38 | {'module_kwargs': CLModuleConfig(model_type='projection_head', out_dim=1024, hidden_dims=[1024, 1536, 1536], activation='silu', normalization='batch', dropout=0.0), 'criterion': CriterionConfig(class_='MultiViewNTXentLoss', kwargs={'temperature': 0.1}), 'optim_configs': [OptimizerConfig(class_='AdamW', kwargs={'lr': 0.001, 'betas': (0.9, 0.999), 'eps': 1e-08, 'weight_decay': 0.01})], 'sched_configs': [LRSchedulerConfig(class_='LambdaLR', interval='epoch', frequency=1, monitor=None, kwargs={'lr_lambda': <function cos_annealing_with_warmup at 0x7f894be1d440>})], 'pipeline_names': ['distilroberta-dj_adpt', 'gte_base-dj_adpt', 'gtr_t5-dj_adpt', 'mini_l12-dj_adpt', 'mini_l6-dj_adpt', 'mpnet-dj_adpt'], 'embedding_dims': [768, 768, 768, 384, 384, 768], 'data_batch_size': 4096, 'metric_batch_size': 65536}
2025-12-28 03:25:40 | DEBUG    | fedaugment.projections.metrics.base:115 | Computing CosineSimilarityOrchestrator metrics.
2025-12-28 03:25:40 | WARNING  | fedaugment.projections.metrics.base:117 | Number of projections (8891658) is not divisible by chunk size (65536). This may lead to suboptimal performance.
2025-12-28 05:34:44 | DEBUG    | fedaugment.projections.metrics.base:198 | Finalized CosineSimilarityOrchestrator metrics
2025-12-28 05:34:44 | INFO     | fedaugment.utils.logger:44 | Epoch 250: test_loss: 2.84837, test_cossim_mean: 0.00028, test_entity_stability_15: 0.42513, test_entity_stability_5: 0.39551, test_entity_stability_50: 0.52318, test_same_lbl_cossim_mean: 0.90098
2025-12-28 05:34:45 | INFO     | fedaugment.projections.main:92 | Best model checkpoint saved at /home/lennart-ldap/projects/fedaugment/logs/curation_train_webtable_random-mpnet-dj_adpt-k=63049/version_1/last.ckpt
2025-12-28 05:34:45 | INFO     | __main__:50 | Evaluating fft_cos-mpnet-dj_adpt-k=630493 on webtable 050
2025-12-28 05:34:45 | DEBUG    | fedaugment.projections.main:31 | Experiment configuration: {"experiment_name":"curation_train_webtable_fft_cos-mpnet-dj_adpt-k=630493","experiment_version":1,"seed":42,"data_module":{"class_":"DefaultDataModule","data":{"train":"data/embeddings/webtable-050/fft_cos-mpnet-dj_adpt-k=630493","val":null,"test":"data/embeddings/webtable-split/test"},"batch_size":4096,"num_workers":32,"pin_memory":true,"persistent_workers":true,"prefetch_factor":5,"verify_column_ids":true},"projection_model":{"class_":"ContrastiveLearningModel","module_kwargs":{"model_type":"projection_head","out_dim":1024,"hidden_dims":[1024,1536,1536],"activation":"silu","normalization":"batch","dropout":0.0},"criterion":{"class_":"MultiViewNTXentLoss","kwargs":{"temperature":0.1}},"optimizers":[{"class_":"AdamW","kwargs":{"lr":0.001,"betas":[0.9,0.999],"eps":1e-8,"weight_decay":0.01}}],"schedulers":[{"class_":"LambdaLR","interval":"epoch","frequency":1,"monitor":null,"kwargs":{"lr_lambda":"cos_annealing_with_warmup"}}],"metric_batch_size":65536},"trainer":{"max_epochs":250,"accelerator":"gpu","check_val_every_n_epoch":10,"devices":"auto","deterministic":false,"enable_checkpointing":true,"enable_model_summary":true,"enable_progress_bar":true,"log_every_n_steps":50,"max_time":null,"num_sanity_val_steps":2,"precision":"bf16-mixed","profiler":null},"compile_model":true}
2025-12-28 05:34:45 | INFO     | lightning.fabric.utilities.seed:57 | Seed set to 42
2025-12-28 05:34:47 | INFO     | fedaugment.projections.main:42 | Compiling projection model...
2025-12-28 05:34:47 | INFO     | fedaugment.projections.main:44 | Projection model compiled
2025-12-28 05:34:47 | INFO     | fedaugment.projections.main:46 | Initializing trainer...
2025-12-28 05:34:47 | INFO     | lightning_utilities.core.rank_zero:60 | Using bfloat16 Automatic Mixed Precision (AMP)
2025-12-28 05:34:47 | INFO     | lightning_utilities.core.rank_zero:60 | GPU available: True (cuda), used: True
2025-12-28 05:34:47 | INFO     | lightning_utilities.core.rank_zero:60 | TPU available: False, using: 0 TPU cores
2025-12-28 05:34:47 | INFO     | fedaugment.projections.main:76 | Trainer initialized
2025-12-28 05:34:47 | INFO     | fedaugment.projections.main:83 | Starting training phase...
2025-12-28 05:34:47 | INFO     | lightning.pytorch.accelerators.cuda:61 | LOCAL_RANK: 0 - CUDA_VISIBLE_DEVICES: [0]
2025-12-28 05:34:47 | INFO     | lightning.pytorch.callbacks.model_summary:110 |
  | Name              | Type                         | Params | Mode  | FLOPs
-----------------------------------------------------------------------------------
0 | criterion         | MultiViewNTXentLoss          | 0      | train | 0
1 | val_metrics       | MetricCollection             | 0      | train | 0
2 | test_metrics      | MetricCollection             | 0      | train | 0
3 | val_orchestrator  | CosineSimilarityOrchestrator | 0      | train | 0
4 | test_orchestrator | CosineSimilarityOrchestrator | 0      | train | 0
5 | projection_heads  | ModuleList                   | 37.0 M | train | 0
-----------------------------------------------------------------------------------
37.0 M    Trainable params
0         Non-trainable params
37.0 M    Total params
148.120   Total estimated model params size (MB)
94        Modules in train mode
0         Modules in eval mode
0         Total Flops
2025-12-28 05:34:47 | INFO     | fedaugment.utils.logger:38 | {'module_kwargs': CLModuleConfig(model_type='projection_head', out_dim=1024, hidden_dims=[1024, 1536, 1536], activation='silu', normalization='batch', dropout=0.0), 'criterion': CriterionConfig(class_='MultiViewNTXentLoss', kwargs={'temperature': 0.1}), 'optim_configs': [OptimizerConfig(class_='AdamW', kwargs={'lr': 0.001, 'betas': (0.9, 0.999), 'eps': 1e-08, 'weight_decay': 0.01})], 'sched_configs': [LRSchedulerConfig(class_='LambdaLR', interval='epoch', frequency=1, monitor=None, kwargs={'lr_lambda': <function cos_annealing_with_warmup at 0x7f894be1d440>})], 'pipeline_names': ['distilroberta-dj_adpt', 'gte_base-dj_adpt', 'gtr_t5-dj_adpt', 'mini_l12-dj_adpt', 'mini_l6-dj_adpt', 'mpnet-dj_adpt'], 'embedding_dims': [768, 768, 768, 384, 384, 768], 'data_batch_size': 4096, 'metric_batch_size': 65536}
2025-12-28 05:35:04 | INFO     | fedaugment.utils.logger:44 | Epoch 0: train_loss: 10.25618
2025-12-28 05:35:21 | INFO     | fedaugment.utils.logger:44 | Epoch 1: train_loss: 5.05254
2025-12-28 05:35:37 | INFO     | fedaugment.utils.logger:44 | Epoch 2: train_loss: 3.62166
2025-12-28 05:35:54 | INFO     | fedaugment.utils.logger:44 | Epoch 3: train_loss: 3.20266
2025-12-28 05:36:14 | INFO     | fedaugment.utils.logger:44 | Epoch 4: train_loss: 2.97593
2025-12-28 05:36:33 | INFO     | fedaugment.utils.logger:44 | Epoch 5: train_loss: 2.84249
2025-12-28 05:36:50 | INFO     | fedaugment.utils.logger:44 | Epoch 6: train_loss: 2.75400
2025-12-28 05:37:08 | INFO     | fedaugment.utils.logger:44 | Epoch 7: train_loss: 2.69047
2025-12-28 05:37:25 | INFO     | fedaugment.utils.logger:44 | Epoch 8: train_loss: 2.64053
2025-12-28 05:37:42 | INFO     | fedaugment.utils.logger:44 | Epoch 9: train_loss: 2.60082
2025-12-28 05:37:58 | INFO     | fedaugment.utils.logger:44 | Epoch 10: train_loss: 2.56696
2025-12-28 05:38:16 | INFO     | fedaugment.utils.logger:44 | Epoch 11: train_loss: 2.53174
2025-12-28 05:38:33 | INFO     | fedaugment.utils.logger:44 | Epoch 12: train_loss: 2.50268
2025-12-28 05:38:49 | INFO     | fedaugment.utils.logger:44 | Epoch 13: train_loss: 2.47852
2025-12-28 05:39:05 | INFO     | fedaugment.utils.logger:44 | Epoch 14: train_loss: 2.45717
2025-12-28 05:39:22 | INFO     | fedaugment.utils.logger:44 | Epoch 15: train_loss: 2.43821
2025-12-28 05:39:39 | INFO     | fedaugment.utils.logger:44 | Epoch 16: train_loss: 2.42142
2025-12-28 05:39:55 | INFO     | fedaugment.utils.logger:44 | Epoch 17: train_loss: 2.40570
2025-12-28 05:40:12 | INFO     | fedaugment.utils.logger:44 | Epoch 18: train_loss: 2.39188
2025-12-28 05:40:29 | INFO     | fedaugment.utils.logger:44 | Epoch 19: train_loss: 2.37887
2025-12-28 05:40:45 | INFO     | fedaugment.utils.logger:44 | Epoch 20: train_loss: 2.36688
2025-12-28 05:41:03 | INFO     | fedaugment.utils.logger:44 | Epoch 21: train_loss: 2.35609
2025-12-28 05:41:20 | INFO     | fedaugment.utils.logger:44 | Epoch 22: train_loss: 2.34579
2025-12-28 05:41:37 | INFO     | fedaugment.utils.logger:44 | Epoch 23: train_loss: 2.33615
2025-12-28 05:41:54 | INFO     | fedaugment.utils.logger:44 | Epoch 24: train_loss: 2.32747
2025-12-28 05:42:12 | INFO     | fedaugment.utils.logger:44 | Epoch 25: train_loss: 2.31866
2025-12-28 05:42:28 | INFO     | fedaugment.utils.logger:44 | Epoch 26: train_loss: 2.31081
2025-12-28 05:42:45 | INFO     | fedaugment.utils.logger:44 | Epoch 27: train_loss: 2.30285
2025-12-28 05:43:02 | INFO     | fedaugment.utils.logger:44 | Epoch 28: train_loss: 2.29577
2025-12-28 05:43:19 | INFO     | fedaugment.utils.logger:44 | Epoch 29: train_loss: 2.28890
2025-12-28 05:43:37 | INFO     | fedaugment.utils.logger:44 | Epoch 30: train_loss: 2.28255
2025-12-28 05:43:54 | INFO     | fedaugment.utils.logger:44 | Epoch 31: train_loss: 2.27604
2025-12-28 05:44:11 | INFO     | fedaugment.utils.logger:44 | Epoch 32: train_loss: 2.27028
2025-12-28 05:44:28 | INFO     | fedaugment.utils.logger:44 | Epoch 33: train_loss: 2.26464
2025-12-28 05:44:45 | INFO     | fedaugment.utils.logger:44 | Epoch 34: train_loss: 2.25938
2025-12-28 05:45:02 | INFO     | fedaugment.utils.logger:44 | Epoch 35: train_loss: 2.25457
2025-12-28 05:45:19 | INFO     | fedaugment.utils.logger:44 | Epoch 36: train_loss: 2.24915
2025-12-28 05:45:37 | INFO     | fedaugment.utils.logger:44 | Epoch 37: train_loss: 2.24478
2025-12-28 05:45:53 | INFO     | fedaugment.utils.logger:44 | Epoch 38: train_loss: 2.24035
2025-12-28 05:46:11 | INFO     | fedaugment.utils.logger:44 | Epoch 39: train_loss: 2.23621
2025-12-28 05:46:27 | INFO     | fedaugment.utils.logger:44 | Epoch 40: train_loss: 2.23184
2025-12-28 05:46:44 | INFO     | fedaugment.utils.logger:44 | Epoch 41: train_loss: 2.22770
2025-12-28 05:47:00 | INFO     | fedaugment.utils.logger:44 | Epoch 42: train_loss: 2.22383
2025-12-28 05:47:17 | INFO     | fedaugment.utils.logger:44 | Epoch 43: train_loss: 2.22011
2025-12-28 05:47:35 | INFO     | fedaugment.utils.logger:44 | Epoch 44: train_loss: 2.21659
2025-12-28 05:47:51 | INFO     | fedaugment.utils.logger:44 | Epoch 45: train_loss: 2.21273
2025-12-28 05:48:08 | INFO     | fedaugment.utils.logger:44 | Epoch 46: train_loss: 2.20957
2025-12-28 05:48:24 | INFO     | fedaugment.utils.logger:44 | Epoch 47: train_loss: 2.20581
2025-12-28 05:48:41 | INFO     | fedaugment.utils.logger:44 | Epoch 48: train_loss: 2.20268
2025-12-28 05:48:58 | INFO     | fedaugment.utils.logger:44 | Epoch 49: train_loss: 2.19951
2025-12-28 05:49:16 | INFO     | fedaugment.utils.logger:44 | Epoch 50: train_loss: 2.19640
2025-12-28 05:49:34 | INFO     | fedaugment.utils.logger:44 | Epoch 51: train_loss: 2.19359
2025-12-28 05:49:50 | INFO     | fedaugment.utils.logger:44 | Epoch 52: train_loss: 2.19040
2025-12-28 05:50:09 | INFO     | fedaugment.utils.logger:44 | Epoch 53: train_loss: 2.18762
2025-12-28 05:50:26 | INFO     | fedaugment.utils.logger:44 | Epoch 54: train_loss: 2.18480
2025-12-28 05:50:43 | INFO     | fedaugment.utils.logger:44 | Epoch 55: train_loss: 2.18177
2025-12-28 05:51:01 | INFO     | fedaugment.utils.logger:44 | Epoch 56: train_loss: 2.17923
2025-12-28 05:51:18 | INFO     | fedaugment.utils.logger:44 | Epoch 57: train_loss: 2.17629
2025-12-28 05:51:36 | INFO     | fedaugment.utils.logger:44 | Epoch 58: train_loss: 2.17410
2025-12-28 05:51:52 | INFO     | fedaugment.utils.logger:44 | Epoch 59: train_loss: 2.17116
2025-12-28 05:52:10 | INFO     | fedaugment.utils.logger:44 | Epoch 60: train_loss: 2.16897
2025-12-28 05:52:27 | INFO     | fedaugment.utils.logger:44 | Epoch 61: train_loss: 2.16649
2025-12-28 05:52:45 | INFO     | fedaugment.utils.logger:44 | Epoch 62: train_loss: 2.16396
2025-12-28 05:53:01 | INFO     | fedaugment.utils.logger:44 | Epoch 63: train_loss: 2.16187
2025-12-28 05:53:18 | INFO     | fedaugment.utils.logger:44 | Epoch 64: train_loss: 2.15984
2025-12-28 05:53:36 | INFO     | fedaugment.utils.logger:44 | Epoch 65: train_loss: 2.15754
2025-12-28 05:53:52 | INFO     | fedaugment.utils.logger:44 | Epoch 66: train_loss: 2.15518
2025-12-28 05:54:10 | INFO     | fedaugment.utils.logger:44 | Epoch 67: train_loss: 2.15307
2025-12-28 05:54:26 | INFO     | fedaugment.utils.logger:44 | Epoch 68: train_loss: 2.15143
2025-12-28 05:54:44 | INFO     | fedaugment.utils.logger:44 | Epoch 69: train_loss: 2.14874
2025-12-28 05:55:00 | INFO     | fedaugment.utils.logger:44 | Epoch 70: train_loss: 2.14670
2025-12-28 05:55:16 | INFO     | fedaugment.utils.logger:44 | Epoch 71: train_loss: 2.14481
2025-12-28 05:55:34 | INFO     | fedaugment.utils.logger:44 | Epoch 72: train_loss: 2.14295
2025-12-28 05:55:51 | INFO     | fedaugment.utils.logger:44 | Epoch 73: train_loss: 2.14079
2025-12-28 05:56:09 | INFO     | fedaugment.utils.logger:44 | Epoch 74: train_loss: 2.13912
2025-12-28 05:56:26 | INFO     | fedaugment.utils.logger:44 | Epoch 75: train_loss: 2.13696
2025-12-28 05:56:43 | INFO     | fedaugment.utils.logger:44 | Epoch 76: train_loss: 2.13492
2025-12-28 05:57:01 | INFO     | fedaugment.utils.logger:44 | Epoch 77: train_loss: 2.13339
2025-12-28 05:57:18 | INFO     | fedaugment.utils.logger:44 | Epoch 78: train_loss: 2.13155
2025-12-28 05:57:35 | INFO     | fedaugment.utils.logger:44 | Epoch 79: train_loss: 2.13004
2025-12-28 05:57:52 | INFO     | fedaugment.utils.logger:44 | Epoch 80: train_loss: 2.12811
2025-12-28 05:58:09 | INFO     | fedaugment.utils.logger:44 | Epoch 81: train_loss: 2.12648
2025-12-28 05:58:25 | INFO     | fedaugment.utils.logger:44 | Epoch 82: train_loss: 2.12475
2025-12-28 05:58:43 | INFO     | fedaugment.utils.logger:44 | Epoch 83: train_loss: 2.12315
2025-12-28 05:58:59 | INFO     | fedaugment.utils.logger:44 | Epoch 84: train_loss: 2.12159
2025-12-28 05:59:16 | INFO     | fedaugment.utils.logger:44 | Epoch 85: train_loss: 2.12001
2025-12-28 05:59:33 | INFO     | fedaugment.utils.logger:44 | Epoch 86: train_loss: 2.11837
2025-12-28 05:59:49 | INFO     | fedaugment.utils.logger:44 | Epoch 87: train_loss: 2.11669
2025-12-28 06:00:06 | INFO     | fedaugment.utils.logger:44 | Epoch 88: train_loss: 2.11517
2025-12-28 06:00:23 | INFO     | fedaugment.utils.logger:44 | Epoch 89: train_loss: 2.11367
2025-12-28 06:00:41 | INFO     | fedaugment.utils.logger:44 | Epoch 90: train_loss: 2.11225
2025-12-28 06:00:58 | INFO     | fedaugment.utils.logger:44 | Epoch 91: train_loss: 2.11069
2025-12-28 06:01:15 | INFO     | fedaugment.utils.logger:44 | Epoch 92: train_loss: 2.10936
2025-12-28 06:01:32 | INFO     | fedaugment.utils.logger:44 | Epoch 93: train_loss: 2.10781
2025-12-28 06:01:48 | INFO     | fedaugment.utils.logger:44 | Epoch 94: train_loss: 2.10663
2025-12-28 06:02:06 | INFO     | fedaugment.utils.logger:44 | Epoch 95: train_loss: 2.10532
2025-12-28 06:02:23 | INFO     | fedaugment.utils.logger:44 | Epoch 96: train_loss: 2.10380
2025-12-28 06:02:41 | INFO     | fedaugment.utils.logger:44 | Epoch 97: train_loss: 2.10240
2025-12-28 06:02:58 | INFO     | fedaugment.utils.logger:44 | Epoch 98: train_loss: 2.10130
2025-12-28 06:03:15 | INFO     | fedaugment.utils.logger:44 | Epoch 99: train_loss: 2.10004
2025-12-28 06:03:32 | INFO     | fedaugment.utils.logger:44 | Epoch 100: train_loss: 2.09859
2025-12-28 06:03:49 | INFO     | fedaugment.utils.logger:44 | Epoch 101: train_loss: 2.09729
2025-12-28 06:04:05 | INFO     | fedaugment.utils.logger:44 | Epoch 102: train_loss: 2.09608
2025-12-28 06:04:22 | INFO     | fedaugment.utils.logger:44 | Epoch 103: train_loss: 2.09509
2025-12-28 06:04:40 | INFO     | fedaugment.utils.logger:44 | Epoch 104: train_loss: 2.09367
2025-12-28 06:04:57 | INFO     | fedaugment.utils.logger:44 | Epoch 105: train_loss: 2.09220
2025-12-28 06:05:14 | INFO     | fedaugment.utils.logger:44 | Epoch 106: train_loss: 2.09098
2025-12-28 06:05:32 | INFO     | fedaugment.utils.logger:44 | Epoch 107: train_loss: 2.09010
2025-12-28 06:05:48 | INFO     | fedaugment.utils.logger:44 | Epoch 108: train_loss: 2.08897
2025-12-28 06:06:05 | INFO     | fedaugment.utils.logger:44 | Epoch 109: train_loss: 2.08764
2025-12-28 06:06:22 | INFO     | fedaugment.utils.logger:44 | Epoch 110: train_loss: 2.08664
2025-12-28 06:06:39 | INFO     | fedaugment.utils.logger:44 | Epoch 111: train_loss: 2.08561
2025-12-28 06:06:57 | INFO     | fedaugment.utils.logger:44 | Epoch 112: train_loss: 2.08453
2025-12-28 06:07:13 | INFO     | fedaugment.utils.logger:44 | Epoch 113: train_loss: 2.08321
2025-12-28 06:07:31 | INFO     | fedaugment.utils.logger:44 | Epoch 114: train_loss: 2.08239
2025-12-28 06:07:48 | INFO     | fedaugment.utils.logger:44 | Epoch 115: train_loss: 2.08115
2025-12-28 06:08:05 | INFO     | fedaugment.utils.logger:44 | Epoch 116: train_loss: 2.08036
2025-12-28 06:08:22 | INFO     | fedaugment.utils.logger:44 | Epoch 117: train_loss: 2.07911
2025-12-28 06:08:38 | INFO     | fedaugment.utils.logger:44 | Epoch 118: train_loss: 2.07818
2025-12-28 06:08:55 | INFO     | fedaugment.utils.logger:44 | Epoch 119: train_loss: 2.07754
2025-12-28 06:09:13 | INFO     | fedaugment.utils.logger:44 | Epoch 120: train_loss: 2.07613
2025-12-28 06:09:29 | INFO     | fedaugment.utils.logger:44 | Epoch 121: train_loss: 2.07531
2025-12-28 06:09:46 | INFO     | fedaugment.utils.logger:44 | Epoch 122: train_loss: 2.07410
2025-12-28 06:10:04 | INFO     | fedaugment.utils.logger:44 | Epoch 123: train_loss: 2.07340
2025-12-28 06:10:21 | INFO     | fedaugment.utils.logger:44 | Epoch 124: train_loss: 2.07250
2025-12-28 06:10:38 | INFO     | fedaugment.utils.logger:44 | Epoch 125: train_loss: 2.07142
2025-12-28 06:10:56 | INFO     | fedaugment.utils.logger:44 | Epoch 126: train_loss: 2.07062
2025-12-28 06:11:13 | INFO     | fedaugment.utils.logger:44 | Epoch 127: train_loss: 2.06963
2025-12-28 06:11:30 | INFO     | fedaugment.utils.logger:44 | Epoch 128: train_loss: 2.06852
2025-12-28 06:11:46 | INFO     | fedaugment.utils.logger:44 | Epoch 129: train_loss: 2.06797
2025-12-28 06:12:04 | INFO     | fedaugment.utils.logger:44 | Epoch 130: train_loss: 2.06711
2025-12-28 06:12:20 | INFO     | fedaugment.utils.logger:44 | Epoch 131: train_loss: 2.06638
2025-12-28 06:12:37 | INFO     | fedaugment.utils.logger:44 | Epoch 132: train_loss: 2.06532
2025-12-28 06:12:53 | INFO     | fedaugment.utils.logger:44 | Epoch 133: train_loss: 2.06422
2025-12-28 06:13:10 | INFO     | fedaugment.utils.logger:44 | Epoch 134: train_loss: 2.06363
2025-12-28 06:13:28 | INFO     | fedaugment.utils.logger:44 | Epoch 135: train_loss: 2.06271
2025-12-28 06:13:44 | INFO     | fedaugment.utils.logger:44 | Epoch 136: train_loss: 2.06201
2025-12-28 06:14:02 | INFO     | fedaugment.utils.logger:44 | Epoch 137: train_loss: 2.06099
2025-12-28 06:14:18 | INFO     | fedaugment.utils.logger:44 | Epoch 138: train_loss: 2.06046
2025-12-28 06:14:36 | INFO     | fedaugment.utils.logger:44 | Epoch 139: train_loss: 2.05978
2025-12-28 06:14:54 | INFO     | fedaugment.utils.logger:44 | Epoch 140: train_loss: 2.05863
2025-12-28 06:15:10 | INFO     | fedaugment.utils.logger:44 | Epoch 141: train_loss: 2.05813
2025-12-28 06:15:28 | INFO     | fedaugment.utils.logger:44 | Epoch 142: train_loss: 2.05749
2025-12-28 06:15:44 | INFO     | fedaugment.utils.logger:44 | Epoch 143: train_loss: 2.05673
2025-12-28 06:16:02 | INFO     | fedaugment.utils.logger:44 | Epoch 144: train_loss: 2.05597
2025-12-28 06:16:19 | INFO     | fedaugment.utils.logger:44 | Epoch 145: train_loss: 2.05511
2025-12-28 06:16:36 | INFO     | fedaugment.utils.logger:44 | Epoch 146: train_loss: 2.05452
2025-12-28 06:16:52 | INFO     | fedaugment.utils.logger:44 | Epoch 147: train_loss: 2.05356
2025-12-28 06:17:09 | INFO     | fedaugment.utils.logger:44 | Epoch 148: train_loss: 2.05287
2025-12-28 06:17:27 | INFO     | fedaugment.utils.logger:44 | Epoch 149: train_loss: 2.05227
2025-12-28 06:17:44 | INFO     | fedaugment.utils.logger:44 | Epoch 150: train_loss: 2.05164
2025-12-28 06:18:02 | INFO     | fedaugment.utils.logger:44 | Epoch 151: train_loss: 2.05078
2025-12-28 06:18:19 | INFO     | fedaugment.utils.logger:44 | Epoch 152: train_loss: 2.05011
2025-12-28 06:18:37 | INFO     | fedaugment.utils.logger:44 | Epoch 153: train_loss: 2.04943
2025-12-28 06:18:54 | INFO     | fedaugment.utils.logger:44 | Epoch 154: train_loss: 2.04881
2025-12-28 06:19:11 | INFO     | fedaugment.utils.logger:44 | Epoch 155: train_loss: 2.04814
2025-12-28 06:19:28 | INFO     | fedaugment.utils.logger:44 | Epoch 156: train_loss: 2.04737
2025-12-28 06:19:45 | INFO     | fedaugment.utils.logger:44 | Epoch 157: train_loss: 2.04691
2025-12-28 06:20:02 | INFO     | fedaugment.utils.logger:44 | Epoch 158: train_loss: 2.04638
2025-12-28 06:20:19 | INFO     | fedaugment.utils.logger:44 | Epoch 159: train_loss: 2.04572
2025-12-28 06:20:37 | INFO     | fedaugment.utils.logger:44 | Epoch 160: train_loss: 2.04489
2025-12-28 06:20:54 | INFO     | fedaugment.utils.logger:44 | Epoch 161: train_loss: 2.04407
2025-12-28 06:21:11 | INFO     | fedaugment.utils.logger:44 | Epoch 162: train_loss: 2.04386
2025-12-28 06:21:28 | INFO     | fedaugment.utils.logger:44 | Epoch 163: train_loss: 2.04304
2025-12-28 06:21:44 | INFO     | fedaugment.utils.logger:44 | Epoch 164: train_loss: 2.04259
2025-12-28 06:22:02 | INFO     | fedaugment.utils.logger:44 | Epoch 165: train_loss: 2.04170
2025-12-28 06:22:19 | INFO     | fedaugment.utils.logger:44 | Epoch 166: train_loss: 2.04141
2025-12-28 06:22:37 | INFO     | fedaugment.utils.logger:44 | Epoch 167: train_loss: 2.04100
2025-12-28 06:22:54 | INFO     | fedaugment.utils.logger:44 | Epoch 168: train_loss: 2.04042
2025-12-28 06:23:11 | INFO     | fedaugment.utils.logger:44 | Epoch 169: train_loss: 2.03962
2025-12-28 06:23:28 | INFO     | fedaugment.utils.logger:44 | Epoch 170: train_loss: 2.03915
2025-12-28 06:23:45 | INFO     | fedaugment.utils.logger:44 | Epoch 171: train_loss: 2.03874
2025-12-28 06:24:03 | INFO     | fedaugment.utils.logger:44 | Epoch 172: train_loss: 2.03824
2025-12-28 06:24:19 | INFO     | fedaugment.utils.logger:44 | Epoch 173: train_loss: 2.03769
2025-12-28 06:24:37 | INFO     | fedaugment.utils.logger:44 | Epoch 174: train_loss: 2.03713
2025-12-28 06:24:54 | INFO     | fedaugment.utils.logger:44 | Epoch 175: train_loss: 2.03659
2025-12-28 06:25:11 | INFO     | fedaugment.utils.logger:44 | Epoch 176: train_loss: 2.03606
2025-12-28 06:25:28 | INFO     | fedaugment.utils.logger:44 | Epoch 177: train_loss: 2.03565
2025-12-28 06:25:45 | INFO     | fedaugment.utils.logger:44 | Epoch 178: train_loss: 2.03523
2025-12-28 06:26:03 | INFO     | fedaugment.utils.logger:44 | Epoch 179: train_loss: 2.03481
2025-12-28 06:26:19 | INFO     | fedaugment.utils.logger:44 | Epoch 180: train_loss: 2.03414
2025-12-28 06:26:37 | INFO     | fedaugment.utils.logger:44 | Epoch 181: train_loss: 2.03378
2025-12-28 06:26:54 | INFO     | fedaugment.utils.logger:44 | Epoch 182: train_loss: 2.03319
2025-12-28 06:27:11 | INFO     | fedaugment.utils.logger:44 | Epoch 183: train_loss: 2.03263
2025-12-28 06:27:28 | INFO     | fedaugment.utils.logger:44 | Epoch 184: train_loss: 2.03235
2025-12-28 06:27:45 | INFO     | fedaugment.utils.logger:44 | Epoch 185: train_loss: 2.03215
2025-12-28 06:28:03 | INFO     | fedaugment.utils.logger:44 | Epoch 186: train_loss: 2.03155
2025-12-28 06:28:19 | INFO     | fedaugment.utils.logger:44 | Epoch 187: train_loss: 2.03121
2025-12-28 06:28:37 | INFO     | fedaugment.utils.logger:44 | Epoch 188: train_loss: 2.03073
2025-12-28 06:28:54 | INFO     | fedaugment.utils.logger:44 | Epoch 189: train_loss: 2.03045
2025-12-28 06:29:10 | INFO     | fedaugment.utils.logger:44 | Epoch 190: train_loss: 2.03007
2025-12-28 06:29:27 | INFO     | fedaugment.utils.logger:44 | Epoch 191: train_loss: 2.02956
2025-12-28 06:29:44 | INFO     | fedaugment.utils.logger:44 | Epoch 192: train_loss: 2.02918
2025-12-28 06:30:02 | INFO     | fedaugment.utils.logger:44 | Epoch 193: train_loss: 2.02885
2025-12-28 06:30:18 | INFO     | fedaugment.utils.logger:44 | Epoch 194: train_loss: 2.02839
2025-12-28 06:30:36 | INFO     | fedaugment.utils.logger:44 | Epoch 195: train_loss: 2.02823
2025-12-28 06:30:53 | INFO     | fedaugment.utils.logger:44 | Epoch 196: train_loss: 2.02761
2025-12-28 06:31:10 | INFO     | fedaugment.utils.logger:44 | Epoch 197: train_loss: 2.02729
2025-12-28 06:31:27 | INFO     | fedaugment.utils.logger:44 | Epoch 198: train_loss: 2.02706
2025-12-28 06:31:43 | INFO     | fedaugment.utils.logger:44 | Epoch 199: train_loss: 2.02684
2025-12-28 06:32:01 | INFO     | fedaugment.utils.logger:44 | Epoch 200: train_loss: 2.02637
2025-12-28 06:32:17 | INFO     | fedaugment.utils.logger:44 | Epoch 201: train_loss: 2.02608
2025-12-28 06:32:35 | INFO     | fedaugment.utils.logger:44 | Epoch 202: train_loss: 2.02586
2025-12-28 06:32:52 | INFO     | fedaugment.utils.logger:44 | Epoch 203: train_loss: 2.02561
2025-12-28 06:33:08 | INFO     | fedaugment.utils.logger:44 | Epoch 204: train_loss: 2.02537
2025-12-28 06:33:24 | INFO     | fedaugment.utils.logger:44 | Epoch 205: train_loss: 2.02487
2025-12-28 06:33:41 | INFO     | fedaugment.utils.logger:44 | Epoch 206: train_loss: 2.02456
2025-12-28 06:33:59 | INFO     | fedaugment.utils.logger:44 | Epoch 207: train_loss: 2.02458
2025-12-28 06:34:15 | INFO     | fedaugment.utils.logger:44 | Epoch 208: train_loss: 2.02422
2025-12-28 06:34:33 | INFO     | fedaugment.utils.logger:44 | Epoch 209: train_loss: 2.02410
2025-12-28 06:34:49 | INFO     | fedaugment.utils.logger:44 | Epoch 210: train_loss: 2.02357
2025-12-28 06:35:06 | INFO     | fedaugment.utils.logger:44 | Epoch 211: train_loss: 2.02341
2025-12-28 06:35:23 | INFO     | fedaugment.utils.logger:44 | Epoch 212: train_loss: 2.02315
2025-12-28 06:35:39 | INFO     | fedaugment.utils.logger:44 | Epoch 213: train_loss: 2.02314
2025-12-28 06:35:57 | INFO     | fedaugment.utils.logger:44 | Epoch 214: train_loss: 2.02286
2025-12-28 06:36:13 | INFO     | fedaugment.utils.logger:44 | Epoch 215: train_loss: 2.02261
2025-12-28 06:36:30 | INFO     | fedaugment.utils.logger:44 | Epoch 216: train_loss: 2.02242
2025-12-28 06:36:48 | INFO     | fedaugment.utils.logger:44 | Epoch 217: train_loss: 2.02223
2025-12-28 06:37:04 | INFO     | fedaugment.utils.logger:44 | Epoch 218: train_loss: 2.02210
2025-12-28 06:37:22 | INFO     | fedaugment.utils.logger:44 | Epoch 219: train_loss: 2.02178
2025-12-28 06:37:38 | INFO     | fedaugment.utils.logger:44 | Epoch 220: train_loss: 2.02163
2025-12-28 06:37:55 | INFO     | fedaugment.utils.logger:44 | Epoch 221: train_loss: 2.02145
2025-12-28 06:38:12 | INFO     | fedaugment.utils.logger:44 | Epoch 222: train_loss: 2.02129
2025-12-28 06:38:29 | INFO     | fedaugment.utils.logger:44 | Epoch 223: train_loss: 2.02113
2025-12-28 06:38:46 | INFO     | fedaugment.utils.logger:44 | Epoch 224: train_loss: 2.02108
2025-12-28 06:39:03 | INFO     | fedaugment.utils.logger:44 | Epoch 225: train_loss: 2.02058
2025-12-28 06:39:19 | INFO     | fedaugment.utils.logger:44 | Epoch 226: train_loss: 2.02087
2025-12-28 06:39:35 | INFO     | fedaugment.utils.logger:44 | Epoch 227: train_loss: 2.02053
2025-12-28 06:39:52 | INFO     | fedaugment.utils.logger:44 | Epoch 228: train_loss: 2.02044
2025-12-28 06:40:09 | INFO     | fedaugment.utils.logger:44 | Epoch 229: train_loss: 2.02060
2025-12-28 06:40:26 | INFO     | fedaugment.utils.logger:44 | Epoch 230: train_loss: 2.02013
2025-12-28 06:40:43 | INFO     | fedaugment.utils.logger:44 | Epoch 231: train_loss: 2.02001
2025-12-28 06:41:00 | INFO     | fedaugment.utils.logger:44 | Epoch 232: train_loss: 2.02022
2025-12-28 06:41:17 | INFO     | fedaugment.utils.logger:44 | Epoch 233: train_loss: 2.01989
2025-12-28 06:41:33 | INFO     | fedaugment.utils.logger:44 | Epoch 234: train_loss: 2.01973
2025-12-28 06:41:51 | INFO     | fedaugment.utils.logger:44 | Epoch 235: train_loss: 2.01970
2025-12-28 06:42:07 | INFO     | fedaugment.utils.logger:44 | Epoch 236: train_loss: 2.01974
2025-12-28 06:42:25 | INFO     | fedaugment.utils.logger:44 | Epoch 237: train_loss: 2.01958
2025-12-28 06:42:42 | INFO     | fedaugment.utils.logger:44 | Epoch 238: train_loss: 2.01943
2025-12-28 06:42:58 | INFO     | fedaugment.utils.logger:44 | Epoch 239: train_loss: 2.01957
2025-12-28 06:43:16 | INFO     | fedaugment.utils.logger:44 | Epoch 240: train_loss: 2.01952
2025-12-28 06:43:32 | INFO     | fedaugment.utils.logger:44 | Epoch 241: train_loss: 2.01929
2025-12-28 06:43:50 | INFO     | fedaugment.utils.logger:44 | Epoch 242: train_loss: 2.01909
2025-12-28 06:44:06 | INFO     | fedaugment.utils.logger:44 | Epoch 243: train_loss: 2.01940
2025-12-28 06:44:24 | INFO     | fedaugment.utils.logger:44 | Epoch 244: train_loss: 2.01935
2025-12-28 06:44:42 | INFO     | fedaugment.utils.logger:44 | Epoch 245: train_loss: 2.01916
2025-12-28 06:44:58 | INFO     | fedaugment.utils.logger:44 | Epoch 246: train_loss: 2.01918
2025-12-28 06:45:16 | INFO     | fedaugment.utils.logger:44 | Epoch 247: train_loss: 2.01945
2025-12-28 06:45:32 | INFO     | fedaugment.utils.logger:44 | Epoch 248: train_loss: 2.01905
2025-12-28 06:45:50 | INFO     | fedaugment.utils.logger:44 | Epoch 249: train_loss: 2.01899
2025-12-28 06:45:50 | INFO     | lightning_utilities.core.rank_zero:60 | `Trainer.fit` stopped: `max_epochs=250` reached.
2025-12-28 06:46:00 | INFO     | fedaugment.projections.main:87 | Starting testing phase...
2025-12-28 06:46:00 | INFO     | lightning.pytorch.accelerators.cuda:61 | LOCAL_RANK: 0 - CUDA_VISIBLE_DEVICES: [0]
2025-12-28 06:46:01 | INFO     | fedaugment.utils.logger:38 | {'module_kwargs': CLModuleConfig(model_type='projection_head', out_dim=1024, hidden_dims=[1024, 1536, 1536], activation='silu', normalization='batch', dropout=0.0), 'criterion': CriterionConfig(class_='MultiViewNTXentLoss', kwargs={'temperature': 0.1}), 'optim_configs': [OptimizerConfig(class_='AdamW', kwargs={'lr': 0.001, 'betas': (0.9, 0.999), 'eps': 1e-08, 'weight_decay': 0.01})], 'sched_configs': [LRSchedulerConfig(class_='LambdaLR', interval='epoch', frequency=1, monitor=None, kwargs={'lr_lambda': <function cos_annealing_with_warmup at 0x7f894be1d440>})], 'pipeline_names': ['distilroberta-dj_adpt', 'gte_base-dj_adpt', 'gtr_t5-dj_adpt', 'mini_l12-dj_adpt', 'mini_l6-dj_adpt', 'mpnet-dj_adpt'], 'embedding_dims': [768, 768, 768, 384, 384, 768], 'data_batch_size': 4096, 'metric_batch_size': 65536}
2025-12-28 06:46:20 | DEBUG    | fedaugment.projections.metrics.base:115 | Computing CosineSimilarityOrchestrator metrics.
2025-12-28 06:46:20 | WARNING  | fedaugment.projections.metrics.base:117 | Number of projections (8891658) is not divisible by chunk size (65536). This may lead to suboptimal performance.
2025-12-28 08:55:28 | DEBUG    | fedaugment.projections.metrics.base:198 | Finalized CosineSimilarityOrchestrator metrics
2025-12-28 08:55:28 | INFO     | fedaugment.utils.logger:44 | Epoch 250: test_loss: 3.03209, test_cossim_mean: 0.01756, test_entity_stability_15: 0.20609, test_entity_stability_5: 0.16552, test_entity_stability_50: 0.29516, test_same_lbl_cossim_mean: 0.95966
2025-12-28 08:55:28 | INFO     | fedaugment.projections.main:92 | Best model checkpoint saved at /home/lennart-ldap/projects/fedaugment/logs/curation_train_webtable_fft_cos-mpnet-dj_adpt-k=630493/version_1/last.ckpt
2025-12-28 08:55:28 | INFO     | __main__:50 | Evaluating fft_euc-mpnet-dj_adpt-k=630493 on webtable 050
2025-12-28 08:55:28 | DEBUG    | fedaugment.projections.main:31 | Experiment configuration: {"experiment_name":"curation_train_webtable_fft_euc-mpnet-dj_adpt-k=630493","experiment_version":1,"seed":42,"data_module":{"class_":"DefaultDataModule","data":{"train":"data/embeddings/webtable-050/fft_euc-mpnet-dj_adpt-k=630493","val":null,"test":"data/embeddings/webtable-split/test"},"batch_size":4096,"num_workers":32,"pin_memory":true,"persistent_workers":true,"prefetch_factor":5,"verify_column_ids":true},"projection_model":{"class_":"ContrastiveLearningModel","module_kwargs":{"model_type":"projection_head","out_dim":1024,"hidden_dims":[1024,1536,1536],"activation":"silu","normalization":"batch","dropout":0.0},"criterion":{"class_":"MultiViewNTXentLoss","kwargs":{"temperature":0.1}},"optimizers":[{"class_":"AdamW","kwargs":{"lr":0.001,"betas":[0.9,0.999],"eps":1e-8,"weight_decay":0.01}}],"schedulers":[{"class_":"LambdaLR","interval":"epoch","frequency":1,"monitor":null,"kwargs":{"lr_lambda":"cos_annealing_with_warmup"}}],"metric_batch_size":65536},"trainer":{"max_epochs":250,"accelerator":"gpu","check_val_every_n_epoch":10,"devices":"auto","deterministic":false,"enable_checkpointing":true,"enable_model_summary":true,"enable_progress_bar":true,"log_every_n_steps":50,"max_time":null,"num_sanity_val_steps":2,"precision":"bf16-mixed","profiler":null},"compile_model":true}
2025-12-28 08:55:28 | INFO     | lightning.fabric.utilities.seed:57 | Seed set to 42
2025-12-28 08:55:32 | INFO     | fedaugment.projections.main:42 | Compiling projection model...
2025-12-28 08:55:32 | INFO     | fedaugment.projections.main:44 | Projection model compiled
2025-12-28 08:55:32 | INFO     | fedaugment.projections.main:46 | Initializing trainer...
2025-12-28 08:55:32 | INFO     | lightning_utilities.core.rank_zero:60 | Using bfloat16 Automatic Mixed Precision (AMP)
2025-12-28 08:55:32 | INFO     | lightning_utilities.core.rank_zero:60 | GPU available: True (cuda), used: True
2025-12-28 08:55:32 | INFO     | lightning_utilities.core.rank_zero:60 | TPU available: False, using: 0 TPU cores
2025-12-28 08:55:32 | INFO     | fedaugment.projections.main:76 | Trainer initialized
2025-12-28 08:55:32 | INFO     | fedaugment.projections.main:83 | Starting training phase...
2025-12-28 08:55:32 | INFO     | lightning.pytorch.accelerators.cuda:61 | LOCAL_RANK: 0 - CUDA_VISIBLE_DEVICES: [0]
2025-12-28 08:55:32 | INFO     | lightning.pytorch.callbacks.model_summary:110 |
  | Name              | Type                         | Params | Mode  | FLOPs
-----------------------------------------------------------------------------------
0 | criterion         | MultiViewNTXentLoss          | 0      | train | 0
1 | val_metrics       | MetricCollection             | 0      | train | 0
2 | test_metrics      | MetricCollection             | 0      | train | 0
3 | val_orchestrator  | CosineSimilarityOrchestrator | 0      | train | 0
4 | test_orchestrator | CosineSimilarityOrchestrator | 0      | train | 0
5 | projection_heads  | ModuleList                   | 37.0 M | train | 0
-----------------------------------------------------------------------------------
37.0 M    Trainable params
0         Non-trainable params
37.0 M    Total params
148.120   Total estimated model params size (MB)
94        Modules in train mode
0         Modules in eval mode
0         Total Flops
2025-12-28 08:55:32 | INFO     | fedaugment.utils.logger:38 | {'module_kwargs': CLModuleConfig(model_type='projection_head', out_dim=1024, hidden_dims=[1024, 1536, 1536], activation='silu', normalization='batch', dropout=0.0), 'criterion': CriterionConfig(class_='MultiViewNTXentLoss', kwargs={'temperature': 0.1}), 'optim_configs': [OptimizerConfig(class_='AdamW', kwargs={'lr': 0.001, 'betas': (0.9, 0.999), 'eps': 1e-08, 'weight_decay': 0.01})], 'sched_configs': [LRSchedulerConfig(class_='LambdaLR', interval='epoch', frequency=1, monitor=None, kwargs={'lr_lambda': <function cos_annealing_with_warmup at 0x7f894be1d440>})], 'pipeline_names': ['distilroberta-dj_adpt', 'gte_base-dj_adpt', 'gtr_t5-dj_adpt', 'mini_l12-dj_adpt', 'mini_l6-dj_adpt', 'mpnet-dj_adpt'], 'embedding_dims': [768, 768, 768, 384, 384, 768], 'data_batch_size': 4096, 'metric_batch_size': 65536}
2025-12-28 08:55:49 | INFO     | fedaugment.utils.logger:44 | Epoch 0: train_loss: 10.25600
2025-12-28 08:56:06 | INFO     | fedaugment.utils.logger:44 | Epoch 1: train_loss: 5.05159
2025-12-28 08:56:25 | INFO     | fedaugment.utils.logger:44 | Epoch 2: train_loss: 3.62112
2025-12-28 08:56:42 | INFO     | fedaugment.utils.logger:44 | Epoch 3: train_loss: 3.20261
2025-12-28 08:56:59 | INFO     | fedaugment.utils.logger:44 | Epoch 4: train_loss: 2.97638
2025-12-28 08:57:16 | INFO     | fedaugment.utils.logger:44 | Epoch 5: train_loss: 2.84310
2025-12-28 08:57:35 | INFO     | fedaugment.utils.logger:44 | Epoch 6: train_loss: 2.75414
2025-12-28 08:57:54 | INFO     | fedaugment.utils.logger:44 | Epoch 7: train_loss: 2.69007
2025-12-28 08:58:13 | INFO     | fedaugment.utils.logger:44 | Epoch 8: train_loss: 2.64083
2025-12-28 08:58:32 | INFO     | fedaugment.utils.logger:44 | Epoch 9: train_loss: 2.60099
2025-12-28 08:58:50 | INFO     | fedaugment.utils.logger:44 | Epoch 10: train_loss: 2.56778
2025-12-28 08:59:08 | INFO     | fedaugment.utils.logger:44 | Epoch 11: train_loss: 2.53213
2025-12-28 08:59:25 | INFO     | fedaugment.utils.logger:44 | Epoch 12: train_loss: 2.50334
2025-12-28 08:59:43 | INFO     | fedaugment.utils.logger:44 | Epoch 13: train_loss: 2.47862
2025-12-28 09:00:00 | INFO     | fedaugment.utils.logger:44 | Epoch 14: train_loss: 2.45737
2025-12-28 09:00:17 | INFO     | fedaugment.utils.logger:44 | Epoch 15: train_loss: 2.43797
2025-12-28 09:00:36 | INFO     | fedaugment.utils.logger:44 | Epoch 16: train_loss: 2.42122
2025-12-28 09:00:53 | INFO     | fedaugment.utils.logger:44 | Epoch 17: train_loss: 2.40602
2025-12-28 09:01:12 | INFO     | fedaugment.utils.logger:44 | Epoch 18: train_loss: 2.39169
2025-12-28 09:01:29 | INFO     | fedaugment.utils.logger:44 | Epoch 19: train_loss: 2.37928
2025-12-28 09:01:48 | INFO     | fedaugment.utils.logger:44 | Epoch 20: train_loss: 2.36740
2025-12-28 09:02:05 | INFO     | fedaugment.utils.logger:44 | Epoch 21: train_loss: 2.35620
2025-12-28 09:02:24 | INFO     | fedaugment.utils.logger:44 | Epoch 22: train_loss: 2.34610
2025-12-28 09:02:42 | INFO     | fedaugment.utils.logger:44 | Epoch 23: train_loss: 2.33646
2025-12-28 09:02:59 | INFO     | fedaugment.utils.logger:44 | Epoch 24: train_loss: 2.32718
2025-12-28 09:03:17 | INFO     | fedaugment.utils.logger:44 | Epoch 25: train_loss: 2.31861
2025-12-28 09:03:34 | INFO     | fedaugment.utils.logger:44 | Epoch 26: train_loss: 2.31044
2025-12-28 09:03:52 | INFO     | fedaugment.utils.logger:44 | Epoch 27: train_loss: 2.30364
2025-12-28 09:04:10 | INFO     | fedaugment.utils.logger:44 | Epoch 28: train_loss: 2.29609
2025-12-28 09:04:27 | INFO     | fedaugment.utils.logger:44 | Epoch 29: train_loss: 2.28937
2025-12-28 09:04:45 | INFO     | fedaugment.utils.logger:44 | Epoch 30: train_loss: 2.28275
2025-12-28 09:05:02 | INFO     | fedaugment.utils.logger:44 | Epoch 31: train_loss: 2.27650
2025-12-28 09:05:20 | INFO     | fedaugment.utils.logger:44 | Epoch 32: train_loss: 2.27059
2025-12-28 09:05:37 | INFO     | fedaugment.utils.logger:44 | Epoch 33: train_loss: 2.26487
2025-12-28 09:05:55 | INFO     | fedaugment.utils.logger:44 | Epoch 34: train_loss: 2.25942
2025-12-28 09:06:13 | INFO     | fedaugment.utils.logger:44 | Epoch 35: train_loss: 2.25450
2025-12-28 09:06:31 | INFO     | fedaugment.utils.logger:44 | Epoch 36: train_loss: 2.24986
2025-12-28 09:06:48 | INFO     | fedaugment.utils.logger:44 | Epoch 37: train_loss: 2.24534
2025-12-28 09:07:05 | INFO     | fedaugment.utils.logger:44 | Epoch 38: train_loss: 2.24063
2025-12-28 09:07:23 | INFO     | fedaugment.utils.logger:44 | Epoch 39: train_loss: 2.23598
2025-12-28 09:07:41 | INFO     | fedaugment.utils.logger:44 | Epoch 40: train_loss: 2.23232
2025-12-28 09:07:59 | INFO     | fedaugment.utils.logger:44 | Epoch 41: train_loss: 2.22802
2025-12-28 09:08:17 | INFO     | fedaugment.utils.logger:44 | Epoch 42: train_loss: 2.22417
2025-12-28 09:08:35 | INFO     | fedaugment.utils.logger:44 | Epoch 43: train_loss: 2.22047
2025-12-28 09:08:54 | INFO     | fedaugment.utils.logger:44 | Epoch 44: train_loss: 2.21645
2025-12-28 09:09:12 | INFO     | fedaugment.utils.logger:44 | Epoch 45: train_loss: 2.21300
2025-12-28 09:09:31 | INFO     | fedaugment.utils.logger:44 | Epoch 46: train_loss: 2.20959
2025-12-28 09:09:48 | INFO     | fedaugment.utils.logger:44 | Epoch 47: train_loss: 2.20602
2025-12-28 09:10:07 | INFO     | fedaugment.utils.logger:44 | Epoch 48: train_loss: 2.20315
2025-12-28 09:10:25 | INFO     | fedaugment.utils.logger:44 | Epoch 49: train_loss: 2.19976
2025-12-28 09:10:43 | INFO     | fedaugment.utils.logger:44 | Epoch 50: train_loss: 2.19664
2025-12-28 09:11:01 | INFO     | fedaugment.utils.logger:44 | Epoch 51: train_loss: 2.19380
2025-12-28 09:11:19 | INFO     | fedaugment.utils.logger:44 | Epoch 52: train_loss: 2.19104
2025-12-28 09:11:37 | INFO     | fedaugment.utils.logger:44 | Epoch 53: train_loss: 2.18787
2025-12-28 09:11:55 | INFO     | fedaugment.utils.logger:44 | Epoch 54: train_loss: 2.18514
2025-12-28 09:12:14 | INFO     | fedaugment.utils.logger:44 | Epoch 55: train_loss: 2.18217
2025-12-28 09:12:32 | INFO     | fedaugment.utils.logger:44 | Epoch 56: train_loss: 2.17979
2025-12-28 09:12:49 | INFO     | fedaugment.utils.logger:44 | Epoch 57: train_loss: 2.17734
2025-12-28 09:13:08 | INFO     | fedaugment.utils.logger:44 | Epoch 58: train_loss: 2.17440
2025-12-28 09:13:25 | INFO     | fedaugment.utils.logger:44 | Epoch 59: train_loss: 2.17230
2025-12-28 09:13:44 | INFO     | fedaugment.utils.logger:44 | Epoch 60: train_loss: 2.16955
2025-12-28 09:14:01 | INFO     | fedaugment.utils.logger:44 | Epoch 61: train_loss: 2.16717
2025-12-28 09:14:20 | INFO     | fedaugment.utils.logger:44 | Epoch 62: train_loss: 2.16492
2025-12-28 09:14:38 | INFO     | fedaugment.utils.logger:44 | Epoch 63: train_loss: 2.16278
2025-12-28 09:14:56 | INFO     | fedaugment.utils.logger:44 | Epoch 64: train_loss: 2.16037
2025-12-28 09:15:14 | INFO     | fedaugment.utils.logger:44 | Epoch 65: train_loss: 2.15799
2025-12-28 09:15:31 | INFO     | fedaugment.utils.logger:44 | Epoch 66: train_loss: 2.15556
2025-12-28 09:15:50 | INFO     | fedaugment.utils.logger:44 | Epoch 67: train_loss: 2.15371
2025-12-28 09:16:07 | INFO     | fedaugment.utils.logger:44 | Epoch 68: train_loss: 2.15162
2025-12-28 09:16:26 | INFO     | fedaugment.utils.logger:44 | Epoch 69: train_loss: 2.14932
2025-12-28 09:16:43 | INFO     | fedaugment.utils.logger:44 | Epoch 70: train_loss: 2.14712
2025-12-28 09:17:00 | INFO     | fedaugment.utils.logger:44 | Epoch 71: train_loss: 2.14516
2025-12-28 09:17:18 | INFO     | fedaugment.utils.logger:44 | Epoch 72: train_loss: 2.14320
2025-12-28 09:17:35 | INFO     | fedaugment.utils.logger:44 | Epoch 73: train_loss: 2.14164
2025-12-28 09:17:54 | INFO     | fedaugment.utils.logger:44 | Epoch 74: train_loss: 2.13950
2025-12-28 09:18:12 | INFO     | fedaugment.utils.logger:44 | Epoch 75: train_loss: 2.13791
2025-12-28 09:18:31 | INFO     | fedaugment.utils.logger:44 | Epoch 76: train_loss: 2.13553
2025-12-28 09:18:48 | INFO     | fedaugment.utils.logger:44 | Epoch 77: train_loss: 2.13377
2025-12-28 09:19:05 | INFO     | fedaugment.utils.logger:44 | Epoch 78: train_loss: 2.13226
2025-12-28 09:19:23 | INFO     | fedaugment.utils.logger:44 | Epoch 79: train_loss: 2.13016
2025-12-28 09:19:41 | INFO     | fedaugment.utils.logger:44 | Epoch 80: train_loss: 2.12834
2025-12-28 09:19:59 | INFO     | fedaugment.utils.logger:44 | Epoch 81: train_loss: 2.12671
2025-12-28 09:20:16 | INFO     | fedaugment.utils.logger:44 | Epoch 82: train_loss: 2.12521
2025-12-28 09:20:34 | INFO     | fedaugment.utils.logger:44 | Epoch 83: train_loss: 2.12348
2025-12-28 09:20:52 | INFO     | fedaugment.utils.logger:44 | Epoch 84: train_loss: 2.12189
2025-12-28 09:21:08 | INFO     | fedaugment.utils.logger:44 | Epoch 85: train_loss: 2.12041
2025-12-28 09:21:26 | INFO     | fedaugment.utils.logger:44 | Epoch 86: train_loss: 2.11887
2025-12-28 09:21:43 | INFO     | fedaugment.utils.logger:44 | Epoch 87: train_loss: 2.11720
2025-12-28 09:22:01 | INFO     | fedaugment.utils.logger:44 | Epoch 88: train_loss: 2.11569
2025-12-28 09:22:19 | INFO     | fedaugment.utils.logger:44 | Epoch 89: train_loss: 2.11422
2025-12-28 09:22:37 | INFO     | fedaugment.utils.logger:44 | Epoch 90: train_loss: 2.11260
2025-12-28 09:22:54 | INFO     | fedaugment.utils.logger:44 | Epoch 91: train_loss: 2.11121
2025-12-28 09:23:12 | INFO     | fedaugment.utils.logger:44 | Epoch 92: train_loss: 2.10977
2025-12-28 09:23:30 | INFO     | fedaugment.utils.logger:44 | Epoch 93: train_loss: 2.10816
2025-12-28 09:23:47 | INFO     | fedaugment.utils.logger:44 | Epoch 94: train_loss: 2.10677
2025-12-28 09:24:05 | INFO     | fedaugment.utils.logger:44 | Epoch 95: train_loss: 2.10544
2025-12-28 09:24:22 | INFO     | fedaugment.utils.logger:44 | Epoch 96: train_loss: 2.10426
2025-12-28 09:24:41 | INFO     | fedaugment.utils.logger:44 | Epoch 97: train_loss: 2.10290
2025-12-28 09:24:58 | INFO     | fedaugment.utils.logger:44 | Epoch 98: train_loss: 2.10138
2025-12-28 09:25:15 | INFO     | fedaugment.utils.logger:44 | Epoch 99: train_loss: 2.10022
2025-12-28 09:25:33 | INFO     | fedaugment.utils.logger:44 | Epoch 100: train_loss: 2.09889
2025-12-28 09:25:50 | INFO     | fedaugment.utils.logger:44 | Epoch 101: train_loss: 2.09781
2025-12-28 09:26:08 | INFO     | fedaugment.utils.logger:44 | Epoch 102: train_loss: 2.09644
2025-12-28 09:26:25 | INFO     | fedaugment.utils.logger:44 | Epoch 103: train_loss: 2.09522
2025-12-28 09:26:43 | INFO     | fedaugment.utils.logger:44 | Epoch 104: train_loss: 2.09401
2025-12-28 09:27:00 | INFO     | fedaugment.utils.logger:44 | Epoch 105: train_loss: 2.09289
2025-12-28 09:27:17 | INFO     | fedaugment.utils.logger:44 | Epoch 106: train_loss: 2.09168
2025-12-28 09:27:35 | INFO     | fedaugment.utils.logger:44 | Epoch 107: train_loss: 2.09054
2025-12-28 09:27:52 | INFO     | fedaugment.utils.logger:44 | Epoch 108: train_loss: 2.08934
2025-12-28 09:28:10 | INFO     | fedaugment.utils.logger:44 | Epoch 109: train_loss: 2.08812
2025-12-28 09:28:27 | INFO     | fedaugment.utils.logger:44 | Epoch 110: train_loss: 2.08696
2025-12-28 09:28:45 | INFO     | fedaugment.utils.logger:44 | Epoch 111: train_loss: 2.08581
2025-12-28 09:29:03 | INFO     | fedaugment.utils.logger:44 | Epoch 112: train_loss: 2.08467
2025-12-28 09:29:19 | INFO     | fedaugment.utils.logger:44 | Epoch 113: train_loss: 2.08372
2025-12-28 09:29:37 | INFO     | fedaugment.utils.logger:44 | Epoch 114: train_loss: 2.08253
2025-12-28 09:29:54 | INFO     | fedaugment.utils.logger:44 | Epoch 115: train_loss: 2.08148
2025-12-28 09:30:12 | INFO     | fedaugment.utils.logger:44 | Epoch 116: train_loss: 2.08069
2025-12-28 09:30:28 | INFO     | fedaugment.utils.logger:44 | Epoch 117: train_loss: 2.07978
2025-12-28 09:30:46 | INFO     | fedaugment.utils.logger:44 | Epoch 118: train_loss: 2.07849
2025-12-28 09:31:02 | INFO     | fedaugment.utils.logger:44 | Epoch 119: train_loss: 2.07738
2025-12-28 09:31:19 | INFO     | fedaugment.utils.logger:44 | Epoch 120: train_loss: 2.07646
2025-12-28 09:31:36 | INFO     | fedaugment.utils.logger:44 | Epoch 121: train_loss: 2.07575
2025-12-28 09:31:52 | INFO     | fedaugment.utils.logger:44 | Epoch 122: train_loss: 2.07453
2025-12-28 09:32:10 | INFO     | fedaugment.utils.logger:44 | Epoch 123: train_loss: 2.07365
2025-12-28 09:32:26 | INFO     | fedaugment.utils.logger:44 | Epoch 124: train_loss: 2.07279
2025-12-28 09:32:43 | INFO     | fedaugment.utils.logger:44 | Epoch 125: train_loss: 2.07177
2025-12-28 09:33:00 | INFO     | fedaugment.utils.logger:44 | Epoch 126: train_loss: 2.07089
2025-12-28 09:33:16 | INFO     | fedaugment.utils.logger:44 | Epoch 127: train_loss: 2.06985
2025-12-28 09:33:34 | INFO     | fedaugment.utils.logger:44 | Epoch 128: train_loss: 2.06917
2025-12-28 09:33:50 | INFO     | fedaugment.utils.logger:44 | Epoch 129: train_loss: 2.06782
2025-12-28 09:34:08 | INFO     | fedaugment.utils.logger:44 | Epoch 130: train_loss: 2.06698
2025-12-28 09:34:25 | INFO     | fedaugment.utils.logger:44 | Epoch 131: train_loss: 2.06648
2025-12-28 09:34:42 | INFO     | fedaugment.utils.logger:44 | Epoch 132: train_loss: 2.06551
2025-12-28 09:34:58 | INFO     | fedaugment.utils.logger:44 | Epoch 133: train_loss: 2.06468
2025-12-28 09:35:15 | INFO     | fedaugment.utils.logger:44 | Epoch 134: train_loss: 2.06390
2025-12-28 09:35:32 | INFO     | fedaugment.utils.logger:44 | Epoch 135: train_loss: 2.06276
2025-12-28 09:35:48 | INFO     | fedaugment.utils.logger:44 | Epoch 136: train_loss: 2.06210
2025-12-28 09:36:05 | INFO     | fedaugment.utils.logger:44 | Epoch 137: train_loss: 2.06111
2025-12-28 09:36:21 | INFO     | fedaugment.utils.logger:44 | Epoch 138: train_loss: 2.06054
2025-12-28 09:36:38 | INFO     | fedaugment.utils.logger:44 | Epoch 139: train_loss: 2.05973
2025-12-28 09:36:54 | INFO     | fedaugment.utils.logger:44 | Epoch 140: train_loss: 2.05874
2025-12-28 09:37:11 | INFO     | fedaugment.utils.logger:44 | Epoch 141: train_loss: 2.05824
2025-12-28 09:37:28 | INFO     | fedaugment.utils.logger:44 | Epoch 142: train_loss: 2.05751
2025-12-28 09:37:45 | INFO     | fedaugment.utils.logger:44 | Epoch 143: train_loss: 2.05666
2025-12-28 09:38:02 | INFO     | fedaugment.utils.logger:44 | Epoch 144: train_loss: 2.05597
2025-12-28 09:38:18 | INFO     | fedaugment.utils.logger:44 | Epoch 145: train_loss: 2.05520
2025-12-28 09:38:35 | INFO     | fedaugment.utils.logger:44 | Epoch 146: train_loss: 2.05460
2025-12-28 09:38:51 | INFO     | fedaugment.utils.logger:44 | Epoch 147: train_loss: 2.05374
2025-12-28 09:39:08 | INFO     | fedaugment.utils.logger:44 | Epoch 148: train_loss: 2.05283
2025-12-28 09:39:24 | INFO     | fedaugment.utils.logger:44 | Epoch 149: train_loss: 2.05233
2025-12-28 09:39:41 | INFO     | fedaugment.utils.logger:44 | Epoch 150: train_loss: 2.05163
2025-12-28 09:39:58 | INFO     | fedaugment.utils.logger:44 | Epoch 151: train_loss: 2.05084
2025-12-28 09:40:15 | INFO     | fedaugment.utils.logger:44 | Epoch 152: train_loss: 2.05032
2025-12-28 09:40:32 | INFO     | fedaugment.utils.logger:44 | Epoch 153: train_loss: 2.04963
2025-12-28 09:40:48 | INFO     | fedaugment.utils.logger:44 | Epoch 154: train_loss: 2.04880
2025-12-28 09:41:04 | INFO     | fedaugment.utils.logger:44 | Epoch 155: train_loss: 2.04834
2025-12-28 09:41:20 | INFO     | fedaugment.utils.logger:44 | Epoch 156: train_loss: 2.04743
2025-12-28 09:41:37 | INFO     | fedaugment.utils.logger:44 | Epoch 157: train_loss: 2.04672
2025-12-28 09:41:54 | INFO     | fedaugment.utils.logger:44 | Epoch 158: train_loss: 2.04613
2025-12-28 09:42:10 | INFO     | fedaugment.utils.logger:44 | Epoch 159: train_loss: 2.04561
2025-12-28 09:42:27 | INFO     | fedaugment.utils.logger:44 | Epoch 160: train_loss: 2.04507
2025-12-28 09:42:44 | INFO     | fedaugment.utils.logger:44 | Epoch 161: train_loss: 2.04435
2025-12-28 09:43:01 | INFO     | fedaugment.utils.logger:44 | Epoch 162: train_loss: 2.04386
2025-12-28 09:43:18 | INFO     | fedaugment.utils.logger:44 | Epoch 163: train_loss: 2.04318
2025-12-28 09:43:35 | INFO     | fedaugment.utils.logger:44 | Epoch 164: train_loss: 2.04253
2025-12-28 09:43:51 | INFO     | fedaugment.utils.logger:44 | Epoch 165: train_loss: 2.04193
2025-12-28 09:44:08 | INFO     | fedaugment.utils.logger:44 | Epoch 166: train_loss: 2.04136
2025-12-28 09:44:26 | INFO     | fedaugment.utils.logger:44 | Epoch 167: train_loss: 2.04060
2025-12-28 09:44:43 | INFO     | fedaugment.utils.logger:44 | Epoch 168: train_loss: 2.04040
2025-12-28 09:45:00 | INFO     | fedaugment.utils.logger:44 | Epoch 169: train_loss: 2.03968
2025-12-28 09:45:16 | INFO     | fedaugment.utils.logger:44 | Epoch 170: train_loss: 2.03916
2025-12-28 09:45:33 | INFO     | fedaugment.utils.logger:44 | Epoch 171: train_loss: 2.03856
2025-12-28 09:45:51 | INFO     | fedaugment.utils.logger:44 | Epoch 172: train_loss: 2.03792
2025-12-28 09:46:07 | INFO     | fedaugment.utils.logger:44 | Epoch 173: train_loss: 2.03752
2025-12-28 09:46:24 | INFO     | fedaugment.utils.logger:44 | Epoch 174: train_loss: 2.03697
2025-12-28 09:46:42 | INFO     | fedaugment.utils.logger:44 | Epoch 175: train_loss: 2.03632
2025-12-28 09:46:58 | INFO     | fedaugment.utils.logger:44 | Epoch 176: train_loss: 2.03608
2025-12-28 09:47:15 | INFO     | fedaugment.utils.logger:44 | Epoch 177: train_loss: 2.03563
2025-12-28 09:47:32 | INFO     | fedaugment.utils.logger:44 | Epoch 178: train_loss: 2.03498
2025-12-28 09:47:49 | INFO     | fedaugment.utils.logger:44 | Epoch 179: train_loss: 2.03474
2025-12-28 09:48:06 | INFO     | fedaugment.utils.logger:44 | Epoch 180: train_loss: 2.03403
2025-12-28 09:48:23 | INFO     | fedaugment.utils.logger:44 | Epoch 181: train_loss: 2.03370
2025-12-28 09:48:41 | INFO     | fedaugment.utils.logger:44 | Epoch 182: train_loss: 2.03329
2025-12-28 09:48:58 | INFO     | fedaugment.utils.logger:44 | Epoch 183: train_loss: 2.03268
2025-12-28 09:49:15 | INFO     | fedaugment.utils.logger:44 | Epoch 184: train_loss: 2.03241
2025-12-28 09:49:32 | INFO     | fedaugment.utils.logger:44 | Epoch 185: train_loss: 2.03186
2025-12-28 09:49:50 | INFO     | fedaugment.utils.logger:44 | Epoch 186: train_loss: 2.03147
2025-12-28 09:50:07 | INFO     | fedaugment.utils.logger:44 | Epoch 187: train_loss: 2.03101
2025-12-28 09:50:25 | INFO     | fedaugment.utils.logger:44 | Epoch 188: train_loss: 2.03063
2025-12-28 09:50:42 | INFO     | fedaugment.utils.logger:44 | Epoch 189: train_loss: 2.03018
2025-12-28 09:50:59 | INFO     | fedaugment.utils.logger:44 | Epoch 190: train_loss: 2.02970
2025-12-28 09:51:16 | INFO     | fedaugment.utils.logger:44 | Epoch 191: train_loss: 2.02940
2025-12-28 09:51:33 | INFO     | fedaugment.utils.logger:44 | Epoch 192: train_loss: 2.02888
2025-12-28 09:51:51 | INFO     | fedaugment.utils.logger:44 | Epoch 193: train_loss: 2.02857
2025-12-28 09:52:07 | INFO     | fedaugment.utils.logger:44 | Epoch 194: train_loss: 2.02835
2025-12-28 09:52:24 | INFO     | fedaugment.utils.logger:44 | Epoch 195: train_loss: 2.02813
2025-12-28 09:52:41 | INFO     | fedaugment.utils.logger:44 | Epoch 196: train_loss: 2.02767
2025-12-28 09:52:57 | INFO     | fedaugment.utils.logger:44 | Epoch 197: train_loss: 2.02730
2025-12-28 09:53:15 | INFO     | fedaugment.utils.logger:44 | Epoch 198: train_loss: 2.02695
2025-12-28 09:53:32 | INFO     | fedaugment.utils.logger:44 | Epoch 199: train_loss: 2.02647
2025-12-28 09:53:49 | INFO     | fedaugment.utils.logger:44 | Epoch 200: train_loss: 2.02618
2025-12-28 09:54:06 | INFO     | fedaugment.utils.logger:44 | Epoch 201: train_loss: 2.02593
2025-12-28 09:54:25 | INFO     | fedaugment.utils.logger:44 | Epoch 202: train_loss: 2.02576
2025-12-28 09:54:42 | INFO     | fedaugment.utils.logger:44 | Epoch 203: train_loss: 2.02536
2025-12-28 09:54:59 | INFO     | fedaugment.utils.logger:44 | Epoch 204: train_loss: 2.02520
2025-12-28 09:55:17 | INFO     | fedaugment.utils.logger:44 | Epoch 205: train_loss: 2.02474
2025-12-28 09:55:34 | INFO     | fedaugment.utils.logger:44 | Epoch 206: train_loss: 2.02447
2025-12-28 09:55:52 | INFO     | fedaugment.utils.logger:44 | Epoch 207: train_loss: 2.02423
2025-12-28 09:56:09 | INFO     | fedaugment.utils.logger:44 | Epoch 208: train_loss: 2.02382
2025-12-28 09:56:27 | INFO     | fedaugment.utils.logger:44 | Epoch 209: train_loss: 2.02369
2025-12-28 09:56:44 | INFO     | fedaugment.utils.logger:44 | Epoch 210: train_loss: 2.02353
2025-12-28 09:57:01 | INFO     | fedaugment.utils.logger:44 | Epoch 211: train_loss: 2.02334
2025-12-28 09:57:19 | INFO     | fedaugment.utils.logger:44 | Epoch 212: train_loss: 2.02304
2025-12-28 09:57:35 | INFO     | fedaugment.utils.logger:44 | Epoch 213: train_loss: 2.02286
2025-12-28 09:57:53 | INFO     | fedaugment.utils.logger:44 | Epoch 214: train_loss: 2.02250
2025-12-28 09:58:10 | INFO     | fedaugment.utils.logger:44 | Epoch 215: train_loss: 2.02212
2025-12-28 09:58:26 | INFO     | fedaugment.utils.logger:44 | Epoch 216: train_loss: 2.02208
2025-12-28 09:58:44 | INFO     | fedaugment.utils.logger:44 | Epoch 217: train_loss: 2.02214
2025-12-28 09:59:01 | INFO     | fedaugment.utils.logger:44 | Epoch 218: train_loss: 2.02171
2025-12-28 09:59:19 | INFO     | fedaugment.utils.logger:44 | Epoch 219: train_loss: 2.02153
2025-12-28 09:59:36 | INFO     | fedaugment.utils.logger:44 | Epoch 220: train_loss: 2.02133
2025-12-28 09:59:53 | INFO     | fedaugment.utils.logger:44 | Epoch 221: train_loss: 2.02136
2025-12-28 10:00:10 | INFO     | fedaugment.utils.logger:44 | Epoch 222: train_loss: 2.02108
2025-12-28 10:00:27 | INFO     | fedaugment.utils.logger:44 | Epoch 223: train_loss: 2.02109
2025-12-28 10:00:44 | INFO     | fedaugment.utils.logger:44 | Epoch 224: train_loss: 2.02073
2025-12-28 10:01:01 | INFO     | fedaugment.utils.logger:44 | Epoch 225: train_loss: 2.02073
2025-12-28 10:01:19 | INFO     | fedaugment.utils.logger:44 | Epoch 226: train_loss: 2.02033
2025-12-28 10:01:35 | INFO     | fedaugment.utils.logger:44 | Epoch 227: train_loss: 2.02029
2025-12-28 10:01:53 | INFO     | fedaugment.utils.logger:44 | Epoch 228: train_loss: 2.02024
2025-12-28 10:02:10 | INFO     | fedaugment.utils.logger:44 | Epoch 229: train_loss: 2.01995
2025-12-28 10:02:27 | INFO     | fedaugment.utils.logger:44 | Epoch 230: train_loss: 2.02005
2025-12-28 10:02:45 | INFO     | fedaugment.utils.logger:44 | Epoch 231: train_loss: 2.01989
2025-12-28 10:03:01 | INFO     | fedaugment.utils.logger:44 | Epoch 232: train_loss: 2.01985
2025-12-28 10:03:18 | INFO     | fedaugment.utils.logger:44 | Epoch 233: train_loss: 2.01973
2025-12-28 10:03:35 | INFO     | fedaugment.utils.logger:44 | Epoch 234: train_loss: 2.01961
2025-12-28 10:03:52 | INFO     | fedaugment.utils.logger:44 | Epoch 235: train_loss: 2.01962
2025-12-28 10:04:09 | INFO     | fedaugment.utils.logger:44 | Epoch 236: train_loss: 2.01933
2025-12-28 10:04:27 | INFO     | fedaugment.utils.logger:44 | Epoch 237: train_loss: 2.01934
2025-12-28 10:04:44 | INFO     | fedaugment.utils.logger:44 | Epoch 238: train_loss: 2.01915
2025-12-28 10:05:01 | INFO     | fedaugment.utils.logger:44 | Epoch 239: train_loss: 2.01928
2025-12-28 10:05:18 | INFO     | fedaugment.utils.logger:44 | Epoch 240: train_loss: 2.01940
2025-12-28 10:05:35 | INFO     | fedaugment.utils.logger:44 | Epoch 241: train_loss: 2.01916
2025-12-28 10:05:52 | INFO     | fedaugment.utils.logger:44 | Epoch 242: train_loss: 2.01900
2025-12-28 10:06:09 | INFO     | fedaugment.utils.logger:44 | Epoch 243: train_loss: 2.01883
2025-12-28 10:06:27 | INFO     | fedaugment.utils.logger:44 | Epoch 244: train_loss: 2.01917
2025-12-28 10:06:44 | INFO     | fedaugment.utils.logger:44 | Epoch 245: train_loss: 2.01882
2025-12-28 10:07:01 | INFO     | fedaugment.utils.logger:44 | Epoch 246: train_loss: 2.01908
2025-12-28 10:07:18 | INFO     | fedaugment.utils.logger:44 | Epoch 247: train_loss: 2.01890
2025-12-28 10:07:35 | INFO     | fedaugment.utils.logger:44 | Epoch 248: train_loss: 2.01894
2025-12-28 10:07:52 | INFO     | fedaugment.utils.logger:44 | Epoch 249: train_loss: 2.01885
2025-12-28 10:07:52 | INFO     | lightning_utilities.core.rank_zero:60 | `Trainer.fit` stopped: `max_epochs=250` reached.
2025-12-28 10:08:02 | INFO     | fedaugment.projections.main:87 | Starting testing phase...
2025-12-28 10:08:02 | INFO     | lightning.pytorch.accelerators.cuda:61 | LOCAL_RANK: 0 - CUDA_VISIBLE_DEVICES: [0]
2025-12-28 10:08:02 | INFO     | fedaugment.utils.logger:38 | {'module_kwargs': CLModuleConfig(model_type='projection_head', out_dim=1024, hidden_dims=[1024, 1536, 1536], activation='silu', normalization='batch', dropout=0.0), 'criterion': CriterionConfig(class_='MultiViewNTXentLoss', kwargs={'temperature': 0.1}), 'optim_configs': [OptimizerConfig(class_='AdamW', kwargs={'lr': 0.001, 'betas': (0.9, 0.999), 'eps': 1e-08, 'weight_decay': 0.01})], 'sched_configs': [LRSchedulerConfig(class_='LambdaLR', interval='epoch', frequency=1, monitor=None, kwargs={'lr_lambda': <function cos_annealing_with_warmup at 0x7f894be1d440>})], 'pipeline_names': ['distilroberta-dj_adpt', 'gte_base-dj_adpt', 'gtr_t5-dj_adpt', 'mini_l12-dj_adpt', 'mini_l6-dj_adpt', 'mpnet-dj_adpt'], 'embedding_dims': [768, 768, 768, 384, 384, 768], 'data_batch_size': 4096, 'metric_batch_size': 65536}
2025-12-28 10:08:22 | DEBUG    | fedaugment.projections.metrics.base:115 | Computing CosineSimilarityOrchestrator metrics.
2025-12-28 10:08:22 | WARNING  | fedaugment.projections.metrics.base:117 | Number of projections (8891658) is not divisible by chunk size (65536). This may lead to suboptimal performance.
2025-12-28 12:17:31 | DEBUG    | fedaugment.projections.metrics.base:198 | Finalized CosineSimilarityOrchestrator metrics
2025-12-28 12:17:31 | INFO     | fedaugment.utils.logger:44 | Epoch 250: test_loss: 3.03116, test_cossim_mean: 0.01757, test_entity_stability_15: 0.20558, test_entity_stability_5: 0.16466, test_entity_stability_50: 0.29452, test_same_lbl_cossim_mean: 0.95874
2025-12-28 12:17:31 | INFO     | fedaugment.projections.main:92 | Best model checkpoint saved at /home/lennart-ldap/projects/fedaugment/logs/curation_train_webtable_fft_euc-mpnet-dj_adpt-k=630493/version_1/last.ckpt
2025-12-28 12:17:31 | INFO     | __main__:50 | Evaluating grid-mpnet-dj_adpt-k=630493 on webtable 050
2025-12-28 12:17:31 | DEBUG    | fedaugment.projections.main:31 | Experiment configuration: {"experiment_name":"curation_train_webtable_grid-mpnet-dj_adpt-k=630493","experiment_version":1,"seed":42,"data_module":{"class_":"DefaultDataModule","data":{"train":"data/embeddings/webtable-050/grid-mpnet-dj_adpt-k=630493","val":null,"test":"data/embeddings/webtable-split/test"},"batch_size":4096,"num_workers":32,"pin_memory":true,"persistent_workers":true,"prefetch_factor":5,"verify_column_ids":true},"projection_model":{"class_":"ContrastiveLearningModel","module_kwargs":{"model_type":"projection_head","out_dim":1024,"hidden_dims":[1024,1536,1536],"activation":"silu","normalization":"batch","dropout":0.0},"criterion":{"class_":"MultiViewNTXentLoss","kwargs":{"temperature":0.1}},"optimizers":[{"class_":"AdamW","kwargs":{"lr":0.001,"betas":[0.9,0.999],"eps":1e-8,"weight_decay":0.01}}],"schedulers":[{"class_":"LambdaLR","interval":"epoch","frequency":1,"monitor":null,"kwargs":{"lr_lambda":"cos_annealing_with_warmup"}}],"metric_batch_size":65536},"trainer":{"max_epochs":250,"accelerator":"gpu","check_val_every_n_epoch":10,"devices":"auto","deterministic":false,"enable_checkpointing":true,"enable_model_summary":true,"enable_progress_bar":true,"log_every_n_steps":50,"max_time":null,"num_sanity_val_steps":2,"precision":"bf16-mixed","profiler":null},"compile_model":true}
2025-12-28 12:17:31 | INFO     | lightning.fabric.utilities.seed:57 | Seed set to 42
2025-12-28 12:17:34 | INFO     | fedaugment.projections.main:42 | Compiling projection model...
2025-12-28 12:17:34 | INFO     | fedaugment.projections.main:44 | Projection model compiled
2025-12-28 12:17:34 | INFO     | fedaugment.projections.main:46 | Initializing trainer...
2025-12-28 12:17:34 | INFO     | lightning_utilities.core.rank_zero:60 | Using bfloat16 Automatic Mixed Precision (AMP)
2025-12-28 12:17:34 | INFO     | lightning_utilities.core.rank_zero:60 | GPU available: True (cuda), used: True
2025-12-28 12:17:34 | INFO     | lightning_utilities.core.rank_zero:60 | TPU available: False, using: 0 TPU cores
2025-12-28 12:17:34 | INFO     | fedaugment.projections.main:76 | Trainer initialized
2025-12-28 12:17:34 | INFO     | fedaugment.projections.main:83 | Starting training phase...
2025-12-28 12:17:34 | INFO     | lightning.pytorch.accelerators.cuda:61 | LOCAL_RANK: 0 - CUDA_VISIBLE_DEVICES: [0]
2025-12-28 12:17:34 | INFO     | lightning.pytorch.callbacks.model_summary:110 |
  | Name              | Type                         | Params | Mode  | FLOPs
-----------------------------------------------------------------------------------
0 | criterion         | MultiViewNTXentLoss          | 0      | train | 0
1 | val_metrics       | MetricCollection             | 0      | train | 0
2 | test_metrics      | MetricCollection             | 0      | train | 0
3 | val_orchestrator  | CosineSimilarityOrchestrator | 0      | train | 0
4 | test_orchestrator | CosineSimilarityOrchestrator | 0      | train | 0
5 | projection_heads  | ModuleList                   | 37.0 M | train | 0
-----------------------------------------------------------------------------------
37.0 M    Trainable params
0         Non-trainable params
37.0 M    Total params
148.120   Total estimated model params size (MB)
94        Modules in train mode
0         Modules in eval mode
0         Total Flops
2025-12-28 12:17:34 | INFO     | fedaugment.utils.logger:38 | {'module_kwargs': CLModuleConfig(model_type='projection_head', out_dim=1024, hidden_dims=[1024, 1536, 1536], activation='silu', normalization='batch', dropout=0.0), 'criterion': CriterionConfig(class_='MultiViewNTXentLoss', kwargs={'temperature': 0.1}), 'optim_configs': [OptimizerConfig(class_='AdamW', kwargs={'lr': 0.001, 'betas': (0.9, 0.999), 'eps': 1e-08, 'weight_decay': 0.01})], 'sched_configs': [LRSchedulerConfig(class_='LambdaLR', interval='epoch', frequency=1, monitor=None, kwargs={'lr_lambda': <function cos_annealing_with_warmup at 0x7f894be1d440>})], 'pipeline_names': ['distilroberta-dj_adpt', 'gte_base-dj_adpt', 'gtr_t5-dj_adpt', 'mini_l12-dj_adpt', 'mini_l6-dj_adpt', 'mpnet-dj_adpt'], 'embedding_dims': [768, 768, 768, 384, 384, 768], 'data_batch_size': 4096, 'metric_batch_size': 65536}
2025-12-28 12:17:51 | INFO     | fedaugment.utils.logger:44 | Epoch 0: train_loss: 10.59737
2025-12-28 12:18:08 | INFO     | fedaugment.utils.logger:44 | Epoch 1: train_loss: 4.90038
2025-12-28 12:18:26 | INFO     | fedaugment.utils.logger:44 | Epoch 2: train_loss: 3.36888
2025-12-28 12:18:42 | INFO     | fedaugment.utils.logger:44 | Epoch 3: train_loss: 2.97020
2025-12-28 12:18:59 | INFO     | fedaugment.utils.logger:44 | Epoch 4: train_loss: 2.78347
2025-12-28 12:19:15 | INFO     | fedaugment.utils.logger:44 | Epoch 5: train_loss: 2.66269
2025-12-28 12:19:32 | INFO     | fedaugment.utils.logger:44 | Epoch 6: train_loss: 2.58438
2025-12-28 12:19:48 | INFO     | fedaugment.utils.logger:44 | Epoch 7: train_loss: 2.52727
2025-12-28 12:20:05 | INFO     | fedaugment.utils.logger:44 | Epoch 8: train_loss: 2.47581
2025-12-28 12:20:22 | INFO     | fedaugment.utils.logger:44 | Epoch 9: train_loss: 2.44045
2025-12-28 12:20:39 | INFO     | fedaugment.utils.logger:44 | Epoch 10: train_loss: 2.40636
2025-12-28 12:20:57 | INFO     | fedaugment.utils.logger:44 | Epoch 11: train_loss: 2.37378
2025-12-28 12:21:15 | INFO     | fedaugment.utils.logger:44 | Epoch 12: train_loss: 2.34738
2025-12-28 12:21:33 | INFO     | fedaugment.utils.logger:44 | Epoch 13: train_loss: 2.32622
2025-12-28 12:21:50 | INFO     | fedaugment.utils.logger:44 | Epoch 14: train_loss: 2.30751
2025-12-28 12:22:08 | INFO     | fedaugment.utils.logger:44 | Epoch 15: train_loss: 2.29129
2025-12-28 12:22:25 | INFO     | fedaugment.utils.logger:44 | Epoch 16: train_loss: 2.27695
2025-12-28 12:22:42 | INFO     | fedaugment.utils.logger:44 | Epoch 17: train_loss: 2.26438
2025-12-28 12:23:00 | INFO     | fedaugment.utils.logger:44 | Epoch 18: train_loss: 2.25183
2025-12-28 12:23:17 | INFO     | fedaugment.utils.logger:44 | Epoch 19: train_loss: 2.24173
2025-12-28 12:23:36 | INFO     | fedaugment.utils.logger:44 | Epoch 20: train_loss: 2.23180
2025-12-28 12:23:54 | INFO     | fedaugment.utils.logger:44 | Epoch 21: train_loss: 2.22264
2025-12-28 12:24:11 | INFO     | fedaugment.utils.logger:44 | Epoch 22: train_loss: 2.21513
2025-12-28 12:24:30 | INFO     | fedaugment.utils.logger:44 | Epoch 23: train_loss: 2.20673
2025-12-28 12:24:47 | INFO     | fedaugment.utils.logger:44 | Epoch 24: train_loss: 2.19937
2025-12-28 12:25:04 | INFO     | fedaugment.utils.logger:44 | Epoch 25: train_loss: 2.19327
2025-12-28 12:25:21 | INFO     | fedaugment.utils.logger:44 | Epoch 26: train_loss: 2.18601
2025-12-28 12:25:40 | INFO     | fedaugment.utils.logger:44 | Epoch 27: train_loss: 2.18017
2025-12-28 12:25:57 | INFO     | fedaugment.utils.logger:44 | Epoch 28: train_loss: 2.17349
2025-12-28 12:26:14 | INFO     | fedaugment.utils.logger:44 | Epoch 29: train_loss: 2.16798
2025-12-28 12:26:32 | INFO     | fedaugment.utils.logger:44 | Epoch 30: train_loss: 2.16345
2025-12-28 12:26:49 | INFO     | fedaugment.utils.logger:44 | Epoch 31: train_loss: 2.15875
2025-12-28 12:27:07 | INFO     | fedaugment.utils.logger:44 | Epoch 32: train_loss: 2.15298
2025-12-28 12:27:25 | INFO     | fedaugment.utils.logger:44 | Epoch 33: train_loss: 2.14930
2025-12-28 12:27:43 | INFO     | fedaugment.utils.logger:44 | Epoch 34: train_loss: 2.14431
2025-12-28 12:28:01 | INFO     | fedaugment.utils.logger:44 | Epoch 35: train_loss: 2.14018
2025-12-28 12:28:18 | INFO     | fedaugment.utils.logger:44 | Epoch 36: train_loss: 2.13683
2025-12-28 12:28:36 | INFO     | fedaugment.utils.logger:44 | Epoch 37: train_loss: 2.13234
2025-12-28 12:28:53 | INFO     | fedaugment.utils.logger:44 | Epoch 38: train_loss: 2.12916
2025-12-28 12:29:11 | INFO     | fedaugment.utils.logger:44 | Epoch 39: train_loss: 2.12501
2025-12-28 12:29:29 | INFO     | fedaugment.utils.logger:44 | Epoch 40: train_loss: 2.12182
2025-12-28 12:29:46 | INFO     | fedaugment.utils.logger:44 | Epoch 41: train_loss: 2.11798
2025-12-28 12:30:04 | INFO     | fedaugment.utils.logger:44 | Epoch 42: train_loss: 2.11491
2025-12-28 12:30:21 | INFO     | fedaugment.utils.logger:44 | Epoch 43: train_loss: 2.11196
2025-12-28 12:30:38 | INFO     | fedaugment.utils.logger:44 | Epoch 44: train_loss: 2.10880
2025-12-28 12:30:55 | INFO     | fedaugment.utils.logger:44 | Epoch 45: train_loss: 2.10564
2025-12-28 12:31:13 | INFO     | fedaugment.utils.logger:44 | Epoch 46: train_loss: 2.10312
2025-12-28 12:31:30 | INFO     | fedaugment.utils.logger:44 | Epoch 47: train_loss: 2.10055
2025-12-28 12:31:48 | INFO     | fedaugment.utils.logger:44 | Epoch 48: train_loss: 2.09731
2025-12-28 12:32:05 | INFO     | fedaugment.utils.logger:44 | Epoch 49: train_loss: 2.09517
2025-12-28 12:32:23 | INFO     | fedaugment.utils.logger:44 | Epoch 50: train_loss: 2.09204
2025-12-28 12:32:41 | INFO     | fedaugment.utils.logger:44 | Epoch 51: train_loss: 2.08979
2025-12-28 12:32:58 | INFO     | fedaugment.utils.logger:44 | Epoch 52: train_loss: 2.08758
2025-12-28 12:33:15 | INFO     | fedaugment.utils.logger:44 | Epoch 53: train_loss: 2.08525
2025-12-28 12:33:32 | INFO     | fedaugment.utils.logger:44 | Epoch 54: train_loss: 2.08283
2025-12-28 12:33:50 | INFO     | fedaugment.utils.logger:44 | Epoch 55: train_loss: 2.08032
2025-12-28 12:34:07 | INFO     | fedaugment.utils.logger:44 | Epoch 56: train_loss: 2.07828
2025-12-28 12:34:24 | INFO     | fedaugment.utils.logger:44 | Epoch 57: train_loss: 2.07663
2025-12-28 12:34:41 | INFO     | fedaugment.utils.logger:44 | Epoch 58: train_loss: 2.07418
2025-12-28 12:34:57 | INFO     | fedaugment.utils.logger:44 | Epoch 59: train_loss: 2.07229
2025-12-28 12:35:15 | INFO     | fedaugment.utils.logger:44 | Epoch 60: train_loss: 2.06913
2025-12-28 12:35:32 | INFO     | fedaugment.utils.logger:44 | Epoch 61: train_loss: 2.06749
2025-12-28 12:35:50 | INFO     | fedaugment.utils.logger:44 | Epoch 62: train_loss: 2.06622
2025-12-28 12:36:07 | INFO     | fedaugment.utils.logger:44 | Epoch 63: train_loss: 2.06476
2025-12-28 12:36:24 | INFO     | fedaugment.utils.logger:44 | Epoch 64: train_loss: 2.06269
2025-12-28 12:36:42 | INFO     | fedaugment.utils.logger:44 | Epoch 65: train_loss: 2.06001
2025-12-28 12:36:59 | INFO     | fedaugment.utils.logger:44 | Epoch 66: train_loss: 2.05825
2025-12-28 12:37:17 | INFO     | fedaugment.utils.logger:44 | Epoch 67: train_loss: 2.05707
2025-12-28 12:37:34 | INFO     | fedaugment.utils.logger:44 | Epoch 68: train_loss: 2.05555
2025-12-28 12:37:52 | INFO     | fedaugment.utils.logger:44 | Epoch 69: train_loss: 2.05307
2025-12-28 12:38:09 | INFO     | fedaugment.utils.logger:44 | Epoch 70: train_loss: 2.05151
2025-12-28 12:38:26 | INFO     | fedaugment.utils.logger:44 | Epoch 71: train_loss: 2.05061
2025-12-28 12:38:44 | INFO     | fedaugment.utils.logger:44 | Epoch 72: train_loss: 2.04861
2025-12-28 12:39:01 | INFO     | fedaugment.utils.logger:44 | Epoch 73: train_loss: 2.04677
2025-12-28 12:39:18 | INFO     | fedaugment.utils.logger:44 | Epoch 74: train_loss: 2.04527
2025-12-28 12:39:35 | INFO     | fedaugment.utils.logger:44 | Epoch 75: train_loss: 2.04357
2025-12-28 12:39:54 | INFO     | fedaugment.utils.logger:44 | Epoch 76: train_loss: 2.04301
2025-12-28 12:40:12 | INFO     | fedaugment.utils.logger:44 | Epoch 77: train_loss: 2.04080
2025-12-28 12:40:30 | INFO     | fedaugment.utils.logger:44 | Epoch 78: train_loss: 2.03888
2025-12-28 12:40:48 | INFO     | fedaugment.utils.logger:44 | Epoch 79: train_loss: 2.03774
2025-12-28 12:41:05 | INFO     | fedaugment.utils.logger:44 | Epoch 80: train_loss: 2.03615
2025-12-28 12:41:23 | INFO     | fedaugment.utils.logger:44 | Epoch 81: train_loss: 2.03553
2025-12-28 12:41:40 | INFO     | fedaugment.utils.logger:44 | Epoch 82: train_loss: 2.03350
2025-12-28 12:41:58 | INFO     | fedaugment.utils.logger:44 | Epoch 83: train_loss: 2.03315
2025-12-28 12:42:15 | INFO     | fedaugment.utils.logger:44 | Epoch 84: train_loss: 2.03179
2025-12-28 12:42:32 | INFO     | fedaugment.utils.logger:44 | Epoch 85: train_loss: 2.03002
2025-12-28 12:42:50 | INFO     | fedaugment.utils.logger:44 | Epoch 86: train_loss: 2.02857
2025-12-28 12:43:07 | INFO     | fedaugment.utils.logger:44 | Epoch 87: train_loss: 2.02724
2025-12-28 12:43:24 | INFO     | fedaugment.utils.logger:44 | Epoch 88: train_loss: 2.02598
2025-12-28 12:43:41 | INFO     | fedaugment.utils.logger:44 | Epoch 89: train_loss: 2.02469
2025-12-28 12:43:59 | INFO     | fedaugment.utils.logger:44 | Epoch 90: train_loss: 2.02399
2025-12-28 12:44:17 | INFO     | fedaugment.utils.logger:44 | Epoch 91: train_loss: 2.02232
2025-12-28 12:44:34 | INFO     | fedaugment.utils.logger:44 | Epoch 92: train_loss: 2.02127
2025-12-28 12:44:52 | INFO     | fedaugment.utils.logger:44 | Epoch 93: train_loss: 2.02022
2025-12-28 12:45:09 | INFO     | fedaugment.utils.logger:44 | Epoch 94: train_loss: 2.01861
2025-12-28 12:45:27 | INFO     | fedaugment.utils.logger:44 | Epoch 95: train_loss: 2.01815
2025-12-28 12:45:44 | INFO     | fedaugment.utils.logger:44 | Epoch 96: train_loss: 2.01641
2025-12-28 12:46:02 | INFO     | fedaugment.utils.logger:44 | Epoch 97: train_loss: 2.01597
2025-12-28 12:46:19 | INFO     | fedaugment.utils.logger:44 | Epoch 98: train_loss: 2.01456
2025-12-28 12:46:36 | INFO     | fedaugment.utils.logger:44 | Epoch 99: train_loss: 2.01307
2025-12-28 12:46:54 | INFO     | fedaugment.utils.logger:44 | Epoch 100: train_loss: 2.01296
2025-12-28 12:47:10 | INFO     | fedaugment.utils.logger:44 | Epoch 101: train_loss: 2.01178
2025-12-28 12:47:28 | INFO     | fedaugment.utils.logger:44 | Epoch 102: train_loss: 2.01079
2025-12-28 12:47:45 | INFO     | fedaugment.utils.logger:44 | Epoch 103: train_loss: 2.00966
2025-12-28 12:48:03 | INFO     | fedaugment.utils.logger:44 | Epoch 104: train_loss: 2.00915
2025-12-28 12:48:20 | INFO     | fedaugment.utils.logger:44 | Epoch 105: train_loss: 2.00814
2025-12-28 12:48:37 | INFO     | fedaugment.utils.logger:44 | Epoch 106: train_loss: 2.00712
2025-12-28 12:48:54 | INFO     | fedaugment.utils.logger:44 | Epoch 107: train_loss: 2.00592
2025-12-28 12:49:11 | INFO     | fedaugment.utils.logger:44 | Epoch 108: train_loss: 2.00538
2025-12-28 12:49:28 | INFO     | fedaugment.utils.logger:44 | Epoch 109: train_loss: 2.00423
2025-12-28 12:49:44 | INFO     | fedaugment.utils.logger:44 | Epoch 110: train_loss: 2.00315
2025-12-28 12:50:02 | INFO     | fedaugment.utils.logger:44 | Epoch 111: train_loss: 2.00274
2025-12-28 12:50:19 | INFO     | fedaugment.utils.logger:44 | Epoch 112: train_loss: 2.00172
2025-12-28 12:50:35 | INFO     | fedaugment.utils.logger:44 | Epoch 113: train_loss: 2.00128
2025-12-28 12:50:53 | INFO     | fedaugment.utils.logger:44 | Epoch 114: train_loss: 1.99963
2025-12-28 12:51:09 | INFO     | fedaugment.utils.logger:44 | Epoch 115: train_loss: 1.99894
2025-12-28 12:51:27 | INFO     | fedaugment.utils.logger:44 | Epoch 116: train_loss: 1.99877
2025-12-28 12:51:44 | INFO     | fedaugment.utils.logger:44 | Epoch 117: train_loss: 1.99732
2025-12-28 12:52:01 | INFO     | fedaugment.utils.logger:44 | Epoch 118: train_loss: 1.99653
2025-12-28 12:52:18 | INFO     | fedaugment.utils.logger:44 | Epoch 119: train_loss: 1.99592
2025-12-28 12:52:35 | INFO     | fedaugment.utils.logger:44 | Epoch 120: train_loss: 1.99497
2025-12-28 12:52:52 | INFO     | fedaugment.utils.logger:44 | Epoch 121: train_loss: 1.99396
2025-12-28 12:53:08 | INFO     | fedaugment.utils.logger:44 | Epoch 122: train_loss: 1.99359
2025-12-28 12:53:26 | INFO     | fedaugment.utils.logger:44 | Epoch 123: train_loss: 1.99253
2025-12-28 12:53:42 | INFO     | fedaugment.utils.logger:44 | Epoch 124: train_loss: 1.99225
2025-12-28 12:54:01 | INFO     | fedaugment.utils.logger:44 | Epoch 125: train_loss: 1.99056
2025-12-28 12:54:18 | INFO     | fedaugment.utils.logger:44 | Epoch 126: train_loss: 1.99087
2025-12-28 12:54:35 | INFO     | fedaugment.utils.logger:44 | Epoch 127: train_loss: 1.99000
2025-12-28 12:54:52 | INFO     | fedaugment.utils.logger:44 | Epoch 128: train_loss: 1.98909
2025-12-28 12:55:08 | INFO     | fedaugment.utils.logger:44 | Epoch 129: train_loss: 1.98804
2025-12-28 12:55:26 | INFO     | fedaugment.utils.logger:44 | Epoch 130: train_loss: 1.98794
2025-12-28 12:55:43 | INFO     | fedaugment.utils.logger:44 | Epoch 131: train_loss: 1.98708
2025-12-28 12:56:00 | INFO     | fedaugment.utils.logger:44 | Epoch 132: train_loss: 1.98653
2025-12-28 12:56:17 | INFO     | fedaugment.utils.logger:44 | Epoch 133: train_loss: 1.98576
2025-12-28 12:56:34 | INFO     | fedaugment.utils.logger:44 | Epoch 134: train_loss: 1.98554
2025-12-28 12:56:51 | INFO     | fedaugment.utils.logger:44 | Epoch 135: train_loss: 1.98457
2025-12-28 12:57:07 | INFO     | fedaugment.utils.logger:44 | Epoch 136: train_loss: 1.98317
2025-12-28 12:57:24 | INFO     | fedaugment.utils.logger:44 | Epoch 137: train_loss: 1.98294
2025-12-28 12:57:41 | INFO     | fedaugment.utils.logger:44 | Epoch 138: train_loss: 1.98260
2025-12-28 12:57:58 | INFO     | fedaugment.utils.logger:44 | Epoch 139: train_loss: 1.98186
2025-12-28 12:58:15 | INFO     | fedaugment.utils.logger:44 | Epoch 140: train_loss: 1.98119
2025-12-28 12:58:32 | INFO     | fedaugment.utils.logger:44 | Epoch 141: train_loss: 1.98068
2025-12-28 12:58:50 | INFO     | fedaugment.utils.logger:44 | Epoch 142: train_loss: 1.97991
2025-12-28 12:59:06 | INFO     | fedaugment.utils.logger:44 | Epoch 143: train_loss: 1.97935
2025-12-28 12:59:24 | INFO     | fedaugment.utils.logger:44 | Epoch 144: train_loss: 1.97873
2025-12-28 12:59:41 | INFO     | fedaugment.utils.logger:44 | Epoch 145: train_loss: 1.97797
2025-12-28 12:59:59 | INFO     | fedaugment.utils.logger:44 | Epoch 146: train_loss: 1.97772
2025-12-28 13:00:15 | INFO     | fedaugment.utils.logger:44 | Epoch 147: train_loss: 1.97709
2025-12-28 13:00:33 | INFO     | fedaugment.utils.logger:44 | Epoch 148: train_loss: 1.97617
2025-12-28 13:00:50 | INFO     | fedaugment.utils.logger:44 | Epoch 149: train_loss: 1.97597
2025-12-28 13:01:07 | INFO     | fedaugment.utils.logger:44 | Epoch 150: train_loss: 1.97541
2025-12-28 13:01:24 | INFO     | fedaugment.utils.logger:44 | Epoch 151: train_loss: 1.97469
2025-12-28 13:01:41 | INFO     | fedaugment.utils.logger:44 | Epoch 152: train_loss: 1.97406
2025-12-28 13:01:59 | INFO     | fedaugment.utils.logger:44 | Epoch 153: train_loss: 1.97389
2025-12-28 13:02:16 | INFO     | fedaugment.utils.logger:44 | Epoch 154: train_loss: 1.97301
2025-12-28 13:02:33 | INFO     | fedaugment.utils.logger:44 | Epoch 155: train_loss: 1.97270
2025-12-28 13:02:50 | INFO     | fedaugment.utils.logger:44 | Epoch 156: train_loss: 1.97194
2025-12-28 13:03:07 | INFO     | fedaugment.utils.logger:44 | Epoch 157: train_loss: 1.97189
2025-12-28 13:03:24 | INFO     | fedaugment.utils.logger:44 | Epoch 158: train_loss: 1.97137
2025-12-28 13:03:41 | INFO     | fedaugment.utils.logger:44 | Epoch 159: train_loss: 1.97108
2025-12-28 13:03:59 | INFO     | fedaugment.utils.logger:44 | Epoch 160: train_loss: 1.97036
2025-12-28 13:04:16 | INFO     | fedaugment.utils.logger:44 | Epoch 161: train_loss: 1.96986
2025-12-28 13:04:33 | INFO     | fedaugment.utils.logger:44 | Epoch 162: train_loss: 1.96949
2025-12-28 13:04:50 | INFO     | fedaugment.utils.logger:44 | Epoch 163: train_loss: 1.96863
2025-12-28 13:05:06 | INFO     | fedaugment.utils.logger:44 | Epoch 164: train_loss: 1.96842
2025-12-28 13:05:24 | INFO     | fedaugment.utils.logger:44 | Epoch 165: train_loss: 1.96806
2025-12-28 13:05:40 | INFO     | fedaugment.utils.logger:44 | Epoch 166: train_loss: 1.96745
2025-12-28 13:05:57 | INFO     | fedaugment.utils.logger:44 | Epoch 167: train_loss: 1.96717
2025-12-28 13:06:14 | INFO     | fedaugment.utils.logger:44 | Epoch 168: train_loss: 1.96669
2025-12-28 13:06:30 | INFO     | fedaugment.utils.logger:44 | Epoch 169: train_loss: 1.96634
2025-12-28 13:06:48 | INFO     | fedaugment.utils.logger:44 | Epoch 170: train_loss: 1.96587
2025-12-28 13:07:04 | INFO     | fedaugment.utils.logger:44 | Epoch 171: train_loss: 1.96541
2025-12-28 13:07:21 | INFO     | fedaugment.utils.logger:44 | Epoch 172: train_loss: 1.96511
2025-12-28 13:07:37 | INFO     | fedaugment.utils.logger:44 | Epoch 173: train_loss: 1.96462
2025-12-28 13:07:55 | INFO     | fedaugment.utils.logger:44 | Epoch 174: train_loss: 1.96444
2025-12-28 13:08:12 | INFO     | fedaugment.utils.logger:44 | Epoch 175: train_loss: 1.96369
2025-12-28 13:08:29 | INFO     | fedaugment.utils.logger:44 | Epoch 176: train_loss: 1.96298
2025-12-28 13:08:46 | INFO     | fedaugment.utils.logger:44 | Epoch 177: train_loss: 1.96263
2025-12-28 13:09:02 | INFO     | fedaugment.utils.logger:44 | Epoch 178: train_loss: 1.96268
2025-12-28 13:09:19 | INFO     | fedaugment.utils.logger:44 | Epoch 179: train_loss: 1.96228
2025-12-28 13:09:36 | INFO     | fedaugment.utils.logger:44 | Epoch 180: train_loss: 1.96201
2025-12-28 13:09:53 | INFO     | fedaugment.utils.logger:44 | Epoch 181: train_loss: 1.96158
2025-12-28 13:10:11 | INFO     | fedaugment.utils.logger:44 | Epoch 182: train_loss: 1.96117
2025-12-28 13:10:27 | INFO     | fedaugment.utils.logger:44 | Epoch 183: train_loss: 1.96052
2025-12-28 13:10:44 | INFO     | fedaugment.utils.logger:44 | Epoch 184: train_loss: 1.96068
2025-12-28 13:11:01 | INFO     | fedaugment.utils.logger:44 | Epoch 185: train_loss: 1.96026
2025-12-28 13:11:18 | INFO     | fedaugment.utils.logger:44 | Epoch 186: train_loss: 1.95928
2025-12-28 13:11:35 | INFO     | fedaugment.utils.logger:44 | Epoch 187: train_loss: 1.95926
2025-12-28 13:11:52 | INFO     | fedaugment.utils.logger:44 | Epoch 188: train_loss: 1.95883
2025-12-28 13:12:09 | INFO     | fedaugment.utils.logger:44 | Epoch 189: train_loss: 1.95858
2025-12-28 13:12:26 | INFO     | fedaugment.utils.logger:44 | Epoch 190: train_loss: 1.95841
2025-12-28 13:12:44 | INFO     | fedaugment.utils.logger:44 | Epoch 191: train_loss: 1.95839
2025-12-28 13:13:01 | INFO     | fedaugment.utils.logger:44 | Epoch 192: train_loss: 1.95821
2025-12-28 13:13:18 | INFO     | fedaugment.utils.logger:44 | Epoch 193: train_loss: 1.95763
2025-12-28 13:13:35 | INFO     | fedaugment.utils.logger:44 | Epoch 194: train_loss: 1.95739
2025-12-28 13:13:52 | INFO     | fedaugment.utils.logger:44 | Epoch 195: train_loss: 1.95708
2025-12-28 13:14:09 | INFO     | fedaugment.utils.logger:44 | Epoch 196: train_loss: 1.95672
2025-12-28 13:14:26 | INFO     | fedaugment.utils.logger:44 | Epoch 197: train_loss: 1.95645
2025-12-28 13:14:44 | INFO     | fedaugment.utils.logger:44 | Epoch 198: train_loss: 1.95597
2025-12-28 13:15:01 | INFO     | fedaugment.utils.logger:44 | Epoch 199: train_loss: 1.95594
2025-12-28 13:15:18 | INFO     | fedaugment.utils.logger:44 | Epoch 200: train_loss: 1.95575
2025-12-28 13:15:35 | INFO     | fedaugment.utils.logger:44 | Epoch 201: train_loss: 1.95523
2025-12-28 13:15:53 | INFO     | fedaugment.utils.logger:44 | Epoch 202: train_loss: 1.95508
2025-12-28 13:16:10 | INFO     | fedaugment.utils.logger:44 | Epoch 203: train_loss: 1.95487
2025-12-28 13:16:26 | INFO     | fedaugment.utils.logger:44 | Epoch 204: train_loss: 1.95461
2025-12-28 13:16:44 | INFO     | fedaugment.utils.logger:44 | Epoch 205: train_loss: 1.95442
2025-12-28 13:17:00 | INFO     | fedaugment.utils.logger:44 | Epoch 206: train_loss: 1.95455
2025-12-28 13:17:17 | INFO     | fedaugment.utils.logger:44 | Epoch 207: train_loss: 1.95383
2025-12-28 13:17:34 | INFO     | fedaugment.utils.logger:44 | Epoch 208: train_loss: 1.95411
2025-12-28 13:17:52 | INFO     | fedaugment.utils.logger:44 | Epoch 209: train_loss: 1.95359
2025-12-28 13:18:09 | INFO     | fedaugment.utils.logger:44 | Epoch 210: train_loss: 1.95330
2025-12-28 13:18:26 | INFO     | fedaugment.utils.logger:44 | Epoch 211: train_loss: 1.95335
2025-12-28 13:18:44 | INFO     | fedaugment.utils.logger:44 | Epoch 212: train_loss: 1.95292
2025-12-28 13:19:00 | INFO     | fedaugment.utils.logger:44 | Epoch 213: train_loss: 1.95264
2025-12-28 13:19:18 | INFO     | fedaugment.utils.logger:44 | Epoch 214: train_loss: 1.95269
2025-12-28 13:19:35 | INFO     | fedaugment.utils.logger:44 | Epoch 215: train_loss: 1.95247
2025-12-28 13:19:53 | INFO     | fedaugment.utils.logger:44 | Epoch 216: train_loss: 1.95242
2025-12-28 13:20:10 | INFO     | fedaugment.utils.logger:44 | Epoch 217: train_loss: 1.95207
2025-12-28 13:20:26 | INFO     | fedaugment.utils.logger:44 | Epoch 218: train_loss: 1.95191
2025-12-28 13:20:44 | INFO     | fedaugment.utils.logger:44 | Epoch 219: train_loss: 1.95183
2025-12-28 13:21:01 | INFO     | fedaugment.utils.logger:44 | Epoch 220: train_loss: 1.95185
2025-12-28 13:21:19 | INFO     | fedaugment.utils.logger:44 | Epoch 221: train_loss: 1.95190
2025-12-28 13:21:35 | INFO     | fedaugment.utils.logger:44 | Epoch 222: train_loss: 1.95130
2025-12-28 13:21:53 | INFO     | fedaugment.utils.logger:44 | Epoch 223: train_loss: 1.95123
2025-12-28 13:22:10 | INFO     | fedaugment.utils.logger:44 | Epoch 224: train_loss: 1.95138
2025-12-28 13:22:27 | INFO     | fedaugment.utils.logger:44 | Epoch 225: train_loss: 1.95100
2025-12-28 13:22:45 | INFO     | fedaugment.utils.logger:44 | Epoch 226: train_loss: 1.95074
2025-12-28 13:23:02 | INFO     | fedaugment.utils.logger:44 | Epoch 227: train_loss: 1.95050
2025-12-28 13:23:20 | INFO     | fedaugment.utils.logger:44 | Epoch 228: train_loss: 1.95027
2025-12-28 13:23:36 | INFO     | fedaugment.utils.logger:44 | Epoch 229: train_loss: 1.95072
2025-12-28 13:23:54 | INFO     | fedaugment.utils.logger:44 | Epoch 230: train_loss: 1.95072
2025-12-28 13:24:11 | INFO     | fedaugment.utils.logger:44 | Epoch 231: train_loss: 1.95041
2025-12-28 13:24:27 | INFO     | fedaugment.utils.logger:44 | Epoch 232: train_loss: 1.95066
2025-12-28 13:24:45 | INFO     | fedaugment.utils.logger:44 | Epoch 233: train_loss: 1.95016
2025-12-28 13:25:01 | INFO     | fedaugment.utils.logger:44 | Epoch 234: train_loss: 1.95007
2025-12-28 13:25:19 | INFO     | fedaugment.utils.logger:44 | Epoch 235: train_loss: 1.95006
2025-12-28 13:25:36 | INFO     | fedaugment.utils.logger:44 | Epoch 236: train_loss: 1.94986
2025-12-28 13:25:54 | INFO     | fedaugment.utils.logger:44 | Epoch 237: train_loss: 1.94987
2025-12-28 13:26:11 | INFO     | fedaugment.utils.logger:44 | Epoch 238: train_loss: 1.94999
2025-12-28 13:26:29 | INFO     | fedaugment.utils.logger:44 | Epoch 239: train_loss: 1.95008
2025-12-28 13:26:46 | INFO     | fedaugment.utils.logger:44 | Epoch 240: train_loss: 1.94983
2025-12-28 13:27:02 | INFO     | fedaugment.utils.logger:44 | Epoch 241: train_loss: 1.94992
2025-12-28 13:27:19 | INFO     | fedaugment.utils.logger:44 | Epoch 242: train_loss: 1.94957
2025-12-28 13:27:35 | INFO     | fedaugment.utils.logger:44 | Epoch 243: train_loss: 1.94982
2025-12-28 13:27:53 | INFO     | fedaugment.utils.logger:44 | Epoch 244: train_loss: 1.94983
2025-12-28 13:28:10 | INFO     | fedaugment.utils.logger:44 | Epoch 245: train_loss: 1.94960
2025-12-28 13:28:27 | INFO     | fedaugment.utils.logger:44 | Epoch 246: train_loss: 1.94960
2025-12-28 13:28:45 | INFO     | fedaugment.utils.logger:44 | Epoch 247: train_loss: 1.94995
2025-12-28 13:29:01 | INFO     | fedaugment.utils.logger:44 | Epoch 248: train_loss: 1.94922
2025-12-28 13:29:19 | INFO     | fedaugment.utils.logger:44 | Epoch 249: train_loss: 1.94964
2025-12-28 13:29:19 | INFO     | lightning_utilities.core.rank_zero:60 | `Trainer.fit` stopped: `max_epochs=250` reached.
2025-12-28 13:29:29 | INFO     | fedaugment.projections.main:87 | Starting testing phase...
2025-12-28 13:29:29 | INFO     | lightning.pytorch.accelerators.cuda:61 | LOCAL_RANK: 0 - CUDA_VISIBLE_DEVICES: [0]
2025-12-28 13:29:29 | INFO     | fedaugment.utils.logger:38 | {'module_kwargs': CLModuleConfig(model_type='projection_head', out_dim=1024, hidden_dims=[1024, 1536, 1536], activation='silu', normalization='batch', dropout=0.0), 'criterion': CriterionConfig(class_='MultiViewNTXentLoss', kwargs={'temperature': 0.1}), 'optim_configs': [OptimizerConfig(class_='AdamW', kwargs={'lr': 0.001, 'betas': (0.9, 0.999), 'eps': 1e-08, 'weight_decay': 0.01})], 'sched_configs': [LRSchedulerConfig(class_='LambdaLR', interval='epoch', frequency=1, monitor=None, kwargs={'lr_lambda': <function cos_annealing_with_warmup at 0x7f894be1d440>})], 'pipeline_names': ['distilroberta-dj_adpt', 'gte_base-dj_adpt', 'gtr_t5-dj_adpt', 'mini_l12-dj_adpt', 'mini_l6-dj_adpt', 'mpnet-dj_adpt'], 'embedding_dims': [768, 768, 768, 384, 384, 768], 'data_batch_size': 4096, 'metric_batch_size': 65536}
2025-12-28 13:29:49 | DEBUG    | fedaugment.projections.metrics.base:115 | Computing CosineSimilarityOrchestrator metrics.
2025-12-28 13:29:49 | WARNING  | fedaugment.projections.metrics.base:117 | Number of projections (8891658) is not divisible by chunk size (65536). This may lead to suboptimal performance.
2025-12-28 15:38:59 | DEBUG    | fedaugment.projections.metrics.base:198 | Finalized CosineSimilarityOrchestrator metrics
2025-12-28 15:38:59 | INFO     | fedaugment.utils.logger:44 | Epoch 250: test_loss: 2.58148, test_cossim_mean: 0.00317, test_entity_stability_15: 0.40873, test_entity_stability_5: 0.36442, test_entity_stability_50: 0.49498, test_same_lbl_cossim_mean: 0.94863
2025-12-28 15:38:59 | INFO     | fedaugment.projections.main:92 | Best model checkpoint saved at /home/lennart-ldap/projects/fedaugment/logs/curation_train_webtable_grid-mpnet-dj_adpt-k=630493/version_1/last.ckpt
2025-12-28 15:38:59 | INFO     | __main__:50 | Evaluating fft_cos-mpnet-dj_adpt-k=630493-pca=0.9 on webtable 050
2025-12-28 15:38:59 | DEBUG    | fedaugment.projections.main:31 | Experiment configuration: {"experiment_name":"curation_train_webtable_fft_cos-mpnet-dj_adpt-k=630493-pca=0.9","experiment_version":1,"seed":42,"data_module":{"class_":"DefaultDataModule","data":{"train":"data/embeddings/webtable-050/fft_cos-mpnet-dj_adpt-k=630493-pca=0.9","val":null,"test":"data/embeddings/webtable-split/test"},"batch_size":4096,"num_workers":32,"pin_memory":true,"persistent_workers":true,"prefetch_factor":5,"verify_column_ids":true},"projection_model":{"class_":"ContrastiveLearningModel","module_kwargs":{"model_type":"projection_head","out_dim":1024,"hidden_dims":[1024,1536,1536],"activation":"silu","normalization":"batch","dropout":0.0},"criterion":{"class_":"MultiViewNTXentLoss","kwargs":{"temperature":0.1}},"optimizers":[{"class_":"AdamW","kwargs":{"lr":0.001,"betas":[0.9,0.999],"eps":1e-8,"weight_decay":0.01}}],"schedulers":[{"class_":"LambdaLR","interval":"epoch","frequency":1,"monitor":null,"kwargs":{"lr_lambda":"cos_annealing_with_warmup"}}],"metric_batch_size":65536},"trainer":{"max_epochs":250,"accelerator":"gpu","check_val_every_n_epoch":10,"devices":"auto","deterministic":false,"enable_checkpointing":true,"enable_model_summary":true,"enable_progress_bar":true,"log_every_n_steps":50,"max_time":null,"num_sanity_val_steps":2,"precision":"bf16-mixed","profiler":null},"compile_model":true}
2025-12-28 15:38:59 | INFO     | lightning.fabric.utilities.seed:57 | Seed set to 42
2025-12-28 15:39:02 | INFO     | fedaugment.projections.main:42 | Compiling projection model...
2025-12-28 15:39:02 | INFO     | fedaugment.projections.main:44 | Projection model compiled
2025-12-28 15:39:02 | INFO     | fedaugment.projections.main:46 | Initializing trainer...
2025-12-28 15:39:02 | INFO     | lightning_utilities.core.rank_zero:60 | Using bfloat16 Automatic Mixed Precision (AMP)
2025-12-28 15:39:02 | INFO     | lightning_utilities.core.rank_zero:60 | GPU available: True (cuda), used: True
2025-12-28 15:39:02 | INFO     | lightning_utilities.core.rank_zero:60 | TPU available: False, using: 0 TPU cores
2025-12-28 15:39:02 | INFO     | fedaugment.projections.main:76 | Trainer initialized
2025-12-28 15:39:02 | INFO     | fedaugment.projections.main:83 | Starting training phase...
2025-12-28 15:39:02 | INFO     | lightning.pytorch.accelerators.cuda:61 | LOCAL_RANK: 0 - CUDA_VISIBLE_DEVICES: [0]
2025-12-28 15:39:02 | INFO     | lightning.pytorch.callbacks.model_summary:110 |
  | Name              | Type                         | Params | Mode  | FLOPs
-----------------------------------------------------------------------------------
0 | criterion         | MultiViewNTXentLoss          | 0      | train | 0
1 | val_metrics       | MetricCollection             | 0      | train | 0
2 | test_metrics      | MetricCollection             | 0      | train | 0
3 | val_orchestrator  | CosineSimilarityOrchestrator | 0      | train | 0
4 | test_orchestrator | CosineSimilarityOrchestrator | 0      | train | 0
5 | projection_heads  | ModuleList                   | 37.0 M | train | 0
-----------------------------------------------------------------------------------
37.0 M    Trainable params
0         Non-trainable params
37.0 M    Total params
148.120   Total estimated model params size (MB)
94        Modules in train mode
0         Modules in eval mode
0         Total Flops
2025-12-28 15:39:02 | INFO     | fedaugment.utils.logger:38 | {'module_kwargs': CLModuleConfig(model_type='projection_head', out_dim=1024, hidden_dims=[1024, 1536, 1536], activation='silu', normalization='batch', dropout=0.0), 'criterion': CriterionConfig(class_='MultiViewNTXentLoss', kwargs={'temperature': 0.1}), 'optim_configs': [OptimizerConfig(class_='AdamW', kwargs={'lr': 0.001, 'betas': (0.9, 0.999), 'eps': 1e-08, 'weight_decay': 0.01})], 'sched_configs': [LRSchedulerConfig(class_='LambdaLR', interval='epoch', frequency=1, monitor=None, kwargs={'lr_lambda': <function cos_annealing_with_warmup at 0x7f894be1d440>})], 'pipeline_names': ['distilroberta-dj_adpt', 'gte_base-dj_adpt', 'gtr_t5-dj_adpt', 'mini_l12-dj_adpt', 'mini_l6-dj_adpt', 'mpnet-dj_adpt'], 'embedding_dims': [768, 768, 768, 384, 384, 768], 'data_batch_size': 4096, 'metric_batch_size': 65536}
2025-12-28 15:39:19 | INFO     | fedaugment.utils.logger:44 | Epoch 0: train_loss: 10.26493
2025-12-28 15:39:36 | INFO     | fedaugment.utils.logger:44 | Epoch 1: train_loss: 5.06777
2025-12-28 15:39:53 | INFO     | fedaugment.utils.logger:44 | Epoch 2: train_loss: 3.59145
2025-12-28 15:40:09 | INFO     | fedaugment.utils.logger:44 | Epoch 3: train_loss: 3.16800
2025-12-28 15:40:27 | INFO     | fedaugment.utils.logger:44 | Epoch 4: train_loss: 2.94479
2025-12-28 15:40:43 | INFO     | fedaugment.utils.logger:44 | Epoch 5: train_loss: 2.81203
2025-12-28 15:41:00 | INFO     | fedaugment.utils.logger:44 | Epoch 6: train_loss: 2.72257
2025-12-28 15:41:17 | INFO     | fedaugment.utils.logger:44 | Epoch 7: train_loss: 2.65728
2025-12-28 15:41:33 | INFO     | fedaugment.utils.logger:44 | Epoch 8: train_loss: 2.60603
2025-12-28 15:41:51 | INFO     | fedaugment.utils.logger:44 | Epoch 9: train_loss: 2.56418
2025-12-28 15:42:10 | INFO     | fedaugment.utils.logger:44 | Epoch 10: train_loss: 2.52962
2025-12-28 15:42:29 | INFO     | fedaugment.utils.logger:44 | Epoch 11: train_loss: 2.49326
2025-12-28 15:42:46 | INFO     | fedaugment.utils.logger:44 | Epoch 12: train_loss: 2.46373
2025-12-28 15:43:05 | INFO     | fedaugment.utils.logger:44 | Epoch 13: train_loss: 2.43923
2025-12-28 15:43:23 | INFO     | fedaugment.utils.logger:44 | Epoch 14: train_loss: 2.41812
2025-12-28 15:43:40 | INFO     | fedaugment.utils.logger:44 | Epoch 15: train_loss: 2.39951
2025-12-28 15:43:57 | INFO     | fedaugment.utils.logger:44 | Epoch 16: train_loss: 2.38300
2025-12-28 15:44:14 | INFO     | fedaugment.utils.logger:44 | Epoch 17: train_loss: 2.36774
2025-12-28 15:44:32 | INFO     | fedaugment.utils.logger:44 | Epoch 18: train_loss: 2.35391
2025-12-28 15:44:49 | INFO     | fedaugment.utils.logger:44 | Epoch 19: train_loss: 2.34109
2025-12-28 15:45:08 | INFO     | fedaugment.utils.logger:44 | Epoch 20: train_loss: 2.32938
2025-12-28 15:45:25 | INFO     | fedaugment.utils.logger:44 | Epoch 21: train_loss: 2.31868
2025-12-28 15:45:42 | INFO     | fedaugment.utils.logger:44 | Epoch 22: train_loss: 2.30842
2025-12-28 15:46:00 | INFO     | fedaugment.utils.logger:44 | Epoch 23: train_loss: 2.29871
2025-12-28 15:46:17 | INFO     | fedaugment.utils.logger:44 | Epoch 24: train_loss: 2.29003
2025-12-28 15:46:35 | INFO     | fedaugment.utils.logger:44 | Epoch 25: train_loss: 2.28166
2025-12-28 15:46:52 | INFO     | fedaugment.utils.logger:44 | Epoch 26: train_loss: 2.27369
2025-12-28 15:47:11 | INFO     | fedaugment.utils.logger:44 | Epoch 27: train_loss: 2.26640
2025-12-28 15:47:29 | INFO     | fedaugment.utils.logger:44 | Epoch 28: train_loss: 2.25912
2025-12-28 15:47:46 | INFO     | fedaugment.utils.logger:44 | Epoch 29: train_loss: 2.25274
2025-12-28 15:48:04 | INFO     | fedaugment.utils.logger:44 | Epoch 30: train_loss: 2.24662
2025-12-28 15:48:21 | INFO     | fedaugment.utils.logger:44 | Epoch 31: train_loss: 2.24032
2025-12-28 15:48:40 | INFO     | fedaugment.utils.logger:44 | Epoch 32: train_loss: 2.23428
2025-12-28 15:48:57 | INFO     | fedaugment.utils.logger:44 | Epoch 33: train_loss: 2.22912
2025-12-28 15:49:15 | INFO     | fedaugment.utils.logger:44 | Epoch 34: train_loss: 2.22387
2025-12-28 15:49:33 | INFO     | fedaugment.utils.logger:44 | Epoch 35: train_loss: 2.21880
2025-12-28 15:49:50 | INFO     | fedaugment.utils.logger:44 | Epoch 36: train_loss: 2.21376
2025-12-28 15:50:08 | INFO     | fedaugment.utils.logger:44 | Epoch 37: train_loss: 2.20917
2025-12-28 15:50:25 | INFO     | fedaugment.utils.logger:44 | Epoch 38: train_loss: 2.20494
2025-12-28 15:50:43 | INFO     | fedaugment.utils.logger:44 | Epoch 39: train_loss: 2.20051
2025-12-28 15:51:00 | INFO     | fedaugment.utils.logger:44 | Epoch 40: train_loss: 2.19619
2025-12-28 15:51:18 | INFO     | fedaugment.utils.logger:44 | Epoch 41: train_loss: 2.19252
2025-12-28 15:51:35 | INFO     | fedaugment.utils.logger:44 | Epoch 42: train_loss: 2.18856
2025-12-28 15:51:52 | INFO     | fedaugment.utils.logger:44 | Epoch 43: train_loss: 2.18471
2025-12-28 15:52:09 | INFO     | fedaugment.utils.logger:44 | Epoch 44: train_loss: 2.18107
2025-12-28 15:52:26 | INFO     | fedaugment.utils.logger:44 | Epoch 45: train_loss: 2.17770
2025-12-28 15:52:45 | INFO     | fedaugment.utils.logger:44 | Epoch 46: train_loss: 2.17398
2025-12-28 15:53:02 | INFO     | fedaugment.utils.logger:44 | Epoch 47: train_loss: 2.17063
2025-12-28 15:53:20 | INFO     | fedaugment.utils.logger:44 | Epoch 48: train_loss: 2.16746
2025-12-28 15:53:37 | INFO     | fedaugment.utils.logger:44 | Epoch 49: train_loss: 2.16421
2025-12-28 15:53:54 | INFO     | fedaugment.utils.logger:44 | Epoch 50: train_loss: 2.16126
2025-12-28 15:54:11 | INFO     | fedaugment.utils.logger:44 | Epoch 51: train_loss: 2.15822
2025-12-28 15:54:28 | INFO     | fedaugment.utils.logger:44 | Epoch 52: train_loss: 2.15517
2025-12-28 15:54:45 | INFO     | fedaugment.utils.logger:44 | Epoch 53: train_loss: 2.15249
2025-12-28 15:55:02 | INFO     | fedaugment.utils.logger:44 | Epoch 54: train_loss: 2.14937
2025-12-28 15:55:20 | INFO     | fedaugment.utils.logger:44 | Epoch 55: train_loss: 2.14678
2025-12-28 15:55:38 | INFO     | fedaugment.utils.logger:44 | Epoch 56: train_loss: 2.14406
2025-12-28 15:55:55 | INFO     | fedaugment.utils.logger:44 | Epoch 57: train_loss: 2.14193
2025-12-28 15:56:12 | INFO     | fedaugment.utils.logger:44 | Epoch 58: train_loss: 2.13913
2025-12-28 15:56:29 | INFO     | fedaugment.utils.logger:44 | Epoch 59: train_loss: 2.13696
2025-12-28 15:56:47 | INFO     | fedaugment.utils.logger:44 | Epoch 60: train_loss: 2.13408
2025-12-28 15:57:04 | INFO     | fedaugment.utils.logger:44 | Epoch 61: train_loss: 2.13193
2025-12-28 15:57:21 | INFO     | fedaugment.utils.logger:44 | Epoch 62: train_loss: 2.12931
2025-12-28 15:57:38 | INFO     | fedaugment.utils.logger:44 | Epoch 63: train_loss: 2.12731
2025-12-28 15:57:55 | INFO     | fedaugment.utils.logger:44 | Epoch 64: train_loss: 2.12522
2025-12-28 15:58:13 | INFO     | fedaugment.utils.logger:44 | Epoch 65: train_loss: 2.12283
2025-12-28 15:58:29 | INFO     | fedaugment.utils.logger:44 | Epoch 66: train_loss: 2.12090
2025-12-28 15:58:47 | INFO     | fedaugment.utils.logger:44 | Epoch 67: train_loss: 2.11880
2025-12-28 15:59:04 | INFO     | fedaugment.utils.logger:44 | Epoch 68: train_loss: 2.11657
2025-12-28 15:59:21 | INFO     | fedaugment.utils.logger:44 | Epoch 69: train_loss: 2.11453
2025-12-28 15:59:39 | INFO     | fedaugment.utils.logger:44 | Epoch 70: train_loss: 2.11278
2025-12-28 15:59:55 | INFO     | fedaugment.utils.logger:44 | Epoch 71: train_loss: 2.11083
2025-12-28 16:00:13 | INFO     | fedaugment.utils.logger:44 | Epoch 72: train_loss: 2.10875
2025-12-28 16:00:29 | INFO     | fedaugment.utils.logger:44 | Epoch 73: train_loss: 2.10683
2025-12-28 16:00:47 | INFO     | fedaugment.utils.logger:44 | Epoch 74: train_loss: 2.10511
2025-12-28 16:01:04 | INFO     | fedaugment.utils.logger:44 | Epoch 75: train_loss: 2.10316
2025-12-28 16:01:22 | INFO     | fedaugment.utils.logger:44 | Epoch 76: train_loss: 2.10143
2025-12-28 16:01:40 | INFO     | fedaugment.utils.logger:44 | Epoch 77: train_loss: 2.09983
2025-12-28 16:01:56 | INFO     | fedaugment.utils.logger:44 | Epoch 78: train_loss: 2.09810
2025-12-28 16:02:14 | INFO     | fedaugment.utils.logger:44 | Epoch 79: train_loss: 2.09639
2025-12-28 16:02:31 | INFO     | fedaugment.utils.logger:44 | Epoch 80: train_loss: 2.09480
2025-12-28 16:02:49 | INFO     | fedaugment.utils.logger:44 | Epoch 81: train_loss: 2.09302
2025-12-28 16:03:06 | INFO     | fedaugment.utils.logger:44 | Epoch 82: train_loss: 2.09158
2025-12-28 16:03:24 | INFO     | fedaugment.utils.logger:44 | Epoch 83: train_loss: 2.08992
2025-12-28 16:03:41 | INFO     | fedaugment.utils.logger:44 | Epoch 84: train_loss: 2.08827
2025-12-28 16:03:59 | INFO     | fedaugment.utils.logger:44 | Epoch 85: train_loss: 2.08666
2025-12-28 16:04:17 | INFO     | fedaugment.utils.logger:44 | Epoch 86: train_loss: 2.08517
2025-12-28 16:04:34 | INFO     | fedaugment.utils.logger:44 | Epoch 87: train_loss: 2.08392
2025-12-28 16:04:51 | INFO     | fedaugment.utils.logger:44 | Epoch 88: train_loss: 2.08255
2025-12-28 16:05:08 | INFO     | fedaugment.utils.logger:44 | Epoch 89: train_loss: 2.08100
2025-12-28 16:05:26 | INFO     | fedaugment.utils.logger:44 | Epoch 90: train_loss: 2.07948
2025-12-28 16:05:44 | INFO     | fedaugment.utils.logger:44 | Epoch 91: train_loss: 2.07782
2025-12-28 16:06:01 | INFO     | fedaugment.utils.logger:44 | Epoch 92: train_loss: 2.07673
2025-12-28 16:06:19 | INFO     | fedaugment.utils.logger:44 | Epoch 93: train_loss: 2.07546
2025-12-28 16:06:36 | INFO     | fedaugment.utils.logger:44 | Epoch 94: train_loss: 2.07416
2025-12-28 16:06:52 | INFO     | fedaugment.utils.logger:44 | Epoch 95: train_loss: 2.07271
2025-12-28 16:07:09 | INFO     | fedaugment.utils.logger:44 | Epoch 96: train_loss: 2.07142
2025-12-28 16:07:27 | INFO     | fedaugment.utils.logger:44 | Epoch 97: train_loss: 2.07019
2025-12-28 16:07:44 | INFO     | fedaugment.utils.logger:44 | Epoch 98: train_loss: 2.06883
2025-12-28 16:08:02 | INFO     | fedaugment.utils.logger:44 | Epoch 99: train_loss: 2.06770
2025-12-28 16:08:20 | INFO     | fedaugment.utils.logger:44 | Epoch 100: train_loss: 2.06653
2025-12-28 16:08:36 | INFO     | fedaugment.utils.logger:44 | Epoch 101: train_loss: 2.06516
2025-12-28 16:08:52 | INFO     | fedaugment.utils.logger:44 | Epoch 102: train_loss: 2.06407
2025-12-28 16:09:08 | INFO     | fedaugment.utils.logger:44 | Epoch 103: train_loss: 2.06313
2025-12-28 16:09:25 | INFO     | fedaugment.utils.logger:44 | Epoch 104: train_loss: 2.06187
2025-12-28 16:09:42 | INFO     | fedaugment.utils.logger:44 | Epoch 105: train_loss: 2.06080
2025-12-28 16:10:00 | INFO     | fedaugment.utils.logger:44 | Epoch 106: train_loss: 2.05974
2025-12-28 16:10:18 | INFO     | fedaugment.utils.logger:44 | Epoch 107: train_loss: 2.05857
2025-12-28 16:10:34 | INFO     | fedaugment.utils.logger:44 | Epoch 108: train_loss: 2.05740
2025-12-28 16:10:51 | INFO     | fedaugment.utils.logger:44 | Epoch 109: train_loss: 2.05632
2025-12-28 16:11:08 | INFO     | fedaugment.utils.logger:44 | Epoch 110: train_loss: 2.05533
2025-12-28 16:11:25 | INFO     | fedaugment.utils.logger:44 | Epoch 111: train_loss: 2.05423
2025-12-28 16:11:43 | INFO     | fedaugment.utils.logger:44 | Epoch 112: train_loss: 2.05339
2025-12-28 16:11:59 | INFO     | fedaugment.utils.logger:44 | Epoch 113: train_loss: 2.05218
2025-12-28 16:12:17 | INFO     | fedaugment.utils.logger:44 | Epoch 114: train_loss: 2.05135
2025-12-28 16:12:34 | INFO     | fedaugment.utils.logger:44 | Epoch 115: train_loss: 2.05037
2025-12-28 16:12:51 | INFO     | fedaugment.utils.logger:44 | Epoch 116: train_loss: 2.04913
2025-12-28 16:13:07 | INFO     | fedaugment.utils.logger:44 | Epoch 117: train_loss: 2.04848
2025-12-28 16:13:25 | INFO     | fedaugment.utils.logger:44 | Epoch 118: train_loss: 2.04755
2025-12-28 16:13:41 | INFO     | fedaugment.utils.logger:44 | Epoch 119: train_loss: 2.04680
2025-12-28 16:13:57 | INFO     | fedaugment.utils.logger:44 | Epoch 120: train_loss: 2.04589
2025-12-28 16:14:14 | INFO     | fedaugment.utils.logger:44 | Epoch 121: train_loss: 2.04471
2025-12-28 16:14:30 | INFO     | fedaugment.utils.logger:44 | Epoch 122: train_loss: 2.04376
2025-12-28 16:14:48 | INFO     | fedaugment.utils.logger:44 | Epoch 123: train_loss: 2.04304
2025-12-28 16:15:04 | INFO     | fedaugment.utils.logger:44 | Epoch 124: train_loss: 2.04198
2025-12-28 16:15:21 | INFO     | fedaugment.utils.logger:44 | Epoch 125: train_loss: 2.04109
2025-12-28 16:15:38 | INFO     | fedaugment.utils.logger:44 | Epoch 126: train_loss: 2.04031
2025-12-28 16:15:54 | INFO     | fedaugment.utils.logger:44 | Epoch 127: train_loss: 2.03954
2025-12-28 16:16:10 | INFO     | fedaugment.utils.logger:44 | Epoch 128: train_loss: 2.03868
2025-12-28 16:16:26 | INFO     | fedaugment.utils.logger:44 | Epoch 129: train_loss: 2.03798
2025-12-28 16:16:44 | INFO     | fedaugment.utils.logger:44 | Epoch 130: train_loss: 2.03693
2025-12-28 16:17:00 | INFO     | fedaugment.utils.logger:44 | Epoch 131: train_loss: 2.03611
2025-12-28 16:17:18 | INFO     | fedaugment.utils.logger:44 | Epoch 132: train_loss: 2.03539
2025-12-28 16:17:35 | INFO     | fedaugment.utils.logger:44 | Epoch 133: train_loss: 2.03474
2025-12-28 16:17:51 | INFO     | fedaugment.utils.logger:44 | Epoch 134: train_loss: 2.03379
2025-12-28 16:18:09 | INFO     | fedaugment.utils.logger:44 | Epoch 135: train_loss: 2.03305
2025-12-28 16:18:25 | INFO     | fedaugment.utils.logger:44 | Epoch 136: train_loss: 2.03244
2025-12-28 16:18:42 | INFO     | fedaugment.utils.logger:44 | Epoch 137: train_loss: 2.03131
2025-12-28 16:18:59 | INFO     | fedaugment.utils.logger:44 | Epoch 138: train_loss: 2.03071
2025-12-28 16:19:16 | INFO     | fedaugment.utils.logger:44 | Epoch 139: train_loss: 2.02997
2025-12-28 16:19:33 | INFO     | fedaugment.utils.logger:44 | Epoch 140: train_loss: 2.02942
2025-12-28 16:19:50 | INFO     | fedaugment.utils.logger:44 | Epoch 141: train_loss: 2.02865
2025-12-28 16:20:07 | INFO     | fedaugment.utils.logger:44 | Epoch 142: train_loss: 2.02807
2025-12-28 16:20:23 | INFO     | fedaugment.utils.logger:44 | Epoch 143: train_loss: 2.02720
2025-12-28 16:20:40 | INFO     | fedaugment.utils.logger:44 | Epoch 144: train_loss: 2.02647
2025-12-28 16:20:56 | INFO     | fedaugment.utils.logger:44 | Epoch 145: train_loss: 2.02579
2025-12-28 16:21:14 | INFO     | fedaugment.utils.logger:44 | Epoch 146: train_loss: 2.02510
2025-12-28 16:21:30 | INFO     | fedaugment.utils.logger:44 | Epoch 147: train_loss: 2.02450
2025-12-28 16:21:46 | INFO     | fedaugment.utils.logger:44 | Epoch 148: train_loss: 2.02379
2025-12-28 16:22:04 | INFO     | fedaugment.utils.logger:44 | Epoch 149: train_loss: 2.02314
2025-12-28 16:22:20 | INFO     | fedaugment.utils.logger:44 | Epoch 150: train_loss: 2.02223
2025-12-28 16:22:38 | INFO     | fedaugment.utils.logger:44 | Epoch 151: train_loss: 2.02178
2025-12-28 16:22:55 | INFO     | fedaugment.utils.logger:44 | Epoch 152: train_loss: 2.02111
2025-12-28 16:23:12 | INFO     | fedaugment.utils.logger:44 | Epoch 153: train_loss: 2.02045
2025-12-28 16:23:30 | INFO     | fedaugment.utils.logger:44 | Epoch 154: train_loss: 2.01985
2025-12-28 16:23:46 | INFO     | fedaugment.utils.logger:44 | Epoch 155: train_loss: 2.01925
2025-12-28 16:24:04 | INFO     | fedaugment.utils.logger:44 | Epoch 156: train_loss: 2.01864
2025-12-28 16:24:20 | INFO     | fedaugment.utils.logger:44 | Epoch 157: train_loss: 2.01798
2025-12-28 16:24:38 | INFO     | fedaugment.utils.logger:44 | Epoch 158: train_loss: 2.01745
2025-12-28 16:24:55 | INFO     | fedaugment.utils.logger:44 | Epoch 159: train_loss: 2.01688
2025-12-28 16:25:13 | INFO     | fedaugment.utils.logger:44 | Epoch 160: train_loss: 2.01627
2025-12-28 16:25:30 | INFO     | fedaugment.utils.logger:44 | Epoch 161: train_loss: 2.01595
2025-12-28 16:25:47 | INFO     | fedaugment.utils.logger:44 | Epoch 162: train_loss: 2.01517
2025-12-28 16:26:04 | INFO     | fedaugment.utils.logger:44 | Epoch 163: train_loss: 2.01459
2025-12-28 16:26:20 | INFO     | fedaugment.utils.logger:44 | Epoch 164: train_loss: 2.01403
2025-12-28 16:26:37 | INFO     | fedaugment.utils.logger:44 | Epoch 165: train_loss: 2.01349
2025-12-28 16:26:54 | INFO     | fedaugment.utils.logger:44 | Epoch 166: train_loss: 2.01302
2025-12-28 16:27:11 | INFO     | fedaugment.utils.logger:44 | Epoch 167: train_loss: 2.01258
2025-12-28 16:27:28 | INFO     | fedaugment.utils.logger:44 | Epoch 168: train_loss: 2.01208
2025-12-28 16:27:44 | INFO     | fedaugment.utils.logger:44 | Epoch 169: train_loss: 2.01154
2025-12-28 16:28:02 | INFO     | fedaugment.utils.logger:44 | Epoch 170: train_loss: 2.01100
2025-12-28 16:28:18 | INFO     | fedaugment.utils.logger:44 | Epoch 171: train_loss: 2.01042
2025-12-28 16:28:35 | INFO     | fedaugment.utils.logger:44 | Epoch 172: train_loss: 2.00998
2025-12-28 16:28:52 | INFO     | fedaugment.utils.logger:44 | Epoch 173: train_loss: 2.00942
2025-12-28 16:29:09 | INFO     | fedaugment.utils.logger:44 | Epoch 174: train_loss: 2.00909
2025-12-28 16:29:26 | INFO     | fedaugment.utils.logger:44 | Epoch 175: train_loss: 2.00872
2025-12-28 16:29:42 | INFO     | fedaugment.utils.logger:44 | Epoch 176: train_loss: 2.00805
2025-12-28 16:29:59 | INFO     | fedaugment.utils.logger:44 | Epoch 177: train_loss: 2.00761
2025-12-28 16:30:15 | INFO     | fedaugment.utils.logger:44 | Epoch 178: train_loss: 2.00728
2025-12-28 16:30:33 | INFO     | fedaugment.utils.logger:44 | Epoch 179: train_loss: 2.00687
2025-12-28 16:30:49 | INFO     | fedaugment.utils.logger:44 | Epoch 180: train_loss: 2.00631
2025-12-28 16:31:07 | INFO     | fedaugment.utils.logger:44 | Epoch 181: train_loss: 2.00580
2025-12-28 16:31:23 | INFO     | fedaugment.utils.logger:44 | Epoch 182: train_loss: 2.00570
2025-12-28 16:31:40 | INFO     | fedaugment.utils.logger:44 | Epoch 183: train_loss: 2.00486
2025-12-28 16:31:57 | INFO     | fedaugment.utils.logger:44 | Epoch 184: train_loss: 2.00501
2025-12-28 16:32:13 | INFO     | fedaugment.utils.logger:44 | Epoch 185: train_loss: 2.00427
2025-12-28 16:32:30 | INFO     | fedaugment.utils.logger:44 | Epoch 186: train_loss: 2.00373
2025-12-28 16:32:47 | INFO     | fedaugment.utils.logger:44 | Epoch 187: train_loss: 2.00352
2025-12-28 16:33:05 | INFO     | fedaugment.utils.logger:44 | Epoch 188: train_loss: 2.00319
2025-12-28 16:33:21 | INFO     | fedaugment.utils.logger:44 | Epoch 189: train_loss: 2.00289
2025-12-28 16:33:38 | INFO     | fedaugment.utils.logger:44 | Epoch 190: train_loss: 2.00253
2025-12-28 16:33:55 | INFO     | fedaugment.utils.logger:44 | Epoch 191: train_loss: 2.00223
2025-12-28 16:34:12 | INFO     | fedaugment.utils.logger:44 | Epoch 192: train_loss: 2.00183
2025-12-28 16:34:30 | INFO     | fedaugment.utils.logger:44 | Epoch 193: train_loss: 2.00136
2025-12-28 16:34:47 | INFO     | fedaugment.utils.logger:44 | Epoch 194: train_loss: 2.00117
2025-12-28 16:35:04 | INFO     | fedaugment.utils.logger:44 | Epoch 195: train_loss: 2.00091
2025-12-28 16:35:20 | INFO     | fedaugment.utils.logger:44 | Epoch 196: train_loss: 2.00048
2025-12-28 16:35:37 | INFO     | fedaugment.utils.logger:44 | Epoch 197: train_loss: 2.00012
2025-12-28 16:35:55 | INFO     | fedaugment.utils.logger:44 | Epoch 198: train_loss: 2.00005
2025-12-28 16:36:12 | INFO     | fedaugment.utils.logger:44 | Epoch 199: train_loss: 1.99970
2025-12-28 16:36:29 | INFO     | fedaugment.utils.logger:44 | Epoch 200: train_loss: 1.99940
2025-12-28 16:36:46 | INFO     | fedaugment.utils.logger:44 | Epoch 201: train_loss: 1.99889
2025-12-28 16:37:03 | INFO     | fedaugment.utils.logger:44 | Epoch 202: train_loss: 1.99875
2025-12-28 16:37:20 | INFO     | fedaugment.utils.logger:44 | Epoch 203: train_loss: 1.99869
2025-12-28 16:37:37 | INFO     | fedaugment.utils.logger:44 | Epoch 204: train_loss: 1.99812
2025-12-28 16:37:54 | INFO     | fedaugment.utils.logger:44 | Epoch 205: train_loss: 1.99794
2025-12-28 16:38:11 | INFO     | fedaugment.utils.logger:44 | Epoch 206: train_loss: 1.99777
2025-12-28 16:38:29 | INFO     | fedaugment.utils.logger:44 | Epoch 207: train_loss: 1.99744
2025-12-28 16:38:45 | INFO     | fedaugment.utils.logger:44 | Epoch 208: train_loss: 1.99728
2025-12-28 16:39:03 | INFO     | fedaugment.utils.logger:44 | Epoch 209: train_loss: 1.99715
2025-12-28 16:39:20 | INFO     | fedaugment.utils.logger:44 | Epoch 210: train_loss: 1.99675
2025-12-28 16:39:37 | INFO     | fedaugment.utils.logger:44 | Epoch 211: train_loss: 1.99653
2025-12-28 16:39:54 | INFO     | fedaugment.utils.logger:44 | Epoch 212: train_loss: 1.99623
2025-12-28 16:40:10 | INFO     | fedaugment.utils.logger:44 | Epoch 213: train_loss: 1.99610
2025-12-28 16:40:28 | INFO     | fedaugment.utils.logger:44 | Epoch 214: train_loss: 1.99601
2025-12-28 16:40:44 | INFO     | fedaugment.utils.logger:44 | Epoch 215: train_loss: 1.99574
2025-12-28 16:41:01 | INFO     | fedaugment.utils.logger:44 | Epoch 216: train_loss: 1.99547
2025-12-28 16:41:18 | INFO     | fedaugment.utils.logger:44 | Epoch 217: train_loss: 1.99536
2025-12-28 16:41:35 | INFO     | fedaugment.utils.logger:44 | Epoch 218: train_loss: 1.99508
2025-12-28 16:41:52 | INFO     | fedaugment.utils.logger:44 | Epoch 219: train_loss: 1.99515
2025-12-28 16:42:09 | INFO     | fedaugment.utils.logger:44 | Epoch 220: train_loss: 1.99491
2025-12-28 16:42:26 | INFO     | fedaugment.utils.logger:44 | Epoch 221: train_loss: 1.99471
2025-12-28 16:42:43 | INFO     | fedaugment.utils.logger:44 | Epoch 222: train_loss: 1.99468
2025-12-28 16:43:01 | INFO     | fedaugment.utils.logger:44 | Epoch 223: train_loss: 1.99446
2025-12-28 16:43:17 | INFO     | fedaugment.utils.logger:44 | Epoch 224: train_loss: 1.99438
2025-12-28 16:43:34 | INFO     | fedaugment.utils.logger:44 | Epoch 225: train_loss: 1.99412
2025-12-28 16:43:52 | INFO     | fedaugment.utils.logger:44 | Epoch 226: train_loss: 1.99417
2025-12-28 16:44:08 | INFO     | fedaugment.utils.logger:44 | Epoch 227: train_loss: 1.99381
2025-12-28 16:44:25 | INFO     | fedaugment.utils.logger:44 | Epoch 228: train_loss: 1.99391
2025-12-28 16:44:42 | INFO     | fedaugment.utils.logger:44 | Epoch 229: train_loss: 1.99370
2025-12-28 16:45:00 | INFO     | fedaugment.utils.logger:44 | Epoch 230: train_loss: 1.99369
2025-12-28 16:45:17 | INFO     | fedaugment.utils.logger:44 | Epoch 231: train_loss: 1.99362
2025-12-28 16:45:34 | INFO     | fedaugment.utils.logger:44 | Epoch 232: train_loss: 1.99354
2025-12-28 16:45:52 | INFO     | fedaugment.utils.logger:44 | Epoch 233: train_loss: 1.99337
2025-12-28 16:46:09 | INFO     | fedaugment.utils.logger:44 | Epoch 234: train_loss: 1.99319
2025-12-28 16:46:26 | INFO     | fedaugment.utils.logger:44 | Epoch 235: train_loss: 1.99317
2025-12-28 16:46:43 | INFO     | fedaugment.utils.logger:44 | Epoch 236: train_loss: 1.99311
2025-12-28 16:47:01 | INFO     | fedaugment.utils.logger:44 | Epoch 237: train_loss: 1.99334
2025-12-28 16:47:18 | INFO     | fedaugment.utils.logger:44 | Epoch 238: train_loss: 1.99299
2025-12-28 16:47:35 | INFO     | fedaugment.utils.logger:44 | Epoch 239: train_loss: 1.99302
2025-12-28 16:47:52 | INFO     | fedaugment.utils.logger:44 | Epoch 240: train_loss: 1.99292
2025-12-28 16:48:09 | INFO     | fedaugment.utils.logger:44 | Epoch 241: train_loss: 1.99306
2025-12-28 16:48:27 | INFO     | fedaugment.utils.logger:44 | Epoch 242: train_loss: 1.99267
2025-12-28 16:48:43 | INFO     | fedaugment.utils.logger:44 | Epoch 243: train_loss: 1.99287
2025-12-28 16:49:01 | INFO     | fedaugment.utils.logger:44 | Epoch 244: train_loss: 1.99279
2025-12-28 16:49:18 | INFO     | fedaugment.utils.logger:44 | Epoch 245: train_loss: 1.99270
2025-12-28 16:49:34 | INFO     | fedaugment.utils.logger:44 | Epoch 246: train_loss: 1.99276
2025-12-28 16:49:52 | INFO     | fedaugment.utils.logger:44 | Epoch 247: train_loss: 1.99278
2025-12-28 16:50:08 | INFO     | fedaugment.utils.logger:44 | Epoch 248: train_loss: 1.99264
2025-12-28 16:50:26 | INFO     | fedaugment.utils.logger:44 | Epoch 249: train_loss: 1.99267
2025-12-28 16:50:26 | INFO     | lightning_utilities.core.rank_zero:60 | `Trainer.fit` stopped: `max_epochs=250` reached.
2025-12-28 16:50:35 | INFO     | fedaugment.projections.main:87 | Starting testing phase...
2025-12-28 16:50:35 | INFO     | lightning.pytorch.accelerators.cuda:61 | LOCAL_RANK: 0 - CUDA_VISIBLE_DEVICES: [0]
2025-12-28 16:50:35 | INFO     | fedaugment.utils.logger:38 | {'module_kwargs': CLModuleConfig(model_type='projection_head', out_dim=1024, hidden_dims=[1024, 1536, 1536], activation='silu', normalization='batch', dropout=0.0), 'criterion': CriterionConfig(class_='MultiViewNTXentLoss', kwargs={'temperature': 0.1}), 'optim_configs': [OptimizerConfig(class_='AdamW', kwargs={'lr': 0.001, 'betas': (0.9, 0.999), 'eps': 1e-08, 'weight_decay': 0.01})], 'sched_configs': [LRSchedulerConfig(class_='LambdaLR', interval='epoch', frequency=1, monitor=None, kwargs={'lr_lambda': <function cos_annealing_with_warmup at 0x7f894be1d440>})], 'pipeline_names': ['distilroberta-dj_adpt', 'gte_base-dj_adpt', 'gtr_t5-dj_adpt', 'mini_l12-dj_adpt', 'mini_l6-dj_adpt', 'mpnet-dj_adpt'], 'embedding_dims': [768, 768, 768, 384, 384, 768], 'data_batch_size': 4096, 'metric_batch_size': 65536}
2025-12-28 16:50:55 | DEBUG    | fedaugment.projections.metrics.base:115 | Computing CosineSimilarityOrchestrator metrics.
2025-12-28 16:50:55 | WARNING  | fedaugment.projections.metrics.base:117 | Number of projections (8891658) is not divisible by chunk size (65536). This may lead to suboptimal performance.
2025-12-28 18:59:58 | DEBUG    | fedaugment.projections.metrics.base:198 | Finalized CosineSimilarityOrchestrator metrics
2025-12-28 18:59:58 | INFO     | fedaugment.utils.logger:44 | Epoch 250: test_loss: 2.87507, test_cossim_mean: 0.00936, test_entity_stability_15: 0.23904, test_entity_stability_5: 0.19215, test_entity_stability_50: 0.33474, test_same_lbl_cossim_mean: 0.96202
2025-12-28 18:59:59 | INFO     | fedaugment.projections.main:92 | Best model checkpoint saved at /home/lennart-ldap/projects/fedaugment/logs/curation_train_webtable_fft_cos-mpnet-dj_adpt-k=630493-pca=0.9/version_1/last.ckpt
2025-12-28 18:59:59 | INFO     | __main__:50 | Evaluating fft_euc-mpnet-dj_adpt-k=630493-pca=0.9 on webtable 050
2025-12-28 18:59:59 | DEBUG    | fedaugment.projections.main:31 | Experiment configuration: {"experiment_name":"curation_train_webtable_fft_euc-mpnet-dj_adpt-k=630493-pca=0.9","experiment_version":1,"seed":42,"data_module":{"class_":"DefaultDataModule","data":{"train":"data/embeddings/webtable-050/fft_euc-mpnet-dj_adpt-k=630493-pca=0.9","val":null,"test":"data/embeddings/webtable-split/test"},"batch_size":4096,"num_workers":32,"pin_memory":true,"persistent_workers":true,"prefetch_factor":5,"verify_column_ids":true},"projection_model":{"class_":"ContrastiveLearningModel","module_kwargs":{"model_type":"projection_head","out_dim":1024,"hidden_dims":[1024,1536,1536],"activation":"silu","normalization":"batch","dropout":0.0},"criterion":{"class_":"MultiViewNTXentLoss","kwargs":{"temperature":0.1}},"optimizers":[{"class_":"AdamW","kwargs":{"lr":0.001,"betas":[0.9,0.999],"eps":1e-8,"weight_decay":0.01}}],"schedulers":[{"class_":"LambdaLR","interval":"epoch","frequency":1,"monitor":null,"kwargs":{"lr_lambda":"cos_annealing_with_warmup"}}],"metric_batch_size":65536},"trainer":{"max_epochs":250,"accelerator":"gpu","check_val_every_n_epoch":10,"devices":"auto","deterministic":false,"enable_checkpointing":true,"enable_model_summary":true,"enable_progress_bar":true,"log_every_n_steps":50,"max_time":null,"num_sanity_val_steps":2,"precision":"bf16-mixed","profiler":null},"compile_model":true}
2025-12-28 18:59:59 | INFO     | lightning.fabric.utilities.seed:57 | Seed set to 42
2025-12-28 19:00:01 | INFO     | fedaugment.projections.main:42 | Compiling projection model...
2025-12-28 19:00:01 | INFO     | fedaugment.projections.main:44 | Projection model compiled
2025-12-28 19:00:01 | INFO     | fedaugment.projections.main:46 | Initializing trainer...
2025-12-28 19:00:01 | INFO     | lightning_utilities.core.rank_zero:60 | Using bfloat16 Automatic Mixed Precision (AMP)
2025-12-28 19:00:02 | INFO     | lightning_utilities.core.rank_zero:60 | GPU available: True (cuda), used: True
2025-12-28 19:00:02 | INFO     | lightning_utilities.core.rank_zero:60 | TPU available: False, using: 0 TPU cores
2025-12-28 19:00:02 | INFO     | fedaugment.projections.main:76 | Trainer initialized
2025-12-28 19:00:02 | INFO     | fedaugment.projections.main:83 | Starting training phase...
2025-12-28 19:00:02 | INFO     | lightning.pytorch.accelerators.cuda:61 | LOCAL_RANK: 0 - CUDA_VISIBLE_DEVICES: [0]
2025-12-28 19:00:02 | INFO     | lightning.pytorch.callbacks.model_summary:110 |
  | Name              | Type                         | Params | Mode  | FLOPs
-----------------------------------------------------------------------------------
0 | criterion         | MultiViewNTXentLoss          | 0      | train | 0
1 | val_metrics       | MetricCollection             | 0      | train | 0
2 | test_metrics      | MetricCollection             | 0      | train | 0
3 | val_orchestrator  | CosineSimilarityOrchestrator | 0      | train | 0
4 | test_orchestrator | CosineSimilarityOrchestrator | 0      | train | 0
5 | projection_heads  | ModuleList                   | 37.0 M | train | 0
-----------------------------------------------------------------------------------
37.0 M    Trainable params
0         Non-trainable params
37.0 M    Total params
148.120   Total estimated model params size (MB)
94        Modules in train mode
0         Modules in eval mode
0         Total Flops
2025-12-28 19:00:02 | INFO     | fedaugment.utils.logger:38 | {'module_kwargs': CLModuleConfig(model_type='projection_head', out_dim=1024, hidden_dims=[1024, 1536, 1536], activation='silu', normalization='batch', dropout=0.0), 'criterion': CriterionConfig(class_='MultiViewNTXentLoss', kwargs={'temperature': 0.1}), 'optim_configs': [OptimizerConfig(class_='AdamW', kwargs={'lr': 0.001, 'betas': (0.9, 0.999), 'eps': 1e-08, 'weight_decay': 0.01})], 'sched_configs': [LRSchedulerConfig(class_='LambdaLR', interval='epoch', frequency=1, monitor=None, kwargs={'lr_lambda': <function cos_annealing_with_warmup at 0x7f894be1d440>})], 'pipeline_names': ['distilroberta-dj_adpt', 'gte_base-dj_adpt', 'gtr_t5-dj_adpt', 'mini_l12-dj_adpt', 'mini_l6-dj_adpt', 'mpnet-dj_adpt'], 'embedding_dims': [768, 768, 768, 384, 384, 768], 'data_batch_size': 4096, 'metric_batch_size': 65536}
2025-12-28 19:00:19 | INFO     | fedaugment.utils.logger:44 | Epoch 0: train_loss: 10.25539
2025-12-28 19:00:35 | INFO     | fedaugment.utils.logger:44 | Epoch 1: train_loss: 5.05021
2025-12-28 19:00:52 | INFO     | fedaugment.utils.logger:44 | Epoch 2: train_loss: 3.61385
2025-12-28 19:01:09 | INFO     | fedaugment.utils.logger:44 | Epoch 3: train_loss: 3.19368
2025-12-28 19:01:26 | INFO     | fedaugment.utils.logger:44 | Epoch 4: train_loss: 2.96912
2025-12-28 19:01:43 | INFO     | fedaugment.utils.logger:44 | Epoch 5: train_loss: 2.83626
2025-12-28 19:02:00 | INFO     | fedaugment.utils.logger:44 | Epoch 6: train_loss: 2.74817
2025-12-28 19:02:16 | INFO     | fedaugment.utils.logger:44 | Epoch 7: train_loss: 2.68455
2025-12-28 19:02:33 | INFO     | fedaugment.utils.logger:44 | Epoch 8: train_loss: 2.63521
2025-12-28 19:02:49 | INFO     | fedaugment.utils.logger:44 | Epoch 9: train_loss: 2.59515
2025-12-28 19:03:07 | INFO     | fedaugment.utils.logger:44 | Epoch 10: train_loss: 2.56072
2025-12-28 19:03:27 | INFO     | fedaugment.utils.logger:44 | Epoch 11: train_loss: 2.52551
2025-12-28 19:03:46 | INFO     | fedaugment.utils.logger:44 | Epoch 12: train_loss: 2.49617
2025-12-28 19:04:05 | INFO     | fedaugment.utils.logger:44 | Epoch 13: train_loss: 2.47162
2025-12-28 19:04:22 | INFO     | fedaugment.utils.logger:44 | Epoch 14: train_loss: 2.45079
2025-12-28 19:04:39 | INFO     | fedaugment.utils.logger:44 | Epoch 15: train_loss: 2.43156
2025-12-28 19:04:56 | INFO     | fedaugment.utils.logger:44 | Epoch 16: train_loss: 2.41479
2025-12-28 19:05:13 | INFO     | fedaugment.utils.logger:44 | Epoch 17: train_loss: 2.39913
2025-12-28 19:05:31 | INFO     | fedaugment.utils.logger:44 | Epoch 18: train_loss: 2.38511
2025-12-28 19:05:48 | INFO     | fedaugment.utils.logger:44 | Epoch 19: train_loss: 2.37239
2025-12-28 19:06:06 | INFO     | fedaugment.utils.logger:44 | Epoch 20: train_loss: 2.36062
2025-12-28 19:06:25 | INFO     | fedaugment.utils.logger:44 | Epoch 21: train_loss: 2.34969
2025-12-28 19:06:42 | INFO     | fedaugment.utils.logger:44 | Epoch 22: train_loss: 2.33964
2025-12-28 19:07:00 | INFO     | fedaugment.utils.logger:44 | Epoch 23: train_loss: 2.32972
2025-12-28 19:07:17 | INFO     | fedaugment.utils.logger:44 | Epoch 24: train_loss: 2.32077
2025-12-28 19:07:36 | INFO     | fedaugment.utils.logger:44 | Epoch 25: train_loss: 2.31236
2025-12-28 19:07:52 | INFO     | fedaugment.utils.logger:44 | Epoch 26: train_loss: 2.30419
2025-12-28 19:08:10 | INFO     | fedaugment.utils.logger:44 | Epoch 27: train_loss: 2.29645
2025-12-28 19:08:28 | INFO     | fedaugment.utils.logger:44 | Epoch 28: train_loss: 2.28956
2025-12-28 19:08:45 | INFO     | fedaugment.utils.logger:44 | Epoch 29: train_loss: 2.28264
2025-12-28 19:09:03 | INFO     | fedaugment.utils.logger:44 | Epoch 30: train_loss: 2.27596
2025-12-28 19:09:20 | INFO     | fedaugment.utils.logger:44 | Epoch 31: train_loss: 2.26965
2025-12-28 19:09:38 | INFO     | fedaugment.utils.logger:44 | Epoch 32: train_loss: 2.26381
2025-12-28 19:09:55 | INFO     | fedaugment.utils.logger:44 | Epoch 33: train_loss: 2.25864
2025-12-28 19:10:14 | INFO     | fedaugment.utils.logger:44 | Epoch 34: train_loss: 2.25327
2025-12-28 19:10:31 | INFO     | fedaugment.utils.logger:44 | Epoch 35: train_loss: 2.24830
2025-12-28 19:10:49 | INFO     | fedaugment.utils.logger:44 | Epoch 36: train_loss: 2.24344
2025-12-28 19:11:06 | INFO     | fedaugment.utils.logger:44 | Epoch 37: train_loss: 2.23841
2025-12-28 19:11:24 | INFO     | fedaugment.utils.logger:44 | Epoch 38: train_loss: 2.23400
2025-12-28 19:11:42 | INFO     | fedaugment.utils.logger:44 | Epoch 39: train_loss: 2.22962
2025-12-28 19:11:59 | INFO     | fedaugment.utils.logger:44 | Epoch 40: train_loss: 2.22563
2025-12-28 19:12:18 | INFO     | fedaugment.utils.logger:44 | Epoch 41: train_loss: 2.22140
2025-12-28 19:12:36 | INFO     | fedaugment.utils.logger:44 | Epoch 42: train_loss: 2.21766
2025-12-28 19:12:54 | INFO     | fedaugment.utils.logger:44 | Epoch 43: train_loss: 2.21358
2025-12-28 19:13:11 | INFO     | fedaugment.utils.logger:44 | Epoch 44: train_loss: 2.21000
2025-12-28 19:13:28 | INFO     | fedaugment.utils.logger:44 | Epoch 45: train_loss: 2.20613
2025-12-28 19:13:47 | INFO     | fedaugment.utils.logger:44 | Epoch 46: train_loss: 2.20288
2025-12-28 19:14:04 | INFO     | fedaugment.utils.logger:44 | Epoch 47: train_loss: 2.19979
2025-12-28 19:14:22 | INFO     | fedaugment.utils.logger:44 | Epoch 48: train_loss: 2.19631
2025-12-28 19:14:40 | INFO     | fedaugment.utils.logger:44 | Epoch 49: train_loss: 2.19343
2025-12-28 19:14:58 | INFO     | fedaugment.utils.logger:44 | Epoch 50: train_loss: 2.18994
2025-12-28 19:15:16 | INFO     | fedaugment.utils.logger:44 | Epoch 51: train_loss: 2.18702
2025-12-28 19:15:33 | INFO     | fedaugment.utils.logger:44 | Epoch 52: train_loss: 2.18417
2025-12-28 19:15:51 | INFO     | fedaugment.utils.logger:44 | Epoch 53: train_loss: 2.18129
2025-12-28 19:16:08 | INFO     | fedaugment.utils.logger:44 | Epoch 54: train_loss: 2.17856
2025-12-28 19:16:26 | INFO     | fedaugment.utils.logger:44 | Epoch 55: train_loss: 2.17540
2025-12-28 19:16:44 | INFO     | fedaugment.utils.logger:44 | Epoch 56: train_loss: 2.17296
2025-12-28 19:17:02 | INFO     | fedaugment.utils.logger:44 | Epoch 57: train_loss: 2.17018
2025-12-28 19:17:20 | INFO     | fedaugment.utils.logger:44 | Epoch 58: train_loss: 2.16769
2025-12-28 19:17:36 | INFO     | fedaugment.utils.logger:44 | Epoch 59: train_loss: 2.16505
2025-12-28 19:17:55 | INFO     | fedaugment.utils.logger:44 | Epoch 60: train_loss: 2.16280
2025-12-28 19:18:12 | INFO     | fedaugment.utils.logger:44 | Epoch 61: train_loss: 2.16061
2025-12-28 19:18:30 | INFO     | fedaugment.utils.logger:44 | Epoch 62: train_loss: 2.15796
2025-12-28 19:18:47 | INFO     | fedaugment.utils.logger:44 | Epoch 63: train_loss: 2.15576
2025-12-28 19:19:05 | INFO     | fedaugment.utils.logger:44 | Epoch 64: train_loss: 2.15344
2025-12-28 19:19:22 | INFO     | fedaugment.utils.logger:44 | Epoch 65: train_loss: 2.15103
2025-12-28 19:19:39 | INFO     | fedaugment.utils.logger:44 | Epoch 66: train_loss: 2.14889
2025-12-28 19:19:56 | INFO     | fedaugment.utils.logger:44 | Epoch 67: train_loss: 2.14666
2025-12-28 19:20:13 | INFO     | fedaugment.utils.logger:44 | Epoch 68: train_loss: 2.14491
2025-12-28 19:20:30 | INFO     | fedaugment.utils.logger:44 | Epoch 69: train_loss: 2.14268
2025-12-28 19:20:47 | INFO     | fedaugment.utils.logger:44 | Epoch 70: train_loss: 2.14019
2025-12-28 19:21:04 | INFO     | fedaugment.utils.logger:44 | Epoch 71: train_loss: 2.13882
2025-12-28 19:21:22 | INFO     | fedaugment.utils.logger:44 | Epoch 72: train_loss: 2.13654
2025-12-28 19:21:38 | INFO     | fedaugment.utils.logger:44 | Epoch 73: train_loss: 2.13463
2025-12-28 19:21:56 | INFO     | fedaugment.utils.logger:44 | Epoch 74: train_loss: 2.13254
2025-12-28 19:22:13 | INFO     | fedaugment.utils.logger:44 | Epoch 75: train_loss: 2.13061
2025-12-28 19:22:31 | INFO     | fedaugment.utils.logger:44 | Epoch 76: train_loss: 2.12904
2025-12-28 19:22:48 | INFO     | fedaugment.utils.logger:44 | Epoch 77: train_loss: 2.12707
2025-12-28 19:23:05 | INFO     | fedaugment.utils.logger:44 | Epoch 78: train_loss: 2.12534
2025-12-28 19:23:23 | INFO     | fedaugment.utils.logger:44 | Epoch 79: train_loss: 2.12361
2025-12-28 19:23:40 | INFO     | fedaugment.utils.logger:44 | Epoch 80: train_loss: 2.12193
2025-12-28 19:23:57 | INFO     | fedaugment.utils.logger:44 | Epoch 81: train_loss: 2.12018
2025-12-28 19:24:14 | INFO     | fedaugment.utils.logger:44 | Epoch 82: train_loss: 2.11863
2025-12-28 19:24:32 | INFO     | fedaugment.utils.logger:44 | Epoch 83: train_loss: 2.11728
2025-12-28 19:24:48 | INFO     | fedaugment.utils.logger:44 | Epoch 84: train_loss: 2.11559
2025-12-28 19:25:06 | INFO     | fedaugment.utils.logger:44 | Epoch 85: train_loss: 2.11377
2025-12-28 19:25:23 | INFO     | fedaugment.utils.logger:44 | Epoch 86: train_loss: 2.11212
2025-12-28 19:25:39 | INFO     | fedaugment.utils.logger:44 | Epoch 87: train_loss: 2.11078
2025-12-28 19:25:56 | INFO     | fedaugment.utils.logger:44 | Epoch 88: train_loss: 2.10925
2025-12-28 19:26:13 | INFO     | fedaugment.utils.logger:44 | Epoch 89: train_loss: 2.10791
2025-12-28 19:26:29 | INFO     | fedaugment.utils.logger:44 | Epoch 90: train_loss: 2.10595
2025-12-28 19:26:46 | INFO     | fedaugment.utils.logger:44 | Epoch 91: train_loss: 2.10489
2025-12-28 19:27:02 | INFO     | fedaugment.utils.logger:44 | Epoch 92: train_loss: 2.10349
2025-12-28 19:27:19 | INFO     | fedaugment.utils.logger:44 | Epoch 93: train_loss: 2.10211
2025-12-28 19:27:36 | INFO     | fedaugment.utils.logger:44 | Epoch 94: train_loss: 2.10084
2025-12-28 19:27:53 | INFO     | fedaugment.utils.logger:44 | Epoch 95: train_loss: 2.09953
2025-12-28 19:28:10 | INFO     | fedaugment.utils.logger:44 | Epoch 96: train_loss: 2.09793
2025-12-28 19:28:27 | INFO     | fedaugment.utils.logger:44 | Epoch 97: train_loss: 2.09666
2025-12-28 19:28:44 | INFO     | fedaugment.utils.logger:44 | Epoch 98: train_loss: 2.09552
2025-12-28 19:29:01 | INFO     | fedaugment.utils.logger:44 | Epoch 99: train_loss: 2.09420
2025-12-28 19:29:17 | INFO     | fedaugment.utils.logger:44 | Epoch 100: train_loss: 2.09308
2025-12-28 19:29:34 | INFO     | fedaugment.utils.logger:44 | Epoch 101: train_loss: 2.09171
2025-12-28 19:29:51 | INFO     | fedaugment.utils.logger:44 | Epoch 102: train_loss: 2.09047
2025-12-28 19:30:07 | INFO     | fedaugment.utils.logger:44 | Epoch 103: train_loss: 2.08929
2025-12-28 19:30:24 | INFO     | fedaugment.utils.logger:44 | Epoch 104: train_loss: 2.08788
2025-12-28 19:30:40 | INFO     | fedaugment.utils.logger:44 | Epoch 105: train_loss: 2.08718
2025-12-28 19:30:57 | INFO     | fedaugment.utils.logger:44 | Epoch 106: train_loss: 2.08561
2025-12-28 19:31:14 | INFO     | fedaugment.utils.logger:44 | Epoch 107: train_loss: 2.08456
2025-12-28 19:31:30 | INFO     | fedaugment.utils.logger:44 | Epoch 108: train_loss: 2.08359
2025-12-28 19:31:47 | INFO     | fedaugment.utils.logger:44 | Epoch 109: train_loss: 2.08240
2025-12-28 19:32:03 | INFO     | fedaugment.utils.logger:44 | Epoch 110: train_loss: 2.08116
2025-12-28 19:32:21 | INFO     | fedaugment.utils.logger:44 | Epoch 111: train_loss: 2.08011
2025-12-28 19:32:37 | INFO     | fedaugment.utils.logger:44 | Epoch 112: train_loss: 2.07905
2025-12-28 19:32:54 | INFO     | fedaugment.utils.logger:44 | Epoch 113: train_loss: 2.07805
2025-12-28 19:33:10 | INFO     | fedaugment.utils.logger:44 | Epoch 114: train_loss: 2.07701
2025-12-28 19:33:26 | INFO     | fedaugment.utils.logger:44 | Epoch 115: train_loss: 2.07579
2025-12-28 19:33:43 | INFO     | fedaugment.utils.logger:44 | Epoch 116: train_loss: 2.07493
2025-12-28 19:33:59 | INFO     | fedaugment.utils.logger:44 | Epoch 117: train_loss: 2.07382
2025-12-28 19:34:15 | INFO     | fedaugment.utils.logger:44 | Epoch 118: train_loss: 2.07302
2025-12-28 19:34:32 | INFO     | fedaugment.utils.logger:44 | Epoch 119: train_loss: 2.07223
2025-12-28 19:34:48 | INFO     | fedaugment.utils.logger:44 | Epoch 120: train_loss: 2.07110
2025-12-28 19:35:05 | INFO     | fedaugment.utils.logger:44 | Epoch 121: train_loss: 2.06983
2025-12-28 19:35:22 | INFO     | fedaugment.utils.logger:44 | Epoch 122: train_loss: 2.06919
2025-12-28 19:35:39 | INFO     | fedaugment.utils.logger:44 | Epoch 123: train_loss: 2.06808
2025-12-28 19:35:56 | INFO     | fedaugment.utils.logger:44 | Epoch 124: train_loss: 2.06717
2025-12-28 19:36:13 | INFO     | fedaugment.utils.logger:44 | Epoch 125: train_loss: 2.06629
2025-12-28 19:36:29 | INFO     | fedaugment.utils.logger:44 | Epoch 126: train_loss: 2.06551
2025-12-28 19:36:46 | INFO     | fedaugment.utils.logger:44 | Epoch 127: train_loss: 2.06460
2025-12-28 19:37:03 | INFO     | fedaugment.utils.logger:44 | Epoch 128: train_loss: 2.06360
2025-12-28 19:37:20 | INFO     | fedaugment.utils.logger:44 | Epoch 129: train_loss: 2.06278
2025-12-28 19:37:38 | INFO     | fedaugment.utils.logger:44 | Epoch 130: train_loss: 2.06167
2025-12-28 19:37:55 | INFO     | fedaugment.utils.logger:44 | Epoch 131: train_loss: 2.06105
2025-12-28 19:38:12 | INFO     | fedaugment.utils.logger:44 | Epoch 132: train_loss: 2.06011
2025-12-28 19:38:29 | INFO     | fedaugment.utils.logger:44 | Epoch 133: train_loss: 2.05919
2025-12-28 19:38:46 | INFO     | fedaugment.utils.logger:44 | Epoch 134: train_loss: 2.05848
2025-12-28 19:39:04 | INFO     | fedaugment.utils.logger:44 | Epoch 135: train_loss: 2.05764
2025-12-28 19:39:20 | INFO     | fedaugment.utils.logger:44 | Epoch 136: train_loss: 2.05678
2025-12-28 19:39:38 | INFO     | fedaugment.utils.logger:44 | Epoch 137: train_loss: 2.05622
2025-12-28 19:39:54 | INFO     | fedaugment.utils.logger:44 | Epoch 138: train_loss: 2.05513
2025-12-28 19:40:12 | INFO     | fedaugment.utils.logger:44 | Epoch 139: train_loss: 2.05442
2025-12-28 19:40:30 | INFO     | fedaugment.utils.logger:44 | Epoch 140: train_loss: 2.05389
2025-12-28 19:40:46 | INFO     | fedaugment.utils.logger:44 | Epoch 141: train_loss: 2.05296
2025-12-28 19:41:04 | INFO     | fedaugment.utils.logger:44 | Epoch 142: train_loss: 2.05228
2025-12-28 19:41:20 | INFO     | fedaugment.utils.logger:44 | Epoch 143: train_loss: 2.05141
2025-12-28 19:41:38 | INFO     | fedaugment.utils.logger:44 | Epoch 144: train_loss: 2.05047
2025-12-28 19:41:55 | INFO     | fedaugment.utils.logger:44 | Epoch 145: train_loss: 2.04966
2025-12-28 19:42:12 | INFO     | fedaugment.utils.logger:44 | Epoch 146: train_loss: 2.04923
2025-12-28 19:42:29 | INFO     | fedaugment.utils.logger:44 | Epoch 147: train_loss: 2.04849
2025-12-28 19:42:45 | INFO     | fedaugment.utils.logger:44 | Epoch 148: train_loss: 2.04797
2025-12-28 19:43:02 | INFO     | fedaugment.utils.logger:44 | Epoch 149: train_loss: 2.04714
2025-12-28 19:43:18 | INFO     | fedaugment.utils.logger:44 | Epoch 150: train_loss: 2.04651
2025-12-28 19:43:36 | INFO     | fedaugment.utils.logger:44 | Epoch 151: train_loss: 2.04560
2025-12-28 19:43:52 | INFO     | fedaugment.utils.logger:44 | Epoch 152: train_loss: 2.04514
2025-12-28 19:44:09 | INFO     | fedaugment.utils.logger:44 | Epoch 153: train_loss: 2.04423
2025-12-28 19:44:25 | INFO     | fedaugment.utils.logger:44 | Epoch 154: train_loss: 2.04387
2025-12-28 19:44:42 | INFO     | fedaugment.utils.logger:44 | Epoch 155: train_loss: 2.04312
2025-12-28 19:44:58 | INFO     | fedaugment.utils.logger:44 | Epoch 156: train_loss: 2.04246
2025-12-28 19:45:15 | INFO     | fedaugment.utils.logger:44 | Epoch 157: train_loss: 2.04153
2025-12-28 19:45:32 | INFO     | fedaugment.utils.logger:44 | Epoch 158: train_loss: 2.04092
2025-12-28 19:45:49 | INFO     | fedaugment.utils.logger:44 | Epoch 159: train_loss: 2.04038
2025-12-28 19:46:07 | INFO     | fedaugment.utils.logger:44 | Epoch 160: train_loss: 2.04012
2025-12-28 19:46:24 | INFO     | fedaugment.utils.logger:44 | Epoch 161: train_loss: 2.03920
2025-12-28 19:46:42 | INFO     | fedaugment.utils.logger:44 | Epoch 162: train_loss: 2.03895
2025-12-28 19:47:00 | INFO     | fedaugment.utils.logger:44 | Epoch 163: train_loss: 2.03804
2025-12-28 19:47:16 | INFO     | fedaugment.utils.logger:44 | Epoch 164: train_loss: 2.03740
2025-12-28 19:47:33 | INFO     | fedaugment.utils.logger:44 | Epoch 165: train_loss: 2.03681
2025-12-28 19:47:49 | INFO     | fedaugment.utils.logger:44 | Epoch 166: train_loss: 2.03624
2025-12-28 19:48:07 | INFO     | fedaugment.utils.logger:44 | Epoch 167: train_loss: 2.03578
2025-12-28 19:48:23 | INFO     | fedaugment.utils.logger:44 | Epoch 168: train_loss: 2.03514
2025-12-28 19:48:40 | INFO     | fedaugment.utils.logger:44 | Epoch 169: train_loss: 2.03483
2025-12-28 19:48:57 | INFO     | fedaugment.utils.logger:44 | Epoch 170: train_loss: 2.03404
2025-12-28 19:49:13 | INFO     | fedaugment.utils.logger:44 | Epoch 171: train_loss: 2.03358
2025-12-28 19:49:31 | INFO     | fedaugment.utils.logger:44 | Epoch 172: train_loss: 2.03295
2025-12-28 19:49:47 | INFO     | fedaugment.utils.logger:44 | Epoch 173: train_loss: 2.03241
2025-12-28 19:50:05 | INFO     | fedaugment.utils.logger:44 | Epoch 174: train_loss: 2.03199
2025-12-28 19:50:22 | INFO     | fedaugment.utils.logger:44 | Epoch 175: train_loss: 2.03130
2025-12-28 19:50:38 | INFO     | fedaugment.utils.logger:44 | Epoch 176: train_loss: 2.03093
2025-12-28 19:50:56 | INFO     | fedaugment.utils.logger:44 | Epoch 177: train_loss: 2.03043
2025-12-28 19:51:12 | INFO     | fedaugment.utils.logger:44 | Epoch 178: train_loss: 2.03005
2025-12-28 19:51:30 | INFO     | fedaugment.utils.logger:44 | Epoch 179: train_loss: 2.02962
2025-12-28 19:51:46 | INFO     | fedaugment.utils.logger:44 | Epoch 180: train_loss: 2.02905
2025-12-28 19:52:03 | INFO     | fedaugment.utils.logger:44 | Epoch 181: train_loss: 2.02861
2025-12-28 19:52:20 | INFO     | fedaugment.utils.logger:44 | Epoch 182: train_loss: 2.02810
2025-12-28 19:52:36 | INFO     | fedaugment.utils.logger:44 | Epoch 183: train_loss: 2.02749
2025-12-28 19:52:54 | INFO     | fedaugment.utils.logger:44 | Epoch 184: train_loss: 2.02723
2025-12-28 19:53:11 | INFO     | fedaugment.utils.logger:44 | Epoch 185: train_loss: 2.02707
2025-12-28 19:53:28 | INFO     | fedaugment.utils.logger:44 | Epoch 186: train_loss: 2.02642
2025-12-28 19:53:45 | INFO     | fedaugment.utils.logger:44 | Epoch 187: train_loss: 2.02594
2025-12-28 19:54:02 | INFO     | fedaugment.utils.logger:44 | Epoch 188: train_loss: 2.02561
2025-12-28 19:54:19 | INFO     | fedaugment.utils.logger:44 | Epoch 189: train_loss: 2.02539
2025-12-28 19:54:36 | INFO     | fedaugment.utils.logger:44 | Epoch 190: train_loss: 2.02483
2025-12-28 19:54:53 | INFO     | fedaugment.utils.logger:44 | Epoch 191: train_loss: 2.02434
2025-12-28 19:55:10 | INFO     | fedaugment.utils.logger:44 | Epoch 192: train_loss: 2.02412
2025-12-28 19:55:28 | INFO     | fedaugment.utils.logger:44 | Epoch 193: train_loss: 2.02379
2025-12-28 19:55:46 | INFO     | fedaugment.utils.logger:44 | Epoch 194: train_loss: 2.02324
2025-12-28 19:56:04 | INFO     | fedaugment.utils.logger:44 | Epoch 195: train_loss: 2.02288
2025-12-28 19:56:21 | INFO     | fedaugment.utils.logger:44 | Epoch 196: train_loss: 2.02252
2025-12-28 19:56:38 | INFO     | fedaugment.utils.logger:44 | Epoch 197: train_loss: 2.02239
2025-12-28 19:56:56 | INFO     | fedaugment.utils.logger:44 | Epoch 198: train_loss: 2.02194
2025-12-28 19:57:12 | INFO     | fedaugment.utils.logger:44 | Epoch 199: train_loss: 2.02179
2025-12-28 19:57:29 | INFO     | fedaugment.utils.logger:44 | Epoch 200: train_loss: 2.02153
2025-12-28 19:57:46 | INFO     | fedaugment.utils.logger:44 | Epoch 201: train_loss: 2.02102
2025-12-28 19:58:04 | INFO     | fedaugment.utils.logger:44 | Epoch 202: train_loss: 2.02063
2025-12-28 19:58:21 | INFO     | fedaugment.utils.logger:44 | Epoch 203: train_loss: 2.02051
2025-12-28 19:58:38 | INFO     | fedaugment.utils.logger:44 | Epoch 204: train_loss: 2.02025
2025-12-28 19:58:56 | INFO     | fedaugment.utils.logger:44 | Epoch 205: train_loss: 2.02000
2025-12-28 19:59:13 | INFO     | fedaugment.utils.logger:44 | Epoch 206: train_loss: 2.01964
2025-12-28 19:59:30 | INFO     | fedaugment.utils.logger:44 | Epoch 207: train_loss: 2.01924
2025-12-28 19:59:47 | INFO     | fedaugment.utils.logger:44 | Epoch 208: train_loss: 2.01921
2025-12-28 20:00:05 | INFO     | fedaugment.utils.logger:44 | Epoch 209: train_loss: 2.01890
2025-12-28 20:00:22 | INFO     | fedaugment.utils.logger:44 | Epoch 210: train_loss: 2.01864
2025-12-28 20:00:39 | INFO     | fedaugment.utils.logger:44 | Epoch 211: train_loss: 2.01845
2025-12-28 20:00:57 | INFO     | fedaugment.utils.logger:44 | Epoch 212: train_loss: 2.01827
2025-12-28 20:01:14 | INFO     | fedaugment.utils.logger:44 | Epoch 213: train_loss: 2.01816
2025-12-28 20:01:32 | INFO     | fedaugment.utils.logger:44 | Epoch 214: train_loss: 2.01780
2025-12-28 20:01:49 | INFO     | fedaugment.utils.logger:44 | Epoch 215: train_loss: 2.01738
2025-12-28 20:02:06 | INFO     | fedaugment.utils.logger:44 | Epoch 216: train_loss: 2.01738
2025-12-28 20:02:24 | INFO     | fedaugment.utils.logger:44 | Epoch 217: train_loss: 2.01707
2025-12-28 20:02:41 | INFO     | fedaugment.utils.logger:44 | Epoch 218: train_loss: 2.01689
2025-12-28 20:02:59 | INFO     | fedaugment.utils.logger:44 | Epoch 219: train_loss: 2.01686
2025-12-28 20:03:16 | INFO     | fedaugment.utils.logger:44 | Epoch 220: train_loss: 2.01660
2025-12-28 20:03:35 | INFO     | fedaugment.utils.logger:44 | Epoch 221: train_loss: 2.01648
2025-12-28 20:03:51 | INFO     | fedaugment.utils.logger:44 | Epoch 222: train_loss: 2.01637
2025-12-28 20:04:08 | INFO     | fedaugment.utils.logger:44 | Epoch 223: train_loss: 2.01611
2025-12-28 20:04:26 | INFO     | fedaugment.utils.logger:44 | Epoch 224: train_loss: 2.01594
2025-12-28 20:04:43 | INFO     | fedaugment.utils.logger:44 | Epoch 225: train_loss: 2.01604
2025-12-28 20:05:02 | INFO     | fedaugment.utils.logger:44 | Epoch 226: train_loss: 2.01571
2025-12-28 20:05:19 | INFO     | fedaugment.utils.logger:44 | Epoch 227: train_loss: 2.01555
2025-12-28 20:05:37 | INFO     | fedaugment.utils.logger:44 | Epoch 228: train_loss: 2.01554
2025-12-28 20:05:54 | INFO     | fedaugment.utils.logger:44 | Epoch 229: train_loss: 2.01511
2025-12-28 20:06:12 | INFO     | fedaugment.utils.logger:44 | Epoch 230: train_loss: 2.01534
2025-12-28 20:06:29 | INFO     | fedaugment.utils.logger:44 | Epoch 231: train_loss: 2.01502
2025-12-28 20:06:47 | INFO     | fedaugment.utils.logger:44 | Epoch 232: train_loss: 2.01514
2025-12-28 20:07:04 | INFO     | fedaugment.utils.logger:44 | Epoch 233: train_loss: 2.01510
2025-12-28 20:07:21 | INFO     | fedaugment.utils.logger:44 | Epoch 234: train_loss: 2.01490
2025-12-28 20:07:39 | INFO     | fedaugment.utils.logger:44 | Epoch 235: train_loss: 2.01483
2025-12-28 20:07:56 | INFO     | fedaugment.utils.logger:44 | Epoch 236: train_loss: 2.01463
2025-12-28 20:08:14 | INFO     | fedaugment.utils.logger:44 | Epoch 237: train_loss: 2.01447
2025-12-28 20:08:32 | INFO     | fedaugment.utils.logger:44 | Epoch 238: train_loss: 2.01462
2025-12-28 20:08:49 | INFO     | fedaugment.utils.logger:44 | Epoch 239: train_loss: 2.01437
2025-12-28 20:09:07 | INFO     | fedaugment.utils.logger:44 | Epoch 240: train_loss: 2.01454
2025-12-28 20:09:24 | INFO     | fedaugment.utils.logger:44 | Epoch 241: train_loss: 2.01433
2025-12-28 20:09:42 | INFO     | fedaugment.utils.logger:44 | Epoch 242: train_loss: 2.01432
2025-12-28 20:09:59 | INFO     | fedaugment.utils.logger:44 | Epoch 243: train_loss: 2.01424
2025-12-28 20:10:17 | INFO     | fedaugment.utils.logger:44 | Epoch 244: train_loss: 2.01428
2025-12-28 20:10:35 | INFO     | fedaugment.utils.logger:44 | Epoch 245: train_loss: 2.01399
2025-12-28 20:10:51 | INFO     | fedaugment.utils.logger:44 | Epoch 246: train_loss: 2.01435
2025-12-28 20:11:09 | INFO     | fedaugment.utils.logger:44 | Epoch 247: train_loss: 2.01413
2025-12-28 20:11:25 | INFO     | fedaugment.utils.logger:44 | Epoch 248: train_loss: 2.01432
2025-12-28 20:11:44 | INFO     | fedaugment.utils.logger:44 | Epoch 249: train_loss: 2.01415
2025-12-28 20:11:44 | INFO     | lightning_utilities.core.rank_zero:60 | `Trainer.fit` stopped: `max_epochs=250` reached.
2025-12-28 20:11:54 | INFO     | fedaugment.projections.main:87 | Starting testing phase...
2025-12-28 20:11:54 | INFO     | lightning.pytorch.accelerators.cuda:61 | LOCAL_RANK: 0 - CUDA_VISIBLE_DEVICES: [0]
2025-12-28 20:11:54 | INFO     | fedaugment.utils.logger:38 | {'module_kwargs': CLModuleConfig(model_type='projection_head', out_dim=1024, hidden_dims=[1024, 1536, 1536], activation='silu', normalization='batch', dropout=0.0), 'criterion': CriterionConfig(class_='MultiViewNTXentLoss', kwargs={'temperature': 0.1}), 'optim_configs': [OptimizerConfig(class_='AdamW', kwargs={'lr': 0.001, 'betas': (0.9, 0.999), 'eps': 1e-08, 'weight_decay': 0.01})], 'sched_configs': [LRSchedulerConfig(class_='LambdaLR', interval='epoch', frequency=1, monitor=None, kwargs={'lr_lambda': <function cos_annealing_with_warmup at 0x7f894be1d440>})], 'pipeline_names': ['distilroberta-dj_adpt', 'gte_base-dj_adpt', 'gtr_t5-dj_adpt', 'mini_l12-dj_adpt', 'mini_l6-dj_adpt', 'mpnet-dj_adpt'], 'embedding_dims': [768, 768, 768, 384, 384, 768], 'data_batch_size': 4096, 'metric_batch_size': 65536}
2025-12-28 20:12:14 | DEBUG    | fedaugment.projections.metrics.base:115 | Computing CosineSimilarityOrchestrator metrics.
2025-12-28 20:12:14 | WARNING  | fedaugment.projections.metrics.base:117 | Number of projections (8891658) is not divisible by chunk size (65536). This may lead to suboptimal performance.
2025-12-28 22:21:24 | DEBUG    | fedaugment.projections.metrics.base:198 | Finalized CosineSimilarityOrchestrator metrics
2025-12-28 22:21:24 | INFO     | fedaugment.utils.logger:44 | Epoch 250: test_loss: 2.99648, test_cossim_mean: 0.01543, test_entity_stability_15: 0.21339, test_entity_stability_5: 0.17068, test_entity_stability_50: 0.30439, test_same_lbl_cossim_mean: 0.96074
2025-12-28 22:21:24 | INFO     | fedaugment.projections.main:92 | Best model checkpoint saved at /home/lennart-ldap/projects/fedaugment/logs/curation_train_webtable_fft_euc-mpnet-dj_adpt-k=630493-pca=0.9/version_1/last.ckpt
2025-12-28 22:21:24 | INFO     | __main__:50 | Evaluating grid-mpnet-dj_adpt-k=630493-pca=0.9 on webtable 050
2025-12-28 22:21:24 | DEBUG    | fedaugment.projections.main:31 | Experiment configuration: {"experiment_name":"curation_train_webtable_grid-mpnet-dj_adpt-k=630493-pca=0.9","experiment_version":1,"seed":42,"data_module":{"class_":"DefaultDataModule","data":{"train":"data/embeddings/webtable-050/grid-mpnet-dj_adpt-k=630493-pca=0.9","val":null,"test":"data/embeddings/webtable-split/test"},"batch_size":4096,"num_workers":32,"pin_memory":true,"persistent_workers":true,"prefetch_factor":5,"verify_column_ids":true},"projection_model":{"class_":"ContrastiveLearningModel","module_kwargs":{"model_type":"projection_head","out_dim":1024,"hidden_dims":[1024,1536,1536],"activation":"silu","normalization":"batch","dropout":0.0},"criterion":{"class_":"MultiViewNTXentLoss","kwargs":{"temperature":0.1}},"optimizers":[{"class_":"AdamW","kwargs":{"lr":0.001,"betas":[0.9,0.999],"eps":1e-8,"weight_decay":0.01}}],"schedulers":[{"class_":"LambdaLR","interval":"epoch","frequency":1,"monitor":null,"kwargs":{"lr_lambda":"cos_annealing_with_warmup"}}],"metric_batch_size":65536},"trainer":{"max_epochs":250,"accelerator":"gpu","check_val_every_n_epoch":10,"devices":"auto","deterministic":false,"enable_checkpointing":true,"enable_model_summary":true,"enable_progress_bar":true,"log_every_n_steps":50,"max_time":null,"num_sanity_val_steps":2,"precision":"bf16-mixed","profiler":null},"compile_model":true}
2025-12-28 22:21:24 | INFO     | lightning.fabric.utilities.seed:57 | Seed set to 42
2025-12-28 22:21:27 | INFO     | fedaugment.projections.main:42 | Compiling projection model...
2025-12-28 22:21:27 | INFO     | fedaugment.projections.main:44 | Projection model compiled
2025-12-28 22:21:27 | INFO     | fedaugment.projections.main:46 | Initializing trainer...
2025-12-28 22:21:27 | INFO     | lightning_utilities.core.rank_zero:60 | Using bfloat16 Automatic Mixed Precision (AMP)
2025-12-28 22:21:27 | INFO     | lightning_utilities.core.rank_zero:60 | GPU available: True (cuda), used: True
2025-12-28 22:21:27 | INFO     | lightning_utilities.core.rank_zero:60 | TPU available: False, using: 0 TPU cores
2025-12-28 22:21:27 | INFO     | fedaugment.projections.main:76 | Trainer initialized
2025-12-28 22:21:27 | INFO     | fedaugment.projections.main:83 | Starting training phase...
2025-12-28 22:21:27 | INFO     | lightning.pytorch.accelerators.cuda:61 | LOCAL_RANK: 0 - CUDA_VISIBLE_DEVICES: [0]
2025-12-28 22:21:27 | INFO     | lightning.pytorch.callbacks.model_summary:110 |
  | Name              | Type                         | Params | Mode  | FLOPs
-----------------------------------------------------------------------------------
0 | criterion         | MultiViewNTXentLoss          | 0      | train | 0
1 | val_metrics       | MetricCollection             | 0      | train | 0
2 | test_metrics      | MetricCollection             | 0      | train | 0
3 | val_orchestrator  | CosineSimilarityOrchestrator | 0      | train | 0
4 | test_orchestrator | CosineSimilarityOrchestrator | 0      | train | 0
5 | projection_heads  | ModuleList                   | 37.0 M | train | 0
-----------------------------------------------------------------------------------
37.0 M    Trainable params
0         Non-trainable params
37.0 M    Total params
148.120   Total estimated model params size (MB)
94        Modules in train mode
0         Modules in eval mode
0         Total Flops
2025-12-28 22:21:27 | INFO     | fedaugment.utils.logger:38 | {'module_kwargs': CLModuleConfig(model_type='projection_head', out_dim=1024, hidden_dims=[1024, 1536, 1536], activation='silu', normalization='batch', dropout=0.0), 'criterion': CriterionConfig(class_='MultiViewNTXentLoss', kwargs={'temperature': 0.1}), 'optim_configs': [OptimizerConfig(class_='AdamW', kwargs={'lr': 0.001, 'betas': (0.9, 0.999), 'eps': 1e-08, 'weight_decay': 0.01})], 'sched_configs': [LRSchedulerConfig(class_='LambdaLR', interval='epoch', frequency=1, monitor=None, kwargs={'lr_lambda': <function cos_annealing_with_warmup at 0x7f894be1d440>})], 'pipeline_names': ['distilroberta-dj_adpt', 'gte_base-dj_adpt', 'gtr_t5-dj_adpt', 'mini_l12-dj_adpt', 'mini_l6-dj_adpt', 'mpnet-dj_adpt'], 'embedding_dims': [768, 768, 768, 384, 384, 768], 'data_batch_size': 4096, 'metric_batch_size': 65536}
2025-12-28 22:21:44 | INFO     | fedaugment.utils.logger:44 | Epoch 0: train_loss: 10.56448
2025-12-28 22:22:01 | INFO     | fedaugment.utils.logger:44 | Epoch 1: train_loss: 4.90781
2025-12-28 22:22:17 | INFO     | fedaugment.utils.logger:44 | Epoch 2: train_loss: 3.37328
2025-12-28 22:22:34 | INFO     | fedaugment.utils.logger:44 | Epoch 3: train_loss: 2.97036
2025-12-28 22:22:51 | INFO     | fedaugment.utils.logger:44 | Epoch 4: train_loss: 2.77836
2025-12-28 22:23:07 | INFO     | fedaugment.utils.logger:44 | Epoch 5: train_loss: 2.66061
2025-12-28 22:23:24 | INFO     | fedaugment.utils.logger:44 | Epoch 6: train_loss: 2.58206
2025-12-28 22:23:40 | INFO     | fedaugment.utils.logger:44 | Epoch 7: train_loss: 2.52001
2025-12-28 22:23:56 | INFO     | fedaugment.utils.logger:44 | Epoch 8: train_loss: 2.47293
2025-12-28 22:24:16 | INFO     | fedaugment.utils.logger:44 | Epoch 9: train_loss: 2.43494
2025-12-28 22:24:35 | INFO     | fedaugment.utils.logger:44 | Epoch 10: train_loss: 2.40280
2025-12-28 22:24:54 | INFO     | fedaugment.utils.logger:44 | Epoch 11: train_loss: 2.36927
2025-12-28 22:25:12 | INFO     | fedaugment.utils.logger:44 | Epoch 12: train_loss: 2.34394
2025-12-28 22:25:31 | INFO     | fedaugment.utils.logger:44 | Epoch 13: train_loss: 2.32137
2025-12-28 22:25:47 | INFO     | fedaugment.utils.logger:44 | Epoch 14: train_loss: 2.30356
2025-12-28 22:26:05 | INFO     | fedaugment.utils.logger:44 | Epoch 15: train_loss: 2.28711
2025-12-28 22:26:22 | INFO     | fedaugment.utils.logger:44 | Epoch 16: train_loss: 2.27313
2025-12-28 22:26:39 | INFO     | fedaugment.utils.logger:44 | Epoch 17: train_loss: 2.26010
2025-12-28 22:26:57 | INFO     | fedaugment.utils.logger:44 | Epoch 18: train_loss: 2.24772
2025-12-28 22:27:14 | INFO     | fedaugment.utils.logger:44 | Epoch 19: train_loss: 2.23712
2025-12-28 22:27:33 | INFO     | fedaugment.utils.logger:44 | Epoch 20: train_loss: 2.22788
2025-12-28 22:27:50 | INFO     | fedaugment.utils.logger:44 | Epoch 21: train_loss: 2.21902
2025-12-28 22:28:08 | INFO     | fedaugment.utils.logger:44 | Epoch 22: train_loss: 2.21082
2025-12-28 22:28:25 | INFO     | fedaugment.utils.logger:44 | Epoch 23: train_loss: 2.20253
2025-12-28 22:28:42 | INFO     | fedaugment.utils.logger:44 | Epoch 24: train_loss: 2.19464
2025-12-28 22:29:00 | INFO     | fedaugment.utils.logger:44 | Epoch 25: train_loss: 2.18803
2025-12-28 22:29:17 | INFO     | fedaugment.utils.logger:44 | Epoch 26: train_loss: 2.18130
2025-12-28 22:29:35 | INFO     | fedaugment.utils.logger:44 | Epoch 27: train_loss: 2.17519
2025-12-28 22:29:53 | INFO     | fedaugment.utils.logger:44 | Epoch 28: train_loss: 2.17001
2025-12-28 22:30:10 | INFO     | fedaugment.utils.logger:44 | Epoch 29: train_loss: 2.16430
2025-12-28 22:30:28 | INFO     | fedaugment.utils.logger:44 | Epoch 30: train_loss: 2.15881
2025-12-28 22:30:44 | INFO     | fedaugment.utils.logger:44 | Epoch 31: train_loss: 2.15402
2025-12-28 22:31:02 | INFO     | fedaugment.utils.logger:44 | Epoch 32: train_loss: 2.14920
2025-12-28 22:31:19 | INFO     | fedaugment.utils.logger:44 | Epoch 33: train_loss: 2.14430
2025-12-28 22:31:36 | INFO     | fedaugment.utils.logger:44 | Epoch 34: train_loss: 2.13933
2025-12-28 22:31:54 | INFO     | fedaugment.utils.logger:44 | Epoch 35: train_loss: 2.13624
2025-12-28 22:32:10 | INFO     | fedaugment.utils.logger:44 | Epoch 36: train_loss: 2.13144
2025-12-28 22:32:28 | INFO     | fedaugment.utils.logger:44 | Epoch 37: train_loss: 2.12791
2025-12-28 22:32:45 | INFO     | fedaugment.utils.logger:44 | Epoch 38: train_loss: 2.12331
2025-12-28 22:33:02 | INFO     | fedaugment.utils.logger:44 | Epoch 39: train_loss: 2.12049
2025-12-28 22:33:18 | INFO     | fedaugment.utils.logger:44 | Epoch 40: train_loss: 2.11635
2025-12-28 22:33:36 | INFO     | fedaugment.utils.logger:44 | Epoch 41: train_loss: 2.11355
2025-12-28 22:33:54 | INFO     | fedaugment.utils.logger:44 | Epoch 42: train_loss: 2.11012
2025-12-28 22:34:11 | INFO     | fedaugment.utils.logger:44 | Epoch 43: train_loss: 2.10706
2025-12-28 22:34:29 | INFO     | fedaugment.utils.logger:44 | Epoch 44: train_loss: 2.10441
2025-12-28 22:34:46 | INFO     | fedaugment.utils.logger:44 | Epoch 45: train_loss: 2.10109
2025-12-28 22:35:04 | INFO     | fedaugment.utils.logger:44 | Epoch 46: train_loss: 2.09811
2025-12-28 22:35:20 | INFO     | fedaugment.utils.logger:44 | Epoch 47: train_loss: 2.09594
2025-12-28 22:35:38 | INFO     | fedaugment.utils.logger:44 | Epoch 48: train_loss: 2.09244
2025-12-28 22:35:56 | INFO     | fedaugment.utils.logger:44 | Epoch 49: train_loss: 2.09016
2025-12-28 22:36:13 | INFO     | fedaugment.utils.logger:44 | Epoch 50: train_loss: 2.08796
2025-12-28 22:36:31 | INFO     | fedaugment.utils.logger:44 | Epoch 51: train_loss: 2.08566
2025-12-28 22:36:48 | INFO     | fedaugment.utils.logger:44 | Epoch 52: train_loss: 2.08300
2025-12-28 22:37:05 | INFO     | fedaugment.utils.logger:44 | Epoch 53: train_loss: 2.08019
2025-12-28 22:37:22 | INFO     | fedaugment.utils.logger:44 | Epoch 54: train_loss: 2.07817
2025-12-28 22:37:39 | INFO     | fedaugment.utils.logger:44 | Epoch 55: train_loss: 2.07596
2025-12-28 22:37:56 | INFO     | fedaugment.utils.logger:44 | Epoch 56: train_loss: 2.07417
2025-12-28 22:38:13 | INFO     | fedaugment.utils.logger:44 | Epoch 57: train_loss: 2.07108
2025-12-28 22:38:31 | INFO     | fedaugment.utils.logger:44 | Epoch 58: train_loss: 2.07055
2025-12-28 22:38:48 | INFO     | fedaugment.utils.logger:44 | Epoch 59: train_loss: 2.06735
2025-12-28 22:39:06 | INFO     | fedaugment.utils.logger:44 | Epoch 60: train_loss: 2.06534
2025-12-28 22:39:23 | INFO     | fedaugment.utils.logger:44 | Epoch 61: train_loss: 2.06289
2025-12-28 22:39:40 | INFO     | fedaugment.utils.logger:44 | Epoch 62: train_loss: 2.06121
2025-12-28 22:39:58 | INFO     | fedaugment.utils.logger:44 | Epoch 63: train_loss: 2.05980
2025-12-28 22:40:14 | INFO     | fedaugment.utils.logger:44 | Epoch 64: train_loss: 2.05812
2025-12-28 22:40:32 | INFO     | fedaugment.utils.logger:44 | Epoch 65: train_loss: 2.05537
2025-12-28 22:40:49 | INFO     | fedaugment.utils.logger:44 | Epoch 66: train_loss: 2.05414
2025-12-28 22:41:06 | INFO     | fedaugment.utils.logger:44 | Epoch 67: train_loss: 2.05267
2025-12-28 22:41:23 | INFO     | fedaugment.utils.logger:44 | Epoch 68: train_loss: 2.05061
2025-12-28 22:41:41 | INFO     | fedaugment.utils.logger:44 | Epoch 69: train_loss: 2.04899
2025-12-28 22:41:58 | INFO     | fedaugment.utils.logger:44 | Epoch 70: train_loss: 2.04717
2025-12-28 22:42:15 | INFO     | fedaugment.utils.logger:44 | Epoch 71: train_loss: 2.04571
2025-12-28 22:42:33 | INFO     | fedaugment.utils.logger:44 | Epoch 72: train_loss: 2.04382
2025-12-28 22:42:49 | INFO     | fedaugment.utils.logger:44 | Epoch 73: train_loss: 2.04278
2025-12-28 22:43:07 | INFO     | fedaugment.utils.logger:44 | Epoch 74: train_loss: 2.04070
2025-12-28 22:43:24 | INFO     | fedaugment.utils.logger:44 | Epoch 75: train_loss: 2.03985
2025-12-28 22:43:42 | INFO     | fedaugment.utils.logger:44 | Epoch 76: train_loss: 2.03768
2025-12-28 22:43:59 | INFO     | fedaugment.utils.logger:44 | Epoch 77: train_loss: 2.03647
2025-12-28 22:44:16 | INFO     | fedaugment.utils.logger:44 | Epoch 78: train_loss: 2.03441
2025-12-28 22:44:34 | INFO     | fedaugment.utils.logger:44 | Epoch 79: train_loss: 2.03349
2025-12-28 22:44:50 | INFO     | fedaugment.utils.logger:44 | Epoch 80: train_loss: 2.03215
2025-12-28 22:45:09 | INFO     | fedaugment.utils.logger:44 | Epoch 81: train_loss: 2.03087
2025-12-28 22:45:26 | INFO     | fedaugment.utils.logger:44 | Epoch 82: train_loss: 2.02880
2025-12-28 22:45:44 | INFO     | fedaugment.utils.logger:44 | Epoch 83: train_loss: 2.02809
2025-12-28 22:46:01 | INFO     | fedaugment.utils.logger:44 | Epoch 84: train_loss: 2.02727
2025-12-28 22:46:18 | INFO     | fedaugment.utils.logger:44 | Epoch 85: train_loss: 2.02525
2025-12-28 22:46:35 | INFO     | fedaugment.utils.logger:44 | Epoch 86: train_loss: 2.02398
2025-12-28 22:46:52 | INFO     | fedaugment.utils.logger:44 | Epoch 87: train_loss: 2.02330
2025-12-28 22:47:10 | INFO     | fedaugment.utils.logger:44 | Epoch 88: train_loss: 2.02184
2025-12-28 22:47:27 | INFO     | fedaugment.utils.logger:44 | Epoch 89: train_loss: 2.02018
2025-12-28 22:47:45 | INFO     | fedaugment.utils.logger:44 | Epoch 90: train_loss: 2.01985
2025-12-28 22:48:02 | INFO     | fedaugment.utils.logger:44 | Epoch 91: train_loss: 2.01859
2025-12-28 22:48:19 | INFO     | fedaugment.utils.logger:44 | Epoch 92: train_loss: 2.01652
2025-12-28 22:48:37 | INFO     | fedaugment.utils.logger:44 | Epoch 93: train_loss: 2.01576
2025-12-28 22:48:54 | INFO     | fedaugment.utils.logger:44 | Epoch 94: train_loss: 2.01473
2025-12-28 22:49:12 | INFO     | fedaugment.utils.logger:44 | Epoch 95: train_loss: 2.01368
2025-12-28 22:49:29 | INFO     | fedaugment.utils.logger:44 | Epoch 96: train_loss: 2.01267
2025-12-28 22:49:46 | INFO     | fedaugment.utils.logger:44 | Epoch 97: train_loss: 2.01114
2025-12-28 22:50:03 | INFO     | fedaugment.utils.logger:44 | Epoch 98: train_loss: 2.01021
2025-12-28 22:50:20 | INFO     | fedaugment.utils.logger:44 | Epoch 99: train_loss: 2.00942
2025-12-28 22:50:37 | INFO     | fedaugment.utils.logger:44 | Epoch 100: train_loss: 2.00839
2025-12-28 22:50:54 | INFO     | fedaugment.utils.logger:44 | Epoch 101: train_loss: 2.00698
2025-12-28 22:51:10 | INFO     | fedaugment.utils.logger:44 | Epoch 102: train_loss: 2.00677
2025-12-28 22:51:27 | INFO     | fedaugment.utils.logger:44 | Epoch 103: train_loss: 2.00567
2025-12-28 22:51:44 | INFO     | fedaugment.utils.logger:44 | Epoch 104: train_loss: 2.00422
2025-12-28 22:52:01 | INFO     | fedaugment.utils.logger:44 | Epoch 105: train_loss: 2.00337
2025-12-28 22:52:18 | INFO     | fedaugment.utils.logger:44 | Epoch 106: train_loss: 2.00250
2025-12-28 22:52:35 | INFO     | fedaugment.utils.logger:44 | Epoch 107: train_loss: 2.00142
2025-12-28 22:52:52 | INFO     | fedaugment.utils.logger:44 | Epoch 108: train_loss: 2.00066
2025-12-28 22:53:09 | INFO     | fedaugment.utils.logger:44 | Epoch 109: train_loss: 1.99991
2025-12-28 22:53:26 | INFO     | fedaugment.utils.logger:44 | Epoch 110: train_loss: 1.99870
2025-12-28 22:53:43 | INFO     | fedaugment.utils.logger:44 | Epoch 111: train_loss: 1.99783
2025-12-28 22:54:00 | INFO     | fedaugment.utils.logger:44 | Epoch 112: train_loss: 1.99661
2025-12-28 22:54:17 | INFO     | fedaugment.utils.logger:44 | Epoch 113: train_loss: 1.99593
2025-12-28 22:54:35 | INFO     | fedaugment.utils.logger:44 | Epoch 114: train_loss: 1.99550
2025-12-28 22:54:52 | INFO     | fedaugment.utils.logger:44 | Epoch 115: train_loss: 1.99378
2025-12-28 22:55:10 | INFO     | fedaugment.utils.logger:44 | Epoch 116: train_loss: 1.99370
2025-12-28 22:55:27 | INFO     | fedaugment.utils.logger:44 | Epoch 117: train_loss: 1.99293
2025-12-28 22:55:44 | INFO     | fedaugment.utils.logger:44 | Epoch 118: train_loss: 1.99205
2025-12-28 22:56:01 | INFO     | fedaugment.utils.logger:44 | Epoch 119: train_loss: 1.99187
2025-12-28 22:56:19 | INFO     | fedaugment.utils.logger:44 | Epoch 120: train_loss: 1.99018
2025-12-28 22:56:37 | INFO     | fedaugment.utils.logger:44 | Epoch 121: train_loss: 1.98952
2025-12-28 22:56:53 | INFO     | fedaugment.utils.logger:44 | Epoch 122: train_loss: 1.98898
2025-12-28 22:57:11 | INFO     | fedaugment.utils.logger:44 | Epoch 123: train_loss: 1.98766
2025-12-28 22:57:28 | INFO     | fedaugment.utils.logger:44 | Epoch 124: train_loss: 1.98748
2025-12-28 22:57:45 | INFO     | fedaugment.utils.logger:44 | Epoch 125: train_loss: 1.98665
2025-12-28 22:58:02 | INFO     | fedaugment.utils.logger:44 | Epoch 126: train_loss: 1.98555
2025-12-28 22:58:19 | INFO     | fedaugment.utils.logger:44 | Epoch 127: train_loss: 1.98510
2025-12-28 22:58:35 | INFO     | fedaugment.utils.logger:44 | Epoch 128: train_loss: 1.98422
2025-12-28 22:58:52 | INFO     | fedaugment.utils.logger:44 | Epoch 129: train_loss: 1.98353
2025-12-28 22:59:10 | INFO     | fedaugment.utils.logger:44 | Epoch 130: train_loss: 1.98334
2025-12-28 22:59:27 | INFO     | fedaugment.utils.logger:44 | Epoch 131: train_loss: 1.98205
2025-12-28 22:59:45 | INFO     | fedaugment.utils.logger:44 | Epoch 132: train_loss: 1.98150
2025-12-28 23:00:03 | INFO     | fedaugment.utils.logger:44 | Epoch 133: train_loss: 1.98095
2025-12-28 23:00:21 | INFO     | fedaugment.utils.logger:44 | Epoch 134: train_loss: 1.98030
2025-12-28 23:00:38 | INFO     | fedaugment.utils.logger:44 | Epoch 135: train_loss: 1.97972
2025-12-28 23:00:55 | INFO     | fedaugment.utils.logger:44 | Epoch 136: train_loss: 1.97901
2025-12-28 23:01:13 | INFO     | fedaugment.utils.logger:44 | Epoch 137: train_loss: 1.97810
2025-12-28 23:01:30 | INFO     | fedaugment.utils.logger:44 | Epoch 138: train_loss: 1.97764
2025-12-28 23:01:48 | INFO     | fedaugment.utils.logger:44 | Epoch 139: train_loss: 1.97722
2025-12-28 23:02:05 | INFO     | fedaugment.utils.logger:44 | Epoch 140: train_loss: 1.97636
2025-12-28 23:02:22 | INFO     | fedaugment.utils.logger:44 | Epoch 141: train_loss: 1.97641
2025-12-28 23:02:41 | INFO     | fedaugment.utils.logger:44 | Epoch 142: train_loss: 1.97505
2025-12-28 23:02:58 | INFO     | fedaugment.utils.logger:44 | Epoch 143: train_loss: 1.97431
2025-12-28 23:03:17 | INFO     | fedaugment.utils.logger:44 | Epoch 144: train_loss: 1.97413
2025-12-28 23:03:35 | INFO     | fedaugment.utils.logger:44 | Epoch 145: train_loss: 1.97330
2025-12-28 23:03:53 | INFO     | fedaugment.utils.logger:44 | Epoch 146: train_loss: 1.97304
2025-12-28 23:04:11 | INFO     | fedaugment.utils.logger:44 | Epoch 147: train_loss: 1.97226
2025-12-28 23:04:28 | INFO     | fedaugment.utils.logger:44 | Epoch 148: train_loss: 1.97190
2025-12-28 23:04:45 | INFO     | fedaugment.utils.logger:44 | Epoch 149: train_loss: 1.97133
2025-12-28 23:05:02 | INFO     | fedaugment.utils.logger:44 | Epoch 150: train_loss: 1.97089
2025-12-28 23:05:20 | INFO     | fedaugment.utils.logger:44 | Epoch 151: train_loss: 1.97038
2025-12-28 23:05:37 | INFO     | fedaugment.utils.logger:44 | Epoch 152: train_loss: 1.96969
2025-12-28 23:05:55 | INFO     | fedaugment.utils.logger:44 | Epoch 153: train_loss: 1.96912
2025-12-28 23:06:13 | INFO     | fedaugment.utils.logger:44 | Epoch 154: train_loss: 1.96851
2025-12-28 23:06:30 | INFO     | fedaugment.utils.logger:44 | Epoch 155: train_loss: 1.96806
2025-12-28 23:06:48 | INFO     | fedaugment.utils.logger:44 | Epoch 156: train_loss: 1.96762
2025-12-28 23:07:06 | INFO     | fedaugment.utils.logger:44 | Epoch 157: train_loss: 1.96711
2025-12-28 23:07:24 | INFO     | fedaugment.utils.logger:44 | Epoch 158: train_loss: 1.96662
2025-12-28 23:07:41 | INFO     | fedaugment.utils.logger:44 | Epoch 159: train_loss: 1.96626
2025-12-28 23:07:59 | INFO     | fedaugment.utils.logger:44 | Epoch 160: train_loss: 1.96580
2025-12-28 23:08:17 | INFO     | fedaugment.utils.logger:44 | Epoch 161: train_loss: 1.96530
2025-12-28 23:08:34 | INFO     | fedaugment.utils.logger:44 | Epoch 162: train_loss: 1.96507
2025-12-28 23:08:52 | INFO     | fedaugment.utils.logger:44 | Epoch 163: train_loss: 1.96430
2025-12-28 23:09:10 | INFO     | fedaugment.utils.logger:44 | Epoch 164: train_loss: 1.96400
2025-12-28 23:09:28 | INFO     | fedaugment.utils.logger:44 | Epoch 165: train_loss: 1.96325
2025-12-28 23:09:45 | INFO     | fedaugment.utils.logger:44 | Epoch 166: train_loss: 1.96297
2025-12-28 23:10:03 | INFO     | fedaugment.utils.logger:44 | Epoch 167: train_loss: 1.96292
2025-12-28 23:10:21 | INFO     | fedaugment.utils.logger:44 | Epoch 168: train_loss: 1.96213
2025-12-28 23:10:38 | INFO     | fedaugment.utils.logger:44 | Epoch 169: train_loss: 1.96180
2025-12-28 23:10:56 | INFO     | fedaugment.utils.logger:44 | Epoch 170: train_loss: 1.96112
2025-12-28 23:11:13 | INFO     | fedaugment.utils.logger:44 | Epoch 171: train_loss: 1.96095
2025-12-28 23:11:31 | INFO     | fedaugment.utils.logger:44 | Epoch 172: train_loss: 1.96057
2025-12-28 23:11:48 | INFO     | fedaugment.utils.logger:44 | Epoch 173: train_loss: 1.96016
2025-12-28 23:12:06 | INFO     | fedaugment.utils.logger:44 | Epoch 174: train_loss: 1.95965
2025-12-28 23:12:23 | INFO     | fedaugment.utils.logger:44 | Epoch 175: train_loss: 1.95898
2025-12-28 23:12:40 | INFO     | fedaugment.utils.logger:44 | Epoch 176: train_loss: 1.95899
2025-12-28 23:12:57 | INFO     | fedaugment.utils.logger:44 | Epoch 177: train_loss: 1.95850
2025-12-28 23:13:13 | INFO     | fedaugment.utils.logger:44 | Epoch 178: train_loss: 1.95797
2025-12-28 23:13:31 | INFO     | fedaugment.utils.logger:44 | Epoch 179: train_loss: 1.95784
2025-12-28 23:13:48 | INFO     | fedaugment.utils.logger:44 | Epoch 180: train_loss: 1.95752
2025-12-28 23:14:06 | INFO     | fedaugment.utils.logger:44 | Epoch 181: train_loss: 1.95702
2025-12-28 23:14:23 | INFO     | fedaugment.utils.logger:44 | Epoch 182: train_loss: 1.95710
2025-12-28 23:14:41 | INFO     | fedaugment.utils.logger:44 | Epoch 183: train_loss: 1.95670
2025-12-28 23:14:59 | INFO     | fedaugment.utils.logger:44 | Epoch 184: train_loss: 1.95623
2025-12-28 23:15:15 | INFO     | fedaugment.utils.logger:44 | Epoch 185: train_loss: 1.95573
2025-12-28 23:15:34 | INFO     | fedaugment.utils.logger:44 | Epoch 186: train_loss: 1.95547
2025-12-28 23:15:51 | INFO     | fedaugment.utils.logger:44 | Epoch 187: train_loss: 1.95532
2025-12-28 23:16:08 | INFO     | fedaugment.utils.logger:44 | Epoch 188: train_loss: 1.95465
2025-12-28 23:16:26 | INFO     | fedaugment.utils.logger:44 | Epoch 189: train_loss: 1.95470
2025-12-28 23:16:43 | INFO     | fedaugment.utils.logger:44 | Epoch 190: train_loss: 1.95407
2025-12-28 23:17:01 | INFO     | fedaugment.utils.logger:44 | Epoch 191: train_loss: 1.95402
2025-12-28 23:17:18 | INFO     | fedaugment.utils.logger:44 | Epoch 192: train_loss: 1.95376
2025-12-28 23:17:35 | INFO     | fedaugment.utils.logger:44 | Epoch 193: train_loss: 1.95349
2025-12-28 23:17:52 | INFO     | fedaugment.utils.logger:44 | Epoch 194: train_loss: 1.95313
2025-12-28 23:18:09 | INFO     | fedaugment.utils.logger:44 | Epoch 195: train_loss: 1.95273
2025-12-28 23:18:26 | INFO     | fedaugment.utils.logger:44 | Epoch 196: train_loss: 1.95278
2025-12-28 23:18:43 | INFO     | fedaugment.utils.logger:44 | Epoch 197: train_loss: 1.95224
2025-12-28 23:19:01 | INFO     | fedaugment.utils.logger:44 | Epoch 198: train_loss: 1.95215
2025-12-28 23:19:17 | INFO     | fedaugment.utils.logger:44 | Epoch 199: train_loss: 1.95144
2025-12-28 23:19:35 | INFO     | fedaugment.utils.logger:44 | Epoch 200: train_loss: 1.95140
2025-12-28 23:19:52 | INFO     | fedaugment.utils.logger:44 | Epoch 201: train_loss: 1.95138
2025-12-28 23:20:10 | INFO     | fedaugment.utils.logger:44 | Epoch 202: train_loss: 1.95116
2025-12-28 23:20:28 | INFO     | fedaugment.utils.logger:44 | Epoch 203: train_loss: 1.95095
2025-12-28 23:20:45 | INFO     | fedaugment.utils.logger:44 | Epoch 204: train_loss: 1.95055
2025-12-28 23:21:02 | INFO     | fedaugment.utils.logger:44 | Epoch 205: train_loss: 1.95039
2025-12-28 23:21:19 | INFO     | fedaugment.utils.logger:44 | Epoch 206: train_loss: 1.95027
2025-12-28 23:21:37 | INFO     | fedaugment.utils.logger:44 | Epoch 207: train_loss: 1.95019
2025-12-28 23:21:54 | INFO     | fedaugment.utils.logger:44 | Epoch 208: train_loss: 1.94967
2025-12-28 23:22:12 | INFO     | fedaugment.utils.logger:44 | Epoch 209: train_loss: 1.94947
2025-12-28 23:22:29 | INFO     | fedaugment.utils.logger:44 | Epoch 210: train_loss: 1.94934
2025-12-28 23:22:45 | INFO     | fedaugment.utils.logger:44 | Epoch 211: train_loss: 1.94902
2025-12-28 23:23:03 | INFO     | fedaugment.utils.logger:44 | Epoch 212: train_loss: 1.94903
2025-12-28 23:23:20 | INFO     | fedaugment.utils.logger:44 | Epoch 213: train_loss: 1.94874
2025-12-28 23:23:38 | INFO     | fedaugment.utils.logger:44 | Epoch 214: train_loss: 1.94883
2025-12-28 23:23:56 | INFO     | fedaugment.utils.logger:44 | Epoch 215: train_loss: 1.94848
2025-12-28 23:24:14 | INFO     | fedaugment.utils.logger:44 | Epoch 216: train_loss: 1.94846
2025-12-28 23:24:31 | INFO     | fedaugment.utils.logger:44 | Epoch 217: train_loss: 1.94827
2025-12-28 23:24:48 | INFO     | fedaugment.utils.logger:44 | Epoch 218: train_loss: 1.94811
2025-12-28 23:25:06 | INFO     | fedaugment.utils.logger:44 | Epoch 219: train_loss: 1.94774
2025-12-28 23:25:22 | INFO     | fedaugment.utils.logger:44 | Epoch 220: train_loss: 1.94783
2025-12-28 23:25:41 | INFO     | fedaugment.utils.logger:44 | Epoch 221: train_loss: 1.94770
2025-12-28 23:25:58 | INFO     | fedaugment.utils.logger:44 | Epoch 222: train_loss: 1.94765
2025-12-28 23:26:16 | INFO     | fedaugment.utils.logger:44 | Epoch 223: train_loss: 1.94744
2025-12-28 23:26:33 | INFO     | fedaugment.utils.logger:44 | Epoch 224: train_loss: 1.94708
2025-12-28 23:26:50 | INFO     | fedaugment.utils.logger:44 | Epoch 225: train_loss: 1.94717
2025-12-28 23:27:08 | INFO     | fedaugment.utils.logger:44 | Epoch 226: train_loss: 1.94700
2025-12-28 23:27:26 | INFO     | fedaugment.utils.logger:44 | Epoch 227: train_loss: 1.94682
2025-12-28 23:27:44 | INFO     | fedaugment.utils.logger:44 | Epoch 228: train_loss: 1.94651
2025-12-28 23:28:01 | INFO     | fedaugment.utils.logger:44 | Epoch 229: train_loss: 1.94680
2025-12-28 23:28:19 | INFO     | fedaugment.utils.logger:44 | Epoch 230: train_loss: 1.94675
2025-12-28 23:28:36 | INFO     | fedaugment.utils.logger:44 | Epoch 231: train_loss: 1.94662
2025-12-28 23:28:53 | INFO     | fedaugment.utils.logger:44 | Epoch 232: train_loss: 1.94618
2025-12-28 23:29:11 | INFO     | fedaugment.utils.logger:44 | Epoch 233: train_loss: 1.94653
2025-12-28 23:29:27 | INFO     | fedaugment.utils.logger:44 | Epoch 234: train_loss: 1.94629
2025-12-28 23:29:46 | INFO     | fedaugment.utils.logger:44 | Epoch 235: train_loss: 1.94615
2025-12-28 23:30:02 | INFO     | fedaugment.utils.logger:44 | Epoch 236: train_loss: 1.94622
2025-12-28 23:30:19 | INFO     | fedaugment.utils.logger:44 | Epoch 237: train_loss: 1.94607
2025-12-28 23:30:35 | INFO     | fedaugment.utils.logger:44 | Epoch 238: train_loss: 1.94579
2025-12-28 23:30:52 | INFO     | fedaugment.utils.logger:44 | Epoch 239: train_loss: 1.94596
2025-12-28 23:31:09 | INFO     | fedaugment.utils.logger:44 | Epoch 240: train_loss: 1.94614
2025-12-28 23:31:26 | INFO     | fedaugment.utils.logger:44 | Epoch 241: train_loss: 1.94602
2025-12-28 23:31:45 | INFO     | fedaugment.utils.logger:44 | Epoch 242: train_loss: 1.94587
2025-12-28 23:32:02 | INFO     | fedaugment.utils.logger:44 | Epoch 243: train_loss: 1.94577
2025-12-28 23:32:20 | INFO     | fedaugment.utils.logger:44 | Epoch 244: train_loss: 1.94543
2025-12-28 23:32:38 | INFO     | fedaugment.utils.logger:44 | Epoch 245: train_loss: 1.94593
2025-12-28 23:32:55 | INFO     | fedaugment.utils.logger:44 | Epoch 246: train_loss: 1.94579
2025-12-28 23:33:13 | INFO     | fedaugment.utils.logger:44 | Epoch 247: train_loss: 1.94583
2025-12-28 23:33:29 | INFO     | fedaugment.utils.logger:44 | Epoch 248: train_loss: 1.94557
2025-12-28 23:33:47 | INFO     | fedaugment.utils.logger:44 | Epoch 249: train_loss: 1.94600
2025-12-28 23:33:47 | INFO     | lightning_utilities.core.rank_zero:60 | `Trainer.fit` stopped: `max_epochs=250` reached.
2025-12-28 23:33:57 | INFO     | fedaugment.projections.main:87 | Starting testing phase...
2025-12-28 23:33:57 | INFO     | lightning.pytorch.accelerators.cuda:61 | LOCAL_RANK: 0 - CUDA_VISIBLE_DEVICES: [0]
2025-12-28 23:33:57 | INFO     | fedaugment.utils.logger:38 | {'module_kwargs': CLModuleConfig(model_type='projection_head', out_dim=1024, hidden_dims=[1024, 1536, 1536], activation='silu', normalization='batch', dropout=0.0), 'criterion': CriterionConfig(class_='MultiViewNTXentLoss', kwargs={'temperature': 0.1}), 'optim_configs': [OptimizerConfig(class_='AdamW', kwargs={'lr': 0.001, 'betas': (0.9, 0.999), 'eps': 1e-08, 'weight_decay': 0.01})], 'sched_configs': [LRSchedulerConfig(class_='LambdaLR', interval='epoch', frequency=1, monitor=None, kwargs={'lr_lambda': <function cos_annealing_with_warmup at 0x7f894be1d440>})], 'pipeline_names': ['distilroberta-dj_adpt', 'gte_base-dj_adpt', 'gtr_t5-dj_adpt', 'mini_l12-dj_adpt', 'mini_l6-dj_adpt', 'mpnet-dj_adpt'], 'embedding_dims': [768, 768, 768, 384, 384, 768], 'data_batch_size': 4096, 'metric_batch_size': 65536}
2025-12-28 23:34:16 | DEBUG    | fedaugment.projections.metrics.base:115 | Computing CosineSimilarityOrchestrator metrics.
2025-12-28 23:34:16 | WARNING  | fedaugment.projections.metrics.base:117 | Number of projections (8891658) is not divisible by chunk size (65536). This may lead to suboptimal performance.
2025-12-29 01:43:24 | DEBUG    | fedaugment.projections.metrics.base:198 | Finalized CosineSimilarityOrchestrator metrics
2025-12-29 01:43:24 | INFO     | fedaugment.utils.logger:44 | Epoch 250: test_loss: 2.57357, test_cossim_mean: 0.00302, test_entity_stability_15: 0.40668, test_entity_stability_5: 0.36150, test_entity_stability_50: 0.49370, test_same_lbl_cossim_mean: 0.95007
2025-12-29 01:43:24 | INFO     | fedaugment.projections.main:92 | Best model checkpoint saved at /home/lennart-ldap/projects/fedaugment/logs/curation_train_webtable_grid-mpnet-dj_adpt-k=630493-pca=0.9/version_1/last.ckpt
