2026-01-03 23:59:50 | DEBUG    | fedaugment.utils.misc:106 | Experiment setup complete (redirected 515 loggers)
2026-01-03 23:59:50 | DEBUG    | fedaugment.utils.misc:109 | Set PYTORCH_ALLOC_CONF to 'expandable_segments:True'
2026-01-03 23:59:50 | INFO     | __main__:50 | Evaluating fft_cos-mpnet-dj_adpt-k=12609 on webtable 001
2026-01-03 23:59:50 | DEBUG    | fedaugment.projections.main:31 | Experiment configuration: {"experiment_name":"curation_train_webtable_fft_cos-mpnet-dj_adpt-k=12609","experiment_version":1,"seed":42,"data_module":{"class_":"DefaultDataModule","data":{"train":"data/embeddings/webtable/sample-001/fft_cos-mpnet-dj_adpt-k=12609","val":null,"test":"data/embeddings/webtable/split/test"},"batch_size":4096,"num_workers":32,"pin_memory":true,"persistent_workers":true,"prefetch_factor":5,"verify_column_ids":true},"projection_model":{"class_":"ContrastiveLearningModel","module_kwargs":{"model_type":"projection_head","out_dim":1024,"hidden_dims":[1024,1536,1536],"activation":"silu","normalization":"batch","dropout":0.0},"criterion":{"class_":"MultiViewNTXentLoss","kwargs":{"temperature":0.1}},"optimizers":[{"class_":"AdamW","kwargs":{"lr":0.001,"betas":[0.9,0.999],"eps":1e-8,"weight_decay":0.01}}],"schedulers":[{"class_":"LambdaLR","interval":"epoch","frequency":1,"monitor":null,"kwargs":{"lr_lambda":"cos_annealing_with_warmup"}}],"metric_batch_size":65536},"trainer":{"max_epochs":250,"accelerator":"gpu","check_val_every_n_epoch":10,"devices":"auto","deterministic":false,"enable_checkpointing":true,"enable_model_summary":true,"enable_progress_bar":true,"log_every_n_steps":50,"max_time":null,"num_sanity_val_steps":2,"precision":"bf16-mixed","profiler":null},"compile_model":true}
2026-01-03 23:59:50 | INFO     | lightning.fabric.utilities.seed:57 | Seed set to 42
2026-01-03 23:59:53 | INFO     | fedaugment.projections.main:42 | Compiling projection model...
2026-01-03 23:59:53 | INFO     | fedaugment.projections.main:44 | Projection model compiled
2026-01-03 23:59:53 | INFO     | fedaugment.projections.main:46 | Initializing trainer...
2026-01-03 23:59:53 | INFO     | lightning_utilities.core.rank_zero:60 | Using bfloat16 Automatic Mixed Precision (AMP)
2026-01-03 23:59:53 | INFO     | lightning_utilities.core.rank_zero:60 | GPU available: True (cuda), used: True
2026-01-03 23:59:53 | INFO     | lightning_utilities.core.rank_zero:60 | TPU available: False, using: 0 TPU cores
2026-01-03 23:59:53 | INFO     | fedaugment.projections.main:76 | Trainer initialized
2026-01-03 23:59:53 | INFO     | fedaugment.projections.main:83 | Starting training phase...
2026-01-03 23:59:54 | INFO     | lightning.pytorch.accelerators.cuda:61 | LOCAL_RANK: 0 - CUDA_VISIBLE_DEVICES: [0]
2026-01-03 23:59:54 | WARNING  | fedaugment.utils.misc:102 | UserWarning: Precision bf16-mixed is not supported by the model summary.  Estimated model size in MB will not be accurate. Using 32 bits instead. (/home/lennart-ldap/projects/fedaugment/.venv/lib/python3.13/site-packages/lightning/pytorch/utilities/model_summary/model_summary.py:242)
2026-01-03 23:59:54 | INFO     | lightning.pytorch.callbacks.model_summary:110 |
  | Name              | Type                         | Params | Mode  | FLOPs
-----------------------------------------------------------------------------------
0 | criterion         | MultiViewNTXentLoss          | 0      | train | 0
1 | val_metrics       | MetricCollection             | 0      | train | 0
2 | test_metrics      | MetricCollection             | 0      | train | 0
3 | val_orchestrator  | CosineSimilarityOrchestrator | 0      | train | 0
4 | test_orchestrator | CosineSimilarityOrchestrator | 0      | train | 0
5 | projection_heads  | ModuleList                   | 37.0 M | train | 0
-----------------------------------------------------------------------------------
37.0 M    Trainable params
0         Non-trainable params
37.0 M    Total params
148.120   Total estimated model params size (MB)
94        Modules in train mode
0         Modules in eval mode
0         Total Flops
2026-01-03 23:59:54 | INFO     | fedaugment.utils.logger:38 | {'module_kwargs': CLModuleConfig(model_type='projection_head', out_dim=1024, hidden_dims=[1024, 1536, 1536], activation='silu', normalization='batch', dropout=0.0), 'criterion': CriterionConfig(class_='MultiViewNTXentLoss', kwargs={'temperature': 0.1}), 'optim_configs': [OptimizerConfig(class_='AdamW', kwargs={'lr': 0.001, 'betas': (0.9, 0.999), 'eps': 1e-08, 'weight_decay': 0.01})], 'sched_configs': [LRSchedulerConfig(class_='LambdaLR', interval='epoch', frequency=1, monitor=None, kwargs={'lr_lambda': <function cos_annealing_with_warmup at 0x7ff54a0a9440>})], 'pipeline_names': ['distilroberta-dj_adpt', 'gte_base-dj_adpt', 'gtr_t5-dj_adpt', 'mini_l12-dj_adpt', 'mini_l6-dj_adpt', 'mpnet-dj_adpt'], 'embedding_dims': [768, 768, 768, 384, 384, 768], 'data_batch_size': 4096, 'metric_batch_size': 65536}
2026-01-04 00:00:05 | WARNING  | fedaugment.utils.misc:102 | PossibleUserWarning: The number of training batches (4) is smaller than the logging interval Trainer(log_every_n_steps=50). Set a lower value for log_every_n_steps if you want to see logs for the training epoch. (/home/lennart-ldap/projects/fedaugment/.venv/lib/python3.13/site-packages/lightning/pytorch/loops/fit_loop.py:317)
2026-01-04 00:00:07 | INFO     | fedaugment.utils.logger:44 | Epoch 0: train_loss: 10.14106
2026-01-04 00:00:08 | INFO     | fedaugment.utils.logger:44 | Epoch 1: train_loss: 9.92216
2026-01-04 00:00:08 | INFO     | fedaugment.utils.logger:44 | Epoch 2: train_loss: 8.82996
2026-01-04 00:00:10 | INFO     | fedaugment.utils.logger:44 | Epoch 3: train_loss: 7.32480
2026-01-04 00:00:10 | INFO     | fedaugment.utils.logger:44 | Epoch 4: train_loss: 6.18673
2026-01-04 00:00:11 | INFO     | fedaugment.utils.logger:44 | Epoch 5: train_loss: 5.46830
2026-01-04 00:00:12 | INFO     | fedaugment.utils.logger:44 | Epoch 6: train_loss: 4.99902
2026-01-04 00:00:12 | INFO     | fedaugment.utils.logger:44 | Epoch 7: train_loss: 4.65640
2026-01-04 00:00:13 | INFO     | fedaugment.utils.logger:44 | Epoch 8: train_loss: 4.41848
2026-01-04 00:00:14 | INFO     | fedaugment.utils.logger:44 | Epoch 9: train_loss: 4.22537
2026-01-04 00:00:15 | INFO     | fedaugment.utils.logger:44 | Epoch 10: train_loss: 4.05978
2026-01-04 00:00:15 | INFO     | fedaugment.utils.logger:44 | Epoch 11: train_loss: 3.91944
2026-01-04 00:00:16 | INFO     | fedaugment.utils.logger:44 | Epoch 12: train_loss: 3.80384
2026-01-04 00:00:17 | INFO     | fedaugment.utils.logger:44 | Epoch 13: train_loss: 3.70395
2026-01-04 00:00:18 | INFO     | fedaugment.utils.logger:44 | Epoch 14: train_loss: 3.61677
2026-01-04 00:00:18 | INFO     | fedaugment.utils.logger:44 | Epoch 15: train_loss: 3.53464
2026-01-04 00:00:19 | INFO     | fedaugment.utils.logger:44 | Epoch 16: train_loss: 3.46094
2026-01-04 00:00:20 | INFO     | fedaugment.utils.logger:44 | Epoch 17: train_loss: 3.39263
2026-01-04 00:00:21 | INFO     | fedaugment.utils.logger:44 | Epoch 18: train_loss: 3.32975
2026-01-04 00:00:21 | INFO     | fedaugment.utils.logger:44 | Epoch 19: train_loss: 3.27126
2026-01-04 00:00:22 | INFO     | fedaugment.utils.logger:44 | Epoch 20: train_loss: 3.21522
2026-01-04 00:00:23 | INFO     | fedaugment.utils.logger:44 | Epoch 21: train_loss: 3.16478
2026-01-04 00:00:24 | INFO     | fedaugment.utils.logger:44 | Epoch 22: train_loss: 3.11637
2026-01-04 00:00:24 | INFO     | fedaugment.utils.logger:44 | Epoch 23: train_loss: 3.07031
2026-01-04 00:00:25 | INFO     | fedaugment.utils.logger:44 | Epoch 24: train_loss: 3.03033
2026-01-04 00:00:26 | INFO     | fedaugment.utils.logger:44 | Epoch 25: train_loss: 2.99021
2026-01-04 00:00:26 | INFO     | fedaugment.utils.logger:44 | Epoch 26: train_loss: 2.95870
2026-01-04 00:00:27 | INFO     | fedaugment.utils.logger:44 | Epoch 27: train_loss: 2.92676
2026-01-04 00:00:28 | INFO     | fedaugment.utils.logger:44 | Epoch 28: train_loss: 2.89717
2026-01-04 00:00:29 | INFO     | fedaugment.utils.logger:44 | Epoch 29: train_loss: 2.87082
2026-01-04 00:00:29 | INFO     | fedaugment.utils.logger:44 | Epoch 30: train_loss: 2.84599
2026-01-04 00:00:30 | INFO     | fedaugment.utils.logger:44 | Epoch 31: train_loss: 2.82213
2026-01-04 00:00:31 | INFO     | fedaugment.utils.logger:44 | Epoch 32: train_loss: 2.80297
2026-01-04 00:00:32 | INFO     | fedaugment.utils.logger:44 | Epoch 33: train_loss: 2.78299
2026-01-04 00:00:33 | INFO     | fedaugment.utils.logger:44 | Epoch 34: train_loss: 2.75743
2026-01-04 00:00:33 | INFO     | fedaugment.utils.logger:44 | Epoch 35: train_loss: 2.74035
2026-01-04 00:00:34 | INFO     | fedaugment.utils.logger:44 | Epoch 36: train_loss: 2.72113
2026-01-04 00:00:34 | INFO     | fedaugment.utils.logger:44 | Epoch 37: train_loss: 2.70184
2026-01-04 00:00:35 | INFO     | fedaugment.utils.logger:44 | Epoch 38: train_loss: 2.68691
2026-01-04 00:00:36 | INFO     | fedaugment.utils.logger:44 | Epoch 39: train_loss: 2.66627
2026-01-04 00:00:37 | INFO     | fedaugment.utils.logger:44 | Epoch 40: train_loss: 2.64689
2026-01-04 00:00:37 | INFO     | fedaugment.utils.logger:44 | Epoch 41: train_loss: 2.63102
2026-01-04 00:00:38 | INFO     | fedaugment.utils.logger:44 | Epoch 42: train_loss: 2.61290
2026-01-04 00:00:39 | INFO     | fedaugment.utils.logger:44 | Epoch 43: train_loss: 2.59472
2026-01-04 00:00:39 | INFO     | fedaugment.utils.logger:44 | Epoch 44: train_loss: 2.58226
2026-01-04 00:00:40 | INFO     | fedaugment.utils.logger:44 | Epoch 45: train_loss: 2.56885
2026-01-04 00:00:41 | INFO     | fedaugment.utils.logger:44 | Epoch 46: train_loss: 2.55375
2026-01-04 00:00:42 | INFO     | fedaugment.utils.logger:44 | Epoch 47: train_loss: 2.53999
2026-01-04 00:00:43 | INFO     | fedaugment.utils.logger:44 | Epoch 48: train_loss: 2.52845
2026-01-04 00:00:43 | INFO     | fedaugment.utils.logger:44 | Epoch 49: train_loss: 2.51648
2026-01-04 00:00:44 | INFO     | fedaugment.utils.logger:44 | Epoch 50: train_loss: 2.50485
2026-01-04 00:00:45 | INFO     | fedaugment.utils.logger:44 | Epoch 51: train_loss: 2.49583
2026-01-04 00:00:46 | INFO     | fedaugment.utils.logger:44 | Epoch 52: train_loss: 2.48671
2026-01-04 00:00:46 | INFO     | fedaugment.utils.logger:44 | Epoch 53: train_loss: 2.47955
2026-01-04 00:00:47 | INFO     | fedaugment.utils.logger:44 | Epoch 54: train_loss: 2.46913
2026-01-04 00:00:48 | INFO     | fedaugment.utils.logger:44 | Epoch 55: train_loss: 2.45943
2026-01-04 00:00:48 | INFO     | fedaugment.utils.logger:44 | Epoch 56: train_loss: 2.45096
2026-01-04 00:00:49 | INFO     | fedaugment.utils.logger:44 | Epoch 57: train_loss: 2.44293
2026-01-04 00:00:50 | INFO     | fedaugment.utils.logger:44 | Epoch 58: train_loss: 2.43480
2026-01-04 00:00:51 | INFO     | fedaugment.utils.logger:44 | Epoch 59: train_loss: 2.42479
2026-01-04 00:00:51 | INFO     | fedaugment.utils.logger:44 | Epoch 60: train_loss: 2.41512
2026-01-04 00:00:52 | INFO     | fedaugment.utils.logger:44 | Epoch 61: train_loss: 2.40605
2026-01-04 00:00:53 | INFO     | fedaugment.utils.logger:44 | Epoch 62: train_loss: 2.39664
2026-01-04 00:00:53 | INFO     | fedaugment.utils.logger:44 | Epoch 63: train_loss: 2.39196
2026-01-04 00:00:54 | INFO     | fedaugment.utils.logger:44 | Epoch 64: train_loss: 2.38413
2026-01-04 00:00:55 | INFO     | fedaugment.utils.logger:44 | Epoch 65: train_loss: 2.37787
2026-01-04 00:00:56 | INFO     | fedaugment.utils.logger:44 | Epoch 66: train_loss: 2.37088
2026-01-04 00:00:56 | INFO     | fedaugment.utils.logger:44 | Epoch 67: train_loss: 2.36409
2026-01-04 00:00:57 | INFO     | fedaugment.utils.logger:44 | Epoch 68: train_loss: 2.35759
2026-01-04 00:00:58 | INFO     | fedaugment.utils.logger:44 | Epoch 69: train_loss: 2.35306
2026-01-04 00:00:59 | INFO     | fedaugment.utils.logger:44 | Epoch 70: train_loss: 2.34736
2026-01-04 00:00:59 | INFO     | fedaugment.utils.logger:44 | Epoch 71: train_loss: 2.34277
2026-01-04 00:01:00 | INFO     | fedaugment.utils.logger:44 | Epoch 72: train_loss: 2.33758
2026-01-04 00:01:01 | INFO     | fedaugment.utils.logger:44 | Epoch 73: train_loss: 2.33271
2026-01-04 00:01:01 | INFO     | fedaugment.utils.logger:44 | Epoch 74: train_loss: 2.32752
2026-01-04 00:01:02 | INFO     | fedaugment.utils.logger:44 | Epoch 75: train_loss: 2.32148
2026-01-04 00:01:03 | INFO     | fedaugment.utils.logger:44 | Epoch 76: train_loss: 2.31581
2026-01-04 00:01:04 | INFO     | fedaugment.utils.logger:44 | Epoch 77: train_loss: 2.30949
2026-01-04 00:01:04 | INFO     | fedaugment.utils.logger:44 | Epoch 78: train_loss: 2.30432
2026-01-04 00:01:05 | INFO     | fedaugment.utils.logger:44 | Epoch 79: train_loss: 2.29972
2026-01-04 00:01:06 | INFO     | fedaugment.utils.logger:44 | Epoch 80: train_loss: 2.29542
2026-01-04 00:01:06 | INFO     | fedaugment.utils.logger:44 | Epoch 81: train_loss: 2.29078
2026-01-04 00:01:07 | INFO     | fedaugment.utils.logger:44 | Epoch 82: train_loss: 2.28642
2026-01-04 00:01:08 | INFO     | fedaugment.utils.logger:44 | Epoch 83: train_loss: 2.28214
2026-01-04 00:01:09 | INFO     | fedaugment.utils.logger:44 | Epoch 84: train_loss: 2.27799
2026-01-04 00:01:09 | INFO     | fedaugment.utils.logger:44 | Epoch 85: train_loss: 2.27506
2026-01-04 00:01:10 | INFO     | fedaugment.utils.logger:44 | Epoch 86: train_loss: 2.27124
2026-01-04 00:01:11 | INFO     | fedaugment.utils.logger:44 | Epoch 87: train_loss: 2.26788
2026-01-04 00:01:11 | INFO     | fedaugment.utils.logger:44 | Epoch 88: train_loss: 2.26390
2026-01-04 00:01:12 | INFO     | fedaugment.utils.logger:44 | Epoch 89: train_loss: 2.26058
2026-01-04 00:01:13 | INFO     | fedaugment.utils.logger:44 | Epoch 90: train_loss: 2.25698
2026-01-04 00:01:14 | INFO     | fedaugment.utils.logger:44 | Epoch 91: train_loss: 2.25398
2026-01-04 00:01:14 | INFO     | fedaugment.utils.logger:44 | Epoch 92: train_loss: 2.25072
2026-01-04 00:01:15 | INFO     | fedaugment.utils.logger:44 | Epoch 93: train_loss: 2.24625
2026-01-04 00:01:16 | INFO     | fedaugment.utils.logger:44 | Epoch 94: train_loss: 2.24213
2026-01-04 00:01:16 | INFO     | fedaugment.utils.logger:44 | Epoch 95: train_loss: 2.23737
2026-01-04 00:01:17 | INFO     | fedaugment.utils.logger:44 | Epoch 96: train_loss: 2.23297
2026-01-04 00:01:18 | INFO     | fedaugment.utils.logger:44 | Epoch 97: train_loss: 2.22833
2026-01-04 00:01:19 | INFO     | fedaugment.utils.logger:44 | Epoch 98: train_loss: 2.22505
2026-01-04 00:01:19 | INFO     | fedaugment.utils.logger:44 | Epoch 99: train_loss: 2.22234
2026-01-04 00:01:20 | INFO     | fedaugment.utils.logger:44 | Epoch 100: train_loss: 2.21967
2026-01-04 00:01:21 | INFO     | fedaugment.utils.logger:44 | Epoch 101: train_loss: 2.21794
2026-01-04 00:01:21 | INFO     | fedaugment.utils.logger:44 | Epoch 102: train_loss: 2.21554
2026-01-04 00:01:22 | INFO     | fedaugment.utils.logger:44 | Epoch 103: train_loss: 2.21233
2026-01-04 00:01:23 | INFO     | fedaugment.utils.logger:44 | Epoch 104: train_loss: 2.20854
2026-01-04 00:01:24 | INFO     | fedaugment.utils.logger:44 | Epoch 105: train_loss: 2.20556
2026-01-04 00:01:24 | INFO     | fedaugment.utils.logger:44 | Epoch 106: train_loss: 2.20222
2026-01-04 00:01:25 | INFO     | fedaugment.utils.logger:44 | Epoch 107: train_loss: 2.20015
2026-01-04 00:01:26 | INFO     | fedaugment.utils.logger:44 | Epoch 108: train_loss: 2.19894
2026-01-04 00:01:26 | INFO     | fedaugment.utils.logger:44 | Epoch 109: train_loss: 2.19700
2026-01-04 00:01:27 | INFO     | fedaugment.utils.logger:44 | Epoch 110: train_loss: 2.19522
2026-01-04 00:01:28 | INFO     | fedaugment.utils.logger:44 | Epoch 111: train_loss: 2.19378
2026-01-04 00:01:28 | INFO     | fedaugment.utils.logger:44 | Epoch 112: train_loss: 2.19115
2026-01-04 00:01:29 | INFO     | fedaugment.utils.logger:44 | Epoch 113: train_loss: 2.18921
2026-01-04 00:01:30 | INFO     | fedaugment.utils.logger:44 | Epoch 114: train_loss: 2.18641
2026-01-04 00:01:31 | INFO     | fedaugment.utils.logger:44 | Epoch 115: train_loss: 2.18466
2026-01-04 00:01:31 | INFO     | fedaugment.utils.logger:44 | Epoch 116: train_loss: 2.18161
2026-01-04 00:01:32 | INFO     | fedaugment.utils.logger:44 | Epoch 117: train_loss: 2.17882
2026-01-04 00:01:33 | INFO     | fedaugment.utils.logger:44 | Epoch 118: train_loss: 2.17600
2026-01-04 00:01:33 | INFO     | fedaugment.utils.logger:44 | Epoch 119: train_loss: 2.17246
2026-01-04 00:01:34 | INFO     | fedaugment.utils.logger:44 | Epoch 120: train_loss: 2.16909
2026-01-04 00:01:34 | INFO     | fedaugment.utils.logger:44 | Epoch 121: train_loss: 2.16643
2026-01-04 00:01:36 | INFO     | fedaugment.utils.logger:44 | Epoch 122: train_loss: 2.16526
2026-01-04 00:01:36 | INFO     | fedaugment.utils.logger:44 | Epoch 123: train_loss: 2.16396
2026-01-04 00:01:37 | INFO     | fedaugment.utils.logger:44 | Epoch 124: train_loss: 2.16298
2026-01-04 00:01:38 | INFO     | fedaugment.utils.logger:44 | Epoch 125: train_loss: 2.16228
2026-01-04 00:01:38 | INFO     | fedaugment.utils.logger:44 | Epoch 126: train_loss: 2.16160
2026-01-04 00:01:39 | INFO     | fedaugment.utils.logger:44 | Epoch 127: train_loss: 2.16089
2026-01-04 00:01:40 | INFO     | fedaugment.utils.logger:44 | Epoch 128: train_loss: 2.16027
2026-01-04 00:01:41 | INFO     | fedaugment.utils.logger:44 | Epoch 129: train_loss: 2.15893
2026-01-04 00:01:41 | INFO     | fedaugment.utils.logger:44 | Epoch 130: train_loss: 2.15707
2026-01-04 00:01:42 | INFO     | fedaugment.utils.logger:44 | Epoch 131: train_loss: 2.15594
2026-01-04 00:01:43 | INFO     | fedaugment.utils.logger:44 | Epoch 132: train_loss: 2.15473
2026-01-04 00:01:43 | INFO     | fedaugment.utils.logger:44 | Epoch 133: train_loss: 2.15318
2026-01-04 00:01:44 | INFO     | fedaugment.utils.logger:44 | Epoch 134: train_loss: 2.15231
2026-01-04 00:01:45 | INFO     | fedaugment.utils.logger:44 | Epoch 135: train_loss: 2.15135
2026-01-04 00:01:45 | INFO     | fedaugment.utils.logger:44 | Epoch 136: train_loss: 2.14995
2026-01-04 00:01:46 | INFO     | fedaugment.utils.logger:44 | Epoch 137: train_loss: 2.14879
2026-01-04 00:01:47 | INFO     | fedaugment.utils.logger:44 | Epoch 138: train_loss: 2.14735
2026-01-04 00:01:48 | INFO     | fedaugment.utils.logger:44 | Epoch 139: train_loss: 2.14591
2026-01-04 00:01:48 | INFO     | fedaugment.utils.logger:44 | Epoch 140: train_loss: 2.14483
2026-01-04 00:01:49 | INFO     | fedaugment.utils.logger:44 | Epoch 141: train_loss: 2.14359
2026-01-04 00:01:50 | INFO     | fedaugment.utils.logger:44 | Epoch 142: train_loss: 2.14264
2026-01-04 00:01:50 | INFO     | fedaugment.utils.logger:44 | Epoch 143: train_loss: 2.14151
2026-01-04 00:01:51 | INFO     | fedaugment.utils.logger:44 | Epoch 144: train_loss: 2.14041
2026-01-04 00:01:52 | INFO     | fedaugment.utils.logger:44 | Epoch 145: train_loss: 2.13912
2026-01-04 00:01:53 | INFO     | fedaugment.utils.logger:44 | Epoch 146: train_loss: 2.13774
2026-01-04 00:01:53 | INFO     | fedaugment.utils.logger:44 | Epoch 147: train_loss: 2.13662
2026-01-04 00:01:54 | INFO     | fedaugment.utils.logger:44 | Epoch 148: train_loss: 2.13575
2026-01-04 00:01:54 | INFO     | fedaugment.utils.logger:44 | Epoch 149: train_loss: 2.13544
2026-01-04 00:01:55 | INFO     | fedaugment.utils.logger:44 | Epoch 150: train_loss: 2.13462
2026-01-04 00:01:56 | INFO     | fedaugment.utils.logger:44 | Epoch 151: train_loss: 2.13439
2026-01-04 00:01:56 | INFO     | fedaugment.utils.logger:44 | Epoch 152: train_loss: 2.13362
2026-01-04 00:01:57 | INFO     | fedaugment.utils.logger:44 | Epoch 153: train_loss: 2.13299
2026-01-04 00:01:58 | INFO     | fedaugment.utils.logger:44 | Epoch 154: train_loss: 2.13138
2026-01-04 00:01:58 | INFO     | fedaugment.utils.logger:44 | Epoch 155: train_loss: 2.13010
2026-01-04 00:01:59 | INFO     | fedaugment.utils.logger:44 | Epoch 156: train_loss: 2.12856
2026-01-04 00:02:00 | INFO     | fedaugment.utils.logger:44 | Epoch 157: train_loss: 2.12739
2026-01-04 00:02:01 | INFO     | fedaugment.utils.logger:44 | Epoch 158: train_loss: 2.12569
2026-01-04 00:02:01 | INFO     | fedaugment.utils.logger:44 | Epoch 159: train_loss: 2.12476
2026-01-04 00:02:02 | INFO     | fedaugment.utils.logger:44 | Epoch 160: train_loss: 2.12356
2026-01-04 00:02:03 | INFO     | fedaugment.utils.logger:44 | Epoch 161: train_loss: 2.12269
2026-01-04 00:02:03 | INFO     | fedaugment.utils.logger:44 | Epoch 162: train_loss: 2.12183
2026-01-04 00:02:04 | INFO     | fedaugment.utils.logger:44 | Epoch 163: train_loss: 2.12081
2026-01-04 00:02:05 | INFO     | fedaugment.utils.logger:44 | Epoch 164: train_loss: 2.12022
2026-01-04 00:02:05 | INFO     | fedaugment.utils.logger:44 | Epoch 165: train_loss: 2.11910
2026-01-04 00:02:06 | INFO     | fedaugment.utils.logger:44 | Epoch 166: train_loss: 2.11868
2026-01-04 00:02:07 | INFO     | fedaugment.utils.logger:44 | Epoch 167: train_loss: 2.11767
2026-01-04 00:02:07 | INFO     | fedaugment.utils.logger:44 | Epoch 168: train_loss: 2.11686
2026-01-04 00:02:08 | INFO     | fedaugment.utils.logger:44 | Epoch 169: train_loss: 2.11623
2026-01-04 00:02:09 | INFO     | fedaugment.utils.logger:44 | Epoch 170: train_loss: 2.11529
2026-01-04 00:02:10 | INFO     | fedaugment.utils.logger:44 | Epoch 171: train_loss: 2.11429
2026-01-04 00:02:10 | INFO     | fedaugment.utils.logger:44 | Epoch 172: train_loss: 2.11348
2026-01-04 00:02:11 | INFO     | fedaugment.utils.logger:44 | Epoch 173: train_loss: 2.11273
2026-01-04 00:02:12 | INFO     | fedaugment.utils.logger:44 | Epoch 174: train_loss: 2.11138
2026-01-04 00:02:12 | INFO     | fedaugment.utils.logger:44 | Epoch 175: train_loss: 2.11048
2026-01-04 00:02:13 | INFO     | fedaugment.utils.logger:44 | Epoch 176: train_loss: 2.10998
2026-01-04 00:02:14 | INFO     | fedaugment.utils.logger:44 | Epoch 177: train_loss: 2.10965
2026-01-04 00:02:15 | INFO     | fedaugment.utils.logger:44 | Epoch 178: train_loss: 2.10879
2026-01-04 00:02:15 | INFO     | fedaugment.utils.logger:44 | Epoch 179: train_loss: 2.10833
2026-01-04 00:02:16 | INFO     | fedaugment.utils.logger:44 | Epoch 180: train_loss: 2.10774
2026-01-04 00:02:17 | INFO     | fedaugment.utils.logger:44 | Epoch 181: train_loss: 2.10689
2026-01-04 00:02:17 | INFO     | fedaugment.utils.logger:44 | Epoch 182: train_loss: 2.10637
2026-01-04 00:02:18 | INFO     | fedaugment.utils.logger:44 | Epoch 183: train_loss: 2.10575
2026-01-04 00:02:19 | INFO     | fedaugment.utils.logger:44 | Epoch 184: train_loss: 2.10538
2026-01-04 00:02:20 | INFO     | fedaugment.utils.logger:44 | Epoch 185: train_loss: 2.10468
2026-01-04 00:02:20 | INFO     | fedaugment.utils.logger:44 | Epoch 186: train_loss: 2.10421
2026-01-04 00:02:21 | INFO     | fedaugment.utils.logger:44 | Epoch 187: train_loss: 2.10379
2026-01-04 00:02:22 | INFO     | fedaugment.utils.logger:44 | Epoch 188: train_loss: 2.10345
2026-01-04 00:02:23 | INFO     | fedaugment.utils.logger:44 | Epoch 189: train_loss: 2.10312
2026-01-04 00:02:23 | INFO     | fedaugment.utils.logger:44 | Epoch 190: train_loss: 2.10255
2026-01-04 00:02:24 | INFO     | fedaugment.utils.logger:44 | Epoch 191: train_loss: 2.10247
2026-01-04 00:02:25 | INFO     | fedaugment.utils.logger:44 | Epoch 192: train_loss: 2.10237
2026-01-04 00:02:25 | INFO     | fedaugment.utils.logger:44 | Epoch 193: train_loss: 2.10169
2026-01-04 00:02:26 | INFO     | fedaugment.utils.logger:44 | Epoch 194: train_loss: 2.10177
2026-01-04 00:02:27 | INFO     | fedaugment.utils.logger:44 | Epoch 195: train_loss: 2.10157
2026-01-04 00:02:28 | INFO     | fedaugment.utils.logger:44 | Epoch 196: train_loss: 2.10114
2026-01-04 00:02:28 | INFO     | fedaugment.utils.logger:44 | Epoch 197: train_loss: 2.10091
2026-01-04 00:02:29 | INFO     | fedaugment.utils.logger:44 | Epoch 198: train_loss: 2.10084
2026-01-04 00:02:30 | INFO     | fedaugment.utils.logger:44 | Epoch 199: train_loss: 2.10055
2026-01-04 00:02:30 | INFO     | fedaugment.utils.logger:44 | Epoch 200: train_loss: 2.09992
2026-01-04 00:02:31 | INFO     | fedaugment.utils.logger:44 | Epoch 201: train_loss: 2.10000
2026-01-04 00:02:32 | INFO     | fedaugment.utils.logger:44 | Epoch 202: train_loss: 2.09988
2026-01-04 00:02:33 | INFO     | fedaugment.utils.logger:44 | Epoch 203: train_loss: 2.09960
2026-01-04 00:02:33 | INFO     | fedaugment.utils.logger:44 | Epoch 204: train_loss: 2.09940
2026-01-04 00:02:34 | INFO     | fedaugment.utils.logger:44 | Epoch 205: train_loss: 2.09925
2026-01-04 00:02:35 | INFO     | fedaugment.utils.logger:44 | Epoch 206: train_loss: 2.09926
2026-01-04 00:02:35 | INFO     | fedaugment.utils.logger:44 | Epoch 207: train_loss: 2.09892
2026-01-04 00:02:36 | INFO     | fedaugment.utils.logger:44 | Epoch 208: train_loss: 2.09873
2026-01-04 00:02:37 | INFO     | fedaugment.utils.logger:44 | Epoch 209: train_loss: 2.09837
2026-01-04 00:02:37 | INFO     | fedaugment.utils.logger:44 | Epoch 210: train_loss: 2.09868
2026-01-04 00:02:38 | INFO     | fedaugment.utils.logger:44 | Epoch 211: train_loss: 2.09850
2026-01-04 00:02:39 | INFO     | fedaugment.utils.logger:44 | Epoch 212: train_loss: 2.09804
2026-01-04 00:02:39 | INFO     | fedaugment.utils.logger:44 | Epoch 213: train_loss: 2.09815
2026-01-04 00:02:40 | INFO     | fedaugment.utils.logger:44 | Epoch 214: train_loss: 2.09804
2026-01-04 00:02:41 | INFO     | fedaugment.utils.logger:44 | Epoch 215: train_loss: 2.09816
2026-01-04 00:02:41 | INFO     | fedaugment.utils.logger:44 | Epoch 216: train_loss: 2.09776
2026-01-04 00:02:42 | INFO     | fedaugment.utils.logger:44 | Epoch 217: train_loss: 2.09776
2026-01-04 00:02:43 | INFO     | fedaugment.utils.logger:44 | Epoch 218: train_loss: 2.09759
2026-01-04 00:02:43 | INFO     | fedaugment.utils.logger:44 | Epoch 219: train_loss: 2.09766
2026-01-04 00:02:44 | INFO     | fedaugment.utils.logger:44 | Epoch 220: train_loss: 2.09736
2026-01-04 00:02:45 | INFO     | fedaugment.utils.logger:44 | Epoch 221: train_loss: 2.09734
2026-01-04 00:02:46 | INFO     | fedaugment.utils.logger:44 | Epoch 222: train_loss: 2.09704
2026-01-04 00:02:46 | INFO     | fedaugment.utils.logger:44 | Epoch 223: train_loss: 2.09703
2026-01-04 00:02:47 | INFO     | fedaugment.utils.logger:44 | Epoch 224: train_loss: 2.09703
2026-01-04 00:02:48 | INFO     | fedaugment.utils.logger:44 | Epoch 225: train_loss: 2.09703
2026-01-04 00:02:48 | INFO     | fedaugment.utils.logger:44 | Epoch 226: train_loss: 2.09698
2026-01-04 00:02:49 | INFO     | fedaugment.utils.logger:44 | Epoch 227: train_loss: 2.09708
2026-01-04 00:02:50 | INFO     | fedaugment.utils.logger:44 | Epoch 228: train_loss: 2.09691
2026-01-04 00:02:51 | INFO     | fedaugment.utils.logger:44 | Epoch 229: train_loss: 2.09693
2026-01-04 00:02:52 | INFO     | fedaugment.utils.logger:44 | Epoch 230: train_loss: 2.09699
2026-01-04 00:02:52 | INFO     | fedaugment.utils.logger:44 | Epoch 231: train_loss: 2.09687
2026-01-04 00:02:53 | INFO     | fedaugment.utils.logger:44 | Epoch 232: train_loss: 2.09681
2026-01-04 00:02:53 | INFO     | fedaugment.utils.logger:44 | Epoch 233: train_loss: 2.09690
2026-01-04 00:02:54 | INFO     | fedaugment.utils.logger:44 | Epoch 234: train_loss: 2.09669
2026-01-04 00:02:55 | INFO     | fedaugment.utils.logger:44 | Epoch 235: train_loss: 2.09674
2026-01-04 00:02:56 | INFO     | fedaugment.utils.logger:44 | Epoch 236: train_loss: 2.09670
2026-01-04 00:02:57 | INFO     | fedaugment.utils.logger:44 | Epoch 237: train_loss: 2.09677
2026-01-04 00:02:57 | INFO     | fedaugment.utils.logger:44 | Epoch 238: train_loss: 2.09664
2026-01-04 00:02:58 | INFO     | fedaugment.utils.logger:44 | Epoch 239: train_loss: 2.09656
2026-01-04 00:02:59 | INFO     | fedaugment.utils.logger:44 | Epoch 240: train_loss: 2.09651
2026-01-04 00:02:59 | INFO     | fedaugment.utils.logger:44 | Epoch 241: train_loss: 2.09653
2026-01-04 00:03:00 | INFO     | fedaugment.utils.logger:44 | Epoch 242: train_loss: 2.09651
2026-01-04 00:03:01 | INFO     | fedaugment.utils.logger:44 | Epoch 243: train_loss: 2.09665
2026-01-04 00:03:02 | INFO     | fedaugment.utils.logger:44 | Epoch 244: train_loss: 2.09666
2026-01-04 00:03:02 | INFO     | fedaugment.utils.logger:44 | Epoch 245: train_loss: 2.09660
2026-01-04 00:03:03 | INFO     | fedaugment.utils.logger:44 | Epoch 246: train_loss: 2.09664
2026-01-04 00:03:03 | INFO     | fedaugment.utils.logger:44 | Epoch 247: train_loss: 2.09687
2026-01-04 00:03:04 | INFO     | fedaugment.utils.logger:44 | Epoch 248: train_loss: 2.09678
2026-01-04 00:03:05 | INFO     | fedaugment.utils.logger:44 | Epoch 249: train_loss: 2.09667
2026-01-04 00:03:05 | INFO     | lightning_utilities.core.rank_zero:60 | `Trainer.fit` stopped: `max_epochs=250` reached.
2026-01-04 00:03:13 | INFO     | fedaugment.projections.main:87 | Starting testing phase...
2026-01-04 00:03:13 | INFO     | lightning.pytorch.accelerators.cuda:61 | LOCAL_RANK: 0 - CUDA_VISIBLE_DEVICES: [0]
2026-01-04 00:03:13 | INFO     | fedaugment.utils.logger:38 | {'module_kwargs': CLModuleConfig(model_type='projection_head', out_dim=1024, hidden_dims=[1024, 1536, 1536], activation='silu', normalization='batch', dropout=0.0), 'criterion': CriterionConfig(class_='MultiViewNTXentLoss', kwargs={'temperature': 0.1}), 'optim_configs': [OptimizerConfig(class_='AdamW', kwargs={'lr': 0.001, 'betas': (0.9, 0.999), 'eps': 1e-08, 'weight_decay': 0.01})], 'sched_configs': [LRSchedulerConfig(class_='LambdaLR', interval='epoch', frequency=1, monitor=None, kwargs={'lr_lambda': <function cos_annealing_with_warmup at 0x7ff54a0a9440>})], 'pipeline_names': ['distilroberta-dj_adpt', 'gte_base-dj_adpt', 'gtr_t5-dj_adpt', 'mini_l12-dj_adpt', 'mini_l6-dj_adpt', 'mpnet-dj_adpt'], 'embedding_dims': [768, 768, 768, 384, 384, 768], 'data_batch_size': 4096, 'metric_batch_size': 65536}
2026-01-04 00:03:34 | DEBUG    | fedaugment.projections.metrics.base:115 | Computing CosineSimilarityOrchestrator metrics.
2026-01-04 00:03:34 | WARNING  | fedaugment.projections.metrics.base:117 | Number of projections (8891658) is not divisible by chunk size (65536). This may lead to suboptimal performance.
2026-01-04 02:13:27 | DEBUG    | fedaugment.projections.metrics.base:198 | Finalized CosineSimilarityOrchestrator metrics
2026-01-04 02:13:27 | INFO     | fedaugment.utils.logger:44 | Epoch 250: test_loss: 6.37489, test_cossim_mean: 0.21886, test_entity_stability_15: 0.01995, test_entity_stability_5: 0.01743, test_entity_stability_50: 0.02842, test_same_lbl_cossim_mean: 0.74132
2026-01-04 02:13:27 | INFO     | fedaugment.projections.main:92 | Best model checkpoint saved at /home/lennart-ldap/projects/fedaugment/logs/curation_train_webtable_fft_cos-mpnet-dj_adpt-k=12609/version_1/last.ckpt
2026-01-04 02:13:27 | INFO     | __main__:50 | Evaluating fft_euc-mpnet-dj_adpt-k=12609 on webtable 001
2026-01-04 02:13:27 | DEBUG    | fedaugment.projections.main:31 | Experiment configuration: {"experiment_name":"curation_train_webtable_fft_euc-mpnet-dj_adpt-k=12609","experiment_version":1,"seed":42,"data_module":{"class_":"DefaultDataModule","data":{"train":"data/embeddings/webtable/sample-001/fft_euc-mpnet-dj_adpt-k=12609","val":null,"test":"data/embeddings/webtable/split/test"},"batch_size":4096,"num_workers":32,"pin_memory":true,"persistent_workers":true,"prefetch_factor":5,"verify_column_ids":true},"projection_model":{"class_":"ContrastiveLearningModel","module_kwargs":{"model_type":"projection_head","out_dim":1024,"hidden_dims":[1024,1536,1536],"activation":"silu","normalization":"batch","dropout":0.0},"criterion":{"class_":"MultiViewNTXentLoss","kwargs":{"temperature":0.1}},"optimizers":[{"class_":"AdamW","kwargs":{"lr":0.001,"betas":[0.9,0.999],"eps":1e-8,"weight_decay":0.01}}],"schedulers":[{"class_":"LambdaLR","interval":"epoch","frequency":1,"monitor":null,"kwargs":{"lr_lambda":"cos_annealing_with_warmup"}}],"metric_batch_size":65536},"trainer":{"max_epochs":250,"accelerator":"gpu","check_val_every_n_epoch":10,"devices":"auto","deterministic":false,"enable_checkpointing":true,"enable_model_summary":true,"enable_progress_bar":true,"log_every_n_steps":50,"max_time":null,"num_sanity_val_steps":2,"precision":"bf16-mixed","profiler":null},"compile_model":true}
2026-01-04 02:13:27 | INFO     | lightning.fabric.utilities.seed:57 | Seed set to 42
2026-01-04 02:13:30 | INFO     | fedaugment.projections.main:42 | Compiling projection model...
2026-01-04 02:13:30 | INFO     | fedaugment.projections.main:44 | Projection model compiled
2026-01-04 02:13:30 | INFO     | fedaugment.projections.main:46 | Initializing trainer...
2026-01-04 02:13:30 | INFO     | lightning_utilities.core.rank_zero:60 | Using bfloat16 Automatic Mixed Precision (AMP)
2026-01-04 02:13:30 | INFO     | lightning_utilities.core.rank_zero:60 | GPU available: True (cuda), used: True
2026-01-04 02:13:30 | INFO     | lightning_utilities.core.rank_zero:60 | TPU available: False, using: 0 TPU cores
2026-01-04 02:13:30 | INFO     | fedaugment.projections.main:76 | Trainer initialized
2026-01-04 02:13:30 | INFO     | fedaugment.projections.main:83 | Starting training phase...
2026-01-04 02:13:30 | INFO     | lightning.pytorch.accelerators.cuda:61 | LOCAL_RANK: 0 - CUDA_VISIBLE_DEVICES: [0]
2026-01-04 02:13:30 | WARNING  | fedaugment.utils.misc:102 | UserWarning: Precision bf16-mixed is not supported by the model summary.  Estimated model size in MB will not be accurate. Using 32 bits instead. (/home/lennart-ldap/projects/fedaugment/.venv/lib/python3.13/site-packages/lightning/pytorch/utilities/model_summary/model_summary.py:242)
2026-01-04 02:13:30 | INFO     | lightning.pytorch.callbacks.model_summary:110 |
  | Name              | Type                         | Params | Mode  | FLOPs
-----------------------------------------------------------------------------------
0 | criterion         | MultiViewNTXentLoss          | 0      | train | 0
1 | val_metrics       | MetricCollection             | 0      | train | 0
2 | test_metrics      | MetricCollection             | 0      | train | 0
3 | val_orchestrator  | CosineSimilarityOrchestrator | 0      | train | 0
4 | test_orchestrator | CosineSimilarityOrchestrator | 0      | train | 0
5 | projection_heads  | ModuleList                   | 37.0 M | train | 0
-----------------------------------------------------------------------------------
37.0 M    Trainable params
0         Non-trainable params
37.0 M    Total params
148.120   Total estimated model params size (MB)
94        Modules in train mode
0         Modules in eval mode
0         Total Flops
2026-01-04 02:13:30 | INFO     | fedaugment.utils.logger:38 | {'module_kwargs': CLModuleConfig(model_type='projection_head', out_dim=1024, hidden_dims=[1024, 1536, 1536], activation='silu', normalization='batch', dropout=0.0), 'criterion': CriterionConfig(class_='MultiViewNTXentLoss', kwargs={'temperature': 0.1}), 'optim_configs': [OptimizerConfig(class_='AdamW', kwargs={'lr': 0.001, 'betas': (0.9, 0.999), 'eps': 1e-08, 'weight_decay': 0.01})], 'sched_configs': [LRSchedulerConfig(class_='LambdaLR', interval='epoch', frequency=1, monitor=None, kwargs={'lr_lambda': <function cos_annealing_with_warmup at 0x7ff54a0a9440>})], 'pipeline_names': ['distilroberta-dj_adpt', 'gte_base-dj_adpt', 'gtr_t5-dj_adpt', 'mini_l12-dj_adpt', 'mini_l6-dj_adpt', 'mpnet-dj_adpt'], 'embedding_dims': [768, 768, 768, 384, 384, 768], 'data_batch_size': 4096, 'metric_batch_size': 65536}
2026-01-04 02:13:31 | WARNING  | fedaugment.utils.misc:102 | PossibleUserWarning: The number of training batches (4) is smaller than the logging interval Trainer(log_every_n_steps=50). Set a lower value for log_every_n_steps if you want to see logs for the training epoch. (/home/lennart-ldap/projects/fedaugment/.venv/lib/python3.13/site-packages/lightning/pytorch/loops/fit_loop.py:317)
2026-01-04 02:13:31 | INFO     | fedaugment.utils.logger:44 | Epoch 0: train_loss: 10.14122
2026-01-04 02:13:32 | INFO     | fedaugment.utils.logger:44 | Epoch 1: train_loss: 9.92057
2026-01-04 02:13:33 | INFO     | fedaugment.utils.logger:44 | Epoch 2: train_loss: 8.82609
2026-01-04 02:13:34 | INFO     | fedaugment.utils.logger:44 | Epoch 3: train_loss: 7.32626
2026-01-04 02:13:34 | INFO     | fedaugment.utils.logger:44 | Epoch 4: train_loss: 6.18765
2026-01-04 02:13:35 | INFO     | fedaugment.utils.logger:44 | Epoch 5: train_loss: 5.47542
2026-01-04 02:13:36 | INFO     | fedaugment.utils.logger:44 | Epoch 6: train_loss: 5.01180
2026-01-04 02:13:37 | INFO     | fedaugment.utils.logger:44 | Epoch 7: train_loss: 4.66727
2026-01-04 02:13:37 | INFO     | fedaugment.utils.logger:44 | Epoch 8: train_loss: 4.42631
2026-01-04 02:13:38 | INFO     | fedaugment.utils.logger:44 | Epoch 9: train_loss: 4.22806
2026-01-04 02:13:39 | INFO     | fedaugment.utils.logger:44 | Epoch 10: train_loss: 4.06176
2026-01-04 02:13:40 | INFO     | fedaugment.utils.logger:44 | Epoch 11: train_loss: 3.92113
2026-01-04 02:13:40 | INFO     | fedaugment.utils.logger:44 | Epoch 12: train_loss: 3.80683
2026-01-04 02:13:42 | INFO     | fedaugment.utils.logger:44 | Epoch 13: train_loss: 3.70753
2026-01-04 02:13:42 | INFO     | fedaugment.utils.logger:44 | Epoch 14: train_loss: 3.61685
2026-01-04 02:13:43 | INFO     | fedaugment.utils.logger:44 | Epoch 15: train_loss: 3.53585
2026-01-04 02:13:44 | INFO     | fedaugment.utils.logger:44 | Epoch 16: train_loss: 3.46285
2026-01-04 02:13:45 | INFO     | fedaugment.utils.logger:44 | Epoch 17: train_loss: 3.39364
2026-01-04 02:13:45 | INFO     | fedaugment.utils.logger:44 | Epoch 18: train_loss: 3.33152
2026-01-04 02:13:46 | INFO     | fedaugment.utils.logger:44 | Epoch 19: train_loss: 3.27285
2026-01-04 02:13:47 | INFO     | fedaugment.utils.logger:44 | Epoch 20: train_loss: 3.21952
2026-01-04 02:13:48 | INFO     | fedaugment.utils.logger:44 | Epoch 21: train_loss: 3.16515
2026-01-04 02:13:48 | INFO     | fedaugment.utils.logger:44 | Epoch 22: train_loss: 3.11627
2026-01-04 02:13:49 | INFO     | fedaugment.utils.logger:44 | Epoch 23: train_loss: 3.07029
2026-01-04 02:13:50 | INFO     | fedaugment.utils.logger:44 | Epoch 24: train_loss: 3.02609
2026-01-04 02:13:51 | INFO     | fedaugment.utils.logger:44 | Epoch 25: train_loss: 2.98979
2026-01-04 02:13:52 | INFO     | fedaugment.utils.logger:44 | Epoch 26: train_loss: 2.95466
2026-01-04 02:13:53 | INFO     | fedaugment.utils.logger:44 | Epoch 27: train_loss: 2.92335
2026-01-04 02:13:53 | INFO     | fedaugment.utils.logger:44 | Epoch 28: train_loss: 2.89564
2026-01-04 02:13:54 | INFO     | fedaugment.utils.logger:44 | Epoch 29: train_loss: 2.87140
2026-01-04 02:13:54 | INFO     | fedaugment.utils.logger:44 | Epoch 30: train_loss: 2.84782
2026-01-04 02:13:56 | INFO     | fedaugment.utils.logger:44 | Epoch 31: train_loss: 2.82151
2026-01-04 02:13:56 | INFO     | fedaugment.utils.logger:44 | Epoch 32: train_loss: 2.79708
2026-01-04 02:13:57 | INFO     | fedaugment.utils.logger:44 | Epoch 33: train_loss: 2.77462
2026-01-04 02:13:58 | INFO     | fedaugment.utils.logger:44 | Epoch 34: train_loss: 2.74744
2026-01-04 02:13:59 | INFO     | fedaugment.utils.logger:44 | Epoch 35: train_loss: 2.72711
2026-01-04 02:13:59 | INFO     | fedaugment.utils.logger:44 | Epoch 36: train_loss: 2.71087
2026-01-04 02:14:00 | INFO     | fedaugment.utils.logger:44 | Epoch 37: train_loss: 2.69699
2026-01-04 02:14:01 | INFO     | fedaugment.utils.logger:44 | Epoch 38: train_loss: 2.68137
2026-01-04 02:14:02 | INFO     | fedaugment.utils.logger:44 | Epoch 39: train_loss: 2.66137
2026-01-04 02:14:02 | INFO     | fedaugment.utils.logger:44 | Epoch 40: train_loss: 2.64675
2026-01-04 02:14:03 | INFO     | fedaugment.utils.logger:44 | Epoch 41: train_loss: 2.63015
2026-01-04 02:14:04 | INFO     | fedaugment.utils.logger:44 | Epoch 42: train_loss: 2.61365
2026-01-04 02:14:05 | INFO     | fedaugment.utils.logger:44 | Epoch 43: train_loss: 2.59635
2026-01-04 02:14:05 | INFO     | fedaugment.utils.logger:44 | Epoch 44: train_loss: 2.58368
2026-01-04 02:14:06 | INFO     | fedaugment.utils.logger:44 | Epoch 45: train_loss: 2.57261
2026-01-04 02:14:07 | INFO     | fedaugment.utils.logger:44 | Epoch 46: train_loss: 2.55739
2026-01-04 02:14:08 | INFO     | fedaugment.utils.logger:44 | Epoch 47: train_loss: 2.54477
2026-01-04 02:14:09 | INFO     | fedaugment.utils.logger:44 | Epoch 48: train_loss: 2.53325
2026-01-04 02:14:09 | INFO     | fedaugment.utils.logger:44 | Epoch 49: train_loss: 2.51975
2026-01-04 02:14:10 | INFO     | fedaugment.utils.logger:44 | Epoch 50: train_loss: 2.50578
2026-01-04 02:14:11 | INFO     | fedaugment.utils.logger:44 | Epoch 51: train_loss: 2.49324
2026-01-04 02:14:12 | INFO     | fedaugment.utils.logger:44 | Epoch 52: train_loss: 2.48231
2026-01-04 02:14:12 | INFO     | fedaugment.utils.logger:44 | Epoch 53: train_loss: 2.47103
2026-01-04 02:14:13 | INFO     | fedaugment.utils.logger:44 | Epoch 54: train_loss: 2.46199
2026-01-04 02:14:14 | INFO     | fedaugment.utils.logger:44 | Epoch 55: train_loss: 2.45381
2026-01-04 02:14:15 | INFO     | fedaugment.utils.logger:44 | Epoch 56: train_loss: 2.44693
2026-01-04 02:14:15 | INFO     | fedaugment.utils.logger:44 | Epoch 57: train_loss: 2.43859
2026-01-04 02:14:16 | INFO     | fedaugment.utils.logger:44 | Epoch 58: train_loss: 2.43016
2026-01-04 02:14:17 | INFO     | fedaugment.utils.logger:44 | Epoch 59: train_loss: 2.42400
2026-01-04 02:14:18 | INFO     | fedaugment.utils.logger:44 | Epoch 60: train_loss: 2.41794
2026-01-04 02:14:18 | INFO     | fedaugment.utils.logger:44 | Epoch 61: train_loss: 2.41175
2026-01-04 02:14:19 | INFO     | fedaugment.utils.logger:44 | Epoch 62: train_loss: 2.40309
2026-01-04 02:14:20 | INFO     | fedaugment.utils.logger:44 | Epoch 63: train_loss: 2.39519
2026-01-04 02:14:20 | INFO     | fedaugment.utils.logger:44 | Epoch 64: train_loss: 2.38590
2026-01-04 02:14:21 | INFO     | fedaugment.utils.logger:44 | Epoch 65: train_loss: 2.37727
2026-01-04 02:14:22 | INFO     | fedaugment.utils.logger:44 | Epoch 66: train_loss: 2.36825
2026-01-04 02:14:23 | INFO     | fedaugment.utils.logger:44 | Epoch 67: train_loss: 2.36199
2026-01-04 02:14:24 | INFO     | fedaugment.utils.logger:44 | Epoch 68: train_loss: 2.35622
2026-01-04 02:14:25 | INFO     | fedaugment.utils.logger:44 | Epoch 69: train_loss: 2.35009
2026-01-04 02:14:25 | INFO     | fedaugment.utils.logger:44 | Epoch 70: train_loss: 2.34364
2026-01-04 02:14:26 | INFO     | fedaugment.utils.logger:44 | Epoch 71: train_loss: 2.33728
2026-01-04 02:14:27 | INFO     | fedaugment.utils.logger:44 | Epoch 72: train_loss: 2.33227
2026-01-04 02:14:28 | INFO     | fedaugment.utils.logger:44 | Epoch 73: train_loss: 2.32739
2026-01-04 02:14:28 | INFO     | fedaugment.utils.logger:44 | Epoch 74: train_loss: 2.32483
2026-01-04 02:14:29 | INFO     | fedaugment.utils.logger:44 | Epoch 75: train_loss: 2.32101
2026-01-04 02:14:30 | INFO     | fedaugment.utils.logger:44 | Epoch 76: train_loss: 2.31676
2026-01-04 02:14:31 | INFO     | fedaugment.utils.logger:44 | Epoch 77: train_loss: 2.31144
2026-01-04 02:14:31 | INFO     | fedaugment.utils.logger:44 | Epoch 78: train_loss: 2.30482
2026-01-04 02:14:32 | INFO     | fedaugment.utils.logger:44 | Epoch 79: train_loss: 2.29888
2026-01-04 02:14:33 | INFO     | fedaugment.utils.logger:44 | Epoch 80: train_loss: 2.29258
2026-01-04 02:14:34 | INFO     | fedaugment.utils.logger:44 | Epoch 81: train_loss: 2.28817
2026-01-04 02:14:34 | INFO     | fedaugment.utils.logger:44 | Epoch 82: train_loss: 2.28482
2026-01-04 02:14:35 | INFO     | fedaugment.utils.logger:44 | Epoch 83: train_loss: 2.28074
2026-01-04 02:14:36 | INFO     | fedaugment.utils.logger:44 | Epoch 84: train_loss: 2.27665
2026-01-04 02:14:37 | INFO     | fedaugment.utils.logger:44 | Epoch 85: train_loss: 2.27195
2026-01-04 02:14:37 | INFO     | fedaugment.utils.logger:44 | Epoch 86: train_loss: 2.26692
2026-01-04 02:14:38 | INFO     | fedaugment.utils.logger:44 | Epoch 87: train_loss: 2.26293
2026-01-04 02:14:39 | INFO     | fedaugment.utils.logger:44 | Epoch 88: train_loss: 2.25975
2026-01-04 02:14:40 | INFO     | fedaugment.utils.logger:44 | Epoch 89: train_loss: 2.25631
2026-01-04 02:14:41 | INFO     | fedaugment.utils.logger:44 | Epoch 90: train_loss: 2.25348
2026-01-04 02:14:42 | INFO     | fedaugment.utils.logger:44 | Epoch 91: train_loss: 2.25091
2026-01-04 02:14:42 | INFO     | fedaugment.utils.logger:44 | Epoch 92: train_loss: 2.24872
2026-01-04 02:14:43 | INFO     | fedaugment.utils.logger:44 | Epoch 93: train_loss: 2.24670
2026-01-04 02:14:44 | INFO     | fedaugment.utils.logger:44 | Epoch 94: train_loss: 2.24388
2026-01-04 02:14:45 | INFO     | fedaugment.utils.logger:44 | Epoch 95: train_loss: 2.24050
2026-01-04 02:14:45 | INFO     | fedaugment.utils.logger:44 | Epoch 96: train_loss: 2.23576
2026-01-04 02:14:46 | INFO     | fedaugment.utils.logger:44 | Epoch 97: train_loss: 2.23068
2026-01-04 02:14:47 | INFO     | fedaugment.utils.logger:44 | Epoch 98: train_loss: 2.22619
2026-01-04 02:14:48 | INFO     | fedaugment.utils.logger:44 | Epoch 99: train_loss: 2.22285
2026-01-04 02:14:48 | INFO     | fedaugment.utils.logger:44 | Epoch 100: train_loss: 2.21985
2026-01-04 02:14:49 | INFO     | fedaugment.utils.logger:44 | Epoch 101: train_loss: 2.21755
2026-01-04 02:14:50 | INFO     | fedaugment.utils.logger:44 | Epoch 102: train_loss: 2.21505
2026-01-04 02:14:51 | INFO     | fedaugment.utils.logger:44 | Epoch 103: train_loss: 2.21136
2026-01-04 02:14:52 | INFO     | fedaugment.utils.logger:44 | Epoch 104: train_loss: 2.20785
2026-01-04 02:14:52 | INFO     | fedaugment.utils.logger:44 | Epoch 105: train_loss: 2.20421
2026-01-04 02:14:53 | INFO     | fedaugment.utils.logger:44 | Epoch 106: train_loss: 2.20051
2026-01-04 02:14:54 | INFO     | fedaugment.utils.logger:44 | Epoch 107: train_loss: 2.19678
2026-01-04 02:14:55 | INFO     | fedaugment.utils.logger:44 | Epoch 108: train_loss: 2.19461
2026-01-04 02:14:55 | INFO     | fedaugment.utils.logger:44 | Epoch 109: train_loss: 2.19303
2026-01-04 02:14:56 | INFO     | fedaugment.utils.logger:44 | Epoch 110: train_loss: 2.19126
2026-01-04 02:14:57 | INFO     | fedaugment.utils.logger:44 | Epoch 111: train_loss: 2.18940
2026-01-04 02:14:58 | INFO     | fedaugment.utils.logger:44 | Epoch 112: train_loss: 2.18759
2026-01-04 02:14:58 | INFO     | fedaugment.utils.logger:44 | Epoch 113: train_loss: 2.18592
2026-01-04 02:14:59 | INFO     | fedaugment.utils.logger:44 | Epoch 114: train_loss: 2.18385
2026-01-04 02:15:00 | INFO     | fedaugment.utils.logger:44 | Epoch 115: train_loss: 2.18042
2026-01-04 02:15:01 | INFO     | fedaugment.utils.logger:44 | Epoch 116: train_loss: 2.17674
2026-01-04 02:15:02 | INFO     | fedaugment.utils.logger:44 | Epoch 117: train_loss: 2.17368
2026-01-04 02:15:03 | INFO     | fedaugment.utils.logger:44 | Epoch 118: train_loss: 2.17095
2026-01-04 02:15:03 | INFO     | fedaugment.utils.logger:44 | Epoch 119: train_loss: 2.17004
2026-01-04 02:15:04 | INFO     | fedaugment.utils.logger:44 | Epoch 120: train_loss: 2.16908
2026-01-04 02:15:04 | INFO     | fedaugment.utils.logger:44 | Epoch 121: train_loss: 2.16765
2026-01-04 02:15:05 | INFO     | fedaugment.utils.logger:44 | Epoch 122: train_loss: 2.16581
2026-01-04 02:15:06 | INFO     | fedaugment.utils.logger:44 | Epoch 123: train_loss: 2.16356
2026-01-04 02:15:07 | INFO     | fedaugment.utils.logger:44 | Epoch 124: train_loss: 2.16182
2026-01-04 02:15:08 | INFO     | fedaugment.utils.logger:44 | Epoch 125: train_loss: 2.16075
2026-01-04 02:15:08 | INFO     | fedaugment.utils.logger:44 | Epoch 126: train_loss: 2.15988
2026-01-04 02:15:09 | INFO     | fedaugment.utils.logger:44 | Epoch 127: train_loss: 2.15906
2026-01-04 02:15:10 | INFO     | fedaugment.utils.logger:44 | Epoch 128: train_loss: 2.15756
2026-01-04 02:15:11 | INFO     | fedaugment.utils.logger:44 | Epoch 129: train_loss: 2.15620
2026-01-04 02:15:11 | INFO     | fedaugment.utils.logger:44 | Epoch 130: train_loss: 2.15481
2026-01-04 02:15:12 | INFO     | fedaugment.utils.logger:44 | Epoch 131: train_loss: 2.15339
2026-01-04 02:15:13 | INFO     | fedaugment.utils.logger:44 | Epoch 132: train_loss: 2.15184
2026-01-04 02:15:14 | INFO     | fedaugment.utils.logger:44 | Epoch 133: train_loss: 2.15091
2026-01-04 02:15:14 | INFO     | fedaugment.utils.logger:44 | Epoch 134: train_loss: 2.14880
2026-01-04 02:15:15 | INFO     | fedaugment.utils.logger:44 | Epoch 135: train_loss: 2.14735
2026-01-04 02:15:16 | INFO     | fedaugment.utils.logger:44 | Epoch 136: train_loss: 2.14639
2026-01-04 02:15:17 | INFO     | fedaugment.utils.logger:44 | Epoch 137: train_loss: 2.14547
2026-01-04 02:15:17 | INFO     | fedaugment.utils.logger:44 | Epoch 138: train_loss: 2.14520
2026-01-04 02:15:19 | INFO     | fedaugment.utils.logger:44 | Epoch 139: train_loss: 2.14454
2026-01-04 02:15:19 | INFO     | fedaugment.utils.logger:44 | Epoch 140: train_loss: 2.14306
2026-01-04 02:15:20 | INFO     | fedaugment.utils.logger:44 | Epoch 141: train_loss: 2.14170
2026-01-04 02:15:21 | INFO     | fedaugment.utils.logger:44 | Epoch 142: train_loss: 2.14000
2026-01-04 02:15:22 | INFO     | fedaugment.utils.logger:44 | Epoch 143: train_loss: 2.13856
2026-01-04 02:15:22 | INFO     | fedaugment.utils.logger:44 | Epoch 144: train_loss: 2.13729
2026-01-04 02:15:23 | INFO     | fedaugment.utils.logger:44 | Epoch 145: train_loss: 2.13613
2026-01-04 02:15:24 | INFO     | fedaugment.utils.logger:44 | Epoch 146: train_loss: 2.13534
2026-01-04 02:15:25 | INFO     | fedaugment.utils.logger:44 | Epoch 147: train_loss: 2.13434
2026-01-04 02:15:25 | INFO     | fedaugment.utils.logger:44 | Epoch 148: train_loss: 2.13342
2026-01-04 02:15:26 | INFO     | fedaugment.utils.logger:44 | Epoch 149: train_loss: 2.13248
2026-01-04 02:15:27 | INFO     | fedaugment.utils.logger:44 | Epoch 150: train_loss: 2.13154
2026-01-04 02:15:28 | INFO     | fedaugment.utils.logger:44 | Epoch 151: train_loss: 2.13003
2026-01-04 02:15:28 | INFO     | fedaugment.utils.logger:44 | Epoch 152: train_loss: 2.12911
2026-01-04 02:15:30 | INFO     | fedaugment.utils.logger:44 | Epoch 153: train_loss: 2.12780
2026-01-04 02:15:30 | INFO     | fedaugment.utils.logger:44 | Epoch 154: train_loss: 2.12699
2026-01-04 02:15:31 | INFO     | fedaugment.utils.logger:44 | Epoch 155: train_loss: 2.12553
2026-01-04 02:15:31 | INFO     | fedaugment.utils.logger:44 | Epoch 156: train_loss: 2.12494
2026-01-04 02:15:32 | INFO     | fedaugment.utils.logger:44 | Epoch 157: train_loss: 2.12349
2026-01-04 02:15:33 | INFO     | fedaugment.utils.logger:44 | Epoch 158: train_loss: 2.12280
2026-01-04 02:15:34 | INFO     | fedaugment.utils.logger:44 | Epoch 159: train_loss: 2.12194
2026-01-04 02:15:35 | INFO     | fedaugment.utils.logger:44 | Epoch 160: train_loss: 2.12111
2026-01-04 02:15:35 | INFO     | fedaugment.utils.logger:44 | Epoch 161: train_loss: 2.12054
2026-01-04 02:15:36 | INFO     | fedaugment.utils.logger:44 | Epoch 162: train_loss: 2.12002
2026-01-04 02:15:37 | INFO     | fedaugment.utils.logger:44 | Epoch 163: train_loss: 2.11894
2026-01-04 02:15:38 | INFO     | fedaugment.utils.logger:44 | Epoch 164: train_loss: 2.11839
2026-01-04 02:15:38 | INFO     | fedaugment.utils.logger:44 | Epoch 165: train_loss: 2.11663
2026-01-04 02:15:39 | INFO     | fedaugment.utils.logger:44 | Epoch 166: train_loss: 2.11506
2026-01-04 02:15:40 | INFO     | fedaugment.utils.logger:44 | Epoch 167: train_loss: 2.11435
2026-01-04 02:15:41 | INFO     | fedaugment.utils.logger:44 | Epoch 168: train_loss: 2.11342
2026-01-04 02:15:42 | INFO     | fedaugment.utils.logger:44 | Epoch 169: train_loss: 2.11285
2026-01-04 02:15:42 | INFO     | fedaugment.utils.logger:44 | Epoch 170: train_loss: 2.11219
2026-01-04 02:15:43 | INFO     | fedaugment.utils.logger:44 | Epoch 171: train_loss: 2.11121
2026-01-04 02:15:44 | INFO     | fedaugment.utils.logger:44 | Epoch 172: train_loss: 2.11076
2026-01-04 02:15:45 | INFO     | fedaugment.utils.logger:44 | Epoch 173: train_loss: 2.11019
2026-01-04 02:15:46 | INFO     | fedaugment.utils.logger:44 | Epoch 174: train_loss: 2.10928
2026-01-04 02:15:46 | INFO     | fedaugment.utils.logger:44 | Epoch 175: train_loss: 2.10866
2026-01-04 02:15:47 | INFO     | fedaugment.utils.logger:44 | Epoch 176: train_loss: 2.10748
2026-01-04 02:15:47 | INFO     | fedaugment.utils.logger:44 | Epoch 177: train_loss: 2.10649
2026-01-04 02:15:48 | INFO     | fedaugment.utils.logger:44 | Epoch 178: train_loss: 2.10583
2026-01-04 02:15:49 | INFO     | fedaugment.utils.logger:44 | Epoch 179: train_loss: 2.10508
2026-01-04 02:15:50 | INFO     | fedaugment.utils.logger:44 | Epoch 180: train_loss: 2.10438
2026-01-04 02:15:51 | INFO     | fedaugment.utils.logger:44 | Epoch 181: train_loss: 2.10383
2026-01-04 02:15:51 | INFO     | fedaugment.utils.logger:44 | Epoch 182: train_loss: 2.10345
2026-01-04 02:15:52 | INFO     | fedaugment.utils.logger:44 | Epoch 183: train_loss: 2.10313
2026-01-04 02:15:53 | INFO     | fedaugment.utils.logger:44 | Epoch 184: train_loss: 2.10250
2026-01-04 02:15:53 | INFO     | fedaugment.utils.logger:44 | Epoch 185: train_loss: 2.10224
2026-01-04 02:15:54 | INFO     | fedaugment.utils.logger:44 | Epoch 186: train_loss: 2.10173
2026-01-04 02:15:55 | INFO     | fedaugment.utils.logger:44 | Epoch 187: train_loss: 2.10132
2026-01-04 02:15:56 | INFO     | fedaugment.utils.logger:44 | Epoch 188: train_loss: 2.10091
2026-01-04 02:15:56 | INFO     | fedaugment.utils.logger:44 | Epoch 189: train_loss: 2.10060
2026-01-04 02:15:57 | INFO     | fedaugment.utils.logger:44 | Epoch 190: train_loss: 2.10049
2026-01-04 02:15:58 | INFO     | fedaugment.utils.logger:44 | Epoch 191: train_loss: 2.09991
2026-01-04 02:15:59 | INFO     | fedaugment.utils.logger:44 | Epoch 192: train_loss: 2.10007
2026-01-04 02:15:59 | INFO     | fedaugment.utils.logger:44 | Epoch 193: train_loss: 2.09944
2026-01-04 02:16:00 | INFO     | fedaugment.utils.logger:44 | Epoch 194: train_loss: 2.09931
2026-01-04 02:16:01 | INFO     | fedaugment.utils.logger:44 | Epoch 195: train_loss: 2.09896
2026-01-04 02:16:02 | INFO     | fedaugment.utils.logger:44 | Epoch 196: train_loss: 2.09907
2026-01-04 02:16:02 | INFO     | fedaugment.utils.logger:44 | Epoch 197: train_loss: 2.09845
2026-01-04 02:16:03 | INFO     | fedaugment.utils.logger:44 | Epoch 198: train_loss: 2.09818
2026-01-04 02:16:04 | INFO     | fedaugment.utils.logger:44 | Epoch 199: train_loss: 2.09821
2026-01-04 02:16:05 | INFO     | fedaugment.utils.logger:44 | Epoch 200: train_loss: 2.09800
2026-01-04 02:16:05 | INFO     | fedaugment.utils.logger:44 | Epoch 201: train_loss: 2.09772
2026-01-04 02:16:07 | INFO     | fedaugment.utils.logger:44 | Epoch 202: train_loss: 2.09760
2026-01-04 02:16:07 | INFO     | fedaugment.utils.logger:44 | Epoch 203: train_loss: 2.09748
2026-01-04 02:16:08 | INFO     | fedaugment.utils.logger:44 | Epoch 204: train_loss: 2.09709
2026-01-04 02:16:09 | INFO     | fedaugment.utils.logger:44 | Epoch 205: train_loss: 2.09716
2026-01-04 02:16:10 | INFO     | fedaugment.utils.logger:44 | Epoch 206: train_loss: 2.09699
2026-01-04 02:16:10 | INFO     | fedaugment.utils.logger:44 | Epoch 207: train_loss: 2.09631
2026-01-04 02:16:11 | INFO     | fedaugment.utils.logger:44 | Epoch 208: train_loss: 2.09668
2026-01-04 02:16:12 | INFO     | fedaugment.utils.logger:44 | Epoch 209: train_loss: 2.09669
2026-01-04 02:16:13 | INFO     | fedaugment.utils.logger:44 | Epoch 210: train_loss: 2.09645
2026-01-04 02:16:13 | INFO     | fedaugment.utils.logger:44 | Epoch 211: train_loss: 2.09626
2026-01-04 02:16:14 | INFO     | fedaugment.utils.logger:44 | Epoch 212: train_loss: 2.09617
2026-01-04 02:16:15 | INFO     | fedaugment.utils.logger:44 | Epoch 213: train_loss: 2.09590
2026-01-04 02:16:16 | INFO     | fedaugment.utils.logger:44 | Epoch 214: train_loss: 2.09610
2026-01-04 02:16:16 | INFO     | fedaugment.utils.logger:44 | Epoch 215: train_loss: 2.09554
2026-01-04 02:16:17 | INFO     | fedaugment.utils.logger:44 | Epoch 216: train_loss: 2.09599
2026-01-04 02:16:18 | INFO     | fedaugment.utils.logger:44 | Epoch 217: train_loss: 2.09535
2026-01-04 02:16:19 | INFO     | fedaugment.utils.logger:44 | Epoch 218: train_loss: 2.09527
2026-01-04 02:16:19 | INFO     | fedaugment.utils.logger:44 | Epoch 219: train_loss: 2.09566
2026-01-04 02:16:20 | INFO     | fedaugment.utils.logger:44 | Epoch 220: train_loss: 2.09517
2026-01-04 02:16:21 | INFO     | fedaugment.utils.logger:44 | Epoch 221: train_loss: 2.09518
2026-01-04 02:16:21 | INFO     | fedaugment.utils.logger:44 | Epoch 222: train_loss: 2.09498
2026-01-04 02:16:22 | INFO     | fedaugment.utils.logger:44 | Epoch 223: train_loss: 2.09507
2026-01-04 02:16:23 | INFO     | fedaugment.utils.logger:44 | Epoch 224: train_loss: 2.09530
2026-01-04 02:16:24 | INFO     | fedaugment.utils.logger:44 | Epoch 225: train_loss: 2.09509
2026-01-04 02:16:24 | INFO     | fedaugment.utils.logger:44 | Epoch 226: train_loss: 2.09480
2026-01-04 02:16:25 | INFO     | fedaugment.utils.logger:44 | Epoch 227: train_loss: 2.09481
2026-01-04 02:16:26 | INFO     | fedaugment.utils.logger:44 | Epoch 228: train_loss: 2.09506
2026-01-04 02:16:27 | INFO     | fedaugment.utils.logger:44 | Epoch 229: train_loss: 2.09490
2026-01-04 02:16:28 | INFO     | fedaugment.utils.logger:44 | Epoch 230: train_loss: 2.09486
2026-01-04 02:16:28 | INFO     | fedaugment.utils.logger:44 | Epoch 231: train_loss: 2.09476
2026-01-04 02:16:29 | INFO     | fedaugment.utils.logger:44 | Epoch 232: train_loss: 2.09446
2026-01-04 02:16:30 | INFO     | fedaugment.utils.logger:44 | Epoch 233: train_loss: 2.09472
2026-01-04 02:16:31 | INFO     | fedaugment.utils.logger:44 | Epoch 234: train_loss: 2.09487
2026-01-04 02:16:31 | INFO     | fedaugment.utils.logger:44 | Epoch 235: train_loss: 2.09471
2026-01-04 02:16:32 | INFO     | fedaugment.utils.logger:44 | Epoch 236: train_loss: 2.09480
2026-01-04 02:16:33 | INFO     | fedaugment.utils.logger:44 | Epoch 237: train_loss: 2.09471
2026-01-04 02:16:34 | INFO     | fedaugment.utils.logger:44 | Epoch 238: train_loss: 2.09468
2026-01-04 02:16:34 | INFO     | fedaugment.utils.logger:44 | Epoch 239: train_loss: 2.09451
2026-01-04 02:16:35 | INFO     | fedaugment.utils.logger:44 | Epoch 240: train_loss: 2.09462
2026-01-04 02:16:36 | INFO     | fedaugment.utils.logger:44 | Epoch 241: train_loss: 2.09459
2026-01-04 02:16:37 | INFO     | fedaugment.utils.logger:44 | Epoch 242: train_loss: 2.09433
2026-01-04 02:16:37 | INFO     | fedaugment.utils.logger:44 | Epoch 243: train_loss: 2.09456
2026-01-04 02:16:38 | INFO     | fedaugment.utils.logger:44 | Epoch 244: train_loss: 2.09440
2026-01-04 02:16:39 | INFO     | fedaugment.utils.logger:44 | Epoch 245: train_loss: 2.09471
2026-01-04 02:16:40 | INFO     | fedaugment.utils.logger:44 | Epoch 246: train_loss: 2.09467
2026-01-04 02:16:41 | INFO     | fedaugment.utils.logger:44 | Epoch 247: train_loss: 2.09466
2026-01-04 02:16:42 | INFO     | fedaugment.utils.logger:44 | Epoch 248: train_loss: 2.09434
2026-01-04 02:16:42 | INFO     | fedaugment.utils.logger:44 | Epoch 249: train_loss: 2.09476
2026-01-04 02:16:42 | INFO     | lightning_utilities.core.rank_zero:60 | `Trainer.fit` stopped: `max_epochs=250` reached.
2026-01-04 02:16:50 | INFO     | fedaugment.projections.main:87 | Starting testing phase...
2026-01-04 02:16:50 | INFO     | lightning.pytorch.accelerators.cuda:61 | LOCAL_RANK: 0 - CUDA_VISIBLE_DEVICES: [0]
2026-01-04 02:16:50 | INFO     | fedaugment.utils.logger:38 | {'module_kwargs': CLModuleConfig(model_type='projection_head', out_dim=1024, hidden_dims=[1024, 1536, 1536], activation='silu', normalization='batch', dropout=0.0), 'criterion': CriterionConfig(class_='MultiViewNTXentLoss', kwargs={'temperature': 0.1}), 'optim_configs': [OptimizerConfig(class_='AdamW', kwargs={'lr': 0.001, 'betas': (0.9, 0.999), 'eps': 1e-08, 'weight_decay': 0.01})], 'sched_configs': [LRSchedulerConfig(class_='LambdaLR', interval='epoch', frequency=1, monitor=None, kwargs={'lr_lambda': <function cos_annealing_with_warmup at 0x7ff54a0a9440>})], 'pipeline_names': ['distilroberta-dj_adpt', 'gte_base-dj_adpt', 'gtr_t5-dj_adpt', 'mini_l12-dj_adpt', 'mini_l6-dj_adpt', 'mpnet-dj_adpt'], 'embedding_dims': [768, 768, 768, 384, 384, 768], 'data_batch_size': 4096, 'metric_batch_size': 65536}
2026-01-04 02:17:10 | DEBUG    | fedaugment.projections.metrics.base:115 | Computing CosineSimilarityOrchestrator metrics.
2026-01-04 02:17:10 | WARNING  | fedaugment.projections.metrics.base:117 | Number of projections (8891658) is not divisible by chunk size (65536). This may lead to suboptimal performance.
2026-01-04 04:26:47 | DEBUG    | fedaugment.projections.metrics.base:198 | Finalized CosineSimilarityOrchestrator metrics
2026-01-04 04:26:47 | INFO     | fedaugment.utils.logger:44 | Epoch 250: test_loss: 6.40470, test_cossim_mean: 0.23240, test_entity_stability_15: 0.02013, test_entity_stability_5: 0.01760, test_entity_stability_50: 0.02873, test_same_lbl_cossim_mean: 0.74945
2026-01-04 04:26:47 | INFO     | fedaugment.projections.main:92 | Best model checkpoint saved at /home/lennart-ldap/projects/fedaugment/logs/curation_train_webtable_fft_euc-mpnet-dj_adpt-k=12609/version_1/last.ckpt
2026-01-04 04:26:47 | INFO     | __main__:50 | Evaluating grid-mpnet-dj_adpt-k=12609 on webtable 001
2026-01-04 04:26:47 | DEBUG    | fedaugment.projections.main:31 | Experiment configuration: {"experiment_name":"curation_train_webtable_grid-mpnet-dj_adpt-k=12609","experiment_version":1,"seed":42,"data_module":{"class_":"DefaultDataModule","data":{"train":"data/embeddings/webtable/sample-001/grid-mpnet-dj_adpt-k=12609","val":null,"test":"data/embeddings/webtable/split/test"},"batch_size":4096,"num_workers":32,"pin_memory":true,"persistent_workers":true,"prefetch_factor":5,"verify_column_ids":true},"projection_model":{"class_":"ContrastiveLearningModel","module_kwargs":{"model_type":"projection_head","out_dim":1024,"hidden_dims":[1024,1536,1536],"activation":"silu","normalization":"batch","dropout":0.0},"criterion":{"class_":"MultiViewNTXentLoss","kwargs":{"temperature":0.1}},"optimizers":[{"class_":"AdamW","kwargs":{"lr":0.001,"betas":[0.9,0.999],"eps":1e-8,"weight_decay":0.01}}],"schedulers":[{"class_":"LambdaLR","interval":"epoch","frequency":1,"monitor":null,"kwargs":{"lr_lambda":"cos_annealing_with_warmup"}}],"metric_batch_size":65536},"trainer":{"max_epochs":250,"accelerator":"gpu","check_val_every_n_epoch":10,"devices":"auto","deterministic":false,"enable_checkpointing":true,"enable_model_summary":true,"enable_progress_bar":true,"log_every_n_steps":50,"max_time":null,"num_sanity_val_steps":2,"precision":"bf16-mixed","profiler":null},"compile_model":true}
2026-01-04 04:26:47 | INFO     | lightning.fabric.utilities.seed:57 | Seed set to 42
2026-01-04 04:26:49 | INFO     | fedaugment.projections.main:42 | Compiling projection model...
2026-01-04 04:26:49 | INFO     | fedaugment.projections.main:44 | Projection model compiled
2026-01-04 04:26:49 | INFO     | fedaugment.projections.main:46 | Initializing trainer...
2026-01-04 04:26:49 | INFO     | lightning_utilities.core.rank_zero:60 | Using bfloat16 Automatic Mixed Precision (AMP)
2026-01-04 04:26:49 | INFO     | lightning_utilities.core.rank_zero:60 | GPU available: True (cuda), used: True
2026-01-04 04:26:49 | INFO     | lightning_utilities.core.rank_zero:60 | TPU available: False, using: 0 TPU cores
2026-01-04 04:26:49 | INFO     | fedaugment.projections.main:76 | Trainer initialized
2026-01-04 04:26:49 | INFO     | fedaugment.projections.main:83 | Starting training phase...
2026-01-04 04:26:49 | INFO     | lightning.pytorch.accelerators.cuda:61 | LOCAL_RANK: 0 - CUDA_VISIBLE_DEVICES: [0]
2026-01-04 04:26:49 | INFO     | lightning.pytorch.callbacks.model_summary:110 |
  | Name              | Type                         | Params | Mode  | FLOPs
-----------------------------------------------------------------------------------
0 | criterion         | MultiViewNTXentLoss          | 0      | train | 0
1 | val_metrics       | MetricCollection             | 0      | train | 0
2 | test_metrics      | MetricCollection             | 0      | train | 0
3 | val_orchestrator  | CosineSimilarityOrchestrator | 0      | train | 0
4 | test_orchestrator | CosineSimilarityOrchestrator | 0      | train | 0
5 | projection_heads  | ModuleList                   | 37.0 M | train | 0
-----------------------------------------------------------------------------------
37.0 M    Trainable params
0         Non-trainable params
37.0 M    Total params
148.120   Total estimated model params size (MB)
94        Modules in train mode
0         Modules in eval mode
0         Total Flops
2026-01-04 04:26:49 | INFO     | fedaugment.utils.logger:38 | {'module_kwargs': CLModuleConfig(model_type='projection_head', out_dim=1024, hidden_dims=[1024, 1536, 1536], activation='silu', normalization='batch', dropout=0.0), 'criterion': CriterionConfig(class_='MultiViewNTXentLoss', kwargs={'temperature': 0.1}), 'optim_configs': [OptimizerConfig(class_='AdamW', kwargs={'lr': 0.001, 'betas': (0.9, 0.999), 'eps': 1e-08, 'weight_decay': 0.01})], 'sched_configs': [LRSchedulerConfig(class_='LambdaLR', interval='epoch', frequency=1, monitor=None, kwargs={'lr_lambda': <function cos_annealing_with_warmup at 0x7ff54a0a9440>})], 'pipeline_names': ['distilroberta-dj_adpt', 'gte_base-dj_adpt', 'gtr_t5-dj_adpt', 'mini_l12-dj_adpt', 'mini_l6-dj_adpt', 'mpnet-dj_adpt'], 'embedding_dims': [768, 768, 768, 384, 384, 768], 'data_batch_size': 4096, 'metric_batch_size': 65536}
2026-01-04 04:26:50 | INFO     | fedaugment.utils.logger:44 | Epoch 0: train_loss: 10.52782
2026-01-04 04:26:51 | INFO     | fedaugment.utils.logger:44 | Epoch 1: train_loss: 10.08754
2026-01-04 04:26:51 | INFO     | fedaugment.utils.logger:44 | Epoch 2: train_loss: 8.59049
2026-01-04 04:26:53 | INFO     | fedaugment.utils.logger:44 | Epoch 3: train_loss: 7.21578
2026-01-04 04:26:53 | INFO     | fedaugment.utils.logger:44 | Epoch 4: train_loss: 6.20132
2026-01-04 04:26:54 | INFO     | fedaugment.utils.logger:44 | Epoch 5: train_loss: 5.53034
2026-01-04 04:26:55 | INFO     | fedaugment.utils.logger:44 | Epoch 6: train_loss: 5.05642
2026-01-04 04:26:56 | INFO     | fedaugment.utils.logger:44 | Epoch 7: train_loss: 4.71059
2026-01-04 04:26:56 | INFO     | fedaugment.utils.logger:44 | Epoch 8: train_loss: 4.43278
2026-01-04 04:26:57 | INFO     | fedaugment.utils.logger:44 | Epoch 9: train_loss: 4.20715
2026-01-04 04:26:58 | INFO     | fedaugment.utils.logger:44 | Epoch 10: train_loss: 4.02700
2026-01-04 04:26:59 | INFO     | fedaugment.utils.logger:44 | Epoch 11: train_loss: 3.87026
2026-01-04 04:27:00 | INFO     | fedaugment.utils.logger:44 | Epoch 12: train_loss: 3.74263
2026-01-04 04:27:01 | INFO     | fedaugment.utils.logger:44 | Epoch 13: train_loss: 3.63587
2026-01-04 04:27:01 | INFO     | fedaugment.utils.logger:44 | Epoch 14: train_loss: 3.54300
2026-01-04 04:27:02 | INFO     | fedaugment.utils.logger:44 | Epoch 15: train_loss: 3.46677
2026-01-04 04:27:03 | INFO     | fedaugment.utils.logger:44 | Epoch 16: train_loss: 3.40116
2026-01-04 04:27:04 | INFO     | fedaugment.utils.logger:44 | Epoch 17: train_loss: 3.33727
2026-01-04 04:27:04 | INFO     | fedaugment.utils.logger:44 | Epoch 18: train_loss: 3.27750
2026-01-04 04:27:05 | INFO     | fedaugment.utils.logger:44 | Epoch 19: train_loss: 3.22822
2026-01-04 04:27:06 | INFO     | fedaugment.utils.logger:44 | Epoch 20: train_loss: 3.17782
2026-01-04 04:27:07 | INFO     | fedaugment.utils.logger:44 | Epoch 21: train_loss: 3.14090
2026-01-04 04:27:07 | INFO     | fedaugment.utils.logger:44 | Epoch 22: train_loss: 3.09726
2026-01-04 04:27:08 | INFO     | fedaugment.utils.logger:44 | Epoch 23: train_loss: 3.06426
2026-01-04 04:27:09 | INFO     | fedaugment.utils.logger:44 | Epoch 24: train_loss: 3.03775
2026-01-04 04:27:10 | INFO     | fedaugment.utils.logger:44 | Epoch 25: train_loss: 3.00352
2026-01-04 04:27:10 | INFO     | fedaugment.utils.logger:44 | Epoch 26: train_loss: 2.98237
2026-01-04 04:27:11 | INFO     | fedaugment.utils.logger:44 | Epoch 27: train_loss: 2.95481
2026-01-04 04:27:12 | INFO     | fedaugment.utils.logger:44 | Epoch 28: train_loss: 2.93028
2026-01-04 04:27:13 | INFO     | fedaugment.utils.logger:44 | Epoch 29: train_loss: 2.90808
2026-01-04 04:27:13 | INFO     | fedaugment.utils.logger:44 | Epoch 30: train_loss: 2.89301
2026-01-04 04:27:14 | INFO     | fedaugment.utils.logger:44 | Epoch 31: train_loss: 2.87694
2026-01-04 04:27:15 | INFO     | fedaugment.utils.logger:44 | Epoch 32: train_loss: 2.86148
2026-01-04 04:27:16 | INFO     | fedaugment.utils.logger:44 | Epoch 33: train_loss: 2.84529
2026-01-04 04:27:17 | INFO     | fedaugment.utils.logger:44 | Epoch 34: train_loss: 2.81638
2026-01-04 04:27:17 | INFO     | fedaugment.utils.logger:44 | Epoch 35: train_loss: 2.79752
2026-01-04 04:27:18 | INFO     | fedaugment.utils.logger:44 | Epoch 36: train_loss: 2.78732
2026-01-04 04:27:19 | INFO     | fedaugment.utils.logger:44 | Epoch 37: train_loss: 2.77056
2026-01-04 04:27:20 | INFO     | fedaugment.utils.logger:44 | Epoch 38: train_loss: 2.76129
2026-01-04 04:27:20 | INFO     | fedaugment.utils.logger:44 | Epoch 39: train_loss: 2.74150
2026-01-04 04:27:21 | INFO     | fedaugment.utils.logger:44 | Epoch 40: train_loss: 2.71962
2026-01-04 04:27:22 | INFO     | fedaugment.utils.logger:44 | Epoch 41: train_loss: 2.70438
2026-01-04 04:27:23 | INFO     | fedaugment.utils.logger:44 | Epoch 42: train_loss: 2.68564
2026-01-04 04:27:23 | INFO     | fedaugment.utils.logger:44 | Epoch 43: train_loss: 2.67381
2026-01-04 04:27:24 | INFO     | fedaugment.utils.logger:44 | Epoch 44: train_loss: 2.67709
2026-01-04 04:27:25 | INFO     | fedaugment.utils.logger:44 | Epoch 45: train_loss: 2.66896
2026-01-04 04:27:26 | INFO     | fedaugment.utils.logger:44 | Epoch 46: train_loss: 2.65203
2026-01-04 04:27:26 | INFO     | fedaugment.utils.logger:44 | Epoch 47: train_loss: 2.63511
2026-01-04 04:27:27 | INFO     | fedaugment.utils.logger:44 | Epoch 48: train_loss: 2.62231
2026-01-04 04:27:28 | INFO     | fedaugment.utils.logger:44 | Epoch 49: train_loss: 2.61115
2026-01-04 04:27:29 | INFO     | fedaugment.utils.logger:44 | Epoch 50: train_loss: 2.60398
2026-01-04 04:27:29 | INFO     | fedaugment.utils.logger:44 | Epoch 51: train_loss: 2.59098
2026-01-04 04:27:30 | INFO     | fedaugment.utils.logger:44 | Epoch 52: train_loss: 2.57545
2026-01-04 04:27:31 | INFO     | fedaugment.utils.logger:44 | Epoch 53: train_loss: 2.56714
2026-01-04 04:27:32 | INFO     | fedaugment.utils.logger:44 | Epoch 54: train_loss: 2.56173
2026-01-04 04:27:33 | INFO     | fedaugment.utils.logger:44 | Epoch 55: train_loss: 2.55554
2026-01-04 04:27:33 | INFO     | fedaugment.utils.logger:44 | Epoch 56: train_loss: 2.54785
2026-01-04 04:27:34 | INFO     | fedaugment.utils.logger:44 | Epoch 57: train_loss: 2.54424
2026-01-04 04:27:35 | INFO     | fedaugment.utils.logger:44 | Epoch 58: train_loss: 2.54353
2026-01-04 04:27:36 | INFO     | fedaugment.utils.logger:44 | Epoch 59: train_loss: 2.53612
2026-01-04 04:27:36 | INFO     | fedaugment.utils.logger:44 | Epoch 60: train_loss: 2.52609
2026-01-04 04:27:37 | INFO     | fedaugment.utils.logger:44 | Epoch 61: train_loss: 2.51979
2026-01-04 04:27:38 | INFO     | fedaugment.utils.logger:44 | Epoch 62: train_loss: 2.50804
2026-01-04 04:27:39 | INFO     | fedaugment.utils.logger:44 | Epoch 63: train_loss: 2.50067
2026-01-04 04:27:39 | INFO     | fedaugment.utils.logger:44 | Epoch 64: train_loss: 2.49398
2026-01-04 04:27:40 | INFO     | fedaugment.utils.logger:44 | Epoch 65: train_loss: 2.48519
2026-01-04 04:27:41 | INFO     | fedaugment.utils.logger:44 | Epoch 66: train_loss: 2.47965
2026-01-04 04:27:41 | INFO     | fedaugment.utils.logger:44 | Epoch 67: train_loss: 2.47477
2026-01-04 04:27:42 | INFO     | fedaugment.utils.logger:44 | Epoch 68: train_loss: 2.47167
2026-01-04 04:27:43 | INFO     | fedaugment.utils.logger:44 | Epoch 69: train_loss: 2.46659
2026-01-04 04:27:44 | INFO     | fedaugment.utils.logger:44 | Epoch 70: train_loss: 2.46562
2026-01-04 04:27:44 | INFO     | fedaugment.utils.logger:44 | Epoch 71: train_loss: 2.45279
2026-01-04 04:27:45 | INFO     | fedaugment.utils.logger:44 | Epoch 72: train_loss: 2.44900
2026-01-04 04:27:46 | INFO     | fedaugment.utils.logger:44 | Epoch 73: train_loss: 2.43983
2026-01-04 04:27:47 | INFO     | fedaugment.utils.logger:44 | Epoch 74: train_loss: 2.43701
2026-01-04 04:27:47 | INFO     | fedaugment.utils.logger:44 | Epoch 75: train_loss: 2.43010
2026-01-04 04:27:48 | INFO     | fedaugment.utils.logger:44 | Epoch 76: train_loss: 2.42953
2026-01-04 04:27:49 | INFO     | fedaugment.utils.logger:44 | Epoch 77: train_loss: 2.43004
2026-01-04 04:27:50 | INFO     | fedaugment.utils.logger:44 | Epoch 78: train_loss: 2.41951
2026-01-04 04:27:50 | INFO     | fedaugment.utils.logger:44 | Epoch 79: train_loss: 2.41152
2026-01-04 04:27:51 | INFO     | fedaugment.utils.logger:44 | Epoch 80: train_loss: 2.40433
2026-01-04 04:27:52 | INFO     | fedaugment.utils.logger:44 | Epoch 81: train_loss: 2.39358
2026-01-04 04:27:53 | INFO     | fedaugment.utils.logger:44 | Epoch 82: train_loss: 2.39176
2026-01-04 04:27:54 | INFO     | fedaugment.utils.logger:44 | Epoch 83: train_loss: 2.38948
2026-01-04 04:27:54 | INFO     | fedaugment.utils.logger:44 | Epoch 84: train_loss: 2.38361
2026-01-04 04:27:55 | INFO     | fedaugment.utils.logger:44 | Epoch 85: train_loss: 2.38274
2026-01-04 04:27:56 | INFO     | fedaugment.utils.logger:44 | Epoch 86: train_loss: 2.38024
2026-01-04 04:27:57 | INFO     | fedaugment.utils.logger:44 | Epoch 87: train_loss: 2.37945
2026-01-04 04:27:57 | INFO     | fedaugment.utils.logger:44 | Epoch 88: train_loss: 2.37652
2026-01-04 04:27:58 | INFO     | fedaugment.utils.logger:44 | Epoch 89: train_loss: 2.37903
2026-01-04 04:27:59 | INFO     | fedaugment.utils.logger:44 | Epoch 90: train_loss: 2.36991
2026-01-04 04:28:00 | INFO     | fedaugment.utils.logger:44 | Epoch 91: train_loss: 2.36460
2026-01-04 04:28:00 | INFO     | fedaugment.utils.logger:44 | Epoch 92: train_loss: 2.36200
2026-01-04 04:28:01 | INFO     | fedaugment.utils.logger:44 | Epoch 93: train_loss: 2.35831
2026-01-04 04:28:02 | INFO     | fedaugment.utils.logger:44 | Epoch 94: train_loss: 2.35516
2026-01-04 04:28:03 | INFO     | fedaugment.utils.logger:44 | Epoch 95: train_loss: 2.34930
2026-01-04 04:28:03 | INFO     | fedaugment.utils.logger:44 | Epoch 96: train_loss: 2.34653
2026-01-04 04:28:04 | INFO     | fedaugment.utils.logger:44 | Epoch 97: train_loss: 2.33574
2026-01-04 04:28:05 | INFO     | fedaugment.utils.logger:44 | Epoch 98: train_loss: 2.33552
2026-01-04 04:28:06 | INFO     | fedaugment.utils.logger:44 | Epoch 99: train_loss: 2.33030
2026-01-04 04:28:06 | INFO     | fedaugment.utils.logger:44 | Epoch 100: train_loss: 2.32717
2026-01-04 04:28:07 | INFO     | fedaugment.utils.logger:44 | Epoch 101: train_loss: 2.32590
2026-01-04 04:28:08 | INFO     | fedaugment.utils.logger:44 | Epoch 102: train_loss: 2.32190
2026-01-04 04:28:09 | INFO     | fedaugment.utils.logger:44 | Epoch 103: train_loss: 2.32334
2026-01-04 04:28:10 | INFO     | fedaugment.utils.logger:44 | Epoch 104: train_loss: 2.31846
2026-01-04 04:28:10 | INFO     | fedaugment.utils.logger:44 | Epoch 105: train_loss: 2.31433
2026-01-04 04:28:11 | INFO     | fedaugment.utils.logger:44 | Epoch 106: train_loss: 2.31276
2026-01-04 04:28:11 | INFO     | fedaugment.utils.logger:44 | Epoch 107: train_loss: 2.30614
2026-01-04 04:28:12 | INFO     | fedaugment.utils.logger:44 | Epoch 108: train_loss: 2.30593
2026-01-04 04:28:13 | INFO     | fedaugment.utils.logger:44 | Epoch 109: train_loss: 2.30597
2026-01-04 04:28:14 | INFO     | fedaugment.utils.logger:44 | Epoch 110: train_loss: 2.30205
2026-01-04 04:28:15 | INFO     | fedaugment.utils.logger:44 | Epoch 111: train_loss: 2.29685
2026-01-04 04:28:15 | INFO     | fedaugment.utils.logger:44 | Epoch 112: train_loss: 2.29451
2026-01-04 04:28:16 | INFO     | fedaugment.utils.logger:44 | Epoch 113: train_loss: 2.29604
2026-01-04 04:28:17 | INFO     | fedaugment.utils.logger:44 | Epoch 114: train_loss: 2.28952
2026-01-04 04:28:18 | INFO     | fedaugment.utils.logger:44 | Epoch 115: train_loss: 2.28963
2026-01-04 04:28:18 | INFO     | fedaugment.utils.logger:44 | Epoch 116: train_loss: 2.28334
2026-01-04 04:28:19 | INFO     | fedaugment.utils.logger:44 | Epoch 117: train_loss: 2.28329
2026-01-04 04:28:20 | INFO     | fedaugment.utils.logger:44 | Epoch 118: train_loss: 2.27937
2026-01-04 04:28:21 | INFO     | fedaugment.utils.logger:44 | Epoch 119: train_loss: 2.27682
2026-01-04 04:28:21 | INFO     | fedaugment.utils.logger:44 | Epoch 120: train_loss: 2.27159
2026-01-04 04:28:22 | INFO     | fedaugment.utils.logger:44 | Epoch 121: train_loss: 2.27093
2026-01-04 04:28:23 | INFO     | fedaugment.utils.logger:44 | Epoch 122: train_loss: 2.26758
2026-01-04 04:28:24 | INFO     | fedaugment.utils.logger:44 | Epoch 123: train_loss: 2.26492
2026-01-04 04:28:24 | INFO     | fedaugment.utils.logger:44 | Epoch 124: train_loss: 2.26305
2026-01-04 04:28:25 | INFO     | fedaugment.utils.logger:44 | Epoch 125: train_loss: 2.26449
2026-01-04 04:28:26 | INFO     | fedaugment.utils.logger:44 | Epoch 126: train_loss: 2.26296
2026-01-04 04:28:27 | INFO     | fedaugment.utils.logger:44 | Epoch 127: train_loss: 2.26210
2026-01-04 04:28:27 | INFO     | fedaugment.utils.logger:44 | Epoch 128: train_loss: 2.25876
2026-01-04 04:28:28 | INFO     | fedaugment.utils.logger:44 | Epoch 129: train_loss: 2.25536
2026-01-04 04:28:29 | INFO     | fedaugment.utils.logger:44 | Epoch 130: train_loss: 2.25199
2026-01-04 04:28:30 | INFO     | fedaugment.utils.logger:44 | Epoch 131: train_loss: 2.24748
2026-01-04 04:28:31 | INFO     | fedaugment.utils.logger:44 | Epoch 132: train_loss: 2.24597
2026-01-04 04:28:31 | INFO     | fedaugment.utils.logger:44 | Epoch 133: train_loss: 2.24106
2026-01-04 04:28:32 | INFO     | fedaugment.utils.logger:44 | Epoch 134: train_loss: 2.24433
2026-01-04 04:28:33 | INFO     | fedaugment.utils.logger:44 | Epoch 135: train_loss: 2.23908
2026-01-04 04:28:34 | INFO     | fedaugment.utils.logger:44 | Epoch 136: train_loss: 2.23878
2026-01-04 04:28:34 | INFO     | fedaugment.utils.logger:44 | Epoch 137: train_loss: 2.23472
2026-01-04 04:28:35 | INFO     | fedaugment.utils.logger:44 | Epoch 138: train_loss: 2.23377
2026-01-04 04:28:36 | INFO     | fedaugment.utils.logger:44 | Epoch 139: train_loss: 2.23193
2026-01-04 04:28:37 | INFO     | fedaugment.utils.logger:44 | Epoch 140: train_loss: 2.23365
2026-01-04 04:28:37 | INFO     | fedaugment.utils.logger:44 | Epoch 141: train_loss: 2.23458
2026-01-04 04:28:38 | INFO     | fedaugment.utils.logger:44 | Epoch 142: train_loss: 2.23274
2026-01-04 04:28:39 | INFO     | fedaugment.utils.logger:44 | Epoch 143: train_loss: 2.22539
2026-01-04 04:28:40 | INFO     | fedaugment.utils.logger:44 | Epoch 144: train_loss: 2.22689
2026-01-04 04:28:40 | INFO     | fedaugment.utils.logger:44 | Epoch 145: train_loss: 2.22210
2026-01-04 04:28:41 | INFO     | fedaugment.utils.logger:44 | Epoch 146: train_loss: 2.21924
2026-01-04 04:28:42 | INFO     | fedaugment.utils.logger:44 | Epoch 147: train_loss: 2.21915
2026-01-04 04:28:43 | INFO     | fedaugment.utils.logger:44 | Epoch 148: train_loss: 2.21936
2026-01-04 04:28:43 | INFO     | fedaugment.utils.logger:44 | Epoch 149: train_loss: 2.21637
2026-01-04 04:28:44 | INFO     | fedaugment.utils.logger:44 | Epoch 150: train_loss: 2.21516
2026-01-04 04:28:45 | INFO     | fedaugment.utils.logger:44 | Epoch 151: train_loss: 2.21376
2026-01-04 04:28:45 | INFO     | fedaugment.utils.logger:44 | Epoch 152: train_loss: 2.21014
2026-01-04 04:28:47 | INFO     | fedaugment.utils.logger:44 | Epoch 153: train_loss: 2.20708
2026-01-04 04:28:47 | INFO     | fedaugment.utils.logger:44 | Epoch 154: train_loss: 2.20618
2026-01-04 04:28:48 | INFO     | fedaugment.utils.logger:44 | Epoch 155: train_loss: 2.20420
2026-01-04 04:28:49 | INFO     | fedaugment.utils.logger:44 | Epoch 156: train_loss: 2.20663
2026-01-04 04:28:50 | INFO     | fedaugment.utils.logger:44 | Epoch 157: train_loss: 2.20760
2026-01-04 04:28:50 | INFO     | fedaugment.utils.logger:44 | Epoch 158: train_loss: 2.20672
2026-01-04 04:28:51 | INFO     | fedaugment.utils.logger:44 | Epoch 159: train_loss: 2.20350
2026-01-04 04:28:52 | INFO     | fedaugment.utils.logger:44 | Epoch 160: train_loss: 2.20095
2026-01-04 04:28:53 | INFO     | fedaugment.utils.logger:44 | Epoch 161: train_loss: 2.20088
2026-01-04 04:28:53 | INFO     | fedaugment.utils.logger:44 | Epoch 162: train_loss: 2.19945
2026-01-04 04:28:54 | INFO     | fedaugment.utils.logger:44 | Epoch 163: train_loss: 2.19647
2026-01-04 04:28:55 | INFO     | fedaugment.utils.logger:44 | Epoch 164: train_loss: 2.19417
2026-01-04 04:28:56 | INFO     | fedaugment.utils.logger:44 | Epoch 165: train_loss: 2.19261
2026-01-04 04:28:56 | INFO     | fedaugment.utils.logger:44 | Epoch 166: train_loss: 2.18605
2026-01-04 04:28:57 | INFO     | fedaugment.utils.logger:44 | Epoch 167: train_loss: 2.18646
2026-01-04 04:28:58 | INFO     | fedaugment.utils.logger:44 | Epoch 168: train_loss: 2.18412
2026-01-04 04:28:59 | INFO     | fedaugment.utils.logger:44 | Epoch 169: train_loss: 2.18388
2026-01-04 04:28:59 | INFO     | fedaugment.utils.logger:44 | Epoch 170: train_loss: 2.18075
2026-01-04 04:29:00 | INFO     | fedaugment.utils.logger:44 | Epoch 171: train_loss: 2.17800
2026-01-04 04:29:01 | INFO     | fedaugment.utils.logger:44 | Epoch 172: train_loss: 2.17729
2026-01-04 04:29:01 | INFO     | fedaugment.utils.logger:44 | Epoch 173: train_loss: 2.17686
2026-01-04 04:29:02 | INFO     | fedaugment.utils.logger:44 | Epoch 174: train_loss: 2.17621
2026-01-04 04:29:03 | INFO     | fedaugment.utils.logger:44 | Epoch 175: train_loss: 2.17666
2026-01-04 04:29:04 | INFO     | fedaugment.utils.logger:44 | Epoch 176: train_loss: 2.17529
2026-01-04 04:29:04 | INFO     | fedaugment.utils.logger:44 | Epoch 177: train_loss: 2.17128
2026-01-04 04:29:05 | INFO     | fedaugment.utils.logger:44 | Epoch 178: train_loss: 2.17212
2026-01-04 04:29:06 | INFO     | fedaugment.utils.logger:44 | Epoch 179: train_loss: 2.16771
2026-01-04 04:29:07 | INFO     | fedaugment.utils.logger:44 | Epoch 180: train_loss: 2.16956
2026-01-04 04:29:08 | INFO     | fedaugment.utils.logger:44 | Epoch 181: train_loss: 2.16685
2026-01-04 04:29:08 | INFO     | fedaugment.utils.logger:44 | Epoch 182: train_loss: 2.16449
2026-01-04 04:29:09 | INFO     | fedaugment.utils.logger:44 | Epoch 183: train_loss: 2.16320
2026-01-04 04:29:10 | INFO     | fedaugment.utils.logger:44 | Epoch 184: train_loss: 2.16103
2026-01-04 04:29:11 | INFO     | fedaugment.utils.logger:44 | Epoch 185: train_loss: 2.16037
2026-01-04 04:29:11 | INFO     | fedaugment.utils.logger:44 | Epoch 186: train_loss: 2.15830
2026-01-04 04:29:12 | INFO     | fedaugment.utils.logger:44 | Epoch 187: train_loss: 2.15600
2026-01-04 04:29:13 | INFO     | fedaugment.utils.logger:44 | Epoch 188: train_loss: 2.15687
2026-01-04 04:29:14 | INFO     | fedaugment.utils.logger:44 | Epoch 189: train_loss: 2.15517
2026-01-04 04:29:14 | INFO     | fedaugment.utils.logger:44 | Epoch 190: train_loss: 2.15409
2026-01-04 04:29:15 | INFO     | fedaugment.utils.logger:44 | Epoch 191: train_loss: 2.15114
2026-01-04 04:29:16 | INFO     | fedaugment.utils.logger:44 | Epoch 192: train_loss: 2.15261
2026-01-04 04:29:17 | INFO     | fedaugment.utils.logger:44 | Epoch 193: train_loss: 2.15165
2026-01-04 04:29:17 | INFO     | fedaugment.utils.logger:44 | Epoch 194: train_loss: 2.15141
2026-01-04 04:29:18 | INFO     | fedaugment.utils.logger:44 | Epoch 195: train_loss: 2.14974
2026-01-04 04:29:19 | INFO     | fedaugment.utils.logger:44 | Epoch 196: train_loss: 2.15036
2026-01-04 04:29:20 | INFO     | fedaugment.utils.logger:44 | Epoch 197: train_loss: 2.14816
2026-01-04 04:29:20 | INFO     | fedaugment.utils.logger:44 | Epoch 198: train_loss: 2.14904
2026-01-04 04:29:21 | INFO     | fedaugment.utils.logger:44 | Epoch 199: train_loss: 2.14520
2026-01-04 04:29:22 | INFO     | fedaugment.utils.logger:44 | Epoch 200: train_loss: 2.14600
2026-01-04 04:29:22 | INFO     | fedaugment.utils.logger:44 | Epoch 201: train_loss: 2.14426
2026-01-04 04:29:23 | INFO     | fedaugment.utils.logger:44 | Epoch 202: train_loss: 2.14591
2026-01-04 04:29:24 | INFO     | fedaugment.utils.logger:44 | Epoch 203: train_loss: 2.14530
2026-01-04 04:29:25 | INFO     | fedaugment.utils.logger:44 | Epoch 204: train_loss: 2.14732
2026-01-04 04:29:25 | INFO     | fedaugment.utils.logger:44 | Epoch 205: train_loss: 2.14518
2026-01-04 04:29:26 | INFO     | fedaugment.utils.logger:44 | Epoch 206: train_loss: 2.14567
2026-01-04 04:29:27 | INFO     | fedaugment.utils.logger:44 | Epoch 207: train_loss: 2.14264
2026-01-04 04:29:28 | INFO     | fedaugment.utils.logger:44 | Epoch 208: train_loss: 2.14409
2026-01-04 04:29:29 | INFO     | fedaugment.utils.logger:44 | Epoch 209: train_loss: 2.14306
2026-01-04 04:29:29 | INFO     | fedaugment.utils.logger:44 | Epoch 210: train_loss: 2.14295
2026-01-04 04:29:30 | INFO     | fedaugment.utils.logger:44 | Epoch 211: train_loss: 2.14347
2026-01-04 04:29:31 | INFO     | fedaugment.utils.logger:44 | Epoch 212: train_loss: 2.14181
2026-01-04 04:29:32 | INFO     | fedaugment.utils.logger:44 | Epoch 213: train_loss: 2.14015
2026-01-04 04:29:32 | INFO     | fedaugment.utils.logger:44 | Epoch 214: train_loss: 2.14377
2026-01-04 04:29:33 | INFO     | fedaugment.utils.logger:44 | Epoch 215: train_loss: 2.14422
2026-01-04 04:29:34 | INFO     | fedaugment.utils.logger:44 | Epoch 216: train_loss: 2.14147
2026-01-04 04:29:35 | INFO     | fedaugment.utils.logger:44 | Epoch 217: train_loss: 2.14228
2026-01-04 04:29:35 | INFO     | fedaugment.utils.logger:44 | Epoch 218: train_loss: 2.14068
2026-01-04 04:29:36 | INFO     | fedaugment.utils.logger:44 | Epoch 219: train_loss: 2.14165
2026-01-04 04:29:37 | INFO     | fedaugment.utils.logger:44 | Epoch 220: train_loss: 2.14247
2026-01-04 04:29:38 | INFO     | fedaugment.utils.logger:44 | Epoch 221: train_loss: 2.14066
2026-01-04 04:29:38 | INFO     | fedaugment.utils.logger:44 | Epoch 222: train_loss: 2.14119
2026-01-04 04:29:39 | INFO     | fedaugment.utils.logger:44 | Epoch 223: train_loss: 2.14044
2026-01-04 04:29:40 | INFO     | fedaugment.utils.logger:44 | Epoch 224: train_loss: 2.14246
2026-01-04 04:29:41 | INFO     | fedaugment.utils.logger:44 | Epoch 225: train_loss: 2.13752
2026-01-04 04:29:41 | INFO     | fedaugment.utils.logger:44 | Epoch 226: train_loss: 2.13854
2026-01-04 04:29:42 | INFO     | fedaugment.utils.logger:44 | Epoch 227: train_loss: 2.13928
2026-01-04 04:29:43 | INFO     | fedaugment.utils.logger:44 | Epoch 228: train_loss: 2.14068
2026-01-04 04:29:44 | INFO     | fedaugment.utils.logger:44 | Epoch 229: train_loss: 2.14077
2026-01-04 04:29:45 | INFO     | fedaugment.utils.logger:44 | Epoch 230: train_loss: 2.13950
2026-01-04 04:29:45 | INFO     | fedaugment.utils.logger:44 | Epoch 231: train_loss: 2.14079
2026-01-04 04:29:46 | INFO     | fedaugment.utils.logger:44 | Epoch 232: train_loss: 2.14090
2026-01-04 04:29:46 | INFO     | fedaugment.utils.logger:44 | Epoch 233: train_loss: 2.13986
2026-01-04 04:29:47 | INFO     | fedaugment.utils.logger:44 | Epoch 234: train_loss: 2.13927
2026-01-04 04:29:48 | INFO     | fedaugment.utils.logger:44 | Epoch 235: train_loss: 2.13958
2026-01-04 04:29:49 | INFO     | fedaugment.utils.logger:44 | Epoch 236: train_loss: 2.13845
2026-01-04 04:29:50 | INFO     | fedaugment.utils.logger:44 | Epoch 237: train_loss: 2.13920
2026-01-04 04:29:50 | INFO     | fedaugment.utils.logger:44 | Epoch 238: train_loss: 2.14008
2026-01-04 04:29:51 | INFO     | fedaugment.utils.logger:44 | Epoch 239: train_loss: 2.14023
2026-01-04 04:29:52 | INFO     | fedaugment.utils.logger:44 | Epoch 240: train_loss: 2.13914
2026-01-04 04:29:53 | INFO     | fedaugment.utils.logger:44 | Epoch 241: train_loss: 2.13892
2026-01-04 04:29:53 | INFO     | fedaugment.utils.logger:44 | Epoch 242: train_loss: 2.13811
2026-01-04 04:29:54 | INFO     | fedaugment.utils.logger:44 | Epoch 243: train_loss: 2.13932
2026-01-04 04:29:55 | INFO     | fedaugment.utils.logger:44 | Epoch 244: train_loss: 2.13976
2026-01-04 04:29:55 | INFO     | fedaugment.utils.logger:44 | Epoch 245: train_loss: 2.13789
2026-01-04 04:29:56 | INFO     | fedaugment.utils.logger:44 | Epoch 246: train_loss: 2.13960
2026-01-04 04:29:57 | INFO     | fedaugment.utils.logger:44 | Epoch 247: train_loss: 2.13763
2026-01-04 04:29:58 | INFO     | fedaugment.utils.logger:44 | Epoch 248: train_loss: 2.13947
2026-01-04 04:29:58 | INFO     | fedaugment.utils.logger:44 | Epoch 249: train_loss: 2.14102
2026-01-04 04:29:58 | INFO     | lightning_utilities.core.rank_zero:60 | `Trainer.fit` stopped: `max_epochs=250` reached.
2026-01-04 04:30:06 | INFO     | fedaugment.projections.main:87 | Starting testing phase...
2026-01-04 04:30:06 | INFO     | lightning.pytorch.accelerators.cuda:61 | LOCAL_RANK: 0 - CUDA_VISIBLE_DEVICES: [0]
2026-01-04 04:30:06 | INFO     | fedaugment.utils.logger:38 | {'module_kwargs': CLModuleConfig(model_type='projection_head', out_dim=1024, hidden_dims=[1024, 1536, 1536], activation='silu', normalization='batch', dropout=0.0), 'criterion': CriterionConfig(class_='MultiViewNTXentLoss', kwargs={'temperature': 0.1}), 'optim_configs': [OptimizerConfig(class_='AdamW', kwargs={'lr': 0.001, 'betas': (0.9, 0.999), 'eps': 1e-08, 'weight_decay': 0.01})], 'sched_configs': [LRSchedulerConfig(class_='LambdaLR', interval='epoch', frequency=1, monitor=None, kwargs={'lr_lambda': <function cos_annealing_with_warmup at 0x7ff54a0a9440>})], 'pipeline_names': ['distilroberta-dj_adpt', 'gte_base-dj_adpt', 'gtr_t5-dj_adpt', 'mini_l12-dj_adpt', 'mini_l6-dj_adpt', 'mpnet-dj_adpt'], 'embedding_dims': [768, 768, 768, 384, 384, 768], 'data_batch_size': 4096, 'metric_batch_size': 65536}
2026-01-04 04:30:26 | DEBUG    | fedaugment.projections.metrics.base:115 | Computing CosineSimilarityOrchestrator metrics.
2026-01-04 04:30:26 | WARNING  | fedaugment.projections.metrics.base:117 | Number of projections (8891658) is not divisible by chunk size (65536). This may lead to suboptimal performance.
2026-01-04 06:39:48 | DEBUG    | fedaugment.projections.metrics.base:198 | Finalized CosineSimilarityOrchestrator metrics
2026-01-04 06:39:48 | INFO     | fedaugment.utils.logger:44 | Epoch 250: test_loss: 3.65385, test_cossim_mean: 0.00466, test_entity_stability_15: 0.14150, test_entity_stability_5: 0.10080, test_entity_stability_50: 0.22304, test_same_lbl_cossim_mean: 0.82662
2026-01-04 06:39:48 | INFO     | fedaugment.projections.main:92 | Best model checkpoint saved at /home/lennart-ldap/projects/fedaugment/logs/curation_train_webtable_grid-mpnet-dj_adpt-k=12609/version_1/last.ckpt
2026-01-04 06:39:48 | INFO     | __main__:50 | Evaluating fft_cos-mpnet-dj_adpt-k=12609-pca=0.9 on webtable 001
2026-01-04 06:39:48 | DEBUG    | fedaugment.projections.main:31 | Experiment configuration: {"experiment_name":"curation_train_webtable_fft_cos-mpnet-dj_adpt-k=12609-pca=0.9","experiment_version":1,"seed":42,"data_module":{"class_":"DefaultDataModule","data":{"train":"data/embeddings/webtable/sample-001/fft_cos-mpnet-dj_adpt-k=12609-pca=0.9","val":null,"test":"data/embeddings/webtable/split/test"},"batch_size":4096,"num_workers":32,"pin_memory":true,"persistent_workers":true,"prefetch_factor":5,"verify_column_ids":true},"projection_model":{"class_":"ContrastiveLearningModel","module_kwargs":{"model_type":"projection_head","out_dim":1024,"hidden_dims":[1024,1536,1536],"activation":"silu","normalization":"batch","dropout":0.0},"criterion":{"class_":"MultiViewNTXentLoss","kwargs":{"temperature":0.1}},"optimizers":[{"class_":"AdamW","kwargs":{"lr":0.001,"betas":[0.9,0.999],"eps":1e-8,"weight_decay":0.01}}],"schedulers":[{"class_":"LambdaLR","interval":"epoch","frequency":1,"monitor":null,"kwargs":{"lr_lambda":"cos_annealing_with_warmup"}}],"metric_batch_size":65536},"trainer":{"max_epochs":250,"accelerator":"gpu","check_val_every_n_epoch":10,"devices":"auto","deterministic":false,"enable_checkpointing":true,"enable_model_summary":true,"enable_progress_bar":true,"log_every_n_steps":50,"max_time":null,"num_sanity_val_steps":2,"precision":"bf16-mixed","profiler":null},"compile_model":true}
2026-01-04 06:39:48 | INFO     | lightning.fabric.utilities.seed:57 | Seed set to 42
2026-01-04 06:39:50 | INFO     | fedaugment.projections.main:42 | Compiling projection model...
2026-01-04 06:39:50 | INFO     | fedaugment.projections.main:44 | Projection model compiled
2026-01-04 06:39:50 | INFO     | fedaugment.projections.main:46 | Initializing trainer...
2026-01-04 06:39:50 | INFO     | lightning_utilities.core.rank_zero:60 | Using bfloat16 Automatic Mixed Precision (AMP)
2026-01-04 06:39:50 | INFO     | lightning_utilities.core.rank_zero:60 | GPU available: True (cuda), used: True
2026-01-04 06:39:50 | INFO     | lightning_utilities.core.rank_zero:60 | TPU available: False, using: 0 TPU cores
2026-01-04 06:39:50 | INFO     | fedaugment.projections.main:76 | Trainer initialized
2026-01-04 06:39:50 | INFO     | fedaugment.projections.main:83 | Starting training phase...
2026-01-04 06:39:50 | INFO     | lightning.pytorch.accelerators.cuda:61 | LOCAL_RANK: 0 - CUDA_VISIBLE_DEVICES: [0]
2026-01-04 06:39:50 | INFO     | lightning.pytorch.callbacks.model_summary:110 |
  | Name              | Type                         | Params | Mode  | FLOPs
-----------------------------------------------------------------------------------
0 | criterion         | MultiViewNTXentLoss          | 0      | train | 0
1 | val_metrics       | MetricCollection             | 0      | train | 0
2 | test_metrics      | MetricCollection             | 0      | train | 0
3 | val_orchestrator  | CosineSimilarityOrchestrator | 0      | train | 0
4 | test_orchestrator | CosineSimilarityOrchestrator | 0      | train | 0
5 | projection_heads  | ModuleList                   | 37.0 M | train | 0
-----------------------------------------------------------------------------------
37.0 M    Trainable params
0         Non-trainable params
37.0 M    Total params
148.120   Total estimated model params size (MB)
94        Modules in train mode
0         Modules in eval mode
0         Total Flops
2026-01-04 06:39:50 | INFO     | fedaugment.utils.logger:38 | {'module_kwargs': CLModuleConfig(model_type='projection_head', out_dim=1024, hidden_dims=[1024, 1536, 1536], activation='silu', normalization='batch', dropout=0.0), 'criterion': CriterionConfig(class_='MultiViewNTXentLoss', kwargs={'temperature': 0.1}), 'optim_configs': [OptimizerConfig(class_='AdamW', kwargs={'lr': 0.001, 'betas': (0.9, 0.999), 'eps': 1e-08, 'weight_decay': 0.01})], 'sched_configs': [LRSchedulerConfig(class_='LambdaLR', interval='epoch', frequency=1, monitor=None, kwargs={'lr_lambda': <function cos_annealing_with_warmup at 0x7ff54a0a9440>})], 'pipeline_names': ['distilroberta-dj_adpt', 'gte_base-dj_adpt', 'gtr_t5-dj_adpt', 'mini_l12-dj_adpt', 'mini_l6-dj_adpt', 'mpnet-dj_adpt'], 'embedding_dims': [768, 768, 768, 384, 384, 768], 'data_batch_size': 4096, 'metric_batch_size': 65536}
2026-01-04 06:39:51 | INFO     | fedaugment.utils.logger:44 | Epoch 0: train_loss: 10.14211
2026-01-04 06:39:52 | INFO     | fedaugment.utils.logger:44 | Epoch 1: train_loss: 9.93845
2026-01-04 06:39:53 | INFO     | fedaugment.utils.logger:44 | Epoch 2: train_loss: 8.98532
2026-01-04 06:39:54 | INFO     | fedaugment.utils.logger:44 | Epoch 3: train_loss: 7.61577
2026-01-04 06:39:54 | INFO     | fedaugment.utils.logger:44 | Epoch 4: train_loss: 6.43724
2026-01-04 06:39:55 | INFO     | fedaugment.utils.logger:44 | Epoch 5: train_loss: 5.69178
2026-01-04 06:39:56 | INFO     | fedaugment.utils.logger:44 | Epoch 6: train_loss: 5.18328
2026-01-04 06:39:57 | INFO     | fedaugment.utils.logger:44 | Epoch 7: train_loss: 4.80962
2026-01-04 06:39:58 | INFO     | fedaugment.utils.logger:44 | Epoch 8: train_loss: 4.51504
2026-01-04 06:39:58 | INFO     | fedaugment.utils.logger:44 | Epoch 9: train_loss: 4.27862
2026-01-04 06:39:59 | INFO     | fedaugment.utils.logger:44 | Epoch 10: train_loss: 4.08203
2026-01-04 06:40:00 | INFO     | fedaugment.utils.logger:44 | Epoch 11: train_loss: 3.91633
2026-01-04 06:40:01 | INFO     | fedaugment.utils.logger:44 | Epoch 12: train_loss: 3.77784
2026-01-04 06:40:02 | INFO     | fedaugment.utils.logger:44 | Epoch 13: train_loss: 3.65838
2026-01-04 06:40:02 | INFO     | fedaugment.utils.logger:44 | Epoch 14: train_loss: 3.55715
2026-01-04 06:40:03 | INFO     | fedaugment.utils.logger:44 | Epoch 15: train_loss: 3.46361
2026-01-04 06:40:03 | INFO     | fedaugment.utils.logger:44 | Epoch 16: train_loss: 3.37916
2026-01-04 06:40:05 | INFO     | fedaugment.utils.logger:44 | Epoch 17: train_loss: 3.30279
2026-01-04 06:40:05 | INFO     | fedaugment.utils.logger:44 | Epoch 18: train_loss: 3.23237
2026-01-04 06:40:06 | INFO     | fedaugment.utils.logger:44 | Epoch 19: train_loss: 3.16765
2026-01-04 06:40:07 | INFO     | fedaugment.utils.logger:44 | Epoch 20: train_loss: 3.10836
2026-01-04 06:40:08 | INFO     | fedaugment.utils.logger:44 | Epoch 21: train_loss: 3.05328
2026-01-04 06:40:08 | INFO     | fedaugment.utils.logger:44 | Epoch 22: train_loss: 3.00230
2026-01-04 06:40:09 | INFO     | fedaugment.utils.logger:44 | Epoch 23: train_loss: 2.95643
2026-01-04 06:40:10 | INFO     | fedaugment.utils.logger:44 | Epoch 24: train_loss: 2.91578
2026-01-04 06:40:11 | INFO     | fedaugment.utils.logger:44 | Epoch 25: train_loss: 2.87851
2026-01-04 06:40:11 | INFO     | fedaugment.utils.logger:44 | Epoch 26: train_loss: 2.84448
2026-01-04 06:40:12 | INFO     | fedaugment.utils.logger:44 | Epoch 27: train_loss: 2.81181
2026-01-04 06:40:13 | INFO     | fedaugment.utils.logger:44 | Epoch 28: train_loss: 2.78130
2026-01-04 06:40:14 | INFO     | fedaugment.utils.logger:44 | Epoch 29: train_loss: 2.75546
2026-01-04 06:40:14 | INFO     | fedaugment.utils.logger:44 | Epoch 30: train_loss: 2.73123
2026-01-04 06:40:15 | INFO     | fedaugment.utils.logger:44 | Epoch 31: train_loss: 2.71117
2026-01-04 06:40:16 | INFO     | fedaugment.utils.logger:44 | Epoch 32: train_loss: 2.69352
2026-01-04 06:40:17 | INFO     | fedaugment.utils.logger:44 | Epoch 33: train_loss: 2.67690
2026-01-04 06:40:18 | INFO     | fedaugment.utils.logger:44 | Epoch 34: train_loss: 2.66095
2026-01-04 06:40:18 | INFO     | fedaugment.utils.logger:44 | Epoch 35: train_loss: 2.64560
2026-01-04 06:40:19 | INFO     | fedaugment.utils.logger:44 | Epoch 36: train_loss: 2.62725
2026-01-04 06:40:20 | INFO     | fedaugment.utils.logger:44 | Epoch 37: train_loss: 2.60794
2026-01-04 06:40:21 | INFO     | fedaugment.utils.logger:44 | Epoch 38: train_loss: 2.58721
2026-01-04 06:40:21 | INFO     | fedaugment.utils.logger:44 | Epoch 39: train_loss: 2.56723
2026-01-04 06:40:22 | INFO     | fedaugment.utils.logger:44 | Epoch 40: train_loss: 2.55050
2026-01-04 06:40:23 | INFO     | fedaugment.utils.logger:44 | Epoch 41: train_loss: 2.53419
2026-01-04 06:40:24 | INFO     | fedaugment.utils.logger:44 | Epoch 42: train_loss: 2.52193
2026-01-04 06:40:24 | INFO     | fedaugment.utils.logger:44 | Epoch 43: train_loss: 2.51076
2026-01-04 06:40:25 | INFO     | fedaugment.utils.logger:44 | Epoch 44: train_loss: 2.49911
2026-01-04 06:40:26 | INFO     | fedaugment.utils.logger:44 | Epoch 45: train_loss: 2.48854
2026-01-04 06:40:27 | INFO     | fedaugment.utils.logger:44 | Epoch 46: train_loss: 2.47869
2026-01-04 06:40:27 | INFO     | fedaugment.utils.logger:44 | Epoch 47: train_loss: 2.46963
2026-01-04 06:40:28 | INFO     | fedaugment.utils.logger:44 | Epoch 48: train_loss: 2.45899
2026-01-04 06:40:29 | INFO     | fedaugment.utils.logger:44 | Epoch 49: train_loss: 2.44841
2026-01-04 06:40:30 | INFO     | fedaugment.utils.logger:44 | Epoch 50: train_loss: 2.43710
2026-01-04 06:40:30 | INFO     | fedaugment.utils.logger:44 | Epoch 51: train_loss: 2.42580
2026-01-04 06:40:31 | INFO     | fedaugment.utils.logger:44 | Epoch 52: train_loss: 2.41685
2026-01-04 06:40:32 | INFO     | fedaugment.utils.logger:44 | Epoch 53: train_loss: 2.40839
2026-01-04 06:40:33 | INFO     | fedaugment.utils.logger:44 | Epoch 54: train_loss: 2.40226
2026-01-04 06:40:34 | INFO     | fedaugment.utils.logger:44 | Epoch 55: train_loss: 2.39707
2026-01-04 06:40:34 | INFO     | fedaugment.utils.logger:44 | Epoch 56: train_loss: 2.39174
2026-01-04 06:40:35 | INFO     | fedaugment.utils.logger:44 | Epoch 57: train_loss: 2.38512
2026-01-04 06:40:36 | INFO     | fedaugment.utils.logger:44 | Epoch 58: train_loss: 2.37746
2026-01-04 06:40:37 | INFO     | fedaugment.utils.logger:44 | Epoch 59: train_loss: 2.36793
2026-01-04 06:40:37 | INFO     | fedaugment.utils.logger:44 | Epoch 60: train_loss: 2.36014
2026-01-04 06:40:38 | INFO     | fedaugment.utils.logger:44 | Epoch 61: train_loss: 2.35205
2026-01-04 06:40:39 | INFO     | fedaugment.utils.logger:44 | Epoch 62: train_loss: 2.34438
2026-01-04 06:40:40 | INFO     | fedaugment.utils.logger:44 | Epoch 63: train_loss: 2.33782
2026-01-04 06:40:40 | INFO     | fedaugment.utils.logger:44 | Epoch 64: train_loss: 2.33161
2026-01-04 06:40:41 | INFO     | fedaugment.utils.logger:44 | Epoch 65: train_loss: 2.32734
2026-01-04 06:40:42 | INFO     | fedaugment.utils.logger:44 | Epoch 66: train_loss: 2.32265
2026-01-04 06:40:43 | INFO     | fedaugment.utils.logger:44 | Epoch 67: train_loss: 2.31819
2026-01-04 06:40:43 | INFO     | fedaugment.utils.logger:44 | Epoch 68: train_loss: 2.31512
2026-01-04 06:40:44 | INFO     | fedaugment.utils.logger:44 | Epoch 69: train_loss: 2.31130
2026-01-04 06:40:45 | INFO     | fedaugment.utils.logger:44 | Epoch 70: train_loss: 2.30833
2026-01-04 06:40:46 | INFO     | fedaugment.utils.logger:44 | Epoch 71: train_loss: 2.30341
2026-01-04 06:40:46 | INFO     | fedaugment.utils.logger:44 | Epoch 72: train_loss: 2.29814
2026-01-04 06:40:47 | INFO     | fedaugment.utils.logger:44 | Epoch 73: train_loss: 2.29064
2026-01-04 06:40:48 | INFO     | fedaugment.utils.logger:44 | Epoch 74: train_loss: 2.28334
2026-01-04 06:40:49 | INFO     | fedaugment.utils.logger:44 | Epoch 75: train_loss: 2.27642
2026-01-04 06:40:50 | INFO     | fedaugment.utils.logger:44 | Epoch 76: train_loss: 2.27220
2026-01-04 06:40:50 | INFO     | fedaugment.utils.logger:44 | Epoch 77: train_loss: 2.26810
2026-01-04 06:40:51 | INFO     | fedaugment.utils.logger:44 | Epoch 78: train_loss: 2.26491
2026-01-04 06:40:52 | INFO     | fedaugment.utils.logger:44 | Epoch 79: train_loss: 2.26059
2026-01-04 06:40:53 | INFO     | fedaugment.utils.logger:44 | Epoch 80: train_loss: 2.25705
2026-01-04 06:40:53 | INFO     | fedaugment.utils.logger:44 | Epoch 81: train_loss: 2.25389
2026-01-04 06:40:54 | INFO     | fedaugment.utils.logger:44 | Epoch 82: train_loss: 2.25033
2026-01-04 06:40:55 | INFO     | fedaugment.utils.logger:44 | Epoch 83: train_loss: 2.24768
2026-01-04 06:40:56 | INFO     | fedaugment.utils.logger:44 | Epoch 84: train_loss: 2.24372
2026-01-04 06:40:57 | INFO     | fedaugment.utils.logger:44 | Epoch 85: train_loss: 2.24047
2026-01-04 06:40:57 | INFO     | fedaugment.utils.logger:44 | Epoch 86: train_loss: 2.23555
2026-01-04 06:40:58 | INFO     | fedaugment.utils.logger:44 | Epoch 87: train_loss: 2.23130
2026-01-04 06:40:59 | INFO     | fedaugment.utils.logger:44 | Epoch 88: train_loss: 2.22690
2026-01-04 06:41:00 | INFO     | fedaugment.utils.logger:44 | Epoch 89: train_loss: 2.22323
2026-01-04 06:41:01 | INFO     | fedaugment.utils.logger:44 | Epoch 90: train_loss: 2.22032
2026-01-04 06:41:01 | INFO     | fedaugment.utils.logger:44 | Epoch 91: train_loss: 2.21711
2026-01-04 06:41:02 | INFO     | fedaugment.utils.logger:44 | Epoch 92: train_loss: 2.21491
2026-01-04 06:41:03 | INFO     | fedaugment.utils.logger:44 | Epoch 93: train_loss: 2.21245
2026-01-04 06:41:04 | INFO     | fedaugment.utils.logger:44 | Epoch 94: train_loss: 2.21084
2026-01-04 06:41:04 | INFO     | fedaugment.utils.logger:44 | Epoch 95: train_loss: 2.20985
2026-01-04 06:41:05 | INFO     | fedaugment.utils.logger:44 | Epoch 96: train_loss: 2.20822
2026-01-04 06:41:06 | INFO     | fedaugment.utils.logger:44 | Epoch 97: train_loss: 2.20575
2026-01-04 06:41:07 | INFO     | fedaugment.utils.logger:44 | Epoch 98: train_loss: 2.20066
2026-01-04 06:41:07 | INFO     | fedaugment.utils.logger:44 | Epoch 99: train_loss: 2.19536
2026-01-04 06:41:08 | INFO     | fedaugment.utils.logger:44 | Epoch 100: train_loss: 2.19151
2026-01-04 06:41:09 | INFO     | fedaugment.utils.logger:44 | Epoch 101: train_loss: 2.18908
2026-01-04 06:41:10 | INFO     | fedaugment.utils.logger:44 | Epoch 102: train_loss: 2.18700
2026-01-04 06:41:10 | INFO     | fedaugment.utils.logger:44 | Epoch 103: train_loss: 2.18607
2026-01-04 06:41:11 | INFO     | fedaugment.utils.logger:44 | Epoch 104: train_loss: 2.18459
2026-01-04 06:41:12 | INFO     | fedaugment.utils.logger:44 | Epoch 105: train_loss: 2.18365
2026-01-04 06:41:13 | INFO     | fedaugment.utils.logger:44 | Epoch 106: train_loss: 2.18261
2026-01-04 06:41:13 | INFO     | fedaugment.utils.logger:44 | Epoch 107: train_loss: 2.18082
2026-01-04 06:41:14 | INFO     | fedaugment.utils.logger:44 | Epoch 108: train_loss: 2.17960
2026-01-04 06:41:15 | INFO     | fedaugment.utils.logger:44 | Epoch 109: train_loss: 2.17750
2026-01-04 06:41:15 | INFO     | fedaugment.utils.logger:44 | Epoch 110: train_loss: 2.17516
2026-01-04 06:41:16 | INFO     | fedaugment.utils.logger:44 | Epoch 111: train_loss: 2.17366
2026-01-04 06:41:17 | INFO     | fedaugment.utils.logger:44 | Epoch 112: train_loss: 2.17243
2026-01-04 06:41:18 | INFO     | fedaugment.utils.logger:44 | Epoch 113: train_loss: 2.17058
2026-01-04 06:41:18 | INFO     | fedaugment.utils.logger:44 | Epoch 114: train_loss: 2.16963
2026-01-04 06:41:19 | INFO     | fedaugment.utils.logger:44 | Epoch 115: train_loss: 2.16821
2026-01-04 06:41:20 | INFO     | fedaugment.utils.logger:44 | Epoch 116: train_loss: 2.16696
2026-01-04 06:41:20 | INFO     | fedaugment.utils.logger:44 | Epoch 117: train_loss: 2.16579
2026-01-04 06:41:21 | INFO     | fedaugment.utils.logger:44 | Epoch 118: train_loss: 2.16458
2026-01-04 06:41:22 | INFO     | fedaugment.utils.logger:44 | Epoch 119: train_loss: 2.16378
2026-01-04 06:41:23 | INFO     | fedaugment.utils.logger:44 | Epoch 120: train_loss: 2.16232
2026-01-04 06:41:23 | INFO     | fedaugment.utils.logger:44 | Epoch 121: train_loss: 2.16080
2026-01-04 06:41:24 | INFO     | fedaugment.utils.logger:44 | Epoch 122: train_loss: 2.15887
2026-01-04 06:41:25 | INFO     | fedaugment.utils.logger:44 | Epoch 123: train_loss: 2.15659
2026-01-04 06:41:26 | INFO     | fedaugment.utils.logger:44 | Epoch 124: train_loss: 2.15475
2026-01-04 06:41:27 | INFO     | fedaugment.utils.logger:44 | Epoch 125: train_loss: 2.15371
2026-01-04 06:41:27 | INFO     | fedaugment.utils.logger:44 | Epoch 126: train_loss: 2.15271
2026-01-04 06:41:28 | INFO     | fedaugment.utils.logger:44 | Epoch 127: train_loss: 2.15175
2026-01-04 06:41:28 | INFO     | fedaugment.utils.logger:44 | Epoch 128: train_loss: 2.15004
2026-01-04 06:41:29 | INFO     | fedaugment.utils.logger:44 | Epoch 129: train_loss: 2.14830
2026-01-04 06:41:30 | INFO     | fedaugment.utils.logger:44 | Epoch 130: train_loss: 2.14694
2026-01-04 06:41:31 | INFO     | fedaugment.utils.logger:44 | Epoch 131: train_loss: 2.14592
2026-01-04 06:41:32 | INFO     | fedaugment.utils.logger:44 | Epoch 132: train_loss: 2.14525
2026-01-04 06:41:32 | INFO     | fedaugment.utils.logger:44 | Epoch 133: train_loss: 2.14422
2026-01-04 06:41:33 | INFO     | fedaugment.utils.logger:44 | Epoch 134: train_loss: 2.14336
2026-01-04 06:41:34 | INFO     | fedaugment.utils.logger:44 | Epoch 135: train_loss: 2.14204
2026-01-04 06:41:35 | INFO     | fedaugment.utils.logger:44 | Epoch 136: train_loss: 2.14087
2026-01-04 06:41:35 | INFO     | fedaugment.utils.logger:44 | Epoch 137: train_loss: 2.13953
2026-01-04 06:41:36 | INFO     | fedaugment.utils.logger:44 | Epoch 138: train_loss: 2.13854
2026-01-04 06:41:37 | INFO     | fedaugment.utils.logger:44 | Epoch 139: train_loss: 2.13763
2026-01-04 06:41:38 | INFO     | fedaugment.utils.logger:44 | Epoch 140: train_loss: 2.13644
2026-01-04 06:41:38 | INFO     | fedaugment.utils.logger:44 | Epoch 141: train_loss: 2.13568
2026-01-04 06:41:39 | INFO     | fedaugment.utils.logger:44 | Epoch 142: train_loss: 2.13533
2026-01-04 06:41:40 | INFO     | fedaugment.utils.logger:44 | Epoch 143: train_loss: 2.13437
2026-01-04 06:41:41 | INFO     | fedaugment.utils.logger:44 | Epoch 144: train_loss: 2.13329
2026-01-04 06:41:41 | INFO     | fedaugment.utils.logger:44 | Epoch 145: train_loss: 2.13244
2026-01-04 06:41:42 | INFO     | fedaugment.utils.logger:44 | Epoch 146: train_loss: 2.13100
2026-01-04 06:41:43 | INFO     | fedaugment.utils.logger:44 | Epoch 147: train_loss: 2.13022
2026-01-04 06:41:44 | INFO     | fedaugment.utils.logger:44 | Epoch 148: train_loss: 2.12919
2026-01-04 06:41:44 | INFO     | fedaugment.utils.logger:44 | Epoch 149: train_loss: 2.12866
2026-01-04 06:41:45 | INFO     | fedaugment.utils.logger:44 | Epoch 150: train_loss: 2.12779
2026-01-04 06:41:46 | INFO     | fedaugment.utils.logger:44 | Epoch 151: train_loss: 2.12725
2026-01-04 06:41:47 | INFO     | fedaugment.utils.logger:44 | Epoch 152: train_loss: 2.12666
2026-01-04 06:41:48 | INFO     | fedaugment.utils.logger:44 | Epoch 153: train_loss: 2.12646
2026-01-04 06:41:48 | INFO     | fedaugment.utils.logger:44 | Epoch 154: train_loss: 2.12586
2026-01-04 06:41:49 | INFO     | fedaugment.utils.logger:44 | Epoch 155: train_loss: 2.12550
2026-01-04 06:41:49 | INFO     | fedaugment.utils.logger:44 | Epoch 156: train_loss: 2.12497
2026-01-04 06:41:50 | INFO     | fedaugment.utils.logger:44 | Epoch 157: train_loss: 2.12443
2026-01-04 06:41:51 | INFO     | fedaugment.utils.logger:44 | Epoch 158: train_loss: 2.12372
2026-01-04 06:41:52 | INFO     | fedaugment.utils.logger:44 | Epoch 159: train_loss: 2.12321
2026-01-04 06:41:53 | INFO     | fedaugment.utils.logger:44 | Epoch 160: train_loss: 2.12269
2026-01-04 06:41:53 | INFO     | fedaugment.utils.logger:44 | Epoch 161: train_loss: 2.12244
2026-01-04 06:41:54 | INFO     | fedaugment.utils.logger:44 | Epoch 162: train_loss: 2.12189
2026-01-04 06:41:55 | INFO     | fedaugment.utils.logger:44 | Epoch 163: train_loss: 2.12175
2026-01-04 06:41:56 | INFO     | fedaugment.utils.logger:44 | Epoch 164: train_loss: 2.12129
2026-01-04 06:41:56 | INFO     | fedaugment.utils.logger:44 | Epoch 165: train_loss: 2.12061
2026-01-04 06:41:57 | INFO     | fedaugment.utils.logger:44 | Epoch 166: train_loss: 2.12060
2026-01-04 06:41:58 | INFO     | fedaugment.utils.logger:44 | Epoch 167: train_loss: 2.11992
2026-01-04 06:41:59 | INFO     | fedaugment.utils.logger:44 | Epoch 168: train_loss: 2.11972
2026-01-04 06:41:59 | INFO     | fedaugment.utils.logger:44 | Epoch 169: train_loss: 2.11950
2026-01-04 06:42:00 | INFO     | fedaugment.utils.logger:44 | Epoch 170: train_loss: 2.11938
2026-01-04 06:42:01 | INFO     | fedaugment.utils.logger:44 | Epoch 171: train_loss: 2.11886
2026-01-04 06:42:02 | INFO     | fedaugment.utils.logger:44 | Epoch 172: train_loss: 2.11859
2026-01-04 06:42:02 | INFO     | fedaugment.utils.logger:44 | Epoch 173: train_loss: 2.11858
2026-01-04 06:42:03 | INFO     | fedaugment.utils.logger:44 | Epoch 174: train_loss: 2.11833
2026-01-04 06:42:04 | INFO     | fedaugment.utils.logger:44 | Epoch 175: train_loss: 2.11800
2026-01-04 06:42:04 | INFO     | fedaugment.utils.logger:44 | Epoch 176: train_loss: 2.11768
2026-01-04 06:42:05 | INFO     | fedaugment.utils.logger:44 | Epoch 177: train_loss: 2.11741
2026-01-04 06:42:06 | INFO     | fedaugment.utils.logger:44 | Epoch 178: train_loss: 2.11718
2026-01-04 06:42:07 | INFO     | fedaugment.utils.logger:44 | Epoch 179: train_loss: 2.11683
2026-01-04 06:42:07 | INFO     | fedaugment.utils.logger:44 | Epoch 180: train_loss: 2.11657
2026-01-04 06:42:08 | INFO     | fedaugment.utils.logger:44 | Epoch 181: train_loss: 2.11654
2026-01-04 06:42:09 | INFO     | fedaugment.utils.logger:44 | Epoch 182: train_loss: 2.11639
2026-01-04 06:42:10 | INFO     | fedaugment.utils.logger:44 | Epoch 183: train_loss: 2.11613
2026-01-04 06:42:10 | INFO     | fedaugment.utils.logger:44 | Epoch 184: train_loss: 2.11602
2026-01-04 06:42:11 | INFO     | fedaugment.utils.logger:44 | Epoch 185: train_loss: 2.11560
2026-01-04 06:42:12 | INFO     | fedaugment.utils.logger:44 | Epoch 186: train_loss: 2.11565
2026-01-04 06:42:13 | INFO     | fedaugment.utils.logger:44 | Epoch 187: train_loss: 2.11534
2026-01-04 06:42:14 | INFO     | fedaugment.utils.logger:44 | Epoch 188: train_loss: 2.11535
2026-01-04 06:42:14 | INFO     | fedaugment.utils.logger:44 | Epoch 189: train_loss: 2.11503
2026-01-04 06:42:15 | INFO     | fedaugment.utils.logger:44 | Epoch 190: train_loss: 2.11496
2026-01-04 06:42:15 | INFO     | fedaugment.utils.logger:44 | Epoch 191: train_loss: 2.11466
2026-01-04 06:42:16 | INFO     | fedaugment.utils.logger:44 | Epoch 192: train_loss: 2.11438
2026-01-04 06:42:17 | INFO     | fedaugment.utils.logger:44 | Epoch 193: train_loss: 2.11415
2026-01-04 06:42:18 | INFO     | fedaugment.utils.logger:44 | Epoch 194: train_loss: 2.11410
2026-01-04 06:42:19 | INFO     | fedaugment.utils.logger:44 | Epoch 195: train_loss: 2.11425
2026-01-04 06:42:19 | INFO     | fedaugment.utils.logger:44 | Epoch 196: train_loss: 2.11384
2026-01-04 06:42:20 | INFO     | fedaugment.utils.logger:44 | Epoch 197: train_loss: 2.11382
2026-01-04 06:42:21 | INFO     | fedaugment.utils.logger:44 | Epoch 198: train_loss: 2.11369
2026-01-04 06:42:22 | INFO     | fedaugment.utils.logger:44 | Epoch 199: train_loss: 2.11380
2026-01-04 06:42:22 | INFO     | fedaugment.utils.logger:44 | Epoch 200: train_loss: 2.11350
2026-01-04 06:42:23 | INFO     | fedaugment.utils.logger:44 | Epoch 201: train_loss: 2.11309
2026-01-04 06:42:24 | INFO     | fedaugment.utils.logger:44 | Epoch 202: train_loss: 2.11311
2026-01-04 06:42:25 | INFO     | fedaugment.utils.logger:44 | Epoch 203: train_loss: 2.11286
2026-01-04 06:42:25 | INFO     | fedaugment.utils.logger:44 | Epoch 204: train_loss: 2.11296
2026-01-04 06:42:26 | INFO     | fedaugment.utils.logger:44 | Epoch 205: train_loss: 2.11284
2026-01-04 06:42:27 | INFO     | fedaugment.utils.logger:44 | Epoch 206: train_loss: 2.11266
2026-01-04 06:42:28 | INFO     | fedaugment.utils.logger:44 | Epoch 207: train_loss: 2.11233
2026-01-04 06:42:28 | INFO     | fedaugment.utils.logger:44 | Epoch 208: train_loss: 2.11263
2026-01-04 06:42:29 | INFO     | fedaugment.utils.logger:44 | Epoch 209: train_loss: 2.11244
2026-01-04 06:42:30 | INFO     | fedaugment.utils.logger:44 | Epoch 210: train_loss: 2.11236
2026-01-04 06:42:31 | INFO     | fedaugment.utils.logger:44 | Epoch 211: train_loss: 2.11255
2026-01-04 06:42:31 | INFO     | fedaugment.utils.logger:44 | Epoch 212: train_loss: 2.11229
2026-01-04 06:42:33 | INFO     | fedaugment.utils.logger:44 | Epoch 213: train_loss: 2.11202
2026-01-04 06:42:33 | INFO     | fedaugment.utils.logger:44 | Epoch 214: train_loss: 2.11231
2026-01-04 06:42:34 | INFO     | fedaugment.utils.logger:44 | Epoch 215: train_loss: 2.11187
2026-01-04 06:42:35 | INFO     | fedaugment.utils.logger:44 | Epoch 216: train_loss: 2.11180
2026-01-04 06:42:35 | INFO     | fedaugment.utils.logger:44 | Epoch 217: train_loss: 2.11185
2026-01-04 06:42:36 | INFO     | fedaugment.utils.logger:44 | Epoch 218: train_loss: 2.11193
2026-01-04 06:42:37 | INFO     | fedaugment.utils.logger:44 | Epoch 219: train_loss: 2.11191
2026-01-04 06:42:37 | INFO     | fedaugment.utils.logger:44 | Epoch 220: train_loss: 2.11170
2026-01-04 06:42:38 | INFO     | fedaugment.utils.logger:44 | Epoch 221: train_loss: 2.11175
2026-01-04 06:42:39 | INFO     | fedaugment.utils.logger:44 | Epoch 222: train_loss: 2.11157
2026-01-04 06:42:40 | INFO     | fedaugment.utils.logger:44 | Epoch 223: train_loss: 2.11148
2026-01-04 06:42:40 | INFO     | fedaugment.utils.logger:44 | Epoch 224: train_loss: 2.11163
2026-01-04 06:42:41 | INFO     | fedaugment.utils.logger:44 | Epoch 225: train_loss: 2.11167
2026-01-04 06:42:42 | INFO     | fedaugment.utils.logger:44 | Epoch 226: train_loss: 2.11136
2026-01-04 06:42:43 | INFO     | fedaugment.utils.logger:44 | Epoch 227: train_loss: 2.11148
2026-01-04 06:42:43 | INFO     | fedaugment.utils.logger:44 | Epoch 228: train_loss: 2.11136
2026-01-04 06:42:44 | INFO     | fedaugment.utils.logger:44 | Epoch 229: train_loss: 2.11144
2026-01-04 06:42:45 | INFO     | fedaugment.utils.logger:44 | Epoch 230: train_loss: 2.11143
2026-01-04 06:42:46 | INFO     | fedaugment.utils.logger:44 | Epoch 231: train_loss: 2.11136
2026-01-04 06:42:46 | INFO     | fedaugment.utils.logger:44 | Epoch 232: train_loss: 2.11123
2026-01-04 06:42:47 | INFO     | fedaugment.utils.logger:44 | Epoch 233: train_loss: 2.11140
2026-01-04 06:42:48 | INFO     | fedaugment.utils.logger:44 | Epoch 234: train_loss: 2.11144
2026-01-04 06:42:49 | INFO     | fedaugment.utils.logger:44 | Epoch 235: train_loss: 2.11119
2026-01-04 06:42:49 | INFO     | fedaugment.utils.logger:44 | Epoch 236: train_loss: 2.11106
2026-01-04 06:42:50 | INFO     | fedaugment.utils.logger:44 | Epoch 237: train_loss: 2.11128
2026-01-04 06:42:51 | INFO     | fedaugment.utils.logger:44 | Epoch 238: train_loss: 2.11137
2026-01-04 06:42:51 | INFO     | fedaugment.utils.logger:44 | Epoch 239: train_loss: 2.11122
2026-01-04 06:42:52 | INFO     | fedaugment.utils.logger:44 | Epoch 240: train_loss: 2.11131
2026-01-04 06:42:53 | INFO     | fedaugment.utils.logger:44 | Epoch 241: train_loss: 2.11134
2026-01-04 06:42:54 | INFO     | fedaugment.utils.logger:44 | Epoch 242: train_loss: 2.11124
2026-01-04 06:42:54 | INFO     | fedaugment.utils.logger:44 | Epoch 243: train_loss: 2.11119
2026-01-04 06:42:55 | INFO     | fedaugment.utils.logger:44 | Epoch 244: train_loss: 2.11110
2026-01-04 06:42:56 | INFO     | fedaugment.utils.logger:44 | Epoch 245: train_loss: 2.11102
2026-01-04 06:42:56 | INFO     | fedaugment.utils.logger:44 | Epoch 246: train_loss: 2.11125
2026-01-04 06:42:57 | INFO     | fedaugment.utils.logger:44 | Epoch 247: train_loss: 2.11106
2026-01-04 06:42:58 | INFO     | fedaugment.utils.logger:44 | Epoch 248: train_loss: 2.11116
2026-01-04 06:42:59 | INFO     | fedaugment.utils.logger:44 | Epoch 249: train_loss: 2.11129
2026-01-04 06:42:59 | INFO     | lightning_utilities.core.rank_zero:60 | `Trainer.fit` stopped: `max_epochs=250` reached.
2026-01-04 06:43:06 | INFO     | fedaugment.projections.main:87 | Starting testing phase...
2026-01-04 06:43:06 | INFO     | lightning.pytorch.accelerators.cuda:61 | LOCAL_RANK: 0 - CUDA_VISIBLE_DEVICES: [0]
2026-01-04 06:43:06 | INFO     | fedaugment.utils.logger:38 | {'module_kwargs': CLModuleConfig(model_type='projection_head', out_dim=1024, hidden_dims=[1024, 1536, 1536], activation='silu', normalization='batch', dropout=0.0), 'criterion': CriterionConfig(class_='MultiViewNTXentLoss', kwargs={'temperature': 0.1}), 'optim_configs': [OptimizerConfig(class_='AdamW', kwargs={'lr': 0.001, 'betas': (0.9, 0.999), 'eps': 1e-08, 'weight_decay': 0.01})], 'sched_configs': [LRSchedulerConfig(class_='LambdaLR', interval='epoch', frequency=1, monitor=None, kwargs={'lr_lambda': <function cos_annealing_with_warmup at 0x7ff54a0a9440>})], 'pipeline_names': ['distilroberta-dj_adpt', 'gte_base-dj_adpt', 'gtr_t5-dj_adpt', 'mini_l12-dj_adpt', 'mini_l6-dj_adpt', 'mpnet-dj_adpt'], 'embedding_dims': [768, 768, 768, 384, 384, 768], 'data_batch_size': 4096, 'metric_batch_size': 65536}
2026-01-04 06:43:27 | DEBUG    | fedaugment.projections.metrics.base:115 | Computing CosineSimilarityOrchestrator metrics.
2026-01-04 06:43:27 | WARNING  | fedaugment.projections.metrics.base:117 | Number of projections (8891658) is not divisible by chunk size (65536). This may lead to suboptimal performance.
2026-01-04 08:52:49 | DEBUG    | fedaugment.projections.metrics.base:198 | Finalized CosineSimilarityOrchestrator metrics
2026-01-04 08:52:49 | INFO     | fedaugment.utils.logger:44 | Epoch 250: test_loss: 4.42279, test_cossim_mean: 0.02946, test_entity_stability_15: 0.04260, test_entity_stability_5: 0.03362, test_entity_stability_50: 0.06811, test_same_lbl_cossim_mean: 0.79341
2026-01-04 08:52:50 | INFO     | fedaugment.projections.main:92 | Best model checkpoint saved at /home/lennart-ldap/projects/fedaugment/logs/curation_train_webtable_fft_cos-mpnet-dj_adpt-k=12609-pca=0.9/version_1/last.ckpt
2026-01-04 08:52:50 | INFO     | __main__:50 | Evaluating fft_euc-mpnet-dj_adpt-k=12609-pca=0.9 on webtable 001
2026-01-04 08:52:50 | DEBUG    | fedaugment.projections.main:31 | Experiment configuration: {"experiment_name":"curation_train_webtable_fft_euc-mpnet-dj_adpt-k=12609-pca=0.9","experiment_version":1,"seed":42,"data_module":{"class_":"DefaultDataModule","data":{"train":"data/embeddings/webtable/sample-001/fft_euc-mpnet-dj_adpt-k=12609-pca=0.9","val":null,"test":"data/embeddings/webtable/split/test"},"batch_size":4096,"num_workers":32,"pin_memory":true,"persistent_workers":true,"prefetch_factor":5,"verify_column_ids":true},"projection_model":{"class_":"ContrastiveLearningModel","module_kwargs":{"model_type":"projection_head","out_dim":1024,"hidden_dims":[1024,1536,1536],"activation":"silu","normalization":"batch","dropout":0.0},"criterion":{"class_":"MultiViewNTXentLoss","kwargs":{"temperature":0.1}},"optimizers":[{"class_":"AdamW","kwargs":{"lr":0.001,"betas":[0.9,0.999],"eps":1e-8,"weight_decay":0.01}}],"schedulers":[{"class_":"LambdaLR","interval":"epoch","frequency":1,"monitor":null,"kwargs":{"lr_lambda":"cos_annealing_with_warmup"}}],"metric_batch_size":65536},"trainer":{"max_epochs":250,"accelerator":"gpu","check_val_every_n_epoch":10,"devices":"auto","deterministic":false,"enable_checkpointing":true,"enable_model_summary":true,"enable_progress_bar":true,"log_every_n_steps":50,"max_time":null,"num_sanity_val_steps":2,"precision":"bf16-mixed","profiler":null},"compile_model":true}
2026-01-04 08:52:50 | INFO     | lightning.fabric.utilities.seed:57 | Seed set to 42
2026-01-04 08:52:53 | INFO     | fedaugment.projections.main:42 | Compiling projection model...
2026-01-04 08:52:53 | INFO     | fedaugment.projections.main:44 | Projection model compiled
2026-01-04 08:52:53 | INFO     | fedaugment.projections.main:46 | Initializing trainer...
2026-01-04 08:52:53 | INFO     | lightning_utilities.core.rank_zero:60 | Using bfloat16 Automatic Mixed Precision (AMP)
2026-01-04 08:52:53 | INFO     | lightning_utilities.core.rank_zero:60 | GPU available: True (cuda), used: True
2026-01-04 08:52:53 | INFO     | lightning_utilities.core.rank_zero:60 | TPU available: False, using: 0 TPU cores
2026-01-04 08:52:53 | INFO     | fedaugment.projections.main:76 | Trainer initialized
2026-01-04 08:52:53 | INFO     | fedaugment.projections.main:83 | Starting training phase...
2026-01-04 08:52:53 | INFO     | lightning.pytorch.accelerators.cuda:61 | LOCAL_RANK: 0 - CUDA_VISIBLE_DEVICES: [0]
2026-01-04 08:52:53 | INFO     | lightning.pytorch.callbacks.model_summary:110 |
  | Name              | Type                         | Params | Mode  | FLOPs
-----------------------------------------------------------------------------------
0 | criterion         | MultiViewNTXentLoss          | 0      | train | 0
1 | val_metrics       | MetricCollection             | 0      | train | 0
2 | test_metrics      | MetricCollection             | 0      | train | 0
3 | val_orchestrator  | CosineSimilarityOrchestrator | 0      | train | 0
4 | test_orchestrator | CosineSimilarityOrchestrator | 0      | train | 0
5 | projection_heads  | ModuleList                   | 37.0 M | train | 0
-----------------------------------------------------------------------------------
37.0 M    Trainable params
0         Non-trainable params
37.0 M    Total params
148.120   Total estimated model params size (MB)
94        Modules in train mode
0         Modules in eval mode
0         Total Flops
2026-01-04 08:52:53 | INFO     | fedaugment.utils.logger:38 | {'module_kwargs': CLModuleConfig(model_type='projection_head', out_dim=1024, hidden_dims=[1024, 1536, 1536], activation='silu', normalization='batch', dropout=0.0), 'criterion': CriterionConfig(class_='MultiViewNTXentLoss', kwargs={'temperature': 0.1}), 'optim_configs': [OptimizerConfig(class_='AdamW', kwargs={'lr': 0.001, 'betas': (0.9, 0.999), 'eps': 1e-08, 'weight_decay': 0.01})], 'sched_configs': [LRSchedulerConfig(class_='LambdaLR', interval='epoch', frequency=1, monitor=None, kwargs={'lr_lambda': <function cos_annealing_with_warmup at 0x7ff54a0a9440>})], 'pipeline_names': ['distilroberta-dj_adpt', 'gte_base-dj_adpt', 'gtr_t5-dj_adpt', 'mini_l12-dj_adpt', 'mini_l6-dj_adpt', 'mpnet-dj_adpt'], 'embedding_dims': [768, 768, 768, 384, 384, 768], 'data_batch_size': 4096, 'metric_batch_size': 65536}
2026-01-04 08:52:54 | INFO     | fedaugment.utils.logger:44 | Epoch 0: train_loss: 10.14429
2026-01-04 08:52:54 | INFO     | fedaugment.utils.logger:44 | Epoch 1: train_loss: 9.91112
2026-01-04 08:52:55 | INFO     | fedaugment.utils.logger:44 | Epoch 2: train_loss: 8.85675
2026-01-04 08:52:56 | INFO     | fedaugment.utils.logger:44 | Epoch 3: train_loss: 7.39124
2026-01-04 08:52:57 | INFO     | fedaugment.utils.logger:44 | Epoch 4: train_loss: 6.23118
2026-01-04 08:52:58 | INFO     | fedaugment.utils.logger:44 | Epoch 5: train_loss: 5.48353
2026-01-04 08:52:59 | INFO     | fedaugment.utils.logger:44 | Epoch 6: train_loss: 5.00218
2026-01-04 08:53:00 | INFO     | fedaugment.utils.logger:44 | Epoch 7: train_loss: 4.66954
2026-01-04 08:53:00 | INFO     | fedaugment.utils.logger:44 | Epoch 8: train_loss: 4.43432
2026-01-04 08:53:01 | INFO     | fedaugment.utils.logger:44 | Epoch 9: train_loss: 4.24251
2026-01-04 08:53:02 | INFO     | fedaugment.utils.logger:44 | Epoch 10: train_loss: 4.07229
2026-01-04 08:53:03 | INFO     | fedaugment.utils.logger:44 | Epoch 11: train_loss: 3.93575
2026-01-04 08:53:04 | INFO     | fedaugment.utils.logger:44 | Epoch 12: train_loss: 3.81433
2026-01-04 08:53:05 | INFO     | fedaugment.utils.logger:44 | Epoch 13: train_loss: 3.71116
2026-01-04 08:53:05 | INFO     | fedaugment.utils.logger:44 | Epoch 14: train_loss: 3.62129
2026-01-04 08:53:06 | INFO     | fedaugment.utils.logger:44 | Epoch 15: train_loss: 3.54078
2026-01-04 08:53:07 | INFO     | fedaugment.utils.logger:44 | Epoch 16: train_loss: 3.46651
2026-01-04 08:53:08 | INFO     | fedaugment.utils.logger:44 | Epoch 17: train_loss: 3.39555
2026-01-04 08:53:08 | INFO     | fedaugment.utils.logger:44 | Epoch 18: train_loss: 3.33125
2026-01-04 08:53:09 | INFO     | fedaugment.utils.logger:44 | Epoch 19: train_loss: 3.27288
2026-01-04 08:53:10 | INFO     | fedaugment.utils.logger:44 | Epoch 20: train_loss: 3.21804
2026-01-04 08:53:11 | INFO     | fedaugment.utils.logger:44 | Epoch 21: train_loss: 3.16841
2026-01-04 08:53:12 | INFO     | fedaugment.utils.logger:44 | Epoch 22: train_loss: 3.12582
2026-01-04 08:53:12 | INFO     | fedaugment.utils.logger:44 | Epoch 23: train_loss: 3.08093
2026-01-04 08:53:13 | INFO     | fedaugment.utils.logger:44 | Epoch 24: train_loss: 3.03421
2026-01-04 08:53:14 | INFO     | fedaugment.utils.logger:44 | Epoch 25: train_loss: 2.99356
2026-01-04 08:53:15 | INFO     | fedaugment.utils.logger:44 | Epoch 26: train_loss: 2.96072
2026-01-04 08:53:16 | INFO     | fedaugment.utils.logger:44 | Epoch 27: train_loss: 2.92859
2026-01-04 08:53:16 | INFO     | fedaugment.utils.logger:44 | Epoch 28: train_loss: 2.89326
2026-01-04 08:53:17 | INFO     | fedaugment.utils.logger:44 | Epoch 29: train_loss: 2.86058
2026-01-04 08:53:18 | INFO     | fedaugment.utils.logger:44 | Epoch 30: train_loss: 2.83580
2026-01-04 08:53:19 | INFO     | fedaugment.utils.logger:44 | Epoch 31: train_loss: 2.81234
2026-01-04 08:53:19 | INFO     | fedaugment.utils.logger:44 | Epoch 32: train_loss: 2.79072
2026-01-04 08:53:20 | INFO     | fedaugment.utils.logger:44 | Epoch 33: train_loss: 2.77627
2026-01-04 08:53:21 | INFO     | fedaugment.utils.logger:44 | Epoch 34: train_loss: 2.75709
2026-01-04 08:53:22 | INFO     | fedaugment.utils.logger:44 | Epoch 35: train_loss: 2.73792
2026-01-04 08:53:23 | INFO     | fedaugment.utils.logger:44 | Epoch 36: train_loss: 2.72626
2026-01-04 08:53:23 | INFO     | fedaugment.utils.logger:44 | Epoch 37: train_loss: 2.71067
2026-01-04 08:53:24 | INFO     | fedaugment.utils.logger:44 | Epoch 38: train_loss: 2.69073
2026-01-04 08:53:25 | INFO     | fedaugment.utils.logger:44 | Epoch 39: train_loss: 2.66896
2026-01-04 08:53:26 | INFO     | fedaugment.utils.logger:44 | Epoch 40: train_loss: 2.64962
2026-01-04 08:53:27 | INFO     | fedaugment.utils.logger:44 | Epoch 41: train_loss: 2.62986
2026-01-04 08:53:28 | INFO     | fedaugment.utils.logger:44 | Epoch 42: train_loss: 2.61078
2026-01-04 08:53:28 | INFO     | fedaugment.utils.logger:44 | Epoch 43: train_loss: 2.59487
2026-01-04 08:53:29 | INFO     | fedaugment.utils.logger:44 | Epoch 44: train_loss: 2.57768
2026-01-04 08:53:30 | INFO     | fedaugment.utils.logger:44 | Epoch 45: train_loss: 2.56364
2026-01-04 08:53:31 | INFO     | fedaugment.utils.logger:44 | Epoch 46: train_loss: 2.55490
2026-01-04 08:53:31 | INFO     | fedaugment.utils.logger:44 | Epoch 47: train_loss: 2.54484
2026-01-04 08:53:32 | INFO     | fedaugment.utils.logger:44 | Epoch 48: train_loss: 2.53492
2026-01-04 08:53:33 | INFO     | fedaugment.utils.logger:44 | Epoch 49: train_loss: 2.52955
2026-01-04 08:53:34 | INFO     | fedaugment.utils.logger:44 | Epoch 50: train_loss: 2.52065
2026-01-04 08:53:34 | INFO     | fedaugment.utils.logger:44 | Epoch 51: train_loss: 2.50719
2026-01-04 08:53:35 | INFO     | fedaugment.utils.logger:44 | Epoch 52: train_loss: 2.49540
2026-01-04 08:53:36 | INFO     | fedaugment.utils.logger:44 | Epoch 53: train_loss: 2.48367
2026-01-04 08:53:37 | INFO     | fedaugment.utils.logger:44 | Epoch 54: train_loss: 2.47275
2026-01-04 08:53:38 | INFO     | fedaugment.utils.logger:44 | Epoch 55: train_loss: 2.46090
2026-01-04 08:53:39 | INFO     | fedaugment.utils.logger:44 | Epoch 56: train_loss: 2.44977
2026-01-04 08:53:39 | INFO     | fedaugment.utils.logger:44 | Epoch 57: train_loss: 2.44082
2026-01-04 08:53:40 | INFO     | fedaugment.utils.logger:44 | Epoch 58: train_loss: 2.43268
2026-01-04 08:53:41 | INFO     | fedaugment.utils.logger:44 | Epoch 59: train_loss: 2.42360
2026-01-04 08:53:42 | INFO     | fedaugment.utils.logger:44 | Epoch 60: train_loss: 2.41481
2026-01-04 08:53:42 | INFO     | fedaugment.utils.logger:44 | Epoch 61: train_loss: 2.40783
2026-01-04 08:53:44 | INFO     | fedaugment.utils.logger:44 | Epoch 62: train_loss: 2.39933
2026-01-04 08:53:44 | INFO     | fedaugment.utils.logger:44 | Epoch 63: train_loss: 2.39032
2026-01-04 08:53:45 | INFO     | fedaugment.utils.logger:44 | Epoch 64: train_loss: 2.38438
2026-01-04 08:53:46 | INFO     | fedaugment.utils.logger:44 | Epoch 65: train_loss: 2.37803
2026-01-04 08:53:47 | INFO     | fedaugment.utils.logger:44 | Epoch 66: train_loss: 2.37350
2026-01-04 08:53:47 | INFO     | fedaugment.utils.logger:44 | Epoch 67: train_loss: 2.36936
2026-01-04 08:53:48 | INFO     | fedaugment.utils.logger:44 | Epoch 68: train_loss: 2.36292
2026-01-04 08:53:49 | INFO     | fedaugment.utils.logger:44 | Epoch 69: train_loss: 2.35668
2026-01-04 08:53:50 | INFO     | fedaugment.utils.logger:44 | Epoch 70: train_loss: 2.35064
2026-01-04 08:53:50 | INFO     | fedaugment.utils.logger:44 | Epoch 71: train_loss: 2.34401
2026-01-04 08:53:51 | INFO     | fedaugment.utils.logger:44 | Epoch 72: train_loss: 2.33876
2026-01-04 08:53:52 | INFO     | fedaugment.utils.logger:44 | Epoch 73: train_loss: 2.33356
2026-01-04 08:53:53 | INFO     | fedaugment.utils.logger:44 | Epoch 74: train_loss: 2.32864
2026-01-04 08:53:54 | INFO     | fedaugment.utils.logger:44 | Epoch 75: train_loss: 2.32297
2026-01-04 08:53:55 | INFO     | fedaugment.utils.logger:44 | Epoch 76: train_loss: 2.31766
2026-01-04 08:53:55 | INFO     | fedaugment.utils.logger:44 | Epoch 77: train_loss: 2.31228
2026-01-04 08:53:56 | INFO     | fedaugment.utils.logger:44 | Epoch 78: train_loss: 2.30787
2026-01-04 08:53:57 | INFO     | fedaugment.utils.logger:44 | Epoch 79: train_loss: 2.30345
2026-01-04 08:53:58 | INFO     | fedaugment.utils.logger:44 | Epoch 80: train_loss: 2.29761
2026-01-04 08:53:58 | INFO     | fedaugment.utils.logger:44 | Epoch 81: train_loss: 2.29242
2026-01-04 08:53:59 | INFO     | fedaugment.utils.logger:44 | Epoch 82: train_loss: 2.28725
2026-01-04 08:54:00 | INFO     | fedaugment.utils.logger:44 | Epoch 83: train_loss: 2.28397
2026-01-04 08:54:01 | INFO     | fedaugment.utils.logger:44 | Epoch 84: train_loss: 2.27978
2026-01-04 08:54:01 | INFO     | fedaugment.utils.logger:44 | Epoch 85: train_loss: 2.27586
2026-01-04 08:54:02 | INFO     | fedaugment.utils.logger:44 | Epoch 86: train_loss: 2.27243
2026-01-04 08:54:03 | INFO     | fedaugment.utils.logger:44 | Epoch 87: train_loss: 2.26836
2026-01-04 08:54:04 | INFO     | fedaugment.utils.logger:44 | Epoch 88: train_loss: 2.26408
2026-01-04 08:54:04 | INFO     | fedaugment.utils.logger:44 | Epoch 89: train_loss: 2.26088
2026-01-04 08:54:05 | INFO     | fedaugment.utils.logger:44 | Epoch 90: train_loss: 2.25714
2026-01-04 08:54:06 | INFO     | fedaugment.utils.logger:44 | Epoch 91: train_loss: 2.25389
2026-01-04 08:54:06 | INFO     | fedaugment.utils.logger:44 | Epoch 92: train_loss: 2.25094
2026-01-04 08:54:07 | INFO     | fedaugment.utils.logger:44 | Epoch 93: train_loss: 2.24725
2026-01-04 08:54:08 | INFO     | fedaugment.utils.logger:44 | Epoch 94: train_loss: 2.24441
2026-01-04 08:54:09 | INFO     | fedaugment.utils.logger:44 | Epoch 95: train_loss: 2.24148
2026-01-04 08:54:09 | INFO     | fedaugment.utils.logger:44 | Epoch 96: train_loss: 2.23865
2026-01-04 08:54:10 | INFO     | fedaugment.utils.logger:44 | Epoch 97: train_loss: 2.23437
2026-01-04 08:54:11 | INFO     | fedaugment.utils.logger:44 | Epoch 98: train_loss: 2.23038
2026-01-04 08:54:12 | INFO     | fedaugment.utils.logger:44 | Epoch 99: train_loss: 2.22737
2026-01-04 08:54:12 | INFO     | fedaugment.utils.logger:44 | Epoch 100: train_loss: 2.22397
2026-01-04 08:54:13 | INFO     | fedaugment.utils.logger:44 | Epoch 101: train_loss: 2.22168
2026-01-04 08:54:14 | INFO     | fedaugment.utils.logger:44 | Epoch 102: train_loss: 2.21964
2026-01-04 08:54:15 | INFO     | fedaugment.utils.logger:44 | Epoch 103: train_loss: 2.21679
2026-01-04 08:54:16 | INFO     | fedaugment.utils.logger:44 | Epoch 104: train_loss: 2.21371
2026-01-04 08:54:16 | INFO     | fedaugment.utils.logger:44 | Epoch 105: train_loss: 2.21105
2026-01-04 08:54:17 | INFO     | fedaugment.utils.logger:44 | Epoch 106: train_loss: 2.20824
2026-01-04 08:54:18 | INFO     | fedaugment.utils.logger:44 | Epoch 107: train_loss: 2.20610
2026-01-04 08:54:19 | INFO     | fedaugment.utils.logger:44 | Epoch 108: train_loss: 2.20490
2026-01-04 08:54:19 | INFO     | fedaugment.utils.logger:44 | Epoch 109: train_loss: 2.20302
2026-01-04 08:54:20 | INFO     | fedaugment.utils.logger:44 | Epoch 110: train_loss: 2.20021
2026-01-04 08:54:21 | INFO     | fedaugment.utils.logger:44 | Epoch 111: train_loss: 2.19623
2026-01-04 08:54:21 | INFO     | fedaugment.utils.logger:44 | Epoch 112: train_loss: 2.19175
2026-01-04 08:54:22 | INFO     | fedaugment.utils.logger:44 | Epoch 113: train_loss: 2.18757
2026-01-04 08:54:23 | INFO     | fedaugment.utils.logger:44 | Epoch 114: train_loss: 2.18528
2026-01-04 08:54:24 | INFO     | fedaugment.utils.logger:44 | Epoch 115: train_loss: 2.18319
2026-01-04 08:54:24 | INFO     | fedaugment.utils.logger:44 | Epoch 116: train_loss: 2.18282
2026-01-04 08:54:25 | INFO     | fedaugment.utils.logger:44 | Epoch 117: train_loss: 2.18236
2026-01-04 08:54:26 | INFO     | fedaugment.utils.logger:44 | Epoch 118: train_loss: 2.18194
2026-01-04 08:54:27 | INFO     | fedaugment.utils.logger:44 | Epoch 119: train_loss: 2.18099
2026-01-04 08:54:27 | INFO     | fedaugment.utils.logger:44 | Epoch 120: train_loss: 2.17897
2026-01-04 08:54:28 | INFO     | fedaugment.utils.logger:44 | Epoch 121: train_loss: 2.17609
2026-01-04 08:54:29 | INFO     | fedaugment.utils.logger:44 | Epoch 122: train_loss: 2.17236
2026-01-04 08:54:29 | INFO     | fedaugment.utils.logger:44 | Epoch 123: train_loss: 2.16950
2026-01-04 08:54:30 | INFO     | fedaugment.utils.logger:44 | Epoch 124: train_loss: 2.16824
2026-01-04 08:54:31 | INFO     | fedaugment.utils.logger:44 | Epoch 125: train_loss: 2.16754
2026-01-04 08:54:32 | INFO     | fedaugment.utils.logger:44 | Epoch 126: train_loss: 2.16707
2026-01-04 08:54:32 | INFO     | fedaugment.utils.logger:44 | Epoch 127: train_loss: 2.16633
2026-01-04 08:54:33 | INFO     | fedaugment.utils.logger:44 | Epoch 128: train_loss: 2.16520
2026-01-04 08:54:34 | INFO     | fedaugment.utils.logger:44 | Epoch 129: train_loss: 2.16380
2026-01-04 08:54:35 | INFO     | fedaugment.utils.logger:44 | Epoch 130: train_loss: 2.16127
2026-01-04 08:54:35 | INFO     | fedaugment.utils.logger:44 | Epoch 131: train_loss: 2.15905
2026-01-04 08:54:37 | INFO     | fedaugment.utils.logger:44 | Epoch 132: train_loss: 2.15739
2026-01-04 08:54:37 | INFO     | fedaugment.utils.logger:44 | Epoch 133: train_loss: 2.15587
2026-01-04 08:54:38 | INFO     | fedaugment.utils.logger:44 | Epoch 134: train_loss: 2.15498
2026-01-04 08:54:38 | INFO     | fedaugment.utils.logger:44 | Epoch 135: train_loss: 2.15418
2026-01-04 08:54:40 | INFO     | fedaugment.utils.logger:44 | Epoch 136: train_loss: 2.15413
2026-01-04 08:54:40 | INFO     | fedaugment.utils.logger:44 | Epoch 137: train_loss: 2.15338
2026-01-04 08:54:41 | INFO     | fedaugment.utils.logger:44 | Epoch 138: train_loss: 2.15238
2026-01-04 08:54:42 | INFO     | fedaugment.utils.logger:44 | Epoch 139: train_loss: 2.15058
2026-01-04 08:54:42 | INFO     | fedaugment.utils.logger:44 | Epoch 140: train_loss: 2.14828
2026-01-04 08:54:43 | INFO     | fedaugment.utils.logger:44 | Epoch 141: train_loss: 2.14666
2026-01-04 08:54:44 | INFO     | fedaugment.utils.logger:44 | Epoch 142: train_loss: 2.14445
2026-01-04 08:54:45 | INFO     | fedaugment.utils.logger:44 | Epoch 143: train_loss: 2.14384
2026-01-04 08:54:45 | INFO     | fedaugment.utils.logger:44 | Epoch 144: train_loss: 2.14260
2026-01-04 08:54:46 | INFO     | fedaugment.utils.logger:44 | Epoch 145: train_loss: 2.14152
2026-01-04 08:54:47 | INFO     | fedaugment.utils.logger:44 | Epoch 146: train_loss: 2.14048
2026-01-04 08:54:48 | INFO     | fedaugment.utils.logger:44 | Epoch 147: train_loss: 2.13979
2026-01-04 08:54:48 | INFO     | fedaugment.utils.logger:44 | Epoch 148: train_loss: 2.13910
2026-01-04 08:54:49 | INFO     | fedaugment.utils.logger:44 | Epoch 149: train_loss: 2.13879
2026-01-04 08:54:50 | INFO     | fedaugment.utils.logger:44 | Epoch 150: train_loss: 2.13854
2026-01-04 08:54:51 | INFO     | fedaugment.utils.logger:44 | Epoch 151: train_loss: 2.13794
2026-01-04 08:54:51 | INFO     | fedaugment.utils.logger:44 | Epoch 152: train_loss: 2.13723
2026-01-04 08:54:52 | INFO     | fedaugment.utils.logger:44 | Epoch 153: train_loss: 2.13604
2026-01-04 08:54:53 | INFO     | fedaugment.utils.logger:44 | Epoch 154: train_loss: 2.13462
2026-01-04 08:54:54 | INFO     | fedaugment.utils.logger:44 | Epoch 155: train_loss: 2.13329
2026-01-04 08:54:54 | INFO     | fedaugment.utils.logger:44 | Epoch 156: train_loss: 2.13189
2026-01-04 08:54:55 | INFO     | fedaugment.utils.logger:44 | Epoch 157: train_loss: 2.13091
2026-01-04 08:54:56 | INFO     | fedaugment.utils.logger:44 | Epoch 158: train_loss: 2.13018
2026-01-04 08:54:57 | INFO     | fedaugment.utils.logger:44 | Epoch 159: train_loss: 2.12901
2026-01-04 08:54:58 | INFO     | fedaugment.utils.logger:44 | Epoch 160: train_loss: 2.12785
2026-01-04 08:54:58 | INFO     | fedaugment.utils.logger:44 | Epoch 161: train_loss: 2.12683
2026-01-04 08:54:59 | INFO     | fedaugment.utils.logger:44 | Epoch 162: train_loss: 2.12602
2026-01-04 08:55:00 | INFO     | fedaugment.utils.logger:44 | Epoch 163: train_loss: 2.12517
2026-01-04 08:55:01 | INFO     | fedaugment.utils.logger:44 | Epoch 164: train_loss: 2.12412
2026-01-04 08:55:01 | INFO     | fedaugment.utils.logger:44 | Epoch 165: train_loss: 2.12318
2026-01-04 08:55:02 | INFO     | fedaugment.utils.logger:44 | Epoch 166: train_loss: 2.12223
2026-01-04 08:55:03 | INFO     | fedaugment.utils.logger:44 | Epoch 167: train_loss: 2.12158
2026-01-04 08:55:04 | INFO     | fedaugment.utils.logger:44 | Epoch 168: train_loss: 2.12104
2026-01-04 08:55:04 | INFO     | fedaugment.utils.logger:44 | Epoch 169: train_loss: 2.12032
2026-01-04 08:55:05 | INFO     | fedaugment.utils.logger:44 | Epoch 170: train_loss: 2.11963
2026-01-04 08:55:06 | INFO     | fedaugment.utils.logger:44 | Epoch 171: train_loss: 2.11882
2026-01-04 08:55:06 | INFO     | fedaugment.utils.logger:44 | Epoch 172: train_loss: 2.11757
2026-01-04 08:55:07 | INFO     | fedaugment.utils.logger:44 | Epoch 173: train_loss: 2.11687
2026-01-04 08:55:08 | INFO     | fedaugment.utils.logger:44 | Epoch 174: train_loss: 2.11566
2026-01-04 08:55:09 | INFO     | fedaugment.utils.logger:44 | Epoch 175: train_loss: 2.11490
2026-01-04 08:55:10 | INFO     | fedaugment.utils.logger:44 | Epoch 176: train_loss: 2.11440
2026-01-04 08:55:10 | INFO     | fedaugment.utils.logger:44 | Epoch 177: train_loss: 2.11371
2026-01-04 08:55:11 | INFO     | fedaugment.utils.logger:44 | Epoch 178: train_loss: 2.11292
2026-01-04 08:55:12 | INFO     | fedaugment.utils.logger:44 | Epoch 179: train_loss: 2.11260
2026-01-04 08:55:12 | INFO     | fedaugment.utils.logger:44 | Epoch 180: train_loss: 2.11199
2026-01-04 08:55:13 | INFO     | fedaugment.utils.logger:44 | Epoch 181: train_loss: 2.11124
2026-01-04 08:55:14 | INFO     | fedaugment.utils.logger:44 | Epoch 182: train_loss: 2.11064
2026-01-04 08:55:15 | INFO     | fedaugment.utils.logger:44 | Epoch 183: train_loss: 2.10997
2026-01-04 08:55:15 | INFO     | fedaugment.utils.logger:44 | Epoch 184: train_loss: 2.10971
2026-01-04 08:55:16 | INFO     | fedaugment.utils.logger:44 | Epoch 185: train_loss: 2.10883
2026-01-04 08:55:17 | INFO     | fedaugment.utils.logger:44 | Epoch 186: train_loss: 2.10856
2026-01-04 08:55:18 | INFO     | fedaugment.utils.logger:44 | Epoch 187: train_loss: 2.10789
2026-01-04 08:55:19 | INFO     | fedaugment.utils.logger:44 | Epoch 188: train_loss: 2.10747
2026-01-04 08:55:19 | INFO     | fedaugment.utils.logger:44 | Epoch 189: train_loss: 2.10727
2026-01-04 08:55:20 | INFO     | fedaugment.utils.logger:44 | Epoch 190: train_loss: 2.10715
2026-01-04 08:55:21 | INFO     | fedaugment.utils.logger:44 | Epoch 191: train_loss: 2.10679
2026-01-04 08:55:22 | INFO     | fedaugment.utils.logger:44 | Epoch 192: train_loss: 2.10636
2026-01-04 08:55:22 | INFO     | fedaugment.utils.logger:44 | Epoch 193: train_loss: 2.10592
2026-01-04 08:55:23 | INFO     | fedaugment.utils.logger:44 | Epoch 194: train_loss: 2.10618
2026-01-04 08:55:24 | INFO     | fedaugment.utils.logger:44 | Epoch 195: train_loss: 2.10556
2026-01-04 08:55:24 | INFO     | fedaugment.utils.logger:44 | Epoch 196: train_loss: 2.10558
2026-01-04 08:55:25 | INFO     | fedaugment.utils.logger:44 | Epoch 197: train_loss: 2.10500
2026-01-04 08:55:26 | INFO     | fedaugment.utils.logger:44 | Epoch 198: train_loss: 2.10478
2026-01-04 08:55:27 | INFO     | fedaugment.utils.logger:44 | Epoch 199: train_loss: 2.10455
2026-01-04 08:55:27 | INFO     | fedaugment.utils.logger:44 | Epoch 200: train_loss: 2.10440
2026-01-04 08:55:28 | INFO     | fedaugment.utils.logger:44 | Epoch 201: train_loss: 2.10406
2026-01-04 08:55:29 | INFO     | fedaugment.utils.logger:44 | Epoch 202: train_loss: 2.10414
2026-01-04 08:55:30 | INFO     | fedaugment.utils.logger:44 | Epoch 203: train_loss: 2.10374
2026-01-04 08:55:30 | INFO     | fedaugment.utils.logger:44 | Epoch 204: train_loss: 2.10374
2026-01-04 08:55:31 | INFO     | fedaugment.utils.logger:44 | Epoch 205: train_loss: 2.10365
2026-01-04 08:55:32 | INFO     | fedaugment.utils.logger:44 | Epoch 206: train_loss: 2.10340
2026-01-04 08:55:33 | INFO     | fedaugment.utils.logger:44 | Epoch 207: train_loss: 2.10343
2026-01-04 08:55:33 | INFO     | fedaugment.utils.logger:44 | Epoch 208: train_loss: 2.10300
2026-01-04 08:55:34 | INFO     | fedaugment.utils.logger:44 | Epoch 209: train_loss: 2.10292
2026-01-04 08:55:35 | INFO     | fedaugment.utils.logger:44 | Epoch 210: train_loss: 2.10288
2026-01-04 08:55:36 | INFO     | fedaugment.utils.logger:44 | Epoch 211: train_loss: 2.10288
2026-01-04 08:55:36 | INFO     | fedaugment.utils.logger:44 | Epoch 212: train_loss: 2.10249
2026-01-04 08:55:37 | INFO     | fedaugment.utils.logger:44 | Epoch 213: train_loss: 2.10253
2026-01-04 08:55:38 | INFO     | fedaugment.utils.logger:44 | Epoch 214: train_loss: 2.10222
2026-01-04 08:55:39 | INFO     | fedaugment.utils.logger:44 | Epoch 215: train_loss: 2.10222
2026-01-04 08:55:40 | INFO     | fedaugment.utils.logger:44 | Epoch 216: train_loss: 2.10232
2026-01-04 08:55:40 | INFO     | fedaugment.utils.logger:44 | Epoch 217: train_loss: 2.10214
2026-01-04 08:55:41 | INFO     | fedaugment.utils.logger:44 | Epoch 218: train_loss: 2.10231
2026-01-04 08:55:42 | INFO     | fedaugment.utils.logger:44 | Epoch 219: train_loss: 2.10216
2026-01-04 08:55:43 | INFO     | fedaugment.utils.logger:44 | Epoch 220: train_loss: 2.10180
2026-01-04 08:55:43 | INFO     | fedaugment.utils.logger:44 | Epoch 221: train_loss: 2.10173
2026-01-04 08:55:44 | INFO     | fedaugment.utils.logger:44 | Epoch 222: train_loss: 2.10164
2026-01-04 08:55:45 | INFO     | fedaugment.utils.logger:44 | Epoch 223: train_loss: 2.10189
2026-01-04 08:55:46 | INFO     | fedaugment.utils.logger:44 | Epoch 224: train_loss: 2.10153
2026-01-04 08:55:46 | INFO     | fedaugment.utils.logger:44 | Epoch 225: train_loss: 2.10155
2026-01-04 08:55:47 | INFO     | fedaugment.utils.logger:44 | Epoch 226: train_loss: 2.10155
2026-01-04 08:55:48 | INFO     | fedaugment.utils.logger:44 | Epoch 227: train_loss: 2.10128
2026-01-04 08:55:49 | INFO     | fedaugment.utils.logger:44 | Epoch 228: train_loss: 2.10150
2026-01-04 08:55:49 | INFO     | fedaugment.utils.logger:44 | Epoch 229: train_loss: 2.10122
2026-01-04 08:55:50 | INFO     | fedaugment.utils.logger:44 | Epoch 230: train_loss: 2.10126
2026-01-04 08:55:51 | INFO     | fedaugment.utils.logger:44 | Epoch 231: train_loss: 2.10118
2026-01-04 08:55:52 | INFO     | fedaugment.utils.logger:44 | Epoch 232: train_loss: 2.10115
2026-01-04 08:55:52 | INFO     | fedaugment.utils.logger:44 | Epoch 233: train_loss: 2.10122
2026-01-04 08:55:53 | INFO     | fedaugment.utils.logger:44 | Epoch 234: train_loss: 2.10118
2026-01-04 08:55:54 | INFO     | fedaugment.utils.logger:44 | Epoch 235: train_loss: 2.10134
2026-01-04 08:55:55 | INFO     | fedaugment.utils.logger:44 | Epoch 236: train_loss: 2.10096
2026-01-04 08:55:56 | INFO     | fedaugment.utils.logger:44 | Epoch 237: train_loss: 2.10116
2026-01-04 08:55:56 | INFO     | fedaugment.utils.logger:44 | Epoch 238: train_loss: 2.10118
2026-01-04 08:55:57 | INFO     | fedaugment.utils.logger:44 | Epoch 239: train_loss: 2.10113
2026-01-04 08:55:57 | INFO     | fedaugment.utils.logger:44 | Epoch 240: train_loss: 2.10121
2026-01-04 08:55:58 | INFO     | fedaugment.utils.logger:44 | Epoch 241: train_loss: 2.10111
2026-01-04 08:55:59 | INFO     | fedaugment.utils.logger:44 | Epoch 242: train_loss: 2.10104
2026-01-04 08:56:00 | INFO     | fedaugment.utils.logger:44 | Epoch 243: train_loss: 2.10113
2026-01-04 08:56:01 | INFO     | fedaugment.utils.logger:44 | Epoch 244: train_loss: 2.10117
2026-01-04 08:56:01 | INFO     | fedaugment.utils.logger:44 | Epoch 245: train_loss: 2.10105
2026-01-04 08:56:02 | INFO     | fedaugment.utils.logger:44 | Epoch 246: train_loss: 2.10120
2026-01-04 08:56:03 | INFO     | fedaugment.utils.logger:44 | Epoch 247: train_loss: 2.10133
2026-01-04 08:56:04 | INFO     | fedaugment.utils.logger:44 | Epoch 248: train_loss: 2.10103
2026-01-04 08:56:04 | INFO     | fedaugment.utils.logger:44 | Epoch 249: train_loss: 2.10103
2026-01-04 08:56:04 | INFO     | lightning_utilities.core.rank_zero:60 | `Trainer.fit` stopped: `max_epochs=250` reached.
2026-01-04 08:56:12 | INFO     | fedaugment.projections.main:87 | Starting testing phase...
2026-01-04 08:56:12 | INFO     | lightning.pytorch.accelerators.cuda:61 | LOCAL_RANK: 0 - CUDA_VISIBLE_DEVICES: [0]
2026-01-04 08:56:12 | INFO     | fedaugment.utils.logger:38 | {'module_kwargs': CLModuleConfig(model_type='projection_head', out_dim=1024, hidden_dims=[1024, 1536, 1536], activation='silu', normalization='batch', dropout=0.0), 'criterion': CriterionConfig(class_='MultiViewNTXentLoss', kwargs={'temperature': 0.1}), 'optim_configs': [OptimizerConfig(class_='AdamW', kwargs={'lr': 0.001, 'betas': (0.9, 0.999), 'eps': 1e-08, 'weight_decay': 0.01})], 'sched_configs': [LRSchedulerConfig(class_='LambdaLR', interval='epoch', frequency=1, monitor=None, kwargs={'lr_lambda': <function cos_annealing_with_warmup at 0x7ff54a0a9440>})], 'pipeline_names': ['distilroberta-dj_adpt', 'gte_base-dj_adpt', 'gtr_t5-dj_adpt', 'mini_l12-dj_adpt', 'mini_l6-dj_adpt', 'mpnet-dj_adpt'], 'embedding_dims': [768, 768, 768, 384, 384, 768], 'data_batch_size': 4096, 'metric_batch_size': 65536}
2026-01-04 08:56:33 | DEBUG    | fedaugment.projections.metrics.base:115 | Computing CosineSimilarityOrchestrator metrics.
2026-01-04 08:56:33 | WARNING  | fedaugment.projections.metrics.base:117 | Number of projections (8891658) is not divisible by chunk size (65536). This may lead to suboptimal performance.
2026-01-04 11:05:58 | DEBUG    | fedaugment.projections.metrics.base:198 | Finalized CosineSimilarityOrchestrator metrics
2026-01-04 11:05:58 | INFO     | fedaugment.utils.logger:44 | Epoch 250: test_loss: 5.65359, test_cossim_mean: 0.17288, test_entity_stability_15: 0.02814, test_entity_stability_5: 0.02388, test_entity_stability_50: 0.04133, test_same_lbl_cossim_mean: 0.78918
2026-01-04 11:05:59 | INFO     | fedaugment.projections.main:92 | Best model checkpoint saved at /home/lennart-ldap/projects/fedaugment/logs/curation_train_webtable_fft_euc-mpnet-dj_adpt-k=12609-pca=0.9/version_1/last.ckpt
2026-01-04 11:05:59 | INFO     | __main__:50 | Evaluating grid-mpnet-dj_adpt-k=12609-pca=0.9 on webtable 001
2026-01-04 11:05:59 | DEBUG    | fedaugment.projections.main:31 | Experiment configuration: {"experiment_name":"curation_train_webtable_grid-mpnet-dj_adpt-k=12609-pca=0.9","experiment_version":1,"seed":42,"data_module":{"class_":"DefaultDataModule","data":{"train":"data/embeddings/webtable/sample-001/grid-mpnet-dj_adpt-k=12609-pca=0.9","val":null,"test":"data/embeddings/webtable/split/test"},"batch_size":4096,"num_workers":32,"pin_memory":true,"persistent_workers":true,"prefetch_factor":5,"verify_column_ids":true},"projection_model":{"class_":"ContrastiveLearningModel","module_kwargs":{"model_type":"projection_head","out_dim":1024,"hidden_dims":[1024,1536,1536],"activation":"silu","normalization":"batch","dropout":0.0},"criterion":{"class_":"MultiViewNTXentLoss","kwargs":{"temperature":0.1}},"optimizers":[{"class_":"AdamW","kwargs":{"lr":0.001,"betas":[0.9,0.999],"eps":1e-8,"weight_decay":0.01}}],"schedulers":[{"class_":"LambdaLR","interval":"epoch","frequency":1,"monitor":null,"kwargs":{"lr_lambda":"cos_annealing_with_warmup"}}],"metric_batch_size":65536},"trainer":{"max_epochs":250,"accelerator":"gpu","check_val_every_n_epoch":10,"devices":"auto","deterministic":false,"enable_checkpointing":true,"enable_model_summary":true,"enable_progress_bar":true,"log_every_n_steps":50,"max_time":null,"num_sanity_val_steps":2,"precision":"bf16-mixed","profiler":null},"compile_model":true}
2026-01-04 11:05:59 | INFO     | lightning.fabric.utilities.seed:57 | Seed set to 42
2026-01-04 11:06:01 | INFO     | fedaugment.projections.main:42 | Compiling projection model...
2026-01-04 11:06:01 | INFO     | fedaugment.projections.main:44 | Projection model compiled
2026-01-04 11:06:01 | INFO     | fedaugment.projections.main:46 | Initializing trainer...
2026-01-04 11:06:01 | INFO     | lightning_utilities.core.rank_zero:60 | Using bfloat16 Automatic Mixed Precision (AMP)
2026-01-04 11:06:01 | INFO     | lightning_utilities.core.rank_zero:60 | GPU available: True (cuda), used: True
2026-01-04 11:06:01 | INFO     | lightning_utilities.core.rank_zero:60 | TPU available: False, using: 0 TPU cores
2026-01-04 11:06:01 | INFO     | fedaugment.projections.main:76 | Trainer initialized
2026-01-04 11:06:01 | INFO     | fedaugment.projections.main:83 | Starting training phase...
2026-01-04 11:06:01 | INFO     | lightning.pytorch.accelerators.cuda:61 | LOCAL_RANK: 0 - CUDA_VISIBLE_DEVICES: [0]
2026-01-04 11:06:01 | INFO     | lightning.pytorch.callbacks.model_summary:110 |
  | Name              | Type                         | Params | Mode  | FLOPs
-----------------------------------------------------------------------------------
0 | criterion         | MultiViewNTXentLoss          | 0      | train | 0
1 | val_metrics       | MetricCollection             | 0      | train | 0
2 | test_metrics      | MetricCollection             | 0      | train | 0
3 | val_orchestrator  | CosineSimilarityOrchestrator | 0      | train | 0
4 | test_orchestrator | CosineSimilarityOrchestrator | 0      | train | 0
5 | projection_heads  | ModuleList                   | 37.0 M | train | 0
-----------------------------------------------------------------------------------
37.0 M    Trainable params
0         Non-trainable params
37.0 M    Total params
148.120   Total estimated model params size (MB)
94        Modules in train mode
0         Modules in eval mode
0         Total Flops
2026-01-04 11:06:01 | INFO     | fedaugment.utils.logger:38 | {'module_kwargs': CLModuleConfig(model_type='projection_head', out_dim=1024, hidden_dims=[1024, 1536, 1536], activation='silu', normalization='batch', dropout=0.0), 'criterion': CriterionConfig(class_='MultiViewNTXentLoss', kwargs={'temperature': 0.1}), 'optim_configs': [OptimizerConfig(class_='AdamW', kwargs={'lr': 0.001, 'betas': (0.9, 0.999), 'eps': 1e-08, 'weight_decay': 0.01})], 'sched_configs': [LRSchedulerConfig(class_='LambdaLR', interval='epoch', frequency=1, monitor=None, kwargs={'lr_lambda': <function cos_annealing_with_warmup at 0x7ff54a0a9440>})], 'pipeline_names': ['distilroberta-dj_adpt', 'gte_base-dj_adpt', 'gtr_t5-dj_adpt', 'mini_l12-dj_adpt', 'mini_l6-dj_adpt', 'mpnet-dj_adpt'], 'embedding_dims': [768, 768, 768, 384, 384, 768], 'data_batch_size': 4096, 'metric_batch_size': 65536}
2026-01-04 11:06:02 | INFO     | fedaugment.utils.logger:44 | Epoch 0: train_loss: 10.49736
2026-01-04 11:06:03 | INFO     | fedaugment.utils.logger:44 | Epoch 1: train_loss: 10.05909
2026-01-04 11:06:03 | INFO     | fedaugment.utils.logger:44 | Epoch 2: train_loss: 8.59282
2026-01-04 11:06:05 | INFO     | fedaugment.utils.logger:44 | Epoch 3: train_loss: 7.22886
2026-01-04 11:06:05 | INFO     | fedaugment.utils.logger:44 | Epoch 4: train_loss: 6.20681
2026-01-04 11:06:06 | INFO     | fedaugment.utils.logger:44 | Epoch 5: train_loss: 5.52849
2026-01-04 11:06:07 | INFO     | fedaugment.utils.logger:44 | Epoch 6: train_loss: 5.04639
2026-01-04 11:06:08 | INFO     | fedaugment.utils.logger:44 | Epoch 7: train_loss: 4.69303
2026-01-04 11:06:08 | INFO     | fedaugment.utils.logger:44 | Epoch 8: train_loss: 4.41477
2026-01-04 11:06:09 | INFO     | fedaugment.utils.logger:44 | Epoch 9: train_loss: 4.19505
2026-01-04 11:06:10 | INFO     | fedaugment.utils.logger:44 | Epoch 10: train_loss: 4.01492
2026-01-04 11:06:11 | INFO     | fedaugment.utils.logger:44 | Epoch 11: train_loss: 3.86065
2026-01-04 11:06:12 | INFO     | fedaugment.utils.logger:44 | Epoch 12: train_loss: 3.73618
2026-01-04 11:06:13 | INFO     | fedaugment.utils.logger:44 | Epoch 13: train_loss: 3.62461
2026-01-04 11:06:13 | INFO     | fedaugment.utils.logger:44 | Epoch 14: train_loss: 3.53365
2026-01-04 11:06:14 | INFO     | fedaugment.utils.logger:44 | Epoch 15: train_loss: 3.45190
2026-01-04 11:06:15 | INFO     | fedaugment.utils.logger:44 | Epoch 16: train_loss: 3.38203
2026-01-04 11:06:16 | INFO     | fedaugment.utils.logger:44 | Epoch 17: train_loss: 3.31879
2026-01-04 11:06:16 | INFO     | fedaugment.utils.logger:44 | Epoch 18: train_loss: 3.26305
2026-01-04 11:06:17 | INFO     | fedaugment.utils.logger:44 | Epoch 19: train_loss: 3.21463
2026-01-04 11:06:18 | INFO     | fedaugment.utils.logger:44 | Epoch 20: train_loss: 3.16668
2026-01-04 11:06:19 | INFO     | fedaugment.utils.logger:44 | Epoch 21: train_loss: 3.12576
2026-01-04 11:06:19 | INFO     | fedaugment.utils.logger:44 | Epoch 22: train_loss: 3.08538
2026-01-04 11:06:20 | INFO     | fedaugment.utils.logger:44 | Epoch 23: train_loss: 3.05236
2026-01-04 11:06:21 | INFO     | fedaugment.utils.logger:44 | Epoch 24: train_loss: 3.02085
2026-01-04 11:06:22 | INFO     | fedaugment.utils.logger:44 | Epoch 25: train_loss: 2.99020
2026-01-04 11:06:22 | INFO     | fedaugment.utils.logger:44 | Epoch 26: train_loss: 2.96086
2026-01-04 11:06:24 | INFO     | fedaugment.utils.logger:44 | Epoch 27: train_loss: 2.93916
2026-01-04 11:06:24 | INFO     | fedaugment.utils.logger:44 | Epoch 28: train_loss: 2.91885
2026-01-04 11:06:25 | INFO     | fedaugment.utils.logger:44 | Epoch 29: train_loss: 2.90107
2026-01-04 11:06:26 | INFO     | fedaugment.utils.logger:44 | Epoch 30: train_loss: 2.88740
2026-01-04 11:06:27 | INFO     | fedaugment.utils.logger:44 | Epoch 31: train_loss: 2.87934
2026-01-04 11:06:27 | INFO     | fedaugment.utils.logger:44 | Epoch 32: train_loss: 2.85348
2026-01-04 11:06:28 | INFO     | fedaugment.utils.logger:44 | Epoch 33: train_loss: 2.82997
2026-01-04 11:06:29 | INFO     | fedaugment.utils.logger:44 | Epoch 34: train_loss: 2.82014
2026-01-04 11:06:30 | INFO     | fedaugment.utils.logger:44 | Epoch 35: train_loss: 2.79749
2026-01-04 11:06:30 | INFO     | fedaugment.utils.logger:44 | Epoch 36: train_loss: 2.77261
2026-01-04 11:06:31 | INFO     | fedaugment.utils.logger:44 | Epoch 37: train_loss: 2.75544
2026-01-04 11:06:32 | INFO     | fedaugment.utils.logger:44 | Epoch 38: train_loss: 2.73364
2026-01-04 11:06:33 | INFO     | fedaugment.utils.logger:44 | Epoch 39: train_loss: 2.71758
2026-01-04 11:06:34 | INFO     | fedaugment.utils.logger:44 | Epoch 40: train_loss: 2.69664
2026-01-04 11:06:35 | INFO     | fedaugment.utils.logger:44 | Epoch 41: train_loss: 2.68376
2026-01-04 11:06:35 | INFO     | fedaugment.utils.logger:44 | Epoch 42: train_loss: 2.67421
2026-01-04 11:06:36 | INFO     | fedaugment.utils.logger:44 | Epoch 43: train_loss: 2.66124
2026-01-04 11:06:37 | INFO     | fedaugment.utils.logger:44 | Epoch 44: train_loss: 2.65613
2026-01-04 11:06:38 | INFO     | fedaugment.utils.logger:44 | Epoch 45: train_loss: 2.64132
2026-01-04 11:06:38 | INFO     | fedaugment.utils.logger:44 | Epoch 46: train_loss: 2.63538
2026-01-04 11:06:39 | INFO     | fedaugment.utils.logger:44 | Epoch 47: train_loss: 2.62675
2026-01-04 11:06:40 | INFO     | fedaugment.utils.logger:44 | Epoch 48: train_loss: 2.61959
2026-01-04 11:06:41 | INFO     | fedaugment.utils.logger:44 | Epoch 49: train_loss: 2.61628
2026-01-04 11:06:42 | INFO     | fedaugment.utils.logger:44 | Epoch 50: train_loss: 2.61122
2026-01-04 11:06:42 | INFO     | fedaugment.utils.logger:44 | Epoch 51: train_loss: 2.59244
2026-01-04 11:06:43 | INFO     | fedaugment.utils.logger:44 | Epoch 52: train_loss: 2.57784
2026-01-04 11:06:44 | INFO     | fedaugment.utils.logger:44 | Epoch 53: train_loss: 2.56365
2026-01-04 11:06:45 | INFO     | fedaugment.utils.logger:44 | Epoch 54: train_loss: 2.55133
2026-01-04 11:06:46 | INFO     | fedaugment.utils.logger:44 | Epoch 55: train_loss: 2.54042
2026-01-04 11:06:46 | INFO     | fedaugment.utils.logger:44 | Epoch 56: train_loss: 2.53432
2026-01-04 11:06:47 | INFO     | fedaugment.utils.logger:44 | Epoch 57: train_loss: 2.52450
2026-01-04 11:06:48 | INFO     | fedaugment.utils.logger:44 | Epoch 58: train_loss: 2.51614
2026-01-04 11:06:49 | INFO     | fedaugment.utils.logger:44 | Epoch 59: train_loss: 2.50760
2026-01-04 11:06:49 | INFO     | fedaugment.utils.logger:44 | Epoch 60: train_loss: 2.50193
2026-01-04 11:06:50 | INFO     | fedaugment.utils.logger:44 | Epoch 61: train_loss: 2.49776
2026-01-04 11:06:51 | INFO     | fedaugment.utils.logger:44 | Epoch 62: train_loss: 2.49494
2026-01-04 11:06:52 | INFO     | fedaugment.utils.logger:44 | Epoch 63: train_loss: 2.48684
2026-01-04 11:06:52 | INFO     | fedaugment.utils.logger:44 | Epoch 64: train_loss: 2.48112
2026-01-04 11:06:53 | INFO     | fedaugment.utils.logger:44 | Epoch 65: train_loss: 2.47416
2026-01-04 11:06:54 | INFO     | fedaugment.utils.logger:44 | Epoch 66: train_loss: 2.46649
2026-01-04 11:06:55 | INFO     | fedaugment.utils.logger:44 | Epoch 67: train_loss: 2.45825
2026-01-04 11:06:55 | INFO     | fedaugment.utils.logger:44 | Epoch 68: train_loss: 2.45333
2026-01-04 11:06:57 | INFO     | fedaugment.utils.logger:44 | Epoch 69: train_loss: 2.45090
2026-01-04 11:06:57 | INFO     | fedaugment.utils.logger:44 | Epoch 70: train_loss: 2.44422
2026-01-04 11:06:58 | INFO     | fedaugment.utils.logger:44 | Epoch 71: train_loss: 2.44200
2026-01-04 11:06:58 | INFO     | fedaugment.utils.logger:44 | Epoch 72: train_loss: 2.43278
2026-01-04 11:07:00 | INFO     | fedaugment.utils.logger:44 | Epoch 73: train_loss: 2.42608
2026-01-04 11:07:00 | INFO     | fedaugment.utils.logger:44 | Epoch 74: train_loss: 2.42026
2026-01-04 11:07:01 | INFO     | fedaugment.utils.logger:44 | Epoch 75: train_loss: 2.41420
2026-01-04 11:07:02 | INFO     | fedaugment.utils.logger:44 | Epoch 76: train_loss: 2.40560
2026-01-04 11:07:03 | INFO     | fedaugment.utils.logger:44 | Epoch 77: train_loss: 2.40204
2026-01-04 11:07:03 | INFO     | fedaugment.utils.logger:44 | Epoch 78: train_loss: 2.39578
2026-01-04 11:07:04 | INFO     | fedaugment.utils.logger:44 | Epoch 79: train_loss: 2.38981
2026-01-04 11:07:05 | INFO     | fedaugment.utils.logger:44 | Epoch 80: train_loss: 2.38636
2026-01-04 11:07:06 | INFO     | fedaugment.utils.logger:44 | Epoch 81: train_loss: 2.38279
2026-01-04 11:07:06 | INFO     | fedaugment.utils.logger:44 | Epoch 82: train_loss: 2.37697
2026-01-04 11:07:07 | INFO     | fedaugment.utils.logger:44 | Epoch 83: train_loss: 2.37723
2026-01-04 11:07:08 | INFO     | fedaugment.utils.logger:44 | Epoch 84: train_loss: 2.37371
2026-01-04 11:07:09 | INFO     | fedaugment.utils.logger:44 | Epoch 85: train_loss: 2.37180
2026-01-04 11:07:09 | INFO     | fedaugment.utils.logger:44 | Epoch 86: train_loss: 2.36778
2026-01-04 11:07:10 | INFO     | fedaugment.utils.logger:44 | Epoch 87: train_loss: 2.36802
2026-01-04 11:07:11 | INFO     | fedaugment.utils.logger:44 | Epoch 88: train_loss: 2.36441
2026-01-04 11:07:12 | INFO     | fedaugment.utils.logger:44 | Epoch 89: train_loss: 2.35993
2026-01-04 11:07:13 | INFO     | fedaugment.utils.logger:44 | Epoch 90: train_loss: 2.35477
2026-01-04 11:07:14 | INFO     | fedaugment.utils.logger:44 | Epoch 91: train_loss: 2.34849
2026-01-04 11:07:14 | INFO     | fedaugment.utils.logger:44 | Epoch 92: train_loss: 2.34219
2026-01-04 11:07:15 | INFO     | fedaugment.utils.logger:44 | Epoch 93: train_loss: 2.33471
2026-01-04 11:07:16 | INFO     | fedaugment.utils.logger:44 | Epoch 94: train_loss: 2.33209
2026-01-04 11:07:17 | INFO     | fedaugment.utils.logger:44 | Epoch 95: train_loss: 2.32672
2026-01-04 11:07:18 | INFO     | fedaugment.utils.logger:44 | Epoch 96: train_loss: 2.32267
2026-01-04 11:07:19 | INFO     | fedaugment.utils.logger:44 | Epoch 97: train_loss: 2.32149
2026-01-04 11:07:19 | INFO     | fedaugment.utils.logger:44 | Epoch 98: train_loss: 2.31973
2026-01-04 11:07:20 | INFO     | fedaugment.utils.logger:44 | Epoch 99: train_loss: 2.31860
2026-01-04 11:07:21 | INFO     | fedaugment.utils.logger:44 | Epoch 100: train_loss: 2.31594
2026-01-04 11:07:22 | INFO     | fedaugment.utils.logger:44 | Epoch 101: train_loss: 2.31266
2026-01-04 11:07:23 | INFO     | fedaugment.utils.logger:44 | Epoch 102: train_loss: 2.31146
2026-01-04 11:07:23 | INFO     | fedaugment.utils.logger:44 | Epoch 103: train_loss: 2.30527
2026-01-04 11:07:24 | INFO     | fedaugment.utils.logger:44 | Epoch 104: train_loss: 2.30468
2026-01-04 11:07:25 | INFO     | fedaugment.utils.logger:44 | Epoch 105: train_loss: 2.29984
2026-01-04 11:07:26 | INFO     | fedaugment.utils.logger:44 | Epoch 106: train_loss: 2.29752
2026-01-04 11:07:26 | INFO     | fedaugment.utils.logger:44 | Epoch 107: train_loss: 2.29252
2026-01-04 11:07:27 | INFO     | fedaugment.utils.logger:44 | Epoch 108: train_loss: 2.29255
2026-01-04 11:07:28 | INFO     | fedaugment.utils.logger:44 | Epoch 109: train_loss: 2.28691
2026-01-04 11:07:29 | INFO     | fedaugment.utils.logger:44 | Epoch 110: train_loss: 2.28666
2026-01-04 11:07:30 | INFO     | fedaugment.utils.logger:44 | Epoch 111: train_loss: 2.28282
2026-01-04 11:07:30 | INFO     | fedaugment.utils.logger:44 | Epoch 112: train_loss: 2.27916
2026-01-04 11:07:31 | INFO     | fedaugment.utils.logger:44 | Epoch 113: train_loss: 2.27495
2026-01-04 11:07:32 | INFO     | fedaugment.utils.logger:44 | Epoch 114: train_loss: 2.27405
2026-01-04 11:07:33 | INFO     | fedaugment.utils.logger:44 | Epoch 115: train_loss: 2.26891
2026-01-04 11:07:33 | INFO     | fedaugment.utils.logger:44 | Epoch 116: train_loss: 2.26361
2026-01-04 11:07:34 | INFO     | fedaugment.utils.logger:44 | Epoch 117: train_loss: 2.25898
2026-01-04 11:07:35 | INFO     | fedaugment.utils.logger:44 | Epoch 118: train_loss: 2.25750
2026-01-04 11:07:36 | INFO     | fedaugment.utils.logger:44 | Epoch 119: train_loss: 2.25498
2026-01-04 11:07:36 | INFO     | fedaugment.utils.logger:44 | Epoch 120: train_loss: 2.25074
2026-01-04 11:07:37 | INFO     | fedaugment.utils.logger:44 | Epoch 121: train_loss: 2.25060
2026-01-04 11:07:38 | INFO     | fedaugment.utils.logger:44 | Epoch 122: train_loss: 2.25010
2026-01-04 11:07:39 | INFO     | fedaugment.utils.logger:44 | Epoch 123: train_loss: 2.24725
2026-01-04 11:07:39 | INFO     | fedaugment.utils.logger:44 | Epoch 124: train_loss: 2.24475
2026-01-04 11:07:40 | INFO     | fedaugment.utils.logger:44 | Epoch 125: train_loss: 2.24297
2026-01-04 11:07:41 | INFO     | fedaugment.utils.logger:44 | Epoch 126: train_loss: 2.24332
2026-01-04 11:07:41 | INFO     | fedaugment.utils.logger:44 | Epoch 127: train_loss: 2.23865
2026-01-04 11:07:42 | INFO     | fedaugment.utils.logger:44 | Epoch 128: train_loss: 2.23899
2026-01-04 11:07:43 | INFO     | fedaugment.utils.logger:44 | Epoch 129: train_loss: 2.23619
2026-01-04 11:07:44 | INFO     | fedaugment.utils.logger:44 | Epoch 130: train_loss: 2.23702
2026-01-04 11:07:44 | INFO     | fedaugment.utils.logger:44 | Epoch 131: train_loss: 2.23355
2026-01-04 11:07:45 | INFO     | fedaugment.utils.logger:44 | Epoch 132: train_loss: 2.23020
2026-01-04 11:07:46 | INFO     | fedaugment.utils.logger:44 | Epoch 133: train_loss: 2.22718
2026-01-04 11:07:47 | INFO     | fedaugment.utils.logger:44 | Epoch 134: train_loss: 2.22654
2026-01-04 11:07:47 | INFO     | fedaugment.utils.logger:44 | Epoch 135: train_loss: 2.22379
2026-01-04 11:07:48 | INFO     | fedaugment.utils.logger:44 | Epoch 136: train_loss: 2.21995
2026-01-04 11:07:49 | INFO     | fedaugment.utils.logger:44 | Epoch 137: train_loss: 2.21517
2026-01-04 11:07:49 | INFO     | fedaugment.utils.logger:44 | Epoch 138: train_loss: 2.21201
2026-01-04 11:07:50 | INFO     | fedaugment.utils.logger:44 | Epoch 139: train_loss: 2.20957
2026-01-04 11:07:51 | INFO     | fedaugment.utils.logger:44 | Epoch 140: train_loss: 2.20924
2026-01-04 11:07:52 | INFO     | fedaugment.utils.logger:44 | Epoch 141: train_loss: 2.20849
2026-01-04 11:07:52 | INFO     | fedaugment.utils.logger:44 | Epoch 142: train_loss: 2.20873
2026-01-04 11:07:53 | INFO     | fedaugment.utils.logger:44 | Epoch 143: train_loss: 2.20924
2026-01-04 11:07:54 | INFO     | fedaugment.utils.logger:44 | Epoch 144: train_loss: 2.20434
2026-01-04 11:07:55 | INFO     | fedaugment.utils.logger:44 | Epoch 145: train_loss: 2.20352
2026-01-04 11:07:55 | INFO     | fedaugment.utils.logger:44 | Epoch 146: train_loss: 2.20212
2026-01-04 11:07:56 | INFO     | fedaugment.utils.logger:44 | Epoch 147: train_loss: 2.20052
2026-01-04 11:07:57 | INFO     | fedaugment.utils.logger:44 | Epoch 148: train_loss: 2.19992
2026-01-04 11:07:57 | INFO     | fedaugment.utils.logger:44 | Epoch 149: train_loss: 2.20245
2026-01-04 11:07:58 | INFO     | fedaugment.utils.logger:44 | Epoch 150: train_loss: 2.20015
2026-01-04 11:07:59 | INFO     | fedaugment.utils.logger:44 | Epoch 151: train_loss: 2.19943
2026-01-04 11:08:00 | INFO     | fedaugment.utils.logger:44 | Epoch 152: train_loss: 2.19861
2026-01-04 11:08:01 | INFO     | fedaugment.utils.logger:44 | Epoch 153: train_loss: 2.19556
2026-01-04 11:08:01 | INFO     | fedaugment.utils.logger:44 | Epoch 154: train_loss: 2.19556
2026-01-04 11:08:02 | INFO     | fedaugment.utils.logger:44 | Epoch 155: train_loss: 2.19070
2026-01-04 11:08:03 | INFO     | fedaugment.utils.logger:44 | Epoch 156: train_loss: 2.19027
2026-01-04 11:08:03 | INFO     | fedaugment.utils.logger:44 | Epoch 157: train_loss: 2.18812
2026-01-04 11:08:04 | INFO     | fedaugment.utils.logger:44 | Epoch 158: train_loss: 2.18830
2026-01-04 11:08:05 | INFO     | fedaugment.utils.logger:44 | Epoch 159: train_loss: 2.18459
2026-01-04 11:08:06 | INFO     | fedaugment.utils.logger:44 | Epoch 160: train_loss: 2.18711
2026-01-04 11:08:07 | INFO     | fedaugment.utils.logger:44 | Epoch 161: train_loss: 2.18396
2026-01-04 11:08:07 | INFO     | fedaugment.utils.logger:44 | Epoch 162: train_loss: 2.18052
2026-01-04 11:08:08 | INFO     | fedaugment.utils.logger:44 | Epoch 163: train_loss: 2.18006
2026-01-04 11:08:09 | INFO     | fedaugment.utils.logger:44 | Epoch 164: train_loss: 2.17847
2026-01-04 11:08:10 | INFO     | fedaugment.utils.logger:44 | Epoch 165: train_loss: 2.17548
2026-01-04 11:08:10 | INFO     | fedaugment.utils.logger:44 | Epoch 166: train_loss: 2.17385
2026-01-04 11:08:11 | INFO     | fedaugment.utils.logger:44 | Epoch 167: train_loss: 2.17065
2026-01-04 11:08:12 | INFO     | fedaugment.utils.logger:44 | Epoch 168: train_loss: 2.16981
2026-01-04 11:08:12 | INFO     | fedaugment.utils.logger:44 | Epoch 169: train_loss: 2.16833
2026-01-04 11:08:13 | INFO     | fedaugment.utils.logger:44 | Epoch 170: train_loss: 2.16516
2026-01-04 11:08:14 | INFO     | fedaugment.utils.logger:44 | Epoch 171: train_loss: 2.16424
2026-01-04 11:08:14 | INFO     | fedaugment.utils.logger:44 | Epoch 172: train_loss: 2.16379
2026-01-04 11:08:15 | INFO     | fedaugment.utils.logger:44 | Epoch 173: train_loss: 2.16001
2026-01-04 11:08:16 | INFO     | fedaugment.utils.logger:44 | Epoch 174: train_loss: 2.16052
2026-01-04 11:08:17 | INFO     | fedaugment.utils.logger:44 | Epoch 175: train_loss: 2.15912
2026-01-04 11:08:17 | INFO     | fedaugment.utils.logger:44 | Epoch 176: train_loss: 2.15637
2026-01-04 11:08:18 | INFO     | fedaugment.utils.logger:44 | Epoch 177: train_loss: 2.15602
2026-01-04 11:08:19 | INFO     | fedaugment.utils.logger:44 | Epoch 178: train_loss: 2.15394
2026-01-04 11:08:20 | INFO     | fedaugment.utils.logger:44 | Epoch 179: train_loss: 2.15296
2026-01-04 11:08:20 | INFO     | fedaugment.utils.logger:44 | Epoch 180: train_loss: 2.15120
2026-01-04 11:08:21 | INFO     | fedaugment.utils.logger:44 | Epoch 181: train_loss: 2.15052
2026-01-04 11:08:22 | INFO     | fedaugment.utils.logger:44 | Epoch 182: train_loss: 2.14977
2026-01-04 11:08:23 | INFO     | fedaugment.utils.logger:44 | Epoch 183: train_loss: 2.14964
2026-01-04 11:08:23 | INFO     | fedaugment.utils.logger:44 | Epoch 184: train_loss: 2.14764
2026-01-04 11:08:24 | INFO     | fedaugment.utils.logger:44 | Epoch 185: train_loss: 2.14677
2026-01-04 11:08:25 | INFO     | fedaugment.utils.logger:44 | Epoch 186: train_loss: 2.14494
2026-01-04 11:08:26 | INFO     | fedaugment.utils.logger:44 | Epoch 187: train_loss: 2.14248
2026-01-04 11:08:26 | INFO     | fedaugment.utils.logger:44 | Epoch 188: train_loss: 2.14264
2026-01-04 11:08:27 | INFO     | fedaugment.utils.logger:44 | Epoch 189: train_loss: 2.14158
2026-01-04 11:08:28 | INFO     | fedaugment.utils.logger:44 | Epoch 190: train_loss: 2.14221
2026-01-04 11:08:28 | INFO     | fedaugment.utils.logger:44 | Epoch 191: train_loss: 2.14070
2026-01-04 11:08:29 | INFO     | fedaugment.utils.logger:44 | Epoch 192: train_loss: 2.14071
2026-01-04 11:08:30 | INFO     | fedaugment.utils.logger:44 | Epoch 193: train_loss: 2.13744
2026-01-04 11:08:31 | INFO     | fedaugment.utils.logger:44 | Epoch 194: train_loss: 2.13700
2026-01-04 11:08:31 | INFO     | fedaugment.utils.logger:44 | Epoch 195: train_loss: 2.13681
2026-01-04 11:08:32 | INFO     | fedaugment.utils.logger:44 | Epoch 196: train_loss: 2.13546
2026-01-04 11:08:33 | INFO     | fedaugment.utils.logger:44 | Epoch 197: train_loss: 2.13395
2026-01-04 11:08:33 | INFO     | fedaugment.utils.logger:44 | Epoch 198: train_loss: 2.13384
2026-01-04 11:08:34 | INFO     | fedaugment.utils.logger:44 | Epoch 199: train_loss: 2.13527
2026-01-04 11:08:35 | INFO     | fedaugment.utils.logger:44 | Epoch 200: train_loss: 2.13115
2026-01-04 11:08:36 | INFO     | fedaugment.utils.logger:44 | Epoch 201: train_loss: 2.13233
2026-01-04 11:08:37 | INFO     | fedaugment.utils.logger:44 | Epoch 202: train_loss: 2.13296
2026-01-04 11:08:37 | INFO     | fedaugment.utils.logger:44 | Epoch 203: train_loss: 2.13247
2026-01-04 11:08:38 | INFO     | fedaugment.utils.logger:44 | Epoch 204: train_loss: 2.13172
2026-01-04 11:08:39 | INFO     | fedaugment.utils.logger:44 | Epoch 205: train_loss: 2.13160
2026-01-04 11:08:40 | INFO     | fedaugment.utils.logger:44 | Epoch 206: train_loss: 2.13200
2026-01-04 11:08:40 | INFO     | fedaugment.utils.logger:44 | Epoch 207: train_loss: 2.13073
2026-01-04 11:08:41 | INFO     | fedaugment.utils.logger:44 | Epoch 208: train_loss: 2.12993
2026-01-04 11:08:42 | INFO     | fedaugment.utils.logger:44 | Epoch 209: train_loss: 2.13054
2026-01-04 11:08:43 | INFO     | fedaugment.utils.logger:44 | Epoch 210: train_loss: 2.13050
2026-01-04 11:08:43 | INFO     | fedaugment.utils.logger:44 | Epoch 211: train_loss: 2.13132
2026-01-04 11:08:44 | INFO     | fedaugment.utils.logger:44 | Epoch 212: train_loss: 2.12940
2026-01-04 11:08:45 | INFO     | fedaugment.utils.logger:44 | Epoch 213: train_loss: 2.12999
2026-01-04 11:08:46 | INFO     | fedaugment.utils.logger:44 | Epoch 214: train_loss: 2.12878
2026-01-04 11:08:46 | INFO     | fedaugment.utils.logger:44 | Epoch 215: train_loss: 2.12833
2026-01-04 11:08:47 | INFO     | fedaugment.utils.logger:44 | Epoch 216: train_loss: 2.13042
2026-01-04 11:08:48 | INFO     | fedaugment.utils.logger:44 | Epoch 217: train_loss: 2.12741
2026-01-04 11:08:49 | INFO     | fedaugment.utils.logger:44 | Epoch 218: train_loss: 2.12839
2026-01-04 11:08:49 | INFO     | fedaugment.utils.logger:44 | Epoch 219: train_loss: 2.12809
2026-01-04 11:08:50 | INFO     | fedaugment.utils.logger:44 | Epoch 220: train_loss: 2.12741
2026-01-04 11:08:51 | INFO     | fedaugment.utils.logger:44 | Epoch 221: train_loss: 2.12724
2026-01-04 11:08:52 | INFO     | fedaugment.utils.logger:44 | Epoch 222: train_loss: 2.12722
2026-01-04 11:08:53 | INFO     | fedaugment.utils.logger:44 | Epoch 223: train_loss: 2.12669
2026-01-04 11:08:53 | INFO     | fedaugment.utils.logger:44 | Epoch 224: train_loss: 2.12896
2026-01-04 11:08:54 | INFO     | fedaugment.utils.logger:44 | Epoch 225: train_loss: 2.12829
2026-01-04 11:08:55 | INFO     | fedaugment.utils.logger:44 | Epoch 226: train_loss: 2.12840
2026-01-04 11:08:56 | INFO     | fedaugment.utils.logger:44 | Epoch 227: train_loss: 2.12727
2026-01-04 11:08:56 | INFO     | fedaugment.utils.logger:44 | Epoch 228: train_loss: 2.12659
2026-01-04 11:08:57 | INFO     | fedaugment.utils.logger:44 | Epoch 229: train_loss: 2.12872
2026-01-04 11:08:58 | INFO     | fedaugment.utils.logger:44 | Epoch 230: train_loss: 2.12770
2026-01-04 11:08:58 | INFO     | fedaugment.utils.logger:44 | Epoch 231: train_loss: 2.12659
2026-01-04 11:08:59 | INFO     | fedaugment.utils.logger:44 | Epoch 232: train_loss: 2.12895
2026-01-04 11:09:00 | INFO     | fedaugment.utils.logger:44 | Epoch 233: train_loss: 2.12574
2026-01-04 11:09:01 | INFO     | fedaugment.utils.logger:44 | Epoch 234: train_loss: 2.12760
2026-01-04 11:09:01 | INFO     | fedaugment.utils.logger:44 | Epoch 235: train_loss: 2.12705
2026-01-04 11:09:02 | INFO     | fedaugment.utils.logger:44 | Epoch 236: train_loss: 2.12711
2026-01-04 11:09:03 | INFO     | fedaugment.utils.logger:44 | Epoch 237: train_loss: 2.12619
2026-01-04 11:09:03 | INFO     | fedaugment.utils.logger:44 | Epoch 238: train_loss: 2.12550
2026-01-04 11:09:04 | INFO     | fedaugment.utils.logger:44 | Epoch 239: train_loss: 2.12587
2026-01-04 11:09:05 | INFO     | fedaugment.utils.logger:44 | Epoch 240: train_loss: 2.12710
2026-01-04 11:09:05 | INFO     | fedaugment.utils.logger:44 | Epoch 241: train_loss: 2.12664
2026-01-04 11:09:06 | INFO     | fedaugment.utils.logger:44 | Epoch 242: train_loss: 2.12576
2026-01-04 11:09:07 | INFO     | fedaugment.utils.logger:44 | Epoch 243: train_loss: 2.12667
2026-01-04 11:09:08 | INFO     | fedaugment.utils.logger:44 | Epoch 244: train_loss: 2.12758
2026-01-04 11:09:08 | INFO     | fedaugment.utils.logger:44 | Epoch 245: train_loss: 2.12665
2026-01-04 11:09:09 | INFO     | fedaugment.utils.logger:44 | Epoch 246: train_loss: 2.12730
2026-01-04 11:09:09 | INFO     | fedaugment.utils.logger:44 | Epoch 247: train_loss: 2.12760
2026-01-04 11:09:10 | INFO     | fedaugment.utils.logger:44 | Epoch 248: train_loss: 2.12602
2026-01-04 11:09:11 | INFO     | fedaugment.utils.logger:44 | Epoch 249: train_loss: 2.12758
2026-01-04 11:09:11 | INFO     | lightning_utilities.core.rank_zero:60 | `Trainer.fit` stopped: `max_epochs=250` reached.
2026-01-04 11:09:19 | INFO     | fedaugment.projections.main:87 | Starting testing phase...
2026-01-04 11:09:19 | INFO     | lightning.pytorch.accelerators.cuda:61 | LOCAL_RANK: 0 - CUDA_VISIBLE_DEVICES: [0]
2026-01-04 11:09:19 | INFO     | fedaugment.utils.logger:38 | {'module_kwargs': CLModuleConfig(model_type='projection_head', out_dim=1024, hidden_dims=[1024, 1536, 1536], activation='silu', normalization='batch', dropout=0.0), 'criterion': CriterionConfig(class_='MultiViewNTXentLoss', kwargs={'temperature': 0.1}), 'optim_configs': [OptimizerConfig(class_='AdamW', kwargs={'lr': 0.001, 'betas': (0.9, 0.999), 'eps': 1e-08, 'weight_decay': 0.01})], 'sched_configs': [LRSchedulerConfig(class_='LambdaLR', interval='epoch', frequency=1, monitor=None, kwargs={'lr_lambda': <function cos_annealing_with_warmup at 0x7ff54a0a9440>})], 'pipeline_names': ['distilroberta-dj_adpt', 'gte_base-dj_adpt', 'gtr_t5-dj_adpt', 'mini_l12-dj_adpt', 'mini_l6-dj_adpt', 'mpnet-dj_adpt'], 'embedding_dims': [768, 768, 768, 384, 384, 768], 'data_batch_size': 4096, 'metric_batch_size': 65536}
2026-01-04 11:09:40 | DEBUG    | fedaugment.projections.metrics.base:115 | Computing CosineSimilarityOrchestrator metrics.
2026-01-04 11:09:40 | WARNING  | fedaugment.projections.metrics.base:117 | Number of projections (8891658) is not divisible by chunk size (65536). This may lead to suboptimal performance.
2026-01-04 13:18:55 | DEBUG    | fedaugment.projections.metrics.base:198 | Finalized CosineSimilarityOrchestrator metrics
2026-01-04 13:18:55 | INFO     | fedaugment.utils.logger:44 | Epoch 250: test_loss: 3.62390, test_cossim_mean: 0.00393, test_entity_stability_15: 0.14341, test_entity_stability_5: 0.10280, test_entity_stability_50: 0.22461, test_same_lbl_cossim_mean: 0.83074
2026-01-04 13:18:56 | INFO     | fedaugment.projections.main:92 | Best model checkpoint saved at /home/lennart-ldap/projects/fedaugment/logs/curation_train_webtable_grid-mpnet-dj_adpt-k=12609-pca=0.9/version_1/last.ckpt
2026-01-04 13:18:56 | INFO     | __main__:50 | Evaluating random-mpnet-dj_adpt-k=12609 on webtable 001
2026-01-04 13:18:56 | DEBUG    | fedaugment.projections.main:31 | Experiment configuration: {"experiment_name":"curation_train_webtable_random-mpnet-dj_adpt-k=12609","experiment_version":1,"seed":42,"data_module":{"class_":"DefaultDataModule","data":{"train":"data/embeddings/webtable/sample-001/random-mpnet-dj_adpt-k=12609","val":null,"test":"data/embeddings/webtable/split/test"},"batch_size":4096,"num_workers":32,"pin_memory":true,"persistent_workers":true,"prefetch_factor":5,"verify_column_ids":true},"projection_model":{"class_":"ContrastiveLearningModel","module_kwargs":{"model_type":"projection_head","out_dim":1024,"hidden_dims":[1024,1536,1536],"activation":"silu","normalization":"batch","dropout":0.0},"criterion":{"class_":"MultiViewNTXentLoss","kwargs":{"temperature":0.1}},"optimizers":[{"class_":"AdamW","kwargs":{"lr":0.001,"betas":[0.9,0.999],"eps":1e-8,"weight_decay":0.01}}],"schedulers":[{"class_":"LambdaLR","interval":"epoch","frequency":1,"monitor":null,"kwargs":{"lr_lambda":"cos_annealing_with_warmup"}}],"metric_batch_size":65536},"trainer":{"max_epochs":250,"accelerator":"gpu","check_val_every_n_epoch":10,"devices":"auto","deterministic":false,"enable_checkpointing":true,"enable_model_summary":true,"enable_progress_bar":true,"log_every_n_steps":50,"max_time":null,"num_sanity_val_steps":2,"precision":"bf16-mixed","profiler":null},"compile_model":true}
2026-01-04 13:18:56 | INFO     | lightning.fabric.utilities.seed:57 | Seed set to 42
2026-01-04 13:18:58 | INFO     | fedaugment.projections.main:42 | Compiling projection model...
2026-01-04 13:18:58 | INFO     | fedaugment.projections.main:44 | Projection model compiled
2026-01-04 13:18:58 | INFO     | fedaugment.projections.main:46 | Initializing trainer...
2026-01-04 13:18:58 | INFO     | lightning_utilities.core.rank_zero:60 | Using bfloat16 Automatic Mixed Precision (AMP)
2026-01-04 13:18:58 | INFO     | lightning_utilities.core.rank_zero:60 | GPU available: True (cuda), used: True
2026-01-04 13:18:58 | INFO     | lightning_utilities.core.rank_zero:60 | TPU available: False, using: 0 TPU cores
2026-01-04 13:18:58 | INFO     | fedaugment.projections.main:76 | Trainer initialized
2026-01-04 13:18:58 | INFO     | fedaugment.projections.main:83 | Starting training phase...
2026-01-04 13:18:58 | INFO     | lightning.pytorch.accelerators.cuda:61 | LOCAL_RANK: 0 - CUDA_VISIBLE_DEVICES: [0]
2026-01-04 13:18:58 | INFO     | lightning.pytorch.callbacks.model_summary:110 |
  | Name              | Type                         | Params | Mode  | FLOPs
-----------------------------------------------------------------------------------
0 | criterion         | MultiViewNTXentLoss          | 0      | train | 0
1 | val_metrics       | MetricCollection             | 0      | train | 0
2 | test_metrics      | MetricCollection             | 0      | train | 0
3 | val_orchestrator  | CosineSimilarityOrchestrator | 0      | train | 0
4 | test_orchestrator | CosineSimilarityOrchestrator | 0      | train | 0
5 | projection_heads  | ModuleList                   | 37.0 M | train | 0
-----------------------------------------------------------------------------------
37.0 M    Trainable params
0         Non-trainable params
37.0 M    Total params
148.120   Total estimated model params size (MB)
94        Modules in train mode
0         Modules in eval mode
0         Total Flops
2026-01-04 13:18:58 | INFO     | fedaugment.utils.logger:38 | {'module_kwargs': CLModuleConfig(model_type='projection_head', out_dim=1024, hidden_dims=[1024, 1536, 1536], activation='silu', normalization='batch', dropout=0.0), 'criterion': CriterionConfig(class_='MultiViewNTXentLoss', kwargs={'temperature': 0.1}), 'optim_configs': [OptimizerConfig(class_='AdamW', kwargs={'lr': 0.001, 'betas': (0.9, 0.999), 'eps': 1e-08, 'weight_decay': 0.01})], 'sched_configs': [LRSchedulerConfig(class_='LambdaLR', interval='epoch', frequency=1, monitor=None, kwargs={'lr_lambda': <function cos_annealing_with_warmup at 0x7ff54a0a9440>})], 'pipeline_names': ['distilroberta-dj_adpt', 'gte_base-dj_adpt', 'gtr_t5-dj_adpt', 'mini_l12-dj_adpt', 'mini_l6-dj_adpt', 'mpnet-dj_adpt'], 'embedding_dims': [768, 768, 768, 384, 384, 768], 'data_batch_size': 4096, 'metric_batch_size': 65536}
2026-01-04 13:18:59 | INFO     | fedaugment.utils.logger:44 | Epoch 0: train_loss: 10.82114
2026-01-04 13:19:00 | INFO     | fedaugment.utils.logger:44 | Epoch 1: train_loss: 10.32853
2026-01-04 13:19:01 | INFO     | fedaugment.utils.logger:44 | Epoch 2: train_loss: 8.64546
2026-01-04 13:19:02 | INFO     | fedaugment.utils.logger:44 | Epoch 3: train_loss: 7.15227
2026-01-04 13:19:02 | INFO     | fedaugment.utils.logger:44 | Epoch 4: train_loss: 6.09780
2026-01-04 13:19:03 | INFO     | fedaugment.utils.logger:44 | Epoch 5: train_loss: 5.42303
2026-01-04 13:19:04 | INFO     | fedaugment.utils.logger:44 | Epoch 6: train_loss: 4.96298
2026-01-04 13:19:05 | INFO     | fedaugment.utils.logger:44 | Epoch 7: train_loss: 4.62514
2026-01-04 13:19:05 | INFO     | fedaugment.utils.logger:44 | Epoch 8: train_loss: 4.37749
2026-01-04 13:19:06 | INFO     | fedaugment.utils.logger:44 | Epoch 9: train_loss: 4.17861
2026-01-04 13:19:07 | INFO     | fedaugment.utils.logger:44 | Epoch 10: train_loss: 4.01572
2026-01-04 13:19:08 | INFO     | fedaugment.utils.logger:44 | Epoch 11: train_loss: 3.87938
2026-01-04 13:19:08 | INFO     | fedaugment.utils.logger:44 | Epoch 12: train_loss: 3.76690
2026-01-04 13:19:09 | INFO     | fedaugment.utils.logger:44 | Epoch 13: train_loss: 3.67554
2026-01-04 13:19:10 | INFO     | fedaugment.utils.logger:44 | Epoch 14: train_loss: 3.59198
2026-01-04 13:19:10 | INFO     | fedaugment.utils.logger:44 | Epoch 15: train_loss: 3.52238
2026-01-04 13:19:11 | INFO     | fedaugment.utils.logger:44 | Epoch 16: train_loss: 3.45754
2026-01-04 13:19:12 | INFO     | fedaugment.utils.logger:44 | Epoch 17: train_loss: 3.39871
2026-01-04 13:19:13 | INFO     | fedaugment.utils.logger:44 | Epoch 18: train_loss: 3.34809
2026-01-04 13:19:13 | INFO     | fedaugment.utils.logger:44 | Epoch 19: train_loss: 3.30472
2026-01-04 13:19:14 | INFO     | fedaugment.utils.logger:44 | Epoch 20: train_loss: 3.28227
2026-01-04 13:19:15 | INFO     | fedaugment.utils.logger:44 | Epoch 21: train_loss: 3.24907
2026-01-04 13:19:16 | INFO     | fedaugment.utils.logger:44 | Epoch 22: train_loss: 3.20768
2026-01-04 13:19:16 | INFO     | fedaugment.utils.logger:44 | Epoch 23: train_loss: 3.17735
2026-01-04 13:19:17 | INFO     | fedaugment.utils.logger:44 | Epoch 24: train_loss: 3.15150
2026-01-04 13:19:18 | INFO     | fedaugment.utils.logger:44 | Epoch 25: train_loss: 3.12281
2026-01-04 13:19:19 | INFO     | fedaugment.utils.logger:44 | Epoch 26: train_loss: 3.09461
2026-01-04 13:19:20 | INFO     | fedaugment.utils.logger:44 | Epoch 27: train_loss: 3.07155
2026-01-04 13:19:20 | INFO     | fedaugment.utils.logger:44 | Epoch 28: train_loss: 3.05547
2026-01-04 13:19:21 | INFO     | fedaugment.utils.logger:44 | Epoch 29: train_loss: 3.03806
2026-01-04 13:19:21 | INFO     | fedaugment.utils.logger:44 | Epoch 30: train_loss: 3.02694
2026-01-04 13:19:22 | INFO     | fedaugment.utils.logger:44 | Epoch 31: train_loss: 3.01360
2026-01-04 13:19:23 | INFO     | fedaugment.utils.logger:44 | Epoch 32: train_loss: 3.00623
2026-01-04 13:19:24 | INFO     | fedaugment.utils.logger:44 | Epoch 33: train_loss: 2.98134
2026-01-04 13:19:25 | INFO     | fedaugment.utils.logger:44 | Epoch 34: train_loss: 2.97172
2026-01-04 13:19:25 | INFO     | fedaugment.utils.logger:44 | Epoch 35: train_loss: 2.95605
2026-01-04 13:19:26 | INFO     | fedaugment.utils.logger:44 | Epoch 36: train_loss: 2.94193
2026-01-04 13:19:26 | INFO     | fedaugment.utils.logger:44 | Epoch 37: train_loss: 2.92176
2026-01-04 13:19:27 | INFO     | fedaugment.utils.logger:44 | Epoch 38: train_loss: 2.90862
2026-01-04 13:19:28 | INFO     | fedaugment.utils.logger:44 | Epoch 39: train_loss: 2.89260
2026-01-04 13:19:29 | INFO     | fedaugment.utils.logger:44 | Epoch 40: train_loss: 2.88588
2026-01-04 13:19:30 | INFO     | fedaugment.utils.logger:44 | Epoch 41: train_loss: 2.87617
2026-01-04 13:19:30 | INFO     | fedaugment.utils.logger:44 | Epoch 42: train_loss: 2.86548
2026-01-04 13:19:31 | INFO     | fedaugment.utils.logger:44 | Epoch 43: train_loss: 2.85212
2026-01-04 13:19:32 | INFO     | fedaugment.utils.logger:44 | Epoch 44: train_loss: 2.84165
2026-01-04 13:19:33 | INFO     | fedaugment.utils.logger:44 | Epoch 45: train_loss: 2.83408
2026-01-04 13:19:33 | INFO     | fedaugment.utils.logger:44 | Epoch 46: train_loss: 2.82455
2026-01-04 13:19:34 | INFO     | fedaugment.utils.logger:44 | Epoch 47: train_loss: 2.81112
2026-01-04 13:19:35 | INFO     | fedaugment.utils.logger:44 | Epoch 48: train_loss: 2.80118
2026-01-04 13:19:36 | INFO     | fedaugment.utils.logger:44 | Epoch 49: train_loss: 2.79811
2026-01-04 13:19:36 | INFO     | fedaugment.utils.logger:44 | Epoch 50: train_loss: 2.78845
2026-01-04 13:19:37 | INFO     | fedaugment.utils.logger:44 | Epoch 51: train_loss: 2.78468
2026-01-04 13:19:38 | INFO     | fedaugment.utils.logger:44 | Epoch 52: train_loss: 2.78032
2026-01-04 13:19:38 | INFO     | fedaugment.utils.logger:44 | Epoch 53: train_loss: 2.78039
2026-01-04 13:19:39 | INFO     | fedaugment.utils.logger:44 | Epoch 54: train_loss: 2.76688
2026-01-04 13:19:40 | INFO     | fedaugment.utils.logger:44 | Epoch 55: train_loss: 2.75954
2026-01-04 13:19:41 | INFO     | fedaugment.utils.logger:44 | Epoch 56: train_loss: 2.75169
2026-01-04 13:19:41 | INFO     | fedaugment.utils.logger:44 | Epoch 57: train_loss: 2.74211
2026-01-04 13:19:42 | INFO     | fedaugment.utils.logger:44 | Epoch 58: train_loss: 2.73460
2026-01-04 13:19:43 | INFO     | fedaugment.utils.logger:44 | Epoch 59: train_loss: 2.72455
2026-01-04 13:19:44 | INFO     | fedaugment.utils.logger:44 | Epoch 60: train_loss: 2.71934
2026-01-04 13:19:44 | INFO     | fedaugment.utils.logger:44 | Epoch 61: train_loss: 2.71177
2026-01-04 13:19:45 | INFO     | fedaugment.utils.logger:44 | Epoch 62: train_loss: 2.71033
2026-01-04 13:19:46 | INFO     | fedaugment.utils.logger:44 | Epoch 63: train_loss: 2.70257
2026-01-04 13:19:47 | INFO     | fedaugment.utils.logger:44 | Epoch 64: train_loss: 2.70102
2026-01-04 13:19:47 | INFO     | fedaugment.utils.logger:44 | Epoch 65: train_loss: 2.69627
2026-01-04 13:19:48 | INFO     | fedaugment.utils.logger:44 | Epoch 66: train_loss: 2.69437
2026-01-04 13:19:49 | INFO     | fedaugment.utils.logger:44 | Epoch 67: train_loss: 2.69484
2026-01-04 13:19:49 | INFO     | fedaugment.utils.logger:44 | Epoch 68: train_loss: 2.69077
2026-01-04 13:19:50 | INFO     | fedaugment.utils.logger:44 | Epoch 69: train_loss: 2.68167
2026-01-04 13:19:51 | INFO     | fedaugment.utils.logger:44 | Epoch 70: train_loss: 2.68130
2026-01-04 13:19:52 | INFO     | fedaugment.utils.logger:44 | Epoch 71: train_loss: 2.67300
2026-01-04 13:19:52 | INFO     | fedaugment.utils.logger:44 | Epoch 72: train_loss: 2.66809
2026-01-04 13:19:53 | INFO     | fedaugment.utils.logger:44 | Epoch 73: train_loss: 2.66062
2026-01-04 13:19:54 | INFO     | fedaugment.utils.logger:44 | Epoch 74: train_loss: 2.65494
2026-01-04 13:19:55 | INFO     | fedaugment.utils.logger:44 | Epoch 75: train_loss: 2.65035
2026-01-04 13:19:56 | INFO     | fedaugment.utils.logger:44 | Epoch 76: train_loss: 2.64348
2026-01-04 13:19:56 | INFO     | fedaugment.utils.logger:44 | Epoch 77: train_loss: 2.63866
2026-01-04 13:19:57 | INFO     | fedaugment.utils.logger:44 | Epoch 78: train_loss: 2.63396
2026-01-04 13:19:57 | INFO     | fedaugment.utils.logger:44 | Epoch 79: train_loss: 2.63076
2026-01-04 13:19:58 | INFO     | fedaugment.utils.logger:44 | Epoch 80: train_loss: 2.62699
2026-01-04 13:19:59 | INFO     | fedaugment.utils.logger:44 | Epoch 81: train_loss: 2.61981
2026-01-04 13:20:00 | INFO     | fedaugment.utils.logger:44 | Epoch 82: train_loss: 2.62082
2026-01-04 13:20:01 | INFO     | fedaugment.utils.logger:44 | Epoch 83: train_loss: 2.62019
2026-01-04 13:20:01 | INFO     | fedaugment.utils.logger:44 | Epoch 84: train_loss: 2.61739
2026-01-04 13:20:02 | INFO     | fedaugment.utils.logger:44 | Epoch 85: train_loss: 2.61661
2026-01-04 13:20:02 | INFO     | fedaugment.utils.logger:44 | Epoch 86: train_loss: 2.61317
2026-01-04 13:20:03 | INFO     | fedaugment.utils.logger:44 | Epoch 87: train_loss: 2.61088
2026-01-04 13:20:04 | INFO     | fedaugment.utils.logger:44 | Epoch 88: train_loss: 2.60373
2026-01-04 13:20:05 | INFO     | fedaugment.utils.logger:44 | Epoch 89: train_loss: 2.60394
2026-01-04 13:20:06 | INFO     | fedaugment.utils.logger:44 | Epoch 90: train_loss: 2.59810
2026-01-04 13:20:06 | INFO     | fedaugment.utils.logger:44 | Epoch 91: train_loss: 2.59638
2026-01-04 13:20:07 | INFO     | fedaugment.utils.logger:44 | Epoch 92: train_loss: 2.59052
2026-01-04 13:20:08 | INFO     | fedaugment.utils.logger:44 | Epoch 93: train_loss: 2.59057
2026-01-04 13:20:09 | INFO     | fedaugment.utils.logger:44 | Epoch 94: train_loss: 2.58448
2026-01-04 13:20:09 | INFO     | fedaugment.utils.logger:44 | Epoch 95: train_loss: 2.57742
2026-01-04 13:20:10 | INFO     | fedaugment.utils.logger:44 | Epoch 96: train_loss: 2.57712
2026-01-04 13:20:11 | INFO     | fedaugment.utils.logger:44 | Epoch 97: train_loss: 2.57296
2026-01-04 13:20:11 | INFO     | fedaugment.utils.logger:44 | Epoch 98: train_loss: 2.57006
2026-01-04 13:20:12 | INFO     | fedaugment.utils.logger:44 | Epoch 99: train_loss: 2.56723
2026-01-04 13:20:13 | INFO     | fedaugment.utils.logger:44 | Epoch 100: train_loss: 2.56590
2026-01-04 13:20:14 | INFO     | fedaugment.utils.logger:44 | Epoch 101: train_loss: 2.56626
2026-01-04 13:20:14 | INFO     | fedaugment.utils.logger:44 | Epoch 102: train_loss: 2.56149
2026-01-04 13:20:15 | INFO     | fedaugment.utils.logger:44 | Epoch 103: train_loss: 2.56532
2026-01-04 13:20:16 | INFO     | fedaugment.utils.logger:44 | Epoch 104: train_loss: 2.56362
2026-01-04 13:20:16 | INFO     | fedaugment.utils.logger:44 | Epoch 105: train_loss: 2.55910
2026-01-04 13:20:17 | INFO     | fedaugment.utils.logger:44 | Epoch 106: train_loss: 2.55820
2026-01-04 13:20:18 | INFO     | fedaugment.utils.logger:44 | Epoch 107: train_loss: 2.55384
2026-01-04 13:20:19 | INFO     | fedaugment.utils.logger:44 | Epoch 108: train_loss: 2.55224
2026-01-04 13:20:19 | INFO     | fedaugment.utils.logger:44 | Epoch 109: train_loss: 2.54638
2026-01-04 13:20:20 | INFO     | fedaugment.utils.logger:44 | Epoch 110: train_loss: 2.54373
2026-01-04 13:20:21 | INFO     | fedaugment.utils.logger:44 | Epoch 111: train_loss: 2.53860
2026-01-04 13:20:21 | INFO     | fedaugment.utils.logger:44 | Epoch 112: train_loss: 2.53436
2026-01-04 13:20:22 | INFO     | fedaugment.utils.logger:44 | Epoch 113: train_loss: 2.52922
2026-01-04 13:20:23 | INFO     | fedaugment.utils.logger:44 | Epoch 114: train_loss: 2.53508
2026-01-04 13:20:24 | INFO     | fedaugment.utils.logger:44 | Epoch 115: train_loss: 2.52912
2026-01-04 13:20:24 | INFO     | fedaugment.utils.logger:44 | Epoch 116: train_loss: 2.52940
2026-01-04 13:20:25 | INFO     | fedaugment.utils.logger:44 | Epoch 117: train_loss: 2.52602
2026-01-04 13:20:26 | INFO     | fedaugment.utils.logger:44 | Epoch 118: train_loss: 2.52612
2026-01-04 13:20:26 | INFO     | fedaugment.utils.logger:44 | Epoch 119: train_loss: 2.53398
2026-01-04 13:20:27 | INFO     | fedaugment.utils.logger:44 | Epoch 120: train_loss: 2.52518
2026-01-04 13:20:28 | INFO     | fedaugment.utils.logger:44 | Epoch 121: train_loss: 2.52241
2026-01-04 13:20:29 | INFO     | fedaugment.utils.logger:44 | Epoch 122: train_loss: 2.51933
2026-01-04 13:20:29 | INFO     | fedaugment.utils.logger:44 | Epoch 123: train_loss: 2.51882
2026-01-04 13:20:30 | INFO     | fedaugment.utils.logger:44 | Epoch 124: train_loss: 2.51570
2026-01-04 13:20:31 | INFO     | fedaugment.utils.logger:44 | Epoch 125: train_loss: 2.51394
2026-01-04 13:20:32 | INFO     | fedaugment.utils.logger:44 | Epoch 126: train_loss: 2.51514
2026-01-04 13:20:32 | INFO     | fedaugment.utils.logger:44 | Epoch 127: train_loss: 2.50866
2026-01-04 13:20:33 | INFO     | fedaugment.utils.logger:44 | Epoch 128: train_loss: 2.50783
2026-01-04 13:20:34 | INFO     | fedaugment.utils.logger:44 | Epoch 129: train_loss: 2.49907
2026-01-04 13:20:34 | INFO     | fedaugment.utils.logger:44 | Epoch 130: train_loss: 2.50141
2026-01-04 13:20:35 | INFO     | fedaugment.utils.logger:44 | Epoch 131: train_loss: 2.49999
2026-01-04 13:20:36 | INFO     | fedaugment.utils.logger:44 | Epoch 132: train_loss: 2.49883
2026-01-04 13:20:37 | INFO     | fedaugment.utils.logger:44 | Epoch 133: train_loss: 2.49912
2026-01-04 13:20:37 | INFO     | fedaugment.utils.logger:44 | Epoch 134: train_loss: 2.49781
2026-01-04 13:20:38 | INFO     | fedaugment.utils.logger:44 | Epoch 135: train_loss: 2.49807
2026-01-04 13:20:39 | INFO     | fedaugment.utils.logger:44 | Epoch 136: train_loss: 2.49651
2026-01-04 13:20:39 | INFO     | fedaugment.utils.logger:44 | Epoch 137: train_loss: 2.49615
2026-01-04 13:20:40 | INFO     | fedaugment.utils.logger:44 | Epoch 138: train_loss: 2.49285
2026-01-04 13:20:41 | INFO     | fedaugment.utils.logger:44 | Epoch 139: train_loss: 2.48656
2026-01-04 13:20:42 | INFO     | fedaugment.utils.logger:44 | Epoch 140: train_loss: 2.48488
2026-01-04 13:20:42 | INFO     | fedaugment.utils.logger:44 | Epoch 141: train_loss: 2.48809
2026-01-04 13:20:43 | INFO     | fedaugment.utils.logger:44 | Epoch 142: train_loss: 2.48949
2026-01-04 13:20:44 | INFO     | fedaugment.utils.logger:44 | Epoch 143: train_loss: 2.48388
2026-01-04 13:20:44 | INFO     | fedaugment.utils.logger:44 | Epoch 144: train_loss: 2.48535
2026-01-04 13:20:45 | INFO     | fedaugment.utils.logger:44 | Epoch 145: train_loss: 2.48265
2026-01-04 13:20:46 | INFO     | fedaugment.utils.logger:44 | Epoch 146: train_loss: 2.48136
2026-01-04 13:20:46 | INFO     | fedaugment.utils.logger:44 | Epoch 147: train_loss: 2.47539
2026-01-04 13:20:47 | INFO     | fedaugment.utils.logger:44 | Epoch 148: train_loss: 2.47105
2026-01-04 13:20:48 | INFO     | fedaugment.utils.logger:44 | Epoch 149: train_loss: 2.47422
2026-01-04 13:20:49 | INFO     | fedaugment.utils.logger:44 | Epoch 150: train_loss: 2.47505
2026-01-04 13:20:49 | INFO     | fedaugment.utils.logger:44 | Epoch 151: train_loss: 2.47397
2026-01-04 13:20:50 | INFO     | fedaugment.utils.logger:44 | Epoch 152: train_loss: 2.47096
2026-01-04 13:20:51 | INFO     | fedaugment.utils.logger:44 | Epoch 153: train_loss: 2.46817
2026-01-04 13:20:52 | INFO     | fedaugment.utils.logger:44 | Epoch 154: train_loss: 2.46397
2026-01-04 13:20:52 | INFO     | fedaugment.utils.logger:44 | Epoch 155: train_loss: 2.46293
2026-01-04 13:20:53 | INFO     | fedaugment.utils.logger:44 | Epoch 156: train_loss: 2.46367
2026-01-04 13:20:54 | INFO     | fedaugment.utils.logger:44 | Epoch 157: train_loss: 2.46220
2026-01-04 13:20:54 | INFO     | fedaugment.utils.logger:44 | Epoch 158: train_loss: 2.46062
2026-01-04 13:20:55 | INFO     | fedaugment.utils.logger:44 | Epoch 159: train_loss: 2.45530
2026-01-04 13:20:56 | INFO     | fedaugment.utils.logger:44 | Epoch 160: train_loss: 2.45730
2026-01-04 13:20:57 | INFO     | fedaugment.utils.logger:44 | Epoch 161: train_loss: 2.45691
2026-01-04 13:20:57 | INFO     | fedaugment.utils.logger:44 | Epoch 162: train_loss: 2.45683
2026-01-04 13:20:58 | INFO     | fedaugment.utils.logger:44 | Epoch 163: train_loss: 2.46085
2026-01-04 13:20:59 | INFO     | fedaugment.utils.logger:44 | Epoch 164: train_loss: 2.45594
2026-01-04 13:20:59 | INFO     | fedaugment.utils.logger:44 | Epoch 165: train_loss: 2.45461
2026-01-04 13:21:00 | INFO     | fedaugment.utils.logger:44 | Epoch 166: train_loss: 2.45035
2026-01-04 13:21:01 | INFO     | fedaugment.utils.logger:44 | Epoch 167: train_loss: 2.45062
2026-01-04 13:21:01 | INFO     | fedaugment.utils.logger:44 | Epoch 168: train_loss: 2.44830
2026-01-04 13:21:02 | INFO     | fedaugment.utils.logger:44 | Epoch 169: train_loss: 2.44754
2026-01-04 13:21:03 | INFO     | fedaugment.utils.logger:44 | Epoch 170: train_loss: 2.44615
2026-01-04 13:21:04 | INFO     | fedaugment.utils.logger:44 | Epoch 171: train_loss: 2.44719
2026-01-04 13:21:04 | INFO     | fedaugment.utils.logger:44 | Epoch 172: train_loss: 2.44215
2026-01-04 13:21:05 | INFO     | fedaugment.utils.logger:44 | Epoch 173: train_loss: 2.44440
2026-01-04 13:21:06 | INFO     | fedaugment.utils.logger:44 | Epoch 174: train_loss: 2.43971
2026-01-04 13:21:07 | INFO     | fedaugment.utils.logger:44 | Epoch 175: train_loss: 2.43673
2026-01-04 13:21:07 | INFO     | fedaugment.utils.logger:44 | Epoch 176: train_loss: 2.44134
2026-01-04 13:21:08 | INFO     | fedaugment.utils.logger:44 | Epoch 177: train_loss: 2.44016
2026-01-04 13:21:09 | INFO     | fedaugment.utils.logger:44 | Epoch 178: train_loss: 2.43633
2026-01-04 13:21:09 | INFO     | fedaugment.utils.logger:44 | Epoch 179: train_loss: 2.43805
2026-01-04 13:21:10 | INFO     | fedaugment.utils.logger:44 | Epoch 180: train_loss: 2.43354
2026-01-04 13:21:11 | INFO     | fedaugment.utils.logger:44 | Epoch 181: train_loss: 2.43710
2026-01-04 13:21:11 | INFO     | fedaugment.utils.logger:44 | Epoch 182: train_loss: 2.43499
2026-01-04 13:21:12 | INFO     | fedaugment.utils.logger:44 | Epoch 183: train_loss: 2.42993
2026-01-04 13:21:13 | INFO     | fedaugment.utils.logger:44 | Epoch 184: train_loss: 2.42832
2026-01-04 13:21:14 | INFO     | fedaugment.utils.logger:44 | Epoch 185: train_loss: 2.43204
2026-01-04 13:21:14 | INFO     | fedaugment.utils.logger:44 | Epoch 186: train_loss: 2.43114
2026-01-04 13:21:15 | INFO     | fedaugment.utils.logger:44 | Epoch 187: train_loss: 2.42878
2026-01-04 13:21:16 | INFO     | fedaugment.utils.logger:44 | Epoch 188: train_loss: 2.42545
2026-01-04 13:21:17 | INFO     | fedaugment.utils.logger:44 | Epoch 189: train_loss: 2.42753
2026-01-04 13:21:17 | INFO     | fedaugment.utils.logger:44 | Epoch 190: train_loss: 2.42637
2026-01-04 13:21:18 | INFO     | fedaugment.utils.logger:44 | Epoch 191: train_loss: 2.42486
2026-01-04 13:21:19 | INFO     | fedaugment.utils.logger:44 | Epoch 192: train_loss: 2.42229
2026-01-04 13:21:19 | INFO     | fedaugment.utils.logger:44 | Epoch 193: train_loss: 2.42623
2026-01-04 13:21:20 | INFO     | fedaugment.utils.logger:44 | Epoch 194: train_loss: 2.42815
2026-01-04 13:21:21 | INFO     | fedaugment.utils.logger:44 | Epoch 195: train_loss: 2.42130
2026-01-04 13:21:22 | INFO     | fedaugment.utils.logger:44 | Epoch 196: train_loss: 2.42152
2026-01-04 13:21:22 | INFO     | fedaugment.utils.logger:44 | Epoch 197: train_loss: 2.42437
2026-01-04 13:21:23 | INFO     | fedaugment.utils.logger:44 | Epoch 198: train_loss: 2.42218
2026-01-04 13:21:24 | INFO     | fedaugment.utils.logger:44 | Epoch 199: train_loss: 2.41993
2026-01-04 13:21:24 | INFO     | fedaugment.utils.logger:44 | Epoch 200: train_loss: 2.42577
2026-01-04 13:21:25 | INFO     | fedaugment.utils.logger:44 | Epoch 201: train_loss: 2.41856
2026-01-04 13:21:26 | INFO     | fedaugment.utils.logger:44 | Epoch 202: train_loss: 2.42103
2026-01-04 13:21:27 | INFO     | fedaugment.utils.logger:44 | Epoch 203: train_loss: 2.41736
2026-01-04 13:21:27 | INFO     | fedaugment.utils.logger:44 | Epoch 204: train_loss: 2.41830
2026-01-04 13:21:28 | INFO     | fedaugment.utils.logger:44 | Epoch 205: train_loss: 2.42095
2026-01-04 13:21:29 | INFO     | fedaugment.utils.logger:44 | Epoch 206: train_loss: 2.42179
2026-01-04 13:21:29 | INFO     | fedaugment.utils.logger:44 | Epoch 207: train_loss: 2.41828
2026-01-04 13:21:30 | INFO     | fedaugment.utils.logger:44 | Epoch 208: train_loss: 2.41657
2026-01-04 13:21:31 | INFO     | fedaugment.utils.logger:44 | Epoch 209: train_loss: 2.41872
2026-01-04 13:21:32 | INFO     | fedaugment.utils.logger:44 | Epoch 210: train_loss: 2.41900
2026-01-04 13:21:32 | INFO     | fedaugment.utils.logger:44 | Epoch 211: train_loss: 2.41884
2026-01-04 13:21:33 | INFO     | fedaugment.utils.logger:44 | Epoch 212: train_loss: 2.41741
2026-01-04 13:21:34 | INFO     | fedaugment.utils.logger:44 | Epoch 213: train_loss: 2.41827
2026-01-04 13:21:34 | INFO     | fedaugment.utils.logger:44 | Epoch 214: train_loss: 2.41837
2026-01-04 13:21:35 | INFO     | fedaugment.utils.logger:44 | Epoch 215: train_loss: 2.41597
2026-01-04 13:21:36 | INFO     | fedaugment.utils.logger:44 | Epoch 216: train_loss: 2.41835
2026-01-04 13:21:37 | INFO     | fedaugment.utils.logger:44 | Epoch 217: train_loss: 2.41686
2026-01-04 13:21:37 | INFO     | fedaugment.utils.logger:44 | Epoch 218: train_loss: 2.41659
2026-01-04 13:21:38 | INFO     | fedaugment.utils.logger:44 | Epoch 219: train_loss: 2.41966
2026-01-04 13:21:39 | INFO     | fedaugment.utils.logger:44 | Epoch 220: train_loss: 2.41668
2026-01-04 13:21:40 | INFO     | fedaugment.utils.logger:44 | Epoch 221: train_loss: 2.41747
2026-01-04 13:21:40 | INFO     | fedaugment.utils.logger:44 | Epoch 222: train_loss: 2.41409
2026-01-04 13:21:41 | INFO     | fedaugment.utils.logger:44 | Epoch 223: train_loss: 2.41841
2026-01-04 13:21:42 | INFO     | fedaugment.utils.logger:44 | Epoch 224: train_loss: 2.41586
2026-01-04 13:21:42 | INFO     | fedaugment.utils.logger:44 | Epoch 225: train_loss: 2.41362
2026-01-04 13:21:43 | INFO     | fedaugment.utils.logger:44 | Epoch 226: train_loss: 2.41795
2026-01-04 13:21:44 | INFO     | fedaugment.utils.logger:44 | Epoch 227: train_loss: 2.41238
2026-01-04 13:21:45 | INFO     | fedaugment.utils.logger:44 | Epoch 228: train_loss: 2.41667
2026-01-04 13:21:45 | INFO     | fedaugment.utils.logger:44 | Epoch 229: train_loss: 2.41822
2026-01-04 13:21:46 | INFO     | fedaugment.utils.logger:44 | Epoch 230: train_loss: 2.41506
2026-01-04 13:21:47 | INFO     | fedaugment.utils.logger:44 | Epoch 231: train_loss: 2.41371
2026-01-04 13:21:47 | INFO     | fedaugment.utils.logger:44 | Epoch 232: train_loss: 2.41756
2026-01-04 13:21:48 | INFO     | fedaugment.utils.logger:44 | Epoch 233: train_loss: 2.41756
2026-01-04 13:21:49 | INFO     | fedaugment.utils.logger:44 | Epoch 234: train_loss: 2.41584
2026-01-04 13:21:49 | INFO     | fedaugment.utils.logger:44 | Epoch 235: train_loss: 2.41541
2026-01-04 13:21:50 | INFO     | fedaugment.utils.logger:44 | Epoch 236: train_loss: 2.41472
2026-01-04 13:21:51 | INFO     | fedaugment.utils.logger:44 | Epoch 237: train_loss: 2.42015
2026-01-04 13:21:52 | INFO     | fedaugment.utils.logger:44 | Epoch 238: train_loss: 2.41076
2026-01-04 13:21:52 | INFO     | fedaugment.utils.logger:44 | Epoch 239: train_loss: 2.41619
2026-01-04 13:21:53 | INFO     | fedaugment.utils.logger:44 | Epoch 240: train_loss: 2.41341
2026-01-04 13:21:54 | INFO     | fedaugment.utils.logger:44 | Epoch 241: train_loss: 2.41566
2026-01-04 13:21:54 | INFO     | fedaugment.utils.logger:44 | Epoch 242: train_loss: 2.41642
2026-01-04 13:21:55 | INFO     | fedaugment.utils.logger:44 | Epoch 243: train_loss: 2.41570
2026-01-04 13:21:56 | INFO     | fedaugment.utils.logger:44 | Epoch 244: train_loss: 2.42308
2026-01-04 13:21:57 | INFO     | fedaugment.utils.logger:44 | Epoch 245: train_loss: 2.41527
2026-01-04 13:21:57 | INFO     | fedaugment.utils.logger:44 | Epoch 246: train_loss: 2.41626
2026-01-04 13:21:58 | INFO     | fedaugment.utils.logger:44 | Epoch 247: train_loss: 2.41918
2026-01-04 13:21:59 | INFO     | fedaugment.utils.logger:44 | Epoch 248: train_loss: 2.41450
2026-01-04 13:21:59 | INFO     | fedaugment.utils.logger:44 | Epoch 249: train_loss: 2.41639
2026-01-04 13:21:59 | INFO     | lightning_utilities.core.rank_zero:60 | `Trainer.fit` stopped: `max_epochs=250` reached.
2026-01-04 13:22:07 | INFO     | fedaugment.projections.main:87 | Starting testing phase...
2026-01-04 13:22:07 | INFO     | lightning.pytorch.accelerators.cuda:61 | LOCAL_RANK: 0 - CUDA_VISIBLE_DEVICES: [0]
2026-01-04 13:22:07 | INFO     | fedaugment.utils.logger:38 | {'module_kwargs': CLModuleConfig(model_type='projection_head', out_dim=1024, hidden_dims=[1024, 1536, 1536], activation='silu', normalization='batch', dropout=0.0), 'criterion': CriterionConfig(class_='MultiViewNTXentLoss', kwargs={'temperature': 0.1}), 'optim_configs': [OptimizerConfig(class_='AdamW', kwargs={'lr': 0.001, 'betas': (0.9, 0.999), 'eps': 1e-08, 'weight_decay': 0.01})], 'sched_configs': [LRSchedulerConfig(class_='LambdaLR', interval='epoch', frequency=1, monitor=None, kwargs={'lr_lambda': <function cos_annealing_with_warmup at 0x7ff54a0a9440>})], 'pipeline_names': ['distilroberta-dj_adpt', 'gte_base-dj_adpt', 'gtr_t5-dj_adpt', 'mini_l12-dj_adpt', 'mini_l6-dj_adpt', 'mpnet-dj_adpt'], 'embedding_dims': [768, 768, 768, 384, 384, 768], 'data_batch_size': 4096, 'metric_batch_size': 65536}
2026-01-04 13:22:27 | DEBUG    | fedaugment.projections.metrics.base:115 | Computing CosineSimilarityOrchestrator metrics.
2026-01-04 13:22:27 | WARNING  | fedaugment.projections.metrics.base:117 | Number of projections (8891658) is not divisible by chunk size (65536). This may lead to suboptimal performance.
2026-01-04 15:31:32 | DEBUG    | fedaugment.projections.metrics.base:198 | Finalized CosineSimilarityOrchestrator metrics
2026-01-04 15:31:32 | INFO     | fedaugment.utils.logger:44 | Epoch 250: test_loss: 3.26852, test_cossim_mean: 0.00032, test_entity_stability_15: 0.20615, test_entity_stability_5: 0.17706, test_entity_stability_50: 0.29361, test_same_lbl_cossim_mean: 0.86995
2026-01-04 15:31:32 | INFO     | fedaugment.projections.main:92 | Best model checkpoint saved at /home/lennart-ldap/projects/fedaugment/logs/curation_train_webtable_random-mpnet-dj_adpt-k=12609/version_1/last.ckpt
