model_name,embeddings,epoch,train_loss,val_loss
cl_default,distilroberta-dj_adpt+mini_l12-dj_adpt+mini_l6-dj_adpt+gte_base-dj_adpt+gtr_t5-dj_adpt+mpnet-dj_adpt+kalm_instruct_v2_5-dj_adpt+qwen3_06b-dj_adpt+qwen3_4b-dj_adpt+kalm_gemma3_12b-dj_adpt+llama_nemotron_8b-dj_adpt+qwen3_8b-dj_adpt,0.0,,3.82135272026062
cl_default,distilroberta-dj_adpt+mini_l12-dj_adpt+mini_l6-dj_adpt+gte_base-dj_adpt+gtr_t5-dj_adpt+mpnet-dj_adpt+kalm_instruct_v2_5-dj_adpt+qwen3_06b-dj_adpt+qwen3_4b-dj_adpt+kalm_gemma3_12b-dj_adpt+llama_nemotron_8b-dj_adpt+qwen3_8b-dj_adpt,0.0,4.423445224761963,
cl_default,distilroberta-dj_adpt+mini_l12-dj_adpt+mini_l6-dj_adpt+gte_base-dj_adpt+gtr_t5-dj_adpt+mpnet-dj_adpt+kalm_instruct_v2_5-dj_adpt+qwen3_06b-dj_adpt+qwen3_4b-dj_adpt+kalm_gemma3_12b-dj_adpt+llama_nemotron_8b-dj_adpt+qwen3_8b-dj_adpt,1.0,,3.5937411785125732
cl_default,distilroberta-dj_adpt+mini_l12-dj_adpt+mini_l6-dj_adpt+gte_base-dj_adpt+gtr_t5-dj_adpt+mpnet-dj_adpt+kalm_instruct_v2_5-dj_adpt+qwen3_06b-dj_adpt+qwen3_4b-dj_adpt+kalm_gemma3_12b-dj_adpt+llama_nemotron_8b-dj_adpt+qwen3_8b-dj_adpt,1.0,3.625861883163452,
cl_default,distilroberta-dj_adpt+mini_l12-dj_adpt+mini_l6-dj_adpt+gte_base-dj_adpt+gtr_t5-dj_adpt+mpnet-dj_adpt+kalm_instruct_v2_5-dj_adpt+qwen3_06b-dj_adpt+qwen3_4b-dj_adpt+kalm_gemma3_12b-dj_adpt+llama_nemotron_8b-dj_adpt+qwen3_8b-dj_adpt,2.0,,3.4958155155181885
cl_default,distilroberta-dj_adpt+mini_l12-dj_adpt+mini_l6-dj_adpt+gte_base-dj_adpt+gtr_t5-dj_adpt+mpnet-dj_adpt+kalm_instruct_v2_5-dj_adpt+qwen3_06b-dj_adpt+qwen3_4b-dj_adpt+kalm_gemma3_12b-dj_adpt+llama_nemotron_8b-dj_adpt+qwen3_8b-dj_adpt,2.0,3.4721500873565674,
cl_default,distilroberta-dj_adpt+mini_l12-dj_adpt+mini_l6-dj_adpt+gte_base-dj_adpt+gtr_t5-dj_adpt+mpnet-dj_adpt+kalm_instruct_v2_5-dj_adpt+qwen3_06b-dj_adpt+qwen3_4b-dj_adpt+kalm_gemma3_12b-dj_adpt+llama_nemotron_8b-dj_adpt+qwen3_8b-dj_adpt,3.0,,3.4323248863220215
cl_default,distilroberta-dj_adpt+mini_l12-dj_adpt+mini_l6-dj_adpt+gte_base-dj_adpt+gtr_t5-dj_adpt+mpnet-dj_adpt+kalm_instruct_v2_5-dj_adpt+qwen3_06b-dj_adpt+qwen3_4b-dj_adpt+kalm_gemma3_12b-dj_adpt+llama_nemotron_8b-dj_adpt+qwen3_8b-dj_adpt,3.0,3.388308525085449,
cl_default,distilroberta-dj_adpt+mini_l12-dj_adpt+mini_l6-dj_adpt+gte_base-dj_adpt+gtr_t5-dj_adpt+mpnet-dj_adpt+kalm_instruct_v2_5-dj_adpt+qwen3_06b-dj_adpt+qwen3_4b-dj_adpt+kalm_gemma3_12b-dj_adpt+llama_nemotron_8b-dj_adpt+qwen3_8b-dj_adpt,4.0,,3.3866593837738037
cl_default,distilroberta-dj_adpt+mini_l12-dj_adpt+mini_l6-dj_adpt+gte_base-dj_adpt+gtr_t5-dj_adpt+mpnet-dj_adpt+kalm_instruct_v2_5-dj_adpt+qwen3_06b-dj_adpt+qwen3_4b-dj_adpt+kalm_gemma3_12b-dj_adpt+llama_nemotron_8b-dj_adpt+qwen3_8b-dj_adpt,4.0,3.3351008892059326,
cl_default,distilroberta-dj_adpt+mini_l12-dj_adpt+mini_l6-dj_adpt+gte_base-dj_adpt+gtr_t5-dj_adpt+mpnet-dj_adpt+kalm_instruct_v2_5-dj_adpt+qwen3_06b-dj_adpt+qwen3_4b-dj_adpt+kalm_gemma3_12b-dj_adpt+llama_nemotron_8b-dj_adpt+qwen3_8b-dj_adpt,5.0,,3.3564772605895996
cl_default,distilroberta-dj_adpt+mini_l12-dj_adpt+mini_l6-dj_adpt+gte_base-dj_adpt+gtr_t5-dj_adpt+mpnet-dj_adpt+kalm_instruct_v2_5-dj_adpt+qwen3_06b-dj_adpt+qwen3_4b-dj_adpt+kalm_gemma3_12b-dj_adpt+llama_nemotron_8b-dj_adpt+qwen3_8b-dj_adpt,5.0,3.2963342666625977,
cl_default,distilroberta-dj_adpt+mini_l12-dj_adpt+mini_l6-dj_adpt+gte_base-dj_adpt+gtr_t5-dj_adpt+mpnet-dj_adpt+kalm_instruct_v2_5-dj_adpt+qwen3_06b-dj_adpt+qwen3_4b-dj_adpt+kalm_gemma3_12b-dj_adpt+llama_nemotron_8b-dj_adpt+qwen3_8b-dj_adpt,6.0,,3.331301689147949
cl_default,distilroberta-dj_adpt+mini_l12-dj_adpt+mini_l6-dj_adpt+gte_base-dj_adpt+gtr_t5-dj_adpt+mpnet-dj_adpt+kalm_instruct_v2_5-dj_adpt+qwen3_06b-dj_adpt+qwen3_4b-dj_adpt+kalm_gemma3_12b-dj_adpt+llama_nemotron_8b-dj_adpt+qwen3_8b-dj_adpt,6.0,3.2675487995147705,
cl_default,distilroberta-dj_adpt+mini_l12-dj_adpt+mini_l6-dj_adpt+gte_base-dj_adpt+gtr_t5-dj_adpt+mpnet-dj_adpt+kalm_instruct_v2_5-dj_adpt+qwen3_06b-dj_adpt+qwen3_4b-dj_adpt+kalm_gemma3_12b-dj_adpt+llama_nemotron_8b-dj_adpt+qwen3_8b-dj_adpt,7.0,,3.3188576698303223
cl_default,distilroberta-dj_adpt+mini_l12-dj_adpt+mini_l6-dj_adpt+gte_base-dj_adpt+gtr_t5-dj_adpt+mpnet-dj_adpt+kalm_instruct_v2_5-dj_adpt+qwen3_06b-dj_adpt+qwen3_4b-dj_adpt+kalm_gemma3_12b-dj_adpt+llama_nemotron_8b-dj_adpt+qwen3_8b-dj_adpt,7.0,3.2449851036071777,
cl_default,distilroberta-dj_adpt+mini_l12-dj_adpt+mini_l6-dj_adpt+gte_base-dj_adpt+gtr_t5-dj_adpt+mpnet-dj_adpt+kalm_instruct_v2_5-dj_adpt+qwen3_06b-dj_adpt+qwen3_4b-dj_adpt+kalm_gemma3_12b-dj_adpt+llama_nemotron_8b-dj_adpt+qwen3_8b-dj_adpt,8.0,,3.2976863384246826
cl_default,distilroberta-dj_adpt+mini_l12-dj_adpt+mini_l6-dj_adpt+gte_base-dj_adpt+gtr_t5-dj_adpt+mpnet-dj_adpt+kalm_instruct_v2_5-dj_adpt+qwen3_06b-dj_adpt+qwen3_4b-dj_adpt+kalm_gemma3_12b-dj_adpt+llama_nemotron_8b-dj_adpt+qwen3_8b-dj_adpt,8.0,3.227069854736328,
cl_default,distilroberta-dj_adpt+mini_l12-dj_adpt+mini_l6-dj_adpt+gte_base-dj_adpt+gtr_t5-dj_adpt+mpnet-dj_adpt+kalm_instruct_v2_5-dj_adpt+qwen3_06b-dj_adpt+qwen3_4b-dj_adpt+kalm_gemma3_12b-dj_adpt+llama_nemotron_8b-dj_adpt+qwen3_8b-dj_adpt,9.0,,3.2853448390960693
cl_default,distilroberta-dj_adpt+mini_l12-dj_adpt+mini_l6-dj_adpt+gte_base-dj_adpt+gtr_t5-dj_adpt+mpnet-dj_adpt+kalm_instruct_v2_5-dj_adpt+qwen3_06b-dj_adpt+qwen3_4b-dj_adpt+kalm_gemma3_12b-dj_adpt+llama_nemotron_8b-dj_adpt+qwen3_8b-dj_adpt,9.0,3.211956024169922,
cl_default,distilroberta-dj_adpt+mini_l12-dj_adpt+mini_l6-dj_adpt+gte_base-dj_adpt+gtr_t5-dj_adpt+mpnet-dj_adpt+kalm_instruct_v2_5-dj_adpt+qwen3_06b-dj_adpt+qwen3_4b-dj_adpt+kalm_gemma3_12b-dj_adpt+llama_nemotron_8b-dj_adpt+qwen3_8b-dj_adpt,10.0,,3.2724828720092773
cl_default,distilroberta-dj_adpt+mini_l12-dj_adpt+mini_l6-dj_adpt+gte_base-dj_adpt+gtr_t5-dj_adpt+mpnet-dj_adpt+kalm_instruct_v2_5-dj_adpt+qwen3_06b-dj_adpt+qwen3_4b-dj_adpt+kalm_gemma3_12b-dj_adpt+llama_nemotron_8b-dj_adpt+qwen3_8b-dj_adpt,10.0,3.1986029148101807,
cl_default,distilroberta-dj_adpt+mini_l12-dj_adpt+mini_l6-dj_adpt+gte_base-dj_adpt+gtr_t5-dj_adpt+mpnet-dj_adpt+kalm_instruct_v2_5-dj_adpt+qwen3_06b-dj_adpt+qwen3_4b-dj_adpt+kalm_gemma3_12b-dj_adpt+llama_nemotron_8b-dj_adpt+qwen3_8b-dj_adpt,11.0,,3.2639079093933105
cl_default,distilroberta-dj_adpt+mini_l12-dj_adpt+mini_l6-dj_adpt+gte_base-dj_adpt+gtr_t5-dj_adpt+mpnet-dj_adpt+kalm_instruct_v2_5-dj_adpt+qwen3_06b-dj_adpt+qwen3_4b-dj_adpt+kalm_gemma3_12b-dj_adpt+llama_nemotron_8b-dj_adpt+qwen3_8b-dj_adpt,11.0,3.188086986541748,
cl_default,distilroberta-dj_adpt+mini_l12-dj_adpt+mini_l6-dj_adpt+gte_base-dj_adpt+gtr_t5-dj_adpt+mpnet-dj_adpt+kalm_instruct_v2_5-dj_adpt+qwen3_06b-dj_adpt+qwen3_4b-dj_adpt+kalm_gemma3_12b-dj_adpt+llama_nemotron_8b-dj_adpt+qwen3_8b-dj_adpt,12.0,,3.258740186691284
cl_default,distilroberta-dj_adpt+mini_l12-dj_adpt+mini_l6-dj_adpt+gte_base-dj_adpt+gtr_t5-dj_adpt+mpnet-dj_adpt+kalm_instruct_v2_5-dj_adpt+qwen3_06b-dj_adpt+qwen3_4b-dj_adpt+kalm_gemma3_12b-dj_adpt+llama_nemotron_8b-dj_adpt+qwen3_8b-dj_adpt,12.0,3.177370548248291,
cl_default,distilroberta-dj_adpt+mini_l12-dj_adpt+mini_l6-dj_adpt+gte_base-dj_adpt+gtr_t5-dj_adpt+mpnet-dj_adpt+kalm_instruct_v2_5-dj_adpt+qwen3_06b-dj_adpt+qwen3_4b-dj_adpt+kalm_gemma3_12b-dj_adpt+llama_nemotron_8b-dj_adpt+qwen3_8b-dj_adpt,13.0,,3.2476184368133545
cl_default,distilroberta-dj_adpt+mini_l12-dj_adpt+mini_l6-dj_adpt+gte_base-dj_adpt+gtr_t5-dj_adpt+mpnet-dj_adpt+kalm_instruct_v2_5-dj_adpt+qwen3_06b-dj_adpt+qwen3_4b-dj_adpt+kalm_gemma3_12b-dj_adpt+llama_nemotron_8b-dj_adpt+qwen3_8b-dj_adpt,13.0,3.1685261726379395,
cl_default,distilroberta-dj_adpt+mini_l12-dj_adpt+mini_l6-dj_adpt+gte_base-dj_adpt+gtr_t5-dj_adpt+mpnet-dj_adpt+kalm_instruct_v2_5-dj_adpt+qwen3_06b-dj_adpt+qwen3_4b-dj_adpt+kalm_gemma3_12b-dj_adpt+llama_nemotron_8b-dj_adpt+qwen3_8b-dj_adpt,14.0,,3.243464469909668
cl_default,distilroberta-dj_adpt+mini_l12-dj_adpt+mini_l6-dj_adpt+gte_base-dj_adpt+gtr_t5-dj_adpt+mpnet-dj_adpt+kalm_instruct_v2_5-dj_adpt+qwen3_06b-dj_adpt+qwen3_4b-dj_adpt+kalm_gemma3_12b-dj_adpt+llama_nemotron_8b-dj_adpt+qwen3_8b-dj_adpt,14.0,3.1611878871917725,
cl_default,distilroberta-dj_adpt+mini_l12-dj_adpt+mini_l6-dj_adpt+gte_base-dj_adpt+gtr_t5-dj_adpt+mpnet-dj_adpt+kalm_instruct_v2_5-dj_adpt+qwen3_06b-dj_adpt+qwen3_4b-dj_adpt+kalm_gemma3_12b-dj_adpt+llama_nemotron_8b-dj_adpt+qwen3_8b-dj_adpt,15.0,,3.2378814220428467
cl_default,distilroberta-dj_adpt+mini_l12-dj_adpt+mini_l6-dj_adpt+gte_base-dj_adpt+gtr_t5-dj_adpt+mpnet-dj_adpt+kalm_instruct_v2_5-dj_adpt+qwen3_06b-dj_adpt+qwen3_4b-dj_adpt+kalm_gemma3_12b-dj_adpt+llama_nemotron_8b-dj_adpt+qwen3_8b-dj_adpt,15.0,3.154616594314575,
cl_default,distilroberta-dj_adpt+mini_l12-dj_adpt+mini_l6-dj_adpt+gte_base-dj_adpt+gtr_t5-dj_adpt+mpnet-dj_adpt+kalm_instruct_v2_5-dj_adpt+qwen3_06b-dj_adpt+qwen3_4b-dj_adpt+kalm_gemma3_12b-dj_adpt+llama_nemotron_8b-dj_adpt+qwen3_8b-dj_adpt,16.0,,3.2302112579345703
cl_default,distilroberta-dj_adpt+mini_l12-dj_adpt+mini_l6-dj_adpt+gte_base-dj_adpt+gtr_t5-dj_adpt+mpnet-dj_adpt+kalm_instruct_v2_5-dj_adpt+qwen3_06b-dj_adpt+qwen3_4b-dj_adpt+kalm_gemma3_12b-dj_adpt+llama_nemotron_8b-dj_adpt+qwen3_8b-dj_adpt,16.0,3.147484302520752,
cl_default,distilroberta-dj_adpt+mini_l12-dj_adpt+mini_l6-dj_adpt+gte_base-dj_adpt+gtr_t5-dj_adpt+mpnet-dj_adpt+kalm_instruct_v2_5-dj_adpt+qwen3_06b-dj_adpt+qwen3_4b-dj_adpt+kalm_gemma3_12b-dj_adpt+llama_nemotron_8b-dj_adpt+qwen3_8b-dj_adpt,17.0,,3.2322354316711426
cl_default,distilroberta-dj_adpt+mini_l12-dj_adpt+mini_l6-dj_adpt+gte_base-dj_adpt+gtr_t5-dj_adpt+mpnet-dj_adpt+kalm_instruct_v2_5-dj_adpt+qwen3_06b-dj_adpt+qwen3_4b-dj_adpt+kalm_gemma3_12b-dj_adpt+llama_nemotron_8b-dj_adpt+qwen3_8b-dj_adpt,17.0,3.141688823699951,
cl_default,distilroberta-dj_adpt+mini_l12-dj_adpt+mini_l6-dj_adpt+gte_base-dj_adpt+gtr_t5-dj_adpt+mpnet-dj_adpt+kalm_instruct_v2_5-dj_adpt+qwen3_06b-dj_adpt+qwen3_4b-dj_adpt+kalm_gemma3_12b-dj_adpt+llama_nemotron_8b-dj_adpt+qwen3_8b-dj_adpt,18.0,,3.2220230102539062
cl_default,distilroberta-dj_adpt+mini_l12-dj_adpt+mini_l6-dj_adpt+gte_base-dj_adpt+gtr_t5-dj_adpt+mpnet-dj_adpt+kalm_instruct_v2_5-dj_adpt+qwen3_06b-dj_adpt+qwen3_4b-dj_adpt+kalm_gemma3_12b-dj_adpt+llama_nemotron_8b-dj_adpt+qwen3_8b-dj_adpt,18.0,3.135854959487915,
cl_default,distilroberta-dj_adpt+mini_l12-dj_adpt+mini_l6-dj_adpt+gte_base-dj_adpt+gtr_t5-dj_adpt+mpnet-dj_adpt+kalm_instruct_v2_5-dj_adpt+qwen3_06b-dj_adpt+qwen3_4b-dj_adpt+kalm_gemma3_12b-dj_adpt+llama_nemotron_8b-dj_adpt+qwen3_8b-dj_adpt,19.0,,3.2154576778411865
cl_default,distilroberta-dj_adpt+mini_l12-dj_adpt+mini_l6-dj_adpt+gte_base-dj_adpt+gtr_t5-dj_adpt+mpnet-dj_adpt+kalm_instruct_v2_5-dj_adpt+qwen3_06b-dj_adpt+qwen3_4b-dj_adpt+kalm_gemma3_12b-dj_adpt+llama_nemotron_8b-dj_adpt+qwen3_8b-dj_adpt,19.0,3.13132381439209,
cl_default,distilroberta-dj_adpt+mini_l12-dj_adpt+mini_l6-dj_adpt+gte_base-dj_adpt+gtr_t5-dj_adpt+mpnet-dj_adpt+kalm_instruct_v2_5-dj_adpt+qwen3_06b-dj_adpt+qwen3_4b-dj_adpt+kalm_gemma3_12b-dj_adpt+llama_nemotron_8b-dj_adpt+qwen3_8b-dj_adpt,20.0,,3.211596965789795
cl_default,distilroberta-dj_adpt+mini_l12-dj_adpt+mini_l6-dj_adpt+gte_base-dj_adpt+gtr_t5-dj_adpt+mpnet-dj_adpt+kalm_instruct_v2_5-dj_adpt+qwen3_06b-dj_adpt+qwen3_4b-dj_adpt+kalm_gemma3_12b-dj_adpt+llama_nemotron_8b-dj_adpt+qwen3_8b-dj_adpt,20.0,3.1269657611846924,
cl_default,distilroberta-dj_adpt+mini_l12-dj_adpt+mini_l6-dj_adpt+gte_base-dj_adpt+gtr_t5-dj_adpt+mpnet-dj_adpt+kalm_instruct_v2_5-dj_adpt+qwen3_06b-dj_adpt+qwen3_4b-dj_adpt+kalm_gemma3_12b-dj_adpt+llama_nemotron_8b-dj_adpt+qwen3_8b-dj_adpt,21.0,,3.211866617202759
cl_default,distilroberta-dj_adpt+mini_l12-dj_adpt+mini_l6-dj_adpt+gte_base-dj_adpt+gtr_t5-dj_adpt+mpnet-dj_adpt+kalm_instruct_v2_5-dj_adpt+qwen3_06b-dj_adpt+qwen3_4b-dj_adpt+kalm_gemma3_12b-dj_adpt+llama_nemotron_8b-dj_adpt+qwen3_8b-dj_adpt,21.0,3.122426986694336,
cl_default,distilroberta-dj_adpt+mini_l12-dj_adpt+mini_l6-dj_adpt+gte_base-dj_adpt+gtr_t5-dj_adpt+mpnet-dj_adpt+kalm_instruct_v2_5-dj_adpt+qwen3_06b-dj_adpt+qwen3_4b-dj_adpt+kalm_gemma3_12b-dj_adpt+llama_nemotron_8b-dj_adpt+qwen3_8b-dj_adpt,22.0,,3.2102770805358887
cl_default,distilroberta-dj_adpt+mini_l12-dj_adpt+mini_l6-dj_adpt+gte_base-dj_adpt+gtr_t5-dj_adpt+mpnet-dj_adpt+kalm_instruct_v2_5-dj_adpt+qwen3_06b-dj_adpt+qwen3_4b-dj_adpt+kalm_gemma3_12b-dj_adpt+llama_nemotron_8b-dj_adpt+qwen3_8b-dj_adpt,22.0,3.1183807849884033,
cl_default,distilroberta-dj_adpt+mini_l12-dj_adpt+mini_l6-dj_adpt+gte_base-dj_adpt+gtr_t5-dj_adpt+mpnet-dj_adpt+kalm_instruct_v2_5-dj_adpt+qwen3_06b-dj_adpt+qwen3_4b-dj_adpt+kalm_gemma3_12b-dj_adpt+llama_nemotron_8b-dj_adpt+qwen3_8b-dj_adpt,23.0,,3.202519416809082
cl_default,distilroberta-dj_adpt+mini_l12-dj_adpt+mini_l6-dj_adpt+gte_base-dj_adpt+gtr_t5-dj_adpt+mpnet-dj_adpt+kalm_instruct_v2_5-dj_adpt+qwen3_06b-dj_adpt+qwen3_4b-dj_adpt+kalm_gemma3_12b-dj_adpt+llama_nemotron_8b-dj_adpt+qwen3_8b-dj_adpt,23.0,3.114431381225586,
cl_default,distilroberta-dj_adpt+mini_l12-dj_adpt+mini_l6-dj_adpt+gte_base-dj_adpt+gtr_t5-dj_adpt+mpnet-dj_adpt+kalm_instruct_v2_5-dj_adpt+qwen3_06b-dj_adpt+qwen3_4b-dj_adpt+kalm_gemma3_12b-dj_adpt+llama_nemotron_8b-dj_adpt+qwen3_8b-dj_adpt,24.0,,3.2010934352874756
cl_default,distilroberta-dj_adpt+mini_l12-dj_adpt+mini_l6-dj_adpt+gte_base-dj_adpt+gtr_t5-dj_adpt+mpnet-dj_adpt+kalm_instruct_v2_5-dj_adpt+qwen3_06b-dj_adpt+qwen3_4b-dj_adpt+kalm_gemma3_12b-dj_adpt+llama_nemotron_8b-dj_adpt+qwen3_8b-dj_adpt,24.0,3.111074924468994,
cl_default,distilroberta-dj_adpt+mini_l12-dj_adpt+mini_l6-dj_adpt+gte_base-dj_adpt+gtr_t5-dj_adpt+mpnet-dj_adpt+kalm_instruct_v2_5-dj_adpt+qwen3_06b-dj_adpt+qwen3_4b-dj_adpt+kalm_gemma3_12b-dj_adpt+llama_nemotron_8b-dj_adpt+qwen3_8b-dj_adpt,25.0,,3.2001540660858154
cl_default,distilroberta-dj_adpt+mini_l12-dj_adpt+mini_l6-dj_adpt+gte_base-dj_adpt+gtr_t5-dj_adpt+mpnet-dj_adpt+kalm_instruct_v2_5-dj_adpt+qwen3_06b-dj_adpt+qwen3_4b-dj_adpt+kalm_gemma3_12b-dj_adpt+llama_nemotron_8b-dj_adpt+qwen3_8b-dj_adpt,25.0,3.108072519302368,
cl_default,distilroberta-dj_adpt+mini_l12-dj_adpt+mini_l6-dj_adpt+gte_base-dj_adpt+gtr_t5-dj_adpt+mpnet-dj_adpt+kalm_instruct_v2_5-dj_adpt+qwen3_06b-dj_adpt+qwen3_4b-dj_adpt+kalm_gemma3_12b-dj_adpt+llama_nemotron_8b-dj_adpt+qwen3_8b-dj_adpt,26.0,,3.194227933883667
cl_default,distilroberta-dj_adpt+mini_l12-dj_adpt+mini_l6-dj_adpt+gte_base-dj_adpt+gtr_t5-dj_adpt+mpnet-dj_adpt+kalm_instruct_v2_5-dj_adpt+qwen3_06b-dj_adpt+qwen3_4b-dj_adpt+kalm_gemma3_12b-dj_adpt+llama_nemotron_8b-dj_adpt+qwen3_8b-dj_adpt,26.0,3.1048667430877686,
cl_default,distilroberta-dj_adpt+mini_l12-dj_adpt+mini_l6-dj_adpt+gte_base-dj_adpt+gtr_t5-dj_adpt+mpnet-dj_adpt+kalm_instruct_v2_5-dj_adpt+qwen3_06b-dj_adpt+qwen3_4b-dj_adpt+kalm_gemma3_12b-dj_adpt+llama_nemotron_8b-dj_adpt+qwen3_8b-dj_adpt,27.0,,3.1935477256774902
cl_default,distilroberta-dj_adpt+mini_l12-dj_adpt+mini_l6-dj_adpt+gte_base-dj_adpt+gtr_t5-dj_adpt+mpnet-dj_adpt+kalm_instruct_v2_5-dj_adpt+qwen3_06b-dj_adpt+qwen3_4b-dj_adpt+kalm_gemma3_12b-dj_adpt+llama_nemotron_8b-dj_adpt+qwen3_8b-dj_adpt,27.0,3.101968765258789,
cl_default,distilroberta-dj_adpt+mini_l12-dj_adpt+mini_l6-dj_adpt+gte_base-dj_adpt+gtr_t5-dj_adpt+mpnet-dj_adpt+kalm_instruct_v2_5-dj_adpt+qwen3_06b-dj_adpt+qwen3_4b-dj_adpt+kalm_gemma3_12b-dj_adpt+llama_nemotron_8b-dj_adpt+qwen3_8b-dj_adpt,28.0,,3.1904525756835938
cl_default,distilroberta-dj_adpt+mini_l12-dj_adpt+mini_l6-dj_adpt+gte_base-dj_adpt+gtr_t5-dj_adpt+mpnet-dj_adpt+kalm_instruct_v2_5-dj_adpt+qwen3_06b-dj_adpt+qwen3_4b-dj_adpt+kalm_gemma3_12b-dj_adpt+llama_nemotron_8b-dj_adpt+qwen3_8b-dj_adpt,28.0,3.098160982131958,
cl_default,distilroberta-dj_adpt+mini_l12-dj_adpt+mini_l6-dj_adpt+gte_base-dj_adpt+gtr_t5-dj_adpt+mpnet-dj_adpt+kalm_instruct_v2_5-dj_adpt+qwen3_06b-dj_adpt+qwen3_4b-dj_adpt+kalm_gemma3_12b-dj_adpt+llama_nemotron_8b-dj_adpt+qwen3_8b-dj_adpt,29.0,,3.1884074211120605
cl_default,distilroberta-dj_adpt+mini_l12-dj_adpt+mini_l6-dj_adpt+gte_base-dj_adpt+gtr_t5-dj_adpt+mpnet-dj_adpt+kalm_instruct_v2_5-dj_adpt+qwen3_06b-dj_adpt+qwen3_4b-dj_adpt+kalm_gemma3_12b-dj_adpt+llama_nemotron_8b-dj_adpt+qwen3_8b-dj_adpt,29.0,3.0963759422302246,
cl_default,distilroberta-dj_adpt+mini_l12-dj_adpt+mini_l6-dj_adpt+gte_base-dj_adpt+gtr_t5-dj_adpt+mpnet-dj_adpt+kalm_instruct_v2_5-dj_adpt+qwen3_06b-dj_adpt+qwen3_4b-dj_adpt+kalm_gemma3_12b-dj_adpt+llama_nemotron_8b-dj_adpt+qwen3_8b-dj_adpt,30.0,,3.1882176399230957
cl_default,distilroberta-dj_adpt+mini_l12-dj_adpt+mini_l6-dj_adpt+gte_base-dj_adpt+gtr_t5-dj_adpt+mpnet-dj_adpt+kalm_instruct_v2_5-dj_adpt+qwen3_06b-dj_adpt+qwen3_4b-dj_adpt+kalm_gemma3_12b-dj_adpt+llama_nemotron_8b-dj_adpt+qwen3_8b-dj_adpt,30.0,3.093249559402466,
cl_default,distilroberta-dj_adpt+mini_l12-dj_adpt+mini_l6-dj_adpt+gte_base-dj_adpt+gtr_t5-dj_adpt+mpnet-dj_adpt+kalm_instruct_v2_5-dj_adpt+qwen3_06b-dj_adpt+qwen3_4b-dj_adpt+kalm_gemma3_12b-dj_adpt+llama_nemotron_8b-dj_adpt+qwen3_8b-dj_adpt,31.0,,3.1835289001464844
cl_default,distilroberta-dj_adpt+mini_l12-dj_adpt+mini_l6-dj_adpt+gte_base-dj_adpt+gtr_t5-dj_adpt+mpnet-dj_adpt+kalm_instruct_v2_5-dj_adpt+qwen3_06b-dj_adpt+qwen3_4b-dj_adpt+kalm_gemma3_12b-dj_adpt+llama_nemotron_8b-dj_adpt+qwen3_8b-dj_adpt,31.0,3.091373920440674,
cl_default,distilroberta-dj_adpt+mini_l12-dj_adpt+mini_l6-dj_adpt+gte_base-dj_adpt+gtr_t5-dj_adpt+mpnet-dj_adpt+kalm_instruct_v2_5-dj_adpt+qwen3_06b-dj_adpt+qwen3_4b-dj_adpt+kalm_gemma3_12b-dj_adpt+llama_nemotron_8b-dj_adpt+qwen3_8b-dj_adpt,32.0,,3.1812078952789307
cl_default,distilroberta-dj_adpt+mini_l12-dj_adpt+mini_l6-dj_adpt+gte_base-dj_adpt+gtr_t5-dj_adpt+mpnet-dj_adpt+kalm_instruct_v2_5-dj_adpt+qwen3_06b-dj_adpt+qwen3_4b-dj_adpt+kalm_gemma3_12b-dj_adpt+llama_nemotron_8b-dj_adpt+qwen3_8b-dj_adpt,32.0,3.08902907371521,
cl_default,distilroberta-dj_adpt+mini_l12-dj_adpt+mini_l6-dj_adpt+gte_base-dj_adpt+gtr_t5-dj_adpt+mpnet-dj_adpt+kalm_instruct_v2_5-dj_adpt+qwen3_06b-dj_adpt+qwen3_4b-dj_adpt+kalm_gemma3_12b-dj_adpt+llama_nemotron_8b-dj_adpt+qwen3_8b-dj_adpt,33.0,,3.1830902099609375
cl_default,distilroberta-dj_adpt+mini_l12-dj_adpt+mini_l6-dj_adpt+gte_base-dj_adpt+gtr_t5-dj_adpt+mpnet-dj_adpt+kalm_instruct_v2_5-dj_adpt+qwen3_06b-dj_adpt+qwen3_4b-dj_adpt+kalm_gemma3_12b-dj_adpt+llama_nemotron_8b-dj_adpt+qwen3_8b-dj_adpt,33.0,3.0857181549072266,
cl_default,distilroberta-dj_adpt+mini_l12-dj_adpt+mini_l6-dj_adpt+gte_base-dj_adpt+gtr_t5-dj_adpt+mpnet-dj_adpt+kalm_instruct_v2_5-dj_adpt+qwen3_06b-dj_adpt+qwen3_4b-dj_adpt+kalm_gemma3_12b-dj_adpt+llama_nemotron_8b-dj_adpt+qwen3_8b-dj_adpt,34.0,,3.1802875995635986
cl_default,distilroberta-dj_adpt+mini_l12-dj_adpt+mini_l6-dj_adpt+gte_base-dj_adpt+gtr_t5-dj_adpt+mpnet-dj_adpt+kalm_instruct_v2_5-dj_adpt+qwen3_06b-dj_adpt+qwen3_4b-dj_adpt+kalm_gemma3_12b-dj_adpt+llama_nemotron_8b-dj_adpt+qwen3_8b-dj_adpt,34.0,3.084022045135498,
cl_default,distilroberta-dj_adpt+mini_l12-dj_adpt+mini_l6-dj_adpt+gte_base-dj_adpt+gtr_t5-dj_adpt+mpnet-dj_adpt+kalm_instruct_v2_5-dj_adpt+qwen3_06b-dj_adpt+qwen3_4b-dj_adpt+kalm_gemma3_12b-dj_adpt+llama_nemotron_8b-dj_adpt+qwen3_8b-dj_adpt,35.0,,3.179851531982422
cl_default,distilroberta-dj_adpt+mini_l12-dj_adpt+mini_l6-dj_adpt+gte_base-dj_adpt+gtr_t5-dj_adpt+mpnet-dj_adpt+kalm_instruct_v2_5-dj_adpt+qwen3_06b-dj_adpt+qwen3_4b-dj_adpt+kalm_gemma3_12b-dj_adpt+llama_nemotron_8b-dj_adpt+qwen3_8b-dj_adpt,35.0,3.082608461380005,
cl_default,distilroberta-dj_adpt+mini_l12-dj_adpt+mini_l6-dj_adpt+gte_base-dj_adpt+gtr_t5-dj_adpt+mpnet-dj_adpt+kalm_instruct_v2_5-dj_adpt+qwen3_06b-dj_adpt+qwen3_4b-dj_adpt+kalm_gemma3_12b-dj_adpt+llama_nemotron_8b-dj_adpt+qwen3_8b-dj_adpt,36.0,,3.177797555923462
cl_default,distilroberta-dj_adpt+mini_l12-dj_adpt+mini_l6-dj_adpt+gte_base-dj_adpt+gtr_t5-dj_adpt+mpnet-dj_adpt+kalm_instruct_v2_5-dj_adpt+qwen3_06b-dj_adpt+qwen3_4b-dj_adpt+kalm_gemma3_12b-dj_adpt+llama_nemotron_8b-dj_adpt+qwen3_8b-dj_adpt,36.0,3.080751419067383,
cl_default,distilroberta-dj_adpt+mini_l12-dj_adpt+mini_l6-dj_adpt+gte_base-dj_adpt+gtr_t5-dj_adpt+mpnet-dj_adpt+kalm_instruct_v2_5-dj_adpt+qwen3_06b-dj_adpt+qwen3_4b-dj_adpt+kalm_gemma3_12b-dj_adpt+llama_nemotron_8b-dj_adpt+qwen3_8b-dj_adpt,37.0,,3.1766421794891357
cl_default,distilroberta-dj_adpt+mini_l12-dj_adpt+mini_l6-dj_adpt+gte_base-dj_adpt+gtr_t5-dj_adpt+mpnet-dj_adpt+kalm_instruct_v2_5-dj_adpt+qwen3_06b-dj_adpt+qwen3_4b-dj_adpt+kalm_gemma3_12b-dj_adpt+llama_nemotron_8b-dj_adpt+qwen3_8b-dj_adpt,37.0,3.0786261558532715,
cl_default,distilroberta-dj_adpt+mini_l12-dj_adpt+mini_l6-dj_adpt+gte_base-dj_adpt+gtr_t5-dj_adpt+mpnet-dj_adpt+kalm_instruct_v2_5-dj_adpt+qwen3_06b-dj_adpt+qwen3_4b-dj_adpt+kalm_gemma3_12b-dj_adpt+llama_nemotron_8b-dj_adpt+qwen3_8b-dj_adpt,38.0,,3.176025152206421
cl_default,distilroberta-dj_adpt+mini_l12-dj_adpt+mini_l6-dj_adpt+gte_base-dj_adpt+gtr_t5-dj_adpt+mpnet-dj_adpt+kalm_instruct_v2_5-dj_adpt+qwen3_06b-dj_adpt+qwen3_4b-dj_adpt+kalm_gemma3_12b-dj_adpt+llama_nemotron_8b-dj_adpt+qwen3_8b-dj_adpt,38.0,3.0773026943206787,
cl_default,distilroberta-dj_adpt+mini_l12-dj_adpt+mini_l6-dj_adpt+gte_base-dj_adpt+gtr_t5-dj_adpt+mpnet-dj_adpt+kalm_instruct_v2_5-dj_adpt+qwen3_06b-dj_adpt+qwen3_4b-dj_adpt+kalm_gemma3_12b-dj_adpt+llama_nemotron_8b-dj_adpt+qwen3_8b-dj_adpt,39.0,,3.1757595539093018
cl_default,distilroberta-dj_adpt+mini_l12-dj_adpt+mini_l6-dj_adpt+gte_base-dj_adpt+gtr_t5-dj_adpt+mpnet-dj_adpt+kalm_instruct_v2_5-dj_adpt+qwen3_06b-dj_adpt+qwen3_4b-dj_adpt+kalm_gemma3_12b-dj_adpt+llama_nemotron_8b-dj_adpt+qwen3_8b-dj_adpt,39.0,3.0747058391571045,
cl_default,distilroberta-dj_adpt+mini_l12-dj_adpt+mini_l6-dj_adpt+gte_base-dj_adpt+gtr_t5-dj_adpt+mpnet-dj_adpt+kalm_instruct_v2_5-dj_adpt+qwen3_06b-dj_adpt+qwen3_4b-dj_adpt+kalm_gemma3_12b-dj_adpt+llama_nemotron_8b-dj_adpt+qwen3_8b-dj_adpt,40.0,,3.1711385250091553
cl_default,distilroberta-dj_adpt+mini_l12-dj_adpt+mini_l6-dj_adpt+gte_base-dj_adpt+gtr_t5-dj_adpt+mpnet-dj_adpt+kalm_instruct_v2_5-dj_adpt+qwen3_06b-dj_adpt+qwen3_4b-dj_adpt+kalm_gemma3_12b-dj_adpt+llama_nemotron_8b-dj_adpt+qwen3_8b-dj_adpt,40.0,3.0727736949920654,
cl_default,distilroberta-dj_adpt+mini_l12-dj_adpt+mini_l6-dj_adpt+gte_base-dj_adpt+gtr_t5-dj_adpt+mpnet-dj_adpt+kalm_instruct_v2_5-dj_adpt+qwen3_06b-dj_adpt+qwen3_4b-dj_adpt+kalm_gemma3_12b-dj_adpt+llama_nemotron_8b-dj_adpt+qwen3_8b-dj_adpt,41.0,,3.168950319290161
cl_default,distilroberta-dj_adpt+mini_l12-dj_adpt+mini_l6-dj_adpt+gte_base-dj_adpt+gtr_t5-dj_adpt+mpnet-dj_adpt+kalm_instruct_v2_5-dj_adpt+qwen3_06b-dj_adpt+qwen3_4b-dj_adpt+kalm_gemma3_12b-dj_adpt+llama_nemotron_8b-dj_adpt+qwen3_8b-dj_adpt,41.0,3.070930242538452,
cl_default,distilroberta-dj_adpt+mini_l12-dj_adpt+mini_l6-dj_adpt+gte_base-dj_adpt+gtr_t5-dj_adpt+mpnet-dj_adpt+kalm_instruct_v2_5-dj_adpt+qwen3_06b-dj_adpt+qwen3_4b-dj_adpt+kalm_gemma3_12b-dj_adpt+llama_nemotron_8b-dj_adpt+qwen3_8b-dj_adpt,42.0,,3.1685454845428467
cl_default,distilroberta-dj_adpt+mini_l12-dj_adpt+mini_l6-dj_adpt+gte_base-dj_adpt+gtr_t5-dj_adpt+mpnet-dj_adpt+kalm_instruct_v2_5-dj_adpt+qwen3_06b-dj_adpt+qwen3_4b-dj_adpt+kalm_gemma3_12b-dj_adpt+llama_nemotron_8b-dj_adpt+qwen3_8b-dj_adpt,42.0,3.0693368911743164,
cl_default,distilroberta-dj_adpt+mini_l12-dj_adpt+mini_l6-dj_adpt+gte_base-dj_adpt+gtr_t5-dj_adpt+mpnet-dj_adpt+kalm_instruct_v2_5-dj_adpt+qwen3_06b-dj_adpt+qwen3_4b-dj_adpt+kalm_gemma3_12b-dj_adpt+llama_nemotron_8b-dj_adpt+qwen3_8b-dj_adpt,43.0,,3.1684443950653076
cl_default,distilroberta-dj_adpt+mini_l12-dj_adpt+mini_l6-dj_adpt+gte_base-dj_adpt+gtr_t5-dj_adpt+mpnet-dj_adpt+kalm_instruct_v2_5-dj_adpt+qwen3_06b-dj_adpt+qwen3_4b-dj_adpt+kalm_gemma3_12b-dj_adpt+llama_nemotron_8b-dj_adpt+qwen3_8b-dj_adpt,43.0,3.0673274993896484,
cl_default,distilroberta-dj_adpt+mini_l12-dj_adpt+mini_l6-dj_adpt+gte_base-dj_adpt+gtr_t5-dj_adpt+mpnet-dj_adpt+kalm_instruct_v2_5-dj_adpt+qwen3_06b-dj_adpt+qwen3_4b-dj_adpt+kalm_gemma3_12b-dj_adpt+llama_nemotron_8b-dj_adpt+qwen3_8b-dj_adpt,44.0,,3.1687116622924805
cl_default,distilroberta-dj_adpt+mini_l12-dj_adpt+mini_l6-dj_adpt+gte_base-dj_adpt+gtr_t5-dj_adpt+mpnet-dj_adpt+kalm_instruct_v2_5-dj_adpt+qwen3_06b-dj_adpt+qwen3_4b-dj_adpt+kalm_gemma3_12b-dj_adpt+llama_nemotron_8b-dj_adpt+qwen3_8b-dj_adpt,44.0,3.0661733150482178,
cl_default,distilroberta-dj_adpt+mini_l12-dj_adpt+mini_l6-dj_adpt+gte_base-dj_adpt+gtr_t5-dj_adpt+mpnet-dj_adpt+kalm_instruct_v2_5-dj_adpt+qwen3_06b-dj_adpt+qwen3_4b-dj_adpt+kalm_gemma3_12b-dj_adpt+llama_nemotron_8b-dj_adpt+qwen3_8b-dj_adpt,45.0,,3.1652727127075195
cl_default,distilroberta-dj_adpt+mini_l12-dj_adpt+mini_l6-dj_adpt+gte_base-dj_adpt+gtr_t5-dj_adpt+mpnet-dj_adpt+kalm_instruct_v2_5-dj_adpt+qwen3_06b-dj_adpt+qwen3_4b-dj_adpt+kalm_gemma3_12b-dj_adpt+llama_nemotron_8b-dj_adpt+qwen3_8b-dj_adpt,45.0,3.064549207687378,
cl_default,distilroberta-dj_adpt+mini_l12-dj_adpt+mini_l6-dj_adpt+gte_base-dj_adpt+gtr_t5-dj_adpt+mpnet-dj_adpt+kalm_instruct_v2_5-dj_adpt+qwen3_06b-dj_adpt+qwen3_4b-dj_adpt+kalm_gemma3_12b-dj_adpt+llama_nemotron_8b-dj_adpt+qwen3_8b-dj_adpt,46.0,,3.165297746658325
cl_default,distilroberta-dj_adpt+mini_l12-dj_adpt+mini_l6-dj_adpt+gte_base-dj_adpt+gtr_t5-dj_adpt+mpnet-dj_adpt+kalm_instruct_v2_5-dj_adpt+qwen3_06b-dj_adpt+qwen3_4b-dj_adpt+kalm_gemma3_12b-dj_adpt+llama_nemotron_8b-dj_adpt+qwen3_8b-dj_adpt,46.0,3.063004493713379,
cl_default,distilroberta-dj_adpt+mini_l12-dj_adpt+mini_l6-dj_adpt+gte_base-dj_adpt+gtr_t5-dj_adpt+mpnet-dj_adpt+kalm_instruct_v2_5-dj_adpt+qwen3_06b-dj_adpt+qwen3_4b-dj_adpt+kalm_gemma3_12b-dj_adpt+llama_nemotron_8b-dj_adpt+qwen3_8b-dj_adpt,47.0,,3.167231559753418
cl_default,distilroberta-dj_adpt+mini_l12-dj_adpt+mini_l6-dj_adpt+gte_base-dj_adpt+gtr_t5-dj_adpt+mpnet-dj_adpt+kalm_instruct_v2_5-dj_adpt+qwen3_06b-dj_adpt+qwen3_4b-dj_adpt+kalm_gemma3_12b-dj_adpt+llama_nemotron_8b-dj_adpt+qwen3_8b-dj_adpt,47.0,3.0617268085479736,
cl_default,distilroberta-dj_adpt+mini_l12-dj_adpt+mini_l6-dj_adpt+gte_base-dj_adpt+gtr_t5-dj_adpt+mpnet-dj_adpt+kalm_instruct_v2_5-dj_adpt+qwen3_06b-dj_adpt+qwen3_4b-dj_adpt+kalm_gemma3_12b-dj_adpt+llama_nemotron_8b-dj_adpt+qwen3_8b-dj_adpt,48.0,,3.1630213260650635
cl_default,distilroberta-dj_adpt+mini_l12-dj_adpt+mini_l6-dj_adpt+gte_base-dj_adpt+gtr_t5-dj_adpt+mpnet-dj_adpt+kalm_instruct_v2_5-dj_adpt+qwen3_06b-dj_adpt+qwen3_4b-dj_adpt+kalm_gemma3_12b-dj_adpt+llama_nemotron_8b-dj_adpt+qwen3_8b-dj_adpt,48.0,3.0601580142974854,
cl_default,distilroberta-dj_adpt+mini_l12-dj_adpt+mini_l6-dj_adpt+gte_base-dj_adpt+gtr_t5-dj_adpt+mpnet-dj_adpt+kalm_instruct_v2_5-dj_adpt+qwen3_06b-dj_adpt+qwen3_4b-dj_adpt+kalm_gemma3_12b-dj_adpt+llama_nemotron_8b-dj_adpt+qwen3_8b-dj_adpt,49.0,,3.1618943214416504
cl_default,distilroberta-dj_adpt+mini_l12-dj_adpt+mini_l6-dj_adpt+gte_base-dj_adpt+gtr_t5-dj_adpt+mpnet-dj_adpt+kalm_instruct_v2_5-dj_adpt+qwen3_06b-dj_adpt+qwen3_4b-dj_adpt+kalm_gemma3_12b-dj_adpt+llama_nemotron_8b-dj_adpt+qwen3_8b-dj_adpt,49.0,3.058382749557495,
cl_default,distilroberta-dj_adpt+mini_l12-dj_adpt+mini_l6-dj_adpt+gte_base-dj_adpt+gtr_t5-dj_adpt+mpnet-dj_adpt+kalm_instruct_v2_5-dj_adpt+qwen3_06b-dj_adpt+qwen3_4b-dj_adpt+kalm_gemma3_12b-dj_adpt+llama_nemotron_8b-dj_adpt+qwen3_8b-dj_adpt,50.0,,3.160273551940918
cl_default,distilroberta-dj_adpt+mini_l12-dj_adpt+mini_l6-dj_adpt+gte_base-dj_adpt+gtr_t5-dj_adpt+mpnet-dj_adpt+kalm_instruct_v2_5-dj_adpt+qwen3_06b-dj_adpt+qwen3_4b-dj_adpt+kalm_gemma3_12b-dj_adpt+llama_nemotron_8b-dj_adpt+qwen3_8b-dj_adpt,50.0,3.0566792488098145,
cl_default,distilroberta-dj_adpt+mini_l12-dj_adpt+mini_l6-dj_adpt+gte_base-dj_adpt+gtr_t5-dj_adpt+mpnet-dj_adpt+kalm_instruct_v2_5-dj_adpt+qwen3_06b-dj_adpt+qwen3_4b-dj_adpt+kalm_gemma3_12b-dj_adpt+llama_nemotron_8b-dj_adpt+qwen3_8b-dj_adpt,51.0,,3.158633232116699
cl_default,distilroberta-dj_adpt+mini_l12-dj_adpt+mini_l6-dj_adpt+gte_base-dj_adpt+gtr_t5-dj_adpt+mpnet-dj_adpt+kalm_instruct_v2_5-dj_adpt+qwen3_06b-dj_adpt+qwen3_4b-dj_adpt+kalm_gemma3_12b-dj_adpt+llama_nemotron_8b-dj_adpt+qwen3_8b-dj_adpt,51.0,3.0556750297546387,
cl_default,distilroberta-dj_adpt+mini_l12-dj_adpt+mini_l6-dj_adpt+gte_base-dj_adpt+gtr_t5-dj_adpt+mpnet-dj_adpt+kalm_instruct_v2_5-dj_adpt+qwen3_06b-dj_adpt+qwen3_4b-dj_adpt+kalm_gemma3_12b-dj_adpt+llama_nemotron_8b-dj_adpt+qwen3_8b-dj_adpt,52.0,,3.1587471961975098
cl_default,distilroberta-dj_adpt+mini_l12-dj_adpt+mini_l6-dj_adpt+gte_base-dj_adpt+gtr_t5-dj_adpt+mpnet-dj_adpt+kalm_instruct_v2_5-dj_adpt+qwen3_06b-dj_adpt+qwen3_4b-dj_adpt+kalm_gemma3_12b-dj_adpt+llama_nemotron_8b-dj_adpt+qwen3_8b-dj_adpt,52.0,3.0546090602874756,
cl_default,distilroberta-dj_adpt+mini_l12-dj_adpt+mini_l6-dj_adpt+gte_base-dj_adpt+gtr_t5-dj_adpt+mpnet-dj_adpt+kalm_instruct_v2_5-dj_adpt+qwen3_06b-dj_adpt+qwen3_4b-dj_adpt+kalm_gemma3_12b-dj_adpt+llama_nemotron_8b-dj_adpt+qwen3_8b-dj_adpt,53.0,,3.1578385829925537
cl_default,distilroberta-dj_adpt+mini_l12-dj_adpt+mini_l6-dj_adpt+gte_base-dj_adpt+gtr_t5-dj_adpt+mpnet-dj_adpt+kalm_instruct_v2_5-dj_adpt+qwen3_06b-dj_adpt+qwen3_4b-dj_adpt+kalm_gemma3_12b-dj_adpt+llama_nemotron_8b-dj_adpt+qwen3_8b-dj_adpt,53.0,3.0546340942382812,
cl_default,distilroberta-dj_adpt+mini_l12-dj_adpt+mini_l6-dj_adpt+gte_base-dj_adpt+gtr_t5-dj_adpt+mpnet-dj_adpt+kalm_instruct_v2_5-dj_adpt+qwen3_06b-dj_adpt+qwen3_4b-dj_adpt+kalm_gemma3_12b-dj_adpt+llama_nemotron_8b-dj_adpt+qwen3_8b-dj_adpt,54.0,,3.1570653915405273
cl_default,distilroberta-dj_adpt+mini_l12-dj_adpt+mini_l6-dj_adpt+gte_base-dj_adpt+gtr_t5-dj_adpt+mpnet-dj_adpt+kalm_instruct_v2_5-dj_adpt+qwen3_06b-dj_adpt+qwen3_4b-dj_adpt+kalm_gemma3_12b-dj_adpt+llama_nemotron_8b-dj_adpt+qwen3_8b-dj_adpt,54.0,3.051870822906494,
cl_default,distilroberta-dj_adpt+mini_l12-dj_adpt+mini_l6-dj_adpt+gte_base-dj_adpt+gtr_t5-dj_adpt+mpnet-dj_adpt+kalm_instruct_v2_5-dj_adpt+qwen3_06b-dj_adpt+qwen3_4b-dj_adpt+kalm_gemma3_12b-dj_adpt+llama_nemotron_8b-dj_adpt+qwen3_8b-dj_adpt,55.0,,3.1557743549346924
cl_default,distilroberta-dj_adpt+mini_l12-dj_adpt+mini_l6-dj_adpt+gte_base-dj_adpt+gtr_t5-dj_adpt+mpnet-dj_adpt+kalm_instruct_v2_5-dj_adpt+qwen3_06b-dj_adpt+qwen3_4b-dj_adpt+kalm_gemma3_12b-dj_adpt+llama_nemotron_8b-dj_adpt+qwen3_8b-dj_adpt,55.0,3.050222396850586,
cl_default,distilroberta-dj_adpt+mini_l12-dj_adpt+mini_l6-dj_adpt+gte_base-dj_adpt+gtr_t5-dj_adpt+mpnet-dj_adpt+kalm_instruct_v2_5-dj_adpt+qwen3_06b-dj_adpt+qwen3_4b-dj_adpt+kalm_gemma3_12b-dj_adpt+llama_nemotron_8b-dj_adpt+qwen3_8b-dj_adpt,56.0,,3.155611276626587
cl_default,distilroberta-dj_adpt+mini_l12-dj_adpt+mini_l6-dj_adpt+gte_base-dj_adpt+gtr_t5-dj_adpt+mpnet-dj_adpt+kalm_instruct_v2_5-dj_adpt+qwen3_06b-dj_adpt+qwen3_4b-dj_adpt+kalm_gemma3_12b-dj_adpt+llama_nemotron_8b-dj_adpt+qwen3_8b-dj_adpt,56.0,3.0499091148376465,
cl_default,distilroberta-dj_adpt+mini_l12-dj_adpt+mini_l6-dj_adpt+gte_base-dj_adpt+gtr_t5-dj_adpt+mpnet-dj_adpt+kalm_instruct_v2_5-dj_adpt+qwen3_06b-dj_adpt+qwen3_4b-dj_adpt+kalm_gemma3_12b-dj_adpt+llama_nemotron_8b-dj_adpt+qwen3_8b-dj_adpt,57.0,,3.1538732051849365
cl_default,distilroberta-dj_adpt+mini_l12-dj_adpt+mini_l6-dj_adpt+gte_base-dj_adpt+gtr_t5-dj_adpt+mpnet-dj_adpt+kalm_instruct_v2_5-dj_adpt+qwen3_06b-dj_adpt+qwen3_4b-dj_adpt+kalm_gemma3_12b-dj_adpt+llama_nemotron_8b-dj_adpt+qwen3_8b-dj_adpt,57.0,3.047821521759033,
cl_default,distilroberta-dj_adpt+mini_l12-dj_adpt+mini_l6-dj_adpt+gte_base-dj_adpt+gtr_t5-dj_adpt+mpnet-dj_adpt+kalm_instruct_v2_5-dj_adpt+qwen3_06b-dj_adpt+qwen3_4b-dj_adpt+kalm_gemma3_12b-dj_adpt+llama_nemotron_8b-dj_adpt+qwen3_8b-dj_adpt,58.0,,3.153996706008911
cl_default,distilroberta-dj_adpt+mini_l12-dj_adpt+mini_l6-dj_adpt+gte_base-dj_adpt+gtr_t5-dj_adpt+mpnet-dj_adpt+kalm_instruct_v2_5-dj_adpt+qwen3_06b-dj_adpt+qwen3_4b-dj_adpt+kalm_gemma3_12b-dj_adpt+llama_nemotron_8b-dj_adpt+qwen3_8b-dj_adpt,58.0,3.047280788421631,
cl_default,distilroberta-dj_adpt+mini_l12-dj_adpt+mini_l6-dj_adpt+gte_base-dj_adpt+gtr_t5-dj_adpt+mpnet-dj_adpt+kalm_instruct_v2_5-dj_adpt+qwen3_06b-dj_adpt+qwen3_4b-dj_adpt+kalm_gemma3_12b-dj_adpt+llama_nemotron_8b-dj_adpt+qwen3_8b-dj_adpt,59.0,,3.154893636703491
cl_default,distilroberta-dj_adpt+mini_l12-dj_adpt+mini_l6-dj_adpt+gte_base-dj_adpt+gtr_t5-dj_adpt+mpnet-dj_adpt+kalm_instruct_v2_5-dj_adpt+qwen3_06b-dj_adpt+qwen3_4b-dj_adpt+kalm_gemma3_12b-dj_adpt+llama_nemotron_8b-dj_adpt+qwen3_8b-dj_adpt,59.0,3.0461790561676025,
cl_default,distilroberta-dj_adpt+mini_l12-dj_adpt+mini_l6-dj_adpt+gte_base-dj_adpt+gtr_t5-dj_adpt+mpnet-dj_adpt+kalm_instruct_v2_5-dj_adpt+qwen3_06b-dj_adpt+qwen3_4b-dj_adpt+kalm_gemma3_12b-dj_adpt+llama_nemotron_8b-dj_adpt+qwen3_8b-dj_adpt,60.0,,3.1526904106140137
cl_default,distilroberta-dj_adpt+mini_l12-dj_adpt+mini_l6-dj_adpt+gte_base-dj_adpt+gtr_t5-dj_adpt+mpnet-dj_adpt+kalm_instruct_v2_5-dj_adpt+qwen3_06b-dj_adpt+qwen3_4b-dj_adpt+kalm_gemma3_12b-dj_adpt+llama_nemotron_8b-dj_adpt+qwen3_8b-dj_adpt,60.0,3.0450589656829834,
cl_default,distilroberta-dj_adpt+mini_l12-dj_adpt+mini_l6-dj_adpt+gte_base-dj_adpt+gtr_t5-dj_adpt+mpnet-dj_adpt+kalm_instruct_v2_5-dj_adpt+qwen3_06b-dj_adpt+qwen3_4b-dj_adpt+kalm_gemma3_12b-dj_adpt+llama_nemotron_8b-dj_adpt+qwen3_8b-dj_adpt,61.0,,3.153149366378784
cl_default,distilroberta-dj_adpt+mini_l12-dj_adpt+mini_l6-dj_adpt+gte_base-dj_adpt+gtr_t5-dj_adpt+mpnet-dj_adpt+kalm_instruct_v2_5-dj_adpt+qwen3_06b-dj_adpt+qwen3_4b-dj_adpt+kalm_gemma3_12b-dj_adpt+llama_nemotron_8b-dj_adpt+qwen3_8b-dj_adpt,61.0,3.043626070022583,
cl_default,distilroberta-dj_adpt+mini_l12-dj_adpt+mini_l6-dj_adpt+gte_base-dj_adpt+gtr_t5-dj_adpt+mpnet-dj_adpt+kalm_instruct_v2_5-dj_adpt+qwen3_06b-dj_adpt+qwen3_4b-dj_adpt+kalm_gemma3_12b-dj_adpt+llama_nemotron_8b-dj_adpt+qwen3_8b-dj_adpt,62.0,,3.152172327041626
cl_default,distilroberta-dj_adpt+mini_l12-dj_adpt+mini_l6-dj_adpt+gte_base-dj_adpt+gtr_t5-dj_adpt+mpnet-dj_adpt+kalm_instruct_v2_5-dj_adpt+qwen3_06b-dj_adpt+qwen3_4b-dj_adpt+kalm_gemma3_12b-dj_adpt+llama_nemotron_8b-dj_adpt+qwen3_8b-dj_adpt,62.0,3.0433058738708496,
cl_default,distilroberta-dj_adpt+mini_l12-dj_adpt+mini_l6-dj_adpt+gte_base-dj_adpt+gtr_t5-dj_adpt+mpnet-dj_adpt+kalm_instruct_v2_5-dj_adpt+qwen3_06b-dj_adpt+qwen3_4b-dj_adpt+kalm_gemma3_12b-dj_adpt+llama_nemotron_8b-dj_adpt+qwen3_8b-dj_adpt,63.0,,3.150649309158325
cl_default,distilroberta-dj_adpt+mini_l12-dj_adpt+mini_l6-dj_adpt+gte_base-dj_adpt+gtr_t5-dj_adpt+mpnet-dj_adpt+kalm_instruct_v2_5-dj_adpt+qwen3_06b-dj_adpt+qwen3_4b-dj_adpt+kalm_gemma3_12b-dj_adpt+llama_nemotron_8b-dj_adpt+qwen3_8b-dj_adpt,63.0,3.0415873527526855,
cl_default,distilroberta-dj_adpt+mini_l12-dj_adpt+mini_l6-dj_adpt+gte_base-dj_adpt+gtr_t5-dj_adpt+mpnet-dj_adpt+kalm_instruct_v2_5-dj_adpt+qwen3_06b-dj_adpt+qwen3_4b-dj_adpt+kalm_gemma3_12b-dj_adpt+llama_nemotron_8b-dj_adpt+qwen3_8b-dj_adpt,64.0,,3.1511783599853516
cl_default,distilroberta-dj_adpt+mini_l12-dj_adpt+mini_l6-dj_adpt+gte_base-dj_adpt+gtr_t5-dj_adpt+mpnet-dj_adpt+kalm_instruct_v2_5-dj_adpt+qwen3_06b-dj_adpt+qwen3_4b-dj_adpt+kalm_gemma3_12b-dj_adpt+llama_nemotron_8b-dj_adpt+qwen3_8b-dj_adpt,64.0,3.041259765625,
cl_default,distilroberta-dj_adpt+mini_l12-dj_adpt+mini_l6-dj_adpt+gte_base-dj_adpt+gtr_t5-dj_adpt+mpnet-dj_adpt+kalm_instruct_v2_5-dj_adpt+qwen3_06b-dj_adpt+qwen3_4b-dj_adpt+kalm_gemma3_12b-dj_adpt+llama_nemotron_8b-dj_adpt+qwen3_8b-dj_adpt,65.0,,3.150437831878662
cl_default,distilroberta-dj_adpt+mini_l12-dj_adpt+mini_l6-dj_adpt+gte_base-dj_adpt+gtr_t5-dj_adpt+mpnet-dj_adpt+kalm_instruct_v2_5-dj_adpt+qwen3_06b-dj_adpt+qwen3_4b-dj_adpt+kalm_gemma3_12b-dj_adpt+llama_nemotron_8b-dj_adpt+qwen3_8b-dj_adpt,65.0,3.040269613265991,
cl_default,distilroberta-dj_adpt+mini_l12-dj_adpt+mini_l6-dj_adpt+gte_base-dj_adpt+gtr_t5-dj_adpt+mpnet-dj_adpt+kalm_instruct_v2_5-dj_adpt+qwen3_06b-dj_adpt+qwen3_4b-dj_adpt+kalm_gemma3_12b-dj_adpt+llama_nemotron_8b-dj_adpt+qwen3_8b-dj_adpt,66.0,,3.1483850479125977
cl_default,distilroberta-dj_adpt+mini_l12-dj_adpt+mini_l6-dj_adpt+gte_base-dj_adpt+gtr_t5-dj_adpt+mpnet-dj_adpt+kalm_instruct_v2_5-dj_adpt+qwen3_06b-dj_adpt+qwen3_4b-dj_adpt+kalm_gemma3_12b-dj_adpt+llama_nemotron_8b-dj_adpt+qwen3_8b-dj_adpt,66.0,3.0393149852752686,
cl_default,distilroberta-dj_adpt+mini_l12-dj_adpt+mini_l6-dj_adpt+gte_base-dj_adpt+gtr_t5-dj_adpt+mpnet-dj_adpt+kalm_instruct_v2_5-dj_adpt+qwen3_06b-dj_adpt+qwen3_4b-dj_adpt+kalm_gemma3_12b-dj_adpt+llama_nemotron_8b-dj_adpt+qwen3_8b-dj_adpt,67.0,,3.148742437362671
cl_default,distilroberta-dj_adpt+mini_l12-dj_adpt+mini_l6-dj_adpt+gte_base-dj_adpt+gtr_t5-dj_adpt+mpnet-dj_adpt+kalm_instruct_v2_5-dj_adpt+qwen3_06b-dj_adpt+qwen3_4b-dj_adpt+kalm_gemma3_12b-dj_adpt+llama_nemotron_8b-dj_adpt+qwen3_8b-dj_adpt,67.0,3.039320707321167,
cl_default,distilroberta-dj_adpt+mini_l12-dj_adpt+mini_l6-dj_adpt+gte_base-dj_adpt+gtr_t5-dj_adpt+mpnet-dj_adpt+kalm_instruct_v2_5-dj_adpt+qwen3_06b-dj_adpt+qwen3_4b-dj_adpt+kalm_gemma3_12b-dj_adpt+llama_nemotron_8b-dj_adpt+qwen3_8b-dj_adpt,68.0,,3.1480190753936768
cl_default,distilroberta-dj_adpt+mini_l12-dj_adpt+mini_l6-dj_adpt+gte_base-dj_adpt+gtr_t5-dj_adpt+mpnet-dj_adpt+kalm_instruct_v2_5-dj_adpt+qwen3_06b-dj_adpt+qwen3_4b-dj_adpt+kalm_gemma3_12b-dj_adpt+llama_nemotron_8b-dj_adpt+qwen3_8b-dj_adpt,68.0,3.037343978881836,
cl_default,distilroberta-dj_adpt+mini_l12-dj_adpt+mini_l6-dj_adpt+gte_base-dj_adpt+gtr_t5-dj_adpt+mpnet-dj_adpt+kalm_instruct_v2_5-dj_adpt+qwen3_06b-dj_adpt+qwen3_4b-dj_adpt+kalm_gemma3_12b-dj_adpt+llama_nemotron_8b-dj_adpt+qwen3_8b-dj_adpt,69.0,,3.1479732990264893
cl_default,distilroberta-dj_adpt+mini_l12-dj_adpt+mini_l6-dj_adpt+gte_base-dj_adpt+gtr_t5-dj_adpt+mpnet-dj_adpt+kalm_instruct_v2_5-dj_adpt+qwen3_06b-dj_adpt+qwen3_4b-dj_adpt+kalm_gemma3_12b-dj_adpt+llama_nemotron_8b-dj_adpt+qwen3_8b-dj_adpt,69.0,3.035855770111084,
cl_default,distilroberta-dj_adpt+mini_l12-dj_adpt+mini_l6-dj_adpt+gte_base-dj_adpt+gtr_t5-dj_adpt+mpnet-dj_adpt+kalm_instruct_v2_5-dj_adpt+qwen3_06b-dj_adpt+qwen3_4b-dj_adpt+kalm_gemma3_12b-dj_adpt+llama_nemotron_8b-dj_adpt+qwen3_8b-dj_adpt,70.0,,3.148117780685425
cl_default,distilroberta-dj_adpt+mini_l12-dj_adpt+mini_l6-dj_adpt+gte_base-dj_adpt+gtr_t5-dj_adpt+mpnet-dj_adpt+kalm_instruct_v2_5-dj_adpt+qwen3_06b-dj_adpt+qwen3_4b-dj_adpt+kalm_gemma3_12b-dj_adpt+llama_nemotron_8b-dj_adpt+qwen3_8b-dj_adpt,70.0,3.0356738567352295,
cl_default,distilroberta-dj_adpt+mini_l12-dj_adpt+mini_l6-dj_adpt+gte_base-dj_adpt+gtr_t5-dj_adpt+mpnet-dj_adpt+kalm_instruct_v2_5-dj_adpt+qwen3_06b-dj_adpt+qwen3_4b-dj_adpt+kalm_gemma3_12b-dj_adpt+llama_nemotron_8b-dj_adpt+qwen3_8b-dj_adpt,71.0,,3.147386312484741
cl_default,distilroberta-dj_adpt+mini_l12-dj_adpt+mini_l6-dj_adpt+gte_base-dj_adpt+gtr_t5-dj_adpt+mpnet-dj_adpt+kalm_instruct_v2_5-dj_adpt+qwen3_06b-dj_adpt+qwen3_4b-dj_adpt+kalm_gemma3_12b-dj_adpt+llama_nemotron_8b-dj_adpt+qwen3_8b-dj_adpt,71.0,3.0346791744232178,
cl_default,distilroberta-dj_adpt+mini_l12-dj_adpt+mini_l6-dj_adpt+gte_base-dj_adpt+gtr_t5-dj_adpt+mpnet-dj_adpt+kalm_instruct_v2_5-dj_adpt+qwen3_06b-dj_adpt+qwen3_4b-dj_adpt+kalm_gemma3_12b-dj_adpt+llama_nemotron_8b-dj_adpt+qwen3_8b-dj_adpt,72.0,,3.1461000442504883
cl_default,distilroberta-dj_adpt+mini_l12-dj_adpt+mini_l6-dj_adpt+gte_base-dj_adpt+gtr_t5-dj_adpt+mpnet-dj_adpt+kalm_instruct_v2_5-dj_adpt+qwen3_06b-dj_adpt+qwen3_4b-dj_adpt+kalm_gemma3_12b-dj_adpt+llama_nemotron_8b-dj_adpt+qwen3_8b-dj_adpt,72.0,3.033933162689209,
cl_default,distilroberta-dj_adpt+mini_l12-dj_adpt+mini_l6-dj_adpt+gte_base-dj_adpt+gtr_t5-dj_adpt+mpnet-dj_adpt+kalm_instruct_v2_5-dj_adpt+qwen3_06b-dj_adpt+qwen3_4b-dj_adpt+kalm_gemma3_12b-dj_adpt+llama_nemotron_8b-dj_adpt+qwen3_8b-dj_adpt,73.0,,3.1466972827911377
cl_default,distilroberta-dj_adpt+mini_l12-dj_adpt+mini_l6-dj_adpt+gte_base-dj_adpt+gtr_t5-dj_adpt+mpnet-dj_adpt+kalm_instruct_v2_5-dj_adpt+qwen3_06b-dj_adpt+qwen3_4b-dj_adpt+kalm_gemma3_12b-dj_adpt+llama_nemotron_8b-dj_adpt+qwen3_8b-dj_adpt,73.0,3.0326640605926514,
cl_default,distilroberta-dj_adpt+mini_l12-dj_adpt+mini_l6-dj_adpt+gte_base-dj_adpt+gtr_t5-dj_adpt+mpnet-dj_adpt+kalm_instruct_v2_5-dj_adpt+qwen3_06b-dj_adpt+qwen3_4b-dj_adpt+kalm_gemma3_12b-dj_adpt+llama_nemotron_8b-dj_adpt+qwen3_8b-dj_adpt,74.0,,3.146440029144287
cl_default,distilroberta-dj_adpt+mini_l12-dj_adpt+mini_l6-dj_adpt+gte_base-dj_adpt+gtr_t5-dj_adpt+mpnet-dj_adpt+kalm_instruct_v2_5-dj_adpt+qwen3_06b-dj_adpt+qwen3_4b-dj_adpt+kalm_gemma3_12b-dj_adpt+llama_nemotron_8b-dj_adpt+qwen3_8b-dj_adpt,74.0,3.0321149826049805,
cl_default,distilroberta-dj_adpt+mini_l12-dj_adpt+mini_l6-dj_adpt+gte_base-dj_adpt+gtr_t5-dj_adpt+mpnet-dj_adpt+kalm_instruct_v2_5-dj_adpt+qwen3_06b-dj_adpt+qwen3_4b-dj_adpt+kalm_gemma3_12b-dj_adpt+llama_nemotron_8b-dj_adpt+qwen3_8b-dj_adpt,75.0,,3.1439919471740723
cl_default,distilroberta-dj_adpt+mini_l12-dj_adpt+mini_l6-dj_adpt+gte_base-dj_adpt+gtr_t5-dj_adpt+mpnet-dj_adpt+kalm_instruct_v2_5-dj_adpt+qwen3_06b-dj_adpt+qwen3_4b-dj_adpt+kalm_gemma3_12b-dj_adpt+llama_nemotron_8b-dj_adpt+qwen3_8b-dj_adpt,75.0,3.0318470001220703,
cl_default,distilroberta-dj_adpt+mini_l12-dj_adpt+mini_l6-dj_adpt+gte_base-dj_adpt+gtr_t5-dj_adpt+mpnet-dj_adpt+kalm_instruct_v2_5-dj_adpt+qwen3_06b-dj_adpt+qwen3_4b-dj_adpt+kalm_gemma3_12b-dj_adpt+llama_nemotron_8b-dj_adpt+qwen3_8b-dj_adpt,76.0,,3.1448886394500732
cl_default,distilroberta-dj_adpt+mini_l12-dj_adpt+mini_l6-dj_adpt+gte_base-dj_adpt+gtr_t5-dj_adpt+mpnet-dj_adpt+kalm_instruct_v2_5-dj_adpt+qwen3_06b-dj_adpt+qwen3_4b-dj_adpt+kalm_gemma3_12b-dj_adpt+llama_nemotron_8b-dj_adpt+qwen3_8b-dj_adpt,76.0,3.0298588275909424,
cl_default,distilroberta-dj_adpt+mini_l12-dj_adpt+mini_l6-dj_adpt+gte_base-dj_adpt+gtr_t5-dj_adpt+mpnet-dj_adpt+kalm_instruct_v2_5-dj_adpt+qwen3_06b-dj_adpt+qwen3_4b-dj_adpt+kalm_gemma3_12b-dj_adpt+llama_nemotron_8b-dj_adpt+qwen3_8b-dj_adpt,77.0,,3.145777940750122
cl_default,distilroberta-dj_adpt+mini_l12-dj_adpt+mini_l6-dj_adpt+gte_base-dj_adpt+gtr_t5-dj_adpt+mpnet-dj_adpt+kalm_instruct_v2_5-dj_adpt+qwen3_06b-dj_adpt+qwen3_4b-dj_adpt+kalm_gemma3_12b-dj_adpt+llama_nemotron_8b-dj_adpt+qwen3_8b-dj_adpt,77.0,3.029437780380249,
cl_default,distilroberta-dj_adpt+mini_l12-dj_adpt+mini_l6-dj_adpt+gte_base-dj_adpt+gtr_t5-dj_adpt+mpnet-dj_adpt+kalm_instruct_v2_5-dj_adpt+qwen3_06b-dj_adpt+qwen3_4b-dj_adpt+kalm_gemma3_12b-dj_adpt+llama_nemotron_8b-dj_adpt+qwen3_8b-dj_adpt,78.0,,3.143737554550171
cl_default,distilroberta-dj_adpt+mini_l12-dj_adpt+mini_l6-dj_adpt+gte_base-dj_adpt+gtr_t5-dj_adpt+mpnet-dj_adpt+kalm_instruct_v2_5-dj_adpt+qwen3_06b-dj_adpt+qwen3_4b-dj_adpt+kalm_gemma3_12b-dj_adpt+llama_nemotron_8b-dj_adpt+qwen3_8b-dj_adpt,78.0,3.0291483402252197,
cl_default,distilroberta-dj_adpt+mini_l12-dj_adpt+mini_l6-dj_adpt+gte_base-dj_adpt+gtr_t5-dj_adpt+mpnet-dj_adpt+kalm_instruct_v2_5-dj_adpt+qwen3_06b-dj_adpt+qwen3_4b-dj_adpt+kalm_gemma3_12b-dj_adpt+llama_nemotron_8b-dj_adpt+qwen3_8b-dj_adpt,79.0,,3.1438498497009277
cl_default,distilroberta-dj_adpt+mini_l12-dj_adpt+mini_l6-dj_adpt+gte_base-dj_adpt+gtr_t5-dj_adpt+mpnet-dj_adpt+kalm_instruct_v2_5-dj_adpt+qwen3_06b-dj_adpt+qwen3_4b-dj_adpt+kalm_gemma3_12b-dj_adpt+llama_nemotron_8b-dj_adpt+qwen3_8b-dj_adpt,79.0,3.0282442569732666,
cl_default,distilroberta-dj_adpt+mini_l12-dj_adpt+mini_l6-dj_adpt+gte_base-dj_adpt+gtr_t5-dj_adpt+mpnet-dj_adpt+kalm_instruct_v2_5-dj_adpt+qwen3_06b-dj_adpt+qwen3_4b-dj_adpt+kalm_gemma3_12b-dj_adpt+llama_nemotron_8b-dj_adpt+qwen3_8b-dj_adpt,80.0,,3.141929864883423
cl_default,distilroberta-dj_adpt+mini_l12-dj_adpt+mini_l6-dj_adpt+gte_base-dj_adpt+gtr_t5-dj_adpt+mpnet-dj_adpt+kalm_instruct_v2_5-dj_adpt+qwen3_06b-dj_adpt+qwen3_4b-dj_adpt+kalm_gemma3_12b-dj_adpt+llama_nemotron_8b-dj_adpt+qwen3_8b-dj_adpt,80.0,3.0273962020874023,
cl_default,distilroberta-dj_adpt+mini_l12-dj_adpt+mini_l6-dj_adpt+gte_base-dj_adpt+gtr_t5-dj_adpt+mpnet-dj_adpt+kalm_instruct_v2_5-dj_adpt+qwen3_06b-dj_adpt+qwen3_4b-dj_adpt+kalm_gemma3_12b-dj_adpt+llama_nemotron_8b-dj_adpt+qwen3_8b-dj_adpt,81.0,,3.1423897743225098
cl_default,distilroberta-dj_adpt+mini_l12-dj_adpt+mini_l6-dj_adpt+gte_base-dj_adpt+gtr_t5-dj_adpt+mpnet-dj_adpt+kalm_instruct_v2_5-dj_adpt+qwen3_06b-dj_adpt+qwen3_4b-dj_adpt+kalm_gemma3_12b-dj_adpt+llama_nemotron_8b-dj_adpt+qwen3_8b-dj_adpt,81.0,3.026956796646118,
cl_default,distilroberta-dj_adpt+mini_l12-dj_adpt+mini_l6-dj_adpt+gte_base-dj_adpt+gtr_t5-dj_adpt+mpnet-dj_adpt+kalm_instruct_v2_5-dj_adpt+qwen3_06b-dj_adpt+qwen3_4b-dj_adpt+kalm_gemma3_12b-dj_adpt+llama_nemotron_8b-dj_adpt+qwen3_8b-dj_adpt,82.0,,3.141732931137085
cl_default,distilroberta-dj_adpt+mini_l12-dj_adpt+mini_l6-dj_adpt+gte_base-dj_adpt+gtr_t5-dj_adpt+mpnet-dj_adpt+kalm_instruct_v2_5-dj_adpt+qwen3_06b-dj_adpt+qwen3_4b-dj_adpt+kalm_gemma3_12b-dj_adpt+llama_nemotron_8b-dj_adpt+qwen3_8b-dj_adpt,82.0,3.0257792472839355,
cl_default,distilroberta-dj_adpt+mini_l12-dj_adpt+mini_l6-dj_adpt+gte_base-dj_adpt+gtr_t5-dj_adpt+mpnet-dj_adpt+kalm_instruct_v2_5-dj_adpt+qwen3_06b-dj_adpt+qwen3_4b-dj_adpt+kalm_gemma3_12b-dj_adpt+llama_nemotron_8b-dj_adpt+qwen3_8b-dj_adpt,83.0,,3.141169548034668
cl_default,distilroberta-dj_adpt+mini_l12-dj_adpt+mini_l6-dj_adpt+gte_base-dj_adpt+gtr_t5-dj_adpt+mpnet-dj_adpt+kalm_instruct_v2_5-dj_adpt+qwen3_06b-dj_adpt+qwen3_4b-dj_adpt+kalm_gemma3_12b-dj_adpt+llama_nemotron_8b-dj_adpt+qwen3_8b-dj_adpt,83.0,3.024808645248413,
cl_default,distilroberta-dj_adpt+mini_l12-dj_adpt+mini_l6-dj_adpt+gte_base-dj_adpt+gtr_t5-dj_adpt+mpnet-dj_adpt+kalm_instruct_v2_5-dj_adpt+qwen3_06b-dj_adpt+qwen3_4b-dj_adpt+kalm_gemma3_12b-dj_adpt+llama_nemotron_8b-dj_adpt+qwen3_8b-dj_adpt,84.0,,3.1405231952667236
cl_default,distilroberta-dj_adpt+mini_l12-dj_adpt+mini_l6-dj_adpt+gte_base-dj_adpt+gtr_t5-dj_adpt+mpnet-dj_adpt+kalm_instruct_v2_5-dj_adpt+qwen3_06b-dj_adpt+qwen3_4b-dj_adpt+kalm_gemma3_12b-dj_adpt+llama_nemotron_8b-dj_adpt+qwen3_8b-dj_adpt,84.0,3.0239930152893066,
cl_default,distilroberta-dj_adpt+mini_l12-dj_adpt+mini_l6-dj_adpt+gte_base-dj_adpt+gtr_t5-dj_adpt+mpnet-dj_adpt+kalm_instruct_v2_5-dj_adpt+qwen3_06b-dj_adpt+qwen3_4b-dj_adpt+kalm_gemma3_12b-dj_adpt+llama_nemotron_8b-dj_adpt+qwen3_8b-dj_adpt,85.0,,3.1410436630249023
cl_default,distilroberta-dj_adpt+mini_l12-dj_adpt+mini_l6-dj_adpt+gte_base-dj_adpt+gtr_t5-dj_adpt+mpnet-dj_adpt+kalm_instruct_v2_5-dj_adpt+qwen3_06b-dj_adpt+qwen3_4b-dj_adpt+kalm_gemma3_12b-dj_adpt+llama_nemotron_8b-dj_adpt+qwen3_8b-dj_adpt,85.0,3.023772954940796,
cl_default,distilroberta-dj_adpt+mini_l12-dj_adpt+mini_l6-dj_adpt+gte_base-dj_adpt+gtr_t5-dj_adpt+mpnet-dj_adpt+kalm_instruct_v2_5-dj_adpt+qwen3_06b-dj_adpt+qwen3_4b-dj_adpt+kalm_gemma3_12b-dj_adpt+llama_nemotron_8b-dj_adpt+qwen3_8b-dj_adpt,86.0,,3.1409666538238525
cl_default,distilroberta-dj_adpt+mini_l12-dj_adpt+mini_l6-dj_adpt+gte_base-dj_adpt+gtr_t5-dj_adpt+mpnet-dj_adpt+kalm_instruct_v2_5-dj_adpt+qwen3_06b-dj_adpt+qwen3_4b-dj_adpt+kalm_gemma3_12b-dj_adpt+llama_nemotron_8b-dj_adpt+qwen3_8b-dj_adpt,86.0,3.0221238136291504,
cl_default,distilroberta-dj_adpt+mini_l12-dj_adpt+mini_l6-dj_adpt+gte_base-dj_adpt+gtr_t5-dj_adpt+mpnet-dj_adpt+kalm_instruct_v2_5-dj_adpt+qwen3_06b-dj_adpt+qwen3_4b-dj_adpt+kalm_gemma3_12b-dj_adpt+llama_nemotron_8b-dj_adpt+qwen3_8b-dj_adpt,87.0,,3.142162561416626
cl_default,distilroberta-dj_adpt+mini_l12-dj_adpt+mini_l6-dj_adpt+gte_base-dj_adpt+gtr_t5-dj_adpt+mpnet-dj_adpt+kalm_instruct_v2_5-dj_adpt+qwen3_06b-dj_adpt+qwen3_4b-dj_adpt+kalm_gemma3_12b-dj_adpt+llama_nemotron_8b-dj_adpt+qwen3_8b-dj_adpt,87.0,3.022247314453125,
cl_default,distilroberta-dj_adpt+mini_l12-dj_adpt+mini_l6-dj_adpt+gte_base-dj_adpt+gtr_t5-dj_adpt+mpnet-dj_adpt+kalm_instruct_v2_5-dj_adpt+qwen3_06b-dj_adpt+qwen3_4b-dj_adpt+kalm_gemma3_12b-dj_adpt+llama_nemotron_8b-dj_adpt+qwen3_8b-dj_adpt,88.0,,3.1410553455352783
cl_default,distilroberta-dj_adpt+mini_l12-dj_adpt+mini_l6-dj_adpt+gte_base-dj_adpt+gtr_t5-dj_adpt+mpnet-dj_adpt+kalm_instruct_v2_5-dj_adpt+qwen3_06b-dj_adpt+qwen3_4b-dj_adpt+kalm_gemma3_12b-dj_adpt+llama_nemotron_8b-dj_adpt+qwen3_8b-dj_adpt,88.0,3.0220324993133545,
cl_default,distilroberta-dj_adpt+mini_l12-dj_adpt+mini_l6-dj_adpt+gte_base-dj_adpt+gtr_t5-dj_adpt+mpnet-dj_adpt+kalm_instruct_v2_5-dj_adpt+qwen3_06b-dj_adpt+qwen3_4b-dj_adpt+kalm_gemma3_12b-dj_adpt+llama_nemotron_8b-dj_adpt+qwen3_8b-dj_adpt,89.0,,3.1396806240081787
cl_default,distilroberta-dj_adpt+mini_l12-dj_adpt+mini_l6-dj_adpt+gte_base-dj_adpt+gtr_t5-dj_adpt+mpnet-dj_adpt+kalm_instruct_v2_5-dj_adpt+qwen3_06b-dj_adpt+qwen3_4b-dj_adpt+kalm_gemma3_12b-dj_adpt+llama_nemotron_8b-dj_adpt+qwen3_8b-dj_adpt,89.0,3.0200560092926025,
cl_default,distilroberta-dj_adpt+mini_l12-dj_adpt+mini_l6-dj_adpt+gte_base-dj_adpt+gtr_t5-dj_adpt+mpnet-dj_adpt+kalm_instruct_v2_5-dj_adpt+qwen3_06b-dj_adpt+qwen3_4b-dj_adpt+kalm_gemma3_12b-dj_adpt+llama_nemotron_8b-dj_adpt+qwen3_8b-dj_adpt,90.0,,3.1406309604644775
cl_default,distilroberta-dj_adpt+mini_l12-dj_adpt+mini_l6-dj_adpt+gte_base-dj_adpt+gtr_t5-dj_adpt+mpnet-dj_adpt+kalm_instruct_v2_5-dj_adpt+qwen3_06b-dj_adpt+qwen3_4b-dj_adpt+kalm_gemma3_12b-dj_adpt+llama_nemotron_8b-dj_adpt+qwen3_8b-dj_adpt,90.0,3.0201690196990967,
cl_default,distilroberta-dj_adpt+mini_l12-dj_adpt+mini_l6-dj_adpt+gte_base-dj_adpt+gtr_t5-dj_adpt+mpnet-dj_adpt+kalm_instruct_v2_5-dj_adpt+qwen3_06b-dj_adpt+qwen3_4b-dj_adpt+kalm_gemma3_12b-dj_adpt+llama_nemotron_8b-dj_adpt+qwen3_8b-dj_adpt,91.0,,3.1383707523345947
cl_default,distilroberta-dj_adpt+mini_l12-dj_adpt+mini_l6-dj_adpt+gte_base-dj_adpt+gtr_t5-dj_adpt+mpnet-dj_adpt+kalm_instruct_v2_5-dj_adpt+qwen3_06b-dj_adpt+qwen3_4b-dj_adpt+kalm_gemma3_12b-dj_adpt+llama_nemotron_8b-dj_adpt+qwen3_8b-dj_adpt,91.0,3.019744634628296,
cl_default,distilroberta-dj_adpt+mini_l12-dj_adpt+mini_l6-dj_adpt+gte_base-dj_adpt+gtr_t5-dj_adpt+mpnet-dj_adpt+kalm_instruct_v2_5-dj_adpt+qwen3_06b-dj_adpt+qwen3_4b-dj_adpt+kalm_gemma3_12b-dj_adpt+llama_nemotron_8b-dj_adpt+qwen3_8b-dj_adpt,92.0,,3.139072895050049
cl_default,distilroberta-dj_adpt+mini_l12-dj_adpt+mini_l6-dj_adpt+gte_base-dj_adpt+gtr_t5-dj_adpt+mpnet-dj_adpt+kalm_instruct_v2_5-dj_adpt+qwen3_06b-dj_adpt+qwen3_4b-dj_adpt+kalm_gemma3_12b-dj_adpt+llama_nemotron_8b-dj_adpt+qwen3_8b-dj_adpt,92.0,3.0189049243927,
cl_default,distilroberta-dj_adpt+mini_l12-dj_adpt+mini_l6-dj_adpt+gte_base-dj_adpt+gtr_t5-dj_adpt+mpnet-dj_adpt+kalm_instruct_v2_5-dj_adpt+qwen3_06b-dj_adpt+qwen3_4b-dj_adpt+kalm_gemma3_12b-dj_adpt+llama_nemotron_8b-dj_adpt+qwen3_8b-dj_adpt,93.0,,3.138775587081909
cl_default,distilroberta-dj_adpt+mini_l12-dj_adpt+mini_l6-dj_adpt+gte_base-dj_adpt+gtr_t5-dj_adpt+mpnet-dj_adpt+kalm_instruct_v2_5-dj_adpt+qwen3_06b-dj_adpt+qwen3_4b-dj_adpt+kalm_gemma3_12b-dj_adpt+llama_nemotron_8b-dj_adpt+qwen3_8b-dj_adpt,93.0,3.0179779529571533,
cl_default,distilroberta-dj_adpt+mini_l12-dj_adpt+mini_l6-dj_adpt+gte_base-dj_adpt+gtr_t5-dj_adpt+mpnet-dj_adpt+kalm_instruct_v2_5-dj_adpt+qwen3_06b-dj_adpt+qwen3_4b-dj_adpt+kalm_gemma3_12b-dj_adpt+llama_nemotron_8b-dj_adpt+qwen3_8b-dj_adpt,94.0,,3.138916254043579
cl_default,distilroberta-dj_adpt+mini_l12-dj_adpt+mini_l6-dj_adpt+gte_base-dj_adpt+gtr_t5-dj_adpt+mpnet-dj_adpt+kalm_instruct_v2_5-dj_adpt+qwen3_06b-dj_adpt+qwen3_4b-dj_adpt+kalm_gemma3_12b-dj_adpt+llama_nemotron_8b-dj_adpt+qwen3_8b-dj_adpt,94.0,3.0175321102142334,
cl_default,distilroberta-dj_adpt+mini_l12-dj_adpt+mini_l6-dj_adpt+gte_base-dj_adpt+gtr_t5-dj_adpt+mpnet-dj_adpt+kalm_instruct_v2_5-dj_adpt+qwen3_06b-dj_adpt+qwen3_4b-dj_adpt+kalm_gemma3_12b-dj_adpt+llama_nemotron_8b-dj_adpt+qwen3_8b-dj_adpt,95.0,,3.1370468139648438
cl_default,distilroberta-dj_adpt+mini_l12-dj_adpt+mini_l6-dj_adpt+gte_base-dj_adpt+gtr_t5-dj_adpt+mpnet-dj_adpt+kalm_instruct_v2_5-dj_adpt+qwen3_06b-dj_adpt+qwen3_4b-dj_adpt+kalm_gemma3_12b-dj_adpt+llama_nemotron_8b-dj_adpt+qwen3_8b-dj_adpt,95.0,3.0168018341064453,
cl_default,distilroberta-dj_adpt+mini_l12-dj_adpt+mini_l6-dj_adpt+gte_base-dj_adpt+gtr_t5-dj_adpt+mpnet-dj_adpt+kalm_instruct_v2_5-dj_adpt+qwen3_06b-dj_adpt+qwen3_4b-dj_adpt+kalm_gemma3_12b-dj_adpt+llama_nemotron_8b-dj_adpt+qwen3_8b-dj_adpt,96.0,,3.137017011642456
cl_default,distilroberta-dj_adpt+mini_l12-dj_adpt+mini_l6-dj_adpt+gte_base-dj_adpt+gtr_t5-dj_adpt+mpnet-dj_adpt+kalm_instruct_v2_5-dj_adpt+qwen3_06b-dj_adpt+qwen3_4b-dj_adpt+kalm_gemma3_12b-dj_adpt+llama_nemotron_8b-dj_adpt+qwen3_8b-dj_adpt,96.0,3.0164926052093506,
cl_default,distilroberta-dj_adpt+mini_l12-dj_adpt+mini_l6-dj_adpt+gte_base-dj_adpt+gtr_t5-dj_adpt+mpnet-dj_adpt+kalm_instruct_v2_5-dj_adpt+qwen3_06b-dj_adpt+qwen3_4b-dj_adpt+kalm_gemma3_12b-dj_adpt+llama_nemotron_8b-dj_adpt+qwen3_8b-dj_adpt,97.0,,3.138073205947876
cl_default,distilroberta-dj_adpt+mini_l12-dj_adpt+mini_l6-dj_adpt+gte_base-dj_adpt+gtr_t5-dj_adpt+mpnet-dj_adpt+kalm_instruct_v2_5-dj_adpt+qwen3_06b-dj_adpt+qwen3_4b-dj_adpt+kalm_gemma3_12b-dj_adpt+llama_nemotron_8b-dj_adpt+qwen3_8b-dj_adpt,97.0,3.0153732299804688,
cl_default,distilroberta-dj_adpt+mini_l12-dj_adpt+mini_l6-dj_adpt+gte_base-dj_adpt+gtr_t5-dj_adpt+mpnet-dj_adpt+kalm_instruct_v2_5-dj_adpt+qwen3_06b-dj_adpt+qwen3_4b-dj_adpt+kalm_gemma3_12b-dj_adpt+llama_nemotron_8b-dj_adpt+qwen3_8b-dj_adpt,98.0,,3.1368794441223145
cl_default,distilroberta-dj_adpt+mini_l12-dj_adpt+mini_l6-dj_adpt+gte_base-dj_adpt+gtr_t5-dj_adpt+mpnet-dj_adpt+kalm_instruct_v2_5-dj_adpt+qwen3_06b-dj_adpt+qwen3_4b-dj_adpt+kalm_gemma3_12b-dj_adpt+llama_nemotron_8b-dj_adpt+qwen3_8b-dj_adpt,98.0,3.0150694847106934,
cl_default,distilroberta-dj_adpt+mini_l12-dj_adpt+mini_l6-dj_adpt+gte_base-dj_adpt+gtr_t5-dj_adpt+mpnet-dj_adpt+kalm_instruct_v2_5-dj_adpt+qwen3_06b-dj_adpt+qwen3_4b-dj_adpt+kalm_gemma3_12b-dj_adpt+llama_nemotron_8b-dj_adpt+qwen3_8b-dj_adpt,99.0,,3.137315034866333
cl_default,distilroberta-dj_adpt+mini_l12-dj_adpt+mini_l6-dj_adpt+gte_base-dj_adpt+gtr_t5-dj_adpt+mpnet-dj_adpt+kalm_instruct_v2_5-dj_adpt+qwen3_06b-dj_adpt+qwen3_4b-dj_adpt+kalm_gemma3_12b-dj_adpt+llama_nemotron_8b-dj_adpt+qwen3_8b-dj_adpt,99.0,3.0145680904388428,
cl_default,distilroberta-dj_adpt+mini_l12-dj_adpt+mini_l6-dj_adpt+gte_base-dj_adpt+gtr_t5-dj_adpt+mpnet-dj_adpt+kalm_instruct_v2_5-dj_adpt+qwen3_06b-dj_adpt+qwen3_4b-dj_adpt+kalm_gemma3_12b-dj_adpt+llama_nemotron_8b-dj_adpt+qwen3_8b-dj_adpt,100.0,,3.1366145610809326
cl_default,distilroberta-dj_adpt+mini_l12-dj_adpt+mini_l6-dj_adpt+gte_base-dj_adpt+gtr_t5-dj_adpt+mpnet-dj_adpt+kalm_instruct_v2_5-dj_adpt+qwen3_06b-dj_adpt+qwen3_4b-dj_adpt+kalm_gemma3_12b-dj_adpt+llama_nemotron_8b-dj_adpt+qwen3_8b-dj_adpt,100.0,3.0147037506103516,
cl_default,distilroberta-dj_adpt+mini_l12-dj_adpt+mini_l6-dj_adpt+gte_base-dj_adpt+gtr_t5-dj_adpt+mpnet-dj_adpt+kalm_instruct_v2_5-dj_adpt+qwen3_06b-dj_adpt+qwen3_4b-dj_adpt+kalm_gemma3_12b-dj_adpt+llama_nemotron_8b-dj_adpt+qwen3_8b-dj_adpt,101.0,,3.137421131134033
cl_default,distilroberta-dj_adpt+mini_l12-dj_adpt+mini_l6-dj_adpt+gte_base-dj_adpt+gtr_t5-dj_adpt+mpnet-dj_adpt+kalm_instruct_v2_5-dj_adpt+qwen3_06b-dj_adpt+qwen3_4b-dj_adpt+kalm_gemma3_12b-dj_adpt+llama_nemotron_8b-dj_adpt+qwen3_8b-dj_adpt,101.0,3.0138392448425293,
cl_default,distilroberta-dj_adpt+mini_l12-dj_adpt+mini_l6-dj_adpt+gte_base-dj_adpt+gtr_t5-dj_adpt+mpnet-dj_adpt+kalm_instruct_v2_5-dj_adpt+qwen3_06b-dj_adpt+qwen3_4b-dj_adpt+kalm_gemma3_12b-dj_adpt+llama_nemotron_8b-dj_adpt+qwen3_8b-dj_adpt,102.0,,3.1355559825897217
cl_default,distilroberta-dj_adpt+mini_l12-dj_adpt+mini_l6-dj_adpt+gte_base-dj_adpt+gtr_t5-dj_adpt+mpnet-dj_adpt+kalm_instruct_v2_5-dj_adpt+qwen3_06b-dj_adpt+qwen3_4b-dj_adpt+kalm_gemma3_12b-dj_adpt+llama_nemotron_8b-dj_adpt+qwen3_8b-dj_adpt,102.0,3.012890100479126,
cl_default,distilroberta-dj_adpt+mini_l12-dj_adpt+mini_l6-dj_adpt+gte_base-dj_adpt+gtr_t5-dj_adpt+mpnet-dj_adpt+kalm_instruct_v2_5-dj_adpt+qwen3_06b-dj_adpt+qwen3_4b-dj_adpt+kalm_gemma3_12b-dj_adpt+llama_nemotron_8b-dj_adpt+qwen3_8b-dj_adpt,103.0,,3.1365082263946533
cl_default,distilroberta-dj_adpt+mini_l12-dj_adpt+mini_l6-dj_adpt+gte_base-dj_adpt+gtr_t5-dj_adpt+mpnet-dj_adpt+kalm_instruct_v2_5-dj_adpt+qwen3_06b-dj_adpt+qwen3_4b-dj_adpt+kalm_gemma3_12b-dj_adpt+llama_nemotron_8b-dj_adpt+qwen3_8b-dj_adpt,103.0,3.012040615081787,
cl_default,distilroberta-dj_adpt+mini_l12-dj_adpt+mini_l6-dj_adpt+gte_base-dj_adpt+gtr_t5-dj_adpt+mpnet-dj_adpt+kalm_instruct_v2_5-dj_adpt+qwen3_06b-dj_adpt+qwen3_4b-dj_adpt+kalm_gemma3_12b-dj_adpt+llama_nemotron_8b-dj_adpt+qwen3_8b-dj_adpt,104.0,,3.135470151901245
cl_default,distilroberta-dj_adpt+mini_l12-dj_adpt+mini_l6-dj_adpt+gte_base-dj_adpt+gtr_t5-dj_adpt+mpnet-dj_adpt+kalm_instruct_v2_5-dj_adpt+qwen3_06b-dj_adpt+qwen3_4b-dj_adpt+kalm_gemma3_12b-dj_adpt+llama_nemotron_8b-dj_adpt+qwen3_8b-dj_adpt,104.0,3.0119845867156982,
cl_default,distilroberta-dj_adpt+mini_l12-dj_adpt+mini_l6-dj_adpt+gte_base-dj_adpt+gtr_t5-dj_adpt+mpnet-dj_adpt+kalm_instruct_v2_5-dj_adpt+qwen3_06b-dj_adpt+qwen3_4b-dj_adpt+kalm_gemma3_12b-dj_adpt+llama_nemotron_8b-dj_adpt+qwen3_8b-dj_adpt,105.0,,3.135106086730957
cl_default,distilroberta-dj_adpt+mini_l12-dj_adpt+mini_l6-dj_adpt+gte_base-dj_adpt+gtr_t5-dj_adpt+mpnet-dj_adpt+kalm_instruct_v2_5-dj_adpt+qwen3_06b-dj_adpt+qwen3_4b-dj_adpt+kalm_gemma3_12b-dj_adpt+llama_nemotron_8b-dj_adpt+qwen3_8b-dj_adpt,105.0,3.0115349292755127,
cl_default,distilroberta-dj_adpt+mini_l12-dj_adpt+mini_l6-dj_adpt+gte_base-dj_adpt+gtr_t5-dj_adpt+mpnet-dj_adpt+kalm_instruct_v2_5-dj_adpt+qwen3_06b-dj_adpt+qwen3_4b-dj_adpt+kalm_gemma3_12b-dj_adpt+llama_nemotron_8b-dj_adpt+qwen3_8b-dj_adpt,106.0,,3.1347689628601074
cl_default,distilroberta-dj_adpt+mini_l12-dj_adpt+mini_l6-dj_adpt+gte_base-dj_adpt+gtr_t5-dj_adpt+mpnet-dj_adpt+kalm_instruct_v2_5-dj_adpt+qwen3_06b-dj_adpt+qwen3_4b-dj_adpt+kalm_gemma3_12b-dj_adpt+llama_nemotron_8b-dj_adpt+qwen3_8b-dj_adpt,106.0,3.0108234882354736,
cl_default,distilroberta-dj_adpt+mini_l12-dj_adpt+mini_l6-dj_adpt+gte_base-dj_adpt+gtr_t5-dj_adpt+mpnet-dj_adpt+kalm_instruct_v2_5-dj_adpt+qwen3_06b-dj_adpt+qwen3_4b-dj_adpt+kalm_gemma3_12b-dj_adpt+llama_nemotron_8b-dj_adpt+qwen3_8b-dj_adpt,107.0,,3.1355674266815186
cl_default,distilroberta-dj_adpt+mini_l12-dj_adpt+mini_l6-dj_adpt+gte_base-dj_adpt+gtr_t5-dj_adpt+mpnet-dj_adpt+kalm_instruct_v2_5-dj_adpt+qwen3_06b-dj_adpt+qwen3_4b-dj_adpt+kalm_gemma3_12b-dj_adpt+llama_nemotron_8b-dj_adpt+qwen3_8b-dj_adpt,107.0,3.010066509246826,
cl_default,distilroberta-dj_adpt+mini_l12-dj_adpt+mini_l6-dj_adpt+gte_base-dj_adpt+gtr_t5-dj_adpt+mpnet-dj_adpt+kalm_instruct_v2_5-dj_adpt+qwen3_06b-dj_adpt+qwen3_4b-dj_adpt+kalm_gemma3_12b-dj_adpt+llama_nemotron_8b-dj_adpt+qwen3_8b-dj_adpt,108.0,,3.135258197784424
cl_default,distilroberta-dj_adpt+mini_l12-dj_adpt+mini_l6-dj_adpt+gte_base-dj_adpt+gtr_t5-dj_adpt+mpnet-dj_adpt+kalm_instruct_v2_5-dj_adpt+qwen3_06b-dj_adpt+qwen3_4b-dj_adpt+kalm_gemma3_12b-dj_adpt+llama_nemotron_8b-dj_adpt+qwen3_8b-dj_adpt,108.0,3.0096540451049805,
cl_default,distilroberta-dj_adpt+mini_l12-dj_adpt+mini_l6-dj_adpt+gte_base-dj_adpt+gtr_t5-dj_adpt+mpnet-dj_adpt+kalm_instruct_v2_5-dj_adpt+qwen3_06b-dj_adpt+qwen3_4b-dj_adpt+kalm_gemma3_12b-dj_adpt+llama_nemotron_8b-dj_adpt+qwen3_8b-dj_adpt,109.0,,3.134678840637207
cl_default,distilroberta-dj_adpt+mini_l12-dj_adpt+mini_l6-dj_adpt+gte_base-dj_adpt+gtr_t5-dj_adpt+mpnet-dj_adpt+kalm_instruct_v2_5-dj_adpt+qwen3_06b-dj_adpt+qwen3_4b-dj_adpt+kalm_gemma3_12b-dj_adpt+llama_nemotron_8b-dj_adpt+qwen3_8b-dj_adpt,109.0,3.009571075439453,
cl_default,distilroberta-dj_adpt+mini_l12-dj_adpt+mini_l6-dj_adpt+gte_base-dj_adpt+gtr_t5-dj_adpt+mpnet-dj_adpt+kalm_instruct_v2_5-dj_adpt+qwen3_06b-dj_adpt+qwen3_4b-dj_adpt+kalm_gemma3_12b-dj_adpt+llama_nemotron_8b-dj_adpt+qwen3_8b-dj_adpt,110.0,,3.135165214538574
cl_default,distilroberta-dj_adpt+mini_l12-dj_adpt+mini_l6-dj_adpt+gte_base-dj_adpt+gtr_t5-dj_adpt+mpnet-dj_adpt+kalm_instruct_v2_5-dj_adpt+qwen3_06b-dj_adpt+qwen3_4b-dj_adpt+kalm_gemma3_12b-dj_adpt+llama_nemotron_8b-dj_adpt+qwen3_8b-dj_adpt,110.0,3.0085597038269043,
cl_default,distilroberta-dj_adpt+mini_l12-dj_adpt+mini_l6-dj_adpt+gte_base-dj_adpt+gtr_t5-dj_adpt+mpnet-dj_adpt+kalm_instruct_v2_5-dj_adpt+qwen3_06b-dj_adpt+qwen3_4b-dj_adpt+kalm_gemma3_12b-dj_adpt+llama_nemotron_8b-dj_adpt+qwen3_8b-dj_adpt,111.0,,3.134612798690796
cl_default,distilroberta-dj_adpt+mini_l12-dj_adpt+mini_l6-dj_adpt+gte_base-dj_adpt+gtr_t5-dj_adpt+mpnet-dj_adpt+kalm_instruct_v2_5-dj_adpt+qwen3_06b-dj_adpt+qwen3_4b-dj_adpt+kalm_gemma3_12b-dj_adpt+llama_nemotron_8b-dj_adpt+qwen3_8b-dj_adpt,111.0,3.008113145828247,
cl_default,distilroberta-dj_adpt+mini_l12-dj_adpt+mini_l6-dj_adpt+gte_base-dj_adpt+gtr_t5-dj_adpt+mpnet-dj_adpt+kalm_instruct_v2_5-dj_adpt+qwen3_06b-dj_adpt+qwen3_4b-dj_adpt+kalm_gemma3_12b-dj_adpt+llama_nemotron_8b-dj_adpt+qwen3_8b-dj_adpt,112.0,,3.133538246154785
cl_default,distilroberta-dj_adpt+mini_l12-dj_adpt+mini_l6-dj_adpt+gte_base-dj_adpt+gtr_t5-dj_adpt+mpnet-dj_adpt+kalm_instruct_v2_5-dj_adpt+qwen3_06b-dj_adpt+qwen3_4b-dj_adpt+kalm_gemma3_12b-dj_adpt+llama_nemotron_8b-dj_adpt+qwen3_8b-dj_adpt,112.0,3.0078916549682617,
cl_default,distilroberta-dj_adpt+mini_l12-dj_adpt+mini_l6-dj_adpt+gte_base-dj_adpt+gtr_t5-dj_adpt+mpnet-dj_adpt+kalm_instruct_v2_5-dj_adpt+qwen3_06b-dj_adpt+qwen3_4b-dj_adpt+kalm_gemma3_12b-dj_adpt+llama_nemotron_8b-dj_adpt+qwen3_8b-dj_adpt,113.0,,3.1344621181488037
cl_default,distilroberta-dj_adpt+mini_l12-dj_adpt+mini_l6-dj_adpt+gte_base-dj_adpt+gtr_t5-dj_adpt+mpnet-dj_adpt+kalm_instruct_v2_5-dj_adpt+qwen3_06b-dj_adpt+qwen3_4b-dj_adpt+kalm_gemma3_12b-dj_adpt+llama_nemotron_8b-dj_adpt+qwen3_8b-dj_adpt,113.0,3.007396697998047,
cl_default,distilroberta-dj_adpt+mini_l12-dj_adpt+mini_l6-dj_adpt+gte_base-dj_adpt+gtr_t5-dj_adpt+mpnet-dj_adpt+kalm_instruct_v2_5-dj_adpt+qwen3_06b-dj_adpt+qwen3_4b-dj_adpt+kalm_gemma3_12b-dj_adpt+llama_nemotron_8b-dj_adpt+qwen3_8b-dj_adpt,114.0,,3.133915662765503
cl_default,distilroberta-dj_adpt+mini_l12-dj_adpt+mini_l6-dj_adpt+gte_base-dj_adpt+gtr_t5-dj_adpt+mpnet-dj_adpt+kalm_instruct_v2_5-dj_adpt+qwen3_06b-dj_adpt+qwen3_4b-dj_adpt+kalm_gemma3_12b-dj_adpt+llama_nemotron_8b-dj_adpt+qwen3_8b-dj_adpt,114.0,3.0070457458496094,
cl_default,distilroberta-dj_adpt+mini_l12-dj_adpt+mini_l6-dj_adpt+gte_base-dj_adpt+gtr_t5-dj_adpt+mpnet-dj_adpt+kalm_instruct_v2_5-dj_adpt+qwen3_06b-dj_adpt+qwen3_4b-dj_adpt+kalm_gemma3_12b-dj_adpt+llama_nemotron_8b-dj_adpt+qwen3_8b-dj_adpt,115.0,,3.133701801300049
cl_default,distilroberta-dj_adpt+mini_l12-dj_adpt+mini_l6-dj_adpt+gte_base-dj_adpt+gtr_t5-dj_adpt+mpnet-dj_adpt+kalm_instruct_v2_5-dj_adpt+qwen3_06b-dj_adpt+qwen3_4b-dj_adpt+kalm_gemma3_12b-dj_adpt+llama_nemotron_8b-dj_adpt+qwen3_8b-dj_adpt,115.0,3.0066041946411133,
cl_default,distilroberta-dj_adpt+mini_l12-dj_adpt+mini_l6-dj_adpt+gte_base-dj_adpt+gtr_t5-dj_adpt+mpnet-dj_adpt+kalm_instruct_v2_5-dj_adpt+qwen3_06b-dj_adpt+qwen3_4b-dj_adpt+kalm_gemma3_12b-dj_adpt+llama_nemotron_8b-dj_adpt+qwen3_8b-dj_adpt,116.0,,3.133730888366699
cl_default,distilroberta-dj_adpt+mini_l12-dj_adpt+mini_l6-dj_adpt+gte_base-dj_adpt+gtr_t5-dj_adpt+mpnet-dj_adpt+kalm_instruct_v2_5-dj_adpt+qwen3_06b-dj_adpt+qwen3_4b-dj_adpt+kalm_gemma3_12b-dj_adpt+llama_nemotron_8b-dj_adpt+qwen3_8b-dj_adpt,116.0,3.005345106124878,
cl_default,distilroberta-dj_adpt+mini_l12-dj_adpt+mini_l6-dj_adpt+gte_base-dj_adpt+gtr_t5-dj_adpt+mpnet-dj_adpt+kalm_instruct_v2_5-dj_adpt+qwen3_06b-dj_adpt+qwen3_4b-dj_adpt+kalm_gemma3_12b-dj_adpt+llama_nemotron_8b-dj_adpt+qwen3_8b-dj_adpt,117.0,,3.134051561355591
cl_default,distilroberta-dj_adpt+mini_l12-dj_adpt+mini_l6-dj_adpt+gte_base-dj_adpt+gtr_t5-dj_adpt+mpnet-dj_adpt+kalm_instruct_v2_5-dj_adpt+qwen3_06b-dj_adpt+qwen3_4b-dj_adpt+kalm_gemma3_12b-dj_adpt+llama_nemotron_8b-dj_adpt+qwen3_8b-dj_adpt,117.0,3.005415439605713,
cl_default,distilroberta-dj_adpt+mini_l12-dj_adpt+mini_l6-dj_adpt+gte_base-dj_adpt+gtr_t5-dj_adpt+mpnet-dj_adpt+kalm_instruct_v2_5-dj_adpt+qwen3_06b-dj_adpt+qwen3_4b-dj_adpt+kalm_gemma3_12b-dj_adpt+llama_nemotron_8b-dj_adpt+qwen3_8b-dj_adpt,118.0,,3.1336491107940674
cl_default,distilroberta-dj_adpt+mini_l12-dj_adpt+mini_l6-dj_adpt+gte_base-dj_adpt+gtr_t5-dj_adpt+mpnet-dj_adpt+kalm_instruct_v2_5-dj_adpt+qwen3_06b-dj_adpt+qwen3_4b-dj_adpt+kalm_gemma3_12b-dj_adpt+llama_nemotron_8b-dj_adpt+qwen3_8b-dj_adpt,118.0,3.0056254863739014,
cl_default,distilroberta-dj_adpt+mini_l12-dj_adpt+mini_l6-dj_adpt+gte_base-dj_adpt+gtr_t5-dj_adpt+mpnet-dj_adpt+kalm_instruct_v2_5-dj_adpt+qwen3_06b-dj_adpt+qwen3_4b-dj_adpt+kalm_gemma3_12b-dj_adpt+llama_nemotron_8b-dj_adpt+qwen3_8b-dj_adpt,119.0,,3.133821487426758
cl_default,distilroberta-dj_adpt+mini_l12-dj_adpt+mini_l6-dj_adpt+gte_base-dj_adpt+gtr_t5-dj_adpt+mpnet-dj_adpt+kalm_instruct_v2_5-dj_adpt+qwen3_06b-dj_adpt+qwen3_4b-dj_adpt+kalm_gemma3_12b-dj_adpt+llama_nemotron_8b-dj_adpt+qwen3_8b-dj_adpt,119.0,3.004962682723999,
cl_default,distilroberta-dj_adpt+mini_l12-dj_adpt+mini_l6-dj_adpt+gte_base-dj_adpt+gtr_t5-dj_adpt+mpnet-dj_adpt+kalm_instruct_v2_5-dj_adpt+qwen3_06b-dj_adpt+qwen3_4b-dj_adpt+kalm_gemma3_12b-dj_adpt+llama_nemotron_8b-dj_adpt+qwen3_8b-dj_adpt,120.0,,3.132812976837158
cl_default,distilroberta-dj_adpt+mini_l12-dj_adpt+mini_l6-dj_adpt+gte_base-dj_adpt+gtr_t5-dj_adpt+mpnet-dj_adpt+kalm_instruct_v2_5-dj_adpt+qwen3_06b-dj_adpt+qwen3_4b-dj_adpt+kalm_gemma3_12b-dj_adpt+llama_nemotron_8b-dj_adpt+qwen3_8b-dj_adpt,120.0,3.004689931869507,
cl_default,distilroberta-dj_adpt+mini_l12-dj_adpt+mini_l6-dj_adpt+gte_base-dj_adpt+gtr_t5-dj_adpt+mpnet-dj_adpt+kalm_instruct_v2_5-dj_adpt+qwen3_06b-dj_adpt+qwen3_4b-dj_adpt+kalm_gemma3_12b-dj_adpt+llama_nemotron_8b-dj_adpt+qwen3_8b-dj_adpt,121.0,,3.132678508758545
cl_default,distilroberta-dj_adpt+mini_l12-dj_adpt+mini_l6-dj_adpt+gte_base-dj_adpt+gtr_t5-dj_adpt+mpnet-dj_adpt+kalm_instruct_v2_5-dj_adpt+qwen3_06b-dj_adpt+qwen3_4b-dj_adpt+kalm_gemma3_12b-dj_adpt+llama_nemotron_8b-dj_adpt+qwen3_8b-dj_adpt,121.0,3.0035932064056396,
cl_default,distilroberta-dj_adpt+mini_l12-dj_adpt+mini_l6-dj_adpt+gte_base-dj_adpt+gtr_t5-dj_adpt+mpnet-dj_adpt+kalm_instruct_v2_5-dj_adpt+qwen3_06b-dj_adpt+qwen3_4b-dj_adpt+kalm_gemma3_12b-dj_adpt+llama_nemotron_8b-dj_adpt+qwen3_8b-dj_adpt,122.0,,3.13297700881958
cl_default,distilroberta-dj_adpt+mini_l12-dj_adpt+mini_l6-dj_adpt+gte_base-dj_adpt+gtr_t5-dj_adpt+mpnet-dj_adpt+kalm_instruct_v2_5-dj_adpt+qwen3_06b-dj_adpt+qwen3_4b-dj_adpt+kalm_gemma3_12b-dj_adpt+llama_nemotron_8b-dj_adpt+qwen3_8b-dj_adpt,122.0,3.0031650066375732,
cl_default,distilroberta-dj_adpt+mini_l12-dj_adpt+mini_l6-dj_adpt+gte_base-dj_adpt+gtr_t5-dj_adpt+mpnet-dj_adpt+kalm_instruct_v2_5-dj_adpt+qwen3_06b-dj_adpt+qwen3_4b-dj_adpt+kalm_gemma3_12b-dj_adpt+llama_nemotron_8b-dj_adpt+qwen3_8b-dj_adpt,123.0,,3.1321842670440674
cl_default,distilroberta-dj_adpt+mini_l12-dj_adpt+mini_l6-dj_adpt+gte_base-dj_adpt+gtr_t5-dj_adpt+mpnet-dj_adpt+kalm_instruct_v2_5-dj_adpt+qwen3_06b-dj_adpt+qwen3_4b-dj_adpt+kalm_gemma3_12b-dj_adpt+llama_nemotron_8b-dj_adpt+qwen3_8b-dj_adpt,123.0,3.00302791595459,
cl_default,distilroberta-dj_adpt+mini_l12-dj_adpt+mini_l6-dj_adpt+gte_base-dj_adpt+gtr_t5-dj_adpt+mpnet-dj_adpt+kalm_instruct_v2_5-dj_adpt+qwen3_06b-dj_adpt+qwen3_4b-dj_adpt+kalm_gemma3_12b-dj_adpt+llama_nemotron_8b-dj_adpt+qwen3_8b-dj_adpt,124.0,,3.132671356201172
cl_default,distilroberta-dj_adpt+mini_l12-dj_adpt+mini_l6-dj_adpt+gte_base-dj_adpt+gtr_t5-dj_adpt+mpnet-dj_adpt+kalm_instruct_v2_5-dj_adpt+qwen3_06b-dj_adpt+qwen3_4b-dj_adpt+kalm_gemma3_12b-dj_adpt+llama_nemotron_8b-dj_adpt+qwen3_8b-dj_adpt,124.0,3.003127098083496,
cl_default,distilroberta-dj_adpt+mini_l12-dj_adpt+mini_l6-dj_adpt+gte_base-dj_adpt+gtr_t5-dj_adpt+mpnet-dj_adpt+kalm_instruct_v2_5-dj_adpt+qwen3_06b-dj_adpt+qwen3_4b-dj_adpt+kalm_gemma3_12b-dj_adpt+llama_nemotron_8b-dj_adpt+qwen3_8b-dj_adpt,125.0,,3.1330056190490723
cl_default,distilroberta-dj_adpt+mini_l12-dj_adpt+mini_l6-dj_adpt+gte_base-dj_adpt+gtr_t5-dj_adpt+mpnet-dj_adpt+kalm_instruct_v2_5-dj_adpt+qwen3_06b-dj_adpt+qwen3_4b-dj_adpt+kalm_gemma3_12b-dj_adpt+llama_nemotron_8b-dj_adpt+qwen3_8b-dj_adpt,125.0,3.002241611480713,
cl_default,distilroberta-dj_adpt+mini_l12-dj_adpt+mini_l6-dj_adpt+gte_base-dj_adpt+gtr_t5-dj_adpt+mpnet-dj_adpt+kalm_instruct_v2_5-dj_adpt+qwen3_06b-dj_adpt+qwen3_4b-dj_adpt+kalm_gemma3_12b-dj_adpt+llama_nemotron_8b-dj_adpt+qwen3_8b-dj_adpt,126.0,,3.132309913635254
cl_default,distilroberta-dj_adpt+mini_l12-dj_adpt+mini_l6-dj_adpt+gte_base-dj_adpt+gtr_t5-dj_adpt+mpnet-dj_adpt+kalm_instruct_v2_5-dj_adpt+qwen3_06b-dj_adpt+qwen3_4b-dj_adpt+kalm_gemma3_12b-dj_adpt+llama_nemotron_8b-dj_adpt+qwen3_8b-dj_adpt,126.0,3.0015461444854736,
cl_default,distilroberta-dj_adpt+mini_l12-dj_adpt+mini_l6-dj_adpt+gte_base-dj_adpt+gtr_t5-dj_adpt+mpnet-dj_adpt+kalm_instruct_v2_5-dj_adpt+qwen3_06b-dj_adpt+qwen3_4b-dj_adpt+kalm_gemma3_12b-dj_adpt+llama_nemotron_8b-dj_adpt+qwen3_8b-dj_adpt,127.0,,3.1323678493499756
cl_default,distilroberta-dj_adpt+mini_l12-dj_adpt+mini_l6-dj_adpt+gte_base-dj_adpt+gtr_t5-dj_adpt+mpnet-dj_adpt+kalm_instruct_v2_5-dj_adpt+qwen3_06b-dj_adpt+qwen3_4b-dj_adpt+kalm_gemma3_12b-dj_adpt+llama_nemotron_8b-dj_adpt+qwen3_8b-dj_adpt,127.0,3.00146746635437,
cl_default,distilroberta-dj_adpt+mini_l12-dj_adpt+mini_l6-dj_adpt+gte_base-dj_adpt+gtr_t5-dj_adpt+mpnet-dj_adpt+kalm_instruct_v2_5-dj_adpt+qwen3_06b-dj_adpt+qwen3_4b-dj_adpt+kalm_gemma3_12b-dj_adpt+llama_nemotron_8b-dj_adpt+qwen3_8b-dj_adpt,128.0,,3.131544828414917
cl_default,distilroberta-dj_adpt+mini_l12-dj_adpt+mini_l6-dj_adpt+gte_base-dj_adpt+gtr_t5-dj_adpt+mpnet-dj_adpt+kalm_instruct_v2_5-dj_adpt+qwen3_06b-dj_adpt+qwen3_4b-dj_adpt+kalm_gemma3_12b-dj_adpt+llama_nemotron_8b-dj_adpt+qwen3_8b-dj_adpt,128.0,3.0013272762298584,
cl_default,distilroberta-dj_adpt+mini_l12-dj_adpt+mini_l6-dj_adpt+gte_base-dj_adpt+gtr_t5-dj_adpt+mpnet-dj_adpt+kalm_instruct_v2_5-dj_adpt+qwen3_06b-dj_adpt+qwen3_4b-dj_adpt+kalm_gemma3_12b-dj_adpt+llama_nemotron_8b-dj_adpt+qwen3_8b-dj_adpt,129.0,,3.131263017654419
cl_default,distilroberta-dj_adpt+mini_l12-dj_adpt+mini_l6-dj_adpt+gte_base-dj_adpt+gtr_t5-dj_adpt+mpnet-dj_adpt+kalm_instruct_v2_5-dj_adpt+qwen3_06b-dj_adpt+qwen3_4b-dj_adpt+kalm_gemma3_12b-dj_adpt+llama_nemotron_8b-dj_adpt+qwen3_8b-dj_adpt,129.0,3.0003879070281982,
cl_default,distilroberta-dj_adpt+mini_l12-dj_adpt+mini_l6-dj_adpt+gte_base-dj_adpt+gtr_t5-dj_adpt+mpnet-dj_adpt+kalm_instruct_v2_5-dj_adpt+qwen3_06b-dj_adpt+qwen3_4b-dj_adpt+kalm_gemma3_12b-dj_adpt+llama_nemotron_8b-dj_adpt+qwen3_8b-dj_adpt,130.0,,3.1324715614318848
cl_default,distilroberta-dj_adpt+mini_l12-dj_adpt+mini_l6-dj_adpt+gte_base-dj_adpt+gtr_t5-dj_adpt+mpnet-dj_adpt+kalm_instruct_v2_5-dj_adpt+qwen3_06b-dj_adpt+qwen3_4b-dj_adpt+kalm_gemma3_12b-dj_adpt+llama_nemotron_8b-dj_adpt+qwen3_8b-dj_adpt,130.0,3.0000193119049072,
cl_default,distilroberta-dj_adpt+mini_l12-dj_adpt+mini_l6-dj_adpt+gte_base-dj_adpt+gtr_t5-dj_adpt+mpnet-dj_adpt+kalm_instruct_v2_5-dj_adpt+qwen3_06b-dj_adpt+qwen3_4b-dj_adpt+kalm_gemma3_12b-dj_adpt+llama_nemotron_8b-dj_adpt+qwen3_8b-dj_adpt,131.0,,3.131683111190796
cl_default,distilroberta-dj_adpt+mini_l12-dj_adpt+mini_l6-dj_adpt+gte_base-dj_adpt+gtr_t5-dj_adpt+mpnet-dj_adpt+kalm_instruct_v2_5-dj_adpt+qwen3_06b-dj_adpt+qwen3_4b-dj_adpt+kalm_gemma3_12b-dj_adpt+llama_nemotron_8b-dj_adpt+qwen3_8b-dj_adpt,131.0,3.0000593662261963,
cl_default,distilroberta-dj_adpt+mini_l12-dj_adpt+mini_l6-dj_adpt+gte_base-dj_adpt+gtr_t5-dj_adpt+mpnet-dj_adpt+kalm_instruct_v2_5-dj_adpt+qwen3_06b-dj_adpt+qwen3_4b-dj_adpt+kalm_gemma3_12b-dj_adpt+llama_nemotron_8b-dj_adpt+qwen3_8b-dj_adpt,132.0,,3.1316981315612793
cl_default,distilroberta-dj_adpt+mini_l12-dj_adpt+mini_l6-dj_adpt+gte_base-dj_adpt+gtr_t5-dj_adpt+mpnet-dj_adpt+kalm_instruct_v2_5-dj_adpt+qwen3_06b-dj_adpt+qwen3_4b-dj_adpt+kalm_gemma3_12b-dj_adpt+llama_nemotron_8b-dj_adpt+qwen3_8b-dj_adpt,132.0,2.9997804164886475,
cl_default,distilroberta-dj_adpt+mini_l12-dj_adpt+mini_l6-dj_adpt+gte_base-dj_adpt+gtr_t5-dj_adpt+mpnet-dj_adpt+kalm_instruct_v2_5-dj_adpt+qwen3_06b-dj_adpt+qwen3_4b-dj_adpt+kalm_gemma3_12b-dj_adpt+llama_nemotron_8b-dj_adpt+qwen3_8b-dj_adpt,133.0,,3.13094425201416
cl_default,distilroberta-dj_adpt+mini_l12-dj_adpt+mini_l6-dj_adpt+gte_base-dj_adpt+gtr_t5-dj_adpt+mpnet-dj_adpt+kalm_instruct_v2_5-dj_adpt+qwen3_06b-dj_adpt+qwen3_4b-dj_adpt+kalm_gemma3_12b-dj_adpt+llama_nemotron_8b-dj_adpt+qwen3_8b-dj_adpt,133.0,2.999635934829712,
cl_default,distilroberta-dj_adpt+mini_l12-dj_adpt+mini_l6-dj_adpt+gte_base-dj_adpt+gtr_t5-dj_adpt+mpnet-dj_adpt+kalm_instruct_v2_5-dj_adpt+qwen3_06b-dj_adpt+qwen3_4b-dj_adpt+kalm_gemma3_12b-dj_adpt+llama_nemotron_8b-dj_adpt+qwen3_8b-dj_adpt,134.0,,3.130697250366211
cl_default,distilroberta-dj_adpt+mini_l12-dj_adpt+mini_l6-dj_adpt+gte_base-dj_adpt+gtr_t5-dj_adpt+mpnet-dj_adpt+kalm_instruct_v2_5-dj_adpt+qwen3_06b-dj_adpt+qwen3_4b-dj_adpt+kalm_gemma3_12b-dj_adpt+llama_nemotron_8b-dj_adpt+qwen3_8b-dj_adpt,134.0,2.9989733695983887,
cl_default,distilroberta-dj_adpt+mini_l12-dj_adpt+mini_l6-dj_adpt+gte_base-dj_adpt+gtr_t5-dj_adpt+mpnet-dj_adpt+kalm_instruct_v2_5-dj_adpt+qwen3_06b-dj_adpt+qwen3_4b-dj_adpt+kalm_gemma3_12b-dj_adpt+llama_nemotron_8b-dj_adpt+qwen3_8b-dj_adpt,135.0,,3.1310930252075195
cl_default,distilroberta-dj_adpt+mini_l12-dj_adpt+mini_l6-dj_adpt+gte_base-dj_adpt+gtr_t5-dj_adpt+mpnet-dj_adpt+kalm_instruct_v2_5-dj_adpt+qwen3_06b-dj_adpt+qwen3_4b-dj_adpt+kalm_gemma3_12b-dj_adpt+llama_nemotron_8b-dj_adpt+qwen3_8b-dj_adpt,135.0,2.9983255863189697,
cl_default,distilroberta-dj_adpt+mini_l12-dj_adpt+mini_l6-dj_adpt+gte_base-dj_adpt+gtr_t5-dj_adpt+mpnet-dj_adpt+kalm_instruct_v2_5-dj_adpt+qwen3_06b-dj_adpt+qwen3_4b-dj_adpt+kalm_gemma3_12b-dj_adpt+llama_nemotron_8b-dj_adpt+qwen3_8b-dj_adpt,136.0,,3.1305577754974365
cl_default,distilroberta-dj_adpt+mini_l12-dj_adpt+mini_l6-dj_adpt+gte_base-dj_adpt+gtr_t5-dj_adpt+mpnet-dj_adpt+kalm_instruct_v2_5-dj_adpt+qwen3_06b-dj_adpt+qwen3_4b-dj_adpt+kalm_gemma3_12b-dj_adpt+llama_nemotron_8b-dj_adpt+qwen3_8b-dj_adpt,136.0,2.998558759689331,
cl_default,distilroberta-dj_adpt+mini_l12-dj_adpt+mini_l6-dj_adpt+gte_base-dj_adpt+gtr_t5-dj_adpt+mpnet-dj_adpt+kalm_instruct_v2_5-dj_adpt+qwen3_06b-dj_adpt+qwen3_4b-dj_adpt+kalm_gemma3_12b-dj_adpt+llama_nemotron_8b-dj_adpt+qwen3_8b-dj_adpt,137.0,,3.1310951709747314
cl_default,distilroberta-dj_adpt+mini_l12-dj_adpt+mini_l6-dj_adpt+gte_base-dj_adpt+gtr_t5-dj_adpt+mpnet-dj_adpt+kalm_instruct_v2_5-dj_adpt+qwen3_06b-dj_adpt+qwen3_4b-dj_adpt+kalm_gemma3_12b-dj_adpt+llama_nemotron_8b-dj_adpt+qwen3_8b-dj_adpt,137.0,2.9978158473968506,
cl_default,distilroberta-dj_adpt+mini_l12-dj_adpt+mini_l6-dj_adpt+gte_base-dj_adpt+gtr_t5-dj_adpt+mpnet-dj_adpt+kalm_instruct_v2_5-dj_adpt+qwen3_06b-dj_adpt+qwen3_4b-dj_adpt+kalm_gemma3_12b-dj_adpt+llama_nemotron_8b-dj_adpt+qwen3_8b-dj_adpt,138.0,,3.131314992904663
cl_default,distilroberta-dj_adpt+mini_l12-dj_adpt+mini_l6-dj_adpt+gte_base-dj_adpt+gtr_t5-dj_adpt+mpnet-dj_adpt+kalm_instruct_v2_5-dj_adpt+qwen3_06b-dj_adpt+qwen3_4b-dj_adpt+kalm_gemma3_12b-dj_adpt+llama_nemotron_8b-dj_adpt+qwen3_8b-dj_adpt,138.0,2.9978442192077637,
cl_default,distilroberta-dj_adpt+mini_l12-dj_adpt+mini_l6-dj_adpt+gte_base-dj_adpt+gtr_t5-dj_adpt+mpnet-dj_adpt+kalm_instruct_v2_5-dj_adpt+qwen3_06b-dj_adpt+qwen3_4b-dj_adpt+kalm_gemma3_12b-dj_adpt+llama_nemotron_8b-dj_adpt+qwen3_8b-dj_adpt,139.0,,3.1308653354644775
cl_default,distilroberta-dj_adpt+mini_l12-dj_adpt+mini_l6-dj_adpt+gte_base-dj_adpt+gtr_t5-dj_adpt+mpnet-dj_adpt+kalm_instruct_v2_5-dj_adpt+qwen3_06b-dj_adpt+qwen3_4b-dj_adpt+kalm_gemma3_12b-dj_adpt+llama_nemotron_8b-dj_adpt+qwen3_8b-dj_adpt,139.0,2.9971747398376465,
cl_default,distilroberta-dj_adpt+mini_l12-dj_adpt+mini_l6-dj_adpt+gte_base-dj_adpt+gtr_t5-dj_adpt+mpnet-dj_adpt+kalm_instruct_v2_5-dj_adpt+qwen3_06b-dj_adpt+qwen3_4b-dj_adpt+kalm_gemma3_12b-dj_adpt+llama_nemotron_8b-dj_adpt+qwen3_8b-dj_adpt,140.0,,3.1305954456329346
cl_default,distilroberta-dj_adpt+mini_l12-dj_adpt+mini_l6-dj_adpt+gte_base-dj_adpt+gtr_t5-dj_adpt+mpnet-dj_adpt+kalm_instruct_v2_5-dj_adpt+qwen3_06b-dj_adpt+qwen3_4b-dj_adpt+kalm_gemma3_12b-dj_adpt+llama_nemotron_8b-dj_adpt+qwen3_8b-dj_adpt,140.0,2.9969160556793213,
cl_default,distilroberta-dj_adpt+mini_l12-dj_adpt+mini_l6-dj_adpt+gte_base-dj_adpt+gtr_t5-dj_adpt+mpnet-dj_adpt+kalm_instruct_v2_5-dj_adpt+qwen3_06b-dj_adpt+qwen3_4b-dj_adpt+kalm_gemma3_12b-dj_adpt+llama_nemotron_8b-dj_adpt+qwen3_8b-dj_adpt,141.0,,3.130730628967285
cl_default,distilroberta-dj_adpt+mini_l12-dj_adpt+mini_l6-dj_adpt+gte_base-dj_adpt+gtr_t5-dj_adpt+mpnet-dj_adpt+kalm_instruct_v2_5-dj_adpt+qwen3_06b-dj_adpt+qwen3_4b-dj_adpt+kalm_gemma3_12b-dj_adpt+llama_nemotron_8b-dj_adpt+qwen3_8b-dj_adpt,141.0,2.9964561462402344,
cl_default,distilroberta-dj_adpt+mini_l12-dj_adpt+mini_l6-dj_adpt+gte_base-dj_adpt+gtr_t5-dj_adpt+mpnet-dj_adpt+kalm_instruct_v2_5-dj_adpt+qwen3_06b-dj_adpt+qwen3_4b-dj_adpt+kalm_gemma3_12b-dj_adpt+llama_nemotron_8b-dj_adpt+qwen3_8b-dj_adpt,142.0,,3.130342721939087
cl_default,distilroberta-dj_adpt+mini_l12-dj_adpt+mini_l6-dj_adpt+gte_base-dj_adpt+gtr_t5-dj_adpt+mpnet-dj_adpt+kalm_instruct_v2_5-dj_adpt+qwen3_06b-dj_adpt+qwen3_4b-dj_adpt+kalm_gemma3_12b-dj_adpt+llama_nemotron_8b-dj_adpt+qwen3_8b-dj_adpt,142.0,2.996507406234741,
cl_default,distilroberta-dj_adpt+mini_l12-dj_adpt+mini_l6-dj_adpt+gte_base-dj_adpt+gtr_t5-dj_adpt+mpnet-dj_adpt+kalm_instruct_v2_5-dj_adpt+qwen3_06b-dj_adpt+qwen3_4b-dj_adpt+kalm_gemma3_12b-dj_adpt+llama_nemotron_8b-dj_adpt+qwen3_8b-dj_adpt,143.0,,3.1313860416412354
cl_default,distilroberta-dj_adpt+mini_l12-dj_adpt+mini_l6-dj_adpt+gte_base-dj_adpt+gtr_t5-dj_adpt+mpnet-dj_adpt+kalm_instruct_v2_5-dj_adpt+qwen3_06b-dj_adpt+qwen3_4b-dj_adpt+kalm_gemma3_12b-dj_adpt+llama_nemotron_8b-dj_adpt+qwen3_8b-dj_adpt,143.0,2.996399164199829,
cl_default,distilroberta-dj_adpt+mini_l12-dj_adpt+mini_l6-dj_adpt+gte_base-dj_adpt+gtr_t5-dj_adpt+mpnet-dj_adpt+kalm_instruct_v2_5-dj_adpt+qwen3_06b-dj_adpt+qwen3_4b-dj_adpt+kalm_gemma3_12b-dj_adpt+llama_nemotron_8b-dj_adpt+qwen3_8b-dj_adpt,144.0,,3.1300106048583984
cl_default,distilroberta-dj_adpt+mini_l12-dj_adpt+mini_l6-dj_adpt+gte_base-dj_adpt+gtr_t5-dj_adpt+mpnet-dj_adpt+kalm_instruct_v2_5-dj_adpt+qwen3_06b-dj_adpt+qwen3_4b-dj_adpt+kalm_gemma3_12b-dj_adpt+llama_nemotron_8b-dj_adpt+qwen3_8b-dj_adpt,144.0,2.9958853721618652,
cl_default,distilroberta-dj_adpt+mini_l12-dj_adpt+mini_l6-dj_adpt+gte_base-dj_adpt+gtr_t5-dj_adpt+mpnet-dj_adpt+kalm_instruct_v2_5-dj_adpt+qwen3_06b-dj_adpt+qwen3_4b-dj_adpt+kalm_gemma3_12b-dj_adpt+llama_nemotron_8b-dj_adpt+qwen3_8b-dj_adpt,145.0,,3.129927396774292
cl_default,distilroberta-dj_adpt+mini_l12-dj_adpt+mini_l6-dj_adpt+gte_base-dj_adpt+gtr_t5-dj_adpt+mpnet-dj_adpt+kalm_instruct_v2_5-dj_adpt+qwen3_06b-dj_adpt+qwen3_4b-dj_adpt+kalm_gemma3_12b-dj_adpt+llama_nemotron_8b-dj_adpt+qwen3_8b-dj_adpt,145.0,2.995515823364258,
cl_default,distilroberta-dj_adpt+mini_l12-dj_adpt+mini_l6-dj_adpt+gte_base-dj_adpt+gtr_t5-dj_adpt+mpnet-dj_adpt+kalm_instruct_v2_5-dj_adpt+qwen3_06b-dj_adpt+qwen3_4b-dj_adpt+kalm_gemma3_12b-dj_adpt+llama_nemotron_8b-dj_adpt+qwen3_8b-dj_adpt,146.0,,3.130251884460449
cl_default,distilroberta-dj_adpt+mini_l12-dj_adpt+mini_l6-dj_adpt+gte_base-dj_adpt+gtr_t5-dj_adpt+mpnet-dj_adpt+kalm_instruct_v2_5-dj_adpt+qwen3_06b-dj_adpt+qwen3_4b-dj_adpt+kalm_gemma3_12b-dj_adpt+llama_nemotron_8b-dj_adpt+qwen3_8b-dj_adpt,146.0,2.995678663253784,
cl_default,distilroberta-dj_adpt+mini_l12-dj_adpt+mini_l6-dj_adpt+gte_base-dj_adpt+gtr_t5-dj_adpt+mpnet-dj_adpt+kalm_instruct_v2_5-dj_adpt+qwen3_06b-dj_adpt+qwen3_4b-dj_adpt+kalm_gemma3_12b-dj_adpt+llama_nemotron_8b-dj_adpt+qwen3_8b-dj_adpt,147.0,,3.129660129547119
cl_default,distilroberta-dj_adpt+mini_l12-dj_adpt+mini_l6-dj_adpt+gte_base-dj_adpt+gtr_t5-dj_adpt+mpnet-dj_adpt+kalm_instruct_v2_5-dj_adpt+qwen3_06b-dj_adpt+qwen3_4b-dj_adpt+kalm_gemma3_12b-dj_adpt+llama_nemotron_8b-dj_adpt+qwen3_8b-dj_adpt,147.0,2.9947714805603027,
cl_default,distilroberta-dj_adpt+mini_l12-dj_adpt+mini_l6-dj_adpt+gte_base-dj_adpt+gtr_t5-dj_adpt+mpnet-dj_adpt+kalm_instruct_v2_5-dj_adpt+qwen3_06b-dj_adpt+qwen3_4b-dj_adpt+kalm_gemma3_12b-dj_adpt+llama_nemotron_8b-dj_adpt+qwen3_8b-dj_adpt,148.0,,3.13027286529541
cl_default,distilroberta-dj_adpt+mini_l12-dj_adpt+mini_l6-dj_adpt+gte_base-dj_adpt+gtr_t5-dj_adpt+mpnet-dj_adpt+kalm_instruct_v2_5-dj_adpt+qwen3_06b-dj_adpt+qwen3_4b-dj_adpt+kalm_gemma3_12b-dj_adpt+llama_nemotron_8b-dj_adpt+qwen3_8b-dj_adpt,148.0,2.9949772357940674,
cl_default,distilroberta-dj_adpt+mini_l12-dj_adpt+mini_l6-dj_adpt+gte_base-dj_adpt+gtr_t5-dj_adpt+mpnet-dj_adpt+kalm_instruct_v2_5-dj_adpt+qwen3_06b-dj_adpt+qwen3_4b-dj_adpt+kalm_gemma3_12b-dj_adpt+llama_nemotron_8b-dj_adpt+qwen3_8b-dj_adpt,149.0,,3.130108594894409
cl_default,distilroberta-dj_adpt+mini_l12-dj_adpt+mini_l6-dj_adpt+gte_base-dj_adpt+gtr_t5-dj_adpt+mpnet-dj_adpt+kalm_instruct_v2_5-dj_adpt+qwen3_06b-dj_adpt+qwen3_4b-dj_adpt+kalm_gemma3_12b-dj_adpt+llama_nemotron_8b-dj_adpt+qwen3_8b-dj_adpt,149.0,2.9942121505737305,
cl_default,distilroberta-dj_adpt+mini_l12-dj_adpt+mini_l6-dj_adpt+gte_base-dj_adpt+gtr_t5-dj_adpt+mpnet-dj_adpt+kalm_instruct_v2_5-dj_adpt+qwen3_06b-dj_adpt+qwen3_4b-dj_adpt+kalm_gemma3_12b-dj_adpt+llama_nemotron_8b-dj_adpt+qwen3_8b-dj_adpt,150.0,,3.129500389099121
cl_default,distilroberta-dj_adpt+mini_l12-dj_adpt+mini_l6-dj_adpt+gte_base-dj_adpt+gtr_t5-dj_adpt+mpnet-dj_adpt+kalm_instruct_v2_5-dj_adpt+qwen3_06b-dj_adpt+qwen3_4b-dj_adpt+kalm_gemma3_12b-dj_adpt+llama_nemotron_8b-dj_adpt+qwen3_8b-dj_adpt,150.0,2.994468927383423,
cl_default,distilroberta-dj_adpt+mini_l12-dj_adpt+mini_l6-dj_adpt+gte_base-dj_adpt+gtr_t5-dj_adpt+mpnet-dj_adpt+kalm_instruct_v2_5-dj_adpt+qwen3_06b-dj_adpt+qwen3_4b-dj_adpt+kalm_gemma3_12b-dj_adpt+llama_nemotron_8b-dj_adpt+qwen3_8b-dj_adpt,151.0,,3.12959361076355
cl_default,distilroberta-dj_adpt+mini_l12-dj_adpt+mini_l6-dj_adpt+gte_base-dj_adpt+gtr_t5-dj_adpt+mpnet-dj_adpt+kalm_instruct_v2_5-dj_adpt+qwen3_06b-dj_adpt+qwen3_4b-dj_adpt+kalm_gemma3_12b-dj_adpt+llama_nemotron_8b-dj_adpt+qwen3_8b-dj_adpt,151.0,2.9939985275268555,
cl_default,distilroberta-dj_adpt+mini_l12-dj_adpt+mini_l6-dj_adpt+gte_base-dj_adpt+gtr_t5-dj_adpt+mpnet-dj_adpt+kalm_instruct_v2_5-dj_adpt+qwen3_06b-dj_adpt+qwen3_4b-dj_adpt+kalm_gemma3_12b-dj_adpt+llama_nemotron_8b-dj_adpt+qwen3_8b-dj_adpt,152.0,,3.1297953128814697
cl_default,distilroberta-dj_adpt+mini_l12-dj_adpt+mini_l6-dj_adpt+gte_base-dj_adpt+gtr_t5-dj_adpt+mpnet-dj_adpt+kalm_instruct_v2_5-dj_adpt+qwen3_06b-dj_adpt+qwen3_4b-dj_adpt+kalm_gemma3_12b-dj_adpt+llama_nemotron_8b-dj_adpt+qwen3_8b-dj_adpt,152.0,2.9938933849334717,
cl_default,distilroberta-dj_adpt+mini_l12-dj_adpt+mini_l6-dj_adpt+gte_base-dj_adpt+gtr_t5-dj_adpt+mpnet-dj_adpt+kalm_instruct_v2_5-dj_adpt+qwen3_06b-dj_adpt+qwen3_4b-dj_adpt+kalm_gemma3_12b-dj_adpt+llama_nemotron_8b-dj_adpt+qwen3_8b-dj_adpt,153.0,,3.129625082015991
cl_default,distilroberta-dj_adpt+mini_l12-dj_adpt+mini_l6-dj_adpt+gte_base-dj_adpt+gtr_t5-dj_adpt+mpnet-dj_adpt+kalm_instruct_v2_5-dj_adpt+qwen3_06b-dj_adpt+qwen3_4b-dj_adpt+kalm_gemma3_12b-dj_adpt+llama_nemotron_8b-dj_adpt+qwen3_8b-dj_adpt,153.0,2.993379831314087,
cl_default,distilroberta-dj_adpt+mini_l12-dj_adpt+mini_l6-dj_adpt+gte_base-dj_adpt+gtr_t5-dj_adpt+mpnet-dj_adpt+kalm_instruct_v2_5-dj_adpt+qwen3_06b-dj_adpt+qwen3_4b-dj_adpt+kalm_gemma3_12b-dj_adpt+llama_nemotron_8b-dj_adpt+qwen3_8b-dj_adpt,154.0,,3.129469394683838
cl_default,distilroberta-dj_adpt+mini_l12-dj_adpt+mini_l6-dj_adpt+gte_base-dj_adpt+gtr_t5-dj_adpt+mpnet-dj_adpt+kalm_instruct_v2_5-dj_adpt+qwen3_06b-dj_adpt+qwen3_4b-dj_adpt+kalm_gemma3_12b-dj_adpt+llama_nemotron_8b-dj_adpt+qwen3_8b-dj_adpt,154.0,2.99295711517334,
cl_default,distilroberta-dj_adpt+mini_l12-dj_adpt+mini_l6-dj_adpt+gte_base-dj_adpt+gtr_t5-dj_adpt+mpnet-dj_adpt+kalm_instruct_v2_5-dj_adpt+qwen3_06b-dj_adpt+qwen3_4b-dj_adpt+kalm_gemma3_12b-dj_adpt+llama_nemotron_8b-dj_adpt+qwen3_8b-dj_adpt,155.0,,3.129084587097168
cl_default,distilroberta-dj_adpt+mini_l12-dj_adpt+mini_l6-dj_adpt+gte_base-dj_adpt+gtr_t5-dj_adpt+mpnet-dj_adpt+kalm_instruct_v2_5-dj_adpt+qwen3_06b-dj_adpt+qwen3_4b-dj_adpt+kalm_gemma3_12b-dj_adpt+llama_nemotron_8b-dj_adpt+qwen3_8b-dj_adpt,155.0,2.992452621459961,
cl_default,distilroberta-dj_adpt+mini_l12-dj_adpt+mini_l6-dj_adpt+gte_base-dj_adpt+gtr_t5-dj_adpt+mpnet-dj_adpt+kalm_instruct_v2_5-dj_adpt+qwen3_06b-dj_adpt+qwen3_4b-dj_adpt+kalm_gemma3_12b-dj_adpt+llama_nemotron_8b-dj_adpt+qwen3_8b-dj_adpt,156.0,,3.1287717819213867
cl_default,distilroberta-dj_adpt+mini_l12-dj_adpt+mini_l6-dj_adpt+gte_base-dj_adpt+gtr_t5-dj_adpt+mpnet-dj_adpt+kalm_instruct_v2_5-dj_adpt+qwen3_06b-dj_adpt+qwen3_4b-dj_adpt+kalm_gemma3_12b-dj_adpt+llama_nemotron_8b-dj_adpt+qwen3_8b-dj_adpt,156.0,2.9923229217529297,
cl_default,distilroberta-dj_adpt+mini_l12-dj_adpt+mini_l6-dj_adpt+gte_base-dj_adpt+gtr_t5-dj_adpt+mpnet-dj_adpt+kalm_instruct_v2_5-dj_adpt+qwen3_06b-dj_adpt+qwen3_4b-dj_adpt+kalm_gemma3_12b-dj_adpt+llama_nemotron_8b-dj_adpt+qwen3_8b-dj_adpt,157.0,,3.1290347576141357
cl_default,distilroberta-dj_adpt+mini_l12-dj_adpt+mini_l6-dj_adpt+gte_base-dj_adpt+gtr_t5-dj_adpt+mpnet-dj_adpt+kalm_instruct_v2_5-dj_adpt+qwen3_06b-dj_adpt+qwen3_4b-dj_adpt+kalm_gemma3_12b-dj_adpt+llama_nemotron_8b-dj_adpt+qwen3_8b-dj_adpt,157.0,2.992018461227417,
cl_default,distilroberta-dj_adpt+mini_l12-dj_adpt+mini_l6-dj_adpt+gte_base-dj_adpt+gtr_t5-dj_adpt+mpnet-dj_adpt+kalm_instruct_v2_5-dj_adpt+qwen3_06b-dj_adpt+qwen3_4b-dj_adpt+kalm_gemma3_12b-dj_adpt+llama_nemotron_8b-dj_adpt+qwen3_8b-dj_adpt,158.0,,3.128575563430786
cl_default,distilroberta-dj_adpt+mini_l12-dj_adpt+mini_l6-dj_adpt+gte_base-dj_adpt+gtr_t5-dj_adpt+mpnet-dj_adpt+kalm_instruct_v2_5-dj_adpt+qwen3_06b-dj_adpt+qwen3_4b-dj_adpt+kalm_gemma3_12b-dj_adpt+llama_nemotron_8b-dj_adpt+qwen3_8b-dj_adpt,158.0,2.991642475128174,
cl_default,distilroberta-dj_adpt+mini_l12-dj_adpt+mini_l6-dj_adpt+gte_base-dj_adpt+gtr_t5-dj_adpt+mpnet-dj_adpt+kalm_instruct_v2_5-dj_adpt+qwen3_06b-dj_adpt+qwen3_4b-dj_adpt+kalm_gemma3_12b-dj_adpt+llama_nemotron_8b-dj_adpt+qwen3_8b-dj_adpt,159.0,,3.129011631011963
cl_default,distilroberta-dj_adpt+mini_l12-dj_adpt+mini_l6-dj_adpt+gte_base-dj_adpt+gtr_t5-dj_adpt+mpnet-dj_adpt+kalm_instruct_v2_5-dj_adpt+qwen3_06b-dj_adpt+qwen3_4b-dj_adpt+kalm_gemma3_12b-dj_adpt+llama_nemotron_8b-dj_adpt+qwen3_8b-dj_adpt,159.0,2.991999626159668,
cl_default,distilroberta-dj_adpt+mini_l12-dj_adpt+mini_l6-dj_adpt+gte_base-dj_adpt+gtr_t5-dj_adpt+mpnet-dj_adpt+kalm_instruct_v2_5-dj_adpt+qwen3_06b-dj_adpt+qwen3_4b-dj_adpt+kalm_gemma3_12b-dj_adpt+llama_nemotron_8b-dj_adpt+qwen3_8b-dj_adpt,160.0,,3.128791570663452
cl_default,distilroberta-dj_adpt+mini_l12-dj_adpt+mini_l6-dj_adpt+gte_base-dj_adpt+gtr_t5-dj_adpt+mpnet-dj_adpt+kalm_instruct_v2_5-dj_adpt+qwen3_06b-dj_adpt+qwen3_4b-dj_adpt+kalm_gemma3_12b-dj_adpt+llama_nemotron_8b-dj_adpt+qwen3_8b-dj_adpt,160.0,2.9917337894439697,
cl_default,distilroberta-dj_adpt+mini_l12-dj_adpt+mini_l6-dj_adpt+gte_base-dj_adpt+gtr_t5-dj_adpt+mpnet-dj_adpt+kalm_instruct_v2_5-dj_adpt+qwen3_06b-dj_adpt+qwen3_4b-dj_adpt+kalm_gemma3_12b-dj_adpt+llama_nemotron_8b-dj_adpt+qwen3_8b-dj_adpt,161.0,,3.128856897354126
cl_default,distilroberta-dj_adpt+mini_l12-dj_adpt+mini_l6-dj_adpt+gte_base-dj_adpt+gtr_t5-dj_adpt+mpnet-dj_adpt+kalm_instruct_v2_5-dj_adpt+qwen3_06b-dj_adpt+qwen3_4b-dj_adpt+kalm_gemma3_12b-dj_adpt+llama_nemotron_8b-dj_adpt+qwen3_8b-dj_adpt,161.0,2.991342544555664,
cl_default,distilroberta-dj_adpt+mini_l12-dj_adpt+mini_l6-dj_adpt+gte_base-dj_adpt+gtr_t5-dj_adpt+mpnet-dj_adpt+kalm_instruct_v2_5-dj_adpt+qwen3_06b-dj_adpt+qwen3_4b-dj_adpt+kalm_gemma3_12b-dj_adpt+llama_nemotron_8b-dj_adpt+qwen3_8b-dj_adpt,162.0,,3.1285271644592285
cl_default,distilroberta-dj_adpt+mini_l12-dj_adpt+mini_l6-dj_adpt+gte_base-dj_adpt+gtr_t5-dj_adpt+mpnet-dj_adpt+kalm_instruct_v2_5-dj_adpt+qwen3_06b-dj_adpt+qwen3_4b-dj_adpt+kalm_gemma3_12b-dj_adpt+llama_nemotron_8b-dj_adpt+qwen3_8b-dj_adpt,162.0,2.9907150268554688,
cl_default,distilroberta-dj_adpt+mini_l12-dj_adpt+mini_l6-dj_adpt+gte_base-dj_adpt+gtr_t5-dj_adpt+mpnet-dj_adpt+kalm_instruct_v2_5-dj_adpt+qwen3_06b-dj_adpt+qwen3_4b-dj_adpt+kalm_gemma3_12b-dj_adpt+llama_nemotron_8b-dj_adpt+qwen3_8b-dj_adpt,163.0,,3.128568649291992
cl_default,distilroberta-dj_adpt+mini_l12-dj_adpt+mini_l6-dj_adpt+gte_base-dj_adpt+gtr_t5-dj_adpt+mpnet-dj_adpt+kalm_instruct_v2_5-dj_adpt+qwen3_06b-dj_adpt+qwen3_4b-dj_adpt+kalm_gemma3_12b-dj_adpt+llama_nemotron_8b-dj_adpt+qwen3_8b-dj_adpt,163.0,2.9910757541656494,
cl_default,distilroberta-dj_adpt+mini_l12-dj_adpt+mini_l6-dj_adpt+gte_base-dj_adpt+gtr_t5-dj_adpt+mpnet-dj_adpt+kalm_instruct_v2_5-dj_adpt+qwen3_06b-dj_adpt+qwen3_4b-dj_adpt+kalm_gemma3_12b-dj_adpt+llama_nemotron_8b-dj_adpt+qwen3_8b-dj_adpt,164.0,,3.1282966136932373
cl_default,distilroberta-dj_adpt+mini_l12-dj_adpt+mini_l6-dj_adpt+gte_base-dj_adpt+gtr_t5-dj_adpt+mpnet-dj_adpt+kalm_instruct_v2_5-dj_adpt+qwen3_06b-dj_adpt+qwen3_4b-dj_adpt+kalm_gemma3_12b-dj_adpt+llama_nemotron_8b-dj_adpt+qwen3_8b-dj_adpt,164.0,2.991356134414673,
cl_default,distilroberta-dj_adpt+mini_l12-dj_adpt+mini_l6-dj_adpt+gte_base-dj_adpt+gtr_t5-dj_adpt+mpnet-dj_adpt+kalm_instruct_v2_5-dj_adpt+qwen3_06b-dj_adpt+qwen3_4b-dj_adpt+kalm_gemma3_12b-dj_adpt+llama_nemotron_8b-dj_adpt+qwen3_8b-dj_adpt,165.0,,3.128249168395996
cl_default,distilroberta-dj_adpt+mini_l12-dj_adpt+mini_l6-dj_adpt+gte_base-dj_adpt+gtr_t5-dj_adpt+mpnet-dj_adpt+kalm_instruct_v2_5-dj_adpt+qwen3_06b-dj_adpt+qwen3_4b-dj_adpt+kalm_gemma3_12b-dj_adpt+llama_nemotron_8b-dj_adpt+qwen3_8b-dj_adpt,165.0,2.9911108016967773,
cl_default,distilroberta-dj_adpt+mini_l12-dj_adpt+mini_l6-dj_adpt+gte_base-dj_adpt+gtr_t5-dj_adpt+mpnet-dj_adpt+kalm_instruct_v2_5-dj_adpt+qwen3_06b-dj_adpt+qwen3_4b-dj_adpt+kalm_gemma3_12b-dj_adpt+llama_nemotron_8b-dj_adpt+qwen3_8b-dj_adpt,166.0,,3.1282758712768555
cl_default,distilroberta-dj_adpt+mini_l12-dj_adpt+mini_l6-dj_adpt+gte_base-dj_adpt+gtr_t5-dj_adpt+mpnet-dj_adpt+kalm_instruct_v2_5-dj_adpt+qwen3_06b-dj_adpt+qwen3_4b-dj_adpt+kalm_gemma3_12b-dj_adpt+llama_nemotron_8b-dj_adpt+qwen3_8b-dj_adpt,166.0,2.9906413555145264,
cl_default,distilroberta-dj_adpt+mini_l12-dj_adpt+mini_l6-dj_adpt+gte_base-dj_adpt+gtr_t5-dj_adpt+mpnet-dj_adpt+kalm_instruct_v2_5-dj_adpt+qwen3_06b-dj_adpt+qwen3_4b-dj_adpt+kalm_gemma3_12b-dj_adpt+llama_nemotron_8b-dj_adpt+qwen3_8b-dj_adpt,167.0,,3.128274917602539
cl_default,distilroberta-dj_adpt+mini_l12-dj_adpt+mini_l6-dj_adpt+gte_base-dj_adpt+gtr_t5-dj_adpt+mpnet-dj_adpt+kalm_instruct_v2_5-dj_adpt+qwen3_06b-dj_adpt+qwen3_4b-dj_adpt+kalm_gemma3_12b-dj_adpt+llama_nemotron_8b-dj_adpt+qwen3_8b-dj_adpt,167.0,2.990314483642578,
cl_default,distilroberta-dj_adpt+mini_l12-dj_adpt+mini_l6-dj_adpt+gte_base-dj_adpt+gtr_t5-dj_adpt+mpnet-dj_adpt+kalm_instruct_v2_5-dj_adpt+qwen3_06b-dj_adpt+qwen3_4b-dj_adpt+kalm_gemma3_12b-dj_adpt+llama_nemotron_8b-dj_adpt+qwen3_8b-dj_adpt,168.0,,3.128478765487671
cl_default,distilroberta-dj_adpt+mini_l12-dj_adpt+mini_l6-dj_adpt+gte_base-dj_adpt+gtr_t5-dj_adpt+mpnet-dj_adpt+kalm_instruct_v2_5-dj_adpt+qwen3_06b-dj_adpt+qwen3_4b-dj_adpt+kalm_gemma3_12b-dj_adpt+llama_nemotron_8b-dj_adpt+qwen3_8b-dj_adpt,168.0,2.9906179904937744,
cl_default,distilroberta-dj_adpt+mini_l12-dj_adpt+mini_l6-dj_adpt+gte_base-dj_adpt+gtr_t5-dj_adpt+mpnet-dj_adpt+kalm_instruct_v2_5-dj_adpt+qwen3_06b-dj_adpt+qwen3_4b-dj_adpt+kalm_gemma3_12b-dj_adpt+llama_nemotron_8b-dj_adpt+qwen3_8b-dj_adpt,169.0,,3.1283867359161377
cl_default,distilroberta-dj_adpt+mini_l12-dj_adpt+mini_l6-dj_adpt+gte_base-dj_adpt+gtr_t5-dj_adpt+mpnet-dj_adpt+kalm_instruct_v2_5-dj_adpt+qwen3_06b-dj_adpt+qwen3_4b-dj_adpt+kalm_gemma3_12b-dj_adpt+llama_nemotron_8b-dj_adpt+qwen3_8b-dj_adpt,169.0,2.9899418354034424,
cl_default,distilroberta-dj_adpt+mini_l12-dj_adpt+mini_l6-dj_adpt+gte_base-dj_adpt+gtr_t5-dj_adpt+mpnet-dj_adpt+kalm_instruct_v2_5-dj_adpt+qwen3_06b-dj_adpt+qwen3_4b-dj_adpt+kalm_gemma3_12b-dj_adpt+llama_nemotron_8b-dj_adpt+qwen3_8b-dj_adpt,170.0,,3.1281449794769287
cl_default,distilroberta-dj_adpt+mini_l12-dj_adpt+mini_l6-dj_adpt+gte_base-dj_adpt+gtr_t5-dj_adpt+mpnet-dj_adpt+kalm_instruct_v2_5-dj_adpt+qwen3_06b-dj_adpt+qwen3_4b-dj_adpt+kalm_gemma3_12b-dj_adpt+llama_nemotron_8b-dj_adpt+qwen3_8b-dj_adpt,170.0,2.9906299114227295,
cl_default,distilroberta-dj_adpt+mini_l12-dj_adpt+mini_l6-dj_adpt+gte_base-dj_adpt+gtr_t5-dj_adpt+mpnet-dj_adpt+kalm_instruct_v2_5-dj_adpt+qwen3_06b-dj_adpt+qwen3_4b-dj_adpt+kalm_gemma3_12b-dj_adpt+llama_nemotron_8b-dj_adpt+qwen3_8b-dj_adpt,171.0,,3.128021717071533
cl_default,distilroberta-dj_adpt+mini_l12-dj_adpt+mini_l6-dj_adpt+gte_base-dj_adpt+gtr_t5-dj_adpt+mpnet-dj_adpt+kalm_instruct_v2_5-dj_adpt+qwen3_06b-dj_adpt+qwen3_4b-dj_adpt+kalm_gemma3_12b-dj_adpt+llama_nemotron_8b-dj_adpt+qwen3_8b-dj_adpt,171.0,2.9899728298187256,
cl_default,distilroberta-dj_adpt+mini_l12-dj_adpt+mini_l6-dj_adpt+gte_base-dj_adpt+gtr_t5-dj_adpt+mpnet-dj_adpt+kalm_instruct_v2_5-dj_adpt+qwen3_06b-dj_adpt+qwen3_4b-dj_adpt+kalm_gemma3_12b-dj_adpt+llama_nemotron_8b-dj_adpt+qwen3_8b-dj_adpt,172.0,,3.1277899742126465
cl_default,distilroberta-dj_adpt+mini_l12-dj_adpt+mini_l6-dj_adpt+gte_base-dj_adpt+gtr_t5-dj_adpt+mpnet-dj_adpt+kalm_instruct_v2_5-dj_adpt+qwen3_06b-dj_adpt+qwen3_4b-dj_adpt+kalm_gemma3_12b-dj_adpt+llama_nemotron_8b-dj_adpt+qwen3_8b-dj_adpt,172.0,2.989957571029663,
cl_default,distilroberta-dj_adpt+mini_l12-dj_adpt+mini_l6-dj_adpt+gte_base-dj_adpt+gtr_t5-dj_adpt+mpnet-dj_adpt+kalm_instruct_v2_5-dj_adpt+qwen3_06b-dj_adpt+qwen3_4b-dj_adpt+kalm_gemma3_12b-dj_adpt+llama_nemotron_8b-dj_adpt+qwen3_8b-dj_adpt,173.0,,3.1278347969055176
cl_default,distilroberta-dj_adpt+mini_l12-dj_adpt+mini_l6-dj_adpt+gte_base-dj_adpt+gtr_t5-dj_adpt+mpnet-dj_adpt+kalm_instruct_v2_5-dj_adpt+qwen3_06b-dj_adpt+qwen3_4b-dj_adpt+kalm_gemma3_12b-dj_adpt+llama_nemotron_8b-dj_adpt+qwen3_8b-dj_adpt,173.0,2.989626407623291,
cl_default,distilroberta-dj_adpt+mini_l12-dj_adpt+mini_l6-dj_adpt+gte_base-dj_adpt+gtr_t5-dj_adpt+mpnet-dj_adpt+kalm_instruct_v2_5-dj_adpt+qwen3_06b-dj_adpt+qwen3_4b-dj_adpt+kalm_gemma3_12b-dj_adpt+llama_nemotron_8b-dj_adpt+qwen3_8b-dj_adpt,174.0,,3.1277847290039062
cl_default,distilroberta-dj_adpt+mini_l12-dj_adpt+mini_l6-dj_adpt+gte_base-dj_adpt+gtr_t5-dj_adpt+mpnet-dj_adpt+kalm_instruct_v2_5-dj_adpt+qwen3_06b-dj_adpt+qwen3_4b-dj_adpt+kalm_gemma3_12b-dj_adpt+llama_nemotron_8b-dj_adpt+qwen3_8b-dj_adpt,174.0,2.989055871963501,
cl_default,distilroberta-dj_adpt+mini_l12-dj_adpt+mini_l6-dj_adpt+gte_base-dj_adpt+gtr_t5-dj_adpt+mpnet-dj_adpt+kalm_instruct_v2_5-dj_adpt+qwen3_06b-dj_adpt+qwen3_4b-dj_adpt+kalm_gemma3_12b-dj_adpt+llama_nemotron_8b-dj_adpt+qwen3_8b-dj_adpt,175.0,,3.1279187202453613
cl_default,distilroberta-dj_adpt+mini_l12-dj_adpt+mini_l6-dj_adpt+gte_base-dj_adpt+gtr_t5-dj_adpt+mpnet-dj_adpt+kalm_instruct_v2_5-dj_adpt+qwen3_06b-dj_adpt+qwen3_4b-dj_adpt+kalm_gemma3_12b-dj_adpt+llama_nemotron_8b-dj_adpt+qwen3_8b-dj_adpt,175.0,2.9889421463012695,
cl_default,distilroberta-dj_adpt+mini_l12-dj_adpt+mini_l6-dj_adpt+gte_base-dj_adpt+gtr_t5-dj_adpt+mpnet-dj_adpt+kalm_instruct_v2_5-dj_adpt+qwen3_06b-dj_adpt+qwen3_4b-dj_adpt+kalm_gemma3_12b-dj_adpt+llama_nemotron_8b-dj_adpt+qwen3_8b-dj_adpt,176.0,,3.1277663707733154
cl_default,distilroberta-dj_adpt+mini_l12-dj_adpt+mini_l6-dj_adpt+gte_base-dj_adpt+gtr_t5-dj_adpt+mpnet-dj_adpt+kalm_instruct_v2_5-dj_adpt+qwen3_06b-dj_adpt+qwen3_4b-dj_adpt+kalm_gemma3_12b-dj_adpt+llama_nemotron_8b-dj_adpt+qwen3_8b-dj_adpt,176.0,2.989143133163452,
cl_default,distilroberta-dj_adpt+mini_l12-dj_adpt+mini_l6-dj_adpt+gte_base-dj_adpt+gtr_t5-dj_adpt+mpnet-dj_adpt+kalm_instruct_v2_5-dj_adpt+qwen3_06b-dj_adpt+qwen3_4b-dj_adpt+kalm_gemma3_12b-dj_adpt+llama_nemotron_8b-dj_adpt+qwen3_8b-dj_adpt,177.0,,3.1278460025787354
cl_default,distilroberta-dj_adpt+mini_l12-dj_adpt+mini_l6-dj_adpt+gte_base-dj_adpt+gtr_t5-dj_adpt+mpnet-dj_adpt+kalm_instruct_v2_5-dj_adpt+qwen3_06b-dj_adpt+qwen3_4b-dj_adpt+kalm_gemma3_12b-dj_adpt+llama_nemotron_8b-dj_adpt+qwen3_8b-dj_adpt,177.0,2.988525152206421,
cl_default,distilroberta-dj_adpt+mini_l12-dj_adpt+mini_l6-dj_adpt+gte_base-dj_adpt+gtr_t5-dj_adpt+mpnet-dj_adpt+kalm_instruct_v2_5-dj_adpt+qwen3_06b-dj_adpt+qwen3_4b-dj_adpt+kalm_gemma3_12b-dj_adpt+llama_nemotron_8b-dj_adpt+qwen3_8b-dj_adpt,178.0,,3.1275548934936523
cl_default,distilroberta-dj_adpt+mini_l12-dj_adpt+mini_l6-dj_adpt+gte_base-dj_adpt+gtr_t5-dj_adpt+mpnet-dj_adpt+kalm_instruct_v2_5-dj_adpt+qwen3_06b-dj_adpt+qwen3_4b-dj_adpt+kalm_gemma3_12b-dj_adpt+llama_nemotron_8b-dj_adpt+qwen3_8b-dj_adpt,178.0,2.9883673191070557,
cl_default,distilroberta-dj_adpt+mini_l12-dj_adpt+mini_l6-dj_adpt+gte_base-dj_adpt+gtr_t5-dj_adpt+mpnet-dj_adpt+kalm_instruct_v2_5-dj_adpt+qwen3_06b-dj_adpt+qwen3_4b-dj_adpt+kalm_gemma3_12b-dj_adpt+llama_nemotron_8b-dj_adpt+qwen3_8b-dj_adpt,179.0,,3.127856492996216
cl_default,distilroberta-dj_adpt+mini_l12-dj_adpt+mini_l6-dj_adpt+gte_base-dj_adpt+gtr_t5-dj_adpt+mpnet-dj_adpt+kalm_instruct_v2_5-dj_adpt+qwen3_06b-dj_adpt+qwen3_4b-dj_adpt+kalm_gemma3_12b-dj_adpt+llama_nemotron_8b-dj_adpt+qwen3_8b-dj_adpt,179.0,2.988532304763794,
cl_default,distilroberta-dj_adpt+mini_l12-dj_adpt+mini_l6-dj_adpt+gte_base-dj_adpt+gtr_t5-dj_adpt+mpnet-dj_adpt+kalm_instruct_v2_5-dj_adpt+qwen3_06b-dj_adpt+qwen3_4b-dj_adpt+kalm_gemma3_12b-dj_adpt+llama_nemotron_8b-dj_adpt+qwen3_8b-dj_adpt,180.0,,3.127674102783203
cl_default,distilroberta-dj_adpt+mini_l12-dj_adpt+mini_l6-dj_adpt+gte_base-dj_adpt+gtr_t5-dj_adpt+mpnet-dj_adpt+kalm_instruct_v2_5-dj_adpt+qwen3_06b-dj_adpt+qwen3_4b-dj_adpt+kalm_gemma3_12b-dj_adpt+llama_nemotron_8b-dj_adpt+qwen3_8b-dj_adpt,180.0,2.98840069770813,
cl_default,distilroberta-dj_adpt+mini_l12-dj_adpt+mini_l6-dj_adpt+gte_base-dj_adpt+gtr_t5-dj_adpt+mpnet-dj_adpt+kalm_instruct_v2_5-dj_adpt+qwen3_06b-dj_adpt+qwen3_4b-dj_adpt+kalm_gemma3_12b-dj_adpt+llama_nemotron_8b-dj_adpt+qwen3_8b-dj_adpt,181.0,,3.127768039703369
cl_default,distilroberta-dj_adpt+mini_l12-dj_adpt+mini_l6-dj_adpt+gte_base-dj_adpt+gtr_t5-dj_adpt+mpnet-dj_adpt+kalm_instruct_v2_5-dj_adpt+qwen3_06b-dj_adpt+qwen3_4b-dj_adpt+kalm_gemma3_12b-dj_adpt+llama_nemotron_8b-dj_adpt+qwen3_8b-dj_adpt,181.0,2.98862361907959,
cl_default,distilroberta-dj_adpt+mini_l12-dj_adpt+mini_l6-dj_adpt+gte_base-dj_adpt+gtr_t5-dj_adpt+mpnet-dj_adpt+kalm_instruct_v2_5-dj_adpt+qwen3_06b-dj_adpt+qwen3_4b-dj_adpt+kalm_gemma3_12b-dj_adpt+llama_nemotron_8b-dj_adpt+qwen3_8b-dj_adpt,182.0,,3.12768292427063
cl_default,distilroberta-dj_adpt+mini_l12-dj_adpt+mini_l6-dj_adpt+gte_base-dj_adpt+gtr_t5-dj_adpt+mpnet-dj_adpt+kalm_instruct_v2_5-dj_adpt+qwen3_06b-dj_adpt+qwen3_4b-dj_adpt+kalm_gemma3_12b-dj_adpt+llama_nemotron_8b-dj_adpt+qwen3_8b-dj_adpt,182.0,2.9888522624969482,
cl_default,distilroberta-dj_adpt+mini_l12-dj_adpt+mini_l6-dj_adpt+gte_base-dj_adpt+gtr_t5-dj_adpt+mpnet-dj_adpt+kalm_instruct_v2_5-dj_adpt+qwen3_06b-dj_adpt+qwen3_4b-dj_adpt+kalm_gemma3_12b-dj_adpt+llama_nemotron_8b-dj_adpt+qwen3_8b-dj_adpt,183.0,,3.1276326179504395
cl_default,distilroberta-dj_adpt+mini_l12-dj_adpt+mini_l6-dj_adpt+gte_base-dj_adpt+gtr_t5-dj_adpt+mpnet-dj_adpt+kalm_instruct_v2_5-dj_adpt+qwen3_06b-dj_adpt+qwen3_4b-dj_adpt+kalm_gemma3_12b-dj_adpt+llama_nemotron_8b-dj_adpt+qwen3_8b-dj_adpt,183.0,2.987470865249634,
cl_default,distilroberta-dj_adpt+mini_l12-dj_adpt+mini_l6-dj_adpt+gte_base-dj_adpt+gtr_t5-dj_adpt+mpnet-dj_adpt+kalm_instruct_v2_5-dj_adpt+qwen3_06b-dj_adpt+qwen3_4b-dj_adpt+kalm_gemma3_12b-dj_adpt+llama_nemotron_8b-dj_adpt+qwen3_8b-dj_adpt,184.0,,3.1278605461120605
cl_default,distilroberta-dj_adpt+mini_l12-dj_adpt+mini_l6-dj_adpt+gte_base-dj_adpt+gtr_t5-dj_adpt+mpnet-dj_adpt+kalm_instruct_v2_5-dj_adpt+qwen3_06b-dj_adpt+qwen3_4b-dj_adpt+kalm_gemma3_12b-dj_adpt+llama_nemotron_8b-dj_adpt+qwen3_8b-dj_adpt,184.0,2.988142728805542,
cl_default,distilroberta-dj_adpt+mini_l12-dj_adpt+mini_l6-dj_adpt+gte_base-dj_adpt+gtr_t5-dj_adpt+mpnet-dj_adpt+kalm_instruct_v2_5-dj_adpt+qwen3_06b-dj_adpt+qwen3_4b-dj_adpt+kalm_gemma3_12b-dj_adpt+llama_nemotron_8b-dj_adpt+qwen3_8b-dj_adpt,185.0,,3.1275393962860107
cl_default,distilroberta-dj_adpt+mini_l12-dj_adpt+mini_l6-dj_adpt+gte_base-dj_adpt+gtr_t5-dj_adpt+mpnet-dj_adpt+kalm_instruct_v2_5-dj_adpt+qwen3_06b-dj_adpt+qwen3_4b-dj_adpt+kalm_gemma3_12b-dj_adpt+llama_nemotron_8b-dj_adpt+qwen3_8b-dj_adpt,185.0,2.988178253173828,
cl_default,distilroberta-dj_adpt+mini_l12-dj_adpt+mini_l6-dj_adpt+gte_base-dj_adpt+gtr_t5-dj_adpt+mpnet-dj_adpt+kalm_instruct_v2_5-dj_adpt+qwen3_06b-dj_adpt+qwen3_4b-dj_adpt+kalm_gemma3_12b-dj_adpt+llama_nemotron_8b-dj_adpt+qwen3_8b-dj_adpt,186.0,,3.127443552017212
cl_default,distilroberta-dj_adpt+mini_l12-dj_adpt+mini_l6-dj_adpt+gte_base-dj_adpt+gtr_t5-dj_adpt+mpnet-dj_adpt+kalm_instruct_v2_5-dj_adpt+qwen3_06b-dj_adpt+qwen3_4b-dj_adpt+kalm_gemma3_12b-dj_adpt+llama_nemotron_8b-dj_adpt+qwen3_8b-dj_adpt,186.0,2.9880213737487793,
cl_default,distilroberta-dj_adpt+mini_l12-dj_adpt+mini_l6-dj_adpt+gte_base-dj_adpt+gtr_t5-dj_adpt+mpnet-dj_adpt+kalm_instruct_v2_5-dj_adpt+qwen3_06b-dj_adpt+qwen3_4b-dj_adpt+kalm_gemma3_12b-dj_adpt+llama_nemotron_8b-dj_adpt+qwen3_8b-dj_adpt,187.0,,3.1273608207702637
cl_default,distilroberta-dj_adpt+mini_l12-dj_adpt+mini_l6-dj_adpt+gte_base-dj_adpt+gtr_t5-dj_adpt+mpnet-dj_adpt+kalm_instruct_v2_5-dj_adpt+qwen3_06b-dj_adpt+qwen3_4b-dj_adpt+kalm_gemma3_12b-dj_adpt+llama_nemotron_8b-dj_adpt+qwen3_8b-dj_adpt,187.0,2.9873549938201904,
cl_default,distilroberta-dj_adpt+mini_l12-dj_adpt+mini_l6-dj_adpt+gte_base-dj_adpt+gtr_t5-dj_adpt+mpnet-dj_adpt+kalm_instruct_v2_5-dj_adpt+qwen3_06b-dj_adpt+qwen3_4b-dj_adpt+kalm_gemma3_12b-dj_adpt+llama_nemotron_8b-dj_adpt+qwen3_8b-dj_adpt,188.0,,3.1274805068969727
cl_default,distilroberta-dj_adpt+mini_l12-dj_adpt+mini_l6-dj_adpt+gte_base-dj_adpt+gtr_t5-dj_adpt+mpnet-dj_adpt+kalm_instruct_v2_5-dj_adpt+qwen3_06b-dj_adpt+qwen3_4b-dj_adpt+kalm_gemma3_12b-dj_adpt+llama_nemotron_8b-dj_adpt+qwen3_8b-dj_adpt,188.0,2.9874870777130127,
cl_default,distilroberta-dj_adpt+mini_l12-dj_adpt+mini_l6-dj_adpt+gte_base-dj_adpt+gtr_t5-dj_adpt+mpnet-dj_adpt+kalm_instruct_v2_5-dj_adpt+qwen3_06b-dj_adpt+qwen3_4b-dj_adpt+kalm_gemma3_12b-dj_adpt+llama_nemotron_8b-dj_adpt+qwen3_8b-dj_adpt,189.0,,3.1275837421417236
cl_default,distilroberta-dj_adpt+mini_l12-dj_adpt+mini_l6-dj_adpt+gte_base-dj_adpt+gtr_t5-dj_adpt+mpnet-dj_adpt+kalm_instruct_v2_5-dj_adpt+qwen3_06b-dj_adpt+qwen3_4b-dj_adpt+kalm_gemma3_12b-dj_adpt+llama_nemotron_8b-dj_adpt+qwen3_8b-dj_adpt,189.0,2.9873733520507812,
cl_default,distilroberta-dj_adpt+mini_l12-dj_adpt+mini_l6-dj_adpt+gte_base-dj_adpt+gtr_t5-dj_adpt+mpnet-dj_adpt+kalm_instruct_v2_5-dj_adpt+qwen3_06b-dj_adpt+qwen3_4b-dj_adpt+kalm_gemma3_12b-dj_adpt+llama_nemotron_8b-dj_adpt+qwen3_8b-dj_adpt,190.0,,3.127389430999756
cl_default,distilroberta-dj_adpt+mini_l12-dj_adpt+mini_l6-dj_adpt+gte_base-dj_adpt+gtr_t5-dj_adpt+mpnet-dj_adpt+kalm_instruct_v2_5-dj_adpt+qwen3_06b-dj_adpt+qwen3_4b-dj_adpt+kalm_gemma3_12b-dj_adpt+llama_nemotron_8b-dj_adpt+qwen3_8b-dj_adpt,190.0,2.9872045516967773,
cl_default,distilroberta-dj_adpt+mini_l12-dj_adpt+mini_l6-dj_adpt+gte_base-dj_adpt+gtr_t5-dj_adpt+mpnet-dj_adpt+kalm_instruct_v2_5-dj_adpt+qwen3_06b-dj_adpt+qwen3_4b-dj_adpt+kalm_gemma3_12b-dj_adpt+llama_nemotron_8b-dj_adpt+qwen3_8b-dj_adpt,191.0,,3.12740159034729
cl_default,distilroberta-dj_adpt+mini_l12-dj_adpt+mini_l6-dj_adpt+gte_base-dj_adpt+gtr_t5-dj_adpt+mpnet-dj_adpt+kalm_instruct_v2_5-dj_adpt+qwen3_06b-dj_adpt+qwen3_4b-dj_adpt+kalm_gemma3_12b-dj_adpt+llama_nemotron_8b-dj_adpt+qwen3_8b-dj_adpt,191.0,2.9876327514648438,
cl_default,distilroberta-dj_adpt+mini_l12-dj_adpt+mini_l6-dj_adpt+gte_base-dj_adpt+gtr_t5-dj_adpt+mpnet-dj_adpt+kalm_instruct_v2_5-dj_adpt+qwen3_06b-dj_adpt+qwen3_4b-dj_adpt+kalm_gemma3_12b-dj_adpt+llama_nemotron_8b-dj_adpt+qwen3_8b-dj_adpt,192.0,,3.127467155456543
cl_default,distilroberta-dj_adpt+mini_l12-dj_adpt+mini_l6-dj_adpt+gte_base-dj_adpt+gtr_t5-dj_adpt+mpnet-dj_adpt+kalm_instruct_v2_5-dj_adpt+qwen3_06b-dj_adpt+qwen3_4b-dj_adpt+kalm_gemma3_12b-dj_adpt+llama_nemotron_8b-dj_adpt+qwen3_8b-dj_adpt,192.0,2.9875411987304688,
cl_default,distilroberta-dj_adpt+mini_l12-dj_adpt+mini_l6-dj_adpt+gte_base-dj_adpt+gtr_t5-dj_adpt+mpnet-dj_adpt+kalm_instruct_v2_5-dj_adpt+qwen3_06b-dj_adpt+qwen3_4b-dj_adpt+kalm_gemma3_12b-dj_adpt+llama_nemotron_8b-dj_adpt+qwen3_8b-dj_adpt,193.0,,3.127383232116699
cl_default,distilroberta-dj_adpt+mini_l12-dj_adpt+mini_l6-dj_adpt+gte_base-dj_adpt+gtr_t5-dj_adpt+mpnet-dj_adpt+kalm_instruct_v2_5-dj_adpt+qwen3_06b-dj_adpt+qwen3_4b-dj_adpt+kalm_gemma3_12b-dj_adpt+llama_nemotron_8b-dj_adpt+qwen3_8b-dj_adpt,193.0,2.987281084060669,
cl_default,distilroberta-dj_adpt+mini_l12-dj_adpt+mini_l6-dj_adpt+gte_base-dj_adpt+gtr_t5-dj_adpt+mpnet-dj_adpt+kalm_instruct_v2_5-dj_adpt+qwen3_06b-dj_adpt+qwen3_4b-dj_adpt+kalm_gemma3_12b-dj_adpt+llama_nemotron_8b-dj_adpt+qwen3_8b-dj_adpt,194.0,,3.1272802352905273
cl_default,distilroberta-dj_adpt+mini_l12-dj_adpt+mini_l6-dj_adpt+gte_base-dj_adpt+gtr_t5-dj_adpt+mpnet-dj_adpt+kalm_instruct_v2_5-dj_adpt+qwen3_06b-dj_adpt+qwen3_4b-dj_adpt+kalm_gemma3_12b-dj_adpt+llama_nemotron_8b-dj_adpt+qwen3_8b-dj_adpt,194.0,2.987029552459717,
cl_default,distilroberta-dj_adpt+mini_l12-dj_adpt+mini_l6-dj_adpt+gte_base-dj_adpt+gtr_t5-dj_adpt+mpnet-dj_adpt+kalm_instruct_v2_5-dj_adpt+qwen3_06b-dj_adpt+qwen3_4b-dj_adpt+kalm_gemma3_12b-dj_adpt+llama_nemotron_8b-dj_adpt+qwen3_8b-dj_adpt,195.0,,3.127330780029297
cl_default,distilroberta-dj_adpt+mini_l12-dj_adpt+mini_l6-dj_adpt+gte_base-dj_adpt+gtr_t5-dj_adpt+mpnet-dj_adpt+kalm_instruct_v2_5-dj_adpt+qwen3_06b-dj_adpt+qwen3_4b-dj_adpt+kalm_gemma3_12b-dj_adpt+llama_nemotron_8b-dj_adpt+qwen3_8b-dj_adpt,195.0,2.9876389503479004,
cl_default,distilroberta-dj_adpt+mini_l12-dj_adpt+mini_l6-dj_adpt+gte_base-dj_adpt+gtr_t5-dj_adpt+mpnet-dj_adpt+kalm_instruct_v2_5-dj_adpt+qwen3_06b-dj_adpt+qwen3_4b-dj_adpt+kalm_gemma3_12b-dj_adpt+llama_nemotron_8b-dj_adpt+qwen3_8b-dj_adpt,196.0,,3.127225399017334
cl_default,distilroberta-dj_adpt+mini_l12-dj_adpt+mini_l6-dj_adpt+gte_base-dj_adpt+gtr_t5-dj_adpt+mpnet-dj_adpt+kalm_instruct_v2_5-dj_adpt+qwen3_06b-dj_adpt+qwen3_4b-dj_adpt+kalm_gemma3_12b-dj_adpt+llama_nemotron_8b-dj_adpt+qwen3_8b-dj_adpt,196.0,2.9874696731567383,
cl_default,distilroberta-dj_adpt+mini_l12-dj_adpt+mini_l6-dj_adpt+gte_base-dj_adpt+gtr_t5-dj_adpt+mpnet-dj_adpt+kalm_instruct_v2_5-dj_adpt+qwen3_06b-dj_adpt+qwen3_4b-dj_adpt+kalm_gemma3_12b-dj_adpt+llama_nemotron_8b-dj_adpt+qwen3_8b-dj_adpt,197.0,,3.1273787021636963
cl_default,distilroberta-dj_adpt+mini_l12-dj_adpt+mini_l6-dj_adpt+gte_base-dj_adpt+gtr_t5-dj_adpt+mpnet-dj_adpt+kalm_instruct_v2_5-dj_adpt+qwen3_06b-dj_adpt+qwen3_4b-dj_adpt+kalm_gemma3_12b-dj_adpt+llama_nemotron_8b-dj_adpt+qwen3_8b-dj_adpt,197.0,2.987640857696533,
cl_default,distilroberta-dj_adpt+mini_l12-dj_adpt+mini_l6-dj_adpt+gte_base-dj_adpt+gtr_t5-dj_adpt+mpnet-dj_adpt+kalm_instruct_v2_5-dj_adpt+qwen3_06b-dj_adpt+qwen3_4b-dj_adpt+kalm_gemma3_12b-dj_adpt+llama_nemotron_8b-dj_adpt+qwen3_8b-dj_adpt,198.0,,3.1274571418762207
cl_default,distilroberta-dj_adpt+mini_l12-dj_adpt+mini_l6-dj_adpt+gte_base-dj_adpt+gtr_t5-dj_adpt+mpnet-dj_adpt+kalm_instruct_v2_5-dj_adpt+qwen3_06b-dj_adpt+qwen3_4b-dj_adpt+kalm_gemma3_12b-dj_adpt+llama_nemotron_8b-dj_adpt+qwen3_8b-dj_adpt,198.0,2.988002061843872,
cl_default,distilroberta-dj_adpt+mini_l12-dj_adpt+mini_l6-dj_adpt+gte_base-dj_adpt+gtr_t5-dj_adpt+mpnet-dj_adpt+kalm_instruct_v2_5-dj_adpt+qwen3_06b-dj_adpt+qwen3_4b-dj_adpt+kalm_gemma3_12b-dj_adpt+llama_nemotron_8b-dj_adpt+qwen3_8b-dj_adpt,199.0,,3.1275441646575928
cl_default,distilroberta-dj_adpt+mini_l12-dj_adpt+mini_l6-dj_adpt+gte_base-dj_adpt+gtr_t5-dj_adpt+mpnet-dj_adpt+kalm_instruct_v2_5-dj_adpt+qwen3_06b-dj_adpt+qwen3_4b-dj_adpt+kalm_gemma3_12b-dj_adpt+llama_nemotron_8b-dj_adpt+qwen3_8b-dj_adpt,199.0,2.9879648685455322,
cl_optim,distilroberta-dj_adpt+mini_l12-dj_adpt+mini_l6-dj_adpt+gte_base-dj_adpt+gtr_t5-dj_adpt+mpnet-dj_adpt+kalm_instruct_v2_5-dj_adpt+qwen3_06b-dj_adpt+qwen3_4b-dj_adpt+kalm_gemma3_12b-dj_adpt+llama_nemotron_8b-dj_adpt+qwen3_8b-dj_adpt,0.0,,3.8613154888153076
cl_optim,distilroberta-dj_adpt+mini_l12-dj_adpt+mini_l6-dj_adpt+gte_base-dj_adpt+gtr_t5-dj_adpt+mpnet-dj_adpt+kalm_instruct_v2_5-dj_adpt+qwen3_06b-dj_adpt+qwen3_4b-dj_adpt+kalm_gemma3_12b-dj_adpt+llama_nemotron_8b-dj_adpt+qwen3_8b-dj_adpt,0.0,4.454825401306152,
cl_optim,distilroberta-dj_adpt+mini_l12-dj_adpt+mini_l6-dj_adpt+gte_base-dj_adpt+gtr_t5-dj_adpt+mpnet-dj_adpt+kalm_instruct_v2_5-dj_adpt+qwen3_06b-dj_adpt+qwen3_4b-dj_adpt+kalm_gemma3_12b-dj_adpt+llama_nemotron_8b-dj_adpt+qwen3_8b-dj_adpt,1.0,,3.6364479064941406
cl_optim,distilroberta-dj_adpt+mini_l12-dj_adpt+mini_l6-dj_adpt+gte_base-dj_adpt+gtr_t5-dj_adpt+mpnet-dj_adpt+kalm_instruct_v2_5-dj_adpt+qwen3_06b-dj_adpt+qwen3_4b-dj_adpt+kalm_gemma3_12b-dj_adpt+llama_nemotron_8b-dj_adpt+qwen3_8b-dj_adpt,1.0,3.6612627506256104,
cl_optim,distilroberta-dj_adpt+mini_l12-dj_adpt+mini_l6-dj_adpt+gte_base-dj_adpt+gtr_t5-dj_adpt+mpnet-dj_adpt+kalm_instruct_v2_5-dj_adpt+qwen3_06b-dj_adpt+qwen3_4b-dj_adpt+kalm_gemma3_12b-dj_adpt+llama_nemotron_8b-dj_adpt+qwen3_8b-dj_adpt,2.0,,3.5547854900360107
cl_optim,distilroberta-dj_adpt+mini_l12-dj_adpt+mini_l6-dj_adpt+gte_base-dj_adpt+gtr_t5-dj_adpt+mpnet-dj_adpt+kalm_instruct_v2_5-dj_adpt+qwen3_06b-dj_adpt+qwen3_4b-dj_adpt+kalm_gemma3_12b-dj_adpt+llama_nemotron_8b-dj_adpt+qwen3_8b-dj_adpt,2.0,3.520930528640747,
cl_optim,distilroberta-dj_adpt+mini_l12-dj_adpt+mini_l6-dj_adpt+gte_base-dj_adpt+gtr_t5-dj_adpt+mpnet-dj_adpt+kalm_instruct_v2_5-dj_adpt+qwen3_06b-dj_adpt+qwen3_4b-dj_adpt+kalm_gemma3_12b-dj_adpt+llama_nemotron_8b-dj_adpt+qwen3_8b-dj_adpt,3.0,,3.4938418865203857
cl_optim,distilroberta-dj_adpt+mini_l12-dj_adpt+mini_l6-dj_adpt+gte_base-dj_adpt+gtr_t5-dj_adpt+mpnet-dj_adpt+kalm_instruct_v2_5-dj_adpt+qwen3_06b-dj_adpt+qwen3_4b-dj_adpt+kalm_gemma3_12b-dj_adpt+llama_nemotron_8b-dj_adpt+qwen3_8b-dj_adpt,3.0,3.448422908782959,
cl_optim,distilroberta-dj_adpt+mini_l12-dj_adpt+mini_l6-dj_adpt+gte_base-dj_adpt+gtr_t5-dj_adpt+mpnet-dj_adpt+kalm_instruct_v2_5-dj_adpt+qwen3_06b-dj_adpt+qwen3_4b-dj_adpt+kalm_gemma3_12b-dj_adpt+llama_nemotron_8b-dj_adpt+qwen3_8b-dj_adpt,4.0,,3.4561069011688232
cl_optim,distilroberta-dj_adpt+mini_l12-dj_adpt+mini_l6-dj_adpt+gte_base-dj_adpt+gtr_t5-dj_adpt+mpnet-dj_adpt+kalm_instruct_v2_5-dj_adpt+qwen3_06b-dj_adpt+qwen3_4b-dj_adpt+kalm_gemma3_12b-dj_adpt+llama_nemotron_8b-dj_adpt+qwen3_8b-dj_adpt,4.0,3.402111053466797,
cl_optim,distilroberta-dj_adpt+mini_l12-dj_adpt+mini_l6-dj_adpt+gte_base-dj_adpt+gtr_t5-dj_adpt+mpnet-dj_adpt+kalm_instruct_v2_5-dj_adpt+qwen3_06b-dj_adpt+qwen3_4b-dj_adpt+kalm_gemma3_12b-dj_adpt+llama_nemotron_8b-dj_adpt+qwen3_8b-dj_adpt,5.0,,3.427546262741089
cl_optim,distilroberta-dj_adpt+mini_l12-dj_adpt+mini_l6-dj_adpt+gte_base-dj_adpt+gtr_t5-dj_adpt+mpnet-dj_adpt+kalm_instruct_v2_5-dj_adpt+qwen3_06b-dj_adpt+qwen3_4b-dj_adpt+kalm_gemma3_12b-dj_adpt+llama_nemotron_8b-dj_adpt+qwen3_8b-dj_adpt,5.0,3.368579387664795,
cl_optim,distilroberta-dj_adpt+mini_l12-dj_adpt+mini_l6-dj_adpt+gte_base-dj_adpt+gtr_t5-dj_adpt+mpnet-dj_adpt+kalm_instruct_v2_5-dj_adpt+qwen3_06b-dj_adpt+qwen3_4b-dj_adpt+kalm_gemma3_12b-dj_adpt+llama_nemotron_8b-dj_adpt+qwen3_8b-dj_adpt,6.0,,3.404881238937378
cl_optim,distilroberta-dj_adpt+mini_l12-dj_adpt+mini_l6-dj_adpt+gte_base-dj_adpt+gtr_t5-dj_adpt+mpnet-dj_adpt+kalm_instruct_v2_5-dj_adpt+qwen3_06b-dj_adpt+qwen3_4b-dj_adpt+kalm_gemma3_12b-dj_adpt+llama_nemotron_8b-dj_adpt+qwen3_8b-dj_adpt,6.0,3.34366512298584,
cl_optim,distilroberta-dj_adpt+mini_l12-dj_adpt+mini_l6-dj_adpt+gte_base-dj_adpt+gtr_t5-dj_adpt+mpnet-dj_adpt+kalm_instruct_v2_5-dj_adpt+qwen3_06b-dj_adpt+qwen3_4b-dj_adpt+kalm_gemma3_12b-dj_adpt+llama_nemotron_8b-dj_adpt+qwen3_8b-dj_adpt,7.0,,3.388874053955078
cl_optim,distilroberta-dj_adpt+mini_l12-dj_adpt+mini_l6-dj_adpt+gte_base-dj_adpt+gtr_t5-dj_adpt+mpnet-dj_adpt+kalm_instruct_v2_5-dj_adpt+qwen3_06b-dj_adpt+qwen3_4b-dj_adpt+kalm_gemma3_12b-dj_adpt+llama_nemotron_8b-dj_adpt+qwen3_8b-dj_adpt,7.0,3.3222546577453613,
cl_optim,distilroberta-dj_adpt+mini_l12-dj_adpt+mini_l6-dj_adpt+gte_base-dj_adpt+gtr_t5-dj_adpt+mpnet-dj_adpt+kalm_instruct_v2_5-dj_adpt+qwen3_06b-dj_adpt+qwen3_4b-dj_adpt+kalm_gemma3_12b-dj_adpt+llama_nemotron_8b-dj_adpt+qwen3_8b-dj_adpt,8.0,,3.3742141723632812
cl_optim,distilroberta-dj_adpt+mini_l12-dj_adpt+mini_l6-dj_adpt+gte_base-dj_adpt+gtr_t5-dj_adpt+mpnet-dj_adpt+kalm_instruct_v2_5-dj_adpt+qwen3_06b-dj_adpt+qwen3_4b-dj_adpt+kalm_gemma3_12b-dj_adpt+llama_nemotron_8b-dj_adpt+qwen3_8b-dj_adpt,8.0,3.306407928466797,
cl_optim,distilroberta-dj_adpt+mini_l12-dj_adpt+mini_l6-dj_adpt+gte_base-dj_adpt+gtr_t5-dj_adpt+mpnet-dj_adpt+kalm_instruct_v2_5-dj_adpt+qwen3_06b-dj_adpt+qwen3_4b-dj_adpt+kalm_gemma3_12b-dj_adpt+llama_nemotron_8b-dj_adpt+qwen3_8b-dj_adpt,9.0,,3.361414909362793
cl_optim,distilroberta-dj_adpt+mini_l12-dj_adpt+mini_l6-dj_adpt+gte_base-dj_adpt+gtr_t5-dj_adpt+mpnet-dj_adpt+kalm_instruct_v2_5-dj_adpt+qwen3_06b-dj_adpt+qwen3_4b-dj_adpt+kalm_gemma3_12b-dj_adpt+llama_nemotron_8b-dj_adpt+qwen3_8b-dj_adpt,9.0,3.2929680347442627,
cl_optim,distilroberta-dj_adpt+mini_l12-dj_adpt+mini_l6-dj_adpt+gte_base-dj_adpt+gtr_t5-dj_adpt+mpnet-dj_adpt+kalm_instruct_v2_5-dj_adpt+qwen3_06b-dj_adpt+qwen3_4b-dj_adpt+kalm_gemma3_12b-dj_adpt+llama_nemotron_8b-dj_adpt+qwen3_8b-dj_adpt,10.0,,3.3494086265563965
cl_optim,distilroberta-dj_adpt+mini_l12-dj_adpt+mini_l6-dj_adpt+gte_base-dj_adpt+gtr_t5-dj_adpt+mpnet-dj_adpt+kalm_instruct_v2_5-dj_adpt+qwen3_06b-dj_adpt+qwen3_4b-dj_adpt+kalm_gemma3_12b-dj_adpt+llama_nemotron_8b-dj_adpt+qwen3_8b-dj_adpt,10.0,3.2811877727508545,
cl_optim,distilroberta-dj_adpt+mini_l12-dj_adpt+mini_l6-dj_adpt+gte_base-dj_adpt+gtr_t5-dj_adpt+mpnet-dj_adpt+kalm_instruct_v2_5-dj_adpt+qwen3_06b-dj_adpt+qwen3_4b-dj_adpt+kalm_gemma3_12b-dj_adpt+llama_nemotron_8b-dj_adpt+qwen3_8b-dj_adpt,11.0,,3.3402671813964844
cl_optim,distilroberta-dj_adpt+mini_l12-dj_adpt+mini_l6-dj_adpt+gte_base-dj_adpt+gtr_t5-dj_adpt+mpnet-dj_adpt+kalm_instruct_v2_5-dj_adpt+qwen3_06b-dj_adpt+qwen3_4b-dj_adpt+kalm_gemma3_12b-dj_adpt+llama_nemotron_8b-dj_adpt+qwen3_8b-dj_adpt,11.0,3.27115535736084,
cl_optim,distilroberta-dj_adpt+mini_l12-dj_adpt+mini_l6-dj_adpt+gte_base-dj_adpt+gtr_t5-dj_adpt+mpnet-dj_adpt+kalm_instruct_v2_5-dj_adpt+qwen3_06b-dj_adpt+qwen3_4b-dj_adpt+kalm_gemma3_12b-dj_adpt+llama_nemotron_8b-dj_adpt+qwen3_8b-dj_adpt,12.0,,3.3347702026367188
cl_optim,distilroberta-dj_adpt+mini_l12-dj_adpt+mini_l6-dj_adpt+gte_base-dj_adpt+gtr_t5-dj_adpt+mpnet-dj_adpt+kalm_instruct_v2_5-dj_adpt+qwen3_06b-dj_adpt+qwen3_4b-dj_adpt+kalm_gemma3_12b-dj_adpt+llama_nemotron_8b-dj_adpt+qwen3_8b-dj_adpt,12.0,3.2624738216400146,
cl_optim,distilroberta-dj_adpt+mini_l12-dj_adpt+mini_l6-dj_adpt+gte_base-dj_adpt+gtr_t5-dj_adpt+mpnet-dj_adpt+kalm_instruct_v2_5-dj_adpt+qwen3_06b-dj_adpt+qwen3_4b-dj_adpt+kalm_gemma3_12b-dj_adpt+llama_nemotron_8b-dj_adpt+qwen3_8b-dj_adpt,13.0,,3.327523708343506
cl_optim,distilroberta-dj_adpt+mini_l12-dj_adpt+mini_l6-dj_adpt+gte_base-dj_adpt+gtr_t5-dj_adpt+mpnet-dj_adpt+kalm_instruct_v2_5-dj_adpt+qwen3_06b-dj_adpt+qwen3_4b-dj_adpt+kalm_gemma3_12b-dj_adpt+llama_nemotron_8b-dj_adpt+qwen3_8b-dj_adpt,13.0,3.2540969848632812,
cl_optim,distilroberta-dj_adpt+mini_l12-dj_adpt+mini_l6-dj_adpt+gte_base-dj_adpt+gtr_t5-dj_adpt+mpnet-dj_adpt+kalm_instruct_v2_5-dj_adpt+qwen3_06b-dj_adpt+qwen3_4b-dj_adpt+kalm_gemma3_12b-dj_adpt+llama_nemotron_8b-dj_adpt+qwen3_8b-dj_adpt,14.0,,3.3198626041412354
cl_optim,distilroberta-dj_adpt+mini_l12-dj_adpt+mini_l6-dj_adpt+gte_base-dj_adpt+gtr_t5-dj_adpt+mpnet-dj_adpt+kalm_instruct_v2_5-dj_adpt+qwen3_06b-dj_adpt+qwen3_4b-dj_adpt+kalm_gemma3_12b-dj_adpt+llama_nemotron_8b-dj_adpt+qwen3_8b-dj_adpt,14.0,3.247793436050415,
cl_optim,distilroberta-dj_adpt+mini_l12-dj_adpt+mini_l6-dj_adpt+gte_base-dj_adpt+gtr_t5-dj_adpt+mpnet-dj_adpt+kalm_instruct_v2_5-dj_adpt+qwen3_06b-dj_adpt+qwen3_4b-dj_adpt+kalm_gemma3_12b-dj_adpt+llama_nemotron_8b-dj_adpt+qwen3_8b-dj_adpt,15.0,,3.3126845359802246
cl_optim,distilroberta-dj_adpt+mini_l12-dj_adpt+mini_l6-dj_adpt+gte_base-dj_adpt+gtr_t5-dj_adpt+mpnet-dj_adpt+kalm_instruct_v2_5-dj_adpt+qwen3_06b-dj_adpt+qwen3_4b-dj_adpt+kalm_gemma3_12b-dj_adpt+llama_nemotron_8b-dj_adpt+qwen3_8b-dj_adpt,15.0,3.241548776626587,
cl_optim,distilroberta-dj_adpt+mini_l12-dj_adpt+mini_l6-dj_adpt+gte_base-dj_adpt+gtr_t5-dj_adpt+mpnet-dj_adpt+kalm_instruct_v2_5-dj_adpt+qwen3_06b-dj_adpt+qwen3_4b-dj_adpt+kalm_gemma3_12b-dj_adpt+llama_nemotron_8b-dj_adpt+qwen3_8b-dj_adpt,16.0,,3.3093984127044678
cl_optim,distilroberta-dj_adpt+mini_l12-dj_adpt+mini_l6-dj_adpt+gte_base-dj_adpt+gtr_t5-dj_adpt+mpnet-dj_adpt+kalm_instruct_v2_5-dj_adpt+qwen3_06b-dj_adpt+qwen3_4b-dj_adpt+kalm_gemma3_12b-dj_adpt+llama_nemotron_8b-dj_adpt+qwen3_8b-dj_adpt,16.0,3.235140085220337,
cl_optim,distilroberta-dj_adpt+mini_l12-dj_adpt+mini_l6-dj_adpt+gte_base-dj_adpt+gtr_t5-dj_adpt+mpnet-dj_adpt+kalm_instruct_v2_5-dj_adpt+qwen3_06b-dj_adpt+qwen3_4b-dj_adpt+kalm_gemma3_12b-dj_adpt+llama_nemotron_8b-dj_adpt+qwen3_8b-dj_adpt,17.0,,3.305889129638672
cl_optim,distilroberta-dj_adpt+mini_l12-dj_adpt+mini_l6-dj_adpt+gte_base-dj_adpt+gtr_t5-dj_adpt+mpnet-dj_adpt+kalm_instruct_v2_5-dj_adpt+qwen3_06b-dj_adpt+qwen3_4b-dj_adpt+kalm_gemma3_12b-dj_adpt+llama_nemotron_8b-dj_adpt+qwen3_8b-dj_adpt,17.0,3.2296738624572754,
cl_optim,distilroberta-dj_adpt+mini_l12-dj_adpt+mini_l6-dj_adpt+gte_base-dj_adpt+gtr_t5-dj_adpt+mpnet-dj_adpt+kalm_instruct_v2_5-dj_adpt+qwen3_06b-dj_adpt+qwen3_4b-dj_adpt+kalm_gemma3_12b-dj_adpt+llama_nemotron_8b-dj_adpt+qwen3_8b-dj_adpt,18.0,,3.2983005046844482
cl_optim,distilroberta-dj_adpt+mini_l12-dj_adpt+mini_l6-dj_adpt+gte_base-dj_adpt+gtr_t5-dj_adpt+mpnet-dj_adpt+kalm_instruct_v2_5-dj_adpt+qwen3_06b-dj_adpt+qwen3_4b-dj_adpt+kalm_gemma3_12b-dj_adpt+llama_nemotron_8b-dj_adpt+qwen3_8b-dj_adpt,18.0,3.2245006561279297,
cl_optim,distilroberta-dj_adpt+mini_l12-dj_adpt+mini_l6-dj_adpt+gte_base-dj_adpt+gtr_t5-dj_adpt+mpnet-dj_adpt+kalm_instruct_v2_5-dj_adpt+qwen3_06b-dj_adpt+qwen3_4b-dj_adpt+kalm_gemma3_12b-dj_adpt+llama_nemotron_8b-dj_adpt+qwen3_8b-dj_adpt,19.0,,3.29510498046875
cl_optim,distilroberta-dj_adpt+mini_l12-dj_adpt+mini_l6-dj_adpt+gte_base-dj_adpt+gtr_t5-dj_adpt+mpnet-dj_adpt+kalm_instruct_v2_5-dj_adpt+qwen3_06b-dj_adpt+qwen3_4b-dj_adpt+kalm_gemma3_12b-dj_adpt+llama_nemotron_8b-dj_adpt+qwen3_8b-dj_adpt,19.0,3.220076084136963,
cl_optim,distilroberta-dj_adpt+mini_l12-dj_adpt+mini_l6-dj_adpt+gte_base-dj_adpt+gtr_t5-dj_adpt+mpnet-dj_adpt+kalm_instruct_v2_5-dj_adpt+qwen3_06b-dj_adpt+qwen3_4b-dj_adpt+kalm_gemma3_12b-dj_adpt+llama_nemotron_8b-dj_adpt+qwen3_8b-dj_adpt,20.0,,3.2907917499542236
cl_optim,distilroberta-dj_adpt+mini_l12-dj_adpt+mini_l6-dj_adpt+gte_base-dj_adpt+gtr_t5-dj_adpt+mpnet-dj_adpt+kalm_instruct_v2_5-dj_adpt+qwen3_06b-dj_adpt+qwen3_4b-dj_adpt+kalm_gemma3_12b-dj_adpt+llama_nemotron_8b-dj_adpt+qwen3_8b-dj_adpt,20.0,3.215994358062744,
cl_optim,distilroberta-dj_adpt+mini_l12-dj_adpt+mini_l6-dj_adpt+gte_base-dj_adpt+gtr_t5-dj_adpt+mpnet-dj_adpt+kalm_instruct_v2_5-dj_adpt+qwen3_06b-dj_adpt+qwen3_4b-dj_adpt+kalm_gemma3_12b-dj_adpt+llama_nemotron_8b-dj_adpt+qwen3_8b-dj_adpt,21.0,,3.2874114513397217
cl_optim,distilroberta-dj_adpt+mini_l12-dj_adpt+mini_l6-dj_adpt+gte_base-dj_adpt+gtr_t5-dj_adpt+mpnet-dj_adpt+kalm_instruct_v2_5-dj_adpt+qwen3_06b-dj_adpt+qwen3_4b-dj_adpt+kalm_gemma3_12b-dj_adpt+llama_nemotron_8b-dj_adpt+qwen3_8b-dj_adpt,21.0,3.2118980884552,
cl_optim,distilroberta-dj_adpt+mini_l12-dj_adpt+mini_l6-dj_adpt+gte_base-dj_adpt+gtr_t5-dj_adpt+mpnet-dj_adpt+kalm_instruct_v2_5-dj_adpt+qwen3_06b-dj_adpt+qwen3_4b-dj_adpt+kalm_gemma3_12b-dj_adpt+llama_nemotron_8b-dj_adpt+qwen3_8b-dj_adpt,22.0,,3.2857344150543213
cl_optim,distilroberta-dj_adpt+mini_l12-dj_adpt+mini_l6-dj_adpt+gte_base-dj_adpt+gtr_t5-dj_adpt+mpnet-dj_adpt+kalm_instruct_v2_5-dj_adpt+qwen3_06b-dj_adpt+qwen3_4b-dj_adpt+kalm_gemma3_12b-dj_adpt+llama_nemotron_8b-dj_adpt+qwen3_8b-dj_adpt,22.0,3.2078065872192383,
cl_optim,distilroberta-dj_adpt+mini_l12-dj_adpt+mini_l6-dj_adpt+gte_base-dj_adpt+gtr_t5-dj_adpt+mpnet-dj_adpt+kalm_instruct_v2_5-dj_adpt+qwen3_06b-dj_adpt+qwen3_4b-dj_adpt+kalm_gemma3_12b-dj_adpt+llama_nemotron_8b-dj_adpt+qwen3_8b-dj_adpt,23.0,,3.280208110809326
cl_optim,distilroberta-dj_adpt+mini_l12-dj_adpt+mini_l6-dj_adpt+gte_base-dj_adpt+gtr_t5-dj_adpt+mpnet-dj_adpt+kalm_instruct_v2_5-dj_adpt+qwen3_06b-dj_adpt+qwen3_4b-dj_adpt+kalm_gemma3_12b-dj_adpt+llama_nemotron_8b-dj_adpt+qwen3_8b-dj_adpt,23.0,3.204399347305298,
cl_optim,distilroberta-dj_adpt+mini_l12-dj_adpt+mini_l6-dj_adpt+gte_base-dj_adpt+gtr_t5-dj_adpt+mpnet-dj_adpt+kalm_instruct_v2_5-dj_adpt+qwen3_06b-dj_adpt+qwen3_4b-dj_adpt+kalm_gemma3_12b-dj_adpt+llama_nemotron_8b-dj_adpt+qwen3_8b-dj_adpt,24.0,,3.2785186767578125
cl_optim,distilroberta-dj_adpt+mini_l12-dj_adpt+mini_l6-dj_adpt+gte_base-dj_adpt+gtr_t5-dj_adpt+mpnet-dj_adpt+kalm_instruct_v2_5-dj_adpt+qwen3_06b-dj_adpt+qwen3_4b-dj_adpt+kalm_gemma3_12b-dj_adpt+llama_nemotron_8b-dj_adpt+qwen3_8b-dj_adpt,24.0,3.200784683227539,
cl_optim,distilroberta-dj_adpt+mini_l12-dj_adpt+mini_l6-dj_adpt+gte_base-dj_adpt+gtr_t5-dj_adpt+mpnet-dj_adpt+kalm_instruct_v2_5-dj_adpt+qwen3_06b-dj_adpt+qwen3_4b-dj_adpt+kalm_gemma3_12b-dj_adpt+llama_nemotron_8b-dj_adpt+qwen3_8b-dj_adpt,25.0,,3.2777323722839355
cl_optim,distilroberta-dj_adpt+mini_l12-dj_adpt+mini_l6-dj_adpt+gte_base-dj_adpt+gtr_t5-dj_adpt+mpnet-dj_adpt+kalm_instruct_v2_5-dj_adpt+qwen3_06b-dj_adpt+qwen3_4b-dj_adpt+kalm_gemma3_12b-dj_adpt+llama_nemotron_8b-dj_adpt+qwen3_8b-dj_adpt,25.0,3.197521686553955,
cl_optim,distilroberta-dj_adpt+mini_l12-dj_adpt+mini_l6-dj_adpt+gte_base-dj_adpt+gtr_t5-dj_adpt+mpnet-dj_adpt+kalm_instruct_v2_5-dj_adpt+qwen3_06b-dj_adpt+qwen3_4b-dj_adpt+kalm_gemma3_12b-dj_adpt+llama_nemotron_8b-dj_adpt+qwen3_8b-dj_adpt,26.0,,3.2692153453826904
cl_optim,distilroberta-dj_adpt+mini_l12-dj_adpt+mini_l6-dj_adpt+gte_base-dj_adpt+gtr_t5-dj_adpt+mpnet-dj_adpt+kalm_instruct_v2_5-dj_adpt+qwen3_06b-dj_adpt+qwen3_4b-dj_adpt+kalm_gemma3_12b-dj_adpt+llama_nemotron_8b-dj_adpt+qwen3_8b-dj_adpt,26.0,3.1947643756866455,
cl_optim,distilroberta-dj_adpt+mini_l12-dj_adpt+mini_l6-dj_adpt+gte_base-dj_adpt+gtr_t5-dj_adpt+mpnet-dj_adpt+kalm_instruct_v2_5-dj_adpt+qwen3_06b-dj_adpt+qwen3_4b-dj_adpt+kalm_gemma3_12b-dj_adpt+llama_nemotron_8b-dj_adpt+qwen3_8b-dj_adpt,27.0,,3.2694249153137207
cl_optim,distilroberta-dj_adpt+mini_l12-dj_adpt+mini_l6-dj_adpt+gte_base-dj_adpt+gtr_t5-dj_adpt+mpnet-dj_adpt+kalm_instruct_v2_5-dj_adpt+qwen3_06b-dj_adpt+qwen3_4b-dj_adpt+kalm_gemma3_12b-dj_adpt+llama_nemotron_8b-dj_adpt+qwen3_8b-dj_adpt,27.0,3.1915695667266846,
cl_optim,distilroberta-dj_adpt+mini_l12-dj_adpt+mini_l6-dj_adpt+gte_base-dj_adpt+gtr_t5-dj_adpt+mpnet-dj_adpt+kalm_instruct_v2_5-dj_adpt+qwen3_06b-dj_adpt+qwen3_4b-dj_adpt+kalm_gemma3_12b-dj_adpt+llama_nemotron_8b-dj_adpt+qwen3_8b-dj_adpt,28.0,,3.2690718173980713
cl_optim,distilroberta-dj_adpt+mini_l12-dj_adpt+mini_l6-dj_adpt+gte_base-dj_adpt+gtr_t5-dj_adpt+mpnet-dj_adpt+kalm_instruct_v2_5-dj_adpt+qwen3_06b-dj_adpt+qwen3_4b-dj_adpt+kalm_gemma3_12b-dj_adpt+llama_nemotron_8b-dj_adpt+qwen3_8b-dj_adpt,28.0,3.1883552074432373,
cl_optim,distilroberta-dj_adpt+mini_l12-dj_adpt+mini_l6-dj_adpt+gte_base-dj_adpt+gtr_t5-dj_adpt+mpnet-dj_adpt+kalm_instruct_v2_5-dj_adpt+qwen3_06b-dj_adpt+qwen3_4b-dj_adpt+kalm_gemma3_12b-dj_adpt+llama_nemotron_8b-dj_adpt+qwen3_8b-dj_adpt,29.0,,3.2657644748687744
cl_optim,distilroberta-dj_adpt+mini_l12-dj_adpt+mini_l6-dj_adpt+gte_base-dj_adpt+gtr_t5-dj_adpt+mpnet-dj_adpt+kalm_instruct_v2_5-dj_adpt+qwen3_06b-dj_adpt+qwen3_4b-dj_adpt+kalm_gemma3_12b-dj_adpt+llama_nemotron_8b-dj_adpt+qwen3_8b-dj_adpt,29.0,3.1865432262420654,
cl_optim,distilroberta-dj_adpt+mini_l12-dj_adpt+mini_l6-dj_adpt+gte_base-dj_adpt+gtr_t5-dj_adpt+mpnet-dj_adpt+kalm_instruct_v2_5-dj_adpt+qwen3_06b-dj_adpt+qwen3_4b-dj_adpt+kalm_gemma3_12b-dj_adpt+llama_nemotron_8b-dj_adpt+qwen3_8b-dj_adpt,30.0,,3.2635600566864014
cl_optim,distilroberta-dj_adpt+mini_l12-dj_adpt+mini_l6-dj_adpt+gte_base-dj_adpt+gtr_t5-dj_adpt+mpnet-dj_adpt+kalm_instruct_v2_5-dj_adpt+qwen3_06b-dj_adpt+qwen3_4b-dj_adpt+kalm_gemma3_12b-dj_adpt+llama_nemotron_8b-dj_adpt+qwen3_8b-dj_adpt,30.0,3.1832737922668457,
cl_optim,distilroberta-dj_adpt+mini_l12-dj_adpt+mini_l6-dj_adpt+gte_base-dj_adpt+gtr_t5-dj_adpt+mpnet-dj_adpt+kalm_instruct_v2_5-dj_adpt+qwen3_06b-dj_adpt+qwen3_4b-dj_adpt+kalm_gemma3_12b-dj_adpt+llama_nemotron_8b-dj_adpt+qwen3_8b-dj_adpt,31.0,,3.2581703662872314
cl_optim,distilroberta-dj_adpt+mini_l12-dj_adpt+mini_l6-dj_adpt+gte_base-dj_adpt+gtr_t5-dj_adpt+mpnet-dj_adpt+kalm_instruct_v2_5-dj_adpt+qwen3_06b-dj_adpt+qwen3_4b-dj_adpt+kalm_gemma3_12b-dj_adpt+llama_nemotron_8b-dj_adpt+qwen3_8b-dj_adpt,31.0,3.181215286254883,
cl_optim,distilroberta-dj_adpt+mini_l12-dj_adpt+mini_l6-dj_adpt+gte_base-dj_adpt+gtr_t5-dj_adpt+mpnet-dj_adpt+kalm_instruct_v2_5-dj_adpt+qwen3_06b-dj_adpt+qwen3_4b-dj_adpt+kalm_gemma3_12b-dj_adpt+llama_nemotron_8b-dj_adpt+qwen3_8b-dj_adpt,32.0,,3.2565479278564453
cl_optim,distilroberta-dj_adpt+mini_l12-dj_adpt+mini_l6-dj_adpt+gte_base-dj_adpt+gtr_t5-dj_adpt+mpnet-dj_adpt+kalm_instruct_v2_5-dj_adpt+qwen3_06b-dj_adpt+qwen3_4b-dj_adpt+kalm_gemma3_12b-dj_adpt+llama_nemotron_8b-dj_adpt+qwen3_8b-dj_adpt,32.0,3.1785624027252197,
cl_optim,distilroberta-dj_adpt+mini_l12-dj_adpt+mini_l6-dj_adpt+gte_base-dj_adpt+gtr_t5-dj_adpt+mpnet-dj_adpt+kalm_instruct_v2_5-dj_adpt+qwen3_06b-dj_adpt+qwen3_4b-dj_adpt+kalm_gemma3_12b-dj_adpt+llama_nemotron_8b-dj_adpt+qwen3_8b-dj_adpt,33.0,,3.256395101547241
cl_optim,distilroberta-dj_adpt+mini_l12-dj_adpt+mini_l6-dj_adpt+gte_base-dj_adpt+gtr_t5-dj_adpt+mpnet-dj_adpt+kalm_instruct_v2_5-dj_adpt+qwen3_06b-dj_adpt+qwen3_4b-dj_adpt+kalm_gemma3_12b-dj_adpt+llama_nemotron_8b-dj_adpt+qwen3_8b-dj_adpt,33.0,3.1755545139312744,
cl_optim,distilroberta-dj_adpt+mini_l12-dj_adpt+mini_l6-dj_adpt+gte_base-dj_adpt+gtr_t5-dj_adpt+mpnet-dj_adpt+kalm_instruct_v2_5-dj_adpt+qwen3_06b-dj_adpt+qwen3_4b-dj_adpt+kalm_gemma3_12b-dj_adpt+llama_nemotron_8b-dj_adpt+qwen3_8b-dj_adpt,34.0,,3.254091262817383
cl_optim,distilroberta-dj_adpt+mini_l12-dj_adpt+mini_l6-dj_adpt+gte_base-dj_adpt+gtr_t5-dj_adpt+mpnet-dj_adpt+kalm_instruct_v2_5-dj_adpt+qwen3_06b-dj_adpt+qwen3_4b-dj_adpt+kalm_gemma3_12b-dj_adpt+llama_nemotron_8b-dj_adpt+qwen3_8b-dj_adpt,34.0,3.1734611988067627,
cl_optim,distilroberta-dj_adpt+mini_l12-dj_adpt+mini_l6-dj_adpt+gte_base-dj_adpt+gtr_t5-dj_adpt+mpnet-dj_adpt+kalm_instruct_v2_5-dj_adpt+qwen3_06b-dj_adpt+qwen3_4b-dj_adpt+kalm_gemma3_12b-dj_adpt+llama_nemotron_8b-dj_adpt+qwen3_8b-dj_adpt,35.0,,3.253659725189209
cl_optim,distilroberta-dj_adpt+mini_l12-dj_adpt+mini_l6-dj_adpt+gte_base-dj_adpt+gtr_t5-dj_adpt+mpnet-dj_adpt+kalm_instruct_v2_5-dj_adpt+qwen3_06b-dj_adpt+qwen3_4b-dj_adpt+kalm_gemma3_12b-dj_adpt+llama_nemotron_8b-dj_adpt+qwen3_8b-dj_adpt,35.0,3.172219753265381,
cl_optim,distilroberta-dj_adpt+mini_l12-dj_adpt+mini_l6-dj_adpt+gte_base-dj_adpt+gtr_t5-dj_adpt+mpnet-dj_adpt+kalm_instruct_v2_5-dj_adpt+qwen3_06b-dj_adpt+qwen3_4b-dj_adpt+kalm_gemma3_12b-dj_adpt+llama_nemotron_8b-dj_adpt+qwen3_8b-dj_adpt,36.0,,3.2502760887145996
cl_optim,distilroberta-dj_adpt+mini_l12-dj_adpt+mini_l6-dj_adpt+gte_base-dj_adpt+gtr_t5-dj_adpt+mpnet-dj_adpt+kalm_instruct_v2_5-dj_adpt+qwen3_06b-dj_adpt+qwen3_4b-dj_adpt+kalm_gemma3_12b-dj_adpt+llama_nemotron_8b-dj_adpt+qwen3_8b-dj_adpt,36.0,3.1699867248535156,
cl_optim,distilroberta-dj_adpt+mini_l12-dj_adpt+mini_l6-dj_adpt+gte_base-dj_adpt+gtr_t5-dj_adpt+mpnet-dj_adpt+kalm_instruct_v2_5-dj_adpt+qwen3_06b-dj_adpt+qwen3_4b-dj_adpt+kalm_gemma3_12b-dj_adpt+llama_nemotron_8b-dj_adpt+qwen3_8b-dj_adpt,37.0,,3.2484941482543945
cl_optim,distilroberta-dj_adpt+mini_l12-dj_adpt+mini_l6-dj_adpt+gte_base-dj_adpt+gtr_t5-dj_adpt+mpnet-dj_adpt+kalm_instruct_v2_5-dj_adpt+qwen3_06b-dj_adpt+qwen3_4b-dj_adpt+kalm_gemma3_12b-dj_adpt+llama_nemotron_8b-dj_adpt+qwen3_8b-dj_adpt,37.0,3.168264627456665,
cl_optim,distilroberta-dj_adpt+mini_l12-dj_adpt+mini_l6-dj_adpt+gte_base-dj_adpt+gtr_t5-dj_adpt+mpnet-dj_adpt+kalm_instruct_v2_5-dj_adpt+qwen3_06b-dj_adpt+qwen3_4b-dj_adpt+kalm_gemma3_12b-dj_adpt+llama_nemotron_8b-dj_adpt+qwen3_8b-dj_adpt,38.0,,3.2492592334747314
cl_optim,distilroberta-dj_adpt+mini_l12-dj_adpt+mini_l6-dj_adpt+gte_base-dj_adpt+gtr_t5-dj_adpt+mpnet-dj_adpt+kalm_instruct_v2_5-dj_adpt+qwen3_06b-dj_adpt+qwen3_4b-dj_adpt+kalm_gemma3_12b-dj_adpt+llama_nemotron_8b-dj_adpt+qwen3_8b-dj_adpt,38.0,3.166613817214966,
cl_optim,distilroberta-dj_adpt+mini_l12-dj_adpt+mini_l6-dj_adpt+gte_base-dj_adpt+gtr_t5-dj_adpt+mpnet-dj_adpt+kalm_instruct_v2_5-dj_adpt+qwen3_06b-dj_adpt+qwen3_4b-dj_adpt+kalm_gemma3_12b-dj_adpt+llama_nemotron_8b-dj_adpt+qwen3_8b-dj_adpt,39.0,,3.2443325519561768
cl_optim,distilroberta-dj_adpt+mini_l12-dj_adpt+mini_l6-dj_adpt+gte_base-dj_adpt+gtr_t5-dj_adpt+mpnet-dj_adpt+kalm_instruct_v2_5-dj_adpt+qwen3_06b-dj_adpt+qwen3_4b-dj_adpt+kalm_gemma3_12b-dj_adpt+llama_nemotron_8b-dj_adpt+qwen3_8b-dj_adpt,39.0,3.1637766361236572,
cl_optim,distilroberta-dj_adpt+mini_l12-dj_adpt+mini_l6-dj_adpt+gte_base-dj_adpt+gtr_t5-dj_adpt+mpnet-dj_adpt+kalm_instruct_v2_5-dj_adpt+qwen3_06b-dj_adpt+qwen3_4b-dj_adpt+kalm_gemma3_12b-dj_adpt+llama_nemotron_8b-dj_adpt+qwen3_8b-dj_adpt,40.0,,3.2430126667022705
cl_optim,distilroberta-dj_adpt+mini_l12-dj_adpt+mini_l6-dj_adpt+gte_base-dj_adpt+gtr_t5-dj_adpt+mpnet-dj_adpt+kalm_instruct_v2_5-dj_adpt+qwen3_06b-dj_adpt+qwen3_4b-dj_adpt+kalm_gemma3_12b-dj_adpt+llama_nemotron_8b-dj_adpt+qwen3_8b-dj_adpt,40.0,3.1614418029785156,
cl_optim,distilroberta-dj_adpt+mini_l12-dj_adpt+mini_l6-dj_adpt+gte_base-dj_adpt+gtr_t5-dj_adpt+mpnet-dj_adpt+kalm_instruct_v2_5-dj_adpt+qwen3_06b-dj_adpt+qwen3_4b-dj_adpt+kalm_gemma3_12b-dj_adpt+llama_nemotron_8b-dj_adpt+qwen3_8b-dj_adpt,41.0,,3.240764856338501
cl_optim,distilroberta-dj_adpt+mini_l12-dj_adpt+mini_l6-dj_adpt+gte_base-dj_adpt+gtr_t5-dj_adpt+mpnet-dj_adpt+kalm_instruct_v2_5-dj_adpt+qwen3_06b-dj_adpt+qwen3_4b-dj_adpt+kalm_gemma3_12b-dj_adpt+llama_nemotron_8b-dj_adpt+qwen3_8b-dj_adpt,41.0,3.1599435806274414,
cl_optim,distilroberta-dj_adpt+mini_l12-dj_adpt+mini_l6-dj_adpt+gte_base-dj_adpt+gtr_t5-dj_adpt+mpnet-dj_adpt+kalm_instruct_v2_5-dj_adpt+qwen3_06b-dj_adpt+qwen3_4b-dj_adpt+kalm_gemma3_12b-dj_adpt+llama_nemotron_8b-dj_adpt+qwen3_8b-dj_adpt,42.0,,3.240285634994507
cl_optim,distilroberta-dj_adpt+mini_l12-dj_adpt+mini_l6-dj_adpt+gte_base-dj_adpt+gtr_t5-dj_adpt+mpnet-dj_adpt+kalm_instruct_v2_5-dj_adpt+qwen3_06b-dj_adpt+qwen3_4b-dj_adpt+kalm_gemma3_12b-dj_adpt+llama_nemotron_8b-dj_adpt+qwen3_8b-dj_adpt,42.0,3.1583566665649414,
cl_optim,distilroberta-dj_adpt+mini_l12-dj_adpt+mini_l6-dj_adpt+gte_base-dj_adpt+gtr_t5-dj_adpt+mpnet-dj_adpt+kalm_instruct_v2_5-dj_adpt+qwen3_06b-dj_adpt+qwen3_4b-dj_adpt+kalm_gemma3_12b-dj_adpt+llama_nemotron_8b-dj_adpt+qwen3_8b-dj_adpt,43.0,,3.2382588386535645
cl_optim,distilroberta-dj_adpt+mini_l12-dj_adpt+mini_l6-dj_adpt+gte_base-dj_adpt+gtr_t5-dj_adpt+mpnet-dj_adpt+kalm_instruct_v2_5-dj_adpt+qwen3_06b-dj_adpt+qwen3_4b-dj_adpt+kalm_gemma3_12b-dj_adpt+llama_nemotron_8b-dj_adpt+qwen3_8b-dj_adpt,43.0,3.156200885772705,
cl_optim,distilroberta-dj_adpt+mini_l12-dj_adpt+mini_l6-dj_adpt+gte_base-dj_adpt+gtr_t5-dj_adpt+mpnet-dj_adpt+kalm_instruct_v2_5-dj_adpt+qwen3_06b-dj_adpt+qwen3_4b-dj_adpt+kalm_gemma3_12b-dj_adpt+llama_nemotron_8b-dj_adpt+qwen3_8b-dj_adpt,44.0,,3.2383081912994385
cl_optim,distilroberta-dj_adpt+mini_l12-dj_adpt+mini_l6-dj_adpt+gte_base-dj_adpt+gtr_t5-dj_adpt+mpnet-dj_adpt+kalm_instruct_v2_5-dj_adpt+qwen3_06b-dj_adpt+qwen3_4b-dj_adpt+kalm_gemma3_12b-dj_adpt+llama_nemotron_8b-dj_adpt+qwen3_8b-dj_adpt,44.0,3.1547160148620605,
cl_optim,distilroberta-dj_adpt+mini_l12-dj_adpt+mini_l6-dj_adpt+gte_base-dj_adpt+gtr_t5-dj_adpt+mpnet-dj_adpt+kalm_instruct_v2_5-dj_adpt+qwen3_06b-dj_adpt+qwen3_4b-dj_adpt+kalm_gemma3_12b-dj_adpt+llama_nemotron_8b-dj_adpt+qwen3_8b-dj_adpt,45.0,,3.2347030639648438
cl_optim,distilroberta-dj_adpt+mini_l12-dj_adpt+mini_l6-dj_adpt+gte_base-dj_adpt+gtr_t5-dj_adpt+mpnet-dj_adpt+kalm_instruct_v2_5-dj_adpt+qwen3_06b-dj_adpt+qwen3_4b-dj_adpt+kalm_gemma3_12b-dj_adpt+llama_nemotron_8b-dj_adpt+qwen3_8b-dj_adpt,45.0,3.1529595851898193,
cl_optim,distilroberta-dj_adpt+mini_l12-dj_adpt+mini_l6-dj_adpt+gte_base-dj_adpt+gtr_t5-dj_adpt+mpnet-dj_adpt+kalm_instruct_v2_5-dj_adpt+qwen3_06b-dj_adpt+qwen3_4b-dj_adpt+kalm_gemma3_12b-dj_adpt+llama_nemotron_8b-dj_adpt+qwen3_8b-dj_adpt,46.0,,3.2335100173950195
cl_optim,distilroberta-dj_adpt+mini_l12-dj_adpt+mini_l6-dj_adpt+gte_base-dj_adpt+gtr_t5-dj_adpt+mpnet-dj_adpt+kalm_instruct_v2_5-dj_adpt+qwen3_06b-dj_adpt+qwen3_4b-dj_adpt+kalm_gemma3_12b-dj_adpt+llama_nemotron_8b-dj_adpt+qwen3_8b-dj_adpt,46.0,3.151287078857422,
cl_optim,distilroberta-dj_adpt+mini_l12-dj_adpt+mini_l6-dj_adpt+gte_base-dj_adpt+gtr_t5-dj_adpt+mpnet-dj_adpt+kalm_instruct_v2_5-dj_adpt+qwen3_06b-dj_adpt+qwen3_4b-dj_adpt+kalm_gemma3_12b-dj_adpt+llama_nemotron_8b-dj_adpt+qwen3_8b-dj_adpt,47.0,,3.2360095977783203
cl_optim,distilroberta-dj_adpt+mini_l12-dj_adpt+mini_l6-dj_adpt+gte_base-dj_adpt+gtr_t5-dj_adpt+mpnet-dj_adpt+kalm_instruct_v2_5-dj_adpt+qwen3_06b-dj_adpt+qwen3_4b-dj_adpt+kalm_gemma3_12b-dj_adpt+llama_nemotron_8b-dj_adpt+qwen3_8b-dj_adpt,47.0,3.149904489517212,
cl_optim,distilroberta-dj_adpt+mini_l12-dj_adpt+mini_l6-dj_adpt+gte_base-dj_adpt+gtr_t5-dj_adpt+mpnet-dj_adpt+kalm_instruct_v2_5-dj_adpt+qwen3_06b-dj_adpt+qwen3_4b-dj_adpt+kalm_gemma3_12b-dj_adpt+llama_nemotron_8b-dj_adpt+qwen3_8b-dj_adpt,48.0,,3.2309606075286865
cl_optim,distilroberta-dj_adpt+mini_l12-dj_adpt+mini_l6-dj_adpt+gte_base-dj_adpt+gtr_t5-dj_adpt+mpnet-dj_adpt+kalm_instruct_v2_5-dj_adpt+qwen3_06b-dj_adpt+qwen3_4b-dj_adpt+kalm_gemma3_12b-dj_adpt+llama_nemotron_8b-dj_adpt+qwen3_8b-dj_adpt,48.0,3.1483170986175537,
cl_optim,distilroberta-dj_adpt+mini_l12-dj_adpt+mini_l6-dj_adpt+gte_base-dj_adpt+gtr_t5-dj_adpt+mpnet-dj_adpt+kalm_instruct_v2_5-dj_adpt+qwen3_06b-dj_adpt+qwen3_4b-dj_adpt+kalm_gemma3_12b-dj_adpt+llama_nemotron_8b-dj_adpt+qwen3_8b-dj_adpt,49.0,,3.2313482761383057
cl_optim,distilroberta-dj_adpt+mini_l12-dj_adpt+mini_l6-dj_adpt+gte_base-dj_adpt+gtr_t5-dj_adpt+mpnet-dj_adpt+kalm_instruct_v2_5-dj_adpt+qwen3_06b-dj_adpt+qwen3_4b-dj_adpt+kalm_gemma3_12b-dj_adpt+llama_nemotron_8b-dj_adpt+qwen3_8b-dj_adpt,49.0,3.1463725566864014,
cl_optim,distilroberta-dj_adpt+mini_l12-dj_adpt+mini_l6-dj_adpt+gte_base-dj_adpt+gtr_t5-dj_adpt+mpnet-dj_adpt+kalm_instruct_v2_5-dj_adpt+qwen3_06b-dj_adpt+qwen3_4b-dj_adpt+kalm_gemma3_12b-dj_adpt+llama_nemotron_8b-dj_adpt+qwen3_8b-dj_adpt,50.0,,3.228379726409912
cl_optim,distilroberta-dj_adpt+mini_l12-dj_adpt+mini_l6-dj_adpt+gte_base-dj_adpt+gtr_t5-dj_adpt+mpnet-dj_adpt+kalm_instruct_v2_5-dj_adpt+qwen3_06b-dj_adpt+qwen3_4b-dj_adpt+kalm_gemma3_12b-dj_adpt+llama_nemotron_8b-dj_adpt+qwen3_8b-dj_adpt,50.0,3.144770383834839,
cl_optim,distilroberta-dj_adpt+mini_l12-dj_adpt+mini_l6-dj_adpt+gte_base-dj_adpt+gtr_t5-dj_adpt+mpnet-dj_adpt+kalm_instruct_v2_5-dj_adpt+qwen3_06b-dj_adpt+qwen3_4b-dj_adpt+kalm_gemma3_12b-dj_adpt+llama_nemotron_8b-dj_adpt+qwen3_8b-dj_adpt,51.0,,3.227579116821289
cl_optim,distilroberta-dj_adpt+mini_l12-dj_adpt+mini_l6-dj_adpt+gte_base-dj_adpt+gtr_t5-dj_adpt+mpnet-dj_adpt+kalm_instruct_v2_5-dj_adpt+qwen3_06b-dj_adpt+qwen3_4b-dj_adpt+kalm_gemma3_12b-dj_adpt+llama_nemotron_8b-dj_adpt+qwen3_8b-dj_adpt,51.0,3.1436517238616943,
cl_optim,distilroberta-dj_adpt+mini_l12-dj_adpt+mini_l6-dj_adpt+gte_base-dj_adpt+gtr_t5-dj_adpt+mpnet-dj_adpt+kalm_instruct_v2_5-dj_adpt+qwen3_06b-dj_adpt+qwen3_4b-dj_adpt+kalm_gemma3_12b-dj_adpt+llama_nemotron_8b-dj_adpt+qwen3_8b-dj_adpt,52.0,,3.2255234718322754
cl_optim,distilroberta-dj_adpt+mini_l12-dj_adpt+mini_l6-dj_adpt+gte_base-dj_adpt+gtr_t5-dj_adpt+mpnet-dj_adpt+kalm_instruct_v2_5-dj_adpt+qwen3_06b-dj_adpt+qwen3_4b-dj_adpt+kalm_gemma3_12b-dj_adpt+llama_nemotron_8b-dj_adpt+qwen3_8b-dj_adpt,52.0,3.142383337020874,
cl_optim,distilroberta-dj_adpt+mini_l12-dj_adpt+mini_l6-dj_adpt+gte_base-dj_adpt+gtr_t5-dj_adpt+mpnet-dj_adpt+kalm_instruct_v2_5-dj_adpt+qwen3_06b-dj_adpt+qwen3_4b-dj_adpt+kalm_gemma3_12b-dj_adpt+llama_nemotron_8b-dj_adpt+qwen3_8b-dj_adpt,53.0,,3.2256367206573486
cl_optim,distilroberta-dj_adpt+mini_l12-dj_adpt+mini_l6-dj_adpt+gte_base-dj_adpt+gtr_t5-dj_adpt+mpnet-dj_adpt+kalm_instruct_v2_5-dj_adpt+qwen3_06b-dj_adpt+qwen3_4b-dj_adpt+kalm_gemma3_12b-dj_adpt+llama_nemotron_8b-dj_adpt+qwen3_8b-dj_adpt,53.0,3.142340898513794,
cl_optim,distilroberta-dj_adpt+mini_l12-dj_adpt+mini_l6-dj_adpt+gte_base-dj_adpt+gtr_t5-dj_adpt+mpnet-dj_adpt+kalm_instruct_v2_5-dj_adpt+qwen3_06b-dj_adpt+qwen3_4b-dj_adpt+kalm_gemma3_12b-dj_adpt+llama_nemotron_8b-dj_adpt+qwen3_8b-dj_adpt,54.0,,3.2216737270355225
cl_optim,distilroberta-dj_adpt+mini_l12-dj_adpt+mini_l6-dj_adpt+gte_base-dj_adpt+gtr_t5-dj_adpt+mpnet-dj_adpt+kalm_instruct_v2_5-dj_adpt+qwen3_06b-dj_adpt+qwen3_4b-dj_adpt+kalm_gemma3_12b-dj_adpt+llama_nemotron_8b-dj_adpt+qwen3_8b-dj_adpt,54.0,3.1395604610443115,
cl_optim,distilroberta-dj_adpt+mini_l12-dj_adpt+mini_l6-dj_adpt+gte_base-dj_adpt+gtr_t5-dj_adpt+mpnet-dj_adpt+kalm_instruct_v2_5-dj_adpt+qwen3_06b-dj_adpt+qwen3_4b-dj_adpt+kalm_gemma3_12b-dj_adpt+llama_nemotron_8b-dj_adpt+qwen3_8b-dj_adpt,55.0,,3.2213518619537354
cl_optim,distilroberta-dj_adpt+mini_l12-dj_adpt+mini_l6-dj_adpt+gte_base-dj_adpt+gtr_t5-dj_adpt+mpnet-dj_adpt+kalm_instruct_v2_5-dj_adpt+qwen3_06b-dj_adpt+qwen3_4b-dj_adpt+kalm_gemma3_12b-dj_adpt+llama_nemotron_8b-dj_adpt+qwen3_8b-dj_adpt,55.0,3.137408971786499,
cl_optim,distilroberta-dj_adpt+mini_l12-dj_adpt+mini_l6-dj_adpt+gte_base-dj_adpt+gtr_t5-dj_adpt+mpnet-dj_adpt+kalm_instruct_v2_5-dj_adpt+qwen3_06b-dj_adpt+qwen3_4b-dj_adpt+kalm_gemma3_12b-dj_adpt+llama_nemotron_8b-dj_adpt+qwen3_8b-dj_adpt,56.0,,3.222018241882324
cl_optim,distilroberta-dj_adpt+mini_l12-dj_adpt+mini_l6-dj_adpt+gte_base-dj_adpt+gtr_t5-dj_adpt+mpnet-dj_adpt+kalm_instruct_v2_5-dj_adpt+qwen3_06b-dj_adpt+qwen3_4b-dj_adpt+kalm_gemma3_12b-dj_adpt+llama_nemotron_8b-dj_adpt+qwen3_8b-dj_adpt,56.0,3.1369192600250244,
cl_optim,distilroberta-dj_adpt+mini_l12-dj_adpt+mini_l6-dj_adpt+gte_base-dj_adpt+gtr_t5-dj_adpt+mpnet-dj_adpt+kalm_instruct_v2_5-dj_adpt+qwen3_06b-dj_adpt+qwen3_4b-dj_adpt+kalm_gemma3_12b-dj_adpt+llama_nemotron_8b-dj_adpt+qwen3_8b-dj_adpt,57.0,,3.218431234359741
cl_optim,distilroberta-dj_adpt+mini_l12-dj_adpt+mini_l6-dj_adpt+gte_base-dj_adpt+gtr_t5-dj_adpt+mpnet-dj_adpt+kalm_instruct_v2_5-dj_adpt+qwen3_06b-dj_adpt+qwen3_4b-dj_adpt+kalm_gemma3_12b-dj_adpt+llama_nemotron_8b-dj_adpt+qwen3_8b-dj_adpt,57.0,3.1347577571868896,
cl_optim,distilroberta-dj_adpt+mini_l12-dj_adpt+mini_l6-dj_adpt+gte_base-dj_adpt+gtr_t5-dj_adpt+mpnet-dj_adpt+kalm_instruct_v2_5-dj_adpt+qwen3_06b-dj_adpt+qwen3_4b-dj_adpt+kalm_gemma3_12b-dj_adpt+llama_nemotron_8b-dj_adpt+qwen3_8b-dj_adpt,58.0,,3.2171998023986816
cl_optim,distilroberta-dj_adpt+mini_l12-dj_adpt+mini_l6-dj_adpt+gte_base-dj_adpt+gtr_t5-dj_adpt+mpnet-dj_adpt+kalm_instruct_v2_5-dj_adpt+qwen3_06b-dj_adpt+qwen3_4b-dj_adpt+kalm_gemma3_12b-dj_adpt+llama_nemotron_8b-dj_adpt+qwen3_8b-dj_adpt,58.0,3.133989095687866,
cl_optim,distilroberta-dj_adpt+mini_l12-dj_adpt+mini_l6-dj_adpt+gte_base-dj_adpt+gtr_t5-dj_adpt+mpnet-dj_adpt+kalm_instruct_v2_5-dj_adpt+qwen3_06b-dj_adpt+qwen3_4b-dj_adpt+kalm_gemma3_12b-dj_adpt+llama_nemotron_8b-dj_adpt+qwen3_8b-dj_adpt,59.0,,3.21863055229187
cl_optim,distilroberta-dj_adpt+mini_l12-dj_adpt+mini_l6-dj_adpt+gte_base-dj_adpt+gtr_t5-dj_adpt+mpnet-dj_adpt+kalm_instruct_v2_5-dj_adpt+qwen3_06b-dj_adpt+qwen3_4b-dj_adpt+kalm_gemma3_12b-dj_adpt+llama_nemotron_8b-dj_adpt+qwen3_8b-dj_adpt,59.0,3.132749080657959,
cl_optim,distilroberta-dj_adpt+mini_l12-dj_adpt+mini_l6-dj_adpt+gte_base-dj_adpt+gtr_t5-dj_adpt+mpnet-dj_adpt+kalm_instruct_v2_5-dj_adpt+qwen3_06b-dj_adpt+qwen3_4b-dj_adpt+kalm_gemma3_12b-dj_adpt+llama_nemotron_8b-dj_adpt+qwen3_8b-dj_adpt,60.0,,3.2161989212036133
cl_optim,distilroberta-dj_adpt+mini_l12-dj_adpt+mini_l6-dj_adpt+gte_base-dj_adpt+gtr_t5-dj_adpt+mpnet-dj_adpt+kalm_instruct_v2_5-dj_adpt+qwen3_06b-dj_adpt+qwen3_4b-dj_adpt+kalm_gemma3_12b-dj_adpt+llama_nemotron_8b-dj_adpt+qwen3_8b-dj_adpt,60.0,3.131659746170044,
cl_optim,distilroberta-dj_adpt+mini_l12-dj_adpt+mini_l6-dj_adpt+gte_base-dj_adpt+gtr_t5-dj_adpt+mpnet-dj_adpt+kalm_instruct_v2_5-dj_adpt+qwen3_06b-dj_adpt+qwen3_4b-dj_adpt+kalm_gemma3_12b-dj_adpt+llama_nemotron_8b-dj_adpt+qwen3_8b-dj_adpt,61.0,,3.216646432876587
cl_optim,distilroberta-dj_adpt+mini_l12-dj_adpt+mini_l6-dj_adpt+gte_base-dj_adpt+gtr_t5-dj_adpt+mpnet-dj_adpt+kalm_instruct_v2_5-dj_adpt+qwen3_06b-dj_adpt+qwen3_4b-dj_adpt+kalm_gemma3_12b-dj_adpt+llama_nemotron_8b-dj_adpt+qwen3_8b-dj_adpt,61.0,3.129990577697754,
cl_optim,distilroberta-dj_adpt+mini_l12-dj_adpt+mini_l6-dj_adpt+gte_base-dj_adpt+gtr_t5-dj_adpt+mpnet-dj_adpt+kalm_instruct_v2_5-dj_adpt+qwen3_06b-dj_adpt+qwen3_4b-dj_adpt+kalm_gemma3_12b-dj_adpt+llama_nemotron_8b-dj_adpt+qwen3_8b-dj_adpt,62.0,,3.2168819904327393
cl_optim,distilroberta-dj_adpt+mini_l12-dj_adpt+mini_l6-dj_adpt+gte_base-dj_adpt+gtr_t5-dj_adpt+mpnet-dj_adpt+kalm_instruct_v2_5-dj_adpt+qwen3_06b-dj_adpt+qwen3_4b-dj_adpt+kalm_gemma3_12b-dj_adpt+llama_nemotron_8b-dj_adpt+qwen3_8b-dj_adpt,62.0,3.129460096359253,
cl_optim,distilroberta-dj_adpt+mini_l12-dj_adpt+mini_l6-dj_adpt+gte_base-dj_adpt+gtr_t5-dj_adpt+mpnet-dj_adpt+kalm_instruct_v2_5-dj_adpt+qwen3_06b-dj_adpt+qwen3_4b-dj_adpt+kalm_gemma3_12b-dj_adpt+llama_nemotron_8b-dj_adpt+qwen3_8b-dj_adpt,63.0,,3.214031934738159
cl_optim,distilroberta-dj_adpt+mini_l12-dj_adpt+mini_l6-dj_adpt+gte_base-dj_adpt+gtr_t5-dj_adpt+mpnet-dj_adpt+kalm_instruct_v2_5-dj_adpt+qwen3_06b-dj_adpt+qwen3_4b-dj_adpt+kalm_gemma3_12b-dj_adpt+llama_nemotron_8b-dj_adpt+qwen3_8b-dj_adpt,63.0,3.127802610397339,
cl_optim,distilroberta-dj_adpt+mini_l12-dj_adpt+mini_l6-dj_adpt+gte_base-dj_adpt+gtr_t5-dj_adpt+mpnet-dj_adpt+kalm_instruct_v2_5-dj_adpt+qwen3_06b-dj_adpt+qwen3_4b-dj_adpt+kalm_gemma3_12b-dj_adpt+llama_nemotron_8b-dj_adpt+qwen3_8b-dj_adpt,64.0,,3.2125329971313477
cl_optim,distilroberta-dj_adpt+mini_l12-dj_adpt+mini_l6-dj_adpt+gte_base-dj_adpt+gtr_t5-dj_adpt+mpnet-dj_adpt+kalm_instruct_v2_5-dj_adpt+qwen3_06b-dj_adpt+qwen3_4b-dj_adpt+kalm_gemma3_12b-dj_adpt+llama_nemotron_8b-dj_adpt+qwen3_8b-dj_adpt,64.0,3.1272497177124023,
cl_optim,distilroberta-dj_adpt+mini_l12-dj_adpt+mini_l6-dj_adpt+gte_base-dj_adpt+gtr_t5-dj_adpt+mpnet-dj_adpt+kalm_instruct_v2_5-dj_adpt+qwen3_06b-dj_adpt+qwen3_4b-dj_adpt+kalm_gemma3_12b-dj_adpt+llama_nemotron_8b-dj_adpt+qwen3_8b-dj_adpt,65.0,,3.2108802795410156
cl_optim,distilroberta-dj_adpt+mini_l12-dj_adpt+mini_l6-dj_adpt+gte_base-dj_adpt+gtr_t5-dj_adpt+mpnet-dj_adpt+kalm_instruct_v2_5-dj_adpt+qwen3_06b-dj_adpt+qwen3_4b-dj_adpt+kalm_gemma3_12b-dj_adpt+llama_nemotron_8b-dj_adpt+qwen3_8b-dj_adpt,65.0,3.126263380050659,
cl_optim,distilroberta-dj_adpt+mini_l12-dj_adpt+mini_l6-dj_adpt+gte_base-dj_adpt+gtr_t5-dj_adpt+mpnet-dj_adpt+kalm_instruct_v2_5-dj_adpt+qwen3_06b-dj_adpt+qwen3_4b-dj_adpt+kalm_gemma3_12b-dj_adpt+llama_nemotron_8b-dj_adpt+qwen3_8b-dj_adpt,66.0,,3.2095694541931152
cl_optim,distilroberta-dj_adpt+mini_l12-dj_adpt+mini_l6-dj_adpt+gte_base-dj_adpt+gtr_t5-dj_adpt+mpnet-dj_adpt+kalm_instruct_v2_5-dj_adpt+qwen3_06b-dj_adpt+qwen3_4b-dj_adpt+kalm_gemma3_12b-dj_adpt+llama_nemotron_8b-dj_adpt+qwen3_8b-dj_adpt,66.0,3.1250927448272705,
cl_optim,distilroberta-dj_adpt+mini_l12-dj_adpt+mini_l6-dj_adpt+gte_base-dj_adpt+gtr_t5-dj_adpt+mpnet-dj_adpt+kalm_instruct_v2_5-dj_adpt+qwen3_06b-dj_adpt+qwen3_4b-dj_adpt+kalm_gemma3_12b-dj_adpt+llama_nemotron_8b-dj_adpt+qwen3_8b-dj_adpt,67.0,,3.2089169025421143
cl_optim,distilroberta-dj_adpt+mini_l12-dj_adpt+mini_l6-dj_adpt+gte_base-dj_adpt+gtr_t5-dj_adpt+mpnet-dj_adpt+kalm_instruct_v2_5-dj_adpt+qwen3_06b-dj_adpt+qwen3_4b-dj_adpt+kalm_gemma3_12b-dj_adpt+llama_nemotron_8b-dj_adpt+qwen3_8b-dj_adpt,67.0,3.1248035430908203,
cl_optim,distilroberta-dj_adpt+mini_l12-dj_adpt+mini_l6-dj_adpt+gte_base-dj_adpt+gtr_t5-dj_adpt+mpnet-dj_adpt+kalm_instruct_v2_5-dj_adpt+qwen3_06b-dj_adpt+qwen3_4b-dj_adpt+kalm_gemma3_12b-dj_adpt+llama_nemotron_8b-dj_adpt+qwen3_8b-dj_adpt,68.0,,3.2100019454956055
cl_optim,distilroberta-dj_adpt+mini_l12-dj_adpt+mini_l6-dj_adpt+gte_base-dj_adpt+gtr_t5-dj_adpt+mpnet-dj_adpt+kalm_instruct_v2_5-dj_adpt+qwen3_06b-dj_adpt+qwen3_4b-dj_adpt+kalm_gemma3_12b-dj_adpt+llama_nemotron_8b-dj_adpt+qwen3_8b-dj_adpt,68.0,3.1225481033325195,
cl_optim,distilroberta-dj_adpt+mini_l12-dj_adpt+mini_l6-dj_adpt+gte_base-dj_adpt+gtr_t5-dj_adpt+mpnet-dj_adpt+kalm_instruct_v2_5-dj_adpt+qwen3_06b-dj_adpt+qwen3_4b-dj_adpt+kalm_gemma3_12b-dj_adpt+llama_nemotron_8b-dj_adpt+qwen3_8b-dj_adpt,69.0,,3.207275867462158
cl_optim,distilroberta-dj_adpt+mini_l12-dj_adpt+mini_l6-dj_adpt+gte_base-dj_adpt+gtr_t5-dj_adpt+mpnet-dj_adpt+kalm_instruct_v2_5-dj_adpt+qwen3_06b-dj_adpt+qwen3_4b-dj_adpt+kalm_gemma3_12b-dj_adpt+llama_nemotron_8b-dj_adpt+qwen3_8b-dj_adpt,69.0,3.1213881969451904,
cl_optim,distilroberta-dj_adpt+mini_l12-dj_adpt+mini_l6-dj_adpt+gte_base-dj_adpt+gtr_t5-dj_adpt+mpnet-dj_adpt+kalm_instruct_v2_5-dj_adpt+qwen3_06b-dj_adpt+qwen3_4b-dj_adpt+kalm_gemma3_12b-dj_adpt+llama_nemotron_8b-dj_adpt+qwen3_8b-dj_adpt,70.0,,3.2059855461120605
cl_optim,distilroberta-dj_adpt+mini_l12-dj_adpt+mini_l6-dj_adpt+gte_base-dj_adpt+gtr_t5-dj_adpt+mpnet-dj_adpt+kalm_instruct_v2_5-dj_adpt+qwen3_06b-dj_adpt+qwen3_4b-dj_adpt+kalm_gemma3_12b-dj_adpt+llama_nemotron_8b-dj_adpt+qwen3_8b-dj_adpt,70.0,3.120969533920288,
cl_optim,distilroberta-dj_adpt+mini_l12-dj_adpt+mini_l6-dj_adpt+gte_base-dj_adpt+gtr_t5-dj_adpt+mpnet-dj_adpt+kalm_instruct_v2_5-dj_adpt+qwen3_06b-dj_adpt+qwen3_4b-dj_adpt+kalm_gemma3_12b-dj_adpt+llama_nemotron_8b-dj_adpt+qwen3_8b-dj_adpt,71.0,,3.205251693725586
cl_optim,distilroberta-dj_adpt+mini_l12-dj_adpt+mini_l6-dj_adpt+gte_base-dj_adpt+gtr_t5-dj_adpt+mpnet-dj_adpt+kalm_instruct_v2_5-dj_adpt+qwen3_06b-dj_adpt+qwen3_4b-dj_adpt+kalm_gemma3_12b-dj_adpt+llama_nemotron_8b-dj_adpt+qwen3_8b-dj_adpt,71.0,3.1196272373199463,
cl_optim,distilroberta-dj_adpt+mini_l12-dj_adpt+mini_l6-dj_adpt+gte_base-dj_adpt+gtr_t5-dj_adpt+mpnet-dj_adpt+kalm_instruct_v2_5-dj_adpt+qwen3_06b-dj_adpt+qwen3_4b-dj_adpt+kalm_gemma3_12b-dj_adpt+llama_nemotron_8b-dj_adpt+qwen3_8b-dj_adpt,72.0,,3.206205129623413
cl_optim,distilroberta-dj_adpt+mini_l12-dj_adpt+mini_l6-dj_adpt+gte_base-dj_adpt+gtr_t5-dj_adpt+mpnet-dj_adpt+kalm_instruct_v2_5-dj_adpt+qwen3_06b-dj_adpt+qwen3_4b-dj_adpt+kalm_gemma3_12b-dj_adpt+llama_nemotron_8b-dj_adpt+qwen3_8b-dj_adpt,72.0,3.118715524673462,
cl_optim,distilroberta-dj_adpt+mini_l12-dj_adpt+mini_l6-dj_adpt+gte_base-dj_adpt+gtr_t5-dj_adpt+mpnet-dj_adpt+kalm_instruct_v2_5-dj_adpt+qwen3_06b-dj_adpt+qwen3_4b-dj_adpt+kalm_gemma3_12b-dj_adpt+llama_nemotron_8b-dj_adpt+qwen3_8b-dj_adpt,73.0,,3.206594705581665
cl_optim,distilroberta-dj_adpt+mini_l12-dj_adpt+mini_l6-dj_adpt+gte_base-dj_adpt+gtr_t5-dj_adpt+mpnet-dj_adpt+kalm_instruct_v2_5-dj_adpt+qwen3_06b-dj_adpt+qwen3_4b-dj_adpt+kalm_gemma3_12b-dj_adpt+llama_nemotron_8b-dj_adpt+qwen3_8b-dj_adpt,73.0,3.1177334785461426,
cl_optim,distilroberta-dj_adpt+mini_l12-dj_adpt+mini_l6-dj_adpt+gte_base-dj_adpt+gtr_t5-dj_adpt+mpnet-dj_adpt+kalm_instruct_v2_5-dj_adpt+qwen3_06b-dj_adpt+qwen3_4b-dj_adpt+kalm_gemma3_12b-dj_adpt+llama_nemotron_8b-dj_adpt+qwen3_8b-dj_adpt,74.0,,3.202548027038574
cl_optim,distilroberta-dj_adpt+mini_l12-dj_adpt+mini_l6-dj_adpt+gte_base-dj_adpt+gtr_t5-dj_adpt+mpnet-dj_adpt+kalm_instruct_v2_5-dj_adpt+qwen3_06b-dj_adpt+qwen3_4b-dj_adpt+kalm_gemma3_12b-dj_adpt+llama_nemotron_8b-dj_adpt+qwen3_8b-dj_adpt,74.0,3.1169912815093994,
cl_optim,distilroberta-dj_adpt+mini_l12-dj_adpt+mini_l6-dj_adpt+gte_base-dj_adpt+gtr_t5-dj_adpt+mpnet-dj_adpt+kalm_instruct_v2_5-dj_adpt+qwen3_06b-dj_adpt+qwen3_4b-dj_adpt+kalm_gemma3_12b-dj_adpt+llama_nemotron_8b-dj_adpt+qwen3_8b-dj_adpt,75.0,,3.201584577560425
cl_optim,distilroberta-dj_adpt+mini_l12-dj_adpt+mini_l6-dj_adpt+gte_base-dj_adpt+gtr_t5-dj_adpt+mpnet-dj_adpt+kalm_instruct_v2_5-dj_adpt+qwen3_06b-dj_adpt+qwen3_4b-dj_adpt+kalm_gemma3_12b-dj_adpt+llama_nemotron_8b-dj_adpt+qwen3_8b-dj_adpt,75.0,3.1163887977600098,
cl_optim,distilroberta-dj_adpt+mini_l12-dj_adpt+mini_l6-dj_adpt+gte_base-dj_adpt+gtr_t5-dj_adpt+mpnet-dj_adpt+kalm_instruct_v2_5-dj_adpt+qwen3_06b-dj_adpt+qwen3_4b-dj_adpt+kalm_gemma3_12b-dj_adpt+llama_nemotron_8b-dj_adpt+qwen3_8b-dj_adpt,76.0,,3.203798770904541
cl_optim,distilroberta-dj_adpt+mini_l12-dj_adpt+mini_l6-dj_adpt+gte_base-dj_adpt+gtr_t5-dj_adpt+mpnet-dj_adpt+kalm_instruct_v2_5-dj_adpt+qwen3_06b-dj_adpt+qwen3_4b-dj_adpt+kalm_gemma3_12b-dj_adpt+llama_nemotron_8b-dj_adpt+qwen3_8b-dj_adpt,76.0,3.1143174171447754,
cl_optim,distilroberta-dj_adpt+mini_l12-dj_adpt+mini_l6-dj_adpt+gte_base-dj_adpt+gtr_t5-dj_adpt+mpnet-dj_adpt+kalm_instruct_v2_5-dj_adpt+qwen3_06b-dj_adpt+qwen3_4b-dj_adpt+kalm_gemma3_12b-dj_adpt+llama_nemotron_8b-dj_adpt+qwen3_8b-dj_adpt,77.0,,3.2030797004699707
cl_optim,distilroberta-dj_adpt+mini_l12-dj_adpt+mini_l6-dj_adpt+gte_base-dj_adpt+gtr_t5-dj_adpt+mpnet-dj_adpt+kalm_instruct_v2_5-dj_adpt+qwen3_06b-dj_adpt+qwen3_4b-dj_adpt+kalm_gemma3_12b-dj_adpt+llama_nemotron_8b-dj_adpt+qwen3_8b-dj_adpt,77.0,3.113750696182251,
cl_optim,distilroberta-dj_adpt+mini_l12-dj_adpt+mini_l6-dj_adpt+gte_base-dj_adpt+gtr_t5-dj_adpt+mpnet-dj_adpt+kalm_instruct_v2_5-dj_adpt+qwen3_06b-dj_adpt+qwen3_4b-dj_adpt+kalm_gemma3_12b-dj_adpt+llama_nemotron_8b-dj_adpt+qwen3_8b-dj_adpt,78.0,,3.2001547813415527
cl_optim,distilroberta-dj_adpt+mini_l12-dj_adpt+mini_l6-dj_adpt+gte_base-dj_adpt+gtr_t5-dj_adpt+mpnet-dj_adpt+kalm_instruct_v2_5-dj_adpt+qwen3_06b-dj_adpt+qwen3_4b-dj_adpt+kalm_gemma3_12b-dj_adpt+llama_nemotron_8b-dj_adpt+qwen3_8b-dj_adpt,78.0,3.1135876178741455,
cl_optim,distilroberta-dj_adpt+mini_l12-dj_adpt+mini_l6-dj_adpt+gte_base-dj_adpt+gtr_t5-dj_adpt+mpnet-dj_adpt+kalm_instruct_v2_5-dj_adpt+qwen3_06b-dj_adpt+qwen3_4b-dj_adpt+kalm_gemma3_12b-dj_adpt+llama_nemotron_8b-dj_adpt+qwen3_8b-dj_adpt,79.0,,3.1998674869537354
cl_optim,distilroberta-dj_adpt+mini_l12-dj_adpt+mini_l6-dj_adpt+gte_base-dj_adpt+gtr_t5-dj_adpt+mpnet-dj_adpt+kalm_instruct_v2_5-dj_adpt+qwen3_06b-dj_adpt+qwen3_4b-dj_adpt+kalm_gemma3_12b-dj_adpt+llama_nemotron_8b-dj_adpt+qwen3_8b-dj_adpt,79.0,3.1122965812683105,
cl_optim,distilroberta-dj_adpt+mini_l12-dj_adpt+mini_l6-dj_adpt+gte_base-dj_adpt+gtr_t5-dj_adpt+mpnet-dj_adpt+kalm_instruct_v2_5-dj_adpt+qwen3_06b-dj_adpt+qwen3_4b-dj_adpt+kalm_gemma3_12b-dj_adpt+llama_nemotron_8b-dj_adpt+qwen3_8b-dj_adpt,80.0,,3.1968626976013184
cl_optim,distilroberta-dj_adpt+mini_l12-dj_adpt+mini_l6-dj_adpt+gte_base-dj_adpt+gtr_t5-dj_adpt+mpnet-dj_adpt+kalm_instruct_v2_5-dj_adpt+qwen3_06b-dj_adpt+qwen3_4b-dj_adpt+kalm_gemma3_12b-dj_adpt+llama_nemotron_8b-dj_adpt+qwen3_8b-dj_adpt,80.0,3.11116886138916,
cl_optim,distilroberta-dj_adpt+mini_l12-dj_adpt+mini_l6-dj_adpt+gte_base-dj_adpt+gtr_t5-dj_adpt+mpnet-dj_adpt+kalm_instruct_v2_5-dj_adpt+qwen3_06b-dj_adpt+qwen3_4b-dj_adpt+kalm_gemma3_12b-dj_adpt+llama_nemotron_8b-dj_adpt+qwen3_8b-dj_adpt,81.0,,3.1981899738311768
cl_optim,distilroberta-dj_adpt+mini_l12-dj_adpt+mini_l6-dj_adpt+gte_base-dj_adpt+gtr_t5-dj_adpt+mpnet-dj_adpt+kalm_instruct_v2_5-dj_adpt+qwen3_06b-dj_adpt+qwen3_4b-dj_adpt+kalm_gemma3_12b-dj_adpt+llama_nemotron_8b-dj_adpt+qwen3_8b-dj_adpt,81.0,3.110708713531494,
cl_optim,distilroberta-dj_adpt+mini_l12-dj_adpt+mini_l6-dj_adpt+gte_base-dj_adpt+gtr_t5-dj_adpt+mpnet-dj_adpt+kalm_instruct_v2_5-dj_adpt+qwen3_06b-dj_adpt+qwen3_4b-dj_adpt+kalm_gemma3_12b-dj_adpt+llama_nemotron_8b-dj_adpt+qwen3_8b-dj_adpt,82.0,,3.1961731910705566
cl_optim,distilroberta-dj_adpt+mini_l12-dj_adpt+mini_l6-dj_adpt+gte_base-dj_adpt+gtr_t5-dj_adpt+mpnet-dj_adpt+kalm_instruct_v2_5-dj_adpt+qwen3_06b-dj_adpt+qwen3_4b-dj_adpt+kalm_gemma3_12b-dj_adpt+llama_nemotron_8b-dj_adpt+qwen3_8b-dj_adpt,82.0,3.1096596717834473,
cl_optim,distilroberta-dj_adpt+mini_l12-dj_adpt+mini_l6-dj_adpt+gte_base-dj_adpt+gtr_t5-dj_adpt+mpnet-dj_adpt+kalm_instruct_v2_5-dj_adpt+qwen3_06b-dj_adpt+qwen3_4b-dj_adpt+kalm_gemma3_12b-dj_adpt+llama_nemotron_8b-dj_adpt+qwen3_8b-dj_adpt,83.0,,3.1952505111694336
cl_optim,distilroberta-dj_adpt+mini_l12-dj_adpt+mini_l6-dj_adpt+gte_base-dj_adpt+gtr_t5-dj_adpt+mpnet-dj_adpt+kalm_instruct_v2_5-dj_adpt+qwen3_06b-dj_adpt+qwen3_4b-dj_adpt+kalm_gemma3_12b-dj_adpt+llama_nemotron_8b-dj_adpt+qwen3_8b-dj_adpt,83.0,3.1083741188049316,
cl_optim,distilroberta-dj_adpt+mini_l12-dj_adpt+mini_l6-dj_adpt+gte_base-dj_adpt+gtr_t5-dj_adpt+mpnet-dj_adpt+kalm_instruct_v2_5-dj_adpt+qwen3_06b-dj_adpt+qwen3_4b-dj_adpt+kalm_gemma3_12b-dj_adpt+llama_nemotron_8b-dj_adpt+qwen3_8b-dj_adpt,84.0,,3.195497512817383
cl_optim,distilroberta-dj_adpt+mini_l12-dj_adpt+mini_l6-dj_adpt+gte_base-dj_adpt+gtr_t5-dj_adpt+mpnet-dj_adpt+kalm_instruct_v2_5-dj_adpt+qwen3_06b-dj_adpt+qwen3_4b-dj_adpt+kalm_gemma3_12b-dj_adpt+llama_nemotron_8b-dj_adpt+qwen3_8b-dj_adpt,84.0,3.107597589492798,
cl_optim,distilroberta-dj_adpt+mini_l12-dj_adpt+mini_l6-dj_adpt+gte_base-dj_adpt+gtr_t5-dj_adpt+mpnet-dj_adpt+kalm_instruct_v2_5-dj_adpt+qwen3_06b-dj_adpt+qwen3_4b-dj_adpt+kalm_gemma3_12b-dj_adpt+llama_nemotron_8b-dj_adpt+qwen3_8b-dj_adpt,85.0,,3.194511651992798
cl_optim,distilroberta-dj_adpt+mini_l12-dj_adpt+mini_l6-dj_adpt+gte_base-dj_adpt+gtr_t5-dj_adpt+mpnet-dj_adpt+kalm_instruct_v2_5-dj_adpt+qwen3_06b-dj_adpt+qwen3_4b-dj_adpt+kalm_gemma3_12b-dj_adpt+llama_nemotron_8b-dj_adpt+qwen3_8b-dj_adpt,85.0,3.1070315837860107,
cl_optim,distilroberta-dj_adpt+mini_l12-dj_adpt+mini_l6-dj_adpt+gte_base-dj_adpt+gtr_t5-dj_adpt+mpnet-dj_adpt+kalm_instruct_v2_5-dj_adpt+qwen3_06b-dj_adpt+qwen3_4b-dj_adpt+kalm_gemma3_12b-dj_adpt+llama_nemotron_8b-dj_adpt+qwen3_8b-dj_adpt,86.0,,3.1935458183288574
cl_optim,distilroberta-dj_adpt+mini_l12-dj_adpt+mini_l6-dj_adpt+gte_base-dj_adpt+gtr_t5-dj_adpt+mpnet-dj_adpt+kalm_instruct_v2_5-dj_adpt+qwen3_06b-dj_adpt+qwen3_4b-dj_adpt+kalm_gemma3_12b-dj_adpt+llama_nemotron_8b-dj_adpt+qwen3_8b-dj_adpt,86.0,3.1055352687835693,
cl_optim,distilroberta-dj_adpt+mini_l12-dj_adpt+mini_l6-dj_adpt+gte_base-dj_adpt+gtr_t5-dj_adpt+mpnet-dj_adpt+kalm_instruct_v2_5-dj_adpt+qwen3_06b-dj_adpt+qwen3_4b-dj_adpt+kalm_gemma3_12b-dj_adpt+llama_nemotron_8b-dj_adpt+qwen3_8b-dj_adpt,87.0,,3.1938085556030273
cl_optim,distilroberta-dj_adpt+mini_l12-dj_adpt+mini_l6-dj_adpt+gte_base-dj_adpt+gtr_t5-dj_adpt+mpnet-dj_adpt+kalm_instruct_v2_5-dj_adpt+qwen3_06b-dj_adpt+qwen3_4b-dj_adpt+kalm_gemma3_12b-dj_adpt+llama_nemotron_8b-dj_adpt+qwen3_8b-dj_adpt,87.0,3.1053364276885986,
cl_optim,distilroberta-dj_adpt+mini_l12-dj_adpt+mini_l6-dj_adpt+gte_base-dj_adpt+gtr_t5-dj_adpt+mpnet-dj_adpt+kalm_instruct_v2_5-dj_adpt+qwen3_06b-dj_adpt+qwen3_4b-dj_adpt+kalm_gemma3_12b-dj_adpt+llama_nemotron_8b-dj_adpt+qwen3_8b-dj_adpt,88.0,,3.1921226978302
cl_optim,distilroberta-dj_adpt+mini_l12-dj_adpt+mini_l6-dj_adpt+gte_base-dj_adpt+gtr_t5-dj_adpt+mpnet-dj_adpt+kalm_instruct_v2_5-dj_adpt+qwen3_06b-dj_adpt+qwen3_4b-dj_adpt+kalm_gemma3_12b-dj_adpt+llama_nemotron_8b-dj_adpt+qwen3_8b-dj_adpt,88.0,3.1049582958221436,
cl_optim,distilroberta-dj_adpt+mini_l12-dj_adpt+mini_l6-dj_adpt+gte_base-dj_adpt+gtr_t5-dj_adpt+mpnet-dj_adpt+kalm_instruct_v2_5-dj_adpt+qwen3_06b-dj_adpt+qwen3_4b-dj_adpt+kalm_gemma3_12b-dj_adpt+llama_nemotron_8b-dj_adpt+qwen3_8b-dj_adpt,89.0,,3.1911861896514893
cl_optim,distilroberta-dj_adpt+mini_l12-dj_adpt+mini_l6-dj_adpt+gte_base-dj_adpt+gtr_t5-dj_adpt+mpnet-dj_adpt+kalm_instruct_v2_5-dj_adpt+qwen3_06b-dj_adpt+qwen3_4b-dj_adpt+kalm_gemma3_12b-dj_adpt+llama_nemotron_8b-dj_adpt+qwen3_8b-dj_adpt,89.0,3.102959632873535,
cl_optim,distilroberta-dj_adpt+mini_l12-dj_adpt+mini_l6-dj_adpt+gte_base-dj_adpt+gtr_t5-dj_adpt+mpnet-dj_adpt+kalm_instruct_v2_5-dj_adpt+qwen3_06b-dj_adpt+qwen3_4b-dj_adpt+kalm_gemma3_12b-dj_adpt+llama_nemotron_8b-dj_adpt+qwen3_8b-dj_adpt,90.0,,3.190871477127075
cl_optim,distilroberta-dj_adpt+mini_l12-dj_adpt+mini_l6-dj_adpt+gte_base-dj_adpt+gtr_t5-dj_adpt+mpnet-dj_adpt+kalm_instruct_v2_5-dj_adpt+qwen3_06b-dj_adpt+qwen3_4b-dj_adpt+kalm_gemma3_12b-dj_adpt+llama_nemotron_8b-dj_adpt+qwen3_8b-dj_adpt,90.0,3.102832794189453,
cl_optim,distilroberta-dj_adpt+mini_l12-dj_adpt+mini_l6-dj_adpt+gte_base-dj_adpt+gtr_t5-dj_adpt+mpnet-dj_adpt+kalm_instruct_v2_5-dj_adpt+qwen3_06b-dj_adpt+qwen3_4b-dj_adpt+kalm_gemma3_12b-dj_adpt+llama_nemotron_8b-dj_adpt+qwen3_8b-dj_adpt,91.0,,3.190614700317383
cl_optim,distilroberta-dj_adpt+mini_l12-dj_adpt+mini_l6-dj_adpt+gte_base-dj_adpt+gtr_t5-dj_adpt+mpnet-dj_adpt+kalm_instruct_v2_5-dj_adpt+qwen3_06b-dj_adpt+qwen3_4b-dj_adpt+kalm_gemma3_12b-dj_adpt+llama_nemotron_8b-dj_adpt+qwen3_8b-dj_adpt,91.0,3.102520227432251,
cl_optim,distilroberta-dj_adpt+mini_l12-dj_adpt+mini_l6-dj_adpt+gte_base-dj_adpt+gtr_t5-dj_adpt+mpnet-dj_adpt+kalm_instruct_v2_5-dj_adpt+qwen3_06b-dj_adpt+qwen3_4b-dj_adpt+kalm_gemma3_12b-dj_adpt+llama_nemotron_8b-dj_adpt+qwen3_8b-dj_adpt,92.0,,3.1891732215881348
cl_optim,distilroberta-dj_adpt+mini_l12-dj_adpt+mini_l6-dj_adpt+gte_base-dj_adpt+gtr_t5-dj_adpt+mpnet-dj_adpt+kalm_instruct_v2_5-dj_adpt+qwen3_06b-dj_adpt+qwen3_4b-dj_adpt+kalm_gemma3_12b-dj_adpt+llama_nemotron_8b-dj_adpt+qwen3_8b-dj_adpt,92.0,3.1013572216033936,
cl_optim,distilroberta-dj_adpt+mini_l12-dj_adpt+mini_l6-dj_adpt+gte_base-dj_adpt+gtr_t5-dj_adpt+mpnet-dj_adpt+kalm_instruct_v2_5-dj_adpt+qwen3_06b-dj_adpt+qwen3_4b-dj_adpt+kalm_gemma3_12b-dj_adpt+llama_nemotron_8b-dj_adpt+qwen3_8b-dj_adpt,93.0,,3.1891422271728516
cl_optim,distilroberta-dj_adpt+mini_l12-dj_adpt+mini_l6-dj_adpt+gte_base-dj_adpt+gtr_t5-dj_adpt+mpnet-dj_adpt+kalm_instruct_v2_5-dj_adpt+qwen3_06b-dj_adpt+qwen3_4b-dj_adpt+kalm_gemma3_12b-dj_adpt+llama_nemotron_8b-dj_adpt+qwen3_8b-dj_adpt,93.0,3.100581407546997,
cl_optim,distilroberta-dj_adpt+mini_l12-dj_adpt+mini_l6-dj_adpt+gte_base-dj_adpt+gtr_t5-dj_adpt+mpnet-dj_adpt+kalm_instruct_v2_5-dj_adpt+qwen3_06b-dj_adpt+qwen3_4b-dj_adpt+kalm_gemma3_12b-dj_adpt+llama_nemotron_8b-dj_adpt+qwen3_8b-dj_adpt,94.0,,3.1885170936584473
cl_optim,distilroberta-dj_adpt+mini_l12-dj_adpt+mini_l6-dj_adpt+gte_base-dj_adpt+gtr_t5-dj_adpt+mpnet-dj_adpt+kalm_instruct_v2_5-dj_adpt+qwen3_06b-dj_adpt+qwen3_4b-dj_adpt+kalm_gemma3_12b-dj_adpt+llama_nemotron_8b-dj_adpt+qwen3_8b-dj_adpt,94.0,3.100023031234741,
cl_optim,distilroberta-dj_adpt+mini_l12-dj_adpt+mini_l6-dj_adpt+gte_base-dj_adpt+gtr_t5-dj_adpt+mpnet-dj_adpt+kalm_instruct_v2_5-dj_adpt+qwen3_06b-dj_adpt+qwen3_4b-dj_adpt+kalm_gemma3_12b-dj_adpt+llama_nemotron_8b-dj_adpt+qwen3_8b-dj_adpt,95.0,,3.1880130767822266
cl_optim,distilroberta-dj_adpt+mini_l12-dj_adpt+mini_l6-dj_adpt+gte_base-dj_adpt+gtr_t5-dj_adpt+mpnet-dj_adpt+kalm_instruct_v2_5-dj_adpt+qwen3_06b-dj_adpt+qwen3_4b-dj_adpt+kalm_gemma3_12b-dj_adpt+llama_nemotron_8b-dj_adpt+qwen3_8b-dj_adpt,95.0,3.0988667011260986,
cl_optim,distilroberta-dj_adpt+mini_l12-dj_adpt+mini_l6-dj_adpt+gte_base-dj_adpt+gtr_t5-dj_adpt+mpnet-dj_adpt+kalm_instruct_v2_5-dj_adpt+qwen3_06b-dj_adpt+qwen3_4b-dj_adpt+kalm_gemma3_12b-dj_adpt+llama_nemotron_8b-dj_adpt+qwen3_8b-dj_adpt,96.0,,3.1866824626922607
cl_optim,distilroberta-dj_adpt+mini_l12-dj_adpt+mini_l6-dj_adpt+gte_base-dj_adpt+gtr_t5-dj_adpt+mpnet-dj_adpt+kalm_instruct_v2_5-dj_adpt+qwen3_06b-dj_adpt+qwen3_4b-dj_adpt+kalm_gemma3_12b-dj_adpt+llama_nemotron_8b-dj_adpt+qwen3_8b-dj_adpt,96.0,3.0984222888946533,
cl_optim,distilroberta-dj_adpt+mini_l12-dj_adpt+mini_l6-dj_adpt+gte_base-dj_adpt+gtr_t5-dj_adpt+mpnet-dj_adpt+kalm_instruct_v2_5-dj_adpt+qwen3_06b-dj_adpt+qwen3_4b-dj_adpt+kalm_gemma3_12b-dj_adpt+llama_nemotron_8b-dj_adpt+qwen3_8b-dj_adpt,97.0,,3.1874961853027344
cl_optim,distilroberta-dj_adpt+mini_l12-dj_adpt+mini_l6-dj_adpt+gte_base-dj_adpt+gtr_t5-dj_adpt+mpnet-dj_adpt+kalm_instruct_v2_5-dj_adpt+qwen3_06b-dj_adpt+qwen3_4b-dj_adpt+kalm_gemma3_12b-dj_adpt+llama_nemotron_8b-dj_adpt+qwen3_8b-dj_adpt,97.0,3.097667932510376,
cl_optim,distilroberta-dj_adpt+mini_l12-dj_adpt+mini_l6-dj_adpt+gte_base-dj_adpt+gtr_t5-dj_adpt+mpnet-dj_adpt+kalm_instruct_v2_5-dj_adpt+qwen3_06b-dj_adpt+qwen3_4b-dj_adpt+kalm_gemma3_12b-dj_adpt+llama_nemotron_8b-dj_adpt+qwen3_8b-dj_adpt,98.0,,3.1856815814971924
cl_optim,distilroberta-dj_adpt+mini_l12-dj_adpt+mini_l6-dj_adpt+gte_base-dj_adpt+gtr_t5-dj_adpt+mpnet-dj_adpt+kalm_instruct_v2_5-dj_adpt+qwen3_06b-dj_adpt+qwen3_4b-dj_adpt+kalm_gemma3_12b-dj_adpt+llama_nemotron_8b-dj_adpt+qwen3_8b-dj_adpt,98.0,3.097024917602539,
cl_optim,distilroberta-dj_adpt+mini_l12-dj_adpt+mini_l6-dj_adpt+gte_base-dj_adpt+gtr_t5-dj_adpt+mpnet-dj_adpt+kalm_instruct_v2_5-dj_adpt+qwen3_06b-dj_adpt+qwen3_4b-dj_adpt+kalm_gemma3_12b-dj_adpt+llama_nemotron_8b-dj_adpt+qwen3_8b-dj_adpt,99.0,,3.1867311000823975
cl_optim,distilroberta-dj_adpt+mini_l12-dj_adpt+mini_l6-dj_adpt+gte_base-dj_adpt+gtr_t5-dj_adpt+mpnet-dj_adpt+kalm_instruct_v2_5-dj_adpt+qwen3_06b-dj_adpt+qwen3_4b-dj_adpt+kalm_gemma3_12b-dj_adpt+llama_nemotron_8b-dj_adpt+qwen3_8b-dj_adpt,99.0,3.0963993072509766,
cl_optim,distilroberta-dj_adpt+mini_l12-dj_adpt+mini_l6-dj_adpt+gte_base-dj_adpt+gtr_t5-dj_adpt+mpnet-dj_adpt+kalm_instruct_v2_5-dj_adpt+qwen3_06b-dj_adpt+qwen3_4b-dj_adpt+kalm_gemma3_12b-dj_adpt+llama_nemotron_8b-dj_adpt+qwen3_8b-dj_adpt,100.0,,3.184509515762329
cl_optim,distilroberta-dj_adpt+mini_l12-dj_adpt+mini_l6-dj_adpt+gte_base-dj_adpt+gtr_t5-dj_adpt+mpnet-dj_adpt+kalm_instruct_v2_5-dj_adpt+qwen3_06b-dj_adpt+qwen3_4b-dj_adpt+kalm_gemma3_12b-dj_adpt+llama_nemotron_8b-dj_adpt+qwen3_8b-dj_adpt,100.0,3.096499443054199,
cl_optim,distilroberta-dj_adpt+mini_l12-dj_adpt+mini_l6-dj_adpt+gte_base-dj_adpt+gtr_t5-dj_adpt+mpnet-dj_adpt+kalm_instruct_v2_5-dj_adpt+qwen3_06b-dj_adpt+qwen3_4b-dj_adpt+kalm_gemma3_12b-dj_adpt+llama_nemotron_8b-dj_adpt+qwen3_8b-dj_adpt,101.0,,3.184180498123169
cl_optim,distilroberta-dj_adpt+mini_l12-dj_adpt+mini_l6-dj_adpt+gte_base-dj_adpt+gtr_t5-dj_adpt+mpnet-dj_adpt+kalm_instruct_v2_5-dj_adpt+qwen3_06b-dj_adpt+qwen3_4b-dj_adpt+kalm_gemma3_12b-dj_adpt+llama_nemotron_8b-dj_adpt+qwen3_8b-dj_adpt,101.0,3.095656156539917,
cl_optim,distilroberta-dj_adpt+mini_l12-dj_adpt+mini_l6-dj_adpt+gte_base-dj_adpt+gtr_t5-dj_adpt+mpnet-dj_adpt+kalm_instruct_v2_5-dj_adpt+qwen3_06b-dj_adpt+qwen3_4b-dj_adpt+kalm_gemma3_12b-dj_adpt+llama_nemotron_8b-dj_adpt+qwen3_8b-dj_adpt,102.0,,3.1849310398101807
cl_optim,distilroberta-dj_adpt+mini_l12-dj_adpt+mini_l6-dj_adpt+gte_base-dj_adpt+gtr_t5-dj_adpt+mpnet-dj_adpt+kalm_instruct_v2_5-dj_adpt+qwen3_06b-dj_adpt+qwen3_4b-dj_adpt+kalm_gemma3_12b-dj_adpt+llama_nemotron_8b-dj_adpt+qwen3_8b-dj_adpt,102.0,3.0944769382476807,
cl_optim,distilroberta-dj_adpt+mini_l12-dj_adpt+mini_l6-dj_adpt+gte_base-dj_adpt+gtr_t5-dj_adpt+mpnet-dj_adpt+kalm_instruct_v2_5-dj_adpt+qwen3_06b-dj_adpt+qwen3_4b-dj_adpt+kalm_gemma3_12b-dj_adpt+llama_nemotron_8b-dj_adpt+qwen3_8b-dj_adpt,103.0,,3.184074878692627
cl_optim,distilroberta-dj_adpt+mini_l12-dj_adpt+mini_l6-dj_adpt+gte_base-dj_adpt+gtr_t5-dj_adpt+mpnet-dj_adpt+kalm_instruct_v2_5-dj_adpt+qwen3_06b-dj_adpt+qwen3_4b-dj_adpt+kalm_gemma3_12b-dj_adpt+llama_nemotron_8b-dj_adpt+qwen3_8b-dj_adpt,103.0,3.0936834812164307,
cl_optim,distilroberta-dj_adpt+mini_l12-dj_adpt+mini_l6-dj_adpt+gte_base-dj_adpt+gtr_t5-dj_adpt+mpnet-dj_adpt+kalm_instruct_v2_5-dj_adpt+qwen3_06b-dj_adpt+qwen3_4b-dj_adpt+kalm_gemma3_12b-dj_adpt+llama_nemotron_8b-dj_adpt+qwen3_8b-dj_adpt,104.0,,3.182107925415039
cl_optim,distilroberta-dj_adpt+mini_l12-dj_adpt+mini_l6-dj_adpt+gte_base-dj_adpt+gtr_t5-dj_adpt+mpnet-dj_adpt+kalm_instruct_v2_5-dj_adpt+qwen3_06b-dj_adpt+qwen3_4b-dj_adpt+kalm_gemma3_12b-dj_adpt+llama_nemotron_8b-dj_adpt+qwen3_8b-dj_adpt,104.0,3.093073844909668,
cl_optim,distilroberta-dj_adpt+mini_l12-dj_adpt+mini_l6-dj_adpt+gte_base-dj_adpt+gtr_t5-dj_adpt+mpnet-dj_adpt+kalm_instruct_v2_5-dj_adpt+qwen3_06b-dj_adpt+qwen3_4b-dj_adpt+kalm_gemma3_12b-dj_adpt+llama_nemotron_8b-dj_adpt+qwen3_8b-dj_adpt,105.0,,3.18255352973938
cl_optim,distilroberta-dj_adpt+mini_l12-dj_adpt+mini_l6-dj_adpt+gte_base-dj_adpt+gtr_t5-dj_adpt+mpnet-dj_adpt+kalm_instruct_v2_5-dj_adpt+qwen3_06b-dj_adpt+qwen3_4b-dj_adpt+kalm_gemma3_12b-dj_adpt+llama_nemotron_8b-dj_adpt+qwen3_8b-dj_adpt,105.0,3.092833995819092,
cl_optim,distilroberta-dj_adpt+mini_l12-dj_adpt+mini_l6-dj_adpt+gte_base-dj_adpt+gtr_t5-dj_adpt+mpnet-dj_adpt+kalm_instruct_v2_5-dj_adpt+qwen3_06b-dj_adpt+qwen3_4b-dj_adpt+kalm_gemma3_12b-dj_adpt+llama_nemotron_8b-dj_adpt+qwen3_8b-dj_adpt,106.0,,3.182049036026001
cl_optim,distilroberta-dj_adpt+mini_l12-dj_adpt+mini_l6-dj_adpt+gte_base-dj_adpt+gtr_t5-dj_adpt+mpnet-dj_adpt+kalm_instruct_v2_5-dj_adpt+qwen3_06b-dj_adpt+qwen3_4b-dj_adpt+kalm_gemma3_12b-dj_adpt+llama_nemotron_8b-dj_adpt+qwen3_8b-dj_adpt,106.0,3.0921008586883545,
cl_optim,distilroberta-dj_adpt+mini_l12-dj_adpt+mini_l6-dj_adpt+gte_base-dj_adpt+gtr_t5-dj_adpt+mpnet-dj_adpt+kalm_instruct_v2_5-dj_adpt+qwen3_06b-dj_adpt+qwen3_4b-dj_adpt+kalm_gemma3_12b-dj_adpt+llama_nemotron_8b-dj_adpt+qwen3_8b-dj_adpt,107.0,,3.1817054748535156
cl_optim,distilroberta-dj_adpt+mini_l12-dj_adpt+mini_l6-dj_adpt+gte_base-dj_adpt+gtr_t5-dj_adpt+mpnet-dj_adpt+kalm_instruct_v2_5-dj_adpt+qwen3_06b-dj_adpt+qwen3_4b-dj_adpt+kalm_gemma3_12b-dj_adpt+llama_nemotron_8b-dj_adpt+qwen3_8b-dj_adpt,107.0,3.091104507446289,
cl_optim,distilroberta-dj_adpt+mini_l12-dj_adpt+mini_l6-dj_adpt+gte_base-dj_adpt+gtr_t5-dj_adpt+mpnet-dj_adpt+kalm_instruct_v2_5-dj_adpt+qwen3_06b-dj_adpt+qwen3_4b-dj_adpt+kalm_gemma3_12b-dj_adpt+llama_nemotron_8b-dj_adpt+qwen3_8b-dj_adpt,108.0,,3.180475950241089
cl_optim,distilroberta-dj_adpt+mini_l12-dj_adpt+mini_l6-dj_adpt+gte_base-dj_adpt+gtr_t5-dj_adpt+mpnet-dj_adpt+kalm_instruct_v2_5-dj_adpt+qwen3_06b-dj_adpt+qwen3_4b-dj_adpt+kalm_gemma3_12b-dj_adpt+llama_nemotron_8b-dj_adpt+qwen3_8b-dj_adpt,108.0,3.090770959854126,
cl_optim,distilroberta-dj_adpt+mini_l12-dj_adpt+mini_l6-dj_adpt+gte_base-dj_adpt+gtr_t5-dj_adpt+mpnet-dj_adpt+kalm_instruct_v2_5-dj_adpt+qwen3_06b-dj_adpt+qwen3_4b-dj_adpt+kalm_gemma3_12b-dj_adpt+llama_nemotron_8b-dj_adpt+qwen3_8b-dj_adpt,109.0,,3.179816246032715
cl_optim,distilroberta-dj_adpt+mini_l12-dj_adpt+mini_l6-dj_adpt+gte_base-dj_adpt+gtr_t5-dj_adpt+mpnet-dj_adpt+kalm_instruct_v2_5-dj_adpt+qwen3_06b-dj_adpt+qwen3_4b-dj_adpt+kalm_gemma3_12b-dj_adpt+llama_nemotron_8b-dj_adpt+qwen3_8b-dj_adpt,109.0,3.090573310852051,
cl_optim,distilroberta-dj_adpt+mini_l12-dj_adpt+mini_l6-dj_adpt+gte_base-dj_adpt+gtr_t5-dj_adpt+mpnet-dj_adpt+kalm_instruct_v2_5-dj_adpt+qwen3_06b-dj_adpt+qwen3_4b-dj_adpt+kalm_gemma3_12b-dj_adpt+llama_nemotron_8b-dj_adpt+qwen3_8b-dj_adpt,110.0,,3.179917573928833
cl_optim,distilroberta-dj_adpt+mini_l12-dj_adpt+mini_l6-dj_adpt+gte_base-dj_adpt+gtr_t5-dj_adpt+mpnet-dj_adpt+kalm_instruct_v2_5-dj_adpt+qwen3_06b-dj_adpt+qwen3_4b-dj_adpt+kalm_gemma3_12b-dj_adpt+llama_nemotron_8b-dj_adpt+qwen3_8b-dj_adpt,110.0,3.0895516872406006,
cl_optim,distilroberta-dj_adpt+mini_l12-dj_adpt+mini_l6-dj_adpt+gte_base-dj_adpt+gtr_t5-dj_adpt+mpnet-dj_adpt+kalm_instruct_v2_5-dj_adpt+qwen3_06b-dj_adpt+qwen3_4b-dj_adpt+kalm_gemma3_12b-dj_adpt+llama_nemotron_8b-dj_adpt+qwen3_8b-dj_adpt,111.0,,3.1787736415863037
cl_optim,distilroberta-dj_adpt+mini_l12-dj_adpt+mini_l6-dj_adpt+gte_base-dj_adpt+gtr_t5-dj_adpt+mpnet-dj_adpt+kalm_instruct_v2_5-dj_adpt+qwen3_06b-dj_adpt+qwen3_4b-dj_adpt+kalm_gemma3_12b-dj_adpt+llama_nemotron_8b-dj_adpt+qwen3_8b-dj_adpt,111.0,3.0889017581939697,
cl_optim,distilroberta-dj_adpt+mini_l12-dj_adpt+mini_l6-dj_adpt+gte_base-dj_adpt+gtr_t5-dj_adpt+mpnet-dj_adpt+kalm_instruct_v2_5-dj_adpt+qwen3_06b-dj_adpt+qwen3_4b-dj_adpt+kalm_gemma3_12b-dj_adpt+llama_nemotron_8b-dj_adpt+qwen3_8b-dj_adpt,112.0,,3.1777024269104004
cl_optim,distilroberta-dj_adpt+mini_l12-dj_adpt+mini_l6-dj_adpt+gte_base-dj_adpt+gtr_t5-dj_adpt+mpnet-dj_adpt+kalm_instruct_v2_5-dj_adpt+qwen3_06b-dj_adpt+qwen3_4b-dj_adpt+kalm_gemma3_12b-dj_adpt+llama_nemotron_8b-dj_adpt+qwen3_8b-dj_adpt,112.0,3.0885841846466064,
cl_optim,distilroberta-dj_adpt+mini_l12-dj_adpt+mini_l6-dj_adpt+gte_base-dj_adpt+gtr_t5-dj_adpt+mpnet-dj_adpt+kalm_instruct_v2_5-dj_adpt+qwen3_06b-dj_adpt+qwen3_4b-dj_adpt+kalm_gemma3_12b-dj_adpt+llama_nemotron_8b-dj_adpt+qwen3_8b-dj_adpt,113.0,,3.1784729957580566
cl_optim,distilroberta-dj_adpt+mini_l12-dj_adpt+mini_l6-dj_adpt+gte_base-dj_adpt+gtr_t5-dj_adpt+mpnet-dj_adpt+kalm_instruct_v2_5-dj_adpt+qwen3_06b-dj_adpt+qwen3_4b-dj_adpt+kalm_gemma3_12b-dj_adpt+llama_nemotron_8b-dj_adpt+qwen3_8b-dj_adpt,113.0,3.088038921356201,
cl_optim,distilroberta-dj_adpt+mini_l12-dj_adpt+mini_l6-dj_adpt+gte_base-dj_adpt+gtr_t5-dj_adpt+mpnet-dj_adpt+kalm_instruct_v2_5-dj_adpt+qwen3_06b-dj_adpt+qwen3_4b-dj_adpt+kalm_gemma3_12b-dj_adpt+llama_nemotron_8b-dj_adpt+qwen3_8b-dj_adpt,114.0,,3.1781437397003174
cl_optim,distilroberta-dj_adpt+mini_l12-dj_adpt+mini_l6-dj_adpt+gte_base-dj_adpt+gtr_t5-dj_adpt+mpnet-dj_adpt+kalm_instruct_v2_5-dj_adpt+qwen3_06b-dj_adpt+qwen3_4b-dj_adpt+kalm_gemma3_12b-dj_adpt+llama_nemotron_8b-dj_adpt+qwen3_8b-dj_adpt,114.0,3.0876176357269287,
cl_optim,distilroberta-dj_adpt+mini_l12-dj_adpt+mini_l6-dj_adpt+gte_base-dj_adpt+gtr_t5-dj_adpt+mpnet-dj_adpt+kalm_instruct_v2_5-dj_adpt+qwen3_06b-dj_adpt+qwen3_4b-dj_adpt+kalm_gemma3_12b-dj_adpt+llama_nemotron_8b-dj_adpt+qwen3_8b-dj_adpt,115.0,,3.1777844429016113
cl_optim,distilroberta-dj_adpt+mini_l12-dj_adpt+mini_l6-dj_adpt+gte_base-dj_adpt+gtr_t5-dj_adpt+mpnet-dj_adpt+kalm_instruct_v2_5-dj_adpt+qwen3_06b-dj_adpt+qwen3_4b-dj_adpt+kalm_gemma3_12b-dj_adpt+llama_nemotron_8b-dj_adpt+qwen3_8b-dj_adpt,115.0,3.0871422290802,
cl_optim,distilroberta-dj_adpt+mini_l12-dj_adpt+mini_l6-dj_adpt+gte_base-dj_adpt+gtr_t5-dj_adpt+mpnet-dj_adpt+kalm_instruct_v2_5-dj_adpt+qwen3_06b-dj_adpt+qwen3_4b-dj_adpt+kalm_gemma3_12b-dj_adpt+llama_nemotron_8b-dj_adpt+qwen3_8b-dj_adpt,116.0,,3.1768369674682617
cl_optim,distilroberta-dj_adpt+mini_l12-dj_adpt+mini_l6-dj_adpt+gte_base-dj_adpt+gtr_t5-dj_adpt+mpnet-dj_adpt+kalm_instruct_v2_5-dj_adpt+qwen3_06b-dj_adpt+qwen3_4b-dj_adpt+kalm_gemma3_12b-dj_adpt+llama_nemotron_8b-dj_adpt+qwen3_8b-dj_adpt,116.0,3.085814952850342,
cl_optim,distilroberta-dj_adpt+mini_l12-dj_adpt+mini_l6-dj_adpt+gte_base-dj_adpt+gtr_t5-dj_adpt+mpnet-dj_adpt+kalm_instruct_v2_5-dj_adpt+qwen3_06b-dj_adpt+qwen3_4b-dj_adpt+kalm_gemma3_12b-dj_adpt+llama_nemotron_8b-dj_adpt+qwen3_8b-dj_adpt,117.0,,3.177110195159912
cl_optim,distilroberta-dj_adpt+mini_l12-dj_adpt+mini_l6-dj_adpt+gte_base-dj_adpt+gtr_t5-dj_adpt+mpnet-dj_adpt+kalm_instruct_v2_5-dj_adpt+qwen3_06b-dj_adpt+qwen3_4b-dj_adpt+kalm_gemma3_12b-dj_adpt+llama_nemotron_8b-dj_adpt+qwen3_8b-dj_adpt,117.0,3.08587646484375,
cl_optim,distilroberta-dj_adpt+mini_l12-dj_adpt+mini_l6-dj_adpt+gte_base-dj_adpt+gtr_t5-dj_adpt+mpnet-dj_adpt+kalm_instruct_v2_5-dj_adpt+qwen3_06b-dj_adpt+qwen3_4b-dj_adpt+kalm_gemma3_12b-dj_adpt+llama_nemotron_8b-dj_adpt+qwen3_8b-dj_adpt,118.0,,3.1766021251678467
cl_optim,distilroberta-dj_adpt+mini_l12-dj_adpt+mini_l6-dj_adpt+gte_base-dj_adpt+gtr_t5-dj_adpt+mpnet-dj_adpt+kalm_instruct_v2_5-dj_adpt+qwen3_06b-dj_adpt+qwen3_4b-dj_adpt+kalm_gemma3_12b-dj_adpt+llama_nemotron_8b-dj_adpt+qwen3_8b-dj_adpt,118.0,3.0860884189605713,
cl_optim,distilroberta-dj_adpt+mini_l12-dj_adpt+mini_l6-dj_adpt+gte_base-dj_adpt+gtr_t5-dj_adpt+mpnet-dj_adpt+kalm_instruct_v2_5-dj_adpt+qwen3_06b-dj_adpt+qwen3_4b-dj_adpt+kalm_gemma3_12b-dj_adpt+llama_nemotron_8b-dj_adpt+qwen3_8b-dj_adpt,119.0,,3.1771082878112793
cl_optim,distilroberta-dj_adpt+mini_l12-dj_adpt+mini_l6-dj_adpt+gte_base-dj_adpt+gtr_t5-dj_adpt+mpnet-dj_adpt+kalm_instruct_v2_5-dj_adpt+qwen3_06b-dj_adpt+qwen3_4b-dj_adpt+kalm_gemma3_12b-dj_adpt+llama_nemotron_8b-dj_adpt+qwen3_8b-dj_adpt,119.0,3.0852086544036865,
cl_optim,distilroberta-dj_adpt+mini_l12-dj_adpt+mini_l6-dj_adpt+gte_base-dj_adpt+gtr_t5-dj_adpt+mpnet-dj_adpt+kalm_instruct_v2_5-dj_adpt+qwen3_06b-dj_adpt+qwen3_4b-dj_adpt+kalm_gemma3_12b-dj_adpt+llama_nemotron_8b-dj_adpt+qwen3_8b-dj_adpt,120.0,,3.1754345893859863
cl_optim,distilroberta-dj_adpt+mini_l12-dj_adpt+mini_l6-dj_adpt+gte_base-dj_adpt+gtr_t5-dj_adpt+mpnet-dj_adpt+kalm_instruct_v2_5-dj_adpt+qwen3_06b-dj_adpt+qwen3_4b-dj_adpt+kalm_gemma3_12b-dj_adpt+llama_nemotron_8b-dj_adpt+qwen3_8b-dj_adpt,120.0,3.0851924419403076,
cl_optim,distilroberta-dj_adpt+mini_l12-dj_adpt+mini_l6-dj_adpt+gte_base-dj_adpt+gtr_t5-dj_adpt+mpnet-dj_adpt+kalm_instruct_v2_5-dj_adpt+qwen3_06b-dj_adpt+qwen3_4b-dj_adpt+kalm_gemma3_12b-dj_adpt+llama_nemotron_8b-dj_adpt+qwen3_8b-dj_adpt,121.0,,3.174811363220215
cl_optim,distilroberta-dj_adpt+mini_l12-dj_adpt+mini_l6-dj_adpt+gte_base-dj_adpt+gtr_t5-dj_adpt+mpnet-dj_adpt+kalm_instruct_v2_5-dj_adpt+qwen3_06b-dj_adpt+qwen3_4b-dj_adpt+kalm_gemma3_12b-dj_adpt+llama_nemotron_8b-dj_adpt+qwen3_8b-dj_adpt,121.0,3.083828926086426,
cl_optim,distilroberta-dj_adpt+mini_l12-dj_adpt+mini_l6-dj_adpt+gte_base-dj_adpt+gtr_t5-dj_adpt+mpnet-dj_adpt+kalm_instruct_v2_5-dj_adpt+qwen3_06b-dj_adpt+qwen3_4b-dj_adpt+kalm_gemma3_12b-dj_adpt+llama_nemotron_8b-dj_adpt+qwen3_8b-dj_adpt,122.0,,3.1761560440063477
cl_optim,distilroberta-dj_adpt+mini_l12-dj_adpt+mini_l6-dj_adpt+gte_base-dj_adpt+gtr_t5-dj_adpt+mpnet-dj_adpt+kalm_instruct_v2_5-dj_adpt+qwen3_06b-dj_adpt+qwen3_4b-dj_adpt+kalm_gemma3_12b-dj_adpt+llama_nemotron_8b-dj_adpt+qwen3_8b-dj_adpt,122.0,3.0834224224090576,
cl_optim,distilroberta-dj_adpt+mini_l12-dj_adpt+mini_l6-dj_adpt+gte_base-dj_adpt+gtr_t5-dj_adpt+mpnet-dj_adpt+kalm_instruct_v2_5-dj_adpt+qwen3_06b-dj_adpt+qwen3_4b-dj_adpt+kalm_gemma3_12b-dj_adpt+llama_nemotron_8b-dj_adpt+qwen3_8b-dj_adpt,123.0,,3.1736063957214355
cl_optim,distilroberta-dj_adpt+mini_l12-dj_adpt+mini_l6-dj_adpt+gte_base-dj_adpt+gtr_t5-dj_adpt+mpnet-dj_adpt+kalm_instruct_v2_5-dj_adpt+qwen3_06b-dj_adpt+qwen3_4b-dj_adpt+kalm_gemma3_12b-dj_adpt+llama_nemotron_8b-dj_adpt+qwen3_8b-dj_adpt,123.0,3.08321475982666,
cl_optim,distilroberta-dj_adpt+mini_l12-dj_adpt+mini_l6-dj_adpt+gte_base-dj_adpt+gtr_t5-dj_adpt+mpnet-dj_adpt+kalm_instruct_v2_5-dj_adpt+qwen3_06b-dj_adpt+qwen3_4b-dj_adpt+kalm_gemma3_12b-dj_adpt+llama_nemotron_8b-dj_adpt+qwen3_8b-dj_adpt,124.0,,3.1737568378448486
cl_optim,distilroberta-dj_adpt+mini_l12-dj_adpt+mini_l6-dj_adpt+gte_base-dj_adpt+gtr_t5-dj_adpt+mpnet-dj_adpt+kalm_instruct_v2_5-dj_adpt+qwen3_06b-dj_adpt+qwen3_4b-dj_adpt+kalm_gemma3_12b-dj_adpt+llama_nemotron_8b-dj_adpt+qwen3_8b-dj_adpt,124.0,3.0831406116485596,
cl_optim,distilroberta-dj_adpt+mini_l12-dj_adpt+mini_l6-dj_adpt+gte_base-dj_adpt+gtr_t5-dj_adpt+mpnet-dj_adpt+kalm_instruct_v2_5-dj_adpt+qwen3_06b-dj_adpt+qwen3_4b-dj_adpt+kalm_gemma3_12b-dj_adpt+llama_nemotron_8b-dj_adpt+qwen3_8b-dj_adpt,125.0,,3.1740150451660156
cl_optim,distilroberta-dj_adpt+mini_l12-dj_adpt+mini_l6-dj_adpt+gte_base-dj_adpt+gtr_t5-dj_adpt+mpnet-dj_adpt+kalm_instruct_v2_5-dj_adpt+qwen3_06b-dj_adpt+qwen3_4b-dj_adpt+kalm_gemma3_12b-dj_adpt+llama_nemotron_8b-dj_adpt+qwen3_8b-dj_adpt,125.0,3.082162618637085,
cl_optim,distilroberta-dj_adpt+mini_l12-dj_adpt+mini_l6-dj_adpt+gte_base-dj_adpt+gtr_t5-dj_adpt+mpnet-dj_adpt+kalm_instruct_v2_5-dj_adpt+qwen3_06b-dj_adpt+qwen3_4b-dj_adpt+kalm_gemma3_12b-dj_adpt+llama_nemotron_8b-dj_adpt+qwen3_8b-dj_adpt,126.0,,3.173450469970703
cl_optim,distilroberta-dj_adpt+mini_l12-dj_adpt+mini_l6-dj_adpt+gte_base-dj_adpt+gtr_t5-dj_adpt+mpnet-dj_adpt+kalm_instruct_v2_5-dj_adpt+qwen3_06b-dj_adpt+qwen3_4b-dj_adpt+kalm_gemma3_12b-dj_adpt+llama_nemotron_8b-dj_adpt+qwen3_8b-dj_adpt,126.0,3.0816617012023926,
cl_optim,distilroberta-dj_adpt+mini_l12-dj_adpt+mini_l6-dj_adpt+gte_base-dj_adpt+gtr_t5-dj_adpt+mpnet-dj_adpt+kalm_instruct_v2_5-dj_adpt+qwen3_06b-dj_adpt+qwen3_4b-dj_adpt+kalm_gemma3_12b-dj_adpt+llama_nemotron_8b-dj_adpt+qwen3_8b-dj_adpt,127.0,,3.172631025314331
cl_optim,distilroberta-dj_adpt+mini_l12-dj_adpt+mini_l6-dj_adpt+gte_base-dj_adpt+gtr_t5-dj_adpt+mpnet-dj_adpt+kalm_instruct_v2_5-dj_adpt+qwen3_06b-dj_adpt+qwen3_4b-dj_adpt+kalm_gemma3_12b-dj_adpt+llama_nemotron_8b-dj_adpt+qwen3_8b-dj_adpt,127.0,3.0813145637512207,
cl_optim,distilroberta-dj_adpt+mini_l12-dj_adpt+mini_l6-dj_adpt+gte_base-dj_adpt+gtr_t5-dj_adpt+mpnet-dj_adpt+kalm_instruct_v2_5-dj_adpt+qwen3_06b-dj_adpt+qwen3_4b-dj_adpt+kalm_gemma3_12b-dj_adpt+llama_nemotron_8b-dj_adpt+qwen3_8b-dj_adpt,128.0,,3.171757698059082
cl_optim,distilroberta-dj_adpt+mini_l12-dj_adpt+mini_l6-dj_adpt+gte_base-dj_adpt+gtr_t5-dj_adpt+mpnet-dj_adpt+kalm_instruct_v2_5-dj_adpt+qwen3_06b-dj_adpt+qwen3_4b-dj_adpt+kalm_gemma3_12b-dj_adpt+llama_nemotron_8b-dj_adpt+qwen3_8b-dj_adpt,128.0,3.0809688568115234,
cl_optim,distilroberta-dj_adpt+mini_l12-dj_adpt+mini_l6-dj_adpt+gte_base-dj_adpt+gtr_t5-dj_adpt+mpnet-dj_adpt+kalm_instruct_v2_5-dj_adpt+qwen3_06b-dj_adpt+qwen3_4b-dj_adpt+kalm_gemma3_12b-dj_adpt+llama_nemotron_8b-dj_adpt+qwen3_8b-dj_adpt,129.0,,3.1718878746032715
cl_optim,distilroberta-dj_adpt+mini_l12-dj_adpt+mini_l6-dj_adpt+gte_base-dj_adpt+gtr_t5-dj_adpt+mpnet-dj_adpt+kalm_instruct_v2_5-dj_adpt+qwen3_06b-dj_adpt+qwen3_4b-dj_adpt+kalm_gemma3_12b-dj_adpt+llama_nemotron_8b-dj_adpt+qwen3_8b-dj_adpt,129.0,3.0800909996032715,
cl_optim,distilroberta-dj_adpt+mini_l12-dj_adpt+mini_l6-dj_adpt+gte_base-dj_adpt+gtr_t5-dj_adpt+mpnet-dj_adpt+kalm_instruct_v2_5-dj_adpt+qwen3_06b-dj_adpt+qwen3_4b-dj_adpt+kalm_gemma3_12b-dj_adpt+llama_nemotron_8b-dj_adpt+qwen3_8b-dj_adpt,130.0,,3.171384811401367
cl_optim,distilroberta-dj_adpt+mini_l12-dj_adpt+mini_l6-dj_adpt+gte_base-dj_adpt+gtr_t5-dj_adpt+mpnet-dj_adpt+kalm_instruct_v2_5-dj_adpt+qwen3_06b-dj_adpt+qwen3_4b-dj_adpt+kalm_gemma3_12b-dj_adpt+llama_nemotron_8b-dj_adpt+qwen3_8b-dj_adpt,130.0,3.079850673675537,
cl_optim,distilroberta-dj_adpt+mini_l12-dj_adpt+mini_l6-dj_adpt+gte_base-dj_adpt+gtr_t5-dj_adpt+mpnet-dj_adpt+kalm_instruct_v2_5-dj_adpt+qwen3_06b-dj_adpt+qwen3_4b-dj_adpt+kalm_gemma3_12b-dj_adpt+llama_nemotron_8b-dj_adpt+qwen3_8b-dj_adpt,131.0,,3.1709582805633545
cl_optim,distilroberta-dj_adpt+mini_l12-dj_adpt+mini_l6-dj_adpt+gte_base-dj_adpt+gtr_t5-dj_adpt+mpnet-dj_adpt+kalm_instruct_v2_5-dj_adpt+qwen3_06b-dj_adpt+qwen3_4b-dj_adpt+kalm_gemma3_12b-dj_adpt+llama_nemotron_8b-dj_adpt+qwen3_8b-dj_adpt,131.0,3.0797653198242188,
cl_optim,distilroberta-dj_adpt+mini_l12-dj_adpt+mini_l6-dj_adpt+gte_base-dj_adpt+gtr_t5-dj_adpt+mpnet-dj_adpt+kalm_instruct_v2_5-dj_adpt+qwen3_06b-dj_adpt+qwen3_4b-dj_adpt+kalm_gemma3_12b-dj_adpt+llama_nemotron_8b-dj_adpt+qwen3_8b-dj_adpt,132.0,,3.1713759899139404
cl_optim,distilroberta-dj_adpt+mini_l12-dj_adpt+mini_l6-dj_adpt+gte_base-dj_adpt+gtr_t5-dj_adpt+mpnet-dj_adpt+kalm_instruct_v2_5-dj_adpt+qwen3_06b-dj_adpt+qwen3_4b-dj_adpt+kalm_gemma3_12b-dj_adpt+llama_nemotron_8b-dj_adpt+qwen3_8b-dj_adpt,132.0,3.0793886184692383,
cl_optim,distilroberta-dj_adpt+mini_l12-dj_adpt+mini_l6-dj_adpt+gte_base-dj_adpt+gtr_t5-dj_adpt+mpnet-dj_adpt+kalm_instruct_v2_5-dj_adpt+qwen3_06b-dj_adpt+qwen3_4b-dj_adpt+kalm_gemma3_12b-dj_adpt+llama_nemotron_8b-dj_adpt+qwen3_8b-dj_adpt,133.0,,3.1701910495758057
cl_optim,distilroberta-dj_adpt+mini_l12-dj_adpt+mini_l6-dj_adpt+gte_base-dj_adpt+gtr_t5-dj_adpt+mpnet-dj_adpt+kalm_instruct_v2_5-dj_adpt+qwen3_06b-dj_adpt+qwen3_4b-dj_adpt+kalm_gemma3_12b-dj_adpt+llama_nemotron_8b-dj_adpt+qwen3_8b-dj_adpt,133.0,3.079115629196167,
cl_optim,distilroberta-dj_adpt+mini_l12-dj_adpt+mini_l6-dj_adpt+gte_base-dj_adpt+gtr_t5-dj_adpt+mpnet-dj_adpt+kalm_instruct_v2_5-dj_adpt+qwen3_06b-dj_adpt+qwen3_4b-dj_adpt+kalm_gemma3_12b-dj_adpt+llama_nemotron_8b-dj_adpt+qwen3_8b-dj_adpt,134.0,,3.1693460941314697
cl_optim,distilroberta-dj_adpt+mini_l12-dj_adpt+mini_l6-dj_adpt+gte_base-dj_adpt+gtr_t5-dj_adpt+mpnet-dj_adpt+kalm_instruct_v2_5-dj_adpt+qwen3_06b-dj_adpt+qwen3_4b-dj_adpt+kalm_gemma3_12b-dj_adpt+llama_nemotron_8b-dj_adpt+qwen3_8b-dj_adpt,134.0,3.078626871109009,
cl_optim,distilroberta-dj_adpt+mini_l12-dj_adpt+mini_l6-dj_adpt+gte_base-dj_adpt+gtr_t5-dj_adpt+mpnet-dj_adpt+kalm_instruct_v2_5-dj_adpt+qwen3_06b-dj_adpt+qwen3_4b-dj_adpt+kalm_gemma3_12b-dj_adpt+llama_nemotron_8b-dj_adpt+qwen3_8b-dj_adpt,135.0,,3.169908046722412
cl_optim,distilroberta-dj_adpt+mini_l12-dj_adpt+mini_l6-dj_adpt+gte_base-dj_adpt+gtr_t5-dj_adpt+mpnet-dj_adpt+kalm_instruct_v2_5-dj_adpt+qwen3_06b-dj_adpt+qwen3_4b-dj_adpt+kalm_gemma3_12b-dj_adpt+llama_nemotron_8b-dj_adpt+qwen3_8b-dj_adpt,135.0,3.077876329421997,
cl_optim,distilroberta-dj_adpt+mini_l12-dj_adpt+mini_l6-dj_adpt+gte_base-dj_adpt+gtr_t5-dj_adpt+mpnet-dj_adpt+kalm_instruct_v2_5-dj_adpt+qwen3_06b-dj_adpt+qwen3_4b-dj_adpt+kalm_gemma3_12b-dj_adpt+llama_nemotron_8b-dj_adpt+qwen3_8b-dj_adpt,136.0,,3.1689372062683105
cl_optim,distilroberta-dj_adpt+mini_l12-dj_adpt+mini_l6-dj_adpt+gte_base-dj_adpt+gtr_t5-dj_adpt+mpnet-dj_adpt+kalm_instruct_v2_5-dj_adpt+qwen3_06b-dj_adpt+qwen3_4b-dj_adpt+kalm_gemma3_12b-dj_adpt+llama_nemotron_8b-dj_adpt+qwen3_8b-dj_adpt,136.0,3.0779285430908203,
cl_optim,distilroberta-dj_adpt+mini_l12-dj_adpt+mini_l6-dj_adpt+gte_base-dj_adpt+gtr_t5-dj_adpt+mpnet-dj_adpt+kalm_instruct_v2_5-dj_adpt+qwen3_06b-dj_adpt+qwen3_4b-dj_adpt+kalm_gemma3_12b-dj_adpt+llama_nemotron_8b-dj_adpt+qwen3_8b-dj_adpt,137.0,,3.1690385341644287
cl_optim,distilroberta-dj_adpt+mini_l12-dj_adpt+mini_l6-dj_adpt+gte_base-dj_adpt+gtr_t5-dj_adpt+mpnet-dj_adpt+kalm_instruct_v2_5-dj_adpt+qwen3_06b-dj_adpt+qwen3_4b-dj_adpt+kalm_gemma3_12b-dj_adpt+llama_nemotron_8b-dj_adpt+qwen3_8b-dj_adpt,137.0,3.0772080421447754,
cl_optim,distilroberta-dj_adpt+mini_l12-dj_adpt+mini_l6-dj_adpt+gte_base-dj_adpt+gtr_t5-dj_adpt+mpnet-dj_adpt+kalm_instruct_v2_5-dj_adpt+qwen3_06b-dj_adpt+qwen3_4b-dj_adpt+kalm_gemma3_12b-dj_adpt+llama_nemotron_8b-dj_adpt+qwen3_8b-dj_adpt,138.0,,3.1695523262023926
cl_optim,distilroberta-dj_adpt+mini_l12-dj_adpt+mini_l6-dj_adpt+gte_base-dj_adpt+gtr_t5-dj_adpt+mpnet-dj_adpt+kalm_instruct_v2_5-dj_adpt+qwen3_06b-dj_adpt+qwen3_4b-dj_adpt+kalm_gemma3_12b-dj_adpt+llama_nemotron_8b-dj_adpt+qwen3_8b-dj_adpt,138.0,3.0772571563720703,
cl_optim,distilroberta-dj_adpt+mini_l12-dj_adpt+mini_l6-dj_adpt+gte_base-dj_adpt+gtr_t5-dj_adpt+mpnet-dj_adpt+kalm_instruct_v2_5-dj_adpt+qwen3_06b-dj_adpt+qwen3_4b-dj_adpt+kalm_gemma3_12b-dj_adpt+llama_nemotron_8b-dj_adpt+qwen3_8b-dj_adpt,139.0,,3.1686758995056152
cl_optim,distilroberta-dj_adpt+mini_l12-dj_adpt+mini_l6-dj_adpt+gte_base-dj_adpt+gtr_t5-dj_adpt+mpnet-dj_adpt+kalm_instruct_v2_5-dj_adpt+qwen3_06b-dj_adpt+qwen3_4b-dj_adpt+kalm_gemma3_12b-dj_adpt+llama_nemotron_8b-dj_adpt+qwen3_8b-dj_adpt,139.0,3.076521158218384,
cl_optim,distilroberta-dj_adpt+mini_l12-dj_adpt+mini_l6-dj_adpt+gte_base-dj_adpt+gtr_t5-dj_adpt+mpnet-dj_adpt+kalm_instruct_v2_5-dj_adpt+qwen3_06b-dj_adpt+qwen3_4b-dj_adpt+kalm_gemma3_12b-dj_adpt+llama_nemotron_8b-dj_adpt+qwen3_8b-dj_adpt,140.0,,3.16811203956604
cl_optim,distilroberta-dj_adpt+mini_l12-dj_adpt+mini_l6-dj_adpt+gte_base-dj_adpt+gtr_t5-dj_adpt+mpnet-dj_adpt+kalm_instruct_v2_5-dj_adpt+qwen3_06b-dj_adpt+qwen3_4b-dj_adpt+kalm_gemma3_12b-dj_adpt+llama_nemotron_8b-dj_adpt+qwen3_8b-dj_adpt,140.0,3.0763444900512695,
cl_optim,distilroberta-dj_adpt+mini_l12-dj_adpt+mini_l6-dj_adpt+gte_base-dj_adpt+gtr_t5-dj_adpt+mpnet-dj_adpt+kalm_instruct_v2_5-dj_adpt+qwen3_06b-dj_adpt+qwen3_4b-dj_adpt+kalm_gemma3_12b-dj_adpt+llama_nemotron_8b-dj_adpt+qwen3_8b-dj_adpt,141.0,,3.1681864261627197
cl_optim,distilroberta-dj_adpt+mini_l12-dj_adpt+mini_l6-dj_adpt+gte_base-dj_adpt+gtr_t5-dj_adpt+mpnet-dj_adpt+kalm_instruct_v2_5-dj_adpt+qwen3_06b-dj_adpt+qwen3_4b-dj_adpt+kalm_gemma3_12b-dj_adpt+llama_nemotron_8b-dj_adpt+qwen3_8b-dj_adpt,141.0,3.075617551803589,
cl_optim,distilroberta-dj_adpt+mini_l12-dj_adpt+mini_l6-dj_adpt+gte_base-dj_adpt+gtr_t5-dj_adpt+mpnet-dj_adpt+kalm_instruct_v2_5-dj_adpt+qwen3_06b-dj_adpt+qwen3_4b-dj_adpt+kalm_gemma3_12b-dj_adpt+llama_nemotron_8b-dj_adpt+qwen3_8b-dj_adpt,142.0,,3.167693853378296
cl_optim,distilroberta-dj_adpt+mini_l12-dj_adpt+mini_l6-dj_adpt+gte_base-dj_adpt+gtr_t5-dj_adpt+mpnet-dj_adpt+kalm_instruct_v2_5-dj_adpt+qwen3_06b-dj_adpt+qwen3_4b-dj_adpt+kalm_gemma3_12b-dj_adpt+llama_nemotron_8b-dj_adpt+qwen3_8b-dj_adpt,142.0,3.0758044719696045,
cl_optim,distilroberta-dj_adpt+mini_l12-dj_adpt+mini_l6-dj_adpt+gte_base-dj_adpt+gtr_t5-dj_adpt+mpnet-dj_adpt+kalm_instruct_v2_5-dj_adpt+qwen3_06b-dj_adpt+qwen3_4b-dj_adpt+kalm_gemma3_12b-dj_adpt+llama_nemotron_8b-dj_adpt+qwen3_8b-dj_adpt,143.0,,3.167902946472168
cl_optim,distilroberta-dj_adpt+mini_l12-dj_adpt+mini_l6-dj_adpt+gte_base-dj_adpt+gtr_t5-dj_adpt+mpnet-dj_adpt+kalm_instruct_v2_5-dj_adpt+qwen3_06b-dj_adpt+qwen3_4b-dj_adpt+kalm_gemma3_12b-dj_adpt+llama_nemotron_8b-dj_adpt+qwen3_8b-dj_adpt,143.0,3.0756468772888184,
cl_optim,distilroberta-dj_adpt+mini_l12-dj_adpt+mini_l6-dj_adpt+gte_base-dj_adpt+gtr_t5-dj_adpt+mpnet-dj_adpt+kalm_instruct_v2_5-dj_adpt+qwen3_06b-dj_adpt+qwen3_4b-dj_adpt+kalm_gemma3_12b-dj_adpt+llama_nemotron_8b-dj_adpt+qwen3_8b-dj_adpt,144.0,,3.1665706634521484
cl_optim,distilroberta-dj_adpt+mini_l12-dj_adpt+mini_l6-dj_adpt+gte_base-dj_adpt+gtr_t5-dj_adpt+mpnet-dj_adpt+kalm_instruct_v2_5-dj_adpt+qwen3_06b-dj_adpt+qwen3_4b-dj_adpt+kalm_gemma3_12b-dj_adpt+llama_nemotron_8b-dj_adpt+qwen3_8b-dj_adpt,144.0,3.0750083923339844,
cl_optim,distilroberta-dj_adpt+mini_l12-dj_adpt+mini_l6-dj_adpt+gte_base-dj_adpt+gtr_t5-dj_adpt+mpnet-dj_adpt+kalm_instruct_v2_5-dj_adpt+qwen3_06b-dj_adpt+qwen3_4b-dj_adpt+kalm_gemma3_12b-dj_adpt+llama_nemotron_8b-dj_adpt+qwen3_8b-dj_adpt,145.0,,3.1666419506073
cl_optim,distilroberta-dj_adpt+mini_l12-dj_adpt+mini_l6-dj_adpt+gte_base-dj_adpt+gtr_t5-dj_adpt+mpnet-dj_adpt+kalm_instruct_v2_5-dj_adpt+qwen3_06b-dj_adpt+qwen3_4b-dj_adpt+kalm_gemma3_12b-dj_adpt+llama_nemotron_8b-dj_adpt+qwen3_8b-dj_adpt,145.0,3.074507474899292,
cl_optim,distilroberta-dj_adpt+mini_l12-dj_adpt+mini_l6-dj_adpt+gte_base-dj_adpt+gtr_t5-dj_adpt+mpnet-dj_adpt+kalm_instruct_v2_5-dj_adpt+qwen3_06b-dj_adpt+qwen3_4b-dj_adpt+kalm_gemma3_12b-dj_adpt+llama_nemotron_8b-dj_adpt+qwen3_8b-dj_adpt,146.0,,3.1667978763580322
cl_optim,distilroberta-dj_adpt+mini_l12-dj_adpt+mini_l6-dj_adpt+gte_base-dj_adpt+gtr_t5-dj_adpt+mpnet-dj_adpt+kalm_instruct_v2_5-dj_adpt+qwen3_06b-dj_adpt+qwen3_4b-dj_adpt+kalm_gemma3_12b-dj_adpt+llama_nemotron_8b-dj_adpt+qwen3_8b-dj_adpt,146.0,3.0748445987701416,
cl_optim,distilroberta-dj_adpt+mini_l12-dj_adpt+mini_l6-dj_adpt+gte_base-dj_adpt+gtr_t5-dj_adpt+mpnet-dj_adpt+kalm_instruct_v2_5-dj_adpt+qwen3_06b-dj_adpt+qwen3_4b-dj_adpt+kalm_gemma3_12b-dj_adpt+llama_nemotron_8b-dj_adpt+qwen3_8b-dj_adpt,147.0,,3.166030168533325
cl_optim,distilroberta-dj_adpt+mini_l12-dj_adpt+mini_l6-dj_adpt+gte_base-dj_adpt+gtr_t5-dj_adpt+mpnet-dj_adpt+kalm_instruct_v2_5-dj_adpt+qwen3_06b-dj_adpt+qwen3_4b-dj_adpt+kalm_gemma3_12b-dj_adpt+llama_nemotron_8b-dj_adpt+qwen3_8b-dj_adpt,147.0,3.073681354522705,
cl_optim,distilroberta-dj_adpt+mini_l12-dj_adpt+mini_l6-dj_adpt+gte_base-dj_adpt+gtr_t5-dj_adpt+mpnet-dj_adpt+kalm_instruct_v2_5-dj_adpt+qwen3_06b-dj_adpt+qwen3_4b-dj_adpt+kalm_gemma3_12b-dj_adpt+llama_nemotron_8b-dj_adpt+qwen3_8b-dj_adpt,148.0,,3.165896415710449
cl_optim,distilroberta-dj_adpt+mini_l12-dj_adpt+mini_l6-dj_adpt+gte_base-dj_adpt+gtr_t5-dj_adpt+mpnet-dj_adpt+kalm_instruct_v2_5-dj_adpt+qwen3_06b-dj_adpt+qwen3_4b-dj_adpt+kalm_gemma3_12b-dj_adpt+llama_nemotron_8b-dj_adpt+qwen3_8b-dj_adpt,148.0,3.074026584625244,
cl_optim,distilroberta-dj_adpt+mini_l12-dj_adpt+mini_l6-dj_adpt+gte_base-dj_adpt+gtr_t5-dj_adpt+mpnet-dj_adpt+kalm_instruct_v2_5-dj_adpt+qwen3_06b-dj_adpt+qwen3_4b-dj_adpt+kalm_gemma3_12b-dj_adpt+llama_nemotron_8b-dj_adpt+qwen3_8b-dj_adpt,149.0,,3.166076898574829
cl_optim,distilroberta-dj_adpt+mini_l12-dj_adpt+mini_l6-dj_adpt+gte_base-dj_adpt+gtr_t5-dj_adpt+mpnet-dj_adpt+kalm_instruct_v2_5-dj_adpt+qwen3_06b-dj_adpt+qwen3_4b-dj_adpt+kalm_gemma3_12b-dj_adpt+llama_nemotron_8b-dj_adpt+qwen3_8b-dj_adpt,149.0,3.073136806488037,
cl_optim,distilroberta-dj_adpt+mini_l12-dj_adpt+mini_l6-dj_adpt+gte_base-dj_adpt+gtr_t5-dj_adpt+mpnet-dj_adpt+kalm_instruct_v2_5-dj_adpt+qwen3_06b-dj_adpt+qwen3_4b-dj_adpt+kalm_gemma3_12b-dj_adpt+llama_nemotron_8b-dj_adpt+qwen3_8b-dj_adpt,150.0,,3.165292978286743
cl_optim,distilroberta-dj_adpt+mini_l12-dj_adpt+mini_l6-dj_adpt+gte_base-dj_adpt+gtr_t5-dj_adpt+mpnet-dj_adpt+kalm_instruct_v2_5-dj_adpt+qwen3_06b-dj_adpt+qwen3_4b-dj_adpt+kalm_gemma3_12b-dj_adpt+llama_nemotron_8b-dj_adpt+qwen3_8b-dj_adpt,150.0,3.0733532905578613,
cl_optim,distilroberta-dj_adpt+mini_l12-dj_adpt+mini_l6-dj_adpt+gte_base-dj_adpt+gtr_t5-dj_adpt+mpnet-dj_adpt+kalm_instruct_v2_5-dj_adpt+qwen3_06b-dj_adpt+qwen3_4b-dj_adpt+kalm_gemma3_12b-dj_adpt+llama_nemotron_8b-dj_adpt+qwen3_8b-dj_adpt,151.0,,3.1650474071502686
cl_optim,distilroberta-dj_adpt+mini_l12-dj_adpt+mini_l6-dj_adpt+gte_base-dj_adpt+gtr_t5-dj_adpt+mpnet-dj_adpt+kalm_instruct_v2_5-dj_adpt+qwen3_06b-dj_adpt+qwen3_4b-dj_adpt+kalm_gemma3_12b-dj_adpt+llama_nemotron_8b-dj_adpt+qwen3_8b-dj_adpt,151.0,3.0728843212127686,
cl_optim,distilroberta-dj_adpt+mini_l12-dj_adpt+mini_l6-dj_adpt+gte_base-dj_adpt+gtr_t5-dj_adpt+mpnet-dj_adpt+kalm_instruct_v2_5-dj_adpt+qwen3_06b-dj_adpt+qwen3_4b-dj_adpt+kalm_gemma3_12b-dj_adpt+llama_nemotron_8b-dj_adpt+qwen3_8b-dj_adpt,152.0,,3.1651175022125244
cl_optim,distilroberta-dj_adpt+mini_l12-dj_adpt+mini_l6-dj_adpt+gte_base-dj_adpt+gtr_t5-dj_adpt+mpnet-dj_adpt+kalm_instruct_v2_5-dj_adpt+qwen3_06b-dj_adpt+qwen3_4b-dj_adpt+kalm_gemma3_12b-dj_adpt+llama_nemotron_8b-dj_adpt+qwen3_8b-dj_adpt,152.0,3.072763204574585,
cl_optim,distilroberta-dj_adpt+mini_l12-dj_adpt+mini_l6-dj_adpt+gte_base-dj_adpt+gtr_t5-dj_adpt+mpnet-dj_adpt+kalm_instruct_v2_5-dj_adpt+qwen3_06b-dj_adpt+qwen3_4b-dj_adpt+kalm_gemma3_12b-dj_adpt+llama_nemotron_8b-dj_adpt+qwen3_8b-dj_adpt,153.0,,3.164726972579956
cl_optim,distilroberta-dj_adpt+mini_l12-dj_adpt+mini_l6-dj_adpt+gte_base-dj_adpt+gtr_t5-dj_adpt+mpnet-dj_adpt+kalm_instruct_v2_5-dj_adpt+qwen3_06b-dj_adpt+qwen3_4b-dj_adpt+kalm_gemma3_12b-dj_adpt+llama_nemotron_8b-dj_adpt+qwen3_8b-dj_adpt,153.0,3.072298288345337,
cl_optim,distilroberta-dj_adpt+mini_l12-dj_adpt+mini_l6-dj_adpt+gte_base-dj_adpt+gtr_t5-dj_adpt+mpnet-dj_adpt+kalm_instruct_v2_5-dj_adpt+qwen3_06b-dj_adpt+qwen3_4b-dj_adpt+kalm_gemma3_12b-dj_adpt+llama_nemotron_8b-dj_adpt+qwen3_8b-dj_adpt,154.0,,3.164804697036743
cl_optim,distilroberta-dj_adpt+mini_l12-dj_adpt+mini_l6-dj_adpt+gte_base-dj_adpt+gtr_t5-dj_adpt+mpnet-dj_adpt+kalm_instruct_v2_5-dj_adpt+qwen3_06b-dj_adpt+qwen3_4b-dj_adpt+kalm_gemma3_12b-dj_adpt+llama_nemotron_8b-dj_adpt+qwen3_8b-dj_adpt,154.0,3.0717921257019043,
cl_optim,distilroberta-dj_adpt+mini_l12-dj_adpt+mini_l6-dj_adpt+gte_base-dj_adpt+gtr_t5-dj_adpt+mpnet-dj_adpt+kalm_instruct_v2_5-dj_adpt+qwen3_06b-dj_adpt+qwen3_4b-dj_adpt+kalm_gemma3_12b-dj_adpt+llama_nemotron_8b-dj_adpt+qwen3_8b-dj_adpt,155.0,,3.16402268409729
cl_optim,distilroberta-dj_adpt+mini_l12-dj_adpt+mini_l6-dj_adpt+gte_base-dj_adpt+gtr_t5-dj_adpt+mpnet-dj_adpt+kalm_instruct_v2_5-dj_adpt+qwen3_06b-dj_adpt+qwen3_4b-dj_adpt+kalm_gemma3_12b-dj_adpt+llama_nemotron_8b-dj_adpt+qwen3_8b-dj_adpt,155.0,3.071195363998413,
cl_optim,distilroberta-dj_adpt+mini_l12-dj_adpt+mini_l6-dj_adpt+gte_base-dj_adpt+gtr_t5-dj_adpt+mpnet-dj_adpt+kalm_instruct_v2_5-dj_adpt+qwen3_06b-dj_adpt+qwen3_4b-dj_adpt+kalm_gemma3_12b-dj_adpt+llama_nemotron_8b-dj_adpt+qwen3_8b-dj_adpt,156.0,,3.1640734672546387
cl_optim,distilroberta-dj_adpt+mini_l12-dj_adpt+mini_l6-dj_adpt+gte_base-dj_adpt+gtr_t5-dj_adpt+mpnet-dj_adpt+kalm_instruct_v2_5-dj_adpt+qwen3_06b-dj_adpt+qwen3_4b-dj_adpt+kalm_gemma3_12b-dj_adpt+llama_nemotron_8b-dj_adpt+qwen3_8b-dj_adpt,156.0,3.0711095333099365,
cl_optim,distilroberta-dj_adpt+mini_l12-dj_adpt+mini_l6-dj_adpt+gte_base-dj_adpt+gtr_t5-dj_adpt+mpnet-dj_adpt+kalm_instruct_v2_5-dj_adpt+qwen3_06b-dj_adpt+qwen3_4b-dj_adpt+kalm_gemma3_12b-dj_adpt+llama_nemotron_8b-dj_adpt+qwen3_8b-dj_adpt,157.0,,3.163975715637207
cl_optim,distilroberta-dj_adpt+mini_l12-dj_adpt+mini_l6-dj_adpt+gte_base-dj_adpt+gtr_t5-dj_adpt+mpnet-dj_adpt+kalm_instruct_v2_5-dj_adpt+qwen3_06b-dj_adpt+qwen3_4b-dj_adpt+kalm_gemma3_12b-dj_adpt+llama_nemotron_8b-dj_adpt+qwen3_8b-dj_adpt,157.0,3.0707342624664307,
cl_optim,distilroberta-dj_adpt+mini_l12-dj_adpt+mini_l6-dj_adpt+gte_base-dj_adpt+gtr_t5-dj_adpt+mpnet-dj_adpt+kalm_instruct_v2_5-dj_adpt+qwen3_06b-dj_adpt+qwen3_4b-dj_adpt+kalm_gemma3_12b-dj_adpt+llama_nemotron_8b-dj_adpt+qwen3_8b-dj_adpt,158.0,,3.163381338119507
cl_optim,distilroberta-dj_adpt+mini_l12-dj_adpt+mini_l6-dj_adpt+gte_base-dj_adpt+gtr_t5-dj_adpt+mpnet-dj_adpt+kalm_instruct_v2_5-dj_adpt+qwen3_06b-dj_adpt+qwen3_4b-dj_adpt+kalm_gemma3_12b-dj_adpt+llama_nemotron_8b-dj_adpt+qwen3_8b-dj_adpt,158.0,3.0702285766601562,
cl_optim,distilroberta-dj_adpt+mini_l12-dj_adpt+mini_l6-dj_adpt+gte_base-dj_adpt+gtr_t5-dj_adpt+mpnet-dj_adpt+kalm_instruct_v2_5-dj_adpt+qwen3_06b-dj_adpt+qwen3_4b-dj_adpt+kalm_gemma3_12b-dj_adpt+llama_nemotron_8b-dj_adpt+qwen3_8b-dj_adpt,159.0,,3.1634457111358643
cl_optim,distilroberta-dj_adpt+mini_l12-dj_adpt+mini_l6-dj_adpt+gte_base-dj_adpt+gtr_t5-dj_adpt+mpnet-dj_adpt+kalm_instruct_v2_5-dj_adpt+qwen3_06b-dj_adpt+qwen3_4b-dj_adpt+kalm_gemma3_12b-dj_adpt+llama_nemotron_8b-dj_adpt+qwen3_8b-dj_adpt,159.0,3.070709228515625,
cl_optim,distilroberta-dj_adpt+mini_l12-dj_adpt+mini_l6-dj_adpt+gte_base-dj_adpt+gtr_t5-dj_adpt+mpnet-dj_adpt+kalm_instruct_v2_5-dj_adpt+qwen3_06b-dj_adpt+qwen3_4b-dj_adpt+kalm_gemma3_12b-dj_adpt+llama_nemotron_8b-dj_adpt+qwen3_8b-dj_adpt,160.0,,3.1634116172790527
cl_optim,distilroberta-dj_adpt+mini_l12-dj_adpt+mini_l6-dj_adpt+gte_base-dj_adpt+gtr_t5-dj_adpt+mpnet-dj_adpt+kalm_instruct_v2_5-dj_adpt+qwen3_06b-dj_adpt+qwen3_4b-dj_adpt+kalm_gemma3_12b-dj_adpt+llama_nemotron_8b-dj_adpt+qwen3_8b-dj_adpt,160.0,3.0704305171966553,
cl_optim,distilroberta-dj_adpt+mini_l12-dj_adpt+mini_l6-dj_adpt+gte_base-dj_adpt+gtr_t5-dj_adpt+mpnet-dj_adpt+kalm_instruct_v2_5-dj_adpt+qwen3_06b-dj_adpt+qwen3_4b-dj_adpt+kalm_gemma3_12b-dj_adpt+llama_nemotron_8b-dj_adpt+qwen3_8b-dj_adpt,161.0,,3.1632354259490967
cl_optim,distilroberta-dj_adpt+mini_l12-dj_adpt+mini_l6-dj_adpt+gte_base-dj_adpt+gtr_t5-dj_adpt+mpnet-dj_adpt+kalm_instruct_v2_5-dj_adpt+qwen3_06b-dj_adpt+qwen3_4b-dj_adpt+kalm_gemma3_12b-dj_adpt+llama_nemotron_8b-dj_adpt+qwen3_8b-dj_adpt,161.0,3.0701122283935547,
cl_optim,distilroberta-dj_adpt+mini_l12-dj_adpt+mini_l6-dj_adpt+gte_base-dj_adpt+gtr_t5-dj_adpt+mpnet-dj_adpt+kalm_instruct_v2_5-dj_adpt+qwen3_06b-dj_adpt+qwen3_4b-dj_adpt+kalm_gemma3_12b-dj_adpt+llama_nemotron_8b-dj_adpt+qwen3_8b-dj_adpt,162.0,,3.1625969409942627
cl_optim,distilroberta-dj_adpt+mini_l12-dj_adpt+mini_l6-dj_adpt+gte_base-dj_adpt+gtr_t5-dj_adpt+mpnet-dj_adpt+kalm_instruct_v2_5-dj_adpt+qwen3_06b-dj_adpt+qwen3_4b-dj_adpt+kalm_gemma3_12b-dj_adpt+llama_nemotron_8b-dj_adpt+qwen3_8b-dj_adpt,162.0,3.0694046020507812,
cl_optim,distilroberta-dj_adpt+mini_l12-dj_adpt+mini_l6-dj_adpt+gte_base-dj_adpt+gtr_t5-dj_adpt+mpnet-dj_adpt+kalm_instruct_v2_5-dj_adpt+qwen3_06b-dj_adpt+qwen3_4b-dj_adpt+kalm_gemma3_12b-dj_adpt+llama_nemotron_8b-dj_adpt+qwen3_8b-dj_adpt,163.0,,3.1627910137176514
cl_optim,distilroberta-dj_adpt+mini_l12-dj_adpt+mini_l6-dj_adpt+gte_base-dj_adpt+gtr_t5-dj_adpt+mpnet-dj_adpt+kalm_instruct_v2_5-dj_adpt+qwen3_06b-dj_adpt+qwen3_4b-dj_adpt+kalm_gemma3_12b-dj_adpt+llama_nemotron_8b-dj_adpt+qwen3_8b-dj_adpt,163.0,3.069779872894287,
cl_optim,distilroberta-dj_adpt+mini_l12-dj_adpt+mini_l6-dj_adpt+gte_base-dj_adpt+gtr_t5-dj_adpt+mpnet-dj_adpt+kalm_instruct_v2_5-dj_adpt+qwen3_06b-dj_adpt+qwen3_4b-dj_adpt+kalm_gemma3_12b-dj_adpt+llama_nemotron_8b-dj_adpt+qwen3_8b-dj_adpt,164.0,,3.162599563598633
cl_optim,distilroberta-dj_adpt+mini_l12-dj_adpt+mini_l6-dj_adpt+gte_base-dj_adpt+gtr_t5-dj_adpt+mpnet-dj_adpt+kalm_instruct_v2_5-dj_adpt+qwen3_06b-dj_adpt+qwen3_4b-dj_adpt+kalm_gemma3_12b-dj_adpt+llama_nemotron_8b-dj_adpt+qwen3_8b-dj_adpt,164.0,3.070032835006714,
cl_optim,distilroberta-dj_adpt+mini_l12-dj_adpt+mini_l6-dj_adpt+gte_base-dj_adpt+gtr_t5-dj_adpt+mpnet-dj_adpt+kalm_instruct_v2_5-dj_adpt+qwen3_06b-dj_adpt+qwen3_4b-dj_adpt+kalm_gemma3_12b-dj_adpt+llama_nemotron_8b-dj_adpt+qwen3_8b-dj_adpt,165.0,,3.1623804569244385
cl_optim,distilroberta-dj_adpt+mini_l12-dj_adpt+mini_l6-dj_adpt+gte_base-dj_adpt+gtr_t5-dj_adpt+mpnet-dj_adpt+kalm_instruct_v2_5-dj_adpt+qwen3_06b-dj_adpt+qwen3_4b-dj_adpt+kalm_gemma3_12b-dj_adpt+llama_nemotron_8b-dj_adpt+qwen3_8b-dj_adpt,165.0,3.0696542263031006,
cl_optim,distilroberta-dj_adpt+mini_l12-dj_adpt+mini_l6-dj_adpt+gte_base-dj_adpt+gtr_t5-dj_adpt+mpnet-dj_adpt+kalm_instruct_v2_5-dj_adpt+qwen3_06b-dj_adpt+qwen3_4b-dj_adpt+kalm_gemma3_12b-dj_adpt+llama_nemotron_8b-dj_adpt+qwen3_8b-dj_adpt,166.0,,3.1621289253234863
cl_optim,distilroberta-dj_adpt+mini_l12-dj_adpt+mini_l6-dj_adpt+gte_base-dj_adpt+gtr_t5-dj_adpt+mpnet-dj_adpt+kalm_instruct_v2_5-dj_adpt+qwen3_06b-dj_adpt+qwen3_4b-dj_adpt+kalm_gemma3_12b-dj_adpt+llama_nemotron_8b-dj_adpt+qwen3_8b-dj_adpt,166.0,3.069202423095703,
cl_optim,distilroberta-dj_adpt+mini_l12-dj_adpt+mini_l6-dj_adpt+gte_base-dj_adpt+gtr_t5-dj_adpt+mpnet-dj_adpt+kalm_instruct_v2_5-dj_adpt+qwen3_06b-dj_adpt+qwen3_4b-dj_adpt+kalm_gemma3_12b-dj_adpt+llama_nemotron_8b-dj_adpt+qwen3_8b-dj_adpt,167.0,,3.1620354652404785
cl_optim,distilroberta-dj_adpt+mini_l12-dj_adpt+mini_l6-dj_adpt+gte_base-dj_adpt+gtr_t5-dj_adpt+mpnet-dj_adpt+kalm_instruct_v2_5-dj_adpt+qwen3_06b-dj_adpt+qwen3_4b-dj_adpt+kalm_gemma3_12b-dj_adpt+llama_nemotron_8b-dj_adpt+qwen3_8b-dj_adpt,167.0,3.0690174102783203,
cl_optim,distilroberta-dj_adpt+mini_l12-dj_adpt+mini_l6-dj_adpt+gte_base-dj_adpt+gtr_t5-dj_adpt+mpnet-dj_adpt+kalm_instruct_v2_5-dj_adpt+qwen3_06b-dj_adpt+qwen3_4b-dj_adpt+kalm_gemma3_12b-dj_adpt+llama_nemotron_8b-dj_adpt+qwen3_8b-dj_adpt,168.0,,3.1618614196777344
cl_optim,distilroberta-dj_adpt+mini_l12-dj_adpt+mini_l6-dj_adpt+gte_base-dj_adpt+gtr_t5-dj_adpt+mpnet-dj_adpt+kalm_instruct_v2_5-dj_adpt+qwen3_06b-dj_adpt+qwen3_4b-dj_adpt+kalm_gemma3_12b-dj_adpt+llama_nemotron_8b-dj_adpt+qwen3_8b-dj_adpt,168.0,3.0692756175994873,
cl_optim,distilroberta-dj_adpt+mini_l12-dj_adpt+mini_l6-dj_adpt+gte_base-dj_adpt+gtr_t5-dj_adpt+mpnet-dj_adpt+kalm_instruct_v2_5-dj_adpt+qwen3_06b-dj_adpt+qwen3_4b-dj_adpt+kalm_gemma3_12b-dj_adpt+llama_nemotron_8b-dj_adpt+qwen3_8b-dj_adpt,169.0,,3.161841630935669
cl_optim,distilroberta-dj_adpt+mini_l12-dj_adpt+mini_l6-dj_adpt+gte_base-dj_adpt+gtr_t5-dj_adpt+mpnet-dj_adpt+kalm_instruct_v2_5-dj_adpt+qwen3_06b-dj_adpt+qwen3_4b-dj_adpt+kalm_gemma3_12b-dj_adpt+llama_nemotron_8b-dj_adpt+qwen3_8b-dj_adpt,169.0,3.0683939456939697,
cl_optim,distilroberta-dj_adpt+mini_l12-dj_adpt+mini_l6-dj_adpt+gte_base-dj_adpt+gtr_t5-dj_adpt+mpnet-dj_adpt+kalm_instruct_v2_5-dj_adpt+qwen3_06b-dj_adpt+qwen3_4b-dj_adpt+kalm_gemma3_12b-dj_adpt+llama_nemotron_8b-dj_adpt+qwen3_8b-dj_adpt,170.0,,3.161560535430908
cl_optim,distilroberta-dj_adpt+mini_l12-dj_adpt+mini_l6-dj_adpt+gte_base-dj_adpt+gtr_t5-dj_adpt+mpnet-dj_adpt+kalm_instruct_v2_5-dj_adpt+qwen3_06b-dj_adpt+qwen3_4b-dj_adpt+kalm_gemma3_12b-dj_adpt+llama_nemotron_8b-dj_adpt+qwen3_8b-dj_adpt,170.0,3.069187641143799,
cl_optim,distilroberta-dj_adpt+mini_l12-dj_adpt+mini_l6-dj_adpt+gte_base-dj_adpt+gtr_t5-dj_adpt+mpnet-dj_adpt+kalm_instruct_v2_5-dj_adpt+qwen3_06b-dj_adpt+qwen3_4b-dj_adpt+kalm_gemma3_12b-dj_adpt+llama_nemotron_8b-dj_adpt+qwen3_8b-dj_adpt,171.0,,3.1613731384277344
cl_optim,distilroberta-dj_adpt+mini_l12-dj_adpt+mini_l6-dj_adpt+gte_base-dj_adpt+gtr_t5-dj_adpt+mpnet-dj_adpt+kalm_instruct_v2_5-dj_adpt+qwen3_06b-dj_adpt+qwen3_4b-dj_adpt+kalm_gemma3_12b-dj_adpt+llama_nemotron_8b-dj_adpt+qwen3_8b-dj_adpt,171.0,3.068502902984619,
cl_optim,distilroberta-dj_adpt+mini_l12-dj_adpt+mini_l6-dj_adpt+gte_base-dj_adpt+gtr_t5-dj_adpt+mpnet-dj_adpt+kalm_instruct_v2_5-dj_adpt+qwen3_06b-dj_adpt+qwen3_4b-dj_adpt+kalm_gemma3_12b-dj_adpt+llama_nemotron_8b-dj_adpt+qwen3_8b-dj_adpt,172.0,,3.1610145568847656
cl_optim,distilroberta-dj_adpt+mini_l12-dj_adpt+mini_l6-dj_adpt+gte_base-dj_adpt+gtr_t5-dj_adpt+mpnet-dj_adpt+kalm_instruct_v2_5-dj_adpt+qwen3_06b-dj_adpt+qwen3_4b-dj_adpt+kalm_gemma3_12b-dj_adpt+llama_nemotron_8b-dj_adpt+qwen3_8b-dj_adpt,172.0,3.068653106689453,
cl_optim,distilroberta-dj_adpt+mini_l12-dj_adpt+mini_l6-dj_adpt+gte_base-dj_adpt+gtr_t5-dj_adpt+mpnet-dj_adpt+kalm_instruct_v2_5-dj_adpt+qwen3_06b-dj_adpt+qwen3_4b-dj_adpt+kalm_gemma3_12b-dj_adpt+llama_nemotron_8b-dj_adpt+qwen3_8b-dj_adpt,173.0,,3.1607491970062256
cl_optim,distilroberta-dj_adpt+mini_l12-dj_adpt+mini_l6-dj_adpt+gte_base-dj_adpt+gtr_t5-dj_adpt+mpnet-dj_adpt+kalm_instruct_v2_5-dj_adpt+qwen3_06b-dj_adpt+qwen3_4b-dj_adpt+kalm_gemma3_12b-dj_adpt+llama_nemotron_8b-dj_adpt+qwen3_8b-dj_adpt,173.0,3.068157434463501,
cl_optim,distilroberta-dj_adpt+mini_l12-dj_adpt+mini_l6-dj_adpt+gte_base-dj_adpt+gtr_t5-dj_adpt+mpnet-dj_adpt+kalm_instruct_v2_5-dj_adpt+qwen3_06b-dj_adpt+qwen3_4b-dj_adpt+kalm_gemma3_12b-dj_adpt+llama_nemotron_8b-dj_adpt+qwen3_8b-dj_adpt,174.0,,3.1610450744628906
cl_optim,distilroberta-dj_adpt+mini_l12-dj_adpt+mini_l6-dj_adpt+gte_base-dj_adpt+gtr_t5-dj_adpt+mpnet-dj_adpt+kalm_instruct_v2_5-dj_adpt+qwen3_06b-dj_adpt+qwen3_4b-dj_adpt+kalm_gemma3_12b-dj_adpt+llama_nemotron_8b-dj_adpt+qwen3_8b-dj_adpt,174.0,3.067488431930542,
cl_optim,distilroberta-dj_adpt+mini_l12-dj_adpt+mini_l6-dj_adpt+gte_base-dj_adpt+gtr_t5-dj_adpt+mpnet-dj_adpt+kalm_instruct_v2_5-dj_adpt+qwen3_06b-dj_adpt+qwen3_4b-dj_adpt+kalm_gemma3_12b-dj_adpt+llama_nemotron_8b-dj_adpt+qwen3_8b-dj_adpt,175.0,,3.1609067916870117
cl_optim,distilroberta-dj_adpt+mini_l12-dj_adpt+mini_l6-dj_adpt+gte_base-dj_adpt+gtr_t5-dj_adpt+mpnet-dj_adpt+kalm_instruct_v2_5-dj_adpt+qwen3_06b-dj_adpt+qwen3_4b-dj_adpt+kalm_gemma3_12b-dj_adpt+llama_nemotron_8b-dj_adpt+qwen3_8b-dj_adpt,175.0,3.0675501823425293,
cl_optim,distilroberta-dj_adpt+mini_l12-dj_adpt+mini_l6-dj_adpt+gte_base-dj_adpt+gtr_t5-dj_adpt+mpnet-dj_adpt+kalm_instruct_v2_5-dj_adpt+qwen3_06b-dj_adpt+qwen3_4b-dj_adpt+kalm_gemma3_12b-dj_adpt+llama_nemotron_8b-dj_adpt+qwen3_8b-dj_adpt,176.0,,3.1606028079986572
cl_optim,distilroberta-dj_adpt+mini_l12-dj_adpt+mini_l6-dj_adpt+gte_base-dj_adpt+gtr_t5-dj_adpt+mpnet-dj_adpt+kalm_instruct_v2_5-dj_adpt+qwen3_06b-dj_adpt+qwen3_4b-dj_adpt+kalm_gemma3_12b-dj_adpt+llama_nemotron_8b-dj_adpt+qwen3_8b-dj_adpt,176.0,3.0676419734954834,
cl_optim,distilroberta-dj_adpt+mini_l12-dj_adpt+mini_l6-dj_adpt+gte_base-dj_adpt+gtr_t5-dj_adpt+mpnet-dj_adpt+kalm_instruct_v2_5-dj_adpt+qwen3_06b-dj_adpt+qwen3_4b-dj_adpt+kalm_gemma3_12b-dj_adpt+llama_nemotron_8b-dj_adpt+qwen3_8b-dj_adpt,177.0,,3.1606411933898926
cl_optim,distilroberta-dj_adpt+mini_l12-dj_adpt+mini_l6-dj_adpt+gte_base-dj_adpt+gtr_t5-dj_adpt+mpnet-dj_adpt+kalm_instruct_v2_5-dj_adpt+qwen3_06b-dj_adpt+qwen3_4b-dj_adpt+kalm_gemma3_12b-dj_adpt+llama_nemotron_8b-dj_adpt+qwen3_8b-dj_adpt,177.0,3.067067861557007,
cl_optim,distilroberta-dj_adpt+mini_l12-dj_adpt+mini_l6-dj_adpt+gte_base-dj_adpt+gtr_t5-dj_adpt+mpnet-dj_adpt+kalm_instruct_v2_5-dj_adpt+qwen3_06b-dj_adpt+qwen3_4b-dj_adpt+kalm_gemma3_12b-dj_adpt+llama_nemotron_8b-dj_adpt+qwen3_8b-dj_adpt,178.0,,3.160331964492798
cl_optim,distilroberta-dj_adpt+mini_l12-dj_adpt+mini_l6-dj_adpt+gte_base-dj_adpt+gtr_t5-dj_adpt+mpnet-dj_adpt+kalm_instruct_v2_5-dj_adpt+qwen3_06b-dj_adpt+qwen3_4b-dj_adpt+kalm_gemma3_12b-dj_adpt+llama_nemotron_8b-dj_adpt+qwen3_8b-dj_adpt,178.0,3.0667896270751953,
cl_optim,distilroberta-dj_adpt+mini_l12-dj_adpt+mini_l6-dj_adpt+gte_base-dj_adpt+gtr_t5-dj_adpt+mpnet-dj_adpt+kalm_instruct_v2_5-dj_adpt+qwen3_06b-dj_adpt+qwen3_4b-dj_adpt+kalm_gemma3_12b-dj_adpt+llama_nemotron_8b-dj_adpt+qwen3_8b-dj_adpt,179.0,,3.1603453159332275
cl_optim,distilroberta-dj_adpt+mini_l12-dj_adpt+mini_l6-dj_adpt+gte_base-dj_adpt+gtr_t5-dj_adpt+mpnet-dj_adpt+kalm_instruct_v2_5-dj_adpt+qwen3_06b-dj_adpt+qwen3_4b-dj_adpt+kalm_gemma3_12b-dj_adpt+llama_nemotron_8b-dj_adpt+qwen3_8b-dj_adpt,179.0,3.067064046859741,
cl_optim,distilroberta-dj_adpt+mini_l12-dj_adpt+mini_l6-dj_adpt+gte_base-dj_adpt+gtr_t5-dj_adpt+mpnet-dj_adpt+kalm_instruct_v2_5-dj_adpt+qwen3_06b-dj_adpt+qwen3_4b-dj_adpt+kalm_gemma3_12b-dj_adpt+llama_nemotron_8b-dj_adpt+qwen3_8b-dj_adpt,180.0,,3.1602799892425537
cl_optim,distilroberta-dj_adpt+mini_l12-dj_adpt+mini_l6-dj_adpt+gte_base-dj_adpt+gtr_t5-dj_adpt+mpnet-dj_adpt+kalm_instruct_v2_5-dj_adpt+qwen3_06b-dj_adpt+qwen3_4b-dj_adpt+kalm_gemma3_12b-dj_adpt+llama_nemotron_8b-dj_adpt+qwen3_8b-dj_adpt,180.0,3.066925525665283,
cl_optim,distilroberta-dj_adpt+mini_l12-dj_adpt+mini_l6-dj_adpt+gte_base-dj_adpt+gtr_t5-dj_adpt+mpnet-dj_adpt+kalm_instruct_v2_5-dj_adpt+qwen3_06b-dj_adpt+qwen3_4b-dj_adpt+kalm_gemma3_12b-dj_adpt+llama_nemotron_8b-dj_adpt+qwen3_8b-dj_adpt,181.0,,3.160266160964966
cl_optim,distilroberta-dj_adpt+mini_l12-dj_adpt+mini_l6-dj_adpt+gte_base-dj_adpt+gtr_t5-dj_adpt+mpnet-dj_adpt+kalm_instruct_v2_5-dj_adpt+qwen3_06b-dj_adpt+qwen3_4b-dj_adpt+kalm_gemma3_12b-dj_adpt+llama_nemotron_8b-dj_adpt+qwen3_8b-dj_adpt,181.0,3.067124605178833,
cl_optim,distilroberta-dj_adpt+mini_l12-dj_adpt+mini_l6-dj_adpt+gte_base-dj_adpt+gtr_t5-dj_adpt+mpnet-dj_adpt+kalm_instruct_v2_5-dj_adpt+qwen3_06b-dj_adpt+qwen3_4b-dj_adpt+kalm_gemma3_12b-dj_adpt+llama_nemotron_8b-dj_adpt+qwen3_8b-dj_adpt,182.0,,3.1599974632263184
cl_optim,distilroberta-dj_adpt+mini_l12-dj_adpt+mini_l6-dj_adpt+gte_base-dj_adpt+gtr_t5-dj_adpt+mpnet-dj_adpt+kalm_instruct_v2_5-dj_adpt+qwen3_06b-dj_adpt+qwen3_4b-dj_adpt+kalm_gemma3_12b-dj_adpt+llama_nemotron_8b-dj_adpt+qwen3_8b-dj_adpt,182.0,3.067342758178711,
cl_optim,distilroberta-dj_adpt+mini_l12-dj_adpt+mini_l6-dj_adpt+gte_base-dj_adpt+gtr_t5-dj_adpt+mpnet-dj_adpt+kalm_instruct_v2_5-dj_adpt+qwen3_06b-dj_adpt+qwen3_4b-dj_adpt+kalm_gemma3_12b-dj_adpt+llama_nemotron_8b-dj_adpt+qwen3_8b-dj_adpt,183.0,,3.1599650382995605
cl_optim,distilroberta-dj_adpt+mini_l12-dj_adpt+mini_l6-dj_adpt+gte_base-dj_adpt+gtr_t5-dj_adpt+mpnet-dj_adpt+kalm_instruct_v2_5-dj_adpt+qwen3_06b-dj_adpt+qwen3_4b-dj_adpt+kalm_gemma3_12b-dj_adpt+llama_nemotron_8b-dj_adpt+qwen3_8b-dj_adpt,183.0,3.065887451171875,
cl_optim,distilroberta-dj_adpt+mini_l12-dj_adpt+mini_l6-dj_adpt+gte_base-dj_adpt+gtr_t5-dj_adpt+mpnet-dj_adpt+kalm_instruct_v2_5-dj_adpt+qwen3_06b-dj_adpt+qwen3_4b-dj_adpt+kalm_gemma3_12b-dj_adpt+llama_nemotron_8b-dj_adpt+qwen3_8b-dj_adpt,184.0,,3.159926652908325
cl_optim,distilroberta-dj_adpt+mini_l12-dj_adpt+mini_l6-dj_adpt+gte_base-dj_adpt+gtr_t5-dj_adpt+mpnet-dj_adpt+kalm_instruct_v2_5-dj_adpt+qwen3_06b-dj_adpt+qwen3_4b-dj_adpt+kalm_gemma3_12b-dj_adpt+llama_nemotron_8b-dj_adpt+qwen3_8b-dj_adpt,184.0,3.0665740966796875,
cl_optim,distilroberta-dj_adpt+mini_l12-dj_adpt+mini_l6-dj_adpt+gte_base-dj_adpt+gtr_t5-dj_adpt+mpnet-dj_adpt+kalm_instruct_v2_5-dj_adpt+qwen3_06b-dj_adpt+qwen3_4b-dj_adpt+kalm_gemma3_12b-dj_adpt+llama_nemotron_8b-dj_adpt+qwen3_8b-dj_adpt,185.0,,3.159860610961914
cl_optim,distilroberta-dj_adpt+mini_l12-dj_adpt+mini_l6-dj_adpt+gte_base-dj_adpt+gtr_t5-dj_adpt+mpnet-dj_adpt+kalm_instruct_v2_5-dj_adpt+qwen3_06b-dj_adpt+qwen3_4b-dj_adpt+kalm_gemma3_12b-dj_adpt+llama_nemotron_8b-dj_adpt+qwen3_8b-dj_adpt,185.0,3.0666255950927734,
cl_optim,distilroberta-dj_adpt+mini_l12-dj_adpt+mini_l6-dj_adpt+gte_base-dj_adpt+gtr_t5-dj_adpt+mpnet-dj_adpt+kalm_instruct_v2_5-dj_adpt+qwen3_06b-dj_adpt+qwen3_4b-dj_adpt+kalm_gemma3_12b-dj_adpt+llama_nemotron_8b-dj_adpt+qwen3_8b-dj_adpt,186.0,,3.159773826599121
cl_optim,distilroberta-dj_adpt+mini_l12-dj_adpt+mini_l6-dj_adpt+gte_base-dj_adpt+gtr_t5-dj_adpt+mpnet-dj_adpt+kalm_instruct_v2_5-dj_adpt+qwen3_06b-dj_adpt+qwen3_4b-dj_adpt+kalm_gemma3_12b-dj_adpt+llama_nemotron_8b-dj_adpt+qwen3_8b-dj_adpt,186.0,3.066434860229492,
cl_optim,distilroberta-dj_adpt+mini_l12-dj_adpt+mini_l6-dj_adpt+gte_base-dj_adpt+gtr_t5-dj_adpt+mpnet-dj_adpt+kalm_instruct_v2_5-dj_adpt+qwen3_06b-dj_adpt+qwen3_4b-dj_adpt+kalm_gemma3_12b-dj_adpt+llama_nemotron_8b-dj_adpt+qwen3_8b-dj_adpt,187.0,,3.15959095954895
cl_optim,distilroberta-dj_adpt+mini_l12-dj_adpt+mini_l6-dj_adpt+gte_base-dj_adpt+gtr_t5-dj_adpt+mpnet-dj_adpt+kalm_instruct_v2_5-dj_adpt+qwen3_06b-dj_adpt+qwen3_4b-dj_adpt+kalm_gemma3_12b-dj_adpt+llama_nemotron_8b-dj_adpt+qwen3_8b-dj_adpt,187.0,3.065830707550049,
cl_optim,distilroberta-dj_adpt+mini_l12-dj_adpt+mini_l6-dj_adpt+gte_base-dj_adpt+gtr_t5-dj_adpt+mpnet-dj_adpt+kalm_instruct_v2_5-dj_adpt+qwen3_06b-dj_adpt+qwen3_4b-dj_adpt+kalm_gemma3_12b-dj_adpt+llama_nemotron_8b-dj_adpt+qwen3_8b-dj_adpt,188.0,,3.1596672534942627
cl_optim,distilroberta-dj_adpt+mini_l12-dj_adpt+mini_l6-dj_adpt+gte_base-dj_adpt+gtr_t5-dj_adpt+mpnet-dj_adpt+kalm_instruct_v2_5-dj_adpt+qwen3_06b-dj_adpt+qwen3_4b-dj_adpt+kalm_gemma3_12b-dj_adpt+llama_nemotron_8b-dj_adpt+qwen3_8b-dj_adpt,188.0,3.065917491912842,
cl_optim,distilroberta-dj_adpt+mini_l12-dj_adpt+mini_l6-dj_adpt+gte_base-dj_adpt+gtr_t5-dj_adpt+mpnet-dj_adpt+kalm_instruct_v2_5-dj_adpt+qwen3_06b-dj_adpt+qwen3_4b-dj_adpt+kalm_gemma3_12b-dj_adpt+llama_nemotron_8b-dj_adpt+qwen3_8b-dj_adpt,189.0,,3.1596837043762207
cl_optim,distilroberta-dj_adpt+mini_l12-dj_adpt+mini_l6-dj_adpt+gte_base-dj_adpt+gtr_t5-dj_adpt+mpnet-dj_adpt+kalm_instruct_v2_5-dj_adpt+qwen3_06b-dj_adpt+qwen3_4b-dj_adpt+kalm_gemma3_12b-dj_adpt+llama_nemotron_8b-dj_adpt+qwen3_8b-dj_adpt,189.0,3.065737724304199,
cl_optim,distilroberta-dj_adpt+mini_l12-dj_adpt+mini_l6-dj_adpt+gte_base-dj_adpt+gtr_t5-dj_adpt+mpnet-dj_adpt+kalm_instruct_v2_5-dj_adpt+qwen3_06b-dj_adpt+qwen3_4b-dj_adpt+kalm_gemma3_12b-dj_adpt+llama_nemotron_8b-dj_adpt+qwen3_8b-dj_adpt,190.0,,3.159600019454956
cl_optim,distilroberta-dj_adpt+mini_l12-dj_adpt+mini_l6-dj_adpt+gte_base-dj_adpt+gtr_t5-dj_adpt+mpnet-dj_adpt+kalm_instruct_v2_5-dj_adpt+qwen3_06b-dj_adpt+qwen3_4b-dj_adpt+kalm_gemma3_12b-dj_adpt+llama_nemotron_8b-dj_adpt+qwen3_8b-dj_adpt,190.0,3.065654754638672,
cl_optim,distilroberta-dj_adpt+mini_l12-dj_adpt+mini_l6-dj_adpt+gte_base-dj_adpt+gtr_t5-dj_adpt+mpnet-dj_adpt+kalm_instruct_v2_5-dj_adpt+qwen3_06b-dj_adpt+qwen3_4b-dj_adpt+kalm_gemma3_12b-dj_adpt+llama_nemotron_8b-dj_adpt+qwen3_8b-dj_adpt,191.0,,3.1595895290374756
cl_optim,distilroberta-dj_adpt+mini_l12-dj_adpt+mini_l6-dj_adpt+gte_base-dj_adpt+gtr_t5-dj_adpt+mpnet-dj_adpt+kalm_instruct_v2_5-dj_adpt+qwen3_06b-dj_adpt+qwen3_4b-dj_adpt+kalm_gemma3_12b-dj_adpt+llama_nemotron_8b-dj_adpt+qwen3_8b-dj_adpt,191.0,3.0659494400024414,
cl_optim,distilroberta-dj_adpt+mini_l12-dj_adpt+mini_l6-dj_adpt+gte_base-dj_adpt+gtr_t5-dj_adpt+mpnet-dj_adpt+kalm_instruct_v2_5-dj_adpt+qwen3_06b-dj_adpt+qwen3_4b-dj_adpt+kalm_gemma3_12b-dj_adpt+llama_nemotron_8b-dj_adpt+qwen3_8b-dj_adpt,192.0,,3.1596012115478516
cl_optim,distilroberta-dj_adpt+mini_l12-dj_adpt+mini_l6-dj_adpt+gte_base-dj_adpt+gtr_t5-dj_adpt+mpnet-dj_adpt+kalm_instruct_v2_5-dj_adpt+qwen3_06b-dj_adpt+qwen3_4b-dj_adpt+kalm_gemma3_12b-dj_adpt+llama_nemotron_8b-dj_adpt+qwen3_8b-dj_adpt,192.0,3.065816640853882,
cl_optim,distilroberta-dj_adpt+mini_l12-dj_adpt+mini_l6-dj_adpt+gte_base-dj_adpt+gtr_t5-dj_adpt+mpnet-dj_adpt+kalm_instruct_v2_5-dj_adpt+qwen3_06b-dj_adpt+qwen3_4b-dj_adpt+kalm_gemma3_12b-dj_adpt+llama_nemotron_8b-dj_adpt+qwen3_8b-dj_adpt,193.0,,3.1595065593719482
cl_optim,distilroberta-dj_adpt+mini_l12-dj_adpt+mini_l6-dj_adpt+gte_base-dj_adpt+gtr_t5-dj_adpt+mpnet-dj_adpt+kalm_instruct_v2_5-dj_adpt+qwen3_06b-dj_adpt+qwen3_4b-dj_adpt+kalm_gemma3_12b-dj_adpt+llama_nemotron_8b-dj_adpt+qwen3_8b-dj_adpt,193.0,3.0657052993774414,
cl_optim,distilroberta-dj_adpt+mini_l12-dj_adpt+mini_l6-dj_adpt+gte_base-dj_adpt+gtr_t5-dj_adpt+mpnet-dj_adpt+kalm_instruct_v2_5-dj_adpt+qwen3_06b-dj_adpt+qwen3_4b-dj_adpt+kalm_gemma3_12b-dj_adpt+llama_nemotron_8b-dj_adpt+qwen3_8b-dj_adpt,194.0,,3.1594064235687256
cl_optim,distilroberta-dj_adpt+mini_l12-dj_adpt+mini_l6-dj_adpt+gte_base-dj_adpt+gtr_t5-dj_adpt+mpnet-dj_adpt+kalm_instruct_v2_5-dj_adpt+qwen3_06b-dj_adpt+qwen3_4b-dj_adpt+kalm_gemma3_12b-dj_adpt+llama_nemotron_8b-dj_adpt+qwen3_8b-dj_adpt,194.0,3.0653741359710693,
cl_optim,distilroberta-dj_adpt+mini_l12-dj_adpt+mini_l6-dj_adpt+gte_base-dj_adpt+gtr_t5-dj_adpt+mpnet-dj_adpt+kalm_instruct_v2_5-dj_adpt+qwen3_06b-dj_adpt+qwen3_4b-dj_adpt+kalm_gemma3_12b-dj_adpt+llama_nemotron_8b-dj_adpt+qwen3_8b-dj_adpt,195.0,,3.1594269275665283
cl_optim,distilroberta-dj_adpt+mini_l12-dj_adpt+mini_l6-dj_adpt+gte_base-dj_adpt+gtr_t5-dj_adpt+mpnet-dj_adpt+kalm_instruct_v2_5-dj_adpt+qwen3_06b-dj_adpt+qwen3_4b-dj_adpt+kalm_gemma3_12b-dj_adpt+llama_nemotron_8b-dj_adpt+qwen3_8b-dj_adpt,195.0,3.065877914428711,
cl_optim,distilroberta-dj_adpt+mini_l12-dj_adpt+mini_l6-dj_adpt+gte_base-dj_adpt+gtr_t5-dj_adpt+mpnet-dj_adpt+kalm_instruct_v2_5-dj_adpt+qwen3_06b-dj_adpt+qwen3_4b-dj_adpt+kalm_gemma3_12b-dj_adpt+llama_nemotron_8b-dj_adpt+qwen3_8b-dj_adpt,196.0,,3.1593995094299316
cl_optim,distilroberta-dj_adpt+mini_l12-dj_adpt+mini_l6-dj_adpt+gte_base-dj_adpt+gtr_t5-dj_adpt+mpnet-dj_adpt+kalm_instruct_v2_5-dj_adpt+qwen3_06b-dj_adpt+qwen3_4b-dj_adpt+kalm_gemma3_12b-dj_adpt+llama_nemotron_8b-dj_adpt+qwen3_8b-dj_adpt,196.0,3.0657901763916016,
cl_optim,distilroberta-dj_adpt+mini_l12-dj_adpt+mini_l6-dj_adpt+gte_base-dj_adpt+gtr_t5-dj_adpt+mpnet-dj_adpt+kalm_instruct_v2_5-dj_adpt+qwen3_06b-dj_adpt+qwen3_4b-dj_adpt+kalm_gemma3_12b-dj_adpt+llama_nemotron_8b-dj_adpt+qwen3_8b-dj_adpt,197.0,,3.159496545791626
cl_optim,distilroberta-dj_adpt+mini_l12-dj_adpt+mini_l6-dj_adpt+gte_base-dj_adpt+gtr_t5-dj_adpt+mpnet-dj_adpt+kalm_instruct_v2_5-dj_adpt+qwen3_06b-dj_adpt+qwen3_4b-dj_adpt+kalm_gemma3_12b-dj_adpt+llama_nemotron_8b-dj_adpt+qwen3_8b-dj_adpt,197.0,3.0659396648406982,
cl_optim,distilroberta-dj_adpt+mini_l12-dj_adpt+mini_l6-dj_adpt+gte_base-dj_adpt+gtr_t5-dj_adpt+mpnet-dj_adpt+kalm_instruct_v2_5-dj_adpt+qwen3_06b-dj_adpt+qwen3_4b-dj_adpt+kalm_gemma3_12b-dj_adpt+llama_nemotron_8b-dj_adpt+qwen3_8b-dj_adpt,198.0,,3.1594860553741455
cl_optim,distilroberta-dj_adpt+mini_l12-dj_adpt+mini_l6-dj_adpt+gte_base-dj_adpt+gtr_t5-dj_adpt+mpnet-dj_adpt+kalm_instruct_v2_5-dj_adpt+qwen3_06b-dj_adpt+qwen3_4b-dj_adpt+kalm_gemma3_12b-dj_adpt+llama_nemotron_8b-dj_adpt+qwen3_8b-dj_adpt,198.0,3.0663256645202637,
cl_optim,distilroberta-dj_adpt+mini_l12-dj_adpt+mini_l6-dj_adpt+gte_base-dj_adpt+gtr_t5-dj_adpt+mpnet-dj_adpt+kalm_instruct_v2_5-dj_adpt+qwen3_06b-dj_adpt+qwen3_4b-dj_adpt+kalm_gemma3_12b-dj_adpt+llama_nemotron_8b-dj_adpt+qwen3_8b-dj_adpt,199.0,,3.1595680713653564
cl_optim,distilroberta-dj_adpt+mini_l12-dj_adpt+mini_l6-dj_adpt+gte_base-dj_adpt+gtr_t5-dj_adpt+mpnet-dj_adpt+kalm_instruct_v2_5-dj_adpt+qwen3_06b-dj_adpt+qwen3_4b-dj_adpt+kalm_gemma3_12b-dj_adpt+llama_nemotron_8b-dj_adpt+qwen3_8b-dj_adpt,199.0,3.0663325786590576,
